Sample in Buffer,Sample in Window,TRIGGER,design_2_i/probe0,design_2_i/probe1,design_2_i/vcsel_top_0_current_data_b[13:0],design_2_i/xlslice_0_Dout[13:0],design_2_i/vcsel_top_0_current_data1[13:0],design_2_i/vcsel_top_0_vcsel_tdata[13:0],design_2_i/vcsel_top_0_p_static_data[13:0],design_2_i/vcsel_conv_0_dac_data[31:0]
Radix - UNSIGNED,UNSIGNED,UNSIGNED,HEX,HEX,UNSIGNED,UNSIGNED,UNSIGNED,UNSIGNED,SIGNED,UNSIGNED
0,0,0,0,0,3014,16238,3012,5011,5012,1040
1,1,0,0,0,3014,16238,3012,5011,5012,22942
2,2,0,0,0,3014,16238,3012,5012,5012,31736
3,3,0,0,0,3014,16234,3012,5011,5012,836
4,4,0,0,0,3014,16234,3012,5011,5012,20834
5,5,0,0,0,3014,16234,3012,5012,5012,22320
6,6,0,0,0,3014,16234,3012,5011,5012,1840
7,7,0,0,0,3014,16234,3012,5011,5012,3884
8,8,0,0,0,3014,16234,3012,5012,5012,22364
9,9,0,0,0,3014,16234,3012,5011,5012,23600
10,10,0,0,0,3014,16234,3012,5011,5012,20970
11,11,0,0,0,3014,16236,3012,5012,5012,20752
12,12,0,0,0,3014,16236,3012,5011,5012,22248
13,13,0,0,0,3014,16236,3012,5011,5012,24280
14,14,0,0,0,3014,16236,3012,5012,5012,3574
15,15,0,0,0,3014,16238,3012,5011,5012,3086
16,16,0,0,0,3014,16238,3012,5011,5012,3818
17,17,0,0,0,3014,16238,3012,5012,5012,21144
18,18,0,0,0,3014,16238,3012,5011,5012,712
19,19,0,0,0,3014,16236,3012,5011,5012,428
20,20,0,0,0,3014,16236,3012,5012,5012,3280
21,21,0,0,0,3014,16236,3012,5011,5012,3420
22,22,0,0,0,3014,16236,3012,5011,5012,31846
23,23,0,0,0,3014,16230,3012,5012,5012,3138
24,24,0,0,0,3014,16230,3012,5011,5012,712
25,25,0,0,0,3014,16230,3012,5011,5012,3122
26,26,0,0,0,3014,16230,3012,5012,5012,20866
27,27,0,0,0,3014,16234,3012,5011,5012,1406
28,28,0,0,0,3014,16234,3012,5011,5012,21850
29,29,0,0,0,3014,16234,3012,5012,5012,2288
30,30,0,0,0,3014,16234,3012,5011,5012,22634
31,31,0,0,0,3014,56,3012,5011,5012,2340
32,32,0,0,0,2003,56,3012,5012,5012,22194
33,33,0,0,0,2003,56,2759,5011,5012,856
34,34,0,0,0,2003,56,2570,5011,4759,21490
35,35,0,0,0,2003,50,2428,5012,4570,21658
36,36,0,0,0,2003,50,2321,5011,4428,24334
37,37,0,0,0,2003,50,2241,4955,4321,2196
38,38,0,0,0,2003,50,2181,4802,4241,990
39,39,0,0,0,2003,48,2136,4631,4181,25722
40,40,0,0,0,2003,48,2102,4480,4136,22780
41,41,0,0,0,2003,48,2077,4336,4102,24290
42,42,0,0,0,2003,48,2058,4239,4077,2054
43,43,0,0,0,2003,48,2044,4173,4058,13544
44,44,0,0,0,2003,48,2033,4118,4044,27488
45,45,0,0,0,2003,48,2025,4090,4033,23602
46,46,0,0,0,2003,48,2019,4069,4025,13622
47,47,0,0,0,2003,46,2015,4049,4019,13776
48,48,0,0,0,2002,46,2012,4041,4015,13030
49,49,0,0,0,2002,46,2009,4031,4012,27926
50,50,0,0,0,2002,46,2007,4022,4009,26154
51,51,0,0,0,2002,52,2005,4019,4007,26944
52,52,0,0,0,2003,52,2004,4014,4005,16202
53,53,0,0,0,2003,52,2003,4010,4004,13348
54,54,0,0,0,2003,52,2003,4009,4003,27366
55,55,0,0,0,2003,54,2003,4006,4003,28460
56,56,0,0,0,2003,54,2003,4004,4003,15644
57,57,0,0,0,2003,54,2003,4004,4003,27624
58,58,0,0,0,2003,54,2003,4002,4003,25694
59,59,0,0,0,2003,52,2003,4002,4003,15154
60,60,0,0,0,2003,52,2003,4003,4003,22108
61,61,0,0,0,2003,52,2003,4002,4003,13446
62,62,0,0,0,2003,52,2003,4002,4003,17360
63,63,0,0,0,2003,48,2003,4003,4003,26268
64,64,0,0,0,2003,48,2003,4002,4003,27956
65,65,0,0,0,2003,48,2003,4002,4003,28400
66,66,0,0,0,2003,48,2003,4003,4003,13898
67,67,0,0,0,2003,58,2003,4002,4003,14188
68,68,0,0,0,2003,58,2003,4002,4003,24454
69,69,0,0,0,2003,58,2003,4003,4003,26064
70,70,0,0,0,2003,58,2003,4002,4003,14072
71,71,0,0,0,2003,16226,2003,4002,4003,13844
72,72,0,0,0,3014,16226,2003,4003,4003,13836
73,73,0,0,0,3014,16226,2255,4002,4003,28422
74,74,0,0,0,3014,16226,2444,4002,4255,12656
75,75,0,0,0,3014,16228,2586,4003,4444,28656
76,76,0,0,0,3014,16228,2693,4002,4586,28612
77,77,0,0,0,3014,16228,2773,4058,4693,17208
78,78,0,0,0,3014,16228,2833,4212,4773,26784
79,79,0,0,0,3014,16234,2878,4382,4833,24798
80,80,0,0,0,3014,16234,2912,4533,4878,27848
81,81,0,0,0,3014,16234,2937,4677,4912,28560
82,82,0,0,0,3014,16234,2956,4774,4937,14662
83,83,0,0,0,3014,16234,2970,4840,4956,106
84,84,0,0,0,3014,16234,2981,4895,4970,1152
85,85,0,0,0,3014,16234,2989,4923,4981,24258
86,86,0,0,0,3014,16234,2995,4944,4989,24702
87,87,0,0,0,3014,16240,2999,4964,4995,24480
88,88,0,0,0,3015,16240,3002,4972,4999,1560
89,89,0,0,0,3015,16240,3005,4982,5002,20558
90,90,0,0,0,3015,16240,3007,4991,5005,596
91,91,0,0,0,3015,54,3009,4994,5007,21474
92,92,0,0,0,2003,54,3010,4999,5009,2634
93,93,0,0,0,2003,54,2758,5003,5010,24120
94,94,0,0,0,2003,54,2569,5004,4758,21006
95,95,0,0,0,2003,56,2427,5007,4569,2156
96,96,0,0,0,2003,56,2321,5009,4427,574
97,97,0,0,0,2003,56,2241,4953,4321,26092
98,98,0,0,0,2003,56,2181,4801,4241,29056
99,99,0,0,0,2003,42,2136,4631,4181,1054
100,100,0,0,0,2002,42,2102,4479,4136,27258
101,101,0,0,0,2002,42,2077,4336,4102,1264
102,102,0,0,0,2002,42,2058,4239,4077,22136
103,103,0,0,0,2002,52,2044,4173,4058,12712
104,104,0,0,0,2003,52,2033,4118,4044,18684
105,105,0,0,0,2003,52,2025,4090,4033,26880
106,106,0,0,0,2003,52,2019,4069,4025,28556
107,107,0,0,0,2003,50,2015,4049,4019,26806
108,108,0,0,0,2003,50,2012,4041,4015,12956
109,109,0,0,0,2003,50,2009,4031,4012,27594
110,110,0,0,0,2003,50,2007,4022,4009,26908
111,111,0,0,0,2003,16234,2006,4019,4007,14072
112,112,0,0,0,3014,16234,2005,4014,4006,13692
113,113,0,0,0,3014,16234,2257,4010,4005,17342
114,114,0,0,0,3014,16234,2446,4009,4257,14400
115,115,0,0,0,3014,16236,2588,4006,4446,14386
116,116,0,0,0,3014,16236,2694,4005,4588,23284
117,117,0,0,0,3014,16236,2774,4061,4694,13938
118,118,0,0,0,3014,16236,2834,4213,4774,12764
119,119,0,0,0,3014,16234,2879,4384,4834,15402
120,120,0,0,0,3014,16234,2912,4535,4879,27240
121,121,0,0,0,3014,16234,2937,4677,4912,23972
122,122,0,0,0,3014,16234,2956,4775,4937,15798
123,123,0,0,0,3014,16234,2970,4841,4956,2106
124,124,0,0,0,3014,16234,2981,4895,4970,20722
125,125,0,0,0,3014,16234,2989,4923,4981,2150
126,126,0,0,0,3014,16234,2995,4944,4989,3528
127,127,0,0,0,3014,16234,2999,4963,4995,20792
128,128,0,0,0,3014,16234,3002,4972,4999,1440
129,129,0,0,0,3014,16234,3005,4982,5002,21032
130,130,0,0,0,3014,16234,3007,4991,5005,22692
131,131,0,0,0,3014,16234,3008,4994,5007,2178
132,132,0,0,0,3014,16234,3009,4999,5008,3966
133,133,0,0,0,3014,16234,3010,5003,5009,3010
134,134,0,0,0,3014,16234,3011,5004,5010,2864
135,135,0,0,0,3014,16234,3011,5007,5011,3080
136,136,0,0,0,3014,16234,3011,5008,5011,23638
137,137,0,0,0,3014,16234,3011,5008,5011,772
138,138,0,0,0,3014,16234,3011,5010,5011,20724
139,139,0,0,0,3014,16228,3011,5010,5011,20572
140,140,0,0,0,3014,16228,3011,5010,5011,22502
141,141,0,0,0,3014,16228,3011,5011,5011,3440
142,142,0,0,0,3014,16228,3011,5010,5011,2760
143,143,0,0,0,3014,16230,3011,5010,5011,3628
144,144,0,0,0,3014,16230,3011,5011,5011,350
145,145,0,0,0,3014,16230,3011,5010,5011,23112
146,146,0,0,0,3014,16230,3011,5010,5011,21500
147,147,0,0,0,3014,16226,3011,5011,5011,20528
148,148,0,0,0,3014,16226,3011,5010,5011,31098
149,149,0,0,0,3014,16226,3011,5010,5011,2788
150,150,0,0,0,3014,16226,3011,5011,5011,2510
151,151,0,0,0,3014,50,3011,5010,5011,20588
152,152,0,0,0,2003,50,3011,5010,5011,3252
153,153,0,0,0,2003,50,2759,5011,5011,21020
154,154,0,0,0,2003,50,2570,5010,4759,21328
155,155,0,0,0,2003,54,2428,5010,4570,21794
156,156,0,0,0,2003,54,2321,5011,4428,23192
157,157,0,0,0,2003,54,2241,4954,4321,32448
158,158,0,0,0,2003,54,2181,4802,4241,25974
159,159,0,0,0,2003,52,2136,4631,4181,22646
160,160,0,0,0,2003,52,2102,4479,4136,21706
161,161,0,0,0,2003,52,2077,4337,4102,1754
162,162,0,0,0,2003,52,2058,4239,4077,1784
163,163,0,0,0,2003,54,2044,4173,4058,13088
164,164,0,0,0,2003,54,2033,4119,4044,26424
165,165,0,0,0,2003,54,2025,4090,4033,27328
166,166,0,0,0,2003,54,2019,4069,4025,15026
167,167,0,0,0,2003,44,2015,4050,4019,13180
168,168,0,0,0,2002,44,2012,4041,4015,27884
169,169,0,0,0,2002,44,2009,4031,4012,15614
170,170,0,0,0,2002,44,2007,4022,4009,26968
171,171,0,0,0,2002,16232,2005,4019,4007,12710
172,172,0,0,0,3014,16232,2004,4014,4005,24180
173,173,0,0,0,3014,16232,2256,4010,4004,15244
174,174,0,0,0,3014,16232,2445,4009,4256,13370
175,175,0,0,0,3014,16228,2587,4006,4445,16638
176,176,0,0,0,3014,16228,2693,4004,4587,15298
177,177,0,0,0,3014,16228,2773,4060,4693,26248
178,178,0,0,0,3014,16228,2833,4212,4773,26596
179,179,0,0,0,3014,16228,2878,4382,4833,14736
180,180,0,0,0,3014,16228,2912,4534,4878,19752
181,181,0,0,0,3014,16228,2937,4676,4912,24342
182,182,0,0,0,3014,16228,2956,4774,4937,27412
183,183,0,0,0,3014,16234,2970,4840,4956,2878
184,184,0,0,0,3014,16234,2981,4894,4970,1492
185,185,0,0,0,3014,16234,2989,4923,4981,3392
186,186,0,0,0,3014,16234,2995,4944,4989,28956
187,187,0,0,0,3014,16228,2999,4963,4995,31754
188,188,0,0,0,3014,16228,3002,4972,4999,22984
189,189,0,0,0,3014,16228,3005,4982,5002,2270
190,190,0,0,0,3014,16228,3007,4991,5005,23696
191,191,0,0,0,3014,16234,3008,4994,5007,22358
192,192,0,0,0,3014,16234,3009,4999,5008,22826
193,193,0,0,0,3014,16234,3010,5003,5009,23860
194,194,0,0,0,3014,16234,3011,5004,5010,3464
195,195,0,0,0,3014,16226,3011,5007,5011,2362
196,196,0,0,0,3014,16226,3011,5008,5011,2616
197,197,0,0,0,3014,16226,3011,5008,5011,3530
198,198,0,0,0,3014,16226,3011,5010,5011,1304
199,199,0,0,0,3014,16230,3011,5010,5011,23742
200,200,0,0,0,3014,16230,3011,5010,5011,2918
201,201,0,0,0,3014,16230,3011,5011,5011,3894
202,202,0,0,0,3014,16230,3011,5010,5011,604
203,203,0,0,0,3014,16238,3011,5010,5011,23638
204,204,0,0,0,3014,16238,3011,5011,5011,22506
205,205,0,0,0,3014,16238,3011,5010,5011,3768
206,206,0,0,0,3014,16238,3011,5010,5011,2782
207,207,0,0,0,3014,16230,3011,5011,5011,1186
208,208,0,0,0,3014,16230,3011,5010,5011,23534
209,209,0,0,0,3014,16230,3011,5010,5011,20670
210,210,0,0,0,3014,16230,3011,5011,5011,2398
211,211,0,0,0,3014,48,3011,5010,5011,24264
212,212,0,0,0,2003,48,3011,5010,5011,22014
213,213,0,0,0,2003,48,2759,5011,5011,3488
214,214,0,0,0,2003,48,2570,5010,4759,21126
215,215,0,0,0,2003,54,2428,5010,4570,22586
216,216,0,0,0,2003,54,2321,5011,4428,2080
217,217,0,0,0,2003,54,2241,4954,4321,20538
218,218,0,0,0,2003,54,2181,4802,4241,32738
219,219,0,0,0,2003,58,2136,4631,4181,746
220,220,0,0,0,2003,58,2102,4479,4136,24378
221,221,0,0,0,2003,58,2077,4337,4102,22354
222,222,0,0,0,2003,58,2058,4239,4077,682
223,223,0,0,0,2003,52,2044,4173,4058,12748
224,224,0,0,0,2003,52,2033,4119,4044,14568
225,225,0,0,0,2003,52,2025,4090,4033,12492
226,226,0,0,0,2003,52,2019,4069,4025,13634
227,227,0,0,0,2003,50,2015,4050,4019,13858
228,228,0,0,0,2003,50,2012,4041,4015,13868
229,229,0,0,0,2003,50,2009,4031,4012,16866
230,230,0,0,0,2003,50,2007,4022,4009,28612
231,231,0,0,0,2003,16232,2006,4019,4007,13802
232,232,0,0,0,3014,16232,2005,4014,4006,14290
233,233,0,0,0,3014,16232,2257,4010,4005,17104
234,234,0,0,0,3014,16232,2446,4009,4257,26798
235,235,0,0,0,3014,16240,2588,4006,4446,26512
236,236,0,0,0,3015,16240,2694,4005,4588,12720
237,237,0,0,0,3015,16240,2774,4061,4694,14780
238,238,0,0,0,3015,16240,2834,4213,4774,28078
239,239,0,0,0,3015,16220,2879,4384,4834,24614
240,240,0,0,0,3013,16220,2913,4535,4879,12646
241,241,0,0,0,3013,16220,2938,4677,4913,23484
242,242,0,0,0,3013,16220,2956,4775,4938,26628
243,243,0,0,0,3013,16232,2970,4841,4956,1940
244,244,0,0,0,3014,16232,2980,4895,4970,24316
245,245,0,0,0,3014,16232,2988,4924,4980,32472
246,246,0,0,0,3014,16232,2994,4944,4988,21098
247,247,0,0,0,3014,16228,2999,4964,4994,3112
248,248,0,0,0,3014,16228,3002,4972,4999,3544
249,249,0,0,0,3014,16228,3005,4981,5002,3500
250,250,0,0,0,3014,16228,3007,4990,5005,3200
251,251,0,0,0,3014,60,3008,4993,5007,612
252,252,0,0,0,2003,60,3009,4999,5008,3062
253,253,0,0,0,2003,60,2757,5003,5009,31574
254,254,0,0,0,2003,60,2568,5004,4757,3752
255,255,0,0,0,2003,56,2426,5007,4568,3840
256,256,0,0,0,2003,56,2320,5008,4426,21146
257,257,0,0,0,2003,56,2240,4952,4320,25136
258,258,0,0,0,2003,56,2180,4800,4240,21068
259,259,0,0,0,2003,46,2135,4629,4180,21364
260,260,0,0,0,2002,46,2102,4478,4135,2990
261,261,0,0,0,2002,46,2077,4335,4102,1982
262,262,0,0,0,2002,46,2058,4238,4077,25378
263,263,0,0,0,2002,52,2044,4172,4058,17094
264,264,0,0,0,2003,52,2033,4118,4044,24932
265,265,0,0,0,2003,52,2025,4090,4033,28140
266,266,0,0,0,2003,52,2019,4069,4025,13146
267,267,0,0,0,2003,42,2015,4049,4019,14604
268,268,0,0,0,2002,42,2012,4041,4015,13442
269,269,0,0,0,2002,42,2009,4031,4012,28710
270,270,0,0,0,2002,42,2007,4022,4009,13450
271,271,0,0,0,2002,50,2005,4019,4007,27472
272,272,0,0,0,2003,50,2004,4014,4005,12946
273,273,0,0,0,2003,50,2003,4010,4004,24422
274,274,0,0,0,2003,50,2003,4009,4003,12618
275,275,0,0,0,2003,52,2003,4006,4003,28190
276,276,0,0,0,2003,52,2003,4004,4003,27650
277,277,0,0,0,2003,52,2003,4004,4003,15416
278,278,0,0,0,2003,52,2003,4002,4003,13284
279,279,0,0,0,2003,56,2003,4002,4003,26752
280,280,0,0,0,2003,56,2003,4003,4003,28020
281,281,0,0,0,2003,56,2003,4002,4003,14720
282,282,0,0,0,2003,56,2003,4002,4003,12412
283,283,0,0,0,2003,52,2003,4003,4003,14150
284,284,0,0,0,2003,52,2003,4002,4003,12926
285,285,0,0,0,2003,52,2003,4002,4003,28756
286,286,0,0,0,2003,52,2003,4003,4003,28004
287,287,0,0,0,2003,50,2003,4002,4003,13150
288,288,0,0,0,2003,50,2003,4002,4003,25752
289,289,0,0,0,2003,50,2003,4003,4003,15218
290,290,0,0,0,2003,50,2003,4002,4003,14132
291,291,0,0,0,2003,60,2003,4002,4003,12842
292,292,0,0,0,2003,60,2003,4003,4003,25510
293,293,0,0,0,2003,60,2003,4002,4003,25172
294,294,0,0,0,2003,60,2003,4002,4003,28326
295,295,0,0,0,2003,54,2003,4003,4003,25684
296,296,0,0,0,2003,54,2003,4002,4003,28388
297,297,0,0,0,2003,54,2003,4002,4003,28454
298,298,0,0,0,2003,54,2003,4003,4003,28750
299,299,0,0,0,2003,46,2003,4002,4003,18850
300,300,0,0,0,2002,46,2003,4002,4003,12462
301,301,0,0,0,2002,46,2002,4003,4003,12738
302,302,0,0,0,2002,46,2002,4002,4002,25292
303,303,0,0,0,2002,46,2002,4002,4002,12772
304,304,0,0,0,2002,46,2002,4003,4002,23198
305,305,0,0,0,2002,46,2002,4002,4002,15320
306,306,0,0,0,2002,46,2002,4002,4002,21024
307,307,0,0,0,2002,54,2002,4002,4002,26416
308,308,0,0,0,2003,54,2002,4001,4002,26700
309,309,0,0,0,2003,54,2002,4002,4002,27550
310,310,0,0,0,2003,54,2002,4002,4002,14112
311,311,0,0,0,2003,54,2002,4001,4002,27254
312,312,0,0,0,2003,54,2002,4002,4002,18794
313,313,0,0,0,2003,54,2002,4002,4002,14620
314,314,0,0,0,2003,54,2002,4001,4002,27016
315,315,0,0,0,2003,56,2002,4002,4002,27590
316,316,0,0,0,2003,56,2002,4002,4002,27042
317,317,0,0,0,2003,56,2002,4001,4002,28530
318,318,0,0,0,2003,56,2002,4002,4002,16080
319,319,0,0,0,2003,56,2002,4002,4002,12898
320,320,0,0,0,2003,56,2002,4001,4002,15362
321,321,0,0,0,2003,56,2002,4002,4002,28432
322,322,0,0,0,2003,56,2002,4002,4002,18114
323,323,0,0,0,2003,50,2002,4001,4002,24082
324,324,0,0,0,2003,50,2002,4002,4002,15876
325,325,0,0,0,2003,50,2002,4002,4002,13446
326,326,0,0,0,2003,50,2002,4001,4002,12800
327,327,0,0,0,2003,52,2002,4002,4002,27158
328,328,0,0,0,2003,52,2002,4002,4002,28134
329,329,0,0,0,2003,52,2002,4001,4002,27654
330,330,0,0,0,2003,52,2002,4002,4002,19798
331,331,0,0,0,2003,58,2002,4002,4002,14138
332,332,0,0,0,2003,58,2002,4001,4002,14816
333,333,0,0,0,2003,58,2002,4002,4002,27212
334,334,0,0,0,2003,58,2002,4002,4002,12584
335,335,0,0,0,2003,56,2002,4001,4002,13230
336,336,0,0,0,2003,56,2002,4002,4002,13862
337,337,0,0,0,2003,56,2002,4002,4002,27894
338,338,0,0,0,2003,56,2002,4001,4002,26170
339,339,0,0,0,2003,54,2002,4002,4002,13062
340,340,0,0,0,2003,54,2002,4002,4002,27680
341,341,0,0,0,2003,54,2002,4001,4002,27760
342,342,0,0,0,2003,54,2002,4002,4002,25804
343,343,0,0,0,2003,54,2002,4002,4002,16918
344,344,0,0,0,2003,54,2002,4001,4002,22824
345,345,0,0,0,2003,54,2002,4002,4002,25324
346,346,0,0,0,2003,54,2002,4002,4002,14640
347,347,0,0,0,2003,50,2002,4001,4002,27492
348,348,0,0,0,2003,50,2002,4002,4002,12548
349,349,0,0,0,2003,50,2002,4002,4002,28480
350,350,0,0,0,2003,50,2002,4001,4002,25510
351,351,0,0,0,2003,16228,2002,4002,4002,28080
352,352,0,0,0,3014,16228,2002,4002,4002,14856
353,353,0,0,0,3014,16228,2255,4001,4002,14180
354,354,0,0,0,3014,16228,2444,4002,4255,14006
355,355,0,0,0,3014,16236,2586,4002,4444,14578
356,356,0,0,0,3014,16236,2693,4001,4586,13088
357,357,0,0,0,3014,16236,2773,4058,4693,16718
358,358,0,0,0,3014,16236,2833,4211,4773,14270
359,359,0,0,0,3014,16234,2878,4381,4833,12386
360,360,0,0,0,3014,16234,2912,4534,4878,27812
361,361,0,0,0,3014,16234,2937,4676,4912,24402
362,362,0,0,0,3014,16234,2956,4773,4937,25164
363,363,0,0,0,3014,16238,2970,4840,4956,20588
364,364,0,0,0,3014,16238,2981,4894,4970,22936
365,365,0,0,0,3014,16238,2989,4922,4981,27302
366,366,0,0,0,3014,16238,2995,4944,4989,3144
367,367,0,0,0,3014,16230,2999,4963,4995,1880
368,368,0,0,0,3014,16230,3002,4972,4999,444
369,369,0,0,0,3014,16230,3005,4982,5002,3950
370,370,0,0,0,3014,16230,3007,4991,5005,24622
371,371,0,0,0,3014,16226,3008,4994,5007,22048
372,372,0,0,0,3014,16226,3009,4999,5008,3084
373,373,0,0,0,3014,16226,3010,5003,5009,20600
374,374,0,0,0,3014,16226,3011,5004,5010,3020
375,375,0,0,0,3014,16230,3011,5007,5011,32758
376,376,0,0,0,3014,16230,3011,5008,5011,2548
377,377,0,0,0,3014,16230,3011,5008,5011,20436
378,378,0,0,0,3014,16230,3011,5010,5011,1468
379,379,0,0,0,3014,16232,3011,5010,5011,21848
380,380,0,0,0,3014,16232,3011,5010,5011,21518
381,381,0,0,0,3014,16232,3011,5011,5011,21048
382,382,0,0,0,3014,16232,3011,5010,5011,20554
383,383,0,0,0,3014,16226,3011,5010,5011,1816
384,384,0,0,0,3014,16226,3011,5011,5011,2992
385,385,0,0,0,3014,16226,3011,5010,5011,30964
386,386,0,0,0,3014,16226,3011,5010,5011,2008
387,387,0,0,0,3014,16238,3011,5011,5011,21692
388,388,0,0,0,3014,16238,3011,5010,5011,1050
389,389,0,0,0,3014,16238,3011,5010,5011,23066
390,390,0,0,0,3014,16238,3011,5011,5011,3410
391,391,0,0,0,3014,52,3011,5010,5011,444
392,392,0,0,0,2003,52,3011,5010,5011,21486
393,393,0,0,0,2003,52,2759,5011,5011,1704
394,394,0,0,0,2003,52,2570,5010,4759,3550
395,395,0,0,0,2003,48,2428,5010,4570,22180
396,396,0,0,0,2003,48,2321,5011,4428,21634
397,397,0,0,0,2003,48,2241,4954,4321,1356
398,398,0,0,0,2003,48,2181,4802,4241,31860
399,399,0,0,0,2003,52,2136,4631,4181,3422
400,400,0,0,0,2003,52,2102,4479,4136,20480
401,401,0,0,0,2003,52,2077,4337,4102,28944
402,402,0,0,0,2003,52,2058,4239,4077,3200
403,403,0,0,0,2003,46,2044,4173,4058,22764
404,404,0,0,0,2002,46,2033,4119,4044,15326
405,405,0,0,0,2002,46,2025,4090,4033,16396
406,406,0,0,0,2002,46,2019,4069,4025,27608
407,407,0,0,0,2002,48,2014,4050,4019,27842
408,408,0,0,0,2003,48,2011,4041,4014,14678
409,409,0,0,0,2003,48,2009,4031,4011,15772
410,410,0,0,0,2003,48,2007,4022,4009,12460
411,411,0,0,0,2003,48,2006,4019,4007,26598
412,412,0,0,0,2003,48,2005,4013,4006,13232
413,413,0,0,0,2003,48,2004,4009,4005,18412
414,414,0,0,0,2003,48,2003,4009,4004,27580
415,415,0,0,0,2003,52,2003,4006,4003,13280
416,416,0,0,0,2003,52,2003,4005,4003,13278
417,417,0,0,0,2003,52,2003,4005,4003,28646
418,418,0,0,0,2003,52,2003,4003,4003,15422
419,419,0,0,0,2003,48,2003,4003,4003,28150
420,420,0,0,0,2003,48,2003,4003,4003,13774
421,421,0,0,0,2003,48,2003,4002,4003,12738
422,422,0,0,0,2003,48,2003,4003,4003,17748
423,423,0,0,0,2003,58,2003,4003,4003,27006
424,424,0,0,0,2003,58,2003,4002,4003,13632
425,425,0,0,0,2003,58,2003,4003,4003,25924
426,426,0,0,0,2003,58,2003,4003,4003,14600
427,427,0,0,0,2003,44,2003,4002,4003,21936
428,428,0,0,0,2002,44,2003,4003,4003,15818
429,429,0,0,0,2002,44,2002,4003,4003,27568
430,430,0,0,0,2002,44,2002,4002,4002,26592
431,431,0,0,0,2002,16226,2002,4003,4002,26816
432,432,0,0,0,3014,16226,2002,4003,4002,12694
433,433,0,0,0,3014,16226,2255,4002,4002,26624
434,434,0,0,0,3014,16226,2444,4002,4255,13312
435,435,0,0,0,3014,16232,2586,4002,4444,26760
436,436,0,0,0,3014,16232,2693,4001,4586,12844
437,437,0,0,0,3014,16232,2773,4057,4693,27616
438,438,0,0,0,3014,16232,2833,4211,4773,26386
439,439,0,0,0,3014,16236,2878,4381,4833,12770
440,440,0,0,0,3014,16236,2912,4533,4878,14008
441,441,0,0,0,3014,16236,2937,4677,4912,12590
442,442,0,0,0,3014,16236,2956,4773,4937,25992
443,443,0,0,0,3014,16230,2970,4840,4956,21012
444,444,0,0,0,3014,16230,2981,4895,4970,27382
445,445,0,0,0,3014,16230,2989,4922,4981,23378
446,446,0,0,0,3014,16230,2995,4944,4989,2824
447,447,0,0,0,3014,16232,2999,4964,4995,1810
448,448,0,0,0,3014,16232,3002,4971,4999,32232
449,449,0,0,0,3014,16232,3005,4982,5002,21914
450,450,0,0,0,3014,16232,3007,4991,5005,21906
451,451,0,0,0,3014,16230,3008,4993,5007,3646
452,452,0,0,0,3014,16230,3009,5000,5008,3900
453,453,0,0,0,3014,16230,3010,5003,5009,26174
454,454,0,0,0,3014,16230,3011,5003,5010,21274
455,455,0,0,0,3014,16234,3011,5008,5011,2836
456,456,0,0,0,3014,16234,3011,5008,5011,25212
457,457,0,0,0,3014,16234,3011,5008,5011,22912
458,458,0,0,0,3014,16234,3011,5011,5011,32440
459,459,0,0,0,3014,16234,3011,5010,5011,3724
460,460,0,0,0,3014,16234,3011,5010,5011,24034
461,461,0,0,0,3014,16234,3011,5011,5011,21150
462,462,0,0,0,3014,16234,3011,5010,5011,20764
463,463,0,0,0,3014,16234,3011,5010,5011,22826
464,464,0,0,0,3014,16234,3011,5011,5011,490
465,465,0,0,0,3014,16234,3011,5010,5011,2074
466,466,0,0,0,3014,16234,3011,5010,5011,24006
467,467,0,0,0,3014,16238,3011,5011,5011,21784
468,468,0,0,0,3014,16238,3011,5010,5011,3626
469,469,0,0,0,3014,16238,3011,5010,5011,3060
470,470,0,0,0,3014,16238,3011,5011,5011,31840
471,471,0,0,0,3014,50,3011,5010,5011,3848
472,472,0,0,0,2003,50,3011,5010,5011,2460
473,473,0,0,0,2003,50,2759,5011,5011,2342
474,474,0,0,0,2003,50,2570,5010,4759,3370
475,475,0,0,0,2003,56,2428,5010,4570,20508
476,476,0,0,0,2003,56,2321,5011,4428,3010
477,477,0,0,0,2003,56,2241,4954,4321,20932
478,478,0,0,0,2003,56,2181,4802,4241,2282
479,479,0,0,0,2003,52,2136,4631,4181,22134
480,480,0,0,0,2003,52,2102,4479,4136,2048
481,481,0,0,0,2003,52,2077,4337,4102,1560
482,482,0,0,0,2003,52,2058,4239,4077,3188
483,483,0,0,0,2003,50,2044,4173,4058,24562
484,484,0,0,0,2003,50,2033,4119,4044,27354
485,485,0,0,0,2003,50,2025,4090,4033,23268
486,486,0,0,0,2003,50,2019,4069,4025,15332
487,487,0,0,0,2003,50,2015,4050,4019,13238
488,488,0,0,0,2003,50,2012,4041,4015,12494
489,489,0,0,0,2003,50,2009,4031,4012,26870
490,490,0,0,0,2003,50,2007,4022,4009,15664
491,491,0,0,0,2003,16224,2006,4019,4007,12690
492,492,0,0,0,3014,16224,2005,4014,4006,16470
493,493,0,0,0,3014,16224,2257,4010,4005,23940
494,494,0,0,0,3014,16224,2446,4009,4257,15940
495,495,0,0,0,3014,16228,2588,4006,4446,27374
496,496,0,0,0,3014,16228,2694,4005,4588,14552
497,497,0,0,0,3014,16228,2774,4061,4694,28278
498,498,0,0,0,3014,16228,2834,4213,4774,16178
499,499,0,0,0,3014,16232,2879,4384,4834,16252
500,500,0,0,0,3014,16232,2912,4535,4879,15674
501,501,0,0,0,3014,16232,2937,4677,4912,16702
502,502,0,0,0,3014,16232,2956,4775,4937,24040
503,503,0,0,0,3014,16230,2970,4841,4956,20414
504,504,0,0,0,3014,16230,2981,4895,4970,2838
505,505,0,0,0,3014,16230,2989,4923,4981,110
506,506,0,0,0,3014,16230,2995,4944,4989,3046
507,507,0,0,0,3014,16234,2999,4963,4995,3580
508,508,0,0,0,3014,16234,3002,4972,4999,25258
509,509,0,0,0,3014,16234,3005,4982,5002,2916
510,510,0,0,0,3014,16234,3007,4991,5005,22418
511,511,0,0,0,3014,62,3008,4994,5007,20630
512,512,0,0,0,2003,62,3009,4999,5008,606
513,513,0,0,0,2003,62,2757,5003,5009,22784
514,514,0,0,0,2003,62,2568,5004,4757,32520
515,515,0,0,0,2003,50,2426,5007,4568,21458
516,516,0,0,0,2003,50,2320,5008,4426,27456
517,517,0,0,0,2003,50,2240,4952,4320,2376
518,518,0,0,0,2003,50,2180,4800,4240,22862
519,519,0,0,0,2003,50,2135,4629,4180,21082
520,520,0,0,0,2003,50,2102,4478,4135,754
521,521,0,0,0,2003,50,2077,4335,4102,3694
522,522,0,0,0,2003,50,2058,4238,4077,3098
523,523,0,0,0,2003,54,2044,4172,4058,13836
524,524,0,0,0,2003,54,2033,4118,4044,16040
525,525,0,0,0,2003,54,2025,4090,4033,15270
526,526,0,0,0,2003,54,2019,4069,4025,27336
527,527,0,0,0,2003,52,2015,4049,4019,27942
528,528,0,0,0,2003,52,2012,4041,4015,28020
529,529,0,0,0,2003,52,2009,4031,4012,13086
530,530,0,0,0,2003,52,2007,4022,4009,14002
531,531,0,0,0,2003,58,2006,4019,4007,14468
532,532,0,0,0,2003,58,2005,4014,4006,25408
533,533,0,0,0,2003,58,2004,4010,4005,26948
534,534,0,0,0,2003,58,2003,4009,4004,24708
535,535,0,0,0,2003,48,2003,4006,4003,24360
536,536,0,0,0,2003,48,2003,4005,4003,13752
537,537,0,0,0,2003,48,2003,4005,4003,25166
538,538,0,0,0,2003,48,2003,4003,4003,27756
539,539,0,0,0,2003,52,2003,4003,4003,27570
540,540,0,0,0,2003,52,2003,4003,4003,27518
541,541,0,0,0,2003,52,2003,4002,4003,28222
542,542,0,0,0,2003,52,2003,4003,4003,27930
543,543,0,0,0,2003,54,2003,4003,4003,26888
544,544,0,0,0,2003,54,2003,4002,4003,28358
545,545,0,0,0,2003,54,2003,4003,4003,28658
546,546,0,0,0,2003,54,2003,4003,4003,27440
547,547,0,0,0,2003,52,2003,4002,4003,28660
548,548,0,0,0,2003,52,2003,4003,4003,16706
549,549,0,0,0,2003,52,2003,4003,4003,26478
550,550,0,0,0,2003,52,2003,4002,4003,28606
551,551,0,0,0,2003,16234,2003,4003,4003,17326
552,552,0,0,0,3014,16234,2003,4003,4003,27092
553,553,0,0,0,3014,16234,2255,4002,4003,28380
554,554,0,0,0,3014,16234,2444,4003,4255,25222
555,555,0,0,0,3014,16230,2586,4003,4444,12812
556,556,0,0,0,3014,16230,2693,4002,4586,27838
557,557,0,0,0,3014,16230,2773,4058,4693,12806
558,558,0,0,0,3014,16230,2833,4211,4773,13860
559,559,0,0,0,3014,16234,2878,4382,4833,26834
560,560,0,0,0,3014,16234,2912,4533,4878,13322
561,561,0,0,0,3014,16234,2937,4676,4912,14016
562,562,0,0,0,3014,16234,2956,4774,4937,16900
563,563,0,0,0,3014,16230,2970,4840,4956,31348
564,564,0,0,0,3014,16230,2981,4894,4970,22476
565,565,0,0,0,3014,16230,2989,4923,4981,20524
566,566,0,0,0,3014,16230,2995,4944,4989,3414
567,567,0,0,0,3014,16230,2999,4963,4995,1552
568,568,0,0,0,3014,16230,3002,4972,4999,3130
569,569,0,0,0,3014,16230,3005,4982,5002,25874
570,570,0,0,0,3014,16230,3007,4991,5005,2874
571,571,0,0,0,3014,16230,3008,4994,5007,24956
572,572,0,0,0,3014,16230,3009,4999,5008,25378
573,573,0,0,0,3014,16230,3010,5003,5009,21366
574,574,0,0,0,3014,16230,3011,5004,5010,24906
575,575,0,0,0,3014,16230,3011,5007,5011,21634
576,576,0,0,0,3014,16230,3011,5008,5011,21396
577,577,0,0,0,3014,16230,3011,5008,5011,1908
578,578,0,0,0,3014,16230,3011,5010,5011,3710
579,579,0,0,0,3014,16236,3011,5010,5011,22826
580,580,0,0,0,3014,16236,3011,5010,5011,23706
581,581,0,0,0,3014,16236,3011,5011,5011,32534
582,582,0,0,0,3014,16236,3011,5010,5011,23772
583,583,0,0,0,3014,16224,3011,5010,5011,880
584,584,0,0,0,3014,16224,3011,5011,5011,760
585,585,0,0,0,3014,16224,3011,5010,5011,25252
586,586,0,0,0,3014,16224,3011,5010,5011,21792
587,587,0,0,0,3014,16234,3011,5011,5011,22878
588,588,0,0,0,3014,16234,3011,5010,5011,2516
589,589,0,0,0,3014,16234,3011,5010,5011,21340
590,590,0,0,0,3014,16234,3011,5011,5011,23652
591,591,0,0,0,3014,16232,3011,5010,5011,21774
592,592,0,0,0,3014,16232,3011,5010,5011,21312
593,593,0,0,0,3014,16232,3011,5011,5011,1644
594,594,0,0,0,3014,16232,3011,5010,5011,3992
595,595,0,0,0,3014,16232,3011,5010,5011,24618
596,596,0,0,0,3014,16232,3011,5011,5011,21140
597,597,0,0,0,3014,16232,3011,5010,5011,2352
598,598,0,0,0,3014,16232,3011,5010,5011,3956
599,599,0,0,0,3014,16238,3011,5011,5011,29436
600,600,0,0,0,3014,16238,3011,5010,5011,31846
601,601,0,0,0,3014,16238,3011,5010,5011,20384
602,602,0,0,0,3014,16238,3011,5011,5011,1618
603,603,0,0,0,3014,16234,3011,5010,5011,30990
604,604,0,0,0,3014,16234,3011,5010,5011,1668
605,605,0,0,0,3014,16234,3011,5011,5011,23474
606,606,0,0,0,3014,16234,3011,5010,5011,166
607,607,0,0,0,3014,16232,3011,5010,5011,24588
608,608,0,0,0,3014,16232,3011,5011,5011,24200
609,609,0,0,0,3014,16232,3011,5010,5011,21734
610,610,0,0,0,3014,16232,3011,5010,5011,1018
611,611,0,0,0,3014,54,3011,5011,5011,430
612,612,0,0,0,2003,54,3011,5010,5011,3644
613,613,0,0,0,2003,54,2759,5010,5011,3694
614,614,0,0,0,2003,54,2570,5011,4759,2414
615,615,0,0,0,2003,54,2428,5010,4570,3746
616,616,0,0,0,2003,54,2321,5010,4428,21664
617,617,0,0,0,2003,54,2241,4955,4321,3560
618,618,0,0,0,2003,54,2181,4801,4241,3162
619,619,0,0,0,2003,50,2136,4631,4181,21092
620,620,0,0,0,2003,50,2102,4480,4136,21734
621,621,0,0,0,2003,50,2077,4336,4102,21172
622,622,0,0,0,2003,50,2058,4239,4077,22214
623,623,0,0,0,2003,50,2044,4173,4058,14178
624,624,0,0,0,2003,50,2033,4118,4044,25550
625,625,0,0,0,2003,50,2025,4090,4033,13420
626,626,0,0,0,2003,50,2019,4069,4025,20114
627,627,0,0,0,2003,50,2015,4049,4019,15476
628,628,0,0,0,2003,50,2012,4041,4015,13346
629,629,0,0,0,2003,50,2009,4031,4012,14152
630,630,0,0,0,2003,50,2007,4022,4009,12618
631,631,0,0,0,2003,52,2006,4019,4007,27056
632,632,0,0,0,2003,52,2005,4014,4006,28368
633,633,0,0,0,2003,52,2004,4010,4005,28714
634,634,0,0,0,2003,52,2003,4009,4004,27320
635,635,0,0,0,2003,50,2003,4006,4003,13082
636,636,0,0,0,2003,50,2003,4005,4003,27148
637,637,0,0,0,2003,50,2003,4005,4003,27986
638,638,0,0,0,2003,50,2003,4003,4003,14158
639,639,0,0,0,2003,46,2003,4003,4003,25174
640,640,0,0,0,2002,46,2003,4003,4003,26164
641,641,0,0,0,2002,46,2002,4002,4003,13302
642,642,0,0,0,2002,46,2002,4003,4002,14854
643,643,0,0,0,2002,48,2002,4003,4002,12486
644,644,0,0,0,2003,48,2002,4002,4002,27890
645,645,0,0,0,2003,48,2002,4003,4002,15152
646,646,0,0,0,2003,48,2002,4002,4002,27456
647,647,0,0,0,2003,56,2002,4001,4002,14282
648,648,0,0,0,2003,56,2002,4002,4002,17328
649,649,0,0,0,2003,56,2002,4001,4002,13840
650,650,0,0,0,2003,56,2002,4001,4002,16174
651,651,0,0,0,2003,46,2002,4002,4002,27004
652,652,0,0,0,2002,46,2002,4001,4002,24902
653,653,0,0,0,2002,46,2002,4001,4002,14538
654,654,0,0,0,2002,46,2002,4002,4002,12858
655,655,0,0,0,2002,50,2002,4001,4002,14978
656,656,0,0,0,2003,50,2002,4001,4002,27992
657,657,0,0,0,2003,50,2002,4002,4002,28388
658,658,0,0,0,2003,50,2002,4001,4002,28396
659,659,0,0,0,2003,50,2002,4001,4002,15146
660,660,0,0,0,2003,50,2002,4002,4002,23584
661,661,0,0,0,2003,50,2002,4001,4002,27018
662,662,0,0,0,2003,50,2002,4001,4002,17346
663,663,0,0,0,2003,50,2002,4002,4002,19716
664,664,0,0,0,2003,50,2002,4001,4002,26994
665,665,0,0,0,2003,50,2002,4001,4002,22582
666,666,0,0,0,2003,50,2002,4002,4002,13848
667,667,0,0,0,2003,54,2002,4001,4002,14818
668,668,0,0,0,2003,54,2002,4001,4002,28288
669,669,0,0,0,2003,54,2002,4002,4002,13614
670,670,0,0,0,2003,54,2002,4001,4002,14344
671,671,0,0,0,2003,50,2002,4001,4002,26380
672,672,0,0,0,2003,50,2002,4002,4002,12940
673,673,0,0,0,2003,50,2002,4001,4002,24778
674,674,0,0,0,2003,50,2002,4001,4002,24638
675,675,0,0,0,2003,50,2002,4002,4002,13532
676,676,0,0,0,2003,50,2002,4001,4002,25532
677,677,0,0,0,2003,50,2002,4001,4002,14466
678,678,0,0,0,2003,50,2002,4002,4002,14304
679,679,0,0,0,2003,48,2002,4001,4002,23528
680,680,0,0,0,2003,48,2002,4001,4002,25770
681,681,0,0,0,2003,48,2002,4002,4002,13464
682,682,0,0,0,2003,48,2002,4001,4002,13140
683,683,0,0,0,2003,50,2002,4001,4002,26536
684,684,0,0,0,2003,50,2002,4002,4002,13796
685,685,0,0,0,2003,50,2002,4001,4002,25818
686,686,0,0,0,2003,50,2002,4001,4002,27064
687,687,0,0,0,2003,54,2002,4002,4002,27734
688,688,0,0,0,2003,54,2002,4001,4002,12724
689,689,0,0,0,2003,54,2002,4001,4002,15726
690,690,0,0,0,2003,54,2002,4002,4002,16268
691,691,0,0,0,2003,16236,2002,4001,4002,12440
692,692,0,0,0,3014,16236,2002,4001,4002,27182
693,693,0,0,0,3014,16236,2255,4002,4002,28662
694,694,0,0,0,3014,16236,2444,4001,4255,16124
695,695,0,0,0,3014,16234,2586,4001,4444,27154
696,696,0,0,0,3014,16234,2693,4002,4586,12820
697,697,0,0,0,3014,16234,2773,4057,4693,14956
698,698,0,0,0,3014,16234,2833,4211,4773,28278
699,699,0,0,0,3014,16232,2878,4382,4833,13214
700,700,0,0,0,3014,16232,2912,4533,4878,16218
701,701,0,0,0,3014,16232,2937,4677,4912,15200
702,702,0,0,0,3014,16232,2956,4774,4937,14564
703,703,0,0,0,3014,16234,2970,4840,4956,21880
704,704,0,0,0,3014,16234,2981,4895,4970,27244
705,705,0,0,0,3014,16234,2989,4923,4981,3668
706,706,0,0,0,3014,16234,2995,4944,4989,22256
707,707,0,0,0,3014,16226,2999,4964,4995,21288
708,708,0,0,0,3014,16226,3002,4972,4999,21512
709,709,0,0,0,3014,16226,3005,4982,5002,1918
710,710,0,0,0,3014,16226,3007,4991,5005,20980
711,711,0,0,0,3014,16234,3008,4994,5007,3134
712,712,0,0,0,3014,16234,3009,4999,5008,20904
713,713,0,0,0,3014,16234,3010,5003,5009,27536
714,714,0,0,0,3014,16234,3011,5004,5010,32594
715,715,0,0,0,3014,16232,3011,5007,5011,22918
716,716,0,0,0,3014,16232,3011,5008,5011,600
717,717,0,0,0,3014,16232,3011,5008,5011,2482
718,718,0,0,0,3014,16232,3011,5010,5011,31962
719,719,0,0,0,3014,16232,3011,5010,5011,3630
720,720,0,0,0,3014,16232,3011,5010,5011,1900
721,721,0,0,0,3014,16232,3011,5011,5011,3252
722,722,0,0,0,3014,16232,3011,5010,5011,22834
723,723,0,0,0,3014,16236,3011,5010,5011,23140
724,724,0,0,0,3014,16236,3011,5011,5011,1750
725,725,0,0,0,3014,16236,3011,5010,5011,1308
726,726,0,0,0,3014,16236,3011,5010,5011,22058
727,727,0,0,0,3014,16226,3011,5011,5011,21922
728,728,0,0,0,3014,16226,3011,5010,5011,3320
729,729,0,0,0,3014,16226,3011,5010,5011,20460
730,730,0,0,0,3014,16226,3011,5011,5011,31360
731,731,0,0,0,3014,50,3011,5010,5011,2182
732,732,0,0,0,2003,50,3011,5010,5011,20604
733,733,0,0,0,2003,50,2759,5011,5011,22474
734,734,0,0,0,2003,50,2570,5010,4759,21778
735,735,0,0,0,2003,52,2428,5010,4570,21452
736,736,0,0,0,2003,52,2321,5011,4428,2722
737,737,0,0,0,2003,52,2241,4954,4321,2088
738,738,0,0,0,2003,52,2181,4802,4241,20386
739,739,0,0,0,2003,54,2136,4631,4181,22864
740,740,0,0,0,2003,54,2102,4479,4136,776
741,741,0,0,0,2003,54,2077,4337,4102,25034
742,742,0,0,0,2003,54,2058,4239,4077,20886
743,743,0,0,0,2003,52,2044,4173,4058,12854
744,744,0,0,0,2003,52,2033,4119,4044,13770
745,745,0,0,0,2003,52,2025,4090,4033,27930
746,746,0,0,0,2003,52,2019,4069,4025,13864
747,747,0,0,0,2003,52,2015,4050,4019,12574
748,748,0,0,0,2003,52,2012,4041,4015,16870
749,749,0,0,0,2003,52,2009,4031,4012,13540
750,750,0,0,0,2003,52,2007,4022,4009,27154
751,751,0,0,0,2003,16238,2006,4019,4007,16722
752,752,0,0,0,3014,16238,2005,4014,4006,17284
753,753,0,0,0,3014,16238,2257,4010,4005,12638
754,754,0,0,0,3014,16238,2446,4009,4257,12410
755,755,0,0,0,3014,16234,2588,4006,4446,28192
756,756,0,0,0,3014,16234,2694,4005,4588,15836
757,757,0,0,0,3014,16234,2774,4061,4694,13954
758,758,0,0,0,3014,16234,2834,4213,4774,26600
759,759,0,0,0,3014,16224,2879,4384,4834,24818
760,760,0,0,0,3014,16224,2912,4535,4879,27066
761,761,0,0,0,3014,16224,2937,4677,4912,15288
762,762,0,0,0,3014,16224,2956,4775,4937,13520
763,763,0,0,0,3014,16236,2970,4841,4956,22896
764,764,0,0,0,3014,16236,2981,4895,4970,1870
765,765,0,0,0,3014,16236,2989,4923,4981,1488
766,766,0,0,0,3014,16236,2995,4944,4989,1450
767,767,0,0,0,3014,16226,2999,4963,4995,2778
768,768,0,0,0,3014,16226,3002,4972,4999,3232
769,769,0,0,0,3014,16226,3005,4982,5002,3616
770,770,0,0,0,3014,16226,3007,4991,5005,24520
771,771,0,0,0,3014,54,3008,4994,5007,23012
772,772,0,0,0,2003,54,3009,4999,5008,21648
773,773,0,0,0,2003,54,2757,5003,5009,22430
774,774,0,0,0,2003,54,2568,5004,4757,23266
775,775,0,0,0,2003,52,2426,5007,4568,2514
776,776,0,0,0,2003,52,2320,5008,4426,2290
777,777,0,0,0,2003,52,2240,4952,4320,21640
778,778,0,0,0,2003,52,2180,4800,4240,23146
779,779,0,0,0,2003,52,2135,4629,4180,22262
780,780,0,0,0,2003,52,2102,4478,4135,20530
781,781,0,0,0,2003,52,2077,4335,4102,21044
782,782,0,0,0,2003,52,2058,4238,4077,26124
783,783,0,0,0,2003,50,2044,4172,4058,12656
784,784,0,0,0,2003,50,2033,4118,4044,13104
785,785,0,0,0,2003,50,2025,4090,4033,27830
786,786,0,0,0,2003,50,2019,4069,4025,25804
787,787,0,0,0,2003,58,2015,4049,4019,26814
788,788,0,0,0,2003,58,2012,4041,4015,27024
789,789,0,0,0,2003,58,2009,4031,4012,27934
790,790,0,0,0,2003,58,2007,4022,4009,13898
791,791,0,0,0,2003,16240,2006,4019,4007,16124
792,792,0,0,0,3015,16240,2005,4014,4006,26336
793,793,0,0,0,3015,16240,2257,4010,4005,15498
794,794,0,0,0,3015,16240,2446,4009,4257,23780
795,795,0,0,0,3015,16232,2588,4006,4446,13800
796,796,0,0,0,3014,16232,2694,4005,4588,14496
797,797,0,0,0,3014,16232,2774,4061,4694,12946
798,798,0,0,0,3014,16232,2834,4213,4774,24582
799,799,0,0,0,3014,16236,2879,4384,4834,17270
800,800,0,0,0,3014,16236,2912,4535,4879,25514
801,801,0,0,0,3014,16236,2937,4677,4912,27218
802,802,0,0,0,3014,16236,2956,4775,4937,14616
803,803,0,0,0,3014,16228,2970,4841,4956,20552
804,804,0,0,0,3014,16228,2981,4895,4970,2682
805,805,0,0,0,3014,16228,2989,4923,4981,20458
806,806,0,0,0,3014,16228,2995,4944,4989,22320
807,807,0,0,0,3014,16236,2999,4963,4995,20792
808,808,0,0,0,3014,16236,3002,4972,4999,23394
809,809,0,0,0,3014,16236,3005,4982,5002,23560
810,810,0,0,0,3014,16236,3007,4991,5005,21062
811,811,0,0,0,3014,16236,3008,4994,5007,32496
812,812,0,0,0,3014,16236,3009,4999,5008,2296
813,813,0,0,0,3014,16236,3010,5003,5009,2048
814,814,0,0,0,3014,16236,3011,5004,5010,21048
815,815,0,0,0,3014,16232,3011,5007,5011,22346
816,816,0,0,0,3014,16232,3011,5008,5011,2636
817,817,0,0,0,3014,16232,3011,5008,5011,820
818,818,0,0,0,3014,16232,3011,5010,5011,21014
819,819,0,0,0,3014,16234,3011,5010,5011,23548
820,820,0,0,0,3014,16234,3011,5010,5011,24502
821,821,0,0,0,3014,16234,3011,5011,5011,25652
822,822,0,0,0,3014,16234,3011,5010,5011,21066
823,823,0,0,0,3014,16230,3011,5010,5011,1988
824,824,0,0,0,3014,16230,3011,5011,5011,21528
825,825,0,0,0,3014,16230,3011,5010,5011,212
826,826,0,0,0,3014,16230,3011,5010,5011,3926
827,827,0,0,0,3014,16236,3011,5011,5011,21374
828,828,0,0,0,3014,16236,3011,5010,5011,2012
829,829,0,0,0,3014,16236,3011,5010,5011,20814
830,830,0,0,0,3014,16236,3011,5011,5011,20988
831,831,0,0,0,3014,16232,3011,5010,5011,23244
832,832,0,0,0,3014,16232,3011,5010,5011,21470
833,833,0,0,0,3014,16232,3011,5011,5011,20572
834,834,0,0,0,3014,16232,3011,5010,5011,23618
835,835,0,0,0,3014,16238,3011,5010,5011,1224
836,836,0,0,0,3014,16238,3011,5011,5011,21348
837,837,0,0,0,3014,16238,3011,5010,5011,22724
838,838,0,0,0,3014,16238,3011,5010,5011,30032
839,839,0,0,0,3014,16230,3011,5011,5011,902
840,840,0,0,0,3014,16230,3011,5010,5011,24440
841,841,0,0,0,3014,16230,3011,5010,5011,32520
842,842,0,0,0,3014,16230,3011,5011,5011,22178
843,843,0,0,0,3014,16232,3011,5010,5011,3660
844,844,0,0,0,3014,16232,3011,5010,5011,20540
845,845,0,0,0,3014,16232,3011,5011,5011,20782
846,846,0,0,0,3014,16232,3011,5010,5011,3240
847,847,0,0,0,3014,16228,3011,5010,5011,25798
848,848,0,0,0,3014,16228,3011,5011,5011,3304
849,849,0,0,0,3014,16228,3011,5010,5011,470
850,850,0,0,0,3014,16228,3011,5010,5011,1296
851,851,0,0,0,3014,48,3011,5011,5011,682
852,852,0,0,0,2003,48,3011,5010,5011,20604
853,853,0,0,0,2003,48,2759,5010,5011,25986
854,854,0,0,0,2003,48,2570,5011,4759,22392
855,855,0,0,0,2003,52,2428,5010,4570,20942
856,856,0,0,0,2003,52,2321,5010,4428,1612
857,857,0,0,0,2003,52,2241,4955,4321,1106
858,858,0,0,0,2003,52,2181,4801,4241,3964
859,859,0,0,0,2003,50,2136,4631,4181,30606
860,860,0,0,0,2003,50,2102,4480,4136,778
861,861,0,0,0,2003,50,2077,4336,4102,26872
862,862,0,0,0,2003,50,2058,4239,4077,2
863,863,0,0,0,2003,48,2044,4173,4058,13494
864,864,0,0,0,2003,48,2033,4118,4044,28234
865,865,0,0,0,2003,48,2025,4090,4033,24494
866,866,0,0,0,2003,48,2019,4069,4025,26374
867,867,0,0,0,2003,48,2015,4049,4019,27098
868,868,0,0,0,2003,48,2012,4041,4015,25706
869,869,0,0,0,2003,48,2009,4031,4012,17758
870,870,0,0,0,2003,48,2007,4022,4009,14882
871,871,0,0,0,2003,16232,2006,4019,4007,28552
872,872,0,0,0,3014,16232,2005,4014,4006,28484
873,873,0,0,0,3014,16232,2257,4010,4005,14084
874,874,0,0,0,3014,16232,2446,4009,4257,12974
875,875,0,0,0,3014,16230,2588,4006,4446,26116
876,876,0,0,0,3014,16230,2694,4005,4588,13422
877,877,0,0,0,3014,16230,2774,4061,4694,25910
878,878,0,0,0,3014,16230,2834,4213,4774,15230
879,879,0,0,0,3014,16238,2879,4384,4834,24332
880,880,0,0,0,3014,16238,2912,4535,4879,14520
881,881,0,0,0,3014,16238,2937,4677,4912,27768
882,882,0,0,0,3014,16238,2956,4775,4937,28116
883,883,0,0,0,3014,16232,2970,4841,4956,1476
884,884,0,0,0,3014,16232,2981,4895,4970,942
885,885,0,0,0,3014,16232,2989,4923,4981,26262
886,886,0,0,0,3014,16232,2995,4944,4989,3366
887,887,0,0,0,3014,16230,2999,4963,4995,704
888,888,0,0,0,3014,16230,3002,4972,4999,1890
889,889,0,0,0,3014,16230,3005,4982,5002,21282
890,890,0,0,0,3014,16230,3007,4991,5005,32366
891,891,0,0,0,3014,16236,3008,4994,5007,20960
892,892,0,0,0,3014,16236,3009,4999,5008,32496
893,893,0,0,0,3014,16236,3010,5003,5009,20856
894,894,0,0,0,3014,16236,3011,5004,5010,21546
895,895,0,0,0,3014,16238,3011,5007,5011,25618
896,896,0,0,0,3014,16238,3011,5008,5011,3432
897,897,0,0,0,3014,16238,3011,5008,5011,3018
898,898,0,0,0,3014,16238,3011,5010,5011,1780
899,899,0,0,0,3014,16238,3011,5010,5011,2464
900,900,0,0,0,3014,16238,3011,5010,5011,2826
901,901,0,0,0,3014,16238,3011,5011,5011,22078
902,902,0,0,0,3014,16238,3011,5010,5011,1110
903,903,0,0,0,3014,16236,3011,5010,5011,20752
904,904,0,0,0,3014,16236,3011,5011,5011,21580
905,905,0,0,0,3014,16236,3011,5010,5011,20714
906,906,0,0,0,3014,16236,3011,5010,5011,22798
907,907,0,0,0,3014,16232,3011,5011,5011,2994
908,908,0,0,0,3014,16232,3011,5010,5011,2468
909,909,0,0,0,3014,16232,3011,5010,5011,22868
910,910,0,0,0,3014,16232,3011,5011,5011,22978
911,911,0,0,0,3014,60,3011,5010,5011,1064
912,912,0,0,0,2003,60,3011,5010,5011,21824
913,913,0,0,0,2003,60,2759,5011,5011,1896
914,914,0,0,0,2003,60,2570,5010,4759,2298
915,915,0,0,0,2003,52,2428,5010,4570,21828
916,916,0,0,0,2003,52,2321,5011,4428,1350
917,917,0,0,0,2003,52,2241,4954,4321,3218
918,918,0,0,0,2003,52,2181,4802,4241,23758
919,919,0,0,0,2003,50,2136,4631,4181,3940
920,920,0,0,0,2003,50,2102,4479,4136,25020
921,921,0,0,0,2003,50,2077,4337,4102,21618
922,922,0,0,0,2003,50,2058,4239,4077,1584
923,923,0,0,0,2003,48,2044,4173,4058,27248
924,924,0,0,0,2003,48,2033,4119,4044,13136
925,925,0,0,0,2003,48,2025,4090,4033,27492
926,926,0,0,0,2003,48,2019,4069,4025,13214
927,927,0,0,0,2003,50,2015,4050,4019,28176
928,928,0,0,0,2003,50,2012,4041,4015,17086
929,929,0,0,0,2003,50,2009,4031,4012,24966
930,930,0,0,0,2003,50,2007,4022,4009,13294
931,931,0,0,0,2003,16232,2006,4019,4007,28642
932,932,0,0,0,3014,16232,2005,4014,4006,27948
933,933,0,0,0,3014,16232,2257,4010,4005,14420
934,934,0,0,0,3014,16232,2446,4009,4257,23800
935,935,0,0,0,3014,16234,2588,4006,4446,18506
936,936,0,0,0,3014,16234,2694,4005,4588,26710
937,937,0,0,0,3014,16234,2774,4061,4694,14288
938,938,0,0,0,3014,16234,2834,4213,4774,12796
939,939,0,0,0,3014,16236,2879,4384,4834,28694
940,940,0,0,0,3014,16236,2912,4535,4879,26716
941,941,0,0,0,3014,16236,2937,4677,4912,13370
942,942,0,0,0,3014,16236,2956,4775,4937,13970
943,943,0,0,0,3014,16232,2970,4841,4956,21528
944,944,0,0,0,3014,16232,2981,4895,4970,20544
945,945,0,0,0,3014,16232,2989,4923,4981,3148
946,946,0,0,0,3014,16232,2995,4944,4989,22576
947,947,0,0,0,3014,16234,2999,4963,4995,22840
948,948,0,0,0,3014,16234,3002,4972,4999,23216
949,949,0,0,0,3014,16234,3005,4982,5002,2860
950,950,0,0,0,3014,16234,3007,4991,5005,20912
951,951,0,0,0,3014,16230,3008,4994,5007,22280
952,952,0,0,0,3014,16230,3009,4999,5008,21534
953,953,0,0,0,3014,16230,3010,5003,5009,1144
954,954,0,0,0,3014,16230,3011,5004,5010,2556
955,955,0,0,0,3014,16232,3011,5007,5011,20396
956,956,0,0,0,3014,16232,3011,5008,5011,20852
957,957,0,0,0,3014,16232,3011,5008,5011,20822
958,958,0,0,0,3014,16232,3011,5010,5011,3608
959,959,0,0,0,3014,16224,3011,5010,5011,914
960,960,0,0,0,3014,16224,3011,5010,5011,20446
961,961,0,0,0,3014,16224,3011,5011,5011,2386
962,962,0,0,0,3014,16224,3011,5010,5011,468
963,963,0,0,0,3014,16234,3011,5010,5011,20716
964,964,0,0,0,3014,16234,3011,5011,5011,20794
965,965,0,0,0,3014,16234,3011,5010,5011,22208
966,966,0,0,0,3014,16234,3011,5010,5011,20952
967,967,0,0,0,3014,16234,3011,5011,5011,1052
968,968,0,0,0,3014,16234,3011,5010,5011,20386
969,969,0,0,0,3014,16234,3011,5010,5011,20578
970,970,0,0,0,3014,16234,3011,5011,5011,23988
971,971,0,0,0,3014,48,3011,5010,5011,20520
972,972,0,0,0,2003,48,3011,5010,5011,25656
973,973,0,0,0,2003,48,2759,5011,5011,2474
974,974,0,0,0,2003,48,2570,5010,4759,20908
975,975,0,0,0,2003,46,2428,5010,4570,20428
976,976,0,0,0,2002,46,2321,5011,4428,3576
977,977,0,0,0,2002,46,2241,4954,4321,2204
978,978,0,0,0,2002,46,2181,4802,4241,22190
979,979,0,0,0,2002,50,2136,4631,4181,21012
980,980,0,0,0,2003,50,2102,4479,4136,21290
981,981,0,0,0,2003,50,2077,4337,4102,2932
982,982,0,0,0,2003,50,2058,4239,4077,21166
983,983,0,0,0,2003,52,2044,4173,4058,27226
984,984,0,0,0,2003,52,2033,4119,4044,15240
985,985,0,0,0,2003,52,2025,4090,4033,27670
986,986,0,0,0,2003,52,2019,4069,4025,27870
987,987,0,0,0,2003,54,2015,4050,4019,15228
988,988,0,0,0,2003,54,2012,4041,4015,24772
989,989,0,0,0,2003,54,2009,4031,4012,13598
990,990,0,0,0,2003,54,2007,4022,4009,26914
991,991,0,0,0,2003,58,2006,4019,4007,13706
992,992,0,0,0,2003,58,2005,4014,4006,16608
993,993,0,0,0,2003,58,2004,4010,4005,13822
994,994,0,0,0,2003,58,2003,4009,4004,26066
995,995,0,0,0,2003,52,2003,4006,4003,15638
996,996,0,0,0,2003,52,2003,4005,4003,27594
997,997,0,0,0,2003,52,2003,4005,4003,27516
998,998,0,0,0,2003,52,2003,4003,4003,24720
999,999,0,0,0,2003,56,2003,4003,4003,13320
1000,1000,0,0,0,2003,56,2003,4003,4003,15784
1001,1001,0,0,0,2003,56,2003,4002,4003,25910
1002,1002,0,0,0,2003,56,2003,4003,4003,28532
1003,1003,0,0,0,2003,48,2003,4003,4003,27106
1004,1004,0,0,0,2003,48,2003,4002,4003,27178
1005,1005,0,0,0,2003,48,2003,4003,4003,28066
1006,1006,0,0,0,2003,48,2003,4003,4003,19174
1007,1007,0,0,0,2003,52,2003,4002,4003,13612
1008,1008,0,0,0,2003,52,2003,4003,4003,14678
1009,1009,0,0,0,2003,52,2003,4003,4003,13126
1010,1010,0,0,0,2003,52,2003,4002,4003,27742
1011,1011,0,0,0,2003,54,2003,4003,4003,26580
1012,1012,0,0,0,2003,54,2003,4003,4003,13132
1013,1013,0,0,0,2003,54,2003,4002,4003,13942
1014,1014,0,0,0,2003,54,2003,4003,4003,13598
1015,1015,0,0,0,2003,54,2003,4003,4003,12686
1016,1016,0,0,0,2003,54,2003,4002,4003,18230
1017,1017,0,0,0,2003,54,2003,4003,4003,25418
1018,1018,0,0,0,2003,54,2003,4003,4003,26908
1019,1019,0,0,0,2003,58,2003,4002,4003,25146
1020,1020,0,0,0,2003,58,2003,4003,4003,28384
1021,1021,0,0,0,2003,58,2003,4003,4003,14896
1022,1022,0,0,0,2003,58,2003,4002,4003,26706
1023,1023,0,0,0,2003,50,2003,4003,4003,24298
1024,1024,0,0,0,2003,50,2003,4003,4003,13608
1025,1025,0,0,0,2003,50,2003,4002,4003,25458
1026,1026,0,0,0,2003,50,2003,4003,4003,14138
1027,1027,0,0,0,2003,50,2003,4003,4003,28172
1028,1028,0,0,0,2003,50,2003,4002,4003,13718
1029,1029,0,0,0,2003,50,2003,4003,4003,14488
1030,1030,0,0,0,2003,50,2003,4003,4003,12776
1031,1031,0,0,0,2003,16226,2003,4002,4003,13590
1032,1032,0,0,0,3014,16226,2003,4003,4003,13646
1033,1033,0,0,0,3014,16226,2255,4003,4003,25844
1034,1034,0,0,0,3014,16226,2444,4002,4255,28608
1035,1035,0,0,0,3014,16226,2586,4003,4444,28072
1036,1036,0,0,0,3014,16226,2693,4003,4586,15640
1037,1037,0,0,0,3014,16226,2773,4058,4693,26794
1038,1038,0,0,0,3014,16226,2833,4212,4773,14798
1039,1039,0,0,0,3014,16236,2878,4382,4833,27556
1040,1040,0,0,0,3014,16236,2912,4533,4878,13700
1041,1041,0,0,0,3014,16236,2937,4677,4912,14778
1042,1042,0,0,0,3014,16236,2956,4774,4937,13376
1043,1043,0,0,0,3014,16238,2970,4840,4956,3418
1044,1044,0,0,0,3014,16238,2981,4895,4970,22952
1045,1045,0,0,0,3014,16238,2989,4923,4981,74
1046,1046,0,0,0,3014,16238,2995,4944,4989,1226
1047,1047,0,0,0,3014,16232,2999,4964,4995,3096
1048,1048,0,0,0,3014,16232,3002,4972,4999,22722
1049,1049,0,0,0,3014,16232,3005,4982,5002,32368
1050,1050,0,0,0,3014,16232,3007,4991,5005,3382
1051,1051,0,0,0,3014,16230,3008,4994,5007,1462
1052,1052,0,0,0,3014,16230,3009,4999,5008,1162
1053,1053,0,0,0,3014,16230,3010,5003,5009,20472
1054,1054,0,0,0,3014,16230,3011,5004,5010,21974
1055,1055,0,0,0,3014,16228,3011,5007,5011,2658
1056,1056,0,0,0,3014,16228,3011,5008,5011,20876
1057,1057,0,0,0,3014,16228,3011,5008,5011,22308
1058,1058,0,0,0,3014,16228,3011,5010,5011,21310
1059,1059,0,0,0,3014,16236,3011,5010,5011,1566
1060,1060,0,0,0,3014,16236,3011,5010,5011,3394
1061,1061,0,0,0,3014,16236,3011,5011,5011,1492
1062,1062,0,0,0,3014,16236,3011,5010,5011,20770
1063,1063,0,0,0,3014,16234,3011,5010,5011,3882
1064,1064,0,0,0,3014,16234,3011,5011,5011,21502
1065,1065,0,0,0,3014,16234,3011,5010,5011,20548
1066,1066,0,0,0,3014,16234,3011,5010,5011,24854
1067,1067,0,0,0,3014,16230,3011,5011,5011,78
1068,1068,0,0,0,3014,16230,3011,5010,5011,26022
1069,1069,0,0,0,3014,16230,3011,5010,5011,22248
1070,1070,0,0,0,3014,16230,3011,5011,5011,24328
1071,1071,0,0,0,3014,16234,3011,5010,5011,3512
1072,1072,0,0,0,3014,16234,3011,5010,5011,21090
1073,1073,0,0,0,3014,16234,3011,5011,5011,21312
1074,1074,0,0,0,3014,16234,3011,5010,5011,22946
1075,1075,0,0,0,3014,16236,3011,5010,5011,22182
1076,1076,0,0,0,3014,16236,3011,5011,5011,23042
1077,1077,0,0,0,3014,16236,3011,5010,5011,3416
1078,1078,0,0,0,3014,16236,3011,5010,5011,22102
1079,1079,0,0,0,3014,16236,3011,5011,5011,3320
1080,1080,0,0,0,3014,16236,3011,5010,5011,1852
1081,1081,0,0,0,3014,16236,3011,5010,5011,22998
1082,1082,0,0,0,3014,16236,3011,5011,5011,20560
1083,1083,0,0,0,3014,16238,3011,5010,5011,22904
1084,1084,0,0,0,3014,16238,3011,5010,5011,1636
1085,1085,0,0,0,3014,16238,3011,5011,5011,21830
1086,1086,0,0,0,3014,16238,3011,5010,5011,31926
1087,1087,0,0,0,3014,16232,3011,5010,5011,21146
1088,1088,0,0,0,3014,16232,3011,5011,5011,1664
1089,1089,0,0,0,3014,16232,3011,5010,5011,524
1090,1090,0,0,0,3014,16232,3011,5010,5011,22612
1091,1091,0,0,0,3014,44,3011,5011,5011,32046
1092,1092,0,0,0,2002,44,3011,5010,5011,2310
1093,1093,0,0,0,2002,44,2758,5010,5011,1740
1094,1094,0,0,0,2002,44,2569,5011,4758,20636
1095,1095,0,0,0,2002,56,2427,5010,4569,21370
1096,1096,0,0,0,2003,56,2320,5010,4427,2282
1097,1097,0,0,0,2003,56,2240,4955,4320,220
1098,1098,0,0,0,2003,56,2180,4801,4240,23230
1099,1099,0,0,0,2003,54,2135,4630,4180,22234
1100,1100,0,0,0,2003,54,2102,4479,4135,22840
1101,1101,0,0,0,2003,54,2077,4335,4102,130
1102,1102,0,0,0,2003,54,2058,4238,4077,21146
1103,1103,0,0,0,2003,50,2044,4172,4058,26932
1104,1104,0,0,0,2003,50,2033,4117,4044,13752
1105,1105,0,0,0,2003,50,2025,4090,4033,12506
1106,1106,0,0,0,2003,50,2019,4069,4025,27698
1107,1107,0,0,0,2003,40,2015,4049,4019,24234
1108,1108,0,0,0,2002,40,2012,4041,4015,23004
1109,1109,0,0,0,2002,40,2009,4031,4012,27278
1110,1110,0,0,0,2002,40,2007,4022,4009,14080
1111,1111,0,0,0,2002,54,2005,4019,4007,26898
1112,1112,0,0,0,2003,54,2004,4014,4005,28244
1113,1113,0,0,0,2003,54,2003,4010,4004,27754
1114,1114,0,0,0,2003,54,2003,4009,4003,27792
1115,1115,0,0,0,2003,56,2003,4006,4003,13476
1116,1116,0,0,0,2003,56,2003,4004,4003,27312
1117,1117,0,0,0,2003,56,2003,4004,4003,26384
1118,1118,0,0,0,2003,56,2003,4002,4003,27848
1119,1119,0,0,0,2003,58,2003,4002,4003,27762
1120,1120,0,0,0,2003,58,2003,4003,4003,14212
1121,1121,0,0,0,2003,58,2003,4002,4003,26260
1122,1122,0,0,0,2003,58,2003,4002,4003,28562
1123,1123,0,0,0,2003,56,2003,4003,4003,24754
1124,1124,0,0,0,2003,56,2003,4002,4003,27694
1125,1125,0,0,0,2003,56,2003,4002,4003,13860
1126,1126,0,0,0,2003,56,2003,4003,4003,13908
1127,1127,0,0,0,2003,52,2003,4002,4003,14402
1128,1128,0,0,0,2003,52,2003,4002,4003,28136
1129,1129,0,0,0,2003,52,2003,4003,4003,28690
1130,1130,0,0,0,2003,52,2003,4002,4003,28440
1131,1131,0,0,0,2003,16226,2003,4002,4003,24716
1132,1132,0,0,0,3014,16226,2003,4003,4003,27722
1133,1133,0,0,0,3014,16226,2255,4002,4003,15056
1134,1134,0,0,0,3014,16226,2444,4002,4255,22870
1135,1135,0,0,0,3014,16232,2586,4003,4444,13854
1136,1136,0,0,0,3014,16232,2693,4002,4586,24606
1137,1137,0,0,0,3014,16232,2773,4058,4693,25176
1138,1138,0,0,0,3014,16232,2833,4212,4773,12802
1139,1139,0,0,0,3014,16236,2878,4382,4833,12780
1140,1140,0,0,0,3014,16236,2912,4533,4878,26766
1141,1141,0,0,0,3014,16236,2937,4677,4912,13586
1142,1142,0,0,0,3014,16236,2956,4774,4937,13832
1143,1143,0,0,0,3014,16238,2970,4840,4956,3884
1144,1144,0,0,0,3014,16238,2981,4895,4970,21010
1145,1145,0,0,0,3014,16238,2989,4923,4981,20624
1146,1146,0,0,0,3014,16238,2995,4944,4989,3832
1147,1147,0,0,0,3014,16226,2999,4964,4995,20836
1148,1148,0,0,0,3014,16226,3002,4972,4999,22168
1149,1149,0,0,0,3014,16226,3005,4982,5002,21474
1150,1150,0,0,0,3014,16226,3007,4991,5005,21302
1151,1151,0,0,0,3014,16236,3008,4994,5007,1464
1152,1152,0,0,0,3014,16236,3009,4999,5008,20960
1153,1153,0,0,0,3014,16236,3010,5003,5009,3404
1154,1154,0,0,0,3014,16236,3011,5004,5010,1226
1155,1155,0,0,0,3014,16234,3011,5007,5011,24438
1156,1156,0,0,0,3014,16234,3011,5008,5011,20888
1157,1157,0,0,0,3014,16234,3011,5008,5011,20686
1158,1158,0,0,0,3014,16234,3011,5010,5011,3672
1159,1159,0,0,0,3014,16232,3011,5010,5011,2612
1160,1160,0,0,0,3014,16232,3011,5010,5011,3442
1161,1161,0,0,0,3014,16232,3011,5011,5011,3104
1162,1162,0,0,0,3014,16232,3011,5010,5011,22228
1163,1163,0,0,0,3014,16238,3011,5010,5011,21586
1164,1164,0,0,0,3014,16238,3011,5011,5011,3600
1165,1165,0,0,0,3014,16238,3011,5010,5011,20598
1166,1166,0,0,0,3014,16238,3011,5010,5011,20910
1167,1167,0,0,0,3014,16230,3011,5011,5011,25656
1168,1168,0,0,0,3014,16230,3011,5010,5011,22736
1169,1169,0,0,0,3014,16230,3011,5010,5011,220
1170,1170,0,0,0,3014,16230,3011,5011,5011,3822
1171,1171,0,0,0,3014,50,3011,5010,5011,3042
1172,1172,0,0,0,2003,50,3011,5010,5011,24186
1173,1173,0,0,0,2003,50,2759,5011,5011,1718
1174,1174,0,0,0,2003,50,2570,5010,4759,24284
1175,1175,0,0,0,2003,52,2428,5010,4570,24860
1176,1176,0,0,0,2003,52,2321,5011,4428,20450
1177,1177,0,0,0,2003,52,2241,4954,4321,23028
1178,1178,0,0,0,2003,52,2181,4802,4241,22066
1179,1179,0,0,0,2003,58,2136,4631,4181,3426
1180,1180,0,0,0,2003,58,2102,4479,4136,3602
1181,1181,0,0,0,2003,58,2077,4337,4102,2624
1182,1182,0,0,0,2003,58,2058,4239,4077,32552
1183,1183,0,0,0,2003,54,2044,4173,4058,14032
1184,1184,0,0,0,2003,54,2033,4119,4044,27230
1185,1185,0,0,0,2003,54,2025,4090,4033,18620
1186,1186,0,0,0,2003,54,2019,4069,4025,13820
1187,1187,0,0,0,2003,52,2015,4050,4019,23938
1188,1188,0,0,0,2003,52,2012,4041,4015,28620
1189,1189,0,0,0,2003,52,2009,4031,4012,14154
1190,1190,0,0,0,2003,52,2007,4022,4009,26946
1191,1191,0,0,0,2003,52,2006,4019,4007,26930
1192,1192,0,0,0,2003,52,2005,4014,4006,24780
1193,1193,0,0,0,2003,52,2004,4010,4005,26354
1194,1194,0,0,0,2003,52,2003,4009,4004,13176
1195,1195,0,0,0,2003,56,2003,4006,4003,28446
1196,1196,0,0,0,2003,56,2003,4005,4003,28210
1197,1197,0,0,0,2003,56,2003,4005,4003,27546
1198,1198,0,0,0,2003,56,2003,4003,4003,14100
1199,1199,0,0,0,2003,54,2003,4003,4003,28384
1200,1200,0,0,0,2003,54,2003,4003,4003,12820
1201,1201,0,0,0,2003,54,2003,4002,4003,13034
1202,1202,0,0,0,2003,54,2003,4003,4003,12868
1203,1203,0,0,0,2003,48,2003,4003,4003,14638
1204,1204,0,0,0,2003,48,2003,4002,4003,28194
1205,1205,0,0,0,2003,48,2003,4003,4003,28398
1206,1206,0,0,0,2003,48,2003,4003,4003,26138
1207,1207,0,0,0,2003,48,2003,4002,4003,13632
1208,1208,0,0,0,2003,48,2003,4003,4003,13026
1209,1209,0,0,0,2003,48,2003,4003,4003,26288
1210,1210,0,0,0,2003,48,2003,4002,4003,27138
1211,1211,0,0,0,2003,16228,2003,4003,4003,26454
1212,1212,0,0,0,3014,16228,2003,4003,4003,28566
1213,1213,0,0,0,3014,16228,2255,4002,4003,24894
1214,1214,0,0,0,3014,16228,2444,4003,4255,27680
1215,1215,0,0,0,3014,16226,2586,4003,4444,27310
1216,1216,0,0,0,3014,16226,2693,4002,4586,13562
1217,1217,0,0,0,3014,16226,2773,4058,4693,27648
1218,1218,0,0,0,3014,16226,2833,4211,4773,13786
1219,1219,0,0,0,3014,16232,2878,4382,4833,24842
1220,1220,0,0,0,3014,16232,2912,4533,4878,25208
1221,1221,0,0,0,3014,16232,2937,4676,4912,17946
1222,1222,0,0,0,3014,16232,2956,4774,4937,13040
1223,1223,0,0,0,3014,16236,2970,4840,4956,23276
1224,1224,0,0,0,3014,16236,2981,4894,4970,21294
1225,1225,0,0,0,3014,16236,2989,4923,4981,2492
1226,1226,0,0,0,3014,16236,2995,4944,4989,25036
1227,1227,0,0,0,3014,16226,2999,4963,4995,3872
1228,1228,0,0,0,3014,16226,3002,4972,4999,22660
1229,1229,0,0,0,3014,16226,3005,4982,5002,23826
1230,1230,0,0,0,3014,16226,3007,4991,5005,3926
1231,1231,0,0,0,3014,60,3008,4994,5007,20740
1232,1232,0,0,0,2003,60,3009,4999,5008,2810
1233,1233,0,0,0,2003,60,2757,5003,5009,2394
1234,1234,0,0,0,2003,60,2568,5004,4757,1422
1235,1235,0,0,0,2003,48,2426,5007,4568,21558
1236,1236,0,0,0,2003,48,2320,5008,4426,22160
1237,1237,0,0,0,2003,48,2240,4952,4320,21406
1238,1238,0,0,0,2003,48,2180,4800,4240,23908
1239,1239,0,0,0,2003,54,2135,4629,4180,3170
1240,1240,0,0,0,2003,54,2102,4478,4135,22188
1241,1241,0,0,0,2003,54,2077,4335,4102,29448
1242,1242,0,0,0,2003,54,2058,4238,4077,21752
1243,1243,0,0,0,2003,52,2044,4172,4058,24630
1244,1244,0,0,0,2003,52,2033,4118,4044,28618
1245,1245,0,0,0,2003,52,2025,4090,4033,17630
1246,1246,0,0,0,2003,52,2019,4069,4025,15066
1247,1247,0,0,0,2003,48,2015,4049,4019,12684
1248,1248,0,0,0,2003,48,2012,4041,4015,12570
1249,1249,0,0,0,2003,48,2009,4031,4012,14672
1250,1250,0,0,0,2003,48,2007,4022,4009,28384
1251,1251,0,0,0,2003,56,2006,4019,4007,17254
1252,1252,0,0,0,2003,56,2005,4014,4006,12872
1253,1253,0,0,0,2003,56,2004,4010,4005,13654
1254,1254,0,0,0,2003,56,2003,4009,4004,12774
1255,1255,0,0,0,2003,52,2003,4006,4003,26092
1256,1256,0,0,0,2003,52,2003,4005,4003,13426
1257,1257,0,0,0,2003,52,2003,4005,4003,16720
1258,1258,0,0,0,2003,52,2003,4003,4003,26468
1259,1259,0,0,0,2003,50,2003,4003,4003,28346
1260,1260,0,0,0,2003,50,2003,4003,4003,28472
1261,1261,0,0,0,2003,50,2003,4002,4003,25498
1262,1262,0,0,0,2003,50,2003,4003,4003,26950
1263,1263,0,0,0,2003,52,2003,4003,4003,27396
1264,1264,0,0,0,2003,52,2003,4002,4003,12952
1265,1265,0,0,0,2003,52,2003,4003,4003,14270
1266,1266,0,0,0,2003,52,2003,4003,4003,28032
1267,1267,0,0,0,2003,42,2003,4002,4003,16052
1268,1268,0,0,0,2002,42,2003,4003,4003,14816
1269,1269,0,0,0,2002,42,2002,4003,4003,16766
1270,1270,0,0,0,2002,42,2002,4002,4002,17300
1271,1271,0,0,0,2002,54,2002,4003,4002,13560
1272,1272,0,0,0,2003,54,2002,4003,4002,24138
1273,1273,0,0,0,2003,54,2002,4002,4002,14608
1274,1274,0,0,0,2003,54,2002,4002,4002,13652
1275,1275,0,0,0,2003,46,2002,4002,4002,27338
1276,1276,0,0,0,2002,46,2002,4001,4002,13722
1277,1277,0,0,0,2002,46,2002,4002,4002,28202
1278,1278,0,0,0,2002,46,2002,4002,4002,13412
1279,1279,0,0,0,2002,50,2002,4001,4002,27786
1280,1280,0,0,0,2003,50,2002,4002,4002,26510
1281,1281,0,0,0,2003,50,2002,4002,4002,25142
1282,1282,0,0,0,2003,50,2002,4001,4002,26840
1283,1283,0,0,0,2003,48,2002,4002,4002,26878
1284,1284,0,0,0,2003,48,2002,4002,4002,27102
1285,1285,0,0,0,2003,48,2002,4001,4002,27560
1286,1286,0,0,0,2003,48,2002,4002,4002,23016
1287,1287,0,0,0,2003,52,2002,4002,4002,27760
1288,1288,0,0,0,2003,52,2002,4001,4002,13468
1289,1289,0,0,0,2003,52,2002,4002,4002,27462
1290,1290,0,0,0,2003,52,2002,4002,4002,16672
1291,1291,0,0,0,2003,16230,2002,4001,4002,13720
1292,1292,0,0,0,3014,16230,2002,4002,4002,25370
1293,1293,0,0,0,3014,16230,2255,4002,4002,12580
1294,1294,0,0,0,3014,16230,2444,4001,4255,27528
1295,1295,0,0,0,3014,16232,2586,4002,4444,14692
1296,1296,0,0,0,3014,16232,2693,4002,4586,14514
1297,1297,0,0,0,3014,16232,2773,4057,4693,14622
1298,1298,0,0,0,3014,16232,2833,4211,4773,14318
1299,1299,0,0,0,3014,16230,2878,4382,4833,27218
1300,1300,0,0,0,3014,16230,2912,4533,4878,27696
1301,1301,0,0,0,3014,16230,2937,4677,4912,25586
1302,1302,0,0,0,3014,16230,2956,4774,4937,14206
1303,1303,0,0,0,3014,16228,2970,4840,4956,2570
1304,1304,0,0,0,3014,16228,2981,4895,4970,1260
1305,1305,0,0,0,3014,16228,2989,4923,4981,3090
1306,1306,0,0,0,3014,16228,2995,4944,4989,23294
1307,1307,0,0,0,3014,16232,2999,4964,4995,23554
1308,1308,0,0,0,3014,16232,3002,4972,4999,21328
1309,1309,0,0,0,3014,16232,3005,4982,5002,2728
1310,1310,0,0,0,3014,16232,3007,4991,5005,30080
1311,1311,0,0,0,3014,56,3008,4994,5007,20754
1312,1312,0,0,0,2003,56,3009,4999,5008,3904
1313,1313,0,0,0,2003,56,2757,5003,5009,2674
1314,1314,0,0,0,2003,56,2568,5004,4757,3618
1315,1315,0,0,0,2003,52,2426,5007,4568,22938
1316,1316,0,0,0,2003,52,2320,5008,4426,2838
1317,1317,0,0,0,2003,52,2240,4952,4320,1028
1318,1318,0,0,0,2003,52,2180,4800,4240,21702
1319,1319,0,0,0,2003,50,2135,4629,4180,3766
1320,1320,0,0,0,2003,50,2102,4478,4135,1732
1321,1321,0,0,0,2003,50,2077,4335,4102,2592
1322,1322,0,0,0,2003,50,2058,4238,4077,23244
1323,1323,0,0,0,2003,50,2044,4172,4058,14616
1324,1324,0,0,0,2003,50,2033,4118,4044,25584
1325,1325,0,0,0,2003,50,2025,4090,4033,27798
1326,1326,0,0,0,2003,50,2019,4069,4025,26874
1327,1327,0,0,0,2003,52,2015,4049,4019,25946
1328,1328,0,0,0,2003,52,2012,4041,4015,12570
1329,1329,0,0,0,2003,52,2009,4031,4012,16432
1330,1330,0,0,0,2003,52,2007,4022,4009,28200
1331,1331,0,0,0,2003,58,2006,4019,4007,28514
1332,1332,0,0,0,2003,58,2005,4014,4006,27148
1333,1333,0,0,0,2003,58,2004,4010,4005,12516
1334,1334,0,0,0,2003,58,2003,4009,4004,27612
1335,1335,0,0,0,2003,52,2003,4006,4003,15664
1336,1336,0,0,0,2003,52,2003,4005,4003,27558
1337,1337,0,0,0,2003,52,2003,4005,4003,18934
1338,1338,0,0,0,2003,52,2003,4003,4003,14860
1339,1339,0,0,0,2003,56,2003,4003,4003,12570
1340,1340,0,0,0,2003,56,2003,4003,4003,13414
1341,1341,0,0,0,2003,56,2003,4002,4003,28742
1342,1342,0,0,0,2003,56,2003,4003,4003,13020
1343,1343,0,0,0,2003,52,2003,4003,4003,15464
1344,1344,0,0,0,2003,52,2003,4002,4003,24896
1345,1345,0,0,0,2003,52,2003,4003,4003,25796
1346,1346,0,0,0,2003,52,2003,4003,4003,17428
1347,1347,0,0,0,2003,50,2003,4002,4003,14208
1348,1348,0,0,0,2003,50,2003,4003,4003,12700
1349,1349,0,0,0,2003,50,2003,4003,4003,25924
1350,1350,0,0,0,2003,50,2003,4002,4003,27570
1351,1351,0,0,0,2003,54,2003,4003,4003,14758
1352,1352,0,0,0,2003,54,2003,4003,4003,28380
1353,1353,0,0,0,2003,54,2003,4002,4003,27758
1354,1354,0,0,0,2003,54,2003,4003,4003,14210
1355,1355,0,0,0,2003,58,2003,4003,4003,25698
1356,1356,0,0,0,2003,58,2003,4002,4003,14012
1357,1357,0,0,0,2003,58,2003,4003,4003,27152
1358,1358,0,0,0,2003,58,2003,4003,4003,25920
1359,1359,0,0,0,2003,58,2003,4002,4003,27322
1360,1360,0,0,0,2003,58,2003,4003,4003,14288
1361,1361,0,0,0,2003,58,2003,4003,4003,27660
1362,1362,0,0,0,2003,58,2003,4002,4003,28256
1363,1363,0,0,0,2003,54,2003,4003,4003,20692
1364,1364,0,0,0,2003,54,2003,4003,4003,28672
1365,1365,0,0,0,2003,54,2003,4002,4003,28404
1366,1366,0,0,0,2003,54,2003,4003,4003,13678
1367,1367,0,0,0,2003,54,2003,4003,4003,14492
1368,1368,0,0,0,2003,54,2003,4002,4003,27430
1369,1369,0,0,0,2003,54,2003,4003,4003,13382
1370,1370,0,0,0,2003,54,2003,4003,4003,25714
1371,1371,0,0,0,2003,50,2003,4002,4003,28222
1372,1372,0,0,0,2003,50,2003,4003,4003,27124
1373,1373,0,0,0,2003,50,2003,4003,4003,27520
1374,1374,0,0,0,2003,50,2003,4002,4003,14538
1375,1375,0,0,0,2003,54,2003,4003,4003,14038
1376,1376,0,0,0,2003,54,2003,4003,4003,25398
1377,1377,0,0,0,2003,54,2003,4002,4003,28390
1378,1378,0,0,0,2003,54,2003,4003,4003,25440
1379,1379,0,0,0,2003,54,2003,4003,4003,28248
1380,1380,0,0,0,2003,54,2003,4002,4003,16818
1381,1381,0,0,0,2003,54,2003,4003,4003,13078
1382,1382,0,0,0,2003,54,2003,4003,4003,12826
1383,1383,0,0,0,2003,50,2003,4002,4003,12946
1384,1384,0,0,0,2003,50,2003,4003,4003,12496
1385,1385,0,0,0,2003,50,2003,4003,4003,25998
1386,1386,0,0,0,2003,50,2003,4002,4003,15214
1387,1387,0,0,0,2003,54,2003,4003,4003,26854
1388,1388,0,0,0,2003,54,2003,4003,4003,28340
1389,1389,0,0,0,2003,54,2003,4002,4003,12916
1390,1390,0,0,0,2003,54,2003,4003,4003,28326
1391,1391,0,0,0,2003,16236,2003,4003,4003,25722
1392,1392,0,0,0,3014,16236,2003,4002,4003,14108
1393,1393,0,0,0,3014,16236,2255,4003,4003,27566
1394,1394,0,0,0,3014,16236,2444,4003,4255,24316
1395,1395,0,0,0,3014,16236,2586,4002,4444,26502
1396,1396,0,0,0,3014,16236,2693,4003,4586,13640
1397,1397,0,0,0,3014,16236,2773,4058,4693,27128
1398,1398,0,0,0,3014,16236,2833,4211,4773,14254
1399,1399,0,0,0,3014,16236,2878,4382,4833,27288
1400,1400,0,0,0,3014,16236,2912,4533,4878,25610
1401,1401,0,0,0,3014,16236,2937,4676,4912,14646
1402,1402,0,0,0,3014,16236,2956,4774,4937,26986
1403,1403,0,0,0,3014,16228,2970,4840,4956,1716
1404,1404,0,0,0,3014,16228,2981,4894,4970,21724
1405,1405,0,0,0,3014,16228,2989,4923,4981,22362
1406,1406,0,0,0,3014,16228,2995,4944,4989,21192
1407,1407,0,0,0,3014,16240,2999,4963,4995,21260
1408,1408,0,0,0,3015,16240,3002,4972,4999,23596
1409,1409,0,0,0,3015,16240,3005,4982,5002,830
1410,1410,0,0,0,3015,16240,3007,4991,5005,22998
1411,1411,0,0,0,3015,16234,3009,4994,5007,2070
1412,1412,0,0,0,3014,16234,3010,4999,5009,20624
1413,1413,0,0,0,3014,16234,3011,5003,5010,20652
1414,1414,0,0,0,3014,16234,3011,5004,5011,166
1415,1415,0,0,0,3014,16230,3011,5007,5011,25478
1416,1416,0,0,0,3014,16230,3011,5009,5011,20398
1417,1417,0,0,0,3014,16230,3011,5009,5011,3230
1418,1418,0,0,0,3014,16230,3011,5011,5011,1270
1419,1419,0,0,0,3014,16236,3011,5011,5011,3798
1420,1420,0,0,0,3014,16236,3011,5010,5011,21390
1421,1421,0,0,0,3014,16236,3011,5011,5011,2830
1422,1422,0,0,0,3014,16236,3011,5011,5011,830
1423,1423,0,0,0,3014,16232,3011,5010,5011,23112
1424,1424,0,0,0,3014,16232,3011,5011,5011,31366
1425,1425,0,0,0,3014,16232,3011,5011,5011,1630
1426,1426,0,0,0,3014,16232,3011,5010,5011,20410
1427,1427,0,0,0,3014,16230,3011,5011,5011,21770
1428,1428,0,0,0,3014,16230,3011,5011,5011,1954
1429,1429,0,0,0,3014,16230,3011,5010,5011,21850
1430,1430,0,0,0,3014,16230,3011,5011,5011,1310
1431,1431,0,0,0,3014,16224,3011,5011,5011,484
1432,1432,0,0,0,3014,16224,3011,5010,5011,23586
1433,1433,0,0,0,3014,16224,3011,5011,5011,25064
1434,1434,0,0,0,3014,16224,3011,5011,5011,1720
1435,1435,0,0,0,3014,16232,3011,5010,5011,2112
1436,1436,0,0,0,3014,16232,3011,5011,5011,24928
1437,1437,0,0,0,3014,16232,3011,5011,5011,3488
1438,1438,0,0,0,3014,16232,3011,5010,5011,1612
1439,1439,0,0,0,3014,16230,3011,5011,5011,2792
1440,1440,0,0,0,3014,16230,3011,5011,5011,154
1441,1441,0,0,0,3014,16230,3011,5010,5011,25074
1442,1442,0,0,0,3014,16230,3011,5011,5011,20660
1443,1443,0,0,0,3014,16234,3011,5011,5011,26250
1444,1444,0,0,0,3014,16234,3011,5010,5011,3792
1445,1445,0,0,0,3014,16234,3011,5011,5011,2760
1446,1446,0,0,0,3014,16234,3011,5011,5011,1116
1447,1447,0,0,0,3014,16236,3011,5010,5011,21412
1448,1448,0,0,0,3014,16236,3011,5011,5011,21678
1449,1449,0,0,0,3014,16236,3011,5011,5011,21924
1450,1450,0,0,0,3014,16236,3011,5010,5011,2438
1451,1451,0,0,0,3014,16224,3011,5011,5011,2454
1452,1452,0,0,0,3014,16224,3011,5011,5011,21046
1453,1453,0,0,0,3014,16224,3011,5010,5011,3140
1454,1454,0,0,0,3014,16224,3011,5011,5011,31998
1455,1455,0,0,0,3014,16228,3011,5011,5011,2236
1456,1456,0,0,0,3014,16228,3011,5010,5011,2884
1457,1457,0,0,0,3014,16228,3011,5011,5011,2964
1458,1458,0,0,0,3014,16228,3011,5011,5011,2724
1459,1459,0,0,0,3014,16228,3011,5010,5011,20750
1460,1460,0,0,0,3014,16228,3011,5011,5011,20384
1461,1461,0,0,0,3014,16228,3011,5011,5011,3176
1462,1462,0,0,0,3014,16228,3011,5010,5011,32740
1463,1463,0,0,0,3014,16232,3011,5011,5011,21560
1464,1464,0,0,0,3014,16232,3011,5011,5011,24272
1465,1465,0,0,0,3014,16232,3011,5010,5011,24132
1466,1466,0,0,0,3014,16232,3011,5011,5011,21166
1467,1467,0,0,0,3014,16234,3011,5011,5011,32566
1468,1468,0,0,0,3014,16234,3011,5010,5011,22778
1469,1469,0,0,0,3014,16234,3011,5011,5011,682
1470,1470,0,0,0,3014,16234,3011,5011,5011,2868
1471,1471,0,0,0,3014,16222,3011,5010,5011,2260
1472,1472,0,0,0,3013,16222,3011,5011,5011,3046
1473,1473,0,0,0,3013,16222,3011,5011,5011,20428
1474,1474,0,0,0,3013,16222,3011,5010,5011,20750
1475,1475,0,0,0,3013,16234,3011,5011,5011,20708
1476,1476,0,0,0,3014,16234,3011,5011,5011,2774
1477,1477,0,0,0,3014,16234,3011,5010,5011,21694
1478,1478,0,0,0,3014,16234,3011,5011,5011,342
1479,1479,0,0,0,3014,16232,3011,5011,5011,2332
1480,1480,0,0,0,3014,16232,3011,5010,5011,632
1481,1481,0,0,0,3014,16232,3011,5011,5011,2704
1482,1482,0,0,0,3014,16232,3011,5011,5011,1004
1483,1483,0,0,0,3014,16232,3011,5010,5011,20838
1484,1484,0,0,0,3014,16232,3011,5011,5011,23136
1485,1485,0,0,0,3014,16232,3011,5011,5011,2722
1486,1486,0,0,0,3014,16232,3011,5010,5011,1134
1487,1487,0,0,0,3014,16232,3011,5011,5011,2574
1488,1488,0,0,0,3014,16232,3011,5011,5011,22662
1489,1489,0,0,0,3014,16232,3011,5010,5011,32648
1490,1490,0,0,0,3014,16232,3011,5011,5011,2748
1491,1491,0,0,0,3014,16234,3011,5011,5011,21290
1492,1492,0,0,0,3014,16234,3011,5010,5011,21920
1493,1493,0,0,0,3014,16234,3011,5011,5011,24754
1494,1494,0,0,0,3014,16234,3011,5011,5011,3888
1495,1495,0,0,0,3014,16236,3011,5010,5011,31676
1496,1496,0,0,0,3014,16236,3011,5011,5011,21280
1497,1497,0,0,0,3014,16236,3011,5011,5011,3424
1498,1498,0,0,0,3014,16236,3011,5010,5011,2120
1499,1499,0,0,0,3014,16232,3011,5011,5011,32160
1500,1500,0,0,0,3014,16232,3011,5011,5011,23474
1501,1501,0,0,0,3014,16232,3011,5010,5011,3294
1502,1502,0,0,0,3014,16232,3011,5011,5011,276
1503,1503,0,0,0,3014,16232,3011,5011,5011,496
1504,1504,0,0,0,3014,16232,3011,5010,5011,3556
1505,1505,0,0,0,3014,16232,3011,5011,5011,3386
1506,1506,0,0,0,3014,16232,3011,5011,5011,24286
1507,1507,0,0,0,3014,16236,3011,5010,5011,22746
1508,1508,0,0,0,3014,16236,3011,5011,5011,1954
1509,1509,0,0,0,3014,16236,3011,5011,5011,21256
1510,1510,0,0,0,3014,16236,3011,5010,5011,23058
1511,1511,0,0,0,3014,46,3011,5011,5011,1890
1512,1512,0,0,0,2002,46,3011,5011,5011,32490
1513,1513,0,0,0,2002,46,2758,5010,5011,2496
1514,1514,0,0,0,2002,46,2569,5011,4758,32326
1515,1515,0,0,0,2002,48,2427,5011,4569,31340
1516,1516,0,0,0,2003,48,2320,5010,4427,568
1517,1517,0,0,0,2003,48,2240,4955,4320,22978
1518,1518,0,0,0,2003,48,2180,4801,4240,2552
1519,1519,0,0,0,2003,50,2135,4630,4180,23294
1520,1520,0,0,0,2003,50,2102,4479,4135,2460
1521,1521,0,0,0,2003,50,2077,4335,4102,202
1522,1522,0,0,0,2003,50,2058,4238,4077,828
1523,1523,0,0,0,2003,52,2044,4172,4058,28158
1524,1524,0,0,0,2003,52,2033,4117,4044,21962
1525,1525,0,0,0,2003,52,2025,4090,4033,26818
1526,1526,0,0,0,2003,52,2019,4069,4025,12968
1527,1527,0,0,0,2003,46,2015,4049,4019,17094
1528,1528,0,0,0,2002,46,2012,4041,4015,16404
1529,1529,0,0,0,2002,46,2009,4031,4012,26058
1530,1530,0,0,0,2002,46,2007,4022,4009,17674
1531,1531,0,0,0,2002,16228,2005,4019,4007,15744
1532,1532,0,0,0,3014,16228,2004,4014,4005,13324
1533,1533,0,0,0,3014,16228,2256,4010,4004,15076
1534,1534,0,0,0,3014,16228,2445,4009,4256,13958
1535,1535,0,0,0,3014,16230,2587,4006,4445,13192
1536,1536,0,0,0,3014,16230,2693,4004,4587,13010
1537,1537,0,0,0,3014,16230,2773,4060,4693,25810
1538,1538,0,0,0,3014,16230,2833,4212,4773,16212
1539,1539,0,0,0,3014,16224,2878,4382,4833,27742
1540,1540,0,0,0,3014,16224,2912,4534,4878,28174
1541,1541,0,0,0,3014,16224,2937,4676,4912,26128
1542,1542,0,0,0,3014,16224,2956,4774,4937,26578
1543,1543,0,0,0,3014,16228,2970,4840,4956,21394
1544,1544,0,0,0,3014,16228,2981,4894,4970,2852
1545,1545,0,0,0,3014,16228,2989,4923,4981,30244
1546,1546,0,0,0,3014,16228,2995,4944,4989,22112
1547,1547,0,0,0,3014,16234,2999,4963,4995,25962
1548,1548,0,0,0,3014,16234,3002,4972,4999,1338
1549,1549,0,0,0,3014,16234,3005,4982,5002,902
1550,1550,0,0,0,3014,16234,3007,4991,5005,260
1551,1551,0,0,0,3014,50,3008,4994,5007,1066
1552,1552,0,0,0,2003,50,3009,4999,5008,3194
1553,1553,0,0,0,2003,50,2757,5003,5009,1310
1554,1554,0,0,0,2003,50,2568,5004,4757,1724
1555,1555,0,0,0,2003,52,2426,5007,4568,2888
1556,1556,0,0,0,2003,52,2320,5008,4426,24530
1557,1557,0,0,0,2003,52,2240,4952,4320,1170
1558,1558,0,0,0,2003,52,2180,4800,4240,2074
1559,1559,0,0,0,2003,50,2135,4629,4180,20754
1560,1560,0,0,0,2003,50,2102,4478,4135,20916
1561,1561,0,0,0,2003,50,2077,4335,4102,2316
1562,1562,0,0,0,2003,50,2058,4238,4077,21464
1563,1563,0,0,0,2003,50,2044,4172,4058,14908
1564,1564,0,0,0,2003,50,2033,4118,4044,24766
1565,1565,0,0,0,2003,50,2025,4090,4033,15474
1566,1566,0,0,0,2003,50,2019,4069,4025,25926
1567,1567,0,0,0,2003,50,2015,4049,4019,13690
1568,1568,0,0,0,2003,50,2012,4041,4015,12560
1569,1569,0,0,0,2003,50,2009,4031,4012,26612
1570,1570,0,0,0,2003,50,2007,4022,4009,26844
1571,1571,0,0,0,2003,16230,2006,4019,4007,14604
1572,1572,0,0,0,3014,16230,2005,4014,4006,13080
1573,1573,0,0,0,3014,16230,2257,4010,4005,14214
1574,1574,0,0,0,3014,16230,2446,4009,4257,15204
1575,1575,0,0,0,3014,16232,2588,4006,4446,26102
1576,1576,0,0,0,3014,16232,2694,4005,4588,26774
1577,1577,0,0,0,3014,16232,2774,4061,4694,12840
1578,1578,0,0,0,3014,16232,2834,4213,4774,27634
1579,1579,0,0,0,3014,16234,2879,4384,4834,22634
1580,1580,0,0,0,3014,16234,2912,4535,4879,28090
1581,1581,0,0,0,3014,16234,2937,4677,4912,12988
1582,1582,0,0,0,3014,16234,2956,4775,4937,26984
1583,1583,0,0,0,3014,16238,2970,4841,4956,976
1584,1584,0,0,0,3014,16238,2981,4895,4970,22518
1585,1585,0,0,0,3014,16238,2989,4923,4981,20758
1586,1586,0,0,0,3014,16238,2995,4944,4989,21014
1587,1587,0,0,0,3014,16234,2999,4963,4995,23340
1588,1588,0,0,0,3014,16234,3002,4972,4999,20514
1589,1589,0,0,0,3014,16234,3005,4982,5002,23114
1590,1590,0,0,0,3014,16234,3007,4991,5005,32760
1591,1591,0,0,0,3014,16238,3008,4994,5007,32036
1592,1592,0,0,0,3014,16238,3009,4999,5008,21802
1593,1593,0,0,0,3014,16238,3010,5003,5009,2208
1594,1594,0,0,0,3014,16238,3011,5004,5010,2196
1595,1595,0,0,0,3014,16228,3011,5007,5011,24742
1596,1596,0,0,0,3014,16228,3011,5008,5011,2370
1597,1597,0,0,0,3014,16228,3011,5008,5011,24272
1598,1598,0,0,0,3014,16228,3011,5010,5011,22336
1599,1599,0,0,0,3014,16230,3011,5010,5011,22310
1600,1600,0,0,0,3014,16230,3011,5010,5011,22944
1601,1601,0,0,0,3014,16230,3011,5011,5011,1820
1602,1602,0,0,0,3014,16230,3011,5010,5011,3450
1603,1603,0,0,0,3014,16236,3011,5010,5011,22420
1604,1604,0,0,0,3014,16236,3011,5011,5011,22062
1605,1605,0,0,0,3014,16236,3011,5010,5011,2258
1606,1606,0,0,0,3014,16236,3011,5010,5011,20956
1607,1607,0,0,0,3014,16230,3011,5011,5011,20534
1608,1608,0,0,0,3014,16230,3011,5010,5011,1154
1609,1609,0,0,0,3014,16230,3011,5010,5011,22588
1610,1610,0,0,0,3014,16230,3011,5011,5011,3390
1611,1611,0,0,0,3014,44,3011,5010,5011,20602
1612,1612,0,0,0,2002,44,3011,5010,5011,3478
1613,1613,0,0,0,2002,44,2758,5011,5011,3518
1614,1614,0,0,0,2002,44,2569,5010,4758,1732
1615,1615,0,0,0,2002,58,2427,5010,4569,20630
1616,1616,0,0,0,2003,58,2320,5011,4427,2788
1617,1617,0,0,0,2003,58,2240,4954,4320,31866
1618,1618,0,0,0,2003,58,2180,4801,4240,21686
1619,1619,0,0,0,2003,48,2135,4630,4180,21494
1620,1620,0,0,0,2003,48,2102,4478,4135,962
1621,1621,0,0,0,2003,48,2077,4335,4102,22618
1622,1622,0,0,0,2003,48,2058,4238,4077,1784
1623,1623,0,0,0,2003,48,2044,4172,4058,13404
1624,1624,0,0,0,2003,48,2033,4118,4044,27268
1625,1625,0,0,0,2003,48,2025,4090,4033,13466
1626,1626,0,0,0,2003,48,2019,4069,4025,26056
1627,1627,0,0,0,2003,52,2015,4049,4019,13960
1628,1628,0,0,0,2003,52,2012,4041,4015,23984
1629,1629,0,0,0,2003,52,2009,4031,4012,27926
1630,1630,0,0,0,2003,52,2007,4022,4009,27972
1631,1631,0,0,0,2003,16234,2006,4019,4007,12548
1632,1632,0,0,0,3014,16234,2005,4014,4006,14266
1633,1633,0,0,0,3014,16234,2257,4010,4005,27956
1634,1634,0,0,0,3014,16234,2446,4009,4257,27738
1635,1635,0,0,0,3014,16234,2588,4006,4446,14290
1636,1636,0,0,0,3014,16234,2694,4005,4588,12814
1637,1637,0,0,0,3014,16234,2774,4061,4694,14376
1638,1638,0,0,0,3014,16234,2834,4213,4774,28278
1639,1639,0,0,0,3014,16234,2879,4384,4834,25942
1640,1640,0,0,0,3014,16234,2912,4535,4879,13302
1641,1641,0,0,0,3014,16234,2937,4677,4912,25932
1642,1642,0,0,0,3014,16234,2956,4775,4937,12840
1643,1643,0,0,0,3014,16238,2970,4841,4956,2838
1644,1644,0,0,0,3014,16238,2981,4895,4970,20556
1645,1645,0,0,0,3014,16238,2989,4923,4981,194
1646,1646,0,0,0,3014,16238,2995,4944,4989,266
1647,1647,0,0,0,3014,16230,2999,4963,4995,3780
1648,1648,0,0,0,3014,16230,3002,4972,4999,31870
1649,1649,0,0,0,3014,16230,3005,4982,5002,22840
1650,1650,0,0,0,3014,16230,3007,4991,5005,20950
1651,1651,0,0,0,3014,16232,3008,4994,5007,3372
1652,1652,0,0,0,3014,16232,3009,4999,5008,21284
1653,1653,0,0,0,3014,16232,3010,5003,5009,21414
1654,1654,0,0,0,3014,16232,3011,5004,5010,22490
1655,1655,0,0,0,3014,16230,3011,5007,5011,2284
1656,1656,0,0,0,3014,16230,3011,5008,5011,21284
1657,1657,0,0,0,3014,16230,3011,5008,5011,694
1658,1658,0,0,0,3014,16230,3011,5010,5011,1564
1659,1659,0,0,0,3014,16230,3011,5010,5011,2788
1660,1660,0,0,0,3014,16230,3011,5010,5011,760
1661,1661,0,0,0,3014,16230,3011,5011,5011,23100
1662,1662,0,0,0,3014,16230,3011,5010,5011,20412
1663,1663,0,0,0,3014,16230,3011,5010,5011,32208
1664,1664,0,0,0,3014,16230,3011,5011,5011,25310
1665,1665,0,0,0,3014,16230,3011,5010,5011,32040
1666,1666,0,0,0,3014,16230,3011,5010,5011,22956
1667,1667,0,0,0,3014,16234,3011,5011,5011,21140
1668,1668,0,0,0,3014,16234,3011,5010,5011,20662
1669,1669,0,0,0,3014,16234,3011,5010,5011,32532
1670,1670,0,0,0,3014,16234,3011,5011,5011,20524
1671,1671,0,0,0,3014,16238,3011,5010,5011,21672
1672,1672,0,0,0,3014,16238,3011,5010,5011,22624
1673,1673,0,0,0,3014,16238,3011,5011,5011,1930
1674,1674,0,0,0,3014,16238,3011,5010,5011,2306
1675,1675,0,0,0,3014,16226,3011,5010,5011,1636
1676,1676,0,0,0,3014,16226,3011,5011,5011,20602
1677,1677,0,0,0,3014,16226,3011,5010,5011,21474
1678,1678,0,0,0,3014,16226,3011,5010,5011,3112
1679,1679,0,0,0,3014,16238,3011,5011,5011,25330
1680,1680,0,0,0,3014,16238,3011,5010,5011,2352
1681,1681,0,0,0,3014,16238,3011,5010,5011,22082
1682,1682,0,0,0,3014,16238,3011,5011,5011,2454
1683,1683,0,0,0,3014,16234,3011,5010,5011,31666
1684,1684,0,0,0,3014,16234,3011,5010,5011,2280
1685,1685,0,0,0,3014,16234,3011,5011,5011,20672
1686,1686,0,0,0,3014,16234,3011,5010,5011,23262
1687,1687,0,0,0,3014,16230,3011,5010,5011,32532
1688,1688,0,0,0,3014,16230,3011,5011,5011,23784
1689,1689,0,0,0,3014,16230,3011,5010,5011,22684
1690,1690,0,0,0,3014,16230,3011,5010,5011,2742
1691,1691,0,0,0,3014,16236,3011,5011,5011,22056
1692,1692,0,0,0,3014,16236,3011,5010,5011,3362
1693,1693,0,0,0,3014,16236,3011,5010,5011,2640
1694,1694,0,0,0,3014,16236,3011,5011,5011,1762
1695,1695,0,0,0,3014,16228,3011,5010,5011,23118
1696,1696,0,0,0,3014,16228,3011,5010,5011,2644
1697,1697,0,0,0,3014,16228,3011,5011,5011,454
1698,1698,0,0,0,3014,16228,3011,5010,5011,23480
1699,1699,0,0,0,3014,16234,3011,5010,5011,24114
1700,1700,0,0,0,3014,16234,3011,5011,5011,20784
1701,1701,0,0,0,3014,16234,3011,5010,5011,21316
1702,1702,0,0,0,3014,16234,3011,5010,5011,550
1703,1703,0,0,0,3014,16222,3011,5011,5011,28986
1704,1704,0,0,0,3013,16222,3011,5010,5011,22962
1705,1705,0,0,0,3013,16222,3011,5010,5011,23146
1706,1706,0,0,0,3013,16222,3011,5011,5011,2924
1707,1707,0,0,0,3013,16236,3011,5010,5011,1548
1708,1708,0,0,0,3014,16236,3011,5010,5011,2954
1709,1709,0,0,0,3014,16236,3011,5011,5011,31764
1710,1710,0,0,0,3014,16236,3011,5010,5011,26752
1711,1711,0,0,0,3014,16230,3011,5010,5011,3442
1712,1712,0,0,0,3014,16230,3011,5011,5011,2784
1713,1713,0,0,0,3014,16230,3011,5010,5011,22660
1714,1714,0,0,0,3014,16230,3011,5010,5011,30664
1715,1715,0,0,0,3014,16234,3011,5011,5011,2634
1716,1716,0,0,0,3014,16234,3011,5010,5011,2044
1717,1717,0,0,0,3014,16234,3011,5010,5011,3378
1718,1718,0,0,0,3014,16234,3011,5011,5011,3130
1719,1719,0,0,0,3014,16230,3011,5010,5011,20554
1720,1720,0,0,0,3014,16230,3011,5010,5011,21924
1721,1721,0,0,0,3014,16230,3011,5011,5011,2422
1722,1722,0,0,0,3014,16230,3011,5010,5011,2658
1723,1723,0,0,0,3014,16234,3011,5010,5011,21756
1724,1724,0,0,0,3014,16234,3011,5011,5011,24368
1725,1725,0,0,0,3014,16234,3011,5010,5011,24980
1726,1726,0,0,0,3014,16234,3011,5010,5011,1842
1727,1727,0,0,0,3014,16226,3011,5011,5011,3376
1728,1728,0,0,0,3014,16226,3011,5010,5011,992
1729,1729,0,0,0,3014,16226,3011,5010,5011,21084
1730,1730,0,0,0,3014,16226,3011,5011,5011,20714
1731,1731,0,0,0,3014,16238,3011,5010,5011,2212
1732,1732,0,0,0,3014,16238,3011,5010,5011,2926
1733,1733,0,0,0,3014,16238,3011,5011,5011,1196
1734,1734,0,0,0,3014,16238,3011,5010,5011,21250
1735,1735,0,0,0,3014,16228,3011,5010,5011,1868
1736,1736,0,0,0,3014,16228,3011,5011,5011,31606
1737,1737,0,0,0,3014,16228,3011,5010,5011,3134
1738,1738,0,0,0,3014,16228,3011,5010,5011,32284
1739,1739,0,0,0,3014,16226,3011,5011,5011,22902
1740,1740,0,0,0,3014,16226,3011,5010,5011,2958
1741,1741,0,0,0,3014,16226,3011,5010,5011,1686
1742,1742,0,0,0,3014,16226,3011,5011,5011,22058
1743,1743,0,0,0,3014,16242,3011,5010,5011,21150
1744,1744,0,0,0,3015,16242,3011,5010,5011,21854
1745,1745,0,0,0,3015,16242,3012,5011,5011,25676
1746,1746,0,0,0,3015,16242,3012,5010,5012,32186
1747,1747,0,0,0,3015,16214,3012,5010,5012,1324
1748,1748,0,0,0,3013,16214,3012,5011,5012,1624
1749,1749,0,0,0,3013,16214,3012,5010,5012,20948
1750,1750,0,0,0,3013,16214,3012,5011,5012,22974
1751,1751,0,0,0,3013,58,3012,5012,5012,1806
1752,1752,0,0,0,2003,58,3012,5011,5012,21654
1753,1753,0,0,0,2003,58,2759,5012,5012,1440
1754,1754,0,0,0,2003,58,2570,5012,4759,1678
1755,1755,0,0,0,2003,50,2428,5011,4570,22294
1756,1756,0,0,0,2003,50,2321,5012,4428,21702
1757,1757,0,0,0,2003,50,2241,4956,4321,2718
1758,1758,0,0,0,2003,50,2181,4802,4241,21950
1759,1759,0,0,0,2003,50,2136,4631,4181,20776
1760,1760,0,0,0,2003,50,2102,4480,4136,21926
1761,1761,0,0,0,2003,50,2077,4336,4102,1300
1762,1762,0,0,0,2003,50,2058,4239,4077,20384
1763,1763,0,0,0,2003,56,2044,4173,4058,26240
1764,1764,0,0,0,2003,56,2033,4118,4044,28594
1765,1765,0,0,0,2003,56,2025,4090,4033,24528
1766,1766,0,0,0,2003,56,2019,4069,4025,12904
1767,1767,0,0,0,2003,48,2015,4049,4019,28334
1768,1768,0,0,0,2003,48,2012,4041,4015,22878
1769,1769,0,0,0,2003,48,2009,4031,4012,15136
1770,1770,0,0,0,2003,48,2007,4022,4009,17036
1771,1771,0,0,0,2003,48,2006,4019,4007,15614
1772,1772,0,0,0,2003,48,2005,4014,4006,27756
1773,1773,0,0,0,2003,48,2004,4010,4005,26378
1774,1774,0,0,0,2003,48,2003,4009,4004,26116
1775,1775,0,0,0,2003,54,2003,4006,4003,27598
1776,1776,0,0,0,2003,54,2003,4005,4003,27574
1777,1777,0,0,0,2003,54,2003,4005,4003,14964
1778,1778,0,0,0,2003,54,2003,4003,4003,28034
1779,1779,0,0,0,2003,52,2003,4003,4003,14874
1780,1780,0,0,0,2003,52,2003,4003,4003,13536
1781,1781,0,0,0,2003,52,2003,4002,4003,13876
1782,1782,0,0,0,2003,52,2003,4003,4003,14166
1783,1783,0,0,0,2003,48,2003,4003,4003,28544
1784,1784,0,0,0,2003,48,2003,4002,4003,13006
1785,1785,0,0,0,2003,48,2003,4003,4003,25886
1786,1786,0,0,0,2003,48,2003,4003,4003,15942
1787,1787,0,0,0,2003,54,2003,4002,4003,15012
1788,1788,0,0,0,2003,54,2003,4003,4003,28584
1789,1789,0,0,0,2003,54,2003,4003,4003,24148
1790,1790,0,0,0,2003,54,2003,4002,4003,27922
1791,1791,0,0,0,2003,52,2003,4003,4003,26106
1792,1792,0,0,0,2003,52,2003,4003,4003,17682
1793,1793,0,0,0,2003,52,2003,4002,4003,14932
1794,1794,0,0,0,2003,52,2003,4003,4003,28412
1795,1795,0,0,0,2003,48,2003,4003,4003,27102
1796,1796,0,0,0,2003,48,2003,4002,4003,27888
1797,1797,0,0,0,2003,48,2003,4003,4003,23782
1798,1798,0,0,0,2003,48,2003,4003,4003,15956
1799,1799,0,0,0,2003,56,2003,4002,4003,13130
1800,1800,0,0,0,2003,56,2003,4003,4003,28694
1801,1801,0,0,0,2003,56,2003,4003,4003,26068
1802,1802,0,0,0,2003,56,2003,4002,4003,15066
1803,1803,0,0,0,2003,50,2003,4003,4003,12552
1804,1804,0,0,0,2003,50,2003,4003,4003,27996
1805,1805,0,0,0,2003,50,2003,4002,4003,23902
1806,1806,0,0,0,2003,50,2003,4003,4003,13538
1807,1807,0,0,0,2003,52,2003,4003,4003,28758
1808,1808,0,0,0,2003,52,2003,4002,4003,28488
1809,1809,0,0,0,2003,52,2003,4003,4003,19136
1810,1810,0,0,0,2003,52,2003,4003,4003,14738
1811,1811,0,0,0,2003,16230,2003,4002,4003,27860
1812,1812,0,0,0,3014,16230,2003,4003,4003,15318
1813,1813,0,0,0,3014,16230,2255,4003,4003,13594
1814,1814,0,0,0,3014,16230,2444,4002,4255,13866
1815,1815,0,0,0,3014,16236,2586,4003,4444,27648
1816,1816,0,0,0,3014,16236,2693,4003,4586,22442
1817,1817,0,0,0,3014,16236,2773,4058,4693,28356
1818,1818,0,0,0,3014,16236,2833,4212,4773,26962
1819,1819,0,0,0,3014,16234,2878,4382,4833,25286
1820,1820,0,0,0,3014,16234,2912,4533,4878,14882
1821,1821,0,0,0,3014,16234,2937,4677,4912,12690
1822,1822,0,0,0,3014,16234,2956,4774,4937,24832
1823,1823,0,0,0,3014,16234,2970,4840,4956,2654
1824,1824,0,0,0,3014,16234,2981,4895,4970,29588
1825,1825,0,0,0,3014,16234,2989,4923,4981,21194
1826,1826,0,0,0,3014,16234,2995,4944,4989,21256
1827,1827,0,0,0,3014,16240,2999,4964,4995,20626
1828,1828,0,0,0,3015,16240,3002,4972,4999,364
1829,1829,0,0,0,3015,16240,3005,4982,5002,924
1830,1830,0,0,0,3015,16240,3007,4991,5005,3410
1831,1831,0,0,0,3015,16236,3009,4994,5007,2106
1832,1832,0,0,0,3014,16236,3010,4999,5009,21904
1833,1833,0,0,0,3014,16236,3011,5003,5010,21818
1834,1834,0,0,0,3014,16236,3011,5004,5011,30482
1835,1835,0,0,0,3014,16238,3011,5007,5011,474
1836,1836,0,0,0,3014,16238,3011,5009,5011,3022
1837,1837,0,0,0,3014,16238,3011,5009,5011,21264
1838,1838,0,0,0,3014,16238,3011,5011,5011,24682
1839,1839,0,0,0,3014,16238,3011,5011,5011,1694
1840,1840,0,0,0,3014,16238,3011,5010,5011,1354
1841,1841,0,0,0,3014,16238,3011,5011,5011,3422
1842,1842,0,0,0,3014,16238,3011,5011,5011,23052
1843,1843,0,0,0,3014,16240,3011,5010,5011,522
1844,1844,0,0,0,3015,16240,3011,5011,5011,22686
1845,1845,0,0,0,3015,16240,3012,5011,5011,2534
1846,1846,0,0,0,3015,16240,3012,5010,5012,1214
1847,1847,0,0,0,3015,16232,3012,5011,5012,2344
1848,1848,0,0,0,3014,16232,3012,5011,5012,22052
1849,1849,0,0,0,3014,16232,3012,5010,5012,1490
1850,1850,0,0,0,3014,16232,3012,5011,5012,1910
1851,1851,0,0,0,3014,56,3012,5011,5012,22412
1852,1852,0,0,0,2003,56,3012,5011,5012,3754
1853,1853,0,0,0,2003,56,2759,5012,5012,3274
1854,1854,0,0,0,2003,56,2570,5011,4759,3242
1855,1855,0,0,0,2003,58,2428,5011,4570,23450
1856,1856,0,0,0,2003,58,2321,5012,4428,32488
1857,1857,0,0,0,2003,58,2241,4955,4321,32284
1858,1858,0,0,0,2003,58,2181,4802,4241,32714
1859,1859,0,0,0,2003,50,2136,4631,4181,3982
1860,1860,0,0,0,2003,50,2102,4479,4136,22214
1861,1861,0,0,0,2003,50,2077,4336,4102,458
1862,1862,0,0,0,2003,50,2058,4239,4077,21992
1863,1863,0,0,0,2003,48,2044,4173,4058,14242
1864,1864,0,0,0,2003,48,2033,4118,4044,24522
1865,1865,0,0,0,2003,48,2025,4090,4033,12514
1866,1866,0,0,0,2003,48,2019,4069,4025,12454
1867,1867,0,0,0,2003,54,2015,4049,4019,28760
1868,1868,0,0,0,2003,54,2012,4041,4015,13246
1869,1869,0,0,0,2003,54,2009,4031,4012,28492
1870,1870,0,0,0,2003,54,2007,4022,4009,27484
1871,1871,0,0,0,2003,54,2006,4019,4007,26468
1872,1872,0,0,0,2003,54,2005,4014,4006,26270
1873,1873,0,0,0,2003,54,2004,4010,4005,28180
1874,1874,0,0,0,2003,54,2003,4009,4004,28500
1875,1875,0,0,0,2003,56,2003,4006,4003,17276
1876,1876,0,0,0,2003,56,2003,4005,4003,27758
1877,1877,0,0,0,2003,56,2003,4005,4003,16136
1878,1878,0,0,0,2003,56,2003,4003,4003,26144
1879,1879,0,0,0,2003,44,2003,4003,4003,16350
1880,1880,0,0,0,2002,44,2003,4003,4003,16032
1881,1881,0,0,0,2002,44,2002,4002,4003,26908
1882,1882,0,0,0,2002,44,2002,4003,4002,14582
1883,1883,0,0,0,2002,60,2002,4003,4002,13026
1884,1884,0,0,0,2003,60,2002,4002,4002,15486
1885,1885,0,0,0,2003,60,2002,4003,4002,28662
1886,1886,0,0,0,2003,60,2002,4002,4002,18504
1887,1887,0,0,0,2003,50,2002,4001,4002,28328
1888,1888,0,0,0,2003,50,2002,4002,4002,13202
1889,1889,0,0,0,2003,50,2002,4001,4002,26564
1890,1890,0,0,0,2003,50,2002,4001,4002,27434
1891,1891,0,0,0,2003,16234,2002,4002,4002,27574
1892,1892,0,0,0,3014,16234,2002,4001,4002,26346
1893,1893,0,0,0,3014,16234,2255,4001,4002,14244
1894,1894,0,0,0,3014,16234,2444,4002,4255,28640
1895,1895,0,0,0,3014,16226,2586,4001,4444,23872
1896,1896,0,0,0,3014,16226,2693,4001,4586,24614
1897,1897,0,0,0,3014,16226,2773,4058,4693,27982
1898,1898,0,0,0,3014,16226,2833,4211,4773,28018
1899,1899,0,0,0,3014,16228,2878,4382,4833,25880
1900,1900,0,0,0,3014,16228,2912,4534,4878,14766
1901,1901,0,0,0,3014,16228,2937,4676,4912,14746
1902,1902,0,0,0,3014,16228,2956,4774,4937,13172
1903,1903,0,0,0,3014,16236,2970,4840,4956,22124
1904,1904,0,0,0,3014,16236,2981,4894,4970,3780
1905,1905,0,0,0,3014,16236,2989,4923,4981,20634
1906,1906,0,0,0,3014,16236,2995,4944,4989,29626
1907,1907,0,0,0,3014,16224,2999,4963,4995,20496
1908,1908,0,0,0,3014,16224,3002,4972,4999,20766
1909,1909,0,0,0,3014,16224,3005,4982,5002,3168
1910,1910,0,0,0,3014,16224,3007,4991,5005,1376
1911,1911,0,0,0,3014,50,3008,4994,5007,3400
1912,1912,0,0,0,2003,50,3009,4999,5008,3422
1913,1913,0,0,0,2003,50,2757,5003,5009,24146
1914,1914,0,0,0,2003,50,2568,5004,4757,21526
1915,1915,0,0,0,2003,52,2426,5007,4568,32276
1916,1916,0,0,0,2003,52,2320,5008,4426,1400
1917,1917,0,0,0,2003,52,2240,4952,4320,2662
1918,1918,0,0,0,2003,52,2180,4800,4240,20676
1919,1919,0,0,0,2003,50,2135,4629,4180,2490
1920,1920,0,0,0,2003,50,2102,4478,4135,22148
1921,1921,0,0,0,2003,50,2077,4335,4102,23548
1922,1922,0,0,0,2003,50,2058,4238,4077,20866
1923,1923,0,0,0,2003,50,2044,4172,4058,14174
1924,1924,0,0,0,2003,50,2033,4118,4044,26222
1925,1925,0,0,0,2003,50,2025,4090,4033,27982
1926,1926,0,0,0,2003,50,2019,4069,4025,26616
1927,1927,0,0,0,2003,50,2015,4049,4019,12710
1928,1928,0,0,0,2003,50,2012,4041,4015,13078
1929,1929,0,0,0,2003,50,2009,4031,4012,28268
1930,1930,0,0,0,2003,50,2007,4022,4009,13378
1931,1931,0,0,0,2003,16232,2006,4019,4007,14864
1932,1932,0,0,0,3014,16232,2005,4014,4006,25406
1933,1933,0,0,0,3014,16232,2257,4010,4005,25440
1934,1934,0,0,0,3014,16232,2446,4009,4257,26274
1935,1935,0,0,0,3014,16228,2588,4006,4446,14146
1936,1936,0,0,0,3014,16228,2694,4005,4588,14498
1937,1937,0,0,0,3014,16228,2774,4061,4694,27974
1938,1938,0,0,0,3014,16228,2834,4213,4774,12766
1939,1939,0,0,0,3014,16230,2879,4384,4834,13140
1940,1940,0,0,0,3014,16230,2912,4535,4879,26374
1941,1941,0,0,0,3014,16230,2937,4677,4912,24820
1942,1942,0,0,0,3014,16230,2956,4775,4937,15498
1943,1943,0,0,0,3014,16232,2970,4841,4956,3190
1944,1944,0,0,0,3014,16232,2981,4895,4970,21776
1945,1945,0,0,0,3014,16232,2989,4923,4981,20706
1946,1946,0,0,0,3014,16232,2995,4944,4989,3386
1947,1947,0,0,0,3014,16230,2999,4963,4995,21700
1948,1948,0,0,0,3014,16230,3002,4972,4999,21246
1949,1949,0,0,0,3014,16230,3005,4982,5002,1934
1950,1950,0,0,0,3014,16230,3007,4991,5005,21422
1951,1951,0,0,0,3014,52,3008,4994,5007,22734
1952,1952,0,0,0,2003,52,3009,4999,5008,3724
1953,1953,0,0,0,2003,52,2757,5003,5009,20666
1954,1954,0,0,0,2003,52,2568,5004,4757,20700
1955,1955,0,0,0,2003,54,2426,5007,4568,20510
1956,1956,0,0,0,2003,54,2320,5008,4426,25430
1957,1957,0,0,0,2003,54,2240,4952,4320,2234
1958,1958,0,0,0,2003,54,2180,4800,4240,21060
1959,1959,0,0,0,2003,52,2135,4629,4180,20822
1960,1960,0,0,0,2003,52,2102,4478,4135,23418
1961,1961,0,0,0,2003,52,2077,4335,4102,3330
1962,1962,0,0,0,2003,52,2058,4238,4077,2082
1963,1963,0,0,0,2003,54,2044,4172,4058,25100
1964,1964,0,0,0,2003,54,2033,4118,4044,15104
1965,1965,0,0,0,2003,54,2025,4090,4033,13624
1966,1966,0,0,0,2003,54,2019,4069,4025,27688
1967,1967,0,0,0,2003,56,2015,4049,4019,14400
1968,1968,0,0,0,2003,56,2012,4041,4015,27184
1969,1969,0,0,0,2003,56,2009,4031,4012,15468
1970,1970,0,0,0,2003,56,2007,4022,4009,27784
1971,1971,0,0,0,2003,16238,2006,4019,4007,15916
1972,1972,0,0,0,3014,16238,2005,4014,4006,27668
1973,1973,0,0,0,3014,16238,2257,4010,4005,14322
1974,1974,0,0,0,3014,16238,2446,4009,4257,28320
1975,1975,0,0,0,3014,16232,2588,4006,4446,15418
1976,1976,0,0,0,3014,16232,2694,4005,4588,17168
1977,1977,0,0,0,3014,16232,2774,4061,4694,14288
1978,1978,0,0,0,3014,16232,2834,4213,4774,27278
1979,1979,0,0,0,3014,16226,2879,4384,4834,14450
1980,1980,0,0,0,3014,16226,2912,4535,4879,24918
1981,1981,0,0,0,3014,16226,2937,4677,4912,15104
1982,1982,0,0,0,3014,16226,2956,4775,4937,14964
1983,1983,0,0,0,3014,16238,2970,4841,4956,21018
1984,1984,0,0,0,3014,16238,2981,4895,4970,2960
1985,1985,0,0,0,3014,16238,2989,4923,4981,3770
1986,1986,0,0,0,3014,16238,2995,4944,4989,22182
1987,1987,0,0,0,3014,16232,2999,4963,4995,21126
1988,1988,0,0,0,3014,16232,3002,4972,4999,22182
1989,1989,0,0,0,3014,16232,3005,4982,5002,20536
1990,1990,0,0,0,3014,16232,3007,4991,5005,22906
1991,1991,0,0,0,3014,16232,3008,4994,5007,3194
1992,1992,0,0,0,3014,16232,3009,4999,5008,32690
1993,1993,0,0,0,3014,16232,3010,5003,5009,20742
1994,1994,0,0,0,3014,16232,3011,5004,5010,3386
1995,1995,0,0,0,3014,16230,3011,5007,5011,23372
1996,1996,0,0,0,3014,16230,3011,5008,5011,31426
1997,1997,0,0,0,3014,16230,3011,5008,5011,20822
1998,1998,0,0,0,3014,16230,3011,5010,5011,21514
1999,1999,0,0,0,3014,16228,3011,5010,5011,23572
2000,2000,0,0,0,3014,16228,3011,5010,5011,1476
2001,2001,0,0,0,3014,16228,3011,5011,5011,3418
2002,2002,0,0,0,3014,16228,3011,5010,5011,21158
2003,2003,0,0,0,3014,16236,3011,5010,5011,23188
2004,2004,0,0,0,3014,16236,3011,5011,5011,20560
2005,2005,0,0,0,3014,16236,3011,5010,5011,2912
2006,2006,0,0,0,3014,16236,3011,5010,5011,20572
2007,2007,0,0,0,3014,16232,3011,5011,5011,3890
2008,2008,0,0,0,3014,16232,3011,5010,5011,3812
2009,2009,0,0,0,3014,16232,3011,5010,5011,1362
2010,2010,0,0,0,3014,16232,3011,5011,5011,82
2011,2011,0,0,0,3014,16234,3011,5010,5011,31118
2012,2012,0,0,0,3014,16234,3011,5010,5011,1964
2013,2013,0,0,0,3014,16234,3011,5011,5011,3820
2014,2014,0,0,0,3014,16234,3011,5010,5011,3602
2015,2015,0,0,0,3014,16236,3011,5010,5011,21528
2016,2016,0,0,0,3014,16236,3011,5011,5011,2678
2017,2017,0,0,0,3014,16236,3011,5010,5011,244
2018,2018,0,0,0,3014,16236,3011,5010,5011,22324
2019,2019,0,0,0,3014,16232,3011,5011,5011,1004
2020,2020,0,0,0,3014,16232,3011,5010,5011,31502
2021,2021,0,0,0,3014,16232,3011,5010,5011,20848
2022,2022,0,0,0,3014,16232,3011,5011,5011,264
2023,2023,0,0,0,3014,16236,3011,5010,5011,20552
2024,2024,0,0,0,3014,16236,3011,5010,5011,24044
2025,2025,0,0,0,3014,16236,3011,5011,5011,3962
2026,2026,0,0,0,3014,16236,3011,5010,5011,20706
2027,2027,0,0,0,3014,16234,3011,5010,5011,22952
2028,2028,0,0,0,3014,16234,3011,5011,5011,28744
2029,2029,0,0,0,3014,16234,3011,5010,5011,22262
2030,2030,0,0,0,3014,16234,3011,5010,5011,21470
2031,2031,0,0,0,3014,46,3011,5011,5011,2534
2032,2032,0,0,0,2002,46,3011,5010,5011,2492
2033,2033,0,0,0,2002,46,2758,5010,5011,3548
2034,2034,0,0,0,2002,46,2569,5011,4758,21312
2035,2035,0,0,0,2002,56,2427,5010,4569,21236
2036,2036,0,0,0,2003,56,2320,5010,4427,32630
2037,2037,0,0,0,2003,56,2240,4955,4320,1858
2038,2038,0,0,0,2003,56,2180,4801,4240,912
2039,2039,0,0,0,2003,50,2135,4630,4180,20912
2040,2040,0,0,0,2003,50,2102,4479,4135,20514
2041,2041,0,0,0,2003,50,2077,4335,4102,31072
2042,2042,0,0,0,2003,50,2058,4238,4077,24684
2043,2043,0,0,0,2003,52,2044,4172,4058,12884
2044,2044,0,0,0,2003,52,2033,4117,4044,27236
2045,2045,0,0,0,2003,52,2025,4090,4033,14684
2046,2046,0,0,0,2003,52,2019,4069,4025,27662
2047,2047,0,0,0,2003,50,2015,4049,4019,14070
2048,2048,1,0,0,2003,50,2012,4041,4015,15280
2049,2049,0,0,0,2003,50,2009,4031,4012,25930
2050,2050,0,0,0,2003,50,2007,4022,4009,28018
2051,2051,0,0,0,2003,16230,2006,4019,4007,26582
2052,2052,0,0,0,3014,16230,2005,4014,4006,26570
2053,2053,0,0,0,3014,16230,2257,4010,4005,27884
2054,2054,0,0,0,3014,16230,2446,4009,4257,23184
2055,2055,0,0,0,3014,16234,2588,4006,4446,14298
2056,2056,0,0,0,3014,16234,2694,4005,4588,15728
2057,2057,0,0,0,3014,16234,2774,4061,4694,14376
2058,2058,0,0,0,3014,16234,2834,4213,4774,14256
2059,2059,0,0,0,3014,16226,2879,4384,4834,25616
2060,2060,0,0,0,3014,16226,2912,4535,4879,16846
2061,2061,0,0,0,3014,16226,2937,4677,4912,27742
2062,2062,0,0,0,3014,16226,2956,4775,4937,17912
2063,2063,0,0,0,3014,16234,2970,4841,4956,2756
2064,2064,0,0,0,3014,16234,2981,4895,4970,21530
2065,2065,0,0,0,3014,16234,2989,4923,4981,3674
2066,2066,0,0,0,3014,16234,2995,4944,4989,20900
2067,2067,0,0,0,3014,16234,2999,4963,4995,1852
2068,2068,0,0,0,3014,16234,3002,4972,4999,32718
2069,2069,0,0,0,3014,16234,3005,4982,5002,23540
2070,2070,0,0,0,3014,16234,3007,4991,5005,22502
2071,2071,0,0,0,3014,16234,3008,4994,5007,2478
2072,2072,0,0,0,3014,16234,3009,4999,5008,20794
2073,2073,0,0,0,3014,16234,3010,5003,5009,24234
2074,2074,0,0,0,3014,16234,3011,5004,5010,21956
2075,2075,0,0,0,3014,16230,3011,5007,5011,22474
2076,2076,0,0,0,3014,16230,3011,5008,5011,24070
2077,2077,0,0,0,3014,16230,3011,5008,5011,24244
2078,2078,0,0,0,3014,16230,3011,5010,5011,3528
2079,2079,0,0,0,3014,16236,3011,5010,5011,3452
2080,2080,0,0,0,3014,16236,3011,5010,5011,21826
2081,2081,0,0,0,3014,16236,3011,5011,5011,3166
2082,2082,0,0,0,3014,16236,3011,5010,5011,23110
2083,2083,0,0,0,3014,16228,3011,5010,5011,904
2084,2084,0,0,0,3014,16228,3011,5011,5011,732
2085,2085,0,0,0,3014,16228,3011,5010,5011,24684
2086,2086,0,0,0,3014,16228,3011,5010,5011,2630
2087,2087,0,0,0,3014,16234,3011,5011,5011,2428
2088,2088,0,0,0,3014,16234,3011,5010,5011,42
2089,2089,0,0,0,3014,16234,3011,5010,5011,22848
2090,2090,0,0,0,3014,16234,3011,5011,5011,584
2091,2091,0,0,0,3014,54,3011,5010,5011,21716
2092,2092,0,0,0,2003,54,3011,5010,5011,3104
2093,2093,0,0,0,2003,54,2759,5011,5011,1976
2094,2094,0,0,0,2003,54,2570,5010,4759,20644
2095,2095,0,0,0,2003,46,2428,5010,4570,2584
2096,2096,0,0,0,2002,46,2321,5011,4428,2330
2097,2097,0,0,0,2002,46,2241,4954,4321,1352
2098,2098,0,0,0,2002,46,2181,4802,4241,25866
2099,2099,0,0,0,2002,54,2136,4631,4181,3162
2100,2100,0,0,0,2003,54,2102,4479,4136,1950
2101,2101,0,0,0,2003,54,2077,4337,4102,32346
2102,2102,0,0,0,2003,54,2058,4239,4077,32656
2103,2103,0,0,0,2003,46,2044,4173,4058,28738
2104,2104,0,0,0,2002,46,2033,4119,4044,27698
2105,2105,0,0,0,2002,46,2025,4090,4033,13970
2106,2106,0,0,0,2002,46,2019,4069,4025,25612
2107,2107,0,0,0,2002,58,2014,4050,4019,14770
2108,2108,0,0,0,2003,58,2011,4041,4014,26894
2109,2109,0,0,0,2003,58,2009,4031,4011,26648
2110,2110,0,0,0,2003,58,2007,4022,4009,28330
2111,2111,0,0,0,2003,16232,2006,4019,4007,14210
2112,2112,0,0,0,3014,16232,2005,4013,4006,27356
2113,2113,0,0,0,3014,16232,2257,4009,4005,25412
2114,2114,0,0,0,3014,16232,2446,4009,4257,27946
2115,2115,0,0,0,3014,16234,2588,4006,4446,13474
2116,2116,0,0,0,3014,16234,2694,4005,4588,12896
2117,2117,0,0,0,3014,16234,2774,4061,4694,12856
2118,2118,0,0,0,3014,16234,2834,4213,4774,15808
2119,2119,0,0,0,3014,16226,2879,4384,4834,15054
2120,2120,0,0,0,3014,16226,2912,4535,4879,19008
2121,2121,0,0,0,3014,16226,2937,4677,4912,12490
2122,2122,0,0,0,3014,16226,2956,4775,4937,15552
2123,2123,0,0,0,3014,16232,2970,4841,4956,24894
2124,2124,0,0,0,3014,16232,2981,4895,4970,3648
2125,2125,0,0,0,3014,16232,2989,4923,4981,22030
2126,2126,0,0,0,3014,16232,2995,4944,4989,2074
2127,2127,0,0,0,3014,16232,2999,4963,4995,20676
2128,2128,0,0,0,3014,16232,3002,4972,4999,2046
2129,2129,0,0,0,3014,16232,3005,4982,5002,20422
2130,2130,0,0,0,3014,16232,3007,4991,5005,21936
2131,2131,0,0,0,3014,50,3008,4994,5007,32268
2132,2132,0,0,0,2003,50,3009,4999,5008,3746
2133,2133,0,0,0,2003,50,2757,5003,5009,2014
2134,2134,0,0,0,2003,50,2568,5004,4757,22484
2135,2135,0,0,0,2003,50,2426,5007,4568,23972
2136,2136,0,0,0,2003,50,2320,5008,4426,3140
2137,2137,0,0,0,2003,50,2240,4952,4320,3112
2138,2138,0,0,0,2003,50,2180,4800,4240,20488
2139,2139,0,0,0,2003,48,2135,4629,4180,31952
2140,2140,0,0,0,2003,48,2102,4478,4135,21334
2141,2141,0,0,0,2003,48,2077,4335,4102,32442
2142,2142,0,0,0,2003,48,2058,4238,4077,2152
2143,2143,0,0,0,2003,48,2044,4172,4058,12670
2144,2144,0,0,0,2003,48,2033,4118,4044,26072
2145,2145,0,0,0,2003,48,2025,4090,4033,14560
2146,2146,0,0,0,2003,48,2019,4069,4025,13274
2147,2147,0,0,0,2003,52,2015,4049,4019,19216
2148,2148,0,0,0,2003,52,2012,4041,4015,28038
2149,2149,0,0,0,2003,52,2009,4031,4012,14270
2150,2150,0,0,0,2003,52,2007,4022,4009,26174
2151,2151,0,0,0,2003,16230,2006,4019,4007,18092
2152,2152,0,0,0,3014,16230,2005,4014,4006,28692
2153,2153,0,0,0,3014,16230,2257,4010,4005,15504
2154,2154,0,0,0,3014,16230,2446,4009,4257,13486
2155,2155,0,0,0,3014,16232,2588,4006,4446,12880
2156,2156,0,0,0,3014,16232,2694,4005,4588,14396
2157,2157,0,0,0,3014,16232,2774,4061,4694,27482
2158,2158,0,0,0,3014,16232,2834,4213,4774,15154
2159,2159,0,0,0,3014,16234,2879,4384,4834,27894
2160,2160,0,0,0,3014,16234,2912,4535,4879,15062
2161,2161,0,0,0,3014,16234,2937,4677,4912,13982
2162,2162,0,0,0,3014,16234,2956,4775,4937,27680
2163,2163,0,0,0,3014,16232,2970,4841,4956,780
2164,2164,0,0,0,3014,16232,2981,4895,4970,3078
2165,2165,0,0,0,3014,16232,2989,4923,4981,3910
2166,2166,0,0,0,3014,16232,2995,4944,4989,2848
2167,2167,0,0,0,3014,16228,2999,4963,4995,1852
2168,2168,0,0,0,3014,16228,3002,4972,4999,21908
2169,2169,0,0,0,3014,16228,3005,4982,5002,1732
2170,2170,0,0,0,3014,16228,3007,4991,5005,23576
2171,2171,0,0,0,3014,16240,3008,4994,5007,23258
2172,2172,0,0,0,3015,16240,3009,4999,5008,23678
2173,2173,0,0,0,3015,16240,3010,5003,5009,3216
2174,2174,0,0,0,3015,16240,3011,5004,5010,1986
2175,2175,0,0,0,3015,16226,3012,5007,5011,21528
2176,2176,0,0,0,3014,16226,3012,5008,5012,3206
2177,2177,0,0,0,3014,16226,3012,5008,5012,25444
2178,2178,0,0,0,3014,16226,3012,5010,5012,1090
2179,2179,0,0,0,3014,16232,3012,5010,5012,3924
2180,2180,0,0,0,3014,16232,3012,5011,5012,3658
2181,2181,0,0,0,3014,16232,3012,5012,5012,21774
2182,2182,0,0,0,3014,16232,3012,5011,5012,2344
2183,2183,0,0,0,3014,16232,3012,5012,5012,3734
2184,2184,0,0,0,3014,16232,3012,5012,5012,2862
2185,2185,0,0,0,3014,16232,3012,5011,5012,21936
2186,2186,0,0,0,3014,16232,3012,5012,5012,21736
2187,2187,0,0,0,3014,16232,3012,5012,5012,22942
2188,2188,0,0,0,3014,16232,3012,5011,5012,3134
2189,2189,0,0,0,3014,16232,3012,5012,5012,972
2190,2190,0,0,0,3014,16232,3012,5012,5012,2442
2191,2191,0,0,0,3014,16228,3012,5011,5012,20724
2192,2192,0,0,0,3014,16228,3012,5012,5012,3414
2193,2193,0,0,0,3014,16228,3012,5012,5012,3308
2194,2194,0,0,0,3014,16228,3012,5011,5012,22284
2195,2195,0,0,0,3014,16232,3012,5012,5012,22662
2196,2196,0,0,0,3014,16232,3012,5012,5012,23398
2197,2197,0,0,0,3014,16232,3012,5011,5012,22414
2198,2198,0,0,0,3014,16232,3012,5012,5012,1402
2199,2199,0,0,0,3014,16226,3012,5012,5012,20582
2200,2200,0,0,0,3014,16226,3012,5011,5012,982
2201,2201,0,0,0,3014,16226,3012,5012,5012,1684
2202,2202,0,0,0,3014,16226,3012,5012,5012,21830
2203,2203,0,0,0,3014,16234,3012,5011,5012,22604
2204,2204,0,0,0,3014,16234,3012,5012,5012,24550
2205,2205,0,0,0,3014,16234,3012,5012,5012,2898
2206,2206,0,0,0,3014,16234,3012,5011,5012,2982
2207,2207,0,0,0,3014,16230,3012,5012,5012,3956
2208,2208,0,0,0,3014,16230,3012,5012,5012,2788
2209,2209,0,0,0,3014,16230,3012,5011,5012,21422
2210,2210,0,0,0,3014,16230,3012,5012,5012,2362
2211,2211,0,0,0,3014,58,3012,5012,5012,3454
2212,2212,0,0,0,2003,58,3012,5011,5012,21474
2213,2213,0,0,0,2003,58,2759,5012,5012,2198
2214,2214,0,0,0,2003,58,2570,5012,4759,20460
2215,2215,0,0,0,2003,50,2428,5011,4570,23506
2216,2216,0,0,0,2003,50,2321,5012,4428,3394
2217,2217,0,0,0,2003,50,2241,4956,4321,20490
2218,2218,0,0,0,2003,50,2181,4802,4241,3334
2219,2219,0,0,0,2003,42,2136,4631,4181,25390
2220,2220,0,0,0,2002,42,2102,4480,4136,23308
2221,2221,0,0,0,2002,42,2077,4336,4102,1588
2222,2222,0,0,0,2002,42,2058,4239,4077,20530
2223,2223,0,0,0,2002,50,2044,4173,4058,15130
2224,2224,0,0,0,2003,50,2033,4118,4044,12720
2225,2225,0,0,0,2003,50,2025,4090,4033,13506
2226,2226,0,0,0,2003,50,2019,4069,4025,27664
2227,2227,0,0,0,2003,46,2015,4049,4019,13394
2228,2228,0,0,0,2002,46,2012,4041,4015,27912
2229,2229,0,0,0,2002,46,2009,4031,4012,13710
2230,2230,0,0,0,2002,46,2007,4022,4009,13422
2231,2231,0,0,0,2002,44,2005,4019,4007,24338
2232,2232,0,0,0,2002,44,2004,4014,4005,25886
2233,2233,0,0,0,2002,44,2003,4010,4004,16670
2234,2234,0,0,0,2002,44,2002,4009,4003,16040
2235,2235,0,0,0,2002,54,2002,4006,4002,13336
2236,2236,0,0,0,2003,54,2002,4004,4002,26994
2237,2237,0,0,0,2003,54,2002,4004,4002,27594
2238,2238,0,0,0,2003,54,2002,4002,4002,12562
2239,2239,0,0,0,2003,50,2002,4001,4002,16480
2240,2240,0,0,0,2003,50,2002,4002,4002,26896
2241,2241,0,0,0,2003,50,2002,4001,4002,13572
2242,2242,0,0,0,2003,50,2002,4001,4002,14898
2243,2243,0,0,0,2003,54,2002,4002,4002,28144
2244,2244,0,0,0,2003,54,2002,4001,4002,15916
2245,2245,0,0,0,2003,54,2002,4001,4002,15988
2246,2246,0,0,0,2003,54,2002,4002,4002,16778
2247,2247,0,0,0,2003,54,2002,4001,4002,15642
2248,2248,0,0,0,2003,54,2002,4001,4002,15686
2249,2249,0,0,0,2003,54,2002,4002,4002,27262
2250,2250,0,0,0,2003,54,2002,4001,4002,15942
2251,2251,0,0,0,2003,54,2002,4001,4002,27870
2252,2252,0,0,0,2003,54,2002,4002,4002,26652
2253,2253,0,0,0,2003,54,2002,4001,4002,26686
2254,2254,0,0,0,2003,54,2002,4001,4002,27680
2255,2255,0,0,0,2003,52,2002,4002,4002,14502
2256,2256,0,0,0,2003,52,2002,4001,4002,27138
2257,2257,0,0,0,2003,52,2002,4001,4002,12936
2258,2258,0,0,0,2003,52,2002,4002,4002,24108
2259,2259,0,0,0,2003,54,2002,4001,4002,23722
2260,2260,0,0,0,2003,54,2002,4001,4002,28350
2261,2261,0,0,0,2003,54,2002,4002,4002,15248
2262,2262,0,0,0,2003,54,2002,4001,4002,17968
2263,2263,0,0,0,2003,42,2002,4001,4002,28720
2264,2264,0,0,0,2002,42,2002,4002,4002,13022
2265,2265,0,0,0,2002,42,2002,4001,4002,13682
2266,2266,0,0,0,2002,42,2002,4001,4002,28314
2267,2267,0,0,0,2002,50,2002,4002,4002,26486
2268,2268,0,0,0,2003,50,2002,4001,4002,25856
2269,2269,0,0,0,2003,50,2002,4001,4002,27842
2270,2270,0,0,0,2003,50,2002,4002,4002,15906
2271,2271,0,0,0,2003,16236,2002,4001,4002,12732
2272,2272,0,0,0,3014,16236,2002,4001,4002,27176
2273,2273,0,0,0,3014,16236,2255,4002,4002,27598
2274,2274,0,0,0,3014,16236,2444,4001,4255,24230
2275,2275,0,0,0,3014,16234,2586,4001,4444,13256
2276,2276,0,0,0,3014,16234,2693,4002,4586,26884
2277,2277,0,0,0,3014,16234,2773,4057,4693,17638
2278,2278,0,0,0,3014,16234,2833,4211,4773,15898
2279,2279,0,0,0,3014,16234,2878,4382,4833,13792
2280,2280,0,0,0,3014,16234,2912,4533,4878,12634
2281,2281,0,0,0,3014,16234,2937,4677,4912,26112
2282,2282,0,0,0,3014,16234,2956,4774,4937,15358
2283,2283,0,0,0,3014,16232,2970,4840,4956,3066
2284,2284,0,0,0,3014,16232,2981,4895,4970,21764
2285,2285,0,0,0,3014,16232,2989,4923,4981,22896
2286,2286,0,0,0,3014,16232,2995,4944,4989,22426
2287,2287,0,0,0,3014,16232,2999,4964,4995,26274
2288,2288,0,0,0,3014,16232,3002,4972,4999,3288
2289,2289,0,0,0,3014,16232,3005,4982,5002,22874
2290,2290,0,0,0,3014,16232,3007,4991,5005,2624
2291,2291,0,0,0,3014,16240,3008,4994,5007,20450
2292,2292,0,0,0,3015,16240,3009,4999,5008,2608
2293,2293,0,0,0,3015,16240,3010,5003,5009,21794
2294,2294,0,0,0,3015,16240,3011,5004,5010,21306
2295,2295,0,0,0,3015,16228,3012,5007,5011,2214
2296,2296,0,0,0,3014,16228,3012,5008,5012,2784
2297,2297,0,0,0,3014,16228,3012,5008,5012,410
2298,2298,0,0,0,3014,16228,3012,5010,5012,20872
2299,2299,0,0,0,3014,16238,3012,5010,5012,316
2300,2300,0,0,0,3014,16238,3012,5011,5012,1306
2301,2301,0,0,0,3014,16238,3012,5012,5012,3292
2302,2302,0,0,0,3014,16238,3012,5011,5012,3574
2303,2303,0,0,0,3014,16230,3012,5012,5012,31584
2304,2304,0,0,0,3014,16230,3012,5012,5012,2736
2305,2305,0,0,0,3014,16230,3012,5011,5012,3988
2306,2306,0,0,0,3014,16230,3012,5012,5012,30744
2307,2307,0,0,0,3014,16236,3012,5012,5012,20414
2308,2308,0,0,0,3014,16236,3012,5011,5012,3622
2309,2309,0,0,0,3014,16236,3012,5012,5012,21470
2310,2310,0,0,0,3014,16236,3012,5012,5012,3748
2311,2311,0,0,0,3014,54,3012,5011,5012,316
2312,2312,0,0,0,2003,54,3012,5012,5012,24684
2313,2313,0,0,0,2003,54,2759,5012,5012,22568
2314,2314,0,0,0,2003,54,2570,5011,4759,2544
2315,2315,0,0,0,2003,56,2428,5012,4570,22868
2316,2316,0,0,0,2003,56,2321,5012,4428,23410
2317,2317,0,0,0,2003,56,2241,4955,4321,442
2318,2318,0,0,0,2003,56,2181,4802,4241,2020
2319,2319,0,0,0,2003,46,2136,4631,4181,20890
2320,2320,0,0,0,2002,46,2102,4479,4136,21146
2321,2321,0,0,0,2002,46,2077,4336,4102,22104
2322,2322,0,0,0,2002,46,2058,4239,4077,20826
2323,2323,0,0,0,2002,52,2044,4173,4058,18058
2324,2324,0,0,0,2003,52,2033,4118,4044,26770
2325,2325,0,0,0,2003,52,2025,4090,4033,13242
2326,2326,0,0,0,2003,52,2019,4069,4025,16108
2327,2327,0,0,0,2003,52,2015,4049,4019,28376
2328,2328,0,0,0,2003,52,2012,4041,4015,15066
2329,2329,0,0,0,2003,52,2009,4031,4012,24908
2330,2330,0,0,0,2003,52,2007,4022,4009,15458
2331,2331,0,0,0,2003,48,2006,4019,4007,13102
2332,2332,0,0,0,2003,48,2005,4014,4006,26948
2333,2333,0,0,0,2003,48,2004,4010,4005,12906
2334,2334,0,0,0,2003,48,2003,4009,4004,13234
2335,2335,0,0,0,2003,54,2003,4006,4003,14460
2336,2336,0,0,0,2003,54,2003,4005,4003,26590
2337,2337,0,0,0,2003,54,2003,4005,4003,27396
2338,2338,0,0,0,2003,54,2003,4003,4003,12530
2339,2339,0,0,0,2003,50,2003,4003,4003,26890
2340,2340,0,0,0,2003,50,2003,4003,4003,25166
2341,2341,0,0,0,2003,50,2003,4002,4003,15232
2342,2342,0,0,0,2003,50,2003,4003,4003,27240
2343,2343,0,0,0,2003,58,2003,4003,4003,17676
2344,2344,0,0,0,2003,58,2003,4002,4003,16158
2345,2345,0,0,0,2003,58,2003,4003,4003,26884
2346,2346,0,0,0,2003,58,2003,4003,4003,28610
2347,2347,0,0,0,2003,48,2003,4002,4003,27802
2348,2348,0,0,0,2003,48,2003,4003,4003,12612
2349,2349,0,0,0,2003,48,2003,4003,4003,28132
2350,2350,0,0,0,2003,48,2003,4002,4003,14328
2351,2351,0,0,0,2003,16232,2003,4003,4003,26524
2352,2352,0,0,0,3014,16232,2003,4003,4003,27534
2353,2353,0,0,0,3014,16232,2255,4002,4003,12680
2354,2354,0,0,0,3014,16232,2444,4003,4255,13508
2355,2355,0,0,0,3014,16232,2586,4003,4444,26778
2356,2356,0,0,0,3014,16232,2693,4002,4586,26878
2357,2357,0,0,0,3014,16232,2773,4058,4693,12658
2358,2358,0,0,0,3014,16232,2833,4211,4773,16382
2359,2359,0,0,0,3014,16234,2878,4382,4833,13056
2360,2360,0,0,0,3014,16234,2912,4533,4878,27240
2361,2361,0,0,0,3014,16234,2937,4676,4912,21172
2362,2362,0,0,0,3014,16234,2956,4774,4937,25966
2363,2363,0,0,0,3014,16232,2970,4840,4956,26048
2364,2364,0,0,0,3014,16232,2981,4894,4970,3742
2365,2365,0,0,0,3014,16232,2989,4923,4981,854
2366,2366,0,0,0,3014,16232,2995,4944,4989,21672
2367,2367,0,0,0,3014,16234,2999,4963,4995,21190
2368,2368,0,0,0,3014,16234,3002,4972,4999,2598
2369,2369,0,0,0,3014,16234,3005,4982,5002,946
2370,2370,0,0,0,3014,16234,3007,4991,5005,21286
2371,2371,0,0,0,3014,50,3008,4994,5007,23464
2372,2372,0,0,0,2003,50,3009,4999,5008,21862
2373,2373,0,0,0,2003,50,2757,5003,5009,21414
2374,2374,0,0,0,2003,50,2568,5004,4757,1368
2375,2375,0,0,0,2003,48,2426,5007,4568,2452
2376,2376,0,0,0,2003,48,2320,5008,4426,21196
2377,2377,0,0,0,2003,48,2240,4952,4320,21716
2378,2378,0,0,0,2003,48,2180,4800,4240,32336
2379,2379,0,0,0,2003,50,2135,4629,4180,22192
2380,2380,0,0,0,2003,50,2102,4478,4135,2138
2381,2381,0,0,0,2003,50,2077,4335,4102,1620
2382,2382,0,0,0,2003,50,2058,4238,4077,2292
2383,2383,0,0,0,2003,46,2044,4172,4058,12642
2384,2384,0,0,0,2002,46,2033,4118,4044,13818
2385,2385,0,0,0,2002,46,2025,4090,4033,28058
2386,2386,0,0,0,2002,46,2019,4069,4025,28296
2387,2387,0,0,0,2002,58,2014,4049,4019,14224
2388,2388,0,0,0,2003,58,2011,4041,4014,14174
2389,2389,0,0,0,2003,58,2009,4031,4011,18368
2390,2390,0,0,0,2003,58,2007,4022,4009,28062
2391,2391,0,0,0,2003,48,2006,4019,4007,27250
2392,2392,0,0,0,2003,48,2005,4013,4006,27524
2393,2393,0,0,0,2003,48,2004,4009,4005,12522
2394,2394,0,0,0,2003,48,2003,4009,4004,24704
2395,2395,0,0,0,2003,52,2003,4006,4003,15280
2396,2396,0,0,0,2003,52,2003,4005,4003,16490
2397,2397,0,0,0,2003,52,2003,4005,4003,27978
2398,2398,0,0,0,2003,52,2003,4003,4003,28052
2399,2399,0,0,0,2003,50,2003,4003,4003,27036
2400,2400,0,0,0,2003,50,2003,4003,4003,13550
2401,2401,0,0,0,2003,50,2003,4002,4003,14012
2402,2402,0,0,0,2003,50,2003,4003,4003,13368
2403,2403,0,0,0,2003,48,2003,4003,4003,27886
2404,2404,0,0,0,2003,48,2003,4002,4003,18576
2405,2405,0,0,0,2003,48,2003,4003,4003,18598
2406,2406,0,0,0,2003,48,2003,4003,4003,27094
2407,2407,0,0,0,2003,44,2003,4002,4003,28576
2408,2408,0,0,0,2002,44,2003,4003,4003,26834
2409,2409,0,0,0,2002,44,2002,4003,4003,28676
2410,2410,0,0,0,2002,44,2002,4002,4002,15590
2411,2411,0,0,0,2002,16232,2002,4003,4002,15118
2412,2412,0,0,0,3014,16232,2002,4003,4002,14550
2413,2413,0,0,0,3014,16232,2255,4002,4002,25956
2414,2414,0,0,0,3014,16232,2444,4002,4255,12734
2415,2415,0,0,0,3014,16226,2586,4002,4444,27088
2416,2416,0,0,0,3014,16226,2693,4001,4586,28266
2417,2417,0,0,0,3014,16226,2773,4057,4693,16014
2418,2418,0,0,0,3014,16226,2833,4211,4773,28148
2419,2419,0,0,0,3014,16234,2878,4381,4833,16724
2420,2420,0,0,0,3014,16234,2912,4533,4878,26616
2421,2421,0,0,0,3014,16234,2937,4677,4912,24908
2422,2422,0,0,0,3014,16234,2956,4773,4937,14576
2423,2423,0,0,0,3014,16234,2970,4840,4956,2900
2424,2424,0,0,0,3014,16234,2981,4895,4970,2122
2425,2425,0,0,0,3014,16234,2989,4922,4981,848
2426,2426,0,0,0,3014,16234,2995,4944,4989,27852
2427,2427,0,0,0,3014,16234,2999,4964,4995,21596
2428,2428,0,0,0,3014,16234,3002,4971,4999,20576
2429,2429,0,0,0,3014,16234,3005,4982,5002,31374
2430,2430,0,0,0,3014,16234,3007,4991,5005,30572
2431,2431,0,0,0,3014,46,3008,4993,5007,22052
2432,2432,0,0,0,2002,46,3009,5000,5008,23676
2433,2433,0,0,0,2002,46,2757,5003,5009,2050
2434,2434,0,0,0,2002,46,2568,5003,4757,3980
2435,2435,0,0,0,2002,58,2426,5008,4568,2766
2436,2436,0,0,0,2003,58,2320,5008,4426,3858
2437,2437,0,0,0,2003,58,2240,4952,4320,21020
2438,2438,0,0,0,2003,58,2180,4801,4240,22730
2439,2439,0,0,0,2003,48,2135,4629,4180,32680
2440,2440,0,0,0,2003,48,2102,4478,4135,2226
2441,2441,0,0,0,2003,48,2077,4336,4102,1122
2442,2442,0,0,0,2003,48,2058,4238,4077,3080
2443,2443,0,0,0,2003,56,2044,4172,4058,27844
2444,2444,0,0,0,2003,56,2033,4118,4044,27952
2445,2445,0,0,0,2003,56,2025,4090,4033,28376
2446,2446,0,0,0,2003,56,2019,4069,4025,24748
2447,2447,0,0,0,2003,52,2015,4049,4019,15088
2448,2448,0,0,0,2003,52,2012,4041,4015,13808
2449,2449,0,0,0,2003,52,2009,4031,4012,27000
2450,2450,0,0,0,2003,52,2007,4022,4009,27120
2451,2451,0,0,0,2003,46,2006,4019,4007,26362
2452,2452,0,0,0,2002,46,2005,4014,4006,14324
2453,2453,0,0,0,2002,46,2004,4010,4005,14440
2454,2454,0,0,0,2002,46,2003,4009,4004,27518
2455,2455,0,0,0,2002,50,2002,4006,4003,12728
2456,2456,0,0,0,2003,50,2002,4005,4002,28562
2457,2457,0,0,0,2003,50,2002,4005,4002,13978
2458,2458,0,0,0,2003,50,2002,4003,4002,13406
2459,2459,0,0,0,2003,46,2002,4002,4002,14188
2460,2460,0,0,0,2002,46,2002,4002,4002,12488
2461,2461,0,0,0,2002,46,2002,4001,4002,14168
2462,2462,0,0,0,2002,46,2002,4001,4002,28192
2463,2463,0,0,0,2002,56,2002,4002,4002,15548
2464,2464,0,0,0,2003,56,2002,4001,4002,14298
2465,2465,0,0,0,2003,56,2002,4001,4002,25872
2466,2466,0,0,0,2003,56,2002,4002,4002,15494
2467,2467,0,0,0,2003,52,2002,4001,4002,13086
2468,2468,0,0,0,2003,52,2002,4001,4002,26666
2469,2469,0,0,0,2003,52,2002,4002,4002,27638
2470,2470,0,0,0,2003,52,2002,4001,4002,14782
2471,2471,0,0,0,2003,56,2002,4001,4002,24352
2472,2472,0,0,0,2003,56,2002,4002,4002,24458
2473,2473,0,0,0,2003,56,2002,4001,4002,26508
2474,2474,0,0,0,2003,56,2002,4001,4002,17592
2475,2475,0,0,0,2003,50,2002,4002,4002,15862
2476,2476,0,0,0,2003,50,2002,4001,4002,25342
2477,2477,0,0,0,2003,50,2002,4001,4002,28628
2478,2478,0,0,0,2003,50,2002,4002,4002,28672
2479,2479,0,0,0,2003,54,2002,4001,4002,14554
2480,2480,0,0,0,2003,54,2002,4001,4002,13708
2481,2481,0,0,0,2003,54,2002,4002,4002,13032
2482,2482,0,0,0,2003,54,2002,4001,4002,13996
2483,2483,0,0,0,2003,48,2002,4001,4002,27896
2484,2484,0,0,0,2003,48,2002,4002,4002,27120
2485,2485,0,0,0,2003,48,2002,4001,4002,23684
2486,2486,0,0,0,2003,48,2002,4001,4002,16132
2487,2487,0,0,0,2003,44,2002,4002,4002,27958
2488,2488,0,0,0,2002,44,2002,4001,4002,13438
2489,2489,0,0,0,2002,44,2002,4001,4002,13800
2490,2490,0,0,0,2002,44,2002,4002,4002,24318
2491,2491,0,0,0,2002,16232,2002,4001,4002,26700
2492,2492,0,0,0,3014,16232,2002,4001,4002,27376
2493,2493,0,0,0,3014,16232,2255,4002,4002,28430
2494,2494,0,0,0,3014,16232,2444,4001,4255,14250
2495,2495,0,0,0,3014,16226,2586,4001,4444,23302
2496,2496,0,0,0,3014,16226,2693,4002,4586,15520
2497,2497,0,0,0,3014,16226,2773,4057,4693,13188
2498,2498,0,0,0,3014,16226,2833,4211,4773,26270
2499,2499,0,0,0,3014,16232,2878,4382,4833,26866
2500,2500,0,0,0,3014,16232,2912,4533,4878,13490
2501,2501,0,0,0,3014,16232,2937,4677,4912,27586
2502,2502,0,0,0,3014,16232,2956,4774,4937,24184
2503,2503,0,0,0,3014,16228,2970,4840,4956,2872
2504,2504,0,0,0,3014,16228,2981,4895,4970,22960
2505,2505,0,0,0,3014,16228,2989,4923,4981,2472
2506,2506,0,0,0,3014,16228,2995,4944,4989,28608
2507,2507,0,0,0,3014,16226,2999,4964,4995,2848
2508,2508,0,0,0,3014,16226,3002,4972,4999,2158
2509,2509,0,0,0,3014,16226,3005,4982,5002,2244
2510,2510,0,0,0,3014,16226,3007,4991,5005,22488
2511,2511,0,0,0,3014,54,3008,4994,5007,22238
2512,2512,0,0,0,2003,54,3009,4999,5008,3482
2513,2513,0,0,0,2003,54,2757,5003,5009,22972
2514,2514,0,0,0,2003,54,2568,5004,4757,21886
2515,2515,0,0,0,2003,46,2426,5007,4568,21778
2516,2516,0,0,0,2002,46,2320,5008,4426,23932
2517,2517,0,0,0,2002,46,2240,4952,4320,3306
2518,2518,0,0,0,2002,46,2180,4800,4240,3284
2519,2519,0,0,0,2002,48,2135,4629,4180,1330
2520,2520,0,0,0,2003,48,2101,4478,4135,22218
2521,2521,0,0,0,2003,48,2076,4335,4101,25124
2522,2522,0,0,0,2003,48,2057,4238,4076,20978
2523,2523,0,0,0,2003,58,2043,4172,4057,16882
2524,2524,0,0,0,2003,58,2033,4117,4043,14812
2525,2525,0,0,0,2003,58,2025,4089,4033,28088
2526,2526,0,0,0,2003,58,2019,4068,4025,26694
2527,2527,0,0,0,2003,50,2015,4048,4019,28406
2528,2528,0,0,0,2003,50,2012,4040,4015,28074
2529,2529,0,0,0,2003,50,2009,4031,4012,13664
2530,2530,0,0,0,2003,50,2007,4022,4009,28368
2531,2531,0,0,0,2003,52,2006,4019,4007,14794
2532,2532,0,0,0,2003,52,2005,4014,4006,27992
2533,2533,0,0,0,2003,52,2004,4010,4005,26214
2534,2534,0,0,0,2003,52,2003,4009,4004,24310
2535,2535,0,0,0,2003,48,2003,4006,4003,13682
2536,2536,0,0,0,2003,48,2003,4005,4003,18244
2537,2537,0,0,0,2003,48,2003,4005,4003,25974
2538,2538,0,0,0,2003,48,2003,4003,4003,13714
2539,2539,0,0,0,2003,58,2003,4003,4003,27844
2540,2540,0,0,0,2003,58,2003,4003,4003,18464
2541,2541,0,0,0,2003,58,2003,4002,4003,14956
2542,2542,0,0,0,2003,58,2003,4003,4003,12504
2543,2543,0,0,0,2003,54,2003,4003,4003,24462
2544,2544,0,0,0,2003,54,2003,4002,4003,28146
2545,2545,0,0,0,2003,54,2003,4003,4003,12952
2546,2546,0,0,0,2003,54,2003,4003,4003,13510
2547,2547,0,0,0,2003,48,2003,4002,4003,28714
2548,2548,0,0,0,2003,48,2003,4003,4003,16384
2549,2549,0,0,0,2003,48,2003,4003,4003,25524
2550,2550,0,0,0,2003,48,2003,4002,4003,14488
2551,2551,0,0,0,2003,16230,2003,4003,4003,27994
2552,2552,0,0,0,3014,16230,2003,4003,4003,28658
2553,2553,0,0,0,3014,16230,2255,4002,4003,13624
2554,2554,0,0,0,3014,16230,2444,4003,4255,12578
2555,2555,0,0,0,3014,16232,2586,4003,4444,26124
2556,2556,0,0,0,3014,16232,2693,4002,4586,12906
2557,2557,0,0,0,3014,16232,2773,4058,4693,15320
2558,2558,0,0,0,3014,16232,2833,4211,4773,27254
2559,2559,0,0,0,3014,16230,2878,4382,4833,26462
2560,2560,0,0,0,3014,16230,2912,4533,4878,26052
2561,2561,0,0,0,3014,16230,2937,4676,4912,28742
2562,2562,0,0,0,3014,16230,2956,4774,4937,27246
2563,2563,0,0,0,3014,16226,2970,4840,4956,24664
2564,2564,0,0,0,3014,16226,2981,4894,4970,22872
2565,2565,0,0,0,3014,16226,2989,4923,4981,23686
2566,2566,0,0,0,3014,16226,2995,4944,4989,32472
2567,2567,0,0,0,3014,16232,2999,4963,4995,24150
2568,2568,0,0,0,3014,16232,3002,4972,4999,21204
2569,2569,0,0,0,3014,16232,3005,4982,5002,870
2570,2570,0,0,0,3014,16232,3007,4991,5005,22768
2571,2571,0,0,0,3014,52,3008,4994,5007,894
2572,2572,0,0,0,2003,52,3009,4999,5008,2044
2573,2573,0,0,0,2003,52,2757,5003,5009,2912
2574,2574,0,0,0,2003,52,2568,5004,4757,32178
2575,2575,0,0,0,2003,50,2426,5007,4568,3504
2576,2576,0,0,0,2003,50,2320,5008,4426,22294
2577,2577,0,0,0,2003,50,2240,4952,4320,2500
2578,2578,0,0,0,2003,50,2180,4800,4240,3284
2579,2579,0,0,0,2003,50,2135,4629,4180,2196
2580,2580,0,0,0,2003,50,2102,4478,4135,24962
2581,2581,0,0,0,2003,50,2077,4335,4102,21636
2582,2582,0,0,0,2003,50,2058,4238,4077,22260
2583,2583,0,0,0,2003,58,2044,4172,4058,13890
2584,2584,0,0,0,2003,58,2033,4118,4044,28182
2585,2585,0,0,0,2003,58,2025,4090,4033,26614
2586,2586,0,0,0,2003,58,2019,4069,4025,18732
2587,2587,0,0,0,2003,50,2015,4049,4019,28200
2588,2588,0,0,0,2003,50,2012,4041,4015,27398
2589,2589,0,0,0,2003,50,2009,4031,4012,13030
2590,2590,0,0,0,2003,50,2007,4022,4009,24044
2591,2591,0,0,0,2003,16238,2006,4019,4007,13020
2592,2592,0,0,0,3014,16238,2005,4014,4006,27270
2593,2593,0,0,0,3014,16238,2257,4010,4005,25738
2594,2594,0,0,0,3014,16238,2446,4009,4257,24860
2595,2595,0,0,0,3014,16234,2588,4006,4446,12470
2596,2596,0,0,0,3014,16234,2694,4005,4588,14046
2597,2597,0,0,0,3014,16234,2774,4061,4694,28706
2598,2598,0,0,0,3014,16234,2834,4213,4774,13492
2599,2599,0,0,0,3014,16230,2879,4384,4834,13812
2600,2600,0,0,0,3014,16230,2912,4535,4879,17740
2601,2601,0,0,0,3014,16230,2937,4677,4912,28636
2602,2602,0,0,0,3014,16230,2956,4775,4937,13096
2603,2603,0,0,0,3014,16232,2970,4841,4956,20440
2604,2604,0,0,0,3014,16232,2981,4895,4970,2852
2605,2605,0,0,0,3014,16232,2989,4923,4981,27492
2606,2606,0,0,0,3014,16232,2995,4944,4989,31024
2607,2607,0,0,0,3014,16230,2999,4963,4995,22376
2608,2608,0,0,0,3014,16230,3002,4972,4999,32258
2609,2609,0,0,0,3014,16230,3005,4982,5002,2588
2610,2610,0,0,0,3014,16230,3007,4991,5005,21840
2611,2611,0,0,0,3014,52,3008,4994,5007,22428
2612,2612,0,0,0,2003,52,3009,4999,5008,22686
2613,2613,0,0,0,2003,52,2757,5003,5009,240
2614,2614,0,0,0,2003,52,2568,5004,4757,29518
2615,2615,0,0,0,2003,56,2426,5007,4568,3394
2616,2616,0,0,0,2003,56,2320,5008,4426,21648
2617,2617,0,0,0,2003,56,2240,4952,4320,1880
2618,2618,0,0,0,2003,56,2180,4800,4240,280
2619,2619,0,0,0,2003,50,2135,4629,4180,2886
2620,2620,0,0,0,2003,50,2102,4478,4135,2460
2621,2621,0,0,0,2003,50,2077,4335,4102,1554
2622,2622,0,0,0,2003,50,2058,4238,4077,1844
2623,2623,0,0,0,2003,50,2044,4172,4058,15466
2624,2624,0,0,0,2003,50,2033,4118,4044,25958
2625,2625,0,0,0,2003,50,2025,4090,4033,15456
2626,2626,0,0,0,2003,50,2019,4069,4025,13848
2627,2627,0,0,0,2003,60,2015,4049,4019,26816
2628,2628,0,0,0,2003,60,2012,4041,4015,25504
2629,2629,0,0,0,2003,60,2009,4031,4012,13134
2630,2630,0,0,0,2003,60,2007,4022,4009,25972
2631,2631,0,0,0,2003,16238,2006,4019,4007,28220
2632,2632,0,0,0,3014,16238,2005,4014,4006,26880
2633,2633,0,0,0,3014,16238,2257,4010,4005,13414
2634,2634,0,0,0,3014,16238,2446,4009,4257,15098
2635,2635,0,0,0,3014,16228,2588,4006,4446,23260
2636,2636,0,0,0,3014,16228,2694,4005,4588,25722
2637,2637,0,0,0,3014,16228,2774,4061,4694,28250
2638,2638,0,0,0,3014,16228,2834,4213,4774,27866
2639,2639,0,0,0,3014,16240,2879,4384,4834,16494
2640,2640,0,0,0,3015,16240,2912,4535,4879,15332
2641,2641,0,0,0,3015,16240,2937,4677,4912,15050
2642,2642,0,0,0,3015,16240,2956,4775,4937,12954
2643,2643,0,0,0,3015,16232,2970,4841,4956,1916
2644,2644,0,0,0,3014,16232,2981,4895,4970,31994
2645,2645,0,0,0,3014,16232,2989,4923,4981,21062
2646,2646,0,0,0,3014,16232,2995,4944,4989,21852
2647,2647,0,0,0,3014,16232,2999,4963,4995,20968
2648,2648,0,0,0,3014,16232,3002,4972,4999,21474
2649,2649,0,0,0,3014,16232,3005,4982,5002,21970
2650,2650,0,0,0,3014,16232,3007,4991,5005,21852
2651,2651,0,0,0,3014,52,3008,4994,5007,180
2652,2652,0,0,0,2003,52,3009,4999,5008,2878
2653,2653,0,0,0,2003,52,2757,5003,5009,3016
2654,2654,0,0,0,2003,52,2568,5004,4757,1278
2655,2655,0,0,0,2003,58,2426,5007,4568,21828
2656,2656,0,0,0,2003,58,2320,5008,4426,2432
2657,2657,0,0,0,2003,58,2240,4952,4320,22848
2658,2658,0,0,0,2003,58,2180,4800,4240,22074
2659,2659,0,0,0,2003,48,2135,4629,4180,2100
2660,2660,0,0,0,2003,48,2102,4478,4135,31928
2661,2661,0,0,0,2003,48,2077,4335,4102,662
2662,2662,0,0,0,2003,48,2058,4238,4077,2756
2663,2663,0,0,0,2003,50,2044,4172,4058,26190
2664,2664,0,0,0,2003,50,2033,4118,4044,14224
2665,2665,0,0,0,2003,50,2025,4090,4033,26544
2666,2666,0,0,0,2003,50,2019,4069,4025,13498
2667,2667,0,0,0,2003,52,2015,4049,4019,28608
2668,2668,0,0,0,2003,52,2012,4041,4015,12472
2669,2669,0,0,0,2003,52,2009,4031,4012,25936
2670,2670,0,0,0,2003,52,2007,4022,4009,13268
2671,2671,0,0,0,2003,16230,2006,4019,4007,14112
2672,2672,0,0,0,3014,16230,2005,4014,4006,26502
2673,2673,0,0,0,3014,16230,2257,4010,4005,12500
2674,2674,0,0,0,3014,16230,2446,4009,4257,14784
2675,2675,0,0,0,3014,16230,2588,4006,4446,27446
2676,2676,0,0,0,3014,16230,2694,4005,4588,28158
2677,2677,0,0,0,3014,16230,2774,4061,4694,24346
2678,2678,0,0,0,3014,16230,2834,4213,4774,15270
2679,2679,0,0,0,3014,16234,2879,4384,4834,23786
2680,2680,0,0,0,3014,16234,2912,4535,4879,16886
2681,2681,0,0,0,3014,16234,2937,4677,4912,26442
2682,2682,0,0,0,3014,16234,2956,4775,4937,12838
2683,2683,0,0,0,3014,16236,2970,4841,4956,21076
2684,2684,0,0,0,3014,16236,2981,4895,4970,3748
2685,2685,0,0,0,3014,16236,2989,4923,4981,2394
2686,2686,0,0,0,3014,16236,2995,4944,4989,2280
2687,2687,0,0,0,3014,16230,2999,4963,4995,480
2688,2688,0,0,0,3014,16230,3002,4972,4999,558
2689,2689,0,0,0,3014,16230,3005,4982,5002,23668
2690,2690,0,0,0,3014,16230,3007,4991,5005,1904
2691,2691,0,0,0,3014,50,3008,4994,5007,2714
2692,2692,0,0,0,2003,50,3009,4999,5008,2904
2693,2693,0,0,0,2003,50,2757,5003,5009,20898
2694,2694,0,0,0,2003,50,2568,5004,4757,2372
2695,2695,0,0,0,2003,48,2426,5007,4568,3344
2696,2696,0,0,0,2003,48,2320,5008,4426,22600
2697,2697,0,0,0,2003,48,2240,4952,4320,780
2698,2698,0,0,0,2003,48,2180,4800,4240,25754
2699,2699,0,0,0,2003,50,2135,4629,4180,1954
2700,2700,0,0,0,2003,50,2102,4478,4135,22800
2701,2701,0,0,0,2003,50,2077,4335,4102,21534
2702,2702,0,0,0,2003,50,2058,4238,4077,3692
2703,2703,0,0,0,2003,54,2044,4172,4058,25728
2704,2704,0,0,0,2003,54,2033,4118,4044,17074
2705,2705,0,0,0,2003,54,2025,4090,4033,14248
2706,2706,0,0,0,2003,54,2019,4069,4025,20332
2707,2707,0,0,0,2003,48,2015,4049,4019,13732
2708,2708,0,0,0,2003,48,2012,4041,4015,13510
2709,2709,0,0,0,2003,48,2009,4031,4012,26536
2710,2710,0,0,0,2003,48,2007,4022,4009,12472
2711,2711,0,0,0,2003,60,2006,4019,4007,12900
2712,2712,0,0,0,2003,60,2005,4014,4006,24800
2713,2713,0,0,0,2003,60,2004,4010,4005,14306
2714,2714,0,0,0,2003,60,2003,4009,4004,13710
2715,2715,0,0,0,2003,56,2003,4006,4003,14316
2716,2716,0,0,0,2003,56,2003,4005,4003,27018
2717,2717,0,0,0,2003,56,2003,4005,4003,12736
2718,2718,0,0,0,2003,56,2003,4003,4003,27278
2719,2719,0,0,0,2003,64,2003,4003,4003,12884
2720,2720,0,0,0,2004,64,2003,4003,4003,28298
2721,2721,0,0,0,2004,64,2003,4002,4003,28026
2722,2722,0,0,0,2004,64,2003,4003,4003,28614
2723,2723,0,0,0,2004,54,2003,4003,4003,27428
2724,2724,0,0,0,2003,54,2003,4002,4003,23824
2725,2725,0,0,0,2003,54,2003,4003,4003,12616
2726,2726,0,0,0,2003,54,2003,4003,4003,23430
2727,2727,0,0,0,2003,48,2003,4002,4003,28664
2728,2728,0,0,0,2003,48,2003,4003,4003,12516
2729,2729,0,0,0,2003,48,2003,4003,4003,27238
2730,2730,0,0,0,2003,48,2003,4002,4003,14092
2731,2731,0,0,0,2003,52,2003,4003,4003,27610
2732,2732,0,0,0,2003,52,2003,4003,4003,25684
2733,2733,0,0,0,2003,52,2003,4002,4003,28158
2734,2734,0,0,0,2003,52,2003,4003,4003,15316
2735,2735,0,0,0,2003,56,2003,4003,4003,14606
2736,2736,0,0,0,2003,56,2003,4002,4003,13356
2737,2737,0,0,0,2003,56,2003,4003,4003,13994
2738,2738,0,0,0,2003,56,2003,4003,4003,13354
2739,2739,0,0,0,2003,56,2003,4002,4003,24540
2740,2740,0,0,0,2003,56,2003,4003,4003,25712
2741,2741,0,0,0,2003,56,2003,4003,4003,12904
2742,2742,0,0,0,2003,56,2003,4002,4003,13132
2743,2743,0,0,0,2003,48,2003,4003,4003,27148
2744,2744,0,0,0,2003,48,2003,4003,4003,13420
2745,2745,0,0,0,2003,48,2003,4002,4003,28546
2746,2746,0,0,0,2003,48,2003,4003,4003,13982
2747,2747,0,0,0,2003,54,2003,4003,4003,26366
2748,2748,0,0,0,2003,54,2003,4002,4003,15032
2749,2749,0,0,0,2003,54,2003,4003,4003,28436
2750,2750,0,0,0,2003,54,2003,4003,4003,14778
2751,2751,0,0,0,2003,46,2003,4002,4003,16512
2752,2752,0,0,0,2002,46,2003,4003,4003,28344
2753,2753,0,0,0,2002,46,2002,4003,4003,14026
2754,2754,0,0,0,2002,46,2002,4002,4002,28254
2755,2755,0,0,0,2002,52,2002,4003,4002,28198
2756,2756,0,0,0,2003,52,2002,4003,4002,12984
2757,2757,0,0,0,2003,52,2002,4002,4002,12956
2758,2758,0,0,0,2003,52,2002,4002,4002,12888
2759,2759,0,0,0,2003,52,2002,4002,4002,16942
2760,2760,0,0,0,2003,52,2002,4001,4002,26660
2761,2761,0,0,0,2003,52,2002,4002,4002,26756
2762,2762,0,0,0,2003,52,2002,4002,4002,14598
2763,2763,0,0,0,2003,48,2002,4001,4002,27636
2764,2764,0,0,0,2003,48,2002,4002,4002,14934
2765,2765,0,0,0,2003,48,2002,4002,4002,28022
2766,2766,0,0,0,2003,48,2002,4001,4002,27576
2767,2767,0,0,0,2003,52,2002,4002,4002,22628
2768,2768,0,0,0,2003,52,2002,4002,4002,17762
2769,2769,0,0,0,2003,52,2002,4001,4002,14212
2770,2770,0,0,0,2003,52,2002,4002,4002,26344
2771,2771,0,0,0,2003,50,2002,4002,4002,16182
2772,2772,0,0,0,2003,50,2002,4001,4002,28764
2773,2773,0,0,0,2003,50,2002,4002,4002,14440
2774,2774,0,0,0,2003,50,2002,4002,4002,12914
2775,2775,0,0,0,2003,42,2002,4001,4002,12670
2776,2776,0,0,0,2002,42,2002,4002,4002,13682
2777,2777,0,0,0,2002,42,2002,4002,4002,14604
2778,2778,0,0,0,2002,42,2002,4001,4002,12504
2779,2779,0,0,0,2002,54,2002,4002,4002,13192
2780,2780,0,0,0,2003,54,2002,4002,4002,17550
2781,2781,0,0,0,2003,54,2002,4001,4002,12840
2782,2782,0,0,0,2003,54,2002,4002,4002,26490
2783,2783,0,0,0,2003,54,2002,4002,4002,14968
2784,2784,0,0,0,2003,54,2002,4001,4002,15006
2785,2785,0,0,0,2003,54,2002,4002,4002,25744
2786,2786,0,0,0,2003,54,2002,4002,4002,13808
2787,2787,0,0,0,2003,54,2002,4001,4002,13400
2788,2788,0,0,0,2003,54,2002,4002,4002,13320
2789,2789,0,0,0,2003,54,2002,4002,4002,15326
2790,2790,0,0,0,2003,54,2002,4001,4002,12932
2791,2791,0,0,0,2003,56,2002,4002,4002,13822
2792,2792,0,0,0,2003,56,2002,4002,4002,25884
2793,2793,0,0,0,2003,56,2002,4001,4002,27470
2794,2794,0,0,0,2003,56,2002,4002,4002,26274
2795,2795,0,0,0,2003,48,2002,4002,4002,13884
2796,2796,0,0,0,2003,48,2002,4001,4002,24602
2797,2797,0,0,0,2003,48,2002,4002,4002,27368
2798,2798,0,0,0,2003,48,2002,4002,4002,13692
2799,2799,0,0,0,2003,48,2002,4001,4002,24974
2800,2800,0,0,0,2003,48,2002,4002,4002,24726
2801,2801,0,0,0,2003,48,2002,4002,4002,26530
2802,2802,0,0,0,2003,48,2002,4001,4002,27964
2803,2803,0,0,0,2003,58,2002,4002,4002,14376
2804,2804,0,0,0,2003,58,2002,4002,4002,26970
2805,2805,0,0,0,2003,58,2002,4001,4002,14626
2806,2806,0,0,0,2003,58,2002,4002,4002,28032
2807,2807,0,0,0,2003,48,2002,4002,4002,27276
2808,2808,0,0,0,2003,48,2002,4001,4002,25496
2809,2809,0,0,0,2003,48,2002,4002,4002,14900
2810,2810,0,0,0,2003,48,2002,4002,4002,14596
2811,2811,0,0,0,2003,48,2002,4001,4002,14466
2812,2812,0,0,0,2003,48,2002,4002,4002,27040
2813,2813,0,0,0,2003,48,2002,4002,4002,23726
2814,2814,0,0,0,2003,48,2002,4001,4002,27960
2815,2815,0,0,0,2003,56,2002,4002,4002,13414
2816,2816,0,0,0,2003,56,2002,4002,4002,24750
2817,2817,0,0,0,2003,56,2002,4001,4002,17896
2818,2818,0,0,0,2003,56,2002,4002,4002,15950
2819,2819,0,0,0,2003,50,2002,4002,4002,14788
2820,2820,0,0,0,2003,50,2002,4001,4002,23518
2821,2821,0,0,0,2003,50,2002,4002,4002,12498
2822,2822,0,0,0,2003,50,2002,4002,4002,14594
2823,2823,0,0,0,2003,58,2002,4001,4002,17496
2824,2824,0,0,0,2003,58,2002,4002,4002,15714
2825,2825,0,0,0,2003,58,2002,4002,4002,13548
2826,2826,0,0,0,2003,58,2002,4001,4002,27094
2827,2827,0,0,0,2003,56,2002,4002,4002,25958
2828,2828,0,0,0,2003,56,2002,4002,4002,23888
2829,2829,0,0,0,2003,56,2002,4001,4002,13494
2830,2830,0,0,0,2003,56,2002,4002,4002,28514
2831,2831,0,0,0,2003,16234,2002,4002,4002,14408
2832,2832,0,0,0,3014,16234,2002,4001,4002,26350
2833,2833,0,0,0,3014,16234,2255,4002,4002,15836
2834,2834,0,0,0,3014,16234,2444,4002,4255,15488
2835,2835,0,0,0,3014,16236,2586,4001,4444,12420
2836,2836,0,0,0,3014,16236,2693,4002,4586,27466
2837,2837,0,0,0,3014,16236,2773,4057,4693,25672
2838,2838,0,0,0,3014,16236,2833,4211,4773,23946
2839,2839,0,0,0,3014,16232,2878,4382,4833,28746
2840,2840,0,0,0,3014,16232,2912,4533,4878,22668
2841,2841,0,0,0,3014,16232,2937,4677,4912,26778
2842,2842,0,0,0,3014,16232,2956,4774,4937,15796
2843,2843,0,0,0,3014,16232,2970,4840,4956,23336
2844,2844,0,0,0,3014,16232,2981,4895,4970,21212
2845,2845,0,0,0,3014,16232,2989,4923,4981,20826
2846,2846,0,0,0,3014,16232,2995,4944,4989,3492
2847,2847,0,0,0,3014,16230,2999,4964,4995,22856
2848,2848,0,0,0,3014,16230,3002,4972,4999,3992
2849,2849,0,0,0,3014,16230,3005,4982,5002,21820
2850,2850,0,0,0,3014,16230,3007,4991,5005,3752
2851,2851,0,0,0,3014,50,3008,4994,5007,22250
2852,2852,0,0,0,2003,50,3009,4999,5008,1744
2853,2853,0,0,0,2003,50,2757,5003,5009,32634
2854,2854,0,0,0,2003,50,2568,5004,4757,24036
2855,2855,0,0,0,2003,54,2426,5007,4568,21234
2856,2856,0,0,0,2003,54,2320,5008,4426,20470
2857,2857,0,0,0,2003,54,2240,4952,4320,24298
2858,2858,0,0,0,2003,54,2180,4800,4240,3490
2859,2859,0,0,0,2003,52,2135,4629,4180,3552
2860,2860,0,0,0,2003,52,2102,4478,4135,21806
2861,2861,0,0,0,2003,52,2077,4335,4102,23248
2862,2862,0,0,0,2003,52,2058,4238,4077,2642
2863,2863,0,0,0,2003,60,2044,4172,4058,27642
2864,2864,0,0,0,2003,60,2033,4118,4044,12420
2865,2865,0,0,0,2003,60,2025,4090,4033,27914
2866,2866,0,0,0,2003,60,2019,4069,4025,14058
2867,2867,0,0,0,2003,54,2015,4049,4019,28236
2868,2868,0,0,0,2003,54,2012,4041,4015,16932
2869,2869,0,0,0,2003,54,2009,4031,4012,13826
2870,2870,0,0,0,2003,54,2007,4022,4009,25828
2871,2871,0,0,0,2003,54,2006,4019,4007,19614
2872,2872,0,0,0,2003,54,2005,4014,4006,27462
2873,2873,0,0,0,2003,54,2004,4010,4005,25152
2874,2874,0,0,0,2003,54,2003,4009,4004,27804
2875,2875,0,0,0,2003,56,2003,4006,4003,25630
2876,2876,0,0,0,2003,56,2003,4005,4003,24490
2877,2877,0,0,0,2003,56,2003,4005,4003,27380
2878,2878,0,0,0,2003,56,2003,4003,4003,12914
2879,2879,0,0,0,2003,54,2003,4003,4003,14620
2880,2880,0,0,0,2003,54,2003,4003,4003,27948
2881,2881,0,0,0,2003,54,2003,4002,4003,14698
2882,2882,0,0,0,2003,54,2003,4003,4003,15340
2883,2883,0,0,0,2003,58,2003,4003,4003,27080
2884,2884,0,0,0,2003,58,2003,4002,4003,13872
2885,2885,0,0,0,2003,58,2003,4003,4003,25830
2886,2886,0,0,0,2003,58,2003,4003,4003,12806
2887,2887,0,0,0,2003,46,2003,4002,4003,28526
2888,2888,0,0,0,2002,46,2003,4003,4003,26964
2889,2889,0,0,0,2002,46,2002,4003,4003,13914
2890,2890,0,0,0,2002,46,2002,4002,4002,26204
2891,2891,0,0,0,2002,50,2002,4003,4002,16618
2892,2892,0,0,0,2003,50,2002,4003,4002,26332
2893,2893,0,0,0,2003,50,2002,4002,4002,15048
2894,2894,0,0,0,2003,50,2002,4002,4002,13014
2895,2895,0,0,0,2003,56,2002,4002,4002,26938
2896,2896,0,0,0,2003,56,2002,4001,4002,28168
2897,2897,0,0,0,2003,56,2002,4002,4002,27792
2898,2898,0,0,0,2003,56,2002,4002,4002,27312
2899,2899,0,0,0,2003,62,2002,4001,4002,25050
2900,2900,0,0,0,2003,62,2002,4002,4002,26162
2901,2901,0,0,0,2003,62,2002,4002,4002,28288
2902,2902,0,0,0,2003,62,2002,4001,4002,24954
2903,2903,0,0,0,2003,52,2002,4002,4002,13570
2904,2904,0,0,0,2003,52,2002,4002,4002,12818
2905,2905,0,0,0,2003,52,2002,4001,4002,17088
2906,2906,0,0,0,2003,52,2002,4002,4002,28620
2907,2907,0,0,0,2003,48,2002,4002,4002,13848
2908,2908,0,0,0,2003,48,2002,4001,4002,14780
2909,2909,0,0,0,2003,48,2002,4002,4002,25528
2910,2910,0,0,0,2003,48,2002,4002,4002,15690
2911,2911,0,0,0,2003,16232,2002,4001,4002,15570
2912,2912,0,0,0,3014,16232,2002,4002,4002,13590
2913,2913,0,0,0,3014,16232,2255,4002,4002,12630
2914,2914,0,0,0,3014,16232,2444,4001,4255,15534
2915,2915,0,0,0,3014,16238,2586,4002,4444,12706
2916,2916,0,0,0,3014,16238,2693,4002,4586,21598
2917,2917,0,0,0,3014,16238,2773,4057,4693,27100
2918,2918,0,0,0,3014,16238,2833,4211,4773,24628
2919,2919,0,0,0,3014,16232,2878,4382,4833,28662
2920,2920,0,0,0,3014,16232,2912,4533,4878,13408
2921,2921,0,0,0,3014,16232,2937,4677,4912,28468
2922,2922,0,0,0,3014,16232,2956,4774,4937,16382
2923,2923,0,0,0,3014,16224,2970,4840,4956,848
2924,2924,0,0,0,3014,16224,2981,4895,4970,3028
2925,2925,0,0,0,3014,16224,2989,4923,4981,24784
2926,2926,0,0,0,3014,16224,2995,4944,4989,32448
2927,2927,0,0,0,3014,16232,2999,4964,4995,23806
2928,2928,0,0,0,3014,16232,3002,4972,4999,27044
2929,2929,0,0,0,3014,16232,3005,4982,5002,21512
2930,2930,0,0,0,3014,16232,3007,4991,5005,20886
2931,2931,0,0,0,3014,48,3008,4994,5007,22228
2932,2932,0,0,0,2003,48,3009,4999,5008,3372
2933,2933,0,0,0,2003,48,2757,5003,5009,24986
2934,2934,0,0,0,2003,48,2568,5004,4757,20692
2935,2935,0,0,0,2003,50,2426,5007,4568,1662
2936,2936,0,0,0,2003,50,2320,5008,4426,31824
2937,2937,0,0,0,2003,50,2240,4952,4320,3456
2938,2938,0,0,0,2003,50,2180,4800,4240,21380
2939,2939,0,0,0,2003,52,2135,4629,4180,30008
2940,2940,0,0,0,2003,52,2102,4478,4135,2464
2941,2941,0,0,0,2003,52,2077,4335,4102,29356
2942,2942,0,0,0,2003,52,2058,4238,4077,20944
2943,2943,0,0,0,2003,58,2044,4172,4058,14650
2944,2944,0,0,0,2003,58,2033,4118,4044,28072
2945,2945,0,0,0,2003,58,2025,4090,4033,26130
2946,2946,0,0,0,2003,58,2019,4069,4025,12898
2947,2947,0,0,0,2003,56,2015,4049,4019,24022
2948,2948,0,0,0,2003,56,2012,4041,4015,28398
2949,2949,0,0,0,2003,56,2009,4031,4012,15252
2950,2950,0,0,0,2003,56,2007,4022,4009,13186
2951,2951,0,0,0,2003,16232,2006,4019,4007,28574
2952,2952,0,0,0,3014,16232,2005,4014,4006,28686
2953,2953,0,0,0,3014,16232,2257,4010,4005,13404
2954,2954,0,0,0,3014,16232,2446,4009,4257,26386
2955,2955,0,0,0,3014,16236,2588,4006,4446,27700
2956,2956,0,0,0,3014,16236,2694,4005,4588,12654
2957,2957,0,0,0,3014,16236,2774,4061,4694,14062
2958,2958,0,0,0,3014,16236,2834,4213,4774,14406
2959,2959,0,0,0,3014,16234,2879,4384,4834,13014
2960,2960,0,0,0,3014,16234,2912,4535,4879,26074
2961,2961,0,0,0,3014,16234,2937,4677,4912,25834
2962,2962,0,0,0,3014,16234,2956,4775,4937,27986
2963,2963,0,0,0,3014,16232,2970,4841,4956,21970
2964,2964,0,0,0,3014,16232,2981,4895,4970,262
2965,2965,0,0,0,3014,16232,2989,4923,4981,32042
2966,2966,0,0,0,3014,16232,2995,4944,4989,786
2967,2967,0,0,0,3014,16232,2999,4963,4995,21056
2968,2968,0,0,0,3014,16232,3002,4972,4999,25328
2969,2969,0,0,0,3014,16232,3005,4982,5002,1324
2970,2970,0,0,0,3014,16232,3007,4991,5005,2316
2971,2971,0,0,0,3014,16238,3008,4994,5007,3876
2972,2972,0,0,0,3014,16238,3009,4999,5008,23832
2973,2973,0,0,0,3014,16238,3010,5003,5009,2382
2974,2974,0,0,0,3014,16238,3011,5004,5010,24458
2975,2975,0,0,0,3014,16234,3011,5007,5011,1122
2976,2976,0,0,0,3014,16234,3011,5008,5011,3388
2977,2977,0,0,0,3014,16234,3011,5008,5011,3890
2978,2978,0,0,0,3014,16234,3011,5010,5011,23404
2979,2979,0,0,0,3014,16230,3011,5010,5011,2692
2980,2980,0,0,0,3014,16230,3011,5010,5011,3538
2981,2981,0,0,0,3014,16230,3011,5011,5011,21914
2982,2982,0,0,0,3014,16230,3011,5010,5011,1532
2983,2983,0,0,0,3014,16234,3011,5010,5011,3428
2984,2984,0,0,0,3014,16234,3011,5011,5011,364
2985,2985,0,0,0,3014,16234,3011,5010,5011,21820
2986,2986,0,0,0,3014,16234,3011,5010,5011,1408
2987,2987,0,0,0,3014,16230,3011,5011,5011,1450
2988,2988,0,0,0,3014,16230,3011,5010,5011,226
2989,2989,0,0,0,3014,16230,3011,5010,5011,1968
2990,2990,0,0,0,3014,16230,3011,5011,5011,25496
2991,2991,0,0,0,3014,46,3011,5010,5011,23956
2992,2992,0,0,0,2002,46,3011,5010,5011,20536
2993,2993,0,0,0,2002,46,2758,5011,5011,23878
2994,2994,0,0,0,2002,46,2569,5010,4758,20900
2995,2995,0,0,0,2002,54,2427,5010,4569,2458
2996,2996,0,0,0,2003,54,2320,5011,4427,22188
2997,2997,0,0,0,2003,54,2240,4954,4320,23542
2998,2998,0,0,0,2003,54,2180,4801,4240,1844
2999,2999,0,0,0,2003,60,2135,4630,4180,678
3000,3000,0,0,0,2003,60,2102,4478,4135,21984
3001,3001,0,0,0,2003,60,2077,4335,4102,23728
3002,3002,0,0,0,2003,60,2058,4238,4077,3894
3003,3003,0,0,0,2003,48,2044,4172,4058,15284
3004,3004,0,0,0,2003,48,2033,4118,4044,27050
3005,3005,0,0,0,2003,48,2025,4090,4033,24618
3006,3006,0,0,0,2003,48,2019,4069,4025,27360
3007,3007,0,0,0,2003,48,2015,4049,4019,15176
3008,3008,0,0,0,2003,48,2012,4041,4015,20352
3009,3009,0,0,0,2003,48,2009,4031,4012,14600
3010,3010,0,0,0,2003,48,2007,4022,4009,26732
3011,3011,0,0,0,2003,54,2006,4019,4007,14492
3012,3012,0,0,0,2003,54,2005,4014,4006,28710
3013,3013,0,0,0,2003,54,2004,4010,4005,13860
3014,3014,0,0,0,2003,54,2003,4009,4004,26286
3015,3015,0,0,0,2003,54,2003,4006,4003,13780
3016,3016,0,0,0,2003,54,2003,4005,4003,17456
3017,3017,0,0,0,2003,54,2003,4005,4003,12600
3018,3018,0,0,0,2003,54,2003,4003,4003,28116
3019,3019,0,0,0,2003,50,2003,4003,4003,13708
3020,3020,0,0,0,2003,50,2003,4003,4003,21138
3021,3021,0,0,0,2003,50,2003,4002,4003,27806
3022,3022,0,0,0,2003,50,2003,4003,4003,15582
3023,3023,0,0,0,2003,60,2003,4003,4003,26156
3024,3024,0,0,0,2003,60,2003,4002,4003,26890
3025,3025,0,0,0,2003,60,2003,4003,4003,13798
3026,3026,0,0,0,2003,60,2003,4003,4003,12782
3027,3027,0,0,0,2003,48,2003,4002,4003,15114
3028,3028,0,0,0,2003,48,2003,4003,4003,14876
3029,3029,0,0,0,2003,48,2003,4003,4003,23544
3030,3030,0,0,0,2003,48,2003,4002,4003,27454
3031,3031,0,0,0,2003,16234,2003,4003,4003,28538
3032,3032,0,0,0,3014,16234,2003,4003,4003,13128
3033,3033,0,0,0,3014,16234,2255,4002,4003,15232
3034,3034,0,0,0,3014,16234,2444,4003,4255,16836
3035,3035,0,0,0,3014,16230,2586,4003,4444,26754
3036,3036,0,0,0,3014,16230,2693,4002,4586,28354
3037,3037,0,0,0,3014,16230,2773,4058,4693,26484
3038,3038,0,0,0,3014,16230,2833,4211,4773,28110
3039,3039,0,0,0,3014,16232,2878,4382,4833,24186
3040,3040,0,0,0,3014,16232,2912,4533,4878,27240
3041,3041,0,0,0,3014,16232,2937,4676,4912,27442
3042,3042,0,0,0,3014,16232,2956,4774,4937,13322
3043,3043,0,0,0,3014,16234,2970,4840,4956,22812
3044,3044,0,0,0,3014,16234,2981,4894,4970,21698
3045,3045,0,0,0,3014,16234,2989,4923,4981,2690
3046,3046,0,0,0,3014,16234,2995,4944,4989,24170
3047,3047,0,0,0,3014,16228,2999,4963,4995,21730
3048,3048,0,0,0,3014,16228,3002,4972,4999,2894
3049,3049,0,0,0,3014,16228,3005,4982,5002,25692
3050,3050,0,0,0,3014,16228,3007,4991,5005,1972
3051,3051,0,0,0,3014,16238,3008,4994,5007,2098
3052,3052,0,0,0,3014,16238,3009,4999,5008,32480
3053,3053,0,0,0,3014,16238,3010,5003,5009,25132
3054,3054,0,0,0,3014,16238,3011,5004,5010,32718
3055,3055,0,0,0,3014,16234,3011,5007,5011,1850
3056,3056,0,0,0,3014,16234,3011,5008,5011,32070
3057,3057,0,0,0,3014,16234,3011,5008,5011,32196
3058,3058,0,0,0,3014,16234,3011,5010,5011,31982
3059,3059,0,0,0,3014,16236,3011,5010,5011,3676
3060,3060,0,0,0,3014,16236,3011,5010,5011,3090
3061,3061,0,0,0,3014,16236,3011,5011,5011,21370
3062,3062,0,0,0,3014,16236,3011,5010,5011,3114
3063,3063,0,0,0,3014,16226,3011,5010,5011,22280
3064,3064,0,0,0,3014,16226,3011,5011,5011,2568
3065,3065,0,0,0,3014,16226,3011,5010,5011,21210
3066,3066,0,0,0,3014,16226,3011,5010,5011,21604
3067,3067,0,0,0,3014,16238,3011,5011,5011,2486
3068,3068,0,0,0,3014,16238,3011,5010,5011,20744
3069,3069,0,0,0,3014,16238,3011,5010,5011,32416
3070,3070,0,0,0,3014,16238,3011,5011,5011,23858
3071,3071,0,0,0,3014,16228,3011,5010,5011,20674
3072,3072,0,0,0,3014,16228,3011,5010,5011,2650
3073,3073,0,0,0,3014,16228,3011,5011,5011,23374
3074,3074,0,0,0,3014,16228,3011,5010,5011,2282
3075,3075,0,0,0,3014,16236,3011,5010,5011,2310
3076,3076,0,0,0,3014,16236,3011,5011,5011,3010
3077,3077,0,0,0,3014,16236,3011,5010,5011,21908
3078,3078,0,0,0,3014,16236,3011,5010,5011,22464
3079,3079,0,0,0,3014,16228,3011,5011,5011,2964
3080,3080,0,0,0,3014,16228,3011,5010,5011,21600
3081,3081,0,0,0,3014,16228,3011,5010,5011,38
3082,3082,0,0,0,3014,16228,3011,5011,5011,3720
3083,3083,0,0,0,3014,16242,3011,5010,5011,1756
3084,3084,0,0,0,3015,16242,3011,5010,5011,2132
3085,3085,0,0,0,3015,16242,3012,5011,5011,21696
3086,3086,0,0,0,3015,16242,3012,5010,5012,21882
3087,3087,0,0,0,3015,16232,3012,5010,5012,21350
3088,3088,0,0,0,3014,16232,3012,5011,5012,22742
3089,3089,0,0,0,3014,16232,3012,5010,5012,2886
3090,3090,0,0,0,3014,16232,3012,5011,5012,21506
3091,3091,0,0,0,3014,16236,3012,5012,5012,23224
3092,3092,0,0,0,3014,16236,3012,5011,5012,3456
3093,3093,0,0,0,3014,16236,3012,5012,5012,22134
3094,3094,0,0,0,3014,16236,3012,5012,5012,32618
3095,3095,0,0,0,3014,16240,3012,5011,5012,1356
3096,3096,0,0,0,3015,16240,3012,5012,5012,21154
3097,3097,0,0,0,3015,16240,3012,5012,5012,24642
3098,3098,0,0,0,3015,16240,3012,5011,5012,3198
3099,3099,0,0,0,3015,16236,3012,5012,5012,21218
3100,3100,0,0,0,3014,16236,3012,5012,5012,21536
3101,3101,0,0,0,3014,16236,3012,5011,5012,2440
3102,3102,0,0,0,3014,16236,3012,5012,5012,25956
3103,3103,0,0,0,3014,16238,3012,5012,5012,846
3104,3104,0,0,0,3014,16238,3012,5011,5012,31388
3105,3105,0,0,0,3014,16238,3012,5012,5012,22176
3106,3106,0,0,0,3014,16238,3012,5012,5012,3186
3107,3107,0,0,0,3014,16234,3012,5011,5012,22052
3108,3108,0,0,0,3014,16234,3012,5012,5012,1812
3109,3109,0,0,0,3014,16234,3012,5012,5012,22534
3110,3110,0,0,0,3014,16234,3012,5011,5012,3384
3111,3111,0,0,0,3014,16234,3012,5012,5012,1532
3112,3112,0,0,0,3014,16234,3012,5012,5012,25266
3113,3113,0,0,0,3014,16234,3012,5011,5012,3492
3114,3114,0,0,0,3014,16234,3012,5012,5012,20654
3115,3115,0,0,0,3014,16232,3012,5012,5012,25218
3116,3116,0,0,0,3014,16232,3012,5011,5012,25756
3117,3117,0,0,0,3014,16232,3012,5012,5012,20668
3118,3118,0,0,0,3014,16232,3012,5012,5012,3632
3119,3119,0,0,0,3014,16236,3012,5011,5012,2146
3120,3120,0,0,0,3014,16236,3012,5012,5012,31120
3121,3121,0,0,0,3014,16236,3012,5012,5012,744
3122,3122,0,0,0,3014,16236,3012,5011,5012,2370
3123,3123,0,0,0,3014,16240,3012,5012,5012,21616
3124,3124,0,0,0,3015,16240,3012,5012,5012,23950
3125,3125,0,0,0,3015,16240,3012,5011,5012,25424
3126,3126,0,0,0,3015,16240,3012,5012,5012,31560
3127,3127,0,0,0,3015,16234,3012,5012,5012,3708
3128,3128,0,0,0,3014,16234,3012,5011,5012,1120
3129,3129,0,0,0,3014,16234,3012,5012,5012,1096
3130,3130,0,0,0,3014,16234,3012,5012,5012,3940
3131,3131,0,0,0,3014,52,3012,5011,5012,3004
3132,3132,0,0,0,2003,52,3012,5012,5012,1920
3133,3133,0,0,0,2003,52,2759,5012,5012,23254
3134,3134,0,0,0,2003,52,2570,5011,4759,21206
3135,3135,0,0,0,2003,60,2428,5012,4570,21856
3136,3136,0,0,0,2003,60,2321,5012,4428,26328
3137,3137,0,0,0,2003,60,2241,4955,4321,3144
3138,3138,0,0,0,2003,60,2181,4802,4241,21964
3139,3139,0,0,0,2003,54,2136,4631,4181,3726
3140,3140,0,0,0,2003,54,2102,4479,4136,20472
3141,3141,0,0,0,2003,54,2077,4336,4102,1894
3142,3142,0,0,0,2003,54,2058,4239,4077,3168
3143,3143,0,0,0,2003,50,2044,4173,4058,26492
3144,3144,0,0,0,2003,50,2033,4118,4044,14158
3145,3145,0,0,0,2003,50,2025,4090,4033,13102
3146,3146,0,0,0,2003,50,2019,4069,4025,13136
3147,3147,0,0,0,2003,48,2015,4049,4019,18150
3148,3148,0,0,0,2003,48,2012,4041,4015,24212
3149,3149,0,0,0,2003,48,2009,4031,4012,13558
3150,3150,0,0,0,2003,48,2007,4022,4009,25848
3151,3151,0,0,0,2003,16232,2006,4019,4007,15396
3152,3152,0,0,0,3014,16232,2005,4014,4006,28146
3153,3153,0,0,0,3014,16232,2257,4010,4005,12738
3154,3154,0,0,0,3014,16232,2446,4009,4257,28308
3155,3155,0,0,0,3014,16234,2588,4006,4446,13502
3156,3156,0,0,0,3014,16234,2694,4005,4588,13882
3157,3157,0,0,0,3014,16234,2774,4061,4694,28632
3158,3158,0,0,0,3014,16234,2834,4213,4774,26876
3159,3159,0,0,0,3014,16236,2879,4384,4834,26364
3160,3160,0,0,0,3014,16236,2912,4535,4879,14566
3161,3161,0,0,0,3014,16236,2937,4677,4912,13250
3162,3162,0,0,0,3014,16236,2956,4775,4937,27236
3163,3163,0,0,0,3014,16236,2970,4841,4956,1690
3164,3164,0,0,0,3014,16236,2981,4895,4970,24548
3165,3165,0,0,0,3014,16236,2989,4923,4981,1492
3166,3166,0,0,0,3014,16236,2995,4944,4989,3574
3167,3167,0,0,0,3014,16232,2999,4963,4995,21112
3168,3168,0,0,0,3014,16232,3002,4972,4999,24908
3169,3169,0,0,0,3014,16232,3005,4982,5002,31690
3170,3170,0,0,0,3014,16232,3007,4991,5005,21240
3171,3171,0,0,0,3014,58,3008,4994,5007,3030
3172,3172,0,0,0,2003,58,3009,4999,5008,1996
3173,3173,0,0,0,2003,58,2757,5003,5009,2392
3174,3174,0,0,0,2003,58,2568,5004,4757,24728
3175,3175,0,0,0,2003,56,2426,5007,4568,2908
3176,3176,0,0,0,2003,56,2320,5008,4426,21944
3177,3177,0,0,0,2003,56,2240,4952,4320,23436
3178,3178,0,0,0,2003,56,2180,4800,4240,3858
3179,3179,0,0,0,2003,42,2135,4629,4180,2146
3180,3180,0,0,0,2002,42,2102,4478,4135,3616
3181,3181,0,0,0,2002,42,2077,4335,4102,2830
3182,3182,0,0,0,2002,42,2058,4238,4077,21190
3183,3183,0,0,0,2002,48,2044,4172,4058,25874
3184,3184,0,0,0,2003,48,2033,4118,4044,26008
3185,3185,0,0,0,2003,48,2025,4090,4033,13400
3186,3186,0,0,0,2003,48,2019,4069,4025,24444
3187,3187,0,0,0,2003,46,2015,4049,4019,14812
3188,3188,0,0,0,2002,46,2012,4041,4015,27832
3189,3189,0,0,0,2002,46,2009,4031,4012,23842
3190,3190,0,0,0,2002,46,2007,4022,4009,27856
3191,3191,0,0,0,2002,50,2005,4019,4007,12748
3192,3192,0,0,0,2003,50,2004,4014,4005,13102
3193,3193,0,0,0,2003,50,2003,4010,4004,13220
3194,3194,0,0,0,2003,50,2003,4009,4003,16262
3195,3195,0,0,0,2003,50,2003,4006,4003,13954
3196,3196,0,0,0,2003,50,2003,4004,4003,27672
3197,3197,0,0,0,2003,50,2003,4004,4003,16754
3198,3198,0,0,0,2003,50,2003,4002,4003,27076
3199,3199,0,0,0,2003,52,2003,4002,4003,26532
3200,3200,0,0,0,2003,52,2003,4003,4003,26202
3201,3201,0,0,0,2003,52,2003,4002,4003,28576
3202,3202,0,0,0,2003,52,2003,4002,4003,25908
3203,3203,0,0,0,2003,52,2003,4003,4003,15150
3204,3204,0,0,0,2003,52,2003,4002,4003,24968
3205,3205,0,0,0,2003,52,2003,4002,4003,26786
3206,3206,0,0,0,2003,52,2003,4003,4003,17136
3207,3207,0,0,0,2003,52,2003,4002,4003,17262
3208,3208,0,0,0,2003,52,2003,4002,4003,15812
3209,3209,0,0,0,2003,52,2003,4003,4003,17514
3210,3210,0,0,0,2003,52,2003,4002,4003,13720
3211,3211,0,0,0,2003,16222,2003,4002,4003,21090
3212,3212,0,0,0,3013,16222,2003,4003,4003,13266
3213,3213,0,0,0,3013,16222,2255,4002,4003,12732
3214,3214,0,0,0,3013,16222,2444,4002,4255,28122
3215,3215,0,0,0,3013,16232,2586,4003,4444,26758
3216,3216,0,0,0,3014,16232,2692,4002,4586,23676
3217,3217,0,0,0,3014,16232,2772,4058,4692,13424
3218,3218,0,0,0,3014,16232,2832,4212,4772,13588
3219,3219,0,0,0,3014,16236,2877,4382,4832,25124
3220,3220,0,0,0,3014,16236,2911,4533,4877,26954
3221,3221,0,0,0,3014,16236,2936,4676,4911,24232
3222,3222,0,0,0,3014,16236,2955,4773,4936,13644
3223,3223,0,0,0,3014,16226,2969,4839,4955,21076
3224,3224,0,0,0,3014,16226,2980,4894,4969,3434
3225,3225,0,0,0,3014,16226,2988,4922,4980,21228
3226,3226,0,0,0,3014,16226,2994,4943,4988,23884
3227,3227,0,0,0,3014,16232,2999,4963,4994,25800
3228,3228,0,0,0,3014,16232,3002,4971,4999,31822
3229,3229,0,0,0,3014,16232,3005,4981,5002,31258
3230,3230,0,0,0,3014,16232,3007,4990,5005,23050
3231,3231,0,0,0,3014,16224,3008,4993,5007,3574
3232,3232,0,0,0,3014,16224,3009,4999,5008,2662
3233,3233,0,0,0,3014,16224,3010,5003,5009,1328
3234,3234,0,0,0,3014,16224,3011,5004,5010,2254
3235,3235,0,0,0,3014,16236,3011,5007,5011,21444
3236,3236,0,0,0,3014,16236,3011,5008,5011,22262
3237,3237,0,0,0,3014,16236,3011,5008,5011,22202
3238,3238,0,0,0,3014,16236,3011,5010,5011,3626
3239,3239,0,0,0,3014,16228,3011,5010,5011,2964
3240,3240,0,0,0,3014,16228,3011,5010,5011,22610
3241,3241,0,0,0,3014,16228,3011,5011,5011,2790
3242,3242,0,0,0,3014,16228,3011,5010,5011,24930
3243,3243,0,0,0,3014,16234,3011,5010,5011,20668
3244,3244,0,0,0,3014,16234,3011,5011,5011,2780
3245,3245,0,0,0,3014,16234,3011,5010,5011,20854
3246,3246,0,0,0,3014,16234,3011,5010,5011,22534
3247,3247,0,0,0,3014,16232,3011,5011,5011,24582
3248,3248,0,0,0,3014,16232,3011,5010,5011,3048
3249,3249,0,0,0,3014,16232,3011,5010,5011,3142
3250,3250,0,0,0,3014,16232,3011,5011,5011,21884
3251,3251,0,0,0,3014,16232,3011,5010,5011,20516
3252,3252,0,0,0,3014,16232,3011,5010,5011,21170
3253,3253,0,0,0,3014,16232,3011,5011,5011,21266
3254,3254,0,0,0,3014,16232,3011,5010,5011,20432
3255,3255,0,0,0,3014,16236,3011,5010,5011,424
3256,3256,0,0,0,3014,16236,3011,5011,5011,2564
3257,3257,0,0,0,3014,16236,3011,5010,5011,2844
3258,3258,0,0,0,3014,16236,3011,5010,5011,1532
3259,3259,0,0,0,3014,16236,3011,5011,5011,24130
3260,3260,0,0,0,3014,16236,3011,5010,5011,20752
3261,3261,0,0,0,3014,16236,3011,5010,5011,22422
3262,3262,0,0,0,3014,16236,3011,5011,5011,1534
3263,3263,0,0,0,3014,16226,3011,5010,5011,2598
3264,3264,0,0,0,3014,16226,3011,5010,5011,3918
3265,3265,0,0,0,3014,16226,3011,5011,5011,22444
3266,3266,0,0,0,3014,16226,3011,5010,5011,25212
3267,3267,0,0,0,3014,16230,3011,5010,5011,21092
3268,3268,0,0,0,3014,16230,3011,5011,5011,3640
3269,3269,0,0,0,3014,16230,3011,5010,5011,3880
3270,3270,0,0,0,3014,16230,3011,5010,5011,22072
3271,3271,0,0,0,3014,16226,3011,5011,5011,20892
3272,3272,0,0,0,3014,16226,3011,5010,5011,1074
3273,3273,0,0,0,3014,16226,3011,5010,5011,22548
3274,3274,0,0,0,3014,16226,3011,5011,5011,3116
3275,3275,0,0,0,3014,16234,3011,5010,5011,23704
3276,3276,0,0,0,3014,16234,3011,5010,5011,22270
3277,3277,0,0,0,3014,16234,3011,5011,5011,23850
3278,3278,0,0,0,3014,16234,3011,5010,5011,2000
3279,3279,0,0,0,3014,16236,3011,5010,5011,222
3280,3280,0,0,0,3014,16236,3011,5011,5011,21958
3281,3281,0,0,0,3014,16236,3011,5010,5011,1764
3282,3282,0,0,0,3014,16236,3011,5010,5011,2284
3283,3283,0,0,0,3014,16240,3011,5011,5011,3770
3284,3284,0,0,0,3015,16240,3011,5010,5011,2914
3285,3285,0,0,0,3015,16240,3012,5010,5011,24308
3286,3286,0,0,0,3015,16240,3012,5011,5012,32072
3287,3287,0,0,0,3015,16232,3012,5010,5012,3754
3288,3288,0,0,0,3014,16232,3012,5010,5012,20848
3289,3289,0,0,0,3014,16232,3012,5011,5012,22136
3290,3290,0,0,0,3014,16232,3012,5011,5012,20644
3291,3291,0,0,0,3014,52,3012,5011,5012,21052
3292,3292,0,0,0,2003,52,3012,5012,5012,3766
3293,3293,0,0,0,2003,52,2759,5011,5012,3454
3294,3294,0,0,0,2003,52,2570,5011,4759,22142
3295,3295,0,0,0,2003,54,2428,5012,4570,3864
3296,3296,0,0,0,2003,54,2321,5011,4428,550
3297,3297,0,0,0,2003,54,2241,4955,4321,25136
3298,3298,0,0,0,2003,54,2181,4802,4241,24308
3299,3299,0,0,0,2003,52,2136,4631,4181,21770
3300,3300,0,0,0,2003,52,2102,4480,4136,3524
3301,3301,0,0,0,2003,52,2077,4336,4102,26756
3302,3302,0,0,0,2003,52,2058,4239,4077,578
3303,3303,0,0,0,2003,46,2044,4173,4058,14528
3304,3304,0,0,0,2002,46,2033,4118,4044,22566
3305,3305,0,0,0,2002,46,2025,4090,4033,27800
3306,3306,0,0,0,2002,46,2019,4069,4025,12634
3307,3307,0,0,0,2002,52,2014,4049,4019,13668
3308,3308,0,0,0,2003,52,2011,4041,4014,25614
3309,3309,0,0,0,2003,52,2009,4031,4011,13312
3310,3310,0,0,0,2003,52,2007,4022,4009,26110
3311,3311,0,0,0,2003,16232,2006,4019,4007,24948
3312,3312,0,0,0,3014,16232,2005,4013,4006,13342
3313,3313,0,0,0,3014,16232,2257,4009,4005,27108
3314,3314,0,0,0,3014,16232,2446,4009,4257,13550
3315,3315,0,0,0,3014,16230,2588,4006,4446,26840
3316,3316,0,0,0,3014,16230,2694,4005,4588,27424
3317,3317,0,0,0,3014,16230,2774,4061,4694,28154
3318,3318,0,0,0,3014,16230,2834,4213,4774,28650
3319,3319,0,0,0,3014,16232,2879,4384,4834,16012
3320,3320,0,0,0,3014,16232,2912,4535,4879,14020
3321,3321,0,0,0,3014,16232,2937,4677,4912,12448
3322,3322,0,0,0,3014,16232,2956,4775,4937,24442
3323,3323,0,0,0,3014,16228,2970,4841,4956,21688
3324,3324,0,0,0,3014,16228,2981,4895,4970,32006
3325,3325,0,0,0,3014,16228,2989,4923,4981,21718
3326,3326,0,0,0,3014,16228,2995,4944,4989,31598
3327,3327,0,0,0,3014,16232,2999,4963,4995,31702
3328,3328,0,0,0,3014,16232,3002,4972,4999,31518
3329,3329,0,0,0,3014,16232,3005,4982,5002,3422
3330,3330,0,0,0,3014,16232,3007,4991,5005,24998
3331,3331,0,0,0,3014,52,3008,4994,5007,32120
3332,3332,0,0,0,2003,52,3009,4999,5008,21140
3333,3333,0,0,0,2003,52,2757,5003,5009,3076
3334,3334,0,0,0,2003,52,2568,5004,4757,21480
3335,3335,0,0,0,2003,46,2426,5007,4568,20806
3336,3336,0,0,0,2002,46,2320,5008,4426,2168
3337,3337,0,0,0,2002,46,2240,4952,4320,1158
3338,3338,0,0,0,2002,46,2180,4800,4240,23406
3339,3339,0,0,0,2002,60,2135,4629,4180,23092
3340,3340,0,0,0,2003,60,2101,4478,4135,22320
3341,3341,0,0,0,2003,60,2076,4335,4101,20616
3342,3342,0,0,0,2003,60,2057,4238,4076,2432
3343,3343,0,0,0,2003,50,2043,4172,4057,26300
3344,3344,0,0,0,2003,50,2033,4117,4043,28390
3345,3345,0,0,0,2003,50,2025,4089,4033,18514
3346,3346,0,0,0,2003,50,2019,4068,4025,25810
3347,3347,0,0,0,2003,54,2015,4048,4019,28048
3348,3348,0,0,0,2003,54,2012,4040,4015,13506
3349,3349,0,0,0,2003,54,2009,4031,4012,16808
3350,3350,0,0,0,2003,54,2007,4022,4009,14200
3351,3351,0,0,0,2003,16222,2006,4019,4007,12650
3352,3352,0,0,0,3013,16222,2005,4014,4006,26616
3353,3353,0,0,0,3013,16222,2257,4010,4005,14600
3354,3354,0,0,0,3013,16222,2446,4009,4257,25718
3355,3355,0,0,0,3013,16226,2587,4006,4446,26120
3356,3356,0,0,0,3014,16226,2693,4005,4587,14394
3357,3357,0,0,0,3014,16226,2773,4061,4693,27412
3358,3358,0,0,0,3014,16226,2833,4213,4773,16430
3359,3359,0,0,0,3014,16236,2878,4383,4833,16272
3360,3360,0,0,0,3014,16236,2912,4535,4878,26492
3361,3361,0,0,0,3014,16236,2937,4677,4912,17526
3362,3362,0,0,0,3014,16236,2956,4774,4937,27608
3363,3363,0,0,0,3014,16236,2970,4840,4956,2974
3364,3364,0,0,0,3014,16236,2981,4894,4970,21776
3365,3365,0,0,0,3014,16236,2989,4923,4981,3394
3366,3366,0,0,0,3014,16236,2995,4944,4989,3412
3367,3367,0,0,0,3014,16224,2999,4963,4995,21730
3368,3368,0,0,0,3014,16224,3002,4972,4999,24016
3369,3369,0,0,0,3014,16224,3005,4982,5002,22100
3370,3370,0,0,0,3014,16224,3007,4991,5005,2090
3371,3371,0,0,0,3014,16230,3008,4994,5007,22446
3372,3372,0,0,0,3014,16230,3009,4999,5008,20862
3373,3373,0,0,0,3014,16230,3010,5003,5009,2438
3374,3374,0,0,0,3014,16230,3011,5004,5010,21744
3375,3375,0,0,0,3014,16232,3011,5007,5011,27886
3376,3376,0,0,0,3014,16232,3011,5008,5011,22486
3377,3377,0,0,0,3014,16232,3011,5008,5011,21544
3378,3378,0,0,0,3014,16232,3011,5010,5011,30786
3379,3379,0,0,0,3014,16230,3011,5010,5011,3696
3380,3380,0,0,0,3014,16230,3011,5010,5011,31276
3381,3381,0,0,0,3014,16230,3011,5011,5011,3394
3382,3382,0,0,0,3014,16230,3011,5010,5011,2508
3383,3383,0,0,0,3014,16230,3011,5010,5011,574
3384,3384,0,0,0,3014,16230,3011,5011,5011,21136
3385,3385,0,0,0,3014,16230,3011,5010,5011,20430
3386,3386,0,0,0,3014,16230,3011,5010,5011,22362
3387,3387,0,0,0,3014,16228,3011,5011,5011,908
3388,3388,0,0,0,3014,16228,3011,5010,5011,1852
3389,3389,0,0,0,3014,16228,3011,5010,5011,21168
3390,3390,0,0,0,3014,16228,3011,5011,5011,20930
3391,3391,0,0,0,3014,58,3011,5010,5011,22320
3392,3392,0,0,0,2003,58,3011,5010,5011,22594
3393,3393,0,0,0,2003,58,2759,5011,5011,21214
3394,3394,0,0,0,2003,58,2570,5010,4759,24482
3395,3395,0,0,0,2003,52,2428,5010,4570,1604
3396,3396,0,0,0,2003,52,2321,5011,4428,21966
3397,3397,0,0,0,2003,52,2241,4954,4321,704
3398,3398,0,0,0,2003,52,2181,4802,4241,23068
3399,3399,0,0,0,2003,52,2136,4631,4181,20904
3400,3400,0,0,0,2003,52,2102,4479,4136,3002
3401,3401,0,0,0,2003,52,2077,4337,4102,2092
3402,3402,0,0,0,2003,52,2058,4239,4077,23206
3403,3403,0,0,0,2003,46,2044,4173,4058,26612
3404,3404,0,0,0,2002,46,2033,4119,4044,28506
3405,3405,0,0,0,2002,46,2025,4090,4033,27668
3406,3406,0,0,0,2002,46,2019,4069,4025,28712
3407,3407,0,0,0,2002,50,2014,4050,4019,27846
3408,3408,0,0,0,2003,50,2011,4041,4014,26376
3409,3409,0,0,0,2003,50,2009,4031,4011,13790
3410,3410,0,0,0,2003,50,2007,4022,4009,27986
3411,3411,0,0,0,2003,16234,2006,4019,4007,14262
3412,3412,0,0,0,3014,16234,2005,4013,4006,13108
3413,3413,0,0,0,3014,16234,2257,4009,4005,26436
3414,3414,0,0,0,3014,16234,2446,4009,4257,16358
3415,3415,0,0,0,3014,16234,2588,4006,4446,25774
3416,3416,0,0,0,3014,16234,2694,4005,4588,13696
3417,3417,0,0,0,3014,16234,2774,4061,4694,14530
3418,3418,0,0,0,3014,16234,2834,4213,4774,27624
3419,3419,0,0,0,3014,16230,2879,4384,4834,28044
3420,3420,0,0,0,3014,16230,2912,4535,4879,16128
3421,3421,0,0,0,3014,16230,2937,4677,4912,28334
3422,3422,0,0,0,3014,16230,2956,4775,4937,26688
3423,3423,0,0,0,3014,16236,2970,4841,4956,20874
3424,3424,0,0,0,3014,16236,2981,4895,4970,774
3425,3425,0,0,0,3014,16236,2989,4923,4981,22934
3426,3426,0,0,0,3014,16236,2995,4944,4989,3190
3427,3427,0,0,0,3014,16234,2999,4963,4995,2988
3428,3428,0,0,0,3014,16234,3002,4972,4999,32300
3429,3429,0,0,0,3014,16234,3005,4982,5002,23414
3430,3430,0,0,0,3014,16234,3007,4991,5005,1862
3431,3431,0,0,0,3014,52,3008,4994,5007,21792
3432,3432,0,0,0,2003,52,3009,4999,5008,22304
3433,3433,0,0,0,2003,52,2757,5003,5009,1556
3434,3434,0,0,0,2003,52,2568,5004,4757,898
3435,3435,0,0,0,2003,52,2426,5007,4568,32648
3436,3436,0,0,0,2003,52,2320,5008,4426,21268
3437,3437,0,0,0,2003,52,2240,4952,4320,21556
3438,3438,0,0,0,2003,52,2180,4800,4240,23024
3439,3439,0,0,0,2003,56,2135,4629,4180,31724
3440,3440,0,0,0,2003,56,2102,4478,4135,21660
3441,3441,0,0,0,2003,56,2077,4335,4102,2028
3442,3442,0,0,0,2003,56,2058,4238,4077,21322
3443,3443,0,0,0,2003,52,2044,4172,4058,14724
3444,3444,0,0,0,2003,52,2033,4118,4044,17462
3445,3445,0,0,0,2003,52,2025,4090,4033,16238
3446,3446,0,0,0,2003,52,2019,4069,4025,25968
3447,3447,0,0,0,2003,48,2015,4049,4019,28154
3448,3448,0,0,0,2003,48,2012,4041,4015,28016
3449,3449,0,0,0,2003,48,2009,4031,4012,28716
3450,3450,0,0,0,2003,48,2007,4022,4009,22590
3451,3451,0,0,0,2003,16228,2006,4019,4007,13748
3452,3452,0,0,0,3014,16228,2005,4014,4006,26426
3453,3453,0,0,0,3014,16228,2257,4010,4005,28032
3454,3454,0,0,0,3014,16228,2446,4009,4257,28432
3455,3455,0,0,0,3014,16230,2588,4006,4446,13402
3456,3456,0,0,0,3014,16230,2694,4005,4588,25472
3457,3457,0,0,0,3014,16230,2774,4061,4694,23806
3458,3458,0,0,0,3014,16230,2834,4213,4774,15102
3459,3459,0,0,0,3014,16236,2879,4384,4834,28008
3460,3460,0,0,0,3014,16236,2912,4535,4879,12474
3461,3461,0,0,0,3014,16236,2937,4677,4912,14570
3462,3462,0,0,0,3014,16236,2956,4775,4937,12404
3463,3463,0,0,0,3014,16232,2970,4841,4956,22126
3464,3464,0,0,0,3014,16232,2981,4895,4970,2010
3465,3465,0,0,0,3014,16232,2989,4923,4981,22680
3466,3466,0,0,0,3014,16232,2995,4944,4989,3836
3467,3467,0,0,0,3014,16238,2999,4963,4995,1838
3468,3468,0,0,0,3014,16238,3002,4972,4999,3340
3469,3469,0,0,0,3014,16238,3005,4982,5002,24130
3470,3470,0,0,0,3014,16238,3007,4991,5005,2256
3471,3471,0,0,0,3014,16236,3008,4994,5007,3314
3472,3472,0,0,0,3014,16236,3009,4999,5008,3070
3473,3473,0,0,0,3014,16236,3010,5003,5009,21676
3474,3474,0,0,0,3014,16236,3011,5004,5010,21800
3475,3475,0,0,0,3014,16230,3011,5007,5011,916
3476,3476,0,0,0,3014,16230,3011,5008,5011,2458
3477,3477,0,0,0,3014,16230,3011,5008,5011,26690
3478,3478,0,0,0,3014,16230,3011,5010,5011,1208
3479,3479,0,0,0,3014,16234,3011,5010,5011,21728
3480,3480,0,0,0,3014,16234,3011,5010,5011,22802
3481,3481,0,0,0,3014,16234,3011,5011,5011,3944
3482,3482,0,0,0,3014,16234,3011,5010,5011,25704
3483,3483,0,0,0,3014,16232,3011,5010,5011,2526
3484,3484,0,0,0,3014,16232,3011,5011,5011,30464
3485,3485,0,0,0,3014,16232,3011,5010,5011,3272
3486,3486,0,0,0,3014,16232,3011,5010,5011,3220
3487,3487,0,0,0,3014,16234,3011,5011,5011,21016
3488,3488,0,0,0,3014,16234,3011,5010,5011,3416
3489,3489,0,0,0,3014,16234,3011,5010,5011,20766
3490,3490,0,0,0,3014,16234,3011,5011,5011,118
3491,3491,0,0,0,3014,16238,3011,5010,5011,3348
3492,3492,0,0,0,3014,16238,3011,5010,5011,3916
3493,3493,0,0,0,3014,16238,3011,5011,5011,21044
3494,3494,0,0,0,3014,16238,3011,5010,5011,2268
3495,3495,0,0,0,3014,16226,3011,5010,5011,30942
3496,3496,0,0,0,3014,16226,3011,5011,5011,21700
3497,3497,0,0,0,3014,16226,3011,5010,5011,3936
3498,3498,0,0,0,3014,16226,3011,5010,5011,2948
3499,3499,0,0,0,3014,16226,3011,5011,5011,32732
3500,3500,0,0,0,3014,16226,3011,5010,5011,3104
3501,3501,0,0,0,3014,16226,3011,5010,5011,3544
3502,3502,0,0,0,3014,16226,3011,5011,5011,21284
3503,3503,0,0,0,3014,16240,3011,5010,5011,2954
3504,3504,0,0,0,3015,16240,3011,5010,5011,20838
3505,3505,0,0,0,3015,16240,3012,5011,5011,3418
3506,3506,0,0,0,3015,16240,3012,5010,5012,3580
3507,3507,0,0,0,3015,16230,3012,5010,5012,30244
3508,3508,0,0,0,3014,16230,3012,5011,5012,23244
3509,3509,0,0,0,3014,16230,3012,5010,5012,21472
3510,3510,0,0,0,3014,16230,3012,5011,5012,20736
3511,3511,0,0,0,3014,16232,3012,5012,5012,20402
3512,3512,0,0,0,3014,16232,3012,5011,5012,23500
3513,3513,0,0,0,3014,16232,3012,5012,5012,21506
3514,3514,0,0,0,3014,16232,3012,5012,5012,22040
3515,3515,0,0,0,3014,16232,3012,5011,5012,21988
3516,3516,0,0,0,3014,16232,3012,5012,5012,21406
3517,3517,0,0,0,3014,16232,3012,5012,5012,20902
3518,3518,0,0,0,3014,16232,3012,5011,5012,20412
3519,3519,0,0,0,3014,16232,3012,5012,5012,21528
3520,3520,0,0,0,3014,16232,3012,5012,5012,2110
3521,3521,0,0,0,3014,16232,3012,5011,5012,20932
3522,3522,0,0,0,3014,16232,3012,5012,5012,24124
3523,3523,0,0,0,3014,16230,3012,5012,5012,3582
3524,3524,0,0,0,3014,16230,3012,5011,5012,21816
3525,3525,0,0,0,3014,16230,3012,5012,5012,27462
3526,3526,0,0,0,3014,16230,3012,5012,5012,2550
3527,3527,0,0,0,3014,16232,3012,5011,5012,23210
3528,3528,0,0,0,3014,16232,3012,5012,5012,23436
3529,3529,0,0,0,3014,16232,3012,5012,5012,22500
3530,3530,0,0,0,3014,16232,3012,5011,5012,24688
3531,3531,0,0,0,3014,50,3012,5012,5012,23116
3532,3532,0,0,0,2003,50,3012,5012,5012,3034
3533,3533,0,0,0,2003,50,2759,5011,5012,384
3534,3534,0,0,0,2003,50,2570,5012,4759,23724
3535,3535,0,0,0,2003,44,2428,5012,4570,20628
3536,3536,0,0,0,2002,44,2321,5011,4428,30822
3537,3537,0,0,0,2002,44,2241,4956,4321,21692
3538,3538,0,0,0,2002,44,2181,4802,4241,21460
3539,3539,0,0,0,2002,50,2136,4631,4181,486
3540,3540,0,0,0,2003,50,2102,4480,4136,1302
3541,3541,0,0,0,2003,50,2077,4336,4102,21492
3542,3542,0,0,0,2003,50,2058,4239,4077,20908
3543,3543,0,0,0,2003,50,2044,4173,4058,16430
3544,3544,0,0,0,2003,50,2033,4118,4044,14258
3545,3545,0,0,0,2003,50,2025,4090,4033,28442
3546,3546,0,0,0,2003,50,2019,4069,4025,27838
3547,3547,0,0,0,2003,54,2015,4049,4019,17132
3548,3548,0,0,0,2003,54,2012,4041,4015,25120
3549,3549,0,0,0,2003,54,2009,4031,4012,13862
3550,3550,0,0,0,2003,54,2007,4022,4009,14690
3551,3551,0,0,0,2003,50,2006,4019,4007,14376
3552,3552,0,0,0,2003,50,2005,4014,4006,13142
3553,3553,0,0,0,2003,50,2004,4010,4005,27766
3554,3554,0,0,0,2003,50,2003,4009,4004,12384
3555,3555,0,0,0,2003,52,2003,4006,4003,25022
3556,3556,0,0,0,2003,52,2003,4005,4003,25036
3557,3557,0,0,0,2003,52,2003,4005,4003,27642
3558,3558,0,0,0,2003,52,2003,4003,4003,23152
3559,3559,0,0,0,2003,58,2003,4003,4003,13244
3560,3560,0,0,0,2003,58,2003,4003,4003,15202
3561,3561,0,0,0,2003,58,2003,4002,4003,21800
3562,3562,0,0,0,2003,58,2003,4003,4003,26366
3563,3563,0,0,0,2003,48,2003,4003,4003,16896
3564,3564,0,0,0,2003,48,2003,4002,4003,12562
3565,3565,0,0,0,2003,48,2003,4003,4003,13762
3566,3566,0,0,0,2003,48,2003,4003,4003,27556
3567,3567,0,0,0,2003,52,2003,4002,4003,13268
3568,3568,0,0,0,2003,52,2003,4003,4003,15294
3569,3569,0,0,0,2003,52,2003,4003,4003,27596
3570,3570,0,0,0,2003,52,2003,4002,4003,14788
3571,3571,0,0,0,2003,50,2003,4003,4003,26200
3572,3572,0,0,0,2003,50,2003,4003,4003,26894
3573,3573,0,0,0,2003,50,2003,4002,4003,13950
3574,3574,0,0,0,2003,50,2003,4003,4003,12738
3575,3575,0,0,0,2003,54,2003,4003,4003,12936
3576,3576,0,0,0,2003,54,2003,4002,4003,27560
3577,3577,0,0,0,2003,54,2003,4003,4003,13470
3578,3578,0,0,0,2003,54,2003,4003,4003,27640
3579,3579,0,0,0,2003,48,2003,4002,4003,26978
3580,3580,0,0,0,2003,48,2003,4003,4003,27372
3581,3581,0,0,0,2003,48,2003,4003,4003,18170
3582,3582,0,0,0,2003,48,2003,4002,4003,28224
3583,3583,0,0,0,2003,50,2003,4003,4003,24402
3584,3584,0,0,0,2003,50,2003,4003,4003,25728
3585,3585,0,0,0,2003,50,2003,4002,4003,27988
3586,3586,0,0,0,2003,50,2003,4003,4003,14528
3587,3587,0,0,0,2003,54,2003,4003,4003,27208
3588,3588,0,0,0,2003,54,2003,4002,4003,13548
3589,3589,0,0,0,2003,54,2003,4003,4003,24226
3590,3590,0,0,0,2003,54,2003,4003,4003,24934
3591,3591,0,0,0,2003,16230,2003,4002,4003,24534
3592,3592,0,0,0,3014,16230,2003,4003,4003,12412
3593,3593,0,0,0,3014,16230,2255,4003,4003,12608
3594,3594,0,0,0,3014,16230,2444,4002,4255,12752
3595,3595,0,0,0,3014,16228,2586,4003,4444,26218
3596,3596,0,0,0,3014,16228,2693,4003,4586,24750
3597,3597,0,0,0,3014,16228,2773,4058,4693,13732
3598,3598,0,0,0,3014,16228,2833,4212,4773,14888
3599,3599,0,0,0,3014,16230,2878,4382,4833,25738
3600,3600,0,0,0,3014,16230,2912,4533,4878,13092
3601,3601,0,0,0,3014,16230,2937,4677,4912,28200
3602,3602,0,0,0,3014,16230,2956,4774,4937,14936
3603,3603,0,0,0,3014,16226,2970,4840,4956,2648
3604,3604,0,0,0,3014,16226,2981,4895,4970,3666
3605,3605,0,0,0,3014,16226,2989,4923,4981,24420
3606,3606,0,0,0,3014,16226,2995,4944,4989,32612
3607,3607,0,0,0,3014,16238,2999,4964,4995,3278
3608,3608,0,0,0,3014,16238,3002,4972,4999,21876
3609,3609,0,0,0,3014,16238,3005,4982,5002,22444
3610,3610,0,0,0,3014,16238,3007,4991,5005,30326
3611,3611,0,0,0,3014,16226,3008,4994,5007,2190
3612,3612,0,0,0,3014,16226,3009,4999,5008,112
3613,3613,0,0,0,3014,16226,3010,5003,5009,1292
3614,3614,0,0,0,3014,16226,3011,5004,5010,1952
3615,3615,0,0,0,3014,16228,3011,5007,5011,20992
3616,3616,0,0,0,3014,16228,3011,5008,5011,23250
3617,3617,0,0,0,3014,16228,3011,5008,5011,23820
3618,3618,0,0,0,3014,16228,3011,5010,5011,3358
3619,3619,0,0,0,3014,16232,3011,5010,5011,22658
3620,3620,0,0,0,3014,16232,3011,5010,5011,32714
3621,3621,0,0,0,3014,16232,3011,5011,5011,21458
3622,3622,0,0,0,3014,16232,3011,5010,5011,27196
3623,3623,0,0,0,3014,16232,3011,5010,5011,20832
3624,3624,0,0,0,3014,16232,3011,5011,5011,22540
3625,3625,0,0,0,3014,16232,3011,5010,5011,3638
3626,3626,0,0,0,3014,16232,3011,5010,5011,31360
3627,3627,0,0,0,3014,16238,3011,5011,5011,21054
3628,3628,0,0,0,3014,16238,3011,5010,5011,22042
3629,3629,0,0,0,3014,16238,3011,5010,5011,23656
3630,3630,0,0,0,3014,16238,3011,5011,5011,23392
3631,3631,0,0,0,3014,54,3011,5010,5011,24886
3632,3632,0,0,0,2003,54,3011,5010,5011,38
3633,3633,0,0,0,2003,54,2759,5011,5011,3080
3634,3634,0,0,0,2003,54,2570,5010,4759,27472
3635,3635,0,0,0,2003,54,2428,5010,4570,21518
3636,3636,0,0,0,2003,54,2321,5011,4428,212
3637,3637,0,0,0,2003,54,2241,4954,4321,2402
3638,3638,0,0,0,2003,54,2181,4802,4241,31990
3639,3639,0,0,0,2003,48,2136,4631,4181,2736
3640,3640,0,0,0,2003,48,2102,4479,4136,22990
3641,3641,0,0,0,2003,48,2077,4337,4102,23040
3642,3642,0,0,0,2003,48,2058,4239,4077,3168
3643,3643,0,0,0,2003,52,2044,4173,4058,14686
3644,3644,0,0,0,2003,52,2033,4119,4044,16946
3645,3645,0,0,0,2003,52,2025,4090,4033,13654
3646,3646,0,0,0,2003,52,2019,4069,4025,13610
3647,3647,0,0,0,2003,56,2015,4050,4019,14740
3648,3648,0,0,0,2003,56,2012,4041,4015,16304
3649,3649,0,0,0,2003,56,2009,4031,4012,28038
3650,3650,0,0,0,2003,56,2007,4022,4009,13208
3651,3651,0,0,0,2003,56,2006,4019,4007,26764
3652,3652,0,0,0,2003,56,2005,4014,4006,24208
3653,3653,0,0,0,2003,56,2004,4010,4005,25082
3654,3654,0,0,0,2003,56,2003,4009,4004,14960
3655,3655,0,0,0,2003,56,2003,4006,4003,28152
3656,3656,0,0,0,2003,56,2003,4005,4003,14100
3657,3657,0,0,0,2003,56,2003,4005,4003,28240
3658,3658,0,0,0,2003,56,2003,4003,4003,26668
3659,3659,0,0,0,2003,52,2003,4003,4003,14444
3660,3660,0,0,0,2003,52,2003,4003,4003,12890
3661,3661,0,0,0,2003,52,2003,4002,4003,13506
3662,3662,0,0,0,2003,52,2003,4003,4003,27950
3663,3663,0,0,0,2003,50,2003,4003,4003,28320
3664,3664,0,0,0,2003,50,2003,4002,4003,15002
3665,3665,0,0,0,2003,50,2003,4003,4003,12532
3666,3666,0,0,0,2003,50,2003,4003,4003,28520
3667,3667,0,0,0,2003,54,2003,4002,4003,26564
3668,3668,0,0,0,2003,54,2003,4003,4003,25332
3669,3669,0,0,0,2003,54,2003,4003,4003,17628
3670,3670,0,0,0,2003,54,2003,4002,4003,12528
3671,3671,0,0,0,2003,52,2003,4003,4003,28348
3672,3672,0,0,0,2003,52,2003,4003,4003,12486
3673,3673,0,0,0,2003,52,2003,4002,4003,28338
3674,3674,0,0,0,2003,52,2003,4003,4003,13854
3675,3675,0,0,0,2003,44,2003,4003,4003,27026
3676,3676,0,0,0,2002,44,2003,4002,4003,26706
3677,3677,0,0,0,2002,44,2002,4003,4003,28564
3678,3678,0,0,0,2002,44,2002,4003,4002,13158
3679,3679,0,0,0,2002,50,2002,4002,4002,17790
3680,3680,0,0,0,2003,50,2002,4003,4002,15094
3681,3681,0,0,0,2003,50,2002,4002,4002,26648
3682,3682,0,0,0,2003,50,2002,4001,4002,24726
3683,3683,0,0,0,2003,50,2002,4002,4002,27486
3684,3684,0,0,0,2003,50,2002,4001,4002,14150
3685,3685,0,0,0,2003,50,2002,4001,4002,15238
3686,3686,0,0,0,2003,50,2002,4002,4002,13288
3687,3687,0,0,0,2003,54,2002,4001,4002,12678
3688,3688,0,0,0,2003,54,2002,4001,4002,25982
3689,3689,0,0,0,2003,54,2002,4002,4002,27998
3690,3690,0,0,0,2003,54,2002,4001,4002,19016
3691,3691,0,0,0,2003,16224,2002,4001,4002,15544
3692,3692,0,0,0,3014,16224,2002,4002,4002,13020
3693,3693,0,0,0,3014,16224,2255,4001,4002,12690
3694,3694,0,0,0,3014,16224,2444,4001,4255,14330
3695,3695,0,0,0,3014,16234,2586,4002,4444,26972
3696,3696,0,0,0,3014,16234,2693,4001,4586,18276
3697,3697,0,0,0,3014,16234,2773,4057,4693,23308
3698,3698,0,0,0,3014,16234,2833,4211,4773,14084
3699,3699,0,0,0,3014,16234,2878,4381,4833,14290
3700,3700,0,0,0,3014,16234,2912,4533,4878,26960
3701,3701,0,0,0,3014,16234,2937,4677,4912,26668
3702,3702,0,0,0,3014,16234,2956,4773,4937,14084
3703,3703,0,0,0,3014,16240,2970,4840,4956,22514
3704,3704,0,0,0,3015,16240,2981,4895,4970,22572
3705,3705,0,0,0,3015,16240,2989,4922,4981,962
3706,3706,0,0,0,3015,16240,2995,4944,4989,21056
3707,3707,0,0,0,3015,16234,3000,4964,4995,2362
3708,3708,0,0,0,3014,16234,3003,4971,5000,21018
3709,3709,0,0,0,3014,16234,3005,4982,5003,22988
3710,3710,0,0,0,3014,16234,3007,4991,5005,24920
3711,3711,0,0,0,3014,16228,3008,4994,5007,3142
3712,3712,0,0,0,3014,16228,3009,5000,5008,22090
3713,3713,0,0,0,3014,16228,3010,5004,5009,20904
3714,3714,0,0,0,3014,16228,3011,5004,5010,2924
3715,3715,0,0,0,3014,16234,3011,5007,5011,3490
3716,3716,0,0,0,3014,16234,3011,5008,5011,31800
3717,3717,0,0,0,3014,16234,3011,5008,5011,24008
3718,3718,0,0,0,3014,16234,3011,5010,5011,22246
3719,3719,0,0,0,3014,16228,3011,5010,5011,3712
3720,3720,0,0,0,3014,16228,3011,5010,5011,22730
3721,3721,0,0,0,3014,16228,3011,5011,5011,23910
3722,3722,0,0,0,3014,16228,3011,5010,5011,21582
3723,3723,0,0,0,3014,16232,3011,5010,5011,1438
3724,3724,0,0,0,3014,16232,3011,5011,5011,2384
3725,3725,0,0,0,3014,16232,3011,5010,5011,20622
3726,3726,0,0,0,3014,16232,3011,5010,5011,3126
3727,3727,0,0,0,3014,16234,3011,5011,5011,21746
3728,3728,0,0,0,3014,16234,3011,5010,5011,20574
3729,3729,0,0,0,3014,16234,3011,5010,5011,3984
3730,3730,0,0,0,3014,16234,3011,5011,5011,32684
3731,3731,0,0,0,3014,16234,3011,5010,5011,22622
3732,3732,0,0,0,3014,16234,3011,5010,5011,23260
3733,3733,0,0,0,3014,16234,3011,5011,5011,23020
3734,3734,0,0,0,3014,16234,3011,5010,5011,21228
3735,3735,0,0,0,3014,16230,3011,5010,5011,31786
3736,3736,0,0,0,3014,16230,3011,5011,5011,3950
3737,3737,0,0,0,3014,16230,3011,5010,5011,22236
3738,3738,0,0,0,3014,16230,3011,5010,5011,3960
3739,3739,0,0,0,3014,16230,3011,5011,5011,22988
3740,3740,0,0,0,3014,16230,3011,5010,5011,3362
3741,3741,0,0,0,3014,16230,3011,5010,5011,20516
3742,3742,0,0,0,3014,16230,3011,5011,5011,3074
3743,3743,0,0,0,3014,16232,3011,5010,5011,2328
3744,3744,0,0,0,3014,16232,3011,5010,5011,21456
3745,3745,0,0,0,3014,16232,3011,5011,5011,276
3746,3746,0,0,0,3014,16232,3011,5010,5011,3802
3747,3747,0,0,0,3014,16228,3011,5010,5011,21830
3748,3748,0,0,0,3014,16228,3011,5011,5011,21876
3749,3749,0,0,0,3014,16228,3011,5010,5011,3772
3750,3750,0,0,0,3014,16228,3011,5010,5011,22512
3751,3751,0,0,0,3014,16232,3011,5011,5011,20964
3752,3752,0,0,0,3014,16232,3011,5010,5011,2508
3753,3753,0,0,0,3014,16232,3011,5010,5011,20612
3754,3754,0,0,0,3014,16232,3011,5011,5011,25280
3755,3755,0,0,0,3014,16238,3011,5010,5011,21700
3756,3756,0,0,0,3014,16238,3011,5010,5011,3734
3757,3757,0,0,0,3014,16238,3011,5011,5011,23816
3758,3758,0,0,0,3014,16238,3011,5010,5011,3654
3759,3759,0,0,0,3014,16232,3011,5010,5011,1456
3760,3760,0,0,0,3014,16232,3011,5011,5011,2694
3761,3761,0,0,0,3014,16232,3011,5010,5011,32292
3762,3762,0,0,0,3014,16232,3011,5010,5011,21446
3763,3763,0,0,0,3014,16240,3011,5011,5011,22888
3764,3764,0,0,0,3015,16240,3011,5010,5011,2678
3765,3765,0,0,0,3015,16240,3012,5010,5011,1328
3766,3766,0,0,0,3015,16240,3012,5011,5012,21572
3767,3767,0,0,0,3015,16234,3012,5010,5012,2108
3768,3768,0,0,0,3014,16234,3012,5010,5012,1214
3769,3769,0,0,0,3014,16234,3012,5011,5012,20612
3770,3770,0,0,0,3014,16234,3012,5011,5012,21882
3771,3771,0,0,0,3014,50,3012,5011,5012,3278
3772,3772,0,0,0,2003,50,3012,5012,5012,3210
3773,3773,0,0,0,2003,50,2759,5011,5012,21832
3774,3774,0,0,0,2003,50,2570,5011,4759,3020
3775,3775,0,0,0,2003,60,2428,5012,4570,22174
3776,3776,0,0,0,2003,60,2321,5011,4428,1842
3777,3777,0,0,0,2003,60,2241,4955,4321,384
3778,3778,0,0,0,2003,60,2181,4802,4241,22674
3779,3779,0,0,0,2003,54,2136,4631,4181,22682
3780,3780,0,0,0,2003,54,2102,4480,4136,31948
3781,3781,0,0,0,2003,54,2077,4336,4102,20960
3782,3782,0,0,0,2003,54,2058,4239,4077,24054
3783,3783,0,0,0,2003,54,2044,4173,4058,16104
3784,3784,0,0,0,2003,54,2033,4118,4044,12528
3785,3785,0,0,0,2003,54,2025,4090,4033,15366
3786,3786,0,0,0,2003,54,2019,4069,4025,13640
3787,3787,0,0,0,2003,52,2015,4049,4019,17646
3788,3788,0,0,0,2003,52,2012,4041,4015,13908
3789,3789,0,0,0,2003,52,2009,4031,4012,16012
3790,3790,0,0,0,2003,52,2007,4022,4009,14526
3791,3791,0,0,0,2003,16234,2006,4019,4007,15754
3792,3792,0,0,0,3014,16234,2005,4014,4006,26768
3793,3793,0,0,0,3014,16234,2257,4010,4005,24710
3794,3794,0,0,0,3014,16234,2446,4009,4257,13212
3795,3795,0,0,0,3014,16238,2588,4006,4446,13558
3796,3796,0,0,0,3014,16238,2694,4005,4588,28046
3797,3797,0,0,0,3014,16238,2774,4061,4694,25308
3798,3798,0,0,0,3014,16238,2834,4213,4774,24440
3799,3799,0,0,0,3014,16232,2879,4384,4834,14244
3800,3800,0,0,0,3014,16232,2912,4535,4879,27668
3801,3801,0,0,0,3014,16232,2937,4677,4912,28140
3802,3802,0,0,0,3014,16232,2956,4775,4937,20734
3803,3803,0,0,0,3014,16240,2970,4841,4956,1518
3804,3804,0,0,0,3015,16240,2981,4895,4970,31546
3805,3805,0,0,0,3015,16240,2989,4923,4981,1846
3806,3806,0,0,0,3015,16240,2995,4944,4989,23544
3807,3807,0,0,0,3015,16242,3000,4963,4995,23030
3808,3808,0,0,0,3015,16242,3003,4972,5000,21722
3809,3809,0,0,0,3015,16242,3006,4982,5003,508
3810,3810,0,0,0,3015,16242,3008,4991,5006,2930
3811,3811,0,0,0,3015,16228,3009,4994,5008,32180
3812,3812,0,0,0,3014,16228,3010,5000,5009,2184
3813,3813,0,0,0,3014,16228,3011,5004,5010,20384
3814,3814,0,0,0,3014,16228,3011,5005,5011,24614
3815,3815,0,0,0,3014,16236,3011,5008,5011,21088
3816,3816,0,0,0,3014,16236,3011,5009,5011,22142
3817,3817,0,0,0,3014,16236,3011,5009,5011,3474
3818,3818,0,0,0,3014,16236,3011,5011,5011,22688
3819,3819,0,0,0,3014,16232,3011,5011,5011,350
3820,3820,0,0,0,3014,16232,3011,5010,5011,20736
3821,3821,0,0,0,3014,16232,3011,5011,5011,2812
3822,3822,0,0,0,3014,16232,3011,5011,5011,21452
3823,3823,0,0,0,3014,16230,3011,5010,5011,3592
3824,3824,0,0,0,3014,16230,3011,5011,5011,2106
3825,3825,0,0,0,3014,16230,3011,5011,5011,3350
3826,3826,0,0,0,3014,16230,3011,5010,5011,24206
3827,3827,0,0,0,3014,16236,3011,5011,5011,2874
3828,3828,0,0,0,3014,16236,3011,5011,5011,3358
3829,3829,0,0,0,3014,16236,3011,5010,5011,3724
3830,3830,0,0,0,3014,16236,3011,5011,5011,30828
3831,3831,0,0,0,3014,16238,3011,5011,5011,2674
3832,3832,0,0,0,3014,16238,3011,5010,5011,1892
3833,3833,0,0,0,3014,16238,3011,5011,5011,2874
3834,3834,0,0,0,3014,16238,3011,5011,5011,2600
3835,3835,0,0,0,3014,16232,3011,5010,5011,22738
3836,3836,0,0,0,3014,16232,3011,5011,5011,31756
3837,3837,0,0,0,3014,16232,3011,5011,5011,2408
3838,3838,0,0,0,3014,16232,3011,5010,5011,22676
3839,3839,0,0,0,3014,16238,3011,5011,5011,1850
3840,3840,0,0,0,3014,16238,3011,5011,5011,3458
3841,3841,0,0,0,3014,16238,3011,5010,5011,31978
3842,3842,0,0,0,3014,16238,3011,5011,5011,3154
3843,3843,0,0,0,3014,16230,3011,5011,5011,1004
3844,3844,0,0,0,3014,16230,3011,5010,5011,22734
3845,3845,0,0,0,3014,16230,3011,5011,5011,312
3846,3846,0,0,0,3014,16230,3011,5011,5011,21882
3847,3847,0,0,0,3014,16238,3011,5010,5011,21778
3848,3848,0,0,0,3014,16238,3011,5011,5011,22148
3849,3849,0,0,0,3014,16238,3011,5011,5011,1768
3850,3850,0,0,0,3014,16238,3011,5010,5011,24688
3851,3851,0,0,0,3014,46,3011,5011,5011,24788
3852,3852,0,0,0,2002,46,3011,5011,5011,3152
3853,3853,0,0,0,2002,46,2758,5010,5011,23820
3854,3854,0,0,0,2002,46,2569,5011,4758,1076
3855,3855,0,0,0,2002,52,2427,5011,4569,3516
3856,3856,0,0,0,2003,52,2320,5010,4427,3324
3857,3857,0,0,0,2003,52,2240,4955,4320,2812
3858,3858,0,0,0,2003,52,2180,4801,4240,23204
3859,3859,0,0,0,2003,60,2135,4630,4180,592
3860,3860,0,0,0,2003,60,2102,4479,4135,20870
3861,3861,0,0,0,2003,60,2077,4335,4102,25128
3862,3862,0,0,0,2003,60,2058,4238,4077,606
3863,3863,0,0,0,2003,50,2044,4172,4058,27750
3864,3864,0,0,0,2003,50,2033,4117,4044,12614
3865,3865,0,0,0,2003,50,2025,4090,4033,16726
3866,3866,0,0,0,2003,50,2019,4069,4025,25032
3867,3867,0,0,0,2003,50,2015,4049,4019,15898
3868,3868,0,0,0,2003,50,2012,4041,4015,15178
3869,3869,0,0,0,2003,50,2009,4031,4012,24280
3870,3870,0,0,0,2003,50,2007,4022,4009,12884
3871,3871,0,0,0,2003,44,2006,4019,4007,13530
3872,3872,0,0,0,2002,44,2005,4014,4006,12394
3873,3873,0,0,0,2002,44,2004,4010,4005,24842
3874,3874,0,0,0,2002,44,2003,4009,4004,13646
3875,3875,0,0,0,2002,52,2002,4006,4003,14786
3876,3876,0,0,0,2003,52,2002,4005,4002,15906
3877,3877,0,0,0,2003,52,2002,4005,4002,12710
3878,3878,0,0,0,2003,52,2002,4003,4002,12604
3879,3879,0,0,0,2003,60,2002,4002,4002,25102
3880,3880,0,0,0,2003,60,2002,4002,4002,14816
3881,3881,0,0,0,2003,60,2002,4001,4002,14016
3882,3882,0,0,0,2003,60,2002,4001,4002,18050
3883,3883,0,0,0,2003,58,2002,4002,4002,12488
3884,3884,0,0,0,2003,58,2002,4001,4002,13670
3885,3885,0,0,0,2003,58,2002,4001,4002,28082
3886,3886,0,0,0,2003,58,2002,4002,4002,12678
3887,3887,0,0,0,2003,52,2002,4001,4002,28286
3888,3888,0,0,0,2003,52,2002,4001,4002,27890
3889,3889,0,0,0,2003,52,2002,4002,4002,23058
3890,3890,0,0,0,2003,52,2002,4001,4002,26074
3891,3891,0,0,0,2003,50,2002,4001,4002,26430
3892,3892,0,0,0,2003,50,2002,4002,4002,25736
3893,3893,0,0,0,2003,50,2002,4001,4002,26718
3894,3894,0,0,0,2003,50,2002,4001,4002,26754
3895,3895,0,0,0,2003,46,2002,4002,4002,28166
3896,3896,0,0,0,2002,46,2002,4001,4002,25042
3897,3897,0,0,0,2002,46,2002,4001,4002,14174
3898,3898,0,0,0,2002,46,2002,4002,4002,13766
3899,3899,0,0,0,2002,42,2002,4001,4002,15124
3900,3900,0,0,0,2002,42,2002,4001,4002,14306
3901,3901,0,0,0,2002,42,2002,4002,4002,23884
3902,3902,0,0,0,2002,42,2002,4001,4002,28544
3903,3903,0,0,0,2002,56,2002,4001,4002,28738
3904,3904,0,0,0,2003,56,2002,4002,4002,27592
3905,3905,0,0,0,2003,56,2002,4001,4002,14848
3906,3906,0,0,0,2003,56,2002,4001,4002,13692
3907,3907,0,0,0,2003,44,2002,4002,4002,13482
3908,3908,0,0,0,2002,44,2002,4001,4002,13696
3909,3909,0,0,0,2002,44,2002,4001,4002,14076
3910,3910,0,0,0,2002,44,2002,4002,4002,25008
3911,3911,0,0,0,2002,16228,2002,4001,4002,15720
3912,3912,0,0,0,3014,16228,2002,4001,4002,13830
3913,3913,0,0,0,3014,16228,2255,4002,4002,24938
3914,3914,0,0,0,3014,16228,2444,4001,4255,26358
3915,3915,0,0,0,3014,16230,2586,4001,4444,27898
3916,3916,0,0,0,3014,16230,2693,4002,4586,13720
3917,3917,0,0,0,3014,16230,2773,4057,4693,12456
3918,3918,0,0,0,3014,16230,2833,4211,4773,16140
3919,3919,0,0,0,3014,16228,2878,4382,4833,27010
3920,3920,0,0,0,3014,16228,2912,4533,4878,28726
3921,3921,0,0,0,3014,16228,2937,4677,4912,26930
3922,3922,0,0,0,3014,16228,2956,4774,4937,28124
3923,3923,0,0,0,3014,16234,2970,4840,4956,21358
3924,3924,0,0,0,3014,16234,2981,4895,4970,23404
3925,3925,0,0,0,3014,16234,2989,4923,4981,22822
3926,3926,0,0,0,3014,16234,2995,4944,4989,23970
3927,3927,0,0,0,3014,16232,2999,4964,4995,2546
3928,3928,0,0,0,3014,16232,3002,4972,4999,792
3929,3929,0,0,0,3014,16232,3005,4982,5002,3622
3930,3930,0,0,0,3014,16232,3007,4991,5005,22014
3931,3931,0,0,0,3014,64,3008,4994,5007,2348
3932,3932,0,0,0,2004,64,3009,4999,5008,21608
3933,3933,0,0,0,2004,64,2757,5003,5009,22858
3934,3934,0,0,0,2004,64,2568,5004,4757,2344
3935,3935,0,0,0,2004,54,2427,5007,4568,21760
3936,3936,0,0,0,2003,54,2321,5008,4427,3690
3937,3937,0,0,0,2003,54,2241,4952,4321,3986
3938,3938,0,0,0,2003,54,2181,4800,4241,764
3939,3939,0,0,0,2003,52,2136,4629,4181,3188
3940,3940,0,0,0,2003,52,2102,4478,4136,2492
3941,3941,0,0,0,2003,52,2077,4336,4102,25706
3942,3942,0,0,0,2003,52,2058,4239,4077,22044
3943,3943,0,0,0,2003,52,2044,4173,4058,17066
3944,3944,0,0,0,2003,52,2033,4119,4044,26768
3945,3945,0,0,0,2003,52,2025,4090,4033,14290
3946,3946,0,0,0,2003,52,2019,4069,4025,12514
3947,3947,0,0,0,2003,52,2015,4050,4019,28400
3948,3948,0,0,0,2003,52,2012,4041,4015,26712
3949,3949,0,0,0,2003,52,2009,4031,4012,25278
3950,3950,0,0,0,2003,52,2007,4022,4009,14206
3951,3951,0,0,0,2003,50,2006,4019,4007,23746
3952,3952,0,0,0,2003,50,2005,4014,4006,13942
3953,3953,0,0,0,2003,50,2004,4010,4005,28078
3954,3954,0,0,0,2003,50,2003,4009,4004,13802
3955,3955,0,0,0,2003,50,2003,4006,4003,25750
3956,3956,0,0,0,2003,50,2003,4005,4003,14830
3957,3957,0,0,0,2003,50,2003,4005,4003,28056
3958,3958,0,0,0,2003,50,2003,4003,4003,16692
3959,3959,0,0,0,2003,44,2003,4003,4003,27254
3960,3960,0,0,0,2002,44,2003,4003,4003,12946
3961,3961,0,0,0,2002,44,2002,4002,4003,13286
3962,3962,0,0,0,2002,44,2002,4003,4002,12812
3963,3963,0,0,0,2002,52,2002,4003,4002,12910
3964,3964,0,0,0,2003,52,2002,4002,4002,14882
3965,3965,0,0,0,2003,52,2002,4003,4002,28186
3966,3966,0,0,0,2003,52,2002,4002,4002,25722
3967,3967,0,0,0,2003,52,2002,4001,4002,24578
3968,3968,0,0,0,2003,52,2002,4002,4002,12404
3969,3969,0,0,0,2003,52,2002,4001,4002,17888
3970,3970,0,0,0,2003,52,2002,4001,4002,16178
3971,3971,0,0,0,2003,50,2002,4002,4002,13702
3972,3972,0,0,0,2003,50,2002,4001,4002,16074
3973,3973,0,0,0,2003,50,2002,4001,4002,13320
3974,3974,0,0,0,2003,50,2002,4002,4002,14548
3975,3975,0,0,0,2003,48,2002,4001,4002,13862
3976,3976,0,0,0,2003,48,2002,4001,4002,27676
3977,3977,0,0,0,2003,48,2002,4002,4002,14656
3978,3978,0,0,0,2003,48,2002,4001,4002,12820
3979,3979,0,0,0,2003,58,2002,4001,4002,14694
3980,3980,0,0,0,2003,58,2002,4002,4002,12890
3981,3981,0,0,0,2003,58,2002,4001,4002,27594
3982,3982,0,0,0,2003,58,2002,4001,4002,28000
3983,3983,0,0,0,2003,48,2002,4002,4002,25638
3984,3984,0,0,0,2003,48,2002,4001,4002,25508
3985,3985,0,0,0,2003,48,2002,4001,4002,28150
3986,3986,0,0,0,2003,48,2002,4002,4002,24494
3987,3987,0,0,0,2003,50,2002,4001,4002,16104
3988,3988,0,0,0,2003,50,2002,4001,4002,24938
3989,3989,0,0,0,2003,50,2002,4002,4002,25926
3990,3990,0,0,0,2003,50,2002,4001,4002,13280
3991,3991,0,0,0,2003,44,2002,4001,4002,28242
3992,3992,0,0,0,2002,44,2002,4002,4002,25058
3993,3993,0,0,0,2002,44,2002,4001,4002,13924
3994,3994,0,0,0,2002,44,2002,4001,4002,16698
3995,3995,0,0,0,2002,60,2002,4002,4002,24512
3996,3996,0,0,0,2003,60,2002,4001,4002,12426
3997,3997,0,0,0,2003,60,2002,4001,4002,27944
3998,3998,0,0,0,2003,60,2002,4002,4002,13512
3999,3999,0,0,0,2003,50,2002,4001,4002,28556
4000,4000,0,0,0,2003,50,2002,4001,4002,27680
4001,4001,0,0,0,2003,50,2002,4002,4002,15204
4002,4002,0,0,0,2003,50,2002,4001,4002,12824
4003,4003,0,0,0,2003,46,2002,4001,4002,14686
4004,4004,0,0,0,2002,46,2002,4002,4002,25630
4005,4005,0,0,0,2002,46,2002,4001,4002,28366
4006,4006,0,0,0,2002,46,2002,4001,4002,28174
4007,4007,0,0,0,2002,46,2002,4002,4002,12790
4008,4008,0,0,0,2002,46,2002,4001,4002,12828
4009,4009,0,0,0,2002,46,2002,4001,4002,13248
4010,4010,0,0,0,2002,46,2002,4002,4002,13080
4011,4011,0,0,0,2002,16230,2002,4001,4002,14822
4012,4012,0,0,0,3014,16230,2002,4001,4002,12556
4013,4013,0,0,0,3014,16230,2255,4002,4002,27096
4014,4014,0,0,0,3014,16230,2444,4001,4255,12714
4015,4015,0,0,0,3014,16234,2586,4001,4444,28262
4016,4016,0,0,0,3014,16234,2693,4002,4586,13794
4017,4017,0,0,0,3014,16234,2773,4057,4693,25866
4018,4018,0,0,0,3014,16234,2833,4211,4773,26874
4019,4019,0,0,0,3014,16232,2878,4382,4833,13108
4020,4020,0,0,0,3014,16232,2912,4533,4878,12624
4021,4021,0,0,0,3014,16232,2937,4677,4912,26712
4022,4022,0,0,0,3014,16232,2956,4774,4937,26936
4023,4023,0,0,0,3014,16228,2970,4840,4956,674
4024,4024,0,0,0,3014,16228,2981,4895,4970,3732
4025,4025,0,0,0,3014,16228,2989,4923,4981,3426
4026,4026,0,0,0,3014,16228,2995,4944,4989,2378
4027,4027,0,0,0,3014,16232,2999,4964,4995,22960
4028,4028,0,0,0,3014,16232,3002,4972,4999,21626
4029,4029,0,0,0,3014,16232,3005,4982,5002,2852
4030,4030,0,0,0,3014,16232,3007,4991,5005,3452
4031,4031,0,0,0,3014,16230,3008,4994,5007,3770
4032,4032,0,0,0,3014,16230,3009,4999,5008,2786
4033,4033,0,0,0,3014,16230,3010,5003,5009,21844
4034,4034,0,0,0,3014,16230,3011,5004,5010,1656
4035,4035,0,0,0,3014,16226,3011,5007,5011,1724
4036,4036,0,0,0,3014,16226,3011,5008,5011,22742
4037,4037,0,0,0,3014,16226,3011,5008,5011,22470
4038,4038,0,0,0,3014,16226,3011,5010,5011,1218
4039,4039,0,0,0,3014,16234,3011,5010,5011,20564
4040,4040,0,0,0,3014,16234,3011,5010,5011,23102
4041,4041,0,0,0,3014,16234,3011,5011,5011,20424
4042,4042,0,0,0,3014,16234,3011,5010,5011,22762
4043,4043,0,0,0,3014,16234,3011,5010,5011,31532
4044,4044,0,0,0,3014,16234,3011,5011,5011,23240
4045,4045,0,0,0,3014,16234,3011,5010,5011,3174
4046,4046,0,0,0,3014,16234,3011,5010,5011,21450
4047,4047,0,0,0,3014,16230,3011,5011,5011,3766
4048,4048,0,0,0,3014,16230,3011,5010,5011,154
4049,4049,0,0,0,3014,16230,3011,5010,5011,22028
4050,4050,0,0,0,3014,16230,3011,5011,5011,20418
4051,4051,0,0,0,3014,58,3011,5010,5011,20566
4052,4052,0,0,0,2003,58,3011,5010,5011,21338
4053,4053,0,0,0,2003,58,2759,5011,5011,22268
4054,4054,0,0,0,2003,58,2570,5010,4759,2460
4055,4055,0,0,0,2003,56,2428,5010,4570,32674
4056,4056,0,0,0,2003,56,2321,5011,4428,3538
4057,4057,0,0,0,2003,56,2241,4954,4321,21000
4058,4058,0,0,0,2003,56,2181,4802,4241,22166
4059,4059,0,0,0,2003,54,2136,4631,4181,1616
4060,4060,0,0,0,2003,54,2102,4479,4136,2520
4061,4061,0,0,0,2003,54,2077,4337,4102,1106
4062,4062,0,0,0,2003,54,2058,4239,4077,22766
4063,4063,0,0,0,2003,52,2044,4173,4058,16186
4064,4064,0,0,0,2003,52,2033,4119,4044,13928
4065,4065,0,0,0,2003,52,2025,4090,4033,15104
4066,4066,0,0,0,2003,52,2019,4069,4025,13266
4067,4067,0,0,0,2003,52,2015,4050,4019,26008
4068,4068,0,0,0,2003,52,2012,4041,4015,26916
4069,4069,0,0,0,2003,52,2009,4031,4012,13496
4070,4070,0,0,0,2003,52,2007,4022,4009,13738
4071,4071,0,0,0,2003,16240,2006,4019,4007,14912
4072,4072,0,0,0,3015,16240,2005,4014,4006,26396
4073,4073,0,0,0,3015,16240,2257,4010,4005,16374
4074,4074,0,0,0,3015,16240,2446,4009,4257,23138
4075,4075,0,0,0,3015,16232,2588,4006,4446,14964
4076,4076,0,0,0,3014,16232,2694,4005,4588,28634
4077,4077,0,0,0,3014,16232,2774,4061,4694,24420
4078,4078,0,0,0,3014,16232,2834,4213,4774,17650
4079,4079,0,0,0,3014,16232,2879,4384,4834,26720
4080,4080,0,0,0,3014,16232,2912,4535,4879,12390
4081,4081,0,0,0,3014,16232,2937,4677,4912,27106
4082,4082,0,0,0,3014,16232,2956,4775,4937,25088
4083,4083,0,0,0,3014,16226,2970,4841,4956,22712
4084,4084,0,0,0,3014,16226,2981,4895,4970,2742
4085,4085,0,0,0,3014,16226,2989,4923,4981,3852
4086,4086,0,0,0,3014,16226,2995,4944,4989,32406
4087,4087,0,0,0,3014,16234,2999,4963,4995,3562
4088,4088,0,0,0,3014,16234,3002,4972,4999,3306
4089,4089,0,0,0,3014,16234,3005,4982,5002,3840
4090,4090,0,0,0,3014,16234,3007,4991,5005,21588
4091,4091,0,0,0,3014,16236,3008,4994,5007,21704
4092,4092,0,0,0,3014,16236,3009,4999,5008,786
4093,4093,0,0,0,3014,16236,3010,5003,5009,1704
4094,4094,0,0,0,3014,16236,3011,5004,5010,1680
4095,4095,0,0,0,3014,16230,3011,5007,5011,22482
