$date
        2026-May-27 13:43:58
$end
$version
        Vivado v2024.2 (64-bit)
$end
$timescale
        1ps
$end
$scope module dut $end
$var reg 1 " design_2_i/probe0 $end
$var reg 1 # design_2_i/probe1 $end
$var reg 14 $ design_2_i/vcsel_top_0_current_data_b [13:0] $end
$var reg 14 2 design_2_i/xlslice_0_Dout [13:0] $end
$var reg 14 @ design_2_i/vcsel_top_0_current_data1 [13:0] $end
$var reg 14 N design_2_i/vcsel_top_0_vcsel_tdata [13:0] $end
$var reg 14 \ design_2_i/vcsel_top_0_p_static_data [13:0] $end
$var reg 32 j design_2_i/vcsel_conv_0_dac_data [31:0] $end
$var reg 1 ," _TRIGGER $end
$var reg 1 -" _WINDOW $end
$var reg 1 ." _GAP $end
$upscope $end
$enddefinitions $end
#0
$dumpvars
0"
0#
b101111000110 $
b11111101101110 2
b101111000100 @
b1001110010011 N
b1001110010100 \
b10000010000 j
0,"
1-"
0."
$end
#1
b101100110011110 j
#2
b1001110010100 N
b111101111111000 j
#3
b11111101101010 2
b1001110010011 N
b1101000100 j
#4
b101000101100010 j
#5
b1001110010100 N
b101011100110000 j
#6
b1001110010011 N
b11100110000 j
#7
b111100101100 j
#8
b1001110010100 N
b101011101011100 j
#9
b1001110010011 N
b101110000110000 j
#10
b101000111101010 j
#11
b11111101101100 2
b1001110010100 N
b101000100010000 j
#12
b1001110010011 N
b101011011101000 j
#13
b101111011011000 j
#14
b1001110010100 N
b110111110110 j
#15
b11111101101110 2
b1001110010011 N
b110000001110 j
#16
b111011101010 j
#17
b1001110010100 N
b101001010011000 j
#18
b1001110010011 N
b1011001000 j
#19
b11111101101100 2
b110101100 j
#20
b1001110010100 N
b110011010000 j
#21
b1001110010011 N
b110101011100 j
#22
b111110001100110 j
#23
b11111101100110 2
b1001110010100 N
b110001000010 j
#24
b1001110010011 N
b1011001000 j
#25
b110000110010 j
#26
b1001110010100 N
b101000110000010 j
#27
b11111101101010 2
b1001110010011 N
b10101111110 j
#28
b101010101011010 j
#29
b1001110010100 N
b100011110000 j
#30
b1001110010011 N
b101100001101010 j
#31
b111000 2
b100100100100 j
#32
b11111010011 $
b1001110010100 N
b101011010110010 j
#33
b101011000111 @
b1001110010011 N
b1101011000 j
#34
b101000001010 @
b1001010010111 \
b101001111110010 j
#35
b110010 2
b100101111100 @
b1001110010100 N
b1000111011010 \
b101010010011010 j
#36
b100100010001 @
b1001110010011 N
b1000101001100 \
b101111100001110 j
#37
b100011000001 @
b1001101011011 N
b1000011100001 \
b100010010100 j
#38
b100010000101 @
b1001011000010 N
b1000010010001 \
b1111011110 j
#39
b110000 2
b100001011000 @
b1001000010111 N
b1000001010101 \
b110010001111010 j
#40
b100000110110 @
b1000110000000 N
b1000000101000 \
b101100011111100 j
#41
b100000011101 @
b1000011110000 N
b1000000000110 \
b101111011100010 j
#42
b100000001010 @
b1000010001111 N
b111111101101 \
b100000000110 j
#43
b11111111100 @
b1000001001101 N
b111111011010 \
b11010011101000 j
#44
b11111110001 @
b1000000010110 N
b111111001100 \
b110101101100000 j
#45
b11111101001 @
b111111111010 N
b111111000001 \
b101110000110010 j
#46
b11111100011 @
b111111100101 N
b111110111001 \
b11010100110110 j
#47
b101110 2
b11111011111 @
b111111010001 N
b111110110011 \
b11010111010000 j
#48
b11111010010 $
b11111011100 @
b111111001001 N
b111110101111 \
b11001011100110 j
#49
b11111011001 @
b111110111111 N
b111110101100 \
b110110100010110 j
#50
b11111010111 @
b111110110110 N
b111110101001 \
b110011000101010 j
#51
b110100 2
b11111010101 @
b111110110011 N
b111110100111 \
b110100101000000 j
#52
b11111010011 $
b11111010100 @
b111110101110 N
b111110100101 \
b11111101001010 j
#53
b11111010011 @
b111110101010 N
b111110100100 \
b11010000100100 j
#54
b111110101001 N
b111110100011 \
b110101011100110 j
#55
b110110 2
b111110100110 N
b110111100101100 j
#56
b111110100100 N
b11110100011100 j
#57
b110101111101000 j
#58
b111110100010 N
b110010001011110 j
#59
b110100 2
b11101100110010 j
#60
b111110100011 N
b101011001011100 j
#61
b111110100010 N
b11010010000110 j
#62
b100001111010000 j
#63
b110000 2
b111110100011 N
b110011010011100 j
#64
b111110100010 N
b110110100110100 j
#65
b110111011110000 j
#66
b111110100011 N
b11011001001010 j
#67
b111010 2
b111110100010 N
b11011101101100 j
#68
b101111110000110 j
#69
b111110100011 N
b110010111010000 j
#70
b111110100010 N
b11011011111000 j
#71
b11111101100010 2
b11011000010100 j
#72
b101111000110 $
b111110100011 N
b11011000001100 j
#73
b100011001111 @
b111110100010 N
b110111100000110 j
#74
b100110001100 @
b1000010011111 \
b11000101110000 j
#75
b11111101100100 2
b101000011010 @
b111110100011 N
b1000101011100 \
b110111111110000 j
#76
b101010000101 @
b111110100010 N
b1000111101010 \
b110111111000100 j
#77
b101011010101 @
b111111011010 N
b1001001010101 \
b100001100111000 j
#78
b101100010001 @
b1000001110100 N
b1001010100101 \
b110100010100000 j
#79
b11111101101010 2
b101100111110 @
b1000100011110 N
b1001011100001 \
b110000011011110 j
#80
b101101100000 @
b1000110110101 N
b1001100001110 \
b110110011001000 j
#81
b101101111001 @
b1001001000101 N
b1001100110000 \
b110111110010000 j
#82
b101110001100 @
b1001010100110 N
b1001101001001 \
b11100101000110 j
#83
b101110011010 @
b1001011101000 N
b1001101011100 \
b1101010 j
#84
b101110100101 @
b1001100011111 N
b1001101101010 \
b10010000000 j
#85
b101110101101 @
b1001100111011 N
b1001101110101 \
b101111011000010 j
#86
b101110110011 @
b1001101010000 N
b1001101111101 \
b110000001111110 j
#87
b11111101110000 2
b101110110111 @
b1001101100100 N
b1001110000011 \
b101111110100000 j
#88
b101111000111 $
b101110111010 @
b1001101101100 N
b1001110000111 \
b11000011000 j
#89
b101110111101 @
b1001101110110 N
b1001110001010 \
b101000001001110 j
#90
b101110111111 @
b1001101111111 N
b1001110001101 \
b1001010100 j
#91
b110110 2
b101111000001 @
b1001110000010 N
b1001110001111 \
b101001111100010 j
#92
b11111010011 $
b101111000010 @
b1001110000111 N
b1001110010001 \
b101001001010 j
#93
b101011000110 @
b1001110001011 N
b1001110010010 \
b101111000111000 j
#94
b101000001001 @
b1001110001100 N
b1001010010110 \
b101001000001110 j
#95
b111000 2
b100101111011 @
b1001110001111 N
b1000111011001 \
b100001101100 j
#96
b100100010001 @
b1001110010001 N
b1000101001011 \
b1000111110 j
#97
b100011000001 @
b1001101011001 N
b1000011100001 \
b110010111101100 j
#98
b100010000101 @
b1001011000001 N
b1000010010001 \
b111000110000000 j
#99
b101010 2
b100001011000 @
b1001000010111 N
b1000001010101 \
b10000011110 j
#100
b11111010010 $
b100000110110 @
b1000101111111 N
b1000000101000 \
b110101001111010 j
#101
b100000011101 @
b1000011110000 N
b1000000000110 \
b10011110000 j
#102
b100000001010 @
b1000010001111 N
b111111101101 \
b101011001111000 j
#103
b110100 2
b11111111100 @
b1000001001101 N
b111111011010 \
b11000110101000 j
#104
b11111010011 $
b11111110001 @
b1000000010110 N
b111111001100 \
b100100011111100 j
#105
b11111101001 @
b111111111010 N
b111111000001 \
b110100100000000 j
#106
b11111100011 @
b111111100101 N
b111110111001 \
b110111110001100 j
#107
b110010 2
b11111011111 @
b111111010001 N
b111110110011 \
b110100010110110 j
#108
b11111011100 @
b111111001001 N
b111110101111 \
b11001010011100 j
#109
b11111011001 @
b111110111111 N
b111110101100 \
b110101111001010 j
#110
b11111010111 @
b111110110110 N
b111110101001 \
b110100100011100 j
#111
b11111101101010 2
b11111010110 @
b111110110011 N
b111110100111 \
b11011011111000 j
#112
b101111000110 $
b11111010101 @
b111110101110 N
b111110100110 \
b11010101111100 j
#113
b100011010001 @
b111110101010 N
b111110100101 \
b100001110111110 j
#114
b100110001110 @
b111110101001 N
b1000010100001 \
b11100001000000 j
#115
b11111101101100 2
b101000011100 @
b111110100110 N
b1000101011110 \
b11100000110010 j
#116
b101010000110 @
b111110100101 N
b1000111101100 \
b101101011110100 j
#117
b101011010110 @
b111111011101 N
b1001001010110 \
b11011001110010 j
#118
b101100010010 @
b1000001110101 N
b1001010100110 \
b11000111011100 j
#119
b11111101101010 2
b101100111111 @
b1000100100000 N
b1001011100010 \
b11110000101010 j
#120
b101101100000 @
b1000110110111 N
b1001100001111 \
b110101001101000 j
#121
b101101111001 @
b1001001000101 N
b1001100110000 \
b101110110100100 j
#122
b101110001100 @
b1001010100111 N
b1001101001001 \
b11110110110110 j
#123
b101110011010 @
b1001011101001 N
b1001101011100 \
b100000111010 j
#124
b101110100101 @
b1001100011111 N
b1001101101010 \
b101000011110010 j
#125
b101110101101 @
b1001100111011 N
b1001101110101 \
b100001100110 j
#126
b101110110011 @
b1001101010000 N
b1001101111101 \
b110111001000 j
#127
b101110110111 @
b1001101100011 N
b1001110000011 \
b101000100111000 j
#128
b101110111010 @
b1001101101100 N
b1001110000111 \
b10110100000 j
#129
b101110111101 @
b1001101110110 N
b1001110001010 \
b101001000101000 j
#130
b101110111111 @
b1001101111111 N
b1001110001101 \
b101100010100100 j
#131
b101111000000 @
b1001110000010 N
b1001110001111 \
b100010000010 j
#132
b101111000001 @
b1001110000111 N
b1001110010000 \
b111101111110 j
#133
b101111000010 @
b1001110001011 N
b1001110010001 \
b101111000010 j
#134
b101111000011 @
b1001110001100 N
b1001110010010 \
b101100110000 j
#135
b1001110001111 N
b1001110010011 \
b110000001000 j
#136
b1001110010000 N
b101110001010110 j
#137
b1100000100 j
#138
b1001110010010 N
b101000011110100 j
#139
b11111101100100 2
b101000001011100 j
#140
b101011111100110 j
#141
b1001110010011 N
b110101110000 j
#142
b1001110010010 N
b101011001000 j
#143
b11111101100110 2
b111000101100 j
#144
b1001110010011 N
b101011110 j
#145
b1001110010010 N
b101101001001000 j
#146
b101001111111100 j
#147
b11111101100010 2
b1001110010011 N
b101000000110000 j
#148
b1001110010010 N
b111100101111010 j
#149
b101011100100 j
#150
b1001110010011 N
b100111001110 j
#151
b110010 2
b1001110010010 N
b101000001101100 j
#152
b11111010011 $
b110010110100 j
#153
b101011000111 @
b1001110010011 N
b101001000011100 j
#154
b101000001010 @
b1001110010010 N
b1001010010111 \
b101001101010000 j
#155
b110110 2
b100101111100 @
b1000111011010 \
b101010100100010 j
#156
b100100010001 @
b1001110010011 N
b1000101001100 \
b101101010011000 j
#157
b100011000001 @
b1001101011010 N
b1000011100001 \
b111111011000000 j
#158
b100010000101 @
b1001011000010 N
b1000010010001 \
b110010101110110 j
#159
b110100 2
b100001011000 @
b1001000010111 N
b1000001010101 \
b101100001110110 j
#160
b100000110110 @
b1000101111111 N
b1000000101000 \
b101010011001010 j
#161
b100000011101 @
b1000011110001 N
b1000000000110 \
b11011011010 j
#162
b100000001010 @
b1000010001111 N
b111111101101 \
b11011111000 j
#163
b110110 2
b11111111100 @
b1000001001101 N
b111111011010 \
b11001100100000 j
#164
b11111110001 @
b1000000010111 N
b111111001100 \
b110011100111000 j
#165
b11111101001 @
b111111111010 N
b111111000001 \
b110101011000000 j
#166
b11111100011 @
b111111100101 N
b111110111001 \
b11101010110010 j
#167
b101100 2
b11111011111 @
b111111010010 N
b111110110011 \
b11001101111100 j
#168
b11111010010 $
b11111011100 @
b111111001001 N
b111110101111 \
b110110011101100 j
#169
b11111011001 @
b111110111111 N
b111110101100 \
b11110011111110 j
#170
b11111010111 @
b111110110110 N
b111110101001 \
b110100101011000 j
#171
b11111101101000 2
b11111010101 @
b111110110011 N
b111110100111 \
b11000110100110 j
#172
b101111000110 $
b11111010100 @
b111110101110 N
b111110100101 \
b101111001110100 j
#173
b100011010000 @
b111110101010 N
b111110100100 \
b11101110001100 j
#174
b100110001101 @
b111110101001 N
b1000010100000 \
b11010000111010 j
#175
b11111101100100 2
b101000011011 @
b111110100110 N
b1000101011101 \
b100000011111110 j
#176
b101010000101 @
b111110100100 N
b1000111101011 \
b11101111000010 j
#177
b101011010101 @
b111111011100 N
b1001001010101 \
b110011010001000 j
#178
b101100010001 @
b1000001110100 N
b1001010100101 \
b110011111100100 j
#179
b101100111110 @
b1000100011110 N
b1001011100001 \
b11100110010000 j
#180
b101101100000 @
b1000110110110 N
b1001100001110 \
b100110100101000 j
#181
b101101111001 @
b1001001000100 N
b1001100110000 \
b101111100010110 j
#182
b101110001100 @
b1001010100110 N
b1001101001001 \
b110101100010100 j
#183
b11111101101010 2
b101110011010 @
b1001011101000 N
b1001101011100 \
b101100111110 j
#184
b101110100101 @
b1001100011110 N
b1001101101010 \
b10111010100 j
#185
b101110101101 @
b1001100111011 N
b1001101110101 \
b110101000000 j
#186
b101110110011 @
b1001101010000 N
b1001101111101 \
b111000100011100 j
#187
b11111101100100 2
b101110110111 @
b1001101100011 N
b1001110000011 \
b111110000001010 j
#188
b101110111010 @
b1001101101100 N
b1001110000111 \
b101100111001000 j
#189
b101110111101 @
b1001101110110 N
b1001110001010 \
b100011011110 j
#190
b101110111111 @
b1001101111111 N
b1001110001101 \
b101110010010000 j
#191
b11111101101010 2
b101111000000 @
b1001110000010 N
b1001110001111 \
b101011101010110 j
#192
b101111000001 @
b1001110000111 N
b1001110010000 \
b101100100101010 j
#193
b101111000010 @
b1001110001011 N
b1001110010001 \
b101110100110100 j
#194
b101111000011 @
b1001110001100 N
b1001110010010 \
b110110001000 j
#195
b11111101100010 2
b1001110001111 N
b1001110010011 \
b100100111010 j
#196
b1001110010000 N
b101000111000 j
#197
b110111001010 j
#198
b1001110010010 N
b10100011000 j
#199
b11111101100110 2
b101110010111110 j
#200
b101101100110 j
#201
b1001110010011 N
b111100110110 j
#202
b1001110010010 N
b1001011100 j
#203
b11111101101110 2
b101110001010110 j
#204
b1001110010011 N
b101011111101010 j
#205
b1001110010010 N
b111010111000 j
#206
b101011011110 j
#207
b11111101100110 2
b1001110010011 N
b10010100010 j
#208
b1001110010010 N
b101101111101110 j
#209
b101000010111110 j
#210
b1001110010011 N
b100101011110 j
#211
b110000 2
b1001110010010 N
b101111011001000 j
#212
b11111010011 $
b101010111111110 j
#213
b101011000111 @
b1001110010011 N
b110110100000 j
#214
b101000001010 @
b1001110010010 N
b1001010010111 \
b101001010000110 j
#215
b110110 2
b100101111100 @
b1000111011010 \
b101100000111010 j
#216
b100100010001 @
b1001110010011 N
b1000101001100 \
b100000100000 j
#217
b100011000001 @
b1001101011010 N
b1000011100001 \
b101000000111010 j
#218
b100010000101 @
b1001011000010 N
b1000010010001 \
b111111111100010 j
#219
b111010 2
b100001011000 @
b1001000010111 N
b1000001010101 \
b1011101010 j
#220
b100000110110 @
b1000101111111 N
b1000000101000 \
b101111100111010 j
#221
b100000011101 @
b1000011110001 N
b1000000000110 \
b101011101010010 j
#222
b100000001010 @
b1000010001111 N
b111111101101 \
b1010101010 j
#223
b110100 2
b11111111100 @
b1000001001101 N
b111111011010 \
b11000111001100 j
#224
b11111110001 @
b1000000010111 N
b111111001100 \
b11100011101000 j
#225
b11111101001 @
b111111111010 N
b111111000001 \
b11000011001100 j
#226
b11111100011 @
b111111100101 N
b111110111001 \
b11010101000010 j
#227
b110010 2
b11111011111 @
b111111010010 N
b111110110011 \
b11011000100010 j
#228
b11111011100 @
b111111001001 N
b111110101111 \
b11011000101100 j
#229
b11111011001 @
b111110111111 N
b111110101100 \
b100000111100010 j
#230
b11111010111 @
b111110110110 N
b111110101001 \
b110111111000100 j
#231
b11111101101000 2
b11111010110 @
b111110110011 N
b111110100111 \
b11010111101010 j
#232
b101111000110 $
b11111010101 @
b111110101110 N
b111110100110 \
b11011111010010 j
#233
b100011010001 @
b111110101010 N
b111110100101 \
b100001011010000 j
#234
b100110001110 @
b111110101001 N
b1000010100001 \
b110100010101110 j
#235
b11111101110000 2
b101000011100 @
b111110100110 N
b1000101011110 \
b110011110010000 j
#236
b101111000111 $
b101010000110 @
b111110100101 N
b1000111101100 \
b11000110110000 j
#237
b101011010110 @
b111111011101 N
b1001001010110 \
b11100110111100 j
#238
b101100010010 @
b1000001110101 N
b1001010100110 \
b110110110101110 j
#239
b11111101011100 2
b101100111111 @
b1000100100000 N
b1001011100010 \
b110000000100110 j
#240
b101111000101 $
b101101100001 @
b1000110110111 N
b1001100001111 \
b11000101100110 j
#241
b101101111010 @
b1001001000101 N
b1001100110001 \
b101101110111100 j
#242
b101110001100 @
b1001010100111 N
b1001101001010 \
b110100000000100 j
#243
b11111101101000 2
b101110011010 @
b1001011101001 N
b1001101011100 \
b11110010100 j
#244
b101111000110 $
b101110100100 @
b1001100011111 N
b1001101101010 \
b101111011111100 j
#245
b101110101100 @
b1001100111100 N
b1001101110100 \
b111111011011000 j
#246
b101110110010 @
b1001101010000 N
b1001101111100 \
b101001001101010 j
#247
b11111101100100 2
b101110110111 @
b1001101100100 N
b1001110000010 \
b110000101000 j
#248
b101110111010 @
b1001101101100 N
b1001110000111 \
b110111011000 j
#249
b101110111101 @
b1001101110101 N
b1001110001010 \
b110110101100 j
#250
b101110111111 @
b1001101111110 N
b1001110001101 \
b110010000000 j
#251
b111100 2
b101111000000 @
b1001110000001 N
b1001110001111 \
b1001100100 j
#252
b11111010011 $
b101111000001 @
b1001110000111 N
b1001110010000 \
b101111110110 j
#253
b101011000101 @
b1001110001011 N
b1001110010001 \
b111101101010110 j
#254
b101000001000 @
b1001110001100 N
b1001010010101 \
b111010101000 j
#255
b111000 2
b100101111010 @
b1001110001111 N
b1000111011000 \
b111100000000 j
#256
b100100010000 @
b1001110010000 N
b1000101001010 \
b101001010011010 j
#257
b100011000000 @
b1001101011000 N
b1000011100000 \
b110001000110000 j
#258
b100010000100 @
b1001011000000 N
b1000010010000 \
b101001001001100 j
#259
b101110 2
b100001010111 @
b1001000010101 N
b1000001010100 \
b101001101110100 j
#260
b11111010010 $
b100000110110 @
b1000101111110 N
b1000000100111 \
b101110101110 j
#261
b100000011101 @
b1000011101111 N
b1000000000110 \
b11110111110 j
#262
b100000001010 @
b1000010001110 N
b111111101101 \
b110001100100010 j
#263
b110100 2
b11111111100 @
b1000001001100 N
b111111011010 \
b100001011000110 j
#264
b11111010011 $
b11111110001 @
b1000000010110 N
b111111001100 \
b110000101100100 j
#265
b11111101001 @
b111111111010 N
b111111000001 \
b110110111101100 j
#266
b11111100011 @
b111111100101 N
b111110111001 \
b11001101011010 j
#267
b101010 2
b11111011111 @
b111111010001 N
b111110110011 \
b11100100001100 j
#268
b11111010010 $
b11111011100 @
b111111001001 N
b111110101111 \
b11010010000010 j
#269
b11111011001 @
b111110111111 N
b111110101100 \
b111000000100110 j
#270
b11111010111 @
b111110110110 N
b111110101001 \
b11010010001010 j
#271
b110010 2
b11111010101 @
b111110110011 N
b111110100111 \
b110101101010000 j
#272
b11111010011 $
b11111010100 @
b111110101110 N
b111110100101 \
b11001010010010 j
#273
b11111010011 @
b111110101010 N
b111110100100 \
b101111101100110 j
#274
b111110101001 N
b111110100011 \
b11000101001010 j
#275
b110100 2
b111110100110 N
b110111000011110 j
#276
b111110100100 N
b110110000000010 j
#277
b11110000111000 j
#278
b111110100010 N
b11001111100100 j
#279
b111000 2
b110100010000000 j
#280
b111110100011 N
b110110101110100 j
#281
b111110100010 N
b11100110000000 j
#282
b11000001111100 j
#283
b110100 2
b111110100011 N
b11011101000110 j
#284
b111110100010 N
b11001001111110 j
#285
b111000001010100 j
#286
b111110100011 N
b110110101100100 j
#287
b110010 2
b111110100010 N
b11001101011110 j
#288
b110010010011000 j
#289
b111110100011 N
b11101101110010 j
#290
b111110100010 N
b11011100110100 j
#291
b111100 2
b11001000101010 j
#292
b111110100011 N
b110001110100110 j
#293
b111110100010 N
b110001001010100 j
#294
b110111010100110 j
#295
b110110 2
b111110100011 N
b110010001010100 j
#296
b111110100010 N
b110111011100100 j
#297
b110111100100110 j
#298
b111110100011 N
b111000001001110 j
#299
b101110 2
b111110100010 N
b100100110100010 j
#300
b11111010010 $
b11000010101110 j
#301
b11111010010 @
b111110100011 N
b11000111000010 j
#302
b111110100010 N
b111110100010 \
b110001011001100 j
#303
b11000111100100 j
#304
b111110100011 N
b101101010011110 j
#305
b111110100010 N
b11101111011000 j
#306
b101001000100000 j
#307
b110110 2
b110011100110000 j
#308
b11111010011 $
b111110100001 N
b110100001001100 j
#309
b111110100010 N
b110101110011110 j
#310
b11011100100000 j
#311
b111110100001 N
b110101001110110 j
#312
b111110100010 N
b100100101101010 j
#313
b11100100011100 j
#314
b111110100001 N
b110100110001000 j
#315
b111000 2
b111110100010 N
b110101111000110 j
#316
b110100110100010 j
#317
b111110100001 N
b110111101110010 j
#318
b111110100010 N
b11111011010000 j
#319
b11001001100010 j
#320
b111110100001 N
b11110000000010 j
#321
b111110100010 N
b110111100010000 j
#322
b100011011000010 j
#323
b110010 2
b111110100001 N
b101111000010010 j
#324
b111110100010 N
b11111000000100 j
#325
b11010010000110 j
#326
b111110100001 N
b11001000000000 j
#327
b110100 2
b111110100010 N
b110101000010110 j
#328
b110110111100110 j
#329
b111110100001 N
b110110000000110 j
#330
b111110100010 N
b100110101010110 j
#331
b111010 2
b11011100111010 j
#332
b111110100001 N
b11100111100000 j
#333
b111110100010 N
b110101001001100 j
#334
b11000100101000 j
#335
b111000 2
b111110100001 N
b11001110101110 j
#336
b111110100010 N
b11011000100110 j
#337
b110110011110110 j
#338
b111110100001 N
b110011000111010 j
#339
b110110 2
b111110100010 N
b11001100000110 j
#340
b110110000100000 j
#341
b111110100001 N
b110110001110000 j
#342
b111110100010 N
b110010011001100 j
#343
b100001000010110 j
#344
b111110100001 N
b101100100101000 j
#345
b111110100010 N
b110001011101100 j
#346
b11100100110000 j
#347
b110010 2
b111110100001 N
b110101101100100 j
#348
b111110100010 N
b11000100000100 j
#349
b110111101000000 j
#350
b111110100001 N
b110001110100110 j
#351
b11111101100100 2
b111110100010 N
b110110110110000 j
#352
b101111000110 $
b11101000001000 j
#353
b100011001111 @
b111110100001 N
b11011101100100 j
#354
b100110001100 @
b111110100010 N
b1000010011111 \
b11011010110110 j
#355
b11111101101100 2
b101000011010 @
b1000101011100 \
b11100011110010 j
#356
b101010000101 @
b111110100001 N
b1000111101010 \
b11001100100000 j
#357
b101011010101 @
b111111011010 N
b1001001010101 \
b100000101001110 j
#358
b101100010001 @
b1000001110011 N
b1001010100101 \
b11011110111110 j
#359
b11111101101010 2
b101100111110 @
b1000100011101 N
b1001011100001 \
b11000001100010 j
#360
b101101100000 @
b1000110110110 N
b1001100001110 \
b110110010100100 j
#361
b101101111001 @
b1001001000100 N
b1001100110000 \
b101111101010010 j
#362
b101110001100 @
b1001010100101 N
b1001101001001 \
b110001001001100 j
#363
b11111101101110 2
b101110011010 @
b1001011101000 N
b1001101011100 \
b101000001101100 j
#364
b101110100101 @
b1001100011110 N
b1001101101010 \
b101100110011000 j
#365
b101110101101 @
b1001100111010 N
b1001101110101 \
b110101010100110 j
#366
b101110110011 @
b1001101010000 N
b1001101111101 \
b110001001000 j
#367
b11111101100110 2
b101110110111 @
b1001101100011 N
b1001110000011 \
b11101011000 j
#368
b101110111010 @
b1001101101100 N
b1001110000111 \
b110111100 j
#369
b101110111101 @
b1001101110110 N
b1001110001010 \
b111101101110 j
#370
b101110111111 @
b1001101111111 N
b1001110001101 \
b110000000101110 j
#371
b11111101100010 2
b101111000000 @
b1001110000010 N
b1001110001111 \
b101011000100000 j
#372
b101111000001 @
b1001110000111 N
b1001110010000 \
b110000001100 j
#373
b101111000010 @
b1001110001011 N
b1001110010001 \
b101000001111000 j
#374
b101111000011 @
b1001110001100 N
b1001110010010 \
b101111001100 j
#375
b11111101100110 2
b1001110001111 N
b1001110010011 \
b111111111110110 j
#376
b1001110010000 N
b100111110100 j
#377
b100111111010100 j
#378
b1001110010010 N
b10110111100 j
#379
b11111101101000 2
b101010101011000 j
#380
b101010000001110 j
#381
b1001110010011 N
b101001000111000 j
#382
b1001110010010 N
b101000001001010 j
#383
b11111101100010 2
b11100011000 j
#384
b1001110010011 N
b101110110000 j
#385
b1001110010010 N
b111100011110100 j
#386
b11111011000 j
#387
b11111101101110 2
b1001110010011 N
b101010010111100 j
#388
b1001110010010 N
b10000011010 j
#389
b101101000011010 j
#390
b1001110010011 N
b110101010010 j
#391
b110100 2
b1001110010010 N
b110111100 j
#392
b11111010011 $
b101001111101110 j
#393
b101011000111 @
b1001110010011 N
b11010101000 j
#394
b101000001010 @
b1001110010010 N
b1001010010111 \
b110111011110 j
#395
b110000 2
b100101111100 @
b1000111011010 \
b101011010100100 j
#396
b100100010001 @
b1001110010011 N
b1000101001100 \
b101010010000010 j
#397
b100011000001 @
b1001101011010 N
b1000011100001 \
b10101001100 j
#398
b100010000101 @
b1001011000010 N
b1000010010001 \
b111110001110100 j
#399
b110100 2
b100001011000 @
b1001000010111 N
b1000001010101 \
b110101011110 j
#400
b100000110110 @
b1000101111111 N
b1000000101000 \
b101000000000000 j
#401
b100000011101 @
b1000011110001 N
b1000000000110 \
b111000100010000 j
#402
b100000001010 @
b1000010001111 N
b111111101101 \
b110010000000 j
#403
b101110 2
b11111111100 @
b1000001001101 N
b111111011010 \
b101100011101100 j
#404
b11111010010 $
b11111110001 @
b1000000010111 N
b111111001100 \
b11101111011110 j
#405
b11111101001 @
b111111111010 N
b111111000001 \
b100000000001100 j
#406
b11111100011 @
b111111100101 N
b111110111001 \
b110101111011000 j
#407
b110000 2
b11111011110 @
b111111010010 N
b111110110011 \
b110110011000010 j
#408
b11111010011 $
b11111011011 @
b111111001001 N
b111110101110 \
b11100101010110 j
#409
b11111011001 @
b111110111111 N
b111110101011 \
b11110110011100 j
#410
b11111010111 @
b111110110110 N
b111110101001 \
b11000010101100 j
#411
b11111010110 @
b111110110011 N
b111110100111 \
b110011111100110 j
#412
b11111010101 @
b111110101101 N
b111110100110 \
b11001110110000 j
#413
b11111010100 @
b111110101001 N
b111110100101 \
b100011111101100 j
#414
b11111010011 @
b111110100100 \
b110101110111100 j
#415
b110100 2
b111110100110 N
b111110100011 \
b11001111100000 j
#416
b111110100101 N
b11001111011110 j
#417
b110111111100110 j
#418
b111110100011 N
b11110000111110 j
#419
b110000 2
b110110111110110 j
#420
b11010111001110 j
#421
b111110100010 N
b11000111000010 j
#422
b111110100011 N
b100010101010100 j
#423
b111010 2
b110100101111110 j
#424
b111110100010 N
b11010101000000 j
#425
b111110100011 N
b110010101000100 j
#426
b11100100001000 j
#427
b101100 2
b111110100010 N
b101010110110000 j
#428
b11111010010 $
b111110100011 N
b11110111001010 j
#429
b11111010010 @
b110101110110000 j
#430
b111110100010 N
b111110100010 \
b110011111100000 j
#431
b11111101100010 2
b111110100011 N
b110100011000000 j
#432
b101111000110 $
b11000110010110 j
#433
b100011001111 @
b111110100010 N
b110100000000000 j
#434
b100110001100 @
b1000010011111 \
b11010000000000 j
#435
b11111101101000 2
b101000011010 @
b1000101011100 \
b110100010001000 j
#436
b101010000101 @
b111110100001 N
b1000111101010 \
b11001000101100 j
#437
b101011010101 @
b111111011001 N
b1001001010101 \
b110101111100000 j
#438
b101100010001 @
b1000001110011 N
b1001010100101 \
b110011100010010 j
#439
b11111101101100 2
b101100111110 @
b1000100011101 N
b1001011100001 \
b11000111100010 j
#440
b101101100000 @
b1000110110101 N
b1001100001110 \
b11011010111000 j
#441
b101101111001 @
b1001001000101 N
b1001100110000 \
b11000100101110 j
#442
b101110001100 @
b1001010100101 N
b1001101001001 \
b110010110001000 j
#443
b11111101100110 2
b101110011010 @
b1001011101000 N
b1001101011100 \
b101001000010100 j
#444
b101110100101 @
b1001100011111 N
b1001101101010 \
b110101011110110 j
#445
b101110101101 @
b1001100111010 N
b1001101110101 \
b101101101010010 j
#446
b101110110011 @
b1001101010000 N
b1001101111101 \
b101100001000 j
#447
b11111101101000 2
b101110110111 @
b1001101100100 N
b1001110000011 \
b11100010010 j
#448
b101110111010 @
b1001101101011 N
b1001110000111 \
b111110111101000 j
#449
b101110111101 @
b1001101110110 N
b1001110001010 \
b101010110011010 j
#450
b101110111111 @
b1001101111111 N
b1001110001101 \
b101010110010010 j
#451
b11111101100110 2
b101111000000 @
b1001110000001 N
b1001110001111 \
b111000111110 j
#452
b101111000001 @
b1001110001000 N
b1001110010000 \
b111100111100 j
#453
b101111000010 @
b1001110001011 N
b1001110010001 \
b110011000111110 j
#454
b101111000011 @
b1001110010010 \
b101001100011010 j
#455
b11111101101010 2
b1001110010000 N
b1001110010011 \
b101100010100 j
#456
b110001001111100 j
#457
b101100110000000 j
#458
b1001110010011 N
b111111010111000 j
#459
b1001110010010 N
b111010001100 j
#460
b101110111100010 j
#461
b1001110010011 N
b101001010011110 j
#462
b1001110010010 N
b101000100011100 j
#463
b101100100101010 j
#464
b1001110010011 N
b111101010 j
#465
b1001110010010 N
b100000011010 j
#466
b101110111000110 j
#467
b11111101101110 2
b1001110010011 N
b101010100011000 j
#468
b1001110010010 N
b111000101010 j
#469
b101111110100 j
#470
b1001110010011 N
b111110001100000 j
#471
b110010 2
b1001110010010 N
b111100001000 j
#472
b11111010011 $
b100110011100 j
#473
b101011000111 @
b1001110010011 N
b100100100110 j
#474
b101000001010 @
b1001110010010 N
b1001010010111 \
b110100101010 j
#475
b111000 2
b100101111100 @
b1000111011010 \
b101000000011100 j
#476
b100100010001 @
b1001110010011 N
b1000101001100 \
b101111000010 j
#477
b100011000001 @
b1001101011010 N
b1000011100001 \
b101000111000100 j
#478
b100010000101 @
b1001011000010 N
b1000010010001 \
b100011101010 j
#479
b110100 2
b100001011000 @
b1001000010111 N
b1000001010101 \
b101011001110110 j
#480
b100000110110 @
b1000101111111 N
b1000000101000 \
b100000000000 j
#481
b100000011101 @
b1000011110001 N
b1000000000110 \
b11000011000 j
#482
b100000001010 @
b1000010001111 N
b111111101101 \
b110001110100 j
#483
b110010 2
b11111111100 @
b1000001001101 N
b111111011010 \
b101111111110010 j
#484
b11111110001 @
b1000000010111 N
b111111001100 \
b110101011011010 j
#485
b11111101001 @
b111111111010 N
b111111000001 \
b101101011100100 j
#486
b11111100011 @
b111111100101 N
b111110111001 \
b11101111100100 j
#487
b11111011111 @
b111111010010 N
b111110110011 \
b11001110110110 j
#488
b11111011100 @
b111111001001 N
b111110101111 \
b11000011001110 j
#489
b11111011001 @
b111110111111 N
b111110101100 \
b110100011110110 j
#490
b11111010111 @
b111110110110 N
b111110101001 \
b11110100110000 j
#491
b11111101100000 2
b11111010110 @
b111110110011 N
b111110100111 \
b11000110010010 j
#492
b101111000110 $
b11111010101 @
b111110101110 N
b111110100110 \
b100000001010110 j
#493
b100011010001 @
b111110101010 N
b111110100101 \
b101110110000100 j
#494
b100110001110 @
b111110101001 N
b1000010100001 \
b11111001000100 j
#495
b11111101100100 2
b101000011100 @
b111110100110 N
b1000101011110 \
b110101011101110 j
#496
b101010000110 @
b111110100101 N
b1000111101100 \
b11100011011000 j
#497
b101011010110 @
b111111011101 N
b1001001010110 \
b110111001110110 j
#498
b101100010010 @
b1000001110101 N
b1001010100110 \
b11111100110010 j
#499
b11111101101000 2
b101100111111 @
b1000100100000 N
b1001011100010 \
b11111101111100 j
#500
b101101100000 @
b1000110110111 N
b1001100001111 \
b11110100111010 j
#501
b101101111001 @
b1001001000101 N
b1001100110000 \
b100000100111110 j
#502
b101110001100 @
b1001010100111 N
b1001101001001 \
b101110111101000 j
#503
b11111101100110 2
b101110011010 @
b1001011101001 N
b1001101011100 \
b100111110111110 j
#504
b101110100101 @
b1001100011111 N
b1001101101010 \
b101100010110 j
#505
b101110101101 @
b1001100111011 N
b1001101110101 \
b1101110 j
#506
b101110110011 @
b1001101010000 N
b1001101111101 \
b101111100110 j
#507
b11111101101010 2
b101110110111 @
b1001101100011 N
b1001110000011 \
b110111111100 j
#508
b101110111010 @
b1001101101100 N
b1001110000111 \
b110001010101010 j
#509
b101110111101 @
b1001101110110 N
b1001110001010 \
b101101100100 j
#510
b101110111111 @
b1001101111111 N
b1001110001101 \
b101011110010010 j
#511
b111110 2
b101111000000 @
b1001110000010 N
b1001110001111 \
b101000010010110 j
#512
b11111010011 $
b101111000001 @
b1001110000111 N
b1001110010000 \
b1001011110 j
#513
b101011000101 @
b1001110001011 N
b1001110010001 \
b101100100000000 j
#514
b101000001000 @
b1001110001100 N
b1001010010101 \
b111111100001000 j
#515
b110010 2
b100101111010 @
b1001110001111 N
b1000111011000 \
b101001111010010 j
#516
b100100010000 @
b1001110010000 N
b1000101001010 \
b110101101000000 j
#517
b100011000000 @
b1001101011000 N
b1000011100000 \
b100101001000 j
#518
b100010000100 @
b1001011000000 N
b1000010010000 \
b101100101001110 j
#519
b100001010111 @
b1001000010101 N
b1000001010100 \
b101001001011010 j
#520
b100000110110 @
b1000101111110 N
b1000000100111 \
b1011110010 j
#521
b100000011101 @
b1000011101111 N
b1000000000110 \
b111001101110 j
#522
b100000001010 @
b1000010001110 N
b111111101101 \
b110000011010 j
#523
b110110 2
b11111111100 @
b1000001001100 N
b111111011010 \
b11011000001100 j
#524
b11111110001 @
b1000000010110 N
b111111001100 \
b11111010101000 j
#525
b11111101001 @
b111111111010 N
b111111000001 \
b11101110100110 j
#526
b11111100011 @
b111111100101 N
b111110111001 \
b110101011001000 j
#527
b110100 2
b11111011111 @
b111111010001 N
b111110110011 \
b110110100100110 j
#528
b11111011100 @
b111111001001 N
b111110101111 \
b110110101110100 j
#529
b11111011001 @
b111110111111 N
b111110101100 \
b11001100011110 j
#530
b11111010111 @
b111110110110 N
b111110101001 \
b11011010110010 j
#531
b111010 2
b11111010110 @
b111110110011 N
b111110100111 \
b11100010000100 j
#532
b11111010101 @
b111110101110 N
b111110100110 \
b110001101000000 j
#533
b11111010100 @
b111110101010 N
b111110100101 \
b110100101000100 j
#534
b11111010011 @
b111110101001 N
b111110100100 \
b110000010000100 j
#535
b110000 2
b111110100110 N
b111110100011 \
b101111100101000 j
#536
b111110100101 N
b11010110111000 j
#537
b110001001001110 j
#538
b111110100011 N
b110110001101100 j
#539
b110100 2
b110101110110010 j
#540
b110101101111110 j
#541
b111110100010 N
b110111000111110 j
#542
b111110100011 N
b110110100011010 j
#543
b110110 2
b110100100001000 j
#544
b111110100010 N
b110111011000110 j
#545
b111110100011 N
b110111111110010 j
#546
b110101100110000 j
#547
b110100 2
b111110100010 N
b110111111110100 j
#548
b111110100011 N
b100000101000010 j
#549
b110011101101110 j
#550
b111110100010 N
b110111110111110 j
#551
b11111101101010 2
b111110100011 N
b100001110101110 j
#552
b101111000110 $
b110100111010100 j
#553
b100011001111 @
b111110100010 N
b110111011011100 j
#554
b100110001100 @
b111110100011 N
b1000010011111 \
b110001010000110 j
#555
b11111101100110 2
b101000011010 @
b1000101011100 \
b11001000001100 j
#556
b101010000101 @
b111110100010 N
b1000111101010 \
b110110010111110 j
#557
b101011010101 @
b111111011010 N
b1001001010101 \
b11001000000110 j
#558
b101100010001 @
b1000001110011 N
b1001010100101 \
b11011000100100 j
#559
b11111101101010 2
b101100111110 @
b1000100011110 N
b1001011100001 \
b110100011010010 j
#560
b101101100000 @
b1000110110101 N
b1001100001110 \
b11010000001010 j
#561
b101101111001 @
b1001001000100 N
b1001100110000 \
b11011011000000 j
#562
b101110001100 @
b1001010100110 N
b1001101001001 \
b100001000000100 j
#563
b11111101100110 2
b101110011010 @
b1001011101000 N
b1001101011100 \
b111101001110100 j
#564
b101110100101 @
b1001100011110 N
b1001101101010 \
b101011111001100 j
#565
b101110101101 @
b1001100111011 N
b1001101110101 \
b101000000101100 j
#566
b101110110011 @
b1001101010000 N
b1001101111101 \
b110101010110 j
#567
b101110110111 @
b1001101100011 N
b1001110000011 \
b11000010000 j
#568
b101110111010 @
b1001101101100 N
b1001110000111 \
b110000111010 j
#569
b101110111101 @
b1001101110110 N
b1001110001010 \
b110010100010010 j
#570
b101110111111 @
b1001101111111 N
b1001110001101 \
b101100111010 j
#571
b101111000000 @
b1001110000010 N
b1001110001111 \
b110000101111100 j
#572
b101111000001 @
b1001110000111 N
b1001110010000 \
b110001100100010 j
#573
b101111000010 @
b1001110001011 N
b1001110010001 \
b101001101110110 j
#574
b101111000011 @
b1001110001100 N
b1001110010010 \
b110000101001010 j
#575
b1001110001111 N
b1001110010011 \
b101010010000010 j
#576
b1001110010000 N
b101001110010100 j
#577
b11101110100 j
#578
b1001110010010 N
b111001111110 j
#579
b11111101101100 2
b101100100101010 j
#580
b101110010011010 j
#581
b1001110010011 N
b111111100010110 j
#582
b1001110010010 N
b101110011011100 j
#583
b11111101100000 2
b1101110000 j
#584
b1001110010011 N
b1011111000 j
#585
b1001110010010 N
b110001010100100 j
#586
b101010100100000 j
#587
b11111101101010 2
b1001110010011 N
b101100101011110 j
#588
b1001110010010 N
b100111010100 j
#589
b101001101011100 j
#590
b1001110010011 N
b101110001100100 j
#591
b11111101101000 2
b1001110010010 N
b101010100001110 j
#592
b101001101000000 j
#593
b1001110010011 N
b11001101100 j
#594
b1001110010010 N
b111110011000 j
#595
b110000000101010 j
#596
b1001110010011 N
b101001010010100 j
#597
b1001110010010 N
b100100110000 j
#598
b111101110100 j
#599
b11111101101110 2
b1001110010011 N
b111001011111100 j
#600
b1001110010010 N
b111110001100110 j
#601
b100111110100000 j
#602
b1001110010011 N
b11001010010 j
#603
b11111101101010 2
b1001110010010 N
b111100100001110 j
#604
b11010000100 j
#605
b1001110010011 N
b101101110110010 j
#606
b1001110010010 N
b10100110 j
#607
b11111101101000 2
b110000000001100 j
#608
b1001110010011 N
b101111010001000 j
#609
b1001110010010 N
b101010011100110 j
#610
b1111111010 j
#611
b110110 2
b1001110010011 N
b110101110 j
#612
b11111010011 $
b1001110010010 N
b111000111100 j
#613
b101011000111 @
b111001101110 j
#614
b101000001010 @
b1001110010011 N
b1001010010111 \
b100101101110 j
#615
b100101111100 @
b1001110010010 N
b1000111011010 \
b111010100010 j
#616
b100100010001 @
b1000101001100 \
b101010010100000 j
#617
b100011000001 @
b1001101011011 N
b1000011100001 \
b110111101000 j
#618
b100010000101 @
b1001011000001 N
b1000010010001 \
b110001011010 j
#619
b110010 2
b100001011000 @
b1001000010111 N
b1000001010101 \
b101001001100100 j
#620
b100000110110 @
b1000110000000 N
b1000000101000 \
b101010011100110 j
#621
b100000011101 @
b1000011110000 N
b1000000000110 \
b101001010110100 j
#622
b100000001010 @
b1000010001111 N
b111111101101 \
b101011011000110 j
#623
b11111111100 @
b1000001001101 N
b111111011010 \
b11011101100010 j
#624
b11111110001 @
b1000000010110 N
b111111001100 \
b110001111001110 j
#625
b11111101001 @
b111111111010 N
b111111000001 \
b11010001101100 j
#626
b11111100011 @
b111111100101 N
b111110111001 \
b100111010010010 j
#627
b11111011111 @
b111111010001 N
b111110110011 \
b11110001110100 j
#628
b11111011100 @
b111111001001 N
b111110101111 \
b11010000100010 j
#629
b11111011001 @
b111110111111 N
b111110101100 \
b11011101001000 j
#630
b11111010111 @
b111110110110 N
b111110101001 \
b11000101001010 j
#631
b110100 2
b11111010110 @
b111110110011 N
b111110100111 \
b110100110110000 j
#632
b11111010101 @
b111110101110 N
b111110100110 \
b110111011010000 j
#633
b11111010100 @
b111110101010 N
b111110100101 \
b111000000101010 j
#634
b11111010011 @
b111110101001 N
b111110100100 \
b110101010111000 j
#635
b110010 2
b111110100110 N
b111110100011 \
b11001100011010 j
#636
b111110100101 N
b110101000001100 j
#637
b110110101010010 j
#638
b111110100011 N
b11011101001110 j
#639
b101110 2
b110001001010110 j
#640
b11111010010 $
b110011000110100 j
#641
b11111010010 @
b111110100010 N
b11001111110110 j
#642
b111110100011 N
b111110100010 \
b11101000000110 j
#643
b110000 2
b11000011000110 j
#644
b11111010011 $
b111110100010 N
b110110011110010 j
#645
b111110100011 N
b11101100110000 j
#646
b111110100010 N
b110101101000000 j
#647
b111000 2
b111110100001 N
b11011111001010 j
#648
b111110100010 N
b100001110110000 j
#649
b111110100001 N
b11011000010000 j
#650
b11111100101110 j
#651
b101110 2
b111110100010 N
b110100101111100 j
#652
b11111010010 $
b111110100001 N
b110000101000110 j
#653
b11100011001010 j
#654
b111110100010 N
b11001000111010 j
#655
b110010 2
b111110100001 N
b11101010000010 j
#656
b11111010011 $
b110110101011000 j
#657
b111110100010 N
b110111011100100 j
#658
b111110100001 N
b110111011101100 j
#659
b11101100101010 j
#660
b111110100010 N
b101110000100000 j
#661
b111110100001 N
b110100110001010 j
#662
b100001111000010 j
#663
b111110100010 N
b100110100000100 j
#664
b111110100001 N
b110100101110010 j
#665
b101100000110110 j
#666
b111110100010 N
b11011000011000 j
#667
b110110 2
b111110100001 N
b11100111100010 j
#668
b110111010000000 j
#669
b111110100010 N
b11010100101110 j
#670
b111110100001 N
b11100000001000 j
#671
b110010 2
b110011100001100 j
#672
b111110100010 N
b11001010001100 j
#673
b111110100001 N
b110000011001010 j
#674
b110000000111110 j
#675
b111110100010 N
b11010011011100 j
#676
b111110100001 N
b110001110111100 j
#677
b11100010000010 j
#678
b111110100010 N
b11011111100000 j
#679
b110000 2
b111110100001 N
b101101111101000 j
#680
b110010010101010 j
#681
b111110100010 N
b11010010011000 j
#682
b111110100001 N
b11001101010100 j
#683
b110010 2
b110011110101000 j
#684
b111110100010 N
b11010111100100 j
#685
b111110100001 N
b110010011011010 j
#686
b110100110111000 j
#687
b110110 2
b111110100010 N
b110110001010110 j
#688
b111110100001 N
b11000110110100 j
#689
b11110101101110 j
#690
b111110100010 N
b11111110001100 j
#691
b11111101101100 2
b111110100001 N
b11000010011000 j
#692
b101111000110 $
b110101000101110 j
#693
b100011001111 @
b111110100010 N
b110111111110110 j
#694
b100110001100 @
b111110100001 N
b1000010011111 \
b11111011111100 j
#695
b11111101101010 2
b101000011010 @
b1000101011100 \
b110101000010010 j
#696
b101010000101 @
b111110100010 N
b1000111101010 \
b11001000010100 j
#697
b101011010101 @
b111111011001 N
b1001001010101 \
b11101001101100 j
#698
b101100010001 @
b1000001110011 N
b1001010100101 \
b110111001110110 j
#699
b11111101101000 2
b101100111110 @
b1000100011110 N
b1001011100001 \
b11001110011110 j
#700
b101101100000 @
b1000110110101 N
b1001100001110 \
b11111101011010 j
#701
b101101111001 @
b1001001000101 N
b1001100110000 \
b11101101100000 j
#702
b101110001100 @
b1001010100110 N
b1001101001001 \
b11100011100100 j
#703
b11111101101010 2
b101110011010 @
b1001011101000 N
b1001101011100 \
b101010101111000 j
#704
b101110100101 @
b1001100011111 N
b1001101101010 \
b110101001101100 j
#705
b101110101101 @
b1001100111011 N
b1001101110101 \
b111001010100 j
#706
b101110110011 @
b1001101010000 N
b1001101111101 \
b101011011110000 j
#707
b11111101100010 2
b101110110111 @
b1001101100100 N
b1001110000011 \
b101001100101000 j
#708
b101110111010 @
b1001101101100 N
b1001110000111 \
b101010000001000 j
#709
b101110111101 @
b1001101110110 N
b1001110001010 \
b11101111110 j
#710
b101110111111 @
b1001101111111 N
b1001110001101 \
b101000111110100 j
#711
b11111101101010 2
b101111000000 @
b1001110000010 N
b1001110001111 \
b110000111110 j
#712
b101111000001 @
b1001110000111 N
b1001110010000 \
b101000110101000 j
#713
b101111000010 @
b1001110001011 N
b1001110010001 \
b110101110010000 j
#714
b101111000011 @
b1001110001100 N
b1001110010010 \
b111111101010010 j
#715
b11111101101000 2
b1001110001111 N
b1001110010011 \
b101100110000110 j
#716
b1001110010000 N
b1001011000 j
#717
b100110110010 j
#718
b1001110010010 N
b111110011011010 j
#719
b111000101110 j
#720
b11101101100 j
#721
b1001110010011 N
b110010110100 j
#722
b1001110010010 N
b101100100110010 j
#723
b11111101101100 2
b101101001100100 j
#724
b1001110010011 N
b11011010110 j
#725
b1001110010010 N
b10100011100 j
#726
b101011000101010 j
#727
b11111101100010 2
b1001110010011 N
b101010110100010 j
#728
b1001110010010 N
b110011111000 j
#729
b100111111101100 j
#730
b1001110010011 N
b111101010000000 j
#731
b110010 2
b1001110010010 N
b100010000110 j
#732
b11111010011 $
b101000001111100 j
#733
b101011000111 @
b1001110010011 N
b101011111001010 j
#734
b101000001010 @
b1001110010010 N
b1001010010111 \
b101010100010010 j
#735
b110100 2
b100101111100 @
b1000111011010 \
b101001111001100 j
#736
b100100010001 @
b1001110010011 N
b1000101001100 \
b101010100010 j
#737
b100011000001 @
b1001101011010 N
b1000011100001 \
b100000101000 j
#738
b100010000101 @
b1001011000010 N
b1000010010001 \
b100111110100010 j
#739
b110110 2
b100001011000 @
b1001000010111 N
b1000001010101 \
b101100101010000 j
#740
b100000110110 @
b1000101111111 N
b1000000101000 \
b1100001000 j
#741
b100000011101 @
b1000011110001 N
b1000000000110 \
b110000111001010 j
#742
b100000001010 @
b1000010001111 N
b111111101101 \
b101000110010110 j
#743
b110100 2
b11111111100 @
b1000001001101 N
b111111011010 \
b11001000110110 j
#744
b11111110001 @
b1000000010111 N
b111111001100 \
b11010111001010 j
#745
b11111101001 @
b111111111010 N
b111111000001 \
b110110100011010 j
#746
b11111100011 @
b111111100101 N
b111110111001 \
b11011000101000 j
#747
b11111011111 @
b111111010010 N
b111110110011 \
b11000100011110 j
#748
b11111011100 @
b111111001001 N
b111110101111 \
b100000111100110 j
#749
b11111011001 @
b111110111111 N
b111110101100 \
b11010011100100 j
#750
b11111010111 @
b111110110110 N
b111110101001 \
b110101000010010 j
#751
b11111101101110 2
b11111010110 @
b111110110011 N
b111110100111 \
b100000101010010 j
#752
b101111000110 $
b11111010101 @
b111110101110 N
b111110100110 \
b100001110000100 j
#753
b100011010001 @
b111110101010 N
b111110100101 \
b11000101011110 j
#754
b100110001110 @
b111110101001 N
b1000010100001 \
b11000001111010 j
#755
b11111101101010 2
b101000011100 @
b111110100110 N
b1000101011110 \
b110111000100000 j
#756
b101010000110 @
b111110100101 N
b1000111101100 \
b11110111011100 j
#757
b101011010110 @
b111111011101 N
b1001001010110 \
b11011010000010 j
#758
b101100010010 @
b1000001110101 N
b1001010100110 \
b110011111101000 j
#759
b11111101100000 2
b101100111111 @
b1000100100000 N
b1001011100010 \
b110000011110010 j
#760
b101101100000 @
b1000110110111 N
b1001100001111 \
b110100110111010 j
#761
b101101111001 @
b1001001000101 N
b1001100110000 \
b11101110111000 j
#762
b101110001100 @
b1001010100111 N
b1001101001001 \
b11010011010000 j
#763
b11111101101100 2
b101110011010 @
b1001011101001 N
b1001101011100 \
b101100101110000 j
#764
b101110100101 @
b1001100011111 N
b1001101101010 \
b11101001110 j
#765
b101110101101 @
b1001100111011 N
b1001101110101 \
b10111010000 j
#766
b101110110011 @
b1001101010000 N
b1001101111101 \
b10110101010 j
#767
b11111101100010 2
b101110110111 @
b1001101100011 N
b1001110000011 \
b101011011010 j
#768
b101110111010 @
b1001101101100 N
b1001110000111 \
b110010100000 j
#769
b101110111101 @
b1001101110110 N
b1001110001010 \
b111000100000 j
#770
b101110111111 @
b1001101111111 N
b1001110001101 \
b101111111001000 j
#771
b110110 2
b101111000000 @
b1001110000010 N
b1001110001111 \
b101100111100100 j
#772
b11111010011 $
b101111000001 @
b1001110000111 N
b1001110010000 \
b101010010010000 j
#773
b101011000101 @
b1001110001011 N
b1001110010001 \
b101011110011110 j
#774
b101000001000 @
b1001110001100 N
b1001010010101 \
b101101011100010 j
#775
b110100 2
b100101111010 @
b1001110001111 N
b1000111011000 \
b100111010010 j
#776
b100100010000 @
b1001110010000 N
b1000101001010 \
b100011110010 j
#777
b100011000000 @
b1001101011000 N
b1000011100000 \
b101010010001000 j
#778
b100010000100 @
b1001011000000 N
b1000010010000 \
b101101001101010 j
#779
b100001010111 @
b1001000010101 N
b1000001010100 \
b101011011110110 j
#780
b100000110110 @
b1000101111110 N
b1000000100111 \
b101000000110010 j
#781
b100000011101 @
b1000011101111 N
b1000000000110 \
b101001000110100 j
#782
b100000001010 @
b1000010001110 N
b111111101101 \
b110011000001100 j
#783
b110010 2
b11111111100 @
b1000001001100 N
b111111011010 \
b11000101110000 j
#784
b11111110001 @
b1000000010110 N
b111111001100 \
b11001100110000 j
#785
b11111101001 @
b111111111010 N
b111111000001 \
b110110010110110 j
#786
b11111100011 @
b111111100101 N
b111110111001 \
b110010011001100 j
#787
b111010 2
b11111011111 @
b111111010001 N
b111110110011 \
b110100010111110 j
#788
b11111011100 @
b111111001001 N
b111110101111 \
b110100110010000 j
#789
b11111011001 @
b111110111111 N
b111110101100 \
b110110100011110 j
#790
b11111010111 @
b111110110110 N
b111110101001 \
b11011001001010 j
#791
b11111101110000 2
b11111010110 @
b111110110011 N
b111110100111 \
b11111011111100 j
#792
b101111000111 $
b11111010101 @
b111110101110 N
b111110100110 \
b110011011100000 j
#793
b100011010001 @
b111110101010 N
b111110100101 \
b11110010001010 j
#794
b100110001110 @
b111110101001 N
b1000010100001 \
b101110011100100 j
#795
b11111101101000 2
b101000011100 @
b111110100110 N
b1000101011110 \
b11010111101000 j
#796
b101111000110 $
b101010000110 @
b111110100101 N
b1000111101100 \
b11100010100000 j
#797
b101011010110 @
b111111011101 N
b1001001010110 \
b11001010010010 j
#798
b101100010010 @
b1000001110101 N
b1001010100110 \
b110000000000110 j
#799
b11111101101100 2
b101100111111 @
b1000100100000 N
b1001011100010 \
b100001101110110 j
#800
b101101100000 @
b1000110110111 N
b1001100001111 \
b110001110101010 j
#801
b101101111001 @
b1001001000101 N
b1001100110000 \
b110101001010010 j
#802
b101110001100 @
b1001010100111 N
b1001101001001 \
b11100100011000 j
#803
b11111101100100 2
b101110011010 @
b1001011101001 N
b1001101011100 \
b101000001001000 j
#804
b101110100101 @
b1001100011111 N
b1001101101010 \
b101001111010 j
#805
b101110101101 @
b1001100111011 N
b1001101110101 \
b100111111101010 j
#806
b101110110011 @
b1001101010000 N
b1001101111101 \
b101011100110000 j
#807
b11111101101100 2
b101110110111 @
b1001101100011 N
b1001110000011 \
b101000100111000 j
#808
b101110111010 @
b1001101101100 N
b1001110000111 \
b101101101100010 j
#809
b101110111101 @
b1001101110110 N
b1001110001010 \
b101110000001000 j
#810
b101110111111 @
b1001101111111 N
b1001110001101 \
b101001001000110 j
#811
b101111000000 @
b1001110000010 N
b1001110001111 \
b111111011110000 j
#812
b101111000001 @
b1001110000111 N
b1001110010000 \
b100011111000 j
#813
b101111000010 @
b1001110001011 N
b1001110010001 \
b100000000000 j
#814
b101111000011 @
b1001110001100 N
b1001110010010 \
b101001000111000 j
#815
b11111101101000 2
b1001110001111 N
b1001110010011 \
b101011101001010 j
#816
b1001110010000 N
b101001001100 j
#817
b1100110100 j
#818
b1001110010010 N
b101001000010110 j
#819
b11111101101010 2
b101101111111100 j
#820
b101111110110110 j
#821
b1001110010011 N
b110010000110100 j
#822
b1001110010010 N
b101001001001010 j
#823
b11111101100110 2
b11111000100 j
#824
b1001110010011 N
b101010000011000 j
#825
b1001110010010 N
b11010100 j
#826
b111101010110 j
#827
b11111101101100 2
b1001110010011 N
b101001101111110 j
#828
b1001110010010 N
b11111011100 j
#829
b101000101001110 j
#830
b1001110010011 N
b101000111111100 j
#831
b11111101101000 2
b1001110010010 N
b101101011001100 j
#832
b101001111011110 j
#833
b1001110010011 N
b101000001011100 j
#834
b1001110010010 N
b101110001000010 j
#835
b11111101101110 2
b10011001000 j
#836
b1001110010011 N
b101001101100100 j
#837
b1001110010010 N
b101100011000100 j
#838
b111010101010000 j
#839
b11111101100110 2
b1001110010011 N
b1110000110 j
#840
b1001110010010 N
b101111101111000 j
#841
b111111100001000 j
#842
b1001110010011 N
b101011010100010 j
#843
b11111101101000 2
b1001110010010 N
b111001001100 j
#844
b101000000111100 j
#845
b1001110010011 N
b101000100101110 j
#846
b1001110010010 N
b110010101000 j
#847
b11111101100100 2
b110010011000110 j
#848
b1001110010011 N
b110011101000 j
#849
b1001110010010 N
b111010110 j
#850
b10100010000 j
#851
b110000 2
b1001110010011 N
b1010101010 j
#852
b11111010011 $
b1001110010010 N
b101000001111100 j
#853
b101011000111 @
b110010110000010 j
#854
b101000001010 @
b1001110010011 N
b1001010010111 \
b101011101111000 j
#855
b110100 2
b100101111100 @
b1001110010010 N
b1000111011010 \
b101000111001110 j
#856
b100100010001 @
b1000101001100 \
b11001001100 j
#857
b100011000001 @
b1001101011011 N
b1000011100001 \
b10001010010 j
#858
b100010000101 @
b1001011000001 N
b1000010010001 \
b111101111100 j
#859
b110010 2
b100001011000 @
b1001000010111 N
b1000001010101 \
b111011110001110 j
#860
b100000110110 @
b1000110000000 N
b1000000101000 \
b1100001010 j
#861
b100000011101 @
b1000011110000 N
b1000000000110 \
b110100011111000 j
#862
b100000001010 @
b1000010001111 N
b111111101101 \
b10 j
#863
b110000 2
b11111111100 @
b1000001001101 N
b111111011010 \
b11010010110110 j
#864
b11111110001 @
b1000000010110 N
b111111001100 \
b110111001001010 j
#865
b11111101001 @
b111111111010 N
b111111000001 \
b101111110101110 j
#866
b11111100011 @
b111111100101 N
b111110111001 \
b110011100000110 j
#867
b11111011111 @
b111111010001 N
b111110110011 \
b110100111011010 j
#868
b11111011100 @
b111111001001 N
b111110101111 \
b110010001101010 j
#869
b11111011001 @
b111110111111 N
b111110101100 \
b100010101011110 j
#870
b11111010111 @
b111110110110 N
b111110101001 \
b11101000100010 j
#871
b11111101101000 2
b11111010110 @
b111110110011 N
b111110100111 \
b110111110001000 j
#872
b101111000110 $
b11111010101 @
b111110101110 N
b111110100110 \
b110111101000100 j
#873
b100011010001 @
b111110101010 N
b111110100101 \
b11011100000100 j
#874
b100110001110 @
b111110101001 N
b1000010100001 \
b11001010101110 j
#875
b11111101100110 2
b101000011100 @
b111110100110 N
b1000101011110 \
b110011000000100 j
#876
b101010000110 @
b111110100101 N
b1000111101100 \
b11010001101110 j
#877
b101011010110 @
b111111011101 N
b1001001010110 \
b110010100110110 j
#878
b101100010010 @
b1000001110101 N
b1001010100110 \
b11101101111110 j
#879
b11111101101110 2
b101100111111 @
b1000100100000 N
b1001011100010 \
b101111100001100 j
#880
b101101100000 @
b1000110110111 N
b1001100001111 \
b11100010111000 j
#881
b101101111001 @
b1001001000101 N
b1001100110000 \
b110110001111000 j
#882
b101110001100 @
b1001010100111 N
b1001101001001 \
b110110111010100 j
#883
b11111101101000 2
b101110011010 @
b1001011101001 N
b1001101011100 \
b10111000100 j
#884
b101110100101 @
b1001100011111 N
b1001101101010 \
b1110101110 j
#885
b101110101101 @
b1001100111011 N
b1001101110101 \
b110011010010110 j
#886
b101110110011 @
b1001101010000 N
b1001101111101 \
b110100100110 j
#887
b11111101100110 2
b101110110111 @
b1001101100011 N
b1001110000011 \
b1011000000 j
#888
b101110111010 @
b1001101101100 N
b1001110000111 \
b11101100010 j
#889
b101110111101 @
b1001101110110 N
b1001110001010 \
b101001100100010 j
#890
b101110111111 @
b1001101111111 N
b1001110001101 \
b111111001101110 j
#891
b11111101101100 2
b101111000000 @
b1001110000010 N
b1001110001111 \
b101000111100000 j
#892
b101111000001 @
b1001110000111 N
b1001110010000 \
b111111011110000 j
#893
b101111000010 @
b1001110001011 N
b1001110010001 \
b101000101111000 j
#894
b101111000011 @
b1001110001100 N
b1001110010010 \
b101010000101010 j
#895
b11111101101110 2
b1001110001111 N
b1001110010011 \
b110010000010010 j
#896
b1001110010000 N
b110101101000 j
#897
b101111001010 j
#898
b1001110010010 N
b11011110100 j
#899
b100110100000 j
#900
b101100001010 j
#901
b1001110010011 N
b101011000111110 j
#902
b1001110010010 N
b10001010110 j
#903
b11111101101100 2
b101000100010000 j
#904
b1001110010011 N
b101010001001100 j
#905
b1001110010010 N
b101000011101010 j
#906
b101100100001110 j
#907
b11111101101000 2
b1001110010011 N
b101110110010 j
#908
b1001110010010 N
b100110100100 j
#909
b101100101010100 j
#910
b1001110010011 N
b101100111000010 j
#911
b111100 2
b1001110010010 N
b10000101000 j
#912
b11111010011 $
b101010101000000 j
#913
b101011000111 @
b1001110010011 N
b11101101000 j
#914
b101000001010 @
b1001110010010 N
b1001010010111 \
b100011111010 j
#915
b110100 2
b100101111100 @
b1000111011010 \
b101010101000100 j
#916
b100100010001 @
b1001110010011 N
b1000101001100 \
b10101000110 j
#917
b100011000001 @
b1001101011010 N
b1000011100001 \
b110010010010 j
#918
b100010000101 @
b1001011000010 N
b1000010010001 \
b101110011001110 j
#919
b110010 2
b100001011000 @
b1001000010111 N
b1000001010101 \
b111101100100 j
#920
b100000110110 @
b1000101111111 N
b1000000101000 \
b110000110111100 j
#921
b100000011101 @
b1000011110001 N
b1000000000110 \
b101010001110010 j
#922
b100000001010 @
b1000010001111 N
b111111101101 \
b11000110000 j
#923
b110000 2
b11111111100 @
b1000001001101 N
b111111011010 \
b110101001110000 j
#924
b11111110001 @
b1000000010111 N
b111111001100 \
b11001101010000 j
#925
b11111101001 @
b111111111010 N
b111111000001 \
b110101101100100 j
#926
b11111100011 @
b111111100101 N
b111110111001 \
b11001110011110 j
#927
b110010 2
b11111011111 @
b111111010010 N
b111110110011 \
b110111000010000 j
#928
b11111011100 @
b111111001001 N
b111110101111 \
b100001010111110 j
#929
b11111011001 @
b111110111111 N
b111110101100 \
b110000110000110 j
#930
b11111010111 @
b111110110110 N
b111110101001 \
b11001111101110 j
#931
b11111101101000 2
b11111010110 @
b111110110011 N
b111110100111 \
b110111111100010 j
#932
b101111000110 $
b11111010101 @
b111110101110 N
b111110100110 \
b110110100101100 j
#933
b100011010001 @
b111110101010 N
b111110100101 \
b11100001010100 j
#934
b100110001110 @
b111110101001 N
b1000010100001 \
b101110011111000 j
#935
b11111101101010 2
b101000011100 @
b111110100110 N
b1000101011110 \
b100100001001010 j
#936
b101010000110 @
b111110100101 N
b1000111101100 \
b110100001010110 j
#937
b101011010110 @
b111111011101 N
b1001001010110 \
b11011111010000 j
#938
b101100010010 @
b1000001110101 N
b1001010100110 \
b11000111111100 j
#939
b11111101101100 2
b101100111111 @
b1000100100000 N
b1001011100010 \
b111000000010110 j
#940
b101101100000 @
b1000110110111 N
b1001100001111 \
b110100001011100 j
#941
b101101111001 @
b1001001000101 N
b1001100110000 \
b11010000111010 j
#942
b101110001100 @
b1001010100111 N
b1001101001001 \
b11011010010010 j
#943
b11111101101000 2
b101110011010 @
b1001011101001 N
b1001101011100 \
b101010000011000 j
#944
b101110100101 @
b1001100011111 N
b1001101101010 \
b101000001000000 j
#945
b101110101101 @
b1001100111011 N
b1001101110101 \
b110001001100 j
#946
b101110110011 @
b1001101010000 N
b1001101111101 \
b101100000110000 j
#947
b11111101101010 2
b101110110111 @
b1001101100011 N
b1001110000011 \
b101100100111000 j
#948
b101110111010 @
b1001101101100 N
b1001110000111 \
b101101010110000 j
#949
b101110111101 @
b1001101110110 N
b1001110001010 \
b101100101100 j
#950
b101110111111 @
b1001101111111 N
b1001110001101 \
b101000110110000 j
#951
b11111101100110 2
b101111000000 @
b1001110000010 N
b1001110001111 \
b101011100001000 j
#952
b101111000001 @
b1001110000111 N
b1001110010000 \
b101010000011110 j
#953
b101111000010 @
b1001110001011 N
b1001110010001 \
b10001111000 j
#954
b101111000011 @
b1001110001100 N
b1001110010010 \
b100111111100 j
#955
b11111101101000 2
b1001110001111 N
b1001110010011 \
b100111110101100 j
#956
b1001110010000 N
b101000101110100 j
#957
b101000101010110 j
#958
b1001110010010 N
b111000011000 j
#959
b11111101100000 2
b1110010010 j
#960
b100111111011110 j
#961
b1001110010011 N
b100101010010 j
#962
b1001110010010 N
b111010100 j
#963
b11111101101010 2
b101000011101100 j
#964
b1001110010011 N
b101000100111010 j
#965
b1001110010010 N
b101011011000000 j
#966
b101000111011000 j
#967
b1001110010011 N
b10000011100 j
#968
b1001110010010 N
b100111110100010 j
#969
b101000001100010 j
#970
b1001110010011 N
b101110110110100 j
#971
b110000 2
b1001110010010 N
b101000000101000 j
#972
b11111010011 $
b110010000111000 j
#973
b101011000111 @
b1001110010011 N
b100110101010 j
#974
b101000001010 @
b1001110010010 N
b1001010010111 \
b101000110101100 j
#975
b101110 2
b100101111100 @
b1000111011010 \
b100111111001100 j
#976
b11111010010 $
b100100010001 @
b1001110010011 N
b1000101001100 \
b110111111000 j
#977
b100011000001 @
b1001101011010 N
b1000011100001 \
b100010011100 j
#978
b100010000101 @
b1001011000010 N
b1000010010001 \
b101011010101110 j
#979
b110010 2
b100001011000 @
b1001000010111 N
b1000001010101 \
b101001000010100 j
#980
b11111010011 $
b100000110110 @
b1000101111111 N
b1000000101000 \
b101001100101010 j
#981
b100000011101 @
b1000011110001 N
b1000000000110 \
b101101110100 j
#982
b100000001010 @
b1000010001111 N
b111111101101 \
b101001010101110 j
#983
b110100 2
b11111111100 @
b1000001001101 N
b111111011010 \
b110101001011010 j
#984
b11111110001 @
b1000000010111 N
b111111001100 \
b11101110001000 j
#985
b11111101001 @
b111111111010 N
b111111000001 \
b110110000010110 j
#986
b11111100011 @
b111111100101 N
b111110111001 \
b110110011011110 j
#987
b110110 2
b11111011111 @
b111111010010 N
b111110110011 \
b11101101111100 j
#988
b11111011100 @
b111111001001 N
b111110101111 \
b110000011000100 j
#989
b11111011001 @
b111110111111 N
b111110101100 \
b11010100011110 j
#990
b11111010111 @
b111110110110 N
b111110101001 \
b110100100100010 j
#991
b111010 2
b11111010110 @
b111110110011 N
b111110100111 \
b11010110001010 j
#992
b11111010101 @
b111110101110 N
b111110100110 \
b100000011100000 j
#993
b11111010100 @
b111110101010 N
b111110100101 \
b11010111111110 j
#994
b11111010011 @
b111110101001 N
b111110100100 \
b110010111010010 j
#995
b110100 2
b111110100110 N
b111110100011 \
b11110100010110 j
#996
b111110100101 N
b110101111001010 j
#997
b110101101111100 j
#998
b111110100011 N
b110000010010000 j
#999
b111000 2
b11010000001000 j
#1000
b11110110101000 j
#1001
b111110100010 N
b110010100110110 j
#1002
b111110100011 N
b110111101110100 j
#1003
b110000 2
b110100111100010 j
#1004
b111110100010 N
b110101000101010 j
#1005
b111110100011 N
b110110110100010 j
#1006
b100101011100110 j
#1007
b110100 2
b111110100010 N
b11010100101100 j
#1008
b111110100011 N
b11100101010110 j
#1009
b11001101000110 j
#1010
b111110100010 N
b110110001011110 j
#1011
b110110 2
b111110100011 N
b110011111010100 j
#1012
b11001101001100 j
#1013
b111110100010 N
b11011001110110 j
#1014
b111110100011 N
b11010100011110 j
#1015
b11000110001110 j
#1016
b111110100010 N
b100011100110110 j
#1017
b111110100011 N
b110001101001010 j
#1018
b110100100011100 j
#1019
b111010 2
b111110100010 N
b110001000111010 j
#1020
b111110100011 N
b110111011100000 j
#1021
b11101000110000 j
#1022
b111110100010 N
b110100001010010 j
#1023
b110010 2
b111110100011 N
b101111011101010 j
#1024
b11010100101000 j
#1025
b111110100010 N
b110001101110010 j
#1026
b111110100011 N
b11011100111010 j
#1027
b110111000001100 j
#1028
b111110100010 N
b11010110010110 j
#1029
b111110100011 N
b11100010011000 j
#1030
b11000111101000 j
#1031
b11111101100010 2
b111110100010 N
b11010100010110 j
#1032
b101111000110 $
b111110100011 N
b11010101001110 j
#1033
b100011001111 @
b110010011110100 j
#1034
b100110001100 @
b111110100010 N
b1000010011111 \
b110111111000000 j
#1035
b101000011010 @
b111110100011 N
b1000101011100 \
b110110110101000 j
#1036
b101010000101 @
b1000111101010 \
b11110100011000 j
#1037
b101011010101 @
b111111011010 N
b1001001010101 \
b110100010101010 j
#1038
b101100010001 @
b1000001110100 N
b1001010100101 \
b11100111001110 j
#1039
b11111101101100 2
b101100111110 @
b1000100011110 N
b1001011100001 \
b110101110100100 j
#1040
b101101100000 @
b1000110110101 N
b1001100001110 \
b11010110000100 j
#1041
b101101111001 @
b1001001000101 N
b1001100110000 \
b11100110111010 j
#1042
b101110001100 @
b1001010100110 N
b1001101001001 \
b11010001000000 j
#1043
b11111101101110 2
b101110011010 @
b1001011101000 N
b1001101011100 \
b110101011010 j
#1044
b101110100101 @
b1001100011111 N
b1001101101010 \
b101100110101000 j
#1045
b101110101101 @
b1001100111011 N
b1001101110101 \
b1001010 j
#1046
b101110110011 @
b1001101010000 N
b1001101111101 \
b10011001010 j
#1047
b11111101101000 2
b101110110111 @
b1001101100100 N
b1001110000011 \
b110000011000 j
#1048
b101110111010 @
b1001101101100 N
b1001110000111 \
b101100011000010 j
#1049
b101110111101 @
b1001101110110 N
b1001110001010 \
b111111001110000 j
#1050
b101110111111 @
b1001101111111 N
b1001110001101 \
b110100110110 j
#1051
b11111101100110 2
b101111000000 @
b1001110000010 N
b1001110001111 \
b10110110110 j
#1052
b101111000001 @
b1001110000111 N
b1001110010000 \
b10010001010 j
#1053
b101111000010 @
b1001110001011 N
b1001110010001 \
b100111111111000 j
#1054
b101111000011 @
b1001110001100 N
b1001110010010 \
b101010111010110 j
#1055
b11111101100100 2
b1001110001111 N
b1001110010011 \
b101001100010 j
#1056
b1001110010000 N
b101000110001100 j
#1057
b101011100100100 j
#1058
b1001110010010 N
b101001100111110 j
#1059
b11111101101100 2
b11000011110 j
#1060
b110101000010 j
#1061
b1001110010011 N
b10111010100 j
#1062
b1001110010010 N
b101000100100010 j
#1063
b11111101101010 2
b111100101010 j
#1064
b1001110010011 N
b101001111111110 j
#1065
b1001110010010 N
b101000001000100 j
#1066
b110000100010110 j
#1067
b11111101100110 2
b1001110010011 N
b1001110 j
#1068
b1001110010010 N
b110010110100110 j
#1069
b101011011101000 j
#1070
b1001110010011 N
b101111100001000 j
#1071
b11111101101010 2
b1001110010010 N
b110110111000 j
#1072
b101001001100010 j
#1073
b1001110010011 N
b101001101000000 j
#1074
b1001110010010 N
b101100110100010 j
#1075
b11111101101100 2
b101011010100110 j
#1076
b1001110010011 N
b101101000000010 j
#1077
b1001110010010 N
b110101011000 j
#1078
b101011001010110 j
#1079
b1001110010011 N
b110011111000 j
#1080
b1001110010010 N
b11100111100 j
#1081
b101100111010110 j
#1082
b1001110010011 N
b101000001010000 j
#1083
b11111101101110 2
b1001110010010 N
b101100101111000 j
#1084
b11001100100 j
#1085
b1001110010011 N
b101010101000110 j
#1086
b1001110010010 N
b111110010110110 j
#1087
b11111101101000 2
b101001010011010 j
#1088
b1001110010011 N
b11010000000 j
#1089
b1001110010010 N
b1000001100 j
#1090
b101100001010100 j
#1091
b101100 2
b1001110010011 N
b111110100101110 j
#1092
b11111010010 $
b1001110010010 N
b100100000110 j
#1093
b101011000110 @
b11011001100 j
#1094
b101000001001 @
b1001110010011 N
b1001010010110 \
b101000010011100 j
#1095
b111000 2
b100101111011 @
b1001110010010 N
b1000111011001 \
b101001101111010 j
#1096
b11111010011 $
b100100010000 @
b1000101001011 \
b100011101010 j
#1097
b100011000000 @
b1001101011011 N
b1000011100000 \
b11011100 j
#1098
b100010000100 @
b1001011000001 N
b1000010010000 \
b101101010111110 j
#1099
b110110 2
b100001010111 @
b1001000010110 N
b1000001010100 \
b101011011011010 j
#1100
b100000110110 @
b1000101111111 N
b1000000100111 \
b101100100111000 j
#1101
b100000011101 @
b1000011101111 N
b1000000000110 \
b10000010 j
#1102
b100000001010 @
b1000010001110 N
b111111101101 \
b101001010011010 j
#1103
b110010 2
b11111111100 @
b1000001001100 N
b111111011010 \
b110100100110100 j
#1104
b11111110001 @
b1000000010101 N
b111111001100 \
b11010110111000 j
#1105
b11111101001 @
b111111111010 N
b111111000001 \
b11000011011010 j
#1106
b11111100011 @
b111111100101 N
b111110111001 \
b110110000110010 j
#1107
b101000 2
b11111011111 @
b111111010001 N
b111110110011 \
b101111010101010 j
#1108
b11111010010 $
b11111011100 @
b111111001001 N
b111110101111 \
b101100111011100 j
#1109
b11111011001 @
b111110111111 N
b111110101100 \
b110101010001110 j
#1110
b11111010111 @
b111110110110 N
b111110101001 \
b11011100000000 j
#1111
b110110 2
b11111010101 @
b111110110011 N
b111110100111 \
b110100100010010 j
#1112
b11111010011 $
b11111010100 @
b111110101110 N
b111110100101 \
b110111001010100 j
#1113
b11111010011 @
b111110101010 N
b111110100100 \
b110110001101010 j
#1114
b111110101001 N
b111110100011 \
b110110010010000 j
#1115
b111000 2
b111110100110 N
b11010010100100 j
#1116
b111110100100 N
b110101010110000 j
#1117
b110011100010000 j
#1118
b111110100010 N
b110110011001000 j
#1119
b111010 2
b110110001110010 j
#1120
b111110100011 N
b11011110000100 j
#1121
b111110100010 N
b110011010010100 j
#1122
b110111110010010 j
#1123
b111000 2
b111110100011 N
b110000010110010 j
#1124
b111110100010 N
b110110000101110 j
#1125
b11011000100100 j
#1126
b111110100011 N
b11011001010100 j
#1127
b110100 2
b111110100010 N
b11100001000010 j
#1128
b110110111101000 j
#1129
b111110100011 N
b111000000010010 j
#1130
b111110100010 N
b110111100011000 j
#1131
b11111101100010 2
b110000010001100 j
#1132
b101111000110 $
b111110100011 N
b110110001001010 j
#1133
b100011001111 @
b111110100010 N
b11101011010000 j
#1134
b100110001100 @
b1000010011111 \
b101100101010110 j
#1135
b11111101101000 2
b101000011010 @
b111110100011 N
b1000101011100 \
b11011000011110 j
#1136
b101010000101 @
b111110100010 N
b1000111101010 \
b110000000011110 j
#1137
b101011010101 @
b111111011010 N
b1001001010101 \
b110001001011000 j
#1138
b101100010001 @
b1000001110100 N
b1001010100101 \
b11001000000010 j
#1139
b11111101101100 2
b101100111110 @
b1000100011110 N
b1001011100001 \
b11000111101100 j
#1140
b101101100000 @
b1000110110101 N
b1001100001110 \
b110100010001110 j
#1141
b101101111001 @
b1001001000101 N
b1001100110000 \
b11010100010010 j
#1142
b101110001100 @
b1001010100110 N
b1001101001001 \
b11011000001000 j
#1143
b11111101101110 2
b101110011010 @
b1001011101000 N
b1001101011100 \
b111100101100 j
#1144
b101110100101 @
b1001100011111 N
b1001101101010 \
b101001000010010 j
#1145
b101110101101 @
b1001100111011 N
b1001101110101 \
b101000010010000 j
#1146
b101110110011 @
b1001101010000 N
b1001101111101 \
b111011111000 j
#1147
b11111101100010 2
b101110110111 @
b1001101100100 N
b1001110000011 \
b101000101100100 j
#1148
b101110111010 @
b1001101101100 N
b1001110000111 \
b101011010011000 j
#1149
b101110111101 @
b1001101110110 N
b1001110001010 \
b101001111100010 j
#1150
b101110111111 @
b1001101111111 N
b1001110001101 \
b101001100110110 j
#1151
b11111101101100 2
b101111000000 @
b1001110000010 N
b1001110001111 \
b10110111000 j
#1152
b101111000001 @
b1001110000111 N
b1001110010000 \
b101000111100000 j
#1153
b101111000010 @
b1001110001011 N
b1001110010001 \
b110101001100 j
#1154
b101111000011 @
b1001110001100 N
b1001110010010 \
b10011001010 j
#1155
b11111101101010 2
b1001110001111 N
b1001110010011 \
b101111101110110 j
#1156
b1001110010000 N
b101000110011000 j
#1157
b101000011001110 j
#1158
b1001110010010 N
b111001011000 j
#1159
b11111101101000 2
b101000110100 j
#1160
b110101110010 j
#1161
b1001110010011 N
b110000100000 j
#1162
b1001110010010 N
b101011011010100 j
#1163
b11111101101110 2
b101010001010010 j
#1164
b1001110010011 N
b111000010000 j
#1165
b1001110010010 N
b101000001110110 j
#1166
b101000110101110 j
#1167
b11111101100110 2
b1001110010011 N
b110010000111000 j
#1168
b1001110010010 N
b101100011010000 j
#1169
b11011100 j
#1170
b1001110010011 N
b111011101110 j
#1171
b110010 2
b1001110010010 N
b101111100010 j
#1172
b11111010011 $
b101111001111010 j
#1173
b101011000111 @
b1001110010011 N
b11010110110 j
#1174
b101000001010 @
b1001110010010 N
b1001010010111 \
b101111011011100 j
#1175
b110100 2
b100101111100 @
b1000111011010 \
b110000100011100 j
#1176
b100100010001 @
b1001110010011 N
b1000101001100 \
b100111111100010 j
#1177
b100011000001 @
b1001101011010 N
b1000011100001 \
b101100111110100 j
#1178
b100010000101 @
b1001011000010 N
b1000010010001 \
b101011000110010 j
#1179
b111010 2
b100001011000 @
b1001000010111 N
b1000001010101 \
b110101100010 j
#1180
b100000110110 @
b1000101111111 N
b1000000101000 \
b111000010010 j
#1181
b100000011101 @
b1000011110001 N
b1000000000110 \
b101001000000 j
#1182
b100000001010 @
b1000010001111 N
b111111101101 \
b111111100101000 j
#1183
b110110 2
b11111111100 @
b1000001001101 N
b111111011010 \
b11011011010000 j
#1184
b11111110001 @
b1000000010111 N
b111111001100 \
b110101001011110 j
#1185
b11111101001 @
b111111111010 N
b111111000001 \
b100100010111100 j
#1186
b11111100011 @
b111111100101 N
b111110111001 \
b11010111111100 j
#1187
b110100 2
b11111011111 @
b111111010010 N
b111110110011 \
b101110110000010 j
#1188
b11111011100 @
b111111001001 N
b111110101111 \
b110111111001100 j
#1189
b11111011001 @
b111110111111 N
b111110101100 \
b11011101001010 j
#1190
b11111010111 @
b111110110110 N
b111110101001 \
b110100101000010 j
#1191
b11111010110 @
b111110110011 N
b111110100111 \
b110100100110010 j
#1192
b11111010101 @
b111110101110 N
b111110100110 \
b110000011001100 j
#1193
b11111010100 @
b111110101010 N
b111110100101 \
b110011011110010 j
#1194
b11111010011 @
b111110101001 N
b111110100100 \
b11001101111000 j
#1195
b111000 2
b111110100110 N
b111110100011 \
b110111100011110 j
#1196
b111110100101 N
b110111000110010 j
#1197
b110101110011010 j
#1198
b111110100011 N
b11011100010100 j
#1199
b110110 2
b110111011100000 j
#1200
b11001000010100 j
#1201
b111110100010 N
b11001011101010 j
#1202
b111110100011 N
b11001001000100 j
#1203
b110000 2
b11100100101110 j
#1204
b111110100010 N
b110111000100010 j
#1205
b111110100011 N
b110111011101110 j
#1206
b110011000011010 j
#1207
b111110100010 N
b11010101000000 j
#1208
b111110100011 N
b11001011100010 j
#1209
b110011010110000 j
#1210
b111110100010 N
b110101000000010 j
#1211
b11111101100100 2
b111110100011 N
b110011101010110 j
#1212
b101111000110 $
b110111110010110 j
#1213
b100011001111 @
b111110100010 N
b110000100111110 j
#1214
b100110001100 @
b111110100011 N
b1000010011111 \
b110110000100000 j
#1215
b11111101100010 2
b101000011010 @
b1000101011100 \
b110101010101110 j
#1216
b101010000101 @
b111110100010 N
b1000111101010 \
b11010011111010 j
#1217
b101011010101 @
b111111011010 N
b1001001010101 \
b110110000000000 j
#1218
b101100010001 @
b1000001110011 N
b1001010100101 \
b11010111011010 j
#1219
b11111101101000 2
b101100111110 @
b1000100011110 N
b1001011100001 \
b110000100001010 j
#1220
b101101100000 @
b1000110110101 N
b1001100001110 \
b110001001111000 j
#1221
b101101111001 @
b1001001000100 N
b1001100110000 \
b100011000011010 j
#1222
b101110001100 @
b1001010100110 N
b1001101001001 \
b11001011110000 j
#1223
b11111101101100 2
b101110011010 @
b1001011101000 N
b1001101011100 \
b101101011101100 j
#1224
b101110100101 @
b1001100011110 N
b1001101101010 \
b101001100101110 j
#1225
b101110101101 @
b1001100111011 N
b1001101110101 \
b100110111100 j
#1226
b101110110011 @
b1001101010000 N
b1001101111101 \
b110000111001100 j
#1227
b11111101100010 2
b101110110111 @
b1001101100011 N
b1001110000011 \
b111100100000 j
#1228
b101110111010 @
b1001101101100 N
b1001110000111 \
b101100010000100 j
#1229
b101110111101 @
b1001101110110 N
b1001110001010 \
b101110100010010 j
#1230
b101110111111 @
b1001101111111 N
b1001110001101 \
b111101010110 j
#1231
b111100 2
b101111000000 @
b1001110000010 N
b1001110001111 \
b101000100000100 j
#1232
b11111010011 $
b101111000001 @
b1001110000111 N
b1001110010000 \
b101011111010 j
#1233
b101011000101 @
b1001110001011 N
b1001110010001 \
b100101011010 j
#1234
b101000001000 @
b1001110001100 N
b1001010010101 \
b10110001110 j
#1235
b110000 2
b100101111010 @
b1001110001111 N
b1000111011000 \
b101010000110110 j
#1236
b100100010000 @
b1001110010000 N
b1000101001010 \
b101011010010000 j
#1237
b100011000000 @
b1001101011000 N
b1000011100000 \
b101001110011110 j
#1238
b100010000100 @
b1001011000000 N
b1000010010000 \
b101110101100100 j
#1239
b110110 2
b100001010111 @
b1001000010101 N
b1000001010100 \
b110001100010 j
#1240
b100000110110 @
b1000101111110 N
b1000000100111 \
b101011010101100 j
#1241
b100000011101 @
b1000011101111 N
b1000000000110 \
b111001100001000 j
#1242
b100000001010 @
b1000010001110 N
b111111101101 \
b101010011111000 j
#1243
b110100 2
b11111111100 @
b1000001001100 N
b111111011010 \
b110000000110110 j
#1244
b11111110001 @
b1000000010110 N
b111111001100 \
b110111111001010 j
#1245
b11111101001 @
b111111111010 N
b111111000001 \
b100010011011110 j
#1246
b11111100011 @
b111111100101 N
b111110111001 \
b11101011011010 j
#1247
b110000 2
b11111011111 @
b111111010001 N
b111110110011 \
b11000110001100 j
#1248
b11111011100 @
b111111001001 N
b111110101111 \
b11000100011010 j
#1249
b11111011001 @
b111110111111 N
b111110101100 \
b11100101010000 j
#1250
b11111010111 @
b111110110110 N
b111110101001 \
b110111011100000 j
#1251
b111000 2
b11111010110 @
b111110110011 N
b111110100111 \
b100001101100110 j
#1252
b11111010101 @
b111110101110 N
b111110100110 \
b11001001001000 j
#1253
b11111010100 @
b111110101010 N
b111110100101 \
b11010101010110 j
#1254
b11111010011 @
b111110101001 N
b111110100100 \
b11000111100110 j
#1255
b110100 2
b111110100110 N
b111110100011 \
b110010111101100 j
#1256
b111110100101 N
b11010001110010 j
#1257
b100000101010000 j
#1258
b111110100011 N
b110011101100100 j
#1259
b110010 2
b110111010111010 j
#1260
b110111100111000 j
#1261
b111110100010 N
b110001110011010 j
#1262
b111110100011 N
b110100101000110 j
#1263
b110100 2
b110101100000100 j
#1264
b111110100010 N
b11001010011000 j
#1265
b111110100011 N
b11011110111110 j
#1266
b110110110000000 j
#1267
b101010 2
b111110100010 N
b11111010110100 j
#1268
b11111010010 $
b111110100011 N
b11100111100000 j
#1269
b11111010010 @
b100000101111110 j
#1270
b111110100010 N
b111110100010 \
b100001110010100 j
#1271
b110110 2
b111110100011 N
b11010011111000 j
#1272
b11111010011 $
b101111001001010 j
#1273
b111110100010 N
b11100100010000 j
#1274
b11010101010100 j
#1275
b101110 2
b110101011001010 j
#1276
b11111010010 $
b111110100001 N
b11010110011010 j
#1277
b111110100010 N
b110111000101010 j
#1278
b11010001100100 j
#1279
b110010 2
b111110100001 N
b110110010001010 j
#1280
b11111010011 $
b111110100010 N
b110011110001110 j
#1281
b110001000110110 j
#1282
b111110100001 N
b110100011011000 j
#1283
b110000 2
b111110100010 N
b110100011111110 j
#1284
b110100111011110 j
#1285
b111110100001 N
b110101110101000 j
#1286
b111110100010 N
b101100111101000 j
#1287
b110100 2
b110110001110000 j
#1288
b111110100001 N
b11010010011100 j
#1289
b111110100010 N
b110101101000110 j
#1290
b100000100100000 j
#1291
b11111101100110 2
b111110100001 N
b11010110011000 j
#1292
b101111000110 $
b111110100010 N
b110001100011010 j
#1293
b100011001111 @
b11000100100100 j
#1294
b100110001100 @
b111110100001 N
b1000010011111 \
b110101110001000 j
#1295
b11111101101000 2
b101000011010 @
b111110100010 N
b1000101011100 \
b11100101100100 j
#1296
b101010000101 @
b1000111101010 \
b11100010110010 j
#1297
b101011010101 @
b111111011001 N
b1001001010101 \
b11100100011110 j
#1298
b101100010001 @
b1000001110011 N
b1001010100101 \
b11011111101110 j
#1299
b11111101100110 2
b101100111110 @
b1000100011110 N
b1001011100001 \
b110101001010010 j
#1300
b101101100000 @
b1000110110101 N
b1001100001110 \
b110110000110000 j
#1301
b101101111001 @
b1001001000101 N
b1001100110000 \
b110001111110010 j
#1302
b101110001100 @
b1001010100110 N
b1001101001001 \
b11011101111110 j
#1303
b11111101100100 2
b101110011010 @
b1001011101000 N
b1001101011100 \
b101000001010 j
#1304
b101110100101 @
b1001100011111 N
b1001101101010 \
b10011101100 j
#1305
b101110101101 @
b1001100111011 N
b1001101110101 \
b110000010010 j
#1306
b101110110011 @
b1001101010000 N
b1001101111101 \
b101101011111110 j
#1307
b11111101101000 2
b101110110111 @
b1001101100100 N
b1001110000011 \
b101110000000010 j
#1308
b101110111010 @
b1001101101100 N
b1001110000111 \
b101001101010000 j
#1309
b101110111101 @
b1001101110110 N
b1001110001010 \
b101010101000 j
#1310
b101110111111 @
b1001101111111 N
b1001110001101 \
b111010110000000 j
#1311
b111000 2
b101111000000 @
b1001110000010 N
b1001110001111 \
b101000100010010 j
#1312
b11111010011 $
b101111000001 @
b1001110000111 N
b1001110010000 \
b111101000000 j
#1313
b101011000101 @
b1001110001011 N
b1001110010001 \
b101001110010 j
#1314
b101000001000 @
b1001110001100 N
b1001010010101 \
b111000100010 j
#1315
b110100 2
b100101111010 @
b1001110001111 N
b1000111011000 \
b101100110011010 j
#1316
b100100010000 @
b1001110010000 N
b1000101001010 \
b101100010110 j
#1317
b100011000000 @
b1001101011000 N
b1000011100000 \
b10000000100 j
#1318
b100010000100 @
b1001011000000 N
b1000010010000 \
b101010011000110 j
#1319
b110010 2
b100001010111 @
b1001000010101 N
b1000001010100 \
b111010110110 j
#1320
b100000110110 @
b1000101111110 N
b1000000100111 \
b11011000100 j
#1321
b100000011101 @
b1000011101111 N
b1000000000110 \
b101000100000 j
#1322
b100000001010 @
b1000010001110 N
b111111101101 \
b101101011001100 j
#1323
b11111111100 @
b1000001001100 N
b111111011010 \
b11100100011000 j
#1324
b11111110001 @
b1000000010110 N
b111111001100 \
b110001111110000 j
#1325
b11111101001 @
b111111111010 N
b111111000001 \
b110110010010110 j
#1326
b11111100011 @
b111111100101 N
b111110111001 \
b110100011111010 j
#1327
b110100 2
b11111011111 @
b111111010001 N
b111110110011 \
b110010101011010 j
#1328
b11111011100 @
b111111001001 N
b111110101111 \
b11000100011010 j
#1329
b11111011001 @
b111110111111 N
b111110101100 \
b100000000110000 j
#1330
b11111010111 @
b111110110110 N
b111110101001 \
b110111000101000 j
#1331
b111010 2
b11111010110 @
b111110110011 N
b111110100111 \
b110111101100010 j
#1332
b11111010101 @
b111110101110 N
b111110100110 \
b110101000001100 j
#1333
b11111010100 @
b111110101010 N
b111110100101 \
b11000011100100 j
#1334
b11111010011 @
b111110101001 N
b111110100100 \
b110101111011100 j
#1335
b110100 2
b111110100110 N
b111110100011 \
b11110100110000 j
#1336
b111110100101 N
b110101110100110 j
#1337
b100100111110110 j
#1338
b111110100011 N
b11101000001100 j
#1339
b111000 2
b11000100011010 j
#1340
b11010001100110 j
#1341
b111110100010 N
b111000001000110 j
#1342
b111110100011 N
b11001011011100 j
#1343
b110100 2
b11110001101000 j
#1344
b111110100010 N
b110000101000000 j
#1345
b111110100011 N
b110010011000100 j
#1346
b100010000010100 j
#1347
b110010 2
b111110100010 N
b11011110000000 j
#1348
b111110100011 N
b11000110011100 j
#1349
b110010101000100 j
#1350
b111110100010 N
b110101110110010 j
#1351
b110110 2
b111110100011 N
b11100110100110 j
#1352
b110111011011100 j
#1353
b111110100010 N
b110110001101110 j
#1354
b111110100011 N
b11011110000010 j
#1355
b111010 2
b110010001100010 j
#1356
b111110100010 N
b11011010111100 j
#1357
b111110100011 N
b110101000010000 j
#1358
b110010101000000 j
#1359
b111110100010 N
b110101010111010 j
#1360
b111110100011 N
b11011111010000 j
#1361
b110110000001100 j
#1362
b111110100010 N
b110111001100000 j
#1363
b110110 2
b111110100011 N
b101000011010100 j
#1364
b111000000000000 j
#1365
b111110100010 N
b110111011110100 j
#1366
b111110100011 N
b11010101101110 j
#1367
b11100010011100 j
#1368
b111110100010 N
b110101100100110 j
#1369
b111110100011 N
b11010001000110 j
#1370
b110010001110010 j
#1371
b110010 2
b111110100010 N
b110111000111110 j
#1372
b111110100011 N
b110100111110100 j
#1373
b110101110000000 j
#1374
b111110100010 N
b11100011001010 j
#1375
b110110 2
b111110100011 N
b11011011010110 j
#1376
b110001100110110 j
#1377
b111110100010 N
b110111011100110 j
#1378
b111110100011 N
b110001101100000 j
#1379
b110111001011000 j
#1380
b111110100010 N
b100000110110010 j
#1381
b111110100011 N
b11001100010110 j
#1382
b11001000011010 j
#1383
b110010 2
b111110100010 N
b11001010010010 j
#1384
b111110100011 N
b11000011010000 j
#1385
b110010110001110 j
#1386
b111110100010 N
b11101101101110 j
#1387
b110110 2
b111110100011 N
b110100011100110 j
#1388
b110111010110100 j
#1389
b111110100010 N
b11001001110100 j
#1390
b111110100011 N
b110111010100110 j
#1391
b11111101101100 2
b110010001111010 j
#1392
b101111000110 $
b111110100010 N
b11011100011100 j
#1393
b100011001111 @
b111110100011 N
b110101110101110 j
#1394
b100110001100 @
b1000010011111 \
b101111011111100 j
#1395
b101000011010 @
b111110100010 N
b1000101011100 \
b110011110000110 j
#1396
b101010000101 @
b111110100011 N
b1000111101010 \
b11010101001000 j
#1397
b101011010101 @
b111111011010 N
b1001001010101 \
b110100111111000 j
#1398
b101100010001 @
b1000001110011 N
b1001010100101 \
b11011110101110 j
#1399
b101100111110 @
b1000100011110 N
b1001011100001 \
b110101010011000 j
#1400
b101101100000 @
b1000110110101 N
b1001100001110 \
b110010000001010 j
#1401
b101101111001 @
b1001001000100 N
b1001100110000 \
b11100100110110 j
#1402
b101110001100 @
b1001010100110 N
b1001101001001 \
b110100101101010 j
#1403
b11111101100100 2
b101110011010 @
b1001011101000 N
b1001101011100 \
b11010110100 j
#1404
b101110100101 @
b1001100011110 N
b1001101101010 \
b101010011011100 j
#1405
b101110101101 @
b1001100111011 N
b1001101110101 \
b101011101011010 j
#1406
b101110110011 @
b1001101010000 N
b1001101111101 \
b101001011001000 j
#1407
b11111101110000 2
b101110110111 @
b1001101100011 N
b1001110000011 \
b101001100001100 j
#1408
b101111000111 $
b101110111010 @
b1001101101100 N
b1001110000111 \
b101110000101100 j
#1409
b101110111101 @
b1001101110110 N
b1001110001010 \
b1100111110 j
#1410
b101110111111 @
b1001101111111 N
b1001110001101 \
b101100111010110 j
#1411
b11111101101010 2
b101111000001 @
b1001110000010 N
b1001110001111 \
b100000010110 j
#1412
b101111000110 $
b101111000010 @
b1001110000111 N
b1001110010001 \
b101000010010000 j
#1413
b101111000011 @
b1001110001011 N
b1001110010010 \
b101000010101100 j
#1414
b1001110001100 N
b1001110010011 \
b10100110 j
#1415
b11111101100110 2
b1001110001111 N
b110001110000110 j
#1416
b1001110010001 N
b100111110101110 j
#1417
b110010011110 j
#1418
b1001110010011 N
b10011110110 j
#1419
b11111101101100 2
b111011010110 j
#1420
b1001110010010 N
b101001110001110 j
#1421
b1001110010011 N
b101100001110 j
#1422
b1100111110 j
#1423
b11111101101000 2
b1001110010010 N
b101101001001000 j
#1424
b1001110010011 N
b111101010000110 j
#1425
b11001011110 j
#1426
b1001110010010 N
b100111110111010 j
#1427
b11111101100110 2
b1001110010011 N
b101010100001010 j
#1428
b11110100010 j
#1429
b1001110010010 N
b101010101011010 j
#1430
b1001110010011 N
b10100011110 j
#1431
b11111101100000 2
b111100100 j
#1432
b1001110010010 N
b101110000100010 j
#1433
b1001110010011 N
b110000111101000 j
#1434
b11010111000 j
#1435
b11111101101000 2
b1001110010010 N
b100001000000 j
#1436
b1001110010011 N
b110000101100000 j
#1437
b110110100000 j
#1438
b1001110010010 N
b11001001100 j
#1439
b11111101100110 2
b1001110010011 N
b101011101000 j
#1440
b10011010 j
#1441
b1001110010010 N
b110000111110010 j
#1442
b1001110010011 N
b101000010110100 j
#1443
b11111101101010 2
b110011010001010 j
#1444
b1001110010010 N
b111011010000 j
#1445
b1001110010011 N
b101011001000 j
#1446
b10001011100 j
#1447
b11111101101100 2
b1001110010010 N
b101001110100100 j
#1448
b1001110010011 N
b101010010101110 j
#1449
b101010110100100 j
#1450
b1001110010010 N
b100110000110 j
#1451
b11111101100000 2
b1001110010011 N
b100110010110 j
#1452
b101001000110110 j
#1453
b1001110010010 N
b110001000100 j
#1454
b1001110010011 N
b111110011111110 j
#1455
b11111101100100 2
b100010111100 j
#1456
b1001110010010 N
b101101000100 j
#1457
b1001110010011 N
b101110010100 j
#1458
b101010100100 j
#1459
b1001110010010 N
b101000100001110 j
#1460
b1001110010011 N
b100111110100000 j
#1461
b110001101000 j
#1462
b1001110010010 N
b111111111100100 j
#1463
b11111101101000 2
b1001110010011 N
b101010000111000 j
#1464
b101111011010000 j
#1465
b1001110010010 N
b101111001000100 j
#1466
b1001110010011 N
b101001010101110 j
#1467
b11111101101010 2
b111111100110110 j
#1468
b1001110010010 N
b101100011111010 j
#1469
b1001110010011 N
b1010101010 j
#1470
b101100110100 j
#1471
b11111101011110 2
b1001110010010 N
b100011010100 j
#1472
b101111000101 $
b1001110010011 N
b101111100110 j
#1473
b100111111001100 j
#1474
b1001110010010 N
b101000100001110 j
#1475
b11111101101010 2
b1001110010011 N
b101000011100100 j
#1476
b101111000110 $
b101011010110 j
#1477
b1001110010010 N
b101010010111110 j
#1478
b1001110010011 N
b101010110 j
#1479
b11111101101000 2
b100100011100 j
#1480
b1001110010010 N
b1001111000 j
#1481
b1001110010011 N
b101010010000 j
#1482
b1111101100 j
#1483
b1001110010010 N
b101000101100110 j
#1484
b1001110010011 N
b101101001100000 j
#1485
b101010100010 j
#1486
b1001110010010 N
b10001101110 j
#1487
b1001110010011 N
b101000001110 j
#1488
b101100010000110 j
#1489
b1001110010010 N
b111111110001000 j
#1490
b1001110010011 N
b101010111100 j
#1491
b11111101101010 2
b101001100101010 j
#1492
b1001110010010 N
b101010110100000 j
#1493
b1001110010011 N
b110000010110010 j
#1494
b111100110000 j
#1495
b11111101101100 2
b1001110010010 N
b111101110111100 j
#1496
b1001110010011 N
b101001100100000 j
#1497
b110101100000 j
#1498
b1001110010010 N
b100001001000 j
#1499
b11111101101000 2
b1001110010011 N
b111110110100000 j
#1500
b101101110110010 j
#1501
b1001110010010 N
b110011011110 j
#1502
b1001110010011 N
b100010100 j
#1503
b111110000 j
#1504
b1001110010010 N
b110111100100 j
#1505
b1001110010011 N
b110100111010 j
#1506
b101111011011110 j
#1507
b11111101101100 2
b1001110010010 N
b101100011011010 j
#1508
b1001110010011 N
b11110100010 j
#1509
b101001100001000 j
#1510
b1001110010010 N
b101101000010010 j
#1511
b101110 2
b1001110010011 N
b11101100010 j
#1512
b11111010010 $
b111111011101010 j
#1513
b101011000110 @
b1001110010010 N
b100111000000 j
#1514
b101000001001 @
b1001110010011 N
b1001010010110 \
b111111001000110 j
#1515
b110000 2
b100101111011 @
b1000111011001 \
b111101001101100 j
#1516
b11111010011 $
b100100010000 @
b1001110010010 N
b1000101001011 \
b1000111000 j
#1517
b100011000000 @
b1001101011011 N
b1000011100000 \
b101100111000010 j
#1518
b100010000100 @
b1001011000001 N
b1000010010000 \
b100111111000 j
#1519
b110010 2
b100001010111 @
b1001000010110 N
b1000001010100 \
b101101011111110 j
#1520
b100000110110 @
b1000101111111 N
b1000000100111 \
b100110011100 j
#1521
b100000011101 @
b1000011101111 N
b1000000000110 \
b11001010 j
#1522
b100000001010 @
b1000010001110 N
b111111101101 \
b1100111100 j
#1523
b110100 2
b11111111100 @
b1000001001100 N
b111111011010 \
b110110111111110 j
#1524
b11111110001 @
b1000000010101 N
b111111001100 \
b101010111001010 j
#1525
b11111101001 @
b111111111010 N
b111111000001 \
b110100011000010 j
#1526
b11111100011 @
b111111100101 N
b111110111001 \
b11001010101000 j
#1527
b101110 2
b11111011111 @
b111111010001 N
b111110110011 \
b100001011000110 j
#1528
b11111010010 $
b11111011100 @
b111111001001 N
b111110101111 \
b100000000010100 j
#1529
b11111011001 @
b111110111111 N
b111110101100 \
b110010111001010 j
#1530
b11111010111 @
b111110110110 N
b111110101001 \
b100010100001010 j
#1531
b11111101100100 2
b11111010101 @
b111110110011 N
b111110100111 \
b11110110000000 j
#1532
b101111000110 $
b11111010100 @
b111110101110 N
b111110100101 \
b11010000001100 j
#1533
b100011010000 @
b111110101010 N
b111110100100 \
b11101011100100 j
#1534
b100110001101 @
b111110101001 N
b1000010100000 \
b11011010000110 j
#1535
b11111101100110 2
b101000011011 @
b111110100110 N
b1000101011101 \
b11001110001000 j
#1536
b101010000101 @
b111110100100 N
b1000111101011 \
b11001011010010 j
#1537
b101011010101 @
b111111011100 N
b1001001010101 \
b110010011010010 j
#1538
b101100010001 @
b1000001110100 N
b1001010100101 \
b11111101010100 j
#1539
b11111101100000 2
b101100111110 @
b1000100011110 N
b1001011100001 \
b110110001011110 j
#1540
b101101100000 @
b1000110110110 N
b1001100001110 \
b110111000001110 j
#1541
b101101111001 @
b1001001000100 N
b1001100110000 \
b110011000010000 j
#1542
b101110001100 @
b1001010100110 N
b1001101001001 \
b110011111010010 j
#1543
b11111101100100 2
b101110011010 @
b1001011101000 N
b1001101011100 \
b101001110010010 j
#1544
b101110100101 @
b1001100011110 N
b1001101101010 \
b101100100100 j
#1545
b101110101101 @
b1001100111011 N
b1001101110101 \
b111011000100100 j
#1546
b101110110011 @
b1001101010000 N
b1001101111101 \
b101011001100000 j
#1547
b11111101101010 2
b101110110111 @
b1001101100011 N
b1001110000011 \
b110010101101010 j
#1548
b101110111010 @
b1001101101100 N
b1001110000111 \
b10100111010 j
#1549
b101110111101 @
b1001101110110 N
b1001110001010 \
b1110000110 j
#1550
b101110111111 @
b1001101111111 N
b1001110001101 \
b100000100 j
#1551
b110010 2
b101111000000 @
b1001110000010 N
b1001110001111 \
b10000101010 j
#1552
b11111010011 $
b101111000001 @
b1001110000111 N
b1001110010000 \
b110001111010 j
#1553
b101011000101 @
b1001110001011 N
b1001110010001 \
b10100011110 j
#1554
b101000001000 @
b1001110001100 N
b1001010010101 \
b11010111100 j
#1555
b110100 2
b100101111010 @
b1001110001111 N
b1000111011000 \
b101101001000 j
#1556
b100100010000 @
b1001110010000 N
b1000101001010 \
b101111111010010 j
#1557
b100011000000 @
b1001101011000 N
b1000011100000 \
b10010010010 j
#1558
b100010000100 @
b1001011000000 N
b1000010010000 \
b100000011010 j
#1559
b110010 2
b100001010111 @
b1001000010101 N
b1000001010100 \
b101000100010010 j
#1560
b100000110110 @
b1000101111110 N
b1000000100111 \
b101000110110100 j
#1561
b100000011101 @
b1000011101111 N
b1000000000110 \
b100100001100 j
#1562
b100000001010 @
b1000010001110 N
b111111101101 \
b101001111011000 j
#1563
b11111111100 @
b1000001001100 N
b111111011010 \
b11101000111100 j
#1564
b11111110001 @
b1000000010110 N
b111111001100 \
b110000010111110 j
#1565
b11111101001 @
b111111111010 N
b111111000001 \
b11110001110010 j
#1566
b11111100011 @
b111111100101 N
b111110111001 \
b110010101000110 j
#1567
b11111011111 @
b111111010001 N
b111110110011 \
b11010101111010 j
#1568
b11111011100 @
b111111001001 N
b111110101111 \
b11000100010000 j
#1569
b11111011001 @
b111110111111 N
b111110101100 \
b110011111110100 j
#1570
b11111010111 @
b111110110110 N
b111110101001 \
b110100011011100 j
#1571
b11111101100110 2
b11111010110 @
b111110110011 N
b111110100111 \
b11100100001100 j
#1572
b101111000110 $
b11111010101 @
b111110101110 N
b111110100110 \
b11001100011000 j
#1573
b100011010001 @
b111110101010 N
b111110100101 \
b11011110000110 j
#1574
b100110001110 @
b111110101001 N
b1000010100001 \
b11101101100100 j
#1575
b11111101101000 2
b101000011100 @
b111110100110 N
b1000101011110 \
b110010111110110 j
#1576
b101010000110 @
b111110100101 N
b1000111101100 \
b110100010010110 j
#1577
b101011010110 @
b111111011101 N
b1001001010110 \
b11001000101000 j
#1578
b101100010010 @
b1000001110101 N
b1001010100110 \
b110101111110010 j
#1579
b11111101101010 2
b101100111111 @
b1000100100000 N
b1001011100010 \
b101100001101010 j
#1580
b101101100000 @
b1000110110111 N
b1001100001111 \
b110110110111010 j
#1581
b101101111001 @
b1001001000101 N
b1001100110000 \
b11001010111100 j
#1582
b101110001100 @
b1001010100111 N
b1001101001001 \
b110100101101000 j
#1583
b11111101101110 2
b101110011010 @
b1001011101001 N
b1001101011100 \
b1111010000 j
#1584
b101110100101 @
b1001100011111 N
b1001101101010 \
b101011111110110 j
#1585
b101110101101 @
b1001100111011 N
b1001101110101 \
b101000100010110 j
#1586
b101110110011 @
b1001101010000 N
b1001101111101 \
b101001000010110 j
#1587
b11111101101010 2
b101110110111 @
b1001101100011 N
b1001110000011 \
b101101100101100 j
#1588
b101110111010 @
b1001101101100 N
b1001110000111 \
b101000000100010 j
#1589
b101110111101 @
b1001101110110 N
b1001110001010 \
b101101001001010 j
#1590
b101110111111 @
b1001101111111 N
b1001110001101 \
b111111111111000 j
#1591
b11111101101110 2
b101111000000 @
b1001110000010 N
b1001110001111 \
b111110100100100 j
#1592
b101111000001 @
b1001110000111 N
b1001110010000 \
b101010100101010 j
#1593
b101111000010 @
b1001110001011 N
b1001110010001 \
b100010100000 j
#1594
b101111000011 @
b1001110001100 N
b1001110010010 \
b100010010100 j
#1595
b11111101100100 2
b1001110001111 N
b1001110010011 \
b110000010100110 j
#1596
b1001110010000 N
b100101000010 j
#1597
b101111011010000 j
#1598
b1001110010010 N
b101011101000000 j
#1599
b11111101100110 2
b101011100100110 j
#1600
b101100110100000 j
#1601
b1001110010011 N
b11100011100 j
#1602
b1001110010010 N
b110101111010 j
#1603
b11111101101100 2
b101011110010100 j
#1604
b1001110010011 N
b101011000101110 j
#1605
b1001110010010 N
b100011010010 j
#1606
b101000111011100 j
#1607
b11111101100110 2
b1001110010011 N
b101000000110110 j
#1608
b1001110010010 N
b10010000010 j
#1609
b101100000111100 j
#1610
b1001110010011 N
b110100111110 j
#1611
b101100 2
b1001110010010 N
b101000001111010 j
#1612
b11111010010 $
b110110010110 j
#1613
b101011000110 @
b1001110010011 N
b110110111110 j
#1614
b101000001001 @
b1001110010010 N
b1001010010110 \
b11011000100 j
#1615
b111010 2
b100101111011 @
b1000111011001 \
b101000010010110 j
#1616
b11111010011 $
b100100010000 @
b1001110010011 N
b1000101001011 \
b101011100100 j
#1617
b100011000000 @
b1001101011010 N
b1000011100000 \
b111110001111010 j
#1618
b100010000100 @
b1001011000001 N
b1000010010000 \
b101010010110110 j
#1619
b110000 2
b100001010111 @
b1001000010110 N
b1000001010100 \
b101001111110110 j
#1620
b100000110110 @
b1000101111110 N
b1000000100111 \
b1111000010 j
#1621
b100000011101 @
b1000011101111 N
b1000000000110 \
b101100001011010 j
#1622
b100000001010 @
b1000010001110 N
b111111101101 \
b11011111000 j
#1623
b11111111100 @
b1000001001100 N
b111111011010 \
b11010001011100 j
#1624
b11111110001 @
b1000000010110 N
b111111001100 \
b110101010000100 j
#1625
b11111101001 @
b111111111010 N
b111111000001 \
b11010010011010 j
#1626
b11111100011 @
b111111100101 N
b111110111001 \
b110010111001000 j
#1627
b110100 2
b11111011111 @
b111111010001 N
b111110110011 \
b11011010001000 j
#1628
b11111011100 @
b111111001001 N
b111110101111 \
b101110110110000 j
#1629
b11111011001 @
b111110111111 N
b111110101100 \
b110110100010110 j
#1630
b11111010111 @
b111110110110 N
b111110101001 \
b110110101000100 j
#1631
b11111101101010 2
b11111010110 @
b111110110011 N
b111110100111 \
b11000100000100 j
#1632
b101111000110 $
b11111010101 @
b111110101110 N
b111110100110 \
b11011110111010 j
#1633
b100011010001 @
b111110101010 N
b111110100101 \
b110110100110100 j
#1634
b100110001110 @
b111110101001 N
b1000010100001 \
b110110001011010 j
#1635
b101000011100 @
b111110100110 N
b1000101011110 \
b11011111010010 j
#1636
b101010000110 @
b111110100101 N
b1000111101100 \
b11001000001110 j
#1637
b101011010110 @
b111111011101 N
b1001001010110 \
b11100000101000 j
#1638
b101100010010 @
b1000001110101 N
b1001010100110 \
b110111001110110 j
#1639
b101100111111 @
b1000100100000 N
b1001011100010 \
b110010101010110 j
#1640
b101101100000 @
b1000110110111 N
b1001100001111 \
b11001111110110 j
#1641
b101101111001 @
b1001001000101 N
b1001100110000 \
b110010101001100 j
#1642
b101110001100 @
b1001010100111 N
b1001101001001 \
b11001000101000 j
#1643
b11111101101110 2
b101110011010 @
b1001011101001 N
b1001101011100 \
b101100010110 j
#1644
b101110100101 @
b1001100011111 N
b1001101101010 \
b101000001001100 j
#1645
b101110101101 @
b1001100111011 N
b1001101110101 \
b11000010 j
#1646
b101110110011 @
b1001101010000 N
b1001101111101 \
b100001010 j
#1647
b11111101100110 2
b101110110111 @
b1001101100011 N
b1001110000011 \
b111011000100 j
#1648
b101110111010 @
b1001101101100 N
b1001110000111 \
b111110001111110 j
#1649
b101110111101 @
b1001101110110 N
b1001110001010 \
b101100100111000 j
#1650
b101110111111 @
b1001101111111 N
b1001110001101 \
b101000111010110 j
#1651
b11111101101000 2
b101111000000 @
b1001110000010 N
b1001110001111 \
b110100101100 j
#1652
b101111000001 @
b1001110000111 N
b1001110010000 \
b101001100100100 j
#1653
b101111000010 @
b1001110001011 N
b1001110010001 \
b101001110100110 j
#1654
b101111000011 @
b1001110001100 N
b1001110010010 \
b101011111011010 j
#1655
b11111101100110 2
b1001110001111 N
b1001110010011 \
b100011101100 j
#1656
b1001110010000 N
b101001100100100 j
#1657
b1010110110 j
#1658
b1001110010010 N
b11000011100 j
#1659
b101011100100 j
#1660
b1011111000 j
#1661
b1001110010011 N
b101101000111100 j
#1662
b1001110010010 N
b100111110111100 j
#1663
b111110111010000 j
#1664
b1001110010011 N
b110001011011110 j
#1665
b1001110010010 N
b111110100101000 j
#1666
b101100110101100 j
#1667
b11111101101010 2
b1001110010011 N
b101001010010100 j
#1668
b1001110010010 N
b101000010110110 j
#1669
b111111100010100 j
#1670
b1001110010011 N
b101000000101100 j
#1671
b11111101101110 2
b1001110010010 N
b101010010101000 j
#1672
b101100001100000 j
#1673
b1001110010011 N
b11110001010 j
#1674
b1001110010010 N
b100100000010 j
#1675
b11111101100010 2
b11001100100 j
#1676
b1001110010011 N
b101000001111010 j
#1677
b1001110010010 N
b101001111100010 j
#1678
b110000101000 j
#1679
b11111101101110 2
b1001110010011 N
b110001011110010 j
#1680
b1001110010010 N
b100100110000 j
#1681
b101011001000010 j
#1682
b1001110010011 N
b100110010110 j
#1683
b11111101101010 2
b1001110010010 N
b111101110110010 j
#1684
b100011101000 j
#1685
b1001110010011 N
b101000011000000 j
#1686
b1001110010010 N
b101101011011110 j
#1687
b11111101100110 2
b111111100010100 j
#1688
b1001110010011 N
b101110011101000 j
#1689
b1001110010010 N
b101100010011100 j
#1690
b101010110110 j
#1691
b11111101101100 2
b1001110010011 N
b101011000101000 j
#1692
b1001110010010 N
b110100100010 j
#1693
b101001010000 j
#1694
b1001110010011 N
b11011100010 j
#1695
b11111101100100 2
b1001110010010 N
b101101001001110 j
#1696
b101001010100 j
#1697
b1001110010011 N
b111000110 j
#1698
b1001110010010 N
b101101110111000 j
#1699
b11111101101010 2
b101111000110010 j
#1700
b1001110010011 N
b101000100110000 j
#1701
b1001110010010 N
b101001101000100 j
#1702
b1000100110 j
#1703
b11111101011110 2
b1001110010011 N
b111000100111010 j
#1704
b101111000101 $
b1001110010010 N
b101100110110010 j
#1705
b101101001101010 j
#1706
b1001110010011 N
b101101101100 j
#1707
b11111101101100 2
b1001110010010 N
b11000001100 j
#1708
b101111000110 $
b101110001010 j
#1709
b1001110010011 N
b111110000010100 j
#1710
b1001110010010 N
b110100010000000 j
#1711
b11111101100110 2
b110101110010 j
#1712
b1001110010011 N
b101011100000 j
#1713
b1001110010010 N
b101100010000100 j
#1714
b111011111001000 j
#1715
b11111101101010 2
b1001110010011 N
b101001001010 j
#1716
b1001110010010 N
b11111111100 j
#1717
b110100110010 j
#1718
b1001110010011 N
b110000111010 j
#1719
b11111101100110 2
b1001110010010 N
b101000001001010 j
#1720
b101010110100100 j
#1721
b1001110010011 N
b100101110110 j
#1722
b1001110010010 N
b101001100010 j
#1723
b11111101101010 2
b101010011111100 j
#1724
b1001110010011 N
b101111100110000 j
#1725
b1001110010010 N
b110000110010100 j
#1726
b11100110010 j
#1727
b11111101100010 2
b1001110010011 N
b110100110000 j
#1728
b1001110010010 N
b1111100000 j
#1729
b101001001011100 j
#1730
b1001110010011 N
b101000011101010 j
#1731
b11111101101110 2
b1001110010010 N
b100010100100 j
#1732
b101101101110 j
#1733
b1001110010011 N
b10010101100 j
#1734
b1001110010010 N
b101001100000010 j
#1735
b11111101100100 2
b11101001100 j
#1736
b1001110010011 N
b111101101110110 j
#1737
b1001110010010 N
b110000111110 j
#1738
b111111000011100 j
#1739
b11111101100010 2
b1001110010011 N
b101100101110110 j
#1740
b1001110010010 N
b101110001110 j
#1741
b11010010110 j
#1742
b1001110010011 N
b101011000101010 j
#1743
b11111101110010 2
b1001110010010 N
b101001010011110 j
#1744
b101111000111 $
b101010101011110 j
#1745
b101111000100 @
b1001110010011 N
b110010001001100 j
#1746
b1001110010010 N
b1001110010100 \
b111110110111010 j
#1747
b11111101010110 2
b10100101100 j
#1748
b101111000101 $
b1001110010011 N
b11001011000 j
#1749
b1001110010010 N
b101000111010100 j
#1750
b1001110010011 N
b101100110111110 j
#1751
b111010 2
b1001110010100 N
b11100001110 j
#1752
b11111010011 $
b1001110010011 N
b101010010010110 j
#1753
b101011000111 @
b1001110010100 N
b10110100000 j
#1754
b101000001010 @
b1001010010111 \
b11010001110 j
#1755
b110010 2
b100101111100 @
b1001110010011 N
b1000111011010 \
b101011100010110 j
#1756
b100100010001 @
b1001110010100 N
b1000101001100 \
b101010011000110 j
#1757
b100011000001 @
b1001101011100 N
b1000011100001 \
b101010011110 j
#1758
b100010000101 @
b1001011000010 N
b1000010010001 \
b101010110111110 j
#1759
b100001011000 @
b1001000010111 N
b1000001010101 \
b101000100101000 j
#1760
b100000110110 @
b1000110000000 N
b1000000101000 \
b101010110100110 j
#1761
b100000011101 @
b1000011110000 N
b1000000000110 \
b10100010100 j
#1762
b100000001010 @
b1000010001111 N
b111111101101 \
b100111110100000 j
#1763
b111000 2
b11111111100 @
b1000001001101 N
b111111011010 \
b110011010000000 j
#1764
b11111110001 @
b1000000010110 N
b111111001100 \
b110111110110010 j
#1765
b11111101001 @
b111111111010 N
b111111000001 \
b101111111010000 j
#1766
b11111100011 @
b111111100101 N
b111110111001 \
b11001001101000 j
#1767
b110000 2
b11111011111 @
b111111010001 N
b111110110011 \
b110111010101110 j
#1768
b11111011100 @
b111111001001 N
b111110101111 \
b101100101011110 j
#1769
b11111011001 @
b111110111111 N
b111110101100 \
b11101100100000 j
#1770
b11111010111 @
b111110110110 N
b111110101001 \
b100001010001100 j
#1771
b11111010110 @
b111110110011 N
b111110100111 \
b11110011111110 j
#1772
b11111010101 @
b111110101110 N
b111110100110 \
b110110001101100 j
#1773
b11111010100 @
b111110101010 N
b111110100101 \
b110011100001010 j
#1774
b11111010011 @
b111110101001 N
b111110100100 \
b110011000000100 j
#1775
b110110 2
b111110100110 N
b111110100011 \
b110101111001110 j
#1776
b111110100101 N
b110101110110110 j
#1777
b11101001110100 j
#1778
b111110100011 N
b110110110000010 j
#1779
b110100 2
b11101000011010 j
#1780
b11010011100000 j
#1781
b111110100010 N
b11011000110100 j
#1782
b111110100011 N
b11011101010110 j
#1783
b110000 2
b110111110000000 j
#1784
b111110100010 N
b11001011001110 j
#1785
b111110100011 N
b110010100011110 j
#1786
b11111001000110 j
#1787
b110110 2
b111110100010 N
b11101010100100 j
#1788
b111110100011 N
b110111110101000 j
#1789
b101111001010100 j
#1790
b111110100010 N
b110110100010010 j
#1791
b110100 2
b111110100011 N
b110010111111010 j
#1792
b100010100010010 j
#1793
b111110100010 N
b11101001010100 j
#1794
b111110100011 N
b110111011111100 j
#1795
b110000 2
b110100111011110 j
#1796
b111110100010 N
b110110011110000 j
#1797
b111110100011 N
b101110011100110 j
#1798
b11111001010100 j
#1799
b111000 2
b111110100010 N
b11001101001010 j
#1800
b111110100011 N
b111000000010110 j
#1801
b110010111010100 j
#1802
b111110100010 N
b11101011011010 j
#1803
b110010 2
b111110100011 N
b11000100001000 j
#1804
b110110101011100 j
#1805
b111110100010 N
b101110101011110 j
#1806
b111110100011 N
b11010011100010 j
#1807
b110100 2
b111000001010110 j
#1808
b111110100010 N
b110111101001000 j
#1809
b111110100011 N
b100101011000000 j
#1810
b11100110010010 j
#1811
b11111101100110 2
b111110100010 N
b110110011010100 j
#1812
b101111000110 $
b111110100011 N
b11101111010110 j
#1813
b100011001111 @
b11010100011010 j
#1814
b100110001100 @
b111110100010 N
b1000010011111 \
b11011000101010 j
#1815
b11111101101100 2
b101000011010 @
b111110100011 N
b1000101011100 \
b110110000000000 j
#1816
b101010000101 @
b1000111101010 \
b101011110101010 j
#1817
b101011010101 @
b111111011010 N
b1001001010101 \
b110111011000100 j
#1818
b101100010001 @
b1000001110100 N
b1001010100101 \
b110100101010010 j
#1819
b11111101101010 2
b101100111110 @
b1000100011110 N
b1001011100001 \
b110001011000110 j
#1820
b101101100000 @
b1000110110101 N
b1001100001110 \
b11101000100010 j
#1821
b101101111001 @
b1001001000101 N
b1001100110000 \
b11000110010010 j
#1822
b101110001100 @
b1001010100110 N
b1001101001001 \
b110000100000000 j
#1823
b101110011010 @
b1001011101000 N
b1001101011100 \
b101001011110 j
#1824
b101110100101 @
b1001100011111 N
b1001101101010 \
b111001110010100 j
#1825
b101110101101 @
b1001100111011 N
b1001101110101 \
b101001011001010 j
#1826
b101110110011 @
b1001101010000 N
b1001101111101 \
b101001100001000 j
#1827
b11111101110000 2
b101110110111 @
b1001101100100 N
b1001110000011 \
b101000010010010 j
#1828
b101111000111 $
b101110111010 @
b1001101101100 N
b1001110000111 \
b101101100 j
#1829
b101110111101 @
b1001101110110 N
b1001110001010 \
b1110011100 j
#1830
b101110111111 @
b1001101111111 N
b1001110001101 \
b110101010010 j
#1831
b11111101101100 2
b101111000001 @
b1001110000010 N
b1001110001111 \
b100000111010 j
#1832
b101111000110 $
b101111000010 @
b1001110000111 N
b1001110010001 \
b101010110010000 j
#1833
b101111000011 @
b1001110001011 N
b1001110010010 \
b101010100111010 j
#1834
b1001110001100 N
b1001110010011 \
b111011100010010 j
#1835
b11111101101110 2
b1001110001111 N
b111011010 j
#1836
b1001110010001 N
b101111001110 j
#1837
b101001100010000 j
#1838
b1001110010011 N
b110000001101010 j
#1839
b11010011110 j
#1840
b1001110010010 N
b10101001010 j
#1841
b1001110010011 N
b110101011110 j
#1842
b101101000001100 j
#1843
b11111101110000 2
b1001110010010 N
b1000001010 j
#1844
b101111000111 $
b1001110010011 N
b101100010011110 j
#1845
b101111000100 @
b100111100110 j
#1846
b1001110010010 N
b1001110010100 \
b10010111110 j
#1847
b11111101101000 2
b1001110010011 N
b100100101000 j
#1848
b101111000110 $
b101011000100100 j
#1849
b1001110010010 N
b10111010010 j
#1850
b1001110010011 N
b11101110110 j
#1851
b111000 2
b101011110001100 j
#1852
b11111010011 $
b111010101010 j
#1853
b101011000111 @
b1001110010100 N
b110011001010 j
#1854
b101000001010 @
b1001110010011 N
b1001010010111 \
b110010101010 j
#1855
b111010 2
b100101111100 @
b1000111011010 \
b101101110011010 j
#1856
b100100010001 @
b1001110010100 N
b1000101001100 \
b111111011101000 j
#1857
b100011000001 @
b1001101011011 N
b1000011100001 \
b111111000011100 j
#1858
b100010000101 @
b1001011000010 N
b1000010010001 \
b111111111001010 j
#1859
b110010 2
b100001011000 @
b1001000010111 N
b1000001010101 \
b111110001110 j
#1860
b100000110110 @
b1000101111111 N
b1000000101000 \
b101011011000110 j
#1861
b100000011101 @
b1000011110000 N
b1000000000110 \
b111001010 j
#1862
b100000001010 @
b1000010001111 N
b111111101101 \
b101010111101000 j
#1863
b110000 2
b11111111100 @
b1000001001101 N
b111111011010 \
b11011110100010 j
#1864
b11111110001 @
b1000000010110 N
b111111001100 \
b101111111001010 j
#1865
b11111101001 @
b111111111010 N
b111111000001 \
b11000011100010 j
#1866
b11111100011 @
b111111100101 N
b111110111001 \
b11000010100110 j
#1867
b110110 2
b11111011111 @
b111111010001 N
b111110110011 \
b111000001011000 j
#1868
b11111011100 @
b111111001001 N
b111110101111 \
b11001110111110 j
#1869
b11111011001 @
b111110111111 N
b111110101100 \
b110111101001100 j
#1870
b11111010111 @
b111110110110 N
b111110101001 \
b110101101011100 j
#1871
b11111010110 @
b111110110011 N
b111110100111 \
b110011101100100 j
#1872
b11111010101 @
b111110101110 N
b111110100110 \
b110011010011110 j
#1873
b11111010100 @
b111110101010 N
b111110100101 \
b110111000010100 j
#1874
b11111010011 @
b111110101001 N
b111110100100 \
b110111101010100 j
#1875
b111000 2
b111110100110 N
b111110100011 \
b100001101111100 j
#1876
b111110100101 N
b110110001101110 j
#1877
b11111100001000 j
#1878
b111110100011 N
b110011000100000 j
#1879
b101100 2
b11111111011110 j
#1880
b11111010010 $
b11111010100000 j
#1881
b11111010010 @
b111110100010 N
b110100100011100 j
#1882
b111110100011 N
b111110100010 \
b11100011110110 j
#1883
b111100 2
b11001011100010 j
#1884
b11111010011 $
b111110100010 N
b11110001111110 j
#1885
b111110100011 N
b110111111110110 j
#1886
b111110100010 N
b100100001001000 j
#1887
b110010 2
b111110100001 N
b110111010101000 j
#1888
b111110100010 N
b11001110010010 j
#1889
b111110100001 N
b110011111000100 j
#1890
b110101100101010 j
#1891
b11111101101010 2
b111110100010 N
b110101110110110 j
#1892
b101111000110 $
b111110100001 N
b110011011101010 j
#1893
b100011001111 @
b11011110100100 j
#1894
b100110001100 @
b111110100010 N
b1000010011111 \
b110111111100000 j
#1895
b11111101100010 2
b101000011010 @
b111110100001 N
b1000101011100 \
b101110101000000 j
#1896
b101010000101 @
b1000111101010 \
b110000000100110 j
#1897
b101011010101 @
b111111011010 N
b1001001010101 \
b110110101001110 j
#1898
b101100010001 @
b1000001110011 N
b1001010100101 \
b110110101110010 j
#1899
b11111101100100 2
b101100111110 @
b1000100011110 N
b1001011100001 \
b110010100011000 j
#1900
b101101100000 @
b1000110110110 N
b1001100001110 \
b11100110101110 j
#1901
b101101111001 @
b1001001000100 N
b1001100110000 \
b11100110011010 j
#1902
b101110001100 @
b1001010100110 N
b1001101001001 \
b11001101110100 j
#1903
b11111101101100 2
b101110011010 @
b1001011101000 N
b1001101011100 \
b101011001101100 j
#1904
b101110100101 @
b1001100011110 N
b1001101101010 \
b111011000100 j
#1905
b101110101101 @
b1001100111011 N
b1001101110101 \
b101000010011010 j
#1906
b101110110011 @
b1001101010000 N
b1001101111101 \
b111001110111010 j
#1907
b11111101100000 2
b101110110111 @
b1001101100011 N
b1001110000011 \
b101000000010000 j
#1908
b101110111010 @
b1001101101100 N
b1001110000111 \
b101000100011110 j
#1909
b101110111101 @
b1001101110110 N
b1001110001010 \
b110001100000 j
#1910
b101110111111 @
b1001101111111 N
b1001110001101 \
b10101100000 j
#1911
b110010 2
b101111000000 @
b1001110000010 N
b1001110001111 \
b110101001000 j
#1912
b11111010011 $
b101111000001 @
b1001110000111 N
b1001110010000 \
b110101011110 j
#1913
b101011000101 @
b1001110001011 N
b1001110010001 \
b101111001010010 j
#1914
b101000001000 @
b1001110001100 N
b1001010010101 \
b101010000010110 j
#1915
b110100 2
b100101111010 @
b1001110001111 N
b1000111011000 \
b111111000010100 j
#1916
b100100010000 @
b1001110010000 N
b1000101001010 \
b10101111000 j
#1917
b100011000000 @
b1001101011000 N
b1000011100000 \
b101001100110 j
#1918
b100010000100 @
b1001011000000 N
b1000010010000 \
b101000011000100 j
#1919
b110010 2
b100001010111 @
b1001000010101 N
b1000001010100 \
b100110111010 j
#1920
b100000110110 @
b1000101111110 N
b1000000100111 \
b101011010000100 j
#1921
b100000011101 @
b1000011101111 N
b1000000000110 \
b101101111111100 j
#1922
b100000001010 @
b1000010001110 N
b111111101101 \
b101000110000010 j
#1923
b11111111100 @
b1000001001100 N
b111111011010 \
b11011101011110 j
#1924
b11111110001 @
b1000000010110 N
b111111001100 \
b110011001101110 j
#1925
b11111101001 @
b111111111010 N
b111111000001 \
b110110101001110 j
#1926
b11111100011 @
b111111100101 N
b111110111001 \
b110011111111000 j
#1927
b11111011111 @
b111111010001 N
b111110110011 \
b11000110100110 j
#1928
b11111011100 @
b111111001001 N
b111110101111 \
b11001100010110 j
#1929
b11111011001 @
b111110111111 N
b111110101100 \
b110111001101100 j
#1930
b11111010111 @
b111110110110 N
b111110101001 \
b11010001000010 j
#1931
b11111101101000 2
b11111010110 @
b111110110011 N
b111110100111 \
b11101000010000 j
#1932
b101111000110 $
b11111010101 @
b111110101110 N
b111110100110 \
b110001100111110 j
#1933
b100011010001 @
b111110101010 N
b111110100101 \
b110001101100000 j
#1934
b100110001110 @
b111110101001 N
b1000010100001 \
b110011010100010 j
#1935
b11111101100100 2
b101000011100 @
b111110100110 N
b1000101011110 \
b11011101000010 j
#1936
b101010000110 @
b111110100101 N
b1000111101100 \
b11100010100010 j
#1937
b101011010110 @
b111111011101 N
b1001001010110 \
b110110101000110 j
#1938
b101100010010 @
b1000001110101 N
b1001010100110 \
b11000111011110 j
#1939
b11111101100110 2
b101100111111 @
b1000100100000 N
b1001011100010 \
b11001101010100 j
#1940
b101101100000 @
b1000110110111 N
b1001100001111 \
b110011100000110 j
#1941
b101101111001 @
b1001001000101 N
b1001100110000 \
b110000011110100 j
#1942
b101110001100 @
b1001010100111 N
b1001101001001 \
b11110010001010 j
#1943
b11111101101000 2
b101110011010 @
b1001011101001 N
b1001101011100 \
b110001110110 j
#1944
b101110100101 @
b1001100011111 N
b1001101101010 \
b101010100010000 j
#1945
b101110101101 @
b1001100111011 N
b1001101110101 \
b101000011100010 j
#1946
b101110110011 @
b1001101010000 N
b1001101111101 \
b110100111010 j
#1947
b11111101100110 2
b101110110111 @
b1001101100011 N
b1001110000011 \
b101010011000100 j
#1948
b101110111010 @
b1001101101100 N
b1001110000111 \
b101001011111110 j
#1949
b101110111101 @
b1001101110110 N
b1001110001010 \
b11110001110 j
#1950
b101110111111 @
b1001101111111 N
b1001110001101 \
b101001110101110 j
#1951
b110100 2
b101111000000 @
b1001110000010 N
b1001110001111 \
b101100011001110 j
#1952
b11111010011 $
b101111000001 @
b1001110000111 N
b1001110010000 \
b111010001100 j
#1953
b101011000101 @
b1001110001011 N
b1001110010001 \
b101000010111010 j
#1954
b101000001000 @
b1001110001100 N
b1001010010101 \
b101000011011100 j
#1955
b110110 2
b100101111010 @
b1001110001111 N
b1000111011000 \
b101000000011110 j
#1956
b100100010000 @
b1001110010000 N
b1000101001010 \
b110001101010110 j
#1957
b100011000000 @
b1001101011000 N
b1000011100000 \
b100010111010 j
#1958
b100010000100 @
b1001011000000 N
b1000010010000 \
b101001001000100 j
#1959
b110100 2
b100001010111 @
b1001000010101 N
b1000001010100 \
b101000101010110 j
#1960
b100000110110 @
b1000101111110 N
b1000000100111 \
b101101101111010 j
#1961
b100000011101 @
b1000011101111 N
b1000000000110 \
b110100000010 j
#1962
b100000001010 @
b1000010001110 N
b111111101101 \
b100000100010 j
#1963
b110110 2
b11111111100 @
b1000001001100 N
b111111011010 \
b110001000001100 j
#1964
b11111110001 @
b1000000010110 N
b111111001100 \
b11101100000000 j
#1965
b11111101001 @
b111111111010 N
b111111000001 \
b11010100111000 j
#1966
b11111100011 @
b111111100101 N
b111110111001 \
b110110000101000 j
#1967
b111000 2
b11111011111 @
b111111010001 N
b111110110011 \
b11100001000000 j
#1968
b11111011100 @
b111111001001 N
b111110101111 \
b110101000110000 j
#1969
b11111011001 @
b111110111111 N
b111110101100 \
b11110001101100 j
#1970
b11111010111 @
b111110110110 N
b111110101001 \
b110110010001000 j
#1971
b11111101101110 2
b11111010110 @
b111110110011 N
b111110100111 \
b11111000101100 j
#1972
b101111000110 $
b11111010101 @
b111110101110 N
b111110100110 \
b110110000010100 j
#1973
b100011010001 @
b111110101010 N
b111110100101 \
b11011111110010 j
#1974
b100110001110 @
b111110101001 N
b1000010100001 \
b110111010100000 j
#1975
b11111101101000 2
b101000011100 @
b111110100110 N
b1000101011110 \
b11110000111010 j
#1976
b101010000110 @
b111110100101 N
b1000111101100 \
b100001100010000 j
#1977
b101011010110 @
b111111011101 N
b1001001010110 \
b11011111010000 j
#1978
b101100010010 @
b1000001110101 N
b1001010100110 \
b110101010001110 j
#1979
b11111101100010 2
b101100111111 @
b1000100100000 N
b1001011100010 \
b11100001110010 j
#1980
b101101100000 @
b1000110110111 N
b1001100001111 \
b110000101010110 j
#1981
b101101111001 @
b1001001000101 N
b1001100110000 \
b11101100000000 j
#1982
b101110001100 @
b1001010100111 N
b1001101001001 \
b11101001110100 j
#1983
b11111101101110 2
b101110011010 @
b1001011101001 N
b1001101011100 \
b101001000011010 j
#1984
b101110100101 @
b1001100011111 N
b1001101101010 \
b101110010000 j
#1985
b101110101101 @
b1001100111011 N
b1001101110101 \
b111010111010 j
#1986
b101110110011 @
b1001101010000 N
b1001101111101 \
b101011010100110 j
#1987
b11111101101000 2
b101110110111 @
b1001101100011 N
b1001110000011 \
b101001010000110 j
#1988
b101110111010 @
b1001101101100 N
b1001110000111 \
b101011010100110 j
#1989
b101110111101 @
b1001101110110 N
b1001110001010 \
b101000000111000 j
#1990
b101110111111 @
b1001101111111 N
b1001110001101 \
b101100101111010 j
#1991
b101111000000 @
b1001110000010 N
b1001110001111 \
b110001111010 j
#1992
b101111000001 @
b1001110000111 N
b1001110010000 \
b111111110110010 j
#1993
b101111000010 @
b1001110001011 N
b1001110010001 \
b101000100000110 j
#1994
b101111000011 @
b1001110001100 N
b1001110010010 \
b110100111010 j
#1995
b11111101100110 2
b1001110001111 N
b1001110010011 \
b101101101001100 j
#1996
b1001110010000 N
b111101011000010 j
#1997
b101000101010110 j
#1998
b1001110010010 N
b101010000001010 j
#1999
b11111101100100 2
b101110000010100 j
#2000
b10111000100 j
#2001
b1001110010011 N
b110101011010 j
#2002
b1001110010010 N
b101001010100110 j
#2003
b11111101101100 2
b101101010010100 j
#2004
b1001110010011 N
b101000001010000 j
#2005
b1001110010010 N
b101101100000 j
#2006
b101000001011100 j
#2007
b11111101101000 2
b1001110010011 N
b111100110010 j
#2008
b1001110010010 N
b111011100100 j
#2009
b10101010010 j
#2010
b1001110010011 N
b1010010 j
#2011
b11111101101010 2
b1001110010010 N
b111100110001110 j
#2012
b11110101100 j
#2013
b1001110010011 N
b111011101100 j
#2014
b1001110010010 N
b111000010010 j
#2015
b11111101101100 2
b101010000011000 j
#2016
b1001110010011 N
b101001110110 j
#2017
b1001110010010 N
b11110100 j
#2018
b101011100110100 j
#2019
b11111101101000 2
b1001110010011 N
b1111101100 j
#2020
b1001110010010 N
b111101100001110 j
#2021
b101000101110000 j
#2022
b1001110010011 N
b100001000 j
#2023
b11111101101100 2
b1001110010010 N
b101000001001000 j
#2024
b101110111101100 j
#2025
b1001110010011 N
b111101111010 j
#2026
b1001110010010 N
b101000011100010 j
#2027
b11111101101010 2
b101100110101000 j
#2028
b1001110010011 N
b111000001001000 j
#2029
b1001110010010 N
b101011011110110 j
#2030
b101001111011110 j
#2031
b101110 2
b1001110010011 N
b100111100110 j
#2032
b11111010010 $
b1001110010010 N
b100110111100 j
#2033
b101011000110 @
b110111011100 j
#2034
b101000001001 @
b1001110010011 N
b1001010010110 \
b101001101000000 j
#2035
b111000 2
b100101111011 @
b1001110010010 N
b1000111011001 \
b101001011110100 j
#2036
b11111010011 $
b100100010000 @
b1000101001011 \
b111111101110110 j
#2037
b100011000000 @
b1001101011011 N
b1000011100000 \
b11101000010 j
#2038
b100010000100 @
b1001011000001 N
b1000010010000 \
b1110010000 j
#2039
b110010 2
b100001010111 @
b1001000010110 N
b1000001010100 \
b101000110110000 j
#2040
b100000110110 @
b1000101111111 N
b1000000100111 \
b101000000100010 j
#2041
b100000011101 @
b1000011101111 N
b1000000000110 \
b111100101100000 j
#2042
b100000001010 @
b1000010001110 N
b111111101101 \
b110000001101100 j
#2043
b110100 2
b11111111100 @
b1000001001100 N
b111111011010 \
b11001001010100 j
#2044
b11111110001 @
b1000000010101 N
b111111001100 \
b110101001100100 j
#2045
b11111101001 @
b111111111010 N
b111111000001 \
b11100101011100 j
#2046
b11111100011 @
b111111100101 N
b111110111001 \
b110110000001110 j
#2047
b110010 2
b11111011111 @
b111111010001 N
b111110110011 \
b11011011110110 j
#2048
b11111011100 @
b111111001001 N
b111110101111 \
b11101110110000 j
1,"
#2049
b11111011001 @
b111110111111 N
b111110101100 \
b110010101001010 j
#2050
b11111010111 @
b111110110110 N
b111110101001 \
b110110101110010 j
#2051
b11111101100110 2
b11111010110 @
b111110110011 N
b111110100111 \
b110011111010110 j
#2052
b101111000110 $
b11111010101 @
b111110101110 N
b111110100110 \
b110011111001010 j
#2053
b100011010001 @
b111110101010 N
b111110100101 \
b110110011101100 j
#2054
b100110001110 @
b111110101001 N
b1000010100001 \
b101101010010000 j
#2055
b11111101101010 2
b101000011100 @
b111110100110 N
b1000101011110 \
b11011111011010 j
#2056
b101010000110 @
b111110100101 N
b1000111101100 \
b11110101110000 j
#2057
b101011010110 @
b111111011101 N
b1001001010110 \
b11100000101000 j
#2058
b101100010010 @
b1000001110101 N
b1001010100110 \
b11011110110000 j
#2059
b11111101100010 2
b101100111111 @
b1000100100000 N
b1001011100010 \
b110010000010000 j
#2060
b101101100000 @
b1000110110111 N
b1001100001111 \
b100000111001110 j
#2061
b101101111001 @
b1001001000101 N
b1001100110000 \
b110110001011110 j
#2062
b101110001100 @
b1001010100111 N
b1001101001001 \
b100010111111000 j
#2063
b11111101101010 2
b101110011010 @
b1001011101001 N
b1001101011100 \
b101011000100 j
#2064
b101110100101 @
b1001100011111 N
b1001101101010 \
b101010000011010 j
#2065
b101110101101 @
b1001100111011 N
b1001101110101 \
b111001011010 j
#2066
b101110110011 @
b1001101010000 N
b1001101111101 \
b101000110100100 j
#2067
b101110110111 @
b1001101100011 N
b1001110000011 \
b11100111100 j
#2068
b101110111010 @
b1001101101100 N
b1001110000111 \
b111111111001110 j
#2069
b101110111101 @
b1001101110110 N
b1001110001010 \
b101101111110100 j
#2070
b101110111111 @
b1001101111111 N
b1001110001101 \
b101011111100110 j
#2071
b101111000000 @
b1001110000010 N
b1001110001111 \
b100110101110 j
#2072
b101111000001 @
b1001110000111 N
b1001110010000 \
b101000100111010 j
#2073
b101111000010 @
b1001110001011 N
b1001110010001 \
b101111010101010 j
#2074
b101111000011 @
b1001110001100 N
b1001110010010 \
b101010111000100 j
#2075
b11111101100110 2
b1001110001111 N
b1001110010011 \
b101011111001010 j
#2076
b1001110010000 N
b101111000000110 j
#2077
b101111010110100 j
#2078
b1001110010010 N
b110111001000 j
#2079
b11111101101100 2
b110101111100 j
#2080
b101010101000010 j
#2081
b1001110010011 N
b110001011110 j
#2082
b1001110010010 N
b101101001000110 j
#2083
b11111101100100 2
b1110001000 j
#2084
b1001110010011 N
b1011011100 j
#2085
b1001110010010 N
b110000001101100 j
#2086
b101001000110 j
#2087
b11111101101010 2
b1001110010011 N
b100101111100 j
#2088
b1001110010010 N
b101010 j
#2089
b101100101000000 j
#2090
b1001110010011 N
b1001001000 j
#2091
b110110 2
b1001110010010 N
b101010011010100 j
#2092
b11111010011 $
b110000100000 j
#2093
b101011000111 @
b1001110010011 N
b11110111000 j
#2094
b101000001010 @
b1001110010010 N
b1001010010111 \
b101000010100100 j
#2095
b101110 2
b100101111100 @
b1000111011010 \
b101000011000 j
#2096
b11111010010 $
b100100010001 @
b1001110010011 N
b1000101001100 \
b100100011010 j
#2097
b100011000001 @
b1001101011010 N
b1000011100001 \
b10101001000 j
#2098
b100010000101 @
b1001011000010 N
b1000010010001 \
b110010100001010 j
#2099
b110110 2
b100001011000 @
b1001000010111 N
b1000001010101 \
b110001011010 j
#2100
b11111010011 $
b100000110110 @
b1000101111111 N
b1000000101000 \
b11110011110 j
#2101
b100000011101 @
b1000011110001 N
b1000000000110 \
b111111001011010 j
#2102
b100000001010 @
b1000010001111 N
b111111101101 \
b111111110010000 j
#2103
b101110 2
b11111111100 @
b1000001001101 N
b111111011010 \
b111000001000010 j
#2104
b11111010010 $
b11111110001 @
b1000000010111 N
b111111001100 \
b110110000110010 j
#2105
b11111101001 @
b111111111010 N
b111111000001 \
b11011010010010 j
#2106
b11111100011 @
b111111100101 N
b111110111001 \
b110010000001100 j
#2107
b111010 2
b11111011110 @
b111111010010 N
b111110110011 \
b11100110110010 j
#2108
b11111010011 $
b11111011011 @
b111111001001 N
b111110101110 \
b110100100001110 j
#2109
b11111011001 @
b111110111111 N
b111110101011 \
b110100000011000 j
#2110
b11111010111 @
b111110110110 N
b111110101001 \
b110111010101010 j
#2111
b11111101101000 2
b11111010110 @
b111110110011 N
b111110100111 \
b11011110000010 j
#2112
b101111000110 $
b11111010101 @
b111110101101 N
b111110100110 \
b110101011011100 j
#2113
b100011010001 @
b111110101001 N
b111110100101 \
b110001101000100 j
#2114
b100110001110 @
b1000010100001 \
b110110100101010 j
#2115
b11111101101010 2
b101000011100 @
b111110100110 N
b1000101011110 \
b11010010100010 j
#2116
b101010000110 @
b111110100101 N
b1000111101100 \
b11001001100000 j
#2117
b101011010110 @
b111111011101 N
b1001001010110 \
b11001000111000 j
#2118
b101100010010 @
b1000001110101 N
b1001010100110 \
b11110111000000 j
#2119
b11111101100010 2
b101100111111 @
b1000100100000 N
b1001011100010 \
b11101011001110 j
#2120
b101101100000 @
b1000110110111 N
b1001100001111 \
b100101001000000 j
#2121
b101101111001 @
b1001001000101 N
b1001100110000 \
b11000011001010 j
#2122
b101110001100 @
b1001010100111 N
b1001101001001 \
b11110011000000 j
#2123
b11111101101000 2
b101110011010 @
b1001011101001 N
b1001101011100 \
b110000100111110 j
#2124
b101110100101 @
b1001100011111 N
b1001101101010 \
b111001000000 j
#2125
b101110101101 @
b1001100111011 N
b1001101110101 \
b101011000001110 j
#2126
b101110110011 @
b1001101010000 N
b1001101111101 \
b100000011010 j
#2127
b101110110111 @
b1001101100011 N
b1001110000011 \
b101000011000100 j
#2128
b101110111010 @
b1001101101100 N
b1001110000111 \
b11111111110 j
#2129
b101110111101 @
b1001101110110 N
b1001110001010 \
b100111111000110 j
#2130
b101110111111 @
b1001101111111 N
b1001110001101 \
b101010110110000 j
#2131
b110010 2
b101111000000 @
b1001110000010 N
b1001110001111 \
b111111000001100 j
#2132
b11111010011 $
b101111000001 @
b1001110000111 N
b1001110010000 \
b111010100010 j
#2133
b101011000101 @
b1001110001011 N
b1001110010001 \
b11111011110 j
#2134
b101000001000 @
b1001110001100 N
b1001010010101 \
b101011111010100 j
#2135
b100101111010 @
b1001110001111 N
b1000111011000 \
b101110110100100 j
#2136
b100100010000 @
b1001110010000 N
b1000101001010 \
b110001000100 j
#2137
b100011000000 @
b1001101011000 N
b1000011100000 \
b110000101000 j
#2138
b100010000100 @
b1001011000000 N
b1000010010000 \
b101000000001000 j
#2139
b110000 2
b100001010111 @
b1001000010101 N
b1000001010100 \
b111110011010000 j
#2140
b100000110110 @
b1000101111110 N
b1000000100111 \
b101001101010110 j
#2141
b100000011101 @
b1000011101111 N
b1000000000110 \
b111111010111010 j
#2142
b100000001010 @
b1000010001110 N
b111111101101 \
b100001101000 j
#2143
b11111111100 @
b1000001001100 N
b111111011010 \
b11000101111110 j
#2144
b11111110001 @
b1000000010110 N
b111111001100 \
b110010111011000 j
#2145
b11111101001 @
b111111111010 N
b111111000001 \
b11100011100000 j
#2146
b11111100011 @
b111111100101 N
b111110111001 \
b11001111011010 j
#2147
b110100 2
b11111011111 @
b111111010001 N
b111110110011 \
b100101100010000 j
#2148
b11111011100 @
b111111001001 N
b111110101111 \
b110110110000110 j
#2149
b11111011001 @
b111110111111 N
b111110101100 \
b11011110111110 j
#2150
b11111010111 @
b111110110110 N
b111110101001 \
b110011000111110 j
#2151
b11111101100110 2
b11111010110 @
b111110110011 N
b111110100111 \
b100011010101100 j
#2152
b101111000110 $
b11111010101 @
b111110101110 N
b111110100110 \
b111000000010100 j
#2153
b100011010001 @
b111110101010 N
b111110100101 \
b11110010010000 j
#2154
b100110001110 @
b111110101001 N
b1000010100001 \
b11010010101110 j
#2155
b11111101101000 2
b101000011100 @
b111110100110 N
b1000101011110 \
b11001001010000 j
#2156
b101010000110 @
b111110100101 N
b1000111101100 \
b11100000111100 j
#2157
b101011010110 @
b111111011101 N
b1001001010110 \
b110101101011010 j
#2158
b101100010010 @
b1000001110101 N
b1001010100110 \
b11101100110010 j
#2159
b11111101101010 2
b101100111111 @
b1000100100000 N
b1001011100010 \
b110110011110110 j
#2160
b101101100000 @
b1000110110111 N
b1001100001111 \
b11101011010110 j
#2161
b101101111001 @
b1001001000101 N
b1001100110000 \
b11011010011110 j
#2162
b101110001100 @
b1001010100111 N
b1001101001001 \
b110110000100000 j
#2163
b11111101101000 2
b101110011010 @
b1001011101001 N
b1001101011100 \
b1100001100 j
#2164
b101110100101 @
b1001100011111 N
b1001101101010 \
b110000000110 j
#2165
b101110101101 @
b1001100111011 N
b1001101110101 \
b111101000110 j
#2166
b101110110011 @
b1001101010000 N
b1001101111101 \
b101100100000 j
#2167
b11111101100100 2
b101110110111 @
b1001101100011 N
b1001110000011 \
b11100111100 j
#2168
b101110111010 @
b1001101101100 N
b1001110000111 \
b101010110010100 j
#2169
b101110111101 @
b1001101110110 N
b1001110001010 \
b11011000100 j
#2170
b101110111111 @
b1001101111111 N
b1001110001101 \
b101110000011000 j
#2171
b11111101110000 2
b101111000000 @
b1001110000010 N
b1001110001111 \
b101101011011010 j
#2172
b101111000111 $
b101111000001 @
b1001110000111 N
b1001110010000 \
b101110001111110 j
#2173
b101111000010 @
b1001110001011 N
b1001110010001 \
b110010010000 j
#2174
b101111000011 @
b1001110001100 N
b1001110010010 \
b11111000010 j
#2175
b11111101100010 2
b101111000100 @
b1001110001111 N
b1001110010011 \
b101010000011000 j
#2176
b101111000110 $
b1001110010000 N
b1001110010100 \
b110010000110 j
#2177
b110001101100100 j
#2178
b1001110010010 N
b10001000010 j
#2179
b11111101101000 2
b111101010100 j
#2180
b1001110010011 N
b111001001010 j
#2181
b1001110010100 N
b101010100001110 j
#2182
b1001110010011 N
b100100101000 j
#2183
b1001110010100 N
b111010010110 j
#2184
b101100101110 j
#2185
b1001110010011 N
b101010110110000 j
#2186
b1001110010100 N
b101010011101000 j
#2187
b101100110011110 j
#2188
b1001110010011 N
b110000111110 j
#2189
b1001110010100 N
b1111001100 j
#2190
b100110001010 j
#2191
b11111101100100 2
b1001110010011 N
b101000011110100 j
#2192
b1001110010100 N
b110101010110 j
#2193
b110011101100 j
#2194
b1001110010011 N
b101011100001100 j
#2195
b11111101101000 2
b1001110010100 N
b101100010000110 j
#2196
b101101101100110 j
#2197
b1001110010011 N
b101011110001110 j
#2198
b1001110010100 N
b10101111010 j
#2199
b11111101100010 2
b101000001100110 j
#2200
b1001110010011 N
b1111010110 j
#2201
b1001110010100 N
b11010010100 j
#2202
b101010101000110 j
#2203
b11111101101010 2
b1001110010011 N
b101100001001100 j
#2204
b1001110010100 N
b101111111100110 j
#2205
b101101010010 j
#2206
b1001110010011 N
b101110100110 j
#2207
b11111101100110 2
b1001110010100 N
b111101110100 j
#2208
b101011100100 j
#2209
b1001110010011 N
b101001110101110 j
#2210
b1001110010100 N
b100100111010 j
#2211
b111010 2
b110101111110 j
#2212
b11111010011 $
b1001110010011 N
b101001111100010 j
#2213
b101011000111 @
b1001110010100 N
b100010010110 j
#2214
b101000001010 @
b1001010010111 \
b100111111101100 j
#2215
b110010 2
b100101111100 @
b1001110010011 N
b1000111011010 \
b101101111010010 j
#2216
b100100010001 @
b1001110010100 N
b1000101001100 \
b110101000010 j
#2217
b100011000001 @
b1001101011100 N
b1000011100001 \
b101000000001010 j
#2218
b100010000101 @
b1001011000010 N
b1000010010001 \
b110100000110 j
#2219
b101010 2
b100001011000 @
b1001000010111 N
b1000001010101 \
b110001100101110 j
#2220
b11111010010 $
b100000110110 @
b1000110000000 N
b1000000101000 \
b101101100001100 j
#2221
b100000011101 @
b1000011110000 N
b1000000000110 \
b11000110100 j
#2222
b100000001010 @
b1000010001111 N
b111111101101 \
b101000000110010 j
#2223
b110010 2
b11111111100 @
b1000001001101 N
b111111011010 \
b11101100011010 j
#2224
b11111010011 $
b11111110001 @
b1000000010110 N
b111111001100 \
b11000110110000 j
#2225
b11111101001 @
b111111111010 N
b111111000001 \
b11010011000010 j
#2226
b11111100011 @
b111111100101 N
b111110111001 \
b110110000010000 j
#2227
b101110 2
b11111011111 @
b111111010001 N
b111110110011 \
b11010001010010 j
#2228
b11111010010 $
b11111011100 @
b111111001001 N
b111110101111 \
b110110100001000 j
#2229
b11111011001 @
b111110111111 N
b111110101100 \
b11010110001110 j
#2230
b11111010111 @
b111110110110 N
b111110101001 \
b11010001101110 j
#2231
b101100 2
b11111010101 @
b111110110011 N
b111110100111 \
b101111100010010 j
#2232
b11111010100 @
b111110101110 N
b111110100101 \
b110010100011110 j
#2233
b11111010011 @
b111110101010 N
b111110100100 \
b100000100011110 j
#2234
b11111010010 @
b111110101001 N
b111110100011 \
b11111010101000 j
#2235
b110110 2
b111110100110 N
b111110100010 \
b11010000011000 j
#2236
b11111010011 $
b111110100100 N
b110100101110010 j
#2237
b110101111001010 j
#2238
b111110100010 N
b11000100010010 j
#2239
b110010 2
b111110100001 N
b100000001100000 j
#2240
b111110100010 N
b110100100010000 j
#2241
b111110100001 N
b11010100000100 j
#2242
b11101000110010 j
#2243
b110110 2
b111110100010 N
b110110111110000 j
#2244
b111110100001 N
b11111000101100 j
#2245
b11111001110100 j
#2246
b111110100010 N
b100000110001010 j
#2247
b111110100001 N
b11110100011010 j
#2248
b11110101000110 j
#2249
b111110100010 N
b110101001111110 j
#2250
b111110100001 N
b11111001000110 j
#2251
b110110011011110 j
#2252
b111110100010 N
b110100000011100 j
#2253
b111110100001 N
b110100000111110 j
#2254
b110110000100000 j
#2255
b110100 2
b111110100010 N
b11100010100110 j
#2256
b111110100001 N
b110101000000010 j
#2257
b11001010001000 j
#2258
b111110100010 N
b101111000101100 j
#2259
b110110 2
b111110100001 N
b101110010101010 j
#2260
b110111010111110 j
#2261
b111110100010 N
b11101110010000 j
#2262
b111110100001 N
b100011000110000 j
#2263
b101010 2
b111000000110000 j
#2264
b11111010010 $
b111110100010 N
b11001011011110 j
#2265
b111110100001 N
b11010101110010 j
#2266
b110111010011010 j
#2267
b110010 2
b111110100010 N
b110011101110110 j
#2268
b11111010011 $
b111110100001 N
b110010100000000 j
#2269
b110110011000010 j
#2270
b111110100010 N
b11111000100010 j
#2271
b11111101101100 2
b111110100001 N
b11000110111100 j
#2272
b101111000110 $
b110101000101000 j
#2273
b100011001111 @
b111110100010 N
b110101111001110 j
#2274
b100110001100 @
b111110100001 N
b1000010011111 \
b101111010100110 j
#2275
b11111101101010 2
b101000011010 @
b1000101011100 \
b11001111001000 j
#2276
b101010000101 @
b111110100010 N
b1000111101010 \
b110100100000100 j
#2277
b101011010101 @
b111111011001 N
b1001001010101 \
b100010011100110 j
#2278
b101100010001 @
b1000001110011 N
b1001010100101 \
b11111000011010 j
#2279
b101100111110 @
b1000100011110 N
b1001011100001 \
b11010111100000 j
#2280
b101101100000 @
b1000110110101 N
b1001100001110 \
b11000101011010 j
#2281
b101101111001 @
b1001001000101 N
b1001100110000 \
b110011000000000 j
#2282
b101110001100 @
b1001010100110 N
b1001101001001 \
b11101111111110 j
#2283
b11111101101000 2
b101110011010 @
b1001011101000 N
b1001101011100 \
b101111111010 j
#2284
b101110100101 @
b1001100011111 N
b1001101101010 \
b101010100000100 j
#2285
b101110101101 @
b1001100111011 N
b1001101110101 \
b101100101110000 j
#2286
b101110110011 @
b1001101010000 N
b1001101111101 \
b101011110011010 j
#2287
b101110110111 @
b1001101100100 N
b1001110000011 \
b110011010100010 j
#2288
b101110111010 @
b1001101101100 N
b1001110000111 \
b110011011000 j
#2289
b101110111101 @
b1001101110110 N
b1001110001010 \
b101100101011010 j
#2290
b101110111111 @
b1001101111111 N
b1001110001101 \
b101001000000 j
#2291
b11111101110000 2
b101111000000 @
b1001110000010 N
b1001110001111 \
b100111111100010 j
#2292
b101111000111 $
b101111000001 @
b1001110000111 N
b1001110010000 \
b101000110000 j
#2293
b101111000010 @
b1001110001011 N
b1001110010001 \
b101010100100010 j
#2294
b101111000011 @
b1001110001100 N
b1001110010010 \
b101001100111010 j
#2295
b11111101100100 2
b101111000100 @
b1001110001111 N
b1001110010011 \
b100010100110 j
#2296
b101111000110 $
b1001110010000 N
b1001110010100 \
b101011100000 j
#2297
b110011010 j
#2298
b1001110010010 N
b101000110001000 j
#2299
b11111101101110 2
b100111100 j
#2300
b1001110010011 N
b10100011010 j
#2301
b1001110010100 N
b110011011100 j
#2302
b1001110010011 N
b110111110110 j
#2303
b11111101100110 2
b1001110010100 N
b111101101100000 j
#2304
b101010110000 j
#2305
b1001110010011 N
b111110010100 j
#2306
b1001110010100 N
b111100000011000 j
#2307
b11111101101100 2
b100111110111110 j
#2308
b1001110010011 N
b111000100110 j
#2309
b1001110010100 N
b101001111011110 j
#2310
b111010100100 j
#2311
b110110 2
b1001110010011 N
b100111100 j
#2312
b11111010011 $
b1001110010100 N
b110000001101100 j
#2313
b101011000111 @
b101100000101000 j
#2314
b101000001010 @
b1001110010011 N
b1001010010111 \
b100111110000 j
#2315
b111000 2
b100101111100 @
b1001110010100 N
b1000111011010 \
b101100101010100 j
#2316
b100100010001 @
b1000101001100 \
b101101101110010 j
#2317
b100011000001 @
b1001101011011 N
b1000011100001 \
b110111010 j
#2318
b100010000101 @
b1001011000010 N
b1000010010001 \
b11111100100 j
#2319
b101110 2
b100001011000 @
b1001000010111 N
b1000001010101 \
b101000110011010 j
#2320
b11111010010 $
b100000110110 @
b1000101111111 N
b1000000101000 \
b101001010011010 j
#2321
b100000011101 @
b1000011110000 N
b1000000000110 \
b101011001011000 j
#2322
b100000001010 @
b1000010001111 N
b111111101101 \
b101000101011010 j
#2323
b110100 2
b11111111100 @
b1000001001101 N
b111111011010 \
b100011010001010 j
#2324
b11111010011 $
b11111110001 @
b1000000010110 N
b111111001100 \
b110100010010010 j
#2325
b11111101001 @
b111111111010 N
b111111000001 \
b11001110111010 j
#2326
b11111100011 @
b111111100101 N
b111110111001 \
b11111011101100 j
#2327
b11111011111 @
b111111010001 N
b111110110011 \
b110111011011000 j
#2328
b11111011100 @
b111111001001 N
b111110101111 \
b11101011011010 j
#2329
b11111011001 @
b111110111111 N
b111110101100 \
b110000101001100 j
#2330
b11111010111 @
b111110110110 N
b111110101001 \
b11110001100010 j
#2331
b110000 2
b11111010110 @
b111110110011 N
b111110100111 \
b11001100101110 j
#2332
b11111010101 @
b111110101110 N
b111110100110 \
b110100101000100 j
#2333
b11111010100 @
b111110101010 N
b111110100101 \
b11001001101010 j
#2334
b11111010011 @
b111110101001 N
b111110100100 \
b11001110110010 j
#2335
b110110 2
b111110100110 N
b111110100011 \
b11100001111100 j
#2336
b111110100101 N
b110011111011110 j
#2337
b110101100000100 j
#2338
b111110100011 N
b11000011110010 j
#2339
b110010 2
b110100100001010 j
#2340
b110001001001110 j
#2341
b111110100010 N
b11101110000000 j
#2342
b111110100011 N
b110101001101000 j
#2343
b111010 2
b100010100001100 j
#2344
b111110100010 N
b11111100011110 j
#2345
b111110100011 N
b110100100000100 j
#2346
b110111111000010 j
#2347
b110000 2
b111110100010 N
b110110010011010 j
#2348
b111110100011 N
b11000101000100 j
#2349
b110110111100100 j
#2350
b111110100010 N
b11011111111000 j
#2351
b11111101101000 2
b111110100011 N
b110011110011100 j
#2352
b101111000110 $
b110101110001110 j
#2353
b100011001111 @
b111110100010 N
b11000110001000 j
#2354
b100110001100 @
b111110100011 N
b1000010011111 \
b11010011000100 j
#2355
b101000011010 @
b1000101011100 \
b110100010011010 j
#2356
b101010000101 @
b111110100010 N
b1000111101010 \
b110100011111110 j
#2357
b101011010101 @
b111111011010 N
b1001001010101 \
b11000101110010 j
#2358
b101100010001 @
b1000001110011 N
b1001010100101 \
b11111111111110 j
#2359
b11111101101010 2
b101100111110 @
b1000100011110 N
b1001011100001 \
b11001100000000 j
#2360
b101101100000 @
b1000110110101 N
b1001100001110 \
b110101001101000 j
#2361
b101101111001 @
b1001001000100 N
b1001100110000 \
b101001010110100 j
#2362
b101110001100 @
b1001010100110 N
b1001101001001 \
b110010101101110 j
#2363
b11111101101000 2
b101110011010 @
b1001011101000 N
b1001101011100 \
b110010111000000 j
#2364
b101110100101 @
b1001100011110 N
b1001101101010 \
b111010011110 j
#2365
b101110101101 @
b1001100111011 N
b1001101110101 \
b1101010110 j
#2366
b101110110011 @
b1001101010000 N
b1001101111101 \
b101010010101000 j
#2367
b11111101101010 2
b101110110111 @
b1001101100011 N
b1001110000011 \
b101001011000110 j
#2368
b101110111010 @
b1001101101100 N
b1001110000111 \
b101000100110 j
#2369
b101110111101 @
b1001101110110 N
b1001110001010 \
b1110110010 j
#2370
b101110111111 @
b1001101111111 N
b1001110001101 \
b101001100100110 j
#2371
b110010 2
b101111000000 @
b1001110000010 N
b1001110001111 \
b101101110101000 j
#2372
b11111010011 $
b101111000001 @
b1001110000111 N
b1001110010000 \
b101010101100110 j
#2373
b101011000101 @
b1001110001011 N
b1001110010001 \
b101001110100110 j
#2374
b101000001000 @
b1001110001100 N
b1001010010101 \
b10101011000 j
#2375
b110000 2
b100101111010 @
b1001110001111 N
b1000111011000 \
b100110010100 j
#2376
b100100010000 @
b1001110010000 N
b1000101001010 \
b101001011001100 j
#2377
b100011000000 @
b1001101011000 N
b1000011100000 \
b101010011010100 j
#2378
b100010000100 @
b1001011000000 N
b1000010010000 \
b111111001010000 j
#2379
b110010 2
b100001010111 @
b1001000010101 N
b1000001010100 \
b101011010110000 j
#2380
b100000110110 @
b1000101111110 N
b1000000100111 \
b100001011010 j
#2381
b100000011101 @
b1000011101111 N
b1000000000110 \
b11001010100 j
#2382
b100000001010 @
b1000010001110 N
b111111101101 \
b100011110100 j
#2383
b101110 2
b11111111100 @
b1000001001100 N
b111111011010 \
b11000101100010 j
#2384
b11111010010 $
b11111110001 @
b1000000010110 N
b111111001100 \
b11010111111010 j
#2385
b11111101001 @
b111111111010 N
b111111000001 \
b110110110011010 j
#2386
b11111100011 @
b111111100101 N
b111110111001 \
b110111010001000 j
#2387
b111010 2
b11111011110 @
b111111010001 N
b111110110011 \
b11011110010000 j
#2388
b11111010011 $
b11111011011 @
b111111001001 N
b111110101110 \
b11011101011110 j
#2389
b11111011001 @
b111110111111 N
b111110101011 \
b100011111000000 j
#2390
b11111010111 @
b111110110110 N
b111110101001 \
b110110110011110 j
#2391
b110000 2
b11111010110 @
b111110110011 N
b111110100111 \
b110101001110010 j
#2392
b11111010101 @
b111110101101 N
b111110100110 \
b110101110000100 j
#2393
b11111010100 @
b111110101001 N
b111110100101 \
b11000011101010 j
#2394
b11111010011 @
b111110100100 \
b110000010000000 j
#2395
b110100 2
b111110100110 N
b111110100011 \
b11101110110000 j
#2396
b111110100101 N
b100000001101010 j
#2397
b110110101001010 j
#2398
b111110100011 N
b110110110010100 j
#2399
b110010 2
b110100110011100 j
#2400
b11010011101110 j
#2401
b111110100010 N
b11011010111100 j
#2402
b111110100011 N
b11010000111000 j
#2403
b110000 2
b110110011101110 j
#2404
b111110100010 N
b100100010010000 j
#2405
b111110100011 N
b100100010100110 j
#2406
b110100111010110 j
#2407
b101100 2
b111110100010 N
b110111110100000 j
#2408
b11111010010 $
b111110100011 N
b110100011010010 j
#2409
b11111010010 @
b111000000000100 j
#2410
b111110100010 N
b111110100010 \
b11110011100110 j
#2411
b11111101101000 2
b111110100011 N
b11101100001110 j
#2412
b101111000110 $
b11100011010110 j
#2413
b100011001111 @
b111110100010 N
b110010101100100 j
#2414
b100110001100 @
b1000010011111 \
b11000110111110 j
#2415
b11111101100010 2
b101000011010 @
b1000101011100 \
b110100111010000 j
#2416
b101010000101 @
b111110100001 N
b1000111101010 \
b110111001101010 j
#2417
b101011010101 @
b111111011001 N
b1001001010101 \
b11111010001110 j
#2418
b101100010001 @
b1000001110011 N
b1001010100101 \
b110110111110100 j
#2419
b11111101101010 2
b101100111110 @
b1000100011101 N
b1001011100001 \
b100000101010100 j
#2420
b101101100000 @
b1000110110101 N
b1001100001110 \
b110011111111000 j
#2421
b101101111001 @
b1001001000101 N
b1001100110000 \
b110000101001100 j
#2422
b101110001100 @
b1001010100101 N
b1001101001001 \
b11100011110000 j
#2423
b101110011010 @
b1001011101000 N
b1001101011100 \
b101101010100 j
#2424
b101110100101 @
b1001100011111 N
b1001101101010 \
b100001001010 j
#2425
b101110101101 @
b1001100111010 N
b1001101110101 \
b1101010000 j
#2426
b101110110011 @
b1001101010000 N
b1001101111101 \
b110110011001100 j
#2427
b101110110111 @
b1001101100100 N
b1001110000011 \
b101010001011100 j
#2428
b101110111010 @
b1001101101011 N
b1001110000111 \
b101000001100000 j
#2429
b101110111101 @
b1001101110110 N
b1001110001010 \
b111101010001110 j
#2430
b101110111111 @
b1001101111111 N
b1001110001101 \
b111011101101100 j
#2431
b101110 2
b101111000000 @
b1001110000001 N
b1001110001111 \
b101011000100100 j
#2432
b11111010010 $
b101111000001 @
b1001110001000 N
b1001110010000 \
b101110001111100 j
#2433
b101011000101 @
b1001110001011 N
b1001110010001 \
b100000000010 j
#2434
b101000001000 @
b1001010010101 \
b111110001100 j
#2435
b111010 2
b100101111010 @
b1001110010000 N
b1000111011000 \
b101011001110 j
#2436
b11111010011 $
b100100010000 @
b1000101001010 \
b111100010010 j
#2437
b100011000000 @
b1001101011000 N
b1000011100000 \
b101001000011100 j
#2438
b100010000100 @
b1001011000001 N
b1000010010000 \
b101100011001010 j
#2439
b110000 2
b100001010111 @
b1001000010101 N
b1000001010100 \
b111111110101000 j
#2440
b100000110110 @
b1000101111110 N
b1000000100111 \
b100010110010 j
#2441
b100000011101 @
b1000011110000 N
b1000000000110 \
b10001100010 j
#2442
b100000001010 @
b1000010001110 N
b111111101101 \
b110000001000 j
#2443
b111000 2
b11111111100 @
b1000001001100 N
b111111011010 \
b110110011000100 j
#2444
b11111110001 @
b1000000010110 N
b111111001100 \
b110110100110000 j
#2445
b11111101001 @
b111111111010 N
b111111000001 \
b110111011011000 j
#2446
b11111100011 @
b111111100101 N
b111110111001 \
b110000010101100 j
#2447
b110100 2
b11111011111 @
b111111010001 N
b111110110011 \
b11101011110000 j
#2448
b11111011100 @
b111111001001 N
b111110101111 \
b11010111110000 j
#2449
b11111011001 @
b111110111111 N
b111110101100 \
b110100101111000 j
#2450
b11111010111 @
b111110110110 N
b111110101001 \
b110100111110000 j
#2451
b101110 2
b11111010110 @
b111110110011 N
b111110100111 \
b110011011111010 j
#2452
b11111010010 $
b11111010101 @
b111110101110 N
b111110100110 \
b11011111110100 j
#2453
b11111010100 @
b111110101010 N
b111110100101 \
b11100001101000 j
#2454
b11111010011 @
b111110101001 N
b111110100100 \
b110101101111110 j
#2455
b110010 2
b11111010010 @
b111110100110 N
b111110100011 \
b11000110111000 j
#2456
b11111010011 $
b111110100101 N
b111110100010 \
b110111110010010 j
#2457
b11011010011010 j
#2458
b111110100011 N
b11010001011110 j
#2459
b101110 2
b111110100010 N
b11011101101100 j
#2460
b11111010010 $
b11000011001000 j
#2461
b111110100001 N
b11011101011000 j
#2462
b110111000100000 j
#2463
b111000 2
b111110100010 N
b11110010111100 j
#2464
b11111010011 $
b111110100001 N
b11011111011010 j
#2465
b110010100010000 j
#2466
b111110100010 N
b11110010000110 j
#2467
b110100 2
b111110100001 N
b11001100011110 j
#2468
b110100000101010 j
#2469
b111110100010 N
b110101111110110 j
#2470
b111110100001 N
b11100110111110 j
#2471
b111000 2
b101111100100000 j
#2472
b111110100010 N
b101111110001010 j
#2473
b111110100001 N
b110011110001100 j
#2474
b100010010111000 j
#2475
b110010 2
b111110100010 N
b11110111110110 j
#2476
b111110100001 N
b110001011111110 j
#2477
b110111111010100 j
#2478
b111110100010 N
b111000000000000 j
#2479
b110110 2
b111110100001 N
b11100011011010 j
#2480
b11010110001100 j
#2481
b111110100010 N
b11001011101000 j
#2482
b111110100001 N
b11011010101100 j
#2483
b110000 2
b110110011111000 j
#2484
b111110100010 N
b110100111110000 j
#2485
b111110100001 N
b101110010000100 j
#2486
b11111100000100 j
#2487
b101100 2
b111110100010 N
b110110100110110 j
#2488
b11111010010 $
b111110100001 N
b11010001111110 j
#2489
b11010111101000 j
#2490
b111110100010 N
b101111011111110 j
#2491
b11111101101000 2
b111110100001 N
b110100001001100 j
#2492
b101111000110 $
b110101011110000 j
#2493
b100011001111 @
b111110100010 N
b110111100001110 j
#2494
b100110001100 @
b111110100001 N
b1000010011111 \
b11011110101010 j
#2495
b11111101100010 2
b101000011010 @
b1000101011100 \
b101101100000110 j
#2496
b101010000101 @
b111110100010 N
b1000111101010 \
b11110010100000 j
#2497
b101011010101 @
b111111011001 N
b1001001010101 \
b11001110000100 j
#2498
b101100010001 @
b1000001110011 N
b1001010100101 \
b110011010011110 j
#2499
b11111101101000 2
b101100111110 @
b1000100011110 N
b1001011100001 \
b110100011110010 j
#2500
b101101100000 @
b1000110110101 N
b1001100001110 \
b11010010110010 j
#2501
b101101111001 @
b1001001000101 N
b1001100110000 \
b110101111000010 j
#2502
b101110001100 @
b1001010100110 N
b1001101001001 \
b101111001111000 j
#2503
b11111101100100 2
b101110011010 @
b1001011101000 N
b1001101011100 \
b101100111000 j
#2504
b101110100101 @
b1001100011111 N
b1001101101010 \
b101100110110000 j
#2505
b101110101101 @
b1001100111011 N
b1001101110101 \
b100110101000 j
#2506
b101110110011 @
b1001101010000 N
b1001101111101 \
b110111111000000 j
#2507
b11111101100010 2
b101110110111 @
b1001101100100 N
b1001110000011 \
b101100100000 j
#2508
b101110111010 @
b1001101101100 N
b1001110000111 \
b100001101110 j
#2509
b101110111101 @
b1001101110110 N
b1001110001010 \
b100011000100 j
#2510
b101110111111 @
b1001101111111 N
b1001110001101 \
b101011111011000 j
#2511
b110110 2
b101111000000 @
b1001110000010 N
b1001110001111 \
b101011011011110 j
#2512
b11111010011 $
b101111000001 @
b1001110000111 N
b1001110010000 \
b110110011010 j
#2513
b101011000101 @
b1001110001011 N
b1001110010001 \
b101100110111100 j
#2514
b101000001000 @
b1001110001100 N
b1001010010101 \
b101010101111110 j
#2515
b101110 2
b100101111010 @
b1001110001111 N
b1000111011000 \
b101010100010010 j
#2516
b11111010010 $
b100100010000 @
b1001110010000 N
b1000101001010 \
b101110101111100 j
#2517
b100011000000 @
b1001101011000 N
b1000011100000 \
b110011101010 j
#2518
b100010000100 @
b1001011000000 N
b1000010010000 \
b110011010100 j
#2519
b110000 2
b100001010111 @
b1001000010101 N
b1000001010100 \
b10100110010 j
#2520
b11111010011 $
b100000110101 @
b1000101111110 N
b1000000100111 \
b101011011001010 j
#2521
b100000011100 @
b1000011101111 N
b1000000000101 \
b110001000100100 j
#2522
b100000001001 @
b1000010001110 N
b111111101100 \
b101000111110010 j
#2523
b111010 2
b11111111011 @
b1000001001100 N
b111111011001 \
b100000111110010 j
#2524
b11111110001 @
b1000000010101 N
b111111001011 \
b11100111011100 j
#2525
b11111101001 @
b111111111001 N
b111111000001 \
b110110110111000 j
#2526
b11111100011 @
b111111100100 N
b111110111001 \
b110100001000110 j
#2527
b110010 2
b11111011111 @
b111111010000 N
b111110110011 \
b110111011110110 j
#2528
b11111011100 @
b111111001000 N
b111110101111 \
b110110110101010 j
#2529
b11111011001 @
b111110111111 N
b111110101100 \
b11010101100000 j
#2530
b11111010111 @
b111110110110 N
b111110101001 \
b110111011010000 j
#2531
b110100 2
b11111010110 @
b111110110011 N
b111110100111 \
b11100111001010 j
#2532
b11111010101 @
b111110101110 N
b111110100110 \
b110110101011000 j
#2533
b11111010100 @
b111110101010 N
b111110100101 \
b110011001100110 j
#2534
b11111010011 @
b111110101001 N
b111110100100 \
b101111011110110 j
#2535
b110000 2
b111110100110 N
b111110100011 \
b11010101110010 j
#2536
b111110100101 N
b100011101000100 j
#2537
b110010101110110 j
#2538
b111110100011 N
b11010110010010 j
#2539
b111010 2
b110110011000100 j
#2540
b100100000100000 j
#2541
b111110100010 N
b11101001101100 j
#2542
b111110100011 N
b11000011011000 j
#2543
b110110 2
b101111110001110 j
#2544
b111110100010 N
b110110111110010 j
#2545
b111110100011 N
b11001010011000 j
#2546
b11010011000110 j
#2547
b110000 2
b111110100010 N
b111000000101010 j
#2548
b111110100011 N
b100000000000000 j
#2549
b110001110110100 j
#2550
b111110100010 N
b11100010011000 j
#2551
b11111101100110 2
b111110100011 N
b110110101011010 j
#2552
b101111000110 $
b110111111110010 j
#2553
b100011001111 @
b111110100010 N
b11010100111000 j
#2554
b100110001100 @
b111110100011 N
b1000010011111 \
b11000100100010 j
#2555
b11111101101000 2
b101000011010 @
b1000101011100 \
b110011000001100 j
#2556
b101010000101 @
b111110100010 N
b1000111101010 \
b11001001101010 j
#2557
b101011010101 @
b111111011010 N
b1001001010101 \
b11101111011000 j
#2558
b101100010001 @
b1000001110011 N
b1001010100101 \
b110101001110110 j
#2559
b11111101100110 2
b101100111110 @
b1000100011110 N
b1001011100001 \
b110011101011110 j
#2560
b101101100000 @
b1000110110101 N
b1001100001110 \
b110010111000100 j
#2561
b101101111001 @
b1001001000100 N
b1001100110000 \
b111000001000110 j
#2562
b101110001100 @
b1001010100110 N
b1001101001001 \
b110101001101110 j
#2563
b11111101100010 2
b101110011010 @
b1001011101000 N
b1001101011100 \
b110000001011000 j
#2564
b101110100101 @
b1001100011110 N
b1001101101010 \
b101100101011000 j
#2565
b101110101101 @
b1001100111011 N
b1001101110101 \
b101110010000110 j
#2566
b101110110011 @
b1001101010000 N
b1001101111101 \
b111111011011000 j
#2567
b11111101101000 2
b101110110111 @
b1001101100011 N
b1001110000011 \
b101111001010110 j
#2568
b101110111010 @
b1001101101100 N
b1001110000111 \
b101001011010100 j
#2569
b101110111101 @
b1001101110110 N
b1001110001010 \
b1101100110 j
#2570
b101110111111 @
b1001101111111 N
b1001110001101 \
b101100011110000 j
#2571
b110100 2
b101111000000 @
b1001110000010 N
b1001110001111 \
b1101111110 j
#2572
b11111010011 $
b101111000001 @
b1001110000111 N
b1001110010000 \
b11111111100 j
#2573
b101011000101 @
b1001110001011 N
b1001110010001 \
b101101100000 j
#2574
b101000001000 @
b1001110001100 N
b1001010010101 \
b111110110110010 j
#2575
b110010 2
b100101111010 @
b1001110001111 N
b1000111011000 \
b110110110000 j
#2576
b100100010000 @
b1001110010000 N
b1000101001010 \
b101011100010110 j
#2577
b100011000000 @
b1001101011000 N
b1000011100000 \
b100111000100 j
#2578
b100010000100 @
b1001011000000 N
b1000010010000 \
b110011010100 j
#2579
b100001010111 @
b1001000010101 N
b1000001010100 \
b100010010100 j
#2580
b100000110110 @
b1000101111110 N
b1000000100111 \
b110000110000010 j
#2581
b100000011101 @
b1000011101111 N
b1000000000110 \
b101010010000100 j
#2582
b100000001010 @
b1000010001110 N
b111111101101 \
b101011011110100 j
#2583
b111010 2
b11111111100 @
b1000001001100 N
b111111011010 \
b11011001000010 j
#2584
b11111110001 @
b1000000010110 N
b111111001100 \
b110111000010110 j
#2585
b11111101001 @
b111111111010 N
b111111000001 \
b110011111110110 j
#2586
b11111100011 @
b111111100101 N
b111110111001 \
b100100100101100 j
#2587
b110010 2
b11111011111 @
b111111010001 N
b111110110011 \
b110111000101000 j
#2588
b11111011100 @
b111111001001 N
b111110101111 \
b110101100000110 j
#2589
b11111011001 @
b111110111111 N
b111110101100 \
b11001011100110 j
#2590
b11111010111 @
b111110110110 N
b111110101001 \
b101110111101100 j
#2591
b11111101101110 2
b11111010110 @
b111110110011 N
b111110100111 \
b11001011011100 j
#2592
b101111000110 $
b11111010101 @
b111110101110 N
b111110100110 \
b110101010000110 j
#2593
b100011010001 @
b111110101010 N
b111110100101 \
b110010010001010 j
#2594
b100110001110 @
b111110101001 N
b1000010100001 \
b110000100011100 j
#2595
b11111101101010 2
b101000011100 @
b111110100110 N
b1000101011110 \
b11000010110110 j
#2596
b101010000110 @
b111110100101 N
b1000111101100 \
b11011011011110 j
#2597
b101011010110 @
b111111011101 N
b1001001010110 \
b111000000100010 j
#2598
b101100010010 @
b1000001110101 N
b1001010100110 \
b11010010110100 j
#2599
b11111101100110 2
b101100111111 @
b1000100100000 N
b1001011100010 \
b11010111110100 j
#2600
b101101100000 @
b1000110110111 N
b1001100001111 \
b100010101001100 j
#2601
b101101111001 @
b1001001000101 N
b1001100110000 \
b110111111011100 j
#2602
b101110001100 @
b1001010100111 N
b1001101001001 \
b11001100101000 j
#2603
b11111101101000 2
b101110011010 @
b1001011101001 N
b1001101011100 \
b100111111011000 j
#2604
b101110100101 @
b1001100011111 N
b1001101101010 \
b101100100100 j
#2605
b101110101101 @
b1001100111011 N
b1001101110101 \
b110101101100100 j
#2606
b101110110011 @
b1001101010000 N
b1001101111101 \
b111100100110000 j
#2607
b11111101100110 2
b101110110111 @
b1001101100011 N
b1001110000011 \
b101011101101000 j
#2608
b101110111010 @
b1001101101100 N
b1001110000111 \
b111111000000010 j
#2609
b101110111101 @
b1001101110110 N
b1001110001010 \
b101000011100 j
#2610
b101110111111 @
b1001101111111 N
b1001110001101 \
b101010101010000 j
#2611
b110100 2
b101111000000 @
b1001110000010 N
b1001110001111 \
b101011110011100 j
#2612
b11111010011 $
b101111000001 @
b1001110000111 N
b1001110010000 \
b101100010011110 j
#2613
b101011000101 @
b1001110001011 N
b1001110010001 \
b11110000 j
#2614
b101000001000 @
b1001110001100 N
b1001010010101 \
b111001101001110 j
#2615
b111000 2
b100101111010 @
b1001110001111 N
b1000111011000 \
b110101000010 j
#2616
b100100010000 @
b1001110010000 N
b1000101001010 \
b101010010010000 j
#2617
b100011000000 @
b1001101011000 N
b1000011100000 \
b11101011000 j
#2618
b100010000100 @
b1001011000000 N
b1000010010000 \
b100011000 j
#2619
b110010 2
b100001010111 @
b1001000010101 N
b1000001010100 \
b101101000110 j
#2620
b100000110110 @
b1000101111110 N
b1000000100111 \
b100110011100 j
#2621
b100000011101 @
b1000011101111 N
b1000000000110 \
b11000010010 j
#2622
b100000001010 @
b1000010001110 N
b111111101101 \
b11100110100 j
#2623
b11111111100 @
b1000001001100 N
b111111011010 \
b11110001101010 j
#2624
b11111110001 @
b1000000010110 N
b111111001100 \
b110010101100110 j
#2625
b11111101001 @
b111111111010 N
b111111000001 \
b11110001100000 j
#2626
b11111100011 @
b111111100101 N
b111110111001 \
b11011000011000 j
#2627
b111100 2
b11111011111 @
b111111010001 N
b111110110011 \
b110100011000000 j
#2628
b11111011100 @
b111111001001 N
b111110101111 \
b110001110100000 j
#2629
b11111011001 @
b111110111111 N
b111110101100 \
b11001101001110 j
#2630
b11111010111 @
b111110110110 N
b111110101001 \
b110010101110100 j
#2631
b11111101101110 2
b11111010110 @
b111110110011 N
b111110100111 \
b110111000111100 j
#2632
b101111000110 $
b11111010101 @
b111110101110 N
b111110100110 \
b110100100000000 j
#2633
b100011010001 @
b111110101010 N
b111110100101 \
b11010001100110 j
#2634
b100110001110 @
b111110101001 N
b1000010100001 \
b11101011111010 j
#2635
b11111101100100 2
b101000011100 @
b111110100110 N
b1000101011110 \
b101101011011100 j
#2636
b101010000110 @
b111110100101 N
b1000111101100 \
b110010001111010 j
#2637
b101011010110 @
b111111011101 N
b1001001010110 \
b110111001011010 j
#2638
b101100010010 @
b1000001110101 N
b1001010100110 \
b110110011011010 j
#2639
b11111101110000 2
b101100111111 @
b1000100100000 N
b1001011100010 \
b100000001101110 j
#2640
b101111000111 $
b101101100000 @
b1000110110111 N
b1001100001111 \
b11101111100100 j
#2641
b101101111001 @
b1001001000101 N
b1001100110000 \
b11101011001010 j
#2642
b101110001100 @
b1001010100111 N
b1001101001001 \
b11001010011010 j
#2643
b11111101101000 2
b101110011010 @
b1001011101001 N
b1001101011100 \
b11101111100 j
#2644
b101111000110 $
b101110100101 @
b1001100011111 N
b1001101101010 \
b111110011111010 j
#2645
b101110101101 @
b1001100111011 N
b1001101110101 \
b101001001000110 j
#2646
b101110110011 @
b1001101010000 N
b1001101111101 \
b101010101011100 j
#2647
b101110110111 @
b1001101100011 N
b1001110000011 \
b101000111101000 j
#2648
b101110111010 @
b1001101101100 N
b1001110000111 \
b101001111100010 j
#2649
b101110111101 @
b1001101110110 N
b1001110001010 \
b101010111010010 j
#2650
b101110111111 @
b1001101111111 N
b1001110001101 \
b101010101011100 j
#2651
b110100 2
b101111000000 @
b1001110000010 N
b1001110001111 \
b10110100 j
#2652
b11111010011 $
b101111000001 @
b1001110000111 N
b1001110010000 \
b101100111110 j
#2653
b101011000101 @
b1001110001011 N
b1001110010001 \
b101111001000 j
#2654
b101000001000 @
b1001110001100 N
b1001010010101 \
b10011111110 j
#2655
b111010 2
b100101111010 @
b1001110001111 N
b1000111011000 \
b101010101000100 j
#2656
b100100010000 @
b1001110010000 N
b1000101001010 \
b100110000000 j
#2657
b100011000000 @
b1001101011000 N
b1000011100000 \
b101100101000000 j
#2658
b100010000100 @
b1001011000000 N
b1000010010000 \
b101011000111010 j
#2659
b110000 2
b100001010111 @
b1001000010101 N
b1000001010100 \
b100000110100 j
#2660
b100000110110 @
b1000101111110 N
b1000000100111 \
b111110010111000 j
#2661
b100000011101 @
b1000011101111 N
b1000000000110 \
b1010010110 j
#2662
b100000001010 @
b1000010001110 N
b111111101101 \
b101011000100 j
#2663
b110010 2
b11111111100 @
b1000001001100 N
b111111011010 \
b110011001001110 j
#2664
b11111110001 @
b1000000010110 N
b111111001100 \
b11011110010000 j
#2665
b11111101001 @
b111111111010 N
b111111000001 \
b110011110110000 j
#2666
b11111100011 @
b111111100101 N
b111110111001 \
b11010010111010 j
#2667
b110100 2
b11111011111 @
b111111010001 N
b111110110011 \
b110111111000000 j
#2668
b11111011100 @
b111111001001 N
b111110101111 \
b11000010111000 j
#2669
b11111011001 @
b111110111111 N
b111110101100 \
b110010101010000 j
#2670
b11111010111 @
b111110110110 N
b111110101001 \
b11001111010100 j
#2671
b11111101100110 2
b11111010110 @
b111110110011 N
b111110100111 \
b11011100100000 j
#2672
b101111000110 $
b11111010101 @
b111110101110 N
b111110100110 \
b110011110000110 j
#2673
b100011010001 @
b111110101010 N
b111110100101 \
b11000011010100 j
#2674
b100110001110 @
b111110101001 N
b1000010100001 \
b11100111000000 j
#2675
b101000011100 @
b111110100110 N
b1000101011110 \
b110101100110110 j
#2676
b101010000110 @
b111110100101 N
b1000111101100 \
b110110111111110 j
#2677
b101011010110 @
b111111011101 N
b1001001010110 \
b101111100011010 j
#2678
b101100010010 @
b1000001110101 N
b1001010100110 \
b11101110100110 j
#2679
b11111101101010 2
b101100111111 @
b1000100100000 N
b1001011100010 \
b101110011101010 j
#2680
b101101100000 @
b1000110110111 N
b1001100001111 \
b100000111110110 j
#2681
b101101111001 @
b1001001000101 N
b1001100110000 \
b110011101001010 j
#2682
b101110001100 @
b1001010100111 N
b1001101001001 \
b11001000100110 j
#2683
b11111101101100 2
b101110011010 @
b1001011101001 N
b1001101011100 \
b101001001010100 j
#2684
b101110100101 @
b1001100011111 N
b1001101101010 \
b111010100100 j
#2685
b101110101101 @
b1001100111011 N
b1001101110101 \
b100101011010 j
#2686
b101110110011 @
b1001101010000 N
b1001101111101 \
b100011101000 j
#2687
b11111101100110 2
b101110110111 @
b1001101100011 N
b1001110000011 \
b111100000 j
#2688
b101110111010 @
b1001101101100 N
b1001110000111 \
b1000101110 j
#2689
b101110111101 @
b1001101110110 N
b1001110001010 \
b101110001110100 j
#2690
b101110111111 @
b1001101111111 N
b1001110001101 \
b11101110000 j
#2691
b110010 2
b101111000000 @
b1001110000010 N
b1001110001111 \
b101010011010 j
#2692
b11111010011 $
b101111000001 @
b1001110000111 N
b1001110010000 \
b101101011000 j
#2693
b101011000101 @
b1001110001011 N
b1001110010001 \
b101000110100010 j
#2694
b101000001000 @
b1001110001100 N
b1001010010101 \
b100101000100 j
#2695
b110000 2
b100101111010 @
b1001110001111 N
b1000111011000 \
b110100010000 j
#2696
b100100010000 @
b1001110010000 N
b1000101001010 \
b101100001001000 j
#2697
b100011000000 @
b1001101011000 N
b1000011100000 \
b1100001100 j
#2698
b100010000100 @
b1001011000000 N
b1000010010000 \
b110010010011010 j
#2699
b110010 2
b100001010111 @
b1001000010101 N
b1000001010100 \
b11110100010 j
#2700
b100000110110 @
b1000101111110 N
b1000000100111 \
b101100100010000 j
#2701
b100000011101 @
b1000011101111 N
b1000000000110 \
b101010000011110 j
#2702
b100000001010 @
b1000010001110 N
b111111101101 \
b111001101100 j
#2703
b110110 2
b11111111100 @
b1000001001100 N
b111111011010 \
b110010010000000 j
#2704
b11111110001 @
b1000000010110 N
b111111001100 \
b100001010110010 j
#2705
b11111101001 @
b111111111010 N
b111111000001 \
b11011110101000 j
#2706
b11111100011 @
b111111100101 N
b111110111001 \
b100111101101100 j
#2707
b110000 2
b11111011111 @
b111111010001 N
b111110110011 \
b11010110100100 j
#2708
b11111011100 @
b111111001001 N
b111110101111 \
b11010011000110 j
#2709
b11111011001 @
b111110111111 N
b111110101100 \
b110011110101000 j
#2710
b11111010111 @
b111110110110 N
b111110101001 \
b11000010111000 j
#2711
b111100 2
b11111010110 @
b111110110011 N
b111110100111 \
b11001001100100 j
#2712
b11111010101 @
b111110101110 N
b111110100110 \
b110000011100000 j
#2713
b11111010100 @
b111110101010 N
b111110100101 \
b11011111100010 j
#2714
b11111010011 @
b111110101001 N
b111110100100 \
b11010110001110 j
#2715
b111000 2
b111110100110 N
b111110100011 \
b11011111101100 j
#2716
b111110100101 N
b110100110001010 j
#2717
b11000111000000 j
#2718
b111110100011 N
b110101010001110 j
#2719
b1000000 2
b11001001010100 j
#2720
b11111010100 $
b110111010001010 j
#2721
b111110100010 N
b110110101111010 j
#2722
b111110100011 N
b110111111000110 j
#2723
b110110 2
b110101100100100 j
#2724
b11111010011 $
b111110100010 N
b101110100010000 j
#2725
b111110100011 N
b11000101001000 j
#2726
b101101110000110 j
#2727
b110000 2
b111110100010 N
b110111111111000 j
#2728
b111110100011 N
b11000011100100 j
#2729
b110101001100110 j
#2730
b111110100010 N
b11011100001100 j
#2731
b110100 2
b111110100011 N
b110101111011010 j
#2732
b110010001010100 j
#2733
b111110100010 N
b110110111111110 j
#2734
b111110100011 N
b11101111010100 j
#2735
b111000 2
b11100100001110 j
#2736
b111110100010 N
b11010000101100 j
#2737
b111110100011 N
b11011010101010 j
#2738
b11010000101010 j
#2739
b111110100010 N
b101111111011100 j
#2740
b111110100011 N
b110010001110000 j
#2741
b11001001101000 j
#2742
b111110100010 N
b11001101001100 j
#2743
b110000 2
b111110100011 N
b110101000001100 j
#2744
b11010001101100 j
#2745
b111110100010 N
b110111110000010 j
#2746
b111110100011 N
b11011010011110 j
#2747
b110110 2
b110011011111110 j
#2748
b111110100010 N
b11101010111000 j
#2749
b111110100011 N
b110111100010100 j
#2750
b11100110111010 j
#2751
b101110 2
b111110100010 N
b100000010000000 j
#2752
b11111010010 $
b111110100011 N
b110111010111000 j
#2753
b11111010010 @
b11011011001010 j
#2754
b111110100010 N
b111110100010 \
b110111001011110 j
#2755
b110100 2
b111110100011 N
b110111000100110 j
#2756
b11111010011 $
b11001010111000 j
#2757
b111110100010 N
b11001010011100 j
#2758
b11001001011000 j
#2759
b100001000101110 j
#2760
b111110100001 N
b110100000100100 j
#2761
b111110100010 N
b110100010000100 j
#2762
b11100100000110 j
#2763
b110000 2
b111110100001 N
b110101111110100 j
#2764
b111110100010 N
b11101001010110 j
#2765
b110110101110110 j
#2766
b111110100001 N
b110101110111000 j
#2767
b110100 2
b111110100010 N
b101100001100100 j
#2768
b100010101100010 j
#2769
b111110100001 N
b11011110000100 j
#2770
b111110100010 N
b110011011101000 j
#2771
b110010 2
b11111100110110 j
#2772
b111110100001 N
b111000001011100 j
#2773
b111110100010 N
b11100001101000 j
#2774
b11001001110010 j
#2775
b101010 2
b111110100001 N
b11000101111110 j
#2776
b11111010010 $
b111110100010 N
b11010101110010 j
#2777
b11100100001100 j
#2778
b111110100001 N
b11000011011000 j
#2779
b110110 2
b111110100010 N
b11001110001000 j
#2780
b11111010011 $
b100010010001110 j
#2781
b111110100001 N
b11001000101000 j
#2782
b111110100010 N
b110011101111010 j
#2783
b11101001111000 j
#2784
b111110100001 N
b11101010011110 j
#2785
b111110100010 N
b110010010010000 j
#2786
b11010111110000 j
#2787
b111110100001 N
b11010001011000 j
#2788
b111110100010 N
b11010000001000 j
#2789
b11101111011110 j
#2790
b111110100001 N
b11001010000100 j
#2791
b111000 2
b111110100010 N
b11010111111110 j
#2792
b110010100011100 j
#2793
b111110100001 N
b110101101001110 j
#2794
b111110100010 N
b110011010100010 j
#2795
b110000 2
b11011000111100 j
#2796
b111110100001 N
b110000000011010 j
#2797
b111110100010 N
b110101011101000 j
#2798
b11010101111100 j
#2799
b111110100001 N
b110000110001110 j
#2800
b111110100010 N
b110000010010110 j
#2801
b110011110100010 j
#2802
b111110100001 N
b110110100111100 j
#2803
b111010 2
b111110100010 N
b11100000101000 j
#2804
b110100101011010 j
#2805
b111110100001 N
b11100100100010 j
#2806
b111110100010 N
b110110110000000 j
#2807
b110000 2
b110101010001100 j
#2808
b111110100001 N
b110001110011000 j
#2809
b111110100010 N
b11101000110100 j
#2810
b11100100000100 j
#2811
b111110100001 N
b11100010000010 j
#2812
b111110100010 N
b110100110100000 j
#2813
b101110010101110 j
#2814
b111110100001 N
b110110100111000 j
#2815
b111000 2
b111110100010 N
b11010001100110 j
#2816
b110000010101110 j
#2817
b111110100001 N
b100010111101000 j
#2818
b111110100010 N
b11111001001110 j
#2819
b110010 2
b11100111000100 j
#2820
b111110100001 N
b101101111011110 j
#2821
b111110100010 N
b11000011010010 j
#2822
b11100100000010 j
#2823
b111010 2
b111110100001 N
b100010001011000 j
#2824
b111110100010 N
b11110101100010 j
#2825
b11010011101100 j
#2826
b111110100001 N
b110100111010110 j
#2827
b111000 2
b111110100010 N
b110010101100110 j
#2828
b101110101010000 j
#2829
b111110100001 N
b11010010110110 j
#2830
b111110100010 N
b110111101100010 j
#2831
b11111101101010 2
b11100001001000 j
#2832
b101111000110 $
b111110100001 N
b110011011101110 j
#2833
b100011001111 @
b111110100010 N
b11110111011100 j
#2834
b100110001100 @
b1000010011111 \
b11110010000000 j
#2835
b11111101101100 2
b101000011010 @
b111110100001 N
b1000101011100 \
b11000010000100 j
#2836
b101010000101 @
b111110100010 N
b1000111101010 \
b110101101001010 j
#2837
b101011010101 @
b111111011001 N
b1001001010101 \
b110010001001000 j
#2838
b101100010001 @
b1000001110011 N
b1001010100101 \
b101110110001010 j
#2839
b11111101101000 2
b101100111110 @
b1000100011110 N
b1001011100001 \
b111000001001010 j
#2840
b101101100000 @
b1000110110101 N
b1001100001110 \
b101100010001100 j
#2841
b101101111001 @
b1001001000101 N
b1001100110000 \
b110100010011010 j
#2842
b101110001100 @
b1001010100110 N
b1001101001001 \
b11110110110100 j
#2843
b101110011010 @
b1001011101000 N
b1001101011100 \
b101101100101000 j
#2844
b101110100101 @
b1001100011111 N
b1001101101010 \
b101001011011100 j
#2845
b101110101101 @
b1001100111011 N
b1001101110101 \
b101000101011010 j
#2846
b101110110011 @
b1001101010000 N
b1001101111101 \
b110110100100 j
#2847
b11111101100110 2
b101110110111 @
b1001101100100 N
b1001110000011 \
b101100101001000 j
#2848
b101110111010 @
b1001101101100 N
b1001110000111 \
b111110011000 j
#2849
b101110111101 @
b1001101110110 N
b1001110001010 \
b101010100111100 j
#2850
b101110111111 @
b1001101111111 N
b1001110001101 \
b111010101000 j
#2851
b110010 2
b101111000000 @
b1001110000010 N
b1001110001111 \
b101011011101010 j
#2852
b11111010011 $
b101111000001 @
b1001110000111 N
b1001110010000 \
b11011010000 j
#2853
b101011000101 @
b1001110001011 N
b1001110010001 \
b111111101111010 j
#2854
b101000001000 @
b1001110001100 N
b1001010010101 \
b101110111100100 j
#2855
b110110 2
b100101111010 @
b1001110001111 N
b1000111011000 \
b101001011110010 j
#2856
b100100010000 @
b1001110010000 N
b1000101001010 \
b100111111110110 j
#2857
b100011000000 @
b1001101011000 N
b1000011100000 \
b101111011101010 j
#2858
b100010000100 @
b1001011000000 N
b1000010010000 \
b110110100010 j
#2859
b110100 2
b100001010111 @
b1001000010101 N
b1000001010100 \
b110111100000 j
#2860
b100000110110 @
b1000101111110 N
b1000000100111 \
b101010100101110 j
#2861
b100000011101 @
b1000011101111 N
b1000000000110 \
b101101011010000 j
#2862
b100000001010 @
b1000010001110 N
b111111101101 \
b101001010010 j
#2863
b111100 2
b11111111100 @
b1000001001100 N
b111111011010 \
b110101111111010 j
#2864
b11111110001 @
b1000000010110 N
b111111001100 \
b11000010000100 j
#2865
b11111101001 @
b111111111010 N
b111111000001 \
b110110100001010 j
#2866
b11111100011 @
b111111100101 N
b111110111001 \
b11011011101010 j
#2867
b110110 2
b11111011111 @
b111111010001 N
b111110110011 \
b110111001001100 j
#2868
b11111011100 @
b111111001001 N
b111110101111 \
b100001000100100 j
#2869
b11111011001 @
b111110111111 N
b111110101100 \
b11011000000010 j
#2870
b11111010111 @
b111110110110 N
b111110101001 \
b110010011100100 j
#2871
b11111010110 @
b111110110011 N
b111110100111 \
b100110010011110 j
#2872
b11111010101 @
b111110101110 N
b111110100110 \
b110101101000110 j
#2873
b11111010100 @
b111110101010 N
b111110100101 \
b110001001000000 j
#2874
b11111010011 @
b111110101001 N
b111110100100 \
b110110010011100 j
#2875
b111000 2
b111110100110 N
b111110100011 \
b110010000011110 j
#2876
b111110100101 N
b101111110101010 j
#2877
b110101011110100 j
#2878
b111110100011 N
b11001001110010 j
#2879
b110110 2
b11100100011100 j
#2880
b110110100101100 j
#2881
b111110100010 N
b11100101101010 j
#2882
b111110100011 N
b11101111101100 j
#2883
b111010 2
b110100111001000 j
#2884
b111110100010 N
b11011000110000 j
#2885
b111110100011 N
b110010011100110 j
#2886
b11001000000110 j
#2887
b101110 2
b111110100010 N
b110111101101110 j
#2888
b11111010010 $
b111110100011 N
b110100101010100 j
#2889
b11111010010 @
b11011001011010 j
#2890
b111110100010 N
b111110100010 \
b110011001011100 j
#2891
b110010 2
b111110100011 N
b100000011101010 j
#2892
b11111010011 $
b110011011011100 j
#2893
b111110100010 N
b11101011001000 j
#2894
b11001011010110 j
#2895
b111000 2
b110100100111010 j
#2896
b111110100001 N
b110111000001000 j
#2897
b111110100010 N
b110110010010000 j
#2898
b110101010110000 j
#2899
b111110 2
b111110100001 N
b110000111011010 j
#2900
b111110100010 N
b110011000110010 j
#2901
b110111010000000 j
#2902
b111110100001 N
b110000101111010 j
#2903
b110100 2
b111110100010 N
b11010100000010 j
#2904
b11001000010010 j
#2905
b111110100001 N
b100001011000000 j
#2906
b111110100010 N
b110111111001100 j
#2907
b110000 2
b11011000011000 j
#2908
b111110100001 N
b11100110111100 j
#2909
b111110100010 N
b110001110111000 j
#2910
b11110101001010 j
#2911
b11111101101000 2
b111110100001 N
b11110011010010 j
#2912
b101111000110 $
b111110100010 N
b11010100010110 j
#2913
b100011001111 @
b11000101010110 j
#2914
b100110001100 @
b111110100001 N
b1000010011111 \
b11110010101110 j
#2915
b11111101101110 2
b101000011010 @
b111110100010 N
b1000101011100 \
b11000110100010 j
#2916
b101010000101 @
b1000111101010 \
b101010001011110 j
#2917
b101011010101 @
b111111011001 N
b1001001010101 \
b110100111011100 j
#2918
b101100010001 @
b1000001110011 N
b1001010100101 \
b110000000110100 j
#2919
b11111101101000 2
b101100111110 @
b1000100011110 N
b1001011100001 \
b110111111110110 j
#2920
b101101100000 @
b1000110110101 N
b1001100001110 \
b11010001100000 j
#2921
b101101111001 @
b1001001000101 N
b1001100110000 \
b110111100110100 j
#2922
b101110001100 @
b1001010100110 N
b1001101001001 \
b11111111111110 j
#2923
b11111101100000 2
b101110011010 @
b1001011101000 N
b1001101011100 \
b1101010000 j
#2924
b101110100101 @
b1001100011111 N
b1001101101010 \
b101111010100 j
#2925
b101110101101 @
b1001100111011 N
b1001101110101 \
b110000011010000 j
#2926
b101110110011 @
b1001101010000 N
b1001101111101 \
b111111011000000 j
#2927
b11111101101000 2
b101110110111 @
b1001101100100 N
b1001110000011 \
b101110011111110 j
#2928
b101110111010 @
b1001101101100 N
b1001110000111 \
b110100110100100 j
#2929
b101110111101 @
b1001101110110 N
b1001110001010 \
b101010000001000 j
#2930
b101110111111 @
b1001101111111 N
b1001110001101 \
b101000110010110 j
#2931
b110000 2
b101111000000 @
b1001110000010 N
b1001110001111 \
b101011011010100 j
#2932
b11111010011 $
b101111000001 @
b1001110000111 N
b1001110010000 \
b110100101100 j
#2933
b101011000101 @
b1001110001011 N
b1001110010001 \
b110000110011010 j
#2934
b101000001000 @
b1001110001100 N
b1001010010101 \
b101000011010100 j
#2935
b110010 2
b100101111010 @
b1001110001111 N
b1000111011000 \
b11001111110 j
#2936
b100100010000 @
b1001110010000 N
b1000101001010 \
b111110001010000 j
#2937
b100011000000 @
b1001101011000 N
b1000011100000 \
b110110000000 j
#2938
b100010000100 @
b1001011000000 N
b1000010010000 \
b101001110000100 j
#2939
b110100 2
b100001010111 @
b1001000010101 N
b1000001010100 \
b111010100111000 j
#2940
b100000110110 @
b1000101111110 N
b1000000100111 \
b100110100000 j
#2941
b100000011101 @
b1000011101111 N
b1000000000110 \
b111001010101100 j
#2942
b100000001010 @
b1000010001110 N
b111111101101 \
b101000111010000 j
#2943
b111010 2
b11111111100 @
b1000001001100 N
b111111011010 \
b11100100111010 j
#2944
b11111110001 @
b1000000010110 N
b111111001100 \
b110110110101000 j
#2945
b11111101001 @
b111111111010 N
b111111000001 \
b110011000010010 j
#2946
b11111100011 @
b111111100101 N
b111110111001 \
b11001001100010 j
#2947
b111000 2
b11111011111 @
b111111010001 N
b111110110011 \
b101110111010110 j
#2948
b11111011100 @
b111111001001 N
b111110101111 \
b110111011101110 j
#2949
b11111011001 @
b111110111111 N
b111110101100 \
b11101110010100 j
#2950
b11111010111 @
b111110110110 N
b111110101001 \
b11001110000010 j
#2951
b11111101101000 2
b11111010110 @
b111110110011 N
b111110100111 \
b110111110011110 j
#2952
b101111000110 $
b11111010101 @
b111110101110 N
b111110100110 \
b111000000001110 j
#2953
b100011010001 @
b111110101010 N
b111110100101 \
b11010001011100 j
#2954
b100110001110 @
b111110101001 N
b1000010100001 \
b110011100010010 j
#2955
b11111101101100 2
b101000011100 @
b111110100110 N
b1000101011110 \
b110110000110100 j
#2956
b101010000110 @
b111110100101 N
b1000111101100 \
b11000101101110 j
#2957
b101011010110 @
b111111011101 N
b1001001010110 \
b11011011101110 j
#2958
b101100010010 @
b1000001110101 N
b1001010100110 \
b11100001000110 j
#2959
b11111101101010 2
b101100111111 @
b1000100100000 N
b1001011100010 \
b11001011010110 j
#2960
b101101100000 @
b1000110110111 N
b1001100001111 \
b110010111011010 j
#2961
b101101111001 @
b1001001000101 N
b1001100110000 \
b110010011101010 j
#2962
b101110001100 @
b1001010100111 N
b1001101001001 \
b110110101010010 j
#2963
b11111101101000 2
b101110011010 @
b1001011101001 N
b1001101011100 \
b101010111010010 j
#2964
b101110100101 @
b1001100011111 N
b1001101101010 \
b100000110 j
#2965
b101110101101 @
b1001100111011 N
b1001101110101 \
b111110100101010 j
#2966
b101110110011 @
b1001101010000 N
b1001101111101 \
b1100010010 j
#2967
b101110110111 @
b1001101100011 N
b1001110000011 \
b101001001000000 j
#2968
b101110111010 @
b1001101101100 N
b1001110000111 \
b110001011110000 j
#2969
b101110111101 @
b1001101110110 N
b1001110001010 \
b10100101100 j
#2970
b101110111111 @
b1001101111111 N
b1001110001101 \
b100100001100 j
#2971
b11111101101110 2
b101111000000 @
b1001110000010 N
b1001110001111 \
b111100100100 j
#2972
b101111000001 @
b1001110000111 N
b1001110010000 \
b101110100011000 j
#2973
b101111000010 @
b1001110001011 N
b1001110010001 \
b100101001110 j
#2974
b101111000011 @
b1001110001100 N
b1001110010010 \
b101111110001010 j
#2975
b11111101101010 2
b1001110001111 N
b1001110010011 \
b10001100010 j
#2976
b1001110010000 N
b110100111100 j
#2977
b111100110010 j
#2978
b1001110010010 N
b101101101101100 j
#2979
b11111101100110 2
b101010000100 j
#2980
b110111010010 j
#2981
b1001110010011 N
b101010110011010 j
#2982
b1001110010010 N
b10111111100 j
#2983
b11111101101010 2
b110101100100 j
#2984
b1001110010011 N
b101101100 j
#2985
b1001110010010 N
b101010100111100 j
#2986
b10110000000 j
#2987
b11111101100110 2
b1001110010011 N
b10110101010 j
#2988
b1001110010010 N
b11100010 j
#2989
b11110110000 j
#2990
b1001110010011 N
b110001110011000 j
#2991
b101110 2
b1001110010010 N
b101110110010100 j
#2992
b11111010010 $
b101000000111000 j
#2993
b101011000110 @
b1001110010011 N
b101110101000110 j
#2994
b101000001001 @
b1001110010010 N
b1001010010110 \
b101000110100100 j
#2995
b110110 2
b100101111011 @
b1000111011001 \
b100110011010 j
#2996
b11111010011 $
b100100010000 @
b1001110010011 N
b1000101001011 \
b101011010101100 j
#2997
b100011000000 @
b1001101011010 N
b1000011100000 \
b101101111110110 j
#2998
b100010000100 @
b1001011000001 N
b1000010010000 \
b11100110100 j
#2999
b111100 2
b100001010111 @
b1001000010110 N
b1000001010100 \
b1010100110 j
#3000
b100000110110 @
b1000101111110 N
b1000000100111 \
b101010111100000 j
#3001
b100000011101 @
b1000011101111 N
b1000000000110 \
b101110010110000 j
#3002
b100000001010 @
b1000010001110 N
b111111101101 \
b111100110110 j
#3003
b110000 2
b11111111100 @
b1000001001100 N
b111111011010 \
b11101110110100 j
#3004
b11111110001 @
b1000000010110 N
b111111001100 \
b110100110101010 j
#3005
b11111101001 @
b111111111010 N
b111111000001 \
b110000000101010 j
#3006
b11111100011 @
b111111100101 N
b111110111001 \
b110101011100000 j
#3007
b11111011111 @
b111111010001 N
b111110110011 \
b11101101001000 j
#3008
b11111011100 @
b111111001001 N
b111110101111 \
b100111110000000 j
#3009
b11111011001 @
b111110111111 N
b111110101100 \
b11100100001000 j
#3010
b11111010111 @
b111110110110 N
b111110101001 \
b110100001101100 j
#3011
b110110 2
b11111010110 @
b111110110011 N
b111110100111 \
b11100010011100 j
#3012
b11111010101 @
b111110101110 N
b111110100110 \
b111000000100110 j
#3013
b11111010100 @
b111110101010 N
b111110100101 \
b11011000100100 j
#3014
b11111010011 @
b111110101001 N
b111110100100 \
b110011010101110 j
#3015
b111110100110 N
b111110100011 \
b11010111010100 j
#3016
b111110100101 N
b100010000110000 j
#3017
b11000100111000 j
#3018
b111110100011 N
b110110111010100 j
#3019
b110010 2
b11010110001100 j
#3020
b101001010010010 j
#3021
b111110100010 N
b110110010011110 j
#3022
b111110100011 N
b11110011011110 j
#3023
b111100 2
b110011000101100 j
#3024
b111110100010 N
b110100100001010 j
#3025
b111110100011 N
b11010111100110 j
#3026
b11000111101110 j
#3027
b110000 2
b111110100010 N
b11101100001010 j
#3028
b111110100011 N
b11101000011100 j
#3029
b101101111111000 j
#3030
b111110100010 N
b110101100111110 j
#3031
b11111101101010 2
b111110100011 N
b110111101111010 j
#3032
b101111000110 $
b11001101001000 j
#3033
b100011001111 @
b111110100010 N
b11101110000000 j
#3034
b100110001100 @
b111110100011 N
b1000010011111 \
b100000111000100 j
#3035
b11111101100110 2
b101000011010 @
b1000101011100 \
b110100010000010 j
#3036
b101010000101 @
b111110100010 N
b1000111101010 \
b110111011000010 j
#3037
b101011010101 @
b111111011010 N
b1001001010101 \
b110011101110100 j
#3038
b101100010001 @
b1000001110011 N
b1001010100101 \
b110110111001110 j
#3039
b11111101101000 2
b101100111110 @
b1000100011110 N
b1001011100001 \
b101111001111010 j
#3040
b101101100000 @
b1000110110101 N
b1001100001110 \
b110101001101000 j
#3041
b101101111001 @
b1001001000100 N
b1001100110000 \
b110101100110010 j
#3042
b101110001100 @
b1001010100110 N
b1001101001001 \
b11010000001010 j
#3043
b11111101101010 2
b101110011010 @
b1001011101000 N
b1001101011100 \
b101100100011100 j
#3044
b101110100101 @
b1001100011110 N
b1001101101010 \
b101010011000010 j
#3045
b101110101101 @
b1001100111011 N
b1001101110101 \
b101010000010 j
#3046
b101110110011 @
b1001101010000 N
b1001101111101 \
b101111001101010 j
#3047
b11111101100100 2
b101110110111 @
b1001101100011 N
b1001110000011 \
b101010011100010 j
#3048
b101110111010 @
b1001101101100 N
b1001110000111 \
b101101001110 j
#3049
b101110111101 @
b1001101110110 N
b1001110001010 \
b110010001011100 j
#3050
b101110111111 @
b1001101111111 N
b1001110001101 \
b11110110100 j
#3051
b11111101101110 2
b101111000000 @
b1001110000010 N
b1001110001111 \
b100000110010 j
#3052
b101111000001 @
b1001110000111 N
b1001110010000 \
b111111011100000 j
#3053
b101111000010 @
b1001110001011 N
b1001110010001 \
b110001000101100 j
#3054
b101111000011 @
b1001110001100 N
b1001110010010 \
b111111111001110 j
#3055
b11111101101010 2
b1001110001111 N
b1001110010011 \
b11100111010 j
#3056
b1001110010000 N
b111110101000110 j
#3057
b111110111000100 j
#3058
b1001110010010 N
b111110011101110 j
#3059
b11111101101100 2
b111001011100 j
#3060
b110000010010 j
#3061
b1001110010011 N
b101001101111010 j
#3062
b1001110010010 N
b110000101010 j
#3063
b11111101100010 2
b101011100001000 j
#3064
b1001110010011 N
b101000001000 j
#3065
b1001110010010 N
b101001011011010 j
#3066
b101010001100100 j
#3067
b11111101101110 2
b1001110010011 N
b100110110110 j
#3068
b1001110010010 N
b101000100001000 j
#3069
b111111010100000 j
#3070
b1001110010011 N
b101110100110010 j
#3071
b11111101100100 2
b1001110010010 N
b101000011000010 j
#3072
b101001011010 j
#3073
b1001110010011 N
b101101101001110 j
#3074
b1001110010010 N
b100011101010 j
#3075
b11111101101100 2
b100100000110 j
#3076
b1001110010011 N
b101111000010 j
#3077
b1001110010010 N
b101010110010100 j
#3078
b101011111000000 j
#3079
b11111101100100 2
b1001110010011 N
b101110010100 j
#3080
b1001110010010 N
b101010001100000 j
#3081
b100110 j
#3082
b1001110010011 N
b111010001000 j
#3083
b11111101110010 2
b1001110010010 N
b11011011100 j
#3084
b101111000111 $
b100001010100 j
#3085
b101111000100 @
b1001110010011 N
b101010011000000 j
#3086
b1001110010010 N
b1001110010100 \
b101010101111010 j
#3087
b11111101101000 2
b101001101100110 j
#3088
b101111000110 $
b1001110010011 N
b101100011010110 j
#3089
b1001110010010 N
b101101000110 j
#3090
b1001110010011 N
b101010000000010 j
#3091
b11111101101100 2
b1001110010100 N
b101101010111000 j
#3092
b1001110010011 N
b110110000000 j
#3093
b1001110010100 N
b101011001110110 j
#3094
b111111101101010 j
#3095
b11111101110000 2
b1001110010011 N
b10101001100 j
#3096
b101111000111 $
b1001110010100 N
b101001010100010 j
#3097
b110000001000010 j
#3098
b1001110010011 N
b110001111110 j
#3099
b11111101101100 2
b1001110010100 N
b101001011100010 j
#3100
b101111000110 $
b101010000100000 j
#3101
b1001110010011 N
b100110001000 j
#3102
b1001110010100 N
b110010101100100 j
#3103
b11111101101110 2
b1101001110 j
#3104
b1001110010011 N
b111101010011100 j
#3105
b1001110010100 N
b101011010100000 j
#3106
b110001110010 j
#3107
b11111101101010 2
b1001110010011 N
b101011000100100 j
#3108
b1001110010100 N
b11100010100 j
#3109
b101100000000110 j
#3110
b1001110010011 N
b110100111000 j
#3111
b1001110010100 N
b10111111100 j
#3112
b110001010110010 j
#3113
b1001110010011 N
b110110100100 j
#3114
b1001110010100 N
b101000010101110 j
#3115
b11111101101000 2
b110001010000010 j
#3116
b1001110010011 N
b110010010011100 j
#3117
b1001110010100 N
b101000010111100 j
#3118
b111000110000 j
#3119
b11111101101100 2
b1001110010011 N
b100001100010 j
#3120
b1001110010100 N
b111100110010000 j
#3121
b1011101000 j
#3122
b1001110010011 N
b100101000010 j
#3123
b11111101110000 2
b1001110010100 N
b101010001110000 j
#3124
b101111000111 $
b101110110001110 j
#3125
b1001110010011 N
b110001101010000 j
#3126
b1001110010100 N
b111101101001000 j
#3127
b11111101101010 2
b111001111100 j
#3128
b101111000110 $
b1001110010011 N
b10001100000 j
#3129
b1001110010100 N
b10001001000 j
#3130
b111101100100 j
#3131
b110100 2
b1001110010011 N
b101110111100 j
#3132
b11111010011 $
b1001110010100 N
b11110000000 j
#3133
b101011000111 @
b101101011010110 j
#3134
b101000001010 @
b1001110010011 N
b1001010010111 \
b101001011010110 j
#3135
b111100 2
b100101111100 @
b1001110010100 N
b1000111011010 \
b101010101100000 j
#3136
b100100010001 @
b1000101001100 \
b110011011011000 j
#3137
b100011000001 @
b1001101011011 N
b1000011100001 \
b110001001000 j
#3138
b100010000101 @
b1001011000010 N
b1000010010001 \
b101010111001100 j
#3139
b110110 2
b100001011000 @
b1001000010111 N
b1000001010101 \
b111010001110 j
#3140
b100000110110 @
b1000101111111 N
b1000000101000 \
b100111111111000 j
#3141
b100000011101 @
b1000011110000 N
b1000000000110 \
b11101100110 j
#3142
b100000001010 @
b1000010001111 N
b111111101101 \
b110001100000 j
#3143
b110010 2
b11111111100 @
b1000001001101 N
b111111011010 \
b110011101111100 j
#3144
b11111110001 @
b1000000010110 N
b111111001100 \
b11011101001110 j
#3145
b11111101001 @
b111111111010 N
b111111000001 \
b11001100101110 j
#3146
b11111100011 @
b111111100101 N
b111110111001 \
b11001101010000 j
#3147
b110000 2
b11111011111 @
b111111010001 N
b111110110011 \
b100011011100110 j
#3148
b11111011100 @
b111111001001 N
b111110101111 \
b101111010010100 j
#3149
b11111011001 @
b111110111111 N
b111110101100 \
b11010011110110 j
#3150
b11111010111 @
b111110110110 N
b111110101001 \
b110010011111000 j
#3151
b11111101101000 2
b11111010110 @
b111110110011 N
b111110100111 \
b11110000100100 j
#3152
b101111000110 $
b11111010101 @
b111110101110 N
b111110100110 \
b110110111110010 j
#3153
b100011010001 @
b111110101010 N
b111110100101 \
b11000111000010 j
#3154
b100110001110 @
b111110101001 N
b1000010100001 \
b110111010010100 j
#3155
b11111101101010 2
b101000011100 @
b111110100110 N
b1000101011110 \
b11010010111110 j
#3156
b101010000110 @
b111110100101 N
b1000111101100 \
b11011000111010 j
#3157
b101011010110 @
b111111011101 N
b1001001010110 \
b110111111011000 j
#3158
b101100010010 @
b1000001110101 N
b1001010100110 \
b110100011111100 j
#3159
b11111101101100 2
b101100111111 @
b1000100100000 N
b1001011100010 \
b110011011111100 j
#3160
b101101100000 @
b1000110110111 N
b1001100001111 \
b11100011100110 j
#3161
b101101111001 @
b1001001000101 N
b1001100110000 \
b11001111000010 j
#3162
b101110001100 @
b1001010100111 N
b1001101001001 \
b110101001100100 j
#3163
b101110011010 @
b1001011101001 N
b1001101011100 \
b11010011010 j
#3164
b101110100101 @
b1001100011111 N
b1001101101010 \
b101111111100100 j
#3165
b101110101101 @
b1001100111011 N
b1001101110101 \
b10111010100 j
#3166
b101110110011 @
b1001101010000 N
b1001101111101 \
b110111110110 j
#3167
b11111101101000 2
b101110110111 @
b1001101100011 N
b1001110000011 \
b101001001111000 j
#3168
b101110111010 @
b1001101101100 N
b1001110000111 \
b110000101001100 j
#3169
b101110111101 @
b1001101110110 N
b1001110001010 \
b111101111001010 j
#3170
b101110111111 @
b1001101111111 N
b1001110001101 \
b101001011111000 j
#3171
b111010 2
b101111000000 @
b1001110000010 N
b1001110001111 \
b101111010110 j
#3172
b11111010011 $
b101111000001 @
b1001110000111 N
b1001110010000 \
b11111001100 j
#3173
b101011000101 @
b1001110001011 N
b1001110010001 \
b100101011000 j
#3174
b101000001000 @
b1001110001100 N
b1001010010101 \
b110000010011000 j
#3175
b111000 2
b100101111010 @
b1001110001111 N
b1000111011000 \
b101101011100 j
#3176
b100100010000 @
b1001110010000 N
b1000101001010 \
b101010110111000 j
#3177
b100011000000 @
b1001101011000 N
b1000011100000 \
b101101110001100 j
#3178
b100010000100 @
b1001011000000 N
b1000010010000 \
b111100010010 j
#3179
b101010 2
b100001010111 @
b1001000010101 N
b1000001010100 \
b100001100010 j
#3180
b11111010010 $
b100000110110 @
b1000101111110 N
b1000000100111 \
b111000100000 j
#3181
b100000011101 @
b1000011101111 N
b1000000000110 \
b101100001110 j
#3182
b100000001010 @
b1000010001110 N
b111111101101 \
b101001011000110 j
#3183
b110000 2
b11111111100 @
b1000001001100 N
b111111011010 \
b110010100010010 j
#3184
b11111010011 $
b11111110001 @
b1000000010110 N
b111111001100 \
b110010110011000 j
#3185
b11111101001 @
b111111111010 N
b111111000001 \
b11010001011000 j
#3186
b11111100011 @
b111111100101 N
b111110111001 \
b101111101111100 j
#3187
b101110 2
b11111011111 @
b111111010001 N
b111110110011 \
b11100111011100 j
#3188
b11111010010 $
b11111011100 @
b111111001001 N
b111110101111 \
b110110010111000 j
#3189
b11111011001 @
b111110111111 N
b111110101100 \
b101110100100010 j
#3190
b11111010111 @
b111110110110 N
b111110101001 \
b110110011010000 j
#3191
b110010 2
b11111010101 @
b111110110011 N
b111110100111 \
b11000111001100 j
#3192
b11111010011 $
b11111010100 @
b111110101110 N
b111110100101 \
b11001100101110 j
#3193
b11111010011 @
b111110101010 N
b111110100100 \
b11001110100100 j
#3194
b111110101001 N
b111110100011 \
b11111110000110 j
#3195
b111110100110 N
b11011010000010 j
#3196
b111110100100 N
b110110000011000 j
#3197
b100000101110010 j
#3198
b111110100010 N
b110100111000100 j
#3199
b110100 2
b110011110100100 j
#3200
b111110100011 N
b110011001011010 j
#3201
b111110100010 N
b110111110100000 j
#3202
b110010100110100 j
#3203
b111110100011 N
b11101100101110 j
#3204
b111110100010 N
b110000110001000 j
#3205
b110100010100010 j
#3206
b111110100011 N
b100001011110000 j
#3207
b111110100010 N
b100001101101110 j
#3208
b11110111000100 j
#3209
b111110100011 N
b100010001101010 j
#3210
b111110100010 N
b11010110011000 j
#3211
b11111101011110 2
b101001001100010 j
#3212
b101111000101 $
b111110100011 N
b11001111010010 j
#3213
b100011001111 @
b111110100010 N
b11000110111100 j
#3214
b100110001100 @
b1000010011111 \
b110110111011010 j
#3215
b11111101101000 2
b101000011010 @
b111110100011 N
b1000101011100 \
b110100010000110 j
#3216
b101111000110 $
b101010000100 @
b111110100010 N
b1000111101010 \
b101110001111100 j
#3217
b101011010100 @
b111111011010 N
b1001001010100 \
b11010001110000 j
#3218
b101100010000 @
b1000001110100 N
b1001010100100 \
b11010100010100 j
#3219
b11111101101100 2
b101100111101 @
b1000100011110 N
b1001011100000 \
b110001000100100 j
#3220
b101101011111 @
b1000110110101 N
b1001100001101 \
b110100101001010 j
#3221
b101101111000 @
b1001001000100 N
b1001100101111 \
b101111010101000 j
#3222
b101110001011 @
b1001010100101 N
b1001101001000 \
b11010101001100 j
#3223
b11111101100010 2
b101110011001 @
b1001011100111 N
b1001101011011 \
b101001001010100 j
#3224
b101110100100 @
b1001100011110 N
b1001101101001 \
b110101101010 j
#3225
b101110101100 @
b1001100111010 N
b1001101110100 \
b101001011101100 j
#3226
b101110110010 @
b1001101001111 N
b1001101111100 \
b101110101001100 j
#3227
b11111101101000 2
b101110110111 @
b1001101100011 N
b1001110000010 \
b110010011001000 j
#3228
b101110111010 @
b1001101101011 N
b1001110000111 \
b111110001001110 j
#3229
b101110111101 @
b1001101110101 N
b1001110001010 \
b111101000011010 j
#3230
b101110111111 @
b1001101111110 N
b1001110001101 \
b101101000001010 j
#3231
b11111101100000 2
b101111000000 @
b1001110000001 N
b1001110001111 \
b110111110110 j
#3232
b101111000001 @
b1001110000111 N
b1001110010000 \
b101001100110 j
#3233
b101111000010 @
b1001110001011 N
b1001110010001 \
b10100110000 j
#3234
b101111000011 @
b1001110001100 N
b1001110010010 \
b100011001110 j
#3235
b11111101101100 2
b1001110001111 N
b1001110010011 \
b101001111000100 j
#3236
b1001110010000 N
b101011011110110 j
#3237
b101011010111010 j
#3238
b1001110010010 N
b111000101010 j
#3239
b11111101100100 2
b101110010100 j
#3240
b101100001010010 j
#3241
b1001110010011 N
b101011100110 j
#3242
b1001110010010 N
b110000101100010 j
#3243
b11111101101010 2
b101000010111100 j
#3244
b1001110010011 N
b101011011100 j
#3245
b1001110010010 N
b101000101110110 j
#3246
b101100000000110 j
#3247
b11111101101000 2
b1001110010011 N
b110000000000110 j
#3248
b1001110010010 N
b101111101000 j
#3249
b110001000110 j
#3250
b1001110010011 N
b101010101111100 j
#3251
b1001110010010 N
b101000000100100 j
#3252
b101001010110010 j
#3253
b1001110010011 N
b101001100010010 j
#3254
b1001110010010 N
b100111111010000 j
#3255
b11111101101100 2
b110101000 j
#3256
b1001110010011 N
b101000000100 j
#3257
b1001110010010 N
b101100011100 j
#3258
b10111111100 j
#3259
b1001110010011 N
b101111001000010 j
#3260
b1001110010010 N
b101000100010000 j
#3261
b101011110010110 j
#3262
b1001110010011 N
b10111111110 j
#3263
b11111101100010 2
b1001110010010 N
b101000100110 j
#3264
b111101001110 j
#3265
b1001110010011 N
b101011110101100 j
#3266
b1001110010010 N
b110001001111100 j
#3267
b11111101100110 2
b101001001100100 j
#3268
b1001110010011 N
b111000111000 j
#3269
b1001110010010 N
b111100101000 j
#3270
b101011000111000 j
#3271
b11111101100010 2
b1001110010011 N
b101000110011100 j
#3272
b1001110010010 N
b10000110010 j
#3273
b101100000010100 j
#3274
b1001110010011 N
b110000101100 j
#3275
b11111101101010 2
b1001110010010 N
b101110010011000 j
#3276
b101011011111110 j
#3277
b1001110010011 N
b101110100101010 j
#3278
b1001110010010 N
b11111010000 j
#3279
b11111101101100 2
b11011110 j
#3280
b1001110010011 N
b101010111000110 j
#3281
b1001110010010 N
b11011100100 j
#3282
b100011101100 j
#3283
b11111101110000 2
b1001110010011 N
b111010111010 j
#3284
b101111000111 $
b1001110010010 N
b101101100010 j
#3285
b101111000100 @
b101111011110100 j
#3286
b1001110010011 N
b1001110010100 \
b111110101001000 j
#3287
b11111101101000 2
b1001110010010 N
b111010101010 j
#3288
b101111000110 $
b101000101110000 j
#3289
b1001110010011 N
b101011001111000 j
#3290
b101000010100100 j
#3291
b110100 2
b101001000111100 j
#3292
b11111010011 $
b1001110010100 N
b111010110110 j
#3293
b101011000111 @
b1001110010011 N
b110101111110 j
#3294
b101000001010 @
b1001010010111 \
b101011001111110 j
#3295
b110110 2
b100101111100 @
b1001110010100 N
b1000111011010 \
b111100011000 j
#3296
b100100010001 @
b1001110010011 N
b1000101001100 \
b1000100110 j
#3297
b100011000001 @
b1001101011011 N
b1000011100001 \
b110001000110000 j
#3298
b100010000101 @
b1001011000010 N
b1000010010001 \
b101111011110100 j
#3299
b110100 2
b100001011000 @
b1001000010111 N
b1000001010101 \
b101010100001010 j
#3300
b100000110110 @
b1000110000000 N
b1000000101000 \
b110111000100 j
#3301
b100000011101 @
b1000011110000 N
b1000000000110 \
b110100010000100 j
#3302
b100000001010 @
b1000010001111 N
b111111101101 \
b1001000010 j
#3303
b101110 2
b11111111100 @
b1000001001101 N
b111111011010 \
b11100011000000 j
#3304
b11111010010 $
b11111110001 @
b1000000010110 N
b111111001100 \
b101100000100110 j
#3305
b11111101001 @
b111111111010 N
b111111000001 \
b110110010011000 j
#3306
b11111100011 @
b111111100101 N
b111110111001 \
b11000101011010 j
#3307
b110100 2
b11111011110 @
b111111010001 N
b111110110011 \
b11010101100100 j
#3308
b11111010011 $
b11111011011 @
b111111001001 N
b111110101110 \
b110010000001110 j
#3309
b11111011001 @
b111110111111 N
b111110101011 \
b11010000000000 j
#3310
b11111010111 @
b111110110110 N
b111110101001 \
b110010111111110 j
#3311
b11111101101000 2
b11111010110 @
b111110110011 N
b111110100111 \
b110000101110100 j
#3312
b101111000110 $
b11111010101 @
b111110101101 N
b111110100110 \
b11010000011110 j
#3313
b100011010001 @
b111110101001 N
b111110100101 \
b110100111100100 j
#3314
b100110001110 @
b1000010100001 \
b11010011101110 j
#3315
b11111101100110 2
b101000011100 @
b111110100110 N
b1000101011110 \
b110100011011000 j
#3316
b101010000110 @
b111110100101 N
b1000111101100 \
b110101100100000 j
#3317
b101011010110 @
b111111011101 N
b1001001010110 \
b110110111111010 j
#3318
b101100010010 @
b1000001110101 N
b1001010100110 \
b110111111101010 j
#3319
b11111101101000 2
b101100111111 @
b1000100100000 N
b1001011100010 \
b11111010001100 j
#3320
b101101100000 @
b1000110110111 N
b1001100001111 \
b11011011000100 j
#3321
b101101111001 @
b1001001000101 N
b1001100110000 \
b11000010100000 j
#3322
b101110001100 @
b1001010100111 N
b1001101001001 \
b101111101111010 j
#3323
b11111101100100 2
b101110011010 @
b1001011101001 N
b1001101011100 \
b101010010111000 j
#3324
b101110100101 @
b1001100011111 N
b1001101101010 \
b111110100000110 j
#3325
b101110101101 @
b1001100111011 N
b1001101110101 \
b101010011010110 j
#3326
b101110110011 @
b1001101010000 N
b1001101111101 \
b111101101101110 j
#3327
b11111101101000 2
b101110110111 @
b1001101100011 N
b1001110000011 \
b111101111010110 j
#3328
b101110111010 @
b1001101101100 N
b1001110000111 \
b111101100011110 j
#3329
b101110111101 @
b1001101110110 N
b1001110001010 \
b110101011110 j
#3330
b101110111111 @
b1001101111111 N
b1001110001101 \
b110000110100110 j
#3331
b110100 2
b101111000000 @
b1001110000010 N
b1001110001111 \
b111110101111000 j
#3332
b11111010011 $
b101111000001 @
b1001110000111 N
b1001110010000 \
b101001010010100 j
#3333
b101011000101 @
b1001110001011 N
b1001110010001 \
b110000000100 j
#3334
b101000001000 @
b1001110001100 N
b1001010010101 \
b101001111101000 j
#3335
b101110 2
b100101111010 @
b1001110001111 N
b1000111011000 \
b101000101000110 j
#3336
b11111010010 $
b100100010000 @
b1001110010000 N
b1000101001010 \
b100001111000 j
#3337
b100011000000 @
b1001101011000 N
b1000011100000 \
b10010000110 j
#3338
b100010000100 @
b1001011000000 N
b1000010010000 \
b101101101101110 j
#3339
b111100 2
b100001010111 @
b1001000010101 N
b1000001010100 \
b101101000110100 j
#3340
b11111010011 $
b100000110101 @
b1000101111110 N
b1000000100111 \
b101011100110000 j
#3341
b100000011100 @
b1000011101111 N
b1000000000101 \
b101000010001000 j
#3342
b100000001001 @
b1000010001110 N
b111111101100 \
b100110000000 j
#3343
b110010 2
b11111111011 @
b1000001001100 N
b111111011001 \
b110011010111100 j
#3344
b11111110001 @
b1000000010101 N
b111111001011 \
b110111011100110 j
#3345
b11111101001 @
b111111111001 N
b111111000001 \
b100100001010010 j
#3346
b11111100011 @
b111111100100 N
b111110111001 \
b110010011010010 j
#3347
b110110 2
b11111011111 @
b111111010000 N
b111110110011 \
b110110110010000 j
#3348
b11111011100 @
b111111001000 N
b111110101111 \
b11010011000010 j
#3349
b11111011001 @
b111110111111 N
b111110101100 \
b100000110101000 j
#3350
b11111010111 @
b111110110110 N
b111110101001 \
b11011101111000 j
#3351
b11111101011110 2
b11111010110 @
b111110110011 N
b111110100111 \
b11000101101010 j
#3352
b101111000101 $
b11111010101 @
b111110101110 N
b111110100110 \
b110011111111000 j
#3353
b100011010001 @
b111110101010 N
b111110100101 \
b11100100001000 j
#3354
b100110001110 @
b111110101001 N
b1000010100001 \
b110010001110110 j
#3355
b11111101100010 2
b101000011011 @
b111110100110 N
b1000101011110 \
b110011000001000 j
#3356
b101111000110 $
b101010000101 @
b111110100101 N
b1000111101011 \
b11100000111010 j
#3357
b101011010101 @
b111111011101 N
b1001001010101 \
b110101100010100 j
#3358
b101100010001 @
b1000001110101 N
b1001010100101 \
b100000000101110 j
#3359
b11111101101100 2
b101100111110 @
b1000100011111 N
b1001011100001 \
b11111110010000 j
#3360
b101101100000 @
b1000110110111 N
b1001100001110 \
b110011101111100 j
#3361
b101101111001 @
b1001001000101 N
b1001100110000 \
b100010001110110 j
#3362
b101110001100 @
b1001010100110 N
b1001101001001 \
b110101111011000 j
#3363
b101110011010 @
b1001011101000 N
b1001101011100 \
b101110011110 j
#3364
b101110100101 @
b1001100011110 N
b1001101101010 \
b101010100010000 j
#3365
b101110101101 @
b1001100111011 N
b1001101110101 \
b110101000010 j
#3366
b101110110011 @
b1001101010000 N
b1001101111101 \
b110101010100 j
#3367
b11111101100000 2
b101110110111 @
b1001101100011 N
b1001110000011 \
b101010011100010 j
#3368
b101110111010 @
b1001101101100 N
b1001110000111 \
b101110111010000 j
#3369
b101110111101 @
b1001101110110 N
b1001110001010 \
b101011001010100 j
#3370
b101110111111 @
b1001101111111 N
b1001110001101 \
b100000101010 j
#3371
b11111101100110 2
b101111000000 @
b1001110000010 N
b1001110001111 \
b101011110101110 j
#3372
b101111000001 @
b1001110000111 N
b1001110010000 \
b101000101111110 j
#3373
b101111000010 @
b1001110001011 N
b1001110010001 \
b100110000110 j
#3374
b101111000011 @
b1001110001100 N
b1001110010010 \
b101010011110000 j
#3375
b11111101101000 2
b1001110001111 N
b1001110010011 \
b110110011101110 j
#3376
b1001110010000 N
b101011111010110 j
#3377
b101010000101000 j
#3378
b1001110010010 N
b111100001000010 j
#3379
b11111101100110 2
b111001110000 j
#3380
b111101000101100 j
#3381
b1001110010011 N
b110101000010 j
#3382
b1001110010010 N
b100111001100 j
#3383
b1000111110 j
#3384
b1001110010011 N
b101001010010000 j
#3385
b1001110010010 N
b100111111001110 j
#3386
b101011101011010 j
#3387
b11111101100100 2
b1001110010011 N
b1110001100 j
#3388
b1001110010010 N
b11100111100 j
#3389
b101001010110000 j
#3390
b1001110010011 N
b101000111000010 j
#3391
b111010 2
b1001110010010 N
b101011100110000 j
#3392
b11111010011 $
b101100001000010 j
#3393
b101011000111 @
b1001110010011 N
b101001011011110 j
#3394
b101000001010 @
b1001110010010 N
b1001010010111 \
b101111110100010 j
#3395
b110100 2
b100101111100 @
b1000111011010 \
b11001000100 j
#3396
b100100010001 @
b1001110010011 N
b1000101001100 \
b101010111001110 j
#3397
b100011000001 @
b1001101011010 N
b1000011100001 \
b1011000000 j
#3398
b100010000101 @
b1001011000010 N
b1000010010001 \
b101101000011100 j
#3399
b100001011000 @
b1001000010111 N
b1000001010101 \
b101000110101000 j
#3400
b100000110110 @
b1000101111111 N
b1000000101000 \
b101110111010 j
#3401
b100000011101 @
b1000011110001 N
b1000000000110 \
b100000101100 j
#3402
b100000001010 @
b1000010001111 N
b111111101101 \
b101101010100110 j
#3403
b101110 2
b11111111100 @
b1000001001101 N
b111111011010 \
b110011111110100 j
#3404
b11111010010 $
b11111110001 @
b1000000010111 N
b111111001100 \
b110111101011010 j
#3405
b11111101001 @
b111111111010 N
b111111000001 \
b110110000010100 j
#3406
b11111100011 @
b111111100101 N
b111110111001 \
b111000000101000 j
#3407
b110010 2
b11111011110 @
b111111010010 N
b111110110011 \
b110110011000110 j
#3408
b11111010011 $
b11111011011 @
b111111001001 N
b111110101110 \
b110011100001000 j
#3409
b11111011001 @
b111110111111 N
b111110101011 \
b11010111011110 j
#3410
b11111010111 @
b111110110110 N
b111110101001 \
b110110101010010 j
#3411
b11111101101010 2
b11111010110 @
b111110110011 N
b111110100111 \
b11011110110110 j
#3412
b101111000110 $
b11111010101 @
b111110101101 N
b111110100110 \
b11001100110100 j
#3413
b100011010001 @
b111110101001 N
b111110100101 \
b110011101000100 j
#3414
b100110001110 @
b1000010100001 \
b11111111100110 j
#3415
b101000011100 @
b111110100110 N
b1000101011110 \
b110010010101110 j
#3416
b101010000110 @
b111110100101 N
b1000111101100 \
b11010110000000 j
#3417
b101011010110 @
b111111011101 N
b1001001010110 \
b11100011000010 j
#3418
b101100010010 @
b1000001110101 N
b1001010100110 \
b110101111101000 j
#3419
b11111101100110 2
b101100111111 @
b1000100100000 N
b1001011100010 \
b110110110001100 j
#3420
b101101100000 @
b1000110110111 N
b1001100001111 \
b11111100000000 j
#3421
b101101111001 @
b1001001000101 N
b1001100110000 \
b110111010101110 j
#3422
b101110001100 @
b1001010100111 N
b1001101001001 \
b110100001000000 j
#3423
b11111101101100 2
b101110011010 @
b1001011101001 N
b1001101011100 \
b101000110001010 j
#3424
b101110100101 @
b1001100011111 N
b1001101101010 \
b1100000110 j
#3425
b101110101101 @
b1001100111011 N
b1001101110101 \
b101100110010110 j
#3426
b101110110011 @
b1001101010000 N
b1001101111101 \
b110001110110 j
#3427
b11111101101010 2
b101110110111 @
b1001101100011 N
b1001110000011 \
b101110101100 j
#3428
b101110111010 @
b1001101101100 N
b1001110000111 \
b111111000101100 j
#3429
b101110111101 @
b1001101110110 N
b1001110001010 \
b101101101110110 j
#3430
b101110111111 @
b1001101111111 N
b1001110001101 \
b11101000110 j
#3431
b110100 2
b101111000000 @
b1001110000010 N
b1001110001111 \
b101010100100000 j
#3432
b11111010011 $
b101111000001 @
b1001110000111 N
b1001110010000 \
b101011100100000 j
#3433
b101011000101 @
b1001110001011 N
b1001110010001 \
b11000010100 j
#3434
b101000001000 @
b1001110001100 N
b1001010010101 \
b1110000010 j
#3435
b100101111010 @
b1001110001111 N
b1000111011000 \
b111111110001000 j
#3436
b100100010000 @
b1001110010000 N
b1000101001010 \
b101001100010100 j
#3437
b100011000000 @
b1001101011000 N
b1000011100000 \
b101010000110100 j
#3438
b100010000100 @
b1001011000000 N
b1000010010000 \
b101100111110000 j
#3439
b111000 2
b100001010111 @
b1001000010101 N
b1000001010100 \
b111101111101100 j
#3440
b100000110110 @
b1000101111110 N
b1000000100111 \
b101010010011100 j
#3441
b100000011101 @
b1000011101111 N
b1000000000110 \
b11111101100 j
#3442
b100000001010 @
b1000010001110 N
b111111101101 \
b101001101001010 j
#3443
b110100 2
b11111111100 @
b1000001001100 N
b111111011010 \
b11100110000100 j
#3444
b11111110001 @
b1000000010110 N
b111111001100 \
b100010000110110 j
#3445
b11111101001 @
b111111111010 N
b111111000001 \
b11111101101110 j
#3446
b11111100011 @
b111111100101 N
b111110111001 \
b110010101110000 j
#3447
b110000 2
b11111011111 @
b111111010001 N
b111110110011 \
b110110111111010 j
#3448
b11111011100 @
b111111001001 N
b111110101111 \
b110110101110000 j
#3449
b11111011001 @
b111110111111 N
b111110101100 \
b111000000101100 j
#3450
b11111010111 @
b111110110110 N
b111110101001 \
b101100000111110 j
#3451
b11111101100100 2
b11111010110 @
b111110110011 N
b111110100111 \
b11010110110100 j
#3452
b101111000110 $
b11111010101 @
b111110101110 N
b111110100110 \
b110011100111010 j
#3453
b100011010001 @
b111110101010 N
b111110100101 \
b110110110000000 j
#3454
b100110001110 @
b111110101001 N
b1000010100001 \
b110111100010000 j
#3455
b11111101100110 2
b101000011100 @
b111110100110 N
b1000101011110 \
b11010001011010 j
#3456
b101010000110 @
b111110100101 N
b1000111101100 \
b110001110000000 j
#3457
b101011010110 @
b111111011101 N
b1001001010110 \
b101110011111110 j
#3458
b101100010010 @
b1000001110101 N
b1001010100110 \
b11101011111110 j
#3459
b11111101101100 2
b101100111111 @
b1000100100000 N
b1001011100010 \
b110110101101000 j
#3460
b101101100000 @
b1000110110111 N
b1001100001111 \
b11000010111010 j
#3461
b101101111001 @
b1001001000101 N
b1001100110000 \
b11100011101010 j
#3462
b101110001100 @
b1001010100111 N
b1001101001001 \
b11000001110100 j
#3463
b11111101101000 2
b101110011010 @
b1001011101001 N
b1001101011100 \
b101011001101110 j
#3464
b101110100101 @
b1001100011111 N
b1001101101010 \
b11111011010 j
#3465
b101110101101 @
b1001100111011 N
b1001101110101 \
b101100010011000 j
#3466
b101110110011 @
b1001101010000 N
b1001101111101 \
b111011111100 j
#3467
b11111101101110 2
b101110110111 @
b1001101100011 N
b1001110000011 \
b11100101110 j
#3468
b101110111010 @
b1001101101100 N
b1001110000111 \
b110100001100 j
#3469
b101110111101 @
b1001101110110 N
b1001110001010 \
b101111001000010 j
#3470
b101110111111 @
b1001101111111 N
b1001110001101 \
b100011010000 j
#3471
b11111101101100 2
b101111000000 @
b1001110000010 N
b1001110001111 \
b110011110010 j
#3472
b101111000001 @
b1001110000111 N
b1001110010000 \
b101111111110 j
#3473
b101111000010 @
b1001110001011 N
b1001110010001 \
b101010010101100 j
#3474
b101111000011 @
b1001110001100 N
b1001110010010 \
b101010100101000 j
#3475
b11111101100110 2
b1001110001111 N
b1001110010011 \
b1110010100 j
#3476
b1001110010000 N
b100110011010 j
#3477
b110100001000010 j
#3478
b1001110010010 N
b10010111000 j
#3479
b11111101101010 2
b101010011100000 j
#3480
b101100100010010 j
#3481
b1001110010011 N
b111101101000 j
#3482
b1001110010010 N
b110010001101000 j
#3483
b11111101101000 2
b100111011110 j
#3484
b1001110010011 N
b111011100000000 j
#3485
b1001110010010 N
b110011001000 j
#3486
b110010010100 j
#3487
b11111101101010 2
b1001110010011 N
b101001000011000 j
#3488
b1001110010010 N
b110101011000 j
#3489
b101000100011110 j
#3490
b1001110010011 N
b1110110 j
#3491
b11111101101110 2
b1001110010010 N
b110100010100 j
#3492
b111101001100 j
#3493
b1001110010011 N
b101001000110100 j
#3494
b1001110010010 N
b100011011100 j
#3495
b11111101100010 2
b111100011011110 j
#3496
b1001110010011 N
b101010011000100 j
#3497
b1001110010010 N
b111101100000 j
#3498
b101110000100 j
#3499
b1001110010011 N
b111111111011100 j
#3500
b1001110010010 N
b110000100000 j
#3501
b110111011000 j
#3502
b1001110010011 N
b101001100100100 j
#3503
b11111101110000 2
b1001110010010 N
b101110001010 j
#3504
b101111000111 $
b101000101100110 j
#3505
b101111000100 @
b1001110010011 N
b110101011010 j
#3506
b1001110010010 N
b1001110010100 \
b110111111100 j
#3507
b11111101100110 2
b111011000100100 j
#3508
b101111000110 $
b1001110010011 N
b101101011001100 j
#3509
b1001110010010 N
b101001111100000 j
#3510
b1001110010011 N
b101000100000000 j
#3511
b11111101101000 2
b1001110010100 N
b100111110110010 j
#3512
b1001110010011 N
b101101111001100 j
#3513
b1001110010100 N
b101010000000010 j
#3514
b101011000011000 j
#3515
b1001110010011 N
b101010111100100 j
#3516
b1001110010100 N
b101001110011110 j
#3517
b101000110100110 j
#3518
b1001110010011 N
b100111110111100 j
#3519
b1001110010100 N
b101010000011000 j
#3520
b100000111110 j
#3521
b1001110010011 N
b101000111000100 j
#3522
b1001110010100 N
b101111000111100 j
#3523
b11111101100110 2
b110111111110 j
#3524
b1001110010011 N
b101010100111000 j
#3525
b1001110010100 N
b110101101000110 j
#3526
b100111110110 j
#3527
b11111101101000 2
b1001110010011 N
b101101010101010 j
#3528
b1001110010100 N
b101101110001100 j
#3529
b101011111100100 j
#3530
b1001110010011 N
b110000001110000 j
#3531
b110010 2
b1001110010100 N
b101101001001100 j
#3532
b11111010011 $
b101111011010 j
#3533
b101011000111 @
b1001110010011 N
b110000000 j
#3534
b101000001010 @
b1001110010100 N
b1001010010111 \
b101110010101100 j
#3535
b101100 2
b100101111100 @
b1000111011010 \
b101000010010100 j
#3536
b11111010010 $
b100100010001 @
b1001110010011 N
b1000101001100 \
b111100001100110 j
#3537
b100011000001 @
b1001101011100 N
b1000011100001 \
b101010010111100 j
#3538
b100010000101 @
b1001011000010 N
b1000010010001 \
b101001111010100 j
#3539
b110010 2
b100001011000 @
b1001000010111 N
b1000001010101 \
b111100110 j
#3540
b11111010011 $
b100000110110 @
b1000110000000 N
b1000000101000 \
b10100010110 j
#3541
b100000011101 @
b1000011110000 N
b1000000000110 \
b101001111110100 j
#3542
b100000001010 @
b1000010001111 N
b111111101101 \
b101000110101100 j
#3543
b11111111100 @
b1000001001101 N
b111111011010 \
b100000000101110 j
#3544
b11111110001 @
b1000000010110 N
b111111001100 \
b11011110110010 j
#3545
b11111101001 @
b111111111010 N
b111111000001 \
b110111100011010 j
#3546
b11111100011 @
b111111100101 N
b111110111001 \
b110110010111110 j
#3547
b110110 2
b11111011111 @
b111111010001 N
b111110110011 \
b100001011101100 j
#3548
b11111011100 @
b111111001001 N
b111110101111 \
b110001000100000 j
#3549
b11111011001 @
b111110111111 N
b111110101100 \
b11011000100110 j
#3550
b11111010111 @
b111110110110 N
b111110101001 \
b11100101100010 j
#3551
b110010 2
b11111010110 @
b111110110011 N
b111110100111 \
b11100000101000 j
#3552
b11111010101 @
b111110101110 N
b111110100110 \
b11001101010110 j
#3553
b11111010100 @
b111110101010 N
b111110100101 \
b110110001110110 j
#3554
b11111010011 @
b111110101001 N
b111110100100 \
b11000001100000 j
#3555
b110100 2
b111110100110 N
b111110100011 \
b110000110111110 j
#3556
b111110100101 N
b110000111001100 j
#3557
b110101111111010 j
#3558
b111110100011 N
b101101001110000 j
#3559
b111010 2
b11001110111100 j
#3560
b11101101100010 j
#3561
b111110100010 N
b101010100101000 j
#3562
b111110100011 N
b110011011111110 j
#3563
b110000 2
b100001000000000 j
#3564
b111110100010 N
b11000100010010 j
#3565
b111110100011 N
b11010111000010 j
#3566
b110101110100100 j
#3567
b110100 2
b111110100010 N
b11001111010100 j
#3568
b111110100011 N
b11101110111110 j
#3569
b110101111001100 j
#3570
b111110100010 N
b11100111000100 j
#3571
b110010 2
b111110100011 N
b110011001011000 j
#3572
b110100100001110 j
#3573
b111110100010 N
b11011001111110 j
#3574
b111110100011 N
b11000111000010 j
#3575
b110110 2
b11001010001000 j
#3576
b111110100010 N
b110101110101000 j
#3577
b111110100011 N
b11010010011110 j
#3578
b110101111111000 j
#3579
b110000 2
b111110100010 N
b110100101100010 j
#3580
b111110100011 N
b110101011101100 j
#3581
b100011011111010 j
#3582
b111110100010 N
b110111001000000 j
#3583
b110010 2
b111110100011 N
b101111101010010 j
#3584
b110010010000000 j
#3585
b111110100010 N
b110110101010100 j
#3586
b111110100011 N
b11100011000000 j
#3587
b110110 2
b110101001001000 j
#3588
b111110100010 N
b11010011101100 j
#3589
b111110100011 N
b101111010100010 j
#3590
b110000101100110 j
#3591
b11111101100110 2
b111110100010 N
b101111111010110 j
#3592
b101111000110 $
b111110100011 N
b11000001111100 j
#3593
b100011001111 @
b11000101000000 j
#3594
b100110001100 @
b111110100010 N
b1000010011111 \
b11000111010000 j
#3595
b11111101100100 2
b101000011010 @
b111110100011 N
b1000101011100 \
b110011001101010 j
#3596
b101010000101 @
b1000111101010 \
b110000010101110 j
#3597
b101011010101 @
b111111011010 N
b1001001010101 \
b11010110100100 j
#3598
b101100010001 @
b1000001110100 N
b1001010100101 \
b11101000101000 j
#3599
b11111101100110 2
b101100111110 @
b1000100011110 N
b1001011100001 \
b110010010001010 j
#3600
b101101100000 @
b1000110110101 N
b1001100001110 \
b11001100100100 j
#3601
b101101111001 @
b1001001000101 N
b1001100110000 \
b110111000101000 j
#3602
b101110001100 @
b1001010100110 N
b1001101001001 \
b11101001011000 j
#3603
b11111101100010 2
b101110011010 @
b1001011101000 N
b1001101011100 \
b101001011000 j
#3604
b101110100101 @
b1001100011111 N
b1001101101010 \
b111001010010 j
#3605
b101110101101 @
b1001100111011 N
b1001101110101 \
b101111101100100 j
#3606
b101110110011 @
b1001101010000 N
b1001101111101 \
b111111101100100 j
#3607
b11111101101110 2
b101110110111 @
b1001101100100 N
b1001110000011 \
b110011001110 j
#3608
b101110111010 @
b1001101101100 N
b1001110000111 \
b101010101110100 j
#3609
b101110111101 @
b1001101110110 N
b1001110001010 \
b101011110101100 j
#3610
b101110111111 @
b1001101111111 N
b1001110001101 \
b111011001110110 j
#3611
b11111101100010 2
b101111000000 @
b1001110000010 N
b1001110001111 \
b100010001110 j
#3612
b101111000001 @
b1001110000111 N
b1001110010000 \
b1110000 j
#3613
b101111000010 @
b1001110001011 N
b1001110010001 \
b10100001100 j
#3614
b101111000011 @
b1001110001100 N
b1001110010010 \
b11110100000 j
#3615
b11111101100100 2
b1001110001111 N
b1001110010011 \
b101001000000000 j
#3616
b1001110010000 N
b101101011010010 j
#3617
b101110100001100 j
#3618
b1001110010010 N
b110100011110 j
#3619
b11111101101000 2
b101100010000010 j
#3620
b111111111001010 j
#3621
b1001110010011 N
b101001111010010 j
#3622
b1001110010010 N
b110101000111100 j
#3623
b101000101100000 j
#3624
b1001110010011 N
b101100000001100 j
#3625
b1001110010010 N
b111000110110 j
#3626
b111101010000000 j
#3627
b11111101101110 2
b1001110010011 N
b101001000111110 j
#3628
b1001110010010 N
b101011000011010 j
#3629
b101110001101000 j
#3630
b1001110010011 N
b101101101100000 j
#3631
b110110 2
b1001110010010 N
b110000100110110 j
#3632
b11111010011 $
b100110 j
#3633
b101011000111 @
b1001110010011 N
b110000001000 j
#3634
b101000001010 @
b1001110010010 N
b1001010010111 \
b110101101010000 j
#3635
b100101111100 @
b1000111011010 \
b101010000001110 j
#3636
b100100010001 @
b1001110010011 N
b1000101001100 \
b11010100 j
#3637
b100011000001 @
b1001101011010 N
b1000011100001 \
b100101100010 j
#3638
b100010000101 @
b1001011000010 N
b1000010010001 \
b111110011110110 j
#3639
b110000 2
b100001011000 @
b1001000010111 N
b1000001010101 \
b101010110000 j
#3640
b100000110110 @
b1000101111111 N
b1000000101000 \
b101100111001110 j
#3641
b100000011101 @
b1000011110001 N
b1000000000110 \
b101101000000000 j
#3642
b100000001010 @
b1000010001111 N
b111111101101 \
b110001100000 j
#3643
b110100 2
b11111111100 @
b1000001001101 N
b111111011010 \
b11100101011110 j
#3644
b11111110001 @
b1000000010111 N
b111111001100 \
b100001000110010 j
#3645
b11111101001 @
b111111111010 N
b111111000001 \
b11010101010110 j
#3646
b11111100011 @
b111111100101 N
b111110111001 \
b11010100101010 j
#3647
b111000 2
b11111011111 @
b111111010010 N
b111110110011 \
b11100110010100 j
#3648
b11111011100 @
b111111001001 N
b111110101111 \
b11111110110000 j
#3649
b11111011001 @
b111110111111 N
b111110101100 \
b110110110000110 j
#3650
b11111010111 @
b111110110110 N
b111110101001 \
b11001110011000 j
#3651
b11111010110 @
b111110110011 N
b111110100111 \
b110100010001100 j
#3652
b11111010101 @
b111110101110 N
b111110100110 \
b101111010010000 j
#3653
b11111010100 @
b111110101010 N
b111110100101 \
b110000111111010 j
#3654
b11111010011 @
b111110101001 N
b111110100100 \
b11101001110000 j
#3655
b111110100110 N
b111110100011 \
b110110111111000 j
#3656
b111110100101 N
b11011100010100 j
#3657
b110111001010000 j
#3658
b111110100011 N
b110100000101100 j
#3659
b110100 2
b11100001101100 j
#3660
b11001001011010 j
#3661
b111110100010 N
b11010011000010 j
#3662
b111110100011 N
b110110100101110 j
#3663
b110010 2
b110111010100000 j
#3664
b111110100010 N
b11101010011010 j
#3665
b111110100011 N
b11000011110100 j
#3666
b110111101101000 j
#3667
b110110 2
b111110100010 N
b110011111000100 j
#3668
b111110100011 N
b110001011110100 j
#3669
b100010011011100 j
#3670
b111110100010 N
b11000011110000 j
#3671
b110100 2
b111110100011 N
b110111010111100 j
#3672
b11000011000110 j
#3673
b111110100010 N
b110111010110010 j
#3674
b111110100011 N
b11011000011110 j
#3675
b101100 2
b110100110010010 j
#3676
b11111010010 $
b111110100010 N
b110100001010010 j
#3677
b11111010010 @
b111110100011 N
b110111110010100 j
#3678
b111110100010 \
b11001101100110 j
#3679
b110010 2
b111110100010 N
b100010101111110 j
#3680
b11111010011 $
b111110100011 N
b11101011110110 j
#3681
b111110100010 N
b110100000011000 j
#3682
b111110100001 N
b110000010010110 j
#3683
b111110100010 N
b110101101011110 j
#3684
b111110100001 N
b11011101000110 j
#3685
b11101110000110 j
#3686
b111110100010 N
b11001111101000 j
#3687
b110110 2
b111110100001 N
b11000110000110 j
#3688
b110010101111110 j
#3689
b111110100010 N
b110110101011110 j
#3690
b111110100001 N
b100101001001000 j
#3691
b11111101100000 2
b11110010111000 j
#3692
b101111000110 $
b111110100010 N
b11001011011100 j
#3693
b100011001111 @
b111110100001 N
b11000110010010 j
#3694
b100110001100 @
b1000010011111 \
b11011111111010 j
#3695
b11111101101010 2
b101000011010 @
b111110100010 N
b1000101011100 \
b110100101011100 j
#3696
b101010000101 @
b111110100001 N
b1000111101010 \
b100011101100100 j
#3697
b101011010101 @
b111111011001 N
b1001001010101 \
b101101100001100 j
#3698
b101100010001 @
b1000001110011 N
b1001010100101 \
b11011100000100 j
#3699
b101100111110 @
b1000100011101 N
b1001011100001 \
b11011111010010 j
#3700
b101101100000 @
b1000110110101 N
b1001100001110 \
b110100101010000 j
#3701
b101101111001 @
b1001001000101 N
b1001100110000 \
b110100000101100 j
#3702
b101110001100 @
b1001010100101 N
b1001101001001 \
b11011100000100 j
#3703
b11111101110000 2
b101110011010 @
b1001011101000 N
b1001101011100 \
b101011111110010 j
#3704
b101111000111 $
b101110100101 @
b1001100011111 N
b1001101101010 \
b101100000101100 j
#3705
b101110101101 @
b1001100111010 N
b1001101110101 \
b1111000010 j
#3706
b101110110011 @
b1001101010000 N
b1001101111101 \
b101001001000000 j
#3707
b11111101101010 2
b101110111000 @
b1001101100100 N
b1001110000011 \
b100100111010 j
#3708
b101111000110 $
b101110111011 @
b1001101101011 N
b1001110001000 \
b101001000011010 j
#3709
b101110111101 @
b1001101110110 N
b1001110001011 \
b101100111001100 j
#3710
b101110111111 @
b1001101111111 N
b1001110001101 \
b110000101011000 j
#3711
b11111101100100 2
b101111000000 @
b1001110000010 N
b1001110001111 \
b110001000110 j
#3712
b101111000001 @
b1001110001000 N
b1001110010000 \
b101011001001010 j
#3713
b101111000010 @
b1001110001100 N
b1001110010001 \
b101000110101000 j
#3714
b101111000011 @
b1001110010010 \
b101101101100 j
#3715
b11111101101010 2
b1001110001111 N
b1001110010011 \
b110110100010 j
#3716
b1001110010000 N
b111110000111000 j
#3717
b101110111001000 j
#3718
b1001110010010 N
b101011011100110 j
#3719
b11111101100100 2
b111010000000 j
#3720
b101100011001010 j
#3721
b1001110010011 N
b101110101100110 j
#3722
b1001110010010 N
b101010001001110 j
#3723
b11111101101000 2
b10110011110 j
#3724
b1001110010011 N
b100101010000 j
#3725
b1001110010010 N
b101000010001110 j
#3726
b110000110110 j
#3727
b11111101101010 2
b1001110010011 N
b101010011110010 j
#3728
b1001110010010 N
b101000001011110 j
#3729
b111110010000 j
#3730
b1001110010011 N
b111111110101100 j
#3731
b1001110010010 N
b101100001011110 j
#3732
b101101011011100 j
#3733
b1001110010011 N
b101100111101100 j
#3734
b1001110010010 N
b101001011101100 j
#3735
b11111101100110 2
b111110000101010 j
#3736
b1001110010011 N
b111101101110 j
#3737
b1001110010010 N
b101011011011100 j
#3738
b111101111000 j
#3739
b1001110010011 N
b101100111001100 j
#3740
b1001110010010 N
b110100100010 j
#3741
b101000000100100 j
#3742
b1001110010011 N
b110000000010 j
#3743
b11111101101000 2
b1001110010010 N
b100100011000 j
#3744
b101001111010000 j
#3745
b1001110010011 N
b100010100 j
#3746
b1001110010010 N
b111011011010 j
#3747
b11111101100100 2
b101010101000110 j
#3748
b1001110010011 N
b101010101110100 j
#3749
b1001110010010 N
b111010111100 j
#3750
b101011111110000 j
#3751
b11111101101000 2
b1001110010011 N
b101000111100100 j
#3752
b1001110010010 N
b100111001100 j
#3753
b101000010000100 j
#3754
b1001110010011 N
b110001011000000 j
#3755
b11111101101110 2
b1001110010010 N
b101010011000100 j
#3756
b111010010110 j
#3757
b1001110010011 N
b101110100001000 j
#3758
b1001110010010 N
b111001000110 j
#3759
b11111101101000 2
b10110110000 j
#3760
b1001110010011 N
b101010000110 j
#3761
b1001110010010 N
b111111000100100 j
#3762
b101001111000110 j
#3763
b11111101110000 2
b1001110010011 N
b101100101101000 j
#3764
b101111000111 $
b1001110010010 N
b101001110110 j
#3765
b101111000100 @
b10100110000 j
#3766
b1001110010011 N
b1001110010100 \
b101010001000100 j
#3767
b11111101101010 2
b1001110010010 N
b100000111100 j
#3768
b101111000110 $
b10010111110 j
#3769
b1001110010011 N
b101000010000100 j
#3770
b101010101111010 j
#3771
b110010 2
b110011001110 j
#3772
b11111010011 $
b1001110010100 N
b110010001010 j
#3773
b101011000111 @
b1001110010011 N
b101010101001000 j
#3774
b101000001010 @
b1001010010111 \
b101111001100 j
#3775
b111100 2
b100101111100 @
b1001110010100 N
b1000111011010 \
b101011010011110 j
#3776
b100100010001 @
b1001110010011 N
b1000101001100 \
b11100110010 j
#3777
b100011000001 @
b1001101011011 N
b1000011100001 \
b110000000 j
#3778
b100010000101 @
b1001011000010 N
b1000010010001 \
b101100010010010 j
#3779
b110110 2
b100001011000 @
b1001000010111 N
b1000001010101 \
b101100010011010 j
#3780
b100000110110 @
b1000110000000 N
b1000000101000 \
b111110011001100 j
#3781
b100000011101 @
b1000011110000 N
b1000000000110 \
b101000111100000 j
#3782
b100000001010 @
b1000010001111 N
b111111101101 \
b101110111110110 j
#3783
b11111111100 @
b1000001001101 N
b111111011010 \
b11111011101000 j
#3784
b11111110001 @
b1000000010110 N
b111111001100 \
b11000011110000 j
#3785
b11111101001 @
b111111111010 N
b111111000001 \
b11110000000110 j
#3786
b11111100011 @
b111111100101 N
b111110111001 \
b11010101001000 j
#3787
b110100 2
b11111011111 @
b111111010001 N
b111110110011 \
b100010011101110 j
#3788
b11111011100 @
b111111001001 N
b111110101111 \
b11011001010100 j
#3789
b11111011001 @
b111110111111 N
b111110101100 \
b11111010001100 j
#3790
b11111010111 @
b111110110110 N
b111110101001 \
b11100010111110 j
#3791
b11111101101010 2
b11111010110 @
b111110110011 N
b111110100111 \
b11110110001010 j
#3792
b101111000110 $
b11111010101 @
b111110101110 N
b111110100110 \
b110100010010000 j
#3793
b100011010001 @
b111110101010 N
b111110100101 \
b110000010000110 j
#3794
b100110001110 @
b111110101001 N
b1000010100001 \
b11001110011100 j
#3795
b11111101101110 2
b101000011100 @
b111110100110 N
b1000101011110 \
b11010011110110 j
#3796
b101010000110 @
b111110100101 N
b1000111101100 \
b110110110001110 j
#3797
b101011010110 @
b111111011101 N
b1001001010110 \
b110001011011100 j
#3798
b101100010010 @
b1000001110101 N
b1001010100110 \
b101111101111000 j
#3799
b11111101101000 2
b101100111111 @
b1000100100000 N
b1001011100010 \
b11011110100100 j
#3800
b101101100000 @
b1000110110111 N
b1001100001111 \
b110110000010100 j
#3801
b101101111001 @
b1001001000101 N
b1001100110000 \
b110110111101100 j
#3802
b101110001100 @
b1001010100111 N
b1001101001001 \
b101000011111110 j
#3803
b11111101110000 2
b101110011010 @
b1001011101001 N
b1001101011100 \
b10111101110 j
#3804
b101111000111 $
b101110100101 @
b1001100011111 N
b1001101101010 \
b111101100111010 j
#3805
b101110101101 @
b1001100111011 N
b1001101110101 \
b11100110110 j
#3806
b101110110011 @
b1001101010000 N
b1001101111101 \
b101101111111000 j
#3807
b11111101110010 2
b101110111000 @
b1001101100011 N
b1001110000011 \
b101100111110110 j
#3808
b101110111011 @
b1001101101100 N
b1001110001000 \
b101010011011010 j
#3809
b101110111110 @
b1001101110110 N
b1001110001011 \
b111111100 j
#3810
b101111000000 @
b1001101111111 N
b1001110001110 \
b101101110010 j
#3811
b11111101100100 2
b101111000001 @
b1001110000010 N
b1001110010000 \
b111110110110100 j
#3812
b101111000110 $
b101111000010 @
b1001110001000 N
b1001110010001 \
b100010001000 j
#3813
b101111000011 @
b1001110001100 N
b1001110010010 \
b100111110100000 j
#3814
b1001110001101 N
b1001110010011 \
b110000000100110 j
#3815
b11111101101100 2
b1001110010000 N
b101001001100000 j
#3816
b1001110010001 N
b101011001111110 j
#3817
b110110010010 j
#3818
b1001110010011 N
b101100010100000 j
#3819
b11111101101000 2
b101011110 j
#3820
b1001110010010 N
b101000100000000 j
#3821
b1001110010011 N
b101011111100 j
#3822
b101001111001100 j
#3823
b11111101100110 2
b1001110010010 N
b111000001000 j
#3824
b1001110010011 N
b100000111010 j
#3825
b110100010110 j
#3826
b1001110010010 N
b101111010001110 j
#3827
b11111101101100 2
b1001110010011 N
b101100111010 j
#3828
b110100011110 j
#3829
b1001110010010 N
b111010001100 j
#3830
b1001110010011 N
b111100001101100 j
#3831
b11111101101110 2
b101001110010 j
#3832
b1001110010010 N
b11101100100 j
#3833
b1001110010011 N
b101100111010 j
#3834
b101000101000 j
#3835
b11111101101000 2
b1001110010010 N
b101100011010010 j
#3836
b1001110010011 N
b111110000001100 j
#3837
b100101101000 j
#3838
b1001110010010 N
b101100010010100 j
#3839
b11111101101110 2
b1001110010011 N
b11100111010 j
#3840
b110110000010 j
#3841
b1001110010010 N
b111110011101010 j
#3842
b1001110010011 N
b110001010010 j
#3843
b11111101100110 2
b1111101100 j
#3844
b1001110010010 N
b101100011001110 j
#3845
b1001110010011 N
b100111000 j
#3846
b101010101111010 j
#3847
b11111101101110 2
b1001110010010 N
b101010100010010 j
#3848
b1001110010011 N
b101011010000100 j
#3849
b11011101000 j
#3850
b1001110010010 N
b110000001110000 j
#3851
b101110 2
b1001110010011 N
b110000011010100 j
#3852
b11111010010 $
b110001010000 j
#3853
b101011000110 @
b1001110010010 N
b101110100001100 j
#3854
b101000001001 @
b1001110010011 N
b1001010010110 \
b10000110100 j
#3855
b110100 2
b100101111011 @
b1000111011001 \
b110110111100 j
#3856
b11111010011 $
b100100010000 @
b1001110010010 N
b1000101001011 \
b110011111100 j
#3857
b100011000000 @
b1001101011011 N
b1000011100000 \
b101011111100 j
#3858
b100010000100 @
b1001011000001 N
b1000010010000 \
b101101010100100 j
#3859
b111100 2
b100001010111 @
b1001000010110 N
b1000001010100 \
b1001010000 j
#3860
b100000110110 @
b1000101111111 N
b1000000100111 \
b101000110000110 j
#3861
b100000011101 @
b1000011101111 N
b1000000000110 \
b110001000101000 j
#3862
b100000001010 @
b1000010001110 N
b111111101101 \
b1001011110 j
#3863
b110010 2
b11111111100 @
b1000001001100 N
b111111011010 \
b110110001100110 j
#3864
b11111110001 @
b1000000010101 N
b111111001100 \
b11000101000110 j
#3865
b11111101001 @
b111111111010 N
b111111000001 \
b100000101010110 j
#3866
b11111100011 @
b111111100101 N
b111110111001 \
b110000111001000 j
#3867
b11111011111 @
b111111010001 N
b111110110011 \
b11111000011010 j
#3868
b11111011100 @
b111111001001 N
b111110101111 \
b11101101001010 j
#3869
b11111011001 @
b111110111111 N
b111110101100 \
b101111011011000 j
#3870
b11111010111 @
b111110110110 N
b111110101001 \
b11001001010100 j
#3871
b101100 2
b11111010110 @
b111110110011 N
b111110100111 \
b11010011011010 j
#3872
b11111010010 $
b11111010101 @
b111110101110 N
b111110100110 \
b11000001101010 j
#3873
b11111010100 @
b111110101010 N
b111110100101 \
b110000100001010 j
#3874
b11111010011 @
b111110101001 N
b111110100100 \
b11010101001110 j
#3875
b110100 2
b11111010010 @
b111110100110 N
b111110100011 \
b11100111000010 j
#3876
b11111010011 $
b111110100101 N
b111110100010 \
b11111000100010 j
#3877
b11000110100110 j
#3878
b111110100011 N
b11000100111100 j
#3879
b111100 2
b111110100010 N
b110001000001110 j
#3880
b11100111100000 j
#3881
b111110100001 N
b11011011000000 j
#3882
b100011010000010 j
#3883
b111010 2
b111110100010 N
b11000011001000 j
#3884
b111110100001 N
b11010101100110 j
#3885
b110110110110010 j
#3886
b111110100010 N
b11000110000110 j
#3887
b110100 2
b111110100001 N
b110111001111110 j
#3888
b110110011110010 j
#3889
b111110100010 N
b101101000010010 j
#3890
b111110100001 N
b110010111011010 j
#3891
b110010 2
b110011100111110 j
#3892
b111110100010 N
b110010010001000 j
#3893
b111110100001 N
b110100001011110 j
#3894
b110100010000010 j
#3895
b101110 2
b111110100010 N
b110111000000110 j
#3896
b11111010010 $
b111110100001 N
b110000111010010 j
#3897
b11011101011110 j
#3898
b111110100010 N
b11010111000110 j
#3899
b101010 2
b111110100001 N
b11101100010100 j
#3900
b11011111100010 j
#3901
b111110100010 N
b101110101001100 j
#3902
b111110100001 N
b110111110000000 j
#3903
b111000 2
b111000001000010 j
#3904
b11111010011 $
b111110100010 N
b110101111001000 j
#3905
b111110100001 N
b11101000000000 j
#3906
b11010101111100 j
#3907
b101100 2
b111110100010 N
b11010010101010 j
#3908
b11111010010 $
b111110100001 N
b11010110000000 j
#3909
b11011011111100 j
#3910
b111110100010 N
b110000110110000 j
#3911
b11111101100100 2
b111110100001 N
b11110101101000 j
#3912
b101111000110 $
b11011000000110 j
#3913
b100011001111 @
b111110100010 N
b110000101101010 j
#3914
b100110001100 @
b111110100001 N
b1000010011111 \
b110011011110110 j
#3915
b11111101100110 2
b101000011010 @
b1000101011100 \
b110110011111010 j
#3916
b101010000101 @
b111110100010 N
b1000111101010 \
b11010110011000 j
#3917
b101011010101 @
b111111011001 N
b1001001010101 \
b11000010101000 j
#3918
b101100010001 @
b1000001110011 N
b1001010100101 \
b11111100001100 j
#3919
b11111101100100 2
b101100111110 @
b1000100011110 N
b1001011100001 \
b110100110000010 j
#3920
b101101100000 @
b1000110110101 N
b1001100001110 \
b111000000110110 j
#3921
b101101111001 @
b1001001000101 N
b1001100110000 \
b110100100110010 j
#3922
b101110001100 @
b1001010100110 N
b1001101001001 \
b110110111011100 j
#3923
b11111101101010 2
b101110011010 @
b1001011101000 N
b1001101011100 \
b101001101101110 j
#3924
b101110100101 @
b1001100011111 N
b1001101101010 \
b101101101101100 j
#3925
b101110101101 @
b1001100111011 N
b1001101110101 \
b101100100100110 j
#3926
b101110110011 @
b1001101010000 N
b1001101111101 \
b101110110100010 j
#3927
b11111101101000 2
b101110110111 @
b1001101100100 N
b1001110000011 \
b100111110010 j
#3928
b101110111010 @
b1001101101100 N
b1001110000111 \
b1100011000 j
#3929
b101110111101 @
b1001101110110 N
b1001110001010 \
b111000100110 j
#3930
b101110111111 @
b1001101111111 N
b1001110001101 \
b101010111111110 j
#3931
b1000000 2
b101111000000 @
b1001110000010 N
b1001110001111 \
b100100101100 j
#3932
b11111010100 $
b101111000001 @
b1001110000111 N
b1001110010000 \
b101010001101000 j
#3933
b101011000101 @
b1001110001011 N
b1001110010001 \
b101100101001010 j
#3934
b101000001000 @
b1001110001100 N
b1001010010101 \
b100100101000 j
#3935
b110110 2
b100101111011 @
b1001110001111 N
b1000111011000 \
b101010100000000 j
#3936
b11111010011 $
b100100010001 @
b1001110010000 N
b1000101001011 \
b111001101010 j
#3937
b100011000001 @
b1001101011000 N
b1000011100001 \
b111110010010 j
#3938
b100010000101 @
b1001011000000 N
b1000010010001 \
b1011111100 j
#3939
b110100 2
b100001011000 @
b1001000010101 N
b1000001010101 \
b110001110100 j
#3940
b100000110110 @
b1000101111110 N
b1000000101000 \
b100110111100 j
#3941
b100000011101 @
b1000011110000 N
b1000000000110 \
b110010001101010 j
#3942
b100000001010 @
b1000010001111 N
b111111101101 \
b101011000011100 j
#3943
b11111111100 @
b1000001001101 N
b111111011010 \
b100001010101010 j
#3944
b11111110001 @
b1000000010111 N
b111111001100 \
b110100010010000 j
#3945
b11111101001 @
b111111111010 N
b111111000001 \
b11011111010010 j
#3946
b11111100011 @
b111111100101 N
b111110111001 \
b11000011100010 j
#3947
b11111011111 @
b111111010010 N
b111110110011 \
b110111011110000 j
#3948
b11111011100 @
b111111001001 N
b111110101111 \
b110100001011000 j
#3949
b11111011001 @
b111110111111 N
b111110101100 \
b110001010111110 j
#3950
b11111010111 @
b111110110110 N
b111110101001 \
b11011101111110 j
#3951
b110010 2
b11111010110 @
b111110110011 N
b111110100111 \
b101110011000010 j
#3952
b11111010101 @
b111110101110 N
b111110100110 \
b11011001110110 j
#3953
b11111010100 @
b111110101010 N
b111110100101 \
b110110110101110 j
#3954
b11111010011 @
b111110101001 N
b111110100100 \
b11010111101010 j
#3955
b111110100110 N
b111110100011 \
b110010010010110 j
#3956
b111110100101 N
b11100111101110 j
#3957
b110110110011000 j
#3958
b111110100011 N
b100000100110100 j
#3959
b101100 2
b110101001110110 j
#3960
b11111010010 $
b11001010010010 j
#3961
b11111010010 @
b111110100010 N
b11001111100110 j
#3962
b111110100011 N
b111110100010 \
b11001000001100 j
#3963
b110100 2
b11001001101110 j
#3964
b11111010011 $
b111110100010 N
b11101000100010 j
#3965
b111110100011 N
b110111000011010 j
#3966
b111110100010 N
b110010001111010 j
#3967
b111110100001 N
b110000000000010 j
#3968
b111110100010 N
b11000001110100 j
#3969
b111110100001 N
b100010111100000 j
#3970
b11111100110010 j
#3971
b110010 2
b111110100010 N
b11010110000110 j
#3972
b111110100001 N
b11111011001010 j
#3973
b11010000001000 j
#3974
b111110100010 N
b11100011010100 j
#3975
b110000 2
b111110100001 N
b11011000100110 j
#3976
b110110000011100 j
#3977
b111110100010 N
b11100101000000 j
#3978
b111110100001 N
b11001000010100 j
#3979
b111010 2
b11100101100110 j
#3980
b111110100010 N
b11001001011010 j
#3981
b111110100001 N
b110101111001010 j
#3982
b110110101100000 j
#3983
b110000 2
b111110100010 N
b110010000100110 j
#3984
b111110100001 N
b110001110100100 j
#3985
b110110111110110 j
#3986
b111110100010 N
b101111110101110 j
#3987
b110010 2
b111110100001 N
b11111011101000 j
#3988
b110000101101010 j
#3989
b111110100010 N
b110010101000110 j
#3990
b111110100001 N
b11001111100000 j
#3991
b101100 2
b110111001010010 j
#3992
b11111010010 $
b111110100010 N
b110000111100010 j
#3993
b111110100001 N
b11011001100100 j
#3994
b100000100111010 j
#3995
b111100 2
b111110100010 N
b101111111000000 j
#3996
b11111010011 $
b111110100001 N
b11000010001010 j
#3997
b110110100101000 j
#3998
b111110100010 N
b11010011001000 j
#3999
b110010 2
b111110100001 N
b110111110001100 j
#4000
b110110000100000 j
#4001
b111110100010 N
b11101101100100 j
#4002
b111110100001 N
b11001000011000 j
#4003
b101110 2
b11100101011110 j
#4004
b11111010010 $
b111110100010 N
b110010000011110 j
#4005
b111110100001 N
b110111011001110 j
#4006
b110111000001110 j
#4007
b111110100010 N
b11000111110110 j
#4008
b111110100001 N
b11001000011100 j
#4009
b11001111000000 j
#4010
b111110100010 N
b11001100011000 j
#4011
b11111101100110 2
b111110100001 N
b11100111100110 j
#4012
b101111000110 $
b11000100001100 j
#4013
b100011001111 @
b111110100010 N
b110100111011000 j
#4014
b100110001100 @
b111110100001 N
b1000010011111 \
b11000110101010 j
#4015
b11111101101010 2
b101000011010 @
b1000101011100 \
b110111001100110 j
#4016
b101010000101 @
b111110100010 N
b1000111101010 \
b11010111100010 j
#4017
b101011010101 @
b111111011001 N
b1001001010101 \
b110010100001010 j
#4018
b101100010001 @
b1000001110011 N
b1001010100101 \
b110100011111010 j
#4019
b11111101101000 2
b101100111110 @
b1000100011110 N
b1001011100001 \
b11001100110100 j
#4020
b101101100000 @
b1000110110101 N
b1001100001110 \
b11000101010000 j
#4021
b101101111001 @
b1001001000101 N
b1001100110000 \
b110100001011000 j
#4022
b101110001100 @
b1001010100110 N
b1001101001001 \
b110100100111000 j
#4023
b11111101100100 2
b101110011010 @
b1001011101000 N
b1001101011100 \
b1010100010 j
#4024
b101110100101 @
b1001100011111 N
b1001101101010 \
b111010010100 j
#4025
b101110101101 @
b1001100111011 N
b1001101110101 \
b110101100010 j
#4026
b101110110011 @
b1001101010000 N
b1001101111101 \
b100101001010 j
#4027
b11111101101000 2
b101110110111 @
b1001101100100 N
b1001110000011 \
b101100110110000 j
#4028
b101110111010 @
b1001101101100 N
b1001110000111 \
b101010001111010 j
#4029
b101110111101 @
b1001101110110 N
b1001110001010 \
b101100100100 j
#4030
b101110111111 @
b1001101111111 N
b1001110001101 \
b110101111100 j
#4031
b11111101100110 2
b101111000000 @
b1001110000010 N
b1001110001111 \
b111010111010 j
#4032
b101111000001 @
b1001110000111 N
b1001110010000 \
b101011100010 j
#4033
b101111000010 @
b1001110001011 N
b1001110010001 \
b101010101010100 j
#4034
b101111000011 @
b1001110001100 N
b1001110010010 \
b11001111000 j
#4035
b11111101100010 2
b1001110001111 N
b1001110010011 \
b11010111100 j
#4036
b1001110010000 N
b101100011010110 j
#4037
b101011111000110 j
#4038
b1001110010010 N
b10011000010 j
#4039
b11111101101010 2
b101000001010100 j
#4040
b101101000111110 j
#4041
b1001110010011 N
b100111111001000 j
#4042
b1001110010010 N
b101100011101010 j
#4043
b111101100101100 j
#4044
b1001110010011 N
b101101011001000 j
#4045
b1001110010010 N
b110001100110 j
#4046
b101001111001010 j
#4047
b11111101100110 2
b1001110010011 N
b111010110110 j
#4048
b1001110010010 N
b10011010 j
#4049
b101011000001100 j
#4050
b1001110010011 N
b100111111000010 j
#4051
b111010 2
b1001110010010 N
b101000001010110 j
#4052
b11111010011 $
b101001101011010 j
#4053
b101011000111 @
b1001110010011 N
b101011011111100 j
#4054
b101000001010 @
b1001110010010 N
b1001010010111 \
b100110011100 j
#4055
b111000 2
b100101111100 @
b1000111011010 \
b111111110100010 j
#4056
b100100010001 @
b1001110010011 N
b1000101001100 \
b110111010010 j
#4057
b100011000001 @
b1001101011010 N
b1000011100001 \
b101001000001000 j
#4058
b100010000101 @
b1001011000010 N
b1000010010001 \
b101011010010110 j
#4059
b110110 2
b100001011000 @
b1001000010111 N
b1000001010101 \
b11001010000 j
#4060
b100000110110 @
b1000101111111 N
b1000000101000 \
b100111011000 j
#4061
b100000011101 @
b1000011110001 N
b1000000000110 \
b10001010010 j
#4062
b100000001010 @
b1000010001111 N
b111111101101 \
b101100011101110 j
#4063
b110100 2
b11111111100 @
b1000001001101 N
b111111011010 \
b11111100111010 j
#4064
b11111110001 @
b1000000010111 N
b111111001100 \
b11011001101000 j
#4065
b11111101001 @
b111111111010 N
b111111000001 \
b11101100000000 j
#4066
b11111100011 @
b111111100101 N
b111110111001 \
b11001111010010 j
#4067
b11111011111 @
b111111010010 N
b111110110011 \
b110010110011000 j
#4068
b11111011100 @
b111111001001 N
b111110101111 \
b110100100100100 j
#4069
b11111011001 @
b111110111111 N
b111110101100 \
b11010010111000 j
#4070
b11111010111 @
b111110110110 N
b111110101001 \
b11010110101010 j
#4071
b11111101110000 2
b11111010110 @
b111110110011 N
b111110100111 \
b11101001000000 j
#4072
b101111000111 $
b11111010101 @
b111110101110 N
b111110100110 \
b110011100011100 j
#4073
b100011010001 @
b111110101010 N
b111110100101 \
b11111111110110 j
#4074
b100110001110 @
b111110101001 N
b1000010100001 \
b101101001100010 j
#4075
b11111101101000 2
b101000011100 @
b111110100110 N
b1000101011110 \
b11101001110100 j
#4076
b101111000110 $
b101010000110 @
b111110100101 N
b1000111101100 \
b110111111011010 j
#4077
b101011010110 @
b111111011101 N
b1001001010110 \
b101111101100100 j
#4078
b101100010010 @
b1000001110101 N
b1001010100110 \
b100010011110010 j
#4079
b101100111111 @
b1000100100000 N
b1001011100010 \
b110100001100000 j
#4080
b101101100000 @
b1000110110111 N
b1001100001111 \
b11000001100110 j
#4081
b101101111001 @
b1001001000101 N
b1001100110000 \
b110100111100010 j
#4082
b101110001100 @
b1001010100111 N
b1001101001001 \
b110001000000000 j
#4083
b11111101100010 2
b101110011010 @
b1001011101001 N
b1001101011100 \
b101100010111000 j
#4084
b101110100101 @
b1001100011111 N
b1001101101010 \
b101010110110 j
#4085
b101110101101 @
b1001100111011 N
b1001101110101 \
b111100001100 j
#4086
b101110110011 @
b1001101010000 N
b1001101111101 \
b111111010010110 j
#4087
b11111101101010 2
b101110110111 @
b1001101100011 N
b1001110000011 \
b110111101010 j
#4088
b101110111010 @
b1001101101100 N
b1001110000111 \
b110011101010 j
#4089
b101110111101 @
b1001101110110 N
b1001110001010 \
b111100000000 j
#4090
b101110111111 @
b1001101111111 N
b1001110001101 \
b101010001010100 j
#4091
b11111101101100 2
b101111000000 @
b1001110000010 N
b1001110001111 \
b101010011001000 j
#4092
b101111000001 @
b1001110000111 N
b1001110010000 \
b1100010010 j
#4093
b101111000010 @
b1001110001011 N
b1001110010001 \
b11010101000 j
#4094
b101111000011 @
b1001110001100 N
b1001110010010 \
b11010010000 j
#4095
b11111101100110 2
b1001110001111 N
b1001110010011 \
b101011111010010 j
