#
# A fatal error has been detected by the Java Runtime Environment:
#
#  EXCEPTION_ACCESS_VIOLATION (0xc0000005) at pc=0x00007fffde187291, pid=21140, tid=13108
#
# JRE version: OpenJDK Runtime Environment Temurin-21.0.1+12 (21.0.1+12) (build 21.0.1+12-LTS)
# Java VM: OpenJDK 64-Bit Server VM Temurin-21.0.1+12 (21.0.1+12-LTS, mixed mode, sharing, tiered, compressed oops, compressed class ptrs, g1 gc, windows-amd64)
# Problematic frame:
# C  [xv_coregen.dll+0x1417291]
#
# No core dump will be written. Minidumps are not enabled by default on client versions of Windows
#
# If you would like to submit a bug report, please visit:
#   https://github.com/adoptium/adoptium-support/issues
# The crash happened outside the Java Virtual Machine in native code.
# See problematic frame for where to report the bug.
#

---------------  S U M M A R Y ------------

Command Line: -Dsun.java2d.pmoffscreen=false -Dhttps.protocols=TLSv1,TLSv1.1,TLSv1.2 -Dsun.java2d.xrender=false -Dsun.java2d.d3d=false -Dsun.awt.nopixfmt=true -Dsun.java2d.dpiaware=true -Dsun.java2d.uiScale.enabled=false -Dswing.aatext=true -XX:-UsePerfData -Djdk.map.althashing.threshold=512 -XX:StringTableSize=4072 -XX:+UseStringDeduplication -XX:MaxGCPauseMillis=200 -XX:ParallelGCThreads=4 -XX:+ParallelRefProcEnabled --add-opens=java.desktop/javax.swing.plaf.synth=ALL-UNNAMED --add-opens=java.base/java.nio=ALL-UNNAMED --add-opens=java.desktop/sun.swing=ALL-UNNAMED --add-opens=java.desktop/javax.swing=ALL-UNNAMED --add-opens=java.desktop/javax.swing.tree=ALL-UNNAMED --add-opens=java.desktop/javax.swing.plaf.basic=ALL-UNNAMED --add-opens=java.desktop/javax.swing.plaf.synth=ALL-UNNAMED --add-opens=java.desktop/javax.swing.plaf.basic=ALL-UNNAMED --add-opens=java.desktop/javax.swing=ALL-UNNAMED --add-opens=java.desktop/javax.swing.tree=ALL-UNNAMED --add-opens=java.desktop/java.awt.event=ALL-UNNAMED --add-exports=java.desktop/javax.swing.plaf.synth=ALL-UNNAMED --add-exports=java.base/java.nio=ALL-UNNAMED --add-exports=java.desktop/sun.swing=ALL-UNNAMED --add-exports=java.desktop/javax.swing=ALL-UNNAMED --add-exports=java.desktop/javax.swing.tree=ALL-UNNAMED --add-exports=java.desktop/javax.swing.plaf.basic=ALL-UNNAMED --add-exports=java.desktop/sun.swing=ALL-UNNAMED --add-exports=java.desktop/sun.swing.table=ALL-UNNAMED --add-exports=java.desktop/sun.swing.plaf.synth=ALL-UNNAMED --add-exports=java.desktop/sun.awt.shell=ALL-UNNAMED --add-exports=java.base/sun.security.action=ALL-UNNAMED --add-exports=java.desktop/sun.font=ALL-UNNAMED -XX:NewSize=80m -XX:MaxNewSize=80m -Xms512m -Xmx4072m -Xss10m 

Host: Intel(R) Core(TM) i7-14700, 28 cores, 31G,  Windows 11 , 64 bit Build 26100 (10.0.26100.8246)
Time: Wed May 13 15:35:36 2026 W. Europe Daylight Time elapsed time: 2866.857582 seconds (0d 0h 47m 46s)

---------------  T H R E A D  ---------------

Current thread (0x0000025c8929fdb0):  JavaThread "AWT-EventQueue-0"        [_thread_in_native, id=13108, stack(0x000000b663000000,0x000000b663a00000) (10240K)]

Stack: [0x000000b663000000,0x000000b663a00000],  sp=0x000000b6639fcfd0,  free space=10227k
Native frames: (J=compiled Java code, j=interpreted, Vv=VM code, C=native code)
C  [xv_coregen.dll+0x1417291]
C  0x0000025c344d7a48

The last pc belongs to native nmethod (printed below).
Java frames: (J=compiled Java code, j=interpreted, Vv=VM code)
J 29465  ui.customizerjni.HACGCJModelJNI.HACGCGuiCommon_getName(JLui/customizerjni/HACGCGuiCommon;)Ljava/lang/String; (0 bytes) @ 0x0000025c344d79ad [0x0000025c344d7940+0x000000000000006d]
J 30505 c1 ui.data.coregen.xpegua.D$a.getListCellRendererComponent(Ljavax/swing/JList;Ljava/lang/Object;IZZ)Ljava/awt/Component; (102 bytes) @ 0x0000025c2ca0144c [0x0000025c2ca00e80+0x00000000000005cc]
J 26817 c1 javax.swing.plaf.basic.BasicListUI.updateLayoutState()V java.desktop@21.0.1 (285 bytes) @ 0x0000025c2d0e62b4 [0x0000025c2d0e5940+0x0000000000000974]
J 25388 c2 javax.swing.plaf.basic.BasicListUI.maybeUpdateLayoutState()V java.desktop@21.0.1 (17 bytes) @ 0x0000025c33df2188 [0x0000025c33df2120+0x0000000000000068]
J 26830 c1 javax.swing.plaf.basic.BasicListUI$Handler.valueChanged(Ljavax/swing/event/ListSelectionEvent;)V java.desktop@21.0.1 (109 bytes) @ 0x0000025c2cf4c25c [0x0000025c2cf4c140+0x000000000000011c]
J 22521 c1 javax.swing.DefaultListSelectionModel.fireValueChanged(IIZ)V java.desktop@21.0.1 (76 bytes) @ 0x0000025c2c478dec [0x0000025c2c478900+0x00000000000004ec]
J 27320 c2 javax.swing.DefaultListSelectionModel.fireValueChanged()V java.desktop@21.0.1 (74 bytes) @ 0x0000025c349b5518 [0x0000025c349b54a0+0x0000000000000078]
J 24163 c1 javax.swing.DefaultListSelectionModel.changeSelection(IIIIZ)V java.desktop@21.0.1 (106 bytes) @ 0x0000025c2d101134 [0x0000025c2d100b20+0x0000000000000614]
J 25415 c1 javax.swing.DefaultListSelectionModel.changeSelection(IIII)V java.desktop@21.0.1 (11 bytes) @ 0x0000025c2c49d1c4 [0x0000025c2c49d140+0x0000000000000084]
J 31651 c1 javax.swing.DefaultListSelectionModel.setSelectionInterval(II)V java.desktop@21.0.1 (63 bytes) @ 0x0000025c2ca246bc [0x0000025c2ca24380+0x000000000000033c]
J 20991 c1 javax.swing.plaf.basic.BasicComboPopup.configureList()V java.desktop@21.0.1 (122 bytes) @ 0x0000025c2c342b54 [0x0000025c2c340a00+0x0000000000002154]
J 20963 c1 javax.swing.plaf.basic.BasicComboPopup.<init>(Ljavax/swing/JComboBox;)V java.desktop@21.0.1 (101 bytes) @ 0x0000025c2b9d965c [0x0000025c2b9d8f20+0x000000000000073c]
J 21092 c1 ui.utils.lnf.HSyntheticaComboBoxUI.createPopup()Ljavax/swing/plaf/basic/ComboPopup; (26 bytes) @ 0x0000025c2baf6634 [0x0000025c2baf64c0+0x0000000000000174]
J 20962 c1 javax.swing.plaf.basic.BasicComboBoxUI.installUI(Ljavax/swing/JComponent;)V java.desktop@21.0.1 (225 bytes) @ 0x0000025c2bac0e5c [0x0000025c2bac0b60+0x00000000000002fc]
J 21077 c1 javax.swing.plaf.synth.SynthComboBoxUI.installUI(Ljavax/swing/JComponent;)V java.desktop@21.0.1 (18 bytes) @ 0x0000025c2c4fcf24 [0x0000025c2c4fcd60+0x00000000000001c4]
J 13790 c2 javax.swing.JComponent.setUI(Ljavax/swing/plaf/ComponentUI;)V java.desktop@21.0.1 (72 bytes) @ 0x0000025c33c13f9c [0x0000025c33c13660+0x000000000000093c]
J 21076 c1 javax.swing.JComboBox.updateUI()V java.desktop@21.0.1 (59 bytes) @ 0x0000025c2b936664 [0x0000025c2b9363c0+0x00000000000002a4]
j  ui.utils.swing.e.d.updateUI()V+1
J 32073 c2 javax.swing.SwingUtilities.updateComponentTreeUI0(Ljava/awt/Component;)V java.desktop@21.0.1 (100 bytes) @ 0x0000025c333ff038 [0x0000025c333fed20+0x0000000000000318]
J 32073 c2 javax.swing.SwingUtilities.updateComponentTreeUI0(Ljava/awt/Component;)V java.desktop@21.0.1 (100 bytes) @ 0x0000025c333ff28c [0x0000025c333fed20+0x000000000000056c]
J 32073 c2 javax.swing.SwingUtilities.updateComponentTreeUI0(Ljava/awt/Component;)V java.desktop@21.0.1 (100 bytes) @ 0x0000025c333ff28c [0x0000025c333fed20+0x000000000000056c]
J 32073 c2 javax.swing.SwingUtilities.updateComponentTreeUI0(Ljava/awt/Component;)V java.desktop@21.0.1 (100 bytes) @ 0x0000025c333ff28c [0x0000025c333fed20+0x000000000000056c]
J 32073 c2 javax.swing.SwingUtilities.updateComponentTreeUI0(Ljava/awt/Component;)V java.desktop@21.0.1 (100 bytes) @ 0x0000025c333ff28c [0x0000025c333fed20+0x000000000000056c]
J 32073 c2 javax.swing.SwingUtilities.updateComponentTreeUI0(Ljava/awt/Component;)V java.desktop@21.0.1 (100 bytes) @ 0x0000025c333ff28c [0x0000025c333fed20+0x000000000000056c]
J 32073 c2 javax.swing.SwingUtilities.updateComponentTreeUI0(Ljava/awt/Component;)V java.desktop@21.0.1 (100 bytes) @ 0x0000025c333ff28c [0x0000025c333fed20+0x000000000000056c]
J 32073 c2 javax.swing.SwingUtilities.updateComponentTreeUI0(Ljava/awt/Component;)V java.desktop@21.0.1 (100 bytes) @ 0x0000025c333ff28c [0x0000025c333fed20+0x000000000000056c]
J 32073 c2 javax.swing.SwingUtilities.updateComponentTreeUI0(Ljava/awt/Component;)V java.desktop@21.0.1 (100 bytes) @ 0x0000025c333ff28c [0x0000025c333fed20+0x000000000000056c]
J 17958 c1 javax.swing.SwingUtilities.updateComponentTreeUI(Ljava/awt/Component;)V java.desktop@21.0.1 (17 bytes) @ 0x0000025c2b842cec [0x0000025c2b842c80+0x000000000000006c]
j  com.jidesoft.plaf.WindowsDesktopProperty.updateWindowUI(Ljava/awt/Window;)V+1
j  com.jidesoft.plaf.WindowsDesktopProperty.updateWindowUI(Ljava/awt/Window;)V+31
j  com.jidesoft.plaf.WindowsDesktopProperty.updateAllUIs()V+23
j  com.jidesoft.plaf.WindowsDesktopProperty.access$000()V+0
j  com.jidesoft.plaf.WindowsDesktopProperty$1.run()V+0
J 18215 c2 java.awt.EventQueue$4.run()Ljava/lang/Void; java.desktop@21.0.1 (60 bytes) @ 0x0000025c3332ac24 [0x0000025c3332a860+0x00000000000003c4]
J 14781 c2 java.awt.EventQueue.dispatchEvent(Ljava/awt/AWTEvent;)V java.desktop@21.0.1 (80 bytes) @ 0x0000025c33d7f114 [0x0000025c33d7e2e0+0x0000000000000e34]
J 25106 c2 ui.frmwork.a.d.dispatchEvent(Ljava/awt/AWTEvent;)V (41 bytes) @ 0x0000025c336e0dbc [0x0000025c336dffa0+0x0000000000000e1c]
J 20529 c2 java.awt.EventDispatchThread.pumpOneEventForFilters(I)V java.desktop@21.0.1 (106 bytes) @ 0x0000025c34196eb8 [0x0000025c34196a80+0x0000000000000438]
J 25547 c2 java.awt.EventDispatchThread.pumpEventsForFilter(ILjava/awt/Conditional;Ljava/awt/EventFilter;)V java.desktop@21.0.1 (47 bytes) @ 0x0000025c3379869c [0x0000025c337983a0+0x00000000000002fc]
j  java.awt.EventDispatchThread.pumpEventsForFilter(Ljava/awt/Conditional;Ljava/awt/EventFilter;)V+4 java.desktop@21.0.1
j  java.awt.WaitDispatchSupport$2.run()V+59 java.desktop@21.0.1
j  java.awt.WaitDispatchSupport$4.run()Ljava/lang/Void;+4 java.desktop@21.0.1
j  java.awt.WaitDispatchSupport$4.run()Ljava/lang/Object;+1 java.desktop@21.0.1
J 6201 c2 java.security.AccessController.doPrivileged(Ljava/security/PrivilegedAction;)Ljava/lang/Object; java.base@21.0.1 (9 bytes) @ 0x0000025c335a8264 [0x0000025c335a8220+0x0000000000000044]
j  java.awt.WaitDispatchSupport.enter()Z+266 java.desktop@21.0.1
j  java.awt.Dialog.show()V+225 java.desktop@21.0.1
J 10384 c1 java.awt.Component.setVisible(Z)V java.desktop@21.0.1 (6 bytes) @ 0x0000025c2bfccc5c [0x0000025c2bfcca60+0x00000000000001fc]
j  java.awt.Window.setVisible(Z)V+2 java.desktop@21.0.1
j  java.awt.Dialog.setVisible(Z)V+2 java.desktop@21.0.1
j  ui.dlg.c.e.setVisible(Z)V+2
j  ui.dlg.c.e.a(IILjava/awt/Component;)V+664
j  ui.dlg.c.e.a(IIZLjava/awt/Component;)V+112
j  ui.dlg.c.e.si(Z)V+5
j  ui.dlg.project.W$a.htv()V+81
j  ui.dlg.project.W$a.gnQ()V+1
j  ui.dlg.project.W$a$$Lambda+0x0000025c42f9c898.run()V+4
J 18215 c2 java.awt.EventQueue$4.run()Ljava/lang/Void; java.desktop@21.0.1 (60 bytes) @ 0x0000025c3332ac24 [0x0000025c3332a860+0x00000000000003c4]
J 14781 c2 java.awt.EventQueue.dispatchEvent(Ljava/awt/AWTEvent;)V java.desktop@21.0.1 (80 bytes) @ 0x0000025c33d7f114 [0x0000025c33d7e2e0+0x0000000000000e34]
J 25106 c2 ui.frmwork.a.d.dispatchEvent(Ljava/awt/AWTEvent;)V (41 bytes) @ 0x0000025c336e0dbc [0x0000025c336dffa0+0x0000000000000e1c]
J 20529 c2 java.awt.EventDispatchThread.pumpOneEventForFilters(I)V java.desktop@21.0.1 (106 bytes) @ 0x0000025c34196eb8 [0x0000025c34196a80+0x0000000000000438]
J 24965% c2 java.awt.EventDispatchThread.pumpEventsForFilter(ILjava/awt/Conditional;Ljava/awt/EventFilter;)V java.desktop@21.0.1 (47 bytes) @ 0x0000025c3374bf50 [0x0000025c3374bea0+0x00000000000000b0]
j  java.awt.EventDispatchThread.pumpEventsForHierarchy(ILjava/awt/Conditional;Ljava/awt/Component;)V+11 java.desktop@21.0.1
j  java.awt.EventDispatchThread.pumpEvents(ILjava/awt/Conditional;)V+4 java.desktop@21.0.1
j  java.awt.EventDispatchThread.pumpEvents(Ljava/awt/Conditional;)V+3 java.desktop@21.0.1
j  java.awt.EventDispatchThread.run()V+9 java.desktop@21.0.1
v  ~StubRoutines::call_stub 0x0000025c32b4100d

siginfo: EXCEPTION_ACCESS_VIOLATION (0xc0000005), reading address 0xffffffffffffffff


Registers:
RAX=0x00690072006b002d, RBX=0x0000025c42f77278, RCX=0x0000025ca7f99330, RDX=0x000000b6639fd008
RSP=0x000000b6639fcfd0, RBP=0x000000b6639fd110, RSI=0x0000000000000000, RDI=0x0000025c892a0168
R8 =0x0000025ca7f99330, R9 =0x000000b6639fd0d8, R10=0x00007fffffee9aae, R11=0x0000025c41000000
R12=0x0000000000000000, R13=0x0000025c42f77278, R14=0x000000b6639fd100, R15=0x0000025c8929fdb0
RIP=0x00007fffde187291, EFLAGS=0x0000000000010246


Register to memory mapping:

RAX=0x00690072006b002d is an unknown value
RBX=0x0000025c42f77278 is a pointer to class: 
ui.data.coregen.xpegua.aB {0x0000025c42f77280}
 - instance size:     3
 - klass size:        76
 - access:            public synchronized 
 - flags:             rewritten has_nonstatic_fields should_verify_class 
 - state:             fully_initialized
 - name:              'ui/data/coregen/xpegua/aB'
 - super:             'ui/utils/swing/e/d$d'
 - sub:               
 - arrays:            null
 - methods:           Array<T>(0x0000025ca0bd5518)
 - method ordering:   Array<T>(0x0000025c41b2cb90)
 - default_methods:   Array<T>(0x0000000000000000)
 - local interfaces:  Array<T>(0x0000025c41612ec0)
 - trans. interfaces: Array<T>(0x0000025c8481a5f8)
 - constants:         constant pool [30] {0x0000025ca0bd53c0} for 'ui/data/coregen/xpegua/aB' cache=0x0000025ca0bd5908
 - class loader data:  loader data: 0x0000025c22bd50d0 for instance a 'jdk/internal/loader/ClassLoaders$AppClassLoader'{0x0000000702800f98}
 - source file:       'SourceFile'
 - class annotations:       Array<T>(0x0000000000000000)
 - class type annotations:  Array<T>(0x0000000000000000)
 - field annotations:       Array<T>(0x0000000000000000)
 - field type annotations:  Array<T>(0x0000000000000000)
 - inner classes:     Array<T>(0x0000025ca0bd5720)
 - nest members:     Array<T>(0x0000025c41612e48)
 - permitted subclasses:     Array<T>(0x0000025c41612e48)
 - java mirror:       a 'java/lang/Class'{0x0000000708fdc820} = 'ui/data/coregen/xpegua/aB'
 - vtable length      11  (start addr: 0x0000025c42f77440)
 - itable length      7 (start addr: 0x0000025c42f77498)
 - ---- static fields (0 words):
 - ---- non-static fields (3 words):
 - 'tUG' 'Z' @12 
 - 'tUH' 'Z' @13 
 - 'tUF' 'Ljava/lang/Object;' @16 
 - 'fIs' 'Lui/customizerjni/HACGCPairStrStr;' @20 
 - non-static oop maps: 16-20 
RCX=0x0000025ca7f99330 points into unknown readable memory: 0x00690072006b002d | 2d 00 6b 00 72 00 69 00
RDX=0x000000b6639fd008 is pointing into the stack for thread: 0x0000025c8929fdb0
RSP=0x000000b6639fcfd0 is pointing into the stack for thread: 0x0000025c8929fdb0
RBP=0x000000b6639fd110 is pointing into the stack for thread: 0x0000025c8929fdb0
RSI=0x0 is null
RDI=0x0000025c892a0168 points into unknown readable memory: 0x00007fffffe7f790 | 90 f7 e7 ff ff 7f 00 00
R8 =0x0000025ca7f99330 points into unknown readable memory: 0x00690072006b002d | 2d 00 6b 00 72 00 69 00
R9 =0x000000b6639fd0d8 is pointing into the stack for thread: 0x0000025c8929fdb0
R10=0x00007fffffee9aae jvm.dll
R11=0x0000025c41000000 is pointing into metadata
R12=0x0 is null
R13=0x0000025c42f77278 is a pointer to class: 
ui.data.coregen.xpegua.aB {0x0000025c42f77280}
 - instance size:     3
 - klass size:        76
 - access:            public synchronized 
 - flags:             rewritten has_nonstatic_fields should_verify_class 
 - state:             fully_initialized
 - name:              'ui/data/coregen/xpegua/aB'
 - super:             'ui/utils/swing/e/d$d'
 - sub:               
 - arrays:            null
 - methods:           Array<T>(0x0000025ca0bd5518)
 - method ordering:   Array<T>(0x0000025c41b2cb90)
 - default_methods:   Array<T>(0x0000000000000000)
 - local interfaces:  Array<T>(0x0000025c41612ec0)
 - trans. interfaces: Array<T>(0x0000025c8481a5f8)
 - constants:         constant pool [30] {0x0000025ca0bd53c0} for 'ui/data/coregen/xpegua/aB' cache=0x0000025ca0bd5908
 - class loader data:  loader data: 0x0000025c22bd50d0 for instance a 'jdk/internal/loader/ClassLoaders$AppClassLoader'{0x0000000702800f98}
 - source file:       'SourceFile'
 - class annotations:       Array<T>(0x0000000000000000)
 - class type annotations:  Array<T>(0x0000000000000000)
 - field annotations:       Array<T>(0x0000000000000000)
 - field type annotations:  Array<T>(0x0000000000000000)
 - inner classes:     Array<T>(0x0000025ca0bd5720)
 - nest members:     Array<T>(0x0000025c41612e48)
 - permitted subclasses:     Array<T>(0x0000025c41612e48)
 - java mirror:       a 'java/lang/Class'{0x0000000708fdc820} = 'ui/data/coregen/xpegua/aB'
 - vtable length      11  (start addr: 0x0000025c42f77440)
 - itable length      7 (start addr: 0x0000025c42f77498)
 - ---- static fields (0 words):
 - ---- non-static fields (3 words):
 - 'tUG' 'Z' @12 
 - 'tUH' 'Z' @13 
 - 'tUF' 'Ljava/lang/Object;' @16 
 - 'fIs' 'Lui/customizerjni/HACGCPairStrStr;' @20 
 - non-static oop maps: 16-20 
R14=0x000000b6639fd100 is pointing into the stack for thread: 0x0000025c8929fdb0
R15=0x0000025c8929fdb0 is a thread

Top of Stack: (sp=0x000000b6639fcfd0)
0x000000b6639fcfd0:   34e63b4167e12cdf 000e178101b4d89f
0x000000b6639fcfe0:   e206a6b927a4b54d b8338a744a31be52
0x000000b6639fcff0:   0000025c892a0168 5087926c2c078892
0x000000b6639fd000:   7390eba51cfaab1c 5fa576e1fe5e555a
0x000000b6639fd010:   0000025c8929fdb0 0000025c422be900
0x000000b6639fd020:   0000025c42f77278 0000000000000000
0x000000b6639fd030:   0000025c41000000 0000000000000000
0x000000b6639fd040:   000000000000000f 000000070b187678
0x000000b6639fd050:   0000025ca0b41578 000000070b187678
0x000000b6639fd060:   000000b6639fd098 5087926c2c078892
0x000000b6639fd070:   0000025c42f77278 0000025ca7f99330
0x000000b6639fd080:   000000b6639fd0a8 0000000000000001
0x000000b6639fd090:   00003c8c177d46ad 000000b6639fd110
0x000000b6639fd0a0:   0000025ca0b41578 0000025c344d7a48
0x000000b6639fd0b0:   0000000727118330 0000025c42f77278
0x000000b6639fd0c0:   000000070b184a80 000000070b187678
0x000000b6639fd0d0:   0000000727115bc0 000000070b187678
0x000000b6639fd0e0:   0000000b00000006 0000000000000000
0x000000b6639fd0f0:   0000000702b3a638 0000000727118330
0x000000b6639fd100:   00000007053b7e48 0000000700000000
0x000000b6639fd110:   0000000727115bc0 0000025c2ca0144c
0x000000b6639fd120:   00000007032efda0 0000025c332a1284
0x000000b6639fd130:   000000070b184770 0000000700000002
0x000000b6639fd140:   000000070b184d50 0000025c340663e8
0x000000b6639fd150:   0000000000000001 000000070b184a80
0x000000b6639fd160:   0000000727115bc0 0000025c2cb16174
0x000000b6639fd170:   0000000701a66050 000000070b1849a8
0x000000b6639fd180:   000000070b184a80 0000000727115900
0x000000b6639fd190:   0000000000000002 0000000000000000
0x000000b6639fd1a0:   000000070b187678 0000000702b37f38
0x000000b6639fd1b0:   0000000727115bc0 0000025c2d0e62b4
0x000000b6639fd1c0:   00000007033524c8 e034506600000000 

Instructions: (pc=0x00007fffde187291)
0x00007fffde187191:   48 89 84 24 a0 00 00 00 48 89 4c 24 20 41 0f b6
0x00007fffde1871a1:   40 78 48 8b 8c 24 a0 00 00 00 48 33 cc e8 ad ba
0x00007fffde1871b1:   63 00 48 81 c4 b8 00 00 00 c3 32 c0 48 8b 8c 24
0x00007fffde1871c1:   a0 00 00 00 48 33 cc e8 93 ba 63 00 48 81 c4 b8
0x00007fffde1871d1:   00 00 00 c3 eb e4 eb e2 cc cc cc cc cc cc cc 48
0x00007fffde1871e1:   81 ec b8 00 00 00 48 8b 05 8a b3 74 01 48 33 c4
0x00007fffde1871f1:   48 89 84 24 a0 00 00 00 48 89 4c 24 20 41 0f b6
0x00007fffde187201:   40 28 48 8b 8c 24 a0 00 00 00 48 33 cc e8 4d ba
0x00007fffde187211:   63 00 48 81 c4 b8 00 00 00 c3 32 c0 48 8b 8c 24
0x00007fffde187221:   a0 00 00 00 48 33 cc e8 33 ba 63 00 48 81 c4 b8
0x00007fffde187231:   00 00 00 c3 eb e4 eb e2 cc cc cc cc cc cc cc 48
0x00007fffde187241:   89 5c 24 10 48 89 74 24 20 57 48 81 ec d0 00 00
0x00007fffde187251:   00 48 8b 05 1f b3 74 01 48 33 c4 48 89 84 24 c0
0x00007fffde187261:   00 00 00 48 8b f9 48 89 4c 24 20 33 f6 48 89 74
0x00007fffde187271:   24 58 48 89 74 24 68 48 c7 44 24 70 0f 00 00 00
0x00007fffde187281:   40 88 74 24 58 49 8b 00 48 8d 54 24 38 49 8b c8
0x00007fffde187291:   ff 50 08 48 8b d8 48 8d 44 24 58 48 3b c3 74 6c
0x00007fffde1872a1:   48 8b 54 24 70 48 83 fa 10 72 2e 48 ff c2 48 8b
0x00007fffde1872b1:   4c 24 58 48 8b c1 48 81 fa 00 10 00 00 72 15 48
0x00007fffde1872c1:   83 c2 27 48 8b 49 f8 48 2b c1 48 83 c0 f8 48 83
0x00007fffde1872d1:   f8 1f 77 6c e8 ae b0 63 00 48 89 74 24 68 48 c7
0x00007fffde1872e1:   44 24 70 0f 00 00 00 c6 44 24 58 00 0f 10 03 0f
0x00007fffde1872f1:   11 44 24 58 0f 10 4b 10 0f 11 4c 24 68 48 89 73
0x00007fffde187301:   10 48 c7 43 18 0f 00 00 00 c6 03 00 48 8b 54 24
0x00007fffde187311:   50 48 83 fa 10 72 36 48 ff c2 48 8b 4c 24 38 48
0x00007fffde187321:   8b c1 48 81 fa 00 10 00 00 72 1c 48 83 c2 27 48
0x00007fffde187331:   8b 49 f8 48 2b c1 48 83 c0 f8 48 83 f8 1f 76 07
0x00007fffde187341:   ff 15 51 e6 f2 00 cc e8 3b b0 63 00 90 48 8d 54
0x00007fffde187351:   24 58 48 83 7c 24 70 10 48 0f 43 54 24 58 48 8b
0x00007fffde187361:   07 4c 8b 80 38 05 00 00 48 8b cf 41 ff d0 48 8b
0x00007fffde187371:   d8 48 8b 54 24 70 48 83 fa 10 72 32 48 ff c2 48
0x00007fffde187381:   8b 4c 24 58 48 8b c1 48 81 fa 00 10 00 00 72 19 


Stack slot to memory mapping:

stack at sp + 0 slots: 0x34e63b4167e12cdf is an unknown value
stack at sp + 1 slots: 0x000e178101b4d89f is an unknown value
stack at sp + 2 slots: 0xe206a6b927a4b54d is an unknown value
stack at sp + 3 slots: 0xb8338a744a31be52 is an unknown value
stack at sp + 4 slots: 0x0000025c892a0168 points into unknown readable memory: 0x00007fffffe7f790 | 90 f7 e7 ff ff 7f 00 00
stack at sp + 5 slots: 0x5087926c2c078892 is an unknown value
stack at sp + 6 slots: 0x7390eba51cfaab1c is an unknown value
stack at sp + 7 slots: 0x5fa576e1fe5e555a is an unknown value


Compiled method (n/a) 2866934 29465     n 0       ui.customizerjni.HACGCJModelJNI::HACGCGuiCommon_getName (native)
 total in heap  [0x0000025c344d7790,0x0000025c344d7d98] = 1544
 relocation     [0x0000025c344d78f0,0x0000025c344d7928] = 56
 main code      [0x0000025c344d7940,0x0000025c344d7d8b] = 1099
 stub code      [0x0000025c344d7d8b,0x0000025c344d7d90] = 5
 oops           [0x0000025c344d7d90,0x0000025c344d7d98] = 8

[Constant Pool (empty)]

[MachCode]
[Entry Point]
  # {method} {0x0000025c9fdee080} 'HACGCGuiCommon_getName' '(JLui/customizerjni/HACGCGuiCommon;)Ljava/lang/String;' in 'ui/customizerjni/HACGCJModelJNI'
  # parm0:    rdx:rdx   = long
  # parm1:    r8:r8     = 'ui/customizerjni/HACGCGuiCommon'
  #           [sp+0x70]  (sp of caller)
  0x0000025c344d7940: 448b 5208 | 49bb 0000 | 0041 5c02 | 0000 4d03 | d349 3bc2 | 0f84 0600 

  0x0000025c344d7958: ;   {runtime_call ic_miss_stub}
  0x0000025c344d7958: 0000 e921 | 6e6b fe90 
[Verified Entry Point]
  0x0000025c344d7960: 8984 2400 | 80ff ff55 | 488b ec48 | 83ec 6090 | 4181 7f20 | 1600 0000 

  0x0000025c344d7978: ;   {runtime_call StubRoutines (final stubs)}
  0x0000025c344d7978: 7405 e8e1 | d369 fe4c | 8944 2428 | 4983 f800 | 4c8d 4c24 | 284c 0f44 | 4c24 284c 

  0x0000025c344d7994: ;   {oop(a 'java/lang/Class'{0x00000007053b7e48} = 'ui/customizerjni/HACGCJModelJNI')}
  0x0000025c344d7994: 8bc2 49be | 487e 3b05 | 0700 0000 | 4c89 7424 | 504c 8d74 | 2450 498b | d6c5 f877 

  0x0000025c344d79b0: ;   {internal_word}
  0x0000025c344d79b0: 49ba ad79 | 4d34 5c02 | 0000 4d89 | 97a0 0300 | 0049 89a7 | 9803 0000 

  0x0000025c344d79c8: ;   {external_word}
  0x0000025c344d79c8: 49ba ae9a | eeff ff7f | 0000 4180 | 3a00 0f84 | 4e00 0000 | 5241 5041 

  0x0000025c344d79e0: ;   {metadata({method} {0x0000025c9fdee080} 'HACGCGuiCommon_getName' '(JLui/customizerjni/HACGCGuiCommon;)Ljava/lang/String;' in 'ui/customizerjni/HACGCJModelJNI')}
  0x0000025c344d79e0: 5148 ba78 | e0de 9f5c | 0200 0049 | 8bcf 4883 | ec20 40f6 | c40f 0f84 | 1900 0000 | 4883 ec08 
  0x0000025c344d7a00: ;   {runtime_call}
  0x0000025c344d7a00: 48b8 a0d6 | 98ff ff7f | 0000 ffd0 | 4883 c408 | e90c 0000 

  0x0000025c344d7a14: ;   {runtime_call}
  0x0000025c344d7a14: 0048 b8a0 | d698 ffff | 7f00 00ff | d048 83c4 | 2041 5941 | 585a 498d | 8fb8 0300 | 0041 c787 
  0x0000025c344d7a34: 4c04 0000 | 0400 0000 

  0x0000025c344d7a3c: ;   {runtime_call}
  0x0000025c344d7a3c: 48b8 4072 | 18de ff7f | 0000 ffd0 | c5f8 7741 | c787 4c04 | 0000 0500 | 0000 f083 | 4424 c000 
  0x0000025c344d7a5c: 493b af50 | 0400 000f | 870e 0000 | 0041 83bf | 4804 0000 | 000f 842b | 0000 00c5 | f877 4889 
  0x0000025c344d7a7c: 45f8 498b | cf4c 8be4 | 4883 ec20 | 4883 e4f0 

  0x0000025c344d7a8c: ;   {runtime_call}
  0x0000025c344d7a8c: 48b8 2099 | 64ff ff7f | 0000 ffd0 | 498b e44d | 33e4 488b | 45f8 41c7 | 874c 0400 | 0008 0000 
  0x0000025c344d7aac: 0041 83bf | c804 0000 | 020f 84a3 

  0x0000025c344d7ab8: ;   {external_word}
  0x0000025c344d7ab8: 0200 0049 | baae 9aee | ffff 7f00 | 0041 803a | 000f 844c | 0000 0048 

  0x0000025c344d7ad0: ;   {metadata({method} {0x0000025c9fdee080} 'HACGCGuiCommon_getName' '(JLui/customizerjni/HACGCGuiCommon;)Ljava/lang/String;' in 'ui/customizerjni/HACGCJModelJNI')}
  0x0000025c344d7ad0: 8945 f848 | ba78 e0de | 9f5c 0200 | 0049 8bcf | 4883 ec20 | 40f6 c40f | 0f84 1900 | 0000 4883 
  0x0000025c344d7af0: ;   {runtime_call}
  0x0000025c344d7af0: ec08 48b8 | a0d6 98ff | ff7f 0000 | ffd0 4883 | c408 e90c 

  0x0000025c344d7b04: ;   {runtime_call}
  0x0000025c344d7b04: 0000 0048 | b8a0 d698 | ffff 7f00 | 00ff d048 | 83c4 2048 | 8b45 f849 | c787 9803 | 0000 0000 
  0x0000025c344d7b24: 0000 49c7 | 87a0 0300 | 0000 0000 | 00c5 f877 | 4885 c00f | 84fe 0100 | 00a8 030f | 8508 0000 
  0x0000025c344d7b44: 0048 8b00 | e9ee 0100 | 00a8 010f | 8509 0000 | 0048 8b40 | fee9 dd01 | 0000 488b | 40ff 4180 
  0x0000025c344d7b64: 7f40 000f | 84ce 0100 | 0048 83f8 | 000f 84c4 | 0100 0049 | 8b4f 2848 | 83f9 000f | 8414 0000 
  0x0000025c344d7b84: 0048 83e9 | 0849 894f | 2849 034f | 3848 8901 | e9a2 0100 | 0048 81ec | d000 0000 | 4889 0424 
  0x0000025c344d7ba4: 4889 4c24 | 0848 8954 | 2410 4889 | 7424 1848 | 897c 2420 | 4c89 4424 | 284c 894c | 2430 4c89 
  0x0000025c344d7bc4: 5424 384c | 895c 2440 | c5fb 1144 | 2450 c5fb | 114c 2458 | c5fb 1154 | 2460 c5fb | 115c 2468 
  0x0000025c344d7be4: c5fb 1164 | 2470 c5fb | 116c 2478 | c5fb 11b4 | 2480 0000 | 00c5 fb11 | bc24 8800 | 0000 c57b 
  0x0000025c344d7c04: ;   {no_reloc}
  0x0000025c344d7c04: 1184 2490 | 0000 00c5 | 7b11 8c24 | 9800 0000 | c57b 1194 | 24a0 0000 | 00c5 7b11 | 9c24 a800 
  0x0000025c344d7c24: 0000 c57b | 11a4 24b0 | 0000 00c5 | 7b11 ac24 | b800 0000 | c57b 11b4 | 24c0 0000 | 00c5 7b11 
  0x0000025c344d7c44: bc24 c800 | 0000 498b | d748 8bc8 | 4883 ec20 | 40f6 c40f | 0f84 1900 | 0000 4883 

  0x0000025c344d7c60: ;   {runtime_call}
  0x0000025c344d7c60: ec08 48b8 | e008 58ff | ff7f 0000 | ffd0 4883 | c408 e90c 

  0x0000025c344d7c74: ;   {runtime_call}
  0x0000025c344d7c74: 0000 0048 | b8e0 0858 | ffff 7f00 | 00ff d048 | 83c4 20c5 | 7b10 bc24 | c800 0000 | c57b 10b4 
  0x0000025c344d7c94: 24c0 0000 | 00c5 7b10 | ac24 b800 | 0000 c57b | 10a4 24b0 | 0000 00c5 | 7b10 9c24 | a800 0000 
  0x0000025c344d7cb4: c57b 1094 | 24a0 0000 | 00c5 7b10 | 8c24 9800 | 0000 c57b | 1084 2490 | 0000 00c5 | fb10 bc24 
  0x0000025c344d7cd4: 8800 0000 | c5fb 10b4 | 2480 0000 | 00c5 fb10 | 6c24 78c5 | fb10 6424 | 70c5 fb10 | 5c24 68c5 
  0x0000025c344d7cf4: fb10 5424 | 60c5 fb10 | 4c24 58c5 | fb10 4424 | 504c 8b5c | 2440 4c8b | 5424 384c | 8b4c 2430 
  0x0000025c344d7d14: 4c8b 4424 | 2848 8b7c | 2420 488b | 7424 1848 | 8b54 2410 | 488b 4c24 | 0848 8b04 | 2448 81c4 
  0x0000025c344d7d34: d000 0000 | c5f8 7749 | 8b8f 2804 | 0000 c781 | 0001 0000 | 0000 0000 | c949 837f | 0800 0f85 
  0x0000025c344d7d54: 0100 0000 

  0x0000025c344d7d58: ;   {runtime_call StubRoutines (initial stubs)}
  0x0000025c344d7d58: c3e9 a291 | 66fe c5f8 | 7748 8945 | f84c 8be4 | 4883 ec20 | 4883 e4f0 

  0x0000025c344d7d70: ;   {runtime_call}
  0x0000025c344d7d70: 48b8 800e | 99ff ff7f | 0000 ffd0 | 498b e44d | 33e4 488b | 45f8 e930 | fdff fff4 | f4f4 f4f4 
[/MachCode]


Compiled method (c1) 2866944 30505       3       ui.data.coregen.xpegua.D$a::getListCellRendererComponent (102 bytes)
 total in heap  [0x0000025c2ca00c10,0x0000025c2ca02088] = 5240
 relocation     [0x0000025c2ca00d70,0x0000025c2ca00e70] = 256
 main code      [0x0000025c2ca00e80,0x0000025c2ca01cb0] = 3632
 stub code      [0x0000025c2ca01cb0,0x0000025c2ca01d48] = 152
 oops           [0x0000025c2ca01d48,0x0000025c2ca01d50] = 8
 metadata       [0x0000025c2ca01d50,0x0000025c2ca01da0] = 80
 scopes data    [0x0000025c2ca01da0,0x0000025c2ca01ea8] = 264
 scopes pcs     [0x0000025c2ca01ea8,0x0000025c2ca02028] = 384
 dependencies   [0x0000025c2ca02028,0x0000025c2ca02038] = 16
 nul chk table  [0x0000025c2ca02038,0x0000025c2ca02088] = 80

[Constant Pool (empty)]

[MachCode]
[Entry Point]
  # {method} {0x0000025ca0bdb508} 'getListCellRendererComponent' '(Ljavax/swing/JList;Ljava/lang/Object;IZZ)Ljava/awt/Component;' in 'ui/data/coregen/xpegua/D$a'
  # this:     rdx:rdx   = 'ui/data/coregen/xpegua/D$a'
  # parm0:    r8:r8     = 'javax/swing/JList'
  # parm1:    r9:r9     = 'java/lang/Object'
  # parm2:    rdi       = int
  # parm3:    rsi       = boolean
  # parm4:    rcx       = boolean
  #           [sp+0xa0]  (sp of caller)
  0x0000025c2ca00e80: 448b 5208 | 49bb 0000 | 0041 5c02 | 0000 4d03 | d34c 3bd0 

  0x0000025c2ca00e94: ;   {runtime_call ic_miss_stub}
  0x0000025c2ca00e94: 0f85 e6d8 | 1806 660f | 1f44 0000 
[Verified Entry Point]
  0x0000025c2ca00ea0: 8984 2400 | 80ff ff55 | 4881 ec90 | 0000 0090 | 4181 7f20 | 1600 0000 

  0x0000025c2ca00eb8: ;   {runtime_call StubRoutines (final stubs)}
  0x0000025c2ca00eb8: 7405 e8a1 | 3e17 0648 | 8954 2460 | 4c89 4c24 

  0x0000025c2ca00ec8: ;   {metadata(method data for {method} {0x0000025ca0bdb508} 'getListCellRendererComponent' '(Ljavax/swing/JList;Ljava/lang/Object;IZZ)Ljava/awt/Component;' in 'ui/data/coregen/xpegua/D$a')}
  0x0000025c2ca00ec8: 5848 bb40 | d0c5 a05c | 0200 008b | 83cc 0000 | 0083 c002 | 8983 cc00 | 0000 25fe | 0700 0083 
  0x0000025c2ca00ee8: f800 0f84 | b20c 0000 | 4983 f900 

  0x0000025c2ca00ef4: ;   {metadata(method data for {method} {0x0000025ca0bdb508} 'getListCellRendererComponent' '(Ljavax/swing/JList;Ljava/lang/Object;IZZ)Ljava/awt/Component;' in 'ui/data/coregen/xpegua/D$a')}
  0x0000025c2ca00ef4: 48bb 40d0 | c5a0 5c02 | 0000 48b8 | 1001 0000 | 0000 0000 | 0f84 0a00 | 0000 48b8 | 2001 0000 
  0x0000025c2ca00f14: 0000 0000 | 4c8b 1c03 | 4d8d 5b01 | 4c89 1c03 | 0f84 400c | 0000 4983 | f900 7517 

  0x0000025c2ca00f30: ;   {metadata(method data for {method} {0x0000025ca0bdb508} 'getListCellRendererComponent' '(Ljavax/swing/JList;Ljava/lang/Object;IZZ)Ljava/awt/Component;' in 'ui/data/coregen/xpegua/D$a')}
  0x0000025c2ca00f30: 49bb 40d0 | c5a0 5c02 | 0000 4180 | 8b29 0100 | 0001 e9cf 

  0x0000025c2ca00f44: ;   {metadata('ui/utils/swing/e/d$d')}
  0x0000025c2ca00f44: 0000 0049 | bd38 935e | 425c 0200 | 0045 8b59 | 0849 ba00 | 0000 415c | 0200 004d | 03da 4d3b 
  0x0000025c2ca00f64: 6b38 0f85 | 8e00 0000 

  0x0000025c2ca00f6c: ;   {metadata(method data for {method} {0x0000025ca0bdb508} 'getListCellRendererComponent' '(Ljavax/swing/JList;Ljava/lang/Object;IZZ)Ljava/awt/Component;' in 'ui/data/coregen/xpegua/D$a')}
  0x0000025c2ca00f6c: 49bb 40d0 | c5a0 5c02 | 0000 458b | 6908 49ba | 0000 0041 | 5c02 0000 | 4d03 ea4d | 3bab 4001 
  0x0000025c2ca00f8c: 0000 750d | 4983 8348 | 0100 0001 | e97e 0000 | 004d 3bab | 5001 0000 | 750d 4983 | 8358 0100 
  0x0000025c2ca00fac: 0001 e968 | 0000 0049 | 83bb 4001 | 0000 0075 | 174d 89ab | 4001 0000 | 49c7 8348 | 0100 0001 
  0x0000025c2ca00fcc: 0000 00e9 | 4700 0000 | 4983 bb50 | 0100 0000 | 7517 4d89 | ab50 0100 | 0049 c783 | 5801 0000 
  0x0000025c2ca00fec: 0100 0000 | e926 0000 | 00e9 2100 

  0x0000025c2ca00ff8: ;   {metadata(method data for {method} {0x0000025ca0bdb508} 'getListCellRendererComponent' '(Ljavax/swing/JList;Ljava/lang/Object;IZZ)Ljava/awt/Component;' in 'ui/data/coregen/xpegua/D$a')}
  0x0000025c2ca00ff8: 0000 49bb | 40d0 c5a0 | 5c02 0000 | 4983 ab30 | 0100 0001 | e905 0000 | 00e9 0500 | 0000 4833 
  0x0000025c2ca01018: dbeb 0a48 | bb01 0000 | 0000 0000 | 0083 fb00 

  0x0000025c2ca01028: ;   {metadata(method data for {method} {0x0000025ca0bdb508} 'getListCellRendererComponent' '(Ljavax/swing/JList;Ljava/lang/Object;IZZ)Ljava/awt/Component;' in 'ui/data/coregen/xpegua/D$a')}
  0x0000025c2ca01028: 48bb 40d0 | c5a0 5c02 | 0000 48b8 | 6801 0000 | 0000 0000 | 0f84 0a00 | 0000 48b8 | 7801 0000 
  0x0000025c2ca01048: 0000 0000 | 4c8b 1c03 | 4d8d 5b01 | 4c89 1c03 | 0f84 0c0b | 0000 894c | 2478 8974 | 2474 897c 
  0x0000025c2ca01068: 2470 4c89 | 4424 688b | 9aa4 0100 | 0048 c1e3 | 0348 3b03 

  0x0000025c2ca0107c: ;   {metadata(method data for {method} {0x0000025ca0bdb508} 'getListCellRendererComponent' '(Ljavax/swing/JList;Ljava/lang/Object;IZZ)Ljava/awt/Component;' in 'ui/data/coregen/xpegua/D$a')}
  0x0000025c2ca0107c: 488b c349 | bb40 d0c5 | a05c 0200 | 008b 4008 | 49ba 0000 | 0041 5c02 | 0000 4903 | c249 3b83 
  0x0000025c2ca0109c: 9801 0000 | 750d 4983 | 83a0 0100 | 0001 e960 | 0000 0049 | 3b83 a801 | 0000 750d | 4983 83b0 
  0x0000025c2ca010bc: 0100 0001 | e94a 0000 | 0049 83bb | 9801 0000 | 0075 1749 | 8983 9801 | 0000 49c7 | 83a0 0100 
  0x0000025c2ca010dc: 0001 0000 | 00e9 2900 | 0000 4983 | bba8 0100 | 0000 7517 | 4989 83a8 | 0100 0049 | c783 b001 
  0x0000025c2ca010fc: 0000 0100 | 0000 e908 | 0000 0049 | 8383 8801 

  0x0000025c2ca0110c: ;   {metadata(method data for {method} {0x0000025c827a00a0} 'getSelectedItem' '()Ljava/lang/Object;' in 'javax/swing/JComboBox')}
  0x0000025c2ca0110c: 0000 0148 | b850 d9d1 | 855c 0200 | 0044 8b98 | cc00 0000 | 4183 c302 | 4489 98cc | 0000 0041 
  0x0000025c2ca0112c: 81e3 feff | 1f00 4183 | fb00 0f84 | 8c0a 0000 | 8b9b 6001 | 0000 48c1 | e303 483b | 0348 8bc3 
  0x0000025c2ca0114c: ;   {metadata(method data for {method} {0x0000025c827a00a0} 'getSelectedItem' '()Ljava/lang/Object;' in 'javax/swing/JComboBox')}
  0x0000025c2ca0114c: 49bb 50d9 | d185 5c02 | 0000 8b40 | 0849 ba00 | 0000 415c | 0200 0049 | 03c2 493b | 8320 0100 
  0x0000025c2ca0116c: 0075 0d49 | 8383 2801 | 0000 01e9 | 6000 0000 | 493b 8330 | 0100 0075 | 0d49 8383 | 3801 0000 
  0x0000025c2ca0118c: 01e9 4a00 | 0000 4983 | bb20 0100 | 0000 7517 | 4989 8320 | 0100 0049 | c783 2801 | 0000 0100 
  0x0000025c2ca011ac: 0000 e929 | 0000 0049 | 83bb 3001 | 0000 0075 | 1749 8983 | 3001 0000 | 49c7 8338 | 0100 0001 
  0x0000025c2ca011cc: 0000 00e9 | 0800 0000 | 4983 8310 | 0100 0001 | 488b d366 | 0f1f 4400 | 0048 b8a0 | bc2b 425c 
  0x0000025c2ca011ec: ;   {virtual_call}
  0x0000025c2ca011ec: 0200 00e8 

  0x0000025c2ca011f0: ; ImmutableOopMap {[88]=Oop [96]=Oop [104]=Oop }
                      ;*invokeinterface getSelectedItem {reexecute=0 rethrow=0 return_oop=0}
                      ; - javax.swing.JComboBox::getSelectedItem@4 (line 633)
                      ; - ui.data.coregen.xpegua.D$a::getListCellRendererComponent@16 (line 486)
  0x0000025c2ca011f0: acb6 9b06 

  0x0000025c2ca011f4: ;   {other}
  0x0000025c2ca011f4: 0f1f 8400 | e405 0000 | 4c8b 4c24 | 5849 3b01 

  0x0000025c2ca01204: ;   {metadata(method data for {method} {0x0000025ca0bdb508} 'getListCellRendererComponent' '(Ljavax/swing/JList;Ljava/lang/Object;IZZ)Ljava/awt/Component;' in 'ui/data/coregen/xpegua/D$a')}
  0x0000025c2ca01204: 4d8b c148 | ba40 d0c5 | a05c 0200 | 0045 8b40 | 0849 ba00 | 0000 415c | 0200 004d | 03c2 4c3b 
  0x0000025c2ca01224: 82d0 0100 | 0075 0d48 | 8382 d801 | 0000 01e9 | 6000 0000 | 4c3b 82e0 | 0100 0075 | 0d48 8382 
  0x0000025c2ca01244: e801 0000 | 01e9 4a00 | 0000 4883 | bad0 0100 | 0000 7517 | 4c89 82d0 | 0100 0048 | c782 d801 
  0x0000025c2ca01264: 0000 0100 | 0000 e929 | 0000 0048 | 83ba e001 | 0000 0075 | 174c 8982 | e001 0000 | 48c7 82e8 
  0x0000025c2ca01284: 0100 0001 | 0000 00e9 | 0800 0000 | 4883 82c0 | 0100 0001 | 4c8b c049 | 8bd1 0f1f | 8000 0000 
  0x0000025c2ca012a4: 0048 b878 | 72f7 425c 

  0x0000025c2ca012ac: ;   {virtual_call}
  0x0000025c2ca012ac: 0200 00e8 

  0x0000025c2ca012b0: ; ImmutableOopMap {[88]=Oop [96]=Oop [104]=Oop }
                      ;*invokevirtual equals {reexecute=0 rethrow=0 return_oop=0}
                      ; - ui.data.coregen.xpegua.D$a::getListCellRendererComponent@19 (line 486)
  0x0000025c2ca012b0: 4ca0 3f00 

  0x0000025c2ca012b4: ;   {other}
  0x0000025c2ca012b4: 0f1f 8400 | a406 0001 

  0x0000025c2ca012bc: ;   {metadata(method data for {method} {0x0000025ca0bdb508} 'getListCellRendererComponent' '(Ljavax/swing/JList;Ljava/lang/Object;IZZ)Ljava/awt/Component;' in 'ui/data/coregen/xpegua/D$a')}
  0x0000025c2ca012bc: 83f8 0048 | ba40 d0c5 | a05c 0200 | 0049 b8f8 | 0100 0000 | 0000 000f | 840a 0000 | 0049 b808 
  0x0000025c2ca012dc: 0200 0000 | 0000 004a | 8b34 0248 | 8d76 014a | 8934 020f | 84d1 0600 | 0048 8b54 | 2460 448b 
  0x0000025c2ca012fc: 82a4 0100 | 0049 c1e0 | 0349 3b00 

  0x0000025c2ca01308: ;   {metadata(method data for {method} {0x0000025ca0bdb508} 'getListCellRendererComponent' '(Ljavax/swing/JList;Ljava/lang/Object;IZZ)Ljava/awt/Component;' in 'ui/data/coregen/xpegua/D$a')}
  0x0000025c2ca01308: 498b f048 | bf40 d0c5 | a05c 0200 

  0x0000025c2ca01314: ;   {metadata('ui/data/coregen/xpegua/D')}
  0x0000025c2ca01314: 0049 ba88 | a6f7 425c | 0200 004c | 8997 2802 | 0000 4883 | 8730 0200 | 0001 418b | b09c 0100 
  0x0000025c2ca01334: 0048 c1e6 

  0x0000025c2ca01338: ;   {metadata(method data for {method} {0x0000025ca0bdb508} 'getListCellRendererComponent' '(Ljavax/swing/JList;Ljava/lang/Object;IZZ)Ljava/awt/Component;' in 'ui/data/coregen/xpegua/D$a')}
  0x0000025c2ca01338: 0348 bf40 | d0c5 a05c 

  0x0000025c2ca01340: ;   {metadata('ui/data/coregen/xpegua/D')}
  0x0000025c2ca01340: 0200 0049 | ba88 a6f7 | 425c 0200 | 004c 8997 | 6002 0000 | 4883 8768 | 0200 0001 

  0x0000025c2ca0135c: ; implicit exception: dispatches to 0x0000025c2ca01bf8
  0x0000025c2ca0135c: 483b 064c 

  0x0000025c2ca01360: ;   {metadata(method data for {method} {0x0000025ca0bdb508} 'getListCellRendererComponent' '(Ljavax/swing/JList;Ljava/lang/Object;IZZ)Ljava/awt/Component;' in 'ui/data/coregen/xpegua/D$a')}
  0x0000025c2ca01360: 8bc6 48bf | 40d0 c5a0 | 5c02 0000 | 458b 4008 | 49ba 0000 | 0041 5c02 | 0000 4d03 | c24c 3b87 
  0x0000025c2ca01380: 9802 0000 | 750d 4883 | 87a0 0200 | 0001 e960 | 0000 004c | 3b87 a802 | 0000 750d | 4883 87b0 
  0x0000025c2ca013a0: 0200 0001 | e94a 0000 | 0048 83bf | 9802 0000 | 0075 174c | 8987 9802 | 0000 48c7 | 87a0 0200 
  0x0000025c2ca013c0: 0001 0000 | 00e9 2900 | 0000 4883 | bfa8 0200 | 0000 7517 | 4c89 87a8 | 0200 0048 | c787 b002 
  0x0000025c2ca013e0: 0000 0100 | 0000 e908 | 0000 0048 | 8387 8802 

  0x0000025c2ca013f0: ;   {metadata(method data for {method} {0x0000025c9fb44cd8} 'getName' '()Ljava/lang/String;' in 'ui/customizerjni/HACGCGuiCommon')}
  0x0000025c2ca013f0: 0000 0149 | b878 15b4 | a05c 0200 | 0041 8bb8 | cc00 0000 | 83c7 0241 | 89b8 cc00 | 0000 81e7 
  0x0000025c2ca01410: feff 1f00 | 83ff 000f | 84e0 0700 | 004c 8b46 

  0x0000025c2ca01420: ;   {metadata(method data for {method} {0x0000025c9fb44cd8} 'getName' '()Ljava/lang/String;' in 'ui/customizerjni/HACGCGuiCommon')}
  0x0000025c2ca01420: 2048 bf78 | 15b4 a05c | 0200 0048 | 8387 1001 | 0000 0149 | 8bd0 4c8b | c648 89b4 | 2480 0000 
  0x0000025c2ca01440: 0066 0f1f 

  0x0000025c2ca01444: ;   {static_call}
  0x0000025c2ca01444: 4400 00e8 

  0x0000025c2ca01448: ; ImmutableOopMap {[88]=Oop [96]=Oop [104]=Oop [128]=Oop }
                      ;*invokestatic HACGCGuiCommon_getName {reexecute=0 rethrow=0 return_oop=0}
                      ; - ui.customizerjni.HACGCGuiCommon::getName@5 (line 309)
                      ; - ui.data.coregen.xpegua.D$a::getListCellRendererComponent@39 (line 487)
  0x0000025c2ca01448: 1465 ad07 

  0x0000025c2ca0144c: ;   {other}
  0x0000025c2ca0144c: 0f1f 8400 | 3c08 0002 | 488b b424 | 8000 0000 

  0x0000025c2ca0145c: ;   {metadata(method data for {method} {0x0000025ca0bdb508} 'getListCellRendererComponent' '(Ljavax/swing/JList;Ljava/lang/Object;IZZ)Ljava/awt/Component;' in 'ui/data/coregen/xpegua/D$a')}
  0x0000025c2ca0145c: 49b8 40d0 | c5a0 5c02 | 0000 8b76 | 0849 ba00 | 0000 415c | 0200 0049 | 03f2 493b | b0d0 0200 
  0x0000025c2ca0147c: 0075 0d49 | 8380 d802 | 0000 01e9 | 6000 0000 | 493b b0e0 | 0200 0075 | 0d49 8380 | e802 0000 
  0x0000025c2ca0149c: 01e9 4a00 | 0000 4983 | b8d0 0200 | 0000 7517 | 4989 b0d0 | 0200 0049 | c780 d802 | 0000 0100 
  0x0000025c2ca014bc: 0000 e929 | 0000 0049 | 83b8 e002 | 0000 0075 | 1749 89b0 | e002 0000 | 49c7 80e8 | 0200 0001 
  0x0000025c2ca014dc: 0000 00e9 | 0800 0000 | 4983 80c0 | 0200 0001 | 4c8b c048 | 8b94 2480 

  0x0000025c2ca014f4: ;   {optimized virtual_call}
  0x0000025c2ca014f4: 0000 00e8 

  0x0000025c2ca014f8: ; ImmutableOopMap {[88]=Oop [96]=Oop [104]=Oop }
                      ;*invokevirtual getXmlData {reexecute=0 rethrow=0 return_oop=0}
                      ; - ui.data.coregen.xpegua.D$a::getListCellRendererComponent@42 (line 487)
  0x0000025c2ca014f8: 44e6 15ff 

  0x0000025c2ca014fc: ;   {other}
  0x0000025c2ca014fc: 0f1f 8400 | ec08 0003 | 4883 f800 

  0x0000025c2ca01508: ;   {metadata(method data for {method} {0x0000025ca0bdb508} 'getListCellRendererComponent' '(Ljavax/swing/JList;Ljava/lang/Object;IZZ)Ljava/awt/Component;' in 'ui/data/coregen/xpegua/D$a')}
  0x0000025c2ca01508: 48ba 40d0 | c5a0 5c02 | 0000 49b8 | f802 0000 | 0000 0000 | 0f84 0a00 | 0000 49b8 | 0803 0000 
  0x0000025c2ca01528: 0000 0000 | 4a8b 3402 | 488d 7601 | 4a89 3402 | 0f84 2a01 | 0000 483b | 0048 8bd0 

  0x0000025c2ca01544: ;   {metadata(method data for {method} {0x0000025ca0bdb508} 'getListCellRendererComponent' '(Ljavax/swing/JList;Ljava/lang/Object;IZZ)Ljava/awt/Component;' in 'ui/data/coregen/xpegua/D$a')}
  0x0000025c2ca01544: 49b8 40d0 | c5a0 5c02 | 0000 8b52 | 0849 ba00 | 0000 415c | 0200 0049 | 03d2 493b | 9028 0300 
  0x0000025c2ca01564: 0075 0d49 | 8380 3003 | 0000 01e9 | 6000 0000 | 493b 9038 | 0300 0075 | 0d49 8380 | 4003 0000 
  0x0000025c2ca01584: 01e9 4a00 | 0000 4983 | b828 0300 | 0000 7517 | 4989 9028 | 0300 0049 | c780 3003 | 0000 0100 
  0x0000025c2ca015a4: 0000 e929 | 0000 0049 | 83b8 3803 | 0000 0075 | 1749 8990 | 3803 0000 | 49c7 8040 | 0300 0001 
  0x0000025c2ca015c4: 0000 00e9 | 0800 0000 | 4983 8018 | 0300 0001 

  0x0000025c2ca015d4: ;   {metadata(method data for {method} {0x0000025ca05c6c88} 'isValidState' '()Z' in 'ui/customizerjni/HACGCParameter')}
  0x0000025c2ca015d4: 48ba 50de | c3a0 5c02 | 0000 448b | 82cc 0000 | 0041 83c0 | 0244 8982 | cc00 0000 | 4181 e0fe 
  0x0000025c2ca015f4: ff1f 0041 | 83f8 000f | 8422 0600 | 0048 8b50 

  0x0000025c2ca01604: ;   {metadata(method data for {method} {0x0000025ca05c6c88} 'isValidState' '()Z' in 'ui/customizerjni/HACGCParameter')}
  0x0000025c2ca01604: 2049 b850 | dec3 a05c | 0200 0049 | 8380 1001 | 0000 014c | 8bc0 0f1f 

  0x0000025c2ca0161c: ;   {static_call}
  0x0000025c2ca0161c: 4400 00e8 

  0x0000025c2ca01620: ; ImmutableOopMap {[88]=Oop [96]=Oop [104]=Oop }
                      ;*invokestatic HACGCParameter_isValidState {reexecute=0 rethrow=0 return_oop=0}
                      ; - ui.customizerjni.HACGCParameter::isValidState@5 (line 210)
                      ; - ui.data.coregen.xpegua.D$a::getListCellRendererComponent@54 (line 488)
  0x0000025c2ca01620: 3cd9 a406 

  0x0000025c2ca01624: ;   {other}
  0x0000025c2ca01624: 0f1f 8400 | 140a 0004 | 83e0 0183 

  0x0000025c2ca01630: ;   {metadata(method data for {method} {0x0000025ca0bdb508} 'getListCellRendererComponent' '(Ljavax/swing/JList;Ljava/lang/Object;IZZ)Ljava/awt/Component;' in 'ui/data/coregen/xpegua/D$a')}
  0x0000025c2ca01630: f800 49b8 | 40d0 c5a0 | 5c02 0000 | 49b9 6003 | 0000 0000 | 0000 0f85 | 0a00 0000 | 49b9 5003 
  0x0000025c2ca01650: 0000 0000 | 0000 4b8b | 3c08 488d | 7f01 4b89 | 3c08 0f85 | 9301 0000 | 4c8b 4c24 | 5849 83f9 
  0x0000025c2ca01670: ;   {metadata(method data for {method} {0x0000025ca0bdb508} 'getListCellRendererComponent' '(Ljavax/swing/JList;Ljava/lang/Object;IZZ)Ljava/awt/Component;' in 'ui/data/coregen/xpegua/D$a')}
  0x0000025c2ca01670: 0075 1648 | be40 d0c5 | a05c 0200 | 0080 8ef1 | 0300 0001 | e9cf 0000 

  0x0000025c2ca01688: ;   {metadata('ui/utils/swing/e/d$d')}
  0x0000025c2ca01688: 0048 b938 | 935e 425c | 0200 0041 | 8b71 0849 | ba00 0000 | 415c 0200 | 0049 03f2 | 483b 4e38 
  0x0000025c2ca016a8: 0f85 8e00 

  0x0000025c2ca016ac: ;   {metadata(method data for {method} {0x0000025ca0bdb508} 'getListCellRendererComponent' '(Ljavax/swing/JList;Ljava/lang/Object;IZZ)Ljava/awt/Component;' in 'ui/data/coregen/xpegua/D$a')}
  0x0000025c2ca016ac: 0000 48be | 40d0 c5a0 | 5c02 0000 | 418b 4908 | 49ba 0000 | 0041 5c02 | 0000 4903 | ca48 3b8e 
  0x0000025c2ca016cc: 0804 0000 | 750d 4883 | 8610 0400 | 0001 e979 | 0000 0048 | 3b8e 1804 | 0000 750d | 4883 8620 
  0x0000025c2ca016ec: 0400 0001 | e963 0000 | 0048 83be | 0804 0000 | 0075 1748 | 898e 0804 | 0000 48c7 | 8610 0400 
  0x0000025c2ca0170c: 0001 0000 | 00e9 4200 | 0000 4883 | be18 0400 | 0000 7517 | 4889 8e18 | 0400 0048 | c786 2004 
  0x0000025c2ca0172c: 0000 0100 | 0000 e921 | 0000 00e9 | 1c00 0000 

  0x0000025c2ca0173c: ;   {metadata(method data for {method} {0x0000025ca0bdb508} 'getListCellRendererComponent' '(Ljavax/swing/JList;Ljava/lang/Object;IZZ)Ljava/awt/Component;' in 'ui/data/coregen/xpegua/D$a')}
  0x0000025c2ca0173c: 48be 40d0 | c5a0 5c02 | 0000 4883 | aef8 0300 | 0001 e9f1 | 0400 00e9 | 0000 0000 | 4d8b c149 
  0x0000025c2ca0175c: 3b00 498b 

  0x0000025c2ca01760: ;   {metadata(method data for {method} {0x0000025ca0bdb508} 'getListCellRendererComponent' '(Ljavax/swing/JList;Ljava/lang/Object;IZZ)Ljava/awt/Component;' in 'ui/data/coregen/xpegua/D$a')}
  0x0000025c2ca01760: f848 be40 | d0c5 a05c | 0200 008b | 7f08 49ba | 0000 0041 | 5c02 0000 | 4903 fa48 | 3bbe 4004 
  0x0000025c2ca01780: 0000 750d | 4883 8648 | 0400 0001 | e960 0000 | 0048 3bbe | 5004 0000 | 750d 4883 | 8658 0400 
  0x0000025c2ca017a0: 0001 e94a | 0000 0048 | 83be 4004 | 0000 0075 | 1748 89be | 4004 0000 | 48c7 8648 | 0400 0001 
  0x0000025c2ca017c0: 0000 00e9 | 2900 0000 | 4883 be50 | 0400 0000 | 7517 4889 | be50 0400 | 0048 c786 | 5804 0000 
  0x0000025c2ca017e0: 0100 0000 | e908 0000 | 0048 8386 | 3004 0000 | 0141 c640 | 0d01 e99f | 0100 004c | 8b4c 2458 
  0x0000025c2ca01800: 4983 f900 

  0x0000025c2ca01804: ;   {metadata(method data for {method} {0x0000025ca0bdb508} 'getListCellRendererComponent' '(Ljavax/swing/JList;Ljava/lang/Object;IZZ)Ljava/awt/Component;' in 'ui/data/coregen/xpegua/D$a')}
  0x0000025c2ca01804: 7516 48be | 40d0 c5a0 | 5c02 0000 | 808e 6903 | 0000 01e9 | cf00 0000 

  0x0000025c2ca0181c: ;   {metadata('ui/utils/swing/e/d$d')}
  0x0000025c2ca0181c: 48b9 3893 | 5e42 5c02 | 0000 418b | 7108 49ba | 0000 0041 | 5c02 0000 | 4903 f248 | 3b4e 380f 
  0x0000025c2ca0183c: 858e 0000 

  0x0000025c2ca01840: ;   {metadata(method data for {method} {0x0000025ca0bdb508} 'getListCellRendererComponent' '(Ljavax/swing/JList;Ljava/lang/Object;IZZ)Ljava/awt/Component;' in 'ui/data/coregen/xpegua/D$a')}
  0x0000025c2ca01840: 0048 be40 | d0c5 a05c | 0200 0041 | 8b49 0849 | ba00 0000 | 415c 0200 | 0049 03ca | 483b 8e80 
  0x0000025c2ca01860: 0300 0075 | 0d48 8386 | 8803 0000 | 01e9 7900 | 0000 483b | 8e90 0300 | 0075 0d48 | 8386 9803 
  0x0000025c2ca01880: 0000 01e9 | 6300 0000 | 4883 be80 | 0300 0000 | 7517 4889 | 8e80 0300 | 0048 c786 | 8803 0000 
  0x0000025c2ca018a0: 0100 0000 | e942 0000 | 0048 83be | 9003 0000 | 0075 1748 | 898e 9003 | 0000 48c7 | 8698 0300 
  0x0000025c2ca018c0: 0001 0000 | 00e9 2100 | 0000 e91c 

  0x0000025c2ca018cc: ;   {metadata(method data for {method} {0x0000025ca0bdb508} 'getListCellRendererComponent' '(Ljavax/swing/JList;Ljava/lang/Object;IZZ)Ljava/awt/Component;' in 'ui/data/coregen/xpegua/D$a')}
  0x0000025c2ca018cc: 0000 0048 | be40 d0c5 | a05c 0200 | 0048 83ae | 7003 0000 | 01e9 6c03 | 0000 e900 | 0000 004d 
  0x0000025c2ca018ec: 8bc1 493b | 0049 8bf8 

  0x0000025c2ca018f4: ;   {metadata(method data for {method} {0x0000025ca0bdb508} 'getListCellRendererComponent' '(Ljavax/swing/JList;Ljava/lang/Object;IZZ)Ljava/awt/Component;' in 'ui/data/coregen/xpegua/D$a')}
  0x0000025c2ca018f4: 48be 40d0 | c5a0 5c02 | 0000 8b7f | 0849 ba00 | 0000 415c | 0200 0049 | 03fa 483b | beb8 0300 
  0x0000025c2ca01914: 0075 0d48 | 8386 c003 | 0000 01e9 | 6000 0000 | 483b bec8 | 0300 0075 | 0d48 8386 | d003 0000 
  0x0000025c2ca01934: 01e9 4a00 | 0000 4883 | beb8 0300 | 0000 7517 | 4889 beb8 | 0300 0048 | c786 c003 | 0000 0100 
  0x0000025c2ca01954: 0000 e929 | 0000 0048 | 83be c803 | 0000 0075 | 1748 89be | c803 0000 | 48c7 86d0 | 0300 0001 
  0x0000025c2ca01974: 0000 00e9 | 0800 0000 | 4883 86a8 | 0300 0001 | 41c6 400d 

  0x0000025c2ca01988: ;   {metadata(method data for {method} {0x0000025ca0bdb508} 'getListCellRendererComponent' '(Ljavax/swing/JList;Ljava/lang/Object;IZZ)Ljava/awt/Component;' in 'ui/data/coregen/xpegua/D$a')}
  0x0000025c2ca01988: 0049 b840 | d0c5 a05c | 0200 0041 | ff80 e003 

  0x0000025c2ca01998: ;   {metadata(method data for {method} {0x0000025ca0bdb508} 'getListCellRendererComponent' '(Ljavax/swing/JList;Ljava/lang/Object;IZZ)Ljava/awt/Component;' in 'ui/data/coregen/xpegua/D$a')}
  0x0000025c2ca01998: 0000 49b8 | 40d0 c5a0 | 5c02 0000 | 41ff 8068 | 0400 008b | 4c24 788b | 7424 748b | 7c24 704c 
  0x0000025c2ca019b8: 8b44 2468 | 488b 5424 | 60e9 a401 | 0000 4c8b | 4c24 5849 | 83f9 0075 

  0x0000025c2ca019d0: ;   {metadata(method data for {method} {0x0000025ca0bdb508} 'getListCellRendererComponent' '(Ljavax/swing/JList;Ljava/lang/Object;IZZ)Ljava/awt/Component;' in 'ui/data/coregen/xpegua/D$a')}
  0x0000025c2ca019d0: 1648 be40 | d0c5 a05c | 0200 0080 | 8e79 0400 | 0001 e9cf 

  0x0000025c2ca019e4: ;   {metadata('ui/utils/swing/e/d$d')}
  0x0000025c2ca019e4: 0000 0048 | b938 935e | 425c 0200 | 0041 8b71 | 0849 ba00 | 0000 415c | 0200 0049 | 03f2 483b 
  0x0000025c2ca01a04: 4e38 0f85 | 8e00 0000 

  0x0000025c2ca01a0c: ;   {metadata(method data for {method} {0x0000025ca0bdb508} 'getListCellRendererComponent' '(Ljavax/swing/JList;Ljava/lang/Object;IZZ)Ljava/awt/Component;' in 'ui/data/coregen/xpegua/D$a')}
  0x0000025c2ca01a0c: 48be 40d0 | c5a0 5c02 | 0000 418b | 4908 49ba | 0000 0041 | 5c02 0000 | 4903 ca48 | 3b8e 9004 
  0x0000025c2ca01a2c: 0000 750d | 4883 8698 | 0400 0001 | e979 0000 | 0048 3b8e | a004 0000 | 750d 4883 | 86a8 0400 
  0x0000025c2ca01a4c: 0001 e963 | 0000 0048 | 83be 9004 | 0000 0075 | 1748 898e | 9004 0000 | 48c7 8698 | 0400 0001 
  0x0000025c2ca01a6c: 0000 00e9 | 4200 0000 | 4883 bea0 | 0400 0000 | 7517 4889 | 8ea0 0400 | 0048 c786 | a804 0000 
  0x0000025c2ca01a8c: 0100 0000 | e921 0000 | 00e9 1c00 

  0x0000025c2ca01a98: ;   {metadata(method data for {method} {0x0000025ca0bdb508} 'getListCellRendererComponent' '(Ljavax/swing/JList;Ljava/lang/Object;IZZ)Ljava/awt/Component;' in 'ui/data/coregen/xpegua/D$a')}
  0x0000025c2ca01a98: 0000 48be | 40d0 c5a0 | 5c02 0000 | 4883 ae80 | 0400 0001 | e9af 0100 | 00e9 0000 | 0000 4d8b 
  0x0000025c2ca01ab8: c149 3b00 

  0x0000025c2ca01abc: ;   {metadata(method data for {method} {0x0000025ca0bdb508} 'getListCellRendererComponent' '(Ljavax/swing/JList;Ljava/lang/Object;IZZ)Ljava/awt/Component;' in 'ui/data/coregen/xpegua/D$a')}
  0x0000025c2ca01abc: 498b f848 | be40 d0c5 | a05c 0200 | 008b 7f08 | 49ba 0000 | 0041 5c02 | 0000 4903 | fa48 3bbe 
  0x0000025c2ca01adc: c804 0000 | 750d 4883 | 86d0 0400 | 0001 e960 | 0000 0048 | 3bbe d804 | 0000 750d | 4883 86e0 
  0x0000025c2ca01afc: 0400 0001 | e94a 0000 | 0048 83be | c804 0000 | 0075 1748 | 89be c804 | 0000 48c7 | 86d0 0400 
  0x0000025c2ca01b1c: 0001 0000 | 00e9 2900 | 0000 4883 | bed8 0400 | 0000 7517 | 4889 bed8 | 0400 0048 | c786 e004 
  0x0000025c2ca01b3c: 0000 0100 | 0000 e908 | 0000 0048 | 8386 b804 | 0000 0141 | c640 0d00 | 8b4c 2478 | 8b74 2474 
  0x0000025c2ca01b5c: 8b7c 2470 | 4c8b 4424 | 6848 8b54 | 2460 488b 

  0x0000025c2ca01b6c: ;   {metadata(method data for {method} {0x0000025ca0bdb508} 'getListCellRendererComponent' '(Ljavax/swing/JList;Ljava/lang/Object;IZZ)Ljava/awt/Component;' in 'ui/data/coregen/xpegua/D$a')}
  0x0000025c2ca01b6c: da48 b840 | d0c5 a05c | 0200 0048 | 8380 f004 

  0x0000025c2ca01b7c: ;   {optimized virtual_call}
  0x0000025c2ca01b7c: 0000 01e8 

  0x0000025c2ca01b80: ; ImmutableOopMap {}
                      ;*invokespecial getListCellRendererComponent {reexecute=0 rethrow=0 return_oop=0}
                      ; - ui.data.coregen.xpegua.D$a::getListCellRendererComponent@98 (line 497)
  0x0000025c2ca01b80: 3c6d a2ff 

  0x0000025c2ca01b84: ;   {other}
  0x0000025c2ca01b84: 0f1f 8400 | 740f 0005 | 4881 c490 | 0000 005d 

  0x0000025c2ca01b94: ;   {poll_return}
  0x0000025c2ca01b94: 493b a750 | 0400 000f | 87cd 0000 

  0x0000025c2ca01ba0: ;   {metadata({method} {0x0000025ca0bdb508} 'getListCellRendererComponent' '(Ljavax/swing/JList;Ljava/lang/Object;IZZ)Ljava/awt/Component;' in 'ui/data/coregen/xpegua/D$a')}
  0x0000025c2ca01ba0: 00c3 49ba | 00b5 bda0 | 5c02 0000 | 4c89 5424 | 0848 c704 | 24ff ffff 

  0x0000025c2ca01bb8: ;   {runtime_call counter_overflow Runtime1 stub}
  0x0000025c2ca01bb8: ffe8 42e6 

  0x0000025c2ca01bbc: ; ImmutableOopMap {rdx=Oop r8=Oop r9=Oop [88]=Oop [96]=Oop }
                      ;*synchronization entry
                      ; - ui.data.coregen.xpegua.D$a::getListCellRendererComponent@-1 (line 485)
  0x0000025c2ca01bbc: 2406 e92d 

  0x0000025c2ca01bc0: ;   {runtime_call throw_null_pointer_exception Runtime1 stub}
  0x0000025c2ca01bc0: f3ff ffe8 

  0x0000025c2ca01bc4: ; ImmutableOopMap {rdx=Oop rbx=Oop [88]=Oop [96]=Oop [104]=Oop }
                      ;*invokevirtual getSelectedItem {reexecute=0 rethrow=0 return_oop=0}
                      ; - ui.data.coregen.xpegua.D$a::getListCellRendererComponent@16 (line 486)
  0x0000025c2ca01bc4: 3895 2406 

  0x0000025c2ca01bc8: ;   {metadata({method} {0x0000025c827a00a0} 'getSelectedItem' '()Ljava/lang/Object;' in 'javax/swing/JComboBox')}
  0x0000025c2ca01bc8: 49ba 9800 | 7a82 5c02 | 0000 4c89 | 5424 0848 | c704 24ff 

  0x0000025c2ca01bdc: ;   {runtime_call counter_overflow Runtime1 stub}
  0x0000025c2ca01bdc: ffff ffe8 

  0x0000025c2ca01be0: ; ImmutableOopMap {rdx=Oop rbx=Oop [88]=Oop [96]=Oop [104]=Oop }
                      ;*synchronization entry
                      ; - javax.swing.JComboBox::getSelectedItem@-1 (line 633)
                      ; - ui.data.coregen.xpegua.D$a::getListCellRendererComponent@16 (line 486)
  0x0000025c2ca01be0: 1ce6 2406 | e953 f5ff 

  0x0000025c2ca01be8: ;   {runtime_call throw_null_pointer_exception Runtime1 stub}
  0x0000025c2ca01be8: ffe8 1295 

  0x0000025c2ca01bec: ; ImmutableOopMap {rdx=Oop rbx=Oop [88]=Oop [96]=Oop [104]=Oop }
                      ;*invokeinterface getSelectedItem {reexecute=0 rethrow=0 return_oop=0}
                      ; - javax.swing.JComboBox::getSelectedItem@4 (line 633)
                      ; - ui.data.coregen.xpegua.D$a::getListCellRendererComponent@16 (line 486)
                      ;   {runtime_call throw_null_pointer_exception Runtime1 stub}
  0x0000025c2ca01bec: 2406 e80d 

  0x0000025c2ca01bf0: ; ImmutableOopMap {rax=Oop r9=Oop [88]=Oop [96]=Oop [104]=Oop }
                      ;*invokevirtual equals {reexecute=0 rethrow=0 return_oop=0}
                      ; - ui.data.coregen.xpegua.D$a::getListCellRendererComponent@19 (line 486)
                      ;   {runtime_call throw_null_pointer_exception Runtime1 stub}
  0x0000025c2ca01bf0: 9524 06e8 

  0x0000025c2ca01bf4: ; ImmutableOopMap {rdx=Oop r8=Oop [88]=Oop [96]=Oop [104]=Oop }
                      ;*invokevirtual cgO {reexecute=0 rethrow=0 return_oop=0}
                      ; - ui.data.coregen.xpegua.D$a::getListCellRendererComponent@29 (line 487)
  0x0000025c2ca01bf4: 0895 2406 

  0x0000025c2ca01bf8: ;   {runtime_call throw_null_pointer_exception Runtime1 stub}
  0x0000025c2ca01bf8: e803 9524 

  0x0000025c2ca01bfc: ; ImmutableOopMap {rdx=Oop rsi=Oop [88]=Oop [96]=Oop [104]=Oop }
                      ;*invokevirtual getName {reexecute=0 rethrow=0 return_oop=0}
                      ; - ui.data.coregen.xpegua.D$a::getListCellRendererComponent@39 (line 487)
                      ;   {metadata({method} {0x0000025c9fb44cd8} 'getName' '()Ljava/lang/String;' in 'ui/customizerjni/HACGCGuiCommon')}
  0x0000025c2ca01bfc: 0649 bad0 | 4cb4 9f5c | 0200 004c | 8954 2408 | 48c7 0424 | ffff ffff 

  0x0000025c2ca01c14: ;   {runtime_call counter_overflow Runtime1 stub}
  0x0000025c2ca01c14: e8e7 e524 

  0x0000025c2ca01c18: ; ImmutableOopMap {rdx=Oop rsi=Oop [88]=Oop [96]=Oop [104]=Oop }
                      ;*synchronization entry
                      ; - ui.customizerjni.HACGCGuiCommon::getName@-1 (line 309)
                      ; - ui.data.coregen.xpegua.D$a::getListCellRendererComponent@39 (line 487)
  0x0000025c2ca01c18: 06e9 fff7 

  0x0000025c2ca01c1c: ;   {runtime_call throw_null_pointer_exception Runtime1 stub}
  0x0000025c2ca01c1c: ffff e8dd 

  0x0000025c2ca01c20: ; ImmutableOopMap {rax=Oop [88]=Oop [96]=Oop [104]=Oop }
                      ;*invokevirtual isValidState {reexecute=0 rethrow=0 return_oop=0}
                      ; - ui.data.coregen.xpegua.D$a::getListCellRendererComponent@54 (line 488)
                      ;   {metadata({method} {0x0000025ca05c6c88} 'isValidState' '()Z' in 'ui/customizerjni/HACGCParameter')}
  0x0000025c2ca01c20: 9424 0649 | ba80 6c5c | a05c 0200 | 004c 8954 | 2408 48c7 | 0424 ffff 

  0x0000025c2ca01c38: ;   {runtime_call counter_overflow Runtime1 stub}
  0x0000025c2ca01c38: ffff e8c1 

  0x0000025c2ca01c3c: ; ImmutableOopMap {rax=Oop [88]=Oop [96]=Oop [104]=Oop }
                      ;*synchronization entry
                      ; - ui.customizerjni.HACGCParameter::isValidState@-1 (line 210)
                      ; - ui.data.coregen.xpegua.D$a::getListCellRendererComponent@54 (line 488)
  0x0000025c2ca01c3c: e524 06e9 | bdf9 ffff | 4c89 0c24 

  0x0000025c2ca01c48: ;   {runtime_call throw_class_cast_exception Runtime1 stub}
  0x0000025c2ca01c48: e8b3 b824 

  0x0000025c2ca01c4c: ; ImmutableOopMap {r9=Oop [88]=Oop [96]=Oop [104]=Oop }
                      ;*checkcast {reexecute=0 rethrow=0 return_oop=0}
                      ; - ui.data.coregen.xpegua.D$a::getListCellRendererComponent@72 (line 491)
                      ;   {runtime_call throw_null_pointer_exception Runtime1 stub}
  0x0000025c2ca01c4c: 06e8 ae94 

  0x0000025c2ca01c50: ; ImmutableOopMap {r9=Oop r8=Oop [88]=Oop [96]=Oop [104]=Oop }
                      ;*invokevirtual EL {reexecute=0 rethrow=0 return_oop=0}
                      ; - ui.data.coregen.xpegua.D$a::getListCellRendererComponent@76 (line 491)
  0x0000025c2ca01c50: 2406 4c89 

  0x0000025c2ca01c54: ;   {runtime_call throw_class_cast_exception Runtime1 stub}
  0x0000025c2ca01c54: 0c24 e8a5 

  0x0000025c2ca01c58: ; ImmutableOopMap {r9=Oop [88]=Oop [96]=Oop [104]=Oop }
                      ;*checkcast {reexecute=0 rethrow=0 return_oop=0}
                      ; - ui.data.coregen.xpegua.D$a::getListCellRendererComponent@61 (line 489)
                      ;   {runtime_call throw_null_pointer_exception Runtime1 stub}
  0x0000025c2ca01c58: b824 06e8 

  0x0000025c2ca01c5c: ; ImmutableOopMap {r9=Oop r8=Oop [88]=Oop [96]=Oop [104]=Oop }
                      ;*invokevirtual EL {reexecute=0 rethrow=0 return_oop=0}
                      ; - ui.data.coregen.xpegua.D$a::getListCellRendererComponent@65 (line 489)
  0x0000025c2ca01c5c: a094 2406 | 4c89 0c24 

  0x0000025c2ca01c64: ;   {runtime_call throw_class_cast_exception Runtime1 stub}
  0x0000025c2ca01c64: e897 b824 

  0x0000025c2ca01c68: ; ImmutableOopMap {r9=Oop [88]=Oop [96]=Oop [104]=Oop }
                      ;*checkcast {reexecute=0 rethrow=0 return_oop=0}
                      ; - ui.data.coregen.xpegua.D$a::getListCellRendererComponent@83 (line 494)
                      ;   {runtime_call throw_null_pointer_exception Runtime1 stub}
  0x0000025c2ca01c68: 06e8 9294 

  0x0000025c2ca01c6c: ; ImmutableOopMap {r9=Oop r8=Oop [88]=Oop [96]=Oop [104]=Oop }
                      ;*invokevirtual EL {reexecute=0 rethrow=0 return_oop=0}
                      ; - ui.data.coregen.xpegua.D$a::getListCellRendererComponent@87 (line 494)
                      ;   {internal_word}
  0x0000025c2ca01c6c: 2406 49ba | 941b a02c | 5c02 0000 | 4d89 9768 

  0x0000025c2ca01c7c: ;   {runtime_call SafepointBlob}
  0x0000025c2ca01c7c: 0400 00e9 | 7c3a 1906 | 498b 8700 | 0500 0049 | c787 0005 | 0000 0000 | 0000 49c7 | 8708 0500 
  0x0000025c2ca01c9c: 0000 0000 | 0048 81c4 | 9000 0000 

  0x0000025c2ca01ca8: ;   {runtime_call unwind_exception Runtime1 stub}
  0x0000025c2ca01ca8: 5de9 5285 | 2406 f4f4 
[Stub Code]
  0x0000025c2ca01cb0: ;   {no_reloc}
  0x0000025c2ca01cb0: 0f1f 4400 

  0x0000025c2ca01cb4: ;   {static_stub}
  0x0000025c2ca01cb4: 0048 bb00 | 0000 0000 

  0x0000025c2ca01cbc: ;   {runtime_call}
  0x0000025c2ca01cbc: 0000 00e9 | fbff ffff 

  0x0000025c2ca01cc4: ;   {static_stub}
  0x0000025c2ca01cc4: 9048 bb00 | 0000 0000 

  0x0000025c2ca01ccc: ;   {runtime_call}
  0x0000025c2ca01ccc: 0000 00e9 | fbff ffff 

  0x0000025c2ca01cd4: ;   {static_stub}
  0x0000025c2ca01cd4: 9048 bb00 | 0000 0000 

  0x0000025c2ca01cdc: ;   {runtime_call}
  0x0000025c2ca01cdc: 0000 00e9 | fbff ffff 

  0x0000025c2ca01ce4: ;   {static_stub}
  0x0000025c2ca01ce4: 9048 bb00 | 0000 0000 

  0x0000025c2ca01cec: ;   {runtime_call}
  0x0000025c2ca01cec: 0000 00e9 | fbff ffff 

  0x0000025c2ca01cf4: ;   {static_stub}
  0x0000025c2ca01cf4: 48bb 0000 | 0000 0000 

  0x0000025c2ca01cfc: ;   {runtime_call}
  0x0000025c2ca01cfc: 0000 e9fb 

  0x0000025c2ca01d00: ;   {static_stub}
  0x0000025c2ca01d00: ffff ff48 | bb00 0000 | 0000 0000 

  0x0000025c2ca01d0c: ;   {runtime_call}
  0x0000025c2ca01d0c: 00e9 fbff 

  0x0000025c2ca01d10: ;   {runtime_call handle_exception_from_callee Runtime1 stub}
  0x0000025c2ca01d10: ffff e8e9 

  0x0000025c2ca01d14: ;   {external_word}
  0x0000025c2ca01d14: b124 0648 | b950 e0c4 | ffff 7f00 | 0048 83e4 

  0x0000025c2ca01d24: ;   {runtime_call}
  0x0000025c2ca01d24: f048 b850 | ef87 ffff | 7f00 00ff 

  0x0000025c2ca01d30: ;   {section_word}
  0x0000025c2ca01d30: d0f4 49ba | 321d a02c | 5c02 0000 

  0x0000025c2ca01d3c: ;   {runtime_call DeoptimizationBlob}
  0x0000025c2ca01d3c: 4152 e95d | 2c19 06f4 | f4f4 f4f4 
[/MachCode]


Compiled method (c1) 2866965 26817       3       javax.swing.plaf.basic.BasicListUI::updateLayoutState (285 bytes)
 total in heap  [0x0000025c2d0e5690,0x0000025c2d0e7370] = 7392
 relocation     [0x0000025c2d0e57f0,0x0000025c2d0e5940] = 336
 main code      [0x0000025c2d0e5940,0x0000025c2d0e6d00] = 5056
 stub code      [0x0000025c2d0e6d00,0x0000025c2d0e6db8] = 184
 metadata       [0x0000025c2d0e6db8,0x0000025c2d0e6e20] = 104
 scopes data    [0x0000025c2d0e6e20,0x0000025c2d0e7088] = 616
 scopes pcs     [0x0000025c2d0e7088,0x0000025c2d0e72d8] = 592
 dependencies   [0x0000025c2d0e72d8,0x0000025c2d0e72f8] = 32
 nul chk table  [0x0000025c2d0e72f8,0x0000025c2d0e7370] = 120

[Constant Pool (empty)]

[MachCode]
[Entry Point]
  # {method} {0x0000025c838c85f0} 'updateLayoutState' '()V' in 'javax/swing/plaf/basic/BasicListUI'
  #           [sp+0xf0]  (sp of caller)
  0x0000025c2d0e5940: 448b 5208 | 49bb 0000 | 0041 5c02 | 0000 4d03 | d34c 3bd0 

  0x0000025c2d0e5954: ;   {runtime_call ic_miss_stub}
  0x0000025c2d0e5954: 0f85 268e | aa05 660f | 1f44 0000 
[Verified Entry Point]
  0x0000025c2d0e5960: 8984 2400 | 80ff ff55 | 4881 ece0 | 0000 0090 | 4181 7f20 | 1600 0000 

  0x0000025c2d0e5978: ;   {runtime_call StubRoutines (final stubs)}
  0x0000025c2d0e5978: 7405 e8e1 | f3a8 0548 | 8994 24a8 

  0x0000025c2d0e5984: ;   {metadata(method data for {method} {0x0000025c838c85f0} 'updateLayoutState' '()V' in 'javax/swing/plaf/basic/BasicListUI')}
  0x0000025c2d0e5984: 0000 0048 | bea8 ea3e | a05c 0200 | 008b becc | 0000 0083 | c702 89be | cc00 0000 | 81e7 fe07 
  0x0000025c2d0e59a4: 0000 83ff | 000f 8423 | 1100 008b | 723c 48c1 | e603 483b | 0648 8bfe 

  0x0000025c2d0e59bc: ;   {metadata(method data for {method} {0x0000025c838c85f0} 'updateLayoutState' '()V' in 'javax/swing/plaf/basic/BasicListUI')}
  0x0000025c2d0e59bc: 48bb a8ea | 3ea0 5c02 | 0000 8b7f | 0849 ba00 | 0000 415c | 0200 0049 | 03fa 483b | bb20 0100 
  0x0000025c2d0e59dc: 0075 0d48 | 8383 2801 | 0000 01e9 | 6000 0000 | 483b bb30 | 0100 0075 | 0d48 8383 | 3801 0000 
  0x0000025c2d0e59fc: 01e9 4a00 | 0000 4883 | bb20 0100 | 0000 7517 | 4889 bb20 | 0100 0048 | c783 2801 | 0000 0100 
  0x0000025c2d0e5a1c: 0000 e929 | 0000 0048 | 83bb 3001 | 0000 0075 | 1748 89bb | 3001 0000 | 48c7 8338 | 0100 0001 
  0x0000025c2d0e5a3c: 0000 00e9 | 0800 0000 | 4883 8310 | 0100 0001 | 8bbe 5c01 | 0000 89bc | 24b4 0000 | 0048 8bde 
  0x0000025c2d0e5a5c: ;   {metadata(method data for {method} {0x0000025c838c85f0} 'updateLayoutState' '()V' in 'javax/swing/plaf/basic/BasicListUI')}
  0x0000025c2d0e5a5c: 48b8 a8ea | 3ea0 5c02 | 0000 8b5b | 0849 ba00 | 0000 415c | 0200 0049 | 03da 483b | 9858 0100 
  0x0000025c2d0e5a7c: 0075 0d48 | 8380 6001 | 0000 01e9 | 6000 0000 | 483b 9868 | 0100 0075 | 0d48 8380 | 7001 0000 
  0x0000025c2d0e5a9c: 01e9 4a00 | 0000 4883 | b858 0100 | 0000 7517 | 4889 9858 | 0100 0048 | c780 6001 | 0000 0100 
  0x0000025c2d0e5abc: 0000 e929 | 0000 0048 | 83b8 6801 | 0000 0075 | 1748 8998 | 6801 0000 | 48c7 8070 | 0100 0001 
  0x0000025c2d0e5adc: 0000 00e9 | 0800 0000 | 4883 8048 | 0100 0001 | 8b9e 5801 | 0000 899c | 24b0 0000 | 0083 fbff 
  0x0000025c2d0e5afc: ;   {metadata(method data for {method} {0x0000025c838c85f0} 'updateLayoutState' '()V' in 'javax/swing/plaf/basic/BasicListUI')}
  0x0000025c2d0e5afc: 48b8 a8ea | 3ea0 5c02 | 0000 48b9 | 8001 0000 | 0000 0000 | 0f84 0a00 | 0000 48b9 | 9001 0000 
  0x0000025c2d0e5b1c: 0000 0000 | 4c8b 0408 | 4d8d 4001 | 4c89 0408 | 0f84 1800 

  0x0000025c2d0e5b30: ;   {metadata(method data for {method} {0x0000025c838c85f0} 'updateLayoutState' '()V' in 'javax/swing/plaf/basic/BasicListUI')}
  0x0000025c2d0e5b30: 0000 48b8 | a8ea 3ea0 | 5c02 0000 | ff80 a001 | 0000 488b | c3e9 0500 | 0000 b8ff | ffff ff89 
  0x0000025c2d0e5b50: 4218 83ff 

  0x0000025c2d0e5b54: ;   {metadata(method data for {method} {0x0000025c838c85f0} 'updateLayoutState' '()V' in 'javax/swing/plaf/basic/BasicListUI')}
  0x0000025c2d0e5b54: ff48 b8a8 | ea3e a05c | 0200 0048 | b9b8 0100 | 0000 0000 | 000f 840a | 0000 0048 | b9c8 0100 
  0x0000025c2d0e5b74: 0000 0000 | 004c 8b04 | 084d 8d40 | 014c 8904 | 080f 842d | 0000 0089 | 7a0c 410f | be77 4083 
  0x0000025c2d0e5b94: fe00 0f85 | 5c0f 0000 | c742 5c00 

  0x0000025c2d0e5ba0: ;   {metadata(method data for {method} {0x0000025c838c85f0} 'updateLayoutState' '()V' in 'javax/swing/plaf/basic/BasicListUI')}
  0x0000025c2d0e5ba0: 0000 0048 | bea8 ea3e | a05c 0200 | 00ff 86d8 | 0100 00e9 | 1f02 0000 | c742 0cff | ffff ff48 
  0x0000025c2d0e5bc0: ;   {metadata(method data for {method} {0x0000025c838c85f0} 'updateLayoutState' '()V' in 'javax/swing/plaf/basic/BasicListUI')}
  0x0000025c2d0e5bc0: 8bc6 48b9 | a8ea 3ea0 | 5c02 0000 | 8b40 0849 | ba00 0000 | 415c 0200 | 0049 03c2 | 483b 8100 
  0x0000025c2d0e5be0: 0200 0075 | 0d48 8381 | 0802 0000 | 01e9 6000 | 0000 483b | 8110 0200 | 0075 0d48 | 8381 1802 
  0x0000025c2d0e5c00: 0000 01e9 | 4a00 0000 | 4883 b900 | 0200 0000 | 7517 4889 | 8100 0200 | 0048 c781 | 0802 0000 
  0x0000025c2d0e5c20: 0100 0000 | e929 0000 | 0048 83b9 | 1002 0000 | 0075 1748 | 8981 1002 | 0000 48c7 | 8118 0200 
  0x0000025c2d0e5c40: 0001 0000 | 00e9 0800 | 0000 4883 | 81f0 0100 | 0001 8bb6 | 8001 0000 | 48c1 e603 

  0x0000025c2d0e5c5c: ; implicit exception: dispatches to 0x0000025c2d0e6b17
  0x0000025c2d0e5c5c: 483b 0648 

  0x0000025c2d0e5c60: ;   {metadata(method data for {method} {0x0000025c838c85f0} 'updateLayoutState' '()V' in 'javax/swing/plaf/basic/BasicListUI')}
  0x0000025c2d0e5c60: 8bc6 48b9 | a8ea 3ea0 | 5c02 0000 | 8b40 0849 | ba00 0000 | 415c 0200 | 0049 03c2 | 483b 8138 
  0x0000025c2d0e5c80: 0200 0075 | 0d48 8381 | 4002 0000 | 01e9 6000 | 0000 483b | 8148 0200 | 0075 0d48 | 8381 5002 
  0x0000025c2d0e5ca0: 0000 01e9 | 4a00 0000 | 4883 b938 | 0200 0000 | 7517 4889 | 8138 0200 | 0048 c781 | 4002 0000 
  0x0000025c2d0e5cc0: 0100 0000 | e929 0000 | 0048 83b9 | 4802 0000 | 0075 1748 | 8981 4802 | 0000 48c7 | 8150 0200 
  0x0000025c2d0e5ce0: 0001 0000 | 00e9 0800 | 0000 4883 | 8128 0200 | 0001 488b | d648 b8e0 | baea a75c 

  0x0000025c2d0e5cfc: ;   {virtual_call}
  0x0000025c2d0e5cfc: 0200 00e8 

  0x0000025c2d0e5d00: ; ImmutableOopMap {[168]=Oop }
                      ;*invokeinterface getSize {reexecute=0 rethrow=0 return_oop=0}
                      ; - javax.swing.plaf.basic.BasicListUI::updateLayoutState@61 (line 1425)
  0x0000025c2d0e5d00: ac74 d205 

  0x0000025c2d0e5d04: ;   {other}
  0x0000025c2d0e5d04: 0f1f 8400 | 7406 0000 

  0x0000025c2d0e5d0c: ;   {metadata({type array int})}
  0x0000025c2d0e5d0c: 488b d848 | baa0 2600 | 415c 0200 | 0048 63db | 488b fb48 | 81fb ffff | ff00 0f87 | f00d 0000 
  0x0000025c2d0e5d2c: 48be 1700 | 0000 0000 | 0000 488d | 349e 4883 | e6f8 498b | 87b8 0100 | 0048 8d34 | 3049 3bb7 
  0x0000025c2d0e5d4c: c801 0000 | 0f87 c60d | 0000 4989 | b7b8 0100 | 0048 2bf0 | 48c7 0001 | 0000 0048 | 8bca 49ba 
  0x0000025c2d0e5d6c: 0000 0041 | 5c02 0000 | 492b ca89 | 4808 8958 | 0c48 83ee | 1048 85f6 | 0f84 1100 | 0000 4833 
  0x0000025c2d0e5d8c: db48 c1ee | 0348 895c | f008 48ff | ce75 f641 | 0fbe 5740 | 83fa 0048 | 8b94 24a8 | 0000 000f 
  0x0000025c2d0e5dac: 8575 0d00 | 004c 8bd0 | 49c1 ea03 | 4489 525c | 488b f248 | 33f0 48c1 | ee15 4883 | fe00 0f85 
  0x0000025c2d0e5dcc: 750d 0000 | 8b9c 24b0 | 0000 0083 

  0x0000025c2d0e5dd8: ;   {metadata(method data for {method} {0x0000025c838c85f0} 'updateLayoutState' '()V' in 'javax/swing/plaf/basic/BasicListUI')}
  0x0000025c2d0e5dd8: fbff 48be | a8ea 3ea0 | 5c02 0000 | 48bf 6002 | 0000 0000 | 0000 0f84 | 0a00 0000 | 48bf 7002 
  0x0000025c2d0e5df8: 0000 0000 | 0000 488b | 043e 488d | 4001 4889 | 043e 0f84 | 4e00 0000 | 8bbc 24b4 | 0000 0083 
  0x0000025c2d0e5e18: ;   {metadata(method data for {method} {0x0000025c838c85f0} 'updateLayoutState' '()V' in 'javax/swing/plaf/basic/BasicListUI')}
  0x0000025c2d0e5e18: ffff 48be | a8ea 3ea0 | 5c02 0000 | 48b8 9002 | 0000 0000 | 0000 0f84 | 0a00 0000 | 48b8 8002 
  0x0000025c2d0e5e38: 0000 0000 | 0000 488b | 0c06 488d | 4901 4889 | 0c06 0f84 | 0e00 0000 | 4c8b c34c | 8bcf 4c8b 
  0x0000025c2d0e5e58: dae9 f20b | 0000 8b72 | 3c48 c1e6 | 0348 3b06 

  0x0000025c2d0e5e68: ;   {metadata(method data for {method} {0x0000025c838c85f0} 'updateLayoutState' '()V' in 'javax/swing/plaf/basic/BasicListUI')}
  0x0000025c2d0e5e68: 488b c648 | b9a8 ea3e | a05c 0200 | 008b 4008 | 49ba 0000 | 0041 5c02 | 0000 4903 | c248 3b81 
  0x0000025c2d0e5e88: b002 0000 | 750d 4883 | 81b8 0200 | 0001 e960 | 0000 0048 | 3b81 c002 | 0000 750d | 4883 81c8 
  0x0000025c2d0e5ea8: 0200 0001 | e94a 0000 | 0048 83b9 | b002 0000 | 0075 1748 | 8981 b002 | 0000 48c7 | 81b8 0200 
  0x0000025c2d0e5ec8: 0001 0000 | 00e9 2900 | 0000 4883 | b9c0 0200 | 0000 7517 | 4889 81c0 | 0200 0048 | c781 c802 
  0x0000025c2d0e5ee8: 0000 0100 | 0000 e908 | 0000 0048 | 8381 a002 | 0000 018b | b680 0100 | 0048 c1e6 | 0348 89b4 
  0x0000025c2d0e5f08: 24b8 0000 | 0048 3b06 

  0x0000025c2d0e5f10: ;   {metadata(method data for {method} {0x0000025c838c85f0} 'updateLayoutState' '()V' in 'javax/swing/plaf/basic/BasicListUI')}
  0x0000025c2d0e5f10: 488b c648 | b9a8 ea3e | a05c 0200 | 008b 4008 | 49ba 0000 | 0041 5c02 | 0000 4903 | c248 3b81 
  0x0000025c2d0e5f30: e802 0000 | 750d 4883 | 81f0 0200 | 0001 e960 | 0000 0048 | 3b81 f802 | 0000 750d | 4883 8100 
  0x0000025c2d0e5f50: 0300 0001 | e94a 0000 | 0048 83b9 | e802 0000 | 0075 1748 | 8981 e802 | 0000 48c7 | 81f0 0200 
  0x0000025c2d0e5f70: 0001 0000 | 00e9 2900 | 0000 4883 | b9f8 0200 | 0000 7517 | 4889 81f8 | 0200 0048 | c781 0003 
  0x0000025c2d0e5f90: 0000 0100 | 0000 e908 | 0000 0048 | 8381 d802 | 0000 0148 | 8bd6 0f1f | 8000 0000 | 0048 b820 
  0x0000025c2d0e5fb0: c3ea a75c 

  0x0000025c2d0e5fb4: ;   {virtual_call}
  0x0000025c2d0e5fb4: 0200 00e8 

  0x0000025c2d0e5fb8: ; ImmutableOopMap {[168]=Oop [184]=Oop }
                      ;*invokeinterface getSize {reexecute=0 rethrow=0 return_oop=0}
                      ; - javax.swing.plaf.basic.BasicListUI::updateLayoutState@90 (line 1438)
  0x0000025c2d0e5fb8: f471 d205 

  0x0000025c2d0e5fbc: ;   {other}
  0x0000025c2d0e5fbc: 0f1f 8400 | 2c09 0001 | 8984 24c0 | 0000 0048 | 8b94 24a8 | 0000 008b | 723c 48c1 | e603 483b 
  0x0000025c2d0e5fdc: 0648 8bfe 

  0x0000025c2d0e5fe0: ;   {metadata(method data for {method} {0x0000025c838c85f0} 'updateLayoutState' '()V' in 'javax/swing/plaf/basic/BasicListUI')}
  0x0000025c2d0e5fe0: 48bb a8ea | 3ea0 5c02 | 0000 8b7f | 0849 ba00 | 0000 415c | 0200 0049 | 03fa 483b | bb20 0300 
  0x0000025c2d0e6000: 0075 0d48 | 8383 2803 | 0000 01e9 | 6000 0000 | 483b bb30 | 0300 0075 | 0d48 8383 | 3803 0000 
  0x0000025c2d0e6020: 01e9 4a00 | 0000 4883 | bb20 0300 | 0000 7517 | 4889 bb20 | 0300 0048 | c783 2803 | 0000 0100 
  0x0000025c2d0e6040: 0000 e929 | 0000 0048 | 83bb 3003 | 0000 0075 | 1748 89bb | 3003 0000 | 48c7 8338 | 0300 0001 
  0x0000025c2d0e6060: 0000 00e9 | 0800 0000 | 4883 8310 | 0300 0001 | 488b d666 | 9048 b8ff | ffff ffff 

  0x0000025c2d0e607c: ;   {virtual_call}
  0x0000025c2d0e607c: ffff ffe8 

  0x0000025c2d0e6080: ; ImmutableOopMap {[168]=Oop [184]=Oop }
                      ;*invokevirtual getCellRenderer {reexecute=0 rethrow=0 return_oop=0}
                      ; - javax.swing.plaf.basic.BasicListUI::updateLayoutState@101 (line 1439)
  0x0000025c2d0e6080: 0c0d be05 

  0x0000025c2d0e6084: ;   {other}
  0x0000025c2d0e6084: 0f1f 8400 | f409 0002 | 4889 8424 | c800 0000 | 4883 f800 

  0x0000025c2d0e6098: ;   {metadata(method data for {method} {0x0000025c838c85f0} 'updateLayoutState' '()V' in 'javax/swing/plaf/basic/BasicListUI')}
  0x0000025c2d0e6098: 49b8 a8ea | 3ea0 5c02 | 0000 48ba | 4803 0000 | 0000 0000 | 0f84 0a00 | 0000 48ba | 5803 0000 
  0x0000025c2d0e60b8: 0000 0000 | 498b 3410 | 488d 7601 | 4989 3410 | 0f84 7407 | 0000 be00 | 0000 000f | 1f44 0000 
  0x0000025c2d0e60d8: 8b84 24c0 | 0000 0048 | 8bbc 24b8 | 0000 003b 

  0x0000025c2d0e60e8: ;   {metadata(method data for {method} {0x0000025c838c85f0} 'updateLayoutState' '()V' in 'javax/swing/plaf/basic/BasicListUI')}
  0x0000025c2d0e60e8: f049 b8a8 | ea3e a05c | 0200 0049 | bb68 0300 | 0000 0000 | 000f 8d0a | 0000 0049 | bb78 0300 
  0x0000025c2d0e6108: 0000 0000 | 004f 8b2c | 184d 8d6d | 014f 892c | 180f 8df6 | 0600 004c 

  0x0000025c2d0e6120: ;   {metadata(method data for {method} {0x0000025c838c85f0} 'updateLayoutState' '()V' in 'javax/swing/plaf/basic/BasicListUI')}
  0x0000025c2d0e6120: 8bc7 49bb | a8ea 3ea0 | 5c02 0000 | 458b 4008 | 49ba 0000 | 0041 5c02 | 0000 4d03 | c24d 3b83 
  0x0000025c2d0e6140: 9803 0000 | 750d 4983 | 83a0 0300 | 0001 e960 | 0000 004d | 3b83 a803 | 0000 750d | 4983 83b0 
  0x0000025c2d0e6160: 0300 0001 | e94a 0000 | 0049 83bb | 9803 0000 | 0075 174d | 8983 9803 | 0000 49c7 | 83a0 0300 
  0x0000025c2d0e6180: 0001 0000 | 00e9 2900 | 0000 4983 | bba8 0300 | 0000 7517 | 4d89 83a8 | 0300 0049 | c783 b003 
  0x0000025c2d0e61a0: 0000 0100 | 0000 e908 | 0000 0049 | 8383 8803 | 0000 014c | 8bc6 488b | d789 b424 | c400 0000 
  0x0000025c2d0e61c0: 0f1f 4400 | 0048 b860 | c2ea a75c 

  0x0000025c2d0e61cc: ;   {virtual_call}
  0x0000025c2d0e61cc: 0200 00e8 

  0x0000025c2d0e61d0: ; ImmutableOopMap {[168]=Oop [184]=Oop [200]=Oop }
                      ;*invokeinterface getElementAt {reexecute=0 rethrow=0 return_oop=0}
                      ; - javax.swing.plaf.basic.BasicListUI::updateLayoutState@124 (line 1443)
  0x0000025c2d0e61d0: ec72 d205 

  0x0000025c2d0e61d4: ;   {other}
  0x0000025c2d0e61d4: 0f1f 8400 | 440b 0003 | 488b 9424 | a800 0000 | 448b 423c | 49c1 e003 | 488b 9c24 | c800 0000 
  0x0000025c2d0e61f4: ; implicit exception: dispatches to 0x0000025c2d0e6b6c
  0x0000025c2d0e61f4: 483b 034c 

  0x0000025c2d0e61f8: ;   {metadata(method data for {method} {0x0000025c838c85f0} 'updateLayoutState' '()V' in 'javax/swing/plaf/basic/BasicListUI')}
  0x0000025c2d0e61f8: 8bcb 48bf | a8ea 3ea0 | 5c02 0000 | 458b 4908 | 49ba 0000 | 0041 5c02 | 0000 4d03 | ca4c 3b8f 
  0x0000025c2d0e6218: d003 0000 | 750d 4883 | 87d8 0300 | 0001 e960 | 0000 004c | 3b8f e003 | 0000 750d | 4883 87e8 
  0x0000025c2d0e6238: 0300 0001 | e94a 0000 | 0048 83bf | d003 0000 | 0075 174c | 898f d003 | 0000 48c7 | 87d8 0300 
  0x0000025c2d0e6258: 0001 0000 | 00e9 2900 | 0000 4883 | bfe0 0300 | 0000 7517 | 4c89 8fe0 | 0300 0048 | c787 e803 
  0x0000025c2d0e6278: 0000 0100 | 0000 e908 | 0000 0048 | 8387 c003 | 0000 014c | 8bc8 8bbc | 24c4 0000 | 00be 0000 
  0x0000025c2d0e6298: 0000 b900 | 0000 0048 | 8bd3 6666 | 9048 b800 | b9ea a75c 

  0x0000025c2d0e62ac: ;   {virtual_call}
  0x0000025c2d0e62ac: 0200 00e8 

  0x0000025c2d0e62b0: ; ImmutableOopMap {[168]=Oop [184]=Oop [200]=Oop }
                      ;*invokeinterface getListCellRendererComponent {reexecute=0 rethrow=0 return_oop=0}
                      ; - javax.swing.plaf.basic.BasicListUI::updateLayoutState@143 (line 1444)
  0x0000025c2d0e62b0: fc6e d205 

  0x0000025c2d0e62b4: ;   {other}
  0x0000025c2d0e62b4: 0f1f 8400 | 240c 0004 | 488b 9424 | a800 0000 | 8b72 4048 | c1e6 0348 | 3b06 4c8b 

  0x0000025c2d0e62d0: ;   {metadata(method data for {method} {0x0000025c838c85f0} 'updateLayoutState' '()V' in 'javax/swing/plaf/basic/BasicListUI')}
  0x0000025c2d0e62d0: c649 b9a8 | ea3e a05c | 0200 0045 | 8b40 0849 | ba00 0000 | 415c 0200 | 004d 03c2 | 4d3b 8108 
  0x0000025c2d0e62f0: 0400 0075 | 0d49 8381 | 1004 0000 | 01e9 6000 | 0000 4d3b | 8118 0400 | 0075 0d49 | 8381 2004 
  0x0000025c2d0e6310: 0000 01e9 | 4a00 0000 | 4983 b908 | 0400 0000 | 7517 4d89 | 8108 0400 | 0049 c781 | 1004 0000 
  0x0000025c2d0e6330: 0100 0000 | e929 0000 | 0049 83b9 | 1804 0000 | 0075 174d | 8981 1804 | 0000 49c7 | 8120 0400 
  0x0000025c2d0e6350: 0001 0000 | 00e9 0800 | 0000 4983 | 81f8 0300 

  0x0000025c2d0e6360: ;   {metadata(method data for {method} {0x0000025c820aae30} 'add' '(Ljava/awt/Component;)Ljava/awt/Component;' in 'java/awt/Container')}
  0x0000025c2d0e6360: 0001 49b8 | 78ea fb83 | 5c02 0000 | 458b 88cc | 0000 0041 | 83c1 0245 | 8988 cc00 | 0000 4181 
  0x0000025c2d0e6380: e1fe ff1f | 0041 83f9 | 000f 84e7 | 0700 004c 

  0x0000025c2d0e6390: ;   {metadata(method data for {method} {0x0000025c820aae30} 'add' '(Ljava/awt/Component;)Ljava/awt/Component;' in 'java/awt/Container')}
  0x0000025c2d0e6390: 8bc6 49b9 | 78ea fb83 | 5c02 0000 | 458b 4008 | 49ba 0000 | 0041 5c02 | 0000 4d03 | c24d 3b81 
  0x0000025c2d0e63b0: 2001 0000 | 750d 4983 | 8128 0100 | 0001 e960 | 0000 004d | 3b81 3001 | 0000 750d | 4983 8138 
  0x0000025c2d0e63d0: 0100 0001 | e94a 0000 | 0049 83b9 | 2001 0000 | 0075 174d | 8981 2001 | 0000 49c7 | 8128 0100 
  0x0000025c2d0e63f0: 0001 0000 | 00e9 2900 | 0000 4983 | b930 0100 | 0000 7517 | 4d89 8130 | 0100 0049 | c781 3801 
  0x0000025c2d0e6410: 0000 0100 | 0000 e908 | 0000 0049 | 8381 1001 

  0x0000025c2d0e6420: ;   {metadata(method data for {method} {0x0000025c83893c30} 'addImpl' '(Ljava/awt/Component;Ljava/lang/Object;I)V' in 'javax/swing/CellRendererPane')}
  0x0000025c2d0e6420: 0000 0149 | b800 8ad5 | 855c 0200 | 0045 8b88 | cc00 0000 | 4183 c102 | 4589 88cc | 0000 0041 
  0x0000025c2d0e6440: 81e1 feff | 1f00 4183 | f900 0f84 | 4707 0000 

  0x0000025c2d0e6450: ; implicit exception: dispatches to 0x0000025c2d0e6bb8
  0x0000025c2d0e6450: 483b 004c 

  0x0000025c2d0e6454: ;   {metadata(method data for {method} {0x0000025c83893c30} 'addImpl' '(Ljava/awt/Component;Ljava/lang/Object;I)V' in 'javax/swing/CellRendererPane')}
  0x0000025c2d0e6454: 8bc0 49b9 | 008a d585 | 5c02 0000 | 458b 4008 | 49ba 0000 | 0041 5c02 | 0000 4d03 | c24d 3b81 
  0x0000025c2d0e6474: 2001 0000 | 750d 4983 | 8128 0100 | 0001 e960 | 0000 004d | 3b81 3001 | 0000 750d | 4983 8138 
  0x0000025c2d0e6494: 0100 0001 | e94a 0000 | 0049 83b9 | 2001 0000 | 0075 174d | 8981 2001 | 0000 49c7 | 8128 0100 
  0x0000025c2d0e64b4: 0001 0000 | 00e9 2900 | 0000 4983 | b930 0100 | 0000 7517 | 4d89 8130 | 0100 0049 | c781 3801 
  0x0000025c2d0e64d4: 0000 0100 | 0000 e908 | 0000 0049 | 8381 1001 

  0x0000025c2d0e64e4: ;   {metadata(method data for {method} {0x0000025c82078598} 'getParent' '()Ljava/awt/Container;' in 'java/awt/Component')}
  0x0000025c2d0e64e4: 0000 0149 | b8b0 c98f | 835c 0200 | 0045 8b88 | cc00 0000 | 4183 c102 | 4589 88cc | 0000 0041 
  0x0000025c2d0e6504: 81e1 feff | 1f00 4183 | f900 0f84 | a906 0000 

  0x0000025c2d0e6514: ;   {metadata(method data for {method} {0x0000025c82078598} 'getParent' '()Ljava/awt/Container;' in 'java/awt/Component')}
  0x0000025c2d0e6514: 4c8b c049 | b9b0 c98f | 835c 0200 | 0049 8381 | 1001 0000 | 0144 8b40 | 4449 c1e0 | 034c 3bc6 
  0x0000025c2d0e6534: ;   {metadata(method data for {method} {0x0000025c83893c30} 'addImpl' '(Ljava/awt/Component;Ljava/lang/Object;I)V' in 'javax/swing/CellRendererPane')}
  0x0000025c2d0e6534: 49b8 008a | d585 5c02 | 0000 49b9 | 4801 0000 | 0000 0000 | 0f85 0a00 | 0000 49b9 | 5801 0000 
  0x0000025c2d0e6554: 0000 0000 | 4b8b 3c08 | 488d 7f01 | 4b89 3c08 | 0f85 0d00 | 0000 4889 | 8424 d000 | 0000 e945 
  0x0000025c2d0e6574: 0000 004c 

  0x0000025c2d0e6578: ;   {metadata(method data for {method} {0x0000025c83893c30} 'addImpl' '(Ljava/awt/Component;Ljava/lang/Object;I)V' in 'javax/swing/CellRendererPane')}
  0x0000025c2d0e6578: 8bc6 49b9 | 008a d585 | 5c02 0000 | 4983 8168 | 0100 0001 

  0x0000025c2d0e658c: ;   {oop(nullptr)}
  0x0000025c2d0e658c: 4c8b c049 | b900 0000 | 0000 0000 | 00bf ffff | ffff 488b | d648 8984 | 24d0 0000 | 0066 0f1f 
  0x0000025c2d0e65ac: ;   {optimized virtual_call}
  0x0000025c2d0e65ac: 4400 00e8 

  0x0000025c2d0e65b0: ; ImmutableOopMap {[168]=Oop [184]=Oop [200]=Oop [208]=Oop }
                      ;*invokespecial addImpl {reexecute=0 rethrow=0 return_oop=0}
                      ; - javax.swing.CellRendererPane::addImpl@13 (line 113)
                      ; - java.awt.Container::add@4 (line 440)
                      ; - javax.swing.plaf.basic.BasicListUI::updateLayoutState@156 (line 1445)
  0x0000025c2d0e65b0: 8ca6 1b06 

  0x0000025c2d0e65b4: ;   {other}
  0x0000025c2d0e65b4: 0f1f 8400 | 240f 0005 | 488b 8424 | d000 0000 

  0x0000025c2d0e65c4: ;   {metadata(method data for {method} {0x0000025c838c85f0} 'updateLayoutState' '()V' in 'javax/swing/plaf/basic/BasicListUI')}
  0x0000025c2d0e65c4: 488b d048 | bea8 ea3e | a05c 0200 | 008b 5208 | 49ba 0000 | 0041 5c02 | 0000 4903 | d248 3b96 
  0x0000025c2d0e65e4: 4004 0000 | 750d 4883 | 8648 0400 | 0001 e960 | 0000 0048 | 3b96 5004 | 0000 750d | 4883 8658 
  0x0000025c2d0e6604: 0400 0001 | e94a 0000 | 0048 83be | 4004 0000 | 0075 1748 | 8996 4004 | 0000 48c7 | 8648 0400 
  0x0000025c2d0e6624: 0001 0000 | 00e9 2900 | 0000 4883 | be50 0400 | 0000 7517 | 4889 9650 | 0400 0048 | c786 5804 
  0x0000025c2d0e6644: 0000 0100 | 0000 e908 | 0000 0048 | 8386 3004 | 0000 0148 | 8bd0 6666 | 9048 b8ff | ffff ffff 
  0x0000025c2d0e6664: ;   {virtual_call}
  0x0000025c2d0e6664: ffff ffe8 

  0x0000025c2d0e6668: ; ImmutableOopMap {[168]=Oop [184]=Oop [200]=Oop }
                      ;*invokevirtual getPreferredSize {reexecute=0 rethrow=0 return_oop=0}
                      ; - javax.swing.plaf.basic.BasicListUI::updateLayoutState@162 (line 1446)
  0x0000025c2d0e6668: dc37 de05 

  0x0000025c2d0e666c: ;   {other}
  0x0000025c2d0e666c: 0f1f 8400 | dc0f 0006 | 448b 8424 | b000 0000 | 4183 f8ff 

  0x0000025c2d0e6680: ;   {metadata(method data for {method} {0x0000025c838c85f0} 'updateLayoutState' '()V' in 'javax/swing/plaf/basic/BasicListUI')}
  0x0000025c2d0e6680: 48bb a8ea | 3ea0 5c02 | 0000 48ba | 7804 0000 | 0000 0000 | 0f84 0a00 | 0000 48ba | 6804 0000 
  0x0000025c2d0e66a0: 0000 0000 | 488b 3413 | 488d 7601 | 4889 3413 | 0f84 1500 | 0000 448b | 8c24 b400 | 0000 4c8b 
  0x0000025c2d0e66c0: 9c24 a800 | 0000 e9a5 | 0000 004c | 8b9c 24a8 | 0000 008b | 580c 418b 

  0x0000025c2d0e66d8: ;   {metadata(method data for {method} {0x0000025c838c85f0} 'updateLayoutState' '()V' in 'javax/swing/plaf/basic/BasicListUI')}
  0x0000025c2d0e66d8: 5318 48be | a8ea 3ea0 | 5c02 0000 | 4883 8688 | 0400 0001 

  0x0000025c2d0e66ec: ;   {metadata(method data for {method} {0x0000025c4142bfe0} 'max' '(II)I' in 'java/lang/Math')}
  0x0000025c2d0e66ec: 48be 883b | 0182 5c02 | 0000 8bbe | cc00 0000 | 83c7 0289 | becc 0000 | 0081 e7fe | ff1f 0083 
  0x0000025c2d0e670c: ff00 0f84 | cf04 0000 

  0x0000025c2d0e6714: ;   {metadata(method data for {method} {0x0000025c4142bfe0} 'max' '(II)I' in 'java/lang/Math')}
  0x0000025c2d0e6714: 3bda 48be | 883b 0182 | 5c02 0000 | 48bf 1001 | 0000 0000 | 0000 0f8c | 0a00 0000 | 48bf 2001 
  0x0000025c2d0e6734: 0000 0000 | 0000 488b | 0c3e 488d | 4901 4889 | 0c3e 0f8c | 1500 0000 

  0x0000025c2d0e674c: ;   {metadata(method data for {method} {0x0000025c4142bfe0} 'max' '(II)I' in 'java/lang/Math')}
  0x0000025c2d0e674c: 48ba 883b | 0182 5c02 | 0000 ff82 | 3001 0000 | e903 0000 | 0048 8bda | 4189 5b18 | 448b 8c24 
  0x0000025c2d0e676c: b400 0000 | 4183 f9ff 

  0x0000025c2d0e6774: ;   {metadata(method data for {method} {0x0000025c838c85f0} 'updateLayoutState' '()V' in 'javax/swing/plaf/basic/BasicListUI')}
  0x0000025c2d0e6774: 48bb a8ea | 3ea0 5c02 | 0000 48ba | 9804 0000 | 0000 0000 | 0f85 0a00 | 0000 48ba | a804 0000 
  0x0000025c2d0e6794: 0000 0000 | 488b 3413 | 488d 7601 | 4889 3413 | 8bb4 24c4 | 0000 000f | 851b 0000 | 0041 8b5b 
  0x0000025c2d0e67b4: 5c48 c1e3 | 038b 5010 

  0x0000025c2d0e67bc: ; implicit exception: dispatches to 0x0000025c2d0e6c09
  0x0000025c2d0e67bc: 3b73 0c0f | 834e 0400 | 0048 63fe | 8954 bb10 

  0x0000025c2d0e67cc: ;   {metadata(method data for {method} {0x0000025c838c85f0} 'updateLayoutState' '()V' in 'javax/swing/plaf/basic/BasicListUI')}
  0x0000025c2d0e67cc: ffc6 48bb | a8ea 3ea0 | 5c02 0000 | 8b93 d000 | 0000 83c2 | 0289 93d0 | 0000 0081 | e2fe 3f00 
  0x0000025c2d0e67ec: 0083 fa00 | 0f84 2b04 | 0000 4d8b | 9758 0400 

  0x0000025c2d0e67fc: ; ImmutableOopMap {r11=Oop [168]=Oop [184]=Oop [200]=Oop }
                      ;*goto {reexecute=1 rethrow=0 return_oop=0}
                      ; - (reexecute) javax.swing.plaf.basic.BasicListUI::updateLayoutState@208 (line 1442)
                      ;   {poll}
  0x0000025c2d0e67fc: 0041 8502 

  0x0000025c2d0e6800: ;   {metadata(method data for {method} {0x0000025c838c85f0} 'updateLayoutState' '()V' in 'javax/swing/plaf/basic/BasicListUI')}
  0x0000025c2d0e6800: 48bb a8ea | 3ea0 5c02 | 0000 ff83 | b804 0000 | e9c3 f8ff | ff44 8b84 | 24b0 0000 | 0044 8b8c 
  0x0000025c2d0e6820: 24b4 0000 | 004c 8b9c | 24a8 0000 

  0x0000025c2d0e682c: ;   {metadata(method data for {method} {0x0000025c838c85f0} 'updateLayoutState' '()V' in 'javax/swing/plaf/basic/BasicListUI')}
  0x0000025c2d0e682c: 0048 bba8 | ea3e a05c | 0200 00ff | 83d0 0400 | 00e9 0e02 | 0000 448b | 8424 b000 | 0000 448b 
  0x0000025c2d0e684c: 8c24 b400 | 0000 4c8b | 9c24 a800 | 0000 418b | 5b18 83fb 

  0x0000025c2d0e6860: ;   {metadata(method data for {method} {0x0000025c838c85f0} 'updateLayoutState' '()V' in 'javax/swing/plaf/basic/BasicListUI')}
  0x0000025c2d0e6860: ff48 bba8 | ea3e a05c | 0200 0048 | bae8 0400 | 0000 0000 | 000f 850a | 0000 0048 | baf8 0400 
  0x0000025c2d0e6880: 0000 0000 | 0048 8b34 | 1348 8d76 | 0148 8934 | 130f 8508 | 0000 0041 | c743 1800 | 0000 0041 
  0x0000025c2d0e68a0: 8b5b 5c48 | c1e3 0348 

  0x0000025c2d0e68a8: ;   {metadata(method data for {method} {0x0000025c838c85f0} 'updateLayoutState' '()V' in 'javax/swing/plaf/basic/BasicListUI')}
  0x0000025c2d0e68a8: 83fb 0048 | bba8 ea3e | a05c 0200 | 0048 ba08 | 0500 0000 | 0000 000f | 850a 0000 | 0048 ba18 
  0x0000025c2d0e68c8: 0500 0000 | 0000 0048 | 8b34 1348 | 8d76 0148 | 8934 130f | 85c0 0000 | 008b 9c24 | c000 0000 
  0x0000025c2d0e68e8: ;   {metadata({type array int})}
  0x0000025c2d0e68e8: 48ba a026 | 0041 5c02 | 0000 4863 | db48 8bfb | 4881 fbff | ffff 000f | 873d 0300 | 0048 be17 
  0x0000025c2d0e6908: 0000 0000 | 0000 0048 | 8d34 9e48 | 83e6 f849 | 8b87 b801 | 0000 488d | 3430 493b | b7c8 0100 
  0x0000025c2d0e6928: 000f 8713 | 0300 0049 | 89b7 b801 | 0000 482b | f048 c700 | 0100 0000 | 488b ca49 | ba00 0000 
  0x0000025c2d0e6948: 415c 0200 | 0049 2bca | 8948 0889 | 580c 4883 | ee10 4885 | f60f 8411 | 0000 0048 | 33db 48c1 
  0x0000025c2d0e6968: ee03 4889 | 5cf0 0848 | ffce 75f6 | 410f be57 | 4083 fa00 | 0f85 ca02 | 0000 4c8b | d049 c1ea 
  0x0000025c2d0e6988: 0345 8953 | 5c49 8bd3 | 4833 d048 | c1ea 1548 | 83fa 000f | 85cb 0200 | 00ba 0000 | 0000 8b84 
  0x0000025c2d0e69a8: 24c0 0000 | 00e9 6600 | 0000 660f | 1f44 0000 | 418b 735c | 48c1 e603 

  0x0000025c2d0e69c0: ; implicit exception: dispatches to 0x0000025c2d0e6c84
  0x0000025c2d0e69c0: 3b56 0c0f | 83c5 0200 | 0048 63fa | c744 be10 | 0000 0000 

  0x0000025c2d0e69d4: ;   {metadata(method data for {method} {0x0000025c838c85f0} 'updateLayoutState' '()V' in 'javax/swing/plaf/basic/BasicListUI')}
  0x0000025c2d0e69d4: ffc2 48be | a8ea 3ea0 | 5c02 0000 | 8bbe d000 | 0000 83c7 | 0289 bed0 | 0000 0081 | e7fe 3f00 
  0x0000025c2d0e69f4: 0083 ff00 | 0f84 9e02 | 0000 4d8b | 9758 0400 

  0x0000025c2d0e6a04: ; ImmutableOopMap {r11=Oop [168]=Oop }
                      ;*goto {reexecute=1 rethrow=0 return_oop=0}
                      ; - (reexecute) javax.swing.plaf.basic.BasicListUI::updateLayoutState@263 (line 1462)
                      ;   {poll}
  0x0000025c2d0e6a04: 0041 8502 

  0x0000025c2d0e6a08: ;   {metadata(method data for {method} {0x0000025c838c85f0} 'updateLayoutState' '()V' in 'javax/swing/plaf/basic/BasicListUI')}
  0x0000025c2d0e6a08: 48be a8ea | 3ea0 5c02 | 0000 ff86 | 4805 0000 

  0x0000025c2d0e6a18: ;   {metadata(method data for {method} {0x0000025c838c85f0} 'updateLayoutState' '()V' in 'javax/swing/plaf/basic/BasicListUI')}
  0x0000025c2d0e6a18: 3bd0 48be | a8ea 3ea0 | 5c02 0000 | 48bf 3805 | 0000 0000 | 0000 0f8c | 0a00 0000 | 48bf 2805 
  0x0000025c2d0e6a38: 0000 0000 | 0000 488b | 1c3e 488d | 5b01 4889 | 1c3e 0f8c | 68ff ffff | 41c7 432c | 0100 0000 
  0x0000025c2d0e6a58: 418b 5328 

  0x0000025c2d0e6a5c: ;   {metadata(method data for {method} {0x0000025c838c85f0} 'updateLayoutState' '()V' in 'javax/swing/plaf/basic/BasicListUI')}
  0x0000025c2d0e6a5c: 83fa 0048 | baa8 ea3e | a05c 0200 | 0048 be60 | 0500 0000 | 0000 000f | 840a 0000 | 0048 be70 
  0x0000025c2d0e6a7c: 0500 0000 | 0000 0048 | 8b3c 3248 | 8d7f 0148 | 893c 320f | 8427 0000 | 0049 8bd3 

  0x0000025c2d0e6a98: ;   {metadata(method data for {method} {0x0000025c838c85f0} 'updateLayoutState' '()V' in 'javax/swing/plaf/basic/BasicListUI')}
  0x0000025c2d0e6a98: 48be a8ea | 3ea0 5c02 | 0000 4883 | 8680 0500 | 0001 498b 

  0x0000025c2d0e6aac: ;   {optimized virtual_call}
  0x0000025c2d0e6aac: d366 90e8 

  0x0000025c2d0e6ab0: ; ImmutableOopMap {}
                      ;*invokevirtual updateHorizontalLayoutState {reexecute=0 rethrow=0 return_oop=0}
                      ; - javax.swing.plaf.basic.BasicListUI::updateLayoutState@281 (line 1470)
  0x0000025c2d0e6ab0: cc7f aa05 

  0x0000025c2d0e6ab4: ;   {other}
  0x0000025c2d0e6ab4: 0f1f 8400 | 2414 0009 | 4881 c4e0 | 0000 005d 

  0x0000025c2d0e6ac4: ;   {poll_return}
  0x0000025c2d0e6ac4: 493b a750 | 0400 000f | 87ec 0100 

  0x0000025c2d0e6ad0: ;   {metadata({method} {0x0000025c838c85f0} 'updateLayoutState' '()V' in 'javax/swing/plaf/basic/BasicListUI')}
  0x0000025c2d0e6ad0: 00c3 49ba | e885 8c83 | 5c02 0000 | 4c89 5424 | 0848 c704 | 24ff ffff 

  0x0000025c2d0e6ae8: ;   {runtime_call counter_overflow Runtime1 stub}
  0x0000025c2d0e6ae8: ffe8 1297 

  0x0000025c2d0e6aec: ; ImmutableOopMap {rdx=Oop [168]=Oop }
                      ;*synchronization entry
                      ; - javax.swing.plaf.basic.BasicListUI::updateLayoutState@-1 (line 1414)
  0x0000025c2d0e6aec: b605 e9bc 

  0x0000025c2d0e6af0: ;   {runtime_call throw_null_pointer_exception Runtime1 stub}
  0x0000025c2d0e6af0: eeff ffe8 

  0x0000025c2d0e6af4: ; ImmutableOopMap {rdx=Oop rsi=Oop [168]=Oop }
                      ;*invokevirtual getFixedCellHeight {reexecute=0 rethrow=0 return_oop=0}
                      ; - javax.swing.plaf.basic.BasicListUI::updateLayoutState@4 (line 1414)
  0x0000025c2d0e6af4: 0846 b605 | 8b72 5c48 | c1e6 0348 | 83fe 000f | 8493 f0ff | ff48 8934 

  0x0000025c2d0e6b0c: ;   {runtime_call g1_pre_barrier_slow}
  0x0000025c2d0e6b0c: 24e8 ee9c | b605 e985 

  0x0000025c2d0e6b14: ;   {runtime_call throw_null_pointer_exception Runtime1 stub}
  0x0000025c2d0e6b14: f0ff ffe8 

  0x0000025c2d0e6b18: ; ImmutableOopMap {rdx=Oop rsi=Oop [168]=Oop }
                      ;*invokeinterface getSize {reexecute=0 rethrow=0 return_oop=0}
                      ; - javax.swing.plaf.basic.BasicListUI::updateLayoutState@61 (line 1425)
  0x0000025c2d0e6b18: e445 b605 

  0x0000025c2d0e6b1c: ;   {runtime_call new_type_array Runtime1 stub}
  0x0000025c2d0e6b1c: e8df 54b6 

  0x0000025c2d0e6b20: ; ImmutableOopMap {[168]=Oop }
                      ;*newarray {reexecute=0 rethrow=0 return_oop=0}
                      ; - javax.swing.plaf.basic.BasicListUI::updateLayoutState@66 (line 1425)
  0x0000025c2d0e6b20: 05e9 75f2 | ffff 8b72 | 5c48 c1e6 | 0348 83fe | 000f 847a | f2ff ff48 

  0x0000025c2d0e6b38: ;   {runtime_call g1_pre_barrier_slow}
  0x0000025c2d0e6b38: 8934 24e8 | c09c b605 | e96c f2ff | ff48 83f8 | 000f 8481 | f2ff ff48 

  0x0000025c2d0e6b50: ;   {runtime_call g1_post_barrier_slow}
  0x0000025c2d0e6b50: 8914 24e8 | a89f b605 | e973 f2ff 

  0x0000025c2d0e6b5c: ;   {runtime_call throw_null_pointer_exception Runtime1 stub}
  0x0000025c2d0e6b5c: ffe8 9e45 

  0x0000025c2d0e6b60: ; ImmutableOopMap {rdx=Oop rsi=Oop [168]=Oop }
                      ;*invokevirtual getModel {reexecute=0 rethrow=0 return_oop=0}
                      ; - javax.swing.plaf.basic.BasicListUI::updateLayoutState@85 (line 1437)
                      ;   {runtime_call throw_null_pointer_exception Runtime1 stub}
  0x0000025c2d0e6b60: b605 e899 

  0x0000025c2d0e6b64: ; ImmutableOopMap {rdx=Oop rsi=Oop [168]=Oop [184]=Oop }
                      ;*invokeinterface getSize {reexecute=0 rethrow=0 return_oop=0}
                      ; - javax.swing.plaf.basic.BasicListUI::updateLayoutState@90 (line 1438)
                      ;   {runtime_call throw_null_pointer_exception Runtime1 stub}
  0x0000025c2d0e6b64: 45b6 05e8 

  0x0000025c2d0e6b68: ; ImmutableOopMap {rdx=Oop rsi=Oop [168]=Oop [184]=Oop }
                      ;*invokevirtual getCellRenderer {reexecute=0 rethrow=0 return_oop=0}
                      ; - javax.swing.plaf.basic.BasicListUI::updateLayoutState@101 (line 1439)
  0x0000025c2d0e6b68: 9445 b605 

  0x0000025c2d0e6b6c: ;   {runtime_call throw_null_pointer_exception Runtime1 stub}
  0x0000025c2d0e6b6c: e88f 45b6 

  0x0000025c2d0e6b70: ; ImmutableOopMap {rax=Oop rdx=Oop r8=Oop rbx=Oop [168]=Oop [184]=Oop [200]=Oop }
                      ;*invokeinterface getListCellRendererComponent {reexecute=0 rethrow=0 return_oop=0}
                      ; - javax.swing.plaf.basic.BasicListUI::updateLayoutState@143 (line 1444)
                      ;   {runtime_call throw_null_pointer_exception Runtime1 stub}
  0x0000025c2d0e6b70: 05e8 8a45 

  0x0000025c2d0e6b74: ; ImmutableOopMap {rax=Oop rdx=Oop rsi=Oop [168]=Oop [184]=Oop [200]=Oop }
                      ;*invokevirtual add {reexecute=0 rethrow=0 return_oop=0}
                      ; - javax.swing.plaf.basic.BasicListUI::updateLayoutState@156 (line 1445)
                      ;   {metadata({method} {0x0000025c820aae30} 'add' '(Ljava/awt/Component;)Ljava/awt/Component;' in 'java/awt/Container')}
  0x0000025c2d0e6b74: b605 49ba | 28ae 0a82 | 5c02 0000 | 4c89 5424 | 0848 c704 | 24ff ffff 

  0x0000025c2d0e6b8c: ;   {runtime_call counter_overflow Runtime1 stub}
  0x0000025c2d0e6b8c: ffe8 6e96 

  0x0000025c2d0e6b90: ; ImmutableOopMap {rax=Oop rdx=Oop rsi=Oop [168]=Oop [184]=Oop [200]=Oop }
                      ;*synchronization entry
                      ; - java.awt.Container::add@-1 (line 440)
                      ; - javax.swing.plaf.basic.BasicListUI::updateLayoutState@156 (line 1445)
  0x0000025c2d0e6b90: b605 e9f8 

  0x0000025c2d0e6b94: ;   {metadata({method} {0x0000025c83893c30} 'addImpl' '(Ljava/awt/Component;Ljava/lang/Object;I)V' in 'javax/swing/CellRendererPane')}
  0x0000025c2d0e6b94: f7ff ff49 | ba28 3c89 | 835c 0200 | 004c 8954 | 2408 48c7 | 0424 ffff 

  0x0000025c2d0e6bac: ;   {runtime_call counter_overflow Runtime1 stub}
  0x0000025c2d0e6bac: ffff e84d 

  0x0000025c2d0e6bb0: ; ImmutableOopMap {rax=Oop rdx=Oop rsi=Oop [168]=Oop [184]=Oop [200]=Oop }
                      ;*synchronization entry
                      ; - javax.swing.CellRendererPane::addImpl@-1 (line 109)
                      ; - java.awt.Container::add@4 (line 440)
                      ; - javax.swing.plaf.basic.BasicListUI::updateLayoutState@156 (line 1445)
  0x0000025c2d0e6bb0: 96b6 05e9 | 98f8 ffff 

  0x0000025c2d0e6bb8: ;   {runtime_call throw_null_pointer_exception Runtime1 stub}
  0x0000025c2d0e6bb8: e843 45b6 

  0x0000025c2d0e6bbc: ; ImmutableOopMap {rax=Oop rdx=Oop rsi=Oop [168]=Oop [184]=Oop [200]=Oop }
                      ;*invokevirtual getParent {reexecute=0 rethrow=0 return_oop=0}
                      ; - javax.swing.CellRendererPane::addImpl@1 (line 109)
                      ; - java.awt.Container::add@4 (line 440)
                      ; - javax.swing.plaf.basic.BasicListUI::updateLayoutState@156 (line 1445)
                      ;   {metadata({method} {0x0000025c82078598} 'getParent' '()Ljava/awt/Container;' in 'java/awt/Component')}
  0x0000025c2d0e6bbc: 0549 ba90 | 8507 825c | 0200 004c | 8954 2408 | 48c7 0424 | ffff ffff 

  0x0000025c2d0e6bd4: ;   {runtime_call counter_overflow Runtime1 stub}
  0x0000025c2d0e6bd4: e827 96b6 

  0x0000025c2d0e6bd8: ; ImmutableOopMap {rax=Oop rdx=Oop rsi=Oop [168]=Oop [184]=Oop [200]=Oop }
                      ;*synchronization entry
                      ; - java.awt.Component::getParent@-1 (line 1067)
                      ; - javax.swing.CellRendererPane::addImpl@1 (line 109)
                      ; - java.awt.Container::add@4 (line 440)
                      ; - javax.swing.plaf.basic.BasicListUI::updateLayoutState@156 (line 1445)
  0x0000025c2d0e6bd8: 05e9 36f9 

  0x0000025c2d0e6bdc: ;   {runtime_call throw_null_pointer_exception Runtime1 stub}
  0x0000025c2d0e6bdc: ffff e81d 

  0x0000025c2d0e6be0: ; ImmutableOopMap {rax=Oop r11=Oop [168]=Oop [184]=Oop [200]=Oop }
                      ;*getfield width {reexecute=1 rethrow=0 return_oop=0}
                      ; - (reexecute) javax.swing.plaf.basic.BasicListUI::updateLayoutState@175 (line 1448)
                      ;   {metadata({method} {0x0000025c4142bfe0} 'max' '(II)I' in 'java/lang/Math')}
  0x0000025c2d0e6be0: 45b6 0549 | bad8 bf42 | 415c 0200 | 004c 8954 | 2408 48c7 | 0424 ffff 

  0x0000025c2d0e6bf8: ;   {runtime_call counter_overflow Runtime1 stub}
  0x0000025c2d0e6bf8: ffff e801 

  0x0000025c2d0e6bfc: ; ImmutableOopMap {rax=Oop r11=Oop [168]=Oop [184]=Oop [200]=Oop }
                      ;*synchronization entry
                      ; - java.lang.Math::max@-1 (line 2020)
                      ; - javax.swing.plaf.basic.BasicListUI::updateLayoutState@182 (line 1448)
  0x0000025c2d0e6bfc: 96b6 05e9 | 10fb ffff 

  0x0000025c2d0e6c04: ;   {runtime_call throw_null_pointer_exception Runtime1 stub}
  0x0000025c2d0e6c04: e8f7 44b6 

  0x0000025c2d0e6c08: ; ImmutableOopMap {r11=Oop rbx=Oop [168]=Oop [184]=Oop [200]=Oop }
                      ;*getfield height {reexecute=1 rethrow=0 return_oop=0}
                      ; - (reexecute) javax.swing.plaf.basic.BasicListUI::updateLayoutState@201 (line 1451)
                      ;   {runtime_call throw_null_pointer_exception Runtime1 stub}
  0x0000025c2d0e6c08: 05e8 f244 

  0x0000025c2d0e6c0c: ; ImmutableOopMap {r11=Oop rbx=Oop [168]=Oop [184]=Oop [200]=Oop }
                      ;*iastore {reexecute=0 rethrow=0 return_oop=0}
                      ; - javax.swing.plaf.basic.BasicListUI::updateLayoutState@204 (line 1451)
                      ;   {runtime_call throw_null_pointer_exception Runtime1 stub}
  0x0000025c2d0e6c0c: b605 e8ed 

  0x0000025c2d0e6c10: ; ImmutableOopMap {r11=Oop rbx=Oop [168]=Oop [184]=Oop [200]=Oop }
                      ;*iastore {reexecute=0 rethrow=0 return_oop=0}
                      ; - javax.swing.plaf.basic.BasicListUI::updateLayoutState@204 (line 1451)
  0x0000025c2d0e6c10: 44b6 0548 | 8934 2448 | 895c 2408 

  0x0000025c2d0e6c1c: ;   {runtime_call throw_range_check_failed Runtime1 stub}
  0x0000025c2d0e6c1c: e8df 3bb6 

  0x0000025c2d0e6c20: ; ImmutableOopMap {r11=Oop rbx=Oop [168]=Oop [184]=Oop [200]=Oop }
                      ;*iastore {reexecute=0 rethrow=0 return_oop=0}
                      ; - javax.swing.plaf.basic.BasicListUI::updateLayoutState@204 (line 1451)
                      ;   {metadata({method} {0x0000025c838c85f0} 'updateLayoutState' '()V' in 'javax/swing/plaf/basic/BasicListUI')}
  0x0000025c2d0e6c20: 0549 bae8 | 858c 835c | 0200 004c | 8954 2408 | 48c7 0424 | d000 0000 

  0x0000025c2d0e6c38: ;   {runtime_call counter_overflow Runtime1 stub}
  0x0000025c2d0e6c38: e8c3 95b6 

  0x0000025c2d0e6c3c: ; ImmutableOopMap {r11=Oop [168]=Oop [184]=Oop [200]=Oop }
                      ;*goto {reexecute=1 rethrow=0 return_oop=0}
                      ; - (reexecute) javax.swing.plaf.basic.BasicListUI::updateLayoutState@208 (line 1442)
  0x0000025c2d0e6c3c: 05e9 b4fb 

  0x0000025c2d0e6c40: ;   {runtime_call new_type_array Runtime1 stub}
  0x0000025c2d0e6c40: ffff e8b9 

  0x0000025c2d0e6c44: ; ImmutableOopMap {r11=Oop [168]=Oop }
                      ;*newarray {reexecute=0 rethrow=0 return_oop=0}
                      ; - javax.swing.plaf.basic.BasicListUI::updateLayoutState@237 (line 1460)
  0x0000025c2d0e6c44: 53b6 05e9 | 28fd ffff | 418b 535c | 48c1 e203 | 4883 fa00 | 0f84 24fd | ffff 4889 

  0x0000025c2d0e6c60: ;   {runtime_call g1_pre_barrier_slow}
  0x0000025c2d0e6c60: 1424 e899 | 9bb6 05e9 | 16fd ffff | 4883 f800 | 0f84 2bfd | ffff 4c89 

  0x0000025c2d0e6c78: ;   {runtime_call g1_post_barrier_slow}
  0x0000025c2d0e6c78: 1c24 e881 | 9eb6 05e9 | 1dfd ffff 

  0x0000025c2d0e6c84: ;   {runtime_call throw_null_pointer_exception Runtime1 stub}
  0x0000025c2d0e6c84: e877 44b6 

  0x0000025c2d0e6c88: ; ImmutableOopMap {r11=Oop rsi=Oop [168]=Oop }
                      ;*iastore {reexecute=0 rethrow=0 return_oop=0}
                      ; - javax.swing.plaf.basic.BasicListUI::updateLayoutState@259 (line 1463)
                      ;   {runtime_call throw_null_pointer_exception Runtime1 stub}
  0x0000025c2d0e6c88: 05e8 7244 

  0x0000025c2d0e6c8c: ; ImmutableOopMap {r11=Oop rsi=Oop [168]=Oop }
                      ;*iastore {reexecute=0 rethrow=0 return_oop=0}
                      ; - javax.swing.plaf.basic.BasicListUI::updateLayoutState@259 (line 1463)
  0x0000025c2d0e6c8c: b605 4889 | 1424 4889 

  0x0000025c2d0e6c94: ;   {runtime_call throw_range_check_failed Runtime1 stub}
  0x0000025c2d0e6c94: 7424 08e8 

  0x0000025c2d0e6c98: ; ImmutableOopMap {r11=Oop rsi=Oop [168]=Oop }
                      ;*iastore {reexecute=0 rethrow=0 return_oop=0}
                      ; - javax.swing.plaf.basic.BasicListUI::updateLayoutState@259 (line 1463)
  0x0000025c2d0e6c98: 643b b605 

  0x0000025c2d0e6c9c: ;   {metadata({method} {0x0000025c838c85f0} 'updateLayoutState' '()V' in 'javax/swing/plaf/basic/BasicListUI')}
  0x0000025c2d0e6c9c: 49ba e885 | 8c83 5c02 | 0000 4c89 | 5424 0848 | c704 2407 

  0x0000025c2d0e6cb0: ;   {runtime_call counter_overflow Runtime1 stub}
  0x0000025c2d0e6cb0: 0100 00e8 

  0x0000025c2d0e6cb4: ; ImmutableOopMap {r11=Oop [168]=Oop }
                      ;*goto {reexecute=1 rethrow=0 return_oop=0}
                      ; - (reexecute) javax.swing.plaf.basic.BasicListUI::updateLayoutState@263 (line 1462)
  0x0000025c2d0e6cb4: 4895 b605 | e941 fdff 

  0x0000025c2d0e6cbc: ;   {internal_word}
  0x0000025c2d0e6cbc: ff49 bac4 | 6a0e 2d5c | 0200 004d | 8997 6804 

  0x0000025c2d0e6ccc: ;   {runtime_call SafepointBlob}
  0x0000025c2d0e6ccc: 0000 e92d | eaaa 0549 | 8b87 0005 | 0000 49c7 | 8700 0500 | 0000 0000 | 0049 c787 | 0805 0000 
  0x0000025c2d0e6cec: 0000 0000 | 4881 c4e0 | 0000 005d 

  0x0000025c2d0e6cf8: ;   {runtime_call unwind_exception Runtime1 stub}
  0x0000025c2d0e6cf8: e903 35b6 | 05f4 f4f4 
[Stub Code]
  0x0000025c2d0e6d00: ;   {no_reloc}
  0x0000025c2d0e6d00: 0f1f 4400 

  0x0000025c2d0e6d04: ;   {static_stub}
  0x0000025c2d0e6d04: 0048 bb00 | 0000 0000 

  0x0000025c2d0e6d0c: ;   {runtime_call}
  0x0000025c2d0e6d0c: 0000 00e9 | fbff ffff 

  0x0000025c2d0e6d14: ;   {static_stub}
  0x0000025c2d0e6d14: 9048 bb00 | 0000 0000 

  0x0000025c2d0e6d1c: ;   {runtime_call}
  0x0000025c2d0e6d1c: 0000 00e9 | fbff ffff 

  0x0000025c2d0e6d24: ;   {static_stub}
  0x0000025c2d0e6d24: 9048 bb00 | 0000 0000 

  0x0000025c2d0e6d2c: ;   {runtime_call}
  0x0000025c2d0e6d2c: 0000 00e9 | fbff ffff 

  0x0000025c2d0e6d34: ;   {static_stub}
  0x0000025c2d0e6d34: 9048 bb00 | 0000 0000 

  0x0000025c2d0e6d3c: ;   {runtime_call}
  0x0000025c2d0e6d3c: 0000 00e9 | fbff ffff 

  0x0000025c2d0e6d44: ;   {static_stub}
  0x0000025c2d0e6d44: 9048 bb00 | 0000 0000 

  0x0000025c2d0e6d4c: ;   {runtime_call}
  0x0000025c2d0e6d4c: 0000 00e9 | fbff ffff 

  0x0000025c2d0e6d54: ;   {static_stub}
  0x0000025c2d0e6d54: 9048 bb00 | 0000 0000 

  0x0000025c2d0e6d5c: ;   {runtime_call}
  0x0000025c2d0e6d5c: 0000 00e9 | fbff ffff 

  0x0000025c2d0e6d64: ;   {static_stub}
  0x0000025c2d0e6d64: 9048 bb00 | 0000 0000 

  0x0000025c2d0e6d6c: ;   {runtime_call}
  0x0000025c2d0e6d6c: 0000 00e9 | fbff ffff 

  0x0000025c2d0e6d74: ;   {static_stub}
  0x0000025c2d0e6d74: 48bb 0000 | 0000 0000 

  0x0000025c2d0e6d7c: ;   {runtime_call}
  0x0000025c2d0e6d7c: 0000 e9fb 

  0x0000025c2d0e6d80: ;   {runtime_call handle_exception_from_callee Runtime1 stub}
  0x0000025c2d0e6d80: ffff ffe8 | 7861 b605 

  0x0000025c2d0e6d88: ;   {external_word}
  0x0000025c2d0e6d88: 48b9 50e0 | c4ff ff7f | 0000 4883 

  0x0000025c2d0e6d94: ;   {runtime_call}
  0x0000025c2d0e6d94: e4f0 48b8 | 50ef 87ff | ff7f 0000 

  0x0000025c2d0e6da0: ;   {section_word}
  0x0000025c2d0e6da0: ffd0 f449 | baa3 6d0e | 2d5c 0200 

  0x0000025c2d0e6dac: ;   {runtime_call DeoptimizationBlob}
  0x0000025c2d0e6dac: 0041 52e9 | ecdb aa05 | f4f4 f4f4 
[/MachCode]


---------------  P R O C E S S  ---------------

Threads class SMR info:
_java_thread_list=0x0000025c9e07ca30, length=79, elements={
0x0000025c20c45f40, 0x0000025c22d2ec90, 0x0000025c22d2f6f0, 0x0000025c22d34160,
0x0000025c22d34bc0, 0x0000025c22d36e50, 0x0000025c22d3a8e0, 0x0000025c22d40aa0,
0x0000025c22d45560, 0x0000025c1dfde060, 0x0000025c1dfe0130, 0x0000025c1dfde6f0,
0x0000025c1dfe07c0, 0x0000025c1dfded80, 0x0000025c1dfe0e50, 0x0000025c1dfdf410,
0x0000025c8929fdb0, 0x0000025c892a17f0, 0x0000025c892a0ad0, 0x0000025c892a1160,
0x0000025c892a2510, 0x0000025c868cddc0, 0x0000025c868ce450, 0x0000025c868cf800,
0x0000025c868cc380, 0x0000025c868cfe90, 0x0000025c868d3310, 0x0000025c892a0440,
0x0000025c892a1e80, 0x0000025c9a89c8e0, 0x0000025c9a89d600, 0x0000025c9a89e9b0,
0x0000025c9a89dc90, 0x0000025c9a89e320, 0x0000025c9a89f040, 0x0000025c9a89f6d0,
0x0000025c9a89fd60, 0x0000025c9a89cf70, 0x0000025c9964bac0, 0x0000025c9964d500,
0x0000025c9964ce70, 0x0000025c9964a710, 0x0000025c9964ada0, 0x0000025c9964c150,
0x0000025c9964c7e0, 0x0000025c9bf71b20, 0x0000025c9bf72840, 0x0000025c9bf72ed0,
0x0000025c9bf74910, 0x0000025c9bf73bf0, 0x0000025c9bf74280, 0x0000025c9bf71490,
0x0000025c9bf76350, 0x0000025c9bf77070, 0x0000025c9bf77700, 0x0000025c9bf75cc0,
0x0000025c9d5b4e50, 0x0000025c868d0520, 0x0000025c1dfe14e0, 0x0000025c9bf77d90,
0x0000025c9d5b54e0, 0x0000025ca5ec0030, 0x0000025ca5ec0d50, 0x0000025c9d5b9680,
0x0000025c9d5ba3a0, 0x0000025c9bf74fa0, 0x0000025ca8b27820, 0x0000025ca8b2d400,
0x0000025ca8b2a610, 0x0000025ca8b2aca0, 0x0000025c9d5b6200, 0x0000025c9d5b5b70,
0x0000025c9d5b9d10, 0x0000025ca5ec1a70, 0x0000025c9964b430, 0x0000025ca8b26b00,
0x0000025ca8b298f0, 0x0000025ca8b27190, 0x0000025ca8b2cd70
}

Java Threads: ( => current thread )
  0x0000025c20c45f40 JavaThread "main"                              [_thread_blocked, id=16144, stack(0x000000b657300000,0x000000b657400000) (1024K)]
  0x0000025c22d2ec90 JavaThread "Reference Handler"          daemon [_thread_blocked, id=16152, stack(0x000000b659600000,0x000000b65a000000) (10240K)]
  0x0000025c22d2f6f0 JavaThread "Finalizer"                  daemon [_thread_blocked, id=7148, stack(0x000000b65a000000,0x000000b65aa00000) (10240K)]
  0x0000025c22d34160 JavaThread "Signal Dispatcher"          daemon [_thread_blocked, id=12200, stack(0x000000b65aa00000,0x000000b65b400000) (10240K)]
  0x0000025c22d34bc0 JavaThread "Attach Listener"            daemon [_thread_blocked, id=21480, stack(0x000000b65b400000,0x000000b65be00000) (10240K)]
  0x0000025c22d36e50 JavaThread "Service Thread"             daemon [_thread_blocked, id=21500, stack(0x000000b65be00000,0x000000b65c800000) (10240K)]
  0x0000025c22d3a8e0 JavaThread "Monitor Deflation Thread"   daemon [_thread_blocked, id=13084, stack(0x000000b65c800000,0x000000b65d200000) (10240K)]
  0x0000025c22d40aa0 JavaThread "C2 CompilerThread0"         daemon [_thread_in_native, id=19464, stack(0x000000b65d200000,0x000000b65d300000) (1024K)]
  0x0000025c22d45560 JavaThread "C1 CompilerThread0"         daemon [_thread_blocked, id=16376, stack(0x000000b65d300000,0x000000b65d400000) (1024K)]
  0x0000025c1dfde060 JavaThread "StringDedupThread"          daemon [_thread_blocked, id=19648, stack(0x000000b65d400000,0x000000b65de00000) (10240K)]
  0x0000025c1dfe0130 JavaThread "Common-Cleaner"             daemon [_thread_blocked, id=4492, stack(0x000000b65e100000,0x000000b65eb00000) (10240K)]
  0x0000025c1dfde6f0 JavaThread "Notification Thread"        daemon [_thread_blocked, id=16860, stack(0x000000b65eb00000,0x000000b65f500000) (10240K)]
  0x0000025c1dfe07c0 JavaThread "Java2D Disposer"            daemon [_thread_blocked, id=1408, stack(0x000000b65f500000,0x000000b65ff00000) (10240K)]
  0x0000025c1dfded80 JavaThread "AWT-Shutdown"                      [_thread_blocked, id=6464, stack(0x000000b65ff00000,0x000000b660900000) (10240K)]
  0x0000025c1dfe0e50 JavaThread "AWT-Windows"                daemon [_thread_in_native, id=14308, stack(0x000000b660900000,0x000000b661300000) (10240K)]
  0x0000025c1dfdf410 JavaThread "TimerQueue"                 daemon [_thread_blocked, id=14284, stack(0x000000b661900000,0x000000b662300000) (10240K)]
=>0x0000025c8929fdb0 JavaThread "AWT-EventQueue-0"                  [_thread_in_native, id=13108, stack(0x000000b663000000,0x000000b663a00000) (10240K)]
  0x0000025c892a17f0 JavaThread "Thread-1"                          [_thread_in_native, id=19108, stack(0x000000b657400000,0x000000b658800000) (20480K)]
  0x0000025c892a0ad0 JavaThread "Process Messages Thread"           [_thread_blocked, id=16668, stack(0x000000b664500000,0x000000b664f00000) (10240K)]
  0x0000025c892a1160 JavaThread "Batik CleanerThread"        daemon [_thread_blocked, id=22148, stack(0x000000b664f00000,0x000000b665900000) (10240K)]
  0x0000025c892a2510 JavaThread "SyntheticaCleanerThread"    daemon [_thread_blocked, id=21784, stack(0x000000b665900000,0x000000b666300000) (10240K)]
  0x0000025c868cddc0 JavaThread "Timer-0"                           [_thread_blocked, id=13460, stack(0x000000b666d00000,0x000000b667700000) (10240K)]
  0x0000025c868ce450 JavaThread "Monitor File Timestamp Swing Worker Thread"        [_thread_blocked, id=13000, stack(0x000000b667700000,0x000000b668100000) (10240K)]
  0x0000025c868cf800 JavaThread "Monitor HEventQueue for Sluggish Gui Thread"        [_thread_blocked, id=21564, stack(0x000000b668100000,0x000000b668b00000) (10240K)]
  0x0000025c868cc380 JavaThread "SyntheticaAnimation 50"     daemon [_thread_blocked, id=21632, stack(0x000000b668b00000,0x000000b669500000) (10240K)]
  0x0000025c868cfe90 JavaThread "SyntheticaAnimation 25"     daemon [_thread_blocked, id=6548, stack(0x000000b669600000,0x000000b66a000000) (10240K)]
  0x0000025c868d3310 JavaThread "SyntheticaAnimation 70"     daemon [_thread_blocked, id=1752, stack(0x000000b66aa00000,0x000000b66b400000) (10240K)]
  0x0000025c892a0440 JavaThread "Refresh Filesets Swing Worker Thread"        [_thread_blocked, id=13868, stack(0x000000b662300000,0x000000b662d00000) (10240K)]
  0x0000025c892a1e80 JavaThread "hw_ila_monitor"                    [_thread_blocked, id=6988, stack(0x000000b663a00000,0x000000b664400000) (10240K)]
  0x0000025c9a89c8e0 JavaThread "pool-2-thread-1"                   [_thread_blocked, id=13024, stack(0x000000b66b400000,0x000000b66be00000) (10240K)]
  0x0000025c9a89d600 JavaThread "Timer-1"                           [_thread_blocked, id=4608, stack(0x000000b66be00000,0x000000b66c800000) (10240K)]
  0x0000025c9a89e9b0 JavaThread "pool-3-thread-1"                   [_thread_blocked, id=22524, stack(0x000000b66c800000,0x000000b66d200000) (10240K)]
  0x0000025c9a89dc90 JavaThread "Timer-2"                           [_thread_blocked, id=21220, stack(0x000000b66d200000,0x000000b66dc00000) (10240K)]
  0x0000025c9a89e320 JavaThread "pool-4-thread-1"                   [_thread_blocked, id=17644, stack(0x000000b66dc00000,0x000000b66e600000) (10240K)]
  0x0000025c9a89f040 JavaThread "Timer-3"                           [_thread_blocked, id=10300, stack(0x000000b66e600000,0x000000b66f000000) (10240K)]
  0x0000025c9a89f6d0 JavaThread "pool-5-thread-1"                   [_thread_blocked, id=22368, stack(0x000000b66f000000,0x000000b66fa00000) (10240K)]
  0x0000025c9a89fd60 JavaThread "Timer-4"                           [_thread_blocked, id=12080, stack(0x000000b66fa00000,0x000000b670400000) (10240K)]
  0x0000025c9a89cf70 JavaThread "pool-6-thread-1"                   [_thread_blocked, id=18568, stack(0x000000b670400000,0x000000b670e00000) (10240K)]
  0x0000025c9964bac0 JavaThread "Timer-5"                           [_thread_blocked, id=22184, stack(0x000000b670e00000,0x000000b671800000) (10240K)]
  0x0000025c9964d500 JavaThread "pool-7-thread-1"                   [_thread_blocked, id=9864, stack(0x000000b671800000,0x000000b672200000) (10240K)]
  0x0000025c9964ce70 JavaThread "Timer-6"                           [_thread_blocked, id=22192, stack(0x000000b672200000,0x000000b672c00000) (10240K)]
  0x0000025c9964a710 JavaThread "pool-8-thread-1"                   [_thread_blocked, id=9424, stack(0x000000b672c00000,0x000000b673600000) (10240K)]
  0x0000025c9964ada0 JavaThread "Timer-7"                           [_thread_blocked, id=18028, stack(0x000000b673600000,0x000000b674000000) (10240K)]
  0x0000025c9964c150 JavaThread "pool-9-thread-1"                   [_thread_blocked, id=3400, stack(0x000000b674000000,0x000000b674a00000) (10240K)]
  0x0000025c9964c7e0 JavaThread "Timer-8"                           [_thread_blocked, id=4624, stack(0x000000b674a00000,0x000000b675400000) (10240K)]
  0x0000025c9bf71b20 JavaThread "pool-10-thread-1"                  [_thread_blocked, id=2260, stack(0x000000b675400000,0x000000b675e00000) (10240K)]
  0x0000025c9bf72840 JavaThread "Timer-9"                           [_thread_blocked, id=9276, stack(0x000000b675e00000,0x000000b676800000) (10240K)]
  0x0000025c9bf72ed0 JavaThread "pool-11-thread-1"                  [_thread_blocked, id=5424, stack(0x000000b676800000,0x000000b677200000) (10240K)]
  0x0000025c9bf74910 JavaThread "Timer-10"                          [_thread_blocked, id=7716, stack(0x000000b677200000,0x000000b677c00000) (10240K)]
  0x0000025c9bf73bf0 JavaThread "pool-12-thread-1"                  [_thread_blocked, id=14288, stack(0x000000b677c00000,0x000000b678600000) (10240K)]
  0x0000025c9bf74280 JavaThread "Image Animator 0"           daemon [_thread_blocked, id=15304, stack(0x000000b679000000,0x000000b679a00000) (10240K)]
  0x0000025c9bf71490 JavaThread "pool-13-thread-1"                  [_thread_blocked, id=11008, stack(0x000000b679a00000,0x000000b67a400000) (10240K)]
  0x0000025c9bf76350 JavaThread "Timer-12"                          [_thread_blocked, id=12196, stack(0x000000b67a400000,0x000000b67ae00000) (10240K)]
  0x0000025c9bf77070 JavaThread "pool-14-thread-1"                  [_thread_blocked, id=14640, stack(0x000000b67ae00000,0x000000b67b800000) (10240K)]
  0x0000025c9bf77700 JavaThread "Timer-13"                          [_thread_blocked, id=20900, stack(0x000000b67b800000,0x000000b67c200000) (10240K)]
  0x0000025c9bf75cc0 JavaThread "Update Runs Swing Worker Thread"        [_thread_in_native, id=19400, stack(0x000000b67d600000,0x000000b67e000000) (10240K)]
  0x0000025c9d5b4e50 JavaThread "Thread-53"                         [_thread_in_native, id=16320, stack(0x000000b65df00000,0x000000b65e000000) (1024K)]
  0x0000025c868d0520 JavaThread "pool-15-thread-1"                  [_thread_blocked, id=15696, stack(0x000000b600000000,0x000000b600a00000) (10240K)]
  0x0000025c1dfe14e0 JavaThread "pool-16-thread-1"                  [_thread_blocked, id=22460, stack(0x000000b601400000,0x000000b601e00000) (10240K)]
  0x0000025c9bf77d90 JavaThread "pool-17-thread-1"                  [_thread_blocked, id=17448, stack(0x000000b602800000,0x000000b603200000) (10240K)]
  0x0000025c9d5b54e0 JavaThread "SyntheticaAnimation 50"     daemon [_thread_blocked, id=636, stack(0x000000b605e00000,0x000000b606800000) (10240K)]
  0x0000025ca5ec0030 JavaThread "SyntheticaAnimation 50"     daemon [_thread_blocked, id=2400, stack(0x000000b601e00000,0x000000b602800000) (10240K)]
  0x0000025ca5ec0d50 JavaThread "Swing-Shell"                daemon [_thread_blocked, id=15112, stack(0x000000b603200000,0x000000b603c00000) (10240K)]
  0x0000025c9d5b9680 JavaThread "pool-19-thread-1"                  [_thread_blocked, id=8268, stack(0x000000b607c00000,0x000000b608600000) (10240K)]
  0x0000025c9d5ba3a0 JavaThread "pool-20-thread-1"                  [_thread_blocked, id=19864, stack(0x000000b609000000,0x000000b609a00000) (10240K)]
  0x0000025c9bf74fa0 JavaThread "pool-21-thread-1"                  [_thread_blocked, id=16580, stack(0x000000b60a400000,0x000000b60ae00000) (10240K)]
  0x0000025ca8b27820 JavaThread "Timer-22"                          [_thread_blocked, id=16244, stack(0x000000b603c00000,0x000000b604600000) (10240K)]
  0x0000025ca8b2d400 JavaThread "Image Animator 3"           daemon [_thread_blocked, id=8684, stack(0x000000b60f400000,0x000000b60fe00000) (10240K)]
  0x0000025ca8b2a610 JavaThread "Timer-24"                          [_thread_blocked, id=15388, stack(0x000000b60ea00000,0x000000b60f400000) (10240K)]
  0x0000025ca8b2aca0 JavaThread "Timer-27"                          [_thread_blocked, id=19968, stack(0x000000b611200000,0x000000b611c00000) (10240K)]
  0x0000025c9d5b6200 JavaThread "pool-25-thread-1"                  [_thread_blocked, id=21132, stack(0x000000b609a00000,0x000000b60a400000) (10240K)]
  0x0000025c9d5b5b70 JavaThread "pool-26-thread-1"                  [_thread_blocked, id=9044, stack(0x000000b60c200000,0x000000b60cc00000) (10240K)]
  0x0000025c9d5b9d10 JavaThread "pool-27-thread-1"                  [_thread_blocked, id=22284, stack(0x000000b60d600000,0x000000b60e000000) (10240K)]
  0x0000025ca5ec1a70 JavaThread "Timer-33"                          [_thread_blocked, id=20236, stack(0x000000b604600000,0x000000b605000000) (10240K)]
  0x0000025c9964b430 JavaThread "pool-29-thread-1"                  [_thread_blocked, id=10032, stack(0x000000b607200000,0x000000b607c00000) (10240K)]
  0x0000025ca8b26b00 JavaThread "pool-30-thread-1"                  [_thread_blocked, id=11908, stack(0x000000b60ae00000,0x000000b60b800000) (10240K)]
  0x0000025ca8b298f0 JavaThread "Timer-37"                          [_thread_blocked, id=5956, stack(0x000000b60b800000,0x000000b60c200000) (10240K)]
  0x0000025ca8b27190 JavaThread "pool-31-thread-1"                  [_thread_blocked, id=15516, stack(0x000000b60e000000,0x000000b60ea00000) (10240K)]
  0x0000025ca8b2cd70 JavaThread "Timer-38"                          [_thread_blocked, id=21688, stack(0x000000b60fe00000,0x000000b610800000) (10240K)]
Total: 79

Other Threads:
  0x0000025c20ff79e0 VMThread "VM Thread"                           [id=10680, stack(0x000000b659500000,0x000000b659600000) (1024K)]
  0x0000025c20c69840 WatcherThread "VM Periodic Task Thread"        [id=17468, stack(0x000000b659400000,0x000000b659500000) (1024K)]
  0x0000025c20ff6b60 WorkerThread "GC Thread#0"                     [id=17444, stack(0x000000b658f00000,0x000000b659000000) (1024K)]
  0x0000025c20ff8120 WorkerThread "GC Thread#1"                     [id=10528, stack(0x000000b662d00000,0x000000b662e00000) (1024K)]
  0x0000025c20ff84c0 WorkerThread "GC Thread#2"                     [id=17940, stack(0x000000b662e00000,0x000000b662f00000) (1024K)]
  0x0000025c20ff67c0 WorkerThread "GC Thread#3"                     [id=20036, stack(0x000000b662f00000,0x000000b663000000) (1024K)]
  0x0000025c22b364b0 ConcurrentGCThread "G1 Main Marker"            [id=20936, stack(0x000000b659000000,0x000000b659100000) (1024K)]
  0x0000025c20ff72a0 WorkerThread "G1 Conc#0"                       [id=11292, stack(0x000000b659100000,0x000000b659200000) (1024K)]
  0x0000025c22c2ded0 ConcurrentGCThread "G1 Refine#0"               [id=13232, stack(0x000000b659200000,0x000000b659300000) (1024K)]
  0x0000025c207645f0 ConcurrentGCThread "G1 Service"                [id=22096, stack(0x000000b659300000,0x000000b659400000) (1024K)]
Total: 10

Threads with active compile tasks:
C2 CompilerThread0  2866986 32125       4       javax.swing.JMenuItem::init (60 bytes)
Total: 1

VM state: not at safepoint (normal execution)

VM Mutex/Monitor currently owned by a thread: None

Heap address: 0x0000000701800000, size: 4072 MB, Compressed Oops mode: Zero based, Oop shift amount: 3

CDS archive(s) mapped at: [0x0000025c41000000-0x0000025c41c90000-0x0000025c41c90000), size 13172736, SharedBaseAddress: 0x0000025c41000000, ArchiveRelocationMode: 1.
Compressed class space mapped at: 0x0000025c42000000-0x0000025c82000000, reserved size: 1073741824
Narrow klass base: 0x0000025c41000000, Narrow klass shift: 0, Narrow klass range: 0x100000000

GC Precious Log:
 CardTable entry size: 512
 Card Set container configuration: InlinePtr #cards 4 size 8 Array Of Cards #cards 16 size 48 Howl #buckets 8 coarsen threshold 3686 Howl Bitmap #cards 512 size 80 coarsen threshold 460 Card regions per heap region 1 cards per card region 4096
 CPUs: 28 total, 28 available
 Memory: 32454M
 Large Page Support: Disabled
 NUMA Support: Disabled
 Compressed Oops: Enabled (Zero based)
 Heap Region Size: 2M
 Heap Min Capacity: 512M
 Heap Initial Capacity: 512M
 Heap Max Capacity: 4072M
 Pre-touch: Disabled
 Parallel Workers: 4
 Concurrent Workers: 1
 Concurrent Refinement Workers: 4
 Periodic GC: Disabled
 String Deduplication is enabled

Heap:
 garbage-first heap   total 622592K, used 246821K [0x0000000701800000, 0x0000000800000000)
  region size 2048K, 7 young (14336K), 3 survivors (6144K)
 Metaspace       used 110199K, committed 111040K, reserved 1179648K
  class space    used 15663K, committed 16064K, reserved 1048576K

Heap Regions: E=young(eden), S=young(survivor), O=old, HS=humongous(starts), HC=humongous(continues), CS=collection set, F=free, TAMS=top-at-mark-start, PB=parsable bottom
|   0|0x0000000701800000, 0x0000000701a00000, 0x0000000701a00000|100%|HS|  |TAMS 0x0000000701800000| PB 0x0000000701800000| Untracked 
|   1|0x0000000701a00000, 0x0000000701bfffb8, 0x0000000701c00000| 99%| O|  |TAMS 0x0000000701a00000| PB 0x0000000701a00000| Untracked 
|   2|0x0000000701c00000, 0x0000000701dffff0, 0x0000000701e00000| 99%| O|  |TAMS 0x0000000701c00000| PB 0x0000000701c00000| Untracked 
|   3|0x0000000701e00000, 0x0000000701ffff98, 0x0000000702000000| 99%| O|  |TAMS 0x0000000701e00000| PB 0x0000000701e00000| Untracked 
|   4|0x0000000702000000, 0x00000007021ff410, 0x0000000702200000| 99%| O|  |TAMS 0x0000000702000000| PB 0x0000000702000000| Untracked 
|   5|0x0000000702200000, 0x00000007023ffff8, 0x0000000702400000| 99%| O|  |TAMS 0x0000000702200000| PB 0x0000000702200000| Untracked 
|   6|0x0000000702400000, 0x00000007025efc88, 0x0000000702600000| 96%| O|  |TAMS 0x0000000702400000| PB 0x0000000702400000| Untracked 
|   7|0x0000000702600000, 0x0000000702800000, 0x0000000702800000|100%| O|  |TAMS 0x0000000702600000| PB 0x0000000702600000| Untracked 
|   8|0x0000000702800000, 0x0000000702a00000, 0x0000000702a00000|100%| O|  |TAMS 0x0000000702800000| PB 0x0000000702800000| Untracked 
|   9|0x0000000702a00000, 0x0000000702bffe60, 0x0000000702c00000| 99%| O|  |TAMS 0x0000000702a00000| PB 0x0000000702a00000| Untracked 
|  10|0x0000000702c00000, 0x0000000702e00000, 0x0000000702e00000|100%| O|  |TAMS 0x0000000702c00000| PB 0x0000000702c00000| Untracked 
|  11|0x0000000702e00000, 0x0000000702fffba8, 0x0000000703000000| 99%| O|  |TAMS 0x0000000702e00000| PB 0x0000000702e00000| Untracked 
|  12|0x0000000703000000, 0x00000007031fffb0, 0x0000000703200000| 99%| O|  |TAMS 0x0000000703000000| PB 0x0000000703000000| Untracked 
|  13|0x0000000703200000, 0x00000007033fffe0, 0x0000000703400000| 99%| O|  |TAMS 0x0000000703200000| PB 0x0000000703200000| Untracked 
|  14|0x0000000703400000, 0x0000000703600000, 0x0000000703600000|100%| O|  |TAMS 0x0000000703400000| PB 0x0000000703400000| Untracked 
|  15|0x0000000703600000, 0x00000007037ffff8, 0x0000000703800000| 99%| O|  |TAMS 0x0000000703600000| PB 0x0000000703600000| Untracked 
|  16|0x0000000703800000, 0x00000007039f0c30, 0x0000000703a00000| 97%| O|  |TAMS 0x0000000703800000| PB 0x0000000703800000| Untracked 
|  17|0x0000000703a00000, 0x0000000703bfffd0, 0x0000000703c00000| 99%| O|  |TAMS 0x0000000703a00000| PB 0x0000000703a00000| Untracked 
|  18|0x0000000703c00000, 0x0000000703e00000, 0x0000000703e00000|100%| O|  |TAMS 0x0000000703c00000| PB 0x0000000703c00000| Untracked 
|  19|0x0000000703e00000, 0x0000000704000000, 0x0000000704000000|100%|HS|  |TAMS 0x0000000703e00000| PB 0x0000000703e00000| Untracked 
|  20|0x0000000704000000, 0x0000000704200000, 0x0000000704200000|100%|HC|  |TAMS 0x0000000704000000| PB 0x0000000704000000| Untracked 
|  21|0x0000000704200000, 0x0000000704400000, 0x0000000704400000|100%|HC|  |TAMS 0x0000000704200000| PB 0x0000000704200000| Untracked 
|  22|0x0000000704400000, 0x0000000704600000, 0x0000000704600000|100%|HC|  |TAMS 0x0000000704400000| PB 0x0000000704400000| Untracked 
|  23|0x0000000704600000, 0x0000000704800000, 0x0000000704800000|100%|HC|  |TAMS 0x0000000704600000| PB 0x0000000704600000| Untracked 
|  24|0x0000000704800000, 0x0000000704a00000, 0x0000000704a00000|100%|HC|  |TAMS 0x0000000704800000| PB 0x0000000704800000| Untracked 
|  25|0x0000000704a00000, 0x0000000704bfffd8, 0x0000000704c00000| 99%| O|  |TAMS 0x0000000704a00000| PB 0x0000000704a00000| Untracked 
|  26|0x0000000704c00000, 0x0000000704e00000, 0x0000000704e00000|100%| O|  |TAMS 0x0000000704c00000| PB 0x0000000704c00000| Untracked 
|  27|0x0000000704e00000, 0x0000000704ffffc0, 0x0000000705000000| 99%| O|  |TAMS 0x0000000704e00000| PB 0x0000000704e00000| Untracked 
|  28|0x0000000705000000, 0x00000007051ffe78, 0x0000000705200000| 99%| O|  |TAMS 0x0000000705000000| PB 0x0000000705000000| Untracked 
|  29|0x0000000705200000, 0x0000000705400000, 0x0000000705400000|100%| O|  |TAMS 0x0000000705200000| PB 0x0000000705200000| Untracked 
|  30|0x0000000705400000, 0x00000007055ffff8, 0x0000000705600000| 99%| O|  |TAMS 0x0000000705400000| PB 0x0000000705400000| Untracked 
|  31|0x0000000705600000, 0x0000000705800000, 0x0000000705800000|100%| O|  |TAMS 0x0000000705600000| PB 0x0000000705600000| Untracked 
|  32|0x0000000705800000, 0x00000007059fff48, 0x0000000705a00000| 99%| O|  |TAMS 0x0000000705800000| PB 0x0000000705800000| Untracked 
|  33|0x0000000705a00000, 0x0000000705c00000, 0x0000000705c00000|100%| O|  |TAMS 0x0000000705a00000| PB 0x0000000705a00000| Untracked 
|  34|0x0000000705c00000, 0x0000000705dffff8, 0x0000000705e00000| 99%| O|  |TAMS 0x0000000705c00000| PB 0x0000000705c00000| Untracked 
|  35|0x0000000705e00000, 0x0000000705fffff8, 0x0000000706000000| 99%| O|  |TAMS 0x0000000705e00000| PB 0x0000000705e00000| Untracked 
|  36|0x0000000706000000, 0x00000007061fde18, 0x0000000706200000| 99%| O|  |TAMS 0x0000000706000000| PB 0x0000000706000000| Untracked 
|  37|0x0000000706200000, 0x00000007063ffff8, 0x0000000706400000| 99%| O|  |TAMS 0x0000000706200000| PB 0x0000000706200000| Untracked 
|  38|0x0000000706400000, 0x00000007065ffff8, 0x0000000706600000| 99%| O|  |TAMS 0x0000000706400000| PB 0x0000000706400000| Untracked 
|  39|0x0000000706600000, 0x0000000706800000, 0x0000000706800000|100%| O|  |TAMS 0x0000000706600000| PB 0x0000000706600000| Untracked 
|  40|0x0000000706800000, 0x0000000706a00000, 0x0000000706a00000|100%| O|  |TAMS 0x0000000706800000| PB 0x0000000706800000| Untracked 
|  41|0x0000000706a00000, 0x0000000706bfffe8, 0x0000000706c00000| 99%| O|  |TAMS 0x0000000706a00000| PB 0x0000000706a00000| Untracked 
|  42|0x0000000706c00000, 0x0000000706e00000, 0x0000000706e00000|100%| O|  |TAMS 0x0000000706c00000| PB 0x0000000706c00000| Untracked 
|  43|0x0000000706e00000, 0x0000000706fffff8, 0x0000000707000000| 99%| O|  |TAMS 0x0000000706e00000| PB 0x0000000706e00000| Untracked 
|  44|0x0000000707000000, 0x00000007071fffb0, 0x0000000707200000| 99%| O|  |TAMS 0x0000000707000000| PB 0x0000000707000000| Untracked 
|  45|0x0000000707200000, 0x00000007073ffff8, 0x0000000707400000| 99%| O|  |TAMS 0x0000000707200000| PB 0x0000000707200000| Untracked 
|  46|0x0000000707400000, 0x00000007075ffff8, 0x0000000707600000| 99%| O|  |TAMS 0x0000000707400000| PB 0x0000000707400000| Untracked 
|  47|0x0000000707600000, 0x00000007077fffe8, 0x0000000707800000| 99%| O|  |TAMS 0x0000000707600000| PB 0x0000000707600000| Untracked 
|  48|0x0000000707800000, 0x00000007079ffff8, 0x0000000707a00000| 99%| O|  |TAMS 0x0000000707800000| PB 0x0000000707800000| Untracked 
|  49|0x0000000707a00000, 0x0000000707bffff0, 0x0000000707c00000| 99%| O|  |TAMS 0x0000000707a00000| PB 0x0000000707a00000| Untracked 
|  50|0x0000000707c00000, 0x0000000707dff910, 0x0000000707e00000| 99%| O|  |TAMS 0x0000000707c00000| PB 0x0000000707c00000| Untracked 
|  51|0x0000000707e00000, 0x0000000707fffff8, 0x0000000708000000| 99%| O|  |TAMS 0x0000000707e00000| PB 0x0000000707e00000| Untracked 
|  52|0x0000000708000000, 0x00000007081fff60, 0x0000000708200000| 99%| O|  |TAMS 0x0000000708000000| PB 0x0000000708000000| Untracked 
|  53|0x0000000708200000, 0x00000007083fe220, 0x0000000708400000| 99%| O|  |TAMS 0x0000000708200000| PB 0x0000000708200000| Untracked 
|  54|0x0000000708400000, 0x00000007085ffff0, 0x0000000708600000| 99%| O|  |TAMS 0x0000000708400000| PB 0x0000000708400000| Untracked 
|  55|0x0000000708600000, 0x00000007087ff878, 0x0000000708800000| 99%| O|  |TAMS 0x0000000708600000| PB 0x0000000708600000| Untracked 
|  56|0x0000000708800000, 0x00000007089ffe98, 0x0000000708a00000| 99%| O|  |TAMS 0x0000000708800000| PB 0x0000000708800000| Untracked 
|  57|0x0000000708a00000, 0x0000000708bffff0, 0x0000000708c00000| 99%| O|  |TAMS 0x0000000708a00000| PB 0x0000000708a00000| Untracked 
|  58|0x0000000708c00000, 0x0000000708e00000, 0x0000000708e00000|100%| O|  |TAMS 0x0000000708c00000| PB 0x0000000708c00000| Untracked 
|  59|0x0000000708e00000, 0x0000000708fffff8, 0x0000000709000000| 99%| O|  |TAMS 0x0000000708e00000| PB 0x0000000708e00000| Untracked 
|  60|0x0000000709000000, 0x00000007091ffff8, 0x0000000709200000| 99%| O|  |TAMS 0x0000000709000000| PB 0x0000000709000000| Untracked 
|  61|0x0000000709200000, 0x0000000709400000, 0x0000000709400000|100%| O|  |TAMS 0x0000000709200000| PB 0x0000000709200000| Untracked 
|  62|0x0000000709400000, 0x00000007095fff48, 0x0000000709600000| 99%| O|  |TAMS 0x0000000709400000| PB 0x0000000709400000| Untracked 
|  63|0x0000000709600000, 0x00000007097fffe0, 0x0000000709800000| 99%| O|  |TAMS 0x0000000709600000| PB 0x0000000709600000| Untracked 
|  64|0x0000000709800000, 0x00000007099fffe8, 0x0000000709a00000| 99%| O|  |TAMS 0x0000000709800000| PB 0x0000000709800000| Untracked 
|  65|0x0000000709a00000, 0x0000000709c00000, 0x0000000709c00000|100%| O|  |TAMS 0x0000000709a00000| PB 0x0000000709a00000| Untracked 
|  66|0x0000000709c00000, 0x0000000709e00000, 0x0000000709e00000|100%| O|  |TAMS 0x0000000709c00000| PB 0x0000000709c00000| Untracked 
|  67|0x0000000709e00000, 0x000000070a000000, 0x000000070a000000|100%| O|  |TAMS 0x0000000709e00000| PB 0x0000000709e00000| Untracked 
|  68|0x000000070a000000, 0x000000070a1ffff0, 0x000000070a200000| 99%| O|  |TAMS 0x000000070a000000| PB 0x000000070a000000| Untracked 
|  69|0x000000070a200000, 0x000000070a3ffff8, 0x000000070a400000| 99%| O|  |TAMS 0x000000070a200000| PB 0x000000070a200000| Untracked 
|  70|0x000000070a400000, 0x000000070a5ffff8, 0x000000070a600000| 99%| O|  |TAMS 0x000000070a400000| PB 0x000000070a400000| Untracked 
|  71|0x000000070a600000, 0x000000070a7fed50, 0x000000070a800000| 99%| O|  |TAMS 0x000000070a600000| PB 0x000000070a600000| Untracked 
|  72|0x000000070a800000, 0x000000070a9fea28, 0x000000070aa00000| 99%| O|  |TAMS 0x000000070a800000| PB 0x000000070a800000| Untracked 
|  73|0x000000070aa00000, 0x000000070ab53f38, 0x000000070ac00000| 66%| O|  |TAMS 0x000000070aa00000| PB 0x000000070aa00000| Untracked 
|  74|0x000000070ac00000, 0x000000070ae00000, 0x000000070ae00000|100%| O|  |TAMS 0x000000070ac00000| PB 0x000000070ac00000| Untracked 
|  75|0x000000070ae00000, 0x000000070aef0730, 0x000000070b000000| 46%| O|  |TAMS 0x000000070ae00000| PB 0x000000070ae00000| Untracked 
|  76|0x000000070b000000, 0x000000070b1ffff0, 0x000000070b200000| 99%| O|  |TAMS 0x000000070b000000| PB 0x000000070b000000| Untracked 
|  77|0x000000070b200000, 0x000000070b400000, 0x000000070b400000|100%|HS|  |TAMS 0x000000070b200000| PB 0x000000070b200000| Untracked 
|  78|0x000000070b400000, 0x000000070b5ffff0, 0x000000070b600000| 99%| O|  |TAMS 0x000000070b400000| PB 0x000000070b400000| Untracked 
|  79|0x000000070b600000, 0x000000070b7ff7a8, 0x000000070b800000| 99%| O|  |TAMS 0x000000070b600000| PB 0x000000070b600000| Untracked 
|  80|0x000000070b800000, 0x000000070b800000, 0x000000070ba00000|  0%| F|  |TAMS 0x000000070b800000| PB 0x000000070b800000| Untracked 
|  81|0x000000070ba00000, 0x000000070bbbc888, 0x000000070bc00000| 86%| O|  |TAMS 0x000000070ba00000| PB 0x000000070ba00000| Untracked 
|  82|0x000000070bc00000, 0x000000070bc00000, 0x000000070be00000|  0%| F|  |TAMS 0x000000070bc00000| PB 0x000000070bc00000| Untracked 
|  83|0x000000070be00000, 0x000000070bfffff8, 0x000000070c000000| 99%| O|  |TAMS 0x000000070be00000| PB 0x000000070be00000| Untracked 
|  84|0x000000070c000000, 0x000000070c000000, 0x000000070c200000|  0%| F|  |TAMS 0x000000070c000000| PB 0x000000070c000000| Untracked 
|  85|0x000000070c200000, 0x000000070c200000, 0x000000070c400000|  0%| F|  |TAMS 0x000000070c200000| PB 0x000000070c200000| Untracked 
|  86|0x000000070c400000, 0x000000070c400000, 0x000000070c600000|  0%| F|  |TAMS 0x000000070c400000| PB 0x000000070c400000| Untracked 
|  87|0x000000070c600000, 0x000000070c74f210, 0x000000070c800000| 65%| O|  |TAMS 0x000000070c600000| PB 0x000000070c600000| Untracked 
|  88|0x000000070c800000, 0x000000070c9ffea0, 0x000000070ca00000| 99%| O|  |TAMS 0x000000070c800000| PB 0x000000070c800000| Untracked 
|  89|0x000000070ca00000, 0x000000070ca00000, 0x000000070cc00000|  0%| F|  |TAMS 0x000000070ca00000| PB 0x000000070ca00000| Untracked 
|  90|0x000000070cc00000, 0x000000070cc00000, 0x000000070ce00000|  0%| F|  |TAMS 0x000000070cc00000| PB 0x000000070cc00000| Untracked 
|  91|0x000000070ce00000, 0x000000070ce00000, 0x000000070d000000|  0%| F|  |TAMS 0x000000070ce00000| PB 0x000000070ce00000| Untracked 
|  92|0x000000070d000000, 0x000000070d1f3a80, 0x000000070d200000| 97%| O|  |TAMS 0x000000070d000000| PB 0x000000070d000000| Untracked 
|  93|0x000000070d200000, 0x000000070d400000, 0x000000070d400000|100%|HS|  |TAMS 0x000000070d200000| PB 0x000000070d200000| Complete 
|  94|0x000000070d400000, 0x000000070d600000, 0x000000070d600000|100%|HC|  |TAMS 0x000000070d400000| PB 0x000000070d400000| Complete 
|  95|0x000000070d600000, 0x000000070d800000, 0x000000070d800000|100%|HC|  |TAMS 0x000000070d600000| PB 0x000000070d600000| Complete 
|  96|0x000000070d800000, 0x000000070da00000, 0x000000070da00000|100%|HC|  |TAMS 0x000000070d800000| PB 0x000000070d800000| Complete 
|  97|0x000000070da00000, 0x000000070dc00000, 0x000000070dc00000|100%|HC|  |TAMS 0x000000070da00000| PB 0x000000070da00000| Complete 
|  98|0x000000070dc00000, 0x000000070de00000, 0x000000070de00000|100%|HC|  |TAMS 0x000000070dc00000| PB 0x000000070dc00000| Complete 
|  99|0x000000070de00000, 0x000000070e000000, 0x000000070e000000|100%|HC|  |TAMS 0x000000070de00000| PB 0x000000070de00000| Complete 
| 100|0x000000070e000000, 0x000000070e000000, 0x000000070e200000|  0%| F|  |TAMS 0x000000070e000000| PB 0x000000070e000000| Untracked 
| 101|0x000000070e200000, 0x000000070e200000, 0x000000070e400000|  0%| F|  |TAMS 0x000000070e200000| PB 0x000000070e200000| Untracked 
| 102|0x000000070e400000, 0x000000070e600000, 0x000000070e600000|100%|HS|  |TAMS 0x000000070e400000| PB 0x000000070e400000| Untracked 
| 103|0x000000070e600000, 0x000000070e800000, 0x000000070e800000|100%|HC|  |TAMS 0x000000070e600000| PB 0x000000070e600000| Untracked 
| 104|0x000000070e800000, 0x000000070ea00000, 0x000000070ea00000|100%|HC|  |TAMS 0x000000070e800000| PB 0x000000070e800000| Untracked 
| 105|0x000000070ea00000, 0x000000070ec00000, 0x000000070ec00000|100%|HC|  |TAMS 0x000000070ea00000| PB 0x000000070ea00000| Untracked 
| 106|0x000000070ec00000, 0x000000070ee00000, 0x000000070ee00000|100%|HC|  |TAMS 0x000000070ec00000| PB 0x000000070ec00000| Untracked 
| 107|0x000000070ee00000, 0x000000070f000000, 0x000000070f000000|100%|HC|  |TAMS 0x000000070ee00000| PB 0x000000070ee00000| Untracked 
| 108|0x000000070f000000, 0x000000070f200000, 0x000000070f200000|100%|HC|  |TAMS 0x000000070f000000| PB 0x000000070f000000| Untracked 
| 109|0x000000070f200000, 0x000000070f400000, 0x000000070f400000|100%|HS|  |TAMS 0x000000070f200000| PB 0x000000070f200000| Untracked 
| 110|0x000000070f400000, 0x000000070f600000, 0x000000070f600000|100%|HC|  |TAMS 0x000000070f400000| PB 0x000000070f400000| Untracked 
| 111|0x000000070f600000, 0x000000070f800000, 0x000000070f800000|100%|HC|  |TAMS 0x000000070f600000| PB 0x000000070f600000| Untracked 
| 112|0x000000070f800000, 0x000000070fa00000, 0x000000070fa00000|100%|HC|  |TAMS 0x000000070f800000| PB 0x000000070f800000| Untracked 
| 113|0x000000070fa00000, 0x000000070fc00000, 0x000000070fc00000|100%|HC|  |TAMS 0x000000070fa00000| PB 0x000000070fa00000| Untracked 
| 114|0x000000070fc00000, 0x000000070fe00000, 0x000000070fe00000|100%|HC|  |TAMS 0x000000070fc00000| PB 0x000000070fc00000| Untracked 
| 115|0x000000070fe00000, 0x0000000710000000, 0x0000000710000000|100%|HC|  |TAMS 0x000000070fe00000| PB 0x000000070fe00000| Untracked 
| 116|0x0000000710000000, 0x0000000710200000, 0x0000000710200000|100%|HC|  |TAMS 0x0000000710000000| PB 0x0000000710000000| Untracked 
| 117|0x0000000710200000, 0x0000000710400000, 0x0000000710400000|100%|HC|  |TAMS 0x0000000710200000| PB 0x0000000710200000| Untracked 
| 118|0x0000000710400000, 0x0000000710600000, 0x0000000710600000|100%|HS|  |TAMS 0x0000000710400000| PB 0x0000000710400000| Untracked 
| 119|0x0000000710600000, 0x0000000710800000, 0x0000000710800000|100%|HC|  |TAMS 0x0000000710600000| PB 0x0000000710600000| Untracked 
| 120|0x0000000710800000, 0x0000000710a00000, 0x0000000710a00000|100%|HC|  |TAMS 0x0000000710800000| PB 0x0000000710800000| Untracked 
| 121|0x0000000710a00000, 0x0000000710c00000, 0x0000000710c00000|100%|HC|  |TAMS 0x0000000710a00000| PB 0x0000000710a00000| Untracked 
| 122|0x0000000710c00000, 0x0000000710e00000, 0x0000000710e00000|100%|HC|  |TAMS 0x0000000710c00000| PB 0x0000000710c00000| Untracked 
| 123|0x0000000710e00000, 0x0000000711000000, 0x0000000711000000|100%|HC|  |TAMS 0x0000000710e00000| PB 0x0000000710e00000| Untracked 
| 124|0x0000000711000000, 0x0000000711200000, 0x0000000711200000|100%|HC|  |TAMS 0x0000000711000000| PB 0x0000000711000000| Untracked 
| 125|0x0000000711200000, 0x0000000711200000, 0x0000000711400000|  0%| F|  |TAMS 0x0000000711200000| PB 0x0000000711200000| Untracked 
| 126|0x0000000711400000, 0x0000000711400000, 0x0000000711600000|  0%| F|  |TAMS 0x0000000711400000| PB 0x0000000711400000| Untracked 
| 127|0x0000000711600000, 0x0000000711600000, 0x0000000711800000|  0%| F|  |TAMS 0x0000000711600000| PB 0x0000000711600000| Untracked 
| 128|0x0000000711800000, 0x0000000711800000, 0x0000000711a00000|  0%| F|  |TAMS 0x0000000711800000| PB 0x0000000711800000| Untracked 
| 129|0x0000000711a00000, 0x0000000711a00000, 0x0000000711c00000|  0%| F|  |TAMS 0x0000000711a00000| PB 0x0000000711a00000| Untracked 
| 130|0x0000000711c00000, 0x0000000711c00000, 0x0000000711e00000|  0%| F|  |TAMS 0x0000000711c00000| PB 0x0000000711c00000| Untracked 
| 131|0x0000000711e00000, 0x0000000711e00000, 0x0000000712000000|  0%| F|  |TAMS 0x0000000711e00000| PB 0x0000000711e00000| Untracked 
| 132|0x0000000712000000, 0x0000000712000000, 0x0000000712200000|  0%| F|  |TAMS 0x0000000712000000| PB 0x0000000712000000| Untracked 
| 133|0x0000000712200000, 0x0000000712200000, 0x0000000712400000|  0%| F|  |TAMS 0x0000000712200000| PB 0x0000000712200000| Untracked 
| 134|0x0000000712400000, 0x0000000712400000, 0x0000000712600000|  0%| F|  |TAMS 0x0000000712400000| PB 0x0000000712400000| Untracked 
| 135|0x0000000712600000, 0x0000000712600000, 0x0000000712800000|  0%| F|  |TAMS 0x0000000712600000| PB 0x0000000712600000| Untracked 
| 136|0x0000000712800000, 0x0000000712800000, 0x0000000712a00000|  0%| F|  |TAMS 0x0000000712800000| PB 0x0000000712800000| Untracked 
| 137|0x0000000712a00000, 0x0000000712a00000, 0x0000000712c00000|  0%| F|  |TAMS 0x0000000712a00000| PB 0x0000000712a00000| Untracked 
| 138|0x0000000712c00000, 0x0000000712c00000, 0x0000000712e00000|  0%| F|  |TAMS 0x0000000712c00000| PB 0x0000000712c00000| Untracked 
| 139|0x0000000712e00000, 0x0000000712e00000, 0x0000000713000000|  0%| F|  |TAMS 0x0000000712e00000| PB 0x0000000712e00000| Untracked 
| 140|0x0000000713000000, 0x0000000713000000, 0x0000000713200000|  0%| F|  |TAMS 0x0000000713000000| PB 0x0000000713000000| Untracked 
| 141|0x0000000713200000, 0x0000000713200000, 0x0000000713400000|  0%| F|  |TAMS 0x0000000713200000| PB 0x0000000713200000| Untracked 
| 142|0x0000000713400000, 0x0000000713400000, 0x0000000713600000|  0%| F|  |TAMS 0x0000000713400000| PB 0x0000000713400000| Untracked 
| 143|0x0000000713600000, 0x0000000713600000, 0x0000000713800000|  0%| F|  |TAMS 0x0000000713600000| PB 0x0000000713600000| Untracked 
| 144|0x0000000713800000, 0x0000000713800000, 0x0000000713a00000|  0%| F|  |TAMS 0x0000000713800000| PB 0x0000000713800000| Untracked 
| 145|0x0000000713a00000, 0x0000000713a00000, 0x0000000713c00000|  0%| F|  |TAMS 0x0000000713a00000| PB 0x0000000713a00000| Untracked 
| 146|0x0000000713c00000, 0x0000000713c00000, 0x0000000713e00000|  0%| F|  |TAMS 0x0000000713c00000| PB 0x0000000713c00000| Untracked 
| 147|0x0000000713e00000, 0x0000000713e00000, 0x0000000714000000|  0%| F|  |TAMS 0x0000000713e00000| PB 0x0000000713e00000| Untracked 
| 148|0x0000000714000000, 0x0000000714000000, 0x0000000714200000|  0%| F|  |TAMS 0x0000000714000000| PB 0x0000000714000000| Untracked 
| 149|0x0000000714200000, 0x0000000714200000, 0x0000000714400000|  0%| F|  |TAMS 0x0000000714200000| PB 0x0000000714200000| Untracked 
| 150|0x0000000714400000, 0x0000000714400000, 0x0000000714600000|  0%| F|  |TAMS 0x0000000714400000| PB 0x0000000714400000| Untracked 
| 151|0x0000000714600000, 0x0000000714600000, 0x0000000714800000|  0%| F|  |TAMS 0x0000000714600000| PB 0x0000000714600000| Untracked 
| 152|0x0000000714800000, 0x0000000714800000, 0x0000000714a00000|  0%| F|  |TAMS 0x0000000714800000| PB 0x0000000714800000| Untracked 
| 153|0x0000000714a00000, 0x0000000714a00000, 0x0000000714c00000|  0%| F|  |TAMS 0x0000000714a00000| PB 0x0000000714a00000| Untracked 
| 154|0x0000000714c00000, 0x0000000714c00000, 0x0000000714e00000|  0%| F|  |TAMS 0x0000000714c00000| PB 0x0000000714c00000| Untracked 
| 155|0x0000000714e00000, 0x0000000714e00000, 0x0000000715000000|  0%| F|  |TAMS 0x0000000714e00000| PB 0x0000000714e00000| Untracked 
| 156|0x0000000715000000, 0x0000000715000000, 0x0000000715200000|  0%| F|  |TAMS 0x0000000715000000| PB 0x0000000715000000| Untracked 
| 157|0x0000000715200000, 0x0000000715200000, 0x0000000715400000|  0%| F|  |TAMS 0x0000000715200000| PB 0x0000000715200000| Untracked 
| 158|0x0000000715400000, 0x0000000715400000, 0x0000000715600000|  0%| F|  |TAMS 0x0000000715400000| PB 0x0000000715400000| Untracked 
| 159|0x0000000715600000, 0x0000000715600000, 0x0000000715800000|  0%| F|  |TAMS 0x0000000715600000| PB 0x0000000715600000| Untracked 
| 160|0x0000000715800000, 0x0000000715800000, 0x0000000715a00000|  0%| F|  |TAMS 0x0000000715800000| PB 0x0000000715800000| Untracked 
| 161|0x0000000715a00000, 0x0000000715a00000, 0x0000000715c00000|  0%| F|  |TAMS 0x0000000715a00000| PB 0x0000000715a00000| Untracked 
| 162|0x0000000715c00000, 0x0000000715c00000, 0x0000000715e00000|  0%| F|  |TAMS 0x0000000715c00000| PB 0x0000000715c00000| Untracked 
| 163|0x0000000715e00000, 0x0000000715e00000, 0x0000000716000000|  0%| F|  |TAMS 0x0000000715e00000| PB 0x0000000715e00000| Untracked 
| 164|0x0000000716000000, 0x0000000716000000, 0x0000000716200000|  0%| F|  |TAMS 0x0000000716000000| PB 0x0000000716000000| Untracked 
| 165|0x0000000716200000, 0x0000000716200000, 0x0000000716400000|  0%| F|  |TAMS 0x0000000716200000| PB 0x0000000716200000| Untracked 
| 166|0x0000000716400000, 0x0000000716400000, 0x0000000716600000|  0%| F|  |TAMS 0x0000000716400000| PB 0x0000000716400000| Untracked 
| 167|0x0000000716600000, 0x0000000716600000, 0x0000000716800000|  0%| F|  |TAMS 0x0000000716600000| PB 0x0000000716600000| Untracked 
| 168|0x0000000716800000, 0x0000000716800000, 0x0000000716a00000|  0%| F|  |TAMS 0x0000000716800000| PB 0x0000000716800000| Untracked 
| 169|0x0000000716a00000, 0x0000000716a00000, 0x0000000716c00000|  0%| F|  |TAMS 0x0000000716a00000| PB 0x0000000716a00000| Untracked 
| 170|0x0000000716c00000, 0x0000000716c00000, 0x0000000716e00000|  0%| F|  |TAMS 0x0000000716c00000| PB 0x0000000716c00000| Untracked 
| 171|0x0000000716e00000, 0x0000000716e00000, 0x0000000717000000|  0%| F|  |TAMS 0x0000000716e00000| PB 0x0000000716e00000| Untracked 
| 172|0x0000000717000000, 0x0000000717000000, 0x0000000717200000|  0%| F|  |TAMS 0x0000000717000000| PB 0x0000000717000000| Untracked 
| 173|0x0000000717200000, 0x0000000717200000, 0x0000000717400000|  0%| F|  |TAMS 0x0000000717200000| PB 0x0000000717200000| Untracked 
| 174|0x0000000717400000, 0x0000000717400000, 0x0000000717600000|  0%| F|  |TAMS 0x0000000717400000| PB 0x0000000717400000| Untracked 
| 175|0x0000000717600000, 0x0000000717600000, 0x0000000717800000|  0%| F|  |TAMS 0x0000000717600000| PB 0x0000000717600000| Untracked 
| 176|0x0000000717800000, 0x0000000717800000, 0x0000000717a00000|  0%| F|  |TAMS 0x0000000717800000| PB 0x0000000717800000| Untracked 
| 177|0x0000000717a00000, 0x0000000717a00000, 0x0000000717c00000|  0%| F|  |TAMS 0x0000000717a00000| PB 0x0000000717a00000| Untracked 
| 178|0x0000000717c00000, 0x0000000717c00000, 0x0000000717e00000|  0%| F|  |TAMS 0x0000000717c00000| PB 0x0000000717c00000| Untracked 
| 179|0x0000000717e00000, 0x0000000717e00000, 0x0000000718000000|  0%| F|  |TAMS 0x0000000717e00000| PB 0x0000000717e00000| Untracked 
| 180|0x0000000718000000, 0x0000000718000000, 0x0000000718200000|  0%| F|  |TAMS 0x0000000718000000| PB 0x0000000718000000| Untracked 
| 181|0x0000000718200000, 0x0000000718200000, 0x0000000718400000|  0%| F|  |TAMS 0x0000000718200000| PB 0x0000000718200000| Untracked 
| 182|0x0000000718400000, 0x0000000718400000, 0x0000000718600000|  0%| F|  |TAMS 0x0000000718400000| PB 0x0000000718400000| Untracked 
| 183|0x0000000718600000, 0x0000000718600000, 0x0000000718800000|  0%| F|  |TAMS 0x0000000718600000| PB 0x0000000718600000| Untracked 
| 184|0x0000000718800000, 0x0000000718800000, 0x0000000718a00000|  0%| F|  |TAMS 0x0000000718800000| PB 0x0000000718800000| Untracked 
| 185|0x0000000718a00000, 0x0000000718a00000, 0x0000000718c00000|  0%| F|  |TAMS 0x0000000718a00000| PB 0x0000000718a00000| Untracked 
| 186|0x0000000718c00000, 0x0000000718c00000, 0x0000000718e00000|  0%| F|  |TAMS 0x0000000718c00000| PB 0x0000000718c00000| Untracked 
| 187|0x0000000718e00000, 0x0000000718e00000, 0x0000000719000000|  0%| F|  |TAMS 0x0000000718e00000| PB 0x0000000718e00000| Untracked 
| 188|0x0000000719000000, 0x0000000719000000, 0x0000000719200000|  0%| F|  |TAMS 0x0000000719000000| PB 0x0000000719000000| Untracked 
| 189|0x0000000719200000, 0x0000000719200000, 0x0000000719400000|  0%| F|  |TAMS 0x0000000719200000| PB 0x0000000719200000| Untracked 
| 190|0x0000000719400000, 0x0000000719400000, 0x0000000719600000|  0%| F|  |TAMS 0x0000000719400000| PB 0x0000000719400000| Untracked 
| 191|0x0000000719600000, 0x0000000719600000, 0x0000000719800000|  0%| F|  |TAMS 0x0000000719600000| PB 0x0000000719600000| Untracked 
| 192|0x0000000719800000, 0x0000000719800000, 0x0000000719a00000|  0%| F|  |TAMS 0x0000000719800000| PB 0x0000000719800000| Untracked 
| 193|0x0000000719a00000, 0x0000000719a00000, 0x0000000719c00000|  0%| F|  |TAMS 0x0000000719a00000| PB 0x0000000719a00000| Untracked 
| 194|0x0000000719c00000, 0x0000000719c00000, 0x0000000719e00000|  0%| F|  |TAMS 0x0000000719c00000| PB 0x0000000719c00000| Untracked 
| 195|0x0000000719e00000, 0x0000000719e00000, 0x000000071a000000|  0%| F|  |TAMS 0x0000000719e00000| PB 0x0000000719e00000| Untracked 
| 196|0x000000071a000000, 0x000000071a000000, 0x000000071a200000|  0%| F|  |TAMS 0x000000071a000000| PB 0x000000071a000000| Untracked 
| 197|0x000000071a200000, 0x000000071a200000, 0x000000071a400000|  0%| F|  |TAMS 0x000000071a200000| PB 0x000000071a200000| Untracked 
| 198|0x000000071a400000, 0x000000071a400000, 0x000000071a600000|  0%| F|  |TAMS 0x000000071a400000| PB 0x000000071a400000| Untracked 
| 199|0x000000071a600000, 0x000000071a600000, 0x000000071a800000|  0%| F|  |TAMS 0x000000071a600000| PB 0x000000071a600000| Untracked 
| 200|0x000000071a800000, 0x000000071a800000, 0x000000071aa00000|  0%| F|  |TAMS 0x000000071a800000| PB 0x000000071a800000| Untracked 
| 201|0x000000071aa00000, 0x000000071aa00000, 0x000000071ac00000|  0%| F|  |TAMS 0x000000071aa00000| PB 0x000000071aa00000| Untracked 
| 202|0x000000071ac00000, 0x000000071ac00000, 0x000000071ae00000|  0%| F|  |TAMS 0x000000071ac00000| PB 0x000000071ac00000| Untracked 
| 203|0x000000071ae00000, 0x000000071ae00000, 0x000000071b000000|  0%| F|  |TAMS 0x000000071ae00000| PB 0x000000071ae00000| Untracked 
| 204|0x000000071b000000, 0x000000071b000000, 0x000000071b200000|  0%| F|  |TAMS 0x000000071b000000| PB 0x000000071b000000| Untracked 
| 205|0x000000071b200000, 0x000000071b200000, 0x000000071b400000|  0%| F|  |TAMS 0x000000071b200000| PB 0x000000071b200000| Untracked 
| 206|0x000000071b400000, 0x000000071b400000, 0x000000071b600000|  0%| F|  |TAMS 0x000000071b400000| PB 0x000000071b400000| Untracked 
| 207|0x000000071b600000, 0x000000071b600000, 0x000000071b800000|  0%| F|  |TAMS 0x000000071b600000| PB 0x000000071b600000| Untracked 
| 208|0x000000071b800000, 0x000000071b800000, 0x000000071ba00000|  0%| F|  |TAMS 0x000000071b800000| PB 0x000000071b800000| Untracked 
| 209|0x000000071ba00000, 0x000000071ba00000, 0x000000071bc00000|  0%| F|  |TAMS 0x000000071ba00000| PB 0x000000071ba00000| Untracked 
| 210|0x000000071bc00000, 0x000000071bc00000, 0x000000071be00000|  0%| F|  |TAMS 0x000000071bc00000| PB 0x000000071bc00000| Untracked 
| 211|0x000000071be00000, 0x000000071be00000, 0x000000071c000000|  0%| F|  |TAMS 0x000000071be00000| PB 0x000000071be00000| Untracked 
| 212|0x000000071c000000, 0x000000071c000000, 0x000000071c200000|  0%| F|  |TAMS 0x000000071c000000| PB 0x000000071c000000| Untracked 
| 213|0x000000071c200000, 0x000000071c200000, 0x000000071c400000|  0%| F|  |TAMS 0x000000071c200000| PB 0x000000071c200000| Untracked 
| 214|0x000000071c400000, 0x000000071c400000, 0x000000071c600000|  0%| F|  |TAMS 0x000000071c400000| PB 0x000000071c400000| Untracked 
| 215|0x000000071c600000, 0x000000071c600000, 0x000000071c800000|  0%| F|  |TAMS 0x000000071c600000| PB 0x000000071c600000| Untracked 
| 216|0x000000071c800000, 0x000000071c800000, 0x000000071ca00000|  0%| F|  |TAMS 0x000000071c800000| PB 0x000000071c800000| Untracked 
| 217|0x000000071ca00000, 0x000000071ca00000, 0x000000071cc00000|  0%| F|  |TAMS 0x000000071ca00000| PB 0x000000071ca00000| Untracked 
| 218|0x000000071cc00000, 0x000000071ce00000, 0x000000071ce00000|100%| O|  |TAMS 0x000000071cc00000| PB 0x000000071cc00000| Untracked 
| 219|0x000000071ce00000, 0x000000071ce00000, 0x000000071d000000|  0%| F|  |TAMS 0x000000071ce00000| PB 0x000000071ce00000| Untracked 
| 220|0x000000071d000000, 0x000000071d000000, 0x000000071d200000|  0%| F|  |TAMS 0x000000071d000000| PB 0x000000071d000000| Untracked 
| 221|0x000000071d200000, 0x000000071d200000, 0x000000071d400000|  0%| F|  |TAMS 0x000000071d200000| PB 0x000000071d200000| Untracked 
| 222|0x000000071d400000, 0x000000071d400000, 0x000000071d600000|  0%| F|  |TAMS 0x000000071d400000| PB 0x000000071d400000| Untracked 
| 223|0x000000071d600000, 0x000000071d600000, 0x000000071d800000|  0%| F|  |TAMS 0x000000071d600000| PB 0x000000071d600000| Untracked 
| 224|0x000000071d800000, 0x000000071d800000, 0x000000071da00000|  0%| F|  |TAMS 0x000000071d800000| PB 0x000000071d800000| Untracked 
| 225|0x000000071da00000, 0x000000071da00000, 0x000000071dc00000|  0%| F|  |TAMS 0x000000071da00000| PB 0x000000071da00000| Untracked 
| 226|0x000000071dc00000, 0x000000071dc00000, 0x000000071de00000|  0%| F|  |TAMS 0x000000071dc00000| PB 0x000000071dc00000| Untracked 
| 227|0x000000071de00000, 0x000000071de00000, 0x000000071e000000|  0%| F|  |TAMS 0x000000071de00000| PB 0x000000071de00000| Untracked 
| 228|0x000000071e000000, 0x000000071e000000, 0x000000071e200000|  0%| F|  |TAMS 0x000000071e000000| PB 0x000000071e000000| Untracked 
| 229|0x000000071e200000, 0x000000071e200000, 0x000000071e400000|  0%| F|  |TAMS 0x000000071e200000| PB 0x000000071e200000| Untracked 
| 230|0x000000071e400000, 0x000000071e400000, 0x000000071e600000|  0%| F|  |TAMS 0x000000071e400000| PB 0x000000071e400000| Untracked 
| 231|0x000000071e600000, 0x000000071e600000, 0x000000071e800000|  0%| F|  |TAMS 0x000000071e600000| PB 0x000000071e600000| Untracked 
| 232|0x000000071e800000, 0x000000071e800000, 0x000000071ea00000|  0%| F|  |TAMS 0x000000071e800000| PB 0x000000071e800000| Untracked 
| 233|0x000000071ea00000, 0x000000071ea00000, 0x000000071ec00000|  0%| F|  |TAMS 0x000000071ea00000| PB 0x000000071ea00000| Untracked 
| 234|0x000000071ec00000, 0x000000071ec00000, 0x000000071ee00000|  0%| F|  |TAMS 0x000000071ec00000| PB 0x000000071ec00000| Untracked 
| 235|0x000000071ee00000, 0x000000071ee00000, 0x000000071f000000|  0%| F|  |TAMS 0x000000071ee00000| PB 0x000000071ee00000| Untracked 
| 236|0x000000071f000000, 0x000000071f000000, 0x000000071f200000|  0%| F|  |TAMS 0x000000071f000000| PB 0x000000071f000000| Untracked 
| 237|0x000000071f200000, 0x000000071f200000, 0x000000071f400000|  0%| F|  |TAMS 0x000000071f200000| PB 0x000000071f200000| Untracked 
| 238|0x000000071f400000, 0x000000071f400000, 0x000000071f600000|  0%| F|  |TAMS 0x000000071f400000| PB 0x000000071f400000| Untracked 
| 239|0x000000071f600000, 0x000000071f600000, 0x000000071f800000|  0%| F|  |TAMS 0x000000071f600000| PB 0x000000071f600000| Untracked 
| 240|0x000000071f800000, 0x000000071f800000, 0x000000071fa00000|  0%| F|  |TAMS 0x000000071f800000| PB 0x000000071f800000| Untracked 
| 241|0x000000071fa00000, 0x000000071fa00000, 0x000000071fc00000|  0%| F|  |TAMS 0x000000071fa00000| PB 0x000000071fa00000| Untracked 
| 242|0x000000071fc00000, 0x000000071fc00000, 0x000000071fe00000|  0%| F|  |TAMS 0x000000071fc00000| PB 0x000000071fc00000| Untracked 
| 243|0x000000071fe00000, 0x000000071fe00000, 0x0000000720000000|  0%| F|  |TAMS 0x000000071fe00000| PB 0x000000071fe00000| Untracked 
| 244|0x0000000720000000, 0x0000000720000000, 0x0000000720200000|  0%| F|  |TAMS 0x0000000720000000| PB 0x0000000720000000| Untracked 
| 245|0x0000000720200000, 0x0000000720200000, 0x0000000720400000|  0%| F|  |TAMS 0x0000000720200000| PB 0x0000000720200000| Untracked 
| 246|0x0000000720400000, 0x0000000720400000, 0x0000000720600000|  0%| F|  |TAMS 0x0000000720400000| PB 0x0000000720400000| Untracked 
| 247|0x0000000720600000, 0x0000000720600000, 0x0000000720800000|  0%| F|  |TAMS 0x0000000720600000| PB 0x0000000720600000| Untracked 
| 248|0x0000000720800000, 0x0000000720800000, 0x0000000720a00000|  0%| F|  |TAMS 0x0000000720800000| PB 0x0000000720800000| Untracked 
| 249|0x0000000720a00000, 0x0000000720a00000, 0x0000000720c00000|  0%| F|  |TAMS 0x0000000720a00000| PB 0x0000000720a00000| Untracked 
| 250|0x0000000720c00000, 0x0000000720c00000, 0x0000000720e00000|  0%| F|  |TAMS 0x0000000720c00000| PB 0x0000000720c00000| Untracked 
| 251|0x0000000720e00000, 0x0000000720e00000, 0x0000000721000000|  0%| F|  |TAMS 0x0000000720e00000| PB 0x0000000720e00000| Untracked 
| 252|0x0000000721000000, 0x0000000721000000, 0x0000000721200000|  0%| F|  |TAMS 0x0000000721000000| PB 0x0000000721000000| Untracked 
| 253|0x0000000721200000, 0x0000000721200000, 0x0000000721400000|  0%| F|  |TAMS 0x0000000721200000| PB 0x0000000721200000| Untracked 
| 254|0x0000000721400000, 0x0000000721400000, 0x0000000721600000|  0%| F|  |TAMS 0x0000000721400000| PB 0x0000000721400000| Untracked 
| 255|0x0000000721600000, 0x0000000721600000, 0x0000000721800000|  0%| F|  |TAMS 0x0000000721600000| PB 0x0000000721600000| Untracked 
| 256|0x0000000721800000, 0x0000000721800000, 0x0000000721a00000|  0%| F|  |TAMS 0x0000000721800000| PB 0x0000000721800000| Untracked 
| 257|0x0000000721a00000, 0x0000000721a00000, 0x0000000721c00000|  0%| F|  |TAMS 0x0000000721a00000| PB 0x0000000721a00000| Untracked 
| 258|0x0000000721c00000, 0x0000000721c00000, 0x0000000721e00000|  0%| F|  |TAMS 0x0000000721c00000| PB 0x0000000721c00000| Untracked 
| 259|0x0000000721e00000, 0x0000000721e00000, 0x0000000722000000|  0%| F|  |TAMS 0x0000000721e00000| PB 0x0000000721e00000| Untracked 
| 260|0x0000000722000000, 0x0000000722000000, 0x0000000722200000|  0%| F|  |TAMS 0x0000000722000000| PB 0x0000000722000000| Untracked 
| 261|0x0000000722200000, 0x00000007223eed80, 0x0000000722400000| 96%| S|CS|TAMS 0x0000000722200000| PB 0x0000000722200000| Complete 
| 262|0x0000000722400000, 0x0000000722400000, 0x0000000722600000|  0%| F|  |TAMS 0x0000000722400000| PB 0x0000000722400000| Untracked 
| 263|0x0000000722600000, 0x0000000722600000, 0x0000000722800000|  0%| F|  |TAMS 0x0000000722600000| PB 0x0000000722600000| Untracked 
| 264|0x0000000722800000, 0x0000000722a00000, 0x0000000722a00000|100%| S|CS|TAMS 0x0000000722800000| PB 0x0000000722800000| Complete 
| 265|0x0000000722a00000, 0x0000000722c00000, 0x0000000722c00000|100%| S|CS|TAMS 0x0000000722a00000| PB 0x0000000722a00000| Complete 
| 266|0x0000000722c00000, 0x0000000722c00000, 0x0000000722e00000|  0%| F|  |TAMS 0x0000000722c00000| PB 0x0000000722c00000| Untracked 
| 267|0x0000000722e00000, 0x0000000722e00000, 0x0000000723000000|  0%| F|  |TAMS 0x0000000722e00000| PB 0x0000000722e00000| Untracked 
| 268|0x0000000723000000, 0x0000000723000000, 0x0000000723200000|  0%| F|  |TAMS 0x0000000723000000| PB 0x0000000723000000| Untracked 
| 269|0x0000000723200000, 0x0000000723200000, 0x0000000723400000|  0%| F|  |TAMS 0x0000000723200000| PB 0x0000000723200000| Untracked 
| 270|0x0000000723400000, 0x0000000723400000, 0x0000000723600000|  0%| F|  |TAMS 0x0000000723400000| PB 0x0000000723400000| Untracked 
| 271|0x0000000723600000, 0x0000000723600000, 0x0000000723800000|  0%| F|  |TAMS 0x0000000723600000| PB 0x0000000723600000| Untracked 
| 272|0x0000000723800000, 0x0000000723800000, 0x0000000723a00000|  0%| F|  |TAMS 0x0000000723800000| PB 0x0000000723800000| Untracked 
| 273|0x0000000723a00000, 0x0000000723a00000, 0x0000000723c00000|  0%| F|  |TAMS 0x0000000723a00000| PB 0x0000000723a00000| Untracked 
| 274|0x0000000723c00000, 0x0000000723c00000, 0x0000000723e00000|  0%| F|  |TAMS 0x0000000723c00000| PB 0x0000000723c00000| Untracked 
| 275|0x0000000723e00000, 0x0000000723e00000, 0x0000000724000000|  0%| F|  |TAMS 0x0000000723e00000| PB 0x0000000723e00000| Untracked 
| 276|0x0000000724000000, 0x0000000724000000, 0x0000000724200000|  0%| F|  |TAMS 0x0000000724000000| PB 0x0000000724000000| Untracked 
| 277|0x0000000724200000, 0x0000000724200000, 0x0000000724400000|  0%| F|  |TAMS 0x0000000724200000| PB 0x0000000724200000| Untracked 
| 278|0x0000000724400000, 0x0000000724400000, 0x0000000724600000|  0%| F|  |TAMS 0x0000000724400000| PB 0x0000000724400000| Untracked 
| 279|0x0000000724600000, 0x0000000724600000, 0x0000000724800000|  0%| F|  |TAMS 0x0000000724600000| PB 0x0000000724600000| Untracked 
| 280|0x0000000724800000, 0x0000000724800000, 0x0000000724a00000|  0%| F|  |TAMS 0x0000000724800000| PB 0x0000000724800000| Untracked 
| 281|0x0000000724a00000, 0x0000000724a00000, 0x0000000724c00000|  0%| F|  |TAMS 0x0000000724a00000| PB 0x0000000724a00000| Untracked 
| 282|0x0000000724c00000, 0x0000000724c00000, 0x0000000724e00000|  0%| F|  |TAMS 0x0000000724c00000| PB 0x0000000724c00000| Untracked 
| 283|0x0000000724e00000, 0x0000000724e00000, 0x0000000725000000|  0%| F|  |TAMS 0x0000000724e00000| PB 0x0000000724e00000| Untracked 
| 284|0x0000000725000000, 0x0000000725000000, 0x0000000725200000|  0%| F|  |TAMS 0x0000000725000000| PB 0x0000000725000000| Untracked 
| 285|0x0000000725200000, 0x0000000725200000, 0x0000000725400000|  0%| F|  |TAMS 0x0000000725200000| PB 0x0000000725200000| Untracked 
| 286|0x0000000725400000, 0x0000000725400000, 0x0000000725600000|  0%| F|  |TAMS 0x0000000725400000| PB 0x0000000725400000| Untracked 
| 287|0x0000000725600000, 0x0000000725600000, 0x0000000725800000|  0%| F|  |TAMS 0x0000000725600000| PB 0x0000000725600000| Untracked 
| 288|0x0000000725800000, 0x0000000725800000, 0x0000000725a00000|  0%| F|  |TAMS 0x0000000725800000| PB 0x0000000725800000| Untracked 
| 289|0x0000000725a00000, 0x0000000725a00000, 0x0000000725c00000|  0%| F|  |TAMS 0x0000000725a00000| PB 0x0000000725a00000| Untracked 
| 290|0x0000000725c00000, 0x0000000725c00000, 0x0000000725e00000|  0%| F|  |TAMS 0x0000000725c00000| PB 0x0000000725c00000| Untracked 
| 291|0x0000000725e00000, 0x0000000725e00000, 0x0000000726000000|  0%| F|  |TAMS 0x0000000725e00000| PB 0x0000000725e00000| Untracked 
| 292|0x0000000726000000, 0x0000000726000000, 0x0000000726200000|  0%| F|  |TAMS 0x0000000726000000| PB 0x0000000726000000| Untracked 
| 293|0x0000000726200000, 0x0000000726200000, 0x0000000726400000|  0%| F|  |TAMS 0x0000000726200000| PB 0x0000000726200000| Untracked 
| 294|0x0000000726400000, 0x0000000726400000, 0x0000000726600000|  0%| F|  |TAMS 0x0000000726400000| PB 0x0000000726400000| Untracked 
| 295|0x0000000726600000, 0x0000000726600000, 0x0000000726800000|  0%| F|  |TAMS 0x0000000726600000| PB 0x0000000726600000| Untracked 
| 296|0x0000000726800000, 0x0000000726800000, 0x0000000726a00000|  0%| F|  |TAMS 0x0000000726800000| PB 0x0000000726800000| Untracked 
| 297|0x0000000726a00000, 0x0000000726a00000, 0x0000000726c00000|  0%| F|  |TAMS 0x0000000726a00000| PB 0x0000000726a00000| Untracked 
| 298|0x0000000726c00000, 0x0000000726c00000, 0x0000000726e00000|  0%| F|  |TAMS 0x0000000726c00000| PB 0x0000000726c00000| Untracked 
| 299|0x0000000726e00000, 0x0000000726e00000, 0x0000000727000000|  0%| F|  |TAMS 0x0000000726e00000| PB 0x0000000726e00000| Untracked 
| 300|0x0000000727000000, 0x00000007271f9c70, 0x0000000727200000| 98%| E|  |TAMS 0x0000000727000000| PB 0x0000000727000000| Complete 
| 301|0x0000000727200000, 0x0000000727400000, 0x0000000727400000|100%| E|CS|TAMS 0x0000000727200000| PB 0x0000000727200000| Complete 
| 302|0x0000000727400000, 0x0000000727600000, 0x0000000727600000|100%| E|CS|TAMS 0x0000000727400000| PB 0x0000000727400000| Complete 
| 319|0x0000000729600000, 0x0000000729800000, 0x0000000729800000|100%| E|CS|TAMS 0x0000000729600000| PB 0x0000000729600000| Complete 

Card table byte_map: [0x0000025c3a6f0000,0x0000025c3aef0000] _byte_map_base: 0x0000025c36ee4000

Marking Bits: (CMBitMap*) 0x0000025c1f6f2690
 Bits: [0x0000025c3aef0000, 0x0000025c3ee90000)

Polling page: 0x0000025c17fa0000

Metaspace:

Usage:
  Non-class:     92.32 MB used.
      Class:     15.30 MB used.
       Both:    107.62 MB used.

Virtual space:
  Non-class space:      128.00 MB reserved,      92.75 MB ( 72%) committed,  2 nodes.
      Class space:        1.00 GB reserved,      15.69 MB (  2%) committed,  1 nodes.
             Both:        1.12 GB reserved,     108.44 MB (  9%) committed. 

Chunk freelists:
   Non-Class:  2.90 MB
       Class:  128.00 KB
        Both:  3.03 MB

MaxMetaspaceSize: unlimited
CompressedClassSpaceSize: 1.00 GB
Initial GC threshold: 21.00 MB
Current GC threshold: 180.56 MB
CDS: on
 - commit_granule_bytes: 65536.
 - commit_granule_words: 8192.
 - virtual_space_node_default_size: 8388608.
 - enlarge_chunks_in_place: 1.
 - use_allocation_guard: 0.


Internal statistics:

num_allocs_failed_limit: 12.
num_arena_births: 1298.
num_arena_deaths: 0.
num_vsnodes_births: 3.
num_vsnodes_deaths: 0.
num_space_committed: 1728.
num_space_uncommitted: 0.
num_chunks_returned_to_freelist: 12.
num_chunks_taken_from_freelist: 4542.
num_chunk_merges: 9.
num_chunk_splits: 3300.
num_chunks_enlarged: 2421.
num_inconsistent_stats: 0.

CodeHeap 'non-profiled nmethods': size=119168Kb used=24913Kb max_used=26579Kb free=94254Kb
 bounds [0x0000025c33290000, 0x0000025c34c90000, 0x0000025c3a6f0000]
CodeHeap 'profiled nmethods': size=119104Kb used=35657Kb max_used=41299Kb free=83446Kb
 bounds [0x0000025c2b6f0000, 0x0000025c2df90000, 0x0000025c32b40000]
CodeHeap 'non-nmethods': size=7488Kb used=2496Kb max_used=4205Kb free=4991Kb
 bounds [0x0000025c32b40000, 0x0000025c32f80000, 0x0000025c33290000]
 total_blobs=16801 nmethods=15435 adapters=1261
 compilation: enabled
              stopped_count=0, restarted_count=0
 full_count=0

Compilation events (20 events):
Event: 2866.810 Thread 0x0000025c22d40aa0 nmethod 32120 0x0000025c3351f010 code [0x0000025c3351f1a0, 0x0000025c3351f250]
Event: 2866.814 Thread 0x0000025c22d40aa0 32123   !   4       de.javasoft.plaf.synthetica.StyleFactory::getStyle (4377 bytes)
Event: 2866.814 Thread 0x0000025c22d45560 32124       3       java.awt.Window::adjustListeningChildrenOnParent (1 bytes)
Event: 2866.814 Thread 0x0000025c22d45560 nmethod 32124 0x0000025c2bfa7690 code [0x0000025c2bfa7820, 0x0000025c2bfa7930]
Event: 2866.823 Thread 0x0000025c22d45560 32126       1       com.jidesoft.swing.JideLabel::getUIClassID (3 bytes)
Event: 2866.823 Thread 0x0000025c22d45560 nmethod 32126 0x0000025c3352c010 code [0x0000025c3352c1a0, 0x0000025c3352c270]
Event: 2866.825 Thread 0x0000025c22d45560 32127   !   3       de.javasoft.plaf.synthetica.StyleFactory$22::propertyChange (162 bytes)
Event: 2866.825 Thread 0x0000025c22d45560 nmethod 32127 0x0000025c2cd60490 code [0x0000025c2cd60800, 0x0000025c2cd61df8]
Event: 2866.828 Thread 0x0000025c22d45560 32128       1       javax.swing.text.JTextComponent::getDisabledTextColor (5 bytes)
Event: 2866.828 Thread 0x0000025c22d45560 nmethod 32128 0x0000025c3352e910 code [0x0000025c3352eaa0, 0x0000025c3352eb70]
Event: 2866.828 Thread 0x0000025c22d45560 32129       1       javax.swing.text.JTextComponent::getSelectionColor (5 bytes)
Event: 2866.828 Thread 0x0000025c22d45560 nmethod 32129 0x0000025c33533d90 code [0x0000025c33533f20, 0x0000025c33533ff0]
Event: 2866.828 Thread 0x0000025c22d45560 32130       1       javax.swing.text.JTextComponent::getSelectedTextColor (5 bytes)
Event: 2866.828 Thread 0x0000025c22d45560 nmethod 32130 0x0000025c3353c610 code [0x0000025c3353c7a0, 0x0000025c3353c870]
Event: 2866.829 Thread 0x0000025c22d45560 32131       1       javax.swing.text.JTextComponent::getCaretColor (5 bytes)
Event: 2866.829 Thread 0x0000025c22d45560 nmethod 32131 0x0000025c3353e110 code [0x0000025c3353e2a0, 0x0000025c3353e370]
Event: 2866.829 Thread 0x0000025c22d45560 32132       1       javax.swing.plaf.synth.SynthContext::setComponentState (6 bytes)
Event: 2866.829 Thread 0x0000025c22d45560 nmethod 32132 0x0000025c33547710 code [0x0000025c335478a0, 0x0000025c33547968]
Event: 2866.833 Thread 0x0000025c22d45560 32134       3       java.awt.AWTEventMulticaster::add (9 bytes)
Event: 2866.833 Thread 0x0000025c22d45560 nmethod 32134 0x0000025c2c499f90 code [0x0000025c2c49a160, 0x0000025c2c49a620]

GC Heap History (20 events):
Event: 2266.371 GC heap before
{Heap before GC invocations=209 (full 16):
 garbage-first heap   total 622592K, used 316522K [0x0000000701800000, 0x0000000800000000)
  region size 2048K, 40 young (81920K), 0 survivors (0K)
 Metaspace       used 110071K, committed 110976K, reserved 1179648K
  class space    used 15648K, committed 16064K, reserved 1048576K
}
Event: 2266.374 GC heap after
{Heap after GC invocations=210 (full 16):
 garbage-first heap   total 622592K, used 237747K [0x0000000701800000, 0x0000000800000000)
  region size 2048K, 2 young (4096K), 2 survivors (4096K)
 Metaspace       used 110071K, committed 110976K, reserved 1179648K
  class space    used 15648K, committed 16064K, reserved 1048576K
}
Event: 2320.071 GC heap before
{Heap before GC invocations=210 (full 16):
 garbage-first heap   total 622592K, used 315571K [0x0000000701800000, 0x0000000800000000)
  region size 2048K, 40 young (81920K), 2 survivors (4096K)
 Metaspace       used 110095K, committed 110976K, reserved 1179648K
  class space    used 15648K, committed 16064K, reserved 1048576K
}
Event: 2320.074 GC heap after
{Heap after GC invocations=211 (full 16):
 garbage-first heap   total 622592K, used 237688K [0x0000000701800000, 0x0000000800000000)
  region size 2048K, 2 young (4096K), 2 survivors (4096K)
 Metaspace       used 110095K, committed 110976K, reserved 1179648K
  class space    used 15648K, committed 16064K, reserved 1048576K
}
Event: 2398.709 GC heap before
{Heap before GC invocations=211 (full 16):
 garbage-first heap   total 622592K, used 315512K [0x0000000701800000, 0x0000000800000000)
  region size 2048K, 40 young (81920K), 2 survivors (4096K)
 Metaspace       used 110100K, committed 110976K, reserved 1179648K
  class space    used 15648K, committed 16064K, reserved 1048576K
}
Event: 2398.717 GC heap after
{Heap after GC invocations=212 (full 16):
 garbage-first heap   total 622592K, used 238639K [0x0000000701800000, 0x0000000800000000)
  region size 2048K, 2 young (4096K), 2 survivors (4096K)
 Metaspace       used 110100K, committed 110976K, reserved 1179648K
  class space    used 15648K, committed 16064K, reserved 1048576K
}
Event: 2484.898 GC heap before
{Heap before GC invocations=212 (full 16):
 garbage-first heap   total 622592K, used 316463K [0x0000000701800000, 0x0000000800000000)
  region size 2048K, 40 young (81920K), 2 survivors (4096K)
 Metaspace       used 110101K, committed 110976K, reserved 1179648K
  class space    used 15648K, committed 16064K, reserved 1048576K
}
Event: 2484.901 GC heap after
{Heap after GC invocations=213 (full 16):
 garbage-first heap   total 622592K, used 238666K [0x0000000701800000, 0x0000000800000000)
  region size 2048K, 2 young (4096K), 2 survivors (4096K)
 Metaspace       used 110101K, committed 110976K, reserved 1179648K
  class space    used 15648K, committed 16064K, reserved 1048576K
}
Event: 2556.965 GC heap before
{Heap before GC invocations=213 (full 16):
 garbage-first heap   total 622592K, used 316490K [0x0000000701800000, 0x0000000800000000)
  region size 2048K, 40 young (81920K), 2 survivors (4096K)
 Metaspace       used 110101K, committed 110976K, reserved 1179648K
  class space    used 15648K, committed 16064K, reserved 1048576K
}
Event: 2556.968 GC heap after
{Heap after GC invocations=214 (full 16):
 garbage-first heap   total 622592K, used 238698K [0x0000000701800000, 0x0000000800000000)
  region size 2048K, 2 young (4096K), 2 survivors (4096K)
 Metaspace       used 110101K, committed 110976K, reserved 1179648K
  class space    used 15648K, committed 16064K, reserved 1048576K
}
Event: 2640.255 GC heap before
{Heap before GC invocations=214 (full 16):
 garbage-first heap   total 622592K, used 316522K [0x0000000701800000, 0x0000000800000000)
  region size 2048K, 40 young (81920K), 2 survivors (4096K)
 Metaspace       used 110161K, committed 111040K, reserved 1179648K
  class space    used 15658K, committed 16064K, reserved 1048576K
}
Event: 2640.258 GC heap after
{Heap after GC invocations=215 (full 16):
 garbage-first heap   total 622592K, used 238698K [0x0000000701800000, 0x0000000800000000)
  region size 2048K, 2 young (4096K), 2 survivors (4096K)
 Metaspace       used 110161K, committed 111040K, reserved 1179648K
  class space    used 15658K, committed 16064K, reserved 1048576K
}
Event: 2753.744 GC heap before
{Heap before GC invocations=215 (full 16):
 garbage-first heap   total 622592K, used 314474K [0x0000000701800000, 0x0000000800000000)
  region size 2048K, 40 young (81920K), 2 survivors (4096K)
 Metaspace       used 110167K, committed 111040K, reserved 1179648K
  class space    used 15658K, committed 16064K, reserved 1048576K
}
Event: 2753.753 GC heap after
{Heap after GC invocations=216 (full 16):
 garbage-first heap   total 622592K, used 238698K [0x0000000701800000, 0x0000000800000000)
  region size 2048K, 2 young (4096K), 2 survivors (4096K)
 Metaspace       used 110167K, committed 111040K, reserved 1179648K
  class space    used 15658K, committed 16064K, reserved 1048576K
}
Event: 2866.107 GC heap before
{Heap before GC invocations=216 (full 16):
 garbage-first heap   total 622592K, used 316522K [0x0000000701800000, 0x0000000800000000)
  region size 2048K, 40 young (81920K), 2 survivors (4096K)
 Metaspace       used 110177K, committed 111040K, reserved 1179648K
  class space    used 15659K, committed 16064K, reserved 1048576K
}
Event: 2866.111 GC heap after
{Heap after GC invocations=217 (full 16):
 garbage-first heap   total 622592K, used 239036K [0x0000000701800000, 0x0000000800000000)
  region size 2048K, 3 young (6144K), 3 survivors (6144K)
 Metaspace       used 110177K, committed 111040K, reserved 1179648K
  class space    used 15659K, committed 16064K, reserved 1048576K
}
Event: 2866.586 GC heap before
{Heap before GC invocations=217 (full 16):
 garbage-first heap   total 622592K, used 314812K [0x0000000701800000, 0x0000000800000000)
  region size 2048K, 40 young (81920K), 3 survivors (6144K)
 Metaspace       used 110187K, committed 111040K, reserved 1179648K
  class space    used 15662K, committed 16064K, reserved 1048576K
}
Event: 2866.590 GC heap after
{Heap after GC invocations=218 (full 16):
 garbage-first heap   total 622592K, used 239610K [0x0000000701800000, 0x0000000800000000)
  region size 2048K, 3 young (6144K), 3 survivors (6144K)
 Metaspace       used 110187K, committed 111040K, reserved 1179648K
  class space    used 15662K, committed 16064K, reserved 1048576K
}
Event: 2866.806 GC heap before
{Heap before GC invocations=218 (full 16):
 garbage-first heap   total 622592K, used 315386K [0x0000000701800000, 0x0000000800000000)
  region size 2048K, 40 young (81920K), 3 survivors (6144K)
 Metaspace       used 110196K, committed 111040K, reserved 1179648K
  class space    used 15663K, committed 16064K, reserved 1048576K
}
Event: 2866.809 GC heap after
{Heap after GC invocations=219 (full 16):
 garbage-first heap   total 622592K, used 240677K [0x0000000701800000, 0x0000000800000000)
  region size 2048K, 3 young (6144K), 3 survivors (6144K)
 Metaspace       used 110196K, committed 111040K, reserved 1179648K
  class space    used 15663K, committed 16064K, reserved 1048576K
}

Dll operation events (20 events):
Event: 0.537 Loaded shared library C:\Progs\Xilinx\Vivado\2024.2\lib\win64.o\xv_simtcltasks.dll
Event: 0.539 Loaded shared library C:\Progs\Xilinx\Vivado\2024.2\lib\win64.o\xv_ipservicestasks.dll
Event: 0.540 Loaded shared library C:\Progs\Xilinx\Vivado\2024.2\lib\win64.o\xv_vivadotasks.dll
Event: 0.540 Loaded shared library C:\Progs\Xilinx\Vivado\2024.2\lib\win64.o\xv_board.dll
Event: 0.541 Loaded shared library C:\Progs\Xilinx\Vivado\2024.2\lib\win64.o\xv_boarddep.dll
Event: 0.542 Loaded shared library C:\Progs\Xilinx\Vivado\2024.2\lib\win64.o\xv_boardcommontasks.dll
Event: 0.542 Loaded shared library C:\Progs\Xilinx\Vivado\2024.2\lib\win64.o\xv_ptgen.dll
Event: 0.543 Loaded shared library C:\Progs\Xilinx\Vivado\2024.2\lib\win64.o\xv_ip.dll
Event: 0.544 Loaded shared library C:\Progs\Xilinx\Vivado\2024.2\lib\win64.o\xv_mig.dll
Event: 0.545 Loaded shared library C:\Progs\Xilinx\Vivado\2024.2\lib\win64.o\xv_implflow.dll
Event: 0.546 Loaded shared library C:\Progs\Xilinx\Vivado\2024.2\lib\win64.o\xv_xhubtasks.dll
Event: 0.548 Loaded shared library C:\Progs\Xilinx\Vivado\2024.2\lib\win64.o\xv_iptasks.dll
Event: 0.549 Loaded shared library C:\Progs\Xilinx\Vivado\2024.2\lib\win64.o\xv_synth.dll
Event: 1.639 Loaded shared library C:\Progs\Xilinx\Vivado\2024.2\tps\win64\jre21.0.1_12\bin\verify.dll
Event: 1.690 Loaded shared library C:\Progs\Xilinx\Vivado\2024.2\tps\win64\jre21.0.1_12\bin\freetype.dll
Event: 1.691 Loaded shared library C:\Progs\Xilinx\Vivado\2024.2\tps\win64\jre21.0.1_12\bin\fontmanager.dll
Event: 5.552 Loaded shared library C:\Progs\Xilinx\Vivado\2024.2\lib\win64.o\xv_xhub.dll
Event: 10.581 Loaded shared library C:\Progs\Xilinx\Vivado\2024.2\tps\win64\jre21.0.1_12\bin\management.dll
Event: 10.586 Loaded shared library C:\Progs\Xilinx\Vivado\2024.2\tps\win64\jre21.0.1_12\bin\management_ext.dll
Event: 748.287 Loaded shared library C:\Progs\Xilinx\Vivado\2024.2\lib\win64.o\nlview.dll

Deoptimization events (20 events):
Event: 2866.316 Thread 0x0000025c8929fdb0 Uncommon trap: trap_request=0xffffffde fr.pc=0x0000025c3485d090 relative=0x0000000000000a10
Event: 2866.316 Thread 0x0000025c8929fdb0 Uncommon trap: reason=class_check action=maybe_recompile pc=0x0000025c3485d090 method=java.awt.Container.removeAll()V @ 196 c2
Event: 2866.316 Thread 0x0000025c8929fdb0 DEOPT PACKING pc=0x0000025c3485d090 sp=0x000000b6639fca50
Event: 2866.316 Thread 0x0000025c8929fdb0 DEOPT UNPACKING pc=0x0000025c32b946a2 sp=0x000000b6639fca10 mode 2
Event: 2866.390 Thread 0x0000025c8929fdb0 Uncommon trap: trap_request=0xffffff45 fr.pc=0x0000025c3386a3d8 relative=0x0000000000002ab8
Event: 2866.390 Thread 0x0000025c8929fdb0 Uncommon trap: reason=unstable_if action=reinterpret pc=0x0000025c3386a3d8 method=javax.swing.tree.VariableHeightLayoutCache$TreeStateNode.getLoadedChildren(Z)Ljava/util/Enumeration; @ 1 c2
Event: 2866.390 Thread 0x0000025c8929fdb0 DEOPT PACKING pc=0x0000025c3386a3d8 sp=0x000000b6639fc950
Event: 2866.390 Thread 0x0000025c8929fdb0 DEOPT UNPACKING pc=0x0000025c32b946a2 sp=0x000000b6639fc898 mode 2
Event: 2866.788 Thread 0x0000025c8929fdb0 Uncommon trap: trap_request=0xffffff45 fr.pc=0x0000025c34801170 relative=0x0000000000000610
Event: 2866.788 Thread 0x0000025c8929fdb0 Uncommon trap: reason=unstable_if action=reinterpret pc=0x0000025c34801170 method=com.jidesoft.plaf.basic.BasicJideTabbedPaneUI.getTextViewForTab(I)Ljavax/swing/text/View; @ 4 c2
Event: 2866.788 Thread 0x0000025c8929fdb0 DEOPT PACKING pc=0x0000025c34801170 sp=0x000000b6639fd130
Event: 2866.788 Thread 0x0000025c8929fdb0 DEOPT UNPACKING pc=0x0000025c32b946a2 sp=0x000000b6639fd038 mode 2
Event: 2866.788 Thread 0x0000025c8929fdb0 Uncommon trap: trap_request=0xffffff45 fr.pc=0x0000025c34b30e14 relative=0x0000000000000074
Event: 2866.788 Thread 0x0000025c8929fdb0 Uncommon trap: reason=unstable_if action=reinterpret pc=0x0000025c34b30e14 method=com.jidesoft.plaf.basic.BasicJideTabbedPaneUI.getTextViewForTab(I)Ljavax/swing/text/View; @ 4 c2
Event: 2866.788 Thread 0x0000025c8929fdb0 DEOPT PACKING pc=0x0000025c34b30e14 sp=0x000000b6639fd090
Event: 2866.788 Thread 0x0000025c8929fdb0 DEOPT UNPACKING pc=0x0000025c32b946a2 sp=0x000000b6639fd030 mode 2
Event: 2866.788 Thread 0x0000025c8929fdb0 Uncommon trap: trap_request=0xffffff45 fr.pc=0x0000025c34336410 relative=0x0000000000002f70
Event: 2866.788 Thread 0x0000025c8929fdb0 Uncommon trap: reason=unstable_if action=reinterpret pc=0x0000025c34336410 method=com.jidesoft.plaf.basic.BasicJideTabbedPaneUI.getTextViewForTab(I)Ljavax/swing/text/View; @ 4 c2
Event: 2866.788 Thread 0x0000025c8929fdb0 DEOPT PACKING pc=0x0000025c34336410 sp=0x000000b6639fd0c0
Event: 2866.788 Thread 0x0000025c8929fdb0 DEOPT UNPACKING pc=0x0000025c32b946a2 sp=0x000000b6639fd038 mode 2

Classes loaded (20 events):
Event: 1903.079 Loading class sun/font/CharacterIteratorCodePointIterator
Event: 1903.079 Loading class sun/font/CharacterIteratorCodePointIterator done
Event: 1903.079 Loading class sun/font/FontResolver
Event: 1903.079 Loading class sun/font/FontResolver done
Event: 1903.080 Loading class java/awt/font/StyledParagraph
Event: 1903.086 Loading class java/awt/font/StyledParagraph done
Event: 1903.086 Loading class sun/font/CharArrayCodePointIterator
Event: 1903.086 Loading class sun/font/CharArrayCodePointIterator done
Event: 1903.086 Loading class jdk/internal/icu/text/BidiRun
Event: 1903.087 Loading class jdk/internal/icu/text/BidiRun done
Event: 1903.087 Loading class jdk/internal/icu/text/BidiBase$InsertPoints
Event: 1903.087 Loading class jdk/internal/icu/text/BidiBase$InsertPoints done
Event: 1903.087 Loading class jdk/internal/icu/text/BidiBase$Point
Event: 1903.087 Loading class jdk/internal/icu/text/BidiBase$Point done
Event: 1903.087 Loading class jdk/internal/icu/text/BidiBase$TextAttributeConstants
Event: 1903.087 Loading class jdk/internal/icu/text/BidiBase$TextAttributeConstants done
Event: 1903.087 Loading class java/awt/font/GraphicAttribute
Event: 1903.087 Loading class java/awt/font/GraphicAttribute done
Event: 1903.091 Loading class java/awt/font/GlyphMetrics
Event: 1903.091 Loading class java/awt/font/GlyphMetrics done

Classes unloaded (0 events):
No events

Classes redefined (0 events):
No events

Internal exceptions (20 events):
Event: 2241.445 Thread 0x0000025c8929fdb0 Exception <a 'java/io/FileNotFoundException'{0x000000072692fb00}> (0x000000072692fb00) 
thrown [s\src\hotspot\share\prims\jni.cpp, line 520]
Event: 2244.636 Thread 0x0000025c8929fdb0 Exception <a 'java/io/FileNotFoundException'{0x00000007264ffe88}> (0x00000007264ffe88) 
thrown [s\src\hotspot\share\prims\jni.cpp, line 520]
Event: 2246.445 Thread 0x0000025c8929fdb0 Exception <a 'java/io/FileNotFoundException'{0x000000072633cc70}> (0x000000072633cc70) 
thrown [s\src\hotspot\share\prims\jni.cpp, line 520]
Event: 2249.563 Thread 0x0000025c8929fdb0 Exception <a 'java/io/FileNotFoundException'{0x0000000725e83978}> (0x0000000725e83978) 
thrown [s\src\hotspot\share\prims\jni.cpp, line 520]
Event: 2251.447 Thread 0x0000025c8929fdb0 Exception <a 'java/io/FileNotFoundException'{0x0000000725f196d8}> (0x0000000725f196d8) 
thrown [s\src\hotspot\share\prims\jni.cpp, line 520]
Event: 2254.565 Thread 0x0000025c8929fdb0 Exception <a 'java/io/FileNotFoundException'{0x0000000725ba1430}> (0x0000000725ba1430) 
thrown [s\src\hotspot\share\prims\jni.cpp, line 520]
Event: 2259.590 Thread 0x0000025c8929fdb0 Exception <a 'java/io/FileNotFoundException'{0x00000007252bb7b0}> (0x00000007252bb7b0) 
thrown [s\src\hotspot\share\prims\jni.cpp, line 520]
Event: 2264.566 Thread 0x0000025c8929fdb0 Exception <a 'java/io/FileNotFoundException'{0x0000000722b87f90}> (0x0000000722b87f90) 
thrown [s\src\hotspot\share\prims\jni.cpp, line 520]
Event: 2269.567 Thread 0x0000025c8929fdb0 Exception <a 'java/io/FileNotFoundException'{0x0000000727092de8}> (0x0000000727092de8) 
thrown [s\src\hotspot\share\prims\jni.cpp, line 520]
Event: 2274.609 Thread 0x0000025c8929fdb0 Exception <a 'java/io/FileNotFoundException'{0x0000000726d7c0e8}> (0x0000000726d7c0e8) 
thrown [s\src\hotspot\share\prims\jni.cpp, line 520]
Event: 2279.569 Thread 0x0000025c8929fdb0 Exception <a 'java/io/FileNotFoundException'{0x0000000726889310}> (0x0000000726889310) 
thrown [s\src\hotspot\share\prims\jni.cpp, line 520]
Event: 2284.570 Thread 0x0000025c8929fdb0 Exception <a 'java/io/FileNotFoundException'{0x0000000726583c28}> (0x0000000726583c28) 
thrown [s\src\hotspot\share\prims\jni.cpp, line 520]
Event: 2289.570 Thread 0x0000025c8929fdb0 Exception <a 'java/io/FileNotFoundException'{0x00000007260660e8}> (0x00000007260660e8) 
thrown [s\src\hotspot\share\prims\jni.cpp, line 520]
Event: 2294.571 Thread 0x0000025c8929fdb0 Exception <a 'java/io/FileNotFoundException'{0x0000000725d64d18}> (0x0000000725d64d18) 
thrown [s\src\hotspot\share\prims\jni.cpp, line 520]
Event: 2299.612 Thread 0x0000025c8929fdb0 Exception <a 'java/io/FileNotFoundException'{0x00000007258e4ee0}> (0x00000007258e4ee0) 
thrown [s\src\hotspot\share\prims\jni.cpp, line 520]
Event: 2304.570 Thread 0x0000025c8929fdb0 Exception <a 'java/io/FileNotFoundException'{0x00000007259ae808}> (0x00000007259ae808) 
thrown [s\src\hotspot\share\prims\jni.cpp, line 520]
Event: 2309.572 Thread 0x0000025c8929fdb0 Exception <a 'java/io/FileNotFoundException'{0x00000007253ae1f0}> (0x00000007253ae1f0) 
thrown [s\src\hotspot\share\prims\jni.cpp, line 520]
Event: 2314.572 Thread 0x0000025c8929fdb0 Exception <a 'java/io/FileNotFoundException'{0x0000000724fa3950}> (0x0000000724fa3950) 
thrown [s\src\hotspot\share\prims\jni.cpp, line 520]
Event: 2565.359 Thread 0x0000025ca8b2b330 Exception <a 'java/lang/InterruptedException'{0x000000072712be68}: sleep interrupted> (0x000000072712be68) 
thrown [s\src\hotspot\share\prims\jvm.cpp, line 3052]
Event: 2866.173 Thread 0x0000025c8929fdb0 Implicit null exception at 0x0000025c340af4cc to 0x0000025c340b21d0

ZGC Phase Switch (0 events):
No events

VM Operations (20 events):
Event: 2706.189 Executing VM operation: HandshakeAllThreads (HandshakeForDeflation)
Event: 2706.189 Executing VM operation: HandshakeAllThreads (HandshakeForDeflation) done
Event: 2706.189 Executing VM operation: RendezvousGCThreads
Event: 2706.189 Executing VM operation: RendezvousGCThreads done
Event: 2753.744 Executing VM operation: G1CollectForAllocation (G1 Evacuation Pause)
Event: 2753.753 Executing VM operation: G1CollectForAllocation (G1 Evacuation Pause) done
Event: 2766.285 Executing VM operation: HandshakeAllThreads (HandshakeForDeflation)
Event: 2766.285 Executing VM operation: HandshakeAllThreads (HandshakeForDeflation) done
Event: 2766.285 Executing VM operation: RendezvousGCThreads
Event: 2766.285 Executing VM operation: RendezvousGCThreads done
Event: 2826.389 Executing VM operation: HandshakeAllThreads (HandshakeForDeflation)
Event: 2826.389 Executing VM operation: HandshakeAllThreads (HandshakeForDeflation) done
Event: 2826.389 Executing VM operation: RendezvousGCThreads
Event: 2826.389 Executing VM operation: RendezvousGCThreads done
Event: 2866.107 Executing VM operation: G1CollectForAllocation (G1 Evacuation Pause)
Event: 2866.111 Executing VM operation: G1CollectForAllocation (G1 Evacuation Pause) done
Event: 2866.586 Executing VM operation: G1CollectForAllocation (G1 Evacuation Pause)
Event: 2866.590 Executing VM operation: G1CollectForAllocation (G1 Evacuation Pause) done
Event: 2866.806 Executing VM operation: G1CollectForAllocation (G1 Evacuation Pause)
Event: 2866.809 Executing VM operation: G1CollectForAllocation (G1 Evacuation Pause) done

Events (20 events):
Event: 2858.467 Thread 0x0000025c868d18d0 Thread added: 0x0000025c868d18d0
Event: 2858.476 Thread 0x0000025c868d18d0 Thread exited: 0x0000025c868d18d0
Event: 2859.467 Thread 0x0000025c868d18d0 Thread added: 0x0000025c868d18d0
Event: 2859.472 Thread 0x0000025c868d18d0 Thread exited: 0x0000025c868d18d0
Event: 2860.468 Thread 0x0000025c868d18d0 Thread added: 0x0000025c868d18d0
Event: 2860.477 Thread 0x0000025c868d18d0 Thread exited: 0x0000025c868d18d0
Event: 2861.470 Thread 0x0000025c868d18d0 Thread added: 0x0000025c868d18d0
Event: 2861.478 Thread 0x0000025c868d18d0 Thread exited: 0x0000025c868d18d0
Event: 2862.531 Thread 0x0000025c868cf170 Thread added: 0x0000025c868cf170
Event: 2862.534 Thread 0x0000025c868cf170 Thread exited: 0x0000025c868cf170
Event: 2863.472 Thread 0x0000025c868d18d0 Thread added: 0x0000025c868d18d0
Event: 2863.474 Thread 0x0000025c868d18d0 Thread exited: 0x0000025c868d18d0
Event: 2864.473 Thread 0x0000025c868d18d0 Thread added: 0x0000025c868d18d0
Event: 2864.477 Thread 0x0000025c868d18d0 Thread exited: 0x0000025c868d18d0
Event: 2865.474 Thread 0x0000025c868cf170 Thread added: 0x0000025c868cf170
Event: 2865.483 Thread 0x0000025c868cf170 Thread exited: 0x0000025c868cf170
Event: 2865.842 Thread 0x0000025c868d1f60 Thread added: 0x0000025c868d1f60
Event: 2865.849 Thread 0x0000025c868d1f60 Thread exited: 0x0000025c868d1f60
Event: 2866.307 Thread 0x0000025ca95b0b90 Thread added: 0x0000025ca95b0b90
Event: 2866.638 Thread 0x0000025ca95b0b90 Thread exited: 0x0000025ca95b0b90


Dynamic libraries:
0x00007ff73cd30000 - 0x00007ff73cd38000 	C:\Progs\Xilinx\Vivado\2024.2\bin\unwrapped\win64.o\vivado.exe
0x00007ff8b9280000 - 0x00007ff8b94e7000 	C:\WINDOWS\SYSTEM32\ntdll.dll
0x00007ff8b7940000 - 0x00007ff8b7a09000 	C:\WINDOWS\System32\KERNEL32.DLL
0x00007ff8b6b50000 - 0x00007ff8b6f44000 	C:\WINDOWS\System32\KERNELBASE.dll
0x00007ff8b5b50000 - 0x00007ff8b5c9b000 	C:\WINDOWS\System32\ucrtbase.dll
0x00007ff89ee20000 - 0x00007ff89eea8000 	C:\WINDOWS\SYSTEM32\MSVCP140.dll
0x00007ff89edf0000 - 0x00007ff89ee0e000 	C:\WINDOWS\SYSTEM32\VCRUNTIME140.dll
0x00007ff8a1a40000 - 0x00007ff8a1a4b000 	C:\WINDOWS\SYSTEM32\VCRUNTIME140_1.dll
0x00007ff80ae60000 - 0x00007ff80c4ca000 	C:\Progs\Xilinx\Vivado\2024.2\lib\win64.o\xv_common.dll
0x00007ff8b75a0000 - 0x00007ff8b7765000 	C:\WINDOWS\System32\USER32.dll
0x00007ff8a0990000 - 0x00007ff8a09b7000 	C:\Progs\Xilinx\Vivado\2024.2\lib\win64.o\xv_commonmain.dll
0x00007ff8b6fe0000 - 0x00007ff8b7007000 	C:\WINDOWS\System32\win32u.dll
0x00007ff8b7c40000 - 0x00007ff8b7c6b000 	C:\WINDOWS\System32\GDI32.dll
0x00007ff8b6a20000 - 0x00007ff8b6b4b000 	C:\WINDOWS\System32\gdi32full.dll
0x00007ff89c7e0000 - 0x00007ff89c7ea000 	C:\WINDOWS\SYSTEM32\WSOCK32.dll
0x00007ff8b5ca0000 - 0x00007ff8b5d43000 	C:\WINDOWS\System32\msvcp_win.dll
0x00007ff8b7b00000 - 0x00007ff8b7ba9000 	C:\WINDOWS\System32\msvcrt.dll
0x00007ff8b7080000 - 0x00007ff8b7100000 	C:\WINDOWS\System32\WS2_32.dll
0x00007ff8b7a20000 - 0x00007ff8b7ad6000 	C:\WINDOWS\System32\ADVAPI32.dll
0x00007ff8b7770000 - 0x00007ff8b7817000 	C:\WINDOWS\System32\sechost.dll
0x00007ff8b7820000 - 0x00007ff8b7938000 	C:\WINDOWS\System32\RPCRT4.dll
0x00007ff8b8820000 - 0x00007ff8b8f87000 	C:\WINDOWS\System32\SHELL32.dll
0x00007ff8a0980000 - 0x00007ff8a098c000 	C:\Progs\Xilinx\Vivado\2024.2\lib\win64.o\xv_commonversion.dll
0x00007ff8b5ec0000 - 0x00007ff8b602a000 	C:\WINDOWS\System32\wintypes.dll
0x00007ff8b8480000 - 0x00007ff8b8802000 	C:\WINDOWS\System32\combase.dll
0x00007ff8b6f50000 - 0x00007ff8b6fd2000 	C:\WINDOWS\System32\WINTRUST.dll
0x00007ff80cb70000 - 0x00007ff80cdbd000 	C:\Progs\Xilinx\Vivado\2024.2\lib\win64.o\xv_commonxillic.dll
0x00007ff816a10000 - 0x00007ff816a3a000 	C:\Progs\Xilinx\Vivado\2024.2\lib\win64.o\boost_filesystem.dll
0x00007ff8053c0000 - 0x00007ff805561000 	C:\Progs\Xilinx\Vivado\2024.2\lib\win64.o\tcl86t.dll
0x00007ff804f90000 - 0x00007ff8053c0000 	C:\Progs\Xilinx\Vivado\2024.2\lib\win64.o\python38.dll
0x00007ff89bec0000 - 0x00007ff89beda000 	C:\WINDOWS\SYSTEM32\NETAPI32.dll
0x00007ff89ce20000 - 0x00007ff89d0b5000 	C:\WINDOWS\SYSTEM32\WININET.dll
0x00007ff8af9a0000 - 0x00007ff8afacd000 	C:\WINDOWS\SYSTEM32\WINHTTP.dll
0x00007ff8abf30000 - 0x00007ff8ac10f000 	C:\WINDOWS\SYSTEM32\urlmon.dll
0x00007ff8b6030000 - 0x00007ff8b6898000 	C:\WINDOWS\System32\windows.storage.dll
0x00007ff8b7010000 - 0x00007ff8b7076000 	C:\WINDOWS\System32\SHLWAPI.dll
0x00007ff8035d0000 - 0x00007ff8047c7000 	C:\Progs\Xilinx\Vivado\2024.2\lib\win64.o\xv_isl_iostreams.dll
0x00007ff8169e0000 - 0x00007ff816a07000 	C:\Progs\Xilinx\Vivado\2024.2\lib\win64.o\boost_thread.dll
0x00007ff87b4a0000 - 0x00007ff87b4b9000 	C:\Progs\Xilinx\Vivado\2024.2\lib\win64.o\boost_date_time.dll
0x00007ff80aa10000 - 0x00007ff80aaa4000 	C:\Progs\Xilinx\Vivado\2024.2\lib\win64.o\boost_program_options.dll
0x00007ff86c610000 - 0x00007ff86c620000 	C:\Progs\Xilinx\Vivado\2024.2\lib\win64.o\xv_boost_xilinx.dll
0x00007ff8101a0000 - 0x00007ff8101c4000 	C:\Progs\Xilinx\Vivado\2024.2\lib\win64.o\xv_isl_sysinfo.dll
0x00007ff80ad10000 - 0x00007ff80ae54000 	C:\Progs\Xilinx\Vivado\2024.2\lib\win64.o\boost_regex.dll
0x00007ff8047d0000 - 0x00007ff804c70000 	C:\Progs\Xilinx\Vivado\2024.2\lib\win64.o\xv_COIN-all.dll
0x00007ff80cb50000 - 0x00007ff80cb6c000 	C:\Progs\Xilinx\Vivado\2024.2\lib\win64.o\librdiconfig.dll
0x00007ff80a960000 - 0x00007ff80aa05000 	C:\Progs\Xilinx\Vivado\2024.2\lib\win64.o\libhdxml.dll
0x00007ff801570000 - 0x00007ff803487000 	C:\Progs\Xilinx\Vivado\2024.2\lib\win64.o\gurobi90.dll
0x00007ff8b68a0000 - 0x00007ff8b6a17000 	C:\WINDOWS\System32\CRYPT32.dll
0x00007ff8b90f0000 - 0x00007ff8b9162000 	C:\WINDOWS\System32\WLDAP32.dll
0x00007ff8b8810000 - 0x00007ff8b8818000 	C:\WINDOWS\System32\Normaliz.dll
0x00007ff80cb30000 - 0x00007ff80cb4a000 	C:\Progs\Xilinx\Vivado\2024.2\lib\win64.o\pthreadVC2.dll
0x00007ff803550000 - 0x00007ff8035c7000 	C:\Progs\Xilinx\Vivado\2024.2\lib\win64.o\xv_lmx.dll
0x00007ff803490000 - 0x00007ff803547000 	C:\Progs\Xilinx\Vivado\2024.2\lib\win64.o\libzstd.dll
0x00007ff8014e0000 - 0x00007ff801562000 	C:\Progs\Xilinx\Vivado\2024.2\lib\win64.o\libhdlpsolve.dll
0x00007ff80cb10000 - 0x00007ff80cb29000 	C:\Progs\Xilinx\Vivado\2024.2\lib\win64.o\librdizlib.dll
0x00007ff80acd0000 - 0x00007ff80ad06000 	C:\WINDOWS\SYSTEM32\VCOMP140.DLL
0x00007ff8b5a40000 - 0x00007ff8b5a6a000 	C:\WINDOWS\SYSTEM32\bcrypt.dll
0x00007ff8011b0000 - 0x00007ff801471000 	C:\Progs\Xilinx\Vivado\2024.2\lib\win64.o\xerces-c_3_2.dll
0x00007ff804c70000 - 0x00007ff804f86000 	C:\Progs\Xilinx\Vivado\2024.2\lib\win64.o\libXil_lmgr11.dll
0x00007ff8b4ea0000 - 0x00007ff8b4ed3000 	C:\WINDOWS\SYSTEM32\USERENV.dll
0x00007ff8b8380000 - 0x00007ff8b846f000 	C:\WINDOWS\System32\COMDLG32.dll
0x00007ff8b8ff0000 - 0x00007ff8b90e8000 	C:\WINDOWS\System32\shcore.dll
0x00007ff8b8000000 - 0x00007ff8b80d8000 	C:\WINDOWS\System32\OLEAUT32.dll
0x00007ff8b7e60000 - 0x00007ff8b7ff7000 	C:\WINDOWS\System32\ole32.dll
0x00007ff8014b0000 - 0x00007ff8014da000 	C:\Progs\Xilinx\Vivado\2024.2\lib\win64.o\zlib1.dll
0x00007ff8abc60000 - 0x00007ff8abf24000 	C:\WINDOWS\SYSTEM32\iertutil.dll
0x00007ff8a5830000 - 0x00007ff8a583b000 	C:\WINDOWS\SYSTEM32\VERSION.dll
0x00007ff80a940000 - 0x00007ff80a95c000 	C:\Progs\Xilinx\Vivado\2024.2\lib\win64.o\xv_isl_iosutils.dll
0x00007ff801480000 - 0x00007ff8014a1000 	C:\Progs\Xilinx\Vivado\2024.2\lib\win64.o\boost_iostreams.dll
0x00007ff87e070000 - 0x00007ff87e125000 	C:\WINDOWS\WinSxS\amd64_microsoft.windows.common-controls_6595b64144ccf1df_5.82.26100.8115_none_87ecef177a2e8a19\COMCTL32.dll
0x00007ff8aff40000 - 0x00007ff8aff65000 	C:\WINDOWS\SYSTEM32\dhcpcsvc.DLL
0x00007ff8ac170000 - 0x00007ff8ac199000 	C:\WINDOWS\SYSTEM32\srvcli.dll
0x00007ff8b4050000 - 0x00007ff8b405d000 	C:\WINDOWS\SYSTEM32\netutils.dll
0x00007ff8b4df0000 - 0x00007ff8b4e5c000 	C:\WINDOWS\SYSTEM32\MSWSOCK.DLL
0x00007ff8b4bd0000 - 0x00007ff8b4c17000 	C:\WINDOWS\SYSTEM32\LOGONCLI.DLL
0x00007ff8b4000000 - 0x00007ff8b401b000 	C:\WINDOWS\SYSTEM32\SAMCLI.DLL
0x00007ff8b7bb0000 - 0x00007ff8b7be2000 	C:\WINDOWS\System32\IMM32.DLL
0x00007ff8b5250000 - 0x00007ff8b5263000 	C:\WINDOWS\SYSTEM32\MSASN1.dll
0x00007ff8b51f0000 - 0x00007ff8b520b000 	C:\WINDOWS\SYSTEM32\CRYPTSP.dll
0x00007ff8b4800000 - 0x00007ff8b4839000 	C:\WINDOWS\system32\rsaenh.dll
0x00007ff8b48a0000 - 0x00007ff8b48bb000 	C:\WINDOWS\SYSTEM32\kernel.appcore.dll
0x00007ff8b51d0000 - 0x00007ff8b51dc000 	C:\WINDOWS\SYSTEM32\CRYPTBASE.dll
0x00007ff8b5e10000 - 0x00007ff8b5eb5000 	C:\WINDOWS\System32\bcryptPrimitives.dll
0x00007ff8b80e0000 - 0x00007ff8b8100000 	C:\WINDOWS\System32\imagehlp.dll
0x00007ff8b4e60000 - 0x00007ff8b4e90000 	C:\WINDOWS\SYSTEM32\gpapi.dll
0x00007ff894ed0000 - 0x00007ff894f0b000 	C:\Windows\System32\cryptnet.dll
0x00007ff8b5a70000 - 0x00007ff8b5a99000 	C:\WINDOWS\SYSTEM32\profapi.dll
0x00007ff800ae0000 - 0x00007ff8011ac000 	C:\Progs\Xilinx\Vivado\2024.2\lib\win64.o\xv_commontasks.dll
0x00007ff8005d0000 - 0x00007ff800ad0400 	C:\Progs\Xilinx\Vivado\2024.2\lib\win64.o\xv_sio.dll
0x00007fffff260000 - 0x00007ffffffe1000 	C:\Progs\Xilinx\Vivado\2024.2\tps\win64\jre21.0.1_12\bin\server\jvm.dll
0x00007ff8b4060000 - 0x00007ff8b4092000 	C:\WINDOWS\SYSTEM32\IPHLPAPI.DLL
0x00007ff8b59b0000 - 0x00007ff8b5a0e000 	C:\WINDOWS\SYSTEM32\POWRPROF.dll
0x00007ff8ac220000 - 0x00007ff8ac256000 	C:\WINDOWS\SYSTEM32\WINMM.dll
0x00007ff8b5990000 - 0x00007ff8b59a4000 	C:\WINDOWS\SYSTEM32\UMPDC.dll
0x00007ff8b2e90000 - 0x00007ff8b2e9e000 	C:\WINDOWS\SYSTEM32\WINNSI.DLL
0x00007ff8b9170000 - 0x00007ff8b917a000 	C:\WINDOWS\System32\NSI.dll
0x00007ff8b4b40000 - 0x00007ff8b4b89000 	C:\WINDOWS\SYSTEM32\SspiCli.dll
0x00007ff889880000 - 0x00007ff889898000 	C:\WINDOWS\system32\napinsp.dll
0x00007ff8b40f0000 - 0x00007ff8b4222000 	C:\WINDOWS\SYSTEM32\DNSAPI.dll
0x00007ff889860000 - 0x00007ff889873000 	C:\WINDOWS\System32\winrnr.dll
0x00007ff889830000 - 0x00007ff889852000 	C:\WINDOWS\system32\nlansp_c.dll
0x00007ff8897f0000 - 0x00007ff889806000 	C:\WINDOWS\system32\wshbth.dll
0x000000005f6f0000 - 0x000000005f6fb000 	C:\Program Files\National Instruments\Shared\mDNS Responder\nimdnsNSP.dll
0x000000005f6d0000 - 0x000000005f6e1000 	C:\WINDOWS\SYSTEM32\nimdnsResponder.dll
0x00007ff8ab380000 - 0x00007ff8ab39b000 	C:\WINDOWS\SYSTEM32\wkscli.dll
0x00007ff894880000 - 0x00007ff894893000 	C:\WINDOWS\SYSTEM32\cscapi.dll
0x00007ffffb380000 - 0x00007fffff253000 	C:\Progs\Xilinx\Vivado\2024.2\lib\win64.o\xv_tcltasks.dll
0x00007ff8004f0000 - 0x00007ff8005c9000 	C:\Progs\Xilinx\Vivado\2024.2\lib\win64.o\xv_xhubtasks.dll
0x00007ffff7cb0000 - 0x00007ffff88ab000 	C:\Progs\Xilinx\Vivado\2024.2\lib\win64.o\xv_project.dll
0x00007ffffa5a0000 - 0x00007ffffb37f000 	C:\Progs\Xilinx\Vivado\2024.2\lib\win64.o\xv_power.dll
0x00007ffff88b0000 - 0x00007ffffa598000 	C:\Progs\Xilinx\Vivado\2024.2\lib\win64.o\xv_implflow.dll
0x00007ffff0e70000 - 0x00007ffff687f000 	C:\Progs\Xilinx\Vivado\2024.2\lib\win64.o\xv_route.dll
0x00007fffe6de0000 - 0x00007fffec745000 	C:\Progs\Xilinx\Vivado\2024.2\lib\win64.o\xv_place.dll
0x00007ffff7050000 - 0x00007ffff7ca4000 	C:\Progs\Xilinx\Vivado\2024.2\lib\win64.o\xv_lopt.dll
0x00007ffff6880000 - 0x00007ffff7041000 	C:\Progs\Xilinx\Vivado\2024.2\lib\win64.o\xv_runs.dll
0x00007ff800380000 - 0x00007ff8004e6000 	C:\Progs\Xilinx\Vivado\2024.2\lib\win64.o\xv_chipscope.dll
0x00007ffff01c0000 - 0x00007ffff0e6d000 	C:\Progs\Xilinx\Vivado\2024.2\lib\win64.o\xv_drc.dll
0x00007fffef5c0000 - 0x00007ffff01be000 	C:\Progs\Xilinx\Vivado\2024.2\lib\win64.o\xv_rsb.dll
0x00007fffec750000 - 0x00007fffef328000 	C:\Progs\Xilinx\Vivado\2024.2\lib\win64.o\xv_mig.dll
0x00007ff800270000 - 0x00007ff80037c000 	C:\Progs\Xilinx\Vivado\2024.2\lib\win64.o\xv_dsp.dll
0x00007fffef330000 - 0x00007fffef5b5000 	C:\Progs\Xilinx\Vivado\2024.2\lib\win64.o\xv_chipscopeimpl.dll
0x00007fffdcd70000 - 0x00007fffdfb03000 	C:\Progs\Xilinx\Vivado\2024.2\lib\win64.o\xv_coregen.dll
0x00007fffe5040000 - 0x00007fffe6939000 	C:\Progs\Xilinx\Vivado\2024.2\lib\win64.o\xv_timing.dll
0x00007fffe6940000 - 0x00007fffe6dd7000 	C:\Progs\Xilinx\Vivado\2024.2\lib\win64.o\xv_dlyest.dll
0x00007fffe4980000 - 0x00007fffe503f000 	C:\Progs\Xilinx\Vivado\2024.2\lib\win64.o\xv_memdata.dll
0x00007ff8001f0000 - 0x00007ff800269000 	C:\Progs\Xilinx\Vivado\2024.2\lib\win64.o\xv_pfi.dll
0x00007fffe1830000 - 0x00007fffe43ac000 	C:\Progs\Xilinx\Vivado\2024.2\lib\win64.o\xv_designutils.dll
0x00007fffe43b0000 - 0x00007fffe4976000 	C:\Progs\Xilinx\Vivado\2024.2\lib\win64.o\xv_bitstream.dll

dbghelp: loaded successfully - version: 4.0.5 - missing functions: none
symbol engine: initialized successfully - sym options: 0x614 - pdb path: .;C:\Progs\Xilinx\Vivado\2024.2\bin\unwrapped\win64.o;C:\WINDOWS\SYSTEM32;C:\Progs\Xilinx\Vivado\2024.2\lib\win64.o;C:\WINDOWS\WinSxS\amd64_microsoft.windows.common-controls_6595b64144ccf1df_5.82.26100.8115_none_87ecef177a2e8a19;C:\Progs\Xilinx\Vivado\2024.2\tps\win64\jre21.0.1_12\bin\server;C:\Program Files\National Instruments\Shared\mDNS Responder;C:\Progs\Xilinx\Vivado\2024.2\tps\win64\jre21.0.1_12\bin;C:\WINDOWS\WinSxS\amd64_microsoft.windows.common-controls_6595b64144ccf1df_6.0.26100.8115_none_3e075c82e3354f9c;C:\WINDOWS\WinSxS\amd64_microsoft.windows.gdiplus_6595b64144ccf1df_1.1.26100.8246_none_6ef5395a3dc52f61

VM Arguments:
jvm_args: -Dsun.java2d.pmoffscreen=false -Dhttps.protocols=TLSv1,TLSv1.1,TLSv1.2 -Dsun.java2d.xrender=false -Dsun.java2d.d3d=false -Dsun.awt.nopixfmt=true -Dsun.java2d.dpiaware=true -Dsun.java2d.uiScale.enabled=false -Dswing.aatext=true -XX:-UsePerfData -Djdk.map.althashing.threshold=512 -XX:StringTableSize=4072 -XX:+UseStringDeduplication -XX:MaxGCPauseMillis=200 -XX:ParallelGCThreads=4 -XX:+ParallelRefProcEnabled --add-opens=java.desktop/javax.swing.plaf.synth=ALL-UNNAMED --add-opens=java.base/java.nio=ALL-UNNAMED --add-opens=java.desktop/sun.swing=ALL-UNNAMED --add-opens=java.desktop/javax.swing=ALL-UNNAMED --add-opens=java.desktop/javax.swing.tree=ALL-UNNAMED --add-opens=java.desktop/javax.swing.plaf.basic=ALL-UNNAMED --add-opens=java.desktop/javax.swing.plaf.synth=ALL-UNNAMED --add-opens=java.desktop/javax.swing.plaf.basic=ALL-UNNAMED --add-opens=java.desktop/javax.swing=ALL-UNNAMED --add-opens=java.desktop/javax.swing.tree=ALL-UNNAMED --add-opens=java.desktop/java.awt.event=ALL-UNNAMED --add-exports=java.desktop/javax.swing.plaf.synth=ALL-UNNAMED --add-exports=java.base/java.nio=ALL-UNNAMED --add-exports=java.desktop/sun.swing=ALL-UNNAMED --add-exports=java.desktop/javax.swing=ALL-UNNAMED --add-exports=java.desktop/javax.swing.tree=ALL-UNNAMED --add-exports=java.desktop/javax.swing.plaf.basic=ALL-UNNAMED --add-exports=java.desktop/sun.swing=ALL-UNNAMED --add-exports=java.desktop/sun.swing.table=ALL-UNNAMED --add-exports=java.desktop/sun.swing.plaf.synth=ALL-UNNAMED --add-exports=java.desktop/sun.awt.shell=ALL-UNNAMED --add-exports=java.base/sun.security.action=ALL-UNNAMED --add-exports=java.desktop/sun.font=ALL-UNNAMED -XX:NewSize=80m -XX:MaxNewSize=80m -Xms512m -Xmx4072m -Xss10m 
java_command: <unknown>
java_class_path (initial): C:/Progs/Xilinx/Vivado/2024.2\lib\classes\apiguardian-api-1.1.0.jar;C:/Progs/Xilinx/Vivado/2024.2\lib\classes\asm-9.6-11.0.11-90.jar;C:/Progs/Xilinx/Vivado/2024.2\lib\classes\asm-analysis-9.6-11.0.11-90.jar;C:/Progs/Xilinx/Vivado/2024.2\lib\classes\asm-commons-9.6-11.0.11-90.jar;C:/Progs/Xilinx/Vivado/2024.2\lib\classes\asm-tree-9.6-11.0.11-90.jar;C:/Progs/Xilinx/Vivado/2024.2\lib\classes\autoesl-models-1.0.0-90.jar;C:/Progs/Xilinx/Vivado/2024.2\lib\classes\batik-anim-1.0.0-90.jar;C:/Progs/Xilinx/Vivado/2024.2\lib\classes\batik-awt-util-1.0.0-90.jar;C:/Progs/Xilinx/Vivado/2024.2\lib\classes\batik-bridge-1.0.0-90.jar;C:/Progs/Xilinx/Vivado/2024.2\lib\classes\batik-codec-1.0.0-90.jar;C:/Progs/Xilinx/Vivado/2024.2\lib\classes\batik-constants-1.0.0-90.jar;C:/Progs/Xilinx/Vivado/2024.2\lib\classes\batik-css-1.0.0-90.jar;C:/Progs/Xilinx/Vivado/2024.2\lib\classes\batik-dom-1.0.0-90.jar;C:/Progs/Xilinx/Vivado/2024.2\lib\classes\batik-ext-1.0.0-90.jar;C:/Progs/Xilinx/Vivado/2024.2\lib\classes\batik-gui-util-1.0.0-90.jar;C:/Progs/Xilinx/Vivado/2024.2\lib\classes\batik-gvt-1.0.0-90.jar;C:/Progs/Xilinx/Vivado/2024.2\lib\classes\batik-i18n-1.0.0-90.jar;C:/Progs/Xilinx/Vivado/2024.2\lib\classes\batik-parser-1.0.0-90.jar;C:/Progs/Xilinx/Vivado/2024.2\lib\classes\batik-script-1.0.0-90.jar;C:/Progs/Xilinx/Vivado/2024.2\lib\classes\batik-svg-dom-1.0.0-90.jar;C:/Progs/Xilinx/Vivado/2024.2\lib\classes\batik-svggen-1.0.0-90.jar;C:/Progs/Xilinx/Vivado/2024.2\lib\classes\batik-swing-1.0.0-90.jar;C:/Progs/Xilinx/Vivado/2024.2\lib\classes\batik-transcoder-1.0.0-90.jar;C:/Progs/Xilinx/Vivado/2024.2\lib\classes\batik-util-1.0.0-90.jar;C:/Progs/Xilinx/Vivado/2024.2\lib\classes\batik-xml-1.0.0-90.jar;C:/Progs/Xilinx/Vivado/2024.2\lib\classes\checker-qual-3.12.0.jar;C:/Progs/Xilinx/Vivado/2024.2\lib\classes\com.fasterxml.jackson.core.jackson-annotations_2.12.1.v20210128-1726-1.0.0-90.jar;C:/Progs/Xilinx/Vivado/2024.2\lib\classes\com.fasterxml.jackson.core.jackson-annotations_2.12.1.v20210128-1726-1.5.0-90.jar;C:/Progs/Xilinx/Vivado/2024.2\lib\classes\com.fasterxml.jackson.core.jackson-core_2.12.1.v20210128-1726-1.0.0-90.jar;C:/Progs/Xilinx/Vivado/2024.2\lib\classes\com.fasterxml.jackson.core.jackson-core_2.12.1.v20210128-1726-1.5.0-90.jar;C:/Progs/Xilinx/Vivado/2024.2\lib\classes\com.fasterxml.jackson.core.jackson-databind_2.12.1.v20210128-1726-1.0.0-90.jar;C:/Progs/Xilinx/Vivado/2024.2\lib\classes\com.fasterxml.jackson.core.jackson-databind_2.12.1.v20210128-1726-1.5.0-90.jar;C:/Progs/Xilinx/Vivado/2024.2\lib\classes\com.google.gson_2.8.9.v20220111-1409-1.5.0-90.jar;C:/Progs/Xilinx/Vivado/2024.2\lib\classes\com.google.guava_30.1.0.v20210127-2300-1.5.0-90.jar;C:/Progs/Xilinx/Vivado/2024.2\lib\classes\com.sigasi.hdt.connection_4.17.2.202304211001-1.5.0-90.jar;C:/Progs/Xilinx/Vivado/2024.2\lib\classes\com.sigasi.hdt.epl_4.17.2.202304211001-1.5.0-90.jar;C:/Progs/Xilinx/Vivado/2024.2\lib\classes\com.sigasi.hdt.project_4.17.2.202304211001-1.5.0-90.jar;C:/Progs/Xilinx/Vivado/2024.2\lib\classes\com.sigasi.hdt.readonlyfilesystem_4.17.2.202304211001-1.5.0-90.jar;C:/Progs/Xilinx/Vivado/2024.2\lib\classes\com.sigasi.hdt.shared_4.17.2.202304211001-1.5.0-90.jar;C:/Progs/Xilinx/Vivado/2024.2\lib\classes\com.sigasi.lcm_4.17.2.202304211001-1.5.0-90.jar;C:/Progs/Xilinx/Vivado/2024.2\lib\classes\com.sigasi.lsp.server.extensions_4.17.2.202304211001-1.5.0-90.jar;C:/Progs/Xilinx/Vivado/2024.2\lib\classes\com.sigasi.sdk.client_1.5.0.202304211001-1.5.0-90.jar;C:/Progs/Xilinx/Vivado/2024.2\lib\classes\commons-collections4-4.1-3.7.8-90.jar;C:/Progs/Xilinx/Vivado/2024.2\lib\classes\commons-compress-1.21-3.7.8-90.jar;C:/Progs/Xilinx/Vivado/2024.2\lib\classes\commons-io-2.15.0-11.0.11-90.jar;C:/Progs/Xilinx/Vivado/2024.2\lib\classes\commons-io-2.6.jar;C:/Progs/Xilinx/Vivado/2024.2\lib\classes\commons-lang3-3.14.0-11.0.11-90.jar;C:/Progs/Xilinx/Vivado/2024.2\lib\classes\commons-math-2.2-3.7.8-90.jar;C:/Progs/Xilinx/Vivado/2024.2\lib\classes\DispatchProtocol-1.24.0-595.jar;C:/Progs/Xilinx/Vivado/2024.2\lib\classes\dom4j-1.6.1-3.7.8-90.jar;C:/Progs/Xilinx/Vivado/2024.2\lib\classes\error_prone_annotations-2.11.0.jar;C:/Progs/Xilinx/Vivado/2024.2\lib\classes\failureaccess-1.0.1.jar;C:/Progs/Xilinx/Vivado/2024.2\lib\classes\frank_frameworks-1.0.0-595.jar;C:/Progs/Xilinx/Vivado/2024.2\lib\classes\gson-2.8.9.jar;C:/Progs/Xilinx/Vivado/2024.2\lib\classes\guava-31.1-android.jar;C:/Progs/Xilinx/Vivado/2024.2\lib\classes\help-1.24.0-412.jar;C:/Progs/Xilinx/Vivado/2024.2\lib\classes\hsqldb-3.7.8-90.jar;C:/Progs/Xilinx/Vivado/2024.2\lib\classes\j2objc-annotations-1.3.jar;C:/Progs/Xilinx/Vivado/2024.2\lib\classes\jakarta.annotation-api-2.1.0-11.0.11-90.jar;C:/Progs/Xilinx/Vivado/2024.2\lib\classes\jakarta.json-2.0.0-RC2-1.5.0-90.jar;C:/Progs/Xilinx/Vivado/2024.2\lib\classes\jakarta.json-api-2.0.0-RC2-1.5.0-90.jar;C:/Progs/Xilinx/Vivado/2024.2\lib\classes\jakarta.transaction-api-2.0.0-11.0.11-90.jar;C:/Progs/Xilinx/Vivado/2024.2\lib\classes\jaxb-api-2.3.0.jar;C:/Progs/Xilinx/Vivado/2024.2\lib\classes\jericho-html-3.4-1.0.0-90.jar;C:/Progs/Xilinx/Vivado/2024.2\lib\classes\jetty-jakarta-servlet-api-5.0.2-11.0.11-90.jar;C:/Progs/Xilinx/Vivado/2024.2\lib\classes\jh-2.0.05-90.jar;C:/Progs/Xilinx/Vivado/2024.2\lib\classes\jide-action-3.7.8-90.jar;C:/Progs/Xilinx/Vivado/2024.2\lib\classes\jide-charts-3.7.8-90.jar;C:/Progs/Xilinx/Vivado/2024.2\lib\classes\jide-common-3.7.8-90.jar;C:/Progs/Xilinx/Vivado/2024.2\lib\classes\jide-components-3.7.8-90.jar;C:/Progs/Xilinx/Vivado/2024.2\lib\classes\jide-dashboard-3.7.8-90.jar;C:/Progs/Xilinx/Vivado/2024.2\lib\classes\jide-data-3.7.8-90.jar;C:/Progs/Xilinx/Vivado/2024.2\lib\classes\jide-dialogs-3.7.8-90.jar;C:/Progs/Xilinx/Vivado/2024.2\lib\classes\jide-diff-3.7.8-90.jar;C:/Progs/Xilinx/Vivado/2024.2\lib\classes\jide-dock-3.7.8-90.jar;C:/Progs/Xilinx/Vivado/2024.2\lib\classes\jide-editor-3.7.8-90.jar;C:/Progs/Xilinx/Vivado/2024.2\lib\classes\jide-gantt-3.7.8-90.jar;C:/Progs/Xilinx/Vivado/2024.2\lib\classes\jide-grids-3.7.8-90.jar;C:/Progs/Xilinx/Vivado/2024.2\lib\classes\jide-pivot-3.7.8-90.jar;C:/Progs/Xilinx/Vivado/2024.2\lib\classes\jide-plaf-jdk7-3.7.8-90.jar;C:/Progs/Xilinx/Vivado/2024.2\lib\classes\jide-properties-3.7.8-90.jar;C:/Progs/Xilinx/Vivado/2024.2\lib\classes\jide-shortcut-3.7.8-90.jar;C:/Progs/Xilinx/Vivado/2024.2\lib\classes\jide-treemap-3.7.8-90.jar;C:/Progs/Xilinx/Vivado/2024.2\lib\classes\JRCClient-1.24.0-595.jar;C:/Progs/Xilinx/Vivado/2024.2\lib\classes\jsr305-3.0.2.jar;C:/Progs/Xilinx/Vivado/2024.2\lib\classes\junit-jupiter-api-5.6.2.jar;C:/Progs/Xilinx/Vivado/2024.2\lib\classes\junit-platform-commons-1.6.2.jar;C:/Progs/Xilinx/Vivado/2024.2\lib\classes\justify-3.0.0-RC2-1.5.0-90.jar;C:/Progs/Xilinx/Vivado/2024.2\lib\classes\jydocking-3.3.1-90.jar;C:/Progs/Xilinx/Vivado/2024.2\lib\classes\jytable-3.3.1-90.jar;C:/Progs/Xilinx/Vivado/2024.2\lib\classes\jywidgets-3.3.1-90.jar;C:/Progs/Xilinx/Vivado/2024.2\lib\classes\listenablefuture-9999.0-empty-to-avoid-conflict-with-guava.jar;C:/Progs/Xilinx/Vivado/2024.2\lib\classes\log4j-1.2-api-2.17.1-1.5.0-90.jar;C:/Progs/Xilinx/Vivado/2024.2\lib\classes\log4j-api-2.17.1-1.5.0-90.jar;C:/Progs/Xilinx/Vivado/2024.2\lib\classes\log4j-core-2.17.1-1.5.0-90.jar;C:/Progs/Xilinx/Vivado/2024.2\lib\classes\lucene-analyzers-common-4.10.2-3.7.8-90.jar;C:/Progs/Xilinx/Vivado/2024.2\lib\classes\lucene-core-4.10.2-3.7.8-90.jar;C:/Progs/Xilinx/Vivado/2024.2\lib\classes\lucene-queryparser-4.10.2-3.7.8-90.jar;C:/Progs/Xilinx/Vivado/2024.2\lib\classes\matlab_jmi-1.0.0-90.jar;C:/Progs/Xilinx/Vivado/2024.2\lib\classes\miglayout-3.7.3.1.jar;C:/Progs/Xilinx/Vivado/2024.2\lib\classes\nlview_java-1.0.0-90.jar;C:/Progs/Xilinx/Vivado/2024.2\lib\classes\opentest4j-1.2.0.jar;C:/Progs/Xilinx/Vivado/2024.2\lib\classes\org.apache.commons.lang_2.6.0.v201404270220-1.0.0-90.jar;C:/Progs/Xilinx/Vivado/2024.2\lib\classes\org.eclipse.core.commands-3.6.0-1.0.0-90.jar;C:/Progs/Xilinx/Vivado/2024.2\lib\classes\org.eclipse.core.filesystem_1.7.400.v20190518-1151-1.0.0-90.jar;C:/Progs/Xilinx/Vivado/2024.2\lib\classes\org.eclipse.core.jobs_3.10.400.v20190506-1457-1.0.0-90.jar;C:/Progs/Xilinx/Vivado/2024.2\lib\classes\org.eclipse.core.resources_3.13.400.v20190505-1655-1.0.0-90.jar;C:/Progs/Xilinx/Vivado/2024.2\lib\classes\org.eclipse.emf.common_2.18.0.v20191225-1014-1.0.0-90.jar;C:/Progs/Xilinx/Vivado/2024.2\lib\classes\org.eclipse.emf.common_2.24.0.v20220123-0838-1.5.0-90.jar;C:/Progs/Xilinx/Vivado/2024.2\lib\classes\org.eclipse.emf.ecore.xmi_2.16.0.v20190528-0725-1.0.0-90.jar;C:/Progs/Xilinx/Vivado/2024.2\lib\classes\org.eclipse.emf.ecore_2.21.0.v20200127-1342-1.0.0-90.jar;C:/Progs/Xilinx/Vivado/2024.2\lib\classes\org.eclipse.equinox.common_3.11.0.v20200206-0817-1.0.0-90.jar;C:/Progs/Xilinx/Vivado/2024.2\lib\classes\org.eclipse.equinox.registry_3.8.400.v20190516-1504-1.0.0-90.jar;C:/Progs/Xilinx/Vivado/2024.2\lib\classes\org.eclipse.jetty.alpn.client_11.0.18-11.0.11-90.jar;C:/Progs/Xilinx/Vivado/2024.2\lib\classes\org.eclipse.jetty.annotations_11.0.18-11.0.11-90.jar;C:/Progs/Xilinx/Vivado/2024.2\lib\classes\org.eclipse.jetty.client_11.0.18-11.0.11-90.jar;C:/Progs/Xilinx/Vivado/2024.2\lib\classes\org.eclipse.jetty.http_11.0.18-11.0.11-90.jar;C:/Progs/Xilinx/Vivado/2024.2\lib\classes\org.eclipse.jetty.io_11.0.18-11.0.11-90.jar;C:/Progs/Xilinx/Vivado/2024.2\lib\classes\org.eclipse.jetty.jndi_11.0.18-11.0.11-90.jar;C:/Progs/Xilinx/Vivado/2024.2\lib\classes\org.eclipse.jetty.plus_11.0.18-11.0.11-90.jar;C:/Progs/Xilinx/Vivado/2024.2\lib\classes\org.eclipse.jetty.security_11.0.18-11.0.11-90.jar;C:/Progs/Xilinx/Vivado/2024.2\lib\classes\org.eclipse.jetty.server_11.0.18-11.0.11-90.jar;C:/Progs/Xilinx/Vivado/2024.2\lib\classes\org.eclipse.jetty.servlet_11.0.18-11.0.11-90.jar;C:/Progs/Xilinx/Vivado/2024.2\lib\classes\org.eclipse.jetty.util_11.0.18-11.0.11-90.jar;C:/Progs/Xilinx/Vivado/2024.2\lib\classes\org.eclipse.jetty.webapp_11.0.18-11.0.11-90.jar;C:/Progs/Xilinx/Vivado/2024.2\lib\classes\org.eclipse.jetty.websocket.api_11.0.18-11.0.11-90.jar;C:/Progs/Xilinx/Vivado/2024.2\lib\classes\org.eclipse.jetty.websocket.client_11.0.18-11.0.11-90.jar;C:/Progs/Xilinx/Vivado/2024.2\lib\classes\org.eclipse.jetty.websocket.common_11.0.18-11.0.11-90.jar;C:/Progs/Xilinx/Vivado/2024.2\lib\classes\org.eclipse.jetty.websocket.core.client_11.0.18-11.0.11-90.jar;C:/Progs/Xilinx/Vivado/2024.2\lib\classes\org.eclipse.jetty.websocket.core.common_11.0.18-11.0.11-90.jar;C:/Progs/Xilinx/Vivado/2024.2\lib\classes\org.eclipse.jetty.websocket.core.server_11.0.18-11.0.11-90.jar;C:/Progs/Xilinx/Vivado/2024.2\lib\classes\org.eclipse.jetty.websocket.server_11.0.18-11.0.11-90.jar;C:/Progs/Xilinx/Vivado/2024.2\lib\classes\org.eclipse.jetty.websocket.servlet_11.0.18-11.0.11-90.jar;C:/Progs/Xilinx/Vivado/2024.2\lib\classes\org.eclipse.jetty.xml_11.0.18-11.0.11-90.jar;C:/Progs/Xilinx/Vivado/2024.2\lib\classes\org.eclipse.lsp4j.jsonrpc_0.12.0.v20210402-1305-1.5.0-90.jar;C:/Progs/Xilinx/Vivado/2024.2\lib\classes\org.eclipse.lsp4j_0.12.0.v20210402-1305-1.5.0-90.jar;C:/Progs/Xilinx/Vivado/2024.2\lib\classes\org.eclipse.xtext.util_2.18.0.v20190603-1042-1.0.0-90.jar;C:/Progs/Xilinx/Vivado/2024.2\lib\classes\org.eclipse.xtext.util_2.26.0.v20220228-0751-1.5.0-90.jar;C:/Progs/Xilinx/Vivado/2024.2\lib\classes\org.eclipse.xtext.xbase.lib_2.26.0.v20220228-0748-1.5.0-90.jar;C:/Progs/Xilinx/Vivado/2024.2\lib\classes\picocli-4.1.2.jar;C:/Progs/Xilinx/Vivado/2024.2\lib\classes\planAhead.jar;C:/Progs/Xilinx/Vivado/2024.2\lib\classes\poi-4.1.1-3.7.8-90.jar;C:/Progs/Xilinx/Vivado/2024.2\lib\classes\poi-ooxml-4.1.1-3.7.8-90.jar;C:/Progs/Xilinx/Vivado/2024.2\lib\classes\poi-ooxml-schemas-4.1.1-3.7.8-90.jar;C:/Progs/Xilinx/Vivado/2024.2\lib\classes\protobuf-java-3.21.12.jar;C:/Progs/Xilinx/Vivado/2024.2\lib\classes\protobuf-java-util-3.21.12.jar;C:/Progs/Xilinx/Vivado/2024.2\lib\classes\RuleService-1.24.0-595.jar;C:/Progs/Xilinx/Vivado/2024.2\lib\classes\slf4j-api-2.0.9-11.0.11-90.jar;C:/Progs/Xilinx/Vivado/2024.2\lib\classes\swingx-core-1.6.2-90.jar;C:/Progs/Xilinx/Vivado/2024.2\lib\classes\synthetica-3.3.1-90.jar;C:/Progs/Xilinx/Vivado/2024.2\lib\classes\syntheticaAddons-3.3.1-90.jar;C:/Progs/Xilinx/Vivado/2024.2\lib\classes\syntheticaDark-3.3.1-90.jar;C:/Progs/Xilinx/Vivado/2024.2\lib\classes\syntheticaPlain-3.3.1-90.jar;C:/Progs/Xilinx/Vivado/2024.2\lib\classes\syntheticaPlainAddon-3.3.1-90.jar;C:/Progs/Xilinx/Vivado/2024.2\lib\classes\sysgen.jar;C:/Progs/Xilinx/Vivado/2024.2\lib\classes\va-shared-1.0.0-595.jar;C:/Progs/Xilinx/Vivado/2024.2\lib\classes\VlmGUI.jar;C:/Progs/Xilinx/Vivado/2024.2\lib\classes\xml-apis-ext-1.0.0-90.jar;C:/Progs/Xilinx/Vivado/2024.2\lib\classes\xmlbeans-3.1.0-3.7.8-90.jar;C:/Progs/Xilinx/Vivado/2024.2\lib\classes\xmlgraphics-commons-1.0.0-90.jar;C:/Progs/Xilinx/Vivado/2024.2\lib\classes\yfiles-for-java-swing-3.3.0-90.jar;C:/Progs/Xilinx/Vivado/2024.2\lib\classes\windows\gluegen-rt-95.0.4638.69-90.jar;C:/Progs/Xilinx/Vivado/2024.2\lib\classes\windows\gluegen-rt-natives-windows-amd64-95.0.4638.69-90.jar;C:/Progs/Xilinx/Vivado/2024.2\lib\classes\windows\javafx-swt-21.0.1-90.jar;C:/Progs/Xilinx/Vivado/2024.2\lib\classes\windows\javafx.base-21.0.1-90.jar;C:/Progs/Xilinx/Vivado/2024.2\lib\classes\windows\javafx.controls-21.0.1-90.jar;C:/Progs/Xilinx/Vivado/2024.2\lib\classes\windows\javafx.fxml-21.0.1-90.jar;C:/Progs/Xilinx/Vivado/2024.2\lib\classes\windows\javafx.graphics-21.0.1-90.jar;C:/Progs/Xilinx/Vivado/2024.2\lib\classes\windows\javafx.media-21.0.1-90.jar;C:/Progs/Xilinx/Vivado/2024.2\lib\classes\windows\javafx.swing-21.0.1-90.jar;C:/Progs/Xilinx/Vivado/2024.2\lib\classes\windows\javafx.web-21.0.1-90.jar;C:/Progs/Xilinx/Vivado/2024.2\lib\classes\windows\jcef-95.0.4638.69-90.jar;C:/Progs/Xilinx/Vivado/2024.2\lib\classes\windows\jcef-tests-95.0.4638.69-90.jar;C:/Progs/Xilinx/Vivado/2024.2\lib\classes\windows\jogl-all-95.0.4638.69-90.jar;C:/Progs/Xilinx/Vivado/2024.2\lib\classes\windows\jogl-all-natives-windows-amd64-95.0.4638.69-90.jar
Launcher Type: generic

[Global flags]
     intx CICompilerCount                          = 12                                        {product} {ergonomic}
     uint ConcGCThreads                            = 1                                         {product} {ergonomic}
     uint G1ConcRefinementThreads                  = 4                                         {product} {ergonomic}
   size_t G1HeapRegionSize                         = 2097152                                   {product} {ergonomic}
    uintx GCDrainStackTargetSize                   = 64                                        {product} {ergonomic}
   size_t InitialHeapSize                          = 536870912                                 {product} {command line}
   size_t MarkStackSize                            = 4194304                                   {product} {ergonomic}
    uintx MaxGCPauseMillis                         = 200                                       {product} {command line}
   size_t MaxHeapSize                              = 4269801472                                {product} {command line}
   size_t MaxNewSize                               = 83886080                                  {product} {command line}
   size_t MinHeapDeltaBytes                        = 2097152                                   {product} {ergonomic}
   size_t MinHeapSize                              = 536870912                                 {product} {command line}
   size_t NewSize                                  = 83886080                                  {product} {command line}
    uintx NonNMethodCodeHeapSize                   = 7602480                                {pd product} {ergonomic}
    uintx NonProfiledCodeHeapSize                  = 122027880                              {pd product} {ergonomic}
     uint ParallelGCThreads                        = 4                                         {product} {command line}
     bool ParallelRefProcEnabled                   = true                                      {product} {command line}
    uintx ProfiledCodeHeapSize                     = 122027880                              {pd product} {ergonomic}
    uintx ReservedCodeCacheSize                    = 251658240                              {pd product} {ergonomic}
     bool SegmentedCodeCache                       = true                                      {product} {ergonomic}
   size_t SoftMaxHeapSize                          = 4269801472                             {manageable} {ergonomic}
    uintx StringTableSize                          = 4072                                      {product} {command line}
     intx ThreadStackSize                          = 10240                                  {pd product} {command line}
     bool UseCompressedOops                        = true                           {product lp64_product} {ergonomic}
     bool UseG1GC                                  = true                                      {product} {ergonomic}
     bool UseLargePagesIndividualAllocation        = false                                  {pd product} {ergonomic}
     bool UsePerfData                              = false                                     {product} {command line}
     bool UseStringDeduplication                   = true                                      {product} {command line}

Logging:
Log output configuration:
 #0: stdout all=warning uptime,level,tags foldmultilines=false
 #1: stderr all=off uptime,level,tags foldmultilines=false

Environment Variables:
PATH=C:/Progs/Xilinx/Vivado/2024.2\gnuwin\bin;C:/Progs/Xilinx/Vivado/2024.2\gnu\microblaze\nt\bin;C:/Progs/Xilinx/Vivado/2024.2/bin;C:/Progs/Xilinx/Vivado/2024.2/tps/win64/java-cef-95.0.4638.69/bin/lib/win64;C:/Progs/Xilinx/Vivado/2024.2/tps/win64/javafx-sdk-21.0.1/lib;C:/Progs/Xilinx/Vivado/2024.2/tps/win64/javafx-sdk-21.0.1/bin;C:/Progs/Xilinx/Vivado/2024.2/lib/win64.o;C:/Progs/Xilinx/Vivado/2024.2/tps/win64/jre21.0.1_12/bin/server;C:/Progs/Xilinx/Vivado/2024.2/tps/win64/jre21.0.1_12/bin;C:/Progs/Xilinx/Vitis/2024.2/bin;C:/Progs/Xilinx/Vivado/2024.2/ids_lite/ISE/bin/nt64;C:/Progs/Xilinx/Vivado/2024.2/ids_lite/ISE/lib/nt64;C:/Progs/Xilinx/Vitis_HLS/2024.2/bin;C:\Program Files\Python313\Scripts\;C:\Program Files\Python313\;C:\WINDOWS\system32;C:\WINDOWS;C:\WINDOWS\System32\Wbem;C:\WINDOWS\System32\WindowsPowerShell\v1.0\;C:\WINDOWS\System32\OpenSSH\;C:\Program Files\Microsoft VS Code\bin;C:\Program Files\dotnet\;C:\Program Files (x86)\IVI Foundation\VISA\WinNT\Bin\;C:\Program Files\IVI Foundation\VISA\Win64\Bin\;C:\Program Files (x86)\National Instruments\Shared\LabVIEW CLI;C:\Program Files\Docker\Docker\resources\bin;C:\Program Files\MATLAB\R2024a\runtime\win64;C:\Program Files\MATLAB\R2024a\bin;C:\Program Files\MATLAB\R2024b\runtime\win64;C:\Program Files\MATLAB\R2024b\bin;C:\Users\mariashi\AppData\Local\Microsoft\WindowsApps;C:\Users\mariashi\AppData\Local\GitHubDesktop\bin;C:\Users\mariashi\AppData\Local\Programs\Git\cmd;C:/Progs/Xilinx/Vivado/2024.2\tps\mingw\6.2.0\win64.o\nt\bin;C:/Progs/Xilinx/Vivado/2024.2\tps\mingw\6.2.0\win64.o\nt\libexec\gcc\x86_64-w64-mingw32\6.2.0;C:/Progs/Xilinx/Vivado/2024.2\tps\win64\python-3.8.3;C:/Progs/Xilinx/Vivado/2024.2\tps\win64\python-3.8.3\bin;C:/Progs/Xilinx/Vivado/2024.2\tps\win64\python-3.8.3\lib;C:/Progs/Xilinx/Vivado/2024.2\tps\win64\python-3.8.3\lib\site-packages
USERNAME=mariashi
OS=Windows_NT
PROCESSOR_IDENTIFIER=Intel64 Family 6 Model 183 Stepping 1, GenuineIntel
TMP=C:\Users\LOCAL_~1\Temp
TEMP=C:\Users\LOCAL_~1\Temp




Periodic native trim disabled

---------------  S Y S T E M  ---------------

OS:
 Windows 11 , 64 bit Build 26100 (10.0.26100.8246)
OS uptime: 0 days 17:57 hours
Hyper-V role detected

CPU: total 28 (initial active 28) (14 cores per cpu, 2 threads per core) family 6 model 183 stepping 1 microcode 0x133, cx8, cmov, fxsr, ht, mmx, 3dnowpref, sse, sse2, sse3, ssse3, sse4.1, sse4.2, popcnt, lzcnt, tsc, tscinvbit, avx, avx2, aes, erms, clmul, bmi1, bmi2, adx, sha, fma, vzeroupper, clflush, clflushopt, clwb, hv, serialize, rdtscp, rdpid, fsrm, f16c, cet_ibt, cet_ss
Processor Information for all 28 processors :
  Max Mhz: 2100, Current Mhz: 2100, Mhz Limit: 2100

Memory: 4k page, system-wide physical 32454M (19224M free)
TotalPageFile size 37318M (AvailPageFile size 24105M)
current process WorkingSet (physical memory assigned to process): 1380M, peak: 1644M
current process commit charge ("private bytes"): 1690M, peak: 1709M

vm_info: OpenJDK 64-Bit Server VM (21.0.1+12-LTS) for windows-amd64 JRE (21.0.1+12-LTS), built on 2023-10-17T00:00:00Z by "admin" with unknown MS VC++:1937

END.
