#-----------------------------------------------------------
# Vivado v2024.2 (64-bit)
# SW Build 5239630 on Fri Nov 08 22:35:27 MST 2024
# IP Build 5239520 on Sun Nov 10 16:12:51 MST 2024
# SharedData Build 5239561 on Fri Nov 08 14:39:27 MST 2024
# Start of session at: Wed May 27 20:32:01 2026
# Process ID         : 18232
# Current directory  : Z:/DAT096/DAT096-krish/Embedded-System-Project-DAT096-krishna/Board_2/Board_2
# Command line       : vivado.exe -gui_launcher_event rodinguilauncherevent21320 Z:\DAT096\DAT096-krish\Embedded-System-Project-DAT096-krishna\Board_2\Board_2\Board_2.xpr
# Log file           : Z:/DAT096/DAT096-krish/Embedded-System-Project-DAT096-krishna/Board_2/Board_2/vivado.log
# Journal file       : Z:/DAT096/DAT096-krish/Embedded-System-Project-DAT096-krishna/Board_2/Board_2\vivado.jou
# Running On         : FY-6302-12
# Platform           : Windows Server 2016 or Windows 10
# Operating System   : 26200
# Processor Detail   : Intel(R) Core(TM) i7-14700
# CPU Frequency      : 2112 MHz
# CPU Physical cores : 20
# CPU Logical cores  : 28
# Host memory        : 34031 MB
# Swap memory        : 5100 MB
# Total Virtual      : 39131 MB
# Available Virtual  : 28498 MB
#-----------------------------------------------------------
start_gui
open_project Z:/DAT096/DAT096-krish/Embedded-System-Project-DAT096-krishna/Board_2/Board_2/Board_2.xpr
WARNING: [filemgmt 56-3] IP Repository Path: Could not find the directory 'Z:/DAT096/vivado-library-zmod-v2-2019.1-2/vivado-library-zmod-v2-2019.1-2'.
WARNING: [filemgmt 56-3] IP Repository Path: Could not find the directory 'Z:/embedded project/Eclypse-Z7-HW/Eclypse-Z7-HW.ipdefs/repo'.
WARNING: [filemgmt 56-3] IP Repository Path: Could not find the directory 'Z:/DAT096/Project_team5/ip_repo'.
WARNING: [filemgmt 56-3] IP Repository Path: Could not find the directory 'Z:/eda234/vivado-library-master'.
WARNING: [filemgmt 56-3] IP Repository Path: Could not find the directory 'Z:/eda234/vivado-library-master/ip'.
Scanning sources...
Finished scanning sources
INFO: [IP_Flow 19-234] Refreshing IP repositories
WARNING: [IP_Flow 19-2248] Failed to load user IP repository 'z:/DAT096/vivado-library-zmod-v2-2019.1-2/vivado-library-zmod-v2-2019.1-2'; Can't find the specified path.
If this directory should no longer be in your list of user repositories, go to the IP Settings dialog and remove it.
INFO: [IP_Flow 19-1700] Loaded user IP repository 'z:/DAT096/Project_team5/ip_repo_snr'.
WARNING: [IP_Flow 19-2248] Failed to load user IP repository 'z:/embedded project/Eclypse-Z7-HW/Eclypse-Z7-HW.ipdefs/repo'; Can't find the specified path.
If this directory should no longer be in your list of user repositories, go to the IP Settings dialog and remove it.
WARNING: [IP_Flow 19-2248] Failed to load user IP repository 'z:/DAT096/Project_team5/ip_repo'; Can't find the specified path.
If this directory should no longer be in your list of user repositories, go to the IP Settings dialog and remove it.
INFO: [IP_Flow 19-1700] Loaded user IP repository 'z:/DAT096/vivado-boards-master'.
INFO: [IP_Flow 19-1700] Loaded user IP repository 'z:/DAT096/vivado-library-b0946605e3617c901635278b62d0f6a8e3942844'.
INFO: [IP_Flow 19-1700] Loaded user IP repository 'z:/DAT096/vivado-library-master'.
WARNING: [IP_Flow 19-2248] Failed to load user IP repository 'z:/eda234/vivado-library-master'; Can't find the specified path.
If this directory should no longer be in your list of user repositories, go to the IP Settings dialog and remove it.
WARNING: [IP_Flow 19-3685] Ignored loading user repository 'z:/eda234/vivado-library-master/ip'. The path is contained within another repository.
INFO: [IP_Flow 19-2313] Loaded Vivado IP repository 'C:/Progs/Xilinx/Vivado/2024.2/data/ip'.
WARNING: [IP_Flow 19-1663] Duplicate IP found for 'digilentinc.com:user:axi_i2s_adi:1.2'. The one found in IP location 'z:/DAT096/vivado-library-b0946605e3617c901635278b62d0f6a8e3942844/ip/axi_i2s_adi_1.2' will take precedence over the same IP in location z:/DAT096/vivado-library-master/ip/axi_i2s_adi_1.2
WARNING: [IP_Flow 19-1663] Duplicate IP found for 'digilentinc.com:IP:axi_ps2:1.0'. The one found in IP location 'z:/DAT096/vivado-library-b0946605e3617c901635278b62d0f6a8e3942844/ip/axi_ps2_1.0' will take precedence over the same IP in location z:/DAT096/vivado-library-master/ip/axi_ps2_1.0
WARNING: [IP_Flow 19-1663] Duplicate IP found for 'digilentinc.com:ip:clock_forwarder:1.1'. The one found in IP location 'z:/DAT096/vivado-library-b0946605e3617c901635278b62d0f6a8e3942844/ip/clock_forwarder' will take precedence over the same IP in location z:/DAT096/vivado-library-master/ip/clock_forwarder
WARNING: [IP_Flow 19-1663] Duplicate IP found for 'digilentinc.com:IP:hls_contrast_stretch:1.0'. The one found in IP location 'z:/DAT096/vivado-library-b0946605e3617c901635278b62d0f6a8e3942844/ip/hls_contrast_stretch_1_0' will take precedence over the same IP in location z:/DAT096/vivado-library-master/ip/hls_contrast_stretch_1_0
WARNING: [IP_Flow 19-1663] Duplicate IP found for 'digilentinc.com:IP:hls_gamma_correction:1.0'. The one found in IP location 'z:/DAT096/vivado-library-b0946605e3617c901635278b62d0f6a8e3942844/ip/hls_gamma_correction_1_0' will take precedence over the same IP in location z:/DAT096/vivado-library-master/ip/hls_gamma_correction_1_0
WARNING: [IP_Flow 19-1663] Duplicate IP found for 'digilentinc.com:IP:hls_saturation_enhance:1.0'. The one found in IP location 'z:/DAT096/vivado-library-b0946605e3617c901635278b62d0f6a8e3942844/ip/hls_saturation_enhance_1_0' will take precedence over the same IP in location z:/DAT096/vivado-library-master/ip/hls_saturation_enhance_1_0
WARNING: [IP_Flow 19-1663] Duplicate IP found for 'digilentinc.com:ip:rgb2dpvid:1.0'. The one found in IP location 'z:/DAT096/vivado-library-b0946605e3617c901635278b62d0f6a8e3942844/ip/rgb2dpvid_v1_0' will take precedence over the same IP in location z:/DAT096/vivado-library-master/ip/rgb2dpvid_v1_0
WARNING: [IP_Flow 19-1663] Duplicate IP found for 'digilentinc.com:ip:rgb2vga:1.0'. The one found in IP location 'z:/DAT096/vivado-library-b0946605e3617c901635278b62d0f6a8e3942844/ip/rgb2vga_v1_0' will take precedence over the same IP in location z:/DAT096/vivado-library-master/ip/rgb2vga_v1_0
WARNING: [IP_Flow 19-1663] Duplicate IP found for 'digilentinc.com:ip:Sync:1.0'. The one found in IP location 'z:/DAT096/vivado-library-b0946605e3617c901635278b62d0f6a8e3942844/ip/Sync_v1_0' will take precedence over the same IP in location z:/DAT096/vivado-library-master/ip/Sync_v1_0
WARNING: [IP_Flow 19-1663] Duplicate IP found for 'digilentinc.com:ip:usb2device:1.0'. The one found in IP location 'z:/DAT096/vivado-library-b0946605e3617c901635278b62d0f6a8e3942844/ip/usb2device_v1_0' will take precedence over the same IP in location z:/DAT096/vivado-library-master/ip/usb2device_v1_0
WARNING: [IP_Flow 19-1663] Duplicate IP found for 'digilentinc.com:video:video_scaler:1.0'. The one found in IP location 'z:/DAT096/vivado-library-b0946605e3617c901635278b62d0f6a8e3942844/ip/video_scaler' will take precedence over the same IP in location z:/DAT096/vivado-library-master/ip/video_scaler
WARNING: [IP_Flow 19-1663] Duplicate IP found for 'digilentinc.com:ip:dvi2rgb:2.0'. The one found in IP location 'z:/DAT096/vivado-library-master/ip/dvi2rgb' will take precedence over the same IP in location z:/DAT096/vivado-library-b0946605e3617c901635278b62d0f6a8e3942844/ip/dvi2rgb
WARNING: [IP_Flow 19-1663] Duplicate IP found for 'digilentinc.com:IP:MotorFeedback:1.0'. The one found in IP location 'z:/DAT096/vivado-library-master/ip/MotorFeedback_1.0' will take precedence over the same IP in location z:/DAT096/vivado-library-b0946605e3617c901635278b62d0f6a8e3942844/ip/MotorFeedback_1.0
WARNING: [IP_Flow 19-1663] Duplicate IP found for 'digilentinc.com:IP:PmodACL2:1.0'. The one found in IP location 'z:/DAT096/vivado-library-master/ip/Pmods/PmodACL2_v1_0' will take precedence over the same IP in location z:/DAT096/vivado-library-b0946605e3617c901635278b62d0f6a8e3942844/ip/Pmods/PmodACL2_v1_0
WARNING: [IP_Flow 19-1663] Duplicate IP found for 'digilentinc.com:IP:PmodACL:1.0'. The one found in IP location 'z:/DAT096/vivado-library-master/ip/Pmods/PmodACL_v1_0' will take precedence over the same IP in location z:/DAT096/vivado-library-b0946605e3617c901635278b62d0f6a8e3942844/ip/Pmods/PmodACL_v1_0
WARNING: [IP_Flow 19-1663] Duplicate IP found for 'digilentinc.com:IP:PmodAD1:1.0'. The one found in IP location 'z:/DAT096/vivado-library-master/ip/Pmods/PmodAD1_v1_0' will take precedence over the same IP in location z:/DAT096/vivado-library-b0946605e3617c901635278b62d0f6a8e3942844/ip/Pmods/PmodAD1_v1_0
WARNING: [IP_Flow 19-1663] Duplicate IP found for 'digilentinc.com:IP:PmodAD2:1.0'. The one found in IP location 'z:/DAT096/vivado-library-master/ip/Pmods/PmodAD2_v1_0' will take precedence over the same IP in location z:/DAT096/vivado-library-b0946605e3617c901635278b62d0f6a8e3942844/ip/Pmods/PmodAD2_v1_0
WARNING: [IP_Flow 19-1663] Duplicate IP found for 'digilentinc.com:IP:PmodAD5:1.0'. The one found in IP location 'z:/DAT096/vivado-library-master/ip/Pmods/PmodAD5_v1_0' will take precedence over the same IP in location z:/DAT096/vivado-library-b0946605e3617c901635278b62d0f6a8e3942844/ip/Pmods/PmodAD5_v1_0
WARNING: [IP_Flow 19-1663] Duplicate IP found for 'digilentinc.com:IP:PmodALS:1.0'. The one found in IP location 'z:/DAT096/vivado-library-master/ip/Pmods/PmodALS_v1_0' will take precedence over the same IP in location z:/DAT096/vivado-library-b0946605e3617c901635278b62d0f6a8e3942844/ip/Pmods/PmodALS_v1_0
WARNING: [IP_Flow 19-1663] Duplicate IP found for 'digilentinc.com:IP:PmodAMP2:1.0'. The one found in IP location 'z:/DAT096/vivado-library-master/ip/Pmods/PmodAMP2_v1_0' will take precedence over the same IP in location z:/DAT096/vivado-library-b0946605e3617c901635278b62d0f6a8e3942844/ip/Pmods/PmodAMP2_v1_0
WARNING: [IP_Flow 19-1663] Duplicate IP found for 'digilentinc.com:IP:PmodAQS:1.0'. The one found in IP location 'z:/DAT096/vivado-library-master/ip/Pmods/PmodAQS_v1_0' will take precedence over the same IP in location z:/DAT096/vivado-library-b0946605e3617c901635278b62d0f6a8e3942844/ip/Pmods/PmodAQS_v1_0
WARNING: [IP_Flow 19-1663] Duplicate IP found for 'digilentinc.com:IP:PmodBLE:1.0'. The one found in IP location 'z:/DAT096/vivado-library-master/ip/Pmods/PmodBLE_v1_0' will take precedence over the same IP in location z:/DAT096/vivado-library-b0946605e3617c901635278b62d0f6a8e3942844/ip/Pmods/PmodBLE_v1_0
WARNING: [IP_Flow 19-1663] Duplicate IP found for 'digilentinc.com:IP:PmodBT2:1.0'. The one found in IP location 'z:/DAT096/vivado-library-master/ip/Pmods/PmodBT2_v1_0' will take precedence over the same IP in location z:/DAT096/vivado-library-b0946605e3617c901635278b62d0f6a8e3942844/ip/Pmods/PmodBT2_v1_0
WARNING: [IP_Flow 19-1663] Duplicate IP found for 'digilentinc.com:IP:PmodCAN:1.0'. The one found in IP location 'z:/DAT096/vivado-library-master/ip/Pmods/PmodCAN_v1_0' will take precedence over the same IP in location z:/DAT096/vivado-library-b0946605e3617c901635278b62d0f6a8e3942844/ip/Pmods/PmodCAN_v1_0
WARNING: [IP_Flow 19-1663] Duplicate IP found for 'digilentinc.com:IP:PmodCLS:1.0'. The one found in IP location 'z:/DAT096/vivado-library-master/ip/Pmods/PmodCLS_v1_0' will take precedence over the same IP in location z:/DAT096/vivado-library-b0946605e3617c901635278b62d0f6a8e3942844/ip/Pmods/PmodCLS_v1_0
WARNING: [IP_Flow 19-1663] Duplicate IP found for 'digilentinc.com:IP:PmodCMPS2:1.0'. The one found in IP location 'z:/DAT096/vivado-library-master/ip/Pmods/PmodCMPS2_v1_0' will take precedence over the same IP in location z:/DAT096/vivado-library-b0946605e3617c901635278b62d0f6a8e3942844/ip/Pmods/PmodCMPS2_v1_0
WARNING: [IP_Flow 19-1663] Duplicate IP found for 'digilentinc.com:IP:PmodCOLOR:1.0'. The one found in IP location 'z:/DAT096/vivado-library-master/ip/Pmods/PmodCOLOR_v1_0' will take precedence over the same IP in location z:/DAT096/vivado-library-b0946605e3617c901635278b62d0f6a8e3942844/ip/Pmods/PmodCOLOR_v1_0
WARNING: [IP_Flow 19-1663] Duplicate IP found for 'digilentinc.com:IP:PmodDA1:1.0'. The one found in IP location 'z:/DAT096/vivado-library-master/ip/Pmods/PmodDA1_v1_0' will take precedence over the same IP in location z:/DAT096/vivado-library-b0946605e3617c901635278b62d0f6a8e3942844/ip/Pmods/PmodDA1_v1_0
WARNING: [IP_Flow 19-1663] Duplicate IP found for 'digilentinc.com:IP:PmodDHB1:1.0'. The one found in IP location 'z:/DAT096/vivado-library-master/ip/Pmods/PmodDHB1_v1_0' will take precedence over the same IP in location z:/DAT096/vivado-library-b0946605e3617c901635278b62d0f6a8e3942844/ip/Pmods/PmodDHB1_v1_0
WARNING: [IP_Flow 19-1663] Duplicate IP found for 'digilentinc.com:IP:PmodDPG1:1.0'. The one found in IP location 'z:/DAT096/vivado-library-master/ip/Pmods/PmodDPG1_v1_0' will take precedence over the same IP in location z:/DAT096/vivado-library-b0946605e3617c901635278b62d0f6a8e3942844/ip/Pmods/PmodDPG1_v1_0
WARNING: [IP_Flow 19-1663] Duplicate IP found for 'digilentinc.com:IP:PmodENC:1.0'. The one found in IP location 'z:/DAT096/vivado-library-master/ip/Pmods/PmodENC_v1_0' will take precedence over the same IP in location z:/DAT096/vivado-library-b0946605e3617c901635278b62d0f6a8e3942844/ip/Pmods/PmodENC_v1_0
WARNING: [IP_Flow 19-1663] Duplicate IP found for 'digilentinc.com:user:PmodESP32:1.0'. The one found in IP location 'z:/DAT096/vivado-library-master/ip/Pmods/PmodESP32_v1_0' will take precedence over the same IP in location z:/DAT096/vivado-library-b0946605e3617c901635278b62d0f6a8e3942844/ip/Pmods/PmodESP32_v1_0
WARNING: [IP_Flow 19-1663] Duplicate IP found for 'digilentinc.com:IP:PmodGPIO:1.0'. The one found in IP location 'z:/DAT096/vivado-library-master/ip/Pmods/PmodGPIO_v1_0' will take precedence over the same IP in location z:/DAT096/vivado-library-b0946605e3617c901635278b62d0f6a8e3942844/ip/Pmods/PmodGPIO_v1_0
WARNING: [IP_Flow 19-1663] Duplicate IP found for 'digilentinc.com:IP:PmodGPS:1.1'. The one found in IP location 'z:/DAT096/vivado-library-master/ip/Pmods/PmodGPS_v1_1' will take precedence over the same IP in location z:/DAT096/vivado-library-b0946605e3617c901635278b62d0f6a8e3942844/ip/Pmods/PmodGPS_v1_1
WARNING: [IP_Flow 19-1663] Duplicate IP found for 'digilentinc.com:IP:PmodGYRO:1.0'. The one found in IP location 'z:/DAT096/vivado-library-master/ip/Pmods/PmodGYRO_v1_0' will take precedence over the same IP in location z:/DAT096/vivado-library-b0946605e3617c901635278b62d0f6a8e3942844/ip/Pmods/PmodGYRO_v1_0
WARNING: [IP_Flow 19-1663] Duplicate IP found for 'digilentinc.com:IP:PmodHYGRO:1.0'. The one found in IP location 'z:/DAT096/vivado-library-master/ip/Pmods/PmodHYGRO_v1_0' will take precedence over the same IP in location z:/DAT096/vivado-library-b0946605e3617c901635278b62d0f6a8e3942844/ip/Pmods/PmodHYGRO_v1_0
WARNING: [IP_Flow 19-1663] Duplicate IP found for 'digilentinc.com:IP:PmodJSTK2:1.0'. The one found in IP location 'z:/DAT096/vivado-library-master/ip/Pmods/PmodJSTK2_v1_0' will take precedence over the same IP in location z:/DAT096/vivado-library-b0946605e3617c901635278b62d0f6a8e3942844/ip/Pmods/PmodJSTK2_v1_0
WARNING: [IP_Flow 19-1663] Duplicate IP found for 'digilentinc.com:IP:PmodJSTK:1.0'. The one found in IP location 'z:/DAT096/vivado-library-master/ip/Pmods/PmodJSTK_v1_0' will take precedence over the same IP in location z:/DAT096/vivado-library-b0946605e3617c901635278b62d0f6a8e3942844/ip/Pmods/PmodJSTK_v1_0
WARNING: [IP_Flow 19-1663] Duplicate IP found for 'digilentinc.com:IP:PmodKYPD:1.0'. The one found in IP location 'z:/DAT096/vivado-library-master/ip/Pmods/PmodKYPD_v1_0' will take precedence over the same IP in location z:/DAT096/vivado-library-b0946605e3617c901635278b62d0f6a8e3942844/ip/Pmods/PmodKYPD_v1_0
WARNING: [IP_Flow 19-1663] Duplicate IP found for 'digilentinc.com:IP:PmodMAXSONAR:1.0'. The one found in IP location 'z:/DAT096/vivado-library-master/ip/Pmods/PmodMAXSONAR_v1_0' will take precedence over the same IP in location z:/DAT096/vivado-library-b0946605e3617c901635278b62d0f6a8e3942844/ip/Pmods/PmodMAXSONAR_v1_0
WARNING: [IP_Flow 19-1663] Duplicate IP found for 'digilentinc.com:IP:PmodMTDS:1.0'. The one found in IP location 'z:/DAT096/vivado-library-master/ip/Pmods/PmodMTDS_v1_0' will take precedence over the same IP in location z:/DAT096/vivado-library-b0946605e3617c901635278b62d0f6a8e3942844/ip/Pmods/PmodMTDS_v1_0
WARNING: [IP_Flow 19-1663] Duplicate IP found for 'digilentinc.com:IP:PmodNAV:1.0'. The one found in IP location 'z:/DAT096/vivado-library-master/ip/Pmods/PmodNAV_v1_0' will take precedence over the same IP in location z:/DAT096/vivado-library-b0946605e3617c901635278b62d0f6a8e3942844/ip/Pmods/PmodNAV_v1_0
WARNING: [IP_Flow 19-1663] Duplicate IP found for 'digilentinc.com:IP:PmodOLEDrgb:1.0'. The one found in IP location 'z:/DAT096/vivado-library-master/ip/Pmods/pmodOLEDrgb_v1_0' will take precedence over the same IP in location z:/DAT096/vivado-library-b0946605e3617c901635278b62d0f6a8e3942844/ip/Pmods/pmodOLEDrgb_v1_0
WARNING: [IP_Flow 19-1663] Duplicate IP found for 'digilentinc.com:IP:PmodOLED:1.0'. The one found in IP location 'z:/DAT096/vivado-library-master/ip/Pmods/PmodOLED_v1_0' will take precedence over the same IP in location z:/DAT096/vivado-library-b0946605e3617c901635278b62d0f6a8e3942844/ip/Pmods/PmodOLED_v1_0
WARNING: [IP_Flow 19-1663] Duplicate IP found for 'digilentinc.com:IP:PmodPIR:1.0'. The one found in IP location 'z:/DAT096/vivado-library-master/ip/Pmods/PmodPIR_v1_0' will take precedence over the same IP in location z:/DAT096/vivado-library-b0946605e3617c901635278b62d0f6a8e3942844/ip/Pmods/PmodPIR_v1_0
WARNING: [IP_Flow 19-1663] Duplicate IP found for 'digilentinc.com:IP:PmodR2R:1.0'. The one found in IP location 'z:/DAT096/vivado-library-master/ip/Pmods/PmodR2R_v1_0' will take precedence over the same IP in location z:/DAT096/vivado-library-b0946605e3617c901635278b62d0f6a8e3942844/ip/Pmods/PmodR2R_v1_0
WARNING: [IP_Flow 19-1663] Duplicate IP found for 'digilentinc.com:IP:PmodRTCC:1.0'. The one found in IP location 'z:/DAT096/vivado-library-master/ip/Pmods/PmodRTCC_v1_0' will take precedence over the same IP in location z:/DAT096/vivado-library-b0946605e3617c901635278b62d0f6a8e3942844/ip/Pmods/PmodRTCC_v1_0
WARNING: [IP_Flow 19-1663] Duplicate IP found for 'digilentinc.com:IP:PmodSD:1.0'. The one found in IP location 'z:/DAT096/vivado-library-master/ip/Pmods/PmodSD_v1_0' will take precedence over the same IP in location z:/DAT096/vivado-library-b0946605e3617c901635278b62d0f6a8e3942844/ip/Pmods/PmodSD_v1_0
WARNING: [IP_Flow 19-1663] Duplicate IP found for 'digilentinc.com:IP:PmodSF3:1.0'. The one found in IP location 'z:/DAT096/vivado-library-master/ip/Pmods/PmodSF3_v1_0' will take precedence over the same IP in location z:/DAT096/vivado-library-b0946605e3617c901635278b62d0f6a8e3942844/ip/Pmods/PmodSF3_v1_0
WARNING: [IP_Flow 19-1663] Duplicate IP found for 'digilentinc.com:IP:PmodTC1:1.0'. The one found in IP location 'z:/DAT096/vivado-library-master/ip/Pmods/PmodTC1_v1_0' will take precedence over the same IP in location z:/DAT096/vivado-library-b0946605e3617c901635278b62d0f6a8e3942844/ip/Pmods/PmodTC1_v1_0
WARNING: [IP_Flow 19-1663] Duplicate IP found for 'digilentinc.com:IP:PmodTMP3:1.0'. The one found in IP location 'z:/DAT096/vivado-library-master/ip/Pmods/PmodTMP3_v1_0' will take precedence over the same IP in location z:/DAT096/vivado-library-b0946605e3617c901635278b62d0f6a8e3942844/ip/Pmods/PmodTMP3_v1_0
WARNING: [IP_Flow 19-1663] Duplicate IP found for 'digilentinc.com:IP:PmodWIFI:1.0'. The one found in IP location 'z:/DAT096/vivado-library-master/ip/Pmods/PmodWIFI_v1_0' will take precedence over the same IP in location z:/DAT096/vivado-library-b0946605e3617c901635278b62d0f6a8e3942844/ip/Pmods/PmodWIFI_v1_0
WARNING: [IP_Flow 19-1663] Duplicate IP found for 'digilentinc.com:ip:pmod_bridge:1.0'. The one found in IP location 'z:/DAT096/vivado-library-master/ip/Pmods/Pmod_Bridge_v1_0' will take precedence over the same IP in location z:/DAT096/vivado-library-b0946605e3617c901635278b62d0f6a8e3942844/ip/Pmods/Pmod_Bridge_v1_0
WARNING: [IP_Flow 19-1663] Duplicate IP found for 'digilentinc.com:ip:pmod_bridge:1.1'. The one found in IP location 'z:/DAT096/vivado-library-master/ip/Pmods/Pmod_Bridge_v1_1' will take precedence over the same IP in location z:/DAT096/vivado-library-b0946605e3617c901635278b62d0f6a8e3942844/ip/Pmods/Pmod_Bridge_v1_1
WARNING: [IP_Flow 19-1663] Duplicate IP found for 'digilentinc.com:IP:PWM:1.0'. The one found in IP location 'z:/DAT096/vivado-library-master/ip/PWM_1.0' will take precedence over the same IP in location z:/DAT096/vivado-library-b0946605e3617c901635278b62d0f6a8e3942844/ip/PWM_1.0
WARNING: [IP_Flow 19-1663] Duplicate IP found for 'digilentinc.com:IP:PWM:2.0'. The one found in IP location 'z:/DAT096/vivado-library-master/ip/PWM_2.0' will take precedence over the same IP in location z:/DAT096/vivado-library-b0946605e3617c901635278b62d0f6a8e3942844/ip/PWM_2.0
WARNING: [IP_Flow 19-1663] Duplicate IP found for 'digilentinc.com:IP:PWM_Analyzer:1.0'. The one found in IP location 'z:/DAT096/vivado-library-master/ip/PWM_Analyzer_1.0' will take precedence over the same IP in location z:/DAT096/vivado-library-b0946605e3617c901635278b62d0f6a8e3942844/ip/PWM_Analyzer_1.0
WARNING: [IP_Flow 19-1663] Duplicate IP found for 'digilentinc.com:ip:rgb2dvi:1.4'. The one found in IP location 'z:/DAT096/vivado-library-master/ip/rgb2dvi' will take precedence over the same IP in location z:/DAT096/vivado-library-b0946605e3617c901635278b62d0f6a8e3942844/ip/rgb2dvi
WARNING: [IP_Flow 19-4830] Duplicate Interface found for 'digilentinc.com:interface:pmod:1.0'. The one found in location 'z:/DAT096/vivado-library-b0946605e3617c901635278b62d0f6a8e3942844/if/pmod_v1_0/pmod.xml' will take precedence over the same Interface in location 'z:/DAT096/vivado-library-master/if/pmod_v1_0/pmod.xml'
WARNING: [IP_Flow 19-4830] Duplicate Interface found for 'digilentinc.com:interface:tmds:1.0'. The one found in location 'z:/DAT096/vivado-library-b0946605e3617c901635278b62d0f6a8e3942844/if/tmds_v1_0/tmds.xml' will take precedence over the same Interface in location 'z:/DAT096/vivado-library-master/if/tmds_v1_0/tmds.xml'
INFO: [Project 1-5579] Found utility IPs instantiated in one or more block designs which have equivalent inline hdl with improved performance and reduced diskspace. It is recommended to migrate these utility IPs to inline hdl using the command upgrade_project -migrate_to_inline_hdl. The utility IPs may be deprecated in future releases. More information on inline hdl is available in UG994.
open_project: Time (s): cpu = 00:00:09 ; elapsed = 00:00:28 . Memory (MB): peak = 1309.117 ; gain = 177.051
update_compile_order -fileset sources_1
open_bd_design {Z:/DAT096/DAT096-krish/Embedded-System-Project-DAT096-krishna/Board_2/Board_2/Board_2.srcs/sources_1/bd/design_2/design_2.bd}
Reading block design file <Z:/DAT096/DAT096-krish/Embedded-System-Project-DAT096-krishna/Board_2/Board_2/Board_2.srcs/sources_1/bd/design_2/design_2.bd>...
Adding component instance block -- xilinx.com:ip:ila:6.2 - ila_0
INFO: [xilinx.com:ip:ila:6.2-6] /ila_0: AMD recommends using the System ILA IP in IP Integrator. The System ILA IP is functionally equivalent to an ILA and offers additional benefits in debugging interfaces both within IP Integrator and the Hardware Manager. Consult the Programming and Debug User Guide UG908 for further details.
Adding component instance block -- xilinx.com:ip:xlconstant:1.1 - xlconstant_1
Adding component instance block -- xilinx.com:ip:xlslice:1.0 - xlslice_0
Adding component instance block -- xilinx.com:ip:xlconstant:1.1 - xlconstant_3
Adding component instance block -- xilinx.com:ip:processing_system7:5.5 - processing_system7_0
Adding component instance block -- digilent.com:user:ZmodScopeController:1.2 - ZmodScopeController_0
Adding component instance block -- digilent.com:user:ZmodAWGController:1.1 - ZmodAWGController_0
Adding component instance block -- xilinx.com:ip:clk_wiz:6.0 - clk_wiz_0
Adding component instance block -- xilinx.com:module_ref:vcsel_top:1.0 - vcsel_top_0
Adding component instance block -- xilinx.com:ip:vio:3.0 - vio_0
Adding component instance block -- xilinx.com:ip:xlconstant:1.1 - xlconstant_2
Adding component instance block -- chalmers.se:user:top_awgn:1.0 - top_awgn_0
Adding component instance block -- xilinx.com:ip:vio:3.0 - vio_1
Adding component instance block -- xilinx.com:module_ref:vcsel_conv:1.0 - vcsel_conv_0
Successfully read diagram <design_2> from block design file <Z:/DAT096/DAT096-krish/Embedded-System-Project-DAT096-krishna/Board_2/Board_2/Board_2.srcs/sources_1/bd/design_2/design_2.bd>
open_hw_manager
connect_hw_server -allow_non_jtag
INFO: [Labtools 27-2285] Connecting to hw_server url TCP:localhost:3121
INFO: [Labtools 27-3415] Connecting to cs_server url TCP:localhost:0
INFO: [Labtools 27-3417] Launching cs_server...
INFO: [Labtools 27-2221] Launch Output:


******** Xilinx cs_server v2024.2.0
  ****** Build date   : Oct 30 2024-19:19:07
    **** Build number : 2024.2.1730312347
      ** Copyright 2017-2022 Xilinx, Inc. All Rights Reserved.
      ** Copyright 2022-2026 Advanced Micro Devices, Inc. All Rights Reserved.



connect_hw_server: Time (s): cpu = 00:00:01 ; elapsed = 00:00:10 . Memory (MB): peak = 1512.398 ; gain = 0.000
open_hw_target
INFO: [Labtoolstcl 44-466] Opening hw_target localhost:3121/xilinx_tcf/Digilent/210393BB58A7A
set_property PROGRAM.FILE {Z:/DAT096/DAT096-krish/Embedded-System-Project-DAT096-krishna/Board_2/Board_2/Board_2.runs/impl_1/design_2_wrapper.bit} [get_hw_devices xc7z020_1]
set_property PROBES.FILE {Z:/DAT096/DAT096-krish/Embedded-System-Project-DAT096-krishna/Board_2/Board_2/Board_2.runs/impl_1/design_2_wrapper.ltx} [get_hw_devices xc7z020_1]
set_property FULL_PROBES.FILE {Z:/DAT096/DAT096-krish/Embedded-System-Project-DAT096-krishna/Board_2/Board_2/Board_2.runs/impl_1/design_2_wrapper.ltx} [get_hw_devices xc7z020_1]
current_hw_device [get_hw_devices xc7z020_1]
refresh_hw_device [lindex [get_hw_devices xc7z020_1] 0]
INFO: [Labtools 27-2302] Device xc7z020 (JTAG device index = 1) is programmed with a design that has 1 ILA core(s).
WARNING: [Labtools 27-3413] Dropping logic core with cellname:'design_2_i/vio_0' at location 'uuid_7742F34885D45253B40A3E0B57F8E211' from probes file, since it cannot be found on the programmed device.
WARNING: [Labtools 27-3413] Dropping logic core with cellname:'design_2_i/vio_1' at location 'uuid_B237539FF7A253DD97DA11DF8055EA71' from probes file, since it cannot be found on the programmed device.
WARNING: [Labtools 27-3222] Mismatch between the design programmed into the device xc7z020 (JTAG device index = 1) and the probes file(s) Z:/DAT096/DAT096-krish/Embedded-System-Project-DAT096-krishna/Board_2/Board_2/Board_2.runs/impl_1/design_2_wrapper.ltx.
 The hw_probe  in the probes file has port index 7. This port does not exist in the ILA core at location (uuid_F2A5A0E152865171A222BF15ACEC5622).
close_hw_target {localhost:3121/xilinx_tcf/Digilent/210393BB58A7A}
INFO: [Labtoolstcl 44-464] Closing hw_target localhost:3121/xilinx_tcf/Digilent/210393BB58A7A
open_hw_target {localhost:3121/xilinx_tcf/Digilent/210393BB58C1A}
INFO: [Labtoolstcl 44-466] Opening hw_target localhost:3121/xilinx_tcf/Digilent/210393BB58C1A
set_property PROGRAM.FILE {Z:/DAT096/DAT096-krish/Embedded-System-Project-DAT096-krishna/Board_2/Board_2/Board_2.runs/impl_1/design_2_wrapper.bit} [get_hw_devices xc7z020_1_1]
set_property PROBES.FILE {Z:/DAT096/DAT096-krish/Embedded-System-Project-DAT096-krishna/Board_2/Board_2/Board_2.runs/impl_1/design_2_wrapper.ltx} [get_hw_devices xc7z020_1_1]
set_property FULL_PROBES.FILE {Z:/DAT096/DAT096-krish/Embedded-System-Project-DAT096-krishna/Board_2/Board_2/Board_2.runs/impl_1/design_2_wrapper.ltx} [get_hw_devices xc7z020_1_1]
current_hw_device [get_hw_devices xc7z020_1_1]
refresh_hw_device [lindex [get_hw_devices xc7z020_1_1] 0]
INFO: [Labtools 27-1434] Device xc7z020 (JTAG device index = 1) is programmed with a design that has no supported debug core(s) in it.
WARNING: [Labtools 27-3361] The debug hub core was not detected.
Resolution: 
1. Make sure the clock connected to the debug hub (dbg_hub) core is a free running clock and is active.
2. Make sure the BSCAN_SWITCH_USER_MASK device property in Vivado Hardware Manager reflects the user scan chain setting in the design and refresh the device.  To determine the user scan chain setting in the design, open the implemented design and use 'get_property C_USER_SCAN_CHAIN [get_debug_cores dbg_hub]'.
For more details on setting the scan chain property, consult the Vivado Debug and Programming User Guide (UG908).
WARNING: [Labtools 27-3413] Dropping logic core with cellname:'design_2_i/vio_0' at location 'uuid_7742F34885D45253B40A3E0B57F8E211' from probes file, since it cannot be found on the programmed device.
WARNING: [Labtools 27-3413] Dropping logic core with cellname:'design_2_i/vio_1' at location 'uuid_B237539FF7A253DD97DA11DF8055EA71' from probes file, since it cannot be found on the programmed device.
WARNING: [Labtools 27-3413] Dropping logic core with cellname:'design_2_i/ila_0' at location 'uuid_F2A5A0E152865171A222BF15ACEC5622' from probes file, since it cannot be found on the programmed device.
open_bd_design {Z:/DAT096/DAT096-krish/Embedded-System-Project-DAT096-krishna/Board_2/Board_2/Board_2.srcs/sources_1/bd/design_2/design_2.bd}
connect_bd_net [get_bd_pins top_awgn_0/awgn_re_dbg] [get_bd_pins vcsel_conv_0/noise_data]
save_bd_design
Wrote  : <Z:\DAT096\DAT096-krish\Embedded-System-Project-DAT096-krishna\Board_2\Board_2\Board_2.srcs\sources_1\bd\design_2\design_2.bd> 
Wrote  : <Z:/DAT096/DAT096-krish/Embedded-System-Project-DAT096-krishna/Board_2/Board_2/Board_2.srcs/sources_1/bd/design_2/ui/bd_1fdbff51.ui> 
reset_run synth_1
INFO: [Project 1-1161] Replacing file Z:/DAT096/DAT096-krish/Embedded-System-Project-DAT096-krishna/Board_2/Board_2/Board_2.srcs/utils_1/imports/synth_1/design_2_wrapper.dcp with file Z:/DAT096/DAT096-krish/Embedded-System-Project-DAT096-krishna/Board_2/Board_2/Board_2.runs/synth_1/design_2_wrapper.dcp
WARNING: [Vivado 12-1017] Problems encountered:
1. Failed to delete one or more files in run directory Z:/DAT096/DAT096-krish/Embedded-System-Project-DAT096-krishna/Board_2/Board_2/Board_2.runs/synth_1

launch_runs impl_1 -to_step write_bitstream -jobs 28
WARNING: [BD 41-2670] Found an incomplete address path from address space '/processing_system7_0/Data' to master interface '/processing_system7_0/M_AXI_GP0'. Please either complete or remove this path to resolve.
WARNING: [BD 5-699] No address segments matched 'get_bd_addr_segs -of_objects /processing_system7_0/Data'
ERROR: [Common 17-161] Invalid option value '' specified for 'object'.
ERROR: [BD 41-1273] Error running propagate TCL procedure: ERROR: [Common 17-161] Invalid option value '' specified for 'object'.
    ::xilinx.com_ip_ila_6.2::propagate Line 95
INFO: [xilinx.com:ip:clk_wiz:6.0-1] /clk_wiz_0 clk_wiz propagate
Wrote  : <Z:\DAT096\DAT096-krish\Embedded-System-Project-DAT096-krishna\Board_2\Board_2\Board_2.srcs\sources_1\bd\design_2\design_2.bd> 
VHDL Output written to : z:/DAT096/DAT096-krish/Embedded-System-Project-DAT096-krishna/Board_2/Board_2/Board_2.gen/sources_1/bd/design_2/synth/design_2.vhd
VHDL Output written to : z:/DAT096/DAT096-krish/Embedded-System-Project-DAT096-krishna/Board_2/Board_2/Board_2.gen/sources_1/bd/design_2/sim/design_2.vhd
VHDL Output written to : z:/DAT096/DAT096-krish/Embedded-System-Project-DAT096-krishna/Board_2/Board_2/Board_2.gen/sources_1/bd/design_2/hdl/design_2_wrapper.vhd
Exporting to file z:/DAT096/DAT096-krish/Embedded-System-Project-DAT096-krishna/Board_2/Board_2/Board_2.gen/sources_1/bd/design_2/hw_handoff/design_2.hwh
Generated Hardware Definition File z:/DAT096/DAT096-krish/Embedded-System-Project-DAT096-krishna/Board_2/Board_2/Board_2.gen/sources_1/bd/design_2/synth/design_2.hwdef
ERROR: [Vivado 12-4756] Launch of runs aborted due to earlier errors while preparing sub-designs for run execution.
launch_runs impl_1 -to_step write_bitstream -jobs 28
[Wed May 27 20:35:06 2026] Launched synth_1...
Run output will be captured here: Z:/DAT096/DAT096-krish/Embedded-System-Project-DAT096-krishna/Board_2/Board_2/Board_2.runs/synth_1/runme.log
[Wed May 27 20:35:06 2026] Launched impl_1...
Run output will be captured here: Z:/DAT096/DAT096-krish/Embedded-System-Project-DAT096-krishna/Board_2/Board_2/Board_2.runs/impl_1/runme.log
set_property PROBES.FILE {Z:/DAT096/DAT096-krish/Embedded-System-Project-DAT096-krishna/Board_2/Board_2/Board_2.runs/impl_1/design_2_wrapper.ltx} [get_hw_devices xc7z020_1_1]
set_property FULL_PROBES.FILE {Z:/DAT096/DAT096-krish/Embedded-System-Project-DAT096-krishna/Board_2/Board_2/Board_2.runs/impl_1/design_2_wrapper.ltx} [get_hw_devices xc7z020_1_1]
set_property PROGRAM.FILE {Z:/DAT096/DAT096-krish/Embedded-System-Project-DAT096-krishna/Board_2/Board_2/Board_2.runs/impl_1/design_2_wrapper.bit} [get_hw_devices xc7z020_1_1]
program_hw_devices [get_hw_devices xc7z020_1_1]
INFO: [Labtools 27-3164] End of startup status: HIGH
refresh_hw_device [lindex [get_hw_devices xc7z020_1_1] 0]
INFO: [Labtools 27-2302] Device xc7z020 (JTAG device index = 1) is programmed with a design that has 1 ILA core(s).
INFO: [Labtools 27-2302] Device xc7z020 (JTAG device index = 1) is programmed with a design that has 2 VIO core(s).
WARNING: [Labtools 27-1952] VIO hw_probe OUTPUT_VALUE properties for hw_vio(s) [hw_vio_1 hw_vio_2] differ from output values in the VIO core(s).
Resolution: 
To synchronize the hw_probes properties and the VIO core outputs choose one of the following alternatives:
  1) Execute the command 'Commit Output Values to VIO Core', to write down the hw_probe values to the core.
  2) Execute the command 'Refresh Input and Output Values from VIO Core', to update the hw_probe properties with the core values.
  3) First restore initial values in the core with the command 'Reset VIO Core Outputs', and then execute the command 'Refresh Input and Output Values from VIO Core'.
display_hw_ila_data [ get_hw_ila_data hw_ila_data_1 -of_objects [get_hw_ilas -of_objects [get_hw_devices xc7z020_1_1] -filter {CELL_NAME=~"design_2_i/ila_0"}]]
run_hw_ila [get_hw_ilas -of_objects [get_hw_devices xc7z020_1_1] -filter {CELL_NAME=~"design_2_i/ila_0"}]
INFO: [Labtools 27-1964] The ILA core 'hw_ila_1' trigger was armed at 2026-May-27 20:38:34
wait_on_hw_ila [get_hw_ilas -of_objects [get_hw_devices xc7z020_1_1] -filter {CELL_NAME=~"design_2_i/ila_0"}]
display_hw_ila_data [upload_hw_ila_data [get_hw_ilas -of_objects [get_hw_devices xc7z020_1_1] -filter {CELL_NAME=~"design_2_i/ila_0"}]]
INFO: [Labtools 27-1966] The ILA core 'hw_ila_1' triggered at 2026-May-27 20:38:34
INFO: [Labtools 27-3304] ILA Waveform data saved to file Z:/DAT096/DAT096-krish/Embedded-System-Project-DAT096-krishna/Board_2/Board_2/Board_2.hw/backup/hw_ila_data_1.ila. Use Tcl command 'read_hw_ila_data' or Vivado File->Import->Import ILA Data menu item to import the previously saved data.
run_hw_ila [get_hw_ilas -of_objects [get_hw_devices xc7z020_1_1] -filter {CELL_NAME=~"design_2_i/ila_0"}]
INFO: [Labtools 27-1964] The ILA core 'hw_ila_1' trigger was armed at 2026-May-27 20:38:37
wait_on_hw_ila [get_hw_ilas -of_objects [get_hw_devices xc7z020_1_1] -filter {CELL_NAME=~"design_2_i/ila_0"}]
display_hw_ila_data [upload_hw_ila_data [get_hw_ilas -of_objects [get_hw_devices xc7z020_1_1] -filter {CELL_NAME=~"design_2_i/ila_0"}]]
INFO: [Labtools 27-1966] The ILA core 'hw_ila_1' triggered at 2026-May-27 20:38:37
INFO: [Labtools 27-3304] ILA Waveform data saved to file Z:/DAT096/DAT096-krish/Embedded-System-Project-DAT096-krishna/Board_2/Board_2/Board_2.hw/backup/hw_ila_data_1.ila. Use Tcl command 'read_hw_ila_data' or Vivado File->Import->Import ILA Data menu item to import the previously saved data.
run_hw_ila [get_hw_ilas -of_objects [get_hw_devices xc7z020_1_1] -filter {CELL_NAME=~"design_2_i/ila_0"}]
INFO: [Labtools 27-1964] The ILA core 'hw_ila_1' trigger was armed at 2026-May-27 20:39:19
wait_on_hw_ila [get_hw_ilas -of_objects [get_hw_devices xc7z020_1_1] -filter {CELL_NAME=~"design_2_i/ila_0"}]
display_hw_ila_data [upload_hw_ila_data [get_hw_ilas -of_objects [get_hw_devices xc7z020_1_1] -filter {CELL_NAME=~"design_2_i/ila_0"}]]
INFO: [Labtools 27-1966] The ILA core 'hw_ila_1' triggered at 2026-May-27 20:39:19
INFO: [Labtools 27-3304] ILA Waveform data saved to file Z:/DAT096/DAT096-krish/Embedded-System-Project-DAT096-krishna/Board_2/Board_2/Board_2.hw/backup/hw_ila_data_1.ila. Use Tcl command 'read_hw_ila_data' or Vivado File->Import->Import ILA Data menu item to import the previously saved data.
run_hw_ila [get_hw_ilas -of_objects [get_hw_devices xc7z020_1_1] -filter {CELL_NAME=~"design_2_i/ila_0"}]
INFO: [Labtools 27-1964] The ILA core 'hw_ila_1' trigger was armed at 2026-May-27 20:39:50
wait_on_hw_ila [get_hw_ilas -of_objects [get_hw_devices xc7z020_1_1] -filter {CELL_NAME=~"design_2_i/ila_0"}]
display_hw_ila_data [upload_hw_ila_data [get_hw_ilas -of_objects [get_hw_devices xc7z020_1_1] -filter {CELL_NAME=~"design_2_i/ila_0"}]]
INFO: [Labtools 27-1966] The ILA core 'hw_ila_1' triggered at 2026-May-27 20:39:50
INFO: [Labtools 27-3304] ILA Waveform data saved to file Z:/DAT096/DAT096-krish/Embedded-System-Project-DAT096-krishna/Board_2/Board_2/Board_2.hw/backup/hw_ila_data_1.ila. Use Tcl command 'read_hw_ila_data' or Vivado File->Import->Import ILA Data menu item to import the previously saved data.
run_hw_ila [get_hw_ilas -of_objects [get_hw_devices xc7z020_1_1] -filter {CELL_NAME=~"design_2_i/ila_0"}]
INFO: [Labtools 27-1964] The ILA core 'hw_ila_1' trigger was armed at 2026-May-27 20:40:23
wait_on_hw_ila [get_hw_ilas -of_objects [get_hw_devices xc7z020_1_1] -filter {CELL_NAME=~"design_2_i/ila_0"}]
display_hw_ila_data [upload_hw_ila_data [get_hw_ilas -of_objects [get_hw_devices xc7z020_1_1] -filter {CELL_NAME=~"design_2_i/ila_0"}]]
INFO: [Labtools 27-1966] The ILA core 'hw_ila_1' triggered at 2026-May-27 20:40:23
INFO: [Labtools 27-3304] ILA Waveform data saved to file Z:/DAT096/DAT096-krish/Embedded-System-Project-DAT096-krishna/Board_2/Board_2/Board_2.hw/backup/hw_ila_data_1.ila. Use Tcl command 'read_hw_ila_data' or Vivado File->Import->Import ILA Data menu item to import the previously saved data.
run_hw_ila [get_hw_ilas -of_objects [get_hw_devices xc7z020_1_1] -filter {CELL_NAME=~"design_2_i/ila_0"}]
INFO: [Labtools 27-1964] The ILA core 'hw_ila_1' trigger was armed at 2026-May-27 20:40:26
wait_on_hw_ila [get_hw_ilas -of_objects [get_hw_devices xc7z020_1_1] -filter {CELL_NAME=~"design_2_i/ila_0"}]
display_hw_ila_data [upload_hw_ila_data [get_hw_ilas -of_objects [get_hw_devices xc7z020_1_1] -filter {CELL_NAME=~"design_2_i/ila_0"}]]
INFO: [Labtools 27-1966] The ILA core 'hw_ila_1' triggered at 2026-May-27 20:40:26
INFO: [Labtools 27-3304] ILA Waveform data saved to file Z:/DAT096/DAT096-krish/Embedded-System-Project-DAT096-krishna/Board_2/Board_2/Board_2.hw/backup/hw_ila_data_1.ila. Use Tcl command 'read_hw_ila_data' or Vivado File->Import->Import ILA Data menu item to import the previously saved data.
run_hw_ila [get_hw_ilas -of_objects [get_hw_devices xc7z020_1_1] -filter {CELL_NAME=~"design_2_i/ila_0"}]
INFO: [Labtools 27-1964] The ILA core 'hw_ila_1' trigger was armed at 2026-May-27 20:40:27
wait_on_hw_ila [get_hw_ilas -of_objects [get_hw_devices xc7z020_1_1] -filter {CELL_NAME=~"design_2_i/ila_0"}]
display_hw_ila_data [upload_hw_ila_data [get_hw_ilas -of_objects [get_hw_devices xc7z020_1_1] -filter {CELL_NAME=~"design_2_i/ila_0"}]]
INFO: [Labtools 27-1966] The ILA core 'hw_ila_1' triggered at 2026-May-27 20:40:27
INFO: [Labtools 27-3304] ILA Waveform data saved to file Z:/DAT096/DAT096-krish/Embedded-System-Project-DAT096-krishna/Board_2/Board_2/Board_2.hw/backup/hw_ila_data_1.ila. Use Tcl command 'read_hw_ila_data' or Vivado File->Import->Import ILA Data menu item to import the previously saved data.
run_hw_ila [get_hw_ilas -of_objects [get_hw_devices xc7z020_1_1] -filter {CELL_NAME=~"design_2_i/ila_0"}]
INFO: [Labtools 27-1964] The ILA core 'hw_ila_1' trigger was armed at 2026-May-27 20:40:49
wait_on_hw_ila [get_hw_ilas -of_objects [get_hw_devices xc7z020_1_1] -filter {CELL_NAME=~"design_2_i/ila_0"}]
display_hw_ila_data [upload_hw_ila_data [get_hw_ilas -of_objects [get_hw_devices xc7z020_1_1] -filter {CELL_NAME=~"design_2_i/ila_0"}]]
INFO: [Labtools 27-1966] The ILA core 'hw_ila_1' triggered at 2026-May-27 20:40:49
INFO: [Labtools 27-3304] ILA Waveform data saved to file Z:/DAT096/DAT096-krish/Embedded-System-Project-DAT096-krishna/Board_2/Board_2/Board_2.hw/backup/hw_ila_data_1.ila. Use Tcl command 'read_hw_ila_data' or Vivado File->Import->Import ILA Data menu item to import the previously saved data.
run_hw_ila [get_hw_ilas -of_objects [get_hw_devices xc7z020_1_1] -filter {CELL_NAME=~"design_2_i/ila_0"}]
INFO: [Labtools 27-1964] The ILA core 'hw_ila_1' trigger was armed at 2026-May-27 20:41:14
wait_on_hw_ila [get_hw_ilas -of_objects [get_hw_devices xc7z020_1_1] -filter {CELL_NAME=~"design_2_i/ila_0"}]
display_hw_ila_data [upload_hw_ila_data [get_hw_ilas -of_objects [get_hw_devices xc7z020_1_1] -filter {CELL_NAME=~"design_2_i/ila_0"}]]
INFO: [Labtools 27-1966] The ILA core 'hw_ila_1' triggered at 2026-May-27 20:41:14
INFO: [Labtools 27-3304] ILA Waveform data saved to file Z:/DAT096/DAT096-krish/Embedded-System-Project-DAT096-krishna/Board_2/Board_2/Board_2.hw/backup/hw_ila_data_1.ila. Use Tcl command 'read_hw_ila_data' or Vivado File->Import->Import ILA Data menu item to import the previously saved data.
run_hw_ila [get_hw_ilas -of_objects [get_hw_devices xc7z020_1_1] -filter {CELL_NAME=~"design_2_i/ila_0"}]
INFO: [Labtools 27-1964] The ILA core 'hw_ila_1' trigger was armed at 2026-May-27 20:41:16
wait_on_hw_ila [get_hw_ilas -of_objects [get_hw_devices xc7z020_1_1] -filter {CELL_NAME=~"design_2_i/ila_0"}]
display_hw_ila_data [upload_hw_ila_data [get_hw_ilas -of_objects [get_hw_devices xc7z020_1_1] -filter {CELL_NAME=~"design_2_i/ila_0"}]]
INFO: [Labtools 27-1966] The ILA core 'hw_ila_1' triggered at 2026-May-27 20:41:16
INFO: [Labtools 27-3304] ILA Waveform data saved to file Z:/DAT096/DAT096-krish/Embedded-System-Project-DAT096-krishna/Board_2/Board_2/Board_2.hw/backup/hw_ila_data_1.ila. Use Tcl command 'read_hw_ila_data' or Vivado File->Import->Import ILA Data menu item to import the previously saved data.
save_wave_config {Z:/DAT096/DAT096-krish/Embedded-System-Project-DAT096-krishna/Board_2/Board_2/Board_2.hw/hw_1/wave/hw_ila_data_1/hw_ila_data_1.wcfg}
close_hw_manager
open_hw_manager
connect_hw_server -allow_non_jtag
INFO: [Labtools 27-2285] Connecting to hw_server url TCP:localhost:3121
INFO: [Labtools 27-3415] Connecting to cs_server url TCP:localhost:0
INFO: [Labtools 27-3417] Launching cs_server...
INFO: [Labtools 27-2221] Launch Output:


******** Xilinx cs_server v2024.2.0
  ****** Build date   : Oct 30 2024-19:19:07
    **** Build number : 2024.2.1730312347
      ** Copyright 2017-2022 Xilinx, Inc. All Rights Reserved.
      ** Copyright 2022-2026 Advanced Micro Devices, Inc. All Rights Reserved.



connect_hw_server: Time (s): cpu = 00:00:01 ; elapsed = 00:00:11 . Memory (MB): peak = 1599.027 ; gain = 0.000
open_hw_target
INFO: [Labtoolstcl 44-466] Opening hw_target localhost:3121/xilinx_tcf/Digilent/210393BB58A7A
set_property PROGRAM.FILE {Z:/DAT096/DAT096-krish/Embedded-System-Project-DAT096-krishna/Board_2/Board_2/Board_2.runs/impl_1/design_2_wrapper.bit} [get_hw_devices xc7z020_1]
set_property PROBES.FILE {Z:/DAT096/DAT096-krish/Embedded-System-Project-DAT096-krishna/Board_2/Board_2/Board_2.runs/impl_1/design_2_wrapper.ltx} [get_hw_devices xc7z020_1]
set_property FULL_PROBES.FILE {Z:/DAT096/DAT096-krish/Embedded-System-Project-DAT096-krishna/Board_2/Board_2/Board_2.runs/impl_1/design_2_wrapper.ltx} [get_hw_devices xc7z020_1]
current_hw_device [get_hw_devices xc7z020_1]
refresh_hw_device [lindex [get_hw_devices xc7z020_1] 0]
INFO: [Labtools 27-2302] Device xc7z020 (JTAG device index = 1) is programmed with a design that has 1 ILA core(s).
WARNING: [Labtools 27-3413] Dropping logic core with cellname:'design_2_i/vio_0' at location 'uuid_7742F34885D45253B40A3E0B57F8E211' from probes file, since it cannot be found on the programmed device.
WARNING: [Labtools 27-3413] Dropping logic core with cellname:'design_2_i/vio_1' at location 'uuid_B237539FF7A253DD97DA11DF8055EA71' from probes file, since it cannot be found on the programmed device.
WARNING: [Labtools 27-3222] Mismatch between the design programmed into the device xc7z020 (JTAG device index = 1) and the probes file(s) Z:/DAT096/DAT096-krish/Embedded-System-Project-DAT096-krishna/Board_2/Board_2/Board_2.runs/impl_1/design_2_wrapper.ltx.
 The hw_probe  in the probes file has port index 7. This port does not exist in the ILA core at location (uuid_F2A5A0E152865171A222BF15ACEC5622).
close_hw_target {localhost:3121/xilinx_tcf/Digilent/210393BB58A7A}
INFO: [Labtoolstcl 44-464] Closing hw_target localhost:3121/xilinx_tcf/Digilent/210393BB58A7A
open_hw_target {localhost:3121/xilinx_tcf/Digilent/210393BB58C1A}
INFO: [Labtoolstcl 44-466] Opening hw_target localhost:3121/xilinx_tcf/Digilent/210393BB58C1A
set_property PROGRAM.FILE {Z:/DAT096/DAT096-krish/Embedded-System-Project-DAT096-krishna/Board_2/Board_2/Board_2.runs/impl_1/design_2_wrapper.bit} [get_hw_devices xc7z020_1_1]
set_property PROBES.FILE {Z:/DAT096/DAT096-krish/Embedded-System-Project-DAT096-krishna/Board_2/Board_2/Board_2.runs/impl_1/design_2_wrapper.ltx} [get_hw_devices xc7z020_1_1]
set_property FULL_PROBES.FILE {Z:/DAT096/DAT096-krish/Embedded-System-Project-DAT096-krishna/Board_2/Board_2/Board_2.runs/impl_1/design_2_wrapper.ltx} [get_hw_devices xc7z020_1_1]
current_hw_device [get_hw_devices xc7z020_1_1]
refresh_hw_device [lindex [get_hw_devices xc7z020_1_1] 0]
INFO: [Labtools 27-2302] Device xc7z020 (JTAG device index = 1) is programmed with a design that has 1 ILA core(s).
INFO: [Labtools 27-2302] Device xc7z020 (JTAG device index = 1) is programmed with a design that has 2 VIO core(s).
WARNING: [Labtools 27-1952] VIO hw_probe OUTPUT_VALUE properties for hw_vio(s) [hw_vio_1 hw_vio_2] differ from output values in the VIO core(s).
Resolution: 
To synchronize the hw_probes properties and the VIO core outputs choose one of the following alternatives:
  1) Execute the command 'Commit Output Values to VIO Core', to write down the hw_probe values to the core.
  2) Execute the command 'Refresh Input and Output Values from VIO Core', to update the hw_probe properties with the core values.
  3) First restore initial values in the core with the command 'Reset VIO Core Outputs', and then execute the command 'Refresh Input and Output Values from VIO Core'.
display_hw_ila_data [ get_hw_ila_data hw_ila_data_1 -of_objects [get_hw_ilas -of_objects [get_hw_devices xc7z020_1_1] -filter {CELL_NAME=~"design_2_i/ila_0"}]]
set_property PROBES.FILE {Z:/DAT096/DAT096-krish/Embedded-System-Project-DAT096-krishna/Board_2/Board_2/Board_2.runs/impl_1/design_2_wrapper.ltx} [get_hw_devices xc7z020_1_1]
set_property FULL_PROBES.FILE {Z:/DAT096/DAT096-krish/Embedded-System-Project-DAT096-krishna/Board_2/Board_2/Board_2.runs/impl_1/design_2_wrapper.ltx} [get_hw_devices xc7z020_1_1]
set_property PROGRAM.FILE {Z:/DAT096/DAT096-krish/Embedded-System-Project-DAT096-krishna/Board_2/Board_2/Board_2.runs/impl_1/design_2_wrapper.bit} [get_hw_devices xc7z020_1_1]
program_hw_devices [get_hw_devices xc7z020_1_1]
INFO: [Labtools 27-3164] End of startup status: HIGH
refresh_hw_device [lindex [get_hw_devices xc7z020_1_1] 0]
INFO: [Labtools 27-2302] Device xc7z020 (JTAG device index = 1) is programmed with a design that has 1 ILA core(s).
INFO: [Labtools 27-2302] Device xc7z020 (JTAG device index = 1) is programmed with a design that has 2 VIO core(s).
WARNING: [Labtools 27-1952] VIO hw_probe OUTPUT_VALUE properties for hw_vio(s) [hw_vio_1 hw_vio_2] differ from output values in the VIO core(s).
Resolution: 
To synchronize the hw_probes properties and the VIO core outputs choose one of the following alternatives:
  1) Execute the command 'Commit Output Values to VIO Core', to write down the hw_probe values to the core.
  2) Execute the command 'Refresh Input and Output Values from VIO Core', to update the hw_probe properties with the core values.
  3) First restore initial values in the core with the command 'Reset VIO Core Outputs', and then execute the command 'Refresh Input and Output Values from VIO Core'.
run_hw_ila [get_hw_ilas -of_objects [get_hw_devices xc7z020_1_1] -filter {CELL_NAME=~"design_2_i/ila_0"}]
INFO: [Labtools 27-1964] The ILA core 'hw_ila_1' trigger was armed at 2026-May-27 20:41:49
wait_on_hw_ila [get_hw_ilas -of_objects [get_hw_devices xc7z020_1_1] -filter {CELL_NAME=~"design_2_i/ila_0"}]
display_hw_ila_data [upload_hw_ila_data [get_hw_ilas -of_objects [get_hw_devices xc7z020_1_1] -filter {CELL_NAME=~"design_2_i/ila_0"}]]
INFO: [Labtools 27-1966] The ILA core 'hw_ila_1' triggered at 2026-May-27 20:41:49
INFO: [Labtools 27-3304] ILA Waveform data saved to file Z:/DAT096/DAT096-krish/Embedded-System-Project-DAT096-krishna/Board_2/Board_2/Board_2.hw/backup/hw_ila_data_1.ila. Use Tcl command 'read_hw_ila_data' or Vivado File->Import->Import ILA Data menu item to import the previously saved data.
run_hw_ila [get_hw_ilas -of_objects [get_hw_devices xc7z020_1_1] -filter {CELL_NAME=~"design_2_i/ila_0"}]
INFO: [Labtools 27-1964] The ILA core 'hw_ila_1' trigger was armed at 2026-May-27 20:42:04
wait_on_hw_ila [get_hw_ilas -of_objects [get_hw_devices xc7z020_1_1] -filter {CELL_NAME=~"design_2_i/ila_0"}]
display_hw_ila_data [upload_hw_ila_data [get_hw_ilas -of_objects [get_hw_devices xc7z020_1_1] -filter {CELL_NAME=~"design_2_i/ila_0"}]]
INFO: [Labtools 27-1966] The ILA core 'hw_ila_1' triggered at 2026-May-27 20:42:04
INFO: [Labtools 27-3304] ILA Waveform data saved to file Z:/DAT096/DAT096-krish/Embedded-System-Project-DAT096-krishna/Board_2/Board_2/Board_2.hw/backup/hw_ila_data_1.ila. Use Tcl command 'read_hw_ila_data' or Vivado File->Import->Import ILA Data menu item to import the previously saved data.
run_hw_ila [get_hw_ilas -of_objects [get_hw_devices xc7z020_1_1] -filter {CELL_NAME=~"design_2_i/ila_0"}]
INFO: [Labtools 27-1964] The ILA core 'hw_ila_1' trigger was armed at 2026-May-27 20:42:07
wait_on_hw_ila [get_hw_ilas -of_objects [get_hw_devices xc7z020_1_1] -filter {CELL_NAME=~"design_2_i/ila_0"}]
display_hw_ila_data [upload_hw_ila_data [get_hw_ilas -of_objects [get_hw_devices xc7z020_1_1] -filter {CELL_NAME=~"design_2_i/ila_0"}]]
INFO: [Labtools 27-1966] The ILA core 'hw_ila_1' triggered at 2026-May-27 20:42:07
INFO: [Labtools 27-3304] ILA Waveform data saved to file Z:/DAT096/DAT096-krish/Embedded-System-Project-DAT096-krishna/Board_2/Board_2/Board_2.hw/backup/hw_ila_data_1.ila. Use Tcl command 'read_hw_ila_data' or Vivado File->Import->Import ILA Data menu item to import the previously saved data.
run_hw_ila [get_hw_ilas -of_objects [get_hw_devices xc7z020_1_1] -filter {CELL_NAME=~"design_2_i/ila_0"}]
INFO: [Labtools 27-1964] The ILA core 'hw_ila_1' trigger was armed at 2026-May-27 20:42:32
wait_on_hw_ila [get_hw_ilas -of_objects [get_hw_devices xc7z020_1_1] -filter {CELL_NAME=~"design_2_i/ila_0"}]
display_hw_ila_data [upload_hw_ila_data [get_hw_ilas -of_objects [get_hw_devices xc7z020_1_1] -filter {CELL_NAME=~"design_2_i/ila_0"}]]
INFO: [Labtools 27-1966] The ILA core 'hw_ila_1' triggered at 2026-May-27 20:42:32
INFO: [Labtools 27-3304] ILA Waveform data saved to file Z:/DAT096/DAT096-krish/Embedded-System-Project-DAT096-krishna/Board_2/Board_2/Board_2.hw/backup/hw_ila_data_1.ila. Use Tcl command 'read_hw_ila_data' or Vivado File->Import->Import ILA Data menu item to import the previously saved data.
run_hw_ila [get_hw_ilas -of_objects [get_hw_devices xc7z020_1_1] -filter {CELL_NAME=~"design_2_i/ila_0"}]
INFO: [Labtools 27-1964] The ILA core 'hw_ila_1' trigger was armed at 2026-May-27 20:42:46
wait_on_hw_ila [get_hw_ilas -of_objects [get_hw_devices xc7z020_1_1] -filter {CELL_NAME=~"design_2_i/ila_0"}]
display_hw_ila_data [upload_hw_ila_data [get_hw_ilas -of_objects [get_hw_devices xc7z020_1_1] -filter {CELL_NAME=~"design_2_i/ila_0"}]]
INFO: [Labtools 27-1966] The ILA core 'hw_ila_1' triggered at 2026-May-27 20:42:46
INFO: [Labtools 27-3304] ILA Waveform data saved to file Z:/DAT096/DAT096-krish/Embedded-System-Project-DAT096-krishna/Board_2/Board_2/Board_2.hw/backup/hw_ila_data_1.ila. Use Tcl command 'read_hw_ila_data' or Vivado File->Import->Import ILA Data menu item to import the previously saved data.
run_hw_ila [get_hw_ilas -of_objects [get_hw_devices xc7z020_1_1] -filter {CELL_NAME=~"design_2_i/ila_0"}]
INFO: [Labtools 27-1964] The ILA core 'hw_ila_1' trigger was armed at 2026-May-27 20:43:55
wait_on_hw_ila [get_hw_ilas -of_objects [get_hw_devices xc7z020_1_1] -filter {CELL_NAME=~"design_2_i/ila_0"}]
display_hw_ila_data [upload_hw_ila_data [get_hw_ilas -of_objects [get_hw_devices xc7z020_1_1] -filter {CELL_NAME=~"design_2_i/ila_0"}]]
INFO: [Labtools 27-1966] The ILA core 'hw_ila_1' triggered at 2026-May-27 20:43:55
INFO: [Labtools 27-3304] ILA Waveform data saved to file Z:/DAT096/DAT096-krish/Embedded-System-Project-DAT096-krishna/Board_2/Board_2/Board_2.hw/backup/hw_ila_data_1.ila. Use Tcl command 'read_hw_ila_data' or Vivado File->Import->Import ILA Data menu item to import the previously saved data.
set_property OUTPUT_VALUE 6 [get_hw_probes design_2_i/vio_0_probe_out0 -of_objects [get_hw_vios -of_objects [get_hw_devices xc7z020_1_1] -filter {CELL_NAME=~"design_2_i/vio_0"}]]
commit_hw_vio [get_hw_probes {design_2_i/vio_0_probe_out0} -of_objects [get_hw_vios -of_objects [get_hw_devices xc7z020_1_1] -filter {CELL_NAME=~"design_2_i/vio_0"}]]
set_property OUTPUT_VALUE 2 [get_hw_probes design_2_i/vio_0_probe_out0 -of_objects [get_hw_vios -of_objects [get_hw_devices xc7z020_1_1] -filter {CELL_NAME=~"design_2_i/vio_0"}]]
commit_hw_vio [get_hw_probes {design_2_i/vio_0_probe_out0} -of_objects [get_hw_vios -of_objects [get_hw_devices xc7z020_1_1] -filter {CELL_NAME=~"design_2_i/vio_0"}]]
set_property OUTPUT_VALUE 0 [get_hw_probes design_2_i/vio_0_probe_out0 -of_objects [get_hw_vios -of_objects [get_hw_devices xc7z020_1_1] -filter {CELL_NAME=~"design_2_i/vio_0"}]]
commit_hw_vio [get_hw_probes {design_2_i/vio_0_probe_out0} -of_objects [get_hw_vios -of_objects [get_hw_devices xc7z020_1_1] -filter {CELL_NAME=~"design_2_i/vio_0"}]]
set_property OUTPUT_VALUE 1 [get_hw_probes design_2_i/vio_0_probe_out0 -of_objects [get_hw_vios -of_objects [get_hw_devices xc7z020_1_1] -filter {CELL_NAME=~"design_2_i/vio_0"}]]
commit_hw_vio [get_hw_probes {design_2_i/vio_0_probe_out0} -of_objects [get_hw_vios -of_objects [get_hw_devices xc7z020_1_1] -filter {CELL_NAME=~"design_2_i/vio_0"}]]
set_property OUTPUT_VALUE 0 [get_hw_probes design_2_i/vio_0_probe_out0 -of_objects [get_hw_vios -of_objects [get_hw_devices xc7z020_1_1] -filter {CELL_NAME=~"design_2_i/vio_0"}]]
commit_hw_vio [get_hw_probes {design_2_i/vio_0_probe_out0} -of_objects [get_hw_vios -of_objects [get_hw_devices xc7z020_1_1] -filter {CELL_NAME=~"design_2_i/vio_0"}]]
set_property OUTPUT_VALUE 2 [get_hw_probes design_2_i/vio_0_probe_out0 -of_objects [get_hw_vios -of_objects [get_hw_devices xc7z020_1_1] -filter {CELL_NAME=~"design_2_i/vio_0"}]]
commit_hw_vio [get_hw_probes {design_2_i/vio_0_probe_out0} -of_objects [get_hw_vios -of_objects [get_hw_devices xc7z020_1_1] -filter {CELL_NAME=~"design_2_i/vio_0"}]]
set_property OUTPUT_VALUE 3 [get_hw_probes design_2_i/vio_0_probe_out0 -of_objects [get_hw_vios -of_objects [get_hw_devices xc7z020_1_1] -filter {CELL_NAME=~"design_2_i/vio_0"}]]
commit_hw_vio [get_hw_probes {design_2_i/vio_0_probe_out0} -of_objects [get_hw_vios -of_objects [get_hw_devices xc7z020_1_1] -filter {CELL_NAME=~"design_2_i/vio_0"}]]
set_property OUTPUT_VALUE 1 [get_hw_probes design_2_i/vio_0_probe_out0 -of_objects [get_hw_vios -of_objects [get_hw_devices xc7z020_1_1] -filter {CELL_NAME=~"design_2_i/vio_0"}]]
commit_hw_vio [get_hw_probes {design_2_i/vio_0_probe_out0} -of_objects [get_hw_vios -of_objects [get_hw_devices xc7z020_1_1] -filter {CELL_NAME=~"design_2_i/vio_0"}]]
set_property OUTPUT_VALUE 0 [get_hw_probes design_2_i/vio_0_probe_out0 -of_objects [get_hw_vios -of_objects [get_hw_devices xc7z020_1_1] -filter {CELL_NAME=~"design_2_i/vio_0"}]]
commit_hw_vio [get_hw_probes {design_2_i/vio_0_probe_out0} -of_objects [get_hw_vios -of_objects [get_hw_devices xc7z020_1_1] -filter {CELL_NAME=~"design_2_i/vio_0"}]]
set_property OUTPUT_VALUE 4 [get_hw_probes design_2_i/vio_0_probe_out0 -of_objects [get_hw_vios -of_objects [get_hw_devices xc7z020_1_1] -filter {CELL_NAME=~"design_2_i/vio_0"}]]
commit_hw_vio [get_hw_probes {design_2_i/vio_0_probe_out0} -of_objects [get_hw_vios -of_objects [get_hw_devices xc7z020_1_1] -filter {CELL_NAME=~"design_2_i/vio_0"}]]
set_property OUTPUT_VALUE 0 [get_hw_probes design_2_i/vio_0_probe_out0 -of_objects [get_hw_vios -of_objects [get_hw_devices xc7z020_1_1] -filter {CELL_NAME=~"design_2_i/vio_0"}]]
commit_hw_vio [get_hw_probes {design_2_i/vio_0_probe_out0} -of_objects [get_hw_vios -of_objects [get_hw_devices xc7z020_1_1] -filter {CELL_NAME=~"design_2_i/vio_0"}]]
set_property OUTPUT_VALUE 1 [get_hw_probes design_2_i/vio_0_probe_out0 -of_objects [get_hw_vios -of_objects [get_hw_devices xc7z020_1_1] -filter {CELL_NAME=~"design_2_i/vio_0"}]]
commit_hw_vio [get_hw_probes {design_2_i/vio_0_probe_out0} -of_objects [get_hw_vios -of_objects [get_hw_devices xc7z020_1_1] -filter {CELL_NAME=~"design_2_i/vio_0"}]]
set_property OUTPUT_VALUE 0 [get_hw_probes design_2_i/vio_0_probe_out0 -of_objects [get_hw_vios -of_objects [get_hw_devices xc7z020_1_1] -filter {CELL_NAME=~"design_2_i/vio_0"}]]
commit_hw_vio [get_hw_probes {design_2_i/vio_0_probe_out0} -of_objects [get_hw_vios -of_objects [get_hw_devices xc7z020_1_1] -filter {CELL_NAME=~"design_2_i/vio_0"}]]
set_property OUTPUT_VALUE 2 [get_hw_probes design_2_i/vio_0_probe_out0 -of_objects [get_hw_vios -of_objects [get_hw_devices xc7z020_1_1] -filter {CELL_NAME=~"design_2_i/vio_0"}]]
commit_hw_vio [get_hw_probes {design_2_i/vio_0_probe_out0} -of_objects [get_hw_vios -of_objects [get_hw_devices xc7z020_1_1] -filter {CELL_NAME=~"design_2_i/vio_0"}]]
open_bd_design {Z:/DAT096/DAT096-krish/Embedded-System-Project-DAT096-krishna/Board_2/Board_2/Board_2.srcs/sources_1/bd/design_2/design_2.bd}
report_ip_status -name ip_status 
update_module_reference [get_ips  design_2_vcsel_conv_0_0]
INFO: [IP_Flow 19-5107] Inferred bus interface 'clk' of definition 'xilinx.com:signal:clock:1.0' (from Xilinx Repository).
WARNING: [IP_Flow 19-5661] Bus Interface 'clk' does not have any bus interfaces associated with it.
WARNING: [IP_Flow 19-11770] Clock interface 'clk' has no FREQ_HZ parameter.
WARNING: [IP_Flow 19-1663] Duplicate IP found for 'digilentinc.com:user:axi_i2s_adi:1.2'. The one found in IP location 'z:/DAT096/vivado-library-b0946605e3617c901635278b62d0f6a8e3942844/ip/axi_i2s_adi_1.2' will take precedence over the same IP in location z:/DAT096/vivado-library-master/ip/axi_i2s_adi_1.2
WARNING: [IP_Flow 19-1663] Duplicate IP found for 'digilentinc.com:IP:axi_ps2:1.0'. The one found in IP location 'z:/DAT096/vivado-library-b0946605e3617c901635278b62d0f6a8e3942844/ip/axi_ps2_1.0' will take precedence over the same IP in location z:/DAT096/vivado-library-master/ip/axi_ps2_1.0
WARNING: [IP_Flow 19-1663] Duplicate IP found for 'digilentinc.com:ip:clock_forwarder:1.1'. The one found in IP location 'z:/DAT096/vivado-library-b0946605e3617c901635278b62d0f6a8e3942844/ip/clock_forwarder' will take precedence over the same IP in location z:/DAT096/vivado-library-master/ip/clock_forwarder
WARNING: [IP_Flow 19-1663] Duplicate IP found for 'digilentinc.com:IP:hls_contrast_stretch:1.0'. The one found in IP location 'z:/DAT096/vivado-library-b0946605e3617c901635278b62d0f6a8e3942844/ip/hls_contrast_stretch_1_0' will take precedence over the same IP in location z:/DAT096/vivado-library-master/ip/hls_contrast_stretch_1_0
WARNING: [IP_Flow 19-1663] Duplicate IP found for 'digilentinc.com:IP:hls_gamma_correction:1.0'. The one found in IP location 'z:/DAT096/vivado-library-b0946605e3617c901635278b62d0f6a8e3942844/ip/hls_gamma_correction_1_0' will take precedence over the same IP in location z:/DAT096/vivado-library-master/ip/hls_gamma_correction_1_0
WARNING: [IP_Flow 19-1663] Duplicate IP found for 'digilentinc.com:IP:hls_saturation_enhance:1.0'. The one found in IP location 'z:/DAT096/vivado-library-b0946605e3617c901635278b62d0f6a8e3942844/ip/hls_saturation_enhance_1_0' will take precedence over the same IP in location z:/DAT096/vivado-library-master/ip/hls_saturation_enhance_1_0
WARNING: [IP_Flow 19-1663] Duplicate IP found for 'digilentinc.com:ip:rgb2dpvid:1.0'. The one found in IP location 'z:/DAT096/vivado-library-b0946605e3617c901635278b62d0f6a8e3942844/ip/rgb2dpvid_v1_0' will take precedence over the same IP in location z:/DAT096/vivado-library-master/ip/rgb2dpvid_v1_0
WARNING: [IP_Flow 19-1663] Duplicate IP found for 'digilentinc.com:ip:rgb2vga:1.0'. The one found in IP location 'z:/DAT096/vivado-library-b0946605e3617c901635278b62d0f6a8e3942844/ip/rgb2vga_v1_0' will take precedence over the same IP in location z:/DAT096/vivado-library-master/ip/rgb2vga_v1_0
WARNING: [IP_Flow 19-1663] Duplicate IP found for 'digilentinc.com:ip:Sync:1.0'. The one found in IP location 'z:/DAT096/vivado-library-b0946605e3617c901635278b62d0f6a8e3942844/ip/Sync_v1_0' will take precedence over the same IP in location z:/DAT096/vivado-library-master/ip/Sync_v1_0
WARNING: [IP_Flow 19-1663] Duplicate IP found for 'digilentinc.com:ip:usb2device:1.0'. The one found in IP location 'z:/DAT096/vivado-library-b0946605e3617c901635278b62d0f6a8e3942844/ip/usb2device_v1_0' will take precedence over the same IP in location z:/DAT096/vivado-library-master/ip/usb2device_v1_0
WARNING: [IP_Flow 19-1663] Duplicate IP found for 'digilentinc.com:video:video_scaler:1.0'. The one found in IP location 'z:/DAT096/vivado-library-b0946605e3617c901635278b62d0f6a8e3942844/ip/video_scaler' will take precedence over the same IP in location z:/DAT096/vivado-library-master/ip/video_scaler
WARNING: [IP_Flow 19-1663] Duplicate IP found for 'digilentinc.com:ip:dvi2rgb:2.0'. The one found in IP location 'z:/DAT096/vivado-library-master/ip/dvi2rgb' will take precedence over the same IP in location z:/DAT096/vivado-library-b0946605e3617c901635278b62d0f6a8e3942844/ip/dvi2rgb
WARNING: [IP_Flow 19-1663] Duplicate IP found for 'digilentinc.com:IP:MotorFeedback:1.0'. The one found in IP location 'z:/DAT096/vivado-library-master/ip/MotorFeedback_1.0' will take precedence over the same IP in location z:/DAT096/vivado-library-b0946605e3617c901635278b62d0f6a8e3942844/ip/MotorFeedback_1.0
WARNING: [IP_Flow 19-1663] Duplicate IP found for 'digilentinc.com:IP:PmodACL2:1.0'. The one found in IP location 'z:/DAT096/vivado-library-master/ip/Pmods/PmodACL2_v1_0' will take precedence over the same IP in location z:/DAT096/vivado-library-b0946605e3617c901635278b62d0f6a8e3942844/ip/Pmods/PmodACL2_v1_0
WARNING: [IP_Flow 19-1663] Duplicate IP found for 'digilentinc.com:IP:PmodACL:1.0'. The one found in IP location 'z:/DAT096/vivado-library-master/ip/Pmods/PmodACL_v1_0' will take precedence over the same IP in location z:/DAT096/vivado-library-b0946605e3617c901635278b62d0f6a8e3942844/ip/Pmods/PmodACL_v1_0
WARNING: [IP_Flow 19-1663] Duplicate IP found for 'digilentinc.com:IP:PmodAD1:1.0'. The one found in IP location 'z:/DAT096/vivado-library-master/ip/Pmods/PmodAD1_v1_0' will take precedence over the same IP in location z:/DAT096/vivado-library-b0946605e3617c901635278b62d0f6a8e3942844/ip/Pmods/PmodAD1_v1_0
WARNING: [IP_Flow 19-1663] Duplicate IP found for 'digilentinc.com:IP:PmodAD2:1.0'. The one found in IP location 'z:/DAT096/vivado-library-master/ip/Pmods/PmodAD2_v1_0' will take precedence over the same IP in location z:/DAT096/vivado-library-b0946605e3617c901635278b62d0f6a8e3942844/ip/Pmods/PmodAD2_v1_0
WARNING: [IP_Flow 19-1663] Duplicate IP found for 'digilentinc.com:IP:PmodAD5:1.0'. The one found in IP location 'z:/DAT096/vivado-library-master/ip/Pmods/PmodAD5_v1_0' will take precedence over the same IP in location z:/DAT096/vivado-library-b0946605e3617c901635278b62d0f6a8e3942844/ip/Pmods/PmodAD5_v1_0
WARNING: [IP_Flow 19-1663] Duplicate IP found for 'digilentinc.com:IP:PmodALS:1.0'. The one found in IP location 'z:/DAT096/vivado-library-master/ip/Pmods/PmodALS_v1_0' will take precedence over the same IP in location z:/DAT096/vivado-library-b0946605e3617c901635278b62d0f6a8e3942844/ip/Pmods/PmodALS_v1_0
WARNING: [IP_Flow 19-1663] Duplicate IP found for 'digilentinc.com:IP:PmodAMP2:1.0'. The one found in IP location 'z:/DAT096/vivado-library-master/ip/Pmods/PmodAMP2_v1_0' will take precedence over the same IP in location z:/DAT096/vivado-library-b0946605e3617c901635278b62d0f6a8e3942844/ip/Pmods/PmodAMP2_v1_0
WARNING: [IP_Flow 19-1663] Duplicate IP found for 'digilentinc.com:IP:PmodAQS:1.0'. The one found in IP location 'z:/DAT096/vivado-library-master/ip/Pmods/PmodAQS_v1_0' will take precedence over the same IP in location z:/DAT096/vivado-library-b0946605e3617c901635278b62d0f6a8e3942844/ip/Pmods/PmodAQS_v1_0
WARNING: [IP_Flow 19-1663] Duplicate IP found for 'digilentinc.com:IP:PmodBLE:1.0'. The one found in IP location 'z:/DAT096/vivado-library-master/ip/Pmods/PmodBLE_v1_0' will take precedence over the same IP in location z:/DAT096/vivado-library-b0946605e3617c901635278b62d0f6a8e3942844/ip/Pmods/PmodBLE_v1_0
WARNING: [IP_Flow 19-1663] Duplicate IP found for 'digilentinc.com:IP:PmodBT2:1.0'. The one found in IP location 'z:/DAT096/vivado-library-master/ip/Pmods/PmodBT2_v1_0' will take precedence over the same IP in location z:/DAT096/vivado-library-b0946605e3617c901635278b62d0f6a8e3942844/ip/Pmods/PmodBT2_v1_0
WARNING: [IP_Flow 19-1663] Duplicate IP found for 'digilentinc.com:IP:PmodCAN:1.0'. The one found in IP location 'z:/DAT096/vivado-library-master/ip/Pmods/PmodCAN_v1_0' will take precedence over the same IP in location z:/DAT096/vivado-library-b0946605e3617c901635278b62d0f6a8e3942844/ip/Pmods/PmodCAN_v1_0
WARNING: [IP_Flow 19-1663] Duplicate IP found for 'digilentinc.com:IP:PmodCLS:1.0'. The one found in IP location 'z:/DAT096/vivado-library-master/ip/Pmods/PmodCLS_v1_0' will take precedence over the same IP in location z:/DAT096/vivado-library-b0946605e3617c901635278b62d0f6a8e3942844/ip/Pmods/PmodCLS_v1_0
WARNING: [IP_Flow 19-1663] Duplicate IP found for 'digilentinc.com:IP:PmodCMPS2:1.0'. The one found in IP location 'z:/DAT096/vivado-library-master/ip/Pmods/PmodCMPS2_v1_0' will take precedence over the same IP in location z:/DAT096/vivado-library-b0946605e3617c901635278b62d0f6a8e3942844/ip/Pmods/PmodCMPS2_v1_0
WARNING: [IP_Flow 19-1663] Duplicate IP found for 'digilentinc.com:IP:PmodCOLOR:1.0'. The one found in IP location 'z:/DAT096/vivado-library-master/ip/Pmods/PmodCOLOR_v1_0' will take precedence over the same IP in location z:/DAT096/vivado-library-b0946605e3617c901635278b62d0f6a8e3942844/ip/Pmods/PmodCOLOR_v1_0
WARNING: [IP_Flow 19-1663] Duplicate IP found for 'digilentinc.com:IP:PmodDA1:1.0'. The one found in IP location 'z:/DAT096/vivado-library-master/ip/Pmods/PmodDA1_v1_0' will take precedence over the same IP in location z:/DAT096/vivado-library-b0946605e3617c901635278b62d0f6a8e3942844/ip/Pmods/PmodDA1_v1_0
WARNING: [IP_Flow 19-1663] Duplicate IP found for 'digilentinc.com:IP:PmodDHB1:1.0'. The one found in IP location 'z:/DAT096/vivado-library-master/ip/Pmods/PmodDHB1_v1_0' will take precedence over the same IP in location z:/DAT096/vivado-library-b0946605e3617c901635278b62d0f6a8e3942844/ip/Pmods/PmodDHB1_v1_0
WARNING: [IP_Flow 19-1663] Duplicate IP found for 'digilentinc.com:IP:PmodDPG1:1.0'. The one found in IP location 'z:/DAT096/vivado-library-master/ip/Pmods/PmodDPG1_v1_0' will take precedence over the same IP in location z:/DAT096/vivado-library-b0946605e3617c901635278b62d0f6a8e3942844/ip/Pmods/PmodDPG1_v1_0
WARNING: [IP_Flow 19-1663] Duplicate IP found for 'digilentinc.com:IP:PmodENC:1.0'. The one found in IP location 'z:/DAT096/vivado-library-master/ip/Pmods/PmodENC_v1_0' will take precedence over the same IP in location z:/DAT096/vivado-library-b0946605e3617c901635278b62d0f6a8e3942844/ip/Pmods/PmodENC_v1_0
WARNING: [IP_Flow 19-1663] Duplicate IP found for 'digilentinc.com:user:PmodESP32:1.0'. The one found in IP location 'z:/DAT096/vivado-library-master/ip/Pmods/PmodESP32_v1_0' will take precedence over the same IP in location z:/DAT096/vivado-library-b0946605e3617c901635278b62d0f6a8e3942844/ip/Pmods/PmodESP32_v1_0
WARNING: [IP_Flow 19-1663] Duplicate IP found for 'digilentinc.com:IP:PmodGPIO:1.0'. The one found in IP location 'z:/DAT096/vivado-library-master/ip/Pmods/PmodGPIO_v1_0' will take precedence over the same IP in location z:/DAT096/vivado-library-b0946605e3617c901635278b62d0f6a8e3942844/ip/Pmods/PmodGPIO_v1_0
WARNING: [IP_Flow 19-1663] Duplicate IP found for 'digilentinc.com:IP:PmodGPS:1.1'. The one found in IP location 'z:/DAT096/vivado-library-master/ip/Pmods/PmodGPS_v1_1' will take precedence over the same IP in location z:/DAT096/vivado-library-b0946605e3617c901635278b62d0f6a8e3942844/ip/Pmods/PmodGPS_v1_1
WARNING: [IP_Flow 19-1663] Duplicate IP found for 'digilentinc.com:IP:PmodGYRO:1.0'. The one found in IP location 'z:/DAT096/vivado-library-master/ip/Pmods/PmodGYRO_v1_0' will take precedence over the same IP in location z:/DAT096/vivado-library-b0946605e3617c901635278b62d0f6a8e3942844/ip/Pmods/PmodGYRO_v1_0
WARNING: [IP_Flow 19-1663] Duplicate IP found for 'digilentinc.com:IP:PmodHYGRO:1.0'. The one found in IP location 'z:/DAT096/vivado-library-master/ip/Pmods/PmodHYGRO_v1_0' will take precedence over the same IP in location z:/DAT096/vivado-library-b0946605e3617c901635278b62d0f6a8e3942844/ip/Pmods/PmodHYGRO_v1_0
WARNING: [IP_Flow 19-1663] Duplicate IP found for 'digilentinc.com:IP:PmodJSTK2:1.0'. The one found in IP location 'z:/DAT096/vivado-library-master/ip/Pmods/PmodJSTK2_v1_0' will take precedence over the same IP in location z:/DAT096/vivado-library-b0946605e3617c901635278b62d0f6a8e3942844/ip/Pmods/PmodJSTK2_v1_0
WARNING: [IP_Flow 19-1663] Duplicate IP found for 'digilentinc.com:IP:PmodJSTK:1.0'. The one found in IP location 'z:/DAT096/vivado-library-master/ip/Pmods/PmodJSTK_v1_0' will take precedence over the same IP in location z:/DAT096/vivado-library-b0946605e3617c901635278b62d0f6a8e3942844/ip/Pmods/PmodJSTK_v1_0
WARNING: [IP_Flow 19-1663] Duplicate IP found for 'digilentinc.com:IP:PmodKYPD:1.0'. The one found in IP location 'z:/DAT096/vivado-library-master/ip/Pmods/PmodKYPD_v1_0' will take precedence over the same IP in location z:/DAT096/vivado-library-b0946605e3617c901635278b62d0f6a8e3942844/ip/Pmods/PmodKYPD_v1_0
WARNING: [IP_Flow 19-1663] Duplicate IP found for 'digilentinc.com:IP:PmodMAXSONAR:1.0'. The one found in IP location 'z:/DAT096/vivado-library-master/ip/Pmods/PmodMAXSONAR_v1_0' will take precedence over the same IP in location z:/DAT096/vivado-library-b0946605e3617c901635278b62d0f6a8e3942844/ip/Pmods/PmodMAXSONAR_v1_0
WARNING: [IP_Flow 19-1663] Duplicate IP found for 'digilentinc.com:IP:PmodMTDS:1.0'. The one found in IP location 'z:/DAT096/vivado-library-master/ip/Pmods/PmodMTDS_v1_0' will take precedence over the same IP in location z:/DAT096/vivado-library-b0946605e3617c901635278b62d0f6a8e3942844/ip/Pmods/PmodMTDS_v1_0
WARNING: [IP_Flow 19-1663] Duplicate IP found for 'digilentinc.com:IP:PmodNAV:1.0'. The one found in IP location 'z:/DAT096/vivado-library-master/ip/Pmods/PmodNAV_v1_0' will take precedence over the same IP in location z:/DAT096/vivado-library-b0946605e3617c901635278b62d0f6a8e3942844/ip/Pmods/PmodNAV_v1_0
WARNING: [IP_Flow 19-1663] Duplicate IP found for 'digilentinc.com:IP:PmodOLEDrgb:1.0'. The one found in IP location 'z:/DAT096/vivado-library-master/ip/Pmods/pmodOLEDrgb_v1_0' will take precedence over the same IP in location z:/DAT096/vivado-library-b0946605e3617c901635278b62d0f6a8e3942844/ip/Pmods/pmodOLEDrgb_v1_0
WARNING: [IP_Flow 19-1663] Duplicate IP found for 'digilentinc.com:IP:PmodOLED:1.0'. The one found in IP location 'z:/DAT096/vivado-library-master/ip/Pmods/PmodOLED_v1_0' will take precedence over the same IP in location z:/DAT096/vivado-library-b0946605e3617c901635278b62d0f6a8e3942844/ip/Pmods/PmodOLED_v1_0
WARNING: [IP_Flow 19-1663] Duplicate IP found for 'digilentinc.com:IP:PmodPIR:1.0'. The one found in IP location 'z:/DAT096/vivado-library-master/ip/Pmods/PmodPIR_v1_0' will take precedence over the same IP in location z:/DAT096/vivado-library-b0946605e3617c901635278b62d0f6a8e3942844/ip/Pmods/PmodPIR_v1_0
WARNING: [IP_Flow 19-1663] Duplicate IP found for 'digilentinc.com:IP:PmodR2R:1.0'. The one found in IP location 'z:/DAT096/vivado-library-master/ip/Pmods/PmodR2R_v1_0' will take precedence over the same IP in location z:/DAT096/vivado-library-b0946605e3617c901635278b62d0f6a8e3942844/ip/Pmods/PmodR2R_v1_0
WARNING: [IP_Flow 19-1663] Duplicate IP found for 'digilentinc.com:IP:PmodRTCC:1.0'. The one found in IP location 'z:/DAT096/vivado-library-master/ip/Pmods/PmodRTCC_v1_0' will take precedence over the same IP in location z:/DAT096/vivado-library-b0946605e3617c901635278b62d0f6a8e3942844/ip/Pmods/PmodRTCC_v1_0
WARNING: [IP_Flow 19-1663] Duplicate IP found for 'digilentinc.com:IP:PmodSD:1.0'. The one found in IP location 'z:/DAT096/vivado-library-master/ip/Pmods/PmodSD_v1_0' will take precedence over the same IP in location z:/DAT096/vivado-library-b0946605e3617c901635278b62d0f6a8e3942844/ip/Pmods/PmodSD_v1_0
WARNING: [IP_Flow 19-1663] Duplicate IP found for 'digilentinc.com:IP:PmodSF3:1.0'. The one found in IP location 'z:/DAT096/vivado-library-master/ip/Pmods/PmodSF3_v1_0' will take precedence over the same IP in location z:/DAT096/vivado-library-b0946605e3617c901635278b62d0f6a8e3942844/ip/Pmods/PmodSF3_v1_0
WARNING: [IP_Flow 19-1663] Duplicate IP found for 'digilentinc.com:IP:PmodTC1:1.0'. The one found in IP location 'z:/DAT096/vivado-library-master/ip/Pmods/PmodTC1_v1_0' will take precedence over the same IP in location z:/DAT096/vivado-library-b0946605e3617c901635278b62d0f6a8e3942844/ip/Pmods/PmodTC1_v1_0
WARNING: [IP_Flow 19-1663] Duplicate IP found for 'digilentinc.com:IP:PmodTMP3:1.0'. The one found in IP location 'z:/DAT096/vivado-library-master/ip/Pmods/PmodTMP3_v1_0' will take precedence over the same IP in location z:/DAT096/vivado-library-b0946605e3617c901635278b62d0f6a8e3942844/ip/Pmods/PmodTMP3_v1_0
WARNING: [IP_Flow 19-1663] Duplicate IP found for 'digilentinc.com:IP:PmodWIFI:1.0'. The one found in IP location 'z:/DAT096/vivado-library-master/ip/Pmods/PmodWIFI_v1_0' will take precedence over the same IP in location z:/DAT096/vivado-library-b0946605e3617c901635278b62d0f6a8e3942844/ip/Pmods/PmodWIFI_v1_0
WARNING: [IP_Flow 19-1663] Duplicate IP found for 'digilentinc.com:ip:pmod_bridge:1.0'. The one found in IP location 'z:/DAT096/vivado-library-master/ip/Pmods/Pmod_Bridge_v1_0' will take precedence over the same IP in location z:/DAT096/vivado-library-b0946605e3617c901635278b62d0f6a8e3942844/ip/Pmods/Pmod_Bridge_v1_0
WARNING: [IP_Flow 19-1663] Duplicate IP found for 'digilentinc.com:ip:pmod_bridge:1.1'. The one found in IP location 'z:/DAT096/vivado-library-master/ip/Pmods/Pmod_Bridge_v1_1' will take precedence over the same IP in location z:/DAT096/vivado-library-b0946605e3617c901635278b62d0f6a8e3942844/ip/Pmods/Pmod_Bridge_v1_1
WARNING: [IP_Flow 19-1663] Duplicate IP found for 'digilentinc.com:IP:PWM:1.0'. The one found in IP location 'z:/DAT096/vivado-library-master/ip/PWM_1.0' will take precedence over the same IP in location z:/DAT096/vivado-library-b0946605e3617c901635278b62d0f6a8e3942844/ip/PWM_1.0
WARNING: [IP_Flow 19-1663] Duplicate IP found for 'digilentinc.com:IP:PWM:2.0'. The one found in IP location 'z:/DAT096/vivado-library-master/ip/PWM_2.0' will take precedence over the same IP in location z:/DAT096/vivado-library-b0946605e3617c901635278b62d0f6a8e3942844/ip/PWM_2.0
WARNING: [IP_Flow 19-1663] Duplicate IP found for 'digilentinc.com:IP:PWM_Analyzer:1.0'. The one found in IP location 'z:/DAT096/vivado-library-master/ip/PWM_Analyzer_1.0' will take precedence over the same IP in location z:/DAT096/vivado-library-b0946605e3617c901635278b62d0f6a8e3942844/ip/PWM_Analyzer_1.0
WARNING: [IP_Flow 19-1663] Duplicate IP found for 'digilentinc.com:ip:rgb2dvi:1.4'. The one found in IP location 'z:/DAT096/vivado-library-master/ip/rgb2dvi' will take precedence over the same IP in location z:/DAT096/vivado-library-b0946605e3617c901635278b62d0f6a8e3942844/ip/rgb2dvi
WARNING: [IP_Flow 19-4830] Duplicate Interface found for 'digilentinc.com:interface:pmod:1.0'. The one found in location 'z:/DAT096/vivado-library-b0946605e3617c901635278b62d0f6a8e3942844/if/pmod_v1_0/pmod.xml' will take precedence over the same Interface in location 'z:/DAT096/vivado-library-master/if/pmod_v1_0/pmod.xml'
WARNING: [IP_Flow 19-4830] Duplicate Interface found for 'digilentinc.com:interface:tmds:1.0'. The one found in location 'z:/DAT096/vivado-library-b0946605e3617c901635278b62d0f6a8e3942844/if/tmds_v1_0/tmds.xml' will take precedence over the same Interface in location 'z:/DAT096/vivado-library-master/if/tmds_v1_0/tmds.xml'
INFO: [IP_Flow 19-5107] Inferred bus interface 'clk' of definition 'xilinx.com:signal:clock:1.0' (from Xilinx Repository).
WARNING: [IP_Flow 19-5661] Bus Interface 'clk' does not have any bus interfaces associated with it.
WARNING: [IP_Flow 19-11770] Clock interface 'clk' has no FREQ_HZ parameter.
WARNING: [IP_Flow 19-1663] Duplicate IP found for 'digilentinc.com:user:axi_i2s_adi:1.2'. The one found in IP location 'z:/DAT096/vivado-library-b0946605e3617c901635278b62d0f6a8e3942844/ip/axi_i2s_adi_1.2' will take precedence over the same IP in location z:/DAT096/vivado-library-master/ip/axi_i2s_adi_1.2
WARNING: [IP_Flow 19-1663] Duplicate IP found for 'digilentinc.com:IP:axi_ps2:1.0'. The one found in IP location 'z:/DAT096/vivado-library-b0946605e3617c901635278b62d0f6a8e3942844/ip/axi_ps2_1.0' will take precedence over the same IP in location z:/DAT096/vivado-library-master/ip/axi_ps2_1.0
WARNING: [IP_Flow 19-1663] Duplicate IP found for 'digilentinc.com:ip:clock_forwarder:1.1'. The one found in IP location 'z:/DAT096/vivado-library-b0946605e3617c901635278b62d0f6a8e3942844/ip/clock_forwarder' will take precedence over the same IP in location z:/DAT096/vivado-library-master/ip/clock_forwarder
WARNING: [IP_Flow 19-1663] Duplicate IP found for 'digilentinc.com:IP:hls_contrast_stretch:1.0'. The one found in IP location 'z:/DAT096/vivado-library-b0946605e3617c901635278b62d0f6a8e3942844/ip/hls_contrast_stretch_1_0' will take precedence over the same IP in location z:/DAT096/vivado-library-master/ip/hls_contrast_stretch_1_0
WARNING: [IP_Flow 19-1663] Duplicate IP found for 'digilentinc.com:IP:hls_gamma_correction:1.0'. The one found in IP location 'z:/DAT096/vivado-library-b0946605e3617c901635278b62d0f6a8e3942844/ip/hls_gamma_correction_1_0' will take precedence over the same IP in location z:/DAT096/vivado-library-master/ip/hls_gamma_correction_1_0
WARNING: [IP_Flow 19-1663] Duplicate IP found for 'digilentinc.com:IP:hls_saturation_enhance:1.0'. The one found in IP location 'z:/DAT096/vivado-library-b0946605e3617c901635278b62d0f6a8e3942844/ip/hls_saturation_enhance_1_0' will take precedence over the same IP in location z:/DAT096/vivado-library-master/ip/hls_saturation_enhance_1_0
WARNING: [IP_Flow 19-1663] Duplicate IP found for 'digilentinc.com:ip:rgb2dpvid:1.0'. The one found in IP location 'z:/DAT096/vivado-library-b0946605e3617c901635278b62d0f6a8e3942844/ip/rgb2dpvid_v1_0' will take precedence over the same IP in location z:/DAT096/vivado-library-master/ip/rgb2dpvid_v1_0
WARNING: [IP_Flow 19-1663] Duplicate IP found for 'digilentinc.com:ip:rgb2vga:1.0'. The one found in IP location 'z:/DAT096/vivado-library-b0946605e3617c901635278b62d0f6a8e3942844/ip/rgb2vga_v1_0' will take precedence over the same IP in location z:/DAT096/vivado-library-master/ip/rgb2vga_v1_0
WARNING: [IP_Flow 19-1663] Duplicate IP found for 'digilentinc.com:ip:Sync:1.0'. The one found in IP location 'z:/DAT096/vivado-library-b0946605e3617c901635278b62d0f6a8e3942844/ip/Sync_v1_0' will take precedence over the same IP in location z:/DAT096/vivado-library-master/ip/Sync_v1_0
WARNING: [IP_Flow 19-1663] Duplicate IP found for 'digilentinc.com:ip:usb2device:1.0'. The one found in IP location 'z:/DAT096/vivado-library-b0946605e3617c901635278b62d0f6a8e3942844/ip/usb2device_v1_0' will take precedence over the same IP in location z:/DAT096/vivado-library-master/ip/usb2device_v1_0
WARNING: [IP_Flow 19-1663] Duplicate IP found for 'digilentinc.com:video:video_scaler:1.0'. The one found in IP location 'z:/DAT096/vivado-library-b0946605e3617c901635278b62d0f6a8e3942844/ip/video_scaler' will take precedence over the same IP in location z:/DAT096/vivado-library-master/ip/video_scaler
WARNING: [IP_Flow 19-1663] Duplicate IP found for 'digilentinc.com:ip:dvi2rgb:2.0'. The one found in IP location 'z:/DAT096/vivado-library-master/ip/dvi2rgb' will take precedence over the same IP in location z:/DAT096/vivado-library-b0946605e3617c901635278b62d0f6a8e3942844/ip/dvi2rgb
WARNING: [IP_Flow 19-1663] Duplicate IP found for 'digilentinc.com:IP:MotorFeedback:1.0'. The one found in IP location 'z:/DAT096/vivado-library-master/ip/MotorFeedback_1.0' will take precedence over the same IP in location z:/DAT096/vivado-library-b0946605e3617c901635278b62d0f6a8e3942844/ip/MotorFeedback_1.0
WARNING: [IP_Flow 19-1663] Duplicate IP found for 'digilentinc.com:IP:PmodACL2:1.0'. The one found in IP location 'z:/DAT096/vivado-library-master/ip/Pmods/PmodACL2_v1_0' will take precedence over the same IP in location z:/DAT096/vivado-library-b0946605e3617c901635278b62d0f6a8e3942844/ip/Pmods/PmodACL2_v1_0
WARNING: [IP_Flow 19-1663] Duplicate IP found for 'digilentinc.com:IP:PmodACL:1.0'. The one found in IP location 'z:/DAT096/vivado-library-master/ip/Pmods/PmodACL_v1_0' will take precedence over the same IP in location z:/DAT096/vivado-library-b0946605e3617c901635278b62d0f6a8e3942844/ip/Pmods/PmodACL_v1_0
WARNING: [IP_Flow 19-1663] Duplicate IP found for 'digilentinc.com:IP:PmodAD1:1.0'. The one found in IP location 'z:/DAT096/vivado-library-master/ip/Pmods/PmodAD1_v1_0' will take precedence over the same IP in location z:/DAT096/vivado-library-b0946605e3617c901635278b62d0f6a8e3942844/ip/Pmods/PmodAD1_v1_0
WARNING: [IP_Flow 19-1663] Duplicate IP found for 'digilentinc.com:IP:PmodAD2:1.0'. The one found in IP location 'z:/DAT096/vivado-library-master/ip/Pmods/PmodAD2_v1_0' will take precedence over the same IP in location z:/DAT096/vivado-library-b0946605e3617c901635278b62d0f6a8e3942844/ip/Pmods/PmodAD2_v1_0
WARNING: [IP_Flow 19-1663] Duplicate IP found for 'digilentinc.com:IP:PmodAD5:1.0'. The one found in IP location 'z:/DAT096/vivado-library-master/ip/Pmods/PmodAD5_v1_0' will take precedence over the same IP in location z:/DAT096/vivado-library-b0946605e3617c901635278b62d0f6a8e3942844/ip/Pmods/PmodAD5_v1_0
WARNING: [IP_Flow 19-1663] Duplicate IP found for 'digilentinc.com:IP:PmodALS:1.0'. The one found in IP location 'z:/DAT096/vivado-library-master/ip/Pmods/PmodALS_v1_0' will take precedence over the same IP in location z:/DAT096/vivado-library-b0946605e3617c901635278b62d0f6a8e3942844/ip/Pmods/PmodALS_v1_0
WARNING: [IP_Flow 19-1663] Duplicate IP found for 'digilentinc.com:IP:PmodAMP2:1.0'. The one found in IP location 'z:/DAT096/vivado-library-master/ip/Pmods/PmodAMP2_v1_0' will take precedence over the same IP in location z:/DAT096/vivado-library-b0946605e3617c901635278b62d0f6a8e3942844/ip/Pmods/PmodAMP2_v1_0
WARNING: [IP_Flow 19-1663] Duplicate IP found for 'digilentinc.com:IP:PmodAQS:1.0'. The one found in IP location 'z:/DAT096/vivado-library-master/ip/Pmods/PmodAQS_v1_0' will take precedence over the same IP in location z:/DAT096/vivado-library-b0946605e3617c901635278b62d0f6a8e3942844/ip/Pmods/PmodAQS_v1_0
WARNING: [IP_Flow 19-1663] Duplicate IP found for 'digilentinc.com:IP:PmodBLE:1.0'. The one found in IP location 'z:/DAT096/vivado-library-master/ip/Pmods/PmodBLE_v1_0' will take precedence over the same IP in location z:/DAT096/vivado-library-b0946605e3617c901635278b62d0f6a8e3942844/ip/Pmods/PmodBLE_v1_0
WARNING: [IP_Flow 19-1663] Duplicate IP found for 'digilentinc.com:IP:PmodBT2:1.0'. The one found in IP location 'z:/DAT096/vivado-library-master/ip/Pmods/PmodBT2_v1_0' will take precedence over the same IP in location z:/DAT096/vivado-library-b0946605e3617c901635278b62d0f6a8e3942844/ip/Pmods/PmodBT2_v1_0
WARNING: [IP_Flow 19-1663] Duplicate IP found for 'digilentinc.com:IP:PmodCAN:1.0'. The one found in IP location 'z:/DAT096/vivado-library-master/ip/Pmods/PmodCAN_v1_0' will take precedence over the same IP in location z:/DAT096/vivado-library-b0946605e3617c901635278b62d0f6a8e3942844/ip/Pmods/PmodCAN_v1_0
WARNING: [IP_Flow 19-1663] Duplicate IP found for 'digilentinc.com:IP:PmodCLS:1.0'. The one found in IP location 'z:/DAT096/vivado-library-master/ip/Pmods/PmodCLS_v1_0' will take precedence over the same IP in location z:/DAT096/vivado-library-b0946605e3617c901635278b62d0f6a8e3942844/ip/Pmods/PmodCLS_v1_0
WARNING: [IP_Flow 19-1663] Duplicate IP found for 'digilentinc.com:IP:PmodCMPS2:1.0'. The one found in IP location 'z:/DAT096/vivado-library-master/ip/Pmods/PmodCMPS2_v1_0' will take precedence over the same IP in location z:/DAT096/vivado-library-b0946605e3617c901635278b62d0f6a8e3942844/ip/Pmods/PmodCMPS2_v1_0
WARNING: [IP_Flow 19-1663] Duplicate IP found for 'digilentinc.com:IP:PmodCOLOR:1.0'. The one found in IP location 'z:/DAT096/vivado-library-master/ip/Pmods/PmodCOLOR_v1_0' will take precedence over the same IP in location z:/DAT096/vivado-library-b0946605e3617c901635278b62d0f6a8e3942844/ip/Pmods/PmodCOLOR_v1_0
WARNING: [IP_Flow 19-1663] Duplicate IP found for 'digilentinc.com:IP:PmodDA1:1.0'. The one found in IP location 'z:/DAT096/vivado-library-master/ip/Pmods/PmodDA1_v1_0' will take precedence over the same IP in location z:/DAT096/vivado-library-b0946605e3617c901635278b62d0f6a8e3942844/ip/Pmods/PmodDA1_v1_0
WARNING: [IP_Flow 19-1663] Duplicate IP found for 'digilentinc.com:IP:PmodDHB1:1.0'. The one found in IP location 'z:/DAT096/vivado-library-master/ip/Pmods/PmodDHB1_v1_0' will take precedence over the same IP in location z:/DAT096/vivado-library-b0946605e3617c901635278b62d0f6a8e3942844/ip/Pmods/PmodDHB1_v1_0
WARNING: [IP_Flow 19-1663] Duplicate IP found for 'digilentinc.com:IP:PmodDPG1:1.0'. The one found in IP location 'z:/DAT096/vivado-library-master/ip/Pmods/PmodDPG1_v1_0' will take precedence over the same IP in location z:/DAT096/vivado-library-b0946605e3617c901635278b62d0f6a8e3942844/ip/Pmods/PmodDPG1_v1_0
WARNING: [IP_Flow 19-1663] Duplicate IP found for 'digilentinc.com:IP:PmodENC:1.0'. The one found in IP location 'z:/DAT096/vivado-library-master/ip/Pmods/PmodENC_v1_0' will take precedence over the same IP in location z:/DAT096/vivado-library-b0946605e3617c901635278b62d0f6a8e3942844/ip/Pmods/PmodENC_v1_0
WARNING: [IP_Flow 19-1663] Duplicate IP found for 'digilentinc.com:user:PmodESP32:1.0'. The one found in IP location 'z:/DAT096/vivado-library-master/ip/Pmods/PmodESP32_v1_0' will take precedence over the same IP in location z:/DAT096/vivado-library-b0946605e3617c901635278b62d0f6a8e3942844/ip/Pmods/PmodESP32_v1_0
WARNING: [IP_Flow 19-1663] Duplicate IP found for 'digilentinc.com:IP:PmodGPIO:1.0'. The one found in IP location 'z:/DAT096/vivado-library-master/ip/Pmods/PmodGPIO_v1_0' will take precedence over the same IP in location z:/DAT096/vivado-library-b0946605e3617c901635278b62d0f6a8e3942844/ip/Pmods/PmodGPIO_v1_0
WARNING: [IP_Flow 19-1663] Duplicate IP found for 'digilentinc.com:IP:PmodGPS:1.1'. The one found in IP location 'z:/DAT096/vivado-library-master/ip/Pmods/PmodGPS_v1_1' will take precedence over the same IP in location z:/DAT096/vivado-library-b0946605e3617c901635278b62d0f6a8e3942844/ip/Pmods/PmodGPS_v1_1
WARNING: [IP_Flow 19-1663] Duplicate IP found for 'digilentinc.com:IP:PmodGYRO:1.0'. The one found in IP location 'z:/DAT096/vivado-library-master/ip/Pmods/PmodGYRO_v1_0' will take precedence over the same IP in location z:/DAT096/vivado-library-b0946605e3617c901635278b62d0f6a8e3942844/ip/Pmods/PmodGYRO_v1_0
WARNING: [IP_Flow 19-1663] Duplicate IP found for 'digilentinc.com:IP:PmodHYGRO:1.0'. The one found in IP location 'z:/DAT096/vivado-library-master/ip/Pmods/PmodHYGRO_v1_0' will take precedence over the same IP in location z:/DAT096/vivado-library-b0946605e3617c901635278b62d0f6a8e3942844/ip/Pmods/PmodHYGRO_v1_0
WARNING: [IP_Flow 19-1663] Duplicate IP found for 'digilentinc.com:IP:PmodJSTK2:1.0'. The one found in IP location 'z:/DAT096/vivado-library-master/ip/Pmods/PmodJSTK2_v1_0' will take precedence over the same IP in location z:/DAT096/vivado-library-b0946605e3617c901635278b62d0f6a8e3942844/ip/Pmods/PmodJSTK2_v1_0
WARNING: [IP_Flow 19-1663] Duplicate IP found for 'digilentinc.com:IP:PmodJSTK:1.0'. The one found in IP location 'z:/DAT096/vivado-library-master/ip/Pmods/PmodJSTK_v1_0' will take precedence over the same IP in location z:/DAT096/vivado-library-b0946605e3617c901635278b62d0f6a8e3942844/ip/Pmods/PmodJSTK_v1_0
WARNING: [IP_Flow 19-1663] Duplicate IP found for 'digilentinc.com:IP:PmodKYPD:1.0'. The one found in IP location 'z:/DAT096/vivado-library-master/ip/Pmods/PmodKYPD_v1_0' will take precedence over the same IP in location z:/DAT096/vivado-library-b0946605e3617c901635278b62d0f6a8e3942844/ip/Pmods/PmodKYPD_v1_0
WARNING: [IP_Flow 19-1663] Duplicate IP found for 'digilentinc.com:IP:PmodMAXSONAR:1.0'. The one found in IP location 'z:/DAT096/vivado-library-master/ip/Pmods/PmodMAXSONAR_v1_0' will take precedence over the same IP in location z:/DAT096/vivado-library-b0946605e3617c901635278b62d0f6a8e3942844/ip/Pmods/PmodMAXSONAR_v1_0
WARNING: [IP_Flow 19-1663] Duplicate IP found for 'digilentinc.com:IP:PmodMTDS:1.0'. The one found in IP location 'z:/DAT096/vivado-library-master/ip/Pmods/PmodMTDS_v1_0' will take precedence over the same IP in location z:/DAT096/vivado-library-b0946605e3617c901635278b62d0f6a8e3942844/ip/Pmods/PmodMTDS_v1_0
WARNING: [IP_Flow 19-1663] Duplicate IP found for 'digilentinc.com:IP:PmodNAV:1.0'. The one found in IP location 'z:/DAT096/vivado-library-master/ip/Pmods/PmodNAV_v1_0' will take precedence over the same IP in location z:/DAT096/vivado-library-b0946605e3617c901635278b62d0f6a8e3942844/ip/Pmods/PmodNAV_v1_0
WARNING: [IP_Flow 19-1663] Duplicate IP found for 'digilentinc.com:IP:PmodOLEDrgb:1.0'. The one found in IP location 'z:/DAT096/vivado-library-master/ip/Pmods/pmodOLEDrgb_v1_0' will take precedence over the same IP in location z:/DAT096/vivado-library-b0946605e3617c901635278b62d0f6a8e3942844/ip/Pmods/pmodOLEDrgb_v1_0
WARNING: [IP_Flow 19-1663] Duplicate IP found for 'digilentinc.com:IP:PmodOLED:1.0'. The one found in IP location 'z:/DAT096/vivado-library-master/ip/Pmods/PmodOLED_v1_0' will take precedence over the same IP in location z:/DAT096/vivado-library-b0946605e3617c901635278b62d0f6a8e3942844/ip/Pmods/PmodOLED_v1_0
WARNING: [IP_Flow 19-1663] Duplicate IP found for 'digilentinc.com:IP:PmodPIR:1.0'. The one found in IP location 'z:/DAT096/vivado-library-master/ip/Pmods/PmodPIR_v1_0' will take precedence over the same IP in location z:/DAT096/vivado-library-b0946605e3617c901635278b62d0f6a8e3942844/ip/Pmods/PmodPIR_v1_0
WARNING: [IP_Flow 19-1663] Duplicate IP found for 'digilentinc.com:IP:PmodR2R:1.0'. The one found in IP location 'z:/DAT096/vivado-library-master/ip/Pmods/PmodR2R_v1_0' will take precedence over the same IP in location z:/DAT096/vivado-library-b0946605e3617c901635278b62d0f6a8e3942844/ip/Pmods/PmodR2R_v1_0
WARNING: [IP_Flow 19-1663] Duplicate IP found for 'digilentinc.com:IP:PmodRTCC:1.0'. The one found in IP location 'z:/DAT096/vivado-library-master/ip/Pmods/PmodRTCC_v1_0' will take precedence over the same IP in location z:/DAT096/vivado-library-b0946605e3617c901635278b62d0f6a8e3942844/ip/Pmods/PmodRTCC_v1_0
WARNING: [IP_Flow 19-1663] Duplicate IP found for 'digilentinc.com:IP:PmodSD:1.0'. The one found in IP location 'z:/DAT096/vivado-library-master/ip/Pmods/PmodSD_v1_0' will take precedence over the same IP in location z:/DAT096/vivado-library-b0946605e3617c901635278b62d0f6a8e3942844/ip/Pmods/PmodSD_v1_0
WARNING: [IP_Flow 19-1663] Duplicate IP found for 'digilentinc.com:IP:PmodSF3:1.0'. The one found in IP location 'z:/DAT096/vivado-library-master/ip/Pmods/PmodSF3_v1_0' will take precedence over the same IP in location z:/DAT096/vivado-library-b0946605e3617c901635278b62d0f6a8e3942844/ip/Pmods/PmodSF3_v1_0
WARNING: [IP_Flow 19-1663] Duplicate IP found for 'digilentinc.com:IP:PmodTC1:1.0'. The one found in IP location 'z:/DAT096/vivado-library-master/ip/Pmods/PmodTC1_v1_0' will take precedence over the same IP in location z:/DAT096/vivado-library-b0946605e3617c901635278b62d0f6a8e3942844/ip/Pmods/PmodTC1_v1_0
WARNING: [IP_Flow 19-1663] Duplicate IP found for 'digilentinc.com:IP:PmodTMP3:1.0'. The one found in IP location 'z:/DAT096/vivado-library-master/ip/Pmods/PmodTMP3_v1_0' will take precedence over the same IP in location z:/DAT096/vivado-library-b0946605e3617c901635278b62d0f6a8e3942844/ip/Pmods/PmodTMP3_v1_0
WARNING: [IP_Flow 19-1663] Duplicate IP found for 'digilentinc.com:IP:PmodWIFI:1.0'. The one found in IP location 'z:/DAT096/vivado-library-master/ip/Pmods/PmodWIFI_v1_0' will take precedence over the same IP in location z:/DAT096/vivado-library-b0946605e3617c901635278b62d0f6a8e3942844/ip/Pmods/PmodWIFI_v1_0
WARNING: [IP_Flow 19-1663] Duplicate IP found for 'digilentinc.com:ip:pmod_bridge:1.0'. The one found in IP location 'z:/DAT096/vivado-library-master/ip/Pmods/Pmod_Bridge_v1_0' will take precedence over the same IP in location z:/DAT096/vivado-library-b0946605e3617c901635278b62d0f6a8e3942844/ip/Pmods/Pmod_Bridge_v1_0
WARNING: [IP_Flow 19-1663] Duplicate IP found for 'digilentinc.com:ip:pmod_bridge:1.1'. The one found in IP location 'z:/DAT096/vivado-library-master/ip/Pmods/Pmod_Bridge_v1_1' will take precedence over the same IP in location z:/DAT096/vivado-library-b0946605e3617c901635278b62d0f6a8e3942844/ip/Pmods/Pmod_Bridge_v1_1
WARNING: [IP_Flow 19-1663] Duplicate IP found for 'digilentinc.com:IP:PWM:1.0'. The one found in IP location 'z:/DAT096/vivado-library-master/ip/PWM_1.0' will take precedence over the same IP in location z:/DAT096/vivado-library-b0946605e3617c901635278b62d0f6a8e3942844/ip/PWM_1.0
WARNING: [IP_Flow 19-1663] Duplicate IP found for 'digilentinc.com:IP:PWM:2.0'. The one found in IP location 'z:/DAT096/vivado-library-master/ip/PWM_2.0' will take precedence over the same IP in location z:/DAT096/vivado-library-b0946605e3617c901635278b62d0f6a8e3942844/ip/PWM_2.0
WARNING: [IP_Flow 19-1663] Duplicate IP found for 'digilentinc.com:IP:PWM_Analyzer:1.0'. The one found in IP location 'z:/DAT096/vivado-library-master/ip/PWM_Analyzer_1.0' will take precedence over the same IP in location z:/DAT096/vivado-library-b0946605e3617c901635278b62d0f6a8e3942844/ip/PWM_Analyzer_1.0
WARNING: [IP_Flow 19-1663] Duplicate IP found for 'digilentinc.com:ip:rgb2dvi:1.4'. The one found in IP location 'z:/DAT096/vivado-library-master/ip/rgb2dvi' will take precedence over the same IP in location z:/DAT096/vivado-library-b0946605e3617c901635278b62d0f6a8e3942844/ip/rgb2dvi
WARNING: [IP_Flow 19-4830] Duplicate Interface found for 'digilentinc.com:interface:pmod:1.0'. The one found in location 'z:/DAT096/vivado-library-b0946605e3617c901635278b62d0f6a8e3942844/if/pmod_v1_0/pmod.xml' will take precedence over the same Interface in location 'z:/DAT096/vivado-library-master/if/pmod_v1_0/pmod.xml'
WARNING: [IP_Flow 19-4830] Duplicate Interface found for 'digilentinc.com:interface:tmds:1.0'. The one found in location 'z:/DAT096/vivado-library-b0946605e3617c901635278b62d0f6a8e3942844/if/tmds_v1_0/tmds.xml' will take precedence over the same Interface in location 'z:/DAT096/vivado-library-master/if/tmds_v1_0/tmds.xml'
Upgrading 'Z:/DAT096/DAT096-krish/Embedded-System-Project-DAT096-krishna/Board_2/Board_2/Board_2.srcs/sources_1/bd/design_2/design_2.bd'
WARNING: [Vivado 12-1017] Problems encountered:
1. Failed to delete one or more files in run directory Z:/DAT096/DAT096-krish/Embedded-System-Project-DAT096-krishna/Board_2/Board_2/Board_2.runs/design_2_vcsel_conv_0_0_synth_1

INFO: [IP_Flow 19-3420] Updated design_2_vcsel_conv_0_0 to use current project options
Wrote  : <Z:\DAT096\DAT096-krish\Embedded-System-Project-DAT096-krishna\Board_2\Board_2\Board_2.srcs\sources_1\bd\design_2\design_2.bd> 
generate_target all [get_files  Z:/DAT096/DAT096-krish/Embedded-System-Project-DAT096-krishna/Board_2/Board_2/Board_2.srcs/sources_1/bd/design_2/design_2.bd]
WARNING: [BD 41-2670] Found an incomplete address path from address space '/processing_system7_0/Data' to master interface '/processing_system7_0/M_AXI_GP0'. Please either complete or remove this path to resolve.
WARNING: [BD 5-699] No address segments matched 'get_bd_addr_segs -of_objects /processing_system7_0/Data'
ERROR: [Common 17-161] Invalid option value '' specified for 'object'.
ERROR: [BD 41-1273] Error running propagate TCL procedure: ERROR: [Common 17-161] Invalid option value '' specified for 'object'.
    ::xilinx.com_ip_ila_6.2::propagate Line 95
INFO: [xilinx.com:ip:clk_wiz:6.0-1] /clk_wiz_0 clk_wiz propagate
Wrote  : <Z:\DAT096\DAT096-krish\Embedded-System-Project-DAT096-krishna\Board_2\Board_2\Board_2.srcs\sources_1\bd\design_2\design_2.bd> 
VHDL Output written to : z:/DAT096/DAT096-krish/Embedded-System-Project-DAT096-krishna/Board_2/Board_2/Board_2.gen/sources_1/bd/design_2/synth/design_2.vhd
VHDL Output written to : z:/DAT096/DAT096-krish/Embedded-System-Project-DAT096-krishna/Board_2/Board_2/Board_2.gen/sources_1/bd/design_2/sim/design_2.vhd
VHDL Output written to : z:/DAT096/DAT096-krish/Embedded-System-Project-DAT096-krishna/Board_2/Board_2/Board_2.gen/sources_1/bd/design_2/hdl/design_2_wrapper.vhd
INFO: [BD 41-1029] Generation completed for the IP Integrator block vcsel_conv_0 .
Exporting to file z:/DAT096/DAT096-krish/Embedded-System-Project-DAT096-krishna/Board_2/Board_2/Board_2.gen/sources_1/bd/design_2/hw_handoff/design_2.hwh
Generated Hardware Definition File z:/DAT096/DAT096-krish/Embedded-System-Project-DAT096-krishna/Board_2/Board_2/Board_2.gen/sources_1/bd/design_2/synth/design_2.hwdef
ERROR: [Common 17-39] 'generate_target' failed due to earlier errors.
report_ip_status -name ip_status 
open_bd_design {Z:/DAT096/DAT096-krish/Embedded-System-Project-DAT096-krishna/Board_2/Board_2/Board_2.srcs/sources_1/bd/design_2/design_2.bd}
reset_run synth_1
INFO: [Project 1-1161] Replacing file Z:/DAT096/DAT096-krish/Embedded-System-Project-DAT096-krishna/Board_2/Board_2/Board_2.srcs/utils_1/imports/synth_1/design_2_wrapper.dcp with file Z:/DAT096/DAT096-krish/Embedded-System-Project-DAT096-krishna/Board_2/Board_2/Board_2.runs/synth_1/design_2_wrapper.dcp
WARNING: [Vivado 12-1017] Problems encountered:
1. Failed to delete one or more files in run directory Z:/DAT096/DAT096-krish/Embedded-System-Project-DAT096-krishna/Board_2/Board_2/Board_2.runs/synth_1

launch_runs impl_1 -to_step write_bitstream -jobs 28
[Wed May 27 21:07:14 2026] Launched design_2_vcsel_conv_0_0_synth_1, synth_1...
Run output will be captured here:
design_2_vcsel_conv_0_0_synth_1: Z:/DAT096/DAT096-krish/Embedded-System-Project-DAT096-krishna/Board_2/Board_2/Board_2.runs/design_2_vcsel_conv_0_0_synth_1/runme.log
synth_1: Z:/DAT096/DAT096-krish/Embedded-System-Project-DAT096-krishna/Board_2/Board_2/Board_2.runs/synth_1/runme.log
[Wed May 27 21:07:14 2026] Launched impl_1...
Run output will be captured here: Z:/DAT096/DAT096-krish/Embedded-System-Project-DAT096-krishna/Board_2/Board_2/Board_2.runs/impl_1/runme.log
set_property PROBES.FILE {Z:/DAT096/DAT096-krish/Embedded-System-Project-DAT096-krishna/Board_2/Board_2/Board_2.runs/impl_1/design_2_wrapper.ltx} [get_hw_devices xc7z020_1_1]
set_property FULL_PROBES.FILE {Z:/DAT096/DAT096-krish/Embedded-System-Project-DAT096-krishna/Board_2/Board_2/Board_2.runs/impl_1/design_2_wrapper.ltx} [get_hw_devices xc7z020_1_1]
set_property PROGRAM.FILE {Z:/DAT096/DAT096-krish/Embedded-System-Project-DAT096-krishna/Board_2/Board_2/Board_2.runs/impl_1/design_2_wrapper.bit} [get_hw_devices xc7z020_1_1]
program_hw_devices [get_hw_devices xc7z020_1_1]
INFO: [Labtools 27-3164] End of startup status: HIGH
refresh_hw_device [lindex [get_hw_devices xc7z020_1_1] 0]
INFO: [Labtools 27-2302] Device xc7z020 (JTAG device index = 1) is programmed with a design that has 1 ILA core(s).
INFO: [Labtools 27-2302] Device xc7z020 (JTAG device index = 1) is programmed with a design that has 2 VIO core(s).
WARNING: [Labtools 27-1952] VIO hw_probe OUTPUT_VALUE properties for hw_vio(s) [hw_vio_1 hw_vio_2] differ from output values in the VIO core(s).
Resolution: 
To synchronize the hw_probes properties and the VIO core outputs choose one of the following alternatives:
  1) Execute the command 'Commit Output Values to VIO Core', to write down the hw_probe values to the core.
  2) Execute the command 'Refresh Input and Output Values from VIO Core', to update the hw_probe properties with the core values.
  3) First restore initial values in the core with the command 'Reset VIO Core Outputs', and then execute the command 'Refresh Input and Output Values from VIO Core'.
set_property OUTPUT_VALUE 0 [get_hw_probes design_2_i/vio_0_probe_out0 -of_objects [get_hw_vios -of_objects [get_hw_devices xc7z020_1_1] -filter {CELL_NAME=~"design_2_i/vio_0"}]]
commit_hw_vio [get_hw_probes {design_2_i/vio_0_probe_out0} -of_objects [get_hw_vios -of_objects [get_hw_devices xc7z020_1_1] -filter {CELL_NAME=~"design_2_i/vio_0"}]]
run_hw_ila [get_hw_ilas -of_objects [get_hw_devices xc7z020_1_1] -filter {CELL_NAME=~"design_2_i/ila_0"}]
INFO: [Labtools 27-1964] The ILA core 'hw_ila_1' trigger was armed at 2026-May-27 21:15:21
wait_on_hw_ila [get_hw_ilas -of_objects [get_hw_devices xc7z020_1_1] -filter {CELL_NAME=~"design_2_i/ila_0"}]
display_hw_ila_data [upload_hw_ila_data [get_hw_ilas -of_objects [get_hw_devices xc7z020_1_1] -filter {CELL_NAME=~"design_2_i/ila_0"}]]
INFO: [Labtools 27-1966] The ILA core 'hw_ila_1' triggered at 2026-May-27 21:15:21
INFO: [Labtools 27-3304] ILA Waveform data saved to file Z:/DAT096/DAT096-krish/Embedded-System-Project-DAT096-krishna/Board_2/Board_2/Board_2.hw/backup/hw_ila_data_1.ila. Use Tcl command 'read_hw_ila_data' or Vivado File->Import->Import ILA Data menu item to import the previously saved data.
set_property OUTPUT_VALUE 1 [get_hw_probes design_2_i/vio_0_probe_out0 -of_objects [get_hw_vios -of_objects [get_hw_devices xc7z020_1_1] -filter {CELL_NAME=~"design_2_i/vio_0"}]]
commit_hw_vio [get_hw_probes {design_2_i/vio_0_probe_out0} -of_objects [get_hw_vios -of_objects [get_hw_devices xc7z020_1_1] -filter {CELL_NAME=~"design_2_i/vio_0"}]]
set_property OUTPUT_VALUE 3 [get_hw_probes design_2_i/vio_0_probe_out0 -of_objects [get_hw_vios -of_objects [get_hw_devices xc7z020_1_1] -filter {CELL_NAME=~"design_2_i/vio_0"}]]
commit_hw_vio [get_hw_probes {design_2_i/vio_0_probe_out0} -of_objects [get_hw_vios -of_objects [get_hw_devices xc7z020_1_1] -filter {CELL_NAME=~"design_2_i/vio_0"}]]
set_property OUTPUT_VALUE 2 [get_hw_probes design_2_i/vio_0_probe_out0 -of_objects [get_hw_vios -of_objects [get_hw_devices xc7z020_1_1] -filter {CELL_NAME=~"design_2_i/vio_0"}]]
commit_hw_vio [get_hw_probes {design_2_i/vio_0_probe_out0} -of_objects [get_hw_vios -of_objects [get_hw_devices xc7z020_1_1] -filter {CELL_NAME=~"design_2_i/vio_0"}]]
set_property OUTPUT_VALUE 3 [get_hw_probes design_2_i/vio_0_probe_out0 -of_objects [get_hw_vios -of_objects [get_hw_devices xc7z020_1_1] -filter {CELL_NAME=~"design_2_i/vio_0"}]]
commit_hw_vio [get_hw_probes {design_2_i/vio_0_probe_out0} -of_objects [get_hw_vios -of_objects [get_hw_devices xc7z020_1_1] -filter {CELL_NAME=~"design_2_i/vio_0"}]]
set_property OUTPUT_VALUE 7 [get_hw_probes design_2_i/vio_0_probe_out0 -of_objects [get_hw_vios -of_objects [get_hw_devices xc7z020_1_1] -filter {CELL_NAME=~"design_2_i/vio_0"}]]
commit_hw_vio [get_hw_probes {design_2_i/vio_0_probe_out0} -of_objects [get_hw_vios -of_objects [get_hw_devices xc7z020_1_1] -filter {CELL_NAME=~"design_2_i/vio_0"}]]
set_property OUTPUT_VALUE 5 [get_hw_probes design_2_i/vio_0_probe_out0 -of_objects [get_hw_vios -of_objects [get_hw_devices xc7z020_1_1] -filter {CELL_NAME=~"design_2_i/vio_0"}]]
commit_hw_vio [get_hw_probes {design_2_i/vio_0_probe_out0} -of_objects [get_hw_vios -of_objects [get_hw_devices xc7z020_1_1] -filter {CELL_NAME=~"design_2_i/vio_0"}]]
set_property OUTPUT_VALUE 4 [get_hw_probes design_2_i/vio_0_probe_out0 -of_objects [get_hw_vios -of_objects [get_hw_devices xc7z020_1_1] -filter {CELL_NAME=~"design_2_i/vio_0"}]]
commit_hw_vio [get_hw_probes {design_2_i/vio_0_probe_out0} -of_objects [get_hw_vios -of_objects [get_hw_devices xc7z020_1_1] -filter {CELL_NAME=~"design_2_i/vio_0"}]]
set_property PROBES.FILE {Z:/DAT096/DAT096-krish/Embedded-System-Project-DAT096-krishna/Board_2/Board_2/Board_2.runs/impl_1/design_2_wrapper.ltx} [get_hw_devices xc7z020_1_1]
set_property FULL_PROBES.FILE {Z:/DAT096/DAT096-krish/Embedded-System-Project-DAT096-krishna/Board_2/Board_2/Board_2.runs/impl_1/design_2_wrapper.ltx} [get_hw_devices xc7z020_1_1]
set_property PROGRAM.FILE {Z:/DAT096/DAT096-krish/Embedded-System-Project-DAT096-krishna/Board_2/Board_2/Board_2.runs/impl_1/design_2_wrapper.bit} [get_hw_devices xc7z020_1_1]
program_hw_devices [get_hw_devices xc7z020_1_1]
INFO: [Labtools 27-3164] End of startup status: HIGH
refresh_hw_device [lindex [get_hw_devices xc7z020_1_1] 0]
INFO: [Labtools 27-2302] Device xc7z020 (JTAG device index = 1) is programmed with a design that has 1 ILA core(s).
INFO: [Labtools 27-2302] Device xc7z020 (JTAG device index = 1) is programmed with a design that has 2 VIO core(s).
WARNING: [Labtools 27-1952] VIO hw_probe OUTPUT_VALUE properties for hw_vio(s) [hw_vio_1 hw_vio_2] differ from output values in the VIO core(s).
Resolution: 
To synchronize the hw_probes properties and the VIO core outputs choose one of the following alternatives:
  1) Execute the command 'Commit Output Values to VIO Core', to write down the hw_probe values to the core.
  2) Execute the command 'Refresh Input and Output Values from VIO Core', to update the hw_probe properties with the core values.
  3) First restore initial values in the core with the command 'Reset VIO Core Outputs', and then execute the command 'Refresh Input and Output Values from VIO Core'.
run_hw_ila [get_hw_ilas -of_objects [get_hw_devices xc7z020_1_1] -filter {CELL_NAME=~"design_2_i/ila_0"}]
INFO: [Labtools 27-1964] The ILA core 'hw_ila_1' trigger was armed at 2026-May-27 21:23:54
wait_on_hw_ila [get_hw_ilas -of_objects [get_hw_devices xc7z020_1_1] -filter {CELL_NAME=~"design_2_i/ila_0"}]
display_hw_ila_data [upload_hw_ila_data [get_hw_ilas -of_objects [get_hw_devices xc7z020_1_1] -filter {CELL_NAME=~"design_2_i/ila_0"}]]
INFO: [Labtools 27-1966] The ILA core 'hw_ila_1' triggered at 2026-May-27 21:23:54
INFO: [Labtools 27-3304] ILA Waveform data saved to file Z:/DAT096/DAT096-krish/Embedded-System-Project-DAT096-krishna/Board_2/Board_2/Board_2.hw/backup/hw_ila_data_1.ila. Use Tcl command 'read_hw_ila_data' or Vivado File->Import->Import ILA Data menu item to import the previously saved data.
set_property OUTPUT_VALUE 0 [get_hw_probes design_2_i/vio_0_probe_out0 -of_objects [get_hw_vios -of_objects [get_hw_devices xc7z020_1_1] -filter {CELL_NAME=~"design_2_i/vio_0"}]]
commit_hw_vio [get_hw_probes {design_2_i/vio_0_probe_out0} -of_objects [get_hw_vios -of_objects [get_hw_devices xc7z020_1_1] -filter {CELL_NAME=~"design_2_i/vio_0"}]]
set_property OUTPUT_VALUE 2 [get_hw_probes design_2_i/vio_0_probe_out0 -of_objects [get_hw_vios -of_objects [get_hw_devices xc7z020_1_1] -filter {CELL_NAME=~"design_2_i/vio_0"}]]
commit_hw_vio [get_hw_probes {design_2_i/vio_0_probe_out0} -of_objects [get_hw_vios -of_objects [get_hw_devices xc7z020_1_1] -filter {CELL_NAME=~"design_2_i/vio_0"}]]
set_property OUTPUT_VALUE 0 [get_hw_probes design_2_i/vio_0_probe_out0 -of_objects [get_hw_vios -of_objects [get_hw_devices xc7z020_1_1] -filter {CELL_NAME=~"design_2_i/vio_0"}]]
commit_hw_vio [get_hw_probes {design_2_i/vio_0_probe_out0} -of_objects [get_hw_vios -of_objects [get_hw_devices xc7z020_1_1] -filter {CELL_NAME=~"design_2_i/vio_0"}]]
open_bd_design {Z:/DAT096/DAT096-krish/Embedded-System-Project-DAT096-krishna/Board_2/Board_2/Board_2.srcs/sources_1/bd/design_2/design_2.bd}
delete_bd_objs [get_bd_nets top_awgn_0_awgn_re_dbg]
save_bd_design
Wrote  : <Z:\DAT096\DAT096-krish\Embedded-System-Project-DAT096-krishna\Board_2\Board_2\Board_2.srcs\sources_1\bd\design_2\design_2.bd> 
Wrote  : <Z:/DAT096/DAT096-krish/Embedded-System-Project-DAT096-krishna/Board_2/Board_2/Board_2.srcs/sources_1/bd/design_2/ui/bd_1fdbff51.ui> 
reset_run synth_1
INFO: [Project 1-1161] Replacing file Z:/DAT096/DAT096-krish/Embedded-System-Project-DAT096-krishna/Board_2/Board_2/Board_2.srcs/utils_1/imports/synth_1/design_2_wrapper.dcp with file Z:/DAT096/DAT096-krish/Embedded-System-Project-DAT096-krishna/Board_2/Board_2/Board_2.runs/synth_1/design_2_wrapper.dcp
WARNING: [Vivado 12-1017] Problems encountered:
1. Failed to delete one or more files in run directory Z:/DAT096/DAT096-krish/Embedded-System-Project-DAT096-krishna/Board_2/Board_2/Board_2.runs/synth_1

launch_runs impl_1 -to_step write_bitstream -jobs 28
WARNING: [BD 41-2670] Found an incomplete address path from address space '/processing_system7_0/Data' to master interface '/processing_system7_0/M_AXI_GP0'. Please either complete or remove this path to resolve.
WARNING: [BD 5-699] No address segments matched 'get_bd_addr_segs -of_objects /processing_system7_0/Data'
ERROR: [Common 17-161] Invalid option value '' specified for 'object'.
ERROR: [BD 41-1273] Error running propagate TCL procedure: ERROR: [Common 17-161] Invalid option value '' specified for 'object'.
    ::xilinx.com_ip_ila_6.2::propagate Line 95
INFO: [xilinx.com:ip:clk_wiz:6.0-1] /clk_wiz_0 clk_wiz propagate
CRITICAL WARNING: [BD 41-759] The input pins (listed below) are either not connected or do not have a source port, and they don't have a tie-off specified. These pins are tied-off to all 0's to avoid error in Implementation flow.
Please check your design and connect them as needed: 
/vcsel_conv_0/noise_data

Wrote  : <Z:\DAT096\DAT096-krish\Embedded-System-Project-DAT096-krishna\Board_2\Board_2\Board_2.srcs\sources_1\bd\design_2\design_2.bd> 
VHDL Output written to : z:/DAT096/DAT096-krish/Embedded-System-Project-DAT096-krishna/Board_2/Board_2/Board_2.gen/sources_1/bd/design_2/synth/design_2.vhd
VHDL Output written to : z:/DAT096/DAT096-krish/Embedded-System-Project-DAT096-krishna/Board_2/Board_2/Board_2.gen/sources_1/bd/design_2/sim/design_2.vhd
VHDL Output written to : z:/DAT096/DAT096-krish/Embedded-System-Project-DAT096-krishna/Board_2/Board_2/Board_2.gen/sources_1/bd/design_2/hdl/design_2_wrapper.vhd
Exporting to file z:/DAT096/DAT096-krish/Embedded-System-Project-DAT096-krishna/Board_2/Board_2/Board_2.gen/sources_1/bd/design_2/hw_handoff/design_2.hwh
Generated Hardware Definition File z:/DAT096/DAT096-krish/Embedded-System-Project-DAT096-krishna/Board_2/Board_2/Board_2.gen/sources_1/bd/design_2/synth/design_2.hwdef
ERROR: [Vivado 12-4756] Launch of runs aborted due to earlier errors while preparing sub-designs for run execution.
launch_runs impl_1 -to_step write_bitstream -jobs 28
[Wed May 27 21:32:57 2026] Launched synth_1...
Run output will be captured here: Z:/DAT096/DAT096-krish/Embedded-System-Project-DAT096-krishna/Board_2/Board_2/Board_2.runs/synth_1/runme.log
[Wed May 27 21:32:57 2026] Launched impl_1...
Run output will be captured here: Z:/DAT096/DAT096-krish/Embedded-System-Project-DAT096-krishna/Board_2/Board_2/Board_2.runs/impl_1/runme.log
open_bd_design {Z:/DAT096/DAT096-krish/Embedded-System-Project-DAT096-krishna/Board_2/Board_2/Board_2.srcs/sources_1/bd/design_2/design_2.bd}
connect_bd_net [get_bd_pins top_awgn_0/awgn_re_dbg] [get_bd_pins vcsel_conv_0/noise_data]
report_ip_status -name ip_status 
update_module_reference [get_ips  design_2_vcsel_conv_0_0]
INFO: [IP_Flow 19-5107] Inferred bus interface 'clk' of definition 'xilinx.com:signal:clock:1.0' (from Xilinx Repository).
WARNING: [IP_Flow 19-5661] Bus Interface 'clk' does not have any bus interfaces associated with it.
WARNING: [IP_Flow 19-11770] Clock interface 'clk' has no FREQ_HZ parameter.
WARNING: [IP_Flow 19-1663] Duplicate IP found for 'digilentinc.com:user:axi_i2s_adi:1.2'. The one found in IP location 'z:/DAT096/vivado-library-b0946605e3617c901635278b62d0f6a8e3942844/ip/axi_i2s_adi_1.2' will take precedence over the same IP in location z:/DAT096/vivado-library-master/ip/axi_i2s_adi_1.2
WARNING: [IP_Flow 19-1663] Duplicate IP found for 'digilentinc.com:IP:axi_ps2:1.0'. The one found in IP location 'z:/DAT096/vivado-library-b0946605e3617c901635278b62d0f6a8e3942844/ip/axi_ps2_1.0' will take precedence over the same IP in location z:/DAT096/vivado-library-master/ip/axi_ps2_1.0
WARNING: [IP_Flow 19-1663] Duplicate IP found for 'digilentinc.com:ip:clock_forwarder:1.1'. The one found in IP location 'z:/DAT096/vivado-library-b0946605e3617c901635278b62d0f6a8e3942844/ip/clock_forwarder' will take precedence over the same IP in location z:/DAT096/vivado-library-master/ip/clock_forwarder
WARNING: [IP_Flow 19-1663] Duplicate IP found for 'digilentinc.com:IP:hls_contrast_stretch:1.0'. The one found in IP location 'z:/DAT096/vivado-library-b0946605e3617c901635278b62d0f6a8e3942844/ip/hls_contrast_stretch_1_0' will take precedence over the same IP in location z:/DAT096/vivado-library-master/ip/hls_contrast_stretch_1_0
WARNING: [IP_Flow 19-1663] Duplicate IP found for 'digilentinc.com:IP:hls_gamma_correction:1.0'. The one found in IP location 'z:/DAT096/vivado-library-b0946605e3617c901635278b62d0f6a8e3942844/ip/hls_gamma_correction_1_0' will take precedence over the same IP in location z:/DAT096/vivado-library-master/ip/hls_gamma_correction_1_0
WARNING: [IP_Flow 19-1663] Duplicate IP found for 'digilentinc.com:IP:hls_saturation_enhance:1.0'. The one found in IP location 'z:/DAT096/vivado-library-b0946605e3617c901635278b62d0f6a8e3942844/ip/hls_saturation_enhance_1_0' will take precedence over the same IP in location z:/DAT096/vivado-library-master/ip/hls_saturation_enhance_1_0
WARNING: [IP_Flow 19-1663] Duplicate IP found for 'digilentinc.com:ip:rgb2dpvid:1.0'. The one found in IP location 'z:/DAT096/vivado-library-b0946605e3617c901635278b62d0f6a8e3942844/ip/rgb2dpvid_v1_0' will take precedence over the same IP in location z:/DAT096/vivado-library-master/ip/rgb2dpvid_v1_0
WARNING: [IP_Flow 19-1663] Duplicate IP found for 'digilentinc.com:ip:rgb2vga:1.0'. The one found in IP location 'z:/DAT096/vivado-library-b0946605e3617c901635278b62d0f6a8e3942844/ip/rgb2vga_v1_0' will take precedence over the same IP in location z:/DAT096/vivado-library-master/ip/rgb2vga_v1_0
WARNING: [IP_Flow 19-1663] Duplicate IP found for 'digilentinc.com:ip:Sync:1.0'. The one found in IP location 'z:/DAT096/vivado-library-b0946605e3617c901635278b62d0f6a8e3942844/ip/Sync_v1_0' will take precedence over the same IP in location z:/DAT096/vivado-library-master/ip/Sync_v1_0
WARNING: [IP_Flow 19-1663] Duplicate IP found for 'digilentinc.com:ip:usb2device:1.0'. The one found in IP location 'z:/DAT096/vivado-library-b0946605e3617c901635278b62d0f6a8e3942844/ip/usb2device_v1_0' will take precedence over the same IP in location z:/DAT096/vivado-library-master/ip/usb2device_v1_0
WARNING: [IP_Flow 19-1663] Duplicate IP found for 'digilentinc.com:video:video_scaler:1.0'. The one found in IP location 'z:/DAT096/vivado-library-b0946605e3617c901635278b62d0f6a8e3942844/ip/video_scaler' will take precedence over the same IP in location z:/DAT096/vivado-library-master/ip/video_scaler
WARNING: [IP_Flow 19-1663] Duplicate IP found for 'digilentinc.com:ip:dvi2rgb:2.0'. The one found in IP location 'z:/DAT096/vivado-library-master/ip/dvi2rgb' will take precedence over the same IP in location z:/DAT096/vivado-library-b0946605e3617c901635278b62d0f6a8e3942844/ip/dvi2rgb
WARNING: [IP_Flow 19-1663] Duplicate IP found for 'digilentinc.com:IP:MotorFeedback:1.0'. The one found in IP location 'z:/DAT096/vivado-library-master/ip/MotorFeedback_1.0' will take precedence over the same IP in location z:/DAT096/vivado-library-b0946605e3617c901635278b62d0f6a8e3942844/ip/MotorFeedback_1.0
WARNING: [IP_Flow 19-1663] Duplicate IP found for 'digilentinc.com:IP:PmodACL2:1.0'. The one found in IP location 'z:/DAT096/vivado-library-master/ip/Pmods/PmodACL2_v1_0' will take precedence over the same IP in location z:/DAT096/vivado-library-b0946605e3617c901635278b62d0f6a8e3942844/ip/Pmods/PmodACL2_v1_0
WARNING: [IP_Flow 19-1663] Duplicate IP found for 'digilentinc.com:IP:PmodACL:1.0'. The one found in IP location 'z:/DAT096/vivado-library-master/ip/Pmods/PmodACL_v1_0' will take precedence over the same IP in location z:/DAT096/vivado-library-b0946605e3617c901635278b62d0f6a8e3942844/ip/Pmods/PmodACL_v1_0
WARNING: [IP_Flow 19-1663] Duplicate IP found for 'digilentinc.com:IP:PmodAD1:1.0'. The one found in IP location 'z:/DAT096/vivado-library-master/ip/Pmods/PmodAD1_v1_0' will take precedence over the same IP in location z:/DAT096/vivado-library-b0946605e3617c901635278b62d0f6a8e3942844/ip/Pmods/PmodAD1_v1_0
WARNING: [IP_Flow 19-1663] Duplicate IP found for 'digilentinc.com:IP:PmodAD2:1.0'. The one found in IP location 'z:/DAT096/vivado-library-master/ip/Pmods/PmodAD2_v1_0' will take precedence over the same IP in location z:/DAT096/vivado-library-b0946605e3617c901635278b62d0f6a8e3942844/ip/Pmods/PmodAD2_v1_0
WARNING: [IP_Flow 19-1663] Duplicate IP found for 'digilentinc.com:IP:PmodAD5:1.0'. The one found in IP location 'z:/DAT096/vivado-library-master/ip/Pmods/PmodAD5_v1_0' will take precedence over the same IP in location z:/DAT096/vivado-library-b0946605e3617c901635278b62d0f6a8e3942844/ip/Pmods/PmodAD5_v1_0
WARNING: [IP_Flow 19-1663] Duplicate IP found for 'digilentinc.com:IP:PmodALS:1.0'. The one found in IP location 'z:/DAT096/vivado-library-master/ip/Pmods/PmodALS_v1_0' will take precedence over the same IP in location z:/DAT096/vivado-library-b0946605e3617c901635278b62d0f6a8e3942844/ip/Pmods/PmodALS_v1_0
WARNING: [IP_Flow 19-1663] Duplicate IP found for 'digilentinc.com:IP:PmodAMP2:1.0'. The one found in IP location 'z:/DAT096/vivado-library-master/ip/Pmods/PmodAMP2_v1_0' will take precedence over the same IP in location z:/DAT096/vivado-library-b0946605e3617c901635278b62d0f6a8e3942844/ip/Pmods/PmodAMP2_v1_0
WARNING: [IP_Flow 19-1663] Duplicate IP found for 'digilentinc.com:IP:PmodAQS:1.0'. The one found in IP location 'z:/DAT096/vivado-library-master/ip/Pmods/PmodAQS_v1_0' will take precedence over the same IP in location z:/DAT096/vivado-library-b0946605e3617c901635278b62d0f6a8e3942844/ip/Pmods/PmodAQS_v1_0
WARNING: [IP_Flow 19-1663] Duplicate IP found for 'digilentinc.com:IP:PmodBLE:1.0'. The one found in IP location 'z:/DAT096/vivado-library-master/ip/Pmods/PmodBLE_v1_0' will take precedence over the same IP in location z:/DAT096/vivado-library-b0946605e3617c901635278b62d0f6a8e3942844/ip/Pmods/PmodBLE_v1_0
WARNING: [IP_Flow 19-1663] Duplicate IP found for 'digilentinc.com:IP:PmodBT2:1.0'. The one found in IP location 'z:/DAT096/vivado-library-master/ip/Pmods/PmodBT2_v1_0' will take precedence over the same IP in location z:/DAT096/vivado-library-b0946605e3617c901635278b62d0f6a8e3942844/ip/Pmods/PmodBT2_v1_0
WARNING: [IP_Flow 19-1663] Duplicate IP found for 'digilentinc.com:IP:PmodCAN:1.0'. The one found in IP location 'z:/DAT096/vivado-library-master/ip/Pmods/PmodCAN_v1_0' will take precedence over the same IP in location z:/DAT096/vivado-library-b0946605e3617c901635278b62d0f6a8e3942844/ip/Pmods/PmodCAN_v1_0
WARNING: [IP_Flow 19-1663] Duplicate IP found for 'digilentinc.com:IP:PmodCLS:1.0'. The one found in IP location 'z:/DAT096/vivado-library-master/ip/Pmods/PmodCLS_v1_0' will take precedence over the same IP in location z:/DAT096/vivado-library-b0946605e3617c901635278b62d0f6a8e3942844/ip/Pmods/PmodCLS_v1_0
WARNING: [IP_Flow 19-1663] Duplicate IP found for 'digilentinc.com:IP:PmodCMPS2:1.0'. The one found in IP location 'z:/DAT096/vivado-library-master/ip/Pmods/PmodCMPS2_v1_0' will take precedence over the same IP in location z:/DAT096/vivado-library-b0946605e3617c901635278b62d0f6a8e3942844/ip/Pmods/PmodCMPS2_v1_0
WARNING: [IP_Flow 19-1663] Duplicate IP found for 'digilentinc.com:IP:PmodCOLOR:1.0'. The one found in IP location 'z:/DAT096/vivado-library-master/ip/Pmods/PmodCOLOR_v1_0' will take precedence over the same IP in location z:/DAT096/vivado-library-b0946605e3617c901635278b62d0f6a8e3942844/ip/Pmods/PmodCOLOR_v1_0
WARNING: [IP_Flow 19-1663] Duplicate IP found for 'digilentinc.com:IP:PmodDA1:1.0'. The one found in IP location 'z:/DAT096/vivado-library-master/ip/Pmods/PmodDA1_v1_0' will take precedence over the same IP in location z:/DAT096/vivado-library-b0946605e3617c901635278b62d0f6a8e3942844/ip/Pmods/PmodDA1_v1_0
WARNING: [IP_Flow 19-1663] Duplicate IP found for 'digilentinc.com:IP:PmodDHB1:1.0'. The one found in IP location 'z:/DAT096/vivado-library-master/ip/Pmods/PmodDHB1_v1_0' will take precedence over the same IP in location z:/DAT096/vivado-library-b0946605e3617c901635278b62d0f6a8e3942844/ip/Pmods/PmodDHB1_v1_0
WARNING: [IP_Flow 19-1663] Duplicate IP found for 'digilentinc.com:IP:PmodDPG1:1.0'. The one found in IP location 'z:/DAT096/vivado-library-master/ip/Pmods/PmodDPG1_v1_0' will take precedence over the same IP in location z:/DAT096/vivado-library-b0946605e3617c901635278b62d0f6a8e3942844/ip/Pmods/PmodDPG1_v1_0
WARNING: [IP_Flow 19-1663] Duplicate IP found for 'digilentinc.com:IP:PmodENC:1.0'. The one found in IP location 'z:/DAT096/vivado-library-master/ip/Pmods/PmodENC_v1_0' will take precedence over the same IP in location z:/DAT096/vivado-library-b0946605e3617c901635278b62d0f6a8e3942844/ip/Pmods/PmodENC_v1_0
WARNING: [IP_Flow 19-1663] Duplicate IP found for 'digilentinc.com:user:PmodESP32:1.0'. The one found in IP location 'z:/DAT096/vivado-library-master/ip/Pmods/PmodESP32_v1_0' will take precedence over the same IP in location z:/DAT096/vivado-library-b0946605e3617c901635278b62d0f6a8e3942844/ip/Pmods/PmodESP32_v1_0
WARNING: [IP_Flow 19-1663] Duplicate IP found for 'digilentinc.com:IP:PmodGPIO:1.0'. The one found in IP location 'z:/DAT096/vivado-library-master/ip/Pmods/PmodGPIO_v1_0' will take precedence over the same IP in location z:/DAT096/vivado-library-b0946605e3617c901635278b62d0f6a8e3942844/ip/Pmods/PmodGPIO_v1_0
WARNING: [IP_Flow 19-1663] Duplicate IP found for 'digilentinc.com:IP:PmodGPS:1.1'. The one found in IP location 'z:/DAT096/vivado-library-master/ip/Pmods/PmodGPS_v1_1' will take precedence over the same IP in location z:/DAT096/vivado-library-b0946605e3617c901635278b62d0f6a8e3942844/ip/Pmods/PmodGPS_v1_1
WARNING: [IP_Flow 19-1663] Duplicate IP found for 'digilentinc.com:IP:PmodGYRO:1.0'. The one found in IP location 'z:/DAT096/vivado-library-master/ip/Pmods/PmodGYRO_v1_0' will take precedence over the same IP in location z:/DAT096/vivado-library-b0946605e3617c901635278b62d0f6a8e3942844/ip/Pmods/PmodGYRO_v1_0
WARNING: [IP_Flow 19-1663] Duplicate IP found for 'digilentinc.com:IP:PmodHYGRO:1.0'. The one found in IP location 'z:/DAT096/vivado-library-master/ip/Pmods/PmodHYGRO_v1_0' will take precedence over the same IP in location z:/DAT096/vivado-library-b0946605e3617c901635278b62d0f6a8e3942844/ip/Pmods/PmodHYGRO_v1_0
WARNING: [IP_Flow 19-1663] Duplicate IP found for 'digilentinc.com:IP:PmodJSTK2:1.0'. The one found in IP location 'z:/DAT096/vivado-library-master/ip/Pmods/PmodJSTK2_v1_0' will take precedence over the same IP in location z:/DAT096/vivado-library-b0946605e3617c901635278b62d0f6a8e3942844/ip/Pmods/PmodJSTK2_v1_0
WARNING: [IP_Flow 19-1663] Duplicate IP found for 'digilentinc.com:IP:PmodJSTK:1.0'. The one found in IP location 'z:/DAT096/vivado-library-master/ip/Pmods/PmodJSTK_v1_0' will take precedence over the same IP in location z:/DAT096/vivado-library-b0946605e3617c901635278b62d0f6a8e3942844/ip/Pmods/PmodJSTK_v1_0
WARNING: [IP_Flow 19-1663] Duplicate IP found for 'digilentinc.com:IP:PmodKYPD:1.0'. The one found in IP location 'z:/DAT096/vivado-library-master/ip/Pmods/PmodKYPD_v1_0' will take precedence over the same IP in location z:/DAT096/vivado-library-b0946605e3617c901635278b62d0f6a8e3942844/ip/Pmods/PmodKYPD_v1_0
WARNING: [IP_Flow 19-1663] Duplicate IP found for 'digilentinc.com:IP:PmodMAXSONAR:1.0'. The one found in IP location 'z:/DAT096/vivado-library-master/ip/Pmods/PmodMAXSONAR_v1_0' will take precedence over the same IP in location z:/DAT096/vivado-library-b0946605e3617c901635278b62d0f6a8e3942844/ip/Pmods/PmodMAXSONAR_v1_0
WARNING: [IP_Flow 19-1663] Duplicate IP found for 'digilentinc.com:IP:PmodMTDS:1.0'. The one found in IP location 'z:/DAT096/vivado-library-master/ip/Pmods/PmodMTDS_v1_0' will take precedence over the same IP in location z:/DAT096/vivado-library-b0946605e3617c901635278b62d0f6a8e3942844/ip/Pmods/PmodMTDS_v1_0
WARNING: [IP_Flow 19-1663] Duplicate IP found for 'digilentinc.com:IP:PmodNAV:1.0'. The one found in IP location 'z:/DAT096/vivado-library-master/ip/Pmods/PmodNAV_v1_0' will take precedence over the same IP in location z:/DAT096/vivado-library-b0946605e3617c901635278b62d0f6a8e3942844/ip/Pmods/PmodNAV_v1_0
WARNING: [IP_Flow 19-1663] Duplicate IP found for 'digilentinc.com:IP:PmodOLEDrgb:1.0'. The one found in IP location 'z:/DAT096/vivado-library-master/ip/Pmods/pmodOLEDrgb_v1_0' will take precedence over the same IP in location z:/DAT096/vivado-library-b0946605e3617c901635278b62d0f6a8e3942844/ip/Pmods/pmodOLEDrgb_v1_0
WARNING: [IP_Flow 19-1663] Duplicate IP found for 'digilentinc.com:IP:PmodOLED:1.0'. The one found in IP location 'z:/DAT096/vivado-library-master/ip/Pmods/PmodOLED_v1_0' will take precedence over the same IP in location z:/DAT096/vivado-library-b0946605e3617c901635278b62d0f6a8e3942844/ip/Pmods/PmodOLED_v1_0
WARNING: [IP_Flow 19-1663] Duplicate IP found for 'digilentinc.com:IP:PmodPIR:1.0'. The one found in IP location 'z:/DAT096/vivado-library-master/ip/Pmods/PmodPIR_v1_0' will take precedence over the same IP in location z:/DAT096/vivado-library-b0946605e3617c901635278b62d0f6a8e3942844/ip/Pmods/PmodPIR_v1_0
WARNING: [IP_Flow 19-1663] Duplicate IP found for 'digilentinc.com:IP:PmodR2R:1.0'. The one found in IP location 'z:/DAT096/vivado-library-master/ip/Pmods/PmodR2R_v1_0' will take precedence over the same IP in location z:/DAT096/vivado-library-b0946605e3617c901635278b62d0f6a8e3942844/ip/Pmods/PmodR2R_v1_0
WARNING: [IP_Flow 19-1663] Duplicate IP found for 'digilentinc.com:IP:PmodRTCC:1.0'. The one found in IP location 'z:/DAT096/vivado-library-master/ip/Pmods/PmodRTCC_v1_0' will take precedence over the same IP in location z:/DAT096/vivado-library-b0946605e3617c901635278b62d0f6a8e3942844/ip/Pmods/PmodRTCC_v1_0
WARNING: [IP_Flow 19-1663] Duplicate IP found for 'digilentinc.com:IP:PmodSD:1.0'. The one found in IP location 'z:/DAT096/vivado-library-master/ip/Pmods/PmodSD_v1_0' will take precedence over the same IP in location z:/DAT096/vivado-library-b0946605e3617c901635278b62d0f6a8e3942844/ip/Pmods/PmodSD_v1_0
WARNING: [IP_Flow 19-1663] Duplicate IP found for 'digilentinc.com:IP:PmodSF3:1.0'. The one found in IP location 'z:/DAT096/vivado-library-master/ip/Pmods/PmodSF3_v1_0' will take precedence over the same IP in location z:/DAT096/vivado-library-b0946605e3617c901635278b62d0f6a8e3942844/ip/Pmods/PmodSF3_v1_0
WARNING: [IP_Flow 19-1663] Duplicate IP found for 'digilentinc.com:IP:PmodTC1:1.0'. The one found in IP location 'z:/DAT096/vivado-library-master/ip/Pmods/PmodTC1_v1_0' will take precedence over the same IP in location z:/DAT096/vivado-library-b0946605e3617c901635278b62d0f6a8e3942844/ip/Pmods/PmodTC1_v1_0
WARNING: [IP_Flow 19-1663] Duplicate IP found for 'digilentinc.com:IP:PmodTMP3:1.0'. The one found in IP location 'z:/DAT096/vivado-library-master/ip/Pmods/PmodTMP3_v1_0' will take precedence over the same IP in location z:/DAT096/vivado-library-b0946605e3617c901635278b62d0f6a8e3942844/ip/Pmods/PmodTMP3_v1_0
WARNING: [IP_Flow 19-1663] Duplicate IP found for 'digilentinc.com:IP:PmodWIFI:1.0'. The one found in IP location 'z:/DAT096/vivado-library-master/ip/Pmods/PmodWIFI_v1_0' will take precedence over the same IP in location z:/DAT096/vivado-library-b0946605e3617c901635278b62d0f6a8e3942844/ip/Pmods/PmodWIFI_v1_0
WARNING: [IP_Flow 19-1663] Duplicate IP found for 'digilentinc.com:ip:pmod_bridge:1.0'. The one found in IP location 'z:/DAT096/vivado-library-master/ip/Pmods/Pmod_Bridge_v1_0' will take precedence over the same IP in location z:/DAT096/vivado-library-b0946605e3617c901635278b62d0f6a8e3942844/ip/Pmods/Pmod_Bridge_v1_0
WARNING: [IP_Flow 19-1663] Duplicate IP found for 'digilentinc.com:ip:pmod_bridge:1.1'. The one found in IP location 'z:/DAT096/vivado-library-master/ip/Pmods/Pmod_Bridge_v1_1' will take precedence over the same IP in location z:/DAT096/vivado-library-b0946605e3617c901635278b62d0f6a8e3942844/ip/Pmods/Pmod_Bridge_v1_1
WARNING: [IP_Flow 19-1663] Duplicate IP found for 'digilentinc.com:IP:PWM:1.0'. The one found in IP location 'z:/DAT096/vivado-library-master/ip/PWM_1.0' will take precedence over the same IP in location z:/DAT096/vivado-library-b0946605e3617c901635278b62d0f6a8e3942844/ip/PWM_1.0
WARNING: [IP_Flow 19-1663] Duplicate IP found for 'digilentinc.com:IP:PWM:2.0'. The one found in IP location 'z:/DAT096/vivado-library-master/ip/PWM_2.0' will take precedence over the same IP in location z:/DAT096/vivado-library-b0946605e3617c901635278b62d0f6a8e3942844/ip/PWM_2.0
WARNING: [IP_Flow 19-1663] Duplicate IP found for 'digilentinc.com:IP:PWM_Analyzer:1.0'. The one found in IP location 'z:/DAT096/vivado-library-master/ip/PWM_Analyzer_1.0' will take precedence over the same IP in location z:/DAT096/vivado-library-b0946605e3617c901635278b62d0f6a8e3942844/ip/PWM_Analyzer_1.0
WARNING: [IP_Flow 19-1663] Duplicate IP found for 'digilentinc.com:ip:rgb2dvi:1.4'. The one found in IP location 'z:/DAT096/vivado-library-master/ip/rgb2dvi' will take precedence over the same IP in location z:/DAT096/vivado-library-b0946605e3617c901635278b62d0f6a8e3942844/ip/rgb2dvi
WARNING: [IP_Flow 19-4830] Duplicate Interface found for 'digilentinc.com:interface:pmod:1.0'. The one found in location 'z:/DAT096/vivado-library-b0946605e3617c901635278b62d0f6a8e3942844/if/pmod_v1_0/pmod.xml' will take precedence over the same Interface in location 'z:/DAT096/vivado-library-master/if/pmod_v1_0/pmod.xml'
WARNING: [IP_Flow 19-4830] Duplicate Interface found for 'digilentinc.com:interface:tmds:1.0'. The one found in location 'z:/DAT096/vivado-library-b0946605e3617c901635278b62d0f6a8e3942844/if/tmds_v1_0/tmds.xml' will take precedence over the same Interface in location 'z:/DAT096/vivado-library-master/if/tmds_v1_0/tmds.xml'
INFO: [IP_Flow 19-5107] Inferred bus interface 'clk' of definition 'xilinx.com:signal:clock:1.0' (from Xilinx Repository).
WARNING: [IP_Flow 19-5661] Bus Interface 'clk' does not have any bus interfaces associated with it.
WARNING: [IP_Flow 19-11770] Clock interface 'clk' has no FREQ_HZ parameter.
WARNING: [IP_Flow 19-1663] Duplicate IP found for 'digilentinc.com:user:axi_i2s_adi:1.2'. The one found in IP location 'z:/DAT096/vivado-library-b0946605e3617c901635278b62d0f6a8e3942844/ip/axi_i2s_adi_1.2' will take precedence over the same IP in location z:/DAT096/vivado-library-master/ip/axi_i2s_adi_1.2
WARNING: [IP_Flow 19-1663] Duplicate IP found for 'digilentinc.com:IP:axi_ps2:1.0'. The one found in IP location 'z:/DAT096/vivado-library-b0946605e3617c901635278b62d0f6a8e3942844/ip/axi_ps2_1.0' will take precedence over the same IP in location z:/DAT096/vivado-library-master/ip/axi_ps2_1.0
WARNING: [IP_Flow 19-1663] Duplicate IP found for 'digilentinc.com:ip:clock_forwarder:1.1'. The one found in IP location 'z:/DAT096/vivado-library-b0946605e3617c901635278b62d0f6a8e3942844/ip/clock_forwarder' will take precedence over the same IP in location z:/DAT096/vivado-library-master/ip/clock_forwarder
WARNING: [IP_Flow 19-1663] Duplicate IP found for 'digilentinc.com:IP:hls_contrast_stretch:1.0'. The one found in IP location 'z:/DAT096/vivado-library-b0946605e3617c901635278b62d0f6a8e3942844/ip/hls_contrast_stretch_1_0' will take precedence over the same IP in location z:/DAT096/vivado-library-master/ip/hls_contrast_stretch_1_0
WARNING: [IP_Flow 19-1663] Duplicate IP found for 'digilentinc.com:IP:hls_gamma_correction:1.0'. The one found in IP location 'z:/DAT096/vivado-library-b0946605e3617c901635278b62d0f6a8e3942844/ip/hls_gamma_correction_1_0' will take precedence over the same IP in location z:/DAT096/vivado-library-master/ip/hls_gamma_correction_1_0
WARNING: [IP_Flow 19-1663] Duplicate IP found for 'digilentinc.com:IP:hls_saturation_enhance:1.0'. The one found in IP location 'z:/DAT096/vivado-library-b0946605e3617c901635278b62d0f6a8e3942844/ip/hls_saturation_enhance_1_0' will take precedence over the same IP in location z:/DAT096/vivado-library-master/ip/hls_saturation_enhance_1_0
WARNING: [IP_Flow 19-1663] Duplicate IP found for 'digilentinc.com:ip:rgb2dpvid:1.0'. The one found in IP location 'z:/DAT096/vivado-library-b0946605e3617c901635278b62d0f6a8e3942844/ip/rgb2dpvid_v1_0' will take precedence over the same IP in location z:/DAT096/vivado-library-master/ip/rgb2dpvid_v1_0
WARNING: [IP_Flow 19-1663] Duplicate IP found for 'digilentinc.com:ip:rgb2vga:1.0'. The one found in IP location 'z:/DAT096/vivado-library-b0946605e3617c901635278b62d0f6a8e3942844/ip/rgb2vga_v1_0' will take precedence over the same IP in location z:/DAT096/vivado-library-master/ip/rgb2vga_v1_0
WARNING: [IP_Flow 19-1663] Duplicate IP found for 'digilentinc.com:ip:Sync:1.0'. The one found in IP location 'z:/DAT096/vivado-library-b0946605e3617c901635278b62d0f6a8e3942844/ip/Sync_v1_0' will take precedence over the same IP in location z:/DAT096/vivado-library-master/ip/Sync_v1_0
WARNING: [IP_Flow 19-1663] Duplicate IP found for 'digilentinc.com:ip:usb2device:1.0'. The one found in IP location 'z:/DAT096/vivado-library-b0946605e3617c901635278b62d0f6a8e3942844/ip/usb2device_v1_0' will take precedence over the same IP in location z:/DAT096/vivado-library-master/ip/usb2device_v1_0
WARNING: [IP_Flow 19-1663] Duplicate IP found for 'digilentinc.com:video:video_scaler:1.0'. The one found in IP location 'z:/DAT096/vivado-library-b0946605e3617c901635278b62d0f6a8e3942844/ip/video_scaler' will take precedence over the same IP in location z:/DAT096/vivado-library-master/ip/video_scaler
WARNING: [IP_Flow 19-1663] Duplicate IP found for 'digilentinc.com:ip:dvi2rgb:2.0'. The one found in IP location 'z:/DAT096/vivado-library-master/ip/dvi2rgb' will take precedence over the same IP in location z:/DAT096/vivado-library-b0946605e3617c901635278b62d0f6a8e3942844/ip/dvi2rgb
WARNING: [IP_Flow 19-1663] Duplicate IP found for 'digilentinc.com:IP:MotorFeedback:1.0'. The one found in IP location 'z:/DAT096/vivado-library-master/ip/MotorFeedback_1.0' will take precedence over the same IP in location z:/DAT096/vivado-library-b0946605e3617c901635278b62d0f6a8e3942844/ip/MotorFeedback_1.0
WARNING: [IP_Flow 19-1663] Duplicate IP found for 'digilentinc.com:IP:PmodACL2:1.0'. The one found in IP location 'z:/DAT096/vivado-library-master/ip/Pmods/PmodACL2_v1_0' will take precedence over the same IP in location z:/DAT096/vivado-library-b0946605e3617c901635278b62d0f6a8e3942844/ip/Pmods/PmodACL2_v1_0
WARNING: [IP_Flow 19-1663] Duplicate IP found for 'digilentinc.com:IP:PmodACL:1.0'. The one found in IP location 'z:/DAT096/vivado-library-master/ip/Pmods/PmodACL_v1_0' will take precedence over the same IP in location z:/DAT096/vivado-library-b0946605e3617c901635278b62d0f6a8e3942844/ip/Pmods/PmodACL_v1_0
WARNING: [IP_Flow 19-1663] Duplicate IP found for 'digilentinc.com:IP:PmodAD1:1.0'. The one found in IP location 'z:/DAT096/vivado-library-master/ip/Pmods/PmodAD1_v1_0' will take precedence over the same IP in location z:/DAT096/vivado-library-b0946605e3617c901635278b62d0f6a8e3942844/ip/Pmods/PmodAD1_v1_0
WARNING: [IP_Flow 19-1663] Duplicate IP found for 'digilentinc.com:IP:PmodAD2:1.0'. The one found in IP location 'z:/DAT096/vivado-library-master/ip/Pmods/PmodAD2_v1_0' will take precedence over the same IP in location z:/DAT096/vivado-library-b0946605e3617c901635278b62d0f6a8e3942844/ip/Pmods/PmodAD2_v1_0
WARNING: [IP_Flow 19-1663] Duplicate IP found for 'digilentinc.com:IP:PmodAD5:1.0'. The one found in IP location 'z:/DAT096/vivado-library-master/ip/Pmods/PmodAD5_v1_0' will take precedence over the same IP in location z:/DAT096/vivado-library-b0946605e3617c901635278b62d0f6a8e3942844/ip/Pmods/PmodAD5_v1_0
WARNING: [IP_Flow 19-1663] Duplicate IP found for 'digilentinc.com:IP:PmodALS:1.0'. The one found in IP location 'z:/DAT096/vivado-library-master/ip/Pmods/PmodALS_v1_0' will take precedence over the same IP in location z:/DAT096/vivado-library-b0946605e3617c901635278b62d0f6a8e3942844/ip/Pmods/PmodALS_v1_0
WARNING: [IP_Flow 19-1663] Duplicate IP found for 'digilentinc.com:IP:PmodAMP2:1.0'. The one found in IP location 'z:/DAT096/vivado-library-master/ip/Pmods/PmodAMP2_v1_0' will take precedence over the same IP in location z:/DAT096/vivado-library-b0946605e3617c901635278b62d0f6a8e3942844/ip/Pmods/PmodAMP2_v1_0
WARNING: [IP_Flow 19-1663] Duplicate IP found for 'digilentinc.com:IP:PmodAQS:1.0'. The one found in IP location 'z:/DAT096/vivado-library-master/ip/Pmods/PmodAQS_v1_0' will take precedence over the same IP in location z:/DAT096/vivado-library-b0946605e3617c901635278b62d0f6a8e3942844/ip/Pmods/PmodAQS_v1_0
WARNING: [IP_Flow 19-1663] Duplicate IP found for 'digilentinc.com:IP:PmodBLE:1.0'. The one found in IP location 'z:/DAT096/vivado-library-master/ip/Pmods/PmodBLE_v1_0' will take precedence over the same IP in location z:/DAT096/vivado-library-b0946605e3617c901635278b62d0f6a8e3942844/ip/Pmods/PmodBLE_v1_0
WARNING: [IP_Flow 19-1663] Duplicate IP found for 'digilentinc.com:IP:PmodBT2:1.0'. The one found in IP location 'z:/DAT096/vivado-library-master/ip/Pmods/PmodBT2_v1_0' will take precedence over the same IP in location z:/DAT096/vivado-library-b0946605e3617c901635278b62d0f6a8e3942844/ip/Pmods/PmodBT2_v1_0
WARNING: [IP_Flow 19-1663] Duplicate IP found for 'digilentinc.com:IP:PmodCAN:1.0'. The one found in IP location 'z:/DAT096/vivado-library-master/ip/Pmods/PmodCAN_v1_0' will take precedence over the same IP in location z:/DAT096/vivado-library-b0946605e3617c901635278b62d0f6a8e3942844/ip/Pmods/PmodCAN_v1_0
WARNING: [IP_Flow 19-1663] Duplicate IP found for 'digilentinc.com:IP:PmodCLS:1.0'. The one found in IP location 'z:/DAT096/vivado-library-master/ip/Pmods/PmodCLS_v1_0' will take precedence over the same IP in location z:/DAT096/vivado-library-b0946605e3617c901635278b62d0f6a8e3942844/ip/Pmods/PmodCLS_v1_0
WARNING: [IP_Flow 19-1663] Duplicate IP found for 'digilentinc.com:IP:PmodCMPS2:1.0'. The one found in IP location 'z:/DAT096/vivado-library-master/ip/Pmods/PmodCMPS2_v1_0' will take precedence over the same IP in location z:/DAT096/vivado-library-b0946605e3617c901635278b62d0f6a8e3942844/ip/Pmods/PmodCMPS2_v1_0
WARNING: [IP_Flow 19-1663] Duplicate IP found for 'digilentinc.com:IP:PmodCOLOR:1.0'. The one found in IP location 'z:/DAT096/vivado-library-master/ip/Pmods/PmodCOLOR_v1_0' will take precedence over the same IP in location z:/DAT096/vivado-library-b0946605e3617c901635278b62d0f6a8e3942844/ip/Pmods/PmodCOLOR_v1_0
WARNING: [IP_Flow 19-1663] Duplicate IP found for 'digilentinc.com:IP:PmodDA1:1.0'. The one found in IP location 'z:/DAT096/vivado-library-master/ip/Pmods/PmodDA1_v1_0' will take precedence over the same IP in location z:/DAT096/vivado-library-b0946605e3617c901635278b62d0f6a8e3942844/ip/Pmods/PmodDA1_v1_0
WARNING: [IP_Flow 19-1663] Duplicate IP found for 'digilentinc.com:IP:PmodDHB1:1.0'. The one found in IP location 'z:/DAT096/vivado-library-master/ip/Pmods/PmodDHB1_v1_0' will take precedence over the same IP in location z:/DAT096/vivado-library-b0946605e3617c901635278b62d0f6a8e3942844/ip/Pmods/PmodDHB1_v1_0
WARNING: [IP_Flow 19-1663] Duplicate IP found for 'digilentinc.com:IP:PmodDPG1:1.0'. The one found in IP location 'z:/DAT096/vivado-library-master/ip/Pmods/PmodDPG1_v1_0' will take precedence over the same IP in location z:/DAT096/vivado-library-b0946605e3617c901635278b62d0f6a8e3942844/ip/Pmods/PmodDPG1_v1_0
WARNING: [IP_Flow 19-1663] Duplicate IP found for 'digilentinc.com:IP:PmodENC:1.0'. The one found in IP location 'z:/DAT096/vivado-library-master/ip/Pmods/PmodENC_v1_0' will take precedence over the same IP in location z:/DAT096/vivado-library-b0946605e3617c901635278b62d0f6a8e3942844/ip/Pmods/PmodENC_v1_0
WARNING: [IP_Flow 19-1663] Duplicate IP found for 'digilentinc.com:user:PmodESP32:1.0'. The one found in IP location 'z:/DAT096/vivado-library-master/ip/Pmods/PmodESP32_v1_0' will take precedence over the same IP in location z:/DAT096/vivado-library-b0946605e3617c901635278b62d0f6a8e3942844/ip/Pmods/PmodESP32_v1_0
WARNING: [IP_Flow 19-1663] Duplicate IP found for 'digilentinc.com:IP:PmodGPIO:1.0'. The one found in IP location 'z:/DAT096/vivado-library-master/ip/Pmods/PmodGPIO_v1_0' will take precedence over the same IP in location z:/DAT096/vivado-library-b0946605e3617c901635278b62d0f6a8e3942844/ip/Pmods/PmodGPIO_v1_0
WARNING: [IP_Flow 19-1663] Duplicate IP found for 'digilentinc.com:IP:PmodGPS:1.1'. The one found in IP location 'z:/DAT096/vivado-library-master/ip/Pmods/PmodGPS_v1_1' will take precedence over the same IP in location z:/DAT096/vivado-library-b0946605e3617c901635278b62d0f6a8e3942844/ip/Pmods/PmodGPS_v1_1
WARNING: [IP_Flow 19-1663] Duplicate IP found for 'digilentinc.com:IP:PmodGYRO:1.0'. The one found in IP location 'z:/DAT096/vivado-library-master/ip/Pmods/PmodGYRO_v1_0' will take precedence over the same IP in location z:/DAT096/vivado-library-b0946605e3617c901635278b62d0f6a8e3942844/ip/Pmods/PmodGYRO_v1_0
WARNING: [IP_Flow 19-1663] Duplicate IP found for 'digilentinc.com:IP:PmodHYGRO:1.0'. The one found in IP location 'z:/DAT096/vivado-library-master/ip/Pmods/PmodHYGRO_v1_0' will take precedence over the same IP in location z:/DAT096/vivado-library-b0946605e3617c901635278b62d0f6a8e3942844/ip/Pmods/PmodHYGRO_v1_0
WARNING: [IP_Flow 19-1663] Duplicate IP found for 'digilentinc.com:IP:PmodJSTK2:1.0'. The one found in IP location 'z:/DAT096/vivado-library-master/ip/Pmods/PmodJSTK2_v1_0' will take precedence over the same IP in location z:/DAT096/vivado-library-b0946605e3617c901635278b62d0f6a8e3942844/ip/Pmods/PmodJSTK2_v1_0
WARNING: [IP_Flow 19-1663] Duplicate IP found for 'digilentinc.com:IP:PmodJSTK:1.0'. The one found in IP location 'z:/DAT096/vivado-library-master/ip/Pmods/PmodJSTK_v1_0' will take precedence over the same IP in location z:/DAT096/vivado-library-b0946605e3617c901635278b62d0f6a8e3942844/ip/Pmods/PmodJSTK_v1_0
WARNING: [IP_Flow 19-1663] Duplicate IP found for 'digilentinc.com:IP:PmodKYPD:1.0'. The one found in IP location 'z:/DAT096/vivado-library-master/ip/Pmods/PmodKYPD_v1_0' will take precedence over the same IP in location z:/DAT096/vivado-library-b0946605e3617c901635278b62d0f6a8e3942844/ip/Pmods/PmodKYPD_v1_0
WARNING: [IP_Flow 19-1663] Duplicate IP found for 'digilentinc.com:IP:PmodMAXSONAR:1.0'. The one found in IP location 'z:/DAT096/vivado-library-master/ip/Pmods/PmodMAXSONAR_v1_0' will take precedence over the same IP in location z:/DAT096/vivado-library-b0946605e3617c901635278b62d0f6a8e3942844/ip/Pmods/PmodMAXSONAR_v1_0
WARNING: [IP_Flow 19-1663] Duplicate IP found for 'digilentinc.com:IP:PmodMTDS:1.0'. The one found in IP location 'z:/DAT096/vivado-library-master/ip/Pmods/PmodMTDS_v1_0' will take precedence over the same IP in location z:/DAT096/vivado-library-b0946605e3617c901635278b62d0f6a8e3942844/ip/Pmods/PmodMTDS_v1_0
WARNING: [IP_Flow 19-1663] Duplicate IP found for 'digilentinc.com:IP:PmodNAV:1.0'. The one found in IP location 'z:/DAT096/vivado-library-master/ip/Pmods/PmodNAV_v1_0' will take precedence over the same IP in location z:/DAT096/vivado-library-b0946605e3617c901635278b62d0f6a8e3942844/ip/Pmods/PmodNAV_v1_0
WARNING: [IP_Flow 19-1663] Duplicate IP found for 'digilentinc.com:IP:PmodOLEDrgb:1.0'. The one found in IP location 'z:/DAT096/vivado-library-master/ip/Pmods/pmodOLEDrgb_v1_0' will take precedence over the same IP in location z:/DAT096/vivado-library-b0946605e3617c901635278b62d0f6a8e3942844/ip/Pmods/pmodOLEDrgb_v1_0
WARNING: [IP_Flow 19-1663] Duplicate IP found for 'digilentinc.com:IP:PmodOLED:1.0'. The one found in IP location 'z:/DAT096/vivado-library-master/ip/Pmods/PmodOLED_v1_0' will take precedence over the same IP in location z:/DAT096/vivado-library-b0946605e3617c901635278b62d0f6a8e3942844/ip/Pmods/PmodOLED_v1_0
WARNING: [IP_Flow 19-1663] Duplicate IP found for 'digilentinc.com:IP:PmodPIR:1.0'. The one found in IP location 'z:/DAT096/vivado-library-master/ip/Pmods/PmodPIR_v1_0' will take precedence over the same IP in location z:/DAT096/vivado-library-b0946605e3617c901635278b62d0f6a8e3942844/ip/Pmods/PmodPIR_v1_0
WARNING: [IP_Flow 19-1663] Duplicate IP found for 'digilentinc.com:IP:PmodR2R:1.0'. The one found in IP location 'z:/DAT096/vivado-library-master/ip/Pmods/PmodR2R_v1_0' will take precedence over the same IP in location z:/DAT096/vivado-library-b0946605e3617c901635278b62d0f6a8e3942844/ip/Pmods/PmodR2R_v1_0
WARNING: [IP_Flow 19-1663] Duplicate IP found for 'digilentinc.com:IP:PmodRTCC:1.0'. The one found in IP location 'z:/DAT096/vivado-library-master/ip/Pmods/PmodRTCC_v1_0' will take precedence over the same IP in location z:/DAT096/vivado-library-b0946605e3617c901635278b62d0f6a8e3942844/ip/Pmods/PmodRTCC_v1_0
WARNING: [IP_Flow 19-1663] Duplicate IP found for 'digilentinc.com:IP:PmodSD:1.0'. The one found in IP location 'z:/DAT096/vivado-library-master/ip/Pmods/PmodSD_v1_0' will take precedence over the same IP in location z:/DAT096/vivado-library-b0946605e3617c901635278b62d0f6a8e3942844/ip/Pmods/PmodSD_v1_0
WARNING: [IP_Flow 19-1663] Duplicate IP found for 'digilentinc.com:IP:PmodSF3:1.0'. The one found in IP location 'z:/DAT096/vivado-library-master/ip/Pmods/PmodSF3_v1_0' will take precedence over the same IP in location z:/DAT096/vivado-library-b0946605e3617c901635278b62d0f6a8e3942844/ip/Pmods/PmodSF3_v1_0
WARNING: [IP_Flow 19-1663] Duplicate IP found for 'digilentinc.com:IP:PmodTC1:1.0'. The one found in IP location 'z:/DAT096/vivado-library-master/ip/Pmods/PmodTC1_v1_0' will take precedence over the same IP in location z:/DAT096/vivado-library-b0946605e3617c901635278b62d0f6a8e3942844/ip/Pmods/PmodTC1_v1_0
WARNING: [IP_Flow 19-1663] Duplicate IP found for 'digilentinc.com:IP:PmodTMP3:1.0'. The one found in IP location 'z:/DAT096/vivado-library-master/ip/Pmods/PmodTMP3_v1_0' will take precedence over the same IP in location z:/DAT096/vivado-library-b0946605e3617c901635278b62d0f6a8e3942844/ip/Pmods/PmodTMP3_v1_0
WARNING: [IP_Flow 19-1663] Duplicate IP found for 'digilentinc.com:IP:PmodWIFI:1.0'. The one found in IP location 'z:/DAT096/vivado-library-master/ip/Pmods/PmodWIFI_v1_0' will take precedence over the same IP in location z:/DAT096/vivado-library-b0946605e3617c901635278b62d0f6a8e3942844/ip/Pmods/PmodWIFI_v1_0
WARNING: [IP_Flow 19-1663] Duplicate IP found for 'digilentinc.com:ip:pmod_bridge:1.0'. The one found in IP location 'z:/DAT096/vivado-library-master/ip/Pmods/Pmod_Bridge_v1_0' will take precedence over the same IP in location z:/DAT096/vivado-library-b0946605e3617c901635278b62d0f6a8e3942844/ip/Pmods/Pmod_Bridge_v1_0
WARNING: [IP_Flow 19-1663] Duplicate IP found for 'digilentinc.com:ip:pmod_bridge:1.1'. The one found in IP location 'z:/DAT096/vivado-library-master/ip/Pmods/Pmod_Bridge_v1_1' will take precedence over the same IP in location z:/DAT096/vivado-library-b0946605e3617c901635278b62d0f6a8e3942844/ip/Pmods/Pmod_Bridge_v1_1
WARNING: [IP_Flow 19-1663] Duplicate IP found for 'digilentinc.com:IP:PWM:1.0'. The one found in IP location 'z:/DAT096/vivado-library-master/ip/PWM_1.0' will take precedence over the same IP in location z:/DAT096/vivado-library-b0946605e3617c901635278b62d0f6a8e3942844/ip/PWM_1.0
WARNING: [IP_Flow 19-1663] Duplicate IP found for 'digilentinc.com:IP:PWM:2.0'. The one found in IP location 'z:/DAT096/vivado-library-master/ip/PWM_2.0' will take precedence over the same IP in location z:/DAT096/vivado-library-b0946605e3617c901635278b62d0f6a8e3942844/ip/PWM_2.0
WARNING: [IP_Flow 19-1663] Duplicate IP found for 'digilentinc.com:IP:PWM_Analyzer:1.0'. The one found in IP location 'z:/DAT096/vivado-library-master/ip/PWM_Analyzer_1.0' will take precedence over the same IP in location z:/DAT096/vivado-library-b0946605e3617c901635278b62d0f6a8e3942844/ip/PWM_Analyzer_1.0
WARNING: [IP_Flow 19-1663] Duplicate IP found for 'digilentinc.com:ip:rgb2dvi:1.4'. The one found in IP location 'z:/DAT096/vivado-library-master/ip/rgb2dvi' will take precedence over the same IP in location z:/DAT096/vivado-library-b0946605e3617c901635278b62d0f6a8e3942844/ip/rgb2dvi
WARNING: [IP_Flow 19-4830] Duplicate Interface found for 'digilentinc.com:interface:pmod:1.0'. The one found in location 'z:/DAT096/vivado-library-b0946605e3617c901635278b62d0f6a8e3942844/if/pmod_v1_0/pmod.xml' will take precedence over the same Interface in location 'z:/DAT096/vivado-library-master/if/pmod_v1_0/pmod.xml'
WARNING: [IP_Flow 19-4830] Duplicate Interface found for 'digilentinc.com:interface:tmds:1.0'. The one found in location 'z:/DAT096/vivado-library-b0946605e3617c901635278b62d0f6a8e3942844/if/tmds_v1_0/tmds.xml' will take precedence over the same Interface in location 'z:/DAT096/vivado-library-master/if/tmds_v1_0/tmds.xml'
Upgrading 'Z:/DAT096/DAT096-krish/Embedded-System-Project-DAT096-krishna/Board_2/Board_2/Board_2.srcs/sources_1/bd/design_2/design_2.bd'
WARNING: [Vivado 12-1017] Problems encountered:
1. Failed to delete one or more files in run directory Z:/DAT096/DAT096-krish/Embedded-System-Project-DAT096-krishna/Board_2/Board_2/Board_2.runs/design_2_vcsel_conv_0_0_synth_1

INFO: [IP_Flow 19-3420] Updated design_2_vcsel_conv_0_0 to use current project options
Wrote  : <Z:\DAT096\DAT096-krish\Embedded-System-Project-DAT096-krishna\Board_2\Board_2\Board_2.srcs\sources_1\bd\design_2\design_2.bd> 
Wrote  : <Z:/DAT096/DAT096-krish/Embedded-System-Project-DAT096-krishna/Board_2/Board_2/Board_2.srcs/sources_1/bd/design_2/ui/bd_1fdbff51.ui> 
generate_target all [get_files  Z:/DAT096/DAT096-krish/Embedded-System-Project-DAT096-krishna/Board_2/Board_2/Board_2.srcs/sources_1/bd/design_2/design_2.bd]
WARNING: [BD 41-2670] Found an incomplete address path from address space '/processing_system7_0/Data' to master interface '/processing_system7_0/M_AXI_GP0'. Please either complete or remove this path to resolve.
WARNING: [BD 5-699] No address segments matched 'get_bd_addr_segs -of_objects /processing_system7_0/Data'
ERROR: [Common 17-161] Invalid option value '' specified for 'object'.
ERROR: [BD 41-1273] Error running propagate TCL procedure: ERROR: [Common 17-161] Invalid option value '' specified for 'object'.
    ::xilinx.com_ip_ila_6.2::propagate Line 95
INFO: [xilinx.com:ip:clk_wiz:6.0-1] /clk_wiz_0 clk_wiz propagate
Wrote  : <Z:\DAT096\DAT096-krish\Embedded-System-Project-DAT096-krishna\Board_2\Board_2\Board_2.srcs\sources_1\bd\design_2\design_2.bd> 
VHDL Output written to : z:/DAT096/DAT096-krish/Embedded-System-Project-DAT096-krishna/Board_2/Board_2/Board_2.gen/sources_1/bd/design_2/synth/design_2.vhd
VHDL Output written to : z:/DAT096/DAT096-krish/Embedded-System-Project-DAT096-krishna/Board_2/Board_2/Board_2.gen/sources_1/bd/design_2/sim/design_2.vhd
VHDL Output written to : z:/DAT096/DAT096-krish/Embedded-System-Project-DAT096-krishna/Board_2/Board_2/Board_2.gen/sources_1/bd/design_2/hdl/design_2_wrapper.vhd
INFO: [BD 41-1029] Generation completed for the IP Integrator block vcsel_conv_0 .
Exporting to file z:/DAT096/DAT096-krish/Embedded-System-Project-DAT096-krishna/Board_2/Board_2/Board_2.gen/sources_1/bd/design_2/hw_handoff/design_2.hwh
Generated Hardware Definition File z:/DAT096/DAT096-krish/Embedded-System-Project-DAT096-krishna/Board_2/Board_2/Board_2.gen/sources_1/bd/design_2/synth/design_2.hwdef
ERROR: [Common 17-39] 'generate_target' failed due to earlier errors.
report_ip_status -name ip_status 
report_ip_status -name ip_status 
update_module_reference [get_ips  design_2_vcsel_conv_0_0]
INFO: [IP_Flow 19-5107] Inferred bus interface 'clk' of definition 'xilinx.com:signal:clock:1.0' (from Xilinx Repository).
WARNING: [IP_Flow 19-5661] Bus Interface 'clk' does not have any bus interfaces associated with it.
WARNING: [IP_Flow 19-11770] Clock interface 'clk' has no FREQ_HZ parameter.
WARNING: [IP_Flow 19-1663] Duplicate IP found for 'digilentinc.com:user:axi_i2s_adi:1.2'. The one found in IP location 'z:/DAT096/vivado-library-b0946605e3617c901635278b62d0f6a8e3942844/ip/axi_i2s_adi_1.2' will take precedence over the same IP in location z:/DAT096/vivado-library-master/ip/axi_i2s_adi_1.2
WARNING: [IP_Flow 19-1663] Duplicate IP found for 'digilentinc.com:IP:axi_ps2:1.0'. The one found in IP location 'z:/DAT096/vivado-library-b0946605e3617c901635278b62d0f6a8e3942844/ip/axi_ps2_1.0' will take precedence over the same IP in location z:/DAT096/vivado-library-master/ip/axi_ps2_1.0
WARNING: [IP_Flow 19-1663] Duplicate IP found for 'digilentinc.com:ip:clock_forwarder:1.1'. The one found in IP location 'z:/DAT096/vivado-library-b0946605e3617c901635278b62d0f6a8e3942844/ip/clock_forwarder' will take precedence over the same IP in location z:/DAT096/vivado-library-master/ip/clock_forwarder
WARNING: [IP_Flow 19-1663] Duplicate IP found for 'digilentinc.com:IP:hls_contrast_stretch:1.0'. The one found in IP location 'z:/DAT096/vivado-library-b0946605e3617c901635278b62d0f6a8e3942844/ip/hls_contrast_stretch_1_0' will take precedence over the same IP in location z:/DAT096/vivado-library-master/ip/hls_contrast_stretch_1_0
WARNING: [IP_Flow 19-1663] Duplicate IP found for 'digilentinc.com:IP:hls_gamma_correction:1.0'. The one found in IP location 'z:/DAT096/vivado-library-b0946605e3617c901635278b62d0f6a8e3942844/ip/hls_gamma_correction_1_0' will take precedence over the same IP in location z:/DAT096/vivado-library-master/ip/hls_gamma_correction_1_0
WARNING: [IP_Flow 19-1663] Duplicate IP found for 'digilentinc.com:IP:hls_saturation_enhance:1.0'. The one found in IP location 'z:/DAT096/vivado-library-b0946605e3617c901635278b62d0f6a8e3942844/ip/hls_saturation_enhance_1_0' will take precedence over the same IP in location z:/DAT096/vivado-library-master/ip/hls_saturation_enhance_1_0
WARNING: [IP_Flow 19-1663] Duplicate IP found for 'digilentinc.com:ip:rgb2dpvid:1.0'. The one found in IP location 'z:/DAT096/vivado-library-b0946605e3617c901635278b62d0f6a8e3942844/ip/rgb2dpvid_v1_0' will take precedence over the same IP in location z:/DAT096/vivado-library-master/ip/rgb2dpvid_v1_0
WARNING: [IP_Flow 19-1663] Duplicate IP found for 'digilentinc.com:ip:rgb2vga:1.0'. The one found in IP location 'z:/DAT096/vivado-library-b0946605e3617c901635278b62d0f6a8e3942844/ip/rgb2vga_v1_0' will take precedence over the same IP in location z:/DAT096/vivado-library-master/ip/rgb2vga_v1_0
WARNING: [IP_Flow 19-1663] Duplicate IP found for 'digilentinc.com:ip:Sync:1.0'. The one found in IP location 'z:/DAT096/vivado-library-b0946605e3617c901635278b62d0f6a8e3942844/ip/Sync_v1_0' will take precedence over the same IP in location z:/DAT096/vivado-library-master/ip/Sync_v1_0
WARNING: [IP_Flow 19-1663] Duplicate IP found for 'digilentinc.com:ip:usb2device:1.0'. The one found in IP location 'z:/DAT096/vivado-library-b0946605e3617c901635278b62d0f6a8e3942844/ip/usb2device_v1_0' will take precedence over the same IP in location z:/DAT096/vivado-library-master/ip/usb2device_v1_0
WARNING: [IP_Flow 19-1663] Duplicate IP found for 'digilentinc.com:video:video_scaler:1.0'. The one found in IP location 'z:/DAT096/vivado-library-b0946605e3617c901635278b62d0f6a8e3942844/ip/video_scaler' will take precedence over the same IP in location z:/DAT096/vivado-library-master/ip/video_scaler
WARNING: [IP_Flow 19-1663] Duplicate IP found for 'digilentinc.com:ip:dvi2rgb:2.0'. The one found in IP location 'z:/DAT096/vivado-library-master/ip/dvi2rgb' will take precedence over the same IP in location z:/DAT096/vivado-library-b0946605e3617c901635278b62d0f6a8e3942844/ip/dvi2rgb
WARNING: [IP_Flow 19-1663] Duplicate IP found for 'digilentinc.com:IP:MotorFeedback:1.0'. The one found in IP location 'z:/DAT096/vivado-library-master/ip/MotorFeedback_1.0' will take precedence over the same IP in location z:/DAT096/vivado-library-b0946605e3617c901635278b62d0f6a8e3942844/ip/MotorFeedback_1.0
WARNING: [IP_Flow 19-1663] Duplicate IP found for 'digilentinc.com:IP:PmodACL2:1.0'. The one found in IP location 'z:/DAT096/vivado-library-master/ip/Pmods/PmodACL2_v1_0' will take precedence over the same IP in location z:/DAT096/vivado-library-b0946605e3617c901635278b62d0f6a8e3942844/ip/Pmods/PmodACL2_v1_0
WARNING: [IP_Flow 19-1663] Duplicate IP found for 'digilentinc.com:IP:PmodACL:1.0'. The one found in IP location 'z:/DAT096/vivado-library-master/ip/Pmods/PmodACL_v1_0' will take precedence over the same IP in location z:/DAT096/vivado-library-b0946605e3617c901635278b62d0f6a8e3942844/ip/Pmods/PmodACL_v1_0
WARNING: [IP_Flow 19-1663] Duplicate IP found for 'digilentinc.com:IP:PmodAD1:1.0'. The one found in IP location 'z:/DAT096/vivado-library-master/ip/Pmods/PmodAD1_v1_0' will take precedence over the same IP in location z:/DAT096/vivado-library-b0946605e3617c901635278b62d0f6a8e3942844/ip/Pmods/PmodAD1_v1_0
WARNING: [IP_Flow 19-1663] Duplicate IP found for 'digilentinc.com:IP:PmodAD2:1.0'. The one found in IP location 'z:/DAT096/vivado-library-master/ip/Pmods/PmodAD2_v1_0' will take precedence over the same IP in location z:/DAT096/vivado-library-b0946605e3617c901635278b62d0f6a8e3942844/ip/Pmods/PmodAD2_v1_0
WARNING: [IP_Flow 19-1663] Duplicate IP found for 'digilentinc.com:IP:PmodAD5:1.0'. The one found in IP location 'z:/DAT096/vivado-library-master/ip/Pmods/PmodAD5_v1_0' will take precedence over the same IP in location z:/DAT096/vivado-library-b0946605e3617c901635278b62d0f6a8e3942844/ip/Pmods/PmodAD5_v1_0
WARNING: [IP_Flow 19-1663] Duplicate IP found for 'digilentinc.com:IP:PmodALS:1.0'. The one found in IP location 'z:/DAT096/vivado-library-master/ip/Pmods/PmodALS_v1_0' will take precedence over the same IP in location z:/DAT096/vivado-library-b0946605e3617c901635278b62d0f6a8e3942844/ip/Pmods/PmodALS_v1_0
WARNING: [IP_Flow 19-1663] Duplicate IP found for 'digilentinc.com:IP:PmodAMP2:1.0'. The one found in IP location 'z:/DAT096/vivado-library-master/ip/Pmods/PmodAMP2_v1_0' will take precedence over the same IP in location z:/DAT096/vivado-library-b0946605e3617c901635278b62d0f6a8e3942844/ip/Pmods/PmodAMP2_v1_0
WARNING: [IP_Flow 19-1663] Duplicate IP found for 'digilentinc.com:IP:PmodAQS:1.0'. The one found in IP location 'z:/DAT096/vivado-library-master/ip/Pmods/PmodAQS_v1_0' will take precedence over the same IP in location z:/DAT096/vivado-library-b0946605e3617c901635278b62d0f6a8e3942844/ip/Pmods/PmodAQS_v1_0
WARNING: [IP_Flow 19-1663] Duplicate IP found for 'digilentinc.com:IP:PmodBLE:1.0'. The one found in IP location 'z:/DAT096/vivado-library-master/ip/Pmods/PmodBLE_v1_0' will take precedence over the same IP in location z:/DAT096/vivado-library-b0946605e3617c901635278b62d0f6a8e3942844/ip/Pmods/PmodBLE_v1_0
WARNING: [IP_Flow 19-1663] Duplicate IP found for 'digilentinc.com:IP:PmodBT2:1.0'. The one found in IP location 'z:/DAT096/vivado-library-master/ip/Pmods/PmodBT2_v1_0' will take precedence over the same IP in location z:/DAT096/vivado-library-b0946605e3617c901635278b62d0f6a8e3942844/ip/Pmods/PmodBT2_v1_0
WARNING: [IP_Flow 19-1663] Duplicate IP found for 'digilentinc.com:IP:PmodCAN:1.0'. The one found in IP location 'z:/DAT096/vivado-library-master/ip/Pmods/PmodCAN_v1_0' will take precedence over the same IP in location z:/DAT096/vivado-library-b0946605e3617c901635278b62d0f6a8e3942844/ip/Pmods/PmodCAN_v1_0
WARNING: [IP_Flow 19-1663] Duplicate IP found for 'digilentinc.com:IP:PmodCLS:1.0'. The one found in IP location 'z:/DAT096/vivado-library-master/ip/Pmods/PmodCLS_v1_0' will take precedence over the same IP in location z:/DAT096/vivado-library-b0946605e3617c901635278b62d0f6a8e3942844/ip/Pmods/PmodCLS_v1_0
WARNING: [IP_Flow 19-1663] Duplicate IP found for 'digilentinc.com:IP:PmodCMPS2:1.0'. The one found in IP location 'z:/DAT096/vivado-library-master/ip/Pmods/PmodCMPS2_v1_0' will take precedence over the same IP in location z:/DAT096/vivado-library-b0946605e3617c901635278b62d0f6a8e3942844/ip/Pmods/PmodCMPS2_v1_0
WARNING: [IP_Flow 19-1663] Duplicate IP found for 'digilentinc.com:IP:PmodCOLOR:1.0'. The one found in IP location 'z:/DAT096/vivado-library-master/ip/Pmods/PmodCOLOR_v1_0' will take precedence over the same IP in location z:/DAT096/vivado-library-b0946605e3617c901635278b62d0f6a8e3942844/ip/Pmods/PmodCOLOR_v1_0
WARNING: [IP_Flow 19-1663] Duplicate IP found for 'digilentinc.com:IP:PmodDA1:1.0'. The one found in IP location 'z:/DAT096/vivado-library-master/ip/Pmods/PmodDA1_v1_0' will take precedence over the same IP in location z:/DAT096/vivado-library-b0946605e3617c901635278b62d0f6a8e3942844/ip/Pmods/PmodDA1_v1_0
WARNING: [IP_Flow 19-1663] Duplicate IP found for 'digilentinc.com:IP:PmodDHB1:1.0'. The one found in IP location 'z:/DAT096/vivado-library-master/ip/Pmods/PmodDHB1_v1_0' will take precedence over the same IP in location z:/DAT096/vivado-library-b0946605e3617c901635278b62d0f6a8e3942844/ip/Pmods/PmodDHB1_v1_0
WARNING: [IP_Flow 19-1663] Duplicate IP found for 'digilentinc.com:IP:PmodDPG1:1.0'. The one found in IP location 'z:/DAT096/vivado-library-master/ip/Pmods/PmodDPG1_v1_0' will take precedence over the same IP in location z:/DAT096/vivado-library-b0946605e3617c901635278b62d0f6a8e3942844/ip/Pmods/PmodDPG1_v1_0
WARNING: [IP_Flow 19-1663] Duplicate IP found for 'digilentinc.com:IP:PmodENC:1.0'. The one found in IP location 'z:/DAT096/vivado-library-master/ip/Pmods/PmodENC_v1_0' will take precedence over the same IP in location z:/DAT096/vivado-library-b0946605e3617c901635278b62d0f6a8e3942844/ip/Pmods/PmodENC_v1_0
WARNING: [IP_Flow 19-1663] Duplicate IP found for 'digilentinc.com:user:PmodESP32:1.0'. The one found in IP location 'z:/DAT096/vivado-library-master/ip/Pmods/PmodESP32_v1_0' will take precedence over the same IP in location z:/DAT096/vivado-library-b0946605e3617c901635278b62d0f6a8e3942844/ip/Pmods/PmodESP32_v1_0
WARNING: [IP_Flow 19-1663] Duplicate IP found for 'digilentinc.com:IP:PmodGPIO:1.0'. The one found in IP location 'z:/DAT096/vivado-library-master/ip/Pmods/PmodGPIO_v1_0' will take precedence over the same IP in location z:/DAT096/vivado-library-b0946605e3617c901635278b62d0f6a8e3942844/ip/Pmods/PmodGPIO_v1_0
WARNING: [IP_Flow 19-1663] Duplicate IP found for 'digilentinc.com:IP:PmodGPS:1.1'. The one found in IP location 'z:/DAT096/vivado-library-master/ip/Pmods/PmodGPS_v1_1' will take precedence over the same IP in location z:/DAT096/vivado-library-b0946605e3617c901635278b62d0f6a8e3942844/ip/Pmods/PmodGPS_v1_1
WARNING: [IP_Flow 19-1663] Duplicate IP found for 'digilentinc.com:IP:PmodGYRO:1.0'. The one found in IP location 'z:/DAT096/vivado-library-master/ip/Pmods/PmodGYRO_v1_0' will take precedence over the same IP in location z:/DAT096/vivado-library-b0946605e3617c901635278b62d0f6a8e3942844/ip/Pmods/PmodGYRO_v1_0
WARNING: [IP_Flow 19-1663] Duplicate IP found for 'digilentinc.com:IP:PmodHYGRO:1.0'. The one found in IP location 'z:/DAT096/vivado-library-master/ip/Pmods/PmodHYGRO_v1_0' will take precedence over the same IP in location z:/DAT096/vivado-library-b0946605e3617c901635278b62d0f6a8e3942844/ip/Pmods/PmodHYGRO_v1_0
WARNING: [IP_Flow 19-1663] Duplicate IP found for 'digilentinc.com:IP:PmodJSTK2:1.0'. The one found in IP location 'z:/DAT096/vivado-library-master/ip/Pmods/PmodJSTK2_v1_0' will take precedence over the same IP in location z:/DAT096/vivado-library-b0946605e3617c901635278b62d0f6a8e3942844/ip/Pmods/PmodJSTK2_v1_0
WARNING: [IP_Flow 19-1663] Duplicate IP found for 'digilentinc.com:IP:PmodJSTK:1.0'. The one found in IP location 'z:/DAT096/vivado-library-master/ip/Pmods/PmodJSTK_v1_0' will take precedence over the same IP in location z:/DAT096/vivado-library-b0946605e3617c901635278b62d0f6a8e3942844/ip/Pmods/PmodJSTK_v1_0
WARNING: [IP_Flow 19-1663] Duplicate IP found for 'digilentinc.com:IP:PmodKYPD:1.0'. The one found in IP location 'z:/DAT096/vivado-library-master/ip/Pmods/PmodKYPD_v1_0' will take precedence over the same IP in location z:/DAT096/vivado-library-b0946605e3617c901635278b62d0f6a8e3942844/ip/Pmods/PmodKYPD_v1_0
WARNING: [IP_Flow 19-1663] Duplicate IP found for 'digilentinc.com:IP:PmodMAXSONAR:1.0'. The one found in IP location 'z:/DAT096/vivado-library-master/ip/Pmods/PmodMAXSONAR_v1_0' will take precedence over the same IP in location z:/DAT096/vivado-library-b0946605e3617c901635278b62d0f6a8e3942844/ip/Pmods/PmodMAXSONAR_v1_0
WARNING: [IP_Flow 19-1663] Duplicate IP found for 'digilentinc.com:IP:PmodMTDS:1.0'. The one found in IP location 'z:/DAT096/vivado-library-master/ip/Pmods/PmodMTDS_v1_0' will take precedence over the same IP in location z:/DAT096/vivado-library-b0946605e3617c901635278b62d0f6a8e3942844/ip/Pmods/PmodMTDS_v1_0
WARNING: [IP_Flow 19-1663] Duplicate IP found for 'digilentinc.com:IP:PmodNAV:1.0'. The one found in IP location 'z:/DAT096/vivado-library-master/ip/Pmods/PmodNAV_v1_0' will take precedence over the same IP in location z:/DAT096/vivado-library-b0946605e3617c901635278b62d0f6a8e3942844/ip/Pmods/PmodNAV_v1_0
WARNING: [IP_Flow 19-1663] Duplicate IP found for 'digilentinc.com:IP:PmodOLEDrgb:1.0'. The one found in IP location 'z:/DAT096/vivado-library-master/ip/Pmods/pmodOLEDrgb_v1_0' will take precedence over the same IP in location z:/DAT096/vivado-library-b0946605e3617c901635278b62d0f6a8e3942844/ip/Pmods/pmodOLEDrgb_v1_0
WARNING: [IP_Flow 19-1663] Duplicate IP found for 'digilentinc.com:IP:PmodOLED:1.0'. The one found in IP location 'z:/DAT096/vivado-library-master/ip/Pmods/PmodOLED_v1_0' will take precedence over the same IP in location z:/DAT096/vivado-library-b0946605e3617c901635278b62d0f6a8e3942844/ip/Pmods/PmodOLED_v1_0
WARNING: [IP_Flow 19-1663] Duplicate IP found for 'digilentinc.com:IP:PmodPIR:1.0'. The one found in IP location 'z:/DAT096/vivado-library-master/ip/Pmods/PmodPIR_v1_0' will take precedence over the same IP in location z:/DAT096/vivado-library-b0946605e3617c901635278b62d0f6a8e3942844/ip/Pmods/PmodPIR_v1_0
WARNING: [IP_Flow 19-1663] Duplicate IP found for 'digilentinc.com:IP:PmodR2R:1.0'. The one found in IP location 'z:/DAT096/vivado-library-master/ip/Pmods/PmodR2R_v1_0' will take precedence over the same IP in location z:/DAT096/vivado-library-b0946605e3617c901635278b62d0f6a8e3942844/ip/Pmods/PmodR2R_v1_0
WARNING: [IP_Flow 19-1663] Duplicate IP found for 'digilentinc.com:IP:PmodRTCC:1.0'. The one found in IP location 'z:/DAT096/vivado-library-master/ip/Pmods/PmodRTCC_v1_0' will take precedence over the same IP in location z:/DAT096/vivado-library-b0946605e3617c901635278b62d0f6a8e3942844/ip/Pmods/PmodRTCC_v1_0
WARNING: [IP_Flow 19-1663] Duplicate IP found for 'digilentinc.com:IP:PmodSD:1.0'. The one found in IP location 'z:/DAT096/vivado-library-master/ip/Pmods/PmodSD_v1_0' will take precedence over the same IP in location z:/DAT096/vivado-library-b0946605e3617c901635278b62d0f6a8e3942844/ip/Pmods/PmodSD_v1_0
WARNING: [IP_Flow 19-1663] Duplicate IP found for 'digilentinc.com:IP:PmodSF3:1.0'. The one found in IP location 'z:/DAT096/vivado-library-master/ip/Pmods/PmodSF3_v1_0' will take precedence over the same IP in location z:/DAT096/vivado-library-b0946605e3617c901635278b62d0f6a8e3942844/ip/Pmods/PmodSF3_v1_0
WARNING: [IP_Flow 19-1663] Duplicate IP found for 'digilentinc.com:IP:PmodTC1:1.0'. The one found in IP location 'z:/DAT096/vivado-library-master/ip/Pmods/PmodTC1_v1_0' will take precedence over the same IP in location z:/DAT096/vivado-library-b0946605e3617c901635278b62d0f6a8e3942844/ip/Pmods/PmodTC1_v1_0
WARNING: [IP_Flow 19-1663] Duplicate IP found for 'digilentinc.com:IP:PmodTMP3:1.0'. The one found in IP location 'z:/DAT096/vivado-library-master/ip/Pmods/PmodTMP3_v1_0' will take precedence over the same IP in location z:/DAT096/vivado-library-b0946605e3617c901635278b62d0f6a8e3942844/ip/Pmods/PmodTMP3_v1_0
WARNING: [IP_Flow 19-1663] Duplicate IP found for 'digilentinc.com:IP:PmodWIFI:1.0'. The one found in IP location 'z:/DAT096/vivado-library-master/ip/Pmods/PmodWIFI_v1_0' will take precedence over the same IP in location z:/DAT096/vivado-library-b0946605e3617c901635278b62d0f6a8e3942844/ip/Pmods/PmodWIFI_v1_0
WARNING: [IP_Flow 19-1663] Duplicate IP found for 'digilentinc.com:ip:pmod_bridge:1.0'. The one found in IP location 'z:/DAT096/vivado-library-master/ip/Pmods/Pmod_Bridge_v1_0' will take precedence over the same IP in location z:/DAT096/vivado-library-b0946605e3617c901635278b62d0f6a8e3942844/ip/Pmods/Pmod_Bridge_v1_0
WARNING: [IP_Flow 19-1663] Duplicate IP found for 'digilentinc.com:ip:pmod_bridge:1.1'. The one found in IP location 'z:/DAT096/vivado-library-master/ip/Pmods/Pmod_Bridge_v1_1' will take precedence over the same IP in location z:/DAT096/vivado-library-b0946605e3617c901635278b62d0f6a8e3942844/ip/Pmods/Pmod_Bridge_v1_1
WARNING: [IP_Flow 19-1663] Duplicate IP found for 'digilentinc.com:IP:PWM:1.0'. The one found in IP location 'z:/DAT096/vivado-library-master/ip/PWM_1.0' will take precedence over the same IP in location z:/DAT096/vivado-library-b0946605e3617c901635278b62d0f6a8e3942844/ip/PWM_1.0
WARNING: [IP_Flow 19-1663] Duplicate IP found for 'digilentinc.com:IP:PWM:2.0'. The one found in IP location 'z:/DAT096/vivado-library-master/ip/PWM_2.0' will take precedence over the same IP in location z:/DAT096/vivado-library-b0946605e3617c901635278b62d0f6a8e3942844/ip/PWM_2.0
WARNING: [IP_Flow 19-1663] Duplicate IP found for 'digilentinc.com:IP:PWM_Analyzer:1.0'. The one found in IP location 'z:/DAT096/vivado-library-master/ip/PWM_Analyzer_1.0' will take precedence over the same IP in location z:/DAT096/vivado-library-b0946605e3617c901635278b62d0f6a8e3942844/ip/PWM_Analyzer_1.0
WARNING: [IP_Flow 19-1663] Duplicate IP found for 'digilentinc.com:ip:rgb2dvi:1.4'. The one found in IP location 'z:/DAT096/vivado-library-master/ip/rgb2dvi' will take precedence over the same IP in location z:/DAT096/vivado-library-b0946605e3617c901635278b62d0f6a8e3942844/ip/rgb2dvi
WARNING: [IP_Flow 19-4830] Duplicate Interface found for 'digilentinc.com:interface:pmod:1.0'. The one found in location 'z:/DAT096/vivado-library-b0946605e3617c901635278b62d0f6a8e3942844/if/pmod_v1_0/pmod.xml' will take precedence over the same Interface in location 'z:/DAT096/vivado-library-master/if/pmod_v1_0/pmod.xml'
WARNING: [IP_Flow 19-4830] Duplicate Interface found for 'digilentinc.com:interface:tmds:1.0'. The one found in location 'z:/DAT096/vivado-library-b0946605e3617c901635278b62d0f6a8e3942844/if/tmds_v1_0/tmds.xml' will take precedence over the same Interface in location 'z:/DAT096/vivado-library-master/if/tmds_v1_0/tmds.xml'
INFO: [IP_Flow 19-5107] Inferred bus interface 'clk' of definition 'xilinx.com:signal:clock:1.0' (from Xilinx Repository).
WARNING: [IP_Flow 19-5661] Bus Interface 'clk' does not have any bus interfaces associated with it.
WARNING: [IP_Flow 19-11770] Clock interface 'clk' has no FREQ_HZ parameter.
WARNING: [IP_Flow 19-1663] Duplicate IP found for 'digilentinc.com:user:axi_i2s_adi:1.2'. The one found in IP location 'z:/DAT096/vivado-library-b0946605e3617c901635278b62d0f6a8e3942844/ip/axi_i2s_adi_1.2' will take precedence over the same IP in location z:/DAT096/vivado-library-master/ip/axi_i2s_adi_1.2
WARNING: [IP_Flow 19-1663] Duplicate IP found for 'digilentinc.com:IP:axi_ps2:1.0'. The one found in IP location 'z:/DAT096/vivado-library-b0946605e3617c901635278b62d0f6a8e3942844/ip/axi_ps2_1.0' will take precedence over the same IP in location z:/DAT096/vivado-library-master/ip/axi_ps2_1.0
WARNING: [IP_Flow 19-1663] Duplicate IP found for 'digilentinc.com:ip:clock_forwarder:1.1'. The one found in IP location 'z:/DAT096/vivado-library-b0946605e3617c901635278b62d0f6a8e3942844/ip/clock_forwarder' will take precedence over the same IP in location z:/DAT096/vivado-library-master/ip/clock_forwarder
WARNING: [IP_Flow 19-1663] Duplicate IP found for 'digilentinc.com:IP:hls_contrast_stretch:1.0'. The one found in IP location 'z:/DAT096/vivado-library-b0946605e3617c901635278b62d0f6a8e3942844/ip/hls_contrast_stretch_1_0' will take precedence over the same IP in location z:/DAT096/vivado-library-master/ip/hls_contrast_stretch_1_0
WARNING: [IP_Flow 19-1663] Duplicate IP found for 'digilentinc.com:IP:hls_gamma_correction:1.0'. The one found in IP location 'z:/DAT096/vivado-library-b0946605e3617c901635278b62d0f6a8e3942844/ip/hls_gamma_correction_1_0' will take precedence over the same IP in location z:/DAT096/vivado-library-master/ip/hls_gamma_correction_1_0
WARNING: [IP_Flow 19-1663] Duplicate IP found for 'digilentinc.com:IP:hls_saturation_enhance:1.0'. The one found in IP location 'z:/DAT096/vivado-library-b0946605e3617c901635278b62d0f6a8e3942844/ip/hls_saturation_enhance_1_0' will take precedence over the same IP in location z:/DAT096/vivado-library-master/ip/hls_saturation_enhance_1_0
WARNING: [IP_Flow 19-1663] Duplicate IP found for 'digilentinc.com:ip:rgb2dpvid:1.0'. The one found in IP location 'z:/DAT096/vivado-library-b0946605e3617c901635278b62d0f6a8e3942844/ip/rgb2dpvid_v1_0' will take precedence over the same IP in location z:/DAT096/vivado-library-master/ip/rgb2dpvid_v1_0
WARNING: [IP_Flow 19-1663] Duplicate IP found for 'digilentinc.com:ip:rgb2vga:1.0'. The one found in IP location 'z:/DAT096/vivado-library-b0946605e3617c901635278b62d0f6a8e3942844/ip/rgb2vga_v1_0' will take precedence over the same IP in location z:/DAT096/vivado-library-master/ip/rgb2vga_v1_0
WARNING: [IP_Flow 19-1663] Duplicate IP found for 'digilentinc.com:ip:Sync:1.0'. The one found in IP location 'z:/DAT096/vivado-library-b0946605e3617c901635278b62d0f6a8e3942844/ip/Sync_v1_0' will take precedence over the same IP in location z:/DAT096/vivado-library-master/ip/Sync_v1_0
WARNING: [IP_Flow 19-1663] Duplicate IP found for 'digilentinc.com:ip:usb2device:1.0'. The one found in IP location 'z:/DAT096/vivado-library-b0946605e3617c901635278b62d0f6a8e3942844/ip/usb2device_v1_0' will take precedence over the same IP in location z:/DAT096/vivado-library-master/ip/usb2device_v1_0
WARNING: [IP_Flow 19-1663] Duplicate IP found for 'digilentinc.com:video:video_scaler:1.0'. The one found in IP location 'z:/DAT096/vivado-library-b0946605e3617c901635278b62d0f6a8e3942844/ip/video_scaler' will take precedence over the same IP in location z:/DAT096/vivado-library-master/ip/video_scaler
WARNING: [IP_Flow 19-1663] Duplicate IP found for 'digilentinc.com:ip:dvi2rgb:2.0'. The one found in IP location 'z:/DAT096/vivado-library-master/ip/dvi2rgb' will take precedence over the same IP in location z:/DAT096/vivado-library-b0946605e3617c901635278b62d0f6a8e3942844/ip/dvi2rgb
WARNING: [IP_Flow 19-1663] Duplicate IP found for 'digilentinc.com:IP:MotorFeedback:1.0'. The one found in IP location 'z:/DAT096/vivado-library-master/ip/MotorFeedback_1.0' will take precedence over the same IP in location z:/DAT096/vivado-library-b0946605e3617c901635278b62d0f6a8e3942844/ip/MotorFeedback_1.0
WARNING: [IP_Flow 19-1663] Duplicate IP found for 'digilentinc.com:IP:PmodACL2:1.0'. The one found in IP location 'z:/DAT096/vivado-library-master/ip/Pmods/PmodACL2_v1_0' will take precedence over the same IP in location z:/DAT096/vivado-library-b0946605e3617c901635278b62d0f6a8e3942844/ip/Pmods/PmodACL2_v1_0
WARNING: [IP_Flow 19-1663] Duplicate IP found for 'digilentinc.com:IP:PmodACL:1.0'. The one found in IP location 'z:/DAT096/vivado-library-master/ip/Pmods/PmodACL_v1_0' will take precedence over the same IP in location z:/DAT096/vivado-library-b0946605e3617c901635278b62d0f6a8e3942844/ip/Pmods/PmodACL_v1_0
WARNING: [IP_Flow 19-1663] Duplicate IP found for 'digilentinc.com:IP:PmodAD1:1.0'. The one found in IP location 'z:/DAT096/vivado-library-master/ip/Pmods/PmodAD1_v1_0' will take precedence over the same IP in location z:/DAT096/vivado-library-b0946605e3617c901635278b62d0f6a8e3942844/ip/Pmods/PmodAD1_v1_0
WARNING: [IP_Flow 19-1663] Duplicate IP found for 'digilentinc.com:IP:PmodAD2:1.0'. The one found in IP location 'z:/DAT096/vivado-library-master/ip/Pmods/PmodAD2_v1_0' will take precedence over the same IP in location z:/DAT096/vivado-library-b0946605e3617c901635278b62d0f6a8e3942844/ip/Pmods/PmodAD2_v1_0
WARNING: [IP_Flow 19-1663] Duplicate IP found for 'digilentinc.com:IP:PmodAD5:1.0'. The one found in IP location 'z:/DAT096/vivado-library-master/ip/Pmods/PmodAD5_v1_0' will take precedence over the same IP in location z:/DAT096/vivado-library-b0946605e3617c901635278b62d0f6a8e3942844/ip/Pmods/PmodAD5_v1_0
WARNING: [IP_Flow 19-1663] Duplicate IP found for 'digilentinc.com:IP:PmodALS:1.0'. The one found in IP location 'z:/DAT096/vivado-library-master/ip/Pmods/PmodALS_v1_0' will take precedence over the same IP in location z:/DAT096/vivado-library-b0946605e3617c901635278b62d0f6a8e3942844/ip/Pmods/PmodALS_v1_0
WARNING: [IP_Flow 19-1663] Duplicate IP found for 'digilentinc.com:IP:PmodAMP2:1.0'. The one found in IP location 'z:/DAT096/vivado-library-master/ip/Pmods/PmodAMP2_v1_0' will take precedence over the same IP in location z:/DAT096/vivado-library-b0946605e3617c901635278b62d0f6a8e3942844/ip/Pmods/PmodAMP2_v1_0
WARNING: [IP_Flow 19-1663] Duplicate IP found for 'digilentinc.com:IP:PmodAQS:1.0'. The one found in IP location 'z:/DAT096/vivado-library-master/ip/Pmods/PmodAQS_v1_0' will take precedence over the same IP in location z:/DAT096/vivado-library-b0946605e3617c901635278b62d0f6a8e3942844/ip/Pmods/PmodAQS_v1_0
WARNING: [IP_Flow 19-1663] Duplicate IP found for 'digilentinc.com:IP:PmodBLE:1.0'. The one found in IP location 'z:/DAT096/vivado-library-master/ip/Pmods/PmodBLE_v1_0' will take precedence over the same IP in location z:/DAT096/vivado-library-b0946605e3617c901635278b62d0f6a8e3942844/ip/Pmods/PmodBLE_v1_0
WARNING: [IP_Flow 19-1663] Duplicate IP found for 'digilentinc.com:IP:PmodBT2:1.0'. The one found in IP location 'z:/DAT096/vivado-library-master/ip/Pmods/PmodBT2_v1_0' will take precedence over the same IP in location z:/DAT096/vivado-library-b0946605e3617c901635278b62d0f6a8e3942844/ip/Pmods/PmodBT2_v1_0
WARNING: [IP_Flow 19-1663] Duplicate IP found for 'digilentinc.com:IP:PmodCAN:1.0'. The one found in IP location 'z:/DAT096/vivado-library-master/ip/Pmods/PmodCAN_v1_0' will take precedence over the same IP in location z:/DAT096/vivado-library-b0946605e3617c901635278b62d0f6a8e3942844/ip/Pmods/PmodCAN_v1_0
WARNING: [IP_Flow 19-1663] Duplicate IP found for 'digilentinc.com:IP:PmodCLS:1.0'. The one found in IP location 'z:/DAT096/vivado-library-master/ip/Pmods/PmodCLS_v1_0' will take precedence over the same IP in location z:/DAT096/vivado-library-b0946605e3617c901635278b62d0f6a8e3942844/ip/Pmods/PmodCLS_v1_0
WARNING: [IP_Flow 19-1663] Duplicate IP found for 'digilentinc.com:IP:PmodCMPS2:1.0'. The one found in IP location 'z:/DAT096/vivado-library-master/ip/Pmods/PmodCMPS2_v1_0' will take precedence over the same IP in location z:/DAT096/vivado-library-b0946605e3617c901635278b62d0f6a8e3942844/ip/Pmods/PmodCMPS2_v1_0
WARNING: [IP_Flow 19-1663] Duplicate IP found for 'digilentinc.com:IP:PmodCOLOR:1.0'. The one found in IP location 'z:/DAT096/vivado-library-master/ip/Pmods/PmodCOLOR_v1_0' will take precedence over the same IP in location z:/DAT096/vivado-library-b0946605e3617c901635278b62d0f6a8e3942844/ip/Pmods/PmodCOLOR_v1_0
WARNING: [IP_Flow 19-1663] Duplicate IP found for 'digilentinc.com:IP:PmodDA1:1.0'. The one found in IP location 'z:/DAT096/vivado-library-master/ip/Pmods/PmodDA1_v1_0' will take precedence over the same IP in location z:/DAT096/vivado-library-b0946605e3617c901635278b62d0f6a8e3942844/ip/Pmods/PmodDA1_v1_0
WARNING: [IP_Flow 19-1663] Duplicate IP found for 'digilentinc.com:IP:PmodDHB1:1.0'. The one found in IP location 'z:/DAT096/vivado-library-master/ip/Pmods/PmodDHB1_v1_0' will take precedence over the same IP in location z:/DAT096/vivado-library-b0946605e3617c901635278b62d0f6a8e3942844/ip/Pmods/PmodDHB1_v1_0
WARNING: [IP_Flow 19-1663] Duplicate IP found for 'digilentinc.com:IP:PmodDPG1:1.0'. The one found in IP location 'z:/DAT096/vivado-library-master/ip/Pmods/PmodDPG1_v1_0' will take precedence over the same IP in location z:/DAT096/vivado-library-b0946605e3617c901635278b62d0f6a8e3942844/ip/Pmods/PmodDPG1_v1_0
WARNING: [IP_Flow 19-1663] Duplicate IP found for 'digilentinc.com:IP:PmodENC:1.0'. The one found in IP location 'z:/DAT096/vivado-library-master/ip/Pmods/PmodENC_v1_0' will take precedence over the same IP in location z:/DAT096/vivado-library-b0946605e3617c901635278b62d0f6a8e3942844/ip/Pmods/PmodENC_v1_0
WARNING: [IP_Flow 19-1663] Duplicate IP found for 'digilentinc.com:user:PmodESP32:1.0'. The one found in IP location 'z:/DAT096/vivado-library-master/ip/Pmods/PmodESP32_v1_0' will take precedence over the same IP in location z:/DAT096/vivado-library-b0946605e3617c901635278b62d0f6a8e3942844/ip/Pmods/PmodESP32_v1_0
WARNING: [IP_Flow 19-1663] Duplicate IP found for 'digilentinc.com:IP:PmodGPIO:1.0'. The one found in IP location 'z:/DAT096/vivado-library-master/ip/Pmods/PmodGPIO_v1_0' will take precedence over the same IP in location z:/DAT096/vivado-library-b0946605e3617c901635278b62d0f6a8e3942844/ip/Pmods/PmodGPIO_v1_0
WARNING: [IP_Flow 19-1663] Duplicate IP found for 'digilentinc.com:IP:PmodGPS:1.1'. The one found in IP location 'z:/DAT096/vivado-library-master/ip/Pmods/PmodGPS_v1_1' will take precedence over the same IP in location z:/DAT096/vivado-library-b0946605e3617c901635278b62d0f6a8e3942844/ip/Pmods/PmodGPS_v1_1
WARNING: [IP_Flow 19-1663] Duplicate IP found for 'digilentinc.com:IP:PmodGYRO:1.0'. The one found in IP location 'z:/DAT096/vivado-library-master/ip/Pmods/PmodGYRO_v1_0' will take precedence over the same IP in location z:/DAT096/vivado-library-b0946605e3617c901635278b62d0f6a8e3942844/ip/Pmods/PmodGYRO_v1_0
WARNING: [IP_Flow 19-1663] Duplicate IP found for 'digilentinc.com:IP:PmodHYGRO:1.0'. The one found in IP location 'z:/DAT096/vivado-library-master/ip/Pmods/PmodHYGRO_v1_0' will take precedence over the same IP in location z:/DAT096/vivado-library-b0946605e3617c901635278b62d0f6a8e3942844/ip/Pmods/PmodHYGRO_v1_0
WARNING: [IP_Flow 19-1663] Duplicate IP found for 'digilentinc.com:IP:PmodJSTK2:1.0'. The one found in IP location 'z:/DAT096/vivado-library-master/ip/Pmods/PmodJSTK2_v1_0' will take precedence over the same IP in location z:/DAT096/vivado-library-b0946605e3617c901635278b62d0f6a8e3942844/ip/Pmods/PmodJSTK2_v1_0
WARNING: [IP_Flow 19-1663] Duplicate IP found for 'digilentinc.com:IP:PmodJSTK:1.0'. The one found in IP location 'z:/DAT096/vivado-library-master/ip/Pmods/PmodJSTK_v1_0' will take precedence over the same IP in location z:/DAT096/vivado-library-b0946605e3617c901635278b62d0f6a8e3942844/ip/Pmods/PmodJSTK_v1_0
WARNING: [IP_Flow 19-1663] Duplicate IP found for 'digilentinc.com:IP:PmodKYPD:1.0'. The one found in IP location 'z:/DAT096/vivado-library-master/ip/Pmods/PmodKYPD_v1_0' will take precedence over the same IP in location z:/DAT096/vivado-library-b0946605e3617c901635278b62d0f6a8e3942844/ip/Pmods/PmodKYPD_v1_0
WARNING: [IP_Flow 19-1663] Duplicate IP found for 'digilentinc.com:IP:PmodMAXSONAR:1.0'. The one found in IP location 'z:/DAT096/vivado-library-master/ip/Pmods/PmodMAXSONAR_v1_0' will take precedence over the same IP in location z:/DAT096/vivado-library-b0946605e3617c901635278b62d0f6a8e3942844/ip/Pmods/PmodMAXSONAR_v1_0
WARNING: [IP_Flow 19-1663] Duplicate IP found for 'digilentinc.com:IP:PmodMTDS:1.0'. The one found in IP location 'z:/DAT096/vivado-library-master/ip/Pmods/PmodMTDS_v1_0' will take precedence over the same IP in location z:/DAT096/vivado-library-b0946605e3617c901635278b62d0f6a8e3942844/ip/Pmods/PmodMTDS_v1_0
WARNING: [IP_Flow 19-1663] Duplicate IP found for 'digilentinc.com:IP:PmodNAV:1.0'. The one found in IP location 'z:/DAT096/vivado-library-master/ip/Pmods/PmodNAV_v1_0' will take precedence over the same IP in location z:/DAT096/vivado-library-b0946605e3617c901635278b62d0f6a8e3942844/ip/Pmods/PmodNAV_v1_0
INFO: [Common 17-14] Message 'IP_Flow 19-1663' appears 100 times and further instances of the messages will be disabled. Use the Tcl command set_msg_config to change the current settings.
WARNING: [IP_Flow 19-4830] Duplicate Interface found for 'digilentinc.com:interface:pmod:1.0'. The one found in location 'z:/DAT096/vivado-library-b0946605e3617c901635278b62d0f6a8e3942844/if/pmod_v1_0/pmod.xml' will take precedence over the same Interface in location 'z:/DAT096/vivado-library-master/if/pmod_v1_0/pmod.xml'
WARNING: [IP_Flow 19-4830] Duplicate Interface found for 'digilentinc.com:interface:tmds:1.0'. The one found in location 'z:/DAT096/vivado-library-b0946605e3617c901635278b62d0f6a8e3942844/if/tmds_v1_0/tmds.xml' will take precedence over the same Interface in location 'z:/DAT096/vivado-library-master/if/tmds_v1_0/tmds.xml'
Upgrading 'Z:/DAT096/DAT096-krish/Embedded-System-Project-DAT096-krishna/Board_2/Board_2/Board_2.srcs/sources_1/bd/design_2/design_2.bd'
INFO: [IP_Flow 19-3420] Updated design_2_vcsel_conv_0_0 to use current project options
Wrote  : <Z:\DAT096\DAT096-krish\Embedded-System-Project-DAT096-krishna\Board_2\Board_2\Board_2.srcs\sources_1\bd\design_2\design_2.bd> 
generate_target all [get_files  Z:/DAT096/DAT096-krish/Embedded-System-Project-DAT096-krishna/Board_2/Board_2/Board_2.srcs/sources_1/bd/design_2/design_2.bd]
WARNING: [BD 41-2670] Found an incomplete address path from address space '/processing_system7_0/Data' to master interface '/processing_system7_0/M_AXI_GP0'. Please either complete or remove this path to resolve.
WARNING: [BD 5-699] No address segments matched 'get_bd_addr_segs -of_objects /processing_system7_0/Data'
ERROR: [Common 17-161] Invalid option value '' specified for 'object'.
ERROR: [BD 41-1273] Error running propagate TCL procedure: ERROR: [Common 17-161] Invalid option value '' specified for 'object'.
    ::xilinx.com_ip_ila_6.2::propagate Line 95
INFO: [xilinx.com:ip:clk_wiz:6.0-1] /clk_wiz_0 clk_wiz propagate
Wrote  : <Z:\DAT096\DAT096-krish\Embedded-System-Project-DAT096-krishna\Board_2\Board_2\Board_2.srcs\sources_1\bd\design_2\design_2.bd> 
VHDL Output written to : z:/DAT096/DAT096-krish/Embedded-System-Project-DAT096-krishna/Board_2/Board_2/Board_2.gen/sources_1/bd/design_2/synth/design_2.vhd
VHDL Output written to : z:/DAT096/DAT096-krish/Embedded-System-Project-DAT096-krishna/Board_2/Board_2/Board_2.gen/sources_1/bd/design_2/sim/design_2.vhd
VHDL Output written to : z:/DAT096/DAT096-krish/Embedded-System-Project-DAT096-krishna/Board_2/Board_2/Board_2.gen/sources_1/bd/design_2/hdl/design_2_wrapper.vhd
INFO: [BD 41-1029] Generation completed for the IP Integrator block vcsel_conv_0 .
Exporting to file z:/DAT096/DAT096-krish/Embedded-System-Project-DAT096-krishna/Board_2/Board_2/Board_2.gen/sources_1/bd/design_2/hw_handoff/design_2.hwh
Generated Hardware Definition File z:/DAT096/DAT096-krish/Embedded-System-Project-DAT096-krishna/Board_2/Board_2/Board_2.gen/sources_1/bd/design_2/synth/design_2.hwdef
ERROR: [Common 17-39] 'generate_target' failed due to earlier errors.
report_ip_status -name ip_status 
reset_run synth_1
INFO: [Project 1-1161] Replacing file Z:/DAT096/DAT096-krish/Embedded-System-Project-DAT096-krishna/Board_2/Board_2/Board_2.srcs/utils_1/imports/synth_1/design_2_wrapper.dcp with file Z:/DAT096/DAT096-krish/Embedded-System-Project-DAT096-krishna/Board_2/Board_2/Board_2.runs/synth_1/design_2_wrapper.dcp
WARNING: [Vivado 12-1017] Problems encountered:
1. Failed to delete one or more files in run directory Z:/DAT096/DAT096-krish/Embedded-System-Project-DAT096-krishna/Board_2/Board_2/Board_2.runs/synth_1

launch_runs impl_1 -to_step write_bitstream -jobs 28
[Wed May 27 21:50:39 2026] Launched design_2_vcsel_conv_0_0_synth_1, synth_1...
Run output will be captured here:
design_2_vcsel_conv_0_0_synth_1: Z:/DAT096/DAT096-krish/Embedded-System-Project-DAT096-krishna/Board_2/Board_2/Board_2.runs/design_2_vcsel_conv_0_0_synth_1/runme.log
synth_1: Z:/DAT096/DAT096-krish/Embedded-System-Project-DAT096-krishna/Board_2/Board_2/Board_2.runs/synth_1/runme.log
[Wed May 27 21:50:39 2026] Launched impl_1...
Run output will be captured here: Z:/DAT096/DAT096-krish/Embedded-System-Project-DAT096-krishna/Board_2/Board_2/Board_2.runs/impl_1/runme.log
set_property PROBES.FILE {Z:/DAT096/DAT096-krish/Embedded-System-Project-DAT096-krishna/Board_2/Board_2/Board_2.runs/impl_1/design_2_wrapper.ltx} [get_hw_devices xc7z020_1_1]
set_property FULL_PROBES.FILE {Z:/DAT096/DAT096-krish/Embedded-System-Project-DAT096-krishna/Board_2/Board_2/Board_2.runs/impl_1/design_2_wrapper.ltx} [get_hw_devices xc7z020_1_1]
set_property PROGRAM.FILE {Z:/DAT096/DAT096-krish/Embedded-System-Project-DAT096-krishna/Board_2/Board_2/Board_2.runs/impl_1/design_2_wrapper.bit} [get_hw_devices xc7z020_1_1]
program_hw_devices [get_hw_devices xc7z020_1_1]
INFO: [Labtools 27-3164] End of startup status: HIGH
refresh_hw_device [lindex [get_hw_devices xc7z020_1_1] 0]
INFO: [Labtools 27-2302] Device xc7z020 (JTAG device index = 1) is programmed with a design that has 1 ILA core(s).
INFO: [Labtools 27-2302] Device xc7z020 (JTAG device index = 1) is programmed with a design that has 2 VIO core(s).
WARNING: [Labtools 27-1952] VIO hw_probe OUTPUT_VALUE properties for hw_vio(s) [hw_vio_2] differ from output values in the VIO core(s).
Resolution: 
To synchronize the hw_probes properties and the VIO core outputs choose one of the following alternatives:
  1) Execute the command 'Commit Output Values to VIO Core', to write down the hw_probe values to the core.
  2) Execute the command 'Refresh Input and Output Values from VIO Core', to update the hw_probe properties with the core values.
  3) First restore initial values in the core with the command 'Reset VIO Core Outputs', and then execute the command 'Refresh Input and Output Values from VIO Core'.
run_hw_ila [get_hw_ilas -of_objects [get_hw_devices xc7z020_1_1] -filter {CELL_NAME=~"design_2_i/ila_0"}]
INFO: [Labtools 27-1964] The ILA core 'hw_ila_1' trigger was armed at 2026-May-27 21:57:14
wait_on_hw_ila [get_hw_ilas -of_objects [get_hw_devices xc7z020_1_1] -filter {CELL_NAME=~"design_2_i/ila_0"}]
display_hw_ila_data [upload_hw_ila_data [get_hw_ilas -of_objects [get_hw_devices xc7z020_1_1] -filter {CELL_NAME=~"design_2_i/ila_0"}]]
INFO: [Labtools 27-1966] The ILA core 'hw_ila_1' triggered at 2026-May-27 21:57:14
INFO: [Labtools 27-3304] ILA Waveform data saved to file Z:/DAT096/DAT096-krish/Embedded-System-Project-DAT096-krishna/Board_2/Board_2/Board_2.hw/backup/hw_ila_data_1.ila. Use Tcl command 'read_hw_ila_data' or Vivado File->Import->Import ILA Data menu item to import the previously saved data.
run_hw_ila [get_hw_ilas -of_objects [get_hw_devices xc7z020_1_1] -filter {CELL_NAME=~"design_2_i/ila_0"}]
INFO: [Labtools 27-1964] The ILA core 'hw_ila_1' trigger was armed at 2026-May-27 21:57:26
wait_on_hw_ila [get_hw_ilas -of_objects [get_hw_devices xc7z020_1_1] -filter {CELL_NAME=~"design_2_i/ila_0"}]
display_hw_ila_data [upload_hw_ila_data [get_hw_ilas -of_objects [get_hw_devices xc7z020_1_1] -filter {CELL_NAME=~"design_2_i/ila_0"}]]
INFO: [Labtools 27-1966] The ILA core 'hw_ila_1' triggered at 2026-May-27 21:57:26
INFO: [Labtools 27-3304] ILA Waveform data saved to file Z:/DAT096/DAT096-krish/Embedded-System-Project-DAT096-krishna/Board_2/Board_2/Board_2.hw/backup/hw_ila_data_1.ila. Use Tcl command 'read_hw_ila_data' or Vivado File->Import->Import ILA Data menu item to import the previously saved data.
set_property OUTPUT_VALUE 0 [get_hw_probes design_2_i/vio_1_probe_out0 -of_objects [get_hw_vios -of_objects [get_hw_devices xc7z020_1_1] -filter {CELL_NAME=~"design_2_i/vio_1"}]]
commit_hw_vio [get_hw_probes {design_2_i/vio_1_probe_out0} -of_objects [get_hw_vios -of_objects [get_hw_devices xc7z020_1_1] -filter {CELL_NAME=~"design_2_i/vio_1"}]]
open_bd_design {Z:/DAT096/DAT096-krish/Embedded-System-Project-DAT096-krishna/Board_2/Board_2/Board_2.srcs/sources_1/bd/design_2/design_2.bd}
ipx::edit_ip_in_project -upgrade true -name top_awgn_v1_0_project -directory Z:/DAT096/DAT096-krish/Embedded-System-Project-DAT096-krishna/Board_2/Board_2/Board_2.tmp/top_awgn_v1_0_project z:/DAT096/Project_team5/ip_repo_snr/component.xml
INFO: [ProjectBase 1-489] The host OS only allows 260 characters in a normal path. The project is stored in a path with more than 80 characters. If you experience issues with IP, Block Designs, or files not being found, please consider moving the project to a location with a shorter path. Alternately consider using the OS subst command to map part of the path to a drive letter.
Current project path is 'z:/dat096/dat096-krish/embedded-system-project-dat096-krishna/board_2/board_2/board_2.tmp/top_awgn_v1_0_project'
INFO: [IP_Flow 19-234] Refreshing IP repositories
INFO: [IP_Flow 19-1704] No user IP repositories specified
INFO: [IP_Flow 19-2313] Loaded Vivado IP repository 'C:/Progs/Xilinx/Vivado/2024.2/data/ip'.
INFO: [IP_Flow 19-234] Refreshing IP repositories
WARNING: [IP_Flow 19-2248] Failed to load user IP repository 'z:/DAT096/vivado-library-zmod-v2-2019.1-2/vivado-library-zmod-v2-2019.1-2'; Can't find the specified path.
If this directory should no longer be in your list of user repositories, go to the IP Settings dialog and remove it.
INFO: [IP_Flow 19-1700] Loaded user IP repository 'z:/DAT096/Project_team5/ip_repo_snr'.
WARNING: [IP_Flow 19-2248] Failed to load user IP repository 'z:/embedded project/Eclypse-Z7-HW/Eclypse-Z7-HW.ipdefs/repo'; Can't find the specified path.
If this directory should no longer be in your list of user repositories, go to the IP Settings dialog and remove it.
WARNING: [IP_Flow 19-2248] Failed to load user IP repository 'z:/DAT096/Project_team5/ip_repo'; Can't find the specified path.
If this directory should no longer be in your list of user repositories, go to the IP Settings dialog and remove it.
INFO: [IP_Flow 19-1700] Loaded user IP repository 'z:/DAT096/vivado-boards-master'.
INFO: [IP_Flow 19-1700] Loaded user IP repository 'z:/DAT096/vivado-library-b0946605e3617c901635278b62d0f6a8e3942844'.
INFO: [IP_Flow 19-1700] Loaded user IP repository 'z:/DAT096/vivado-library-master'.
WARNING: [IP_Flow 19-2248] Failed to load user IP repository 'z:/eda234/vivado-library-master'; Can't find the specified path.
If this directory should no longer be in your list of user repositories, go to the IP Settings dialog and remove it.
WARNING: [IP_Flow 19-3685] Ignored loading user repository 'z:/eda234/vivado-library-master/ip'. The path is contained within another repository.
WARNING: [IP_Flow 19-1663] Duplicate IP found for 'digilentinc.com:user:axi_i2s_adi:1.2'. The one found in IP location 'z:/DAT096/vivado-library-b0946605e3617c901635278b62d0f6a8e3942844/ip/axi_i2s_adi_1.2' will take precedence over the same IP in location z:/DAT096/vivado-library-master/ip/axi_i2s_adi_1.2
WARNING: [IP_Flow 19-1663] Duplicate IP found for 'digilentinc.com:IP:axi_ps2:1.0'. The one found in IP location 'z:/DAT096/vivado-library-b0946605e3617c901635278b62d0f6a8e3942844/ip/axi_ps2_1.0' will take precedence over the same IP in location z:/DAT096/vivado-library-master/ip/axi_ps2_1.0
WARNING: [IP_Flow 19-1663] Duplicate IP found for 'digilentinc.com:ip:clock_forwarder:1.1'. The one found in IP location 'z:/DAT096/vivado-library-b0946605e3617c901635278b62d0f6a8e3942844/ip/clock_forwarder' will take precedence over the same IP in location z:/DAT096/vivado-library-master/ip/clock_forwarder
WARNING: [IP_Flow 19-1663] Duplicate IP found for 'digilentinc.com:IP:hls_contrast_stretch:1.0'. The one found in IP location 'z:/DAT096/vivado-library-b0946605e3617c901635278b62d0f6a8e3942844/ip/hls_contrast_stretch_1_0' will take precedence over the same IP in location z:/DAT096/vivado-library-master/ip/hls_contrast_stretch_1_0
WARNING: [IP_Flow 19-1663] Duplicate IP found for 'digilentinc.com:IP:hls_gamma_correction:1.0'. The one found in IP location 'z:/DAT096/vivado-library-b0946605e3617c901635278b62d0f6a8e3942844/ip/hls_gamma_correction_1_0' will take precedence over the same IP in location z:/DAT096/vivado-library-master/ip/hls_gamma_correction_1_0
WARNING: [IP_Flow 19-1663] Duplicate IP found for 'digilentinc.com:IP:hls_saturation_enhance:1.0'. The one found in IP location 'z:/DAT096/vivado-library-b0946605e3617c901635278b62d0f6a8e3942844/ip/hls_saturation_enhance_1_0' will take precedence over the same IP in location z:/DAT096/vivado-library-master/ip/hls_saturation_enhance_1_0
WARNING: [IP_Flow 19-1663] Duplicate IP found for 'digilentinc.com:ip:rgb2dpvid:1.0'. The one found in IP location 'z:/DAT096/vivado-library-b0946605e3617c901635278b62d0f6a8e3942844/ip/rgb2dpvid_v1_0' will take precedence over the same IP in location z:/DAT096/vivado-library-master/ip/rgb2dpvid_v1_0
WARNING: [IP_Flow 19-1663] Duplicate IP found for 'digilentinc.com:ip:rgb2vga:1.0'. The one found in IP location 'z:/DAT096/vivado-library-b0946605e3617c901635278b62d0f6a8e3942844/ip/rgb2vga_v1_0' will take precedence over the same IP in location z:/DAT096/vivado-library-master/ip/rgb2vga_v1_0
WARNING: [IP_Flow 19-1663] Duplicate IP found for 'digilentinc.com:ip:Sync:1.0'. The one found in IP location 'z:/DAT096/vivado-library-b0946605e3617c901635278b62d0f6a8e3942844/ip/Sync_v1_0' will take precedence over the same IP in location z:/DAT096/vivado-library-master/ip/Sync_v1_0
WARNING: [IP_Flow 19-1663] Duplicate IP found for 'digilentinc.com:ip:usb2device:1.0'. The one found in IP location 'z:/DAT096/vivado-library-b0946605e3617c901635278b62d0f6a8e3942844/ip/usb2device_v1_0' will take precedence over the same IP in location z:/DAT096/vivado-library-master/ip/usb2device_v1_0
WARNING: [IP_Flow 19-1663] Duplicate IP found for 'digilentinc.com:video:video_scaler:1.0'. The one found in IP location 'z:/DAT096/vivado-library-b0946605e3617c901635278b62d0f6a8e3942844/ip/video_scaler' will take precedence over the same IP in location z:/DAT096/vivado-library-master/ip/video_scaler
WARNING: [IP_Flow 19-1663] Duplicate IP found for 'digilentinc.com:ip:dvi2rgb:2.0'. The one found in IP location 'z:/DAT096/vivado-library-master/ip/dvi2rgb' will take precedence over the same IP in location z:/DAT096/vivado-library-b0946605e3617c901635278b62d0f6a8e3942844/ip/dvi2rgb
WARNING: [IP_Flow 19-1663] Duplicate IP found for 'digilentinc.com:IP:MotorFeedback:1.0'. The one found in IP location 'z:/DAT096/vivado-library-master/ip/MotorFeedback_1.0' will take precedence over the same IP in location z:/DAT096/vivado-library-b0946605e3617c901635278b62d0f6a8e3942844/ip/MotorFeedback_1.0
WARNING: [IP_Flow 19-1663] Duplicate IP found for 'digilentinc.com:IP:PmodACL2:1.0'. The one found in IP location 'z:/DAT096/vivado-library-master/ip/Pmods/PmodACL2_v1_0' will take precedence over the same IP in location z:/DAT096/vivado-library-b0946605e3617c901635278b62d0f6a8e3942844/ip/Pmods/PmodACL2_v1_0
WARNING: [IP_Flow 19-1663] Duplicate IP found for 'digilentinc.com:IP:PmodACL:1.0'. The one found in IP location 'z:/DAT096/vivado-library-master/ip/Pmods/PmodACL_v1_0' will take precedence over the same IP in location z:/DAT096/vivado-library-b0946605e3617c901635278b62d0f6a8e3942844/ip/Pmods/PmodACL_v1_0
WARNING: [IP_Flow 19-1663] Duplicate IP found for 'digilentinc.com:IP:PmodAD1:1.0'. The one found in IP location 'z:/DAT096/vivado-library-master/ip/Pmods/PmodAD1_v1_0' will take precedence over the same IP in location z:/DAT096/vivado-library-b0946605e3617c901635278b62d0f6a8e3942844/ip/Pmods/PmodAD1_v1_0
WARNING: [IP_Flow 19-1663] Duplicate IP found for 'digilentinc.com:IP:PmodAD2:1.0'. The one found in IP location 'z:/DAT096/vivado-library-master/ip/Pmods/PmodAD2_v1_0' will take precedence over the same IP in location z:/DAT096/vivado-library-b0946605e3617c901635278b62d0f6a8e3942844/ip/Pmods/PmodAD2_v1_0
WARNING: [IP_Flow 19-1663] Duplicate IP found for 'digilentinc.com:IP:PmodAD5:1.0'. The one found in IP location 'z:/DAT096/vivado-library-master/ip/Pmods/PmodAD5_v1_0' will take precedence over the same IP in location z:/DAT096/vivado-library-b0946605e3617c901635278b62d0f6a8e3942844/ip/Pmods/PmodAD5_v1_0
WARNING: [IP_Flow 19-1663] Duplicate IP found for 'digilentinc.com:IP:PmodALS:1.0'. The one found in IP location 'z:/DAT096/vivado-library-master/ip/Pmods/PmodALS_v1_0' will take precedence over the same IP in location z:/DAT096/vivado-library-b0946605e3617c901635278b62d0f6a8e3942844/ip/Pmods/PmodALS_v1_0
WARNING: [IP_Flow 19-1663] Duplicate IP found for 'digilentinc.com:IP:PmodAMP2:1.0'. The one found in IP location 'z:/DAT096/vivado-library-master/ip/Pmods/PmodAMP2_v1_0' will take precedence over the same IP in location z:/DAT096/vivado-library-b0946605e3617c901635278b62d0f6a8e3942844/ip/Pmods/PmodAMP2_v1_0
WARNING: [IP_Flow 19-1663] Duplicate IP found for 'digilentinc.com:IP:PmodAQS:1.0'. The one found in IP location 'z:/DAT096/vivado-library-master/ip/Pmods/PmodAQS_v1_0' will take precedence over the same IP in location z:/DAT096/vivado-library-b0946605e3617c901635278b62d0f6a8e3942844/ip/Pmods/PmodAQS_v1_0
WARNING: [IP_Flow 19-1663] Duplicate IP found for 'digilentinc.com:IP:PmodBLE:1.0'. The one found in IP location 'z:/DAT096/vivado-library-master/ip/Pmods/PmodBLE_v1_0' will take precedence over the same IP in location z:/DAT096/vivado-library-b0946605e3617c901635278b62d0f6a8e3942844/ip/Pmods/PmodBLE_v1_0
WARNING: [IP_Flow 19-1663] Duplicate IP found for 'digilentinc.com:IP:PmodBT2:1.0'. The one found in IP location 'z:/DAT096/vivado-library-master/ip/Pmods/PmodBT2_v1_0' will take precedence over the same IP in location z:/DAT096/vivado-library-b0946605e3617c901635278b62d0f6a8e3942844/ip/Pmods/PmodBT2_v1_0
WARNING: [IP_Flow 19-1663] Duplicate IP found for 'digilentinc.com:IP:PmodCAN:1.0'. The one found in IP location 'z:/DAT096/vivado-library-master/ip/Pmods/PmodCAN_v1_0' will take precedence over the same IP in location z:/DAT096/vivado-library-b0946605e3617c901635278b62d0f6a8e3942844/ip/Pmods/PmodCAN_v1_0
WARNING: [IP_Flow 19-1663] Duplicate IP found for 'digilentinc.com:IP:PmodCLS:1.0'. The one found in IP location 'z:/DAT096/vivado-library-master/ip/Pmods/PmodCLS_v1_0' will take precedence over the same IP in location z:/DAT096/vivado-library-b0946605e3617c901635278b62d0f6a8e3942844/ip/Pmods/PmodCLS_v1_0
WARNING: [IP_Flow 19-1663] Duplicate IP found for 'digilentinc.com:IP:PmodCMPS2:1.0'. The one found in IP location 'z:/DAT096/vivado-library-master/ip/Pmods/PmodCMPS2_v1_0' will take precedence over the same IP in location z:/DAT096/vivado-library-b0946605e3617c901635278b62d0f6a8e3942844/ip/Pmods/PmodCMPS2_v1_0
WARNING: [IP_Flow 19-1663] Duplicate IP found for 'digilentinc.com:IP:PmodCOLOR:1.0'. The one found in IP location 'z:/DAT096/vivado-library-master/ip/Pmods/PmodCOLOR_v1_0' will take precedence over the same IP in location z:/DAT096/vivado-library-b0946605e3617c901635278b62d0f6a8e3942844/ip/Pmods/PmodCOLOR_v1_0
WARNING: [IP_Flow 19-1663] Duplicate IP found for 'digilentinc.com:IP:PmodDA1:1.0'. The one found in IP location 'z:/DAT096/vivado-library-master/ip/Pmods/PmodDA1_v1_0' will take precedence over the same IP in location z:/DAT096/vivado-library-b0946605e3617c901635278b62d0f6a8e3942844/ip/Pmods/PmodDA1_v1_0
WARNING: [IP_Flow 19-1663] Duplicate IP found for 'digilentinc.com:IP:PmodDHB1:1.0'. The one found in IP location 'z:/DAT096/vivado-library-master/ip/Pmods/PmodDHB1_v1_0' will take precedence over the same IP in location z:/DAT096/vivado-library-b0946605e3617c901635278b62d0f6a8e3942844/ip/Pmods/PmodDHB1_v1_0
WARNING: [IP_Flow 19-1663] Duplicate IP found for 'digilentinc.com:IP:PmodDPG1:1.0'. The one found in IP location 'z:/DAT096/vivado-library-master/ip/Pmods/PmodDPG1_v1_0' will take precedence over the same IP in location z:/DAT096/vivado-library-b0946605e3617c901635278b62d0f6a8e3942844/ip/Pmods/PmodDPG1_v1_0
WARNING: [IP_Flow 19-1663] Duplicate IP found for 'digilentinc.com:IP:PmodENC:1.0'. The one found in IP location 'z:/DAT096/vivado-library-master/ip/Pmods/PmodENC_v1_0' will take precedence over the same IP in location z:/DAT096/vivado-library-b0946605e3617c901635278b62d0f6a8e3942844/ip/Pmods/PmodENC_v1_0
WARNING: [IP_Flow 19-1663] Duplicate IP found for 'digilentinc.com:user:PmodESP32:1.0'. The one found in IP location 'z:/DAT096/vivado-library-master/ip/Pmods/PmodESP32_v1_0' will take precedence over the same IP in location z:/DAT096/vivado-library-b0946605e3617c901635278b62d0f6a8e3942844/ip/Pmods/PmodESP32_v1_0
WARNING: [IP_Flow 19-1663] Duplicate IP found for 'digilentinc.com:IP:PmodGPIO:1.0'. The one found in IP location 'z:/DAT096/vivado-library-master/ip/Pmods/PmodGPIO_v1_0' will take precedence over the same IP in location z:/DAT096/vivado-library-b0946605e3617c901635278b62d0f6a8e3942844/ip/Pmods/PmodGPIO_v1_0
WARNING: [IP_Flow 19-1663] Duplicate IP found for 'digilentinc.com:IP:PmodGPS:1.1'. The one found in IP location 'z:/DAT096/vivado-library-master/ip/Pmods/PmodGPS_v1_1' will take precedence over the same IP in location z:/DAT096/vivado-library-b0946605e3617c901635278b62d0f6a8e3942844/ip/Pmods/PmodGPS_v1_1
WARNING: [IP_Flow 19-1663] Duplicate IP found for 'digilentinc.com:IP:PmodGYRO:1.0'. The one found in IP location 'z:/DAT096/vivado-library-master/ip/Pmods/PmodGYRO_v1_0' will take precedence over the same IP in location z:/DAT096/vivado-library-b0946605e3617c901635278b62d0f6a8e3942844/ip/Pmods/PmodGYRO_v1_0
WARNING: [IP_Flow 19-1663] Duplicate IP found for 'digilentinc.com:IP:PmodHYGRO:1.0'. The one found in IP location 'z:/DAT096/vivado-library-master/ip/Pmods/PmodHYGRO_v1_0' will take precedence over the same IP in location z:/DAT096/vivado-library-b0946605e3617c901635278b62d0f6a8e3942844/ip/Pmods/PmodHYGRO_v1_0
WARNING: [IP_Flow 19-1663] Duplicate IP found for 'digilentinc.com:IP:PmodJSTK2:1.0'. The one found in IP location 'z:/DAT096/vivado-library-master/ip/Pmods/PmodJSTK2_v1_0' will take precedence over the same IP in location z:/DAT096/vivado-library-b0946605e3617c901635278b62d0f6a8e3942844/ip/Pmods/PmodJSTK2_v1_0
WARNING: [IP_Flow 19-1663] Duplicate IP found for 'digilentinc.com:IP:PmodJSTK:1.0'. The one found in IP location 'z:/DAT096/vivado-library-master/ip/Pmods/PmodJSTK_v1_0' will take precedence over the same IP in location z:/DAT096/vivado-library-b0946605e3617c901635278b62d0f6a8e3942844/ip/Pmods/PmodJSTK_v1_0
WARNING: [IP_Flow 19-1663] Duplicate IP found for 'digilentinc.com:IP:PmodKYPD:1.0'. The one found in IP location 'z:/DAT096/vivado-library-master/ip/Pmods/PmodKYPD_v1_0' will take precedence over the same IP in location z:/DAT096/vivado-library-b0946605e3617c901635278b62d0f6a8e3942844/ip/Pmods/PmodKYPD_v1_0
WARNING: [IP_Flow 19-1663] Duplicate IP found for 'digilentinc.com:IP:PmodMAXSONAR:1.0'. The one found in IP location 'z:/DAT096/vivado-library-master/ip/Pmods/PmodMAXSONAR_v1_0' will take precedence over the same IP in location z:/DAT096/vivado-library-b0946605e3617c901635278b62d0f6a8e3942844/ip/Pmods/PmodMAXSONAR_v1_0
WARNING: [IP_Flow 19-1663] Duplicate IP found for 'digilentinc.com:IP:PmodMTDS:1.0'. The one found in IP location 'z:/DAT096/vivado-library-master/ip/Pmods/PmodMTDS_v1_0' will take precedence over the same IP in location z:/DAT096/vivado-library-b0946605e3617c901635278b62d0f6a8e3942844/ip/Pmods/PmodMTDS_v1_0
WARNING: [IP_Flow 19-1663] Duplicate IP found for 'digilentinc.com:IP:PmodNAV:1.0'. The one found in IP location 'z:/DAT096/vivado-library-master/ip/Pmods/PmodNAV_v1_0' will take precedence over the same IP in location z:/DAT096/vivado-library-b0946605e3617c901635278b62d0f6a8e3942844/ip/Pmods/PmodNAV_v1_0
WARNING: [IP_Flow 19-1663] Duplicate IP found for 'digilentinc.com:IP:PmodOLEDrgb:1.0'. The one found in IP location 'z:/DAT096/vivado-library-master/ip/Pmods/pmodOLEDrgb_v1_0' will take precedence over the same IP in location z:/DAT096/vivado-library-b0946605e3617c901635278b62d0f6a8e3942844/ip/Pmods/pmodOLEDrgb_v1_0
WARNING: [IP_Flow 19-1663] Duplicate IP found for 'digilentinc.com:IP:PmodOLED:1.0'. The one found in IP location 'z:/DAT096/vivado-library-master/ip/Pmods/PmodOLED_v1_0' will take precedence over the same IP in location z:/DAT096/vivado-library-b0946605e3617c901635278b62d0f6a8e3942844/ip/Pmods/PmodOLED_v1_0
WARNING: [IP_Flow 19-1663] Duplicate IP found for 'digilentinc.com:IP:PmodPIR:1.0'. The one found in IP location 'z:/DAT096/vivado-library-master/ip/Pmods/PmodPIR_v1_0' will take precedence over the same IP in location z:/DAT096/vivado-library-b0946605e3617c901635278b62d0f6a8e3942844/ip/Pmods/PmodPIR_v1_0
WARNING: [IP_Flow 19-1663] Duplicate IP found for 'digilentinc.com:IP:PmodR2R:1.0'. The one found in IP location 'z:/DAT096/vivado-library-master/ip/Pmods/PmodR2R_v1_0' will take precedence over the same IP in location z:/DAT096/vivado-library-b0946605e3617c901635278b62d0f6a8e3942844/ip/Pmods/PmodR2R_v1_0
WARNING: [IP_Flow 19-1663] Duplicate IP found for 'digilentinc.com:IP:PmodRTCC:1.0'. The one found in IP location 'z:/DAT096/vivado-library-master/ip/Pmods/PmodRTCC_v1_0' will take precedence over the same IP in location z:/DAT096/vivado-library-b0946605e3617c901635278b62d0f6a8e3942844/ip/Pmods/PmodRTCC_v1_0
WARNING: [IP_Flow 19-1663] Duplicate IP found for 'digilentinc.com:IP:PmodSD:1.0'. The one found in IP location 'z:/DAT096/vivado-library-master/ip/Pmods/PmodSD_v1_0' will take precedence over the same IP in location z:/DAT096/vivado-library-b0946605e3617c901635278b62d0f6a8e3942844/ip/Pmods/PmodSD_v1_0
WARNING: [IP_Flow 19-1663] Duplicate IP found for 'digilentinc.com:IP:PmodSF3:1.0'. The one found in IP location 'z:/DAT096/vivado-library-master/ip/Pmods/PmodSF3_v1_0' will take precedence over the same IP in location z:/DAT096/vivado-library-b0946605e3617c901635278b62d0f6a8e3942844/ip/Pmods/PmodSF3_v1_0
WARNING: [IP_Flow 19-1663] Duplicate IP found for 'digilentinc.com:IP:PmodTC1:1.0'. The one found in IP location 'z:/DAT096/vivado-library-master/ip/Pmods/PmodTC1_v1_0' will take precedence over the same IP in location z:/DAT096/vivado-library-b0946605e3617c901635278b62d0f6a8e3942844/ip/Pmods/PmodTC1_v1_0
WARNING: [IP_Flow 19-1663] Duplicate IP found for 'digilentinc.com:IP:PmodTMP3:1.0'. The one found in IP location 'z:/DAT096/vivado-library-master/ip/Pmods/PmodTMP3_v1_0' will take precedence over the same IP in location z:/DAT096/vivado-library-b0946605e3617c901635278b62d0f6a8e3942844/ip/Pmods/PmodTMP3_v1_0
WARNING: [IP_Flow 19-1663] Duplicate IP found for 'digilentinc.com:IP:PmodWIFI:1.0'. The one found in IP location 'z:/DAT096/vivado-library-master/ip/Pmods/PmodWIFI_v1_0' will take precedence over the same IP in location z:/DAT096/vivado-library-b0946605e3617c901635278b62d0f6a8e3942844/ip/Pmods/PmodWIFI_v1_0
WARNING: [IP_Flow 19-1663] Duplicate IP found for 'digilentinc.com:ip:pmod_bridge:1.0'. The one found in IP location 'z:/DAT096/vivado-library-master/ip/Pmods/Pmod_Bridge_v1_0' will take precedence over the same IP in location z:/DAT096/vivado-library-b0946605e3617c901635278b62d0f6a8e3942844/ip/Pmods/Pmod_Bridge_v1_0
WARNING: [IP_Flow 19-1663] Duplicate IP found for 'digilentinc.com:ip:pmod_bridge:1.1'. The one found in IP location 'z:/DAT096/vivado-library-master/ip/Pmods/Pmod_Bridge_v1_1' will take precedence over the same IP in location z:/DAT096/vivado-library-b0946605e3617c901635278b62d0f6a8e3942844/ip/Pmods/Pmod_Bridge_v1_1
WARNING: [IP_Flow 19-1663] Duplicate IP found for 'digilentinc.com:IP:PWM:1.0'. The one found in IP location 'z:/DAT096/vivado-library-master/ip/PWM_1.0' will take precedence over the same IP in location z:/DAT096/vivado-library-b0946605e3617c901635278b62d0f6a8e3942844/ip/PWM_1.0
WARNING: [IP_Flow 19-1663] Duplicate IP found for 'digilentinc.com:IP:PWM:2.0'. The one found in IP location 'z:/DAT096/vivado-library-master/ip/PWM_2.0' will take precedence over the same IP in location z:/DAT096/vivado-library-b0946605e3617c901635278b62d0f6a8e3942844/ip/PWM_2.0
WARNING: [IP_Flow 19-1663] Duplicate IP found for 'digilentinc.com:IP:PWM_Analyzer:1.0'. The one found in IP location 'z:/DAT096/vivado-library-master/ip/PWM_Analyzer_1.0' will take precedence over the same IP in location z:/DAT096/vivado-library-b0946605e3617c901635278b62d0f6a8e3942844/ip/PWM_Analyzer_1.0
WARNING: [IP_Flow 19-1663] Duplicate IP found for 'digilentinc.com:ip:rgb2dvi:1.4'. The one found in IP location 'z:/DAT096/vivado-library-master/ip/rgb2dvi' will take precedence over the same IP in location z:/DAT096/vivado-library-b0946605e3617c901635278b62d0f6a8e3942844/ip/rgb2dvi
WARNING: [IP_Flow 19-4830] Duplicate Interface found for 'digilentinc.com:interface:pmod:1.0'. The one found in location 'z:/DAT096/vivado-library-b0946605e3617c901635278b62d0f6a8e3942844/if/pmod_v1_0/pmod.xml' will take precedence over the same Interface in location 'z:/DAT096/vivado-library-master/if/pmod_v1_0/pmod.xml'
WARNING: [IP_Flow 19-4830] Duplicate Interface found for 'digilentinc.com:interface:tmds:1.0'. The one found in location 'z:/DAT096/vivado-library-b0946605e3617c901635278b62d0f6a8e3942844/if/tmds_v1_0/tmds.xml' will take precedence over the same Interface in location 'z:/DAT096/vivado-library-master/if/tmds_v1_0/tmds.xml'
INFO: [IP_Flow 19-795] Syncing license key meta-data
ipx::edit_ip_in_project: Time (s): cpu = 00:00:05 ; elapsed = 00:00:17 . Memory (MB): peak = 2587.293 ; gain = 0.000
update_compile_order -fileset sources_1
ipx::merge_project_changes ports [ipx::current_core]
set_property core_revision 20 [ipx::current_core]
ipx::update_source_project_archive -component [ipx::current_core]
ipx::update_checksums [ipx::current_core]
ipx::check_integrity [ipx::current_core]
WARNING: [IP_Flow 19-11888] Component Definition 'chalmers.se:user:top_awgn:1.0 (top_awgn_v1_0)': IP description "top_awgn_v1_0" is not meaningful: same as name or display name
WARNING: [IP_Flow 19-5661] Bus Interface 'clk' does not have any bus interfaces associated with it.
WARNING: [IP_Flow 19-11770] Clock interface 'clk' has no FREQ_HZ parameter.
INFO: [IP_Flow 19-2181] Payment is not required for this core.
WARNING: [IP_Flow 19-2187] The Product Guide file is missing.
INFO: [Ipptcl 7-1486] check_integrity: Integrity check passed.
ipx::save_core [ipx::current_core]
ipx::move_temp_component_back -component [ipx::current_core]
close_project -delete
update_ip_catalog -rebuild -repo_path z:/DAT096/Project_team5/ip_repo_snr
INFO: [IP_Flow 19-725] Reloaded user IP repository 'z:/DAT096/Project_team5/ip_repo_snr'
WARNING: [IP_Flow 19-1663] Duplicate IP found for 'digilentinc.com:user:axi_i2s_adi:1.2'. The one found in IP location 'z:/DAT096/vivado-library-b0946605e3617c901635278b62d0f6a8e3942844/ip/axi_i2s_adi_1.2' will take precedence over the same IP in location z:/DAT096/vivado-library-master/ip/axi_i2s_adi_1.2
WARNING: [IP_Flow 19-1663] Duplicate IP found for 'digilentinc.com:IP:axi_ps2:1.0'. The one found in IP location 'z:/DAT096/vivado-library-b0946605e3617c901635278b62d0f6a8e3942844/ip/axi_ps2_1.0' will take precedence over the same IP in location z:/DAT096/vivado-library-master/ip/axi_ps2_1.0
WARNING: [IP_Flow 19-1663] Duplicate IP found for 'digilentinc.com:ip:clock_forwarder:1.1'. The one found in IP location 'z:/DAT096/vivado-library-b0946605e3617c901635278b62d0f6a8e3942844/ip/clock_forwarder' will take precedence over the same IP in location z:/DAT096/vivado-library-master/ip/clock_forwarder
WARNING: [IP_Flow 19-1663] Duplicate IP found for 'digilentinc.com:IP:hls_contrast_stretch:1.0'. The one found in IP location 'z:/DAT096/vivado-library-b0946605e3617c901635278b62d0f6a8e3942844/ip/hls_contrast_stretch_1_0' will take precedence over the same IP in location z:/DAT096/vivado-library-master/ip/hls_contrast_stretch_1_0
WARNING: [IP_Flow 19-1663] Duplicate IP found for 'digilentinc.com:IP:hls_gamma_correction:1.0'. The one found in IP location 'z:/DAT096/vivado-library-b0946605e3617c901635278b62d0f6a8e3942844/ip/hls_gamma_correction_1_0' will take precedence over the same IP in location z:/DAT096/vivado-library-master/ip/hls_gamma_correction_1_0
WARNING: [IP_Flow 19-1663] Duplicate IP found for 'digilentinc.com:IP:hls_saturation_enhance:1.0'. The one found in IP location 'z:/DAT096/vivado-library-b0946605e3617c901635278b62d0f6a8e3942844/ip/hls_saturation_enhance_1_0' will take precedence over the same IP in location z:/DAT096/vivado-library-master/ip/hls_saturation_enhance_1_0
WARNING: [IP_Flow 19-1663] Duplicate IP found for 'digilentinc.com:ip:rgb2dpvid:1.0'. The one found in IP location 'z:/DAT096/vivado-library-b0946605e3617c901635278b62d0f6a8e3942844/ip/rgb2dpvid_v1_0' will take precedence over the same IP in location z:/DAT096/vivado-library-master/ip/rgb2dpvid_v1_0
WARNING: [IP_Flow 19-1663] Duplicate IP found for 'digilentinc.com:ip:rgb2vga:1.0'. The one found in IP location 'z:/DAT096/vivado-library-b0946605e3617c901635278b62d0f6a8e3942844/ip/rgb2vga_v1_0' will take precedence over the same IP in location z:/DAT096/vivado-library-master/ip/rgb2vga_v1_0
WARNING: [IP_Flow 19-1663] Duplicate IP found for 'digilentinc.com:ip:Sync:1.0'. The one found in IP location 'z:/DAT096/vivado-library-b0946605e3617c901635278b62d0f6a8e3942844/ip/Sync_v1_0' will take precedence over the same IP in location z:/DAT096/vivado-library-master/ip/Sync_v1_0
WARNING: [IP_Flow 19-1663] Duplicate IP found for 'digilentinc.com:ip:usb2device:1.0'. The one found in IP location 'z:/DAT096/vivado-library-b0946605e3617c901635278b62d0f6a8e3942844/ip/usb2device_v1_0' will take precedence over the same IP in location z:/DAT096/vivado-library-master/ip/usb2device_v1_0
WARNING: [IP_Flow 19-1663] Duplicate IP found for 'digilentinc.com:video:video_scaler:1.0'. The one found in IP location 'z:/DAT096/vivado-library-b0946605e3617c901635278b62d0f6a8e3942844/ip/video_scaler' will take precedence over the same IP in location z:/DAT096/vivado-library-master/ip/video_scaler
WARNING: [IP_Flow 19-1663] Duplicate IP found for 'digilentinc.com:ip:dvi2rgb:2.0'. The one found in IP location 'z:/DAT096/vivado-library-master/ip/dvi2rgb' will take precedence over the same IP in location z:/DAT096/vivado-library-b0946605e3617c901635278b62d0f6a8e3942844/ip/dvi2rgb
WARNING: [IP_Flow 19-1663] Duplicate IP found for 'digilentinc.com:IP:MotorFeedback:1.0'. The one found in IP location 'z:/DAT096/vivado-library-master/ip/MotorFeedback_1.0' will take precedence over the same IP in location z:/DAT096/vivado-library-b0946605e3617c901635278b62d0f6a8e3942844/ip/MotorFeedback_1.0
WARNING: [IP_Flow 19-1663] Duplicate IP found for 'digilentinc.com:IP:PmodACL2:1.0'. The one found in IP location 'z:/DAT096/vivado-library-master/ip/Pmods/PmodACL2_v1_0' will take precedence over the same IP in location z:/DAT096/vivado-library-b0946605e3617c901635278b62d0f6a8e3942844/ip/Pmods/PmodACL2_v1_0
WARNING: [IP_Flow 19-1663] Duplicate IP found for 'digilentinc.com:IP:PmodACL:1.0'. The one found in IP location 'z:/DAT096/vivado-library-master/ip/Pmods/PmodACL_v1_0' will take precedence over the same IP in location z:/DAT096/vivado-library-b0946605e3617c901635278b62d0f6a8e3942844/ip/Pmods/PmodACL_v1_0
WARNING: [IP_Flow 19-1663] Duplicate IP found for 'digilentinc.com:IP:PmodAD1:1.0'. The one found in IP location 'z:/DAT096/vivado-library-master/ip/Pmods/PmodAD1_v1_0' will take precedence over the same IP in location z:/DAT096/vivado-library-b0946605e3617c901635278b62d0f6a8e3942844/ip/Pmods/PmodAD1_v1_0
WARNING: [IP_Flow 19-1663] Duplicate IP found for 'digilentinc.com:IP:PmodAD2:1.0'. The one found in IP location 'z:/DAT096/vivado-library-master/ip/Pmods/PmodAD2_v1_0' will take precedence over the same IP in location z:/DAT096/vivado-library-b0946605e3617c901635278b62d0f6a8e3942844/ip/Pmods/PmodAD2_v1_0
WARNING: [IP_Flow 19-1663] Duplicate IP found for 'digilentinc.com:IP:PmodAD5:1.0'. The one found in IP location 'z:/DAT096/vivado-library-master/ip/Pmods/PmodAD5_v1_0' will take precedence over the same IP in location z:/DAT096/vivado-library-b0946605e3617c901635278b62d0f6a8e3942844/ip/Pmods/PmodAD5_v1_0
WARNING: [IP_Flow 19-1663] Duplicate IP found for 'digilentinc.com:IP:PmodALS:1.0'. The one found in IP location 'z:/DAT096/vivado-library-master/ip/Pmods/PmodALS_v1_0' will take precedence over the same IP in location z:/DAT096/vivado-library-b0946605e3617c901635278b62d0f6a8e3942844/ip/Pmods/PmodALS_v1_0
WARNING: [IP_Flow 19-1663] Duplicate IP found for 'digilentinc.com:IP:PmodAMP2:1.0'. The one found in IP location 'z:/DAT096/vivado-library-master/ip/Pmods/PmodAMP2_v1_0' will take precedence over the same IP in location z:/DAT096/vivado-library-b0946605e3617c901635278b62d0f6a8e3942844/ip/Pmods/PmodAMP2_v1_0
WARNING: [IP_Flow 19-1663] Duplicate IP found for 'digilentinc.com:IP:PmodAQS:1.0'. The one found in IP location 'z:/DAT096/vivado-library-master/ip/Pmods/PmodAQS_v1_0' will take precedence over the same IP in location z:/DAT096/vivado-library-b0946605e3617c901635278b62d0f6a8e3942844/ip/Pmods/PmodAQS_v1_0
WARNING: [IP_Flow 19-1663] Duplicate IP found for 'digilentinc.com:IP:PmodBLE:1.0'. The one found in IP location 'z:/DAT096/vivado-library-master/ip/Pmods/PmodBLE_v1_0' will take precedence over the same IP in location z:/DAT096/vivado-library-b0946605e3617c901635278b62d0f6a8e3942844/ip/Pmods/PmodBLE_v1_0
WARNING: [IP_Flow 19-1663] Duplicate IP found for 'digilentinc.com:IP:PmodBT2:1.0'. The one found in IP location 'z:/DAT096/vivado-library-master/ip/Pmods/PmodBT2_v1_0' will take precedence over the same IP in location z:/DAT096/vivado-library-b0946605e3617c901635278b62d0f6a8e3942844/ip/Pmods/PmodBT2_v1_0
WARNING: [IP_Flow 19-1663] Duplicate IP found for 'digilentinc.com:IP:PmodCAN:1.0'. The one found in IP location 'z:/DAT096/vivado-library-master/ip/Pmods/PmodCAN_v1_0' will take precedence over the same IP in location z:/DAT096/vivado-library-b0946605e3617c901635278b62d0f6a8e3942844/ip/Pmods/PmodCAN_v1_0
WARNING: [IP_Flow 19-1663] Duplicate IP found for 'digilentinc.com:IP:PmodCLS:1.0'. The one found in IP location 'z:/DAT096/vivado-library-master/ip/Pmods/PmodCLS_v1_0' will take precedence over the same IP in location z:/DAT096/vivado-library-b0946605e3617c901635278b62d0f6a8e3942844/ip/Pmods/PmodCLS_v1_0
WARNING: [IP_Flow 19-1663] Duplicate IP found for 'digilentinc.com:IP:PmodCMPS2:1.0'. The one found in IP location 'z:/DAT096/vivado-library-master/ip/Pmods/PmodCMPS2_v1_0' will take precedence over the same IP in location z:/DAT096/vivado-library-b0946605e3617c901635278b62d0f6a8e3942844/ip/Pmods/PmodCMPS2_v1_0
WARNING: [IP_Flow 19-1663] Duplicate IP found for 'digilentinc.com:IP:PmodCOLOR:1.0'. The one found in IP location 'z:/DAT096/vivado-library-master/ip/Pmods/PmodCOLOR_v1_0' will take precedence over the same IP in location z:/DAT096/vivado-library-b0946605e3617c901635278b62d0f6a8e3942844/ip/Pmods/PmodCOLOR_v1_0
WARNING: [IP_Flow 19-1663] Duplicate IP found for 'digilentinc.com:IP:PmodDA1:1.0'. The one found in IP location 'z:/DAT096/vivado-library-master/ip/Pmods/PmodDA1_v1_0' will take precedence over the same IP in location z:/DAT096/vivado-library-b0946605e3617c901635278b62d0f6a8e3942844/ip/Pmods/PmodDA1_v1_0
WARNING: [IP_Flow 19-1663] Duplicate IP found for 'digilentinc.com:IP:PmodDHB1:1.0'. The one found in IP location 'z:/DAT096/vivado-library-master/ip/Pmods/PmodDHB1_v1_0' will take precedence over the same IP in location z:/DAT096/vivado-library-b0946605e3617c901635278b62d0f6a8e3942844/ip/Pmods/PmodDHB1_v1_0
WARNING: [IP_Flow 19-1663] Duplicate IP found for 'digilentinc.com:IP:PmodDPG1:1.0'. The one found in IP location 'z:/DAT096/vivado-library-master/ip/Pmods/PmodDPG1_v1_0' will take precedence over the same IP in location z:/DAT096/vivado-library-b0946605e3617c901635278b62d0f6a8e3942844/ip/Pmods/PmodDPG1_v1_0
WARNING: [IP_Flow 19-1663] Duplicate IP found for 'digilentinc.com:IP:PmodENC:1.0'. The one found in IP location 'z:/DAT096/vivado-library-master/ip/Pmods/PmodENC_v1_0' will take precedence over the same IP in location z:/DAT096/vivado-library-b0946605e3617c901635278b62d0f6a8e3942844/ip/Pmods/PmodENC_v1_0
WARNING: [IP_Flow 19-1663] Duplicate IP found for 'digilentinc.com:user:PmodESP32:1.0'. The one found in IP location 'z:/DAT096/vivado-library-master/ip/Pmods/PmodESP32_v1_0' will take precedence over the same IP in location z:/DAT096/vivado-library-b0946605e3617c901635278b62d0f6a8e3942844/ip/Pmods/PmodESP32_v1_0
WARNING: [IP_Flow 19-1663] Duplicate IP found for 'digilentinc.com:IP:PmodGPIO:1.0'. The one found in IP location 'z:/DAT096/vivado-library-master/ip/Pmods/PmodGPIO_v1_0' will take precedence over the same IP in location z:/DAT096/vivado-library-b0946605e3617c901635278b62d0f6a8e3942844/ip/Pmods/PmodGPIO_v1_0
WARNING: [IP_Flow 19-1663] Duplicate IP found for 'digilentinc.com:IP:PmodGPS:1.1'. The one found in IP location 'z:/DAT096/vivado-library-master/ip/Pmods/PmodGPS_v1_1' will take precedence over the same IP in location z:/DAT096/vivado-library-b0946605e3617c901635278b62d0f6a8e3942844/ip/Pmods/PmodGPS_v1_1
WARNING: [IP_Flow 19-1663] Duplicate IP found for 'digilentinc.com:IP:PmodGYRO:1.0'. The one found in IP location 'z:/DAT096/vivado-library-master/ip/Pmods/PmodGYRO_v1_0' will take precedence over the same IP in location z:/DAT096/vivado-library-b0946605e3617c901635278b62d0f6a8e3942844/ip/Pmods/PmodGYRO_v1_0
WARNING: [IP_Flow 19-1663] Duplicate IP found for 'digilentinc.com:IP:PmodHYGRO:1.0'. The one found in IP location 'z:/DAT096/vivado-library-master/ip/Pmods/PmodHYGRO_v1_0' will take precedence over the same IP in location z:/DAT096/vivado-library-b0946605e3617c901635278b62d0f6a8e3942844/ip/Pmods/PmodHYGRO_v1_0
WARNING: [IP_Flow 19-1663] Duplicate IP found for 'digilentinc.com:IP:PmodJSTK2:1.0'. The one found in IP location 'z:/DAT096/vivado-library-master/ip/Pmods/PmodJSTK2_v1_0' will take precedence over the same IP in location z:/DAT096/vivado-library-b0946605e3617c901635278b62d0f6a8e3942844/ip/Pmods/PmodJSTK2_v1_0
WARNING: [IP_Flow 19-1663] Duplicate IP found for 'digilentinc.com:IP:PmodJSTK:1.0'. The one found in IP location 'z:/DAT096/vivado-library-master/ip/Pmods/PmodJSTK_v1_0' will take precedence over the same IP in location z:/DAT096/vivado-library-b0946605e3617c901635278b62d0f6a8e3942844/ip/Pmods/PmodJSTK_v1_0
WARNING: [IP_Flow 19-1663] Duplicate IP found for 'digilentinc.com:IP:PmodKYPD:1.0'. The one found in IP location 'z:/DAT096/vivado-library-master/ip/Pmods/PmodKYPD_v1_0' will take precedence over the same IP in location z:/DAT096/vivado-library-b0946605e3617c901635278b62d0f6a8e3942844/ip/Pmods/PmodKYPD_v1_0
WARNING: [IP_Flow 19-1663] Duplicate IP found for 'digilentinc.com:IP:PmodMAXSONAR:1.0'. The one found in IP location 'z:/DAT096/vivado-library-master/ip/Pmods/PmodMAXSONAR_v1_0' will take precedence over the same IP in location z:/DAT096/vivado-library-b0946605e3617c901635278b62d0f6a8e3942844/ip/Pmods/PmodMAXSONAR_v1_0
WARNING: [IP_Flow 19-1663] Duplicate IP found for 'digilentinc.com:IP:PmodMTDS:1.0'. The one found in IP location 'z:/DAT096/vivado-library-master/ip/Pmods/PmodMTDS_v1_0' will take precedence over the same IP in location z:/DAT096/vivado-library-b0946605e3617c901635278b62d0f6a8e3942844/ip/Pmods/PmodMTDS_v1_0
WARNING: [IP_Flow 19-1663] Duplicate IP found for 'digilentinc.com:IP:PmodNAV:1.0'. The one found in IP location 'z:/DAT096/vivado-library-master/ip/Pmods/PmodNAV_v1_0' will take precedence over the same IP in location z:/DAT096/vivado-library-b0946605e3617c901635278b62d0f6a8e3942844/ip/Pmods/PmodNAV_v1_0
WARNING: [IP_Flow 19-1663] Duplicate IP found for 'digilentinc.com:IP:PmodOLEDrgb:1.0'. The one found in IP location 'z:/DAT096/vivado-library-master/ip/Pmods/pmodOLEDrgb_v1_0' will take precedence over the same IP in location z:/DAT096/vivado-library-b0946605e3617c901635278b62d0f6a8e3942844/ip/Pmods/pmodOLEDrgb_v1_0
WARNING: [IP_Flow 19-1663] Duplicate IP found for 'digilentinc.com:IP:PmodOLED:1.0'. The one found in IP location 'z:/DAT096/vivado-library-master/ip/Pmods/PmodOLED_v1_0' will take precedence over the same IP in location z:/DAT096/vivado-library-b0946605e3617c901635278b62d0f6a8e3942844/ip/Pmods/PmodOLED_v1_0
WARNING: [IP_Flow 19-1663] Duplicate IP found for 'digilentinc.com:IP:PmodPIR:1.0'. The one found in IP location 'z:/DAT096/vivado-library-master/ip/Pmods/PmodPIR_v1_0' will take precedence over the same IP in location z:/DAT096/vivado-library-b0946605e3617c901635278b62d0f6a8e3942844/ip/Pmods/PmodPIR_v1_0
WARNING: [IP_Flow 19-1663] Duplicate IP found for 'digilentinc.com:IP:PmodR2R:1.0'. The one found in IP location 'z:/DAT096/vivado-library-master/ip/Pmods/PmodR2R_v1_0' will take precedence over the same IP in location z:/DAT096/vivado-library-b0946605e3617c901635278b62d0f6a8e3942844/ip/Pmods/PmodR2R_v1_0
WARNING: [IP_Flow 19-1663] Duplicate IP found for 'digilentinc.com:IP:PmodRTCC:1.0'. The one found in IP location 'z:/DAT096/vivado-library-master/ip/Pmods/PmodRTCC_v1_0' will take precedence over the same IP in location z:/DAT096/vivado-library-b0946605e3617c901635278b62d0f6a8e3942844/ip/Pmods/PmodRTCC_v1_0
WARNING: [IP_Flow 19-1663] Duplicate IP found for 'digilentinc.com:IP:PmodSD:1.0'. The one found in IP location 'z:/DAT096/vivado-library-master/ip/Pmods/PmodSD_v1_0' will take precedence over the same IP in location z:/DAT096/vivado-library-b0946605e3617c901635278b62d0f6a8e3942844/ip/Pmods/PmodSD_v1_0
WARNING: [IP_Flow 19-1663] Duplicate IP found for 'digilentinc.com:IP:PmodSF3:1.0'. The one found in IP location 'z:/DAT096/vivado-library-master/ip/Pmods/PmodSF3_v1_0' will take precedence over the same IP in location z:/DAT096/vivado-library-b0946605e3617c901635278b62d0f6a8e3942844/ip/Pmods/PmodSF3_v1_0
WARNING: [IP_Flow 19-1663] Duplicate IP found for 'digilentinc.com:IP:PmodTC1:1.0'. The one found in IP location 'z:/DAT096/vivado-library-master/ip/Pmods/PmodTC1_v1_0' will take precedence over the same IP in location z:/DAT096/vivado-library-b0946605e3617c901635278b62d0f6a8e3942844/ip/Pmods/PmodTC1_v1_0
WARNING: [IP_Flow 19-1663] Duplicate IP found for 'digilentinc.com:IP:PmodTMP3:1.0'. The one found in IP location 'z:/DAT096/vivado-library-master/ip/Pmods/PmodTMP3_v1_0' will take precedence over the same IP in location z:/DAT096/vivado-library-b0946605e3617c901635278b62d0f6a8e3942844/ip/Pmods/PmodTMP3_v1_0
WARNING: [IP_Flow 19-1663] Duplicate IP found for 'digilentinc.com:IP:PmodWIFI:1.0'. The one found in IP location 'z:/DAT096/vivado-library-master/ip/Pmods/PmodWIFI_v1_0' will take precedence over the same IP in location z:/DAT096/vivado-library-b0946605e3617c901635278b62d0f6a8e3942844/ip/Pmods/PmodWIFI_v1_0
WARNING: [IP_Flow 19-1663] Duplicate IP found for 'digilentinc.com:ip:pmod_bridge:1.0'. The one found in IP location 'z:/DAT096/vivado-library-master/ip/Pmods/Pmod_Bridge_v1_0' will take precedence over the same IP in location z:/DAT096/vivado-library-b0946605e3617c901635278b62d0f6a8e3942844/ip/Pmods/Pmod_Bridge_v1_0
WARNING: [IP_Flow 19-1663] Duplicate IP found for 'digilentinc.com:ip:pmod_bridge:1.1'. The one found in IP location 'z:/DAT096/vivado-library-master/ip/Pmods/Pmod_Bridge_v1_1' will take precedence over the same IP in location z:/DAT096/vivado-library-b0946605e3617c901635278b62d0f6a8e3942844/ip/Pmods/Pmod_Bridge_v1_1
WARNING: [IP_Flow 19-1663] Duplicate IP found for 'digilentinc.com:IP:PWM:1.0'. The one found in IP location 'z:/DAT096/vivado-library-master/ip/PWM_1.0' will take precedence over the same IP in location z:/DAT096/vivado-library-b0946605e3617c901635278b62d0f6a8e3942844/ip/PWM_1.0
WARNING: [IP_Flow 19-1663] Duplicate IP found for 'digilentinc.com:IP:PWM:2.0'. The one found in IP location 'z:/DAT096/vivado-library-master/ip/PWM_2.0' will take precedence over the same IP in location z:/DAT096/vivado-library-b0946605e3617c901635278b62d0f6a8e3942844/ip/PWM_2.0
WARNING: [IP_Flow 19-1663] Duplicate IP found for 'digilentinc.com:IP:PWM_Analyzer:1.0'. The one found in IP location 'z:/DAT096/vivado-library-master/ip/PWM_Analyzer_1.0' will take precedence over the same IP in location z:/DAT096/vivado-library-b0946605e3617c901635278b62d0f6a8e3942844/ip/PWM_Analyzer_1.0
WARNING: [IP_Flow 19-1663] Duplicate IP found for 'digilentinc.com:ip:rgb2dvi:1.4'. The one found in IP location 'z:/DAT096/vivado-library-master/ip/rgb2dvi' will take precedence over the same IP in location z:/DAT096/vivado-library-b0946605e3617c901635278b62d0f6a8e3942844/ip/rgb2dvi
WARNING: [IP_Flow 19-4830] Duplicate Interface found for 'digilentinc.com:interface:pmod:1.0'. The one found in location 'z:/DAT096/vivado-library-b0946605e3617c901635278b62d0f6a8e3942844/if/pmod_v1_0/pmod.xml' will take precedence over the same Interface in location 'z:/DAT096/vivado-library-master/if/pmod_v1_0/pmod.xml'
WARNING: [IP_Flow 19-4830] Duplicate Interface found for 'digilentinc.com:interface:tmds:1.0'. The one found in location 'z:/DAT096/vivado-library-b0946605e3617c901635278b62d0f6a8e3942844/if/tmds_v1_0/tmds.xml' will take precedence over the same Interface in location 'z:/DAT096/vivado-library-master/if/tmds_v1_0/tmds.xml'
open_bd_design {Z:/DAT096/DAT096-krish/Embedded-System-Project-DAT096-krishna/Board_2/Board_2/Board_2.srcs/sources_1/bd/design_2/design_2.bd}
report_ip_status -name ip_status 
upgrade_ip [get_ips  design_2_top_awgn_0_0] -log ip_upgrade.log
Upgrading 'Z:/DAT096/DAT096-krish/Embedded-System-Project-DAT096-krishna/Board_2/Board_2/Board_2.srcs/sources_1/bd/design_2/design_2.bd'
WARNING: [Vivado 12-1017] Problems encountered:
1. Failed to delete one or more files in run directory Z:/DAT096/DAT096-krish/Embedded-System-Project-DAT096-krishna/Board_2/Board_2/Board_2.runs/design_2_top_awgn_0_0_synth_1

INFO: [IP_Flow 19-3422] Upgraded design_2_top_awgn_0_0 (top_awgn_v1_0 1.0) from revision 19 to revision 20
WARNING: [IP_Flow 19-4706] Upgraded port 'awgn_im_dbg' width 9 differs from original width 10
WARNING: [IP_Flow 19-4706] Upgraded port 'awgn_re_dbg' width 9 differs from original width 10
WARNING: [IP_Flow 19-3298] Detected external port differences while upgrading 'design_2_top_awgn_0_0'. These changes may impact your design.
CRITICAL WARNING: [Coretcl 2-1279] The upgrade of 'design_2_top_awgn_0_0' has identified issues that may require user intervention. Please review the upgrade log 'z:/DAT096/DAT096-krish/Embedded-System-Project-DAT096-krishna/Board_2/Board_2/ip_upgrade.log', and verify that the upgraded IP is correctly configured.
Wrote  : <Z:\DAT096\DAT096-krish\Embedded-System-Project-DAT096-krishna\Board_2\Board_2\Board_2.srcs\sources_1\bd\design_2\design_2.bd> 
INFO: [Coretcl 2-1525] Wrote upgrade log to 'Z:/DAT096/DAT096-krish/Embedded-System-Project-DAT096-krishna/Board_2/Board_2/ip_upgrade.log'.
export_ip_user_files -of_objects [get_ips design_2_top_awgn_0_0] -no_script -sync -force -quiet
update_module_reference [get_ips  design_2_vcsel_conv_0_0]
INFO: [IP_Flow 19-5107] Inferred bus interface 'clk' of definition 'xilinx.com:signal:clock:1.0' (from Xilinx Repository).
WARNING: [IP_Flow 19-5661] Bus Interface 'clk' does not have any bus interfaces associated with it.
WARNING: [IP_Flow 19-11770] Clock interface 'clk' has no FREQ_HZ parameter.
WARNING: [IP_Flow 19-1663] Duplicate IP found for 'digilentinc.com:user:axi_i2s_adi:1.2'. The one found in IP location 'z:/DAT096/vivado-library-b0946605e3617c901635278b62d0f6a8e3942844/ip/axi_i2s_adi_1.2' will take precedence over the same IP in location z:/DAT096/vivado-library-master/ip/axi_i2s_adi_1.2
WARNING: [IP_Flow 19-1663] Duplicate IP found for 'digilentinc.com:IP:axi_ps2:1.0'. The one found in IP location 'z:/DAT096/vivado-library-b0946605e3617c901635278b62d0f6a8e3942844/ip/axi_ps2_1.0' will take precedence over the same IP in location z:/DAT096/vivado-library-master/ip/axi_ps2_1.0
WARNING: [IP_Flow 19-1663] Duplicate IP found for 'digilentinc.com:ip:clock_forwarder:1.1'. The one found in IP location 'z:/DAT096/vivado-library-b0946605e3617c901635278b62d0f6a8e3942844/ip/clock_forwarder' will take precedence over the same IP in location z:/DAT096/vivado-library-master/ip/clock_forwarder
WARNING: [IP_Flow 19-1663] Duplicate IP found for 'digilentinc.com:IP:hls_contrast_stretch:1.0'. The one found in IP location 'z:/DAT096/vivado-library-b0946605e3617c901635278b62d0f6a8e3942844/ip/hls_contrast_stretch_1_0' will take precedence over the same IP in location z:/DAT096/vivado-library-master/ip/hls_contrast_stretch_1_0
WARNING: [IP_Flow 19-1663] Duplicate IP found for 'digilentinc.com:IP:hls_gamma_correction:1.0'. The one found in IP location 'z:/DAT096/vivado-library-b0946605e3617c901635278b62d0f6a8e3942844/ip/hls_gamma_correction_1_0' will take precedence over the same IP in location z:/DAT096/vivado-library-master/ip/hls_gamma_correction_1_0
WARNING: [IP_Flow 19-1663] Duplicate IP found for 'digilentinc.com:IP:hls_saturation_enhance:1.0'. The one found in IP location 'z:/DAT096/vivado-library-b0946605e3617c901635278b62d0f6a8e3942844/ip/hls_saturation_enhance_1_0' will take precedence over the same IP in location z:/DAT096/vivado-library-master/ip/hls_saturation_enhance_1_0
WARNING: [IP_Flow 19-1663] Duplicate IP found for 'digilentinc.com:ip:rgb2dpvid:1.0'. The one found in IP location 'z:/DAT096/vivado-library-b0946605e3617c901635278b62d0f6a8e3942844/ip/rgb2dpvid_v1_0' will take precedence over the same IP in location z:/DAT096/vivado-library-master/ip/rgb2dpvid_v1_0
WARNING: [IP_Flow 19-1663] Duplicate IP found for 'digilentinc.com:ip:rgb2vga:1.0'. The one found in IP location 'z:/DAT096/vivado-library-b0946605e3617c901635278b62d0f6a8e3942844/ip/rgb2vga_v1_0' will take precedence over the same IP in location z:/DAT096/vivado-library-master/ip/rgb2vga_v1_0
WARNING: [IP_Flow 19-1663] Duplicate IP found for 'digilentinc.com:ip:Sync:1.0'. The one found in IP location 'z:/DAT096/vivado-library-b0946605e3617c901635278b62d0f6a8e3942844/ip/Sync_v1_0' will take precedence over the same IP in location z:/DAT096/vivado-library-master/ip/Sync_v1_0
WARNING: [IP_Flow 19-1663] Duplicate IP found for 'digilentinc.com:ip:usb2device:1.0'. The one found in IP location 'z:/DAT096/vivado-library-b0946605e3617c901635278b62d0f6a8e3942844/ip/usb2device_v1_0' will take precedence over the same IP in location z:/DAT096/vivado-library-master/ip/usb2device_v1_0
WARNING: [IP_Flow 19-1663] Duplicate IP found for 'digilentinc.com:video:video_scaler:1.0'. The one found in IP location 'z:/DAT096/vivado-library-b0946605e3617c901635278b62d0f6a8e3942844/ip/video_scaler' will take precedence over the same IP in location z:/DAT096/vivado-library-master/ip/video_scaler
WARNING: [IP_Flow 19-1663] Duplicate IP found for 'digilentinc.com:ip:dvi2rgb:2.0'. The one found in IP location 'z:/DAT096/vivado-library-master/ip/dvi2rgb' will take precedence over the same IP in location z:/DAT096/vivado-library-b0946605e3617c901635278b62d0f6a8e3942844/ip/dvi2rgb
WARNING: [IP_Flow 19-1663] Duplicate IP found for 'digilentinc.com:IP:MotorFeedback:1.0'. The one found in IP location 'z:/DAT096/vivado-library-master/ip/MotorFeedback_1.0' will take precedence over the same IP in location z:/DAT096/vivado-library-b0946605e3617c901635278b62d0f6a8e3942844/ip/MotorFeedback_1.0
WARNING: [IP_Flow 19-1663] Duplicate IP found for 'digilentinc.com:IP:PmodACL2:1.0'. The one found in IP location 'z:/DAT096/vivado-library-master/ip/Pmods/PmodACL2_v1_0' will take precedence over the same IP in location z:/DAT096/vivado-library-b0946605e3617c901635278b62d0f6a8e3942844/ip/Pmods/PmodACL2_v1_0
WARNING: [IP_Flow 19-1663] Duplicate IP found for 'digilentinc.com:IP:PmodACL:1.0'. The one found in IP location 'z:/DAT096/vivado-library-master/ip/Pmods/PmodACL_v1_0' will take precedence over the same IP in location z:/DAT096/vivado-library-b0946605e3617c901635278b62d0f6a8e3942844/ip/Pmods/PmodACL_v1_0
WARNING: [IP_Flow 19-1663] Duplicate IP found for 'digilentinc.com:IP:PmodAD1:1.0'. The one found in IP location 'z:/DAT096/vivado-library-master/ip/Pmods/PmodAD1_v1_0' will take precedence over the same IP in location z:/DAT096/vivado-library-b0946605e3617c901635278b62d0f6a8e3942844/ip/Pmods/PmodAD1_v1_0
WARNING: [IP_Flow 19-1663] Duplicate IP found for 'digilentinc.com:IP:PmodAD2:1.0'. The one found in IP location 'z:/DAT096/vivado-library-master/ip/Pmods/PmodAD2_v1_0' will take precedence over the same IP in location z:/DAT096/vivado-library-b0946605e3617c901635278b62d0f6a8e3942844/ip/Pmods/PmodAD2_v1_0
WARNING: [IP_Flow 19-1663] Duplicate IP found for 'digilentinc.com:IP:PmodAD5:1.0'. The one found in IP location 'z:/DAT096/vivado-library-master/ip/Pmods/PmodAD5_v1_0' will take precedence over the same IP in location z:/DAT096/vivado-library-b0946605e3617c901635278b62d0f6a8e3942844/ip/Pmods/PmodAD5_v1_0
WARNING: [IP_Flow 19-1663] Duplicate IP found for 'digilentinc.com:IP:PmodALS:1.0'. The one found in IP location 'z:/DAT096/vivado-library-master/ip/Pmods/PmodALS_v1_0' will take precedence over the same IP in location z:/DAT096/vivado-library-b0946605e3617c901635278b62d0f6a8e3942844/ip/Pmods/PmodALS_v1_0
WARNING: [IP_Flow 19-1663] Duplicate IP found for 'digilentinc.com:IP:PmodAMP2:1.0'. The one found in IP location 'z:/DAT096/vivado-library-master/ip/Pmods/PmodAMP2_v1_0' will take precedence over the same IP in location z:/DAT096/vivado-library-b0946605e3617c901635278b62d0f6a8e3942844/ip/Pmods/PmodAMP2_v1_0
WARNING: [IP_Flow 19-1663] Duplicate IP found for 'digilentinc.com:IP:PmodAQS:1.0'. The one found in IP location 'z:/DAT096/vivado-library-master/ip/Pmods/PmodAQS_v1_0' will take precedence over the same IP in location z:/DAT096/vivado-library-b0946605e3617c901635278b62d0f6a8e3942844/ip/Pmods/PmodAQS_v1_0
WARNING: [IP_Flow 19-1663] Duplicate IP found for 'digilentinc.com:IP:PmodBLE:1.0'. The one found in IP location 'z:/DAT096/vivado-library-master/ip/Pmods/PmodBLE_v1_0' will take precedence over the same IP in location z:/DAT096/vivado-library-b0946605e3617c901635278b62d0f6a8e3942844/ip/Pmods/PmodBLE_v1_0
WARNING: [IP_Flow 19-1663] Duplicate IP found for 'digilentinc.com:IP:PmodBT2:1.0'. The one found in IP location 'z:/DAT096/vivado-library-master/ip/Pmods/PmodBT2_v1_0' will take precedence over the same IP in location z:/DAT096/vivado-library-b0946605e3617c901635278b62d0f6a8e3942844/ip/Pmods/PmodBT2_v1_0
WARNING: [IP_Flow 19-1663] Duplicate IP found for 'digilentinc.com:IP:PmodCAN:1.0'. The one found in IP location 'z:/DAT096/vivado-library-master/ip/Pmods/PmodCAN_v1_0' will take precedence over the same IP in location z:/DAT096/vivado-library-b0946605e3617c901635278b62d0f6a8e3942844/ip/Pmods/PmodCAN_v1_0
WARNING: [IP_Flow 19-1663] Duplicate IP found for 'digilentinc.com:IP:PmodCLS:1.0'. The one found in IP location 'z:/DAT096/vivado-library-master/ip/Pmods/PmodCLS_v1_0' will take precedence over the same IP in location z:/DAT096/vivado-library-b0946605e3617c901635278b62d0f6a8e3942844/ip/Pmods/PmodCLS_v1_0
WARNING: [IP_Flow 19-1663] Duplicate IP found for 'digilentinc.com:IP:PmodCMPS2:1.0'. The one found in IP location 'z:/DAT096/vivado-library-master/ip/Pmods/PmodCMPS2_v1_0' will take precedence over the same IP in location z:/DAT096/vivado-library-b0946605e3617c901635278b62d0f6a8e3942844/ip/Pmods/PmodCMPS2_v1_0
WARNING: [IP_Flow 19-1663] Duplicate IP found for 'digilentinc.com:IP:PmodCOLOR:1.0'. The one found in IP location 'z:/DAT096/vivado-library-master/ip/Pmods/PmodCOLOR_v1_0' will take precedence over the same IP in location z:/DAT096/vivado-library-b0946605e3617c901635278b62d0f6a8e3942844/ip/Pmods/PmodCOLOR_v1_0
WARNING: [IP_Flow 19-1663] Duplicate IP found for 'digilentinc.com:IP:PmodDA1:1.0'. The one found in IP location 'z:/DAT096/vivado-library-master/ip/Pmods/PmodDA1_v1_0' will take precedence over the same IP in location z:/DAT096/vivado-library-b0946605e3617c901635278b62d0f6a8e3942844/ip/Pmods/PmodDA1_v1_0
WARNING: [IP_Flow 19-1663] Duplicate IP found for 'digilentinc.com:IP:PmodDHB1:1.0'. The one found in IP location 'z:/DAT096/vivado-library-master/ip/Pmods/PmodDHB1_v1_0' will take precedence over the same IP in location z:/DAT096/vivado-library-b0946605e3617c901635278b62d0f6a8e3942844/ip/Pmods/PmodDHB1_v1_0
WARNING: [IP_Flow 19-1663] Duplicate IP found for 'digilentinc.com:IP:PmodDPG1:1.0'. The one found in IP location 'z:/DAT096/vivado-library-master/ip/Pmods/PmodDPG1_v1_0' will take precedence over the same IP in location z:/DAT096/vivado-library-b0946605e3617c901635278b62d0f6a8e3942844/ip/Pmods/PmodDPG1_v1_0
WARNING: [IP_Flow 19-1663] Duplicate IP found for 'digilentinc.com:IP:PmodENC:1.0'. The one found in IP location 'z:/DAT096/vivado-library-master/ip/Pmods/PmodENC_v1_0' will take precedence over the same IP in location z:/DAT096/vivado-library-b0946605e3617c901635278b62d0f6a8e3942844/ip/Pmods/PmodENC_v1_0
WARNING: [IP_Flow 19-1663] Duplicate IP found for 'digilentinc.com:user:PmodESP32:1.0'. The one found in IP location 'z:/DAT096/vivado-library-master/ip/Pmods/PmodESP32_v1_0' will take precedence over the same IP in location z:/DAT096/vivado-library-b0946605e3617c901635278b62d0f6a8e3942844/ip/Pmods/PmodESP32_v1_0
WARNING: [IP_Flow 19-1663] Duplicate IP found for 'digilentinc.com:IP:PmodGPIO:1.0'. The one found in IP location 'z:/DAT096/vivado-library-master/ip/Pmods/PmodGPIO_v1_0' will take precedence over the same IP in location z:/DAT096/vivado-library-b0946605e3617c901635278b62d0f6a8e3942844/ip/Pmods/PmodGPIO_v1_0
WARNING: [IP_Flow 19-1663] Duplicate IP found for 'digilentinc.com:IP:PmodGPS:1.1'. The one found in IP location 'z:/DAT096/vivado-library-master/ip/Pmods/PmodGPS_v1_1' will take precedence over the same IP in location z:/DAT096/vivado-library-b0946605e3617c901635278b62d0f6a8e3942844/ip/Pmods/PmodGPS_v1_1
WARNING: [IP_Flow 19-1663] Duplicate IP found for 'digilentinc.com:IP:PmodGYRO:1.0'. The one found in IP location 'z:/DAT096/vivado-library-master/ip/Pmods/PmodGYRO_v1_0' will take precedence over the same IP in location z:/DAT096/vivado-library-b0946605e3617c901635278b62d0f6a8e3942844/ip/Pmods/PmodGYRO_v1_0
WARNING: [IP_Flow 19-1663] Duplicate IP found for 'digilentinc.com:IP:PmodHYGRO:1.0'. The one found in IP location 'z:/DAT096/vivado-library-master/ip/Pmods/PmodHYGRO_v1_0' will take precedence over the same IP in location z:/DAT096/vivado-library-b0946605e3617c901635278b62d0f6a8e3942844/ip/Pmods/PmodHYGRO_v1_0
WARNING: [IP_Flow 19-1663] Duplicate IP found for 'digilentinc.com:IP:PmodJSTK2:1.0'. The one found in IP location 'z:/DAT096/vivado-library-master/ip/Pmods/PmodJSTK2_v1_0' will take precedence over the same IP in location z:/DAT096/vivado-library-b0946605e3617c901635278b62d0f6a8e3942844/ip/Pmods/PmodJSTK2_v1_0
WARNING: [IP_Flow 19-1663] Duplicate IP found for 'digilentinc.com:IP:PmodJSTK:1.0'. The one found in IP location 'z:/DAT096/vivado-library-master/ip/Pmods/PmodJSTK_v1_0' will take precedence over the same IP in location z:/DAT096/vivado-library-b0946605e3617c901635278b62d0f6a8e3942844/ip/Pmods/PmodJSTK_v1_0
WARNING: [IP_Flow 19-1663] Duplicate IP found for 'digilentinc.com:IP:PmodKYPD:1.0'. The one found in IP location 'z:/DAT096/vivado-library-master/ip/Pmods/PmodKYPD_v1_0' will take precedence over the same IP in location z:/DAT096/vivado-library-b0946605e3617c901635278b62d0f6a8e3942844/ip/Pmods/PmodKYPD_v1_0
WARNING: [IP_Flow 19-1663] Duplicate IP found for 'digilentinc.com:IP:PmodMAXSONAR:1.0'. The one found in IP location 'z:/DAT096/vivado-library-master/ip/Pmods/PmodMAXSONAR_v1_0' will take precedence over the same IP in location z:/DAT096/vivado-library-b0946605e3617c901635278b62d0f6a8e3942844/ip/Pmods/PmodMAXSONAR_v1_0
WARNING: [IP_Flow 19-1663] Duplicate IP found for 'digilentinc.com:IP:PmodMTDS:1.0'. The one found in IP location 'z:/DAT096/vivado-library-master/ip/Pmods/PmodMTDS_v1_0' will take precedence over the same IP in location z:/DAT096/vivado-library-b0946605e3617c901635278b62d0f6a8e3942844/ip/Pmods/PmodMTDS_v1_0
WARNING: [IP_Flow 19-1663] Duplicate IP found for 'digilentinc.com:IP:PmodNAV:1.0'. The one found in IP location 'z:/DAT096/vivado-library-master/ip/Pmods/PmodNAV_v1_0' will take precedence over the same IP in location z:/DAT096/vivado-library-b0946605e3617c901635278b62d0f6a8e3942844/ip/Pmods/PmodNAV_v1_0
WARNING: [IP_Flow 19-1663] Duplicate IP found for 'digilentinc.com:IP:PmodOLEDrgb:1.0'. The one found in IP location 'z:/DAT096/vivado-library-master/ip/Pmods/pmodOLEDrgb_v1_0' will take precedence over the same IP in location z:/DAT096/vivado-library-b0946605e3617c901635278b62d0f6a8e3942844/ip/Pmods/pmodOLEDrgb_v1_0
WARNING: [IP_Flow 19-1663] Duplicate IP found for 'digilentinc.com:IP:PmodOLED:1.0'. The one found in IP location 'z:/DAT096/vivado-library-master/ip/Pmods/PmodOLED_v1_0' will take precedence over the same IP in location z:/DAT096/vivado-library-b0946605e3617c901635278b62d0f6a8e3942844/ip/Pmods/PmodOLED_v1_0
WARNING: [IP_Flow 19-1663] Duplicate IP found for 'digilentinc.com:IP:PmodPIR:1.0'. The one found in IP location 'z:/DAT096/vivado-library-master/ip/Pmods/PmodPIR_v1_0' will take precedence over the same IP in location z:/DAT096/vivado-library-b0946605e3617c901635278b62d0f6a8e3942844/ip/Pmods/PmodPIR_v1_0
WARNING: [IP_Flow 19-1663] Duplicate IP found for 'digilentinc.com:IP:PmodR2R:1.0'. The one found in IP location 'z:/DAT096/vivado-library-master/ip/Pmods/PmodR2R_v1_0' will take precedence over the same IP in location z:/DAT096/vivado-library-b0946605e3617c901635278b62d0f6a8e3942844/ip/Pmods/PmodR2R_v1_0
WARNING: [IP_Flow 19-1663] Duplicate IP found for 'digilentinc.com:IP:PmodRTCC:1.0'. The one found in IP location 'z:/DAT096/vivado-library-master/ip/Pmods/PmodRTCC_v1_0' will take precedence over the same IP in location z:/DAT096/vivado-library-b0946605e3617c901635278b62d0f6a8e3942844/ip/Pmods/PmodRTCC_v1_0
WARNING: [IP_Flow 19-1663] Duplicate IP found for 'digilentinc.com:IP:PmodSD:1.0'. The one found in IP location 'z:/DAT096/vivado-library-master/ip/Pmods/PmodSD_v1_0' will take precedence over the same IP in location z:/DAT096/vivado-library-b0946605e3617c901635278b62d0f6a8e3942844/ip/Pmods/PmodSD_v1_0
WARNING: [IP_Flow 19-1663] Duplicate IP found for 'digilentinc.com:IP:PmodSF3:1.0'. The one found in IP location 'z:/DAT096/vivado-library-master/ip/Pmods/PmodSF3_v1_0' will take precedence over the same IP in location z:/DAT096/vivado-library-b0946605e3617c901635278b62d0f6a8e3942844/ip/Pmods/PmodSF3_v1_0
WARNING: [IP_Flow 19-1663] Duplicate IP found for 'digilentinc.com:IP:PmodTC1:1.0'. The one found in IP location 'z:/DAT096/vivado-library-master/ip/Pmods/PmodTC1_v1_0' will take precedence over the same IP in location z:/DAT096/vivado-library-b0946605e3617c901635278b62d0f6a8e3942844/ip/Pmods/PmodTC1_v1_0
WARNING: [IP_Flow 19-1663] Duplicate IP found for 'digilentinc.com:IP:PmodTMP3:1.0'. The one found in IP location 'z:/DAT096/vivado-library-master/ip/Pmods/PmodTMP3_v1_0' will take precedence over the same IP in location z:/DAT096/vivado-library-b0946605e3617c901635278b62d0f6a8e3942844/ip/Pmods/PmodTMP3_v1_0
WARNING: [IP_Flow 19-1663] Duplicate IP found for 'digilentinc.com:IP:PmodWIFI:1.0'. The one found in IP location 'z:/DAT096/vivado-library-master/ip/Pmods/PmodWIFI_v1_0' will take precedence over the same IP in location z:/DAT096/vivado-library-b0946605e3617c901635278b62d0f6a8e3942844/ip/Pmods/PmodWIFI_v1_0
WARNING: [IP_Flow 19-1663] Duplicate IP found for 'digilentinc.com:ip:pmod_bridge:1.0'. The one found in IP location 'z:/DAT096/vivado-library-master/ip/Pmods/Pmod_Bridge_v1_0' will take precedence over the same IP in location z:/DAT096/vivado-library-b0946605e3617c901635278b62d0f6a8e3942844/ip/Pmods/Pmod_Bridge_v1_0
WARNING: [IP_Flow 19-1663] Duplicate IP found for 'digilentinc.com:ip:pmod_bridge:1.1'. The one found in IP location 'z:/DAT096/vivado-library-master/ip/Pmods/Pmod_Bridge_v1_1' will take precedence over the same IP in location z:/DAT096/vivado-library-b0946605e3617c901635278b62d0f6a8e3942844/ip/Pmods/Pmod_Bridge_v1_1
WARNING: [IP_Flow 19-1663] Duplicate IP found for 'digilentinc.com:IP:PWM:1.0'. The one found in IP location 'z:/DAT096/vivado-library-master/ip/PWM_1.0' will take precedence over the same IP in location z:/DAT096/vivado-library-b0946605e3617c901635278b62d0f6a8e3942844/ip/PWM_1.0
WARNING: [IP_Flow 19-1663] Duplicate IP found for 'digilentinc.com:IP:PWM:2.0'. The one found in IP location 'z:/DAT096/vivado-library-master/ip/PWM_2.0' will take precedence over the same IP in location z:/DAT096/vivado-library-b0946605e3617c901635278b62d0f6a8e3942844/ip/PWM_2.0
WARNING: [IP_Flow 19-1663] Duplicate IP found for 'digilentinc.com:IP:PWM_Analyzer:1.0'. The one found in IP location 'z:/DAT096/vivado-library-master/ip/PWM_Analyzer_1.0' will take precedence over the same IP in location z:/DAT096/vivado-library-b0946605e3617c901635278b62d0f6a8e3942844/ip/PWM_Analyzer_1.0
WARNING: [IP_Flow 19-1663] Duplicate IP found for 'digilentinc.com:ip:rgb2dvi:1.4'. The one found in IP location 'z:/DAT096/vivado-library-master/ip/rgb2dvi' will take precedence over the same IP in location z:/DAT096/vivado-library-b0946605e3617c901635278b62d0f6a8e3942844/ip/rgb2dvi
WARNING: [IP_Flow 19-4830] Duplicate Interface found for 'digilentinc.com:interface:pmod:1.0'. The one found in location 'z:/DAT096/vivado-library-b0946605e3617c901635278b62d0f6a8e3942844/if/pmod_v1_0/pmod.xml' will take precedence over the same Interface in location 'z:/DAT096/vivado-library-master/if/pmod_v1_0/pmod.xml'
WARNING: [IP_Flow 19-4830] Duplicate Interface found for 'digilentinc.com:interface:tmds:1.0'. The one found in location 'z:/DAT096/vivado-library-b0946605e3617c901635278b62d0f6a8e3942844/if/tmds_v1_0/tmds.xml' will take precedence over the same Interface in location 'z:/DAT096/vivado-library-master/if/tmds_v1_0/tmds.xml'
INFO: [IP_Flow 19-5107] Inferred bus interface 'clk' of definition 'xilinx.com:signal:clock:1.0' (from Xilinx Repository).
WARNING: [IP_Flow 19-5661] Bus Interface 'clk' does not have any bus interfaces associated with it.
WARNING: [IP_Flow 19-11770] Clock interface 'clk' has no FREQ_HZ parameter.
WARNING: [IP_Flow 19-1663] Duplicate IP found for 'digilentinc.com:user:axi_i2s_adi:1.2'. The one found in IP location 'z:/DAT096/vivado-library-b0946605e3617c901635278b62d0f6a8e3942844/ip/axi_i2s_adi_1.2' will take precedence over the same IP in location z:/DAT096/vivado-library-master/ip/axi_i2s_adi_1.2
WARNING: [IP_Flow 19-1663] Duplicate IP found for 'digilentinc.com:IP:axi_ps2:1.0'. The one found in IP location 'z:/DAT096/vivado-library-b0946605e3617c901635278b62d0f6a8e3942844/ip/axi_ps2_1.0' will take precedence over the same IP in location z:/DAT096/vivado-library-master/ip/axi_ps2_1.0
WARNING: [IP_Flow 19-1663] Duplicate IP found for 'digilentinc.com:ip:clock_forwarder:1.1'. The one found in IP location 'z:/DAT096/vivado-library-b0946605e3617c901635278b62d0f6a8e3942844/ip/clock_forwarder' will take precedence over the same IP in location z:/DAT096/vivado-library-master/ip/clock_forwarder
WARNING: [IP_Flow 19-1663] Duplicate IP found for 'digilentinc.com:IP:hls_contrast_stretch:1.0'. The one found in IP location 'z:/DAT096/vivado-library-b0946605e3617c901635278b62d0f6a8e3942844/ip/hls_contrast_stretch_1_0' will take precedence over the same IP in location z:/DAT096/vivado-library-master/ip/hls_contrast_stretch_1_0
WARNING: [IP_Flow 19-1663] Duplicate IP found for 'digilentinc.com:IP:hls_gamma_correction:1.0'. The one found in IP location 'z:/DAT096/vivado-library-b0946605e3617c901635278b62d0f6a8e3942844/ip/hls_gamma_correction_1_0' will take precedence over the same IP in location z:/DAT096/vivado-library-master/ip/hls_gamma_correction_1_0
WARNING: [IP_Flow 19-1663] Duplicate IP found for 'digilentinc.com:IP:hls_saturation_enhance:1.0'. The one found in IP location 'z:/DAT096/vivado-library-b0946605e3617c901635278b62d0f6a8e3942844/ip/hls_saturation_enhance_1_0' will take precedence over the same IP in location z:/DAT096/vivado-library-master/ip/hls_saturation_enhance_1_0
WARNING: [IP_Flow 19-1663] Duplicate IP found for 'digilentinc.com:ip:rgb2dpvid:1.0'. The one found in IP location 'z:/DAT096/vivado-library-b0946605e3617c901635278b62d0f6a8e3942844/ip/rgb2dpvid_v1_0' will take precedence over the same IP in location z:/DAT096/vivado-library-master/ip/rgb2dpvid_v1_0
WARNING: [IP_Flow 19-1663] Duplicate IP found for 'digilentinc.com:ip:rgb2vga:1.0'. The one found in IP location 'z:/DAT096/vivado-library-b0946605e3617c901635278b62d0f6a8e3942844/ip/rgb2vga_v1_0' will take precedence over the same IP in location z:/DAT096/vivado-library-master/ip/rgb2vga_v1_0
WARNING: [IP_Flow 19-1663] Duplicate IP found for 'digilentinc.com:ip:Sync:1.0'. The one found in IP location 'z:/DAT096/vivado-library-b0946605e3617c901635278b62d0f6a8e3942844/ip/Sync_v1_0' will take precedence over the same IP in location z:/DAT096/vivado-library-master/ip/Sync_v1_0
WARNING: [IP_Flow 19-1663] Duplicate IP found for 'digilentinc.com:ip:usb2device:1.0'. The one found in IP location 'z:/DAT096/vivado-library-b0946605e3617c901635278b62d0f6a8e3942844/ip/usb2device_v1_0' will take precedence over the same IP in location z:/DAT096/vivado-library-master/ip/usb2device_v1_0
WARNING: [IP_Flow 19-1663] Duplicate IP found for 'digilentinc.com:video:video_scaler:1.0'. The one found in IP location 'z:/DAT096/vivado-library-b0946605e3617c901635278b62d0f6a8e3942844/ip/video_scaler' will take precedence over the same IP in location z:/DAT096/vivado-library-master/ip/video_scaler
WARNING: [IP_Flow 19-1663] Duplicate IP found for 'digilentinc.com:ip:dvi2rgb:2.0'. The one found in IP location 'z:/DAT096/vivado-library-master/ip/dvi2rgb' will take precedence over the same IP in location z:/DAT096/vivado-library-b0946605e3617c901635278b62d0f6a8e3942844/ip/dvi2rgb
WARNING: [IP_Flow 19-1663] Duplicate IP found for 'digilentinc.com:IP:MotorFeedback:1.0'. The one found in IP location 'z:/DAT096/vivado-library-master/ip/MotorFeedback_1.0' will take precedence over the same IP in location z:/DAT096/vivado-library-b0946605e3617c901635278b62d0f6a8e3942844/ip/MotorFeedback_1.0
WARNING: [IP_Flow 19-1663] Duplicate IP found for 'digilentinc.com:IP:PmodACL2:1.0'. The one found in IP location 'z:/DAT096/vivado-library-master/ip/Pmods/PmodACL2_v1_0' will take precedence over the same IP in location z:/DAT096/vivado-library-b0946605e3617c901635278b62d0f6a8e3942844/ip/Pmods/PmodACL2_v1_0
WARNING: [IP_Flow 19-1663] Duplicate IP found for 'digilentinc.com:IP:PmodACL:1.0'. The one found in IP location 'z:/DAT096/vivado-library-master/ip/Pmods/PmodACL_v1_0' will take precedence over the same IP in location z:/DAT096/vivado-library-b0946605e3617c901635278b62d0f6a8e3942844/ip/Pmods/PmodACL_v1_0
WARNING: [IP_Flow 19-1663] Duplicate IP found for 'digilentinc.com:IP:PmodAD1:1.0'. The one found in IP location 'z:/DAT096/vivado-library-master/ip/Pmods/PmodAD1_v1_0' will take precedence over the same IP in location z:/DAT096/vivado-library-b0946605e3617c901635278b62d0f6a8e3942844/ip/Pmods/PmodAD1_v1_0
WARNING: [IP_Flow 19-1663] Duplicate IP found for 'digilentinc.com:IP:PmodAD2:1.0'. The one found in IP location 'z:/DAT096/vivado-library-master/ip/Pmods/PmodAD2_v1_0' will take precedence over the same IP in location z:/DAT096/vivado-library-b0946605e3617c901635278b62d0f6a8e3942844/ip/Pmods/PmodAD2_v1_0
WARNING: [IP_Flow 19-1663] Duplicate IP found for 'digilentinc.com:IP:PmodAD5:1.0'. The one found in IP location 'z:/DAT096/vivado-library-master/ip/Pmods/PmodAD5_v1_0' will take precedence over the same IP in location z:/DAT096/vivado-library-b0946605e3617c901635278b62d0f6a8e3942844/ip/Pmods/PmodAD5_v1_0
WARNING: [IP_Flow 19-1663] Duplicate IP found for 'digilentinc.com:IP:PmodALS:1.0'. The one found in IP location 'z:/DAT096/vivado-library-master/ip/Pmods/PmodALS_v1_0' will take precedence over the same IP in location z:/DAT096/vivado-library-b0946605e3617c901635278b62d0f6a8e3942844/ip/Pmods/PmodALS_v1_0
WARNING: [IP_Flow 19-1663] Duplicate IP found for 'digilentinc.com:IP:PmodAMP2:1.0'. The one found in IP location 'z:/DAT096/vivado-library-master/ip/Pmods/PmodAMP2_v1_0' will take precedence over the same IP in location z:/DAT096/vivado-library-b0946605e3617c901635278b62d0f6a8e3942844/ip/Pmods/PmodAMP2_v1_0
WARNING: [IP_Flow 19-1663] Duplicate IP found for 'digilentinc.com:IP:PmodAQS:1.0'. The one found in IP location 'z:/DAT096/vivado-library-master/ip/Pmods/PmodAQS_v1_0' will take precedence over the same IP in location z:/DAT096/vivado-library-b0946605e3617c901635278b62d0f6a8e3942844/ip/Pmods/PmodAQS_v1_0
WARNING: [IP_Flow 19-1663] Duplicate IP found for 'digilentinc.com:IP:PmodBLE:1.0'. The one found in IP location 'z:/DAT096/vivado-library-master/ip/Pmods/PmodBLE_v1_0' will take precedence over the same IP in location z:/DAT096/vivado-library-b0946605e3617c901635278b62d0f6a8e3942844/ip/Pmods/PmodBLE_v1_0
WARNING: [IP_Flow 19-1663] Duplicate IP found for 'digilentinc.com:IP:PmodBT2:1.0'. The one found in IP location 'z:/DAT096/vivado-library-master/ip/Pmods/PmodBT2_v1_0' will take precedence over the same IP in location z:/DAT096/vivado-library-b0946605e3617c901635278b62d0f6a8e3942844/ip/Pmods/PmodBT2_v1_0
WARNING: [IP_Flow 19-1663] Duplicate IP found for 'digilentinc.com:IP:PmodCAN:1.0'. The one found in IP location 'z:/DAT096/vivado-library-master/ip/Pmods/PmodCAN_v1_0' will take precedence over the same IP in location z:/DAT096/vivado-library-b0946605e3617c901635278b62d0f6a8e3942844/ip/Pmods/PmodCAN_v1_0
WARNING: [IP_Flow 19-1663] Duplicate IP found for 'digilentinc.com:IP:PmodCLS:1.0'. The one found in IP location 'z:/DAT096/vivado-library-master/ip/Pmods/PmodCLS_v1_0' will take precedence over the same IP in location z:/DAT096/vivado-library-b0946605e3617c901635278b62d0f6a8e3942844/ip/Pmods/PmodCLS_v1_0
WARNING: [IP_Flow 19-1663] Duplicate IP found for 'digilentinc.com:IP:PmodCMPS2:1.0'. The one found in IP location 'z:/DAT096/vivado-library-master/ip/Pmods/PmodCMPS2_v1_0' will take precedence over the same IP in location z:/DAT096/vivado-library-b0946605e3617c901635278b62d0f6a8e3942844/ip/Pmods/PmodCMPS2_v1_0
WARNING: [IP_Flow 19-1663] Duplicate IP found for 'digilentinc.com:IP:PmodCOLOR:1.0'. The one found in IP location 'z:/DAT096/vivado-library-master/ip/Pmods/PmodCOLOR_v1_0' will take precedence over the same IP in location z:/DAT096/vivado-library-b0946605e3617c901635278b62d0f6a8e3942844/ip/Pmods/PmodCOLOR_v1_0
WARNING: [IP_Flow 19-1663] Duplicate IP found for 'digilentinc.com:IP:PmodDA1:1.0'. The one found in IP location 'z:/DAT096/vivado-library-master/ip/Pmods/PmodDA1_v1_0' will take precedence over the same IP in location z:/DAT096/vivado-library-b0946605e3617c901635278b62d0f6a8e3942844/ip/Pmods/PmodDA1_v1_0
WARNING: [IP_Flow 19-1663] Duplicate IP found for 'digilentinc.com:IP:PmodDHB1:1.0'. The one found in IP location 'z:/DAT096/vivado-library-master/ip/Pmods/PmodDHB1_v1_0' will take precedence over the same IP in location z:/DAT096/vivado-library-b0946605e3617c901635278b62d0f6a8e3942844/ip/Pmods/PmodDHB1_v1_0
WARNING: [IP_Flow 19-1663] Duplicate IP found for 'digilentinc.com:IP:PmodDPG1:1.0'. The one found in IP location 'z:/DAT096/vivado-library-master/ip/Pmods/PmodDPG1_v1_0' will take precedence over the same IP in location z:/DAT096/vivado-library-b0946605e3617c901635278b62d0f6a8e3942844/ip/Pmods/PmodDPG1_v1_0
WARNING: [IP_Flow 19-1663] Duplicate IP found for 'digilentinc.com:IP:PmodENC:1.0'. The one found in IP location 'z:/DAT096/vivado-library-master/ip/Pmods/PmodENC_v1_0' will take precedence over the same IP in location z:/DAT096/vivado-library-b0946605e3617c901635278b62d0f6a8e3942844/ip/Pmods/PmodENC_v1_0
WARNING: [IP_Flow 19-1663] Duplicate IP found for 'digilentinc.com:user:PmodESP32:1.0'. The one found in IP location 'z:/DAT096/vivado-library-master/ip/Pmods/PmodESP32_v1_0' will take precedence over the same IP in location z:/DAT096/vivado-library-b0946605e3617c901635278b62d0f6a8e3942844/ip/Pmods/PmodESP32_v1_0
WARNING: [IP_Flow 19-1663] Duplicate IP found for 'digilentinc.com:IP:PmodGPIO:1.0'. The one found in IP location 'z:/DAT096/vivado-library-master/ip/Pmods/PmodGPIO_v1_0' will take precedence over the same IP in location z:/DAT096/vivado-library-b0946605e3617c901635278b62d0f6a8e3942844/ip/Pmods/PmodGPIO_v1_0
WARNING: [IP_Flow 19-1663] Duplicate IP found for 'digilentinc.com:IP:PmodGPS:1.1'. The one found in IP location 'z:/DAT096/vivado-library-master/ip/Pmods/PmodGPS_v1_1' will take precedence over the same IP in location z:/DAT096/vivado-library-b0946605e3617c901635278b62d0f6a8e3942844/ip/Pmods/PmodGPS_v1_1
WARNING: [IP_Flow 19-1663] Duplicate IP found for 'digilentinc.com:IP:PmodGYRO:1.0'. The one found in IP location 'z:/DAT096/vivado-library-master/ip/Pmods/PmodGYRO_v1_0' will take precedence over the same IP in location z:/DAT096/vivado-library-b0946605e3617c901635278b62d0f6a8e3942844/ip/Pmods/PmodGYRO_v1_0
WARNING: [IP_Flow 19-1663] Duplicate IP found for 'digilentinc.com:IP:PmodHYGRO:1.0'. The one found in IP location 'z:/DAT096/vivado-library-master/ip/Pmods/PmodHYGRO_v1_0' will take precedence over the same IP in location z:/DAT096/vivado-library-b0946605e3617c901635278b62d0f6a8e3942844/ip/Pmods/PmodHYGRO_v1_0
WARNING: [IP_Flow 19-1663] Duplicate IP found for 'digilentinc.com:IP:PmodJSTK2:1.0'. The one found in IP location 'z:/DAT096/vivado-library-master/ip/Pmods/PmodJSTK2_v1_0' will take precedence over the same IP in location z:/DAT096/vivado-library-b0946605e3617c901635278b62d0f6a8e3942844/ip/Pmods/PmodJSTK2_v1_0
WARNING: [IP_Flow 19-1663] Duplicate IP found for 'digilentinc.com:IP:PmodJSTK:1.0'. The one found in IP location 'z:/DAT096/vivado-library-master/ip/Pmods/PmodJSTK_v1_0' will take precedence over the same IP in location z:/DAT096/vivado-library-b0946605e3617c901635278b62d0f6a8e3942844/ip/Pmods/PmodJSTK_v1_0
WARNING: [IP_Flow 19-1663] Duplicate IP found for 'digilentinc.com:IP:PmodKYPD:1.0'. The one found in IP location 'z:/DAT096/vivado-library-master/ip/Pmods/PmodKYPD_v1_0' will take precedence over the same IP in location z:/DAT096/vivado-library-b0946605e3617c901635278b62d0f6a8e3942844/ip/Pmods/PmodKYPD_v1_0
WARNING: [IP_Flow 19-1663] Duplicate IP found for 'digilentinc.com:IP:PmodMAXSONAR:1.0'. The one found in IP location 'z:/DAT096/vivado-library-master/ip/Pmods/PmodMAXSONAR_v1_0' will take precedence over the same IP in location z:/DAT096/vivado-library-b0946605e3617c901635278b62d0f6a8e3942844/ip/Pmods/PmodMAXSONAR_v1_0
WARNING: [IP_Flow 19-1663] Duplicate IP found for 'digilentinc.com:IP:PmodMTDS:1.0'. The one found in IP location 'z:/DAT096/vivado-library-master/ip/Pmods/PmodMTDS_v1_0' will take precedence over the same IP in location z:/DAT096/vivado-library-b0946605e3617c901635278b62d0f6a8e3942844/ip/Pmods/PmodMTDS_v1_0
WARNING: [IP_Flow 19-1663] Duplicate IP found for 'digilentinc.com:IP:PmodNAV:1.0'. The one found in IP location 'z:/DAT096/vivado-library-master/ip/Pmods/PmodNAV_v1_0' will take precedence over the same IP in location z:/DAT096/vivado-library-b0946605e3617c901635278b62d0f6a8e3942844/ip/Pmods/PmodNAV_v1_0
WARNING: [IP_Flow 19-1663] Duplicate IP found for 'digilentinc.com:IP:PmodOLEDrgb:1.0'. The one found in IP location 'z:/DAT096/vivado-library-master/ip/Pmods/pmodOLEDrgb_v1_0' will take precedence over the same IP in location z:/DAT096/vivado-library-b0946605e3617c901635278b62d0f6a8e3942844/ip/Pmods/pmodOLEDrgb_v1_0
WARNING: [IP_Flow 19-1663] Duplicate IP found for 'digilentinc.com:IP:PmodOLED:1.0'. The one found in IP location 'z:/DAT096/vivado-library-master/ip/Pmods/PmodOLED_v1_0' will take precedence over the same IP in location z:/DAT096/vivado-library-b0946605e3617c901635278b62d0f6a8e3942844/ip/Pmods/PmodOLED_v1_0
WARNING: [IP_Flow 19-1663] Duplicate IP found for 'digilentinc.com:IP:PmodPIR:1.0'. The one found in IP location 'z:/DAT096/vivado-library-master/ip/Pmods/PmodPIR_v1_0' will take precedence over the same IP in location z:/DAT096/vivado-library-b0946605e3617c901635278b62d0f6a8e3942844/ip/Pmods/PmodPIR_v1_0
WARNING: [IP_Flow 19-1663] Duplicate IP found for 'digilentinc.com:IP:PmodR2R:1.0'. The one found in IP location 'z:/DAT096/vivado-library-master/ip/Pmods/PmodR2R_v1_0' will take precedence over the same IP in location z:/DAT096/vivado-library-b0946605e3617c901635278b62d0f6a8e3942844/ip/Pmods/PmodR2R_v1_0
WARNING: [IP_Flow 19-1663] Duplicate IP found for 'digilentinc.com:IP:PmodRTCC:1.0'. The one found in IP location 'z:/DAT096/vivado-library-master/ip/Pmods/PmodRTCC_v1_0' will take precedence over the same IP in location z:/DAT096/vivado-library-b0946605e3617c901635278b62d0f6a8e3942844/ip/Pmods/PmodRTCC_v1_0
WARNING: [IP_Flow 19-1663] Duplicate IP found for 'digilentinc.com:IP:PmodSD:1.0'. The one found in IP location 'z:/DAT096/vivado-library-master/ip/Pmods/PmodSD_v1_0' will take precedence over the same IP in location z:/DAT096/vivado-library-b0946605e3617c901635278b62d0f6a8e3942844/ip/Pmods/PmodSD_v1_0
WARNING: [IP_Flow 19-1663] Duplicate IP found for 'digilentinc.com:IP:PmodSF3:1.0'. The one found in IP location 'z:/DAT096/vivado-library-master/ip/Pmods/PmodSF3_v1_0' will take precedence over the same IP in location z:/DAT096/vivado-library-b0946605e3617c901635278b62d0f6a8e3942844/ip/Pmods/PmodSF3_v1_0
WARNING: [IP_Flow 19-1663] Duplicate IP found for 'digilentinc.com:IP:PmodTC1:1.0'. The one found in IP location 'z:/DAT096/vivado-library-master/ip/Pmods/PmodTC1_v1_0' will take precedence over the same IP in location z:/DAT096/vivado-library-b0946605e3617c901635278b62d0f6a8e3942844/ip/Pmods/PmodTC1_v1_0
WARNING: [IP_Flow 19-1663] Duplicate IP found for 'digilentinc.com:IP:PmodTMP3:1.0'. The one found in IP location 'z:/DAT096/vivado-library-master/ip/Pmods/PmodTMP3_v1_0' will take precedence over the same IP in location z:/DAT096/vivado-library-b0946605e3617c901635278b62d0f6a8e3942844/ip/Pmods/PmodTMP3_v1_0
WARNING: [IP_Flow 19-1663] Duplicate IP found for 'digilentinc.com:IP:PmodWIFI:1.0'. The one found in IP location 'z:/DAT096/vivado-library-master/ip/Pmods/PmodWIFI_v1_0' will take precedence over the same IP in location z:/DAT096/vivado-library-b0946605e3617c901635278b62d0f6a8e3942844/ip/Pmods/PmodWIFI_v1_0
WARNING: [IP_Flow 19-1663] Duplicate IP found for 'digilentinc.com:ip:pmod_bridge:1.0'. The one found in IP location 'z:/DAT096/vivado-library-master/ip/Pmods/Pmod_Bridge_v1_0' will take precedence over the same IP in location z:/DAT096/vivado-library-b0946605e3617c901635278b62d0f6a8e3942844/ip/Pmods/Pmod_Bridge_v1_0
WARNING: [IP_Flow 19-1663] Duplicate IP found for 'digilentinc.com:ip:pmod_bridge:1.1'. The one found in IP location 'z:/DAT096/vivado-library-master/ip/Pmods/Pmod_Bridge_v1_1' will take precedence over the same IP in location z:/DAT096/vivado-library-b0946605e3617c901635278b62d0f6a8e3942844/ip/Pmods/Pmod_Bridge_v1_1
WARNING: [IP_Flow 19-1663] Duplicate IP found for 'digilentinc.com:IP:PWM:1.0'. The one found in IP location 'z:/DAT096/vivado-library-master/ip/PWM_1.0' will take precedence over the same IP in location z:/DAT096/vivado-library-b0946605e3617c901635278b62d0f6a8e3942844/ip/PWM_1.0
WARNING: [IP_Flow 19-1663] Duplicate IP found for 'digilentinc.com:IP:PWM:2.0'. The one found in IP location 'z:/DAT096/vivado-library-master/ip/PWM_2.0' will take precedence over the same IP in location z:/DAT096/vivado-library-b0946605e3617c901635278b62d0f6a8e3942844/ip/PWM_2.0
WARNING: [IP_Flow 19-1663] Duplicate IP found for 'digilentinc.com:IP:PWM_Analyzer:1.0'. The one found in IP location 'z:/DAT096/vivado-library-master/ip/PWM_Analyzer_1.0' will take precedence over the same IP in location z:/DAT096/vivado-library-b0946605e3617c901635278b62d0f6a8e3942844/ip/PWM_Analyzer_1.0
WARNING: [IP_Flow 19-1663] Duplicate IP found for 'digilentinc.com:ip:rgb2dvi:1.4'. The one found in IP location 'z:/DAT096/vivado-library-master/ip/rgb2dvi' will take precedence over the same IP in location z:/DAT096/vivado-library-b0946605e3617c901635278b62d0f6a8e3942844/ip/rgb2dvi
WARNING: [IP_Flow 19-4830] Duplicate Interface found for 'digilentinc.com:interface:pmod:1.0'. The one found in location 'z:/DAT096/vivado-library-b0946605e3617c901635278b62d0f6a8e3942844/if/pmod_v1_0/pmod.xml' will take precedence over the same Interface in location 'z:/DAT096/vivado-library-master/if/pmod_v1_0/pmod.xml'
WARNING: [IP_Flow 19-4830] Duplicate Interface found for 'digilentinc.com:interface:tmds:1.0'. The one found in location 'z:/DAT096/vivado-library-b0946605e3617c901635278b62d0f6a8e3942844/if/tmds_v1_0/tmds.xml' will take precedence over the same Interface in location 'z:/DAT096/vivado-library-master/if/tmds_v1_0/tmds.xml'
Upgrading 'Z:/DAT096/DAT096-krish/Embedded-System-Project-DAT096-krishna/Board_2/Board_2/Board_2.srcs/sources_1/bd/design_2/design_2.bd'
WARNING: [Vivado 12-1017] Problems encountered:
1. Failed to delete one or more files in run directory Z:/DAT096/DAT096-krish/Embedded-System-Project-DAT096-krishna/Board_2/Board_2/Board_2.runs/design_2_vcsel_conv_0_0_synth_1

INFO: [IP_Flow 19-3420] Updated design_2_vcsel_conv_0_0 to use current project options
WARNING: [IP_Flow 19-4706] Upgraded port 'noise_data' width 9 differs from original width 10
WARNING: [IP_Flow 19-3298] Detected external port differences while upgrading 'design_2_vcsel_conv_0_0'. These changes may impact your design.
CRITICAL WARNING: [Coretcl 2-1280] The upgrade of 'design_2_vcsel_conv_0_0' has identified issues that may require user intervention. Please verify that the instance is correctly configured, and review any upgrade messages.
Wrote  : <Z:\DAT096\DAT096-krish\Embedded-System-Project-DAT096-krishna\Board_2\Board_2\Board_2.srcs\sources_1\bd\design_2\design_2.bd> 
generate_target all [get_files  Z:/DAT096/DAT096-krish/Embedded-System-Project-DAT096-krishna/Board_2/Board_2/Board_2.srcs/sources_1/bd/design_2/design_2.bd]
WARNING: [BD 41-2670] Found an incomplete address path from address space '/processing_system7_0/Data' to master interface '/processing_system7_0/M_AXI_GP0'. Please either complete or remove this path to resolve.
WARNING: [BD 5-699] No address segments matched 'get_bd_addr_segs -of_objects /processing_system7_0/Data'
ERROR: [Common 17-161] Invalid option value '' specified for 'object'.
ERROR: [BD 41-1273] Error running propagate TCL procedure: ERROR: [Common 17-161] Invalid option value '' specified for 'object'.
    ::xilinx.com_ip_ila_6.2::propagate Line 95
INFO: [xilinx.com:ip:clk_wiz:6.0-1] /clk_wiz_0 clk_wiz propagate
Wrote  : <Z:\DAT096\DAT096-krish\Embedded-System-Project-DAT096-krishna\Board_2\Board_2\Board_2.srcs\sources_1\bd\design_2\design_2.bd> 
VHDL Output written to : z:/DAT096/DAT096-krish/Embedded-System-Project-DAT096-krishna/Board_2/Board_2/Board_2.gen/sources_1/bd/design_2/synth/design_2.vhd
VHDL Output written to : z:/DAT096/DAT096-krish/Embedded-System-Project-DAT096-krishna/Board_2/Board_2/Board_2.gen/sources_1/bd/design_2/sim/design_2.vhd
VHDL Output written to : z:/DAT096/DAT096-krish/Embedded-System-Project-DAT096-krishna/Board_2/Board_2/Board_2.gen/sources_1/bd/design_2/hdl/design_2_wrapper.vhd
INFO: [BD 41-1029] Generation completed for the IP Integrator block top_awgn_0 .
INFO: [BD 41-1029] Generation completed for the IP Integrator block vcsel_conv_0 .
Exporting to file z:/DAT096/DAT096-krish/Embedded-System-Project-DAT096-krishna/Board_2/Board_2/Board_2.gen/sources_1/bd/design_2/hw_handoff/design_2.hwh
Generated Hardware Definition File z:/DAT096/DAT096-krish/Embedded-System-Project-DAT096-krishna/Board_2/Board_2/Board_2.gen/sources_1/bd/design_2/synth/design_2.hwdef
ERROR: [Common 17-39] 'generate_target' failed due to earlier errors.
open_bd_design {Z:/DAT096/DAT096-krish/Embedded-System-Project-DAT096-krishna/Board_2/Board_2/Board_2.srcs/sources_1/bd/design_2/design_2.bd}
report_ip_status -name ip_status 
reset_run synth_1
INFO: [Project 1-1161] Replacing file Z:/DAT096/DAT096-krish/Embedded-System-Project-DAT096-krishna/Board_2/Board_2/Board_2.srcs/utils_1/imports/synth_1/design_2_wrapper.dcp with file Z:/DAT096/DAT096-krish/Embedded-System-Project-DAT096-krishna/Board_2/Board_2/Board_2.runs/synth_1/design_2_wrapper.dcp
WARNING: [Vivado 12-1017] Problems encountered:
1. Failed to delete one or more files in run directory Z:/DAT096/DAT096-krish/Embedded-System-Project-DAT096-krishna/Board_2/Board_2/Board_2.runs/synth_1

launch_runs impl_1 -to_step write_bitstream -jobs 28
INFO: [IP_Flow 19-6924] IPCACHE: Running cache check for IP inst: design_2_top_awgn_0_0
[Wed May 27 22:01:53 2026] Launched design_2_vcsel_conv_0_0_synth_1, design_2_top_awgn_0_0_synth_1, synth_1...
Run output will be captured here:
design_2_vcsel_conv_0_0_synth_1: Z:/DAT096/DAT096-krish/Embedded-System-Project-DAT096-krishna/Board_2/Board_2/Board_2.runs/design_2_vcsel_conv_0_0_synth_1/runme.log
design_2_top_awgn_0_0_synth_1: Z:/DAT096/DAT096-krish/Embedded-System-Project-DAT096-krishna/Board_2/Board_2/Board_2.runs/design_2_top_awgn_0_0_synth_1/runme.log
synth_1: Z:/DAT096/DAT096-krish/Embedded-System-Project-DAT096-krishna/Board_2/Board_2/Board_2.runs/synth_1/runme.log
[Wed May 27 22:01:53 2026] Launched impl_1...
Run output will be captured here: Z:/DAT096/DAT096-krish/Embedded-System-Project-DAT096-krishna/Board_2/Board_2/Board_2.runs/impl_1/runme.log
launch_runs: Time (s): cpu = 00:00:00 ; elapsed = 00:00:05 . Memory (MB): peak = 2587.293 ; gain = 0.000
ipx::edit_ip_in_project -upgrade true -name top_awgn_v1_0_project -directory Z:/DAT096/DAT096-krish/Embedded-System-Project-DAT096-krishna/Board_2/Board_2/Board_2.tmp/top_awgn_v1_0_project z:/DAT096/Project_team5/ip_repo_snr/component.xml
INFO: [ProjectBase 1-489] The host OS only allows 260 characters in a normal path. The project is stored in a path with more than 80 characters. If you experience issues with IP, Block Designs, or files not being found, please consider moving the project to a location with a shorter path. Alternately consider using the OS subst command to map part of the path to a drive letter.
Current project path is 'z:/dat096/dat096-krish/embedded-system-project-dat096-krishna/board_2/board_2/board_2.tmp/top_awgn_v1_0_project'
INFO: [IP_Flow 19-234] Refreshing IP repositories
INFO: [IP_Flow 19-1704] No user IP repositories specified
INFO: [IP_Flow 19-2313] Loaded Vivado IP repository 'C:/Progs/Xilinx/Vivado/2024.2/data/ip'.
INFO: [IP_Flow 19-234] Refreshing IP repositories
WARNING: [IP_Flow 19-2248] Failed to load user IP repository 'z:/DAT096/vivado-library-zmod-v2-2019.1-2/vivado-library-zmod-v2-2019.1-2'; Can't find the specified path.
If this directory should no longer be in your list of user repositories, go to the IP Settings dialog and remove it.
INFO: [IP_Flow 19-1700] Loaded user IP repository 'z:/DAT096/Project_team5/ip_repo_snr'.
WARNING: [IP_Flow 19-2248] Failed to load user IP repository 'z:/embedded project/Eclypse-Z7-HW/Eclypse-Z7-HW.ipdefs/repo'; Can't find the specified path.
If this directory should no longer be in your list of user repositories, go to the IP Settings dialog and remove it.
WARNING: [IP_Flow 19-2248] Failed to load user IP repository 'z:/DAT096/Project_team5/ip_repo'; Can't find the specified path.
If this directory should no longer be in your list of user repositories, go to the IP Settings dialog and remove it.
INFO: [IP_Flow 19-1700] Loaded user IP repository 'z:/DAT096/vivado-boards-master'.
INFO: [IP_Flow 19-1700] Loaded user IP repository 'z:/DAT096/vivado-library-b0946605e3617c901635278b62d0f6a8e3942844'.
INFO: [IP_Flow 19-1700] Loaded user IP repository 'z:/DAT096/vivado-library-master'.
WARNING: [IP_Flow 19-2248] Failed to load user IP repository 'z:/eda234/vivado-library-master'; Can't find the specified path.
If this directory should no longer be in your list of user repositories, go to the IP Settings dialog and remove it.
WARNING: [IP_Flow 19-3685] Ignored loading user repository 'z:/eda234/vivado-library-master/ip'. The path is contained within another repository.
WARNING: [IP_Flow 19-1663] Duplicate IP found for 'digilentinc.com:user:axi_i2s_adi:1.2'. The one found in IP location 'z:/DAT096/vivado-library-b0946605e3617c901635278b62d0f6a8e3942844/ip/axi_i2s_adi_1.2' will take precedence over the same IP in location z:/DAT096/vivado-library-master/ip/axi_i2s_adi_1.2
WARNING: [IP_Flow 19-1663] Duplicate IP found for 'digilentinc.com:IP:axi_ps2:1.0'. The one found in IP location 'z:/DAT096/vivado-library-b0946605e3617c901635278b62d0f6a8e3942844/ip/axi_ps2_1.0' will take precedence over the same IP in location z:/DAT096/vivado-library-master/ip/axi_ps2_1.0
WARNING: [IP_Flow 19-1663] Duplicate IP found for 'digilentinc.com:ip:clock_forwarder:1.1'. The one found in IP location 'z:/DAT096/vivado-library-b0946605e3617c901635278b62d0f6a8e3942844/ip/clock_forwarder' will take precedence over the same IP in location z:/DAT096/vivado-library-master/ip/clock_forwarder
WARNING: [IP_Flow 19-1663] Duplicate IP found for 'digilentinc.com:IP:hls_contrast_stretch:1.0'. The one found in IP location 'z:/DAT096/vivado-library-b0946605e3617c901635278b62d0f6a8e3942844/ip/hls_contrast_stretch_1_0' will take precedence over the same IP in location z:/DAT096/vivado-library-master/ip/hls_contrast_stretch_1_0
WARNING: [IP_Flow 19-1663] Duplicate IP found for 'digilentinc.com:IP:hls_gamma_correction:1.0'. The one found in IP location 'z:/DAT096/vivado-library-b0946605e3617c901635278b62d0f6a8e3942844/ip/hls_gamma_correction_1_0' will take precedence over the same IP in location z:/DAT096/vivado-library-master/ip/hls_gamma_correction_1_0
WARNING: [IP_Flow 19-1663] Duplicate IP found for 'digilentinc.com:IP:hls_saturation_enhance:1.0'. The one found in IP location 'z:/DAT096/vivado-library-b0946605e3617c901635278b62d0f6a8e3942844/ip/hls_saturation_enhance_1_0' will take precedence over the same IP in location z:/DAT096/vivado-library-master/ip/hls_saturation_enhance_1_0
WARNING: [IP_Flow 19-1663] Duplicate IP found for 'digilentinc.com:ip:rgb2dpvid:1.0'. The one found in IP location 'z:/DAT096/vivado-library-b0946605e3617c901635278b62d0f6a8e3942844/ip/rgb2dpvid_v1_0' will take precedence over the same IP in location z:/DAT096/vivado-library-master/ip/rgb2dpvid_v1_0
WARNING: [IP_Flow 19-1663] Duplicate IP found for 'digilentinc.com:ip:rgb2vga:1.0'. The one found in IP location 'z:/DAT096/vivado-library-b0946605e3617c901635278b62d0f6a8e3942844/ip/rgb2vga_v1_0' will take precedence over the same IP in location z:/DAT096/vivado-library-master/ip/rgb2vga_v1_0
WARNING: [IP_Flow 19-1663] Duplicate IP found for 'digilentinc.com:ip:Sync:1.0'. The one found in IP location 'z:/DAT096/vivado-library-b0946605e3617c901635278b62d0f6a8e3942844/ip/Sync_v1_0' will take precedence over the same IP in location z:/DAT096/vivado-library-master/ip/Sync_v1_0
WARNING: [IP_Flow 19-1663] Duplicate IP found for 'digilentinc.com:ip:usb2device:1.0'. The one found in IP location 'z:/DAT096/vivado-library-b0946605e3617c901635278b62d0f6a8e3942844/ip/usb2device_v1_0' will take precedence over the same IP in location z:/DAT096/vivado-library-master/ip/usb2device_v1_0
WARNING: [IP_Flow 19-1663] Duplicate IP found for 'digilentinc.com:video:video_scaler:1.0'. The one found in IP location 'z:/DAT096/vivado-library-b0946605e3617c901635278b62d0f6a8e3942844/ip/video_scaler' will take precedence over the same IP in location z:/DAT096/vivado-library-master/ip/video_scaler
WARNING: [IP_Flow 19-1663] Duplicate IP found for 'digilentinc.com:ip:dvi2rgb:2.0'. The one found in IP location 'z:/DAT096/vivado-library-master/ip/dvi2rgb' will take precedence over the same IP in location z:/DAT096/vivado-library-b0946605e3617c901635278b62d0f6a8e3942844/ip/dvi2rgb
WARNING: [IP_Flow 19-1663] Duplicate IP found for 'digilentinc.com:IP:MotorFeedback:1.0'. The one found in IP location 'z:/DAT096/vivado-library-master/ip/MotorFeedback_1.0' will take precedence over the same IP in location z:/DAT096/vivado-library-b0946605e3617c901635278b62d0f6a8e3942844/ip/MotorFeedback_1.0
WARNING: [IP_Flow 19-1663] Duplicate IP found for 'digilentinc.com:IP:PmodACL2:1.0'. The one found in IP location 'z:/DAT096/vivado-library-master/ip/Pmods/PmodACL2_v1_0' will take precedence over the same IP in location z:/DAT096/vivado-library-b0946605e3617c901635278b62d0f6a8e3942844/ip/Pmods/PmodACL2_v1_0
WARNING: [IP_Flow 19-1663] Duplicate IP found for 'digilentinc.com:IP:PmodACL:1.0'. The one found in IP location 'z:/DAT096/vivado-library-master/ip/Pmods/PmodACL_v1_0' will take precedence over the same IP in location z:/DAT096/vivado-library-b0946605e3617c901635278b62d0f6a8e3942844/ip/Pmods/PmodACL_v1_0
WARNING: [IP_Flow 19-1663] Duplicate IP found for 'digilentinc.com:IP:PmodAD1:1.0'. The one found in IP location 'z:/DAT096/vivado-library-master/ip/Pmods/PmodAD1_v1_0' will take precedence over the same IP in location z:/DAT096/vivado-library-b0946605e3617c901635278b62d0f6a8e3942844/ip/Pmods/PmodAD1_v1_0
WARNING: [IP_Flow 19-1663] Duplicate IP found for 'digilentinc.com:IP:PmodAD2:1.0'. The one found in IP location 'z:/DAT096/vivado-library-master/ip/Pmods/PmodAD2_v1_0' will take precedence over the same IP in location z:/DAT096/vivado-library-b0946605e3617c901635278b62d0f6a8e3942844/ip/Pmods/PmodAD2_v1_0
WARNING: [IP_Flow 19-1663] Duplicate IP found for 'digilentinc.com:IP:PmodAD5:1.0'. The one found in IP location 'z:/DAT096/vivado-library-master/ip/Pmods/PmodAD5_v1_0' will take precedence over the same IP in location z:/DAT096/vivado-library-b0946605e3617c901635278b62d0f6a8e3942844/ip/Pmods/PmodAD5_v1_0
WARNING: [IP_Flow 19-1663] Duplicate IP found for 'digilentinc.com:IP:PmodALS:1.0'. The one found in IP location 'z:/DAT096/vivado-library-master/ip/Pmods/PmodALS_v1_0' will take precedence over the same IP in location z:/DAT096/vivado-library-b0946605e3617c901635278b62d0f6a8e3942844/ip/Pmods/PmodALS_v1_0
WARNING: [IP_Flow 19-1663] Duplicate IP found for 'digilentinc.com:IP:PmodAMP2:1.0'. The one found in IP location 'z:/DAT096/vivado-library-master/ip/Pmods/PmodAMP2_v1_0' will take precedence over the same IP in location z:/DAT096/vivado-library-b0946605e3617c901635278b62d0f6a8e3942844/ip/Pmods/PmodAMP2_v1_0
WARNING: [IP_Flow 19-1663] Duplicate IP found for 'digilentinc.com:IP:PmodAQS:1.0'. The one found in IP location 'z:/DAT096/vivado-library-master/ip/Pmods/PmodAQS_v1_0' will take precedence over the same IP in location z:/DAT096/vivado-library-b0946605e3617c901635278b62d0f6a8e3942844/ip/Pmods/PmodAQS_v1_0
WARNING: [IP_Flow 19-1663] Duplicate IP found for 'digilentinc.com:IP:PmodBLE:1.0'. The one found in IP location 'z:/DAT096/vivado-library-master/ip/Pmods/PmodBLE_v1_0' will take precedence over the same IP in location z:/DAT096/vivado-library-b0946605e3617c901635278b62d0f6a8e3942844/ip/Pmods/PmodBLE_v1_0
WARNING: [IP_Flow 19-1663] Duplicate IP found for 'digilentinc.com:IP:PmodBT2:1.0'. The one found in IP location 'z:/DAT096/vivado-library-master/ip/Pmods/PmodBT2_v1_0' will take precedence over the same IP in location z:/DAT096/vivado-library-b0946605e3617c901635278b62d0f6a8e3942844/ip/Pmods/PmodBT2_v1_0
WARNING: [IP_Flow 19-1663] Duplicate IP found for 'digilentinc.com:IP:PmodCAN:1.0'. The one found in IP location 'z:/DAT096/vivado-library-master/ip/Pmods/PmodCAN_v1_0' will take precedence over the same IP in location z:/DAT096/vivado-library-b0946605e3617c901635278b62d0f6a8e3942844/ip/Pmods/PmodCAN_v1_0
WARNING: [IP_Flow 19-1663] Duplicate IP found for 'digilentinc.com:IP:PmodCLS:1.0'. The one found in IP location 'z:/DAT096/vivado-library-master/ip/Pmods/PmodCLS_v1_0' will take precedence over the same IP in location z:/DAT096/vivado-library-b0946605e3617c901635278b62d0f6a8e3942844/ip/Pmods/PmodCLS_v1_0
WARNING: [IP_Flow 19-1663] Duplicate IP found for 'digilentinc.com:IP:PmodCMPS2:1.0'. The one found in IP location 'z:/DAT096/vivado-library-master/ip/Pmods/PmodCMPS2_v1_0' will take precedence over the same IP in location z:/DAT096/vivado-library-b0946605e3617c901635278b62d0f6a8e3942844/ip/Pmods/PmodCMPS2_v1_0
WARNING: [IP_Flow 19-1663] Duplicate IP found for 'digilentinc.com:IP:PmodCOLOR:1.0'. The one found in IP location 'z:/DAT096/vivado-library-master/ip/Pmods/PmodCOLOR_v1_0' will take precedence over the same IP in location z:/DAT096/vivado-library-b0946605e3617c901635278b62d0f6a8e3942844/ip/Pmods/PmodCOLOR_v1_0
WARNING: [IP_Flow 19-1663] Duplicate IP found for 'digilentinc.com:IP:PmodDA1:1.0'. The one found in IP location 'z:/DAT096/vivado-library-master/ip/Pmods/PmodDA1_v1_0' will take precedence over the same IP in location z:/DAT096/vivado-library-b0946605e3617c901635278b62d0f6a8e3942844/ip/Pmods/PmodDA1_v1_0
WARNING: [IP_Flow 19-1663] Duplicate IP found for 'digilentinc.com:IP:PmodDHB1:1.0'. The one found in IP location 'z:/DAT096/vivado-library-master/ip/Pmods/PmodDHB1_v1_0' will take precedence over the same IP in location z:/DAT096/vivado-library-b0946605e3617c901635278b62d0f6a8e3942844/ip/Pmods/PmodDHB1_v1_0
WARNING: [IP_Flow 19-1663] Duplicate IP found for 'digilentinc.com:IP:PmodDPG1:1.0'. The one found in IP location 'z:/DAT096/vivado-library-master/ip/Pmods/PmodDPG1_v1_0' will take precedence over the same IP in location z:/DAT096/vivado-library-b0946605e3617c901635278b62d0f6a8e3942844/ip/Pmods/PmodDPG1_v1_0
WARNING: [IP_Flow 19-1663] Duplicate IP found for 'digilentinc.com:IP:PmodENC:1.0'. The one found in IP location 'z:/DAT096/vivado-library-master/ip/Pmods/PmodENC_v1_0' will take precedence over the same IP in location z:/DAT096/vivado-library-b0946605e3617c901635278b62d0f6a8e3942844/ip/Pmods/PmodENC_v1_0
WARNING: [IP_Flow 19-1663] Duplicate IP found for 'digilentinc.com:user:PmodESP32:1.0'. The one found in IP location 'z:/DAT096/vivado-library-master/ip/Pmods/PmodESP32_v1_0' will take precedence over the same IP in location z:/DAT096/vivado-library-b0946605e3617c901635278b62d0f6a8e3942844/ip/Pmods/PmodESP32_v1_0
WARNING: [IP_Flow 19-1663] Duplicate IP found for 'digilentinc.com:IP:PmodGPIO:1.0'. The one found in IP location 'z:/DAT096/vivado-library-master/ip/Pmods/PmodGPIO_v1_0' will take precedence over the same IP in location z:/DAT096/vivado-library-b0946605e3617c901635278b62d0f6a8e3942844/ip/Pmods/PmodGPIO_v1_0
WARNING: [IP_Flow 19-1663] Duplicate IP found for 'digilentinc.com:IP:PmodGPS:1.1'. The one found in IP location 'z:/DAT096/vivado-library-master/ip/Pmods/PmodGPS_v1_1' will take precedence over the same IP in location z:/DAT096/vivado-library-b0946605e3617c901635278b62d0f6a8e3942844/ip/Pmods/PmodGPS_v1_1
WARNING: [IP_Flow 19-1663] Duplicate IP found for 'digilentinc.com:IP:PmodGYRO:1.0'. The one found in IP location 'z:/DAT096/vivado-library-master/ip/Pmods/PmodGYRO_v1_0' will take precedence over the same IP in location z:/DAT096/vivado-library-b0946605e3617c901635278b62d0f6a8e3942844/ip/Pmods/PmodGYRO_v1_0
WARNING: [IP_Flow 19-1663] Duplicate IP found for 'digilentinc.com:IP:PmodHYGRO:1.0'. The one found in IP location 'z:/DAT096/vivado-library-master/ip/Pmods/PmodHYGRO_v1_0' will take precedence over the same IP in location z:/DAT096/vivado-library-b0946605e3617c901635278b62d0f6a8e3942844/ip/Pmods/PmodHYGRO_v1_0
WARNING: [IP_Flow 19-1663] Duplicate IP found for 'digilentinc.com:IP:PmodJSTK2:1.0'. The one found in IP location 'z:/DAT096/vivado-library-master/ip/Pmods/PmodJSTK2_v1_0' will take precedence over the same IP in location z:/DAT096/vivado-library-b0946605e3617c901635278b62d0f6a8e3942844/ip/Pmods/PmodJSTK2_v1_0
WARNING: [IP_Flow 19-1663] Duplicate IP found for 'digilentinc.com:IP:PmodJSTK:1.0'. The one found in IP location 'z:/DAT096/vivado-library-master/ip/Pmods/PmodJSTK_v1_0' will take precedence over the same IP in location z:/DAT096/vivado-library-b0946605e3617c901635278b62d0f6a8e3942844/ip/Pmods/PmodJSTK_v1_0
WARNING: [IP_Flow 19-1663] Duplicate IP found for 'digilentinc.com:IP:PmodKYPD:1.0'. The one found in IP location 'z:/DAT096/vivado-library-master/ip/Pmods/PmodKYPD_v1_0' will take precedence over the same IP in location z:/DAT096/vivado-library-b0946605e3617c901635278b62d0f6a8e3942844/ip/Pmods/PmodKYPD_v1_0
WARNING: [IP_Flow 19-1663] Duplicate IP found for 'digilentinc.com:IP:PmodMAXSONAR:1.0'. The one found in IP location 'z:/DAT096/vivado-library-master/ip/Pmods/PmodMAXSONAR_v1_0' will take precedence over the same IP in location z:/DAT096/vivado-library-b0946605e3617c901635278b62d0f6a8e3942844/ip/Pmods/PmodMAXSONAR_v1_0
WARNING: [IP_Flow 19-1663] Duplicate IP found for 'digilentinc.com:IP:PmodMTDS:1.0'. The one found in IP location 'z:/DAT096/vivado-library-master/ip/Pmods/PmodMTDS_v1_0' will take precedence over the same IP in location z:/DAT096/vivado-library-b0946605e3617c901635278b62d0f6a8e3942844/ip/Pmods/PmodMTDS_v1_0
WARNING: [IP_Flow 19-1663] Duplicate IP found for 'digilentinc.com:IP:PmodNAV:1.0'. The one found in IP location 'z:/DAT096/vivado-library-master/ip/Pmods/PmodNAV_v1_0' will take precedence over the same IP in location z:/DAT096/vivado-library-b0946605e3617c901635278b62d0f6a8e3942844/ip/Pmods/PmodNAV_v1_0
WARNING: [IP_Flow 19-1663] Duplicate IP found for 'digilentinc.com:IP:PmodOLEDrgb:1.0'. The one found in IP location 'z:/DAT096/vivado-library-master/ip/Pmods/pmodOLEDrgb_v1_0' will take precedence over the same IP in location z:/DAT096/vivado-library-b0946605e3617c901635278b62d0f6a8e3942844/ip/Pmods/pmodOLEDrgb_v1_0
WARNING: [IP_Flow 19-1663] Duplicate IP found for 'digilentinc.com:IP:PmodOLED:1.0'. The one found in IP location 'z:/DAT096/vivado-library-master/ip/Pmods/PmodOLED_v1_0' will take precedence over the same IP in location z:/DAT096/vivado-library-b0946605e3617c901635278b62d0f6a8e3942844/ip/Pmods/PmodOLED_v1_0
WARNING: [IP_Flow 19-1663] Duplicate IP found for 'digilentinc.com:IP:PmodPIR:1.0'. The one found in IP location 'z:/DAT096/vivado-library-master/ip/Pmods/PmodPIR_v1_0' will take precedence over the same IP in location z:/DAT096/vivado-library-b0946605e3617c901635278b62d0f6a8e3942844/ip/Pmods/PmodPIR_v1_0
WARNING: [IP_Flow 19-1663] Duplicate IP found for 'digilentinc.com:IP:PmodR2R:1.0'. The one found in IP location 'z:/DAT096/vivado-library-master/ip/Pmods/PmodR2R_v1_0' will take precedence over the same IP in location z:/DAT096/vivado-library-b0946605e3617c901635278b62d0f6a8e3942844/ip/Pmods/PmodR2R_v1_0
WARNING: [IP_Flow 19-1663] Duplicate IP found for 'digilentinc.com:IP:PmodRTCC:1.0'. The one found in IP location 'z:/DAT096/vivado-library-master/ip/Pmods/PmodRTCC_v1_0' will take precedence over the same IP in location z:/DAT096/vivado-library-b0946605e3617c901635278b62d0f6a8e3942844/ip/Pmods/PmodRTCC_v1_0
WARNING: [IP_Flow 19-1663] Duplicate IP found for 'digilentinc.com:IP:PmodSD:1.0'. The one found in IP location 'z:/DAT096/vivado-library-master/ip/Pmods/PmodSD_v1_0' will take precedence over the same IP in location z:/DAT096/vivado-library-b0946605e3617c901635278b62d0f6a8e3942844/ip/Pmods/PmodSD_v1_0
WARNING: [IP_Flow 19-1663] Duplicate IP found for 'digilentinc.com:IP:PmodSF3:1.0'. The one found in IP location 'z:/DAT096/vivado-library-master/ip/Pmods/PmodSF3_v1_0' will take precedence over the same IP in location z:/DAT096/vivado-library-b0946605e3617c901635278b62d0f6a8e3942844/ip/Pmods/PmodSF3_v1_0
WARNING: [IP_Flow 19-1663] Duplicate IP found for 'digilentinc.com:IP:PmodTC1:1.0'. The one found in IP location 'z:/DAT096/vivado-library-master/ip/Pmods/PmodTC1_v1_0' will take precedence over the same IP in location z:/DAT096/vivado-library-b0946605e3617c901635278b62d0f6a8e3942844/ip/Pmods/PmodTC1_v1_0
WARNING: [IP_Flow 19-1663] Duplicate IP found for 'digilentinc.com:IP:PmodTMP3:1.0'. The one found in IP location 'z:/DAT096/vivado-library-master/ip/Pmods/PmodTMP3_v1_0' will take precedence over the same IP in location z:/DAT096/vivado-library-b0946605e3617c901635278b62d0f6a8e3942844/ip/Pmods/PmodTMP3_v1_0
WARNING: [IP_Flow 19-1663] Duplicate IP found for 'digilentinc.com:IP:PmodWIFI:1.0'. The one found in IP location 'z:/DAT096/vivado-library-master/ip/Pmods/PmodWIFI_v1_0' will take precedence over the same IP in location z:/DAT096/vivado-library-b0946605e3617c901635278b62d0f6a8e3942844/ip/Pmods/PmodWIFI_v1_0
WARNING: [IP_Flow 19-1663] Duplicate IP found for 'digilentinc.com:ip:pmod_bridge:1.0'. The one found in IP location 'z:/DAT096/vivado-library-master/ip/Pmods/Pmod_Bridge_v1_0' will take precedence over the same IP in location z:/DAT096/vivado-library-b0946605e3617c901635278b62d0f6a8e3942844/ip/Pmods/Pmod_Bridge_v1_0
WARNING: [IP_Flow 19-1663] Duplicate IP found for 'digilentinc.com:ip:pmod_bridge:1.1'. The one found in IP location 'z:/DAT096/vivado-library-master/ip/Pmods/Pmod_Bridge_v1_1' will take precedence over the same IP in location z:/DAT096/vivado-library-b0946605e3617c901635278b62d0f6a8e3942844/ip/Pmods/Pmod_Bridge_v1_1
WARNING: [IP_Flow 19-1663] Duplicate IP found for 'digilentinc.com:IP:PWM:1.0'. The one found in IP location 'z:/DAT096/vivado-library-master/ip/PWM_1.0' will take precedence over the same IP in location z:/DAT096/vivado-library-b0946605e3617c901635278b62d0f6a8e3942844/ip/PWM_1.0
WARNING: [IP_Flow 19-1663] Duplicate IP found for 'digilentinc.com:IP:PWM:2.0'. The one found in IP location 'z:/DAT096/vivado-library-master/ip/PWM_2.0' will take precedence over the same IP in location z:/DAT096/vivado-library-b0946605e3617c901635278b62d0f6a8e3942844/ip/PWM_2.0
WARNING: [IP_Flow 19-1663] Duplicate IP found for 'digilentinc.com:IP:PWM_Analyzer:1.0'. The one found in IP location 'z:/DAT096/vivado-library-master/ip/PWM_Analyzer_1.0' will take precedence over the same IP in location z:/DAT096/vivado-library-b0946605e3617c901635278b62d0f6a8e3942844/ip/PWM_Analyzer_1.0
WARNING: [IP_Flow 19-1663] Duplicate IP found for 'digilentinc.com:ip:rgb2dvi:1.4'. The one found in IP location 'z:/DAT096/vivado-library-master/ip/rgb2dvi' will take precedence over the same IP in location z:/DAT096/vivado-library-b0946605e3617c901635278b62d0f6a8e3942844/ip/rgb2dvi
WARNING: [IP_Flow 19-4830] Duplicate Interface found for 'digilentinc.com:interface:pmod:1.0'. The one found in location 'z:/DAT096/vivado-library-b0946605e3617c901635278b62d0f6a8e3942844/if/pmod_v1_0/pmod.xml' will take precedence over the same Interface in location 'z:/DAT096/vivado-library-master/if/pmod_v1_0/pmod.xml'
WARNING: [IP_Flow 19-4830] Duplicate Interface found for 'digilentinc.com:interface:tmds:1.0'. The one found in location 'z:/DAT096/vivado-library-b0946605e3617c901635278b62d0f6a8e3942844/if/tmds_v1_0/tmds.xml' will take precedence over the same Interface in location 'z:/DAT096/vivado-library-master/if/tmds_v1_0/tmds.xml'
INFO: [IP_Flow 19-795] Syncing license key meta-data
ipx::edit_ip_in_project: Time (s): cpu = 00:00:04 ; elapsed = 00:00:13 . Memory (MB): peak = 2587.293 ; gain = 0.000
update_compile_order -fileset sources_1
close_project
set_property OUTPUT_VALUE 0 [get_hw_probes design_2_i/vio_1_probe_out0 -of_objects [get_hw_vios -of_objects [get_hw_devices xc7z020_1_1] -filter {CELL_NAME=~"design_2_i/vio_1"}]]
commit_hw_vio [get_hw_probes {design_2_i/vio_1_probe_out0} -of_objects [get_hw_vios -of_objects [get_hw_devices xc7z020_1_1] -filter {CELL_NAME=~"design_2_i/vio_1"}]]
set_property OUTPUT_VALUE 2 [get_hw_probes design_2_i/vio_1_probe_out0 -of_objects [get_hw_vios -of_objects [get_hw_devices xc7z020_1_1] -filter {CELL_NAME=~"design_2_i/vio_1"}]]
commit_hw_vio [get_hw_probes {design_2_i/vio_1_probe_out0} -of_objects [get_hw_vios -of_objects [get_hw_devices xc7z020_1_1] -filter {CELL_NAME=~"design_2_i/vio_1"}]]
set_property OUTPUT_VALUE 3 [get_hw_probes design_2_i/vio_1_probe_out0 -of_objects [get_hw_vios -of_objects [get_hw_devices xc7z020_1_1] -filter {CELL_NAME=~"design_2_i/vio_1"}]]
commit_hw_vio [get_hw_probes {design_2_i/vio_1_probe_out0} -of_objects [get_hw_vios -of_objects [get_hw_devices xc7z020_1_1] -filter {CELL_NAME=~"design_2_i/vio_1"}]]
open_bd_design {Z:/DAT096/DAT096-krish/Embedded-System-Project-DAT096-krishna/Board_2/Board_2/Board_2.srcs/sources_1/bd/design_2/design_2.bd}
report_ip_status -name ip_status 
update_module_reference [get_ips  design_2_vcsel_conv_0_0]
INFO: [IP_Flow 19-5107] Inferred bus interface 'clk' of definition 'xilinx.com:signal:clock:1.0' (from Xilinx Repository).
WARNING: [IP_Flow 19-5661] Bus Interface 'clk' does not have any bus interfaces associated with it.
WARNING: [IP_Flow 19-11770] Clock interface 'clk' has no FREQ_HZ parameter.
WARNING: [IP_Flow 19-1663] Duplicate IP found for 'digilentinc.com:user:axi_i2s_adi:1.2'. The one found in IP location 'z:/DAT096/vivado-library-b0946605e3617c901635278b62d0f6a8e3942844/ip/axi_i2s_adi_1.2' will take precedence over the same IP in location z:/DAT096/vivado-library-master/ip/axi_i2s_adi_1.2
WARNING: [IP_Flow 19-1663] Duplicate IP found for 'digilentinc.com:IP:axi_ps2:1.0'. The one found in IP location 'z:/DAT096/vivado-library-b0946605e3617c901635278b62d0f6a8e3942844/ip/axi_ps2_1.0' will take precedence over the same IP in location z:/DAT096/vivado-library-master/ip/axi_ps2_1.0
WARNING: [IP_Flow 19-1663] Duplicate IP found for 'digilentinc.com:ip:clock_forwarder:1.1'. The one found in IP location 'z:/DAT096/vivado-library-b0946605e3617c901635278b62d0f6a8e3942844/ip/clock_forwarder' will take precedence over the same IP in location z:/DAT096/vivado-library-master/ip/clock_forwarder
WARNING: [IP_Flow 19-1663] Duplicate IP found for 'digilentinc.com:IP:hls_contrast_stretch:1.0'. The one found in IP location 'z:/DAT096/vivado-library-b0946605e3617c901635278b62d0f6a8e3942844/ip/hls_contrast_stretch_1_0' will take precedence over the same IP in location z:/DAT096/vivado-library-master/ip/hls_contrast_stretch_1_0
WARNING: [IP_Flow 19-1663] Duplicate IP found for 'digilentinc.com:IP:hls_gamma_correction:1.0'. The one found in IP location 'z:/DAT096/vivado-library-b0946605e3617c901635278b62d0f6a8e3942844/ip/hls_gamma_correction_1_0' will take precedence over the same IP in location z:/DAT096/vivado-library-master/ip/hls_gamma_correction_1_0
WARNING: [IP_Flow 19-1663] Duplicate IP found for 'digilentinc.com:IP:hls_saturation_enhance:1.0'. The one found in IP location 'z:/DAT096/vivado-library-b0946605e3617c901635278b62d0f6a8e3942844/ip/hls_saturation_enhance_1_0' will take precedence over the same IP in location z:/DAT096/vivado-library-master/ip/hls_saturation_enhance_1_0
WARNING: [IP_Flow 19-1663] Duplicate IP found for 'digilentinc.com:ip:rgb2dpvid:1.0'. The one found in IP location 'z:/DAT096/vivado-library-b0946605e3617c901635278b62d0f6a8e3942844/ip/rgb2dpvid_v1_0' will take precedence over the same IP in location z:/DAT096/vivado-library-master/ip/rgb2dpvid_v1_0
WARNING: [IP_Flow 19-1663] Duplicate IP found for 'digilentinc.com:ip:rgb2vga:1.0'. The one found in IP location 'z:/DAT096/vivado-library-b0946605e3617c901635278b62d0f6a8e3942844/ip/rgb2vga_v1_0' will take precedence over the same IP in location z:/DAT096/vivado-library-master/ip/rgb2vga_v1_0
WARNING: [IP_Flow 19-1663] Duplicate IP found for 'digilentinc.com:ip:Sync:1.0'. The one found in IP location 'z:/DAT096/vivado-library-b0946605e3617c901635278b62d0f6a8e3942844/ip/Sync_v1_0' will take precedence over the same IP in location z:/DAT096/vivado-library-master/ip/Sync_v1_0
WARNING: [IP_Flow 19-1663] Duplicate IP found for 'digilentinc.com:ip:usb2device:1.0'. The one found in IP location 'z:/DAT096/vivado-library-b0946605e3617c901635278b62d0f6a8e3942844/ip/usb2device_v1_0' will take precedence over the same IP in location z:/DAT096/vivado-library-master/ip/usb2device_v1_0
WARNING: [IP_Flow 19-1663] Duplicate IP found for 'digilentinc.com:video:video_scaler:1.0'. The one found in IP location 'z:/DAT096/vivado-library-b0946605e3617c901635278b62d0f6a8e3942844/ip/video_scaler' will take precedence over the same IP in location z:/DAT096/vivado-library-master/ip/video_scaler
WARNING: [IP_Flow 19-1663] Duplicate IP found for 'digilentinc.com:ip:dvi2rgb:2.0'. The one found in IP location 'z:/DAT096/vivado-library-master/ip/dvi2rgb' will take precedence over the same IP in location z:/DAT096/vivado-library-b0946605e3617c901635278b62d0f6a8e3942844/ip/dvi2rgb
WARNING: [IP_Flow 19-1663] Duplicate IP found for 'digilentinc.com:IP:MotorFeedback:1.0'. The one found in IP location 'z:/DAT096/vivado-library-master/ip/MotorFeedback_1.0' will take precedence over the same IP in location z:/DAT096/vivado-library-b0946605e3617c901635278b62d0f6a8e3942844/ip/MotorFeedback_1.0
WARNING: [IP_Flow 19-1663] Duplicate IP found for 'digilentinc.com:IP:PmodACL2:1.0'. The one found in IP location 'z:/DAT096/vivado-library-master/ip/Pmods/PmodACL2_v1_0' will take precedence over the same IP in location z:/DAT096/vivado-library-b0946605e3617c901635278b62d0f6a8e3942844/ip/Pmods/PmodACL2_v1_0
WARNING: [IP_Flow 19-1663] Duplicate IP found for 'digilentinc.com:IP:PmodACL:1.0'. The one found in IP location 'z:/DAT096/vivado-library-master/ip/Pmods/PmodACL_v1_0' will take precedence over the same IP in location z:/DAT096/vivado-library-b0946605e3617c901635278b62d0f6a8e3942844/ip/Pmods/PmodACL_v1_0
WARNING: [IP_Flow 19-1663] Duplicate IP found for 'digilentinc.com:IP:PmodAD1:1.0'. The one found in IP location 'z:/DAT096/vivado-library-master/ip/Pmods/PmodAD1_v1_0' will take precedence over the same IP in location z:/DAT096/vivado-library-b0946605e3617c901635278b62d0f6a8e3942844/ip/Pmods/PmodAD1_v1_0
WARNING: [IP_Flow 19-1663] Duplicate IP found for 'digilentinc.com:IP:PmodAD2:1.0'. The one found in IP location 'z:/DAT096/vivado-library-master/ip/Pmods/PmodAD2_v1_0' will take precedence over the same IP in location z:/DAT096/vivado-library-b0946605e3617c901635278b62d0f6a8e3942844/ip/Pmods/PmodAD2_v1_0
WARNING: [IP_Flow 19-1663] Duplicate IP found for 'digilentinc.com:IP:PmodAD5:1.0'. The one found in IP location 'z:/DAT096/vivado-library-master/ip/Pmods/PmodAD5_v1_0' will take precedence over the same IP in location z:/DAT096/vivado-library-b0946605e3617c901635278b62d0f6a8e3942844/ip/Pmods/PmodAD5_v1_0
WARNING: [IP_Flow 19-1663] Duplicate IP found for 'digilentinc.com:IP:PmodALS:1.0'. The one found in IP location 'z:/DAT096/vivado-library-master/ip/Pmods/PmodALS_v1_0' will take precedence over the same IP in location z:/DAT096/vivado-library-b0946605e3617c901635278b62d0f6a8e3942844/ip/Pmods/PmodALS_v1_0
WARNING: [IP_Flow 19-1663] Duplicate IP found for 'digilentinc.com:IP:PmodAMP2:1.0'. The one found in IP location 'z:/DAT096/vivado-library-master/ip/Pmods/PmodAMP2_v1_0' will take precedence over the same IP in location z:/DAT096/vivado-library-b0946605e3617c901635278b62d0f6a8e3942844/ip/Pmods/PmodAMP2_v1_0
WARNING: [IP_Flow 19-1663] Duplicate IP found for 'digilentinc.com:IP:PmodAQS:1.0'. The one found in IP location 'z:/DAT096/vivado-library-master/ip/Pmods/PmodAQS_v1_0' will take precedence over the same IP in location z:/DAT096/vivado-library-b0946605e3617c901635278b62d0f6a8e3942844/ip/Pmods/PmodAQS_v1_0
WARNING: [IP_Flow 19-1663] Duplicate IP found for 'digilentinc.com:IP:PmodBLE:1.0'. The one found in IP location 'z:/DAT096/vivado-library-master/ip/Pmods/PmodBLE_v1_0' will take precedence over the same IP in location z:/DAT096/vivado-library-b0946605e3617c901635278b62d0f6a8e3942844/ip/Pmods/PmodBLE_v1_0
WARNING: [IP_Flow 19-1663] Duplicate IP found for 'digilentinc.com:IP:PmodBT2:1.0'. The one found in IP location 'z:/DAT096/vivado-library-master/ip/Pmods/PmodBT2_v1_0' will take precedence over the same IP in location z:/DAT096/vivado-library-b0946605e3617c901635278b62d0f6a8e3942844/ip/Pmods/PmodBT2_v1_0
WARNING: [IP_Flow 19-1663] Duplicate IP found for 'digilentinc.com:IP:PmodCAN:1.0'. The one found in IP location 'z:/DAT096/vivado-library-master/ip/Pmods/PmodCAN_v1_0' will take precedence over the same IP in location z:/DAT096/vivado-library-b0946605e3617c901635278b62d0f6a8e3942844/ip/Pmods/PmodCAN_v1_0
WARNING: [IP_Flow 19-1663] Duplicate IP found for 'digilentinc.com:IP:PmodCLS:1.0'. The one found in IP location 'z:/DAT096/vivado-library-master/ip/Pmods/PmodCLS_v1_0' will take precedence over the same IP in location z:/DAT096/vivado-library-b0946605e3617c901635278b62d0f6a8e3942844/ip/Pmods/PmodCLS_v1_0
WARNING: [IP_Flow 19-1663] Duplicate IP found for 'digilentinc.com:IP:PmodCMPS2:1.0'. The one found in IP location 'z:/DAT096/vivado-library-master/ip/Pmods/PmodCMPS2_v1_0' will take precedence over the same IP in location z:/DAT096/vivado-library-b0946605e3617c901635278b62d0f6a8e3942844/ip/Pmods/PmodCMPS2_v1_0
WARNING: [IP_Flow 19-1663] Duplicate IP found for 'digilentinc.com:IP:PmodCOLOR:1.0'. The one found in IP location 'z:/DAT096/vivado-library-master/ip/Pmods/PmodCOLOR_v1_0' will take precedence over the same IP in location z:/DAT096/vivado-library-b0946605e3617c901635278b62d0f6a8e3942844/ip/Pmods/PmodCOLOR_v1_0
WARNING: [IP_Flow 19-1663] Duplicate IP found for 'digilentinc.com:IP:PmodDA1:1.0'. The one found in IP location 'z:/DAT096/vivado-library-master/ip/Pmods/PmodDA1_v1_0' will take precedence over the same IP in location z:/DAT096/vivado-library-b0946605e3617c901635278b62d0f6a8e3942844/ip/Pmods/PmodDA1_v1_0
WARNING: [IP_Flow 19-1663] Duplicate IP found for 'digilentinc.com:IP:PmodDHB1:1.0'. The one found in IP location 'z:/DAT096/vivado-library-master/ip/Pmods/PmodDHB1_v1_0' will take precedence over the same IP in location z:/DAT096/vivado-library-b0946605e3617c901635278b62d0f6a8e3942844/ip/Pmods/PmodDHB1_v1_0
WARNING: [IP_Flow 19-1663] Duplicate IP found for 'digilentinc.com:IP:PmodDPG1:1.0'. The one found in IP location 'z:/DAT096/vivado-library-master/ip/Pmods/PmodDPG1_v1_0' will take precedence over the same IP in location z:/DAT096/vivado-library-b0946605e3617c901635278b62d0f6a8e3942844/ip/Pmods/PmodDPG1_v1_0
WARNING: [IP_Flow 19-1663] Duplicate IP found for 'digilentinc.com:IP:PmodENC:1.0'. The one found in IP location 'z:/DAT096/vivado-library-master/ip/Pmods/PmodENC_v1_0' will take precedence over the same IP in location z:/DAT096/vivado-library-b0946605e3617c901635278b62d0f6a8e3942844/ip/Pmods/PmodENC_v1_0
WARNING: [IP_Flow 19-1663] Duplicate IP found for 'digilentinc.com:user:PmodESP32:1.0'. The one found in IP location 'z:/DAT096/vivado-library-master/ip/Pmods/PmodESP32_v1_0' will take precedence over the same IP in location z:/DAT096/vivado-library-b0946605e3617c901635278b62d0f6a8e3942844/ip/Pmods/PmodESP32_v1_0
WARNING: [IP_Flow 19-1663] Duplicate IP found for 'digilentinc.com:IP:PmodGPIO:1.0'. The one found in IP location 'z:/DAT096/vivado-library-master/ip/Pmods/PmodGPIO_v1_0' will take precedence over the same IP in location z:/DAT096/vivado-library-b0946605e3617c901635278b62d0f6a8e3942844/ip/Pmods/PmodGPIO_v1_0
WARNING: [IP_Flow 19-1663] Duplicate IP found for 'digilentinc.com:IP:PmodGPS:1.1'. The one found in IP location 'z:/DAT096/vivado-library-master/ip/Pmods/PmodGPS_v1_1' will take precedence over the same IP in location z:/DAT096/vivado-library-b0946605e3617c901635278b62d0f6a8e3942844/ip/Pmods/PmodGPS_v1_1
WARNING: [IP_Flow 19-1663] Duplicate IP found for 'digilentinc.com:IP:PmodGYRO:1.0'. The one found in IP location 'z:/DAT096/vivado-library-master/ip/Pmods/PmodGYRO_v1_0' will take precedence over the same IP in location z:/DAT096/vivado-library-b0946605e3617c901635278b62d0f6a8e3942844/ip/Pmods/PmodGYRO_v1_0
WARNING: [IP_Flow 19-1663] Duplicate IP found for 'digilentinc.com:IP:PmodHYGRO:1.0'. The one found in IP location 'z:/DAT096/vivado-library-master/ip/Pmods/PmodHYGRO_v1_0' will take precedence over the same IP in location z:/DAT096/vivado-library-b0946605e3617c901635278b62d0f6a8e3942844/ip/Pmods/PmodHYGRO_v1_0
WARNING: [IP_Flow 19-1663] Duplicate IP found for 'digilentinc.com:IP:PmodJSTK2:1.0'. The one found in IP location 'z:/DAT096/vivado-library-master/ip/Pmods/PmodJSTK2_v1_0' will take precedence over the same IP in location z:/DAT096/vivado-library-b0946605e3617c901635278b62d0f6a8e3942844/ip/Pmods/PmodJSTK2_v1_0
WARNING: [IP_Flow 19-1663] Duplicate IP found for 'digilentinc.com:IP:PmodJSTK:1.0'. The one found in IP location 'z:/DAT096/vivado-library-master/ip/Pmods/PmodJSTK_v1_0' will take precedence over the same IP in location z:/DAT096/vivado-library-b0946605e3617c901635278b62d0f6a8e3942844/ip/Pmods/PmodJSTK_v1_0
WARNING: [IP_Flow 19-1663] Duplicate IP found for 'digilentinc.com:IP:PmodKYPD:1.0'. The one found in IP location 'z:/DAT096/vivado-library-master/ip/Pmods/PmodKYPD_v1_0' will take precedence over the same IP in location z:/DAT096/vivado-library-b0946605e3617c901635278b62d0f6a8e3942844/ip/Pmods/PmodKYPD_v1_0
WARNING: [IP_Flow 19-1663] Duplicate IP found for 'digilentinc.com:IP:PmodMAXSONAR:1.0'. The one found in IP location 'z:/DAT096/vivado-library-master/ip/Pmods/PmodMAXSONAR_v1_0' will take precedence over the same IP in location z:/DAT096/vivado-library-b0946605e3617c901635278b62d0f6a8e3942844/ip/Pmods/PmodMAXSONAR_v1_0
WARNING: [IP_Flow 19-1663] Duplicate IP found for 'digilentinc.com:IP:PmodMTDS:1.0'. The one found in IP location 'z:/DAT096/vivado-library-master/ip/Pmods/PmodMTDS_v1_0' will take precedence over the same IP in location z:/DAT096/vivado-library-b0946605e3617c901635278b62d0f6a8e3942844/ip/Pmods/PmodMTDS_v1_0
WARNING: [IP_Flow 19-1663] Duplicate IP found for 'digilentinc.com:IP:PmodNAV:1.0'. The one found in IP location 'z:/DAT096/vivado-library-master/ip/Pmods/PmodNAV_v1_0' will take precedence over the same IP in location z:/DAT096/vivado-library-b0946605e3617c901635278b62d0f6a8e3942844/ip/Pmods/PmodNAV_v1_0
WARNING: [IP_Flow 19-1663] Duplicate IP found for 'digilentinc.com:IP:PmodOLEDrgb:1.0'. The one found in IP location 'z:/DAT096/vivado-library-master/ip/Pmods/pmodOLEDrgb_v1_0' will take precedence over the same IP in location z:/DAT096/vivado-library-b0946605e3617c901635278b62d0f6a8e3942844/ip/Pmods/pmodOLEDrgb_v1_0
WARNING: [IP_Flow 19-1663] Duplicate IP found for 'digilentinc.com:IP:PmodOLED:1.0'. The one found in IP location 'z:/DAT096/vivado-library-master/ip/Pmods/PmodOLED_v1_0' will take precedence over the same IP in location z:/DAT096/vivado-library-b0946605e3617c901635278b62d0f6a8e3942844/ip/Pmods/PmodOLED_v1_0
WARNING: [IP_Flow 19-1663] Duplicate IP found for 'digilentinc.com:IP:PmodPIR:1.0'. The one found in IP location 'z:/DAT096/vivado-library-master/ip/Pmods/PmodPIR_v1_0' will take precedence over the same IP in location z:/DAT096/vivado-library-b0946605e3617c901635278b62d0f6a8e3942844/ip/Pmods/PmodPIR_v1_0
WARNING: [IP_Flow 19-1663] Duplicate IP found for 'digilentinc.com:IP:PmodR2R:1.0'. The one found in IP location 'z:/DAT096/vivado-library-master/ip/Pmods/PmodR2R_v1_0' will take precedence over the same IP in location z:/DAT096/vivado-library-b0946605e3617c901635278b62d0f6a8e3942844/ip/Pmods/PmodR2R_v1_0
WARNING: [IP_Flow 19-1663] Duplicate IP found for 'digilentinc.com:IP:PmodRTCC:1.0'. The one found in IP location 'z:/DAT096/vivado-library-master/ip/Pmods/PmodRTCC_v1_0' will take precedence over the same IP in location z:/DAT096/vivado-library-b0946605e3617c901635278b62d0f6a8e3942844/ip/Pmods/PmodRTCC_v1_0
WARNING: [IP_Flow 19-1663] Duplicate IP found for 'digilentinc.com:IP:PmodSD:1.0'. The one found in IP location 'z:/DAT096/vivado-library-master/ip/Pmods/PmodSD_v1_0' will take precedence over the same IP in location z:/DAT096/vivado-library-b0946605e3617c901635278b62d0f6a8e3942844/ip/Pmods/PmodSD_v1_0
WARNING: [IP_Flow 19-1663] Duplicate IP found for 'digilentinc.com:IP:PmodSF3:1.0'. The one found in IP location 'z:/DAT096/vivado-library-master/ip/Pmods/PmodSF3_v1_0' will take precedence over the same IP in location z:/DAT096/vivado-library-b0946605e3617c901635278b62d0f6a8e3942844/ip/Pmods/PmodSF3_v1_0
WARNING: [IP_Flow 19-1663] Duplicate IP found for 'digilentinc.com:IP:PmodTC1:1.0'. The one found in IP location 'z:/DAT096/vivado-library-master/ip/Pmods/PmodTC1_v1_0' will take precedence over the same IP in location z:/DAT096/vivado-library-b0946605e3617c901635278b62d0f6a8e3942844/ip/Pmods/PmodTC1_v1_0
WARNING: [IP_Flow 19-1663] Duplicate IP found for 'digilentinc.com:IP:PmodTMP3:1.0'. The one found in IP location 'z:/DAT096/vivado-library-master/ip/Pmods/PmodTMP3_v1_0' will take precedence over the same IP in location z:/DAT096/vivado-library-b0946605e3617c901635278b62d0f6a8e3942844/ip/Pmods/PmodTMP3_v1_0
WARNING: [IP_Flow 19-1663] Duplicate IP found for 'digilentinc.com:IP:PmodWIFI:1.0'. The one found in IP location 'z:/DAT096/vivado-library-master/ip/Pmods/PmodWIFI_v1_0' will take precedence over the same IP in location z:/DAT096/vivado-library-b0946605e3617c901635278b62d0f6a8e3942844/ip/Pmods/PmodWIFI_v1_0
WARNING: [IP_Flow 19-1663] Duplicate IP found for 'digilentinc.com:ip:pmod_bridge:1.0'. The one found in IP location 'z:/DAT096/vivado-library-master/ip/Pmods/Pmod_Bridge_v1_0' will take precedence over the same IP in location z:/DAT096/vivado-library-b0946605e3617c901635278b62d0f6a8e3942844/ip/Pmods/Pmod_Bridge_v1_0
WARNING: [IP_Flow 19-1663] Duplicate IP found for 'digilentinc.com:ip:pmod_bridge:1.1'. The one found in IP location 'z:/DAT096/vivado-library-master/ip/Pmods/Pmod_Bridge_v1_1' will take precedence over the same IP in location z:/DAT096/vivado-library-b0946605e3617c901635278b62d0f6a8e3942844/ip/Pmods/Pmod_Bridge_v1_1
WARNING: [IP_Flow 19-1663] Duplicate IP found for 'digilentinc.com:IP:PWM:1.0'. The one found in IP location 'z:/DAT096/vivado-library-master/ip/PWM_1.0' will take precedence over the same IP in location z:/DAT096/vivado-library-b0946605e3617c901635278b62d0f6a8e3942844/ip/PWM_1.0
WARNING: [IP_Flow 19-1663] Duplicate IP found for 'digilentinc.com:IP:PWM:2.0'. The one found in IP location 'z:/DAT096/vivado-library-master/ip/PWM_2.0' will take precedence over the same IP in location z:/DAT096/vivado-library-b0946605e3617c901635278b62d0f6a8e3942844/ip/PWM_2.0
WARNING: [IP_Flow 19-1663] Duplicate IP found for 'digilentinc.com:IP:PWM_Analyzer:1.0'. The one found in IP location 'z:/DAT096/vivado-library-master/ip/PWM_Analyzer_1.0' will take precedence over the same IP in location z:/DAT096/vivado-library-b0946605e3617c901635278b62d0f6a8e3942844/ip/PWM_Analyzer_1.0
WARNING: [IP_Flow 19-1663] Duplicate IP found for 'digilentinc.com:ip:rgb2dvi:1.4'. The one found in IP location 'z:/DAT096/vivado-library-master/ip/rgb2dvi' will take precedence over the same IP in location z:/DAT096/vivado-library-b0946605e3617c901635278b62d0f6a8e3942844/ip/rgb2dvi
WARNING: [IP_Flow 19-4830] Duplicate Interface found for 'digilentinc.com:interface:pmod:1.0'. The one found in location 'z:/DAT096/vivado-library-b0946605e3617c901635278b62d0f6a8e3942844/if/pmod_v1_0/pmod.xml' will take precedence over the same Interface in location 'z:/DAT096/vivado-library-master/if/pmod_v1_0/pmod.xml'
WARNING: [IP_Flow 19-4830] Duplicate Interface found for 'digilentinc.com:interface:tmds:1.0'. The one found in location 'z:/DAT096/vivado-library-b0946605e3617c901635278b62d0f6a8e3942844/if/tmds_v1_0/tmds.xml' will take precedence over the same Interface in location 'z:/DAT096/vivado-library-master/if/tmds_v1_0/tmds.xml'
INFO: [IP_Flow 19-5107] Inferred bus interface 'clk' of definition 'xilinx.com:signal:clock:1.0' (from Xilinx Repository).
WARNING: [IP_Flow 19-5661] Bus Interface 'clk' does not have any bus interfaces associated with it.
WARNING: [IP_Flow 19-11770] Clock interface 'clk' has no FREQ_HZ parameter.
WARNING: [IP_Flow 19-1663] Duplicate IP found for 'digilentinc.com:user:axi_i2s_adi:1.2'. The one found in IP location 'z:/DAT096/vivado-library-b0946605e3617c901635278b62d0f6a8e3942844/ip/axi_i2s_adi_1.2' will take precedence over the same IP in location z:/DAT096/vivado-library-master/ip/axi_i2s_adi_1.2
WARNING: [IP_Flow 19-1663] Duplicate IP found for 'digilentinc.com:IP:axi_ps2:1.0'. The one found in IP location 'z:/DAT096/vivado-library-b0946605e3617c901635278b62d0f6a8e3942844/ip/axi_ps2_1.0' will take precedence over the same IP in location z:/DAT096/vivado-library-master/ip/axi_ps2_1.0
WARNING: [IP_Flow 19-1663] Duplicate IP found for 'digilentinc.com:ip:clock_forwarder:1.1'. The one found in IP location 'z:/DAT096/vivado-library-b0946605e3617c901635278b62d0f6a8e3942844/ip/clock_forwarder' will take precedence over the same IP in location z:/DAT096/vivado-library-master/ip/clock_forwarder
WARNING: [IP_Flow 19-1663] Duplicate IP found for 'digilentinc.com:IP:hls_contrast_stretch:1.0'. The one found in IP location 'z:/DAT096/vivado-library-b0946605e3617c901635278b62d0f6a8e3942844/ip/hls_contrast_stretch_1_0' will take precedence over the same IP in location z:/DAT096/vivado-library-master/ip/hls_contrast_stretch_1_0
WARNING: [IP_Flow 19-1663] Duplicate IP found for 'digilentinc.com:IP:hls_gamma_correction:1.0'. The one found in IP location 'z:/DAT096/vivado-library-b0946605e3617c901635278b62d0f6a8e3942844/ip/hls_gamma_correction_1_0' will take precedence over the same IP in location z:/DAT096/vivado-library-master/ip/hls_gamma_correction_1_0
WARNING: [IP_Flow 19-1663] Duplicate IP found for 'digilentinc.com:IP:hls_saturation_enhance:1.0'. The one found in IP location 'z:/DAT096/vivado-library-b0946605e3617c901635278b62d0f6a8e3942844/ip/hls_saturation_enhance_1_0' will take precedence over the same IP in location z:/DAT096/vivado-library-master/ip/hls_saturation_enhance_1_0
WARNING: [IP_Flow 19-1663] Duplicate IP found for 'digilentinc.com:ip:rgb2dpvid:1.0'. The one found in IP location 'z:/DAT096/vivado-library-b0946605e3617c901635278b62d0f6a8e3942844/ip/rgb2dpvid_v1_0' will take precedence over the same IP in location z:/DAT096/vivado-library-master/ip/rgb2dpvid_v1_0
WARNING: [IP_Flow 19-1663] Duplicate IP found for 'digilentinc.com:ip:rgb2vga:1.0'. The one found in IP location 'z:/DAT096/vivado-library-b0946605e3617c901635278b62d0f6a8e3942844/ip/rgb2vga_v1_0' will take precedence over the same IP in location z:/DAT096/vivado-library-master/ip/rgb2vga_v1_0
WARNING: [IP_Flow 19-1663] Duplicate IP found for 'digilentinc.com:ip:Sync:1.0'. The one found in IP location 'z:/DAT096/vivado-library-b0946605e3617c901635278b62d0f6a8e3942844/ip/Sync_v1_0' will take precedence over the same IP in location z:/DAT096/vivado-library-master/ip/Sync_v1_0
WARNING: [IP_Flow 19-1663] Duplicate IP found for 'digilentinc.com:ip:usb2device:1.0'. The one found in IP location 'z:/DAT096/vivado-library-b0946605e3617c901635278b62d0f6a8e3942844/ip/usb2device_v1_0' will take precedence over the same IP in location z:/DAT096/vivado-library-master/ip/usb2device_v1_0
WARNING: [IP_Flow 19-1663] Duplicate IP found for 'digilentinc.com:video:video_scaler:1.0'. The one found in IP location 'z:/DAT096/vivado-library-b0946605e3617c901635278b62d0f6a8e3942844/ip/video_scaler' will take precedence over the same IP in location z:/DAT096/vivado-library-master/ip/video_scaler
WARNING: [IP_Flow 19-1663] Duplicate IP found for 'digilentinc.com:ip:dvi2rgb:2.0'. The one found in IP location 'z:/DAT096/vivado-library-master/ip/dvi2rgb' will take precedence over the same IP in location z:/DAT096/vivado-library-b0946605e3617c901635278b62d0f6a8e3942844/ip/dvi2rgb
WARNING: [IP_Flow 19-1663] Duplicate IP found for 'digilentinc.com:IP:MotorFeedback:1.0'. The one found in IP location 'z:/DAT096/vivado-library-master/ip/MotorFeedback_1.0' will take precedence over the same IP in location z:/DAT096/vivado-library-b0946605e3617c901635278b62d0f6a8e3942844/ip/MotorFeedback_1.0
WARNING: [IP_Flow 19-1663] Duplicate IP found for 'digilentinc.com:IP:PmodACL2:1.0'. The one found in IP location 'z:/DAT096/vivado-library-master/ip/Pmods/PmodACL2_v1_0' will take precedence over the same IP in location z:/DAT096/vivado-library-b0946605e3617c901635278b62d0f6a8e3942844/ip/Pmods/PmodACL2_v1_0
WARNING: [IP_Flow 19-1663] Duplicate IP found for 'digilentinc.com:IP:PmodACL:1.0'. The one found in IP location 'z:/DAT096/vivado-library-master/ip/Pmods/PmodACL_v1_0' will take precedence over the same IP in location z:/DAT096/vivado-library-b0946605e3617c901635278b62d0f6a8e3942844/ip/Pmods/PmodACL_v1_0
WARNING: [IP_Flow 19-1663] Duplicate IP found for 'digilentinc.com:IP:PmodAD1:1.0'. The one found in IP location 'z:/DAT096/vivado-library-master/ip/Pmods/PmodAD1_v1_0' will take precedence over the same IP in location z:/DAT096/vivado-library-b0946605e3617c901635278b62d0f6a8e3942844/ip/Pmods/PmodAD1_v1_0
WARNING: [IP_Flow 19-1663] Duplicate IP found for 'digilentinc.com:IP:PmodAD2:1.0'. The one found in IP location 'z:/DAT096/vivado-library-master/ip/Pmods/PmodAD2_v1_0' will take precedence over the same IP in location z:/DAT096/vivado-library-b0946605e3617c901635278b62d0f6a8e3942844/ip/Pmods/PmodAD2_v1_0
WARNING: [IP_Flow 19-1663] Duplicate IP found for 'digilentinc.com:IP:PmodAD5:1.0'. The one found in IP location 'z:/DAT096/vivado-library-master/ip/Pmods/PmodAD5_v1_0' will take precedence over the same IP in location z:/DAT096/vivado-library-b0946605e3617c901635278b62d0f6a8e3942844/ip/Pmods/PmodAD5_v1_0
WARNING: [IP_Flow 19-1663] Duplicate IP found for 'digilentinc.com:IP:PmodALS:1.0'. The one found in IP location 'z:/DAT096/vivado-library-master/ip/Pmods/PmodALS_v1_0' will take precedence over the same IP in location z:/DAT096/vivado-library-b0946605e3617c901635278b62d0f6a8e3942844/ip/Pmods/PmodALS_v1_0
WARNING: [IP_Flow 19-1663] Duplicate IP found for 'digilentinc.com:IP:PmodAMP2:1.0'. The one found in IP location 'z:/DAT096/vivado-library-master/ip/Pmods/PmodAMP2_v1_0' will take precedence over the same IP in location z:/DAT096/vivado-library-b0946605e3617c901635278b62d0f6a8e3942844/ip/Pmods/PmodAMP2_v1_0
WARNING: [IP_Flow 19-1663] Duplicate IP found for 'digilentinc.com:IP:PmodAQS:1.0'. The one found in IP location 'z:/DAT096/vivado-library-master/ip/Pmods/PmodAQS_v1_0' will take precedence over the same IP in location z:/DAT096/vivado-library-b0946605e3617c901635278b62d0f6a8e3942844/ip/Pmods/PmodAQS_v1_0
WARNING: [IP_Flow 19-1663] Duplicate IP found for 'digilentinc.com:IP:PmodBLE:1.0'. The one found in IP location 'z:/DAT096/vivado-library-master/ip/Pmods/PmodBLE_v1_0' will take precedence over the same IP in location z:/DAT096/vivado-library-b0946605e3617c901635278b62d0f6a8e3942844/ip/Pmods/PmodBLE_v1_0
WARNING: [IP_Flow 19-1663] Duplicate IP found for 'digilentinc.com:IP:PmodBT2:1.0'. The one found in IP location 'z:/DAT096/vivado-library-master/ip/Pmods/PmodBT2_v1_0' will take precedence over the same IP in location z:/DAT096/vivado-library-b0946605e3617c901635278b62d0f6a8e3942844/ip/Pmods/PmodBT2_v1_0
WARNING: [IP_Flow 19-1663] Duplicate IP found for 'digilentinc.com:IP:PmodCAN:1.0'. The one found in IP location 'z:/DAT096/vivado-library-master/ip/Pmods/PmodCAN_v1_0' will take precedence over the same IP in location z:/DAT096/vivado-library-b0946605e3617c901635278b62d0f6a8e3942844/ip/Pmods/PmodCAN_v1_0
WARNING: [IP_Flow 19-1663] Duplicate IP found for 'digilentinc.com:IP:PmodCLS:1.0'. The one found in IP location 'z:/DAT096/vivado-library-master/ip/Pmods/PmodCLS_v1_0' will take precedence over the same IP in location z:/DAT096/vivado-library-b0946605e3617c901635278b62d0f6a8e3942844/ip/Pmods/PmodCLS_v1_0
WARNING: [IP_Flow 19-1663] Duplicate IP found for 'digilentinc.com:IP:PmodCMPS2:1.0'. The one found in IP location 'z:/DAT096/vivado-library-master/ip/Pmods/PmodCMPS2_v1_0' will take precedence over the same IP in location z:/DAT096/vivado-library-b0946605e3617c901635278b62d0f6a8e3942844/ip/Pmods/PmodCMPS2_v1_0
WARNING: [IP_Flow 19-1663] Duplicate IP found for 'digilentinc.com:IP:PmodCOLOR:1.0'. The one found in IP location 'z:/DAT096/vivado-library-master/ip/Pmods/PmodCOLOR_v1_0' will take precedence over the same IP in location z:/DAT096/vivado-library-b0946605e3617c901635278b62d0f6a8e3942844/ip/Pmods/PmodCOLOR_v1_0
WARNING: [IP_Flow 19-1663] Duplicate IP found for 'digilentinc.com:IP:PmodDA1:1.0'. The one found in IP location 'z:/DAT096/vivado-library-master/ip/Pmods/PmodDA1_v1_0' will take precedence over the same IP in location z:/DAT096/vivado-library-b0946605e3617c901635278b62d0f6a8e3942844/ip/Pmods/PmodDA1_v1_0
WARNING: [IP_Flow 19-1663] Duplicate IP found for 'digilentinc.com:IP:PmodDHB1:1.0'. The one found in IP location 'z:/DAT096/vivado-library-master/ip/Pmods/PmodDHB1_v1_0' will take precedence over the same IP in location z:/DAT096/vivado-library-b0946605e3617c901635278b62d0f6a8e3942844/ip/Pmods/PmodDHB1_v1_0
WARNING: [IP_Flow 19-1663] Duplicate IP found for 'digilentinc.com:IP:PmodDPG1:1.0'. The one found in IP location 'z:/DAT096/vivado-library-master/ip/Pmods/PmodDPG1_v1_0' will take precedence over the same IP in location z:/DAT096/vivado-library-b0946605e3617c901635278b62d0f6a8e3942844/ip/Pmods/PmodDPG1_v1_0
WARNING: [IP_Flow 19-1663] Duplicate IP found for 'digilentinc.com:IP:PmodENC:1.0'. The one found in IP location 'z:/DAT096/vivado-library-master/ip/Pmods/PmodENC_v1_0' will take precedence over the same IP in location z:/DAT096/vivado-library-b0946605e3617c901635278b62d0f6a8e3942844/ip/Pmods/PmodENC_v1_0
WARNING: [IP_Flow 19-1663] Duplicate IP found for 'digilentinc.com:user:PmodESP32:1.0'. The one found in IP location 'z:/DAT096/vivado-library-master/ip/Pmods/PmodESP32_v1_0' will take precedence over the same IP in location z:/DAT096/vivado-library-b0946605e3617c901635278b62d0f6a8e3942844/ip/Pmods/PmodESP32_v1_0
WARNING: [IP_Flow 19-1663] Duplicate IP found for 'digilentinc.com:IP:PmodGPIO:1.0'. The one found in IP location 'z:/DAT096/vivado-library-master/ip/Pmods/PmodGPIO_v1_0' will take precedence over the same IP in location z:/DAT096/vivado-library-b0946605e3617c901635278b62d0f6a8e3942844/ip/Pmods/PmodGPIO_v1_0
WARNING: [IP_Flow 19-1663] Duplicate IP found for 'digilentinc.com:IP:PmodGPS:1.1'. The one found in IP location 'z:/DAT096/vivado-library-master/ip/Pmods/PmodGPS_v1_1' will take precedence over the same IP in location z:/DAT096/vivado-library-b0946605e3617c901635278b62d0f6a8e3942844/ip/Pmods/PmodGPS_v1_1
WARNING: [IP_Flow 19-1663] Duplicate IP found for 'digilentinc.com:IP:PmodGYRO:1.0'. The one found in IP location 'z:/DAT096/vivado-library-master/ip/Pmods/PmodGYRO_v1_0' will take precedence over the same IP in location z:/DAT096/vivado-library-b0946605e3617c901635278b62d0f6a8e3942844/ip/Pmods/PmodGYRO_v1_0
WARNING: [IP_Flow 19-1663] Duplicate IP found for 'digilentinc.com:IP:PmodHYGRO:1.0'. The one found in IP location 'z:/DAT096/vivado-library-master/ip/Pmods/PmodHYGRO_v1_0' will take precedence over the same IP in location z:/DAT096/vivado-library-b0946605e3617c901635278b62d0f6a8e3942844/ip/Pmods/PmodHYGRO_v1_0
WARNING: [IP_Flow 19-1663] Duplicate IP found for 'digilentinc.com:IP:PmodJSTK2:1.0'. The one found in IP location 'z:/DAT096/vivado-library-master/ip/Pmods/PmodJSTK2_v1_0' will take precedence over the same IP in location z:/DAT096/vivado-library-b0946605e3617c901635278b62d0f6a8e3942844/ip/Pmods/PmodJSTK2_v1_0
WARNING: [IP_Flow 19-1663] Duplicate IP found for 'digilentinc.com:IP:PmodJSTK:1.0'. The one found in IP location 'z:/DAT096/vivado-library-master/ip/Pmods/PmodJSTK_v1_0' will take precedence over the same IP in location z:/DAT096/vivado-library-b0946605e3617c901635278b62d0f6a8e3942844/ip/Pmods/PmodJSTK_v1_0
WARNING: [IP_Flow 19-1663] Duplicate IP found for 'digilentinc.com:IP:PmodKYPD:1.0'. The one found in IP location 'z:/DAT096/vivado-library-master/ip/Pmods/PmodKYPD_v1_0' will take precedence over the same IP in location z:/DAT096/vivado-library-b0946605e3617c901635278b62d0f6a8e3942844/ip/Pmods/PmodKYPD_v1_0
WARNING: [IP_Flow 19-1663] Duplicate IP found for 'digilentinc.com:IP:PmodMAXSONAR:1.0'. The one found in IP location 'z:/DAT096/vivado-library-master/ip/Pmods/PmodMAXSONAR_v1_0' will take precedence over the same IP in location z:/DAT096/vivado-library-b0946605e3617c901635278b62d0f6a8e3942844/ip/Pmods/PmodMAXSONAR_v1_0
WARNING: [IP_Flow 19-1663] Duplicate IP found for 'digilentinc.com:IP:PmodMTDS:1.0'. The one found in IP location 'z:/DAT096/vivado-library-master/ip/Pmods/PmodMTDS_v1_0' will take precedence over the same IP in location z:/DAT096/vivado-library-b0946605e3617c901635278b62d0f6a8e3942844/ip/Pmods/PmodMTDS_v1_0
WARNING: [IP_Flow 19-1663] Duplicate IP found for 'digilentinc.com:IP:PmodNAV:1.0'. The one found in IP location 'z:/DAT096/vivado-library-master/ip/Pmods/PmodNAV_v1_0' will take precedence over the same IP in location z:/DAT096/vivado-library-b0946605e3617c901635278b62d0f6a8e3942844/ip/Pmods/PmodNAV_v1_0
WARNING: [IP_Flow 19-1663] Duplicate IP found for 'digilentinc.com:IP:PmodOLEDrgb:1.0'. The one found in IP location 'z:/DAT096/vivado-library-master/ip/Pmods/pmodOLEDrgb_v1_0' will take precedence over the same IP in location z:/DAT096/vivado-library-b0946605e3617c901635278b62d0f6a8e3942844/ip/Pmods/pmodOLEDrgb_v1_0
WARNING: [IP_Flow 19-1663] Duplicate IP found for 'digilentinc.com:IP:PmodOLED:1.0'. The one found in IP location 'z:/DAT096/vivado-library-master/ip/Pmods/PmodOLED_v1_0' will take precedence over the same IP in location z:/DAT096/vivado-library-b0946605e3617c901635278b62d0f6a8e3942844/ip/Pmods/PmodOLED_v1_0
WARNING: [IP_Flow 19-1663] Duplicate IP found for 'digilentinc.com:IP:PmodPIR:1.0'. The one found in IP location 'z:/DAT096/vivado-library-master/ip/Pmods/PmodPIR_v1_0' will take precedence over the same IP in location z:/DAT096/vivado-library-b0946605e3617c901635278b62d0f6a8e3942844/ip/Pmods/PmodPIR_v1_0
WARNING: [IP_Flow 19-1663] Duplicate IP found for 'digilentinc.com:IP:PmodR2R:1.0'. The one found in IP location 'z:/DAT096/vivado-library-master/ip/Pmods/PmodR2R_v1_0' will take precedence over the same IP in location z:/DAT096/vivado-library-b0946605e3617c901635278b62d0f6a8e3942844/ip/Pmods/PmodR2R_v1_0
WARNING: [IP_Flow 19-1663] Duplicate IP found for 'digilentinc.com:IP:PmodRTCC:1.0'. The one found in IP location 'z:/DAT096/vivado-library-master/ip/Pmods/PmodRTCC_v1_0' will take precedence over the same IP in location z:/DAT096/vivado-library-b0946605e3617c901635278b62d0f6a8e3942844/ip/Pmods/PmodRTCC_v1_0
WARNING: [IP_Flow 19-1663] Duplicate IP found for 'digilentinc.com:IP:PmodSD:1.0'. The one found in IP location 'z:/DAT096/vivado-library-master/ip/Pmods/PmodSD_v1_0' will take precedence over the same IP in location z:/DAT096/vivado-library-b0946605e3617c901635278b62d0f6a8e3942844/ip/Pmods/PmodSD_v1_0
WARNING: [IP_Flow 19-1663] Duplicate IP found for 'digilentinc.com:IP:PmodSF3:1.0'. The one found in IP location 'z:/DAT096/vivado-library-master/ip/Pmods/PmodSF3_v1_0' will take precedence over the same IP in location z:/DAT096/vivado-library-b0946605e3617c901635278b62d0f6a8e3942844/ip/Pmods/PmodSF3_v1_0
WARNING: [IP_Flow 19-1663] Duplicate IP found for 'digilentinc.com:IP:PmodTC1:1.0'. The one found in IP location 'z:/DAT096/vivado-library-master/ip/Pmods/PmodTC1_v1_0' will take precedence over the same IP in location z:/DAT096/vivado-library-b0946605e3617c901635278b62d0f6a8e3942844/ip/Pmods/PmodTC1_v1_0
WARNING: [IP_Flow 19-1663] Duplicate IP found for 'digilentinc.com:IP:PmodTMP3:1.0'. The one found in IP location 'z:/DAT096/vivado-library-master/ip/Pmods/PmodTMP3_v1_0' will take precedence over the same IP in location z:/DAT096/vivado-library-b0946605e3617c901635278b62d0f6a8e3942844/ip/Pmods/PmodTMP3_v1_0
WARNING: [IP_Flow 19-1663] Duplicate IP found for 'digilentinc.com:IP:PmodWIFI:1.0'. The one found in IP location 'z:/DAT096/vivado-library-master/ip/Pmods/PmodWIFI_v1_0' will take precedence over the same IP in location z:/DAT096/vivado-library-b0946605e3617c901635278b62d0f6a8e3942844/ip/Pmods/PmodWIFI_v1_0
WARNING: [IP_Flow 19-1663] Duplicate IP found for 'digilentinc.com:ip:pmod_bridge:1.0'. The one found in IP location 'z:/DAT096/vivado-library-master/ip/Pmods/Pmod_Bridge_v1_0' will take precedence over the same IP in location z:/DAT096/vivado-library-b0946605e3617c901635278b62d0f6a8e3942844/ip/Pmods/Pmod_Bridge_v1_0
WARNING: [IP_Flow 19-1663] Duplicate IP found for 'digilentinc.com:ip:pmod_bridge:1.1'. The one found in IP location 'z:/DAT096/vivado-library-master/ip/Pmods/Pmod_Bridge_v1_1' will take precedence over the same IP in location z:/DAT096/vivado-library-b0946605e3617c901635278b62d0f6a8e3942844/ip/Pmods/Pmod_Bridge_v1_1
WARNING: [IP_Flow 19-1663] Duplicate IP found for 'digilentinc.com:IP:PWM:1.0'. The one found in IP location 'z:/DAT096/vivado-library-master/ip/PWM_1.0' will take precedence over the same IP in location z:/DAT096/vivado-library-b0946605e3617c901635278b62d0f6a8e3942844/ip/PWM_1.0
WARNING: [IP_Flow 19-1663] Duplicate IP found for 'digilentinc.com:IP:PWM:2.0'. The one found in IP location 'z:/DAT096/vivado-library-master/ip/PWM_2.0' will take precedence over the same IP in location z:/DAT096/vivado-library-b0946605e3617c901635278b62d0f6a8e3942844/ip/PWM_2.0
WARNING: [IP_Flow 19-1663] Duplicate IP found for 'digilentinc.com:IP:PWM_Analyzer:1.0'. The one found in IP location 'z:/DAT096/vivado-library-master/ip/PWM_Analyzer_1.0' will take precedence over the same IP in location z:/DAT096/vivado-library-b0946605e3617c901635278b62d0f6a8e3942844/ip/PWM_Analyzer_1.0
WARNING: [IP_Flow 19-1663] Duplicate IP found for 'digilentinc.com:ip:rgb2dvi:1.4'. The one found in IP location 'z:/DAT096/vivado-library-master/ip/rgb2dvi' will take precedence over the same IP in location z:/DAT096/vivado-library-b0946605e3617c901635278b62d0f6a8e3942844/ip/rgb2dvi
WARNING: [IP_Flow 19-4830] Duplicate Interface found for 'digilentinc.com:interface:pmod:1.0'. The one found in location 'z:/DAT096/vivado-library-b0946605e3617c901635278b62d0f6a8e3942844/if/pmod_v1_0/pmod.xml' will take precedence over the same Interface in location 'z:/DAT096/vivado-library-master/if/pmod_v1_0/pmod.xml'
WARNING: [IP_Flow 19-4830] Duplicate Interface found for 'digilentinc.com:interface:tmds:1.0'. The one found in location 'z:/DAT096/vivado-library-b0946605e3617c901635278b62d0f6a8e3942844/if/tmds_v1_0/tmds.xml' will take precedence over the same Interface in location 'z:/DAT096/vivado-library-master/if/tmds_v1_0/tmds.xml'
Upgrading 'Z:/DAT096/DAT096-krish/Embedded-System-Project-DAT096-krishna/Board_2/Board_2/Board_2.srcs/sources_1/bd/design_2/design_2.bd'
WARNING: [Vivado 12-1017] Problems encountered:
1. Failed to delete one or more files in run directory Z:/DAT096/DAT096-krish/Embedded-System-Project-DAT096-krishna/Board_2/Board_2/Board_2.runs/design_2_vcsel_conv_0_0_synth_1

INFO: [IP_Flow 19-3420] Updated design_2_vcsel_conv_0_0 to use current project options
Wrote  : <Z:\DAT096\DAT096-krish\Embedded-System-Project-DAT096-krishna\Board_2\Board_2\Board_2.srcs\sources_1\bd\design_2\design_2.bd> 
generate_target all [get_files  Z:/DAT096/DAT096-krish/Embedded-System-Project-DAT096-krishna/Board_2/Board_2/Board_2.srcs/sources_1/bd/design_2/design_2.bd]
WARNING: [BD 41-2670] Found an incomplete address path from address space '/processing_system7_0/Data' to master interface '/processing_system7_0/M_AXI_GP0'. Please either complete or remove this path to resolve.
WARNING: [BD 5-699] No address segments matched 'get_bd_addr_segs -of_objects /processing_system7_0/Data'
ERROR: [Common 17-161] Invalid option value '' specified for 'object'.
ERROR: [BD 41-1273] Error running propagate TCL procedure: ERROR: [Common 17-161] Invalid option value '' specified for 'object'.
    ::xilinx.com_ip_ila_6.2::propagate Line 95
INFO: [xilinx.com:ip:clk_wiz:6.0-1] /clk_wiz_0 clk_wiz propagate
Wrote  : <Z:\DAT096\DAT096-krish\Embedded-System-Project-DAT096-krishna\Board_2\Board_2\Board_2.srcs\sources_1\bd\design_2\design_2.bd> 
VHDL Output written to : z:/DAT096/DAT096-krish/Embedded-System-Project-DAT096-krishna/Board_2/Board_2/Board_2.gen/sources_1/bd/design_2/synth/design_2.vhd
VHDL Output written to : z:/DAT096/DAT096-krish/Embedded-System-Project-DAT096-krishna/Board_2/Board_2/Board_2.gen/sources_1/bd/design_2/sim/design_2.vhd
VHDL Output written to : z:/DAT096/DAT096-krish/Embedded-System-Project-DAT096-krishna/Board_2/Board_2/Board_2.gen/sources_1/bd/design_2/hdl/design_2_wrapper.vhd
INFO: [BD 41-1029] Generation completed for the IP Integrator block vcsel_conv_0 .
Exporting to file z:/DAT096/DAT096-krish/Embedded-System-Project-DAT096-krishna/Board_2/Board_2/Board_2.gen/sources_1/bd/design_2/hw_handoff/design_2.hwh
Generated Hardware Definition File z:/DAT096/DAT096-krish/Embedded-System-Project-DAT096-krishna/Board_2/Board_2/Board_2.gen/sources_1/bd/design_2/synth/design_2.hwdef
ERROR: [Common 17-39] 'generate_target' failed due to earlier errors.
report_ip_status -name ip_status 
reset_run synth_1
WARNING: [Vivado 12-1017] Problems encountered:
1. Failed to delete one or more files in run directory Z:/DAT096/DAT096-krish/Embedded-System-Project-DAT096-krishna/Board_2/Board_2/Board_2.runs/synth_1

launch_runs impl_1 -to_step write_bitstream -jobs 28
[Wed May 27 22:04:07 2026] Launched design_2_vcsel_conv_0_0_synth_1, synth_1...
Run output will be captured here:
design_2_vcsel_conv_0_0_synth_1: Z:/DAT096/DAT096-krish/Embedded-System-Project-DAT096-krishna/Board_2/Board_2/Board_2.runs/design_2_vcsel_conv_0_0_synth_1/runme.log
synth_1: Z:/DAT096/DAT096-krish/Embedded-System-Project-DAT096-krishna/Board_2/Board_2/Board_2.runs/synth_1/runme.log
[Wed May 27 22:04:08 2026] Launched impl_1...
Run output will be captured here: Z:/DAT096/DAT096-krish/Embedded-System-Project-DAT096-krishna/Board_2/Board_2/Board_2.runs/impl_1/runme.log
report_ip_status -name ip_status 
update_module_reference [get_ips  design_2_vcsel_conv_0_0]
INFO: [IP_Flow 19-5107] Inferred bus interface 'clk' of definition 'xilinx.com:signal:clock:1.0' (from Xilinx Repository).
WARNING: [IP_Flow 19-5661] Bus Interface 'clk' does not have any bus interfaces associated with it.
WARNING: [IP_Flow 19-11770] Clock interface 'clk' has no FREQ_HZ parameter.
WARNING: [IP_Flow 19-1663] Duplicate IP found for 'digilentinc.com:user:axi_i2s_adi:1.2'. The one found in IP location 'z:/DAT096/vivado-library-b0946605e3617c901635278b62d0f6a8e3942844/ip/axi_i2s_adi_1.2' will take precedence over the same IP in location z:/DAT096/vivado-library-master/ip/axi_i2s_adi_1.2
WARNING: [IP_Flow 19-1663] Duplicate IP found for 'digilentinc.com:IP:axi_ps2:1.0'. The one found in IP location 'z:/DAT096/vivado-library-b0946605e3617c901635278b62d0f6a8e3942844/ip/axi_ps2_1.0' will take precedence over the same IP in location z:/DAT096/vivado-library-master/ip/axi_ps2_1.0
WARNING: [IP_Flow 19-1663] Duplicate IP found for 'digilentinc.com:ip:clock_forwarder:1.1'. The one found in IP location 'z:/DAT096/vivado-library-b0946605e3617c901635278b62d0f6a8e3942844/ip/clock_forwarder' will take precedence over the same IP in location z:/DAT096/vivado-library-master/ip/clock_forwarder
WARNING: [IP_Flow 19-1663] Duplicate IP found for 'digilentinc.com:IP:hls_contrast_stretch:1.0'. The one found in IP location 'z:/DAT096/vivado-library-b0946605e3617c901635278b62d0f6a8e3942844/ip/hls_contrast_stretch_1_0' will take precedence over the same IP in location z:/DAT096/vivado-library-master/ip/hls_contrast_stretch_1_0
WARNING: [IP_Flow 19-1663] Duplicate IP found for 'digilentinc.com:IP:hls_gamma_correction:1.0'. The one found in IP location 'z:/DAT096/vivado-library-b0946605e3617c901635278b62d0f6a8e3942844/ip/hls_gamma_correction_1_0' will take precedence over the same IP in location z:/DAT096/vivado-library-master/ip/hls_gamma_correction_1_0
WARNING: [IP_Flow 19-1663] Duplicate IP found for 'digilentinc.com:IP:hls_saturation_enhance:1.0'. The one found in IP location 'z:/DAT096/vivado-library-b0946605e3617c901635278b62d0f6a8e3942844/ip/hls_saturation_enhance_1_0' will take precedence over the same IP in location z:/DAT096/vivado-library-master/ip/hls_saturation_enhance_1_0
WARNING: [IP_Flow 19-1663] Duplicate IP found for 'digilentinc.com:ip:rgb2dpvid:1.0'. The one found in IP location 'z:/DAT096/vivado-library-b0946605e3617c901635278b62d0f6a8e3942844/ip/rgb2dpvid_v1_0' will take precedence over the same IP in location z:/DAT096/vivado-library-master/ip/rgb2dpvid_v1_0
WARNING: [IP_Flow 19-1663] Duplicate IP found for 'digilentinc.com:ip:rgb2vga:1.0'. The one found in IP location 'z:/DAT096/vivado-library-b0946605e3617c901635278b62d0f6a8e3942844/ip/rgb2vga_v1_0' will take precedence over the same IP in location z:/DAT096/vivado-library-master/ip/rgb2vga_v1_0
WARNING: [IP_Flow 19-1663] Duplicate IP found for 'digilentinc.com:ip:Sync:1.0'. The one found in IP location 'z:/DAT096/vivado-library-b0946605e3617c901635278b62d0f6a8e3942844/ip/Sync_v1_0' will take precedence over the same IP in location z:/DAT096/vivado-library-master/ip/Sync_v1_0
WARNING: [IP_Flow 19-1663] Duplicate IP found for 'digilentinc.com:ip:usb2device:1.0'. The one found in IP location 'z:/DAT096/vivado-library-b0946605e3617c901635278b62d0f6a8e3942844/ip/usb2device_v1_0' will take precedence over the same IP in location z:/DAT096/vivado-library-master/ip/usb2device_v1_0
WARNING: [IP_Flow 19-1663] Duplicate IP found for 'digilentinc.com:video:video_scaler:1.0'. The one found in IP location 'z:/DAT096/vivado-library-b0946605e3617c901635278b62d0f6a8e3942844/ip/video_scaler' will take precedence over the same IP in location z:/DAT096/vivado-library-master/ip/video_scaler
WARNING: [IP_Flow 19-1663] Duplicate IP found for 'digilentinc.com:ip:dvi2rgb:2.0'. The one found in IP location 'z:/DAT096/vivado-library-master/ip/dvi2rgb' will take precedence over the same IP in location z:/DAT096/vivado-library-b0946605e3617c901635278b62d0f6a8e3942844/ip/dvi2rgb
WARNING: [IP_Flow 19-1663] Duplicate IP found for 'digilentinc.com:IP:MotorFeedback:1.0'. The one found in IP location 'z:/DAT096/vivado-library-master/ip/MotorFeedback_1.0' will take precedence over the same IP in location z:/DAT096/vivado-library-b0946605e3617c901635278b62d0f6a8e3942844/ip/MotorFeedback_1.0
WARNING: [IP_Flow 19-1663] Duplicate IP found for 'digilentinc.com:IP:PmodACL2:1.0'. The one found in IP location 'z:/DAT096/vivado-library-master/ip/Pmods/PmodACL2_v1_0' will take precedence over the same IP in location z:/DAT096/vivado-library-b0946605e3617c901635278b62d0f6a8e3942844/ip/Pmods/PmodACL2_v1_0
WARNING: [IP_Flow 19-1663] Duplicate IP found for 'digilentinc.com:IP:PmodACL:1.0'. The one found in IP location 'z:/DAT096/vivado-library-master/ip/Pmods/PmodACL_v1_0' will take precedence over the same IP in location z:/DAT096/vivado-library-b0946605e3617c901635278b62d0f6a8e3942844/ip/Pmods/PmodACL_v1_0
WARNING: [IP_Flow 19-1663] Duplicate IP found for 'digilentinc.com:IP:PmodAD1:1.0'. The one found in IP location 'z:/DAT096/vivado-library-master/ip/Pmods/PmodAD1_v1_0' will take precedence over the same IP in location z:/DAT096/vivado-library-b0946605e3617c901635278b62d0f6a8e3942844/ip/Pmods/PmodAD1_v1_0
WARNING: [IP_Flow 19-1663] Duplicate IP found for 'digilentinc.com:IP:PmodAD2:1.0'. The one found in IP location 'z:/DAT096/vivado-library-master/ip/Pmods/PmodAD2_v1_0' will take precedence over the same IP in location z:/DAT096/vivado-library-b0946605e3617c901635278b62d0f6a8e3942844/ip/Pmods/PmodAD2_v1_0
WARNING: [IP_Flow 19-1663] Duplicate IP found for 'digilentinc.com:IP:PmodAD5:1.0'. The one found in IP location 'z:/DAT096/vivado-library-master/ip/Pmods/PmodAD5_v1_0' will take precedence over the same IP in location z:/DAT096/vivado-library-b0946605e3617c901635278b62d0f6a8e3942844/ip/Pmods/PmodAD5_v1_0
WARNING: [IP_Flow 19-1663] Duplicate IP found for 'digilentinc.com:IP:PmodALS:1.0'. The one found in IP location 'z:/DAT096/vivado-library-master/ip/Pmods/PmodALS_v1_0' will take precedence over the same IP in location z:/DAT096/vivado-library-b0946605e3617c901635278b62d0f6a8e3942844/ip/Pmods/PmodALS_v1_0
WARNING: [IP_Flow 19-1663] Duplicate IP found for 'digilentinc.com:IP:PmodAMP2:1.0'. The one found in IP location 'z:/DAT096/vivado-library-master/ip/Pmods/PmodAMP2_v1_0' will take precedence over the same IP in location z:/DAT096/vivado-library-b0946605e3617c901635278b62d0f6a8e3942844/ip/Pmods/PmodAMP2_v1_0
WARNING: [IP_Flow 19-1663] Duplicate IP found for 'digilentinc.com:IP:PmodAQS:1.0'. The one found in IP location 'z:/DAT096/vivado-library-master/ip/Pmods/PmodAQS_v1_0' will take precedence over the same IP in location z:/DAT096/vivado-library-b0946605e3617c901635278b62d0f6a8e3942844/ip/Pmods/PmodAQS_v1_0
WARNING: [IP_Flow 19-1663] Duplicate IP found for 'digilentinc.com:IP:PmodBLE:1.0'. The one found in IP location 'z:/DAT096/vivado-library-master/ip/Pmods/PmodBLE_v1_0' will take precedence over the same IP in location z:/DAT096/vivado-library-b0946605e3617c901635278b62d0f6a8e3942844/ip/Pmods/PmodBLE_v1_0
WARNING: [IP_Flow 19-1663] Duplicate IP found for 'digilentinc.com:IP:PmodBT2:1.0'. The one found in IP location 'z:/DAT096/vivado-library-master/ip/Pmods/PmodBT2_v1_0' will take precedence over the same IP in location z:/DAT096/vivado-library-b0946605e3617c901635278b62d0f6a8e3942844/ip/Pmods/PmodBT2_v1_0
WARNING: [IP_Flow 19-1663] Duplicate IP found for 'digilentinc.com:IP:PmodCAN:1.0'. The one found in IP location 'z:/DAT096/vivado-library-master/ip/Pmods/PmodCAN_v1_0' will take precedence over the same IP in location z:/DAT096/vivado-library-b0946605e3617c901635278b62d0f6a8e3942844/ip/Pmods/PmodCAN_v1_0
WARNING: [IP_Flow 19-1663] Duplicate IP found for 'digilentinc.com:IP:PmodCLS:1.0'. The one found in IP location 'z:/DAT096/vivado-library-master/ip/Pmods/PmodCLS_v1_0' will take precedence over the same IP in location z:/DAT096/vivado-library-b0946605e3617c901635278b62d0f6a8e3942844/ip/Pmods/PmodCLS_v1_0
WARNING: [IP_Flow 19-1663] Duplicate IP found for 'digilentinc.com:IP:PmodCMPS2:1.0'. The one found in IP location 'z:/DAT096/vivado-library-master/ip/Pmods/PmodCMPS2_v1_0' will take precedence over the same IP in location z:/DAT096/vivado-library-b0946605e3617c901635278b62d0f6a8e3942844/ip/Pmods/PmodCMPS2_v1_0
WARNING: [IP_Flow 19-1663] Duplicate IP found for 'digilentinc.com:IP:PmodCOLOR:1.0'. The one found in IP location 'z:/DAT096/vivado-library-master/ip/Pmods/PmodCOLOR_v1_0' will take precedence over the same IP in location z:/DAT096/vivado-library-b0946605e3617c901635278b62d0f6a8e3942844/ip/Pmods/PmodCOLOR_v1_0
WARNING: [IP_Flow 19-1663] Duplicate IP found for 'digilentinc.com:IP:PmodDA1:1.0'. The one found in IP location 'z:/DAT096/vivado-library-master/ip/Pmods/PmodDA1_v1_0' will take precedence over the same IP in location z:/DAT096/vivado-library-b0946605e3617c901635278b62d0f6a8e3942844/ip/Pmods/PmodDA1_v1_0
WARNING: [IP_Flow 19-1663] Duplicate IP found for 'digilentinc.com:IP:PmodDHB1:1.0'. The one found in IP location 'z:/DAT096/vivado-library-master/ip/Pmods/PmodDHB1_v1_0' will take precedence over the same IP in location z:/DAT096/vivado-library-b0946605e3617c901635278b62d0f6a8e3942844/ip/Pmods/PmodDHB1_v1_0
WARNING: [IP_Flow 19-1663] Duplicate IP found for 'digilentinc.com:IP:PmodDPG1:1.0'. The one found in IP location 'z:/DAT096/vivado-library-master/ip/Pmods/PmodDPG1_v1_0' will take precedence over the same IP in location z:/DAT096/vivado-library-b0946605e3617c901635278b62d0f6a8e3942844/ip/Pmods/PmodDPG1_v1_0
WARNING: [IP_Flow 19-1663] Duplicate IP found for 'digilentinc.com:IP:PmodENC:1.0'. The one found in IP location 'z:/DAT096/vivado-library-master/ip/Pmods/PmodENC_v1_0' will take precedence over the same IP in location z:/DAT096/vivado-library-b0946605e3617c901635278b62d0f6a8e3942844/ip/Pmods/PmodENC_v1_0
WARNING: [IP_Flow 19-1663] Duplicate IP found for 'digilentinc.com:user:PmodESP32:1.0'. The one found in IP location 'z:/DAT096/vivado-library-master/ip/Pmods/PmodESP32_v1_0' will take precedence over the same IP in location z:/DAT096/vivado-library-b0946605e3617c901635278b62d0f6a8e3942844/ip/Pmods/PmodESP32_v1_0
WARNING: [IP_Flow 19-1663] Duplicate IP found for 'digilentinc.com:IP:PmodGPIO:1.0'. The one found in IP location 'z:/DAT096/vivado-library-master/ip/Pmods/PmodGPIO_v1_0' will take precedence over the same IP in location z:/DAT096/vivado-library-b0946605e3617c901635278b62d0f6a8e3942844/ip/Pmods/PmodGPIO_v1_0
WARNING: [IP_Flow 19-1663] Duplicate IP found for 'digilentinc.com:IP:PmodGPS:1.1'. The one found in IP location 'z:/DAT096/vivado-library-master/ip/Pmods/PmodGPS_v1_1' will take precedence over the same IP in location z:/DAT096/vivado-library-b0946605e3617c901635278b62d0f6a8e3942844/ip/Pmods/PmodGPS_v1_1
WARNING: [IP_Flow 19-1663] Duplicate IP found for 'digilentinc.com:IP:PmodGYRO:1.0'. The one found in IP location 'z:/DAT096/vivado-library-master/ip/Pmods/PmodGYRO_v1_0' will take precedence over the same IP in location z:/DAT096/vivado-library-b0946605e3617c901635278b62d0f6a8e3942844/ip/Pmods/PmodGYRO_v1_0
WARNING: [IP_Flow 19-1663] Duplicate IP found for 'digilentinc.com:IP:PmodHYGRO:1.0'. The one found in IP location 'z:/DAT096/vivado-library-master/ip/Pmods/PmodHYGRO_v1_0' will take precedence over the same IP in location z:/DAT096/vivado-library-b0946605e3617c901635278b62d0f6a8e3942844/ip/Pmods/PmodHYGRO_v1_0
WARNING: [IP_Flow 19-1663] Duplicate IP found for 'digilentinc.com:IP:PmodJSTK2:1.0'. The one found in IP location 'z:/DAT096/vivado-library-master/ip/Pmods/PmodJSTK2_v1_0' will take precedence over the same IP in location z:/DAT096/vivado-library-b0946605e3617c901635278b62d0f6a8e3942844/ip/Pmods/PmodJSTK2_v1_0
WARNING: [IP_Flow 19-1663] Duplicate IP found for 'digilentinc.com:IP:PmodJSTK:1.0'. The one found in IP location 'z:/DAT096/vivado-library-master/ip/Pmods/PmodJSTK_v1_0' will take precedence over the same IP in location z:/DAT096/vivado-library-b0946605e3617c901635278b62d0f6a8e3942844/ip/Pmods/PmodJSTK_v1_0
WARNING: [IP_Flow 19-1663] Duplicate IP found for 'digilentinc.com:IP:PmodKYPD:1.0'. The one found in IP location 'z:/DAT096/vivado-library-master/ip/Pmods/PmodKYPD_v1_0' will take precedence over the same IP in location z:/DAT096/vivado-library-b0946605e3617c901635278b62d0f6a8e3942844/ip/Pmods/PmodKYPD_v1_0
WARNING: [IP_Flow 19-1663] Duplicate IP found for 'digilentinc.com:IP:PmodMAXSONAR:1.0'. The one found in IP location 'z:/DAT096/vivado-library-master/ip/Pmods/PmodMAXSONAR_v1_0' will take precedence over the same IP in location z:/DAT096/vivado-library-b0946605e3617c901635278b62d0f6a8e3942844/ip/Pmods/PmodMAXSONAR_v1_0
WARNING: [IP_Flow 19-1663] Duplicate IP found for 'digilentinc.com:IP:PmodMTDS:1.0'. The one found in IP location 'z:/DAT096/vivado-library-master/ip/Pmods/PmodMTDS_v1_0' will take precedence over the same IP in location z:/DAT096/vivado-library-b0946605e3617c901635278b62d0f6a8e3942844/ip/Pmods/PmodMTDS_v1_0
WARNING: [IP_Flow 19-1663] Duplicate IP found for 'digilentinc.com:IP:PmodNAV:1.0'. The one found in IP location 'z:/DAT096/vivado-library-master/ip/Pmods/PmodNAV_v1_0' will take precedence over the same IP in location z:/DAT096/vivado-library-b0946605e3617c901635278b62d0f6a8e3942844/ip/Pmods/PmodNAV_v1_0
WARNING: [IP_Flow 19-1663] Duplicate IP found for 'digilentinc.com:IP:PmodOLEDrgb:1.0'. The one found in IP location 'z:/DAT096/vivado-library-master/ip/Pmods/pmodOLEDrgb_v1_0' will take precedence over the same IP in location z:/DAT096/vivado-library-b0946605e3617c901635278b62d0f6a8e3942844/ip/Pmods/pmodOLEDrgb_v1_0
WARNING: [IP_Flow 19-1663] Duplicate IP found for 'digilentinc.com:IP:PmodOLED:1.0'. The one found in IP location 'z:/DAT096/vivado-library-master/ip/Pmods/PmodOLED_v1_0' will take precedence over the same IP in location z:/DAT096/vivado-library-b0946605e3617c901635278b62d0f6a8e3942844/ip/Pmods/PmodOLED_v1_0
WARNING: [IP_Flow 19-1663] Duplicate IP found for 'digilentinc.com:IP:PmodPIR:1.0'. The one found in IP location 'z:/DAT096/vivado-library-master/ip/Pmods/PmodPIR_v1_0' will take precedence over the same IP in location z:/DAT096/vivado-library-b0946605e3617c901635278b62d0f6a8e3942844/ip/Pmods/PmodPIR_v1_0
WARNING: [IP_Flow 19-1663] Duplicate IP found for 'digilentinc.com:IP:PmodR2R:1.0'. The one found in IP location 'z:/DAT096/vivado-library-master/ip/Pmods/PmodR2R_v1_0' will take precedence over the same IP in location z:/DAT096/vivado-library-b0946605e3617c901635278b62d0f6a8e3942844/ip/Pmods/PmodR2R_v1_0
WARNING: [IP_Flow 19-1663] Duplicate IP found for 'digilentinc.com:IP:PmodRTCC:1.0'. The one found in IP location 'z:/DAT096/vivado-library-master/ip/Pmods/PmodRTCC_v1_0' will take precedence over the same IP in location z:/DAT096/vivado-library-b0946605e3617c901635278b62d0f6a8e3942844/ip/Pmods/PmodRTCC_v1_0
WARNING: [IP_Flow 19-1663] Duplicate IP found for 'digilentinc.com:IP:PmodSD:1.0'. The one found in IP location 'z:/DAT096/vivado-library-master/ip/Pmods/PmodSD_v1_0' will take precedence over the same IP in location z:/DAT096/vivado-library-b0946605e3617c901635278b62d0f6a8e3942844/ip/Pmods/PmodSD_v1_0
WARNING: [IP_Flow 19-1663] Duplicate IP found for 'digilentinc.com:IP:PmodSF3:1.0'. The one found in IP location 'z:/DAT096/vivado-library-master/ip/Pmods/PmodSF3_v1_0' will take precedence over the same IP in location z:/DAT096/vivado-library-b0946605e3617c901635278b62d0f6a8e3942844/ip/Pmods/PmodSF3_v1_0
WARNING: [IP_Flow 19-1663] Duplicate IP found for 'digilentinc.com:IP:PmodTC1:1.0'. The one found in IP location 'z:/DAT096/vivado-library-master/ip/Pmods/PmodTC1_v1_0' will take precedence over the same IP in location z:/DAT096/vivado-library-b0946605e3617c901635278b62d0f6a8e3942844/ip/Pmods/PmodTC1_v1_0
WARNING: [IP_Flow 19-1663] Duplicate IP found for 'digilentinc.com:IP:PmodTMP3:1.0'. The one found in IP location 'z:/DAT096/vivado-library-master/ip/Pmods/PmodTMP3_v1_0' will take precedence over the same IP in location z:/DAT096/vivado-library-b0946605e3617c901635278b62d0f6a8e3942844/ip/Pmods/PmodTMP3_v1_0
WARNING: [IP_Flow 19-1663] Duplicate IP found for 'digilentinc.com:IP:PmodWIFI:1.0'. The one found in IP location 'z:/DAT096/vivado-library-master/ip/Pmods/PmodWIFI_v1_0' will take precedence over the same IP in location z:/DAT096/vivado-library-b0946605e3617c901635278b62d0f6a8e3942844/ip/Pmods/PmodWIFI_v1_0
WARNING: [IP_Flow 19-1663] Duplicate IP found for 'digilentinc.com:ip:pmod_bridge:1.0'. The one found in IP location 'z:/DAT096/vivado-library-master/ip/Pmods/Pmod_Bridge_v1_0' will take precedence over the same IP in location z:/DAT096/vivado-library-b0946605e3617c901635278b62d0f6a8e3942844/ip/Pmods/Pmod_Bridge_v1_0
WARNING: [IP_Flow 19-1663] Duplicate IP found for 'digilentinc.com:ip:pmod_bridge:1.1'. The one found in IP location 'z:/DAT096/vivado-library-master/ip/Pmods/Pmod_Bridge_v1_1' will take precedence over the same IP in location z:/DAT096/vivado-library-b0946605e3617c901635278b62d0f6a8e3942844/ip/Pmods/Pmod_Bridge_v1_1
WARNING: [IP_Flow 19-1663] Duplicate IP found for 'digilentinc.com:IP:PWM:1.0'. The one found in IP location 'z:/DAT096/vivado-library-master/ip/PWM_1.0' will take precedence over the same IP in location z:/DAT096/vivado-library-b0946605e3617c901635278b62d0f6a8e3942844/ip/PWM_1.0
WARNING: [IP_Flow 19-1663] Duplicate IP found for 'digilentinc.com:IP:PWM:2.0'. The one found in IP location 'z:/DAT096/vivado-library-master/ip/PWM_2.0' will take precedence over the same IP in location z:/DAT096/vivado-library-b0946605e3617c901635278b62d0f6a8e3942844/ip/PWM_2.0
WARNING: [IP_Flow 19-1663] Duplicate IP found for 'digilentinc.com:IP:PWM_Analyzer:1.0'. The one found in IP location 'z:/DAT096/vivado-library-master/ip/PWM_Analyzer_1.0' will take precedence over the same IP in location z:/DAT096/vivado-library-b0946605e3617c901635278b62d0f6a8e3942844/ip/PWM_Analyzer_1.0
WARNING: [IP_Flow 19-1663] Duplicate IP found for 'digilentinc.com:ip:rgb2dvi:1.4'. The one found in IP location 'z:/DAT096/vivado-library-master/ip/rgb2dvi' will take precedence over the same IP in location z:/DAT096/vivado-library-b0946605e3617c901635278b62d0f6a8e3942844/ip/rgb2dvi
WARNING: [IP_Flow 19-4830] Duplicate Interface found for 'digilentinc.com:interface:pmod:1.0'. The one found in location 'z:/DAT096/vivado-library-b0946605e3617c901635278b62d0f6a8e3942844/if/pmod_v1_0/pmod.xml' will take precedence over the same Interface in location 'z:/DAT096/vivado-library-master/if/pmod_v1_0/pmod.xml'
WARNING: [IP_Flow 19-4830] Duplicate Interface found for 'digilentinc.com:interface:tmds:1.0'. The one found in location 'z:/DAT096/vivado-library-b0946605e3617c901635278b62d0f6a8e3942844/if/tmds_v1_0/tmds.xml' will take precedence over the same Interface in location 'z:/DAT096/vivado-library-master/if/tmds_v1_0/tmds.xml'
INFO: [IP_Flow 19-5107] Inferred bus interface 'clk' of definition 'xilinx.com:signal:clock:1.0' (from Xilinx Repository).
WARNING: [IP_Flow 19-5661] Bus Interface 'clk' does not have any bus interfaces associated with it.
WARNING: [IP_Flow 19-11770] Clock interface 'clk' has no FREQ_HZ parameter.
WARNING: [IP_Flow 19-1663] Duplicate IP found for 'digilentinc.com:user:axi_i2s_adi:1.2'. The one found in IP location 'z:/DAT096/vivado-library-b0946605e3617c901635278b62d0f6a8e3942844/ip/axi_i2s_adi_1.2' will take precedence over the same IP in location z:/DAT096/vivado-library-master/ip/axi_i2s_adi_1.2
WARNING: [IP_Flow 19-1663] Duplicate IP found for 'digilentinc.com:IP:axi_ps2:1.0'. The one found in IP location 'z:/DAT096/vivado-library-b0946605e3617c901635278b62d0f6a8e3942844/ip/axi_ps2_1.0' will take precedence over the same IP in location z:/DAT096/vivado-library-master/ip/axi_ps2_1.0
WARNING: [IP_Flow 19-1663] Duplicate IP found for 'digilentinc.com:ip:clock_forwarder:1.1'. The one found in IP location 'z:/DAT096/vivado-library-b0946605e3617c901635278b62d0f6a8e3942844/ip/clock_forwarder' will take precedence over the same IP in location z:/DAT096/vivado-library-master/ip/clock_forwarder
WARNING: [IP_Flow 19-1663] Duplicate IP found for 'digilentinc.com:IP:hls_contrast_stretch:1.0'. The one found in IP location 'z:/DAT096/vivado-library-b0946605e3617c901635278b62d0f6a8e3942844/ip/hls_contrast_stretch_1_0' will take precedence over the same IP in location z:/DAT096/vivado-library-master/ip/hls_contrast_stretch_1_0
WARNING: [IP_Flow 19-1663] Duplicate IP found for 'digilentinc.com:IP:hls_gamma_correction:1.0'. The one found in IP location 'z:/DAT096/vivado-library-b0946605e3617c901635278b62d0f6a8e3942844/ip/hls_gamma_correction_1_0' will take precedence over the same IP in location z:/DAT096/vivado-library-master/ip/hls_gamma_correction_1_0
WARNING: [IP_Flow 19-1663] Duplicate IP found for 'digilentinc.com:IP:hls_saturation_enhance:1.0'. The one found in IP location 'z:/DAT096/vivado-library-b0946605e3617c901635278b62d0f6a8e3942844/ip/hls_saturation_enhance_1_0' will take precedence over the same IP in location z:/DAT096/vivado-library-master/ip/hls_saturation_enhance_1_0
WARNING: [IP_Flow 19-1663] Duplicate IP found for 'digilentinc.com:ip:rgb2dpvid:1.0'. The one found in IP location 'z:/DAT096/vivado-library-b0946605e3617c901635278b62d0f6a8e3942844/ip/rgb2dpvid_v1_0' will take precedence over the same IP in location z:/DAT096/vivado-library-master/ip/rgb2dpvid_v1_0
WARNING: [IP_Flow 19-1663] Duplicate IP found for 'digilentinc.com:ip:rgb2vga:1.0'. The one found in IP location 'z:/DAT096/vivado-library-b0946605e3617c901635278b62d0f6a8e3942844/ip/rgb2vga_v1_0' will take precedence over the same IP in location z:/DAT096/vivado-library-master/ip/rgb2vga_v1_0
WARNING: [IP_Flow 19-1663] Duplicate IP found for 'digilentinc.com:ip:Sync:1.0'. The one found in IP location 'z:/DAT096/vivado-library-b0946605e3617c901635278b62d0f6a8e3942844/ip/Sync_v1_0' will take precedence over the same IP in location z:/DAT096/vivado-library-master/ip/Sync_v1_0
WARNING: [IP_Flow 19-1663] Duplicate IP found for 'digilentinc.com:ip:usb2device:1.0'. The one found in IP location 'z:/DAT096/vivado-library-b0946605e3617c901635278b62d0f6a8e3942844/ip/usb2device_v1_0' will take precedence over the same IP in location z:/DAT096/vivado-library-master/ip/usb2device_v1_0
WARNING: [IP_Flow 19-1663] Duplicate IP found for 'digilentinc.com:video:video_scaler:1.0'. The one found in IP location 'z:/DAT096/vivado-library-b0946605e3617c901635278b62d0f6a8e3942844/ip/video_scaler' will take precedence over the same IP in location z:/DAT096/vivado-library-master/ip/video_scaler
WARNING: [IP_Flow 19-1663] Duplicate IP found for 'digilentinc.com:ip:dvi2rgb:2.0'. The one found in IP location 'z:/DAT096/vivado-library-master/ip/dvi2rgb' will take precedence over the same IP in location z:/DAT096/vivado-library-b0946605e3617c901635278b62d0f6a8e3942844/ip/dvi2rgb
WARNING: [IP_Flow 19-1663] Duplicate IP found for 'digilentinc.com:IP:MotorFeedback:1.0'. The one found in IP location 'z:/DAT096/vivado-library-master/ip/MotorFeedback_1.0' will take precedence over the same IP in location z:/DAT096/vivado-library-b0946605e3617c901635278b62d0f6a8e3942844/ip/MotorFeedback_1.0
WARNING: [IP_Flow 19-1663] Duplicate IP found for 'digilentinc.com:IP:PmodACL2:1.0'. The one found in IP location 'z:/DAT096/vivado-library-master/ip/Pmods/PmodACL2_v1_0' will take precedence over the same IP in location z:/DAT096/vivado-library-b0946605e3617c901635278b62d0f6a8e3942844/ip/Pmods/PmodACL2_v1_0
WARNING: [IP_Flow 19-1663] Duplicate IP found for 'digilentinc.com:IP:PmodACL:1.0'. The one found in IP location 'z:/DAT096/vivado-library-master/ip/Pmods/PmodACL_v1_0' will take precedence over the same IP in location z:/DAT096/vivado-library-b0946605e3617c901635278b62d0f6a8e3942844/ip/Pmods/PmodACL_v1_0
WARNING: [IP_Flow 19-1663] Duplicate IP found for 'digilentinc.com:IP:PmodAD1:1.0'. The one found in IP location 'z:/DAT096/vivado-library-master/ip/Pmods/PmodAD1_v1_0' will take precedence over the same IP in location z:/DAT096/vivado-library-b0946605e3617c901635278b62d0f6a8e3942844/ip/Pmods/PmodAD1_v1_0
WARNING: [IP_Flow 19-1663] Duplicate IP found for 'digilentinc.com:IP:PmodAD2:1.0'. The one found in IP location 'z:/DAT096/vivado-library-master/ip/Pmods/PmodAD2_v1_0' will take precedence over the same IP in location z:/DAT096/vivado-library-b0946605e3617c901635278b62d0f6a8e3942844/ip/Pmods/PmodAD2_v1_0
WARNING: [IP_Flow 19-1663] Duplicate IP found for 'digilentinc.com:IP:PmodAD5:1.0'. The one found in IP location 'z:/DAT096/vivado-library-master/ip/Pmods/PmodAD5_v1_0' will take precedence over the same IP in location z:/DAT096/vivado-library-b0946605e3617c901635278b62d0f6a8e3942844/ip/Pmods/PmodAD5_v1_0
WARNING: [IP_Flow 19-1663] Duplicate IP found for 'digilentinc.com:IP:PmodALS:1.0'. The one found in IP location 'z:/DAT096/vivado-library-master/ip/Pmods/PmodALS_v1_0' will take precedence over the same IP in location z:/DAT096/vivado-library-b0946605e3617c901635278b62d0f6a8e3942844/ip/Pmods/PmodALS_v1_0
WARNING: [IP_Flow 19-1663] Duplicate IP found for 'digilentinc.com:IP:PmodAMP2:1.0'. The one found in IP location 'z:/DAT096/vivado-library-master/ip/Pmods/PmodAMP2_v1_0' will take precedence over the same IP in location z:/DAT096/vivado-library-b0946605e3617c901635278b62d0f6a8e3942844/ip/Pmods/PmodAMP2_v1_0
WARNING: [IP_Flow 19-1663] Duplicate IP found for 'digilentinc.com:IP:PmodAQS:1.0'. The one found in IP location 'z:/DAT096/vivado-library-master/ip/Pmods/PmodAQS_v1_0' will take precedence over the same IP in location z:/DAT096/vivado-library-b0946605e3617c901635278b62d0f6a8e3942844/ip/Pmods/PmodAQS_v1_0
WARNING: [IP_Flow 19-1663] Duplicate IP found for 'digilentinc.com:IP:PmodBLE:1.0'. The one found in IP location 'z:/DAT096/vivado-library-master/ip/Pmods/PmodBLE_v1_0' will take precedence over the same IP in location z:/DAT096/vivado-library-b0946605e3617c901635278b62d0f6a8e3942844/ip/Pmods/PmodBLE_v1_0
WARNING: [IP_Flow 19-1663] Duplicate IP found for 'digilentinc.com:IP:PmodBT2:1.0'. The one found in IP location 'z:/DAT096/vivado-library-master/ip/Pmods/PmodBT2_v1_0' will take precedence over the same IP in location z:/DAT096/vivado-library-b0946605e3617c901635278b62d0f6a8e3942844/ip/Pmods/PmodBT2_v1_0
WARNING: [IP_Flow 19-1663] Duplicate IP found for 'digilentinc.com:IP:PmodCAN:1.0'. The one found in IP location 'z:/DAT096/vivado-library-master/ip/Pmods/PmodCAN_v1_0' will take precedence over the same IP in location z:/DAT096/vivado-library-b0946605e3617c901635278b62d0f6a8e3942844/ip/Pmods/PmodCAN_v1_0
WARNING: [IP_Flow 19-1663] Duplicate IP found for 'digilentinc.com:IP:PmodCLS:1.0'. The one found in IP location 'z:/DAT096/vivado-library-master/ip/Pmods/PmodCLS_v1_0' will take precedence over the same IP in location z:/DAT096/vivado-library-b0946605e3617c901635278b62d0f6a8e3942844/ip/Pmods/PmodCLS_v1_0
WARNING: [IP_Flow 19-1663] Duplicate IP found for 'digilentinc.com:IP:PmodCMPS2:1.0'. The one found in IP location 'z:/DAT096/vivado-library-master/ip/Pmods/PmodCMPS2_v1_0' will take precedence over the same IP in location z:/DAT096/vivado-library-b0946605e3617c901635278b62d0f6a8e3942844/ip/Pmods/PmodCMPS2_v1_0
WARNING: [IP_Flow 19-1663] Duplicate IP found for 'digilentinc.com:IP:PmodCOLOR:1.0'. The one found in IP location 'z:/DAT096/vivado-library-master/ip/Pmods/PmodCOLOR_v1_0' will take precedence over the same IP in location z:/DAT096/vivado-library-b0946605e3617c901635278b62d0f6a8e3942844/ip/Pmods/PmodCOLOR_v1_0
WARNING: [IP_Flow 19-1663] Duplicate IP found for 'digilentinc.com:IP:PmodDA1:1.0'. The one found in IP location 'z:/DAT096/vivado-library-master/ip/Pmods/PmodDA1_v1_0' will take precedence over the same IP in location z:/DAT096/vivado-library-b0946605e3617c901635278b62d0f6a8e3942844/ip/Pmods/PmodDA1_v1_0
WARNING: [IP_Flow 19-1663] Duplicate IP found for 'digilentinc.com:IP:PmodDHB1:1.0'. The one found in IP location 'z:/DAT096/vivado-library-master/ip/Pmods/PmodDHB1_v1_0' will take precedence over the same IP in location z:/DAT096/vivado-library-b0946605e3617c901635278b62d0f6a8e3942844/ip/Pmods/PmodDHB1_v1_0
WARNING: [IP_Flow 19-1663] Duplicate IP found for 'digilentinc.com:IP:PmodDPG1:1.0'. The one found in IP location 'z:/DAT096/vivado-library-master/ip/Pmods/PmodDPG1_v1_0' will take precedence over the same IP in location z:/DAT096/vivado-library-b0946605e3617c901635278b62d0f6a8e3942844/ip/Pmods/PmodDPG1_v1_0
WARNING: [IP_Flow 19-1663] Duplicate IP found for 'digilentinc.com:IP:PmodENC:1.0'. The one found in IP location 'z:/DAT096/vivado-library-master/ip/Pmods/PmodENC_v1_0' will take precedence over the same IP in location z:/DAT096/vivado-library-b0946605e3617c901635278b62d0f6a8e3942844/ip/Pmods/PmodENC_v1_0
WARNING: [IP_Flow 19-1663] Duplicate IP found for 'digilentinc.com:user:PmodESP32:1.0'. The one found in IP location 'z:/DAT096/vivado-library-master/ip/Pmods/PmodESP32_v1_0' will take precedence over the same IP in location z:/DAT096/vivado-library-b0946605e3617c901635278b62d0f6a8e3942844/ip/Pmods/PmodESP32_v1_0
WARNING: [IP_Flow 19-1663] Duplicate IP found for 'digilentinc.com:IP:PmodGPIO:1.0'. The one found in IP location 'z:/DAT096/vivado-library-master/ip/Pmods/PmodGPIO_v1_0' will take precedence over the same IP in location z:/DAT096/vivado-library-b0946605e3617c901635278b62d0f6a8e3942844/ip/Pmods/PmodGPIO_v1_0
WARNING: [IP_Flow 19-1663] Duplicate IP found for 'digilentinc.com:IP:PmodGPS:1.1'. The one found in IP location 'z:/DAT096/vivado-library-master/ip/Pmods/PmodGPS_v1_1' will take precedence over the same IP in location z:/DAT096/vivado-library-b0946605e3617c901635278b62d0f6a8e3942844/ip/Pmods/PmodGPS_v1_1
WARNING: [IP_Flow 19-1663] Duplicate IP found for 'digilentinc.com:IP:PmodGYRO:1.0'. The one found in IP location 'z:/DAT096/vivado-library-master/ip/Pmods/PmodGYRO_v1_0' will take precedence over the same IP in location z:/DAT096/vivado-library-b0946605e3617c901635278b62d0f6a8e3942844/ip/Pmods/PmodGYRO_v1_0
WARNING: [IP_Flow 19-1663] Duplicate IP found for 'digilentinc.com:IP:PmodHYGRO:1.0'. The one found in IP location 'z:/DAT096/vivado-library-master/ip/Pmods/PmodHYGRO_v1_0' will take precedence over the same IP in location z:/DAT096/vivado-library-b0946605e3617c901635278b62d0f6a8e3942844/ip/Pmods/PmodHYGRO_v1_0
WARNING: [IP_Flow 19-1663] Duplicate IP found for 'digilentinc.com:IP:PmodJSTK2:1.0'. The one found in IP location 'z:/DAT096/vivado-library-master/ip/Pmods/PmodJSTK2_v1_0' will take precedence over the same IP in location z:/DAT096/vivado-library-b0946605e3617c901635278b62d0f6a8e3942844/ip/Pmods/PmodJSTK2_v1_0
WARNING: [IP_Flow 19-1663] Duplicate IP found for 'digilentinc.com:IP:PmodJSTK:1.0'. The one found in IP location 'z:/DAT096/vivado-library-master/ip/Pmods/PmodJSTK_v1_0' will take precedence over the same IP in location z:/DAT096/vivado-library-b0946605e3617c901635278b62d0f6a8e3942844/ip/Pmods/PmodJSTK_v1_0
WARNING: [IP_Flow 19-1663] Duplicate IP found for 'digilentinc.com:IP:PmodKYPD:1.0'. The one found in IP location 'z:/DAT096/vivado-library-master/ip/Pmods/PmodKYPD_v1_0' will take precedence over the same IP in location z:/DAT096/vivado-library-b0946605e3617c901635278b62d0f6a8e3942844/ip/Pmods/PmodKYPD_v1_0
WARNING: [IP_Flow 19-1663] Duplicate IP found for 'digilentinc.com:IP:PmodMAXSONAR:1.0'. The one found in IP location 'z:/DAT096/vivado-library-master/ip/Pmods/PmodMAXSONAR_v1_0' will take precedence over the same IP in location z:/DAT096/vivado-library-b0946605e3617c901635278b62d0f6a8e3942844/ip/Pmods/PmodMAXSONAR_v1_0
WARNING: [IP_Flow 19-1663] Duplicate IP found for 'digilentinc.com:IP:PmodMTDS:1.0'. The one found in IP location 'z:/DAT096/vivado-library-master/ip/Pmods/PmodMTDS_v1_0' will take precedence over the same IP in location z:/DAT096/vivado-library-b0946605e3617c901635278b62d0f6a8e3942844/ip/Pmods/PmodMTDS_v1_0
WARNING: [IP_Flow 19-1663] Duplicate IP found for 'digilentinc.com:IP:PmodNAV:1.0'. The one found in IP location 'z:/DAT096/vivado-library-master/ip/Pmods/PmodNAV_v1_0' will take precedence over the same IP in location z:/DAT096/vivado-library-b0946605e3617c901635278b62d0f6a8e3942844/ip/Pmods/PmodNAV_v1_0
WARNING: [IP_Flow 19-1663] Duplicate IP found for 'digilentinc.com:IP:PmodOLEDrgb:1.0'. The one found in IP location 'z:/DAT096/vivado-library-master/ip/Pmods/pmodOLEDrgb_v1_0' will take precedence over the same IP in location z:/DAT096/vivado-library-b0946605e3617c901635278b62d0f6a8e3942844/ip/Pmods/pmodOLEDrgb_v1_0
WARNING: [IP_Flow 19-1663] Duplicate IP found for 'digilentinc.com:IP:PmodOLED:1.0'. The one found in IP location 'z:/DAT096/vivado-library-master/ip/Pmods/PmodOLED_v1_0' will take precedence over the same IP in location z:/DAT096/vivado-library-b0946605e3617c901635278b62d0f6a8e3942844/ip/Pmods/PmodOLED_v1_0
WARNING: [IP_Flow 19-1663] Duplicate IP found for 'digilentinc.com:IP:PmodPIR:1.0'. The one found in IP location 'z:/DAT096/vivado-library-master/ip/Pmods/PmodPIR_v1_0' will take precedence over the same IP in location z:/DAT096/vivado-library-b0946605e3617c901635278b62d0f6a8e3942844/ip/Pmods/PmodPIR_v1_0
WARNING: [IP_Flow 19-1663] Duplicate IP found for 'digilentinc.com:IP:PmodR2R:1.0'. The one found in IP location 'z:/DAT096/vivado-library-master/ip/Pmods/PmodR2R_v1_0' will take precedence over the same IP in location z:/DAT096/vivado-library-b0946605e3617c901635278b62d0f6a8e3942844/ip/Pmods/PmodR2R_v1_0
WARNING: [IP_Flow 19-1663] Duplicate IP found for 'digilentinc.com:IP:PmodRTCC:1.0'. The one found in IP location 'z:/DAT096/vivado-library-master/ip/Pmods/PmodRTCC_v1_0' will take precedence over the same IP in location z:/DAT096/vivado-library-b0946605e3617c901635278b62d0f6a8e3942844/ip/Pmods/PmodRTCC_v1_0
WARNING: [IP_Flow 19-1663] Duplicate IP found for 'digilentinc.com:IP:PmodSD:1.0'. The one found in IP location 'z:/DAT096/vivado-library-master/ip/Pmods/PmodSD_v1_0' will take precedence over the same IP in location z:/DAT096/vivado-library-b0946605e3617c901635278b62d0f6a8e3942844/ip/Pmods/PmodSD_v1_0
WARNING: [IP_Flow 19-1663] Duplicate IP found for 'digilentinc.com:IP:PmodSF3:1.0'. The one found in IP location 'z:/DAT096/vivado-library-master/ip/Pmods/PmodSF3_v1_0' will take precedence over the same IP in location z:/DAT096/vivado-library-b0946605e3617c901635278b62d0f6a8e3942844/ip/Pmods/PmodSF3_v1_0
WARNING: [IP_Flow 19-1663] Duplicate IP found for 'digilentinc.com:IP:PmodTC1:1.0'. The one found in IP location 'z:/DAT096/vivado-library-master/ip/Pmods/PmodTC1_v1_0' will take precedence over the same IP in location z:/DAT096/vivado-library-b0946605e3617c901635278b62d0f6a8e3942844/ip/Pmods/PmodTC1_v1_0
WARNING: [IP_Flow 19-1663] Duplicate IP found for 'digilentinc.com:IP:PmodTMP3:1.0'. The one found in IP location 'z:/DAT096/vivado-library-master/ip/Pmods/PmodTMP3_v1_0' will take precedence over the same IP in location z:/DAT096/vivado-library-b0946605e3617c901635278b62d0f6a8e3942844/ip/Pmods/PmodTMP3_v1_0
WARNING: [IP_Flow 19-1663] Duplicate IP found for 'digilentinc.com:IP:PmodWIFI:1.0'. The one found in IP location 'z:/DAT096/vivado-library-master/ip/Pmods/PmodWIFI_v1_0' will take precedence over the same IP in location z:/DAT096/vivado-library-b0946605e3617c901635278b62d0f6a8e3942844/ip/Pmods/PmodWIFI_v1_0
WARNING: [IP_Flow 19-1663] Duplicate IP found for 'digilentinc.com:ip:pmod_bridge:1.0'. The one found in IP location 'z:/DAT096/vivado-library-master/ip/Pmods/Pmod_Bridge_v1_0' will take precedence over the same IP in location z:/DAT096/vivado-library-b0946605e3617c901635278b62d0f6a8e3942844/ip/Pmods/Pmod_Bridge_v1_0
WARNING: [IP_Flow 19-1663] Duplicate IP found for 'digilentinc.com:ip:pmod_bridge:1.1'. The one found in IP location 'z:/DAT096/vivado-library-master/ip/Pmods/Pmod_Bridge_v1_1' will take precedence over the same IP in location z:/DAT096/vivado-library-b0946605e3617c901635278b62d0f6a8e3942844/ip/Pmods/Pmod_Bridge_v1_1
WARNING: [IP_Flow 19-1663] Duplicate IP found for 'digilentinc.com:IP:PWM:1.0'. The one found in IP location 'z:/DAT096/vivado-library-master/ip/PWM_1.0' will take precedence over the same IP in location z:/DAT096/vivado-library-b0946605e3617c901635278b62d0f6a8e3942844/ip/PWM_1.0
WARNING: [IP_Flow 19-1663] Duplicate IP found for 'digilentinc.com:IP:PWM:2.0'. The one found in IP location 'z:/DAT096/vivado-library-master/ip/PWM_2.0' will take precedence over the same IP in location z:/DAT096/vivado-library-b0946605e3617c901635278b62d0f6a8e3942844/ip/PWM_2.0
WARNING: [IP_Flow 19-1663] Duplicate IP found for 'digilentinc.com:IP:PWM_Analyzer:1.0'. The one found in IP location 'z:/DAT096/vivado-library-master/ip/PWM_Analyzer_1.0' will take precedence over the same IP in location z:/DAT096/vivado-library-b0946605e3617c901635278b62d0f6a8e3942844/ip/PWM_Analyzer_1.0
WARNING: [IP_Flow 19-1663] Duplicate IP found for 'digilentinc.com:ip:rgb2dvi:1.4'. The one found in IP location 'z:/DAT096/vivado-library-master/ip/rgb2dvi' will take precedence over the same IP in location z:/DAT096/vivado-library-b0946605e3617c901635278b62d0f6a8e3942844/ip/rgb2dvi
WARNING: [IP_Flow 19-4830] Duplicate Interface found for 'digilentinc.com:interface:pmod:1.0'. The one found in location 'z:/DAT096/vivado-library-b0946605e3617c901635278b62d0f6a8e3942844/if/pmod_v1_0/pmod.xml' will take precedence over the same Interface in location 'z:/DAT096/vivado-library-master/if/pmod_v1_0/pmod.xml'
WARNING: [IP_Flow 19-4830] Duplicate Interface found for 'digilentinc.com:interface:tmds:1.0'. The one found in location 'z:/DAT096/vivado-library-b0946605e3617c901635278b62d0f6a8e3942844/if/tmds_v1_0/tmds.xml' will take precedence over the same Interface in location 'z:/DAT096/vivado-library-master/if/tmds_v1_0/tmds.xml'
Upgrading 'Z:/DAT096/DAT096-krish/Embedded-System-Project-DAT096-krishna/Board_2/Board_2/Board_2.srcs/sources_1/bd/design_2/design_2.bd'
WARNING: [Vivado 12-1017] Problems encountered:
1. Failed to delete one or more files in run directory Z:/DAT096/DAT096-krish/Embedded-System-Project-DAT096-krishna/Board_2/Board_2/Board_2.runs/design_2_vcsel_conv_0_0_synth_1

INFO: [IP_Flow 19-3420] Updated design_2_vcsel_conv_0_0 to use current project options
Wrote  : <Z:\DAT096\DAT096-krish\Embedded-System-Project-DAT096-krishna\Board_2\Board_2\Board_2.srcs\sources_1\bd\design_2\design_2.bd> 
generate_target all [get_files  Z:/DAT096/DAT096-krish/Embedded-System-Project-DAT096-krishna/Board_2/Board_2/Board_2.srcs/sources_1/bd/design_2/design_2.bd]
WARNING: [BD 41-2670] Found an incomplete address path from address space '/processing_system7_0/Data' to master interface '/processing_system7_0/M_AXI_GP0'. Please either complete or remove this path to resolve.
WARNING: [BD 5-699] No address segments matched 'get_bd_addr_segs -of_objects /processing_system7_0/Data'
ERROR: [Common 17-161] Invalid option value '' specified for 'object'.
ERROR: [BD 41-1273] Error running propagate TCL procedure: ERROR: [Common 17-161] Invalid option value '' specified for 'object'.
    ::xilinx.com_ip_ila_6.2::propagate Line 95
INFO: [xilinx.com:ip:clk_wiz:6.0-1] /clk_wiz_0 clk_wiz propagate
Wrote  : <Z:\DAT096\DAT096-krish\Embedded-System-Project-DAT096-krishna\Board_2\Board_2\Board_2.srcs\sources_1\bd\design_2\design_2.bd> 
VHDL Output written to : z:/DAT096/DAT096-krish/Embedded-System-Project-DAT096-krishna/Board_2/Board_2/Board_2.gen/sources_1/bd/design_2/synth/design_2.vhd
VHDL Output written to : z:/DAT096/DAT096-krish/Embedded-System-Project-DAT096-krishna/Board_2/Board_2/Board_2.gen/sources_1/bd/design_2/sim/design_2.vhd
VHDL Output written to : z:/DAT096/DAT096-krish/Embedded-System-Project-DAT096-krishna/Board_2/Board_2/Board_2.gen/sources_1/bd/design_2/hdl/design_2_wrapper.vhd
INFO: [BD 41-1029] Generation completed for the IP Integrator block vcsel_conv_0 .
Exporting to file z:/DAT096/DAT096-krish/Embedded-System-Project-DAT096-krishna/Board_2/Board_2/Board_2.gen/sources_1/bd/design_2/hw_handoff/design_2.hwh
Generated Hardware Definition File z:/DAT096/DAT096-krish/Embedded-System-Project-DAT096-krishna/Board_2/Board_2/Board_2.gen/sources_1/bd/design_2/synth/design_2.hwdef
ERROR: [Common 17-39] 'generate_target' failed due to earlier errors.
report_ip_status -name ip_status 
reset_run synth_1
WARNING: [Vivado 12-1017] Problems encountered:
1. Failed to delete one or more files in run directory Z:/DAT096/DAT096-krish/Embedded-System-Project-DAT096-krishna/Board_2/Board_2/Board_2.runs/synth_1

launch_runs impl_1 -to_step write_bitstream -jobs 28
[Wed May 27 22:07:28 2026] Launched design_2_vcsel_conv_0_0_synth_1, synth_1...
Run output will be captured here:
design_2_vcsel_conv_0_0_synth_1: Z:/DAT096/DAT096-krish/Embedded-System-Project-DAT096-krishna/Board_2/Board_2/Board_2.runs/design_2_vcsel_conv_0_0_synth_1/runme.log
synth_1: Z:/DAT096/DAT096-krish/Embedded-System-Project-DAT096-krishna/Board_2/Board_2/Board_2.runs/synth_1/runme.log
[Wed May 27 22:07:28 2026] Launched impl_1...
Run output will be captured here: Z:/DAT096/DAT096-krish/Embedded-System-Project-DAT096-krishna/Board_2/Board_2/Board_2.runs/impl_1/runme.log
set_property PROBES.FILE {Z:/DAT096/DAT096-krish/Embedded-System-Project-DAT096-krishna/Board_2/Board_2/Board_2.runs/impl_1/design_2_wrapper.ltx} [get_hw_devices xc7z020_1_1]
set_property FULL_PROBES.FILE {Z:/DAT096/DAT096-krish/Embedded-System-Project-DAT096-krishna/Board_2/Board_2/Board_2.runs/impl_1/design_2_wrapper.ltx} [get_hw_devices xc7z020_1_1]
set_property PROGRAM.FILE {Z:/DAT096/DAT096-krish/Embedded-System-Project-DAT096-krishna/Board_2/Board_2/Board_2.runs/impl_1/design_2_wrapper.bit} [get_hw_devices xc7z020_1_1]
program_hw_devices [get_hw_devices xc7z020_1_1]
INFO: [Labtools 27-3164] End of startup status: HIGH
refresh_hw_device [lindex [get_hw_devices xc7z020_1_1] 0]
INFO: [Labtools 27-2302] Device xc7z020 (JTAG device index = 1) is programmed with a design that has 1 ILA core(s).
INFO: [Labtools 27-2302] Device xc7z020 (JTAG device index = 1) is programmed with a design that has 2 VIO core(s).
WARNING: [Labtools 27-1952] VIO hw_probe OUTPUT_VALUE properties for hw_vio(s) [hw_vio_2] differ from output values in the VIO core(s).
Resolution: 
To synchronize the hw_probes properties and the VIO core outputs choose one of the following alternatives:
  1) Execute the command 'Commit Output Values to VIO Core', to write down the hw_probe values to the core.
  2) Execute the command 'Refresh Input and Output Values from VIO Core', to update the hw_probe properties with the core values.
  3) First restore initial values in the core with the command 'Reset VIO Core Outputs', and then execute the command 'Refresh Input and Output Values from VIO Core'.
run_hw_ila [get_hw_ilas -of_objects [get_hw_devices xc7z020_1_1] -filter {CELL_NAME=~"design_2_i/ila_0"}]
INFO: [Labtools 27-1964] The ILA core 'hw_ila_1' trigger was armed at 2026-May-27 22:11:49
wait_on_hw_ila [get_hw_ilas -of_objects [get_hw_devices xc7z020_1_1] -filter {CELL_NAME=~"design_2_i/ila_0"}]
display_hw_ila_data [upload_hw_ila_data [get_hw_ilas -of_objects [get_hw_devices xc7z020_1_1] -filter {CELL_NAME=~"design_2_i/ila_0"}]]
INFO: [Labtools 27-1966] The ILA core 'hw_ila_1' triggered at 2026-May-27 22:11:49
INFO: [Labtools 27-3304] ILA Waveform data saved to file Z:/DAT096/DAT096-krish/Embedded-System-Project-DAT096-krishna/Board_2/Board_2/Board_2.hw/backup/hw_ila_data_1.ila. Use Tcl command 'read_hw_ila_data' or Vivado File->Import->Import ILA Data menu item to import the previously saved data.
open_bd_design {Z:/DAT096/DAT096-krish/Embedded-System-Project-DAT096-krishna/Board_2/Board_2/Board_2.srcs/sources_1/bd/design_2/design_2.bd}
open_bd_design {Z:/DAT096/DAT096-krish/Embedded-System-Project-DAT096-krishna/Board_2/Board_2/Board_2.srcs/sources_1/bd/design_2/design_2.bd}
CRITICAL WARNING: [HDL 9-1206] Syntax error near ''' [Z:/DAT096/DAT096-krish/Embedded-System-Project-DAT096-krishna/Board_2/Board_2/Board_2.srcs/sources_1/new/vcsel_conv.vhd:63]
CRITICAL WARNING: [HDL 9-1206] Syntax error near ''' [Z:/DAT096/DAT096-krish/Embedded-System-Project-DAT096-krishna/Board_2/Board_2/Board_2.srcs/sources_1/new/vcsel_conv.vhd:63]
CRITICAL WARNING: [HDL 9-1206] Syntax error near ''' [Z:/DAT096/DAT096-krish/Embedded-System-Project-DAT096-krishna/Board_2/Board_2/Board_2.srcs/sources_1/new/vcsel_conv.vhd:63]
CRITICAL WARNING: [HDL 9-1206] Syntax error near ''' [Z:/DAT096/DAT096-krish/Embedded-System-Project-DAT096-krishna/Board_2/Board_2/Board_2.srcs/sources_1/new/vcsel_conv.vhd:63]
report_ip_status -name ip_status 
update_module_reference [get_ips  design_2_vcsel_conv_0_0]
INFO: [IP_Flow 19-5107] Inferred bus interface 'clk' of definition 'xilinx.com:signal:clock:1.0' (from Xilinx Repository).
WARNING: [IP_Flow 19-5661] Bus Interface 'clk' does not have any bus interfaces associated with it.
WARNING: [IP_Flow 19-11770] Clock interface 'clk' has no FREQ_HZ parameter.
WARNING: [IP_Flow 19-1663] Duplicate IP found for 'digilentinc.com:user:axi_i2s_adi:1.2'. The one found in IP location 'z:/DAT096/vivado-library-b0946605e3617c901635278b62d0f6a8e3942844/ip/axi_i2s_adi_1.2' will take precedence over the same IP in location z:/DAT096/vivado-library-master/ip/axi_i2s_adi_1.2
WARNING: [IP_Flow 19-1663] Duplicate IP found for 'digilentinc.com:IP:axi_ps2:1.0'. The one found in IP location 'z:/DAT096/vivado-library-b0946605e3617c901635278b62d0f6a8e3942844/ip/axi_ps2_1.0' will take precedence over the same IP in location z:/DAT096/vivado-library-master/ip/axi_ps2_1.0
WARNING: [IP_Flow 19-1663] Duplicate IP found for 'digilentinc.com:ip:clock_forwarder:1.1'. The one found in IP location 'z:/DAT096/vivado-library-b0946605e3617c901635278b62d0f6a8e3942844/ip/clock_forwarder' will take precedence over the same IP in location z:/DAT096/vivado-library-master/ip/clock_forwarder
WARNING: [IP_Flow 19-1663] Duplicate IP found for 'digilentinc.com:IP:hls_contrast_stretch:1.0'. The one found in IP location 'z:/DAT096/vivado-library-b0946605e3617c901635278b62d0f6a8e3942844/ip/hls_contrast_stretch_1_0' will take precedence over the same IP in location z:/DAT096/vivado-library-master/ip/hls_contrast_stretch_1_0
WARNING: [IP_Flow 19-1663] Duplicate IP found for 'digilentinc.com:IP:hls_gamma_correction:1.0'. The one found in IP location 'z:/DAT096/vivado-library-b0946605e3617c901635278b62d0f6a8e3942844/ip/hls_gamma_correction_1_0' will take precedence over the same IP in location z:/DAT096/vivado-library-master/ip/hls_gamma_correction_1_0
WARNING: [IP_Flow 19-1663] Duplicate IP found for 'digilentinc.com:IP:hls_saturation_enhance:1.0'. The one found in IP location 'z:/DAT096/vivado-library-b0946605e3617c901635278b62d0f6a8e3942844/ip/hls_saturation_enhance_1_0' will take precedence over the same IP in location z:/DAT096/vivado-library-master/ip/hls_saturation_enhance_1_0
WARNING: [IP_Flow 19-1663] Duplicate IP found for 'digilentinc.com:ip:rgb2dpvid:1.0'. The one found in IP location 'z:/DAT096/vivado-library-b0946605e3617c901635278b62d0f6a8e3942844/ip/rgb2dpvid_v1_0' will take precedence over the same IP in location z:/DAT096/vivado-library-master/ip/rgb2dpvid_v1_0
WARNING: [IP_Flow 19-1663] Duplicate IP found for 'digilentinc.com:ip:rgb2vga:1.0'. The one found in IP location 'z:/DAT096/vivado-library-b0946605e3617c901635278b62d0f6a8e3942844/ip/rgb2vga_v1_0' will take precedence over the same IP in location z:/DAT096/vivado-library-master/ip/rgb2vga_v1_0
WARNING: [IP_Flow 19-1663] Duplicate IP found for 'digilentinc.com:ip:Sync:1.0'. The one found in IP location 'z:/DAT096/vivado-library-b0946605e3617c901635278b62d0f6a8e3942844/ip/Sync_v1_0' will take precedence over the same IP in location z:/DAT096/vivado-library-master/ip/Sync_v1_0
WARNING: [IP_Flow 19-1663] Duplicate IP found for 'digilentinc.com:ip:usb2device:1.0'. The one found in IP location 'z:/DAT096/vivado-library-b0946605e3617c901635278b62d0f6a8e3942844/ip/usb2device_v1_0' will take precedence over the same IP in location z:/DAT096/vivado-library-master/ip/usb2device_v1_0
WARNING: [IP_Flow 19-1663] Duplicate IP found for 'digilentinc.com:video:video_scaler:1.0'. The one found in IP location 'z:/DAT096/vivado-library-b0946605e3617c901635278b62d0f6a8e3942844/ip/video_scaler' will take precedence over the same IP in location z:/DAT096/vivado-library-master/ip/video_scaler
WARNING: [IP_Flow 19-1663] Duplicate IP found for 'digilentinc.com:ip:dvi2rgb:2.0'. The one found in IP location 'z:/DAT096/vivado-library-master/ip/dvi2rgb' will take precedence over the same IP in location z:/DAT096/vivado-library-b0946605e3617c901635278b62d0f6a8e3942844/ip/dvi2rgb
WARNING: [IP_Flow 19-1663] Duplicate IP found for 'digilentinc.com:IP:MotorFeedback:1.0'. The one found in IP location 'z:/DAT096/vivado-library-master/ip/MotorFeedback_1.0' will take precedence over the same IP in location z:/DAT096/vivado-library-b0946605e3617c901635278b62d0f6a8e3942844/ip/MotorFeedback_1.0
WARNING: [IP_Flow 19-1663] Duplicate IP found for 'digilentinc.com:IP:PmodACL2:1.0'. The one found in IP location 'z:/DAT096/vivado-library-master/ip/Pmods/PmodACL2_v1_0' will take precedence over the same IP in location z:/DAT096/vivado-library-b0946605e3617c901635278b62d0f6a8e3942844/ip/Pmods/PmodACL2_v1_0
WARNING: [IP_Flow 19-1663] Duplicate IP found for 'digilentinc.com:IP:PmodACL:1.0'. The one found in IP location 'z:/DAT096/vivado-library-master/ip/Pmods/PmodACL_v1_0' will take precedence over the same IP in location z:/DAT096/vivado-library-b0946605e3617c901635278b62d0f6a8e3942844/ip/Pmods/PmodACL_v1_0
WARNING: [IP_Flow 19-1663] Duplicate IP found for 'digilentinc.com:IP:PmodAD1:1.0'. The one found in IP location 'z:/DAT096/vivado-library-master/ip/Pmods/PmodAD1_v1_0' will take precedence over the same IP in location z:/DAT096/vivado-library-b0946605e3617c901635278b62d0f6a8e3942844/ip/Pmods/PmodAD1_v1_0
WARNING: [IP_Flow 19-1663] Duplicate IP found for 'digilentinc.com:IP:PmodAD2:1.0'. The one found in IP location 'z:/DAT096/vivado-library-master/ip/Pmods/PmodAD2_v1_0' will take precedence over the same IP in location z:/DAT096/vivado-library-b0946605e3617c901635278b62d0f6a8e3942844/ip/Pmods/PmodAD2_v1_0
WARNING: [IP_Flow 19-1663] Duplicate IP found for 'digilentinc.com:IP:PmodAD5:1.0'. The one found in IP location 'z:/DAT096/vivado-library-master/ip/Pmods/PmodAD5_v1_0' will take precedence over the same IP in location z:/DAT096/vivado-library-b0946605e3617c901635278b62d0f6a8e3942844/ip/Pmods/PmodAD5_v1_0
WARNING: [IP_Flow 19-1663] Duplicate IP found for 'digilentinc.com:IP:PmodALS:1.0'. The one found in IP location 'z:/DAT096/vivado-library-master/ip/Pmods/PmodALS_v1_0' will take precedence over the same IP in location z:/DAT096/vivado-library-b0946605e3617c901635278b62d0f6a8e3942844/ip/Pmods/PmodALS_v1_0
WARNING: [IP_Flow 19-1663] Duplicate IP found for 'digilentinc.com:IP:PmodAMP2:1.0'. The one found in IP location 'z:/DAT096/vivado-library-master/ip/Pmods/PmodAMP2_v1_0' will take precedence over the same IP in location z:/DAT096/vivado-library-b0946605e3617c901635278b62d0f6a8e3942844/ip/Pmods/PmodAMP2_v1_0
WARNING: [IP_Flow 19-1663] Duplicate IP found for 'digilentinc.com:IP:PmodAQS:1.0'. The one found in IP location 'z:/DAT096/vivado-library-master/ip/Pmods/PmodAQS_v1_0' will take precedence over the same IP in location z:/DAT096/vivado-library-b0946605e3617c901635278b62d0f6a8e3942844/ip/Pmods/PmodAQS_v1_0
WARNING: [IP_Flow 19-1663] Duplicate IP found for 'digilentinc.com:IP:PmodBLE:1.0'. The one found in IP location 'z:/DAT096/vivado-library-master/ip/Pmods/PmodBLE_v1_0' will take precedence over the same IP in location z:/DAT096/vivado-library-b0946605e3617c901635278b62d0f6a8e3942844/ip/Pmods/PmodBLE_v1_0
WARNING: [IP_Flow 19-1663] Duplicate IP found for 'digilentinc.com:IP:PmodBT2:1.0'. The one found in IP location 'z:/DAT096/vivado-library-master/ip/Pmods/PmodBT2_v1_0' will take precedence over the same IP in location z:/DAT096/vivado-library-b0946605e3617c901635278b62d0f6a8e3942844/ip/Pmods/PmodBT2_v1_0
WARNING: [IP_Flow 19-1663] Duplicate IP found for 'digilentinc.com:IP:PmodCAN:1.0'. The one found in IP location 'z:/DAT096/vivado-library-master/ip/Pmods/PmodCAN_v1_0' will take precedence over the same IP in location z:/DAT096/vivado-library-b0946605e3617c901635278b62d0f6a8e3942844/ip/Pmods/PmodCAN_v1_0
WARNING: [IP_Flow 19-1663] Duplicate IP found for 'digilentinc.com:IP:PmodCLS:1.0'. The one found in IP location 'z:/DAT096/vivado-library-master/ip/Pmods/PmodCLS_v1_0' will take precedence over the same IP in location z:/DAT096/vivado-library-b0946605e3617c901635278b62d0f6a8e3942844/ip/Pmods/PmodCLS_v1_0
WARNING: [IP_Flow 19-1663] Duplicate IP found for 'digilentinc.com:IP:PmodCMPS2:1.0'. The one found in IP location 'z:/DAT096/vivado-library-master/ip/Pmods/PmodCMPS2_v1_0' will take precedence over the same IP in location z:/DAT096/vivado-library-b0946605e3617c901635278b62d0f6a8e3942844/ip/Pmods/PmodCMPS2_v1_0
WARNING: [IP_Flow 19-1663] Duplicate IP found for 'digilentinc.com:IP:PmodCOLOR:1.0'. The one found in IP location 'z:/DAT096/vivado-library-master/ip/Pmods/PmodCOLOR_v1_0' will take precedence over the same IP in location z:/DAT096/vivado-library-b0946605e3617c901635278b62d0f6a8e3942844/ip/Pmods/PmodCOLOR_v1_0
WARNING: [IP_Flow 19-1663] Duplicate IP found for 'digilentinc.com:IP:PmodDA1:1.0'. The one found in IP location 'z:/DAT096/vivado-library-master/ip/Pmods/PmodDA1_v1_0' will take precedence over the same IP in location z:/DAT096/vivado-library-b0946605e3617c901635278b62d0f6a8e3942844/ip/Pmods/PmodDA1_v1_0
WARNING: [IP_Flow 19-1663] Duplicate IP found for 'digilentinc.com:IP:PmodDHB1:1.0'. The one found in IP location 'z:/DAT096/vivado-library-master/ip/Pmods/PmodDHB1_v1_0' will take precedence over the same IP in location z:/DAT096/vivado-library-b0946605e3617c901635278b62d0f6a8e3942844/ip/Pmods/PmodDHB1_v1_0
WARNING: [IP_Flow 19-1663] Duplicate IP found for 'digilentinc.com:IP:PmodDPG1:1.0'. The one found in IP location 'z:/DAT096/vivado-library-master/ip/Pmods/PmodDPG1_v1_0' will take precedence over the same IP in location z:/DAT096/vivado-library-b0946605e3617c901635278b62d0f6a8e3942844/ip/Pmods/PmodDPG1_v1_0
WARNING: [IP_Flow 19-1663] Duplicate IP found for 'digilentinc.com:IP:PmodENC:1.0'. The one found in IP location 'z:/DAT096/vivado-library-master/ip/Pmods/PmodENC_v1_0' will take precedence over the same IP in location z:/DAT096/vivado-library-b0946605e3617c901635278b62d0f6a8e3942844/ip/Pmods/PmodENC_v1_0
WARNING: [IP_Flow 19-1663] Duplicate IP found for 'digilentinc.com:user:PmodESP32:1.0'. The one found in IP location 'z:/DAT096/vivado-library-master/ip/Pmods/PmodESP32_v1_0' will take precedence over the same IP in location z:/DAT096/vivado-library-b0946605e3617c901635278b62d0f6a8e3942844/ip/Pmods/PmodESP32_v1_0
WARNING: [IP_Flow 19-1663] Duplicate IP found for 'digilentinc.com:IP:PmodGPIO:1.0'. The one found in IP location 'z:/DAT096/vivado-library-master/ip/Pmods/PmodGPIO_v1_0' will take precedence over the same IP in location z:/DAT096/vivado-library-b0946605e3617c901635278b62d0f6a8e3942844/ip/Pmods/PmodGPIO_v1_0
WARNING: [IP_Flow 19-1663] Duplicate IP found for 'digilentinc.com:IP:PmodGPS:1.1'. The one found in IP location 'z:/DAT096/vivado-library-master/ip/Pmods/PmodGPS_v1_1' will take precedence over the same IP in location z:/DAT096/vivado-library-b0946605e3617c901635278b62d0f6a8e3942844/ip/Pmods/PmodGPS_v1_1
WARNING: [IP_Flow 19-1663] Duplicate IP found for 'digilentinc.com:IP:PmodGYRO:1.0'. The one found in IP location 'z:/DAT096/vivado-library-master/ip/Pmods/PmodGYRO_v1_0' will take precedence over the same IP in location z:/DAT096/vivado-library-b0946605e3617c901635278b62d0f6a8e3942844/ip/Pmods/PmodGYRO_v1_0
WARNING: [IP_Flow 19-1663] Duplicate IP found for 'digilentinc.com:IP:PmodHYGRO:1.0'. The one found in IP location 'z:/DAT096/vivado-library-master/ip/Pmods/PmodHYGRO_v1_0' will take precedence over the same IP in location z:/DAT096/vivado-library-b0946605e3617c901635278b62d0f6a8e3942844/ip/Pmods/PmodHYGRO_v1_0
WARNING: [IP_Flow 19-1663] Duplicate IP found for 'digilentinc.com:IP:PmodJSTK2:1.0'. The one found in IP location 'z:/DAT096/vivado-library-master/ip/Pmods/PmodJSTK2_v1_0' will take precedence over the same IP in location z:/DAT096/vivado-library-b0946605e3617c901635278b62d0f6a8e3942844/ip/Pmods/PmodJSTK2_v1_0
WARNING: [IP_Flow 19-1663] Duplicate IP found for 'digilentinc.com:IP:PmodJSTK:1.0'. The one found in IP location 'z:/DAT096/vivado-library-master/ip/Pmods/PmodJSTK_v1_0' will take precedence over the same IP in location z:/DAT096/vivado-library-b0946605e3617c901635278b62d0f6a8e3942844/ip/Pmods/PmodJSTK_v1_0
WARNING: [IP_Flow 19-1663] Duplicate IP found for 'digilentinc.com:IP:PmodKYPD:1.0'. The one found in IP location 'z:/DAT096/vivado-library-master/ip/Pmods/PmodKYPD_v1_0' will take precedence over the same IP in location z:/DAT096/vivado-library-b0946605e3617c901635278b62d0f6a8e3942844/ip/Pmods/PmodKYPD_v1_0
WARNING: [IP_Flow 19-1663] Duplicate IP found for 'digilentinc.com:IP:PmodMAXSONAR:1.0'. The one found in IP location 'z:/DAT096/vivado-library-master/ip/Pmods/PmodMAXSONAR_v1_0' will take precedence over the same IP in location z:/DAT096/vivado-library-b0946605e3617c901635278b62d0f6a8e3942844/ip/Pmods/PmodMAXSONAR_v1_0
WARNING: [IP_Flow 19-1663] Duplicate IP found for 'digilentinc.com:IP:PmodMTDS:1.0'. The one found in IP location 'z:/DAT096/vivado-library-master/ip/Pmods/PmodMTDS_v1_0' will take precedence over the same IP in location z:/DAT096/vivado-library-b0946605e3617c901635278b62d0f6a8e3942844/ip/Pmods/PmodMTDS_v1_0
WARNING: [IP_Flow 19-1663] Duplicate IP found for 'digilentinc.com:IP:PmodNAV:1.0'. The one found in IP location 'z:/DAT096/vivado-library-master/ip/Pmods/PmodNAV_v1_0' will take precedence over the same IP in location z:/DAT096/vivado-library-b0946605e3617c901635278b62d0f6a8e3942844/ip/Pmods/PmodNAV_v1_0
WARNING: [IP_Flow 19-1663] Duplicate IP found for 'digilentinc.com:IP:PmodOLEDrgb:1.0'. The one found in IP location 'z:/DAT096/vivado-library-master/ip/Pmods/pmodOLEDrgb_v1_0' will take precedence over the same IP in location z:/DAT096/vivado-library-b0946605e3617c901635278b62d0f6a8e3942844/ip/Pmods/pmodOLEDrgb_v1_0
WARNING: [IP_Flow 19-1663] Duplicate IP found for 'digilentinc.com:IP:PmodOLED:1.0'. The one found in IP location 'z:/DAT096/vivado-library-master/ip/Pmods/PmodOLED_v1_0' will take precedence over the same IP in location z:/DAT096/vivado-library-b0946605e3617c901635278b62d0f6a8e3942844/ip/Pmods/PmodOLED_v1_0
WARNING: [IP_Flow 19-1663] Duplicate IP found for 'digilentinc.com:IP:PmodPIR:1.0'. The one found in IP location 'z:/DAT096/vivado-library-master/ip/Pmods/PmodPIR_v1_0' will take precedence over the same IP in location z:/DAT096/vivado-library-b0946605e3617c901635278b62d0f6a8e3942844/ip/Pmods/PmodPIR_v1_0
WARNING: [IP_Flow 19-1663] Duplicate IP found for 'digilentinc.com:IP:PmodR2R:1.0'. The one found in IP location 'z:/DAT096/vivado-library-master/ip/Pmods/PmodR2R_v1_0' will take precedence over the same IP in location z:/DAT096/vivado-library-b0946605e3617c901635278b62d0f6a8e3942844/ip/Pmods/PmodR2R_v1_0
WARNING: [IP_Flow 19-1663] Duplicate IP found for 'digilentinc.com:IP:PmodRTCC:1.0'. The one found in IP location 'z:/DAT096/vivado-library-master/ip/Pmods/PmodRTCC_v1_0' will take precedence over the same IP in location z:/DAT096/vivado-library-b0946605e3617c901635278b62d0f6a8e3942844/ip/Pmods/PmodRTCC_v1_0
WARNING: [IP_Flow 19-1663] Duplicate IP found for 'digilentinc.com:IP:PmodSD:1.0'. The one found in IP location 'z:/DAT096/vivado-library-master/ip/Pmods/PmodSD_v1_0' will take precedence over the same IP in location z:/DAT096/vivado-library-b0946605e3617c901635278b62d0f6a8e3942844/ip/Pmods/PmodSD_v1_0
WARNING: [IP_Flow 19-1663] Duplicate IP found for 'digilentinc.com:IP:PmodSF3:1.0'. The one found in IP location 'z:/DAT096/vivado-library-master/ip/Pmods/PmodSF3_v1_0' will take precedence over the same IP in location z:/DAT096/vivado-library-b0946605e3617c901635278b62d0f6a8e3942844/ip/Pmods/PmodSF3_v1_0
WARNING: [IP_Flow 19-1663] Duplicate IP found for 'digilentinc.com:IP:PmodTC1:1.0'. The one found in IP location 'z:/DAT096/vivado-library-master/ip/Pmods/PmodTC1_v1_0' will take precedence over the same IP in location z:/DAT096/vivado-library-b0946605e3617c901635278b62d0f6a8e3942844/ip/Pmods/PmodTC1_v1_0
WARNING: [IP_Flow 19-1663] Duplicate IP found for 'digilentinc.com:IP:PmodTMP3:1.0'. The one found in IP location 'z:/DAT096/vivado-library-master/ip/Pmods/PmodTMP3_v1_0' will take precedence over the same IP in location z:/DAT096/vivado-library-b0946605e3617c901635278b62d0f6a8e3942844/ip/Pmods/PmodTMP3_v1_0
WARNING: [IP_Flow 19-1663] Duplicate IP found for 'digilentinc.com:IP:PmodWIFI:1.0'. The one found in IP location 'z:/DAT096/vivado-library-master/ip/Pmods/PmodWIFI_v1_0' will take precedence over the same IP in location z:/DAT096/vivado-library-b0946605e3617c901635278b62d0f6a8e3942844/ip/Pmods/PmodWIFI_v1_0
WARNING: [IP_Flow 19-1663] Duplicate IP found for 'digilentinc.com:ip:pmod_bridge:1.0'. The one found in IP location 'z:/DAT096/vivado-library-master/ip/Pmods/Pmod_Bridge_v1_0' will take precedence over the same IP in location z:/DAT096/vivado-library-b0946605e3617c901635278b62d0f6a8e3942844/ip/Pmods/Pmod_Bridge_v1_0
WARNING: [IP_Flow 19-1663] Duplicate IP found for 'digilentinc.com:ip:pmod_bridge:1.1'. The one found in IP location 'z:/DAT096/vivado-library-master/ip/Pmods/Pmod_Bridge_v1_1' will take precedence over the same IP in location z:/DAT096/vivado-library-b0946605e3617c901635278b62d0f6a8e3942844/ip/Pmods/Pmod_Bridge_v1_1
WARNING: [IP_Flow 19-1663] Duplicate IP found for 'digilentinc.com:IP:PWM:1.0'. The one found in IP location 'z:/DAT096/vivado-library-master/ip/PWM_1.0' will take precedence over the same IP in location z:/DAT096/vivado-library-b0946605e3617c901635278b62d0f6a8e3942844/ip/PWM_1.0
WARNING: [IP_Flow 19-1663] Duplicate IP found for 'digilentinc.com:IP:PWM:2.0'. The one found in IP location 'z:/DAT096/vivado-library-master/ip/PWM_2.0' will take precedence over the same IP in location z:/DAT096/vivado-library-b0946605e3617c901635278b62d0f6a8e3942844/ip/PWM_2.0
WARNING: [IP_Flow 19-1663] Duplicate IP found for 'digilentinc.com:IP:PWM_Analyzer:1.0'. The one found in IP location 'z:/DAT096/vivado-library-master/ip/PWM_Analyzer_1.0' will take precedence over the same IP in location z:/DAT096/vivado-library-b0946605e3617c901635278b62d0f6a8e3942844/ip/PWM_Analyzer_1.0
WARNING: [IP_Flow 19-1663] Duplicate IP found for 'digilentinc.com:ip:rgb2dvi:1.4'. The one found in IP location 'z:/DAT096/vivado-library-master/ip/rgb2dvi' will take precedence over the same IP in location z:/DAT096/vivado-library-b0946605e3617c901635278b62d0f6a8e3942844/ip/rgb2dvi
WARNING: [IP_Flow 19-4830] Duplicate Interface found for 'digilentinc.com:interface:pmod:1.0'. The one found in location 'z:/DAT096/vivado-library-b0946605e3617c901635278b62d0f6a8e3942844/if/pmod_v1_0/pmod.xml' will take precedence over the same Interface in location 'z:/DAT096/vivado-library-master/if/pmod_v1_0/pmod.xml'
WARNING: [IP_Flow 19-4830] Duplicate Interface found for 'digilentinc.com:interface:tmds:1.0'. The one found in location 'z:/DAT096/vivado-library-b0946605e3617c901635278b62d0f6a8e3942844/if/tmds_v1_0/tmds.xml' will take precedence over the same Interface in location 'z:/DAT096/vivado-library-master/if/tmds_v1_0/tmds.xml'
INFO: [IP_Flow 19-5107] Inferred bus interface 'clk' of definition 'xilinx.com:signal:clock:1.0' (from Xilinx Repository).
WARNING: [IP_Flow 19-5661] Bus Interface 'clk' does not have any bus interfaces associated with it.
WARNING: [IP_Flow 19-11770] Clock interface 'clk' has no FREQ_HZ parameter.
WARNING: [IP_Flow 19-1663] Duplicate IP found for 'digilentinc.com:user:axi_i2s_adi:1.2'. The one found in IP location 'z:/DAT096/vivado-library-b0946605e3617c901635278b62d0f6a8e3942844/ip/axi_i2s_adi_1.2' will take precedence over the same IP in location z:/DAT096/vivado-library-master/ip/axi_i2s_adi_1.2
WARNING: [IP_Flow 19-1663] Duplicate IP found for 'digilentinc.com:IP:axi_ps2:1.0'. The one found in IP location 'z:/DAT096/vivado-library-b0946605e3617c901635278b62d0f6a8e3942844/ip/axi_ps2_1.0' will take precedence over the same IP in location z:/DAT096/vivado-library-master/ip/axi_ps2_1.0
WARNING: [IP_Flow 19-1663] Duplicate IP found for 'digilentinc.com:ip:clock_forwarder:1.1'. The one found in IP location 'z:/DAT096/vivado-library-b0946605e3617c901635278b62d0f6a8e3942844/ip/clock_forwarder' will take precedence over the same IP in location z:/DAT096/vivado-library-master/ip/clock_forwarder
WARNING: [IP_Flow 19-1663] Duplicate IP found for 'digilentinc.com:IP:hls_contrast_stretch:1.0'. The one found in IP location 'z:/DAT096/vivado-library-b0946605e3617c901635278b62d0f6a8e3942844/ip/hls_contrast_stretch_1_0' will take precedence over the same IP in location z:/DAT096/vivado-library-master/ip/hls_contrast_stretch_1_0
WARNING: [IP_Flow 19-1663] Duplicate IP found for 'digilentinc.com:IP:hls_gamma_correction:1.0'. The one found in IP location 'z:/DAT096/vivado-library-b0946605e3617c901635278b62d0f6a8e3942844/ip/hls_gamma_correction_1_0' will take precedence over the same IP in location z:/DAT096/vivado-library-master/ip/hls_gamma_correction_1_0
WARNING: [IP_Flow 19-1663] Duplicate IP found for 'digilentinc.com:IP:hls_saturation_enhance:1.0'. The one found in IP location 'z:/DAT096/vivado-library-b0946605e3617c901635278b62d0f6a8e3942844/ip/hls_saturation_enhance_1_0' will take precedence over the same IP in location z:/DAT096/vivado-library-master/ip/hls_saturation_enhance_1_0
WARNING: [IP_Flow 19-1663] Duplicate IP found for 'digilentinc.com:ip:rgb2dpvid:1.0'. The one found in IP location 'z:/DAT096/vivado-library-b0946605e3617c901635278b62d0f6a8e3942844/ip/rgb2dpvid_v1_0' will take precedence over the same IP in location z:/DAT096/vivado-library-master/ip/rgb2dpvid_v1_0
WARNING: [IP_Flow 19-1663] Duplicate IP found for 'digilentinc.com:ip:rgb2vga:1.0'. The one found in IP location 'z:/DAT096/vivado-library-b0946605e3617c901635278b62d0f6a8e3942844/ip/rgb2vga_v1_0' will take precedence over the same IP in location z:/DAT096/vivado-library-master/ip/rgb2vga_v1_0
WARNING: [IP_Flow 19-1663] Duplicate IP found for 'digilentinc.com:ip:Sync:1.0'. The one found in IP location 'z:/DAT096/vivado-library-b0946605e3617c901635278b62d0f6a8e3942844/ip/Sync_v1_0' will take precedence over the same IP in location z:/DAT096/vivado-library-master/ip/Sync_v1_0
WARNING: [IP_Flow 19-1663] Duplicate IP found for 'digilentinc.com:ip:usb2device:1.0'. The one found in IP location 'z:/DAT096/vivado-library-b0946605e3617c901635278b62d0f6a8e3942844/ip/usb2device_v1_0' will take precedence over the same IP in location z:/DAT096/vivado-library-master/ip/usb2device_v1_0
WARNING: [IP_Flow 19-1663] Duplicate IP found for 'digilentinc.com:video:video_scaler:1.0'. The one found in IP location 'z:/DAT096/vivado-library-b0946605e3617c901635278b62d0f6a8e3942844/ip/video_scaler' will take precedence over the same IP in location z:/DAT096/vivado-library-master/ip/video_scaler
WARNING: [IP_Flow 19-1663] Duplicate IP found for 'digilentinc.com:ip:dvi2rgb:2.0'. The one found in IP location 'z:/DAT096/vivado-library-master/ip/dvi2rgb' will take precedence over the same IP in location z:/DAT096/vivado-library-b0946605e3617c901635278b62d0f6a8e3942844/ip/dvi2rgb
WARNING: [IP_Flow 19-1663] Duplicate IP found for 'digilentinc.com:IP:MotorFeedback:1.0'. The one found in IP location 'z:/DAT096/vivado-library-master/ip/MotorFeedback_1.0' will take precedence over the same IP in location z:/DAT096/vivado-library-b0946605e3617c901635278b62d0f6a8e3942844/ip/MotorFeedback_1.0
WARNING: [IP_Flow 19-1663] Duplicate IP found for 'digilentinc.com:IP:PmodACL2:1.0'. The one found in IP location 'z:/DAT096/vivado-library-master/ip/Pmods/PmodACL2_v1_0' will take precedence over the same IP in location z:/DAT096/vivado-library-b0946605e3617c901635278b62d0f6a8e3942844/ip/Pmods/PmodACL2_v1_0
WARNING: [IP_Flow 19-1663] Duplicate IP found for 'digilentinc.com:IP:PmodACL:1.0'. The one found in IP location 'z:/DAT096/vivado-library-master/ip/Pmods/PmodACL_v1_0' will take precedence over the same IP in location z:/DAT096/vivado-library-b0946605e3617c901635278b62d0f6a8e3942844/ip/Pmods/PmodACL_v1_0
WARNING: [IP_Flow 19-1663] Duplicate IP found for 'digilentinc.com:IP:PmodAD1:1.0'. The one found in IP location 'z:/DAT096/vivado-library-master/ip/Pmods/PmodAD1_v1_0' will take precedence over the same IP in location z:/DAT096/vivado-library-b0946605e3617c901635278b62d0f6a8e3942844/ip/Pmods/PmodAD1_v1_0
WARNING: [IP_Flow 19-1663] Duplicate IP found for 'digilentinc.com:IP:PmodAD2:1.0'. The one found in IP location 'z:/DAT096/vivado-library-master/ip/Pmods/PmodAD2_v1_0' will take precedence over the same IP in location z:/DAT096/vivado-library-b0946605e3617c901635278b62d0f6a8e3942844/ip/Pmods/PmodAD2_v1_0
WARNING: [IP_Flow 19-1663] Duplicate IP found for 'digilentinc.com:IP:PmodAD5:1.0'. The one found in IP location 'z:/DAT096/vivado-library-master/ip/Pmods/PmodAD5_v1_0' will take precedence over the same IP in location z:/DAT096/vivado-library-b0946605e3617c901635278b62d0f6a8e3942844/ip/Pmods/PmodAD5_v1_0
WARNING: [IP_Flow 19-1663] Duplicate IP found for 'digilentinc.com:IP:PmodALS:1.0'. The one found in IP location 'z:/DAT096/vivado-library-master/ip/Pmods/PmodALS_v1_0' will take precedence over the same IP in location z:/DAT096/vivado-library-b0946605e3617c901635278b62d0f6a8e3942844/ip/Pmods/PmodALS_v1_0
WARNING: [IP_Flow 19-1663] Duplicate IP found for 'digilentinc.com:IP:PmodAMP2:1.0'. The one found in IP location 'z:/DAT096/vivado-library-master/ip/Pmods/PmodAMP2_v1_0' will take precedence over the same IP in location z:/DAT096/vivado-library-b0946605e3617c901635278b62d0f6a8e3942844/ip/Pmods/PmodAMP2_v1_0
WARNING: [IP_Flow 19-1663] Duplicate IP found for 'digilentinc.com:IP:PmodAQS:1.0'. The one found in IP location 'z:/DAT096/vivado-library-master/ip/Pmods/PmodAQS_v1_0' will take precedence over the same IP in location z:/DAT096/vivado-library-b0946605e3617c901635278b62d0f6a8e3942844/ip/Pmods/PmodAQS_v1_0
WARNING: [IP_Flow 19-1663] Duplicate IP found for 'digilentinc.com:IP:PmodBLE:1.0'. The one found in IP location 'z:/DAT096/vivado-library-master/ip/Pmods/PmodBLE_v1_0' will take precedence over the same IP in location z:/DAT096/vivado-library-b0946605e3617c901635278b62d0f6a8e3942844/ip/Pmods/PmodBLE_v1_0
WARNING: [IP_Flow 19-1663] Duplicate IP found for 'digilentinc.com:IP:PmodBT2:1.0'. The one found in IP location 'z:/DAT096/vivado-library-master/ip/Pmods/PmodBT2_v1_0' will take precedence over the same IP in location z:/DAT096/vivado-library-b0946605e3617c901635278b62d0f6a8e3942844/ip/Pmods/PmodBT2_v1_0
WARNING: [IP_Flow 19-1663] Duplicate IP found for 'digilentinc.com:IP:PmodCAN:1.0'. The one found in IP location 'z:/DAT096/vivado-library-master/ip/Pmods/PmodCAN_v1_0' will take precedence over the same IP in location z:/DAT096/vivado-library-b0946605e3617c901635278b62d0f6a8e3942844/ip/Pmods/PmodCAN_v1_0
WARNING: [IP_Flow 19-1663] Duplicate IP found for 'digilentinc.com:IP:PmodCLS:1.0'. The one found in IP location 'z:/DAT096/vivado-library-master/ip/Pmods/PmodCLS_v1_0' will take precedence over the same IP in location z:/DAT096/vivado-library-b0946605e3617c901635278b62d0f6a8e3942844/ip/Pmods/PmodCLS_v1_0
WARNING: [IP_Flow 19-1663] Duplicate IP found for 'digilentinc.com:IP:PmodCMPS2:1.0'. The one found in IP location 'z:/DAT096/vivado-library-master/ip/Pmods/PmodCMPS2_v1_0' will take precedence over the same IP in location z:/DAT096/vivado-library-b0946605e3617c901635278b62d0f6a8e3942844/ip/Pmods/PmodCMPS2_v1_0
WARNING: [IP_Flow 19-1663] Duplicate IP found for 'digilentinc.com:IP:PmodCOLOR:1.0'. The one found in IP location 'z:/DAT096/vivado-library-master/ip/Pmods/PmodCOLOR_v1_0' will take precedence over the same IP in location z:/DAT096/vivado-library-b0946605e3617c901635278b62d0f6a8e3942844/ip/Pmods/PmodCOLOR_v1_0
WARNING: [IP_Flow 19-1663] Duplicate IP found for 'digilentinc.com:IP:PmodDA1:1.0'. The one found in IP location 'z:/DAT096/vivado-library-master/ip/Pmods/PmodDA1_v1_0' will take precedence over the same IP in location z:/DAT096/vivado-library-b0946605e3617c901635278b62d0f6a8e3942844/ip/Pmods/PmodDA1_v1_0
WARNING: [IP_Flow 19-1663] Duplicate IP found for 'digilentinc.com:IP:PmodDHB1:1.0'. The one found in IP location 'z:/DAT096/vivado-library-master/ip/Pmods/PmodDHB1_v1_0' will take precedence over the same IP in location z:/DAT096/vivado-library-b0946605e3617c901635278b62d0f6a8e3942844/ip/Pmods/PmodDHB1_v1_0
WARNING: [IP_Flow 19-1663] Duplicate IP found for 'digilentinc.com:IP:PmodDPG1:1.0'. The one found in IP location 'z:/DAT096/vivado-library-master/ip/Pmods/PmodDPG1_v1_0' will take precedence over the same IP in location z:/DAT096/vivado-library-b0946605e3617c901635278b62d0f6a8e3942844/ip/Pmods/PmodDPG1_v1_0
WARNING: [IP_Flow 19-1663] Duplicate IP found for 'digilentinc.com:IP:PmodENC:1.0'. The one found in IP location 'z:/DAT096/vivado-library-master/ip/Pmods/PmodENC_v1_0' will take precedence over the same IP in location z:/DAT096/vivado-library-b0946605e3617c901635278b62d0f6a8e3942844/ip/Pmods/PmodENC_v1_0
WARNING: [IP_Flow 19-1663] Duplicate IP found for 'digilentinc.com:user:PmodESP32:1.0'. The one found in IP location 'z:/DAT096/vivado-library-master/ip/Pmods/PmodESP32_v1_0' will take precedence over the same IP in location z:/DAT096/vivado-library-b0946605e3617c901635278b62d0f6a8e3942844/ip/Pmods/PmodESP32_v1_0
WARNING: [IP_Flow 19-1663] Duplicate IP found for 'digilentinc.com:IP:PmodGPIO:1.0'. The one found in IP location 'z:/DAT096/vivado-library-master/ip/Pmods/PmodGPIO_v1_0' will take precedence over the same IP in location z:/DAT096/vivado-library-b0946605e3617c901635278b62d0f6a8e3942844/ip/Pmods/PmodGPIO_v1_0
WARNING: [IP_Flow 19-1663] Duplicate IP found for 'digilentinc.com:IP:PmodGPS:1.1'. The one found in IP location 'z:/DAT096/vivado-library-master/ip/Pmods/PmodGPS_v1_1' will take precedence over the same IP in location z:/DAT096/vivado-library-b0946605e3617c901635278b62d0f6a8e3942844/ip/Pmods/PmodGPS_v1_1
WARNING: [IP_Flow 19-1663] Duplicate IP found for 'digilentinc.com:IP:PmodGYRO:1.0'. The one found in IP location 'z:/DAT096/vivado-library-master/ip/Pmods/PmodGYRO_v1_0' will take precedence over the same IP in location z:/DAT096/vivado-library-b0946605e3617c901635278b62d0f6a8e3942844/ip/Pmods/PmodGYRO_v1_0
WARNING: [IP_Flow 19-1663] Duplicate IP found for 'digilentinc.com:IP:PmodHYGRO:1.0'. The one found in IP location 'z:/DAT096/vivado-library-master/ip/Pmods/PmodHYGRO_v1_0' will take precedence over the same IP in location z:/DAT096/vivado-library-b0946605e3617c901635278b62d0f6a8e3942844/ip/Pmods/PmodHYGRO_v1_0
WARNING: [IP_Flow 19-1663] Duplicate IP found for 'digilentinc.com:IP:PmodJSTK2:1.0'. The one found in IP location 'z:/DAT096/vivado-library-master/ip/Pmods/PmodJSTK2_v1_0' will take precedence over the same IP in location z:/DAT096/vivado-library-b0946605e3617c901635278b62d0f6a8e3942844/ip/Pmods/PmodJSTK2_v1_0
WARNING: [IP_Flow 19-1663] Duplicate IP found for 'digilentinc.com:IP:PmodJSTK:1.0'. The one found in IP location 'z:/DAT096/vivado-library-master/ip/Pmods/PmodJSTK_v1_0' will take precedence over the same IP in location z:/DAT096/vivado-library-b0946605e3617c901635278b62d0f6a8e3942844/ip/Pmods/PmodJSTK_v1_0
WARNING: [IP_Flow 19-1663] Duplicate IP found for 'digilentinc.com:IP:PmodKYPD:1.0'. The one found in IP location 'z:/DAT096/vivado-library-master/ip/Pmods/PmodKYPD_v1_0' will take precedence over the same IP in location z:/DAT096/vivado-library-b0946605e3617c901635278b62d0f6a8e3942844/ip/Pmods/PmodKYPD_v1_0
WARNING: [IP_Flow 19-1663] Duplicate IP found for 'digilentinc.com:IP:PmodMAXSONAR:1.0'. The one found in IP location 'z:/DAT096/vivado-library-master/ip/Pmods/PmodMAXSONAR_v1_0' will take precedence over the same IP in location z:/DAT096/vivado-library-b0946605e3617c901635278b62d0f6a8e3942844/ip/Pmods/PmodMAXSONAR_v1_0
WARNING: [IP_Flow 19-1663] Duplicate IP found for 'digilentinc.com:IP:PmodMTDS:1.0'. The one found in IP location 'z:/DAT096/vivado-library-master/ip/Pmods/PmodMTDS_v1_0' will take precedence over the same IP in location z:/DAT096/vivado-library-b0946605e3617c901635278b62d0f6a8e3942844/ip/Pmods/PmodMTDS_v1_0
WARNING: [IP_Flow 19-1663] Duplicate IP found for 'digilentinc.com:IP:PmodNAV:1.0'. The one found in IP location 'z:/DAT096/vivado-library-master/ip/Pmods/PmodNAV_v1_0' will take precedence over the same IP in location z:/DAT096/vivado-library-b0946605e3617c901635278b62d0f6a8e3942844/ip/Pmods/PmodNAV_v1_0
WARNING: [IP_Flow 19-1663] Duplicate IP found for 'digilentinc.com:IP:PmodOLEDrgb:1.0'. The one found in IP location 'z:/DAT096/vivado-library-master/ip/Pmods/pmodOLEDrgb_v1_0' will take precedence over the same IP in location z:/DAT096/vivado-library-b0946605e3617c901635278b62d0f6a8e3942844/ip/Pmods/pmodOLEDrgb_v1_0
WARNING: [IP_Flow 19-1663] Duplicate IP found for 'digilentinc.com:IP:PmodOLED:1.0'. The one found in IP location 'z:/DAT096/vivado-library-master/ip/Pmods/PmodOLED_v1_0' will take precedence over the same IP in location z:/DAT096/vivado-library-b0946605e3617c901635278b62d0f6a8e3942844/ip/Pmods/PmodOLED_v1_0
WARNING: [IP_Flow 19-1663] Duplicate IP found for 'digilentinc.com:IP:PmodPIR:1.0'. The one found in IP location 'z:/DAT096/vivado-library-master/ip/Pmods/PmodPIR_v1_0' will take precedence over the same IP in location z:/DAT096/vivado-library-b0946605e3617c901635278b62d0f6a8e3942844/ip/Pmods/PmodPIR_v1_0
WARNING: [IP_Flow 19-1663] Duplicate IP found for 'digilentinc.com:IP:PmodR2R:1.0'. The one found in IP location 'z:/DAT096/vivado-library-master/ip/Pmods/PmodR2R_v1_0' will take precedence over the same IP in location z:/DAT096/vivado-library-b0946605e3617c901635278b62d0f6a8e3942844/ip/Pmods/PmodR2R_v1_0
WARNING: [IP_Flow 19-1663] Duplicate IP found for 'digilentinc.com:IP:PmodRTCC:1.0'. The one found in IP location 'z:/DAT096/vivado-library-master/ip/Pmods/PmodRTCC_v1_0' will take precedence over the same IP in location z:/DAT096/vivado-library-b0946605e3617c901635278b62d0f6a8e3942844/ip/Pmods/PmodRTCC_v1_0
WARNING: [IP_Flow 19-1663] Duplicate IP found for 'digilentinc.com:IP:PmodSD:1.0'. The one found in IP location 'z:/DAT096/vivado-library-master/ip/Pmods/PmodSD_v1_0' will take precedence over the same IP in location z:/DAT096/vivado-library-b0946605e3617c901635278b62d0f6a8e3942844/ip/Pmods/PmodSD_v1_0
WARNING: [IP_Flow 19-1663] Duplicate IP found for 'digilentinc.com:IP:PmodSF3:1.0'. The one found in IP location 'z:/DAT096/vivado-library-master/ip/Pmods/PmodSF3_v1_0' will take precedence over the same IP in location z:/DAT096/vivado-library-b0946605e3617c901635278b62d0f6a8e3942844/ip/Pmods/PmodSF3_v1_0
WARNING: [IP_Flow 19-1663] Duplicate IP found for 'digilentinc.com:IP:PmodTC1:1.0'. The one found in IP location 'z:/DAT096/vivado-library-master/ip/Pmods/PmodTC1_v1_0' will take precedence over the same IP in location z:/DAT096/vivado-library-b0946605e3617c901635278b62d0f6a8e3942844/ip/Pmods/PmodTC1_v1_0
WARNING: [IP_Flow 19-1663] Duplicate IP found for 'digilentinc.com:IP:PmodTMP3:1.0'. The one found in IP location 'z:/DAT096/vivado-library-master/ip/Pmods/PmodTMP3_v1_0' will take precedence over the same IP in location z:/DAT096/vivado-library-b0946605e3617c901635278b62d0f6a8e3942844/ip/Pmods/PmodTMP3_v1_0
WARNING: [IP_Flow 19-1663] Duplicate IP found for 'digilentinc.com:IP:PmodWIFI:1.0'. The one found in IP location 'z:/DAT096/vivado-library-master/ip/Pmods/PmodWIFI_v1_0' will take precedence over the same IP in location z:/DAT096/vivado-library-b0946605e3617c901635278b62d0f6a8e3942844/ip/Pmods/PmodWIFI_v1_0
WARNING: [IP_Flow 19-1663] Duplicate IP found for 'digilentinc.com:ip:pmod_bridge:1.0'. The one found in IP location 'z:/DAT096/vivado-library-master/ip/Pmods/Pmod_Bridge_v1_0' will take precedence over the same IP in location z:/DAT096/vivado-library-b0946605e3617c901635278b62d0f6a8e3942844/ip/Pmods/Pmod_Bridge_v1_0
WARNING: [IP_Flow 19-1663] Duplicate IP found for 'digilentinc.com:ip:pmod_bridge:1.1'. The one found in IP location 'z:/DAT096/vivado-library-master/ip/Pmods/Pmod_Bridge_v1_1' will take precedence over the same IP in location z:/DAT096/vivado-library-b0946605e3617c901635278b62d0f6a8e3942844/ip/Pmods/Pmod_Bridge_v1_1
WARNING: [IP_Flow 19-1663] Duplicate IP found for 'digilentinc.com:IP:PWM:1.0'. The one found in IP location 'z:/DAT096/vivado-library-master/ip/PWM_1.0' will take precedence over the same IP in location z:/DAT096/vivado-library-b0946605e3617c901635278b62d0f6a8e3942844/ip/PWM_1.0
WARNING: [IP_Flow 19-1663] Duplicate IP found for 'digilentinc.com:IP:PWM:2.0'. The one found in IP location 'z:/DAT096/vivado-library-master/ip/PWM_2.0' will take precedence over the same IP in location z:/DAT096/vivado-library-b0946605e3617c901635278b62d0f6a8e3942844/ip/PWM_2.0
WARNING: [IP_Flow 19-1663] Duplicate IP found for 'digilentinc.com:IP:PWM_Analyzer:1.0'. The one found in IP location 'z:/DAT096/vivado-library-master/ip/PWM_Analyzer_1.0' will take precedence over the same IP in location z:/DAT096/vivado-library-b0946605e3617c901635278b62d0f6a8e3942844/ip/PWM_Analyzer_1.0
WARNING: [IP_Flow 19-1663] Duplicate IP found for 'digilentinc.com:ip:rgb2dvi:1.4'. The one found in IP location 'z:/DAT096/vivado-library-master/ip/rgb2dvi' will take precedence over the same IP in location z:/DAT096/vivado-library-b0946605e3617c901635278b62d0f6a8e3942844/ip/rgb2dvi
WARNING: [IP_Flow 19-4830] Duplicate Interface found for 'digilentinc.com:interface:pmod:1.0'. The one found in location 'z:/DAT096/vivado-library-b0946605e3617c901635278b62d0f6a8e3942844/if/pmod_v1_0/pmod.xml' will take precedence over the same Interface in location 'z:/DAT096/vivado-library-master/if/pmod_v1_0/pmod.xml'
WARNING: [IP_Flow 19-4830] Duplicate Interface found for 'digilentinc.com:interface:tmds:1.0'. The one found in location 'z:/DAT096/vivado-library-b0946605e3617c901635278b62d0f6a8e3942844/if/tmds_v1_0/tmds.xml' will take precedence over the same Interface in location 'z:/DAT096/vivado-library-master/if/tmds_v1_0/tmds.xml'
Upgrading 'Z:/DAT096/DAT096-krish/Embedded-System-Project-DAT096-krishna/Board_2/Board_2/Board_2.srcs/sources_1/bd/design_2/design_2.bd'
WARNING: [Vivado 12-1017] Problems encountered:
1. Failed to delete one or more files in run directory Z:/DAT096/DAT096-krish/Embedded-System-Project-DAT096-krishna/Board_2/Board_2/Board_2.runs/design_2_vcsel_conv_0_0_synth_1

INFO: [IP_Flow 19-3420] Updated design_2_vcsel_conv_0_0 to use current project options
Wrote  : <Z:\DAT096\DAT096-krish\Embedded-System-Project-DAT096-krishna\Board_2\Board_2\Board_2.srcs\sources_1\bd\design_2\design_2.bd> 
generate_target all [get_files  Z:/DAT096/DAT096-krish/Embedded-System-Project-DAT096-krishna/Board_2/Board_2/Board_2.srcs/sources_1/bd/design_2/design_2.bd]
WARNING: [BD 41-2670] Found an incomplete address path from address space '/processing_system7_0/Data' to master interface '/processing_system7_0/M_AXI_GP0'. Please either complete or remove this path to resolve.
WARNING: [BD 5-699] No address segments matched 'get_bd_addr_segs -of_objects /processing_system7_0/Data'
ERROR: [Common 17-161] Invalid option value '' specified for 'object'.
ERROR: [BD 41-1273] Error running propagate TCL procedure: ERROR: [Common 17-161] Invalid option value '' specified for 'object'.
    ::xilinx.com_ip_ila_6.2::propagate Line 95
INFO: [xilinx.com:ip:clk_wiz:6.0-1] /clk_wiz_0 clk_wiz propagate
Wrote  : <Z:\DAT096\DAT096-krish\Embedded-System-Project-DAT096-krishna\Board_2\Board_2\Board_2.srcs\sources_1\bd\design_2\design_2.bd> 
VHDL Output written to : z:/DAT096/DAT096-krish/Embedded-System-Project-DAT096-krishna/Board_2/Board_2/Board_2.gen/sources_1/bd/design_2/synth/design_2.vhd
VHDL Output written to : z:/DAT096/DAT096-krish/Embedded-System-Project-DAT096-krishna/Board_2/Board_2/Board_2.gen/sources_1/bd/design_2/sim/design_2.vhd
VHDL Output written to : z:/DAT096/DAT096-krish/Embedded-System-Project-DAT096-krishna/Board_2/Board_2/Board_2.gen/sources_1/bd/design_2/hdl/design_2_wrapper.vhd
INFO: [BD 41-1029] Generation completed for the IP Integrator block vcsel_conv_0 .
Exporting to file z:/DAT096/DAT096-krish/Embedded-System-Project-DAT096-krishna/Board_2/Board_2/Board_2.gen/sources_1/bd/design_2/hw_handoff/design_2.hwh
Generated Hardware Definition File z:/DAT096/DAT096-krish/Embedded-System-Project-DAT096-krishna/Board_2/Board_2/Board_2.gen/sources_1/bd/design_2/synth/design_2.hwdef
ERROR: [Common 17-39] 'generate_target' failed due to earlier errors.
report_ip_status -name ip_status 
reset_run synth_1
INFO: [Project 1-1161] Replacing file Z:/DAT096/DAT096-krish/Embedded-System-Project-DAT096-krishna/Board_2/Board_2/Board_2.srcs/utils_1/imports/synth_1/design_2_wrapper.dcp with file Z:/DAT096/DAT096-krish/Embedded-System-Project-DAT096-krishna/Board_2/Board_2/Board_2.runs/synth_1/design_2_wrapper.dcp
WARNING: [Vivado 12-1017] Problems encountered:
1. Failed to delete one or more files in run directory Z:/DAT096/DAT096-krish/Embedded-System-Project-DAT096-krishna/Board_2/Board_2/Board_2.runs/synth_1

launch_runs impl_1 -to_step write_bitstream -jobs 28
[Wed May 27 22:16:21 2026] Launched design_2_vcsel_conv_0_0_synth_1, synth_1...
Run output will be captured here:
design_2_vcsel_conv_0_0_synth_1: Z:/DAT096/DAT096-krish/Embedded-System-Project-DAT096-krishna/Board_2/Board_2/Board_2.runs/design_2_vcsel_conv_0_0_synth_1/runme.log
synth_1: Z:/DAT096/DAT096-krish/Embedded-System-Project-DAT096-krishna/Board_2/Board_2/Board_2.runs/synth_1/runme.log
[Wed May 27 22:16:21 2026] Launched impl_1...
Run output will be captured here: Z:/DAT096/DAT096-krish/Embedded-System-Project-DAT096-krishna/Board_2/Board_2/Board_2.runs/impl_1/runme.log
open_bd_design {Z:/DAT096/DAT096-krish/Embedded-System-Project-DAT096-krishna/Board_2/Board_2/Board_2.srcs/sources_1/bd/design_2/design_2.bd}
set_property PROBES.FILE {Z:/DAT096/DAT096-krish/Embedded-System-Project-DAT096-krishna/Board_2/Board_2/Board_2.runs/impl_1/design_2_wrapper.ltx} [get_hw_devices xc7z020_1_1]
set_property FULL_PROBES.FILE {Z:/DAT096/DAT096-krish/Embedded-System-Project-DAT096-krishna/Board_2/Board_2/Board_2.runs/impl_1/design_2_wrapper.ltx} [get_hw_devices xc7z020_1_1]
set_property PROGRAM.FILE {Z:/DAT096/DAT096-krish/Embedded-System-Project-DAT096-krishna/Board_2/Board_2/Board_2.runs/impl_1/design_2_wrapper.bit} [get_hw_devices xc7z020_1_1]
program_hw_devices [get_hw_devices xc7z020_1_1]
INFO: [Labtools 27-3164] End of startup status: HIGH
refresh_hw_device [lindex [get_hw_devices xc7z020_1_1] 0]
INFO: [Labtools 27-2302] Device xc7z020 (JTAG device index = 1) is programmed with a design that has 1 ILA core(s).
INFO: [Labtools 27-2302] Device xc7z020 (JTAG device index = 1) is programmed with a design that has 2 VIO core(s).
WARNING: [Labtools 27-1952] VIO hw_probe OUTPUT_VALUE properties for hw_vio(s) [hw_vio_2] differ from output values in the VIO core(s).
Resolution: 
To synchronize the hw_probes properties and the VIO core outputs choose one of the following alternatives:
  1) Execute the command 'Commit Output Values to VIO Core', to write down the hw_probe values to the core.
  2) Execute the command 'Refresh Input and Output Values from VIO Core', to update the hw_probe properties with the core values.
  3) First restore initial values in the core with the command 'Reset VIO Core Outputs', and then execute the command 'Refresh Input and Output Values from VIO Core'.
run_hw_ila [get_hw_ilas -of_objects [get_hw_devices xc7z020_1_1] -filter {CELL_NAME=~"design_2_i/ila_0"}]
INFO: [Labtools 27-1964] The ILA core 'hw_ila_1' trigger was armed at 2026-May-27 22:20:28
wait_on_hw_ila [get_hw_ilas -of_objects [get_hw_devices xc7z020_1_1] -filter {CELL_NAME=~"design_2_i/ila_0"}]
display_hw_ila_data [upload_hw_ila_data [get_hw_ilas -of_objects [get_hw_devices xc7z020_1_1] -filter {CELL_NAME=~"design_2_i/ila_0"}]]
INFO: [Labtools 27-1966] The ILA core 'hw_ila_1' triggered at 2026-May-27 22:20:28
INFO: [Labtools 27-3304] ILA Waveform data saved to file Z:/DAT096/DAT096-krish/Embedded-System-Project-DAT096-krishna/Board_2/Board_2/Board_2.hw/backup/hw_ila_data_1.ila. Use Tcl command 'read_hw_ila_data' or Vivado File->Import->Import ILA Data menu item to import the previously saved data.
save_wave_config {Z:/DAT096/DAT096-krish/Embedded-System-Project-DAT096-krishna/Board_2/Board_2/Board_2.hw/hw_1/wave/hw_ila_data_1/hw_ila_data_1.wcfg}
close_hw_manager
open_hw_manager
close_hw_manager
open_bd_design {Z:/DAT096/DAT096-krish/Embedded-System-Project-DAT096-krishna/Board_2/Board_2/Board_2.srcs/sources_1/bd/design_2/design_2.bd}
open_hw_manager
connect_hw_server -allow_non_jtag
INFO: [Labtools 27-2285] Connecting to hw_server url TCP:localhost:3121
INFO: [Labtools 27-3415] Connecting to cs_server url TCP:localhost:0
INFO: [Labtools 27-3417] Launching cs_server...
INFO: [Labtools 27-2221] Launch Output:


******** Xilinx cs_server v2024.2.0
  ****** Build date   : Oct 30 2024-19:19:07
    **** Build number : 2024.2.1730312347
      ** Copyright 2017-2022 Xilinx, Inc. All Rights Reserved.
      ** Copyright 2022-2026 Advanced Micro Devices, Inc. All Rights Reserved.



connect_hw_server: Time (s): cpu = 00:00:00 ; elapsed = 00:00:11 . Memory (MB): peak = 2587.293 ; gain = 0.000
open_hw_target
INFO: [Labtoolstcl 44-466] Opening hw_target localhost:3121/xilinx_tcf/Digilent/210393BB58A7A
set_property PROGRAM.FILE {Z:/DAT096/DAT096-krish/Embedded-System-Project-DAT096-krishna/Board_2/Board_2/Board_2.runs/impl_1/design_2_wrapper.bit} [get_hw_devices xc7z020_1]
set_property PROBES.FILE {Z:/DAT096/DAT096-krish/Embedded-System-Project-DAT096-krishna/Board_2/Board_2/Board_2.runs/impl_1/design_2_wrapper.ltx} [get_hw_devices xc7z020_1]
set_property FULL_PROBES.FILE {Z:/DAT096/DAT096-krish/Embedded-System-Project-DAT096-krishna/Board_2/Board_2/Board_2.runs/impl_1/design_2_wrapper.ltx} [get_hw_devices xc7z020_1]
current_hw_device [get_hw_devices xc7z020_1]
refresh_hw_device [lindex [get_hw_devices xc7z020_1] 0]
INFO: [Labtools 27-2302] Device xc7z020 (JTAG device index = 1) is programmed with a design that has 1 ILA core(s).
WARNING: [Labtools 27-3413] Dropping logic core with cellname:'design_2_i/vio_0' at location 'uuid_7742F34885D45253B40A3E0B57F8E211' from probes file, since it cannot be found on the programmed device.
WARNING: [Labtools 27-3413] Dropping logic core with cellname:'design_2_i/vio_1' at location 'uuid_B237539FF7A253DD97DA11DF8055EA71' from probes file, since it cannot be found on the programmed device.
WARNING: [Labtools 27-3222] Mismatch between the design programmed into the device xc7z020 (JTAG device index = 1) and the probes file(s) Z:/DAT096/DAT096-krish/Embedded-System-Project-DAT096-krishna/Board_2/Board_2/Board_2.runs/impl_1/design_2_wrapper.ltx.
 The hw_probe  in the probes file has port index 7. This port does not exist in the ILA core at location (uuid_F2A5A0E152865171A222BF15ACEC5622).
close_hw_target {localhost:3121/xilinx_tcf/Digilent/210393BB58A7A}
INFO: [Labtoolstcl 44-464] Closing hw_target localhost:3121/xilinx_tcf/Digilent/210393BB58A7A
open_hw_target {localhost:3121/xilinx_tcf/Digilent/210393BB58C1A}
INFO: [Labtoolstcl 44-466] Opening hw_target localhost:3121/xilinx_tcf/Digilent/210393BB58C1A
set_property PROGRAM.FILE {Z:/DAT096/DAT096-krish/Embedded-System-Project-DAT096-krishna/Board_2/Board_2/Board_2.runs/impl_1/design_2_wrapper.bit} [get_hw_devices xc7z020_1_1]
set_property PROBES.FILE {Z:/DAT096/DAT096-krish/Embedded-System-Project-DAT096-krishna/Board_2/Board_2/Board_2.runs/impl_1/design_2_wrapper.ltx} [get_hw_devices xc7z020_1_1]
set_property FULL_PROBES.FILE {Z:/DAT096/DAT096-krish/Embedded-System-Project-DAT096-krishna/Board_2/Board_2/Board_2.runs/impl_1/design_2_wrapper.ltx} [get_hw_devices xc7z020_1_1]
current_hw_device [get_hw_devices xc7z020_1_1]
refresh_hw_device [lindex [get_hw_devices xc7z020_1_1] 0]
INFO: [Labtools 27-2302] Device xc7z020 (JTAG device index = 1) is programmed with a design that has 1 ILA core(s).
INFO: [Labtools 27-2302] Device xc7z020 (JTAG device index = 1) is programmed with a design that has 2 VIO core(s).
WARNING: [Labtools 27-1952] VIO hw_probe OUTPUT_VALUE properties for hw_vio(s) [hw_vio_2] differ from output values in the VIO core(s).
Resolution: 
To synchronize the hw_probes properties and the VIO core outputs choose one of the following alternatives:
  1) Execute the command 'Commit Output Values to VIO Core', to write down the hw_probe values to the core.
  2) Execute the command 'Refresh Input and Output Values from VIO Core', to update the hw_probe properties with the core values.
  3) First restore initial values in the core with the command 'Reset VIO Core Outputs', and then execute the command 'Refresh Input and Output Values from VIO Core'.
display_hw_ila_data [ get_hw_ila_data hw_ila_data_1 -of_objects [get_hw_ilas -of_objects [get_hw_devices xc7z020_1_1] -filter {CELL_NAME=~"design_2_i/ila_0"}]]
run_hw_ila [get_hw_ilas -of_objects [get_hw_devices xc7z020_1_1] -filter {CELL_NAME=~"design_2_i/ila_0"}]
INFO: [Labtools 27-1964] The ILA core 'hw_ila_1' trigger was armed at 2026-May-27 22:27:17
wait_on_hw_ila [get_hw_ilas -of_objects [get_hw_devices xc7z020_1_1] -filter {CELL_NAME=~"design_2_i/ila_0"}]
display_hw_ila_data [upload_hw_ila_data [get_hw_ilas -of_objects [get_hw_devices xc7z020_1_1] -filter {CELL_NAME=~"design_2_i/ila_0"}]]
INFO: [Labtools 27-1966] The ILA core 'hw_ila_1' triggered at 2026-May-27 22:27:17
INFO: [Labtools 27-3304] ILA Waveform data saved to file Z:/DAT096/DAT096-krish/Embedded-System-Project-DAT096-krishna/Board_2/Board_2/Board_2.hw/backup/hw_ila_data_1.ila. Use Tcl command 'read_hw_ila_data' or Vivado File->Import->Import ILA Data menu item to import the previously saved data.
set_property PROBES.FILE {Z:/DAT096/DAT096-krish/Embedded-System-Project-DAT096-krishna/Board_2/Board_2/Board_2.runs/impl_1/design_2_wrapper.ltx} [get_hw_devices xc7z020_1_1]
set_property FULL_PROBES.FILE {Z:/DAT096/DAT096-krish/Embedded-System-Project-DAT096-krishna/Board_2/Board_2/Board_2.runs/impl_1/design_2_wrapper.ltx} [get_hw_devices xc7z020_1_1]
set_property PROGRAM.FILE {Z:/DAT096/DAT096-krish/Embedded-System-Project-DAT096-krishna/Board_2/Board_2/Board_2.runs/impl_1/design_2_wrapper.bit} [get_hw_devices xc7z020_1_1]
program_hw_devices [get_hw_devices xc7z020_1_1]
INFO: [Labtools 27-3164] End of startup status: HIGH
refresh_hw_device [lindex [get_hw_devices xc7z020_1_1] 0]
INFO: [Labtools 27-2302] Device xc7z020 (JTAG device index = 1) is programmed with a design that has 1 ILA core(s).
INFO: [Labtools 27-2302] Device xc7z020 (JTAG device index = 1) is programmed with a design that has 2 VIO core(s).
WARNING: [Labtools 27-1952] VIO hw_probe OUTPUT_VALUE properties for hw_vio(s) [hw_vio_2] differ from output values in the VIO core(s).
Resolution: 
To synchronize the hw_probes properties and the VIO core outputs choose one of the following alternatives:
  1) Execute the command 'Commit Output Values to VIO Core', to write down the hw_probe values to the core.
  2) Execute the command 'Refresh Input and Output Values from VIO Core', to update the hw_probe properties with the core values.
  3) First restore initial values in the core with the command 'Reset VIO Core Outputs', and then execute the command 'Refresh Input and Output Values from VIO Core'.
run_hw_ila [get_hw_ilas -of_objects [get_hw_devices xc7z020_1_1] -filter {CELL_NAME=~"design_2_i/ila_0"}]
INFO: [Labtools 27-1964] The ILA core 'hw_ila_1' trigger was armed at 2026-May-27 22:27:25
wait_on_hw_ila [get_hw_ilas -of_objects [get_hw_devices xc7z020_1_1] -filter {CELL_NAME=~"design_2_i/ila_0"}]
display_hw_ila_data [upload_hw_ila_data [get_hw_ilas -of_objects [get_hw_devices xc7z020_1_1] -filter {CELL_NAME=~"design_2_i/ila_0"}]]
INFO: [Labtools 27-1966] The ILA core 'hw_ila_1' triggered at 2026-May-27 22:27:25
INFO: [Labtools 27-3304] ILA Waveform data saved to file Z:/DAT096/DAT096-krish/Embedded-System-Project-DAT096-krishna/Board_2/Board_2/Board_2.hw/backup/hw_ila_data_1.ila. Use Tcl command 'read_hw_ila_data' or Vivado File->Import->Import ILA Data menu item to import the previously saved data.
set_property OUTPUT_VALUE 1 [get_hw_probes design_2_i/vio_1_probe_out0 -of_objects [get_hw_vios -of_objects [get_hw_devices xc7z020_1_1] -filter {CELL_NAME=~"design_2_i/vio_1"}]]
commit_hw_vio [get_hw_probes {design_2_i/vio_1_probe_out0} -of_objects [get_hw_vios -of_objects [get_hw_devices xc7z020_1_1] -filter {CELL_NAME=~"design_2_i/vio_1"}]]
set_property OUTPUT_VALUE 0 [get_hw_probes design_2_i/vio_1_probe_out0 -of_objects [get_hw_vios -of_objects [get_hw_devices xc7z020_1_1] -filter {CELL_NAME=~"design_2_i/vio_1"}]]
commit_hw_vio [get_hw_probes {design_2_i/vio_1_probe_out0} -of_objects [get_hw_vios -of_objects [get_hw_devices xc7z020_1_1] -filter {CELL_NAME=~"design_2_i/vio_1"}]]
set_property OUTPUT_VALUE 2 [get_hw_probes design_2_i/vio_1_probe_out0 -of_objects [get_hw_vios -of_objects [get_hw_devices xc7z020_1_1] -filter {CELL_NAME=~"design_2_i/vio_1"}]]
commit_hw_vio [get_hw_probes {design_2_i/vio_1_probe_out0} -of_objects [get_hw_vios -of_objects [get_hw_devices xc7z020_1_1] -filter {CELL_NAME=~"design_2_i/vio_1"}]]
set_property OUTPUT_VALUE 3 [get_hw_probes design_2_i/vio_1_probe_out0 -of_objects [get_hw_vios -of_objects [get_hw_devices xc7z020_1_1] -filter {CELL_NAME=~"design_2_i/vio_1"}]]
commit_hw_vio [get_hw_probes {design_2_i/vio_1_probe_out0} -of_objects [get_hw_vios -of_objects [get_hw_devices xc7z020_1_1] -filter {CELL_NAME=~"design_2_i/vio_1"}]]
open_bd_design {Z:/DAT096/DAT096-krish/Embedded-System-Project-DAT096-krishna/Board_2/Board_2/Board_2.srcs/sources_1/bd/design_2/design_2.bd}
WARNING: [filemgmt 56-199] Attempt to get parsing info during refresh. "On-the-fly" syntax checking information may be incorrect. [Z:\DAT096\DAT096-krish\Embedded-System-Project-DAT096-krishna\Board_2\Board_2\Board_2.srcs\sources_1\new\vcsel_iir.vhd:]
WARNING: [filemgmt 56-199] Attempt to get parsing info during refresh. "On-the-fly" syntax checking information may be incorrect. [Z:\DAT096\DAT096-krish\Embedded-System-Project-DAT096-krishna\Board_2\Board_2\Board_2.srcs\sources_1\new\vcsel_conv.vhd:]
WARNING: [filemgmt 56-199] Attempt to get parsing info during refresh. "On-the-fly" syntax checking information may be incorrect. [Z:\DAT096\DAT096-krish\Embedded-System-Project-DAT096-krishna\Board_2\Board_2\Board_2.srcs\sources_1\new\vcsel_iir.vhd:]
WARNING: [filemgmt 56-199] Attempt to get parsing info during refresh. "On-the-fly" syntax checking information may be incorrect. [Z:\DAT096\DAT096-krish\Embedded-System-Project-DAT096-krishna\Board_2\Board_2\Board_2.srcs\sources_1\new\vcsel_iir.vhd:]
ERROR: [Common 17-180] Spawn failed: No error
report_ip_status -name ip_status 
update_module_reference [get_ips  design_2_vcsel_conv_0_0]
INFO: [IP_Flow 19-5107] Inferred bus interface 'clk' of definition 'xilinx.com:signal:clock:1.0' (from Xilinx Repository).
WARNING: [IP_Flow 19-5661] Bus Interface 'clk' does not have any bus interfaces associated with it.
WARNING: [IP_Flow 19-11770] Clock interface 'clk' has no FREQ_HZ parameter.
WARNING: [IP_Flow 19-1663] Duplicate IP found for 'digilentinc.com:user:axi_i2s_adi:1.2'. The one found in IP location 'z:/DAT096/vivado-library-b0946605e3617c901635278b62d0f6a8e3942844/ip/axi_i2s_adi_1.2' will take precedence over the same IP in location z:/DAT096/vivado-library-master/ip/axi_i2s_adi_1.2
WARNING: [IP_Flow 19-1663] Duplicate IP found for 'digilentinc.com:IP:axi_ps2:1.0'. The one found in IP location 'z:/DAT096/vivado-library-b0946605e3617c901635278b62d0f6a8e3942844/ip/axi_ps2_1.0' will take precedence over the same IP in location z:/DAT096/vivado-library-master/ip/axi_ps2_1.0
WARNING: [IP_Flow 19-1663] Duplicate IP found for 'digilentinc.com:ip:clock_forwarder:1.1'. The one found in IP location 'z:/DAT096/vivado-library-b0946605e3617c901635278b62d0f6a8e3942844/ip/clock_forwarder' will take precedence over the same IP in location z:/DAT096/vivado-library-master/ip/clock_forwarder
WARNING: [IP_Flow 19-1663] Duplicate IP found for 'digilentinc.com:IP:hls_contrast_stretch:1.0'. The one found in IP location 'z:/DAT096/vivado-library-b0946605e3617c901635278b62d0f6a8e3942844/ip/hls_contrast_stretch_1_0' will take precedence over the same IP in location z:/DAT096/vivado-library-master/ip/hls_contrast_stretch_1_0
WARNING: [IP_Flow 19-1663] Duplicate IP found for 'digilentinc.com:IP:hls_gamma_correction:1.0'. The one found in IP location 'z:/DAT096/vivado-library-b0946605e3617c901635278b62d0f6a8e3942844/ip/hls_gamma_correction_1_0' will take precedence over the same IP in location z:/DAT096/vivado-library-master/ip/hls_gamma_correction_1_0
WARNING: [IP_Flow 19-1663] Duplicate IP found for 'digilentinc.com:IP:hls_saturation_enhance:1.0'. The one found in IP location 'z:/DAT096/vivado-library-b0946605e3617c901635278b62d0f6a8e3942844/ip/hls_saturation_enhance_1_0' will take precedence over the same IP in location z:/DAT096/vivado-library-master/ip/hls_saturation_enhance_1_0
WARNING: [IP_Flow 19-1663] Duplicate IP found for 'digilentinc.com:ip:rgb2dpvid:1.0'. The one found in IP location 'z:/DAT096/vivado-library-b0946605e3617c901635278b62d0f6a8e3942844/ip/rgb2dpvid_v1_0' will take precedence over the same IP in location z:/DAT096/vivado-library-master/ip/rgb2dpvid_v1_0
WARNING: [IP_Flow 19-1663] Duplicate IP found for 'digilentinc.com:ip:rgb2vga:1.0'. The one found in IP location 'z:/DAT096/vivado-library-b0946605e3617c901635278b62d0f6a8e3942844/ip/rgb2vga_v1_0' will take precedence over the same IP in location z:/DAT096/vivado-library-master/ip/rgb2vga_v1_0
WARNING: [IP_Flow 19-1663] Duplicate IP found for 'digilentinc.com:ip:Sync:1.0'. The one found in IP location 'z:/DAT096/vivado-library-b0946605e3617c901635278b62d0f6a8e3942844/ip/Sync_v1_0' will take precedence over the same IP in location z:/DAT096/vivado-library-master/ip/Sync_v1_0
WARNING: [IP_Flow 19-1663] Duplicate IP found for 'digilentinc.com:ip:usb2device:1.0'. The one found in IP location 'z:/DAT096/vivado-library-b0946605e3617c901635278b62d0f6a8e3942844/ip/usb2device_v1_0' will take precedence over the same IP in location z:/DAT096/vivado-library-master/ip/usb2device_v1_0
WARNING: [IP_Flow 19-1663] Duplicate IP found for 'digilentinc.com:video:video_scaler:1.0'. The one found in IP location 'z:/DAT096/vivado-library-b0946605e3617c901635278b62d0f6a8e3942844/ip/video_scaler' will take precedence over the same IP in location z:/DAT096/vivado-library-master/ip/video_scaler
WARNING: [IP_Flow 19-1663] Duplicate IP found for 'digilentinc.com:ip:dvi2rgb:2.0'. The one found in IP location 'z:/DAT096/vivado-library-master/ip/dvi2rgb' will take precedence over the same IP in location z:/DAT096/vivado-library-b0946605e3617c901635278b62d0f6a8e3942844/ip/dvi2rgb
WARNING: [IP_Flow 19-1663] Duplicate IP found for 'digilentinc.com:IP:MotorFeedback:1.0'. The one found in IP location 'z:/DAT096/vivado-library-master/ip/MotorFeedback_1.0' will take precedence over the same IP in location z:/DAT096/vivado-library-b0946605e3617c901635278b62d0f6a8e3942844/ip/MotorFeedback_1.0
WARNING: [IP_Flow 19-1663] Duplicate IP found for 'digilentinc.com:IP:PmodACL2:1.0'. The one found in IP location 'z:/DAT096/vivado-library-master/ip/Pmods/PmodACL2_v1_0' will take precedence over the same IP in location z:/DAT096/vivado-library-b0946605e3617c901635278b62d0f6a8e3942844/ip/Pmods/PmodACL2_v1_0
WARNING: [IP_Flow 19-1663] Duplicate IP found for 'digilentinc.com:IP:PmodACL:1.0'. The one found in IP location 'z:/DAT096/vivado-library-master/ip/Pmods/PmodACL_v1_0' will take precedence over the same IP in location z:/DAT096/vivado-library-b0946605e3617c901635278b62d0f6a8e3942844/ip/Pmods/PmodACL_v1_0
WARNING: [IP_Flow 19-1663] Duplicate IP found for 'digilentinc.com:IP:PmodAD1:1.0'. The one found in IP location 'z:/DAT096/vivado-library-master/ip/Pmods/PmodAD1_v1_0' will take precedence over the same IP in location z:/DAT096/vivado-library-b0946605e3617c901635278b62d0f6a8e3942844/ip/Pmods/PmodAD1_v1_0
WARNING: [IP_Flow 19-1663] Duplicate IP found for 'digilentinc.com:IP:PmodAD2:1.0'. The one found in IP location 'z:/DAT096/vivado-library-master/ip/Pmods/PmodAD2_v1_0' will take precedence over the same IP in location z:/DAT096/vivado-library-b0946605e3617c901635278b62d0f6a8e3942844/ip/Pmods/PmodAD2_v1_0
WARNING: [IP_Flow 19-1663] Duplicate IP found for 'digilentinc.com:IP:PmodAD5:1.0'. The one found in IP location 'z:/DAT096/vivado-library-master/ip/Pmods/PmodAD5_v1_0' will take precedence over the same IP in location z:/DAT096/vivado-library-b0946605e3617c901635278b62d0f6a8e3942844/ip/Pmods/PmodAD5_v1_0
WARNING: [IP_Flow 19-1663] Duplicate IP found for 'digilentinc.com:IP:PmodALS:1.0'. The one found in IP location 'z:/DAT096/vivado-library-master/ip/Pmods/PmodALS_v1_0' will take precedence over the same IP in location z:/DAT096/vivado-library-b0946605e3617c901635278b62d0f6a8e3942844/ip/Pmods/PmodALS_v1_0
WARNING: [IP_Flow 19-1663] Duplicate IP found for 'digilentinc.com:IP:PmodAMP2:1.0'. The one found in IP location 'z:/DAT096/vivado-library-master/ip/Pmods/PmodAMP2_v1_0' will take precedence over the same IP in location z:/DAT096/vivado-library-b0946605e3617c901635278b62d0f6a8e3942844/ip/Pmods/PmodAMP2_v1_0
WARNING: [IP_Flow 19-1663] Duplicate IP found for 'digilentinc.com:IP:PmodAQS:1.0'. The one found in IP location 'z:/DAT096/vivado-library-master/ip/Pmods/PmodAQS_v1_0' will take precedence over the same IP in location z:/DAT096/vivado-library-b0946605e3617c901635278b62d0f6a8e3942844/ip/Pmods/PmodAQS_v1_0
WARNING: [IP_Flow 19-1663] Duplicate IP found for 'digilentinc.com:IP:PmodBLE:1.0'. The one found in IP location 'z:/DAT096/vivado-library-master/ip/Pmods/PmodBLE_v1_0' will take precedence over the same IP in location z:/DAT096/vivado-library-b0946605e3617c901635278b62d0f6a8e3942844/ip/Pmods/PmodBLE_v1_0
WARNING: [IP_Flow 19-1663] Duplicate IP found for 'digilentinc.com:IP:PmodBT2:1.0'. The one found in IP location 'z:/DAT096/vivado-library-master/ip/Pmods/PmodBT2_v1_0' will take precedence over the same IP in location z:/DAT096/vivado-library-b0946605e3617c901635278b62d0f6a8e3942844/ip/Pmods/PmodBT2_v1_0
WARNING: [IP_Flow 19-1663] Duplicate IP found for 'digilentinc.com:IP:PmodCAN:1.0'. The one found in IP location 'z:/DAT096/vivado-library-master/ip/Pmods/PmodCAN_v1_0' will take precedence over the same IP in location z:/DAT096/vivado-library-b0946605e3617c901635278b62d0f6a8e3942844/ip/Pmods/PmodCAN_v1_0
WARNING: [IP_Flow 19-1663] Duplicate IP found for 'digilentinc.com:IP:PmodCLS:1.0'. The one found in IP location 'z:/DAT096/vivado-library-master/ip/Pmods/PmodCLS_v1_0' will take precedence over the same IP in location z:/DAT096/vivado-library-b0946605e3617c901635278b62d0f6a8e3942844/ip/Pmods/PmodCLS_v1_0
WARNING: [IP_Flow 19-1663] Duplicate IP found for 'digilentinc.com:IP:PmodCMPS2:1.0'. The one found in IP location 'z:/DAT096/vivado-library-master/ip/Pmods/PmodCMPS2_v1_0' will take precedence over the same IP in location z:/DAT096/vivado-library-b0946605e3617c901635278b62d0f6a8e3942844/ip/Pmods/PmodCMPS2_v1_0
WARNING: [IP_Flow 19-1663] Duplicate IP found for 'digilentinc.com:IP:PmodCOLOR:1.0'. The one found in IP location 'z:/DAT096/vivado-library-master/ip/Pmods/PmodCOLOR_v1_0' will take precedence over the same IP in location z:/DAT096/vivado-library-b0946605e3617c901635278b62d0f6a8e3942844/ip/Pmods/PmodCOLOR_v1_0
WARNING: [IP_Flow 19-1663] Duplicate IP found for 'digilentinc.com:IP:PmodDA1:1.0'. The one found in IP location 'z:/DAT096/vivado-library-master/ip/Pmods/PmodDA1_v1_0' will take precedence over the same IP in location z:/DAT096/vivado-library-b0946605e3617c901635278b62d0f6a8e3942844/ip/Pmods/PmodDA1_v1_0
WARNING: [IP_Flow 19-1663] Duplicate IP found for 'digilentinc.com:IP:PmodDHB1:1.0'. The one found in IP location 'z:/DAT096/vivado-library-master/ip/Pmods/PmodDHB1_v1_0' will take precedence over the same IP in location z:/DAT096/vivado-library-b0946605e3617c901635278b62d0f6a8e3942844/ip/Pmods/PmodDHB1_v1_0
WARNING: [IP_Flow 19-1663] Duplicate IP found for 'digilentinc.com:IP:PmodDPG1:1.0'. The one found in IP location 'z:/DAT096/vivado-library-master/ip/Pmods/PmodDPG1_v1_0' will take precedence over the same IP in location z:/DAT096/vivado-library-b0946605e3617c901635278b62d0f6a8e3942844/ip/Pmods/PmodDPG1_v1_0
WARNING: [IP_Flow 19-1663] Duplicate IP found for 'digilentinc.com:IP:PmodENC:1.0'. The one found in IP location 'z:/DAT096/vivado-library-master/ip/Pmods/PmodENC_v1_0' will take precedence over the same IP in location z:/DAT096/vivado-library-b0946605e3617c901635278b62d0f6a8e3942844/ip/Pmods/PmodENC_v1_0
WARNING: [IP_Flow 19-1663] Duplicate IP found for 'digilentinc.com:user:PmodESP32:1.0'. The one found in IP location 'z:/DAT096/vivado-library-master/ip/Pmods/PmodESP32_v1_0' will take precedence over the same IP in location z:/DAT096/vivado-library-b0946605e3617c901635278b62d0f6a8e3942844/ip/Pmods/PmodESP32_v1_0
WARNING: [IP_Flow 19-1663] Duplicate IP found for 'digilentinc.com:IP:PmodGPIO:1.0'. The one found in IP location 'z:/DAT096/vivado-library-master/ip/Pmods/PmodGPIO_v1_0' will take precedence over the same IP in location z:/DAT096/vivado-library-b0946605e3617c901635278b62d0f6a8e3942844/ip/Pmods/PmodGPIO_v1_0
WARNING: [IP_Flow 19-1663] Duplicate IP found for 'digilentinc.com:IP:PmodGPS:1.1'. The one found in IP location 'z:/DAT096/vivado-library-master/ip/Pmods/PmodGPS_v1_1' will take precedence over the same IP in location z:/DAT096/vivado-library-b0946605e3617c901635278b62d0f6a8e3942844/ip/Pmods/PmodGPS_v1_1
WARNING: [IP_Flow 19-1663] Duplicate IP found for 'digilentinc.com:IP:PmodGYRO:1.0'. The one found in IP location 'z:/DAT096/vivado-library-master/ip/Pmods/PmodGYRO_v1_0' will take precedence over the same IP in location z:/DAT096/vivado-library-b0946605e3617c901635278b62d0f6a8e3942844/ip/Pmods/PmodGYRO_v1_0
WARNING: [IP_Flow 19-1663] Duplicate IP found for 'digilentinc.com:IP:PmodHYGRO:1.0'. The one found in IP location 'z:/DAT096/vivado-library-master/ip/Pmods/PmodHYGRO_v1_0' will take precedence over the same IP in location z:/DAT096/vivado-library-b0946605e3617c901635278b62d0f6a8e3942844/ip/Pmods/PmodHYGRO_v1_0
WARNING: [IP_Flow 19-1663] Duplicate IP found for 'digilentinc.com:IP:PmodJSTK2:1.0'. The one found in IP location 'z:/DAT096/vivado-library-master/ip/Pmods/PmodJSTK2_v1_0' will take precedence over the same IP in location z:/DAT096/vivado-library-b0946605e3617c901635278b62d0f6a8e3942844/ip/Pmods/PmodJSTK2_v1_0
WARNING: [IP_Flow 19-1663] Duplicate IP found for 'digilentinc.com:IP:PmodJSTK:1.0'. The one found in IP location 'z:/DAT096/vivado-library-master/ip/Pmods/PmodJSTK_v1_0' will take precedence over the same IP in location z:/DAT096/vivado-library-b0946605e3617c901635278b62d0f6a8e3942844/ip/Pmods/PmodJSTK_v1_0
WARNING: [IP_Flow 19-1663] Duplicate IP found for 'digilentinc.com:IP:PmodKYPD:1.0'. The one found in IP location 'z:/DAT096/vivado-library-master/ip/Pmods/PmodKYPD_v1_0' will take precedence over the same IP in location z:/DAT096/vivado-library-b0946605e3617c901635278b62d0f6a8e3942844/ip/Pmods/PmodKYPD_v1_0
WARNING: [IP_Flow 19-1663] Duplicate IP found for 'digilentinc.com:IP:PmodMAXSONAR:1.0'. The one found in IP location 'z:/DAT096/vivado-library-master/ip/Pmods/PmodMAXSONAR_v1_0' will take precedence over the same IP in location z:/DAT096/vivado-library-b0946605e3617c901635278b62d0f6a8e3942844/ip/Pmods/PmodMAXSONAR_v1_0
WARNING: [IP_Flow 19-1663] Duplicate IP found for 'digilentinc.com:IP:PmodMTDS:1.0'. The one found in IP location 'z:/DAT096/vivado-library-master/ip/Pmods/PmodMTDS_v1_0' will take precedence over the same IP in location z:/DAT096/vivado-library-b0946605e3617c901635278b62d0f6a8e3942844/ip/Pmods/PmodMTDS_v1_0
WARNING: [IP_Flow 19-1663] Duplicate IP found for 'digilentinc.com:IP:PmodNAV:1.0'. The one found in IP location 'z:/DAT096/vivado-library-master/ip/Pmods/PmodNAV_v1_0' will take precedence over the same IP in location z:/DAT096/vivado-library-b0946605e3617c901635278b62d0f6a8e3942844/ip/Pmods/PmodNAV_v1_0
WARNING: [IP_Flow 19-1663] Duplicate IP found for 'digilentinc.com:IP:PmodOLEDrgb:1.0'. The one found in IP location 'z:/DAT096/vivado-library-master/ip/Pmods/pmodOLEDrgb_v1_0' will take precedence over the same IP in location z:/DAT096/vivado-library-b0946605e3617c901635278b62d0f6a8e3942844/ip/Pmods/pmodOLEDrgb_v1_0
WARNING: [IP_Flow 19-1663] Duplicate IP found for 'digilentinc.com:IP:PmodOLED:1.0'. The one found in IP location 'z:/DAT096/vivado-library-master/ip/Pmods/PmodOLED_v1_0' will take precedence over the same IP in location z:/DAT096/vivado-library-b0946605e3617c901635278b62d0f6a8e3942844/ip/Pmods/PmodOLED_v1_0
WARNING: [IP_Flow 19-1663] Duplicate IP found for 'digilentinc.com:IP:PmodPIR:1.0'. The one found in IP location 'z:/DAT096/vivado-library-master/ip/Pmods/PmodPIR_v1_0' will take precedence over the same IP in location z:/DAT096/vivado-library-b0946605e3617c901635278b62d0f6a8e3942844/ip/Pmods/PmodPIR_v1_0
WARNING: [IP_Flow 19-1663] Duplicate IP found for 'digilentinc.com:IP:PmodR2R:1.0'. The one found in IP location 'z:/DAT096/vivado-library-master/ip/Pmods/PmodR2R_v1_0' will take precedence over the same IP in location z:/DAT096/vivado-library-b0946605e3617c901635278b62d0f6a8e3942844/ip/Pmods/PmodR2R_v1_0
WARNING: [IP_Flow 19-1663] Duplicate IP found for 'digilentinc.com:IP:PmodRTCC:1.0'. The one found in IP location 'z:/DAT096/vivado-library-master/ip/Pmods/PmodRTCC_v1_0' will take precedence over the same IP in location z:/DAT096/vivado-library-b0946605e3617c901635278b62d0f6a8e3942844/ip/Pmods/PmodRTCC_v1_0
WARNING: [IP_Flow 19-1663] Duplicate IP found for 'digilentinc.com:IP:PmodSD:1.0'. The one found in IP location 'z:/DAT096/vivado-library-master/ip/Pmods/PmodSD_v1_0' will take precedence over the same IP in location z:/DAT096/vivado-library-b0946605e3617c901635278b62d0f6a8e3942844/ip/Pmods/PmodSD_v1_0
WARNING: [IP_Flow 19-1663] Duplicate IP found for 'digilentinc.com:IP:PmodSF3:1.0'. The one found in IP location 'z:/DAT096/vivado-library-master/ip/Pmods/PmodSF3_v1_0' will take precedence over the same IP in location z:/DAT096/vivado-library-b0946605e3617c901635278b62d0f6a8e3942844/ip/Pmods/PmodSF3_v1_0
WARNING: [IP_Flow 19-1663] Duplicate IP found for 'digilentinc.com:IP:PmodTC1:1.0'. The one found in IP location 'z:/DAT096/vivado-library-master/ip/Pmods/PmodTC1_v1_0' will take precedence over the same IP in location z:/DAT096/vivado-library-b0946605e3617c901635278b62d0f6a8e3942844/ip/Pmods/PmodTC1_v1_0
WARNING: [IP_Flow 19-1663] Duplicate IP found for 'digilentinc.com:IP:PmodTMP3:1.0'. The one found in IP location 'z:/DAT096/vivado-library-master/ip/Pmods/PmodTMP3_v1_0' will take precedence over the same IP in location z:/DAT096/vivado-library-b0946605e3617c901635278b62d0f6a8e3942844/ip/Pmods/PmodTMP3_v1_0
WARNING: [IP_Flow 19-1663] Duplicate IP found for 'digilentinc.com:IP:PmodWIFI:1.0'. The one found in IP location 'z:/DAT096/vivado-library-master/ip/Pmods/PmodWIFI_v1_0' will take precedence over the same IP in location z:/DAT096/vivado-library-b0946605e3617c901635278b62d0f6a8e3942844/ip/Pmods/PmodWIFI_v1_0
WARNING: [IP_Flow 19-1663] Duplicate IP found for 'digilentinc.com:ip:pmod_bridge:1.0'. The one found in IP location 'z:/DAT096/vivado-library-master/ip/Pmods/Pmod_Bridge_v1_0' will take precedence over the same IP in location z:/DAT096/vivado-library-b0946605e3617c901635278b62d0f6a8e3942844/ip/Pmods/Pmod_Bridge_v1_0
WARNING: [IP_Flow 19-1663] Duplicate IP found for 'digilentinc.com:ip:pmod_bridge:1.1'. The one found in IP location 'z:/DAT096/vivado-library-master/ip/Pmods/Pmod_Bridge_v1_1' will take precedence over the same IP in location z:/DAT096/vivado-library-b0946605e3617c901635278b62d0f6a8e3942844/ip/Pmods/Pmod_Bridge_v1_1
WARNING: [IP_Flow 19-1663] Duplicate IP found for 'digilentinc.com:IP:PWM:1.0'. The one found in IP location 'z:/DAT096/vivado-library-master/ip/PWM_1.0' will take precedence over the same IP in location z:/DAT096/vivado-library-b0946605e3617c901635278b62d0f6a8e3942844/ip/PWM_1.0
WARNING: [IP_Flow 19-1663] Duplicate IP found for 'digilentinc.com:IP:PWM:2.0'. The one found in IP location 'z:/DAT096/vivado-library-master/ip/PWM_2.0' will take precedence over the same IP in location z:/DAT096/vivado-library-b0946605e3617c901635278b62d0f6a8e3942844/ip/PWM_2.0
WARNING: [IP_Flow 19-1663] Duplicate IP found for 'digilentinc.com:IP:PWM_Analyzer:1.0'. The one found in IP location 'z:/DAT096/vivado-library-master/ip/PWM_Analyzer_1.0' will take precedence over the same IP in location z:/DAT096/vivado-library-b0946605e3617c901635278b62d0f6a8e3942844/ip/PWM_Analyzer_1.0
WARNING: [IP_Flow 19-1663] Duplicate IP found for 'digilentinc.com:ip:rgb2dvi:1.4'. The one found in IP location 'z:/DAT096/vivado-library-master/ip/rgb2dvi' will take precedence over the same IP in location z:/DAT096/vivado-library-b0946605e3617c901635278b62d0f6a8e3942844/ip/rgb2dvi
WARNING: [IP_Flow 19-4830] Duplicate Interface found for 'digilentinc.com:interface:pmod:1.0'. The one found in location 'z:/DAT096/vivado-library-b0946605e3617c901635278b62d0f6a8e3942844/if/pmod_v1_0/pmod.xml' will take precedence over the same Interface in location 'z:/DAT096/vivado-library-master/if/pmod_v1_0/pmod.xml'
WARNING: [IP_Flow 19-4830] Duplicate Interface found for 'digilentinc.com:interface:tmds:1.0'. The one found in location 'z:/DAT096/vivado-library-b0946605e3617c901635278b62d0f6a8e3942844/if/tmds_v1_0/tmds.xml' will take precedence over the same Interface in location 'z:/DAT096/vivado-library-master/if/tmds_v1_0/tmds.xml'
INFO: [IP_Flow 19-5107] Inferred bus interface 'clk' of definition 'xilinx.com:signal:clock:1.0' (from Xilinx Repository).
WARNING: [IP_Flow 19-5661] Bus Interface 'clk' does not have any bus interfaces associated with it.
WARNING: [IP_Flow 19-11770] Clock interface 'clk' has no FREQ_HZ parameter.
WARNING: [IP_Flow 19-1663] Duplicate IP found for 'digilentinc.com:user:axi_i2s_adi:1.2'. The one found in IP location 'z:/DAT096/vivado-library-b0946605e3617c901635278b62d0f6a8e3942844/ip/axi_i2s_adi_1.2' will take precedence over the same IP in location z:/DAT096/vivado-library-master/ip/axi_i2s_adi_1.2
WARNING: [IP_Flow 19-1663] Duplicate IP found for 'digilentinc.com:IP:axi_ps2:1.0'. The one found in IP location 'z:/DAT096/vivado-library-b0946605e3617c901635278b62d0f6a8e3942844/ip/axi_ps2_1.0' will take precedence over the same IP in location z:/DAT096/vivado-library-master/ip/axi_ps2_1.0
WARNING: [IP_Flow 19-1663] Duplicate IP found for 'digilentinc.com:ip:clock_forwarder:1.1'. The one found in IP location 'z:/DAT096/vivado-library-b0946605e3617c901635278b62d0f6a8e3942844/ip/clock_forwarder' will take precedence over the same IP in location z:/DAT096/vivado-library-master/ip/clock_forwarder
WARNING: [IP_Flow 19-1663] Duplicate IP found for 'digilentinc.com:IP:hls_contrast_stretch:1.0'. The one found in IP location 'z:/DAT096/vivado-library-b0946605e3617c901635278b62d0f6a8e3942844/ip/hls_contrast_stretch_1_0' will take precedence over the same IP in location z:/DAT096/vivado-library-master/ip/hls_contrast_stretch_1_0
WARNING: [IP_Flow 19-1663] Duplicate IP found for 'digilentinc.com:IP:hls_gamma_correction:1.0'. The one found in IP location 'z:/DAT096/vivado-library-b0946605e3617c901635278b62d0f6a8e3942844/ip/hls_gamma_correction_1_0' will take precedence over the same IP in location z:/DAT096/vivado-library-master/ip/hls_gamma_correction_1_0
WARNING: [IP_Flow 19-1663] Duplicate IP found for 'digilentinc.com:IP:hls_saturation_enhance:1.0'. The one found in IP location 'z:/DAT096/vivado-library-b0946605e3617c901635278b62d0f6a8e3942844/ip/hls_saturation_enhance_1_0' will take precedence over the same IP in location z:/DAT096/vivado-library-master/ip/hls_saturation_enhance_1_0
WARNING: [IP_Flow 19-1663] Duplicate IP found for 'digilentinc.com:ip:rgb2dpvid:1.0'. The one found in IP location 'z:/DAT096/vivado-library-b0946605e3617c901635278b62d0f6a8e3942844/ip/rgb2dpvid_v1_0' will take precedence over the same IP in location z:/DAT096/vivado-library-master/ip/rgb2dpvid_v1_0
WARNING: [IP_Flow 19-1663] Duplicate IP found for 'digilentinc.com:ip:rgb2vga:1.0'. The one found in IP location 'z:/DAT096/vivado-library-b0946605e3617c901635278b62d0f6a8e3942844/ip/rgb2vga_v1_0' will take precedence over the same IP in location z:/DAT096/vivado-library-master/ip/rgb2vga_v1_0
WARNING: [IP_Flow 19-1663] Duplicate IP found for 'digilentinc.com:ip:Sync:1.0'. The one found in IP location 'z:/DAT096/vivado-library-b0946605e3617c901635278b62d0f6a8e3942844/ip/Sync_v1_0' will take precedence over the same IP in location z:/DAT096/vivado-library-master/ip/Sync_v1_0
WARNING: [IP_Flow 19-1663] Duplicate IP found for 'digilentinc.com:ip:usb2device:1.0'. The one found in IP location 'z:/DAT096/vivado-library-b0946605e3617c901635278b62d0f6a8e3942844/ip/usb2device_v1_0' will take precedence over the same IP in location z:/DAT096/vivado-library-master/ip/usb2device_v1_0
WARNING: [IP_Flow 19-1663] Duplicate IP found for 'digilentinc.com:video:video_scaler:1.0'. The one found in IP location 'z:/DAT096/vivado-library-b0946605e3617c901635278b62d0f6a8e3942844/ip/video_scaler' will take precedence over the same IP in location z:/DAT096/vivado-library-master/ip/video_scaler
WARNING: [IP_Flow 19-1663] Duplicate IP found for 'digilentinc.com:ip:dvi2rgb:2.0'. The one found in IP location 'z:/DAT096/vivado-library-master/ip/dvi2rgb' will take precedence over the same IP in location z:/DAT096/vivado-library-b0946605e3617c901635278b62d0f6a8e3942844/ip/dvi2rgb
WARNING: [IP_Flow 19-1663] Duplicate IP found for 'digilentinc.com:IP:MotorFeedback:1.0'. The one found in IP location 'z:/DAT096/vivado-library-master/ip/MotorFeedback_1.0' will take precedence over the same IP in location z:/DAT096/vivado-library-b0946605e3617c901635278b62d0f6a8e3942844/ip/MotorFeedback_1.0
WARNING: [IP_Flow 19-1663] Duplicate IP found for 'digilentinc.com:IP:PmodACL2:1.0'. The one found in IP location 'z:/DAT096/vivado-library-master/ip/Pmods/PmodACL2_v1_0' will take precedence over the same IP in location z:/DAT096/vivado-library-b0946605e3617c901635278b62d0f6a8e3942844/ip/Pmods/PmodACL2_v1_0
WARNING: [IP_Flow 19-1663] Duplicate IP found for 'digilentinc.com:IP:PmodACL:1.0'. The one found in IP location 'z:/DAT096/vivado-library-master/ip/Pmods/PmodACL_v1_0' will take precedence over the same IP in location z:/DAT096/vivado-library-b0946605e3617c901635278b62d0f6a8e3942844/ip/Pmods/PmodACL_v1_0
WARNING: [IP_Flow 19-1663] Duplicate IP found for 'digilentinc.com:IP:PmodAD1:1.0'. The one found in IP location 'z:/DAT096/vivado-library-master/ip/Pmods/PmodAD1_v1_0' will take precedence over the same IP in location z:/DAT096/vivado-library-b0946605e3617c901635278b62d0f6a8e3942844/ip/Pmods/PmodAD1_v1_0
WARNING: [IP_Flow 19-1663] Duplicate IP found for 'digilentinc.com:IP:PmodAD2:1.0'. The one found in IP location 'z:/DAT096/vivado-library-master/ip/Pmods/PmodAD2_v1_0' will take precedence over the same IP in location z:/DAT096/vivado-library-b0946605e3617c901635278b62d0f6a8e3942844/ip/Pmods/PmodAD2_v1_0
WARNING: [IP_Flow 19-1663] Duplicate IP found for 'digilentinc.com:IP:PmodAD5:1.0'. The one found in IP location 'z:/DAT096/vivado-library-master/ip/Pmods/PmodAD5_v1_0' will take precedence over the same IP in location z:/DAT096/vivado-library-b0946605e3617c901635278b62d0f6a8e3942844/ip/Pmods/PmodAD5_v1_0
WARNING: [IP_Flow 19-1663] Duplicate IP found for 'digilentinc.com:IP:PmodALS:1.0'. The one found in IP location 'z:/DAT096/vivado-library-master/ip/Pmods/PmodALS_v1_0' will take precedence over the same IP in location z:/DAT096/vivado-library-b0946605e3617c901635278b62d0f6a8e3942844/ip/Pmods/PmodALS_v1_0
WARNING: [IP_Flow 19-1663] Duplicate IP found for 'digilentinc.com:IP:PmodAMP2:1.0'. The one found in IP location 'z:/DAT096/vivado-library-master/ip/Pmods/PmodAMP2_v1_0' will take precedence over the same IP in location z:/DAT096/vivado-library-b0946605e3617c901635278b62d0f6a8e3942844/ip/Pmods/PmodAMP2_v1_0
WARNING: [IP_Flow 19-1663] Duplicate IP found for 'digilentinc.com:IP:PmodAQS:1.0'. The one found in IP location 'z:/DAT096/vivado-library-master/ip/Pmods/PmodAQS_v1_0' will take precedence over the same IP in location z:/DAT096/vivado-library-b0946605e3617c901635278b62d0f6a8e3942844/ip/Pmods/PmodAQS_v1_0
WARNING: [IP_Flow 19-1663] Duplicate IP found for 'digilentinc.com:IP:PmodBLE:1.0'. The one found in IP location 'z:/DAT096/vivado-library-master/ip/Pmods/PmodBLE_v1_0' will take precedence over the same IP in location z:/DAT096/vivado-library-b0946605e3617c901635278b62d0f6a8e3942844/ip/Pmods/PmodBLE_v1_0
WARNING: [IP_Flow 19-1663] Duplicate IP found for 'digilentinc.com:IP:PmodBT2:1.0'. The one found in IP location 'z:/DAT096/vivado-library-master/ip/Pmods/PmodBT2_v1_0' will take precedence over the same IP in location z:/DAT096/vivado-library-b0946605e3617c901635278b62d0f6a8e3942844/ip/Pmods/PmodBT2_v1_0
WARNING: [IP_Flow 19-1663] Duplicate IP found for 'digilentinc.com:IP:PmodCAN:1.0'. The one found in IP location 'z:/DAT096/vivado-library-master/ip/Pmods/PmodCAN_v1_0' will take precedence over the same IP in location z:/DAT096/vivado-library-b0946605e3617c901635278b62d0f6a8e3942844/ip/Pmods/PmodCAN_v1_0
WARNING: [IP_Flow 19-1663] Duplicate IP found for 'digilentinc.com:IP:PmodCLS:1.0'. The one found in IP location 'z:/DAT096/vivado-library-master/ip/Pmods/PmodCLS_v1_0' will take precedence over the same IP in location z:/DAT096/vivado-library-b0946605e3617c901635278b62d0f6a8e3942844/ip/Pmods/PmodCLS_v1_0
WARNING: [IP_Flow 19-1663] Duplicate IP found for 'digilentinc.com:IP:PmodCMPS2:1.0'. The one found in IP location 'z:/DAT096/vivado-library-master/ip/Pmods/PmodCMPS2_v1_0' will take precedence over the same IP in location z:/DAT096/vivado-library-b0946605e3617c901635278b62d0f6a8e3942844/ip/Pmods/PmodCMPS2_v1_0
WARNING: [IP_Flow 19-1663] Duplicate IP found for 'digilentinc.com:IP:PmodCOLOR:1.0'. The one found in IP location 'z:/DAT096/vivado-library-master/ip/Pmods/PmodCOLOR_v1_0' will take precedence over the same IP in location z:/DAT096/vivado-library-b0946605e3617c901635278b62d0f6a8e3942844/ip/Pmods/PmodCOLOR_v1_0
WARNING: [IP_Flow 19-1663] Duplicate IP found for 'digilentinc.com:IP:PmodDA1:1.0'. The one found in IP location 'z:/DAT096/vivado-library-master/ip/Pmods/PmodDA1_v1_0' will take precedence over the same IP in location z:/DAT096/vivado-library-b0946605e3617c901635278b62d0f6a8e3942844/ip/Pmods/PmodDA1_v1_0
WARNING: [IP_Flow 19-1663] Duplicate IP found for 'digilentinc.com:IP:PmodDHB1:1.0'. The one found in IP location 'z:/DAT096/vivado-library-master/ip/Pmods/PmodDHB1_v1_0' will take precedence over the same IP in location z:/DAT096/vivado-library-b0946605e3617c901635278b62d0f6a8e3942844/ip/Pmods/PmodDHB1_v1_0
WARNING: [IP_Flow 19-1663] Duplicate IP found for 'digilentinc.com:IP:PmodDPG1:1.0'. The one found in IP location 'z:/DAT096/vivado-library-master/ip/Pmods/PmodDPG1_v1_0' will take precedence over the same IP in location z:/DAT096/vivado-library-b0946605e3617c901635278b62d0f6a8e3942844/ip/Pmods/PmodDPG1_v1_0
WARNING: [IP_Flow 19-1663] Duplicate IP found for 'digilentinc.com:IP:PmodENC:1.0'. The one found in IP location 'z:/DAT096/vivado-library-master/ip/Pmods/PmodENC_v1_0' will take precedence over the same IP in location z:/DAT096/vivado-library-b0946605e3617c901635278b62d0f6a8e3942844/ip/Pmods/PmodENC_v1_0
WARNING: [IP_Flow 19-1663] Duplicate IP found for 'digilentinc.com:user:PmodESP32:1.0'. The one found in IP location 'z:/DAT096/vivado-library-master/ip/Pmods/PmodESP32_v1_0' will take precedence over the same IP in location z:/DAT096/vivado-library-b0946605e3617c901635278b62d0f6a8e3942844/ip/Pmods/PmodESP32_v1_0
WARNING: [IP_Flow 19-1663] Duplicate IP found for 'digilentinc.com:IP:PmodGPIO:1.0'. The one found in IP location 'z:/DAT096/vivado-library-master/ip/Pmods/PmodGPIO_v1_0' will take precedence over the same IP in location z:/DAT096/vivado-library-b0946605e3617c901635278b62d0f6a8e3942844/ip/Pmods/PmodGPIO_v1_0
WARNING: [IP_Flow 19-1663] Duplicate IP found for 'digilentinc.com:IP:PmodGPS:1.1'. The one found in IP location 'z:/DAT096/vivado-library-master/ip/Pmods/PmodGPS_v1_1' will take precedence over the same IP in location z:/DAT096/vivado-library-b0946605e3617c901635278b62d0f6a8e3942844/ip/Pmods/PmodGPS_v1_1
WARNING: [IP_Flow 19-1663] Duplicate IP found for 'digilentinc.com:IP:PmodGYRO:1.0'. The one found in IP location 'z:/DAT096/vivado-library-master/ip/Pmods/PmodGYRO_v1_0' will take precedence over the same IP in location z:/DAT096/vivado-library-b0946605e3617c901635278b62d0f6a8e3942844/ip/Pmods/PmodGYRO_v1_0
WARNING: [IP_Flow 19-1663] Duplicate IP found for 'digilentinc.com:IP:PmodHYGRO:1.0'. The one found in IP location 'z:/DAT096/vivado-library-master/ip/Pmods/PmodHYGRO_v1_0' will take precedence over the same IP in location z:/DAT096/vivado-library-b0946605e3617c901635278b62d0f6a8e3942844/ip/Pmods/PmodHYGRO_v1_0
WARNING: [IP_Flow 19-1663] Duplicate IP found for 'digilentinc.com:IP:PmodJSTK2:1.0'. The one found in IP location 'z:/DAT096/vivado-library-master/ip/Pmods/PmodJSTK2_v1_0' will take precedence over the same IP in location z:/DAT096/vivado-library-b0946605e3617c901635278b62d0f6a8e3942844/ip/Pmods/PmodJSTK2_v1_0
WARNING: [IP_Flow 19-1663] Duplicate IP found for 'digilentinc.com:IP:PmodJSTK:1.0'. The one found in IP location 'z:/DAT096/vivado-library-master/ip/Pmods/PmodJSTK_v1_0' will take precedence over the same IP in location z:/DAT096/vivado-library-b0946605e3617c901635278b62d0f6a8e3942844/ip/Pmods/PmodJSTK_v1_0
WARNING: [IP_Flow 19-1663] Duplicate IP found for 'digilentinc.com:IP:PmodKYPD:1.0'. The one found in IP location 'z:/DAT096/vivado-library-master/ip/Pmods/PmodKYPD_v1_0' will take precedence over the same IP in location z:/DAT096/vivado-library-b0946605e3617c901635278b62d0f6a8e3942844/ip/Pmods/PmodKYPD_v1_0
WARNING: [IP_Flow 19-1663] Duplicate IP found for 'digilentinc.com:IP:PmodMAXSONAR:1.0'. The one found in IP location 'z:/DAT096/vivado-library-master/ip/Pmods/PmodMAXSONAR_v1_0' will take precedence over the same IP in location z:/DAT096/vivado-library-b0946605e3617c901635278b62d0f6a8e3942844/ip/Pmods/PmodMAXSONAR_v1_0
WARNING: [IP_Flow 19-1663] Duplicate IP found for 'digilentinc.com:IP:PmodMTDS:1.0'. The one found in IP location 'z:/DAT096/vivado-library-master/ip/Pmods/PmodMTDS_v1_0' will take precedence over the same IP in location z:/DAT096/vivado-library-b0946605e3617c901635278b62d0f6a8e3942844/ip/Pmods/PmodMTDS_v1_0
WARNING: [IP_Flow 19-1663] Duplicate IP found for 'digilentinc.com:IP:PmodNAV:1.0'. The one found in IP location 'z:/DAT096/vivado-library-master/ip/Pmods/PmodNAV_v1_0' will take precedence over the same IP in location z:/DAT096/vivado-library-b0946605e3617c901635278b62d0f6a8e3942844/ip/Pmods/PmodNAV_v1_0
WARNING: [IP_Flow 19-1663] Duplicate IP found for 'digilentinc.com:IP:PmodOLEDrgb:1.0'. The one found in IP location 'z:/DAT096/vivado-library-master/ip/Pmods/pmodOLEDrgb_v1_0' will take precedence over the same IP in location z:/DAT096/vivado-library-b0946605e3617c901635278b62d0f6a8e3942844/ip/Pmods/pmodOLEDrgb_v1_0
WARNING: [IP_Flow 19-1663] Duplicate IP found for 'digilentinc.com:IP:PmodOLED:1.0'. The one found in IP location 'z:/DAT096/vivado-library-master/ip/Pmods/PmodOLED_v1_0' will take precedence over the same IP in location z:/DAT096/vivado-library-b0946605e3617c901635278b62d0f6a8e3942844/ip/Pmods/PmodOLED_v1_0
WARNING: [IP_Flow 19-1663] Duplicate IP found for 'digilentinc.com:IP:PmodPIR:1.0'. The one found in IP location 'z:/DAT096/vivado-library-master/ip/Pmods/PmodPIR_v1_0' will take precedence over the same IP in location z:/DAT096/vivado-library-b0946605e3617c901635278b62d0f6a8e3942844/ip/Pmods/PmodPIR_v1_0
WARNING: [IP_Flow 19-1663] Duplicate IP found for 'digilentinc.com:IP:PmodR2R:1.0'. The one found in IP location 'z:/DAT096/vivado-library-master/ip/Pmods/PmodR2R_v1_0' will take precedence over the same IP in location z:/DAT096/vivado-library-b0946605e3617c901635278b62d0f6a8e3942844/ip/Pmods/PmodR2R_v1_0
WARNING: [IP_Flow 19-1663] Duplicate IP found for 'digilentinc.com:IP:PmodRTCC:1.0'. The one found in IP location 'z:/DAT096/vivado-library-master/ip/Pmods/PmodRTCC_v1_0' will take precedence over the same IP in location z:/DAT096/vivado-library-b0946605e3617c901635278b62d0f6a8e3942844/ip/Pmods/PmodRTCC_v1_0
WARNING: [IP_Flow 19-1663] Duplicate IP found for 'digilentinc.com:IP:PmodSD:1.0'. The one found in IP location 'z:/DAT096/vivado-library-master/ip/Pmods/PmodSD_v1_0' will take precedence over the same IP in location z:/DAT096/vivado-library-b0946605e3617c901635278b62d0f6a8e3942844/ip/Pmods/PmodSD_v1_0
WARNING: [IP_Flow 19-1663] Duplicate IP found for 'digilentinc.com:IP:PmodSF3:1.0'. The one found in IP location 'z:/DAT096/vivado-library-master/ip/Pmods/PmodSF3_v1_0' will take precedence over the same IP in location z:/DAT096/vivado-library-b0946605e3617c901635278b62d0f6a8e3942844/ip/Pmods/PmodSF3_v1_0
WARNING: [IP_Flow 19-1663] Duplicate IP found for 'digilentinc.com:IP:PmodTC1:1.0'. The one found in IP location 'z:/DAT096/vivado-library-master/ip/Pmods/PmodTC1_v1_0' will take precedence over the same IP in location z:/DAT096/vivado-library-b0946605e3617c901635278b62d0f6a8e3942844/ip/Pmods/PmodTC1_v1_0
WARNING: [IP_Flow 19-1663] Duplicate IP found for 'digilentinc.com:IP:PmodTMP3:1.0'. The one found in IP location 'z:/DAT096/vivado-library-master/ip/Pmods/PmodTMP3_v1_0' will take precedence over the same IP in location z:/DAT096/vivado-library-b0946605e3617c901635278b62d0f6a8e3942844/ip/Pmods/PmodTMP3_v1_0
WARNING: [IP_Flow 19-1663] Duplicate IP found for 'digilentinc.com:IP:PmodWIFI:1.0'. The one found in IP location 'z:/DAT096/vivado-library-master/ip/Pmods/PmodWIFI_v1_0' will take precedence over the same IP in location z:/DAT096/vivado-library-b0946605e3617c901635278b62d0f6a8e3942844/ip/Pmods/PmodWIFI_v1_0
WARNING: [IP_Flow 19-1663] Duplicate IP found for 'digilentinc.com:ip:pmod_bridge:1.0'. The one found in IP location 'z:/DAT096/vivado-library-master/ip/Pmods/Pmod_Bridge_v1_0' will take precedence over the same IP in location z:/DAT096/vivado-library-b0946605e3617c901635278b62d0f6a8e3942844/ip/Pmods/Pmod_Bridge_v1_0
WARNING: [IP_Flow 19-1663] Duplicate IP found for 'digilentinc.com:ip:pmod_bridge:1.1'. The one found in IP location 'z:/DAT096/vivado-library-master/ip/Pmods/Pmod_Bridge_v1_1' will take precedence over the same IP in location z:/DAT096/vivado-library-b0946605e3617c901635278b62d0f6a8e3942844/ip/Pmods/Pmod_Bridge_v1_1
WARNING: [IP_Flow 19-1663] Duplicate IP found for 'digilentinc.com:IP:PWM:1.0'. The one found in IP location 'z:/DAT096/vivado-library-master/ip/PWM_1.0' will take precedence over the same IP in location z:/DAT096/vivado-library-b0946605e3617c901635278b62d0f6a8e3942844/ip/PWM_1.0
WARNING: [IP_Flow 19-1663] Duplicate IP found for 'digilentinc.com:IP:PWM:2.0'. The one found in IP location 'z:/DAT096/vivado-library-master/ip/PWM_2.0' will take precedence over the same IP in location z:/DAT096/vivado-library-b0946605e3617c901635278b62d0f6a8e3942844/ip/PWM_2.0
WARNING: [IP_Flow 19-1663] Duplicate IP found for 'digilentinc.com:IP:PWM_Analyzer:1.0'. The one found in IP location 'z:/DAT096/vivado-library-master/ip/PWM_Analyzer_1.0' will take precedence over the same IP in location z:/DAT096/vivado-library-b0946605e3617c901635278b62d0f6a8e3942844/ip/PWM_Analyzer_1.0
WARNING: [IP_Flow 19-1663] Duplicate IP found for 'digilentinc.com:ip:rgb2dvi:1.4'. The one found in IP location 'z:/DAT096/vivado-library-master/ip/rgb2dvi' will take precedence over the same IP in location z:/DAT096/vivado-library-b0946605e3617c901635278b62d0f6a8e3942844/ip/rgb2dvi
WARNING: [IP_Flow 19-4830] Duplicate Interface found for 'digilentinc.com:interface:pmod:1.0'. The one found in location 'z:/DAT096/vivado-library-b0946605e3617c901635278b62d0f6a8e3942844/if/pmod_v1_0/pmod.xml' will take precedence over the same Interface in location 'z:/DAT096/vivado-library-master/if/pmod_v1_0/pmod.xml'
WARNING: [IP_Flow 19-4830] Duplicate Interface found for 'digilentinc.com:interface:tmds:1.0'. The one found in location 'z:/DAT096/vivado-library-b0946605e3617c901635278b62d0f6a8e3942844/if/tmds_v1_0/tmds.xml' will take precedence over the same Interface in location 'z:/DAT096/vivado-library-master/if/tmds_v1_0/tmds.xml'
Upgrading 'Z:/DAT096/DAT096-krish/Embedded-System-Project-DAT096-krishna/Board_2/Board_2/Board_2.srcs/sources_1/bd/design_2/design_2.bd'
WARNING: [Vivado 12-1017] Problems encountered:
1. Failed to delete one or more files in run directory Z:/DAT096/DAT096-krish/Embedded-System-Project-DAT096-krishna/Board_2/Board_2/Board_2.runs/design_2_vcsel_conv_0_0_synth_1

INFO: [IP_Flow 19-3420] Updated design_2_vcsel_conv_0_0 to use current project options
Wrote  : <Z:\DAT096\DAT096-krish\Embedded-System-Project-DAT096-krishna\Board_2\Board_2\Board_2.srcs\sources_1\bd\design_2\design_2.bd> 
Wrote  : <Z:/DAT096/DAT096-krish/Embedded-System-Project-DAT096-krishna/Board_2/Board_2/Board_2.srcs/sources_1/bd/design_2/ui/bd_1fdbff51.ui> 
generate_target all [get_files  Z:/DAT096/DAT096-krish/Embedded-System-Project-DAT096-krishna/Board_2/Board_2/Board_2.srcs/sources_1/bd/design_2/design_2.bd]
WARNING: [BD 41-2670] Found an incomplete address path from address space '/processing_system7_0/Data' to master interface '/processing_system7_0/M_AXI_GP0'. Please either complete or remove this path to resolve.
WARNING: [BD 5-699] No address segments matched 'get_bd_addr_segs -of_objects /processing_system7_0/Data'
ERROR: [Common 17-161] Invalid option value '' specified for 'object'.
ERROR: [BD 41-1273] Error running propagate TCL procedure: ERROR: [Common 17-161] Invalid option value '' specified for 'object'.
    ::xilinx.com_ip_ila_6.2::propagate Line 95
INFO: [xilinx.com:ip:clk_wiz:6.0-1] /clk_wiz_0 clk_wiz propagate
Wrote  : <Z:\DAT096\DAT096-krish\Embedded-System-Project-DAT096-krishna\Board_2\Board_2\Board_2.srcs\sources_1\bd\design_2\design_2.bd> 
VHDL Output written to : z:/DAT096/DAT096-krish/Embedded-System-Project-DAT096-krishna/Board_2/Board_2/Board_2.gen/sources_1/bd/design_2/synth/design_2.vhd
VHDL Output written to : z:/DAT096/DAT096-krish/Embedded-System-Project-DAT096-krishna/Board_2/Board_2/Board_2.gen/sources_1/bd/design_2/sim/design_2.vhd
VHDL Output written to : z:/DAT096/DAT096-krish/Embedded-System-Project-DAT096-krishna/Board_2/Board_2/Board_2.gen/sources_1/bd/design_2/hdl/design_2_wrapper.vhd
INFO: [BD 41-1029] Generation completed for the IP Integrator block vcsel_conv_0 .
Exporting to file z:/DAT096/DAT096-krish/Embedded-System-Project-DAT096-krishna/Board_2/Board_2/Board_2.gen/sources_1/bd/design_2/hw_handoff/design_2.hwh
Generated Hardware Definition File z:/DAT096/DAT096-krish/Embedded-System-Project-DAT096-krishna/Board_2/Board_2/Board_2.gen/sources_1/bd/design_2/synth/design_2.hwdef
ERROR: [Common 17-39] 'generate_target' failed due to earlier errors.
WARNING: [filemgmt 56-199] Attempt to get parsing info during refresh. "On-the-fly" syntax checking information may be incorrect. [Z:\DAT096\DAT096-krish\Embedded-System-Project-DAT096-krishna\Board_2\Board_2\Board_2.srcs\sources_1\new\vcsel_iir.vhd:]
WARNING: [filemgmt 56-199] Attempt to get parsing info during refresh. "On-the-fly" syntax checking information may be incorrect. [Z:\DAT096\DAT096-krish\Embedded-System-Project-DAT096-krishna\Board_2\Board_2\Board_2.srcs\sources_1\new\vcsel_conv.vhd:]
WARNING: [filemgmt 56-199] Attempt to get parsing info during refresh. "On-the-fly" syntax checking information may be incorrect. [Z:\DAT096\DAT096-krish\Embedded-System-Project-DAT096-krishna\Board_2\Board_2\Board_2.srcs\sources_1\new\vcsel_conv.vhd:]
WARNING: [filemgmt 56-199] Attempt to get parsing info during refresh. "On-the-fly" syntax checking information may be incorrect. [Z:\DAT096\DAT096-krish\Embedded-System-Project-DAT096-krishna\Board_2\Board_2\Board_2.srcs\sources_1\new\vcsel_conv.vhd:]
ERROR: [Common 17-180] Spawn failed: No error
report_ip_status -name ip_status 
reset_run synth_1
INFO: [Project 1-1161] Replacing file Z:/DAT096/DAT096-krish/Embedded-System-Project-DAT096-krishna/Board_2/Board_2/Board_2.srcs/utils_1/imports/synth_1/design_2_wrapper.dcp with file Z:/DAT096/DAT096-krish/Embedded-System-Project-DAT096-krishna/Board_2/Board_2/Board_2.runs/synth_1/design_2_wrapper.dcp
WARNING: [Vivado 12-1017] Problems encountered:
1. Failed to delete one or more files in run directory Z:/DAT096/DAT096-krish/Embedded-System-Project-DAT096-krishna/Board_2/Board_2/Board_2.runs/synth_1

launch_runs impl_1 -to_step write_bitstream -jobs 28
WARNING: [filemgmt 56-199] Attempt to get parsing info during refresh. "On-the-fly" syntax checking information may be incorrect. [Z:\DAT096\DAT096-krish\Embedded-System-Project-DAT096-krishna\Board_2\Board_2\Board_2.srcs\sources_1\new\vcsel_iir.vhd:]
WARNING: [filemgmt 56-199] Attempt to get parsing info during refresh. "On-the-fly" syntax checking information may be incorrect. [Z:\DAT096\DAT096-krish\Embedded-System-Project-DAT096-krishna\Board_2\Board_2\Board_2.srcs\sources_1\new\vcsel_conv.vhd:]
WARNING: [filemgmt 56-199] Attempt to get parsing info during refresh. "On-the-fly" syntax checking information may be incorrect. [Z:\DAT096\DAT096-krish\Embedded-System-Project-DAT096-krishna\Board_2\Board_2\Board_2.srcs\sources_1\new\vcsel_iir.vhd:]
WARNING: [filemgmt 56-199] Attempt to get parsing info during refresh. "On-the-fly" syntax checking information may be incorrect. [Z:\DAT096\DAT096-krish\Embedded-System-Project-DAT096-krishna\Board_2\Board_2\Board_2.srcs\sources_1\new\vcsel_iir.vhd:]
[Wed May 27 22:30:49 2026] Launched design_2_vcsel_conv_0_0_synth_1, synth_1...
Run output will be captured here:
design_2_vcsel_conv_0_0_synth_1: Z:/DAT096/DAT096-krish/Embedded-System-Project-DAT096-krishna/Board_2/Board_2/Board_2.runs/design_2_vcsel_conv_0_0_synth_1/runme.log
synth_1: Z:/DAT096/DAT096-krish/Embedded-System-Project-DAT096-krishna/Board_2/Board_2/Board_2.runs/synth_1/runme.log
[Wed May 27 22:30:49 2026] Launched impl_1...
Run output will be captured here: Z:/DAT096/DAT096-krish/Embedded-System-Project-DAT096-krishna/Board_2/Board_2/Board_2.runs/impl_1/runme.log
WARNING: [filemgmt 56-199] Attempt to get parsing info during refresh. "On-the-fly" syntax checking information may be incorrect. [Z:\DAT096\DAT096-krish\Embedded-System-Project-DAT096-krishna\Board_2\Board_2\Board_2.srcs\sources_1\new\vcsel_static.vhd:]
WARNING: [filemgmt 56-199] Attempt to get parsing info during refresh. "On-the-fly" syntax checking information may be incorrect. [Z:\DAT096\DAT096-krish\Embedded-System-Project-DAT096-krishna\Board_2\Board_2\Board_2.srcs\sources_1\new\vcsel_iir.vhd:]
WARNING: [filemgmt 56-199] Attempt to get parsing info during refresh. "On-the-fly" syntax checking information may be incorrect. [Z:\DAT096\DAT096-krish\Embedded-System-Project-DAT096-krishna\Board_2\Board_2\Board_2.srcs\sources_1\new\vcsel_conv.vhd:]
WARNING: [filemgmt 56-199] Attempt to get parsing info during refresh. "On-the-fly" syntax checking information may be incorrect. [Z:\DAT096\DAT096-krish\Embedded-System-Project-DAT096-krishna\Board_2\Board_2\Board_2.srcs\sources_1\new\vcsel_iir.vhd:]
WARNING: [filemgmt 56-199] Attempt to get parsing info during refresh. "On-the-fly" syntax checking information may be incorrect. [Z:\DAT096\DAT096-krish\Embedded-System-Project-DAT096-krishna\Board_2\Board_2\Board_2.srcs\sources_1\new\vcsel_iir.vhd:]
WARNING: [filemgmt 56-199] Attempt to get parsing info during refresh. "On-the-fly" syntax checking information may be incorrect. [Z:\DAT096\DAT096-krish\Embedded-System-Project-DAT096-krishna\Board_2\Board_2\Board_2.srcs\sources_1\new\vcsel_static.vhd:]
WARNING: [filemgmt 56-199] Attempt to get parsing info during refresh. "On-the-fly" syntax checking information may be incorrect. [Z:\DAT096\DAT096-krish\Embedded-System-Project-DAT096-krishna\Board_2\Board_2\Board_2.srcs\sources_1\new\vcsel_iir.vhd:]
WARNING: [filemgmt 56-199] Attempt to get parsing info during refresh. "On-the-fly" syntax checking information may be incorrect. [Z:\DAT096\DAT096-krish\Embedded-System-Project-DAT096-krishna\Board_2\Board_2\Board_2.srcs\sources_1\new\vcsel_conv.vhd:]
WARNING: [filemgmt 56-199] Attempt to get parsing info during refresh. "On-the-fly" syntax checking information may be incorrect. [Z:\DAT096\DAT096-krish\Embedded-System-Project-DAT096-krishna\Board_2\Board_2\Board_2.srcs\sources_1\new\vcsel_static.vhd:]
WARNING: [filemgmt 56-199] Attempt to get parsing info during refresh. "On-the-fly" syntax checking information may be incorrect. [Z:\DAT096\DAT096-krish\Embedded-System-Project-DAT096-krishna\Board_2\Board_2\Board_2.srcs\sources_1\new\vcsel_static.vhd:]
ERROR: [Common 17-180] Spawn failed: No error
set_property PROBES.FILE {Z:/DAT096/DAT096-krish/Embedded-System-Project-DAT096-krishna/Board_2/Board_2/Board_2.runs/impl_1/design_2_wrapper.ltx} [get_hw_devices xc7z020_1_1]
set_property FULL_PROBES.FILE {Z:/DAT096/DAT096-krish/Embedded-System-Project-DAT096-krishna/Board_2/Board_2/Board_2.runs/impl_1/design_2_wrapper.ltx} [get_hw_devices xc7z020_1_1]
set_property PROGRAM.FILE {Z:/DAT096/DAT096-krish/Embedded-System-Project-DAT096-krishna/Board_2/Board_2/Board_2.runs/impl_1/design_2_wrapper.bit} [get_hw_devices xc7z020_1_1]
program_hw_devices [get_hw_devices xc7z020_1_1]
INFO: [Labtools 27-3164] End of startup status: HIGH
refresh_hw_device [lindex [get_hw_devices xc7z020_1_1] 0]
INFO: [Labtools 27-2302] Device xc7z020 (JTAG device index = 1) is programmed with a design that has 1 ILA core(s).
INFO: [Labtools 27-2302] Device xc7z020 (JTAG device index = 1) is programmed with a design that has 2 VIO core(s).
WARNING: [Labtools 27-1952] VIO hw_probe OUTPUT_VALUE properties for hw_vio(s) [hw_vio_2] differ from output values in the VIO core(s).
Resolution: 
To synchronize the hw_probes properties and the VIO core outputs choose one of the following alternatives:
  1) Execute the command 'Commit Output Values to VIO Core', to write down the hw_probe values to the core.
  2) Execute the command 'Refresh Input and Output Values from VIO Core', to update the hw_probe properties with the core values.
  3) First restore initial values in the core with the command 'Reset VIO Core Outputs', and then execute the command 'Refresh Input and Output Values from VIO Core'.
run_hw_ila [get_hw_ilas -of_objects [get_hw_devices xc7z020_1_1] -filter {CELL_NAME=~"design_2_i/ila_0"}]
INFO: [Labtools 27-1964] The ILA core 'hw_ila_1' trigger was armed at 2026-May-27 22:35:12
wait_on_hw_ila [get_hw_ilas -of_objects [get_hw_devices xc7z020_1_1] -filter {CELL_NAME=~"design_2_i/ila_0"}]
display_hw_ila_data [upload_hw_ila_data [get_hw_ilas -of_objects [get_hw_devices xc7z020_1_1] -filter {CELL_NAME=~"design_2_i/ila_0"}]]
INFO: [Labtools 27-1966] The ILA core 'hw_ila_1' triggered at 2026-May-27 22:35:12
INFO: [Labtools 27-3304] ILA Waveform data saved to file Z:/DAT096/DAT096-krish/Embedded-System-Project-DAT096-krishna/Board_2/Board_2/Board_2.hw/backup/hw_ila_data_1.ila. Use Tcl command 'read_hw_ila_data' or Vivado File->Import->Import ILA Data menu item to import the previously saved data.
open_bd_design {Z:/DAT096/DAT096-krish/Embedded-System-Project-DAT096-krishna/Board_2/Board_2/Board_2.srcs/sources_1/bd/design_2/design_2.bd}
WARNING: [filemgmt 56-199] Attempt to get parsing info during refresh. "On-the-fly" syntax checking information may be incorrect. [Z:\DAT096\DAT096-krish\Embedded-System-Project-DAT096-krishna\Board_2\Board_2\Board_2.srcs\sources_1\new\vcsel_static.vhd:]
WARNING: [filemgmt 56-199] Attempt to get parsing info during refresh. "On-the-fly" syntax checking information may be incorrect. [Z:\DAT096\DAT096-krish\Embedded-System-Project-DAT096-krishna\Board_2\Board_2\Board_2.srcs\sources_1\new\vcsel_iir.vhd:]
WARNING: [filemgmt 56-199] Attempt to get parsing info during refresh. "On-the-fly" syntax checking information may be incorrect. [Z:\DAT096\DAT096-krish\Embedded-System-Project-DAT096-krishna\Board_2\Board_2\Board_2.srcs\sources_1\new\vcsel_conv.vhd:]
WARNING: [filemgmt 56-199] Attempt to get parsing info during refresh. "On-the-fly" syntax checking information may be incorrect. [Z:\DAT096\DAT096-krish\Embedded-System-Project-DAT096-krishna\Board_2\Board_2\Board_2.srcs\sources_1\new\vcsel_iir.vhd:]
WARNING: [filemgmt 56-199] Attempt to get parsing info during refresh. "On-the-fly" syntax checking information may be incorrect. [Z:\DAT096\DAT096-krish\Embedded-System-Project-DAT096-krishna\Board_2\Board_2\Board_2.srcs\sources_1\new\vcsel_iir.vhd:]
WARNING: [filemgmt 56-199] Attempt to get parsing info during refresh. "On-the-fly" syntax checking information may be incorrect. [Z:\DAT096\DAT096-krish\Embedded-System-Project-DAT096-krishna\Board_2\Board_2\Board_2.srcs\sources_1\new\vcsel_static.vhd:]
WARNING: [filemgmt 56-199] Attempt to get parsing info during refresh. "On-the-fly" syntax checking information may be incorrect. [Z:\DAT096\DAT096-krish\Embedded-System-Project-DAT096-krishna\Board_2\Board_2\Board_2.srcs\sources_1\new\vcsel_iir.vhd:]
WARNING: [filemgmt 56-199] Attempt to get parsing info during refresh. "On-the-fly" syntax checking information may be incorrect. [Z:\DAT096\DAT096-krish\Embedded-System-Project-DAT096-krishna\Board_2\Board_2\Board_2.srcs\sources_1\new\vcsel_conv.vhd:]
WARNING: [filemgmt 56-199] Attempt to get parsing info during refresh. "On-the-fly" syntax checking information may be incorrect. [Z:\DAT096\DAT096-krish\Embedded-System-Project-DAT096-krishna\Board_2\Board_2\Board_2.srcs\sources_1\new\vcsel_static.vhd:]
WARNING: [filemgmt 56-199] Attempt to get parsing info during refresh. "On-the-fly" syntax checking information may be incorrect. [Z:\DAT096\DAT096-krish\Embedded-System-Project-DAT096-krishna\Board_2\Board_2\Board_2.srcs\sources_1\new\vcsel_iir.vhd:]
WARNING: [filemgmt 56-199] Attempt to get parsing info during refresh. "On-the-fly" syntax checking information may be incorrect. [Z:\DAT096\DAT096-krish\Embedded-System-Project-DAT096-krishna\Board_2\Board_2\Board_2.srcs\sources_1\new\vcsel_conv.vhd:]
WARNING: [filemgmt 56-199] Attempt to get parsing info during refresh. "On-the-fly" syntax checking information may be incorrect. [Z:\DAT096\DAT096-krish\Embedded-System-Project-DAT096-krishna\Board_2\Board_2\Board_2.srcs\sources_1\new\vcsel_iir.vhd:]
WARNING: [filemgmt 56-199] Attempt to get parsing info during refresh. "On-the-fly" syntax checking information may be incorrect. [Z:\DAT096\DAT096-krish\Embedded-System-Project-DAT096-krishna\Board_2\Board_2\Board_2.srcs\sources_1\new\vcsel_iir.vhd:]
WARNING: [filemgmt 56-199] Attempt to get parsing info during refresh. "On-the-fly" syntax checking information may be incorrect. [Z:\DAT096\DAT096-krish\Embedded-System-Project-DAT096-krishna\Board_2\Board_2\Board_2.srcs\sources_1\new\vcsel_static.vhd:]
WARNING: [filemgmt 56-199] Attempt to get parsing info during refresh. "On-the-fly" syntax checking information may be incorrect. [Z:\DAT096\DAT096-krish\Embedded-System-Project-DAT096-krishna\Board_2\Board_2\Board_2.srcs\sources_1\new\vcsel_iir.vhd:]
WARNING: [filemgmt 56-199] Attempt to get parsing info during refresh. "On-the-fly" syntax checking information may be incorrect. [Z:\DAT096\DAT096-krish\Embedded-System-Project-DAT096-krishna\Board_2\Board_2\Board_2.srcs\sources_1\new\vcsel_conv.vhd:]
WARNING: [filemgmt 56-199] Attempt to get parsing info during refresh. "On-the-fly" syntax checking information may be incorrect. [Z:\DAT096\DAT096-krish\Embedded-System-Project-DAT096-krishna\Board_2\Board_2\Board_2.srcs\sources_1\new\vcsel_static.vhd:]
WARNING: [filemgmt 56-199] Attempt to get parsing info during refresh. "On-the-fly" syntax checking information may be incorrect. [Z:\DAT096\DAT096-krish\Embedded-System-Project-DAT096-krishna\Board_2\Board_2\Board_2.srcs\sources_1\new\vcsel_static.vhd:]
ERROR: [Common 17-180] Spawn failed: No error
report_ip_status -name ip_status 
update_module_reference [get_ips  design_2_vcsel_conv_0_0]
INFO: [IP_Flow 19-5107] Inferred bus interface 'clk' of definition 'xilinx.com:signal:clock:1.0' (from Xilinx Repository).
WARNING: [IP_Flow 19-5661] Bus Interface 'clk' does not have any bus interfaces associated with it.
WARNING: [IP_Flow 19-11770] Clock interface 'clk' has no FREQ_HZ parameter.
WARNING: [IP_Flow 19-1663] Duplicate IP found for 'digilentinc.com:user:axi_i2s_adi:1.2'. The one found in IP location 'z:/DAT096/vivado-library-b0946605e3617c901635278b62d0f6a8e3942844/ip/axi_i2s_adi_1.2' will take precedence over the same IP in location z:/DAT096/vivado-library-master/ip/axi_i2s_adi_1.2
WARNING: [IP_Flow 19-1663] Duplicate IP found for 'digilentinc.com:IP:axi_ps2:1.0'. The one found in IP location 'z:/DAT096/vivado-library-b0946605e3617c901635278b62d0f6a8e3942844/ip/axi_ps2_1.0' will take precedence over the same IP in location z:/DAT096/vivado-library-master/ip/axi_ps2_1.0
WARNING: [IP_Flow 19-1663] Duplicate IP found for 'digilentinc.com:ip:clock_forwarder:1.1'. The one found in IP location 'z:/DAT096/vivado-library-b0946605e3617c901635278b62d0f6a8e3942844/ip/clock_forwarder' will take precedence over the same IP in location z:/DAT096/vivado-library-master/ip/clock_forwarder
WARNING: [IP_Flow 19-1663] Duplicate IP found for 'digilentinc.com:IP:hls_contrast_stretch:1.0'. The one found in IP location 'z:/DAT096/vivado-library-b0946605e3617c901635278b62d0f6a8e3942844/ip/hls_contrast_stretch_1_0' will take precedence over the same IP in location z:/DAT096/vivado-library-master/ip/hls_contrast_stretch_1_0
WARNING: [IP_Flow 19-1663] Duplicate IP found for 'digilentinc.com:IP:hls_gamma_correction:1.0'. The one found in IP location 'z:/DAT096/vivado-library-b0946605e3617c901635278b62d0f6a8e3942844/ip/hls_gamma_correction_1_0' will take precedence over the same IP in location z:/DAT096/vivado-library-master/ip/hls_gamma_correction_1_0
WARNING: [IP_Flow 19-1663] Duplicate IP found for 'digilentinc.com:IP:hls_saturation_enhance:1.0'. The one found in IP location 'z:/DAT096/vivado-library-b0946605e3617c901635278b62d0f6a8e3942844/ip/hls_saturation_enhance_1_0' will take precedence over the same IP in location z:/DAT096/vivado-library-master/ip/hls_saturation_enhance_1_0
WARNING: [IP_Flow 19-1663] Duplicate IP found for 'digilentinc.com:ip:rgb2dpvid:1.0'. The one found in IP location 'z:/DAT096/vivado-library-b0946605e3617c901635278b62d0f6a8e3942844/ip/rgb2dpvid_v1_0' will take precedence over the same IP in location z:/DAT096/vivado-library-master/ip/rgb2dpvid_v1_0
WARNING: [IP_Flow 19-1663] Duplicate IP found for 'digilentinc.com:ip:rgb2vga:1.0'. The one found in IP location 'z:/DAT096/vivado-library-b0946605e3617c901635278b62d0f6a8e3942844/ip/rgb2vga_v1_0' will take precedence over the same IP in location z:/DAT096/vivado-library-master/ip/rgb2vga_v1_0
WARNING: [IP_Flow 19-1663] Duplicate IP found for 'digilentinc.com:ip:Sync:1.0'. The one found in IP location 'z:/DAT096/vivado-library-b0946605e3617c901635278b62d0f6a8e3942844/ip/Sync_v1_0' will take precedence over the same IP in location z:/DAT096/vivado-library-master/ip/Sync_v1_0
WARNING: [IP_Flow 19-1663] Duplicate IP found for 'digilentinc.com:ip:usb2device:1.0'. The one found in IP location 'z:/DAT096/vivado-library-b0946605e3617c901635278b62d0f6a8e3942844/ip/usb2device_v1_0' will take precedence over the same IP in location z:/DAT096/vivado-library-master/ip/usb2device_v1_0
WARNING: [IP_Flow 19-1663] Duplicate IP found for 'digilentinc.com:video:video_scaler:1.0'. The one found in IP location 'z:/DAT096/vivado-library-b0946605e3617c901635278b62d0f6a8e3942844/ip/video_scaler' will take precedence over the same IP in location z:/DAT096/vivado-library-master/ip/video_scaler
WARNING: [IP_Flow 19-1663] Duplicate IP found for 'digilentinc.com:ip:dvi2rgb:2.0'. The one found in IP location 'z:/DAT096/vivado-library-master/ip/dvi2rgb' will take precedence over the same IP in location z:/DAT096/vivado-library-b0946605e3617c901635278b62d0f6a8e3942844/ip/dvi2rgb
WARNING: [IP_Flow 19-1663] Duplicate IP found for 'digilentinc.com:IP:MotorFeedback:1.0'. The one found in IP location 'z:/DAT096/vivado-library-master/ip/MotorFeedback_1.0' will take precedence over the same IP in location z:/DAT096/vivado-library-b0946605e3617c901635278b62d0f6a8e3942844/ip/MotorFeedback_1.0
WARNING: [IP_Flow 19-1663] Duplicate IP found for 'digilentinc.com:IP:PmodACL2:1.0'. The one found in IP location 'z:/DAT096/vivado-library-master/ip/Pmods/PmodACL2_v1_0' will take precedence over the same IP in location z:/DAT096/vivado-library-b0946605e3617c901635278b62d0f6a8e3942844/ip/Pmods/PmodACL2_v1_0
WARNING: [IP_Flow 19-1663] Duplicate IP found for 'digilentinc.com:IP:PmodACL:1.0'. The one found in IP location 'z:/DAT096/vivado-library-master/ip/Pmods/PmodACL_v1_0' will take precedence over the same IP in location z:/DAT096/vivado-library-b0946605e3617c901635278b62d0f6a8e3942844/ip/Pmods/PmodACL_v1_0
WARNING: [IP_Flow 19-1663] Duplicate IP found for 'digilentinc.com:IP:PmodAD1:1.0'. The one found in IP location 'z:/DAT096/vivado-library-master/ip/Pmods/PmodAD1_v1_0' will take precedence over the same IP in location z:/DAT096/vivado-library-b0946605e3617c901635278b62d0f6a8e3942844/ip/Pmods/PmodAD1_v1_0
WARNING: [IP_Flow 19-1663] Duplicate IP found for 'digilentinc.com:IP:PmodAD2:1.0'. The one found in IP location 'z:/DAT096/vivado-library-master/ip/Pmods/PmodAD2_v1_0' will take precedence over the same IP in location z:/DAT096/vivado-library-b0946605e3617c901635278b62d0f6a8e3942844/ip/Pmods/PmodAD2_v1_0
WARNING: [IP_Flow 19-1663] Duplicate IP found for 'digilentinc.com:IP:PmodAD5:1.0'. The one found in IP location 'z:/DAT096/vivado-library-master/ip/Pmods/PmodAD5_v1_0' will take precedence over the same IP in location z:/DAT096/vivado-library-b0946605e3617c901635278b62d0f6a8e3942844/ip/Pmods/PmodAD5_v1_0
WARNING: [IP_Flow 19-1663] Duplicate IP found for 'digilentinc.com:IP:PmodALS:1.0'. The one found in IP location 'z:/DAT096/vivado-library-master/ip/Pmods/PmodALS_v1_0' will take precedence over the same IP in location z:/DAT096/vivado-library-b0946605e3617c901635278b62d0f6a8e3942844/ip/Pmods/PmodALS_v1_0
WARNING: [IP_Flow 19-1663] Duplicate IP found for 'digilentinc.com:IP:PmodAMP2:1.0'. The one found in IP location 'z:/DAT096/vivado-library-master/ip/Pmods/PmodAMP2_v1_0' will take precedence over the same IP in location z:/DAT096/vivado-library-b0946605e3617c901635278b62d0f6a8e3942844/ip/Pmods/PmodAMP2_v1_0
WARNING: [IP_Flow 19-1663] Duplicate IP found for 'digilentinc.com:IP:PmodAQS:1.0'. The one found in IP location 'z:/DAT096/vivado-library-master/ip/Pmods/PmodAQS_v1_0' will take precedence over the same IP in location z:/DAT096/vivado-library-b0946605e3617c901635278b62d0f6a8e3942844/ip/Pmods/PmodAQS_v1_0
WARNING: [IP_Flow 19-1663] Duplicate IP found for 'digilentinc.com:IP:PmodBLE:1.0'. The one found in IP location 'z:/DAT096/vivado-library-master/ip/Pmods/PmodBLE_v1_0' will take precedence over the same IP in location z:/DAT096/vivado-library-b0946605e3617c901635278b62d0f6a8e3942844/ip/Pmods/PmodBLE_v1_0
WARNING: [IP_Flow 19-1663] Duplicate IP found for 'digilentinc.com:IP:PmodBT2:1.0'. The one found in IP location 'z:/DAT096/vivado-library-master/ip/Pmods/PmodBT2_v1_0' will take precedence over the same IP in location z:/DAT096/vivado-library-b0946605e3617c901635278b62d0f6a8e3942844/ip/Pmods/PmodBT2_v1_0
WARNING: [IP_Flow 19-1663] Duplicate IP found for 'digilentinc.com:IP:PmodCAN:1.0'. The one found in IP location 'z:/DAT096/vivado-library-master/ip/Pmods/PmodCAN_v1_0' will take precedence over the same IP in location z:/DAT096/vivado-library-b0946605e3617c901635278b62d0f6a8e3942844/ip/Pmods/PmodCAN_v1_0
WARNING: [IP_Flow 19-1663] Duplicate IP found for 'digilentinc.com:IP:PmodCLS:1.0'. The one found in IP location 'z:/DAT096/vivado-library-master/ip/Pmods/PmodCLS_v1_0' will take precedence over the same IP in location z:/DAT096/vivado-library-b0946605e3617c901635278b62d0f6a8e3942844/ip/Pmods/PmodCLS_v1_0
WARNING: [IP_Flow 19-1663] Duplicate IP found for 'digilentinc.com:IP:PmodCMPS2:1.0'. The one found in IP location 'z:/DAT096/vivado-library-master/ip/Pmods/PmodCMPS2_v1_0' will take precedence over the same IP in location z:/DAT096/vivado-library-b0946605e3617c901635278b62d0f6a8e3942844/ip/Pmods/PmodCMPS2_v1_0
WARNING: [IP_Flow 19-1663] Duplicate IP found for 'digilentinc.com:IP:PmodCOLOR:1.0'. The one found in IP location 'z:/DAT096/vivado-library-master/ip/Pmods/PmodCOLOR_v1_0' will take precedence over the same IP in location z:/DAT096/vivado-library-b0946605e3617c901635278b62d0f6a8e3942844/ip/Pmods/PmodCOLOR_v1_0
WARNING: [IP_Flow 19-1663] Duplicate IP found for 'digilentinc.com:IP:PmodDA1:1.0'. The one found in IP location 'z:/DAT096/vivado-library-master/ip/Pmods/PmodDA1_v1_0' will take precedence over the same IP in location z:/DAT096/vivado-library-b0946605e3617c901635278b62d0f6a8e3942844/ip/Pmods/PmodDA1_v1_0
WARNING: [IP_Flow 19-1663] Duplicate IP found for 'digilentinc.com:IP:PmodDHB1:1.0'. The one found in IP location 'z:/DAT096/vivado-library-master/ip/Pmods/PmodDHB1_v1_0' will take precedence over the same IP in location z:/DAT096/vivado-library-b0946605e3617c901635278b62d0f6a8e3942844/ip/Pmods/PmodDHB1_v1_0
WARNING: [IP_Flow 19-1663] Duplicate IP found for 'digilentinc.com:IP:PmodDPG1:1.0'. The one found in IP location 'z:/DAT096/vivado-library-master/ip/Pmods/PmodDPG1_v1_0' will take precedence over the same IP in location z:/DAT096/vivado-library-b0946605e3617c901635278b62d0f6a8e3942844/ip/Pmods/PmodDPG1_v1_0
WARNING: [IP_Flow 19-1663] Duplicate IP found for 'digilentinc.com:IP:PmodENC:1.0'. The one found in IP location 'z:/DAT096/vivado-library-master/ip/Pmods/PmodENC_v1_0' will take precedence over the same IP in location z:/DAT096/vivado-library-b0946605e3617c901635278b62d0f6a8e3942844/ip/Pmods/PmodENC_v1_0
WARNING: [IP_Flow 19-1663] Duplicate IP found for 'digilentinc.com:user:PmodESP32:1.0'. The one found in IP location 'z:/DAT096/vivado-library-master/ip/Pmods/PmodESP32_v1_0' will take precedence over the same IP in location z:/DAT096/vivado-library-b0946605e3617c901635278b62d0f6a8e3942844/ip/Pmods/PmodESP32_v1_0
WARNING: [IP_Flow 19-1663] Duplicate IP found for 'digilentinc.com:IP:PmodGPIO:1.0'. The one found in IP location 'z:/DAT096/vivado-library-master/ip/Pmods/PmodGPIO_v1_0' will take precedence over the same IP in location z:/DAT096/vivado-library-b0946605e3617c901635278b62d0f6a8e3942844/ip/Pmods/PmodGPIO_v1_0
WARNING: [IP_Flow 19-1663] Duplicate IP found for 'digilentinc.com:IP:PmodGPS:1.1'. The one found in IP location 'z:/DAT096/vivado-library-master/ip/Pmods/PmodGPS_v1_1' will take precedence over the same IP in location z:/DAT096/vivado-library-b0946605e3617c901635278b62d0f6a8e3942844/ip/Pmods/PmodGPS_v1_1
WARNING: [IP_Flow 19-1663] Duplicate IP found for 'digilentinc.com:IP:PmodGYRO:1.0'. The one found in IP location 'z:/DAT096/vivado-library-master/ip/Pmods/PmodGYRO_v1_0' will take precedence over the same IP in location z:/DAT096/vivado-library-b0946605e3617c901635278b62d0f6a8e3942844/ip/Pmods/PmodGYRO_v1_0
WARNING: [IP_Flow 19-1663] Duplicate IP found for 'digilentinc.com:IP:PmodHYGRO:1.0'. The one found in IP location 'z:/DAT096/vivado-library-master/ip/Pmods/PmodHYGRO_v1_0' will take precedence over the same IP in location z:/DAT096/vivado-library-b0946605e3617c901635278b62d0f6a8e3942844/ip/Pmods/PmodHYGRO_v1_0
WARNING: [IP_Flow 19-1663] Duplicate IP found for 'digilentinc.com:IP:PmodJSTK2:1.0'. The one found in IP location 'z:/DAT096/vivado-library-master/ip/Pmods/PmodJSTK2_v1_0' will take precedence over the same IP in location z:/DAT096/vivado-library-b0946605e3617c901635278b62d0f6a8e3942844/ip/Pmods/PmodJSTK2_v1_0
WARNING: [IP_Flow 19-1663] Duplicate IP found for 'digilentinc.com:IP:PmodJSTK:1.0'. The one found in IP location 'z:/DAT096/vivado-library-master/ip/Pmods/PmodJSTK_v1_0' will take precedence over the same IP in location z:/DAT096/vivado-library-b0946605e3617c901635278b62d0f6a8e3942844/ip/Pmods/PmodJSTK_v1_0
WARNING: [IP_Flow 19-1663] Duplicate IP found for 'digilentinc.com:IP:PmodKYPD:1.0'. The one found in IP location 'z:/DAT096/vivado-library-master/ip/Pmods/PmodKYPD_v1_0' will take precedence over the same IP in location z:/DAT096/vivado-library-b0946605e3617c901635278b62d0f6a8e3942844/ip/Pmods/PmodKYPD_v1_0
WARNING: [IP_Flow 19-1663] Duplicate IP found for 'digilentinc.com:IP:PmodMAXSONAR:1.0'. The one found in IP location 'z:/DAT096/vivado-library-master/ip/Pmods/PmodMAXSONAR_v1_0' will take precedence over the same IP in location z:/DAT096/vivado-library-b0946605e3617c901635278b62d0f6a8e3942844/ip/Pmods/PmodMAXSONAR_v1_0
WARNING: [IP_Flow 19-1663] Duplicate IP found for 'digilentinc.com:IP:PmodMTDS:1.0'. The one found in IP location 'z:/DAT096/vivado-library-master/ip/Pmods/PmodMTDS_v1_0' will take precedence over the same IP in location z:/DAT096/vivado-library-b0946605e3617c901635278b62d0f6a8e3942844/ip/Pmods/PmodMTDS_v1_0
WARNING: [IP_Flow 19-1663] Duplicate IP found for 'digilentinc.com:IP:PmodNAV:1.0'. The one found in IP location 'z:/DAT096/vivado-library-master/ip/Pmods/PmodNAV_v1_0' will take precedence over the same IP in location z:/DAT096/vivado-library-b0946605e3617c901635278b62d0f6a8e3942844/ip/Pmods/PmodNAV_v1_0
WARNING: [IP_Flow 19-1663] Duplicate IP found for 'digilentinc.com:IP:PmodOLEDrgb:1.0'. The one found in IP location 'z:/DAT096/vivado-library-master/ip/Pmods/pmodOLEDrgb_v1_0' will take precedence over the same IP in location z:/DAT096/vivado-library-b0946605e3617c901635278b62d0f6a8e3942844/ip/Pmods/pmodOLEDrgb_v1_0
WARNING: [IP_Flow 19-1663] Duplicate IP found for 'digilentinc.com:IP:PmodOLED:1.0'. The one found in IP location 'z:/DAT096/vivado-library-master/ip/Pmods/PmodOLED_v1_0' will take precedence over the same IP in location z:/DAT096/vivado-library-b0946605e3617c901635278b62d0f6a8e3942844/ip/Pmods/PmodOLED_v1_0
WARNING: [IP_Flow 19-1663] Duplicate IP found for 'digilentinc.com:IP:PmodPIR:1.0'. The one found in IP location 'z:/DAT096/vivado-library-master/ip/Pmods/PmodPIR_v1_0' will take precedence over the same IP in location z:/DAT096/vivado-library-b0946605e3617c901635278b62d0f6a8e3942844/ip/Pmods/PmodPIR_v1_0
WARNING: [IP_Flow 19-1663] Duplicate IP found for 'digilentinc.com:IP:PmodR2R:1.0'. The one found in IP location 'z:/DAT096/vivado-library-master/ip/Pmods/PmodR2R_v1_0' will take precedence over the same IP in location z:/DAT096/vivado-library-b0946605e3617c901635278b62d0f6a8e3942844/ip/Pmods/PmodR2R_v1_0
WARNING: [IP_Flow 19-1663] Duplicate IP found for 'digilentinc.com:IP:PmodRTCC:1.0'. The one found in IP location 'z:/DAT096/vivado-library-master/ip/Pmods/PmodRTCC_v1_0' will take precedence over the same IP in location z:/DAT096/vivado-library-b0946605e3617c901635278b62d0f6a8e3942844/ip/Pmods/PmodRTCC_v1_0
WARNING: [IP_Flow 19-1663] Duplicate IP found for 'digilentinc.com:IP:PmodSD:1.0'. The one found in IP location 'z:/DAT096/vivado-library-master/ip/Pmods/PmodSD_v1_0' will take precedence over the same IP in location z:/DAT096/vivado-library-b0946605e3617c901635278b62d0f6a8e3942844/ip/Pmods/PmodSD_v1_0
WARNING: [IP_Flow 19-1663] Duplicate IP found for 'digilentinc.com:IP:PmodSF3:1.0'. The one found in IP location 'z:/DAT096/vivado-library-master/ip/Pmods/PmodSF3_v1_0' will take precedence over the same IP in location z:/DAT096/vivado-library-b0946605e3617c901635278b62d0f6a8e3942844/ip/Pmods/PmodSF3_v1_0
WARNING: [IP_Flow 19-1663] Duplicate IP found for 'digilentinc.com:IP:PmodTC1:1.0'. The one found in IP location 'z:/DAT096/vivado-library-master/ip/Pmods/PmodTC1_v1_0' will take precedence over the same IP in location z:/DAT096/vivado-library-b0946605e3617c901635278b62d0f6a8e3942844/ip/Pmods/PmodTC1_v1_0
WARNING: [IP_Flow 19-1663] Duplicate IP found for 'digilentinc.com:IP:PmodTMP3:1.0'. The one found in IP location 'z:/DAT096/vivado-library-master/ip/Pmods/PmodTMP3_v1_0' will take precedence over the same IP in location z:/DAT096/vivado-library-b0946605e3617c901635278b62d0f6a8e3942844/ip/Pmods/PmodTMP3_v1_0
WARNING: [IP_Flow 19-1663] Duplicate IP found for 'digilentinc.com:IP:PmodWIFI:1.0'. The one found in IP location 'z:/DAT096/vivado-library-master/ip/Pmods/PmodWIFI_v1_0' will take precedence over the same IP in location z:/DAT096/vivado-library-b0946605e3617c901635278b62d0f6a8e3942844/ip/Pmods/PmodWIFI_v1_0
WARNING: [IP_Flow 19-1663] Duplicate IP found for 'digilentinc.com:ip:pmod_bridge:1.0'. The one found in IP location 'z:/DAT096/vivado-library-master/ip/Pmods/Pmod_Bridge_v1_0' will take precedence over the same IP in location z:/DAT096/vivado-library-b0946605e3617c901635278b62d0f6a8e3942844/ip/Pmods/Pmod_Bridge_v1_0
WARNING: [IP_Flow 19-1663] Duplicate IP found for 'digilentinc.com:ip:pmod_bridge:1.1'. The one found in IP location 'z:/DAT096/vivado-library-master/ip/Pmods/Pmod_Bridge_v1_1' will take precedence over the same IP in location z:/DAT096/vivado-library-b0946605e3617c901635278b62d0f6a8e3942844/ip/Pmods/Pmod_Bridge_v1_1
WARNING: [IP_Flow 19-1663] Duplicate IP found for 'digilentinc.com:IP:PWM:1.0'. The one found in IP location 'z:/DAT096/vivado-library-master/ip/PWM_1.0' will take precedence over the same IP in location z:/DAT096/vivado-library-b0946605e3617c901635278b62d0f6a8e3942844/ip/PWM_1.0
WARNING: [IP_Flow 19-1663] Duplicate IP found for 'digilentinc.com:IP:PWM:2.0'. The one found in IP location 'z:/DAT096/vivado-library-master/ip/PWM_2.0' will take precedence over the same IP in location z:/DAT096/vivado-library-b0946605e3617c901635278b62d0f6a8e3942844/ip/PWM_2.0
WARNING: [IP_Flow 19-1663] Duplicate IP found for 'digilentinc.com:IP:PWM_Analyzer:1.0'. The one found in IP location 'z:/DAT096/vivado-library-master/ip/PWM_Analyzer_1.0' will take precedence over the same IP in location z:/DAT096/vivado-library-b0946605e3617c901635278b62d0f6a8e3942844/ip/PWM_Analyzer_1.0
WARNING: [IP_Flow 19-1663] Duplicate IP found for 'digilentinc.com:ip:rgb2dvi:1.4'. The one found in IP location 'z:/DAT096/vivado-library-master/ip/rgb2dvi' will take precedence over the same IP in location z:/DAT096/vivado-library-b0946605e3617c901635278b62d0f6a8e3942844/ip/rgb2dvi
WARNING: [IP_Flow 19-4830] Duplicate Interface found for 'digilentinc.com:interface:pmod:1.0'. The one found in location 'z:/DAT096/vivado-library-b0946605e3617c901635278b62d0f6a8e3942844/if/pmod_v1_0/pmod.xml' will take precedence over the same Interface in location 'z:/DAT096/vivado-library-master/if/pmod_v1_0/pmod.xml'
WARNING: [IP_Flow 19-4830] Duplicate Interface found for 'digilentinc.com:interface:tmds:1.0'. The one found in location 'z:/DAT096/vivado-library-b0946605e3617c901635278b62d0f6a8e3942844/if/tmds_v1_0/tmds.xml' will take precedence over the same Interface in location 'z:/DAT096/vivado-library-master/if/tmds_v1_0/tmds.xml'
INFO: [IP_Flow 19-5107] Inferred bus interface 'clk' of definition 'xilinx.com:signal:clock:1.0' (from Xilinx Repository).
WARNING: [IP_Flow 19-5661] Bus Interface 'clk' does not have any bus interfaces associated with it.
WARNING: [IP_Flow 19-11770] Clock interface 'clk' has no FREQ_HZ parameter.
WARNING: [IP_Flow 19-1663] Duplicate IP found for 'digilentinc.com:user:axi_i2s_adi:1.2'. The one found in IP location 'z:/DAT096/vivado-library-b0946605e3617c901635278b62d0f6a8e3942844/ip/axi_i2s_adi_1.2' will take precedence over the same IP in location z:/DAT096/vivado-library-master/ip/axi_i2s_adi_1.2
WARNING: [IP_Flow 19-1663] Duplicate IP found for 'digilentinc.com:IP:axi_ps2:1.0'. The one found in IP location 'z:/DAT096/vivado-library-b0946605e3617c901635278b62d0f6a8e3942844/ip/axi_ps2_1.0' will take precedence over the same IP in location z:/DAT096/vivado-library-master/ip/axi_ps2_1.0
WARNING: [IP_Flow 19-1663] Duplicate IP found for 'digilentinc.com:ip:clock_forwarder:1.1'. The one found in IP location 'z:/DAT096/vivado-library-b0946605e3617c901635278b62d0f6a8e3942844/ip/clock_forwarder' will take precedence over the same IP in location z:/DAT096/vivado-library-master/ip/clock_forwarder
WARNING: [IP_Flow 19-1663] Duplicate IP found for 'digilentinc.com:IP:hls_contrast_stretch:1.0'. The one found in IP location 'z:/DAT096/vivado-library-b0946605e3617c901635278b62d0f6a8e3942844/ip/hls_contrast_stretch_1_0' will take precedence over the same IP in location z:/DAT096/vivado-library-master/ip/hls_contrast_stretch_1_0
WARNING: [IP_Flow 19-1663] Duplicate IP found for 'digilentinc.com:IP:hls_gamma_correction:1.0'. The one found in IP location 'z:/DAT096/vivado-library-b0946605e3617c901635278b62d0f6a8e3942844/ip/hls_gamma_correction_1_0' will take precedence over the same IP in location z:/DAT096/vivado-library-master/ip/hls_gamma_correction_1_0
WARNING: [IP_Flow 19-1663] Duplicate IP found for 'digilentinc.com:IP:hls_saturation_enhance:1.0'. The one found in IP location 'z:/DAT096/vivado-library-b0946605e3617c901635278b62d0f6a8e3942844/ip/hls_saturation_enhance_1_0' will take precedence over the same IP in location z:/DAT096/vivado-library-master/ip/hls_saturation_enhance_1_0
WARNING: [IP_Flow 19-1663] Duplicate IP found for 'digilentinc.com:ip:rgb2dpvid:1.0'. The one found in IP location 'z:/DAT096/vivado-library-b0946605e3617c901635278b62d0f6a8e3942844/ip/rgb2dpvid_v1_0' will take precedence over the same IP in location z:/DAT096/vivado-library-master/ip/rgb2dpvid_v1_0
WARNING: [IP_Flow 19-1663] Duplicate IP found for 'digilentinc.com:ip:rgb2vga:1.0'. The one found in IP location 'z:/DAT096/vivado-library-b0946605e3617c901635278b62d0f6a8e3942844/ip/rgb2vga_v1_0' will take precedence over the same IP in location z:/DAT096/vivado-library-master/ip/rgb2vga_v1_0
WARNING: [IP_Flow 19-1663] Duplicate IP found for 'digilentinc.com:ip:Sync:1.0'. The one found in IP location 'z:/DAT096/vivado-library-b0946605e3617c901635278b62d0f6a8e3942844/ip/Sync_v1_0' will take precedence over the same IP in location z:/DAT096/vivado-library-master/ip/Sync_v1_0
WARNING: [IP_Flow 19-1663] Duplicate IP found for 'digilentinc.com:ip:usb2device:1.0'. The one found in IP location 'z:/DAT096/vivado-library-b0946605e3617c901635278b62d0f6a8e3942844/ip/usb2device_v1_0' will take precedence over the same IP in location z:/DAT096/vivado-library-master/ip/usb2device_v1_0
WARNING: [IP_Flow 19-1663] Duplicate IP found for 'digilentinc.com:video:video_scaler:1.0'. The one found in IP location 'z:/DAT096/vivado-library-b0946605e3617c901635278b62d0f6a8e3942844/ip/video_scaler' will take precedence over the same IP in location z:/DAT096/vivado-library-master/ip/video_scaler
WARNING: [IP_Flow 19-1663] Duplicate IP found for 'digilentinc.com:ip:dvi2rgb:2.0'. The one found in IP location 'z:/DAT096/vivado-library-master/ip/dvi2rgb' will take precedence over the same IP in location z:/DAT096/vivado-library-b0946605e3617c901635278b62d0f6a8e3942844/ip/dvi2rgb
WARNING: [IP_Flow 19-1663] Duplicate IP found for 'digilentinc.com:IP:MotorFeedback:1.0'. The one found in IP location 'z:/DAT096/vivado-library-master/ip/MotorFeedback_1.0' will take precedence over the same IP in location z:/DAT096/vivado-library-b0946605e3617c901635278b62d0f6a8e3942844/ip/MotorFeedback_1.0
WARNING: [IP_Flow 19-1663] Duplicate IP found for 'digilentinc.com:IP:PmodACL2:1.0'. The one found in IP location 'z:/DAT096/vivado-library-master/ip/Pmods/PmodACL2_v1_0' will take precedence over the same IP in location z:/DAT096/vivado-library-b0946605e3617c901635278b62d0f6a8e3942844/ip/Pmods/PmodACL2_v1_0
WARNING: [IP_Flow 19-1663] Duplicate IP found for 'digilentinc.com:IP:PmodACL:1.0'. The one found in IP location 'z:/DAT096/vivado-library-master/ip/Pmods/PmodACL_v1_0' will take precedence over the same IP in location z:/DAT096/vivado-library-b0946605e3617c901635278b62d0f6a8e3942844/ip/Pmods/PmodACL_v1_0
WARNING: [IP_Flow 19-1663] Duplicate IP found for 'digilentinc.com:IP:PmodAD1:1.0'. The one found in IP location 'z:/DAT096/vivado-library-master/ip/Pmods/PmodAD1_v1_0' will take precedence over the same IP in location z:/DAT096/vivado-library-b0946605e3617c901635278b62d0f6a8e3942844/ip/Pmods/PmodAD1_v1_0
WARNING: [IP_Flow 19-1663] Duplicate IP found for 'digilentinc.com:IP:PmodAD2:1.0'. The one found in IP location 'z:/DAT096/vivado-library-master/ip/Pmods/PmodAD2_v1_0' will take precedence over the same IP in location z:/DAT096/vivado-library-b0946605e3617c901635278b62d0f6a8e3942844/ip/Pmods/PmodAD2_v1_0
WARNING: [IP_Flow 19-1663] Duplicate IP found for 'digilentinc.com:IP:PmodAD5:1.0'. The one found in IP location 'z:/DAT096/vivado-library-master/ip/Pmods/PmodAD5_v1_0' will take precedence over the same IP in location z:/DAT096/vivado-library-b0946605e3617c901635278b62d0f6a8e3942844/ip/Pmods/PmodAD5_v1_0
WARNING: [IP_Flow 19-1663] Duplicate IP found for 'digilentinc.com:IP:PmodALS:1.0'. The one found in IP location 'z:/DAT096/vivado-library-master/ip/Pmods/PmodALS_v1_0' will take precedence over the same IP in location z:/DAT096/vivado-library-b0946605e3617c901635278b62d0f6a8e3942844/ip/Pmods/PmodALS_v1_0
WARNING: [IP_Flow 19-1663] Duplicate IP found for 'digilentinc.com:IP:PmodAMP2:1.0'. The one found in IP location 'z:/DAT096/vivado-library-master/ip/Pmods/PmodAMP2_v1_0' will take precedence over the same IP in location z:/DAT096/vivado-library-b0946605e3617c901635278b62d0f6a8e3942844/ip/Pmods/PmodAMP2_v1_0
WARNING: [IP_Flow 19-1663] Duplicate IP found for 'digilentinc.com:IP:PmodAQS:1.0'. The one found in IP location 'z:/DAT096/vivado-library-master/ip/Pmods/PmodAQS_v1_0' will take precedence over the same IP in location z:/DAT096/vivado-library-b0946605e3617c901635278b62d0f6a8e3942844/ip/Pmods/PmodAQS_v1_0
WARNING: [IP_Flow 19-1663] Duplicate IP found for 'digilentinc.com:IP:PmodBLE:1.0'. The one found in IP location 'z:/DAT096/vivado-library-master/ip/Pmods/PmodBLE_v1_0' will take precedence over the same IP in location z:/DAT096/vivado-library-b0946605e3617c901635278b62d0f6a8e3942844/ip/Pmods/PmodBLE_v1_0
WARNING: [IP_Flow 19-1663] Duplicate IP found for 'digilentinc.com:IP:PmodBT2:1.0'. The one found in IP location 'z:/DAT096/vivado-library-master/ip/Pmods/PmodBT2_v1_0' will take precedence over the same IP in location z:/DAT096/vivado-library-b0946605e3617c901635278b62d0f6a8e3942844/ip/Pmods/PmodBT2_v1_0
WARNING: [IP_Flow 19-1663] Duplicate IP found for 'digilentinc.com:IP:PmodCAN:1.0'. The one found in IP location 'z:/DAT096/vivado-library-master/ip/Pmods/PmodCAN_v1_0' will take precedence over the same IP in location z:/DAT096/vivado-library-b0946605e3617c901635278b62d0f6a8e3942844/ip/Pmods/PmodCAN_v1_0
WARNING: [IP_Flow 19-1663] Duplicate IP found for 'digilentinc.com:IP:PmodCLS:1.0'. The one found in IP location 'z:/DAT096/vivado-library-master/ip/Pmods/PmodCLS_v1_0' will take precedence over the same IP in location z:/DAT096/vivado-library-b0946605e3617c901635278b62d0f6a8e3942844/ip/Pmods/PmodCLS_v1_0
WARNING: [IP_Flow 19-1663] Duplicate IP found for 'digilentinc.com:IP:PmodCMPS2:1.0'. The one found in IP location 'z:/DAT096/vivado-library-master/ip/Pmods/PmodCMPS2_v1_0' will take precedence over the same IP in location z:/DAT096/vivado-library-b0946605e3617c901635278b62d0f6a8e3942844/ip/Pmods/PmodCMPS2_v1_0
WARNING: [IP_Flow 19-1663] Duplicate IP found for 'digilentinc.com:IP:PmodCOLOR:1.0'. The one found in IP location 'z:/DAT096/vivado-library-master/ip/Pmods/PmodCOLOR_v1_0' will take precedence over the same IP in location z:/DAT096/vivado-library-b0946605e3617c901635278b62d0f6a8e3942844/ip/Pmods/PmodCOLOR_v1_0
WARNING: [IP_Flow 19-1663] Duplicate IP found for 'digilentinc.com:IP:PmodDA1:1.0'. The one found in IP location 'z:/DAT096/vivado-library-master/ip/Pmods/PmodDA1_v1_0' will take precedence over the same IP in location z:/DAT096/vivado-library-b0946605e3617c901635278b62d0f6a8e3942844/ip/Pmods/PmodDA1_v1_0
WARNING: [IP_Flow 19-1663] Duplicate IP found for 'digilentinc.com:IP:PmodDHB1:1.0'. The one found in IP location 'z:/DAT096/vivado-library-master/ip/Pmods/PmodDHB1_v1_0' will take precedence over the same IP in location z:/DAT096/vivado-library-b0946605e3617c901635278b62d0f6a8e3942844/ip/Pmods/PmodDHB1_v1_0
WARNING: [IP_Flow 19-1663] Duplicate IP found for 'digilentinc.com:IP:PmodDPG1:1.0'. The one found in IP location 'z:/DAT096/vivado-library-master/ip/Pmods/PmodDPG1_v1_0' will take precedence over the same IP in location z:/DAT096/vivado-library-b0946605e3617c901635278b62d0f6a8e3942844/ip/Pmods/PmodDPG1_v1_0
WARNING: [IP_Flow 19-1663] Duplicate IP found for 'digilentinc.com:IP:PmodENC:1.0'. The one found in IP location 'z:/DAT096/vivado-library-master/ip/Pmods/PmodENC_v1_0' will take precedence over the same IP in location z:/DAT096/vivado-library-b0946605e3617c901635278b62d0f6a8e3942844/ip/Pmods/PmodENC_v1_0
WARNING: [IP_Flow 19-1663] Duplicate IP found for 'digilentinc.com:user:PmodESP32:1.0'. The one found in IP location 'z:/DAT096/vivado-library-master/ip/Pmods/PmodESP32_v1_0' will take precedence over the same IP in location z:/DAT096/vivado-library-b0946605e3617c901635278b62d0f6a8e3942844/ip/Pmods/PmodESP32_v1_0
WARNING: [IP_Flow 19-1663] Duplicate IP found for 'digilentinc.com:IP:PmodGPIO:1.0'. The one found in IP location 'z:/DAT096/vivado-library-master/ip/Pmods/PmodGPIO_v1_0' will take precedence over the same IP in location z:/DAT096/vivado-library-b0946605e3617c901635278b62d0f6a8e3942844/ip/Pmods/PmodGPIO_v1_0
WARNING: [IP_Flow 19-1663] Duplicate IP found for 'digilentinc.com:IP:PmodGPS:1.1'. The one found in IP location 'z:/DAT096/vivado-library-master/ip/Pmods/PmodGPS_v1_1' will take precedence over the same IP in location z:/DAT096/vivado-library-b0946605e3617c901635278b62d0f6a8e3942844/ip/Pmods/PmodGPS_v1_1
WARNING: [IP_Flow 19-1663] Duplicate IP found for 'digilentinc.com:IP:PmodGYRO:1.0'. The one found in IP location 'z:/DAT096/vivado-library-master/ip/Pmods/PmodGYRO_v1_0' will take precedence over the same IP in location z:/DAT096/vivado-library-b0946605e3617c901635278b62d0f6a8e3942844/ip/Pmods/PmodGYRO_v1_0
WARNING: [IP_Flow 19-1663] Duplicate IP found for 'digilentinc.com:IP:PmodHYGRO:1.0'. The one found in IP location 'z:/DAT096/vivado-library-master/ip/Pmods/PmodHYGRO_v1_0' will take precedence over the same IP in location z:/DAT096/vivado-library-b0946605e3617c901635278b62d0f6a8e3942844/ip/Pmods/PmodHYGRO_v1_0
WARNING: [IP_Flow 19-1663] Duplicate IP found for 'digilentinc.com:IP:PmodJSTK2:1.0'. The one found in IP location 'z:/DAT096/vivado-library-master/ip/Pmods/PmodJSTK2_v1_0' will take precedence over the same IP in location z:/DAT096/vivado-library-b0946605e3617c901635278b62d0f6a8e3942844/ip/Pmods/PmodJSTK2_v1_0
WARNING: [IP_Flow 19-1663] Duplicate IP found for 'digilentinc.com:IP:PmodJSTK:1.0'. The one found in IP location 'z:/DAT096/vivado-library-master/ip/Pmods/PmodJSTK_v1_0' will take precedence over the same IP in location z:/DAT096/vivado-library-b0946605e3617c901635278b62d0f6a8e3942844/ip/Pmods/PmodJSTK_v1_0
WARNING: [IP_Flow 19-1663] Duplicate IP found for 'digilentinc.com:IP:PmodKYPD:1.0'. The one found in IP location 'z:/DAT096/vivado-library-master/ip/Pmods/PmodKYPD_v1_0' will take precedence over the same IP in location z:/DAT096/vivado-library-b0946605e3617c901635278b62d0f6a8e3942844/ip/Pmods/PmodKYPD_v1_0
WARNING: [IP_Flow 19-1663] Duplicate IP found for 'digilentinc.com:IP:PmodMAXSONAR:1.0'. The one found in IP location 'z:/DAT096/vivado-library-master/ip/Pmods/PmodMAXSONAR_v1_0' will take precedence over the same IP in location z:/DAT096/vivado-library-b0946605e3617c901635278b62d0f6a8e3942844/ip/Pmods/PmodMAXSONAR_v1_0
WARNING: [IP_Flow 19-1663] Duplicate IP found for 'digilentinc.com:IP:PmodMTDS:1.0'. The one found in IP location 'z:/DAT096/vivado-library-master/ip/Pmods/PmodMTDS_v1_0' will take precedence over the same IP in location z:/DAT096/vivado-library-b0946605e3617c901635278b62d0f6a8e3942844/ip/Pmods/PmodMTDS_v1_0
WARNING: [IP_Flow 19-1663] Duplicate IP found for 'digilentinc.com:IP:PmodNAV:1.0'. The one found in IP location 'z:/DAT096/vivado-library-master/ip/Pmods/PmodNAV_v1_0' will take precedence over the same IP in location z:/DAT096/vivado-library-b0946605e3617c901635278b62d0f6a8e3942844/ip/Pmods/PmodNAV_v1_0
WARNING: [IP_Flow 19-1663] Duplicate IP found for 'digilentinc.com:IP:PmodOLEDrgb:1.0'. The one found in IP location 'z:/DAT096/vivado-library-master/ip/Pmods/pmodOLEDrgb_v1_0' will take precedence over the same IP in location z:/DAT096/vivado-library-b0946605e3617c901635278b62d0f6a8e3942844/ip/Pmods/pmodOLEDrgb_v1_0
WARNING: [IP_Flow 19-1663] Duplicate IP found for 'digilentinc.com:IP:PmodOLED:1.0'. The one found in IP location 'z:/DAT096/vivado-library-master/ip/Pmods/PmodOLED_v1_0' will take precedence over the same IP in location z:/DAT096/vivado-library-b0946605e3617c901635278b62d0f6a8e3942844/ip/Pmods/PmodOLED_v1_0
WARNING: [IP_Flow 19-1663] Duplicate IP found for 'digilentinc.com:IP:PmodPIR:1.0'. The one found in IP location 'z:/DAT096/vivado-library-master/ip/Pmods/PmodPIR_v1_0' will take precedence over the same IP in location z:/DAT096/vivado-library-b0946605e3617c901635278b62d0f6a8e3942844/ip/Pmods/PmodPIR_v1_0
WARNING: [IP_Flow 19-1663] Duplicate IP found for 'digilentinc.com:IP:PmodR2R:1.0'. The one found in IP location 'z:/DAT096/vivado-library-master/ip/Pmods/PmodR2R_v1_0' will take precedence over the same IP in location z:/DAT096/vivado-library-b0946605e3617c901635278b62d0f6a8e3942844/ip/Pmods/PmodR2R_v1_0
WARNING: [IP_Flow 19-1663] Duplicate IP found for 'digilentinc.com:IP:PmodRTCC:1.0'. The one found in IP location 'z:/DAT096/vivado-library-master/ip/Pmods/PmodRTCC_v1_0' will take precedence over the same IP in location z:/DAT096/vivado-library-b0946605e3617c901635278b62d0f6a8e3942844/ip/Pmods/PmodRTCC_v1_0
WARNING: [IP_Flow 19-1663] Duplicate IP found for 'digilentinc.com:IP:PmodSD:1.0'. The one found in IP location 'z:/DAT096/vivado-library-master/ip/Pmods/PmodSD_v1_0' will take precedence over the same IP in location z:/DAT096/vivado-library-b0946605e3617c901635278b62d0f6a8e3942844/ip/Pmods/PmodSD_v1_0
WARNING: [IP_Flow 19-1663] Duplicate IP found for 'digilentinc.com:IP:PmodSF3:1.0'. The one found in IP location 'z:/DAT096/vivado-library-master/ip/Pmods/PmodSF3_v1_0' will take precedence over the same IP in location z:/DAT096/vivado-library-b0946605e3617c901635278b62d0f6a8e3942844/ip/Pmods/PmodSF3_v1_0
WARNING: [IP_Flow 19-1663] Duplicate IP found for 'digilentinc.com:IP:PmodTC1:1.0'. The one found in IP location 'z:/DAT096/vivado-library-master/ip/Pmods/PmodTC1_v1_0' will take precedence over the same IP in location z:/DAT096/vivado-library-b0946605e3617c901635278b62d0f6a8e3942844/ip/Pmods/PmodTC1_v1_0
WARNING: [IP_Flow 19-1663] Duplicate IP found for 'digilentinc.com:IP:PmodTMP3:1.0'. The one found in IP location 'z:/DAT096/vivado-library-master/ip/Pmods/PmodTMP3_v1_0' will take precedence over the same IP in location z:/DAT096/vivado-library-b0946605e3617c901635278b62d0f6a8e3942844/ip/Pmods/PmodTMP3_v1_0
WARNING: [IP_Flow 19-1663] Duplicate IP found for 'digilentinc.com:IP:PmodWIFI:1.0'. The one found in IP location 'z:/DAT096/vivado-library-master/ip/Pmods/PmodWIFI_v1_0' will take precedence over the same IP in location z:/DAT096/vivado-library-b0946605e3617c901635278b62d0f6a8e3942844/ip/Pmods/PmodWIFI_v1_0
WARNING: [IP_Flow 19-1663] Duplicate IP found for 'digilentinc.com:ip:pmod_bridge:1.0'. The one found in IP location 'z:/DAT096/vivado-library-master/ip/Pmods/Pmod_Bridge_v1_0' will take precedence over the same IP in location z:/DAT096/vivado-library-b0946605e3617c901635278b62d0f6a8e3942844/ip/Pmods/Pmod_Bridge_v1_0
WARNING: [IP_Flow 19-1663] Duplicate IP found for 'digilentinc.com:ip:pmod_bridge:1.1'. The one found in IP location 'z:/DAT096/vivado-library-master/ip/Pmods/Pmod_Bridge_v1_1' will take precedence over the same IP in location z:/DAT096/vivado-library-b0946605e3617c901635278b62d0f6a8e3942844/ip/Pmods/Pmod_Bridge_v1_1
WARNING: [IP_Flow 19-1663] Duplicate IP found for 'digilentinc.com:IP:PWM:1.0'. The one found in IP location 'z:/DAT096/vivado-library-master/ip/PWM_1.0' will take precedence over the same IP in location z:/DAT096/vivado-library-b0946605e3617c901635278b62d0f6a8e3942844/ip/PWM_1.0
WARNING: [IP_Flow 19-1663] Duplicate IP found for 'digilentinc.com:IP:PWM:2.0'. The one found in IP location 'z:/DAT096/vivado-library-master/ip/PWM_2.0' will take precedence over the same IP in location z:/DAT096/vivado-library-b0946605e3617c901635278b62d0f6a8e3942844/ip/PWM_2.0
WARNING: [IP_Flow 19-1663] Duplicate IP found for 'digilentinc.com:IP:PWM_Analyzer:1.0'. The one found in IP location 'z:/DAT096/vivado-library-master/ip/PWM_Analyzer_1.0' will take precedence over the same IP in location z:/DAT096/vivado-library-b0946605e3617c901635278b62d0f6a8e3942844/ip/PWM_Analyzer_1.0
WARNING: [IP_Flow 19-1663] Duplicate IP found for 'digilentinc.com:ip:rgb2dvi:1.4'. The one found in IP location 'z:/DAT096/vivado-library-master/ip/rgb2dvi' will take precedence over the same IP in location z:/DAT096/vivado-library-b0946605e3617c901635278b62d0f6a8e3942844/ip/rgb2dvi
WARNING: [IP_Flow 19-4830] Duplicate Interface found for 'digilentinc.com:interface:pmod:1.0'. The one found in location 'z:/DAT096/vivado-library-b0946605e3617c901635278b62d0f6a8e3942844/if/pmod_v1_0/pmod.xml' will take precedence over the same Interface in location 'z:/DAT096/vivado-library-master/if/pmod_v1_0/pmod.xml'
WARNING: [IP_Flow 19-4830] Duplicate Interface found for 'digilentinc.com:interface:tmds:1.0'. The one found in location 'z:/DAT096/vivado-library-b0946605e3617c901635278b62d0f6a8e3942844/if/tmds_v1_0/tmds.xml' will take precedence over the same Interface in location 'z:/DAT096/vivado-library-master/if/tmds_v1_0/tmds.xml'
Upgrading 'Z:/DAT096/DAT096-krish/Embedded-System-Project-DAT096-krishna/Board_2/Board_2/Board_2.srcs/sources_1/bd/design_2/design_2.bd'
WARNING: [Vivado 12-1017] Problems encountered:
1. Failed to delete one or more files in run directory Z:/DAT096/DAT096-krish/Embedded-System-Project-DAT096-krishna/Board_2/Board_2/Board_2.runs/design_2_vcsel_conv_0_0_synth_1

INFO: [IP_Flow 19-3420] Updated design_2_vcsel_conv_0_0 to use current project options
WARNING: [IP_Flow 19-4706] Upgraded port 'noise_data' width 7 differs from original width 9
WARNING: [IP_Flow 19-3298] Detected external port differences while upgrading 'design_2_vcsel_conv_0_0'. These changes may impact your design.
CRITICAL WARNING: [Coretcl 2-1280] The upgrade of 'design_2_vcsel_conv_0_0' has identified issues that may require user intervention. Please verify that the instance is correctly configured, and review any upgrade messages.
Wrote  : <Z:\DAT096\DAT096-krish\Embedded-System-Project-DAT096-krishna\Board_2\Board_2\Board_2.srcs\sources_1\bd\design_2\design_2.bd> 
WARNING: [filemgmt 56-199] Attempt to get parsing info during refresh. "On-the-fly" syntax checking information may be incorrect. [Z:\DAT096\DAT096-krish\Embedded-System-Project-DAT096-krishna\Board_2\Board_2\Board_2.srcs\sources_1\new\vcsel_static.vhd:]
WARNING: [filemgmt 56-199] Attempt to get parsing info during refresh. "On-the-fly" syntax checking information may be incorrect. [Z:\DAT096\DAT096-krish\Embedded-System-Project-DAT096-krishna\Board_2\Board_2\Board_2.srcs\sources_1\new\vcsel_iir.vhd:]
WARNING: [filemgmt 56-199] Attempt to get parsing info during refresh. "On-the-fly" syntax checking information may be incorrect. [Z:\DAT096\DAT096-krish\Embedded-System-Project-DAT096-krishna\Board_2\Board_2\Board_2.srcs\sources_1\new\vcsel_conv.vhd:]
WARNING: [filemgmt 56-199] Attempt to get parsing info during refresh. "On-the-fly" syntax checking information may be incorrect. [Z:\DAT096\DAT096-krish\Embedded-System-Project-DAT096-krishna\Board_2\Board_2\Board_2.srcs\sources_1\new\vcsel_iir.vhd:]
WARNING: [filemgmt 56-199] Attempt to get parsing info during refresh. "On-the-fly" syntax checking information may be incorrect. [Z:\DAT096\DAT096-krish\Embedded-System-Project-DAT096-krishna\Board_2\Board_2\Board_2.srcs\sources_1\new\vcsel_iir.vhd:]
ERROR: [Common 17-180] Spawn failed: No error
generate_target all [get_files  Z:/DAT096/DAT096-krish/Embedded-System-Project-DAT096-krishna/Board_2/Board_2/Board_2.srcs/sources_1/bd/design_2/design_2.bd]
WARNING: [BD 41-2670] Found an incomplete address path from address space '/processing_system7_0/Data' to master interface '/processing_system7_0/M_AXI_GP0'. Please either complete or remove this path to resolve.
WARNING: [BD 5-699] No address segments matched 'get_bd_addr_segs -of_objects /processing_system7_0/Data'
ERROR: [Common 17-161] Invalid option value '' specified for 'object'.
ERROR: [BD 41-1273] Error running propagate TCL procedure: ERROR: [Common 17-161] Invalid option value '' specified for 'object'.
    ::xilinx.com_ip_ila_6.2::propagate Line 95
INFO: [xilinx.com:ip:clk_wiz:6.0-1] /clk_wiz_0 clk_wiz propagate
Wrote  : <Z:\DAT096\DAT096-krish\Embedded-System-Project-DAT096-krishna\Board_2\Board_2\Board_2.srcs\sources_1\bd\design_2\design_2.bd> 
CRITICAL WARNING: [BD 41-2383] Width mismatch when connecting input pin '/vcsel_conv_0/noise_data'(7) to pin '/top_awgn_0/awgn_re_dbg'(9) - Only lower order bits will be connected, and other input bits of this pin will be left unconnected.
VHDL Output written to : z:/DAT096/DAT096-krish/Embedded-System-Project-DAT096-krishna/Board_2/Board_2/Board_2.gen/sources_1/bd/design_2/synth/design_2.vhd
CRITICAL WARNING: [BD 41-2383] Width mismatch when connecting input pin '/vcsel_conv_0/noise_data'(7) to pin '/top_awgn_0/awgn_re_dbg'(9) - Only lower order bits will be connected, and other input bits of this pin will be left unconnected.
VHDL Output written to : z:/DAT096/DAT096-krish/Embedded-System-Project-DAT096-krishna/Board_2/Board_2/Board_2.gen/sources_1/bd/design_2/sim/design_2.vhd
VHDL Output written to : z:/DAT096/DAT096-krish/Embedded-System-Project-DAT096-krishna/Board_2/Board_2/Board_2.gen/sources_1/bd/design_2/hdl/design_2_wrapper.vhd
INFO: [BD 41-1029] Generation completed for the IP Integrator block vcsel_conv_0 .
Exporting to file z:/DAT096/DAT096-krish/Embedded-System-Project-DAT096-krishna/Board_2/Board_2/Board_2.gen/sources_1/bd/design_2/hw_handoff/design_2.hwh
Generated Hardware Definition File z:/DAT096/DAT096-krish/Embedded-System-Project-DAT096-krishna/Board_2/Board_2/Board_2.gen/sources_1/bd/design_2/synth/design_2.hwdef
ERROR: [Common 17-39] 'generate_target' failed due to earlier errors.
WARNING: [filemgmt 56-199] Attempt to get parsing info during refresh. "On-the-fly" syntax checking information may be incorrect. [Z:\DAT096\DAT096-krish\Embedded-System-Project-DAT096-krishna\Board_2\Board_2\Board_2.srcs\sources_1\new\vcsel_static.vhd:]
WARNING: [filemgmt 56-199] Attempt to get parsing info during refresh. "On-the-fly" syntax checking information may be incorrect. [Z:\DAT096\DAT096-krish\Embedded-System-Project-DAT096-krishna\Board_2\Board_2\Board_2.srcs\sources_1\new\vcsel_iir.vhd:]
WARNING: [filemgmt 56-199] Attempt to get parsing info during refresh. "On-the-fly" syntax checking information may be incorrect. [Z:\DAT096\DAT096-krish\Embedded-System-Project-DAT096-krishna\Board_2\Board_2\Board_2.srcs\sources_1\new\vcsel_conv.vhd:]
WARNING: [filemgmt 56-199] Attempt to get parsing info during refresh. "On-the-fly" syntax checking information may be incorrect. [Z:\DAT096\DAT096-krish\Embedded-System-Project-DAT096-krishna\Board_2\Board_2\Board_2.srcs\sources_1\new\vcsel_static.vhd:]
WARNING: [filemgmt 56-199] Attempt to get parsing info during refresh. "On-the-fly" syntax checking information may be incorrect. [Z:\DAT096\DAT096-krish\Embedded-System-Project-DAT096-krishna\Board_2\Board_2\Board_2.srcs\sources_1\new\vcsel_static.vhd:]
WARNING: [filemgmt 56-199] Attempt to get parsing info during refresh. "On-the-fly" syntax checking information may be incorrect. [Z:\DAT096\DAT096-krish\Embedded-System-Project-DAT096-krishna\Board_2\Board_2\Board_2.srcs\sources_1\new\vcsel_static.vhd:]
WARNING: [filemgmt 56-199] Attempt to get parsing info during refresh. "On-the-fly" syntax checking information may be incorrect. [Z:\DAT096\DAT096-krish\Embedded-System-Project-DAT096-krishna\Board_2\Board_2\Board_2.srcs\sources_1\new\vcsel_iir.vhd:]
WARNING: [filemgmt 56-199] Attempt to get parsing info during refresh. "On-the-fly" syntax checking information may be incorrect. [Z:\DAT096\DAT096-krish\Embedded-System-Project-DAT096-krishna\Board_2\Board_2\Board_2.srcs\sources_1\new\vcsel_conv.vhd:]
WARNING: [filemgmt 56-199] Attempt to get parsing info during refresh. "On-the-fly" syntax checking information may be incorrect. [Z:\DAT096\DAT096-krish\Embedded-System-Project-DAT096-krishna\Board_2\Board_2\Board_2.srcs\sources_1\new\vcsel_iir.vhd:]
WARNING: [filemgmt 56-199] Attempt to get parsing info during refresh. "On-the-fly" syntax checking information may be incorrect. [Z:\DAT096\DAT096-krish\Embedded-System-Project-DAT096-krishna\Board_2\Board_2\Board_2.srcs\sources_1\new\vcsel_iir.vhd:]
ERROR: [Common 17-180] Spawn failed: No error
ipx::edit_ip_in_project -upgrade true -name top_awgn_v1_0_project -directory Z:/DAT096/DAT096-krish/Embedded-System-Project-DAT096-krishna/Board_2/Board_2/Board_2.tmp/top_awgn_v1_0_project z:/DAT096/Project_team5/ip_repo_snr/component.xml
INFO: [ProjectBase 1-489] The host OS only allows 260 characters in a normal path. The project is stored in a path with more than 80 characters. If you experience issues with IP, Block Designs, or files not being found, please consider moving the project to a location with a shorter path. Alternately consider using the OS subst command to map part of the path to a drive letter.
Current project path is 'z:/dat096/dat096-krish/embedded-system-project-dat096-krishna/board_2/board_2/board_2.tmp/top_awgn_v1_0_project'
INFO: [IP_Flow 19-234] Refreshing IP repositories
INFO: [IP_Flow 19-1704] No user IP repositories specified
INFO: [IP_Flow 19-2313] Loaded Vivado IP repository 'C:/Progs/Xilinx/Vivado/2024.2/data/ip'.
INFO: [IP_Flow 19-234] Refreshing IP repositories
WARNING: [IP_Flow 19-2248] Failed to load user IP repository 'z:/DAT096/vivado-library-zmod-v2-2019.1-2/vivado-library-zmod-v2-2019.1-2'; Can't find the specified path.
If this directory should no longer be in your list of user repositories, go to the IP Settings dialog and remove it.
INFO: [IP_Flow 19-1700] Loaded user IP repository 'z:/DAT096/Project_team5/ip_repo_snr'.
WARNING: [IP_Flow 19-2248] Failed to load user IP repository 'z:/embedded project/Eclypse-Z7-HW/Eclypse-Z7-HW.ipdefs/repo'; Can't find the specified path.
If this directory should no longer be in your list of user repositories, go to the IP Settings dialog and remove it.
WARNING: [IP_Flow 19-2248] Failed to load user IP repository 'z:/DAT096/Project_team5/ip_repo'; Can't find the specified path.
If this directory should no longer be in your list of user repositories, go to the IP Settings dialog and remove it.
INFO: [IP_Flow 19-1700] Loaded user IP repository 'z:/DAT096/vivado-boards-master'.
INFO: [IP_Flow 19-1700] Loaded user IP repository 'z:/DAT096/vivado-library-b0946605e3617c901635278b62d0f6a8e3942844'.
INFO: [IP_Flow 19-1700] Loaded user IP repository 'z:/DAT096/vivado-library-master'.
WARNING: [IP_Flow 19-2248] Failed to load user IP repository 'z:/eda234/vivado-library-master'; Can't find the specified path.
If this directory should no longer be in your list of user repositories, go to the IP Settings dialog and remove it.
WARNING: [IP_Flow 19-3685] Ignored loading user repository 'z:/eda234/vivado-library-master/ip'. The path is contained within another repository.
WARNING: [IP_Flow 19-1663] Duplicate IP found for 'digilentinc.com:user:axi_i2s_adi:1.2'. The one found in IP location 'z:/DAT096/vivado-library-b0946605e3617c901635278b62d0f6a8e3942844/ip/axi_i2s_adi_1.2' will take precedence over the same IP in location z:/DAT096/vivado-library-master/ip/axi_i2s_adi_1.2
WARNING: [IP_Flow 19-1663] Duplicate IP found for 'digilentinc.com:IP:axi_ps2:1.0'. The one found in IP location 'z:/DAT096/vivado-library-b0946605e3617c901635278b62d0f6a8e3942844/ip/axi_ps2_1.0' will take precedence over the same IP in location z:/DAT096/vivado-library-master/ip/axi_ps2_1.0
WARNING: [IP_Flow 19-1663] Duplicate IP found for 'digilentinc.com:ip:clock_forwarder:1.1'. The one found in IP location 'z:/DAT096/vivado-library-b0946605e3617c901635278b62d0f6a8e3942844/ip/clock_forwarder' will take precedence over the same IP in location z:/DAT096/vivado-library-master/ip/clock_forwarder
WARNING: [IP_Flow 19-1663] Duplicate IP found for 'digilentinc.com:IP:hls_contrast_stretch:1.0'. The one found in IP location 'z:/DAT096/vivado-library-b0946605e3617c901635278b62d0f6a8e3942844/ip/hls_contrast_stretch_1_0' will take precedence over the same IP in location z:/DAT096/vivado-library-master/ip/hls_contrast_stretch_1_0
WARNING: [IP_Flow 19-1663] Duplicate IP found for 'digilentinc.com:IP:hls_gamma_correction:1.0'. The one found in IP location 'z:/DAT096/vivado-library-b0946605e3617c901635278b62d0f6a8e3942844/ip/hls_gamma_correction_1_0' will take precedence over the same IP in location z:/DAT096/vivado-library-master/ip/hls_gamma_correction_1_0
WARNING: [IP_Flow 19-1663] Duplicate IP found for 'digilentinc.com:IP:hls_saturation_enhance:1.0'. The one found in IP location 'z:/DAT096/vivado-library-b0946605e3617c901635278b62d0f6a8e3942844/ip/hls_saturation_enhance_1_0' will take precedence over the same IP in location z:/DAT096/vivado-library-master/ip/hls_saturation_enhance_1_0
WARNING: [IP_Flow 19-1663] Duplicate IP found for 'digilentinc.com:ip:rgb2dpvid:1.0'. The one found in IP location 'z:/DAT096/vivado-library-b0946605e3617c901635278b62d0f6a8e3942844/ip/rgb2dpvid_v1_0' will take precedence over the same IP in location z:/DAT096/vivado-library-master/ip/rgb2dpvid_v1_0
WARNING: [IP_Flow 19-1663] Duplicate IP found for 'digilentinc.com:ip:rgb2vga:1.0'. The one found in IP location 'z:/DAT096/vivado-library-b0946605e3617c901635278b62d0f6a8e3942844/ip/rgb2vga_v1_0' will take precedence over the same IP in location z:/DAT096/vivado-library-master/ip/rgb2vga_v1_0
WARNING: [IP_Flow 19-1663] Duplicate IP found for 'digilentinc.com:ip:Sync:1.0'. The one found in IP location 'z:/DAT096/vivado-library-b0946605e3617c901635278b62d0f6a8e3942844/ip/Sync_v1_0' will take precedence over the same IP in location z:/DAT096/vivado-library-master/ip/Sync_v1_0
WARNING: [IP_Flow 19-1663] Duplicate IP found for 'digilentinc.com:ip:usb2device:1.0'. The one found in IP location 'z:/DAT096/vivado-library-b0946605e3617c901635278b62d0f6a8e3942844/ip/usb2device_v1_0' will take precedence over the same IP in location z:/DAT096/vivado-library-master/ip/usb2device_v1_0
WARNING: [IP_Flow 19-1663] Duplicate IP found for 'digilentinc.com:video:video_scaler:1.0'. The one found in IP location 'z:/DAT096/vivado-library-b0946605e3617c901635278b62d0f6a8e3942844/ip/video_scaler' will take precedence over the same IP in location z:/DAT096/vivado-library-master/ip/video_scaler
WARNING: [IP_Flow 19-1663] Duplicate IP found for 'digilentinc.com:ip:dvi2rgb:2.0'. The one found in IP location 'z:/DAT096/vivado-library-master/ip/dvi2rgb' will take precedence over the same IP in location z:/DAT096/vivado-library-b0946605e3617c901635278b62d0f6a8e3942844/ip/dvi2rgb
WARNING: [IP_Flow 19-1663] Duplicate IP found for 'digilentinc.com:IP:MotorFeedback:1.0'. The one found in IP location 'z:/DAT096/vivado-library-master/ip/MotorFeedback_1.0' will take precedence over the same IP in location z:/DAT096/vivado-library-b0946605e3617c901635278b62d0f6a8e3942844/ip/MotorFeedback_1.0
WARNING: [IP_Flow 19-1663] Duplicate IP found for 'digilentinc.com:IP:PmodACL2:1.0'. The one found in IP location 'z:/DAT096/vivado-library-master/ip/Pmods/PmodACL2_v1_0' will take precedence over the same IP in location z:/DAT096/vivado-library-b0946605e3617c901635278b62d0f6a8e3942844/ip/Pmods/PmodACL2_v1_0
WARNING: [IP_Flow 19-1663] Duplicate IP found for 'digilentinc.com:IP:PmodACL:1.0'. The one found in IP location 'z:/DAT096/vivado-library-master/ip/Pmods/PmodACL_v1_0' will take precedence over the same IP in location z:/DAT096/vivado-library-b0946605e3617c901635278b62d0f6a8e3942844/ip/Pmods/PmodACL_v1_0
WARNING: [IP_Flow 19-1663] Duplicate IP found for 'digilentinc.com:IP:PmodAD1:1.0'. The one found in IP location 'z:/DAT096/vivado-library-master/ip/Pmods/PmodAD1_v1_0' will take precedence over the same IP in location z:/DAT096/vivado-library-b0946605e3617c901635278b62d0f6a8e3942844/ip/Pmods/PmodAD1_v1_0
WARNING: [IP_Flow 19-1663] Duplicate IP found for 'digilentinc.com:IP:PmodAD2:1.0'. The one found in IP location 'z:/DAT096/vivado-library-master/ip/Pmods/PmodAD2_v1_0' will take precedence over the same IP in location z:/DAT096/vivado-library-b0946605e3617c901635278b62d0f6a8e3942844/ip/Pmods/PmodAD2_v1_0
WARNING: [IP_Flow 19-1663] Duplicate IP found for 'digilentinc.com:IP:PmodAD5:1.0'. The one found in IP location 'z:/DAT096/vivado-library-master/ip/Pmods/PmodAD5_v1_0' will take precedence over the same IP in location z:/DAT096/vivado-library-b0946605e3617c901635278b62d0f6a8e3942844/ip/Pmods/PmodAD5_v1_0
WARNING: [IP_Flow 19-1663] Duplicate IP found for 'digilentinc.com:IP:PmodALS:1.0'. The one found in IP location 'z:/DAT096/vivado-library-master/ip/Pmods/PmodALS_v1_0' will take precedence over the same IP in location z:/DAT096/vivado-library-b0946605e3617c901635278b62d0f6a8e3942844/ip/Pmods/PmodALS_v1_0
WARNING: [IP_Flow 19-1663] Duplicate IP found for 'digilentinc.com:IP:PmodAMP2:1.0'. The one found in IP location 'z:/DAT096/vivado-library-master/ip/Pmods/PmodAMP2_v1_0' will take precedence over the same IP in location z:/DAT096/vivado-library-b0946605e3617c901635278b62d0f6a8e3942844/ip/Pmods/PmodAMP2_v1_0
WARNING: [IP_Flow 19-1663] Duplicate IP found for 'digilentinc.com:IP:PmodAQS:1.0'. The one found in IP location 'z:/DAT096/vivado-library-master/ip/Pmods/PmodAQS_v1_0' will take precedence over the same IP in location z:/DAT096/vivado-library-b0946605e3617c901635278b62d0f6a8e3942844/ip/Pmods/PmodAQS_v1_0
WARNING: [IP_Flow 19-1663] Duplicate IP found for 'digilentinc.com:IP:PmodBLE:1.0'. The one found in IP location 'z:/DAT096/vivado-library-master/ip/Pmods/PmodBLE_v1_0' will take precedence over the same IP in location z:/DAT096/vivado-library-b0946605e3617c901635278b62d0f6a8e3942844/ip/Pmods/PmodBLE_v1_0
WARNING: [IP_Flow 19-1663] Duplicate IP found for 'digilentinc.com:IP:PmodBT2:1.0'. The one found in IP location 'z:/DAT096/vivado-library-master/ip/Pmods/PmodBT2_v1_0' will take precedence over the same IP in location z:/DAT096/vivado-library-b0946605e3617c901635278b62d0f6a8e3942844/ip/Pmods/PmodBT2_v1_0
WARNING: [IP_Flow 19-1663] Duplicate IP found for 'digilentinc.com:IP:PmodCAN:1.0'. The one found in IP location 'z:/DAT096/vivado-library-master/ip/Pmods/PmodCAN_v1_0' will take precedence over the same IP in location z:/DAT096/vivado-library-b0946605e3617c901635278b62d0f6a8e3942844/ip/Pmods/PmodCAN_v1_0
WARNING: [IP_Flow 19-1663] Duplicate IP found for 'digilentinc.com:IP:PmodCLS:1.0'. The one found in IP location 'z:/DAT096/vivado-library-master/ip/Pmods/PmodCLS_v1_0' will take precedence over the same IP in location z:/DAT096/vivado-library-b0946605e3617c901635278b62d0f6a8e3942844/ip/Pmods/PmodCLS_v1_0
WARNING: [IP_Flow 19-1663] Duplicate IP found for 'digilentinc.com:IP:PmodCMPS2:1.0'. The one found in IP location 'z:/DAT096/vivado-library-master/ip/Pmods/PmodCMPS2_v1_0' will take precedence over the same IP in location z:/DAT096/vivado-library-b0946605e3617c901635278b62d0f6a8e3942844/ip/Pmods/PmodCMPS2_v1_0
WARNING: [IP_Flow 19-1663] Duplicate IP found for 'digilentinc.com:IP:PmodCOLOR:1.0'. The one found in IP location 'z:/DAT096/vivado-library-master/ip/Pmods/PmodCOLOR_v1_0' will take precedence over the same IP in location z:/DAT096/vivado-library-b0946605e3617c901635278b62d0f6a8e3942844/ip/Pmods/PmodCOLOR_v1_0
WARNING: [IP_Flow 19-1663] Duplicate IP found for 'digilentinc.com:IP:PmodDA1:1.0'. The one found in IP location 'z:/DAT096/vivado-library-master/ip/Pmods/PmodDA1_v1_0' will take precedence over the same IP in location z:/DAT096/vivado-library-b0946605e3617c901635278b62d0f6a8e3942844/ip/Pmods/PmodDA1_v1_0
WARNING: [IP_Flow 19-1663] Duplicate IP found for 'digilentinc.com:IP:PmodDHB1:1.0'. The one found in IP location 'z:/DAT096/vivado-library-master/ip/Pmods/PmodDHB1_v1_0' will take precedence over the same IP in location z:/DAT096/vivado-library-b0946605e3617c901635278b62d0f6a8e3942844/ip/Pmods/PmodDHB1_v1_0
WARNING: [IP_Flow 19-1663] Duplicate IP found for 'digilentinc.com:IP:PmodDPG1:1.0'. The one found in IP location 'z:/DAT096/vivado-library-master/ip/Pmods/PmodDPG1_v1_0' will take precedence over the same IP in location z:/DAT096/vivado-library-b0946605e3617c901635278b62d0f6a8e3942844/ip/Pmods/PmodDPG1_v1_0
WARNING: [IP_Flow 19-1663] Duplicate IP found for 'digilentinc.com:IP:PmodENC:1.0'. The one found in IP location 'z:/DAT096/vivado-library-master/ip/Pmods/PmodENC_v1_0' will take precedence over the same IP in location z:/DAT096/vivado-library-b0946605e3617c901635278b62d0f6a8e3942844/ip/Pmods/PmodENC_v1_0
WARNING: [IP_Flow 19-1663] Duplicate IP found for 'digilentinc.com:user:PmodESP32:1.0'. The one found in IP location 'z:/DAT096/vivado-library-master/ip/Pmods/PmodESP32_v1_0' will take precedence over the same IP in location z:/DAT096/vivado-library-b0946605e3617c901635278b62d0f6a8e3942844/ip/Pmods/PmodESP32_v1_0
WARNING: [IP_Flow 19-1663] Duplicate IP found for 'digilentinc.com:IP:PmodGPIO:1.0'. The one found in IP location 'z:/DAT096/vivado-library-master/ip/Pmods/PmodGPIO_v1_0' will take precedence over the same IP in location z:/DAT096/vivado-library-b0946605e3617c901635278b62d0f6a8e3942844/ip/Pmods/PmodGPIO_v1_0
WARNING: [IP_Flow 19-1663] Duplicate IP found for 'digilentinc.com:IP:PmodGPS:1.1'. The one found in IP location 'z:/DAT096/vivado-library-master/ip/Pmods/PmodGPS_v1_1' will take precedence over the same IP in location z:/DAT096/vivado-library-b0946605e3617c901635278b62d0f6a8e3942844/ip/Pmods/PmodGPS_v1_1
WARNING: [IP_Flow 19-1663] Duplicate IP found for 'digilentinc.com:IP:PmodGYRO:1.0'. The one found in IP location 'z:/DAT096/vivado-library-master/ip/Pmods/PmodGYRO_v1_0' will take precedence over the same IP in location z:/DAT096/vivado-library-b0946605e3617c901635278b62d0f6a8e3942844/ip/Pmods/PmodGYRO_v1_0
WARNING: [IP_Flow 19-1663] Duplicate IP found for 'digilentinc.com:IP:PmodHYGRO:1.0'. The one found in IP location 'z:/DAT096/vivado-library-master/ip/Pmods/PmodHYGRO_v1_0' will take precedence over the same IP in location z:/DAT096/vivado-library-b0946605e3617c901635278b62d0f6a8e3942844/ip/Pmods/PmodHYGRO_v1_0
WARNING: [IP_Flow 19-1663] Duplicate IP found for 'digilentinc.com:IP:PmodJSTK2:1.0'. The one found in IP location 'z:/DAT096/vivado-library-master/ip/Pmods/PmodJSTK2_v1_0' will take precedence over the same IP in location z:/DAT096/vivado-library-b0946605e3617c901635278b62d0f6a8e3942844/ip/Pmods/PmodJSTK2_v1_0
WARNING: [IP_Flow 19-1663] Duplicate IP found for 'digilentinc.com:IP:PmodJSTK:1.0'. The one found in IP location 'z:/DAT096/vivado-library-master/ip/Pmods/PmodJSTK_v1_0' will take precedence over the same IP in location z:/DAT096/vivado-library-b0946605e3617c901635278b62d0f6a8e3942844/ip/Pmods/PmodJSTK_v1_0
WARNING: [IP_Flow 19-1663] Duplicate IP found for 'digilentinc.com:IP:PmodKYPD:1.0'. The one found in IP location 'z:/DAT096/vivado-library-master/ip/Pmods/PmodKYPD_v1_0' will take precedence over the same IP in location z:/DAT096/vivado-library-b0946605e3617c901635278b62d0f6a8e3942844/ip/Pmods/PmodKYPD_v1_0
WARNING: [IP_Flow 19-1663] Duplicate IP found for 'digilentinc.com:IP:PmodMAXSONAR:1.0'. The one found in IP location 'z:/DAT096/vivado-library-master/ip/Pmods/PmodMAXSONAR_v1_0' will take precedence over the same IP in location z:/DAT096/vivado-library-b0946605e3617c901635278b62d0f6a8e3942844/ip/Pmods/PmodMAXSONAR_v1_0
WARNING: [IP_Flow 19-1663] Duplicate IP found for 'digilentinc.com:IP:PmodMTDS:1.0'. The one found in IP location 'z:/DAT096/vivado-library-master/ip/Pmods/PmodMTDS_v1_0' will take precedence over the same IP in location z:/DAT096/vivado-library-b0946605e3617c901635278b62d0f6a8e3942844/ip/Pmods/PmodMTDS_v1_0
WARNING: [IP_Flow 19-1663] Duplicate IP found for 'digilentinc.com:IP:PmodNAV:1.0'. The one found in IP location 'z:/DAT096/vivado-library-master/ip/Pmods/PmodNAV_v1_0' will take precedence over the same IP in location z:/DAT096/vivado-library-b0946605e3617c901635278b62d0f6a8e3942844/ip/Pmods/PmodNAV_v1_0
WARNING: [IP_Flow 19-1663] Duplicate IP found for 'digilentinc.com:IP:PmodOLEDrgb:1.0'. The one found in IP location 'z:/DAT096/vivado-library-master/ip/Pmods/pmodOLEDrgb_v1_0' will take precedence over the same IP in location z:/DAT096/vivado-library-b0946605e3617c901635278b62d0f6a8e3942844/ip/Pmods/pmodOLEDrgb_v1_0
WARNING: [IP_Flow 19-1663] Duplicate IP found for 'digilentinc.com:IP:PmodOLED:1.0'. The one found in IP location 'z:/DAT096/vivado-library-master/ip/Pmods/PmodOLED_v1_0' will take precedence over the same IP in location z:/DAT096/vivado-library-b0946605e3617c901635278b62d0f6a8e3942844/ip/Pmods/PmodOLED_v1_0
WARNING: [IP_Flow 19-1663] Duplicate IP found for 'digilentinc.com:IP:PmodPIR:1.0'. The one found in IP location 'z:/DAT096/vivado-library-master/ip/Pmods/PmodPIR_v1_0' will take precedence over the same IP in location z:/DAT096/vivado-library-b0946605e3617c901635278b62d0f6a8e3942844/ip/Pmods/PmodPIR_v1_0
WARNING: [IP_Flow 19-1663] Duplicate IP found for 'digilentinc.com:IP:PmodR2R:1.0'. The one found in IP location 'z:/DAT096/vivado-library-master/ip/Pmods/PmodR2R_v1_0' will take precedence over the same IP in location z:/DAT096/vivado-library-b0946605e3617c901635278b62d0f6a8e3942844/ip/Pmods/PmodR2R_v1_0
WARNING: [IP_Flow 19-1663] Duplicate IP found for 'digilentinc.com:IP:PmodRTCC:1.0'. The one found in IP location 'z:/DAT096/vivado-library-master/ip/Pmods/PmodRTCC_v1_0' will take precedence over the same IP in location z:/DAT096/vivado-library-b0946605e3617c901635278b62d0f6a8e3942844/ip/Pmods/PmodRTCC_v1_0
WARNING: [IP_Flow 19-1663] Duplicate IP found for 'digilentinc.com:IP:PmodSD:1.0'. The one found in IP location 'z:/DAT096/vivado-library-master/ip/Pmods/PmodSD_v1_0' will take precedence over the same IP in location z:/DAT096/vivado-library-b0946605e3617c901635278b62d0f6a8e3942844/ip/Pmods/PmodSD_v1_0
WARNING: [IP_Flow 19-1663] Duplicate IP found for 'digilentinc.com:IP:PmodSF3:1.0'. The one found in IP location 'z:/DAT096/vivado-library-master/ip/Pmods/PmodSF3_v1_0' will take precedence over the same IP in location z:/DAT096/vivado-library-b0946605e3617c901635278b62d0f6a8e3942844/ip/Pmods/PmodSF3_v1_0
WARNING: [IP_Flow 19-1663] Duplicate IP found for 'digilentinc.com:IP:PmodTC1:1.0'. The one found in IP location 'z:/DAT096/vivado-library-master/ip/Pmods/PmodTC1_v1_0' will take precedence over the same IP in location z:/DAT096/vivado-library-b0946605e3617c901635278b62d0f6a8e3942844/ip/Pmods/PmodTC1_v1_0
WARNING: [IP_Flow 19-1663] Duplicate IP found for 'digilentinc.com:IP:PmodTMP3:1.0'. The one found in IP location 'z:/DAT096/vivado-library-master/ip/Pmods/PmodTMP3_v1_0' will take precedence over the same IP in location z:/DAT096/vivado-library-b0946605e3617c901635278b62d0f6a8e3942844/ip/Pmods/PmodTMP3_v1_0
WARNING: [IP_Flow 19-1663] Duplicate IP found for 'digilentinc.com:IP:PmodWIFI:1.0'. The one found in IP location 'z:/DAT096/vivado-library-master/ip/Pmods/PmodWIFI_v1_0' will take precedence over the same IP in location z:/DAT096/vivado-library-b0946605e3617c901635278b62d0f6a8e3942844/ip/Pmods/PmodWIFI_v1_0
WARNING: [IP_Flow 19-1663] Duplicate IP found for 'digilentinc.com:ip:pmod_bridge:1.0'. The one found in IP location 'z:/DAT096/vivado-library-master/ip/Pmods/Pmod_Bridge_v1_0' will take precedence over the same IP in location z:/DAT096/vivado-library-b0946605e3617c901635278b62d0f6a8e3942844/ip/Pmods/Pmod_Bridge_v1_0
WARNING: [IP_Flow 19-1663] Duplicate IP found for 'digilentinc.com:ip:pmod_bridge:1.1'. The one found in IP location 'z:/DAT096/vivado-library-master/ip/Pmods/Pmod_Bridge_v1_1' will take precedence over the same IP in location z:/DAT096/vivado-library-b0946605e3617c901635278b62d0f6a8e3942844/ip/Pmods/Pmod_Bridge_v1_1
WARNING: [IP_Flow 19-1663] Duplicate IP found for 'digilentinc.com:IP:PWM:1.0'. The one found in IP location 'z:/DAT096/vivado-library-master/ip/PWM_1.0' will take precedence over the same IP in location z:/DAT096/vivado-library-b0946605e3617c901635278b62d0f6a8e3942844/ip/PWM_1.0
WARNING: [IP_Flow 19-1663] Duplicate IP found for 'digilentinc.com:IP:PWM:2.0'. The one found in IP location 'z:/DAT096/vivado-library-master/ip/PWM_2.0' will take precedence over the same IP in location z:/DAT096/vivado-library-b0946605e3617c901635278b62d0f6a8e3942844/ip/PWM_2.0
WARNING: [IP_Flow 19-1663] Duplicate IP found for 'digilentinc.com:IP:PWM_Analyzer:1.0'. The one found in IP location 'z:/DAT096/vivado-library-master/ip/PWM_Analyzer_1.0' will take precedence over the same IP in location z:/DAT096/vivado-library-b0946605e3617c901635278b62d0f6a8e3942844/ip/PWM_Analyzer_1.0
WARNING: [IP_Flow 19-1663] Duplicate IP found for 'digilentinc.com:ip:rgb2dvi:1.4'. The one found in IP location 'z:/DAT096/vivado-library-master/ip/rgb2dvi' will take precedence over the same IP in location z:/DAT096/vivado-library-b0946605e3617c901635278b62d0f6a8e3942844/ip/rgb2dvi
WARNING: [IP_Flow 19-4830] Duplicate Interface found for 'digilentinc.com:interface:pmod:1.0'. The one found in location 'z:/DAT096/vivado-library-b0946605e3617c901635278b62d0f6a8e3942844/if/pmod_v1_0/pmod.xml' will take precedence over the same Interface in location 'z:/DAT096/vivado-library-master/if/pmod_v1_0/pmod.xml'
WARNING: [IP_Flow 19-4830] Duplicate Interface found for 'digilentinc.com:interface:tmds:1.0'. The one found in location 'z:/DAT096/vivado-library-b0946605e3617c901635278b62d0f6a8e3942844/if/tmds_v1_0/tmds.xml' will take precedence over the same Interface in location 'z:/DAT096/vivado-library-master/if/tmds_v1_0/tmds.xml'
INFO: [IP_Flow 19-795] Syncing license key meta-data
ipx::edit_ip_in_project: Time (s): cpu = 00:00:04 ; elapsed = 00:00:16 . Memory (MB): peak = 2587.293 ; gain = 0.000
WARNING: [filemgmt 56-199] Attempt to get parsing info during refresh. "On-the-fly" syntax checking information may be incorrect. [Z:\DAT096\DAT096-krish\Embedded-System-Project-DAT096-krishna\Board_2\Board_2\Board_2.srcs\sources_1\new\vcsel_static.vhd:]
WARNING: [filemgmt 56-199] Attempt to get parsing info during refresh. "On-the-fly" syntax checking information may be incorrect. [Z:\DAT096\DAT096-krish\Embedded-System-Project-DAT096-krishna\Board_2\Board_2\Board_2.srcs\sources_1\new\vcsel_iir.vhd:]
WARNING: [filemgmt 56-199] Attempt to get parsing info during refresh. "On-the-fly" syntax checking information may be incorrect. [Z:\DAT096\DAT096-krish\Embedded-System-Project-DAT096-krishna\Board_2\Board_2\Board_2.srcs\sources_1\new\vcsel_conv.vhd:]
WARNING: [filemgmt 56-199] Attempt to get parsing info during refresh. "On-the-fly" syntax checking information may be incorrect. [Z:\DAT096\DAT096-krish\Embedded-System-Project-DAT096-krishna\Board_2\Board_2\Board_2.srcs\sources_1\new\vcsel_iir.vhd:]
WARNING: [filemgmt 56-199] Attempt to get parsing info during refresh. "On-the-fly" syntax checking information may be incorrect. [Z:\DAT096\DAT096-krish\Embedded-System-Project-DAT096-krishna\Board_2\Board_2\Board_2.srcs\sources_1\new\vcsel_iir.vhd:]
WARNING: [filemgmt 56-199] Attempt to get parsing info during refresh. "On-the-fly" syntax checking information may be incorrect. [Z:\DAT096\DAT096-krish\Embedded-System-Project-DAT096-krishna\Board_2\Board_2\Board_2.srcs\sources_1\new\vcsel_static.vhd:]
WARNING: [filemgmt 56-199] Attempt to get parsing info during refresh. "On-the-fly" syntax checking information may be incorrect. [Z:\DAT096\DAT096-krish\Embedded-System-Project-DAT096-krishna\Board_2\Board_2\Board_2.srcs\sources_1\new\vcsel_iir.vhd:]
update_compile_order -fileset sources_1
WARNING: [filemgmt 56-199] Attempt to get parsing info during refresh. "On-the-fly" syntax checking information may be incorrect. [Z:\DAT096\DAT096-krish\Embedded-System-Project-DAT096-krishna\Board_2\Board_2\Board_2.srcs\sources_1\new\vcsel_static.vhd:]
WARNING: [filemgmt 56-199] Attempt to get parsing info during refresh. "On-the-fly" syntax checking information may be incorrect. [Z:\DAT096\DAT096-krish\Embedded-System-Project-DAT096-krishna\Board_2\Board_2\Board_2.srcs\sources_1\new\vcsel_iir.vhd:]
WARNING: [filemgmt 56-199] Attempt to get parsing info during refresh. "On-the-fly" syntax checking information may be incorrect. [Z:\DAT096\DAT096-krish\Embedded-System-Project-DAT096-krishna\Board_2\Board_2\Board_2.srcs\sources_1\new\vcsel_conv.vhd:]
WARNING: [filemgmt 56-199] Attempt to get parsing info during refresh. "On-the-fly" syntax checking information may be incorrect. [Z:\DAT096\DAT096-krish\Embedded-System-Project-DAT096-krishna\Board_2\Board_2\Board_2.srcs\sources_1\new\vcsel_iir.vhd:]
WARNING: [filemgmt 56-199] Attempt to get parsing info during refresh. "On-the-fly" syntax checking information may be incorrect. [Z:\DAT096\DAT096-krish\Embedded-System-Project-DAT096-krishna\Board_2\Board_2\Board_2.srcs\sources_1\new\vcsel_iir.vhd:]
WARNING: [filemgmt 56-199] Attempt to get parsing info during refresh. "On-the-fly" syntax checking information may be incorrect. [Z:\DAT096\DAT096-krish\Embedded-System-Project-DAT096-krishna\Board_2\Board_2\Board_2.srcs\sources_1\new\vcsel_static.vhd:]
WARNING: [filemgmt 56-199] Attempt to get parsing info during refresh. "On-the-fly" syntax checking information may be incorrect. [Z:\DAT096\DAT096-krish\Embedded-System-Project-DAT096-krishna\Board_2\Board_2\Board_2.srcs\sources_1\new\vcsel_iir.vhd:]
WARNING: [filemgmt 56-199] Attempt to get parsing info during refresh. "On-the-fly" syntax checking information may be incorrect. [Z:\DAT096\DAT096-krish\Embedded-System-Project-DAT096-krishna\Board_2\Board_2\Board_2.srcs\sources_1\new\vcsel_conv.vhd:]
WARNING: [filemgmt 56-199] Attempt to get parsing info during refresh. "On-the-fly" syntax checking information may be incorrect. [Z:\DAT096\DAT096-krish\Embedded-System-Project-DAT096-krishna\Board_2\Board_2\Board_2.srcs\sources_1\new\vcsel_static.vhd:]
WARNING: [filemgmt 56-199] Attempt to get parsing info during refresh. "On-the-fly" syntax checking information may be incorrect. [Z:\DAT096\DAT096-krish\Embedded-System-Project-DAT096-krishna\Board_2\Board_2\Board_2.srcs\sources_1\new\vcsel_static.vhd:]
ERROR: [Common 17-180] Spawn failed: No error
WARNING: [filemgmt 56-199] Attempt to get parsing info during refresh. "On-the-fly" syntax checking information may be incorrect. [Z:\DAT096\DAT096-krish\Embedded-System-Project-DAT096-krishna\Board_2\Board_2\Board_2.srcs\sources_1\new\vcsel_static.vhd:]
WARNING: [filemgmt 56-199] Attempt to get parsing info during refresh. "On-the-fly" syntax checking information may be incorrect. [Z:\DAT096\DAT096-krish\Embedded-System-Project-DAT096-krishna\Board_2\Board_2\Board_2.srcs\sources_1\new\vcsel_iir.vhd:]
WARNING: [filemgmt 56-199] Attempt to get parsing info during refresh. "On-the-fly" syntax checking information may be incorrect. [Z:\DAT096\DAT096-krish\Embedded-System-Project-DAT096-krishna\Board_2\Board_2\Board_2.srcs\sources_1\new\vcsel_conv.vhd:]
WARNING: [filemgmt 56-199] Attempt to get parsing info during refresh. "On-the-fly" syntax checking information may be incorrect. [Z:\DAT096\DAT096-krish\Embedded-System-Project-DAT096-krishna\Board_2\Board_2\Board_2.srcs\sources_1\new\vcsel_iir.vhd:]
WARNING: [filemgmt 56-199] Attempt to get parsing info during refresh. "On-the-fly" syntax checking information may be incorrect. [Z:\DAT096\DAT096-krish\Embedded-System-Project-DAT096-krishna\Board_2\Board_2\Board_2.srcs\sources_1\new\vcsel_iir.vhd:]
WARNING: [filemgmt 56-199] Attempt to get parsing info during refresh. "On-the-fly" syntax checking information may be incorrect. [Z:\DAT096\DAT096-krish\Embedded-System-Project-DAT096-krishna\Board_2\Board_2\Board_2.srcs\sources_1\new\vcsel_static.vhd:]
ipx::merge_project_changes ports [ipx::current_core]
set_property core_revision 21 [ipx::current_core]
ipx::update_source_project_archive -component [ipx::current_core]
ipx::update_checksums [ipx::current_core]
ipx::check_integrity [ipx::current_core]
WARNING: [IP_Flow 19-11888] Component Definition 'chalmers.se:user:top_awgn:1.0 (top_awgn_v1_0)': IP description "top_awgn_v1_0" is not meaningful: same as name or display name
WARNING: [IP_Flow 19-5661] Bus Interface 'clk' does not have any bus interfaces associated with it.
WARNING: [IP_Flow 19-11770] Clock interface 'clk' has no FREQ_HZ parameter.
INFO: [IP_Flow 19-2181] Payment is not required for this core.
WARNING: [IP_Flow 19-2187] The Product Guide file is missing.
INFO: [Ipptcl 7-1486] check_integrity: Integrity check passed.
ipx::save_core [ipx::current_core]
ipx::move_temp_component_back -component [ipx::current_core]
close_project -delete
update_ip_catalog -rebuild -repo_path z:/DAT096/Project_team5/ip_repo_snr
INFO: [IP_Flow 19-725] Reloaded user IP repository 'z:/DAT096/Project_team5/ip_repo_snr'
WARNING: [IP_Flow 19-1663] Duplicate IP found for 'digilentinc.com:user:axi_i2s_adi:1.2'. The one found in IP location 'z:/DAT096/vivado-library-b0946605e3617c901635278b62d0f6a8e3942844/ip/axi_i2s_adi_1.2' will take precedence over the same IP in location z:/DAT096/vivado-library-master/ip/axi_i2s_adi_1.2
WARNING: [IP_Flow 19-1663] Duplicate IP found for 'digilentinc.com:IP:axi_ps2:1.0'. The one found in IP location 'z:/DAT096/vivado-library-b0946605e3617c901635278b62d0f6a8e3942844/ip/axi_ps2_1.0' will take precedence over the same IP in location z:/DAT096/vivado-library-master/ip/axi_ps2_1.0
WARNING: [IP_Flow 19-1663] Duplicate IP found for 'digilentinc.com:ip:clock_forwarder:1.1'. The one found in IP location 'z:/DAT096/vivado-library-b0946605e3617c901635278b62d0f6a8e3942844/ip/clock_forwarder' will take precedence over the same IP in location z:/DAT096/vivado-library-master/ip/clock_forwarder
WARNING: [IP_Flow 19-1663] Duplicate IP found for 'digilentinc.com:IP:hls_contrast_stretch:1.0'. The one found in IP location 'z:/DAT096/vivado-library-b0946605e3617c901635278b62d0f6a8e3942844/ip/hls_contrast_stretch_1_0' will take precedence over the same IP in location z:/DAT096/vivado-library-master/ip/hls_contrast_stretch_1_0
WARNING: [IP_Flow 19-1663] Duplicate IP found for 'digilentinc.com:IP:hls_gamma_correction:1.0'. The one found in IP location 'z:/DAT096/vivado-library-b0946605e3617c901635278b62d0f6a8e3942844/ip/hls_gamma_correction_1_0' will take precedence over the same IP in location z:/DAT096/vivado-library-master/ip/hls_gamma_correction_1_0
WARNING: [IP_Flow 19-1663] Duplicate IP found for 'digilentinc.com:IP:hls_saturation_enhance:1.0'. The one found in IP location 'z:/DAT096/vivado-library-b0946605e3617c901635278b62d0f6a8e3942844/ip/hls_saturation_enhance_1_0' will take precedence over the same IP in location z:/DAT096/vivado-library-master/ip/hls_saturation_enhance_1_0
WARNING: [IP_Flow 19-1663] Duplicate IP found for 'digilentinc.com:ip:rgb2dpvid:1.0'. The one found in IP location 'z:/DAT096/vivado-library-b0946605e3617c901635278b62d0f6a8e3942844/ip/rgb2dpvid_v1_0' will take precedence over the same IP in location z:/DAT096/vivado-library-master/ip/rgb2dpvid_v1_0
WARNING: [IP_Flow 19-1663] Duplicate IP found for 'digilentinc.com:ip:rgb2vga:1.0'. The one found in IP location 'z:/DAT096/vivado-library-b0946605e3617c901635278b62d0f6a8e3942844/ip/rgb2vga_v1_0' will take precedence over the same IP in location z:/DAT096/vivado-library-master/ip/rgb2vga_v1_0
WARNING: [IP_Flow 19-1663] Duplicate IP found for 'digilentinc.com:ip:Sync:1.0'. The one found in IP location 'z:/DAT096/vivado-library-b0946605e3617c901635278b62d0f6a8e3942844/ip/Sync_v1_0' will take precedence over the same IP in location z:/DAT096/vivado-library-master/ip/Sync_v1_0
WARNING: [IP_Flow 19-1663] Duplicate IP found for 'digilentinc.com:ip:usb2device:1.0'. The one found in IP location 'z:/DAT096/vivado-library-b0946605e3617c901635278b62d0f6a8e3942844/ip/usb2device_v1_0' will take precedence over the same IP in location z:/DAT096/vivado-library-master/ip/usb2device_v1_0
WARNING: [IP_Flow 19-1663] Duplicate IP found for 'digilentinc.com:video:video_scaler:1.0'. The one found in IP location 'z:/DAT096/vivado-library-b0946605e3617c901635278b62d0f6a8e3942844/ip/video_scaler' will take precedence over the same IP in location z:/DAT096/vivado-library-master/ip/video_scaler
WARNING: [IP_Flow 19-1663] Duplicate IP found for 'digilentinc.com:ip:dvi2rgb:2.0'. The one found in IP location 'z:/DAT096/vivado-library-master/ip/dvi2rgb' will take precedence over the same IP in location z:/DAT096/vivado-library-b0946605e3617c901635278b62d0f6a8e3942844/ip/dvi2rgb
WARNING: [IP_Flow 19-1663] Duplicate IP found for 'digilentinc.com:IP:MotorFeedback:1.0'. The one found in IP location 'z:/DAT096/vivado-library-master/ip/MotorFeedback_1.0' will take precedence over the same IP in location z:/DAT096/vivado-library-b0946605e3617c901635278b62d0f6a8e3942844/ip/MotorFeedback_1.0
WARNING: [IP_Flow 19-1663] Duplicate IP found for 'digilentinc.com:IP:PmodACL2:1.0'. The one found in IP location 'z:/DAT096/vivado-library-master/ip/Pmods/PmodACL2_v1_0' will take precedence over the same IP in location z:/DAT096/vivado-library-b0946605e3617c901635278b62d0f6a8e3942844/ip/Pmods/PmodACL2_v1_0
WARNING: [IP_Flow 19-1663] Duplicate IP found for 'digilentinc.com:IP:PmodACL:1.0'. The one found in IP location 'z:/DAT096/vivado-library-master/ip/Pmods/PmodACL_v1_0' will take precedence over the same IP in location z:/DAT096/vivado-library-b0946605e3617c901635278b62d0f6a8e3942844/ip/Pmods/PmodACL_v1_0
WARNING: [IP_Flow 19-1663] Duplicate IP found for 'digilentinc.com:IP:PmodAD1:1.0'. The one found in IP location 'z:/DAT096/vivado-library-master/ip/Pmods/PmodAD1_v1_0' will take precedence over the same IP in location z:/DAT096/vivado-library-b0946605e3617c901635278b62d0f6a8e3942844/ip/Pmods/PmodAD1_v1_0
WARNING: [IP_Flow 19-1663] Duplicate IP found for 'digilentinc.com:IP:PmodAD2:1.0'. The one found in IP location 'z:/DAT096/vivado-library-master/ip/Pmods/PmodAD2_v1_0' will take precedence over the same IP in location z:/DAT096/vivado-library-b0946605e3617c901635278b62d0f6a8e3942844/ip/Pmods/PmodAD2_v1_0
WARNING: [IP_Flow 19-1663] Duplicate IP found for 'digilentinc.com:IP:PmodAD5:1.0'. The one found in IP location 'z:/DAT096/vivado-library-master/ip/Pmods/PmodAD5_v1_0' will take precedence over the same IP in location z:/DAT096/vivado-library-b0946605e3617c901635278b62d0f6a8e3942844/ip/Pmods/PmodAD5_v1_0
WARNING: [IP_Flow 19-1663] Duplicate IP found for 'digilentinc.com:IP:PmodALS:1.0'. The one found in IP location 'z:/DAT096/vivado-library-master/ip/Pmods/PmodALS_v1_0' will take precedence over the same IP in location z:/DAT096/vivado-library-b0946605e3617c901635278b62d0f6a8e3942844/ip/Pmods/PmodALS_v1_0
WARNING: [IP_Flow 19-1663] Duplicate IP found for 'digilentinc.com:IP:PmodAMP2:1.0'. The one found in IP location 'z:/DAT096/vivado-library-master/ip/Pmods/PmodAMP2_v1_0' will take precedence over the same IP in location z:/DAT096/vivado-library-b0946605e3617c901635278b62d0f6a8e3942844/ip/Pmods/PmodAMP2_v1_0
WARNING: [IP_Flow 19-1663] Duplicate IP found for 'digilentinc.com:IP:PmodAQS:1.0'. The one found in IP location 'z:/DAT096/vivado-library-master/ip/Pmods/PmodAQS_v1_0' will take precedence over the same IP in location z:/DAT096/vivado-library-b0946605e3617c901635278b62d0f6a8e3942844/ip/Pmods/PmodAQS_v1_0
WARNING: [IP_Flow 19-1663] Duplicate IP found for 'digilentinc.com:IP:PmodBLE:1.0'. The one found in IP location 'z:/DAT096/vivado-library-master/ip/Pmods/PmodBLE_v1_0' will take precedence over the same IP in location z:/DAT096/vivado-library-b0946605e3617c901635278b62d0f6a8e3942844/ip/Pmods/PmodBLE_v1_0
WARNING: [IP_Flow 19-1663] Duplicate IP found for 'digilentinc.com:IP:PmodBT2:1.0'. The one found in IP location 'z:/DAT096/vivado-library-master/ip/Pmods/PmodBT2_v1_0' will take precedence over the same IP in location z:/DAT096/vivado-library-b0946605e3617c901635278b62d0f6a8e3942844/ip/Pmods/PmodBT2_v1_0
WARNING: [IP_Flow 19-1663] Duplicate IP found for 'digilentinc.com:IP:PmodCAN:1.0'. The one found in IP location 'z:/DAT096/vivado-library-master/ip/Pmods/PmodCAN_v1_0' will take precedence over the same IP in location z:/DAT096/vivado-library-b0946605e3617c901635278b62d0f6a8e3942844/ip/Pmods/PmodCAN_v1_0
WARNING: [IP_Flow 19-1663] Duplicate IP found for 'digilentinc.com:IP:PmodCLS:1.0'. The one found in IP location 'z:/DAT096/vivado-library-master/ip/Pmods/PmodCLS_v1_0' will take precedence over the same IP in location z:/DAT096/vivado-library-b0946605e3617c901635278b62d0f6a8e3942844/ip/Pmods/PmodCLS_v1_0
WARNING: [IP_Flow 19-1663] Duplicate IP found for 'digilentinc.com:IP:PmodCMPS2:1.0'. The one found in IP location 'z:/DAT096/vivado-library-master/ip/Pmods/PmodCMPS2_v1_0' will take precedence over the same IP in location z:/DAT096/vivado-library-b0946605e3617c901635278b62d0f6a8e3942844/ip/Pmods/PmodCMPS2_v1_0
WARNING: [IP_Flow 19-1663] Duplicate IP found for 'digilentinc.com:IP:PmodCOLOR:1.0'. The one found in IP location 'z:/DAT096/vivado-library-master/ip/Pmods/PmodCOLOR_v1_0' will take precedence over the same IP in location z:/DAT096/vivado-library-b0946605e3617c901635278b62d0f6a8e3942844/ip/Pmods/PmodCOLOR_v1_0
WARNING: [IP_Flow 19-1663] Duplicate IP found for 'digilentinc.com:IP:PmodDA1:1.0'. The one found in IP location 'z:/DAT096/vivado-library-master/ip/Pmods/PmodDA1_v1_0' will take precedence over the same IP in location z:/DAT096/vivado-library-b0946605e3617c901635278b62d0f6a8e3942844/ip/Pmods/PmodDA1_v1_0
WARNING: [IP_Flow 19-1663] Duplicate IP found for 'digilentinc.com:IP:PmodDHB1:1.0'. The one found in IP location 'z:/DAT096/vivado-library-master/ip/Pmods/PmodDHB1_v1_0' will take precedence over the same IP in location z:/DAT096/vivado-library-b0946605e3617c901635278b62d0f6a8e3942844/ip/Pmods/PmodDHB1_v1_0
WARNING: [IP_Flow 19-1663] Duplicate IP found for 'digilentinc.com:IP:PmodDPG1:1.0'. The one found in IP location 'z:/DAT096/vivado-library-master/ip/Pmods/PmodDPG1_v1_0' will take precedence over the same IP in location z:/DAT096/vivado-library-b0946605e3617c901635278b62d0f6a8e3942844/ip/Pmods/PmodDPG1_v1_0
WARNING: [IP_Flow 19-1663] Duplicate IP found for 'digilentinc.com:IP:PmodENC:1.0'. The one found in IP location 'z:/DAT096/vivado-library-master/ip/Pmods/PmodENC_v1_0' will take precedence over the same IP in location z:/DAT096/vivado-library-b0946605e3617c901635278b62d0f6a8e3942844/ip/Pmods/PmodENC_v1_0
WARNING: [IP_Flow 19-1663] Duplicate IP found for 'digilentinc.com:user:PmodESP32:1.0'. The one found in IP location 'z:/DAT096/vivado-library-master/ip/Pmods/PmodESP32_v1_0' will take precedence over the same IP in location z:/DAT096/vivado-library-b0946605e3617c901635278b62d0f6a8e3942844/ip/Pmods/PmodESP32_v1_0
WARNING: [IP_Flow 19-1663] Duplicate IP found for 'digilentinc.com:IP:PmodGPIO:1.0'. The one found in IP location 'z:/DAT096/vivado-library-master/ip/Pmods/PmodGPIO_v1_0' will take precedence over the same IP in location z:/DAT096/vivado-library-b0946605e3617c901635278b62d0f6a8e3942844/ip/Pmods/PmodGPIO_v1_0
WARNING: [IP_Flow 19-1663] Duplicate IP found for 'digilentinc.com:IP:PmodGPS:1.1'. The one found in IP location 'z:/DAT096/vivado-library-master/ip/Pmods/PmodGPS_v1_1' will take precedence over the same IP in location z:/DAT096/vivado-library-b0946605e3617c901635278b62d0f6a8e3942844/ip/Pmods/PmodGPS_v1_1
WARNING: [IP_Flow 19-1663] Duplicate IP found for 'digilentinc.com:IP:PmodGYRO:1.0'. The one found in IP location 'z:/DAT096/vivado-library-master/ip/Pmods/PmodGYRO_v1_0' will take precedence over the same IP in location z:/DAT096/vivado-library-b0946605e3617c901635278b62d0f6a8e3942844/ip/Pmods/PmodGYRO_v1_0
WARNING: [IP_Flow 19-1663] Duplicate IP found for 'digilentinc.com:IP:PmodHYGRO:1.0'. The one found in IP location 'z:/DAT096/vivado-library-master/ip/Pmods/PmodHYGRO_v1_0' will take precedence over the same IP in location z:/DAT096/vivado-library-b0946605e3617c901635278b62d0f6a8e3942844/ip/Pmods/PmodHYGRO_v1_0
WARNING: [IP_Flow 19-1663] Duplicate IP found for 'digilentinc.com:IP:PmodJSTK2:1.0'. The one found in IP location 'z:/DAT096/vivado-library-master/ip/Pmods/PmodJSTK2_v1_0' will take precedence over the same IP in location z:/DAT096/vivado-library-b0946605e3617c901635278b62d0f6a8e3942844/ip/Pmods/PmodJSTK2_v1_0
WARNING: [IP_Flow 19-1663] Duplicate IP found for 'digilentinc.com:IP:PmodJSTK:1.0'. The one found in IP location 'z:/DAT096/vivado-library-master/ip/Pmods/PmodJSTK_v1_0' will take precedence over the same IP in location z:/DAT096/vivado-library-b0946605e3617c901635278b62d0f6a8e3942844/ip/Pmods/PmodJSTK_v1_0
WARNING: [IP_Flow 19-1663] Duplicate IP found for 'digilentinc.com:IP:PmodKYPD:1.0'. The one found in IP location 'z:/DAT096/vivado-library-master/ip/Pmods/PmodKYPD_v1_0' will take precedence over the same IP in location z:/DAT096/vivado-library-b0946605e3617c901635278b62d0f6a8e3942844/ip/Pmods/PmodKYPD_v1_0
WARNING: [IP_Flow 19-1663] Duplicate IP found for 'digilentinc.com:IP:PmodMAXSONAR:1.0'. The one found in IP location 'z:/DAT096/vivado-library-master/ip/Pmods/PmodMAXSONAR_v1_0' will take precedence over the same IP in location z:/DAT096/vivado-library-b0946605e3617c901635278b62d0f6a8e3942844/ip/Pmods/PmodMAXSONAR_v1_0
WARNING: [IP_Flow 19-1663] Duplicate IP found for 'digilentinc.com:IP:PmodMTDS:1.0'. The one found in IP location 'z:/DAT096/vivado-library-master/ip/Pmods/PmodMTDS_v1_0' will take precedence over the same IP in location z:/DAT096/vivado-library-b0946605e3617c901635278b62d0f6a8e3942844/ip/Pmods/PmodMTDS_v1_0
WARNING: [IP_Flow 19-1663] Duplicate IP found for 'digilentinc.com:IP:PmodNAV:1.0'. The one found in IP location 'z:/DAT096/vivado-library-master/ip/Pmods/PmodNAV_v1_0' will take precedence over the same IP in location z:/DAT096/vivado-library-b0946605e3617c901635278b62d0f6a8e3942844/ip/Pmods/PmodNAV_v1_0
WARNING: [IP_Flow 19-1663] Duplicate IP found for 'digilentinc.com:IP:PmodOLEDrgb:1.0'. The one found in IP location 'z:/DAT096/vivado-library-master/ip/Pmods/pmodOLEDrgb_v1_0' will take precedence over the same IP in location z:/DAT096/vivado-library-b0946605e3617c901635278b62d0f6a8e3942844/ip/Pmods/pmodOLEDrgb_v1_0
WARNING: [IP_Flow 19-1663] Duplicate IP found for 'digilentinc.com:IP:PmodOLED:1.0'. The one found in IP location 'z:/DAT096/vivado-library-master/ip/Pmods/PmodOLED_v1_0' will take precedence over the same IP in location z:/DAT096/vivado-library-b0946605e3617c901635278b62d0f6a8e3942844/ip/Pmods/PmodOLED_v1_0
WARNING: [IP_Flow 19-1663] Duplicate IP found for 'digilentinc.com:IP:PmodPIR:1.0'. The one found in IP location 'z:/DAT096/vivado-library-master/ip/Pmods/PmodPIR_v1_0' will take precedence over the same IP in location z:/DAT096/vivado-library-b0946605e3617c901635278b62d0f6a8e3942844/ip/Pmods/PmodPIR_v1_0
WARNING: [IP_Flow 19-1663] Duplicate IP found for 'digilentinc.com:IP:PmodR2R:1.0'. The one found in IP location 'z:/DAT096/vivado-library-master/ip/Pmods/PmodR2R_v1_0' will take precedence over the same IP in location z:/DAT096/vivado-library-b0946605e3617c901635278b62d0f6a8e3942844/ip/Pmods/PmodR2R_v1_0
WARNING: [IP_Flow 19-1663] Duplicate IP found for 'digilentinc.com:IP:PmodRTCC:1.0'. The one found in IP location 'z:/DAT096/vivado-library-master/ip/Pmods/PmodRTCC_v1_0' will take precedence over the same IP in location z:/DAT096/vivado-library-b0946605e3617c901635278b62d0f6a8e3942844/ip/Pmods/PmodRTCC_v1_0
WARNING: [IP_Flow 19-1663] Duplicate IP found for 'digilentinc.com:IP:PmodSD:1.0'. The one found in IP location 'z:/DAT096/vivado-library-master/ip/Pmods/PmodSD_v1_0' will take precedence over the same IP in location z:/DAT096/vivado-library-b0946605e3617c901635278b62d0f6a8e3942844/ip/Pmods/PmodSD_v1_0
WARNING: [IP_Flow 19-1663] Duplicate IP found for 'digilentinc.com:IP:PmodSF3:1.0'. The one found in IP location 'z:/DAT096/vivado-library-master/ip/Pmods/PmodSF3_v1_0' will take precedence over the same IP in location z:/DAT096/vivado-library-b0946605e3617c901635278b62d0f6a8e3942844/ip/Pmods/PmodSF3_v1_0
WARNING: [IP_Flow 19-1663] Duplicate IP found for 'digilentinc.com:IP:PmodTC1:1.0'. The one found in IP location 'z:/DAT096/vivado-library-master/ip/Pmods/PmodTC1_v1_0' will take precedence over the same IP in location z:/DAT096/vivado-library-b0946605e3617c901635278b62d0f6a8e3942844/ip/Pmods/PmodTC1_v1_0
WARNING: [IP_Flow 19-1663] Duplicate IP found for 'digilentinc.com:IP:PmodTMP3:1.0'. The one found in IP location 'z:/DAT096/vivado-library-master/ip/Pmods/PmodTMP3_v1_0' will take precedence over the same IP in location z:/DAT096/vivado-library-b0946605e3617c901635278b62d0f6a8e3942844/ip/Pmods/PmodTMP3_v1_0
WARNING: [IP_Flow 19-1663] Duplicate IP found for 'digilentinc.com:IP:PmodWIFI:1.0'. The one found in IP location 'z:/DAT096/vivado-library-master/ip/Pmods/PmodWIFI_v1_0' will take precedence over the same IP in location z:/DAT096/vivado-library-b0946605e3617c901635278b62d0f6a8e3942844/ip/Pmods/PmodWIFI_v1_0
WARNING: [IP_Flow 19-1663] Duplicate IP found for 'digilentinc.com:ip:pmod_bridge:1.0'. The one found in IP location 'z:/DAT096/vivado-library-master/ip/Pmods/Pmod_Bridge_v1_0' will take precedence over the same IP in location z:/DAT096/vivado-library-b0946605e3617c901635278b62d0f6a8e3942844/ip/Pmods/Pmod_Bridge_v1_0
WARNING: [IP_Flow 19-1663] Duplicate IP found for 'digilentinc.com:ip:pmod_bridge:1.1'. The one found in IP location 'z:/DAT096/vivado-library-master/ip/Pmods/Pmod_Bridge_v1_1' will take precedence over the same IP in location z:/DAT096/vivado-library-b0946605e3617c901635278b62d0f6a8e3942844/ip/Pmods/Pmod_Bridge_v1_1
WARNING: [IP_Flow 19-1663] Duplicate IP found for 'digilentinc.com:IP:PWM:1.0'. The one found in IP location 'z:/DAT096/vivado-library-master/ip/PWM_1.0' will take precedence over the same IP in location z:/DAT096/vivado-library-b0946605e3617c901635278b62d0f6a8e3942844/ip/PWM_1.0
WARNING: [IP_Flow 19-1663] Duplicate IP found for 'digilentinc.com:IP:PWM:2.0'. The one found in IP location 'z:/DAT096/vivado-library-master/ip/PWM_2.0' will take precedence over the same IP in location z:/DAT096/vivado-library-b0946605e3617c901635278b62d0f6a8e3942844/ip/PWM_2.0
WARNING: [IP_Flow 19-1663] Duplicate IP found for 'digilentinc.com:IP:PWM_Analyzer:1.0'. The one found in IP location 'z:/DAT096/vivado-library-master/ip/PWM_Analyzer_1.0' will take precedence over the same IP in location z:/DAT096/vivado-library-b0946605e3617c901635278b62d0f6a8e3942844/ip/PWM_Analyzer_1.0
WARNING: [IP_Flow 19-1663] Duplicate IP found for 'digilentinc.com:ip:rgb2dvi:1.4'. The one found in IP location 'z:/DAT096/vivado-library-master/ip/rgb2dvi' will take precedence over the same IP in location z:/DAT096/vivado-library-b0946605e3617c901635278b62d0f6a8e3942844/ip/rgb2dvi
WARNING: [IP_Flow 19-4830] Duplicate Interface found for 'digilentinc.com:interface:pmod:1.0'. The one found in location 'z:/DAT096/vivado-library-b0946605e3617c901635278b62d0f6a8e3942844/if/pmod_v1_0/pmod.xml' will take precedence over the same Interface in location 'z:/DAT096/vivado-library-master/if/pmod_v1_0/pmod.xml'
WARNING: [IP_Flow 19-4830] Duplicate Interface found for 'digilentinc.com:interface:tmds:1.0'. The one found in location 'z:/DAT096/vivado-library-b0946605e3617c901635278b62d0f6a8e3942844/if/tmds_v1_0/tmds.xml' will take precedence over the same Interface in location 'z:/DAT096/vivado-library-master/if/tmds_v1_0/tmds.xml'
report_ip_status -name ip_status 
upgrade_ip -vlnv chalmers.se:user:top_awgn:1.0 [get_ips  design_2_top_awgn_0_0] -log ip_upgrade.log
Upgrading 'Z:/DAT096/DAT096-krish/Embedded-System-Project-DAT096-krishna/Board_2/Board_2/Board_2.srcs/sources_1/bd/design_2/design_2.bd'
WARNING: [Vivado 12-1017] Problems encountered:
1. Failed to delete one or more files in run directory Z:/DAT096/DAT096-krish/Embedded-System-Project-DAT096-krishna/Board_2/Board_2/Board_2.runs/design_2_top_awgn_0_0_synth_1

INFO: [IP_Flow 19-3422] Upgraded design_2_top_awgn_0_0 (top_awgn_v1_0 1.0) from revision 20 to revision 21
WARNING: [IP_Flow 19-4706] Upgraded port 'awgn_im_dbg' width 7 differs from original width 9
WARNING: [IP_Flow 19-4706] Upgraded port 'awgn_re_dbg' width 7 differs from original width 9
WARNING: [IP_Flow 19-3298] Detected external port differences while upgrading 'design_2_top_awgn_0_0'. These changes may impact your design.
CRITICAL WARNING: [Coretcl 2-1279] The upgrade of 'design_2_top_awgn_0_0' has identified issues that may require user intervention. Please review the upgrade log 'z:/DAT096/DAT096-krish/Embedded-System-Project-DAT096-krishna/Board_2/Board_2/ip_upgrade.log', and verify that the upgraded IP is correctly configured.
Wrote  : <Z:\DAT096\DAT096-krish\Embedded-System-Project-DAT096-krishna\Board_2\Board_2\Board_2.srcs\sources_1\bd\design_2\design_2.bd> 
WARNING: [filemgmt 56-199] Attempt to get parsing info during refresh. "On-the-fly" syntax checking information may be incorrect. [Z:\DAT096\DAT096-krish\Embedded-System-Project-DAT096-krishna\Board_2\Board_2\Board_2.srcs\sources_1\new\vcsel_static.vhd:]
WARNING: [filemgmt 56-199] Attempt to get parsing info during refresh. "On-the-fly" syntax checking information may be incorrect. [Z:\DAT096\DAT096-krish\Embedded-System-Project-DAT096-krishna\Board_2\Board_2\Board_2.srcs\sources_1\new\vcsel_iir.vhd:]
WARNING: [filemgmt 56-199] Attempt to get parsing info during refresh. "On-the-fly" syntax checking information may be incorrect. [Z:\DAT096\DAT096-krish\Embedded-System-Project-DAT096-krishna\Board_2\Board_2\Board_2.srcs\sources_1\new\vcsel_conv.vhd:]
WARNING: [filemgmt 56-199] Attempt to get parsing info during refresh. "On-the-fly" syntax checking information may be incorrect. [Z:\DAT096\DAT096-krish\Embedded-System-Project-DAT096-krishna\Board_2\Board_2\Board_2.srcs\sources_1\new\vcsel_iir.vhd:]
WARNING: [filemgmt 56-199] Attempt to get parsing info during refresh. "On-the-fly" syntax checking information may be incorrect. [Z:\DAT096\DAT096-krish\Embedded-System-Project-DAT096-krishna\Board_2\Board_2\Board_2.srcs\sources_1\new\vcsel_iir.vhd:]
INFO: [Coretcl 2-1525] Wrote upgrade log to 'Z:/DAT096/DAT096-krish/Embedded-System-Project-DAT096-krishna/Board_2/Board_2/ip_upgrade.log'.
export_ip_user_files -of_objects [get_ips design_2_top_awgn_0_0] -no_script -sync -force -quiet
ERROR: [Common 17-180] Spawn failed: No error
WARNING: [filemgmt 56-199] Attempt to get parsing info during refresh. "On-the-fly" syntax checking information may be incorrect. [Z:\DAT096\DAT096-krish\Embedded-System-Project-DAT096-krishna\Board_2\Board_2\Board_2.srcs\sources_1\new\vcsel_static.vhd:]
WARNING: [filemgmt 56-199] Attempt to get parsing info during refresh. "On-the-fly" syntax checking information may be incorrect. [Z:\DAT096\DAT096-krish\Embedded-System-Project-DAT096-krishna\Board_2\Board_2\Board_2.srcs\sources_1\new\vcsel_iir.vhd:]
WARNING: [filemgmt 56-199] Attempt to get parsing info during refresh. "On-the-fly" syntax checking information may be incorrect. [Z:\DAT096\DAT096-krish\Embedded-System-Project-DAT096-krishna\Board_2\Board_2\Board_2.srcs\sources_1\new\vcsel_conv.vhd:]
WARNING: [filemgmt 56-199] Attempt to get parsing info during refresh. "On-the-fly" syntax checking information may be incorrect. [Z:\DAT096\DAT096-krish\Embedded-System-Project-DAT096-krishna\Board_2\Board_2\Board_2.srcs\sources_1\new\vcsel_conv.vhd:]
WARNING: [filemgmt 56-199] Attempt to get parsing info during refresh. "On-the-fly" syntax checking information may be incorrect. [Z:\DAT096\DAT096-krish\Embedded-System-Project-DAT096-krishna\Board_2\Board_2\Board_2.srcs\sources_1\new\vcsel_conv.vhd:]
generate_target all [get_files  Z:/DAT096/DAT096-krish/Embedded-System-Project-DAT096-krishna/Board_2/Board_2/Board_2.srcs/sources_1/bd/design_2/design_2.bd]
WARNING: [BD 41-2670] Found an incomplete address path from address space '/processing_system7_0/Data' to master interface '/processing_system7_0/M_AXI_GP0'. Please either complete or remove this path to resolve.
WARNING: [BD 5-699] No address segments matched 'get_bd_addr_segs -of_objects /processing_system7_0/Data'
ERROR: [Common 17-180] Spawn failed: No error
ERROR: [Common 17-161] Invalid option value '' specified for 'object'.
ERROR: [BD 41-1273] Error running propagate TCL procedure: ERROR: [Common 17-161] Invalid option value '' specified for 'object'.
    ::xilinx.com_ip_ila_6.2::propagate Line 95
INFO: [xilinx.com:ip:clk_wiz:6.0-1] /clk_wiz_0 clk_wiz propagate
Wrote  : <Z:\DAT096\DAT096-krish\Embedded-System-Project-DAT096-krishna\Board_2\Board_2\Board_2.srcs\sources_1\bd\design_2\design_2.bd> 
VHDL Output written to : z:/DAT096/DAT096-krish/Embedded-System-Project-DAT096-krishna/Board_2/Board_2/Board_2.gen/sources_1/bd/design_2/synth/design_2.vhd
VHDL Output written to : z:/DAT096/DAT096-krish/Embedded-System-Project-DAT096-krishna/Board_2/Board_2/Board_2.gen/sources_1/bd/design_2/sim/design_2.vhd
VHDL Output written to : z:/DAT096/DAT096-krish/Embedded-System-Project-DAT096-krishna/Board_2/Board_2/Board_2.gen/sources_1/bd/design_2/hdl/design_2_wrapper.vhd
INFO: [BD 41-1029] Generation completed for the IP Integrator block top_awgn_0 .
Exporting to file z:/DAT096/DAT096-krish/Embedded-System-Project-DAT096-krishna/Board_2/Board_2/Board_2.gen/sources_1/bd/design_2/hw_handoff/design_2.hwh
Generated Hardware Definition File z:/DAT096/DAT096-krish/Embedded-System-Project-DAT096-krishna/Board_2/Board_2/Board_2.gen/sources_1/bd/design_2/synth/design_2.hwdef
ERROR: [Common 17-39] 'generate_target' failed due to earlier errors.
WARNING: [filemgmt 56-199] Attempt to get parsing info during refresh. "On-the-fly" syntax checking information may be incorrect. [Z:\DAT096\DAT096-krish\Embedded-System-Project-DAT096-krishna\Board_2\Board_2\Board_2.srcs\sources_1\new\vcsel_static.vhd:]
WARNING: [filemgmt 56-199] Attempt to get parsing info during refresh. "On-the-fly" syntax checking information may be incorrect. [Z:\DAT096\DAT096-krish\Embedded-System-Project-DAT096-krishna\Board_2\Board_2\Board_2.srcs\sources_1\new\vcsel_iir.vhd:]
WARNING: [filemgmt 56-199] Attempt to get parsing info during refresh. "On-the-fly" syntax checking information may be incorrect. [Z:\DAT096\DAT096-krish\Embedded-System-Project-DAT096-krishna\Board_2\Board_2\Board_2.srcs\sources_1\new\vcsel_conv.vhd:]
WARNING: [filemgmt 56-199] Attempt to get parsing info during refresh. "On-the-fly" syntax checking information may be incorrect. [Z:\DAT096\DAT096-krish\Embedded-System-Project-DAT096-krishna\Board_2\Board_2\Board_2.srcs\sources_1\new\vcsel_iir.vhd:]
WARNING: [filemgmt 56-199] Attempt to get parsing info during refresh. "On-the-fly" syntax checking information may be incorrect. [Z:\DAT096\DAT096-krish\Embedded-System-Project-DAT096-krishna\Board_2\Board_2\Board_2.srcs\sources_1\new\vcsel_iir.vhd:]
report_ip_status -name ip_status 
reset_run synth_1
INFO: [Project 1-1161] Replacing file Z:/DAT096/DAT096-krish/Embedded-System-Project-DAT096-krishna/Board_2/Board_2/Board_2.srcs/utils_1/imports/synth_1/design_2_wrapper.dcp with file Z:/DAT096/DAT096-krish/Embedded-System-Project-DAT096-krishna/Board_2/Board_2/Board_2.runs/synth_1/design_2_wrapper.dcp
WARNING: [Vivado 12-1017] Problems encountered:
1. Failed to delete one or more files in run directory Z:/DAT096/DAT096-krish/Embedded-System-Project-DAT096-krishna/Board_2/Board_2/Board_2.runs/synth_1

launch_runs impl_1 -to_step write_bitstream -jobs 28
INFO: [IP_Flow 19-6924] IPCACHE: Running cache check for IP inst: design_2_top_awgn_0_0
WARNING: [filemgmt 56-199] Attempt to get parsing info during refresh. "On-the-fly" syntax checking information may be incorrect. [Z:\DAT096\DAT096-krish\Embedded-System-Project-DAT096-krishna\Board_2\Board_2\Board_2.srcs\sources_1\new\vcsel_static.vhd:]
WARNING: [filemgmt 56-199] Attempt to get parsing info during refresh. "On-the-fly" syntax checking information may be incorrect. [Z:\DAT096\DAT096-krish\Embedded-System-Project-DAT096-krishna\Board_2\Board_2\Board_2.srcs\sources_1\new\vcsel_iir.vhd:]
WARNING: [filemgmt 56-199] Attempt to get parsing info during refresh. "On-the-fly" syntax checking information may be incorrect. [Z:\DAT096\DAT096-krish\Embedded-System-Project-DAT096-krishna\Board_2\Board_2\Board_2.srcs\sources_1\new\vcsel_conv.vhd:]
WARNING: [filemgmt 56-199] Attempt to get parsing info during refresh. "On-the-fly" syntax checking information may be incorrect. [Z:\DAT096\DAT096-krish\Embedded-System-Project-DAT096-krishna\Board_2\Board_2\Board_2.srcs\sources_1\new\vcsel_iir.vhd:]
WARNING: [filemgmt 56-199] Attempt to get parsing info during refresh. "On-the-fly" syntax checking information may be incorrect. [Z:\DAT096\DAT096-krish\Embedded-System-Project-DAT096-krishna\Board_2\Board_2\Board_2.srcs\sources_1\new\vcsel_iir.vhd:]
WARNING: [filemgmt 56-199] Attempt to get parsing info during refresh. "On-the-fly" syntax checking information may be incorrect. [Z:\DAT096\DAT096-krish\Embedded-System-Project-DAT096-krishna\Board_2\Board_2\Board_2.srcs\sources_1\new\vcsel_static.vhd:]
[Wed May 27 22:37:55 2026] Launched design_2_vcsel_conv_0_0_synth_1, design_2_top_awgn_0_0_synth_1, synth_1...
Run output will be captured here:
design_2_vcsel_conv_0_0_synth_1: Z:/DAT096/DAT096-krish/Embedded-System-Project-DAT096-krishna/Board_2/Board_2/Board_2.runs/design_2_vcsel_conv_0_0_synth_1/runme.log
design_2_top_awgn_0_0_synth_1: Z:/DAT096/DAT096-krish/Embedded-System-Project-DAT096-krishna/Board_2/Board_2/Board_2.runs/design_2_top_awgn_0_0_synth_1/runme.log
synth_1: Z:/DAT096/DAT096-krish/Embedded-System-Project-DAT096-krishna/Board_2/Board_2/Board_2.runs/synth_1/runme.log
[Wed May 27 22:37:56 2026] Launched impl_1...
Run output will be captured here: Z:/DAT096/DAT096-krish/Embedded-System-Project-DAT096-krishna/Board_2/Board_2/Board_2.runs/impl_1/runme.log
launch_runs: Time (s): cpu = 00:00:00 ; elapsed = 00:00:05 . Memory (MB): peak = 2587.293 ; gain = 0.000
WARNING: [filemgmt 56-199] Attempt to get parsing info during refresh. "On-the-fly" syntax checking information may be incorrect. [Z:\DAT096\DAT096-krish\Embedded-System-Project-DAT096-krishna\Board_2\Board_2\Board_2.srcs\sources_1\new\vcsel_static.vhd:]
WARNING: [filemgmt 56-199] Attempt to get parsing info during refresh. "On-the-fly" syntax checking information may be incorrect. [Z:\DAT096\DAT096-krish\Embedded-System-Project-DAT096-krishna\Board_2\Board_2\Board_2.srcs\sources_1\new\vcsel_iir.vhd:]
WARNING: [filemgmt 56-199] Attempt to get parsing info during refresh. "On-the-fly" syntax checking information may be incorrect. [Z:\DAT096\DAT096-krish\Embedded-System-Project-DAT096-krishna\Board_2\Board_2\Board_2.srcs\sources_1\new\vcsel_conv.vhd:]
WARNING: [filemgmt 56-199] Attempt to get parsing info during refresh. "On-the-fly" syntax checking information may be incorrect. [Z:\DAT096\DAT096-krish\Embedded-System-Project-DAT096-krishna\Board_2\Board_2\Board_2.srcs\sources_1\new\vcsel_iir.vhd:]
WARNING: [filemgmt 56-199] Attempt to get parsing info during refresh. "On-the-fly" syntax checking information may be incorrect. [Z:\DAT096\DAT096-krish\Embedded-System-Project-DAT096-krishna\Board_2\Board_2\Board_2.srcs\sources_1\new\vcsel_iir.vhd:]
WARNING: [filemgmt 56-199] Attempt to get parsing info during refresh. "On-the-fly" syntax checking information may be incorrect. [Z:\DAT096\DAT096-krish\Embedded-System-Project-DAT096-krishna\Board_2\Board_2\Board_2.srcs\sources_1\new\vcsel_static.vhd:]
WARNING: [filemgmt 56-199] Attempt to get parsing info during refresh. "On-the-fly" syntax checking information may be incorrect. [Z:\DAT096\DAT096-krish\Embedded-System-Project-DAT096-krishna\Board_2\Board_2\Board_2.srcs\sources_1\new\vcsel_iir.vhd:]
WARNING: [filemgmt 56-199] Attempt to get parsing info during refresh. "On-the-fly" syntax checking information may be incorrect. [Z:\DAT096\DAT096-krish\Embedded-System-Project-DAT096-krishna\Board_2\Board_2\Board_2.srcs\sources_1\new\vcsel_conv.vhd:]
WARNING: [filemgmt 56-199] Attempt to get parsing info during refresh. "On-the-fly" syntax checking information may be incorrect. [Z:\DAT096\DAT096-krish\Embedded-System-Project-DAT096-krishna\Board_2\Board_2\Board_2.srcs\sources_1\new\vcsel_iir.vhd:]
WARNING: [filemgmt 56-199] Attempt to get parsing info during refresh. "On-the-fly" syntax checking information may be incorrect. [Z:\DAT096\DAT096-krish\Embedded-System-Project-DAT096-krishna\Board_2\Board_2\Board_2.srcs\sources_1\new\vcsel_iir.vhd:]
WARNING: [filemgmt 56-199] Attempt to get parsing info during refresh. "On-the-fly" syntax checking information may be incorrect. [Z:\DAT096\DAT096-krish\Embedded-System-Project-DAT096-krishna\Board_2\Board_2\Board_2.srcs\sources_1\new\vcsel_static.vhd:]
set_property PROBES.FILE {Z:/DAT096/DAT096-krish/Embedded-System-Project-DAT096-krishna/Board_2/Board_2/Board_2.runs/impl_1/design_2_wrapper.ltx} [get_hw_devices xc7z020_1_1]
set_property FULL_PROBES.FILE {Z:/DAT096/DAT096-krish/Embedded-System-Project-DAT096-krishna/Board_2/Board_2/Board_2.runs/impl_1/design_2_wrapper.ltx} [get_hw_devices xc7z020_1_1]
set_property PROGRAM.FILE {Z:/DAT096/DAT096-krish/Embedded-System-Project-DAT096-krishna/Board_2/Board_2/Board_2.runs/impl_1/design_2_wrapper.bit} [get_hw_devices xc7z020_1_1]
program_hw_devices [get_hw_devices xc7z020_1_1]
INFO: [Labtools 27-3164] End of startup status: HIGH
refresh_hw_device [lindex [get_hw_devices xc7z020_1_1] 0]
INFO: [Labtools 27-2302] Device xc7z020 (JTAG device index = 1) is programmed with a design that has 1 ILA core(s).
INFO: [Labtools 27-2302] Device xc7z020 (JTAG device index = 1) is programmed with a design that has 2 VIO core(s).
WARNING: [Labtools 27-1952] VIO hw_probe OUTPUT_VALUE properties for hw_vio(s) [hw_vio_2] differ from output values in the VIO core(s).
Resolution: 
To synchronize the hw_probes properties and the VIO core outputs choose one of the following alternatives:
  1) Execute the command 'Commit Output Values to VIO Core', to write down the hw_probe values to the core.
  2) Execute the command 'Refresh Input and Output Values from VIO Core', to update the hw_probe properties with the core values.
  3) First restore initial values in the core with the command 'Reset VIO Core Outputs', and then execute the command 'Refresh Input and Output Values from VIO Core'.
run_hw_ila [get_hw_ilas -of_objects [get_hw_devices xc7z020_1_1] -filter {CELL_NAME=~"design_2_i/ila_0"}]
INFO: [Labtools 27-1964] The ILA core 'hw_ila_1' trigger was armed at 2026-May-27 22:43:00
wait_on_hw_ila [get_hw_ilas -of_objects [get_hw_devices xc7z020_1_1] -filter {CELL_NAME=~"design_2_i/ila_0"}]
display_hw_ila_data [upload_hw_ila_data [get_hw_ilas -of_objects [get_hw_devices xc7z020_1_1] -filter {CELL_NAME=~"design_2_i/ila_0"}]]
INFO: [Labtools 27-1966] The ILA core 'hw_ila_1' triggered at 2026-May-27 22:43:00
INFO: [Labtools 27-3304] ILA Waveform data saved to file Z:/DAT096/DAT096-krish/Embedded-System-Project-DAT096-krishna/Board_2/Board_2/Board_2.hw/backup/hw_ila_data_1.ila. Use Tcl command 'read_hw_ila_data' or Vivado File->Import->Import ILA Data menu item to import the previously saved data.
set_property OUTPUT_VALUE 1 [get_hw_probes design_2_i/vio_1_probe_out0 -of_objects [get_hw_vios -of_objects [get_hw_devices xc7z020_1_1] -filter {CELL_NAME=~"design_2_i/vio_1"}]]
commit_hw_vio [get_hw_probes {design_2_i/vio_1_probe_out0} -of_objects [get_hw_vios -of_objects [get_hw_devices xc7z020_1_1] -filter {CELL_NAME=~"design_2_i/vio_1"}]]
set_property OUTPUT_VALUE 0 [get_hw_probes design_2_i/vio_1_probe_out0 -of_objects [get_hw_vios -of_objects [get_hw_devices xc7z020_1_1] -filter {CELL_NAME=~"design_2_i/vio_1"}]]
commit_hw_vio [get_hw_probes {design_2_i/vio_1_probe_out0} -of_objects [get_hw_vios -of_objects [get_hw_devices xc7z020_1_1] -filter {CELL_NAME=~"design_2_i/vio_1"}]]
set_property OUTPUT_VALUE 1 [get_hw_probes design_2_i/vio_0_probe_out0 -of_objects [get_hw_vios -of_objects [get_hw_devices xc7z020_1_1] -filter {CELL_NAME=~"design_2_i/vio_0"}]]
commit_hw_vio [get_hw_probes {design_2_i/vio_0_probe_out0} -of_objects [get_hw_vios -of_objects [get_hw_devices xc7z020_1_1] -filter {CELL_NAME=~"design_2_i/vio_0"}]]
set_property OUTPUT_VALUE 0 [get_hw_probes design_2_i/vio_0_probe_out0 -of_objects [get_hw_vios -of_objects [get_hw_devices xc7z020_1_1] -filter {CELL_NAME=~"design_2_i/vio_0"}]]
commit_hw_vio [get_hw_probes {design_2_i/vio_0_probe_out0} -of_objects [get_hw_vios -of_objects [get_hw_devices xc7z020_1_1] -filter {CELL_NAME=~"design_2_i/vio_0"}]]
set_property OUTPUT_VALUE 4 [get_hw_probes design_2_i/vio_0_probe_out0 -of_objects [get_hw_vios -of_objects [get_hw_devices xc7z020_1_1] -filter {CELL_NAME=~"design_2_i/vio_0"}]]
commit_hw_vio [get_hw_probes {design_2_i/vio_0_probe_out0} -of_objects [get_hw_vios -of_objects [get_hw_devices xc7z020_1_1] -filter {CELL_NAME=~"design_2_i/vio_0"}]]
open_bd_design {Z:/DAT096/DAT096-krish/Embedded-System-Project-DAT096-krishna/Board_2/Board_2/Board_2.srcs/sources_1/bd/design_2/design_2.bd}
ipx::edit_ip_in_project -upgrade true -name top_awgn_v1_0_project -directory Z:/DAT096/DAT096-krish/Embedded-System-Project-DAT096-krishna/Board_2/Board_2/Board_2.tmp/top_awgn_v1_0_project z:/DAT096/Project_team5/ip_repo_snr/component.xml
INFO: [ProjectBase 1-489] The host OS only allows 260 characters in a normal path. The project is stored in a path with more than 80 characters. If you experience issues with IP, Block Designs, or files not being found, please consider moving the project to a location with a shorter path. Alternately consider using the OS subst command to map part of the path to a drive letter.
Current project path is 'z:/dat096/dat096-krish/embedded-system-project-dat096-krishna/board_2/board_2/board_2.tmp/top_awgn_v1_0_project'
INFO: [IP_Flow 19-234] Refreshing IP repositories
INFO: [IP_Flow 19-1704] No user IP repositories specified
INFO: [IP_Flow 19-2313] Loaded Vivado IP repository 'C:/Progs/Xilinx/Vivado/2024.2/data/ip'.
INFO: [IP_Flow 19-234] Refreshing IP repositories
WARNING: [IP_Flow 19-2248] Failed to load user IP repository 'z:/DAT096/vivado-library-zmod-v2-2019.1-2/vivado-library-zmod-v2-2019.1-2'; Can't find the specified path.
If this directory should no longer be in your list of user repositories, go to the IP Settings dialog and remove it.
INFO: [IP_Flow 19-1700] Loaded user IP repository 'z:/DAT096/Project_team5/ip_repo_snr'.
WARNING: [IP_Flow 19-2248] Failed to load user IP repository 'z:/embedded project/Eclypse-Z7-HW/Eclypse-Z7-HW.ipdefs/repo'; Can't find the specified path.
If this directory should no longer be in your list of user repositories, go to the IP Settings dialog and remove it.
WARNING: [IP_Flow 19-2248] Failed to load user IP repository 'z:/DAT096/Project_team5/ip_repo'; Can't find the specified path.
If this directory should no longer be in your list of user repositories, go to the IP Settings dialog and remove it.
INFO: [IP_Flow 19-1700] Loaded user IP repository 'z:/DAT096/vivado-boards-master'.
INFO: [IP_Flow 19-1700] Loaded user IP repository 'z:/DAT096/vivado-library-b0946605e3617c901635278b62d0f6a8e3942844'.
INFO: [IP_Flow 19-1700] Loaded user IP repository 'z:/DAT096/vivado-library-master'.
WARNING: [IP_Flow 19-2248] Failed to load user IP repository 'z:/eda234/vivado-library-master'; Can't find the specified path.
If this directory should no longer be in your list of user repositories, go to the IP Settings dialog and remove it.
WARNING: [IP_Flow 19-3685] Ignored loading user repository 'z:/eda234/vivado-library-master/ip'. The path is contained within another repository.
WARNING: [IP_Flow 19-1663] Duplicate IP found for 'digilentinc.com:user:axi_i2s_adi:1.2'. The one found in IP location 'z:/DAT096/vivado-library-b0946605e3617c901635278b62d0f6a8e3942844/ip/axi_i2s_adi_1.2' will take precedence over the same IP in location z:/DAT096/vivado-library-master/ip/axi_i2s_adi_1.2
WARNING: [IP_Flow 19-1663] Duplicate IP found for 'digilentinc.com:IP:axi_ps2:1.0'. The one found in IP location 'z:/DAT096/vivado-library-b0946605e3617c901635278b62d0f6a8e3942844/ip/axi_ps2_1.0' will take precedence over the same IP in location z:/DAT096/vivado-library-master/ip/axi_ps2_1.0
WARNING: [IP_Flow 19-1663] Duplicate IP found for 'digilentinc.com:ip:clock_forwarder:1.1'. The one found in IP location 'z:/DAT096/vivado-library-b0946605e3617c901635278b62d0f6a8e3942844/ip/clock_forwarder' will take precedence over the same IP in location z:/DAT096/vivado-library-master/ip/clock_forwarder
WARNING: [IP_Flow 19-1663] Duplicate IP found for 'digilentinc.com:IP:hls_contrast_stretch:1.0'. The one found in IP location 'z:/DAT096/vivado-library-b0946605e3617c901635278b62d0f6a8e3942844/ip/hls_contrast_stretch_1_0' will take precedence over the same IP in location z:/DAT096/vivado-library-master/ip/hls_contrast_stretch_1_0
WARNING: [IP_Flow 19-1663] Duplicate IP found for 'digilentinc.com:IP:hls_gamma_correction:1.0'. The one found in IP location 'z:/DAT096/vivado-library-b0946605e3617c901635278b62d0f6a8e3942844/ip/hls_gamma_correction_1_0' will take precedence over the same IP in location z:/DAT096/vivado-library-master/ip/hls_gamma_correction_1_0
WARNING: [IP_Flow 19-1663] Duplicate IP found for 'digilentinc.com:IP:hls_saturation_enhance:1.0'. The one found in IP location 'z:/DAT096/vivado-library-b0946605e3617c901635278b62d0f6a8e3942844/ip/hls_saturation_enhance_1_0' will take precedence over the same IP in location z:/DAT096/vivado-library-master/ip/hls_saturation_enhance_1_0
WARNING: [IP_Flow 19-1663] Duplicate IP found for 'digilentinc.com:ip:rgb2dpvid:1.0'. The one found in IP location 'z:/DAT096/vivado-library-b0946605e3617c901635278b62d0f6a8e3942844/ip/rgb2dpvid_v1_0' will take precedence over the same IP in location z:/DAT096/vivado-library-master/ip/rgb2dpvid_v1_0
WARNING: [IP_Flow 19-1663] Duplicate IP found for 'digilentinc.com:ip:rgb2vga:1.0'. The one found in IP location 'z:/DAT096/vivado-library-b0946605e3617c901635278b62d0f6a8e3942844/ip/rgb2vga_v1_0' will take precedence over the same IP in location z:/DAT096/vivado-library-master/ip/rgb2vga_v1_0
WARNING: [IP_Flow 19-1663] Duplicate IP found for 'digilentinc.com:ip:Sync:1.0'. The one found in IP location 'z:/DAT096/vivado-library-b0946605e3617c901635278b62d0f6a8e3942844/ip/Sync_v1_0' will take precedence over the same IP in location z:/DAT096/vivado-library-master/ip/Sync_v1_0
WARNING: [IP_Flow 19-1663] Duplicate IP found for 'digilentinc.com:ip:usb2device:1.0'. The one found in IP location 'z:/DAT096/vivado-library-b0946605e3617c901635278b62d0f6a8e3942844/ip/usb2device_v1_0' will take precedence over the same IP in location z:/DAT096/vivado-library-master/ip/usb2device_v1_0
WARNING: [IP_Flow 19-1663] Duplicate IP found for 'digilentinc.com:video:video_scaler:1.0'. The one found in IP location 'z:/DAT096/vivado-library-b0946605e3617c901635278b62d0f6a8e3942844/ip/video_scaler' will take precedence over the same IP in location z:/DAT096/vivado-library-master/ip/video_scaler
WARNING: [IP_Flow 19-1663] Duplicate IP found for 'digilentinc.com:ip:dvi2rgb:2.0'. The one found in IP location 'z:/DAT096/vivado-library-master/ip/dvi2rgb' will take precedence over the same IP in location z:/DAT096/vivado-library-b0946605e3617c901635278b62d0f6a8e3942844/ip/dvi2rgb
WARNING: [IP_Flow 19-1663] Duplicate IP found for 'digilentinc.com:IP:MotorFeedback:1.0'. The one found in IP location 'z:/DAT096/vivado-library-master/ip/MotorFeedback_1.0' will take precedence over the same IP in location z:/DAT096/vivado-library-b0946605e3617c901635278b62d0f6a8e3942844/ip/MotorFeedback_1.0
WARNING: [IP_Flow 19-1663] Duplicate IP found for 'digilentinc.com:IP:PmodACL2:1.0'. The one found in IP location 'z:/DAT096/vivado-library-master/ip/Pmods/PmodACL2_v1_0' will take precedence over the same IP in location z:/DAT096/vivado-library-b0946605e3617c901635278b62d0f6a8e3942844/ip/Pmods/PmodACL2_v1_0
WARNING: [IP_Flow 19-1663] Duplicate IP found for 'digilentinc.com:IP:PmodACL:1.0'. The one found in IP location 'z:/DAT096/vivado-library-master/ip/Pmods/PmodACL_v1_0' will take precedence over the same IP in location z:/DAT096/vivado-library-b0946605e3617c901635278b62d0f6a8e3942844/ip/Pmods/PmodACL_v1_0
WARNING: [IP_Flow 19-1663] Duplicate IP found for 'digilentinc.com:IP:PmodAD1:1.0'. The one found in IP location 'z:/DAT096/vivado-library-master/ip/Pmods/PmodAD1_v1_0' will take precedence over the same IP in location z:/DAT096/vivado-library-b0946605e3617c901635278b62d0f6a8e3942844/ip/Pmods/PmodAD1_v1_0
WARNING: [IP_Flow 19-1663] Duplicate IP found for 'digilentinc.com:IP:PmodAD2:1.0'. The one found in IP location 'z:/DAT096/vivado-library-master/ip/Pmods/PmodAD2_v1_0' will take precedence over the same IP in location z:/DAT096/vivado-library-b0946605e3617c901635278b62d0f6a8e3942844/ip/Pmods/PmodAD2_v1_0
WARNING: [IP_Flow 19-1663] Duplicate IP found for 'digilentinc.com:IP:PmodAD5:1.0'. The one found in IP location 'z:/DAT096/vivado-library-master/ip/Pmods/PmodAD5_v1_0' will take precedence over the same IP in location z:/DAT096/vivado-library-b0946605e3617c901635278b62d0f6a8e3942844/ip/Pmods/PmodAD5_v1_0
WARNING: [IP_Flow 19-1663] Duplicate IP found for 'digilentinc.com:IP:PmodALS:1.0'. The one found in IP location 'z:/DAT096/vivado-library-master/ip/Pmods/PmodALS_v1_0' will take precedence over the same IP in location z:/DAT096/vivado-library-b0946605e3617c901635278b62d0f6a8e3942844/ip/Pmods/PmodALS_v1_0
WARNING: [IP_Flow 19-1663] Duplicate IP found for 'digilentinc.com:IP:PmodAMP2:1.0'. The one found in IP location 'z:/DAT096/vivado-library-master/ip/Pmods/PmodAMP2_v1_0' will take precedence over the same IP in location z:/DAT096/vivado-library-b0946605e3617c901635278b62d0f6a8e3942844/ip/Pmods/PmodAMP2_v1_0
WARNING: [IP_Flow 19-1663] Duplicate IP found for 'digilentinc.com:IP:PmodAQS:1.0'. The one found in IP location 'z:/DAT096/vivado-library-master/ip/Pmods/PmodAQS_v1_0' will take precedence over the same IP in location z:/DAT096/vivado-library-b0946605e3617c901635278b62d0f6a8e3942844/ip/Pmods/PmodAQS_v1_0
WARNING: [IP_Flow 19-1663] Duplicate IP found for 'digilentinc.com:IP:PmodBLE:1.0'. The one found in IP location 'z:/DAT096/vivado-library-master/ip/Pmods/PmodBLE_v1_0' will take precedence over the same IP in location z:/DAT096/vivado-library-b0946605e3617c901635278b62d0f6a8e3942844/ip/Pmods/PmodBLE_v1_0
WARNING: [IP_Flow 19-1663] Duplicate IP found for 'digilentinc.com:IP:PmodBT2:1.0'. The one found in IP location 'z:/DAT096/vivado-library-master/ip/Pmods/PmodBT2_v1_0' will take precedence over the same IP in location z:/DAT096/vivado-library-b0946605e3617c901635278b62d0f6a8e3942844/ip/Pmods/PmodBT2_v1_0
WARNING: [IP_Flow 19-1663] Duplicate IP found for 'digilentinc.com:IP:PmodCAN:1.0'. The one found in IP location 'z:/DAT096/vivado-library-master/ip/Pmods/PmodCAN_v1_0' will take precedence over the same IP in location z:/DAT096/vivado-library-b0946605e3617c901635278b62d0f6a8e3942844/ip/Pmods/PmodCAN_v1_0
WARNING: [IP_Flow 19-1663] Duplicate IP found for 'digilentinc.com:IP:PmodCLS:1.0'. The one found in IP location 'z:/DAT096/vivado-library-master/ip/Pmods/PmodCLS_v1_0' will take precedence over the same IP in location z:/DAT096/vivado-library-b0946605e3617c901635278b62d0f6a8e3942844/ip/Pmods/PmodCLS_v1_0
WARNING: [IP_Flow 19-1663] Duplicate IP found for 'digilentinc.com:IP:PmodCMPS2:1.0'. The one found in IP location 'z:/DAT096/vivado-library-master/ip/Pmods/PmodCMPS2_v1_0' will take precedence over the same IP in location z:/DAT096/vivado-library-b0946605e3617c901635278b62d0f6a8e3942844/ip/Pmods/PmodCMPS2_v1_0
WARNING: [IP_Flow 19-1663] Duplicate IP found for 'digilentinc.com:IP:PmodCOLOR:1.0'. The one found in IP location 'z:/DAT096/vivado-library-master/ip/Pmods/PmodCOLOR_v1_0' will take precedence over the same IP in location z:/DAT096/vivado-library-b0946605e3617c901635278b62d0f6a8e3942844/ip/Pmods/PmodCOLOR_v1_0
WARNING: [IP_Flow 19-1663] Duplicate IP found for 'digilentinc.com:IP:PmodDA1:1.0'. The one found in IP location 'z:/DAT096/vivado-library-master/ip/Pmods/PmodDA1_v1_0' will take precedence over the same IP in location z:/DAT096/vivado-library-b0946605e3617c901635278b62d0f6a8e3942844/ip/Pmods/PmodDA1_v1_0
WARNING: [IP_Flow 19-1663] Duplicate IP found for 'digilentinc.com:IP:PmodDHB1:1.0'. The one found in IP location 'z:/DAT096/vivado-library-master/ip/Pmods/PmodDHB1_v1_0' will take precedence over the same IP in location z:/DAT096/vivado-library-b0946605e3617c901635278b62d0f6a8e3942844/ip/Pmods/PmodDHB1_v1_0
WARNING: [IP_Flow 19-1663] Duplicate IP found for 'digilentinc.com:IP:PmodDPG1:1.0'. The one found in IP location 'z:/DAT096/vivado-library-master/ip/Pmods/PmodDPG1_v1_0' will take precedence over the same IP in location z:/DAT096/vivado-library-b0946605e3617c901635278b62d0f6a8e3942844/ip/Pmods/PmodDPG1_v1_0
WARNING: [IP_Flow 19-1663] Duplicate IP found for 'digilentinc.com:IP:PmodENC:1.0'. The one found in IP location 'z:/DAT096/vivado-library-master/ip/Pmods/PmodENC_v1_0' will take precedence over the same IP in location z:/DAT096/vivado-library-b0946605e3617c901635278b62d0f6a8e3942844/ip/Pmods/PmodENC_v1_0
WARNING: [IP_Flow 19-1663] Duplicate IP found for 'digilentinc.com:user:PmodESP32:1.0'. The one found in IP location 'z:/DAT096/vivado-library-master/ip/Pmods/PmodESP32_v1_0' will take precedence over the same IP in location z:/DAT096/vivado-library-b0946605e3617c901635278b62d0f6a8e3942844/ip/Pmods/PmodESP32_v1_0
WARNING: [IP_Flow 19-1663] Duplicate IP found for 'digilentinc.com:IP:PmodGPIO:1.0'. The one found in IP location 'z:/DAT096/vivado-library-master/ip/Pmods/PmodGPIO_v1_0' will take precedence over the same IP in location z:/DAT096/vivado-library-b0946605e3617c901635278b62d0f6a8e3942844/ip/Pmods/PmodGPIO_v1_0
WARNING: [IP_Flow 19-1663] Duplicate IP found for 'digilentinc.com:IP:PmodGPS:1.1'. The one found in IP location 'z:/DAT096/vivado-library-master/ip/Pmods/PmodGPS_v1_1' will take precedence over the same IP in location z:/DAT096/vivado-library-b0946605e3617c901635278b62d0f6a8e3942844/ip/Pmods/PmodGPS_v1_1
WARNING: [IP_Flow 19-1663] Duplicate IP found for 'digilentinc.com:IP:PmodGYRO:1.0'. The one found in IP location 'z:/DAT096/vivado-library-master/ip/Pmods/PmodGYRO_v1_0' will take precedence over the same IP in location z:/DAT096/vivado-library-b0946605e3617c901635278b62d0f6a8e3942844/ip/Pmods/PmodGYRO_v1_0
WARNING: [IP_Flow 19-1663] Duplicate IP found for 'digilentinc.com:IP:PmodHYGRO:1.0'. The one found in IP location 'z:/DAT096/vivado-library-master/ip/Pmods/PmodHYGRO_v1_0' will take precedence over the same IP in location z:/DAT096/vivado-library-b0946605e3617c901635278b62d0f6a8e3942844/ip/Pmods/PmodHYGRO_v1_0
WARNING: [IP_Flow 19-1663] Duplicate IP found for 'digilentinc.com:IP:PmodJSTK2:1.0'. The one found in IP location 'z:/DAT096/vivado-library-master/ip/Pmods/PmodJSTK2_v1_0' will take precedence over the same IP in location z:/DAT096/vivado-library-b0946605e3617c901635278b62d0f6a8e3942844/ip/Pmods/PmodJSTK2_v1_0
WARNING: [IP_Flow 19-1663] Duplicate IP found for 'digilentinc.com:IP:PmodJSTK:1.0'. The one found in IP location 'z:/DAT096/vivado-library-master/ip/Pmods/PmodJSTK_v1_0' will take precedence over the same IP in location z:/DAT096/vivado-library-b0946605e3617c901635278b62d0f6a8e3942844/ip/Pmods/PmodJSTK_v1_0
WARNING: [IP_Flow 19-1663] Duplicate IP found for 'digilentinc.com:IP:PmodKYPD:1.0'. The one found in IP location 'z:/DAT096/vivado-library-master/ip/Pmods/PmodKYPD_v1_0' will take precedence over the same IP in location z:/DAT096/vivado-library-b0946605e3617c901635278b62d0f6a8e3942844/ip/Pmods/PmodKYPD_v1_0
WARNING: [IP_Flow 19-1663] Duplicate IP found for 'digilentinc.com:IP:PmodMAXSONAR:1.0'. The one found in IP location 'z:/DAT096/vivado-library-master/ip/Pmods/PmodMAXSONAR_v1_0' will take precedence over the same IP in location z:/DAT096/vivado-library-b0946605e3617c901635278b62d0f6a8e3942844/ip/Pmods/PmodMAXSONAR_v1_0
WARNING: [IP_Flow 19-1663] Duplicate IP found for 'digilentinc.com:IP:PmodMTDS:1.0'. The one found in IP location 'z:/DAT096/vivado-library-master/ip/Pmods/PmodMTDS_v1_0' will take precedence over the same IP in location z:/DAT096/vivado-library-b0946605e3617c901635278b62d0f6a8e3942844/ip/Pmods/PmodMTDS_v1_0
WARNING: [IP_Flow 19-1663] Duplicate IP found for 'digilentinc.com:IP:PmodNAV:1.0'. The one found in IP location 'z:/DAT096/vivado-library-master/ip/Pmods/PmodNAV_v1_0' will take precedence over the same IP in location z:/DAT096/vivado-library-b0946605e3617c901635278b62d0f6a8e3942844/ip/Pmods/PmodNAV_v1_0
WARNING: [IP_Flow 19-1663] Duplicate IP found for 'digilentinc.com:IP:PmodOLEDrgb:1.0'. The one found in IP location 'z:/DAT096/vivado-library-master/ip/Pmods/pmodOLEDrgb_v1_0' will take precedence over the same IP in location z:/DAT096/vivado-library-b0946605e3617c901635278b62d0f6a8e3942844/ip/Pmods/pmodOLEDrgb_v1_0
WARNING: [IP_Flow 19-1663] Duplicate IP found for 'digilentinc.com:IP:PmodOLED:1.0'. The one found in IP location 'z:/DAT096/vivado-library-master/ip/Pmods/PmodOLED_v1_0' will take precedence over the same IP in location z:/DAT096/vivado-library-b0946605e3617c901635278b62d0f6a8e3942844/ip/Pmods/PmodOLED_v1_0
WARNING: [IP_Flow 19-1663] Duplicate IP found for 'digilentinc.com:IP:PmodPIR:1.0'. The one found in IP location 'z:/DAT096/vivado-library-master/ip/Pmods/PmodPIR_v1_0' will take precedence over the same IP in location z:/DAT096/vivado-library-b0946605e3617c901635278b62d0f6a8e3942844/ip/Pmods/PmodPIR_v1_0
WARNING: [IP_Flow 19-1663] Duplicate IP found for 'digilentinc.com:IP:PmodR2R:1.0'. The one found in IP location 'z:/DAT096/vivado-library-master/ip/Pmods/PmodR2R_v1_0' will take precedence over the same IP in location z:/DAT096/vivado-library-b0946605e3617c901635278b62d0f6a8e3942844/ip/Pmods/PmodR2R_v1_0
WARNING: [IP_Flow 19-1663] Duplicate IP found for 'digilentinc.com:IP:PmodRTCC:1.0'. The one found in IP location 'z:/DAT096/vivado-library-master/ip/Pmods/PmodRTCC_v1_0' will take precedence over the same IP in location z:/DAT096/vivado-library-b0946605e3617c901635278b62d0f6a8e3942844/ip/Pmods/PmodRTCC_v1_0
WARNING: [IP_Flow 19-1663] Duplicate IP found for 'digilentinc.com:IP:PmodSD:1.0'. The one found in IP location 'z:/DAT096/vivado-library-master/ip/Pmods/PmodSD_v1_0' will take precedence over the same IP in location z:/DAT096/vivado-library-b0946605e3617c901635278b62d0f6a8e3942844/ip/Pmods/PmodSD_v1_0
WARNING: [IP_Flow 19-1663] Duplicate IP found for 'digilentinc.com:IP:PmodSF3:1.0'. The one found in IP location 'z:/DAT096/vivado-library-master/ip/Pmods/PmodSF3_v1_0' will take precedence over the same IP in location z:/DAT096/vivado-library-b0946605e3617c901635278b62d0f6a8e3942844/ip/Pmods/PmodSF3_v1_0
WARNING: [IP_Flow 19-1663] Duplicate IP found for 'digilentinc.com:IP:PmodTC1:1.0'. The one found in IP location 'z:/DAT096/vivado-library-master/ip/Pmods/PmodTC1_v1_0' will take precedence over the same IP in location z:/DAT096/vivado-library-b0946605e3617c901635278b62d0f6a8e3942844/ip/Pmods/PmodTC1_v1_0
WARNING: [IP_Flow 19-1663] Duplicate IP found for 'digilentinc.com:IP:PmodTMP3:1.0'. The one found in IP location 'z:/DAT096/vivado-library-master/ip/Pmods/PmodTMP3_v1_0' will take precedence over the same IP in location z:/DAT096/vivado-library-b0946605e3617c901635278b62d0f6a8e3942844/ip/Pmods/PmodTMP3_v1_0
WARNING: [IP_Flow 19-1663] Duplicate IP found for 'digilentinc.com:IP:PmodWIFI:1.0'. The one found in IP location 'z:/DAT096/vivado-library-master/ip/Pmods/PmodWIFI_v1_0' will take precedence over the same IP in location z:/DAT096/vivado-library-b0946605e3617c901635278b62d0f6a8e3942844/ip/Pmods/PmodWIFI_v1_0
WARNING: [IP_Flow 19-1663] Duplicate IP found for 'digilentinc.com:ip:pmod_bridge:1.0'. The one found in IP location 'z:/DAT096/vivado-library-master/ip/Pmods/Pmod_Bridge_v1_0' will take precedence over the same IP in location z:/DAT096/vivado-library-b0946605e3617c901635278b62d0f6a8e3942844/ip/Pmods/Pmod_Bridge_v1_0
WARNING: [IP_Flow 19-1663] Duplicate IP found for 'digilentinc.com:ip:pmod_bridge:1.1'. The one found in IP location 'z:/DAT096/vivado-library-master/ip/Pmods/Pmod_Bridge_v1_1' will take precedence over the same IP in location z:/DAT096/vivado-library-b0946605e3617c901635278b62d0f6a8e3942844/ip/Pmods/Pmod_Bridge_v1_1
WARNING: [IP_Flow 19-1663] Duplicate IP found for 'digilentinc.com:IP:PWM:1.0'. The one found in IP location 'z:/DAT096/vivado-library-master/ip/PWM_1.0' will take precedence over the same IP in location z:/DAT096/vivado-library-b0946605e3617c901635278b62d0f6a8e3942844/ip/PWM_1.0
WARNING: [IP_Flow 19-1663] Duplicate IP found for 'digilentinc.com:IP:PWM:2.0'. The one found in IP location 'z:/DAT096/vivado-library-master/ip/PWM_2.0' will take precedence over the same IP in location z:/DAT096/vivado-library-b0946605e3617c901635278b62d0f6a8e3942844/ip/PWM_2.0
WARNING: [IP_Flow 19-1663] Duplicate IP found for 'digilentinc.com:IP:PWM_Analyzer:1.0'. The one found in IP location 'z:/DAT096/vivado-library-master/ip/PWM_Analyzer_1.0' will take precedence over the same IP in location z:/DAT096/vivado-library-b0946605e3617c901635278b62d0f6a8e3942844/ip/PWM_Analyzer_1.0
WARNING: [IP_Flow 19-1663] Duplicate IP found for 'digilentinc.com:ip:rgb2dvi:1.4'. The one found in IP location 'z:/DAT096/vivado-library-master/ip/rgb2dvi' will take precedence over the same IP in location z:/DAT096/vivado-library-b0946605e3617c901635278b62d0f6a8e3942844/ip/rgb2dvi
WARNING: [IP_Flow 19-4830] Duplicate Interface found for 'digilentinc.com:interface:pmod:1.0'. The one found in location 'z:/DAT096/vivado-library-b0946605e3617c901635278b62d0f6a8e3942844/if/pmod_v1_0/pmod.xml' will take precedence over the same Interface in location 'z:/DAT096/vivado-library-master/if/pmod_v1_0/pmod.xml'
WARNING: [IP_Flow 19-4830] Duplicate Interface found for 'digilentinc.com:interface:tmds:1.0'. The one found in location 'z:/DAT096/vivado-library-b0946605e3617c901635278b62d0f6a8e3942844/if/tmds_v1_0/tmds.xml' will take precedence over the same Interface in location 'z:/DAT096/vivado-library-master/if/tmds_v1_0/tmds.xml'
INFO: [IP_Flow 19-795] Syncing license key meta-data
ipx::edit_ip_in_project: Time (s): cpu = 00:00:03 ; elapsed = 00:00:15 . Memory (MB): peak = 2587.293 ; gain = 0.000
WARNING: [filemgmt 56-199] Attempt to get parsing info during refresh. "On-the-fly" syntax checking information may be incorrect. [Z:\DAT096\DAT096-krish\Embedded-System-Project-DAT096-krishna\Board_2\Board_2\Board_2.srcs\sources_1\new\vcsel_static.vhd:]
WARNING: [filemgmt 56-199] Attempt to get parsing info during refresh. "On-the-fly" syntax checking information may be incorrect. [Z:\DAT096\DAT096-krish\Embedded-System-Project-DAT096-krishna\Board_2\Board_2\Board_2.srcs\sources_1\new\vcsel_iir.vhd:]
WARNING: [filemgmt 56-199] Attempt to get parsing info during refresh. "On-the-fly" syntax checking information may be incorrect. [Z:\DAT096\DAT096-krish\Embedded-System-Project-DAT096-krishna\Board_2\Board_2\Board_2.srcs\sources_1\new\vcsel_conv.vhd:]
WARNING: [filemgmt 56-199] Attempt to get parsing info during refresh. "On-the-fly" syntax checking information may be incorrect. [Z:\DAT096\DAT096-krish\Embedded-System-Project-DAT096-krishna\Board_2\Board_2\Board_2.srcs\sources_1\new\vcsel_iir.vhd:]
WARNING: [filemgmt 56-199] Attempt to get parsing info during refresh. "On-the-fly" syntax checking information may be incorrect. [Z:\DAT096\DAT096-krish\Embedded-System-Project-DAT096-krishna\Board_2\Board_2\Board_2.srcs\sources_1\new\vcsel_iir.vhd:]
WARNING: [filemgmt 56-199] Attempt to get parsing info during refresh. "On-the-fly" syntax checking information may be incorrect. [Z:\DAT096\DAT096-krish\Embedded-System-Project-DAT096-krishna\Board_2\Board_2\Board_2.srcs\sources_1\new\vcsel_static.vhd:]
WARNING: [filemgmt 56-199] Attempt to get parsing info during refresh. "On-the-fly" syntax checking information may be incorrect. [Z:\DAT096\DAT096-krish\Embedded-System-Project-DAT096-krishna\Board_2\Board_2\Board_2.srcs\sources_1\new\vcsel_iir.vhd:]
WARNING: [filemgmt 56-199] Attempt to get parsing info during refresh. "On-the-fly" syntax checking information may be incorrect. [Z:\DAT096\DAT096-krish\Embedded-System-Project-DAT096-krishna\Board_2\Board_2\Board_2.srcs\sources_1\new\vcsel_conv.vhd:]
WARNING: [filemgmt 56-199] Attempt to get parsing info during refresh. "On-the-fly" syntax checking information may be incorrect. [Z:\DAT096\DAT096-krish\Embedded-System-Project-DAT096-krishna\Board_2\Board_2\Board_2.srcs\sources_1\new\vcsel_conv.vhd:]
WARNING: [filemgmt 56-199] Attempt to get parsing info during refresh. "On-the-fly" syntax checking information may be incorrect. [Z:\DAT096\DAT096-krish\Embedded-System-Project-DAT096-krishna\Board_2\Board_2\Board_2.srcs\sources_1\new\vcsel_conv.vhd:]
ERROR: [Common 17-180] Spawn failed: No error
update_compile_order -fileset sources_1
WARNING: [filemgmt 56-199] Attempt to get parsing info during refresh. "On-the-fly" syntax checking information may be incorrect. [Z:\DAT096\DAT096-krish\Embedded-System-Project-DAT096-krishna\Board_2\Board_2\Board_2.srcs\sources_1\new\vcsel_static.vhd:]
WARNING: [filemgmt 56-199] Attempt to get parsing info during refresh. "On-the-fly" syntax checking information may be incorrect. [Z:\DAT096\DAT096-krish\Embedded-System-Project-DAT096-krishna\Board_2\Board_2\Board_2.srcs\sources_1\new\vcsel_iir.vhd:]
WARNING: [filemgmt 56-199] Attempt to get parsing info during refresh. "On-the-fly" syntax checking information may be incorrect. [Z:\DAT096\DAT096-krish\Embedded-System-Project-DAT096-krishna\Board_2\Board_2\Board_2.srcs\sources_1\new\vcsel_conv.vhd:]
WARNING: [filemgmt 56-199] Attempt to get parsing info during refresh. "On-the-fly" syntax checking information may be incorrect. [Z:\DAT096\DAT096-krish\Embedded-System-Project-DAT096-krishna\Board_2\Board_2\Board_2.srcs\sources_1\new\vcsel_iir.vhd:]
WARNING: [filemgmt 56-199] Attempt to get parsing info during refresh. "On-the-fly" syntax checking information may be incorrect. [Z:\DAT096\DAT096-krish\Embedded-System-Project-DAT096-krishna\Board_2\Board_2\Board_2.srcs\sources_1\new\vcsel_iir.vhd:]
WARNING: [filemgmt 56-199] Attempt to get parsing info during refresh. "On-the-fly" syntax checking information may be incorrect. [Z:\DAT096\DAT096-krish\Embedded-System-Project-DAT096-krishna\Board_2\Board_2\Board_2.srcs\sources_1\new\vcsel_static.vhd:]
WARNING: [filemgmt 56-199] Attempt to get parsing info during refresh. "On-the-fly" syntax checking information may be incorrect. [Z:\DAT096\DAT096-krish\Embedded-System-Project-DAT096-krishna\Board_2\Board_2\Board_2.srcs\sources_1\new\vcsel_static.vhd:]
WARNING: [filemgmt 56-199] Attempt to get parsing info during refresh. "On-the-fly" syntax checking information may be incorrect. [Z:\DAT096\DAT096-krish\Embedded-System-Project-DAT096-krishna\Board_2\Board_2\Board_2.srcs\sources_1\new\vcsel_iir.vhd:]
WARNING: [filemgmt 56-199] Attempt to get parsing info during refresh. "On-the-fly" syntax checking information may be incorrect. [Z:\DAT096\DAT096-krish\Embedded-System-Project-DAT096-krishna\Board_2\Board_2\Board_2.srcs\sources_1\new\vcsel_conv.vhd:]
WARNING: [filemgmt 56-199] Attempt to get parsing info during refresh. "On-the-fly" syntax checking information may be incorrect. [Z:\DAT096\DAT096-krish\Embedded-System-Project-DAT096-krishna\Board_2\Board_2\Board_2.srcs\sources_1\new\vcsel_conv.vhd:]
WARNING: [filemgmt 56-199] Attempt to get parsing info during refresh. "On-the-fly" syntax checking information may be incorrect. [Z:\DAT096\DAT096-krish\Embedded-System-Project-DAT096-krishna\Board_2\Board_2\Board_2.srcs\sources_1\new\vcsel_conv.vhd:]
WARNING: [filemgmt 56-199] Attempt to get parsing info during refresh. "On-the-fly" syntax checking information may be incorrect. [Z:\DAT096\DAT096-krish\Embedded-System-Project-DAT096-krishna\Board_2\Board_2\Board_2.srcs\sources_1\new\vcsel_static.vhd:]
WARNING: [filemgmt 56-199] Attempt to get parsing info during refresh. "On-the-fly" syntax checking information may be incorrect. [Z:\DAT096\DAT096-krish\Embedded-System-Project-DAT096-krishna\Board_2\Board_2\Board_2.srcs\sources_1\new\vcsel_iir.vhd:]
WARNING: [filemgmt 56-199] Attempt to get parsing info during refresh. "On-the-fly" syntax checking information may be incorrect. [Z:\DAT096\DAT096-krish\Embedded-System-Project-DAT096-krishna\Board_2\Board_2\Board_2.srcs\sources_1\new\vcsel_conv.vhd:]
WARNING: [filemgmt 56-199] Attempt to get parsing info during refresh. "On-the-fly" syntax checking information may be incorrect. [Z:\DAT096\DAT096-krish\Embedded-System-Project-DAT096-krishna\Board_2\Board_2\Board_2.srcs\sources_1\new\vcsel_static.vhd:]
WARNING: [filemgmt 56-199] Attempt to get parsing info during refresh. "On-the-fly" syntax checking information may be incorrect. [Z:\DAT096\DAT096-krish\Embedded-System-Project-DAT096-krishna\Board_2\Board_2\Board_2.srcs\sources_1\new\vcsel_static.vhd:]
ERROR: [Common 17-180] Spawn failed: No error
ipx::merge_project_changes ports [ipx::current_core]
set_property core_revision 22 [ipx::current_core]
ipx::update_source_project_archive -component [ipx::current_core]
ipx::update_checksums [ipx::current_core]
ipx::check_integrity [ipx::current_core]
WARNING: [IP_Flow 19-11888] Component Definition 'chalmers.se:user:top_awgn:1.0 (top_awgn_v1_0)': IP description "top_awgn_v1_0" is not meaningful: same as name or display name
WARNING: [IP_Flow 19-5661] Bus Interface 'clk' does not have any bus interfaces associated with it.
WARNING: [IP_Flow 19-11770] Clock interface 'clk' has no FREQ_HZ parameter.
INFO: [IP_Flow 19-2181] Payment is not required for this core.
WARNING: [IP_Flow 19-2187] The Product Guide file is missing.
INFO: [Ipptcl 7-1486] check_integrity: Integrity check passed.
ipx::save_core [ipx::current_core]
ipx::move_temp_component_back -component [ipx::current_core]
close_project -delete
update_ip_catalog -rebuild -repo_path z:/DAT096/Project_team5/ip_repo_snr
INFO: [IP_Flow 19-725] Reloaded user IP repository 'z:/DAT096/Project_team5/ip_repo_snr'
WARNING: [IP_Flow 19-1663] Duplicate IP found for 'digilentinc.com:user:axi_i2s_adi:1.2'. The one found in IP location 'z:/DAT096/vivado-library-b0946605e3617c901635278b62d0f6a8e3942844/ip/axi_i2s_adi_1.2' will take precedence over the same IP in location z:/DAT096/vivado-library-master/ip/axi_i2s_adi_1.2
WARNING: [IP_Flow 19-1663] Duplicate IP found for 'digilentinc.com:IP:axi_ps2:1.0'. The one found in IP location 'z:/DAT096/vivado-library-b0946605e3617c901635278b62d0f6a8e3942844/ip/axi_ps2_1.0' will take precedence over the same IP in location z:/DAT096/vivado-library-master/ip/axi_ps2_1.0
WARNING: [IP_Flow 19-1663] Duplicate IP found for 'digilentinc.com:ip:clock_forwarder:1.1'. The one found in IP location 'z:/DAT096/vivado-library-b0946605e3617c901635278b62d0f6a8e3942844/ip/clock_forwarder' will take precedence over the same IP in location z:/DAT096/vivado-library-master/ip/clock_forwarder
WARNING: [IP_Flow 19-1663] Duplicate IP found for 'digilentinc.com:IP:hls_contrast_stretch:1.0'. The one found in IP location 'z:/DAT096/vivado-library-b0946605e3617c901635278b62d0f6a8e3942844/ip/hls_contrast_stretch_1_0' will take precedence over the same IP in location z:/DAT096/vivado-library-master/ip/hls_contrast_stretch_1_0
WARNING: [IP_Flow 19-1663] Duplicate IP found for 'digilentinc.com:IP:hls_gamma_correction:1.0'. The one found in IP location 'z:/DAT096/vivado-library-b0946605e3617c901635278b62d0f6a8e3942844/ip/hls_gamma_correction_1_0' will take precedence over the same IP in location z:/DAT096/vivado-library-master/ip/hls_gamma_correction_1_0
WARNING: [IP_Flow 19-1663] Duplicate IP found for 'digilentinc.com:IP:hls_saturation_enhance:1.0'. The one found in IP location 'z:/DAT096/vivado-library-b0946605e3617c901635278b62d0f6a8e3942844/ip/hls_saturation_enhance_1_0' will take precedence over the same IP in location z:/DAT096/vivado-library-master/ip/hls_saturation_enhance_1_0
WARNING: [IP_Flow 19-1663] Duplicate IP found for 'digilentinc.com:ip:rgb2dpvid:1.0'. The one found in IP location 'z:/DAT096/vivado-library-b0946605e3617c901635278b62d0f6a8e3942844/ip/rgb2dpvid_v1_0' will take precedence over the same IP in location z:/DAT096/vivado-library-master/ip/rgb2dpvid_v1_0
WARNING: [IP_Flow 19-1663] Duplicate IP found for 'digilentinc.com:ip:rgb2vga:1.0'. The one found in IP location 'z:/DAT096/vivado-library-b0946605e3617c901635278b62d0f6a8e3942844/ip/rgb2vga_v1_0' will take precedence over the same IP in location z:/DAT096/vivado-library-master/ip/rgb2vga_v1_0
WARNING: [IP_Flow 19-1663] Duplicate IP found for 'digilentinc.com:ip:Sync:1.0'. The one found in IP location 'z:/DAT096/vivado-library-b0946605e3617c901635278b62d0f6a8e3942844/ip/Sync_v1_0' will take precedence over the same IP in location z:/DAT096/vivado-library-master/ip/Sync_v1_0
WARNING: [IP_Flow 19-1663] Duplicate IP found for 'digilentinc.com:ip:usb2device:1.0'. The one found in IP location 'z:/DAT096/vivado-library-b0946605e3617c901635278b62d0f6a8e3942844/ip/usb2device_v1_0' will take precedence over the same IP in location z:/DAT096/vivado-library-master/ip/usb2device_v1_0
WARNING: [IP_Flow 19-1663] Duplicate IP found for 'digilentinc.com:video:video_scaler:1.0'. The one found in IP location 'z:/DAT096/vivado-library-b0946605e3617c901635278b62d0f6a8e3942844/ip/video_scaler' will take precedence over the same IP in location z:/DAT096/vivado-library-master/ip/video_scaler
WARNING: [IP_Flow 19-1663] Duplicate IP found for 'digilentinc.com:ip:dvi2rgb:2.0'. The one found in IP location 'z:/DAT096/vivado-library-master/ip/dvi2rgb' will take precedence over the same IP in location z:/DAT096/vivado-library-b0946605e3617c901635278b62d0f6a8e3942844/ip/dvi2rgb
WARNING: [IP_Flow 19-1663] Duplicate IP found for 'digilentinc.com:IP:MotorFeedback:1.0'. The one found in IP location 'z:/DAT096/vivado-library-master/ip/MotorFeedback_1.0' will take precedence over the same IP in location z:/DAT096/vivado-library-b0946605e3617c901635278b62d0f6a8e3942844/ip/MotorFeedback_1.0
WARNING: [IP_Flow 19-1663] Duplicate IP found for 'digilentinc.com:IP:PmodACL2:1.0'. The one found in IP location 'z:/DAT096/vivado-library-master/ip/Pmods/PmodACL2_v1_0' will take precedence over the same IP in location z:/DAT096/vivado-library-b0946605e3617c901635278b62d0f6a8e3942844/ip/Pmods/PmodACL2_v1_0
WARNING: [IP_Flow 19-1663] Duplicate IP found for 'digilentinc.com:IP:PmodACL:1.0'. The one found in IP location 'z:/DAT096/vivado-library-master/ip/Pmods/PmodACL_v1_0' will take precedence over the same IP in location z:/DAT096/vivado-library-b0946605e3617c901635278b62d0f6a8e3942844/ip/Pmods/PmodACL_v1_0
WARNING: [IP_Flow 19-1663] Duplicate IP found for 'digilentinc.com:IP:PmodAD1:1.0'. The one found in IP location 'z:/DAT096/vivado-library-master/ip/Pmods/PmodAD1_v1_0' will take precedence over the same IP in location z:/DAT096/vivado-library-b0946605e3617c901635278b62d0f6a8e3942844/ip/Pmods/PmodAD1_v1_0
WARNING: [IP_Flow 19-1663] Duplicate IP found for 'digilentinc.com:IP:PmodAD2:1.0'. The one found in IP location 'z:/DAT096/vivado-library-master/ip/Pmods/PmodAD2_v1_0' will take precedence over the same IP in location z:/DAT096/vivado-library-b0946605e3617c901635278b62d0f6a8e3942844/ip/Pmods/PmodAD2_v1_0
WARNING: [IP_Flow 19-1663] Duplicate IP found for 'digilentinc.com:IP:PmodAD5:1.0'. The one found in IP location 'z:/DAT096/vivado-library-master/ip/Pmods/PmodAD5_v1_0' will take precedence over the same IP in location z:/DAT096/vivado-library-b0946605e3617c901635278b62d0f6a8e3942844/ip/Pmods/PmodAD5_v1_0
WARNING: [IP_Flow 19-1663] Duplicate IP found for 'digilentinc.com:IP:PmodALS:1.0'. The one found in IP location 'z:/DAT096/vivado-library-master/ip/Pmods/PmodALS_v1_0' will take precedence over the same IP in location z:/DAT096/vivado-library-b0946605e3617c901635278b62d0f6a8e3942844/ip/Pmods/PmodALS_v1_0
WARNING: [IP_Flow 19-1663] Duplicate IP found for 'digilentinc.com:IP:PmodAMP2:1.0'. The one found in IP location 'z:/DAT096/vivado-library-master/ip/Pmods/PmodAMP2_v1_0' will take precedence over the same IP in location z:/DAT096/vivado-library-b0946605e3617c901635278b62d0f6a8e3942844/ip/Pmods/PmodAMP2_v1_0
WARNING: [IP_Flow 19-1663] Duplicate IP found for 'digilentinc.com:IP:PmodAQS:1.0'. The one found in IP location 'z:/DAT096/vivado-library-master/ip/Pmods/PmodAQS_v1_0' will take precedence over the same IP in location z:/DAT096/vivado-library-b0946605e3617c901635278b62d0f6a8e3942844/ip/Pmods/PmodAQS_v1_0
WARNING: [IP_Flow 19-1663] Duplicate IP found for 'digilentinc.com:IP:PmodBLE:1.0'. The one found in IP location 'z:/DAT096/vivado-library-master/ip/Pmods/PmodBLE_v1_0' will take precedence over the same IP in location z:/DAT096/vivado-library-b0946605e3617c901635278b62d0f6a8e3942844/ip/Pmods/PmodBLE_v1_0
WARNING: [IP_Flow 19-1663] Duplicate IP found for 'digilentinc.com:IP:PmodBT2:1.0'. The one found in IP location 'z:/DAT096/vivado-library-master/ip/Pmods/PmodBT2_v1_0' will take precedence over the same IP in location z:/DAT096/vivado-library-b0946605e3617c901635278b62d0f6a8e3942844/ip/Pmods/PmodBT2_v1_0
WARNING: [IP_Flow 19-1663] Duplicate IP found for 'digilentinc.com:IP:PmodCAN:1.0'. The one found in IP location 'z:/DAT096/vivado-library-master/ip/Pmods/PmodCAN_v1_0' will take precedence over the same IP in location z:/DAT096/vivado-library-b0946605e3617c901635278b62d0f6a8e3942844/ip/Pmods/PmodCAN_v1_0
WARNING: [IP_Flow 19-1663] Duplicate IP found for 'digilentinc.com:IP:PmodCLS:1.0'. The one found in IP location 'z:/DAT096/vivado-library-master/ip/Pmods/PmodCLS_v1_0' will take precedence over the same IP in location z:/DAT096/vivado-library-b0946605e3617c901635278b62d0f6a8e3942844/ip/Pmods/PmodCLS_v1_0
WARNING: [IP_Flow 19-1663] Duplicate IP found for 'digilentinc.com:IP:PmodCMPS2:1.0'. The one found in IP location 'z:/DAT096/vivado-library-master/ip/Pmods/PmodCMPS2_v1_0' will take precedence over the same IP in location z:/DAT096/vivado-library-b0946605e3617c901635278b62d0f6a8e3942844/ip/Pmods/PmodCMPS2_v1_0
WARNING: [IP_Flow 19-1663] Duplicate IP found for 'digilentinc.com:IP:PmodCOLOR:1.0'. The one found in IP location 'z:/DAT096/vivado-library-master/ip/Pmods/PmodCOLOR_v1_0' will take precedence over the same IP in location z:/DAT096/vivado-library-b0946605e3617c901635278b62d0f6a8e3942844/ip/Pmods/PmodCOLOR_v1_0
WARNING: [IP_Flow 19-1663] Duplicate IP found for 'digilentinc.com:IP:PmodDA1:1.0'. The one found in IP location 'z:/DAT096/vivado-library-master/ip/Pmods/PmodDA1_v1_0' will take precedence over the same IP in location z:/DAT096/vivado-library-b0946605e3617c901635278b62d0f6a8e3942844/ip/Pmods/PmodDA1_v1_0
WARNING: [IP_Flow 19-1663] Duplicate IP found for 'digilentinc.com:IP:PmodDHB1:1.0'. The one found in IP location 'z:/DAT096/vivado-library-master/ip/Pmods/PmodDHB1_v1_0' will take precedence over the same IP in location z:/DAT096/vivado-library-b0946605e3617c901635278b62d0f6a8e3942844/ip/Pmods/PmodDHB1_v1_0
WARNING: [IP_Flow 19-1663] Duplicate IP found for 'digilentinc.com:IP:PmodDPG1:1.0'. The one found in IP location 'z:/DAT096/vivado-library-master/ip/Pmods/PmodDPG1_v1_0' will take precedence over the same IP in location z:/DAT096/vivado-library-b0946605e3617c901635278b62d0f6a8e3942844/ip/Pmods/PmodDPG1_v1_0
WARNING: [IP_Flow 19-1663] Duplicate IP found for 'digilentinc.com:IP:PmodENC:1.0'. The one found in IP location 'z:/DAT096/vivado-library-master/ip/Pmods/PmodENC_v1_0' will take precedence over the same IP in location z:/DAT096/vivado-library-b0946605e3617c901635278b62d0f6a8e3942844/ip/Pmods/PmodENC_v1_0
WARNING: [IP_Flow 19-1663] Duplicate IP found for 'digilentinc.com:user:PmodESP32:1.0'. The one found in IP location 'z:/DAT096/vivado-library-master/ip/Pmods/PmodESP32_v1_0' will take precedence over the same IP in location z:/DAT096/vivado-library-b0946605e3617c901635278b62d0f6a8e3942844/ip/Pmods/PmodESP32_v1_0
WARNING: [IP_Flow 19-1663] Duplicate IP found for 'digilentinc.com:IP:PmodGPIO:1.0'. The one found in IP location 'z:/DAT096/vivado-library-master/ip/Pmods/PmodGPIO_v1_0' will take precedence over the same IP in location z:/DAT096/vivado-library-b0946605e3617c901635278b62d0f6a8e3942844/ip/Pmods/PmodGPIO_v1_0
WARNING: [IP_Flow 19-1663] Duplicate IP found for 'digilentinc.com:IP:PmodGPS:1.1'. The one found in IP location 'z:/DAT096/vivado-library-master/ip/Pmods/PmodGPS_v1_1' will take precedence over the same IP in location z:/DAT096/vivado-library-b0946605e3617c901635278b62d0f6a8e3942844/ip/Pmods/PmodGPS_v1_1
WARNING: [IP_Flow 19-1663] Duplicate IP found for 'digilentinc.com:IP:PmodGYRO:1.0'. The one found in IP location 'z:/DAT096/vivado-library-master/ip/Pmods/PmodGYRO_v1_0' will take precedence over the same IP in location z:/DAT096/vivado-library-b0946605e3617c901635278b62d0f6a8e3942844/ip/Pmods/PmodGYRO_v1_0
WARNING: [IP_Flow 19-1663] Duplicate IP found for 'digilentinc.com:IP:PmodHYGRO:1.0'. The one found in IP location 'z:/DAT096/vivado-library-master/ip/Pmods/PmodHYGRO_v1_0' will take precedence over the same IP in location z:/DAT096/vivado-library-b0946605e3617c901635278b62d0f6a8e3942844/ip/Pmods/PmodHYGRO_v1_0
WARNING: [IP_Flow 19-1663] Duplicate IP found for 'digilentinc.com:IP:PmodJSTK2:1.0'. The one found in IP location 'z:/DAT096/vivado-library-master/ip/Pmods/PmodJSTK2_v1_0' will take precedence over the same IP in location z:/DAT096/vivado-library-b0946605e3617c901635278b62d0f6a8e3942844/ip/Pmods/PmodJSTK2_v1_0
WARNING: [IP_Flow 19-1663] Duplicate IP found for 'digilentinc.com:IP:PmodJSTK:1.0'. The one found in IP location 'z:/DAT096/vivado-library-master/ip/Pmods/PmodJSTK_v1_0' will take precedence over the same IP in location z:/DAT096/vivado-library-b0946605e3617c901635278b62d0f6a8e3942844/ip/Pmods/PmodJSTK_v1_0
WARNING: [IP_Flow 19-1663] Duplicate IP found for 'digilentinc.com:IP:PmodKYPD:1.0'. The one found in IP location 'z:/DAT096/vivado-library-master/ip/Pmods/PmodKYPD_v1_0' will take precedence over the same IP in location z:/DAT096/vivado-library-b0946605e3617c901635278b62d0f6a8e3942844/ip/Pmods/PmodKYPD_v1_0
WARNING: [IP_Flow 19-1663] Duplicate IP found for 'digilentinc.com:IP:PmodMAXSONAR:1.0'. The one found in IP location 'z:/DAT096/vivado-library-master/ip/Pmods/PmodMAXSONAR_v1_0' will take precedence over the same IP in location z:/DAT096/vivado-library-b0946605e3617c901635278b62d0f6a8e3942844/ip/Pmods/PmodMAXSONAR_v1_0
WARNING: [IP_Flow 19-1663] Duplicate IP found for 'digilentinc.com:IP:PmodMTDS:1.0'. The one found in IP location 'z:/DAT096/vivado-library-master/ip/Pmods/PmodMTDS_v1_0' will take precedence over the same IP in location z:/DAT096/vivado-library-b0946605e3617c901635278b62d0f6a8e3942844/ip/Pmods/PmodMTDS_v1_0
WARNING: [IP_Flow 19-1663] Duplicate IP found for 'digilentinc.com:IP:PmodNAV:1.0'. The one found in IP location 'z:/DAT096/vivado-library-master/ip/Pmods/PmodNAV_v1_0' will take precedence over the same IP in location z:/DAT096/vivado-library-b0946605e3617c901635278b62d0f6a8e3942844/ip/Pmods/PmodNAV_v1_0
WARNING: [IP_Flow 19-1663] Duplicate IP found for 'digilentinc.com:IP:PmodOLEDrgb:1.0'. The one found in IP location 'z:/DAT096/vivado-library-master/ip/Pmods/pmodOLEDrgb_v1_0' will take precedence over the same IP in location z:/DAT096/vivado-library-b0946605e3617c901635278b62d0f6a8e3942844/ip/Pmods/pmodOLEDrgb_v1_0
WARNING: [IP_Flow 19-1663] Duplicate IP found for 'digilentinc.com:IP:PmodOLED:1.0'. The one found in IP location 'z:/DAT096/vivado-library-master/ip/Pmods/PmodOLED_v1_0' will take precedence over the same IP in location z:/DAT096/vivado-library-b0946605e3617c901635278b62d0f6a8e3942844/ip/Pmods/PmodOLED_v1_0
WARNING: [IP_Flow 19-1663] Duplicate IP found for 'digilentinc.com:IP:PmodPIR:1.0'. The one found in IP location 'z:/DAT096/vivado-library-master/ip/Pmods/PmodPIR_v1_0' will take precedence over the same IP in location z:/DAT096/vivado-library-b0946605e3617c901635278b62d0f6a8e3942844/ip/Pmods/PmodPIR_v1_0
WARNING: [IP_Flow 19-1663] Duplicate IP found for 'digilentinc.com:IP:PmodR2R:1.0'. The one found in IP location 'z:/DAT096/vivado-library-master/ip/Pmods/PmodR2R_v1_0' will take precedence over the same IP in location z:/DAT096/vivado-library-b0946605e3617c901635278b62d0f6a8e3942844/ip/Pmods/PmodR2R_v1_0
WARNING: [IP_Flow 19-1663] Duplicate IP found for 'digilentinc.com:IP:PmodRTCC:1.0'. The one found in IP location 'z:/DAT096/vivado-library-master/ip/Pmods/PmodRTCC_v1_0' will take precedence over the same IP in location z:/DAT096/vivado-library-b0946605e3617c901635278b62d0f6a8e3942844/ip/Pmods/PmodRTCC_v1_0
WARNING: [IP_Flow 19-1663] Duplicate IP found for 'digilentinc.com:IP:PmodSD:1.0'. The one found in IP location 'z:/DAT096/vivado-library-master/ip/Pmods/PmodSD_v1_0' will take precedence over the same IP in location z:/DAT096/vivado-library-b0946605e3617c901635278b62d0f6a8e3942844/ip/Pmods/PmodSD_v1_0
WARNING: [IP_Flow 19-1663] Duplicate IP found for 'digilentinc.com:IP:PmodSF3:1.0'. The one found in IP location 'z:/DAT096/vivado-library-master/ip/Pmods/PmodSF3_v1_0' will take precedence over the same IP in location z:/DAT096/vivado-library-b0946605e3617c901635278b62d0f6a8e3942844/ip/Pmods/PmodSF3_v1_0
WARNING: [IP_Flow 19-1663] Duplicate IP found for 'digilentinc.com:IP:PmodTC1:1.0'. The one found in IP location 'z:/DAT096/vivado-library-master/ip/Pmods/PmodTC1_v1_0' will take precedence over the same IP in location z:/DAT096/vivado-library-b0946605e3617c901635278b62d0f6a8e3942844/ip/Pmods/PmodTC1_v1_0
WARNING: [IP_Flow 19-1663] Duplicate IP found for 'digilentinc.com:IP:PmodTMP3:1.0'. The one found in IP location 'z:/DAT096/vivado-library-master/ip/Pmods/PmodTMP3_v1_0' will take precedence over the same IP in location z:/DAT096/vivado-library-b0946605e3617c901635278b62d0f6a8e3942844/ip/Pmods/PmodTMP3_v1_0
WARNING: [IP_Flow 19-1663] Duplicate IP found for 'digilentinc.com:IP:PmodWIFI:1.0'. The one found in IP location 'z:/DAT096/vivado-library-master/ip/Pmods/PmodWIFI_v1_0' will take precedence over the same IP in location z:/DAT096/vivado-library-b0946605e3617c901635278b62d0f6a8e3942844/ip/Pmods/PmodWIFI_v1_0
WARNING: [IP_Flow 19-1663] Duplicate IP found for 'digilentinc.com:ip:pmod_bridge:1.0'. The one found in IP location 'z:/DAT096/vivado-library-master/ip/Pmods/Pmod_Bridge_v1_0' will take precedence over the same IP in location z:/DAT096/vivado-library-b0946605e3617c901635278b62d0f6a8e3942844/ip/Pmods/Pmod_Bridge_v1_0
WARNING: [IP_Flow 19-1663] Duplicate IP found for 'digilentinc.com:ip:pmod_bridge:1.1'. The one found in IP location 'z:/DAT096/vivado-library-master/ip/Pmods/Pmod_Bridge_v1_1' will take precedence over the same IP in location z:/DAT096/vivado-library-b0946605e3617c901635278b62d0f6a8e3942844/ip/Pmods/Pmod_Bridge_v1_1
WARNING: [IP_Flow 19-1663] Duplicate IP found for 'digilentinc.com:IP:PWM:1.0'. The one found in IP location 'z:/DAT096/vivado-library-master/ip/PWM_1.0' will take precedence over the same IP in location z:/DAT096/vivado-library-b0946605e3617c901635278b62d0f6a8e3942844/ip/PWM_1.0
WARNING: [IP_Flow 19-1663] Duplicate IP found for 'digilentinc.com:IP:PWM:2.0'. The one found in IP location 'z:/DAT096/vivado-library-master/ip/PWM_2.0' will take precedence over the same IP in location z:/DAT096/vivado-library-b0946605e3617c901635278b62d0f6a8e3942844/ip/PWM_2.0
WARNING: [IP_Flow 19-1663] Duplicate IP found for 'digilentinc.com:IP:PWM_Analyzer:1.0'. The one found in IP location 'z:/DAT096/vivado-library-master/ip/PWM_Analyzer_1.0' will take precedence over the same IP in location z:/DAT096/vivado-library-b0946605e3617c901635278b62d0f6a8e3942844/ip/PWM_Analyzer_1.0
WARNING: [IP_Flow 19-1663] Duplicate IP found for 'digilentinc.com:ip:rgb2dvi:1.4'. The one found in IP location 'z:/DAT096/vivado-library-master/ip/rgb2dvi' will take precedence over the same IP in location z:/DAT096/vivado-library-b0946605e3617c901635278b62d0f6a8e3942844/ip/rgb2dvi
WARNING: [IP_Flow 19-4830] Duplicate Interface found for 'digilentinc.com:interface:pmod:1.0'. The one found in location 'z:/DAT096/vivado-library-b0946605e3617c901635278b62d0f6a8e3942844/if/pmod_v1_0/pmod.xml' will take precedence over the same Interface in location 'z:/DAT096/vivado-library-master/if/pmod_v1_0/pmod.xml'
WARNING: [IP_Flow 19-4830] Duplicate Interface found for 'digilentinc.com:interface:tmds:1.0'. The one found in location 'z:/DAT096/vivado-library-b0946605e3617c901635278b62d0f6a8e3942844/if/tmds_v1_0/tmds.xml' will take precedence over the same Interface in location 'z:/DAT096/vivado-library-master/if/tmds_v1_0/tmds.xml'
WARNING: [filemgmt 56-199] Attempt to get parsing info during refresh. "On-the-fly" syntax checking information may be incorrect. [Z:\DAT096\DAT096-krish\Embedded-System-Project-DAT096-krishna\Board_2\Board_2\Board_2.srcs\sources_1\new\vcsel_static.vhd:]
WARNING: [filemgmt 56-199] Attempt to get parsing info during refresh. "On-the-fly" syntax checking information may be incorrect. [Z:\DAT096\DAT096-krish\Embedded-System-Project-DAT096-krishna\Board_2\Board_2\Board_2.srcs\sources_1\new\vcsel_iir.vhd:]
WARNING: [filemgmt 56-199] Attempt to get parsing info during refresh. "On-the-fly" syntax checking information may be incorrect. [Z:\DAT096\DAT096-krish\Embedded-System-Project-DAT096-krishna\Board_2\Board_2\Board_2.srcs\sources_1\new\vcsel_conv.vhd:]
WARNING: [filemgmt 56-199] Attempt to get parsing info during refresh. "On-the-fly" syntax checking information may be incorrect. [Z:\DAT096\DAT096-krish\Embedded-System-Project-DAT096-krishna\Board_2\Board_2\Board_2.srcs\sources_1\new\vcsel_iir.vhd:]
WARNING: [filemgmt 56-199] Attempt to get parsing info during refresh. "On-the-fly" syntax checking information may be incorrect. [Z:\DAT096\DAT096-krish\Embedded-System-Project-DAT096-krishna\Board_2\Board_2\Board_2.srcs\sources_1\new\vcsel_iir.vhd:]
open_bd_design {Z:/DAT096/DAT096-krish/Embedded-System-Project-DAT096-krishna/Board_2/Board_2/Board_2.srcs/sources_1/bd/design_2/design_2.bd}
report_ip_status -name ip_status 
upgrade_ip [get_ips  design_2_top_awgn_0_0] -log ip_upgrade.log
Upgrading 'Z:/DAT096/DAT096-krish/Embedded-System-Project-DAT096-krishna/Board_2/Board_2/Board_2.srcs/sources_1/bd/design_2/design_2.bd'
WARNING: [Vivado 12-1017] Problems encountered:
1. Failed to delete one or more files in run directory Z:/DAT096/DAT096-krish/Embedded-System-Project-DAT096-krishna/Board_2/Board_2/Board_2.runs/design_2_top_awgn_0_0_synth_1

INFO: [IP_Flow 19-3422] Upgraded design_2_top_awgn_0_0 (top_awgn_v1_0 1.0) from revision 21 to revision 22
WARNING: [IP_Flow 19-4706] Upgraded port 'awgn_im_dbg' width 8 differs from original width 7
WARNING: [IP_Flow 19-4706] Upgraded port 'awgn_re_dbg' width 8 differs from original width 7
WARNING: [IP_Flow 19-3298] Detected external port differences while upgrading 'design_2_top_awgn_0_0'. These changes may impact your design.
CRITICAL WARNING: [Coretcl 2-1279] The upgrade of 'design_2_top_awgn_0_0' has identified issues that may require user intervention. Please review the upgrade log 'z:/DAT096/DAT096-krish/Embedded-System-Project-DAT096-krishna/Board_2/Board_2/ip_upgrade.log', and verify that the upgraded IP is correctly configured.
Wrote  : <Z:\DAT096\DAT096-krish\Embedded-System-Project-DAT096-krishna\Board_2\Board_2\Board_2.srcs\sources_1\bd\design_2\design_2.bd> 
WARNING: [filemgmt 56-199] Attempt to get parsing info during refresh. "On-the-fly" syntax checking information may be incorrect. [Z:\DAT096\DAT096-krish\Embedded-System-Project-DAT096-krishna\Board_2\Board_2\Board_2.srcs\sources_1\new\vcsel_static.vhd:]
WARNING: [filemgmt 56-199] Attempt to get parsing info during refresh. "On-the-fly" syntax checking information may be incorrect. [Z:\DAT096\DAT096-krish\Embedded-System-Project-DAT096-krishna\Board_2\Board_2\Board_2.srcs\sources_1\new\vcsel_iir.vhd:]
WARNING: [filemgmt 56-199] Attempt to get parsing info during refresh. "On-the-fly" syntax checking information may be incorrect. [Z:\DAT096\DAT096-krish\Embedded-System-Project-DAT096-krishna\Board_2\Board_2\Board_2.srcs\sources_1\new\vcsel_conv.vhd:]
WARNING: [filemgmt 56-199] Attempt to get parsing info during refresh. "On-the-fly" syntax checking information may be incorrect. [Z:\DAT096\DAT096-krish\Embedded-System-Project-DAT096-krishna\Board_2\Board_2\Board_2.srcs\sources_1\new\vcsel_iir.vhd:]
WARNING: [filemgmt 56-199] Attempt to get parsing info during refresh. "On-the-fly" syntax checking information may be incorrect. [Z:\DAT096\DAT096-krish\Embedded-System-Project-DAT096-krishna\Board_2\Board_2\Board_2.srcs\sources_1\new\vcsel_iir.vhd:]
INFO: [Coretcl 2-1525] Wrote upgrade log to 'Z:/DAT096/DAT096-krish/Embedded-System-Project-DAT096-krishna/Board_2/Board_2/ip_upgrade.log'.
export_ip_user_files -of_objects [get_ips design_2_top_awgn_0_0] -no_script -sync -force -quiet
update_module_reference [get_ips  design_2_vcsel_conv_0_0]
INFO: [IP_Flow 19-5107] Inferred bus interface 'clk' of definition 'xilinx.com:signal:clock:1.0' (from Xilinx Repository).
WARNING: [IP_Flow 19-5661] Bus Interface 'clk' does not have any bus interfaces associated with it.
WARNING: [IP_Flow 19-11770] Clock interface 'clk' has no FREQ_HZ parameter.
WARNING: [IP_Flow 19-1663] Duplicate IP found for 'digilentinc.com:user:axi_i2s_adi:1.2'. The one found in IP location 'z:/DAT096/vivado-library-b0946605e3617c901635278b62d0f6a8e3942844/ip/axi_i2s_adi_1.2' will take precedence over the same IP in location z:/DAT096/vivado-library-master/ip/axi_i2s_adi_1.2
WARNING: [IP_Flow 19-1663] Duplicate IP found for 'digilentinc.com:IP:axi_ps2:1.0'. The one found in IP location 'z:/DAT096/vivado-library-b0946605e3617c901635278b62d0f6a8e3942844/ip/axi_ps2_1.0' will take precedence over the same IP in location z:/DAT096/vivado-library-master/ip/axi_ps2_1.0
WARNING: [IP_Flow 19-1663] Duplicate IP found for 'digilentinc.com:ip:clock_forwarder:1.1'. The one found in IP location 'z:/DAT096/vivado-library-b0946605e3617c901635278b62d0f6a8e3942844/ip/clock_forwarder' will take precedence over the same IP in location z:/DAT096/vivado-library-master/ip/clock_forwarder
WARNING: [IP_Flow 19-1663] Duplicate IP found for 'digilentinc.com:IP:hls_contrast_stretch:1.0'. The one found in IP location 'z:/DAT096/vivado-library-b0946605e3617c901635278b62d0f6a8e3942844/ip/hls_contrast_stretch_1_0' will take precedence over the same IP in location z:/DAT096/vivado-library-master/ip/hls_contrast_stretch_1_0
WARNING: [IP_Flow 19-1663] Duplicate IP found for 'digilentinc.com:IP:hls_gamma_correction:1.0'. The one found in IP location 'z:/DAT096/vivado-library-b0946605e3617c901635278b62d0f6a8e3942844/ip/hls_gamma_correction_1_0' will take precedence over the same IP in location z:/DAT096/vivado-library-master/ip/hls_gamma_correction_1_0
WARNING: [IP_Flow 19-1663] Duplicate IP found for 'digilentinc.com:IP:hls_saturation_enhance:1.0'. The one found in IP location 'z:/DAT096/vivado-library-b0946605e3617c901635278b62d0f6a8e3942844/ip/hls_saturation_enhance_1_0' will take precedence over the same IP in location z:/DAT096/vivado-library-master/ip/hls_saturation_enhance_1_0
WARNING: [IP_Flow 19-1663] Duplicate IP found for 'digilentinc.com:ip:rgb2dpvid:1.0'. The one found in IP location 'z:/DAT096/vivado-library-b0946605e3617c901635278b62d0f6a8e3942844/ip/rgb2dpvid_v1_0' will take precedence over the same IP in location z:/DAT096/vivado-library-master/ip/rgb2dpvid_v1_0
WARNING: [IP_Flow 19-1663] Duplicate IP found for 'digilentinc.com:ip:rgb2vga:1.0'. The one found in IP location 'z:/DAT096/vivado-library-b0946605e3617c901635278b62d0f6a8e3942844/ip/rgb2vga_v1_0' will take precedence over the same IP in location z:/DAT096/vivado-library-master/ip/rgb2vga_v1_0
WARNING: [IP_Flow 19-1663] Duplicate IP found for 'digilentinc.com:ip:Sync:1.0'. The one found in IP location 'z:/DAT096/vivado-library-b0946605e3617c901635278b62d0f6a8e3942844/ip/Sync_v1_0' will take precedence over the same IP in location z:/DAT096/vivado-library-master/ip/Sync_v1_0
WARNING: [IP_Flow 19-1663] Duplicate IP found for 'digilentinc.com:ip:usb2device:1.0'. The one found in IP location 'z:/DAT096/vivado-library-b0946605e3617c901635278b62d0f6a8e3942844/ip/usb2device_v1_0' will take precedence over the same IP in location z:/DAT096/vivado-library-master/ip/usb2device_v1_0
WARNING: [IP_Flow 19-1663] Duplicate IP found for 'digilentinc.com:video:video_scaler:1.0'. The one found in IP location 'z:/DAT096/vivado-library-b0946605e3617c901635278b62d0f6a8e3942844/ip/video_scaler' will take precedence over the same IP in location z:/DAT096/vivado-library-master/ip/video_scaler
WARNING: [IP_Flow 19-1663] Duplicate IP found for 'digilentinc.com:ip:dvi2rgb:2.0'. The one found in IP location 'z:/DAT096/vivado-library-master/ip/dvi2rgb' will take precedence over the same IP in location z:/DAT096/vivado-library-b0946605e3617c901635278b62d0f6a8e3942844/ip/dvi2rgb
WARNING: [IP_Flow 19-1663] Duplicate IP found for 'digilentinc.com:IP:MotorFeedback:1.0'. The one found in IP location 'z:/DAT096/vivado-library-master/ip/MotorFeedback_1.0' will take precedence over the same IP in location z:/DAT096/vivado-library-b0946605e3617c901635278b62d0f6a8e3942844/ip/MotorFeedback_1.0
WARNING: [IP_Flow 19-1663] Duplicate IP found for 'digilentinc.com:IP:PmodACL2:1.0'. The one found in IP location 'z:/DAT096/vivado-library-master/ip/Pmods/PmodACL2_v1_0' will take precedence over the same IP in location z:/DAT096/vivado-library-b0946605e3617c901635278b62d0f6a8e3942844/ip/Pmods/PmodACL2_v1_0
WARNING: [IP_Flow 19-1663] Duplicate IP found for 'digilentinc.com:IP:PmodACL:1.0'. The one found in IP location 'z:/DAT096/vivado-library-master/ip/Pmods/PmodACL_v1_0' will take precedence over the same IP in location z:/DAT096/vivado-library-b0946605e3617c901635278b62d0f6a8e3942844/ip/Pmods/PmodACL_v1_0
WARNING: [IP_Flow 19-1663] Duplicate IP found for 'digilentinc.com:IP:PmodAD1:1.0'. The one found in IP location 'z:/DAT096/vivado-library-master/ip/Pmods/PmodAD1_v1_0' will take precedence over the same IP in location z:/DAT096/vivado-library-b0946605e3617c901635278b62d0f6a8e3942844/ip/Pmods/PmodAD1_v1_0
WARNING: [IP_Flow 19-1663] Duplicate IP found for 'digilentinc.com:IP:PmodAD2:1.0'. The one found in IP location 'z:/DAT096/vivado-library-master/ip/Pmods/PmodAD2_v1_0' will take precedence over the same IP in location z:/DAT096/vivado-library-b0946605e3617c901635278b62d0f6a8e3942844/ip/Pmods/PmodAD2_v1_0
WARNING: [IP_Flow 19-1663] Duplicate IP found for 'digilentinc.com:IP:PmodAD5:1.0'. The one found in IP location 'z:/DAT096/vivado-library-master/ip/Pmods/PmodAD5_v1_0' will take precedence over the same IP in location z:/DAT096/vivado-library-b0946605e3617c901635278b62d0f6a8e3942844/ip/Pmods/PmodAD5_v1_0
WARNING: [IP_Flow 19-1663] Duplicate IP found for 'digilentinc.com:IP:PmodALS:1.0'. The one found in IP location 'z:/DAT096/vivado-library-master/ip/Pmods/PmodALS_v1_0' will take precedence over the same IP in location z:/DAT096/vivado-library-b0946605e3617c901635278b62d0f6a8e3942844/ip/Pmods/PmodALS_v1_0
WARNING: [IP_Flow 19-1663] Duplicate IP found for 'digilentinc.com:IP:PmodAMP2:1.0'. The one found in IP location 'z:/DAT096/vivado-library-master/ip/Pmods/PmodAMP2_v1_0' will take precedence over the same IP in location z:/DAT096/vivado-library-b0946605e3617c901635278b62d0f6a8e3942844/ip/Pmods/PmodAMP2_v1_0
WARNING: [IP_Flow 19-1663] Duplicate IP found for 'digilentinc.com:IP:PmodAQS:1.0'. The one found in IP location 'z:/DAT096/vivado-library-master/ip/Pmods/PmodAQS_v1_0' will take precedence over the same IP in location z:/DAT096/vivado-library-b0946605e3617c901635278b62d0f6a8e3942844/ip/Pmods/PmodAQS_v1_0
WARNING: [IP_Flow 19-1663] Duplicate IP found for 'digilentinc.com:IP:PmodBLE:1.0'. The one found in IP location 'z:/DAT096/vivado-library-master/ip/Pmods/PmodBLE_v1_0' will take precedence over the same IP in location z:/DAT096/vivado-library-b0946605e3617c901635278b62d0f6a8e3942844/ip/Pmods/PmodBLE_v1_0
WARNING: [IP_Flow 19-1663] Duplicate IP found for 'digilentinc.com:IP:PmodBT2:1.0'. The one found in IP location 'z:/DAT096/vivado-library-master/ip/Pmods/PmodBT2_v1_0' will take precedence over the same IP in location z:/DAT096/vivado-library-b0946605e3617c901635278b62d0f6a8e3942844/ip/Pmods/PmodBT2_v1_0
WARNING: [IP_Flow 19-1663] Duplicate IP found for 'digilentinc.com:IP:PmodCAN:1.0'. The one found in IP location 'z:/DAT096/vivado-library-master/ip/Pmods/PmodCAN_v1_0' will take precedence over the same IP in location z:/DAT096/vivado-library-b0946605e3617c901635278b62d0f6a8e3942844/ip/Pmods/PmodCAN_v1_0
WARNING: [IP_Flow 19-1663] Duplicate IP found for 'digilentinc.com:IP:PmodCLS:1.0'. The one found in IP location 'z:/DAT096/vivado-library-master/ip/Pmods/PmodCLS_v1_0' will take precedence over the same IP in location z:/DAT096/vivado-library-b0946605e3617c901635278b62d0f6a8e3942844/ip/Pmods/PmodCLS_v1_0
WARNING: [IP_Flow 19-1663] Duplicate IP found for 'digilentinc.com:IP:PmodCMPS2:1.0'. The one found in IP location 'z:/DAT096/vivado-library-master/ip/Pmods/PmodCMPS2_v1_0' will take precedence over the same IP in location z:/DAT096/vivado-library-b0946605e3617c901635278b62d0f6a8e3942844/ip/Pmods/PmodCMPS2_v1_0
WARNING: [IP_Flow 19-1663] Duplicate IP found for 'digilentinc.com:IP:PmodCOLOR:1.0'. The one found in IP location 'z:/DAT096/vivado-library-master/ip/Pmods/PmodCOLOR_v1_0' will take precedence over the same IP in location z:/DAT096/vivado-library-b0946605e3617c901635278b62d0f6a8e3942844/ip/Pmods/PmodCOLOR_v1_0
WARNING: [IP_Flow 19-1663] Duplicate IP found for 'digilentinc.com:IP:PmodDA1:1.0'. The one found in IP location 'z:/DAT096/vivado-library-master/ip/Pmods/PmodDA1_v1_0' will take precedence over the same IP in location z:/DAT096/vivado-library-b0946605e3617c901635278b62d0f6a8e3942844/ip/Pmods/PmodDA1_v1_0
WARNING: [IP_Flow 19-1663] Duplicate IP found for 'digilentinc.com:IP:PmodDHB1:1.0'. The one found in IP location 'z:/DAT096/vivado-library-master/ip/Pmods/PmodDHB1_v1_0' will take precedence over the same IP in location z:/DAT096/vivado-library-b0946605e3617c901635278b62d0f6a8e3942844/ip/Pmods/PmodDHB1_v1_0
WARNING: [IP_Flow 19-1663] Duplicate IP found for 'digilentinc.com:IP:PmodDPG1:1.0'. The one found in IP location 'z:/DAT096/vivado-library-master/ip/Pmods/PmodDPG1_v1_0' will take precedence over the same IP in location z:/DAT096/vivado-library-b0946605e3617c901635278b62d0f6a8e3942844/ip/Pmods/PmodDPG1_v1_0
WARNING: [IP_Flow 19-1663] Duplicate IP found for 'digilentinc.com:IP:PmodENC:1.0'. The one found in IP location 'z:/DAT096/vivado-library-master/ip/Pmods/PmodENC_v1_0' will take precedence over the same IP in location z:/DAT096/vivado-library-b0946605e3617c901635278b62d0f6a8e3942844/ip/Pmods/PmodENC_v1_0
WARNING: [IP_Flow 19-1663] Duplicate IP found for 'digilentinc.com:user:PmodESP32:1.0'. The one found in IP location 'z:/DAT096/vivado-library-master/ip/Pmods/PmodESP32_v1_0' will take precedence over the same IP in location z:/DAT096/vivado-library-b0946605e3617c901635278b62d0f6a8e3942844/ip/Pmods/PmodESP32_v1_0
WARNING: [IP_Flow 19-1663] Duplicate IP found for 'digilentinc.com:IP:PmodGPIO:1.0'. The one found in IP location 'z:/DAT096/vivado-library-master/ip/Pmods/PmodGPIO_v1_0' will take precedence over the same IP in location z:/DAT096/vivado-library-b0946605e3617c901635278b62d0f6a8e3942844/ip/Pmods/PmodGPIO_v1_0
WARNING: [IP_Flow 19-1663] Duplicate IP found for 'digilentinc.com:IP:PmodGPS:1.1'. The one found in IP location 'z:/DAT096/vivado-library-master/ip/Pmods/PmodGPS_v1_1' will take precedence over the same IP in location z:/DAT096/vivado-library-b0946605e3617c901635278b62d0f6a8e3942844/ip/Pmods/PmodGPS_v1_1
WARNING: [IP_Flow 19-1663] Duplicate IP found for 'digilentinc.com:IP:PmodGYRO:1.0'. The one found in IP location 'z:/DAT096/vivado-library-master/ip/Pmods/PmodGYRO_v1_0' will take precedence over the same IP in location z:/DAT096/vivado-library-b0946605e3617c901635278b62d0f6a8e3942844/ip/Pmods/PmodGYRO_v1_0
WARNING: [IP_Flow 19-1663] Duplicate IP found for 'digilentinc.com:IP:PmodHYGRO:1.0'. The one found in IP location 'z:/DAT096/vivado-library-master/ip/Pmods/PmodHYGRO_v1_0' will take precedence over the same IP in location z:/DAT096/vivado-library-b0946605e3617c901635278b62d0f6a8e3942844/ip/Pmods/PmodHYGRO_v1_0
WARNING: [IP_Flow 19-1663] Duplicate IP found for 'digilentinc.com:IP:PmodJSTK2:1.0'. The one found in IP location 'z:/DAT096/vivado-library-master/ip/Pmods/PmodJSTK2_v1_0' will take precedence over the same IP in location z:/DAT096/vivado-library-b0946605e3617c901635278b62d0f6a8e3942844/ip/Pmods/PmodJSTK2_v1_0
WARNING: [IP_Flow 19-1663] Duplicate IP found for 'digilentinc.com:IP:PmodJSTK:1.0'. The one found in IP location 'z:/DAT096/vivado-library-master/ip/Pmods/PmodJSTK_v1_0' will take precedence over the same IP in location z:/DAT096/vivado-library-b0946605e3617c901635278b62d0f6a8e3942844/ip/Pmods/PmodJSTK_v1_0
WARNING: [IP_Flow 19-1663] Duplicate IP found for 'digilentinc.com:IP:PmodKYPD:1.0'. The one found in IP location 'z:/DAT096/vivado-library-master/ip/Pmods/PmodKYPD_v1_0' will take precedence over the same IP in location z:/DAT096/vivado-library-b0946605e3617c901635278b62d0f6a8e3942844/ip/Pmods/PmodKYPD_v1_0
WARNING: [IP_Flow 19-1663] Duplicate IP found for 'digilentinc.com:IP:PmodMAXSONAR:1.0'. The one found in IP location 'z:/DAT096/vivado-library-master/ip/Pmods/PmodMAXSONAR_v1_0' will take precedence over the same IP in location z:/DAT096/vivado-library-b0946605e3617c901635278b62d0f6a8e3942844/ip/Pmods/PmodMAXSONAR_v1_0
WARNING: [IP_Flow 19-1663] Duplicate IP found for 'digilentinc.com:IP:PmodMTDS:1.0'. The one found in IP location 'z:/DAT096/vivado-library-master/ip/Pmods/PmodMTDS_v1_0' will take precedence over the same IP in location z:/DAT096/vivado-library-b0946605e3617c901635278b62d0f6a8e3942844/ip/Pmods/PmodMTDS_v1_0
WARNING: [IP_Flow 19-1663] Duplicate IP found for 'digilentinc.com:IP:PmodNAV:1.0'. The one found in IP location 'z:/DAT096/vivado-library-master/ip/Pmods/PmodNAV_v1_0' will take precedence over the same IP in location z:/DAT096/vivado-library-b0946605e3617c901635278b62d0f6a8e3942844/ip/Pmods/PmodNAV_v1_0
WARNING: [IP_Flow 19-1663] Duplicate IP found for 'digilentinc.com:IP:PmodOLEDrgb:1.0'. The one found in IP location 'z:/DAT096/vivado-library-master/ip/Pmods/pmodOLEDrgb_v1_0' will take precedence over the same IP in location z:/DAT096/vivado-library-b0946605e3617c901635278b62d0f6a8e3942844/ip/Pmods/pmodOLEDrgb_v1_0
WARNING: [IP_Flow 19-1663] Duplicate IP found for 'digilentinc.com:IP:PmodOLED:1.0'. The one found in IP location 'z:/DAT096/vivado-library-master/ip/Pmods/PmodOLED_v1_0' will take precedence over the same IP in location z:/DAT096/vivado-library-b0946605e3617c901635278b62d0f6a8e3942844/ip/Pmods/PmodOLED_v1_0
WARNING: [IP_Flow 19-1663] Duplicate IP found for 'digilentinc.com:IP:PmodPIR:1.0'. The one found in IP location 'z:/DAT096/vivado-library-master/ip/Pmods/PmodPIR_v1_0' will take precedence over the same IP in location z:/DAT096/vivado-library-b0946605e3617c901635278b62d0f6a8e3942844/ip/Pmods/PmodPIR_v1_0
WARNING: [IP_Flow 19-1663] Duplicate IP found for 'digilentinc.com:IP:PmodR2R:1.0'. The one found in IP location 'z:/DAT096/vivado-library-master/ip/Pmods/PmodR2R_v1_0' will take precedence over the same IP in location z:/DAT096/vivado-library-b0946605e3617c901635278b62d0f6a8e3942844/ip/Pmods/PmodR2R_v1_0
WARNING: [IP_Flow 19-1663] Duplicate IP found for 'digilentinc.com:IP:PmodRTCC:1.0'. The one found in IP location 'z:/DAT096/vivado-library-master/ip/Pmods/PmodRTCC_v1_0' will take precedence over the same IP in location z:/DAT096/vivado-library-b0946605e3617c901635278b62d0f6a8e3942844/ip/Pmods/PmodRTCC_v1_0
WARNING: [IP_Flow 19-1663] Duplicate IP found for 'digilentinc.com:IP:PmodSD:1.0'. The one found in IP location 'z:/DAT096/vivado-library-master/ip/Pmods/PmodSD_v1_0' will take precedence over the same IP in location z:/DAT096/vivado-library-b0946605e3617c901635278b62d0f6a8e3942844/ip/Pmods/PmodSD_v1_0
WARNING: [IP_Flow 19-1663] Duplicate IP found for 'digilentinc.com:IP:PmodSF3:1.0'. The one found in IP location 'z:/DAT096/vivado-library-master/ip/Pmods/PmodSF3_v1_0' will take precedence over the same IP in location z:/DAT096/vivado-library-b0946605e3617c901635278b62d0f6a8e3942844/ip/Pmods/PmodSF3_v1_0
WARNING: [IP_Flow 19-1663] Duplicate IP found for 'digilentinc.com:IP:PmodTC1:1.0'. The one found in IP location 'z:/DAT096/vivado-library-master/ip/Pmods/PmodTC1_v1_0' will take precedence over the same IP in location z:/DAT096/vivado-library-b0946605e3617c901635278b62d0f6a8e3942844/ip/Pmods/PmodTC1_v1_0
WARNING: [IP_Flow 19-1663] Duplicate IP found for 'digilentinc.com:IP:PmodTMP3:1.0'. The one found in IP location 'z:/DAT096/vivado-library-master/ip/Pmods/PmodTMP3_v1_0' will take precedence over the same IP in location z:/DAT096/vivado-library-b0946605e3617c901635278b62d0f6a8e3942844/ip/Pmods/PmodTMP3_v1_0
WARNING: [IP_Flow 19-1663] Duplicate IP found for 'digilentinc.com:IP:PmodWIFI:1.0'. The one found in IP location 'z:/DAT096/vivado-library-master/ip/Pmods/PmodWIFI_v1_0' will take precedence over the same IP in location z:/DAT096/vivado-library-b0946605e3617c901635278b62d0f6a8e3942844/ip/Pmods/PmodWIFI_v1_0
WARNING: [IP_Flow 19-1663] Duplicate IP found for 'digilentinc.com:ip:pmod_bridge:1.0'. The one found in IP location 'z:/DAT096/vivado-library-master/ip/Pmods/Pmod_Bridge_v1_0' will take precedence over the same IP in location z:/DAT096/vivado-library-b0946605e3617c901635278b62d0f6a8e3942844/ip/Pmods/Pmod_Bridge_v1_0
WARNING: [IP_Flow 19-1663] Duplicate IP found for 'digilentinc.com:ip:pmod_bridge:1.1'. The one found in IP location 'z:/DAT096/vivado-library-master/ip/Pmods/Pmod_Bridge_v1_1' will take precedence over the same IP in location z:/DAT096/vivado-library-b0946605e3617c901635278b62d0f6a8e3942844/ip/Pmods/Pmod_Bridge_v1_1
WARNING: [IP_Flow 19-1663] Duplicate IP found for 'digilentinc.com:IP:PWM:1.0'. The one found in IP location 'z:/DAT096/vivado-library-master/ip/PWM_1.0' will take precedence over the same IP in location z:/DAT096/vivado-library-b0946605e3617c901635278b62d0f6a8e3942844/ip/PWM_1.0
WARNING: [IP_Flow 19-1663] Duplicate IP found for 'digilentinc.com:IP:PWM:2.0'. The one found in IP location 'z:/DAT096/vivado-library-master/ip/PWM_2.0' will take precedence over the same IP in location z:/DAT096/vivado-library-b0946605e3617c901635278b62d0f6a8e3942844/ip/PWM_2.0
WARNING: [IP_Flow 19-1663] Duplicate IP found for 'digilentinc.com:IP:PWM_Analyzer:1.0'. The one found in IP location 'z:/DAT096/vivado-library-master/ip/PWM_Analyzer_1.0' will take precedence over the same IP in location z:/DAT096/vivado-library-b0946605e3617c901635278b62d0f6a8e3942844/ip/PWM_Analyzer_1.0
WARNING: [IP_Flow 19-1663] Duplicate IP found for 'digilentinc.com:ip:rgb2dvi:1.4'. The one found in IP location 'z:/DAT096/vivado-library-master/ip/rgb2dvi' will take precedence over the same IP in location z:/DAT096/vivado-library-b0946605e3617c901635278b62d0f6a8e3942844/ip/rgb2dvi
WARNING: [IP_Flow 19-4830] Duplicate Interface found for 'digilentinc.com:interface:pmod:1.0'. The one found in location 'z:/DAT096/vivado-library-b0946605e3617c901635278b62d0f6a8e3942844/if/pmod_v1_0/pmod.xml' will take precedence over the same Interface in location 'z:/DAT096/vivado-library-master/if/pmod_v1_0/pmod.xml'
WARNING: [IP_Flow 19-4830] Duplicate Interface found for 'digilentinc.com:interface:tmds:1.0'. The one found in location 'z:/DAT096/vivado-library-b0946605e3617c901635278b62d0f6a8e3942844/if/tmds_v1_0/tmds.xml' will take precedence over the same Interface in location 'z:/DAT096/vivado-library-master/if/tmds_v1_0/tmds.xml'
INFO: [IP_Flow 19-5107] Inferred bus interface 'clk' of definition 'xilinx.com:signal:clock:1.0' (from Xilinx Repository).
WARNING: [IP_Flow 19-5661] Bus Interface 'clk' does not have any bus interfaces associated with it.
WARNING: [IP_Flow 19-11770] Clock interface 'clk' has no FREQ_HZ parameter.
WARNING: [IP_Flow 19-1663] Duplicate IP found for 'digilentinc.com:user:axi_i2s_adi:1.2'. The one found in IP location 'z:/DAT096/vivado-library-b0946605e3617c901635278b62d0f6a8e3942844/ip/axi_i2s_adi_1.2' will take precedence over the same IP in location z:/DAT096/vivado-library-master/ip/axi_i2s_adi_1.2
WARNING: [IP_Flow 19-1663] Duplicate IP found for 'digilentinc.com:IP:axi_ps2:1.0'. The one found in IP location 'z:/DAT096/vivado-library-b0946605e3617c901635278b62d0f6a8e3942844/ip/axi_ps2_1.0' will take precedence over the same IP in location z:/DAT096/vivado-library-master/ip/axi_ps2_1.0
WARNING: [IP_Flow 19-1663] Duplicate IP found for 'digilentinc.com:ip:clock_forwarder:1.1'. The one found in IP location 'z:/DAT096/vivado-library-b0946605e3617c901635278b62d0f6a8e3942844/ip/clock_forwarder' will take precedence over the same IP in location z:/DAT096/vivado-library-master/ip/clock_forwarder
WARNING: [IP_Flow 19-1663] Duplicate IP found for 'digilentinc.com:IP:hls_contrast_stretch:1.0'. The one found in IP location 'z:/DAT096/vivado-library-b0946605e3617c901635278b62d0f6a8e3942844/ip/hls_contrast_stretch_1_0' will take precedence over the same IP in location z:/DAT096/vivado-library-master/ip/hls_contrast_stretch_1_0
WARNING: [IP_Flow 19-1663] Duplicate IP found for 'digilentinc.com:IP:hls_gamma_correction:1.0'. The one found in IP location 'z:/DAT096/vivado-library-b0946605e3617c901635278b62d0f6a8e3942844/ip/hls_gamma_correction_1_0' will take precedence over the same IP in location z:/DAT096/vivado-library-master/ip/hls_gamma_correction_1_0
WARNING: [IP_Flow 19-1663] Duplicate IP found for 'digilentinc.com:IP:hls_saturation_enhance:1.0'. The one found in IP location 'z:/DAT096/vivado-library-b0946605e3617c901635278b62d0f6a8e3942844/ip/hls_saturation_enhance_1_0' will take precedence over the same IP in location z:/DAT096/vivado-library-master/ip/hls_saturation_enhance_1_0
WARNING: [IP_Flow 19-1663] Duplicate IP found for 'digilentinc.com:ip:rgb2dpvid:1.0'. The one found in IP location 'z:/DAT096/vivado-library-b0946605e3617c901635278b62d0f6a8e3942844/ip/rgb2dpvid_v1_0' will take precedence over the same IP in location z:/DAT096/vivado-library-master/ip/rgb2dpvid_v1_0
WARNING: [IP_Flow 19-1663] Duplicate IP found for 'digilentinc.com:ip:rgb2vga:1.0'. The one found in IP location 'z:/DAT096/vivado-library-b0946605e3617c901635278b62d0f6a8e3942844/ip/rgb2vga_v1_0' will take precedence over the same IP in location z:/DAT096/vivado-library-master/ip/rgb2vga_v1_0
WARNING: [IP_Flow 19-1663] Duplicate IP found for 'digilentinc.com:ip:Sync:1.0'. The one found in IP location 'z:/DAT096/vivado-library-b0946605e3617c901635278b62d0f6a8e3942844/ip/Sync_v1_0' will take precedence over the same IP in location z:/DAT096/vivado-library-master/ip/Sync_v1_0
WARNING: [IP_Flow 19-1663] Duplicate IP found for 'digilentinc.com:ip:usb2device:1.0'. The one found in IP location 'z:/DAT096/vivado-library-b0946605e3617c901635278b62d0f6a8e3942844/ip/usb2device_v1_0' will take precedence over the same IP in location z:/DAT096/vivado-library-master/ip/usb2device_v1_0
WARNING: [IP_Flow 19-1663] Duplicate IP found for 'digilentinc.com:video:video_scaler:1.0'. The one found in IP location 'z:/DAT096/vivado-library-b0946605e3617c901635278b62d0f6a8e3942844/ip/video_scaler' will take precedence over the same IP in location z:/DAT096/vivado-library-master/ip/video_scaler
WARNING: [IP_Flow 19-1663] Duplicate IP found for 'digilentinc.com:ip:dvi2rgb:2.0'. The one found in IP location 'z:/DAT096/vivado-library-master/ip/dvi2rgb' will take precedence over the same IP in location z:/DAT096/vivado-library-b0946605e3617c901635278b62d0f6a8e3942844/ip/dvi2rgb
WARNING: [IP_Flow 19-1663] Duplicate IP found for 'digilentinc.com:IP:MotorFeedback:1.0'. The one found in IP location 'z:/DAT096/vivado-library-master/ip/MotorFeedback_1.0' will take precedence over the same IP in location z:/DAT096/vivado-library-b0946605e3617c901635278b62d0f6a8e3942844/ip/MotorFeedback_1.0
WARNING: [IP_Flow 19-1663] Duplicate IP found for 'digilentinc.com:IP:PmodACL2:1.0'. The one found in IP location 'z:/DAT096/vivado-library-master/ip/Pmods/PmodACL2_v1_0' will take precedence over the same IP in location z:/DAT096/vivado-library-b0946605e3617c901635278b62d0f6a8e3942844/ip/Pmods/PmodACL2_v1_0
WARNING: [IP_Flow 19-1663] Duplicate IP found for 'digilentinc.com:IP:PmodACL:1.0'. The one found in IP location 'z:/DAT096/vivado-library-master/ip/Pmods/PmodACL_v1_0' will take precedence over the same IP in location z:/DAT096/vivado-library-b0946605e3617c901635278b62d0f6a8e3942844/ip/Pmods/PmodACL_v1_0
WARNING: [IP_Flow 19-1663] Duplicate IP found for 'digilentinc.com:IP:PmodAD1:1.0'. The one found in IP location 'z:/DAT096/vivado-library-master/ip/Pmods/PmodAD1_v1_0' will take precedence over the same IP in location z:/DAT096/vivado-library-b0946605e3617c901635278b62d0f6a8e3942844/ip/Pmods/PmodAD1_v1_0
WARNING: [IP_Flow 19-1663] Duplicate IP found for 'digilentinc.com:IP:PmodAD2:1.0'. The one found in IP location 'z:/DAT096/vivado-library-master/ip/Pmods/PmodAD2_v1_0' will take precedence over the same IP in location z:/DAT096/vivado-library-b0946605e3617c901635278b62d0f6a8e3942844/ip/Pmods/PmodAD2_v1_0
WARNING: [IP_Flow 19-1663] Duplicate IP found for 'digilentinc.com:IP:PmodAD5:1.0'. The one found in IP location 'z:/DAT096/vivado-library-master/ip/Pmods/PmodAD5_v1_0' will take precedence over the same IP in location z:/DAT096/vivado-library-b0946605e3617c901635278b62d0f6a8e3942844/ip/Pmods/PmodAD5_v1_0
WARNING: [IP_Flow 19-1663] Duplicate IP found for 'digilentinc.com:IP:PmodALS:1.0'. The one found in IP location 'z:/DAT096/vivado-library-master/ip/Pmods/PmodALS_v1_0' will take precedence over the same IP in location z:/DAT096/vivado-library-b0946605e3617c901635278b62d0f6a8e3942844/ip/Pmods/PmodALS_v1_0
WARNING: [IP_Flow 19-1663] Duplicate IP found for 'digilentinc.com:IP:PmodAMP2:1.0'. The one found in IP location 'z:/DAT096/vivado-library-master/ip/Pmods/PmodAMP2_v1_0' will take precedence over the same IP in location z:/DAT096/vivado-library-b0946605e3617c901635278b62d0f6a8e3942844/ip/Pmods/PmodAMP2_v1_0
WARNING: [IP_Flow 19-1663] Duplicate IP found for 'digilentinc.com:IP:PmodAQS:1.0'. The one found in IP location 'z:/DAT096/vivado-library-master/ip/Pmods/PmodAQS_v1_0' will take precedence over the same IP in location z:/DAT096/vivado-library-b0946605e3617c901635278b62d0f6a8e3942844/ip/Pmods/PmodAQS_v1_0
WARNING: [IP_Flow 19-1663] Duplicate IP found for 'digilentinc.com:IP:PmodBLE:1.0'. The one found in IP location 'z:/DAT096/vivado-library-master/ip/Pmods/PmodBLE_v1_0' will take precedence over the same IP in location z:/DAT096/vivado-library-b0946605e3617c901635278b62d0f6a8e3942844/ip/Pmods/PmodBLE_v1_0
WARNING: [IP_Flow 19-1663] Duplicate IP found for 'digilentinc.com:IP:PmodBT2:1.0'. The one found in IP location 'z:/DAT096/vivado-library-master/ip/Pmods/PmodBT2_v1_0' will take precedence over the same IP in location z:/DAT096/vivado-library-b0946605e3617c901635278b62d0f6a8e3942844/ip/Pmods/PmodBT2_v1_0
WARNING: [IP_Flow 19-1663] Duplicate IP found for 'digilentinc.com:IP:PmodCAN:1.0'. The one found in IP location 'z:/DAT096/vivado-library-master/ip/Pmods/PmodCAN_v1_0' will take precedence over the same IP in location z:/DAT096/vivado-library-b0946605e3617c901635278b62d0f6a8e3942844/ip/Pmods/PmodCAN_v1_0
WARNING: [IP_Flow 19-1663] Duplicate IP found for 'digilentinc.com:IP:PmodCLS:1.0'. The one found in IP location 'z:/DAT096/vivado-library-master/ip/Pmods/PmodCLS_v1_0' will take precedence over the same IP in location z:/DAT096/vivado-library-b0946605e3617c901635278b62d0f6a8e3942844/ip/Pmods/PmodCLS_v1_0
WARNING: [IP_Flow 19-1663] Duplicate IP found for 'digilentinc.com:IP:PmodCMPS2:1.0'. The one found in IP location 'z:/DAT096/vivado-library-master/ip/Pmods/PmodCMPS2_v1_0' will take precedence over the same IP in location z:/DAT096/vivado-library-b0946605e3617c901635278b62d0f6a8e3942844/ip/Pmods/PmodCMPS2_v1_0
WARNING: [IP_Flow 19-1663] Duplicate IP found for 'digilentinc.com:IP:PmodCOLOR:1.0'. The one found in IP location 'z:/DAT096/vivado-library-master/ip/Pmods/PmodCOLOR_v1_0' will take precedence over the same IP in location z:/DAT096/vivado-library-b0946605e3617c901635278b62d0f6a8e3942844/ip/Pmods/PmodCOLOR_v1_0
WARNING: [IP_Flow 19-1663] Duplicate IP found for 'digilentinc.com:IP:PmodDA1:1.0'. The one found in IP location 'z:/DAT096/vivado-library-master/ip/Pmods/PmodDA1_v1_0' will take precedence over the same IP in location z:/DAT096/vivado-library-b0946605e3617c901635278b62d0f6a8e3942844/ip/Pmods/PmodDA1_v1_0
WARNING: [IP_Flow 19-1663] Duplicate IP found for 'digilentinc.com:IP:PmodDHB1:1.0'. The one found in IP location 'z:/DAT096/vivado-library-master/ip/Pmods/PmodDHB1_v1_0' will take precedence over the same IP in location z:/DAT096/vivado-library-b0946605e3617c901635278b62d0f6a8e3942844/ip/Pmods/PmodDHB1_v1_0
WARNING: [IP_Flow 19-1663] Duplicate IP found for 'digilentinc.com:IP:PmodDPG1:1.0'. The one found in IP location 'z:/DAT096/vivado-library-master/ip/Pmods/PmodDPG1_v1_0' will take precedence over the same IP in location z:/DAT096/vivado-library-b0946605e3617c901635278b62d0f6a8e3942844/ip/Pmods/PmodDPG1_v1_0
WARNING: [IP_Flow 19-1663] Duplicate IP found for 'digilentinc.com:IP:PmodENC:1.0'. The one found in IP location 'z:/DAT096/vivado-library-master/ip/Pmods/PmodENC_v1_0' will take precedence over the same IP in location z:/DAT096/vivado-library-b0946605e3617c901635278b62d0f6a8e3942844/ip/Pmods/PmodENC_v1_0
WARNING: [IP_Flow 19-1663] Duplicate IP found for 'digilentinc.com:user:PmodESP32:1.0'. The one found in IP location 'z:/DAT096/vivado-library-master/ip/Pmods/PmodESP32_v1_0' will take precedence over the same IP in location z:/DAT096/vivado-library-b0946605e3617c901635278b62d0f6a8e3942844/ip/Pmods/PmodESP32_v1_0
WARNING: [IP_Flow 19-1663] Duplicate IP found for 'digilentinc.com:IP:PmodGPIO:1.0'. The one found in IP location 'z:/DAT096/vivado-library-master/ip/Pmods/PmodGPIO_v1_0' will take precedence over the same IP in location z:/DAT096/vivado-library-b0946605e3617c901635278b62d0f6a8e3942844/ip/Pmods/PmodGPIO_v1_0
WARNING: [IP_Flow 19-1663] Duplicate IP found for 'digilentinc.com:IP:PmodGPS:1.1'. The one found in IP location 'z:/DAT096/vivado-library-master/ip/Pmods/PmodGPS_v1_1' will take precedence over the same IP in location z:/DAT096/vivado-library-b0946605e3617c901635278b62d0f6a8e3942844/ip/Pmods/PmodGPS_v1_1
WARNING: [IP_Flow 19-1663] Duplicate IP found for 'digilentinc.com:IP:PmodGYRO:1.0'. The one found in IP location 'z:/DAT096/vivado-library-master/ip/Pmods/PmodGYRO_v1_0' will take precedence over the same IP in location z:/DAT096/vivado-library-b0946605e3617c901635278b62d0f6a8e3942844/ip/Pmods/PmodGYRO_v1_0
WARNING: [IP_Flow 19-1663] Duplicate IP found for 'digilentinc.com:IP:PmodHYGRO:1.0'. The one found in IP location 'z:/DAT096/vivado-library-master/ip/Pmods/PmodHYGRO_v1_0' will take precedence over the same IP in location z:/DAT096/vivado-library-b0946605e3617c901635278b62d0f6a8e3942844/ip/Pmods/PmodHYGRO_v1_0
WARNING: [IP_Flow 19-1663] Duplicate IP found for 'digilentinc.com:IP:PmodJSTK2:1.0'. The one found in IP location 'z:/DAT096/vivado-library-master/ip/Pmods/PmodJSTK2_v1_0' will take precedence over the same IP in location z:/DAT096/vivado-library-b0946605e3617c901635278b62d0f6a8e3942844/ip/Pmods/PmodJSTK2_v1_0
WARNING: [IP_Flow 19-1663] Duplicate IP found for 'digilentinc.com:IP:PmodJSTK:1.0'. The one found in IP location 'z:/DAT096/vivado-library-master/ip/Pmods/PmodJSTK_v1_0' will take precedence over the same IP in location z:/DAT096/vivado-library-b0946605e3617c901635278b62d0f6a8e3942844/ip/Pmods/PmodJSTK_v1_0
WARNING: [IP_Flow 19-1663] Duplicate IP found for 'digilentinc.com:IP:PmodKYPD:1.0'. The one found in IP location 'z:/DAT096/vivado-library-master/ip/Pmods/PmodKYPD_v1_0' will take precedence over the same IP in location z:/DAT096/vivado-library-b0946605e3617c901635278b62d0f6a8e3942844/ip/Pmods/PmodKYPD_v1_0
WARNING: [IP_Flow 19-1663] Duplicate IP found for 'digilentinc.com:IP:PmodMAXSONAR:1.0'. The one found in IP location 'z:/DAT096/vivado-library-master/ip/Pmods/PmodMAXSONAR_v1_0' will take precedence over the same IP in location z:/DAT096/vivado-library-b0946605e3617c901635278b62d0f6a8e3942844/ip/Pmods/PmodMAXSONAR_v1_0
WARNING: [IP_Flow 19-1663] Duplicate IP found for 'digilentinc.com:IP:PmodMTDS:1.0'. The one found in IP location 'z:/DAT096/vivado-library-master/ip/Pmods/PmodMTDS_v1_0' will take precedence over the same IP in location z:/DAT096/vivado-library-b0946605e3617c901635278b62d0f6a8e3942844/ip/Pmods/PmodMTDS_v1_0
WARNING: [IP_Flow 19-1663] Duplicate IP found for 'digilentinc.com:IP:PmodNAV:1.0'. The one found in IP location 'z:/DAT096/vivado-library-master/ip/Pmods/PmodNAV_v1_0' will take precedence over the same IP in location z:/DAT096/vivado-library-b0946605e3617c901635278b62d0f6a8e3942844/ip/Pmods/PmodNAV_v1_0
WARNING: [IP_Flow 19-1663] Duplicate IP found for 'digilentinc.com:IP:PmodOLEDrgb:1.0'. The one found in IP location 'z:/DAT096/vivado-library-master/ip/Pmods/pmodOLEDrgb_v1_0' will take precedence over the same IP in location z:/DAT096/vivado-library-b0946605e3617c901635278b62d0f6a8e3942844/ip/Pmods/pmodOLEDrgb_v1_0
WARNING: [IP_Flow 19-1663] Duplicate IP found for 'digilentinc.com:IP:PmodOLED:1.0'. The one found in IP location 'z:/DAT096/vivado-library-master/ip/Pmods/PmodOLED_v1_0' will take precedence over the same IP in location z:/DAT096/vivado-library-b0946605e3617c901635278b62d0f6a8e3942844/ip/Pmods/PmodOLED_v1_0
WARNING: [IP_Flow 19-1663] Duplicate IP found for 'digilentinc.com:IP:PmodPIR:1.0'. The one found in IP location 'z:/DAT096/vivado-library-master/ip/Pmods/PmodPIR_v1_0' will take precedence over the same IP in location z:/DAT096/vivado-library-b0946605e3617c901635278b62d0f6a8e3942844/ip/Pmods/PmodPIR_v1_0
WARNING: [IP_Flow 19-1663] Duplicate IP found for 'digilentinc.com:IP:PmodR2R:1.0'. The one found in IP location 'z:/DAT096/vivado-library-master/ip/Pmods/PmodR2R_v1_0' will take precedence over the same IP in location z:/DAT096/vivado-library-b0946605e3617c901635278b62d0f6a8e3942844/ip/Pmods/PmodR2R_v1_0
WARNING: [IP_Flow 19-1663] Duplicate IP found for 'digilentinc.com:IP:PmodRTCC:1.0'. The one found in IP location 'z:/DAT096/vivado-library-master/ip/Pmods/PmodRTCC_v1_0' will take precedence over the same IP in location z:/DAT096/vivado-library-b0946605e3617c901635278b62d0f6a8e3942844/ip/Pmods/PmodRTCC_v1_0
WARNING: [IP_Flow 19-1663] Duplicate IP found for 'digilentinc.com:IP:PmodSD:1.0'. The one found in IP location 'z:/DAT096/vivado-library-master/ip/Pmods/PmodSD_v1_0' will take precedence over the same IP in location z:/DAT096/vivado-library-b0946605e3617c901635278b62d0f6a8e3942844/ip/Pmods/PmodSD_v1_0
WARNING: [IP_Flow 19-1663] Duplicate IP found for 'digilentinc.com:IP:PmodSF3:1.0'. The one found in IP location 'z:/DAT096/vivado-library-master/ip/Pmods/PmodSF3_v1_0' will take precedence over the same IP in location z:/DAT096/vivado-library-b0946605e3617c901635278b62d0f6a8e3942844/ip/Pmods/PmodSF3_v1_0
WARNING: [IP_Flow 19-1663] Duplicate IP found for 'digilentinc.com:IP:PmodTC1:1.0'. The one found in IP location 'z:/DAT096/vivado-library-master/ip/Pmods/PmodTC1_v1_0' will take precedence over the same IP in location z:/DAT096/vivado-library-b0946605e3617c901635278b62d0f6a8e3942844/ip/Pmods/PmodTC1_v1_0
WARNING: [IP_Flow 19-1663] Duplicate IP found for 'digilentinc.com:IP:PmodTMP3:1.0'. The one found in IP location 'z:/DAT096/vivado-library-master/ip/Pmods/PmodTMP3_v1_0' will take precedence over the same IP in location z:/DAT096/vivado-library-b0946605e3617c901635278b62d0f6a8e3942844/ip/Pmods/PmodTMP3_v1_0
WARNING: [IP_Flow 19-1663] Duplicate IP found for 'digilentinc.com:IP:PmodWIFI:1.0'. The one found in IP location 'z:/DAT096/vivado-library-master/ip/Pmods/PmodWIFI_v1_0' will take precedence over the same IP in location z:/DAT096/vivado-library-b0946605e3617c901635278b62d0f6a8e3942844/ip/Pmods/PmodWIFI_v1_0
WARNING: [IP_Flow 19-1663] Duplicate IP found for 'digilentinc.com:ip:pmod_bridge:1.0'. The one found in IP location 'z:/DAT096/vivado-library-master/ip/Pmods/Pmod_Bridge_v1_0' will take precedence over the same IP in location z:/DAT096/vivado-library-b0946605e3617c901635278b62d0f6a8e3942844/ip/Pmods/Pmod_Bridge_v1_0
WARNING: [IP_Flow 19-1663] Duplicate IP found for 'digilentinc.com:ip:pmod_bridge:1.1'. The one found in IP location 'z:/DAT096/vivado-library-master/ip/Pmods/Pmod_Bridge_v1_1' will take precedence over the same IP in location z:/DAT096/vivado-library-b0946605e3617c901635278b62d0f6a8e3942844/ip/Pmods/Pmod_Bridge_v1_1
WARNING: [IP_Flow 19-1663] Duplicate IP found for 'digilentinc.com:IP:PWM:1.0'. The one found in IP location 'z:/DAT096/vivado-library-master/ip/PWM_1.0' will take precedence over the same IP in location z:/DAT096/vivado-library-b0946605e3617c901635278b62d0f6a8e3942844/ip/PWM_1.0
WARNING: [IP_Flow 19-1663] Duplicate IP found for 'digilentinc.com:IP:PWM:2.0'. The one found in IP location 'z:/DAT096/vivado-library-master/ip/PWM_2.0' will take precedence over the same IP in location z:/DAT096/vivado-library-b0946605e3617c901635278b62d0f6a8e3942844/ip/PWM_2.0
WARNING: [IP_Flow 19-1663] Duplicate IP found for 'digilentinc.com:IP:PWM_Analyzer:1.0'. The one found in IP location 'z:/DAT096/vivado-library-master/ip/PWM_Analyzer_1.0' will take precedence over the same IP in location z:/DAT096/vivado-library-b0946605e3617c901635278b62d0f6a8e3942844/ip/PWM_Analyzer_1.0
WARNING: [IP_Flow 19-1663] Duplicate IP found for 'digilentinc.com:ip:rgb2dvi:1.4'. The one found in IP location 'z:/DAT096/vivado-library-master/ip/rgb2dvi' will take precedence over the same IP in location z:/DAT096/vivado-library-b0946605e3617c901635278b62d0f6a8e3942844/ip/rgb2dvi
WARNING: [IP_Flow 19-4830] Duplicate Interface found for 'digilentinc.com:interface:pmod:1.0'. The one found in location 'z:/DAT096/vivado-library-b0946605e3617c901635278b62d0f6a8e3942844/if/pmod_v1_0/pmod.xml' will take precedence over the same Interface in location 'z:/DAT096/vivado-library-master/if/pmod_v1_0/pmod.xml'
WARNING: [IP_Flow 19-4830] Duplicate Interface found for 'digilentinc.com:interface:tmds:1.0'. The one found in location 'z:/DAT096/vivado-library-b0946605e3617c901635278b62d0f6a8e3942844/if/tmds_v1_0/tmds.xml' will take precedence over the same Interface in location 'z:/DAT096/vivado-library-master/if/tmds_v1_0/tmds.xml'
ERROR: [Common 17-180] Spawn failed: No error
WARNING: [filemgmt 56-199] Attempt to get parsing info during refresh. "On-the-fly" syntax checking information may be incorrect. [Z:\DAT096\DAT096-krish\Embedded-System-Project-DAT096-krishna\Board_2\Board_2\Board_2.srcs\sources_1\new\vcsel_static.vhd:]
WARNING: [filemgmt 56-199] Attempt to get parsing info during refresh. "On-the-fly" syntax checking information may be incorrect. [Z:\DAT096\DAT096-krish\Embedded-System-Project-DAT096-krishna\Board_2\Board_2\Board_2.srcs\sources_1\new\vcsel_iir.vhd:]
WARNING: [filemgmt 56-199] Attempt to get parsing info during refresh. "On-the-fly" syntax checking information may be incorrect. [Z:\DAT096\DAT096-krish\Embedded-System-Project-DAT096-krishna\Board_2\Board_2\Board_2.srcs\sources_1\new\vcsel_conv.vhd:]
WARNING: [filemgmt 56-199] Attempt to get parsing info during refresh. "On-the-fly" syntax checking information may be incorrect. [Z:\DAT096\DAT096-krish\Embedded-System-Project-DAT096-krishna\Board_2\Board_2\Board_2.srcs\sources_1\new\vcsel_conv.vhd:]
WARNING: [filemgmt 56-199] Attempt to get parsing info during refresh. "On-the-fly" syntax checking information may be incorrect. [Z:\DAT096\DAT096-krish\Embedded-System-Project-DAT096-krishna\Board_2\Board_2\Board_2.srcs\sources_1\new\vcsel_conv.vhd:]
Upgrading 'Z:/DAT096/DAT096-krish/Embedded-System-Project-DAT096-krishna/Board_2/Board_2/Board_2.srcs/sources_1/bd/design_2/design_2.bd'
WARNING: [Vivado 12-1017] Problems encountered:
1. Failed to delete one or more files in run directory Z:/DAT096/DAT096-krish/Embedded-System-Project-DAT096-krishna/Board_2/Board_2/Board_2.runs/design_2_vcsel_conv_0_0_synth_1

ERROR: [Common 17-180] Spawn failed: No error
ERROR: [Common 17-39] 'delete_fileset' failed due to earlier errors.
WARNING: [filemgmt 56-199] Attempt to get parsing info during refresh. "On-the-fly" syntax checking information may be incorrect. [Z:\DAT096\DAT096-krish\Embedded-System-Project-DAT096-krishna\Board_2\Board_2\Board_2.srcs\sources_1\new\vcsel_static.vhd:]
WARNING: [filemgmt 56-199] Attempt to get parsing info during refresh. "On-the-fly" syntax checking information may be incorrect. [Z:\DAT096\DAT096-krish\Embedded-System-Project-DAT096-krishna\Board_2\Board_2\Board_2.srcs\sources_1\new\vcsel_iir.vhd:]
WARNING: [filemgmt 56-199] Attempt to get parsing info during refresh. "On-the-fly" syntax checking information may be incorrect. [Z:\DAT096\DAT096-krish\Embedded-System-Project-DAT096-krishna\Board_2\Board_2\Board_2.srcs\sources_1\new\vcsel_conv.vhd:]
WARNING: [filemgmt 56-199] Attempt to get parsing info during refresh. "On-the-fly" syntax checking information may be incorrect. [Z:\DAT096\DAT096-krish\Embedded-System-Project-DAT096-krishna\Board_2\Board_2\Board_2.srcs\sources_1\new\vcsel_iir.vhd:]
WARNING: [filemgmt 56-199] Attempt to get parsing info during refresh. "On-the-fly" syntax checking information may be incorrect. [Z:\DAT096\DAT096-krish\Embedded-System-Project-DAT096-krishna\Board_2\Board_2\Board_2.srcs\sources_1\new\vcsel_iir.vhd:]
INFO: [IP_Flow 19-3420] Updated design_2_vcsel_conv_0_0 to use current project options
WARNING: [IP_Flow 19-4706] Upgraded port 'noise_data' width 8 differs from original width 7
WARNING: [IP_Flow 19-3298] Detected external port differences while upgrading 'design_2_vcsel_conv_0_0'. These changes may impact your design.
CRITICAL WARNING: [Coretcl 2-1280] The upgrade of 'design_2_vcsel_conv_0_0' has identified issues that may require user intervention. Please verify that the instance is correctly configured, and review any upgrade messages.
Wrote  : <Z:\DAT096\DAT096-krish\Embedded-System-Project-DAT096-krishna\Board_2\Board_2\Board_2.srcs\sources_1\bd\design_2\design_2.bd> 
ERROR: [Common 17-39] 'upgrade_ip' failed due to earlier errors.
ERROR: [Common 17-39] 'upgrade_ip' failed due to earlier errors.
WARNING: [filemgmt 56-199] Attempt to get parsing info during refresh. "On-the-fly" syntax checking information may be incorrect. [Z:\DAT096\DAT096-krish\Embedded-System-Project-DAT096-krishna\Board_2\Board_2\Board_2.srcs\sources_1\new\vcsel_static.vhd:]
WARNING: [filemgmt 56-199] Attempt to get parsing info during refresh. "On-the-fly" syntax checking information may be incorrect. [Z:\DAT096\DAT096-krish\Embedded-System-Project-DAT096-krishna\Board_2\Board_2\Board_2.srcs\sources_1\new\vcsel_iir.vhd:]
WARNING: [filemgmt 56-199] Attempt to get parsing info during refresh. "On-the-fly" syntax checking information may be incorrect. [Z:\DAT096\DAT096-krish\Embedded-System-Project-DAT096-krishna\Board_2\Board_2\Board_2.srcs\sources_1\new\vcsel_conv.vhd:]
WARNING: [filemgmt 56-199] Attempt to get parsing info during refresh. "On-the-fly" syntax checking information may be incorrect. [Z:\DAT096\DAT096-krish\Embedded-System-Project-DAT096-krishna\Board_2\Board_2\Board_2.srcs\sources_1\new\vcsel_conv.vhd:]
WARNING: [filemgmt 56-199] Attempt to get parsing info during refresh. "On-the-fly" syntax checking information may be incorrect. [Z:\DAT096\DAT096-krish\Embedded-System-Project-DAT096-krishna\Board_2\Board_2\Board_2.srcs\sources_1\new\vcsel_conv.vhd:]
ERROR: [Common 17-180] Spawn failed: No error
report_ip_status -name ip_status 
reset_run synth_1
INFO: [Project 1-1161] Replacing file Z:/DAT096/DAT096-krish/Embedded-System-Project-DAT096-krishna/Board_2/Board_2/Board_2.srcs/utils_1/imports/synth_1/design_2_wrapper.dcp with file Z:/DAT096/DAT096-krish/Embedded-System-Project-DAT096-krishna/Board_2/Board_2/Board_2.runs/synth_1/design_2_wrapper.dcp
WARNING: [Vivado 12-1017] Problems encountered:
1. Failed to delete one or more files in run directory Z:/DAT096/DAT096-krish/Embedded-System-Project-DAT096-krishna/Board_2/Board_2/Board_2.runs/synth_1

launch_runs impl_1 -to_step write_bitstream -jobs 28
WARNING: [BD 41-2670] Found an incomplete address path from address space '/processing_system7_0/Data' to master interface '/processing_system7_0/M_AXI_GP0'. Please either complete or remove this path to resolve.
WARNING: [BD 5-699] No address segments matched 'get_bd_addr_segs -of_objects /processing_system7_0/Data'
ERROR: [Common 17-161] Invalid option value '' specified for 'object'.
ERROR: [BD 41-1273] Error running propagate TCL procedure: ERROR: [Common 17-161] Invalid option value '' specified for 'object'.
    ::xilinx.com_ip_ila_6.2::propagate Line 95
INFO: [xilinx.com:ip:clk_wiz:6.0-1] /clk_wiz_0 clk_wiz propagate
WARNING: [filemgmt 56-199] Attempt to get parsing info during refresh. "On-the-fly" syntax checking information may be incorrect. [Z:\DAT096\DAT096-krish\Embedded-System-Project-DAT096-krishna\Board_2\Board_2\Board_2.srcs\sources_1\new\vcsel_static.vhd:]
WARNING: [filemgmt 56-199] Attempt to get parsing info during refresh. "On-the-fly" syntax checking information may be incorrect. [Z:\DAT096\DAT096-krish\Embedded-System-Project-DAT096-krishna\Board_2\Board_2\Board_2.srcs\sources_1\new\vcsel_iir.vhd:]
WARNING: [filemgmt 56-199] Attempt to get parsing info during refresh. "On-the-fly" syntax checking information may be incorrect. [Z:\DAT096\DAT096-krish\Embedded-System-Project-DAT096-krishna\Board_2\Board_2\Board_2.srcs\sources_1\new\vcsel_conv.vhd:]
WARNING: [filemgmt 56-199] Attempt to get parsing info during refresh. "On-the-fly" syntax checking information may be incorrect. [Z:\DAT096\DAT096-krish\Embedded-System-Project-DAT096-krishna\Board_2\Board_2\Board_2.srcs\sources_1\new\vcsel_iir.vhd:]
WARNING: [filemgmt 56-199] Attempt to get parsing info during refresh. "On-the-fly" syntax checking information may be incorrect. [Z:\DAT096\DAT096-krish\Embedded-System-Project-DAT096-krishna\Board_2\Board_2\Board_2.srcs\sources_1\new\vcsel_iir.vhd:]
Wrote  : <Z:\DAT096\DAT096-krish\Embedded-System-Project-DAT096-krishna\Board_2\Board_2\Board_2.srcs\sources_1\bd\design_2\design_2.bd> 
VHDL Output written to : z:/DAT096/DAT096-krish/Embedded-System-Project-DAT096-krishna/Board_2/Board_2/Board_2.gen/sources_1/bd/design_2/synth/design_2.vhd
VHDL Output written to : z:/DAT096/DAT096-krish/Embedded-System-Project-DAT096-krishna/Board_2/Board_2/Board_2.gen/sources_1/bd/design_2/sim/design_2.vhd
VHDL Output written to : z:/DAT096/DAT096-krish/Embedded-System-Project-DAT096-krishna/Board_2/Board_2/Board_2.gen/sources_1/bd/design_2/hdl/design_2_wrapper.vhd
INFO: [BD 41-1029] Generation completed for the IP Integrator block top_awgn_0 .
INFO: [BD 41-1029] Generation completed for the IP Integrator block vcsel_conv_0 .
Exporting to file z:/DAT096/DAT096-krish/Embedded-System-Project-DAT096-krishna/Board_2/Board_2/Board_2.gen/sources_1/bd/design_2/hw_handoff/design_2.hwh
Generated Hardware Definition File z:/DAT096/DAT096-krish/Embedded-System-Project-DAT096-krishna/Board_2/Board_2/Board_2.gen/sources_1/bd/design_2/synth/design_2.hwdef
INFO: [IP_Flow 19-6924] IPCACHE: Running cache check for IP inst: design_2_top_awgn_0_0
ERROR: [Vivado 12-4756] Launch of runs aborted due to earlier errors while preparing sub-designs for run execution.
WARNING: [filemgmt 56-199] Attempt to get parsing info during refresh. "On-the-fly" syntax checking information may be incorrect. [Z:\DAT096\DAT096-krish\Embedded-System-Project-DAT096-krishna\Board_2\Board_2\Board_2.srcs\sources_1\new\vcsel_static.vhd:]
WARNING: [filemgmt 56-199] Attempt to get parsing info during refresh. "On-the-fly" syntax checking information may be incorrect. [Z:\DAT096\DAT096-krish\Embedded-System-Project-DAT096-krishna\Board_2\Board_2\Board_2.srcs\sources_1\new\vcsel_iir.vhd:]
WARNING: [filemgmt 56-199] Attempt to get parsing info during refresh. "On-the-fly" syntax checking information may be incorrect. [Z:\DAT096\DAT096-krish\Embedded-System-Project-DAT096-krishna\Board_2\Board_2\Board_2.srcs\sources_1\new\vcsel_conv.vhd:]
WARNING: [filemgmt 56-199] Attempt to get parsing info during refresh. "On-the-fly" syntax checking information may be incorrect. [Z:\DAT096\DAT096-krish\Embedded-System-Project-DAT096-krishna\Board_2\Board_2\Board_2.srcs\sources_1\new\vcsel_iir.vhd:]
WARNING: [filemgmt 56-199] Attempt to get parsing info during refresh. "On-the-fly" syntax checking information may be incorrect. [Z:\DAT096\DAT096-krish\Embedded-System-Project-DAT096-krishna\Board_2\Board_2\Board_2.srcs\sources_1\new\vcsel_iir.vhd:]
WARNING: [filemgmt 56-199] Attempt to get parsing info during refresh. "On-the-fly" syntax checking information may be incorrect. [Z:\DAT096\DAT096-krish\Embedded-System-Project-DAT096-krishna\Board_2\Board_2\Board_2.srcs\sources_1\new\vcsel_static.vhd:]
WARNING: [filemgmt 56-199] Attempt to get parsing info during refresh. "On-the-fly" syntax checking information may be incorrect. [Z:\DAT096\DAT096-krish\Embedded-System-Project-DAT096-krishna\Board_2\Board_2\Board_2.srcs\sources_1\new\vcsel_iir.vhd:]
WARNING: [filemgmt 56-199] Attempt to get parsing info during refresh. "On-the-fly" syntax checking information may be incorrect. [Z:\DAT096\DAT096-krish\Embedded-System-Project-DAT096-krishna\Board_2\Board_2\Board_2.srcs\sources_1\new\vcsel_conv.vhd:]
WARNING: [filemgmt 56-199] Attempt to get parsing info during refresh. "On-the-fly" syntax checking information may be incorrect. [Z:\DAT096\DAT096-krish\Embedded-System-Project-DAT096-krishna\Board_2\Board_2\Board_2.srcs\sources_1\new\vcsel_conv.vhd:]
WARNING: [filemgmt 56-199] Attempt to get parsing info during refresh. "On-the-fly" syntax checking information may be incorrect. [Z:\DAT096\DAT096-krish\Embedded-System-Project-DAT096-krishna\Board_2\Board_2\Board_2.srcs\sources_1\new\vcsel_conv.vhd:]
WARNING: [filemgmt 56-199] Attempt to get parsing info during refresh. "On-the-fly" syntax checking information may be incorrect. [Z:\DAT096\DAT096-krish\Embedded-System-Project-DAT096-krishna\Board_2\Board_2\Board_2.srcs\sources_1\new\vcsel_static.vhd:]
WARNING: [filemgmt 56-199] Attempt to get parsing info during refresh. "On-the-fly" syntax checking information may be incorrect. [Z:\DAT096\DAT096-krish\Embedded-System-Project-DAT096-krishna\Board_2\Board_2\Board_2.srcs\sources_1\new\vcsel_iir.vhd:]
WARNING: [filemgmt 56-199] Attempt to get parsing info during refresh. "On-the-fly" syntax checking information may be incorrect. [Z:\DAT096\DAT096-krish\Embedded-System-Project-DAT096-krishna\Board_2\Board_2\Board_2.srcs\sources_1\new\vcsel_conv.vhd:]
WARNING: [filemgmt 56-199] Attempt to get parsing info during refresh. "On-the-fly" syntax checking information may be incorrect. [Z:\DAT096\DAT096-krish\Embedded-System-Project-DAT096-krishna\Board_2\Board_2\Board_2.srcs\sources_1\new\vcsel_iir.vhd:]
WARNING: [filemgmt 56-199] Attempt to get parsing info during refresh. "On-the-fly" syntax checking information may be incorrect. [Z:\DAT096\DAT096-krish\Embedded-System-Project-DAT096-krishna\Board_2\Board_2\Board_2.srcs\sources_1\new\vcsel_iir.vhd:]
WARNING: [filemgmt 56-199] Attempt to get parsing info during refresh. "On-the-fly" syntax checking information may be incorrect. [Z:\DAT096\DAT096-krish\Embedded-System-Project-DAT096-krishna\Board_2\Board_2\Board_2.srcs\sources_1\new\vcsel_static.vhd:]
WARNING: [filemgmt 56-199] Attempt to get parsing info during refresh. "On-the-fly" syntax checking information may be incorrect. [Z:\DAT096\DAT096-krish\Embedded-System-Project-DAT096-krishna\Board_2\Board_2\Board_2.srcs\sources_1\new\vcsel_iir.vhd:]
WARNING: [filemgmt 56-199] Attempt to get parsing info during refresh. "On-the-fly" syntax checking information may be incorrect. [Z:\DAT096\DAT096-krish\Embedded-System-Project-DAT096-krishna\Board_2\Board_2\Board_2.srcs\sources_1\new\vcsel_conv.vhd:]
WARNING: [filemgmt 56-199] Attempt to get parsing info during refresh. "On-the-fly" syntax checking information may be incorrect. [Z:\DAT096\DAT096-krish\Embedded-System-Project-DAT096-krishna\Board_2\Board_2\Board_2.srcs\sources_1\new\vcsel_static.vhd:]
WARNING: [filemgmt 56-199] Attempt to get parsing info during refresh. "On-the-fly" syntax checking information may be incorrect. [Z:\DAT096\DAT096-krish\Embedded-System-Project-DAT096-krishna\Board_2\Board_2\Board_2.srcs\sources_1\new\vcsel_static.vhd:]
ERROR: [Common 17-180] Spawn failed: No error
WARNING: [filemgmt 56-199] Attempt to get parsing info during refresh. "On-the-fly" syntax checking information may be incorrect. [Z:\DAT096\DAT096-krish\Embedded-System-Project-DAT096-krishna\Board_2\Board_2\Board_2.srcs\sources_1\new\vcsel_static.vhd:]
WARNING: [filemgmt 56-199] Attempt to get parsing info during refresh. "On-the-fly" syntax checking information may be incorrect. [Z:\DAT096\DAT096-krish\Embedded-System-Project-DAT096-krishna\Board_2\Board_2\Board_2.srcs\sources_1\new\vcsel_iir.vhd:]
WARNING: [filemgmt 56-199] Attempt to get parsing info during refresh. "On-the-fly" syntax checking information may be incorrect. [Z:\DAT096\DAT096-krish\Embedded-System-Project-DAT096-krishna\Board_2\Board_2\Board_2.srcs\sources_1\new\vcsel_conv.vhd:]
WARNING: [filemgmt 56-199] Attempt to get parsing info during refresh. "On-the-fly" syntax checking information may be incorrect. [Z:\DAT096\DAT096-krish\Embedded-System-Project-DAT096-krishna\Board_2\Board_2\Board_2.srcs\sources_1\new\vcsel_static.vhd:]
WARNING: [filemgmt 56-199] Attempt to get parsing info during refresh. "On-the-fly" syntax checking information may be incorrect. [Z:\DAT096\DAT096-krish\Embedded-System-Project-DAT096-krishna\Board_2\Board_2\Board_2.srcs\sources_1\new\vcsel_static.vhd:]
ERROR: [Common 17-180] Spawn failed: No error
launch_runs impl_1 -to_step write_bitstream -jobs 28
INFO: [IP_Flow 19-6924] IPCACHE: Running cache check for IP inst: design_2_top_awgn_0_0
[Wed May 27 22:47:38 2026] Launched design_2_vcsel_conv_0_0_synth_1, design_2_top_awgn_0_0_synth_1, synth_1...
Run output will be captured here:
design_2_vcsel_conv_0_0_synth_1: Z:/DAT096/DAT096-krish/Embedded-System-Project-DAT096-krishna/Board_2/Board_2/Board_2.runs/design_2_vcsel_conv_0_0_synth_1/runme.log
design_2_top_awgn_0_0_synth_1: Z:/DAT096/DAT096-krish/Embedded-System-Project-DAT096-krishna/Board_2/Board_2/Board_2.runs/design_2_top_awgn_0_0_synth_1/runme.log
synth_1: Z:/DAT096/DAT096-krish/Embedded-System-Project-DAT096-krishna/Board_2/Board_2/Board_2.runs/synth_1/runme.log
[Wed May 27 22:47:39 2026] Launched impl_1...
Run output will be captured here: Z:/DAT096/DAT096-krish/Embedded-System-Project-DAT096-krishna/Board_2/Board_2/Board_2.runs/impl_1/runme.log
WARNING: [filemgmt 56-199] Attempt to get parsing info during refresh. "On-the-fly" syntax checking information may be incorrect. [Z:\DAT096\DAT096-krish\Embedded-System-Project-DAT096-krishna\Board_2\Board_2\Board_2.srcs\sources_1\new\vcsel_static.vhd:]
WARNING: [filemgmt 56-199] Attempt to get parsing info during refresh. "On-the-fly" syntax checking information may be incorrect. [Z:\DAT096\DAT096-krish\Embedded-System-Project-DAT096-krishna\Board_2\Board_2\Board_2.srcs\sources_1\new\vcsel_iir.vhd:]
WARNING: [filemgmt 56-199] Attempt to get parsing info during refresh. "On-the-fly" syntax checking information may be incorrect. [Z:\DAT096\DAT096-krish\Embedded-System-Project-DAT096-krishna\Board_2\Board_2\Board_2.srcs\sources_1\new\vcsel_conv.vhd:]
WARNING: [filemgmt 56-199] Attempt to get parsing info during refresh. "On-the-fly" syntax checking information may be incorrect. [Z:\DAT096\DAT096-krish\Embedded-System-Project-DAT096-krishna\Board_2\Board_2\Board_2.srcs\sources_1\new\vcsel_iir.vhd:]
WARNING: [filemgmt 56-199] Attempt to get parsing info during refresh. "On-the-fly" syntax checking information may be incorrect. [Z:\DAT096\DAT096-krish\Embedded-System-Project-DAT096-krishna\Board_2\Board_2\Board_2.srcs\sources_1\new\vcsel_iir.vhd:]
WARNING: [filemgmt 56-199] Attempt to get parsing info during refresh. "On-the-fly" syntax checking information may be incorrect. [Z:\DAT096\DAT096-krish\Embedded-System-Project-DAT096-krishna\Board_2\Board_2\Board_2.srcs\sources_1\new\vcsel_static.vhd:]
WARNING: [filemgmt 56-199] Attempt to get parsing info during refresh. "On-the-fly" syntax checking information may be incorrect. [Z:\DAT096\DAT096-krish\Embedded-System-Project-DAT096-krishna\Board_2\Board_2\Board_2.srcs\sources_1\new\vcsel_iir.vhd:]
WARNING: [filemgmt 56-199] Attempt to get parsing info during refresh. "On-the-fly" syntax checking information may be incorrect. [Z:\DAT096\DAT096-krish\Embedded-System-Project-DAT096-krishna\Board_2\Board_2\Board_2.srcs\sources_1\new\vcsel_conv.vhd:]
WARNING: [filemgmt 56-199] Attempt to get parsing info during refresh. "On-the-fly" syntax checking information may be incorrect. [Z:\DAT096\DAT096-krish\Embedded-System-Project-DAT096-krishna\Board_2\Board_2\Board_2.srcs\sources_1\new\vcsel_conv.vhd:]
WARNING: [filemgmt 56-199] Attempt to get parsing info during refresh. "On-the-fly" syntax checking information may be incorrect. [Z:\DAT096\DAT096-krish\Embedded-System-Project-DAT096-krishna\Board_2\Board_2\Board_2.srcs\sources_1\new\vcsel_conv.vhd:]
ERROR: [Common 17-180] Spawn failed: No error
WARNING: [filemgmt 56-199] Attempt to get parsing info during refresh. "On-the-fly" syntax checking information may be incorrect. [Z:\DAT096\DAT096-krish\Embedded-System-Project-DAT096-krishna\Board_2\Board_2\Board_2.srcs\sources_1\new\vcsel_static.vhd:]
WARNING: [filemgmt 56-199] Attempt to get parsing info during refresh. "On-the-fly" syntax checking information may be incorrect. [Z:\DAT096\DAT096-krish\Embedded-System-Project-DAT096-krishna\Board_2\Board_2\Board_2.srcs\sources_1\new\vcsel_iir.vhd:]
WARNING: [filemgmt 56-199] Attempt to get parsing info during refresh. "On-the-fly" syntax checking information may be incorrect. [Z:\DAT096\DAT096-krish\Embedded-System-Project-DAT096-krishna\Board_2\Board_2\Board_2.srcs\sources_1\new\vcsel_conv.vhd:]
WARNING: [filemgmt 56-199] Attempt to get parsing info during refresh. "On-the-fly" syntax checking information may be incorrect. [Z:\DAT096\DAT096-krish\Embedded-System-Project-DAT096-krishna\Board_2\Board_2\Board_2.srcs\sources_1\new\vcsel_iir.vhd:]
WARNING: [filemgmt 56-199] Attempt to get parsing info during refresh. "On-the-fly" syntax checking information may be incorrect. [Z:\DAT096\DAT096-krish\Embedded-System-Project-DAT096-krishna\Board_2\Board_2\Board_2.srcs\sources_1\new\vcsel_iir.vhd:]
set_property PROBES.FILE {Z:/DAT096/DAT096-krish/Embedded-System-Project-DAT096-krishna/Board_2/Board_2/Board_2.runs/impl_1/design_2_wrapper.ltx} [get_hw_devices xc7z020_1_1]
set_property FULL_PROBES.FILE {Z:/DAT096/DAT096-krish/Embedded-System-Project-DAT096-krishna/Board_2/Board_2/Board_2.runs/impl_1/design_2_wrapper.ltx} [get_hw_devices xc7z020_1_1]
set_property PROGRAM.FILE {Z:/DAT096/DAT096-krish/Embedded-System-Project-DAT096-krishna/Board_2/Board_2/Board_2.runs/impl_1/design_2_wrapper.bit} [get_hw_devices xc7z020_1_1]
program_hw_devices [get_hw_devices xc7z020_1_1]
INFO: [Labtools 27-3164] End of startup status: HIGH
refresh_hw_device [lindex [get_hw_devices xc7z020_1_1] 0]
INFO: [Labtools 27-2302] Device xc7z020 (JTAG device index = 1) is programmed with a design that has 1 ILA core(s).
INFO: [Labtools 27-2302] Device xc7z020 (JTAG device index = 1) is programmed with a design that has 2 VIO core(s).
WARNING: [Labtools 27-1952] VIO hw_probe OUTPUT_VALUE properties for hw_vio(s) [hw_vio_1] differ from output values in the VIO core(s).
Resolution: 
To synchronize the hw_probes properties and the VIO core outputs choose one of the following alternatives:
  1) Execute the command 'Commit Output Values to VIO Core', to write down the hw_probe values to the core.
  2) Execute the command 'Refresh Input and Output Values from VIO Core', to update the hw_probe properties with the core values.
  3) First restore initial values in the core with the command 'Reset VIO Core Outputs', and then execute the command 'Refresh Input and Output Values from VIO Core'.
run_hw_ila [get_hw_ilas -of_objects [get_hw_devices xc7z020_1_1] -filter {CELL_NAME=~"design_2_i/ila_0"}]
INFO: [Labtools 27-1964] The ILA core 'hw_ila_1' trigger was armed at 2026-May-27 22:54:07
wait_on_hw_ila [get_hw_ilas -of_objects [get_hw_devices xc7z020_1_1] -filter {CELL_NAME=~"design_2_i/ila_0"}]
display_hw_ila_data [upload_hw_ila_data [get_hw_ilas -of_objects [get_hw_devices xc7z020_1_1] -filter {CELL_NAME=~"design_2_i/ila_0"}]]
INFO: [Labtools 27-1966] The ILA core 'hw_ila_1' triggered at 2026-May-27 22:54:07
INFO: [Labtools 27-3304] ILA Waveform data saved to file Z:/DAT096/DAT096-krish/Embedded-System-Project-DAT096-krishna/Board_2/Board_2/Board_2.hw/backup/hw_ila_data_1.ila. Use Tcl command 'read_hw_ila_data' or Vivado File->Import->Import ILA Data menu item to import the previously saved data.
set_property OUTPUT_VALUE 0 [get_hw_probes design_2_i/vio_0_probe_out0 -of_objects [get_hw_vios -of_objects [get_hw_devices xc7z020_1_1] -filter {CELL_NAME=~"design_2_i/vio_0"}]]
commit_hw_vio [get_hw_probes {design_2_i/vio_0_probe_out0} -of_objects [get_hw_vios -of_objects [get_hw_devices xc7z020_1_1] -filter {CELL_NAME=~"design_2_i/vio_0"}]]
set_property OUTPUT_VALUE 4 [get_hw_probes design_2_i/vio_0_probe_out0 -of_objects [get_hw_vios -of_objects [get_hw_devices xc7z020_1_1] -filter {CELL_NAME=~"design_2_i/vio_0"}]]
commit_hw_vio [get_hw_probes {design_2_i/vio_0_probe_out0} -of_objects [get_hw_vios -of_objects [get_hw_devices xc7z020_1_1] -filter {CELL_NAME=~"design_2_i/vio_0"}]]
set_property OUTPUT_VALUE 0 [get_hw_probes design_2_i/vio_0_probe_out0 -of_objects [get_hw_vios -of_objects [get_hw_devices xc7z020_1_1] -filter {CELL_NAME=~"design_2_i/vio_0"}]]
commit_hw_vio [get_hw_probes {design_2_i/vio_0_probe_out0} -of_objects [get_hw_vios -of_objects [get_hw_devices xc7z020_1_1] -filter {CELL_NAME=~"design_2_i/vio_0"}]]
WARNING: [filemgmt 56-199] Attempt to get parsing info during refresh. "On-the-fly" syntax checking information may be incorrect. [Z:\DAT096\DAT096-krish\Embedded-System-Project-DAT096-krishna\Board_2\Board_2\Board_2.srcs\sources_1\new\vcsel_static.vhd:]
WARNING: [filemgmt 56-199] Attempt to get parsing info during refresh. "On-the-fly" syntax checking information may be incorrect. [Z:\DAT096\DAT096-krish\Embedded-System-Project-DAT096-krishna\Board_2\Board_2\Board_2.srcs\sources_1\new\vcsel_iir.vhd:]
WARNING: [filemgmt 56-199] Attempt to get parsing info during refresh. "On-the-fly" syntax checking information may be incorrect. [Z:\DAT096\DAT096-krish\Embedded-System-Project-DAT096-krishna\Board_2\Board_2\Board_2.srcs\sources_1\new\vcsel_conv.vhd:]
WARNING: [filemgmt 56-199] Attempt to get parsing info during refresh. "On-the-fly" syntax checking information may be incorrect. [Z:\DAT096\DAT096-krish\Embedded-System-Project-DAT096-krishna\Board_2\Board_2\Board_2.srcs\sources_1\new\vcsel_iir.vhd:]
WARNING: [filemgmt 56-199] Attempt to get parsing info during refresh. "On-the-fly" syntax checking information may be incorrect. [Z:\DAT096\DAT096-krish\Embedded-System-Project-DAT096-krishna\Board_2\Board_2\Board_2.srcs\sources_1\new\vcsel_iir.vhd:]
WARNING: [filemgmt 56-199] Attempt to get parsing info during refresh. "On-the-fly" syntax checking information may be incorrect. [Z:\DAT096\DAT096-krish\Embedded-System-Project-DAT096-krishna\Board_2\Board_2\Board_2.srcs\sources_1\new\vcsel_static.vhd:]
WARNING: [filemgmt 56-199] Attempt to get parsing info during refresh. "On-the-fly" syntax checking information may be incorrect. [Z:\DAT096\DAT096-krish\Embedded-System-Project-DAT096-krishna\Board_2\Board_2\Board_2.srcs\sources_1\new\vcsel_iir.vhd:]
WARNING: [filemgmt 56-199] Attempt to get parsing info during refresh. "On-the-fly" syntax checking information may be incorrect. [Z:\DAT096\DAT096-krish\Embedded-System-Project-DAT096-krishna\Board_2\Board_2\Board_2.srcs\sources_1\new\vcsel_conv.vhd:]
WARNING: [filemgmt 56-199] Attempt to get parsing info during refresh. "On-the-fly" syntax checking information may be incorrect. [Z:\DAT096\DAT096-krish\Embedded-System-Project-DAT096-krishna\Board_2\Board_2\Board_2.srcs\sources_1\new\vcsel_conv.vhd:]
WARNING: [filemgmt 56-199] Attempt to get parsing info during refresh. "On-the-fly" syntax checking information may be incorrect. [Z:\DAT096\DAT096-krish\Embedded-System-Project-DAT096-krishna\Board_2\Board_2\Board_2.srcs\sources_1\new\vcsel_conv.vhd:]
ERROR: [Common 17-180] Spawn failed: No error
open_bd_design {Z:/DAT096/DAT096-krish/Embedded-System-Project-DAT096-krishna/Board_2/Board_2/Board_2.srcs/sources_1/bd/design_2/design_2.bd}
ipx::edit_ip_in_project -upgrade true -name top_awgn_v1_0_project -directory Z:/DAT096/DAT096-krish/Embedded-System-Project-DAT096-krishna/Board_2/Board_2/Board_2.tmp/top_awgn_v1_0_project z:/DAT096/Project_team5/ip_repo_snr/component.xml
INFO: [ProjectBase 1-489] The host OS only allows 260 characters in a normal path. The project is stored in a path with more than 80 characters. If you experience issues with IP, Block Designs, or files not being found, please consider moving the project to a location with a shorter path. Alternately consider using the OS subst command to map part of the path to a drive letter.
Current project path is 'z:/dat096/dat096-krish/embedded-system-project-dat096-krishna/board_2/board_2/board_2.tmp/top_awgn_v1_0_project'
INFO: [IP_Flow 19-234] Refreshing IP repositories
INFO: [IP_Flow 19-1704] No user IP repositories specified
INFO: [IP_Flow 19-2313] Loaded Vivado IP repository 'C:/Progs/Xilinx/Vivado/2024.2/data/ip'.
INFO: [IP_Flow 19-234] Refreshing IP repositories
WARNING: [IP_Flow 19-2248] Failed to load user IP repository 'z:/DAT096/vivado-library-zmod-v2-2019.1-2/vivado-library-zmod-v2-2019.1-2'; Can't find the specified path.
If this directory should no longer be in your list of user repositories, go to the IP Settings dialog and remove it.
INFO: [IP_Flow 19-1700] Loaded user IP repository 'z:/DAT096/Project_team5/ip_repo_snr'.
WARNING: [IP_Flow 19-2248] Failed to load user IP repository 'z:/embedded project/Eclypse-Z7-HW/Eclypse-Z7-HW.ipdefs/repo'; Can't find the specified path.
If this directory should no longer be in your list of user repositories, go to the IP Settings dialog and remove it.
WARNING: [IP_Flow 19-2248] Failed to load user IP repository 'z:/DAT096/Project_team5/ip_repo'; Can't find the specified path.
If this directory should no longer be in your list of user repositories, go to the IP Settings dialog and remove it.
INFO: [IP_Flow 19-1700] Loaded user IP repository 'z:/DAT096/vivado-boards-master'.
INFO: [IP_Flow 19-1700] Loaded user IP repository 'z:/DAT096/vivado-library-b0946605e3617c901635278b62d0f6a8e3942844'.
INFO: [IP_Flow 19-1700] Loaded user IP repository 'z:/DAT096/vivado-library-master'.
WARNING: [IP_Flow 19-2248] Failed to load user IP repository 'z:/eda234/vivado-library-master'; Can't find the specified path.
If this directory should no longer be in your list of user repositories, go to the IP Settings dialog and remove it.
WARNING: [IP_Flow 19-3685] Ignored loading user repository 'z:/eda234/vivado-library-master/ip'. The path is contained within another repository.
WARNING: [IP_Flow 19-1663] Duplicate IP found for 'digilentinc.com:user:axi_i2s_adi:1.2'. The one found in IP location 'z:/DAT096/vivado-library-b0946605e3617c901635278b62d0f6a8e3942844/ip/axi_i2s_adi_1.2' will take precedence over the same IP in location z:/DAT096/vivado-library-master/ip/axi_i2s_adi_1.2
WARNING: [IP_Flow 19-1663] Duplicate IP found for 'digilentinc.com:IP:axi_ps2:1.0'. The one found in IP location 'z:/DAT096/vivado-library-b0946605e3617c901635278b62d0f6a8e3942844/ip/axi_ps2_1.0' will take precedence over the same IP in location z:/DAT096/vivado-library-master/ip/axi_ps2_1.0
WARNING: [IP_Flow 19-1663] Duplicate IP found for 'digilentinc.com:ip:clock_forwarder:1.1'. The one found in IP location 'z:/DAT096/vivado-library-b0946605e3617c901635278b62d0f6a8e3942844/ip/clock_forwarder' will take precedence over the same IP in location z:/DAT096/vivado-library-master/ip/clock_forwarder
WARNING: [IP_Flow 19-1663] Duplicate IP found for 'digilentinc.com:IP:hls_contrast_stretch:1.0'. The one found in IP location 'z:/DAT096/vivado-library-b0946605e3617c901635278b62d0f6a8e3942844/ip/hls_contrast_stretch_1_0' will take precedence over the same IP in location z:/DAT096/vivado-library-master/ip/hls_contrast_stretch_1_0
WARNING: [IP_Flow 19-1663] Duplicate IP found for 'digilentinc.com:IP:hls_gamma_correction:1.0'. The one found in IP location 'z:/DAT096/vivado-library-b0946605e3617c901635278b62d0f6a8e3942844/ip/hls_gamma_correction_1_0' will take precedence over the same IP in location z:/DAT096/vivado-library-master/ip/hls_gamma_correction_1_0
WARNING: [IP_Flow 19-1663] Duplicate IP found for 'digilentinc.com:IP:hls_saturation_enhance:1.0'. The one found in IP location 'z:/DAT096/vivado-library-b0946605e3617c901635278b62d0f6a8e3942844/ip/hls_saturation_enhance_1_0' will take precedence over the same IP in location z:/DAT096/vivado-library-master/ip/hls_saturation_enhance_1_0
WARNING: [IP_Flow 19-1663] Duplicate IP found for 'digilentinc.com:ip:rgb2dpvid:1.0'. The one found in IP location 'z:/DAT096/vivado-library-b0946605e3617c901635278b62d0f6a8e3942844/ip/rgb2dpvid_v1_0' will take precedence over the same IP in location z:/DAT096/vivado-library-master/ip/rgb2dpvid_v1_0
WARNING: [IP_Flow 19-1663] Duplicate IP found for 'digilentinc.com:ip:rgb2vga:1.0'. The one found in IP location 'z:/DAT096/vivado-library-b0946605e3617c901635278b62d0f6a8e3942844/ip/rgb2vga_v1_0' will take precedence over the same IP in location z:/DAT096/vivado-library-master/ip/rgb2vga_v1_0
WARNING: [IP_Flow 19-1663] Duplicate IP found for 'digilentinc.com:ip:Sync:1.0'. The one found in IP location 'z:/DAT096/vivado-library-b0946605e3617c901635278b62d0f6a8e3942844/ip/Sync_v1_0' will take precedence over the same IP in location z:/DAT096/vivado-library-master/ip/Sync_v1_0
WARNING: [IP_Flow 19-1663] Duplicate IP found for 'digilentinc.com:ip:usb2device:1.0'. The one found in IP location 'z:/DAT096/vivado-library-b0946605e3617c901635278b62d0f6a8e3942844/ip/usb2device_v1_0' will take precedence over the same IP in location z:/DAT096/vivado-library-master/ip/usb2device_v1_0
WARNING: [IP_Flow 19-1663] Duplicate IP found for 'digilentinc.com:video:video_scaler:1.0'. The one found in IP location 'z:/DAT096/vivado-library-b0946605e3617c901635278b62d0f6a8e3942844/ip/video_scaler' will take precedence over the same IP in location z:/DAT096/vivado-library-master/ip/video_scaler
WARNING: [IP_Flow 19-1663] Duplicate IP found for 'digilentinc.com:ip:dvi2rgb:2.0'. The one found in IP location 'z:/DAT096/vivado-library-master/ip/dvi2rgb' will take precedence over the same IP in location z:/DAT096/vivado-library-b0946605e3617c901635278b62d0f6a8e3942844/ip/dvi2rgb
WARNING: [IP_Flow 19-1663] Duplicate IP found for 'digilentinc.com:IP:MotorFeedback:1.0'. The one found in IP location 'z:/DAT096/vivado-library-master/ip/MotorFeedback_1.0' will take precedence over the same IP in location z:/DAT096/vivado-library-b0946605e3617c901635278b62d0f6a8e3942844/ip/MotorFeedback_1.0
WARNING: [IP_Flow 19-1663] Duplicate IP found for 'digilentinc.com:IP:PmodACL2:1.0'. The one found in IP location 'z:/DAT096/vivado-library-master/ip/Pmods/PmodACL2_v1_0' will take precedence over the same IP in location z:/DAT096/vivado-library-b0946605e3617c901635278b62d0f6a8e3942844/ip/Pmods/PmodACL2_v1_0
WARNING: [IP_Flow 19-1663] Duplicate IP found for 'digilentinc.com:IP:PmodACL:1.0'. The one found in IP location 'z:/DAT096/vivado-library-master/ip/Pmods/PmodACL_v1_0' will take precedence over the same IP in location z:/DAT096/vivado-library-b0946605e3617c901635278b62d0f6a8e3942844/ip/Pmods/PmodACL_v1_0
WARNING: [IP_Flow 19-1663] Duplicate IP found for 'digilentinc.com:IP:PmodAD1:1.0'. The one found in IP location 'z:/DAT096/vivado-library-master/ip/Pmods/PmodAD1_v1_0' will take precedence over the same IP in location z:/DAT096/vivado-library-b0946605e3617c901635278b62d0f6a8e3942844/ip/Pmods/PmodAD1_v1_0
WARNING: [IP_Flow 19-1663] Duplicate IP found for 'digilentinc.com:IP:PmodAD2:1.0'. The one found in IP location 'z:/DAT096/vivado-library-master/ip/Pmods/PmodAD2_v1_0' will take precedence over the same IP in location z:/DAT096/vivado-library-b0946605e3617c901635278b62d0f6a8e3942844/ip/Pmods/PmodAD2_v1_0
WARNING: [IP_Flow 19-1663] Duplicate IP found for 'digilentinc.com:IP:PmodAD5:1.0'. The one found in IP location 'z:/DAT096/vivado-library-master/ip/Pmods/PmodAD5_v1_0' will take precedence over the same IP in location z:/DAT096/vivado-library-b0946605e3617c901635278b62d0f6a8e3942844/ip/Pmods/PmodAD5_v1_0
WARNING: [IP_Flow 19-1663] Duplicate IP found for 'digilentinc.com:IP:PmodALS:1.0'. The one found in IP location 'z:/DAT096/vivado-library-master/ip/Pmods/PmodALS_v1_0' will take precedence over the same IP in location z:/DAT096/vivado-library-b0946605e3617c901635278b62d0f6a8e3942844/ip/Pmods/PmodALS_v1_0
WARNING: [IP_Flow 19-1663] Duplicate IP found for 'digilentinc.com:IP:PmodAMP2:1.0'. The one found in IP location 'z:/DAT096/vivado-library-master/ip/Pmods/PmodAMP2_v1_0' will take precedence over the same IP in location z:/DAT096/vivado-library-b0946605e3617c901635278b62d0f6a8e3942844/ip/Pmods/PmodAMP2_v1_0
WARNING: [IP_Flow 19-1663] Duplicate IP found for 'digilentinc.com:IP:PmodAQS:1.0'. The one found in IP location 'z:/DAT096/vivado-library-master/ip/Pmods/PmodAQS_v1_0' will take precedence over the same IP in location z:/DAT096/vivado-library-b0946605e3617c901635278b62d0f6a8e3942844/ip/Pmods/PmodAQS_v1_0
WARNING: [IP_Flow 19-1663] Duplicate IP found for 'digilentinc.com:IP:PmodBLE:1.0'. The one found in IP location 'z:/DAT096/vivado-library-master/ip/Pmods/PmodBLE_v1_0' will take precedence over the same IP in location z:/DAT096/vivado-library-b0946605e3617c901635278b62d0f6a8e3942844/ip/Pmods/PmodBLE_v1_0
WARNING: [IP_Flow 19-1663] Duplicate IP found for 'digilentinc.com:IP:PmodBT2:1.0'. The one found in IP location 'z:/DAT096/vivado-library-master/ip/Pmods/PmodBT2_v1_0' will take precedence over the same IP in location z:/DAT096/vivado-library-b0946605e3617c901635278b62d0f6a8e3942844/ip/Pmods/PmodBT2_v1_0
WARNING: [IP_Flow 19-1663] Duplicate IP found for 'digilentinc.com:IP:PmodCAN:1.0'. The one found in IP location 'z:/DAT096/vivado-library-master/ip/Pmods/PmodCAN_v1_0' will take precedence over the same IP in location z:/DAT096/vivado-library-b0946605e3617c901635278b62d0f6a8e3942844/ip/Pmods/PmodCAN_v1_0
WARNING: [IP_Flow 19-1663] Duplicate IP found for 'digilentinc.com:IP:PmodCLS:1.0'. The one found in IP location 'z:/DAT096/vivado-library-master/ip/Pmods/PmodCLS_v1_0' will take precedence over the same IP in location z:/DAT096/vivado-library-b0946605e3617c901635278b62d0f6a8e3942844/ip/Pmods/PmodCLS_v1_0
WARNING: [IP_Flow 19-1663] Duplicate IP found for 'digilentinc.com:IP:PmodCMPS2:1.0'. The one found in IP location 'z:/DAT096/vivado-library-master/ip/Pmods/PmodCMPS2_v1_0' will take precedence over the same IP in location z:/DAT096/vivado-library-b0946605e3617c901635278b62d0f6a8e3942844/ip/Pmods/PmodCMPS2_v1_0
WARNING: [IP_Flow 19-1663] Duplicate IP found for 'digilentinc.com:IP:PmodCOLOR:1.0'. The one found in IP location 'z:/DAT096/vivado-library-master/ip/Pmods/PmodCOLOR_v1_0' will take precedence over the same IP in location z:/DAT096/vivado-library-b0946605e3617c901635278b62d0f6a8e3942844/ip/Pmods/PmodCOLOR_v1_0
WARNING: [IP_Flow 19-1663] Duplicate IP found for 'digilentinc.com:IP:PmodDA1:1.0'. The one found in IP location 'z:/DAT096/vivado-library-master/ip/Pmods/PmodDA1_v1_0' will take precedence over the same IP in location z:/DAT096/vivado-library-b0946605e3617c901635278b62d0f6a8e3942844/ip/Pmods/PmodDA1_v1_0
WARNING: [IP_Flow 19-1663] Duplicate IP found for 'digilentinc.com:IP:PmodDHB1:1.0'. The one found in IP location 'z:/DAT096/vivado-library-master/ip/Pmods/PmodDHB1_v1_0' will take precedence over the same IP in location z:/DAT096/vivado-library-b0946605e3617c901635278b62d0f6a8e3942844/ip/Pmods/PmodDHB1_v1_0
WARNING: [IP_Flow 19-1663] Duplicate IP found for 'digilentinc.com:IP:PmodDPG1:1.0'. The one found in IP location 'z:/DAT096/vivado-library-master/ip/Pmods/PmodDPG1_v1_0' will take precedence over the same IP in location z:/DAT096/vivado-library-b0946605e3617c901635278b62d0f6a8e3942844/ip/Pmods/PmodDPG1_v1_0
WARNING: [IP_Flow 19-1663] Duplicate IP found for 'digilentinc.com:IP:PmodENC:1.0'. The one found in IP location 'z:/DAT096/vivado-library-master/ip/Pmods/PmodENC_v1_0' will take precedence over the same IP in location z:/DAT096/vivado-library-b0946605e3617c901635278b62d0f6a8e3942844/ip/Pmods/PmodENC_v1_0
WARNING: [IP_Flow 19-1663] Duplicate IP found for 'digilentinc.com:user:PmodESP32:1.0'. The one found in IP location 'z:/DAT096/vivado-library-master/ip/Pmods/PmodESP32_v1_0' will take precedence over the same IP in location z:/DAT096/vivado-library-b0946605e3617c901635278b62d0f6a8e3942844/ip/Pmods/PmodESP32_v1_0
WARNING: [IP_Flow 19-1663] Duplicate IP found for 'digilentinc.com:IP:PmodGPIO:1.0'. The one found in IP location 'z:/DAT096/vivado-library-master/ip/Pmods/PmodGPIO_v1_0' will take precedence over the same IP in location z:/DAT096/vivado-library-b0946605e3617c901635278b62d0f6a8e3942844/ip/Pmods/PmodGPIO_v1_0
WARNING: [IP_Flow 19-1663] Duplicate IP found for 'digilentinc.com:IP:PmodGPS:1.1'. The one found in IP location 'z:/DAT096/vivado-library-master/ip/Pmods/PmodGPS_v1_1' will take precedence over the same IP in location z:/DAT096/vivado-library-b0946605e3617c901635278b62d0f6a8e3942844/ip/Pmods/PmodGPS_v1_1
WARNING: [IP_Flow 19-1663] Duplicate IP found for 'digilentinc.com:IP:PmodGYRO:1.0'. The one found in IP location 'z:/DAT096/vivado-library-master/ip/Pmods/PmodGYRO_v1_0' will take precedence over the same IP in location z:/DAT096/vivado-library-b0946605e3617c901635278b62d0f6a8e3942844/ip/Pmods/PmodGYRO_v1_0
WARNING: [IP_Flow 19-1663] Duplicate IP found for 'digilentinc.com:IP:PmodHYGRO:1.0'. The one found in IP location 'z:/DAT096/vivado-library-master/ip/Pmods/PmodHYGRO_v1_0' will take precedence over the same IP in location z:/DAT096/vivado-library-b0946605e3617c901635278b62d0f6a8e3942844/ip/Pmods/PmodHYGRO_v1_0
WARNING: [IP_Flow 19-1663] Duplicate IP found for 'digilentinc.com:IP:PmodJSTK2:1.0'. The one found in IP location 'z:/DAT096/vivado-library-master/ip/Pmods/PmodJSTK2_v1_0' will take precedence over the same IP in location z:/DAT096/vivado-library-b0946605e3617c901635278b62d0f6a8e3942844/ip/Pmods/PmodJSTK2_v1_0
WARNING: [IP_Flow 19-1663] Duplicate IP found for 'digilentinc.com:IP:PmodJSTK:1.0'. The one found in IP location 'z:/DAT096/vivado-library-master/ip/Pmods/PmodJSTK_v1_0' will take precedence over the same IP in location z:/DAT096/vivado-library-b0946605e3617c901635278b62d0f6a8e3942844/ip/Pmods/PmodJSTK_v1_0
WARNING: [IP_Flow 19-1663] Duplicate IP found for 'digilentinc.com:IP:PmodKYPD:1.0'. The one found in IP location 'z:/DAT096/vivado-library-master/ip/Pmods/PmodKYPD_v1_0' will take precedence over the same IP in location z:/DAT096/vivado-library-b0946605e3617c901635278b62d0f6a8e3942844/ip/Pmods/PmodKYPD_v1_0
WARNING: [IP_Flow 19-1663] Duplicate IP found for 'digilentinc.com:IP:PmodMAXSONAR:1.0'. The one found in IP location 'z:/DAT096/vivado-library-master/ip/Pmods/PmodMAXSONAR_v1_0' will take precedence over the same IP in location z:/DAT096/vivado-library-b0946605e3617c901635278b62d0f6a8e3942844/ip/Pmods/PmodMAXSONAR_v1_0
WARNING: [IP_Flow 19-1663] Duplicate IP found for 'digilentinc.com:IP:PmodMTDS:1.0'. The one found in IP location 'z:/DAT096/vivado-library-master/ip/Pmods/PmodMTDS_v1_0' will take precedence over the same IP in location z:/DAT096/vivado-library-b0946605e3617c901635278b62d0f6a8e3942844/ip/Pmods/PmodMTDS_v1_0
WARNING: [IP_Flow 19-1663] Duplicate IP found for 'digilentinc.com:IP:PmodNAV:1.0'. The one found in IP location 'z:/DAT096/vivado-library-master/ip/Pmods/PmodNAV_v1_0' will take precedence over the same IP in location z:/DAT096/vivado-library-b0946605e3617c901635278b62d0f6a8e3942844/ip/Pmods/PmodNAV_v1_0
WARNING: [IP_Flow 19-1663] Duplicate IP found for 'digilentinc.com:IP:PmodOLEDrgb:1.0'. The one found in IP location 'z:/DAT096/vivado-library-master/ip/Pmods/pmodOLEDrgb_v1_0' will take precedence over the same IP in location z:/DAT096/vivado-library-b0946605e3617c901635278b62d0f6a8e3942844/ip/Pmods/pmodOLEDrgb_v1_0
WARNING: [IP_Flow 19-1663] Duplicate IP found for 'digilentinc.com:IP:PmodOLED:1.0'. The one found in IP location 'z:/DAT096/vivado-library-master/ip/Pmods/PmodOLED_v1_0' will take precedence over the same IP in location z:/DAT096/vivado-library-b0946605e3617c901635278b62d0f6a8e3942844/ip/Pmods/PmodOLED_v1_0
WARNING: [IP_Flow 19-1663] Duplicate IP found for 'digilentinc.com:IP:PmodPIR:1.0'. The one found in IP location 'z:/DAT096/vivado-library-master/ip/Pmods/PmodPIR_v1_0' will take precedence over the same IP in location z:/DAT096/vivado-library-b0946605e3617c901635278b62d0f6a8e3942844/ip/Pmods/PmodPIR_v1_0
WARNING: [IP_Flow 19-1663] Duplicate IP found for 'digilentinc.com:IP:PmodR2R:1.0'. The one found in IP location 'z:/DAT096/vivado-library-master/ip/Pmods/PmodR2R_v1_0' will take precedence over the same IP in location z:/DAT096/vivado-library-b0946605e3617c901635278b62d0f6a8e3942844/ip/Pmods/PmodR2R_v1_0
WARNING: [IP_Flow 19-1663] Duplicate IP found for 'digilentinc.com:IP:PmodRTCC:1.0'. The one found in IP location 'z:/DAT096/vivado-library-master/ip/Pmods/PmodRTCC_v1_0' will take precedence over the same IP in location z:/DAT096/vivado-library-b0946605e3617c901635278b62d0f6a8e3942844/ip/Pmods/PmodRTCC_v1_0
WARNING: [IP_Flow 19-1663] Duplicate IP found for 'digilentinc.com:IP:PmodSD:1.0'. The one found in IP location 'z:/DAT096/vivado-library-master/ip/Pmods/PmodSD_v1_0' will take precedence over the same IP in location z:/DAT096/vivado-library-b0946605e3617c901635278b62d0f6a8e3942844/ip/Pmods/PmodSD_v1_0
WARNING: [IP_Flow 19-1663] Duplicate IP found for 'digilentinc.com:IP:PmodSF3:1.0'. The one found in IP location 'z:/DAT096/vivado-library-master/ip/Pmods/PmodSF3_v1_0' will take precedence over the same IP in location z:/DAT096/vivado-library-b0946605e3617c901635278b62d0f6a8e3942844/ip/Pmods/PmodSF3_v1_0
WARNING: [IP_Flow 19-1663] Duplicate IP found for 'digilentinc.com:IP:PmodTC1:1.0'. The one found in IP location 'z:/DAT096/vivado-library-master/ip/Pmods/PmodTC1_v1_0' will take precedence over the same IP in location z:/DAT096/vivado-library-b0946605e3617c901635278b62d0f6a8e3942844/ip/Pmods/PmodTC1_v1_0
WARNING: [IP_Flow 19-1663] Duplicate IP found for 'digilentinc.com:IP:PmodTMP3:1.0'. The one found in IP location 'z:/DAT096/vivado-library-master/ip/Pmods/PmodTMP3_v1_0' will take precedence over the same IP in location z:/DAT096/vivado-library-b0946605e3617c901635278b62d0f6a8e3942844/ip/Pmods/PmodTMP3_v1_0
WARNING: [IP_Flow 19-1663] Duplicate IP found for 'digilentinc.com:IP:PmodWIFI:1.0'. The one found in IP location 'z:/DAT096/vivado-library-master/ip/Pmods/PmodWIFI_v1_0' will take precedence over the same IP in location z:/DAT096/vivado-library-b0946605e3617c901635278b62d0f6a8e3942844/ip/Pmods/PmodWIFI_v1_0
WARNING: [IP_Flow 19-1663] Duplicate IP found for 'digilentinc.com:ip:pmod_bridge:1.0'. The one found in IP location 'z:/DAT096/vivado-library-master/ip/Pmods/Pmod_Bridge_v1_0' will take precedence over the same IP in location z:/DAT096/vivado-library-b0946605e3617c901635278b62d0f6a8e3942844/ip/Pmods/Pmod_Bridge_v1_0
WARNING: [IP_Flow 19-1663] Duplicate IP found for 'digilentinc.com:ip:pmod_bridge:1.1'. The one found in IP location 'z:/DAT096/vivado-library-master/ip/Pmods/Pmod_Bridge_v1_1' will take precedence over the same IP in location z:/DAT096/vivado-library-b0946605e3617c901635278b62d0f6a8e3942844/ip/Pmods/Pmod_Bridge_v1_1
WARNING: [IP_Flow 19-1663] Duplicate IP found for 'digilentinc.com:IP:PWM:1.0'. The one found in IP location 'z:/DAT096/vivado-library-master/ip/PWM_1.0' will take precedence over the same IP in location z:/DAT096/vivado-library-b0946605e3617c901635278b62d0f6a8e3942844/ip/PWM_1.0
WARNING: [IP_Flow 19-1663] Duplicate IP found for 'digilentinc.com:IP:PWM:2.0'. The one found in IP location 'z:/DAT096/vivado-library-master/ip/PWM_2.0' will take precedence over the same IP in location z:/DAT096/vivado-library-b0946605e3617c901635278b62d0f6a8e3942844/ip/PWM_2.0
WARNING: [IP_Flow 19-1663] Duplicate IP found for 'digilentinc.com:IP:PWM_Analyzer:1.0'. The one found in IP location 'z:/DAT096/vivado-library-master/ip/PWM_Analyzer_1.0' will take precedence over the same IP in location z:/DAT096/vivado-library-b0946605e3617c901635278b62d0f6a8e3942844/ip/PWM_Analyzer_1.0
WARNING: [IP_Flow 19-1663] Duplicate IP found for 'digilentinc.com:ip:rgb2dvi:1.4'. The one found in IP location 'z:/DAT096/vivado-library-master/ip/rgb2dvi' will take precedence over the same IP in location z:/DAT096/vivado-library-b0946605e3617c901635278b62d0f6a8e3942844/ip/rgb2dvi
WARNING: [IP_Flow 19-4830] Duplicate Interface found for 'digilentinc.com:interface:pmod:1.0'. The one found in location 'z:/DAT096/vivado-library-b0946605e3617c901635278b62d0f6a8e3942844/if/pmod_v1_0/pmod.xml' will take precedence over the same Interface in location 'z:/DAT096/vivado-library-master/if/pmod_v1_0/pmod.xml'
WARNING: [IP_Flow 19-4830] Duplicate Interface found for 'digilentinc.com:interface:tmds:1.0'. The one found in location 'z:/DAT096/vivado-library-b0946605e3617c901635278b62d0f6a8e3942844/if/tmds_v1_0/tmds.xml' will take precedence over the same Interface in location 'z:/DAT096/vivado-library-master/if/tmds_v1_0/tmds.xml'
INFO: [IP_Flow 19-795] Syncing license key meta-data
ipx::edit_ip_in_project: Time (s): cpu = 00:00:04 ; elapsed = 00:00:21 . Memory (MB): peak = 2587.293 ; gain = 0.000
WARNING: [filemgmt 56-199] Attempt to get parsing info during refresh. "On-the-fly" syntax checking information may be incorrect. [Z:\DAT096\DAT096-krish\Embedded-System-Project-DAT096-krishna\Board_2\Board_2\Board_2.srcs\sources_1\new\vcsel_static.vhd:]
WARNING: [filemgmt 56-199] Attempt to get parsing info during refresh. "On-the-fly" syntax checking information may be incorrect. [Z:\DAT096\DAT096-krish\Embedded-System-Project-DAT096-krishna\Board_2\Board_2\Board_2.srcs\sources_1\new\vcsel_iir.vhd:]
WARNING: [filemgmt 56-199] Attempt to get parsing info during refresh. "On-the-fly" syntax checking information may be incorrect. [Z:\DAT096\DAT096-krish\Embedded-System-Project-DAT096-krishna\Board_2\Board_2\Board_2.srcs\sources_1\new\vcsel_conv.vhd:]
WARNING: [filemgmt 56-199] Attempt to get parsing info during refresh. "On-the-fly" syntax checking information may be incorrect. [Z:\DAT096\DAT096-krish\Embedded-System-Project-DAT096-krishna\Board_2\Board_2\Board_2.srcs\sources_1\new\vcsel_iir.vhd:]
WARNING: [filemgmt 56-199] Attempt to get parsing info during refresh. "On-the-fly" syntax checking information may be incorrect. [Z:\DAT096\DAT096-krish\Embedded-System-Project-DAT096-krishna\Board_2\Board_2\Board_2.srcs\sources_1\new\vcsel_iir.vhd:]
WARNING: [filemgmt 56-199] Attempt to get parsing info during refresh. "On-the-fly" syntax checking information may be incorrect. [Z:\DAT096\DAT096-krish\Embedded-System-Project-DAT096-krishna\Board_2\Board_2\Board_2.srcs\sources_1\new\vcsel_static.vhd:]
update_compile_order -fileset sources_1
WARNING: [filemgmt 56-199] Attempt to get parsing info during refresh. "On-the-fly" syntax checking information may be incorrect. [Z:\DAT096\DAT096-krish\Embedded-System-Project-DAT096-krishna\Board_2\Board_2\Board_2.srcs\sources_1\new\vcsel_static.vhd:]
WARNING: [filemgmt 56-199] Attempt to get parsing info during refresh. "On-the-fly" syntax checking information may be incorrect. [Z:\DAT096\DAT096-krish\Embedded-System-Project-DAT096-krishna\Board_2\Board_2\Board_2.srcs\sources_1\new\vcsel_iir.vhd:]
WARNING: [filemgmt 56-199] Attempt to get parsing info during refresh. "On-the-fly" syntax checking information may be incorrect. [Z:\DAT096\DAT096-krish\Embedded-System-Project-DAT096-krishna\Board_2\Board_2\Board_2.srcs\sources_1\new\vcsel_conv.vhd:]
WARNING: [filemgmt 56-199] Attempt to get parsing info during refresh. "On-the-fly" syntax checking information may be incorrect. [Z:\DAT096\DAT096-krish\Embedded-System-Project-DAT096-krishna\Board_2\Board_2\Board_2.srcs\sources_1\new\vcsel_iir.vhd:]
WARNING: [filemgmt 56-199] Attempt to get parsing info during refresh. "On-the-fly" syntax checking information may be incorrect. [Z:\DAT096\DAT096-krish\Embedded-System-Project-DAT096-krishna\Board_2\Board_2\Board_2.srcs\sources_1\new\vcsel_iir.vhd:]
WARNING: [filemgmt 56-199] Attempt to get parsing info during refresh. "On-the-fly" syntax checking information may be incorrect. [Z:\DAT096\DAT096-krish\Embedded-System-Project-DAT096-krishna\Board_2\Board_2\Board_2.srcs\sources_1\new\vcsel_static.vhd:]
WARNING: [filemgmt 56-199] Attempt to get parsing info during refresh. "On-the-fly" syntax checking information may be incorrect. [Z:\DAT096\DAT096-krish\Embedded-System-Project-DAT096-krishna\Board_2\Board_2\Board_2.srcs\sources_1\new\vcsel_static.vhd:]
WARNING: [filemgmt 56-199] Attempt to get parsing info during refresh. "On-the-fly" syntax checking information may be incorrect. [Z:\DAT096\DAT096-krish\Embedded-System-Project-DAT096-krishna\Board_2\Board_2\Board_2.srcs\sources_1\new\vcsel_iir.vhd:]
WARNING: [filemgmt 56-199] Attempt to get parsing info during refresh. "On-the-fly" syntax checking information may be incorrect. [Z:\DAT096\DAT096-krish\Embedded-System-Project-DAT096-krishna\Board_2\Board_2\Board_2.srcs\sources_1\new\vcsel_conv.vhd:]
WARNING: [filemgmt 56-199] Attempt to get parsing info during refresh. "On-the-fly" syntax checking information may be incorrect. [Z:\DAT096\DAT096-krish\Embedded-System-Project-DAT096-krishna\Board_2\Board_2\Board_2.srcs\sources_1\new\vcsel_iir.vhd:]
WARNING: [filemgmt 56-199] Attempt to get parsing info during refresh. "On-the-fly" syntax checking information may be incorrect. [Z:\DAT096\DAT096-krish\Embedded-System-Project-DAT096-krishna\Board_2\Board_2\Board_2.srcs\sources_1\new\vcsel_iir.vhd:]
ipx::merge_project_changes ports [ipx::current_core]
set_property core_revision 23 [ipx::current_core]
ipx::update_source_project_archive -component [ipx::current_core]
ipx::update_checksums [ipx::current_core]
ipx::check_integrity [ipx::current_core]
WARNING: [IP_Flow 19-11888] Component Definition 'chalmers.se:user:top_awgn:1.0 (top_awgn_v1_0)': IP description "top_awgn_v1_0" is not meaningful: same as name or display name
WARNING: [IP_Flow 19-5661] Bus Interface 'clk' does not have any bus interfaces associated with it.
WARNING: [IP_Flow 19-11770] Clock interface 'clk' has no FREQ_HZ parameter.
INFO: [IP_Flow 19-2181] Payment is not required for this core.
WARNING: [IP_Flow 19-2187] The Product Guide file is missing.
INFO: [Ipptcl 7-1486] check_integrity: Integrity check passed.
ipx::save_core [ipx::current_core]
ipx::move_temp_component_back -component [ipx::current_core]
close_project -delete
update_ip_catalog -rebuild -repo_path z:/DAT096/Project_team5/ip_repo_snr
INFO: [IP_Flow 19-725] Reloaded user IP repository 'z:/DAT096/Project_team5/ip_repo_snr'
WARNING: [IP_Flow 19-1663] Duplicate IP found for 'digilentinc.com:user:axi_i2s_adi:1.2'. The one found in IP location 'z:/DAT096/vivado-library-b0946605e3617c901635278b62d0f6a8e3942844/ip/axi_i2s_adi_1.2' will take precedence over the same IP in location z:/DAT096/vivado-library-master/ip/axi_i2s_adi_1.2
WARNING: [IP_Flow 19-1663] Duplicate IP found for 'digilentinc.com:IP:axi_ps2:1.0'. The one found in IP location 'z:/DAT096/vivado-library-b0946605e3617c901635278b62d0f6a8e3942844/ip/axi_ps2_1.0' will take precedence over the same IP in location z:/DAT096/vivado-library-master/ip/axi_ps2_1.0
WARNING: [IP_Flow 19-1663] Duplicate IP found for 'digilentinc.com:ip:clock_forwarder:1.1'. The one found in IP location 'z:/DAT096/vivado-library-b0946605e3617c901635278b62d0f6a8e3942844/ip/clock_forwarder' will take precedence over the same IP in location z:/DAT096/vivado-library-master/ip/clock_forwarder
WARNING: [IP_Flow 19-1663] Duplicate IP found for 'digilentinc.com:IP:hls_contrast_stretch:1.0'. The one found in IP location 'z:/DAT096/vivado-library-b0946605e3617c901635278b62d0f6a8e3942844/ip/hls_contrast_stretch_1_0' will take precedence over the same IP in location z:/DAT096/vivado-library-master/ip/hls_contrast_stretch_1_0
WARNING: [IP_Flow 19-1663] Duplicate IP found for 'digilentinc.com:IP:hls_gamma_correction:1.0'. The one found in IP location 'z:/DAT096/vivado-library-b0946605e3617c901635278b62d0f6a8e3942844/ip/hls_gamma_correction_1_0' will take precedence over the same IP in location z:/DAT096/vivado-library-master/ip/hls_gamma_correction_1_0
WARNING: [IP_Flow 19-1663] Duplicate IP found for 'digilentinc.com:IP:hls_saturation_enhance:1.0'. The one found in IP location 'z:/DAT096/vivado-library-b0946605e3617c901635278b62d0f6a8e3942844/ip/hls_saturation_enhance_1_0' will take precedence over the same IP in location z:/DAT096/vivado-library-master/ip/hls_saturation_enhance_1_0
WARNING: [IP_Flow 19-1663] Duplicate IP found for 'digilentinc.com:ip:rgb2dpvid:1.0'. The one found in IP location 'z:/DAT096/vivado-library-b0946605e3617c901635278b62d0f6a8e3942844/ip/rgb2dpvid_v1_0' will take precedence over the same IP in location z:/DAT096/vivado-library-master/ip/rgb2dpvid_v1_0
WARNING: [IP_Flow 19-1663] Duplicate IP found for 'digilentinc.com:ip:rgb2vga:1.0'. The one found in IP location 'z:/DAT096/vivado-library-b0946605e3617c901635278b62d0f6a8e3942844/ip/rgb2vga_v1_0' will take precedence over the same IP in location z:/DAT096/vivado-library-master/ip/rgb2vga_v1_0
WARNING: [IP_Flow 19-1663] Duplicate IP found for 'digilentinc.com:ip:Sync:1.0'. The one found in IP location 'z:/DAT096/vivado-library-b0946605e3617c901635278b62d0f6a8e3942844/ip/Sync_v1_0' will take precedence over the same IP in location z:/DAT096/vivado-library-master/ip/Sync_v1_0
WARNING: [IP_Flow 19-1663] Duplicate IP found for 'digilentinc.com:ip:usb2device:1.0'. The one found in IP location 'z:/DAT096/vivado-library-b0946605e3617c901635278b62d0f6a8e3942844/ip/usb2device_v1_0' will take precedence over the same IP in location z:/DAT096/vivado-library-master/ip/usb2device_v1_0
WARNING: [IP_Flow 19-1663] Duplicate IP found for 'digilentinc.com:video:video_scaler:1.0'. The one found in IP location 'z:/DAT096/vivado-library-b0946605e3617c901635278b62d0f6a8e3942844/ip/video_scaler' will take precedence over the same IP in location z:/DAT096/vivado-library-master/ip/video_scaler
WARNING: [IP_Flow 19-1663] Duplicate IP found for 'digilentinc.com:ip:dvi2rgb:2.0'. The one found in IP location 'z:/DAT096/vivado-library-master/ip/dvi2rgb' will take precedence over the same IP in location z:/DAT096/vivado-library-b0946605e3617c901635278b62d0f6a8e3942844/ip/dvi2rgb
WARNING: [IP_Flow 19-1663] Duplicate IP found for 'digilentinc.com:IP:MotorFeedback:1.0'. The one found in IP location 'z:/DAT096/vivado-library-master/ip/MotorFeedback_1.0' will take precedence over the same IP in location z:/DAT096/vivado-library-b0946605e3617c901635278b62d0f6a8e3942844/ip/MotorFeedback_1.0
WARNING: [IP_Flow 19-1663] Duplicate IP found for 'digilentinc.com:IP:PmodACL2:1.0'. The one found in IP location 'z:/DAT096/vivado-library-master/ip/Pmods/PmodACL2_v1_0' will take precedence over the same IP in location z:/DAT096/vivado-library-b0946605e3617c901635278b62d0f6a8e3942844/ip/Pmods/PmodACL2_v1_0
WARNING: [IP_Flow 19-1663] Duplicate IP found for 'digilentinc.com:IP:PmodACL:1.0'. The one found in IP location 'z:/DAT096/vivado-library-master/ip/Pmods/PmodACL_v1_0' will take precedence over the same IP in location z:/DAT096/vivado-library-b0946605e3617c901635278b62d0f6a8e3942844/ip/Pmods/PmodACL_v1_0
WARNING: [IP_Flow 19-1663] Duplicate IP found for 'digilentinc.com:IP:PmodAD1:1.0'. The one found in IP location 'z:/DAT096/vivado-library-master/ip/Pmods/PmodAD1_v1_0' will take precedence over the same IP in location z:/DAT096/vivado-library-b0946605e3617c901635278b62d0f6a8e3942844/ip/Pmods/PmodAD1_v1_0
WARNING: [IP_Flow 19-1663] Duplicate IP found for 'digilentinc.com:IP:PmodAD2:1.0'. The one found in IP location 'z:/DAT096/vivado-library-master/ip/Pmods/PmodAD2_v1_0' will take precedence over the same IP in location z:/DAT096/vivado-library-b0946605e3617c901635278b62d0f6a8e3942844/ip/Pmods/PmodAD2_v1_0
WARNING: [IP_Flow 19-1663] Duplicate IP found for 'digilentinc.com:IP:PmodAD5:1.0'. The one found in IP location 'z:/DAT096/vivado-library-master/ip/Pmods/PmodAD5_v1_0' will take precedence over the same IP in location z:/DAT096/vivado-library-b0946605e3617c901635278b62d0f6a8e3942844/ip/Pmods/PmodAD5_v1_0
WARNING: [IP_Flow 19-1663] Duplicate IP found for 'digilentinc.com:IP:PmodALS:1.0'. The one found in IP location 'z:/DAT096/vivado-library-master/ip/Pmods/PmodALS_v1_0' will take precedence over the same IP in location z:/DAT096/vivado-library-b0946605e3617c901635278b62d0f6a8e3942844/ip/Pmods/PmodALS_v1_0
WARNING: [IP_Flow 19-1663] Duplicate IP found for 'digilentinc.com:IP:PmodAMP2:1.0'. The one found in IP location 'z:/DAT096/vivado-library-master/ip/Pmods/PmodAMP2_v1_0' will take precedence over the same IP in location z:/DAT096/vivado-library-b0946605e3617c901635278b62d0f6a8e3942844/ip/Pmods/PmodAMP2_v1_0
WARNING: [IP_Flow 19-1663] Duplicate IP found for 'digilentinc.com:IP:PmodAQS:1.0'. The one found in IP location 'z:/DAT096/vivado-library-master/ip/Pmods/PmodAQS_v1_0' will take precedence over the same IP in location z:/DAT096/vivado-library-b0946605e3617c901635278b62d0f6a8e3942844/ip/Pmods/PmodAQS_v1_0
WARNING: [IP_Flow 19-1663] Duplicate IP found for 'digilentinc.com:IP:PmodBLE:1.0'. The one found in IP location 'z:/DAT096/vivado-library-master/ip/Pmods/PmodBLE_v1_0' will take precedence over the same IP in location z:/DAT096/vivado-library-b0946605e3617c901635278b62d0f6a8e3942844/ip/Pmods/PmodBLE_v1_0
WARNING: [IP_Flow 19-1663] Duplicate IP found for 'digilentinc.com:IP:PmodBT2:1.0'. The one found in IP location 'z:/DAT096/vivado-library-master/ip/Pmods/PmodBT2_v1_0' will take precedence over the same IP in location z:/DAT096/vivado-library-b0946605e3617c901635278b62d0f6a8e3942844/ip/Pmods/PmodBT2_v1_0
WARNING: [IP_Flow 19-1663] Duplicate IP found for 'digilentinc.com:IP:PmodCAN:1.0'. The one found in IP location 'z:/DAT096/vivado-library-master/ip/Pmods/PmodCAN_v1_0' will take precedence over the same IP in location z:/DAT096/vivado-library-b0946605e3617c901635278b62d0f6a8e3942844/ip/Pmods/PmodCAN_v1_0
WARNING: [IP_Flow 19-1663] Duplicate IP found for 'digilentinc.com:IP:PmodCLS:1.0'. The one found in IP location 'z:/DAT096/vivado-library-master/ip/Pmods/PmodCLS_v1_0' will take precedence over the same IP in location z:/DAT096/vivado-library-b0946605e3617c901635278b62d0f6a8e3942844/ip/Pmods/PmodCLS_v1_0
WARNING: [IP_Flow 19-1663] Duplicate IP found for 'digilentinc.com:IP:PmodCMPS2:1.0'. The one found in IP location 'z:/DAT096/vivado-library-master/ip/Pmods/PmodCMPS2_v1_0' will take precedence over the same IP in location z:/DAT096/vivado-library-b0946605e3617c901635278b62d0f6a8e3942844/ip/Pmods/PmodCMPS2_v1_0
WARNING: [IP_Flow 19-1663] Duplicate IP found for 'digilentinc.com:IP:PmodCOLOR:1.0'. The one found in IP location 'z:/DAT096/vivado-library-master/ip/Pmods/PmodCOLOR_v1_0' will take precedence over the same IP in location z:/DAT096/vivado-library-b0946605e3617c901635278b62d0f6a8e3942844/ip/Pmods/PmodCOLOR_v1_0
WARNING: [IP_Flow 19-1663] Duplicate IP found for 'digilentinc.com:IP:PmodDA1:1.0'. The one found in IP location 'z:/DAT096/vivado-library-master/ip/Pmods/PmodDA1_v1_0' will take precedence over the same IP in location z:/DAT096/vivado-library-b0946605e3617c901635278b62d0f6a8e3942844/ip/Pmods/PmodDA1_v1_0
WARNING: [IP_Flow 19-1663] Duplicate IP found for 'digilentinc.com:IP:PmodDHB1:1.0'. The one found in IP location 'z:/DAT096/vivado-library-master/ip/Pmods/PmodDHB1_v1_0' will take precedence over the same IP in location z:/DAT096/vivado-library-b0946605e3617c901635278b62d0f6a8e3942844/ip/Pmods/PmodDHB1_v1_0
WARNING: [IP_Flow 19-1663] Duplicate IP found for 'digilentinc.com:IP:PmodDPG1:1.0'. The one found in IP location 'z:/DAT096/vivado-library-master/ip/Pmods/PmodDPG1_v1_0' will take precedence over the same IP in location z:/DAT096/vivado-library-b0946605e3617c901635278b62d0f6a8e3942844/ip/Pmods/PmodDPG1_v1_0
WARNING: [IP_Flow 19-1663] Duplicate IP found for 'digilentinc.com:IP:PmodENC:1.0'. The one found in IP location 'z:/DAT096/vivado-library-master/ip/Pmods/PmodENC_v1_0' will take precedence over the same IP in location z:/DAT096/vivado-library-b0946605e3617c901635278b62d0f6a8e3942844/ip/Pmods/PmodENC_v1_0
WARNING: [IP_Flow 19-1663] Duplicate IP found for 'digilentinc.com:user:PmodESP32:1.0'. The one found in IP location 'z:/DAT096/vivado-library-master/ip/Pmods/PmodESP32_v1_0' will take precedence over the same IP in location z:/DAT096/vivado-library-b0946605e3617c901635278b62d0f6a8e3942844/ip/Pmods/PmodESP32_v1_0
WARNING: [IP_Flow 19-1663] Duplicate IP found for 'digilentinc.com:IP:PmodGPIO:1.0'. The one found in IP location 'z:/DAT096/vivado-library-master/ip/Pmods/PmodGPIO_v1_0' will take precedence over the same IP in location z:/DAT096/vivado-library-b0946605e3617c901635278b62d0f6a8e3942844/ip/Pmods/PmodGPIO_v1_0
WARNING: [IP_Flow 19-1663] Duplicate IP found for 'digilentinc.com:IP:PmodGPS:1.1'. The one found in IP location 'z:/DAT096/vivado-library-master/ip/Pmods/PmodGPS_v1_1' will take precedence over the same IP in location z:/DAT096/vivado-library-b0946605e3617c901635278b62d0f6a8e3942844/ip/Pmods/PmodGPS_v1_1
WARNING: [IP_Flow 19-1663] Duplicate IP found for 'digilentinc.com:IP:PmodGYRO:1.0'. The one found in IP location 'z:/DAT096/vivado-library-master/ip/Pmods/PmodGYRO_v1_0' will take precedence over the same IP in location z:/DAT096/vivado-library-b0946605e3617c901635278b62d0f6a8e3942844/ip/Pmods/PmodGYRO_v1_0
WARNING: [IP_Flow 19-1663] Duplicate IP found for 'digilentinc.com:IP:PmodHYGRO:1.0'. The one found in IP location 'z:/DAT096/vivado-library-master/ip/Pmods/PmodHYGRO_v1_0' will take precedence over the same IP in location z:/DAT096/vivado-library-b0946605e3617c901635278b62d0f6a8e3942844/ip/Pmods/PmodHYGRO_v1_0
WARNING: [IP_Flow 19-1663] Duplicate IP found for 'digilentinc.com:IP:PmodJSTK2:1.0'. The one found in IP location 'z:/DAT096/vivado-library-master/ip/Pmods/PmodJSTK2_v1_0' will take precedence over the same IP in location z:/DAT096/vivado-library-b0946605e3617c901635278b62d0f6a8e3942844/ip/Pmods/PmodJSTK2_v1_0
WARNING: [IP_Flow 19-1663] Duplicate IP found for 'digilentinc.com:IP:PmodJSTK:1.0'. The one found in IP location 'z:/DAT096/vivado-library-master/ip/Pmods/PmodJSTK_v1_0' will take precedence over the same IP in location z:/DAT096/vivado-library-b0946605e3617c901635278b62d0f6a8e3942844/ip/Pmods/PmodJSTK_v1_0
WARNING: [IP_Flow 19-1663] Duplicate IP found for 'digilentinc.com:IP:PmodKYPD:1.0'. The one found in IP location 'z:/DAT096/vivado-library-master/ip/Pmods/PmodKYPD_v1_0' will take precedence over the same IP in location z:/DAT096/vivado-library-b0946605e3617c901635278b62d0f6a8e3942844/ip/Pmods/PmodKYPD_v1_0
WARNING: [IP_Flow 19-1663] Duplicate IP found for 'digilentinc.com:IP:PmodMAXSONAR:1.0'. The one found in IP location 'z:/DAT096/vivado-library-master/ip/Pmods/PmodMAXSONAR_v1_0' will take precedence over the same IP in location z:/DAT096/vivado-library-b0946605e3617c901635278b62d0f6a8e3942844/ip/Pmods/PmodMAXSONAR_v1_0
WARNING: [IP_Flow 19-1663] Duplicate IP found for 'digilentinc.com:IP:PmodMTDS:1.0'. The one found in IP location 'z:/DAT096/vivado-library-master/ip/Pmods/PmodMTDS_v1_0' will take precedence over the same IP in location z:/DAT096/vivado-library-b0946605e3617c901635278b62d0f6a8e3942844/ip/Pmods/PmodMTDS_v1_0
WARNING: [IP_Flow 19-1663] Duplicate IP found for 'digilentinc.com:IP:PmodNAV:1.0'. The one found in IP location 'z:/DAT096/vivado-library-master/ip/Pmods/PmodNAV_v1_0' will take precedence over the same IP in location z:/DAT096/vivado-library-b0946605e3617c901635278b62d0f6a8e3942844/ip/Pmods/PmodNAV_v1_0
WARNING: [IP_Flow 19-1663] Duplicate IP found for 'digilentinc.com:IP:PmodOLEDrgb:1.0'. The one found in IP location 'z:/DAT096/vivado-library-master/ip/Pmods/pmodOLEDrgb_v1_0' will take precedence over the same IP in location z:/DAT096/vivado-library-b0946605e3617c901635278b62d0f6a8e3942844/ip/Pmods/pmodOLEDrgb_v1_0
WARNING: [IP_Flow 19-1663] Duplicate IP found for 'digilentinc.com:IP:PmodOLED:1.0'. The one found in IP location 'z:/DAT096/vivado-library-master/ip/Pmods/PmodOLED_v1_0' will take precedence over the same IP in location z:/DAT096/vivado-library-b0946605e3617c901635278b62d0f6a8e3942844/ip/Pmods/PmodOLED_v1_0
WARNING: [IP_Flow 19-1663] Duplicate IP found for 'digilentinc.com:IP:PmodPIR:1.0'. The one found in IP location 'z:/DAT096/vivado-library-master/ip/Pmods/PmodPIR_v1_0' will take precedence over the same IP in location z:/DAT096/vivado-library-b0946605e3617c901635278b62d0f6a8e3942844/ip/Pmods/PmodPIR_v1_0
WARNING: [IP_Flow 19-1663] Duplicate IP found for 'digilentinc.com:IP:PmodR2R:1.0'. The one found in IP location 'z:/DAT096/vivado-library-master/ip/Pmods/PmodR2R_v1_0' will take precedence over the same IP in location z:/DAT096/vivado-library-b0946605e3617c901635278b62d0f6a8e3942844/ip/Pmods/PmodR2R_v1_0
WARNING: [IP_Flow 19-1663] Duplicate IP found for 'digilentinc.com:IP:PmodRTCC:1.0'. The one found in IP location 'z:/DAT096/vivado-library-master/ip/Pmods/PmodRTCC_v1_0' will take precedence over the same IP in location z:/DAT096/vivado-library-b0946605e3617c901635278b62d0f6a8e3942844/ip/Pmods/PmodRTCC_v1_0
WARNING: [IP_Flow 19-1663] Duplicate IP found for 'digilentinc.com:IP:PmodSD:1.0'. The one found in IP location 'z:/DAT096/vivado-library-master/ip/Pmods/PmodSD_v1_0' will take precedence over the same IP in location z:/DAT096/vivado-library-b0946605e3617c901635278b62d0f6a8e3942844/ip/Pmods/PmodSD_v1_0
WARNING: [IP_Flow 19-1663] Duplicate IP found for 'digilentinc.com:IP:PmodSF3:1.0'. The one found in IP location 'z:/DAT096/vivado-library-master/ip/Pmods/PmodSF3_v1_0' will take precedence over the same IP in location z:/DAT096/vivado-library-b0946605e3617c901635278b62d0f6a8e3942844/ip/Pmods/PmodSF3_v1_0
WARNING: [IP_Flow 19-1663] Duplicate IP found for 'digilentinc.com:IP:PmodTC1:1.0'. The one found in IP location 'z:/DAT096/vivado-library-master/ip/Pmods/PmodTC1_v1_0' will take precedence over the same IP in location z:/DAT096/vivado-library-b0946605e3617c901635278b62d0f6a8e3942844/ip/Pmods/PmodTC1_v1_0
WARNING: [IP_Flow 19-1663] Duplicate IP found for 'digilentinc.com:IP:PmodTMP3:1.0'. The one found in IP location 'z:/DAT096/vivado-library-master/ip/Pmods/PmodTMP3_v1_0' will take precedence over the same IP in location z:/DAT096/vivado-library-b0946605e3617c901635278b62d0f6a8e3942844/ip/Pmods/PmodTMP3_v1_0
WARNING: [IP_Flow 19-1663] Duplicate IP found for 'digilentinc.com:IP:PmodWIFI:1.0'. The one found in IP location 'z:/DAT096/vivado-library-master/ip/Pmods/PmodWIFI_v1_0' will take precedence over the same IP in location z:/DAT096/vivado-library-b0946605e3617c901635278b62d0f6a8e3942844/ip/Pmods/PmodWIFI_v1_0
WARNING: [IP_Flow 19-1663] Duplicate IP found for 'digilentinc.com:ip:pmod_bridge:1.0'. The one found in IP location 'z:/DAT096/vivado-library-master/ip/Pmods/Pmod_Bridge_v1_0' will take precedence over the same IP in location z:/DAT096/vivado-library-b0946605e3617c901635278b62d0f6a8e3942844/ip/Pmods/Pmod_Bridge_v1_0
WARNING: [IP_Flow 19-1663] Duplicate IP found for 'digilentinc.com:ip:pmod_bridge:1.1'. The one found in IP location 'z:/DAT096/vivado-library-master/ip/Pmods/Pmod_Bridge_v1_1' will take precedence over the same IP in location z:/DAT096/vivado-library-b0946605e3617c901635278b62d0f6a8e3942844/ip/Pmods/Pmod_Bridge_v1_1
WARNING: [IP_Flow 19-1663] Duplicate IP found for 'digilentinc.com:IP:PWM:1.0'. The one found in IP location 'z:/DAT096/vivado-library-master/ip/PWM_1.0' will take precedence over the same IP in location z:/DAT096/vivado-library-b0946605e3617c901635278b62d0f6a8e3942844/ip/PWM_1.0
WARNING: [IP_Flow 19-1663] Duplicate IP found for 'digilentinc.com:IP:PWM:2.0'. The one found in IP location 'z:/DAT096/vivado-library-master/ip/PWM_2.0' will take precedence over the same IP in location z:/DAT096/vivado-library-b0946605e3617c901635278b62d0f6a8e3942844/ip/PWM_2.0
WARNING: [IP_Flow 19-1663] Duplicate IP found for 'digilentinc.com:IP:PWM_Analyzer:1.0'. The one found in IP location 'z:/DAT096/vivado-library-master/ip/PWM_Analyzer_1.0' will take precedence over the same IP in location z:/DAT096/vivado-library-b0946605e3617c901635278b62d0f6a8e3942844/ip/PWM_Analyzer_1.0
WARNING: [IP_Flow 19-1663] Duplicate IP found for 'digilentinc.com:ip:rgb2dvi:1.4'. The one found in IP location 'z:/DAT096/vivado-library-master/ip/rgb2dvi' will take precedence over the same IP in location z:/DAT096/vivado-library-b0946605e3617c901635278b62d0f6a8e3942844/ip/rgb2dvi
WARNING: [IP_Flow 19-4830] Duplicate Interface found for 'digilentinc.com:interface:pmod:1.0'. The one found in location 'z:/DAT096/vivado-library-b0946605e3617c901635278b62d0f6a8e3942844/if/pmod_v1_0/pmod.xml' will take precedence over the same Interface in location 'z:/DAT096/vivado-library-master/if/pmod_v1_0/pmod.xml'
WARNING: [IP_Flow 19-4830] Duplicate Interface found for 'digilentinc.com:interface:tmds:1.0'. The one found in location 'z:/DAT096/vivado-library-b0946605e3617c901635278b62d0f6a8e3942844/if/tmds_v1_0/tmds.xml' will take precedence over the same Interface in location 'z:/DAT096/vivado-library-master/if/tmds_v1_0/tmds.xml'
report_ip_status -name ip_status 
upgrade_ip [get_ips  design_2_top_awgn_0_0] -log ip_upgrade.log
Upgrading 'Z:/DAT096/DAT096-krish/Embedded-System-Project-DAT096-krishna/Board_2/Board_2/Board_2.srcs/sources_1/bd/design_2/design_2.bd'
WARNING: [Vivado 12-1017] Problems encountered:
1. Failed to delete one or more files in run directory Z:/DAT096/DAT096-krish/Embedded-System-Project-DAT096-krishna/Board_2/Board_2/Board_2.runs/design_2_top_awgn_0_0_synth_1

INFO: [IP_Flow 19-3422] Upgraded design_2_top_awgn_0_0 (top_awgn_v1_0 1.0) from revision 22 to revision 23
WARNING: [IP_Flow 19-4706] Upgraded port 'awgn_im_dbg' width 9 differs from original width 8
WARNING: [IP_Flow 19-4706] Upgraded port 'awgn_re_dbg' width 9 differs from original width 8
WARNING: [IP_Flow 19-3298] Detected external port differences while upgrading 'design_2_top_awgn_0_0'. These changes may impact your design.
CRITICAL WARNING: [Coretcl 2-1279] The upgrade of 'design_2_top_awgn_0_0' has identified issues that may require user intervention. Please review the upgrade log 'z:/DAT096/DAT096-krish/Embedded-System-Project-DAT096-krishna/Board_2/Board_2/ip_upgrade.log', and verify that the upgraded IP is correctly configured.
Wrote  : <Z:\DAT096\DAT096-krish\Embedded-System-Project-DAT096-krishna\Board_2\Board_2\Board_2.srcs\sources_1\bd\design_2\design_2.bd> 
WARNING: [filemgmt 56-199] Attempt to get parsing info during refresh. "On-the-fly" syntax checking information may be incorrect. [Z:\DAT096\DAT096-krish\Embedded-System-Project-DAT096-krishna\Board_2\Board_2\Board_2.srcs\sources_1\new\vcsel_static.vhd:]
WARNING: [filemgmt 56-199] Attempt to get parsing info during refresh. "On-the-fly" syntax checking information may be incorrect. [Z:\DAT096\DAT096-krish\Embedded-System-Project-DAT096-krishna\Board_2\Board_2\Board_2.srcs\sources_1\new\vcsel_iir.vhd:]
WARNING: [filemgmt 56-199] Attempt to get parsing info during refresh. "On-the-fly" syntax checking information may be incorrect. [Z:\DAT096\DAT096-krish\Embedded-System-Project-DAT096-krishna\Board_2\Board_2\Board_2.srcs\sources_1\new\vcsel_conv.vhd:]
WARNING: [filemgmt 56-199] Attempt to get parsing info during refresh. "On-the-fly" syntax checking information may be incorrect. [Z:\DAT096\DAT096-krish\Embedded-System-Project-DAT096-krishna\Board_2\Board_2\Board_2.srcs\sources_1\new\vcsel_iir.vhd:]
WARNING: [filemgmt 56-199] Attempt to get parsing info during refresh. "On-the-fly" syntax checking information may be incorrect. [Z:\DAT096\DAT096-krish\Embedded-System-Project-DAT096-krishna\Board_2\Board_2\Board_2.srcs\sources_1\new\vcsel_iir.vhd:]
WARNING: [filemgmt 56-199] Attempt to get parsing info during refresh. "On-the-fly" syntax checking information may be incorrect. [Z:\DAT096\DAT096-krish\Embedded-System-Project-DAT096-krishna\Board_2\Board_2\Board_2.srcs\sources_1\new\vcsel_static.vhd:]
WARNING: [filemgmt 56-199] Attempt to get parsing info during refresh. "On-the-fly" syntax checking information may be incorrect. [Z:\DAT096\DAT096-krish\Embedded-System-Project-DAT096-krishna\Board_2\Board_2\Board_2.srcs\sources_1\new\vcsel_iir.vhd:]
WARNING: [filemgmt 56-199] Attempt to get parsing info during refresh. "On-the-fly" syntax checking information may be incorrect. [Z:\DAT096\DAT096-krish\Embedded-System-Project-DAT096-krishna\Board_2\Board_2\Board_2.srcs\sources_1\new\vcsel_conv.vhd:]
WARNING: [filemgmt 56-199] Attempt to get parsing info during refresh. "On-the-fly" syntax checking information may be incorrect. [Z:\DAT096\DAT096-krish\Embedded-System-Project-DAT096-krishna\Board_2\Board_2\Board_2.srcs\sources_1\new\vcsel_static.vhd:]
WARNING: [filemgmt 56-199] Attempt to get parsing info during refresh. "On-the-fly" syntax checking information may be incorrect. [Z:\DAT096\DAT096-krish\Embedded-System-Project-DAT096-krishna\Board_2\Board_2\Board_2.srcs\sources_1\new\vcsel_static.vhd:]
INFO: [Coretcl 2-1525] Wrote upgrade log to 'Z:/DAT096/DAT096-krish/Embedded-System-Project-DAT096-krishna/Board_2/Board_2/ip_upgrade.log'.
export_ip_user_files -of_objects [get_ips design_2_top_awgn_0_0] -no_script -sync -force -quiet
update_module_reference [get_ips  design_2_vcsel_conv_0_0]
INFO: [IP_Flow 19-5107] Inferred bus interface 'clk' of definition 'xilinx.com:signal:clock:1.0' (from Xilinx Repository).
WARNING: [IP_Flow 19-5661] Bus Interface 'clk' does not have any bus interfaces associated with it.
WARNING: [IP_Flow 19-11770] Clock interface 'clk' has no FREQ_HZ parameter.
WARNING: [IP_Flow 19-1663] Duplicate IP found for 'digilentinc.com:user:axi_i2s_adi:1.2'. The one found in IP location 'z:/DAT096/vivado-library-b0946605e3617c901635278b62d0f6a8e3942844/ip/axi_i2s_adi_1.2' will take precedence over the same IP in location z:/DAT096/vivado-library-master/ip/axi_i2s_adi_1.2
WARNING: [IP_Flow 19-1663] Duplicate IP found for 'digilentinc.com:IP:axi_ps2:1.0'. The one found in IP location 'z:/DAT096/vivado-library-b0946605e3617c901635278b62d0f6a8e3942844/ip/axi_ps2_1.0' will take precedence over the same IP in location z:/DAT096/vivado-library-master/ip/axi_ps2_1.0
WARNING: [IP_Flow 19-1663] Duplicate IP found for 'digilentinc.com:ip:clock_forwarder:1.1'. The one found in IP location 'z:/DAT096/vivado-library-b0946605e3617c901635278b62d0f6a8e3942844/ip/clock_forwarder' will take precedence over the same IP in location z:/DAT096/vivado-library-master/ip/clock_forwarder
WARNING: [IP_Flow 19-1663] Duplicate IP found for 'digilentinc.com:IP:hls_contrast_stretch:1.0'. The one found in IP location 'z:/DAT096/vivado-library-b0946605e3617c901635278b62d0f6a8e3942844/ip/hls_contrast_stretch_1_0' will take precedence over the same IP in location z:/DAT096/vivado-library-master/ip/hls_contrast_stretch_1_0
WARNING: [IP_Flow 19-1663] Duplicate IP found for 'digilentinc.com:IP:hls_gamma_correction:1.0'. The one found in IP location 'z:/DAT096/vivado-library-b0946605e3617c901635278b62d0f6a8e3942844/ip/hls_gamma_correction_1_0' will take precedence over the same IP in location z:/DAT096/vivado-library-master/ip/hls_gamma_correction_1_0
WARNING: [IP_Flow 19-1663] Duplicate IP found for 'digilentinc.com:IP:hls_saturation_enhance:1.0'. The one found in IP location 'z:/DAT096/vivado-library-b0946605e3617c901635278b62d0f6a8e3942844/ip/hls_saturation_enhance_1_0' will take precedence over the same IP in location z:/DAT096/vivado-library-master/ip/hls_saturation_enhance_1_0
WARNING: [IP_Flow 19-1663] Duplicate IP found for 'digilentinc.com:ip:rgb2dpvid:1.0'. The one found in IP location 'z:/DAT096/vivado-library-b0946605e3617c901635278b62d0f6a8e3942844/ip/rgb2dpvid_v1_0' will take precedence over the same IP in location z:/DAT096/vivado-library-master/ip/rgb2dpvid_v1_0
WARNING: [IP_Flow 19-1663] Duplicate IP found for 'digilentinc.com:ip:rgb2vga:1.0'. The one found in IP location 'z:/DAT096/vivado-library-b0946605e3617c901635278b62d0f6a8e3942844/ip/rgb2vga_v1_0' will take precedence over the same IP in location z:/DAT096/vivado-library-master/ip/rgb2vga_v1_0
WARNING: [IP_Flow 19-1663] Duplicate IP found for 'digilentinc.com:ip:Sync:1.0'. The one found in IP location 'z:/DAT096/vivado-library-b0946605e3617c901635278b62d0f6a8e3942844/ip/Sync_v1_0' will take precedence over the same IP in location z:/DAT096/vivado-library-master/ip/Sync_v1_0
WARNING: [IP_Flow 19-1663] Duplicate IP found for 'digilentinc.com:ip:usb2device:1.0'. The one found in IP location 'z:/DAT096/vivado-library-b0946605e3617c901635278b62d0f6a8e3942844/ip/usb2device_v1_0' will take precedence over the same IP in location z:/DAT096/vivado-library-master/ip/usb2device_v1_0
WARNING: [IP_Flow 19-1663] Duplicate IP found for 'digilentinc.com:video:video_scaler:1.0'. The one found in IP location 'z:/DAT096/vivado-library-b0946605e3617c901635278b62d0f6a8e3942844/ip/video_scaler' will take precedence over the same IP in location z:/DAT096/vivado-library-master/ip/video_scaler
WARNING: [IP_Flow 19-1663] Duplicate IP found for 'digilentinc.com:ip:dvi2rgb:2.0'. The one found in IP location 'z:/DAT096/vivado-library-master/ip/dvi2rgb' will take precedence over the same IP in location z:/DAT096/vivado-library-b0946605e3617c901635278b62d0f6a8e3942844/ip/dvi2rgb
WARNING: [IP_Flow 19-1663] Duplicate IP found for 'digilentinc.com:IP:MotorFeedback:1.0'. The one found in IP location 'z:/DAT096/vivado-library-master/ip/MotorFeedback_1.0' will take precedence over the same IP in location z:/DAT096/vivado-library-b0946605e3617c901635278b62d0f6a8e3942844/ip/MotorFeedback_1.0
WARNING: [IP_Flow 19-1663] Duplicate IP found for 'digilentinc.com:IP:PmodACL2:1.0'. The one found in IP location 'z:/DAT096/vivado-library-master/ip/Pmods/PmodACL2_v1_0' will take precedence over the same IP in location z:/DAT096/vivado-library-b0946605e3617c901635278b62d0f6a8e3942844/ip/Pmods/PmodACL2_v1_0
WARNING: [IP_Flow 19-1663] Duplicate IP found for 'digilentinc.com:IP:PmodACL:1.0'. The one found in IP location 'z:/DAT096/vivado-library-master/ip/Pmods/PmodACL_v1_0' will take precedence over the same IP in location z:/DAT096/vivado-library-b0946605e3617c901635278b62d0f6a8e3942844/ip/Pmods/PmodACL_v1_0
WARNING: [IP_Flow 19-1663] Duplicate IP found for 'digilentinc.com:IP:PmodAD1:1.0'. The one found in IP location 'z:/DAT096/vivado-library-master/ip/Pmods/PmodAD1_v1_0' will take precedence over the same IP in location z:/DAT096/vivado-library-b0946605e3617c901635278b62d0f6a8e3942844/ip/Pmods/PmodAD1_v1_0
WARNING: [IP_Flow 19-1663] Duplicate IP found for 'digilentinc.com:IP:PmodAD2:1.0'. The one found in IP location 'z:/DAT096/vivado-library-master/ip/Pmods/PmodAD2_v1_0' will take precedence over the same IP in location z:/DAT096/vivado-library-b0946605e3617c901635278b62d0f6a8e3942844/ip/Pmods/PmodAD2_v1_0
WARNING: [IP_Flow 19-1663] Duplicate IP found for 'digilentinc.com:IP:PmodAD5:1.0'. The one found in IP location 'z:/DAT096/vivado-library-master/ip/Pmods/PmodAD5_v1_0' will take precedence over the same IP in location z:/DAT096/vivado-library-b0946605e3617c901635278b62d0f6a8e3942844/ip/Pmods/PmodAD5_v1_0
WARNING: [IP_Flow 19-1663] Duplicate IP found for 'digilentinc.com:IP:PmodALS:1.0'. The one found in IP location 'z:/DAT096/vivado-library-master/ip/Pmods/PmodALS_v1_0' will take precedence over the same IP in location z:/DAT096/vivado-library-b0946605e3617c901635278b62d0f6a8e3942844/ip/Pmods/PmodALS_v1_0
WARNING: [IP_Flow 19-1663] Duplicate IP found for 'digilentinc.com:IP:PmodAMP2:1.0'. The one found in IP location 'z:/DAT096/vivado-library-master/ip/Pmods/PmodAMP2_v1_0' will take precedence over the same IP in location z:/DAT096/vivado-library-b0946605e3617c901635278b62d0f6a8e3942844/ip/Pmods/PmodAMP2_v1_0
WARNING: [IP_Flow 19-1663] Duplicate IP found for 'digilentinc.com:IP:PmodAQS:1.0'. The one found in IP location 'z:/DAT096/vivado-library-master/ip/Pmods/PmodAQS_v1_0' will take precedence over the same IP in location z:/DAT096/vivado-library-b0946605e3617c901635278b62d0f6a8e3942844/ip/Pmods/PmodAQS_v1_0
WARNING: [IP_Flow 19-1663] Duplicate IP found for 'digilentinc.com:IP:PmodBLE:1.0'. The one found in IP location 'z:/DAT096/vivado-library-master/ip/Pmods/PmodBLE_v1_0' will take precedence over the same IP in location z:/DAT096/vivado-library-b0946605e3617c901635278b62d0f6a8e3942844/ip/Pmods/PmodBLE_v1_0
WARNING: [IP_Flow 19-1663] Duplicate IP found for 'digilentinc.com:IP:PmodBT2:1.0'. The one found in IP location 'z:/DAT096/vivado-library-master/ip/Pmods/PmodBT2_v1_0' will take precedence over the same IP in location z:/DAT096/vivado-library-b0946605e3617c901635278b62d0f6a8e3942844/ip/Pmods/PmodBT2_v1_0
WARNING: [IP_Flow 19-1663] Duplicate IP found for 'digilentinc.com:IP:PmodCAN:1.0'. The one found in IP location 'z:/DAT096/vivado-library-master/ip/Pmods/PmodCAN_v1_0' will take precedence over the same IP in location z:/DAT096/vivado-library-b0946605e3617c901635278b62d0f6a8e3942844/ip/Pmods/PmodCAN_v1_0
WARNING: [IP_Flow 19-1663] Duplicate IP found for 'digilentinc.com:IP:PmodCLS:1.0'. The one found in IP location 'z:/DAT096/vivado-library-master/ip/Pmods/PmodCLS_v1_0' will take precedence over the same IP in location z:/DAT096/vivado-library-b0946605e3617c901635278b62d0f6a8e3942844/ip/Pmods/PmodCLS_v1_0
WARNING: [IP_Flow 19-1663] Duplicate IP found for 'digilentinc.com:IP:PmodCMPS2:1.0'. The one found in IP location 'z:/DAT096/vivado-library-master/ip/Pmods/PmodCMPS2_v1_0' will take precedence over the same IP in location z:/DAT096/vivado-library-b0946605e3617c901635278b62d0f6a8e3942844/ip/Pmods/PmodCMPS2_v1_0
WARNING: [IP_Flow 19-1663] Duplicate IP found for 'digilentinc.com:IP:PmodCOLOR:1.0'. The one found in IP location 'z:/DAT096/vivado-library-master/ip/Pmods/PmodCOLOR_v1_0' will take precedence over the same IP in location z:/DAT096/vivado-library-b0946605e3617c901635278b62d0f6a8e3942844/ip/Pmods/PmodCOLOR_v1_0
WARNING: [IP_Flow 19-1663] Duplicate IP found for 'digilentinc.com:IP:PmodDA1:1.0'. The one found in IP location 'z:/DAT096/vivado-library-master/ip/Pmods/PmodDA1_v1_0' will take precedence over the same IP in location z:/DAT096/vivado-library-b0946605e3617c901635278b62d0f6a8e3942844/ip/Pmods/PmodDA1_v1_0
WARNING: [IP_Flow 19-1663] Duplicate IP found for 'digilentinc.com:IP:PmodDHB1:1.0'. The one found in IP location 'z:/DAT096/vivado-library-master/ip/Pmods/PmodDHB1_v1_0' will take precedence over the same IP in location z:/DAT096/vivado-library-b0946605e3617c901635278b62d0f6a8e3942844/ip/Pmods/PmodDHB1_v1_0
WARNING: [IP_Flow 19-1663] Duplicate IP found for 'digilentinc.com:IP:PmodDPG1:1.0'. The one found in IP location 'z:/DAT096/vivado-library-master/ip/Pmods/PmodDPG1_v1_0' will take precedence over the same IP in location z:/DAT096/vivado-library-b0946605e3617c901635278b62d0f6a8e3942844/ip/Pmods/PmodDPG1_v1_0
WARNING: [IP_Flow 19-1663] Duplicate IP found for 'digilentinc.com:IP:PmodENC:1.0'. The one found in IP location 'z:/DAT096/vivado-library-master/ip/Pmods/PmodENC_v1_0' will take precedence over the same IP in location z:/DAT096/vivado-library-b0946605e3617c901635278b62d0f6a8e3942844/ip/Pmods/PmodENC_v1_0
WARNING: [IP_Flow 19-1663] Duplicate IP found for 'digilentinc.com:user:PmodESP32:1.0'. The one found in IP location 'z:/DAT096/vivado-library-master/ip/Pmods/PmodESP32_v1_0' will take precedence over the same IP in location z:/DAT096/vivado-library-b0946605e3617c901635278b62d0f6a8e3942844/ip/Pmods/PmodESP32_v1_0
WARNING: [IP_Flow 19-1663] Duplicate IP found for 'digilentinc.com:IP:PmodGPIO:1.0'. The one found in IP location 'z:/DAT096/vivado-library-master/ip/Pmods/PmodGPIO_v1_0' will take precedence over the same IP in location z:/DAT096/vivado-library-b0946605e3617c901635278b62d0f6a8e3942844/ip/Pmods/PmodGPIO_v1_0
WARNING: [IP_Flow 19-1663] Duplicate IP found for 'digilentinc.com:IP:PmodGPS:1.1'. The one found in IP location 'z:/DAT096/vivado-library-master/ip/Pmods/PmodGPS_v1_1' will take precedence over the same IP in location z:/DAT096/vivado-library-b0946605e3617c901635278b62d0f6a8e3942844/ip/Pmods/PmodGPS_v1_1
WARNING: [IP_Flow 19-1663] Duplicate IP found for 'digilentinc.com:IP:PmodGYRO:1.0'. The one found in IP location 'z:/DAT096/vivado-library-master/ip/Pmods/PmodGYRO_v1_0' will take precedence over the same IP in location z:/DAT096/vivado-library-b0946605e3617c901635278b62d0f6a8e3942844/ip/Pmods/PmodGYRO_v1_0
WARNING: [IP_Flow 19-1663] Duplicate IP found for 'digilentinc.com:IP:PmodHYGRO:1.0'. The one found in IP location 'z:/DAT096/vivado-library-master/ip/Pmods/PmodHYGRO_v1_0' will take precedence over the same IP in location z:/DAT096/vivado-library-b0946605e3617c901635278b62d0f6a8e3942844/ip/Pmods/PmodHYGRO_v1_0
WARNING: [IP_Flow 19-1663] Duplicate IP found for 'digilentinc.com:IP:PmodJSTK2:1.0'. The one found in IP location 'z:/DAT096/vivado-library-master/ip/Pmods/PmodJSTK2_v1_0' will take precedence over the same IP in location z:/DAT096/vivado-library-b0946605e3617c901635278b62d0f6a8e3942844/ip/Pmods/PmodJSTK2_v1_0
WARNING: [IP_Flow 19-1663] Duplicate IP found for 'digilentinc.com:IP:PmodJSTK:1.0'. The one found in IP location 'z:/DAT096/vivado-library-master/ip/Pmods/PmodJSTK_v1_0' will take precedence over the same IP in location z:/DAT096/vivado-library-b0946605e3617c901635278b62d0f6a8e3942844/ip/Pmods/PmodJSTK_v1_0
WARNING: [IP_Flow 19-1663] Duplicate IP found for 'digilentinc.com:IP:PmodKYPD:1.0'. The one found in IP location 'z:/DAT096/vivado-library-master/ip/Pmods/PmodKYPD_v1_0' will take precedence over the same IP in location z:/DAT096/vivado-library-b0946605e3617c901635278b62d0f6a8e3942844/ip/Pmods/PmodKYPD_v1_0
WARNING: [IP_Flow 19-1663] Duplicate IP found for 'digilentinc.com:IP:PmodMAXSONAR:1.0'. The one found in IP location 'z:/DAT096/vivado-library-master/ip/Pmods/PmodMAXSONAR_v1_0' will take precedence over the same IP in location z:/DAT096/vivado-library-b0946605e3617c901635278b62d0f6a8e3942844/ip/Pmods/PmodMAXSONAR_v1_0
WARNING: [IP_Flow 19-1663] Duplicate IP found for 'digilentinc.com:IP:PmodMTDS:1.0'. The one found in IP location 'z:/DAT096/vivado-library-master/ip/Pmods/PmodMTDS_v1_0' will take precedence over the same IP in location z:/DAT096/vivado-library-b0946605e3617c901635278b62d0f6a8e3942844/ip/Pmods/PmodMTDS_v1_0
WARNING: [IP_Flow 19-1663] Duplicate IP found for 'digilentinc.com:IP:PmodNAV:1.0'. The one found in IP location 'z:/DAT096/vivado-library-master/ip/Pmods/PmodNAV_v1_0' will take precedence over the same IP in location z:/DAT096/vivado-library-b0946605e3617c901635278b62d0f6a8e3942844/ip/Pmods/PmodNAV_v1_0
WARNING: [IP_Flow 19-1663] Duplicate IP found for 'digilentinc.com:IP:PmodOLEDrgb:1.0'. The one found in IP location 'z:/DAT096/vivado-library-master/ip/Pmods/pmodOLEDrgb_v1_0' will take precedence over the same IP in location z:/DAT096/vivado-library-b0946605e3617c901635278b62d0f6a8e3942844/ip/Pmods/pmodOLEDrgb_v1_0
WARNING: [IP_Flow 19-1663] Duplicate IP found for 'digilentinc.com:IP:PmodOLED:1.0'. The one found in IP location 'z:/DAT096/vivado-library-master/ip/Pmods/PmodOLED_v1_0' will take precedence over the same IP in location z:/DAT096/vivado-library-b0946605e3617c901635278b62d0f6a8e3942844/ip/Pmods/PmodOLED_v1_0
WARNING: [IP_Flow 19-1663] Duplicate IP found for 'digilentinc.com:IP:PmodPIR:1.0'. The one found in IP location 'z:/DAT096/vivado-library-master/ip/Pmods/PmodPIR_v1_0' will take precedence over the same IP in location z:/DAT096/vivado-library-b0946605e3617c901635278b62d0f6a8e3942844/ip/Pmods/PmodPIR_v1_0
WARNING: [IP_Flow 19-1663] Duplicate IP found for 'digilentinc.com:IP:PmodR2R:1.0'. The one found in IP location 'z:/DAT096/vivado-library-master/ip/Pmods/PmodR2R_v1_0' will take precedence over the same IP in location z:/DAT096/vivado-library-b0946605e3617c901635278b62d0f6a8e3942844/ip/Pmods/PmodR2R_v1_0
WARNING: [IP_Flow 19-1663] Duplicate IP found for 'digilentinc.com:IP:PmodRTCC:1.0'. The one found in IP location 'z:/DAT096/vivado-library-master/ip/Pmods/PmodRTCC_v1_0' will take precedence over the same IP in location z:/DAT096/vivado-library-b0946605e3617c901635278b62d0f6a8e3942844/ip/Pmods/PmodRTCC_v1_0
WARNING: [IP_Flow 19-1663] Duplicate IP found for 'digilentinc.com:IP:PmodSD:1.0'. The one found in IP location 'z:/DAT096/vivado-library-master/ip/Pmods/PmodSD_v1_0' will take precedence over the same IP in location z:/DAT096/vivado-library-b0946605e3617c901635278b62d0f6a8e3942844/ip/Pmods/PmodSD_v1_0
WARNING: [IP_Flow 19-1663] Duplicate IP found for 'digilentinc.com:IP:PmodSF3:1.0'. The one found in IP location 'z:/DAT096/vivado-library-master/ip/Pmods/PmodSF3_v1_0' will take precedence over the same IP in location z:/DAT096/vivado-library-b0946605e3617c901635278b62d0f6a8e3942844/ip/Pmods/PmodSF3_v1_0
WARNING: [IP_Flow 19-1663] Duplicate IP found for 'digilentinc.com:IP:PmodTC1:1.0'. The one found in IP location 'z:/DAT096/vivado-library-master/ip/Pmods/PmodTC1_v1_0' will take precedence over the same IP in location z:/DAT096/vivado-library-b0946605e3617c901635278b62d0f6a8e3942844/ip/Pmods/PmodTC1_v1_0
WARNING: [IP_Flow 19-1663] Duplicate IP found for 'digilentinc.com:IP:PmodTMP3:1.0'. The one found in IP location 'z:/DAT096/vivado-library-master/ip/Pmods/PmodTMP3_v1_0' will take precedence over the same IP in location z:/DAT096/vivado-library-b0946605e3617c901635278b62d0f6a8e3942844/ip/Pmods/PmodTMP3_v1_0
WARNING: [IP_Flow 19-1663] Duplicate IP found for 'digilentinc.com:IP:PmodWIFI:1.0'. The one found in IP location 'z:/DAT096/vivado-library-master/ip/Pmods/PmodWIFI_v1_0' will take precedence over the same IP in location z:/DAT096/vivado-library-b0946605e3617c901635278b62d0f6a8e3942844/ip/Pmods/PmodWIFI_v1_0
WARNING: [IP_Flow 19-1663] Duplicate IP found for 'digilentinc.com:ip:pmod_bridge:1.0'. The one found in IP location 'z:/DAT096/vivado-library-master/ip/Pmods/Pmod_Bridge_v1_0' will take precedence over the same IP in location z:/DAT096/vivado-library-b0946605e3617c901635278b62d0f6a8e3942844/ip/Pmods/Pmod_Bridge_v1_0
WARNING: [IP_Flow 19-1663] Duplicate IP found for 'digilentinc.com:ip:pmod_bridge:1.1'. The one found in IP location 'z:/DAT096/vivado-library-master/ip/Pmods/Pmod_Bridge_v1_1' will take precedence over the same IP in location z:/DAT096/vivado-library-b0946605e3617c901635278b62d0f6a8e3942844/ip/Pmods/Pmod_Bridge_v1_1
WARNING: [IP_Flow 19-1663] Duplicate IP found for 'digilentinc.com:IP:PWM:1.0'. The one found in IP location 'z:/DAT096/vivado-library-master/ip/PWM_1.0' will take precedence over the same IP in location z:/DAT096/vivado-library-b0946605e3617c901635278b62d0f6a8e3942844/ip/PWM_1.0
WARNING: [IP_Flow 19-1663] Duplicate IP found for 'digilentinc.com:IP:PWM:2.0'. The one found in IP location 'z:/DAT096/vivado-library-master/ip/PWM_2.0' will take precedence over the same IP in location z:/DAT096/vivado-library-b0946605e3617c901635278b62d0f6a8e3942844/ip/PWM_2.0
WARNING: [IP_Flow 19-1663] Duplicate IP found for 'digilentinc.com:IP:PWM_Analyzer:1.0'. The one found in IP location 'z:/DAT096/vivado-library-master/ip/PWM_Analyzer_1.0' will take precedence over the same IP in location z:/DAT096/vivado-library-b0946605e3617c901635278b62d0f6a8e3942844/ip/PWM_Analyzer_1.0
WARNING: [IP_Flow 19-1663] Duplicate IP found for 'digilentinc.com:ip:rgb2dvi:1.4'. The one found in IP location 'z:/DAT096/vivado-library-master/ip/rgb2dvi' will take precedence over the same IP in location z:/DAT096/vivado-library-b0946605e3617c901635278b62d0f6a8e3942844/ip/rgb2dvi
WARNING: [IP_Flow 19-4830] Duplicate Interface found for 'digilentinc.com:interface:pmod:1.0'. The one found in location 'z:/DAT096/vivado-library-b0946605e3617c901635278b62d0f6a8e3942844/if/pmod_v1_0/pmod.xml' will take precedence over the same Interface in location 'z:/DAT096/vivado-library-master/if/pmod_v1_0/pmod.xml'
WARNING: [IP_Flow 19-4830] Duplicate Interface found for 'digilentinc.com:interface:tmds:1.0'. The one found in location 'z:/DAT096/vivado-library-b0946605e3617c901635278b62d0f6a8e3942844/if/tmds_v1_0/tmds.xml' will take precedence over the same Interface in location 'z:/DAT096/vivado-library-master/if/tmds_v1_0/tmds.xml'
INFO: [IP_Flow 19-5107] Inferred bus interface 'clk' of definition 'xilinx.com:signal:clock:1.0' (from Xilinx Repository).
WARNING: [IP_Flow 19-5661] Bus Interface 'clk' does not have any bus interfaces associated with it.
WARNING: [IP_Flow 19-11770] Clock interface 'clk' has no FREQ_HZ parameter.
WARNING: [IP_Flow 19-1663] Duplicate IP found for 'digilentinc.com:user:axi_i2s_adi:1.2'. The one found in IP location 'z:/DAT096/vivado-library-b0946605e3617c901635278b62d0f6a8e3942844/ip/axi_i2s_adi_1.2' will take precedence over the same IP in location z:/DAT096/vivado-library-master/ip/axi_i2s_adi_1.2
WARNING: [IP_Flow 19-1663] Duplicate IP found for 'digilentinc.com:IP:axi_ps2:1.0'. The one found in IP location 'z:/DAT096/vivado-library-b0946605e3617c901635278b62d0f6a8e3942844/ip/axi_ps2_1.0' will take precedence over the same IP in location z:/DAT096/vivado-library-master/ip/axi_ps2_1.0
WARNING: [IP_Flow 19-1663] Duplicate IP found for 'digilentinc.com:ip:clock_forwarder:1.1'. The one found in IP location 'z:/DAT096/vivado-library-b0946605e3617c901635278b62d0f6a8e3942844/ip/clock_forwarder' will take precedence over the same IP in location z:/DAT096/vivado-library-master/ip/clock_forwarder
WARNING: [IP_Flow 19-1663] Duplicate IP found for 'digilentinc.com:IP:hls_contrast_stretch:1.0'. The one found in IP location 'z:/DAT096/vivado-library-b0946605e3617c901635278b62d0f6a8e3942844/ip/hls_contrast_stretch_1_0' will take precedence over the same IP in location z:/DAT096/vivado-library-master/ip/hls_contrast_stretch_1_0
WARNING: [IP_Flow 19-1663] Duplicate IP found for 'digilentinc.com:IP:hls_gamma_correction:1.0'. The one found in IP location 'z:/DAT096/vivado-library-b0946605e3617c901635278b62d0f6a8e3942844/ip/hls_gamma_correction_1_0' will take precedence over the same IP in location z:/DAT096/vivado-library-master/ip/hls_gamma_correction_1_0
WARNING: [IP_Flow 19-1663] Duplicate IP found for 'digilentinc.com:IP:hls_saturation_enhance:1.0'. The one found in IP location 'z:/DAT096/vivado-library-b0946605e3617c901635278b62d0f6a8e3942844/ip/hls_saturation_enhance_1_0' will take precedence over the same IP in location z:/DAT096/vivado-library-master/ip/hls_saturation_enhance_1_0
WARNING: [IP_Flow 19-1663] Duplicate IP found for 'digilentinc.com:ip:rgb2dpvid:1.0'. The one found in IP location 'z:/DAT096/vivado-library-b0946605e3617c901635278b62d0f6a8e3942844/ip/rgb2dpvid_v1_0' will take precedence over the same IP in location z:/DAT096/vivado-library-master/ip/rgb2dpvid_v1_0
WARNING: [IP_Flow 19-1663] Duplicate IP found for 'digilentinc.com:ip:rgb2vga:1.0'. The one found in IP location 'z:/DAT096/vivado-library-b0946605e3617c901635278b62d0f6a8e3942844/ip/rgb2vga_v1_0' will take precedence over the same IP in location z:/DAT096/vivado-library-master/ip/rgb2vga_v1_0
WARNING: [IP_Flow 19-1663] Duplicate IP found for 'digilentinc.com:ip:Sync:1.0'. The one found in IP location 'z:/DAT096/vivado-library-b0946605e3617c901635278b62d0f6a8e3942844/ip/Sync_v1_0' will take precedence over the same IP in location z:/DAT096/vivado-library-master/ip/Sync_v1_0
WARNING: [IP_Flow 19-1663] Duplicate IP found for 'digilentinc.com:ip:usb2device:1.0'. The one found in IP location 'z:/DAT096/vivado-library-b0946605e3617c901635278b62d0f6a8e3942844/ip/usb2device_v1_0' will take precedence over the same IP in location z:/DAT096/vivado-library-master/ip/usb2device_v1_0
WARNING: [IP_Flow 19-1663] Duplicate IP found for 'digilentinc.com:video:video_scaler:1.0'. The one found in IP location 'z:/DAT096/vivado-library-b0946605e3617c901635278b62d0f6a8e3942844/ip/video_scaler' will take precedence over the same IP in location z:/DAT096/vivado-library-master/ip/video_scaler
WARNING: [IP_Flow 19-1663] Duplicate IP found for 'digilentinc.com:ip:dvi2rgb:2.0'. The one found in IP location 'z:/DAT096/vivado-library-master/ip/dvi2rgb' will take precedence over the same IP in location z:/DAT096/vivado-library-b0946605e3617c901635278b62d0f6a8e3942844/ip/dvi2rgb
WARNING: [IP_Flow 19-1663] Duplicate IP found for 'digilentinc.com:IP:MotorFeedback:1.0'. The one found in IP location 'z:/DAT096/vivado-library-master/ip/MotorFeedback_1.0' will take precedence over the same IP in location z:/DAT096/vivado-library-b0946605e3617c901635278b62d0f6a8e3942844/ip/MotorFeedback_1.0
WARNING: [IP_Flow 19-1663] Duplicate IP found for 'digilentinc.com:IP:PmodACL2:1.0'. The one found in IP location 'z:/DAT096/vivado-library-master/ip/Pmods/PmodACL2_v1_0' will take precedence over the same IP in location z:/DAT096/vivado-library-b0946605e3617c901635278b62d0f6a8e3942844/ip/Pmods/PmodACL2_v1_0
WARNING: [IP_Flow 19-1663] Duplicate IP found for 'digilentinc.com:IP:PmodACL:1.0'. The one found in IP location 'z:/DAT096/vivado-library-master/ip/Pmods/PmodACL_v1_0' will take precedence over the same IP in location z:/DAT096/vivado-library-b0946605e3617c901635278b62d0f6a8e3942844/ip/Pmods/PmodACL_v1_0
WARNING: [IP_Flow 19-1663] Duplicate IP found for 'digilentinc.com:IP:PmodAD1:1.0'. The one found in IP location 'z:/DAT096/vivado-library-master/ip/Pmods/PmodAD1_v1_0' will take precedence over the same IP in location z:/DAT096/vivado-library-b0946605e3617c901635278b62d0f6a8e3942844/ip/Pmods/PmodAD1_v1_0
WARNING: [IP_Flow 19-1663] Duplicate IP found for 'digilentinc.com:IP:PmodAD2:1.0'. The one found in IP location 'z:/DAT096/vivado-library-master/ip/Pmods/PmodAD2_v1_0' will take precedence over the same IP in location z:/DAT096/vivado-library-b0946605e3617c901635278b62d0f6a8e3942844/ip/Pmods/PmodAD2_v1_0
WARNING: [IP_Flow 19-1663] Duplicate IP found for 'digilentinc.com:IP:PmodAD5:1.0'. The one found in IP location 'z:/DAT096/vivado-library-master/ip/Pmods/PmodAD5_v1_0' will take precedence over the same IP in location z:/DAT096/vivado-library-b0946605e3617c901635278b62d0f6a8e3942844/ip/Pmods/PmodAD5_v1_0
WARNING: [IP_Flow 19-1663] Duplicate IP found for 'digilentinc.com:IP:PmodALS:1.0'. The one found in IP location 'z:/DAT096/vivado-library-master/ip/Pmods/PmodALS_v1_0' will take precedence over the same IP in location z:/DAT096/vivado-library-b0946605e3617c901635278b62d0f6a8e3942844/ip/Pmods/PmodALS_v1_0
WARNING: [IP_Flow 19-1663] Duplicate IP found for 'digilentinc.com:IP:PmodAMP2:1.0'. The one found in IP location 'z:/DAT096/vivado-library-master/ip/Pmods/PmodAMP2_v1_0' will take precedence over the same IP in location z:/DAT096/vivado-library-b0946605e3617c901635278b62d0f6a8e3942844/ip/Pmods/PmodAMP2_v1_0
WARNING: [IP_Flow 19-1663] Duplicate IP found for 'digilentinc.com:IP:PmodAQS:1.0'. The one found in IP location 'z:/DAT096/vivado-library-master/ip/Pmods/PmodAQS_v1_0' will take precedence over the same IP in location z:/DAT096/vivado-library-b0946605e3617c901635278b62d0f6a8e3942844/ip/Pmods/PmodAQS_v1_0
WARNING: [IP_Flow 19-1663] Duplicate IP found for 'digilentinc.com:IP:PmodBLE:1.0'. The one found in IP location 'z:/DAT096/vivado-library-master/ip/Pmods/PmodBLE_v1_0' will take precedence over the same IP in location z:/DAT096/vivado-library-b0946605e3617c901635278b62d0f6a8e3942844/ip/Pmods/PmodBLE_v1_0
WARNING: [IP_Flow 19-1663] Duplicate IP found for 'digilentinc.com:IP:PmodBT2:1.0'. The one found in IP location 'z:/DAT096/vivado-library-master/ip/Pmods/PmodBT2_v1_0' will take precedence over the same IP in location z:/DAT096/vivado-library-b0946605e3617c901635278b62d0f6a8e3942844/ip/Pmods/PmodBT2_v1_0
WARNING: [IP_Flow 19-1663] Duplicate IP found for 'digilentinc.com:IP:PmodCAN:1.0'. The one found in IP location 'z:/DAT096/vivado-library-master/ip/Pmods/PmodCAN_v1_0' will take precedence over the same IP in location z:/DAT096/vivado-library-b0946605e3617c901635278b62d0f6a8e3942844/ip/Pmods/PmodCAN_v1_0
WARNING: [IP_Flow 19-1663] Duplicate IP found for 'digilentinc.com:IP:PmodCLS:1.0'. The one found in IP location 'z:/DAT096/vivado-library-master/ip/Pmods/PmodCLS_v1_0' will take precedence over the same IP in location z:/DAT096/vivado-library-b0946605e3617c901635278b62d0f6a8e3942844/ip/Pmods/PmodCLS_v1_0
WARNING: [IP_Flow 19-1663] Duplicate IP found for 'digilentinc.com:IP:PmodCMPS2:1.0'. The one found in IP location 'z:/DAT096/vivado-library-master/ip/Pmods/PmodCMPS2_v1_0' will take precedence over the same IP in location z:/DAT096/vivado-library-b0946605e3617c901635278b62d0f6a8e3942844/ip/Pmods/PmodCMPS2_v1_0
WARNING: [IP_Flow 19-1663] Duplicate IP found for 'digilentinc.com:IP:PmodCOLOR:1.0'. The one found in IP location 'z:/DAT096/vivado-library-master/ip/Pmods/PmodCOLOR_v1_0' will take precedence over the same IP in location z:/DAT096/vivado-library-b0946605e3617c901635278b62d0f6a8e3942844/ip/Pmods/PmodCOLOR_v1_0
WARNING: [IP_Flow 19-1663] Duplicate IP found for 'digilentinc.com:IP:PmodDA1:1.0'. The one found in IP location 'z:/DAT096/vivado-library-master/ip/Pmods/PmodDA1_v1_0' will take precedence over the same IP in location z:/DAT096/vivado-library-b0946605e3617c901635278b62d0f6a8e3942844/ip/Pmods/PmodDA1_v1_0
WARNING: [IP_Flow 19-1663] Duplicate IP found for 'digilentinc.com:IP:PmodDHB1:1.0'. The one found in IP location 'z:/DAT096/vivado-library-master/ip/Pmods/PmodDHB1_v1_0' will take precedence over the same IP in location z:/DAT096/vivado-library-b0946605e3617c901635278b62d0f6a8e3942844/ip/Pmods/PmodDHB1_v1_0
WARNING: [IP_Flow 19-1663] Duplicate IP found for 'digilentinc.com:IP:PmodDPG1:1.0'. The one found in IP location 'z:/DAT096/vivado-library-master/ip/Pmods/PmodDPG1_v1_0' will take precedence over the same IP in location z:/DAT096/vivado-library-b0946605e3617c901635278b62d0f6a8e3942844/ip/Pmods/PmodDPG1_v1_0
WARNING: [IP_Flow 19-1663] Duplicate IP found for 'digilentinc.com:IP:PmodENC:1.0'. The one found in IP location 'z:/DAT096/vivado-library-master/ip/Pmods/PmodENC_v1_0' will take precedence over the same IP in location z:/DAT096/vivado-library-b0946605e3617c901635278b62d0f6a8e3942844/ip/Pmods/PmodENC_v1_0
WARNING: [IP_Flow 19-1663] Duplicate IP found for 'digilentinc.com:user:PmodESP32:1.0'. The one found in IP location 'z:/DAT096/vivado-library-master/ip/Pmods/PmodESP32_v1_0' will take precedence over the same IP in location z:/DAT096/vivado-library-b0946605e3617c901635278b62d0f6a8e3942844/ip/Pmods/PmodESP32_v1_0
WARNING: [IP_Flow 19-1663] Duplicate IP found for 'digilentinc.com:IP:PmodGPIO:1.0'. The one found in IP location 'z:/DAT096/vivado-library-master/ip/Pmods/PmodGPIO_v1_0' will take precedence over the same IP in location z:/DAT096/vivado-library-b0946605e3617c901635278b62d0f6a8e3942844/ip/Pmods/PmodGPIO_v1_0
WARNING: [IP_Flow 19-1663] Duplicate IP found for 'digilentinc.com:IP:PmodGPS:1.1'. The one found in IP location 'z:/DAT096/vivado-library-master/ip/Pmods/PmodGPS_v1_1' will take precedence over the same IP in location z:/DAT096/vivado-library-b0946605e3617c901635278b62d0f6a8e3942844/ip/Pmods/PmodGPS_v1_1
WARNING: [IP_Flow 19-1663] Duplicate IP found for 'digilentinc.com:IP:PmodGYRO:1.0'. The one found in IP location 'z:/DAT096/vivado-library-master/ip/Pmods/PmodGYRO_v1_0' will take precedence over the same IP in location z:/DAT096/vivado-library-b0946605e3617c901635278b62d0f6a8e3942844/ip/Pmods/PmodGYRO_v1_0
WARNING: [IP_Flow 19-1663] Duplicate IP found for 'digilentinc.com:IP:PmodHYGRO:1.0'. The one found in IP location 'z:/DAT096/vivado-library-master/ip/Pmods/PmodHYGRO_v1_0' will take precedence over the same IP in location z:/DAT096/vivado-library-b0946605e3617c901635278b62d0f6a8e3942844/ip/Pmods/PmodHYGRO_v1_0
WARNING: [IP_Flow 19-1663] Duplicate IP found for 'digilentinc.com:IP:PmodJSTK2:1.0'. The one found in IP location 'z:/DAT096/vivado-library-master/ip/Pmods/PmodJSTK2_v1_0' will take precedence over the same IP in location z:/DAT096/vivado-library-b0946605e3617c901635278b62d0f6a8e3942844/ip/Pmods/PmodJSTK2_v1_0
WARNING: [IP_Flow 19-1663] Duplicate IP found for 'digilentinc.com:IP:PmodJSTK:1.0'. The one found in IP location 'z:/DAT096/vivado-library-master/ip/Pmods/PmodJSTK_v1_0' will take precedence over the same IP in location z:/DAT096/vivado-library-b0946605e3617c901635278b62d0f6a8e3942844/ip/Pmods/PmodJSTK_v1_0
WARNING: [IP_Flow 19-1663] Duplicate IP found for 'digilentinc.com:IP:PmodKYPD:1.0'. The one found in IP location 'z:/DAT096/vivado-library-master/ip/Pmods/PmodKYPD_v1_0' will take precedence over the same IP in location z:/DAT096/vivado-library-b0946605e3617c901635278b62d0f6a8e3942844/ip/Pmods/PmodKYPD_v1_0
WARNING: [IP_Flow 19-1663] Duplicate IP found for 'digilentinc.com:IP:PmodMAXSONAR:1.0'. The one found in IP location 'z:/DAT096/vivado-library-master/ip/Pmods/PmodMAXSONAR_v1_0' will take precedence over the same IP in location z:/DAT096/vivado-library-b0946605e3617c901635278b62d0f6a8e3942844/ip/Pmods/PmodMAXSONAR_v1_0
WARNING: [IP_Flow 19-1663] Duplicate IP found for 'digilentinc.com:IP:PmodMTDS:1.0'. The one found in IP location 'z:/DAT096/vivado-library-master/ip/Pmods/PmodMTDS_v1_0' will take precedence over the same IP in location z:/DAT096/vivado-library-b0946605e3617c901635278b62d0f6a8e3942844/ip/Pmods/PmodMTDS_v1_0
WARNING: [IP_Flow 19-1663] Duplicate IP found for 'digilentinc.com:IP:PmodNAV:1.0'. The one found in IP location 'z:/DAT096/vivado-library-master/ip/Pmods/PmodNAV_v1_0' will take precedence over the same IP in location z:/DAT096/vivado-library-b0946605e3617c901635278b62d0f6a8e3942844/ip/Pmods/PmodNAV_v1_0
WARNING: [IP_Flow 19-1663] Duplicate IP found for 'digilentinc.com:IP:PmodOLEDrgb:1.0'. The one found in IP location 'z:/DAT096/vivado-library-master/ip/Pmods/pmodOLEDrgb_v1_0' will take precedence over the same IP in location z:/DAT096/vivado-library-b0946605e3617c901635278b62d0f6a8e3942844/ip/Pmods/pmodOLEDrgb_v1_0
WARNING: [IP_Flow 19-1663] Duplicate IP found for 'digilentinc.com:IP:PmodOLED:1.0'. The one found in IP location 'z:/DAT096/vivado-library-master/ip/Pmods/PmodOLED_v1_0' will take precedence over the same IP in location z:/DAT096/vivado-library-b0946605e3617c901635278b62d0f6a8e3942844/ip/Pmods/PmodOLED_v1_0
WARNING: [IP_Flow 19-1663] Duplicate IP found for 'digilentinc.com:IP:PmodPIR:1.0'. The one found in IP location 'z:/DAT096/vivado-library-master/ip/Pmods/PmodPIR_v1_0' will take precedence over the same IP in location z:/DAT096/vivado-library-b0946605e3617c901635278b62d0f6a8e3942844/ip/Pmods/PmodPIR_v1_0
WARNING: [IP_Flow 19-1663] Duplicate IP found for 'digilentinc.com:IP:PmodR2R:1.0'. The one found in IP location 'z:/DAT096/vivado-library-master/ip/Pmods/PmodR2R_v1_0' will take precedence over the same IP in location z:/DAT096/vivado-library-b0946605e3617c901635278b62d0f6a8e3942844/ip/Pmods/PmodR2R_v1_0
WARNING: [IP_Flow 19-1663] Duplicate IP found for 'digilentinc.com:IP:PmodRTCC:1.0'. The one found in IP location 'z:/DAT096/vivado-library-master/ip/Pmods/PmodRTCC_v1_0' will take precedence over the same IP in location z:/DAT096/vivado-library-b0946605e3617c901635278b62d0f6a8e3942844/ip/Pmods/PmodRTCC_v1_0
WARNING: [IP_Flow 19-1663] Duplicate IP found for 'digilentinc.com:IP:PmodSD:1.0'. The one found in IP location 'z:/DAT096/vivado-library-master/ip/Pmods/PmodSD_v1_0' will take precedence over the same IP in location z:/DAT096/vivado-library-b0946605e3617c901635278b62d0f6a8e3942844/ip/Pmods/PmodSD_v1_0
WARNING: [IP_Flow 19-1663] Duplicate IP found for 'digilentinc.com:IP:PmodSF3:1.0'. The one found in IP location 'z:/DAT096/vivado-library-master/ip/Pmods/PmodSF3_v1_0' will take precedence over the same IP in location z:/DAT096/vivado-library-b0946605e3617c901635278b62d0f6a8e3942844/ip/Pmods/PmodSF3_v1_0
WARNING: [IP_Flow 19-1663] Duplicate IP found for 'digilentinc.com:IP:PmodTC1:1.0'. The one found in IP location 'z:/DAT096/vivado-library-master/ip/Pmods/PmodTC1_v1_0' will take precedence over the same IP in location z:/DAT096/vivado-library-b0946605e3617c901635278b62d0f6a8e3942844/ip/Pmods/PmodTC1_v1_0
WARNING: [IP_Flow 19-1663] Duplicate IP found for 'digilentinc.com:IP:PmodTMP3:1.0'. The one found in IP location 'z:/DAT096/vivado-library-master/ip/Pmods/PmodTMP3_v1_0' will take precedence over the same IP in location z:/DAT096/vivado-library-b0946605e3617c901635278b62d0f6a8e3942844/ip/Pmods/PmodTMP3_v1_0
WARNING: [IP_Flow 19-1663] Duplicate IP found for 'digilentinc.com:IP:PmodWIFI:1.0'. The one found in IP location 'z:/DAT096/vivado-library-master/ip/Pmods/PmodWIFI_v1_0' will take precedence over the same IP in location z:/DAT096/vivado-library-b0946605e3617c901635278b62d0f6a8e3942844/ip/Pmods/PmodWIFI_v1_0
WARNING: [IP_Flow 19-1663] Duplicate IP found for 'digilentinc.com:ip:pmod_bridge:1.0'. The one found in IP location 'z:/DAT096/vivado-library-master/ip/Pmods/Pmod_Bridge_v1_0' will take precedence over the same IP in location z:/DAT096/vivado-library-b0946605e3617c901635278b62d0f6a8e3942844/ip/Pmods/Pmod_Bridge_v1_0
WARNING: [IP_Flow 19-1663] Duplicate IP found for 'digilentinc.com:ip:pmod_bridge:1.1'. The one found in IP location 'z:/DAT096/vivado-library-master/ip/Pmods/Pmod_Bridge_v1_1' will take precedence over the same IP in location z:/DAT096/vivado-library-b0946605e3617c901635278b62d0f6a8e3942844/ip/Pmods/Pmod_Bridge_v1_1
WARNING: [IP_Flow 19-1663] Duplicate IP found for 'digilentinc.com:IP:PWM:1.0'. The one found in IP location 'z:/DAT096/vivado-library-master/ip/PWM_1.0' will take precedence over the same IP in location z:/DAT096/vivado-library-b0946605e3617c901635278b62d0f6a8e3942844/ip/PWM_1.0
WARNING: [IP_Flow 19-1663] Duplicate IP found for 'digilentinc.com:IP:PWM:2.0'. The one found in IP location 'z:/DAT096/vivado-library-master/ip/PWM_2.0' will take precedence over the same IP in location z:/DAT096/vivado-library-b0946605e3617c901635278b62d0f6a8e3942844/ip/PWM_2.0
WARNING: [IP_Flow 19-1663] Duplicate IP found for 'digilentinc.com:IP:PWM_Analyzer:1.0'. The one found in IP location 'z:/DAT096/vivado-library-master/ip/PWM_Analyzer_1.0' will take precedence over the same IP in location z:/DAT096/vivado-library-b0946605e3617c901635278b62d0f6a8e3942844/ip/PWM_Analyzer_1.0
WARNING: [IP_Flow 19-1663] Duplicate IP found for 'digilentinc.com:ip:rgb2dvi:1.4'. The one found in IP location 'z:/DAT096/vivado-library-master/ip/rgb2dvi' will take precedence over the same IP in location z:/DAT096/vivado-library-b0946605e3617c901635278b62d0f6a8e3942844/ip/rgb2dvi
WARNING: [IP_Flow 19-4830] Duplicate Interface found for 'digilentinc.com:interface:pmod:1.0'. The one found in location 'z:/DAT096/vivado-library-b0946605e3617c901635278b62d0f6a8e3942844/if/pmod_v1_0/pmod.xml' will take precedence over the same Interface in location 'z:/DAT096/vivado-library-master/if/pmod_v1_0/pmod.xml'
WARNING: [IP_Flow 19-4830] Duplicate Interface found for 'digilentinc.com:interface:tmds:1.0'. The one found in location 'z:/DAT096/vivado-library-b0946605e3617c901635278b62d0f6a8e3942844/if/tmds_v1_0/tmds.xml' will take precedence over the same Interface in location 'z:/DAT096/vivado-library-master/if/tmds_v1_0/tmds.xml'
Upgrading 'Z:/DAT096/DAT096-krish/Embedded-System-Project-DAT096-krishna/Board_2/Board_2/Board_2.srcs/sources_1/bd/design_2/design_2.bd'
ERROR: [Common 17-180] Spawn failed: No error
WARNING: [Vivado 12-1017] Problems encountered:
1. Failed to delete one or more files in run directory Z:/DAT096/DAT096-krish/Embedded-System-Project-DAT096-krishna/Board_2/Board_2/Board_2.runs/design_2_vcsel_conv_0_0_synth_1

INFO: [IP_Flow 19-3420] Updated design_2_vcsel_conv_0_0 to use current project options
WARNING: [IP_Flow 19-4706] Upgraded port 'noise_data' width 9 differs from original width 8
WARNING: [IP_Flow 19-3298] Detected external port differences while upgrading 'design_2_vcsel_conv_0_0'. These changes may impact your design.
CRITICAL WARNING: [Coretcl 2-1280] The upgrade of 'design_2_vcsel_conv_0_0' has identified issues that may require user intervention. Please verify that the instance is correctly configured, and review any upgrade messages.
Wrote  : <Z:\DAT096\DAT096-krish\Embedded-System-Project-DAT096-krishna\Board_2\Board_2\Board_2.srcs\sources_1\bd\design_2\design_2.bd> 
ERROR: [Common 17-39] 'upgrade_ip' failed due to earlier errors.
ERROR: [Common 17-39] 'upgrade_ip' failed due to earlier errors.
WARNING: [filemgmt 56-199] Attempt to get parsing info during refresh. "On-the-fly" syntax checking information may be incorrect. [Z:\DAT096\DAT096-krish\Embedded-System-Project-DAT096-krishna\Board_2\Board_2\Board_2.srcs\sources_1\new\vcsel_static.vhd:]
WARNING: [filemgmt 56-199] Attempt to get parsing info during refresh. "On-the-fly" syntax checking information may be incorrect. [Z:\DAT096\DAT096-krish\Embedded-System-Project-DAT096-krishna\Board_2\Board_2\Board_2.srcs\sources_1\new\vcsel_iir.vhd:]
WARNING: [filemgmt 56-199] Attempt to get parsing info during refresh. "On-the-fly" syntax checking information may be incorrect. [Z:\DAT096\DAT096-krish\Embedded-System-Project-DAT096-krishna\Board_2\Board_2\Board_2.srcs\sources_1\new\vcsel_conv.vhd:]
WARNING: [filemgmt 56-199] Attempt to get parsing info during refresh. "On-the-fly" syntax checking information may be incorrect. [Z:\DAT096\DAT096-krish\Embedded-System-Project-DAT096-krishna\Board_2\Board_2\Board_2.srcs\sources_1\new\vcsel_static.vhd:]
WARNING: [filemgmt 56-199] Attempt to get parsing info during refresh. "On-the-fly" syntax checking information may be incorrect. [Z:\DAT096\DAT096-krish\Embedded-System-Project-DAT096-krishna\Board_2\Board_2\Board_2.srcs\sources_1\new\vcsel_static.vhd:]
WARNING: [filemgmt 56-199] Attempt to get parsing info during refresh. "On-the-fly" syntax checking information may be incorrect. [Z:\DAT096\DAT096-krish\Embedded-System-Project-DAT096-krishna\Board_2\Board_2\Board_2.srcs\sources_1\new\vcsel_static.vhd:]
WARNING: [filemgmt 56-199] Attempt to get parsing info during refresh. "On-the-fly" syntax checking information may be incorrect. [Z:\DAT096\DAT096-krish\Embedded-System-Project-DAT096-krishna\Board_2\Board_2\Board_2.srcs\sources_1\new\vcsel_iir.vhd:]
WARNING: [filemgmt 56-199] Attempt to get parsing info during refresh. "On-the-fly" syntax checking information may be incorrect. [Z:\DAT096\DAT096-krish\Embedded-System-Project-DAT096-krishna\Board_2\Board_2\Board_2.srcs\sources_1\new\vcsel_conv.vhd:]
WARNING: [filemgmt 56-199] Attempt to get parsing info during refresh. "On-the-fly" syntax checking information may be incorrect. [Z:\DAT096\DAT096-krish\Embedded-System-Project-DAT096-krishna\Board_2\Board_2\Board_2.srcs\sources_1\new\vcsel_conv.vhd:]
WARNING: [filemgmt 56-199] Attempt to get parsing info during refresh. "On-the-fly" syntax checking information may be incorrect. [Z:\DAT096\DAT096-krish\Embedded-System-Project-DAT096-krishna\Board_2\Board_2\Board_2.srcs\sources_1\new\vcsel_conv.vhd:]
ERROR: [Common 17-180] Spawn failed: No error
report_ip_status -name ip_status 
reset_run synth_1
INFO: [Project 1-1161] Replacing file Z:/DAT096/DAT096-krish/Embedded-System-Project-DAT096-krishna/Board_2/Board_2/Board_2.srcs/utils_1/imports/synth_1/design_2_wrapper.dcp with file Z:/DAT096/DAT096-krish/Embedded-System-Project-DAT096-krishna/Board_2/Board_2/Board_2.runs/synth_1/design_2_wrapper.dcp
WARNING: [Vivado 12-1017] Problems encountered:
1. Failed to delete one or more files in run directory Z:/DAT096/DAT096-krish/Embedded-System-Project-DAT096-krishna/Board_2/Board_2/Board_2.runs/synth_1

launch_runs impl_1 -to_step write_bitstream -jobs 28
WARNING: [BD 41-2670] Found an incomplete address path from address space '/processing_system7_0/Data' to master interface '/processing_system7_0/M_AXI_GP0'. Please either complete or remove this path to resolve.
WARNING: [filemgmt 56-199] Attempt to get parsing info during refresh. "On-the-fly" syntax checking information may be incorrect. [Z:\DAT096\DAT096-krish\Embedded-System-Project-DAT096-krishna\Board_2\Board_2\Board_2.srcs\sources_1\new\vcsel_static.vhd:]
WARNING: [filemgmt 56-199] Attempt to get parsing info during refresh. "On-the-fly" syntax checking information may be incorrect. [Z:\DAT096\DAT096-krish\Embedded-System-Project-DAT096-krishna\Board_2\Board_2\Board_2.srcs\sources_1\new\vcsel_iir.vhd:]
WARNING: [filemgmt 56-199] Attempt to get parsing info during refresh. "On-the-fly" syntax checking information may be incorrect. [Z:\DAT096\DAT096-krish\Embedded-System-Project-DAT096-krishna\Board_2\Board_2\Board_2.srcs\sources_1\new\vcsel_conv.vhd:]
WARNING: [filemgmt 56-199] Attempt to get parsing info during refresh. "On-the-fly" syntax checking information may be incorrect. [Z:\DAT096\DAT096-krish\Embedded-System-Project-DAT096-krishna\Board_2\Board_2\Board_2.srcs\sources_1\new\vcsel_iir.vhd:]
WARNING: [filemgmt 56-199] Attempt to get parsing info during refresh. "On-the-fly" syntax checking information may be incorrect. [Z:\DAT096\DAT096-krish\Embedded-System-Project-DAT096-krishna\Board_2\Board_2\Board_2.srcs\sources_1\new\vcsel_iir.vhd:]
WARNING: [BD 5-699] No address segments matched 'get_bd_addr_segs -of_objects /processing_system7_0/Data'
ERROR: [Common 17-161] Invalid option value '' specified for 'object'.
ERROR: [BD 41-1273] Error running propagate TCL procedure: ERROR: [Common 17-161] Invalid option value '' specified for 'object'.
    ::xilinx.com_ip_ila_6.2::propagate Line 95
INFO: [xilinx.com:ip:clk_wiz:6.0-1] /clk_wiz_0 clk_wiz propagate
Wrote  : <Z:\DAT096\DAT096-krish\Embedded-System-Project-DAT096-krishna\Board_2\Board_2\Board_2.srcs\sources_1\bd\design_2\design_2.bd> 
VHDL Output written to : z:/DAT096/DAT096-krish/Embedded-System-Project-DAT096-krishna/Board_2/Board_2/Board_2.gen/sources_1/bd/design_2/synth/design_2.vhd
VHDL Output written to : z:/DAT096/DAT096-krish/Embedded-System-Project-DAT096-krishna/Board_2/Board_2/Board_2.gen/sources_1/bd/design_2/sim/design_2.vhd
VHDL Output written to : z:/DAT096/DAT096-krish/Embedded-System-Project-DAT096-krishna/Board_2/Board_2/Board_2.gen/sources_1/bd/design_2/hdl/design_2_wrapper.vhd
INFO: [BD 41-1029] Generation completed for the IP Integrator block top_awgn_0 .
INFO: [BD 41-1029] Generation completed for the IP Integrator block vcsel_conv_0 .
Exporting to file z:/DAT096/DAT096-krish/Embedded-System-Project-DAT096-krishna/Board_2/Board_2/Board_2.gen/sources_1/bd/design_2/hw_handoff/design_2.hwh
Generated Hardware Definition File z:/DAT096/DAT096-krish/Embedded-System-Project-DAT096-krishna/Board_2/Board_2/Board_2.gen/sources_1/bd/design_2/synth/design_2.hwdef
INFO: [IP_Flow 19-6924] IPCACHE: Running cache check for IP inst: design_2_top_awgn_0_0
ERROR: [Vivado 12-4756] Launch of runs aborted due to earlier errors while preparing sub-designs for run execution.
WARNING: [filemgmt 56-199] Attempt to get parsing info during refresh. "On-the-fly" syntax checking information may be incorrect. [Z:\DAT096\DAT096-krish\Embedded-System-Project-DAT096-krishna\Board_2\Board_2\Board_2.srcs\sources_1\new\vcsel_static.vhd:]
WARNING: [filemgmt 56-199] Attempt to get parsing info during refresh. "On-the-fly" syntax checking information may be incorrect. [Z:\DAT096\DAT096-krish\Embedded-System-Project-DAT096-krishna\Board_2\Board_2\Board_2.srcs\sources_1\new\vcsel_iir.vhd:]
WARNING: [filemgmt 56-199] Attempt to get parsing info during refresh. "On-the-fly" syntax checking information may be incorrect. [Z:\DAT096\DAT096-krish\Embedded-System-Project-DAT096-krishna\Board_2\Board_2\Board_2.srcs\sources_1\new\vcsel_conv.vhd:]
WARNING: [filemgmt 56-199] Attempt to get parsing info during refresh. "On-the-fly" syntax checking information may be incorrect. [Z:\DAT096\DAT096-krish\Embedded-System-Project-DAT096-krishna\Board_2\Board_2\Board_2.srcs\sources_1\new\vcsel_iir.vhd:]
WARNING: [filemgmt 56-199] Attempt to get parsing info during refresh. "On-the-fly" syntax checking information may be incorrect. [Z:\DAT096\DAT096-krish\Embedded-System-Project-DAT096-krishna\Board_2\Board_2\Board_2.srcs\sources_1\new\vcsel_iir.vhd:]
WARNING: [filemgmt 56-199] Attempt to get parsing info during refresh. "On-the-fly" syntax checking information may be incorrect. [Z:\DAT096\DAT096-krish\Embedded-System-Project-DAT096-krishna\Board_2\Board_2\Board_2.srcs\sources_1\new\vcsel_static.vhd:]
WARNING: [filemgmt 56-199] Attempt to get parsing info during refresh. "On-the-fly" syntax checking information may be incorrect. [Z:\DAT096\DAT096-krish\Embedded-System-Project-DAT096-krishna\Board_2\Board_2\Board_2.srcs\sources_1\new\vcsel_iir.vhd:]
WARNING: [filemgmt 56-199] Attempt to get parsing info during refresh. "On-the-fly" syntax checking information may be incorrect. [Z:\DAT096\DAT096-krish\Embedded-System-Project-DAT096-krishna\Board_2\Board_2\Board_2.srcs\sources_1\new\vcsel_conv.vhd:]
WARNING: [filemgmt 56-199] Attempt to get parsing info during refresh. "On-the-fly" syntax checking information may be incorrect. [Z:\DAT096\DAT096-krish\Embedded-System-Project-DAT096-krishna\Board_2\Board_2\Board_2.srcs\sources_1\new\vcsel_static.vhd:]
WARNING: [filemgmt 56-199] Attempt to get parsing info during refresh. "On-the-fly" syntax checking information may be incorrect. [Z:\DAT096\DAT096-krish\Embedded-System-Project-DAT096-krishna\Board_2\Board_2\Board_2.srcs\sources_1\new\vcsel_static.vhd:]
ERROR: [Common 17-180] Spawn failed: No error
launch_runs impl_1 -to_step write_bitstream -jobs 28
INFO: [IP_Flow 19-6924] IPCACHE: Running cache check for IP inst: design_2_top_awgn_0_0
[Wed May 27 23:17:27 2026] Launched design_2_vcsel_conv_0_0_synth_1, design_2_top_awgn_0_0_synth_1, synth_1...
Run output will be captured here:
design_2_vcsel_conv_0_0_synth_1: Z:/DAT096/DAT096-krish/Embedded-System-Project-DAT096-krishna/Board_2/Board_2/Board_2.runs/design_2_vcsel_conv_0_0_synth_1/runme.log
design_2_top_awgn_0_0_synth_1: Z:/DAT096/DAT096-krish/Embedded-System-Project-DAT096-krishna/Board_2/Board_2/Board_2.runs/design_2_top_awgn_0_0_synth_1/runme.log
synth_1: Z:/DAT096/DAT096-krish/Embedded-System-Project-DAT096-krishna/Board_2/Board_2/Board_2.runs/synth_1/runme.log
[Wed May 27 23:17:27 2026] Launched impl_1...
Run output will be captured here: Z:/DAT096/DAT096-krish/Embedded-System-Project-DAT096-krishna/Board_2/Board_2/Board_2.runs/impl_1/runme.log
launch_runs: Time (s): cpu = 00:00:01 ; elapsed = 00:00:06 . Memory (MB): peak = 2587.293 ; gain = 0.000
WARNING: [filemgmt 56-199] Attempt to get parsing info during refresh. "On-the-fly" syntax checking information may be incorrect. [Z:\DAT096\DAT096-krish\Embedded-System-Project-DAT096-krishna\Board_2\Board_2\Board_2.srcs\sources_1\new\vcsel_static.vhd:]
WARNING: [filemgmt 56-199] Attempt to get parsing info during refresh. "On-the-fly" syntax checking information may be incorrect. [Z:\DAT096\DAT096-krish\Embedded-System-Project-DAT096-krishna\Board_2\Board_2\Board_2.srcs\sources_1\new\vcsel_iir.vhd:]
WARNING: [filemgmt 56-199] Attempt to get parsing info during refresh. "On-the-fly" syntax checking information may be incorrect. [Z:\DAT096\DAT096-krish\Embedded-System-Project-DAT096-krishna\Board_2\Board_2\Board_2.srcs\sources_1\new\vcsel_conv.vhd:]
WARNING: [filemgmt 56-199] Attempt to get parsing info during refresh. "On-the-fly" syntax checking information may be incorrect. [Z:\DAT096\DAT096-krish\Embedded-System-Project-DAT096-krishna\Board_2\Board_2\Board_2.srcs\sources_1\new\vcsel_iir.vhd:]
WARNING: [filemgmt 56-199] Attempt to get parsing info during refresh. "On-the-fly" syntax checking information may be incorrect. [Z:\DAT096\DAT096-krish\Embedded-System-Project-DAT096-krishna\Board_2\Board_2\Board_2.srcs\sources_1\new\vcsel_iir.vhd:]
WARNING: [filemgmt 56-199] Attempt to get parsing info during refresh. "On-the-fly" syntax checking information may be incorrect. [Z:\DAT096\DAT096-krish\Embedded-System-Project-DAT096-krishna\Board_2\Board_2\Board_2.srcs\sources_1\new\vcsel_static.vhd:]
WARNING: [filemgmt 56-199] Attempt to get parsing info during refresh. "On-the-fly" syntax checking information may be incorrect. [Z:\DAT096\DAT096-krish\Embedded-System-Project-DAT096-krishna\Board_2\Board_2\Board_2.srcs\sources_1\new\vcsel_iir.vhd:]
WARNING: [filemgmt 56-199] Attempt to get parsing info during refresh. "On-the-fly" syntax checking information may be incorrect. [Z:\DAT096\DAT096-krish\Embedded-System-Project-DAT096-krishna\Board_2\Board_2\Board_2.srcs\sources_1\new\vcsel_conv.vhd:]
WARNING: [filemgmt 56-199] Attempt to get parsing info during refresh. "On-the-fly" syntax checking information may be incorrect. [Z:\DAT096\DAT096-krish\Embedded-System-Project-DAT096-krishna\Board_2\Board_2\Board_2.srcs\sources_1\new\vcsel_conv.vhd:]
WARNING: [filemgmt 56-199] Attempt to get parsing info during refresh. "On-the-fly" syntax checking information may be incorrect. [Z:\DAT096\DAT096-krish\Embedded-System-Project-DAT096-krishna\Board_2\Board_2\Board_2.srcs\sources_1\new\vcsel_conv.vhd:]
ERROR: [Common 17-180] Spawn failed: No error
WARNING: [filemgmt 56-199] Attempt to get parsing info during refresh. "On-the-fly" syntax checking information may be incorrect. [Z:\DAT096\DAT096-krish\Embedded-System-Project-DAT096-krishna\Board_2\Board_2\Board_2.srcs\sources_1\new\vcsel_static.vhd:]
WARNING: [filemgmt 56-199] Attempt to get parsing info during refresh. "On-the-fly" syntax checking information may be incorrect. [Z:\DAT096\DAT096-krish\Embedded-System-Project-DAT096-krishna\Board_2\Board_2\Board_2.srcs\sources_1\new\vcsel_iir.vhd:]
WARNING: [filemgmt 56-199] Attempt to get parsing info during refresh. "On-the-fly" syntax checking information may be incorrect. [Z:\DAT096\DAT096-krish\Embedded-System-Project-DAT096-krishna\Board_2\Board_2\Board_2.srcs\sources_1\new\vcsel_conv.vhd:]
WARNING: [filemgmt 56-199] Attempt to get parsing info during refresh. "On-the-fly" syntax checking information may be incorrect. [Z:\DAT096\DAT096-krish\Embedded-System-Project-DAT096-krishna\Board_2\Board_2\Board_2.srcs\sources_1\new\vcsel_iir.vhd:]
WARNING: [filemgmt 56-199] Attempt to get parsing info during refresh. "On-the-fly" syntax checking information may be incorrect. [Z:\DAT096\DAT096-krish\Embedded-System-Project-DAT096-krishna\Board_2\Board_2\Board_2.srcs\sources_1\new\vcsel_iir.vhd:]
WARNING: [filemgmt 56-199] Attempt to get parsing info during refresh. "On-the-fly" syntax checking information may be incorrect. [Z:\DAT096\DAT096-krish\Embedded-System-Project-DAT096-krishna\Board_2\Board_2\Board_2.srcs\sources_1\new\vcsel_static.vhd:]
set_property PROBES.FILE {Z:/DAT096/DAT096-krish/Embedded-System-Project-DAT096-krishna/Board_2/Board_2/Board_2.runs/impl_1/design_2_wrapper.ltx} [get_hw_devices xc7z020_1_1]
set_property FULL_PROBES.FILE {Z:/DAT096/DAT096-krish/Embedded-System-Project-DAT096-krishna/Board_2/Board_2/Board_2.runs/impl_1/design_2_wrapper.ltx} [get_hw_devices xc7z020_1_1]
set_property PROGRAM.FILE {Z:/DAT096/DAT096-krish/Embedded-System-Project-DAT096-krishna/Board_2/Board_2/Board_2.runs/impl_1/design_2_wrapper.bit} [get_hw_devices xc7z020_1_1]
program_hw_devices [get_hw_devices xc7z020_1_1]
INFO: [Labtools 27-3164] End of startup status: HIGH
refresh_hw_device [lindex [get_hw_devices xc7z020_1_1] 0]
INFO: [Labtools 27-2302] Device xc7z020 (JTAG device index = 1) is programmed with a design that has 1 ILA core(s).
INFO: [Labtools 27-2302] Device xc7z020 (JTAG device index = 1) is programmed with a design that has 2 VIO core(s).
run_hw_ila [get_hw_ilas -of_objects [get_hw_devices xc7z020_1_1] -filter {CELL_NAME=~"design_2_i/ila_0"}]
INFO: [Labtools 27-1964] The ILA core 'hw_ila_1' trigger was armed at 2026-May-27 23:22:50
wait_on_hw_ila [get_hw_ilas -of_objects [get_hw_devices xc7z020_1_1] -filter {CELL_NAME=~"design_2_i/ila_0"}]
display_hw_ila_data [upload_hw_ila_data [get_hw_ilas -of_objects [get_hw_devices xc7z020_1_1] -filter {CELL_NAME=~"design_2_i/ila_0"}]]
INFO: [Labtools 27-1966] The ILA core 'hw_ila_1' triggered at 2026-May-27 23:22:50
INFO: [Labtools 27-3304] ILA Waveform data saved to file Z:/DAT096/DAT096-krish/Embedded-System-Project-DAT096-krishna/Board_2/Board_2/Board_2.hw/backup/hw_ila_data_1.ila. Use Tcl command 'read_hw_ila_data' or Vivado File->Import->Import ILA Data menu item to import the previously saved data.
set_property PROBES.FILE {Z:/DAT096/DAT096-krish/Embedded-System-Project-DAT096-krishna/Board_2/Board_2/Board_2.runs/impl_1/design_2_wrapper.ltx} [get_hw_devices xc7z020_1_1]
set_property FULL_PROBES.FILE {Z:/DAT096/DAT096-krish/Embedded-System-Project-DAT096-krishna/Board_2/Board_2/Board_2.runs/impl_1/design_2_wrapper.ltx} [get_hw_devices xc7z020_1_1]
set_property PROGRAM.FILE {Z:/DAT096/DAT096-krish/Embedded-System-Project-DAT096-krishna/Board_2/Board_2/Board_2.runs/impl_1/design_2_wrapper.bit} [get_hw_devices xc7z020_1_1]
program_hw_devices [get_hw_devices xc7z020_1_1]
INFO: [Labtools 27-3164] End of startup status: HIGH
refresh_hw_device [lindex [get_hw_devices xc7z020_1_1] 0]
INFO: [Labtools 27-2302] Device xc7z020 (JTAG device index = 1) is programmed with a design that has 1 ILA core(s).
INFO: [Labtools 27-2302] Device xc7z020 (JTAG device index = 1) is programmed with a design that has 2 VIO core(s).
set_property OUTPUT_VALUE 2 [get_hw_probes design_2_i/vio_1_probe_out0 -of_objects [get_hw_vios -of_objects [get_hw_devices xc7z020_1_1] -filter {CELL_NAME=~"design_2_i/vio_1"}]]
commit_hw_vio [get_hw_probes {design_2_i/vio_1_probe_out0} -of_objects [get_hw_vios -of_objects [get_hw_devices xc7z020_1_1] -filter {CELL_NAME=~"design_2_i/vio_1"}]]
set_property OUTPUT_VALUE 2 [get_hw_probes design_2_i/vio_1_probe_out0 -of_objects [get_hw_vios -of_objects [get_hw_devices xc7z020_1_1] -filter {CELL_NAME=~"design_2_i/vio_1"}]]
commit_hw_vio [get_hw_probes {design_2_i/vio_1_probe_out0} -of_objects [get_hw_vios -of_objects [get_hw_devices xc7z020_1_1] -filter {CELL_NAME=~"design_2_i/vio_1"}]]
set_property OUTPUT_VALUE 3 [get_hw_probes design_2_i/vio_1_probe_out0 -of_objects [get_hw_vios -of_objects [get_hw_devices xc7z020_1_1] -filter {CELL_NAME=~"design_2_i/vio_1"}]]
commit_hw_vio [get_hw_probes {design_2_i/vio_1_probe_out0} -of_objects [get_hw_vios -of_objects [get_hw_devices xc7z020_1_1] -filter {CELL_NAME=~"design_2_i/vio_1"}]]
set_property OUTPUT_VALUE 3 [get_hw_probes design_2_i/vio_1_probe_out0 -of_objects [get_hw_vios -of_objects [get_hw_devices xc7z020_1_1] -filter {CELL_NAME=~"design_2_i/vio_1"}]]
commit_hw_vio [get_hw_probes {design_2_i/vio_1_probe_out0} -of_objects [get_hw_vios -of_objects [get_hw_devices xc7z020_1_1] -filter {CELL_NAME=~"design_2_i/vio_1"}]]
set_property OUTPUT_VALUE 1 [get_hw_probes design_2_i/vio_1_probe_out0 -of_objects [get_hw_vios -of_objects [get_hw_devices xc7z020_1_1] -filter {CELL_NAME=~"design_2_i/vio_1"}]]
commit_hw_vio [get_hw_probes {design_2_i/vio_1_probe_out0} -of_objects [get_hw_vios -of_objects [get_hw_devices xc7z020_1_1] -filter {CELL_NAME=~"design_2_i/vio_1"}]]
set_property OUTPUT_VALUE 0 [get_hw_probes design_2_i/vio_1_probe_out0 -of_objects [get_hw_vios -of_objects [get_hw_devices xc7z020_1_1] -filter {CELL_NAME=~"design_2_i/vio_1"}]]
commit_hw_vio [get_hw_probes {design_2_i/vio_1_probe_out0} -of_objects [get_hw_vios -of_objects [get_hw_devices xc7z020_1_1] -filter {CELL_NAME=~"design_2_i/vio_1"}]]
set_property OUTPUT_VALUE 1 [get_hw_probes design_2_i/vio_1_probe_out0 -of_objects [get_hw_vios -of_objects [get_hw_devices xc7z020_1_1] -filter {CELL_NAME=~"design_2_i/vio_1"}]]
commit_hw_vio [get_hw_probes {design_2_i/vio_1_probe_out0} -of_objects [get_hw_vios -of_objects [get_hw_devices xc7z020_1_1] -filter {CELL_NAME=~"design_2_i/vio_1"}]]
set_property OUTPUT_VALUE 3 [get_hw_probes design_2_i/vio_1_probe_out0 -of_objects [get_hw_vios -of_objects [get_hw_devices xc7z020_1_1] -filter {CELL_NAME=~"design_2_i/vio_1"}]]
commit_hw_vio [get_hw_probes {design_2_i/vio_1_probe_out0} -of_objects [get_hw_vios -of_objects [get_hw_devices xc7z020_1_1] -filter {CELL_NAME=~"design_2_i/vio_1"}]]
set_property OUTPUT_VALUE 2 [get_hw_probes design_2_i/vio_1_probe_out0 -of_objects [get_hw_vios -of_objects [get_hw_devices xc7z020_1_1] -filter {CELL_NAME=~"design_2_i/vio_1"}]]
commit_hw_vio [get_hw_probes {design_2_i/vio_1_probe_out0} -of_objects [get_hw_vios -of_objects [get_hw_devices xc7z020_1_1] -filter {CELL_NAME=~"design_2_i/vio_1"}]]
set_property OUTPUT_VALUE 3 [get_hw_probes design_2_i/vio_1_probe_out0 -of_objects [get_hw_vios -of_objects [get_hw_devices xc7z020_1_1] -filter {CELL_NAME=~"design_2_i/vio_1"}]]
commit_hw_vio [get_hw_probes {design_2_i/vio_1_probe_out0} -of_objects [get_hw_vios -of_objects [get_hw_devices xc7z020_1_1] -filter {CELL_NAME=~"design_2_i/vio_1"}]]
save_wave_config {Z:/DAT096/DAT096-krish/Embedded-System-Project-DAT096-krishna/Board_2/Board_2/Board_2.hw/hw_1/wave/hw_ila_data_1/hw_ila_data_1.wcfg}
exit
INFO: [Common 17-206] Exiting Vivado at Wed May 27 23:56:27 2026...
