#-----------------------------------------------------------
# Vivado v2024.2 (64-bit)
# SW Build 5239630 on Fri Nov 08 22:35:27 MST 2024
# IP Build 5239520 on Sun Nov 10 16:12:51 MST 2024
# SharedData Build 5239561 on Fri Nov 08 14:39:27 MST 2024
# Start of session at: Wed May 13 14:47:48 2026
# Process ID         : 21140
# Current directory  : Z:/DAT096/DAT096-krish/Embedded-System-Project-DAT096-krishna/Board_2/Board_2
# Command line       : vivado.exe -gui_launcher_event rodinguilauncherevent15088 Z:\DAT096\DAT096-krish\Embedded-System-Project-DAT096-krishna\Board_2\Board_2\Board_2.xpr
# Log file           : Z:/DAT096/DAT096-krish/Embedded-System-Project-DAT096-krishna/Board_2/Board_2/vivado.log
# Journal file       : Z:/DAT096/DAT096-krish/Embedded-System-Project-DAT096-krishna/Board_2/Board_2\vivado.jou
# Running On         : FY-6302-10
# Platform           : Windows Server 2016 or Windows 10
# Operating System   : 26200
# Processor Detail   : Intel(R) Core(TM) i7-14700
# CPU Frequency      : 2112 MHz
# CPU Physical cores : 20
# CPU Logical cores  : 28
# Host memory        : 34031 MB
# Swap memory        : 5100 MB
# Total Virtual      : 39131 MB
# Available Virtual  : 26262 MB
#-----------------------------------------------------------
start_gui
open_project Z:/DAT096/DAT096-krish/Embedded-System-Project-DAT096-krishna/Board_2/Board_2/Board_2.xpr
WARNING: [filemgmt 56-3] IP Repository Path: Could not find the directory 'Z:/DAT096/vivado-library-zmod-v2-2019.1-2/vivado-library-zmod-v2-2019.1-2'.
WARNING: [filemgmt 56-3] IP Repository Path: Could not find the directory 'Z:/embedded project/Eclypse-Z7-HW/Eclypse-Z7-HW.ipdefs/repo'.
WARNING: [filemgmt 56-3] IP Repository Path: Could not find the directory 'Z:/eda234/vivado-library-master'.
WARNING: [filemgmt 56-3] IP Repository Path: Could not find the directory 'Z:/eda234/vivado-library-master/ip'.
Scanning sources...
Finished scanning sources
INFO: [IP_Flow 19-234] Refreshing IP repositories
WARNING: [IP_Flow 19-2248] Failed to load user IP repository 'z:/DAT096/vivado-library-zmod-v2-2019.1-2/vivado-library-zmod-v2-2019.1-2'; Can't find the specified path.
If this directory should no longer be in your list of user repositories, go to the IP Settings dialog and remove it.
WARNING: [IP_Flow 19-2248] Failed to load user IP repository 'z:/embedded project/Eclypse-Z7-HW/Eclypse-Z7-HW.ipdefs/repo'; Can't find the specified path.
If this directory should no longer be in your list of user repositories, go to the IP Settings dialog and remove it.
INFO: [IP_Flow 19-1700] Loaded user IP repository 'z:/DAT096/Project_team5/ip_repo'.
INFO: [IP_Flow 19-1700] Loaded user IP repository 'z:/DAT096/vivado-boards-master'.
INFO: [IP_Flow 19-1700] Loaded user IP repository 'z:/DAT096/vivado-library-b0946605e3617c901635278b62d0f6a8e3942844'.
INFO: [IP_Flow 19-1700] Loaded user IP repository 'z:/DAT096/vivado-library-master'.
WARNING: [IP_Flow 19-2248] Failed to load user IP repository 'z:/eda234/vivado-library-master'; Can't find the specified path.
If this directory should no longer be in your list of user repositories, go to the IP Settings dialog and remove it.
WARNING: [IP_Flow 19-3685] Ignored loading user repository 'z:/eda234/vivado-library-master/ip'. The path is contained within another repository.
INFO: [IP_Flow 19-2313] Loaded Vivado IP repository 'C:/Progs/Xilinx/Vivado/2024.2/data/ip'.
WARNING: [IP_Flow 19-1663] Duplicate IP found for 'digilentinc.com:user:axi_i2s_adi:1.2'. The one found in IP location 'z:/DAT096/vivado-library-b0946605e3617c901635278b62d0f6a8e3942844/ip/axi_i2s_adi_1.2' will take precedence over the same IP in location z:/DAT096/vivado-library-master/ip/axi_i2s_adi_1.2
WARNING: [IP_Flow 19-1663] Duplicate IP found for 'digilentinc.com:IP:axi_ps2:1.0'. The one found in IP location 'z:/DAT096/vivado-library-b0946605e3617c901635278b62d0f6a8e3942844/ip/axi_ps2_1.0' will take precedence over the same IP in location z:/DAT096/vivado-library-master/ip/axi_ps2_1.0
WARNING: [IP_Flow 19-1663] Duplicate IP found for 'digilentinc.com:ip:clock_forwarder:1.1'. The one found in IP location 'z:/DAT096/vivado-library-b0946605e3617c901635278b62d0f6a8e3942844/ip/clock_forwarder' will take precedence over the same IP in location z:/DAT096/vivado-library-master/ip/clock_forwarder
WARNING: [IP_Flow 19-1663] Duplicate IP found for 'digilentinc.com:IP:hls_contrast_stretch:1.0'. The one found in IP location 'z:/DAT096/vivado-library-b0946605e3617c901635278b62d0f6a8e3942844/ip/hls_contrast_stretch_1_0' will take precedence over the same IP in location z:/DAT096/vivado-library-master/ip/hls_contrast_stretch_1_0
WARNING: [IP_Flow 19-1663] Duplicate IP found for 'digilentinc.com:IP:hls_gamma_correction:1.0'. The one found in IP location 'z:/DAT096/vivado-library-b0946605e3617c901635278b62d0f6a8e3942844/ip/hls_gamma_correction_1_0' will take precedence over the same IP in location z:/DAT096/vivado-library-master/ip/hls_gamma_correction_1_0
WARNING: [IP_Flow 19-1663] Duplicate IP found for 'digilentinc.com:IP:hls_saturation_enhance:1.0'. The one found in IP location 'z:/DAT096/vivado-library-b0946605e3617c901635278b62d0f6a8e3942844/ip/hls_saturation_enhance_1_0' will take precedence over the same IP in location z:/DAT096/vivado-library-master/ip/hls_saturation_enhance_1_0
WARNING: [IP_Flow 19-1663] Duplicate IP found for 'digilentinc.com:ip:rgb2dpvid:1.0'. The one found in IP location 'z:/DAT096/vivado-library-b0946605e3617c901635278b62d0f6a8e3942844/ip/rgb2dpvid_v1_0' will take precedence over the same IP in location z:/DAT096/vivado-library-master/ip/rgb2dpvid_v1_0
WARNING: [IP_Flow 19-1663] Duplicate IP found for 'digilentinc.com:ip:rgb2vga:1.0'. The one found in IP location 'z:/DAT096/vivado-library-b0946605e3617c901635278b62d0f6a8e3942844/ip/rgb2vga_v1_0' will take precedence over the same IP in location z:/DAT096/vivado-library-master/ip/rgb2vga_v1_0
WARNING: [IP_Flow 19-1663] Duplicate IP found for 'digilentinc.com:ip:Sync:1.0'. The one found in IP location 'z:/DAT096/vivado-library-b0946605e3617c901635278b62d0f6a8e3942844/ip/Sync_v1_0' will take precedence over the same IP in location z:/DAT096/vivado-library-master/ip/Sync_v1_0
WARNING: [IP_Flow 19-1663] Duplicate IP found for 'digilentinc.com:ip:usb2device:1.0'. The one found in IP location 'z:/DAT096/vivado-library-b0946605e3617c901635278b62d0f6a8e3942844/ip/usb2device_v1_0' will take precedence over the same IP in location z:/DAT096/vivado-library-master/ip/usb2device_v1_0
WARNING: [IP_Flow 19-1663] Duplicate IP found for 'digilentinc.com:video:video_scaler:1.0'. The one found in IP location 'z:/DAT096/vivado-library-b0946605e3617c901635278b62d0f6a8e3942844/ip/video_scaler' will take precedence over the same IP in location z:/DAT096/vivado-library-master/ip/video_scaler
WARNING: [IP_Flow 19-1663] Duplicate IP found for 'digilentinc.com:ip:dvi2rgb:2.0'. The one found in IP location 'z:/DAT096/vivado-library-master/ip/dvi2rgb' will take precedence over the same IP in location z:/DAT096/vivado-library-b0946605e3617c901635278b62d0f6a8e3942844/ip/dvi2rgb
WARNING: [IP_Flow 19-1663] Duplicate IP found for 'digilentinc.com:IP:MotorFeedback:1.0'. The one found in IP location 'z:/DAT096/vivado-library-master/ip/MotorFeedback_1.0' will take precedence over the same IP in location z:/DAT096/vivado-library-b0946605e3617c901635278b62d0f6a8e3942844/ip/MotorFeedback_1.0
WARNING: [IP_Flow 19-1663] Duplicate IP found for 'digilentinc.com:IP:PmodACL2:1.0'. The one found in IP location 'z:/DAT096/vivado-library-master/ip/Pmods/PmodACL2_v1_0' will take precedence over the same IP in location z:/DAT096/vivado-library-b0946605e3617c901635278b62d0f6a8e3942844/ip/Pmods/PmodACL2_v1_0
WARNING: [IP_Flow 19-1663] Duplicate IP found for 'digilentinc.com:IP:PmodACL:1.0'. The one found in IP location 'z:/DAT096/vivado-library-master/ip/Pmods/PmodACL_v1_0' will take precedence over the same IP in location z:/DAT096/vivado-library-b0946605e3617c901635278b62d0f6a8e3942844/ip/Pmods/PmodACL_v1_0
WARNING: [IP_Flow 19-1663] Duplicate IP found for 'digilentinc.com:IP:PmodAD1:1.0'. The one found in IP location 'z:/DAT096/vivado-library-master/ip/Pmods/PmodAD1_v1_0' will take precedence over the same IP in location z:/DAT096/vivado-library-b0946605e3617c901635278b62d0f6a8e3942844/ip/Pmods/PmodAD1_v1_0
WARNING: [IP_Flow 19-1663] Duplicate IP found for 'digilentinc.com:IP:PmodAD2:1.0'. The one found in IP location 'z:/DAT096/vivado-library-master/ip/Pmods/PmodAD2_v1_0' will take precedence over the same IP in location z:/DAT096/vivado-library-b0946605e3617c901635278b62d0f6a8e3942844/ip/Pmods/PmodAD2_v1_0
WARNING: [IP_Flow 19-1663] Duplicate IP found for 'digilentinc.com:IP:PmodAD5:1.0'. The one found in IP location 'z:/DAT096/vivado-library-master/ip/Pmods/PmodAD5_v1_0' will take precedence over the same IP in location z:/DAT096/vivado-library-b0946605e3617c901635278b62d0f6a8e3942844/ip/Pmods/PmodAD5_v1_0
WARNING: [IP_Flow 19-1663] Duplicate IP found for 'digilentinc.com:IP:PmodALS:1.0'. The one found in IP location 'z:/DAT096/vivado-library-master/ip/Pmods/PmodALS_v1_0' will take precedence over the same IP in location z:/DAT096/vivado-library-b0946605e3617c901635278b62d0f6a8e3942844/ip/Pmods/PmodALS_v1_0
WARNING: [IP_Flow 19-1663] Duplicate IP found for 'digilentinc.com:IP:PmodAMP2:1.0'. The one found in IP location 'z:/DAT096/vivado-library-master/ip/Pmods/PmodAMP2_v1_0' will take precedence over the same IP in location z:/DAT096/vivado-library-b0946605e3617c901635278b62d0f6a8e3942844/ip/Pmods/PmodAMP2_v1_0
WARNING: [IP_Flow 19-1663] Duplicate IP found for 'digilentinc.com:IP:PmodAQS:1.0'. The one found in IP location 'z:/DAT096/vivado-library-master/ip/Pmods/PmodAQS_v1_0' will take precedence over the same IP in location z:/DAT096/vivado-library-b0946605e3617c901635278b62d0f6a8e3942844/ip/Pmods/PmodAQS_v1_0
WARNING: [IP_Flow 19-1663] Duplicate IP found for 'digilentinc.com:IP:PmodBLE:1.0'. The one found in IP location 'z:/DAT096/vivado-library-master/ip/Pmods/PmodBLE_v1_0' will take precedence over the same IP in location z:/DAT096/vivado-library-b0946605e3617c901635278b62d0f6a8e3942844/ip/Pmods/PmodBLE_v1_0
WARNING: [IP_Flow 19-1663] Duplicate IP found for 'digilentinc.com:IP:PmodBT2:1.0'. The one found in IP location 'z:/DAT096/vivado-library-master/ip/Pmods/PmodBT2_v1_0' will take precedence over the same IP in location z:/DAT096/vivado-library-b0946605e3617c901635278b62d0f6a8e3942844/ip/Pmods/PmodBT2_v1_0
WARNING: [IP_Flow 19-1663] Duplicate IP found for 'digilentinc.com:IP:PmodCAN:1.0'. The one found in IP location 'z:/DAT096/vivado-library-master/ip/Pmods/PmodCAN_v1_0' will take precedence over the same IP in location z:/DAT096/vivado-library-b0946605e3617c901635278b62d0f6a8e3942844/ip/Pmods/PmodCAN_v1_0
WARNING: [IP_Flow 19-1663] Duplicate IP found for 'digilentinc.com:IP:PmodCLS:1.0'. The one found in IP location 'z:/DAT096/vivado-library-master/ip/Pmods/PmodCLS_v1_0' will take precedence over the same IP in location z:/DAT096/vivado-library-b0946605e3617c901635278b62d0f6a8e3942844/ip/Pmods/PmodCLS_v1_0
WARNING: [IP_Flow 19-1663] Duplicate IP found for 'digilentinc.com:IP:PmodCMPS2:1.0'. The one found in IP location 'z:/DAT096/vivado-library-master/ip/Pmods/PmodCMPS2_v1_0' will take precedence over the same IP in location z:/DAT096/vivado-library-b0946605e3617c901635278b62d0f6a8e3942844/ip/Pmods/PmodCMPS2_v1_0
WARNING: [IP_Flow 19-1663] Duplicate IP found for 'digilentinc.com:IP:PmodCOLOR:1.0'. The one found in IP location 'z:/DAT096/vivado-library-master/ip/Pmods/PmodCOLOR_v1_0' will take precedence over the same IP in location z:/DAT096/vivado-library-b0946605e3617c901635278b62d0f6a8e3942844/ip/Pmods/PmodCOLOR_v1_0
WARNING: [IP_Flow 19-1663] Duplicate IP found for 'digilentinc.com:IP:PmodDA1:1.0'. The one found in IP location 'z:/DAT096/vivado-library-master/ip/Pmods/PmodDA1_v1_0' will take precedence over the same IP in location z:/DAT096/vivado-library-b0946605e3617c901635278b62d0f6a8e3942844/ip/Pmods/PmodDA1_v1_0
WARNING: [IP_Flow 19-1663] Duplicate IP found for 'digilentinc.com:IP:PmodDHB1:1.0'. The one found in IP location 'z:/DAT096/vivado-library-master/ip/Pmods/PmodDHB1_v1_0' will take precedence over the same IP in location z:/DAT096/vivado-library-b0946605e3617c901635278b62d0f6a8e3942844/ip/Pmods/PmodDHB1_v1_0
WARNING: [IP_Flow 19-1663] Duplicate IP found for 'digilentinc.com:IP:PmodDPG1:1.0'. The one found in IP location 'z:/DAT096/vivado-library-master/ip/Pmods/PmodDPG1_v1_0' will take precedence over the same IP in location z:/DAT096/vivado-library-b0946605e3617c901635278b62d0f6a8e3942844/ip/Pmods/PmodDPG1_v1_0
WARNING: [IP_Flow 19-1663] Duplicate IP found for 'digilentinc.com:IP:PmodENC:1.0'. The one found in IP location 'z:/DAT096/vivado-library-master/ip/Pmods/PmodENC_v1_0' will take precedence over the same IP in location z:/DAT096/vivado-library-b0946605e3617c901635278b62d0f6a8e3942844/ip/Pmods/PmodENC_v1_0
WARNING: [IP_Flow 19-1663] Duplicate IP found for 'digilentinc.com:user:PmodESP32:1.0'. The one found in IP location 'z:/DAT096/vivado-library-master/ip/Pmods/PmodESP32_v1_0' will take precedence over the same IP in location z:/DAT096/vivado-library-b0946605e3617c901635278b62d0f6a8e3942844/ip/Pmods/PmodESP32_v1_0
WARNING: [IP_Flow 19-1663] Duplicate IP found for 'digilentinc.com:IP:PmodGPIO:1.0'. The one found in IP location 'z:/DAT096/vivado-library-master/ip/Pmods/PmodGPIO_v1_0' will take precedence over the same IP in location z:/DAT096/vivado-library-b0946605e3617c901635278b62d0f6a8e3942844/ip/Pmods/PmodGPIO_v1_0
WARNING: [IP_Flow 19-1663] Duplicate IP found for 'digilentinc.com:IP:PmodGPS:1.1'. The one found in IP location 'z:/DAT096/vivado-library-master/ip/Pmods/PmodGPS_v1_1' will take precedence over the same IP in location z:/DAT096/vivado-library-b0946605e3617c901635278b62d0f6a8e3942844/ip/Pmods/PmodGPS_v1_1
WARNING: [IP_Flow 19-1663] Duplicate IP found for 'digilentinc.com:IP:PmodGYRO:1.0'. The one found in IP location 'z:/DAT096/vivado-library-master/ip/Pmods/PmodGYRO_v1_0' will take precedence over the same IP in location z:/DAT096/vivado-library-b0946605e3617c901635278b62d0f6a8e3942844/ip/Pmods/PmodGYRO_v1_0
WARNING: [IP_Flow 19-1663] Duplicate IP found for 'digilentinc.com:IP:PmodHYGRO:1.0'. The one found in IP location 'z:/DAT096/vivado-library-master/ip/Pmods/PmodHYGRO_v1_0' will take precedence over the same IP in location z:/DAT096/vivado-library-b0946605e3617c901635278b62d0f6a8e3942844/ip/Pmods/PmodHYGRO_v1_0
WARNING: [IP_Flow 19-1663] Duplicate IP found for 'digilentinc.com:IP:PmodJSTK2:1.0'. The one found in IP location 'z:/DAT096/vivado-library-master/ip/Pmods/PmodJSTK2_v1_0' will take precedence over the same IP in location z:/DAT096/vivado-library-b0946605e3617c901635278b62d0f6a8e3942844/ip/Pmods/PmodJSTK2_v1_0
WARNING: [IP_Flow 19-1663] Duplicate IP found for 'digilentinc.com:IP:PmodJSTK:1.0'. The one found in IP location 'z:/DAT096/vivado-library-master/ip/Pmods/PmodJSTK_v1_0' will take precedence over the same IP in location z:/DAT096/vivado-library-b0946605e3617c901635278b62d0f6a8e3942844/ip/Pmods/PmodJSTK_v1_0
WARNING: [IP_Flow 19-1663] Duplicate IP found for 'digilentinc.com:IP:PmodKYPD:1.0'. The one found in IP location 'z:/DAT096/vivado-library-master/ip/Pmods/PmodKYPD_v1_0' will take precedence over the same IP in location z:/DAT096/vivado-library-b0946605e3617c901635278b62d0f6a8e3942844/ip/Pmods/PmodKYPD_v1_0
WARNING: [IP_Flow 19-1663] Duplicate IP found for 'digilentinc.com:IP:PmodMAXSONAR:1.0'. The one found in IP location 'z:/DAT096/vivado-library-master/ip/Pmods/PmodMAXSONAR_v1_0' will take precedence over the same IP in location z:/DAT096/vivado-library-b0946605e3617c901635278b62d0f6a8e3942844/ip/Pmods/PmodMAXSONAR_v1_0
WARNING: [IP_Flow 19-1663] Duplicate IP found for 'digilentinc.com:IP:PmodMTDS:1.0'. The one found in IP location 'z:/DAT096/vivado-library-master/ip/Pmods/PmodMTDS_v1_0' will take precedence over the same IP in location z:/DAT096/vivado-library-b0946605e3617c901635278b62d0f6a8e3942844/ip/Pmods/PmodMTDS_v1_0
WARNING: [IP_Flow 19-1663] Duplicate IP found for 'digilentinc.com:IP:PmodNAV:1.0'. The one found in IP location 'z:/DAT096/vivado-library-master/ip/Pmods/PmodNAV_v1_0' will take precedence over the same IP in location z:/DAT096/vivado-library-b0946605e3617c901635278b62d0f6a8e3942844/ip/Pmods/PmodNAV_v1_0
WARNING: [IP_Flow 19-1663] Duplicate IP found for 'digilentinc.com:IP:PmodOLEDrgb:1.0'. The one found in IP location 'z:/DAT096/vivado-library-master/ip/Pmods/pmodOLEDrgb_v1_0' will take precedence over the same IP in location z:/DAT096/vivado-library-b0946605e3617c901635278b62d0f6a8e3942844/ip/Pmods/pmodOLEDrgb_v1_0
WARNING: [IP_Flow 19-1663] Duplicate IP found for 'digilentinc.com:IP:PmodOLED:1.0'. The one found in IP location 'z:/DAT096/vivado-library-master/ip/Pmods/PmodOLED_v1_0' will take precedence over the same IP in location z:/DAT096/vivado-library-b0946605e3617c901635278b62d0f6a8e3942844/ip/Pmods/PmodOLED_v1_0
WARNING: [IP_Flow 19-1663] Duplicate IP found for 'digilentinc.com:IP:PmodPIR:1.0'. The one found in IP location 'z:/DAT096/vivado-library-master/ip/Pmods/PmodPIR_v1_0' will take precedence over the same IP in location z:/DAT096/vivado-library-b0946605e3617c901635278b62d0f6a8e3942844/ip/Pmods/PmodPIR_v1_0
WARNING: [IP_Flow 19-1663] Duplicate IP found for 'digilentinc.com:IP:PmodR2R:1.0'. The one found in IP location 'z:/DAT096/vivado-library-master/ip/Pmods/PmodR2R_v1_0' will take precedence over the same IP in location z:/DAT096/vivado-library-b0946605e3617c901635278b62d0f6a8e3942844/ip/Pmods/PmodR2R_v1_0
WARNING: [IP_Flow 19-1663] Duplicate IP found for 'digilentinc.com:IP:PmodRTCC:1.0'. The one found in IP location 'z:/DAT096/vivado-library-master/ip/Pmods/PmodRTCC_v1_0' will take precedence over the same IP in location z:/DAT096/vivado-library-b0946605e3617c901635278b62d0f6a8e3942844/ip/Pmods/PmodRTCC_v1_0
WARNING: [IP_Flow 19-1663] Duplicate IP found for 'digilentinc.com:IP:PmodSD:1.0'. The one found in IP location 'z:/DAT096/vivado-library-master/ip/Pmods/PmodSD_v1_0' will take precedence over the same IP in location z:/DAT096/vivado-library-b0946605e3617c901635278b62d0f6a8e3942844/ip/Pmods/PmodSD_v1_0
WARNING: [IP_Flow 19-1663] Duplicate IP found for 'digilentinc.com:IP:PmodSF3:1.0'. The one found in IP location 'z:/DAT096/vivado-library-master/ip/Pmods/PmodSF3_v1_0' will take precedence over the same IP in location z:/DAT096/vivado-library-b0946605e3617c901635278b62d0f6a8e3942844/ip/Pmods/PmodSF3_v1_0
WARNING: [IP_Flow 19-1663] Duplicate IP found for 'digilentinc.com:IP:PmodTC1:1.0'. The one found in IP location 'z:/DAT096/vivado-library-master/ip/Pmods/PmodTC1_v1_0' will take precedence over the same IP in location z:/DAT096/vivado-library-b0946605e3617c901635278b62d0f6a8e3942844/ip/Pmods/PmodTC1_v1_0
WARNING: [IP_Flow 19-1663] Duplicate IP found for 'digilentinc.com:IP:PmodTMP3:1.0'. The one found in IP location 'z:/DAT096/vivado-library-master/ip/Pmods/PmodTMP3_v1_0' will take precedence over the same IP in location z:/DAT096/vivado-library-b0946605e3617c901635278b62d0f6a8e3942844/ip/Pmods/PmodTMP3_v1_0
WARNING: [IP_Flow 19-1663] Duplicate IP found for 'digilentinc.com:IP:PmodWIFI:1.0'. The one found in IP location 'z:/DAT096/vivado-library-master/ip/Pmods/PmodWIFI_v1_0' will take precedence over the same IP in location z:/DAT096/vivado-library-b0946605e3617c901635278b62d0f6a8e3942844/ip/Pmods/PmodWIFI_v1_0
WARNING: [IP_Flow 19-1663] Duplicate IP found for 'digilentinc.com:ip:pmod_bridge:1.0'. The one found in IP location 'z:/DAT096/vivado-library-master/ip/Pmods/Pmod_Bridge_v1_0' will take precedence over the same IP in location z:/DAT096/vivado-library-b0946605e3617c901635278b62d0f6a8e3942844/ip/Pmods/Pmod_Bridge_v1_0
WARNING: [IP_Flow 19-1663] Duplicate IP found for 'digilentinc.com:ip:pmod_bridge:1.1'. The one found in IP location 'z:/DAT096/vivado-library-master/ip/Pmods/Pmod_Bridge_v1_1' will take precedence over the same IP in location z:/DAT096/vivado-library-b0946605e3617c901635278b62d0f6a8e3942844/ip/Pmods/Pmod_Bridge_v1_1
WARNING: [IP_Flow 19-1663] Duplicate IP found for 'digilentinc.com:IP:PWM:1.0'. The one found in IP location 'z:/DAT096/vivado-library-master/ip/PWM_1.0' will take precedence over the same IP in location z:/DAT096/vivado-library-b0946605e3617c901635278b62d0f6a8e3942844/ip/PWM_1.0
WARNING: [IP_Flow 19-1663] Duplicate IP found for 'digilentinc.com:IP:PWM:2.0'. The one found in IP location 'z:/DAT096/vivado-library-master/ip/PWM_2.0' will take precedence over the same IP in location z:/DAT096/vivado-library-b0946605e3617c901635278b62d0f6a8e3942844/ip/PWM_2.0
WARNING: [IP_Flow 19-1663] Duplicate IP found for 'digilentinc.com:IP:PWM_Analyzer:1.0'. The one found in IP location 'z:/DAT096/vivado-library-master/ip/PWM_Analyzer_1.0' will take precedence over the same IP in location z:/DAT096/vivado-library-b0946605e3617c901635278b62d0f6a8e3942844/ip/PWM_Analyzer_1.0
WARNING: [IP_Flow 19-1663] Duplicate IP found for 'digilentinc.com:ip:rgb2dvi:1.4'. The one found in IP location 'z:/DAT096/vivado-library-master/ip/rgb2dvi' will take precedence over the same IP in location z:/DAT096/vivado-library-b0946605e3617c901635278b62d0f6a8e3942844/ip/rgb2dvi
WARNING: [IP_Flow 19-4830] Duplicate Interface found for 'digilentinc.com:interface:pmod:1.0'. The one found in location 'z:/DAT096/vivado-library-b0946605e3617c901635278b62d0f6a8e3942844/if/pmod_v1_0/pmod.xml' will take precedence over the same Interface in location 'z:/DAT096/vivado-library-master/if/pmod_v1_0/pmod.xml'
WARNING: [IP_Flow 19-4830] Duplicate Interface found for 'digilentinc.com:interface:tmds:1.0'. The one found in location 'z:/DAT096/vivado-library-b0946605e3617c901635278b62d0f6a8e3942844/if/tmds_v1_0/tmds.xml' will take precedence over the same Interface in location 'z:/DAT096/vivado-library-master/if/tmds_v1_0/tmds.xml'
INFO: [Project 1-5579] Found utility IPs instantiated in one or more block designs which have equivalent inline hdl with improved performance and reduced diskspace. It is recommended to migrate these utility IPs to inline hdl using the command upgrade_project -migrate_to_inline_hdl. The utility IPs may be deprecated in future releases. More information on inline hdl is available in UG994.
open_project: Time (s): cpu = 00:00:17 ; elapsed = 00:00:46 . Memory (MB): peak = 1294.625 ; gain = 178.168
update_compile_order -fileset sources_1
open_bd_design {Z:/DAT096/DAT096-krish/Embedded-System-Project-DAT096-krishna/Board_2/Board_2/Board_2.srcs/sources_1/bd/design_2/design_2.bd}
Reading block design file <Z:/DAT096/DAT096-krish/Embedded-System-Project-DAT096-krishna/Board_2/Board_2/Board_2.srcs/sources_1/bd/design_2/design_2.bd>...
Adding component instance block -- xilinx.com:ip:ila:6.2 - ila_0
INFO: [xilinx.com:ip:ila:6.2-6] /ila_0: AMD recommends using the System ILA IP in IP Integrator. The System ILA IP is functionally equivalent to an ILA and offers additional benefits in debugging interfaces both within IP Integrator and the Hardware Manager. Consult the Programming and Debug User Guide UG908 for further details.
Adding component instance block -- xilinx.com:module_ref:adc_bit_decoder:1.0 - adc_bit_decoder_0
Adding component instance block -- xilinx.com:ip:xlconstant:1.1 - xlconstant_1
Adding component instance block -- xilinx.com:ip:xlslice:1.0 - xlslice_0
Adding component instance block -- xilinx.com:ip:xlconstant:1.1 - xlconstant_3
Adding component instance block -- xilinx.com:ip:processing_system7:5.5 - processing_system7_0
Adding component instance block -- digilent.com:user:ZmodScopeController:1.2 - ZmodScopeController_0
Adding component instance block -- digilent.com:user:ZmodAWGController:1.1 - ZmodAWGController_0
Adding component instance block -- xilinx.com:ip:clk_wiz:6.0 - clk_wiz_0
Adding component instance block -- xilinx.com:module_ref:voltage_to_current:1.0 - voltage_to_current_0
Adding component instance block -- xilinx.com:module_ref:vcsel_top:1.0 - vcsel_top_0
Adding component instance block -- xilinx.com:ip:vio:3.0 - vio_0
Adding component instance block -- xilinx.com:ip:c_addsub:12.0 - c_addsub_0
Adding component instance block -- xilinx.com:ip:xlconcat:2.1 - xlconcat_0
Adding component instance block -- xilinx.com:ip:xlconstant:1.1 - xlconstant_0
Adding component instance block -- xilinx.com:ip:xlconstant:1.1 - xlconstant_2
Adding component instance block -- chalmers.se:user:AWGN_module_wrapper:1.0 - AWGN_module_wrapper_0
Successfully read diagram <design_2> from block design file <Z:/DAT096/DAT096-krish/Embedded-System-Project-DAT096-krishna/Board_2/Board_2/Board_2.srcs/sources_1/bd/design_2/design_2.bd>
ipx::edit_ip_in_project -upgrade true -name AWGN_module_wrapper_v1_0_project -directory Z:/DAT096/DAT096-krish/Embedded-System-Project-DAT096-krishna/Board_2/Board_2/Board_2.tmp/AWGN_module_wrapper_v1_0_project z:/DAT096/Project_team5/ip_repo/component.xml
INFO: [ProjectBase 1-489] The host OS only allows 260 characters in a normal path. The project is stored in a path with more than 80 characters. If you experience issues with IP, Block Designs, or files not being found, please consider moving the project to a location with a shorter path. Alternately consider using the OS subst command to map part of the path to a drive letter.
Current project path is 'z:/dat096/dat096-krish/embedded-system-project-dat096-krishna/board_2/board_2/board_2.tmp/awgn_module_wrapper_v1_0_project'
INFO: [IP_Flow 19-234] Refreshing IP repositories
INFO: [IP_Flow 19-1704] No user IP repositories specified
INFO: [IP_Flow 19-2313] Loaded Vivado IP repository 'C:/Progs/Xilinx/Vivado/2024.2/data/ip'.
INFO: [IP_Flow 19-234] Refreshing IP repositories
WARNING: [IP_Flow 19-2248] Failed to load user IP repository 'z:/DAT096/vivado-library-zmod-v2-2019.1-2/vivado-library-zmod-v2-2019.1-2'; Can't find the specified path.
If this directory should no longer be in your list of user repositories, go to the IP Settings dialog and remove it.
WARNING: [IP_Flow 19-2248] Failed to load user IP repository 'z:/embedded project/Eclypse-Z7-HW/Eclypse-Z7-HW.ipdefs/repo'; Can't find the specified path.
If this directory should no longer be in your list of user repositories, go to the IP Settings dialog and remove it.
INFO: [IP_Flow 19-1700] Loaded user IP repository 'z:/DAT096/Project_team5/ip_repo'.
INFO: [IP_Flow 19-1700] Loaded user IP repository 'z:/DAT096/vivado-boards-master'.
INFO: [IP_Flow 19-1700] Loaded user IP repository 'z:/DAT096/vivado-library-b0946605e3617c901635278b62d0f6a8e3942844'.
INFO: [IP_Flow 19-1700] Loaded user IP repository 'z:/DAT096/vivado-library-master'.
WARNING: [IP_Flow 19-2248] Failed to load user IP repository 'z:/eda234/vivado-library-master'; Can't find the specified path.
If this directory should no longer be in your list of user repositories, go to the IP Settings dialog and remove it.
WARNING: [IP_Flow 19-3685] Ignored loading user repository 'z:/eda234/vivado-library-master/ip'. The path is contained within another repository.
WARNING: [IP_Flow 19-1663] Duplicate IP found for 'digilentinc.com:user:axi_i2s_adi:1.2'. The one found in IP location 'z:/DAT096/vivado-library-b0946605e3617c901635278b62d0f6a8e3942844/ip/axi_i2s_adi_1.2' will take precedence over the same IP in location z:/DAT096/vivado-library-master/ip/axi_i2s_adi_1.2
WARNING: [IP_Flow 19-1663] Duplicate IP found for 'digilentinc.com:IP:axi_ps2:1.0'. The one found in IP location 'z:/DAT096/vivado-library-b0946605e3617c901635278b62d0f6a8e3942844/ip/axi_ps2_1.0' will take precedence over the same IP in location z:/DAT096/vivado-library-master/ip/axi_ps2_1.0
WARNING: [IP_Flow 19-1663] Duplicate IP found for 'digilentinc.com:ip:clock_forwarder:1.1'. The one found in IP location 'z:/DAT096/vivado-library-b0946605e3617c901635278b62d0f6a8e3942844/ip/clock_forwarder' will take precedence over the same IP in location z:/DAT096/vivado-library-master/ip/clock_forwarder
WARNING: [IP_Flow 19-1663] Duplicate IP found for 'digilentinc.com:IP:hls_contrast_stretch:1.0'. The one found in IP location 'z:/DAT096/vivado-library-b0946605e3617c901635278b62d0f6a8e3942844/ip/hls_contrast_stretch_1_0' will take precedence over the same IP in location z:/DAT096/vivado-library-master/ip/hls_contrast_stretch_1_0
WARNING: [IP_Flow 19-1663] Duplicate IP found for 'digilentinc.com:IP:hls_gamma_correction:1.0'. The one found in IP location 'z:/DAT096/vivado-library-b0946605e3617c901635278b62d0f6a8e3942844/ip/hls_gamma_correction_1_0' will take precedence over the same IP in location z:/DAT096/vivado-library-master/ip/hls_gamma_correction_1_0
WARNING: [IP_Flow 19-1663] Duplicate IP found for 'digilentinc.com:IP:hls_saturation_enhance:1.0'. The one found in IP location 'z:/DAT096/vivado-library-b0946605e3617c901635278b62d0f6a8e3942844/ip/hls_saturation_enhance_1_0' will take precedence over the same IP in location z:/DAT096/vivado-library-master/ip/hls_saturation_enhance_1_0
WARNING: [IP_Flow 19-1663] Duplicate IP found for 'digilentinc.com:ip:rgb2dpvid:1.0'. The one found in IP location 'z:/DAT096/vivado-library-b0946605e3617c901635278b62d0f6a8e3942844/ip/rgb2dpvid_v1_0' will take precedence over the same IP in location z:/DAT096/vivado-library-master/ip/rgb2dpvid_v1_0
WARNING: [IP_Flow 19-1663] Duplicate IP found for 'digilentinc.com:ip:rgb2vga:1.0'. The one found in IP location 'z:/DAT096/vivado-library-b0946605e3617c901635278b62d0f6a8e3942844/ip/rgb2vga_v1_0' will take precedence over the same IP in location z:/DAT096/vivado-library-master/ip/rgb2vga_v1_0
WARNING: [IP_Flow 19-1663] Duplicate IP found for 'digilentinc.com:ip:Sync:1.0'. The one found in IP location 'z:/DAT096/vivado-library-b0946605e3617c901635278b62d0f6a8e3942844/ip/Sync_v1_0' will take precedence over the same IP in location z:/DAT096/vivado-library-master/ip/Sync_v1_0
WARNING: [IP_Flow 19-1663] Duplicate IP found for 'digilentinc.com:ip:usb2device:1.0'. The one found in IP location 'z:/DAT096/vivado-library-b0946605e3617c901635278b62d0f6a8e3942844/ip/usb2device_v1_0' will take precedence over the same IP in location z:/DAT096/vivado-library-master/ip/usb2device_v1_0
WARNING: [IP_Flow 19-1663] Duplicate IP found for 'digilentinc.com:video:video_scaler:1.0'. The one found in IP location 'z:/DAT096/vivado-library-b0946605e3617c901635278b62d0f6a8e3942844/ip/video_scaler' will take precedence over the same IP in location z:/DAT096/vivado-library-master/ip/video_scaler
WARNING: [IP_Flow 19-1663] Duplicate IP found for 'digilentinc.com:ip:dvi2rgb:2.0'. The one found in IP location 'z:/DAT096/vivado-library-master/ip/dvi2rgb' will take precedence over the same IP in location z:/DAT096/vivado-library-b0946605e3617c901635278b62d0f6a8e3942844/ip/dvi2rgb
WARNING: [IP_Flow 19-1663] Duplicate IP found for 'digilentinc.com:IP:MotorFeedback:1.0'. The one found in IP location 'z:/DAT096/vivado-library-master/ip/MotorFeedback_1.0' will take precedence over the same IP in location z:/DAT096/vivado-library-b0946605e3617c901635278b62d0f6a8e3942844/ip/MotorFeedback_1.0
WARNING: [IP_Flow 19-1663] Duplicate IP found for 'digilentinc.com:IP:PmodACL2:1.0'. The one found in IP location 'z:/DAT096/vivado-library-master/ip/Pmods/PmodACL2_v1_0' will take precedence over the same IP in location z:/DAT096/vivado-library-b0946605e3617c901635278b62d0f6a8e3942844/ip/Pmods/PmodACL2_v1_0
WARNING: [IP_Flow 19-1663] Duplicate IP found for 'digilentinc.com:IP:PmodACL:1.0'. The one found in IP location 'z:/DAT096/vivado-library-master/ip/Pmods/PmodACL_v1_0' will take precedence over the same IP in location z:/DAT096/vivado-library-b0946605e3617c901635278b62d0f6a8e3942844/ip/Pmods/PmodACL_v1_0
WARNING: [IP_Flow 19-1663] Duplicate IP found for 'digilentinc.com:IP:PmodAD1:1.0'. The one found in IP location 'z:/DAT096/vivado-library-master/ip/Pmods/PmodAD1_v1_0' will take precedence over the same IP in location z:/DAT096/vivado-library-b0946605e3617c901635278b62d0f6a8e3942844/ip/Pmods/PmodAD1_v1_0
WARNING: [IP_Flow 19-1663] Duplicate IP found for 'digilentinc.com:IP:PmodAD2:1.0'. The one found in IP location 'z:/DAT096/vivado-library-master/ip/Pmods/PmodAD2_v1_0' will take precedence over the same IP in location z:/DAT096/vivado-library-b0946605e3617c901635278b62d0f6a8e3942844/ip/Pmods/PmodAD2_v1_0
WARNING: [IP_Flow 19-1663] Duplicate IP found for 'digilentinc.com:IP:PmodAD5:1.0'. The one found in IP location 'z:/DAT096/vivado-library-master/ip/Pmods/PmodAD5_v1_0' will take precedence over the same IP in location z:/DAT096/vivado-library-b0946605e3617c901635278b62d0f6a8e3942844/ip/Pmods/PmodAD5_v1_0
WARNING: [IP_Flow 19-1663] Duplicate IP found for 'digilentinc.com:IP:PmodALS:1.0'. The one found in IP location 'z:/DAT096/vivado-library-master/ip/Pmods/PmodALS_v1_0' will take precedence over the same IP in location z:/DAT096/vivado-library-b0946605e3617c901635278b62d0f6a8e3942844/ip/Pmods/PmodALS_v1_0
WARNING: [IP_Flow 19-1663] Duplicate IP found for 'digilentinc.com:IP:PmodAMP2:1.0'. The one found in IP location 'z:/DAT096/vivado-library-master/ip/Pmods/PmodAMP2_v1_0' will take precedence over the same IP in location z:/DAT096/vivado-library-b0946605e3617c901635278b62d0f6a8e3942844/ip/Pmods/PmodAMP2_v1_0
WARNING: [IP_Flow 19-1663] Duplicate IP found for 'digilentinc.com:IP:PmodAQS:1.0'. The one found in IP location 'z:/DAT096/vivado-library-master/ip/Pmods/PmodAQS_v1_0' will take precedence over the same IP in location z:/DAT096/vivado-library-b0946605e3617c901635278b62d0f6a8e3942844/ip/Pmods/PmodAQS_v1_0
WARNING: [IP_Flow 19-1663] Duplicate IP found for 'digilentinc.com:IP:PmodBLE:1.0'. The one found in IP location 'z:/DAT096/vivado-library-master/ip/Pmods/PmodBLE_v1_0' will take precedence over the same IP in location z:/DAT096/vivado-library-b0946605e3617c901635278b62d0f6a8e3942844/ip/Pmods/PmodBLE_v1_0
WARNING: [IP_Flow 19-1663] Duplicate IP found for 'digilentinc.com:IP:PmodBT2:1.0'. The one found in IP location 'z:/DAT096/vivado-library-master/ip/Pmods/PmodBT2_v1_0' will take precedence over the same IP in location z:/DAT096/vivado-library-b0946605e3617c901635278b62d0f6a8e3942844/ip/Pmods/PmodBT2_v1_0
WARNING: [IP_Flow 19-1663] Duplicate IP found for 'digilentinc.com:IP:PmodCAN:1.0'. The one found in IP location 'z:/DAT096/vivado-library-master/ip/Pmods/PmodCAN_v1_0' will take precedence over the same IP in location z:/DAT096/vivado-library-b0946605e3617c901635278b62d0f6a8e3942844/ip/Pmods/PmodCAN_v1_0
WARNING: [IP_Flow 19-1663] Duplicate IP found for 'digilentinc.com:IP:PmodCLS:1.0'. The one found in IP location 'z:/DAT096/vivado-library-master/ip/Pmods/PmodCLS_v1_0' will take precedence over the same IP in location z:/DAT096/vivado-library-b0946605e3617c901635278b62d0f6a8e3942844/ip/Pmods/PmodCLS_v1_0
WARNING: [IP_Flow 19-1663] Duplicate IP found for 'digilentinc.com:IP:PmodCMPS2:1.0'. The one found in IP location 'z:/DAT096/vivado-library-master/ip/Pmods/PmodCMPS2_v1_0' will take precedence over the same IP in location z:/DAT096/vivado-library-b0946605e3617c901635278b62d0f6a8e3942844/ip/Pmods/PmodCMPS2_v1_0
WARNING: [IP_Flow 19-1663] Duplicate IP found for 'digilentinc.com:IP:PmodCOLOR:1.0'. The one found in IP location 'z:/DAT096/vivado-library-master/ip/Pmods/PmodCOLOR_v1_0' will take precedence over the same IP in location z:/DAT096/vivado-library-b0946605e3617c901635278b62d0f6a8e3942844/ip/Pmods/PmodCOLOR_v1_0
WARNING: [IP_Flow 19-1663] Duplicate IP found for 'digilentinc.com:IP:PmodDA1:1.0'. The one found in IP location 'z:/DAT096/vivado-library-master/ip/Pmods/PmodDA1_v1_0' will take precedence over the same IP in location z:/DAT096/vivado-library-b0946605e3617c901635278b62d0f6a8e3942844/ip/Pmods/PmodDA1_v1_0
WARNING: [IP_Flow 19-1663] Duplicate IP found for 'digilentinc.com:IP:PmodDHB1:1.0'. The one found in IP location 'z:/DAT096/vivado-library-master/ip/Pmods/PmodDHB1_v1_0' will take precedence over the same IP in location z:/DAT096/vivado-library-b0946605e3617c901635278b62d0f6a8e3942844/ip/Pmods/PmodDHB1_v1_0
WARNING: [IP_Flow 19-1663] Duplicate IP found for 'digilentinc.com:IP:PmodDPG1:1.0'. The one found in IP location 'z:/DAT096/vivado-library-master/ip/Pmods/PmodDPG1_v1_0' will take precedence over the same IP in location z:/DAT096/vivado-library-b0946605e3617c901635278b62d0f6a8e3942844/ip/Pmods/PmodDPG1_v1_0
WARNING: [IP_Flow 19-1663] Duplicate IP found for 'digilentinc.com:IP:PmodENC:1.0'. The one found in IP location 'z:/DAT096/vivado-library-master/ip/Pmods/PmodENC_v1_0' will take precedence over the same IP in location z:/DAT096/vivado-library-b0946605e3617c901635278b62d0f6a8e3942844/ip/Pmods/PmodENC_v1_0
WARNING: [IP_Flow 19-1663] Duplicate IP found for 'digilentinc.com:user:PmodESP32:1.0'. The one found in IP location 'z:/DAT096/vivado-library-master/ip/Pmods/PmodESP32_v1_0' will take precedence over the same IP in location z:/DAT096/vivado-library-b0946605e3617c901635278b62d0f6a8e3942844/ip/Pmods/PmodESP32_v1_0
WARNING: [IP_Flow 19-1663] Duplicate IP found for 'digilentinc.com:IP:PmodGPIO:1.0'. The one found in IP location 'z:/DAT096/vivado-library-master/ip/Pmods/PmodGPIO_v1_0' will take precedence over the same IP in location z:/DAT096/vivado-library-b0946605e3617c901635278b62d0f6a8e3942844/ip/Pmods/PmodGPIO_v1_0
WARNING: [IP_Flow 19-1663] Duplicate IP found for 'digilentinc.com:IP:PmodGPS:1.1'. The one found in IP location 'z:/DAT096/vivado-library-master/ip/Pmods/PmodGPS_v1_1' will take precedence over the same IP in location z:/DAT096/vivado-library-b0946605e3617c901635278b62d0f6a8e3942844/ip/Pmods/PmodGPS_v1_1
WARNING: [IP_Flow 19-1663] Duplicate IP found for 'digilentinc.com:IP:PmodGYRO:1.0'. The one found in IP location 'z:/DAT096/vivado-library-master/ip/Pmods/PmodGYRO_v1_0' will take precedence over the same IP in location z:/DAT096/vivado-library-b0946605e3617c901635278b62d0f6a8e3942844/ip/Pmods/PmodGYRO_v1_0
WARNING: [IP_Flow 19-1663] Duplicate IP found for 'digilentinc.com:IP:PmodHYGRO:1.0'. The one found in IP location 'z:/DAT096/vivado-library-master/ip/Pmods/PmodHYGRO_v1_0' will take precedence over the same IP in location z:/DAT096/vivado-library-b0946605e3617c901635278b62d0f6a8e3942844/ip/Pmods/PmodHYGRO_v1_0
WARNING: [IP_Flow 19-1663] Duplicate IP found for 'digilentinc.com:IP:PmodJSTK2:1.0'. The one found in IP location 'z:/DAT096/vivado-library-master/ip/Pmods/PmodJSTK2_v1_0' will take precedence over the same IP in location z:/DAT096/vivado-library-b0946605e3617c901635278b62d0f6a8e3942844/ip/Pmods/PmodJSTK2_v1_0
WARNING: [IP_Flow 19-1663] Duplicate IP found for 'digilentinc.com:IP:PmodJSTK:1.0'. The one found in IP location 'z:/DAT096/vivado-library-master/ip/Pmods/PmodJSTK_v1_0' will take precedence over the same IP in location z:/DAT096/vivado-library-b0946605e3617c901635278b62d0f6a8e3942844/ip/Pmods/PmodJSTK_v1_0
WARNING: [IP_Flow 19-1663] Duplicate IP found for 'digilentinc.com:IP:PmodKYPD:1.0'. The one found in IP location 'z:/DAT096/vivado-library-master/ip/Pmods/PmodKYPD_v1_0' will take precedence over the same IP in location z:/DAT096/vivado-library-b0946605e3617c901635278b62d0f6a8e3942844/ip/Pmods/PmodKYPD_v1_0
WARNING: [IP_Flow 19-1663] Duplicate IP found for 'digilentinc.com:IP:PmodMAXSONAR:1.0'. The one found in IP location 'z:/DAT096/vivado-library-master/ip/Pmods/PmodMAXSONAR_v1_0' will take precedence over the same IP in location z:/DAT096/vivado-library-b0946605e3617c901635278b62d0f6a8e3942844/ip/Pmods/PmodMAXSONAR_v1_0
WARNING: [IP_Flow 19-1663] Duplicate IP found for 'digilentinc.com:IP:PmodMTDS:1.0'. The one found in IP location 'z:/DAT096/vivado-library-master/ip/Pmods/PmodMTDS_v1_0' will take precedence over the same IP in location z:/DAT096/vivado-library-b0946605e3617c901635278b62d0f6a8e3942844/ip/Pmods/PmodMTDS_v1_0
WARNING: [IP_Flow 19-1663] Duplicate IP found for 'digilentinc.com:IP:PmodNAV:1.0'. The one found in IP location 'z:/DAT096/vivado-library-master/ip/Pmods/PmodNAV_v1_0' will take precedence over the same IP in location z:/DAT096/vivado-library-b0946605e3617c901635278b62d0f6a8e3942844/ip/Pmods/PmodNAV_v1_0
WARNING: [IP_Flow 19-1663] Duplicate IP found for 'digilentinc.com:IP:PmodOLEDrgb:1.0'. The one found in IP location 'z:/DAT096/vivado-library-master/ip/Pmods/pmodOLEDrgb_v1_0' will take precedence over the same IP in location z:/DAT096/vivado-library-b0946605e3617c901635278b62d0f6a8e3942844/ip/Pmods/pmodOLEDrgb_v1_0
WARNING: [IP_Flow 19-1663] Duplicate IP found for 'digilentinc.com:IP:PmodOLED:1.0'. The one found in IP location 'z:/DAT096/vivado-library-master/ip/Pmods/PmodOLED_v1_0' will take precedence over the same IP in location z:/DAT096/vivado-library-b0946605e3617c901635278b62d0f6a8e3942844/ip/Pmods/PmodOLED_v1_0
WARNING: [IP_Flow 19-1663] Duplicate IP found for 'digilentinc.com:IP:PmodPIR:1.0'. The one found in IP location 'z:/DAT096/vivado-library-master/ip/Pmods/PmodPIR_v1_0' will take precedence over the same IP in location z:/DAT096/vivado-library-b0946605e3617c901635278b62d0f6a8e3942844/ip/Pmods/PmodPIR_v1_0
WARNING: [IP_Flow 19-1663] Duplicate IP found for 'digilentinc.com:IP:PmodR2R:1.0'. The one found in IP location 'z:/DAT096/vivado-library-master/ip/Pmods/PmodR2R_v1_0' will take precedence over the same IP in location z:/DAT096/vivado-library-b0946605e3617c901635278b62d0f6a8e3942844/ip/Pmods/PmodR2R_v1_0
WARNING: [IP_Flow 19-1663] Duplicate IP found for 'digilentinc.com:IP:PmodRTCC:1.0'. The one found in IP location 'z:/DAT096/vivado-library-master/ip/Pmods/PmodRTCC_v1_0' will take precedence over the same IP in location z:/DAT096/vivado-library-b0946605e3617c901635278b62d0f6a8e3942844/ip/Pmods/PmodRTCC_v1_0
WARNING: [IP_Flow 19-1663] Duplicate IP found for 'digilentinc.com:IP:PmodSD:1.0'. The one found in IP location 'z:/DAT096/vivado-library-master/ip/Pmods/PmodSD_v1_0' will take precedence over the same IP in location z:/DAT096/vivado-library-b0946605e3617c901635278b62d0f6a8e3942844/ip/Pmods/PmodSD_v1_0
WARNING: [IP_Flow 19-1663] Duplicate IP found for 'digilentinc.com:IP:PmodSF3:1.0'. The one found in IP location 'z:/DAT096/vivado-library-master/ip/Pmods/PmodSF3_v1_0' will take precedence over the same IP in location z:/DAT096/vivado-library-b0946605e3617c901635278b62d0f6a8e3942844/ip/Pmods/PmodSF3_v1_0
WARNING: [IP_Flow 19-1663] Duplicate IP found for 'digilentinc.com:IP:PmodTC1:1.0'. The one found in IP location 'z:/DAT096/vivado-library-master/ip/Pmods/PmodTC1_v1_0' will take precedence over the same IP in location z:/DAT096/vivado-library-b0946605e3617c901635278b62d0f6a8e3942844/ip/Pmods/PmodTC1_v1_0
WARNING: [IP_Flow 19-1663] Duplicate IP found for 'digilentinc.com:IP:PmodTMP3:1.0'. The one found in IP location 'z:/DAT096/vivado-library-master/ip/Pmods/PmodTMP3_v1_0' will take precedence over the same IP in location z:/DAT096/vivado-library-b0946605e3617c901635278b62d0f6a8e3942844/ip/Pmods/PmodTMP3_v1_0
WARNING: [IP_Flow 19-1663] Duplicate IP found for 'digilentinc.com:IP:PmodWIFI:1.0'. The one found in IP location 'z:/DAT096/vivado-library-master/ip/Pmods/PmodWIFI_v1_0' will take precedence over the same IP in location z:/DAT096/vivado-library-b0946605e3617c901635278b62d0f6a8e3942844/ip/Pmods/PmodWIFI_v1_0
WARNING: [IP_Flow 19-1663] Duplicate IP found for 'digilentinc.com:ip:pmod_bridge:1.0'. The one found in IP location 'z:/DAT096/vivado-library-master/ip/Pmods/Pmod_Bridge_v1_0' will take precedence over the same IP in location z:/DAT096/vivado-library-b0946605e3617c901635278b62d0f6a8e3942844/ip/Pmods/Pmod_Bridge_v1_0
WARNING: [IP_Flow 19-1663] Duplicate IP found for 'digilentinc.com:ip:pmod_bridge:1.1'. The one found in IP location 'z:/DAT096/vivado-library-master/ip/Pmods/Pmod_Bridge_v1_1' will take precedence over the same IP in location z:/DAT096/vivado-library-b0946605e3617c901635278b62d0f6a8e3942844/ip/Pmods/Pmod_Bridge_v1_1
WARNING: [IP_Flow 19-1663] Duplicate IP found for 'digilentinc.com:IP:PWM:1.0'. The one found in IP location 'z:/DAT096/vivado-library-master/ip/PWM_1.0' will take precedence over the same IP in location z:/DAT096/vivado-library-b0946605e3617c901635278b62d0f6a8e3942844/ip/PWM_1.0
WARNING: [IP_Flow 19-1663] Duplicate IP found for 'digilentinc.com:IP:PWM:2.0'. The one found in IP location 'z:/DAT096/vivado-library-master/ip/PWM_2.0' will take precedence over the same IP in location z:/DAT096/vivado-library-b0946605e3617c901635278b62d0f6a8e3942844/ip/PWM_2.0
WARNING: [IP_Flow 19-1663] Duplicate IP found for 'digilentinc.com:IP:PWM_Analyzer:1.0'. The one found in IP location 'z:/DAT096/vivado-library-master/ip/PWM_Analyzer_1.0' will take precedence over the same IP in location z:/DAT096/vivado-library-b0946605e3617c901635278b62d0f6a8e3942844/ip/PWM_Analyzer_1.0
WARNING: [IP_Flow 19-1663] Duplicate IP found for 'digilentinc.com:ip:rgb2dvi:1.4'. The one found in IP location 'z:/DAT096/vivado-library-master/ip/rgb2dvi' will take precedence over the same IP in location z:/DAT096/vivado-library-b0946605e3617c901635278b62d0f6a8e3942844/ip/rgb2dvi
WARNING: [IP_Flow 19-4830] Duplicate Interface found for 'digilentinc.com:interface:pmod:1.0'. The one found in location 'z:/DAT096/vivado-library-b0946605e3617c901635278b62d0f6a8e3942844/if/pmod_v1_0/pmod.xml' will take precedence over the same Interface in location 'z:/DAT096/vivado-library-master/if/pmod_v1_0/pmod.xml'
WARNING: [IP_Flow 19-4830] Duplicate Interface found for 'digilentinc.com:interface:tmds:1.0'. The one found in location 'z:/DAT096/vivado-library-b0946605e3617c901635278b62d0f6a8e3942844/if/tmds_v1_0/tmds.xml' will take precedence over the same Interface in location 'z:/DAT096/vivado-library-master/if/tmds_v1_0/tmds.xml'
INFO: [IP_Flow 19-795] Syncing license key meta-data
ipx::edit_ip_in_project: Time (s): cpu = 00:00:05 ; elapsed = 00:00:18 . Memory (MB): peak = 1499.125 ; gain = 0.000
update_compile_order -fileset sources_1
close_project
WARNING: [IP_Flow 19-4318] IP-XACT file does not exist: z:/DAT096/Project_team5/ip_repo/component.xml. It will be created.
set_property  ip_repo_paths  {z:/DAT096/vivado-library-zmod-v2-2019.1-2/vivado-library-zmod-v2-2019.1-2 Z:/DAT096/Project_team5/ip_repo_snr {z:/embedded project/Eclypse-Z7-HW/Eclypse-Z7-HW.ipdefs/repo} z:/DAT096/Project_team5/ip_repo z:/DAT096/vivado-boards-master z:/DAT096/vivado-library-b0946605e3617c901635278b62d0f6a8e3942844 z:/DAT096/vivado-library-master z:/eda234/vivado-library-master z:/eda234/vivado-library-master/ip} [current_project]
update_ip_catalog
INFO: [IP_Flow 19-234] Refreshing IP repositories
WARNING: [IP_Flow 19-2248] Failed to load user IP repository 'z:/DAT096/vivado-library-zmod-v2-2019.1-2/vivado-library-zmod-v2-2019.1-2'; Can't find the specified path.
If this directory should no longer be in your list of user repositories, go to the IP Settings dialog and remove it.
INFO: [IP_Flow 19-1700] Loaded user IP repository 'z:/DAT096/Project_team5/ip_repo_snr'.
WARNING: [IP_Flow 19-2248] Failed to load user IP repository 'z:/embedded project/Eclypse-Z7-HW/Eclypse-Z7-HW.ipdefs/repo'; Can't find the specified path.
If this directory should no longer be in your list of user repositories, go to the IP Settings dialog and remove it.
INFO: [IP_Flow 19-1700] Loaded user IP repository 'z:/DAT096/Project_team5/ip_repo'.
INFO: [IP_Flow 19-1700] Loaded user IP repository 'z:/DAT096/vivado-boards-master'.
INFO: [IP_Flow 19-1700] Loaded user IP repository 'z:/DAT096/vivado-library-b0946605e3617c901635278b62d0f6a8e3942844'.
INFO: [IP_Flow 19-1700] Loaded user IP repository 'z:/DAT096/vivado-library-master'.
WARNING: [IP_Flow 19-2248] Failed to load user IP repository 'z:/eda234/vivado-library-master'; Can't find the specified path.
If this directory should no longer be in your list of user repositories, go to the IP Settings dialog and remove it.
WARNING: [IP_Flow 19-3685] Ignored loading user repository 'z:/eda234/vivado-library-master/ip'. The path is contained within another repository.
WARNING: [IP_Flow 19-1663] Duplicate IP found for 'digilentinc.com:user:axi_i2s_adi:1.2'. The one found in IP location 'z:/DAT096/vivado-library-b0946605e3617c901635278b62d0f6a8e3942844/ip/axi_i2s_adi_1.2' will take precedence over the same IP in location z:/DAT096/vivado-library-master/ip/axi_i2s_adi_1.2
WARNING: [IP_Flow 19-1663] Duplicate IP found for 'digilentinc.com:IP:axi_ps2:1.0'. The one found in IP location 'z:/DAT096/vivado-library-b0946605e3617c901635278b62d0f6a8e3942844/ip/axi_ps2_1.0' will take precedence over the same IP in location z:/DAT096/vivado-library-master/ip/axi_ps2_1.0
WARNING: [IP_Flow 19-1663] Duplicate IP found for 'digilentinc.com:ip:clock_forwarder:1.1'. The one found in IP location 'z:/DAT096/vivado-library-b0946605e3617c901635278b62d0f6a8e3942844/ip/clock_forwarder' will take precedence over the same IP in location z:/DAT096/vivado-library-master/ip/clock_forwarder
WARNING: [IP_Flow 19-1663] Duplicate IP found for 'digilentinc.com:IP:hls_contrast_stretch:1.0'. The one found in IP location 'z:/DAT096/vivado-library-b0946605e3617c901635278b62d0f6a8e3942844/ip/hls_contrast_stretch_1_0' will take precedence over the same IP in location z:/DAT096/vivado-library-master/ip/hls_contrast_stretch_1_0
WARNING: [IP_Flow 19-1663] Duplicate IP found for 'digilentinc.com:IP:hls_gamma_correction:1.0'. The one found in IP location 'z:/DAT096/vivado-library-b0946605e3617c901635278b62d0f6a8e3942844/ip/hls_gamma_correction_1_0' will take precedence over the same IP in location z:/DAT096/vivado-library-master/ip/hls_gamma_correction_1_0
WARNING: [IP_Flow 19-1663] Duplicate IP found for 'digilentinc.com:IP:hls_saturation_enhance:1.0'. The one found in IP location 'z:/DAT096/vivado-library-b0946605e3617c901635278b62d0f6a8e3942844/ip/hls_saturation_enhance_1_0' will take precedence over the same IP in location z:/DAT096/vivado-library-master/ip/hls_saturation_enhance_1_0
WARNING: [IP_Flow 19-1663] Duplicate IP found for 'digilentinc.com:ip:rgb2dpvid:1.0'. The one found in IP location 'z:/DAT096/vivado-library-b0946605e3617c901635278b62d0f6a8e3942844/ip/rgb2dpvid_v1_0' will take precedence over the same IP in location z:/DAT096/vivado-library-master/ip/rgb2dpvid_v1_0
WARNING: [IP_Flow 19-1663] Duplicate IP found for 'digilentinc.com:ip:rgb2vga:1.0'. The one found in IP location 'z:/DAT096/vivado-library-b0946605e3617c901635278b62d0f6a8e3942844/ip/rgb2vga_v1_0' will take precedence over the same IP in location z:/DAT096/vivado-library-master/ip/rgb2vga_v1_0
WARNING: [IP_Flow 19-1663] Duplicate IP found for 'digilentinc.com:ip:Sync:1.0'. The one found in IP location 'z:/DAT096/vivado-library-b0946605e3617c901635278b62d0f6a8e3942844/ip/Sync_v1_0' will take precedence over the same IP in location z:/DAT096/vivado-library-master/ip/Sync_v1_0
WARNING: [IP_Flow 19-1663] Duplicate IP found for 'digilentinc.com:ip:usb2device:1.0'. The one found in IP location 'z:/DAT096/vivado-library-b0946605e3617c901635278b62d0f6a8e3942844/ip/usb2device_v1_0' will take precedence over the same IP in location z:/DAT096/vivado-library-master/ip/usb2device_v1_0
WARNING: [IP_Flow 19-1663] Duplicate IP found for 'digilentinc.com:video:video_scaler:1.0'. The one found in IP location 'z:/DAT096/vivado-library-b0946605e3617c901635278b62d0f6a8e3942844/ip/video_scaler' will take precedence over the same IP in location z:/DAT096/vivado-library-master/ip/video_scaler
WARNING: [IP_Flow 19-1663] Duplicate IP found for 'digilentinc.com:ip:dvi2rgb:2.0'. The one found in IP location 'z:/DAT096/vivado-library-master/ip/dvi2rgb' will take precedence over the same IP in location z:/DAT096/vivado-library-b0946605e3617c901635278b62d0f6a8e3942844/ip/dvi2rgb
WARNING: [IP_Flow 19-1663] Duplicate IP found for 'digilentinc.com:IP:MotorFeedback:1.0'. The one found in IP location 'z:/DAT096/vivado-library-master/ip/MotorFeedback_1.0' will take precedence over the same IP in location z:/DAT096/vivado-library-b0946605e3617c901635278b62d0f6a8e3942844/ip/MotorFeedback_1.0
WARNING: [IP_Flow 19-1663] Duplicate IP found for 'digilentinc.com:IP:PmodACL2:1.0'. The one found in IP location 'z:/DAT096/vivado-library-master/ip/Pmods/PmodACL2_v1_0' will take precedence over the same IP in location z:/DAT096/vivado-library-b0946605e3617c901635278b62d0f6a8e3942844/ip/Pmods/PmodACL2_v1_0
WARNING: [IP_Flow 19-1663] Duplicate IP found for 'digilentinc.com:IP:PmodACL:1.0'. The one found in IP location 'z:/DAT096/vivado-library-master/ip/Pmods/PmodACL_v1_0' will take precedence over the same IP in location z:/DAT096/vivado-library-b0946605e3617c901635278b62d0f6a8e3942844/ip/Pmods/PmodACL_v1_0
WARNING: [IP_Flow 19-1663] Duplicate IP found for 'digilentinc.com:IP:PmodAD1:1.0'. The one found in IP location 'z:/DAT096/vivado-library-master/ip/Pmods/PmodAD1_v1_0' will take precedence over the same IP in location z:/DAT096/vivado-library-b0946605e3617c901635278b62d0f6a8e3942844/ip/Pmods/PmodAD1_v1_0
WARNING: [IP_Flow 19-1663] Duplicate IP found for 'digilentinc.com:IP:PmodAD2:1.0'. The one found in IP location 'z:/DAT096/vivado-library-master/ip/Pmods/PmodAD2_v1_0' will take precedence over the same IP in location z:/DAT096/vivado-library-b0946605e3617c901635278b62d0f6a8e3942844/ip/Pmods/PmodAD2_v1_0
WARNING: [IP_Flow 19-1663] Duplicate IP found for 'digilentinc.com:IP:PmodAD5:1.0'. The one found in IP location 'z:/DAT096/vivado-library-master/ip/Pmods/PmodAD5_v1_0' will take precedence over the same IP in location z:/DAT096/vivado-library-b0946605e3617c901635278b62d0f6a8e3942844/ip/Pmods/PmodAD5_v1_0
WARNING: [IP_Flow 19-1663] Duplicate IP found for 'digilentinc.com:IP:PmodALS:1.0'. The one found in IP location 'z:/DAT096/vivado-library-master/ip/Pmods/PmodALS_v1_0' will take precedence over the same IP in location z:/DAT096/vivado-library-b0946605e3617c901635278b62d0f6a8e3942844/ip/Pmods/PmodALS_v1_0
WARNING: [IP_Flow 19-1663] Duplicate IP found for 'digilentinc.com:IP:PmodAMP2:1.0'. The one found in IP location 'z:/DAT096/vivado-library-master/ip/Pmods/PmodAMP2_v1_0' will take precedence over the same IP in location z:/DAT096/vivado-library-b0946605e3617c901635278b62d0f6a8e3942844/ip/Pmods/PmodAMP2_v1_0
WARNING: [IP_Flow 19-1663] Duplicate IP found for 'digilentinc.com:IP:PmodAQS:1.0'. The one found in IP location 'z:/DAT096/vivado-library-master/ip/Pmods/PmodAQS_v1_0' will take precedence over the same IP in location z:/DAT096/vivado-library-b0946605e3617c901635278b62d0f6a8e3942844/ip/Pmods/PmodAQS_v1_0
WARNING: [IP_Flow 19-1663] Duplicate IP found for 'digilentinc.com:IP:PmodBLE:1.0'. The one found in IP location 'z:/DAT096/vivado-library-master/ip/Pmods/PmodBLE_v1_0' will take precedence over the same IP in location z:/DAT096/vivado-library-b0946605e3617c901635278b62d0f6a8e3942844/ip/Pmods/PmodBLE_v1_0
WARNING: [IP_Flow 19-1663] Duplicate IP found for 'digilentinc.com:IP:PmodBT2:1.0'. The one found in IP location 'z:/DAT096/vivado-library-master/ip/Pmods/PmodBT2_v1_0' will take precedence over the same IP in location z:/DAT096/vivado-library-b0946605e3617c901635278b62d0f6a8e3942844/ip/Pmods/PmodBT2_v1_0
WARNING: [IP_Flow 19-1663] Duplicate IP found for 'digilentinc.com:IP:PmodCAN:1.0'. The one found in IP location 'z:/DAT096/vivado-library-master/ip/Pmods/PmodCAN_v1_0' will take precedence over the same IP in location z:/DAT096/vivado-library-b0946605e3617c901635278b62d0f6a8e3942844/ip/Pmods/PmodCAN_v1_0
WARNING: [IP_Flow 19-1663] Duplicate IP found for 'digilentinc.com:IP:PmodCLS:1.0'. The one found in IP location 'z:/DAT096/vivado-library-master/ip/Pmods/PmodCLS_v1_0' will take precedence over the same IP in location z:/DAT096/vivado-library-b0946605e3617c901635278b62d0f6a8e3942844/ip/Pmods/PmodCLS_v1_0
WARNING: [IP_Flow 19-1663] Duplicate IP found for 'digilentinc.com:IP:PmodCMPS2:1.0'. The one found in IP location 'z:/DAT096/vivado-library-master/ip/Pmods/PmodCMPS2_v1_0' will take precedence over the same IP in location z:/DAT096/vivado-library-b0946605e3617c901635278b62d0f6a8e3942844/ip/Pmods/PmodCMPS2_v1_0
WARNING: [IP_Flow 19-1663] Duplicate IP found for 'digilentinc.com:IP:PmodCOLOR:1.0'. The one found in IP location 'z:/DAT096/vivado-library-master/ip/Pmods/PmodCOLOR_v1_0' will take precedence over the same IP in location z:/DAT096/vivado-library-b0946605e3617c901635278b62d0f6a8e3942844/ip/Pmods/PmodCOLOR_v1_0
WARNING: [IP_Flow 19-1663] Duplicate IP found for 'digilentinc.com:IP:PmodDA1:1.0'. The one found in IP location 'z:/DAT096/vivado-library-master/ip/Pmods/PmodDA1_v1_0' will take precedence over the same IP in location z:/DAT096/vivado-library-b0946605e3617c901635278b62d0f6a8e3942844/ip/Pmods/PmodDA1_v1_0
WARNING: [IP_Flow 19-1663] Duplicate IP found for 'digilentinc.com:IP:PmodDHB1:1.0'. The one found in IP location 'z:/DAT096/vivado-library-master/ip/Pmods/PmodDHB1_v1_0' will take precedence over the same IP in location z:/DAT096/vivado-library-b0946605e3617c901635278b62d0f6a8e3942844/ip/Pmods/PmodDHB1_v1_0
WARNING: [IP_Flow 19-1663] Duplicate IP found for 'digilentinc.com:IP:PmodDPG1:1.0'. The one found in IP location 'z:/DAT096/vivado-library-master/ip/Pmods/PmodDPG1_v1_0' will take precedence over the same IP in location z:/DAT096/vivado-library-b0946605e3617c901635278b62d0f6a8e3942844/ip/Pmods/PmodDPG1_v1_0
WARNING: [IP_Flow 19-1663] Duplicate IP found for 'digilentinc.com:IP:PmodENC:1.0'. The one found in IP location 'z:/DAT096/vivado-library-master/ip/Pmods/PmodENC_v1_0' will take precedence over the same IP in location z:/DAT096/vivado-library-b0946605e3617c901635278b62d0f6a8e3942844/ip/Pmods/PmodENC_v1_0
WARNING: [IP_Flow 19-1663] Duplicate IP found for 'digilentinc.com:user:PmodESP32:1.0'. The one found in IP location 'z:/DAT096/vivado-library-master/ip/Pmods/PmodESP32_v1_0' will take precedence over the same IP in location z:/DAT096/vivado-library-b0946605e3617c901635278b62d0f6a8e3942844/ip/Pmods/PmodESP32_v1_0
WARNING: [IP_Flow 19-1663] Duplicate IP found for 'digilentinc.com:IP:PmodGPIO:1.0'. The one found in IP location 'z:/DAT096/vivado-library-master/ip/Pmods/PmodGPIO_v1_0' will take precedence over the same IP in location z:/DAT096/vivado-library-b0946605e3617c901635278b62d0f6a8e3942844/ip/Pmods/PmodGPIO_v1_0
WARNING: [IP_Flow 19-1663] Duplicate IP found for 'digilentinc.com:IP:PmodGPS:1.1'. The one found in IP location 'z:/DAT096/vivado-library-master/ip/Pmods/PmodGPS_v1_1' will take precedence over the same IP in location z:/DAT096/vivado-library-b0946605e3617c901635278b62d0f6a8e3942844/ip/Pmods/PmodGPS_v1_1
WARNING: [IP_Flow 19-1663] Duplicate IP found for 'digilentinc.com:IP:PmodGYRO:1.0'. The one found in IP location 'z:/DAT096/vivado-library-master/ip/Pmods/PmodGYRO_v1_0' will take precedence over the same IP in location z:/DAT096/vivado-library-b0946605e3617c901635278b62d0f6a8e3942844/ip/Pmods/PmodGYRO_v1_0
WARNING: [IP_Flow 19-1663] Duplicate IP found for 'digilentinc.com:IP:PmodHYGRO:1.0'. The one found in IP location 'z:/DAT096/vivado-library-master/ip/Pmods/PmodHYGRO_v1_0' will take precedence over the same IP in location z:/DAT096/vivado-library-b0946605e3617c901635278b62d0f6a8e3942844/ip/Pmods/PmodHYGRO_v1_0
WARNING: [IP_Flow 19-1663] Duplicate IP found for 'digilentinc.com:IP:PmodJSTK2:1.0'. The one found in IP location 'z:/DAT096/vivado-library-master/ip/Pmods/PmodJSTK2_v1_0' will take precedence over the same IP in location z:/DAT096/vivado-library-b0946605e3617c901635278b62d0f6a8e3942844/ip/Pmods/PmodJSTK2_v1_0
WARNING: [IP_Flow 19-1663] Duplicate IP found for 'digilentinc.com:IP:PmodJSTK:1.0'. The one found in IP location 'z:/DAT096/vivado-library-master/ip/Pmods/PmodJSTK_v1_0' will take precedence over the same IP in location z:/DAT096/vivado-library-b0946605e3617c901635278b62d0f6a8e3942844/ip/Pmods/PmodJSTK_v1_0
WARNING: [IP_Flow 19-1663] Duplicate IP found for 'digilentinc.com:IP:PmodKYPD:1.0'. The one found in IP location 'z:/DAT096/vivado-library-master/ip/Pmods/PmodKYPD_v1_0' will take precedence over the same IP in location z:/DAT096/vivado-library-b0946605e3617c901635278b62d0f6a8e3942844/ip/Pmods/PmodKYPD_v1_0
WARNING: [IP_Flow 19-1663] Duplicate IP found for 'digilentinc.com:IP:PmodMAXSONAR:1.0'. The one found in IP location 'z:/DAT096/vivado-library-master/ip/Pmods/PmodMAXSONAR_v1_0' will take precedence over the same IP in location z:/DAT096/vivado-library-b0946605e3617c901635278b62d0f6a8e3942844/ip/Pmods/PmodMAXSONAR_v1_0
WARNING: [IP_Flow 19-1663] Duplicate IP found for 'digilentinc.com:IP:PmodMTDS:1.0'. The one found in IP location 'z:/DAT096/vivado-library-master/ip/Pmods/PmodMTDS_v1_0' will take precedence over the same IP in location z:/DAT096/vivado-library-b0946605e3617c901635278b62d0f6a8e3942844/ip/Pmods/PmodMTDS_v1_0
WARNING: [IP_Flow 19-1663] Duplicate IP found for 'digilentinc.com:IP:PmodNAV:1.0'. The one found in IP location 'z:/DAT096/vivado-library-master/ip/Pmods/PmodNAV_v1_0' will take precedence over the same IP in location z:/DAT096/vivado-library-b0946605e3617c901635278b62d0f6a8e3942844/ip/Pmods/PmodNAV_v1_0
WARNING: [IP_Flow 19-1663] Duplicate IP found for 'digilentinc.com:IP:PmodOLEDrgb:1.0'. The one found in IP location 'z:/DAT096/vivado-library-master/ip/Pmods/pmodOLEDrgb_v1_0' will take precedence over the same IP in location z:/DAT096/vivado-library-b0946605e3617c901635278b62d0f6a8e3942844/ip/Pmods/pmodOLEDrgb_v1_0
WARNING: [IP_Flow 19-1663] Duplicate IP found for 'digilentinc.com:IP:PmodOLED:1.0'. The one found in IP location 'z:/DAT096/vivado-library-master/ip/Pmods/PmodOLED_v1_0' will take precedence over the same IP in location z:/DAT096/vivado-library-b0946605e3617c901635278b62d0f6a8e3942844/ip/Pmods/PmodOLED_v1_0
WARNING: [IP_Flow 19-1663] Duplicate IP found for 'digilentinc.com:IP:PmodPIR:1.0'. The one found in IP location 'z:/DAT096/vivado-library-master/ip/Pmods/PmodPIR_v1_0' will take precedence over the same IP in location z:/DAT096/vivado-library-b0946605e3617c901635278b62d0f6a8e3942844/ip/Pmods/PmodPIR_v1_0
WARNING: [IP_Flow 19-1663] Duplicate IP found for 'digilentinc.com:IP:PmodR2R:1.0'. The one found in IP location 'z:/DAT096/vivado-library-master/ip/Pmods/PmodR2R_v1_0' will take precedence over the same IP in location z:/DAT096/vivado-library-b0946605e3617c901635278b62d0f6a8e3942844/ip/Pmods/PmodR2R_v1_0
WARNING: [IP_Flow 19-1663] Duplicate IP found for 'digilentinc.com:IP:PmodRTCC:1.0'. The one found in IP location 'z:/DAT096/vivado-library-master/ip/Pmods/PmodRTCC_v1_0' will take precedence over the same IP in location z:/DAT096/vivado-library-b0946605e3617c901635278b62d0f6a8e3942844/ip/Pmods/PmodRTCC_v1_0
WARNING: [IP_Flow 19-1663] Duplicate IP found for 'digilentinc.com:IP:PmodSD:1.0'. The one found in IP location 'z:/DAT096/vivado-library-master/ip/Pmods/PmodSD_v1_0' will take precedence over the same IP in location z:/DAT096/vivado-library-b0946605e3617c901635278b62d0f6a8e3942844/ip/Pmods/PmodSD_v1_0
WARNING: [IP_Flow 19-1663] Duplicate IP found for 'digilentinc.com:IP:PmodSF3:1.0'. The one found in IP location 'z:/DAT096/vivado-library-master/ip/Pmods/PmodSF3_v1_0' will take precedence over the same IP in location z:/DAT096/vivado-library-b0946605e3617c901635278b62d0f6a8e3942844/ip/Pmods/PmodSF3_v1_0
WARNING: [IP_Flow 19-1663] Duplicate IP found for 'digilentinc.com:IP:PmodTC1:1.0'. The one found in IP location 'z:/DAT096/vivado-library-master/ip/Pmods/PmodTC1_v1_0' will take precedence over the same IP in location z:/DAT096/vivado-library-b0946605e3617c901635278b62d0f6a8e3942844/ip/Pmods/PmodTC1_v1_0
WARNING: [IP_Flow 19-1663] Duplicate IP found for 'digilentinc.com:IP:PmodTMP3:1.0'. The one found in IP location 'z:/DAT096/vivado-library-master/ip/Pmods/PmodTMP3_v1_0' will take precedence over the same IP in location z:/DAT096/vivado-library-b0946605e3617c901635278b62d0f6a8e3942844/ip/Pmods/PmodTMP3_v1_0
WARNING: [IP_Flow 19-1663] Duplicate IP found for 'digilentinc.com:IP:PmodWIFI:1.0'. The one found in IP location 'z:/DAT096/vivado-library-master/ip/Pmods/PmodWIFI_v1_0' will take precedence over the same IP in location z:/DAT096/vivado-library-b0946605e3617c901635278b62d0f6a8e3942844/ip/Pmods/PmodWIFI_v1_0
WARNING: [IP_Flow 19-1663] Duplicate IP found for 'digilentinc.com:ip:pmod_bridge:1.0'. The one found in IP location 'z:/DAT096/vivado-library-master/ip/Pmods/Pmod_Bridge_v1_0' will take precedence over the same IP in location z:/DAT096/vivado-library-b0946605e3617c901635278b62d0f6a8e3942844/ip/Pmods/Pmod_Bridge_v1_0
WARNING: [IP_Flow 19-1663] Duplicate IP found for 'digilentinc.com:ip:pmod_bridge:1.1'. The one found in IP location 'z:/DAT096/vivado-library-master/ip/Pmods/Pmod_Bridge_v1_1' will take precedence over the same IP in location z:/DAT096/vivado-library-b0946605e3617c901635278b62d0f6a8e3942844/ip/Pmods/Pmod_Bridge_v1_1
WARNING: [IP_Flow 19-1663] Duplicate IP found for 'digilentinc.com:IP:PWM:1.0'. The one found in IP location 'z:/DAT096/vivado-library-master/ip/PWM_1.0' will take precedence over the same IP in location z:/DAT096/vivado-library-b0946605e3617c901635278b62d0f6a8e3942844/ip/PWM_1.0
WARNING: [IP_Flow 19-1663] Duplicate IP found for 'digilentinc.com:IP:PWM:2.0'. The one found in IP location 'z:/DAT096/vivado-library-master/ip/PWM_2.0' will take precedence over the same IP in location z:/DAT096/vivado-library-b0946605e3617c901635278b62d0f6a8e3942844/ip/PWM_2.0
WARNING: [IP_Flow 19-1663] Duplicate IP found for 'digilentinc.com:IP:PWM_Analyzer:1.0'. The one found in IP location 'z:/DAT096/vivado-library-master/ip/PWM_Analyzer_1.0' will take precedence over the same IP in location z:/DAT096/vivado-library-b0946605e3617c901635278b62d0f6a8e3942844/ip/PWM_Analyzer_1.0
WARNING: [IP_Flow 19-1663] Duplicate IP found for 'digilentinc.com:ip:rgb2dvi:1.4'. The one found in IP location 'z:/DAT096/vivado-library-master/ip/rgb2dvi' will take precedence over the same IP in location z:/DAT096/vivado-library-b0946605e3617c901635278b62d0f6a8e3942844/ip/rgb2dvi
WARNING: [IP_Flow 19-4830] Duplicate Interface found for 'digilentinc.com:interface:pmod:1.0'. The one found in location 'z:/DAT096/vivado-library-b0946605e3617c901635278b62d0f6a8e3942844/if/pmod_v1_0/pmod.xml' will take precedence over the same Interface in location 'z:/DAT096/vivado-library-master/if/pmod_v1_0/pmod.xml'
WARNING: [IP_Flow 19-4830] Duplicate Interface found for 'digilentinc.com:interface:tmds:1.0'. The one found in location 'z:/DAT096/vivado-library-b0946605e3617c901635278b62d0f6a8e3942844/if/tmds_v1_0/tmds.xml' will take precedence over the same Interface in location 'z:/DAT096/vivado-library-master/if/tmds_v1_0/tmds.xml'
startgroup
create_bd_cell -type ip -vlnv chalmers.se:user:top_awgn:1.0 top_awgn_0
endgroup
set_property location {2 395 978} [get_bd_cells top_awgn_0]
set_property location {0.5 205 985} [get_bd_cells top_awgn_0]
set_property location {1 289 983} [get_bd_cells top_awgn_0]
ipx::edit_ip_in_project -upgrade true -name top_awgn_v1_0_project -directory Z:/DAT096/DAT096-krish/Embedded-System-Project-DAT096-krishna/Board_2/Board_2/Board_2.tmp/top_awgn_v1_0_project z:/DAT096/Project_team5/ip_repo_snr/component.xml
INFO: [ProjectBase 1-489] The host OS only allows 260 characters in a normal path. The project is stored in a path with more than 80 characters. If you experience issues with IP, Block Designs, or files not being found, please consider moving the project to a location with a shorter path. Alternately consider using the OS subst command to map part of the path to a drive letter.
Current project path is 'z:/dat096/dat096-krish/embedded-system-project-dat096-krishna/board_2/board_2/board_2.tmp/top_awgn_v1_0_project'
INFO: [IP_Flow 19-234] Refreshing IP repositories
INFO: [IP_Flow 19-1704] No user IP repositories specified
INFO: [IP_Flow 19-2313] Loaded Vivado IP repository 'C:/Progs/Xilinx/Vivado/2024.2/data/ip'.
INFO: [IP_Flow 19-234] Refreshing IP repositories
WARNING: [IP_Flow 19-2248] Failed to load user IP repository 'z:/DAT096/vivado-library-zmod-v2-2019.1-2/vivado-library-zmod-v2-2019.1-2'; Can't find the specified path.
If this directory should no longer be in your list of user repositories, go to the IP Settings dialog and remove it.
INFO: [IP_Flow 19-1700] Loaded user IP repository 'z:/DAT096/Project_team5/ip_repo_snr'.
WARNING: [IP_Flow 19-2248] Failed to load user IP repository 'z:/embedded project/Eclypse-Z7-HW/Eclypse-Z7-HW.ipdefs/repo'; Can't find the specified path.
If this directory should no longer be in your list of user repositories, go to the IP Settings dialog and remove it.
WARNING: [IP_Flow 19-2248] Failed to load user IP repository 'z:/DAT096/Project_team5/ip_repo'; Can't find the specified path.
If this directory should no longer be in your list of user repositories, go to the IP Settings dialog and remove it.
INFO: [IP_Flow 19-1700] Loaded user IP repository 'z:/DAT096/vivado-boards-master'.
INFO: [IP_Flow 19-1700] Loaded user IP repository 'z:/DAT096/vivado-library-b0946605e3617c901635278b62d0f6a8e3942844'.
INFO: [IP_Flow 19-1700] Loaded user IP repository 'z:/DAT096/vivado-library-master'.
WARNING: [IP_Flow 19-2248] Failed to load user IP repository 'z:/eda234/vivado-library-master'; Can't find the specified path.
If this directory should no longer be in your list of user repositories, go to the IP Settings dialog and remove it.
WARNING: [IP_Flow 19-3685] Ignored loading user repository 'z:/eda234/vivado-library-master/ip'. The path is contained within another repository.
WARNING: [IP_Flow 19-1663] Duplicate IP found for 'digilentinc.com:user:axi_i2s_adi:1.2'. The one found in IP location 'z:/DAT096/vivado-library-b0946605e3617c901635278b62d0f6a8e3942844/ip/axi_i2s_adi_1.2' will take precedence over the same IP in location z:/DAT096/vivado-library-master/ip/axi_i2s_adi_1.2
WARNING: [IP_Flow 19-1663] Duplicate IP found for 'digilentinc.com:IP:axi_ps2:1.0'. The one found in IP location 'z:/DAT096/vivado-library-b0946605e3617c901635278b62d0f6a8e3942844/ip/axi_ps2_1.0' will take precedence over the same IP in location z:/DAT096/vivado-library-master/ip/axi_ps2_1.0
WARNING: [IP_Flow 19-1663] Duplicate IP found for 'digilentinc.com:ip:clock_forwarder:1.1'. The one found in IP location 'z:/DAT096/vivado-library-b0946605e3617c901635278b62d0f6a8e3942844/ip/clock_forwarder' will take precedence over the same IP in location z:/DAT096/vivado-library-master/ip/clock_forwarder
WARNING: [IP_Flow 19-1663] Duplicate IP found for 'digilentinc.com:IP:hls_contrast_stretch:1.0'. The one found in IP location 'z:/DAT096/vivado-library-b0946605e3617c901635278b62d0f6a8e3942844/ip/hls_contrast_stretch_1_0' will take precedence over the same IP in location z:/DAT096/vivado-library-master/ip/hls_contrast_stretch_1_0
WARNING: [IP_Flow 19-1663] Duplicate IP found for 'digilentinc.com:IP:hls_gamma_correction:1.0'. The one found in IP location 'z:/DAT096/vivado-library-b0946605e3617c901635278b62d0f6a8e3942844/ip/hls_gamma_correction_1_0' will take precedence over the same IP in location z:/DAT096/vivado-library-master/ip/hls_gamma_correction_1_0
WARNING: [IP_Flow 19-1663] Duplicate IP found for 'digilentinc.com:IP:hls_saturation_enhance:1.0'. The one found in IP location 'z:/DAT096/vivado-library-b0946605e3617c901635278b62d0f6a8e3942844/ip/hls_saturation_enhance_1_0' will take precedence over the same IP in location z:/DAT096/vivado-library-master/ip/hls_saturation_enhance_1_0
WARNING: [IP_Flow 19-1663] Duplicate IP found for 'digilentinc.com:ip:rgb2dpvid:1.0'. The one found in IP location 'z:/DAT096/vivado-library-b0946605e3617c901635278b62d0f6a8e3942844/ip/rgb2dpvid_v1_0' will take precedence over the same IP in location z:/DAT096/vivado-library-master/ip/rgb2dpvid_v1_0
WARNING: [IP_Flow 19-1663] Duplicate IP found for 'digilentinc.com:ip:rgb2vga:1.0'. The one found in IP location 'z:/DAT096/vivado-library-b0946605e3617c901635278b62d0f6a8e3942844/ip/rgb2vga_v1_0' will take precedence over the same IP in location z:/DAT096/vivado-library-master/ip/rgb2vga_v1_0
WARNING: [IP_Flow 19-1663] Duplicate IP found for 'digilentinc.com:ip:Sync:1.0'. The one found in IP location 'z:/DAT096/vivado-library-b0946605e3617c901635278b62d0f6a8e3942844/ip/Sync_v1_0' will take precedence over the same IP in location z:/DAT096/vivado-library-master/ip/Sync_v1_0
WARNING: [IP_Flow 19-1663] Duplicate IP found for 'digilentinc.com:ip:usb2device:1.0'. The one found in IP location 'z:/DAT096/vivado-library-b0946605e3617c901635278b62d0f6a8e3942844/ip/usb2device_v1_0' will take precedence over the same IP in location z:/DAT096/vivado-library-master/ip/usb2device_v1_0
WARNING: [IP_Flow 19-1663] Duplicate IP found for 'digilentinc.com:video:video_scaler:1.0'. The one found in IP location 'z:/DAT096/vivado-library-b0946605e3617c901635278b62d0f6a8e3942844/ip/video_scaler' will take precedence over the same IP in location z:/DAT096/vivado-library-master/ip/video_scaler
WARNING: [IP_Flow 19-1663] Duplicate IP found for 'digilentinc.com:ip:dvi2rgb:2.0'. The one found in IP location 'z:/DAT096/vivado-library-master/ip/dvi2rgb' will take precedence over the same IP in location z:/DAT096/vivado-library-b0946605e3617c901635278b62d0f6a8e3942844/ip/dvi2rgb
WARNING: [IP_Flow 19-1663] Duplicate IP found for 'digilentinc.com:IP:MotorFeedback:1.0'. The one found in IP location 'z:/DAT096/vivado-library-master/ip/MotorFeedback_1.0' will take precedence over the same IP in location z:/DAT096/vivado-library-b0946605e3617c901635278b62d0f6a8e3942844/ip/MotorFeedback_1.0
WARNING: [IP_Flow 19-1663] Duplicate IP found for 'digilentinc.com:IP:PmodACL2:1.0'. The one found in IP location 'z:/DAT096/vivado-library-master/ip/Pmods/PmodACL2_v1_0' will take precedence over the same IP in location z:/DAT096/vivado-library-b0946605e3617c901635278b62d0f6a8e3942844/ip/Pmods/PmodACL2_v1_0
WARNING: [IP_Flow 19-1663] Duplicate IP found for 'digilentinc.com:IP:PmodACL:1.0'. The one found in IP location 'z:/DAT096/vivado-library-master/ip/Pmods/PmodACL_v1_0' will take precedence over the same IP in location z:/DAT096/vivado-library-b0946605e3617c901635278b62d0f6a8e3942844/ip/Pmods/PmodACL_v1_0
WARNING: [IP_Flow 19-1663] Duplicate IP found for 'digilentinc.com:IP:PmodAD1:1.0'. The one found in IP location 'z:/DAT096/vivado-library-master/ip/Pmods/PmodAD1_v1_0' will take precedence over the same IP in location z:/DAT096/vivado-library-b0946605e3617c901635278b62d0f6a8e3942844/ip/Pmods/PmodAD1_v1_0
WARNING: [IP_Flow 19-1663] Duplicate IP found for 'digilentinc.com:IP:PmodAD2:1.0'. The one found in IP location 'z:/DAT096/vivado-library-master/ip/Pmods/PmodAD2_v1_0' will take precedence over the same IP in location z:/DAT096/vivado-library-b0946605e3617c901635278b62d0f6a8e3942844/ip/Pmods/PmodAD2_v1_0
WARNING: [IP_Flow 19-1663] Duplicate IP found for 'digilentinc.com:IP:PmodAD5:1.0'. The one found in IP location 'z:/DAT096/vivado-library-master/ip/Pmods/PmodAD5_v1_0' will take precedence over the same IP in location z:/DAT096/vivado-library-b0946605e3617c901635278b62d0f6a8e3942844/ip/Pmods/PmodAD5_v1_0
WARNING: [IP_Flow 19-1663] Duplicate IP found for 'digilentinc.com:IP:PmodALS:1.0'. The one found in IP location 'z:/DAT096/vivado-library-master/ip/Pmods/PmodALS_v1_0' will take precedence over the same IP in location z:/DAT096/vivado-library-b0946605e3617c901635278b62d0f6a8e3942844/ip/Pmods/PmodALS_v1_0
WARNING: [IP_Flow 19-1663] Duplicate IP found for 'digilentinc.com:IP:PmodAMP2:1.0'. The one found in IP location 'z:/DAT096/vivado-library-master/ip/Pmods/PmodAMP2_v1_0' will take precedence over the same IP in location z:/DAT096/vivado-library-b0946605e3617c901635278b62d0f6a8e3942844/ip/Pmods/PmodAMP2_v1_0
WARNING: [IP_Flow 19-1663] Duplicate IP found for 'digilentinc.com:IP:PmodAQS:1.0'. The one found in IP location 'z:/DAT096/vivado-library-master/ip/Pmods/PmodAQS_v1_0' will take precedence over the same IP in location z:/DAT096/vivado-library-b0946605e3617c901635278b62d0f6a8e3942844/ip/Pmods/PmodAQS_v1_0
WARNING: [IP_Flow 19-1663] Duplicate IP found for 'digilentinc.com:IP:PmodBLE:1.0'. The one found in IP location 'z:/DAT096/vivado-library-master/ip/Pmods/PmodBLE_v1_0' will take precedence over the same IP in location z:/DAT096/vivado-library-b0946605e3617c901635278b62d0f6a8e3942844/ip/Pmods/PmodBLE_v1_0
WARNING: [IP_Flow 19-1663] Duplicate IP found for 'digilentinc.com:IP:PmodBT2:1.0'. The one found in IP location 'z:/DAT096/vivado-library-master/ip/Pmods/PmodBT2_v1_0' will take precedence over the same IP in location z:/DAT096/vivado-library-b0946605e3617c901635278b62d0f6a8e3942844/ip/Pmods/PmodBT2_v1_0
WARNING: [IP_Flow 19-1663] Duplicate IP found for 'digilentinc.com:IP:PmodCAN:1.0'. The one found in IP location 'z:/DAT096/vivado-library-master/ip/Pmods/PmodCAN_v1_0' will take precedence over the same IP in location z:/DAT096/vivado-library-b0946605e3617c901635278b62d0f6a8e3942844/ip/Pmods/PmodCAN_v1_0
WARNING: [IP_Flow 19-1663] Duplicate IP found for 'digilentinc.com:IP:PmodCLS:1.0'. The one found in IP location 'z:/DAT096/vivado-library-master/ip/Pmods/PmodCLS_v1_0' will take precedence over the same IP in location z:/DAT096/vivado-library-b0946605e3617c901635278b62d0f6a8e3942844/ip/Pmods/PmodCLS_v1_0
WARNING: [IP_Flow 19-1663] Duplicate IP found for 'digilentinc.com:IP:PmodCMPS2:1.0'. The one found in IP location 'z:/DAT096/vivado-library-master/ip/Pmods/PmodCMPS2_v1_0' will take precedence over the same IP in location z:/DAT096/vivado-library-b0946605e3617c901635278b62d0f6a8e3942844/ip/Pmods/PmodCMPS2_v1_0
WARNING: [IP_Flow 19-1663] Duplicate IP found for 'digilentinc.com:IP:PmodCOLOR:1.0'. The one found in IP location 'z:/DAT096/vivado-library-master/ip/Pmods/PmodCOLOR_v1_0' will take precedence over the same IP in location z:/DAT096/vivado-library-b0946605e3617c901635278b62d0f6a8e3942844/ip/Pmods/PmodCOLOR_v1_0
WARNING: [IP_Flow 19-1663] Duplicate IP found for 'digilentinc.com:IP:PmodDA1:1.0'. The one found in IP location 'z:/DAT096/vivado-library-master/ip/Pmods/PmodDA1_v1_0' will take precedence over the same IP in location z:/DAT096/vivado-library-b0946605e3617c901635278b62d0f6a8e3942844/ip/Pmods/PmodDA1_v1_0
WARNING: [IP_Flow 19-1663] Duplicate IP found for 'digilentinc.com:IP:PmodDHB1:1.0'. The one found in IP location 'z:/DAT096/vivado-library-master/ip/Pmods/PmodDHB1_v1_0' will take precedence over the same IP in location z:/DAT096/vivado-library-b0946605e3617c901635278b62d0f6a8e3942844/ip/Pmods/PmodDHB1_v1_0
WARNING: [IP_Flow 19-1663] Duplicate IP found for 'digilentinc.com:IP:PmodDPG1:1.0'. The one found in IP location 'z:/DAT096/vivado-library-master/ip/Pmods/PmodDPG1_v1_0' will take precedence over the same IP in location z:/DAT096/vivado-library-b0946605e3617c901635278b62d0f6a8e3942844/ip/Pmods/PmodDPG1_v1_0
WARNING: [IP_Flow 19-1663] Duplicate IP found for 'digilentinc.com:IP:PmodENC:1.0'. The one found in IP location 'z:/DAT096/vivado-library-master/ip/Pmods/PmodENC_v1_0' will take precedence over the same IP in location z:/DAT096/vivado-library-b0946605e3617c901635278b62d0f6a8e3942844/ip/Pmods/PmodENC_v1_0
WARNING: [IP_Flow 19-1663] Duplicate IP found for 'digilentinc.com:user:PmodESP32:1.0'. The one found in IP location 'z:/DAT096/vivado-library-master/ip/Pmods/PmodESP32_v1_0' will take precedence over the same IP in location z:/DAT096/vivado-library-b0946605e3617c901635278b62d0f6a8e3942844/ip/Pmods/PmodESP32_v1_0
WARNING: [IP_Flow 19-1663] Duplicate IP found for 'digilentinc.com:IP:PmodGPIO:1.0'. The one found in IP location 'z:/DAT096/vivado-library-master/ip/Pmods/PmodGPIO_v1_0' will take precedence over the same IP in location z:/DAT096/vivado-library-b0946605e3617c901635278b62d0f6a8e3942844/ip/Pmods/PmodGPIO_v1_0
WARNING: [IP_Flow 19-1663] Duplicate IP found for 'digilentinc.com:IP:PmodGPS:1.1'. The one found in IP location 'z:/DAT096/vivado-library-master/ip/Pmods/PmodGPS_v1_1' will take precedence over the same IP in location z:/DAT096/vivado-library-b0946605e3617c901635278b62d0f6a8e3942844/ip/Pmods/PmodGPS_v1_1
WARNING: [IP_Flow 19-1663] Duplicate IP found for 'digilentinc.com:IP:PmodGYRO:1.0'. The one found in IP location 'z:/DAT096/vivado-library-master/ip/Pmods/PmodGYRO_v1_0' will take precedence over the same IP in location z:/DAT096/vivado-library-b0946605e3617c901635278b62d0f6a8e3942844/ip/Pmods/PmodGYRO_v1_0
WARNING: [IP_Flow 19-1663] Duplicate IP found for 'digilentinc.com:IP:PmodHYGRO:1.0'. The one found in IP location 'z:/DAT096/vivado-library-master/ip/Pmods/PmodHYGRO_v1_0' will take precedence over the same IP in location z:/DAT096/vivado-library-b0946605e3617c901635278b62d0f6a8e3942844/ip/Pmods/PmodHYGRO_v1_0
WARNING: [IP_Flow 19-1663] Duplicate IP found for 'digilentinc.com:IP:PmodJSTK2:1.0'. The one found in IP location 'z:/DAT096/vivado-library-master/ip/Pmods/PmodJSTK2_v1_0' will take precedence over the same IP in location z:/DAT096/vivado-library-b0946605e3617c901635278b62d0f6a8e3942844/ip/Pmods/PmodJSTK2_v1_0
WARNING: [IP_Flow 19-1663] Duplicate IP found for 'digilentinc.com:IP:PmodJSTK:1.0'. The one found in IP location 'z:/DAT096/vivado-library-master/ip/Pmods/PmodJSTK_v1_0' will take precedence over the same IP in location z:/DAT096/vivado-library-b0946605e3617c901635278b62d0f6a8e3942844/ip/Pmods/PmodJSTK_v1_0
WARNING: [IP_Flow 19-1663] Duplicate IP found for 'digilentinc.com:IP:PmodKYPD:1.0'. The one found in IP location 'z:/DAT096/vivado-library-master/ip/Pmods/PmodKYPD_v1_0' will take precedence over the same IP in location z:/DAT096/vivado-library-b0946605e3617c901635278b62d0f6a8e3942844/ip/Pmods/PmodKYPD_v1_0
WARNING: [IP_Flow 19-1663] Duplicate IP found for 'digilentinc.com:IP:PmodMAXSONAR:1.0'. The one found in IP location 'z:/DAT096/vivado-library-master/ip/Pmods/PmodMAXSONAR_v1_0' will take precedence over the same IP in location z:/DAT096/vivado-library-b0946605e3617c901635278b62d0f6a8e3942844/ip/Pmods/PmodMAXSONAR_v1_0
WARNING: [IP_Flow 19-1663] Duplicate IP found for 'digilentinc.com:IP:PmodMTDS:1.0'. The one found in IP location 'z:/DAT096/vivado-library-master/ip/Pmods/PmodMTDS_v1_0' will take precedence over the same IP in location z:/DAT096/vivado-library-b0946605e3617c901635278b62d0f6a8e3942844/ip/Pmods/PmodMTDS_v1_0
WARNING: [IP_Flow 19-1663] Duplicate IP found for 'digilentinc.com:IP:PmodNAV:1.0'. The one found in IP location 'z:/DAT096/vivado-library-master/ip/Pmods/PmodNAV_v1_0' will take precedence over the same IP in location z:/DAT096/vivado-library-b0946605e3617c901635278b62d0f6a8e3942844/ip/Pmods/PmodNAV_v1_0
WARNING: [IP_Flow 19-1663] Duplicate IP found for 'digilentinc.com:IP:PmodOLEDrgb:1.0'. The one found in IP location 'z:/DAT096/vivado-library-master/ip/Pmods/pmodOLEDrgb_v1_0' will take precedence over the same IP in location z:/DAT096/vivado-library-b0946605e3617c901635278b62d0f6a8e3942844/ip/Pmods/pmodOLEDrgb_v1_0
WARNING: [IP_Flow 19-1663] Duplicate IP found for 'digilentinc.com:IP:PmodOLED:1.0'. The one found in IP location 'z:/DAT096/vivado-library-master/ip/Pmods/PmodOLED_v1_0' will take precedence over the same IP in location z:/DAT096/vivado-library-b0946605e3617c901635278b62d0f6a8e3942844/ip/Pmods/PmodOLED_v1_0
WARNING: [IP_Flow 19-1663] Duplicate IP found for 'digilentinc.com:IP:PmodPIR:1.0'. The one found in IP location 'z:/DAT096/vivado-library-master/ip/Pmods/PmodPIR_v1_0' will take precedence over the same IP in location z:/DAT096/vivado-library-b0946605e3617c901635278b62d0f6a8e3942844/ip/Pmods/PmodPIR_v1_0
WARNING: [IP_Flow 19-1663] Duplicate IP found for 'digilentinc.com:IP:PmodR2R:1.0'. The one found in IP location 'z:/DAT096/vivado-library-master/ip/Pmods/PmodR2R_v1_0' will take precedence over the same IP in location z:/DAT096/vivado-library-b0946605e3617c901635278b62d0f6a8e3942844/ip/Pmods/PmodR2R_v1_0
WARNING: [IP_Flow 19-1663] Duplicate IP found for 'digilentinc.com:IP:PmodRTCC:1.0'. The one found in IP location 'z:/DAT096/vivado-library-master/ip/Pmods/PmodRTCC_v1_0' will take precedence over the same IP in location z:/DAT096/vivado-library-b0946605e3617c901635278b62d0f6a8e3942844/ip/Pmods/PmodRTCC_v1_0
WARNING: [IP_Flow 19-1663] Duplicate IP found for 'digilentinc.com:IP:PmodSD:1.0'. The one found in IP location 'z:/DAT096/vivado-library-master/ip/Pmods/PmodSD_v1_0' will take precedence over the same IP in location z:/DAT096/vivado-library-b0946605e3617c901635278b62d0f6a8e3942844/ip/Pmods/PmodSD_v1_0
WARNING: [IP_Flow 19-1663] Duplicate IP found for 'digilentinc.com:IP:PmodSF3:1.0'. The one found in IP location 'z:/DAT096/vivado-library-master/ip/Pmods/PmodSF3_v1_0' will take precedence over the same IP in location z:/DAT096/vivado-library-b0946605e3617c901635278b62d0f6a8e3942844/ip/Pmods/PmodSF3_v1_0
WARNING: [IP_Flow 19-1663] Duplicate IP found for 'digilentinc.com:IP:PmodTC1:1.0'. The one found in IP location 'z:/DAT096/vivado-library-master/ip/Pmods/PmodTC1_v1_0' will take precedence over the same IP in location z:/DAT096/vivado-library-b0946605e3617c901635278b62d0f6a8e3942844/ip/Pmods/PmodTC1_v1_0
WARNING: [IP_Flow 19-1663] Duplicate IP found for 'digilentinc.com:IP:PmodTMP3:1.0'. The one found in IP location 'z:/DAT096/vivado-library-master/ip/Pmods/PmodTMP3_v1_0' will take precedence over the same IP in location z:/DAT096/vivado-library-b0946605e3617c901635278b62d0f6a8e3942844/ip/Pmods/PmodTMP3_v1_0
WARNING: [IP_Flow 19-1663] Duplicate IP found for 'digilentinc.com:IP:PmodWIFI:1.0'. The one found in IP location 'z:/DAT096/vivado-library-master/ip/Pmods/PmodWIFI_v1_0' will take precedence over the same IP in location z:/DAT096/vivado-library-b0946605e3617c901635278b62d0f6a8e3942844/ip/Pmods/PmodWIFI_v1_0
WARNING: [IP_Flow 19-1663] Duplicate IP found for 'digilentinc.com:ip:pmod_bridge:1.0'. The one found in IP location 'z:/DAT096/vivado-library-master/ip/Pmods/Pmod_Bridge_v1_0' will take precedence over the same IP in location z:/DAT096/vivado-library-b0946605e3617c901635278b62d0f6a8e3942844/ip/Pmods/Pmod_Bridge_v1_0
WARNING: [IP_Flow 19-1663] Duplicate IP found for 'digilentinc.com:ip:pmod_bridge:1.1'. The one found in IP location 'z:/DAT096/vivado-library-master/ip/Pmods/Pmod_Bridge_v1_1' will take precedence over the same IP in location z:/DAT096/vivado-library-b0946605e3617c901635278b62d0f6a8e3942844/ip/Pmods/Pmod_Bridge_v1_1
WARNING: [IP_Flow 19-1663] Duplicate IP found for 'digilentinc.com:IP:PWM:1.0'. The one found in IP location 'z:/DAT096/vivado-library-master/ip/PWM_1.0' will take precedence over the same IP in location z:/DAT096/vivado-library-b0946605e3617c901635278b62d0f6a8e3942844/ip/PWM_1.0
WARNING: [IP_Flow 19-1663] Duplicate IP found for 'digilentinc.com:IP:PWM:2.0'. The one found in IP location 'z:/DAT096/vivado-library-master/ip/PWM_2.0' will take precedence over the same IP in location z:/DAT096/vivado-library-b0946605e3617c901635278b62d0f6a8e3942844/ip/PWM_2.0
WARNING: [IP_Flow 19-1663] Duplicate IP found for 'digilentinc.com:IP:PWM_Analyzer:1.0'. The one found in IP location 'z:/DAT096/vivado-library-master/ip/PWM_Analyzer_1.0' will take precedence over the same IP in location z:/DAT096/vivado-library-b0946605e3617c901635278b62d0f6a8e3942844/ip/PWM_Analyzer_1.0
WARNING: [IP_Flow 19-1663] Duplicate IP found for 'digilentinc.com:ip:rgb2dvi:1.4'. The one found in IP location 'z:/DAT096/vivado-library-master/ip/rgb2dvi' will take precedence over the same IP in location z:/DAT096/vivado-library-b0946605e3617c901635278b62d0f6a8e3942844/ip/rgb2dvi
WARNING: [IP_Flow 19-4830] Duplicate Interface found for 'digilentinc.com:interface:pmod:1.0'. The one found in location 'z:/DAT096/vivado-library-b0946605e3617c901635278b62d0f6a8e3942844/if/pmod_v1_0/pmod.xml' will take precedence over the same Interface in location 'z:/DAT096/vivado-library-master/if/pmod_v1_0/pmod.xml'
WARNING: [IP_Flow 19-4830] Duplicate Interface found for 'digilentinc.com:interface:tmds:1.0'. The one found in location 'z:/DAT096/vivado-library-b0946605e3617c901635278b62d0f6a8e3942844/if/tmds_v1_0/tmds.xml' will take precedence over the same Interface in location 'z:/DAT096/vivado-library-master/if/tmds_v1_0/tmds.xml'
INFO: [IP_Flow 19-795] Syncing license key meta-data
ipx::edit_ip_in_project: Time (s): cpu = 00:00:04 ; elapsed = 00:00:17 . Memory (MB): peak = 1499.125 ; gain = 0.000
update_compile_order -fileset sources_1
set_property core_revision 4 [ipx::current_core]
ipx::update_source_project_archive -component [ipx::current_core]
ipx::update_checksums [ipx::current_core]
ipx::check_integrity [ipx::current_core]
WARNING: [IP_Flow 19-11888] Component Definition 'chalmers.se:user:top_awgn:1.0 (top_awgn_v1_0)': IP description "top_awgn_v1_0" is not meaningful: same as name or display name
WARNING: [IP_Flow 19-5661] Bus Interface 'clk' does not have any bus interfaces associated with it.
WARNING: [IP_Flow 19-11770] Clock interface 'clk' has no FREQ_HZ parameter.
INFO: [IP_Flow 19-2181] Payment is not required for this core.
WARNING: [IP_Flow 19-2187] The Product Guide file is missing.
INFO: [Ipptcl 7-1486] check_integrity: Integrity check passed.
ipx::save_core [ipx::current_core]
ipx::move_temp_component_back -component [ipx::current_core]
close_project -delete
update_ip_catalog -rebuild -repo_path z:/DAT096/Project_team5/ip_repo_snr
INFO: [IP_Flow 19-725] Reloaded user IP repository 'z:/DAT096/Project_team5/ip_repo_snr'
WARNING: [IP_Flow 19-1663] Duplicate IP found for 'digilentinc.com:user:axi_i2s_adi:1.2'. The one found in IP location 'z:/DAT096/vivado-library-b0946605e3617c901635278b62d0f6a8e3942844/ip/axi_i2s_adi_1.2' will take precedence over the same IP in location z:/DAT096/vivado-library-master/ip/axi_i2s_adi_1.2
WARNING: [IP_Flow 19-1663] Duplicate IP found for 'digilentinc.com:IP:axi_ps2:1.0'. The one found in IP location 'z:/DAT096/vivado-library-b0946605e3617c901635278b62d0f6a8e3942844/ip/axi_ps2_1.0' will take precedence over the same IP in location z:/DAT096/vivado-library-master/ip/axi_ps2_1.0
WARNING: [IP_Flow 19-1663] Duplicate IP found for 'digilentinc.com:ip:clock_forwarder:1.1'. The one found in IP location 'z:/DAT096/vivado-library-b0946605e3617c901635278b62d0f6a8e3942844/ip/clock_forwarder' will take precedence over the same IP in location z:/DAT096/vivado-library-master/ip/clock_forwarder
WARNING: [IP_Flow 19-1663] Duplicate IP found for 'digilentinc.com:IP:hls_contrast_stretch:1.0'. The one found in IP location 'z:/DAT096/vivado-library-b0946605e3617c901635278b62d0f6a8e3942844/ip/hls_contrast_stretch_1_0' will take precedence over the same IP in location z:/DAT096/vivado-library-master/ip/hls_contrast_stretch_1_0
WARNING: [IP_Flow 19-1663] Duplicate IP found for 'digilentinc.com:IP:hls_gamma_correction:1.0'. The one found in IP location 'z:/DAT096/vivado-library-b0946605e3617c901635278b62d0f6a8e3942844/ip/hls_gamma_correction_1_0' will take precedence over the same IP in location z:/DAT096/vivado-library-master/ip/hls_gamma_correction_1_0
WARNING: [IP_Flow 19-1663] Duplicate IP found for 'digilentinc.com:IP:hls_saturation_enhance:1.0'. The one found in IP location 'z:/DAT096/vivado-library-b0946605e3617c901635278b62d0f6a8e3942844/ip/hls_saturation_enhance_1_0' will take precedence over the same IP in location z:/DAT096/vivado-library-master/ip/hls_saturation_enhance_1_0
WARNING: [IP_Flow 19-1663] Duplicate IP found for 'digilentinc.com:ip:rgb2dpvid:1.0'. The one found in IP location 'z:/DAT096/vivado-library-b0946605e3617c901635278b62d0f6a8e3942844/ip/rgb2dpvid_v1_0' will take precedence over the same IP in location z:/DAT096/vivado-library-master/ip/rgb2dpvid_v1_0
WARNING: [IP_Flow 19-1663] Duplicate IP found for 'digilentinc.com:ip:rgb2vga:1.0'. The one found in IP location 'z:/DAT096/vivado-library-b0946605e3617c901635278b62d0f6a8e3942844/ip/rgb2vga_v1_0' will take precedence over the same IP in location z:/DAT096/vivado-library-master/ip/rgb2vga_v1_0
WARNING: [IP_Flow 19-1663] Duplicate IP found for 'digilentinc.com:ip:Sync:1.0'. The one found in IP location 'z:/DAT096/vivado-library-b0946605e3617c901635278b62d0f6a8e3942844/ip/Sync_v1_0' will take precedence over the same IP in location z:/DAT096/vivado-library-master/ip/Sync_v1_0
WARNING: [IP_Flow 19-1663] Duplicate IP found for 'digilentinc.com:ip:usb2device:1.0'. The one found in IP location 'z:/DAT096/vivado-library-b0946605e3617c901635278b62d0f6a8e3942844/ip/usb2device_v1_0' will take precedence over the same IP in location z:/DAT096/vivado-library-master/ip/usb2device_v1_0
WARNING: [IP_Flow 19-1663] Duplicate IP found for 'digilentinc.com:video:video_scaler:1.0'. The one found in IP location 'z:/DAT096/vivado-library-b0946605e3617c901635278b62d0f6a8e3942844/ip/video_scaler' will take precedence over the same IP in location z:/DAT096/vivado-library-master/ip/video_scaler
WARNING: [IP_Flow 19-1663] Duplicate IP found for 'digilentinc.com:ip:dvi2rgb:2.0'. The one found in IP location 'z:/DAT096/vivado-library-master/ip/dvi2rgb' will take precedence over the same IP in location z:/DAT096/vivado-library-b0946605e3617c901635278b62d0f6a8e3942844/ip/dvi2rgb
WARNING: [IP_Flow 19-1663] Duplicate IP found for 'digilentinc.com:IP:MotorFeedback:1.0'. The one found in IP location 'z:/DAT096/vivado-library-master/ip/MotorFeedback_1.0' will take precedence over the same IP in location z:/DAT096/vivado-library-b0946605e3617c901635278b62d0f6a8e3942844/ip/MotorFeedback_1.0
WARNING: [IP_Flow 19-1663] Duplicate IP found for 'digilentinc.com:IP:PmodACL2:1.0'. The one found in IP location 'z:/DAT096/vivado-library-master/ip/Pmods/PmodACL2_v1_0' will take precedence over the same IP in location z:/DAT096/vivado-library-b0946605e3617c901635278b62d0f6a8e3942844/ip/Pmods/PmodACL2_v1_0
WARNING: [IP_Flow 19-1663] Duplicate IP found for 'digilentinc.com:IP:PmodACL:1.0'. The one found in IP location 'z:/DAT096/vivado-library-master/ip/Pmods/PmodACL_v1_0' will take precedence over the same IP in location z:/DAT096/vivado-library-b0946605e3617c901635278b62d0f6a8e3942844/ip/Pmods/PmodACL_v1_0
WARNING: [IP_Flow 19-1663] Duplicate IP found for 'digilentinc.com:IP:PmodAD1:1.0'. The one found in IP location 'z:/DAT096/vivado-library-master/ip/Pmods/PmodAD1_v1_0' will take precedence over the same IP in location z:/DAT096/vivado-library-b0946605e3617c901635278b62d0f6a8e3942844/ip/Pmods/PmodAD1_v1_0
WARNING: [IP_Flow 19-1663] Duplicate IP found for 'digilentinc.com:IP:PmodAD2:1.0'. The one found in IP location 'z:/DAT096/vivado-library-master/ip/Pmods/PmodAD2_v1_0' will take precedence over the same IP in location z:/DAT096/vivado-library-b0946605e3617c901635278b62d0f6a8e3942844/ip/Pmods/PmodAD2_v1_0
WARNING: [IP_Flow 19-1663] Duplicate IP found for 'digilentinc.com:IP:PmodAD5:1.0'. The one found in IP location 'z:/DAT096/vivado-library-master/ip/Pmods/PmodAD5_v1_0' will take precedence over the same IP in location z:/DAT096/vivado-library-b0946605e3617c901635278b62d0f6a8e3942844/ip/Pmods/PmodAD5_v1_0
WARNING: [IP_Flow 19-1663] Duplicate IP found for 'digilentinc.com:IP:PmodALS:1.0'. The one found in IP location 'z:/DAT096/vivado-library-master/ip/Pmods/PmodALS_v1_0' will take precedence over the same IP in location z:/DAT096/vivado-library-b0946605e3617c901635278b62d0f6a8e3942844/ip/Pmods/PmodALS_v1_0
WARNING: [IP_Flow 19-1663] Duplicate IP found for 'digilentinc.com:IP:PmodAMP2:1.0'. The one found in IP location 'z:/DAT096/vivado-library-master/ip/Pmods/PmodAMP2_v1_0' will take precedence over the same IP in location z:/DAT096/vivado-library-b0946605e3617c901635278b62d0f6a8e3942844/ip/Pmods/PmodAMP2_v1_0
WARNING: [IP_Flow 19-1663] Duplicate IP found for 'digilentinc.com:IP:PmodAQS:1.0'. The one found in IP location 'z:/DAT096/vivado-library-master/ip/Pmods/PmodAQS_v1_0' will take precedence over the same IP in location z:/DAT096/vivado-library-b0946605e3617c901635278b62d0f6a8e3942844/ip/Pmods/PmodAQS_v1_0
WARNING: [IP_Flow 19-1663] Duplicate IP found for 'digilentinc.com:IP:PmodBLE:1.0'. The one found in IP location 'z:/DAT096/vivado-library-master/ip/Pmods/PmodBLE_v1_0' will take precedence over the same IP in location z:/DAT096/vivado-library-b0946605e3617c901635278b62d0f6a8e3942844/ip/Pmods/PmodBLE_v1_0
WARNING: [IP_Flow 19-1663] Duplicate IP found for 'digilentinc.com:IP:PmodBT2:1.0'. The one found in IP location 'z:/DAT096/vivado-library-master/ip/Pmods/PmodBT2_v1_0' will take precedence over the same IP in location z:/DAT096/vivado-library-b0946605e3617c901635278b62d0f6a8e3942844/ip/Pmods/PmodBT2_v1_0
WARNING: [IP_Flow 19-1663] Duplicate IP found for 'digilentinc.com:IP:PmodCAN:1.0'. The one found in IP location 'z:/DAT096/vivado-library-master/ip/Pmods/PmodCAN_v1_0' will take precedence over the same IP in location z:/DAT096/vivado-library-b0946605e3617c901635278b62d0f6a8e3942844/ip/Pmods/PmodCAN_v1_0
WARNING: [IP_Flow 19-1663] Duplicate IP found for 'digilentinc.com:IP:PmodCLS:1.0'. The one found in IP location 'z:/DAT096/vivado-library-master/ip/Pmods/PmodCLS_v1_0' will take precedence over the same IP in location z:/DAT096/vivado-library-b0946605e3617c901635278b62d0f6a8e3942844/ip/Pmods/PmodCLS_v1_0
WARNING: [IP_Flow 19-1663] Duplicate IP found for 'digilentinc.com:IP:PmodCMPS2:1.0'. The one found in IP location 'z:/DAT096/vivado-library-master/ip/Pmods/PmodCMPS2_v1_0' will take precedence over the same IP in location z:/DAT096/vivado-library-b0946605e3617c901635278b62d0f6a8e3942844/ip/Pmods/PmodCMPS2_v1_0
WARNING: [IP_Flow 19-1663] Duplicate IP found for 'digilentinc.com:IP:PmodCOLOR:1.0'. The one found in IP location 'z:/DAT096/vivado-library-master/ip/Pmods/PmodCOLOR_v1_0' will take precedence over the same IP in location z:/DAT096/vivado-library-b0946605e3617c901635278b62d0f6a8e3942844/ip/Pmods/PmodCOLOR_v1_0
WARNING: [IP_Flow 19-1663] Duplicate IP found for 'digilentinc.com:IP:PmodDA1:1.0'. The one found in IP location 'z:/DAT096/vivado-library-master/ip/Pmods/PmodDA1_v1_0' will take precedence over the same IP in location z:/DAT096/vivado-library-b0946605e3617c901635278b62d0f6a8e3942844/ip/Pmods/PmodDA1_v1_0
WARNING: [IP_Flow 19-1663] Duplicate IP found for 'digilentinc.com:IP:PmodDHB1:1.0'. The one found in IP location 'z:/DAT096/vivado-library-master/ip/Pmods/PmodDHB1_v1_0' will take precedence over the same IP in location z:/DAT096/vivado-library-b0946605e3617c901635278b62d0f6a8e3942844/ip/Pmods/PmodDHB1_v1_0
WARNING: [IP_Flow 19-1663] Duplicate IP found for 'digilentinc.com:IP:PmodDPG1:1.0'. The one found in IP location 'z:/DAT096/vivado-library-master/ip/Pmods/PmodDPG1_v1_0' will take precedence over the same IP in location z:/DAT096/vivado-library-b0946605e3617c901635278b62d0f6a8e3942844/ip/Pmods/PmodDPG1_v1_0
WARNING: [IP_Flow 19-1663] Duplicate IP found for 'digilentinc.com:IP:PmodENC:1.0'. The one found in IP location 'z:/DAT096/vivado-library-master/ip/Pmods/PmodENC_v1_0' will take precedence over the same IP in location z:/DAT096/vivado-library-b0946605e3617c901635278b62d0f6a8e3942844/ip/Pmods/PmodENC_v1_0
WARNING: [IP_Flow 19-1663] Duplicate IP found for 'digilentinc.com:user:PmodESP32:1.0'. The one found in IP location 'z:/DAT096/vivado-library-master/ip/Pmods/PmodESP32_v1_0' will take precedence over the same IP in location z:/DAT096/vivado-library-b0946605e3617c901635278b62d0f6a8e3942844/ip/Pmods/PmodESP32_v1_0
WARNING: [IP_Flow 19-1663] Duplicate IP found for 'digilentinc.com:IP:PmodGPIO:1.0'. The one found in IP location 'z:/DAT096/vivado-library-master/ip/Pmods/PmodGPIO_v1_0' will take precedence over the same IP in location z:/DAT096/vivado-library-b0946605e3617c901635278b62d0f6a8e3942844/ip/Pmods/PmodGPIO_v1_0
WARNING: [IP_Flow 19-1663] Duplicate IP found for 'digilentinc.com:IP:PmodGPS:1.1'. The one found in IP location 'z:/DAT096/vivado-library-master/ip/Pmods/PmodGPS_v1_1' will take precedence over the same IP in location z:/DAT096/vivado-library-b0946605e3617c901635278b62d0f6a8e3942844/ip/Pmods/PmodGPS_v1_1
WARNING: [IP_Flow 19-1663] Duplicate IP found for 'digilentinc.com:IP:PmodGYRO:1.0'. The one found in IP location 'z:/DAT096/vivado-library-master/ip/Pmods/PmodGYRO_v1_0' will take precedence over the same IP in location z:/DAT096/vivado-library-b0946605e3617c901635278b62d0f6a8e3942844/ip/Pmods/PmodGYRO_v1_0
WARNING: [IP_Flow 19-1663] Duplicate IP found for 'digilentinc.com:IP:PmodHYGRO:1.0'. The one found in IP location 'z:/DAT096/vivado-library-master/ip/Pmods/PmodHYGRO_v1_0' will take precedence over the same IP in location z:/DAT096/vivado-library-b0946605e3617c901635278b62d0f6a8e3942844/ip/Pmods/PmodHYGRO_v1_0
WARNING: [IP_Flow 19-1663] Duplicate IP found for 'digilentinc.com:IP:PmodJSTK2:1.0'. The one found in IP location 'z:/DAT096/vivado-library-master/ip/Pmods/PmodJSTK2_v1_0' will take precedence over the same IP in location z:/DAT096/vivado-library-b0946605e3617c901635278b62d0f6a8e3942844/ip/Pmods/PmodJSTK2_v1_0
WARNING: [IP_Flow 19-1663] Duplicate IP found for 'digilentinc.com:IP:PmodJSTK:1.0'. The one found in IP location 'z:/DAT096/vivado-library-master/ip/Pmods/PmodJSTK_v1_0' will take precedence over the same IP in location z:/DAT096/vivado-library-b0946605e3617c901635278b62d0f6a8e3942844/ip/Pmods/PmodJSTK_v1_0
WARNING: [IP_Flow 19-1663] Duplicate IP found for 'digilentinc.com:IP:PmodKYPD:1.0'. The one found in IP location 'z:/DAT096/vivado-library-master/ip/Pmods/PmodKYPD_v1_0' will take precedence over the same IP in location z:/DAT096/vivado-library-b0946605e3617c901635278b62d0f6a8e3942844/ip/Pmods/PmodKYPD_v1_0
WARNING: [IP_Flow 19-1663] Duplicate IP found for 'digilentinc.com:IP:PmodMAXSONAR:1.0'. The one found in IP location 'z:/DAT096/vivado-library-master/ip/Pmods/PmodMAXSONAR_v1_0' will take precedence over the same IP in location z:/DAT096/vivado-library-b0946605e3617c901635278b62d0f6a8e3942844/ip/Pmods/PmodMAXSONAR_v1_0
WARNING: [IP_Flow 19-1663] Duplicate IP found for 'digilentinc.com:IP:PmodMTDS:1.0'. The one found in IP location 'z:/DAT096/vivado-library-master/ip/Pmods/PmodMTDS_v1_0' will take precedence over the same IP in location z:/DAT096/vivado-library-b0946605e3617c901635278b62d0f6a8e3942844/ip/Pmods/PmodMTDS_v1_0
WARNING: [IP_Flow 19-1663] Duplicate IP found for 'digilentinc.com:IP:PmodNAV:1.0'. The one found in IP location 'z:/DAT096/vivado-library-master/ip/Pmods/PmodNAV_v1_0' will take precedence over the same IP in location z:/DAT096/vivado-library-b0946605e3617c901635278b62d0f6a8e3942844/ip/Pmods/PmodNAV_v1_0
WARNING: [IP_Flow 19-1663] Duplicate IP found for 'digilentinc.com:IP:PmodOLEDrgb:1.0'. The one found in IP location 'z:/DAT096/vivado-library-master/ip/Pmods/pmodOLEDrgb_v1_0' will take precedence over the same IP in location z:/DAT096/vivado-library-b0946605e3617c901635278b62d0f6a8e3942844/ip/Pmods/pmodOLEDrgb_v1_0
WARNING: [IP_Flow 19-1663] Duplicate IP found for 'digilentinc.com:IP:PmodOLED:1.0'. The one found in IP location 'z:/DAT096/vivado-library-master/ip/Pmods/PmodOLED_v1_0' will take precedence over the same IP in location z:/DAT096/vivado-library-b0946605e3617c901635278b62d0f6a8e3942844/ip/Pmods/PmodOLED_v1_0
WARNING: [IP_Flow 19-1663] Duplicate IP found for 'digilentinc.com:IP:PmodPIR:1.0'. The one found in IP location 'z:/DAT096/vivado-library-master/ip/Pmods/PmodPIR_v1_0' will take precedence over the same IP in location z:/DAT096/vivado-library-b0946605e3617c901635278b62d0f6a8e3942844/ip/Pmods/PmodPIR_v1_0
WARNING: [IP_Flow 19-1663] Duplicate IP found for 'digilentinc.com:IP:PmodR2R:1.0'. The one found in IP location 'z:/DAT096/vivado-library-master/ip/Pmods/PmodR2R_v1_0' will take precedence over the same IP in location z:/DAT096/vivado-library-b0946605e3617c901635278b62d0f6a8e3942844/ip/Pmods/PmodR2R_v1_0
WARNING: [IP_Flow 19-1663] Duplicate IP found for 'digilentinc.com:IP:PmodRTCC:1.0'. The one found in IP location 'z:/DAT096/vivado-library-master/ip/Pmods/PmodRTCC_v1_0' will take precedence over the same IP in location z:/DAT096/vivado-library-b0946605e3617c901635278b62d0f6a8e3942844/ip/Pmods/PmodRTCC_v1_0
WARNING: [IP_Flow 19-1663] Duplicate IP found for 'digilentinc.com:IP:PmodSD:1.0'. The one found in IP location 'z:/DAT096/vivado-library-master/ip/Pmods/PmodSD_v1_0' will take precedence over the same IP in location z:/DAT096/vivado-library-b0946605e3617c901635278b62d0f6a8e3942844/ip/Pmods/PmodSD_v1_0
WARNING: [IP_Flow 19-1663] Duplicate IP found for 'digilentinc.com:IP:PmodSF3:1.0'. The one found in IP location 'z:/DAT096/vivado-library-master/ip/Pmods/PmodSF3_v1_0' will take precedence over the same IP in location z:/DAT096/vivado-library-b0946605e3617c901635278b62d0f6a8e3942844/ip/Pmods/PmodSF3_v1_0
WARNING: [IP_Flow 19-1663] Duplicate IP found for 'digilentinc.com:IP:PmodTC1:1.0'. The one found in IP location 'z:/DAT096/vivado-library-master/ip/Pmods/PmodTC1_v1_0' will take precedence over the same IP in location z:/DAT096/vivado-library-b0946605e3617c901635278b62d0f6a8e3942844/ip/Pmods/PmodTC1_v1_0
WARNING: [IP_Flow 19-1663] Duplicate IP found for 'digilentinc.com:IP:PmodTMP3:1.0'. The one found in IP location 'z:/DAT096/vivado-library-master/ip/Pmods/PmodTMP3_v1_0' will take precedence over the same IP in location z:/DAT096/vivado-library-b0946605e3617c901635278b62d0f6a8e3942844/ip/Pmods/PmodTMP3_v1_0
WARNING: [IP_Flow 19-1663] Duplicate IP found for 'digilentinc.com:IP:PmodWIFI:1.0'. The one found in IP location 'z:/DAT096/vivado-library-master/ip/Pmods/PmodWIFI_v1_0' will take precedence over the same IP in location z:/DAT096/vivado-library-b0946605e3617c901635278b62d0f6a8e3942844/ip/Pmods/PmodWIFI_v1_0
WARNING: [IP_Flow 19-1663] Duplicate IP found for 'digilentinc.com:ip:pmod_bridge:1.0'. The one found in IP location 'z:/DAT096/vivado-library-master/ip/Pmods/Pmod_Bridge_v1_0' will take precedence over the same IP in location z:/DAT096/vivado-library-b0946605e3617c901635278b62d0f6a8e3942844/ip/Pmods/Pmod_Bridge_v1_0
WARNING: [IP_Flow 19-1663] Duplicate IP found for 'digilentinc.com:ip:pmod_bridge:1.1'. The one found in IP location 'z:/DAT096/vivado-library-master/ip/Pmods/Pmod_Bridge_v1_1' will take precedence over the same IP in location z:/DAT096/vivado-library-b0946605e3617c901635278b62d0f6a8e3942844/ip/Pmods/Pmod_Bridge_v1_1
WARNING: [IP_Flow 19-1663] Duplicate IP found for 'digilentinc.com:IP:PWM:1.0'. The one found in IP location 'z:/DAT096/vivado-library-master/ip/PWM_1.0' will take precedence over the same IP in location z:/DAT096/vivado-library-b0946605e3617c901635278b62d0f6a8e3942844/ip/PWM_1.0
WARNING: [IP_Flow 19-1663] Duplicate IP found for 'digilentinc.com:IP:PWM:2.0'. The one found in IP location 'z:/DAT096/vivado-library-master/ip/PWM_2.0' will take precedence over the same IP in location z:/DAT096/vivado-library-b0946605e3617c901635278b62d0f6a8e3942844/ip/PWM_2.0
WARNING: [IP_Flow 19-1663] Duplicate IP found for 'digilentinc.com:IP:PWM_Analyzer:1.0'. The one found in IP location 'z:/DAT096/vivado-library-master/ip/PWM_Analyzer_1.0' will take precedence over the same IP in location z:/DAT096/vivado-library-b0946605e3617c901635278b62d0f6a8e3942844/ip/PWM_Analyzer_1.0
WARNING: [IP_Flow 19-1663] Duplicate IP found for 'digilentinc.com:ip:rgb2dvi:1.4'. The one found in IP location 'z:/DAT096/vivado-library-master/ip/rgb2dvi' will take precedence over the same IP in location z:/DAT096/vivado-library-b0946605e3617c901635278b62d0f6a8e3942844/ip/rgb2dvi
WARNING: [IP_Flow 19-4830] Duplicate Interface found for 'digilentinc.com:interface:pmod:1.0'. The one found in location 'z:/DAT096/vivado-library-b0946605e3617c901635278b62d0f6a8e3942844/if/pmod_v1_0/pmod.xml' will take precedence over the same Interface in location 'z:/DAT096/vivado-library-master/if/pmod_v1_0/pmod.xml'
WARNING: [IP_Flow 19-4830] Duplicate Interface found for 'digilentinc.com:interface:tmds:1.0'. The one found in location 'z:/DAT096/vivado-library-b0946605e3617c901635278b62d0f6a8e3942844/if/tmds_v1_0/tmds.xml' will take precedence over the same Interface in location 'z:/DAT096/vivado-library-master/if/tmds_v1_0/tmds.xml'
report_ip_status -name ip_status 
upgrade_ip [get_ips  {design_2_AWGN_module_wrapper_0_2 design_2_top_awgn_0_0}] -log ip_upgrade.log
Upgrading 'Z:/DAT096/DAT096-krish/Embedded-System-Project-DAT096-krishna/Board_2/Board_2/Board_2.srcs/sources_1/bd/design_2/design_2.bd'
CRITICAL WARNING: [IP_Flow 19-3432] UI File z:/DAT096/Project_team5/ip_repo/xgui/AWGN_module_wrapper_v1_0.tcl does not exist
WARNING: [IP_Flow 19-2991] No XGUI Files found 
INFO: [IP_Flow 19-3420] Updated design_2_AWGN_module_wrapper_0_2 to use current project options
INFO: [IP_Flow 19-3422] Upgraded design_2_top_awgn_0_0 (top_awgn_v1_0 1.0) from revision 3 to revision 4
Wrote  : <Z:\DAT096\DAT096-krish\Embedded-System-Project-DAT096-krishna\Board_2\Board_2\Board_2.srcs\sources_1\bd\design_2\design_2.bd> 
Wrote  : <Z:/DAT096/DAT096-krish/Embedded-System-Project-DAT096-krishna/Board_2/Board_2/Board_2.srcs/sources_1/bd/design_2/ui/bd_1fdbff51.ui> 
INFO: [Coretcl 2-1525] Wrote upgrade log to 'Z:/DAT096/DAT096-krish/Embedded-System-Project-DAT096-krishna/Board_2/Board_2/ip_upgrade.log'.
export_ip_user_files -of_objects [get_ips {design_2_AWGN_module_wrapper_0_2 design_2_top_awgn_0_0}] -no_script -sync -force -quiet
generate_target all [get_files  Z:/DAT096/DAT096-krish/Embedded-System-Project-DAT096-krishna/Board_2/Board_2/Board_2.srcs/sources_1/bd/design_2/design_2.bd]
WARNING: [BD 41-2670] Found an incomplete address path from address space '/processing_system7_0/Data' to master interface '/processing_system7_0/M_AXI_GP0'. Please either complete or remove this path to resolve.
ERROR: [BD 41-758] The following clock pins are not connected to a valid clock source: 
/top_awgn_0/clk

ERROR: [BD 41-1031] Hdl Generation failed for the IP Integrator design Z:/DAT096/DAT096-krish/Embedded-System-Project-DAT096-krishna/Board_2/Board_2/Board_2.srcs/sources_1/bd/design_2/design_2.bd 
ERROR: [Common 17-39] 'generate_target' failed due to earlier errors.
report_ip_status -name ip_status 
update_ip_catalog -rebuild
INFO: [IP_Flow 19-234] Refreshing IP repositories
WARNING: [IP_Flow 19-2248] Failed to load user IP repository 'z:/DAT096/vivado-library-zmod-v2-2019.1-2/vivado-library-zmod-v2-2019.1-2'; Can't find the specified path.
If this directory should no longer be in your list of user repositories, go to the IP Settings dialog and remove it.
INFO: [IP_Flow 19-1700] Loaded user IP repository 'z:/DAT096/Project_team5/ip_repo_snr'.
WARNING: [IP_Flow 19-2248] Failed to load user IP repository 'z:/embedded project/Eclypse-Z7-HW/Eclypse-Z7-HW.ipdefs/repo'; Can't find the specified path.
If this directory should no longer be in your list of user repositories, go to the IP Settings dialog and remove it.
WARNING: [IP_Flow 19-2248] Failed to load user IP repository 'z:/DAT096/Project_team5/ip_repo'; Can't find the specified path.
If this directory should no longer be in your list of user repositories, go to the IP Settings dialog and remove it.
INFO: [IP_Flow 19-1700] Loaded user IP repository 'z:/DAT096/vivado-boards-master'.
INFO: [IP_Flow 19-1700] Loaded user IP repository 'z:/DAT096/vivado-library-b0946605e3617c901635278b62d0f6a8e3942844'.
INFO: [IP_Flow 19-1700] Loaded user IP repository 'z:/DAT096/vivado-library-master'.
WARNING: [IP_Flow 19-2248] Failed to load user IP repository 'z:/eda234/vivado-library-master'; Can't find the specified path.
If this directory should no longer be in your list of user repositories, go to the IP Settings dialog and remove it.
WARNING: [IP_Flow 19-3685] Ignored loading user repository 'z:/eda234/vivado-library-master/ip'. The path is contained within another repository.
WARNING: [IP_Flow 19-1663] Duplicate IP found for 'digilentinc.com:user:axi_i2s_adi:1.2'. The one found in IP location 'z:/DAT096/vivado-library-b0946605e3617c901635278b62d0f6a8e3942844/ip/axi_i2s_adi_1.2' will take precedence over the same IP in location z:/DAT096/vivado-library-master/ip/axi_i2s_adi_1.2
WARNING: [IP_Flow 19-1663] Duplicate IP found for 'digilentinc.com:IP:axi_ps2:1.0'. The one found in IP location 'z:/DAT096/vivado-library-b0946605e3617c901635278b62d0f6a8e3942844/ip/axi_ps2_1.0' will take precedence over the same IP in location z:/DAT096/vivado-library-master/ip/axi_ps2_1.0
WARNING: [IP_Flow 19-1663] Duplicate IP found for 'digilentinc.com:ip:clock_forwarder:1.1'. The one found in IP location 'z:/DAT096/vivado-library-b0946605e3617c901635278b62d0f6a8e3942844/ip/clock_forwarder' will take precedence over the same IP in location z:/DAT096/vivado-library-master/ip/clock_forwarder
WARNING: [IP_Flow 19-1663] Duplicate IP found for 'digilentinc.com:IP:hls_contrast_stretch:1.0'. The one found in IP location 'z:/DAT096/vivado-library-b0946605e3617c901635278b62d0f6a8e3942844/ip/hls_contrast_stretch_1_0' will take precedence over the same IP in location z:/DAT096/vivado-library-master/ip/hls_contrast_stretch_1_0
WARNING: [IP_Flow 19-1663] Duplicate IP found for 'digilentinc.com:IP:hls_gamma_correction:1.0'. The one found in IP location 'z:/DAT096/vivado-library-b0946605e3617c901635278b62d0f6a8e3942844/ip/hls_gamma_correction_1_0' will take precedence over the same IP in location z:/DAT096/vivado-library-master/ip/hls_gamma_correction_1_0
WARNING: [IP_Flow 19-1663] Duplicate IP found for 'digilentinc.com:IP:hls_saturation_enhance:1.0'. The one found in IP location 'z:/DAT096/vivado-library-b0946605e3617c901635278b62d0f6a8e3942844/ip/hls_saturation_enhance_1_0' will take precedence over the same IP in location z:/DAT096/vivado-library-master/ip/hls_saturation_enhance_1_0
WARNING: [IP_Flow 19-1663] Duplicate IP found for 'digilentinc.com:ip:rgb2dpvid:1.0'. The one found in IP location 'z:/DAT096/vivado-library-b0946605e3617c901635278b62d0f6a8e3942844/ip/rgb2dpvid_v1_0' will take precedence over the same IP in location z:/DAT096/vivado-library-master/ip/rgb2dpvid_v1_0
WARNING: [IP_Flow 19-1663] Duplicate IP found for 'digilentinc.com:ip:rgb2vga:1.0'. The one found in IP location 'z:/DAT096/vivado-library-b0946605e3617c901635278b62d0f6a8e3942844/ip/rgb2vga_v1_0' will take precedence over the same IP in location z:/DAT096/vivado-library-master/ip/rgb2vga_v1_0
WARNING: [IP_Flow 19-1663] Duplicate IP found for 'digilentinc.com:ip:Sync:1.0'. The one found in IP location 'z:/DAT096/vivado-library-b0946605e3617c901635278b62d0f6a8e3942844/ip/Sync_v1_0' will take precedence over the same IP in location z:/DAT096/vivado-library-master/ip/Sync_v1_0
WARNING: [IP_Flow 19-1663] Duplicate IP found for 'digilentinc.com:ip:usb2device:1.0'. The one found in IP location 'z:/DAT096/vivado-library-b0946605e3617c901635278b62d0f6a8e3942844/ip/usb2device_v1_0' will take precedence over the same IP in location z:/DAT096/vivado-library-master/ip/usb2device_v1_0
WARNING: [IP_Flow 19-1663] Duplicate IP found for 'digilentinc.com:video:video_scaler:1.0'. The one found in IP location 'z:/DAT096/vivado-library-b0946605e3617c901635278b62d0f6a8e3942844/ip/video_scaler' will take precedence over the same IP in location z:/DAT096/vivado-library-master/ip/video_scaler
WARNING: [IP_Flow 19-1663] Duplicate IP found for 'digilentinc.com:ip:dvi2rgb:2.0'. The one found in IP location 'z:/DAT096/vivado-library-master/ip/dvi2rgb' will take precedence over the same IP in location z:/DAT096/vivado-library-b0946605e3617c901635278b62d0f6a8e3942844/ip/dvi2rgb
WARNING: [IP_Flow 19-1663] Duplicate IP found for 'digilentinc.com:IP:MotorFeedback:1.0'. The one found in IP location 'z:/DAT096/vivado-library-master/ip/MotorFeedback_1.0' will take precedence over the same IP in location z:/DAT096/vivado-library-b0946605e3617c901635278b62d0f6a8e3942844/ip/MotorFeedback_1.0
WARNING: [IP_Flow 19-1663] Duplicate IP found for 'digilentinc.com:IP:PmodACL2:1.0'. The one found in IP location 'z:/DAT096/vivado-library-master/ip/Pmods/PmodACL2_v1_0' will take precedence over the same IP in location z:/DAT096/vivado-library-b0946605e3617c901635278b62d0f6a8e3942844/ip/Pmods/PmodACL2_v1_0
WARNING: [IP_Flow 19-1663] Duplicate IP found for 'digilentinc.com:IP:PmodACL:1.0'. The one found in IP location 'z:/DAT096/vivado-library-master/ip/Pmods/PmodACL_v1_0' will take precedence over the same IP in location z:/DAT096/vivado-library-b0946605e3617c901635278b62d0f6a8e3942844/ip/Pmods/PmodACL_v1_0
WARNING: [IP_Flow 19-1663] Duplicate IP found for 'digilentinc.com:IP:PmodAD1:1.0'. The one found in IP location 'z:/DAT096/vivado-library-master/ip/Pmods/PmodAD1_v1_0' will take precedence over the same IP in location z:/DAT096/vivado-library-b0946605e3617c901635278b62d0f6a8e3942844/ip/Pmods/PmodAD1_v1_0
WARNING: [IP_Flow 19-1663] Duplicate IP found for 'digilentinc.com:IP:PmodAD2:1.0'. The one found in IP location 'z:/DAT096/vivado-library-master/ip/Pmods/PmodAD2_v1_0' will take precedence over the same IP in location z:/DAT096/vivado-library-b0946605e3617c901635278b62d0f6a8e3942844/ip/Pmods/PmodAD2_v1_0
WARNING: [IP_Flow 19-1663] Duplicate IP found for 'digilentinc.com:IP:PmodAD5:1.0'. The one found in IP location 'z:/DAT096/vivado-library-master/ip/Pmods/PmodAD5_v1_0' will take precedence over the same IP in location z:/DAT096/vivado-library-b0946605e3617c901635278b62d0f6a8e3942844/ip/Pmods/PmodAD5_v1_0
WARNING: [IP_Flow 19-1663] Duplicate IP found for 'digilentinc.com:IP:PmodALS:1.0'. The one found in IP location 'z:/DAT096/vivado-library-master/ip/Pmods/PmodALS_v1_0' will take precedence over the same IP in location z:/DAT096/vivado-library-b0946605e3617c901635278b62d0f6a8e3942844/ip/Pmods/PmodALS_v1_0
WARNING: [IP_Flow 19-1663] Duplicate IP found for 'digilentinc.com:IP:PmodAMP2:1.0'. The one found in IP location 'z:/DAT096/vivado-library-master/ip/Pmods/PmodAMP2_v1_0' will take precedence over the same IP in location z:/DAT096/vivado-library-b0946605e3617c901635278b62d0f6a8e3942844/ip/Pmods/PmodAMP2_v1_0
WARNING: [IP_Flow 19-1663] Duplicate IP found for 'digilentinc.com:IP:PmodAQS:1.0'. The one found in IP location 'z:/DAT096/vivado-library-master/ip/Pmods/PmodAQS_v1_0' will take precedence over the same IP in location z:/DAT096/vivado-library-b0946605e3617c901635278b62d0f6a8e3942844/ip/Pmods/PmodAQS_v1_0
WARNING: [IP_Flow 19-1663] Duplicate IP found for 'digilentinc.com:IP:PmodBLE:1.0'. The one found in IP location 'z:/DAT096/vivado-library-master/ip/Pmods/PmodBLE_v1_0' will take precedence over the same IP in location z:/DAT096/vivado-library-b0946605e3617c901635278b62d0f6a8e3942844/ip/Pmods/PmodBLE_v1_0
WARNING: [IP_Flow 19-1663] Duplicate IP found for 'digilentinc.com:IP:PmodBT2:1.0'. The one found in IP location 'z:/DAT096/vivado-library-master/ip/Pmods/PmodBT2_v1_0' will take precedence over the same IP in location z:/DAT096/vivado-library-b0946605e3617c901635278b62d0f6a8e3942844/ip/Pmods/PmodBT2_v1_0
WARNING: [IP_Flow 19-1663] Duplicate IP found for 'digilentinc.com:IP:PmodCAN:1.0'. The one found in IP location 'z:/DAT096/vivado-library-master/ip/Pmods/PmodCAN_v1_0' will take precedence over the same IP in location z:/DAT096/vivado-library-b0946605e3617c901635278b62d0f6a8e3942844/ip/Pmods/PmodCAN_v1_0
WARNING: [IP_Flow 19-1663] Duplicate IP found for 'digilentinc.com:IP:PmodCLS:1.0'. The one found in IP location 'z:/DAT096/vivado-library-master/ip/Pmods/PmodCLS_v1_0' will take precedence over the same IP in location z:/DAT096/vivado-library-b0946605e3617c901635278b62d0f6a8e3942844/ip/Pmods/PmodCLS_v1_0
WARNING: [IP_Flow 19-1663] Duplicate IP found for 'digilentinc.com:IP:PmodCMPS2:1.0'. The one found in IP location 'z:/DAT096/vivado-library-master/ip/Pmods/PmodCMPS2_v1_0' will take precedence over the same IP in location z:/DAT096/vivado-library-b0946605e3617c901635278b62d0f6a8e3942844/ip/Pmods/PmodCMPS2_v1_0
WARNING: [IP_Flow 19-1663] Duplicate IP found for 'digilentinc.com:IP:PmodCOLOR:1.0'. The one found in IP location 'z:/DAT096/vivado-library-master/ip/Pmods/PmodCOLOR_v1_0' will take precedence over the same IP in location z:/DAT096/vivado-library-b0946605e3617c901635278b62d0f6a8e3942844/ip/Pmods/PmodCOLOR_v1_0
WARNING: [IP_Flow 19-1663] Duplicate IP found for 'digilentinc.com:IP:PmodDA1:1.0'. The one found in IP location 'z:/DAT096/vivado-library-master/ip/Pmods/PmodDA1_v1_0' will take precedence over the same IP in location z:/DAT096/vivado-library-b0946605e3617c901635278b62d0f6a8e3942844/ip/Pmods/PmodDA1_v1_0
WARNING: [IP_Flow 19-1663] Duplicate IP found for 'digilentinc.com:IP:PmodDHB1:1.0'. The one found in IP location 'z:/DAT096/vivado-library-master/ip/Pmods/PmodDHB1_v1_0' will take precedence over the same IP in location z:/DAT096/vivado-library-b0946605e3617c901635278b62d0f6a8e3942844/ip/Pmods/PmodDHB1_v1_0
WARNING: [IP_Flow 19-1663] Duplicate IP found for 'digilentinc.com:IP:PmodDPG1:1.0'. The one found in IP location 'z:/DAT096/vivado-library-master/ip/Pmods/PmodDPG1_v1_0' will take precedence over the same IP in location z:/DAT096/vivado-library-b0946605e3617c901635278b62d0f6a8e3942844/ip/Pmods/PmodDPG1_v1_0
WARNING: [IP_Flow 19-1663] Duplicate IP found for 'digilentinc.com:IP:PmodENC:1.0'. The one found in IP location 'z:/DAT096/vivado-library-master/ip/Pmods/PmodENC_v1_0' will take precedence over the same IP in location z:/DAT096/vivado-library-b0946605e3617c901635278b62d0f6a8e3942844/ip/Pmods/PmodENC_v1_0
WARNING: [IP_Flow 19-1663] Duplicate IP found for 'digilentinc.com:user:PmodESP32:1.0'. The one found in IP location 'z:/DAT096/vivado-library-master/ip/Pmods/PmodESP32_v1_0' will take precedence over the same IP in location z:/DAT096/vivado-library-b0946605e3617c901635278b62d0f6a8e3942844/ip/Pmods/PmodESP32_v1_0
WARNING: [IP_Flow 19-1663] Duplicate IP found for 'digilentinc.com:IP:PmodGPIO:1.0'. The one found in IP location 'z:/DAT096/vivado-library-master/ip/Pmods/PmodGPIO_v1_0' will take precedence over the same IP in location z:/DAT096/vivado-library-b0946605e3617c901635278b62d0f6a8e3942844/ip/Pmods/PmodGPIO_v1_0
WARNING: [IP_Flow 19-1663] Duplicate IP found for 'digilentinc.com:IP:PmodGPS:1.1'. The one found in IP location 'z:/DAT096/vivado-library-master/ip/Pmods/PmodGPS_v1_1' will take precedence over the same IP in location z:/DAT096/vivado-library-b0946605e3617c901635278b62d0f6a8e3942844/ip/Pmods/PmodGPS_v1_1
WARNING: [IP_Flow 19-1663] Duplicate IP found for 'digilentinc.com:IP:PmodGYRO:1.0'. The one found in IP location 'z:/DAT096/vivado-library-master/ip/Pmods/PmodGYRO_v1_0' will take precedence over the same IP in location z:/DAT096/vivado-library-b0946605e3617c901635278b62d0f6a8e3942844/ip/Pmods/PmodGYRO_v1_0
WARNING: [IP_Flow 19-1663] Duplicate IP found for 'digilentinc.com:IP:PmodHYGRO:1.0'. The one found in IP location 'z:/DAT096/vivado-library-master/ip/Pmods/PmodHYGRO_v1_0' will take precedence over the same IP in location z:/DAT096/vivado-library-b0946605e3617c901635278b62d0f6a8e3942844/ip/Pmods/PmodHYGRO_v1_0
WARNING: [IP_Flow 19-1663] Duplicate IP found for 'digilentinc.com:IP:PmodJSTK2:1.0'. The one found in IP location 'z:/DAT096/vivado-library-master/ip/Pmods/PmodJSTK2_v1_0' will take precedence over the same IP in location z:/DAT096/vivado-library-b0946605e3617c901635278b62d0f6a8e3942844/ip/Pmods/PmodJSTK2_v1_0
WARNING: [IP_Flow 19-1663] Duplicate IP found for 'digilentinc.com:IP:PmodJSTK:1.0'. The one found in IP location 'z:/DAT096/vivado-library-master/ip/Pmods/PmodJSTK_v1_0' will take precedence over the same IP in location z:/DAT096/vivado-library-b0946605e3617c901635278b62d0f6a8e3942844/ip/Pmods/PmodJSTK_v1_0
WARNING: [IP_Flow 19-1663] Duplicate IP found for 'digilentinc.com:IP:PmodKYPD:1.0'. The one found in IP location 'z:/DAT096/vivado-library-master/ip/Pmods/PmodKYPD_v1_0' will take precedence over the same IP in location z:/DAT096/vivado-library-b0946605e3617c901635278b62d0f6a8e3942844/ip/Pmods/PmodKYPD_v1_0
WARNING: [IP_Flow 19-1663] Duplicate IP found for 'digilentinc.com:IP:PmodMAXSONAR:1.0'. The one found in IP location 'z:/DAT096/vivado-library-master/ip/Pmods/PmodMAXSONAR_v1_0' will take precedence over the same IP in location z:/DAT096/vivado-library-b0946605e3617c901635278b62d0f6a8e3942844/ip/Pmods/PmodMAXSONAR_v1_0
WARNING: [IP_Flow 19-1663] Duplicate IP found for 'digilentinc.com:IP:PmodMTDS:1.0'. The one found in IP location 'z:/DAT096/vivado-library-master/ip/Pmods/PmodMTDS_v1_0' will take precedence over the same IP in location z:/DAT096/vivado-library-b0946605e3617c901635278b62d0f6a8e3942844/ip/Pmods/PmodMTDS_v1_0
WARNING: [IP_Flow 19-1663] Duplicate IP found for 'digilentinc.com:IP:PmodNAV:1.0'. The one found in IP location 'z:/DAT096/vivado-library-master/ip/Pmods/PmodNAV_v1_0' will take precedence over the same IP in location z:/DAT096/vivado-library-b0946605e3617c901635278b62d0f6a8e3942844/ip/Pmods/PmodNAV_v1_0
WARNING: [IP_Flow 19-1663] Duplicate IP found for 'digilentinc.com:IP:PmodOLEDrgb:1.0'. The one found in IP location 'z:/DAT096/vivado-library-master/ip/Pmods/pmodOLEDrgb_v1_0' will take precedence over the same IP in location z:/DAT096/vivado-library-b0946605e3617c901635278b62d0f6a8e3942844/ip/Pmods/pmodOLEDrgb_v1_0
WARNING: [IP_Flow 19-1663] Duplicate IP found for 'digilentinc.com:IP:PmodOLED:1.0'. The one found in IP location 'z:/DAT096/vivado-library-master/ip/Pmods/PmodOLED_v1_0' will take precedence over the same IP in location z:/DAT096/vivado-library-b0946605e3617c901635278b62d0f6a8e3942844/ip/Pmods/PmodOLED_v1_0
WARNING: [IP_Flow 19-1663] Duplicate IP found for 'digilentinc.com:IP:PmodPIR:1.0'. The one found in IP location 'z:/DAT096/vivado-library-master/ip/Pmods/PmodPIR_v1_0' will take precedence over the same IP in location z:/DAT096/vivado-library-b0946605e3617c901635278b62d0f6a8e3942844/ip/Pmods/PmodPIR_v1_0
WARNING: [IP_Flow 19-1663] Duplicate IP found for 'digilentinc.com:IP:PmodR2R:1.0'. The one found in IP location 'z:/DAT096/vivado-library-master/ip/Pmods/PmodR2R_v1_0' will take precedence over the same IP in location z:/DAT096/vivado-library-b0946605e3617c901635278b62d0f6a8e3942844/ip/Pmods/PmodR2R_v1_0
WARNING: [IP_Flow 19-1663] Duplicate IP found for 'digilentinc.com:IP:PmodRTCC:1.0'. The one found in IP location 'z:/DAT096/vivado-library-master/ip/Pmods/PmodRTCC_v1_0' will take precedence over the same IP in location z:/DAT096/vivado-library-b0946605e3617c901635278b62d0f6a8e3942844/ip/Pmods/PmodRTCC_v1_0
WARNING: [IP_Flow 19-1663] Duplicate IP found for 'digilentinc.com:IP:PmodSD:1.0'. The one found in IP location 'z:/DAT096/vivado-library-master/ip/Pmods/PmodSD_v1_0' will take precedence over the same IP in location z:/DAT096/vivado-library-b0946605e3617c901635278b62d0f6a8e3942844/ip/Pmods/PmodSD_v1_0
WARNING: [IP_Flow 19-1663] Duplicate IP found for 'digilentinc.com:IP:PmodSF3:1.0'. The one found in IP location 'z:/DAT096/vivado-library-master/ip/Pmods/PmodSF3_v1_0' will take precedence over the same IP in location z:/DAT096/vivado-library-b0946605e3617c901635278b62d0f6a8e3942844/ip/Pmods/PmodSF3_v1_0
WARNING: [IP_Flow 19-1663] Duplicate IP found for 'digilentinc.com:IP:PmodTC1:1.0'. The one found in IP location 'z:/DAT096/vivado-library-master/ip/Pmods/PmodTC1_v1_0' will take precedence over the same IP in location z:/DAT096/vivado-library-b0946605e3617c901635278b62d0f6a8e3942844/ip/Pmods/PmodTC1_v1_0
WARNING: [IP_Flow 19-1663] Duplicate IP found for 'digilentinc.com:IP:PmodTMP3:1.0'. The one found in IP location 'z:/DAT096/vivado-library-master/ip/Pmods/PmodTMP3_v1_0' will take precedence over the same IP in location z:/DAT096/vivado-library-b0946605e3617c901635278b62d0f6a8e3942844/ip/Pmods/PmodTMP3_v1_0
WARNING: [IP_Flow 19-1663] Duplicate IP found for 'digilentinc.com:IP:PmodWIFI:1.0'. The one found in IP location 'z:/DAT096/vivado-library-master/ip/Pmods/PmodWIFI_v1_0' will take precedence over the same IP in location z:/DAT096/vivado-library-b0946605e3617c901635278b62d0f6a8e3942844/ip/Pmods/PmodWIFI_v1_0
WARNING: [IP_Flow 19-1663] Duplicate IP found for 'digilentinc.com:ip:pmod_bridge:1.0'. The one found in IP location 'z:/DAT096/vivado-library-master/ip/Pmods/Pmod_Bridge_v1_0' will take precedence over the same IP in location z:/DAT096/vivado-library-b0946605e3617c901635278b62d0f6a8e3942844/ip/Pmods/Pmod_Bridge_v1_0
WARNING: [IP_Flow 19-1663] Duplicate IP found for 'digilentinc.com:ip:pmod_bridge:1.1'. The one found in IP location 'z:/DAT096/vivado-library-master/ip/Pmods/Pmod_Bridge_v1_1' will take precedence over the same IP in location z:/DAT096/vivado-library-b0946605e3617c901635278b62d0f6a8e3942844/ip/Pmods/Pmod_Bridge_v1_1
WARNING: [IP_Flow 19-1663] Duplicate IP found for 'digilentinc.com:IP:PWM:1.0'. The one found in IP location 'z:/DAT096/vivado-library-master/ip/PWM_1.0' will take precedence over the same IP in location z:/DAT096/vivado-library-b0946605e3617c901635278b62d0f6a8e3942844/ip/PWM_1.0
WARNING: [IP_Flow 19-1663] Duplicate IP found for 'digilentinc.com:IP:PWM:2.0'. The one found in IP location 'z:/DAT096/vivado-library-master/ip/PWM_2.0' will take precedence over the same IP in location z:/DAT096/vivado-library-b0946605e3617c901635278b62d0f6a8e3942844/ip/PWM_2.0
WARNING: [IP_Flow 19-1663] Duplicate IP found for 'digilentinc.com:IP:PWM_Analyzer:1.0'. The one found in IP location 'z:/DAT096/vivado-library-master/ip/PWM_Analyzer_1.0' will take precedence over the same IP in location z:/DAT096/vivado-library-b0946605e3617c901635278b62d0f6a8e3942844/ip/PWM_Analyzer_1.0
WARNING: [IP_Flow 19-1663] Duplicate IP found for 'digilentinc.com:ip:rgb2dvi:1.4'. The one found in IP location 'z:/DAT096/vivado-library-master/ip/rgb2dvi' will take precedence over the same IP in location z:/DAT096/vivado-library-b0946605e3617c901635278b62d0f6a8e3942844/ip/rgb2dvi
WARNING: [IP_Flow 19-4830] Duplicate Interface found for 'digilentinc.com:interface:pmod:1.0'. The one found in location 'z:/DAT096/vivado-library-b0946605e3617c901635278b62d0f6a8e3942844/if/pmod_v1_0/pmod.xml' will take precedence over the same Interface in location 'z:/DAT096/vivado-library-master/if/pmod_v1_0/pmod.xml'
WARNING: [IP_Flow 19-4830] Duplicate Interface found for 'digilentinc.com:interface:tmds:1.0'. The one found in location 'z:/DAT096/vivado-library-b0946605e3617c901635278b62d0f6a8e3942844/if/tmds_v1_0/tmds.xml' will take precedence over the same Interface in location 'z:/DAT096/vivado-library-master/if/tmds_v1_0/tmds.xml'
update_ip_catalog: Time (s): cpu = 00:00:02 ; elapsed = 00:00:14 . Memory (MB): peak = 1499.125 ; gain = 0.000
report_ip_status -name ip_status 
ipx::edit_ip_in_project -upgrade true -name top_awgn_v1_0_project -directory Z:/DAT096/DAT096-krish/Embedded-System-Project-DAT096-krishna/Board_2/Board_2/Board_2.tmp/top_awgn_v1_0_project z:/DAT096/Project_team5/ip_repo_snr/component.xml
INFO: [ProjectBase 1-489] The host OS only allows 260 characters in a normal path. The project is stored in a path with more than 80 characters. If you experience issues with IP, Block Designs, or files not being found, please consider moving the project to a location with a shorter path. Alternately consider using the OS subst command to map part of the path to a drive letter.
Current project path is 'z:/dat096/dat096-krish/embedded-system-project-dat096-krishna/board_2/board_2/board_2.tmp/top_awgn_v1_0_project'
INFO: [IP_Flow 19-234] Refreshing IP repositories
INFO: [IP_Flow 19-1704] No user IP repositories specified
INFO: [IP_Flow 19-2313] Loaded Vivado IP repository 'C:/Progs/Xilinx/Vivado/2024.2/data/ip'.
INFO: [IP_Flow 19-234] Refreshing IP repositories
WARNING: [IP_Flow 19-2248] Failed to load user IP repository 'z:/DAT096/vivado-library-zmod-v2-2019.1-2/vivado-library-zmod-v2-2019.1-2'; Can't find the specified path.
If this directory should no longer be in your list of user repositories, go to the IP Settings dialog and remove it.
INFO: [IP_Flow 19-1700] Loaded user IP repository 'z:/DAT096/Project_team5/ip_repo_snr'.
WARNING: [IP_Flow 19-2248] Failed to load user IP repository 'z:/embedded project/Eclypse-Z7-HW/Eclypse-Z7-HW.ipdefs/repo'; Can't find the specified path.
If this directory should no longer be in your list of user repositories, go to the IP Settings dialog and remove it.
WARNING: [IP_Flow 19-2248] Failed to load user IP repository 'z:/DAT096/Project_team5/ip_repo'; Can't find the specified path.
If this directory should no longer be in your list of user repositories, go to the IP Settings dialog and remove it.
INFO: [IP_Flow 19-1700] Loaded user IP repository 'z:/DAT096/vivado-boards-master'.
INFO: [IP_Flow 19-1700] Loaded user IP repository 'z:/DAT096/vivado-library-b0946605e3617c901635278b62d0f6a8e3942844'.
INFO: [IP_Flow 19-1700] Loaded user IP repository 'z:/DAT096/vivado-library-master'.
WARNING: [IP_Flow 19-2248] Failed to load user IP repository 'z:/eda234/vivado-library-master'; Can't find the specified path.
If this directory should no longer be in your list of user repositories, go to the IP Settings dialog and remove it.
WARNING: [IP_Flow 19-3685] Ignored loading user repository 'z:/eda234/vivado-library-master/ip'. The path is contained within another repository.
WARNING: [IP_Flow 19-1663] Duplicate IP found for 'digilentinc.com:user:axi_i2s_adi:1.2'. The one found in IP location 'z:/DAT096/vivado-library-b0946605e3617c901635278b62d0f6a8e3942844/ip/axi_i2s_adi_1.2' will take precedence over the same IP in location z:/DAT096/vivado-library-master/ip/axi_i2s_adi_1.2
WARNING: [IP_Flow 19-1663] Duplicate IP found for 'digilentinc.com:IP:axi_ps2:1.0'. The one found in IP location 'z:/DAT096/vivado-library-b0946605e3617c901635278b62d0f6a8e3942844/ip/axi_ps2_1.0' will take precedence over the same IP in location z:/DAT096/vivado-library-master/ip/axi_ps2_1.0
WARNING: [IP_Flow 19-1663] Duplicate IP found for 'digilentinc.com:ip:clock_forwarder:1.1'. The one found in IP location 'z:/DAT096/vivado-library-b0946605e3617c901635278b62d0f6a8e3942844/ip/clock_forwarder' will take precedence over the same IP in location z:/DAT096/vivado-library-master/ip/clock_forwarder
WARNING: [IP_Flow 19-1663] Duplicate IP found for 'digilentinc.com:IP:hls_contrast_stretch:1.0'. The one found in IP location 'z:/DAT096/vivado-library-b0946605e3617c901635278b62d0f6a8e3942844/ip/hls_contrast_stretch_1_0' will take precedence over the same IP in location z:/DAT096/vivado-library-master/ip/hls_contrast_stretch_1_0
WARNING: [IP_Flow 19-1663] Duplicate IP found for 'digilentinc.com:IP:hls_gamma_correction:1.0'. The one found in IP location 'z:/DAT096/vivado-library-b0946605e3617c901635278b62d0f6a8e3942844/ip/hls_gamma_correction_1_0' will take precedence over the same IP in location z:/DAT096/vivado-library-master/ip/hls_gamma_correction_1_0
WARNING: [IP_Flow 19-1663] Duplicate IP found for 'digilentinc.com:IP:hls_saturation_enhance:1.0'. The one found in IP location 'z:/DAT096/vivado-library-b0946605e3617c901635278b62d0f6a8e3942844/ip/hls_saturation_enhance_1_0' will take precedence over the same IP in location z:/DAT096/vivado-library-master/ip/hls_saturation_enhance_1_0
WARNING: [IP_Flow 19-1663] Duplicate IP found for 'digilentinc.com:ip:rgb2dpvid:1.0'. The one found in IP location 'z:/DAT096/vivado-library-b0946605e3617c901635278b62d0f6a8e3942844/ip/rgb2dpvid_v1_0' will take precedence over the same IP in location z:/DAT096/vivado-library-master/ip/rgb2dpvid_v1_0
WARNING: [IP_Flow 19-1663] Duplicate IP found for 'digilentinc.com:ip:rgb2vga:1.0'. The one found in IP location 'z:/DAT096/vivado-library-b0946605e3617c901635278b62d0f6a8e3942844/ip/rgb2vga_v1_0' will take precedence over the same IP in location z:/DAT096/vivado-library-master/ip/rgb2vga_v1_0
WARNING: [IP_Flow 19-1663] Duplicate IP found for 'digilentinc.com:ip:Sync:1.0'. The one found in IP location 'z:/DAT096/vivado-library-b0946605e3617c901635278b62d0f6a8e3942844/ip/Sync_v1_0' will take precedence over the same IP in location z:/DAT096/vivado-library-master/ip/Sync_v1_0
WARNING: [IP_Flow 19-1663] Duplicate IP found for 'digilentinc.com:ip:usb2device:1.0'. The one found in IP location 'z:/DAT096/vivado-library-b0946605e3617c901635278b62d0f6a8e3942844/ip/usb2device_v1_0' will take precedence over the same IP in location z:/DAT096/vivado-library-master/ip/usb2device_v1_0
WARNING: [IP_Flow 19-1663] Duplicate IP found for 'digilentinc.com:video:video_scaler:1.0'. The one found in IP location 'z:/DAT096/vivado-library-b0946605e3617c901635278b62d0f6a8e3942844/ip/video_scaler' will take precedence over the same IP in location z:/DAT096/vivado-library-master/ip/video_scaler
WARNING: [IP_Flow 19-1663] Duplicate IP found for 'digilentinc.com:ip:dvi2rgb:2.0'. The one found in IP location 'z:/DAT096/vivado-library-master/ip/dvi2rgb' will take precedence over the same IP in location z:/DAT096/vivado-library-b0946605e3617c901635278b62d0f6a8e3942844/ip/dvi2rgb
WARNING: [IP_Flow 19-1663] Duplicate IP found for 'digilentinc.com:IP:MotorFeedback:1.0'. The one found in IP location 'z:/DAT096/vivado-library-master/ip/MotorFeedback_1.0' will take precedence over the same IP in location z:/DAT096/vivado-library-b0946605e3617c901635278b62d0f6a8e3942844/ip/MotorFeedback_1.0
WARNING: [IP_Flow 19-1663] Duplicate IP found for 'digilentinc.com:IP:PmodACL2:1.0'. The one found in IP location 'z:/DAT096/vivado-library-master/ip/Pmods/PmodACL2_v1_0' will take precedence over the same IP in location z:/DAT096/vivado-library-b0946605e3617c901635278b62d0f6a8e3942844/ip/Pmods/PmodACL2_v1_0
WARNING: [IP_Flow 19-1663] Duplicate IP found for 'digilentinc.com:IP:PmodACL:1.0'. The one found in IP location 'z:/DAT096/vivado-library-master/ip/Pmods/PmodACL_v1_0' will take precedence over the same IP in location z:/DAT096/vivado-library-b0946605e3617c901635278b62d0f6a8e3942844/ip/Pmods/PmodACL_v1_0
WARNING: [IP_Flow 19-1663] Duplicate IP found for 'digilentinc.com:IP:PmodAD1:1.0'. The one found in IP location 'z:/DAT096/vivado-library-master/ip/Pmods/PmodAD1_v1_0' will take precedence over the same IP in location z:/DAT096/vivado-library-b0946605e3617c901635278b62d0f6a8e3942844/ip/Pmods/PmodAD1_v1_0
WARNING: [IP_Flow 19-1663] Duplicate IP found for 'digilentinc.com:IP:PmodAD2:1.0'. The one found in IP location 'z:/DAT096/vivado-library-master/ip/Pmods/PmodAD2_v1_0' will take precedence over the same IP in location z:/DAT096/vivado-library-b0946605e3617c901635278b62d0f6a8e3942844/ip/Pmods/PmodAD2_v1_0
WARNING: [IP_Flow 19-1663] Duplicate IP found for 'digilentinc.com:IP:PmodAD5:1.0'. The one found in IP location 'z:/DAT096/vivado-library-master/ip/Pmods/PmodAD5_v1_0' will take precedence over the same IP in location z:/DAT096/vivado-library-b0946605e3617c901635278b62d0f6a8e3942844/ip/Pmods/PmodAD5_v1_0
WARNING: [IP_Flow 19-1663] Duplicate IP found for 'digilentinc.com:IP:PmodALS:1.0'. The one found in IP location 'z:/DAT096/vivado-library-master/ip/Pmods/PmodALS_v1_0' will take precedence over the same IP in location z:/DAT096/vivado-library-b0946605e3617c901635278b62d0f6a8e3942844/ip/Pmods/PmodALS_v1_0
WARNING: [IP_Flow 19-1663] Duplicate IP found for 'digilentinc.com:IP:PmodAMP2:1.0'. The one found in IP location 'z:/DAT096/vivado-library-master/ip/Pmods/PmodAMP2_v1_0' will take precedence over the same IP in location z:/DAT096/vivado-library-b0946605e3617c901635278b62d0f6a8e3942844/ip/Pmods/PmodAMP2_v1_0
WARNING: [IP_Flow 19-1663] Duplicate IP found for 'digilentinc.com:IP:PmodAQS:1.0'. The one found in IP location 'z:/DAT096/vivado-library-master/ip/Pmods/PmodAQS_v1_0' will take precedence over the same IP in location z:/DAT096/vivado-library-b0946605e3617c901635278b62d0f6a8e3942844/ip/Pmods/PmodAQS_v1_0
WARNING: [IP_Flow 19-1663] Duplicate IP found for 'digilentinc.com:IP:PmodBLE:1.0'. The one found in IP location 'z:/DAT096/vivado-library-master/ip/Pmods/PmodBLE_v1_0' will take precedence over the same IP in location z:/DAT096/vivado-library-b0946605e3617c901635278b62d0f6a8e3942844/ip/Pmods/PmodBLE_v1_0
WARNING: [IP_Flow 19-1663] Duplicate IP found for 'digilentinc.com:IP:PmodBT2:1.0'. The one found in IP location 'z:/DAT096/vivado-library-master/ip/Pmods/PmodBT2_v1_0' will take precedence over the same IP in location z:/DAT096/vivado-library-b0946605e3617c901635278b62d0f6a8e3942844/ip/Pmods/PmodBT2_v1_0
WARNING: [IP_Flow 19-1663] Duplicate IP found for 'digilentinc.com:IP:PmodCAN:1.0'. The one found in IP location 'z:/DAT096/vivado-library-master/ip/Pmods/PmodCAN_v1_0' will take precedence over the same IP in location z:/DAT096/vivado-library-b0946605e3617c901635278b62d0f6a8e3942844/ip/Pmods/PmodCAN_v1_0
WARNING: [IP_Flow 19-1663] Duplicate IP found for 'digilentinc.com:IP:PmodCLS:1.0'. The one found in IP location 'z:/DAT096/vivado-library-master/ip/Pmods/PmodCLS_v1_0' will take precedence over the same IP in location z:/DAT096/vivado-library-b0946605e3617c901635278b62d0f6a8e3942844/ip/Pmods/PmodCLS_v1_0
WARNING: [IP_Flow 19-1663] Duplicate IP found for 'digilentinc.com:IP:PmodCMPS2:1.0'. The one found in IP location 'z:/DAT096/vivado-library-master/ip/Pmods/PmodCMPS2_v1_0' will take precedence over the same IP in location z:/DAT096/vivado-library-b0946605e3617c901635278b62d0f6a8e3942844/ip/Pmods/PmodCMPS2_v1_0
WARNING: [IP_Flow 19-1663] Duplicate IP found for 'digilentinc.com:IP:PmodCOLOR:1.0'. The one found in IP location 'z:/DAT096/vivado-library-master/ip/Pmods/PmodCOLOR_v1_0' will take precedence over the same IP in location z:/DAT096/vivado-library-b0946605e3617c901635278b62d0f6a8e3942844/ip/Pmods/PmodCOLOR_v1_0
WARNING: [IP_Flow 19-1663] Duplicate IP found for 'digilentinc.com:IP:PmodDA1:1.0'. The one found in IP location 'z:/DAT096/vivado-library-master/ip/Pmods/PmodDA1_v1_0' will take precedence over the same IP in location z:/DAT096/vivado-library-b0946605e3617c901635278b62d0f6a8e3942844/ip/Pmods/PmodDA1_v1_0
WARNING: [IP_Flow 19-1663] Duplicate IP found for 'digilentinc.com:IP:PmodDHB1:1.0'. The one found in IP location 'z:/DAT096/vivado-library-master/ip/Pmods/PmodDHB1_v1_0' will take precedence over the same IP in location z:/DAT096/vivado-library-b0946605e3617c901635278b62d0f6a8e3942844/ip/Pmods/PmodDHB1_v1_0
WARNING: [IP_Flow 19-1663] Duplicate IP found for 'digilentinc.com:IP:PmodDPG1:1.0'. The one found in IP location 'z:/DAT096/vivado-library-master/ip/Pmods/PmodDPG1_v1_0' will take precedence over the same IP in location z:/DAT096/vivado-library-b0946605e3617c901635278b62d0f6a8e3942844/ip/Pmods/PmodDPG1_v1_0
WARNING: [IP_Flow 19-1663] Duplicate IP found for 'digilentinc.com:IP:PmodENC:1.0'. The one found in IP location 'z:/DAT096/vivado-library-master/ip/Pmods/PmodENC_v1_0' will take precedence over the same IP in location z:/DAT096/vivado-library-b0946605e3617c901635278b62d0f6a8e3942844/ip/Pmods/PmodENC_v1_0
WARNING: [IP_Flow 19-1663] Duplicate IP found for 'digilentinc.com:user:PmodESP32:1.0'. The one found in IP location 'z:/DAT096/vivado-library-master/ip/Pmods/PmodESP32_v1_0' will take precedence over the same IP in location z:/DAT096/vivado-library-b0946605e3617c901635278b62d0f6a8e3942844/ip/Pmods/PmodESP32_v1_0
WARNING: [IP_Flow 19-1663] Duplicate IP found for 'digilentinc.com:IP:PmodGPIO:1.0'. The one found in IP location 'z:/DAT096/vivado-library-master/ip/Pmods/PmodGPIO_v1_0' will take precedence over the same IP in location z:/DAT096/vivado-library-b0946605e3617c901635278b62d0f6a8e3942844/ip/Pmods/PmodGPIO_v1_0
WARNING: [IP_Flow 19-1663] Duplicate IP found for 'digilentinc.com:IP:PmodGPS:1.1'. The one found in IP location 'z:/DAT096/vivado-library-master/ip/Pmods/PmodGPS_v1_1' will take precedence over the same IP in location z:/DAT096/vivado-library-b0946605e3617c901635278b62d0f6a8e3942844/ip/Pmods/PmodGPS_v1_1
WARNING: [IP_Flow 19-1663] Duplicate IP found for 'digilentinc.com:IP:PmodGYRO:1.0'. The one found in IP location 'z:/DAT096/vivado-library-master/ip/Pmods/PmodGYRO_v1_0' will take precedence over the same IP in location z:/DAT096/vivado-library-b0946605e3617c901635278b62d0f6a8e3942844/ip/Pmods/PmodGYRO_v1_0
WARNING: [IP_Flow 19-1663] Duplicate IP found for 'digilentinc.com:IP:PmodHYGRO:1.0'. The one found in IP location 'z:/DAT096/vivado-library-master/ip/Pmods/PmodHYGRO_v1_0' will take precedence over the same IP in location z:/DAT096/vivado-library-b0946605e3617c901635278b62d0f6a8e3942844/ip/Pmods/PmodHYGRO_v1_0
WARNING: [IP_Flow 19-1663] Duplicate IP found for 'digilentinc.com:IP:PmodJSTK2:1.0'. The one found in IP location 'z:/DAT096/vivado-library-master/ip/Pmods/PmodJSTK2_v1_0' will take precedence over the same IP in location z:/DAT096/vivado-library-b0946605e3617c901635278b62d0f6a8e3942844/ip/Pmods/PmodJSTK2_v1_0
WARNING: [IP_Flow 19-1663] Duplicate IP found for 'digilentinc.com:IP:PmodJSTK:1.0'. The one found in IP location 'z:/DAT096/vivado-library-master/ip/Pmods/PmodJSTK_v1_0' will take precedence over the same IP in location z:/DAT096/vivado-library-b0946605e3617c901635278b62d0f6a8e3942844/ip/Pmods/PmodJSTK_v1_0
WARNING: [IP_Flow 19-1663] Duplicate IP found for 'digilentinc.com:IP:PmodKYPD:1.0'. The one found in IP location 'z:/DAT096/vivado-library-master/ip/Pmods/PmodKYPD_v1_0' will take precedence over the same IP in location z:/DAT096/vivado-library-b0946605e3617c901635278b62d0f6a8e3942844/ip/Pmods/PmodKYPD_v1_0
WARNING: [IP_Flow 19-1663] Duplicate IP found for 'digilentinc.com:IP:PmodMAXSONAR:1.0'. The one found in IP location 'z:/DAT096/vivado-library-master/ip/Pmods/PmodMAXSONAR_v1_0' will take precedence over the same IP in location z:/DAT096/vivado-library-b0946605e3617c901635278b62d0f6a8e3942844/ip/Pmods/PmodMAXSONAR_v1_0
WARNING: [IP_Flow 19-1663] Duplicate IP found for 'digilentinc.com:IP:PmodMTDS:1.0'. The one found in IP location 'z:/DAT096/vivado-library-master/ip/Pmods/PmodMTDS_v1_0' will take precedence over the same IP in location z:/DAT096/vivado-library-b0946605e3617c901635278b62d0f6a8e3942844/ip/Pmods/PmodMTDS_v1_0
WARNING: [IP_Flow 19-1663] Duplicate IP found for 'digilentinc.com:IP:PmodNAV:1.0'. The one found in IP location 'z:/DAT096/vivado-library-master/ip/Pmods/PmodNAV_v1_0' will take precedence over the same IP in location z:/DAT096/vivado-library-b0946605e3617c901635278b62d0f6a8e3942844/ip/Pmods/PmodNAV_v1_0
WARNING: [IP_Flow 19-1663] Duplicate IP found for 'digilentinc.com:IP:PmodOLEDrgb:1.0'. The one found in IP location 'z:/DAT096/vivado-library-master/ip/Pmods/pmodOLEDrgb_v1_0' will take precedence over the same IP in location z:/DAT096/vivado-library-b0946605e3617c901635278b62d0f6a8e3942844/ip/Pmods/pmodOLEDrgb_v1_0
WARNING: [IP_Flow 19-1663] Duplicate IP found for 'digilentinc.com:IP:PmodOLED:1.0'. The one found in IP location 'z:/DAT096/vivado-library-master/ip/Pmods/PmodOLED_v1_0' will take precedence over the same IP in location z:/DAT096/vivado-library-b0946605e3617c901635278b62d0f6a8e3942844/ip/Pmods/PmodOLED_v1_0
WARNING: [IP_Flow 19-1663] Duplicate IP found for 'digilentinc.com:IP:PmodPIR:1.0'. The one found in IP location 'z:/DAT096/vivado-library-master/ip/Pmods/PmodPIR_v1_0' will take precedence over the same IP in location z:/DAT096/vivado-library-b0946605e3617c901635278b62d0f6a8e3942844/ip/Pmods/PmodPIR_v1_0
WARNING: [IP_Flow 19-1663] Duplicate IP found for 'digilentinc.com:IP:PmodR2R:1.0'. The one found in IP location 'z:/DAT096/vivado-library-master/ip/Pmods/PmodR2R_v1_0' will take precedence over the same IP in location z:/DAT096/vivado-library-b0946605e3617c901635278b62d0f6a8e3942844/ip/Pmods/PmodR2R_v1_0
WARNING: [IP_Flow 19-1663] Duplicate IP found for 'digilentinc.com:IP:PmodRTCC:1.0'. The one found in IP location 'z:/DAT096/vivado-library-master/ip/Pmods/PmodRTCC_v1_0' will take precedence over the same IP in location z:/DAT096/vivado-library-b0946605e3617c901635278b62d0f6a8e3942844/ip/Pmods/PmodRTCC_v1_0
WARNING: [IP_Flow 19-1663] Duplicate IP found for 'digilentinc.com:IP:PmodSD:1.0'. The one found in IP location 'z:/DAT096/vivado-library-master/ip/Pmods/PmodSD_v1_0' will take precedence over the same IP in location z:/DAT096/vivado-library-b0946605e3617c901635278b62d0f6a8e3942844/ip/Pmods/PmodSD_v1_0
WARNING: [IP_Flow 19-1663] Duplicate IP found for 'digilentinc.com:IP:PmodSF3:1.0'. The one found in IP location 'z:/DAT096/vivado-library-master/ip/Pmods/PmodSF3_v1_0' will take precedence over the same IP in location z:/DAT096/vivado-library-b0946605e3617c901635278b62d0f6a8e3942844/ip/Pmods/PmodSF3_v1_0
WARNING: [IP_Flow 19-1663] Duplicate IP found for 'digilentinc.com:IP:PmodTC1:1.0'. The one found in IP location 'z:/DAT096/vivado-library-master/ip/Pmods/PmodTC1_v1_0' will take precedence over the same IP in location z:/DAT096/vivado-library-b0946605e3617c901635278b62d0f6a8e3942844/ip/Pmods/PmodTC1_v1_0
WARNING: [IP_Flow 19-1663] Duplicate IP found for 'digilentinc.com:IP:PmodTMP3:1.0'. The one found in IP location 'z:/DAT096/vivado-library-master/ip/Pmods/PmodTMP3_v1_0' will take precedence over the same IP in location z:/DAT096/vivado-library-b0946605e3617c901635278b62d0f6a8e3942844/ip/Pmods/PmodTMP3_v1_0
WARNING: [IP_Flow 19-1663] Duplicate IP found for 'digilentinc.com:IP:PmodWIFI:1.0'. The one found in IP location 'z:/DAT096/vivado-library-master/ip/Pmods/PmodWIFI_v1_0' will take precedence over the same IP in location z:/DAT096/vivado-library-b0946605e3617c901635278b62d0f6a8e3942844/ip/Pmods/PmodWIFI_v1_0
WARNING: [IP_Flow 19-1663] Duplicate IP found for 'digilentinc.com:ip:pmod_bridge:1.0'. The one found in IP location 'z:/DAT096/vivado-library-master/ip/Pmods/Pmod_Bridge_v1_0' will take precedence over the same IP in location z:/DAT096/vivado-library-b0946605e3617c901635278b62d0f6a8e3942844/ip/Pmods/Pmod_Bridge_v1_0
WARNING: [IP_Flow 19-1663] Duplicate IP found for 'digilentinc.com:ip:pmod_bridge:1.1'. The one found in IP location 'z:/DAT096/vivado-library-master/ip/Pmods/Pmod_Bridge_v1_1' will take precedence over the same IP in location z:/DAT096/vivado-library-b0946605e3617c901635278b62d0f6a8e3942844/ip/Pmods/Pmod_Bridge_v1_1
WARNING: [IP_Flow 19-1663] Duplicate IP found for 'digilentinc.com:IP:PWM:1.0'. The one found in IP location 'z:/DAT096/vivado-library-master/ip/PWM_1.0' will take precedence over the same IP in location z:/DAT096/vivado-library-b0946605e3617c901635278b62d0f6a8e3942844/ip/PWM_1.0
WARNING: [IP_Flow 19-1663] Duplicate IP found for 'digilentinc.com:IP:PWM:2.0'. The one found in IP location 'z:/DAT096/vivado-library-master/ip/PWM_2.0' will take precedence over the same IP in location z:/DAT096/vivado-library-b0946605e3617c901635278b62d0f6a8e3942844/ip/PWM_2.0
WARNING: [IP_Flow 19-1663] Duplicate IP found for 'digilentinc.com:IP:PWM_Analyzer:1.0'. The one found in IP location 'z:/DAT096/vivado-library-master/ip/PWM_Analyzer_1.0' will take precedence over the same IP in location z:/DAT096/vivado-library-b0946605e3617c901635278b62d0f6a8e3942844/ip/PWM_Analyzer_1.0
WARNING: [IP_Flow 19-1663] Duplicate IP found for 'digilentinc.com:ip:rgb2dvi:1.4'. The one found in IP location 'z:/DAT096/vivado-library-master/ip/rgb2dvi' will take precedence over the same IP in location z:/DAT096/vivado-library-b0946605e3617c901635278b62d0f6a8e3942844/ip/rgb2dvi
WARNING: [IP_Flow 19-4830] Duplicate Interface found for 'digilentinc.com:interface:pmod:1.0'. The one found in location 'z:/DAT096/vivado-library-b0946605e3617c901635278b62d0f6a8e3942844/if/pmod_v1_0/pmod.xml' will take precedence over the same Interface in location 'z:/DAT096/vivado-library-master/if/pmod_v1_0/pmod.xml'
WARNING: [IP_Flow 19-4830] Duplicate Interface found for 'digilentinc.com:interface:tmds:1.0'. The one found in location 'z:/DAT096/vivado-library-b0946605e3617c901635278b62d0f6a8e3942844/if/tmds_v1_0/tmds.xml' will take precedence over the same Interface in location 'z:/DAT096/vivado-library-master/if/tmds_v1_0/tmds.xml'
INFO: [IP_Flow 19-795] Syncing license key meta-data
ipx::edit_ip_in_project: Time (s): cpu = 00:00:03 ; elapsed = 00:00:17 . Memory (MB): peak = 1591.586 ; gain = 0.000
update_compile_order -fileset sources_1
ipx::merge_project_changes ports [ipx::current_core]
set_property core_revision 5 [ipx::current_core]
ipx::update_source_project_archive -component [ipx::current_core]
ipx::update_checksums [ipx::current_core]
ipx::check_integrity [ipx::current_core]
WARNING: [IP_Flow 19-11888] Component Definition 'chalmers.se:user:top_awgn:1.0 (top_awgn_v1_0)': IP description "top_awgn_v1_0" is not meaningful: same as name or display name
WARNING: [IP_Flow 19-5661] Bus Interface 'clk' does not have any bus interfaces associated with it.
WARNING: [IP_Flow 19-11770] Clock interface 'clk' has no FREQ_HZ parameter.
INFO: [IP_Flow 19-2181] Payment is not required for this core.
WARNING: [IP_Flow 19-2187] The Product Guide file is missing.
INFO: [Ipptcl 7-1486] check_integrity: Integrity check passed.
ipx::save_core [ipx::current_core]
ipx::move_temp_component_back -component [ipx::current_core]
close_project -delete
update_ip_catalog -rebuild -repo_path z:/DAT096/Project_team5/ip_repo_snr
INFO: [IP_Flow 19-725] Reloaded user IP repository 'z:/DAT096/Project_team5/ip_repo_snr'
WARNING: [IP_Flow 19-1663] Duplicate IP found for 'digilentinc.com:user:axi_i2s_adi:1.2'. The one found in IP location 'z:/DAT096/vivado-library-b0946605e3617c901635278b62d0f6a8e3942844/ip/axi_i2s_adi_1.2' will take precedence over the same IP in location z:/DAT096/vivado-library-master/ip/axi_i2s_adi_1.2
WARNING: [IP_Flow 19-1663] Duplicate IP found for 'digilentinc.com:IP:axi_ps2:1.0'. The one found in IP location 'z:/DAT096/vivado-library-b0946605e3617c901635278b62d0f6a8e3942844/ip/axi_ps2_1.0' will take precedence over the same IP in location z:/DAT096/vivado-library-master/ip/axi_ps2_1.0
WARNING: [IP_Flow 19-1663] Duplicate IP found for 'digilentinc.com:ip:clock_forwarder:1.1'. The one found in IP location 'z:/DAT096/vivado-library-b0946605e3617c901635278b62d0f6a8e3942844/ip/clock_forwarder' will take precedence over the same IP in location z:/DAT096/vivado-library-master/ip/clock_forwarder
WARNING: [IP_Flow 19-1663] Duplicate IP found for 'digilentinc.com:IP:hls_contrast_stretch:1.0'. The one found in IP location 'z:/DAT096/vivado-library-b0946605e3617c901635278b62d0f6a8e3942844/ip/hls_contrast_stretch_1_0' will take precedence over the same IP in location z:/DAT096/vivado-library-master/ip/hls_contrast_stretch_1_0
WARNING: [IP_Flow 19-1663] Duplicate IP found for 'digilentinc.com:IP:hls_gamma_correction:1.0'. The one found in IP location 'z:/DAT096/vivado-library-b0946605e3617c901635278b62d0f6a8e3942844/ip/hls_gamma_correction_1_0' will take precedence over the same IP in location z:/DAT096/vivado-library-master/ip/hls_gamma_correction_1_0
WARNING: [IP_Flow 19-1663] Duplicate IP found for 'digilentinc.com:IP:hls_saturation_enhance:1.0'. The one found in IP location 'z:/DAT096/vivado-library-b0946605e3617c901635278b62d0f6a8e3942844/ip/hls_saturation_enhance_1_0' will take precedence over the same IP in location z:/DAT096/vivado-library-master/ip/hls_saturation_enhance_1_0
WARNING: [IP_Flow 19-1663] Duplicate IP found for 'digilentinc.com:ip:rgb2dpvid:1.0'. The one found in IP location 'z:/DAT096/vivado-library-b0946605e3617c901635278b62d0f6a8e3942844/ip/rgb2dpvid_v1_0' will take precedence over the same IP in location z:/DAT096/vivado-library-master/ip/rgb2dpvid_v1_0
WARNING: [IP_Flow 19-1663] Duplicate IP found for 'digilentinc.com:ip:rgb2vga:1.0'. The one found in IP location 'z:/DAT096/vivado-library-b0946605e3617c901635278b62d0f6a8e3942844/ip/rgb2vga_v1_0' will take precedence over the same IP in location z:/DAT096/vivado-library-master/ip/rgb2vga_v1_0
WARNING: [IP_Flow 19-1663] Duplicate IP found for 'digilentinc.com:ip:Sync:1.0'. The one found in IP location 'z:/DAT096/vivado-library-b0946605e3617c901635278b62d0f6a8e3942844/ip/Sync_v1_0' will take precedence over the same IP in location z:/DAT096/vivado-library-master/ip/Sync_v1_0
WARNING: [IP_Flow 19-1663] Duplicate IP found for 'digilentinc.com:ip:usb2device:1.0'. The one found in IP location 'z:/DAT096/vivado-library-b0946605e3617c901635278b62d0f6a8e3942844/ip/usb2device_v1_0' will take precedence over the same IP in location z:/DAT096/vivado-library-master/ip/usb2device_v1_0
WARNING: [IP_Flow 19-1663] Duplicate IP found for 'digilentinc.com:video:video_scaler:1.0'. The one found in IP location 'z:/DAT096/vivado-library-b0946605e3617c901635278b62d0f6a8e3942844/ip/video_scaler' will take precedence over the same IP in location z:/DAT096/vivado-library-master/ip/video_scaler
WARNING: [IP_Flow 19-1663] Duplicate IP found for 'digilentinc.com:ip:dvi2rgb:2.0'. The one found in IP location 'z:/DAT096/vivado-library-master/ip/dvi2rgb' will take precedence over the same IP in location z:/DAT096/vivado-library-b0946605e3617c901635278b62d0f6a8e3942844/ip/dvi2rgb
WARNING: [IP_Flow 19-1663] Duplicate IP found for 'digilentinc.com:IP:MotorFeedback:1.0'. The one found in IP location 'z:/DAT096/vivado-library-master/ip/MotorFeedback_1.0' will take precedence over the same IP in location z:/DAT096/vivado-library-b0946605e3617c901635278b62d0f6a8e3942844/ip/MotorFeedback_1.0
WARNING: [IP_Flow 19-1663] Duplicate IP found for 'digilentinc.com:IP:PmodACL2:1.0'. The one found in IP location 'z:/DAT096/vivado-library-master/ip/Pmods/PmodACL2_v1_0' will take precedence over the same IP in location z:/DAT096/vivado-library-b0946605e3617c901635278b62d0f6a8e3942844/ip/Pmods/PmodACL2_v1_0
WARNING: [IP_Flow 19-1663] Duplicate IP found for 'digilentinc.com:IP:PmodACL:1.0'. The one found in IP location 'z:/DAT096/vivado-library-master/ip/Pmods/PmodACL_v1_0' will take precedence over the same IP in location z:/DAT096/vivado-library-b0946605e3617c901635278b62d0f6a8e3942844/ip/Pmods/PmodACL_v1_0
WARNING: [IP_Flow 19-1663] Duplicate IP found for 'digilentinc.com:IP:PmodAD1:1.0'. The one found in IP location 'z:/DAT096/vivado-library-master/ip/Pmods/PmodAD1_v1_0' will take precedence over the same IP in location z:/DAT096/vivado-library-b0946605e3617c901635278b62d0f6a8e3942844/ip/Pmods/PmodAD1_v1_0
WARNING: [IP_Flow 19-1663] Duplicate IP found for 'digilentinc.com:IP:PmodAD2:1.0'. The one found in IP location 'z:/DAT096/vivado-library-master/ip/Pmods/PmodAD2_v1_0' will take precedence over the same IP in location z:/DAT096/vivado-library-b0946605e3617c901635278b62d0f6a8e3942844/ip/Pmods/PmodAD2_v1_0
WARNING: [IP_Flow 19-1663] Duplicate IP found for 'digilentinc.com:IP:PmodAD5:1.0'. The one found in IP location 'z:/DAT096/vivado-library-master/ip/Pmods/PmodAD5_v1_0' will take precedence over the same IP in location z:/DAT096/vivado-library-b0946605e3617c901635278b62d0f6a8e3942844/ip/Pmods/PmodAD5_v1_0
WARNING: [IP_Flow 19-1663] Duplicate IP found for 'digilentinc.com:IP:PmodALS:1.0'. The one found in IP location 'z:/DAT096/vivado-library-master/ip/Pmods/PmodALS_v1_0' will take precedence over the same IP in location z:/DAT096/vivado-library-b0946605e3617c901635278b62d0f6a8e3942844/ip/Pmods/PmodALS_v1_0
WARNING: [IP_Flow 19-1663] Duplicate IP found for 'digilentinc.com:IP:PmodAMP2:1.0'. The one found in IP location 'z:/DAT096/vivado-library-master/ip/Pmods/PmodAMP2_v1_0' will take precedence over the same IP in location z:/DAT096/vivado-library-b0946605e3617c901635278b62d0f6a8e3942844/ip/Pmods/PmodAMP2_v1_0
WARNING: [IP_Flow 19-1663] Duplicate IP found for 'digilentinc.com:IP:PmodAQS:1.0'. The one found in IP location 'z:/DAT096/vivado-library-master/ip/Pmods/PmodAQS_v1_0' will take precedence over the same IP in location z:/DAT096/vivado-library-b0946605e3617c901635278b62d0f6a8e3942844/ip/Pmods/PmodAQS_v1_0
WARNING: [IP_Flow 19-1663] Duplicate IP found for 'digilentinc.com:IP:PmodBLE:1.0'. The one found in IP location 'z:/DAT096/vivado-library-master/ip/Pmods/PmodBLE_v1_0' will take precedence over the same IP in location z:/DAT096/vivado-library-b0946605e3617c901635278b62d0f6a8e3942844/ip/Pmods/PmodBLE_v1_0
WARNING: [IP_Flow 19-1663] Duplicate IP found for 'digilentinc.com:IP:PmodBT2:1.0'. The one found in IP location 'z:/DAT096/vivado-library-master/ip/Pmods/PmodBT2_v1_0' will take precedence over the same IP in location z:/DAT096/vivado-library-b0946605e3617c901635278b62d0f6a8e3942844/ip/Pmods/PmodBT2_v1_0
WARNING: [IP_Flow 19-1663] Duplicate IP found for 'digilentinc.com:IP:PmodCAN:1.0'. The one found in IP location 'z:/DAT096/vivado-library-master/ip/Pmods/PmodCAN_v1_0' will take precedence over the same IP in location z:/DAT096/vivado-library-b0946605e3617c901635278b62d0f6a8e3942844/ip/Pmods/PmodCAN_v1_0
WARNING: [IP_Flow 19-1663] Duplicate IP found for 'digilentinc.com:IP:PmodCLS:1.0'. The one found in IP location 'z:/DAT096/vivado-library-master/ip/Pmods/PmodCLS_v1_0' will take precedence over the same IP in location z:/DAT096/vivado-library-b0946605e3617c901635278b62d0f6a8e3942844/ip/Pmods/PmodCLS_v1_0
WARNING: [IP_Flow 19-1663] Duplicate IP found for 'digilentinc.com:IP:PmodCMPS2:1.0'. The one found in IP location 'z:/DAT096/vivado-library-master/ip/Pmods/PmodCMPS2_v1_0' will take precedence over the same IP in location z:/DAT096/vivado-library-b0946605e3617c901635278b62d0f6a8e3942844/ip/Pmods/PmodCMPS2_v1_0
WARNING: [IP_Flow 19-1663] Duplicate IP found for 'digilentinc.com:IP:PmodCOLOR:1.0'. The one found in IP location 'z:/DAT096/vivado-library-master/ip/Pmods/PmodCOLOR_v1_0' will take precedence over the same IP in location z:/DAT096/vivado-library-b0946605e3617c901635278b62d0f6a8e3942844/ip/Pmods/PmodCOLOR_v1_0
WARNING: [IP_Flow 19-1663] Duplicate IP found for 'digilentinc.com:IP:PmodDA1:1.0'. The one found in IP location 'z:/DAT096/vivado-library-master/ip/Pmods/PmodDA1_v1_0' will take precedence over the same IP in location z:/DAT096/vivado-library-b0946605e3617c901635278b62d0f6a8e3942844/ip/Pmods/PmodDA1_v1_0
WARNING: [IP_Flow 19-1663] Duplicate IP found for 'digilentinc.com:IP:PmodDHB1:1.0'. The one found in IP location 'z:/DAT096/vivado-library-master/ip/Pmods/PmodDHB1_v1_0' will take precedence over the same IP in location z:/DAT096/vivado-library-b0946605e3617c901635278b62d0f6a8e3942844/ip/Pmods/PmodDHB1_v1_0
WARNING: [IP_Flow 19-1663] Duplicate IP found for 'digilentinc.com:IP:PmodDPG1:1.0'. The one found in IP location 'z:/DAT096/vivado-library-master/ip/Pmods/PmodDPG1_v1_0' will take precedence over the same IP in location z:/DAT096/vivado-library-b0946605e3617c901635278b62d0f6a8e3942844/ip/Pmods/PmodDPG1_v1_0
WARNING: [IP_Flow 19-1663] Duplicate IP found for 'digilentinc.com:IP:PmodENC:1.0'. The one found in IP location 'z:/DAT096/vivado-library-master/ip/Pmods/PmodENC_v1_0' will take precedence over the same IP in location z:/DAT096/vivado-library-b0946605e3617c901635278b62d0f6a8e3942844/ip/Pmods/PmodENC_v1_0
WARNING: [IP_Flow 19-1663] Duplicate IP found for 'digilentinc.com:user:PmodESP32:1.0'. The one found in IP location 'z:/DAT096/vivado-library-master/ip/Pmods/PmodESP32_v1_0' will take precedence over the same IP in location z:/DAT096/vivado-library-b0946605e3617c901635278b62d0f6a8e3942844/ip/Pmods/PmodESP32_v1_0
WARNING: [IP_Flow 19-1663] Duplicate IP found for 'digilentinc.com:IP:PmodGPIO:1.0'. The one found in IP location 'z:/DAT096/vivado-library-master/ip/Pmods/PmodGPIO_v1_0' will take precedence over the same IP in location z:/DAT096/vivado-library-b0946605e3617c901635278b62d0f6a8e3942844/ip/Pmods/PmodGPIO_v1_0
WARNING: [IP_Flow 19-1663] Duplicate IP found for 'digilentinc.com:IP:PmodGPS:1.1'. The one found in IP location 'z:/DAT096/vivado-library-master/ip/Pmods/PmodGPS_v1_1' will take precedence over the same IP in location z:/DAT096/vivado-library-b0946605e3617c901635278b62d0f6a8e3942844/ip/Pmods/PmodGPS_v1_1
WARNING: [IP_Flow 19-1663] Duplicate IP found for 'digilentinc.com:IP:PmodGYRO:1.0'. The one found in IP location 'z:/DAT096/vivado-library-master/ip/Pmods/PmodGYRO_v1_0' will take precedence over the same IP in location z:/DAT096/vivado-library-b0946605e3617c901635278b62d0f6a8e3942844/ip/Pmods/PmodGYRO_v1_0
WARNING: [IP_Flow 19-1663] Duplicate IP found for 'digilentinc.com:IP:PmodHYGRO:1.0'. The one found in IP location 'z:/DAT096/vivado-library-master/ip/Pmods/PmodHYGRO_v1_0' will take precedence over the same IP in location z:/DAT096/vivado-library-b0946605e3617c901635278b62d0f6a8e3942844/ip/Pmods/PmodHYGRO_v1_0
WARNING: [IP_Flow 19-1663] Duplicate IP found for 'digilentinc.com:IP:PmodJSTK2:1.0'. The one found in IP location 'z:/DAT096/vivado-library-master/ip/Pmods/PmodJSTK2_v1_0' will take precedence over the same IP in location z:/DAT096/vivado-library-b0946605e3617c901635278b62d0f6a8e3942844/ip/Pmods/PmodJSTK2_v1_0
WARNING: [IP_Flow 19-1663] Duplicate IP found for 'digilentinc.com:IP:PmodJSTK:1.0'. The one found in IP location 'z:/DAT096/vivado-library-master/ip/Pmods/PmodJSTK_v1_0' will take precedence over the same IP in location z:/DAT096/vivado-library-b0946605e3617c901635278b62d0f6a8e3942844/ip/Pmods/PmodJSTK_v1_0
WARNING: [IP_Flow 19-1663] Duplicate IP found for 'digilentinc.com:IP:PmodKYPD:1.0'. The one found in IP location 'z:/DAT096/vivado-library-master/ip/Pmods/PmodKYPD_v1_0' will take precedence over the same IP in location z:/DAT096/vivado-library-b0946605e3617c901635278b62d0f6a8e3942844/ip/Pmods/PmodKYPD_v1_0
WARNING: [IP_Flow 19-1663] Duplicate IP found for 'digilentinc.com:IP:PmodMAXSONAR:1.0'. The one found in IP location 'z:/DAT096/vivado-library-master/ip/Pmods/PmodMAXSONAR_v1_0' will take precedence over the same IP in location z:/DAT096/vivado-library-b0946605e3617c901635278b62d0f6a8e3942844/ip/Pmods/PmodMAXSONAR_v1_0
WARNING: [IP_Flow 19-1663] Duplicate IP found for 'digilentinc.com:IP:PmodMTDS:1.0'. The one found in IP location 'z:/DAT096/vivado-library-master/ip/Pmods/PmodMTDS_v1_0' will take precedence over the same IP in location z:/DAT096/vivado-library-b0946605e3617c901635278b62d0f6a8e3942844/ip/Pmods/PmodMTDS_v1_0
WARNING: [IP_Flow 19-1663] Duplicate IP found for 'digilentinc.com:IP:PmodNAV:1.0'. The one found in IP location 'z:/DAT096/vivado-library-master/ip/Pmods/PmodNAV_v1_0' will take precedence over the same IP in location z:/DAT096/vivado-library-b0946605e3617c901635278b62d0f6a8e3942844/ip/Pmods/PmodNAV_v1_0
WARNING: [IP_Flow 19-1663] Duplicate IP found for 'digilentinc.com:IP:PmodOLEDrgb:1.0'. The one found in IP location 'z:/DAT096/vivado-library-master/ip/Pmods/pmodOLEDrgb_v1_0' will take precedence over the same IP in location z:/DAT096/vivado-library-b0946605e3617c901635278b62d0f6a8e3942844/ip/Pmods/pmodOLEDrgb_v1_0
WARNING: [IP_Flow 19-1663] Duplicate IP found for 'digilentinc.com:IP:PmodOLED:1.0'. The one found in IP location 'z:/DAT096/vivado-library-master/ip/Pmods/PmodOLED_v1_0' will take precedence over the same IP in location z:/DAT096/vivado-library-b0946605e3617c901635278b62d0f6a8e3942844/ip/Pmods/PmodOLED_v1_0
WARNING: [IP_Flow 19-1663] Duplicate IP found for 'digilentinc.com:IP:PmodPIR:1.0'. The one found in IP location 'z:/DAT096/vivado-library-master/ip/Pmods/PmodPIR_v1_0' will take precedence over the same IP in location z:/DAT096/vivado-library-b0946605e3617c901635278b62d0f6a8e3942844/ip/Pmods/PmodPIR_v1_0
WARNING: [IP_Flow 19-1663] Duplicate IP found for 'digilentinc.com:IP:PmodR2R:1.0'. The one found in IP location 'z:/DAT096/vivado-library-master/ip/Pmods/PmodR2R_v1_0' will take precedence over the same IP in location z:/DAT096/vivado-library-b0946605e3617c901635278b62d0f6a8e3942844/ip/Pmods/PmodR2R_v1_0
WARNING: [IP_Flow 19-1663] Duplicate IP found for 'digilentinc.com:IP:PmodRTCC:1.0'. The one found in IP location 'z:/DAT096/vivado-library-master/ip/Pmods/PmodRTCC_v1_0' will take precedence over the same IP in location z:/DAT096/vivado-library-b0946605e3617c901635278b62d0f6a8e3942844/ip/Pmods/PmodRTCC_v1_0
WARNING: [IP_Flow 19-1663] Duplicate IP found for 'digilentinc.com:IP:PmodSD:1.0'. The one found in IP location 'z:/DAT096/vivado-library-master/ip/Pmods/PmodSD_v1_0' will take precedence over the same IP in location z:/DAT096/vivado-library-b0946605e3617c901635278b62d0f6a8e3942844/ip/Pmods/PmodSD_v1_0
WARNING: [IP_Flow 19-1663] Duplicate IP found for 'digilentinc.com:IP:PmodSF3:1.0'. The one found in IP location 'z:/DAT096/vivado-library-master/ip/Pmods/PmodSF3_v1_0' will take precedence over the same IP in location z:/DAT096/vivado-library-b0946605e3617c901635278b62d0f6a8e3942844/ip/Pmods/PmodSF3_v1_0
WARNING: [IP_Flow 19-1663] Duplicate IP found for 'digilentinc.com:IP:PmodTC1:1.0'. The one found in IP location 'z:/DAT096/vivado-library-master/ip/Pmods/PmodTC1_v1_0' will take precedence over the same IP in location z:/DAT096/vivado-library-b0946605e3617c901635278b62d0f6a8e3942844/ip/Pmods/PmodTC1_v1_0
WARNING: [IP_Flow 19-1663] Duplicate IP found for 'digilentinc.com:IP:PmodTMP3:1.0'. The one found in IP location 'z:/DAT096/vivado-library-master/ip/Pmods/PmodTMP3_v1_0' will take precedence over the same IP in location z:/DAT096/vivado-library-b0946605e3617c901635278b62d0f6a8e3942844/ip/Pmods/PmodTMP3_v1_0
WARNING: [IP_Flow 19-1663] Duplicate IP found for 'digilentinc.com:IP:PmodWIFI:1.0'. The one found in IP location 'z:/DAT096/vivado-library-master/ip/Pmods/PmodWIFI_v1_0' will take precedence over the same IP in location z:/DAT096/vivado-library-b0946605e3617c901635278b62d0f6a8e3942844/ip/Pmods/PmodWIFI_v1_0
WARNING: [IP_Flow 19-1663] Duplicate IP found for 'digilentinc.com:ip:pmod_bridge:1.0'. The one found in IP location 'z:/DAT096/vivado-library-master/ip/Pmods/Pmod_Bridge_v1_0' will take precedence over the same IP in location z:/DAT096/vivado-library-b0946605e3617c901635278b62d0f6a8e3942844/ip/Pmods/Pmod_Bridge_v1_0
WARNING: [IP_Flow 19-1663] Duplicate IP found for 'digilentinc.com:ip:pmod_bridge:1.1'. The one found in IP location 'z:/DAT096/vivado-library-master/ip/Pmods/Pmod_Bridge_v1_1' will take precedence over the same IP in location z:/DAT096/vivado-library-b0946605e3617c901635278b62d0f6a8e3942844/ip/Pmods/Pmod_Bridge_v1_1
WARNING: [IP_Flow 19-1663] Duplicate IP found for 'digilentinc.com:IP:PWM:1.0'. The one found in IP location 'z:/DAT096/vivado-library-master/ip/PWM_1.0' will take precedence over the same IP in location z:/DAT096/vivado-library-b0946605e3617c901635278b62d0f6a8e3942844/ip/PWM_1.0
WARNING: [IP_Flow 19-1663] Duplicate IP found for 'digilentinc.com:IP:PWM:2.0'. The one found in IP location 'z:/DAT096/vivado-library-master/ip/PWM_2.0' will take precedence over the same IP in location z:/DAT096/vivado-library-b0946605e3617c901635278b62d0f6a8e3942844/ip/PWM_2.0
WARNING: [IP_Flow 19-1663] Duplicate IP found for 'digilentinc.com:IP:PWM_Analyzer:1.0'. The one found in IP location 'z:/DAT096/vivado-library-master/ip/PWM_Analyzer_1.0' will take precedence over the same IP in location z:/DAT096/vivado-library-b0946605e3617c901635278b62d0f6a8e3942844/ip/PWM_Analyzer_1.0
WARNING: [IP_Flow 19-1663] Duplicate IP found for 'digilentinc.com:ip:rgb2dvi:1.4'. The one found in IP location 'z:/DAT096/vivado-library-master/ip/rgb2dvi' will take precedence over the same IP in location z:/DAT096/vivado-library-b0946605e3617c901635278b62d0f6a8e3942844/ip/rgb2dvi
WARNING: [IP_Flow 19-4830] Duplicate Interface found for 'digilentinc.com:interface:pmod:1.0'. The one found in location 'z:/DAT096/vivado-library-b0946605e3617c901635278b62d0f6a8e3942844/if/pmod_v1_0/pmod.xml' will take precedence over the same Interface in location 'z:/DAT096/vivado-library-master/if/pmod_v1_0/pmod.xml'
WARNING: [IP_Flow 19-4830] Duplicate Interface found for 'digilentinc.com:interface:tmds:1.0'. The one found in location 'z:/DAT096/vivado-library-b0946605e3617c901635278b62d0f6a8e3942844/if/tmds_v1_0/tmds.xml' will take precedence over the same Interface in location 'z:/DAT096/vivado-library-master/if/tmds_v1_0/tmds.xml'
report_ip_status -name ip_status 
upgrade_ip -vlnv chalmers.se:user:top_awgn:1.0 [get_ips  design_2_top_awgn_0_0] -log ip_upgrade.log
Upgrading 'Z:/DAT096/DAT096-krish/Embedded-System-Project-DAT096-krishna/Board_2/Board_2/Board_2.srcs/sources_1/bd/design_2/design_2.bd'
INFO: [IP_Flow 19-3422] Upgraded design_2_top_awgn_0_0 (top_awgn_v1_0 1.0) from revision 4 to revision 5
WARNING: [IP_Flow 19-4706] Upgraded port 'awgn_im_dbg' width 26 differs from original width 8
WARNING: [IP_Flow 19-4706] Upgraded port 'awgn_re_dbg' width 26 differs from original width 8
WARNING: [IP_Flow 19-3298] Detected external port differences while upgrading 'design_2_top_awgn_0_0'. These changes may impact your design.
CRITICAL WARNING: [Coretcl 2-1279] The upgrade of 'design_2_top_awgn_0_0' has identified issues that may require user intervention. Please review the upgrade log 'z:/DAT096/DAT096-krish/Embedded-System-Project-DAT096-krishna/Board_2/Board_2/ip_upgrade.log', and verify that the upgraded IP is correctly configured.
Wrote  : <Z:\DAT096\DAT096-krish\Embedded-System-Project-DAT096-krishna\Board_2\Board_2\Board_2.srcs\sources_1\bd\design_2\design_2.bd> 
Wrote  : <Z:/DAT096/DAT096-krish/Embedded-System-Project-DAT096-krishna/Board_2/Board_2/Board_2.srcs/sources_1/bd/design_2/ui/bd_1fdbff51.ui> 
INFO: [Coretcl 2-1525] Wrote upgrade log to 'Z:/DAT096/DAT096-krish/Embedded-System-Project-DAT096-krishna/Board_2/Board_2/ip_upgrade.log'.
export_ip_user_files -of_objects [get_ips design_2_top_awgn_0_0] -no_script -sync -force -quiet
create_ip_run [get_files -of_objects [get_fileset sources_1] Z:/DAT096/DAT096-krish/Embedded-System-Project-DAT096-krishna/Board_2/Board_2/Board_2.srcs/sources_1/bd/design_2/design_2.bd]
launch_runs design_2_AWGN_module_wrapper_0_2_synth_1 design_2_top_awgn_0_0_synth_1 -jobs 28
INFO: [IP_Flow 19-6924] IPCACHE: Running cache check for IP inst: design_2_AWGN_module_wrapper_0_2
WARNING: [Vivado 12-4802] The synthesis checkpoint for IP 'Z:/DAT096/DAT096-krish/Embedded-System-Project-DAT096-krishna/Board_2/Board_2/Board_2.srcs/sources_1/bd/design_2/ip/design_2_AWGN_module_wrapper_0_2/design_2_AWGN_module_wrapper_0_2.xci' is not generated and IP is locked. An out-of-context (OOC) run will be created and/or launched, but synthesis may not be able to complete or could result in incorrect behavior.
Please select 'Report IP Status' from the 'Tools/Report' menu or run Tcl command 'report_ip_status' for more information.
INFO: [IP_Flow 19-6924] IPCACHE: Running cache check for IP inst: design_2_top_awgn_0_0
WARNING: [Vivado 12-4802] The synthesis checkpoint for IP 'z:/DAT096/DAT096-krish/Embedded-System-Project-DAT096-krishna/Board_2/Board_2/Board_2.srcs/sources_1/bd/design_2/ip/design_2_top_awgn_0_0/design_2_top_awgn_0_0.xci' is not generated and IP is locked. An out-of-context (OOC) run will be created and/or launched, but synthesis may not be able to complete or could result in incorrect behavior.
Please select 'Report IP Status' from the 'Tools/Report' menu or run Tcl command 'report_ip_status' for more information.
[Wed May 13 15:17:49 2026] Launched design_2_AWGN_module_wrapper_0_2_synth_1, design_2_top_awgn_0_0_synth_1...
Run output will be captured here:
design_2_AWGN_module_wrapper_0_2_synth_1: Z:/DAT096/DAT096-krish/Embedded-System-Project-DAT096-krishna/Board_2/Board_2/Board_2.runs/design_2_AWGN_module_wrapper_0_2_synth_1/runme.log
design_2_top_awgn_0_0_synth_1: Z:/DAT096/DAT096-krish/Embedded-System-Project-DAT096-krishna/Board_2/Board_2/Board_2.runs/design_2_top_awgn_0_0_synth_1/runme.log
report_ip_status -name ip_status 
delete_bd_objs [get_bd_nets xlconstant_2_dout] [get_bd_cells AWGN_module_wrapper_0]
set_property location {3 715 761} [get_bd_cells top_awgn_0]
connect_bd_net [get_bd_pins xlconstant_2/dout] [get_bd_pins top_awgn_0/reset]
connect_bd_net [get_bd_pins top_awgn_0/clk] [get_bd_pins processing_system7_0/FCLK_CLK0]
startgroup
create_bd_cell -type ip -vlnv xilinx.com:ip:vio:3.0 vio_1
endgroup
set_property location {2 335 920} [get_bd_cells vio_1]
set_property location {1 423 1055} [get_bd_cells vio_1]
set_property location {1 459 974} [get_bd_cells vio_1]
set_property CONFIG.C_PROBE_OUT0_WIDTH {2} [get_bd_cells vio_1]
connect_bd_net [get_bd_pins vio_1/probe_out0] [get_bd_pins top_awgn_0/snr_sel]
connect_bd_net [get_bd_pins vio_1/clk] [get_bd_pins processing_system7_0/FCLK_CLK0]
WARNING: [IP_Flow 19-4067] Ignoring invalid widget type specified checkbox.Providing a default widget
startgroup
set_property CONFIG.C_NUM_OF_PROBES {10} [get_bd_cells ila_0]
endgroup
WARNING: [IP_Flow 19-4067] Ignoring invalid widget type specified checkbox.Providing a default widget
startgroup
set_property CONFIG.C_PROBE8_WIDTH {26} [get_bd_cells ila_0]
endgroup
connect_bd_net [get_bd_pins top_awgn_0/awgn_re_dbg] [get_bd_pins ila_0/probe8]
connect_bd_net [get_bd_pins top_awgn_0/valid] [get_bd_pins ila_0/probe9]
delete_bd_objs [get_bd_nets AWGN_module_wrapper_0_awgn_re_dbg_0]
connect_bd_net [get_bd_pins xlconcat_0/In1] [get_bd_pins top_awgn_0/awgn_re_dbg]
WARNING: [IP_Flow 19-4067] Ignoring invalid widget type specified checkbox.Providing a default widget
startgroup
set_property CONFIG.C_NUM_OF_PROBES {9} [get_bd_cells ila_0]
WARNING: [BD 41-1684] Pin /ila_0/probe9 is now disabled. All connections to this pin have been removed. 
delete_bd_objs [get_bd_nets top_awgn_0_valid]
endgroup
disconnect_bd_net /top_awgn_0_awgn_re_dbg [get_bd_pins ila_0/probe8]
connect_bd_net [get_bd_pins ila_0/probe7] [get_bd_pins top_awgn_0/awgn_re_dbg]
WARNING: [IP_Flow 19-4067] Ignoring invalid widget type specified checkbox.Providing a default widget
startgroup
set_property CONFIG.C_PROBE8_WIDTH {1} [get_bd_cells ila_0]
endgroup
connect_bd_net [get_bd_pins top_awgn_0/valid] [get_bd_pins ila_0/probe8]
report_ip_status -name ip_status 
validate_bd_design
WARNING: [BD 41-2670] Found an incomplete address path from address space '/processing_system7_0/Data' to master interface '/processing_system7_0/M_AXI_GP0'. Please either complete or remove this path to resolve.
WARNING: [BD 5-699] No address segments matched 'get_bd_addr_segs -of_objects /processing_system7_0/Data'
WARNING: [IP_Flow 19-4684] Expected long value for param C_ILA_CLK_FREQ but, float/scientific notation value 5e+07 is provided. The value is converted to long type(50000000)
INFO: [xilinx.com:ip:c_addsub:12.0-913] /c_addsub_0 A_Width has been set to manual on the GUI. It will not be updated during validation with a propagated value.
INFO: [xilinx.com:ip:c_addsub:12.0-913] /c_addsub_0 A_Type has been set to manual on the GUI. It will not be updated during validation with a propagated value.
INFO: [xilinx.com:ip:c_addsub:12.0-913] /c_addsub_0 B_Width has been set to manual on the GUI. It will not be updated during validation with a propagated value.
INFO: [xilinx.com:ip:c_addsub:12.0-913] /c_addsub_0 B_Type has been set to manual on the GUI. It will not be updated during validation with a propagated value.
INFO: [xilinx.com:ip:clk_wiz:6.0-1] /clk_wiz_0 clk_wiz propagate
save_bd_design
Wrote  : <Z:\DAT096\DAT096-krish\Embedded-System-Project-DAT096-krishna\Board_2\Board_2\Board_2.srcs\sources_1\bd\design_2\design_2.bd> 
Wrote  : <Z:/DAT096/DAT096-krish/Embedded-System-Project-DAT096-krishna/Board_2/Board_2/Board_2.srcs/sources_1/bd/design_2/ui/bd_1fdbff51.ui> 
reset_run synth_1
INFO: [Project 1-1161] Replacing file Z:/DAT096/DAT096-krish/Embedded-System-Project-DAT096-krishna/Board_2/Board_2/Board_2.srcs/utils_1/imports/synth_1/design_2_wrapper.dcp with file Z:/DAT096/DAT096-krish/Embedded-System-Project-DAT096-krishna/Board_2/Board_2/Board_2.runs/synth_1/design_2_wrapper.dcp
reset_run design_2_ila_0_0_synth_1
launch_runs impl_1 -to_step write_bitstream -jobs 28
INFO: [BD 41-1662] The design 'design_2.bd' is already validated. Therefore parameter propagation will not be re-run.
VHDL Output written to : z:/DAT096/DAT096-krish/Embedded-System-Project-DAT096-krishna/Board_2/Board_2/Board_2.gen/sources_1/bd/design_2/synth/design_2.vhd
VHDL Output written to : z:/DAT096/DAT096-krish/Embedded-System-Project-DAT096-krishna/Board_2/Board_2/Board_2.gen/sources_1/bd/design_2/sim/design_2.vhd
VHDL Output written to : z:/DAT096/DAT096-krish/Embedded-System-Project-DAT096-krishna/Board_2/Board_2/Board_2.gen/sources_1/bd/design_2/hdl/design_2_wrapper.vhd
WARNING: [IP_Flow 19-4994] Overwriting existing constraint file 'z:/DAT096/DAT096-krish/Embedded-System-Project-DAT096-krishna/Board_2/Board_2/Board_2.gen/sources_1/bd/design_2/ip/design_2_ila_0_0/design_2_ila_0_0_ooc.xdc'
INFO: [BD 41-1029] Generation completed for the IP Integrator block ila_0 .
INFO: [BD 41-1029] Generation completed for the IP Integrator block top_awgn_0 .
INFO: [BD 41-1029] Generation completed for the IP Integrator block vio_1 .
Exporting to file z:/DAT096/DAT096-krish/Embedded-System-Project-DAT096-krishna/Board_2/Board_2/Board_2.gen/sources_1/bd/design_2/hw_handoff/design_2.hwh
Generated Hardware Definition File z:/DAT096/DAT096-krish/Embedded-System-Project-DAT096-krishna/Board_2/Board_2/Board_2.gen/sources_1/bd/design_2/synth/design_2.hwdef
INFO: [IP_Flow 19-6930] IPCACHE: runCacheChecks() number of threads = 8
INFO: [IP_Flow 19-6921] IPCACHE: Adding cache check func to thread queue for IP design_2_ila_0_0
INFO: [IP_Flow 19-6921] IPCACHE: Adding cache check func to thread queue for IP design_2_vio_1_0
INFO: [IP_Flow 19-8020] IPCACHE: runCacheChecks() calling threadPool finishWork()
INFO: [IP_Flow 19-6924] IPCACHE: Running cache check for IP inst: design_2_ila_0_0
INFO: [IP_Flow 19-6924] IPCACHE: Running cache check for IP inst: design_2_vio_1_0
[Wed May 13 15:23:55 2026] Launched design_2_ila_0_0_synth_1, design_2_vio_1_0_synth_1, synth_1...
Run output will be captured here:
design_2_ila_0_0_synth_1: Z:/DAT096/DAT096-krish/Embedded-System-Project-DAT096-krishna/Board_2/Board_2/Board_2.runs/design_2_ila_0_0_synth_1/runme.log
design_2_vio_1_0_synth_1: Z:/DAT096/DAT096-krish/Embedded-System-Project-DAT096-krishna/Board_2/Board_2/Board_2.runs/design_2_vio_1_0_synth_1/runme.log
synth_1: Z:/DAT096/DAT096-krish/Embedded-System-Project-DAT096-krishna/Board_2/Board_2/Board_2.runs/synth_1/runme.log
[Wed May 13 15:23:55 2026] Launched impl_1...
Run output will be captured here: Z:/DAT096/DAT096-krish/Embedded-System-Project-DAT096-krishna/Board_2/Board_2/Board_2.runs/impl_1/runme.log
launch_runs: Time (s): cpu = 00:00:03 ; elapsed = 00:00:16 . Memory (MB): peak = 1709.375 ; gain = 0.000
