#
# A fatal error has been detected by the Java Runtime Environment:
#
#  EXCEPTION_ACCESS_VIOLATION (0xc0000005) at pc=0x00007ffe7d61ca00, pid=1624, tid=18832
#
# JRE version: OpenJDK Runtime Environment Temurin-21.0.1+12 (21.0.1+12) (build 21.0.1+12-LTS)
# Java VM: OpenJDK 64-Bit Server VM Temurin-21.0.1+12 (21.0.1+12-LTS, mixed mode, sharing, tiered, compressed oops, compressed class ptrs, g1 gc, windows-amd64)
# Problematic frame:
# C  0x00007ffe7d61ca00
#
# No core dump will be written. Minidumps are not enabled by default on client versions of Windows
#
# If you would like to submit a bug report, please visit:
#   https://github.com/adoptium/adoptium-support/issues
# The crash happened outside the Java Virtual Machine in native code.
# See problematic frame for where to report the bug.
#

---------------  S U M M A R Y ------------

Command Line: -Dsun.java2d.pmoffscreen=false -Dhttps.protocols=TLSv1,TLSv1.1,TLSv1.2 -Dsun.java2d.xrender=false -Dsun.java2d.d3d=false -Dsun.awt.nopixfmt=true -Dsun.java2d.dpiaware=true -Dsun.java2d.uiScale.enabled=false -Dswing.aatext=true -XX:-UsePerfData -Djdk.map.althashing.threshold=512 -XX:StringTableSize=4072 -XX:+UseStringDeduplication -XX:MaxGCPauseMillis=200 -XX:ParallelGCThreads=4 -XX:+ParallelRefProcEnabled --add-opens=java.desktop/javax.swing.plaf.synth=ALL-UNNAMED --add-opens=java.base/java.nio=ALL-UNNAMED --add-opens=java.desktop/sun.swing=ALL-UNNAMED --add-opens=java.desktop/javax.swing=ALL-UNNAMED --add-opens=java.desktop/javax.swing.tree=ALL-UNNAMED --add-opens=java.desktop/javax.swing.plaf.basic=ALL-UNNAMED --add-opens=java.desktop/javax.swing.plaf.synth=ALL-UNNAMED --add-opens=java.desktop/javax.swing.plaf.basic=ALL-UNNAMED --add-opens=java.desktop/javax.swing=ALL-UNNAMED --add-opens=java.desktop/javax.swing.tree=ALL-UNNAMED --add-opens=java.desktop/java.awt.event=ALL-UNNAMED --add-exports=java.desktop/javax.swing.plaf.synth=ALL-UNNAMED --add-exports=java.base/java.nio=ALL-UNNAMED --add-exports=java.desktop/sun.swing=ALL-UNNAMED --add-exports=java.desktop/javax.swing=ALL-UNNAMED --add-exports=java.desktop/javax.swing.tree=ALL-UNNAMED --add-exports=java.desktop/javax.swing.plaf.basic=ALL-UNNAMED --add-exports=java.desktop/sun.swing=ALL-UNNAMED --add-exports=java.desktop/sun.swing.table=ALL-UNNAMED --add-exports=java.desktop/sun.swing.plaf.synth=ALL-UNNAMED --add-exports=java.desktop/sun.awt.shell=ALL-UNNAMED --add-exports=java.base/sun.security.action=ALL-UNNAMED --add-exports=java.desktop/sun.font=ALL-UNNAMED -XX:NewSize=80m -XX:MaxNewSize=80m -Xms512m -Xmx4072m -Xss10m 

Host: Intel(R) Core(TM) i7-14700, 28 cores, 31G,  Windows 11 , 64 bit Build 26100 (10.0.26100.7920)
Time: Thu Apr  9 16:59:28 2026 W. Europe Daylight Time elapsed time: 1165.232002 seconds (0d 0h 19m 25s)

---------------  T H R E A D  ---------------

Current thread (0x000001c8766248f0):  JavaThread "AWT-EventQueue-0"        [_thread_in_native, id=18832, stack(0x00000090a2100000,0x00000090a2b00000) (10240K)]

Stack: [0x00000090a2100000,0x00000090a2b00000],  sp=0x00000090a2afcf50,  free space=10227k
Native frames: (J=compiled Java code, j=interpreted, Vv=VM code, C=native code)
C  0x00007ffe7d61ca00
C  0x00007ffe7d89bf94
C  0x00007ffe8634d11c
C  0x00007ffe85e903b6
C  0x000001c820cde9b0

The last pc belongs to native nmethod (printed below).
Java frames: (J=compiled Java code, j=interpreted, Vv=VM code)
J 21007  ui.data.labtools.lthwdatai.HWDevice_isXicomCfgMemSupported(J)Z (0 bytes) @ 0x000001c820cde919 [0x000001c820cde8c0+0x0000000000000059]
J 22497 c1 ui.views.c.q.h.a.htn()Z (48 bytes) @ 0x000001c819715b0c [0x000001c819715900+0x000000000000020c]
J 22496 c1 ui.views.c.q.h.a.gsh()Z (112 bytes) @ 0x000001c81902be8c [0x000001c81902bd80+0x000000000000010c]
J 22495 c1 ui.views.c.q.h.c.i(Lui/views/S/k;)Z (5 bytes) @ 0x000001c81999493c [0x000001c819994840+0x00000000000000fc]
J 22475 c2 ui.views.S.b.e$a.H(Lui/views/S/w;)Z (51 bytes) @ 0x000001c820d5cd6c [0x000001c820d5c900+0x000000000000046c]
J 21130 c2 ui.views.S.b.a.a.getTreeCellRendererComponent(Ljavax/swing/JTree;Ljava/lang/Object;ZZZIZ)Ljava/awt/Component; (398 bytes) @ 0x000001c821416970 [0x000001c8214153a0+0x00000000000015d0]
J 20996 c2 org.jdesktop.swingx.JXTree$DelegatingRenderer.getTreeCellRendererComponent(Ljavax/swing/JTree;Ljava/lang/Object;ZZZIZ)Ljava/awt/Component; (75 bytes) @ 0x000001c821325b00 [0x000001c821325a60+0x00000000000000a0]
J 26527 c2 javax.swing.tree.VariableHeightLayoutCache$TreeStateNode.expand(Z)V java.desktop@21.0.1 (477 bytes) @ 0x000001c820e8ebec [0x000001c820e8de40+0x0000000000000dac]
J 19039 c1 javax.swing.tree.VariableHeightLayoutCache.ensurePathIsExpanded(Ljavax/swing/tree/TreePath;Z)V java.desktop@21.0.1 (56 bytes) @ 0x000001c81b21ea54 [0x000001c81b21df80+0x0000000000000ad4]
J 16902 c1 javax.swing.tree.VariableHeightLayoutCache.setExpandedState(Ljavax/swing/tree/TreePath;Z)V java.desktop@21.0.1 (38 bytes) @ 0x000001c818b05aec [0x000001c818b05180+0x000000000000096c]
J 17143 c1 javax.swing.plaf.basic.BasicTreeUI.updateExpandedDescendants(Ljavax/swing/tree/TreePath;)V java.desktop@21.0.1 (73 bytes) @ 0x000001c818dfc13c [0x000001c818dfbf20+0x000000000000021c]
J 17811 c1 javax.swing.plaf.basic.BasicTreeUI$Handler.treeExpanded(Ljavax/swing/event/TreeExpansionEvent;)V java.desktop@21.0.1 (28 bytes) @ 0x000001c8194500f4 [0x000001c81944ff40+0x00000000000001b4]
J 17810 c1 javax.swing.JTree.fireTreeExpanded(Ljavax/swing/tree/TreePath;)V java.desktop@21.0.1 (107 bytes) @ 0x000001c819450d14 [0x000001c819450540+0x00000000000007d4]
J 16600 c1 javax.swing.JTree.setExpandedState(Ljavax/swing/tree/TreePath;Z)V java.desktop@21.0.1 (422 bytes) @ 0x000001c818b63dd4 [0x000001c818b60fa0+0x0000000000002e34]
J 25085 c1 javax.swing.JTree.expandPath(Ljavax/swing/tree/TreePath;)V java.desktop@21.0.1 (33 bytes) @ 0x000001c81b1d7a24 [0x000001c81b1d76e0+0x0000000000000344]
j  ui.utils.swing.y.s.ea(Ljava/util/List;)V+65
j  ui.utils.swing.y.s.gtt()V+17
j  ui.views.S.b.f.update()V+18
j  ui.views.S.b.m.update()V+4
j  ui.views.S.w.mlO()V+11
j  ui.views.S.w.handleTclEvent(Lui/frmwork/a/v;)V+360
J 30791 c2 ui.frmwork.a.x.d(Lui/frmwork/a/v;)V (61 bytes) @ 0x000001c820be112c [0x000001c820be0e00+0x000000000000032c]
J 25415 c2 ui.frmwork.J.i(JZ)V (474 bytes) @ 0x000001c8216712f8 [0x000001c8216703a0+0x0000000000000f58]
J 23392 c1 ui.frmwork.J.dP(J)V (15 bytes) @ 0x000001c8189d647c [0x000001c8189d63e0+0x000000000000009c]
J 23391 c1 ui.frmwork.J$$Lambda+0x000001c82f749f60.run()V (12 bytes) @ 0x000001c8189b15d4 [0x000001c8189b1540+0x0000000000000094]
J 15921 c2 java.awt.EventQueue.dispatchEvent(Ljava/awt/AWTEvent;)V java.desktop@21.0.1 (80 bytes) @ 0x000001c821296b50 [0x000001c821296040+0x0000000000000b10]
J 23324 c2 ui.frmwork.a.d.dispatchEvent(Ljava/awt/AWTEvent;)V (41 bytes) @ 0x000001c821600bc4 [0x000001c8215ffe20+0x0000000000000da4]
J 17934 c2 java.awt.EventDispatchThread.pumpOneEventForFilters(I)V java.desktop@21.0.1 (106 bytes) @ 0x000001c82146c598 [0x000001c82146c0a0+0x00000000000004f8]
J 28698 c2 java.awt.EventDispatchThread.pumpEventsForFilter(ILjava/awt/Conditional;Ljava/awt/EventFilter;)V java.desktop@21.0.1 (47 bytes) @ 0x000001c820c2078c [0x000001c820c204a0+0x00000000000002ec]
j  java.awt.EventDispatchThread.pumpEventsForFilter(Ljava/awt/Conditional;Ljava/awt/EventFilter;)V+4 java.desktop@21.0.1
j  java.awt.WaitDispatchSupport$2.run()V+59 java.desktop@21.0.1
j  java.awt.WaitDispatchSupport$4.run()Ljava/lang/Void;+4 java.desktop@21.0.1
j  java.awt.WaitDispatchSupport$4.run()Ljava/lang/Object;+1 java.desktop@21.0.1
J 22520 c2 java.security.AccessController.doPrivileged(Ljava/security/PrivilegedAction;)Ljava/lang/Object; java.base@21.0.1 (9 bytes) @ 0x000001c8211e3064 [0x000001c8211e3020+0x0000000000000044]
j  java.awt.WaitDispatchSupport.enter()Z+266 java.desktop@21.0.1
j  java.awt.Dialog.show()V+225 java.desktop@21.0.1
J 7796 c1 java.awt.Component.setVisible(Z)V java.desktop@21.0.1 (6 bytes) @ 0x000001c819a758dc [0x000001c819a756e0+0x00000000000001fc]
j  java.awt.Window.setVisible(Z)V+2 java.desktop@21.0.1
j  java.awt.Dialog.setVisible(Z)V+2 java.desktop@21.0.1
j  ui.dlg.c.e.setVisible(Z)V+2
j  ui.dlg.c.bh.cgX()V+65
j  ui.dlg.c.bh$c.actionPerformed(Ljava/awt/event/ActionEvent;)V+8
j  ui.dlg.c.bh.gpk()V+422
j  ui.views.S.b.run()V+291
j  ui.views.S.ac.a(Lui/views/bt;Ljava/lang/Runnable;)V+27
j  ui.views.S.a.m(Lui/views/S/k;)V+323
j  ui.views.S.aD.actionPerformed(Ljava/awt/event/ActionEvent;)V+143
j  javax.swing.AbstractButton.fireActionPerformed(Ljava/awt/event/ActionEvent;)V+84 java.desktop@21.0.1
j  ui.utils.swing.b.k.fireActionPerformed(Ljava/awt/event/ActionEvent;)V+7
j  javax.swing.AbstractButton$Handler.actionPerformed(Ljava/awt/event/ActionEvent;)V+5 java.desktop@21.0.1
j  javax.swing.DefaultButtonModel.fireActionPerformed(Ljava/awt/event/ActionEvent;)V+34 java.desktop@21.0.1
j  javax.swing.DefaultButtonModel.setPressed(Z)V+117 java.desktop@21.0.1
j  javax.swing.plaf.basic.BasicButtonListener.mouseReleased(Ljava/awt/event/MouseEvent;)V+35 java.desktop@21.0.1
j  com.jidesoft.plaf.basic.BasicJideButtonListener.mouseReleased(Ljava/awt/event/MouseEvent;)V+61
j  java.awt.AWTEventMulticaster.mouseReleased(Ljava/awt/event/MouseEvent;)V+8 java.desktop@21.0.1
j  java.awt.AWTEventMulticaster.mouseReleased(Ljava/awt/event/MouseEvent;)V+8 java.desktop@21.0.1
J 17992 c1 java.awt.Component.processMouseEvent(Ljava/awt/event/MouseEvent;)V java.desktop@21.0.1 (100 bytes) @ 0x000001c81af3e93c [0x000001c81af3e4c0+0x000000000000047c]
J 17996 c1 javax.swing.JComponent.processMouseEvent(Ljava/awt/event/MouseEvent;)V java.desktop@21.0.1 (27 bytes) @ 0x000001c81af3fa84 [0x000001c81af3f860+0x0000000000000224]
J 30353 c2 java.awt.Component.processEvent(Ljava/awt/AWTEvent;)V java.desktop@21.0.1 (220 bytes) @ 0x000001c820ba5a14 [0x000001c820ba58a0+0x0000000000000174]
J 16652 c2 java.awt.Container.processEvent(Ljava/awt/AWTEvent;)V java.desktop@21.0.1 (22 bytes) @ 0x000001c820903978 [0x000001c8209038c0+0x00000000000000b8]
J 21308 c2 java.awt.Component.dispatchEventImpl(Ljava/awt/AWTEvent;)V java.desktop@21.0.1 (785 bytes) @ 0x000001c8213dd684 [0x000001c8213dc6e0+0x0000000000000fa4]
J 20636 c2 java.awt.Container.dispatchEventImpl(Ljava/awt/AWTEvent;)V java.desktop@21.0.1 (129 bytes) @ 0x000001c821274d0c [0x000001c821274c20+0x00000000000000ec]
J 17617 c2 java.awt.LightweightDispatcher.retargetMouseEvent(Ljava/awt/Component;ILjava/awt/event/MouseEvent;)V java.desktop@21.0.1 (372 bytes) @ 0x000001c82139f5a8 [0x000001c82139f140+0x0000000000000468]
J 22412 c2 java.awt.LightweightDispatcher.dispatchEvent(Ljava/awt/AWTEvent;)Z java.desktop@21.0.1 (73 bytes) @ 0x000001c8210b8114 [0x000001c8210b7b80+0x0000000000000594]
J 22444 c2 java.awt.Window.dispatchEventImpl(Ljava/awt/AWTEvent;)V java.desktop@21.0.1 (23 bytes) @ 0x000001c821153434 [0x000001c8211533c0+0x0000000000000074]
J 15922 c2 java.awt.EventQueue$4.run()Ljava/lang/Void; java.desktop@21.0.1 (60 bytes) @ 0x000001c821290f50 [0x000001c821290ae0+0x0000000000000470]
J 16392 c2 java.awt.EventQueue$4.run()Ljava/lang/Object; java.desktop@21.0.1 (5 bytes) @ 0x000001c82131f8e0 [0x000001c82131f8a0+0x0000000000000040]
J 21276 c2 java.awt.EventQueue$5.run()Ljava/lang/Void; java.desktop@21.0.1 (19 bytes) @ 0x000001c8213ba574 [0x000001c8213ba380+0x00000000000001f4]
J 15921 c2 java.awt.EventQueue.dispatchEvent(Ljava/awt/AWTEvent;)V java.desktop@21.0.1 (80 bytes) @ 0x000001c821296894 [0x000001c821296040+0x0000000000000854]
J 23324 c2 ui.frmwork.a.d.dispatchEvent(Ljava/awt/AWTEvent;)V (41 bytes) @ 0x000001c821600bc4 [0x000001c8215ffe20+0x0000000000000da4]
J 17934 c2 java.awt.EventDispatchThread.pumpOneEventForFilters(I)V java.desktop@21.0.1 (106 bytes) @ 0x000001c82146c598 [0x000001c82146c0a0+0x00000000000004f8]
J 28602% c2 java.awt.EventDispatchThread.pumpEventsForFilter(ILjava/awt/Conditional;Ljava/awt/EventFilter;)V java.desktop@21.0.1 (47 bytes) @ 0x000001c820a5ab4c [0x000001c820a5a700+0x000000000000044c]
j  java.awt.EventDispatchThread.pumpEventsForHierarchy(ILjava/awt/Conditional;Ljava/awt/Component;)V+11 java.desktop@21.0.1
j  java.awt.EventDispatchThread.pumpEvents(ILjava/awt/Conditional;)V+4 java.desktop@21.0.1
j  java.awt.EventDispatchThread.pumpEvents(Ljava/awt/Conditional;)V+3 java.desktop@21.0.1
j  java.awt.EventDispatchThread.run()V+9 java.desktop@21.0.1
v  ~StubRoutines::call_stub 0x000001c81fe0100d

siginfo: EXCEPTION_ACCESS_VIOLATION (0xc0000005), reading address 0x0000008000000a44


Registers:
RAX=0x00000090a2afcfc0, RBX=0x000001c810077420, RCX=0x0000008000000a3c, RDX=0x0000000000000033
RSP=0x00000090a2afcf50, RBP=0x0000000000000000, RSI=0x0000008000000a3c, RDI=0x0000000000000c28
R8 =0x0000000000000000, R9 =0x0000000000000000, R10=0x000001c804cc0000, R11=0x00000090a2afcf30
R12=0x0000000000000000, R13=0x0000000000000000, R14=0x0000000000000000, R15=0x000001c8766248f0
RIP=0x00007ffe7d61ca00, EFLAGS=0x0000000000010206


Register to memory mapping:

RAX=0x00000090a2afcfc0 is pointing into the stack for thread: 0x000001c8766248f0
RBX=0x000001c810077420 points into unknown readable memory: 0x00000b58000000a7 | a7 00 00 00 58 0b 00 00
RCX=0x0000008000000a3c is an unknown value
RDX=0x0000000000000033 is an unknown value
RSP=0x00000090a2afcf50 is pointing into the stack for thread: 0x000001c8766248f0
RBP=0x0 is null
RSI=0x0000008000000a3c is an unknown value
RDI=0x0000000000000c28 is an unknown value
R8 =0x0 is null
R9 =0x0 is null
R10=0x000001c804cc0000 points into unknown readable memory: 0x0000000000000000 | 00 00 00 00 00 00 00 00
R11=0x00000090a2afcf30 is pointing into the stack for thread: 0x000001c8766248f0
R12=0x0 is null
R13=0x0 is null
R14=0x0 is null
R15=0x000001c8766248f0 is a thread

Top of Stack: (sp=0x00000090a2afcf50)
0x00000090a2afcf50:   000001c810077420 0000000000000000
0x00000090a2afcf60:   000001c8b0207700 00000007262a1da0
0x00000090a2afcf70:   00000090a2afd100 0000000000000c28
0x00000090a2afcf80:   000001c810077420 00007ffe7d89bf94
0x00000090a2afcf90:   000001c810077420 0000000000000033
0x00000090a2afcfa0:   00000090a2afd110 000001c82092d858
0x00000090a2afcfb0:   000000000000022a 00007ffe8634d11c
0x00000090a2afcfc0:   0000000700000033 0000000700000033
0x00000090a2afcfd0:   0000000000000000 000001c8212b2508
0x00000090a2afcfe0:   000000000000022a 00007ffe85e903b6
0x00000090a2afcff0:   000000070a9e00c8 000001c819ff61b4
0x00000090a2afd000:   0000000703432f08 000000072627e438
0x00000090a2afd010:   000001c876624ca8 000000000000000f
0x00000090a2afd020:   000000000000000e 0000000000000000
0x00000090a2afd030:   0000000707c1a5f0 000000070564a240
0x00000090a2afd040:   00000007262a1de0 0000000100000000
0x00000090a2afd050:   000000070a5539a0 00000007262a1de0
0x00000090a2afd060:   000000070a9e00c8 000001c81a3c1984
0x00000090a2afd070:   00000007262a1de0 000001c820664020
0x00000090a2afd080:   00000007029421f8 00000007021603e8
0x00000090a2afd090:   0000b8c6e5984016 00000007021603e8
0x00000090a2afd0a0:   00000007e042c073 000001c820cde9b0
0x00000090a2afd0b0:   0000000702160360 00000007262a1bf0
0x00000090a2afd0c0:   0000000000000003 0000000000000000
0x00000090a2afd0d0:   00000000e042c06c 000001c820c7f928
0x00000090a2afd0e0:   0000000704e16658 000000072627e470
0x00000090a2afd0f0:   000000070a66bf90 000000070a9e00c8
0x00000090a2afd100:   0000000705f7eaf8 000000070a5539a0
0x00000090a2afd110:   000000070a9e00c8 000001c819715b0c
0x00000090a2afd120:   000000070a9e00c8 000001c820664020
0x00000090a2afd130:   00000007e042c073 0000000702160398
0x00000090a2afd140:   0000000702160360 000001c82e000000 

Instructions: (pc=0x00007ffe7d61ca00)
0x00007ffe7d61c900:   8b c7 48 8b 5c 24 40 48 8b 6c 24 48 48 83 c4 20
0x00007ffe7d61c910:   41 5e 5f 5e c3 cc cc cc cc cc cc cc cc cc cc cc
0x00007ffe7d61c920:   48 89 5c 24 18 89 54 24 10 55 56 57 48 83 ec 20
0x00007ffe7d61c930:   41 8b e8 48 8b 71 38 48 85 f6 0f 84 80 00 00 00
0x00007ffe7d61c940:   89 54 24 40 48 8b 7e 08 48 8b 5f 08 80 7b 19 00
0x00007ffe7d61c950:   75 24 48 8d 4b 20 48 8d 54 24 40 e8 d0 d1 23 00
0x00007ffe7d61c960:   84 c0 74 06 48 8b 5b 10 eb 06 48 8b fb 48 8b 1b
0x00007ffe7d61c970:   80 7b 19 00 74 dc 80 7f 19 00 75 12 48 8d 57 20
0x00007ffe7d61c980:   48 8d 4c 24 40 e8 a6 d1 23 00 84 c0 74 04 48 8b
0x00007ffe7d61c990:   7e 08 48 3b 7e 08 74 1a 48 8d 4f 28 8b d5 e8 fd
0x00007ffe7d61c9a0:   a7 fb ff 0f b6 d8 48 8d 4c 24 40 e8 20 d1 23 00
0x00007ffe7d61c9b0:   eb 10 32 db 48 8d 4c 24 40 e8 12 d1 23 00 eb 02
0x00007ffe7d61c9c0:   32 db 48 8d 4c 24 48 e8 04 d1 23 00 0f b6 c3 48
0x00007ffe7d61c9d0:   8b 5c 24 50 48 83 c4 20 5f 5e 5d c3 cc cc cc cc
0x00007ffe7d61c9e0:   48 89 5c 24 08 48 89 6c 24 18 89 54 24 10 56 57
0x00007ffe7d61c9f0:   41 56 48 83 ec 20 41 0f b6 e9 45 8b f0 48 8b f1
0x00007ffe7d61ca00:   48 8b 79 08 48 8b 5f 08 80 7b 19 00 75 26 66 90
0x00007ffe7d61ca10:   48 8d 4b 20 48 8d 54 24 48 e8 12 d1 23 00 84 c0
0x00007ffe7d61ca20:   74 06 48 8b 5b 10 eb 06 48 8b fb 48 8b 1b 80 7b
0x00007ffe7d61ca30:   19 00 74 dc 80 7f 19 00 75 12 48 8d 57 20 48 8d
0x00007ffe7d61ca40:   4c 24 48 e8 e8 d0 23 00 84 c0 74 04 48 8b 7e 08
0x00007ffe7d61ca50:   48 3b 7e 08 74 0f 48 8d 4f 28 41 8b d6 e8 3e a7
0x00007ffe7d61ca60:   fb ff 0f b6 e8 48 8d 4c 24 48 e8 61 d0 23 00 40
0x00007ffe7d61ca70:   0f b6 c5 48 8b 5c 24 40 48 8b 6c 24 50 48 83 c4
0x00007ffe7d61ca80:   20 41 5e 5f 5e c3 cc cc cc cc cc cc cc cc cc cc
0x00007ffe7d61ca90:   33 c0 c3 cc cc cc cc cc cc cc cc cc cc cc cc cc
0x00007ffe7d61caa0:   48 8b 02 48 89 01 48 8b 42 08 48 89 41 08 48 8b
0x00007ffe7d61cab0:   c1 c3 cc cc cc cc cc cc cc cc cc cc cc cc cc cc
0x00007ffe7d61cac0:   48 8b 02 48 89 01 48 8b 42 08 48 89 41 08 48 8b
0x00007ffe7d61cad0:   c1 c3 cc cc cc cc cc cc cc cc cc cc cc cc cc cc
0x00007ffe7d61cae0:   8b 01 39 02 48 0f 4c ca 48 8b c1 c3 cc cc cc cc
0x00007ffe7d61caf0:   48 8b c1 c3 cc cc cc cc cc cc cc cc cc cc cc cc 


Stack slot to memory mapping:

stack at sp + 0 slots: 0x000001c810077420 points into unknown readable memory: 0x00000b58000000a7 | a7 00 00 00 58 0b 00 00
stack at sp + 1 slots: 0x0 is null
stack at sp + 2 slots: 0x000001c8b0207700 points into unknown readable memory: 0xdcd62d7e39255cb9 | b9 5c 25 39 7e 2d d6 dc
stack at sp + 3 slots: 0x00000007262a1da0 is an oop: java.beans.PropertyChangeEvent 
{0x00000007262a1da0} - klass: 'java/beans/PropertyChangeEvent'
 - ---- fields (total size 4 words):
 - protected transient 'source' 'Ljava/lang/Object;' @12  a 'ui/views/S/b/a/b'{0x0000000704e162f8} (0xe09c2c5f)
 - private 'propertyName' 'Ljava/lang/String;' @16  "AccessibleName"{0x0000000703432f08} (0xe06865e1)
 - private 'newValue' 'Ljava/lang/Object;' @20  null (0x00000000)
 - private 'oldValue' 'Ljava/lang/Object;' @24  "Program Device"{0x000000072627e438} (0xe4c4fc87)
 - private 'propagationId' 'Ljava/lang/Object;' @28  null (0x00000000)
stack at sp + 4 slots: 0x00000090a2afd100 is pointing into the stack for thread: 0x000001c8766248f0
stack at sp + 5 slots: 0x0000000000000c28 is an unknown value
stack at sp + 6 slots: 0x000001c810077420 points into unknown readable memory: 0x00000b58000000a7 | a7 00 00 00 58 0b 00 00
stack at sp + 7 slots: 0x00007ffe7d89bf94 points into unknown readable memory: 0f b6 d8 48


Compiled method (n/a) 1165300 21007     n 0       ui.data.labtools.lthwdatai::HWDevice_isXicomCfgMemSupported (native)
 total in heap  [0x000001c820cde710,0x000001c820cdeb00] = 1008
 relocation     [0x000001c820cde870,0x000001c820cde8a8] = 56
 main code      [0x000001c820cde8c0,0x000001c820cdeaf4] = 564
 stub code      [0x000001c820cdeaf4,0x000001c820cdeaf8] = 4
 oops           [0x000001c820cdeaf8,0x000001c820cdeb00] = 8

[Constant Pool (empty)]

[MachCode]
[Entry Point]
  # {method} {0x000001c886c6cc80} 'HWDevice_isXicomCfgMemSupported' '(J)Z' in 'ui/data/labtools/lthwdatai'
  # parm0:    rdx:rdx   = long
  #           [sp+0x70]  (sp of caller)
  0x000001c820cde8c0: 448b 5208 | 49bb 0000 | 002e c801 | 0000 4d03 | d349 3bc2 | 0f84 0600 

  0x000001c820cde8d8: ;   {runtime_call ic_miss_stub}
  0x000001c820cde8d8: 0000 e9a1 | fe16 ff90 
[Verified Entry Point]
  0x000001c820cde8e0: 8984 2400 | 80ff ff55 | 488b ec48 | 83ec 6090 | 4181 7f20 | 1800 0000 

  0x000001c820cde8f8: ;   {runtime_call StubRoutines (final stubs)}
  0x000001c820cde8f8: 7405 e861 | 6415 ff4c 

  0x000001c820cde900: ;   {oop(a 'java/lang/Class'{0x0000000705f7eaf8} = 'ui/data/labtools/lthwdatai')}
  0x000001c820cde900: 8bc2 49be | f8ea f705 | 0700 0000 | 4c89 7424 | 504c 8d74 | 2450 498b | d6c5 f877 

  0x000001c820cde91c: ;   {internal_word}
  0x000001c820cde91c: 49ba 19e9 | cd20 c801 | 0000 4d89 | 97a0 0300 | 0049 89a7 | 9803 0000 

  0x000001c820cde934: ;   {external_word}
  0x000001c820cde934: 49ba ae9a | a1b9 fe7f | 0000 4180 | 3a00 0f84 | 4a00 0000 

  0x000001c820cde948: ;   {metadata({method} {0x000001c886c6cc80} 'HWDevice_isXicomCfgMemSupported' '(J)Z' in 'ui/data/labtools/lthwdatai')}
  0x000001c820cde948: 5241 5048 | ba78 ccc6 | 86c8 0100 | 0049 8bcf | 4883 ec20 | 40f6 c40f | 0f84 1900 | 0000 4883 
  0x000001c820cde968: ;   {runtime_call}
  0x000001c820cde968: ec08 48b8 | a0d6 4bb9 | fe7f 0000 | ffd0 4883 | c408 e90c 

  0x000001c820cde97c: ;   {runtime_call}
  0x000001c820cde97c: 0000 0048 | b8a0 d64b | b9fe 7f00 | 00ff d048 | 83c4 2041 | 585a 498d | 8fb8 0300 | 0041 c787 
  0x000001c820cde99c: 4c04 0000 | 0400 0000 

  0x000001c820cde9a4: ;   {runtime_call}
  0x000001c820cde9a4: 48b8 9003 | e985 fe7f | 0000 ffd0 | c5f8 7725 | ff00 0000 | 0f95 c041 | c787 4c04 | 0000 0500 
  0x000001c820cde9c4: 0000 f083 | 4424 c000 | 493b af50 | 0400 000f | 870e 0000 | 0041 83bf | 4804 0000 | 000f 842b 
  0x000001c820cde9e4: 0000 00c5 | f877 4889 | 45f8 498b | cf4c 8be4 | 4883 ec20 | 4883 e4f0 

  0x000001c820cde9fc: ;   {runtime_call}
  0x000001c820cde9fc: 48b8 2099 | 17b9 fe7f | 0000 ffd0 | 498b e44d | 33e4 488b | 45f8 41c7 | 874c 0400 | 0008 0000 
  0x000001c820cdea1c: 0041 83bf | c804 0000 | 020f 849c 

  0x000001c820cdea28: ;   {external_word}
  0x000001c820cdea28: 0000 0049 | baae 9aa1 | b9fe 7f00 | 0041 803a | 000f 844c | 0000 0048 

  0x000001c820cdea40: ;   {metadata({method} {0x000001c886c6cc80} 'HWDevice_isXicomCfgMemSupported' '(J)Z' in 'ui/data/labtools/lthwdatai')}
  0x000001c820cdea40: 8945 f848 | ba78 ccc6 | 86c8 0100 | 0049 8bcf | 4883 ec20 | 40f6 c40f | 0f84 1900 | 0000 4883 
  0x000001c820cdea60: ;   {runtime_call}
  0x000001c820cdea60: ec08 48b8 | a0d6 4bb9 | fe7f 0000 | ffd0 4883 | c408 e90c 

  0x000001c820cdea74: ;   {runtime_call}
  0x000001c820cdea74: 0000 0048 | b8a0 d64b | b9fe 7f00 | 00ff d048 | 83c4 2048 | 8b45 f849 | c787 9803 | 0000 0000 
  0x000001c820cdea94: 0000 49c7 | 87a0 0300 | 0000 0000 | 00c5 f877 | 498b 8f28 | 0400 00c7 | 8100 0100 | 0000 0000 
  0x000001c820cdeab4: 00c9 4983 | 7f08 000f | 8501 0000 

  0x000001c820cdeac0: ;   {runtime_call StubRoutines (initial stubs)}
  0x000001c820cdeac0: 00c3 e939 | 2412 ffc5 | f877 4889 | 45f8 4c8b | e448 83ec | 2048 83e4 

  0x000001c820cdead8: ;   {runtime_call}
  0x000001c820cdead8: f048 b880 | 0e4c b9fe | 7f00 00ff | d049 8be4 | 4d33 e448 | 8b45 f8e9 | 37ff ffff 
[Stub Code]
  0x000001c820cdeaf4: f4f4 f4f4 
[/MachCode]


Compiled method (c1) 1165305 22497       3       ui.views.c.q.h.a::htn (48 bytes)
 total in heap  [0x000001c819715710,0x000001c819715dc0] = 1712
 relocation     [0x000001c819715870,0x000001c8197158e8] = 120
 main code      [0x000001c819715900,0x000001c819715c78] = 888
 stub code      [0x000001c819715c78,0x000001c819715cd8] = 96
 oops           [0x000001c819715cd8,0x000001c819715ce0] = 8
 metadata       [0x000001c819715ce0,0x000001c819715cf8] = 24
 scopes data    [0x000001c819715cf8,0x000001c819715d28] = 48
 scopes pcs     [0x000001c819715d28,0x000001c819715da8] = 128
 dependencies   [0x000001c819715da8,0x000001c819715db0] = 8
 nul chk table  [0x000001c819715db0,0x000001c819715dc0] = 16

[Constant Pool (empty)]

[MachCode]
[Entry Point]
  # {method} {0x000001c8723fda38} 'htn' '()Z' in 'ui/views/c/q/h/a'
  #           [sp+0x50]  (sp of caller)
  0x000001c819715900: 448b 5208 | 49bb 0000 | 002e c801 | 0000 4d03 | d34c 3bd0 

  0x000001c819715914: ;   {runtime_call ic_miss_stub}
  0x000001c819715914: 0f85 668e | 7306 660f | 1f44 0000 
[Verified Entry Point]
  0x000001c819715920: 8984 2400 | 80ff ff55 | 4883 ec40 | 4181 7f20 | 1800 0000 

  0x000001c819715934: ;   {runtime_call StubRoutines (final stubs)}
  0x000001c819715934: 7405 e825 | f471 0648 | 8954 2430 

  0x000001c819715940: ;   {metadata(method data for {method} {0x000001c8723fda38} 'htn' '()Z' in 'ui/views/c/q/h/a')}
  0x000001c819715940: 48be c071 | 6687 c801 | 0000 8bbe | cc00 0000 | 83c7 0289 | becc 0000 | 0081 e7fe | 0700 0083 
  0x000001c819715960: ff00 0f84 | 1d02 0000 | 8b72 2848 

  0x000001c81971596c: ;   {metadata(method data for {method} {0x000001c8723fda38} 'htn' '()Z' in 'ui/views/c/q/h/a')}
  0x000001c81971596c: c1e6 0348 | bfc0 7166 | 87c8 0100 | 0048 8387 | 1001 0000 | 0148 8bd6 

  0x000001c819715984: ;   {static_call}
  0x000001c819715984: 6666 90e8 

  0x000001c819715988: ; ImmutableOopMap {[48]=Oop }
                      ;*invokestatic b {reexecute=0 rethrow=0 return_oop=0}
                      ; - ui.views.c.q.h.a::htn@5 (line 66)
  0x000001c819715988: f4ba ca00 

  0x000001c81971598c: ;   {other}
  0x000001c81971598c: 0f1f 8400 | 7c02 0000 | 410f be77 | 4083 fe00 | 488b 5424 | 300f 85ff | 0100 004c | 8bd0 49c1 
  0x000001c8197159ac: ea03 4489 | 5234 488b | f248 33f0 | 48c1 ee15 | 4883 fe00 | 0f85 ff01 | 0000 4883 

  0x000001c8197159c8: ;   {metadata(method data for {method} {0x000001c8723fda38} 'htn' '()Z' in 'ui/views/c/q/h/a')}
  0x000001c8197159c8: f800 48be | c071 6687 | c801 0000 | 48bf 2001 | 0000 0000 | 0000 0f85 | 0a00 0000 | 48bf 3001 
  0x000001c8197159e8: 0000 0000 | 0000 488b | 1c3e 488d | 5b01 4889 | 1c3e 0f85 | 5600 0000 

  0x000001c819715a00: ;   {metadata(method data for {method} {0x000001c8723fda38} 'htn' '()Z' in 'ui/views/c/q/h/a')}
  0x000001c819715a00: 48be c071 | 6687 c801 | 0000 4883 | 8640 0100 | 0001 0f1f 

  0x000001c819715a14: ;   {static_call}
  0x000001c819715a14: 4400 00e8 

  0x000001c819715a18: ; ImmutableOopMap {[48]=Oop }
                      ;*invokestatic dVi {reexecute=0 rethrow=0 return_oop=0}
                      ; - ui.views.c.q.h.a::htn@19 (line 68)
  0x000001c819715a18: 643b 4d00 

  0x000001c819715a1c: ;   {other}
  0x000001c819715a1c: 0f1f 8400 | 0c03 0001 | 410f be57 | 4083 fa00 | 488b 5424 | 300f 85a6 | 0100 004c | 8bd0 49c1 
  0x000001c819715a3c: ea03 4489 | 5234 488b | f248 33f0 | 48c1 ee15 | 4883 fe00 | 0f85 a601 | 0000 8b52 | 3448 c1e2 
  0x000001c819715a5c: 0348 83fa 

  0x000001c819715a60: ;   {metadata(method data for {method} {0x000001c8723fda38} 'htn' '()Z' in 'ui/views/c/q/h/a')}
  0x000001c819715a60: 0048 bec0 | 7166 87c8 | 0100 0048 | bf50 0100 | 0000 0000 | 000f 840a | 0000 0048 | bf60 0100 
  0x000001c819715a80: 0000 0000 | 0048 8b1c | 3e48 8d5b | 0148 891c | 3e0f 84b9 | 0000 0048 | 3b02 488b 

  0x000001c819715a9c: ;   {metadata(method data for {method} {0x000001c8723fda38} 'htn' '()Z' in 'ui/views/c/q/h/a')}
  0x000001c819715a9c: f248 bfc0 | 7166 87c8 

  0x000001c819715aa4: ;   {metadata('ui/data/labtools/e')}
  0x000001c819715aa4: 0100 0049 | ba10 aede | 2fc8 0100 | 004c 8997 | 8001 0000 | 4883 8788 | 0100 0001 

  0x000001c819715ac0: ;   {metadata(method data for {method} {0x000001c887156fa8} 'dTX' '()Z' in 'ui/data/labtools/e')}
  0x000001c819715ac0: 48be 68dd | 3487 c801 | 0000 8bbe | cc00 0000 | 83c7 0289 | becc 0000 | 0081 e7fe | ff1f 0083 
  0x000001c819715ae0: ff00 0f84 | 3101 0000 | 488b 7210 

  0x000001c819715aec: ;   {metadata(method data for {method} {0x000001c887156fa8} 'dTX' '()Z' in 'ui/data/labtools/e')}
  0x000001c819715aec: 48ba 68dd | 3487 c801 | 0000 4883 | 8210 0100 | 0001 488b | d666 0f1f 

  0x000001c819715b04: ;   {static_call}
  0x000001c819715b04: 4400 00e8 

  0x000001c819715b08: ; ImmutableOopMap {}
                      ;*invokestatic HWDevice_isXicomCfgMemSupported {reexecute=0 rethrow=0 return_oop=0}
                      ; - ui.data.labtools.e::dTX@4 (line 265)
                      ; - ui.views.c.q.h.a::htn@36 (line 70)
  0x000001c819715b08: d48d 5c07 

  0x000001c819715b0c: ;   {other}
  0x000001c819715b0c: 0f1f 8400 | fc03 0002 | 83e0 0183 

  0x000001c819715b18: ;   {metadata(method data for {method} {0x000001c8723fda38} 'htn' '()Z' in 'ui/views/c/q/h/a')}
  0x000001c819715b18: f800 48b8 | c071 6687 | c801 0000 | 48be b801 | 0000 0000 | 0000 0f85 | 0a00 0000 | 48be a801 
  0x000001c819715b38: 0000 0000 | 0000 488b | 3c30 488d | 7f01 4889 | 3c30 0f85 | 0a00 0000 | b800 0000 | 00e9 1500 
  0x000001c819715b58: ;   {metadata(method data for {method} {0x000001c8723fda38} 'htn' '()Z' in 'ui/views/c/q/h/a')}
  0x000001c819715b58: 0000 48b8 | c071 6687 | c801 0000 | ff80 c801 | 0000 b801 | 0000 0083 | e001 4883 

  0x000001c819715b74: ;   {poll_return}
  0x000001c819715b74: c440 5d49 | 3ba7 5004 | 0000 0f87 | b600 0000 

  0x000001c819715b84: ;   {metadata({method} {0x000001c8723fda38} 'htn' '()Z' in 'ui/views/c/q/h/a')}
  0x000001c819715b84: c349 ba30 | da3f 72c8 | 0100 004c | 8954 2408 | 48c7 0424 | ffff ffff 

  0x000001c819715b9c: ;   {runtime_call counter_overflow Runtime1 stub}
  0x000001c819715b9c: e8df 7e80 

  0x000001c819715ba0: ; ImmutableOopMap {rdx=Oop [48]=Oop }
                      ;*synchronization entry
                      ; - ui.views.c.q.h.a::htn@-1 (line 66)
  0x000001c819715ba0: 06e9 c2fd | ffff 8b72 | 3448 c1e6 | 0348 83fe | 000f 84f0 | fdff ff48 

  0x000001c819715bb8: ;   {runtime_call g1_pre_barrier_slow}
  0x000001c819715bb8: 8934 24e8 | c084 8006 | e9e2 fdff | ff48 83f8 | 000f 84f7 | fdff ff48 

  0x000001c819715bd0: ;   {runtime_call g1_post_barrier_slow}
  0x000001c819715bd0: 8914 24e8 | a887 8006 | e9e9 fdff | ff8b 7234 | 48c1 e603 | 4883 fe00 | 0f84 49fe | ffff 4889 
  0x000001c819715bf0: ;   {runtime_call g1_pre_barrier_slow}
  0x000001c819715bf0: 3424 e889 | 8480 06e9 | 3bfe ffff | 4883 f800 | 0f84 50fe | ffff 4889 

  0x000001c819715c08: ;   {runtime_call g1_post_barrier_slow}
  0x000001c819715c08: 1424 e871 | 8780 06e9 | 42fe ffff 

  0x000001c819715c14: ;   {runtime_call throw_null_pointer_exception Runtime1 stub}
  0x000001c819715c14: e867 2d80 

  0x000001c819715c18: ; ImmutableOopMap {rdx=Oop }
                      ;*invokevirtual dTX {reexecute=0 rethrow=0 return_oop=0}
                      ; - ui.views.c.q.h.a::htn@36 (line 70)
                      ;   {metadata({method} {0x000001c887156fa8} 'dTX' '()Z' in 'ui/data/labtools/e')}
  0x000001c819715c18: 0649 baa0 | 6f15 87c8 | 0100 004c | 8954 2408 | 48c7 0424 | ffff ffff 

  0x000001c819715c30: ;   {runtime_call counter_overflow Runtime1 stub}
  0x000001c819715c30: e84b 7e80 

  0x000001c819715c34: ; ImmutableOopMap {rdx=Oop }
                      ;*synchronization entry
                      ; - ui.data.labtools.e::dTX@-1 (line 265)
                      ; - ui.views.c.q.h.a::htn@36 (line 70)
  0x000001c819715c34: 06e9 aefe 

  0x000001c819715c38: ;   {internal_word}
  0x000001c819715c38: ffff 49ba | 775b 7119 | c801 0000 | 4d89 9768 

  0x000001c819715c48: ;   {runtime_call SafepointBlob}
  0x000001c819715c48: 0400 00e9 | b0fa 7306 | 498b 8700 | 0500 0049 | c787 0005 | 0000 0000 | 0000 49c7 | 8708 0500 
  0x000001c819715c68: 0000 0000 | 0048 83c4 

  0x000001c819715c70: ;   {runtime_call unwind_exception Runtime1 stub}
  0x000001c819715c70: 405d e909 | 1e80 06f4 
[Stub Code]
  0x000001c819715c78: ;   {no_reloc}
  0x000001c819715c78: 48bb 0000 | 0000 0000 

  0x000001c819715c80: ;   {runtime_call}
  0x000001c819715c80: 0000 e9fb 

  0x000001c819715c84: ;   {static_stub}
  0x000001c819715c84: ffff ff48 | bb00 0000 | 0000 0000 

  0x000001c819715c90: ;   {runtime_call}
  0x000001c819715c90: 00e9 fbff 

  0x000001c819715c94: ;   {static_stub}
  0x000001c819715c94: ffff 48bb | 0000 0000 | 0000 0000 

  0x000001c819715ca0: ;   {runtime_call}
  0x000001c819715ca0: e9fb ffff 

  0x000001c819715ca4: ;   {runtime_call handle_exception_from_callee Runtime1 stub}
  0x000001c819715ca4: ffe8 d64a 

  0x000001c819715ca8: ;   {external_word}
  0x000001c819715ca8: 8006 48b9 | 50e0 77b9 | fe7f 0000 | 4883 e4f0 

  0x000001c819715cb8: ;   {runtime_call}
  0x000001c819715cb8: 48b8 50ef | 3ab9 fe7f | 0000 ffd0 

  0x000001c819715cc4: ;   {section_word}
  0x000001c819715cc4: f449 bac5 | 5c71 19c8 | 0100 0041 

  0x000001c819715cd0: ;   {runtime_call DeoptimizationBlob}
  0x000001c819715cd0: 52e9 caec | 7306 f4f4 
[/MachCode]


Compiled method (c1) 1165310 22496       3       ui.views.c.q.h.a::gsh (112 bytes)
 total in heap  [0x000001c81902ba90,0x000001c81902d078] = 5608
 relocation     [0x000001c81902bbf0,0x000001c81902bd78] = 392
 main code      [0x000001c81902bd80,0x000001c81902cb40] = 3520
 stub code      [0x000001c81902cb40,0x000001c81902cc20] = 224
 oops           [0x000001c81902cc20,0x000001c81902cc28] = 8
 metadata       [0x000001c81902cc28,0x000001c81902cc98] = 112
 scopes data    [0x000001c81902cc98,0x000001c81902cde8] = 336
 scopes pcs     [0x000001c81902cde8,0x000001c81902d018] = 560
 dependencies   [0x000001c81902d018,0x000001c81902d028] = 16
 nul chk table  [0x000001c81902d028,0x000001c81902d078] = 80

[Constant Pool (empty)]

[MachCode]
[Entry Point]
  # {method} {0x000001c8723fd950} 'gsh' '()Z' in 'ui/views/c/q/h/a'
  #           [sp+0x80]  (sp of caller)
  0x000001c81902bd80: 448b 5208 | 49bb 0000 | 002e c801 | 0000 4d03 | d34c 3bd0 

  0x000001c81902bd94: ;   {runtime_call ic_miss_stub}
  0x000001c81902bd94: 0f85 e629 | e206 660f | 1f44 0000 
[Verified Entry Point]
  0x000001c81902bda0: 8984 2400 | 80ff ff55 | 4883 ec70 | 4181 7f20 | 1800 0000 

  0x000001c81902bdb4: ;   {runtime_call StubRoutines (final stubs)}
  0x000001c81902bdb4: 7405 e8a5 | 8fe0 0648 | 8954 2450 

  0x000001c81902bdc0: ;   {metadata(method data for {method} {0x000001c8723fd950} 'gsh' '()Z' in 'ui/views/c/q/h/a')}
  0x000001c81902bdc0: 48be 506c | 6687 c801 | 0000 8bbe | cc00 0000 | 83c7 0289 | becc 0000 | 0081 e7fe | 0700 0083 
  0x000001c81902bde0: ff00 0f84 | 120b 0000 

  0x000001c81902bde8: ;   {metadata(method data for {method} {0x000001c8723fd950} 'gsh' '()Z' in 'ui/views/c/q/h/a')}
  0x000001c81902bde8: 488b f248 | bf50 6c66 | 87c8 0100 | 008b 7608 | 49ba 0000 | 002e c801 | 0000 4903 | f248 3bb7 
  0x000001c81902be08: 2001 0000 | 750d 4883 | 8728 0100 | 0001 e960 | 0000 0048 | 3bb7 3001 | 0000 750d | 4883 8738 
  0x000001c81902be28: 0100 0001 | e94a 0000 | 0048 83bf | 2001 0000 | 0075 1748 | 89b7 2001 | 0000 48c7 | 8728 0100 
  0x000001c81902be48: 0001 0000 | 00e9 2900 | 0000 4883 | bf30 0100 | 0000 7517 | 4889 b730 | 0100 0048 | c787 3801 
  0x000001c81902be68: 0000 0100 | 0000 e908 | 0000 0048 | 8387 1001 | 0000 0148 | 8bf2 488b | d666 0f1f 

  0x000001c81902be84: ;   {optimized virtual_call}
  0x000001c81902be84: 4400 00e8 

  0x000001c81902be88: ; ImmutableOopMap {[80]=Oop }
                      ;*invokevirtual htn {reexecute=0 rethrow=0 return_oop=0}
                      ; - ui.views.c.q.h.a::gsh@1 (line 51)
  0x000001c81902be88: 949a 6e00 

  0x000001c81902be8c: ;   {other}
  0x000001c81902be8c: 0f1f 8400 | fc03 0000 

  0x000001c81902be94: ;   {metadata(method data for {method} {0x000001c8723fd950} 'gsh' '()Z' in 'ui/views/c/q/h/a')}
  0x000001c81902be94: 83f8 0048 | ba50 6c66 | 87c8 0100 | 0048 be58 | 0100 0000 | 0000 000f | 840a 0000 | 0048 be48 
  0x000001c81902beb4: 0100 0000 | 0000 0048 | 8b3c 3248 | 8d7f 0148 | 893c 320f | 8415 0a00 | 0048 8b54 | 2450 8b72 
  0x000001c81902bed4: 3448 c1e6 | 0348 83fe 

  0x000001c81902bedc: ;   {metadata(method data for {method} {0x000001c8723fd950} 'gsh' '()Z' in 'ui/views/c/q/h/a')}
  0x000001c81902bedc: 0048 bf50 | 6c66 87c8 | 0100 0048 | bb68 0100 | 0000 0000 | 000f 840a | 0000 0048 | bb78 0100 
  0x000001c81902befc: 0000 0000 | 0048 8b04 | 1f48 8d40 | 0148 8904 | 1f0f 8425 | 0300 0048 | 3b06 488b 

  0x000001c81902bf18: ;   {metadata(method data for {method} {0x000001c8723fd950} 'gsh' '()Z' in 'ui/views/c/q/h/a')}
  0x000001c81902bf18: fe48 bb50 | 6c66 87c8 

  0x000001c81902bf20: ;   {metadata('ui/data/labtools/e')}
  0x000001c81902bf20: 0100 0049 | ba10 aede | 2fc8 0100 | 004c 8993 | 9801 0000 | 4883 83a0 | 0100 0001 

  0x000001c81902bf3c: ;   {optimized virtual_call}
  0x000001c81902bf3c: 488b d6e8 

  0x000001c81902bf40: ; ImmutableOopMap {[80]=Oop }
                      ;*invokevirtual bvj {reexecute=0 rethrow=0 return_oop=0}
                      ; - ui.views.c.q.h.a::gsh@20 (line 53)
  0x000001c81902bf40: 3c27 5601 

  0x000001c81902bf44: ;   {other}
  0x000001c81902bf44: 0f1f 8400 | b404 0001 | 4883 f800 

  0x000001c81902bf50: ;   {metadata(method data for {method} {0x000001c8723fd950} 'gsh' '()Z' in 'ui/views/c/q/h/a')}
  0x000001c81902bf50: 48ba 506c | 6687 c801 | 0000 48be | c001 0000 | 0000 0000 | 0f84 0a00 | 0000 48be | d001 0000 
  0x000001c81902bf70: 0000 0000 | 488b 3c32 | 488d 7f01 | 4889 3c32 | 0f84 b202 | 0000 488b | 5424 508b | 7234 48c1 
  0x000001c81902bf90: e603 483b | 0648 8bfe 

  0x000001c81902bf98: ;   {metadata(method data for {method} {0x000001c8723fd950} 'gsh' '()Z' in 'ui/views/c/q/h/a')}
  0x000001c81902bf98: 48bb 506c | 6687 c801 

  0x000001c81902bfa0: ;   {metadata('ui/data/labtools/e')}
  0x000001c81902bfa0: 0000 49ba | 10ae de2f | c801 0000 | 4c89 93f0 | 0100 0048 | 8383 f801 | 0000 0148 

  0x000001c81902bfbc: ;   {optimized virtual_call}
  0x000001c81902bfbc: 8bd6 90e8 

  0x000001c81902bfc0: ; ImmutableOopMap {[80]=Oop }
                      ;*invokevirtual bvj {reexecute=0 rethrow=0 return_oop=0}
                      ; - ui.views.c.q.h.a::gsh@30 (line 54)
  0x000001c81902bfc0: bc26 5601 

  0x000001c81902bfc4: ;   {other}
  0x000001c81902bfc4: 0f1f 8400 | 3405 0002 

  0x000001c81902bfcc: ; implicit exception: dispatches to 0x000001c81902c925
  0x000001c81902bfcc: 483b 0048 

  0x000001c81902bfd0: ;   {metadata(method data for {method} {0x000001c8723fd950} 'gsh' '()Z' in 'ui/views/c/q/h/a')}
  0x000001c81902bfd0: 8bd0 48be | 506c 6687 | c801 0000 

  0x000001c81902bfdc: ;   {metadata('ui/data/labtools/t')}
  0x000001c81902bfdc: 49ba 50c1 | de2f c801 | 0000 4c89 | 9628 0200 | 0048 8386 | 3002 0000 

  0x000001c81902bff4: ;   {metadata(method data for {method} {0x000001c887162088} 'dWv' '()Z' in 'ui/data/labtools/t')}
  0x000001c81902bff4: 0148 bae0 | 7366 87c8 | 0100 008b | b2cc 0000 | 0083 c602 | 89b2 cc00 | 0000 81e6 | feff 1f00 
  0x000001c81902c014: 83fe 000f | 840d 0900 | 0048 8b50 

  0x000001c81902c020: ;   {metadata(method data for {method} {0x000001c887162088} 'dWv' '()Z' in 'ui/data/labtools/t')}
  0x000001c81902c020: 1048 bee0 | 7366 87c8 | 0100 0048 | 8386 1001 | 0000 010f 

  0x000001c81902c034: ;   {static_call}
  0x000001c81902c034: 1f40 00e8 

  0x000001c81902c038: ; ImmutableOopMap {[80]=Oop }
                      ;*invokestatic HWTarget_isStaplTarget {reexecute=0 rethrow=0 return_oop=0}
                      ; - ui.data.labtools.t::dWv@4 (line 103)
                      ; - ui.views.c.q.h.a::gsh@33 (line 54)
  0x000001c81902c038: 247e 9a07 

  0x000001c81902c03c: ;   {other}
  0x000001c81902c03c: 0f1f 8400 | ac05 0003 | 83e0 0183 

  0x000001c81902c048: ;   {metadata(method data for {method} {0x000001c8723fd950} 'gsh' '()Z' in 'ui/views/c/q/h/a')}
  0x000001c81902c048: f800 48ba | 506c 6687 | c801 0000 | 48be 5002 | 0000 0000 | 0000 0f85 | 0a00 0000 | 48be 6002 
  0x000001c81902c068: 0000 0000 | 0000 488b | 3c32 488d | 7f01 4889 | 3c32 0f85 | 4a08 0000 | 488b 5424 | 508b 7234 
  0x000001c81902c088: 48c1 e603 

  0x000001c81902c08c: ; implicit exception: dispatches to 0x000001c81902c94b
  0x000001c81902c08c: 483b 0648 

  0x000001c81902c090: ;   {metadata(method data for {method} {0x000001c8723fd950} 'gsh' '()Z' in 'ui/views/c/q/h/a')}
  0x000001c81902c090: 8bfe 48bb | 506c 6687 | c801 0000 

  0x000001c81902c09c: ;   {metadata('ui/data/labtools/e')}
  0x000001c81902c09c: 49ba 10ae | de2f c801 | 0000 4c89 | 9380 0200 | 0048 8383 | 8802 0000 

  0x000001c81902c0b4: ;   {metadata(method data for {method} {0x000001c887155640} 'bWH' '()Z' in 'ui/data/labtools/e')}
  0x000001c81902c0b4: 0148 bf40 | 7566 87c8 | 0100 008b | 9fcc 0000 | 0083 c302 | 899f cc00 | 0000 81e3 | feff 1f00 
  0x000001c81902c0d4: 83fb 000f | 8473 0800 | 0048 8b7e 

  0x000001c81902c0e0: ;   {metadata(method data for {method} {0x000001c887155640} 'bWH' '()Z' in 'ui/data/labtools/e')}
  0x000001c81902c0e0: 1048 be40 | 7566 87c8 | 0100 0048 | 8386 1001 | 0000 0148 

  0x000001c81902c0f4: ;   {static_call}
  0x000001c81902c0f4: 8bd7 90e8 

  0x000001c81902c0f8: ; ImmutableOopMap {[80]=Oop }
                      ;*invokestatic HWDevice_isVersal {reexecute=0 rethrow=0 return_oop=0}
                      ; - ui.data.labtools.e::bWH@4 (line 63)
                      ; - ui.views.c.q.h.a::gsh@43 (line 54)
  0x000001c81902c0f8: 64fc 9e07 

  0x000001c81902c0fc: ;   {other}
  0x000001c81902c0fc: 0f1f 8400 | 6c06 0004 | 83e0 0183 

  0x000001c81902c108: ;   {metadata(method data for {method} {0x000001c8723fd950} 'gsh' '()Z' in 'ui/views/c/q/h/a')}
  0x000001c81902c108: f800 48ba | 506c 6687 | c801 0000 | 48be a802 | 0000 0000 | 0000 0f84 | 0a00 0000 | 48be b802 
  0x000001c81902c128: 0000 0000 | 0000 488b | 3c32 488d | 7f01 4889 | 3c32 0f84 | f800 0000 | 488b 5424 | 508b 5234 
  0x000001c81902c148: 48c1 e203 

  0x000001c81902c14c: ; implicit exception: dispatches to 0x000001c81902c971
  0x000001c81902c14c: 483b 0248 

  0x000001c81902c150: ;   {metadata(method data for {method} {0x000001c8723fd950} 'gsh' '()Z' in 'ui/views/c/q/h/a')}
  0x000001c81902c150: 8bf2 48bf | 506c 6687 | c801 0000 

  0x000001c81902c15c: ;   {metadata('ui/data/labtools/e')}
  0x000001c81902c15c: 49ba 10ae | de2f c801 | 0000 4c89 | 97d8 0200 | 0048 8387 | e002 0000 

  0x000001c81902c174: ;   {optimized virtual_call}
  0x000001c81902c174: 0166 90e8 

  0x000001c81902c178: ; ImmutableOopMap {}
                      ;*invokevirtual bvj {reexecute=0 rethrow=0 return_oop=0}
                      ; - ui.views.c.q.h.a::gsh@53 (line 54)
  0x000001c81902c178: 0429 e206 

  0x000001c81902c17c: ;   {other}
  0x000001c81902c17c: 0f1f 8400 | ec06 0005 

  0x000001c81902c184: ; implicit exception: dispatches to 0x000001c81902c976
  0x000001c81902c184: 483b 0048 

  0x000001c81902c188: ;   {metadata(method data for {method} {0x000001c8723fd950} 'gsh' '()Z' in 'ui/views/c/q/h/a')}
  0x000001c81902c188: 8bd0 48be | 506c 6687 | c801 0000 

  0x000001c81902c194: ;   {metadata('ui/data/labtools/t')}
  0x000001c81902c194: 49ba 50c1 | de2f c801 | 0000 4c89 | 9610 0300 | 0048 8386 | 1803 0000 

  0x000001c81902c1ac: ;   {metadata(method data for {method} {0x000001c887161fe8} 'dWu' '()Z' in 'ui/data/labtools/t')}
  0x000001c81902c1ac: 0148 ba20 | 4866 87c8 | 0100 008b | b2cc 0000 | 0083 c602 | 89b2 cc00 | 0000 81e6 | feff 1f00 
  0x000001c81902c1cc: 83fe 000f | 84a6 0700 | 0048 8b50 

  0x000001c81902c1d8: ;   {metadata(method data for {method} {0x000001c887161fe8} 'dWu' '()Z' in 'ui/data/labtools/t')}
  0x000001c81902c1d8: 1048 be20 | 4866 87c8 | 0100 0048 | 8386 1001 | 0000 010f 

  0x000001c81902c1ec: ;   {static_call}
  0x000001c81902c1ec: 1f40 00e8 

  0x000001c81902c1f0: ; ImmutableOopMap {}
                      ;*invokestatic HWTarget_isVirtualTarget {reexecute=0 rethrow=0 return_oop=0}
                      ; - ui.data.labtools.t::dWu@4 (line 99)
                      ; - ui.views.c.q.h.a::gsh@56 (line 54)
  0x000001c81902c1f0: 8c2e e206 

  0x000001c81902c1f4: ;   {other}
  0x000001c81902c1f4: 0f1f 8400 | 6407 0006 | 83e0 0183 

  0x000001c81902c200: ;   {metadata(method data for {method} {0x000001c8723fd950} 'gsh' '()Z' in 'ui/views/c/q/h/a')}
  0x000001c81902c200: f800 48ba | 506c 6687 | c801 0000 | 48be 4803 | 0000 0000 | 0000 0f85 | 0a00 0000 | 48be 3803 
  0x000001c81902c220: 0000 0000 | 0000 488b | 3c32 488d | 7f01 4889 | 3c32 0f85 | 9206 0000 

  0x000001c81902c238: ;   {metadata(method data for {method} {0x000001c8723fd950} 'gsh' '()Z' in 'ui/views/c/q/h/a')}
  0x000001c81902c238: 48ba 506c | 6687 c801 | 0000 4883 | 8258 0300 | 0001 ba01 

  0x000001c81902c24c: ;   {static_call}
  0x000001c81902c24c: 0000 00e8 

  0x000001c81902c250: ; ImmutableOopMap {}
                      ;*invokestatic oX {reexecute=0 rethrow=0 return_oop=0}
                      ; - ui.views.c.q.h.a::gsh@65 (line 57)
  0x000001c81902c250: 6c88 e900 

  0x000001c81902c254: ;   {other}
  0x000001c81902c254: 0f1f 8400 | c407 0007 | 488b d848 | 3b03 488b 

  0x000001c81902c264: ;   {metadata(method data for {method} {0x000001c8723fd950} 'gsh' '()Z' in 'ui/views/c/q/h/a')}
  0x000001c81902c264: d348 be50 | 6c66 87c8 | 0100 008b | 5208 49ba | 0000 002e | c801 0000 | 4903 d248 | 3b96 7803 
  0x000001c81902c284: 0000 750d | 4883 8680 | 0300 0001 | e960 0000 | 0048 3b96 | 8803 0000 | 750d 4883 | 8690 0300 
  0x000001c81902c2a4: 0001 e94a | 0000 0048 | 83be 7803 | 0000 0075 | 1748 8996 | 7803 0000 | 48c7 8680 | 0300 0001 
  0x000001c81902c2c4: 0000 00e9 | 2900 0000 | 4883 be88 | 0300 0000 | 7517 4889 | 9688 0300 | 0048 c786 | 9003 0000 
  0x000001c81902c2e4: 0100 0000 | e908 0000 | 0048 8386 | 6803 0000 

  0x000001c81902c2f4: ;   {metadata(method data for {method} {0x000001c82e0bc680} 'iterator' '()Ljava/util/Iterator;' in 'java/util/ArrayList')}
  0x000001c81902c2f4: 0148 bac8 | 855e 6fc8 | 0100 008b | b2cc 0000 | 0083 c602 | 89b2 cc00 | 0000 81e6 | feff 1f00 
  0x000001c81902c314: 83fe 000f | 8484 0600 

  0x000001c81902c31c: ;   {metadata('java/util/ArrayList$Itr')}
  0x000001c81902c31c: 0048 bab8 | 8918 2ec8 | 0100 0049 | 8b87 b801 | 0000 488d | 7820 493b | bfc8 0100 | 000f 8783 
  0x000001c81902c33c: 0600 0049 | 89bf b801 | 0000 48c7 | 0001 0000 | 0048 8bca | 49ba 0000 | 002e c801 | 0000 492b 
  0x000001c81902c35c: ca89 4808 | 4833 c989 | 480c 4833 | c948 8948 | 1048 8948 | 1848 8944 | 2458 488b 

  0x000001c81902c378: ;   {metadata(method data for {method} {0x000001c82e0bc680} 'iterator' '()Ljava/util/Iterator;' in 'java/util/ArrayList')}
  0x000001c81902c378: d048 bec8 | 855e 6fc8 | 0100 0048 | 8386 1001 

  0x000001c81902c388: ;   {metadata(method data for {method} {0x000001c82e189080} '<init>' '(Ljava/util/ArrayList;)V' in 'java/util/ArrayList$Itr')}
  0x000001c81902c388: 0000 0148 | ba10 875e | 6fc8 0100 | 008b b2cc | 0000 0083 | c602 89b2 | cc00 0000 | 81e6 feff 
  0x000001c81902c3a8: 1f00 83fe | 000f 841c | 0600 0041 | 0fbe 5740 | 83fa 000f | 852f 0600 | 004c 8bd3 | 49c1 ea03 
  0x000001c81902c3c8: 4489 5018 | 488b d048 | 33d3 48c1 | ea15 4883 | fa00 0f85 | 2f06 0000 

  0x000001c81902c3e0: ;   {metadata(method data for {method} {0x000001c82e189080} '<init>' '(Ljava/util/ArrayList;)V' in 'java/util/ArrayList$Itr')}
  0x000001c81902c3e0: 488b d048 | be10 875e | 6fc8 0100 | 0048 8386 | 1001 0000 

  0x000001c81902c3f4: ;   {metadata(method data for {method} {0x000001c82e479fd0} '<init>' '()V' in 'java/lang/Object')}
  0x000001c81902c3f4: 0148 ba50 | 7500 6fc8 | 0100 008b | b2cc 0000 | 0083 c602 | 89b2 cc00 | 0000 81e6 | feff 1f00 
  0x000001c81902c414: 83fe 000f | 840a 0600 | 00c7 4010 | ffff ffff | 8b53 0c89 | 5014 660f | 1f44 0000 

  0x000001c81902c430: ;   {metadata(method data for {method} {0x000001c8723fd950} 'gsh' '()Z' in 'ui/views/c/q/h/a')}
  0x000001c81902c430: 488b d048 | be50 6c66 | 87c8 0100 | 008b 5208 | 49ba 0000 | 002e c801 | 0000 4903 | d248 3b96 
  0x000001c81902c450: b003 0000 | 750d 4883 | 86b8 0300 | 0001 e960 | 0000 0048 | 3b96 c003 | 0000 750d | 4883 86c8 
  0x000001c81902c470: 0300 0001 | e94a 0000 | 0048 83be | b003 0000 | 0075 1748 | 8996 b003 | 0000 48c7 | 86b8 0300 
  0x000001c81902c490: 0001 0000 | 00e9 2900 | 0000 4883 | bec0 0300 | 0000 7517 | 4889 96c0 | 0300 0048 | c786 c803 
  0x000001c81902c4b0: 0000 0100 | 0000 e908 | 0000 0048 | 8386 a003 

  0x000001c81902c4c0: ;   {metadata(method data for {method} {0x000001c82e188fd0} 'hasNext' '()Z' in 'java/util/ArrayList$Itr')}
  0x000001c81902c4c0: 0000 0148 | ba88 9113 | 6fc8 0100 | 008b b2cc | 0000 0083 | c602 89b2 | cc00 0000 | 81e6 feff 
  0x000001c81902c4e0: 1f00 83fe | 000f 845d | 0500 008b | 500c 8b70 | 1848 c1e6 | 038b 7610 

  0x000001c81902c4f8: ;   {metadata(method data for {method} {0x000001c82e188fd0} 'hasNext' '()Z' in 'java/util/ArrayList$Itr')}
  0x000001c81902c4f8: 3bd6 48ba | 8891 136f | c801 0000 | 48be 1001 | 0000 0000 | 0000 0f84 | 0a00 0000 | 48be 2001 
  0x000001c81902c518: 0000 0000 | 0000 488b | 3c32 488d | 7f01 4889 | 3c32 0f84 | 1a00 0000 

  0x000001c81902c530: ;   {metadata(method data for {method} {0x000001c82e188fd0} 'hasNext' '()Z' in 'java/util/ArrayList$Itr')}
  0x000001c81902c530: 48ba 8891 | 136f c801 | 0000 ff82 | 3001 0000 | ba01 0000 | 00e9 0500 | 0000 ba00 | 0000 0083 
  0x000001c81902c550: e201 83fa 

  0x000001c81902c554: ;   {metadata(method data for {method} {0x000001c8723fd950} 'gsh' '()Z' in 'ui/views/c/q/h/a')}
  0x000001c81902c554: 0048 ba50 | 6c66 87c8 | 0100 0048 | bed8 0300 | 0000 0000 | 000f 840a | 0000 0048 | bee8 0300 
  0x000001c81902c574: 0000 0000 | 0048 8b3c | 3248 8d7f | 0148 893c | 320f 8427 | 0300 0048 

  0x000001c81902c58c: ;   {metadata(method data for {method} {0x000001c8723fd950} 'gsh' '()Z' in 'ui/views/c/q/h/a')}
  0x000001c81902c58c: 8bd0 48be | 506c 6687 | c801 0000 | 8b52 0849 | ba00 0000 | 2ec8 0100 | 0049 03d2 | 483b 9608 
  0x000001c81902c5ac: 0400 0075 | 0d48 8386 | 1004 0000 | 01e9 6000 | 0000 483b | 9618 0400 | 0075 0d48 | 8386 2004 
  0x000001c81902c5cc: 0000 01e9 | 4a00 0000 | 4883 be08 | 0400 0000 | 7517 4889 | 9608 0400 | 0048 c786 | 1004 0000 
  0x000001c81902c5ec: 0100 0000 | e929 0000 | 0048 83be | 1804 0000 | 0075 1748 | 8996 1804 | 0000 48c7 | 8620 0400 
  0x000001c81902c60c: 0001 0000 | 00e9 0800 | 0000 4883 | 86f8 0300 | 0001 488b | d066 0f1f 

  0x000001c81902c624: ;   {optimized virtual_call}
  0x000001c81902c624: 4400 00e8 

  0x000001c81902c628: ; ImmutableOopMap {[88]=Oop }
                      ;*invokeinterface next {reexecute=0 rethrow=0 return_oop=0}
                      ; - ui.views.c.q.h.a::gsh@82 (line 57)
  0x000001c81902c628: 1446 5f07 

  0x000001c81902c62c: ;   {other}
  0x000001c81902c62c: 0f1f 8400 | 9c0b 0008 | 4883 f800 

  0x000001c81902c638: ;   {metadata(method data for {method} {0x000001c8723fd950} 'gsh' '()Z' in 'ui/views/c/q/h/a')}
  0x000001c81902c638: 7516 48bf | 506c 6687 | c801 0000 | 808f 2904 | 0000 01e9 | cc00 0000 

  0x000001c81902c650: ;   {metadata('ui/data/labtools/e')}
  0x000001c81902c650: 48bb 10ae | de2f c801 | 0000 8b50 | 0849 ba00 | 0000 2ec8 | 0100 0049 | 03d2 483b | da0f 858d 
  0x000001c81902c670: ;   {metadata(method data for {method} {0x000001c8723fd950} 'gsh' '()Z' in 'ui/views/c/q/h/a')}
  0x000001c81902c670: 0000 0048 | bf50 6c66 | 87c8 0100 | 008b 5808 | 49ba 0000 | 002e c801 | 0000 4903 | da48 3b9f 
  0x000001c81902c690: 4004 0000 | 750d 4883 | 8748 0400 | 0001 e979 | 0000 0048 | 3b9f 5004 | 0000 750d | 4883 8758 
  0x000001c81902c6b0: 0400 0001 | e963 0000 | 0048 83bf | 4004 0000 | 0075 1748 | 899f 4004 | 0000 48c7 | 8748 0400 
  0x000001c81902c6d0: 0001 0000 | 00e9 4200 | 0000 4883 | bf50 0400 | 0000 7517 | 4889 9f50 | 0400 0048 | c787 5804 
  0x000001c81902c6f0: 0000 0100 | 0000 e921 | 0000 00e9 | 1c00 0000 

  0x000001c81902c700: ;   {metadata(method data for {method} {0x000001c8723fd950} 'gsh' '()Z' in 'ui/views/c/q/h/a')}
  0x000001c81902c700: 48bf 506c | 6687 c801 | 0000 4883 | af30 0400 | 0001 e957 | 0300 00e9 | 0000 0000 | 488b f048 
  0x000001c81902c720: 3b06 488b 

  0x000001c81902c724: ;   {metadata(method data for {method} {0x000001c8723fd950} 'gsh' '()Z' in 'ui/views/c/q/h/a')}
  0x000001c81902c724: d648 bf50 | 6c66 87c8 

  0x000001c81902c72c: ;   {metadata('ui/data/labtools/e')}
  0x000001c81902c72c: 0100 0049 | ba10 aede | 2fc8 0100 | 004c 8997 | 7804 0000 | 4883 8780 | 0400 0001 

  0x000001c81902c748: ;   {metadata(method data for {method} {0x000001c887156fa8} 'dTX' '()Z' in 'ui/data/labtools/e')}
  0x000001c81902c748: 48ba 68dd | 3487 c801 | 0000 8bba | cc00 0000 | 83c7 0289 | bacc 0000 | 0081 e7fe | ff1f 0083 
  0x000001c81902c768: ff00 0f84 | 0c03 0000 | 488b 5610 

  0x000001c81902c774: ;   {metadata(method data for {method} {0x000001c887156fa8} 'dTX' '()Z' in 'ui/data/labtools/e')}
  0x000001c81902c774: 48bf 68dd | 3487 c801 | 0000 4883 | 8710 0100 | 0001 4889 | 7424 600f 

  0x000001c81902c78c: ;   {static_call}
  0x000001c81902c78c: 1f40 00e8 

  0x000001c81902c790: ; ImmutableOopMap {[88]=Oop [96]=Oop }
                      ;*invokestatic HWDevice_isXicomCfgMemSupported {reexecute=0 rethrow=0 return_oop=0}
                      ; - ui.data.labtools.e::dTX@4 (line 265)
                      ; - ui.views.c.q.h.a::gsh@92 (line 58)
  0x000001c81902c790: 4c21 cb07 

  0x000001c81902c794: ;   {other}
  0x000001c81902c794: 0f1f 8400 | 040d 0009 | 83e0 0183 

  0x000001c81902c7a0: ;   {metadata(method data for {method} {0x000001c8723fd950} 'gsh' '()Z' in 'ui/views/c/q/h/a')}
  0x000001c81902c7a0: f800 48ba | 506c 6687 | c801 0000 | 48be a004 | 0000 0000 | 0000 0f84 | 0a00 0000 | 48be b004 
  0x000001c81902c7c0: 0000 0000 | 0000 488b | 3c32 488d | 7f01 4889 | 3c32 0f84 | 7600 0000 | 488b 7424 | 6048 8bd6 
  0x000001c81902c7e0: ;   {metadata(method data for {method} {0x000001c8723fd950} 'gsh' '()Z' in 'ui/views/c/q/h/a')}
  0x000001c81902c7e0: 48bf 506c | 6687 c801 

  0x000001c81902c7e8: ;   {metadata('ui/data/labtools/e')}
  0x000001c81902c7e8: 0000 49ba | 10ae de2f | c801 0000 | 4c89 97d0 | 0400 0048 | 8387 d804 | 0000 0148 

  0x000001c81902c804: ;   {optimized virtual_call}
  0x000001c81902c804: 8bd6 90e8 

  0x000001c81902c808: ; ImmutableOopMap {[88]=Oop }
                      ;*invokevirtual dTV {reexecute=0 rethrow=0 return_oop=0}
                      ; - ui.views.c.q.h.a::gsh@99 (line 58)
  0x000001c81902c808: 74ae 3600 

  0x000001c81902c80c: ;   {other}
  0x000001c81902c80c: 0f1f 8400 | 7c0d 000a | 4883 f800 

  0x000001c81902c818: ;   {metadata(method data for {method} {0x000001c8723fd950} 'gsh' '()Z' in 'ui/views/c/q/h/a')}
  0x000001c81902c818: 48b8 506c | 6687 c801 | 0000 48be | 0805 0000 | 0000 0000 | 0f84 0a00 | 0000 48be | f804 0000 
  0x000001c81902c838: 0000 0000 | 488b 3c30 | 488d 7f01 | 4889 3c30 | 0f84 4c00 

  0x000001c81902c84c: ;   {metadata(method data for {method} {0x000001c8723fd950} 'gsh' '()Z' in 'ui/views/c/q/h/a')}
  0x000001c81902c84c: 0000 48b8 | 506c 6687 | c801 0000 | 8bb0 d000 | 0000 83c6 | 0289 b0d0 | 0000 0081 | e6fe 3f00 
  0x000001c81902c86c: 0083 fe00 | 0f84 2702 | 0000 4d8b | 9758 0400 

  0x000001c81902c87c: ; ImmutableOopMap {[88]=Oop }
                      ;*goto {reexecute=1 rethrow=0 return_oop=0}
                      ; - (reexecute) ui.views.c.q.h.a::gsh@107 (line 60)
                      ;   {poll}
  0x000001c81902c87c: 0041 8502 

  0x000001c81902c880: ;   {metadata(method data for {method} {0x000001c8723fd950} 'gsh' '()Z' in 'ui/views/c/q/h/a')}
  0x000001c81902c880: 48b8 506c | 6687 c801 | 0000 ff80 | 1805 0000 | 488b 4424 | 58e9 96fb | ffff b801 | 0000 0048 
  0x000001c81902c8a0: 83c4 705d 

  0x000001c81902c8a4: ;   {poll_return}
  0x000001c81902c8a4: 493b a750 | 0400 000f | 870d 0200 | 00c3 b800 | 0000 0048 | 83c4 705d 

  0x000001c81902c8bc: ;   {poll_return}
  0x000001c81902c8bc: 493b a750 | 0400 000f | 870b 0200 | 00c3 b800 | 0000 0048 | 83c4 705d 

  0x000001c81902c8d4: ;   {poll_return}
  0x000001c81902c8d4: 493b a750 | 0400 000f | 8709 0200 | 00c3 b800 | 0000 0048 | 83c4 705d 

  0x000001c81902c8ec: ;   {poll_return}
  0x000001c81902c8ec: 493b a750 | 0400 000f | 8707 0200 

  0x000001c81902c8f8: ;   {metadata({method} {0x000001c8723fd950} 'gsh' '()Z' in 'ui/views/c/q/h/a')}
  0x000001c81902c8f8: 00c3 49ba | 48d9 3f72 | c801 0000 | 4c89 5424 | 0848 c704 | 24ff ffff 

  0x000001c81902c910: ;   {runtime_call counter_overflow Runtime1 stub}
  0x000001c81902c910: ffe8 6a11 

  0x000001c81902c914: ; ImmutableOopMap {rdx=Oop [80]=Oop }
                      ;*synchronization entry
                      ; - ui.views.c.q.h.a::gsh@-1 (line 51)
  0x000001c81902c914: ef06 e9cd 

  0x000001c81902c918: ;   {runtime_call throw_null_pointer_exception Runtime1 stub}
  0x000001c81902c918: f4ff ffe8 

  0x000001c81902c91c: ; ImmutableOopMap {rsi=Oop [80]=Oop }
                      ;*invokevirtual bvj {reexecute=0 rethrow=0 return_oop=0}
                      ; - ui.views.c.q.h.a::gsh@20 (line 53)
  0x000001c81902c91c: 60c0 ee06 

  0x000001c81902c920: ;   {runtime_call throw_null_pointer_exception Runtime1 stub}
  0x000001c81902c920: e85b c0ee 

  0x000001c81902c924: ; ImmutableOopMap {rdx=Oop rsi=Oop [80]=Oop }
                      ;*invokevirtual bvj {reexecute=0 rethrow=0 return_oop=0}
                      ; - ui.views.c.q.h.a::gsh@30 (line 54)
                      ;   {runtime_call throw_null_pointer_exception Runtime1 stub}
  0x000001c81902c924: 06e8 56c0 

  0x000001c81902c928: ; ImmutableOopMap {rax=Oop [80]=Oop }
                      ;*invokevirtual dWv {reexecute=0 rethrow=0 return_oop=0}
                      ; - ui.views.c.q.h.a::gsh@33 (line 54)
                      ;   {metadata({method} {0x000001c887162088} 'dWv' '()Z' in 'ui/data/labtools/t')}
  0x000001c81902c928: ee06 49ba | 8020 1687 | c801 0000 | 4c89 5424 | 0848 c704 | 24ff ffff 

  0x000001c81902c940: ;   {runtime_call counter_overflow Runtime1 stub}
  0x000001c81902c940: ffe8 3a11 

  0x000001c81902c944: ; ImmutableOopMap {rax=Oop [80]=Oop }
                      ;*synchronization entry
                      ; - ui.data.labtools.t::dWv@-1 (line 103)
                      ; - ui.views.c.q.h.a::gsh@33 (line 54)
  0x000001c81902c944: ef06 e9d2 

  0x000001c81902c948: ;   {runtime_call throw_null_pointer_exception Runtime1 stub}
  0x000001c81902c948: f6ff ffe8 

  0x000001c81902c94c: ; ImmutableOopMap {rdx=Oop rsi=Oop [80]=Oop }
                      ;*invokevirtual bWH {reexecute=0 rethrow=0 return_oop=0}
                      ; - ui.views.c.q.h.a::gsh@43 (line 54)
  0x000001c81902c94c: 30c0 ee06 

  0x000001c81902c950: ;   {metadata({method} {0x000001c887155640} 'bWH' '()Z' in 'ui/data/labtools/e')}
  0x000001c81902c950: 49ba 3856 | 1587 c801 | 0000 4c89 | 5424 0848 | c704 24ff 

  0x000001c81902c964: ;   {runtime_call counter_overflow Runtime1 stub}
  0x000001c81902c964: ffff ffe8 

  0x000001c81902c968: ; ImmutableOopMap {rdx=Oop rsi=Oop [80]=Oop }
                      ;*synchronization entry
                      ; - ui.data.labtools.e::bWH@-1 (line 63)
                      ; - ui.views.c.q.h.a::gsh@43 (line 54)
  0x000001c81902c968: 1411 ef06 | e96c f7ff 

  0x000001c81902c970: ;   {runtime_call throw_null_pointer_exception Runtime1 stub}
  0x000001c81902c970: ffe8 0ac0 

  0x000001c81902c974: ; ImmutableOopMap {rdx=Oop }
                      ;*invokevirtual bvj {reexecute=0 rethrow=0 return_oop=0}
                      ; - ui.views.c.q.h.a::gsh@53 (line 54)
                      ;   {runtime_call throw_null_pointer_exception Runtime1 stub}
  0x000001c81902c974: ee06 e805 

  0x000001c81902c978: ; ImmutableOopMap {rax=Oop }
                      ;*invokevirtual dWu {reexecute=0 rethrow=0 return_oop=0}
                      ; - ui.views.c.q.h.a::gsh@56 (line 54)
                      ;   {metadata({method} {0x000001c887161fe8} 'dWu' '()Z' in 'ui/data/labtools/t')}
  0x000001c81902c978: c0ee 0649 | bae0 1f16 | 87c8 0100 | 004c 8954 | 2408 48c7 | 0424 ffff 

  0x000001c81902c990: ;   {runtime_call counter_overflow Runtime1 stub}
  0x000001c81902c990: ffff e8e9 

  0x000001c81902c994: ; ImmutableOopMap {rax=Oop }
                      ;*synchronization entry
                      ; - ui.data.labtools.t::dWu@-1 (line 99)
                      ; - ui.views.c.q.h.a::gsh@56 (line 54)
  0x000001c81902c994: 10ef 06e9 | 39f8 ffff 

  0x000001c81902c99c: ;   {runtime_call throw_null_pointer_exception Runtime1 stub}
  0x000001c81902c99c: e8df bfee 

  0x000001c81902c9a0: ; ImmutableOopMap {rbx=Oop }
                      ;*invokevirtual iterator {reexecute=0 rethrow=0 return_oop=0}
                      ; - ui.views.c.q.h.a::gsh@68 (line 57)
                      ;   {metadata({method} {0x000001c82e0bc680} 'iterator' '()Ljava/util/Iterator;' in 'java/util/ArrayList')}
  0x000001c81902c9a0: 0649 ba78 | c60b 2ec8 | 0100 004c | 8954 2408 | 48c7 0424 | ffff ffff 

  0x000001c81902c9b8: ;   {runtime_call counter_overflow Runtime1 stub}
  0x000001c81902c9b8: e8c3 10ef 

  0x000001c81902c9bc: ; ImmutableOopMap {rbx=Oop }
                      ;*synchronization entry
                      ; - java.util.ArrayList::iterator@-1 (line 1029)
                      ; - ui.views.c.q.h.a::gsh@68 (line 57)
  0x000001c81902c9bc: 06e9 5bf9 | ffff 488b 

  0x000001c81902c9c4: ;   {runtime_call fast_new_instance Runtime1 stub}
  0x000001c81902c9c4: d2e8 b6c8 

  0x000001c81902c9c8: ; ImmutableOopMap {rbx=Oop }
                      ;*new {reexecute=0 rethrow=0 return_oop=0}
                      ; - java.util.ArrayList::iterator@0 (line 1029)
                      ; - ui.views.c.q.h.a::gsh@68 (line 57)
  0x000001c81902c9c8: ee06 e9a2 

  0x000001c81902c9cc: ;   {metadata({method} {0x000001c82e189080} '<init>' '(Ljava/util/ArrayList;)V' in 'java/util/ArrayList$Itr')}
  0x000001c81902c9cc: f9ff ff49 | ba78 9018 | 2ec8 0100 | 004c 8954 | 2408 48c7 | 0424 ffff 

  0x000001c81902c9e4: ;   {runtime_call counter_overflow Runtime1 stub}
  0x000001c81902c9e4: ffff e895 

  0x000001c81902c9e8: ; ImmutableOopMap {rbx=Oop rax=Oop [88]=Oop }
                      ;*synchronization entry
                      ; - java.util.ArrayList$Itr::<init>@-1 (line 1041)
                      ; - java.util.ArrayList::iterator@5 (line 1029)
                      ; - ui.views.c.q.h.a::gsh@68 (line 57)
  0x000001c81902c9e8: 10ef 06e9 | c3f9 ffff | 8b50 1848 | c1e2 0348 | 83fa 000f | 84c0 f9ff | ff48 8914 

  0x000001c81902ca04: ;   {runtime_call g1_pre_barrier_slow}
  0x000001c81902ca04: 24e8 7616 | ef06 e9b2 | f9ff ff48 | 83fb 000f | 84c7 f9ff | ff48 8904 

  0x000001c81902ca1c: ;   {runtime_call g1_post_barrier_slow}
  0x000001c81902ca1c: 24e8 5e19 | ef06 e9b9 

  0x000001c81902ca24: ;   {metadata({method} {0x000001c82e479fd0} '<init>' '()V' in 'java/lang/Object')}
  0x000001c81902ca24: f9ff ff49 | bac8 9f47 | 2ec8 0100 | 004c 8954 | 2408 48c7 | 0424 ffff 

  0x000001c81902ca3c: ;   {runtime_call counter_overflow Runtime1 stub}
  0x000001c81902ca3c: ffff e83d 

  0x000001c81902ca40: ; ImmutableOopMap {rbx=Oop rax=Oop [88]=Oop }
                      ;*synchronization entry
                      ; - java.lang.Object::<init>@-1 (line 45)
                      ; - java.util.ArrayList$Itr::<init>@6 (line 1041)
                      ; - java.util.ArrayList::iterator@5 (line 1029)
                      ; - ui.views.c.q.h.a::gsh@68 (line 57)
  0x000001c81902ca40: 10ef 06e9 | d5f9 ffff 

  0x000001c81902ca48: ;   {metadata({method} {0x000001c82e188fd0} 'hasNext' '()Z' in 'java/util/ArrayList$Itr')}
  0x000001c81902ca48: 49ba c88f | 182e c801 | 0000 4c89 | 5424 0848 | c704 24ff 

  0x000001c81902ca5c: ;   {runtime_call counter_overflow Runtime1 stub}
  0x000001c81902ca5c: ffff ffe8 

  0x000001c81902ca60: ; ImmutableOopMap {rax=Oop [88]=Oop }
                      ;*synchronization entry
                      ; - java.util.ArrayList$Itr::hasNext@-1 (line 1044)
                      ; - ui.views.c.q.h.a::gsh@73 (line 57)
  0x000001c81902ca60: 1c10 ef06 | e982 faff 

  0x000001c81902ca68: ;   {runtime_call throw_null_pointer_exception Runtime1 stub}
  0x000001c81902ca68: ffe8 12bf 

  0x000001c81902ca6c: ; ImmutableOopMap {rax=Oop [88]=Oop }
                      ;*getfield size {reexecute=1 rethrow=0 return_oop=0}
                      ; - (reexecute) java.util.ArrayList$Itr::hasNext@8 (line 1044)
                      ; - ui.views.c.q.h.a::gsh@73 (line 57)
  0x000001c81902ca6c: ee06 4889 

  0x000001c81902ca70: ;   {runtime_call throw_class_cast_exception Runtime1 stub}
  0x000001c81902ca70: 0424 e809 

  0x000001c81902ca74: ; ImmutableOopMap {[88]=Oop }
                      ;*checkcast {reexecute=0 rethrow=0 return_oop=0}
                      ; - ui.views.c.q.h.a::gsh@87 (line 57)
                      ;   {runtime_call throw_null_pointer_exception Runtime1 stub}
  0x000001c81902ca74: e3ee 06e8 

  0x000001c81902ca78: ; ImmutableOopMap {rsi=Oop [88]=Oop }
                      ;*invokevirtual dTX {reexecute=0 rethrow=0 return_oop=0}
                      ; - ui.views.c.q.h.a::gsh@92 (line 58)
  0x000001c81902ca78: 04bf ee06 

  0x000001c81902ca7c: ;   {metadata({method} {0x000001c887156fa8} 'dTX' '()Z' in 'ui/data/labtools/e')}
  0x000001c81902ca7c: 49ba a06f | 1587 c801 | 0000 4c89 | 5424 0848 | c704 24ff 

  0x000001c81902ca90: ;   {runtime_call counter_overflow Runtime1 stub}
  0x000001c81902ca90: ffff ffe8 

  0x000001c81902ca94: ; ImmutableOopMap {rsi=Oop [88]=Oop }
                      ;*synchronization entry
                      ; - ui.data.labtools.e::dTX@-1 (line 265)
                      ; - ui.views.c.q.h.a::gsh@92 (line 58)
  0x000001c81902ca94: e80f ef06 | e9d3 fcff 

  0x000001c81902ca9c: ;   {metadata({method} {0x000001c8723fd950} 'gsh' '()Z' in 'ui/views/c/q/h/a')}
  0x000001c81902ca9c: ff49 ba48 | d93f 72c8 | 0100 004c | 8954 2408 | 48c7 0424 | 6b00 0000 

  0x000001c81902cab4: ;   {runtime_call counter_overflow Runtime1 stub}
  0x000001c81902cab4: e8c7 0fef 

  0x000001c81902cab8: ; ImmutableOopMap {[88]=Oop }
                      ;*goto {reexecute=1 rethrow=0 return_oop=0}
                      ; - (reexecute) ui.views.c.q.h.a::gsh@107 (line 60)
  0x000001c81902cab8: 06e9 b8fd 

  0x000001c81902cabc: ;   {internal_word}
  0x000001c81902cabc: ffff 49ba | a4c8 0219 | c801 0000 | 4d89 9768 

  0x000001c81902cacc: ;   {runtime_call SafepointBlob}
  0x000001c81902cacc: 0400 00e9 | 2c8c e206 

  0x000001c81902cad4: ;   {internal_word}
  0x000001c81902cad4: 49ba bcc8 | 0219 c801 | 0000 4d89 | 9768 0400 

  0x000001c81902cae4: ;   {runtime_call SafepointBlob}
  0x000001c81902cae4: 00e9 168c 

  0x000001c81902cae8: ;   {internal_word}
  0x000001c81902cae8: e206 49ba | d4c8 0219 | c801 0000 | 4d89 9768 

  0x000001c81902caf8: ;   {runtime_call SafepointBlob}
  0x000001c81902caf8: 0400 00e9 | 008c e206 

  0x000001c81902cb00: ;   {internal_word}
  0x000001c81902cb00: 49ba ecc8 | 0219 c801 | 0000 4d89 | 9768 0400 

  0x000001c81902cb10: ;   {runtime_call SafepointBlob}
  0x000001c81902cb10: 00e9 ea8b | e206 498b | 8700 0500 | 0049 c787 | 0005 0000 | 0000 0000 | 49c7 8708 | 0500 0000 
  0x000001c81902cb30: 0000 0048 | 83c4 705d 

  0x000001c81902cb38: ;   {runtime_call unwind_exception Runtime1 stub}
  0x000001c81902cb38: e943 afee | 06f4 f4f4 
[Stub Code]
  0x000001c81902cb40: ;   {no_reloc}
  0x000001c81902cb40: 0f1f 4400 

  0x000001c81902cb44: ;   {static_stub}
  0x000001c81902cb44: 0048 bb00 | 0000 0000 

  0x000001c81902cb4c: ;   {runtime_call}
  0x000001c81902cb4c: 0000 00e9 | fbff ffff 

  0x000001c81902cb54: ;   {static_stub}
  0x000001c81902cb54: 9048 bb00 | 0000 0000 

  0x000001c81902cb5c: ;   {runtime_call}
  0x000001c81902cb5c: 0000 00e9 | fbff ffff 

  0x000001c81902cb64: ;   {static_stub}
  0x000001c81902cb64: 9048 bb00 | 0000 0000 

  0x000001c81902cb6c: ;   {runtime_call}
  0x000001c81902cb6c: 0000 00e9 | fbff ffff 

  0x000001c81902cb74: ;   {static_stub}
  0x000001c81902cb74: 9048 bb00 | 0000 0000 

  0x000001c81902cb7c: ;   {runtime_call}
  0x000001c81902cb7c: 0000 00e9 | fbff ffff 

  0x000001c81902cb84: ;   {static_stub}
  0x000001c81902cb84: 9048 bb00 | 0000 0000 

  0x000001c81902cb8c: ;   {runtime_call}
  0x000001c81902cb8c: 0000 00e9 | fbff ffff 

  0x000001c81902cb94: ;   {static_stub}
  0x000001c81902cb94: 9048 bb00 | 0000 0000 

  0x000001c81902cb9c: ;   {runtime_call}
  0x000001c81902cb9c: 0000 00e9 | fbff ffff 

  0x000001c81902cba4: ;   {static_stub}
  0x000001c81902cba4: 48bb 0000 | 0000 0000 

  0x000001c81902cbac: ;   {runtime_call}
  0x000001c81902cbac: 0000 e9fb 

  0x000001c81902cbb0: ;   {static_stub}
  0x000001c81902cbb0: ffff ff48 | bb00 0000 | 0000 0000 

  0x000001c81902cbbc: ;   {runtime_call}
  0x000001c81902cbbc: 00e9 fbff 

  0x000001c81902cbc0: ;   {static_stub}
  0x000001c81902cbc0: ffff 48bb | 0000 0000 | 0000 0000 

  0x000001c81902cbcc: ;   {runtime_call}
  0x000001c81902cbcc: e9fb ffff 

  0x000001c81902cbd0: ;   {static_stub}
  0x000001c81902cbd0: ff48 bb98 | a7c6 86c8 

  0x000001c81902cbd8: ;   {runtime_call I2C/C2I adapters}
  0x000001c81902cbd8: 0100 00e9 | 83fb df06 

  0x000001c81902cbe0: ;   {static_stub}
  0x000001c81902cbe0: 48bb d8bc | c686 c801 

  0x000001c81902cbe8: ;   {runtime_call I2C/C2I adapters}
  0x000001c81902cbe8: 0000 e974 

  0x000001c81902cbec: ;   {runtime_call handle_exception_from_callee Runtime1 stub}
  0x000001c81902cbec: fbdf 06e8 | 8cdb ee06 

  0x000001c81902cbf4: ;   {external_word}
  0x000001c81902cbf4: 48b9 50e0 | 77b9 fe7f | 0000 4883 

  0x000001c81902cc00: ;   {runtime_call}
  0x000001c81902cc00: e4f0 48b8 | 50ef 3ab9 | fe7f 0000 

  0x000001c81902cc0c: ;   {section_word}
  0x000001c81902cc0c: ffd0 f449 | ba0f cc02 | 19c8 0100 

  0x000001c81902cc18: ;   {runtime_call DeoptimizationBlob}
  0x000001c81902cc18: 0041 52e9 | 807d e206 
[/MachCode]


---------------  P R O C E S S  ---------------

Threads class SMR info:
_java_thread_list=0x000001c8e8561260, length=49, elements={
0x000001c80dfd84e0, 0x000001c80ffb60d0, 0x000001c80ffb6740, 0x000001c80ffb81c0,
0x000001c80ffb9830, 0x000001c80ffc14a0, 0x000001c80ffc7f30, 0x000001c80ffcd1c0,
0x000001c80ffd0890, 0x000001c80f5e8e50, 0x000001c80f5e94e0, 0x000001c80f5e8130,
0x000001c80f5e7aa0, 0x000001c80f5e66f0, 0x000001c80f5e6060, 0x000001c80f5e7410,
0x000001c8766248f0, 0x000001c876624f80, 0x000001c876624260, 0x000001c876623bd0,
0x000001c876626330, 0x000001c876627d70, 0x000001c876629120, 0x000001c87662ab60,
0x000001c87662b1f0, 0x000001c80f5e87c0, 0x000001c802ddeb20, 0x000001c8766297b0,
0x000001c876627050, 0x000001c80f5e6d80, 0x000001c8745cf700, 0x000001c8745ccfa0,
0x000001c8745ce9e0, 0x000001c8745cd630, 0x000001c8745cc280, 0x000001c8745cc910,
0x000001c8034ecd80, 0x000001c8034efb70, 0x000001c88521d130, 0x000001c8034ed410,
0x000001c8852212d0, 0x000001c8d137a2a0, 0x000001c8e481a3f0, 0x000001c8e48217c0,
0x000001c8e481e810, 0x000001c8e4820350, 0x000001c8e4822560, 0x000001c8e481eee0,
0x000001c8e4822c30
}

Java Threads: ( => current thread )
  0x000001c80dfd84e0 JavaThread "main"                              [_thread_blocked, id=17624, stack(0x0000009096800000,0x0000009096900000) (1024K)]
  0x000001c80ffb60d0 JavaThread "Reference Handler"          daemon [_thread_blocked, id=13884, stack(0x0000009098b00000,0x0000009099500000) (10240K)]
  0x000001c80ffb6740 JavaThread "Finalizer"                  daemon [_thread_blocked, id=16516, stack(0x0000009099500000,0x0000009099f00000) (10240K)]
  0x000001c80ffb81c0 JavaThread "Signal Dispatcher"          daemon [_thread_blocked, id=11588, stack(0x0000009099f00000,0x000000909a900000) (10240K)]
  0x000001c80ffb9830 JavaThread "Attach Listener"            daemon [_thread_blocked, id=13556, stack(0x000000909a900000,0x000000909b300000) (10240K)]
  0x000001c80ffc14a0 JavaThread "Service Thread"             daemon [_thread_blocked, id=8532, stack(0x000000909b300000,0x000000909bd00000) (10240K)]
  0x000001c80ffc7f30 JavaThread "Monitor Deflation Thread"   daemon [_thread_blocked, id=12684, stack(0x000000909bd00000,0x000000909c700000) (10240K)]
  0x000001c80ffcd1c0 JavaThread "C2 CompilerThread0"         daemon [_thread_blocked, id=7692, stack(0x000000909c700000,0x000000909c800000) (1024K)]
  0x000001c80ffd0890 JavaThread "C1 CompilerThread0"         daemon [_thread_blocked, id=4504, stack(0x000000909c800000,0x000000909c900000) (1024K)]
  0x000001c80f5e8e50 JavaThread "StringDedupThread"          daemon [_thread_blocked, id=17612, stack(0x000000909c900000,0x000000909d300000) (10240K)]
  0x000001c80f5e94e0 JavaThread "Common-Cleaner"             daemon [_thread_blocked, id=14124, stack(0x000000909d600000,0x000000909e000000) (10240K)]
  0x000001c80f5e8130 JavaThread "Notification Thread"        daemon [_thread_blocked, id=9736, stack(0x000000909e000000,0x000000909ea00000) (10240K)]
  0x000001c80f5e7aa0 JavaThread "Java2D Disposer"            daemon [_thread_blocked, id=18576, stack(0x000000909ea00000,0x000000909f400000) (10240K)]
  0x000001c80f5e66f0 JavaThread "AWT-Shutdown"                      [_thread_blocked, id=20896, stack(0x000000909f400000,0x000000909fe00000) (10240K)]
  0x000001c80f5e6060 JavaThread "AWT-Windows"                daemon [_thread_in_native, id=6376, stack(0x000000909fe00000,0x00000090a0800000) (10240K)]
  0x000001c80f5e7410 JavaThread "TimerQueue"                 daemon [_thread_blocked, id=13296, stack(0x00000090a0d00000,0x00000090a1700000) (10240K)]
=>0x000001c8766248f0 JavaThread "AWT-EventQueue-0"                  [_thread_in_native, id=18832, stack(0x00000090a2100000,0x00000090a2b00000) (10240K)]
  0x000001c876624f80 JavaThread "Thread-1"                          [_thread_in_native, id=17372, stack(0x0000009096900000,0x0000009097d00000) (20480K)]
  0x000001c876624260 JavaThread "Process Messages Thread"           [_thread_blocked, id=18864, stack(0x00000090a3a00000,0x00000090a4400000) (10240K)]
  0x000001c876623bd0 JavaThread "Batik CleanerThread"        daemon [_thread_blocked, id=4128, stack(0x00000090a4400000,0x00000090a4e00000) (10240K)]
  0x000001c876626330 JavaThread "SyntheticaCleanerThread"    daemon [_thread_blocked, id=9568, stack(0x00000090a4e00000,0x00000090a5800000) (10240K)]
  0x000001c876627d70 JavaThread "Timer-0"                           [_thread_blocked, id=3984, stack(0x00000090a6200000,0x00000090a6c00000) (10240K)]
  0x000001c876629120 JavaThread "Monitor File Timestamp Swing Worker Thread"        [_thread_blocked, id=14948, stack(0x00000090a6c00000,0x00000090a7600000) (10240K)]
  0x000001c87662ab60 JavaThread "Monitor HEventQueue for Sluggish Gui Thread"        [_thread_blocked, id=17052, stack(0x00000090a7600000,0x00000090a8000000) (10240K)]
  0x000001c87662b1f0 JavaThread "SyntheticaAnimation 50"     daemon [_thread_blocked, id=12208, stack(0x00000090a8000000,0x00000090a8a00000) (10240K)]
  0x000001c80f5e87c0 JavaThread "SyntheticaAnimation 25"     daemon [_thread_blocked, id=20832, stack(0x00000090a8b00000,0x00000090a9500000) (10240K)]
  0x000001c802ddeb20 JavaThread "SyntheticaAnimation 70"     daemon [_thread_blocked, id=18468, stack(0x00000090a9f00000,0x00000090aa900000) (10240K)]
  0x000001c8766297b0 JavaThread "Refresh Filesets Swing Worker Thread"        [_thread_blocked, id=16316, stack(0x00000090a1700000,0x00000090a2100000) (10240K)]
  0x000001c876627050 JavaThread "hw_ila_monitor"                    [_thread_blocked, id=16656, stack(0x00000090a2e00000,0x00000090a3800000) (10240K)]
  0x000001c80f5e6d80 JavaThread "pool-2-thread-1"                   [_thread_blocked, id=11208, stack(0x00000090aa900000,0x00000090ab300000) (10240K)]
  0x000001c8745cf700 JavaThread "Timer-1"                           [_thread_blocked, id=18584, stack(0x00000090ab300000,0x00000090abd00000) (10240K)]
  0x000001c8745ccfa0 JavaThread "pool-3-thread-1"                   [_thread_blocked, id=15364, stack(0x00000090abd00000,0x00000090ac700000) (10240K)]
  0x000001c8745ce9e0 JavaThread "Timer-2"                           [_thread_blocked, id=10864, stack(0x00000090ac700000,0x00000090ad100000) (10240K)]
  0x000001c8745cd630 JavaThread "pool-4-thread-1"                   [_thread_blocked, id=12200, stack(0x00000090ad100000,0x00000090adb00000) (10240K)]
  0x000001c8745cc280 JavaThread "Timer-3"                           [_thread_blocked, id=15764, stack(0x00000090adb00000,0x00000090ae500000) (10240K)]
  0x000001c8745cc910 JavaThread "Update Runs Swing Worker Thread"        [_thread_blocked, id=7760, stack(0x00000090af900000,0x00000090b0300000) (10240K)]
  0x000001c8034ecd80 JavaThread "Thread-33"                         [_thread_in_native, id=12888, stack(0x00000090a0a00000,0x00000090a0b00000) (1024K)]
  0x000001c8034efb70 JavaThread "SyntheticaAnimation 50"     daemon [_thread_blocked, id=8556, stack(0x00000090a5800000,0x00000090a6200000) (10240K)]
  0x000001c88521d130 JavaThread "Swing-Shell"                daemon [_thread_blocked, id=12552, stack(0x00000090ae500000,0x00000090aef00000) (10240K)]
  0x000001c8034ed410 JavaThread "Thread-609"                        [_thread_in_native, id=1740, stack(0x0000009096700000,0x0000009096800000) (1024K)]
  0x000001c8852212d0 JavaThread "SyntheticaAnimation 50"     daemon [_thread_blocked, id=12936, stack(0x00000090a9500000,0x00000090a9f00000) (10240K)]
  0x000001c8d137a2a0 JavaThread "Close Hardware Manager Thread"        [_thread_blocked, id=20116, stack(0x00000090b0e00000,0x00000090b1800000) (10240K)]
  0x000001c8e481a3f0 JavaThread "C2 CompilerThread1"         daemon [_thread_blocked, id=3852, stack(0x00000090aef00000,0x00000090af000000) (1024K)]
  0x000001c8e48217c0 JavaThread "C2 CompilerThread2"         daemon [_thread_blocked, id=8072, stack(0x00000090af000000,0x00000090af100000) (1024K)]
  0x000001c8e481e810 JavaThread "C2 CompilerThread3"         daemon [_thread_blocked, id=14084, stack(0x00000090af100000,0x00000090af200000) (1024K)]
  0x000001c8e4820350 JavaThread "C2 CompilerThread4"         daemon [_thread_blocked, id=10832, stack(0x00000090af200000,0x00000090af300000) (1024K)]
  0x000001c8e4822560 JavaThread "C2 CompilerThread5"         daemon [_thread_blocked, id=12764, stack(0x00000090af300000,0x00000090af400000) (1024K)]
  0x000001c8e481eee0 JavaThread "C1 CompilerThread1"         daemon [_thread_blocked, id=4572, stack(0x0000009096700000,0x0000009096800000) (1024K)]
  0x000001c8e4822c30 JavaThread "C1 CompilerThread2"         daemon [_thread_blocked, id=14716, stack(0x000000909d300000,0x000000909d400000) (1024K)]
Total: 49

Other Threads:
  0x000001c8084e9f00 VMThread "VM Thread"                           [id=14184, stack(0x0000009098a00000,0x0000009098b00000) (1024K)]
  0x000001c807f6acf0 WatcherThread "VM Periodic Task Thread"        [id=620, stack(0x0000009098900000,0x0000009098a00000) (1024K)]
  0x000001c8084ea2a0 WorkerThread "GC Thread#0"                     [id=15096, stack(0x0000009098400000,0x0000009098500000) (1024K)]
  0x000001c8084ea640 WorkerThread "GC Thread#1"                     [id=13856, stack(0x00000090a2b00000,0x00000090a2c00000) (1024K)]
  0x000001c8084ea9e0 WorkerThread "GC Thread#2"                     [id=3380, stack(0x00000090a2c00000,0x00000090a2d00000) (1024K)]
  0x000001c8084eb860 WorkerThread "GC Thread#3"                     [id=11380, stack(0x00000090a2d00000,0x00000090a2e00000) (1024K)]
  0x000001c80e00a3d0 ConcurrentGCThread "G1 Main Marker"            [id=15872, stack(0x0000009098500000,0x0000009098600000) (1024K)]
  0x000001c8084ead80 WorkerThread "G1 Conc#0"                       [id=21444, stack(0x0000009098600000,0x0000009098700000) (1024K)]
  0x000001c80febd3b0 ConcurrentGCThread "G1 Refine#0"               [id=1640, stack(0x0000009098700000,0x0000009098800000) (1024K)]
  0x000001c80d836bf0 ConcurrentGCThread "G1 Service"                [id=8756, stack(0x0000009098800000,0x0000009098900000) (1024K)]
Total: 10

Threads with active compile tasks:
Total: 0

VM state: not at safepoint (normal execution)

VM Mutex/Monitor currently owned by a thread: None

Heap address: 0x0000000701800000, size: 4072 MB, Compressed Oops mode: Zero based, Oop shift amount: 3

CDS archive(s) mapped at: [0x000001c82e000000-0x000001c82ec90000-0x000001c82ec90000), size 13172736, SharedBaseAddress: 0x000001c82e000000, ArchiveRelocationMode: 1.
Compressed class space mapped at: 0x000001c82f000000-0x000001c86f000000, reserved size: 1073741824
Narrow klass base: 0x000001c82e000000, Narrow klass shift: 0, Narrow klass range: 0x100000000

GC Precious Log:
 CardTable entry size: 512
 Card Set container configuration: InlinePtr #cards 4 size 8 Array Of Cards #cards 16 size 48 Howl #buckets 8 coarsen threshold 3686 Howl Bitmap #cards 512 size 80 coarsen threshold 460 Card regions per heap region 1 cards per card region 4096
 CPUs: 28 total, 28 available
 Memory: 32454M
 Large Page Support: Disabled
 NUMA Support: Disabled
 Compressed Oops: Enabled (Zero based)
 Heap Region Size: 2M
 Heap Min Capacity: 512M
 Heap Initial Capacity: 512M
 Heap Max Capacity: 4072M
 Pre-touch: Disabled
 Parallel Workers: 4
 Concurrent Workers: 1
 Concurrent Refinement Workers: 4
 Periodic GC: Disabled
 String Deduplication is enabled

Heap:
 garbage-first heap   total 602112K, used 182382K [0x0000000701800000, 0x0000000800000000)
  region size 2048K, 4 young (8192K), 3 survivors (6144K)
 Metaspace       used 120649K, committed 121472K, reserved 1179648K
  class space    used 17935K, committed 18304K, reserved 1048576K

Heap Regions: E=young(eden), S=young(survivor), O=old, HS=humongous(starts), HC=humongous(continues), CS=collection set, F=free, TAMS=top-at-mark-start, PB=parsable bottom
|   0|0x0000000701800000, 0x0000000701a00000, 0x0000000701a00000|100%|HS|  |TAMS 0x0000000701800000| PB 0x0000000701800000| Untracked 
|   1|0x0000000701a00000, 0x0000000701c00000, 0x0000000701c00000|100%| O|  |TAMS 0x0000000701a00000| PB 0x0000000701a00000| Untracked 
|   2|0x0000000701c00000, 0x0000000701dfffc8, 0x0000000701e00000| 99%| O|  |TAMS 0x0000000701c00000| PB 0x0000000701c00000| Untracked 
|   3|0x0000000701e00000, 0x0000000701fffff8, 0x0000000702000000| 99%| O|  |TAMS 0x0000000701e00000| PB 0x0000000701e00000| Untracked 
|   4|0x0000000702000000, 0x00000007021fb780, 0x0000000702200000| 99%| O|  |TAMS 0x0000000702000000| PB 0x0000000702000000| Untracked 
|   5|0x0000000702200000, 0x00000007023fff60, 0x0000000702400000| 99%| O|  |TAMS 0x0000000702200000| PB 0x0000000702200000| Untracked 
|   6|0x0000000702400000, 0x00000007025fffd8, 0x0000000702600000| 99%| O|  |TAMS 0x0000000702400000| PB 0x0000000702400000| Untracked 
|   7|0x0000000702600000, 0x0000000702800000, 0x0000000702800000|100%| O|  |TAMS 0x0000000702600000| PB 0x0000000702600000| Untracked 
|   8|0x0000000702800000, 0x00000007029ffff8, 0x0000000702a00000| 99%| O|  |TAMS 0x0000000702800000| PB 0x0000000702800000| Untracked 
|   9|0x0000000702a00000, 0x0000000702c00000, 0x0000000702c00000|100%| O|  |TAMS 0x0000000702a00000| PB 0x0000000702a00000| Untracked 
|  10|0x0000000702c00000, 0x0000000702e00000, 0x0000000702e00000|100%| O|  |TAMS 0x0000000702c00000| PB 0x0000000702c00000| Untracked 
|  11|0x0000000702e00000, 0x0000000703000000, 0x0000000703000000|100%| O|  |TAMS 0x0000000702e00000| PB 0x0000000702e00000| Untracked 
|  12|0x0000000703000000, 0x00000007031fffd0, 0x0000000703200000| 99%| O|  |TAMS 0x0000000703000000| PB 0x0000000703000000| Untracked 
|  13|0x0000000703200000, 0x0000000703400000, 0x0000000703400000|100%| O|  |TAMS 0x0000000703200000| PB 0x0000000703200000| Untracked 
|  14|0x0000000703400000, 0x0000000703600000, 0x0000000703600000|100%| O|  |TAMS 0x0000000703400000| PB 0x0000000703400000| Untracked 
|  15|0x0000000703600000, 0x0000000703800000, 0x0000000703800000|100%| O|  |TAMS 0x0000000703600000| PB 0x0000000703600000| Untracked 
|  16|0x0000000703800000, 0x0000000703a00000, 0x0000000703a00000|100%| O|  |TAMS 0x0000000703800000| PB 0x0000000703800000| Untracked 
|  17|0x0000000703a00000, 0x0000000703bffff0, 0x0000000703c00000| 99%| O|  |TAMS 0x0000000703a00000| PB 0x0000000703a00000| Untracked 
|  18|0x0000000703c00000, 0x0000000703e00000, 0x0000000703e00000|100%| O|  |TAMS 0x0000000703c00000| PB 0x0000000703c00000| Untracked 
|  19|0x0000000703e00000, 0x0000000703fffff8, 0x0000000704000000| 99%| O|  |TAMS 0x0000000703e00000| PB 0x0000000703e00000| Untracked 
|  20|0x0000000704000000, 0x0000000704200000, 0x0000000704200000|100%|HS|  |TAMS 0x0000000704000000| PB 0x0000000704000000| Untracked 
|  21|0x0000000704200000, 0x0000000704400000, 0x0000000704400000|100%|HC|  |TAMS 0x0000000704200000| PB 0x0000000704200000| Untracked 
|  22|0x0000000704400000, 0x0000000704600000, 0x0000000704600000|100%|HC|  |TAMS 0x0000000704400000| PB 0x0000000704400000| Untracked 
|  23|0x0000000704600000, 0x0000000704800000, 0x0000000704800000|100%|HC|  |TAMS 0x0000000704600000| PB 0x0000000704600000| Untracked 
|  24|0x0000000704800000, 0x0000000704a00000, 0x0000000704a00000|100%|HC|  |TAMS 0x0000000704800000| PB 0x0000000704800000| Untracked 
|  25|0x0000000704a00000, 0x0000000704c00000, 0x0000000704c00000|100%|HC|  |TAMS 0x0000000704a00000| PB 0x0000000704a00000| Untracked 
|  26|0x0000000704c00000, 0x0000000704dffff0, 0x0000000704e00000| 99%| O|  |TAMS 0x0000000704c00000| PB 0x0000000704c00000| Untracked 
|  27|0x0000000704e00000, 0x0000000704ffff38, 0x0000000705000000| 99%| O|  |TAMS 0x0000000704e00000| PB 0x0000000704e00000| Untracked 
|  28|0x0000000705000000, 0x00000007051ffea8, 0x0000000705200000| 99%| O|  |TAMS 0x0000000705000000| PB 0x0000000705000000| Untracked 
|  29|0x0000000705200000, 0x0000000705400000, 0x0000000705400000|100%| O|  |TAMS 0x0000000705200000| PB 0x0000000705200000| Untracked 
|  30|0x0000000705400000, 0x00000007055ffff8, 0x0000000705600000| 99%| O|  |TAMS 0x0000000705400000| PB 0x0000000705400000| Untracked 
|  31|0x0000000705600000, 0x00000007057fff48, 0x0000000705800000| 99%| O|  |TAMS 0x0000000705600000| PB 0x0000000705600000| Untracked 
|  32|0x0000000705800000, 0x00000007059fffc8, 0x0000000705a00000| 99%| O|  |TAMS 0x0000000705800000| PB 0x0000000705800000| Untracked 
|  33|0x0000000705a00000, 0x0000000705bffff8, 0x0000000705c00000| 99%| O|  |TAMS 0x0000000705a00000| PB 0x0000000705a00000| Untracked 
|  34|0x0000000705c00000, 0x0000000705dffff8, 0x0000000705e00000| 99%| O|  |TAMS 0x0000000705c00000| PB 0x0000000705c00000| Untracked 
|  35|0x0000000705e00000, 0x0000000705fffff0, 0x0000000706000000| 99%| O|  |TAMS 0x0000000705e00000| PB 0x0000000705e00000| Untracked 
|  36|0x0000000706000000, 0x00000007061ffff8, 0x0000000706200000| 99%| O|  |TAMS 0x0000000706000000| PB 0x0000000706000000| Untracked 
|  37|0x0000000706200000, 0x0000000706400000, 0x0000000706400000|100%| O|  |TAMS 0x0000000706200000| PB 0x0000000706200000| Untracked 
|  38|0x0000000706400000, 0x00000007065fff08, 0x0000000706600000| 99%| O|  |TAMS 0x0000000706400000| PB 0x0000000706400000| Untracked 
|  39|0x0000000706600000, 0x0000000706800000, 0x0000000706800000|100%| O|  |TAMS 0x0000000706600000| PB 0x0000000706600000| Untracked 
|  40|0x0000000706800000, 0x0000000706a00000, 0x0000000706a00000|100%| O|  |TAMS 0x0000000706800000| PB 0x0000000706800000| Untracked 
|  41|0x0000000706a00000, 0x0000000706c00000, 0x0000000706c00000|100%| O|  |TAMS 0x0000000706a00000| PB 0x0000000706a00000| Untracked 
|  42|0x0000000706c00000, 0x0000000706dfff08, 0x0000000706e00000| 99%| O|  |TAMS 0x0000000706c00000| PB 0x0000000706c00000| Untracked 
|  43|0x0000000706e00000, 0x0000000706ffffd0, 0x0000000707000000| 99%| O|  |TAMS 0x0000000706e00000| PB 0x0000000706e00000| Untracked 
|  44|0x0000000707000000, 0x00000007071ffff8, 0x0000000707200000| 99%| O|  |TAMS 0x0000000707000000| PB 0x0000000707000000| Untracked 
|  45|0x0000000707200000, 0x0000000707400000, 0x0000000707400000|100%| O|  |TAMS 0x0000000707200000| PB 0x0000000707200000| Untracked 
|  46|0x0000000707400000, 0x00000007075fffe8, 0x0000000707600000| 99%| O|  |TAMS 0x0000000707400000| PB 0x0000000707400000| Untracked 
|  47|0x0000000707600000, 0x00000007077fffe8, 0x0000000707800000| 99%| O|  |TAMS 0x0000000707600000| PB 0x0000000707600000| Untracked 
|  48|0x0000000707800000, 0x0000000707a00000, 0x0000000707a00000|100%| O|  |TAMS 0x0000000707800000| PB 0x0000000707800000| Untracked 
|  49|0x0000000707a00000, 0x0000000707bfffe8, 0x0000000707c00000| 99%| O|  |TAMS 0x0000000707a00000| PB 0x0000000707a00000| Untracked 
|  50|0x0000000707c00000, 0x0000000707e00000, 0x0000000707e00000|100%| O|  |TAMS 0x0000000707c00000| PB 0x0000000707c00000| Untracked 
|  51|0x0000000707e00000, 0x0000000707ffe5a8, 0x0000000708000000| 99%| O|  |TAMS 0x0000000707e00000| PB 0x0000000707e00000| Untracked 
|  52|0x0000000708000000, 0x0000000708200000, 0x0000000708200000|100%| O|  |TAMS 0x0000000708000000| PB 0x0000000708000000| Untracked 
|  53|0x0000000708200000, 0x0000000708400000, 0x0000000708400000|100%| O|  |TAMS 0x0000000708200000| PB 0x0000000708200000| Untracked 
|  54|0x0000000708400000, 0x0000000708600000, 0x0000000708600000|100%| O|  |TAMS 0x0000000708400000| PB 0x0000000708400000| Untracked 
|  55|0x0000000708600000, 0x0000000708800000, 0x0000000708800000|100%|HS|  |TAMS 0x0000000708600000| PB 0x0000000708600000| Untracked 
|  56|0x0000000708800000, 0x0000000708a00000, 0x0000000708a00000|100%|HC|  |TAMS 0x0000000708800000| PB 0x0000000708800000| Untracked 
|  57|0x0000000708a00000, 0x0000000708c00000, 0x0000000708c00000|100%|HC|  |TAMS 0x0000000708a00000| PB 0x0000000708a00000| Untracked 
|  58|0x0000000708c00000, 0x0000000708e00000, 0x0000000708e00000|100%|HC|  |TAMS 0x0000000708c00000| PB 0x0000000708c00000| Untracked 
|  59|0x0000000708e00000, 0x0000000709000000, 0x0000000709000000|100%|HC|  |TAMS 0x0000000708e00000| PB 0x0000000708e00000| Untracked 
|  60|0x0000000709000000, 0x0000000709200000, 0x0000000709200000|100%|HC|  |TAMS 0x0000000709000000| PB 0x0000000709000000| Untracked 
|  61|0x0000000709200000, 0x0000000709400000, 0x0000000709400000|100%|HC|  |TAMS 0x0000000709200000| PB 0x0000000709200000| Untracked 
|  62|0x0000000709400000, 0x0000000709600000, 0x0000000709600000|100%| O|  |TAMS 0x0000000709400000| PB 0x0000000709400000| Untracked 
|  63|0x0000000709600000, 0x0000000709800000, 0x0000000709800000|100%| O|  |TAMS 0x0000000709600000| PB 0x0000000709600000| Untracked 
|  64|0x0000000709800000, 0x00000007099fffe0, 0x0000000709a00000| 99%| O|  |TAMS 0x0000000709800000| PB 0x0000000709800000| Untracked 
|  65|0x0000000709a00000, 0x0000000709bfffe8, 0x0000000709c00000| 99%| O|  |TAMS 0x0000000709a00000| PB 0x0000000709a00000| Untracked 
|  66|0x0000000709c00000, 0x0000000709e00000, 0x0000000709e00000|100%| O|  |TAMS 0x0000000709c00000| PB 0x0000000709c00000| Untracked 
|  67|0x0000000709e00000, 0x000000070a000000, 0x000000070a000000|100%| O|  |TAMS 0x0000000709e00000| PB 0x0000000709e00000| Untracked 
|  68|0x000000070a000000, 0x000000070a200000, 0x000000070a200000|100%| O|  |TAMS 0x000000070a000000| PB 0x000000070a000000| Untracked 
|  69|0x000000070a200000, 0x000000070a3ffff0, 0x000000070a400000| 99%| O|  |TAMS 0x000000070a200000| PB 0x000000070a200000| Untracked 
|  70|0x000000070a400000, 0x000000070a5fff58, 0x000000070a600000| 99%| O|  |TAMS 0x000000070a400000| PB 0x000000070a400000| Untracked 
|  71|0x000000070a600000, 0x000000070a800000, 0x000000070a800000|100%| O|  |TAMS 0x000000070a600000| PB 0x000000070a600000| Untracked 
|  72|0x000000070a800000, 0x000000070aa00000, 0x000000070aa00000|100%| O|  |TAMS 0x000000070a800000| PB 0x000000070a800000| Untracked 
|  73|0x000000070aa00000, 0x000000070ac00000, 0x000000070ac00000|100%| O|  |TAMS 0x000000070aa00000| PB 0x000000070aa00000| Untracked 
|  74|0x000000070ac00000, 0x000000070ac4ffe8, 0x000000070ae00000| 15%| O|  |TAMS 0x000000070ac00000| PB 0x000000070ac00000| Untracked 
|  75|0x000000070ae00000, 0x000000070af098b0, 0x000000070b000000| 51%| O|  |TAMS 0x000000070ae00000| PB 0x000000070ae00000| Untracked 
|  76|0x000000070b000000, 0x000000070b200000, 0x000000070b200000|100%|HS|  |TAMS 0x000000070b000000| PB 0x000000070b000000| Untracked 
|  77|0x000000070b200000, 0x000000070b400000, 0x000000070b400000|100%|HC|  |TAMS 0x000000070b200000| PB 0x000000070b200000| Untracked 
|  78|0x000000070b400000, 0x000000070b600000, 0x000000070b600000|100%|HC|  |TAMS 0x000000070b400000| PB 0x000000070b400000| Untracked 
|  79|0x000000070b600000, 0x000000070b800000, 0x000000070b800000|100%|HC|  |TAMS 0x000000070b600000| PB 0x000000070b600000| Untracked 
|  80|0x000000070b800000, 0x000000070b9ffff8, 0x000000070ba00000| 99%| O|  |TAMS 0x000000070b800000| PB 0x000000070b800000| Untracked 
|  81|0x000000070ba00000, 0x000000070bba1a30, 0x000000070bc00000| 81%| O|  |TAMS 0x000000070ba00000| PB 0x000000070ba00000| Untracked 
|  82|0x000000070bc00000, 0x000000070be00000, 0x000000070be00000|100%|HS|  |TAMS 0x000000070bc00000| PB 0x000000070bc00000| Untracked 
|  83|0x000000070be00000, 0x000000070c000000, 0x000000070c000000|100%|HC|  |TAMS 0x000000070be00000| PB 0x000000070be00000| Untracked 
|  84|0x000000070c000000, 0x000000070c200000, 0x000000070c200000|100%| O|  |TAMS 0x000000070c000000| PB 0x000000070c000000| Untracked 
|  85|0x000000070c200000, 0x000000070c400000, 0x000000070c400000|100%| O|  |TAMS 0x000000070c200000| PB 0x000000070c200000| Untracked 
|  86|0x000000070c400000, 0x000000070c400000, 0x000000070c600000|  0%| F|  |TAMS 0x000000070c400000| PB 0x000000070c400000| Untracked 
|  87|0x000000070c600000, 0x000000070c600000, 0x000000070c800000|  0%| F|  |TAMS 0x000000070c600000| PB 0x000000070c600000| Untracked 
|  88|0x000000070c800000, 0x000000070c800000, 0x000000070ca00000|  0%| F|  |TAMS 0x000000070c800000| PB 0x000000070c800000| Untracked 
|  89|0x000000070ca00000, 0x000000070ca7f390, 0x000000070cc00000| 24%| O|  |TAMS 0x000000070ca00000| PB 0x000000070ca00000| Untracked 
|  90|0x000000070cc00000, 0x000000070cc00000, 0x000000070ce00000|  0%| F|  |TAMS 0x000000070cc00000| PB 0x000000070cc00000| Untracked 
|  91|0x000000070ce00000, 0x000000070ce00000, 0x000000070d000000|  0%| F|  |TAMS 0x000000070ce00000| PB 0x000000070ce00000| Untracked 
|  92|0x000000070d000000, 0x000000070d000000, 0x000000070d200000|  0%| F|  |TAMS 0x000000070d000000| PB 0x000000070d000000| Untracked 
|  93|0x000000070d200000, 0x000000070d200000, 0x000000070d400000|  0%| F|  |TAMS 0x000000070d200000| PB 0x000000070d200000| Untracked 
|  94|0x000000070d400000, 0x000000070d400000, 0x000000070d600000|  0%| F|  |TAMS 0x000000070d400000| PB 0x000000070d400000| Untracked 
|  95|0x000000070d600000, 0x000000070d600000, 0x000000070d800000|  0%| F|  |TAMS 0x000000070d600000| PB 0x000000070d600000| Untracked 
|  96|0x000000070d800000, 0x000000070d800000, 0x000000070da00000|  0%| F|  |TAMS 0x000000070d800000| PB 0x000000070d800000| Untracked 
|  97|0x000000070da00000, 0x000000070da00000, 0x000000070dc00000|  0%| F|  |TAMS 0x000000070da00000| PB 0x000000070da00000| Untracked 
|  98|0x000000070dc00000, 0x000000070dc00000, 0x000000070de00000|  0%| F|  |TAMS 0x000000070dc00000| PB 0x000000070dc00000| Untracked 
|  99|0x000000070de00000, 0x000000070de00000, 0x000000070e000000|  0%| F|  |TAMS 0x000000070de00000| PB 0x000000070de00000| Untracked 
| 100|0x000000070e000000, 0x000000070e000000, 0x000000070e200000|  0%| F|  |TAMS 0x000000070e000000| PB 0x000000070e000000| Untracked 
| 101|0x000000070e200000, 0x000000070e200000, 0x000000070e400000|  0%| F|  |TAMS 0x000000070e200000| PB 0x000000070e200000| Untracked 
| 102|0x000000070e400000, 0x000000070e400000, 0x000000070e600000|  0%| F|  |TAMS 0x000000070e400000| PB 0x000000070e400000| Untracked 
| 103|0x000000070e600000, 0x000000070e600000, 0x000000070e800000|  0%| F|  |TAMS 0x000000070e600000| PB 0x000000070e600000| Untracked 
| 104|0x000000070e800000, 0x000000070e800000, 0x000000070ea00000|  0%| F|  |TAMS 0x000000070e800000| PB 0x000000070e800000| Untracked 
| 105|0x000000070ea00000, 0x000000070ea00000, 0x000000070ec00000|  0%| F|  |TAMS 0x000000070ea00000| PB 0x000000070ea00000| Untracked 
| 106|0x000000070ec00000, 0x000000070ec00000, 0x000000070ee00000|  0%| F|  |TAMS 0x000000070ec00000| PB 0x000000070ec00000| Untracked 
| 107|0x000000070ee00000, 0x000000070ee00000, 0x000000070f000000|  0%| F|  |TAMS 0x000000070ee00000| PB 0x000000070ee00000| Untracked 
| 108|0x000000070f000000, 0x000000070f000000, 0x000000070f200000|  0%| F|  |TAMS 0x000000070f000000| PB 0x000000070f000000| Untracked 
| 109|0x000000070f200000, 0x000000070f200000, 0x000000070f400000|  0%| F|  |TAMS 0x000000070f200000| PB 0x000000070f200000| Untracked 
| 110|0x000000070f400000, 0x000000070f400000, 0x000000070f600000|  0%| F|  |TAMS 0x000000070f400000| PB 0x000000070f400000| Untracked 
| 111|0x000000070f600000, 0x000000070f600000, 0x000000070f800000|  0%| F|  |TAMS 0x000000070f600000| PB 0x000000070f600000| Untracked 
| 112|0x000000070f800000, 0x000000070f800000, 0x000000070fa00000|  0%| F|  |TAMS 0x000000070f800000| PB 0x000000070f800000| Untracked 
| 113|0x000000070fa00000, 0x000000070fa00000, 0x000000070fc00000|  0%| F|  |TAMS 0x000000070fa00000| PB 0x000000070fa00000| Untracked 
| 114|0x000000070fc00000, 0x000000070fc00000, 0x000000070fe00000|  0%| F|  |TAMS 0x000000070fc00000| PB 0x000000070fc00000| Untracked 
| 115|0x000000070fe00000, 0x000000070fe00000, 0x0000000710000000|  0%| F|  |TAMS 0x000000070fe00000| PB 0x000000070fe00000| Untracked 
| 116|0x0000000710000000, 0x0000000710000000, 0x0000000710200000|  0%| F|  |TAMS 0x0000000710000000| PB 0x0000000710000000| Untracked 
| 117|0x0000000710200000, 0x0000000710200000, 0x0000000710400000|  0%| F|  |TAMS 0x0000000710200000| PB 0x0000000710200000| Untracked 
| 118|0x0000000710400000, 0x0000000710400000, 0x0000000710600000|  0%| F|  |TAMS 0x0000000710400000| PB 0x0000000710400000| Untracked 
| 119|0x0000000710600000, 0x0000000710600000, 0x0000000710800000|  0%| F|  |TAMS 0x0000000710600000| PB 0x0000000710600000| Untracked 
| 120|0x0000000710800000, 0x0000000710800000, 0x0000000710a00000|  0%| F|  |TAMS 0x0000000710800000| PB 0x0000000710800000| Untracked 
| 121|0x0000000710a00000, 0x0000000710a00000, 0x0000000710c00000|  0%| F|  |TAMS 0x0000000710a00000| PB 0x0000000710a00000| Untracked 
| 122|0x0000000710c00000, 0x0000000710c00000, 0x0000000710e00000|  0%| F|  |TAMS 0x0000000710c00000| PB 0x0000000710c00000| Untracked 
| 123|0x0000000710e00000, 0x0000000710e00000, 0x0000000711000000|  0%| F|  |TAMS 0x0000000710e00000| PB 0x0000000710e00000| Untracked 
| 124|0x0000000711000000, 0x0000000711000000, 0x0000000711200000|  0%| F|  |TAMS 0x0000000711000000| PB 0x0000000711000000| Untracked 
| 125|0x0000000711200000, 0x0000000711200000, 0x0000000711400000|  0%| F|  |TAMS 0x0000000711200000| PB 0x0000000711200000| Untracked 
| 126|0x0000000711400000, 0x0000000711400000, 0x0000000711600000|  0%| F|  |TAMS 0x0000000711400000| PB 0x0000000711400000| Untracked 
| 127|0x0000000711600000, 0x0000000711600000, 0x0000000711800000|  0%| F|  |TAMS 0x0000000711600000| PB 0x0000000711600000| Untracked 
| 128|0x0000000711800000, 0x0000000711800000, 0x0000000711a00000|  0%| F|  |TAMS 0x0000000711800000| PB 0x0000000711800000| Untracked 
| 129|0x0000000711a00000, 0x0000000711a00000, 0x0000000711c00000|  0%| F|  |TAMS 0x0000000711a00000| PB 0x0000000711a00000| Untracked 
| 130|0x0000000711c00000, 0x0000000711c00000, 0x0000000711e00000|  0%| F|  |TAMS 0x0000000711c00000| PB 0x0000000711c00000| Untracked 
| 131|0x0000000711e00000, 0x0000000711e00000, 0x0000000712000000|  0%| F|  |TAMS 0x0000000711e00000| PB 0x0000000711e00000| Untracked 
| 132|0x0000000712000000, 0x0000000712000000, 0x0000000712200000|  0%| F|  |TAMS 0x0000000712000000| PB 0x0000000712000000| Untracked 
| 133|0x0000000712200000, 0x0000000712200000, 0x0000000712400000|  0%| F|  |TAMS 0x0000000712200000| PB 0x0000000712200000| Untracked 
| 134|0x0000000712400000, 0x0000000712400000, 0x0000000712600000|  0%| F|  |TAMS 0x0000000712400000| PB 0x0000000712400000| Untracked 
| 135|0x0000000712600000, 0x0000000712600000, 0x0000000712800000|  0%| F|  |TAMS 0x0000000712600000| PB 0x0000000712600000| Untracked 
| 136|0x0000000712800000, 0x0000000712800000, 0x0000000712a00000|  0%| F|  |TAMS 0x0000000712800000| PB 0x0000000712800000| Untracked 
| 137|0x0000000712a00000, 0x0000000712a00000, 0x0000000712c00000|  0%| F|  |TAMS 0x0000000712a00000| PB 0x0000000712a00000| Untracked 
| 138|0x0000000712c00000, 0x0000000712c00000, 0x0000000712e00000|  0%| F|  |TAMS 0x0000000712c00000| PB 0x0000000712c00000| Untracked 
| 139|0x0000000712e00000, 0x0000000712e00000, 0x0000000713000000|  0%| F|  |TAMS 0x0000000712e00000| PB 0x0000000712e00000| Untracked 
| 140|0x0000000713000000, 0x0000000713000000, 0x0000000713200000|  0%| F|  |TAMS 0x0000000713000000| PB 0x0000000713000000| Untracked 
| 141|0x0000000713200000, 0x0000000713200000, 0x0000000713400000|  0%| F|  |TAMS 0x0000000713200000| PB 0x0000000713200000| Untracked 
| 142|0x0000000713400000, 0x0000000713400000, 0x0000000713600000|  0%| F|  |TAMS 0x0000000713400000| PB 0x0000000713400000| Untracked 
| 143|0x0000000713600000, 0x0000000713600000, 0x0000000713800000|  0%| F|  |TAMS 0x0000000713600000| PB 0x0000000713600000| Untracked 
| 144|0x0000000713800000, 0x0000000713800000, 0x0000000713a00000|  0%| F|  |TAMS 0x0000000713800000| PB 0x0000000713800000| Untracked 
| 145|0x0000000713a00000, 0x0000000713a00000, 0x0000000713c00000|  0%| F|  |TAMS 0x0000000713a00000| PB 0x0000000713a00000| Untracked 
| 146|0x0000000713c00000, 0x0000000713c00000, 0x0000000713e00000|  0%| F|  |TAMS 0x0000000713c00000| PB 0x0000000713c00000| Untracked 
| 147|0x0000000713e00000, 0x0000000713e00000, 0x0000000714000000|  0%| F|  |TAMS 0x0000000713e00000| PB 0x0000000713e00000| Untracked 
| 148|0x0000000714000000, 0x0000000714000000, 0x0000000714200000|  0%| F|  |TAMS 0x0000000714000000| PB 0x0000000714000000| Untracked 
| 149|0x0000000714200000, 0x0000000714200000, 0x0000000714400000|  0%| F|  |TAMS 0x0000000714200000| PB 0x0000000714200000| Untracked 
| 150|0x0000000714400000, 0x0000000714400000, 0x0000000714600000|  0%| F|  |TAMS 0x0000000714400000| PB 0x0000000714400000| Untracked 
| 151|0x0000000714600000, 0x0000000714600000, 0x0000000714800000|  0%| F|  |TAMS 0x0000000714600000| PB 0x0000000714600000| Untracked 
| 152|0x0000000714800000, 0x0000000714800000, 0x0000000714a00000|  0%| F|  |TAMS 0x0000000714800000| PB 0x0000000714800000| Untracked 
| 153|0x0000000714a00000, 0x0000000714a00000, 0x0000000714c00000|  0%| F|  |TAMS 0x0000000714a00000| PB 0x0000000714a00000| Untracked 
| 154|0x0000000714c00000, 0x0000000714c00000, 0x0000000714e00000|  0%| F|  |TAMS 0x0000000714c00000| PB 0x0000000714c00000| Untracked 
| 155|0x0000000714e00000, 0x0000000714e00000, 0x0000000715000000|  0%| F|  |TAMS 0x0000000714e00000| PB 0x0000000714e00000| Untracked 
| 156|0x0000000715000000, 0x0000000715000000, 0x0000000715200000|  0%| F|  |TAMS 0x0000000715000000| PB 0x0000000715000000| Untracked 
| 157|0x0000000715200000, 0x0000000715200000, 0x0000000715400000|  0%| F|  |TAMS 0x0000000715200000| PB 0x0000000715200000| Untracked 
| 158|0x0000000715400000, 0x0000000715400000, 0x0000000715600000|  0%| F|  |TAMS 0x0000000715400000| PB 0x0000000715400000| Untracked 
| 159|0x0000000715600000, 0x0000000715600000, 0x0000000715800000|  0%| F|  |TAMS 0x0000000715600000| PB 0x0000000715600000| Untracked 
| 160|0x0000000715800000, 0x0000000715800000, 0x0000000715a00000|  0%| F|  |TAMS 0x0000000715800000| PB 0x0000000715800000| Untracked 
| 161|0x0000000715a00000, 0x0000000715a00000, 0x0000000715c00000|  0%| F|  |TAMS 0x0000000715a00000| PB 0x0000000715a00000| Untracked 
| 162|0x0000000715c00000, 0x0000000715c00000, 0x0000000715e00000|  0%| F|  |TAMS 0x0000000715c00000| PB 0x0000000715c00000| Untracked 
| 163|0x0000000715e00000, 0x0000000715e00000, 0x0000000716000000|  0%| F|  |TAMS 0x0000000715e00000| PB 0x0000000715e00000| Untracked 
| 164|0x0000000716000000, 0x0000000716000000, 0x0000000716200000|  0%| F|  |TAMS 0x0000000716000000| PB 0x0000000716000000| Untracked 
| 165|0x0000000716200000, 0x0000000716200000, 0x0000000716400000|  0%| F|  |TAMS 0x0000000716200000| PB 0x0000000716200000| Untracked 
| 166|0x0000000716400000, 0x0000000716400000, 0x0000000716600000|  0%| F|  |TAMS 0x0000000716400000| PB 0x0000000716400000| Untracked 
| 167|0x0000000716600000, 0x0000000716600000, 0x0000000716800000|  0%| F|  |TAMS 0x0000000716600000| PB 0x0000000716600000| Untracked 
| 168|0x0000000716800000, 0x0000000716800000, 0x0000000716a00000|  0%| F|  |TAMS 0x0000000716800000| PB 0x0000000716800000| Untracked 
| 169|0x0000000716a00000, 0x0000000716a00000, 0x0000000716c00000|  0%| F|  |TAMS 0x0000000716a00000| PB 0x0000000716a00000| Untracked 
| 170|0x0000000716c00000, 0x0000000716c00000, 0x0000000716e00000|  0%| F|  |TAMS 0x0000000716c00000| PB 0x0000000716c00000| Untracked 
| 171|0x0000000716e00000, 0x0000000716e00000, 0x0000000717000000|  0%| F|  |TAMS 0x0000000716e00000| PB 0x0000000716e00000| Untracked 
| 172|0x0000000717000000, 0x0000000717000000, 0x0000000717200000|  0%| F|  |TAMS 0x0000000717000000| PB 0x0000000717000000| Untracked 
| 173|0x0000000717200000, 0x0000000717200000, 0x0000000717400000|  0%| F|  |TAMS 0x0000000717200000| PB 0x0000000717200000| Untracked 
| 174|0x0000000717400000, 0x0000000717400000, 0x0000000717600000|  0%| F|  |TAMS 0x0000000717400000| PB 0x0000000717400000| Untracked 
| 175|0x0000000717600000, 0x0000000717600000, 0x0000000717800000|  0%| F|  |TAMS 0x0000000717600000| PB 0x0000000717600000| Untracked 
| 176|0x0000000717800000, 0x0000000717800000, 0x0000000717a00000|  0%| F|  |TAMS 0x0000000717800000| PB 0x0000000717800000| Untracked 
| 177|0x0000000717a00000, 0x0000000717a00000, 0x0000000717c00000|  0%| F|  |TAMS 0x0000000717a00000| PB 0x0000000717a00000| Untracked 
| 178|0x0000000717c00000, 0x0000000717c00000, 0x0000000717e00000|  0%| F|  |TAMS 0x0000000717c00000| PB 0x0000000717c00000| Untracked 
| 179|0x0000000717e00000, 0x0000000717e00000, 0x0000000718000000|  0%| F|  |TAMS 0x0000000717e00000| PB 0x0000000717e00000| Untracked 
| 180|0x0000000718000000, 0x0000000718000000, 0x0000000718200000|  0%| F|  |TAMS 0x0000000718000000| PB 0x0000000718000000| Untracked 
| 181|0x0000000718200000, 0x0000000718200000, 0x0000000718400000|  0%| F|  |TAMS 0x0000000718200000| PB 0x0000000718200000| Untracked 
| 182|0x0000000718400000, 0x0000000718400000, 0x0000000718600000|  0%| F|  |TAMS 0x0000000718400000| PB 0x0000000718400000| Untracked 
| 183|0x0000000718600000, 0x0000000718600000, 0x0000000718800000|  0%| F|  |TAMS 0x0000000718600000| PB 0x0000000718600000| Untracked 
| 184|0x0000000718800000, 0x0000000718800000, 0x0000000718a00000|  0%| F|  |TAMS 0x0000000718800000| PB 0x0000000718800000| Untracked 
| 185|0x0000000718a00000, 0x0000000718a00000, 0x0000000718c00000|  0%| F|  |TAMS 0x0000000718a00000| PB 0x0000000718a00000| Untracked 
| 186|0x0000000718c00000, 0x0000000718c00000, 0x0000000718e00000|  0%| F|  |TAMS 0x0000000718c00000| PB 0x0000000718c00000| Untracked 
| 187|0x0000000718e00000, 0x0000000718e00000, 0x0000000719000000|  0%| F|  |TAMS 0x0000000718e00000| PB 0x0000000718e00000| Untracked 
| 188|0x0000000719000000, 0x0000000719000000, 0x0000000719200000|  0%| F|  |TAMS 0x0000000719000000| PB 0x0000000719000000| Untracked 
| 189|0x0000000719200000, 0x0000000719200000, 0x0000000719400000|  0%| F|  |TAMS 0x0000000719200000| PB 0x0000000719200000| Untracked 
| 190|0x0000000719400000, 0x0000000719400000, 0x0000000719600000|  0%| F|  |TAMS 0x0000000719400000| PB 0x0000000719400000| Untracked 
| 191|0x0000000719600000, 0x0000000719600000, 0x0000000719800000|  0%| F|  |TAMS 0x0000000719600000| PB 0x0000000719600000| Untracked 
| 192|0x0000000719800000, 0x0000000719800000, 0x0000000719a00000|  0%| F|  |TAMS 0x0000000719800000| PB 0x0000000719800000| Untracked 
| 193|0x0000000719a00000, 0x0000000719a00000, 0x0000000719c00000|  0%| F|  |TAMS 0x0000000719a00000| PB 0x0000000719a00000| Untracked 
| 194|0x0000000719c00000, 0x0000000719c00000, 0x0000000719e00000|  0%| F|  |TAMS 0x0000000719c00000| PB 0x0000000719c00000| Untracked 
| 195|0x0000000719e00000, 0x0000000719e00000, 0x000000071a000000|  0%| F|  |TAMS 0x0000000719e00000| PB 0x0000000719e00000| Untracked 
| 196|0x000000071a000000, 0x000000071a000000, 0x000000071a200000|  0%| F|  |TAMS 0x000000071a000000| PB 0x000000071a000000| Untracked 
| 197|0x000000071a200000, 0x000000071a200000, 0x000000071a400000|  0%| F|  |TAMS 0x000000071a200000| PB 0x000000071a200000| Untracked 
| 198|0x000000071a400000, 0x000000071a400000, 0x000000071a600000|  0%| F|  |TAMS 0x000000071a400000| PB 0x000000071a400000| Untracked 
| 199|0x000000071a600000, 0x000000071a600000, 0x000000071a800000|  0%| F|  |TAMS 0x000000071a600000| PB 0x000000071a600000| Untracked 
| 200|0x000000071a800000, 0x000000071a800000, 0x000000071aa00000|  0%| F|  |TAMS 0x000000071a800000| PB 0x000000071a800000| Untracked 
| 201|0x000000071aa00000, 0x000000071aa00000, 0x000000071ac00000|  0%| F|  |TAMS 0x000000071aa00000| PB 0x000000071aa00000| Untracked 
| 202|0x000000071ac00000, 0x000000071ac00000, 0x000000071ae00000|  0%| F|  |TAMS 0x000000071ac00000| PB 0x000000071ac00000| Untracked 
| 203|0x000000071ae00000, 0x000000071ae00000, 0x000000071b000000|  0%| F|  |TAMS 0x000000071ae00000| PB 0x000000071ae00000| Untracked 
| 204|0x000000071b000000, 0x000000071b000000, 0x000000071b200000|  0%| F|  |TAMS 0x000000071b000000| PB 0x000000071b000000| Untracked 
| 205|0x000000071b200000, 0x000000071b200000, 0x000000071b400000|  0%| F|  |TAMS 0x000000071b200000| PB 0x000000071b200000| Untracked 
| 206|0x000000071b400000, 0x000000071b400000, 0x000000071b600000|  0%| F|  |TAMS 0x000000071b400000| PB 0x000000071b400000| Untracked 
| 207|0x000000071b600000, 0x000000071b600000, 0x000000071b800000|  0%| F|  |TAMS 0x000000071b600000| PB 0x000000071b600000| Untracked 
| 208|0x000000071b800000, 0x000000071b800000, 0x000000071ba00000|  0%| F|  |TAMS 0x000000071b800000| PB 0x000000071b800000| Untracked 
| 209|0x000000071ba00000, 0x000000071ba00000, 0x000000071bc00000|  0%| F|  |TAMS 0x000000071ba00000| PB 0x000000071ba00000| Untracked 
| 210|0x000000071bc00000, 0x000000071bc00000, 0x000000071be00000|  0%| F|  |TAMS 0x000000071bc00000| PB 0x000000071bc00000| Untracked 
| 211|0x000000071be00000, 0x000000071c000000, 0x000000071c000000|100%| O|  |TAMS 0x000000071be00000| PB 0x000000071be00000| Untracked 
| 212|0x000000071c000000, 0x000000071c000000, 0x000000071c200000|  0%| F|  |TAMS 0x000000071c000000| PB 0x000000071c000000| Untracked 
| 213|0x000000071c200000, 0x000000071c400000, 0x000000071c400000|100%| O|  |TAMS 0x000000071c200000| PB 0x000000071c200000| Untracked 
| 214|0x000000071c400000, 0x000000071c400000, 0x000000071c600000|  0%| F|  |TAMS 0x000000071c400000| PB 0x000000071c400000| Untracked 
| 215|0x000000071c600000, 0x000000071c600000, 0x000000071c800000|  0%| F|  |TAMS 0x000000071c600000| PB 0x000000071c600000| Untracked 
| 216|0x000000071c800000, 0x000000071c800000, 0x000000071ca00000|  0%| F|  |TAMS 0x000000071c800000| PB 0x000000071c800000| Untracked 
| 217|0x000000071ca00000, 0x000000071ca00000, 0x000000071cc00000|  0%| F|  |TAMS 0x000000071ca00000| PB 0x000000071ca00000| Untracked 
| 218|0x000000071cc00000, 0x000000071cc00000, 0x000000071ce00000|  0%| F|  |TAMS 0x000000071cc00000| PB 0x000000071cc00000| Untracked 
| 219|0x000000071ce00000, 0x000000071ce00000, 0x000000071d000000|  0%| F|  |TAMS 0x000000071ce00000| PB 0x000000071ce00000| Untracked 
| 220|0x000000071d000000, 0x000000071d000000, 0x000000071d200000|  0%| F|  |TAMS 0x000000071d000000| PB 0x000000071d000000| Untracked 
| 221|0x000000071d200000, 0x000000071d200000, 0x000000071d400000|  0%| F|  |TAMS 0x000000071d200000| PB 0x000000071d200000| Untracked 
| 222|0x000000071d400000, 0x000000071d400000, 0x000000071d600000|  0%| F|  |TAMS 0x000000071d400000| PB 0x000000071d400000| Untracked 
| 223|0x000000071d600000, 0x000000071d600000, 0x000000071d800000|  0%| F|  |TAMS 0x000000071d600000| PB 0x000000071d600000| Untracked 
| 224|0x000000071d800000, 0x000000071d800000, 0x000000071da00000|  0%| F|  |TAMS 0x000000071d800000| PB 0x000000071d800000| Untracked 
| 225|0x000000071da00000, 0x000000071da00000, 0x000000071dc00000|  0%| F|  |TAMS 0x000000071da00000| PB 0x000000071da00000| Untracked 
| 226|0x000000071dc00000, 0x000000071dc00000, 0x000000071de00000|  0%| F|  |TAMS 0x000000071dc00000| PB 0x000000071dc00000| Untracked 
| 227|0x000000071de00000, 0x000000071de00000, 0x000000071e000000|  0%| F|  |TAMS 0x000000071de00000| PB 0x000000071de00000| Untracked 
| 228|0x000000071e000000, 0x000000071e000000, 0x000000071e200000|  0%| F|  |TAMS 0x000000071e000000| PB 0x000000071e000000| Untracked 
| 229|0x000000071e200000, 0x000000071e200000, 0x000000071e400000|  0%| F|  |TAMS 0x000000071e200000| PB 0x000000071e200000| Untracked 
| 230|0x000000071e400000, 0x000000071e400000, 0x000000071e600000|  0%| F|  |TAMS 0x000000071e400000| PB 0x000000071e400000| Untracked 
| 231|0x000000071e600000, 0x000000071e600000, 0x000000071e800000|  0%| F|  |TAMS 0x000000071e600000| PB 0x000000071e600000| Untracked 
| 232|0x000000071e800000, 0x000000071e800000, 0x000000071ea00000|  0%| F|  |TAMS 0x000000071e800000| PB 0x000000071e800000| Untracked 
| 233|0x000000071ea00000, 0x000000071ea00000, 0x000000071ec00000|  0%| F|  |TAMS 0x000000071ea00000| PB 0x000000071ea00000| Untracked 
| 234|0x000000071ec00000, 0x000000071ec00000, 0x000000071ee00000|  0%| F|  |TAMS 0x000000071ec00000| PB 0x000000071ec00000| Untracked 
| 235|0x000000071ee00000, 0x000000071ee00000, 0x000000071f000000|  0%| F|  |TAMS 0x000000071ee00000| PB 0x000000071ee00000| Untracked 
| 236|0x000000071f000000, 0x000000071f000000, 0x000000071f200000|  0%| F|  |TAMS 0x000000071f000000| PB 0x000000071f000000| Untracked 
| 237|0x000000071f200000, 0x000000071f200000, 0x000000071f400000|  0%| F|  |TAMS 0x000000071f200000| PB 0x000000071f200000| Untracked 
| 238|0x000000071f400000, 0x000000071f400000, 0x000000071f600000|  0%| F|  |TAMS 0x000000071f400000| PB 0x000000071f400000| Untracked 
| 239|0x000000071f600000, 0x000000071f600000, 0x000000071f800000|  0%| F|  |TAMS 0x000000071f600000| PB 0x000000071f600000| Untracked 
| 240|0x000000071f800000, 0x000000071f800000, 0x000000071fa00000|  0%| F|  |TAMS 0x000000071f800000| PB 0x000000071f800000| Untracked 
| 241|0x000000071fa00000, 0x000000071fa00000, 0x000000071fc00000|  0%| F|  |TAMS 0x000000071fa00000| PB 0x000000071fa00000| Untracked 
| 242|0x000000071fc00000, 0x000000071fc00000, 0x000000071fe00000|  0%| F|  |TAMS 0x000000071fc00000| PB 0x000000071fc00000| Untracked 
| 243|0x000000071fe00000, 0x000000071fe00000, 0x0000000720000000|  0%| F|  |TAMS 0x000000071fe00000| PB 0x000000071fe00000| Untracked 
| 244|0x0000000720000000, 0x0000000720000000, 0x0000000720200000|  0%| F|  |TAMS 0x0000000720000000| PB 0x0000000720000000| Untracked 
| 245|0x0000000720200000, 0x0000000720200000, 0x0000000720400000|  0%| F|  |TAMS 0x0000000720200000| PB 0x0000000720200000| Untracked 
| 246|0x0000000720400000, 0x0000000720400000, 0x0000000720600000|  0%| F|  |TAMS 0x0000000720400000| PB 0x0000000720400000| Untracked 
| 247|0x0000000720600000, 0x0000000720600000, 0x0000000720800000|  0%| F|  |TAMS 0x0000000720600000| PB 0x0000000720600000| Untracked 
| 248|0x0000000720800000, 0x0000000720800000, 0x0000000720a00000|  0%| F|  |TAMS 0x0000000720800000| PB 0x0000000720800000| Untracked 
| 249|0x0000000720a00000, 0x0000000720a00000, 0x0000000720c00000|  0%| F|  |TAMS 0x0000000720a00000| PB 0x0000000720a00000| Untracked 
| 250|0x0000000720c00000, 0x0000000720c00000, 0x0000000720e00000|  0%| F|  |TAMS 0x0000000720c00000| PB 0x0000000720c00000| Untracked 
| 251|0x0000000720e00000, 0x0000000720ea7cc0, 0x0000000721000000| 32%| S|CS|TAMS 0x0000000720e00000| PB 0x0000000720e00000| Complete 
| 252|0x0000000721000000, 0x0000000721200000, 0x0000000721200000|100%| S|CS|TAMS 0x0000000721000000| PB 0x0000000721000000| Complete 
| 253|0x0000000721200000, 0x0000000721400000, 0x0000000721400000|100%| S|CS|TAMS 0x0000000721200000| PB 0x0000000721200000| Complete 
| 254|0x0000000721400000, 0x0000000721400000, 0x0000000721600000|  0%| F|  |TAMS 0x0000000721400000| PB 0x0000000721400000| Untracked 
| 255|0x0000000721600000, 0x0000000721600000, 0x0000000721800000|  0%| F|  |TAMS 0x0000000721600000| PB 0x0000000721600000| Untracked 
| 256|0x0000000721800000, 0x0000000721800000, 0x0000000721a00000|  0%| F|  |TAMS 0x0000000721800000| PB 0x0000000721800000| Untracked 
| 257|0x0000000721a00000, 0x0000000721a00000, 0x0000000721c00000|  0%| F|  |TAMS 0x0000000721a00000| PB 0x0000000721a00000| Untracked 
| 258|0x0000000721c00000, 0x0000000721c00000, 0x0000000721e00000|  0%| F|  |TAMS 0x0000000721c00000| PB 0x0000000721c00000| Untracked 
| 259|0x0000000721e00000, 0x0000000721e00000, 0x0000000722000000|  0%| F|  |TAMS 0x0000000721e00000| PB 0x0000000721e00000| Untracked 
| 260|0x0000000722000000, 0x0000000722000000, 0x0000000722200000|  0%| F|  |TAMS 0x0000000722000000| PB 0x0000000722000000| Untracked 
| 261|0x0000000722200000, 0x0000000722200000, 0x0000000722400000|  0%| F|  |TAMS 0x0000000722200000| PB 0x0000000722200000| Untracked 
| 262|0x0000000722400000, 0x0000000722400000, 0x0000000722600000|  0%| F|  |TAMS 0x0000000722400000| PB 0x0000000722400000| Untracked 
| 263|0x0000000722600000, 0x0000000722600000, 0x0000000722800000|  0%| F|  |TAMS 0x0000000722600000| PB 0x0000000722600000| Untracked 
| 264|0x0000000722800000, 0x0000000722800000, 0x0000000722a00000|  0%| F|  |TAMS 0x0000000722800000| PB 0x0000000722800000| Untracked 
| 265|0x0000000722a00000, 0x0000000722a00000, 0x0000000722c00000|  0%| F|  |TAMS 0x0000000722a00000| PB 0x0000000722a00000| Untracked 
| 266|0x0000000722c00000, 0x0000000722c00000, 0x0000000722e00000|  0%| F|  |TAMS 0x0000000722c00000| PB 0x0000000722c00000| Untracked 
| 267|0x0000000722e00000, 0x0000000722e00000, 0x0000000723000000|  0%| F|  |TAMS 0x0000000722e00000| PB 0x0000000722e00000| Untracked 
| 268|0x0000000723000000, 0x0000000723000000, 0x0000000723200000|  0%| F|  |TAMS 0x0000000723000000| PB 0x0000000723000000| Untracked 
| 269|0x0000000723200000, 0x0000000723200000, 0x0000000723400000|  0%| F|  |TAMS 0x0000000723200000| PB 0x0000000723200000| Untracked 
| 270|0x0000000723400000, 0x0000000723400000, 0x0000000723600000|  0%| F|  |TAMS 0x0000000723400000| PB 0x0000000723400000| Untracked 
| 271|0x0000000723600000, 0x0000000723600000, 0x0000000723800000|  0%| F|  |TAMS 0x0000000723600000| PB 0x0000000723600000| Untracked 
| 272|0x0000000723800000, 0x0000000723800000, 0x0000000723a00000|  0%| F|  |TAMS 0x0000000723800000| PB 0x0000000723800000| Untracked 
| 273|0x0000000723a00000, 0x0000000723a00000, 0x0000000723c00000|  0%| F|  |TAMS 0x0000000723a00000| PB 0x0000000723a00000| Untracked 
| 274|0x0000000723c00000, 0x0000000723c00000, 0x0000000723e00000|  0%| F|  |TAMS 0x0000000723c00000| PB 0x0000000723c00000| Untracked 
| 275|0x0000000723e00000, 0x0000000723e00000, 0x0000000724000000|  0%| F|  |TAMS 0x0000000723e00000| PB 0x0000000723e00000| Untracked 
| 276|0x0000000724000000, 0x0000000724000000, 0x0000000724200000|  0%| F|  |TAMS 0x0000000724000000| PB 0x0000000724000000| Untracked 
| 277|0x0000000724200000, 0x0000000724200000, 0x0000000724400000|  0%| F|  |TAMS 0x0000000724200000| PB 0x0000000724200000| Untracked 
| 278|0x0000000724400000, 0x0000000724400000, 0x0000000724600000|  0%| F|  |TAMS 0x0000000724400000| PB 0x0000000724400000| Untracked 
| 279|0x0000000724600000, 0x0000000724600000, 0x0000000724800000|  0%| F|  |TAMS 0x0000000724600000| PB 0x0000000724600000| Untracked 
| 280|0x0000000724800000, 0x0000000724800000, 0x0000000724a00000|  0%| F|  |TAMS 0x0000000724800000| PB 0x0000000724800000| Untracked 
| 281|0x0000000724a00000, 0x0000000724a00000, 0x0000000724c00000|  0%| F|  |TAMS 0x0000000724a00000| PB 0x0000000724a00000| Untracked 
| 282|0x0000000724c00000, 0x0000000724c00000, 0x0000000724e00000|  0%| F|  |TAMS 0x0000000724c00000| PB 0x0000000724c00000| Untracked 
| 283|0x0000000724e00000, 0x0000000724e00000, 0x0000000725000000|  0%| F|  |TAMS 0x0000000724e00000| PB 0x0000000724e00000| Untracked 
| 284|0x0000000725000000, 0x0000000725000000, 0x0000000725200000|  0%| F|  |TAMS 0x0000000725000000| PB 0x0000000725000000| Untracked 
| 285|0x0000000725200000, 0x0000000725200000, 0x0000000725400000|  0%| F|  |TAMS 0x0000000725200000| PB 0x0000000725200000| Untracked 
| 286|0x0000000725400000, 0x0000000725400000, 0x0000000725600000|  0%| F|  |TAMS 0x0000000725400000| PB 0x0000000725400000| Untracked 
| 287|0x0000000725600000, 0x0000000725600000, 0x0000000725800000|  0%| F|  |TAMS 0x0000000725600000| PB 0x0000000725600000| Untracked 
| 288|0x0000000725800000, 0x0000000725800000, 0x0000000725a00000|  0%| F|  |TAMS 0x0000000725800000| PB 0x0000000725800000| Untracked 
| 289|0x0000000725a00000, 0x0000000725a00000, 0x0000000725c00000|  0%| F|  |TAMS 0x0000000725a00000| PB 0x0000000725a00000| Untracked 
| 290|0x0000000725c00000, 0x0000000725c00000, 0x0000000725e00000|  0%| F|  |TAMS 0x0000000725c00000| PB 0x0000000725c00000| Untracked 
| 291|0x0000000725e00000, 0x0000000725e00000, 0x0000000726000000|  0%| F|  |TAMS 0x0000000725e00000| PB 0x0000000725e00000| Untracked 
| 292|0x0000000726000000, 0x0000000726000000, 0x0000000726200000|  0%| F|  |TAMS 0x0000000726000000| PB 0x0000000726000000| Untracked 
| 293|0x0000000726200000, 0x00000007263135b0, 0x0000000726400000| 53%| E|  |TAMS 0x0000000726200000| PB 0x0000000726200000| Complete 

Card table byte_map: [0x000001c80ebd0000,0x000001c80f3d0000] _byte_map_base: 0x000001c80b3c4000

Marking Bits: (CMBitMap*) 0x000001c80fd83930
 Bits: [0x000001c8279b0000, 0x000001c82b950000)

Polling page: 0x000001c804ef0000

Metaspace:

Usage:
  Non-class:    100.31 MB used.
      Class:     17.52 MB used.
       Both:    117.82 MB used.

Virtual space:
  Non-class space:      128.00 MB reserved,     100.75 MB ( 79%) committed,  2 nodes.
      Class space:        1.00 GB reserved,      17.88 MB (  2%) committed,  1 nodes.
             Both:        1.12 GB reserved,     118.62 MB ( 10%) committed. 

Chunk freelists:
   Non-Class:  10.36 MB
       Class:  14.07 MB
        Both:  24.42 MB

MaxMetaspaceSize: unlimited
CompressedClassSpaceSize: 1.00 GB
Initial GC threshold: 21.00 MB
Current GC threshold: 197.50 MB
CDS: on
 - commit_granule_bytes: 65536.
 - commit_granule_words: 8192.
 - virtual_space_node_default_size: 8388608.
 - enlarge_chunks_in_place: 1.
 - use_allocation_guard: 0.


Internal statistics:

num_allocs_failed_limit: 12.
num_arena_births: 1246.
num_arena_deaths: 0.
num_vsnodes_births: 3.
num_vsnodes_deaths: 0.
num_space_committed: 1891.
num_space_uncommitted: 0.
num_chunks_returned_to_freelist: 12.
num_chunks_taken_from_freelist: 4849.
num_chunk_merges: 6.
num_chunk_splits: 3605.
num_chunks_enlarged: 2736.
num_inconsistent_stats: 0.

CodeHeap 'non-profiled nmethods': size=119168Kb used=16719Kb max_used=18706Kb free=102448Kb
 bounds [0x000001c820550000, 0x000001c8217a0000, 0x000001c8279b0000]
CodeHeap 'profiled nmethods': size=119104Kb used=20323Kb max_used=41780Kb free=98780Kb
 bounds [0x000001c8189b0000, 0x000001c81b310000, 0x000001c81fe00000]
CodeHeap 'non-nmethods': size=7488Kb used=3665Kb max_used=4289Kb free=3823Kb
 bounds [0x000001c81fe00000, 0x000001c820250000, 0x000001c820550000]
 total_blobs=11017 nmethods=9604 adapters=1310
 compilation: enabled
              stopped_count=0, restarted_count=0
 full_count=0

Compilation events (20 events):
Event: 1165.205 Thread 0x000001c8e481eee0 nmethod 31372 0x000001c81931a490 code [0x000001c81931a660, 0x000001c81931a880]
Event: 1165.206 Thread 0x000001c8e4822c30 nmethod 31373 0x000001c821278d10 code [0x000001c821278ea0, 0x000001c821278f68]
Event: 1165.206 Thread 0x000001c8e4822c30 31374       1       com.jidesoft.pane.CollapsiblePane::isShowExpandButton (5 bytes)
Event: 1165.206 Thread 0x000001c8e4822c30 nmethod 31374 0x000001c8213ca410 code [0x000001c8213ca5a0, 0x000001c8213ca670]
Event: 1165.206 Thread 0x000001c8e4822c30 31375   !   3       com.jidesoft.plaf.basic.BasicCollapsiblePaneUI::getMinimumSize (48 bytes)
Event: 1165.206 Thread 0x000001c8e481eee0 31376       3       com.jidesoft.plaf.basic.BasicCollapsiblePaneUI$CollapsiblePaneLayout::minimumLayoutSize (435 bytes)
Event: 1165.206 Thread 0x000001c8e4822c30 nmethod 31375 0x000001c8199c0610 code [0x000001c8199c0800, 0x000001c8199c0d28]
Event: 1165.206 Thread 0x000001c8e4820350 nmethod 31358 0x000001c82140dc10 code [0x000001c82140ddc0, 0x000001c82140e2c0]
Event: 1165.206 Thread 0x000001c80ffd0890 31377       1       com.jidesoft.pane.CollapsiblePane::getStyle (5 bytes)
Event: 1165.206 Thread 0x000001c80ffd0890 nmethod 31377 0x000001c82140d890 code [0x000001c82140da20, 0x000001c82140daf0]
Event: 1165.206 Thread 0x000001c8e4822c30 31378       1       com.jidesoft.pane.CollapsiblePane::getTitleLabelGap (5 bytes)
Event: 1165.206 Thread 0x000001c8e4822c30 nmethod 31378 0x000001c8213c9f10 code [0x000001c8213ca0a0, 0x000001c8213ca170]
Event: 1165.207 Thread 0x000001c8e481eee0 nmethod 31376 0x000001c81933e810 code [0x000001c81933ec00, 0x000001c8193419b8]
Event: 1165.207 Thread 0x000001c80ffd0890 31379       3       com.jidesoft.plaf.basic.BasicCollapsiblePaneTitlePane$CollapsibleLayout::minimumLayoutSize (590 bytes)
Event: 1165.207 Thread 0x000001c8e4822c30 31380       3       com.jidesoft.plaf.basic.BasicCollapsiblePaneTitlePane$CollapsibleLayout::preferredLayoutSize (606 bytes)
Event: 1165.207 Thread 0x000001c8e48217c0 nmethod 31355 0x000001c820bb5d10 code [0x000001c820bb5f80, 0x000001c820bb6b68]
Event: 1165.208 Thread 0x000001c80ffd0890 nmethod 31379 0x000001c8195ccc10 code [0x000001c8195ccf80, 0x000001c8195cf148]
Event: 1165.208 Thread 0x000001c8e4822c30 nmethod 31380 0x000001c8196e0590 code [0x000001c8196e0900, 0x000001c8196e2b38]
Event: 1165.210 Thread 0x000001c8e481eee0 31381       1       ui.data.U::bmP (5 bytes)
Event: 1165.210 Thread 0x000001c8e481eee0 nmethod 31381 0x000001c821732110 code [0x000001c8217322a0, 0x000001c821732370]

GC Heap History (20 events):
Event: 1078.995 GC heap before
{Heap before GC invocations=130 (full 18):
 garbage-first heap   total 602112K, used 206220K [0x0000000701800000, 0x0000000800000000)
  region size 2048K, 13 young (26624K), 1 survivors (2048K)
 Metaspace       used 120575K, committed 121408K, reserved 1179648K
  class space    used 17934K, committed 18304K, reserved 1048576K
}
Event: 1079.049 GC heap after
{Heap after GC invocations=131 (full 19):
 garbage-first heap   total 602112K, used 177614K [0x0000000701800000, 0x0000000800000000)
  region size 2048K, 0 young (0K), 0 survivors (0K)
 Metaspace       used 120575K, committed 121408K, reserved 1179648K
  class space    used 17934K, committed 18304K, reserved 1048576K
}
Event: 1081.190 GC heap before
{Heap before GC invocations=131 (full 19):
 garbage-first heap   total 602112K, used 259534K [0x0000000701800000, 0x0000000800000000)
  region size 2048K, 40 young (81920K), 0 survivors (0K)
 Metaspace       used 120583K, committed 121408K, reserved 1179648K
  class space    used 17934K, committed 18304K, reserved 1048576K
}
Event: 1081.192 GC heap after
{Heap after GC invocations=132 (full 19):
 garbage-first heap   total 602112K, used 178681K [0x0000000701800000, 0x0000000800000000)
  region size 2048K, 1 young (2048K), 1 survivors (2048K)
 Metaspace       used 120583K, committed 121408K, reserved 1179648K
  class space    used 17934K, committed 18304K, reserved 1048576K
}
Event: 1135.212 GC heap before
{Heap before GC invocations=132 (full 19):
 garbage-first heap   total 602112K, used 258553K [0x0000000701800000, 0x0000000800000000)
  region size 2048K, 40 young (81920K), 1 survivors (2048K)
 Metaspace       used 120595K, committed 121408K, reserved 1179648K
  class space    used 17934K, committed 18304K, reserved 1048576K
}
Event: 1135.213 GC heap after
{Heap after GC invocations=133 (full 19):
 garbage-first heap   total 602112K, used 178721K [0x0000000701800000, 0x0000000800000000)
  region size 2048K, 1 young (2048K), 1 survivors (2048K)
 Metaspace       used 120595K, committed 121408K, reserved 1179648K
  class space    used 17934K, committed 18304K, reserved 1048576K
}
Event: 1137.631 GC heap before
{Heap before GC invocations=133 (full 19):
 garbage-first heap   total 602112K, used 258593K [0x0000000701800000, 0x0000000800000000)
  region size 2048K, 40 young (81920K), 1 survivors (2048K)
 Metaspace       used 120608K, committed 121408K, reserved 1179648K
  class space    used 17934K, committed 18304K, reserved 1048576K
}
Event: 1137.633 GC heap after
{Heap after GC invocations=134 (full 19):
 garbage-first heap   total 602112K, used 178639K [0x0000000701800000, 0x0000000800000000)
  region size 2048K, 1 young (2048K), 1 survivors (2048K)
 Metaspace       used 120608K, committed 121408K, reserved 1179648K
  class space    used 17934K, committed 18304K, reserved 1048576K
}
Event: 1143.161 GC heap before
{Heap before GC invocations=134 (full 19):
 garbage-first heap   total 602112K, used 258511K [0x0000000701800000, 0x0000000800000000)
  region size 2048K, 40 young (81920K), 1 survivors (2048K)
 Metaspace       used 120608K, committed 121408K, reserved 1179648K
  class space    used 17934K, committed 18304K, reserved 1048576K
}
Event: 1143.167 GC heap after
{Heap after GC invocations=135 (full 19):
 garbage-first heap   total 602112K, used 178709K [0x0000000701800000, 0x0000000800000000)
  region size 2048K, 1 young (2048K), 1 survivors (2048K)
 Metaspace       used 120608K, committed 121408K, reserved 1179648K
  class space    used 17934K, committed 18304K, reserved 1048576K
}
Event: 1156.164 GC heap before
{Heap before GC invocations=135 (full 19):
 garbage-first heap   total 602112K, used 258581K [0x0000000701800000, 0x0000000800000000)
  region size 2048K, 40 young (81920K), 1 survivors (2048K)
 Metaspace       used 120608K, committed 121408K, reserved 1179648K
  class space    used 17934K, committed 18304K, reserved 1048576K
}
Event: 1156.166 GC heap after
{Heap after GC invocations=136 (full 19):
 garbage-first heap   total 602112K, used 178728K [0x0000000701800000, 0x0000000800000000)
  region size 2048K, 1 young (2048K), 1 survivors (2048K)
 Metaspace       used 120608K, committed 121408K, reserved 1179648K
  class space    used 17934K, committed 18304K, reserved 1048576K
}
Event: 1156.692 GC heap before
{Heap before GC invocations=136 (full 19):
 garbage-first heap   total 602112K, used 258600K [0x0000000701800000, 0x0000000800000000)
  region size 2048K, 40 young (81920K), 1 survivors (2048K)
 Metaspace       used 120611K, committed 121408K, reserved 1179648K
  class space    used 17934K, committed 18304K, reserved 1048576K
}
Event: 1156.694 GC heap after
{Heap after GC invocations=137 (full 19):
 garbage-first heap   total 602112K, used 178669K [0x0000000701800000, 0x0000000800000000)
  region size 2048K, 1 young (2048K), 1 survivors (2048K)
 Metaspace       used 120611K, committed 121408K, reserved 1179648K
  class space    used 17934K, committed 18304K, reserved 1048576K
}
Event: 1164.856 GC heap before
{Heap before GC invocations=137 (full 19):
 garbage-first heap   total 602112K, used 258541K [0x0000000701800000, 0x0000000800000000)
  region size 2048K, 40 young (81920K), 1 survivors (2048K)
 Metaspace       used 120637K, committed 121472K, reserved 1179648K
  class space    used 17935K, committed 18304K, reserved 1048576K
}
Event: 1164.858 GC heap after
{Heap after GC invocations=138 (full 19):
 garbage-first heap   total 602112K, used 179177K [0x0000000701800000, 0x0000000800000000)
  region size 2048K, 1 young (2048K), 1 survivors (2048K)
 Metaspace       used 120637K, committed 121472K, reserved 1179648K
  class space    used 17935K, committed 18304K, reserved 1048576K
}
Event: 1164.972 GC heap before
{Heap before GC invocations=138 (full 19):
 garbage-first heap   total 602112K, used 259049K [0x0000000701800000, 0x0000000800000000)
  region size 2048K, 40 young (81920K), 1 survivors (2048K)
 Metaspace       used 120637K, committed 121472K, reserved 1179648K
  class space    used 17935K, committed 18304K, reserved 1048576K
}
Event: 1164.974 GC heap after
{Heap after GC invocations=139 (full 19):
 garbage-first heap   total 602112K, used 179599K [0x0000000701800000, 0x0000000800000000)
  region size 2048K, 1 young (2048K), 1 survivors (2048K)
 Metaspace       used 120637K, committed 121472K, reserved 1179648K
  class space    used 17935K, committed 18304K, reserved 1048576K
}
Event: 1165.213 GC heap before
{Heap before GC invocations=139 (full 19):
 garbage-first heap   total 602112K, used 259471K [0x0000000701800000, 0x0000000800000000)
  region size 2048K, 40 young (81920K), 1 survivors (2048K)
 Metaspace       used 120649K, committed 121472K, reserved 1179648K
  class space    used 17935K, committed 18304K, reserved 1048576K
}
Event: 1165.217 GC heap after
{Heap after GC invocations=140 (full 19):
 garbage-first heap   total 602112K, used 182382K [0x0000000701800000, 0x0000000800000000)
  region size 2048K, 3 young (6144K), 3 survivors (6144K)
 Metaspace       used 120649K, committed 121472K, reserved 1179648K
  class space    used 17935K, committed 18304K, reserved 1048576K
}

Dll operation events (20 events):
Event: 0.492 Loaded shared library C:\Progs\Xilinx\Vivado\2024.2\lib\win64.o\xv_simtcltasks.dll
Event: 0.493 Loaded shared library C:\Progs\Xilinx\Vivado\2024.2\lib\win64.o\xv_ipservicestasks.dll
Event: 0.494 Loaded shared library C:\Progs\Xilinx\Vivado\2024.2\lib\win64.o\xv_vivadotasks.dll
Event: 0.495 Loaded shared library C:\Progs\Xilinx\Vivado\2024.2\lib\win64.o\xv_board.dll
Event: 0.495 Loaded shared library C:\Progs\Xilinx\Vivado\2024.2\lib\win64.o\xv_boarddep.dll
Event: 0.496 Loaded shared library C:\Progs\Xilinx\Vivado\2024.2\lib\win64.o\xv_boardcommontasks.dll
Event: 0.496 Loaded shared library C:\Progs\Xilinx\Vivado\2024.2\lib\win64.o\xv_ptgen.dll
Event: 0.497 Loaded shared library C:\Progs\Xilinx\Vivado\2024.2\lib\win64.o\xv_ip.dll
Event: 0.498 Loaded shared library C:\Progs\Xilinx\Vivado\2024.2\lib\win64.o\xv_mig.dll
Event: 0.499 Loaded shared library C:\Progs\Xilinx\Vivado\2024.2\lib\win64.o\xv_implflow.dll
Event: 0.499 Loaded shared library C:\Progs\Xilinx\Vivado\2024.2\lib\win64.o\xv_xhubtasks.dll
Event: 0.501 Loaded shared library C:\Progs\Xilinx\Vivado\2024.2\lib\win64.o\xv_iptasks.dll
Event: 0.502 Loaded shared library C:\Progs\Xilinx\Vivado\2024.2\lib\win64.o\xv_synth.dll
Event: 1.238 Loaded shared library C:\Progs\Xilinx\Vivado\2024.2\tps\win64\jre21.0.1_12\bin\verify.dll
Event: 1.288 Loaded shared library C:\Progs\Xilinx\Vivado\2024.2\tps\win64\jre21.0.1_12\bin\freetype.dll
Event: 1.290 Loaded shared library C:\Progs\Xilinx\Vivado\2024.2\tps\win64\jre21.0.1_12\bin\fontmanager.dll
Event: 5.473 Loaded shared library C:\Progs\Xilinx\Vivado\2024.2\lib\win64.o\xv_xhub.dll
Event: 10.452 Loaded shared library C:\Progs\Xilinx\Vivado\2024.2\tps\win64\jre21.0.1_12\bin\management.dll
Event: 10.453 Loaded shared library C:\Progs\Xilinx\Vivado\2024.2\tps\win64\jre21.0.1_12\bin\management_ext.dll
Event: 60.368 Loaded shared library C:\Progs\Xilinx\Vivado\2024.2\lib\win64.o\nlview.dll

Deoptimization events (20 events):
Event: 1135.113 Thread 0x000001c8766248f0 Uncommon trap: trap_request=0xffffffc6 fr.pc=0x000001c8206a2bf0 relative=0x0000000000000bd0
Event: 1135.113 Thread 0x000001c8766248f0 Uncommon trap: reason=bimorphic_or_optimized_type_check action=maybe_recompile pc=0x000001c8206a2bf0 method=java.util.HashMap.removeNode(ILjava/lang/Object;Ljava/lang/Object;ZZ)Ljava/util/HashMap$Node; @ 143 c2
Event: 1135.113 Thread 0x000001c8766248f0 DEOPT PACKING pc=0x000001c8206a2bf0 sp=0x00000090a2afecd0
Event: 1135.113 Thread 0x000001c8766248f0 DEOPT UNPACKING pc=0x000001c81fe546a2 sp=0x00000090a2afec68 mode 2
Event: 1136.792 Thread 0x000001c8766248f0 Uncommon trap: trap_request=0xffffffde fr.pc=0x000001c820cbb0e8 relative=0x0000000000002948
Event: 1136.792 Thread 0x000001c8766248f0 Uncommon trap: reason=class_check action=maybe_recompile pc=0x000001c820cbb0e8 method=javax.swing.tree.VariableHeightLayoutCache.getNodeForPath(Ljavax/swing/tree/TreePath;ZZ)Ljavax/swing/tree/VariableHeightLayoutCache$TreeStateNode; @ 140 c2
Event: 1136.792 Thread 0x000001c8766248f0 DEOPT PACKING pc=0x000001c820cbb0e8 sp=0x00000090a2afe440
Event: 1136.792 Thread 0x000001c8766248f0 DEOPT UNPACKING pc=0x000001c81fe546a2 sp=0x00000090a2afe420 mode 2
Event: 1156.304 Thread 0x000001c8766248f0 Uncommon trap: trap_request=0xffffffde fr.pc=0x000001c820cbb0e8 relative=0x0000000000002948
Event: 1156.304 Thread 0x000001c8766248f0 Uncommon trap: reason=class_check action=maybe_recompile pc=0x000001c820cbb0e8 method=javax.swing.tree.VariableHeightLayoutCache.getNodeForPath(Ljavax/swing/tree/TreePath;ZZ)Ljavax/swing/tree/VariableHeightLayoutCache$TreeStateNode; @ 140 c2
Event: 1156.304 Thread 0x000001c8766248f0 DEOPT PACKING pc=0x000001c820cbb0e8 sp=0x00000090a2afe440
Event: 1156.304 Thread 0x000001c8766248f0 DEOPT UNPACKING pc=0x000001c81fe546a2 sp=0x00000090a2afe420 mode 2
Event: 1158.135 Thread 0x000001c8766248f0 Uncommon trap: trap_request=0xffffffc6 fr.pc=0x000001c820a18ed4 relative=0x0000000000001574
Event: 1158.135 Thread 0x000001c8766248f0 Uncommon trap: reason=bimorphic_or_optimized_type_check action=maybe_recompile pc=0x000001c820a18ed4 method=java.awt.LightweightDispatcher.eventDispatched(Ljava/awt/AWTEvent;)V @ 269 c2
Event: 1158.135 Thread 0x000001c8766248f0 DEOPT PACKING pc=0x000001c820a18ed4 sp=0x00000090a2afecc0
Event: 1158.135 Thread 0x000001c8766248f0 DEOPT UNPACKING pc=0x000001c81fe546a2 sp=0x00000090a2afec78 mode 2
Event: 1161.983 Thread 0x000001c8766248f0 Uncommon trap: trap_request=0xffffffde fr.pc=0x000001c820e09908 relative=0x0000000000000d68
Event: 1161.983 Thread 0x000001c8766248f0 Uncommon trap: reason=class_check action=maybe_recompile pc=0x000001c820e09908 method=javax.swing.plaf.synth.SynthButtonUI.getIcon(Ljavax/swing/AbstractButton;Ljavax/swing/Icon;Ljavax/swing/Icon;I)Ljavax/swing/Icon; @ 13 c2
Event: 1161.983 Thread 0x000001c8766248f0 DEOPT PACKING pc=0x000001c820e09908 sp=0x00000090a2afe210
Event: 1161.983 Thread 0x000001c8766248f0 DEOPT UNPACKING pc=0x000001c81fe546a2 sp=0x00000090a2afe0b8 mode 2

Classes loaded (20 events):
Event: 727.853 Loading class java/util/RegularEnumSet$EnumSetIterator
Event: 727.853 Loading class java/util/RegularEnumSet$EnumSetIterator done
Event: 728.371 Loading class javax/swing/plaf/synth/SynthSplitPaneUI
Event: 728.372 Loading class javax/swing/plaf/synth/SynthSplitPaneUI done
Event: 728.373 Loading class javax/swing/plaf/synth/SynthSplitPaneDivider
Event: 728.373 Loading class javax/swing/plaf/synth/SynthSplitPaneDivider done
Event: 728.373 Loading class javax/swing/plaf/basic/BasicSplitPaneDivider$OneTouchActionHandler
Event: 728.374 Loading class javax/swing/plaf/basic/BasicSplitPaneDivider$OneTouchActionHandler done
Event: 728.374 Loading class javax/swing/plaf/synth/SynthSplitPaneUI$1
Event: 728.374 Loading class javax/swing/plaf/synth/SynthSplitPaneUI$1 done
Event: 780.912 Loading class javax/swing/JList$5
Event: 780.919 Loading class javax/swing/JList$5 done
Event: 780.919 Loading class java/awt/dnd/DnDEventMulticaster
Event: 780.919 Loading class java/awt/dnd/DragSourceMotionListener
Event: 780.919 Loading class java/awt/dnd/DragSourceMotionListener done
Event: 780.919 Loading class java/awt/dnd/DnDEventMulticaster done
Event: 845.320 Loading class java/awt/TexturePaintContext
Event: 845.321 Loading class java/awt/TexturePaintContext done
Event: 845.321 Loading class java/awt/TexturePaintContext$Int
Event: 845.321 Loading class java/awt/TexturePaintContext$Int done

Classes unloaded (0 events):
No events

Classes redefined (0 events):
No events

Internal exceptions (20 events):
Event: 558.637 Thread 0x000001c8766248f0 Exception <a 'de/concept/nlview/NlviewException'{0x000000071e2ceed0}> (0x000000071e2ceed0) 
thrown [s\src\hotspot\share\prims\jni.cpp, line 520]
Event: 558.675 Thread 0x000001c8766248f0 Implicit null exception at 0x000001c820b275ec to 0x000001c820b27e70
Event: 560.696 Thread 0x000001c8766248f0 Implicit null exception at 0x000001c82117a879 to 0x000001c82117a8fc
Event: 650.118 Thread 0x000001c8766248f0 Exception <a 'java/lang/NoSuchMethodError'{0x0000000720594490}: 'long java.lang.invoke.DirectMethodHandle$Holder.invokeSpecial(java.lang.Object, java.lang.Object)'> (0x0000000720594490) 
thrown [s\src\hotspot\share\interpreter\linkResolver.cpp, line 773]
Event: 650.119 Thread 0x000001c8766248f0 Exception <a 'java/lang/NoSuchMethodError'{0x0000000720598420}: 'long java.lang.invoke.DelegatingMethodHandle$Holder.reinvoke_L(java.lang.Object, java.lang.Object)'> (0x0000000720598420) 
thrown [s\src\hotspot\share\interpreter\linkResolver.cpp, line 773]
Event: 650.358 Thread 0x000001c8766248f0 Exception <a 'java/lang/ClassNotFoundException'{0x0000000720cce5a8}: ui/views/waveform/g/vBeanInfo> (0x0000000720cce5a8) 
thrown [s\src\hotspot\share\classfile\systemDictionary.cpp, line 312]
Event: 650.358 Thread 0x000001c8766248f0 Exception <a 'java/lang/ClassNotFoundException'{0x0000000720cd11f8}: ui/views/waveform/g/vCustomizer> (0x0000000720cd11f8) 
thrown [s\src\hotspot\share\classfile\systemDictionary.cpp, line 312]
Event: 650.406 Thread 0x000001c8766248f0 Exception <a 'java/lang/NoSuchMethodError'{0x00000007208bccf0}: 'java.lang.Object java.lang.invoke.DirectMethodHandle$Holder.invokeSpecial(java.lang.Object, java.lang.Object, long, long, long)'> (0x00000007208bccf0) 
thrown [s\src\hotspot\share\interpreter\linkResolver.cpp, line 773]
Event: 650.416 Thread 0x000001c8766248f0 Implicit null exception at 0x000001c820fd56eb to 0x000001c820fd61c0
Event: 711.850 Thread 0x000001c8766248f0 Implicit null exception at 0x000001c82145fe09 to 0x000001c821462078
Event: 727.508 Thread 0x000001c8766248f0 Implicit null exception at 0x000001c82157b5dd to 0x000001c82157c17c
Event: 728.384 Thread 0x000001c8766248f0 Exception <a 'java/lang/NoSuchMethodError'{0x000000072f0c6d10}: 'void java.lang.invoke.Invokers$Holder.invokeExact_MT(java.lang.Object, java.lang.Object, int, java.lang.Object)'> (0x000000072f0c6d10) 
thrown [s\src\hotspot\share\interpreter\linkResolver.cpp, line 773]
Event: 777.980 Thread 0x000001c8766248f0 Implicit null exception at 0x000001c820d64d97 to 0x000001c820d6675c
Event: 780.919 Thread 0x000001c8766248f0 Implicit null exception at 0x000001c820fda2ba to 0x000001c820fda8a4
Event: 841.429 Thread 0x000001c8766248f0 Implicit null exception at 0x000001c8209443da to 0x000001c820944424
Event: 844.691 Thread 0x000001c876627050 Exception <a 'java/lang/NoSuchMethodError'{0x000000074491af58}: 'void java.lang.invoke.DirectMethodHandle$Holder.invokeStatic(java.lang.Object, java.lang.Object, java.lang.Object, int)'> (0x000000074491af58) 
thrown [s\src\hotspot\share\interpreter\linkResolver.cpp, line 773]
Event: 844.691 Thread 0x000001c876627050 Exception <a 'java/lang/NoSuchMethodError'{0x0000000744920350}: 'java.lang.Object java.lang.invoke.DirectMethodHandle$Holder.newInvokeSpecial(java.lang.Object, java.lang.Object, java.lang.Object, int)'> (0x0000000744920350) 
thrown [s\src\hotspot\share\interpreter\linkResolver.cpp, line 773]
Event: 859.891 Thread 0x000001c8766248f0 Implicit null exception at 0x000001c82156f2b2 to 0x000001c82156f67c
Event: 889.764 Thread 0x000001c8d137d720 Exception <a 'ui/frmwork/cmd/CommandFailedException'{0x0000000726202710}> (0x0000000726202710) 
thrown [s\src\hotspot\share\prims\jni.cpp, line 520]
Event: 1135.104 Thread 0x000001c8766248f0 Implicit null exception at 0x000001c82092e334 to 0x000001c82092e9f4

ZGC Phase Switch (0 events):
No events

VM Operations (20 events):
Event: 1154.171 Executing VM operation: Cleanup
Event: 1154.171 Executing VM operation: Cleanup done
Event: 1156.164 Executing VM operation: G1CollectForAllocation (G1 Evacuation Pause)
Event: 1156.166 Executing VM operation: G1CollectForAllocation (G1 Evacuation Pause) done
Event: 1156.692 Executing VM operation: G1CollectForAllocation (G1 Evacuation Pause)
Event: 1156.694 Executing VM operation: G1CollectForAllocation (G1 Evacuation Pause) done
Event: 1158.695 Executing VM operation: Cleanup
Event: 1158.695 Executing VM operation: Cleanup done
Event: 1159.695 Executing VM operation: Cleanup
Event: 1159.695 Executing VM operation: Cleanup done
Event: 1161.709 Executing VM operation: Cleanup
Event: 1161.709 Executing VM operation: Cleanup done
Event: 1163.709 Executing VM operation: Cleanup
Event: 1163.709 Executing VM operation: Cleanup done
Event: 1164.856 Executing VM operation: G1CollectForAllocation (G1 Evacuation Pause)
Event: 1164.858 Executing VM operation: G1CollectForAllocation (G1 Evacuation Pause) done
Event: 1164.972 Executing VM operation: G1CollectForAllocation (G1 Evacuation Pause)
Event: 1164.974 Executing VM operation: G1CollectForAllocation (G1 Evacuation Pause) done
Event: 1165.213 Executing VM operation: G1CollectForAllocation (G1 Evacuation Pause)
Event: 1165.217 Executing VM operation: G1CollectForAllocation (G1 Evacuation Pause) done

Events (20 events):
Event: 1162.395 Thread 0x000001c8d137a930 Thread added: 0x000001c8d137a930
Event: 1162.404 Thread 0x000001c8d137a930 Thread exited: 0x000001c8d137a930
Event: 1163.395 Thread 0x000001c8d137a2a0 Thread added: 0x000001c8d137a2a0
Event: 1163.404 Thread 0x000001c8d137a2a0 Thread exited: 0x000001c8d137a2a0
Event: 1163.522 Thread 0x000001c8e481a3f0 Thread added: 0x000001c8e481a3f0
Event: 1164.396 Thread 0x000001c8d137a2a0 Thread added: 0x000001c8d137a2a0
Event: 1164.400 Thread 0x000001c8d137a2a0 Thread exited: 0x000001c8d137a2a0
Event: 1164.738 Thread 0x000001c8d137a2a0 Thread added: 0x000001c8d137a2a0
Event: 1164.739 Thread 0x000001c8e481a3f0 Thread exited: 0x000001c8e481a3f0
Event: 1164.770 Thread 0x000001c8e481a3f0 Thread added: 0x000001c8e481a3f0
Event: 1164.770 Thread 0x000001c8e48217c0 Thread added: 0x000001c8e48217c0
Event: 1164.770 Thread 0x000001c8e481e810 Thread added: 0x000001c8e481e810
Event: 1164.770 Thread 0x000001c8e4820350 Thread added: 0x000001c8e4820350
Event: 1164.770 Thread 0x000001c8e4822560 Thread added: 0x000001c8e4822560
Event: 1164.770 Thread 0x000001c8e481eee0 Thread added: 0x000001c8e481eee0
Event: 1164.770 Thread 0x000001c8e4820a20 Thread added: 0x000001c8e4820a20
Event: 1164.889 Thread 0x000001c8e4820a20 Thread exited: 0x000001c8e4820a20
Event: 1164.966 Thread 0x000001c8e481eee0 Thread exited: 0x000001c8e481eee0
Event: 1165.076 Thread 0x000001c8e481eee0 Thread added: 0x000001c8e481eee0
Event: 1165.159 Thread 0x000001c8e4822c30 Thread added: 0x000001c8e4822c30


Dynamic libraries:
0x00007ff73ff40000 - 0x00007ff73ff48000 	C:\Progs\Xilinx\Vivado\2024.2\bin\unwrapped\win64.o\vivado.exe
0x00007fff53000000 - 0x00007fff53267000 	C:\WINDOWS\SYSTEM32\ntdll.dll
0x00007fff52170000 - 0x00007fff52239000 	C:\WINDOWS\System32\KERNEL32.DLL
0x00007fff4fb90000 - 0x00007fff4ff81000 	C:\WINDOWS\System32\KERNELBASE.dll
0x00007fff50c20000 - 0x00007fff50d6b000 	C:\WINDOWS\System32\ucrtbase.dll
0x00007fff39a60000 - 0x00007fff39a7e000 	C:\WINDOWS\SYSTEM32\VCRUNTIME140.dll
0x00007fff39a80000 - 0x00007fff39b08000 	C:\WINDOWS\SYSTEM32\MSVCP140.dll
0x00007fff39a50000 - 0x00007fff39a5b000 	C:\WINDOWS\SYSTEM32\VCRUNTIME140_1.dll
0x00007fff17900000 - 0x00007fff17927000 	C:\Progs\Xilinx\Vivado\2024.2\lib\win64.o\xv_commonmain.dll
0x00007ffebecd0000 - 0x00007ffec033a000 	C:\Progs\Xilinx\Vivado\2024.2\lib\win64.o\xv_common.dll
0x00007fff51220000 - 0x00007fff513e5000 	C:\WINDOWS\System32\USER32.dll
0x00007fff50d70000 - 0x00007fff50d97000 	C:\WINDOWS\System32\win32u.dll
0x00007fff520f0000 - 0x00007fff5211b000 	C:\WINDOWS\System32\GDI32.dll
0x00007fff4fa60000 - 0x00007fff4fb8b000 	C:\WINDOWS\System32\gdi32full.dll
0x00007fff50300000 - 0x00007fff503a3000 	C:\WINDOWS\System32\msvcp_win.dll
0x00007fff50fe0000 - 0x00007fff5109b000 	C:\WINDOWS\System32\ADVAPI32.dll
0x00007fff39e70000 - 0x00007fff39e7c000 	C:\Progs\Xilinx\Vivado\2024.2\lib\win64.o\xv_commonversion.dll
0x00007fff50de0000 - 0x00007fff50e89000 	C:\WINDOWS\System32\msvcrt.dll
0x00007ffec4e90000 - 0x00007ffec50dd000 	C:\Progs\Xilinx\Vivado\2024.2\lib\win64.o\xv_commonxillic.dll
0x00007fff50f30000 - 0x00007fff50fd7000 	C:\WINDOWS\System32\sechost.dll
0x00007fff50e90000 - 0x00007fff50f04000 	C:\WINDOWS\System32\WS2_32.dll
0x00007fff513f0000 - 0x00007fff51508000 	C:\WINDOWS\System32\RPCRT4.dll
0x00007fff52240000 - 0x00007fff5299f000 	C:\WINDOWS\System32\SHELL32.dll
0x00007fff4ff90000 - 0x00007fff500fa000 	C:\WINDOWS\System32\wintypes.dll
0x00007fff51cc0000 - 0x00007fff52042000 	C:\WINDOWS\System32\combase.dll
0x00007fff50100000 - 0x00007fff50181000 	C:\WINDOWS\System32\WINTRUST.dll
0x00007ffef56f0000 - 0x00007ffef571a000 	C:\Progs\Xilinx\Vivado\2024.2\lib\win64.o\boost_filesystem.dll
0x00007ffec4ce0000 - 0x00007ffec4e81000 	C:\Progs\Xilinx\Vivado\2024.2\lib\win64.o\tcl86t.dll
0x00007fff38ff0000 - 0x00007fff38ffa000 	C:\WINDOWS\SYSTEM32\WSOCK32.dll
0x00007ffebe8a0000 - 0x00007ffebecd0000 	C:\Progs\Xilinx\Vivado\2024.2\lib\win64.o\python38.dll
0x00007ffebd190000 - 0x00007ffebe387000 	C:\Progs\Xilinx\Vivado\2024.2\lib\win64.o\xv_isl_iostreams.dll
0x00007fff516e0000 - 0x00007fff51747000 	C:\WINDOWS\System32\SHLWAPI.dll
0x00007fff503b0000 - 0x00007fff50c14000 	C:\WINDOWS\System32\Windows.Storage.dll
0x00007ffebe580000 - 0x00007ffebe896000 	C:\Progs\Xilinx\Vivado\2024.2\lib\win64.o\libXil_lmgr11.dll
0x00007fff529b0000 - 0x00007fff52a9e000 	C:\WINDOWS\System32\COMDLG32.dll
0x00007fff51750000 - 0x00007fff51847000 	C:\WINDOWS\System32\shcore.dll
0x00007ffebe430000 - 0x00007ffebe574000 	C:\Progs\Xilinx\Vivado\2024.2\lib\win64.o\boost_regex.dll
0x00007fff4f7d0000 - 0x00007fff4f7fa000 	C:\WINDOWS\SYSTEM32\bcrypt.dll
0x00007fff51a00000 - 0x00007fff51ad7000 	C:\WINDOWS\System32\OLEAUT32.dll
0x00007fff51850000 - 0x00007fff519e5000 	C:\WINDOWS\System32\ole32.dll
0x00007fff39470000 - 0x00007fff3948a000 	C:\WINDOWS\SYSTEM32\NETAPI32.dll
0x00007fff37ef0000 - 0x00007fff38178000 	C:\WINDOWS\SYSTEM32\WININET.dll
0x00007fff4f8e0000 - 0x00007fff4fa57000 	C:\WINDOWS\System32\CRYPT32.dll
0x00007fff496a0000 - 0x00007fff497c7000 	C:\WINDOWS\SYSTEM32\WINHTTP.dll
0x00007fff45bd0000 - 0x00007fff45dad000 	C:\WINDOWS\SYSTEM32\urlmon.dll
0x00007ffec4cb0000 - 0x00007ffec4cd7000 	C:\Progs\Xilinx\Vivado\2024.2\lib\win64.o\boost_thread.dll
0x00007fff05770000 - 0x00007fff05789000 	C:\Progs\Xilinx\Vivado\2024.2\lib\win64.o\boost_date_time.dll
0x00007ffec4c80000 - 0x00007ffec4ca4000 	C:\Progs\Xilinx\Vivado\2024.2\lib\win64.o\xv_isl_sysinfo.dll
0x00007ffebe390000 - 0x00007ffebe424000 	C:\Progs\Xilinx\Vivado\2024.2\lib\win64.o\boost_program_options.dll
0x00007fff2b8d0000 - 0x00007fff2b8e0000 	C:\Progs\Xilinx\Vivado\2024.2\lib\win64.o\xv_boost_xilinx.dll
0x00007fff22c10000 - 0x00007fff22c2c000 	C:\Progs\Xilinx\Vivado\2024.2\lib\win64.o\librdiconfig.dll
0x00007ffebccf0000 - 0x00007ffebd190000 	C:\Progs\Xilinx\Vivado\2024.2\lib\win64.o\xv_COIN-all.dll
0x00007ffebcc40000 - 0x00007ffebcce5000 	C:\Progs\Xilinx\Vivado\2024.2\lib\win64.o\libhdxml.dll
0x00007ffebac10000 - 0x00007ffebcb27000 	C:\Progs\Xilinx\Vivado\2024.2\lib\win64.o\gurobi90.dll
0x00007fff52ab0000 - 0x00007fff52b22000 	C:\WINDOWS\System32\WLDAP32.dll
0x00007ffed68d0000 - 0x00007ffed68ea000 	C:\Progs\Xilinx\Vivado\2024.2\lib\win64.o\pthreadVC2.dll
0x00007fff52050000 - 0x00007fff52058000 	C:\WINDOWS\System32\Normaliz.dll
0x00007ffebcbc0000 - 0x00007ffebcc37000 	C:\Progs\Xilinx\Vivado\2024.2\lib\win64.o\xv_lmx.dll
0x00007ffebab50000 - 0x00007ffebac07000 	C:\Progs\Xilinx\Vivado\2024.2\lib\win64.o\libzstd.dll
0x00007ffebcb30000 - 0x00007ffebcbb2000 	C:\Progs\Xilinx\Vivado\2024.2\lib\win64.o\libhdlpsolve.dll
0x00007ffec64b0000 - 0x00007ffec64c9000 	C:\Progs\Xilinx\Vivado\2024.2\lib\win64.o\librdizlib.dll
0x00007ffebab10000 - 0x00007ffebab46000 	C:\WINDOWS\SYSTEM32\VCOMP140.DLL
0x00007ffeba360000 - 0x00007ffeba621000 	C:\Progs\Xilinx\Vivado\2024.2\lib\win64.o\xerces-c_3_2.dll
0x00007fff4ec30000 - 0x00007fff4ec62000 	C:\WINDOWS\SYSTEM32\USERENV.dll
0x00007ffeba660000 - 0x00007ffeba68a000 	C:\Progs\Xilinx\Vivado\2024.2\lib\win64.o\zlib1.dll
0x00007ffec4c60000 - 0x00007ffec4c7c000 	C:\Progs\Xilinx\Vivado\2024.2\lib\win64.o\xv_isl_iosutils.dll
0x00007ffeba630000 - 0x00007ffeba651000 	C:\Progs\Xilinx\Vivado\2024.2\lib\win64.o\boost_iostreams.dll
0x00007fff454b0000 - 0x00007fff454bb000 	C:\WINDOWS\SYSTEM32\VERSION.dll
0x00007fff2ec50000 - 0x00007fff2ed04000 	C:\WINDOWS\WinSxS\amd64_microsoft.windows.common-controls_6595b64144ccf1df_5.82.26100.8037_none_87ebc5097a2f9e52\COMCTL32.dll
0x00007fff49c00000 - 0x00007fff49c23000 	C:\WINDOWS\SYSTEM32\dhcpcsvc.DLL
0x00007fff458c0000 - 0x00007fff45b84000 	C:\WINDOWS\SYSTEM32\iertutil.dll
0x00007fff4ddf0000 - 0x00007fff4ddfd000 	C:\WINDOWS\SYSTEM32\netutils.dll
0x00007fff457d0000 - 0x00007fff457f9000 	C:\WINDOWS\SYSTEM32\srvcli.dll
0x00007fff4eb80000 - 0x00007fff4ebeb000 	C:\WINDOWS\SYSTEM32\MSWSOCK.DLL
0x00007fff4e950000 - 0x00007fff4e997000 	C:\WINDOWS\SYSTEM32\LOGONCLI.DLL
0x00007fff4dda0000 - 0x00007fff4ddbc000 	C:\WINDOWS\SYSTEM32\SAMCLI.DLL
0x00007fff50da0000 - 0x00007fff50dd1000 	C:\WINDOWS\System32\IMM32.DLL
0x00007fff4efe0000 - 0x00007fff4eff3000 	C:\WINDOWS\SYSTEM32\MSASN1.dll
0x00007fff4e630000 - 0x00007fff4e64b000 	C:\WINDOWS\SYSTEM32\kernel.appcore.dll
0x00007fff4ef80000 - 0x00007fff4ef9b000 	C:\WINDOWS\SYSTEM32\CRYPTSP.dll
0x00007fff4e590000 - 0x00007fff4e5c9000 	C:\WINDOWS\system32\rsaenh.dll
0x00007fff4ef60000 - 0x00007fff4ef6c000 	C:\WINDOWS\SYSTEM32\CRYPTBASE.dll
0x00007fff50190000 - 0x00007fff50235000 	C:\WINDOWS\System32\bcryptPrimitives.dll
0x00007fff511f0000 - 0x00007fff51210000 	C:\WINDOWS\System32\imagehlp.dll
0x00007ffeb9b20000 - 0x00007ffeba1ec000 	C:\Progs\Xilinx\Vivado\2024.2\lib\win64.o\xv_commontasks.dll
0x00007ffeb8880000 - 0x00007ffeb8d80400 	C:\Progs\Xilinx\Vivado\2024.2\lib\win64.o\xv_sio.dll
0x00007ffeb8d90000 - 0x00007ffeb9b11000 	C:\Progs\Xilinx\Vivado\2024.2\tps\win64\jre21.0.1_12\bin\server\jvm.dll
0x00007fff4de00000 - 0x00007fff4de33000 	C:\WINDOWS\SYSTEM32\IPHLPAPI.DLL
0x00007fff4f740000 - 0x00007fff4f79e000 	C:\WINDOWS\SYSTEM32\POWRPROF.dll
0x00007fff45b90000 - 0x00007fff45bc5000 	C:\WINDOWS\SYSTEM32\WINMM.dll
0x00007fff4f720000 - 0x00007fff4f734000 	C:\WINDOWS\SYSTEM32\UMPDC.dll
0x00007fff4ebf0000 - 0x00007fff4ec20000 	C:\WINDOWS\SYSTEM32\gpapi.dll
0x00007fff37a10000 - 0x00007fff37a4b000 	C:\Windows\System32\cryptnet.dll
0x00007fff4f800000 - 0x00007fff4f829000 	C:\WINDOWS\SYSTEM32\profapi.dll
0x00007fff4cd40000 - 0x00007fff4cd4e000 	C:\WINDOWS\SYSTEM32\WINNSI.DLL
0x00007fff519f0000 - 0x00007fff519fa000 	C:\WINDOWS\System32\NSI.dll
0x00007fff4e8d0000 - 0x00007fff4e919000 	C:\WINDOWS\SYSTEM32\SspiCli.dll
0x00007fff22ac0000 - 0x00007fff22ad8000 	C:\WINDOWS\system32\napinsp.dll
0x00007fff4de40000 - 0x00007fff4df6a000 	C:\WINDOWS\SYSTEM32\DNSAPI.dll
0x00007fff22aa0000 - 0x00007fff22ab2000 	C:\WINDOWS\System32\winrnr.dll
0x00007fff22a70000 - 0x00007fff22a92000 	C:\WINDOWS\system32\nlansp_c.dll
0x00007fff22a50000 - 0x00007fff22a66000 	C:\WINDOWS\system32\wshbth.dll
0x0000000055e20000 - 0x0000000055e2b000 	C:\Program Files\National Instruments\Shared\mDNS Responder\nimdnsNSP.dll
0x0000000055e00000 - 0x0000000055e11000 	C:\WINDOWS\SYSTEM32\nimdnsResponder.dll
0x00007fff45dc0000 - 0x00007fff45ddb000 	C:\WINDOWS\SYSTEM32\wkscli.dll
0x00007fff37300000 - 0x00007fff37313000 	C:\WINDOWS\SYSTEM32\cscapi.dll
0x00007ffeb48f0000 - 0x00007ffeb87c3000 	C:\Progs\Xilinx\Vivado\2024.2\lib\win64.o\xv_tcltasks.dll
0x00007ffeb3a30000 - 0x00007ffeb3b09000 	C:\Progs\Xilinx\Vivado\2024.2\lib\win64.o\xv_xhubtasks.dll
0x00007ffeb1140000 - 0x00007ffeb1d3b000 	C:\Progs\Xilinx\Vivado\2024.2\lib\win64.o\xv_project.dll
0x00007ffeb1d40000 - 0x00007ffeb3a28000 	C:\Progs\Xilinx\Vivado\2024.2\lib\win64.o\xv_implflow.dll
0x00007ffeb3b10000 - 0x00007ffeb48ef000 	C:\Progs\Xilinx\Vivado\2024.2\lib\win64.o\xv_power.dll
0x00007ffeab730000 - 0x00007ffeb113f000 	C:\Progs\Xilinx\Vivado\2024.2\lib\win64.o\xv_route.dll
0x00007ffea0500000 - 0x00007ffea5e65000 	C:\Progs\Xilinx\Vivado\2024.2\lib\win64.o\xv_place.dll
0x00007ffeaa300000 - 0x00007ffeaaac1000 	C:\Progs\Xilinx\Vivado\2024.2\lib\win64.o\xv_runs.dll
0x00007ffeaaad0000 - 0x00007ffeab724000 	C:\Progs\Xilinx\Vivado\2024.2\lib\win64.o\xv_lopt.dll
0x00007ffeba9a0000 - 0x00007ffebab06000 	C:\Progs\Xilinx\Vivado\2024.2\lib\win64.o\xv_chipscope.dll
0x00007ffea9700000 - 0x00007ffeaa2fe000 	C:\Progs\Xilinx\Vivado\2024.2\lib\win64.o\xv_rsb.dll
0x00007ffea8a50000 - 0x00007ffea96fd000 	C:\Progs\Xilinx\Vivado\2024.2\lib\win64.o\xv_drc.dll
0x00007ffea5e70000 - 0x00007ffea8a48000 	C:\Progs\Xilinx\Vivado\2024.2\lib\win64.o\xv_mig.dll
0x00007ffeba890000 - 0x00007ffeba99c000 	C:\Progs\Xilinx\Vivado\2024.2\lib\win64.o\xv_dsp.dll
0x00007ffea0270000 - 0x00007ffea04f5000 	C:\Progs\Xilinx\Vivado\2024.2\lib\win64.o\xv_chipscopeimpl.dll
0x00007ffe9de10000 - 0x00007ffe9f709000 	C:\Progs\Xilinx\Vivado\2024.2\lib\win64.o\xv_timing.dll
0x00007ffe95d80000 - 0x00007ffe98b13000 	C:\Progs\Xilinx\Vivado\2024.2\lib\win64.o\xv_coregen.dll
0x00007ffe9fdd0000 - 0x00007ffea0267000 	C:\Progs\Xilinx\Vivado\2024.2\lib\win64.o\xv_dlyest.dll
0x00007ffe9f710000 - 0x00007ffe9fdcf000 	C:\Progs\Xilinx\Vivado\2024.2\lib\win64.o\xv_memdata.dll
0x00007ffe9a840000 - 0x00007ffe9d3bc000 	C:\Progs\Xilinx\Vivado\2024.2\lib\win64.o\xv_designutils.dll
0x00007ffeba810000 - 0x00007ffeba889000 	C:\Progs\Xilinx\Vivado\2024.2\lib\win64.o\xv_pfi.dll
0x00007ffe9d3c0000 - 0x00007ffe9d986000 	C:\Progs\Xilinx\Vivado\2024.2\lib\win64.o\xv_bitstream.dll

dbghelp: loaded successfully - version: 4.0.5 - missing functions: none
symbol engine: initialized successfully - sym options: 0x614 - pdb path: .;C:\Progs\Xilinx\Vivado\2024.2\bin\unwrapped\win64.o;C:\WINDOWS\SYSTEM32;C:\Progs\Xilinx\Vivado\2024.2\lib\win64.o;C:\WINDOWS\WinSxS\amd64_microsoft.windows.common-controls_6595b64144ccf1df_5.82.26100.8037_none_87ebc5097a2f9e52;C:\Progs\Xilinx\Vivado\2024.2\tps\win64\jre21.0.1_12\bin\server;C:\Program Files\National Instruments\Shared\mDNS Responder;C:\Progs\Xilinx\Vivado\2024.2\tps\win64\jre21.0.1_12\bin;C:\WINDOWS\WinSxS\amd64_microsoft.windows.common-controls_6595b64144ccf1df_6.0.26100.8037_none_3e092faae333b53b

VM Arguments:
jvm_args: -Dsun.java2d.pmoffscreen=false -Dhttps.protocols=TLSv1,TLSv1.1,TLSv1.2 -Dsun.java2d.xrender=false -Dsun.java2d.d3d=false -Dsun.awt.nopixfmt=true -Dsun.java2d.dpiaware=true -Dsun.java2d.uiScale.enabled=false -Dswing.aatext=true -XX:-UsePerfData -Djdk.map.althashing.threshold=512 -XX:StringTableSize=4072 -XX:+UseStringDeduplication -XX:MaxGCPauseMillis=200 -XX:ParallelGCThreads=4 -XX:+ParallelRefProcEnabled --add-opens=java.desktop/javax.swing.plaf.synth=ALL-UNNAMED --add-opens=java.base/java.nio=ALL-UNNAMED --add-opens=java.desktop/sun.swing=ALL-UNNAMED --add-opens=java.desktop/javax.swing=ALL-UNNAMED --add-opens=java.desktop/javax.swing.tree=ALL-UNNAMED --add-opens=java.desktop/javax.swing.plaf.basic=ALL-UNNAMED --add-opens=java.desktop/javax.swing.plaf.synth=ALL-UNNAMED --add-opens=java.desktop/javax.swing.plaf.basic=ALL-UNNAMED --add-opens=java.desktop/javax.swing=ALL-UNNAMED --add-opens=java.desktop/javax.swing.tree=ALL-UNNAMED --add-opens=java.desktop/java.awt.event=ALL-UNNAMED --add-exports=java.desktop/javax.swing.plaf.synth=ALL-UNNAMED --add-exports=java.base/java.nio=ALL-UNNAMED --add-exports=java.desktop/sun.swing=ALL-UNNAMED --add-exports=java.desktop/javax.swing=ALL-UNNAMED --add-exports=java.desktop/javax.swing.tree=ALL-UNNAMED --add-exports=java.desktop/javax.swing.plaf.basic=ALL-UNNAMED --add-exports=java.desktop/sun.swing=ALL-UNNAMED --add-exports=java.desktop/sun.swing.table=ALL-UNNAMED --add-exports=java.desktop/sun.swing.plaf.synth=ALL-UNNAMED --add-exports=java.desktop/sun.awt.shell=ALL-UNNAMED --add-exports=java.base/sun.security.action=ALL-UNNAMED --add-exports=java.desktop/sun.font=ALL-UNNAMED -XX:NewSize=80m -XX:MaxNewSize=80m -Xms512m -Xmx4072m -Xss10m 
java_command: <unknown>
java_class_path (initial): C:/Progs/Xilinx/Vivado/2024.2\lib\classes\apiguardian-api-1.1.0.jar;C:/Progs/Xilinx/Vivado/2024.2\lib\classes\asm-9.6-11.0.11-90.jar;C:/Progs/Xilinx/Vivado/2024.2\lib\classes\asm-analysis-9.6-11.0.11-90.jar;C:/Progs/Xilinx/Vivado/2024.2\lib\classes\asm-commons-9.6-11.0.11-90.jar;C:/Progs/Xilinx/Vivado/2024.2\lib\classes\asm-tree-9.6-11.0.11-90.jar;C:/Progs/Xilinx/Vivado/2024.2\lib\classes\autoesl-models-1.0.0-90.jar;C:/Progs/Xilinx/Vivado/2024.2\lib\classes\batik-anim-1.0.0-90.jar;C:/Progs/Xilinx/Vivado/2024.2\lib\classes\batik-awt-util-1.0.0-90.jar;C:/Progs/Xilinx/Vivado/2024.2\lib\classes\batik-bridge-1.0.0-90.jar;C:/Progs/Xilinx/Vivado/2024.2\lib\classes\batik-codec-1.0.0-90.jar;C:/Progs/Xilinx/Vivado/2024.2\lib\classes\batik-constants-1.0.0-90.jar;C:/Progs/Xilinx/Vivado/2024.2\lib\classes\batik-css-1.0.0-90.jar;C:/Progs/Xilinx/Vivado/2024.2\lib\classes\batik-dom-1.0.0-90.jar;C:/Progs/Xilinx/Vivado/2024.2\lib\classes\batik-ext-1.0.0-90.jar;C:/Progs/Xilinx/Vivado/2024.2\lib\classes\batik-gui-util-1.0.0-90.jar;C:/Progs/Xilinx/Vivado/2024.2\lib\classes\batik-gvt-1.0.0-90.jar;C:/Progs/Xilinx/Vivado/2024.2\lib\classes\batik-i18n-1.0.0-90.jar;C:/Progs/Xilinx/Vivado/2024.2\lib\classes\batik-parser-1.0.0-90.jar;C:/Progs/Xilinx/Vivado/2024.2\lib\classes\batik-script-1.0.0-90.jar;C:/Progs/Xilinx/Vivado/2024.2\lib\classes\batik-svg-dom-1.0.0-90.jar;C:/Progs/Xilinx/Vivado/2024.2\lib\classes\batik-svggen-1.0.0-90.jar;C:/Progs/Xilinx/Vivado/2024.2\lib\classes\batik-swing-1.0.0-90.jar;C:/Progs/Xilinx/Vivado/2024.2\lib\classes\batik-transcoder-1.0.0-90.jar;C:/Progs/Xilinx/Vivado/2024.2\lib\classes\batik-util-1.0.0-90.jar;C:/Progs/Xilinx/Vivado/2024.2\lib\classes\batik-xml-1.0.0-90.jar;C:/Progs/Xilinx/Vivado/2024.2\lib\classes\checker-qual-3.12.0.jar;C:/Progs/Xilinx/Vivado/2024.2\lib\classes\com.fasterxml.jackson.core.jackson-annotations_2.12.1.v20210128-1726-1.0.0-90.jar;C:/Progs/Xilinx/Vivado/2024.2\lib\classes\com.fasterxml.jackson.core.jackson-annotations_2.12.1.v20210128-1726-1.5.0-90.jar;C:/Progs/Xilinx/Vivado/2024.2\lib\classes\com.fasterxml.jackson.core.jackson-core_2.12.1.v20210128-1726-1.0.0-90.jar;C:/Progs/Xilinx/Vivado/2024.2\lib\classes\com.fasterxml.jackson.core.jackson-core_2.12.1.v20210128-1726-1.5.0-90.jar;C:/Progs/Xilinx/Vivado/2024.2\lib\classes\com.fasterxml.jackson.core.jackson-databind_2.12.1.v20210128-1726-1.0.0-90.jar;C:/Progs/Xilinx/Vivado/2024.2\lib\classes\com.fasterxml.jackson.core.jackson-databind_2.12.1.v20210128-1726-1.5.0-90.jar;C:/Progs/Xilinx/Vivado/2024.2\lib\classes\com.google.gson_2.8.9.v20220111-1409-1.5.0-90.jar;C:/Progs/Xilinx/Vivado/2024.2\lib\classes\com.google.guava_30.1.0.v20210127-2300-1.5.0-90.jar;C:/Progs/Xilinx/Vivado/2024.2\lib\classes\com.sigasi.hdt.connection_4.17.2.202304211001-1.5.0-90.jar;C:/Progs/Xilinx/Vivado/2024.2\lib\classes\com.sigasi.hdt.epl_4.17.2.202304211001-1.5.0-90.jar;C:/Progs/Xilinx/Vivado/2024.2\lib\classes\com.sigasi.hdt.project_4.17.2.202304211001-1.5.0-90.jar;C:/Progs/Xilinx/Vivado/2024.2\lib\classes\com.sigasi.hdt.readonlyfilesystem_4.17.2.202304211001-1.5.0-90.jar;C:/Progs/Xilinx/Vivado/2024.2\lib\classes\com.sigasi.hdt.shared_4.17.2.202304211001-1.5.0-90.jar;C:/Progs/Xilinx/Vivado/2024.2\lib\classes\com.sigasi.lcm_4.17.2.202304211001-1.5.0-90.jar;C:/Progs/Xilinx/Vivado/2024.2\lib\classes\com.sigasi.lsp.server.extensions_4.17.2.202304211001-1.5.0-90.jar;C:/Progs/Xilinx/Vivado/2024.2\lib\classes\com.sigasi.sdk.client_1.5.0.202304211001-1.5.0-90.jar;C:/Progs/Xilinx/Vivado/2024.2\lib\classes\commons-collections4-4.1-3.7.8-90.jar;C:/Progs/Xilinx/Vivado/2024.2\lib\classes\commons-compress-1.21-3.7.8-90.jar;C:/Progs/Xilinx/Vivado/2024.2\lib\classes\commons-io-2.15.0-11.0.11-90.jar;C:/Progs/Xilinx/Vivado/2024.2\lib\classes\commons-io-2.6.jar;C:/Progs/Xilinx/Vivado/2024.2\lib\classes\commons-lang3-3.14.0-11.0.11-90.jar;C:/Progs/Xilinx/Vivado/2024.2\lib\classes\commons-math-2.2-3.7.8-90.jar;C:/Progs/Xilinx/Vivado/2024.2\lib\classes\DispatchProtocol-1.24.0-595.jar;C:/Progs/Xilinx/Vivado/2024.2\lib\classes\dom4j-1.6.1-3.7.8-90.jar;C:/Progs/Xilinx/Vivado/2024.2\lib\classes\error_prone_annotations-2.11.0.jar;C:/Progs/Xilinx/Vivado/2024.2\lib\classes\failureaccess-1.0.1.jar;C:/Progs/Xilinx/Vivado/2024.2\lib\classes\frank_frameworks-1.0.0-595.jar;C:/Progs/Xilinx/Vivado/2024.2\lib\classes\gson-2.8.9.jar;C:/Progs/Xilinx/Vivado/2024.2\lib\classes\guava-31.1-android.jar;C:/Progs/Xilinx/Vivado/2024.2\lib\classes\help-1.24.0-412.jar;C:/Progs/Xilinx/Vivado/2024.2\lib\classes\hsqldb-3.7.8-90.jar;C:/Progs/Xilinx/Vivado/2024.2\lib\classes\j2objc-annotations-1.3.jar;C:/Progs/Xilinx/Vivado/2024.2\lib\classes\jakarta.annotation-api-2.1.0-11.0.11-90.jar;C:/Progs/Xilinx/Vivado/2024.2\lib\classes\jakarta.json-2.0.0-RC2-1.5.0-90.jar;C:/Progs/Xilinx/Vivado/2024.2\lib\classes\jakarta.json-api-2.0.0-RC2-1.5.0-90.jar;C:/Progs/Xilinx/Vivado/2024.2\lib\classes\jakarta.transaction-api-2.0.0-11.0.11-90.jar;C:/Progs/Xilinx/Vivado/2024.2\lib\classes\jaxb-api-2.3.0.jar;C:/Progs/Xilinx/Vivado/2024.2\lib\classes\jericho-html-3.4-1.0.0-90.jar;C:/Progs/Xilinx/Vivado/2024.2\lib\classes\jetty-jakarta-servlet-api-5.0.2-11.0.11-90.jar;C:/Progs/Xilinx/Vivado/2024.2\lib\classes\jh-2.0.05-90.jar;C:/Progs/Xilinx/Vivado/2024.2\lib\classes\jide-action-3.7.8-90.jar;C:/Progs/Xilinx/Vivado/2024.2\lib\classes\jide-charts-3.7.8-90.jar;C:/Progs/Xilinx/Vivado/2024.2\lib\classes\jide-common-3.7.8-90.jar;C:/Progs/Xilinx/Vivado/2024.2\lib\classes\jide-components-3.7.8-90.jar;C:/Progs/Xilinx/Vivado/2024.2\lib\classes\jide-dashboard-3.7.8-90.jar;C:/Progs/Xilinx/Vivado/2024.2\lib\classes\jide-data-3.7.8-90.jar;C:/Progs/Xilinx/Vivado/2024.2\lib\classes\jide-dialogs-3.7.8-90.jar;C:/Progs/Xilinx/Vivado/2024.2\lib\classes\jide-diff-3.7.8-90.jar;C:/Progs/Xilinx/Vivado/2024.2\lib\classes\jide-dock-3.7.8-90.jar;C:/Progs/Xilinx/Vivado/2024.2\lib\classes\jide-editor-3.7.8-90.jar;C:/Progs/Xilinx/Vivado/2024.2\lib\classes\jide-gantt-3.7.8-90.jar;C:/Progs/Xilinx/Vivado/2024.2\lib\classes\jide-grids-3.7.8-90.jar;C:/Progs/Xilinx/Vivado/2024.2\lib\classes\jide-pivot-3.7.8-90.jar;C:/Progs/Xilinx/Vivado/2024.2\lib\classes\jide-plaf-jdk7-3.7.8-90.jar;C:/Progs/Xilinx/Vivado/2024.2\lib\classes\jide-properties-3.7.8-90.jar;C:/Progs/Xilinx/Vivado/2024.2\lib\classes\jide-shortcut-3.7.8-90.jar;C:/Progs/Xilinx/Vivado/2024.2\lib\classes\jide-treemap-3.7.8-90.jar;C:/Progs/Xilinx/Vivado/2024.2\lib\classes\JRCClient-1.24.0-595.jar;C:/Progs/Xilinx/Vivado/2024.2\lib\classes\jsr305-3.0.2.jar;C:/Progs/Xilinx/Vivado/2024.2\lib\classes\junit-jupiter-api-5.6.2.jar;C:/Progs/Xilinx/Vivado/2024.2\lib\classes\junit-platform-commons-1.6.2.jar;C:/Progs/Xilinx/Vivado/2024.2\lib\classes\justify-3.0.0-RC2-1.5.0-90.jar;C:/Progs/Xilinx/Vivado/2024.2\lib\classes\jydocking-3.3.1-90.jar;C:/Progs/Xilinx/Vivado/2024.2\lib\classes\jytable-3.3.1-90.jar;C:/Progs/Xilinx/Vivado/2024.2\lib\classes\jywidgets-3.3.1-90.jar;C:/Progs/Xilinx/Vivado/2024.2\lib\classes\listenablefuture-9999.0-empty-to-avoid-conflict-with-guava.jar;C:/Progs/Xilinx/Vivado/2024.2\lib\classes\log4j-1.2-api-2.17.1-1.5.0-90.jar;C:/Progs/Xilinx/Vivado/2024.2\lib\classes\log4j-api-2.17.1-1.5.0-90.jar;C:/Progs/Xilinx/Vivado/2024.2\lib\classes\log4j-core-2.17.1-1.5.0-90.jar;C:/Progs/Xilinx/Vivado/2024.2\lib\classes\lucene-analyzers-common-4.10.2-3.7.8-90.jar;C:/Progs/Xilinx/Vivado/2024.2\lib\classes\lucene-core-4.10.2-3.7.8-90.jar;C:/Progs/Xilinx/Vivado/2024.2\lib\classes\lucene-queryparser-4.10.2-3.7.8-90.jar;C:/Progs/Xilinx/Vivado/2024.2\lib\classes\matlab_jmi-1.0.0-90.jar;C:/Progs/Xilinx/Vivado/2024.2\lib\classes\miglayout-3.7.3.1.jar;C:/Progs/Xilinx/Vivado/2024.2\lib\classes\nlview_java-1.0.0-90.jar;C:/Progs/Xilinx/Vivado/2024.2\lib\classes\opentest4j-1.2.0.jar;C:/Progs/Xilinx/Vivado/2024.2\lib\classes\org.apache.commons.lang_2.6.0.v201404270220-1.0.0-90.jar;C:/Progs/Xilinx/Vivado/2024.2\lib\classes\org.eclipse.core.commands-3.6.0-1.0.0-90.jar;C:/Progs/Xilinx/Vivado/2024.2\lib\classes\org.eclipse.core.filesystem_1.7.400.v20190518-1151-1.0.0-90.jar;C:/Progs/Xilinx/Vivado/2024.2\lib\classes\org.eclipse.core.jobs_3.10.400.v20190506-1457-1.0.0-90.jar;C:/Progs/Xilinx/Vivado/2024.2\lib\classes\org.eclipse.core.resources_3.13.400.v20190505-1655-1.0.0-90.jar;C:/Progs/Xilinx/Vivado/2024.2\lib\classes\org.eclipse.emf.common_2.18.0.v20191225-1014-1.0.0-90.jar;C:/Progs/Xilinx/Vivado/2024.2\lib\classes\org.eclipse.emf.common_2.24.0.v20220123-0838-1.5.0-90.jar;C:/Progs/Xilinx/Vivado/2024.2\lib\classes\org.eclipse.emf.ecore.xmi_2.16.0.v20190528-0725-1.0.0-90.jar;C:/Progs/Xilinx/Vivado/2024.2\lib\classes\org.eclipse.emf.ecore_2.21.0.v20200127-1342-1.0.0-90.jar;C:/Progs/Xilinx/Vivado/2024.2\lib\classes\org.eclipse.equinox.common_3.11.0.v20200206-0817-1.0.0-90.jar;C:/Progs/Xilinx/Vivado/2024.2\lib\classes\org.eclipse.equinox.registry_3.8.400.v20190516-1504-1.0.0-90.jar;C:/Progs/Xilinx/Vivado/2024.2\lib\classes\org.eclipse.jetty.alpn.client_11.0.18-11.0.11-90.jar;C:/Progs/Xilinx/Vivado/2024.2\lib\classes\org.eclipse.jetty.annotations_11.0.18-11.0.11-90.jar;C:/Progs/Xilinx/Vivado/2024.2\lib\classes\org.eclipse.jetty.client_11.0.18-11.0.11-90.jar;C:/Progs/Xilinx/Vivado/2024.2\lib\classes\org.eclipse.jetty.http_11.0.18-11.0.11-90.jar;C:/Progs/Xilinx/Vivado/2024.2\lib\classes\org.eclipse.jetty.io_11.0.18-11.0.11-90.jar;C:/Progs/Xilinx/Vivado/2024.2\lib\classes\org.eclipse.jetty.jndi_11.0.18-11.0.11-90.jar;C:/Progs/Xilinx/Vivado/2024.2\lib\classes\org.eclipse.jetty.plus_11.0.18-11.0.11-90.jar;C:/Progs/Xilinx/Vivado/2024.2\lib\classes\org.eclipse.jetty.security_11.0.18-11.0.11-90.jar;C:/Progs/Xilinx/Vivado/2024.2\lib\classes\org.eclipse.jetty.server_11.0.18-11.0.11-90.jar;C:/Progs/Xilinx/Vivado/2024.2\lib\classes\org.eclipse.jetty.servlet_11.0.18-11.0.11-90.jar;C:/Progs/Xilinx/Vivado/2024.2\lib\classes\org.eclipse.jetty.util_11.0.18-11.0.11-90.jar;C:/Progs/Xilinx/Vivado/2024.2\lib\classes\org.eclipse.jetty.webapp_11.0.18-11.0.11-90.jar;C:/Progs/Xilinx/Vivado/2024.2\lib\classes\org.eclipse.jetty.websocket.api_11.0.18-11.0.11-90.jar;C:/Progs/Xilinx/Vivado/2024.2\lib\classes\org.eclipse.jetty.websocket.client_11.0.18-11.0.11-90.jar;C:/Progs/Xilinx/Vivado/2024.2\lib\classes\org.eclipse.jetty.websocket.common_11.0.18-11.0.11-90.jar;C:/Progs/Xilinx/Vivado/2024.2\lib\classes\org.eclipse.jetty.websocket.core.client_11.0.18-11.0.11-90.jar;C:/Progs/Xilinx/Vivado/2024.2\lib\classes\org.eclipse.jetty.websocket.core.common_11.0.18-11.0.11-90.jar;C:/Progs/Xilinx/Vivado/2024.2\lib\classes\org.eclipse.jetty.websocket.core.server_11.0.18-11.0.11-90.jar;C:/Progs/Xilinx/Vivado/2024.2\lib\classes\org.eclipse.jetty.websocket.server_11.0.18-11.0.11-90.jar;C:/Progs/Xilinx/Vivado/2024.2\lib\classes\org.eclipse.jetty.websocket.servlet_11.0.18-11.0.11-90.jar;C:/Progs/Xilinx/Vivado/2024.2\lib\classes\org.eclipse.jetty.xml_11.0.18-11.0.11-90.jar;C:/Progs/Xilinx/Vivado/2024.2\lib\classes\org.eclipse.lsp4j.jsonrpc_0.12.0.v20210402-1305-1.5.0-90.jar;C:/Progs/Xilinx/Vivado/2024.2\lib\classes\org.eclipse.lsp4j_0.12.0.v20210402-1305-1.5.0-90.jar;C:/Progs/Xilinx/Vivado/2024.2\lib\classes\org.eclipse.xtext.util_2.18.0.v20190603-1042-1.0.0-90.jar;C:/Progs/Xilinx/Vivado/2024.2\lib\classes\org.eclipse.xtext.util_2.26.0.v20220228-0751-1.5.0-90.jar;C:/Progs/Xilinx/Vivado/2024.2\lib\classes\org.eclipse.xtext.xbase.lib_2.26.0.v20220228-0748-1.5.0-90.jar;C:/Progs/Xilinx/Vivado/2024.2\lib\classes\picocli-4.1.2.jar;C:/Progs/Xilinx/Vivado/2024.2\lib\classes\planAhead.jar;C:/Progs/Xilinx/Vivado/2024.2\lib\classes\poi-4.1.1-3.7.8-90.jar;C:/Progs/Xilinx/Vivado/2024.2\lib\classes\poi-ooxml-4.1.1-3.7.8-90.jar;C:/Progs/Xilinx/Vivado/2024.2\lib\classes\poi-ooxml-schemas-4.1.1-3.7.8-90.jar;C:/Progs/Xilinx/Vivado/2024.2\lib\classes\protobuf-java-3.21.12.jar;C:/Progs/Xilinx/Vivado/2024.2\lib\classes\protobuf-java-util-3.21.12.jar;C:/Progs/Xilinx/Vivado/2024.2\lib\classes\RuleService-1.24.0-595.jar;C:/Progs/Xilinx/Vivado/2024.2\lib\classes\slf4j-api-2.0.9-11.0.11-90.jar;C:/Progs/Xilinx/Vivado/2024.2\lib\classes\swingx-core-1.6.2-90.jar;C:/Progs/Xilinx/Vivado/2024.2\lib\classes\synthetica-3.3.1-90.jar;C:/Progs/Xilinx/Vivado/2024.2\lib\classes\syntheticaAddons-3.3.1-90.jar;C:/Progs/Xilinx/Vivado/2024.2\lib\classes\syntheticaDark-3.3.1-90.jar;C:/Progs/Xilinx/Vivado/2024.2\lib\classes\syntheticaPlain-3.3.1-90.jar;C:/Progs/Xilinx/Vivado/2024.2\lib\classes\syntheticaPlainAddon-3.3.1-90.jar;C:/Progs/Xilinx/Vivado/2024.2\lib\classes\sysgen.jar;C:/Progs/Xilinx/Vivado/2024.2\lib\classes\va-shared-1.0.0-595.jar;C:/Progs/Xilinx/Vivado/2024.2\lib\classes\VlmGUI.jar;C:/Progs/Xilinx/Vivado/2024.2\lib\classes\xml-apis-ext-1.0.0-90.jar;C:/Progs/Xilinx/Vivado/2024.2\lib\classes\xmlbeans-3.1.0-3.7.8-90.jar;C:/Progs/Xilinx/Vivado/2024.2\lib\classes\xmlgraphics-commons-1.0.0-90.jar;C:/Progs/Xilinx/Vivado/2024.2\lib\classes\yfiles-for-java-swing-3.3.0-90.jar;C:/Progs/Xilinx/Vivado/2024.2\lib\classes\windows\gluegen-rt-95.0.4638.69-90.jar;C:/Progs/Xilinx/Vivado/2024.2\lib\classes\windows\gluegen-rt-natives-windows-amd64-95.0.4638.69-90.jar;C:/Progs/Xilinx/Vivado/2024.2\lib\classes\windows\javafx-swt-21.0.1-90.jar;C:/Progs/Xilinx/Vivado/2024.2\lib\classes\windows\javafx.base-21.0.1-90.jar;C:/Progs/Xilinx/Vivado/2024.2\lib\classes\windows\javafx.controls-21.0.1-90.jar;C:/Progs/Xilinx/Vivado/2024.2\lib\classes\windows\javafx.fxml-21.0.1-90.jar;C:/Progs/Xilinx/Vivado/2024.2\lib\classes\windows\javafx.graphics-21.0.1-90.jar;C:/Progs/Xilinx/Vivado/2024.2\lib\classes\windows\javafx.media-21.0.1-90.jar;C:/Progs/Xilinx/Vivado/2024.2\lib\classes\windows\javafx.swing-21.0.1-90.jar;C:/Progs/Xilinx/Vivado/2024.2\lib\classes\windows\javafx.web-21.0.1-90.jar;C:/Progs/Xilinx/Vivado/2024.2\lib\classes\windows\jcef-95.0.4638.69-90.jar;C:/Progs/Xilinx/Vivado/2024.2\lib\classes\windows\jcef-tests-95.0.4638.69-90.jar;C:/Progs/Xilinx/Vivado/2024.2\lib\classes\windows\jogl-all-95.0.4638.69-90.jar;C:/Progs/Xilinx/Vivado/2024.2\lib\classes\windows\jogl-all-natives-windows-amd64-95.0.4638.69-90.jar
Launcher Type: generic

[Global flags]
     intx CICompilerCount                          = 12                                        {product} {ergonomic}
     uint ConcGCThreads                            = 1                                         {product} {ergonomic}
     uint G1ConcRefinementThreads                  = 4                                         {product} {ergonomic}
   size_t G1HeapRegionSize                         = 2097152                                   {product} {ergonomic}
    uintx GCDrainStackTargetSize                   = 64                                        {product} {ergonomic}
   size_t InitialHeapSize                          = 536870912                                 {product} {command line}
   size_t MarkStackSize                            = 4194304                                   {product} {ergonomic}
    uintx MaxGCPauseMillis                         = 200                                       {product} {command line}
   size_t MaxHeapSize                              = 4269801472                                {product} {command line}
   size_t MaxNewSize                               = 83886080                                  {product} {command line}
   size_t MinHeapDeltaBytes                        = 2097152                                   {product} {ergonomic}
   size_t MinHeapSize                              = 536870912                                 {product} {command line}
   size_t NewSize                                  = 83886080                                  {product} {command line}
    uintx NonNMethodCodeHeapSize                   = 7602480                                {pd product} {ergonomic}
    uintx NonProfiledCodeHeapSize                  = 122027880                              {pd product} {ergonomic}
     uint ParallelGCThreads                        = 4                                         {product} {command line}
     bool ParallelRefProcEnabled                   = true                                      {product} {command line}
    uintx ProfiledCodeHeapSize                     = 122027880                              {pd product} {ergonomic}
    uintx ReservedCodeCacheSize                    = 251658240                              {pd product} {ergonomic}
     bool SegmentedCodeCache                       = true                                      {product} {ergonomic}
   size_t SoftMaxHeapSize                          = 4269801472                             {manageable} {ergonomic}
    uintx StringTableSize                          = 4072                                      {product} {command line}
     intx ThreadStackSize                          = 10240                                  {pd product} {command line}
     bool UseCompressedOops                        = true                           {product lp64_product} {ergonomic}
     bool UseG1GC                                  = true                                      {product} {ergonomic}
     bool UseLargePagesIndividualAllocation        = false                                  {pd product} {ergonomic}
     bool UsePerfData                              = false                                     {product} {command line}
     bool UseStringDeduplication                   = true                                      {product} {command line}

Logging:
Log output configuration:
 #0: stdout all=warning uptime,level,tags foldmultilines=false
 #1: stderr all=off uptime,level,tags foldmultilines=false

Environment Variables:
PATH=C:/Progs/Xilinx/Vivado/2024.2\gnuwin\bin;C:/Progs/Xilinx/Vivado/2024.2\gnu\microblaze\nt\bin;C:/Progs/Xilinx/Vivado/2024.2/bin;C:/Progs/Xilinx/Vivado/2024.2/tps/win64/java-cef-95.0.4638.69/bin/lib/win64;C:/Progs/Xilinx/Vivado/2024.2/tps/win64/javafx-sdk-21.0.1/lib;C:/Progs/Xilinx/Vivado/2024.2/tps/win64/javafx-sdk-21.0.1/bin;C:/Progs/Xilinx/Vivado/2024.2/lib/win64.o;C:/Progs/Xilinx/Vivado/2024.2/tps/win64/jre21.0.1_12/bin/server;C:/Progs/Xilinx/Vivado/2024.2/tps/win64/jre21.0.1_12/bin;C:/Progs/Xilinx/Vitis/2024.2/bin;C:/Progs/Xilinx/Vivado/2024.2/ids_lite/ISE/bin/nt64;C:/Progs/Xilinx/Vivado/2024.2/ids_lite/ISE/lib/nt64;C:/Progs/Xilinx/Vitis_HLS/2024.2/bin;C:\Program Files\Python313\Scripts\;C:\Program Files\Python313\;C:\WINDOWS\system32;C:\WINDOWS;C:\WINDOWS\System32\Wbem;C:\WINDOWS\System32\WindowsPowerShell\v1.0\;C:\WINDOWS\System32\OpenSSH\;C:\Program Files\Microsoft VS Code\bin;C:\Program Files\dotnet\;C:\Program Files (x86)\IVI Foundation\VISA\WinNT\Bin\;C:\Program Files\IVI Foundation\VISA\Win64\Bin\;C:\Program Files (x86)\National Instruments\Shared\LabVIEW CLI;C:\Program Files\Docker\Docker\resources\bin;C:\Users\devandla\AppData\Local\Microsoft\WindowsApps;C:\Users\devandla\AppData\Local\GitHubDesktop\bin;C:\Users\devandla\AppData\Local\Programs\Git\cmd;C:/Progs/Xilinx/Vivado/2024.2\tps\mingw\6.2.0\win64.o\nt\bin;C:/Progs/Xilinx/Vivado/2024.2\tps\mingw\6.2.0\win64.o\nt\libexec\gcc\x86_64-w64-mingw32\6.2.0;C:/Progs/Xilinx/Vivado/2024.2\tps\win64\python-3.8.3;C:/Progs/Xilinx/Vivado/2024.2\tps\win64\python-3.8.3\bin;C:/Progs/Xilinx/Vivado/2024.2\tps\win64\python-3.8.3\lib;C:/Progs/Xilinx/Vivado/2024.2\tps\win64\python-3.8.3\lib\site-packages
USERNAME=devandla
OS=Windows_NT
PROCESSOR_IDENTIFIER=Intel64 Family 6 Model 183 Stepping 1, GenuineIntel
TMP=C:\Users\LOCAL_~1\Temp
TEMP=C:\Users\LOCAL_~1\Temp




Periodic native trim disabled

---------------  S Y S T E M  ---------------

OS:
 Windows 11 , 64 bit Build 26100 (10.0.26100.7920)
OS uptime: 1 days 0:28 hours
Hyper-V role detected

CPU: total 28 (initial active 28) (14 cores per cpu, 2 threads per core) family 6 model 183 stepping 1 microcode 0x133, cx8, cmov, fxsr, ht, mmx, 3dnowpref, sse, sse2, sse3, ssse3, sse4.1, sse4.2, popcnt, lzcnt, tsc, tscinvbit, avx, avx2, aes, erms, clmul, bmi1, bmi2, adx, sha, fma, vzeroupper, clflush, clflushopt, clwb, hv, serialize, rdtscp, rdpid, fsrm, f16c, cet_ibt, cet_ss
Processor Information for all 28 processors :
  Max Mhz: 2100, Current Mhz: 2100, Mhz Limit: 2100

Memory: 4k page, system-wide physical 32454M (18311M free)
TotalPageFile size 37318M (AvailPageFile size 24138M)
current process WorkingSet (physical memory assigned to process): 2743M, peak: 2810M
current process commit charge ("private bytes"): 2900M, peak: 3444M

vm_info: OpenJDK 64-Bit Server VM (21.0.1+12-LTS) for windows-amd64 JRE (21.0.1+12-LTS), built on 2023-10-17T00:00:00Z by "admin" with unknown MS VC++:1937

END.
