#-----------------------------------------------------------
# Vivado v2024.2 (64-bit)
# SW Build 5239630 on Fri Nov 08 22:35:27 MST 2024
# IP Build 5239520 on Sun Nov 10 16:12:51 MST 2024
# SharedData Build 5239561 on Fri Nov 08 14:39:27 MST 2024
# Start of session at: Tue May  5 11:33:00 2026
# Process ID         : 17264
# Current directory  : C:/Users/qianzha/Desktop/Embedded-System-Project-DAT096/Board_1/Board_1
# Command line       : vivado.exe -gui_launcher_event rodinguilauncherevent20328 C:\Users\qianzha\Desktop\Embedded-System-Project-DAT096\Board_1\Board_1\Board_2.xpr
# Log file           : C:/Users/qianzha/Desktop/Embedded-System-Project-DAT096/Board_1/Board_1/vivado.log
# Journal file       : C:/Users/qianzha/Desktop/Embedded-System-Project-DAT096/Board_1/Board_1\vivado.jou
# Running On         : FY-6302-12
# Platform           : Windows Server 2016 or Windows 10
# Operating System   : 26200
# Processor Detail   : Intel(R) Core(TM) i7-14700
# CPU Frequency      : 2112 MHz
# CPU Physical cores : 20
# CPU Logical cores  : 28
# Host memory        : 34031 MB
# Swap memory        : 5100 MB
# Total Virtual      : 39131 MB
# Available Virtual  : 31139 MB
#-----------------------------------------------------------
start_gui
open_project C:/Users/qianzha/Desktop/Embedded-System-Project-DAT096/Board_1/Board_1/Board_2.xpr
INFO: [Project 1-313] Project file moved from 'C:/Users/qianzha/Desktop/DAT096-krishna/Embedded-System-Project-DAT096-krishna/Board_1/Board_1' since last save.
Scanning sources...
Finished scanning sources
WARNING: [Board 49-26] cannot add Board Part digilentinc.com:genesys2:part0:1.1 available at Z:/DAT096/vivado-boards-master/vivado-boards-master/new/board_files/genesys2/H/board.xml as part xc7k325tffg900-2 specified in board_part file is either invalid or not available
WARNING: [Board 49-26] cannot add Board Part digilentinc.com:sword:part0:1.0 available at Z:/DAT096/vivado-boards-master/vivado-boards-master/new/board_files/sword/C.0/board.xml as part xc7k325tffg900-2 specified in board_part file is either invalid or not available
INFO: [IP_Flow 19-234] Refreshing IP repositories
INFO: [IP_Flow 19-1700] Loaded user IP repository 'z:/DAT096/vivado-library-master/vivado-library-master'.
INFO: [IP_Flow 19-2313] Loaded Vivado IP repository 'C:/Progs/Xilinx/Vivado/2024.2/data/ip'.
INFO: [Project 1-5579] Found utility IPs instantiated in one or more block designs which have equivalent inline hdl with improved performance and reduced diskspace. It is recommended to migrate these utility IPs to inline hdl using the command upgrade_project -migrate_to_inline_hdl. The utility IPs may be deprecated in future releases. More information on inline hdl is available in UG994.
open_project: Time (s): cpu = 00:00:13 ; elapsed = 00:00:21 . Memory (MB): peak = 1430.539 ; gain = 349.480
update_compile_order -fileset sources_1
open_bd_design {C:/Users/qianzha/Desktop/Embedded-System-Project-DAT096/Board_1/Board_1/Board_2.srcs/sources_1/bd/design_2/design_2.bd}
Reading block design file <C:/Users/qianzha/Desktop/Embedded-System-Project-DAT096/Board_1/Board_1/Board_2.srcs/sources_1/bd/design_2/design_2.bd>...
Adding component instance block -- xilinx.com:ip:ila:6.2 - ila_0
INFO: [xilinx.com:ip:ila:6.2-6] /ila_0: AMD recommends using the System ILA IP in IP Integrator. The System ILA IP is functionally equivalent to an ILA and offers additional benefits in debugging interfaces both within IP Integrator and the Hardware Manager. Consult the Programming and Debug User Guide UG908 for further details.
Adding component instance block -- xilinx.com:module_ref:adc_bit_decoder:1.0 - adc_bit_decoder_0
Adding component instance block -- xilinx.com:ip:xlconstant:1.1 - xlconstant_1
Adding component instance block -- xilinx.com:ip:xlslice:1.0 - xlslice_0
Adding component instance block -- xilinx.com:ip:xlconstant:1.1 - xlconstant_3
Adding component instance block -- xilinx.com:ip:processing_system7:5.5 - processing_system7_0
Adding component instance block -- digilent.com:user:ZmodScopeController:1.2 - ZmodScopeController_0
Adding component instance block -- digilent.com:user:ZmodAWGController:1.1 - ZmodAWGController_0
Adding component instance block -- xilinx.com:ip:clk_wiz:6.0 - clk_wiz_0
Adding component instance block -- xilinx.com:module_ref:prbs_axis_master_32:1.0 - prbs_axis_master_32_0
Adding component instance block -- xilinx.com:module_ref:pilot_tx_rx:1.0 - pilot_tx_rx_0
Adding component instance block -- xilinx.com:module_ref:delay_measure:1.0 - delay_measure_0
Adding component instance block -- xilinx.com:module_ref:bit_to_dac14_axi:1.0 - bit_to_dac14_axi_0
Adding component instance block -- xilinx.com:ip:proc_sys_reset:5.0 - proc_sys_reset_0
Adding component instance block -- xilinx.com:ip:xlconstant:1.1 - xlconstant_2
Successfully read diagram <design_2> from block design file <C:/Users/qianzha/Desktop/Embedded-System-Project-DAT096/Board_1/Board_1/Board_2.srcs/sources_1/bd/design_2/design_2.bd>
open_hw_manager
connect_hw_server -allow_non_jtag
INFO: [Labtools 27-2285] Connecting to hw_server url TCP:localhost:3121
INFO: [Labtools 27-2222] Launching hw_server...
INFO: [Labtools 27-2221] Launch Output:

****** Xilinx hw_server v2024.2
  **** Build date : Oct 29 2024 at 10:25:41
    ** Copyright 1986-2022 Xilinx, Inc. All Rights Reserved.


INFO: [Labtools 27-3415] Connecting to cs_server url TCP:localhost:0
INFO: [Labtools 27-3417] Launching cs_server...
INFO: [Labtools 27-2221] Launch Output:


******** Xilinx cs_server v2024.2.0
  ****** Build date   : Oct 30 2024-19:19:07
    **** Build number : 2024.2.1730312347
      ** Copyright 2017-2022 Xilinx, Inc. All Rights Reserved.
      ** Copyright 2022-2026 Advanced Micro Devices, Inc. All Rights Reserved.



connect_hw_server: Time (s): cpu = 00:00:00 ; elapsed = 00:00:14 . Memory (MB): peak = 1634.617 ; gain = 0.000
open_hw_target
INFO: [Labtoolstcl 44-466] Opening hw_target localhost:3121/xilinx_tcf/Digilent/210393BB58A7A
set_property PROGRAM.FILE {C:/Users/qianzha/Desktop/Embedded-System-Project-DAT096/Board_1/Board_1/Board_2.runs/impl_1/design_2_wrapper.bit} [get_hw_devices xc7z020_1]
set_property PROBES.FILE {C:/Users/qianzha/Desktop/Embedded-System-Project-DAT096/Board_1/Board_1/Board_2.runs/impl_1/design_2_wrapper.ltx} [get_hw_devices xc7z020_1]
set_property FULL_PROBES.FILE {C:/Users/qianzha/Desktop/Embedded-System-Project-DAT096/Board_1/Board_1/Board_2.runs/impl_1/design_2_wrapper.ltx} [get_hw_devices xc7z020_1]
current_hw_device [get_hw_devices xc7z020_1]
refresh_hw_device [lindex [get_hw_devices xc7z020_1] 0]
INFO: [Labtools 27-1434] Device xc7z020 (JTAG device index = 1) is programmed with a design that has no supported debug core(s) in it.
WARNING: [Labtools 27-3361] The debug hub core was not detected.
Resolution: 
1. Make sure the clock connected to the debug hub (dbg_hub) core is a free running clock and is active.
2. Make sure the BSCAN_SWITCH_USER_MASK device property in Vivado Hardware Manager reflects the user scan chain setting in the design and refresh the device.  To determine the user scan chain setting in the design, open the implemented design and use 'get_property C_USER_SCAN_CHAIN [get_debug_cores dbg_hub]'.
For more details on setting the scan chain property, consult the Vivado Debug and Programming User Guide (UG908).
WARNING: [Labtools 27-3413] Dropping logic core with cellname:'design_2_i/ila_0' at location 'uuid_F2A5A0E152865171A222BF15ACEC5622' from probes file, since it cannot be found on the programmed device.
open_bd_design {C:/Users/qianzha/Desktop/Embedded-System-Project-DAT096/Board_1/Board_1/Board_2.srcs/sources_1/bd/design_2/design_2.bd}
set_property PROBES.FILE {C:/Users/qianzha/Desktop/Embedded-System-Project-DAT096/Board_1/Board_1/Board_2.runs/impl_1/design_2_wrapper.ltx} [get_hw_devices xc7z020_1]
set_property FULL_PROBES.FILE {C:/Users/qianzha/Desktop/Embedded-System-Project-DAT096/Board_1/Board_1/Board_2.runs/impl_1/design_2_wrapper.ltx} [get_hw_devices xc7z020_1]
set_property PROGRAM.FILE {C:/Users/qianzha/Desktop/Embedded-System-Project-DAT096/Board_1/Board_1/Board_2.runs/impl_1/design_2_wrapper.bit} [get_hw_devices xc7z020_1]
program_hw_devices [get_hw_devices xc7z020_1]
INFO: [Labtools 27-3164] End of startup status: HIGH
refresh_hw_device [lindex [get_hw_devices xc7z020_1] 0]
INFO: [Labtools 27-2302] Device xc7z020 (JTAG device index = 1) is programmed with a design that has 1 ILA core(s).
display_hw_ila_data [ get_hw_ila_data hw_ila_data_1 -of_objects [get_hw_ilas -of_objects [get_hw_devices xc7z020_1] -filter {CELL_NAME=~"design_2_i/ila_0"}]]
run_hw_ila [get_hw_ilas -of_objects [get_hw_devices xc7z020_1] -filter {CELL_NAME=~"design_2_i/ila_0"}]
INFO: [Labtools 27-1964] The ILA core 'hw_ila_1' trigger was armed at 2026-May-05 11:41:41
wait_on_hw_ila [get_hw_ilas -of_objects [get_hw_devices xc7z020_1] -filter {CELL_NAME=~"design_2_i/ila_0"}]
display_hw_ila_data [upload_hw_ila_data [get_hw_ilas -of_objects [get_hw_devices xc7z020_1] -filter {CELL_NAME=~"design_2_i/ila_0"}]]
INFO: [Labtools 27-1966] The ILA core 'hw_ila_1' triggered at 2026-May-05 11:41:41
INFO: [Labtools 27-3304] ILA Waveform data saved to file C:/Users/qianzha/Desktop/Embedded-System-Project-DAT096/Board_1/Board_1/Board_2.hw/backup/hw_ila_data_1.ila. Use Tcl command 'read_hw_ila_data' or Vivado File->Import->Import ILA Data menu item to import the previously saved data.
open_bd_design {C:/Users/qianzha/Desktop/Embedded-System-Project-DAT096/Board_1/Board_1/Board_2.srcs/sources_1/bd/design_2/design_2.bd}
WARNING: [IP_Flow 19-4067] Ignoring invalid widget type specified checkbox.Providing a default widget
delete_bd_objs [get_bd_nets ZmodScopeController_0_cDataAxisTdata]
connect_bd_net [get_bd_pins ZmodScopeController_0/cDataAxisTdata] [get_bd_pins xlslice_0/Din]
WARNING: [BD 41-1306] The connection to interface pin </ZmodScopeController_0/cDataAxisTdata> is being overridden by the user with net <ZmodScopeController_0_cDataAxisTdata>. This pin will not be connected as a part of interface connection <DataStream>, and might not recreate the connectivity as expected using the writ_bd_tcl command.
connect_bd_net [get_bd_pins bit_to_dac14_axi_0/m_axis_tdata] [get_bd_pins ila_0/probe7]
WARNING: [BD 41-1306] The connection to interface pin </bit_to_dac14_axi_0/m_axis_tdata> is being overridden by the user with net <bit_to_dac14_axi_0_m_axis_tdata>. This pin will not be connected as a part of interface connection <m_axis>, and might not recreate the connectivity as expected using the writ_bd_tcl command.
validate_bd_design
WARNING: [BD 41-2670] Found an incomplete address path from address space '/processing_system7_0/Data' to master interface '/processing_system7_0/M_AXI_GP0'. Please either complete or remove this path to resolve.
WARNING: [BD 5-699] No address segments matched 'get_bd_addr_segs -of_objects /processing_system7_0/Data'
WARNING: [IP_Flow 19-4684] Expected long value for param C_ILA_CLK_FREQ but, float/scientific notation value 5e+07 is provided. The value is converted to long type(50000000)
INFO: [xilinx.com:ip:clk_wiz:6.0-1] /clk_wiz_0 clk_wiz propagate
WARNING: [BD 41-1271] The connection to the pin: /bit_to_dac14_axi_0/m_axis_tdata has been overridden by the user. This pin will not be connected as a part of the interface connection: bit_to_dac14_axi_0_m_axis 
reset_run synth_1
INFO: [Project 1-1161] Replacing file C:/Users/qianzha/Desktop/Embedded-System-Project-DAT096/Board_1/Board_1/Board_2.srcs/utils_1/imports/synth_1/design_2_wrapper.dcp with file C:/Users/qianzha/Desktop/Embedded-System-Project-DAT096/Board_1/Board_1/Board_2.runs/synth_1/design_2_wrapper.dcp
WARNING: [Vivado 12-1017] Problems encountered:
1. Failed to delete one or more files in run directory C:/Users/qianzha/Desktop/Embedded-System-Project-DAT096/Board_1/Board_1/Board_2.runs/synth_1

WARNING: [filemgmt 56-199] Attempt to get parsing info during refresh. "On-the-fly" syntax checking information may be incorrect. [C:\Users\qianzha\Desktop\Embedded-System-Project-DAT096\Board_1\Board_1\Board_2.srcs\sources_1\new\pulse_gen.vhd:]
WARNING: [filemgmt 56-199] Attempt to get parsing info during refresh. "On-the-fly" syntax checking information may be incorrect. [C:\Users\qianzha\Desktop\Embedded-System-Project-DAT096\Board_1\Board_1\Board_2.srcs\sources_1\new\bit to dac converter.vhd:]
WARNING: [filemgmt 56-199] Attempt to get parsing info during refresh. "On-the-fly" syntax checking information may be incorrect. [C:\Users\qianzha\Desktop\Embedded-System-Project-DAT096\Board_1\Board_1\Board_2.srcs\sources_1\new\pulse_gen.vhd:]
WARNING: [filemgmt 56-199] Attempt to get parsing info during refresh. "On-the-fly" syntax checking information may be incorrect. [C:\Users\qianzha\Desktop\Embedded-System-Project-DAT096\Board_1\Board_1\Board_2.srcs\sources_1\new\pulse_gen.vhd:]
ERROR: [Common 17-180] Spawn failed: No error
save_bd_design
Wrote  : <C:\Users\qianzha\Desktop\Embedded-System-Project-DAT096\Board_1\Board_1\Board_2.srcs\sources_1\bd\design_2\design_2.bd> 
Wrote  : <C:/Users/qianzha/Desktop/Embedded-System-Project-DAT096/Board_1/Board_1/Board_2.srcs/sources_1/bd/design_2/ui/bd_1fdbff51.ui> 
launch_runs synth_1 -jobs 28
INFO: [BD 41-1662] The design 'design_2.bd' is already validated. Therefore parameter propagation will not be re-run.
WARNING: [BD 41-1271] The connection to the pin: /bit_to_dac14_axi_0/m_axis_tdata has been overridden by the user. This pin will not be connected as a part of the interface connection: bit_to_dac14_axi_0_m_axis 
VHDL Output written to : c:/Users/qianzha/Desktop/Embedded-System-Project-DAT096/Board_1/Board_1/Board_2.gen/sources_1/bd/design_2/synth/design_2.vhd
VHDL Output written to : c:/Users/qianzha/Desktop/Embedded-System-Project-DAT096/Board_1/Board_1/Board_2.gen/sources_1/bd/design_2/sim/design_2.vhd
VHDL Output written to : c:/Users/qianzha/Desktop/Embedded-System-Project-DAT096/Board_1/Board_1/Board_2.gen/sources_1/bd/design_2/hdl/design_2_wrapper.vhd
Exporting to file c:/Users/qianzha/Desktop/Embedded-System-Project-DAT096/Board_1/Board_1/Board_2.gen/sources_1/bd/design_2/hw_handoff/design_2.hwh
Generated Hardware Definition File c:/Users/qianzha/Desktop/Embedded-System-Project-DAT096/Board_1/Board_1/Board_2.gen/sources_1/bd/design_2/synth/design_2.hwdef
[Tue May  5 11:46:17 2026] Launched synth_1...
Run output will be captured here: C:/Users/qianzha/Desktop/Embedded-System-Project-DAT096/Board_1/Board_1/Board_2.runs/synth_1/runme.log
launch_runs: Time (s): cpu = 00:00:01 ; elapsed = 00:00:07 . Memory (MB): peak = 1890.551 ; gain = 0.000
WARNING: [filemgmt 56-199] Attempt to get parsing info during refresh. "On-the-fly" syntax checking information may be incorrect. [C:\Users\qianzha\Desktop\Embedded-System-Project-DAT096\Board_1\Board_1\Board_2.srcs\sources_1\new\pulse_gen.vhd:]
WARNING: [filemgmt 56-199] Attempt to get parsing info during refresh. "On-the-fly" syntax checking information may be incorrect. [C:\Users\qianzha\Desktop\Embedded-System-Project-DAT096\Board_1\Board_1\Board_2.srcs\sources_1\new\bit to dac converter.vhd:]
WARNING: [filemgmt 56-199] Attempt to get parsing info during refresh. "On-the-fly" syntax checking information may be incorrect. [C:\Users\qianzha\Desktop\Embedded-System-Project-DAT096\Board_1\Board_1\Board_2.srcs\sources_1\new\pulse_gen.vhd:]
WARNING: [filemgmt 56-199] Attempt to get parsing info during refresh. "On-the-fly" syntax checking information may be incorrect. [C:\Users\qianzha\Desktop\Embedded-System-Project-DAT096\Board_1\Board_1\Board_2.srcs\sources_1\new\pulse_gen.vhd:]
ERROR: [Common 17-180] Spawn failed: No error
launch_runs impl_1 -jobs 28
[Tue May  5 11:46:57 2026] Launched impl_1...
Run output will be captured here: C:/Users/qianzha/Desktop/Embedded-System-Project-DAT096/Board_1/Board_1/Board_2.runs/impl_1/runme.log
launch_runs impl_1 -to_step write_bitstream -jobs 28
[Tue May  5 11:48:27 2026] Launched impl_1...
Run output will be captured here: C:/Users/qianzha/Desktop/Embedded-System-Project-DAT096/Board_1/Board_1/Board_2.runs/impl_1/runme.log
run_hw_ila [get_hw_ilas -of_objects [get_hw_devices xc7z020_1] -filter {CELL_NAME=~"design_2_i/ila_0"}]
INFO: [Labtools 27-1964] The ILA core 'hw_ila_1' trigger was armed at 2026-May-05 11:49:10
wait_on_hw_ila [get_hw_ilas -of_objects [get_hw_devices xc7z020_1] -filter {CELL_NAME=~"design_2_i/ila_0"}]
display_hw_ila_data [upload_hw_ila_data [get_hw_ilas -of_objects [get_hw_devices xc7z020_1] -filter {CELL_NAME=~"design_2_i/ila_0"}]]
INFO: [Labtools 27-1966] The ILA core 'hw_ila_1' triggered at 2026-May-05 11:49:10
INFO: [Labtools 27-3304] ILA Waveform data saved to file C:/Users/qianzha/Desktop/Embedded-System-Project-DAT096/Board_1/Board_1/Board_2.hw/backup/hw_ila_data_1.ila. Use Tcl command 'read_hw_ila_data' or Vivado File->Import->Import ILA Data menu item to import the previously saved data.
set_property PROBES.FILE {C:/Users/qianzha/Desktop/Embedded-System-Project-DAT096/Board_1/Board_1/Board_2.runs/impl_1/design_2_wrapper.ltx} [get_hw_devices xc7z020_1]
set_property FULL_PROBES.FILE {C:/Users/qianzha/Desktop/Embedded-System-Project-DAT096/Board_1/Board_1/Board_2.runs/impl_1/design_2_wrapper.ltx} [get_hw_devices xc7z020_1]
set_property PROGRAM.FILE {C:/Users/qianzha/Desktop/Embedded-System-Project-DAT096/Board_1/Board_1/Board_2.runs/impl_1/design_2_wrapper.bit} [get_hw_devices xc7z020_1]
program_hw_devices [get_hw_devices xc7z020_1]
INFO: [Labtools 27-3164] End of startup status: HIGH
refresh_hw_device [lindex [get_hw_devices xc7z020_1] 0]
INFO: [Labtools 27-2302] Device xc7z020 (JTAG device index = 1) is programmed with a design that has 1 ILA core(s).
add_wave -into {hw_ila_data_1.wcfg} -radix bin { {design_2_i/bit_to_dac14_axi_0_m_axis_tdata} }
run_hw_ila [get_hw_ilas -of_objects [get_hw_devices xc7z020_1] -filter {CELL_NAME=~"design_2_i/ila_0"}]
INFO: [Labtools 27-1964] The ILA core 'hw_ila_1' trigger was armed at 2026-May-05 11:49:27
wait_on_hw_ila [get_hw_ilas -of_objects [get_hw_devices xc7z020_1] -filter {CELL_NAME=~"design_2_i/ila_0"}]
display_hw_ila_data [upload_hw_ila_data [get_hw_ilas -of_objects [get_hw_devices xc7z020_1] -filter {CELL_NAME=~"design_2_i/ila_0"}]]
INFO: [Labtools 27-1966] The ILA core 'hw_ila_1' triggered at 2026-May-05 11:49:27
INFO: [Labtools 27-3304] ILA Waveform data saved to file C:/Users/qianzha/Desktop/Embedded-System-Project-DAT096/Board_1/Board_1/Board_2.hw/backup/hw_ila_data_1.ila. Use Tcl command 'read_hw_ila_data' or Vivado File->Import->Import ILA Data menu item to import the previously saved data.
set_property PROBES.FILE {C:/Users/qianzha/Desktop/Embedded-System-Project-DAT096/Board_1/Board_1/Board_2.runs/impl_1/design_2_wrapper.ltx} [get_hw_devices xc7z020_1]
set_property FULL_PROBES.FILE {C:/Users/qianzha/Desktop/Embedded-System-Project-DAT096/Board_1/Board_1/Board_2.runs/impl_1/design_2_wrapper.ltx} [get_hw_devices xc7z020_1]
set_property PROGRAM.FILE {C:/Users/qianzha/Desktop/Embedded-System-Project-DAT096/Board_1/Board_1/Board_2.runs/impl_1/design_2_wrapper.bit} [get_hw_devices xc7z020_1]
program_hw_devices [get_hw_devices xc7z020_1]
INFO: [Labtools 27-3164] End of startup status: HIGH
refresh_hw_device [lindex [get_hw_devices xc7z020_1] 0]
INFO: [Labtools 27-2302] Device xc7z020 (JTAG device index = 1) is programmed with a design that has 1 ILA core(s).
open_bd_design {C:/Users/qianzha/Desktop/Embedded-System-Project-DAT096/Board_1/Board_1/Board_2.srcs/sources_1/bd/design_2/design_2.bd}
delete_bd_objs [get_bd_nets bit_to_dac14_axi_0_m_axis_tdata]
validate_bd_design
WARNING: [BD 41-2670] Found an incomplete address path from address space '/processing_system7_0/Data' to master interface '/processing_system7_0/M_AXI_GP0'. Please either complete or remove this path to resolve.
WARNING: [BD 5-699] No address segments matched 'get_bd_addr_segs -of_objects /processing_system7_0/Data'
WARNING: [IP_Flow 19-4684] Expected long value for param C_ILA_CLK_FREQ but, float/scientific notation value 5e+07 is provided. The value is converted to long type(50000000)
ERROR: [Common 17-161] Invalid option value '' specified for 'object'.
ERROR: [BD 41-1273] Error running propagate TCL procedure: ERROR: [Common 17-161] Invalid option value '' specified for 'object'.
    ::xilinx.com_ip_ila_6.2::propagate Line 95
INFO: [xilinx.com:ip:clk_wiz:6.0-1] /clk_wiz_0 clk_wiz propagate
ERROR: [Common 17-39] 'validate_bd_design' failed due to earlier errors.
save_bd_design
Wrote  : <C:\Users\qianzha\Desktop\Embedded-System-Project-DAT096\Board_1\Board_1\Board_2.srcs\sources_1\bd\design_2\design_2.bd> 
Wrote  : <C:/Users/qianzha/Desktop/Embedded-System-Project-DAT096/Board_1/Board_1/Board_2.srcs/sources_1/bd/design_2/ui/bd_1fdbff51.ui> 
reset_run synth_1
INFO: [Project 1-1161] Replacing file C:/Users/qianzha/Desktop/Embedded-System-Project-DAT096/Board_1/Board_1/Board_2.srcs/utils_1/imports/synth_1/design_2_wrapper.dcp with file C:/Users/qianzha/Desktop/Embedded-System-Project-DAT096/Board_1/Board_1/Board_2.runs/synth_1/design_2_wrapper.dcp
WARNING: [Vivado 12-1017] Problems encountered:
1. Failed to delete one or more files in run directory C:/Users/qianzha/Desktop/Embedded-System-Project-DAT096/Board_1/Board_1/Board_2.runs/synth_1

WARNING: [filemgmt 56-199] Attempt to get parsing info during refresh. "On-the-fly" syntax checking information may be incorrect. [C:\Users\qianzha\Desktop\Embedded-System-Project-DAT096\Board_1\Board_1\Board_2.srcs\sources_1\new\pulse_gen.vhd:]
WARNING: [filemgmt 56-199] Attempt to get parsing info during refresh. "On-the-fly" syntax checking information may be incorrect. [C:\Users\qianzha\Desktop\Embedded-System-Project-DAT096\Board_1\Board_1\Board_2.srcs\sources_1\new\bit to dac converter.vhd:]
WARNING: [filemgmt 56-199] Attempt to get parsing info during refresh. "On-the-fly" syntax checking information may be incorrect. [C:\Users\qianzha\Desktop\Embedded-System-Project-DAT096\Board_1\Board_1\Board_2.srcs\sources_1\new\delay_measure.vhd:]
WARNING: [filemgmt 56-199] Attempt to get parsing info during refresh. "On-the-fly" syntax checking information may be incorrect. [C:\Users\qianzha\Desktop\Embedded-System-Project-DAT096\Board_1\Board_1\Board_2.srcs\sources_1\new\pulse_gen.vhd:]
WARNING: [filemgmt 56-199] Attempt to get parsing info during refresh. "On-the-fly" syntax checking information may be incorrect. [C:\Users\qianzha\Desktop\Embedded-System-Project-DAT096\Board_1\Board_1\Board_2.srcs\sources_1\new\pulse_gen.vhd:]
WARNING: [filemgmt 56-199] Attempt to get parsing info during refresh. "On-the-fly" syntax checking information may be incorrect. [C:\Users\qianzha\Desktop\Embedded-System-Project-DAT096\Board_1\Board_1\Board_2.srcs\sources_1\new\pulse_gen.vhd:]
WARNING: [filemgmt 56-199] Attempt to get parsing info during refresh. "On-the-fly" syntax checking information may be incorrect. [C:\Users\qianzha\Desktop\Embedded-System-Project-DAT096\Board_1\Board_1\Board_2.srcs\sources_1\new\bit to dac converter.vhd:]
WARNING: [filemgmt 56-199] Attempt to get parsing info during refresh. "On-the-fly" syntax checking information may be incorrect. [C:\Users\qianzha\Desktop\Embedded-System-Project-DAT096\Board_1\Board_1\Board_2.srcs\sources_1\new\delay_measure.vhd:]
WARNING: [filemgmt 56-199] Attempt to get parsing info during refresh. "On-the-fly" syntax checking information may be incorrect. [C:\Users\qianzha\Desktop\Embedded-System-Project-DAT096\Board_1\Board_1\Board_2.srcs\sources_1\new\delay_measure.vhd:]
WARNING: [filemgmt 56-199] Attempt to get parsing info during refresh. "On-the-fly" syntax checking information may be incorrect. [C:\Users\qianzha\Desktop\Embedded-System-Project-DAT096\Board_1\Board_1\Board_2.srcs\sources_1\new\delay_measure.vhd:]
ERROR: [Common 17-180] Spawn failed: No error
launch_runs synth_1 -jobs 28
INFO: [BD 41-1662] The design 'design_2.bd' is already validated. Therefore parameter propagation will not be re-run.
VHDL Output written to : c:/Users/qianzha/Desktop/Embedded-System-Project-DAT096/Board_1/Board_1/Board_2.gen/sources_1/bd/design_2/synth/design_2.vhd
VHDL Output written to : c:/Users/qianzha/Desktop/Embedded-System-Project-DAT096/Board_1/Board_1/Board_2.gen/sources_1/bd/design_2/sim/design_2.vhd
VHDL Output written to : c:/Users/qianzha/Desktop/Embedded-System-Project-DAT096/Board_1/Board_1/Board_2.gen/sources_1/bd/design_2/hdl/design_2_wrapper.vhd
Exporting to file c:/Users/qianzha/Desktop/Embedded-System-Project-DAT096/Board_1/Board_1/Board_2.gen/sources_1/bd/design_2/hw_handoff/design_2.hwh
Generated Hardware Definition File c:/Users/qianzha/Desktop/Embedded-System-Project-DAT096/Board_1/Board_1/Board_2.gen/sources_1/bd/design_2/synth/design_2.hwdef
[Tue May  5 11:53:37 2026] Launched synth_1...
Run output will be captured here: C:/Users/qianzha/Desktop/Embedded-System-Project-DAT096/Board_1/Board_1/Board_2.runs/synth_1/runme.log
WARNING: [filemgmt 56-199] Attempt to get parsing info during refresh. "On-the-fly" syntax checking information may be incorrect. [C:\Users\qianzha\Desktop\Embedded-System-Project-DAT096\Board_1\Board_1\Board_2.srcs\sources_1\new\pulse_gen.vhd:]
WARNING: [filemgmt 56-199] Attempt to get parsing info during refresh. "On-the-fly" syntax checking information may be incorrect. [C:\Users\qianzha\Desktop\Embedded-System-Project-DAT096\Board_1\Board_1\Board_2.srcs\sources_1\new\bit to dac converter.vhd:]
WARNING: [filemgmt 56-199] Attempt to get parsing info during refresh. "On-the-fly" syntax checking information may be incorrect. [C:\Users\qianzha\Desktop\Embedded-System-Project-DAT096\Board_1\Board_1\Board_2.srcs\sources_1\new\delay_measure.vhd:]
WARNING: [filemgmt 56-199] Attempt to get parsing info during refresh. "On-the-fly" syntax checking information may be incorrect. [C:\Users\qianzha\Desktop\Embedded-System-Project-DAT096\Board_1\Board_1\Board_2.srcs\sources_1\new\pulse_gen.vhd:]
WARNING: [filemgmt 56-199] Attempt to get parsing info during refresh. "On-the-fly" syntax checking information may be incorrect. [C:\Users\qianzha\Desktop\Embedded-System-Project-DAT096\Board_1\Board_1\Board_2.srcs\sources_1\new\pulse_gen.vhd:]
launch_runs impl_1 -jobs 28
[Tue May  5 11:54:41 2026] Launched impl_1...
Run output will be captured here: C:/Users/qianzha/Desktop/Embedded-System-Project-DAT096/Board_1/Board_1/Board_2.runs/impl_1/runme.log
launch_runs impl_1 -to_step write_bitstream -jobs 28
[Tue May  5 11:56:11 2026] Launched impl_1...
Run output will be captured here: C:/Users/qianzha/Desktop/Embedded-System-Project-DAT096/Board_1/Board_1/Board_2.runs/impl_1/runme.log
set_property PROBES.FILE {C:/Users/qianzha/Desktop/Embedded-System-Project-DAT096/Board_1/Board_1/Board_2.runs/impl_1/design_2_wrapper.ltx} [get_hw_devices xc7z020_1]
set_property FULL_PROBES.FILE {C:/Users/qianzha/Desktop/Embedded-System-Project-DAT096/Board_1/Board_1/Board_2.runs/impl_1/design_2_wrapper.ltx} [get_hw_devices xc7z020_1]
set_property PROGRAM.FILE {C:/Users/qianzha/Desktop/Embedded-System-Project-DAT096/Board_1/Board_1/Board_2.runs/impl_1/design_2_wrapper.bit} [get_hw_devices xc7z020_1]
program_hw_devices [get_hw_devices xc7z020_1]
INFO: [Labtools 27-3164] End of startup status: HIGH
refresh_hw_device [lindex [get_hw_devices xc7z020_1] 0]
INFO: [Labtools 27-2302] Device xc7z020 (JTAG device index = 1) is programmed with a design that has 1 ILA core(s).
add_wave -into {hw_ila_data_1.wcfg} -radix hex { {design_2_i/probe7} }
open_bd_design {C:/Users/qianzha/Desktop/Embedded-System-Project-DAT096/Board_1/Board_1/Board_2.srcs/sources_1/bd/design_2/design_2.bd}
run_hw_ila [get_hw_ilas -of_objects [get_hw_devices xc7z020_1] -filter {CELL_NAME=~"design_2_i/ila_0"}]
INFO: [Labtools 27-1964] The ILA core 'hw_ila_1' trigger was armed at 2026-May-05 11:59:48
wait_on_hw_ila [get_hw_ilas -of_objects [get_hw_devices xc7z020_1] -filter {CELL_NAME=~"design_2_i/ila_0"}]
display_hw_ila_data [upload_hw_ila_data [get_hw_ilas -of_objects [get_hw_devices xc7z020_1] -filter {CELL_NAME=~"design_2_i/ila_0"}]]
INFO: [Labtools 27-1966] The ILA core 'hw_ila_1' triggered at 2026-May-05 11:59:48
INFO: [Labtools 27-3304] ILA Waveform data saved to file C:/Users/qianzha/Desktop/Embedded-System-Project-DAT096/Board_1/Board_1/Board_2.hw/backup/hw_ila_data_1.ila. Use Tcl command 'read_hw_ila_data' or Vivado File->Import->Import ILA Data menu item to import the previously saved data.
open_bd_design {C:/Users/qianzha/Desktop/Embedded-System-Project-DAT096/Board_1/Board_1/Board_2.srcs/sources_1/bd/design_2/design_2.bd}
open_bd_design {C:/Users/qianzha/Desktop/Embedded-System-Project-DAT096/Board_1/Board_1/Board_2.srcs/sources_1/bd/design_2/design_2.bd}
startgroup
set_property CONFIG.DOUT_WIDTH {9} [get_bd_cells xlslice_0]
endgroup
startgroup
set_property CONFIG.DIN_TO {9} [get_bd_cells xlslice_0]
endgroup
delete_bd_objs [get_bd_nets xlslice_0_Dout]
connect_bd_net [get_bd_pins xlslice_0/Dout] [get_bd_pins ila_0/probe3]
WARNING: [IP_Flow 19-4067] Ignoring invalid widget type specified checkbox.Providing a default widget
startgroup
set_property CONFIG.C_PROBE3_WIDTH {6} [get_bd_cells ila_0]
endgroup
save_bd_design
Wrote  : <C:\Users\qianzha\Desktop\Embedded-System-Project-DAT096\Board_1\Board_1\Board_2.srcs\sources_1\bd\design_2\design_2.bd> 
Wrote  : <C:/Users/qianzha/Desktop/Embedded-System-Project-DAT096/Board_1/Board_1/Board_2.srcs/sources_1/bd/design_2/ui/bd_1fdbff51.ui> 
validate_bd_design
WARNING: [BD 41-2670] Found an incomplete address path from address space '/processing_system7_0/Data' to master interface '/processing_system7_0/M_AXI_GP0'. Please either complete or remove this path to resolve.
WARNING: [BD 5-699] No address segments matched 'get_bd_addr_segs -of_objects /processing_system7_0/Data'
WARNING: [IP_Flow 19-4684] Expected long value for param C_ILA_CLK_FREQ but, float/scientific notation value 5e+07 is provided. The value is converted to long type(50000000)
ERROR: [Common 17-161] Invalid option value '' specified for 'object'.
ERROR: [BD 41-1273] Error running propagate TCL procedure: ERROR: [Common 17-161] Invalid option value '' specified for 'object'.
    ::xilinx.com_ip_ila_6.2::propagate Line 95
INFO: [xilinx.com:ip:clk_wiz:6.0-1] /clk_wiz_0 clk_wiz propagate
CRITICAL WARNING: [BD 41-759] The input pins (listed below) are either not connected or do not have a source port, and they don't have a tie-off specified. These pins are tied-off to all 0's to avoid error in Implementation flow.
Please check your design and connect them as needed: 
/adc_bit_decoder_0/t_data

ERROR: [Common 17-39] 'validate_bd_design' failed due to earlier errors.
reset_run synth_1
INFO: [Project 1-1161] Replacing file C:/Users/qianzha/Desktop/Embedded-System-Project-DAT096/Board_1/Board_1/Board_2.srcs/utils_1/imports/synth_1/design_2_wrapper.dcp with file C:/Users/qianzha/Desktop/Embedded-System-Project-DAT096/Board_1/Board_1/Board_2.runs/synth_1/design_2_wrapper.dcp
WARNING: [Vivado 12-1017] Problems encountered:
1. Failed to delete one or more files in run directory C:/Users/qianzha/Desktop/Embedded-System-Project-DAT096/Board_1/Board_1/Board_2.runs/synth_1

WARNING: [filemgmt 56-199] Attempt to get parsing info during refresh. "On-the-fly" syntax checking information may be incorrect. [C:\Users\qianzha\Desktop\Embedded-System-Project-DAT096\Board_1\Board_1\Board_2.srcs\sources_1\new\pulse_gen.vhd:]
WARNING: [filemgmt 56-199] Attempt to get parsing info during refresh. "On-the-fly" syntax checking information may be incorrect. [C:\Users\qianzha\Desktop\Embedded-System-Project-DAT096\Board_1\Board_1\Board_2.srcs\sources_1\new\bit to dac converter.vhd:]
WARNING: [filemgmt 56-199] Attempt to get parsing info during refresh. "On-the-fly" syntax checking information may be incorrect. [C:\Users\qianzha\Desktop\Embedded-System-Project-DAT096\Board_1\Board_1\Board_2.srcs\sources_1\new\delay_measure.vhd:]
WARNING: [filemgmt 56-199] Attempt to get parsing info during refresh. "On-the-fly" syntax checking information may be incorrect. [C:\Users\qianzha\Desktop\Embedded-System-Project-DAT096\Board_1\Board_1\Board_2.srcs\sources_1\new\pulse_gen.vhd:]
WARNING: [filemgmt 56-199] Attempt to get parsing info during refresh. "On-the-fly" syntax checking information may be incorrect. [C:\Users\qianzha\Desktop\Embedded-System-Project-DAT096\Board_1\Board_1\Board_2.srcs\sources_1\new\pulse_gen.vhd:]
WARNING: [filemgmt 56-199] Attempt to get parsing info during refresh. "On-the-fly" syntax checking information may be incorrect. [C:\Users\qianzha\Desktop\Embedded-System-Project-DAT096\Board_1\Board_1\Board_2.srcs\sources_1\new\pulse_gen.vhd:]
WARNING: [filemgmt 56-199] Attempt to get parsing info during refresh. "On-the-fly" syntax checking information may be incorrect. [C:\Users\qianzha\Desktop\Embedded-System-Project-DAT096\Board_1\Board_1\Board_2.srcs\sources_1\new\bit to dac converter.vhd:]
WARNING: [filemgmt 56-199] Attempt to get parsing info during refresh. "On-the-fly" syntax checking information may be incorrect. [C:\Users\qianzha\Desktop\Embedded-System-Project-DAT096\Board_1\Board_1\Board_2.srcs\sources_1\new\delay_measure.vhd:]
WARNING: [filemgmt 56-199] Attempt to get parsing info during refresh. "On-the-fly" syntax checking information may be incorrect. [C:\Users\qianzha\Desktop\Embedded-System-Project-DAT096\Board_1\Board_1\Board_2.srcs\sources_1\new\delay_measure.vhd:]
WARNING: [filemgmt 56-199] Attempt to get parsing info during refresh. "On-the-fly" syntax checking information may be incorrect. [C:\Users\qianzha\Desktop\Embedded-System-Project-DAT096\Board_1\Board_1\Board_2.srcs\sources_1\new\delay_measure.vhd:]
ERROR: [Common 17-180] Spawn failed: No error
reset_run design_2_ila_0_0_synth_1
WARNING: [Vivado 12-1017] Problems encountered:
1. Failed to delete one or more files in run directory C:/Users/qianzha/Desktop/Embedded-System-Project-DAT096/Board_1/Board_1/Board_2.runs/design_2_ila_0_0_synth_1

save_bd_design
Wrote  : <C:\Users\qianzha\Desktop\Embedded-System-Project-DAT096\Board_1\Board_1\Board_2.srcs\sources_1\bd\design_2\design_2.bd> 
launch_runs synth_1 -jobs 28
INFO: [BD 41-1662] The design 'design_2.bd' is already validated. Therefore parameter propagation will not be re-run.
CRITICAL WARNING: [BD 41-759] The input pins (listed below) are either not connected or do not have a source port, and they don't have a tie-off specified. These pins are tied-off to all 0's to avoid error in Implementation flow.
Please check your design and connect them as needed: 
/adc_bit_decoder_0/t_data

VHDL Output written to : c:/Users/qianzha/Desktop/Embedded-System-Project-DAT096/Board_1/Board_1/Board_2.gen/sources_1/bd/design_2/synth/design_2.vhd
VHDL Output written to : c:/Users/qianzha/Desktop/Embedded-System-Project-DAT096/Board_1/Board_1/Board_2.gen/sources_1/bd/design_2/sim/design_2.vhd
VHDL Output written to : c:/Users/qianzha/Desktop/Embedded-System-Project-DAT096/Board_1/Board_1/Board_2.gen/sources_1/bd/design_2/hdl/design_2_wrapper.vhd
WARNING: [IP_Flow 19-4994] Overwriting existing constraint file 'c:/Users/qianzha/Desktop/Embedded-System-Project-DAT096/Board_1/Board_1/Board_2.gen/sources_1/bd/design_2/ip/design_2_ila_0_0/design_2_ila_0_0_ooc.xdc'
INFO: [BD 41-1029] Generation completed for the IP Integrator block ila_0 .
INFO: [BD 41-1029] Generation completed for the IP Integrator block xlslice_0 .
Exporting to file c:/Users/qianzha/Desktop/Embedded-System-Project-DAT096/Board_1/Board_1/Board_2.gen/sources_1/bd/design_2/hw_handoff/design_2.hwh
Generated Hardware Definition File c:/Users/qianzha/Desktop/Embedded-System-Project-DAT096/Board_1/Board_1/Board_2.gen/sources_1/bd/design_2/synth/design_2.hwdef
INFO: [IP_Flow 19-6924] IPCACHE: Running cache check for IP inst: design_2_ila_0_0
[Tue May  5 12:07:52 2026] Launched design_2_ila_0_0_synth_1...
Run output will be captured here: C:/Users/qianzha/Desktop/Embedded-System-Project-DAT096/Board_1/Board_1/Board_2.runs/design_2_ila_0_0_synth_1/runme.log
[Tue May  5 12:07:52 2026] Launched synth_1...
Run output will be captured here: C:/Users/qianzha/Desktop/Embedded-System-Project-DAT096/Board_1/Board_1/Board_2.runs/synth_1/runme.log
WARNING: [filemgmt 56-199] Attempt to get parsing info during refresh. "On-the-fly" syntax checking information may be incorrect. [C:\Users\qianzha\Desktop\Embedded-System-Project-DAT096\Board_1\Board_1\Board_2.srcs\sources_1\new\pulse_gen.vhd:]
WARNING: [filemgmt 56-199] Attempt to get parsing info during refresh. "On-the-fly" syntax checking information may be incorrect. [C:\Users\qianzha\Desktop\Embedded-System-Project-DAT096\Board_1\Board_1\Board_2.srcs\sources_1\new\bit to dac converter.vhd:]
WARNING: [filemgmt 56-199] Attempt to get parsing info during refresh. "On-the-fly" syntax checking information may be incorrect. [C:\Users\qianzha\Desktop\Embedded-System-Project-DAT096\Board_1\Board_1\Board_2.srcs\sources_1\new\delay_measure.vhd:]
WARNING: [filemgmt 56-199] Attempt to get parsing info during refresh. "On-the-fly" syntax checking information may be incorrect. [C:\Users\qianzha\Desktop\Embedded-System-Project-DAT096\Board_1\Board_1\Board_2.srcs\sources_1\new\bit to dac converter.vhd:]
WARNING: [filemgmt 56-199] Attempt to get parsing info during refresh. "On-the-fly" syntax checking information may be incorrect. [C:\Users\qianzha\Desktop\Embedded-System-Project-DAT096\Board_1\Board_1\Board_2.srcs\sources_1\new\bit to dac converter.vhd:]
ERROR: [Common 17-180] Spawn failed: No error
WARNING: [filemgmt 56-199] Attempt to get parsing info during refresh. "On-the-fly" syntax checking information may be incorrect. [C:\Users\qianzha\Desktop\Embedded-System-Project-DAT096\Board_1\Board_1\Board_2.srcs\sources_1\new\pulse_gen.vhd:]
WARNING: [filemgmt 56-199] Attempt to get parsing info during refresh. "On-the-fly" syntax checking information may be incorrect. [C:\Users\qianzha\Desktop\Embedded-System-Project-DAT096\Board_1\Board_1\Board_2.srcs\sources_1\new\bit to dac converter.vhd:]
WARNING: [filemgmt 56-199] Attempt to get parsing info during refresh. "On-the-fly" syntax checking information may be incorrect. [C:\Users\qianzha\Desktop\Embedded-System-Project-DAT096\Board_1\Board_1\Board_2.srcs\sources_1\new\delay_measure.vhd:]
WARNING: [filemgmt 56-199] Attempt to get parsing info during refresh. "On-the-fly" syntax checking information may be incorrect. [C:\Users\qianzha\Desktop\Embedded-System-Project-DAT096\Board_1\Board_1\Board_2.srcs\sources_1\new\pulse_gen.vhd:]
WARNING: [filemgmt 56-199] Attempt to get parsing info during refresh. "On-the-fly" syntax checking information may be incorrect. [C:\Users\qianzha\Desktop\Embedded-System-Project-DAT096\Board_1\Board_1\Board_2.srcs\sources_1\new\pulse_gen.vhd:]
WARNING: [filemgmt 56-199] Attempt to get parsing info during refresh. "On-the-fly" syntax checking information may be incorrect. [C:\Users\qianzha\Desktop\Embedded-System-Project-DAT096\Board_1\Board_1\Board_2.srcs\sources_1\new\pulse_gen.vhd:]
WARNING: [filemgmt 56-199] Attempt to get parsing info during refresh. "On-the-fly" syntax checking information may be incorrect. [C:\Users\qianzha\Desktop\Embedded-System-Project-DAT096\Board_1\Board_1\Board_2.srcs\sources_1\new\bit to dac converter.vhd:]
WARNING: [filemgmt 56-199] Attempt to get parsing info during refresh. "On-the-fly" syntax checking information may be incorrect. [C:\Users\qianzha\Desktop\Embedded-System-Project-DAT096\Board_1\Board_1\Board_2.srcs\sources_1\new\delay_measure.vhd:]
WARNING: [filemgmt 56-199] Attempt to get parsing info during refresh. "On-the-fly" syntax checking information may be incorrect. [C:\Users\qianzha\Desktop\Embedded-System-Project-DAT096\Board_1\Board_1\Board_2.srcs\sources_1\new\delay_measure.vhd:]
WARNING: [filemgmt 56-199] Attempt to get parsing info during refresh. "On-the-fly" syntax checking information may be incorrect. [C:\Users\qianzha\Desktop\Embedded-System-Project-DAT096\Board_1\Board_1\Board_2.srcs\sources_1\new\delay_measure.vhd:]
ERROR: [Common 17-180] Spawn failed: No error
launch_runs impl_1 -jobs 28
[Tue May  5 12:09:36 2026] Launched impl_1...
Run output will be captured here: C:/Users/qianzha/Desktop/Embedded-System-Project-DAT096/Board_1/Board_1/Board_2.runs/impl_1/runme.log
launch_runs impl_1 -to_step write_bitstream -jobs 28
[Tue May  5 12:11:01 2026] Launched impl_1...
Run output will be captured here: C:/Users/qianzha/Desktop/Embedded-System-Project-DAT096/Board_1/Board_1/Board_2.runs/impl_1/runme.log
set_property PROBES.FILE {C:/Users/qianzha/Desktop/Embedded-System-Project-DAT096/Board_1/Board_1/Board_2.runs/impl_1/design_2_wrapper.ltx} [get_hw_devices xc7z020_1]
set_property FULL_PROBES.FILE {C:/Users/qianzha/Desktop/Embedded-System-Project-DAT096/Board_1/Board_1/Board_2.runs/impl_1/design_2_wrapper.ltx} [get_hw_devices xc7z020_1]
set_property PROGRAM.FILE {C:/Users/qianzha/Desktop/Embedded-System-Project-DAT096/Board_1/Board_1/Board_2.runs/impl_1/design_2_wrapper.bit} [get_hw_devices xc7z020_1]
program_hw_devices [get_hw_devices xc7z020_1]
INFO: [Labtools 27-3164] End of startup status: HIGH
refresh_hw_device [lindex [get_hw_devices xc7z020_1] 0]
INFO: [Labtools 27-2302] Device xc7z020 (JTAG device index = 1) is programmed with a design that has 1 ILA core(s).
add_wave -into {hw_ila_data_1.wcfg} -radix hex { {design_2_i/xlslice_0_Dout} }
run_hw_ila [get_hw_ilas -of_objects [get_hw_devices xc7z020_1] -filter {CELL_NAME=~"design_2_i/ila_0"}]
INFO: [Labtools 27-1964] The ILA core 'hw_ila_1' trigger was armed at 2026-May-05 12:11:47
wait_on_hw_ila [get_hw_ilas -of_objects [get_hw_devices xc7z020_1] -filter {CELL_NAME=~"design_2_i/ila_0"}]
display_hw_ila_data [upload_hw_ila_data [get_hw_ilas -of_objects [get_hw_devices xc7z020_1] -filter {CELL_NAME=~"design_2_i/ila_0"}]]
INFO: [Labtools 27-1966] The ILA core 'hw_ila_1' triggered at 2026-May-05 12:11:47
INFO: [Labtools 27-3304] ILA Waveform data saved to file C:/Users/qianzha/Desktop/Embedded-System-Project-DAT096/Board_1/Board_1/Board_2.hw/backup/hw_ila_data_1.ila. Use Tcl command 'read_hw_ila_data' or Vivado File->Import->Import ILA Data menu item to import the previously saved data.
run_hw_ila [get_hw_ilas -of_objects [get_hw_devices xc7z020_1] -filter {CELL_NAME=~"design_2_i/ila_0"}]
INFO: [Labtools 27-1964] The ILA core 'hw_ila_1' trigger was armed at 2026-May-05 12:12:04
wait_on_hw_ila [get_hw_ilas -of_objects [get_hw_devices xc7z020_1] -filter {CELL_NAME=~"design_2_i/ila_0"}]
display_hw_ila_data [upload_hw_ila_data [get_hw_ilas -of_objects [get_hw_devices xc7z020_1] -filter {CELL_NAME=~"design_2_i/ila_0"}]]
INFO: [Labtools 27-1966] The ILA core 'hw_ila_1' triggered at 2026-May-05 12:12:04
INFO: [Labtools 27-3304] ILA Waveform data saved to file C:/Users/qianzha/Desktop/Embedded-System-Project-DAT096/Board_1/Board_1/Board_2.hw/backup/hw_ila_data_1.ila. Use Tcl command 'read_hw_ila_data' or Vivado File->Import->Import ILA Data menu item to import the previously saved data.
add_wave -into {hw_ila_data_1.wcfg} -radix hex { {design_2_i/xlslice_0_Dout} }
open_bd_design {C:/Users/qianzha/Desktop/Embedded-System-Project-DAT096/Board_1/Board_1/Board_2.srcs/sources_1/bd/design_2/design_2.bd}
WARNING: [filemgmt 56-199] Attempt to get parsing info during refresh. "On-the-fly" syntax checking information may be incorrect. [C:\Users\qianzha\Desktop\Embedded-System-Project-DAT096\Board_1\Board_1\Board_2.srcs\sources_1\new\pulse_gen.vhd:]
WARNING: [filemgmt 56-199] Attempt to get parsing info during refresh. "On-the-fly" syntax checking information may be incorrect. [C:\Users\qianzha\Desktop\Embedded-System-Project-DAT096\Board_1\Board_1\Board_2.srcs\sources_1\new\bit to dac converter.vhd:]
WARNING: [filemgmt 56-199] Attempt to get parsing info during refresh. "On-the-fly" syntax checking information may be incorrect. [C:\Users\qianzha\Desktop\Embedded-System-Project-DAT096\Board_1\Board_1\Board_2.srcs\sources_1\new\delay_measure.vhd:]
WARNING: [filemgmt 56-199] Attempt to get parsing info during refresh. "On-the-fly" syntax checking information may be incorrect. [C:\Users\qianzha\Desktop\Embedded-System-Project-DAT096\Board_1\Board_1\Board_2.srcs\sources_1\new\pulse_gen.vhd:]
WARNING: [filemgmt 56-199] Attempt to get parsing info during refresh. "On-the-fly" syntax checking information may be incorrect. [C:\Users\qianzha\Desktop\Embedded-System-Project-DAT096\Board_1\Board_1\Board_2.srcs\sources_1\new\pulse_gen.vhd:]
startgroup
set_property CONFIG.DIN_TO {1} [get_bd_cells xlslice_0]
endgroup
WARNING: [IP_Flow 19-4067] Ignoring invalid widget type specified checkbox.Providing a default widget
startgroup
set_property CONFIG.C_PROBE3_WIDTH {14} [get_bd_cells ila_0]
endgroup
connect_bd_net [get_bd_pins xlslice_0/Dout] [get_bd_pins adc_bit_decoder_0/t_data]
report_ip_status -name ip_status 
update_module_reference [get_ips  design_2_pilot_tx_rx_0_0]
INFO: [IP_Flow 19-5107] Inferred bus interface 'rst' of definition 'xilinx.com:signal:reset:1.0' (from Xilinx Repository).
INFO: [IP_Flow 19-5107] Inferred bus interface 'clk' of definition 'xilinx.com:signal:clock:1.0' (from Xilinx Repository).
INFO: [IP_Flow 19-4728] Bus Interface 'clk': Added interface parameter 'ASSOCIATED_RESET' with value 'rst'.
WARNING: [IP_Flow 19-5661] Bus Interface 'clk' does not have any bus interfaces associated with it.
WARNING: [IP_Flow 19-11770] Clock interface 'clk' has no FREQ_HZ parameter.
INFO: [IP_Flow 19-5107] Inferred bus interface 'rst' of definition 'xilinx.com:signal:reset:1.0' (from Xilinx Repository).
INFO: [IP_Flow 19-5107] Inferred bus interface 'clk' of definition 'xilinx.com:signal:clock:1.0' (from Xilinx Repository).
INFO: [IP_Flow 19-4728] Bus Interface 'clk': Added interface parameter 'ASSOCIATED_RESET' with value 'rst'.
WARNING: [IP_Flow 19-5661] Bus Interface 'clk' does not have any bus interfaces associated with it.
WARNING: [IP_Flow 19-11770] Clock interface 'clk' has no FREQ_HZ parameter.
Upgrading 'C:/Users/qianzha/Desktop/Embedded-System-Project-DAT096/Board_1/Board_1/Board_2.srcs/sources_1/bd/design_2/design_2.bd'
WARNING: [Vivado 12-1017] Problems encountered:
1. Failed to delete one or more files in run directory C:/Users/qianzha/Desktop/Embedded-System-Project-DAT096/Board_1/Board_1/Board_2.runs/design_2_pilot_tx_rx_0_0_synth_1

INFO: [IP_Flow 19-3420] Updated design_2_pilot_tx_rx_0_0 to use current project options
Wrote  : <C:\Users\qianzha\Desktop\Embedded-System-Project-DAT096\Board_1\Board_1\Board_2.srcs\sources_1\bd\design_2\design_2.bd> 
Wrote  : <C:/Users/qianzha/Desktop/Embedded-System-Project-DAT096/Board_1/Board_1/Board_2.srcs/sources_1/bd/design_2/ui/bd_1fdbff51.ui> 
generate_target all [get_files  C:/Users/qianzha/Desktop/Embedded-System-Project-DAT096/Board_1/Board_1/Board_2.srcs/sources_1/bd/design_2/design_2.bd]
WARNING: [BD 41-2670] Found an incomplete address path from address space '/processing_system7_0/Data' to master interface '/processing_system7_0/M_AXI_GP0'. Please either complete or remove this path to resolve.
WARNING: [BD 5-699] No address segments matched 'get_bd_addr_segs -of_objects /processing_system7_0/Data'
WARNING: [IP_Flow 19-4684] Expected long value for param C_ILA_CLK_FREQ but, float/scientific notation value 5e+07 is provided. The value is converted to long type(50000000)
ERROR: [Common 17-161] Invalid option value '' specified for 'object'.
ERROR: [BD 41-1273] Error running propagate TCL procedure: ERROR: [Common 17-161] Invalid option value '' specified for 'object'.
    ::xilinx.com_ip_ila_6.2::propagate Line 95
INFO: [xilinx.com:ip:clk_wiz:6.0-1] /clk_wiz_0 clk_wiz propagate
Wrote  : <C:\Users\qianzha\Desktop\Embedded-System-Project-DAT096\Board_1\Board_1\Board_2.srcs\sources_1\bd\design_2\design_2.bd> 
VHDL Output written to : c:/Users/qianzha/Desktop/Embedded-System-Project-DAT096/Board_1/Board_1/Board_2.gen/sources_1/bd/design_2/synth/design_2.vhd
VHDL Output written to : c:/Users/qianzha/Desktop/Embedded-System-Project-DAT096/Board_1/Board_1/Board_2.gen/sources_1/bd/design_2/sim/design_2.vhd
VHDL Output written to : c:/Users/qianzha/Desktop/Embedded-System-Project-DAT096/Board_1/Board_1/Board_2.gen/sources_1/bd/design_2/hdl/design_2_wrapper.vhd
WARNING: [IP_Flow 19-4994] Overwriting existing constraint file 'c:/Users/qianzha/Desktop/Embedded-System-Project-DAT096/Board_1/Board_1/Board_2.gen/sources_1/bd/design_2/ip/design_2_ila_0_0/design_2_ila_0_0_ooc.xdc'
INFO: [BD 41-1029] Generation completed for the IP Integrator block ila_0 .
INFO: [BD 41-1029] Generation completed for the IP Integrator block xlslice_0 .
INFO: [BD 41-1029] Generation completed for the IP Integrator block pilot_tx_rx_0 .
Exporting to file c:/Users/qianzha/Desktop/Embedded-System-Project-DAT096/Board_1/Board_1/Board_2.gen/sources_1/bd/design_2/hw_handoff/design_2.hwh
Generated Hardware Definition File c:/Users/qianzha/Desktop/Embedded-System-Project-DAT096/Board_1/Board_1/Board_2.gen/sources_1/bd/design_2/synth/design_2.hwdef
ERROR: [Common 17-39] 'generate_target' failed due to earlier errors.
WARNING: [filemgmt 56-199] Attempt to get parsing info during refresh. "On-the-fly" syntax checking information may be incorrect. [C:\Users\qianzha\Desktop\Embedded-System-Project-DAT096\Board_1\Board_1\Board_2.srcs\sources_1\new\pulse_gen.vhd:]
WARNING: [filemgmt 56-199] Attempt to get parsing info during refresh. "On-the-fly" syntax checking information may be incorrect. [C:\Users\qianzha\Desktop\Embedded-System-Project-DAT096\Board_1\Board_1\Board_2.srcs\sources_1\new\bit to dac converter.vhd:]
WARNING: [filemgmt 56-199] Attempt to get parsing info during refresh. "On-the-fly" syntax checking information may be incorrect. [C:\Users\qianzha\Desktop\Embedded-System-Project-DAT096\Board_1\Board_1\Board_2.srcs\sources_1\new\delay_measure.vhd:]
WARNING: [filemgmt 56-199] Attempt to get parsing info during refresh. "On-the-fly" syntax checking information may be incorrect. [C:\Users\qianzha\Desktop\Embedded-System-Project-DAT096\Board_1\Board_1\Board_2.srcs\sources_1\new\pulse_gen.vhd:]
WARNING: [filemgmt 56-199] Attempt to get parsing info during refresh. "On-the-fly" syntax checking information may be incorrect. [C:\Users\qianzha\Desktop\Embedded-System-Project-DAT096\Board_1\Board_1\Board_2.srcs\sources_1\new\pulse_gen.vhd:]
WARNING: [filemgmt 56-199] Attempt to get parsing info during refresh. "On-the-fly" syntax checking information may be incorrect. [C:\Users\qianzha\Desktop\Embedded-System-Project-DAT096\Board_1\Board_1\Board_2.srcs\sources_1\new\pulse_gen.vhd:]
WARNING: [filemgmt 56-199] Attempt to get parsing info during refresh. "On-the-fly" syntax checking information may be incorrect. [C:\Users\qianzha\Desktop\Embedded-System-Project-DAT096\Board_1\Board_1\Board_2.srcs\sources_1\new\bit to dac converter.vhd:]
WARNING: [filemgmt 56-199] Attempt to get parsing info during refresh. "On-the-fly" syntax checking information may be incorrect. [C:\Users\qianzha\Desktop\Embedded-System-Project-DAT096\Board_1\Board_1\Board_2.srcs\sources_1\new\delay_measure.vhd:]
WARNING: [filemgmt 56-199] Attempt to get parsing info during refresh. "On-the-fly" syntax checking information may be incorrect. [C:\Users\qianzha\Desktop\Embedded-System-Project-DAT096\Board_1\Board_1\Board_2.srcs\sources_1\new\bit to dac converter.vhd:]
WARNING: [filemgmt 56-199] Attempt to get parsing info during refresh. "On-the-fly" syntax checking information may be incorrect. [C:\Users\qianzha\Desktop\Embedded-System-Project-DAT096\Board_1\Board_1\Board_2.srcs\sources_1\new\bit to dac converter.vhd:]
report_ip_status -name ip_status 
reset_run synth_1
INFO: [Project 1-1161] Replacing file C:/Users/qianzha/Desktop/Embedded-System-Project-DAT096/Board_1/Board_1/Board_2.srcs/utils_1/imports/synth_1/design_2_wrapper.dcp with file C:/Users/qianzha/Desktop/Embedded-System-Project-DAT096/Board_1/Board_1/Board_2.runs/synth_1/design_2_wrapper.dcp
WARNING: [Vivado 12-1017] Problems encountered:
1. Failed to delete one or more files in run directory C:/Users/qianzha/Desktop/Embedded-System-Project-DAT096/Board_1/Board_1/Board_2.runs/synth_1

WARNING: [filemgmt 56-199] Attempt to get parsing info during refresh. "On-the-fly" syntax checking information may be incorrect. [C:\Users\qianzha\Desktop\Embedded-System-Project-DAT096\Board_1\Board_1\Board_2.srcs\sources_1\new\pulse_gen.vhd:]
WARNING: [filemgmt 56-199] Attempt to get parsing info during refresh. "On-the-fly" syntax checking information may be incorrect. [C:\Users\qianzha\Desktop\Embedded-System-Project-DAT096\Board_1\Board_1\Board_2.srcs\sources_1\new\bit to dac converter.vhd:]
WARNING: [filemgmt 56-199] Attempt to get parsing info during refresh. "On-the-fly" syntax checking information may be incorrect. [C:\Users\qianzha\Desktop\Embedded-System-Project-DAT096\Board_1\Board_1\Board_2.srcs\sources_1\new\delay_measure.vhd:]
WARNING: [filemgmt 56-199] Attempt to get parsing info during refresh. "On-the-fly" syntax checking information may be incorrect. [C:\Users\qianzha\Desktop\Embedded-System-Project-DAT096\Board_1\Board_1\Board_2.srcs\sources_1\new\pulse_gen.vhd:]
WARNING: [filemgmt 56-199] Attempt to get parsing info during refresh. "On-the-fly" syntax checking information may be incorrect. [C:\Users\qianzha\Desktop\Embedded-System-Project-DAT096\Board_1\Board_1\Board_2.srcs\sources_1\new\pulse_gen.vhd:]
WARNING: [filemgmt 56-199] Attempt to get parsing info during refresh. "On-the-fly" syntax checking information may be incorrect. [C:\Users\qianzha\Desktop\Embedded-System-Project-DAT096\Board_1\Board_1\Board_2.srcs\sources_1\new\pulse_gen.vhd:]
WARNING: [filemgmt 56-199] Attempt to get parsing info during refresh. "On-the-fly" syntax checking information may be incorrect. [C:\Users\qianzha\Desktop\Embedded-System-Project-DAT096\Board_1\Board_1\Board_2.srcs\sources_1\new\bit to dac converter.vhd:]
WARNING: [filemgmt 56-199] Attempt to get parsing info during refresh. "On-the-fly" syntax checking information may be incorrect. [C:\Users\qianzha\Desktop\Embedded-System-Project-DAT096\Board_1\Board_1\Board_2.srcs\sources_1\new\delay_measure.vhd:]
WARNING: [filemgmt 56-199] Attempt to get parsing info during refresh. "On-the-fly" syntax checking information may be incorrect. [C:\Users\qianzha\Desktop\Embedded-System-Project-DAT096\Board_1\Board_1\Board_2.srcs\sources_1\new\bit to dac converter.vhd:]
WARNING: [filemgmt 56-199] Attempt to get parsing info during refresh. "On-the-fly" syntax checking information may be incorrect. [C:\Users\qianzha\Desktop\Embedded-System-Project-DAT096\Board_1\Board_1\Board_2.srcs\sources_1\new\bit to dac converter.vhd:]
reset_run design_2_ila_0_0_synth_1
WARNING: [Vivado 12-1017] Problems encountered:
1. Failed to delete one or more files in run directory C:/Users/qianzha/Desktop/Embedded-System-Project-DAT096/Board_1/Board_1/Board_2.runs/design_2_ila_0_0_synth_1

launch_runs synth_1 -jobs 28
INFO: [IP_Flow 19-6924] IPCACHE: Running cache check for IP inst: design_2_ila_0_0
INFO: [IP_Flow 19-6922] IPCACHE: Exporting cached entry c7d79737c819ab0f to dir: c:/Users/qianzha/Desktop/Embedded-System-Project-DAT096/Board_1/Board_1/Board_2.gen/sources_1/bd/design_2/ip/design_2_ila_0_0
INFO: [IP_Flow 19-6928] IPCACHE: copied cached file c:/Users/qianzha/Desktop/Embedded-System-Project-DAT096/Board_1/Board_1/Board_2.cache/ip/2024.2/c/7/c7d79737c819ab0f/design_2_ila_0_0.dcp to c:/Users/qianzha/Desktop/Embedded-System-Project-DAT096/Board_1/Board_1/Board_2.gen/sources_1/bd/design_2/ip/design_2_ila_0_0/design_2_ila_0_0.dcp.
INFO: [IP_Flow 19-6926] IPCACHE: added file to list for BOM: c:/Users/qianzha/Desktop/Embedded-System-Project-DAT096/Board_1/Board_1/Board_2.gen/sources_1/bd/design_2/ip/design_2_ila_0_0/design_2_ila_0_0.dcp
INFO: [IP_Flow 19-6928] IPCACHE: copied cached file c:/Users/qianzha/Desktop/Embedded-System-Project-DAT096/Board_1/Board_1/Board_2.cache/ip/2024.2/c/7/c7d79737c819ab0f/design_2_ila_0_0_sim_netlist.v to c:/Users/qianzha/Desktop/Embedded-System-Project-DAT096/Board_1/Board_1/Board_2.gen/sources_1/bd/design_2/ip/design_2_ila_0_0/design_2_ila_0_0_sim_netlist.v.
INFO: [IP_Flow 19-6926] IPCACHE: added file to list for BOM: c:/Users/qianzha/Desktop/Embedded-System-Project-DAT096/Board_1/Board_1/Board_2.gen/sources_1/bd/design_2/ip/design_2_ila_0_0/design_2_ila_0_0_sim_netlist.v
INFO: [IP_Flow 19-6928] IPCACHE: copied cached file c:/Users/qianzha/Desktop/Embedded-System-Project-DAT096/Board_1/Board_1/Board_2.cache/ip/2024.2/c/7/c7d79737c819ab0f/design_2_ila_0_0_sim_netlist.vhdl to c:/Users/qianzha/Desktop/Embedded-System-Project-DAT096/Board_1/Board_1/Board_2.gen/sources_1/bd/design_2/ip/design_2_ila_0_0/design_2_ila_0_0_sim_netlist.vhdl.
INFO: [IP_Flow 19-6926] IPCACHE: added file to list for BOM: c:/Users/qianzha/Desktop/Embedded-System-Project-DAT096/Board_1/Board_1/Board_2.gen/sources_1/bd/design_2/ip/design_2_ila_0_0/design_2_ila_0_0_sim_netlist.vhdl
INFO: [IP_Flow 19-6928] IPCACHE: copied cached file c:/Users/qianzha/Desktop/Embedded-System-Project-DAT096/Board_1/Board_1/Board_2.cache/ip/2024.2/c/7/c7d79737c819ab0f/design_2_ila_0_0_stub.v to c:/Users/qianzha/Desktop/Embedded-System-Project-DAT096/Board_1/Board_1/Board_2.gen/sources_1/bd/design_2/ip/design_2_ila_0_0/design_2_ila_0_0_stub.v.
INFO: [IP_Flow 19-6926] IPCACHE: added file to list for BOM: c:/Users/qianzha/Desktop/Embedded-System-Project-DAT096/Board_1/Board_1/Board_2.gen/sources_1/bd/design_2/ip/design_2_ila_0_0/design_2_ila_0_0_stub.v
INFO: [IP_Flow 19-6928] IPCACHE: copied cached file c:/Users/qianzha/Desktop/Embedded-System-Project-DAT096/Board_1/Board_1/Board_2.cache/ip/2024.2/c/7/c7d79737c819ab0f/design_2_ila_0_0_stub.vhdl to c:/Users/qianzha/Desktop/Embedded-System-Project-DAT096/Board_1/Board_1/Board_2.gen/sources_1/bd/design_2/ip/design_2_ila_0_0/design_2_ila_0_0_stub.vhdl.
INFO: [IP_Flow 19-6926] IPCACHE: added file to list for BOM: c:/Users/qianzha/Desktop/Embedded-System-Project-DAT096/Board_1/Board_1/Board_2.gen/sources_1/bd/design_2/ip/design_2_ila_0_0/design_2_ila_0_0_stub.vhdl
INFO: [IP_Flow 19-4993] Using cached IP synthesis design for IP design_2_ila_0_0, cache-ID = c7d79737c819ab0f; cache size = 102.608 MB.
[Tue May  5 12:17:29 2026] Launched design_2_pilot_tx_rx_0_0_synth_1...
Run output will be captured here: C:/Users/qianzha/Desktop/Embedded-System-Project-DAT096/Board_1/Board_1/Board_2.runs/design_2_pilot_tx_rx_0_0_synth_1/runme.log
[Tue May  5 12:17:29 2026] Launched synth_1...
Run output will be captured here: C:/Users/qianzha/Desktop/Embedded-System-Project-DAT096/Board_1/Board_1/Board_2.runs/synth_1/runme.log
WARNING: [filemgmt 56-199] Attempt to get parsing info during refresh. "On-the-fly" syntax checking information may be incorrect. [C:\Users\qianzha\Desktop\Embedded-System-Project-DAT096\Board_1\Board_1\Board_2.srcs\sources_1\new\pulse_gen.vhd:]
WARNING: [filemgmt 56-199] Attempt to get parsing info during refresh. "On-the-fly" syntax checking information may be incorrect. [C:\Users\qianzha\Desktop\Embedded-System-Project-DAT096\Board_1\Board_1\Board_2.srcs\sources_1\new\bit to dac converter.vhd:]
WARNING: [filemgmt 56-199] Attempt to get parsing info during refresh. "On-the-fly" syntax checking information may be incorrect. [C:\Users\qianzha\Desktop\Embedded-System-Project-DAT096\Board_1\Board_1\Board_2.srcs\sources_1\new\delay_measure.vhd:]
WARNING: [filemgmt 56-199] Attempt to get parsing info during refresh. "On-the-fly" syntax checking information may be incorrect. [C:\Users\qianzha\Desktop\Embedded-System-Project-DAT096\Board_1\Board_1\Board_2.srcs\sources_1\new\pulse_gen.vhd:]
WARNING: [filemgmt 56-199] Attempt to get parsing info during refresh. "On-the-fly" syntax checking information may be incorrect. [C:\Users\qianzha\Desktop\Embedded-System-Project-DAT096\Board_1\Board_1\Board_2.srcs\sources_1\new\pulse_gen.vhd:]
WARNING: [filemgmt 56-199] Attempt to get parsing info during refresh. "On-the-fly" syntax checking information may be incorrect. [C:\Users\qianzha\Desktop\Embedded-System-Project-DAT096\Board_1\Board_1\Board_2.srcs\sources_1\new\pulse_gen.vhd:]
WARNING: [filemgmt 56-199] Attempt to get parsing info during refresh. "On-the-fly" syntax checking information may be incorrect. [C:\Users\qianzha\Desktop\Embedded-System-Project-DAT096\Board_1\Board_1\Board_2.srcs\sources_1\new\bit to dac converter.vhd:]
WARNING: [filemgmt 56-199] Attempt to get parsing info during refresh. "On-the-fly" syntax checking information may be incorrect. [C:\Users\qianzha\Desktop\Embedded-System-Project-DAT096\Board_1\Board_1\Board_2.srcs\sources_1\new\delay_measure.vhd:]
WARNING: [filemgmt 56-199] Attempt to get parsing info during refresh. "On-the-fly" syntax checking information may be incorrect. [C:\Users\qianzha\Desktop\Embedded-System-Project-DAT096\Board_1\Board_1\Board_2.srcs\sources_1\new\pulse_gen.vhd:]
WARNING: [filemgmt 56-199] Attempt to get parsing info during refresh. "On-the-fly" syntax checking information may be incorrect. [C:\Users\qianzha\Desktop\Embedded-System-Project-DAT096\Board_1\Board_1\Board_2.srcs\sources_1\new\pulse_gen.vhd:]
WARNING: [filemgmt 56-199] Attempt to get parsing info during refresh. "On-the-fly" syntax checking information may be incorrect. [C:\Users\qianzha\Desktop\Embedded-System-Project-DAT096\Board_1\Board_1\Board_2.srcs\sources_1\new\pulse_gen.vhd:]
WARNING: [filemgmt 56-199] Attempt to get parsing info during refresh. "On-the-fly" syntax checking information may be incorrect. [C:\Users\qianzha\Desktop\Embedded-System-Project-DAT096\Board_1\Board_1\Board_2.srcs\sources_1\new\bit to dac converter.vhd:]
WARNING: [filemgmt 56-199] Attempt to get parsing info during refresh. "On-the-fly" syntax checking information may be incorrect. [C:\Users\qianzha\Desktop\Embedded-System-Project-DAT096\Board_1\Board_1\Board_2.srcs\sources_1\new\delay_measure.vhd:]
WARNING: [filemgmt 56-199] Attempt to get parsing info during refresh. "On-the-fly" syntax checking information may be incorrect. [C:\Users\qianzha\Desktop\Embedded-System-Project-DAT096\Board_1\Board_1\Board_2.srcs\sources_1\new\delay_measure.vhd:]
WARNING: [filemgmt 56-199] Attempt to get parsing info during refresh. "On-the-fly" syntax checking information may be incorrect. [C:\Users\qianzha\Desktop\Embedded-System-Project-DAT096\Board_1\Board_1\Board_2.srcs\sources_1\new\delay_measure.vhd:]
ERROR: [Common 17-180] Spawn failed: No error
launch_runs impl_1 -jobs 28
[Tue May  5 12:18:45 2026] Launched impl_1...
Run output will be captured here: C:/Users/qianzha/Desktop/Embedded-System-Project-DAT096/Board_1/Board_1/Board_2.runs/impl_1/runme.log
launch_runs impl_1 -to_step write_bitstream -jobs 28
[Tue May  5 12:20:26 2026] Launched impl_1...
Run output will be captured here: C:/Users/qianzha/Desktop/Embedded-System-Project-DAT096/Board_1/Board_1/Board_2.runs/impl_1/runme.log
set_property PROBES.FILE {C:/Users/qianzha/Desktop/Embedded-System-Project-DAT096/Board_1/Board_1/Board_2.runs/impl_1/design_2_wrapper.ltx} [get_hw_devices xc7z020_1]
set_property FULL_PROBES.FILE {C:/Users/qianzha/Desktop/Embedded-System-Project-DAT096/Board_1/Board_1/Board_2.runs/impl_1/design_2_wrapper.ltx} [get_hw_devices xc7z020_1]
set_property PROGRAM.FILE {C:/Users/qianzha/Desktop/Embedded-System-Project-DAT096/Board_1/Board_1/Board_2.runs/impl_1/design_2_wrapper.bit} [get_hw_devices xc7z020_1]
program_hw_devices [get_hw_devices xc7z020_1]
INFO: [Labtools 27-3164] End of startup status: HIGH
refresh_hw_device [lindex [get_hw_devices xc7z020_1] 0]
INFO: [Labtools 27-2302] Device xc7z020 (JTAG device index = 1) is programmed with a design that has 1 ILA core(s).
add_wave -into {hw_ila_data_1.wcfg} -radix bin { {design_2_i/xlslice_0_Dout} }
run_hw_ila [get_hw_ilas -of_objects [get_hw_devices xc7z020_1] -filter {CELL_NAME=~"design_2_i/ila_0"}]
INFO: [Labtools 27-1964] The ILA core 'hw_ila_1' trigger was armed at 2026-May-05 12:27:18
wait_on_hw_ila [get_hw_ilas -of_objects [get_hw_devices xc7z020_1] -filter {CELL_NAME=~"design_2_i/ila_0"}]
display_hw_ila_data [upload_hw_ila_data [get_hw_ilas -of_objects [get_hw_devices xc7z020_1] -filter {CELL_NAME=~"design_2_i/ila_0"}]]
INFO: [Labtools 27-1966] The ILA core 'hw_ila_1' triggered at 2026-May-05 12:27:18
INFO: [Labtools 27-3304] ILA Waveform data saved to file C:/Users/qianzha/Desktop/Embedded-System-Project-DAT096/Board_1/Board_1/Board_2.hw/backup/hw_ila_data_1.ila. Use Tcl command 'read_hw_ila_data' or Vivado File->Import->Import ILA Data menu item to import the previously saved data.
open_bd_design {C:/Users/qianzha/Desktop/Embedded-System-Project-DAT096/Board_1/Board_1/Board_2.srcs/sources_1/bd/design_2/design_2.bd}
open_bd_design {C:/Users/qianzha/Desktop/Embedded-System-Project-DAT096/Board_1/Board_1/Board_2.srcs/sources_1/bd/design_2/design_2.bd}
open_bd_design {C:/Users/qianzha/Desktop/Embedded-System-Project-DAT096/Board_1/Board_1/Board_2.srcs/sources_1/bd/design_2/design_2.bd}
connect_bd_net [get_bd_pins ila_0/probe7] [get_bd_pins ZmodScopeController_0/cDataAxisTdata]
validate_bd_design
WARNING: [BD 41-2670] Found an incomplete address path from address space '/processing_system7_0/Data' to master interface '/processing_system7_0/M_AXI_GP0'. Please either complete or remove this path to resolve.
WARNING: [BD 5-699] No address segments matched 'get_bd_addr_segs -of_objects /processing_system7_0/Data'
WARNING: [IP_Flow 19-4684] Expected long value for param C_ILA_CLK_FREQ but, float/scientific notation value 5e+07 is provided. The value is converted to long type(50000000)
INFO: [xilinx.com:ip:clk_wiz:6.0-1] /clk_wiz_0 clk_wiz propagate
save_bd_design
Wrote  : <C:\Users\qianzha\Desktop\Embedded-System-Project-DAT096\Board_1\Board_1\Board_2.srcs\sources_1\bd\design_2\design_2.bd> 
Wrote  : <C:/Users/qianzha/Desktop/Embedded-System-Project-DAT096/Board_1/Board_1/Board_2.srcs/sources_1/bd/design_2/ui/bd_1fdbff51.ui> 
reset_run synth_1
INFO: [Project 1-1161] Replacing file C:/Users/qianzha/Desktop/Embedded-System-Project-DAT096/Board_1/Board_1/Board_2.srcs/utils_1/imports/synth_1/design_2_wrapper.dcp with file C:/Users/qianzha/Desktop/Embedded-System-Project-DAT096/Board_1/Board_1/Board_2.runs/synth_1/design_2_wrapper.dcp
WARNING: [Vivado 12-1017] Problems encountered:
1. Failed to delete one or more files in run directory C:/Users/qianzha/Desktop/Embedded-System-Project-DAT096/Board_1/Board_1/Board_2.runs/synth_1

WARNING: [filemgmt 56-199] Attempt to get parsing info during refresh. "On-the-fly" syntax checking information may be incorrect. [C:\Users\qianzha\Desktop\Embedded-System-Project-DAT096\Board_1\Board_1\Board_2.srcs\sources_1\new\pulse_gen.vhd:]
WARNING: [filemgmt 56-199] Attempt to get parsing info during refresh. "On-the-fly" syntax checking information may be incorrect. [C:\Users\qianzha\Desktop\Embedded-System-Project-DAT096\Board_1\Board_1\Board_2.srcs\sources_1\new\bit to dac converter.vhd:]
WARNING: [filemgmt 56-199] Attempt to get parsing info during refresh. "On-the-fly" syntax checking information may be incorrect. [C:\Users\qianzha\Desktop\Embedded-System-Project-DAT096\Board_1\Board_1\Board_2.srcs\sources_1\new\delay_measure.vhd:]
WARNING: [filemgmt 56-199] Attempt to get parsing info during refresh. "On-the-fly" syntax checking information may be incorrect. [C:\Users\qianzha\Desktop\Embedded-System-Project-DAT096\Board_1\Board_1\Board_2.srcs\sources_1\new\pulse_gen.vhd:]
WARNING: [filemgmt 56-199] Attempt to get parsing info during refresh. "On-the-fly" syntax checking information may be incorrect. [C:\Users\qianzha\Desktop\Embedded-System-Project-DAT096\Board_1\Board_1\Board_2.srcs\sources_1\new\pulse_gen.vhd:]
WARNING: [filemgmt 56-199] Attempt to get parsing info during refresh. "On-the-fly" syntax checking information may be incorrect. [C:\Users\qianzha\Desktop\Embedded-System-Project-DAT096\Board_1\Board_1\Board_2.srcs\sources_1\new\pulse_gen.vhd:]
WARNING: [filemgmt 56-199] Attempt to get parsing info during refresh. "On-the-fly" syntax checking information may be incorrect. [C:\Users\qianzha\Desktop\Embedded-System-Project-DAT096\Board_1\Board_1\Board_2.srcs\sources_1\new\bit to dac converter.vhd:]
WARNING: [filemgmt 56-199] Attempt to get parsing info during refresh. "On-the-fly" syntax checking information may be incorrect. [C:\Users\qianzha\Desktop\Embedded-System-Project-DAT096\Board_1\Board_1\Board_2.srcs\sources_1\new\delay_measure.vhd:]
WARNING: [filemgmt 56-199] Attempt to get parsing info during refresh. "On-the-fly" syntax checking information may be incorrect. [C:\Users\qianzha\Desktop\Embedded-System-Project-DAT096\Board_1\Board_1\Board_2.srcs\sources_1\new\delay_measure.vhd:]
WARNING: [filemgmt 56-199] Attempt to get parsing info during refresh. "On-the-fly" syntax checking information may be incorrect. [C:\Users\qianzha\Desktop\Embedded-System-Project-DAT096\Board_1\Board_1\Board_2.srcs\sources_1\new\delay_measure.vhd:]
launch_runs synth_1 -jobs 28
INFO: [BD 41-1662] The design 'design_2.bd' is already validated. Therefore parameter propagation will not be re-run.
VHDL Output written to : c:/Users/qianzha/Desktop/Embedded-System-Project-DAT096/Board_1/Board_1/Board_2.gen/sources_1/bd/design_2/synth/design_2.vhd
VHDL Output written to : c:/Users/qianzha/Desktop/Embedded-System-Project-DAT096/Board_1/Board_1/Board_2.gen/sources_1/bd/design_2/sim/design_2.vhd
VHDL Output written to : c:/Users/qianzha/Desktop/Embedded-System-Project-DAT096/Board_1/Board_1/Board_2.gen/sources_1/bd/design_2/hdl/design_2_wrapper.vhd
Exporting to file c:/Users/qianzha/Desktop/Embedded-System-Project-DAT096/Board_1/Board_1/Board_2.gen/sources_1/bd/design_2/hw_handoff/design_2.hwh
Generated Hardware Definition File c:/Users/qianzha/Desktop/Embedded-System-Project-DAT096/Board_1/Board_1/Board_2.gen/sources_1/bd/design_2/synth/design_2.hwdef
ERROR: [Common 17-180] Spawn failed: No error
[Tue May  5 12:43:09 2026] Launched synth_1...
Run output will be captured here: C:/Users/qianzha/Desktop/Embedded-System-Project-DAT096/Board_1/Board_1/Board_2.runs/synth_1/runme.log
ERROR: [Common 17-39] 'launch_runs' failed due to earlier errors.
WARNING: [filemgmt 56-199] Attempt to get parsing info during refresh. "On-the-fly" syntax checking information may be incorrect. [C:\Users\qianzha\Desktop\Embedded-System-Project-DAT096\Board_1\Board_1\Board_2.srcs\sources_1\new\pulse_gen.vhd:]
WARNING: [filemgmt 56-199] Attempt to get parsing info during refresh. "On-the-fly" syntax checking information may be incorrect. [C:\Users\qianzha\Desktop\Embedded-System-Project-DAT096\Board_1\Board_1\Board_2.srcs\sources_1\new\bit to dac converter.vhd:]
WARNING: [filemgmt 56-199] Attempt to get parsing info during refresh. "On-the-fly" syntax checking information may be incorrect. [C:\Users\qianzha\Desktop\Embedded-System-Project-DAT096\Board_1\Board_1\Board_2.srcs\sources_1\new\delay_measure.vhd:]
WARNING: [filemgmt 56-199] Attempt to get parsing info during refresh. "On-the-fly" syntax checking information may be incorrect. [C:\Users\qianzha\Desktop\Embedded-System-Project-DAT096\Board_1\Board_1\Board_2.srcs\sources_1\new\pulse_gen.vhd:]
WARNING: [filemgmt 56-199] Attempt to get parsing info during refresh. "On-the-fly" syntax checking information may be incorrect. [C:\Users\qianzha\Desktop\Embedded-System-Project-DAT096\Board_1\Board_1\Board_2.srcs\sources_1\new\pulse_gen.vhd:]
open_bd_design {C:/Users/qianzha/Desktop/Embedded-System-Project-DAT096/Board_1/Board_1/Board_2.srcs/sources_1/bd/design_2/design_2.bd}
launch_runs impl_1 -jobs 28
[Tue May  5 12:43:50 2026] Launched impl_1...
Run output will be captured here: C:/Users/qianzha/Desktop/Embedded-System-Project-DAT096/Board_1/Board_1/Board_2.runs/impl_1/runme.log
launch_runs impl_1 -to_step write_bitstream -jobs 28
[Tue May  5 12:45:15 2026] Launched impl_1...
Run output will be captured here: C:/Users/qianzha/Desktop/Embedded-System-Project-DAT096/Board_1/Board_1/Board_2.runs/impl_1/runme.log
set_property PROBES.FILE {C:/Users/qianzha/Desktop/Embedded-System-Project-DAT096/Board_1/Board_1/Board_2.runs/impl_1/design_2_wrapper.ltx} [get_hw_devices xc7z020_1]
set_property FULL_PROBES.FILE {C:/Users/qianzha/Desktop/Embedded-System-Project-DAT096/Board_1/Board_1/Board_2.runs/impl_1/design_2_wrapper.ltx} [get_hw_devices xc7z020_1]
set_property PROGRAM.FILE {C:/Users/qianzha/Desktop/Embedded-System-Project-DAT096/Board_1/Board_1/Board_2.runs/impl_1/design_2_wrapper.bit} [get_hw_devices xc7z020_1]
program_hw_devices [get_hw_devices xc7z020_1]
INFO: [Labtools 27-3164] End of startup status: HIGH
refresh_hw_device [lindex [get_hw_devices xc7z020_1] 0]
INFO: [Labtools 27-2302] Device xc7z020 (JTAG device index = 1) is programmed with a design that has 1 ILA core(s).
add_wave -into {hw_ila_data_1.wcfg} -radix bin { {design_2_i/ZmodScopeController_0_cDataAxisTdata} }
run_hw_ila [get_hw_ilas -of_objects [get_hw_devices xc7z020_1] -filter {CELL_NAME=~"design_2_i/ila_0"}]
INFO: [Labtools 27-1964] The ILA core 'hw_ila_1' trigger was armed at 2026-May-05 12:46:20
wait_on_hw_ila [get_hw_ilas -of_objects [get_hw_devices xc7z020_1] -filter {CELL_NAME=~"design_2_i/ila_0"}]
display_hw_ila_data [upload_hw_ila_data [get_hw_ilas -of_objects [get_hw_devices xc7z020_1] -filter {CELL_NAME=~"design_2_i/ila_0"}]]
INFO: [Labtools 27-1966] The ILA core 'hw_ila_1' triggered at 2026-May-05 12:46:20
INFO: [Labtools 27-3304] ILA Waveform data saved to file C:/Users/qianzha/Desktop/Embedded-System-Project-DAT096/Board_1/Board_1/Board_2.hw/backup/hw_ila_data_1.ila. Use Tcl command 'read_hw_ila_data' or Vivado File->Import->Import ILA Data menu item to import the previously saved data.
run_hw_ila [get_hw_ilas -of_objects [get_hw_devices xc7z020_1] -filter {CELL_NAME=~"design_2_i/ila_0"}]
INFO: [Labtools 27-1964] The ILA core 'hw_ila_1' trigger was armed at 2026-May-05 12:46:28
wait_on_hw_ila [get_hw_ilas -of_objects [get_hw_devices xc7z020_1] -filter {CELL_NAME=~"design_2_i/ila_0"}]
display_hw_ila_data [upload_hw_ila_data [get_hw_ilas -of_objects [get_hw_devices xc7z020_1] -filter {CELL_NAME=~"design_2_i/ila_0"}]]
INFO: [Labtools 27-1966] The ILA core 'hw_ila_1' triggered at 2026-May-05 12:46:28
INFO: [Labtools 27-3304] ILA Waveform data saved to file C:/Users/qianzha/Desktop/Embedded-System-Project-DAT096/Board_1/Board_1/Board_2.hw/backup/hw_ila_data_1.ila. Use Tcl command 'read_hw_ila_data' or Vivado File->Import->Import ILA Data menu item to import the previously saved data.
run_hw_ila [get_hw_ilas -of_objects [get_hw_devices xc7z020_1] -filter {CELL_NAME=~"design_2_i/ila_0"}]
INFO: [Labtools 27-1964] The ILA core 'hw_ila_1' trigger was armed at 2026-May-05 12:46:30
wait_on_hw_ila [get_hw_ilas -of_objects [get_hw_devices xc7z020_1] -filter {CELL_NAME=~"design_2_i/ila_0"}]
display_hw_ila_data [upload_hw_ila_data [get_hw_ilas -of_objects [get_hw_devices xc7z020_1] -filter {CELL_NAME=~"design_2_i/ila_0"}]]
INFO: [Labtools 27-1966] The ILA core 'hw_ila_1' triggered at 2026-May-05 12:46:30
INFO: [Labtools 27-3304] ILA Waveform data saved to file C:/Users/qianzha/Desktop/Embedded-System-Project-DAT096/Board_1/Board_1/Board_2.hw/backup/hw_ila_data_1.ila. Use Tcl command 'read_hw_ila_data' or Vivado File->Import->Import ILA Data menu item to import the previously saved data.
run_hw_ila [get_hw_ilas -of_objects [get_hw_devices xc7z020_1] -filter {CELL_NAME=~"design_2_i/ila_0"}]
INFO: [Labtools 27-1964] The ILA core 'hw_ila_1' trigger was armed at 2026-May-05 12:46:32
wait_on_hw_ila [get_hw_ilas -of_objects [get_hw_devices xc7z020_1] -filter {CELL_NAME=~"design_2_i/ila_0"}]
display_hw_ila_data [upload_hw_ila_data [get_hw_ilas -of_objects [get_hw_devices xc7z020_1] -filter {CELL_NAME=~"design_2_i/ila_0"}]]
INFO: [Labtools 27-1966] The ILA core 'hw_ila_1' triggered at 2026-May-05 12:46:32
INFO: [Labtools 27-3304] ILA Waveform data saved to file C:/Users/qianzha/Desktop/Embedded-System-Project-DAT096/Board_1/Board_1/Board_2.hw/backup/hw_ila_data_1.ila. Use Tcl command 'read_hw_ila_data' or Vivado File->Import->Import ILA Data menu item to import the previously saved data.
run_hw_ila [get_hw_ilas -of_objects [get_hw_devices xc7z020_1] -filter {CELL_NAME=~"design_2_i/ila_0"}]
INFO: [Labtools 27-1964] The ILA core 'hw_ila_1' trigger was armed at 2026-May-05 12:46:39
wait_on_hw_ila [get_hw_ilas -of_objects [get_hw_devices xc7z020_1] -filter {CELL_NAME=~"design_2_i/ila_0"}]
display_hw_ila_data [upload_hw_ila_data [get_hw_ilas -of_objects [get_hw_devices xc7z020_1] -filter {CELL_NAME=~"design_2_i/ila_0"}]]
INFO: [Labtools 27-1966] The ILA core 'hw_ila_1' triggered at 2026-May-05 12:46:39
INFO: [Labtools 27-3304] ILA Waveform data saved to file C:/Users/qianzha/Desktop/Embedded-System-Project-DAT096/Board_1/Board_1/Board_2.hw/backup/hw_ila_data_1.ila. Use Tcl command 'read_hw_ila_data' or Vivado File->Import->Import ILA Data menu item to import the previously saved data.
run_hw_ila [get_hw_ilas -of_objects [get_hw_devices xc7z020_1] -filter {CELL_NAME=~"design_2_i/ila_0"}]
INFO: [Labtools 27-1964] The ILA core 'hw_ila_1' trigger was armed at 2026-May-05 12:46:44
wait_on_hw_ila [get_hw_ilas -of_objects [get_hw_devices xc7z020_1] -filter {CELL_NAME=~"design_2_i/ila_0"}]
display_hw_ila_data [upload_hw_ila_data [get_hw_ilas -of_objects [get_hw_devices xc7z020_1] -filter {CELL_NAME=~"design_2_i/ila_0"}]]
INFO: [Labtools 27-1966] The ILA core 'hw_ila_1' triggered at 2026-May-05 12:46:44
INFO: [Labtools 27-3304] ILA Waveform data saved to file C:/Users/qianzha/Desktop/Embedded-System-Project-DAT096/Board_1/Board_1/Board_2.hw/backup/hw_ila_data_1.ila. Use Tcl command 'read_hw_ila_data' or Vivado File->Import->Import ILA Data menu item to import the previously saved data.
set_property PROBES.FILE {C:/Users/qianzha/Desktop/Embedded-System-Project-DAT096/Board_1/Board_1/Board_2.runs/impl_1/design_2_wrapper.ltx} [get_hw_devices xc7z020_1]
set_property FULL_PROBES.FILE {C:/Users/qianzha/Desktop/Embedded-System-Project-DAT096/Board_1/Board_1/Board_2.runs/impl_1/design_2_wrapper.ltx} [get_hw_devices xc7z020_1]
set_property PROGRAM.FILE {C:/Users/qianzha/Desktop/Embedded-System-Project-DAT096/Board_1/Board_1/Board_2.runs/impl_1/design_2_wrapper.bit} [get_hw_devices xc7z020_1]
program_hw_devices [get_hw_devices xc7z020_1]
INFO: [Labtools 27-3164] End of startup status: HIGH
refresh_hw_device [lindex [get_hw_devices xc7z020_1] 0]
INFO: [Labtools 27-2302] Device xc7z020 (JTAG device index = 1) is programmed with a design that has 1 ILA core(s).
run_hw_ila [get_hw_ilas -of_objects [get_hw_devices xc7z020_1] -filter {CELL_NAME=~"design_2_i/ila_0"}]
INFO: [Labtools 27-1964] The ILA core 'hw_ila_1' trigger was armed at 2026-May-05 12:46:59
wait_on_hw_ila [get_hw_ilas -of_objects [get_hw_devices xc7z020_1] -filter {CELL_NAME=~"design_2_i/ila_0"}]
display_hw_ila_data [upload_hw_ila_data [get_hw_ilas -of_objects [get_hw_devices xc7z020_1] -filter {CELL_NAME=~"design_2_i/ila_0"}]]
INFO: [Labtools 27-1966] The ILA core 'hw_ila_1' triggered at 2026-May-05 12:46:59
INFO: [Labtools 27-3304] ILA Waveform data saved to file C:/Users/qianzha/Desktop/Embedded-System-Project-DAT096/Board_1/Board_1/Board_2.hw/backup/hw_ila_data_1.ila. Use Tcl command 'read_hw_ila_data' or Vivado File->Import->Import ILA Data menu item to import the previously saved data.
open_bd_design {C:/Users/qianzha/Desktop/Embedded-System-Project-DAT096/Board_1/Board_1/Board_2.srcs/sources_1/bd/design_2/design_2.bd}
WARNING: [filemgmt 56-199] Attempt to get parsing info during refresh. "On-the-fly" syntax checking information may be incorrect. [C:\Users\qianzha\Desktop\Embedded-System-Project-DAT096\Board_1\Board_1\Board_2.srcs\sources_1\new\adc_bit_decoder.vhd:]
WARNING: [filemgmt 56-199] Attempt to get parsing info during refresh. "On-the-fly" syntax checking information may be incorrect. [C:\Users\qianzha\Desktop\Embedded-System-Project-DAT096\Board_1\Board_1\Board_2.srcs\sources_1\new\pulse_gen.vhd:]
WARNING: [filemgmt 56-199] Attempt to get parsing info during refresh. "On-the-fly" syntax checking information may be incorrect. [C:\Users\qianzha\Desktop\Embedded-System-Project-DAT096\Board_1\Board_1\Board_2.srcs\sources_1\new\bit to dac converter.vhd:]
WARNING: [filemgmt 56-199] Attempt to get parsing info during refresh. "On-the-fly" syntax checking information may be incorrect. [C:\Users\qianzha\Desktop\Embedded-System-Project-DAT096\Board_1\Board_1\Board_2.srcs\sources_1\new\delay_measure.vhd:]
WARNING: [filemgmt 56-199] Attempt to get parsing info during refresh. "On-the-fly" syntax checking information may be incorrect. [C:\Users\qianzha\Desktop\Embedded-System-Project-DAT096\Board_1\Board_1\Board_2.srcs\sources_1\new\pulse_gen.vhd:]
WARNING: [filemgmt 56-199] Attempt to get parsing info during refresh. "On-the-fly" syntax checking information may be incorrect. [C:\Users\qianzha\Desktop\Embedded-System-Project-DAT096\Board_1\Board_1\Board_2.srcs\sources_1\new\pulse_gen.vhd:]
WARNING: [filemgmt 56-199] Attempt to get parsing info during refresh. "On-the-fly" syntax checking information may be incorrect. [C:\Users\qianzha\Desktop\Embedded-System-Project-DAT096\Board_1\Board_1\Board_2.srcs\sources_1\new\adc_bit_decoder.vhd:]
WARNING: [filemgmt 56-199] Attempt to get parsing info during refresh. "On-the-fly" syntax checking information may be incorrect. [C:\Users\qianzha\Desktop\Embedded-System-Project-DAT096\Board_1\Board_1\Board_2.srcs\sources_1\new\pulse_gen.vhd:]
WARNING: [filemgmt 56-199] Attempt to get parsing info during refresh. "On-the-fly" syntax checking information may be incorrect. [C:\Users\qianzha\Desktop\Embedded-System-Project-DAT096\Board_1\Board_1\Board_2.srcs\sources_1\new\bit to dac converter.vhd:]
WARNING: [filemgmt 56-199] Attempt to get parsing info during refresh. "On-the-fly" syntax checking information may be incorrect. [C:\Users\qianzha\Desktop\Embedded-System-Project-DAT096\Board_1\Board_1\Board_2.srcs\sources_1\new\delay_measure.vhd:]
WARNING: [filemgmt 56-199] Attempt to get parsing info during refresh. "On-the-fly" syntax checking information may be incorrect. [C:\Users\qianzha\Desktop\Embedded-System-Project-DAT096\Board_1\Board_1\Board_2.srcs\sources_1\new\adc_bit_decoder.vhd:]
WARNING: [filemgmt 56-199] Attempt to get parsing info during refresh. "On-the-fly" syntax checking information may be incorrect. [C:\Users\qianzha\Desktop\Embedded-System-Project-DAT096\Board_1\Board_1\Board_2.srcs\sources_1\new\adc_bit_decoder.vhd:]
ERROR: [Common 17-180] Spawn failed: No error
WARNING: [filemgmt 56-199] Attempt to get parsing info during refresh. "On-the-fly" syntax checking information may be incorrect. [C:\Users\qianzha\Desktop\Embedded-System-Project-DAT096\Board_1\Board_1\Board_2.srcs\sources_1\new\adc_bit_decoder.vhd:]
WARNING: [filemgmt 56-199] Attempt to get parsing info during refresh. "On-the-fly" syntax checking information may be incorrect. [C:\Users\qianzha\Desktop\Embedded-System-Project-DAT096\Board_1\Board_1\Board_2.srcs\sources_1\new\pulse_gen.vhd:]
WARNING: [filemgmt 56-199] Attempt to get parsing info during refresh. "On-the-fly" syntax checking information may be incorrect. [C:\Users\qianzha\Desktop\Embedded-System-Project-DAT096\Board_1\Board_1\Board_2.srcs\sources_1\new\bit to dac converter.vhd:]
WARNING: [filemgmt 56-199] Attempt to get parsing info during refresh. "On-the-fly" syntax checking information may be incorrect. [C:\Users\qianzha\Desktop\Embedded-System-Project-DAT096\Board_1\Board_1\Board_2.srcs\sources_1\new\delay_measure.vhd:]
WARNING: [filemgmt 56-199] Attempt to get parsing info during refresh. "On-the-fly" syntax checking information may be incorrect. [C:\Users\qianzha\Desktop\Embedded-System-Project-DAT096\Board_1\Board_1\Board_2.srcs\sources_1\new\bit to dac converter.vhd:]
WARNING: [filemgmt 56-199] Attempt to get parsing info during refresh. "On-the-fly" syntax checking information may be incorrect. [C:\Users\qianzha\Desktop\Embedded-System-Project-DAT096\Board_1\Board_1\Board_2.srcs\sources_1\new\bit to dac converter.vhd:]
ERROR: [Common 17-180] Spawn failed: No error
report_ip_status -name ip_status 
update_module_reference [get_ips  design_2_adc_bit_decoder_0_0]
INFO: [IP_Flow 19-5107] Inferred bus interface 'clk' of definition 'xilinx.com:signal:clock:1.0' (from Xilinx Repository).
WARNING: [IP_Flow 19-5661] Bus Interface 'clk' does not have any bus interfaces associated with it.
WARNING: [IP_Flow 19-11770] Clock interface 'clk' has no FREQ_HZ parameter.
INFO: [IP_Flow 19-5107] Inferred bus interface 'clk' of definition 'xilinx.com:signal:clock:1.0' (from Xilinx Repository).
WARNING: [IP_Flow 19-5661] Bus Interface 'clk' does not have any bus interfaces associated with it.
WARNING: [IP_Flow 19-11770] Clock interface 'clk' has no FREQ_HZ parameter.
Upgrading 'C:/Users/qianzha/Desktop/Embedded-System-Project-DAT096/Board_1/Board_1/Board_2.srcs/sources_1/bd/design_2/design_2.bd'
WARNING: [Vivado 12-1017] Problems encountered:
1. Failed to delete one or more files in run directory C:/Users/qianzha/Desktop/Embedded-System-Project-DAT096/Board_1/Board_1/Board_2.runs/design_2_adc_bit_decoder_0_0_synth_1

INFO: [IP_Flow 19-3420] Updated design_2_adc_bit_decoder_0_0 to use current project options
Wrote  : <C:\Users\qianzha\Desktop\Embedded-System-Project-DAT096\Board_1\Board_1\Board_2.srcs\sources_1\bd\design_2\design_2.bd> 
WARNING: [filemgmt 56-199] Attempt to get parsing info during refresh. "On-the-fly" syntax checking information may be incorrect. [C:\Users\qianzha\Desktop\Embedded-System-Project-DAT096\Board_1\Board_1\Board_2.srcs\sources_1\new\adc_bit_decoder.vhd:]
WARNING: [filemgmt 56-199] Attempt to get parsing info during refresh. "On-the-fly" syntax checking information may be incorrect. [C:\Users\qianzha\Desktop\Embedded-System-Project-DAT096\Board_1\Board_1\Board_2.srcs\sources_1\new\pulse_gen.vhd:]
WARNING: [filemgmt 56-199] Attempt to get parsing info during refresh. "On-the-fly" syntax checking information may be incorrect. [C:\Users\qianzha\Desktop\Embedded-System-Project-DAT096\Board_1\Board_1\Board_2.srcs\sources_1\new\bit to dac converter.vhd:]
WARNING: [filemgmt 56-199] Attempt to get parsing info during refresh. "On-the-fly" syntax checking information may be incorrect. [C:\Users\qianzha\Desktop\Embedded-System-Project-DAT096\Board_1\Board_1\Board_2.srcs\sources_1\new\delay_measure.vhd:]
WARNING: [filemgmt 56-199] Attempt to get parsing info during refresh. "On-the-fly" syntax checking information may be incorrect. [C:\Users\qianzha\Desktop\Embedded-System-Project-DAT096\Board_1\Board_1\Board_2.srcs\sources_1\new\delay_measure.vhd:]
WARNING: [filemgmt 56-199] Attempt to get parsing info during refresh. "On-the-fly" syntax checking information may be incorrect. [C:\Users\qianzha\Desktop\Embedded-System-Project-DAT096\Board_1\Board_1\Board_2.srcs\sources_1\new\delay_measure.vhd:]
generate_target all [get_files  C:/Users/qianzha/Desktop/Embedded-System-Project-DAT096/Board_1/Board_1/Board_2.srcs/sources_1/bd/design_2/design_2.bd]
WARNING: [BD 41-2670] Found an incomplete address path from address space '/processing_system7_0/Data' to master interface '/processing_system7_0/M_AXI_GP0'. Please either complete or remove this path to resolve.
WARNING: [BD 5-699] No address segments matched 'get_bd_addr_segs -of_objects /processing_system7_0/Data'
WARNING: [IP_Flow 19-4684] Expected long value for param C_ILA_CLK_FREQ but, float/scientific notation value 5e+07 is provided. The value is converted to long type(50000000)
INFO: [xilinx.com:ip:clk_wiz:6.0-1] /clk_wiz_0 clk_wiz propagate
Wrote  : <C:\Users\qianzha\Desktop\Embedded-System-Project-DAT096\Board_1\Board_1\Board_2.srcs\sources_1\bd\design_2\design_2.bd> 
VHDL Output written to : c:/Users/qianzha/Desktop/Embedded-System-Project-DAT096/Board_1/Board_1/Board_2.gen/sources_1/bd/design_2/synth/design_2.vhd
VHDL Output written to : c:/Users/qianzha/Desktop/Embedded-System-Project-DAT096/Board_1/Board_1/Board_2.gen/sources_1/bd/design_2/sim/design_2.vhd
VHDL Output written to : c:/Users/qianzha/Desktop/Embedded-System-Project-DAT096/Board_1/Board_1/Board_2.gen/sources_1/bd/design_2/hdl/design_2_wrapper.vhd
INFO: [BD 41-1029] Generation completed for the IP Integrator block adc_bit_decoder_0 .
Exporting to file c:/Users/qianzha/Desktop/Embedded-System-Project-DAT096/Board_1/Board_1/Board_2.gen/sources_1/bd/design_2/hw_handoff/design_2.hwh
Generated Hardware Definition File c:/Users/qianzha/Desktop/Embedded-System-Project-DAT096/Board_1/Board_1/Board_2.gen/sources_1/bd/design_2/synth/design_2.hwdef
export_ip_user_files -of_objects [get_files C:/Users/qianzha/Desktop/Embedded-System-Project-DAT096/Board_1/Board_1/Board_2.srcs/sources_1/bd/design_2/design_2.bd] -no_script -sync -force -quiet
create_ip_run [get_files -of_objects [get_fileset sources_1] C:/Users/qianzha/Desktop/Embedded-System-Project-DAT096/Board_1/Board_1/Board_2.srcs/sources_1/bd/design_2/design_2.bd]
launch_runs design_2_adc_bit_decoder_0_0_synth_1 -jobs 28
[Tue May  5 12:50:01 2026] Launched design_2_adc_bit_decoder_0_0_synth_1...
Run output will be captured here: C:/Users/qianzha/Desktop/Embedded-System-Project-DAT096/Board_1/Board_1/Board_2.runs/design_2_adc_bit_decoder_0_0_synth_1/runme.log
export_simulation -lib_map_path [list {modelsim=C:/Users/qianzha/Desktop/Embedded-System-Project-DAT096/Board_1/Board_1/Board_2.cache/compile_simlib/modelsim} {questa=C:/Users/qianzha/Desktop/Embedded-System-Project-DAT096/Board_1/Board_1/Board_2.cache/compile_simlib/questa} {riviera=C:/Users/qianzha/Desktop/Embedded-System-Project-DAT096/Board_1/Board_1/Board_2.cache/compile_simlib/riviera} {activehdl=C:/Users/qianzha/Desktop/Embedded-System-Project-DAT096/Board_1/Board_1/Board_2.cache/compile_simlib/activehdl}] -of_objects [get_files C:/Users/qianzha/Desktop/Embedded-System-Project-DAT096/Board_1/Board_1/Board_2.srcs/sources_1/bd/design_2/design_2.bd] -directory C:/Users/qianzha/Desktop/Embedded-System-Project-DAT096/Board_1/Board_1/Board_2.ip_user_files/sim_scripts -ip_user_files_dir C:/Users/qianzha/Desktop/Embedded-System-Project-DAT096/Board_1/Board_1/Board_2.ip_user_files -ipstatic_source_dir C:/Users/qianzha/Desktop/Embedded-System-Project-DAT096/Board_1/Board_1/Board_2.ip_user_files/ipstatic -use_ip_compiled_libs -force -quiet
WARNING: [filemgmt 56-199] Attempt to get parsing info during refresh. "On-the-fly" syntax checking information may be incorrect. [C:\Users\qianzha\Desktop\Embedded-System-Project-DAT096\Board_1\Board_1\Board_2.srcs\sources_1\new\adc_bit_decoder.vhd:]
WARNING: [filemgmt 56-199] Attempt to get parsing info during refresh. "On-the-fly" syntax checking information may be incorrect. [C:\Users\qianzha\Desktop\Embedded-System-Project-DAT096\Board_1\Board_1\Board_2.srcs\sources_1\new\pulse_gen.vhd:]
WARNING: [filemgmt 56-199] Attempt to get parsing info during refresh. "On-the-fly" syntax checking information may be incorrect. [C:\Users\qianzha\Desktop\Embedded-System-Project-DAT096\Board_1\Board_1\Board_2.srcs\sources_1\new\bit to dac converter.vhd:]
WARNING: [filemgmt 56-199] Attempt to get parsing info during refresh. "On-the-fly" syntax checking information may be incorrect. [C:\Users\qianzha\Desktop\Embedded-System-Project-DAT096\Board_1\Board_1\Board_2.srcs\sources_1\new\delay_measure.vhd:]
WARNING: [filemgmt 56-199] Attempt to get parsing info during refresh. "On-the-fly" syntax checking information may be incorrect. [C:\Users\qianzha\Desktop\Embedded-System-Project-DAT096\Board_1\Board_1\Board_2.srcs\sources_1\new\pulse_gen.vhd:]
WARNING: [filemgmt 56-199] Attempt to get parsing info during refresh. "On-the-fly" syntax checking information may be incorrect. [C:\Users\qianzha\Desktop\Embedded-System-Project-DAT096\Board_1\Board_1\Board_2.srcs\sources_1\new\pulse_gen.vhd:]
WARNING: [filemgmt 56-199] Attempt to get parsing info during refresh. "On-the-fly" syntax checking information may be incorrect. [C:\Users\qianzha\Desktop\Embedded-System-Project-DAT096\Board_1\Board_1\Board_2.srcs\sources_1\new\adc_bit_decoder.vhd:]
WARNING: [filemgmt 56-199] Attempt to get parsing info during refresh. "On-the-fly" syntax checking information may be incorrect. [C:\Users\qianzha\Desktop\Embedded-System-Project-DAT096\Board_1\Board_1\Board_2.srcs\sources_1\new\pulse_gen.vhd:]
WARNING: [filemgmt 56-199] Attempt to get parsing info during refresh. "On-the-fly" syntax checking information may be incorrect. [C:\Users\qianzha\Desktop\Embedded-System-Project-DAT096\Board_1\Board_1\Board_2.srcs\sources_1\new\bit to dac converter.vhd:]
WARNING: [filemgmt 56-199] Attempt to get parsing info during refresh. "On-the-fly" syntax checking information may be incorrect. [C:\Users\qianzha\Desktop\Embedded-System-Project-DAT096\Board_1\Board_1\Board_2.srcs\sources_1\new\delay_measure.vhd:]
WARNING: [filemgmt 56-199] Attempt to get parsing info during refresh. "On-the-fly" syntax checking information may be incorrect. [C:\Users\qianzha\Desktop\Embedded-System-Project-DAT096\Board_1\Board_1\Board_2.srcs\sources_1\new\adc_bit_decoder.vhd:]
WARNING: [filemgmt 56-199] Attempt to get parsing info during refresh. "On-the-fly" syntax checking information may be incorrect. [C:\Users\qianzha\Desktop\Embedded-System-Project-DAT096\Board_1\Board_1\Board_2.srcs\sources_1\new\adc_bit_decoder.vhd:]
ERROR: [Common 17-180] Spawn failed: No error
WARNING: [filemgmt 56-199] Attempt to get parsing info during refresh. "On-the-fly" syntax checking information may be incorrect. [C:\Users\qianzha\Desktop\Embedded-System-Project-DAT096\Board_1\Board_1\Board_2.srcs\sources_1\new\adc_bit_decoder.vhd:]
WARNING: [filemgmt 56-199] Attempt to get parsing info during refresh. "On-the-fly" syntax checking information may be incorrect. [C:\Users\qianzha\Desktop\Embedded-System-Project-DAT096\Board_1\Board_1\Board_2.srcs\sources_1\new\pulse_gen.vhd:]
WARNING: [filemgmt 56-199] Attempt to get parsing info during refresh. "On-the-fly" syntax checking information may be incorrect. [C:\Users\qianzha\Desktop\Embedded-System-Project-DAT096\Board_1\Board_1\Board_2.srcs\sources_1\new\bit to dac converter.vhd:]
WARNING: [filemgmt 56-199] Attempt to get parsing info during refresh. "On-the-fly" syntax checking information may be incorrect. [C:\Users\qianzha\Desktop\Embedded-System-Project-DAT096\Board_1\Board_1\Board_2.srcs\sources_1\new\delay_measure.vhd:]
WARNING: [filemgmt 56-199] Attempt to get parsing info during refresh. "On-the-fly" syntax checking information may be incorrect. [C:\Users\qianzha\Desktop\Embedded-System-Project-DAT096\Board_1\Board_1\Board_2.srcs\sources_1\new\bit to dac converter.vhd:]
WARNING: [filemgmt 56-199] Attempt to get parsing info during refresh. "On-the-fly" syntax checking information may be incorrect. [C:\Users\qianzha\Desktop\Embedded-System-Project-DAT096\Board_1\Board_1\Board_2.srcs\sources_1\new\bit to dac converter.vhd:]
ERROR: [Common 17-180] Spawn failed: No error
report_ip_status -name ip_status 
reset_run synth_1
INFO: [Project 1-1161] Replacing file C:/Users/qianzha/Desktop/Embedded-System-Project-DAT096/Board_1/Board_1/Board_2.srcs/utils_1/imports/synth_1/design_2_wrapper.dcp with file C:/Users/qianzha/Desktop/Embedded-System-Project-DAT096/Board_1/Board_1/Board_2.runs/synth_1/design_2_wrapper.dcp
WARNING: [Vivado 12-1017] Problems encountered:
1. Failed to delete one or more files in run directory C:/Users/qianzha/Desktop/Embedded-System-Project-DAT096/Board_1/Board_1/Board_2.runs/synth_1

WARNING: [filemgmt 56-199] Attempt to get parsing info during refresh. "On-the-fly" syntax checking information may be incorrect. [C:\Users\qianzha\Desktop\Embedded-System-Project-DAT096\Board_1\Board_1\Board_2.srcs\sources_1\new\adc_bit_decoder.vhd:]
WARNING: [filemgmt 56-199] Attempt to get parsing info during refresh. "On-the-fly" syntax checking information may be incorrect. [C:\Users\qianzha\Desktop\Embedded-System-Project-DAT096\Board_1\Board_1\Board_2.srcs\sources_1\new\pulse_gen.vhd:]
WARNING: [filemgmt 56-199] Attempt to get parsing info during refresh. "On-the-fly" syntax checking information may be incorrect. [C:\Users\qianzha\Desktop\Embedded-System-Project-DAT096\Board_1\Board_1\Board_2.srcs\sources_1\new\bit to dac converter.vhd:]
WARNING: [filemgmt 56-199] Attempt to get parsing info during refresh. "On-the-fly" syntax checking information may be incorrect. [C:\Users\qianzha\Desktop\Embedded-System-Project-DAT096\Board_1\Board_1\Board_2.srcs\sources_1\new\delay_measure.vhd:]
WARNING: [filemgmt 56-199] Attempt to get parsing info during refresh. "On-the-fly" syntax checking information may be incorrect. [C:\Users\qianzha\Desktop\Embedded-System-Project-DAT096\Board_1\Board_1\Board_2.srcs\sources_1\new\pulse_gen.vhd:]
WARNING: [filemgmt 56-199] Attempt to get parsing info during refresh. "On-the-fly" syntax checking information may be incorrect. [C:\Users\qianzha\Desktop\Embedded-System-Project-DAT096\Board_1\Board_1\Board_2.srcs\sources_1\new\pulse_gen.vhd:]
WARNING: [filemgmt 56-199] Attempt to get parsing info during refresh. "On-the-fly" syntax checking information may be incorrect. [C:\Users\qianzha\Desktop\Embedded-System-Project-DAT096\Board_1\Board_1\Board_2.srcs\sources_1\new\adc_bit_decoder.vhd:]
WARNING: [filemgmt 56-199] Attempt to get parsing info during refresh. "On-the-fly" syntax checking information may be incorrect. [C:\Users\qianzha\Desktop\Embedded-System-Project-DAT096\Board_1\Board_1\Board_2.srcs\sources_1\new\pulse_gen.vhd:]
WARNING: [filemgmt 56-199] Attempt to get parsing info during refresh. "On-the-fly" syntax checking information may be incorrect. [C:\Users\qianzha\Desktop\Embedded-System-Project-DAT096\Board_1\Board_1\Board_2.srcs\sources_1\new\bit to dac converter.vhd:]
WARNING: [filemgmt 56-199] Attempt to get parsing info during refresh. "On-the-fly" syntax checking information may be incorrect. [C:\Users\qianzha\Desktop\Embedded-System-Project-DAT096\Board_1\Board_1\Board_2.srcs\sources_1\new\delay_measure.vhd:]
WARNING: [filemgmt 56-199] Attempt to get parsing info during refresh. "On-the-fly" syntax checking information may be incorrect. [C:\Users\qianzha\Desktop\Embedded-System-Project-DAT096\Board_1\Board_1\Board_2.srcs\sources_1\new\adc_bit_decoder.vhd:]
WARNING: [filemgmt 56-199] Attempt to get parsing info during refresh. "On-the-fly" syntax checking information may be incorrect. [C:\Users\qianzha\Desktop\Embedded-System-Project-DAT096\Board_1\Board_1\Board_2.srcs\sources_1\new\adc_bit_decoder.vhd:]
ERROR: [Common 17-180] Spawn failed: No error
WARNING: [filemgmt 56-199] Attempt to get parsing info during refresh. "On-the-fly" syntax checking information may be incorrect. [C:\Users\qianzha\Desktop\Embedded-System-Project-DAT096\Board_1\Board_1\Board_2.srcs\sources_1\new\adc_bit_decoder.vhd:]
WARNING: [filemgmt 56-199] Attempt to get parsing info during refresh. "On-the-fly" syntax checking information may be incorrect. [C:\Users\qianzha\Desktop\Embedded-System-Project-DAT096\Board_1\Board_1\Board_2.srcs\sources_1\new\pulse_gen.vhd:]
WARNING: [filemgmt 56-199] Attempt to get parsing info during refresh. "On-the-fly" syntax checking information may be incorrect. [C:\Users\qianzha\Desktop\Embedded-System-Project-DAT096\Board_1\Board_1\Board_2.srcs\sources_1\new\bit to dac converter.vhd:]
WARNING: [filemgmt 56-199] Attempt to get parsing info during refresh. "On-the-fly" syntax checking information may be incorrect. [C:\Users\qianzha\Desktop\Embedded-System-Project-DAT096\Board_1\Board_1\Board_2.srcs\sources_1\new\delay_measure.vhd:]
WARNING: [filemgmt 56-199] Attempt to get parsing info during refresh. "On-the-fly" syntax checking information may be incorrect. [C:\Users\qianzha\Desktop\Embedded-System-Project-DAT096\Board_1\Board_1\Board_2.srcs\sources_1\new\bit to dac converter.vhd:]
WARNING: [filemgmt 56-199] Attempt to get parsing info during refresh. "On-the-fly" syntax checking information may be incorrect. [C:\Users\qianzha\Desktop\Embedded-System-Project-DAT096\Board_1\Board_1\Board_2.srcs\sources_1\new\bit to dac converter.vhd:]
ERROR: [Common 17-180] Spawn failed: No error
launch_runs synth_1 -jobs 28
[Tue May  5 12:50:19 2026] Launched design_2_adc_bit_decoder_0_0_synth_1...
Run output will be captured here: C:/Users/qianzha/Desktop/Embedded-System-Project-DAT096/Board_1/Board_1/Board_2.runs/design_2_adc_bit_decoder_0_0_synth_1/runme.log
[Tue May  5 12:50:20 2026] Launched synth_1...
Run output will be captured here: C:/Users/qianzha/Desktop/Embedded-System-Project-DAT096/Board_1/Board_1/Board_2.runs/synth_1/runme.log
WARNING: [filemgmt 56-199] Attempt to get parsing info during refresh. "On-the-fly" syntax checking information may be incorrect. [C:\Users\qianzha\Desktop\Embedded-System-Project-DAT096\Board_1\Board_1\Board_2.srcs\sources_1\new\adc_bit_decoder.vhd:]
WARNING: [filemgmt 56-199] Attempt to get parsing info during refresh. "On-the-fly" syntax checking information may be incorrect. [C:\Users\qianzha\Desktop\Embedded-System-Project-DAT096\Board_1\Board_1\Board_2.srcs\sources_1\new\pulse_gen.vhd:]
WARNING: [filemgmt 56-199] Attempt to get parsing info during refresh. "On-the-fly" syntax checking information may be incorrect. [C:\Users\qianzha\Desktop\Embedded-System-Project-DAT096\Board_1\Board_1\Board_2.srcs\sources_1\new\bit to dac converter.vhd:]
WARNING: [filemgmt 56-199] Attempt to get parsing info during refresh. "On-the-fly" syntax checking information may be incorrect. [C:\Users\qianzha\Desktop\Embedded-System-Project-DAT096\Board_1\Board_1\Board_2.srcs\sources_1\new\delay_measure.vhd:]
WARNING: [filemgmt 56-199] Attempt to get parsing info during refresh. "On-the-fly" syntax checking information may be incorrect. [C:\Users\qianzha\Desktop\Embedded-System-Project-DAT096\Board_1\Board_1\Board_2.srcs\sources_1\new\pulse_gen.vhd:]
WARNING: [filemgmt 56-199] Attempt to get parsing info during refresh. "On-the-fly" syntax checking information may be incorrect. [C:\Users\qianzha\Desktop\Embedded-System-Project-DAT096\Board_1\Board_1\Board_2.srcs\sources_1\new\pulse_gen.vhd:]
WARNING: [filemgmt 56-199] Attempt to get parsing info during refresh. "On-the-fly" syntax checking information may be incorrect. [C:\Users\qianzha\Desktop\Embedded-System-Project-DAT096\Board_1\Board_1\Board_2.srcs\sources_1\new\adc_bit_decoder.vhd:]
WARNING: [filemgmt 56-199] Attempt to get parsing info during refresh. "On-the-fly" syntax checking information may be incorrect. [C:\Users\qianzha\Desktop\Embedded-System-Project-DAT096\Board_1\Board_1\Board_2.srcs\sources_1\new\pulse_gen.vhd:]
WARNING: [filemgmt 56-199] Attempt to get parsing info during refresh. "On-the-fly" syntax checking information may be incorrect. [C:\Users\qianzha\Desktop\Embedded-System-Project-DAT096\Board_1\Board_1\Board_2.srcs\sources_1\new\bit to dac converter.vhd:]
WARNING: [filemgmt 56-199] Attempt to get parsing info during refresh. "On-the-fly" syntax checking information may be incorrect. [C:\Users\qianzha\Desktop\Embedded-System-Project-DAT096\Board_1\Board_1\Board_2.srcs\sources_1\new\delay_measure.vhd:]
WARNING: [filemgmt 56-199] Attempt to get parsing info during refresh. "On-the-fly" syntax checking information may be incorrect. [C:\Users\qianzha\Desktop\Embedded-System-Project-DAT096\Board_1\Board_1\Board_2.srcs\sources_1\new\delay_measure.vhd:]
WARNING: [filemgmt 56-199] Attempt to get parsing info during refresh. "On-the-fly" syntax checking information may be incorrect. [C:\Users\qianzha\Desktop\Embedded-System-Project-DAT096\Board_1\Board_1\Board_2.srcs\sources_1\new\delay_measure.vhd:]
WARNING: [filemgmt 56-199] Attempt to get parsing info during refresh. "On-the-fly" syntax checking information may be incorrect. [C:\Users\qianzha\Desktop\Embedded-System-Project-DAT096\Board_1\Board_1\Board_2.srcs\sources_1\new\adc_bit_decoder.vhd:]
WARNING: [filemgmt 56-199] Attempt to get parsing info during refresh. "On-the-fly" syntax checking information may be incorrect. [C:\Users\qianzha\Desktop\Embedded-System-Project-DAT096\Board_1\Board_1\Board_2.srcs\sources_1\new\pulse_gen.vhd:]
WARNING: [filemgmt 56-199] Attempt to get parsing info during refresh. "On-the-fly" syntax checking information may be incorrect. [C:\Users\qianzha\Desktop\Embedded-System-Project-DAT096\Board_1\Board_1\Board_2.srcs\sources_1\new\bit to dac converter.vhd:]
WARNING: [filemgmt 56-199] Attempt to get parsing info during refresh. "On-the-fly" syntax checking information may be incorrect. [C:\Users\qianzha\Desktop\Embedded-System-Project-DAT096\Board_1\Board_1\Board_2.srcs\sources_1\new\delay_measure.vhd:]
WARNING: [filemgmt 56-199] Attempt to get parsing info during refresh. "On-the-fly" syntax checking information may be incorrect. [C:\Users\qianzha\Desktop\Embedded-System-Project-DAT096\Board_1\Board_1\Board_2.srcs\sources_1\new\bit to dac converter.vhd:]
WARNING: [filemgmt 56-199] Attempt to get parsing info during refresh. "On-the-fly" syntax checking information may be incorrect. [C:\Users\qianzha\Desktop\Embedded-System-Project-DAT096\Board_1\Board_1\Board_2.srcs\sources_1\new\bit to dac converter.vhd:]
ERROR: [Common 17-180] Spawn failed: No error
launch_runs impl_1 -jobs 28
[Tue May  5 12:51:45 2026] Launched impl_1...
Run output will be captured here: C:/Users/qianzha/Desktop/Embedded-System-Project-DAT096/Board_1/Board_1/Board_2.runs/impl_1/runme.log
launch_runs impl_1 -to_step write_bitstream -jobs 28
[Tue May  5 12:54:42 2026] Launched impl_1...
Run output will be captured here: C:/Users/qianzha/Desktop/Embedded-System-Project-DAT096/Board_1/Board_1/Board_2.runs/impl_1/runme.log
set_property PROBES.FILE {C:/Users/qianzha/Desktop/Embedded-System-Project-DAT096/Board_1/Board_1/Board_2.runs/impl_1/design_2_wrapper.ltx} [get_hw_devices xc7z020_1]
set_property FULL_PROBES.FILE {C:/Users/qianzha/Desktop/Embedded-System-Project-DAT096/Board_1/Board_1/Board_2.runs/impl_1/design_2_wrapper.ltx} [get_hw_devices xc7z020_1]
set_property PROGRAM.FILE {C:/Users/qianzha/Desktop/Embedded-System-Project-DAT096/Board_1/Board_1/Board_2.runs/impl_1/design_2_wrapper.bit} [get_hw_devices xc7z020_1]
program_hw_devices [get_hw_devices xc7z020_1]
INFO: [Labtools 27-3164] End of startup status: HIGH
refresh_hw_device [lindex [get_hw_devices xc7z020_1] 0]
INFO: [Labtools 27-2302] Device xc7z020 (JTAG device index = 1) is programmed with a design that has 1 ILA core(s).
run_hw_ila [get_hw_ilas -of_objects [get_hw_devices xc7z020_1] -filter {CELL_NAME=~"design_2_i/ila_0"}]
INFO: [Labtools 27-1964] The ILA core 'hw_ila_1' trigger was armed at 2026-May-05 12:55:37
wait_on_hw_ila [get_hw_ilas -of_objects [get_hw_devices xc7z020_1] -filter {CELL_NAME=~"design_2_i/ila_0"}]
display_hw_ila_data [upload_hw_ila_data [get_hw_ilas -of_objects [get_hw_devices xc7z020_1] -filter {CELL_NAME=~"design_2_i/ila_0"}]]
INFO: [Labtools 27-1966] The ILA core 'hw_ila_1' triggered at 2026-May-05 12:55:37
INFO: [Labtools 27-3304] ILA Waveform data saved to file C:/Users/qianzha/Desktop/Embedded-System-Project-DAT096/Board_1/Board_1/Board_2.hw/backup/hw_ila_data_1.ila. Use Tcl command 'read_hw_ila_data' or Vivado File->Import->Import ILA Data menu item to import the previously saved data.
open_bd_design {C:/Users/qianzha/Desktop/Embedded-System-Project-DAT096/Board_1/Board_1/Board_2.srcs/sources_1/bd/design_2/design_2.bd}
delete_bd_objs [get_bd_nets ZmodScopeController_0_cDataAxisTdata]
connect_bd_net [get_bd_pins ZmodScopeController_0/cDataAxisTdata] [get_bd_pins xlslice_0/Din]
WARNING: [BD 41-1306] The connection to interface pin </ZmodScopeController_0/cDataAxisTdata> is being overridden by the user with net <ZmodScopeController_0_cDataAxisTdata>. This pin will not be connected as a part of interface connection <DataStream>, and might not recreate the connectivity as expected using the writ_bd_tcl command.
connect_bd_net [get_bd_pins delay_measure_0/delay_cycles] [get_bd_pins ila_0/probe7]
validate_bd_design
WARNING: [BD 41-2670] Found an incomplete address path from address space '/processing_system7_0/Data' to master interface '/processing_system7_0/M_AXI_GP0'. Please either complete or remove this path to resolve.
WARNING: [BD 5-699] No address segments matched 'get_bd_addr_segs -of_objects /processing_system7_0/Data'
WARNING: [IP_Flow 19-4684] Expected long value for param C_ILA_CLK_FREQ but, float/scientific notation value 5e+07 is provided. The value is converted to long type(50000000)
INFO: [xilinx.com:ip:clk_wiz:6.0-1] /clk_wiz_0 clk_wiz propagate
save_bd_design
Wrote  : <C:\Users\qianzha\Desktop\Embedded-System-Project-DAT096\Board_1\Board_1\Board_2.srcs\sources_1\bd\design_2\design_2.bd> 
Wrote  : <C:/Users/qianzha/Desktop/Embedded-System-Project-DAT096/Board_1/Board_1/Board_2.srcs/sources_1/bd/design_2/ui/bd_1fdbff51.ui> 
reset_run synth_1
INFO: [Project 1-1161] Replacing file C:/Users/qianzha/Desktop/Embedded-System-Project-DAT096/Board_1/Board_1/Board_2.srcs/utils_1/imports/synth_1/design_2_wrapper.dcp with file C:/Users/qianzha/Desktop/Embedded-System-Project-DAT096/Board_1/Board_1/Board_2.runs/synth_1/design_2_wrapper.dcp
WARNING: [Vivado 12-1017] Problems encountered:
1. Failed to delete one or more files in run directory C:/Users/qianzha/Desktop/Embedded-System-Project-DAT096/Board_1/Board_1/Board_2.runs/synth_1

WARNING: [filemgmt 56-199] Attempt to get parsing info during refresh. "On-the-fly" syntax checking information may be incorrect. [C:\Users\qianzha\Desktop\Embedded-System-Project-DAT096\Board_1\Board_1\Board_2.srcs\sources_1\new\adc_bit_decoder.vhd:]
WARNING: [filemgmt 56-199] Attempt to get parsing info during refresh. "On-the-fly" syntax checking information may be incorrect. [C:\Users\qianzha\Desktop\Embedded-System-Project-DAT096\Board_1\Board_1\Board_2.srcs\sources_1\new\pulse_gen.vhd:]
WARNING: [filemgmt 56-199] Attempt to get parsing info during refresh. "On-the-fly" syntax checking information may be incorrect. [C:\Users\qianzha\Desktop\Embedded-System-Project-DAT096\Board_1\Board_1\Board_2.srcs\sources_1\new\bit to dac converter.vhd:]
WARNING: [filemgmt 56-199] Attempt to get parsing info during refresh. "On-the-fly" syntax checking information may be incorrect. [C:\Users\qianzha\Desktop\Embedded-System-Project-DAT096\Board_1\Board_1\Board_2.srcs\sources_1\new\delay_measure.vhd:]
WARNING: [filemgmt 56-199] Attempt to get parsing info during refresh. "On-the-fly" syntax checking information may be incorrect. [C:\Users\qianzha\Desktop\Embedded-System-Project-DAT096\Board_1\Board_1\Board_2.srcs\sources_1\new\pulse_gen.vhd:]
WARNING: [filemgmt 56-199] Attempt to get parsing info during refresh. "On-the-fly" syntax checking information may be incorrect. [C:\Users\qianzha\Desktop\Embedded-System-Project-DAT096\Board_1\Board_1\Board_2.srcs\sources_1\new\pulse_gen.vhd:]
WARNING: [filemgmt 56-199] Attempt to get parsing info during refresh. "On-the-fly" syntax checking information may be incorrect. [C:\Users\qianzha\Desktop\Embedded-System-Project-DAT096\Board_1\Board_1\Board_2.srcs\sources_1\new\adc_bit_decoder.vhd:]
WARNING: [filemgmt 56-199] Attempt to get parsing info during refresh. "On-the-fly" syntax checking information may be incorrect. [C:\Users\qianzha\Desktop\Embedded-System-Project-DAT096\Board_1\Board_1\Board_2.srcs\sources_1\new\pulse_gen.vhd:]
WARNING: [filemgmt 56-199] Attempt to get parsing info during refresh. "On-the-fly" syntax checking information may be incorrect. [C:\Users\qianzha\Desktop\Embedded-System-Project-DAT096\Board_1\Board_1\Board_2.srcs\sources_1\new\bit to dac converter.vhd:]
WARNING: [filemgmt 56-199] Attempt to get parsing info during refresh. "On-the-fly" syntax checking information may be incorrect. [C:\Users\qianzha\Desktop\Embedded-System-Project-DAT096\Board_1\Board_1\Board_2.srcs\sources_1\new\delay_measure.vhd:]
WARNING: [filemgmt 56-199] Attempt to get parsing info during refresh. "On-the-fly" syntax checking information may be incorrect. [C:\Users\qianzha\Desktop\Embedded-System-Project-DAT096\Board_1\Board_1\Board_2.srcs\sources_1\new\delay_measure.vhd:]
WARNING: [filemgmt 56-199] Attempt to get parsing info during refresh. "On-the-fly" syntax checking information may be incorrect. [C:\Users\qianzha\Desktop\Embedded-System-Project-DAT096\Board_1\Board_1\Board_2.srcs\sources_1\new\delay_measure.vhd:]
WARNING: [filemgmt 56-199] Attempt to get parsing info during refresh. "On-the-fly" syntax checking information may be incorrect. [C:\Users\qianzha\Desktop\Embedded-System-Project-DAT096\Board_1\Board_1\Board_2.srcs\sources_1\new\adc_bit_decoder.vhd:]
WARNING: [filemgmt 56-199] Attempt to get parsing info during refresh. "On-the-fly" syntax checking information may be incorrect. [C:\Users\qianzha\Desktop\Embedded-System-Project-DAT096\Board_1\Board_1\Board_2.srcs\sources_1\new\pulse_gen.vhd:]
WARNING: [filemgmt 56-199] Attempt to get parsing info during refresh. "On-the-fly" syntax checking information may be incorrect. [C:\Users\qianzha\Desktop\Embedded-System-Project-DAT096\Board_1\Board_1\Board_2.srcs\sources_1\new\bit to dac converter.vhd:]
WARNING: [filemgmt 56-199] Attempt to get parsing info during refresh. "On-the-fly" syntax checking information may be incorrect. [C:\Users\qianzha\Desktop\Embedded-System-Project-DAT096\Board_1\Board_1\Board_2.srcs\sources_1\new\delay_measure.vhd:]
WARNING: [filemgmt 56-199] Attempt to get parsing info during refresh. "On-the-fly" syntax checking information may be incorrect. [C:\Users\qianzha\Desktop\Embedded-System-Project-DAT096\Board_1\Board_1\Board_2.srcs\sources_1\new\adc_bit_decoder.vhd:]
WARNING: [filemgmt 56-199] Attempt to get parsing info during refresh. "On-the-fly" syntax checking information may be incorrect. [C:\Users\qianzha\Desktop\Embedded-System-Project-DAT096\Board_1\Board_1\Board_2.srcs\sources_1\new\adc_bit_decoder.vhd:]
launch_runs synth_1 -jobs 28
INFO: [BD 41-1662] The design 'design_2.bd' is already validated. Therefore parameter propagation will not be re-run.
VHDL Output written to : c:/Users/qianzha/Desktop/Embedded-System-Project-DAT096/Board_1/Board_1/Board_2.gen/sources_1/bd/design_2/synth/design_2.vhd
VHDL Output written to : c:/Users/qianzha/Desktop/Embedded-System-Project-DAT096/Board_1/Board_1/Board_2.gen/sources_1/bd/design_2/sim/design_2.vhd
VHDL Output written to : c:/Users/qianzha/Desktop/Embedded-System-Project-DAT096/Board_1/Board_1/Board_2.gen/sources_1/bd/design_2/hdl/design_2_wrapper.vhd
ERROR: [Common 17-180] Spawn failed: No error
Exporting to file c:/Users/qianzha/Desktop/Embedded-System-Project-DAT096/Board_1/Board_1/Board_2.gen/sources_1/bd/design_2/hw_handoff/design_2.hwh
Generated Hardware Definition File c:/Users/qianzha/Desktop/Embedded-System-Project-DAT096/Board_1/Board_1/Board_2.gen/sources_1/bd/design_2/synth/design_2.hwdef
ERROR: [Vivado 12-4756] Launch of runs aborted due to earlier errors while preparing sub-designs for run execution.
WARNING: [filemgmt 56-199] Attempt to get parsing info during refresh. "On-the-fly" syntax checking information may be incorrect. [C:\Users\qianzha\Desktop\Embedded-System-Project-DAT096\Board_1\Board_1\Board_2.srcs\sources_1\new\adc_bit_decoder.vhd:]
WARNING: [filemgmt 56-199] Attempt to get parsing info during refresh. "On-the-fly" syntax checking information may be incorrect. [C:\Users\qianzha\Desktop\Embedded-System-Project-DAT096\Board_1\Board_1\Board_2.srcs\sources_1\new\pulse_gen.vhd:]
WARNING: [filemgmt 56-199] Attempt to get parsing info during refresh. "On-the-fly" syntax checking information may be incorrect. [C:\Users\qianzha\Desktop\Embedded-System-Project-DAT096\Board_1\Board_1\Board_2.srcs\sources_1\new\bit to dac converter.vhd:]
WARNING: [filemgmt 56-199] Attempt to get parsing info during refresh. "On-the-fly" syntax checking information may be incorrect. [C:\Users\qianzha\Desktop\Embedded-System-Project-DAT096\Board_1\Board_1\Board_2.srcs\sources_1\new\delay_measure.vhd:]
WARNING: [filemgmt 56-199] Attempt to get parsing info during refresh. "On-the-fly" syntax checking information may be incorrect. [C:\Users\qianzha\Desktop\Embedded-System-Project-DAT096\Board_1\Board_1\Board_2.srcs\sources_1\new\pulse_gen.vhd:]
WARNING: [filemgmt 56-199] Attempt to get parsing info during refresh. "On-the-fly" syntax checking information may be incorrect. [C:\Users\qianzha\Desktop\Embedded-System-Project-DAT096\Board_1\Board_1\Board_2.srcs\sources_1\new\pulse_gen.vhd:]
WARNING: [filemgmt 56-199] Attempt to get parsing info during refresh. "On-the-fly" syntax checking information may be incorrect. [C:\Users\qianzha\Desktop\Embedded-System-Project-DAT096\Board_1\Board_1\Board_2.srcs\sources_1\new\adc_bit_decoder.vhd:]
WARNING: [filemgmt 56-199] Attempt to get parsing info during refresh. "On-the-fly" syntax checking information may be incorrect. [C:\Users\qianzha\Desktop\Embedded-System-Project-DAT096\Board_1\Board_1\Board_2.srcs\sources_1\new\pulse_gen.vhd:]
WARNING: [filemgmt 56-199] Attempt to get parsing info during refresh. "On-the-fly" syntax checking information may be incorrect. [C:\Users\qianzha\Desktop\Embedded-System-Project-DAT096\Board_1\Board_1\Board_2.srcs\sources_1\new\bit to dac converter.vhd:]
WARNING: [filemgmt 56-199] Attempt to get parsing info during refresh. "On-the-fly" syntax checking information may be incorrect. [C:\Users\qianzha\Desktop\Embedded-System-Project-DAT096\Board_1\Board_1\Board_2.srcs\sources_1\new\delay_measure.vhd:]
WARNING: [filemgmt 56-199] Attempt to get parsing info during refresh. "On-the-fly" syntax checking information may be incorrect. [C:\Users\qianzha\Desktop\Embedded-System-Project-DAT096\Board_1\Board_1\Board_2.srcs\sources_1\new\adc_bit_decoder.vhd:]
WARNING: [filemgmt 56-199] Attempt to get parsing info during refresh. "On-the-fly" syntax checking information may be incorrect. [C:\Users\qianzha\Desktop\Embedded-System-Project-DAT096\Board_1\Board_1\Board_2.srcs\sources_1\new\adc_bit_decoder.vhd:]
ERROR: [Common 17-180] Spawn failed: No error
WARNING: [filemgmt 56-199] Attempt to get parsing info during refresh. "On-the-fly" syntax checking information may be incorrect. [C:\Users\qianzha\Desktop\Embedded-System-Project-DAT096\Board_1\Board_1\Board_2.srcs\sources_1\new\adc_bit_decoder.vhd:]
WARNING: [filemgmt 56-199] Attempt to get parsing info during refresh. "On-the-fly" syntax checking information may be incorrect. [C:\Users\qianzha\Desktop\Embedded-System-Project-DAT096\Board_1\Board_1\Board_2.srcs\sources_1\new\pulse_gen.vhd:]
WARNING: [filemgmt 56-199] Attempt to get parsing info during refresh. "On-the-fly" syntax checking information may be incorrect. [C:\Users\qianzha\Desktop\Embedded-System-Project-DAT096\Board_1\Board_1\Board_2.srcs\sources_1\new\bit to dac converter.vhd:]
ERROR: [Common 17-180] Spawn failed: No error
WARNING: [filemgmt 56-199] Attempt to get parsing info during refresh. "On-the-fly" syntax checking information may be incorrect. [C:\Users\qianzha\Desktop\Embedded-System-Project-DAT096\Board_1\Board_1\Board_2.srcs\sources_1\new\delay_measure.vhd:]
WARNING: [filemgmt 56-199] Attempt to get parsing info during refresh. "On-the-fly" syntax checking information may be incorrect. [C:\Users\qianzha\Desktop\Embedded-System-Project-DAT096\Board_1\Board_1\Board_2.srcs\sources_1\new\bit to dac converter.vhd:]
WARNING: [filemgmt 56-199] Attempt to get parsing info during refresh. "On-the-fly" syntax checking information may be incorrect. [C:\Users\qianzha\Desktop\Embedded-System-Project-DAT096\Board_1\Board_1\Board_2.srcs\sources_1\new\bit to dac converter.vhd:]
launch_runs synth_1 -jobs 28
[Tue May  5 12:59:14 2026] Launched synth_1...
Run output will be captured here: C:/Users/qianzha/Desktop/Embedded-System-Project-DAT096/Board_1/Board_1/Board_2.runs/synth_1/runme.log
launch_runs impl_1 -jobs 28
[Tue May  5 12:59:59 2026] Launched impl_1...
Run output will be captured here: C:/Users/qianzha/Desktop/Embedded-System-Project-DAT096/Board_1/Board_1/Board_2.runs/impl_1/runme.log
launch_runs impl_1 -to_step write_bitstream -jobs 28
[Tue May  5 13:06:00 2026] Launched impl_1...
Run output will be captured here: C:/Users/qianzha/Desktop/Embedded-System-Project-DAT096/Board_1/Board_1/Board_2.runs/impl_1/runme.log
set_property PROBES.FILE {C:/Users/qianzha/Desktop/Embedded-System-Project-DAT096/Board_1/Board_1/Board_2.runs/impl_1/design_2_wrapper.ltx} [get_hw_devices xc7z020_1]
set_property FULL_PROBES.FILE {C:/Users/qianzha/Desktop/Embedded-System-Project-DAT096/Board_1/Board_1/Board_2.runs/impl_1/design_2_wrapper.ltx} [get_hw_devices xc7z020_1]
set_property PROGRAM.FILE {C:/Users/qianzha/Desktop/Embedded-System-Project-DAT096/Board_1/Board_1/Board_2.runs/impl_1/design_2_wrapper.bit} [get_hw_devices xc7z020_1]
program_hw_devices [get_hw_devices xc7z020_1]
INFO: [Labtools 27-3164] End of startup status: HIGH
refresh_hw_device [lindex [get_hw_devices xc7z020_1] 0]
INFO: [Labtools 27-2302] Device xc7z020 (JTAG device index = 1) is programmed with a design that has 1 ILA core(s).
add_wave -into {hw_ila_data_1.wcfg} -radix hex { {design_2_i/delay_measure_0_delay_cycles} }
run_hw_ila [get_hw_ilas -of_objects [get_hw_devices xc7z020_1] -filter {CELL_NAME=~"design_2_i/ila_0"}]
INFO: [Labtools 27-1964] The ILA core 'hw_ila_1' trigger was armed at 2026-May-05 13:08:19
wait_on_hw_ila [get_hw_ilas -of_objects [get_hw_devices xc7z020_1] -filter {CELL_NAME=~"design_2_i/ila_0"}]
display_hw_ila_data [upload_hw_ila_data [get_hw_ilas -of_objects [get_hw_devices xc7z020_1] -filter {CELL_NAME=~"design_2_i/ila_0"}]]
INFO: [Labtools 27-1966] The ILA core 'hw_ila_1' triggered at 2026-May-05 13:08:19
INFO: [Labtools 27-3304] ILA Waveform data saved to file C:/Users/qianzha/Desktop/Embedded-System-Project-DAT096/Board_1/Board_1/Board_2.hw/backup/hw_ila_data_1.ila. Use Tcl command 'read_hw_ila_data' or Vivado File->Import->Import ILA Data menu item to import the previously saved data.
save_wave_config {C:/Users/qianzha/Desktop/Embedded-System-Project-DAT096/Board_1/Board_1/Board_2.hw/hw_1/wave/hw_ila_data_1/hw_ila_data_1.wcfg}
exit
INFO: [Common 17-206] Exiting Vivado at Tue May  5 13:11:44 2026...
