#-----------------------------------------------------------
# Vivado v2024.2 (64-bit)
# SW Build 5239630 on Fri Nov 08 22:35:27 MST 2024
# IP Build 5239520 on Sun Nov 10 16:12:51 MST 2024
# SharedData Build 5239561 on Fri Nov 08 14:39:27 MST 2024
# Start of session at: Wed Apr 22 14:02:27 2026
# Process ID         : 20064
# Current directory  : C:/Users/devandla/Desktop/Embedded-System-Project-DAT096/Board_2/Board_2
# Command line       : vivado.exe -gui_launcher_event rodinguilauncherevent19864 C:\Users\devandla\Desktop\Embedded-System-Project-DAT096\Board_2\Board_2\Board_2.xpr
# Log file           : C:/Users/devandla/Desktop/Embedded-System-Project-DAT096/Board_2/Board_2/vivado.log
# Journal file       : C:/Users/devandla/Desktop/Embedded-System-Project-DAT096/Board_2/Board_2\vivado.jou
# Running On         : FY-6302-12
# Platform           : Windows Server 2016 or Windows 10
# Operating System   : 26200
# Processor Detail   : Intel(R) Core(TM) i7-14700
# CPU Frequency      : 2112 MHz
# CPU Physical cores : 20
# CPU Logical cores  : 28
# Host memory        : 34031 MB
# Swap memory        : 5100 MB
# Total Virtual      : 39131 MB
# Available Virtual  : 31263 MB
#-----------------------------------------------------------
start_gui
open_project C:/Users/devandla/Desktop/Embedded-System-Project-DAT096/Board_2/Board_2/Board_2.xpr
WARNING: [filemgmt 56-3] IP Repository Path: Could not find the directory 'z:/DAT096/vivado-library-zmod-v2-2019.1-2/vivado-library-zmod-v2-2019.1-2'.
Scanning sources...
Finished scanning sources
INFO: [IP_Flow 19-234] Refreshing IP repositories
WARNING: [IP_Flow 19-2248] Failed to load user IP repository 'z:/DAT096/vivado-library-zmod-v2-2019.1-2/vivado-library-zmod-v2-2019.1-2'; Can't find the specified path.
If this directory should no longer be in your list of user repositories, go to the IP Settings dialog and remove it.
INFO: [IP_Flow 19-1700] Loaded user IP repository 'z:/embedded project/Eclypse-Z7-HW/Eclypse-Z7-HW.ipdefs/repo'.
INFO: [IP_Flow 19-1700] Loaded user IP repository 'z:/eda234/vivado-library-master'.
WARNING: [IP_Flow 19-3685] Ignored loading user repository 'z:/eda234/vivado-library-master/ip'. The path is contained within another repository.
INFO: [IP_Flow 19-2313] Loaded Vivado IP repository 'C:/Progs/Xilinx/Vivado/2024.2/data/ip'.
WARNING: [IP_Flow 19-1663] Duplicate IP found for 'digilent.com:user:ZmodAWGController:1.1'. The one found in IP location 'z:/embedded project/Eclypse-Z7-HW/Eclypse-Z7-HW.ipdefs/repo/vivado-library/ip/Zmods/ZmodAWGController' will take precedence over the same IP in location z:/eda234/vivado-library-master/ip/Zmods/ZmodAWGController
WARNING: [IP_Flow 19-1663] Duplicate IP found for 'digilent.com:user:ZmodScopeController:1.2'. The one found in IP location 'z:/embedded project/Eclypse-Z7-HW/Eclypse-Z7-HW.ipdefs/repo/vivado-library/ip/Zmods/ZmodScopeController' will take precedence over the same IP in location z:/eda234/vivado-library-master/ip/Zmods/ZmodScopeController
WARNING: [IP_Flow 19-4830] Duplicate Interface found for 'digilent.com:user:ZmodAWG_Calibration:1.0'. The one found in location 'z:/embedded project/Eclypse-Z7-HW/Eclypse-Z7-HW.ipdefs/repo/vivado-library/if/ZmodAWG_Calibration_v1_0/ZmodAWG_Calibration.xml' will take precedence over the same Interface in location 'z:/eda234/vivado-library-master/if/ZmodAWG_Calibration_v1_0/ZmodAWG_Calibration.xml'
WARNING: [IP_Flow 19-4830] Duplicate Interface found for 'natinst.com:user:ZmodScope_Calibration:1.0'. The one found in location 'z:/embedded project/Eclypse-Z7-HW/Eclypse-Z7-HW.ipdefs/repo/vivado-library/if/ZmodScope_Calibration_v1_0/ZmodScope_Calibration.xml' will take precedence over the same Interface in location 'z:/eda234/vivado-library-master/if/ZmodScope_Calibration_v1_0/ZmodScope_Calibration.xml'
INFO: [Project 1-5579] Found utility IPs instantiated in one or more block designs which have equivalent inline hdl with improved performance and reduced diskspace. It is recommended to migrate these utility IPs to inline hdl using the command upgrade_project -migrate_to_inline_hdl. The utility IPs may be deprecated in future releases. More information on inline hdl is available in UG994.
open_project: Time (s): cpu = 00:00:10 ; elapsed = 00:00:21 . Memory (MB): peak = 1312.176 ; gain = 208.562
update_compile_order -fileset sources_1
open_project C:/Users/devandla/Desktop/Embedded-System-Project-DAT096/Board_1/project_2/project_2.xpr
WARNING: [filemgmt 56-3] IP Repository Path: Could not find the directory 'z:/DAT096/vivado-library-zmod-v2-2019.1-2/vivado-library-zmod-v2-2019.1-2'.
Scanning sources...
Finished scanning sources
INFO: [IP_Flow 19-234] Refreshing IP repositories
WARNING: [IP_Flow 19-2248] Failed to load user IP repository 'z:/DAT096/vivado-library-zmod-v2-2019.1-2/vivado-library-zmod-v2-2019.1-2'; Can't find the specified path.
If this directory should no longer be in your list of user repositories, go to the IP Settings dialog and remove it.
INFO: [IP_Flow 19-1700] Loaded user IP repository 'z:/eda234/vivado-library-master'.
INFO: [IP_Flow 19-2313] Loaded Vivado IP repository 'C:/Progs/Xilinx/Vivado/2024.2/data/ip'.
INFO: [Project 1-5579] Found utility IPs instantiated in one or more block designs which have equivalent inline hdl with improved performance and reduced diskspace. It is recommended to migrate these utility IPs to inline hdl using the command upgrade_project -migrate_to_inline_hdl. The utility IPs may be deprecated in future releases. More information on inline hdl is available in UG994.
open_project: Time (s): cpu = 00:00:05 ; elapsed = 00:00:11 . Memory (MB): peak = 1374.781 ; gain = 37.332
open_bd_design {C:/Users/devandla/Desktop/Embedded-System-Project-DAT096/Board_1/project_2/project_2.srcs/sources_1/bd/design_1/design_1.bd}
Reading block design file <C:/Users/devandla/Desktop/Embedded-System-Project-DAT096/Board_1/project_2/project_2.srcs/sources_1/bd/design_1/design_1.bd>...
Adding component instance block -- xilinx.com:ip:xlconstant:1.1 - xlconstant_0
Adding component instance block -- xilinx.com:ip:clk_wiz:6.0 - clk_wiz_0
Adding component instance block -- xilinx.com:module_ref:prbs_axis_master_32:1.0 - prbs_axis_master_32_0
Adding component instance block -- digilent.com:user:ZmodScopeController:1.2 - ZmodScopeController_0
Adding component instance block -- xilinx.com:ip:xlconstant:1.1 - xlconstant_1
Adding component instance block -- xilinx.com:module_ref:adc_bit_decoder:1.0 - adc_bit_decoder_0
Adding component instance block -- xilinx.com:ip:xlslice:1.0 - xlslice_0
Adding component instance block -- xilinx.com:ip:ila:6.2 - ila_0
INFO: [xilinx.com:ip:ila:6.2-6] /ila_0: AMD recommends using the System ILA IP in IP Integrator. The System ILA IP is functionally equivalent to an ILA and offers additional benefits in debugging interfaces both within IP Integrator and the Hardware Manager. Consult the Programming and Debug User Guide UG908 for further details.
Adding component instance block -- digilent.com:user:ZmodAWGController:1.1 - ZmodAWGController_0
Successfully read diagram <design_1> from block design file <C:/Users/devandla/Desktop/Embedded-System-Project-DAT096/Board_1/project_2/project_2.srcs/sources_1/bd/design_1/design_1.bd>
update_compile_order -fileset sources_1
current_project Board_2
close [ open C:/Users/devandla/Desktop/Embedded-System-Project-DAT096/Board_2/Board_2/Board_2.srcs/sources_1/new/ADC_decoder.vhd w ]
add_files C:/Users/devandla/Desktop/Embedded-System-Project-DAT096/Board_2/Board_2/Board_2.srcs/sources_1/new/ADC_decoder.vhd
update_compile_order -fileset sources_1
export_ip_user_files -of_objects  [get_files C:/Users/devandla/Desktop/Embedded-System-Project-DAT096/Board_2/Board_2/Board_2.srcs/sources_1/new/ADC_decoder.vhd] -no_script -reset -force -quiet
remove_files  C:/Users/devandla/Desktop/Embedded-System-Project-DAT096/Board_2/Board_2/Board_2.srcs/sources_1/new/ADC_decoder.vhd
current_project project_2
open_bd_design {C:/Users/devandla/Desktop/Embedded-System-Project-DAT096/Board_1/project_2/project_2.srcs/sources_1/bd/design_1/design_1.bd}
current_project Board_2
open_bd_design {C:/Users/devandla/Desktop/Embedded-System-Project-DAT096/Board_2/Board_2/Board_2.srcs/sources_1/bd/design_2/design_2.bd}
Reading block design file <C:/Users/devandla/Desktop/Embedded-System-Project-DAT096/Board_2/Board_2/Board_2.srcs/sources_1/bd/design_2/design_2.bd>...
Adding component instance block -- xilinx.com:ip:ila:6.2 - ila_0
INFO: [xilinx.com:ip:ila:6.2-6] /ila_0: AMD recommends using the System ILA IP in IP Integrator. The System ILA IP is functionally equivalent to an ILA and offers additional benefits in debugging interfaces both within IP Integrator and the Hardware Manager. Consult the Programming and Debug User Guide UG908 for further details.
Adding component instance block -- xilinx.com:module_ref:adc_bit_decoder:1.0 - adc_bit_decoder_0
Adding component instance block -- xilinx.com:ip:xlconstant:1.1 - xlconstant_1
Adding component instance block -- xilinx.com:ip:xlslice:1.0 - xlslice_0
Adding component instance block -- xilinx.com:ip:xlconstant:1.1 - xlconstant_3
Adding component instance block -- xilinx.com:ip:processing_system7:5.5 - processing_system7_0
Adding component instance block -- digilent.com:user:ZmodScopeController:1.2 - ZmodScopeController_0
Adding component instance block -- digilent.com:user:ZmodAWGController:1.1 - ZmodAWGController_0
Adding component instance block -- xilinx.com:ip:clk_wiz:6.0 - clk_wiz_0
Successfully read diagram <design_2> from block design file <C:/Users/devandla/Desktop/Embedded-System-Project-DAT096/Board_2/Board_2/Board_2.srcs/sources_1/bd/design_2/design_2.bd>
current_project project_2
current_project Board_2
current_project project_2
delete_bd_objs [get_bd_intf_nets prbs_axis_master_32_0_m_axis] [get_bd_cells prbs_axis_master_32_0]
update_compile_order -fileset sources_1
WARNING: [filemgmt 56-199] Attempt to get parsing info during refresh. "On-the-fly" syntax checking information may be incorrect. [C:\Users\devandla\Desktop\Embedded-System-Project-DAT096\Board_1\project_2\project_2.srcs\sources_1\new\ADC_converter.vhd:]
WARNING: [filemgmt 56-199] Attempt to get parsing info during refresh. "On-the-fly" syntax checking information may be incorrect. [C:\Users\devandla\Desktop\Embedded-System-Project-DAT096\Board_1\project_2\project_2.srcs\sources_1\new\prbs_axis_master_32.vhd:]
WARNING: [filemgmt 56-199] Attempt to get parsing info during refresh. "On-the-fly" syntax checking information may be incorrect. [C:\Users\devandla\Desktop\Embedded-System-Project-DAT096\Board_1\project_2\project_2.srcs\sources_1\new\prbs_axis_master_32.vhd:]
WARNING: [filemgmt 56-199] Attempt to get parsing info during refresh. "On-the-fly" syntax checking information may be incorrect. [C:\Users\devandla\Desktop\Embedded-System-Project-DAT096\Board_1\project_2\project_2.srcs\sources_1\new\prbs_axis_master_32.vhd:]
ERROR: [Common 17-180] Spawn failed: No error
WARNING: [filemgmt 56-199] Attempt to get parsing info during refresh. "On-the-fly" syntax checking information may be incorrect. [C:\Users\devandla\Desktop\Embedded-System-Project-DAT096\Board_1\project_2\project_2.srcs\sources_1\new\signal_generator.vhd:]
WARNING: [filemgmt 56-199] Attempt to get parsing info during refresh. "On-the-fly" syntax checking information may be incorrect. [C:\Users\devandla\Desktop\Embedded-System-Project-DAT096\Board_1\project_2\project_2.srcs\sources_1\new\ADC_converter.vhd:]
WARNING: [filemgmt 56-199] Attempt to get parsing info during refresh. "On-the-fly" syntax checking information may be incorrect. [C:\Users\devandla\Desktop\Embedded-System-Project-DAT096\Board_1\project_2\project_2.srcs\sources_1\new\prbs_axis_master_32.vhd:]
WARNING: [filemgmt 56-199] Attempt to get parsing info during refresh. "On-the-fly" syntax checking information may be incorrect. [C:\Users\devandla\Desktop\Embedded-System-Project-DAT096\Board_1\project_2\project_2.srcs\sources_1\new\ADC_converter.vhd:]
WARNING: [filemgmt 56-199] Attempt to get parsing info during refresh. "On-the-fly" syntax checking information may be incorrect. [C:\Users\devandla\Desktop\Embedded-System-Project-DAT096\Board_1\project_2\project_2.srcs\sources_1\new\ADC_converter.vhd:]
WARNING: [filemgmt 56-199] Attempt to get parsing info during refresh. "On-the-fly" syntax checking information may be incorrect. [C:\Users\devandla\Desktop\Embedded-System-Project-DAT096\Board_1\project_2\project_2.srcs\sources_1\new\signal_generator.vhd:]
WARNING: [filemgmt 56-199] Attempt to get parsing info during refresh. "On-the-fly" syntax checking information may be incorrect. [C:\Users\devandla\Desktop\Embedded-System-Project-DAT096\Board_1\project_2\project_2.srcs\sources_1\new\ADC_converter.vhd:]
WARNING: [filemgmt 56-199] Attempt to get parsing info during refresh. "On-the-fly" syntax checking information may be incorrect. [C:\Users\devandla\Desktop\Embedded-System-Project-DAT096\Board_1\project_2\project_2.srcs\sources_1\new\prbs_axis_master_32.vhd:]
WARNING: [filemgmt 56-199] Attempt to get parsing info during refresh. "On-the-fly" syntax checking information may be incorrect. [C:\Users\devandla\Desktop\Embedded-System-Project-DAT096\Board_1\project_2\project_2.srcs\sources_1\new\signal_generator.vhd:]
WARNING: [filemgmt 56-199] Attempt to get parsing info during refresh. "On-the-fly" syntax checking information may be incorrect. [C:\Users\devandla\Desktop\Embedded-System-Project-DAT096\Board_1\project_2\project_2.srcs\sources_1\new\ADC_converter.vhd:]
WARNING: [filemgmt 56-199] Attempt to get parsing info during refresh. "On-the-fly" syntax checking information may be incorrect. [C:\Users\devandla\Desktop\Embedded-System-Project-DAT096\Board_1\project_2\project_2.srcs\sources_1\new\prbs_axis_master_32.vhd:]
WARNING: [filemgmt 56-199] Attempt to get parsing info during refresh. "On-the-fly" syntax checking information may be incorrect. [C:\Users\devandla\Desktop\Embedded-System-Project-DAT096\Board_1\project_2\project_2.srcs\sources_1\new\prbs_axis_master_32.vhd:]
WARNING: [filemgmt 56-199] Attempt to get parsing info during refresh. "On-the-fly" syntax checking information may be incorrect. [C:\Users\devandla\Desktop\Embedded-System-Project-DAT096\Board_1\project_2\project_2.srcs\sources_1\new\prbs_axis_master_32.vhd:]
WARNING: [filemgmt 56-199] Attempt to get parsing info during refresh. "On-the-fly" syntax checking information may be incorrect. [C:\Users\devandla\Desktop\Embedded-System-Project-DAT096\Board_1\project_2\project_2.srcs\sources_1\new\signal_generator.vhd:]
WARNING: [filemgmt 56-199] Attempt to get parsing info during refresh. "On-the-fly" syntax checking information may be incorrect. [C:\Users\devandla\Desktop\Embedded-System-Project-DAT096\Board_1\project_2\project_2.srcs\sources_1\new\ADC_converter.vhd:]
WARNING: [filemgmt 56-199] Attempt to get parsing info during refresh. "On-the-fly" syntax checking information may be incorrect. [C:\Users\devandla\Desktop\Embedded-System-Project-DAT096\Board_1\project_2\project_2.srcs\sources_1\new\prbs_axis_master_32.vhd:]
WARNING: [filemgmt 56-199] Attempt to get parsing info during refresh. "On-the-fly" syntax checking information may be incorrect. [C:\Users\devandla\Desktop\Embedded-System-Project-DAT096\Board_1\project_2\project_2.srcs\sources_1\new\ADC_converter.vhd:]
WARNING: [filemgmt 56-199] Attempt to get parsing info during refresh. "On-the-fly" syntax checking information may be incorrect. [C:\Users\devandla\Desktop\Embedded-System-Project-DAT096\Board_1\project_2\project_2.srcs\sources_1\new\ADC_converter.vhd:]
set_property synth_checkpoint_mode Hierarchical [get_files  C:/Users/devandla/Desktop/Embedded-System-Project-DAT096/Board_1/project_2/project_2.srcs/sources_1/bd/design_1/design_1.bd]
generate_target all [get_files  C:/Users/devandla/Desktop/Embedded-System-Project-DAT096/Board_1/project_2/project_2.srcs/sources_1/bd/design_1/design_1.bd]
INFO: [xilinx.com:ip:clk_wiz:6.0-1] /clk_wiz_0 clk_wiz propagate
CRITICAL WARNING: [BD 41-759] The input pins (listed below) are either not connected or do not have a source port, and they don't have a tie-off specified. These pins are tied-off to all 0's to avoid error in Implementation flow.
Please check your design and connect them as needed: 
/ZmodAWGController_0/cDataAxisTvalid

WARNING: [filemgmt 56-199] Attempt to get parsing info during refresh. "On-the-fly" syntax checking information may be incorrect. [C:\Users\devandla\Desktop\Embedded-System-Project-DAT096\Board_1\project_2\project_2.srcs\sources_1\new\signal_generator.vhd:]
WARNING: [filemgmt 56-199] Attempt to get parsing info during refresh. "On-the-fly" syntax checking information may be incorrect. [C:\Users\devandla\Desktop\Embedded-System-Project-DAT096\Board_1\project_2\project_2.srcs\sources_1\new\ADC_converter.vhd:]
WARNING: [filemgmt 56-199] Attempt to get parsing info during refresh. "On-the-fly" syntax checking information may be incorrect. [C:\Users\devandla\Desktop\Embedded-System-Project-DAT096\Board_1\project_2\project_2.srcs\sources_1\new\prbs_axis_master_32.vhd:]
WARNING: [filemgmt 56-199] Attempt to get parsing info during refresh. "On-the-fly" syntax checking information may be incorrect. [C:\Users\devandla\Desktop\Embedded-System-Project-DAT096\Board_1\project_2\project_2.srcs\sources_1\new\prbs_axis_master_32.vhd:]
WARNING: [filemgmt 56-199] Attempt to get parsing info during refresh. "On-the-fly" syntax checking information may be incorrect. [C:\Users\devandla\Desktop\Embedded-System-Project-DAT096\Board_1\project_2\project_2.srcs\sources_1\new\prbs_axis_master_32.vhd:]
Wrote  : <C:\Users\devandla\Desktop\Embedded-System-Project-DAT096\Board_1\project_2\project_2.srcs\sources_1\bd\design_1\design_1.bd> 
Wrote  : <C:/Users/devandla/Desktop/Embedded-System-Project-DAT096/Board_1/project_2/project_2.srcs/sources_1/bd/design_1/ui/bd_1f5defd0.ui> 
VHDL Output written to : c:/Users/devandla/Desktop/Embedded-System-Project-DAT096/Board_1/project_2/project_2.gen/sources_1/bd/design_1/synth/design_1.vhd
VHDL Output written to : c:/Users/devandla/Desktop/Embedded-System-Project-DAT096/Board_1/project_2/project_2.gen/sources_1/bd/design_1/sim/design_1.vhd
VHDL Output written to : c:/Users/devandla/Desktop/Embedded-System-Project-DAT096/Board_1/project_2/project_2.gen/sources_1/bd/design_1/hdl/design_1_wrapper.vhd
INFO: [IP_Flow 19-234] Refreshing IP repositories
WARNING: [IP_Flow 19-2248] Failed to load user IP repository 'z:/DAT096/vivado-library-zmod-v2-2019.1-2/vivado-library-zmod-v2-2019.1-2'; Can't find the specified path.
If this directory should no longer be in your list of user repositories, go to the IP Settings dialog and remove it.
INFO: [IP_Flow 19-1700] Loaded user IP repository 'z:/eda234/vivado-library-master'.
WARNING: [filemgmt 56-199] Attempt to get parsing info during refresh. "On-the-fly" syntax checking information may be incorrect. [C:\Users\devandla\Desktop\Embedded-System-Project-DAT096\Board_1\project_2\project_2.srcs\sources_1\new\signal_generator.vhd:]
WARNING: [filemgmt 56-199] Attempt to get parsing info during refresh. "On-the-fly" syntax checking information may be incorrect. [C:\Users\devandla\Desktop\Embedded-System-Project-DAT096\Board_1\project_2\project_2.srcs\sources_1\new\ADC_converter.vhd:]
WARNING: [filemgmt 56-199] Attempt to get parsing info during refresh. "On-the-fly" syntax checking information may be incorrect. [C:\Users\devandla\Desktop\Embedded-System-Project-DAT096\Board_1\project_2\project_2.srcs\sources_1\new\prbs_axis_master_32.vhd:]
WARNING: [filemgmt 56-199] Attempt to get parsing info during refresh. "On-the-fly" syntax checking information may be incorrect. [C:\Users\devandla\Desktop\Embedded-System-Project-DAT096\Board_1\project_2\project_2.srcs\sources_1\new\ADC_converter.vhd:]
WARNING: [filemgmt 56-199] Attempt to get parsing info during refresh. "On-the-fly" syntax checking information may be incorrect. [C:\Users\devandla\Desktop\Embedded-System-Project-DAT096\Board_1\project_2\project_2.srcs\sources_1\new\ADC_converter.vhd:]
ERROR: [Common 17-180] Spawn failed: No error
INFO: [BD 41-1029] Generation completed for the IP Integrator block clk_wiz_0 .
INFO: [BD 41-1029] Generation completed for the IP Integrator block ZmodScopeController_0 .
INFO: [BD 41-1029] Generation completed for the IP Integrator block adc_bit_decoder_0 .
WARNING: [IP_Flow 19-4994] Overwriting existing constraint file 'c:/Users/devandla/Desktop/Embedded-System-Project-DAT096/Board_1/project_2/project_2.gen/sources_1/bd/design_1/ip/design_1_ila_0_0/design_1_ila_0_0_ooc.xdc'
INFO: [BD 41-1029] Generation completed for the IP Integrator block ila_0 .
Generating c:/Users/devandla/Desktop/Embedded-System-Project-DAT096/Board_1/project_2/project_2.gen/sources_1/bd/design_1/ip/design_1_ZmodAWGController_0_1/ConstrsZmodDAC.xdc for design_1_ZmodAWGController_0_1....
  kExtScaleConfigEn: false
INFO: [BD 41-1029] Generation completed for the IP Integrator block ZmodAWGController_0 .
Exporting to file c:/Users/devandla/Desktop/Embedded-System-Project-DAT096/Board_1/project_2/project_2.gen/sources_1/bd/design_1/hw_handoff/design_1.hwh
Generated Hardware Definition File c:/Users/devandla/Desktop/Embedded-System-Project-DAT096/Board_1/project_2/project_2.gen/sources_1/bd/design_1/synth/design_1.hwdef
ERROR: [Common 17-39] 'generate_target' failed due to earlier errors.
WARNING: [filemgmt 56-199] Attempt to get parsing info during refresh. "On-the-fly" syntax checking information may be incorrect. [C:\Users\devandla\Desktop\Embedded-System-Project-DAT096\Board_1\project_2\project_2.srcs\sources_1\new\signal_generator.vhd:]
WARNING: [filemgmt 56-199] Attempt to get parsing info during refresh. "On-the-fly" syntax checking information may be incorrect. [C:\Users\devandla\Desktop\Embedded-System-Project-DAT096\Board_1\project_2\project_2.srcs\sources_1\new\ADC_converter.vhd:]
WARNING: [filemgmt 56-199] Attempt to get parsing info during refresh. "On-the-fly" syntax checking information may be incorrect. [C:\Users\devandla\Desktop\Embedded-System-Project-DAT096\Board_1\project_2\project_2.srcs\sources_1\new\prbs_axis_master_32.vhd:]
WARNING: [filemgmt 56-199] Attempt to get parsing info during refresh. "On-the-fly" syntax checking information may be incorrect. [C:\Users\devandla\Desktop\Embedded-System-Project-DAT096\Board_1\project_2\project_2.srcs\sources_1\new\prbs_axis_master_32.vhd:]
WARNING: [filemgmt 56-199] Attempt to get parsing info during refresh. "On-the-fly" syntax checking information may be incorrect. [C:\Users\devandla\Desktop\Embedded-System-Project-DAT096\Board_1\project_2\project_2.srcs\sources_1\new\prbs_axis_master_32.vhd:]
WARNING: [filemgmt 56-199] Attempt to get parsing info during refresh. "On-the-fly" syntax checking information may be incorrect. [C:\Users\devandla\Desktop\Embedded-System-Project-DAT096\Board_1\project_2\project_2.srcs\sources_1\new\signal_generator.vhd:]
WARNING: [filemgmt 56-199] Attempt to get parsing info during refresh. "On-the-fly" syntax checking information may be incorrect. [C:\Users\devandla\Desktop\Embedded-System-Project-DAT096\Board_1\project_2\project_2.srcs\sources_1\new\ADC_converter.vhd:]
WARNING: [filemgmt 56-199] Attempt to get parsing info during refresh. "On-the-fly" syntax checking information may be incorrect. [C:\Users\devandla\Desktop\Embedded-System-Project-DAT096\Board_1\project_2\project_2.srcs\sources_1\new\prbs_axis_master_32.vhd:]
WARNING: [filemgmt 56-199] Attempt to get parsing info during refresh. "On-the-fly" syntax checking information may be incorrect. [C:\Users\devandla\Desktop\Embedded-System-Project-DAT096\Board_1\project_2\project_2.srcs\sources_1\new\ADC_converter.vhd:]
WARNING: [filemgmt 56-199] Attempt to get parsing info during refresh. "On-the-fly" syntax checking information may be incorrect. [C:\Users\devandla\Desktop\Embedded-System-Project-DAT096\Board_1\project_2\project_2.srcs\sources_1\new\ADC_converter.vhd:]
WARNING: [filemgmt 56-199] Attempt to get parsing info during refresh. "On-the-fly" syntax checking information may be incorrect. [C:\Users\devandla\Desktop\Embedded-System-Project-DAT096\Board_1\project_2\project_2.srcs\sources_1\new\signal_generator.vhd:]
WARNING: [filemgmt 56-199] Attempt to get parsing info during refresh. "On-the-fly" syntax checking information may be incorrect. [C:\Users\devandla\Desktop\Embedded-System-Project-DAT096\Board_1\project_2\project_2.srcs\sources_1\new\ADC_converter.vhd:]
WARNING: [filemgmt 56-199] Attempt to get parsing info during refresh. "On-the-fly" syntax checking information may be incorrect. [C:\Users\devandla\Desktop\Embedded-System-Project-DAT096\Board_1\project_2\project_2.srcs\sources_1\new\prbs_axis_master_32.vhd:]
WARNING: [filemgmt 56-199] Attempt to get parsing info during refresh. "On-the-fly" syntax checking information may be incorrect. [C:\Users\devandla\Desktop\Embedded-System-Project-DAT096\Board_1\project_2\project_2.srcs\sources_1\new\prbs_axis_master_32.vhd:]
WARNING: [filemgmt 56-199] Attempt to get parsing info during refresh. "On-the-fly" syntax checking information may be incorrect. [C:\Users\devandla\Desktop\Embedded-System-Project-DAT096\Board_1\project_2\project_2.srcs\sources_1\new\prbs_axis_master_32.vhd:]
open_bd_design {C:/Users/devandla/Desktop/Embedded-System-Project-DAT096/Board_1/project_2/project_2.srcs/sources_1/bd/design_1/design_1.bd}
WARNING: [filemgmt 56-199] Attempt to get parsing info during refresh. "On-the-fly" syntax checking information may be incorrect. [C:\Users\devandla\Desktop\Embedded-System-Project-DAT096\Board_1\project_2\project_2.srcs\sources_1\new\signal_generator.vhd:]
create_bd_cell -type module -reference prbs_axis_master_32 prbs_axis_master_32_0
INFO: [IP_Flow 19-5107] Inferred bus interface 'm_axis' of definition 'xilinx.com:interface:axis:1.0' (from Xilinx Repository).
INFO: [IP_Flow 19-5107] Inferred bus interface 'rst' of definition 'xilinx.com:signal:reset:1.0' (from Xilinx Repository).
INFO: [IP_Flow 19-5107] Inferred bus interface 'clk' of definition 'xilinx.com:signal:clock:1.0' (from Xilinx Repository).
INFO: [IP_Flow 19-4728] Bus Interface 'clk': Added interface parameter 'ASSOCIATED_BUSIF' with value 'm_axis'.
INFO: [IP_Flow 19-4728] Bus Interface 'clk': Added interface parameter 'ASSOCIATED_RESET' with value 'rst'.
WARNING: [IP_Flow 19-11770] Clock interface 'clk' has no FREQ_HZ parameter.
set_property location {3 575 168} [get_bd_cells prbs_axis_master_32_0]
connect_bd_net [get_bd_pins clk_wiz_0/clk_out1] [get_bd_pins prbs_axis_master_32_0/clk]
connect_bd_net [get_bd_pins clk_wiz_0/locked] [get_bd_pins prbs_axis_master_32_0/rst]
connect_bd_intf_net [get_bd_intf_pins prbs_axis_master_32_0/m_axis] [get_bd_intf_pins ZmodAWGController_0/InputDataStream]
validate_bd_design
INFO: [xilinx.com:ip:clk_wiz:6.0-1] /clk_wiz_0 clk_wiz propagate
save_bd_design
Wrote  : <C:\Users\devandla\Desktop\Embedded-System-Project-DAT096\Board_1\project_2\project_2.srcs\sources_1\bd\design_1\design_1.bd> 
Wrote  : <C:/Users/devandla/Desktop/Embedded-System-Project-DAT096/Board_1/project_2/project_2.srcs/sources_1/bd/design_1/ui/bd_1f5defd0.ui> 
reset_run synth_1
INFO: [Project 1-1161] Replacing file C:/Users/devandla/Desktop/Embedded-System-Project-DAT096/Board_1/project_2/project_2.srcs/utils_1/imports/synth_1/prbs_axis_master_32.dcp with file C:/Users/devandla/Desktop/Embedded-System-Project-DAT096/Board_1/project_2/project_2.runs/synth_1/design_1_wrapper.dcp
launch_runs impl_1 -to_step write_bitstream -jobs 28
INFO: [BD 41-1662] The design 'design_1.bd' is already validated. Therefore parameter propagation will not be re-run.
VHDL Output written to : c:/Users/devandla/Desktop/Embedded-System-Project-DAT096/Board_1/project_2/project_2.gen/sources_1/bd/design_1/synth/design_1.vhd
VHDL Output written to : c:/Users/devandla/Desktop/Embedded-System-Project-DAT096/Board_1/project_2/project_2.gen/sources_1/bd/design_1/sim/design_1.vhd
VHDL Output written to : c:/Users/devandla/Desktop/Embedded-System-Project-DAT096/Board_1/project_2/project_2.gen/sources_1/bd/design_1/hdl/design_1_wrapper.vhd
INFO: [BD 41-1029] Generation completed for the IP Integrator block prbs_axis_master_32_0 .
Exporting to file c:/Users/devandla/Desktop/Embedded-System-Project-DAT096/Board_1/project_2/project_2.gen/sources_1/bd/design_1/hw_handoff/design_1.hwh
Generated Hardware Definition File c:/Users/devandla/Desktop/Embedded-System-Project-DAT096/Board_1/project_2/project_2.gen/sources_1/bd/design_1/synth/design_1.hwdef
INFO: [IP_Flow 19-6930] IPCACHE: runCacheChecks() number of threads = 8
INFO: [IP_Flow 19-6921] IPCACHE: Adding cache check func to thread queue for IP design_1_ZmodAWGController_0_1
INFO: [IP_Flow 19-6921] IPCACHE: Adding cache check func to thread queue for IP design_1_ZmodScopeController_0_0
INFO: [IP_Flow 19-6921] IPCACHE: Adding cache check func to thread queue for IP design_1_clk_wiz_0_0
INFO: [IP_Flow 19-6921] IPCACHE: Adding cache check func to thread queue for IP design_1_ila_0_0
INFO: [IP_Flow 19-8020] IPCACHE: runCacheChecks() calling threadPool finishWork()
WARNING: [filemgmt 56-199] Attempt to get parsing info during refresh. "On-the-fly" syntax checking information may be incorrect. [C:\Users\devandla\Desktop\Embedded-System-Project-DAT096\Board_1\project_2\project_2.srcs\sources_1\new\signal_generator.vhd:]
WARNING: [filemgmt 56-199] Attempt to get parsing info during refresh. "On-the-fly" syntax checking information may be incorrect. [C:\Users\devandla\Desktop\Embedded-System-Project-DAT096\Board_1\project_2\project_2.srcs\sources_1\new\ADC_converter.vhd:]
WARNING: [filemgmt 56-199] Attempt to get parsing info during refresh. "On-the-fly" syntax checking information may be incorrect. [C:\Users\devandla\Desktop\Embedded-System-Project-DAT096\Board_1\project_2\project_2.srcs\sources_1\new\prbs_axis_master_32.vhd:]
WARNING: [filemgmt 56-199] Attempt to get parsing info during refresh. "On-the-fly" syntax checking information may be incorrect. [C:\Users\devandla\Desktop\Embedded-System-Project-DAT096\Board_1\project_2\project_2.srcs\sources_1\new\prbs_axis_master_32.vhd:]
WARNING: [filemgmt 56-199] Attempt to get parsing info during refresh. "On-the-fly" syntax checking information may be incorrect. [C:\Users\devandla\Desktop\Embedded-System-Project-DAT096\Board_1\project_2\project_2.srcs\sources_1\new\prbs_axis_master_32.vhd:]
ERROR: [Common 17-180] Spawn failed: No error
INFO: [IP_Flow 19-6924] IPCACHE: Running cache check for IP inst: design_1_ZmodAWGController_0_1
INFO: [IP_Flow 19-6922] IPCACHE: Exporting cached entry 0d8e5bca6f163cd0 to dir: c:/Users/devandla/Desktop/Embedded-System-Project-DAT096/Board_1/project_2/project_2.gen/sources_1/bd/design_1/ip/design_1_ZmodAWGController_0_1
INFO: [IP_Flow 19-6928] IPCACHE: copied cached file c:/Users/devandla/Desktop/Embedded-System-Project-DAT096/Board_1/project_2/project_2.cache/ip/2024.2/0/d/0d8e5bca6f163cd0/design_1_ZmodAWGController_0_1.dcp to c:/Users/devandla/Desktop/Embedded-System-Project-DAT096/Board_1/project_2/project_2.gen/sources_1/bd/design_1/ip/design_1_ZmodAWGController_0_1/design_1_ZmodAWGController_0_1.dcp.
INFO: [IP_Flow 19-6926] IPCACHE: added file to list for BOM: c:/Users/devandla/Desktop/Embedded-System-Project-DAT096/Board_1/project_2/project_2.gen/sources_1/bd/design_1/ip/design_1_ZmodAWGController_0_1/design_1_ZmodAWGController_0_1.dcp
INFO: [IP_Flow 19-6928] IPCACHE: copied cached file c:/Users/devandla/Desktop/Embedded-System-Project-DAT096/Board_1/project_2/project_2.cache/ip/2024.2/0/d/0d8e5bca6f163cd0/design_1_ZmodAWGController_0_1_sim_netlist.v to c:/Users/devandla/Desktop/Embedded-System-Project-DAT096/Board_1/project_2/project_2.gen/sources_1/bd/design_1/ip/design_1_ZmodAWGController_0_1/design_1_ZmodAWGController_0_1_sim_netlist.v.
INFO: [IP_Flow 19-6926] IPCACHE: added file to list for BOM: c:/Users/devandla/Desktop/Embedded-System-Project-DAT096/Board_1/project_2/project_2.gen/sources_1/bd/design_1/ip/design_1_ZmodAWGController_0_1/design_1_ZmodAWGController_0_1_sim_netlist.v
INFO: [IP_Flow 19-6928] IPCACHE: copied cached file c:/Users/devandla/Desktop/Embedded-System-Project-DAT096/Board_1/project_2/project_2.cache/ip/2024.2/0/d/0d8e5bca6f163cd0/design_1_ZmodAWGController_0_1_sim_netlist.vhdl to c:/Users/devandla/Desktop/Embedded-System-Project-DAT096/Board_1/project_2/project_2.gen/sources_1/bd/design_1/ip/design_1_ZmodAWGController_0_1/design_1_ZmodAWGController_0_1_sim_netlist.vhdl.
INFO: [IP_Flow 19-6926] IPCACHE: added file to list for BOM: c:/Users/devandla/Desktop/Embedded-System-Project-DAT096/Board_1/project_2/project_2.gen/sources_1/bd/design_1/ip/design_1_ZmodAWGController_0_1/design_1_ZmodAWGController_0_1_sim_netlist.vhdl
INFO: [IP_Flow 19-6928] IPCACHE: copied cached file c:/Users/devandla/Desktop/Embedded-System-Project-DAT096/Board_1/project_2/project_2.cache/ip/2024.2/0/d/0d8e5bca6f163cd0/design_1_ZmodAWGController_0_1_stub.v to c:/Users/devandla/Desktop/Embedded-System-Project-DAT096/Board_1/project_2/project_2.gen/sources_1/bd/design_1/ip/design_1_ZmodAWGController_0_1/design_1_ZmodAWGController_0_1_stub.v.
INFO: [IP_Flow 19-6926] IPCACHE: added file to list for BOM: c:/Users/devandla/Desktop/Embedded-System-Project-DAT096/Board_1/project_2/project_2.gen/sources_1/bd/design_1/ip/design_1_ZmodAWGController_0_1/design_1_ZmodAWGController_0_1_stub.v
INFO: [IP_Flow 19-6928] IPCACHE: copied cached file c:/Users/devandla/Desktop/Embedded-System-Project-DAT096/Board_1/project_2/project_2.cache/ip/2024.2/0/d/0d8e5bca6f163cd0/design_1_ZmodAWGController_0_1_stub.vhdl to c:/Users/devandla/Desktop/Embedded-System-Project-DAT096/Board_1/project_2/project_2.gen/sources_1/bd/design_1/ip/design_1_ZmodAWGController_0_1/design_1_ZmodAWGController_0_1_stub.vhdl.
INFO: [IP_Flow 19-6926] IPCACHE: added file to list for BOM: c:/Users/devandla/Desktop/Embedded-System-Project-DAT096/Board_1/project_2/project_2.gen/sources_1/bd/design_1/ip/design_1_ZmodAWGController_0_1/design_1_ZmodAWGController_0_1_stub.vhdl
INFO: [IP_Flow 19-4993] Using cached IP synthesis design for IP design_1_ZmodAWGController_0_1, cache-ID = 0d8e5bca6f163cd0; cache size = 11.197 MB.
INFO: [IP_Flow 19-6924] IPCACHE: Running cache check for IP inst: design_1_ZmodScopeController_0_0
INFO: [IP_Flow 19-6922] IPCACHE: Exporting cached entry 992e327fe8e9a1fe to dir: c:/Users/devandla/Desktop/Embedded-System-Project-DAT096/Board_1/project_2/project_2.gen/sources_1/bd/design_1/ip/design_1_ZmodScopeController_0_0
INFO: [IP_Flow 19-6928] IPCACHE: copied cached file c:/Users/devandla/Desktop/Embedded-System-Project-DAT096/Board_1/project_2/project_2.cache/ip/2024.2/9/9/992e327fe8e9a1fe/design_1_ZmodScopeController_0_0.dcp to c:/Users/devandla/Desktop/Embedded-System-Project-DAT096/Board_1/project_2/project_2.gen/sources_1/bd/design_1/ip/design_1_ZmodScopeController_0_0/design_1_ZmodScopeController_0_0.dcp.
INFO: [IP_Flow 19-6926] IPCACHE: added file to list for BOM: c:/Users/devandla/Desktop/Embedded-System-Project-DAT096/Board_1/project_2/project_2.gen/sources_1/bd/design_1/ip/design_1_ZmodScopeController_0_0/design_1_ZmodScopeController_0_0.dcp
INFO: [IP_Flow 19-6928] IPCACHE: copied cached file c:/Users/devandla/Desktop/Embedded-System-Project-DAT096/Board_1/project_2/project_2.cache/ip/2024.2/9/9/992e327fe8e9a1fe/design_1_ZmodScopeController_0_0_sim_netlist.v to c:/Users/devandla/Desktop/Embedded-System-Project-DAT096/Board_1/project_2/project_2.gen/sources_1/bd/design_1/ip/design_1_ZmodScopeController_0_0/design_1_ZmodScopeController_0_0_sim_netlist.v.
INFO: [IP_Flow 19-6926] IPCACHE: added file to list for BOM: c:/Users/devandla/Desktop/Embedded-System-Project-DAT096/Board_1/project_2/project_2.gen/sources_1/bd/design_1/ip/design_1_ZmodScopeController_0_0/design_1_ZmodScopeController_0_0_sim_netlist.v
INFO: [IP_Flow 19-6928] IPCACHE: copied cached file c:/Users/devandla/Desktop/Embedded-System-Project-DAT096/Board_1/project_2/project_2.cache/ip/2024.2/9/9/992e327fe8e9a1fe/design_1_ZmodScopeController_0_0_sim_netlist.vhdl to c:/Users/devandla/Desktop/Embedded-System-Project-DAT096/Board_1/project_2/project_2.gen/sources_1/bd/design_1/ip/design_1_ZmodScopeController_0_0/design_1_ZmodScopeController_0_0_sim_netlist.vhdl.
INFO: [IP_Flow 19-6926] IPCACHE: added file to list for BOM: c:/Users/devandla/Desktop/Embedded-System-Project-DAT096/Board_1/project_2/project_2.gen/sources_1/bd/design_1/ip/design_1_ZmodScopeController_0_0/design_1_ZmodScopeController_0_0_sim_netlist.vhdl
INFO: [IP_Flow 19-6928] IPCACHE: copied cached file c:/Users/devandla/Desktop/Embedded-System-Project-DAT096/Board_1/project_2/project_2.cache/ip/2024.2/9/9/992e327fe8e9a1fe/design_1_ZmodScopeController_0_0_stub.v to c:/Users/devandla/Desktop/Embedded-System-Project-DAT096/Board_1/project_2/project_2.gen/sources_1/bd/design_1/ip/design_1_ZmodScopeController_0_0/design_1_ZmodScopeController_0_0_stub.v.
INFO: [IP_Flow 19-6926] IPCACHE: added file to list for BOM: c:/Users/devandla/Desktop/Embedded-System-Project-DAT096/Board_1/project_2/project_2.gen/sources_1/bd/design_1/ip/design_1_ZmodScopeController_0_0/design_1_ZmodScopeController_0_0_stub.v
INFO: [IP_Flow 19-6928] IPCACHE: copied cached file c:/Users/devandla/Desktop/Embedded-System-Project-DAT096/Board_1/project_2/project_2.cache/ip/2024.2/9/9/992e327fe8e9a1fe/design_1_ZmodScopeController_0_0_stub.vhdl to c:/Users/devandla/Desktop/Embedded-System-Project-DAT096/Board_1/project_2/project_2.gen/sources_1/bd/design_1/ip/design_1_ZmodScopeController_0_0/design_1_ZmodScopeController_0_0_stub.vhdl.
INFO: [IP_Flow 19-6926] IPCACHE: added file to list for BOM: c:/Users/devandla/Desktop/Embedded-System-Project-DAT096/Board_1/project_2/project_2.gen/sources_1/bd/design_1/ip/design_1_ZmodScopeController_0_0/design_1_ZmodScopeController_0_0_stub.vhdl
INFO: [IP_Flow 19-4993] Using cached IP synthesis design for IP design_1_ZmodScopeController_0_0, cache-ID = 992e327fe8e9a1fe; cache size = 11.197 MB.
INFO: [IP_Flow 19-6924] IPCACHE: Running cache check for IP inst: design_1_clk_wiz_0_0
INFO: [IP_Flow 19-6924] IPCACHE: Running cache check for IP inst: design_1_ila_0_0
INFO: [IP_Flow 19-6922] IPCACHE: Exporting cached entry 7476dbb13d914bbf to dir: c:/Users/devandla/Desktop/Embedded-System-Project-DAT096/Board_1/project_2/project_2.gen/sources_1/bd/design_1/ip/design_1_ila_0_0
INFO: [IP_Flow 19-6928] IPCACHE: copied cached file c:/Users/devandla/Desktop/Embedded-System-Project-DAT096/Board_1/project_2/project_2.cache/ip/2024.2/7/4/7476dbb13d914bbf/design_1_ila_0_0.dcp to c:/Users/devandla/Desktop/Embedded-System-Project-DAT096/Board_1/project_2/project_2.gen/sources_1/bd/design_1/ip/design_1_ila_0_0/design_1_ila_0_0.dcp.
INFO: [IP_Flow 19-6926] IPCACHE: added file to list for BOM: c:/Users/devandla/Desktop/Embedded-System-Project-DAT096/Board_1/project_2/project_2.gen/sources_1/bd/design_1/ip/design_1_ila_0_0/design_1_ila_0_0.dcp
INFO: [IP_Flow 19-6928] IPCACHE: copied cached file c:/Users/devandla/Desktop/Embedded-System-Project-DAT096/Board_1/project_2/project_2.cache/ip/2024.2/7/4/7476dbb13d914bbf/design_1_ila_0_0_sim_netlist.v to c:/Users/devandla/Desktop/Embedded-System-Project-DAT096/Board_1/project_2/project_2.gen/sources_1/bd/design_1/ip/design_1_ila_0_0/design_1_ila_0_0_sim_netlist.v.
INFO: [IP_Flow 19-6926] IPCACHE: added file to list for BOM: c:/Users/devandla/Desktop/Embedded-System-Project-DAT096/Board_1/project_2/project_2.gen/sources_1/bd/design_1/ip/design_1_ila_0_0/design_1_ila_0_0_sim_netlist.v
INFO: [IP_Flow 19-6928] IPCACHE: copied cached file c:/Users/devandla/Desktop/Embedded-System-Project-DAT096/Board_1/project_2/project_2.cache/ip/2024.2/7/4/7476dbb13d914bbf/design_1_ila_0_0_sim_netlist.vhdl to c:/Users/devandla/Desktop/Embedded-System-Project-DAT096/Board_1/project_2/project_2.gen/sources_1/bd/design_1/ip/design_1_ila_0_0/design_1_ila_0_0_sim_netlist.vhdl.
INFO: [IP_Flow 19-6926] IPCACHE: added file to list for BOM: c:/Users/devandla/Desktop/Embedded-System-Project-DAT096/Board_1/project_2/project_2.gen/sources_1/bd/design_1/ip/design_1_ila_0_0/design_1_ila_0_0_sim_netlist.vhdl
INFO: [IP_Flow 19-6928] IPCACHE: copied cached file c:/Users/devandla/Desktop/Embedded-System-Project-DAT096/Board_1/project_2/project_2.cache/ip/2024.2/7/4/7476dbb13d914bbf/design_1_ila_0_0_stub.v to c:/Users/devandla/Desktop/Embedded-System-Project-DAT096/Board_1/project_2/project_2.gen/sources_1/bd/design_1/ip/design_1_ila_0_0/design_1_ila_0_0_stub.v.
INFO: [IP_Flow 19-6926] IPCACHE: added file to list for BOM: c:/Users/devandla/Desktop/Embedded-System-Project-DAT096/Board_1/project_2/project_2.gen/sources_1/bd/design_1/ip/design_1_ila_0_0/design_1_ila_0_0_stub.v
INFO: [IP_Flow 19-6928] IPCACHE: copied cached file c:/Users/devandla/Desktop/Embedded-System-Project-DAT096/Board_1/project_2/project_2.cache/ip/2024.2/7/4/7476dbb13d914bbf/design_1_ila_0_0_stub.vhdl to c:/Users/devandla/Desktop/Embedded-System-Project-DAT096/Board_1/project_2/project_2.gen/sources_1/bd/design_1/ip/design_1_ila_0_0/design_1_ila_0_0_stub.vhdl.
INFO: [IP_Flow 19-6926] IPCACHE: added file to list for BOM: c:/Users/devandla/Desktop/Embedded-System-Project-DAT096/Board_1/project_2/project_2.gen/sources_1/bd/design_1/ip/design_1_ila_0_0/design_1_ila_0_0_stub.vhdl
INFO: [IP_Flow 19-4993] Using cached IP synthesis design for IP design_1_ila_0_0, cache-ID = 7476dbb13d914bbf; cache size = 11.197 MB.
WARNING: [filemgmt 56-199] Attempt to get parsing info during refresh. "On-the-fly" syntax checking information may be incorrect. [C:\Users\devandla\Desktop\Embedded-System-Project-DAT096\Board_1\project_2\project_2.srcs\sources_1\new\signal_generator.vhd:]
WARNING: [filemgmt 56-199] Attempt to get parsing info during refresh. "On-the-fly" syntax checking information may be incorrect. [C:\Users\devandla\Desktop\Embedded-System-Project-DAT096\Board_1\project_2\project_2.srcs\sources_1\new\ADC_converter.vhd:]
WARNING: [filemgmt 56-199] Attempt to get parsing info during refresh. "On-the-fly" syntax checking information may be incorrect. [C:\Users\devandla\Desktop\Embedded-System-Project-DAT096\Board_1\project_2\project_2.srcs\sources_1\new\prbs_axis_master_32.vhd:]
WARNING: [filemgmt 56-199] Attempt to get parsing info during refresh. "On-the-fly" syntax checking information may be incorrect. [C:\Users\devandla\Desktop\Embedded-System-Project-DAT096\Board_1\project_2\project_2.srcs\sources_1\new\signal_generator.vhd:]
WARNING: [filemgmt 56-199] Attempt to get parsing info during refresh. "On-the-fly" syntax checking information may be incorrect. [C:\Users\devandla\Desktop\Embedded-System-Project-DAT096\Board_1\project_2\project_2.srcs\sources_1\new\signal_generator.vhd:]
[Wed Apr 22 14:33:08 2026] Launched design_1_prbs_axis_master_32_0_0_synth_1, design_1_clk_wiz_0_0_synth_1, design_1_adc_bit_decoder_0_0_synth_1, synth_1...
Run output will be captured here:
design_1_prbs_axis_master_32_0_0_synth_1: C:/Users/devandla/Desktop/Embedded-System-Project-DAT096/Board_1/project_2/project_2.runs/design_1_prbs_axis_master_32_0_0_synth_1/runme.log
design_1_clk_wiz_0_0_synth_1: C:/Users/devandla/Desktop/Embedded-System-Project-DAT096/Board_1/project_2/project_2.runs/design_1_clk_wiz_0_0_synth_1/runme.log
design_1_adc_bit_decoder_0_0_synth_1: C:/Users/devandla/Desktop/Embedded-System-Project-DAT096/Board_1/project_2/project_2.runs/design_1_adc_bit_decoder_0_0_synth_1/runme.log
synth_1: C:/Users/devandla/Desktop/Embedded-System-Project-DAT096/Board_1/project_2/project_2.runs/synth_1/runme.log
[Wed Apr 22 14:33:08 2026] Launched impl_1...
Run output will be captured here: C:/Users/devandla/Desktop/Embedded-System-Project-DAT096/Board_1/project_2/project_2.runs/impl_1/runme.log
launch_runs: Time (s): cpu = 00:00:06 ; elapsed = 00:00:09 . Memory (MB): peak = 1505.148 ; gain = 3.949
WARNING: [filemgmt 56-199] Attempt to get parsing info during refresh. "On-the-fly" syntax checking information may be incorrect. [C:\Users\devandla\Desktop\Embedded-System-Project-DAT096\Board_1\project_2\project_2.srcs\sources_1\new\signal_generator.vhd:]
WARNING: [filemgmt 56-199] Attempt to get parsing info during refresh. "On-the-fly" syntax checking information may be incorrect. [C:\Users\devandla\Desktop\Embedded-System-Project-DAT096\Board_1\project_2\project_2.srcs\sources_1\new\ADC_converter.vhd:]
WARNING: [filemgmt 56-199] Attempt to get parsing info during refresh. "On-the-fly" syntax checking information may be incorrect. [C:\Users\devandla\Desktop\Embedded-System-Project-DAT096\Board_1\project_2\project_2.srcs\sources_1\new\prbs_axis_master_32.vhd:]
WARNING: [filemgmt 56-199] Attempt to get parsing info during refresh. "On-the-fly" syntax checking information may be incorrect. [C:\Users\devandla\Desktop\Embedded-System-Project-DAT096\Board_1\project_2\project_2.srcs\sources_1\new\ADC_converter.vhd:]
WARNING: [filemgmt 56-199] Attempt to get parsing info during refresh. "On-the-fly" syntax checking information may be incorrect. [C:\Users\devandla\Desktop\Embedded-System-Project-DAT096\Board_1\project_2\project_2.srcs\sources_1\new\ADC_converter.vhd:]
WARNING: [filemgmt 56-199] Attempt to get parsing info during refresh. "On-the-fly" syntax checking information may be incorrect. [C:\Users\devandla\Desktop\Embedded-System-Project-DAT096\Board_1\project_2\project_2.srcs\sources_1\new\signal_generator.vhd:]
WARNING: [filemgmt 56-199] Attempt to get parsing info during refresh. "On-the-fly" syntax checking information may be incorrect. [C:\Users\devandla\Desktop\Embedded-System-Project-DAT096\Board_1\project_2\project_2.srcs\sources_1\new\ADC_converter.vhd:]
WARNING: [filemgmt 56-199] Attempt to get parsing info during refresh. "On-the-fly" syntax checking information may be incorrect. [C:\Users\devandla\Desktop\Embedded-System-Project-DAT096\Board_1\project_2\project_2.srcs\sources_1\new\prbs_axis_master_32.vhd:]
WARNING: [filemgmt 56-199] Attempt to get parsing info during refresh. "On-the-fly" syntax checking information may be incorrect. [C:\Users\devandla\Desktop\Embedded-System-Project-DAT096\Board_1\project_2\project_2.srcs\sources_1\new\prbs_axis_master_32.vhd:]
WARNING: [filemgmt 56-199] Attempt to get parsing info during refresh. "On-the-fly" syntax checking information may be incorrect. [C:\Users\devandla\Desktop\Embedded-System-Project-DAT096\Board_1\project_2\project_2.srcs\sources_1\new\prbs_axis_master_32.vhd:]
ERROR: [Common 17-180] Spawn failed: No error
WARNING: [filemgmt 56-199] Attempt to get parsing info during refresh. "On-the-fly" syntax checking information may be incorrect. [C:\Users\devandla\Desktop\Embedded-System-Project-DAT096\Board_1\project_2\project_2.srcs\sources_1\new\signal_generator.vhd:]
WARNING: [filemgmt 56-199] Attempt to get parsing info during refresh. "On-the-fly" syntax checking information may be incorrect. [C:\Users\devandla\Desktop\Embedded-System-Project-DAT096\Board_1\project_2\project_2.srcs\sources_1\new\ADC_converter.vhd:]
WARNING: [filemgmt 56-199] Attempt to get parsing info during refresh. "On-the-fly" syntax checking information may be incorrect. [C:\Users\devandla\Desktop\Embedded-System-Project-DAT096\Board_1\project_2\project_2.srcs\sources_1\new\prbs_axis_master_32.vhd:]
WARNING: [filemgmt 56-199] Attempt to get parsing info during refresh. "On-the-fly" syntax checking information may be incorrect. [C:\Users\devandla\Desktop\Embedded-System-Project-DAT096\Board_1\project_2\project_2.srcs\sources_1\new\ADC_converter.vhd:]
WARNING: [filemgmt 56-199] Attempt to get parsing info during refresh. "On-the-fly" syntax checking information may be incorrect. [C:\Users\devandla\Desktop\Embedded-System-Project-DAT096\Board_1\project_2\project_2.srcs\sources_1\new\ADC_converter.vhd:]
ERROR: [Common 17-180] Spawn failed: No error
current_project Board_2
close_project
WARNING: [filemgmt 56-199] Attempt to get parsing info during refresh. "On-the-fly" syntax checking information may be incorrect. [C:\Users\devandla\Desktop\Embedded-System-Project-DAT096\Board_1\project_2\project_2.srcs\sources_1\new\signal_generator.vhd:]
WARNING: [filemgmt 56-199] Attempt to get parsing info during refresh. "On-the-fly" syntax checking information may be incorrect. [C:\Users\devandla\Desktop\Embedded-System-Project-DAT096\Board_1\project_2\project_2.srcs\sources_1\new\ADC_converter.vhd:]
WARNING: [filemgmt 56-199] Attempt to get parsing info during refresh. "On-the-fly" syntax checking information may be incorrect. [C:\Users\devandla\Desktop\Embedded-System-Project-DAT096\Board_1\project_2\project_2.srcs\sources_1\new\prbs_axis_master_32.vhd:]
WARNING: [filemgmt 56-199] Attempt to get parsing info during refresh. "On-the-fly" syntax checking information may be incorrect. [C:\Users\devandla\Desktop\Embedded-System-Project-DAT096\Board_1\project_2\project_2.srcs\sources_1\new\prbs_axis_master_32.vhd:]
WARNING: [filemgmt 56-199] Attempt to get parsing info during refresh. "On-the-fly" syntax checking information may be incorrect. [C:\Users\devandla\Desktop\Embedded-System-Project-DAT096\Board_1\project_2\project_2.srcs\sources_1\new\prbs_axis_master_32.vhd:]
WARNING: [filemgmt 56-199] Attempt to get parsing info during refresh. "On-the-fly" syntax checking information may be incorrect. [C:\Users\devandla\Desktop\Embedded-System-Project-DAT096\Board_1\project_2\project_2.srcs\sources_1\new\signal_generator.vhd:]
WARNING: [filemgmt 56-199] Attempt to get parsing info during refresh. "On-the-fly" syntax checking information may be incorrect. [C:\Users\devandla\Desktop\Embedded-System-Project-DAT096\Board_1\project_2\project_2.srcs\sources_1\new\ADC_converter.vhd:]
WARNING: [filemgmt 56-199] Attempt to get parsing info during refresh. "On-the-fly" syntax checking information may be incorrect. [C:\Users\devandla\Desktop\Embedded-System-Project-DAT096\Board_1\project_2\project_2.srcs\sources_1\new\prbs_axis_master_32.vhd:]
WARNING: [filemgmt 56-199] Attempt to get parsing info during refresh. "On-the-fly" syntax checking information may be incorrect. [C:\Users\devandla\Desktop\Embedded-System-Project-DAT096\Board_1\project_2\project_2.srcs\sources_1\new\ADC_converter.vhd:]
WARNING: [filemgmt 56-199] Attempt to get parsing info during refresh. "On-the-fly" syntax checking information may be incorrect. [C:\Users\devandla\Desktop\Embedded-System-Project-DAT096\Board_1\project_2\project_2.srcs\sources_1\new\ADC_converter.vhd:]
ERROR: [Common 17-180] Spawn failed: No error
WARNING: [filemgmt 56-199] Attempt to get parsing info during refresh. "On-the-fly" syntax checking information may be incorrect. [C:\Users\devandla\Desktop\Embedded-System-Project-DAT096\Board_1\project_2\project_2.srcs\sources_1\new\signal_generator.vhd:]
WARNING: [filemgmt 56-199] Attempt to get parsing info during refresh. "On-the-fly" syntax checking information may be incorrect. [C:\Users\devandla\Desktop\Embedded-System-Project-DAT096\Board_1\project_2\project_2.srcs\sources_1\new\ADC_converter.vhd:]
WARNING: [filemgmt 56-199] Attempt to get parsing info during refresh. "On-the-fly" syntax checking information may be incorrect. [C:\Users\devandla\Desktop\Embedded-System-Project-DAT096\Board_1\project_2\project_2.srcs\sources_1\new\prbs_axis_master_32.vhd:]
WARNING: [filemgmt 56-199] Attempt to get parsing info during refresh. "On-the-fly" syntax checking information may be incorrect. [C:\Users\devandla\Desktop\Embedded-System-Project-DAT096\Board_1\project_2\project_2.srcs\sources_1\new\prbs_axis_master_32.vhd:]
WARNING: [filemgmt 56-199] Attempt to get parsing info during refresh. "On-the-fly" syntax checking information may be incorrect. [C:\Users\devandla\Desktop\Embedded-System-Project-DAT096\Board_1\project_2\project_2.srcs\sources_1\new\prbs_axis_master_32.vhd:]
WARNING: [filemgmt 56-199] Attempt to get parsing info during refresh. "On-the-fly" syntax checking information may be incorrect. [C:\Users\devandla\Desktop\Embedded-System-Project-DAT096\Board_1\project_2\project_2.srcs\sources_1\new\signal_generator.vhd:]
WARNING: [filemgmt 56-199] Attempt to get parsing info during refresh. "On-the-fly" syntax checking information may be incorrect. [C:\Users\devandla\Desktop\Embedded-System-Project-DAT096\Board_1\project_2\project_2.srcs\sources_1\new\ADC_converter.vhd:]
WARNING: [filemgmt 56-199] Attempt to get parsing info during refresh. "On-the-fly" syntax checking information may be incorrect. [C:\Users\devandla\Desktop\Embedded-System-Project-DAT096\Board_1\project_2\project_2.srcs\sources_1\new\prbs_axis_master_32.vhd:]
WARNING: [filemgmt 56-199] Attempt to get parsing info during refresh. "On-the-fly" syntax checking information may be incorrect. [C:\Users\devandla\Desktop\Embedded-System-Project-DAT096\Board_1\project_2\project_2.srcs\sources_1\new\ADC_converter.vhd:]
WARNING: [filemgmt 56-199] Attempt to get parsing info during refresh. "On-the-fly" syntax checking information may be incorrect. [C:\Users\devandla\Desktop\Embedded-System-Project-DAT096\Board_1\project_2\project_2.srcs\sources_1\new\ADC_converter.vhd:]
ERROR: [Common 17-180] Spawn failed: No error
open_hw_manager
connect_hw_server -allow_non_jtag
INFO: [Labtools 27-2285] Connecting to hw_server url TCP:localhost:3121
INFO: [Labtools 27-2222] Launching hw_server...
INFO: [Labtools 27-2221] Launch Output:

****** Xilinx hw_server v2024.2
  **** Build date : Oct 29 2024 at 10:25:41
    ** Copyright 1986-2022 Xilinx, Inc. All Rights Reserved.


INFO: [Labtools 27-3415] Connecting to cs_server url TCP:localhost:0
INFO: [Labtools 27-3417] Launching cs_server...
INFO: [Labtools 27-2221] Launch Output:


******** Xilinx cs_server v2024.2.0
  ****** Build date   : Oct 30 2024-19:19:07
    **** Build number : 2024.2.1730312347
      ** Copyright 2017-2022 Xilinx, Inc. All Rights Reserved.
      ** Copyright 2022-2026 Advanced Micro Devices, Inc. All Rights Reserved.



connect_hw_server: Time (s): cpu = 00:00:00 ; elapsed = 00:00:14 . Memory (MB): peak = 1505.148 ; gain = 0.000
open_hw_target
INFO: [Labtoolstcl 44-466] Opening hw_target localhost:3121/xilinx_tcf/Digilent/210393BB58A7A
set_property PROGRAM.FILE {C:\Users\devandla\Desktop\Embedded-System-Project-DAT096\Board_2\Board_2\Board_2.runs\impl_1\design_2_wrapper.bit} [get_hw_devices xc7z020_1]
set_property PROBES.FILE {C:\Users\devandla\Desktop\Embedded-System-Project-DAT096\Board_2\Board_2\Board_2.runs\impl_1\design_2_wrapper.ltx} [get_hw_devices xc7z020_1]
set_property FULL_PROBES.FILE {C:\Users\devandla\Desktop\Embedded-System-Project-DAT096\Board_2\Board_2\Board_2.runs\impl_1\design_2_wrapper.ltx} [get_hw_devices xc7z020_1]
current_hw_device [get_hw_devices xc7z020_1]
refresh_hw_device [lindex [get_hw_devices xc7z020_1] 0]
INFO: [Labtools 27-2302] Device xc7z020 (JTAG device index = 1) is programmed with a design that has 1 ILA core(s).
WARNING: [Labtools 27-3413] Dropping logic core with cellname:'design_2_i/ila_0' at location 'uuid_F2A5A0E152865171A222BF15ACEC5622' from probes file, since it cannot be found on the programmed device.
WARNING: [Labtools 27-1974] Mismatch between the design programmed into the device xc7z020_1 and the probes file(s) C:\Users\devandla\Desktop\Embedded-System-Project-DAT096\Board_2\Board_2\Board_2.runs\impl_1\design_2_wrapper.ltx.
The device design has 1 ILA core(s) and 0 VIO core(s). 0 ILA core(s) and 0 VIO core(s) are matched in the probes file(s).
Resolution: 
1. Reprogram device with the correct programming file and associated probes file(s) OR
2. Goto device properties and associate the correct probes file(s) with the programming file already programmed in the device.
set_property PROBES.FILE {C:/Users/devandla/Desktop/Embedded-System-Project-DAT096/Board_2/Board_2/Board_2.runs/impl_1/design_2_wrapper.ltx} [get_hw_devices xc7z020_1]
set_property FULL_PROBES.FILE {C:/Users/devandla/Desktop/Embedded-System-Project-DAT096/Board_2/Board_2/Board_2.runs/impl_1/design_2_wrapper.ltx} [get_hw_devices xc7z020_1]
set_property PROGRAM.FILE {C:/Users/devandla/Desktop/Embedded-System-Project-DAT096/Board_2/Board_2/Board_2.runs/impl_1/design_2_wrapper.bit} [get_hw_devices xc7z020_1]
program_hw_devices [get_hw_devices xc7z020_1]
INFO: [Labtools 27-3164] End of startup status: HIGH
refresh_hw_device [lindex [get_hw_devices xc7z020_1] 0]
INFO: [Labtools 27-2302] Device xc7z020 (JTAG device index = 1) is programmed with a design that has 1 ILA core(s).
display_hw_ila_data [ get_hw_ila_data hw_ila_data_1 -of_objects [get_hw_ilas -of_objects [get_hw_devices xc7z020_1] -filter {CELL_NAME=~"design_2_i/ila_0"}]]
run_hw_ila [get_hw_ilas -of_objects [get_hw_devices xc7z020_1] -filter {CELL_NAME=~"design_2_i/ila_0"}]
INFO: [Labtools 27-1964] The ILA core 'hw_ila_1' trigger was armed at 2026-Apr-22 14:37:20
wait_on_hw_ila [get_hw_ilas -of_objects [get_hw_devices xc7z020_1] -filter {CELL_NAME=~"design_2_i/ila_0"}]
display_hw_ila_data [upload_hw_ila_data [get_hw_ilas -of_objects [get_hw_devices xc7z020_1] -filter {CELL_NAME=~"design_2_i/ila_0"}]]
INFO: [Labtools 27-1966] The ILA core 'hw_ila_1' triggered at 2026-Apr-22 14:37:20
INFO: [Labtools 27-3304] ILA Waveform data saved to file C:/Users/devandla/Desktop/Embedded-System-Project-DAT096/Board_1/project_2/project_2.hw/backup/hw_ila_data_1.ila. Use Tcl command 'read_hw_ila_data' or Vivado File->Import->Import ILA Data menu item to import the previously saved data.
run_hw_ila [get_hw_ilas -of_objects [get_hw_devices xc7z020_1] -filter {CELL_NAME=~"design_2_i/ila_0"}]
INFO: [Labtools 27-1964] The ILA core 'hw_ila_1' trigger was armed at 2026-Apr-22 14:37:25
wait_on_hw_ila [get_hw_ilas -of_objects [get_hw_devices xc7z020_1] -filter {CELL_NAME=~"design_2_i/ila_0"}]
display_hw_ila_data [upload_hw_ila_data [get_hw_ilas -of_objects [get_hw_devices xc7z020_1] -filter {CELL_NAME=~"design_2_i/ila_0"}]]
INFO: [Labtools 27-1966] The ILA core 'hw_ila_1' triggered at 2026-Apr-22 14:37:25
INFO: [Labtools 27-3304] ILA Waveform data saved to file C:/Users/devandla/Desktop/Embedded-System-Project-DAT096/Board_1/project_2/project_2.hw/backup/hw_ila_data_1.ila. Use Tcl command 'read_hw_ila_data' or Vivado File->Import->Import ILA Data menu item to import the previously saved data.
run_hw_ila [get_hw_ilas -of_objects [get_hw_devices xc7z020_1] -filter {CELL_NAME=~"design_2_i/ila_0"}]
INFO: [Labtools 27-1964] The ILA core 'hw_ila_1' trigger was armed at 2026-Apr-22 14:37:31
wait_on_hw_ila [get_hw_ilas -of_objects [get_hw_devices xc7z020_1] -filter {CELL_NAME=~"design_2_i/ila_0"}]
display_hw_ila_data [upload_hw_ila_data [get_hw_ilas -of_objects [get_hw_devices xc7z020_1] -filter {CELL_NAME=~"design_2_i/ila_0"}]]
INFO: [Labtools 27-1966] The ILA core 'hw_ila_1' triggered at 2026-Apr-22 14:37:31
INFO: [Labtools 27-3304] ILA Waveform data saved to file C:/Users/devandla/Desktop/Embedded-System-Project-DAT096/Board_1/project_2/project_2.hw/backup/hw_ila_data_1.ila. Use Tcl command 'read_hw_ila_data' or Vivado File->Import->Import ILA Data menu item to import the previously saved data.
open_bd_design {C:/Users/devandla/Desktop/Embedded-System-Project-DAT096/Board_1/project_2/project_2.srcs/sources_1/bd/design_1/design_1.bd}
delete_bd_objs [get_bd_nets sys_clk_1] [get_bd_ports sys_clk]
create_bd_port -dir I -type clk -freq_hz 125000000 clk
set_property location {-120 259} [get_bd_ports clk]
connect_bd_net [get_bd_ports clk] [get_bd_pins clk_wiz_0/clk_in1]
save_bd_design
Wrote  : <C:\Users\devandla\Desktop\Embedded-System-Project-DAT096\Board_1\project_2\project_2.srcs\sources_1\bd\design_1\design_1.bd> 
Wrote  : <C:/Users/devandla/Desktop/Embedded-System-Project-DAT096/Board_1/project_2/project_2.srcs/sources_1/bd/design_1/ui/bd_1f5defd0.ui> 
validate_bd_design
INFO: [xilinx.com:ip:clk_wiz:6.0-1] /clk_wiz_0 clk_wiz propagate
save_bd_design
Wrote  : <C:\Users\devandla\Desktop\Embedded-System-Project-DAT096\Board_1\project_2\project_2.srcs\sources_1\bd\design_1\design_1.bd> 
reset_run synth_1
INFO: [Project 1-1161] Replacing file C:/Users/devandla/Desktop/Embedded-System-Project-DAT096/Board_1/project_2/project_2.srcs/utils_1/imports/synth_1/prbs_axis_master_32.dcp with file C:/Users/devandla/Desktop/Embedded-System-Project-DAT096/Board_1/project_2/project_2.runs/synth_1/design_1_wrapper.dcp
WARNING: [Vivado 12-1017] Problems encountered:
1. Failed to delete one or more files in run directory C:/Users/devandla/Desktop/Embedded-System-Project-DAT096/Board_1/project_2/project_2.runs/synth_1

launch_runs impl_1 -to_step write_bitstream -jobs 28
INFO: [BD 41-1662] The design 'design_1.bd' is already validated. Therefore parameter propagation will not be re-run.
VHDL Output written to : c:/Users/devandla/Desktop/Embedded-System-Project-DAT096/Board_1/project_2/project_2.gen/sources_1/bd/design_1/synth/design_1.vhd
VHDL Output written to : c:/Users/devandla/Desktop/Embedded-System-Project-DAT096/Board_1/project_2/project_2.gen/sources_1/bd/design_1/sim/design_1.vhd
VHDL Output written to : c:/Users/devandla/Desktop/Embedded-System-Project-DAT096/Board_1/project_2/project_2.gen/sources_1/bd/design_1/hdl/design_1_wrapper.vhd
Exporting to file c:/Users/devandla/Desktop/Embedded-System-Project-DAT096/Board_1/project_2/project_2.gen/sources_1/bd/design_1/hw_handoff/design_1.hwh
Generated Hardware Definition File c:/Users/devandla/Desktop/Embedded-System-Project-DAT096/Board_1/project_2/project_2.gen/sources_1/bd/design_1/synth/design_1.hwdef
WARNING: [filemgmt 56-199] Attempt to get parsing info during refresh. "On-the-fly" syntax checking information may be incorrect. [C:\Users\devandla\Desktop\Embedded-System-Project-DAT096\Board_1\project_2\project_2.srcs\sources_1\new\signal_generator.vhd:]
WARNING: [filemgmt 56-199] Attempt to get parsing info during refresh. "On-the-fly" syntax checking information may be incorrect. [C:\Users\devandla\Desktop\Embedded-System-Project-DAT096\Board_1\project_2\project_2.srcs\sources_1\new\ADC_converter.vhd:]
WARNING: [filemgmt 56-199] Attempt to get parsing info during refresh. "On-the-fly" syntax checking information may be incorrect. [C:\Users\devandla\Desktop\Embedded-System-Project-DAT096\Board_1\project_2\project_2.srcs\sources_1\new\prbs_axis_master_32.vhd:]
WARNING: [filemgmt 56-199] Attempt to get parsing info during refresh. "On-the-fly" syntax checking information may be incorrect. [C:\Users\devandla\Desktop\Embedded-System-Project-DAT096\Board_1\project_2\project_2.srcs\sources_1\new\prbs_axis_master_32.vhd:]
WARNING: [filemgmt 56-199] Attempt to get parsing info during refresh. "On-the-fly" syntax checking information may be incorrect. [C:\Users\devandla\Desktop\Embedded-System-Project-DAT096\Board_1\project_2\project_2.srcs\sources_1\new\prbs_axis_master_32.vhd:]
[Wed Apr 22 14:39:25 2026] Launched synth_1...
Run output will be captured here: C:/Users/devandla/Desktop/Embedded-System-Project-DAT096/Board_1/project_2/project_2.runs/synth_1/runme.log
[Wed Apr 22 14:39:25 2026] Launched impl_1...
Run output will be captured here: C:/Users/devandla/Desktop/Embedded-System-Project-DAT096/Board_1/project_2/project_2.runs/impl_1/runme.log
WARNING: [filemgmt 56-199] Attempt to get parsing info during refresh. "On-the-fly" syntax checking information may be incorrect. [C:\Users\devandla\Desktop\Embedded-System-Project-DAT096\Board_1\project_2\project_2.srcs\sources_1\new\signal_generator.vhd:]
WARNING: [filemgmt 56-199] Attempt to get parsing info during refresh. "On-the-fly" syntax checking information may be incorrect. [C:\Users\devandla\Desktop\Embedded-System-Project-DAT096\Board_1\project_2\project_2.srcs\sources_1\new\ADC_converter.vhd:]
WARNING: [filemgmt 56-199] Attempt to get parsing info during refresh. "On-the-fly" syntax checking information may be incorrect. [C:\Users\devandla\Desktop\Embedded-System-Project-DAT096\Board_1\project_2\project_2.srcs\sources_1\new\prbs_axis_master_32.vhd:]
WARNING: [filemgmt 56-199] Attempt to get parsing info during refresh. "On-the-fly" syntax checking information may be incorrect. [C:\Users\devandla\Desktop\Embedded-System-Project-DAT096\Board_1\project_2\project_2.srcs\sources_1\new\signal_generator.vhd:]
WARNING: [filemgmt 56-199] Attempt to get parsing info during refresh. "On-the-fly" syntax checking information may be incorrect. [C:\Users\devandla\Desktop\Embedded-System-Project-DAT096\Board_1\project_2\project_2.srcs\sources_1\new\signal_generator.vhd:]
WARNING: [filemgmt 56-199] Attempt to get parsing info during refresh. "On-the-fly" syntax checking information may be incorrect. [C:\Users\devandla\Desktop\Embedded-System-Project-DAT096\Board_1\project_2\project_2.srcs\sources_1\new\signal_generator.vhd:]
WARNING: [filemgmt 56-199] Attempt to get parsing info during refresh. "On-the-fly" syntax checking information may be incorrect. [C:\Users\devandla\Desktop\Embedded-System-Project-DAT096\Board_1\project_2\project_2.srcs\sources_1\new\signal_generator.vhd:]
WARNING: [filemgmt 56-199] Attempt to get parsing info during refresh. "On-the-fly" syntax checking information may be incorrect. [C:\Users\devandla\Desktop\Embedded-System-Project-DAT096\Board_1\project_2\project_2.srcs\sources_1\new\ADC_converter.vhd:]
WARNING: [filemgmt 56-199] Attempt to get parsing info during refresh. "On-the-fly" syntax checking information may be incorrect. [C:\Users\devandla\Desktop\Embedded-System-Project-DAT096\Board_1\project_2\project_2.srcs\sources_1\new\prbs_axis_master_32.vhd:]
WARNING: [filemgmt 56-199] Attempt to get parsing info during refresh. "On-the-fly" syntax checking information may be incorrect. [C:\Users\devandla\Desktop\Embedded-System-Project-DAT096\Board_1\project_2\project_2.srcs\sources_1\new\prbs_axis_master_32.vhd:]
WARNING: [filemgmt 56-199] Attempt to get parsing info during refresh. "On-the-fly" syntax checking information may be incorrect. [C:\Users\devandla\Desktop\Embedded-System-Project-DAT096\Board_1\project_2\project_2.srcs\sources_1\new\prbs_axis_master_32.vhd:]
delete_bd_objs [get_bd_nets clk_1] [get_bd_ports clk]
startgroup
make_bd_pins_external  [get_bd_pins clk_wiz_0/clk_in1]
endgroup
set_property -dict [list CONFIG.CLK_DOMAIN clk] [get_bd_ports clk_in1_0]
set_property name clk [get_bd_ports clk_in1_0]
validate_bd_design
INFO: [xilinx.com:ip:clk_wiz:6.0-1] /clk_wiz_0 clk_wiz propagate
save_bd_design
Wrote  : <C:\Users\devandla\Desktop\Embedded-System-Project-DAT096\Board_1\project_2\project_2.srcs\sources_1\bd\design_1\design_1.bd> 
Wrote  : <C:/Users/devandla/Desktop/Embedded-System-Project-DAT096/Board_1/project_2/project_2.srcs/sources_1/bd/design_1/ui/bd_1f5defd0.ui> 
reset_run synth_1
INFO: [Project 1-1161] Replacing file C:/Users/devandla/Desktop/Embedded-System-Project-DAT096/Board_1/project_2/project_2.srcs/utils_1/imports/synth_1/prbs_axis_master_32.dcp with file C:/Users/devandla/Desktop/Embedded-System-Project-DAT096/Board_1/project_2/project_2.runs/synth_1/design_1_wrapper.dcp
WARNING: [Vivado 12-1017] Problems encountered:
1. Failed to delete one or more files in run directory C:/Users/devandla/Desktop/Embedded-System-Project-DAT096/Board_1/project_2/project_2.runs/synth_1

launch_runs impl_1 -to_step write_bitstream -jobs 28
INFO: [BD 41-1662] The design 'design_1.bd' is already validated. Therefore parameter propagation will not be re-run.
VHDL Output written to : c:/Users/devandla/Desktop/Embedded-System-Project-DAT096/Board_1/project_2/project_2.gen/sources_1/bd/design_1/synth/design_1.vhd
VHDL Output written to : c:/Users/devandla/Desktop/Embedded-System-Project-DAT096/Board_1/project_2/project_2.gen/sources_1/bd/design_1/sim/design_1.vhd
VHDL Output written to : c:/Users/devandla/Desktop/Embedded-System-Project-DAT096/Board_1/project_2/project_2.gen/sources_1/bd/design_1/hdl/design_1_wrapper.vhd
Exporting to file c:/Users/devandla/Desktop/Embedded-System-Project-DAT096/Board_1/project_2/project_2.gen/sources_1/bd/design_1/hw_handoff/design_1.hwh
Generated Hardware Definition File c:/Users/devandla/Desktop/Embedded-System-Project-DAT096/Board_1/project_2/project_2.gen/sources_1/bd/design_1/synth/design_1.hwdef
[Wed Apr 22 14:41:52 2026] Launched synth_1...
Run output will be captured here: C:/Users/devandla/Desktop/Embedded-System-Project-DAT096/Board_1/project_2/project_2.runs/synth_1/runme.log
[Wed Apr 22 14:41:52 2026] Launched impl_1...
Run output will be captured here: C:/Users/devandla/Desktop/Embedded-System-Project-DAT096/Board_1/project_2/project_2.runs/impl_1/runme.log
WARNING: [filemgmt 56-199] Attempt to get parsing info during refresh. "On-the-fly" syntax checking information may be incorrect. [C:\Users\devandla\Desktop\Embedded-System-Project-DAT096\Board_1\project_2\project_2.srcs\sources_1\new\signal_generator.vhd:]
WARNING: [filemgmt 56-199] Attempt to get parsing info during refresh. "On-the-fly" syntax checking information may be incorrect. [C:\Users\devandla\Desktop\Embedded-System-Project-DAT096\Board_1\project_2\project_2.srcs\sources_1\new\ADC_converter.vhd:]
WARNING: [filemgmt 56-199] Attempt to get parsing info during refresh. "On-the-fly" syntax checking information may be incorrect. [C:\Users\devandla\Desktop\Embedded-System-Project-DAT096\Board_1\project_2\project_2.srcs\sources_1\new\prbs_axis_master_32.vhd:]
WARNING: [filemgmt 56-199] Attempt to get parsing info during refresh. "On-the-fly" syntax checking information may be incorrect. [C:\Users\devandla\Desktop\Embedded-System-Project-DAT096\Board_1\project_2\project_2.srcs\sources_1\new\signal_generator.vhd:]
WARNING: [filemgmt 56-199] Attempt to get parsing info during refresh. "On-the-fly" syntax checking information may be incorrect. [C:\Users\devandla\Desktop\Embedded-System-Project-DAT096\Board_1\project_2\project_2.srcs\sources_1\new\signal_generator.vhd:]
WARNING: [filemgmt 56-199] Attempt to get parsing info during refresh. "On-the-fly" syntax checking information may be incorrect. [C:\Users\devandla\Desktop\Embedded-System-Project-DAT096\Board_1\project_2\project_2.srcs\sources_1\new\signal_generator.vhd:]
WARNING: [filemgmt 56-199] Attempt to get parsing info during refresh. "On-the-fly" syntax checking information may be incorrect. [C:\Users\devandla\Desktop\Embedded-System-Project-DAT096\Board_1\project_2\project_2.srcs\sources_1\new\ADC_converter.vhd:]
WARNING: [filemgmt 56-199] Attempt to get parsing info during refresh. "On-the-fly" syntax checking information may be incorrect. [C:\Users\devandla\Desktop\Embedded-System-Project-DAT096\Board_1\project_2\project_2.srcs\sources_1\new\prbs_axis_master_32.vhd:]
WARNING: [filemgmt 56-199] Attempt to get parsing info during refresh. "On-the-fly" syntax checking information may be incorrect. [C:\Users\devandla\Desktop\Embedded-System-Project-DAT096\Board_1\project_2\project_2.srcs\sources_1\new\ADC_converter.vhd:]
WARNING: [filemgmt 56-199] Attempt to get parsing info during refresh. "On-the-fly" syntax checking information may be incorrect. [C:\Users\devandla\Desktop\Embedded-System-Project-DAT096\Board_1\project_2\project_2.srcs\sources_1\new\ADC_converter.vhd:]
WARNING: [IP_Flow 19-4067] Ignoring invalid widget type specified checkbox.Providing a default widget
INFO: [Device 21-403] Loading part xc7z020clg484-1
set_property name sys_clk [get_bd_ports clk]
validate_bd_design
INFO: [xilinx.com:ip:clk_wiz:6.0-1] /clk_wiz_0 clk_wiz propagate
save_bd_design
Wrote  : <C:\Users\devandla\Desktop\Embedded-System-Project-DAT096\Board_1\project_2\project_2.srcs\sources_1\bd\design_1\design_1.bd> 
Wrote  : <C:/Users/devandla/Desktop/Embedded-System-Project-DAT096/Board_1/project_2/project_2.srcs/sources_1/bd/design_1/ui/bd_1f5defd0.ui> 
reset_run synth_1
INFO: [Project 1-1161] Replacing file C:/Users/devandla/Desktop/Embedded-System-Project-DAT096/Board_1/project_2/project_2.srcs/utils_1/imports/synth_1/prbs_axis_master_32.dcp with file C:/Users/devandla/Desktop/Embedded-System-Project-DAT096/Board_1/project_2/project_2.runs/synth_1/design_1_wrapper.dcp
WARNING: [Vivado 12-1017] Problems encountered:
1. Failed to delete one or more files in run directory C:/Users/devandla/Desktop/Embedded-System-Project-DAT096/Board_1/project_2/project_2.runs/synth_1

launch_runs synth_1 -jobs 28
INFO: [BD 41-1662] The design 'design_1.bd' is already validated. Therefore parameter propagation will not be re-run.
VHDL Output written to : c:/Users/devandla/Desktop/Embedded-System-Project-DAT096/Board_1/project_2/project_2.gen/sources_1/bd/design_1/synth/design_1.vhd
VHDL Output written to : c:/Users/devandla/Desktop/Embedded-System-Project-DAT096/Board_1/project_2/project_2.gen/sources_1/bd/design_1/sim/design_1.vhd
VHDL Output written to : c:/Users/devandla/Desktop/Embedded-System-Project-DAT096/Board_1/project_2/project_2.gen/sources_1/bd/design_1/hdl/design_1_wrapper.vhd
Exporting to file c:/Users/devandla/Desktop/Embedded-System-Project-DAT096/Board_1/project_2/project_2.gen/sources_1/bd/design_1/hw_handoff/design_1.hwh
Generated Hardware Definition File c:/Users/devandla/Desktop/Embedded-System-Project-DAT096/Board_1/project_2/project_2.gen/sources_1/bd/design_1/synth/design_1.hwdef
WARNING: [filemgmt 56-199] Attempt to get parsing info during refresh. "On-the-fly" syntax checking information may be incorrect. [C:\Users\devandla\Desktop\Embedded-System-Project-DAT096\Board_1\project_2\project_2.srcs\sources_1\new\signal_generator.vhd:]
WARNING: [filemgmt 56-199] Attempt to get parsing info during refresh. "On-the-fly" syntax checking information may be incorrect. [C:\Users\devandla\Desktop\Embedded-System-Project-DAT096\Board_1\project_2\project_2.srcs\sources_1\new\ADC_converter.vhd:]
WARNING: [filemgmt 56-199] Attempt to get parsing info during refresh. "On-the-fly" syntax checking information may be incorrect. [C:\Users\devandla\Desktop\Embedded-System-Project-DAT096\Board_1\project_2\project_2.srcs\sources_1\new\prbs_axis_master_32.vhd:]
WARNING: [filemgmt 56-199] Attempt to get parsing info during refresh. "On-the-fly" syntax checking information may be incorrect. [C:\Users\devandla\Desktop\Embedded-System-Project-DAT096\Board_1\project_2\project_2.srcs\sources_1\new\prbs_axis_master_32.vhd:]
WARNING: [filemgmt 56-199] Attempt to get parsing info during refresh. "On-the-fly" syntax checking information may be incorrect. [C:\Users\devandla\Desktop\Embedded-System-Project-DAT096\Board_1\project_2\project_2.srcs\sources_1\new\prbs_axis_master_32.vhd:]
WARNING: [filemgmt 56-199] Attempt to get parsing info during refresh. "On-the-fly" syntax checking information may be incorrect. [C:\Users\devandla\Desktop\Embedded-System-Project-DAT096\Board_1\project_2\project_2.srcs\sources_1\new\signal_generator.vhd:]
WARNING: [filemgmt 56-199] Attempt to get parsing info during refresh. "On-the-fly" syntax checking information may be incorrect. [C:\Users\devandla\Desktop\Embedded-System-Project-DAT096\Board_1\project_2\project_2.srcs\sources_1\new\ADC_converter.vhd:]
WARNING: [filemgmt 56-199] Attempt to get parsing info during refresh. "On-the-fly" syntax checking information may be incorrect. [C:\Users\devandla\Desktop\Embedded-System-Project-DAT096\Board_1\project_2\project_2.srcs\sources_1\new\prbs_axis_master_32.vhd:]
WARNING: [filemgmt 56-199] Attempt to get parsing info during refresh. "On-the-fly" syntax checking information may be incorrect. [C:\Users\devandla\Desktop\Embedded-System-Project-DAT096\Board_1\project_2\project_2.srcs\sources_1\new\ADC_converter.vhd:]
WARNING: [filemgmt 56-199] Attempt to get parsing info during refresh. "On-the-fly" syntax checking information may be incorrect. [C:\Users\devandla\Desktop\Embedded-System-Project-DAT096\Board_1\project_2\project_2.srcs\sources_1\new\ADC_converter.vhd:]
[Wed Apr 22 14:44:02 2026] Launched synth_1...
Run output will be captured here: C:/Users/devandla/Desktop/Embedded-System-Project-DAT096/Board_1/project_2/project_2.runs/synth_1/runme.log
ERROR: [Common 17-180] Spawn failed: No error
WARNING: [filemgmt 56-199] Attempt to get parsing info during refresh. "On-the-fly" syntax checking information may be incorrect. [C:\Users\devandla\Desktop\Embedded-System-Project-DAT096\Board_1\project_2\project_2.srcs\sources_1\new\signal_generator.vhd:]
WARNING: [filemgmt 56-199] Attempt to get parsing info during refresh. "On-the-fly" syntax checking information may be incorrect. [C:\Users\devandla\Desktop\Embedded-System-Project-DAT096\Board_1\project_2\project_2.srcs\sources_1\new\ADC_converter.vhd:]
WARNING: [filemgmt 56-199] Attempt to get parsing info during refresh. "On-the-fly" syntax checking information may be incorrect. [C:\Users\devandla\Desktop\Embedded-System-Project-DAT096\Board_1\project_2\project_2.srcs\sources_1\new\prbs_axis_master_32.vhd:]
WARNING: [filemgmt 56-199] Attempt to get parsing info during refresh. "On-the-fly" syntax checking information may be incorrect. [C:\Users\devandla\Desktop\Embedded-System-Project-DAT096\Board_1\project_2\project_2.srcs\sources_1\new\ADC_converter.vhd:]
WARNING: [filemgmt 56-199] Attempt to get parsing info during refresh. "On-the-fly" syntax checking information may be incorrect. [C:\Users\devandla\Desktop\Embedded-System-Project-DAT096\Board_1\project_2\project_2.srcs\sources_1\new\ADC_converter.vhd:]
WARNING: [filemgmt 56-199] Attempt to get parsing info during refresh. "On-the-fly" syntax checking information may be incorrect. [C:\Users\devandla\Desktop\Embedded-System-Project-DAT096\Board_1\project_2\project_2.srcs\sources_1\new\signal_generator.vhd:]
launch_runs impl_1 -jobs 28
[Wed Apr 22 14:44:42 2026] Launched impl_1...
Run output will be captured here: C:/Users/devandla/Desktop/Embedded-System-Project-DAT096/Board_1/project_2/project_2.runs/impl_1/runme.log
launch_runs impl_1 -to_step write_bitstream -jobs 28
[Wed Apr 22 14:46:02 2026] Launched impl_1...
Run output will be captured here: C:/Users/devandla/Desktop/Embedded-System-Project-DAT096/Board_1/project_2/project_2.runs/impl_1/runme.log
set_property PROBES.FILE {C:/Users/devandla/Desktop/Embedded-System-Project-DAT096/Board_2/Board_2/Board_2.runs/impl_1/design_2_wrapper.ltx} [get_hw_devices xc7z020_1]
set_property FULL_PROBES.FILE {C:/Users/devandla/Desktop/Embedded-System-Project-DAT096/Board_2/Board_2/Board_2.runs/impl_1/design_2_wrapper.ltx} [get_hw_devices xc7z020_1]
set_property PROGRAM.FILE {C:/Users/devandla/Desktop/Embedded-System-Project-DAT096/Board_2/Board_2/Board_2.runs/impl_1/design_2_wrapper.bit} [get_hw_devices xc7z020_1]
program_hw_devices [get_hw_devices xc7z020_1]
INFO: [Labtools 27-3164] End of startup status: HIGH
refresh_hw_device [lindex [get_hw_devices xc7z020_1] 0]
INFO: [Labtools 27-2302] Device xc7z020 (JTAG device index = 1) is programmed with a design that has 1 ILA core(s).
set_property PROBES.FILE {C:/Users/devandla/Desktop/Embedded-System-Project-DAT096/Board_2/Board_2/Board_2.runs/impl_1/design_2_wrapper.ltx} [get_hw_devices xc7z020_1]
set_property FULL_PROBES.FILE {C:/Users/devandla/Desktop/Embedded-System-Project-DAT096/Board_2/Board_2/Board_2.runs/impl_1/design_2_wrapper.ltx} [get_hw_devices xc7z020_1]
set_property PROGRAM.FILE {C:/Users/devandla/Desktop/Embedded-System-Project-DAT096/Board_2/Board_2/Board_2.runs/impl_1/design_2_wrapper.bit} [get_hw_devices xc7z020_1]
program_hw_devices [get_hw_devices xc7z020_1]
INFO: [Labtools 27-3164] End of startup status: HIGH
refresh_hw_device [lindex [get_hw_devices xc7z020_1] 0]
INFO: [Labtools 27-2302] Device xc7z020 (JTAG device index = 1) is programmed with a design that has 1 ILA core(s).
run_hw_ila [get_hw_ilas -of_objects [get_hw_devices xc7z020_1] -filter {CELL_NAME=~"design_2_i/ila_0"}]
INFO: [Labtools 27-1964] The ILA core 'hw_ila_1' trigger was armed at 2026-Apr-22 14:47:01
wait_on_hw_ila [get_hw_ilas -of_objects [get_hw_devices xc7z020_1] -filter {CELL_NAME=~"design_2_i/ila_0"}]
display_hw_ila_data [upload_hw_ila_data [get_hw_ilas -of_objects [get_hw_devices xc7z020_1] -filter {CELL_NAME=~"design_2_i/ila_0"}]]
INFO: [Labtools 27-1966] The ILA core 'hw_ila_1' triggered at 2026-Apr-22 14:47:01
INFO: [Labtools 27-3304] ILA Waveform data saved to file C:/Users/devandla/Desktop/Embedded-System-Project-DAT096/Board_1/project_2/project_2.hw/backup/hw_ila_data_1.ila. Use Tcl command 'read_hw_ila_data' or Vivado File->Import->Import ILA Data menu item to import the previously saved data.
run_hw_ila [get_hw_ilas -of_objects [get_hw_devices xc7z020_1] -filter {CELL_NAME=~"design_2_i/ila_0"}]
INFO: [Labtools 27-1964] The ILA core 'hw_ila_1' trigger was armed at 2026-Apr-22 14:47:06
wait_on_hw_ila [get_hw_ilas -of_objects [get_hw_devices xc7z020_1] -filter {CELL_NAME=~"design_2_i/ila_0"}]
display_hw_ila_data [upload_hw_ila_data [get_hw_ilas -of_objects [get_hw_devices xc7z020_1] -filter {CELL_NAME=~"design_2_i/ila_0"}]]
INFO: [Labtools 27-1966] The ILA core 'hw_ila_1' triggered at 2026-Apr-22 14:47:06
INFO: [Labtools 27-3304] ILA Waveform data saved to file C:/Users/devandla/Desktop/Embedded-System-Project-DAT096/Board_1/project_2/project_2.hw/backup/hw_ila_data_1.ila. Use Tcl command 'read_hw_ila_data' or Vivado File->Import->Import ILA Data menu item to import the previously saved data.
open_bd_design {C:/Users/devandla/Desktop/Embedded-System-Project-DAT096/Board_1/project_2/project_2.srcs/sources_1/bd/design_1/design_1.bd}
WARNING: [IP_Flow 19-4067] Ignoring invalid widget type specified checkbox.Providing a default widget
startgroup
set_property CONFIG.C_NUM_OF_PROBES {6} [get_bd_cells ila_0]
endgroup
connect_bd_net [get_bd_pins ZmodAWGController_0/sConfigError] [get_bd_pins ila_0/probe4]
connect_bd_net [get_bd_pins ZmodAWGController_0/sInitDoneDAC] [get_bd_pins ila_0/probe5]
validate_bd_design
INFO: [xilinx.com:ip:clk_wiz:6.0-1] /clk_wiz_0 clk_wiz propagate
save_bd_design
Wrote  : <C:\Users\devandla\Desktop\Embedded-System-Project-DAT096\Board_1\project_2\project_2.srcs\sources_1\bd\design_1\design_1.bd> 
Wrote  : <C:/Users/devandla/Desktop/Embedded-System-Project-DAT096/Board_1/project_2/project_2.srcs/sources_1/bd/design_1/ui/bd_1f5defd0.ui> 
reset_run synth_1
INFO: [Project 1-1161] Replacing file C:/Users/devandla/Desktop/Embedded-System-Project-DAT096/Board_1/project_2/project_2.srcs/utils_1/imports/synth_1/prbs_axis_master_32.dcp with file C:/Users/devandla/Desktop/Embedded-System-Project-DAT096/Board_1/project_2/project_2.runs/synth_1/design_1_wrapper.dcp
WARNING: [Vivado 12-1017] Problems encountered:
1. Failed to delete one or more files in run directory C:/Users/devandla/Desktop/Embedded-System-Project-DAT096/Board_1/project_2/project_2.runs/synth_1

launch_runs impl_1 -to_step write_bitstream -jobs 28
INFO: [BD 41-1662] The design 'design_1.bd' is already validated. Therefore parameter propagation will not be re-run.
VHDL Output written to : c:/Users/devandla/Desktop/Embedded-System-Project-DAT096/Board_1/project_2/project_2.gen/sources_1/bd/design_1/synth/design_1.vhd
VHDL Output written to : c:/Users/devandla/Desktop/Embedded-System-Project-DAT096/Board_1/project_2/project_2.gen/sources_1/bd/design_1/sim/design_1.vhd
VHDL Output written to : c:/Users/devandla/Desktop/Embedded-System-Project-DAT096/Board_1/project_2/project_2.gen/sources_1/bd/design_1/hdl/design_1_wrapper.vhd
WARNING: [IP_Flow 19-4994] Overwriting existing constraint file 'c:/Users/devandla/Desktop/Embedded-System-Project-DAT096/Board_1/project_2/project_2.gen/sources_1/bd/design_1/ip/design_1_ila_0_0/design_1_ila_0_0_ooc.xdc'
INFO: [BD 41-1029] Generation completed for the IP Integrator block ila_0 .
Exporting to file c:/Users/devandla/Desktop/Embedded-System-Project-DAT096/Board_1/project_2/project_2.gen/sources_1/bd/design_1/hw_handoff/design_1.hwh
Generated Hardware Definition File c:/Users/devandla/Desktop/Embedded-System-Project-DAT096/Board_1/project_2/project_2.gen/sources_1/bd/design_1/synth/design_1.hwdef
INFO: [IP_Flow 19-6924] IPCACHE: Running cache check for IP inst: design_1_ila_0_0
WARNING: [filemgmt 56-199] Attempt to get parsing info during refresh. "On-the-fly" syntax checking information may be incorrect. [C:\Users\devandla\Desktop\Embedded-System-Project-DAT096\Board_1\project_2\project_2.srcs\sources_1\new\signal_generator.vhd:]
WARNING: [filemgmt 56-199] Attempt to get parsing info during refresh. "On-the-fly" syntax checking information may be incorrect. [C:\Users\devandla\Desktop\Embedded-System-Project-DAT096\Board_1\project_2\project_2.srcs\sources_1\new\ADC_converter.vhd:]
WARNING: [filemgmt 56-199] Attempt to get parsing info during refresh. "On-the-fly" syntax checking information may be incorrect. [C:\Users\devandla\Desktop\Embedded-System-Project-DAT096\Board_1\project_2\project_2.srcs\sources_1\new\prbs_axis_master_32.vhd:]
WARNING: [filemgmt 56-199] Attempt to get parsing info during refresh. "On-the-fly" syntax checking information may be incorrect. [C:\Users\devandla\Desktop\Embedded-System-Project-DAT096\Board_1\project_2\project_2.srcs\sources_1\new\prbs_axis_master_32.vhd:]
WARNING: [filemgmt 56-199] Attempt to get parsing info during refresh. "On-the-fly" syntax checking information may be incorrect. [C:\Users\devandla\Desktop\Embedded-System-Project-DAT096\Board_1\project_2\project_2.srcs\sources_1\new\prbs_axis_master_32.vhd:]
[Wed Apr 22 14:47:56 2026] Launched design_1_ila_0_0_synth_1, synth_1...
Run output will be captured here:
design_1_ila_0_0_synth_1: C:/Users/devandla/Desktop/Embedded-System-Project-DAT096/Board_1/project_2/project_2.runs/design_1_ila_0_0_synth_1/runme.log
synth_1: C:/Users/devandla/Desktop/Embedded-System-Project-DAT096/Board_1/project_2/project_2.runs/synth_1/runme.log
[Wed Apr 22 14:47:56 2026] Launched impl_1...
Run output will be captured here: C:/Users/devandla/Desktop/Embedded-System-Project-DAT096/Board_1/project_2/project_2.runs/impl_1/runme.log
ERROR: [Common 17-180] Spawn failed: No error
WARNING: [filemgmt 56-199] Attempt to get parsing info during refresh. "On-the-fly" syntax checking information may be incorrect. [C:\Users\devandla\Desktop\Embedded-System-Project-DAT096\Board_1\project_2\project_2.srcs\sources_1\new\signal_generator.vhd:]
WARNING: [filemgmt 56-199] Attempt to get parsing info during refresh. "On-the-fly" syntax checking information may be incorrect. [C:\Users\devandla\Desktop\Embedded-System-Project-DAT096\Board_1\project_2\project_2.srcs\sources_1\new\ADC_converter.vhd:]
WARNING: [filemgmt 56-199] Attempt to get parsing info during refresh. "On-the-fly" syntax checking information may be incorrect. [C:\Users\devandla\Desktop\Embedded-System-Project-DAT096\Board_1\project_2\project_2.srcs\sources_1\new\prbs_axis_master_32.vhd:]
WARNING: [filemgmt 56-199] Attempt to get parsing info during refresh. "On-the-fly" syntax checking information may be incorrect. [C:\Users\devandla\Desktop\Embedded-System-Project-DAT096\Board_1\project_2\project_2.srcs\sources_1\new\ADC_converter.vhd:]
WARNING: [filemgmt 56-199] Attempt to get parsing info during refresh. "On-the-fly" syntax checking information may be incorrect. [C:\Users\devandla\Desktop\Embedded-System-Project-DAT096\Board_1\project_2\project_2.srcs\sources_1\new\ADC_converter.vhd:]
ERROR: [Common 17-180] Spawn failed: No error
WARNING: [filemgmt 56-199] Attempt to get parsing info during refresh. "On-the-fly" syntax checking information may be incorrect. [C:\Users\devandla\Desktop\Embedded-System-Project-DAT096\Board_1\project_2\project_2.srcs\sources_1\new\signal_generator.vhd:]
WARNING: [filemgmt 56-199] Attempt to get parsing info during refresh. "On-the-fly" syntax checking information may be incorrect. [C:\Users\devandla\Desktop\Embedded-System-Project-DAT096\Board_1\project_2\project_2.srcs\sources_1\new\ADC_converter.vhd:]
WARNING: [filemgmt 56-199] Attempt to get parsing info during refresh. "On-the-fly" syntax checking information may be incorrect. [C:\Users\devandla\Desktop\Embedded-System-Project-DAT096\Board_1\project_2\project_2.srcs\sources_1\new\prbs_axis_master_32.vhd:]
WARNING: [filemgmt 56-199] Attempt to get parsing info during refresh. "On-the-fly" syntax checking information may be incorrect. [C:\Users\devandla\Desktop\Embedded-System-Project-DAT096\Board_1\project_2\project_2.srcs\sources_1\new\prbs_axis_master_32.vhd:]
WARNING: [filemgmt 56-199] Attempt to get parsing info during refresh. "On-the-fly" syntax checking information may be incorrect. [C:\Users\devandla\Desktop\Embedded-System-Project-DAT096\Board_1\project_2\project_2.srcs\sources_1\new\prbs_axis_master_32.vhd:]
WARNING: [filemgmt 56-199] Attempt to get parsing info during refresh. "On-the-fly" syntax checking information may be incorrect. [C:\Users\devandla\Desktop\Embedded-System-Project-DAT096\Board_1\project_2\project_2.srcs\sources_1\new\signal_generator.vhd:]
WARNING: [filemgmt 56-199] Attempt to get parsing info during refresh. "On-the-fly" syntax checking information may be incorrect. [C:\Users\devandla\Desktop\Embedded-System-Project-DAT096\Board_1\project_2\project_2.srcs\sources_1\new\ADC_converter.vhd:]
WARNING: [filemgmt 56-199] Attempt to get parsing info during refresh. "On-the-fly" syntax checking information may be incorrect. [C:\Users\devandla\Desktop\Embedded-System-Project-DAT096\Board_1\project_2\project_2.srcs\sources_1\new\prbs_axis_master_32.vhd:]
WARNING: [filemgmt 56-199] Attempt to get parsing info during refresh. "On-the-fly" syntax checking information may be incorrect. [C:\Users\devandla\Desktop\Embedded-System-Project-DAT096\Board_1\project_2\project_2.srcs\sources_1\new\ADC_converter.vhd:]
WARNING: [filemgmt 56-199] Attempt to get parsing info during refresh. "On-the-fly" syntax checking information may be incorrect. [C:\Users\devandla\Desktop\Embedded-System-Project-DAT096\Board_1\project_2\project_2.srcs\sources_1\new\ADC_converter.vhd:]
set_property PROBES.FILE {C:/Users/devandla/Desktop/Embedded-System-Project-DAT096/Board_2/Board_2/Board_2.runs/impl_1/design_2_wrapper.ltx} [get_hw_devices xc7z020_1]
set_property FULL_PROBES.FILE {C:/Users/devandla/Desktop/Embedded-System-Project-DAT096/Board_2/Board_2/Board_2.runs/impl_1/design_2_wrapper.ltx} [get_hw_devices xc7z020_1]
set_property PROGRAM.FILE {C:/Users/devandla/Desktop/Embedded-System-Project-DAT096/Board_2/Board_2/Board_2.runs/impl_1/design_2_wrapper.bit} [get_hw_devices xc7z020_1]
program_hw_devices [get_hw_devices xc7z020_1]
INFO: [Labtools 27-3164] End of startup status: HIGH
refresh_hw_device [lindex [get_hw_devices xc7z020_1] 0]
INFO: [Labtools 27-2302] Device xc7z020 (JTAG device index = 1) is programmed with a design that has 1 ILA core(s).
run_hw_ila [get_hw_ilas -of_objects [get_hw_devices xc7z020_1] -filter {CELL_NAME=~"design_2_i/ila_0"}]
INFO: [Labtools 27-1964] The ILA core 'hw_ila_1' trigger was armed at 2026-Apr-22 14:52:09
wait_on_hw_ila [get_hw_ilas -of_objects [get_hw_devices xc7z020_1] -filter {CELL_NAME=~"design_2_i/ila_0"}]
display_hw_ila_data [upload_hw_ila_data [get_hw_ilas -of_objects [get_hw_devices xc7z020_1] -filter {CELL_NAME=~"design_2_i/ila_0"}]]
INFO: [Labtools 27-1966] The ILA core 'hw_ila_1' triggered at 2026-Apr-22 14:52:09
INFO: [Labtools 27-3304] ILA Waveform data saved to file C:/Users/devandla/Desktop/Embedded-System-Project-DAT096/Board_1/project_2/project_2.hw/backup/hw_ila_data_1.ila. Use Tcl command 'read_hw_ila_data' or Vivado File->Import->Import ILA Data menu item to import the previously saved data.
run_hw_ila [get_hw_ilas -of_objects [get_hw_devices xc7z020_1] -filter {CELL_NAME=~"design_2_i/ila_0"}]
INFO: [Labtools 27-1964] The ILA core 'hw_ila_1' trigger was armed at 2026-Apr-22 14:52:58
wait_on_hw_ila [get_hw_ilas -of_objects [get_hw_devices xc7z020_1] -filter {CELL_NAME=~"design_2_i/ila_0"}]
display_hw_ila_data [upload_hw_ila_data [get_hw_ilas -of_objects [get_hw_devices xc7z020_1] -filter {CELL_NAME=~"design_2_i/ila_0"}]]
INFO: [Labtools 27-1966] The ILA core 'hw_ila_1' triggered at 2026-Apr-22 14:52:58
INFO: [Labtools 27-3304] ILA Waveform data saved to file C:/Users/devandla/Desktop/Embedded-System-Project-DAT096/Board_1/project_2/project_2.hw/backup/hw_ila_data_1.ila. Use Tcl command 'read_hw_ila_data' or Vivado File->Import->Import ILA Data menu item to import the previously saved data.
run_hw_ila [get_hw_ilas -of_objects [get_hw_devices xc7z020_1] -filter {CELL_NAME=~"design_2_i/ila_0"}]
INFO: [Labtools 27-1964] The ILA core 'hw_ila_1' trigger was armed at 2026-Apr-22 14:53:11
wait_on_hw_ila [get_hw_ilas -of_objects [get_hw_devices xc7z020_1] -filter {CELL_NAME=~"design_2_i/ila_0"}]
display_hw_ila_data [upload_hw_ila_data [get_hw_ilas -of_objects [get_hw_devices xc7z020_1] -filter {CELL_NAME=~"design_2_i/ila_0"}]]
INFO: [Labtools 27-1966] The ILA core 'hw_ila_1' triggered at 2026-Apr-22 14:53:11
INFO: [Labtools 27-3304] ILA Waveform data saved to file C:/Users/devandla/Desktop/Embedded-System-Project-DAT096/Board_1/project_2/project_2.hw/backup/hw_ila_data_1.ila. Use Tcl command 'read_hw_ila_data' or Vivado File->Import->Import ILA Data menu item to import the previously saved data.
run_hw_ila [get_hw_ilas -of_objects [get_hw_devices xc7z020_1] -filter {CELL_NAME=~"design_2_i/ila_0"}]
INFO: [Labtools 27-1964] The ILA core 'hw_ila_1' trigger was armed at 2026-Apr-22 14:53:14
wait_on_hw_ila [get_hw_ilas -of_objects [get_hw_devices xc7z020_1] -filter {CELL_NAME=~"design_2_i/ila_0"}]
display_hw_ila_data [upload_hw_ila_data [get_hw_ilas -of_objects [get_hw_devices xc7z020_1] -filter {CELL_NAME=~"design_2_i/ila_0"}]]
INFO: [Labtools 27-1966] The ILA core 'hw_ila_1' triggered at 2026-Apr-22 14:53:14
INFO: [Labtools 27-3304] ILA Waveform data saved to file C:/Users/devandla/Desktop/Embedded-System-Project-DAT096/Board_1/project_2/project_2.hw/backup/hw_ila_data_1.ila. Use Tcl command 'read_hw_ila_data' or Vivado File->Import->Import ILA Data menu item to import the previously saved data.
run_hw_ila [get_hw_ilas -of_objects [get_hw_devices xc7z020_1] -filter {CELL_NAME=~"design_2_i/ila_0"}]
INFO: [Labtools 27-1964] The ILA core 'hw_ila_1' trigger was armed at 2026-Apr-22 14:53:16
wait_on_hw_ila [get_hw_ilas -of_objects [get_hw_devices xc7z020_1] -filter {CELL_NAME=~"design_2_i/ila_0"}]
display_hw_ila_data [upload_hw_ila_data [get_hw_ilas -of_objects [get_hw_devices xc7z020_1] -filter {CELL_NAME=~"design_2_i/ila_0"}]]
INFO: [Labtools 27-1966] The ILA core 'hw_ila_1' triggered at 2026-Apr-22 14:53:16
INFO: [Labtools 27-3304] ILA Waveform data saved to file C:/Users/devandla/Desktop/Embedded-System-Project-DAT096/Board_1/project_2/project_2.hw/backup/hw_ila_data_1.ila. Use Tcl command 'read_hw_ila_data' or Vivado File->Import->Import ILA Data menu item to import the previously saved data.
run_hw_ila [get_hw_ilas -of_objects [get_hw_devices xc7z020_1] -filter {CELL_NAME=~"design_2_i/ila_0"}]
INFO: [Labtools 27-1964] The ILA core 'hw_ila_1' trigger was armed at 2026-Apr-22 14:53:19
wait_on_hw_ila [get_hw_ilas -of_objects [get_hw_devices xc7z020_1] -filter {CELL_NAME=~"design_2_i/ila_0"}]
display_hw_ila_data [upload_hw_ila_data [get_hw_ilas -of_objects [get_hw_devices xc7z020_1] -filter {CELL_NAME=~"design_2_i/ila_0"}]]
INFO: [Labtools 27-1966] The ILA core 'hw_ila_1' triggered at 2026-Apr-22 14:53:19
INFO: [Labtools 27-3304] ILA Waveform data saved to file C:/Users/devandla/Desktop/Embedded-System-Project-DAT096/Board_1/project_2/project_2.hw/backup/hw_ila_data_1.ila. Use Tcl command 'read_hw_ila_data' or Vivado File->Import->Import ILA Data menu item to import the previously saved data.
run_hw_ila [get_hw_ilas -of_objects [get_hw_devices xc7z020_1] -filter {CELL_NAME=~"design_2_i/ila_0"}]
INFO: [Labtools 27-1964] The ILA core 'hw_ila_1' trigger was armed at 2026-Apr-22 14:53:20
wait_on_hw_ila [get_hw_ilas -of_objects [get_hw_devices xc7z020_1] -filter {CELL_NAME=~"design_2_i/ila_0"}]
display_hw_ila_data [upload_hw_ila_data [get_hw_ilas -of_objects [get_hw_devices xc7z020_1] -filter {CELL_NAME=~"design_2_i/ila_0"}]]
INFO: [Labtools 27-1966] The ILA core 'hw_ila_1' triggered at 2026-Apr-22 14:53:20
INFO: [Labtools 27-3304] ILA Waveform data saved to file C:/Users/devandla/Desktop/Embedded-System-Project-DAT096/Board_1/project_2/project_2.hw/backup/hw_ila_data_1.ila. Use Tcl command 'read_hw_ila_data' or Vivado File->Import->Import ILA Data menu item to import the previously saved data.
run_hw_ila [get_hw_ilas -of_objects [get_hw_devices xc7z020_1] -filter {CELL_NAME=~"design_2_i/ila_0"}]
INFO: [Labtools 27-1964] The ILA core 'hw_ila_1' trigger was armed at 2026-Apr-22 14:53:21
wait_on_hw_ila [get_hw_ilas -of_objects [get_hw_devices xc7z020_1] -filter {CELL_NAME=~"design_2_i/ila_0"}]
display_hw_ila_data [upload_hw_ila_data [get_hw_ilas -of_objects [get_hw_devices xc7z020_1] -filter {CELL_NAME=~"design_2_i/ila_0"}]]
INFO: [Labtools 27-1966] The ILA core 'hw_ila_1' triggered at 2026-Apr-22 14:53:22
INFO: [Labtools 27-3304] ILA Waveform data saved to file C:/Users/devandla/Desktop/Embedded-System-Project-DAT096/Board_1/project_2/project_2.hw/backup/hw_ila_data_1.ila. Use Tcl command 'read_hw_ila_data' or Vivado File->Import->Import ILA Data menu item to import the previously saved data.
run_hw_ila [get_hw_ilas -of_objects [get_hw_devices xc7z020_1] -filter {CELL_NAME=~"design_2_i/ila_0"}]
INFO: [Labtools 27-1964] The ILA core 'hw_ila_1' trigger was armed at 2026-Apr-22 14:53:23
wait_on_hw_ila [get_hw_ilas -of_objects [get_hw_devices xc7z020_1] -filter {CELL_NAME=~"design_2_i/ila_0"}]
display_hw_ila_data [upload_hw_ila_data [get_hw_ilas -of_objects [get_hw_devices xc7z020_1] -filter {CELL_NAME=~"design_2_i/ila_0"}]]
INFO: [Labtools 27-1966] The ILA core 'hw_ila_1' triggered at 2026-Apr-22 14:53:23
INFO: [Labtools 27-3304] ILA Waveform data saved to file C:/Users/devandla/Desktop/Embedded-System-Project-DAT096/Board_1/project_2/project_2.hw/backup/hw_ila_data_1.ila. Use Tcl command 'read_hw_ila_data' or Vivado File->Import->Import ILA Data menu item to import the previously saved data.
set_property PROBES.FILE {C:/Users/devandla/Desktop/Embedded-System-Project-DAT096/Board_2/Board_2/Board_2.runs/impl_1/design_2_wrapper.ltx} [get_hw_devices xc7z020_1]
set_property FULL_PROBES.FILE {C:/Users/devandla/Desktop/Embedded-System-Project-DAT096/Board_2/Board_2/Board_2.runs/impl_1/design_2_wrapper.ltx} [get_hw_devices xc7z020_1]
set_property PROGRAM.FILE {C:/Users/devandla/Desktop/Embedded-System-Project-DAT096/Board_2/Board_2/Board_2.runs/impl_1/design_2_wrapper.bit} [get_hw_devices xc7z020_1]
program_hw_devices [get_hw_devices xc7z020_1]
INFO: [Labtools 27-3164] End of startup status: HIGH
refresh_hw_device [lindex [get_hw_devices xc7z020_1] 0]
INFO: [Labtools 27-2302] Device xc7z020 (JTAG device index = 1) is programmed with a design that has 1 ILA core(s).
run_hw_ila [get_hw_ilas -of_objects [get_hw_devices xc7z020_1] -filter {CELL_NAME=~"design_2_i/ila_0"}]
INFO: [Labtools 27-1964] The ILA core 'hw_ila_1' trigger was armed at 2026-Apr-22 14:53:33
wait_on_hw_ila [get_hw_ilas -of_objects [get_hw_devices xc7z020_1] -filter {CELL_NAME=~"design_2_i/ila_0"}]
display_hw_ila_data [upload_hw_ila_data [get_hw_ilas -of_objects [get_hw_devices xc7z020_1] -filter {CELL_NAME=~"design_2_i/ila_0"}]]
INFO: [Labtools 27-1966] The ILA core 'hw_ila_1' triggered at 2026-Apr-22 14:53:33
INFO: [Labtools 27-3304] ILA Waveform data saved to file C:/Users/devandla/Desktop/Embedded-System-Project-DAT096/Board_1/project_2/project_2.hw/backup/hw_ila_data_1.ila. Use Tcl command 'read_hw_ila_data' or Vivado File->Import->Import ILA Data menu item to import the previously saved data.
run_hw_ila [get_hw_ilas -of_objects [get_hw_devices xc7z020_1] -filter {CELL_NAME=~"design_2_i/ila_0"}]
INFO: [Labtools 27-1964] The ILA core 'hw_ila_1' trigger was armed at 2026-Apr-22 14:53:35
wait_on_hw_ila [get_hw_ilas -of_objects [get_hw_devices xc7z020_1] -filter {CELL_NAME=~"design_2_i/ila_0"}]
display_hw_ila_data [upload_hw_ila_data [get_hw_ilas -of_objects [get_hw_devices xc7z020_1] -filter {CELL_NAME=~"design_2_i/ila_0"}]]
INFO: [Labtools 27-1966] The ILA core 'hw_ila_1' triggered at 2026-Apr-22 14:53:35
INFO: [Labtools 27-3304] ILA Waveform data saved to file C:/Users/devandla/Desktop/Embedded-System-Project-DAT096/Board_1/project_2/project_2.hw/backup/hw_ila_data_1.ila. Use Tcl command 'read_hw_ila_data' or Vivado File->Import->Import ILA Data menu item to import the previously saved data.
run_hw_ila [get_hw_ilas -of_objects [get_hw_devices xc7z020_1] -filter {CELL_NAME=~"design_2_i/ila_0"}]
INFO: [Labtools 27-1964] The ILA core 'hw_ila_1' trigger was armed at 2026-Apr-22 14:53:36
wait_on_hw_ila [get_hw_ilas -of_objects [get_hw_devices xc7z020_1] -filter {CELL_NAME=~"design_2_i/ila_0"}]
display_hw_ila_data [upload_hw_ila_data [get_hw_ilas -of_objects [get_hw_devices xc7z020_1] -filter {CELL_NAME=~"design_2_i/ila_0"}]]
INFO: [Labtools 27-1966] The ILA core 'hw_ila_1' triggered at 2026-Apr-22 14:53:36
INFO: [Labtools 27-3304] ILA Waveform data saved to file C:/Users/devandla/Desktop/Embedded-System-Project-DAT096/Board_1/project_2/project_2.hw/backup/hw_ila_data_1.ila. Use Tcl command 'read_hw_ila_data' or Vivado File->Import->Import ILA Data menu item to import the previously saved data.
run_hw_ila [get_hw_ilas -of_objects [get_hw_devices xc7z020_1] -filter {CELL_NAME=~"design_2_i/ila_0"}]
INFO: [Labtools 27-1964] The ILA core 'hw_ila_1' trigger was armed at 2026-Apr-22 14:53:38
wait_on_hw_ila [get_hw_ilas -of_objects [get_hw_devices xc7z020_1] -filter {CELL_NAME=~"design_2_i/ila_0"}]
display_hw_ila_data [upload_hw_ila_data [get_hw_ilas -of_objects [get_hw_devices xc7z020_1] -filter {CELL_NAME=~"design_2_i/ila_0"}]]
INFO: [Labtools 27-1966] The ILA core 'hw_ila_1' triggered at 2026-Apr-22 14:53:38
INFO: [Labtools 27-3304] ILA Waveform data saved to file C:/Users/devandla/Desktop/Embedded-System-Project-DAT096/Board_1/project_2/project_2.hw/backup/hw_ila_data_1.ila. Use Tcl command 'read_hw_ila_data' or Vivado File->Import->Import ILA Data menu item to import the previously saved data.
run_hw_ila [get_hw_ilas -of_objects [get_hw_devices xc7z020_1] -filter {CELL_NAME=~"design_2_i/ila_0"}]
INFO: [Labtools 27-1964] The ILA core 'hw_ila_1' trigger was armed at 2026-Apr-22 14:53:39
wait_on_hw_ila [get_hw_ilas -of_objects [get_hw_devices xc7z020_1] -filter {CELL_NAME=~"design_2_i/ila_0"}]
display_hw_ila_data [upload_hw_ila_data [get_hw_ilas -of_objects [get_hw_devices xc7z020_1] -filter {CELL_NAME=~"design_2_i/ila_0"}]]
INFO: [Labtools 27-1966] The ILA core 'hw_ila_1' triggered at 2026-Apr-22 14:53:39
INFO: [Labtools 27-3304] ILA Waveform data saved to file C:/Users/devandla/Desktop/Embedded-System-Project-DAT096/Board_1/project_2/project_2.hw/backup/hw_ila_data_1.ila. Use Tcl command 'read_hw_ila_data' or Vivado File->Import->Import ILA Data menu item to import the previously saved data.
run_hw_ila [get_hw_ilas -of_objects [get_hw_devices xc7z020_1] -filter {CELL_NAME=~"design_2_i/ila_0"}]
INFO: [Labtools 27-1964] The ILA core 'hw_ila_1' trigger was armed at 2026-Apr-22 14:53:40
wait_on_hw_ila [get_hw_ilas -of_objects [get_hw_devices xc7z020_1] -filter {CELL_NAME=~"design_2_i/ila_0"}]
display_hw_ila_data [upload_hw_ila_data [get_hw_ilas -of_objects [get_hw_devices xc7z020_1] -filter {CELL_NAME=~"design_2_i/ila_0"}]]
INFO: [Labtools 27-1966] The ILA core 'hw_ila_1' triggered at 2026-Apr-22 14:53:40
INFO: [Labtools 27-3304] ILA Waveform data saved to file C:/Users/devandla/Desktop/Embedded-System-Project-DAT096/Board_1/project_2/project_2.hw/backup/hw_ila_data_1.ila. Use Tcl command 'read_hw_ila_data' or Vivado File->Import->Import ILA Data menu item to import the previously saved data.
run_hw_ila [get_hw_ilas -of_objects [get_hw_devices xc7z020_1] -filter {CELL_NAME=~"design_2_i/ila_0"}]
INFO: [Labtools 27-1964] The ILA core 'hw_ila_1' trigger was armed at 2026-Apr-22 14:53:42
wait_on_hw_ila [get_hw_ilas -of_objects [get_hw_devices xc7z020_1] -filter {CELL_NAME=~"design_2_i/ila_0"}]
display_hw_ila_data [upload_hw_ila_data [get_hw_ilas -of_objects [get_hw_devices xc7z020_1] -filter {CELL_NAME=~"design_2_i/ila_0"}]]
INFO: [Labtools 27-1966] The ILA core 'hw_ila_1' triggered at 2026-Apr-22 14:53:42
INFO: [Labtools 27-3304] ILA Waveform data saved to file C:/Users/devandla/Desktop/Embedded-System-Project-DAT096/Board_1/project_2/project_2.hw/backup/hw_ila_data_1.ila. Use Tcl command 'read_hw_ila_data' or Vivado File->Import->Import ILA Data menu item to import the previously saved data.
run_hw_ila [get_hw_ilas -of_objects [get_hw_devices xc7z020_1] -filter {CELL_NAME=~"design_2_i/ila_0"}]
INFO: [Labtools 27-1964] The ILA core 'hw_ila_1' trigger was armed at 2026-Apr-22 14:53:43
wait_on_hw_ila [get_hw_ilas -of_objects [get_hw_devices xc7z020_1] -filter {CELL_NAME=~"design_2_i/ila_0"}]
display_hw_ila_data [upload_hw_ila_data [get_hw_ilas -of_objects [get_hw_devices xc7z020_1] -filter {CELL_NAME=~"design_2_i/ila_0"}]]
INFO: [Labtools 27-1966] The ILA core 'hw_ila_1' triggered at 2026-Apr-22 14:53:43
INFO: [Labtools 27-3304] ILA Waveform data saved to file C:/Users/devandla/Desktop/Embedded-System-Project-DAT096/Board_1/project_2/project_2.hw/backup/hw_ila_data_1.ila. Use Tcl command 'read_hw_ila_data' or Vivado File->Import->Import ILA Data menu item to import the previously saved data.
open_bd_design {C:/Users/devandla/Desktop/Embedded-System-Project-DAT096/Board_1/project_2/project_2.srcs/sources_1/bd/design_1/design_1.bd}
open_bd_design {C:/Users/devandla/Desktop/Embedded-System-Project-DAT096/Board_1/project_2/project_2.srcs/sources_1/bd/design_1/design_1.bd}
set_property PROBES.FILE {C:/Users/devandla/Desktop/Embedded-System-Project-DAT096/Board_2/Board_2/Board_2.runs/impl_1/design_2_wrapper.ltx} [get_hw_devices xc7z020_1]
set_property FULL_PROBES.FILE {C:/Users/devandla/Desktop/Embedded-System-Project-DAT096/Board_2/Board_2/Board_2.runs/impl_1/design_2_wrapper.ltx} [get_hw_devices xc7z020_1]
set_property PROGRAM.FILE {C:/Users/devandla/Desktop/Embedded-System-Project-DAT096/Board_2/Board_2/Board_2.runs/impl_1/design_2_wrapper.bit} [get_hw_devices xc7z020_1]
program_hw_devices [get_hw_devices xc7z020_1]
INFO: [Labtools 27-3164] End of startup status: HIGH
refresh_hw_device [lindex [get_hw_devices xc7z020_1] 0]
INFO: [Labtools 27-2302] Device xc7z020 (JTAG device index = 1) is programmed with a design that has 1 ILA core(s).
open_bd_design {C:/Users/devandla/Desktop/Embedded-System-Project-DAT096/Board_1/project_2/project_2.srcs/sources_1/bd/design_1/design_1.bd}
set_property  ip_repo_paths  z:/eda234/vivado-library-master [current_project]
update_ip_catalog
INFO: [IP_Flow 19-234] Refreshing IP repositories
INFO: [IP_Flow 19-1700] Loaded user IP repository 'z:/eda234/vivado-library-master'.
update_ip_catalog -rebuild
INFO: [IP_Flow 19-234] Refreshing IP repositories
INFO: [IP_Flow 19-1700] Loaded user IP repository 'z:/eda234/vivado-library-master'.
update_ip_catalog: Time (s): cpu = 00:00:01 ; elapsed = 00:00:06 . Memory (MB): peak = 2911.363 ; gain = 0.000
validate_bd_design -force
INFO: [xilinx.com:ip:clk_wiz:6.0-1] /clk_wiz_0 clk_wiz propagate
report_ip_status -name ip_status 
open_project C:/Users/devandla/Desktop/Embedded-System-Project-DAT096/Board_2/Board_2/Board_2.xpr
WARNING: [filemgmt 56-3] IP Repository Path: Could not find the directory 'z:/DAT096/vivado-library-zmod-v2-2019.1-2/vivado-library-zmod-v2-2019.1-2'.
Scanning sources...
Finished scanning sources
INFO: [IP_Flow 19-234] Refreshing IP repositories
WARNING: [IP_Flow 19-2248] Failed to load user IP repository 'z:/DAT096/vivado-library-zmod-v2-2019.1-2/vivado-library-zmod-v2-2019.1-2'; Can't find the specified path.
If this directory should no longer be in your list of user repositories, go to the IP Settings dialog and remove it.
INFO: [IP_Flow 19-1700] Loaded user IP repository 'z:/embedded project/Eclypse-Z7-HW/Eclypse-Z7-HW.ipdefs/repo'.
WARNING: [filemgmt 56-199] Attempt to get parsing info during refresh. "On-the-fly" syntax checking information may be incorrect. [C:\Users\devandla\Desktop\Embedded-System-Project-DAT096\Board_1\project_2\project_2.srcs\sources_1\new\signal_generator.vhd:]
WARNING: [filemgmt 56-199] Attempt to get parsing info during refresh. "On-the-fly" syntax checking information may be incorrect. [C:\Users\devandla\Desktop\Embedded-System-Project-DAT096\Board_1\project_2\project_2.srcs\sources_1\new\ADC_converter.vhd:]
WARNING: [filemgmt 56-199] Attempt to get parsing info during refresh. "On-the-fly" syntax checking information may be incorrect. [C:\Users\devandla\Desktop\Embedded-System-Project-DAT096\Board_1\project_2\project_2.srcs\sources_1\new\prbs_axis_master_32.vhd:]
WARNING: [filemgmt 56-199] Attempt to get parsing info during refresh. "On-the-fly" syntax checking information may be incorrect. [C:\Users\devandla\Desktop\Embedded-System-Project-DAT096\Board_1\project_2\project_2.srcs\sources_1\new\prbs_axis_master_32.vhd:]
WARNING: [filemgmt 56-199] Attempt to get parsing info during refresh. "On-the-fly" syntax checking information may be incorrect. [C:\Users\devandla\Desktop\Embedded-System-Project-DAT096\Board_1\project_2\project_2.srcs\sources_1\new\prbs_axis_master_32.vhd:]
WARNING: [filemgmt 56-199] Attempt to get parsing info during refresh. "On-the-fly" syntax checking information may be incorrect. [C:\Users\devandla\Desktop\Embedded-System-Project-DAT096\Board_1\project_2\project_2.srcs\sources_1\new\signal_generator.vhd:]
WARNING: [filemgmt 56-199] Attempt to get parsing info during refresh. "On-the-fly" syntax checking information may be incorrect. [C:\Users\devandla\Desktop\Embedded-System-Project-DAT096\Board_1\project_2\project_2.srcs\sources_1\new\ADC_converter.vhd:]
WARNING: [filemgmt 56-199] Attempt to get parsing info during refresh. "On-the-fly" syntax checking information may be incorrect. [C:\Users\devandla\Desktop\Embedded-System-Project-DAT096\Board_1\project_2\project_2.srcs\sources_1\new\prbs_axis_master_32.vhd:]
WARNING: [filemgmt 56-199] Attempt to get parsing info during refresh. "On-the-fly" syntax checking information may be incorrect. [C:\Users\devandla\Desktop\Embedded-System-Project-DAT096\Board_1\project_2\project_2.srcs\sources_1\new\ADC_converter.vhd:]
WARNING: [filemgmt 56-199] Attempt to get parsing info during refresh. "On-the-fly" syntax checking information may be incorrect. [C:\Users\devandla\Desktop\Embedded-System-Project-DAT096\Board_1\project_2\project_2.srcs\sources_1\new\ADC_converter.vhd:]
ERROR: [Common 17-180] Spawn failed: No error
INFO: [IP_Flow 19-1700] Loaded user IP repository 'z:/eda234/vivado-library-master'.
WARNING: [IP_Flow 19-3685] Ignored loading user repository 'z:/eda234/vivado-library-master/ip'. The path is contained within another repository.
INFO: [IP_Flow 19-2313] Loaded Vivado IP repository 'C:/Progs/Xilinx/Vivado/2024.2/data/ip'.
WARNING: [IP_Flow 19-1663] Duplicate IP found for 'digilent.com:user:ZmodAWGController:1.1'. The one found in IP location 'z:/embedded project/Eclypse-Z7-HW/Eclypse-Z7-HW.ipdefs/repo/vivado-library/ip/Zmods/ZmodAWGController' will take precedence over the same IP in location z:/eda234/vivado-library-master/ip/Zmods/ZmodAWGController
WARNING: [IP_Flow 19-1663] Duplicate IP found for 'digilent.com:user:ZmodScopeController:1.2'. The one found in IP location 'z:/embedded project/Eclypse-Z7-HW/Eclypse-Z7-HW.ipdefs/repo/vivado-library/ip/Zmods/ZmodScopeController' will take precedence over the same IP in location z:/eda234/vivado-library-master/ip/Zmods/ZmodScopeController
WARNING: [IP_Flow 19-4830] Duplicate Interface found for 'digilent.com:user:ZmodAWG_Calibration:1.0'. The one found in location 'z:/embedded project/Eclypse-Z7-HW/Eclypse-Z7-HW.ipdefs/repo/vivado-library/if/ZmodAWG_Calibration_v1_0/ZmodAWG_Calibration.xml' will take precedence over the same Interface in location 'z:/eda234/vivado-library-master/if/ZmodAWG_Calibration_v1_0/ZmodAWG_Calibration.xml'
WARNING: [IP_Flow 19-4830] Duplicate Interface found for 'natinst.com:user:ZmodScope_Calibration:1.0'. The one found in location 'z:/embedded project/Eclypse-Z7-HW/Eclypse-Z7-HW.ipdefs/repo/vivado-library/if/ZmodScope_Calibration_v1_0/ZmodScope_Calibration.xml' will take precedence over the same Interface in location 'z:/eda234/vivado-library-master/if/ZmodScope_Calibration_v1_0/ZmodScope_Calibration.xml'
INFO: [Project 1-5579] Found utility IPs instantiated in one or more block designs which have equivalent inline hdl with improved performance and reduced diskspace. It is recommended to migrate these utility IPs to inline hdl using the command upgrade_project -migrate_to_inline_hdl. The utility IPs may be deprecated in future releases. More information on inline hdl is available in UG994.
open_project: Time (s): cpu = 00:00:04 ; elapsed = 00:00:09 . Memory (MB): peak = 2911.363 ; gain = 0.000
ERROR: [Common 17-39] 'open_project' failed due to earlier errors.
WARNING: [filemgmt 56-199] Attempt to get parsing info during refresh. "On-the-fly" syntax checking information may be incorrect. [C:\Users\devandla\Desktop\Embedded-System-Project-DAT096\Board_1\project_2\project_2.srcs\sources_1\new\signal_generator.vhd:]
WARNING: [filemgmt 56-199] Attempt to get parsing info during refresh. "On-the-fly" syntax checking information may be incorrect. [C:\Users\devandla\Desktop\Embedded-System-Project-DAT096\Board_1\project_2\project_2.srcs\sources_1\new\ADC_converter.vhd:]
WARNING: [filemgmt 56-199] Attempt to get parsing info during refresh. "On-the-fly" syntax checking information may be incorrect. [C:\Users\devandla\Desktop\Embedded-System-Project-DAT096\Board_1\project_2\project_2.srcs\sources_1\new\prbs_axis_master_32.vhd:]
WARNING: [filemgmt 56-199] Attempt to get parsing info during refresh. "On-the-fly" syntax checking information may be incorrect. [C:\Users\devandla\Desktop\Embedded-System-Project-DAT096\Board_1\project_2\project_2.srcs\sources_1\new\prbs_axis_master_32.vhd:]
WARNING: [filemgmt 56-199] Attempt to get parsing info during refresh. "On-the-fly" syntax checking information may be incorrect. [C:\Users\devandla\Desktop\Embedded-System-Project-DAT096\Board_1\project_2\project_2.srcs\sources_1\new\prbs_axis_master_32.vhd:]
WARNING: [filemgmt 56-199] Attempt to get parsing info during refresh. "On-the-fly" syntax checking information may be incorrect. [C:\Users\devandla\Desktop\Embedded-System-Project-DAT096\Board_1\project_2\project_2.srcs\sources_1\new\signal_generator.vhd:]
WARNING: [filemgmt 56-199] Attempt to get parsing info during refresh. "On-the-fly" syntax checking information may be incorrect. [C:\Users\devandla\Desktop\Embedded-System-Project-DAT096\Board_1\project_2\project_2.srcs\sources_1\new\ADC_converter.vhd:]
WARNING: [filemgmt 56-199] Attempt to get parsing info during refresh. "On-the-fly" syntax checking information may be incorrect. [C:\Users\devandla\Desktop\Embedded-System-Project-DAT096\Board_1\project_2\project_2.srcs\sources_1\new\prbs_axis_master_32.vhd:]
WARNING: [filemgmt 56-199] Attempt to get parsing info during refresh. "On-the-fly" syntax checking information may be incorrect. [C:\Users\devandla\Desktop\Embedded-System-Project-DAT096\Board_1\project_2\project_2.srcs\sources_1\new\signal_generator.vhd:]
WARNING: [filemgmt 56-199] Attempt to get parsing info during refresh. "On-the-fly" syntax checking information may be incorrect. [C:\Users\devandla\Desktop\Embedded-System-Project-DAT096\Board_1\project_2\project_2.srcs\sources_1\new\signal_generator.vhd:]
ERROR: [Common 17-180] Spawn failed: No error
WARNING: [filemgmt 56-199] Attempt to get parsing info during refresh. "On-the-fly" syntax checking information may be incorrect. [C:\Users\devandla\Desktop\Embedded-System-Project-DAT096\Board_1\project_2\project_2.srcs\sources_1\new\signal_generator.vhd:]
WARNING: [filemgmt 56-199] Attempt to get parsing info during refresh. "On-the-fly" syntax checking information may be incorrect. [C:\Users\devandla\Desktop\Embedded-System-Project-DAT096\Board_1\project_2\project_2.srcs\sources_1\new\ADC_converter.vhd:]
WARNING: [filemgmt 56-199] Attempt to get parsing info during refresh. "On-the-fly" syntax checking information may be incorrect. [C:\Users\devandla\Desktop\Embedded-System-Project-DAT096\Board_1\project_2\project_2.srcs\sources_1\new\prbs_axis_master_32.vhd:]
WARNING: [filemgmt 56-199] Attempt to get parsing info during refresh. "On-the-fly" syntax checking information may be incorrect. [C:\Users\devandla\Desktop\Embedded-System-Project-DAT096\Board_1\project_2\project_2.srcs\sources_1\new\prbs_axis_master_32.vhd:]
WARNING: [filemgmt 56-199] Attempt to get parsing info during refresh. "On-the-fly" syntax checking information may be incorrect. [C:\Users\devandla\Desktop\Embedded-System-Project-DAT096\Board_1\project_2\project_2.srcs\sources_1\new\prbs_axis_master_32.vhd:]
WARNING: [filemgmt 56-199] Attempt to get parsing info during refresh. "On-the-fly" syntax checking information may be incorrect. [C:\Users\devandla\Desktop\Embedded-System-Project-DAT096\Board_1\project_2\project_2.srcs\sources_1\new\signal_generator.vhd:]
WARNING: [filemgmt 56-199] Attempt to get parsing info during refresh. "On-the-fly" syntax checking information may be incorrect. [C:\Users\devandla\Desktop\Embedded-System-Project-DAT096\Board_1\project_2\project_2.srcs\sources_1\new\ADC_converter.vhd:]
WARNING: [filemgmt 56-199] Attempt to get parsing info during refresh. "On-the-fly" syntax checking information may be incorrect. [C:\Users\devandla\Desktop\Embedded-System-Project-DAT096\Board_1\project_2\project_2.srcs\sources_1\new\prbs_axis_master_32.vhd:]
WARNING: [filemgmt 56-199] Attempt to get parsing info during refresh. "On-the-fly" syntax checking information may be incorrect. [C:\Users\devandla\Desktop\Embedded-System-Project-DAT096\Board_1\project_2\project_2.srcs\sources_1\new\ADC_converter.vhd:]
WARNING: [filemgmt 56-199] Attempt to get parsing info during refresh. "On-the-fly" syntax checking information may be incorrect. [C:\Users\devandla\Desktop\Embedded-System-Project-DAT096\Board_1\project_2\project_2.srcs\sources_1\new\ADC_converter.vhd:]
update_compile_order -fileset sources_1
current_project project_2
report_ip_status -name ip_status 
current_project Board_2
report_ip_status -name ip_status 
current_project project_2
current_project Board_2
current_project project_2
delete_bd_objs [get_bd_intf_nets prbs_axis_master_32_0_m_axis] [get_bd_nets ZmodAWGController_0_sZmodDAC_SetFS2] [get_bd_nets ZmodAWGController_0_sConfigError] [get_bd_nets ZmodAWGController_0_ZmodDAC_ClkIO] [get_bd_nets Net] [get_bd_nets clk_wiz_0_clk_out2] [get_bd_nets ZmodAWGController_0_sInitDoneDAC] [get_bd_nets ZmodAWGController_0_ZmodDAC_ClkIn] [get_bd_nets ZmodAWGController_0_dZmodDAC_Data] [get_bd_nets ZmodAWGController_0_sZmodDAC_CS] [get_bd_nets ZmodAWGController_0_sZmodDAC_Reset] [get_bd_nets ZmodAWGController_0_sZmodDAC_SetFS1] [get_bd_nets ZmodAWGController_0_sZmodDAC_EnOut] [get_bd_nets ZmodAWGController_0_sZmodDAC_SCLK] [get_bd_cells ZmodAWGController_0]
delete_bd_objs [get_bd_cells prbs_axis_master_32_0]
WARNING: [filemgmt 56-199] Attempt to get parsing info during refresh. "On-the-fly" syntax checking information may be incorrect. [C:\Users\devandla\Desktop\Embedded-System-Project-DAT096\Board_1\project_2\project_2.srcs\sources_1\new\signal_generator.vhd:]
WARNING: [filemgmt 56-199] Attempt to get parsing info during refresh. "On-the-fly" syntax checking information may be incorrect. [C:\Users\devandla\Desktop\Embedded-System-Project-DAT096\Board_1\project_2\project_2.srcs\sources_1\new\ADC_converter.vhd:]
WARNING: [filemgmt 56-199] Attempt to get parsing info during refresh. "On-the-fly" syntax checking information may be incorrect. [C:\Users\devandla\Desktop\Embedded-System-Project-DAT096\Board_1\project_2\project_2.srcs\sources_1\new\prbs_axis_master_32.vhd:]
WARNING: [filemgmt 56-199] Attempt to get parsing info during refresh. "On-the-fly" syntax checking information may be incorrect. [C:\Users\devandla\Desktop\Embedded-System-Project-DAT096\Board_1\project_2\project_2.srcs\sources_1\new\prbs_axis_master_32.vhd:]
WARNING: [filemgmt 56-199] Attempt to get parsing info during refresh. "On-the-fly" syntax checking information may be incorrect. [C:\Users\devandla\Desktop\Embedded-System-Project-DAT096\Board_1\project_2\project_2.srcs\sources_1\new\prbs_axis_master_32.vhd:]
current_project Board_2
current_project project_2
update_compile_order -fileset sources_1
WARNING: [filemgmt 56-199] Attempt to get parsing info during refresh. "On-the-fly" syntax checking information may be incorrect. [C:\Users\devandla\Desktop\Embedded-System-Project-DAT096\Board_1\project_2\project_2.srcs\sources_1\new\signal_generator.vhd:]
WARNING: [filemgmt 56-199] Attempt to get parsing info during refresh. "On-the-fly" syntax checking information may be incorrect. [C:\Users\devandla\Desktop\Embedded-System-Project-DAT096\Board_1\project_2\project_2.srcs\sources_1\new\ADC_converter.vhd:]
WARNING: [filemgmt 56-199] Attempt to get parsing info during refresh. "On-the-fly" syntax checking information may be incorrect. [C:\Users\devandla\Desktop\Embedded-System-Project-DAT096\Board_1\project_2\project_2.srcs\sources_1\new\prbs_axis_master_32.vhd:]
WARNING: [filemgmt 56-199] Attempt to get parsing info during refresh. "On-the-fly" syntax checking information may be incorrect. [C:\Users\devandla\Desktop\Embedded-System-Project-DAT096\Board_1\project_2\project_2.srcs\sources_1\new\ADC_converter.vhd:]
WARNING: [filemgmt 56-199] Attempt to get parsing info during refresh. "On-the-fly" syntax checking information may be incorrect. [C:\Users\devandla\Desktop\Embedded-System-Project-DAT096\Board_1\project_2\project_2.srcs\sources_1\new\ADC_converter.vhd:]
WARNING: [filemgmt 56-199] Attempt to get parsing info during refresh. "On-the-fly" syntax checking information may be incorrect. [C:\Users\devandla\Desktop\Embedded-System-Project-DAT096\Board_1\project_2\project_2.srcs\sources_1\new\signal_generator.vhd:]
WARNING: [filemgmt 56-199] Attempt to get parsing info during refresh. "On-the-fly" syntax checking information may be incorrect. [C:\Users\devandla\Desktop\Embedded-System-Project-DAT096\Board_1\project_2\project_2.srcs\sources_1\new\ADC_converter.vhd:]
WARNING: [filemgmt 56-199] Attempt to get parsing info during refresh. "On-the-fly" syntax checking information may be incorrect. [C:\Users\devandla\Desktop\Embedded-System-Project-DAT096\Board_1\project_2\project_2.srcs\sources_1\new\prbs_axis_master_32.vhd:]
delete_bd_objs [get_bd_ports sZmodDAC_CS_0]
delete_bd_objs [get_bd_ports sZmodDAC_SDIO_0]
delete_bd_objs [get_bd_ports sZmodDAC_Reset_0]
delete_bd_objs [get_bd_ports sZmodDAC_SCLK_0]
delete_bd_objs [get_bd_ports ZmodDAC_ClkIO_0]
delete_bd_objs [get_bd_ports ZmodDAC_ClkIn_0]
delete_bd_objs [get_bd_ports dZmodDAC_Data_0]
delete_bd_objs [get_bd_ports sZmodDAC_SetFS2_0]
delete_bd_objs [get_bd_ports sZmodDAC_EnOut_0]
delete_bd_objs [get_bd_ports sZmodDAC_SetFS1_0]
validate_bd_design
ERROR: [Common 17-161] Invalid option value '' specified for 'object'.
ERROR: [BD 41-1273] Error running propagate TCL procedure: ERROR: [Common 17-161] Invalid option value '' specified for 'object'.
    ::xilinx.com_ip_ila_6.2::propagate Line 95
INFO: [xilinx.com:ip:clk_wiz:6.0-1] /clk_wiz_0 clk_wiz propagate
ERROR: [Common 17-39] 'validate_bd_design' failed due to earlier errors.
current_project Board_2
current_project project_2
validate_bd_design -force
ERROR: [Common 17-161] Invalid option value '' specified for 'object'.
ERROR: [BD 41-1273] Error running propagate TCL procedure: ERROR: [Common 17-161] Invalid option value '' specified for 'object'.
    ::xilinx.com_ip_ila_6.2::propagate Line 95
INFO: [xilinx.com:ip:clk_wiz:6.0-1] /clk_wiz_0 clk_wiz propagate
ERROR: [Common 17-39] 'validate_bd_design' failed due to earlier errors.
current_project Board_2
current_project project_2
report_ip_status -name ip_status 
save_bd_design
Wrote  : <C:\Users\devandla\Desktop\Embedded-System-Project-DAT096\Board_1\project_2\project_2.srcs\sources_1\bd\design_1\design_1.bd> 
Wrote  : <C:/Users/devandla/Desktop/Embedded-System-Project-DAT096/Board_1/project_2/project_2.srcs/sources_1/bd/design_1/ui/bd_1f5defd0.ui> 
current_project Board_2
current_project project_2
validate_bd_design -force
ERROR: [Common 17-161] Invalid option value '' specified for 'object'.
ERROR: [BD 41-1273] Error running propagate TCL procedure: ERROR: [Common 17-161] Invalid option value '' specified for 'object'.
    ::xilinx.com_ip_ila_6.2::propagate Line 95
INFO: [xilinx.com:ip:clk_wiz:6.0-1] /clk_wiz_0 clk_wiz propagate
ERROR: [Common 17-39] 'validate_bd_design' failed due to earlier errors.
current_project Board_2
WARNING: [filemgmt 56-199] Attempt to get parsing info during refresh. "On-the-fly" syntax checking information may be incorrect. [C:\Users\devandla\Desktop\Embedded-System-Project-DAT096\Board_1\project_2\project_2.srcs\sources_1\new\signal_generator.vhd:]
WARNING: [filemgmt 56-199] Attempt to get parsing info during refresh. "On-the-fly" syntax checking information may be incorrect. [C:\Users\devandla\Desktop\Embedded-System-Project-DAT096\Board_1\project_2\project_2.srcs\sources_1\new\ADC_converter.vhd:]
WARNING: [filemgmt 56-199] Attempt to get parsing info during refresh. "On-the-fly" syntax checking information may be incorrect. [C:\Users\devandla\Desktop\Embedded-System-Project-DAT096\Board_1\project_2\project_2.srcs\sources_1\new\prbs_axis_master_32.vhd:]
WARNING: [filemgmt 56-199] Attempt to get parsing info during refresh. "On-the-fly" syntax checking information may be incorrect. [C:\Users\devandla\Desktop\Embedded-System-Project-DAT096\Board_1\project_2\project_2.srcs\sources_1\new\prbs_axis_master_32.vhd:]
WARNING: [filemgmt 56-199] Attempt to get parsing info during refresh. "On-the-fly" syntax checking information may be incorrect. [C:\Users\devandla\Desktop\Embedded-System-Project-DAT096\Board_1\project_2\project_2.srcs\sources_1\new\prbs_axis_master_32.vhd:]
current_project project_2
save_bd_design
Wrote  : <C:\Users\devandla\Desktop\Embedded-System-Project-DAT096\Board_1\project_2\project_2.srcs\sources_1\bd\design_1\design_1.bd> 
reset_run synth_1
INFO: [Project 1-1161] Replacing file C:/Users/devandla/Desktop/Embedded-System-Project-DAT096/Board_1/project_2/project_2.srcs/utils_1/imports/synth_1/prbs_axis_master_32.dcp with file C:/Users/devandla/Desktop/Embedded-System-Project-DAT096/Board_1/project_2/project_2.runs/synth_1/design_1_wrapper.dcp
WARNING: [Vivado 12-1017] Problems encountered:
1. Failed to delete one or more files in run directory C:/Users/devandla/Desktop/Embedded-System-Project-DAT096/Board_1/project_2/project_2.runs/synth_1

launch_runs impl_1 -to_step write_bitstream -jobs 28
INFO: [BD 41-1662] The design 'design_1.bd' is already validated. Therefore parameter propagation will not be re-run.
VHDL Output written to : c:/Users/devandla/Desktop/Embedded-System-Project-DAT096/Board_1/project_2/project_2.gen/sources_1/bd/design_1/synth/design_1.vhd
VHDL Output written to : c:/Users/devandla/Desktop/Embedded-System-Project-DAT096/Board_1/project_2/project_2.gen/sources_1/bd/design_1/sim/design_1.vhd
VHDL Output written to : c:/Users/devandla/Desktop/Embedded-System-Project-DAT096/Board_1/project_2/project_2.gen/sources_1/bd/design_1/hdl/design_1_wrapper.vhd
INFO: [IP_Flow 19-234] Refreshing IP repositories
INFO: [IP_Flow 19-1700] Loaded user IP repository 'z:/eda234/vivado-library-master'.
Exporting to file c:/Users/devandla/Desktop/Embedded-System-Project-DAT096/Board_1/project_2/project_2.gen/sources_1/bd/design_1/hw_handoff/design_1.hwh
Generated Hardware Definition File c:/Users/devandla/Desktop/Embedded-System-Project-DAT096/Board_1/project_2/project_2.gen/sources_1/bd/design_1/synth/design_1.hwdef
WARNING: [filemgmt 56-199] Attempt to get parsing info during refresh. "On-the-fly" syntax checking information may be incorrect. [C:\Users\devandla\Desktop\Embedded-System-Project-DAT096\Board_1\project_2\project_2.srcs\sources_1\new\signal_generator.vhd:]
WARNING: [filemgmt 56-199] Attempt to get parsing info during refresh. "On-the-fly" syntax checking information may be incorrect. [C:\Users\devandla\Desktop\Embedded-System-Project-DAT096\Board_1\project_2\project_2.srcs\sources_1\new\ADC_converter.vhd:]
WARNING: [filemgmt 56-199] Attempt to get parsing info during refresh. "On-the-fly" syntax checking information may be incorrect. [C:\Users\devandla\Desktop\Embedded-System-Project-DAT096\Board_1\project_2\project_2.srcs\sources_1\new\prbs_axis_master_32.vhd:]
WARNING: [filemgmt 56-199] Attempt to get parsing info during refresh. "On-the-fly" syntax checking information may be incorrect. [C:\Users\devandla\Desktop\Embedded-System-Project-DAT096\Board_1\project_2\project_2.srcs\sources_1\new\signal_generator.vhd:]
WARNING: [filemgmt 56-199] Attempt to get parsing info during refresh. "On-the-fly" syntax checking information may be incorrect. [C:\Users\devandla\Desktop\Embedded-System-Project-DAT096\Board_1\project_2\project_2.srcs\sources_1\new\signal_generator.vhd:]
WARNING: [filemgmt 56-199] Attempt to get parsing info during refresh. "On-the-fly" syntax checking information may be incorrect. [C:\Users\devandla\Desktop\Embedded-System-Project-DAT096\Board_1\project_2\project_2.srcs\sources_1\new\signal_generator.vhd:]
WARNING: [filemgmt 56-199] Attempt to get parsing info during refresh. "On-the-fly" syntax checking information may be incorrect. [C:\Users\devandla\Desktop\Embedded-System-Project-DAT096\Board_1\project_2\project_2.srcs\sources_1\new\ADC_converter.vhd:]
WARNING: [filemgmt 56-199] Attempt to get parsing info during refresh. "On-the-fly" syntax checking information may be incorrect. [C:\Users\devandla\Desktop\Embedded-System-Project-DAT096\Board_1\project_2\project_2.srcs\sources_1\new\prbs_axis_master_32.vhd:]
WARNING: [filemgmt 56-199] Attempt to get parsing info during refresh. "On-the-fly" syntax checking information may be incorrect. [C:\Users\devandla\Desktop\Embedded-System-Project-DAT096\Board_1\project_2\project_2.srcs\sources_1\new\ADC_converter.vhd:]
WARNING: [filemgmt 56-199] Attempt to get parsing info during refresh. "On-the-fly" syntax checking information may be incorrect. [C:\Users\devandla\Desktop\Embedded-System-Project-DAT096\Board_1\project_2\project_2.srcs\sources_1\new\ADC_converter.vhd:]
ERROR: [Common 17-180] Spawn failed: No error
[Wed Apr 22 15:04:58 2026] Launched synth_1...
Run output will be captured here: C:/Users/devandla/Desktop/Embedded-System-Project-DAT096/Board_1/project_2/project_2.runs/synth_1/runme.log
[Wed Apr 22 15:04:58 2026] Launched impl_1...
Run output will be captured here: C:/Users/devandla/Desktop/Embedded-System-Project-DAT096/Board_1/project_2/project_2.runs/impl_1/runme.log
ERROR: [Common 17-39] 'launch_runs' failed due to earlier errors.
WARNING: [filemgmt 56-199] Attempt to get parsing info during refresh. "On-the-fly" syntax checking information may be incorrect. [C:\Users\devandla\Desktop\Embedded-System-Project-DAT096\Board_1\project_2\project_2.srcs\sources_1\new\signal_generator.vhd:]
WARNING: [filemgmt 56-199] Attempt to get parsing info during refresh. "On-the-fly" syntax checking information may be incorrect. [C:\Users\devandla\Desktop\Embedded-System-Project-DAT096\Board_1\project_2\project_2.srcs\sources_1\new\ADC_converter.vhd:]
WARNING: [filemgmt 56-199] Attempt to get parsing info during refresh. "On-the-fly" syntax checking information may be incorrect. [C:\Users\devandla\Desktop\Embedded-System-Project-DAT096\Board_1\project_2\project_2.srcs\sources_1\new\prbs_axis_master_32.vhd:]
WARNING: [filemgmt 56-199] Attempt to get parsing info during refresh. "On-the-fly" syntax checking information may be incorrect. [C:\Users\devandla\Desktop\Embedded-System-Project-DAT096\Board_1\project_2\project_2.srcs\sources_1\new\prbs_axis_master_32.vhd:]
WARNING: [filemgmt 56-199] Attempt to get parsing info during refresh. "On-the-fly" syntax checking information may be incorrect. [C:\Users\devandla\Desktop\Embedded-System-Project-DAT096\Board_1\project_2\project_2.srcs\sources_1\new\prbs_axis_master_32.vhd:]
current_project Board_2
WARNING: [filemgmt 56-199] Attempt to get parsing info during refresh. "On-the-fly" syntax checking information may be incorrect. [C:\Users\devandla\Desktop\Embedded-System-Project-DAT096\Board_1\project_2\project_2.srcs\sources_1\new\signal_generator.vhd:]
WARNING: [filemgmt 56-199] Attempt to get parsing info during refresh. "On-the-fly" syntax checking information may be incorrect. [C:\Users\devandla\Desktop\Embedded-System-Project-DAT096\Board_1\project_2\project_2.srcs\sources_1\new\ADC_converter.vhd:]
WARNING: [filemgmt 56-199] Attempt to get parsing info during refresh. "On-the-fly" syntax checking information may be incorrect. [C:\Users\devandla\Desktop\Embedded-System-Project-DAT096\Board_1\project_2\project_2.srcs\sources_1\new\prbs_axis_master_32.vhd:]
WARNING: [filemgmt 56-199] Attempt to get parsing info during refresh. "On-the-fly" syntax checking information may be incorrect. [C:\Users\devandla\Desktop\Embedded-System-Project-DAT096\Board_1\project_2\project_2.srcs\sources_1\new\ADC_converter.vhd:]
WARNING: [filemgmt 56-199] Attempt to get parsing info during refresh. "On-the-fly" syntax checking information may be incorrect. [C:\Users\devandla\Desktop\Embedded-System-Project-DAT096\Board_1\project_2\project_2.srcs\sources_1\new\ADC_converter.vhd:]
current_project project_2
set_property PROBES.FILE {C:/Users/devandla/Desktop/Embedded-System-Project-DAT096/Board_2/Board_2/Board_2.runs/impl_1/design_2_wrapper.ltx} [get_hw_devices xc7z020_1]
set_property FULL_PROBES.FILE {C:/Users/devandla/Desktop/Embedded-System-Project-DAT096/Board_2/Board_2/Board_2.runs/impl_1/design_2_wrapper.ltx} [get_hw_devices xc7z020_1]
set_property PROGRAM.FILE {C:/Users/devandla/Desktop/Embedded-System-Project-DAT096/Board_2/Board_2/Board_2.runs/impl_1/design_2_wrapper.bit} [get_hw_devices xc7z020_1]
program_hw_devices [get_hw_devices xc7z020_1]
INFO: [Labtools 27-3164] End of startup status: HIGH
refresh_hw_device [lindex [get_hw_devices xc7z020_1] 0]
INFO: [Labtools 27-2302] Device xc7z020 (JTAG device index = 1) is programmed with a design that has 1 ILA core(s).
display_hw_ila_data [ get_hw_ila_data hw_ila_data_1 -of_objects [get_hw_ilas -of_objects [get_hw_devices xc7z020_1] -filter {CELL_NAME=~"design_2_i/ila_0"}]]
run_hw_ila [get_hw_ilas -of_objects [get_hw_devices xc7z020_1] -filter {CELL_NAME=~"design_2_i/ila_0"}]
INFO: [Labtools 27-1964] The ILA core 'hw_ila_1' trigger was armed at 2026-Apr-22 15:15:20
wait_on_hw_ila [get_hw_ilas -of_objects [get_hw_devices xc7z020_1] -filter {CELL_NAME=~"design_2_i/ila_0"}]
display_hw_ila_data [upload_hw_ila_data [get_hw_ilas -of_objects [get_hw_devices xc7z020_1] -filter {CELL_NAME=~"design_2_i/ila_0"}]]
INFO: [Labtools 27-1966] The ILA core 'hw_ila_1' triggered at 2026-Apr-22 15:15:20
INFO: [Labtools 27-3304] ILA Waveform data saved to file C:/Users/devandla/Desktop/Embedded-System-Project-DAT096/Board_1/project_2/project_2.hw/backup/hw_ila_data_1.ila. Use Tcl command 'read_hw_ila_data' or Vivado File->Import->Import ILA Data menu item to import the previously saved data.
run_hw_ila [get_hw_ilas -of_objects [get_hw_devices xc7z020_1] -filter {CELL_NAME=~"design_2_i/ila_0"}]
INFO: [Labtools 27-1964] The ILA core 'hw_ila_1' trigger was armed at 2026-Apr-22 15:16:00
wait_on_hw_ila [get_hw_ilas -of_objects [get_hw_devices xc7z020_1] -filter {CELL_NAME=~"design_2_i/ila_0"}]
display_hw_ila_data [upload_hw_ila_data [get_hw_ilas -of_objects [get_hw_devices xc7z020_1] -filter {CELL_NAME=~"design_2_i/ila_0"}]]
INFO: [Labtools 27-1966] The ILA core 'hw_ila_1' triggered at 2026-Apr-22 15:16:00
INFO: [Labtools 27-3304] ILA Waveform data saved to file C:/Users/devandla/Desktop/Embedded-System-Project-DAT096/Board_1/project_2/project_2.hw/backup/hw_ila_data_1.ila. Use Tcl command 'read_hw_ila_data' or Vivado File->Import->Import ILA Data menu item to import the previously saved data.
run_hw_ila [get_hw_ilas -of_objects [get_hw_devices xc7z020_1] -filter {CELL_NAME=~"design_2_i/ila_0"}]
INFO: [Labtools 27-1964] The ILA core 'hw_ila_1' trigger was armed at 2026-Apr-22 15:16:22
wait_on_hw_ila [get_hw_ilas -of_objects [get_hw_devices xc7z020_1] -filter {CELL_NAME=~"design_2_i/ila_0"}]
display_hw_ila_data [upload_hw_ila_data [get_hw_ilas -of_objects [get_hw_devices xc7z020_1] -filter {CELL_NAME=~"design_2_i/ila_0"}]]
INFO: [Labtools 27-1966] The ILA core 'hw_ila_1' triggered at 2026-Apr-22 15:16:22
INFO: [Labtools 27-3304] ILA Waveform data saved to file C:/Users/devandla/Desktop/Embedded-System-Project-DAT096/Board_1/project_2/project_2.hw/backup/hw_ila_data_1.ila. Use Tcl command 'read_hw_ila_data' or Vivado File->Import->Import ILA Data menu item to import the previously saved data.
run_hw_ila [get_hw_ilas -of_objects [get_hw_devices xc7z020_1] -filter {CELL_NAME=~"design_2_i/ila_0"}]
INFO: [Labtools 27-1964] The ILA core 'hw_ila_1' trigger was armed at 2026-Apr-22 15:17:02
wait_on_hw_ila [get_hw_ilas -of_objects [get_hw_devices xc7z020_1] -filter {CELL_NAME=~"design_2_i/ila_0"}]
display_hw_ila_data [upload_hw_ila_data [get_hw_ilas -of_objects [get_hw_devices xc7z020_1] -filter {CELL_NAME=~"design_2_i/ila_0"}]]
INFO: [Labtools 27-1966] The ILA core 'hw_ila_1' triggered at 2026-Apr-22 15:17:02
INFO: [Labtools 27-3304] ILA Waveform data saved to file C:/Users/devandla/Desktop/Embedded-System-Project-DAT096/Board_1/project_2/project_2.hw/backup/hw_ila_data_1.ila. Use Tcl command 'read_hw_ila_data' or Vivado File->Import->Import ILA Data menu item to import the previously saved data.
run_hw_ila [get_hw_ilas -of_objects [get_hw_devices xc7z020_1] -filter {CELL_NAME=~"design_2_i/ila_0"}]
INFO: [Labtools 27-1964] The ILA core 'hw_ila_1' trigger was armed at 2026-Apr-22 15:17:05
wait_on_hw_ila [get_hw_ilas -of_objects [get_hw_devices xc7z020_1] -filter {CELL_NAME=~"design_2_i/ila_0"}]
display_hw_ila_data [upload_hw_ila_data [get_hw_ilas -of_objects [get_hw_devices xc7z020_1] -filter {CELL_NAME=~"design_2_i/ila_0"}]]
INFO: [Labtools 27-1966] The ILA core 'hw_ila_1' triggered at 2026-Apr-22 15:17:05
INFO: [Labtools 27-3304] ILA Waveform data saved to file C:/Users/devandla/Desktop/Embedded-System-Project-DAT096/Board_1/project_2/project_2.hw/backup/hw_ila_data_1.ila. Use Tcl command 'read_hw_ila_data' or Vivado File->Import->Import ILA Data menu item to import the previously saved data.
run_hw_ila [get_hw_ilas -of_objects [get_hw_devices xc7z020_1] -filter {CELL_NAME=~"design_2_i/ila_0"}]
INFO: [Labtools 27-1964] The ILA core 'hw_ila_1' trigger was armed at 2026-Apr-22 15:17:06
wait_on_hw_ila [get_hw_ilas -of_objects [get_hw_devices xc7z020_1] -filter {CELL_NAME=~"design_2_i/ila_0"}]
display_hw_ila_data [upload_hw_ila_data [get_hw_ilas -of_objects [get_hw_devices xc7z020_1] -filter {CELL_NAME=~"design_2_i/ila_0"}]]
INFO: [Labtools 27-1966] The ILA core 'hw_ila_1' triggered at 2026-Apr-22 15:17:06
INFO: [Labtools 27-3304] ILA Waveform data saved to file C:/Users/devandla/Desktop/Embedded-System-Project-DAT096/Board_1/project_2/project_2.hw/backup/hw_ila_data_1.ila. Use Tcl command 'read_hw_ila_data' or Vivado File->Import->Import ILA Data menu item to import the previously saved data.
run_hw_ila [get_hw_ilas -of_objects [get_hw_devices xc7z020_1] -filter {CELL_NAME=~"design_2_i/ila_0"}]
INFO: [Labtools 27-1964] The ILA core 'hw_ila_1' trigger was armed at 2026-Apr-22 15:17:08
wait_on_hw_ila [get_hw_ilas -of_objects [get_hw_devices xc7z020_1] -filter {CELL_NAME=~"design_2_i/ila_0"}]
display_hw_ila_data [upload_hw_ila_data [get_hw_ilas -of_objects [get_hw_devices xc7z020_1] -filter {CELL_NAME=~"design_2_i/ila_0"}]]
INFO: [Labtools 27-1966] The ILA core 'hw_ila_1' triggered at 2026-Apr-22 15:17:08
INFO: [Labtools 27-3304] ILA Waveform data saved to file C:/Users/devandla/Desktop/Embedded-System-Project-DAT096/Board_1/project_2/project_2.hw/backup/hw_ila_data_1.ila. Use Tcl command 'read_hw_ila_data' or Vivado File->Import->Import ILA Data menu item to import the previously saved data.
run_hw_ila [get_hw_ilas -of_objects [get_hw_devices xc7z020_1] -filter {CELL_NAME=~"design_2_i/ila_0"}]
INFO: [Labtools 27-1964] The ILA core 'hw_ila_1' trigger was armed at 2026-Apr-22 15:17:50
wait_on_hw_ila [get_hw_ilas -of_objects [get_hw_devices xc7z020_1] -filter {CELL_NAME=~"design_2_i/ila_0"}]
display_hw_ila_data [upload_hw_ila_data [get_hw_ilas -of_objects [get_hw_devices xc7z020_1] -filter {CELL_NAME=~"design_2_i/ila_0"}]]
INFO: [Labtools 27-1966] The ILA core 'hw_ila_1' triggered at 2026-Apr-22 15:17:50
INFO: [Labtools 27-3304] ILA Waveform data saved to file C:/Users/devandla/Desktop/Embedded-System-Project-DAT096/Board_1/project_2/project_2.hw/backup/hw_ila_data_1.ila. Use Tcl command 'read_hw_ila_data' or Vivado File->Import->Import ILA Data menu item to import the previously saved data.
run_hw_ila [get_hw_ilas -of_objects [get_hw_devices xc7z020_1] -filter {CELL_NAME=~"design_2_i/ila_0"}]
INFO: [Labtools 27-1964] The ILA core 'hw_ila_1' trigger was armed at 2026-Apr-22 15:17:52
wait_on_hw_ila [get_hw_ilas -of_objects [get_hw_devices xc7z020_1] -filter {CELL_NAME=~"design_2_i/ila_0"}]
display_hw_ila_data [upload_hw_ila_data [get_hw_ilas -of_objects [get_hw_devices xc7z020_1] -filter {CELL_NAME=~"design_2_i/ila_0"}]]
INFO: [Labtools 27-1966] The ILA core 'hw_ila_1' triggered at 2026-Apr-22 15:17:52
INFO: [Labtools 27-3304] ILA Waveform data saved to file C:/Users/devandla/Desktop/Embedded-System-Project-DAT096/Board_1/project_2/project_2.hw/backup/hw_ila_data_1.ila. Use Tcl command 'read_hw_ila_data' or Vivado File->Import->Import ILA Data menu item to import the previously saved data.
run_hw_ila [get_hw_ilas -of_objects [get_hw_devices xc7z020_1] -filter {CELL_NAME=~"design_2_i/ila_0"}]
INFO: [Labtools 27-1964] The ILA core 'hw_ila_1' trigger was armed at 2026-Apr-22 15:17:55
wait_on_hw_ila [get_hw_ilas -of_objects [get_hw_devices xc7z020_1] -filter {CELL_NAME=~"design_2_i/ila_0"}]
display_hw_ila_data [upload_hw_ila_data [get_hw_ilas -of_objects [get_hw_devices xc7z020_1] -filter {CELL_NAME=~"design_2_i/ila_0"}]]
INFO: [Labtools 27-1966] The ILA core 'hw_ila_1' triggered at 2026-Apr-22 15:17:55
INFO: [Labtools 27-3304] ILA Waveform data saved to file C:/Users/devandla/Desktop/Embedded-System-Project-DAT096/Board_1/project_2/project_2.hw/backup/hw_ila_data_1.ila. Use Tcl command 'read_hw_ila_data' or Vivado File->Import->Import ILA Data menu item to import the previously saved data.
open_bd_design {C:/Users/devandla/Desktop/Embedded-System-Project-DAT096/Board_1/project_2/project_2.srcs/sources_1/bd/design_1/design_1.bd}
set_property PROBES.FILE {C:/Users/devandla/Desktop/Embedded-System-Project-DAT096/Board_2/Board_2/Board_2.runs/impl_1/design_2_wrapper.ltx} [get_hw_devices xc7z020_1]
set_property FULL_PROBES.FILE {C:/Users/devandla/Desktop/Embedded-System-Project-DAT096/Board_2/Board_2/Board_2.runs/impl_1/design_2_wrapper.ltx} [get_hw_devices xc7z020_1]
set_property PROGRAM.FILE {C:/Users/devandla/Desktop/Embedded-System-Project-DAT096/Board_2/Board_2/Board_2.runs/impl_1/design_2_wrapper.bit} [get_hw_devices xc7z020_1]
program_hw_devices [get_hw_devices xc7z020_1]
INFO: [Labtools 27-3164] End of startup status: HIGH
refresh_hw_device [lindex [get_hw_devices xc7z020_1] 0]
INFO: [Labtools 27-2302] Device xc7z020 (JTAG device index = 1) is programmed with a design that has 1 ILA core(s).
run_hw_ila [get_hw_ilas -of_objects [get_hw_devices xc7z020_1] -filter {CELL_NAME=~"design_2_i/ila_0"}]
INFO: [Labtools 27-1964] The ILA core 'hw_ila_1' trigger was armed at 2026-Apr-22 15:19:03
wait_on_hw_ila [get_hw_ilas -of_objects [get_hw_devices xc7z020_1] -filter {CELL_NAME=~"design_2_i/ila_0"}]
display_hw_ila_data [upload_hw_ila_data [get_hw_ilas -of_objects [get_hw_devices xc7z020_1] -filter {CELL_NAME=~"design_2_i/ila_0"}]]
INFO: [Labtools 27-1966] The ILA core 'hw_ila_1' triggered at 2026-Apr-22 15:19:03
INFO: [Labtools 27-3304] ILA Waveform data saved to file C:/Users/devandla/Desktop/Embedded-System-Project-DAT096/Board_1/project_2/project_2.hw/backup/hw_ila_data_1.ila. Use Tcl command 'read_hw_ila_data' or Vivado File->Import->Import ILA Data menu item to import the previously saved data.
open_bd_design {C:/Users/devandla/Desktop/Embedded-System-Project-DAT096/Board_1/project_2/project_2.srcs/sources_1/bd/design_1/design_1.bd}
startgroup
create_bd_cell -type ip -vlnv digilent.com:user:ZmodAWGController:1.1 ZmodAWGController_0
endgroup
current_project Board_2
current_project project_2
set_property location {3 1065 154} [get_bd_cells ZmodAWGController_0]
connect_bd_net [get_bd_pins clk_wiz_0/clk_out1] [get_bd_pins ZmodAWGController_0/SysClk100]
connect_bd_net [get_bd_pins clk_wiz_0/clk_out1] [get_bd_pins ZmodAWGController_0/DAC_InIO_Clk]
connect_bd_net [get_bd_pins clk_wiz_0/clk_out2] [get_bd_pins ZmodAWGController_0/DAC_Clk]
connect_bd_net [get_bd_pins clk_wiz_0/locked] [get_bd_pins ZmodAWGController_0/aRst_n]
connect_bd_net [get_bd_pins xlconstant_0/dout] [get_bd_pins ZmodAWGController_0/sTestMode]
connect_bd_net [get_bd_pins xlconstant_1/dout] [get_bd_pins ZmodAWGController_0/sDAC_EnIn]
create_bd_cell -type module -reference prbs_axis_master_32 prbs_axis_master_32_0
INFO: [IP_Flow 19-5107] Inferred bus interface 'm_axis' of definition 'xilinx.com:interface:axis:1.0' (from Xilinx Repository).
INFO: [IP_Flow 19-5107] Inferred bus interface 'rst' of definition 'xilinx.com:signal:reset:1.0' (from Xilinx Repository).
INFO: [IP_Flow 19-5107] Inferred bus interface 'clk' of definition 'xilinx.com:signal:clock:1.0' (from Xilinx Repository).
INFO: [IP_Flow 19-4728] Bus Interface 'clk': Added interface parameter 'ASSOCIATED_BUSIF' with value 'm_axis'.
INFO: [IP_Flow 19-4728] Bus Interface 'clk': Added interface parameter 'ASSOCIATED_RESET' with value 'rst'.
WARNING: [IP_Flow 19-11770] Clock interface 'clk' has no FREQ_HZ parameter.
current_project Board_2
current_project project_2
set_property location {3 469 95} [get_bd_cells prbs_axis_master_32_0]
connect_bd_net [get_bd_pins clk_wiz_0/clk_out1] [get_bd_pins prbs_axis_master_32_0/clk]
connect_bd_net [get_bd_pins clk_wiz_0/locked] [get_bd_pins prbs_axis_master_32_0/rst]
connect_bd_intf_net [get_bd_intf_pins prbs_axis_master_32_0/m_axis] [get_bd_intf_pins ZmodAWGController_0/InputDataStream]
connect_bd_net [get_bd_pins ZmodAWGController_0/sConfigError] [get_bd_pins ila_0/probe4]
connect_bd_net [get_bd_pins ZmodAWGController_0/sInitDoneDAC] [get_bd_pins ila_0/probe5]
startgroup
make_bd_pins_external  [get_bd_pins ZmodAWGController_0/sZmodDAC_CS]
endgroup
startgroup
make_bd_pins_external  [get_bd_pins ZmodAWGController_0/sZmodDAC_SCLK]
endgroup
startgroup
make_bd_pins_external  [get_bd_pins ZmodAWGController_0/sZmodDAC_SDIO]
endgroup
startgroup
make_bd_pins_external  [get_bd_pins ZmodAWGController_0/sZmodDAC_Reset]
endgroup
startgroup
make_bd_pins_external  [get_bd_pins ZmodAWGController_0/ZmodDAC_ClkIO]
endgroup
startgroup
make_bd_pins_external  [get_bd_pins ZmodAWGController_0/ZmodDAC_ClkIn]
endgroup
startgroup
make_bd_pins_external  [get_bd_pins ZmodAWGController_0/dZmodDAC_Data]
endgroup
startgroup
make_bd_pins_external  [get_bd_pins ZmodAWGController_0/sZmodDAC_SetFS1]
endgroup
startgroup
make_bd_pins_external  [get_bd_pins ZmodAWGController_0/sZmodDAC_SetFS2]
endgroup
startgroup
make_bd_pins_external  [get_bd_pins ZmodAWGController_0/sZmodDAC_EnOut]
endgroup
validate_bd_design
INFO: [xilinx.com:ip:clk_wiz:6.0-1] /clk_wiz_0 clk_wiz propagate
current_project Board_2
current_project project_2
save_bd_design
Wrote  : <C:\Users\devandla\Desktop\Embedded-System-Project-DAT096\Board_1\project_2\project_2.srcs\sources_1\bd\design_1\design_1.bd> 
Wrote  : <C:/Users/devandla/Desktop/Embedded-System-Project-DAT096/Board_1/project_2/project_2.srcs/sources_1/bd/design_1/ui/bd_1f5defd0.ui> 
reset_run synth_1
INFO: [Project 1-1161] Replacing file C:/Users/devandla/Desktop/Embedded-System-Project-DAT096/Board_1/project_2/project_2.srcs/utils_1/imports/synth_1/prbs_axis_master_32.dcp with file C:/Users/devandla/Desktop/Embedded-System-Project-DAT096/Board_1/project_2/project_2.runs/synth_1/design_1_wrapper.dcp
WARNING: [Vivado 12-1017] Problems encountered:
1. Failed to delete one or more files in run directory C:/Users/devandla/Desktop/Embedded-System-Project-DAT096/Board_1/project_2/project_2.runs/synth_1

launch_runs impl_1 -to_step write_bitstream -jobs 28
INFO: [BD 41-1662] The design 'design_1.bd' is already validated. Therefore parameter propagation will not be re-run.
VHDL Output written to : c:/Users/devandla/Desktop/Embedded-System-Project-DAT096/Board_1/project_2/project_2.gen/sources_1/bd/design_1/synth/design_1.vhd
VHDL Output written to : c:/Users/devandla/Desktop/Embedded-System-Project-DAT096/Board_1/project_2/project_2.gen/sources_1/bd/design_1/sim/design_1.vhd
VHDL Output written to : c:/Users/devandla/Desktop/Embedded-System-Project-DAT096/Board_1/project_2/project_2.gen/sources_1/bd/design_1/hdl/design_1_wrapper.vhd
Generating c:/Users/devandla/Desktop/Embedded-System-Project-DAT096/Board_1/project_2/project_2.gen/sources_1/bd/design_1/ip/design_1_ZmodAWGController_0_0/ConstrsZmodDAC.xdc for design_1_ZmodAWGController_0_0....
  kExtScaleConfigEn: false
INFO: [BD 41-1029] Generation completed for the IP Integrator block ZmodAWGController_0 .
INFO: [BD 41-1029] Generation completed for the IP Integrator block prbs_axis_master_32_0 .
WARNING: [filemgmt 56-199] Attempt to get parsing info during refresh. "On-the-fly" syntax checking information may be incorrect. [C:\Users\devandla\Desktop\Embedded-System-Project-DAT096\Board_1\project_2\project_2.srcs\sources_1\new\signal_generator.vhd:]
WARNING: [filemgmt 56-199] Attempt to get parsing info during refresh. "On-the-fly" syntax checking information may be incorrect. [C:\Users\devandla\Desktop\Embedded-System-Project-DAT096\Board_1\project_2\project_2.srcs\sources_1\new\ADC_converter.vhd:]
WARNING: [filemgmt 56-199] Attempt to get parsing info during refresh. "On-the-fly" syntax checking information may be incorrect. [C:\Users\devandla\Desktop\Embedded-System-Project-DAT096\Board_1\project_2\project_2.srcs\sources_1\new\prbs_axis_master_32.vhd:]
WARNING: [filemgmt 56-199] Attempt to get parsing info during refresh. "On-the-fly" syntax checking information may be incorrect. [C:\Users\devandla\Desktop\Embedded-System-Project-DAT096\Board_1\project_2\project_2.srcs\sources_1\new\prbs_axis_master_32.vhd:]
WARNING: [filemgmt 56-199] Attempt to get parsing info during refresh. "On-the-fly" syntax checking information may be incorrect. [C:\Users\devandla\Desktop\Embedded-System-Project-DAT096\Board_1\project_2\project_2.srcs\sources_1\new\prbs_axis_master_32.vhd:]
WARNING: [filemgmt 56-199] Attempt to get parsing info during refresh. "On-the-fly" syntax checking information may be incorrect. [C:\Users\devandla\Desktop\Embedded-System-Project-DAT096\Board_1\project_2\project_2.srcs\sources_1\new\signal_generator.vhd:]
WARNING: [filemgmt 56-199] Attempt to get parsing info during refresh. "On-the-fly" syntax checking information may be incorrect. [C:\Users\devandla\Desktop\Embedded-System-Project-DAT096\Board_1\project_2\project_2.srcs\sources_1\new\ADC_converter.vhd:]
WARNING: [filemgmt 56-199] Attempt to get parsing info during refresh. "On-the-fly" syntax checking information may be incorrect. [C:\Users\devandla\Desktop\Embedded-System-Project-DAT096\Board_1\project_2\project_2.srcs\sources_1\new\prbs_axis_master_32.vhd:]
WARNING: [filemgmt 56-199] Attempt to get parsing info during refresh. "On-the-fly" syntax checking information may be incorrect. [C:\Users\devandla\Desktop\Embedded-System-Project-DAT096\Board_1\project_2\project_2.srcs\sources_1\new\signal_generator.vhd:]
WARNING: [filemgmt 56-199] Attempt to get parsing info during refresh. "On-the-fly" syntax checking information may be incorrect. [C:\Users\devandla\Desktop\Embedded-System-Project-DAT096\Board_1\project_2\project_2.srcs\sources_1\new\signal_generator.vhd:]
Exporting to file c:/Users/devandla/Desktop/Embedded-System-Project-DAT096/Board_1/project_2/project_2.gen/sources_1/bd/design_1/hw_handoff/design_1.hwh
Generated Hardware Definition File c:/Users/devandla/Desktop/Embedded-System-Project-DAT096/Board_1/project_2/project_2.gen/sources_1/bd/design_1/synth/design_1.hwdef
INFO: [IP_Flow 19-6924] IPCACHE: Running cache check for IP inst: design_1_ZmodAWGController_0_0
INFO: [IP_Flow 19-6922] IPCACHE: Exporting cached entry 0d8e5bca6f163cd0 to dir: c:/Users/devandla/Desktop/Embedded-System-Project-DAT096/Board_1/project_2/project_2.gen/sources_1/bd/design_1/ip/design_1_ZmodAWGController_0_0
INFO: [IP_Flow 19-6928] IPCACHE: copied cached file c:/Users/devandla/Desktop/Embedded-System-Project-DAT096/Board_1/project_2/project_2.cache/ip/2024.2/0/d/0d8e5bca6f163cd0/design_1_ZmodAWGController_0_1.dcp to c:/Users/devandla/Desktop/Embedded-System-Project-DAT096/Board_1/project_2/project_2.gen/sources_1/bd/design_1/ip/design_1_ZmodAWGController_0_0/design_1_ZmodAWGController_0_0.dcp.
INFO: [IP_Flow 19-6926] IPCACHE: added file to list for BOM: c:/Users/devandla/Desktop/Embedded-System-Project-DAT096/Board_1/project_2/project_2.gen/sources_1/bd/design_1/ip/design_1_ZmodAWGController_0_0/design_1_ZmodAWGController_0_0.dcp
INFO: [IP_Flow 19-6928] IPCACHE: copied cached file c:/Users/devandla/Desktop/Embedded-System-Project-DAT096/Board_1/project_2/project_2.cache/ip/2024.2/0/d/0d8e5bca6f163cd0/design_1_ZmodAWGController_0_1_sim_netlist.v to c:/Users/devandla/Desktop/Embedded-System-Project-DAT096/Board_1/project_2/project_2.gen/sources_1/bd/design_1/ip/design_1_ZmodAWGController_0_0/design_1_ZmodAWGController_0_0_sim_netlist.v.
INFO: [IP_Flow 19-6926] IPCACHE: added file to list for BOM: c:/Users/devandla/Desktop/Embedded-System-Project-DAT096/Board_1/project_2/project_2.gen/sources_1/bd/design_1/ip/design_1_ZmodAWGController_0_0/design_1_ZmodAWGController_0_0_sim_netlist.v
INFO: [IP_Flow 19-6928] IPCACHE: copied cached file c:/Users/devandla/Desktop/Embedded-System-Project-DAT096/Board_1/project_2/project_2.cache/ip/2024.2/0/d/0d8e5bca6f163cd0/design_1_ZmodAWGController_0_1_sim_netlist.vhdl to c:/Users/devandla/Desktop/Embedded-System-Project-DAT096/Board_1/project_2/project_2.gen/sources_1/bd/design_1/ip/design_1_ZmodAWGController_0_0/design_1_ZmodAWGController_0_0_sim_netlist.vhdl.
INFO: [IP_Flow 19-6926] IPCACHE: added file to list for BOM: c:/Users/devandla/Desktop/Embedded-System-Project-DAT096/Board_1/project_2/project_2.gen/sources_1/bd/design_1/ip/design_1_ZmodAWGController_0_0/design_1_ZmodAWGController_0_0_sim_netlist.vhdl
INFO: [IP_Flow 19-6928] IPCACHE: copied cached file c:/Users/devandla/Desktop/Embedded-System-Project-DAT096/Board_1/project_2/project_2.cache/ip/2024.2/0/d/0d8e5bca6f163cd0/design_1_ZmodAWGController_0_1_stub.v to c:/Users/devandla/Desktop/Embedded-System-Project-DAT096/Board_1/project_2/project_2.gen/sources_1/bd/design_1/ip/design_1_ZmodAWGController_0_0/design_1_ZmodAWGController_0_0_stub.v.
INFO: [IP_Flow 19-6926] IPCACHE: added file to list for BOM: c:/Users/devandla/Desktop/Embedded-System-Project-DAT096/Board_1/project_2/project_2.gen/sources_1/bd/design_1/ip/design_1_ZmodAWGController_0_0/design_1_ZmodAWGController_0_0_stub.v
INFO: [IP_Flow 19-6928] IPCACHE: copied cached file c:/Users/devandla/Desktop/Embedded-System-Project-DAT096/Board_1/project_2/project_2.cache/ip/2024.2/0/d/0d8e5bca6f163cd0/design_1_ZmodAWGController_0_1_stub.vhdl to c:/Users/devandla/Desktop/Embedded-System-Project-DAT096/Board_1/project_2/project_2.gen/sources_1/bd/design_1/ip/design_1_ZmodAWGController_0_0/design_1_ZmodAWGController_0_0_stub.vhdl.
INFO: [IP_Flow 19-6926] IPCACHE: added file to list for BOM: c:/Users/devandla/Desktop/Embedded-System-Project-DAT096/Board_1/project_2/project_2.gen/sources_1/bd/design_1/ip/design_1_ZmodAWGController_0_0/design_1_ZmodAWGController_0_0_stub.vhdl
INFO: [IP_Flow 19-4993] Using cached IP synthesis design for IP design_1_ZmodAWGController_0_0, cache-ID = 0d8e5bca6f163cd0; cache size = 17.976 MB.
ERROR: [Common 17-180] Spawn failed: No error
ERROR: [Vivado 12-4756] Launch of runs aborted due to earlier errors while preparing sub-designs for run execution.
WARNING: [filemgmt 56-199] Attempt to get parsing info during refresh. "On-the-fly" syntax checking information may be incorrect. [C:\Users\devandla\Desktop\Embedded-System-Project-DAT096\Board_1\project_2\project_2.srcs\sources_1\new\signal_generator.vhd:]
WARNING: [filemgmt 56-199] Attempt to get parsing info during refresh. "On-the-fly" syntax checking information may be incorrect. [C:\Users\devandla\Desktop\Embedded-System-Project-DAT096\Board_1\project_2\project_2.srcs\sources_1\new\ADC_converter.vhd:]
WARNING: [filemgmt 56-199] Attempt to get parsing info during refresh. "On-the-fly" syntax checking information may be incorrect. [C:\Users\devandla\Desktop\Embedded-System-Project-DAT096\Board_1\project_2\project_2.srcs\sources_1\new\prbs_axis_master_32.vhd:]
WARNING: [filemgmt 56-199] Attempt to get parsing info during refresh. "On-the-fly" syntax checking information may be incorrect. [C:\Users\devandla\Desktop\Embedded-System-Project-DAT096\Board_1\project_2\project_2.srcs\sources_1\new\prbs_axis_master_32.vhd:]
WARNING: [filemgmt 56-199] Attempt to get parsing info during refresh. "On-the-fly" syntax checking information may be incorrect. [C:\Users\devandla\Desktop\Embedded-System-Project-DAT096\Board_1\project_2\project_2.srcs\sources_1\new\prbs_axis_master_32.vhd:]
current_project Board_2
WARNING: [filemgmt 56-199] Attempt to get parsing info during refresh. "On-the-fly" syntax checking information may be incorrect. [C:\Users\devandla\Desktop\Embedded-System-Project-DAT096\Board_1\project_2\project_2.srcs\sources_1\new\signal_generator.vhd:]
WARNING: [filemgmt 56-199] Attempt to get parsing info during refresh. "On-the-fly" syntax checking information may be incorrect. [C:\Users\devandla\Desktop\Embedded-System-Project-DAT096\Board_1\project_2\project_2.srcs\sources_1\new\ADC_converter.vhd:]
WARNING: [filemgmt 56-199] Attempt to get parsing info during refresh. "On-the-fly" syntax checking information may be incorrect. [C:\Users\devandla\Desktop\Embedded-System-Project-DAT096\Board_1\project_2\project_2.srcs\sources_1\new\prbs_axis_master_32.vhd:]
WARNING: [filemgmt 56-199] Attempt to get parsing info during refresh. "On-the-fly" syntax checking information may be incorrect. [C:\Users\devandla\Desktop\Embedded-System-Project-DAT096\Board_1\project_2\project_2.srcs\sources_1\new\prbs_axis_master_32.vhd:]
WARNING: [filemgmt 56-199] Attempt to get parsing info during refresh. "On-the-fly" syntax checking information may be incorrect. [C:\Users\devandla\Desktop\Embedded-System-Project-DAT096\Board_1\project_2\project_2.srcs\sources_1\new\prbs_axis_master_32.vhd:]
ERROR: [Common 17-180] Spawn failed: No error
WARNING: [filemgmt 56-199] Attempt to get parsing info during refresh. "On-the-fly" syntax checking information may be incorrect. [C:\Users\devandla\Desktop\Embedded-System-Project-DAT096\Board_1\project_2\project_2.srcs\sources_1\new\signal_generator.vhd:]
WARNING: [filemgmt 56-199] Attempt to get parsing info during refresh. "On-the-fly" syntax checking information may be incorrect. [C:\Users\devandla\Desktop\Embedded-System-Project-DAT096\Board_1\project_2\project_2.srcs\sources_1\new\ADC_converter.vhd:]
WARNING: [filemgmt 56-199] Attempt to get parsing info during refresh. "On-the-fly" syntax checking information may be incorrect. [C:\Users\devandla\Desktop\Embedded-System-Project-DAT096\Board_1\project_2\project_2.srcs\sources_1\new\prbs_axis_master_32.vhd:]
WARNING: [filemgmt 56-199] Attempt to get parsing info during refresh. "On-the-fly" syntax checking information may be incorrect. [C:\Users\devandla\Desktop\Embedded-System-Project-DAT096\Board_1\project_2\project_2.srcs\sources_1\new\ADC_converter.vhd:]
WARNING: [filemgmt 56-199] Attempt to get parsing info during refresh. "On-the-fly" syntax checking information may be incorrect. [C:\Users\devandla\Desktop\Embedded-System-Project-DAT096\Board_1\project_2\project_2.srcs\sources_1\new\ADC_converter.vhd:]
ERROR: [Common 17-180] Spawn failed: No error
WARNING: [filemgmt 56-199] Attempt to get parsing info during refresh. "On-the-fly" syntax checking information may be incorrect. [C:\Users\devandla\Desktop\Embedded-System-Project-DAT096\Board_1\project_2\project_2.srcs\sources_1\new\signal_generator.vhd:]
WARNING: [filemgmt 56-199] Attempt to get parsing info during refresh. "On-the-fly" syntax checking information may be incorrect. [C:\Users\devandla\Desktop\Embedded-System-Project-DAT096\Board_1\project_2\project_2.srcs\sources_1\new\ADC_converter.vhd:]
WARNING: [filemgmt 56-199] Attempt to get parsing info during refresh. "On-the-fly" syntax checking information may be incorrect. [C:\Users\devandla\Desktop\Embedded-System-Project-DAT096\Board_1\project_2\project_2.srcs\sources_1\new\prbs_axis_master_32.vhd:]
WARNING: [filemgmt 56-199] Attempt to get parsing info during refresh. "On-the-fly" syntax checking information may be incorrect. [C:\Users\devandla\Desktop\Embedded-System-Project-DAT096\Board_1\project_2\project_2.srcs\sources_1\new\prbs_axis_master_32.vhd:]
WARNING: [filemgmt 56-199] Attempt to get parsing info during refresh. "On-the-fly" syntax checking information may be incorrect. [C:\Users\devandla\Desktop\Embedded-System-Project-DAT096\Board_1\project_2\project_2.srcs\sources_1\new\prbs_axis_master_32.vhd:]
WARNING: [filemgmt 56-199] Attempt to get parsing info during refresh. "On-the-fly" syntax checking information may be incorrect. [C:\Users\devandla\Desktop\Embedded-System-Project-DAT096\Board_1\project_2\project_2.srcs\sources_1\new\signal_generator.vhd:]
current_project project_2
launch_runs impl_1 -to_step write_bitstream -jobs 28
[Wed Apr 22 15:24:35 2026] Launched design_1_prbs_axis_master_32_0_0_synth_1, synth_1...
Run output will be captured here:
design_1_prbs_axis_master_32_0_0_synth_1: C:/Users/devandla/Desktop/Embedded-System-Project-DAT096/Board_1/project_2/project_2.runs/design_1_prbs_axis_master_32_0_0_synth_1/runme.log
synth_1: C:/Users/devandla/Desktop/Embedded-System-Project-DAT096/Board_1/project_2/project_2.runs/synth_1/runme.log
[Wed Apr 22 15:24:35 2026] Launched impl_1...
Run output will be captured here: C:/Users/devandla/Desktop/Embedded-System-Project-DAT096/Board_1/project_2/project_2.runs/impl_1/runme.log
current_project Board_2
current_project project_2
reset_run synth_1
WARNING: [Vivado 12-1017] Problems encountered:
1. Failed to delete one or more files in run directory C:/Users/devandla/Desktop/Embedded-System-Project-DAT096/Board_1/project_2/project_2.runs/synth_1

launch_runs synth_1 -jobs 28
[Wed Apr 22 15:24:47 2026] Launched design_1_prbs_axis_master_32_0_0_synth_1...
Run output will be captured here: C:/Users/devandla/Desktop/Embedded-System-Project-DAT096/Board_1/project_2/project_2.runs/design_1_prbs_axis_master_32_0_0_synth_1/runme.log
[Wed Apr 22 15:24:47 2026] Launched synth_1...
Run output will be captured here: C:/Users/devandla/Desktop/Embedded-System-Project-DAT096/Board_1/project_2/project_2.runs/synth_1/runme.log
current_project Board_2
WARNING: [filemgmt 56-199] Attempt to get parsing info during refresh. "On-the-fly" syntax checking information may be incorrect. [C:\Users\devandla\Desktop\Embedded-System-Project-DAT096\Board_1\project_2\project_2.srcs\sources_1\new\signal_generator.vhd:]
WARNING: [filemgmt 56-199] Attempt to get parsing info during refresh. "On-the-fly" syntax checking information may be incorrect. [C:\Users\devandla\Desktop\Embedded-System-Project-DAT096\Board_1\project_2\project_2.srcs\sources_1\new\ADC_converter.vhd:]
WARNING: [filemgmt 56-199] Attempt to get parsing info during refresh. "On-the-fly" syntax checking information may be incorrect. [C:\Users\devandla\Desktop\Embedded-System-Project-DAT096\Board_1\project_2\project_2.srcs\sources_1\new\prbs_axis_master_32.vhd:]
WARNING: [filemgmt 56-199] Attempt to get parsing info during refresh. "On-the-fly" syntax checking information may be incorrect. [C:\Users\devandla\Desktop\Embedded-System-Project-DAT096\Board_1\project_2\project_2.srcs\sources_1\new\signal_generator.vhd:]
WARNING: [filemgmt 56-199] Attempt to get parsing info during refresh. "On-the-fly" syntax checking information may be incorrect. [C:\Users\devandla\Desktop\Embedded-System-Project-DAT096\Board_1\project_2\project_2.srcs\sources_1\new\signal_generator.vhd:]
current_project project_2
launch_runs impl_1 -jobs 28
[Wed Apr 22 15:26:04 2026] Launched impl_1...
Run output will be captured here: C:/Users/devandla/Desktop/Embedded-System-Project-DAT096/Board_1/project_2/project_2.runs/impl_1/runme.log
launch_runs impl_1 -to_step write_bitstream -jobs 28
[Wed Apr 22 15:27:25 2026] Launched impl_1...
Run output will be captured here: C:/Users/devandla/Desktop/Embedded-System-Project-DAT096/Board_1/project_2/project_2.runs/impl_1/runme.log
current_project Board_2
report_ip_status -name ip_status 
current_project project_2
open_hw_manager
set_property PROBES.FILE {C:/Users/devandla/Desktop/Embedded-System-Project-DAT096/Board_2/Board_2/Board_2.runs/impl_1/design_2_wrapper.ltx} [get_hw_devices xc7z020_1]
set_property FULL_PROBES.FILE {C:/Users/devandla/Desktop/Embedded-System-Project-DAT096/Board_2/Board_2/Board_2.runs/impl_1/design_2_wrapper.ltx} [get_hw_devices xc7z020_1]
set_property PROGRAM.FILE {C:/Users/devandla/Desktop/Embedded-System-Project-DAT096/Board_2/Board_2/Board_2.runs/impl_1/design_2_wrapper.bit} [get_hw_devices xc7z020_1]
program_hw_devices [get_hw_devices xc7z020_1]
INFO: [Labtools 27-3164] End of startup status: HIGH
refresh_hw_device [lindex [get_hw_devices xc7z020_1] 0]
INFO: [Labtools 27-2302] Device xc7z020 (JTAG device index = 1) is programmed with a design that has 1 ILA core(s).
run_hw_ila [get_hw_ilas -of_objects [get_hw_devices xc7z020_1] -filter {CELL_NAME=~"design_2_i/ila_0"}]
INFO: [Labtools 27-1964] The ILA core 'hw_ila_1' trigger was armed at 2026-Apr-22 15:28:30
wait_on_hw_ila [get_hw_ilas -of_objects [get_hw_devices xc7z020_1] -filter {CELL_NAME=~"design_2_i/ila_0"}]
display_hw_ila_data [upload_hw_ila_data [get_hw_ilas -of_objects [get_hw_devices xc7z020_1] -filter {CELL_NAME=~"design_2_i/ila_0"}]]
INFO: [Labtools 27-1966] The ILA core 'hw_ila_1' triggered at 2026-Apr-22 15:28:30
INFO: [Labtools 27-3304] ILA Waveform data saved to file C:/Users/devandla/Desktop/Embedded-System-Project-DAT096/Board_1/project_2/project_2.hw/backup/hw_ila_data_1.ila. Use Tcl command 'read_hw_ila_data' or Vivado File->Import->Import ILA Data menu item to import the previously saved data.
run_hw_ila [get_hw_ilas -of_objects [get_hw_devices xc7z020_1] -filter {CELL_NAME=~"design_2_i/ila_0"}]
INFO: [Labtools 27-1964] The ILA core 'hw_ila_1' trigger was armed at 2026-Apr-22 15:28:33
wait_on_hw_ila [get_hw_ilas -of_objects [get_hw_devices xc7z020_1] -filter {CELL_NAME=~"design_2_i/ila_0"}]
display_hw_ila_data [upload_hw_ila_data [get_hw_ilas -of_objects [get_hw_devices xc7z020_1] -filter {CELL_NAME=~"design_2_i/ila_0"}]]
INFO: [Labtools 27-1966] The ILA core 'hw_ila_1' triggered at 2026-Apr-22 15:28:33
INFO: [Labtools 27-3304] ILA Waveform data saved to file C:/Users/devandla/Desktop/Embedded-System-Project-DAT096/Board_1/project_2/project_2.hw/backup/hw_ila_data_1.ila. Use Tcl command 'read_hw_ila_data' or Vivado File->Import->Import ILA Data menu item to import the previously saved data.
open_bd_design {C:/Users/devandla/Desktop/Embedded-System-Project-DAT096/Board_1/project_2/project_2.srcs/sources_1/bd/design_1/design_1.bd}
WARNING: [IP_Flow 19-4067] Ignoring invalid widget type specified checkbox.Providing a default widget
startgroup
set_property -dict [list \
  CONFIG.C_PROBE4_TYPE {1} \
  CONFIG.C_PROBE5_TYPE {1} \
] [get_bd_cells ila_0]
endgroup
current_project Board_2
current_project project_2
save_bd_design
Wrote  : <C:\Users\devandla\Desktop\Embedded-System-Project-DAT096\Board_1\project_2\project_2.srcs\sources_1\bd\design_1\design_1.bd> 
current_project Board_2
current_project project_2
reset_run synth_1
INFO: [Project 1-1161] Replacing file C:/Users/devandla/Desktop/Embedded-System-Project-DAT096/Board_1/project_2/project_2.srcs/utils_1/imports/synth_1/prbs_axis_master_32.dcp with file C:/Users/devandla/Desktop/Embedded-System-Project-DAT096/Board_1/project_2/project_2.runs/synth_1/design_1_wrapper.dcp
WARNING: [Vivado 12-1017] Problems encountered:
1. Failed to delete one or more files in run directory C:/Users/devandla/Desktop/Embedded-System-Project-DAT096/Board_1/project_2/project_2.runs/synth_1

reset_run design_1_ila_0_0_synth_1
launch_runs impl_1 -to_step write_bitstream -jobs 28
INFO: [xilinx.com:ip:clk_wiz:6.0-1] /clk_wiz_0 clk_wiz propagate
Wrote  : <C:\Users\devandla\Desktop\Embedded-System-Project-DAT096\Board_1\project_2\project_2.srcs\sources_1\bd\design_1\design_1.bd> 
VHDL Output written to : c:/Users/devandla/Desktop/Embedded-System-Project-DAT096/Board_1/project_2/project_2.gen/sources_1/bd/design_1/synth/design_1.vhd
VHDL Output written to : c:/Users/devandla/Desktop/Embedded-System-Project-DAT096/Board_1/project_2/project_2.gen/sources_1/bd/design_1/sim/design_1.vhd
VHDL Output written to : c:/Users/devandla/Desktop/Embedded-System-Project-DAT096/Board_1/project_2/project_2.gen/sources_1/bd/design_1/hdl/design_1_wrapper.vhd
WARNING: [filemgmt 56-199] Attempt to get parsing info during refresh. "On-the-fly" syntax checking information may be incorrect. [C:\Users\devandla\Desktop\Embedded-System-Project-DAT096\Board_1\project_2\project_2.srcs\sources_1\new\signal_generator.vhd:]
WARNING: [filemgmt 56-199] Attempt to get parsing info during refresh. "On-the-fly" syntax checking information may be incorrect. [C:\Users\devandla\Desktop\Embedded-System-Project-DAT096\Board_1\project_2\project_2.srcs\sources_1\new\ADC_converter.vhd:]
WARNING: [filemgmt 56-199] Attempt to get parsing info during refresh. "On-the-fly" syntax checking information may be incorrect. [C:\Users\devandla\Desktop\Embedded-System-Project-DAT096\Board_1\project_2\project_2.srcs\sources_1\new\prbs_axis_master_32.vhd:]
WARNING: [filemgmt 56-199] Attempt to get parsing info during refresh. "On-the-fly" syntax checking information may be incorrect. [C:\Users\devandla\Desktop\Embedded-System-Project-DAT096\Board_1\project_2\project_2.srcs\sources_1\new\prbs_axis_master_32.vhd:]
WARNING: [filemgmt 56-199] Attempt to get parsing info during refresh. "On-the-fly" syntax checking information may be incorrect. [C:\Users\devandla\Desktop\Embedded-System-Project-DAT096\Board_1\project_2\project_2.srcs\sources_1\new\prbs_axis_master_32.vhd:]
WARNING: [filemgmt 56-199] Attempt to get parsing info during refresh. "On-the-fly" syntax checking information may be incorrect. [C:\Users\devandla\Desktop\Embedded-System-Project-DAT096\Board_1\project_2\project_2.srcs\sources_1\new\signal_generator.vhd:]
WARNING: [filemgmt 56-199] Attempt to get parsing info during refresh. "On-the-fly" syntax checking information may be incorrect. [C:\Users\devandla\Desktop\Embedded-System-Project-DAT096\Board_1\project_2\project_2.srcs\sources_1\new\ADC_converter.vhd:]
WARNING: [filemgmt 56-199] Attempt to get parsing info during refresh. "On-the-fly" syntax checking information may be incorrect. [C:\Users\devandla\Desktop\Embedded-System-Project-DAT096\Board_1\project_2\project_2.srcs\sources_1\new\prbs_axis_master_32.vhd:]
WARNING: [filemgmt 56-199] Attempt to get parsing info during refresh. "On-the-fly" syntax checking information may be incorrect. [C:\Users\devandla\Desktop\Embedded-System-Project-DAT096\Board_1\project_2\project_2.srcs\sources_1\new\signal_generator.vhd:]
WARNING: [filemgmt 56-199] Attempt to get parsing info during refresh. "On-the-fly" syntax checking information may be incorrect. [C:\Users\devandla\Desktop\Embedded-System-Project-DAT096\Board_1\project_2\project_2.srcs\sources_1\new\signal_generator.vhd:]
WARNING: [IP_Flow 19-4994] Overwriting existing constraint file 'c:/Users/devandla/Desktop/Embedded-System-Project-DAT096/Board_1/project_2/project_2.gen/sources_1/bd/design_1/ip/design_1_ila_0_0/design_1_ila_0_0_ooc.xdc'
INFO: [BD 41-1029] Generation completed for the IP Integrator block ila_0 .
Exporting to file c:/Users/devandla/Desktop/Embedded-System-Project-DAT096/Board_1/project_2/project_2.gen/sources_1/bd/design_1/hw_handoff/design_1.hwh
Generated Hardware Definition File c:/Users/devandla/Desktop/Embedded-System-Project-DAT096/Board_1/project_2/project_2.gen/sources_1/bd/design_1/synth/design_1.hwdef
INFO: [IP_Flow 19-6924] IPCACHE: Running cache check for IP inst: design_1_ila_0_0
ERROR: [Common 17-180] Spawn failed: No error
[Wed Apr 22 15:29:20 2026] Launched design_1_ila_0_0_synth_1, synth_1...
Run output will be captured here:
design_1_ila_0_0_synth_1: C:/Users/devandla/Desktop/Embedded-System-Project-DAT096/Board_1/project_2/project_2.runs/design_1_ila_0_0_synth_1/runme.log
synth_1: C:/Users/devandla/Desktop/Embedded-System-Project-DAT096/Board_1/project_2/project_2.runs/synth_1/runme.log
[Wed Apr 22 15:29:20 2026] Launched impl_1...
Run output will be captured here: C:/Users/devandla/Desktop/Embedded-System-Project-DAT096/Board_1/project_2/project_2.runs/impl_1/runme.log
ERROR: [Common 17-39] 'launch_runs' failed due to earlier errors.
WARNING: [filemgmt 56-199] Attempt to get parsing info during refresh. "On-the-fly" syntax checking information may be incorrect. [C:\Users\devandla\Desktop\Embedded-System-Project-DAT096\Board_1\project_2\project_2.srcs\sources_1\new\signal_generator.vhd:]
WARNING: [filemgmt 56-199] Attempt to get parsing info during refresh. "On-the-fly" syntax checking information may be incorrect. [C:\Users\devandla\Desktop\Embedded-System-Project-DAT096\Board_1\project_2\project_2.srcs\sources_1\new\ADC_converter.vhd:]
WARNING: [filemgmt 56-199] Attempt to get parsing info during refresh. "On-the-fly" syntax checking information may be incorrect. [C:\Users\devandla\Desktop\Embedded-System-Project-DAT096\Board_1\project_2\project_2.srcs\sources_1\new\prbs_axis_master_32.vhd:]
WARNING: [filemgmt 56-199] Attempt to get parsing info during refresh. "On-the-fly" syntax checking information may be incorrect. [C:\Users\devandla\Desktop\Embedded-System-Project-DAT096\Board_1\project_2\project_2.srcs\sources_1\new\ADC_converter.vhd:]
WARNING: [filemgmt 56-199] Attempt to get parsing info during refresh. "On-the-fly" syntax checking information may be incorrect. [C:\Users\devandla\Desktop\Embedded-System-Project-DAT096\Board_1\project_2\project_2.srcs\sources_1\new\ADC_converter.vhd:]
ERROR: [Common 17-180] Spawn failed: No error
current_project Board_2
current_project project_2
WARNING: [filemgmt 56-199] Attempt to get parsing info during refresh. "On-the-fly" syntax checking information may be incorrect. [C:\Users\devandla\Desktop\Embedded-System-Project-DAT096\Board_1\project_2\project_2.srcs\sources_1\new\signal_generator.vhd:]
WARNING: [filemgmt 56-199] Attempt to get parsing info during refresh. "On-the-fly" syntax checking information may be incorrect. [C:\Users\devandla\Desktop\Embedded-System-Project-DAT096\Board_1\project_2\project_2.srcs\sources_1\new\ADC_converter.vhd:]
WARNING: [filemgmt 56-199] Attempt to get parsing info during refresh. "On-the-fly" syntax checking information may be incorrect. [C:\Users\devandla\Desktop\Embedded-System-Project-DAT096\Board_1\project_2\project_2.srcs\sources_1\new\prbs_axis_master_32.vhd:]
WARNING: [filemgmt 56-199] Attempt to get parsing info during refresh. "On-the-fly" syntax checking information may be incorrect. [C:\Users\devandla\Desktop\Embedded-System-Project-DAT096\Board_1\project_2\project_2.srcs\sources_1\new\prbs_axis_master_32.vhd:]
WARNING: [filemgmt 56-199] Attempt to get parsing info during refresh. "On-the-fly" syntax checking information may be incorrect. [C:\Users\devandla\Desktop\Embedded-System-Project-DAT096\Board_1\project_2\project_2.srcs\sources_1\new\prbs_axis_master_32.vhd:]
current_project Board_2
open_bd_design {C:/Users/devandla/Desktop/Embedded-System-Project-DAT096/Board_2/Board_2/Board_2.srcs/sources_1/bd/design_2/design_2.bd}
Reading block design file <C:/Users/devandla/Desktop/Embedded-System-Project-DAT096/Board_2/Board_2/Board_2.srcs/sources_1/bd/design_2/design_2.bd>...
Adding component instance block -- xilinx.com:ip:ila:6.2 - ila_0
INFO: [xilinx.com:ip:ila:6.2-6] /ila_0: AMD recommends using the System ILA IP in IP Integrator. The System ILA IP is functionally equivalent to an ILA and offers additional benefits in debugging interfaces both within IP Integrator and the Hardware Manager. Consult the Programming and Debug User Guide UG908 for further details.
Adding component instance block -- xilinx.com:module_ref:adc_bit_decoder:1.0 - adc_bit_decoder_0
Adding component instance block -- xilinx.com:ip:xlconstant:1.1 - xlconstant_1
Adding component instance block -- xilinx.com:ip:xlslice:1.0 - xlslice_0
Adding component instance block -- xilinx.com:ip:xlconstant:1.1 - xlconstant_3
Adding component instance block -- xilinx.com:ip:processing_system7:5.5 - processing_system7_0
Adding component instance block -- digilent.com:user:ZmodScopeController:1.2 - ZmodScopeController_0
Adding component instance block -- digilent.com:user:ZmodAWGController:1.1 - ZmodAWGController_0
Adding component instance block -- xilinx.com:ip:clk_wiz:6.0 - clk_wiz_0
Successfully read diagram <design_2> from block design file <C:/Users/devandla/Desktop/Embedded-System-Project-DAT096/Board_2/Board_2/Board_2.srcs/sources_1/bd/design_2/design_2.bd>
current_project project_2
set_property PROBES.FILE {C:/Users/devandla/Desktop/Embedded-System-Project-DAT096/Board_2/Board_2/Board_2.runs/impl_1/design_2_wrapper.ltx} [get_hw_devices xc7z020_1]
set_property FULL_PROBES.FILE {C:/Users/devandla/Desktop/Embedded-System-Project-DAT096/Board_2/Board_2/Board_2.runs/impl_1/design_2_wrapper.ltx} [get_hw_devices xc7z020_1]
set_property PROGRAM.FILE {C:/Users/devandla/Desktop/Embedded-System-Project-DAT096/Board_2/Board_2/Board_2.runs/impl_1/design_2_wrapper.bit} [get_hw_devices xc7z020_1]
program_hw_devices [get_hw_devices xc7z020_1]
INFO: [Labtools 27-3164] End of startup status: HIGH
refresh_hw_device [lindex [get_hw_devices xc7z020_1] 0]
INFO: [Labtools 27-2302] Device xc7z020 (JTAG device index = 1) is programmed with a design that has 1 ILA core(s).
open_bd_design {C:/Users/devandla/Desktop/Embedded-System-Project-DAT096/Board_1/project_2/project_2.srcs/sources_1/bd/design_1/design_1.bd}
set_property PROBES.FILE {C:/Users/devandla/Desktop/Embedded-System-Project-DAT096/Board_2/Board_2/Board_2.runs/impl_1/design_2_wrapper.ltx} [get_hw_devices xc7z020_1]
set_property FULL_PROBES.FILE {C:/Users/devandla/Desktop/Embedded-System-Project-DAT096/Board_2/Board_2/Board_2.runs/impl_1/design_2_wrapper.ltx} [get_hw_devices xc7z020_1]
set_property PROGRAM.FILE {C:/Users/devandla/Desktop/Embedded-System-Project-DAT096/Board_2/Board_2/Board_2.runs/impl_1/design_2_wrapper.bit} [get_hw_devices xc7z020_1]
program_hw_devices [get_hw_devices xc7z020_1]
INFO: [Labtools 27-3164] End of startup status: HIGH
refresh_hw_device [lindex [get_hw_devices xc7z020_1] 0]
INFO: [Labtools 27-2302] Device xc7z020 (JTAG device index = 1) is programmed with a design that has 1 ILA core(s).
open_bd_design {C:/Users/devandla/Desktop/Embedded-System-Project-DAT096/Board_1/project_2/project_2.srcs/sources_1/bd/design_1/design_1.bd}
delete_bd_objs [get_bd_nets xlconstant_1_dout]
connect_bd_net [get_bd_pins xlconstant_1/dout] [get_bd_pins ZmodScopeController_0/sEnableAcquisition]
connect_bd_net [get_bd_pins clk_wiz_0/locked] [get_bd_pins ZmodAWGController_0/sDAC_EnIn]
save_bd_design
Wrote  : <C:\Users\devandla\Desktop\Embedded-System-Project-DAT096\Board_1\project_2\project_2.srcs\sources_1\bd\design_1\design_1.bd> 
Wrote  : <C:/Users/devandla/Desktop/Embedded-System-Project-DAT096/Board_1/project_2/project_2.srcs/sources_1/bd/design_1/ui/bd_1f5defd0.ui> 
reset_run synth_1
INFO: [Project 1-1161] Replacing file C:/Users/devandla/Desktop/Embedded-System-Project-DAT096/Board_1/project_2/project_2.srcs/utils_1/imports/synth_1/prbs_axis_master_32.dcp with file C:/Users/devandla/Desktop/Embedded-System-Project-DAT096/Board_1/project_2/project_2.runs/synth_1/design_1_wrapper.dcp
WARNING: [Vivado 12-1017] Problems encountered:
1. Failed to delete one or more files in run directory C:/Users/devandla/Desktop/Embedded-System-Project-DAT096/Board_1/project_2/project_2.runs/synth_1

launch_runs impl_1 -to_step write_bitstream -jobs 28
INFO: [xilinx.com:ip:clk_wiz:6.0-1] /clk_wiz_0 clk_wiz propagate
Wrote  : <C:\Users\devandla\Desktop\Embedded-System-Project-DAT096\Board_1\project_2\project_2.srcs\sources_1\bd\design_1\design_1.bd> 
VHDL Output written to : c:/Users/devandla/Desktop/Embedded-System-Project-DAT096/Board_1/project_2/project_2.gen/sources_1/bd/design_1/synth/design_1.vhd
VHDL Output written to : c:/Users/devandla/Desktop/Embedded-System-Project-DAT096/Board_1/project_2/project_2.gen/sources_1/bd/design_1/sim/design_1.vhd
VHDL Output written to : c:/Users/devandla/Desktop/Embedded-System-Project-DAT096/Board_1/project_2/project_2.gen/sources_1/bd/design_1/hdl/design_1_wrapper.vhd
WARNING: [filemgmt 56-199] Attempt to get parsing info during refresh. "On-the-fly" syntax checking information may be incorrect. [C:\Users\devandla\Desktop\Embedded-System-Project-DAT096\Board_1\project_2\project_2.srcs\sources_1\new\signal_generator.vhd:]
WARNING: [filemgmt 56-199] Attempt to get parsing info during refresh. "On-the-fly" syntax checking information may be incorrect. [C:\Users\devandla\Desktop\Embedded-System-Project-DAT096\Board_1\project_2\project_2.srcs\sources_1\new\ADC_converter.vhd:]
WARNING: [filemgmt 56-199] Attempt to get parsing info during refresh. "On-the-fly" syntax checking information may be incorrect. [C:\Users\devandla\Desktop\Embedded-System-Project-DAT096\Board_1\project_2\project_2.srcs\sources_1\new\prbs_axis_master_32.vhd:]
WARNING: [filemgmt 56-199] Attempt to get parsing info during refresh. "On-the-fly" syntax checking information may be incorrect. [C:\Users\devandla\Desktop\Embedded-System-Project-DAT096\Board_1\project_2\project_2.srcs\sources_1\new\prbs_axis_master_32.vhd:]
WARNING: [filemgmt 56-199] Attempt to get parsing info during refresh. "On-the-fly" syntax checking information may be incorrect. [C:\Users\devandla\Desktop\Embedded-System-Project-DAT096\Board_1\project_2\project_2.srcs\sources_1\new\prbs_axis_master_32.vhd:]
Exporting to file c:/Users/devandla/Desktop/Embedded-System-Project-DAT096/Board_1/project_2/project_2.gen/sources_1/bd/design_1/hw_handoff/design_1.hwh
Generated Hardware Definition File c:/Users/devandla/Desktop/Embedded-System-Project-DAT096/Board_1/project_2/project_2.gen/sources_1/bd/design_1/synth/design_1.hwdef
[Wed Apr 22 15:36:51 2026] Launched synth_1...
Run output will be captured here: C:/Users/devandla/Desktop/Embedded-System-Project-DAT096/Board_1/project_2/project_2.runs/synth_1/runme.log
[Wed Apr 22 15:36:51 2026] Launched impl_1...
Run output will be captured here: C:/Users/devandla/Desktop/Embedded-System-Project-DAT096/Board_1/project_2/project_2.runs/impl_1/runme.log
WARNING: [filemgmt 56-199] Attempt to get parsing info during refresh. "On-the-fly" syntax checking information may be incorrect. [C:\Users\devandla\Desktop\Embedded-System-Project-DAT096\Board_1\project_2\project_2.srcs\sources_1\new\signal_generator.vhd:]
WARNING: [filemgmt 56-199] Attempt to get parsing info during refresh. "On-the-fly" syntax checking information may be incorrect. [C:\Users\devandla\Desktop\Embedded-System-Project-DAT096\Board_1\project_2\project_2.srcs\sources_1\new\ADC_converter.vhd:]
WARNING: [filemgmt 56-199] Attempt to get parsing info during refresh. "On-the-fly" syntax checking information may be incorrect. [C:\Users\devandla\Desktop\Embedded-System-Project-DAT096\Board_1\project_2\project_2.srcs\sources_1\new\prbs_axis_master_32.vhd:]
WARNING: [filemgmt 56-199] Attempt to get parsing info during refresh. "On-the-fly" syntax checking information may be incorrect. [C:\Users\devandla\Desktop\Embedded-System-Project-DAT096\Board_1\project_2\project_2.srcs\sources_1\new\ADC_converter.vhd:]
WARNING: [filemgmt 56-199] Attempt to get parsing info during refresh. "On-the-fly" syntax checking information may be incorrect. [C:\Users\devandla\Desktop\Embedded-System-Project-DAT096\Board_1\project_2\project_2.srcs\sources_1\new\ADC_converter.vhd:]
WARNING: [filemgmt 56-199] Attempt to get parsing info during refresh. "On-the-fly" syntax checking information may be incorrect. [C:\Users\devandla\Desktop\Embedded-System-Project-DAT096\Board_1\project_2\project_2.srcs\sources_1\new\signal_generator.vhd:]
WARNING: [filemgmt 56-199] Attempt to get parsing info during refresh. "On-the-fly" syntax checking information may be incorrect. [C:\Users\devandla\Desktop\Embedded-System-Project-DAT096\Board_1\project_2\project_2.srcs\sources_1\new\ADC_converter.vhd:]
WARNING: [filemgmt 56-199] Attempt to get parsing info during refresh. "On-the-fly" syntax checking information may be incorrect. [C:\Users\devandla\Desktop\Embedded-System-Project-DAT096\Board_1\project_2\project_2.srcs\sources_1\new\prbs_axis_master_32.vhd:]
WARNING: [filemgmt 56-199] Attempt to get parsing info during refresh. "On-the-fly" syntax checking information may be incorrect. [C:\Users\devandla\Desktop\Embedded-System-Project-DAT096\Board_1\project_2\project_2.srcs\sources_1\new\prbs_axis_master_32.vhd:]
WARNING: [filemgmt 56-199] Attempt to get parsing info during refresh. "On-the-fly" syntax checking information may be incorrect. [C:\Users\devandla\Desktop\Embedded-System-Project-DAT096\Board_1\project_2\project_2.srcs\sources_1\new\prbs_axis_master_32.vhd:]
WARNING: [filemgmt 56-199] Attempt to get parsing info during refresh. "On-the-fly" syntax checking information may be incorrect. [C:\Users\devandla\Desktop\Embedded-System-Project-DAT096\Board_1\project_2\project_2.srcs\sources_1\new\signal_generator.vhd:]
WARNING: [filemgmt 56-199] Attempt to get parsing info during refresh. "On-the-fly" syntax checking information may be incorrect. [C:\Users\devandla\Desktop\Embedded-System-Project-DAT096\Board_1\project_2\project_2.srcs\sources_1\new\ADC_converter.vhd:]
WARNING: [filemgmt 56-199] Attempt to get parsing info during refresh. "On-the-fly" syntax checking information may be incorrect. [C:\Users\devandla\Desktop\Embedded-System-Project-DAT096\Board_1\project_2\project_2.srcs\sources_1\new\prbs_axis_master_32.vhd:]
WARNING: [filemgmt 56-199] Attempt to get parsing info during refresh. "On-the-fly" syntax checking information may be incorrect. [C:\Users\devandla\Desktop\Embedded-System-Project-DAT096\Board_1\project_2\project_2.srcs\sources_1\new\ADC_converter.vhd:]
WARNING: [filemgmt 56-199] Attempt to get parsing info during refresh. "On-the-fly" syntax checking information may be incorrect. [C:\Users\devandla\Desktop\Embedded-System-Project-DAT096\Board_1\project_2\project_2.srcs\sources_1\new\ADC_converter.vhd:]
WARNING: [filemgmt 56-199] Attempt to get parsing info during refresh. "On-the-fly" syntax checking information may be incorrect. [C:\Users\devandla\Desktop\Embedded-System-Project-DAT096\Board_1\project_2\project_2.srcs\sources_1\new\signal_generator.vhd:]
WARNING: [filemgmt 56-199] Attempt to get parsing info during refresh. "On-the-fly" syntax checking information may be incorrect. [C:\Users\devandla\Desktop\Embedded-System-Project-DAT096\Board_1\project_2\project_2.srcs\sources_1\new\ADC_converter.vhd:]
WARNING: [filemgmt 56-199] Attempt to get parsing info during refresh. "On-the-fly" syntax checking information may be incorrect. [C:\Users\devandla\Desktop\Embedded-System-Project-DAT096\Board_1\project_2\project_2.srcs\sources_1\new\prbs_axis_master_32.vhd:]
WARNING: [filemgmt 56-199] Attempt to get parsing info during refresh. "On-the-fly" syntax checking information may be incorrect. [C:\Users\devandla\Desktop\Embedded-System-Project-DAT096\Board_1\project_2\project_2.srcs\sources_1\new\signal_generator.vhd:]
WARNING: [filemgmt 56-199] Attempt to get parsing info during refresh. "On-the-fly" syntax checking information may be incorrect. [C:\Users\devandla\Desktop\Embedded-System-Project-DAT096\Board_1\project_2\project_2.srcs\sources_1\new\signal_generator.vhd:]
ERROR: [Common 17-180] Spawn failed: No error
WARNING: [IP_Flow 19-4067] Ignoring invalid widget type specified checkbox.Providing a default widget
set_property PROBES.FILE {C:/Users/devandla/Desktop/Embedded-System-Project-DAT096/Board_2/Board_2/Board_2.runs/impl_1/design_2_wrapper.ltx} [get_hw_devices xc7z020_1]
set_property FULL_PROBES.FILE {C:/Users/devandla/Desktop/Embedded-System-Project-DAT096/Board_2/Board_2/Board_2.runs/impl_1/design_2_wrapper.ltx} [get_hw_devices xc7z020_1]
set_property PROGRAM.FILE {C:/Users/devandla/Desktop/Embedded-System-Project-DAT096/Board_2/Board_2/Board_2.runs/impl_1/design_2_wrapper.bit} [get_hw_devices xc7z020_1]
program_hw_devices [get_hw_devices xc7z020_1]
INFO: [Labtools 27-3164] End of startup status: HIGH
refresh_hw_device [lindex [get_hw_devices xc7z020_1] 0]
INFO: [Labtools 27-2302] Device xc7z020 (JTAG device index = 1) is programmed with a design that has 1 ILA core(s).
open_bd_design {C:/Users/devandla/Desktop/Embedded-System-Project-DAT096/Board_1/project_2/project_2.srcs/sources_1/bd/design_1/design_1.bd}
delete_bd_objs [get_bd_nets ZmodAWGController_0_sInitDoneDAC]
delete_bd_objs [get_bd_nets ZmodAWGController_0_sConfigError]
connect_bd_net [get_bd_pins ZmodScopeController_0/sInitDoneADC] [get_bd_pins ila_0/probe4]
connect_bd_net [get_bd_pins ZmodScopeController_0/sConfigError] [get_bd_pins ila_0/probe5]
save_bd_design
Wrote  : <C:\Users\devandla\Desktop\Embedded-System-Project-DAT096\Board_1\project_2\project_2.srcs\sources_1\bd\design_1\design_1.bd> 
Wrote  : <C:/Users/devandla/Desktop/Embedded-System-Project-DAT096/Board_1/project_2/project_2.srcs/sources_1/bd/design_1/ui/bd_1f5defd0.ui> 
reset_run synth_1
INFO: [Project 1-1161] Replacing file C:/Users/devandla/Desktop/Embedded-System-Project-DAT096/Board_1/project_2/project_2.srcs/utils_1/imports/synth_1/prbs_axis_master_32.dcp with file C:/Users/devandla/Desktop/Embedded-System-Project-DAT096/Board_1/project_2/project_2.runs/synth_1/design_1_wrapper.dcp
WARNING: [Vivado 12-1017] Problems encountered:
1. Failed to delete one or more files in run directory C:/Users/devandla/Desktop/Embedded-System-Project-DAT096/Board_1/project_2/project_2.runs/synth_1

launch_runs impl_1 -to_step write_bitstream -jobs 28
INFO: [xilinx.com:ip:clk_wiz:6.0-1] /clk_wiz_0 clk_wiz propagate
Wrote  : <C:\Users\devandla\Desktop\Embedded-System-Project-DAT096\Board_1\project_2\project_2.srcs\sources_1\bd\design_1\design_1.bd> 
VHDL Output written to : c:/Users/devandla/Desktop/Embedded-System-Project-DAT096/Board_1/project_2/project_2.gen/sources_1/bd/design_1/synth/design_1.vhd
VHDL Output written to : c:/Users/devandla/Desktop/Embedded-System-Project-DAT096/Board_1/project_2/project_2.gen/sources_1/bd/design_1/sim/design_1.vhd
VHDL Output written to : c:/Users/devandla/Desktop/Embedded-System-Project-DAT096/Board_1/project_2/project_2.gen/sources_1/bd/design_1/hdl/design_1_wrapper.vhd
WARNING: [filemgmt 56-199] Attempt to get parsing info during refresh. "On-the-fly" syntax checking information may be incorrect. [C:\Users\devandla\Desktop\Embedded-System-Project-DAT096\Board_1\project_2\project_2.srcs\sources_1\new\signal_generator.vhd:]
WARNING: [filemgmt 56-199] Attempt to get parsing info during refresh. "On-the-fly" syntax checking information may be incorrect. [C:\Users\devandla\Desktop\Embedded-System-Project-DAT096\Board_1\project_2\project_2.srcs\sources_1\new\ADC_converter.vhd:]
WARNING: [filemgmt 56-199] Attempt to get parsing info during refresh. "On-the-fly" syntax checking information may be incorrect. [C:\Users\devandla\Desktop\Embedded-System-Project-DAT096\Board_1\project_2\project_2.srcs\sources_1\new\prbs_axis_master_32.vhd:]
WARNING: [filemgmt 56-199] Attempt to get parsing info during refresh. "On-the-fly" syntax checking information may be incorrect. [C:\Users\devandla\Desktop\Embedded-System-Project-DAT096\Board_1\project_2\project_2.srcs\sources_1\new\signal_generator.vhd:]
WARNING: [filemgmt 56-199] Attempt to get parsing info during refresh. "On-the-fly" syntax checking information may be incorrect. [C:\Users\devandla\Desktop\Embedded-System-Project-DAT096\Board_1\project_2\project_2.srcs\sources_1\new\signal_generator.vhd:]
Exporting to file c:/Users/devandla/Desktop/Embedded-System-Project-DAT096/Board_1/project_2/project_2.gen/sources_1/bd/design_1/hw_handoff/design_1.hwh
Generated Hardware Definition File c:/Users/devandla/Desktop/Embedded-System-Project-DAT096/Board_1/project_2/project_2.gen/sources_1/bd/design_1/synth/design_1.hwdef
[Wed Apr 22 15:41:14 2026] Launched synth_1...
Run output will be captured here: C:/Users/devandla/Desktop/Embedded-System-Project-DAT096/Board_1/project_2/project_2.runs/synth_1/runme.log
[Wed Apr 22 15:41:14 2026] Launched impl_1...
Run output will be captured here: C:/Users/devandla/Desktop/Embedded-System-Project-DAT096/Board_1/project_2/project_2.runs/impl_1/runme.log
WARNING: [filemgmt 56-199] Attempt to get parsing info during refresh. "On-the-fly" syntax checking information may be incorrect. [C:\Users\devandla\Desktop\Embedded-System-Project-DAT096\Board_1\project_2\project_2.srcs\sources_1\new\signal_generator.vhd:]
WARNING: [filemgmt 56-199] Attempt to get parsing info during refresh. "On-the-fly" syntax checking information may be incorrect. [C:\Users\devandla\Desktop\Embedded-System-Project-DAT096\Board_1\project_2\project_2.srcs\sources_1\new\ADC_converter.vhd:]
WARNING: [filemgmt 56-199] Attempt to get parsing info during refresh. "On-the-fly" syntax checking information may be incorrect. [C:\Users\devandla\Desktop\Embedded-System-Project-DAT096\Board_1\project_2\project_2.srcs\sources_1\new\prbs_axis_master_32.vhd:]
WARNING: [filemgmt 56-199] Attempt to get parsing info during refresh. "On-the-fly" syntax checking information may be incorrect. [C:\Users\devandla\Desktop\Embedded-System-Project-DAT096\Board_1\project_2\project_2.srcs\sources_1\new\prbs_axis_master_32.vhd:]
WARNING: [filemgmt 56-199] Attempt to get parsing info during refresh. "On-the-fly" syntax checking information may be incorrect. [C:\Users\devandla\Desktop\Embedded-System-Project-DAT096\Board_1\project_2\project_2.srcs\sources_1\new\prbs_axis_master_32.vhd:]
WARNING: [filemgmt 56-199] Attempt to get parsing info during refresh. "On-the-fly" syntax checking information may be incorrect. [C:\Users\devandla\Desktop\Embedded-System-Project-DAT096\Board_1\project_2\project_2.srcs\sources_1\new\signal_generator.vhd:]
WARNING: [filemgmt 56-199] Attempt to get parsing info during refresh. "On-the-fly" syntax checking information may be incorrect. [C:\Users\devandla\Desktop\Embedded-System-Project-DAT096\Board_1\project_2\project_2.srcs\sources_1\new\ADC_converter.vhd:]
WARNING: [filemgmt 56-199] Attempt to get parsing info during refresh. "On-the-fly" syntax checking information may be incorrect. [C:\Users\devandla\Desktop\Embedded-System-Project-DAT096\Board_1\project_2\project_2.srcs\sources_1\new\prbs_axis_master_32.vhd:]
WARNING: [filemgmt 56-199] Attempt to get parsing info during refresh. "On-the-fly" syntax checking information may be incorrect. [C:\Users\devandla\Desktop\Embedded-System-Project-DAT096\Board_1\project_2\project_2.srcs\sources_1\new\signal_generator.vhd:]
WARNING: [filemgmt 56-199] Attempt to get parsing info during refresh. "On-the-fly" syntax checking information may be incorrect. [C:\Users\devandla\Desktop\Embedded-System-Project-DAT096\Board_1\project_2\project_2.srcs\sources_1\new\signal_generator.vhd:]
WARNING: [filemgmt 56-199] Attempt to get parsing info during refresh. "On-the-fly" syntax checking information may be incorrect. [C:\Users\devandla\Desktop\Embedded-System-Project-DAT096\Board_1\project_2\project_2.srcs\sources_1\new\signal_generator.vhd:]
WARNING: [filemgmt 56-199] Attempt to get parsing info during refresh. "On-the-fly" syntax checking information may be incorrect. [C:\Users\devandla\Desktop\Embedded-System-Project-DAT096\Board_1\project_2\project_2.srcs\sources_1\new\ADC_converter.vhd:]
WARNING: [filemgmt 56-199] Attempt to get parsing info during refresh. "On-the-fly" syntax checking information may be incorrect. [C:\Users\devandla\Desktop\Embedded-System-Project-DAT096\Board_1\project_2\project_2.srcs\sources_1\new\prbs_axis_master_32.vhd:]
WARNING: [filemgmt 56-199] Attempt to get parsing info during refresh. "On-the-fly" syntax checking information may be incorrect. [C:\Users\devandla\Desktop\Embedded-System-Project-DAT096\Board_1\project_2\project_2.srcs\sources_1\new\ADC_converter.vhd:]
WARNING: [filemgmt 56-199] Attempt to get parsing info during refresh. "On-the-fly" syntax checking information may be incorrect. [C:\Users\devandla\Desktop\Embedded-System-Project-DAT096\Board_1\project_2\project_2.srcs\sources_1\new\ADC_converter.vhd:]
WARNING: [filemgmt 56-199] Attempt to get parsing info during refresh. "On-the-fly" syntax checking information may be incorrect. [C:\Users\devandla\Desktop\Embedded-System-Project-DAT096\Board_1\project_2\project_2.srcs\sources_1\new\signal_generator.vhd:]
WARNING: [filemgmt 56-199] Attempt to get parsing info during refresh. "On-the-fly" syntax checking information may be incorrect. [C:\Users\devandla\Desktop\Embedded-System-Project-DAT096\Board_1\project_2\project_2.srcs\sources_1\new\ADC_converter.vhd:]
WARNING: [filemgmt 56-199] Attempt to get parsing info during refresh. "On-the-fly" syntax checking information may be incorrect. [C:\Users\devandla\Desktop\Embedded-System-Project-DAT096\Board_1\project_2\project_2.srcs\sources_1\new\prbs_axis_master_32.vhd:]
WARNING: [filemgmt 56-199] Attempt to get parsing info during refresh. "On-the-fly" syntax checking information may be incorrect. [C:\Users\devandla\Desktop\Embedded-System-Project-DAT096\Board_1\project_2\project_2.srcs\sources_1\new\prbs_axis_master_32.vhd:]
WARNING: [filemgmt 56-199] Attempt to get parsing info during refresh. "On-the-fly" syntax checking information may be incorrect. [C:\Users\devandla\Desktop\Embedded-System-Project-DAT096\Board_1\project_2\project_2.srcs\sources_1\new\prbs_axis_master_32.vhd:]
ERROR: [Common 17-180] Spawn failed: No error
set_property PROBES.FILE {C:/Users/devandla/Desktop/Embedded-System-Project-DAT096/Board_2/Board_2/Board_2.runs/impl_1/design_2_wrapper.ltx} [get_hw_devices xc7z020_1]
set_property FULL_PROBES.FILE {C:/Users/devandla/Desktop/Embedded-System-Project-DAT096/Board_2/Board_2/Board_2.runs/impl_1/design_2_wrapper.ltx} [get_hw_devices xc7z020_1]
set_property PROGRAM.FILE {C:/Users/devandla/Desktop/Embedded-System-Project-DAT096/Board_2/Board_2/Board_2.runs/impl_1/design_2_wrapper.bit} [get_hw_devices xc7z020_1]
program_hw_devices [get_hw_devices xc7z020_1]
INFO: [Labtools 27-3164] End of startup status: HIGH
refresh_hw_device [lindex [get_hw_devices xc7z020_1] 0]
INFO: [Labtools 27-2302] Device xc7z020 (JTAG device index = 1) is programmed with a design that has 1 ILA core(s).
run_hw_ila [get_hw_ilas -of_objects [get_hw_devices xc7z020_1] -filter {CELL_NAME=~"design_2_i/ila_0"}]
INFO: [Labtools 27-1964] The ILA core 'hw_ila_1' trigger was armed at 2026-Apr-22 15:43:54
wait_on_hw_ila [get_hw_ilas -of_objects [get_hw_devices xc7z020_1] -filter {CELL_NAME=~"design_2_i/ila_0"}]
display_hw_ila_data [upload_hw_ila_data [get_hw_ilas -of_objects [get_hw_devices xc7z020_1] -filter {CELL_NAME=~"design_2_i/ila_0"}]]
INFO: [Labtools 27-1966] The ILA core 'hw_ila_1' triggered at 2026-Apr-22 15:43:54
INFO: [Labtools 27-3304] ILA Waveform data saved to file C:/Users/devandla/Desktop/Embedded-System-Project-DAT096/Board_1/project_2/project_2.hw/backup/hw_ila_data_1.ila. Use Tcl command 'read_hw_ila_data' or Vivado File->Import->Import ILA Data menu item to import the previously saved data.
open_bd_design {C:/Users/devandla/Desktop/Embedded-System-Project-DAT096/Board_1/project_2/project_2.srcs/sources_1/bd/design_1/design_1.bd}
