#-----------------------------------------------------------
# Vivado v2024.2 (64-bit)
# SW Build 5239630 on Fri Nov 08 22:35:27 MST 2024
# IP Build 5239520 on Sun Nov 10 16:12:51 MST 2024
# SharedData Build 5239561 on Fri Nov 08 14:39:27 MST 2024
# Start of session at: Thu Apr 30 13:03:11 2026
# Process ID         : 16840
# Current directory  : C:/Users/qianzha/Desktop/DAT096-krishna/Embedded-System-Project-DAT096-krishna/Board_1/Board_1
# Command line       : vivado.exe -gui_launcher_event rodinguilauncherevent16688 C:\Users\qianzha\Desktop\DAT096-krishna\Embedded-System-Project-DAT096-krishna\Board_1\Board_1\Board_2.xpr
# Log file           : C:/Users/qianzha/Desktop/DAT096-krishna/Embedded-System-Project-DAT096-krishna/Board_1/Board_1/vivado.log
# Journal file       : C:/Users/qianzha/Desktop/DAT096-krishna/Embedded-System-Project-DAT096-krishna/Board_1/Board_1\vivado.jou
# Running On         : FY-6302-09
# Platform           : Windows Server 2016 or Windows 10
# Operating System   : 26200
# Processor Detail   : Intel(R) Core(TM) i7-14700
# CPU Frequency      : 2112 MHz
# CPU Physical cores : 20
# CPU Logical cores  : 28
# Host memory        : 34031 MB
# Swap memory        : 5100 MB
# Total Virtual      : 39131 MB
# Available Virtual  : 32443 MB
#-----------------------------------------------------------
start_gui
open_project C:/Users/qianzha/Desktop/DAT096-krishna/Embedded-System-Project-DAT096-krishna/Board_1/Board_1/Board_2.xpr
INFO: [ProjectBase 1-489] The host OS only allows 260 characters in a normal path. The project is stored in a path with more than 80 characters. If you experience issues with IP, Block Designs, or files not being found, please consider moving the project to a location with a shorter path. Alternately consider using the OS subst command to map part of the path to a drive letter.
Current project path is 'C:/Users/qianzha/Desktop/DAT096-krishna/Embedded-System-Project-DAT096-krishna/Board_1/Board_1'
Scanning sources...
Finished scanning sources
WARNING: [Board 49-26] cannot add Board Part digilentinc.com:genesys2:part0:1.1 available at Z:/DAT096/vivado-boards-master/vivado-boards-master/new/board_files/genesys2/H/board.xml as part xc7k325tffg900-2 specified in board_part file is either invalid or not available
WARNING: [Board 49-26] cannot add Board Part digilentinc.com:sword:part0:1.0 available at Z:/DAT096/vivado-boards-master/vivado-boards-master/new/board_files/sword/C.0/board.xml as part xc7k325tffg900-2 specified in board_part file is either invalid or not available
INFO: [IP_Flow 19-234] Refreshing IP repositories
INFO: [IP_Flow 19-1700] Loaded user IP repository 'z:/DAT096/vivado-library-master/vivado-library-master'.
INFO: [IP_Flow 19-2313] Loaded Vivado IP repository 'C:/Progs/Xilinx/Vivado/2024.2/data/ip'.
INFO: [Project 1-5579] Found utility IPs instantiated in one or more block designs which have equivalent inline hdl with improved performance and reduced diskspace. It is recommended to migrate these utility IPs to inline hdl using the command upgrade_project -migrate_to_inline_hdl. The utility IPs may be deprecated in future releases. More information on inline hdl is available in UG994.
open_project: Time (s): cpu = 00:00:13 ; elapsed = 00:00:21 . Memory (MB): peak = 1404.812 ; gain = 333.586
update_compile_order -fileset sources_1
open_bd_design {C:/Users/qianzha/Desktop/DAT096-krishna/Embedded-System-Project-DAT096-krishna/Board_1/Board_1/Board_2.srcs/sources_1/bd/design_2/design_2.bd}
Reading block design file <C:/Users/qianzha/Desktop/DAT096-krishna/Embedded-System-Project-DAT096-krishna/Board_1/Board_1/Board_2.srcs/sources_1/bd/design_2/design_2.bd>...
Adding component instance block -- xilinx.com:ip:ila:6.2 - ila_0
INFO: [xilinx.com:ip:ila:6.2-6] /ila_0: AMD recommends using the System ILA IP in IP Integrator. The System ILA IP is functionally equivalent to an ILA and offers additional benefits in debugging interfaces both within IP Integrator and the Hardware Manager. Consult the Programming and Debug User Guide UG908 for further details.
Adding component instance block -- xilinx.com:module_ref:adc_bit_decoder:1.0 - adc_bit_decoder_0
Adding component instance block -- xilinx.com:ip:xlconstant:1.1 - xlconstant_1
Adding component instance block -- xilinx.com:ip:xlslice:1.0 - xlslice_0
Adding component instance block -- xilinx.com:ip:xlconstant:1.1 - xlconstant_3
Adding component instance block -- xilinx.com:ip:processing_system7:5.5 - processing_system7_0
Adding component instance block -- digilent.com:user:ZmodScopeController:1.2 - ZmodScopeController_0
Adding component instance block -- digilent.com:user:ZmodAWGController:1.1 - ZmodAWGController_0
Adding component instance block -- xilinx.com:ip:clk_wiz:6.0 - clk_wiz_0
Adding component instance block -- xilinx.com:module_ref:prbs_axis_master_32:1.0 - prbs_axis_master_32_0
Adding component instance block -- xilinx.com:module_ref:pilot_tx_rx:1.0 - pilot_tx_rx_0
Adding component instance block -- xilinx.com:module_ref:delay_measure:1.0 - delay_measure_0
Adding component instance block -- xilinx.com:module_ref:bit_to_dac14_axi:1.0 - bit_to_dac14_axi_0
Adding component instance block -- xilinx.com:ip:proc_sys_reset:5.0 - proc_sys_reset_0
Adding component instance block -- xilinx.com:ip:xlconstant:1.1 - xlconstant_2
Successfully read diagram <design_2> from block design file <C:/Users/qianzha/Desktop/DAT096-krishna/Embedded-System-Project-DAT096-krishna/Board_1/Board_1/Board_2.srcs/sources_1/bd/design_2/design_2.bd>
reset_run impl_1 -prev_step 
launch_runs impl_1 -to_step write_bitstream -jobs 28
[Thu Apr 30 13:04:49 2026] Launched impl_1...
Run output will be captured here: C:/Users/qianzha/Desktop/DAT096-krishna/Embedded-System-Project-DAT096-krishna/Board_1/Board_1/Board_2.runs/impl_1/runme.log
reset_run impl_1 -prev_step 
validate_bd_design -force
WARNING: [BD 41-2670] Found an incomplete address path from address space '/processing_system7_0/Data' to master interface '/processing_system7_0/M_AXI_GP0'. Please either complete or remove this path to resolve.
WARNING: [BD 5-699] No address segments matched 'get_bd_addr_segs -of_objects /processing_system7_0/Data'
WARNING: [IP_Flow 19-4684] Expected long value for param C_ILA_CLK_FREQ but, float/scientific notation value 5e+07 is provided. The value is converted to long type(50000000)
INFO: [xilinx.com:ip:clk_wiz:6.0-1] /clk_wiz_0 clk_wiz propagate
reset_run synth_1
INFO: [Project 1-1161] Replacing file C:/Users/qianzha/Desktop/DAT096-krishna/Embedded-System-Project-DAT096-krishna/Board_1/Board_1/Board_2.srcs/utils_1/imports/synth_1/design_2_wrapper.dcp with file C:/Users/qianzha/Desktop/DAT096-krishna/Embedded-System-Project-DAT096-krishna/Board_1/Board_1/Board_2.runs/synth_1/design_2_wrapper.dcp
WARNING: [filemgmt 56-199] Attempt to get parsing info during refresh. "On-the-fly" syntax checking information may be incorrect. [C:\Users\qianzha\Desktop\DAT096-krishna\Embedded-System-Project-DAT096-krishna\Board_1\Board_1\Board_2.srcs\sources_1\new\delay_measure.vhd:]
WARNING: [filemgmt 56-199] Attempt to get parsing info during refresh. "On-the-fly" syntax checking information may be incorrect. [C:\Users\qianzha\Desktop\DAT096-krishna\Embedded-System-Project-DAT096-krishna\Board_1\Board_1\Board_2.srcs\sources_1\new\bit to dac converter.vhd:]
WARNING: [filemgmt 56-199] Attempt to get parsing info during refresh. "On-the-fly" syntax checking information may be incorrect. [C:\Users\qianzha\Desktop\DAT096-krishna\Embedded-System-Project-DAT096-krishna\Board_1\Board_1\Board_2.srcs\sources_1\new\pulse_gen.vhd:]
WARNING: [filemgmt 56-199] Attempt to get parsing info during refresh. "On-the-fly" syntax checking information may be incorrect. [C:\Users\qianzha\Desktop\DAT096-krishna\Embedded-System-Project-DAT096-krishna\Board_1\Board_1\Board_2.srcs\sources_1\new\delay_measure.vhd:]
WARNING: [filemgmt 56-199] Attempt to get parsing info during refresh. "On-the-fly" syntax checking information may be incorrect. [C:\Users\qianzha\Desktop\DAT096-krishna\Embedded-System-Project-DAT096-krishna\Board_1\Board_1\Board_2.srcs\sources_1\new\delay_measure.vhd:]
WARNING: [filemgmt 56-199] Attempt to get parsing info during refresh. "On-the-fly" syntax checking information may be incorrect. [C:\Users\qianzha\Desktop\DAT096-krishna\Embedded-System-Project-DAT096-krishna\Board_1\Board_1\Board_2.srcs\sources_1\new\delay_measure.vhd:]
WARNING: [filemgmt 56-199] Attempt to get parsing info during refresh. "On-the-fly" syntax checking information may be incorrect. [C:\Users\qianzha\Desktop\DAT096-krishna\Embedded-System-Project-DAT096-krishna\Board_1\Board_1\Board_2.srcs\sources_1\new\bit to dac converter.vhd:]
WARNING: [filemgmt 56-199] Attempt to get parsing info during refresh. "On-the-fly" syntax checking information may be incorrect. [C:\Users\qianzha\Desktop\DAT096-krishna\Embedded-System-Project-DAT096-krishna\Board_1\Board_1\Board_2.srcs\sources_1\new\pulse_gen.vhd:]
WARNING: [filemgmt 56-199] Attempt to get parsing info during refresh. "On-the-fly" syntax checking information may be incorrect. [C:\Users\qianzha\Desktop\DAT096-krishna\Embedded-System-Project-DAT096-krishna\Board_1\Board_1\Board_2.srcs\sources_1\new\pulse_gen.vhd:]
WARNING: [filemgmt 56-199] Attempt to get parsing info during refresh. "On-the-fly" syntax checking information may be incorrect. [C:\Users\qianzha\Desktop\DAT096-krishna\Embedded-System-Project-DAT096-krishna\Board_1\Board_1\Board_2.srcs\sources_1\new\pulse_gen.vhd:]
ERROR: [Common 17-180] Spawn failed: No error
save_bd_design
Wrote  : <C:\Users\qianzha\Desktop\DAT096-krishna\Embedded-System-Project-DAT096-krishna\Board_1\Board_1\Board_2.srcs\sources_1\bd\design_2\design_2.bd> 
Wrote  : <C:/Users/qianzha/Desktop/DAT096-krishna/Embedded-System-Project-DAT096-krishna/Board_1/Board_1/Board_2.srcs/sources_1/bd/design_2/ui/bd_1fdbff51.ui> 
launch_runs synth_1 -jobs 28
INFO: [BD 41-1662] The design 'design_2.bd' is already validated. Therefore parameter propagation will not be re-run.
VHDL Output written to : c:/Users/qianzha/Desktop/DAT096-krishna/Embedded-System-Project-DAT096-krishna/Board_1/Board_1/Board_2.gen/sources_1/bd/design_2/synth/design_2.vhd
VHDL Output written to : c:/Users/qianzha/Desktop/DAT096-krishna/Embedded-System-Project-DAT096-krishna/Board_1/Board_1/Board_2.gen/sources_1/bd/design_2/sim/design_2.vhd
VHDL Output written to : c:/Users/qianzha/Desktop/DAT096-krishna/Embedded-System-Project-DAT096-krishna/Board_1/Board_1/Board_2.gen/sources_1/bd/design_2/hdl/design_2_wrapper.vhd
Exporting to file c:/Users/qianzha/Desktop/DAT096-krishna/Embedded-System-Project-DAT096-krishna/Board_1/Board_1/Board_2.gen/sources_1/bd/design_2/hw_handoff/design_2.hwh
Generated Hardware Definition File c:/Users/qianzha/Desktop/DAT096-krishna/Embedded-System-Project-DAT096-krishna/Board_1/Board_1/Board_2.gen/sources_1/bd/design_2/synth/design_2.hwdef
[Thu Apr 30 13:06:33 2026] Launched synth_1...
Run output will be captured here: C:/Users/qianzha/Desktop/DAT096-krishna/Embedded-System-Project-DAT096-krishna/Board_1/Board_1/Board_2.runs/synth_1/runme.log
WARNING: [filemgmt 56-199] Attempt to get parsing info during refresh. "On-the-fly" syntax checking information may be incorrect. [C:\Users\qianzha\Desktop\DAT096-krishna\Embedded-System-Project-DAT096-krishna\Board_1\Board_1\Board_2.srcs\sources_1\new\delay_measure.vhd:]
WARNING: [filemgmt 56-199] Attempt to get parsing info during refresh. "On-the-fly" syntax checking information may be incorrect. [C:\Users\qianzha\Desktop\DAT096-krishna\Embedded-System-Project-DAT096-krishna\Board_1\Board_1\Board_2.srcs\sources_1\new\bit to dac converter.vhd:]
WARNING: [filemgmt 56-199] Attempt to get parsing info during refresh. "On-the-fly" syntax checking information may be incorrect. [C:\Users\qianzha\Desktop\DAT096-krishna\Embedded-System-Project-DAT096-krishna\Board_1\Board_1\Board_2.srcs\sources_1\new\pulse_gen.vhd:]
WARNING: [filemgmt 56-199] Attempt to get parsing info during refresh. "On-the-fly" syntax checking information may be incorrect. [C:\Users\qianzha\Desktop\DAT096-krishna\Embedded-System-Project-DAT096-krishna\Board_1\Board_1\Board_2.srcs\sources_1\new\delay_measure.vhd:]
WARNING: [filemgmt 56-199] Attempt to get parsing info during refresh. "On-the-fly" syntax checking information may be incorrect. [C:\Users\qianzha\Desktop\DAT096-krishna\Embedded-System-Project-DAT096-krishna\Board_1\Board_1\Board_2.srcs\sources_1\new\delay_measure.vhd:]
launch_runs impl_1 -jobs 28
[Thu Apr 30 13:07:25 2026] Launched impl_1...
Run output will be captured here: C:/Users/qianzha/Desktop/DAT096-krishna/Embedded-System-Project-DAT096-krishna/Board_1/Board_1/Board_2.runs/impl_1/runme.log
launch_runs impl_1 -to_step write_bitstream -jobs 28
[Thu Apr 30 13:08:57 2026] Launched impl_1...
Run output will be captured here: C:/Users/qianzha/Desktop/DAT096-krishna/Embedded-System-Project-DAT096-krishna/Board_1/Board_1/Board_2.runs/impl_1/runme.log
open_hw_manager
connect_hw_server -allow_non_jtag
INFO: [Labtools 27-2285] Connecting to hw_server url TCP:localhost:3121
INFO: [Labtools 27-2222] Launching hw_server...
INFO: [Labtools 27-2221] Launch Output:

****** Xilinx hw_server v2024.2
  **** Build date : Oct 29 2024 at 10:25:41
    ** Copyright 1986-2022 Xilinx, Inc. All Rights Reserved.


INFO: [Labtools 27-3415] Connecting to cs_server url TCP:localhost:0
INFO: [Labtools 27-3417] Launching cs_server...
INFO: [Labtools 27-2221] Launch Output:


******** Xilinx cs_server v2024.2.0
  ****** Build date   : Oct 30 2024-19:19:07
    **** Build number : 2024.2.1730312347
      ** Copyright 2017-2022 Xilinx, Inc. All Rights Reserved.
      ** Copyright 2022-2026 Advanced Micro Devices, Inc. All Rights Reserved.



connect_hw_server: Time (s): cpu = 00:00:01 ; elapsed = 00:00:14 . Memory (MB): peak = 1645.438 ; gain = 0.000
open_hw_target
INFO: [Labtoolstcl 44-466] Opening hw_target localhost:3121/xilinx_tcf/Digilent/210393BB58A7A
set_property PROGRAM.FILE {C:/Users/qianzha/Desktop/DAT096-krishna/Embedded-System-Project-DAT096-krishna/Board_1/Board_1/Board_2.runs/impl_1/design_2_wrapper.bit} [get_hw_devices xc7z020_1]
set_property PROBES.FILE {C:/Users/qianzha/Desktop/DAT096-krishna/Embedded-System-Project-DAT096-krishna/Board_1/Board_1/Board_2.runs/impl_1/design_2_wrapper.ltx} [get_hw_devices xc7z020_1]
set_property FULL_PROBES.FILE {C:/Users/qianzha/Desktop/DAT096-krishna/Embedded-System-Project-DAT096-krishna/Board_1/Board_1/Board_2.runs/impl_1/design_2_wrapper.ltx} [get_hw_devices xc7z020_1]
current_hw_device [get_hw_devices xc7z020_1]
refresh_hw_device [lindex [get_hw_devices xc7z020_1] 0]
INFO: [Labtools 27-1434] Device xc7z020 (JTAG device index = 1) is programmed with a design that has no supported debug core(s) in it.
WARNING: [Labtools 27-3361] The debug hub core was not detected.
Resolution: 
1. Make sure the clock connected to the debug hub (dbg_hub) core is a free running clock and is active.
2. Make sure the BSCAN_SWITCH_USER_MASK device property in Vivado Hardware Manager reflects the user scan chain setting in the design and refresh the device.  To determine the user scan chain setting in the design, open the implemented design and use 'get_property C_USER_SCAN_CHAIN [get_debug_cores dbg_hub]'.
For more details on setting the scan chain property, consult the Vivado Debug and Programming User Guide (UG908).
WARNING: [Labtools 27-3413] Dropping logic core with cellname:'design_2_i/ila_0' at location 'uuid_F2A5A0E152865171A222BF15ACEC5622' from probes file, since it cannot be found on the programmed device.
set_property PROBES.FILE {C:/Users/qianzha/Desktop/DAT096-krishna/Embedded-System-Project-DAT096-krishna/Board_1/Board_1/Board_2.runs/impl_1/design_2_wrapper.ltx} [get_hw_devices xc7z020_1]
set_property FULL_PROBES.FILE {C:/Users/qianzha/Desktop/DAT096-krishna/Embedded-System-Project-DAT096-krishna/Board_1/Board_1/Board_2.runs/impl_1/design_2_wrapper.ltx} [get_hw_devices xc7z020_1]
set_property PROGRAM.FILE {C:/Users/qianzha/Desktop/DAT096-krishna/Embedded-System-Project-DAT096-krishna/Board_1/Board_1/Board_2.runs/impl_1/design_2_wrapper.bit} [get_hw_devices xc7z020_1]
program_hw_devices [get_hw_devices xc7z020_1]
INFO: [Labtools 27-3164] End of startup status: HIGH
refresh_hw_device [lindex [get_hw_devices xc7z020_1] 0]
INFO: [Labtools 27-2302] Device xc7z020 (JTAG device index = 1) is programmed with a design that has 1 ILA core(s).
display_hw_ila_data [ get_hw_ila_data hw_ila_data_1 -of_objects [get_hw_ilas -of_objects [get_hw_devices xc7z020_1] -filter {CELL_NAME=~"design_2_i/ila_0"}]]
run_hw_ila [get_hw_ilas -of_objects [get_hw_devices xc7z020_1] -filter {CELL_NAME=~"design_2_i/ila_0"}]
INFO: [Labtools 27-1964] The ILA core 'hw_ila_1' trigger was armed at 2026-Apr-30 13:10:11
wait_on_hw_ila [get_hw_ilas -of_objects [get_hw_devices xc7z020_1] -filter {CELL_NAME=~"design_2_i/ila_0"}]
display_hw_ila_data [upload_hw_ila_data [get_hw_ilas -of_objects [get_hw_devices xc7z020_1] -filter {CELL_NAME=~"design_2_i/ila_0"}]]
INFO: [Labtools 27-1966] The ILA core 'hw_ila_1' triggered at 2026-Apr-30 13:10:11
INFO: [Labtools 27-3304] ILA Waveform data saved to file C:/Users/qianzha/Desktop/DAT096-krishna/Embedded-System-Project-DAT096-krishna/Board_1/Board_1/Board_2.hw/backup/hw_ila_data_1.ila. Use Tcl command 'read_hw_ila_data' or Vivado File->Import->Import ILA Data menu item to import the previously saved data.
open_bd_design {C:/Users/qianzha/Desktop/DAT096-krishna/Embedded-System-Project-DAT096-krishna/Board_1/Board_1/Board_2.srcs/sources_1/bd/design_2/design_2.bd}
report_ip_status -name ip_status 
delete_bd_objs [get_bd_nets ZmodAWGController_0_cDataAxisTready]
delete_bd_objs [get_bd_nets bit_to_dac14_axi_0_m_axis_tvalid]
delete_bd_objs [get_bd_nets bit_to_dac14_axi_0_m_axis_tdata]
connect_bd_intf_net [get_bd_intf_pins bit_to_dac14_axi_0/m_axis] [get_bd_intf_pins ZmodAWGController_0/InputDataStream]
WARNING: [IP_Flow 19-4067] Ignoring invalid widget type specified checkbox.Providing a default widget
startgroup
set_property CONFIG.C_NUM_OF_PROBES {4} [get_bd_cells ila_0]
endgroup
save_bd_design
Wrote  : <C:\Users\qianzha\Desktop\DAT096-krishna\Embedded-System-Project-DAT096-krishna\Board_1\Board_1\Board_2.srcs\sources_1\bd\design_2\design_2.bd> 
Wrote  : <C:/Users/qianzha/Desktop/DAT096-krishna/Embedded-System-Project-DAT096-krishna/Board_1/Board_1/Board_2.srcs/sources_1/bd/design_2/ui/bd_1fdbff51.ui> 
validate_bd_design
WARNING: [BD 41-2670] Found an incomplete address path from address space '/processing_system7_0/Data' to master interface '/processing_system7_0/M_AXI_GP0'. Please either complete or remove this path to resolve.
WARNING: [BD 5-699] No address segments matched 'get_bd_addr_segs -of_objects /processing_system7_0/Data'
WARNING: [IP_Flow 19-4684] Expected long value for param C_ILA_CLK_FREQ but, float/scientific notation value 5e+07 is provided. The value is converted to long type(50000000)
INFO: [xilinx.com:ip:clk_wiz:6.0-1] /clk_wiz_0 clk_wiz propagate
generate_target all [get_files  C:/Users/qianzha/Desktop/DAT096-krishna/Embedded-System-Project-DAT096-krishna/Board_1/Board_1/Board_2.srcs/sources_1/bd/design_2/design_2.bd]
INFO: [BD 41-1662] The design 'design_2.bd' is already validated. Therefore parameter propagation will not be re-run.
Wrote  : <C:\Users\qianzha\Desktop\DAT096-krishna\Embedded-System-Project-DAT096-krishna\Board_1\Board_1\Board_2.srcs\sources_1\bd\design_2\design_2.bd> 
VHDL Output written to : c:/Users/qianzha/Desktop/DAT096-krishna/Embedded-System-Project-DAT096-krishna/Board_1/Board_1/Board_2.gen/sources_1/bd/design_2/synth/design_2.vhd
VHDL Output written to : c:/Users/qianzha/Desktop/DAT096-krishna/Embedded-System-Project-DAT096-krishna/Board_1/Board_1/Board_2.gen/sources_1/bd/design_2/sim/design_2.vhd
VHDL Output written to : c:/Users/qianzha/Desktop/DAT096-krishna/Embedded-System-Project-DAT096-krishna/Board_1/Board_1/Board_2.gen/sources_1/bd/design_2/hdl/design_2_wrapper.vhd
WARNING: [IP_Flow 19-4994] Overwriting existing constraint file 'c:/Users/qianzha/Desktop/DAT096-krishna/Embedded-System-Project-DAT096-krishna/Board_1/Board_1/Board_2.gen/sources_1/bd/design_2/ip/design_2_ila_0_0/design_2_ila_0_0_ooc.xdc'
INFO: [BD 41-1029] Generation completed for the IP Integrator block ila_0 .
Exporting to file c:/Users/qianzha/Desktop/DAT096-krishna/Embedded-System-Project-DAT096-krishna/Board_1/Board_1/Board_2.gen/sources_1/bd/design_2/hw_handoff/design_2.hwh
Generated Hardware Definition File c:/Users/qianzha/Desktop/DAT096-krishna/Embedded-System-Project-DAT096-krishna/Board_1/Board_1/Board_2.gen/sources_1/bd/design_2/synth/design_2.hwdef
catch { config_ip_cache -export [get_ips -all design_2_ila_0_0] }
INFO: [IP_Flow 19-6924] IPCACHE: Running cache check for IP inst: design_2_ila_0_0
export_ip_user_files -of_objects [get_files C:/Users/qianzha/Desktop/DAT096-krishna/Embedded-System-Project-DAT096-krishna/Board_1/Board_1/Board_2.srcs/sources_1/bd/design_2/design_2.bd] -no_script -sync -force -quiet
create_ip_run [get_files -of_objects [get_fileset sources_1] C:/Users/qianzha/Desktop/DAT096-krishna/Embedded-System-Project-DAT096-krishna/Board_1/Board_1/Board_2.srcs/sources_1/bd/design_2/design_2.bd]
launch_runs design_2_ila_0_0_synth_1 -jobs 28
INFO: [IP_Flow 19-6924] IPCACHE: Running cache check for IP inst: design_2_ila_0_0
[Thu Apr 30 13:14:13 2026] Launched design_2_ila_0_0_synth_1...
Run output will be captured here: C:/Users/qianzha/Desktop/DAT096-krishna/Embedded-System-Project-DAT096-krishna/Board_1/Board_1/Board_2.runs/design_2_ila_0_0_synth_1/runme.log
export_simulation -lib_map_path [list {modelsim=C:/Users/qianzha/Desktop/DAT096-krishna/Embedded-System-Project-DAT096-krishna/Board_1/Board_1/Board_2.cache/compile_simlib/modelsim} {questa=C:/Users/qianzha/Desktop/DAT096-krishna/Embedded-System-Project-DAT096-krishna/Board_1/Board_1/Board_2.cache/compile_simlib/questa} {riviera=C:/Users/qianzha/Desktop/DAT096-krishna/Embedded-System-Project-DAT096-krishna/Board_1/Board_1/Board_2.cache/compile_simlib/riviera} {activehdl=C:/Users/qianzha/Desktop/DAT096-krishna/Embedded-System-Project-DAT096-krishna/Board_1/Board_1/Board_2.cache/compile_simlib/activehdl}] -of_objects [get_files C:/Users/qianzha/Desktop/DAT096-krishna/Embedded-System-Project-DAT096-krishna/Board_1/Board_1/Board_2.srcs/sources_1/bd/design_2/design_2.bd] -directory C:/Users/qianzha/Desktop/DAT096-krishna/Embedded-System-Project-DAT096-krishna/Board_1/Board_1/Board_2.ip_user_files/sim_scripts -ip_user_files_dir C:/Users/qianzha/Desktop/DAT096-krishna/Embedded-System-Project-DAT096-krishna/Board_1/Board_1/Board_2.ip_user_files -ipstatic_source_dir C:/Users/qianzha/Desktop/DAT096-krishna/Embedded-System-Project-DAT096-krishna/Board_1/Board_1/Board_2.ip_user_files/ipstatic -use_ip_compiled_libs -force -quiet
WARNING: [filemgmt 56-199] Attempt to get parsing info during refresh. "On-the-fly" syntax checking information may be incorrect. [C:\Users\qianzha\Desktop\DAT096-krishna\Embedded-System-Project-DAT096-krishna\Board_1\Board_1\Board_2.srcs\sources_1\new\delay_measure.vhd:]
WARNING: [filemgmt 56-199] Attempt to get parsing info during refresh. "On-the-fly" syntax checking information may be incorrect. [C:\Users\qianzha\Desktop\DAT096-krishna\Embedded-System-Project-DAT096-krishna\Board_1\Board_1\Board_2.srcs\sources_1\new\bit to dac converter.vhd:]
WARNING: [filemgmt 56-199] Attempt to get parsing info during refresh. "On-the-fly" syntax checking information may be incorrect. [C:\Users\qianzha\Desktop\DAT096-krishna\Embedded-System-Project-DAT096-krishna\Board_1\Board_1\Board_2.srcs\sources_1\new\pulse_gen.vhd:]
WARNING: [filemgmt 56-199] Attempt to get parsing info during refresh. "On-the-fly" syntax checking information may be incorrect. [C:\Users\qianzha\Desktop\DAT096-krishna\Embedded-System-Project-DAT096-krishna\Board_1\Board_1\Board_2.srcs\sources_1\new\pulse_gen.vhd:]
WARNING: [filemgmt 56-199] Attempt to get parsing info during refresh. "On-the-fly" syntax checking information may be incorrect. [C:\Users\qianzha\Desktop\DAT096-krishna\Embedded-System-Project-DAT096-krishna\Board_1\Board_1\Board_2.srcs\sources_1\new\pulse_gen.vhd:]
ERROR: [Common 17-180] Spawn failed: No error
reset_run synth_1
INFO: [Project 1-1161] Replacing file C:/Users/qianzha/Desktop/DAT096-krishna/Embedded-System-Project-DAT096-krishna/Board_1/Board_1/Board_2.srcs/utils_1/imports/synth_1/design_2_wrapper.dcp with file C:/Users/qianzha/Desktop/DAT096-krishna/Embedded-System-Project-DAT096-krishna/Board_1/Board_1/Board_2.runs/synth_1/design_2_wrapper.dcp
WARNING: [Vivado 12-1017] Problems encountered:
1. Failed to delete one or more files in run directory C:/Users/qianzha/Desktop/DAT096-krishna/Embedded-System-Project-DAT096-krishna/Board_1/Board_1/Board_2.runs/synth_1

launch_runs synth_1 -jobs 28
INFO: [IP_Flow 19-6924] IPCACHE: Running cache check for IP inst: design_2_ila_0_0
WARNING: [filemgmt 56-199] Attempt to get parsing info during refresh. "On-the-fly" syntax checking information may be incorrect. [C:\Users\qianzha\Desktop\DAT096-krishna\Embedded-System-Project-DAT096-krishna\Board_1\Board_1\Board_2.srcs\sources_1\new\delay_measure.vhd:]
WARNING: [filemgmt 56-199] Attempt to get parsing info during refresh. "On-the-fly" syntax checking information may be incorrect. [C:\Users\qianzha\Desktop\DAT096-krishna\Embedded-System-Project-DAT096-krishna\Board_1\Board_1\Board_2.srcs\sources_1\new\bit to dac converter.vhd:]
WARNING: [filemgmt 56-199] Attempt to get parsing info during refresh. "On-the-fly" syntax checking information may be incorrect. [C:\Users\qianzha\Desktop\DAT096-krishna\Embedded-System-Project-DAT096-krishna\Board_1\Board_1\Board_2.srcs\sources_1\new\pulse_gen.vhd:]
WARNING: [filemgmt 56-199] Attempt to get parsing info during refresh. "On-the-fly" syntax checking information may be incorrect. [C:\Users\qianzha\Desktop\DAT096-krishna\Embedded-System-Project-DAT096-krishna\Board_1\Board_1\Board_2.srcs\sources_1\new\delay_measure.vhd:]
WARNING: [filemgmt 56-199] Attempt to get parsing info during refresh. "On-the-fly" syntax checking information may be incorrect. [C:\Users\qianzha\Desktop\DAT096-krishna\Embedded-System-Project-DAT096-krishna\Board_1\Board_1\Board_2.srcs\sources_1\new\delay_measure.vhd:]
[Thu Apr 30 13:14:28 2026] Launched design_2_ila_0_0_synth_1...
Run output will be captured here: C:/Users/qianzha/Desktop/DAT096-krishna/Embedded-System-Project-DAT096-krishna/Board_1/Board_1/Board_2.runs/design_2_ila_0_0_synth_1/runme.log
[Thu Apr 30 13:14:28 2026] Launched synth_1...
Run output will be captured here: C:/Users/qianzha/Desktop/DAT096-krishna/Embedded-System-Project-DAT096-krishna/Board_1/Board_1/Board_2.runs/synth_1/runme.log
WARNING: [filemgmt 56-199] Attempt to get parsing info during refresh. "On-the-fly" syntax checking information may be incorrect. [C:\Users\qianzha\Desktop\DAT096-krishna\Embedded-System-Project-DAT096-krishna\Board_1\Board_1\Board_2.srcs\sources_1\new\delay_measure.vhd:]
WARNING: [filemgmt 56-199] Attempt to get parsing info during refresh. "On-the-fly" syntax checking information may be incorrect. [C:\Users\qianzha\Desktop\DAT096-krishna\Embedded-System-Project-DAT096-krishna\Board_1\Board_1\Board_2.srcs\sources_1\new\bit to dac converter.vhd:]
WARNING: [filemgmt 56-199] Attempt to get parsing info during refresh. "On-the-fly" syntax checking information may be incorrect. [C:\Users\qianzha\Desktop\DAT096-krishna\Embedded-System-Project-DAT096-krishna\Board_1\Board_1\Board_2.srcs\sources_1\new\pulse_gen.vhd:]
WARNING: [filemgmt 56-199] Attempt to get parsing info during refresh. "On-the-fly" syntax checking information may be incorrect. [C:\Users\qianzha\Desktop\DAT096-krishna\Embedded-System-Project-DAT096-krishna\Board_1\Board_1\Board_2.srcs\sources_1\new\delay_measure.vhd:]
WARNING: [filemgmt 56-199] Attempt to get parsing info during refresh. "On-the-fly" syntax checking information may be incorrect. [C:\Users\qianzha\Desktop\DAT096-krishna\Embedded-System-Project-DAT096-krishna\Board_1\Board_1\Board_2.srcs\sources_1\new\delay_measure.vhd:]
WARNING: [filemgmt 56-199] Attempt to get parsing info during refresh. "On-the-fly" syntax checking information may be incorrect. [C:\Users\qianzha\Desktop\DAT096-krishna\Embedded-System-Project-DAT096-krishna\Board_1\Board_1\Board_2.srcs\sources_1\new\delay_measure.vhd:]
WARNING: [filemgmt 56-199] Attempt to get parsing info during refresh. "On-the-fly" syntax checking information may be incorrect. [C:\Users\qianzha\Desktop\DAT096-krishna\Embedded-System-Project-DAT096-krishna\Board_1\Board_1\Board_2.srcs\sources_1\new\bit to dac converter.vhd:]
WARNING: [filemgmt 56-199] Attempt to get parsing info during refresh. "On-the-fly" syntax checking information may be incorrect. [C:\Users\qianzha\Desktop\DAT096-krishna\Embedded-System-Project-DAT096-krishna\Board_1\Board_1\Board_2.srcs\sources_1\new\pulse_gen.vhd:]
WARNING: [filemgmt 56-199] Attempt to get parsing info during refresh. "On-the-fly" syntax checking information may be incorrect. [C:\Users\qianzha\Desktop\DAT096-krishna\Embedded-System-Project-DAT096-krishna\Board_1\Board_1\Board_2.srcs\sources_1\new\bit to dac converter.vhd:]
WARNING: [filemgmt 56-199] Attempt to get parsing info during refresh. "On-the-fly" syntax checking information may be incorrect. [C:\Users\qianzha\Desktop\DAT096-krishna\Embedded-System-Project-DAT096-krishna\Board_1\Board_1\Board_2.srcs\sources_1\new\bit to dac converter.vhd:]
ERROR: [Common 17-180] Spawn failed: No error
WARNING: [filemgmt 56-199] Attempt to get parsing info during refresh. "On-the-fly" syntax checking information may be incorrect. [C:\Users\qianzha\Desktop\DAT096-krishna\Embedded-System-Project-DAT096-krishna\Board_1\Board_1\Board_2.srcs\sources_1\new\delay_measure.vhd:]
WARNING: [filemgmt 56-199] Attempt to get parsing info during refresh. "On-the-fly" syntax checking information may be incorrect. [C:\Users\qianzha\Desktop\DAT096-krishna\Embedded-System-Project-DAT096-krishna\Board_1\Board_1\Board_2.srcs\sources_1\new\bit to dac converter.vhd:]
WARNING: [filemgmt 56-199] Attempt to get parsing info during refresh. "On-the-fly" syntax checking information may be incorrect. [C:\Users\qianzha\Desktop\DAT096-krishna\Embedded-System-Project-DAT096-krishna\Board_1\Board_1\Board_2.srcs\sources_1\new\pulse_gen.vhd:]
WARNING: [filemgmt 56-199] Attempt to get parsing info during refresh. "On-the-fly" syntax checking information may be incorrect. [C:\Users\qianzha\Desktop\DAT096-krishna\Embedded-System-Project-DAT096-krishna\Board_1\Board_1\Board_2.srcs\sources_1\new\pulse_gen.vhd:]
WARNING: [filemgmt 56-199] Attempt to get parsing info during refresh. "On-the-fly" syntax checking information may be incorrect. [C:\Users\qianzha\Desktop\DAT096-krishna\Embedded-System-Project-DAT096-krishna\Board_1\Board_1\Board_2.srcs\sources_1\new\pulse_gen.vhd:]
ERROR: [Common 17-180] Spawn failed: No error
launch_runs impl_1 -jobs 28
[Thu Apr 30 13:16:12 2026] Launched impl_1...
Run output will be captured here: C:/Users/qianzha/Desktop/DAT096-krishna/Embedded-System-Project-DAT096-krishna/Board_1/Board_1/Board_2.runs/impl_1/runme.log
launch_runs impl_1 -to_step write_bitstream -jobs 28
[Thu Apr 30 13:17:39 2026] Launched impl_1...
Run output will be captured here: C:/Users/qianzha/Desktop/DAT096-krishna/Embedded-System-Project-DAT096-krishna/Board_1/Board_1/Board_2.runs/impl_1/runme.log
set_property PROBES.FILE {C:/Users/qianzha/Desktop/DAT096-krishna/Embedded-System-Project-DAT096-krishna/Board_1/Board_1/Board_2.runs/impl_1/design_2_wrapper.ltx} [get_hw_devices xc7z020_1]
set_property FULL_PROBES.FILE {C:/Users/qianzha/Desktop/DAT096-krishna/Embedded-System-Project-DAT096-krishna/Board_1/Board_1/Board_2.runs/impl_1/design_2_wrapper.ltx} [get_hw_devices xc7z020_1]
set_property PROGRAM.FILE {C:/Users/qianzha/Desktop/DAT096-krishna/Embedded-System-Project-DAT096-krishna/Board_1/Board_1/Board_2.runs/impl_1/design_2_wrapper.bit} [get_hw_devices xc7z020_1]
program_hw_devices [get_hw_devices xc7z020_1]
INFO: [Labtools 27-3164] End of startup status: HIGH
refresh_hw_device [lindex [get_hw_devices xc7z020_1] 0]
INFO: [Labtools 27-2302] Device xc7z020 (JTAG device index = 1) is programmed with a design that has 1 ILA core(s).
WARNING: [filemgmt 56-199] Attempt to get parsing info during refresh. "On-the-fly" syntax checking information may be incorrect. [C:\Users\qianzha\Desktop\DAT096-krishna\Embedded-System-Project-DAT096-krishna\Board_1\Board_1\Board_2.srcs\sources_1\new\prbs_axis_master_32.vhd:]
WARNING: [filemgmt 56-199] Attempt to get parsing info during refresh. "On-the-fly" syntax checking information may be incorrect. [C:\Users\qianzha\Desktop\DAT096-krishna\Embedded-System-Project-DAT096-krishna\Board_1\Board_1\Board_2.srcs\sources_1\new\delay_measure.vhd:]
WARNING: [filemgmt 56-199] Attempt to get parsing info during refresh. "On-the-fly" syntax checking information may be incorrect. [C:\Users\qianzha\Desktop\DAT096-krishna\Embedded-System-Project-DAT096-krishna\Board_1\Board_1\Board_2.srcs\sources_1\new\u_gen.vhd:]
WARNING: [filemgmt 56-199] Attempt to get parsing info during refresh. "On-the-fly" syntax checking information may be incorrect. [C:\Users\qianzha\Desktop\DAT096-krishna\Embedded-System-Project-DAT096-krishna\Board_1\Board_1\Board_2.srcs\sources_1\new\bit to dac converter.vhd:]
WARNING: [filemgmt 56-199] Attempt to get parsing info during refresh. "On-the-fly" syntax checking information may be incorrect. [C:\Users\qianzha\Desktop\DAT096-krishna\Embedded-System-Project-DAT096-krishna\Board_1\Board_1\Board_2.srcs\sources_1\new\pulse_gen.vhd:]
WARNING: [filemgmt 56-199] Attempt to get parsing info during refresh. "On-the-fly" syntax checking information may be incorrect. [C:\Users\qianzha\Desktop\DAT096-krishna\Embedded-System-Project-DAT096-krishna\Board_1\Board_1\Board_2.srcs\sources_1\new\delay_measure.vhd:]
WARNING: [filemgmt 56-199] Attempt to get parsing info during refresh. "On-the-fly" syntax checking information may be incorrect. [C:\Users\qianzha\Desktop\DAT096-krishna\Embedded-System-Project-DAT096-krishna\Board_1\Board_1\Board_2.srcs\sources_1\new\delay_measure.vhd:]
WARNING: [filemgmt 56-199] Attempt to get parsing info during refresh. "On-the-fly" syntax checking information may be incorrect. [C:\Users\qianzha\Desktop\DAT096-krishna\Embedded-System-Project-DAT096-krishna\Board_1\Board_1\Board_2.srcs\sources_1\new\prbs_axis_master_32.vhd:]
WARNING: [filemgmt 56-199] Attempt to get parsing info during refresh. "On-the-fly" syntax checking information may be incorrect. [C:\Users\qianzha\Desktop\DAT096-krishna\Embedded-System-Project-DAT096-krishna\Board_1\Board_1\Board_2.srcs\sources_1\new\delay_measure.vhd:]
WARNING: [filemgmt 56-199] Attempt to get parsing info during refresh. "On-the-fly" syntax checking information may be incorrect. [C:\Users\qianzha\Desktop\DAT096-krishna\Embedded-System-Project-DAT096-krishna\Board_1\Board_1\Board_2.srcs\sources_1\new\u_gen.vhd:]
WARNING: [filemgmt 56-199] Attempt to get parsing info during refresh. "On-the-fly" syntax checking information may be incorrect. [C:\Users\qianzha\Desktop\DAT096-krishna\Embedded-System-Project-DAT096-krishna\Board_1\Board_1\Board_2.srcs\sources_1\new\bit to dac converter.vhd:]
WARNING: [filemgmt 56-199] Attempt to get parsing info during refresh. "On-the-fly" syntax checking information may be incorrect. [C:\Users\qianzha\Desktop\DAT096-krishna\Embedded-System-Project-DAT096-krishna\Board_1\Board_1\Board_2.srcs\sources_1\new\pulse_gen.vhd:]
WARNING: [filemgmt 56-199] Attempt to get parsing info during refresh. "On-the-fly" syntax checking information may be incorrect. [C:\Users\qianzha\Desktop\DAT096-krishna\Embedded-System-Project-DAT096-krishna\Board_1\Board_1\Board_2.srcs\sources_1\new\u_gen.vhd:]
WARNING: [filemgmt 56-199] Attempt to get parsing info during refresh. "On-the-fly" syntax checking information may be incorrect. [C:\Users\qianzha\Desktop\DAT096-krishna\Embedded-System-Project-DAT096-krishna\Board_1\Board_1\Board_2.srcs\sources_1\new\u_gen.vhd:]
WARNING: [filemgmt 56-199] Attempt to get parsing info during refresh. "On-the-fly" syntax checking information may be incorrect. [C:\Users\qianzha\Desktop\DAT096-krishna\Embedded-System-Project-DAT096-krishna\Board_1\Board_1\Board_2.srcs\sources_1\new\prbs_axis_master_32.vhd:]
WARNING: [filemgmt 56-199] Attempt to get parsing info during refresh. "On-the-fly" syntax checking information may be incorrect. [C:\Users\qianzha\Desktop\DAT096-krishna\Embedded-System-Project-DAT096-krishna\Board_1\Board_1\Board_2.srcs\sources_1\new\delay_measure.vhd:]
WARNING: [filemgmt 56-199] Attempt to get parsing info during refresh. "On-the-fly" syntax checking information may be incorrect. [C:\Users\qianzha\Desktop\DAT096-krishna\Embedded-System-Project-DAT096-krishna\Board_1\Board_1\Board_2.srcs\sources_1\new\u_gen.vhd:]
WARNING: [filemgmt 56-199] Attempt to get parsing info during refresh. "On-the-fly" syntax checking information may be incorrect. [C:\Users\qianzha\Desktop\DAT096-krishna\Embedded-System-Project-DAT096-krishna\Board_1\Board_1\Board_2.srcs\sources_1\new\bit to dac converter.vhd:]
WARNING: [filemgmt 56-199] Attempt to get parsing info during refresh. "On-the-fly" syntax checking information may be incorrect. [C:\Users\qianzha\Desktop\DAT096-krishna\Embedded-System-Project-DAT096-krishna\Board_1\Board_1\Board_2.srcs\sources_1\new\pulse_gen.vhd:]
WARNING: [filemgmt 56-199] Attempt to get parsing info during refresh. "On-the-fly" syntax checking information may be incorrect. [C:\Users\qianzha\Desktop\DAT096-krishna\Embedded-System-Project-DAT096-krishna\Board_1\Board_1\Board_2.srcs\sources_1\new\pulse_gen.vhd:]
WARNING: [filemgmt 56-199] Attempt to get parsing info during refresh. "On-the-fly" syntax checking information may be incorrect. [C:\Users\qianzha\Desktop\DAT096-krishna\Embedded-System-Project-DAT096-krishna\Board_1\Board_1\Board_2.srcs\sources_1\new\pulse_gen.vhd:]
WARNING: [filemgmt 56-199] Attempt to get parsing info during refresh. "On-the-fly" syntax checking information may be incorrect. [C:\Users\qianzha\Desktop\DAT096-krishna\Embedded-System-Project-DAT096-krishna\Board_1\Board_1\Board_2.srcs\sources_1\new\prbs_axis_master_32.vhd:]
WARNING: [filemgmt 56-199] Attempt to get parsing info during refresh. "On-the-fly" syntax checking information may be incorrect. [C:\Users\qianzha\Desktop\DAT096-krishna\Embedded-System-Project-DAT096-krishna\Board_1\Board_1\Board_2.srcs\sources_1\new\delay_measure.vhd:]
WARNING: [filemgmt 56-199] Attempt to get parsing info during refresh. "On-the-fly" syntax checking information may be incorrect. [C:\Users\qianzha\Desktop\DAT096-krishna\Embedded-System-Project-DAT096-krishna\Board_1\Board_1\Board_2.srcs\sources_1\new\u_gen.vhd:]
WARNING: [filemgmt 56-199] Attempt to get parsing info during refresh. "On-the-fly" syntax checking information may be incorrect. [C:\Users\qianzha\Desktop\DAT096-krishna\Embedded-System-Project-DAT096-krishna\Board_1\Board_1\Board_2.srcs\sources_1\new\bit to dac converter.vhd:]
WARNING: [filemgmt 56-199] Attempt to get parsing info during refresh. "On-the-fly" syntax checking information may be incorrect. [C:\Users\qianzha\Desktop\DAT096-krishna\Embedded-System-Project-DAT096-krishna\Board_1\Board_1\Board_2.srcs\sources_1\new\pulse_gen.vhd:]
WARNING: [filemgmt 56-199] Attempt to get parsing info during refresh. "On-the-fly" syntax checking information may be incorrect. [C:\Users\qianzha\Desktop\DAT096-krishna\Embedded-System-Project-DAT096-krishna\Board_1\Board_1\Board_2.srcs\sources_1\new\bit to dac converter.vhd:]
WARNING: [filemgmt 56-199] Attempt to get parsing info during refresh. "On-the-fly" syntax checking information may be incorrect. [C:\Users\qianzha\Desktop\DAT096-krishna\Embedded-System-Project-DAT096-krishna\Board_1\Board_1\Board_2.srcs\sources_1\new\bit to dac converter.vhd:]
report_ip_status -name ip_status 
update_module_reference [get_ips  design_2_bit_to_dac14_axi_0_2]
INFO: [IP_Flow 19-5107] Inferred bus interface 'm_axis' of definition 'xilinx.com:interface:axis:1.0' (from Xilinx Repository).
INFO: [IP_Flow 19-5107] Inferred bus interface 'rst' of definition 'xilinx.com:signal:reset:1.0' (from Xilinx Repository).
INFO: [IP_Flow 19-5107] Inferred bus interface 'clk' of definition 'xilinx.com:signal:clock:1.0' (from Xilinx Repository).
INFO: [IP_Flow 19-4728] Bus Interface 'clk': Added interface parameter 'ASSOCIATED_BUSIF' with value 'm_axis'.
INFO: [IP_Flow 19-4728] Bus Interface 'clk': Added interface parameter 'ASSOCIATED_RESET' with value 'rst'.
WARNING: [IP_Flow 19-11770] Clock interface 'clk' has no FREQ_HZ parameter.
INFO: [IP_Flow 19-5107] Inferred bus interface 'm_axis' of definition 'xilinx.com:interface:axis:1.0' (from Xilinx Repository).
INFO: [IP_Flow 19-5107] Inferred bus interface 'rst' of definition 'xilinx.com:signal:reset:1.0' (from Xilinx Repository).
INFO: [IP_Flow 19-5107] Inferred bus interface 'clk' of definition 'xilinx.com:signal:clock:1.0' (from Xilinx Repository).
INFO: [IP_Flow 19-4728] Bus Interface 'clk': Added interface parameter 'ASSOCIATED_BUSIF' with value 'm_axis'.
INFO: [IP_Flow 19-4728] Bus Interface 'clk': Added interface parameter 'ASSOCIATED_RESET' with value 'rst'.
WARNING: [IP_Flow 19-11770] Clock interface 'clk' has no FREQ_HZ parameter.
Upgrading 'C:/Users/qianzha/Desktop/DAT096-krishna/Embedded-System-Project-DAT096-krishna/Board_1/Board_1/Board_2.srcs/sources_1/bd/design_2/design_2.bd'
WARNING: [Vivado 12-1017] Problems encountered:
1. Failed to delete one or more files in run directory C:/Users/qianzha/Desktop/DAT096-krishna/Embedded-System-Project-DAT096-krishna/Board_1/Board_1/Board_2.runs/design_2_bit_to_dac14_axi_0_2_synth_1

INFO: [IP_Flow 19-3420] Updated design_2_bit_to_dac14_axi_0_2 to use current project options
Wrote  : <C:\Users\qianzha\Desktop\DAT096-krishna\Embedded-System-Project-DAT096-krishna\Board_1\Board_1\Board_2.srcs\sources_1\bd\design_2\design_2.bd> 
Wrote  : <C:/Users/qianzha/Desktop/DAT096-krishna/Embedded-System-Project-DAT096-krishna/Board_1/Board_1/Board_2.srcs/sources_1/bd/design_2/ui/bd_1fdbff51.ui> 
report_ip_status -name ip_status 
validate_bd_design
WARNING: [BD 41-2670] Found an incomplete address path from address space '/processing_system7_0/Data' to master interface '/processing_system7_0/M_AXI_GP0'. Please either complete or remove this path to resolve.
WARNING: [BD 5-699] No address segments matched 'get_bd_addr_segs -of_objects /processing_system7_0/Data'
WARNING: [IP_Flow 19-4684] Expected long value for param C_ILA_CLK_FREQ but, float/scientific notation value 5e+07 is provided. The value is converted to long type(50000000)
INFO: [xilinx.com:ip:clk_wiz:6.0-1] /clk_wiz_0 clk_wiz propagate
generate_target all [get_files  C:/Users/qianzha/Desktop/DAT096-krishna/Embedded-System-Project-DAT096-krishna/Board_1/Board_1/Board_2.srcs/sources_1/bd/design_2/design_2.bd]
INFO: [BD 41-1662] The design 'design_2.bd' is already validated. Therefore parameter propagation will not be re-run.
Wrote  : <C:\Users\qianzha\Desktop\DAT096-krishna\Embedded-System-Project-DAT096-krishna\Board_1\Board_1\Board_2.srcs\sources_1\bd\design_2\design_2.bd> 
Wrote  : <C:/Users/qianzha/Desktop/DAT096-krishna/Embedded-System-Project-DAT096-krishna/Board_1/Board_1/Board_2.srcs/sources_1/bd/design_2/ui/bd_1fdbff51.ui> 
VHDL Output written to : c:/Users/qianzha/Desktop/DAT096-krishna/Embedded-System-Project-DAT096-krishna/Board_1/Board_1/Board_2.gen/sources_1/bd/design_2/synth/design_2.vhd
VHDL Output written to : c:/Users/qianzha/Desktop/DAT096-krishna/Embedded-System-Project-DAT096-krishna/Board_1/Board_1/Board_2.gen/sources_1/bd/design_2/sim/design_2.vhd
VHDL Output written to : c:/Users/qianzha/Desktop/DAT096-krishna/Embedded-System-Project-DAT096-krishna/Board_1/Board_1/Board_2.gen/sources_1/bd/design_2/hdl/design_2_wrapper.vhd
INFO: [BD 41-1029] Generation completed for the IP Integrator block bit_to_dac14_axi_0 .
Exporting to file c:/Users/qianzha/Desktop/DAT096-krishna/Embedded-System-Project-DAT096-krishna/Board_1/Board_1/Board_2.gen/sources_1/bd/design_2/hw_handoff/design_2.hwh
Generated Hardware Definition File c:/Users/qianzha/Desktop/DAT096-krishna/Embedded-System-Project-DAT096-krishna/Board_1/Board_1/Board_2.gen/sources_1/bd/design_2/synth/design_2.hwdef
export_ip_user_files -of_objects [get_files C:/Users/qianzha/Desktop/DAT096-krishna/Embedded-System-Project-DAT096-krishna/Board_1/Board_1/Board_2.srcs/sources_1/bd/design_2/design_2.bd] -no_script -sync -force -quiet
create_ip_run [get_files -of_objects [get_fileset sources_1] C:/Users/qianzha/Desktop/DAT096-krishna/Embedded-System-Project-DAT096-krishna/Board_1/Board_1/Board_2.srcs/sources_1/bd/design_2/design_2.bd]
launch_runs design_2_bit_to_dac14_axi_0_2_synth_1 -jobs 28
[Thu Apr 30 13:21:10 2026] Launched design_2_bit_to_dac14_axi_0_2_synth_1...
Run output will be captured here: C:/Users/qianzha/Desktop/DAT096-krishna/Embedded-System-Project-DAT096-krishna/Board_1/Board_1/Board_2.runs/design_2_bit_to_dac14_axi_0_2_synth_1/runme.log
export_simulation -lib_map_path [list {modelsim=C:/Users/qianzha/Desktop/DAT096-krishna/Embedded-System-Project-DAT096-krishna/Board_1/Board_1/Board_2.cache/compile_simlib/modelsim} {questa=C:/Users/qianzha/Desktop/DAT096-krishna/Embedded-System-Project-DAT096-krishna/Board_1/Board_1/Board_2.cache/compile_simlib/questa} {riviera=C:/Users/qianzha/Desktop/DAT096-krishna/Embedded-System-Project-DAT096-krishna/Board_1/Board_1/Board_2.cache/compile_simlib/riviera} {activehdl=C:/Users/qianzha/Desktop/DAT096-krishna/Embedded-System-Project-DAT096-krishna/Board_1/Board_1/Board_2.cache/compile_simlib/activehdl}] -of_objects [get_files C:/Users/qianzha/Desktop/DAT096-krishna/Embedded-System-Project-DAT096-krishna/Board_1/Board_1/Board_2.srcs/sources_1/bd/design_2/design_2.bd] -directory C:/Users/qianzha/Desktop/DAT096-krishna/Embedded-System-Project-DAT096-krishna/Board_1/Board_1/Board_2.ip_user_files/sim_scripts -ip_user_files_dir C:/Users/qianzha/Desktop/DAT096-krishna/Embedded-System-Project-DAT096-krishna/Board_1/Board_1/Board_2.ip_user_files -ipstatic_source_dir C:/Users/qianzha/Desktop/DAT096-krishna/Embedded-System-Project-DAT096-krishna/Board_1/Board_1/Board_2.ip_user_files/ipstatic -use_ip_compiled_libs -force -quiet
WARNING: [filemgmt 56-199] Attempt to get parsing info during refresh. "On-the-fly" syntax checking information may be incorrect. [C:\Users\qianzha\Desktop\DAT096-krishna\Embedded-System-Project-DAT096-krishna\Board_1\Board_1\Board_2.srcs\sources_1\new\prbs_axis_master_32.vhd:]
WARNING: [filemgmt 56-199] Attempt to get parsing info during refresh. "On-the-fly" syntax checking information may be incorrect. [C:\Users\qianzha\Desktop\DAT096-krishna\Embedded-System-Project-DAT096-krishna\Board_1\Board_1\Board_2.srcs\sources_1\new\delay_measure.vhd:]
WARNING: [filemgmt 56-199] Attempt to get parsing info during refresh. "On-the-fly" syntax checking information may be incorrect. [C:\Users\qianzha\Desktop\DAT096-krishna\Embedded-System-Project-DAT096-krishna\Board_1\Board_1\Board_2.srcs\sources_1\new\u_gen.vhd:]
WARNING: [filemgmt 56-199] Attempt to get parsing info during refresh. "On-the-fly" syntax checking information may be incorrect. [C:\Users\qianzha\Desktop\DAT096-krishna\Embedded-System-Project-DAT096-krishna\Board_1\Board_1\Board_2.srcs\sources_1\new\bit to dac converter.vhd:]
WARNING: [filemgmt 56-199] Attempt to get parsing info during refresh. "On-the-fly" syntax checking information may be incorrect. [C:\Users\qianzha\Desktop\DAT096-krishna\Embedded-System-Project-DAT096-krishna\Board_1\Board_1\Board_2.srcs\sources_1\new\pulse_gen.vhd:]
WARNING: [filemgmt 56-199] Attempt to get parsing info during refresh. "On-the-fly" syntax checking information may be incorrect. [C:\Users\qianzha\Desktop\DAT096-krishna\Embedded-System-Project-DAT096-krishna\Board_1\Board_1\Board_2.srcs\sources_1\new\pulse_gen.vhd:]
WARNING: [filemgmt 56-199] Attempt to get parsing info during refresh. "On-the-fly" syntax checking information may be incorrect. [C:\Users\qianzha\Desktop\DAT096-krishna\Embedded-System-Project-DAT096-krishna\Board_1\Board_1\Board_2.srcs\sources_1\new\pulse_gen.vhd:]
WARNING: [filemgmt 56-199] Attempt to get parsing info during refresh. "On-the-fly" syntax checking information may be incorrect. [C:\Users\qianzha\Desktop\DAT096-krishna\Embedded-System-Project-DAT096-krishna\Board_1\Board_1\Board_2.srcs\sources_1\new\prbs_axis_master_32.vhd:]
WARNING: [filemgmt 56-199] Attempt to get parsing info during refresh. "On-the-fly" syntax checking information may be incorrect. [C:\Users\qianzha\Desktop\DAT096-krishna\Embedded-System-Project-DAT096-krishna\Board_1\Board_1\Board_2.srcs\sources_1\new\delay_measure.vhd:]
WARNING: [filemgmt 56-199] Attempt to get parsing info during refresh. "On-the-fly" syntax checking information may be incorrect. [C:\Users\qianzha\Desktop\DAT096-krishna\Embedded-System-Project-DAT096-krishna\Board_1\Board_1\Board_2.srcs\sources_1\new\u_gen.vhd:]
WARNING: [filemgmt 56-199] Attempt to get parsing info during refresh. "On-the-fly" syntax checking information may be incorrect. [C:\Users\qianzha\Desktop\DAT096-krishna\Embedded-System-Project-DAT096-krishna\Board_1\Board_1\Board_2.srcs\sources_1\new\bit to dac converter.vhd:]
WARNING: [filemgmt 56-199] Attempt to get parsing info during refresh. "On-the-fly" syntax checking information may be incorrect. [C:\Users\qianzha\Desktop\DAT096-krishna\Embedded-System-Project-DAT096-krishna\Board_1\Board_1\Board_2.srcs\sources_1\new\pulse_gen.vhd:]
WARNING: [filemgmt 56-199] Attempt to get parsing info during refresh. "On-the-fly" syntax checking information may be incorrect. [C:\Users\qianzha\Desktop\DAT096-krishna\Embedded-System-Project-DAT096-krishna\Board_1\Board_1\Board_2.srcs\sources_1\new\u_gen.vhd:]
WARNING: [filemgmt 56-199] Attempt to get parsing info during refresh. "On-the-fly" syntax checking information may be incorrect. [C:\Users\qianzha\Desktop\DAT096-krishna\Embedded-System-Project-DAT096-krishna\Board_1\Board_1\Board_2.srcs\sources_1\new\u_gen.vhd:]
WARNING: [filemgmt 56-199] Attempt to get parsing info during refresh. "On-the-fly" syntax checking information may be incorrect. [C:\Users\qianzha\Desktop\DAT096-krishna\Embedded-System-Project-DAT096-krishna\Board_1\Board_1\Board_2.srcs\sources_1\new\prbs_axis_master_32.vhd:]
WARNING: [filemgmt 56-199] Attempt to get parsing info during refresh. "On-the-fly" syntax checking information may be incorrect. [C:\Users\qianzha\Desktop\DAT096-krishna\Embedded-System-Project-DAT096-krishna\Board_1\Board_1\Board_2.srcs\sources_1\new\delay_measure.vhd:]
WARNING: [filemgmt 56-199] Attempt to get parsing info during refresh. "On-the-fly" syntax checking information may be incorrect. [C:\Users\qianzha\Desktop\DAT096-krishna\Embedded-System-Project-DAT096-krishna\Board_1\Board_1\Board_2.srcs\sources_1\new\u_gen.vhd:]
WARNING: [filemgmt 56-199] Attempt to get parsing info during refresh. "On-the-fly" syntax checking information may be incorrect. [C:\Users\qianzha\Desktop\DAT096-krishna\Embedded-System-Project-DAT096-krishna\Board_1\Board_1\Board_2.srcs\sources_1\new\bit to dac converter.vhd:]
WARNING: [filemgmt 56-199] Attempt to get parsing info during refresh. "On-the-fly" syntax checking information may be incorrect. [C:\Users\qianzha\Desktop\DAT096-krishna\Embedded-System-Project-DAT096-krishna\Board_1\Board_1\Board_2.srcs\sources_1\new\pulse_gen.vhd:]
WARNING: [filemgmt 56-199] Attempt to get parsing info during refresh. "On-the-fly" syntax checking information may be incorrect. [C:\Users\qianzha\Desktop\DAT096-krishna\Embedded-System-Project-DAT096-krishna\Board_1\Board_1\Board_2.srcs\sources_1\new\prbs_axis_master_32.vhd:]
WARNING: [filemgmt 56-199] Attempt to get parsing info during refresh. "On-the-fly" syntax checking information may be incorrect. [C:\Users\qianzha\Desktop\DAT096-krishna\Embedded-System-Project-DAT096-krishna\Board_1\Board_1\Board_2.srcs\sources_1\new\prbs_axis_master_32.vhd:]
ERROR: [Common 17-180] Spawn failed: No error
WARNING: [filemgmt 56-199] Attempt to get parsing info during refresh. "On-the-fly" syntax checking information may be incorrect. [C:\Users\qianzha\Desktop\DAT096-krishna\Embedded-System-Project-DAT096-krishna\Board_1\Board_1\Board_2.srcs\sources_1\new\prbs_axis_master_32.vhd:]
WARNING: [filemgmt 56-199] Attempt to get parsing info during refresh. "On-the-fly" syntax checking information may be incorrect. [C:\Users\qianzha\Desktop\DAT096-krishna\Embedded-System-Project-DAT096-krishna\Board_1\Board_1\Board_2.srcs\sources_1\new\delay_measure.vhd:]
WARNING: [filemgmt 56-199] Attempt to get parsing info during refresh. "On-the-fly" syntax checking information may be incorrect. [C:\Users\qianzha\Desktop\DAT096-krishna\Embedded-System-Project-DAT096-krishna\Board_1\Board_1\Board_2.srcs\sources_1\new\u_gen.vhd:]
WARNING: [filemgmt 56-199] Attempt to get parsing info during refresh. "On-the-fly" syntax checking information may be incorrect. [C:\Users\qianzha\Desktop\DAT096-krishna\Embedded-System-Project-DAT096-krishna\Board_1\Board_1\Board_2.srcs\sources_1\new\bit to dac converter.vhd:]
WARNING: [filemgmt 56-199] Attempt to get parsing info during refresh. "On-the-fly" syntax checking information may be incorrect. [C:\Users\qianzha\Desktop\DAT096-krishna\Embedded-System-Project-DAT096-krishna\Board_1\Board_1\Board_2.srcs\sources_1\new\pulse_gen.vhd:]
ERROR: [Common 17-180] Spawn failed: No error
WARNING: [filemgmt 56-199] Attempt to get parsing info during refresh. "On-the-fly" syntax checking information may be incorrect. [C:\Users\qianzha\Desktop\DAT096-krishna\Embedded-System-Project-DAT096-krishna\Board_1\Board_1\Board_2.srcs\sources_1\new\bit to dac converter.vhd:]
WARNING: [filemgmt 56-199] Attempt to get parsing info during refresh. "On-the-fly" syntax checking information may be incorrect. [C:\Users\qianzha\Desktop\DAT096-krishna\Embedded-System-Project-DAT096-krishna\Board_1\Board_1\Board_2.srcs\sources_1\new\bit to dac converter.vhd:]
reset_run synth_1
INFO: [Project 1-1161] Replacing file C:/Users/qianzha/Desktop/DAT096-krishna/Embedded-System-Project-DAT096-krishna/Board_1/Board_1/Board_2.srcs/utils_1/imports/synth_1/design_2_wrapper.dcp with file C:/Users/qianzha/Desktop/DAT096-krishna/Embedded-System-Project-DAT096-krishna/Board_1/Board_1/Board_2.runs/synth_1/design_2_wrapper.dcp
WARNING: [Vivado 12-1017] Problems encountered:
1. Failed to delete one or more files in run directory C:/Users/qianzha/Desktop/DAT096-krishna/Embedded-System-Project-DAT096-krishna/Board_1/Board_1/Board_2.runs/synth_1

WARNING: [filemgmt 56-199] Attempt to get parsing info during refresh. "On-the-fly" syntax checking information may be incorrect. [C:\Users\qianzha\Desktop\DAT096-krishna\Embedded-System-Project-DAT096-krishna\Board_1\Board_1\Board_2.srcs\sources_1\new\prbs_axis_master_32.vhd:]
WARNING: [filemgmt 56-199] Attempt to get parsing info during refresh. "On-the-fly" syntax checking information may be incorrect. [C:\Users\qianzha\Desktop\DAT096-krishna\Embedded-System-Project-DAT096-krishna\Board_1\Board_1\Board_2.srcs\sources_1\new\delay_measure.vhd:]
WARNING: [filemgmt 56-199] Attempt to get parsing info during refresh. "On-the-fly" syntax checking information may be incorrect. [C:\Users\qianzha\Desktop\DAT096-krishna\Embedded-System-Project-DAT096-krishna\Board_1\Board_1\Board_2.srcs\sources_1\new\u_gen.vhd:]
WARNING: [filemgmt 56-199] Attempt to get parsing info during refresh. "On-the-fly" syntax checking information may be incorrect. [C:\Users\qianzha\Desktop\DAT096-krishna\Embedded-System-Project-DAT096-krishna\Board_1\Board_1\Board_2.srcs\sources_1\new\bit to dac converter.vhd:]
WARNING: [filemgmt 56-199] Attempt to get parsing info during refresh. "On-the-fly" syntax checking information may be incorrect. [C:\Users\qianzha\Desktop\DAT096-krishna\Embedded-System-Project-DAT096-krishna\Board_1\Board_1\Board_2.srcs\sources_1\new\pulse_gen.vhd:]
WARNING: [filemgmt 56-199] Attempt to get parsing info during refresh. "On-the-fly" syntax checking information may be incorrect. [C:\Users\qianzha\Desktop\DAT096-krishna\Embedded-System-Project-DAT096-krishna\Board_1\Board_1\Board_2.srcs\sources_1\new\pulse_gen.vhd:]
WARNING: [filemgmt 56-199] Attempt to get parsing info during refresh. "On-the-fly" syntax checking information may be incorrect. [C:\Users\qianzha\Desktop\DAT096-krishna\Embedded-System-Project-DAT096-krishna\Board_1\Board_1\Board_2.srcs\sources_1\new\pulse_gen.vhd:]
WARNING: [filemgmt 56-199] Attempt to get parsing info during refresh. "On-the-fly" syntax checking information may be incorrect. [C:\Users\qianzha\Desktop\DAT096-krishna\Embedded-System-Project-DAT096-krishna\Board_1\Board_1\Board_2.srcs\sources_1\new\prbs_axis_master_32.vhd:]
WARNING: [filemgmt 56-199] Attempt to get parsing info during refresh. "On-the-fly" syntax checking information may be incorrect. [C:\Users\qianzha\Desktop\DAT096-krishna\Embedded-System-Project-DAT096-krishna\Board_1\Board_1\Board_2.srcs\sources_1\new\delay_measure.vhd:]
WARNING: [filemgmt 56-199] Attempt to get parsing info during refresh. "On-the-fly" syntax checking information may be incorrect. [C:\Users\qianzha\Desktop\DAT096-krishna\Embedded-System-Project-DAT096-krishna\Board_1\Board_1\Board_2.srcs\sources_1\new\u_gen.vhd:]
WARNING: [filemgmt 56-199] Attempt to get parsing info during refresh. "On-the-fly" syntax checking information may be incorrect. [C:\Users\qianzha\Desktop\DAT096-krishna\Embedded-System-Project-DAT096-krishna\Board_1\Board_1\Board_2.srcs\sources_1\new\bit to dac converter.vhd:]
WARNING: [filemgmt 56-199] Attempt to get parsing info during refresh. "On-the-fly" syntax checking information may be incorrect. [C:\Users\qianzha\Desktop\DAT096-krishna\Embedded-System-Project-DAT096-krishna\Board_1\Board_1\Board_2.srcs\sources_1\new\pulse_gen.vhd:]
WARNING: [filemgmt 56-199] Attempt to get parsing info during refresh. "On-the-fly" syntax checking information may be incorrect. [C:\Users\qianzha\Desktop\DAT096-krishna\Embedded-System-Project-DAT096-krishna\Board_1\Board_1\Board_2.srcs\sources_1\new\u_gen.vhd:]
WARNING: [filemgmt 56-199] Attempt to get parsing info during refresh. "On-the-fly" syntax checking information may be incorrect. [C:\Users\qianzha\Desktop\DAT096-krishna\Embedded-System-Project-DAT096-krishna\Board_1\Board_1\Board_2.srcs\sources_1\new\u_gen.vhd:]
WARNING: [filemgmt 56-199] Attempt to get parsing info during refresh. "On-the-fly" syntax checking information may be incorrect. [C:\Users\qianzha\Desktop\DAT096-krishna\Embedded-System-Project-DAT096-krishna\Board_1\Board_1\Board_2.srcs\sources_1\new\prbs_axis_master_32.vhd:]
WARNING: [filemgmt 56-199] Attempt to get parsing info during refresh. "On-the-fly" syntax checking information may be incorrect. [C:\Users\qianzha\Desktop\DAT096-krishna\Embedded-System-Project-DAT096-krishna\Board_1\Board_1\Board_2.srcs\sources_1\new\delay_measure.vhd:]
WARNING: [filemgmt 56-199] Attempt to get parsing info during refresh. "On-the-fly" syntax checking information may be incorrect. [C:\Users\qianzha\Desktop\DAT096-krishna\Embedded-System-Project-DAT096-krishna\Board_1\Board_1\Board_2.srcs\sources_1\new\u_gen.vhd:]
WARNING: [filemgmt 56-199] Attempt to get parsing info during refresh. "On-the-fly" syntax checking information may be incorrect. [C:\Users\qianzha\Desktop\DAT096-krishna\Embedded-System-Project-DAT096-krishna\Board_1\Board_1\Board_2.srcs\sources_1\new\bit to dac converter.vhd:]
WARNING: [filemgmt 56-199] Attempt to get parsing info during refresh. "On-the-fly" syntax checking information may be incorrect. [C:\Users\qianzha\Desktop\DAT096-krishna\Embedded-System-Project-DAT096-krishna\Board_1\Board_1\Board_2.srcs\sources_1\new\pulse_gen.vhd:]
WARNING: [filemgmt 56-199] Attempt to get parsing info during refresh. "On-the-fly" syntax checking information may be incorrect. [C:\Users\qianzha\Desktop\DAT096-krishna\Embedded-System-Project-DAT096-krishna\Board_1\Board_1\Board_2.srcs\sources_1\new\delay_measure.vhd:]
WARNING: [filemgmt 56-199] Attempt to get parsing info during refresh. "On-the-fly" syntax checking information may be incorrect. [C:\Users\qianzha\Desktop\DAT096-krishna\Embedded-System-Project-DAT096-krishna\Board_1\Board_1\Board_2.srcs\sources_1\new\delay_measure.vhd:]
ERROR: [Common 17-180] Spawn failed: No error
WARNING: [filemgmt 56-199] Attempt to get parsing info during refresh. "On-the-fly" syntax checking information may be incorrect. [C:\Users\qianzha\Desktop\DAT096-krishna\Embedded-System-Project-DAT096-krishna\Board_1\Board_1\Board_2.srcs\sources_1\new\prbs_axis_master_32.vhd:]
WARNING: [filemgmt 56-199] Attempt to get parsing info during refresh. "On-the-fly" syntax checking information may be incorrect. [C:\Users\qianzha\Desktop\DAT096-krishna\Embedded-System-Project-DAT096-krishna\Board_1\Board_1\Board_2.srcs\sources_1\new\delay_measure.vhd:]
WARNING: [filemgmt 56-199] Attempt to get parsing info during refresh. "On-the-fly" syntax checking information may be incorrect. [C:\Users\qianzha\Desktop\DAT096-krishna\Embedded-System-Project-DAT096-krishna\Board_1\Board_1\Board_2.srcs\sources_1\new\u_gen.vhd:]
WARNING: [filemgmt 56-199] Attempt to get parsing info during refresh. "On-the-fly" syntax checking information may be incorrect. [C:\Users\qianzha\Desktop\DAT096-krishna\Embedded-System-Project-DAT096-krishna\Board_1\Board_1\Board_2.srcs\sources_1\new\bit to dac converter.vhd:]
WARNING: [filemgmt 56-199] Attempt to get parsing info during refresh. "On-the-fly" syntax checking information may be incorrect. [C:\Users\qianzha\Desktop\DAT096-krishna\Embedded-System-Project-DAT096-krishna\Board_1\Board_1\Board_2.srcs\sources_1\new\pulse_gen.vhd:]
ERROR: [Common 17-180] Spawn failed: No error
WARNING: [filemgmt 56-199] Attempt to get parsing info during refresh. "On-the-fly" syntax checking information may be incorrect. [C:\Users\qianzha\Desktop\DAT096-krishna\Embedded-System-Project-DAT096-krishna\Board_1\Board_1\Board_2.srcs\sources_1\new\bit to dac converter.vhd:]
WARNING: [filemgmt 56-199] Attempt to get parsing info during refresh. "On-the-fly" syntax checking information may be incorrect. [C:\Users\qianzha\Desktop\DAT096-krishna\Embedded-System-Project-DAT096-krishna\Board_1\Board_1\Board_2.srcs\sources_1\new\bit to dac converter.vhd:]
launch_runs synth_1 -jobs 28
[Thu Apr 30 13:21:30 2026] Launched design_2_bit_to_dac14_axi_0_2_synth_1...
Run output will be captured here: C:/Users/qianzha/Desktop/DAT096-krishna/Embedded-System-Project-DAT096-krishna/Board_1/Board_1/Board_2.runs/design_2_bit_to_dac14_axi_0_2_synth_1/runme.log
[Thu Apr 30 13:21:30 2026] Launched synth_1...
Run output will be captured here: C:/Users/qianzha/Desktop/DAT096-krishna/Embedded-System-Project-DAT096-krishna/Board_1/Board_1/Board_2.runs/synth_1/runme.log
WARNING: [filemgmt 56-199] Attempt to get parsing info during refresh. "On-the-fly" syntax checking information may be incorrect. [C:\Users\qianzha\Desktop\DAT096-krishna\Embedded-System-Project-DAT096-krishna\Board_1\Board_1\Board_2.srcs\sources_1\new\prbs_axis_master_32.vhd:]
WARNING: [filemgmt 56-199] Attempt to get parsing info during refresh. "On-the-fly" syntax checking information may be incorrect. [C:\Users\qianzha\Desktop\DAT096-krishna\Embedded-System-Project-DAT096-krishna\Board_1\Board_1\Board_2.srcs\sources_1\new\delay_measure.vhd:]
WARNING: [filemgmt 56-199] Attempt to get parsing info during refresh. "On-the-fly" syntax checking information may be incorrect. [C:\Users\qianzha\Desktop\DAT096-krishna\Embedded-System-Project-DAT096-krishna\Board_1\Board_1\Board_2.srcs\sources_1\new\u_gen.vhd:]
WARNING: [filemgmt 56-199] Attempt to get parsing info during refresh. "On-the-fly" syntax checking information may be incorrect. [C:\Users\qianzha\Desktop\DAT096-krishna\Embedded-System-Project-DAT096-krishna\Board_1\Board_1\Board_2.srcs\sources_1\new\bit to dac converter.vhd:]
WARNING: [filemgmt 56-199] Attempt to get parsing info during refresh. "On-the-fly" syntax checking information may be incorrect. [C:\Users\qianzha\Desktop\DAT096-krishna\Embedded-System-Project-DAT096-krishna\Board_1\Board_1\Board_2.srcs\sources_1\new\pulse_gen.vhd:]
WARNING: [filemgmt 56-199] Attempt to get parsing info during refresh. "On-the-fly" syntax checking information may be incorrect. [C:\Users\qianzha\Desktop\DAT096-krishna\Embedded-System-Project-DAT096-krishna\Board_1\Board_1\Board_2.srcs\sources_1\new\pulse_gen.vhd:]
WARNING: [filemgmt 56-199] Attempt to get parsing info during refresh. "On-the-fly" syntax checking information may be incorrect. [C:\Users\qianzha\Desktop\DAT096-krishna\Embedded-System-Project-DAT096-krishna\Board_1\Board_1\Board_2.srcs\sources_1\new\pulse_gen.vhd:]
WARNING: [filemgmt 56-199] Attempt to get parsing info during refresh. "On-the-fly" syntax checking information may be incorrect. [C:\Users\qianzha\Desktop\DAT096-krishna\Embedded-System-Project-DAT096-krishna\Board_1\Board_1\Board_2.srcs\sources_1\new\prbs_axis_master_32.vhd:]
WARNING: [filemgmt 56-199] Attempt to get parsing info during refresh. "On-the-fly" syntax checking information may be incorrect. [C:\Users\qianzha\Desktop\DAT096-krishna\Embedded-System-Project-DAT096-krishna\Board_1\Board_1\Board_2.srcs\sources_1\new\delay_measure.vhd:]
WARNING: [filemgmt 56-199] Attempt to get parsing info during refresh. "On-the-fly" syntax checking information may be incorrect. [C:\Users\qianzha\Desktop\DAT096-krishna\Embedded-System-Project-DAT096-krishna\Board_1\Board_1\Board_2.srcs\sources_1\new\u_gen.vhd:]
WARNING: [filemgmt 56-199] Attempt to get parsing info during refresh. "On-the-fly" syntax checking information may be incorrect. [C:\Users\qianzha\Desktop\DAT096-krishna\Embedded-System-Project-DAT096-krishna\Board_1\Board_1\Board_2.srcs\sources_1\new\bit to dac converter.vhd:]
WARNING: [filemgmt 56-199] Attempt to get parsing info during refresh. "On-the-fly" syntax checking information may be incorrect. [C:\Users\qianzha\Desktop\DAT096-krishna\Embedded-System-Project-DAT096-krishna\Board_1\Board_1\Board_2.srcs\sources_1\new\pulse_gen.vhd:]
WARNING: [filemgmt 56-199] Attempt to get parsing info during refresh. "On-the-fly" syntax checking information may be incorrect. [C:\Users\qianzha\Desktop\DAT096-krishna\Embedded-System-Project-DAT096-krishna\Board_1\Board_1\Board_2.srcs\sources_1\new\delay_measure.vhd:]
WARNING: [filemgmt 56-199] Attempt to get parsing info during refresh. "On-the-fly" syntax checking information may be incorrect. [C:\Users\qianzha\Desktop\DAT096-krishna\Embedded-System-Project-DAT096-krishna\Board_1\Board_1\Board_2.srcs\sources_1\new\delay_measure.vhd:]
WARNING: [filemgmt 56-199] Attempt to get parsing info during refresh. "On-the-fly" syntax checking information may be incorrect. [C:\Users\qianzha\Desktop\DAT096-krishna\Embedded-System-Project-DAT096-krishna\Board_1\Board_1\Board_2.srcs\sources_1\new\prbs_axis_master_32.vhd:]
WARNING: [filemgmt 56-199] Attempt to get parsing info during refresh. "On-the-fly" syntax checking information may be incorrect. [C:\Users\qianzha\Desktop\DAT096-krishna\Embedded-System-Project-DAT096-krishna\Board_1\Board_1\Board_2.srcs\sources_1\new\delay_measure.vhd:]
WARNING: [filemgmt 56-199] Attempt to get parsing info during refresh. "On-the-fly" syntax checking information may be incorrect. [C:\Users\qianzha\Desktop\DAT096-krishna\Embedded-System-Project-DAT096-krishna\Board_1\Board_1\Board_2.srcs\sources_1\new\u_gen.vhd:]
WARNING: [filemgmt 56-199] Attempt to get parsing info during refresh. "On-the-fly" syntax checking information may be incorrect. [C:\Users\qianzha\Desktop\DAT096-krishna\Embedded-System-Project-DAT096-krishna\Board_1\Board_1\Board_2.srcs\sources_1\new\bit to dac converter.vhd:]
WARNING: [filemgmt 56-199] Attempt to get parsing info during refresh. "On-the-fly" syntax checking information may be incorrect. [C:\Users\qianzha\Desktop\DAT096-krishna\Embedded-System-Project-DAT096-krishna\Board_1\Board_1\Board_2.srcs\sources_1\new\pulse_gen.vhd:]
WARNING: [filemgmt 56-199] Attempt to get parsing info during refresh. "On-the-fly" syntax checking information may be incorrect. [C:\Users\qianzha\Desktop\DAT096-krishna\Embedded-System-Project-DAT096-krishna\Board_1\Board_1\Board_2.srcs\sources_1\new\prbs_axis_master_32.vhd:]
WARNING: [filemgmt 56-199] Attempt to get parsing info during refresh. "On-the-fly" syntax checking information may be incorrect. [C:\Users\qianzha\Desktop\DAT096-krishna\Embedded-System-Project-DAT096-krishna\Board_1\Board_1\Board_2.srcs\sources_1\new\prbs_axis_master_32.vhd:]
ERROR: [Common 17-180] Spawn failed: No error
WARNING: [filemgmt 56-199] Attempt to get parsing info during refresh. "On-the-fly" syntax checking information may be incorrect. [C:\Users\qianzha\Desktop\DAT096-krishna\Embedded-System-Project-DAT096-krishna\Board_1\Board_1\Board_2.srcs\sources_1\new\prbs_axis_master_32.vhd:]
WARNING: [filemgmt 56-199] Attempt to get parsing info during refresh. "On-the-fly" syntax checking information may be incorrect. [C:\Users\qianzha\Desktop\DAT096-krishna\Embedded-System-Project-DAT096-krishna\Board_1\Board_1\Board_2.srcs\sources_1\new\delay_measure.vhd:]
WARNING: [filemgmt 56-199] Attempt to get parsing info during refresh. "On-the-fly" syntax checking information may be incorrect. [C:\Users\qianzha\Desktop\DAT096-krishna\Embedded-System-Project-DAT096-krishna\Board_1\Board_1\Board_2.srcs\sources_1\new\u_gen.vhd:]
WARNING: [filemgmt 56-199] Attempt to get parsing info during refresh. "On-the-fly" syntax checking information may be incorrect. [C:\Users\qianzha\Desktop\DAT096-krishna\Embedded-System-Project-DAT096-krishna\Board_1\Board_1\Board_2.srcs\sources_1\new\bit to dac converter.vhd:]
WARNING: [filemgmt 56-199] Attempt to get parsing info during refresh. "On-the-fly" syntax checking information may be incorrect. [C:\Users\qianzha\Desktop\DAT096-krishna\Embedded-System-Project-DAT096-krishna\Board_1\Board_1\Board_2.srcs\sources_1\new\pulse_gen.vhd:]
WARNING: [filemgmt 56-199] Attempt to get parsing info during refresh. "On-the-fly" syntax checking information may be incorrect. [C:\Users\qianzha\Desktop\DAT096-krishna\Embedded-System-Project-DAT096-krishna\Board_1\Board_1\Board_2.srcs\sources_1\new\bit to dac converter.vhd:]
WARNING: [filemgmt 56-199] Attempt to get parsing info during refresh. "On-the-fly" syntax checking information may be incorrect. [C:\Users\qianzha\Desktop\DAT096-krishna\Embedded-System-Project-DAT096-krishna\Board_1\Board_1\Board_2.srcs\sources_1\new\bit to dac converter.vhd:]
ERROR: [Common 17-180] Spawn failed: No error
launch_runs impl_1 -jobs 28
[Thu Apr 30 13:22:52 2026] Launched impl_1...
Run output will be captured here: C:/Users/qianzha/Desktop/DAT096-krishna/Embedded-System-Project-DAT096-krishna/Board_1/Board_1/Board_2.runs/impl_1/runme.log
launch_runs impl_1 -to_step write_bitstream -jobs 28
[Thu Apr 30 13:24:21 2026] Launched impl_1...
Run output will be captured here: C:/Users/qianzha/Desktop/DAT096-krishna/Embedded-System-Project-DAT096-krishna/Board_1/Board_1/Board_2.runs/impl_1/runme.log
set_property PROBES.FILE {C:/Users/qianzha/Desktop/DAT096-krishna/Embedded-System-Project-DAT096-krishna/Board_1/Board_1/Board_2.runs/impl_1/design_2_wrapper.ltx} [get_hw_devices xc7z020_1]
set_property FULL_PROBES.FILE {C:/Users/qianzha/Desktop/DAT096-krishna/Embedded-System-Project-DAT096-krishna/Board_1/Board_1/Board_2.runs/impl_1/design_2_wrapper.ltx} [get_hw_devices xc7z020_1]
set_property PROGRAM.FILE {C:/Users/qianzha/Desktop/DAT096-krishna/Embedded-System-Project-DAT096-krishna/Board_1/Board_1/Board_2.runs/impl_1/design_2_wrapper.bit} [get_hw_devices xc7z020_1]
program_hw_devices [get_hw_devices xc7z020_1]
INFO: [Labtools 27-3164] End of startup status: HIGH
refresh_hw_device [lindex [get_hw_devices xc7z020_1] 0]
INFO: [Labtools 27-2302] Device xc7z020 (JTAG device index = 1) is programmed with a design that has 1 ILA core(s).
WARNING: [filemgmt 56-199] Attempt to get parsing info during refresh. "On-the-fly" syntax checking information may be incorrect. [C:\Users\qianzha\Desktop\DAT096-krishna\Embedded-System-Project-DAT096-krishna\Board_1\Board_1\Board_2.srcs\sources_1\new\prbs_axis_master_32.vhd:]
WARNING: [filemgmt 56-199] Attempt to get parsing info during refresh. "On-the-fly" syntax checking information may be incorrect. [C:\Users\qianzha\Desktop\DAT096-krishna\Embedded-System-Project-DAT096-krishna\Board_1\Board_1\Board_2.srcs\sources_1\new\delay_measure.vhd:]
WARNING: [filemgmt 56-199] Attempt to get parsing info during refresh. "On-the-fly" syntax checking information may be incorrect. [C:\Users\qianzha\Desktop\DAT096-krishna\Embedded-System-Project-DAT096-krishna\Board_1\Board_1\Board_2.srcs\sources_1\new\u_gen.vhd:]
WARNING: [filemgmt 56-199] Attempt to get parsing info during refresh. "On-the-fly" syntax checking information may be incorrect. [C:\Users\qianzha\Desktop\DAT096-krishna\Embedded-System-Project-DAT096-krishna\Board_1\Board_1\Board_2.srcs\sources_1\new\bit to dac converter.vhd:]
WARNING: [filemgmt 56-199] Attempt to get parsing info during refresh. "On-the-fly" syntax checking information may be incorrect. [C:\Users\qianzha\Desktop\DAT096-krishna\Embedded-System-Project-DAT096-krishna\Board_1\Board_1\Board_2.srcs\sources_1\new\pulse_gen.vhd:]
WARNING: [filemgmt 56-199] Attempt to get parsing info during refresh. "On-the-fly" syntax checking information may be incorrect. [C:\Users\qianzha\Desktop\DAT096-krishna\Embedded-System-Project-DAT096-krishna\Board_1\Board_1\Board_2.srcs\sources_1\new\delay_measure.vhd:]
WARNING: [filemgmt 56-199] Attempt to get parsing info during refresh. "On-the-fly" syntax checking information may be incorrect. [C:\Users\qianzha\Desktop\DAT096-krishna\Embedded-System-Project-DAT096-krishna\Board_1\Board_1\Board_2.srcs\sources_1\new\delay_measure.vhd:]
WARNING: [filemgmt 56-199] Attempt to get parsing info during refresh. "On-the-fly" syntax checking information may be incorrect. [C:\Users\qianzha\Desktop\DAT096-krishna\Embedded-System-Project-DAT096-krishna\Board_1\Board_1\Board_2.srcs\sources_1\new\prbs_axis_master_32.vhd:]
WARNING: [filemgmt 56-199] Attempt to get parsing info during refresh. "On-the-fly" syntax checking information may be incorrect. [C:\Users\qianzha\Desktop\DAT096-krishna\Embedded-System-Project-DAT096-krishna\Board_1\Board_1\Board_2.srcs\sources_1\new\delay_measure.vhd:]
WARNING: [filemgmt 56-199] Attempt to get parsing info during refresh. "On-the-fly" syntax checking information may be incorrect. [C:\Users\qianzha\Desktop\DAT096-krishna\Embedded-System-Project-DAT096-krishna\Board_1\Board_1\Board_2.srcs\sources_1\new\u_gen.vhd:]
WARNING: [filemgmt 56-199] Attempt to get parsing info during refresh. "On-the-fly" syntax checking information may be incorrect. [C:\Users\qianzha\Desktop\DAT096-krishna\Embedded-System-Project-DAT096-krishna\Board_1\Board_1\Board_2.srcs\sources_1\new\bit to dac converter.vhd:]
WARNING: [filemgmt 56-199] Attempt to get parsing info during refresh. "On-the-fly" syntax checking information may be incorrect. [C:\Users\qianzha\Desktop\DAT096-krishna\Embedded-System-Project-DAT096-krishna\Board_1\Board_1\Board_2.srcs\sources_1\new\pulse_gen.vhd:]
WARNING: [filemgmt 56-199] Attempt to get parsing info during refresh. "On-the-fly" syntax checking information may be incorrect. [C:\Users\qianzha\Desktop\DAT096-krishna\Embedded-System-Project-DAT096-krishna\Board_1\Board_1\Board_2.srcs\sources_1\new\u_gen.vhd:]
WARNING: [filemgmt 56-199] Attempt to get parsing info during refresh. "On-the-fly" syntax checking information may be incorrect. [C:\Users\qianzha\Desktop\DAT096-krishna\Embedded-System-Project-DAT096-krishna\Board_1\Board_1\Board_2.srcs\sources_1\new\u_gen.vhd:]
WARNING: [filemgmt 56-199] Attempt to get parsing info during refresh. "On-the-fly" syntax checking information may be incorrect. [C:\Users\qianzha\Desktop\DAT096-krishna\Embedded-System-Project-DAT096-krishna\Board_1\Board_1\Board_2.srcs\sources_1\new\prbs_axis_master_32.vhd:]
WARNING: [filemgmt 56-199] Attempt to get parsing info during refresh. "On-the-fly" syntax checking information may be incorrect. [C:\Users\qianzha\Desktop\DAT096-krishna\Embedded-System-Project-DAT096-krishna\Board_1\Board_1\Board_2.srcs\sources_1\new\delay_measure.vhd:]
WARNING: [filemgmt 56-199] Attempt to get parsing info during refresh. "On-the-fly" syntax checking information may be incorrect. [C:\Users\qianzha\Desktop\DAT096-krishna\Embedded-System-Project-DAT096-krishna\Board_1\Board_1\Board_2.srcs\sources_1\new\u_gen.vhd:]
WARNING: [filemgmt 56-199] Attempt to get parsing info during refresh. "On-the-fly" syntax checking information may be incorrect. [C:\Users\qianzha\Desktop\DAT096-krishna\Embedded-System-Project-DAT096-krishna\Board_1\Board_1\Board_2.srcs\sources_1\new\bit to dac converter.vhd:]
WARNING: [filemgmt 56-199] Attempt to get parsing info during refresh. "On-the-fly" syntax checking information may be incorrect. [C:\Users\qianzha\Desktop\DAT096-krishna\Embedded-System-Project-DAT096-krishna\Board_1\Board_1\Board_2.srcs\sources_1\new\pulse_gen.vhd:]
WARNING: [filemgmt 56-199] Attempt to get parsing info during refresh. "On-the-fly" syntax checking information may be incorrect. [C:\Users\qianzha\Desktop\DAT096-krishna\Embedded-System-Project-DAT096-krishna\Board_1\Board_1\Board_2.srcs\sources_1\new\bit to dac converter.vhd:]
WARNING: [filemgmt 56-199] Attempt to get parsing info during refresh. "On-the-fly" syntax checking information may be incorrect. [C:\Users\qianzha\Desktop\DAT096-krishna\Embedded-System-Project-DAT096-krishna\Board_1\Board_1\Board_2.srcs\sources_1\new\bit to dac converter.vhd:]
ERROR: [Common 17-180] Spawn failed: No error
WARNING: [filemgmt 56-199] Attempt to get parsing info during refresh. "On-the-fly" syntax checking information may be incorrect. [C:\Users\qianzha\Desktop\DAT096-krishna\Embedded-System-Project-DAT096-krishna\Board_1\Board_1\Board_2.srcs\sources_1\new\prbs_axis_master_32.vhd:]
WARNING: [filemgmt 56-199] Attempt to get parsing info during refresh. "On-the-fly" syntax checking information may be incorrect. [C:\Users\qianzha\Desktop\DAT096-krishna\Embedded-System-Project-DAT096-krishna\Board_1\Board_1\Board_2.srcs\sources_1\new\delay_measure.vhd:]
WARNING: [filemgmt 56-199] Attempt to get parsing info during refresh. "On-the-fly" syntax checking information may be incorrect. [C:\Users\qianzha\Desktop\DAT096-krishna\Embedded-System-Project-DAT096-krishna\Board_1\Board_1\Board_2.srcs\sources_1\new\u_gen.vhd:]
WARNING: [filemgmt 56-199] Attempt to get parsing info during refresh. "On-the-fly" syntax checking information may be incorrect. [C:\Users\qianzha\Desktop\DAT096-krishna\Embedded-System-Project-DAT096-krishna\Board_1\Board_1\Board_2.srcs\sources_1\new\bit to dac converter.vhd:]
WARNING: [filemgmt 56-199] Attempt to get parsing info during refresh. "On-the-fly" syntax checking information may be incorrect. [C:\Users\qianzha\Desktop\DAT096-krishna\Embedded-System-Project-DAT096-krishna\Board_1\Board_1\Board_2.srcs\sources_1\new\pulse_gen.vhd:]
WARNING: [filemgmt 56-199] Attempt to get parsing info during refresh. "On-the-fly" syntax checking information may be incorrect. [C:\Users\qianzha\Desktop\DAT096-krishna\Embedded-System-Project-DAT096-krishna\Board_1\Board_1\Board_2.srcs\sources_1\new\pulse_gen.vhd:]
WARNING: [filemgmt 56-199] Attempt to get parsing info during refresh. "On-the-fly" syntax checking information may be incorrect. [C:\Users\qianzha\Desktop\DAT096-krishna\Embedded-System-Project-DAT096-krishna\Board_1\Board_1\Board_2.srcs\sources_1\new\pulse_gen.vhd:]
ERROR: [Common 17-180] Spawn failed: No error
report_ip_status -name ip_status 
update_module_reference [get_ips  design_2_bit_to_dac14_axi_0_2]
INFO: [IP_Flow 19-5107] Inferred bus interface 'm_axis' of definition 'xilinx.com:interface:axis:1.0' (from Xilinx Repository).
INFO: [IP_Flow 19-5107] Inferred bus interface 'rst' of definition 'xilinx.com:signal:reset:1.0' (from Xilinx Repository).
INFO: [IP_Flow 19-5107] Inferred bus interface 'clk' of definition 'xilinx.com:signal:clock:1.0' (from Xilinx Repository).
INFO: [IP_Flow 19-4728] Bus Interface 'clk': Added interface parameter 'ASSOCIATED_BUSIF' with value 'm_axis'.
INFO: [IP_Flow 19-4728] Bus Interface 'clk': Added interface parameter 'ASSOCIATED_RESET' with value 'rst'.
WARNING: [IP_Flow 19-11770] Clock interface 'clk' has no FREQ_HZ parameter.
INFO: [IP_Flow 19-5107] Inferred bus interface 'm_axis' of definition 'xilinx.com:interface:axis:1.0' (from Xilinx Repository).
INFO: [IP_Flow 19-5107] Inferred bus interface 'rst' of definition 'xilinx.com:signal:reset:1.0' (from Xilinx Repository).
INFO: [IP_Flow 19-5107] Inferred bus interface 'clk' of definition 'xilinx.com:signal:clock:1.0' (from Xilinx Repository).
INFO: [IP_Flow 19-4728] Bus Interface 'clk': Added interface parameter 'ASSOCIATED_BUSIF' with value 'm_axis'.
INFO: [IP_Flow 19-4728] Bus Interface 'clk': Added interface parameter 'ASSOCIATED_RESET' with value 'rst'.
WARNING: [IP_Flow 19-11770] Clock interface 'clk' has no FREQ_HZ parameter.
Upgrading 'C:/Users/qianzha/Desktop/DAT096-krishna/Embedded-System-Project-DAT096-krishna/Board_1/Board_1/Board_2.srcs/sources_1/bd/design_2/design_2.bd'
WARNING: [Vivado 12-1017] Problems encountered:
1. Failed to delete one or more files in run directory C:/Users/qianzha/Desktop/DAT096-krishna/Embedded-System-Project-DAT096-krishna/Board_1/Board_1/Board_2.runs/design_2_bit_to_dac14_axi_0_2_synth_1

INFO: [IP_Flow 19-3420] Updated design_2_bit_to_dac14_axi_0_2 to use current project options
Wrote  : <C:\Users\qianzha\Desktop\DAT096-krishna\Embedded-System-Project-DAT096-krishna\Board_1\Board_1\Board_2.srcs\sources_1\bd\design_2\design_2.bd> 
Wrote  : <C:/Users/qianzha/Desktop/DAT096-krishna/Embedded-System-Project-DAT096-krishna/Board_1/Board_1/Board_2.srcs/sources_1/bd/design_2/ui/bd_1fdbff51.ui> 
WARNING: [filemgmt 56-199] Attempt to get parsing info during refresh. "On-the-fly" syntax checking information may be incorrect. [C:\Users\qianzha\Desktop\DAT096-krishna\Embedded-System-Project-DAT096-krishna\Board_1\Board_1\Board_2.srcs\sources_1\new\prbs_axis_master_32.vhd:]
WARNING: [filemgmt 56-199] Attempt to get parsing info during refresh. "On-the-fly" syntax checking information may be incorrect. [C:\Users\qianzha\Desktop\DAT096-krishna\Embedded-System-Project-DAT096-krishna\Board_1\Board_1\Board_2.srcs\sources_1\new\delay_measure.vhd:]
WARNING: [filemgmt 56-199] Attempt to get parsing info during refresh. "On-the-fly" syntax checking information may be incorrect. [C:\Users\qianzha\Desktop\DAT096-krishna\Embedded-System-Project-DAT096-krishna\Board_1\Board_1\Board_2.srcs\sources_1\new\u_gen.vhd:]
WARNING: [filemgmt 56-199] Attempt to get parsing info during refresh. "On-the-fly" syntax checking information may be incorrect. [C:\Users\qianzha\Desktop\DAT096-krishna\Embedded-System-Project-DAT096-krishna\Board_1\Board_1\Board_2.srcs\sources_1\new\bit to dac converter.vhd:]
WARNING: [filemgmt 56-199] Attempt to get parsing info during refresh. "On-the-fly" syntax checking information may be incorrect. [C:\Users\qianzha\Desktop\DAT096-krishna\Embedded-System-Project-DAT096-krishna\Board_1\Board_1\Board_2.srcs\sources_1\new\pulse_gen.vhd:]
WARNING: [filemgmt 56-199] Attempt to get parsing info during refresh. "On-the-fly" syntax checking information may be incorrect. [C:\Users\qianzha\Desktop\DAT096-krishna\Embedded-System-Project-DAT096-krishna\Board_1\Board_1\Board_2.srcs\sources_1\new\bit to dac converter.vhd:]
WARNING: [filemgmt 56-199] Attempt to get parsing info during refresh. "On-the-fly" syntax checking information may be incorrect. [C:\Users\qianzha\Desktop\DAT096-krishna\Embedded-System-Project-DAT096-krishna\Board_1\Board_1\Board_2.srcs\sources_1\new\bit to dac converter.vhd:]
WARNING: [filemgmt 56-199] Attempt to get parsing info during refresh. "On-the-fly" syntax checking information may be incorrect. [C:\Users\qianzha\Desktop\DAT096-krishna\Embedded-System-Project-DAT096-krishna\Board_1\Board_1\Board_2.srcs\sources_1\new\prbs_axis_master_32.vhd:]
WARNING: [filemgmt 56-199] Attempt to get parsing info during refresh. "On-the-fly" syntax checking information may be incorrect. [C:\Users\qianzha\Desktop\DAT096-krishna\Embedded-System-Project-DAT096-krishna\Board_1\Board_1\Board_2.srcs\sources_1\new\delay_measure.vhd:]
WARNING: [filemgmt 56-199] Attempt to get parsing info during refresh. "On-the-fly" syntax checking information may be incorrect. [C:\Users\qianzha\Desktop\DAT096-krishna\Embedded-System-Project-DAT096-krishna\Board_1\Board_1\Board_2.srcs\sources_1\new\u_gen.vhd:]
WARNING: [filemgmt 56-199] Attempt to get parsing info during refresh. "On-the-fly" syntax checking information may be incorrect. [C:\Users\qianzha\Desktop\DAT096-krishna\Embedded-System-Project-DAT096-krishna\Board_1\Board_1\Board_2.srcs\sources_1\new\bit to dac converter.vhd:]
WARNING: [filemgmt 56-199] Attempt to get parsing info during refresh. "On-the-fly" syntax checking information may be incorrect. [C:\Users\qianzha\Desktop\DAT096-krishna\Embedded-System-Project-DAT096-krishna\Board_1\Board_1\Board_2.srcs\sources_1\new\pulse_gen.vhd:]
WARNING: [filemgmt 56-199] Attempt to get parsing info during refresh. "On-the-fly" syntax checking information may be incorrect. [C:\Users\qianzha\Desktop\DAT096-krishna\Embedded-System-Project-DAT096-krishna\Board_1\Board_1\Board_2.srcs\sources_1\new\u_gen.vhd:]
WARNING: [filemgmt 56-199] Attempt to get parsing info during refresh. "On-the-fly" syntax checking information may be incorrect. [C:\Users\qianzha\Desktop\DAT096-krishna\Embedded-System-Project-DAT096-krishna\Board_1\Board_1\Board_2.srcs\sources_1\new\u_gen.vhd:]
WARNING: [filemgmt 56-199] Attempt to get parsing info during refresh. "On-the-fly" syntax checking information may be incorrect. [C:\Users\qianzha\Desktop\DAT096-krishna\Embedded-System-Project-DAT096-krishna\Board_1\Board_1\Board_2.srcs\sources_1\new\prbs_axis_master_32.vhd:]
WARNING: [filemgmt 56-199] Attempt to get parsing info during refresh. "On-the-fly" syntax checking information may be incorrect. [C:\Users\qianzha\Desktop\DAT096-krishna\Embedded-System-Project-DAT096-krishna\Board_1\Board_1\Board_2.srcs\sources_1\new\delay_measure.vhd:]
WARNING: [filemgmt 56-199] Attempt to get parsing info during refresh. "On-the-fly" syntax checking information may be incorrect. [C:\Users\qianzha\Desktop\DAT096-krishna\Embedded-System-Project-DAT096-krishna\Board_1\Board_1\Board_2.srcs\sources_1\new\u_gen.vhd:]
WARNING: [filemgmt 56-199] Attempt to get parsing info during refresh. "On-the-fly" syntax checking information may be incorrect. [C:\Users\qianzha\Desktop\DAT096-krishna\Embedded-System-Project-DAT096-krishna\Board_1\Board_1\Board_2.srcs\sources_1\new\bit to dac converter.vhd:]
WARNING: [filemgmt 56-199] Attempt to get parsing info during refresh. "On-the-fly" syntax checking information may be incorrect. [C:\Users\qianzha\Desktop\DAT096-krishna\Embedded-System-Project-DAT096-krishna\Board_1\Board_1\Board_2.srcs\sources_1\new\pulse_gen.vhd:]
WARNING: [filemgmt 56-199] Attempt to get parsing info during refresh. "On-the-fly" syntax checking information may be incorrect. [C:\Users\qianzha\Desktop\DAT096-krishna\Embedded-System-Project-DAT096-krishna\Board_1\Board_1\Board_2.srcs\sources_1\new\pulse_gen.vhd:]
WARNING: [filemgmt 56-199] Attempt to get parsing info during refresh. "On-the-fly" syntax checking information may be incorrect. [C:\Users\qianzha\Desktop\DAT096-krishna\Embedded-System-Project-DAT096-krishna\Board_1\Board_1\Board_2.srcs\sources_1\new\pulse_gen.vhd:]
ERROR: [Common 17-180] Spawn failed: No error
ERROR: [Common 17-180] Spawn failed: No error
WARNING: [filemgmt 56-199] Attempt to get parsing info during refresh. "On-the-fly" syntax checking information may be incorrect. [C:\Users\qianzha\Desktop\DAT096-krishna\Embedded-System-Project-DAT096-krishna\Board_1\Board_1\Board_2.srcs\sources_1\new\prbs_axis_master_32.vhd:]
WARNING: [filemgmt 56-199] Attempt to get parsing info during refresh. "On-the-fly" syntax checking information may be incorrect. [C:\Users\qianzha\Desktop\DAT096-krishna\Embedded-System-Project-DAT096-krishna\Board_1\Board_1\Board_2.srcs\sources_1\new\delay_measure.vhd:]
WARNING: [filemgmt 56-199] Attempt to get parsing info during refresh. "On-the-fly" syntax checking information may be incorrect. [C:\Users\qianzha\Desktop\DAT096-krishna\Embedded-System-Project-DAT096-krishna\Board_1\Board_1\Board_2.srcs\sources_1\new\u_gen.vhd:]
WARNING: [filemgmt 56-199] Attempt to get parsing info during refresh. "On-the-fly" syntax checking information may be incorrect. [C:\Users\qianzha\Desktop\DAT096-krishna\Embedded-System-Project-DAT096-krishna\Board_1\Board_1\Board_2.srcs\sources_1\new\bit to dac converter.vhd:]
WARNING: [filemgmt 56-199] Attempt to get parsing info during refresh. "On-the-fly" syntax checking information may be incorrect. [C:\Users\qianzha\Desktop\DAT096-krishna\Embedded-System-Project-DAT096-krishna\Board_1\Board_1\Board_2.srcs\sources_1\new\pulse_gen.vhd:]
WARNING: [filemgmt 56-199] Attempt to get parsing info during refresh. "On-the-fly" syntax checking information may be incorrect. [C:\Users\qianzha\Desktop\DAT096-krishna\Embedded-System-Project-DAT096-krishna\Board_1\Board_1\Board_2.srcs\sources_1\new\delay_measure.vhd:]
generate_target all [get_files  C:/Users/qianzha/Desktop/DAT096-krishna/Embedded-System-Project-DAT096-krishna/Board_1/Board_1/Board_2.srcs/sources_1/bd/design_2/design_2.bd]
WARNING: [BD 41-2670] Found an incomplete address path from address space '/processing_system7_0/Data' to master interface '/processing_system7_0/M_AXI_GP0'. Please either complete or remove this path to resolve.
WARNING: [BD 5-699] No address segments matched 'get_bd_addr_segs -of_objects /processing_system7_0/Data'
WARNING: [IP_Flow 19-4684] Expected long value for param C_ILA_CLK_FREQ but, float/scientific notation value 5e+07 is provided. The value is converted to long type(50000000)
INFO: [xilinx.com:ip:clk_wiz:6.0-1] /clk_wiz_0 clk_wiz propagate
Wrote  : <C:\Users\qianzha\Desktop\DAT096-krishna\Embedded-System-Project-DAT096-krishna\Board_1\Board_1\Board_2.srcs\sources_1\bd\design_2\design_2.bd> 
VHDL Output written to : c:/Users/qianzha/Desktop/DAT096-krishna/Embedded-System-Project-DAT096-krishna/Board_1/Board_1/Board_2.gen/sources_1/bd/design_2/synth/design_2.vhd
VHDL Output written to : c:/Users/qianzha/Desktop/DAT096-krishna/Embedded-System-Project-DAT096-krishna/Board_1/Board_1/Board_2.gen/sources_1/bd/design_2/sim/design_2.vhd
VHDL Output written to : c:/Users/qianzha/Desktop/DAT096-krishna/Embedded-System-Project-DAT096-krishna/Board_1/Board_1/Board_2.gen/sources_1/bd/design_2/hdl/design_2_wrapper.vhd
INFO: [BD 41-1029] Generation completed for the IP Integrator block bit_to_dac14_axi_0 .
Exporting to file c:/Users/qianzha/Desktop/DAT096-krishna/Embedded-System-Project-DAT096-krishna/Board_1/Board_1/Board_2.gen/sources_1/bd/design_2/hw_handoff/design_2.hwh
Generated Hardware Definition File c:/Users/qianzha/Desktop/DAT096-krishna/Embedded-System-Project-DAT096-krishna/Board_1/Board_1/Board_2.gen/sources_1/bd/design_2/synth/design_2.hwdef
export_ip_user_files -of_objects [get_files C:/Users/qianzha/Desktop/DAT096-krishna/Embedded-System-Project-DAT096-krishna/Board_1/Board_1/Board_2.srcs/sources_1/bd/design_2/design_2.bd] -no_script -sync -force -quiet
create_ip_run [get_files -of_objects [get_fileset sources_1] C:/Users/qianzha/Desktop/DAT096-krishna/Embedded-System-Project-DAT096-krishna/Board_1/Board_1/Board_2.srcs/sources_1/bd/design_2/design_2.bd]
launch_runs design_2_bit_to_dac14_axi_0_2_synth_1 -jobs 28
[Thu Apr 30 13:29:23 2026] Launched design_2_bit_to_dac14_axi_0_2_synth_1...
Run output will be captured here: C:/Users/qianzha/Desktop/DAT096-krishna/Embedded-System-Project-DAT096-krishna/Board_1/Board_1/Board_2.runs/design_2_bit_to_dac14_axi_0_2_synth_1/runme.log
export_simulation -lib_map_path [list {modelsim=C:/Users/qianzha/Desktop/DAT096-krishna/Embedded-System-Project-DAT096-krishna/Board_1/Board_1/Board_2.cache/compile_simlib/modelsim} {questa=C:/Users/qianzha/Desktop/DAT096-krishna/Embedded-System-Project-DAT096-krishna/Board_1/Board_1/Board_2.cache/compile_simlib/questa} {riviera=C:/Users/qianzha/Desktop/DAT096-krishna/Embedded-System-Project-DAT096-krishna/Board_1/Board_1/Board_2.cache/compile_simlib/riviera} {activehdl=C:/Users/qianzha/Desktop/DAT096-krishna/Embedded-System-Project-DAT096-krishna/Board_1/Board_1/Board_2.cache/compile_simlib/activehdl}] -of_objects [get_files C:/Users/qianzha/Desktop/DAT096-krishna/Embedded-System-Project-DAT096-krishna/Board_1/Board_1/Board_2.srcs/sources_1/bd/design_2/design_2.bd] -directory C:/Users/qianzha/Desktop/DAT096-krishna/Embedded-System-Project-DAT096-krishna/Board_1/Board_1/Board_2.ip_user_files/sim_scripts -ip_user_files_dir C:/Users/qianzha/Desktop/DAT096-krishna/Embedded-System-Project-DAT096-krishna/Board_1/Board_1/Board_2.ip_user_files -ipstatic_source_dir C:/Users/qianzha/Desktop/DAT096-krishna/Embedded-System-Project-DAT096-krishna/Board_1/Board_1/Board_2.ip_user_files/ipstatic -use_ip_compiled_libs -force -quiet
WARNING: [filemgmt 56-199] Attempt to get parsing info during refresh. "On-the-fly" syntax checking information may be incorrect. [C:\Users\qianzha\Desktop\DAT096-krishna\Embedded-System-Project-DAT096-krishna\Board_1\Board_1\Board_2.srcs\sources_1\new\prbs_axis_master_32.vhd:]
WARNING: [filemgmt 56-199] Attempt to get parsing info during refresh. "On-the-fly" syntax checking information may be incorrect. [C:\Users\qianzha\Desktop\DAT096-krishna\Embedded-System-Project-DAT096-krishna\Board_1\Board_1\Board_2.srcs\sources_1\new\delay_measure.vhd:]
WARNING: [filemgmt 56-199] Attempt to get parsing info during refresh. "On-the-fly" syntax checking information may be incorrect. [C:\Users\qianzha\Desktop\DAT096-krishna\Embedded-System-Project-DAT096-krishna\Board_1\Board_1\Board_2.srcs\sources_1\new\u_gen.vhd:]
WARNING: [filemgmt 56-199] Attempt to get parsing info during refresh. "On-the-fly" syntax checking information may be incorrect. [C:\Users\qianzha\Desktop\DAT096-krishna\Embedded-System-Project-DAT096-krishna\Board_1\Board_1\Board_2.srcs\sources_1\new\bit to dac converter.vhd:]
WARNING: [filemgmt 56-199] Attempt to get parsing info during refresh. "On-the-fly" syntax checking information may be incorrect. [C:\Users\qianzha\Desktop\DAT096-krishna\Embedded-System-Project-DAT096-krishna\Board_1\Board_1\Board_2.srcs\sources_1\new\pulse_gen.vhd:]
WARNING: [filemgmt 56-199] Attempt to get parsing info during refresh. "On-the-fly" syntax checking information may be incorrect. [C:\Users\qianzha\Desktop\DAT096-krishna\Embedded-System-Project-DAT096-krishna\Board_1\Board_1\Board_2.srcs\sources_1\new\delay_measure.vhd:]
WARNING: [filemgmt 56-199] Attempt to get parsing info during refresh. "On-the-fly" syntax checking information may be incorrect. [C:\Users\qianzha\Desktop\DAT096-krishna\Embedded-System-Project-DAT096-krishna\Board_1\Board_1\Board_2.srcs\sources_1\new\delay_measure.vhd:]
WARNING: [filemgmt 56-199] Attempt to get parsing info during refresh. "On-the-fly" syntax checking information may be incorrect. [C:\Users\qianzha\Desktop\DAT096-krishna\Embedded-System-Project-DAT096-krishna\Board_1\Board_1\Board_2.srcs\sources_1\new\prbs_axis_master_32.vhd:]
WARNING: [filemgmt 56-199] Attempt to get parsing info during refresh. "On-the-fly" syntax checking information may be incorrect. [C:\Users\qianzha\Desktop\DAT096-krishna\Embedded-System-Project-DAT096-krishna\Board_1\Board_1\Board_2.srcs\sources_1\new\delay_measure.vhd:]
WARNING: [filemgmt 56-199] Attempt to get parsing info during refresh. "On-the-fly" syntax checking information may be incorrect. [C:\Users\qianzha\Desktop\DAT096-krishna\Embedded-System-Project-DAT096-krishna\Board_1\Board_1\Board_2.srcs\sources_1\new\u_gen.vhd:]
WARNING: [filemgmt 56-199] Attempt to get parsing info during refresh. "On-the-fly" syntax checking information may be incorrect. [C:\Users\qianzha\Desktop\DAT096-krishna\Embedded-System-Project-DAT096-krishna\Board_1\Board_1\Board_2.srcs\sources_1\new\bit to dac converter.vhd:]
WARNING: [filemgmt 56-199] Attempt to get parsing info during refresh. "On-the-fly" syntax checking information may be incorrect. [C:\Users\qianzha\Desktop\DAT096-krishna\Embedded-System-Project-DAT096-krishna\Board_1\Board_1\Board_2.srcs\sources_1\new\pulse_gen.vhd:]
WARNING: [filemgmt 56-199] Attempt to get parsing info during refresh. "On-the-fly" syntax checking information may be incorrect. [C:\Users\qianzha\Desktop\DAT096-krishna\Embedded-System-Project-DAT096-krishna\Board_1\Board_1\Board_2.srcs\sources_1\new\u_gen.vhd:]
WARNING: [filemgmt 56-199] Attempt to get parsing info during refresh. "On-the-fly" syntax checking information may be incorrect. [C:\Users\qianzha\Desktop\DAT096-krishna\Embedded-System-Project-DAT096-krishna\Board_1\Board_1\Board_2.srcs\sources_1\new\u_gen.vhd:]
WARNING: [filemgmt 56-199] Attempt to get parsing info during refresh. "On-the-fly" syntax checking information may be incorrect. [C:\Users\qianzha\Desktop\DAT096-krishna\Embedded-System-Project-DAT096-krishna\Board_1\Board_1\Board_2.srcs\sources_1\new\prbs_axis_master_32.vhd:]
WARNING: [filemgmt 56-199] Attempt to get parsing info during refresh. "On-the-fly" syntax checking information may be incorrect. [C:\Users\qianzha\Desktop\DAT096-krishna\Embedded-System-Project-DAT096-krishna\Board_1\Board_1\Board_2.srcs\sources_1\new\delay_measure.vhd:]
WARNING: [filemgmt 56-199] Attempt to get parsing info during refresh. "On-the-fly" syntax checking information may be incorrect. [C:\Users\qianzha\Desktop\DAT096-krishna\Embedded-System-Project-DAT096-krishna\Board_1\Board_1\Board_2.srcs\sources_1\new\u_gen.vhd:]
WARNING: [filemgmt 56-199] Attempt to get parsing info during refresh. "On-the-fly" syntax checking information may be incorrect. [C:\Users\qianzha\Desktop\DAT096-krishna\Embedded-System-Project-DAT096-krishna\Board_1\Board_1\Board_2.srcs\sources_1\new\bit to dac converter.vhd:]
WARNING: [filemgmt 56-199] Attempt to get parsing info during refresh. "On-the-fly" syntax checking information may be incorrect. [C:\Users\qianzha\Desktop\DAT096-krishna\Embedded-System-Project-DAT096-krishna\Board_1\Board_1\Board_2.srcs\sources_1\new\pulse_gen.vhd:]
WARNING: [filemgmt 56-199] Attempt to get parsing info during refresh. "On-the-fly" syntax checking information may be incorrect. [C:\Users\qianzha\Desktop\DAT096-krishna\Embedded-System-Project-DAT096-krishna\Board_1\Board_1\Board_2.srcs\sources_1\new\pulse_gen.vhd:]
WARNING: [filemgmt 56-199] Attempt to get parsing info during refresh. "On-the-fly" syntax checking information may be incorrect. [C:\Users\qianzha\Desktop\DAT096-krishna\Embedded-System-Project-DAT096-krishna\Board_1\Board_1\Board_2.srcs\sources_1\new\pulse_gen.vhd:]
WARNING: [filemgmt 56-199] Attempt to get parsing info during refresh. "On-the-fly" syntax checking information may be incorrect. [C:\Users\qianzha\Desktop\DAT096-krishna\Embedded-System-Project-DAT096-krishna\Board_1\Board_1\Board_2.srcs\sources_1\new\prbs_axis_master_32.vhd:]
WARNING: [filemgmt 56-199] Attempt to get parsing info during refresh. "On-the-fly" syntax checking information may be incorrect. [C:\Users\qianzha\Desktop\DAT096-krishna\Embedded-System-Project-DAT096-krishna\Board_1\Board_1\Board_2.srcs\sources_1\new\delay_measure.vhd:]
WARNING: [filemgmt 56-199] Attempt to get parsing info during refresh. "On-the-fly" syntax checking information may be incorrect. [C:\Users\qianzha\Desktop\DAT096-krishna\Embedded-System-Project-DAT096-krishna\Board_1\Board_1\Board_2.srcs\sources_1\new\u_gen.vhd:]
WARNING: [filemgmt 56-199] Attempt to get parsing info during refresh. "On-the-fly" syntax checking information may be incorrect. [C:\Users\qianzha\Desktop\DAT096-krishna\Embedded-System-Project-DAT096-krishna\Board_1\Board_1\Board_2.srcs\sources_1\new\bit to dac converter.vhd:]
WARNING: [filemgmt 56-199] Attempt to get parsing info during refresh. "On-the-fly" syntax checking information may be incorrect. [C:\Users\qianzha\Desktop\DAT096-krishna\Embedded-System-Project-DAT096-krishna\Board_1\Board_1\Board_2.srcs\sources_1\new\pulse_gen.vhd:]
WARNING: [filemgmt 56-199] Attempt to get parsing info during refresh. "On-the-fly" syntax checking information may be incorrect. [C:\Users\qianzha\Desktop\DAT096-krishna\Embedded-System-Project-DAT096-krishna\Board_1\Board_1\Board_2.srcs\sources_1\new\bit to dac converter.vhd:]
WARNING: [filemgmt 56-199] Attempt to get parsing info during refresh. "On-the-fly" syntax checking information may be incorrect. [C:\Users\qianzha\Desktop\DAT096-krishna\Embedded-System-Project-DAT096-krishna\Board_1\Board_1\Board_2.srcs\sources_1\new\bit to dac converter.vhd:]
ERROR: [Common 17-180] Spawn failed: No error
report_ip_status -name ip_status 
reset_run synth_1
INFO: [Project 1-1161] Replacing file C:/Users/qianzha/Desktop/DAT096-krishna/Embedded-System-Project-DAT096-krishna/Board_1/Board_1/Board_2.srcs/utils_1/imports/synth_1/design_2_wrapper.dcp with file C:/Users/qianzha/Desktop/DAT096-krishna/Embedded-System-Project-DAT096-krishna/Board_1/Board_1/Board_2.runs/synth_1/design_2_wrapper.dcp
WARNING: [Vivado 12-1017] Problems encountered:
1. Failed to delete one or more files in run directory C:/Users/qianzha/Desktop/DAT096-krishna/Embedded-System-Project-DAT096-krishna/Board_1/Board_1/Board_2.runs/synth_1

launch_runs synth_1 -jobs 28
WARNING: [filemgmt 56-199] Attempt to get parsing info during refresh. "On-the-fly" syntax checking information may be incorrect. [C:\Users\qianzha\Desktop\DAT096-krishna\Embedded-System-Project-DAT096-krishna\Board_1\Board_1\Board_2.srcs\sources_1\new\prbs_axis_master_32.vhd:]
WARNING: [filemgmt 56-199] Attempt to get parsing info during refresh. "On-the-fly" syntax checking information may be incorrect. [C:\Users\qianzha\Desktop\DAT096-krishna\Embedded-System-Project-DAT096-krishna\Board_1\Board_1\Board_2.srcs\sources_1\new\delay_measure.vhd:]
WARNING: [filemgmt 56-199] Attempt to get parsing info during refresh. "On-the-fly" syntax checking information may be incorrect. [C:\Users\qianzha\Desktop\DAT096-krishna\Embedded-System-Project-DAT096-krishna\Board_1\Board_1\Board_2.srcs\sources_1\new\u_gen.vhd:]
WARNING: [filemgmt 56-199] Attempt to get parsing info during refresh. "On-the-fly" syntax checking information may be incorrect. [C:\Users\qianzha\Desktop\DAT096-krishna\Embedded-System-Project-DAT096-krishna\Board_1\Board_1\Board_2.srcs\sources_1\new\bit to dac converter.vhd:]
WARNING: [filemgmt 56-199] Attempt to get parsing info during refresh. "On-the-fly" syntax checking information may be incorrect. [C:\Users\qianzha\Desktop\DAT096-krishna\Embedded-System-Project-DAT096-krishna\Board_1\Board_1\Board_2.srcs\sources_1\new\pulse_gen.vhd:]
WARNING: [filemgmt 56-199] Attempt to get parsing info during refresh. "On-the-fly" syntax checking information may be incorrect. [C:\Users\qianzha\Desktop\DAT096-krishna\Embedded-System-Project-DAT096-krishna\Board_1\Board_1\Board_2.srcs\sources_1\new\delay_measure.vhd:]
WARNING: [filemgmt 56-199] Attempt to get parsing info during refresh. "On-the-fly" syntax checking information may be incorrect. [C:\Users\qianzha\Desktop\DAT096-krishna\Embedded-System-Project-DAT096-krishna\Board_1\Board_1\Board_2.srcs\sources_1\new\delay_measure.vhd:]
WARNING: [filemgmt 56-199] Attempt to get parsing info during refresh. "On-the-fly" syntax checking information may be incorrect. [C:\Users\qianzha\Desktop\DAT096-krishna\Embedded-System-Project-DAT096-krishna\Board_1\Board_1\Board_2.srcs\sources_1\new\prbs_axis_master_32.vhd:]
WARNING: [filemgmt 56-199] Attempt to get parsing info during refresh. "On-the-fly" syntax checking information may be incorrect. [C:\Users\qianzha\Desktop\DAT096-krishna\Embedded-System-Project-DAT096-krishna\Board_1\Board_1\Board_2.srcs\sources_1\new\delay_measure.vhd:]
WARNING: [filemgmt 56-199] Attempt to get parsing info during refresh. "On-the-fly" syntax checking information may be incorrect. [C:\Users\qianzha\Desktop\DAT096-krishna\Embedded-System-Project-DAT096-krishna\Board_1\Board_1\Board_2.srcs\sources_1\new\u_gen.vhd:]
WARNING: [filemgmt 56-199] Attempt to get parsing info during refresh. "On-the-fly" syntax checking information may be incorrect. [C:\Users\qianzha\Desktop\DAT096-krishna\Embedded-System-Project-DAT096-krishna\Board_1\Board_1\Board_2.srcs\sources_1\new\bit to dac converter.vhd:]
WARNING: [filemgmt 56-199] Attempt to get parsing info during refresh. "On-the-fly" syntax checking information may be incorrect. [C:\Users\qianzha\Desktop\DAT096-krishna\Embedded-System-Project-DAT096-krishna\Board_1\Board_1\Board_2.srcs\sources_1\new\pulse_gen.vhd:]
WARNING: [filemgmt 56-199] Attempt to get parsing info during refresh. "On-the-fly" syntax checking information may be incorrect. [C:\Users\qianzha\Desktop\DAT096-krishna\Embedded-System-Project-DAT096-krishna\Board_1\Board_1\Board_2.srcs\sources_1\new\prbs_axis_master_32.vhd:]
WARNING: [filemgmt 56-199] Attempt to get parsing info during refresh. "On-the-fly" syntax checking information may be incorrect. [C:\Users\qianzha\Desktop\DAT096-krishna\Embedded-System-Project-DAT096-krishna\Board_1\Board_1\Board_2.srcs\sources_1\new\prbs_axis_master_32.vhd:]
WARNING: [filemgmt 56-199] Attempt to get parsing info during refresh. "On-the-fly" syntax checking information may be incorrect. [C:\Users\qianzha\Desktop\DAT096-krishna\Embedded-System-Project-DAT096-krishna\Board_1\Board_1\Board_2.srcs\sources_1\new\prbs_axis_master_32.vhd:]
WARNING: [filemgmt 56-199] Attempt to get parsing info during refresh. "On-the-fly" syntax checking information may be incorrect. [C:\Users\qianzha\Desktop\DAT096-krishna\Embedded-System-Project-DAT096-krishna\Board_1\Board_1\Board_2.srcs\sources_1\new\delay_measure.vhd:]
WARNING: [filemgmt 56-199] Attempt to get parsing info during refresh. "On-the-fly" syntax checking information may be incorrect. [C:\Users\qianzha\Desktop\DAT096-krishna\Embedded-System-Project-DAT096-krishna\Board_1\Board_1\Board_2.srcs\sources_1\new\u_gen.vhd:]
WARNING: [filemgmt 56-199] Attempt to get parsing info during refresh. "On-the-fly" syntax checking information may be incorrect. [C:\Users\qianzha\Desktop\DAT096-krishna\Embedded-System-Project-DAT096-krishna\Board_1\Board_1\Board_2.srcs\sources_1\new\bit to dac converter.vhd:]
WARNING: [filemgmt 56-199] Attempt to get parsing info during refresh. "On-the-fly" syntax checking information may be incorrect. [C:\Users\qianzha\Desktop\DAT096-krishna\Embedded-System-Project-DAT096-krishna\Board_1\Board_1\Board_2.srcs\sources_1\new\pulse_gen.vhd:]
WARNING: [filemgmt 56-199] Attempt to get parsing info during refresh. "On-the-fly" syntax checking information may be incorrect. [C:\Users\qianzha\Desktop\DAT096-krishna\Embedded-System-Project-DAT096-krishna\Board_1\Board_1\Board_2.srcs\sources_1\new\u_gen.vhd:]
WARNING: [filemgmt 56-199] Attempt to get parsing info during refresh. "On-the-fly" syntax checking information may be incorrect. [C:\Users\qianzha\Desktop\DAT096-krishna\Embedded-System-Project-DAT096-krishna\Board_1\Board_1\Board_2.srcs\sources_1\new\u_gen.vhd:]
[Thu Apr 30 13:29:46 2026] Launched design_2_bit_to_dac14_axi_0_2_synth_1...
Run output will be captured here: C:/Users/qianzha/Desktop/DAT096-krishna/Embedded-System-Project-DAT096-krishna/Board_1/Board_1/Board_2.runs/design_2_bit_to_dac14_axi_0_2_synth_1/runme.log
[Thu Apr 30 13:29:46 2026] Launched synth_1...
Run output will be captured here: C:/Users/qianzha/Desktop/DAT096-krishna/Embedded-System-Project-DAT096-krishna/Board_1/Board_1/Board_2.runs/synth_1/runme.log
WARNING: [filemgmt 56-199] Attempt to get parsing info during refresh. "On-the-fly" syntax checking information may be incorrect. [C:\Users\qianzha\Desktop\DAT096-krishna\Embedded-System-Project-DAT096-krishna\Board_1\Board_1\Board_2.srcs\sources_1\new\prbs_axis_master_32.vhd:]
WARNING: [filemgmt 56-199] Attempt to get parsing info during refresh. "On-the-fly" syntax checking information may be incorrect. [C:\Users\qianzha\Desktop\DAT096-krishna\Embedded-System-Project-DAT096-krishna\Board_1\Board_1\Board_2.srcs\sources_1\new\delay_measure.vhd:]
WARNING: [filemgmt 56-199] Attempt to get parsing info during refresh. "On-the-fly" syntax checking information may be incorrect. [C:\Users\qianzha\Desktop\DAT096-krishna\Embedded-System-Project-DAT096-krishna\Board_1\Board_1\Board_2.srcs\sources_1\new\u_gen.vhd:]
WARNING: [filemgmt 56-199] Attempt to get parsing info during refresh. "On-the-fly" syntax checking information may be incorrect. [C:\Users\qianzha\Desktop\DAT096-krishna\Embedded-System-Project-DAT096-krishna\Board_1\Board_1\Board_2.srcs\sources_1\new\bit to dac converter.vhd:]
WARNING: [filemgmt 56-199] Attempt to get parsing info during refresh. "On-the-fly" syntax checking information may be incorrect. [C:\Users\qianzha\Desktop\DAT096-krishna\Embedded-System-Project-DAT096-krishna\Board_1\Board_1\Board_2.srcs\sources_1\new\pulse_gen.vhd:]
WARNING: [filemgmt 56-199] Attempt to get parsing info during refresh. "On-the-fly" syntax checking information may be incorrect. [C:\Users\qianzha\Desktop\DAT096-krishna\Embedded-System-Project-DAT096-krishna\Board_1\Board_1\Board_2.srcs\sources_1\new\pulse_gen.vhd:]
WARNING: [filemgmt 56-199] Attempt to get parsing info during refresh. "On-the-fly" syntax checking information may be incorrect. [C:\Users\qianzha\Desktop\DAT096-krishna\Embedded-System-Project-DAT096-krishna\Board_1\Board_1\Board_2.srcs\sources_1\new\pulse_gen.vhd:]
WARNING: [filemgmt 56-199] Attempt to get parsing info during refresh. "On-the-fly" syntax checking information may be incorrect. [C:\Users\qianzha\Desktop\DAT096-krishna\Embedded-System-Project-DAT096-krishna\Board_1\Board_1\Board_2.srcs\sources_1\new\prbs_axis_master_32.vhd:]
WARNING: [filemgmt 56-199] Attempt to get parsing info during refresh. "On-the-fly" syntax checking information may be incorrect. [C:\Users\qianzha\Desktop\DAT096-krishna\Embedded-System-Project-DAT096-krishna\Board_1\Board_1\Board_2.srcs\sources_1\new\delay_measure.vhd:]
WARNING: [filemgmt 56-199] Attempt to get parsing info during refresh. "On-the-fly" syntax checking information may be incorrect. [C:\Users\qianzha\Desktop\DAT096-krishna\Embedded-System-Project-DAT096-krishna\Board_1\Board_1\Board_2.srcs\sources_1\new\u_gen.vhd:]
WARNING: [filemgmt 56-199] Attempt to get parsing info during refresh. "On-the-fly" syntax checking information may be incorrect. [C:\Users\qianzha\Desktop\DAT096-krishna\Embedded-System-Project-DAT096-krishna\Board_1\Board_1\Board_2.srcs\sources_1\new\bit to dac converter.vhd:]
WARNING: [filemgmt 56-199] Attempt to get parsing info during refresh. "On-the-fly" syntax checking information may be incorrect. [C:\Users\qianzha\Desktop\DAT096-krishna\Embedded-System-Project-DAT096-krishna\Board_1\Board_1\Board_2.srcs\sources_1\new\pulse_gen.vhd:]
WARNING: [filemgmt 56-199] Attempt to get parsing info during refresh. "On-the-fly" syntax checking information may be incorrect. [C:\Users\qianzha\Desktop\DAT096-krishna\Embedded-System-Project-DAT096-krishna\Board_1\Board_1\Board_2.srcs\sources_1\new\u_gen.vhd:]
WARNING: [filemgmt 56-199] Attempt to get parsing info during refresh. "On-the-fly" syntax checking information may be incorrect. [C:\Users\qianzha\Desktop\DAT096-krishna\Embedded-System-Project-DAT096-krishna\Board_1\Board_1\Board_2.srcs\sources_1\new\u_gen.vhd:]
WARNING: [filemgmt 56-199] Attempt to get parsing info during refresh. "On-the-fly" syntax checking information may be incorrect. [C:\Users\qianzha\Desktop\DAT096-krishna\Embedded-System-Project-DAT096-krishna\Board_1\Board_1\Board_2.srcs\sources_1\new\prbs_axis_master_32.vhd:]
WARNING: [filemgmt 56-199] Attempt to get parsing info during refresh. "On-the-fly" syntax checking information may be incorrect. [C:\Users\qianzha\Desktop\DAT096-krishna\Embedded-System-Project-DAT096-krishna\Board_1\Board_1\Board_2.srcs\sources_1\new\delay_measure.vhd:]
WARNING: [filemgmt 56-199] Attempt to get parsing info during refresh. "On-the-fly" syntax checking information may be incorrect. [C:\Users\qianzha\Desktop\DAT096-krishna\Embedded-System-Project-DAT096-krishna\Board_1\Board_1\Board_2.srcs\sources_1\new\u_gen.vhd:]
WARNING: [filemgmt 56-199] Attempt to get parsing info during refresh. "On-the-fly" syntax checking information may be incorrect. [C:\Users\qianzha\Desktop\DAT096-krishna\Embedded-System-Project-DAT096-krishna\Board_1\Board_1\Board_2.srcs\sources_1\new\bit to dac converter.vhd:]
WARNING: [filemgmt 56-199] Attempt to get parsing info during refresh. "On-the-fly" syntax checking information may be incorrect. [C:\Users\qianzha\Desktop\DAT096-krishna\Embedded-System-Project-DAT096-krishna\Board_1\Board_1\Board_2.srcs\sources_1\new\pulse_gen.vhd:]
WARNING: [filemgmt 56-199] Attempt to get parsing info during refresh. "On-the-fly" syntax checking information may be incorrect. [C:\Users\qianzha\Desktop\DAT096-krishna\Embedded-System-Project-DAT096-krishna\Board_1\Board_1\Board_2.srcs\sources_1\new\delay_measure.vhd:]
WARNING: [filemgmt 56-199] Attempt to get parsing info during refresh. "On-the-fly" syntax checking information may be incorrect. [C:\Users\qianzha\Desktop\DAT096-krishna\Embedded-System-Project-DAT096-krishna\Board_1\Board_1\Board_2.srcs\sources_1\new\delay_measure.vhd:]
WARNING: [filemgmt 56-199] Attempt to get parsing info during refresh. "On-the-fly" syntax checking information may be incorrect. [C:\Users\qianzha\Desktop\DAT096-krishna\Embedded-System-Project-DAT096-krishna\Board_1\Board_1\Board_2.srcs\sources_1\new\prbs_axis_master_32.vhd:]
WARNING: [filemgmt 56-199] Attempt to get parsing info during refresh. "On-the-fly" syntax checking information may be incorrect. [C:\Users\qianzha\Desktop\DAT096-krishna\Embedded-System-Project-DAT096-krishna\Board_1\Board_1\Board_2.srcs\sources_1\new\delay_measure.vhd:]
WARNING: [filemgmt 56-199] Attempt to get parsing info during refresh. "On-the-fly" syntax checking information may be incorrect. [C:\Users\qianzha\Desktop\DAT096-krishna\Embedded-System-Project-DAT096-krishna\Board_1\Board_1\Board_2.srcs\sources_1\new\u_gen.vhd:]
WARNING: [filemgmt 56-199] Attempt to get parsing info during refresh. "On-the-fly" syntax checking information may be incorrect. [C:\Users\qianzha\Desktop\DAT096-krishna\Embedded-System-Project-DAT096-krishna\Board_1\Board_1\Board_2.srcs\sources_1\new\bit to dac converter.vhd:]
WARNING: [filemgmt 56-199] Attempt to get parsing info during refresh. "On-the-fly" syntax checking information may be incorrect. [C:\Users\qianzha\Desktop\DAT096-krishna\Embedded-System-Project-DAT096-krishna\Board_1\Board_1\Board_2.srcs\sources_1\new\pulse_gen.vhd:]
WARNING: [filemgmt 56-199] Attempt to get parsing info during refresh. "On-the-fly" syntax checking information may be incorrect. [C:\Users\qianzha\Desktop\DAT096-krishna\Embedded-System-Project-DAT096-krishna\Board_1\Board_1\Board_2.srcs\sources_1\new\bit to dac converter.vhd:]
WARNING: [filemgmt 56-199] Attempt to get parsing info during refresh. "On-the-fly" syntax checking information may be incorrect. [C:\Users\qianzha\Desktop\DAT096-krishna\Embedded-System-Project-DAT096-krishna\Board_1\Board_1\Board_2.srcs\sources_1\new\bit to dac converter.vhd:]
ERROR: [Common 17-180] Spawn failed: No error
launch_runs impl_1 -jobs 28
[Thu Apr 30 13:31:07 2026] Launched impl_1...
Run output will be captured here: C:/Users/qianzha/Desktop/DAT096-krishna/Embedded-System-Project-DAT096-krishna/Board_1/Board_1/Board_2.runs/impl_1/runme.log
launch_runs impl_1 -to_step write_bitstream -jobs 28
[Thu Apr 30 13:32:44 2026] Launched impl_1...
Run output will be captured here: C:/Users/qianzha/Desktop/DAT096-krishna/Embedded-System-Project-DAT096-krishna/Board_1/Board_1/Board_2.runs/impl_1/runme.log
set_property PROBES.FILE {C:/Users/qianzha/Desktop/DAT096-krishna/Embedded-System-Project-DAT096-krishna/Board_1/Board_1/Board_2.runs/impl_1/design_2_wrapper.ltx} [get_hw_devices xc7z020_1]
set_property FULL_PROBES.FILE {C:/Users/qianzha/Desktop/DAT096-krishna/Embedded-System-Project-DAT096-krishna/Board_1/Board_1/Board_2.runs/impl_1/design_2_wrapper.ltx} [get_hw_devices xc7z020_1]
set_property PROGRAM.FILE {C:/Users/qianzha/Desktop/DAT096-krishna/Embedded-System-Project-DAT096-krishna/Board_1/Board_1/Board_2.runs/impl_1/design_2_wrapper.bit} [get_hw_devices xc7z020_1]
program_hw_devices [get_hw_devices xc7z020_1]
INFO: [Labtools 27-3164] End of startup status: HIGH
refresh_hw_device [lindex [get_hw_devices xc7z020_1] 0]
INFO: [Labtools 27-2302] Device xc7z020 (JTAG device index = 1) is programmed with a design that has 1 ILA core(s).
run_hw_ila [get_hw_ilas -of_objects [get_hw_devices xc7z020_1] -filter {CELL_NAME=~"design_2_i/ila_0"}]
INFO: [Labtools 27-1964] The ILA core 'hw_ila_1' trigger was armed at 2026-Apr-30 13:34:38
wait_on_hw_ila [get_hw_ilas -of_objects [get_hw_devices xc7z020_1] -filter {CELL_NAME=~"design_2_i/ila_0"}]
display_hw_ila_data [upload_hw_ila_data [get_hw_ilas -of_objects [get_hw_devices xc7z020_1] -filter {CELL_NAME=~"design_2_i/ila_0"}]]
INFO: [Labtools 27-1966] The ILA core 'hw_ila_1' triggered at 2026-Apr-30 13:34:38
INFO: [Labtools 27-3304] ILA Waveform data saved to file C:/Users/qianzha/Desktop/DAT096-krishna/Embedded-System-Project-DAT096-krishna/Board_1/Board_1/Board_2.hw/backup/hw_ila_data_1.ila. Use Tcl command 'read_hw_ila_data' or Vivado File->Import->Import ILA Data menu item to import the previously saved data.
open_bd_design {C:/Users/qianzha/Desktop/DAT096-krishna/Embedded-System-Project-DAT096-krishna/Board_1/Board_1/Board_2.srcs/sources_1/bd/design_2/design_2.bd}
WARNING: [IP_Flow 19-4067] Ignoring invalid widget type specified checkbox.Providing a default widget
startgroup
set_property CONFIG.C_NUM_OF_PROBES {5} [get_bd_cells ila_0]
endgroup
connect_bd_net [get_bd_pins ila_0/probe4] [get_bd_pins adc_bit_decoder_0/bit_out]
save_bd_design
Wrote  : <C:\Users\qianzha\Desktop\DAT096-krishna\Embedded-System-Project-DAT096-krishna\Board_1\Board_1\Board_2.srcs\sources_1\bd\design_2\design_2.bd> 
Wrote  : <C:/Users/qianzha/Desktop/DAT096-krishna/Embedded-System-Project-DAT096-krishna/Board_1/Board_1/Board_2.srcs/sources_1/bd/design_2/ui/bd_1fdbff51.ui> 
open_bd_design {C:/Users/qianzha/Desktop/DAT096-krishna/Embedded-System-Project-DAT096-krishna/Board_1/Board_1/Board_2.srcs/sources_1/bd/design_2/design_2.bd}
validate_bd_design
WARNING: [BD 41-2670] Found an incomplete address path from address space '/processing_system7_0/Data' to master interface '/processing_system7_0/M_AXI_GP0'. Please either complete or remove this path to resolve.
WARNING: [BD 5-699] No address segments matched 'get_bd_addr_segs -of_objects /processing_system7_0/Data'
WARNING: [IP_Flow 19-4684] Expected long value for param C_ILA_CLK_FREQ but, float/scientific notation value 5e+07 is provided. The value is converted to long type(50000000)
INFO: [xilinx.com:ip:clk_wiz:6.0-1] /clk_wiz_0 clk_wiz propagate
generate_target all [get_files  C:/Users/qianzha/Desktop/DAT096-krishna/Embedded-System-Project-DAT096-krishna/Board_1/Board_1/Board_2.srcs/sources_1/bd/design_2/design_2.bd]
INFO: [BD 41-1662] The design 'design_2.bd' is already validated. Therefore parameter propagation will not be re-run.
Wrote  : <C:\Users\qianzha\Desktop\DAT096-krishna\Embedded-System-Project-DAT096-krishna\Board_1\Board_1\Board_2.srcs\sources_1\bd\design_2\design_2.bd> 
VHDL Output written to : c:/Users/qianzha/Desktop/DAT096-krishna/Embedded-System-Project-DAT096-krishna/Board_1/Board_1/Board_2.gen/sources_1/bd/design_2/synth/design_2.vhd
VHDL Output written to : c:/Users/qianzha/Desktop/DAT096-krishna/Embedded-System-Project-DAT096-krishna/Board_1/Board_1/Board_2.gen/sources_1/bd/design_2/sim/design_2.vhd
VHDL Output written to : c:/Users/qianzha/Desktop/DAT096-krishna/Embedded-System-Project-DAT096-krishna/Board_1/Board_1/Board_2.gen/sources_1/bd/design_2/hdl/design_2_wrapper.vhd
WARNING: [IP_Flow 19-4994] Overwriting existing constraint file 'c:/Users/qianzha/Desktop/DAT096-krishna/Embedded-System-Project-DAT096-krishna/Board_1/Board_1/Board_2.gen/sources_1/bd/design_2/ip/design_2_ila_0_0/design_2_ila_0_0_ooc.xdc'
INFO: [BD 41-1029] Generation completed for the IP Integrator block ila_0 .
Exporting to file c:/Users/qianzha/Desktop/DAT096-krishna/Embedded-System-Project-DAT096-krishna/Board_1/Board_1/Board_2.gen/sources_1/bd/design_2/hw_handoff/design_2.hwh
Generated Hardware Definition File c:/Users/qianzha/Desktop/DAT096-krishna/Embedded-System-Project-DAT096-krishna/Board_1/Board_1/Board_2.gen/sources_1/bd/design_2/synth/design_2.hwdef
catch { config_ip_cache -export [get_ips -all design_2_ila_0_0] }
INFO: [IP_Flow 19-6924] IPCACHE: Running cache check for IP inst: design_2_ila_0_0
export_ip_user_files -of_objects [get_files C:/Users/qianzha/Desktop/DAT096-krishna/Embedded-System-Project-DAT096-krishna/Board_1/Board_1/Board_2.srcs/sources_1/bd/design_2/design_2.bd] -no_script -sync -force -quiet
create_ip_run [get_files -of_objects [get_fileset sources_1] C:/Users/qianzha/Desktop/DAT096-krishna/Embedded-System-Project-DAT096-krishna/Board_1/Board_1/Board_2.srcs/sources_1/bd/design_2/design_2.bd]
launch_runs design_2_ila_0_0_synth_1 -jobs 28
INFO: [IP_Flow 19-6924] IPCACHE: Running cache check for IP inst: design_2_ila_0_0
[Thu Apr 30 13:36:54 2026] Launched design_2_ila_0_0_synth_1...
Run output will be captured here: C:/Users/qianzha/Desktop/DAT096-krishna/Embedded-System-Project-DAT096-krishna/Board_1/Board_1/Board_2.runs/design_2_ila_0_0_synth_1/runme.log
export_simulation -lib_map_path [list {modelsim=C:/Users/qianzha/Desktop/DAT096-krishna/Embedded-System-Project-DAT096-krishna/Board_1/Board_1/Board_2.cache/compile_simlib/modelsim} {questa=C:/Users/qianzha/Desktop/DAT096-krishna/Embedded-System-Project-DAT096-krishna/Board_1/Board_1/Board_2.cache/compile_simlib/questa} {riviera=C:/Users/qianzha/Desktop/DAT096-krishna/Embedded-System-Project-DAT096-krishna/Board_1/Board_1/Board_2.cache/compile_simlib/riviera} {activehdl=C:/Users/qianzha/Desktop/DAT096-krishna/Embedded-System-Project-DAT096-krishna/Board_1/Board_1/Board_2.cache/compile_simlib/activehdl}] -of_objects [get_files C:/Users/qianzha/Desktop/DAT096-krishna/Embedded-System-Project-DAT096-krishna/Board_1/Board_1/Board_2.srcs/sources_1/bd/design_2/design_2.bd] -directory C:/Users/qianzha/Desktop/DAT096-krishna/Embedded-System-Project-DAT096-krishna/Board_1/Board_1/Board_2.ip_user_files/sim_scripts -ip_user_files_dir C:/Users/qianzha/Desktop/DAT096-krishna/Embedded-System-Project-DAT096-krishna/Board_1/Board_1/Board_2.ip_user_files -ipstatic_source_dir C:/Users/qianzha/Desktop/DAT096-krishna/Embedded-System-Project-DAT096-krishna/Board_1/Board_1/Board_2.ip_user_files/ipstatic -use_ip_compiled_libs -force -quiet
WARNING: [filemgmt 56-199] Attempt to get parsing info during refresh. "On-the-fly" syntax checking information may be incorrect. [C:\Users\qianzha\Desktop\DAT096-krishna\Embedded-System-Project-DAT096-krishna\Board_1\Board_1\Board_2.srcs\sources_1\new\prbs_axis_master_32.vhd:]
WARNING: [filemgmt 56-199] Attempt to get parsing info during refresh. "On-the-fly" syntax checking information may be incorrect. [C:\Users\qianzha\Desktop\DAT096-krishna\Embedded-System-Project-DAT096-krishna\Board_1\Board_1\Board_2.srcs\sources_1\new\delay_measure.vhd:]
WARNING: [filemgmt 56-199] Attempt to get parsing info during refresh. "On-the-fly" syntax checking information may be incorrect. [C:\Users\qianzha\Desktop\DAT096-krishna\Embedded-System-Project-DAT096-krishna\Board_1\Board_1\Board_2.srcs\sources_1\new\u_gen.vhd:]
WARNING: [filemgmt 56-199] Attempt to get parsing info during refresh. "On-the-fly" syntax checking information may be incorrect. [C:\Users\qianzha\Desktop\DAT096-krishna\Embedded-System-Project-DAT096-krishna\Board_1\Board_1\Board_2.srcs\sources_1\new\bit to dac converter.vhd:]
WARNING: [filemgmt 56-199] Attempt to get parsing info during refresh. "On-the-fly" syntax checking information may be incorrect. [C:\Users\qianzha\Desktop\DAT096-krishna\Embedded-System-Project-DAT096-krishna\Board_1\Board_1\Board_2.srcs\sources_1\new\pulse_gen.vhd:]
WARNING: [filemgmt 56-199] Attempt to get parsing info during refresh. "On-the-fly" syntax checking information may be incorrect. [C:\Users\qianzha\Desktop\DAT096-krishna\Embedded-System-Project-DAT096-krishna\Board_1\Board_1\Board_2.srcs\sources_1\new\delay_measure.vhd:]
WARNING: [filemgmt 56-199] Attempt to get parsing info during refresh. "On-the-fly" syntax checking information may be incorrect. [C:\Users\qianzha\Desktop\DAT096-krishna\Embedded-System-Project-DAT096-krishna\Board_1\Board_1\Board_2.srcs\sources_1\new\delay_measure.vhd:]
WARNING: [filemgmt 56-199] Attempt to get parsing info during refresh. "On-the-fly" syntax checking information may be incorrect. [C:\Users\qianzha\Desktop\DAT096-krishna\Embedded-System-Project-DAT096-krishna\Board_1\Board_1\Board_2.srcs\sources_1\new\prbs_axis_master_32.vhd:]
WARNING: [filemgmt 56-199] Attempt to get parsing info during refresh. "On-the-fly" syntax checking information may be incorrect. [C:\Users\qianzha\Desktop\DAT096-krishna\Embedded-System-Project-DAT096-krishna\Board_1\Board_1\Board_2.srcs\sources_1\new\delay_measure.vhd:]
WARNING: [filemgmt 56-199] Attempt to get parsing info during refresh. "On-the-fly" syntax checking information may be incorrect. [C:\Users\qianzha\Desktop\DAT096-krishna\Embedded-System-Project-DAT096-krishna\Board_1\Board_1\Board_2.srcs\sources_1\new\u_gen.vhd:]
WARNING: [filemgmt 56-199] Attempt to get parsing info during refresh. "On-the-fly" syntax checking information may be incorrect. [C:\Users\qianzha\Desktop\DAT096-krishna\Embedded-System-Project-DAT096-krishna\Board_1\Board_1\Board_2.srcs\sources_1\new\bit to dac converter.vhd:]
WARNING: [filemgmt 56-199] Attempt to get parsing info during refresh. "On-the-fly" syntax checking information may be incorrect. [C:\Users\qianzha\Desktop\DAT096-krishna\Embedded-System-Project-DAT096-krishna\Board_1\Board_1\Board_2.srcs\sources_1\new\pulse_gen.vhd:]
WARNING: [filemgmt 56-199] Attempt to get parsing info during refresh. "On-the-fly" syntax checking information may be incorrect. [C:\Users\qianzha\Desktop\DAT096-krishna\Embedded-System-Project-DAT096-krishna\Board_1\Board_1\Board_2.srcs\sources_1\new\u_gen.vhd:]
WARNING: [filemgmt 56-199] Attempt to get parsing info during refresh. "On-the-fly" syntax checking information may be incorrect. [C:\Users\qianzha\Desktop\DAT096-krishna\Embedded-System-Project-DAT096-krishna\Board_1\Board_1\Board_2.srcs\sources_1\new\u_gen.vhd:]
WARNING: [filemgmt 56-199] Attempt to get parsing info during refresh. "On-the-fly" syntax checking information may be incorrect. [C:\Users\qianzha\Desktop\DAT096-krishna\Embedded-System-Project-DAT096-krishna\Board_1\Board_1\Board_2.srcs\sources_1\new\prbs_axis_master_32.vhd:]
WARNING: [filemgmt 56-199] Attempt to get parsing info during refresh. "On-the-fly" syntax checking information may be incorrect. [C:\Users\qianzha\Desktop\DAT096-krishna\Embedded-System-Project-DAT096-krishna\Board_1\Board_1\Board_2.srcs\sources_1\new\delay_measure.vhd:]
WARNING: [filemgmt 56-199] Attempt to get parsing info during refresh. "On-the-fly" syntax checking information may be incorrect. [C:\Users\qianzha\Desktop\DAT096-krishna\Embedded-System-Project-DAT096-krishna\Board_1\Board_1\Board_2.srcs\sources_1\new\u_gen.vhd:]
WARNING: [filemgmt 56-199] Attempt to get parsing info during refresh. "On-the-fly" syntax checking information may be incorrect. [C:\Users\qianzha\Desktop\DAT096-krishna\Embedded-System-Project-DAT096-krishna\Board_1\Board_1\Board_2.srcs\sources_1\new\bit to dac converter.vhd:]
WARNING: [filemgmt 56-199] Attempt to get parsing info during refresh. "On-the-fly" syntax checking information may be incorrect. [C:\Users\qianzha\Desktop\DAT096-krishna\Embedded-System-Project-DAT096-krishna\Board_1\Board_1\Board_2.srcs\sources_1\new\pulse_gen.vhd:]
WARNING: [filemgmt 56-199] Attempt to get parsing info during refresh. "On-the-fly" syntax checking information may be incorrect. [C:\Users\qianzha\Desktop\DAT096-krishna\Embedded-System-Project-DAT096-krishna\Board_1\Board_1\Board_2.srcs\sources_1\new\bit to dac converter.vhd:]
WARNING: [filemgmt 56-199] Attempt to get parsing info during refresh. "On-the-fly" syntax checking information may be incorrect. [C:\Users\qianzha\Desktop\DAT096-krishna\Embedded-System-Project-DAT096-krishna\Board_1\Board_1\Board_2.srcs\sources_1\new\bit to dac converter.vhd:]
WARNING: [filemgmt 56-199] Attempt to get parsing info during refresh. "On-the-fly" syntax checking information may be incorrect. [C:\Users\qianzha\Desktop\DAT096-krishna\Embedded-System-Project-DAT096-krishna\Board_1\Board_1\Board_2.srcs\sources_1\new\prbs_axis_master_32.vhd:]
WARNING: [filemgmt 56-199] Attempt to get parsing info during refresh. "On-the-fly" syntax checking information may be incorrect. [C:\Users\qianzha\Desktop\DAT096-krishna\Embedded-System-Project-DAT096-krishna\Board_1\Board_1\Board_2.srcs\sources_1\new\delay_measure.vhd:]
WARNING: [filemgmt 56-199] Attempt to get parsing info during refresh. "On-the-fly" syntax checking information may be incorrect. [C:\Users\qianzha\Desktop\DAT096-krishna\Embedded-System-Project-DAT096-krishna\Board_1\Board_1\Board_2.srcs\sources_1\new\u_gen.vhd:]
WARNING: [filemgmt 56-199] Attempt to get parsing info during refresh. "On-the-fly" syntax checking information may be incorrect. [C:\Users\qianzha\Desktop\DAT096-krishna\Embedded-System-Project-DAT096-krishna\Board_1\Board_1\Board_2.srcs\sources_1\new\bit to dac converter.vhd:]
WARNING: [filemgmt 56-199] Attempt to get parsing info during refresh. "On-the-fly" syntax checking information may be incorrect. [C:\Users\qianzha\Desktop\DAT096-krishna\Embedded-System-Project-DAT096-krishna\Board_1\Board_1\Board_2.srcs\sources_1\new\pulse_gen.vhd:]
WARNING: [filemgmt 56-199] Attempt to get parsing info during refresh. "On-the-fly" syntax checking information may be incorrect. [C:\Users\qianzha\Desktop\DAT096-krishna\Embedded-System-Project-DAT096-krishna\Board_1\Board_1\Board_2.srcs\sources_1\new\pulse_gen.vhd:]
WARNING: [filemgmt 56-199] Attempt to get parsing info during refresh. "On-the-fly" syntax checking information may be incorrect. [C:\Users\qianzha\Desktop\DAT096-krishna\Embedded-System-Project-DAT096-krishna\Board_1\Board_1\Board_2.srcs\sources_1\new\pulse_gen.vhd:]
ERROR: [Common 17-180] Spawn failed: No error
reset_run synth_1
INFO: [Project 1-1161] Replacing file C:/Users/qianzha/Desktop/DAT096-krishna/Embedded-System-Project-DAT096-krishna/Board_1/Board_1/Board_2.srcs/utils_1/imports/synth_1/design_2_wrapper.dcp with file C:/Users/qianzha/Desktop/DAT096-krishna/Embedded-System-Project-DAT096-krishna/Board_1/Board_1/Board_2.runs/synth_1/design_2_wrapper.dcp
WARNING: [Vivado 12-1017] Problems encountered:
1. Failed to delete one or more files in run directory C:/Users/qianzha/Desktop/DAT096-krishna/Embedded-System-Project-DAT096-krishna/Board_1/Board_1/Board_2.runs/synth_1

launch_runs synth_1 -jobs 28
INFO: [IP_Flow 19-6924] IPCACHE: Running cache check for IP inst: design_2_ila_0_0
WARNING: [filemgmt 56-199] Attempt to get parsing info during refresh. "On-the-fly" syntax checking information may be incorrect. [C:\Users\qianzha\Desktop\DAT096-krishna\Embedded-System-Project-DAT096-krishna\Board_1\Board_1\Board_2.srcs\sources_1\new\prbs_axis_master_32.vhd:]
WARNING: [filemgmt 56-199] Attempt to get parsing info during refresh. "On-the-fly" syntax checking information may be incorrect. [C:\Users\qianzha\Desktop\DAT096-krishna\Embedded-System-Project-DAT096-krishna\Board_1\Board_1\Board_2.srcs\sources_1\new\delay_measure.vhd:]
WARNING: [filemgmt 56-199] Attempt to get parsing info during refresh. "On-the-fly" syntax checking information may be incorrect. [C:\Users\qianzha\Desktop\DAT096-krishna\Embedded-System-Project-DAT096-krishna\Board_1\Board_1\Board_2.srcs\sources_1\new\u_gen.vhd:]
WARNING: [filemgmt 56-199] Attempt to get parsing info during refresh. "On-the-fly" syntax checking information may be incorrect. [C:\Users\qianzha\Desktop\DAT096-krishna\Embedded-System-Project-DAT096-krishna\Board_1\Board_1\Board_2.srcs\sources_1\new\bit to dac converter.vhd:]
WARNING: [filemgmt 56-199] Attempt to get parsing info during refresh. "On-the-fly" syntax checking information may be incorrect. [C:\Users\qianzha\Desktop\DAT096-krishna\Embedded-System-Project-DAT096-krishna\Board_1\Board_1\Board_2.srcs\sources_1\new\pulse_gen.vhd:]
WARNING: [filemgmt 56-199] Attempt to get parsing info during refresh. "On-the-fly" syntax checking information may be incorrect. [C:\Users\qianzha\Desktop\DAT096-krishna\Embedded-System-Project-DAT096-krishna\Board_1\Board_1\Board_2.srcs\sources_1\new\pulse_gen.vhd:]
WARNING: [filemgmt 56-199] Attempt to get parsing info during refresh. "On-the-fly" syntax checking information may be incorrect. [C:\Users\qianzha\Desktop\DAT096-krishna\Embedded-System-Project-DAT096-krishna\Board_1\Board_1\Board_2.srcs\sources_1\new\pulse_gen.vhd:]
WARNING: [filemgmt 56-199] Attempt to get parsing info during refresh. "On-the-fly" syntax checking information may be incorrect. [C:\Users\qianzha\Desktop\DAT096-krishna\Embedded-System-Project-DAT096-krishna\Board_1\Board_1\Board_2.srcs\sources_1\new\prbs_axis_master_32.vhd:]
WARNING: [filemgmt 56-199] Attempt to get parsing info during refresh. "On-the-fly" syntax checking information may be incorrect. [C:\Users\qianzha\Desktop\DAT096-krishna\Embedded-System-Project-DAT096-krishna\Board_1\Board_1\Board_2.srcs\sources_1\new\delay_measure.vhd:]
WARNING: [filemgmt 56-199] Attempt to get parsing info during refresh. "On-the-fly" syntax checking information may be incorrect. [C:\Users\qianzha\Desktop\DAT096-krishna\Embedded-System-Project-DAT096-krishna\Board_1\Board_1\Board_2.srcs\sources_1\new\u_gen.vhd:]
WARNING: [filemgmt 56-199] Attempt to get parsing info during refresh. "On-the-fly" syntax checking information may be incorrect. [C:\Users\qianzha\Desktop\DAT096-krishna\Embedded-System-Project-DAT096-krishna\Board_1\Board_1\Board_2.srcs\sources_1\new\bit to dac converter.vhd:]
WARNING: [filemgmt 56-199] Attempt to get parsing info during refresh. "On-the-fly" syntax checking information may be incorrect. [C:\Users\qianzha\Desktop\DAT096-krishna\Embedded-System-Project-DAT096-krishna\Board_1\Board_1\Board_2.srcs\sources_1\new\pulse_gen.vhd:]
WARNING: [filemgmt 56-199] Attempt to get parsing info during refresh. "On-the-fly" syntax checking information may be incorrect. [C:\Users\qianzha\Desktop\DAT096-krishna\Embedded-System-Project-DAT096-krishna\Board_1\Board_1\Board_2.srcs\sources_1\new\u_gen.vhd:]
WARNING: [filemgmt 56-199] Attempt to get parsing info during refresh. "On-the-fly" syntax checking information may be incorrect. [C:\Users\qianzha\Desktop\DAT096-krishna\Embedded-System-Project-DAT096-krishna\Board_1\Board_1\Board_2.srcs\sources_1\new\u_gen.vhd:]
[Thu Apr 30 13:37:10 2026] Launched design_2_ila_0_0_synth_1...
Run output will be captured here: C:/Users/qianzha/Desktop/DAT096-krishna/Embedded-System-Project-DAT096-krishna/Board_1/Board_1/Board_2.runs/design_2_ila_0_0_synth_1/runme.log
[Thu Apr 30 13:37:10 2026] Launched synth_1...
Run output will be captured here: C:/Users/qianzha/Desktop/DAT096-krishna/Embedded-System-Project-DAT096-krishna/Board_1/Board_1/Board_2.runs/synth_1/runme.log
WARNING: [filemgmt 56-199] Attempt to get parsing info during refresh. "On-the-fly" syntax checking information may be incorrect. [C:\Users\qianzha\Desktop\DAT096-krishna\Embedded-System-Project-DAT096-krishna\Board_1\Board_1\Board_2.srcs\sources_1\new\prbs_axis_master_32.vhd:]
WARNING: [filemgmt 56-199] Attempt to get parsing info during refresh. "On-the-fly" syntax checking information may be incorrect. [C:\Users\qianzha\Desktop\DAT096-krishna\Embedded-System-Project-DAT096-krishna\Board_1\Board_1\Board_2.srcs\sources_1\new\delay_measure.vhd:]
WARNING: [filemgmt 56-199] Attempt to get parsing info during refresh. "On-the-fly" syntax checking information may be incorrect. [C:\Users\qianzha\Desktop\DAT096-krishna\Embedded-System-Project-DAT096-krishna\Board_1\Board_1\Board_2.srcs\sources_1\new\u_gen.vhd:]
WARNING: [filemgmt 56-199] Attempt to get parsing info during refresh. "On-the-fly" syntax checking information may be incorrect. [C:\Users\qianzha\Desktop\DAT096-krishna\Embedded-System-Project-DAT096-krishna\Board_1\Board_1\Board_2.srcs\sources_1\new\bit to dac converter.vhd:]
WARNING: [filemgmt 56-199] Attempt to get parsing info during refresh. "On-the-fly" syntax checking information may be incorrect. [C:\Users\qianzha\Desktop\DAT096-krishna\Embedded-System-Project-DAT096-krishna\Board_1\Board_1\Board_2.srcs\sources_1\new\pulse_gen.vhd:]
WARNING: [filemgmt 56-199] Attempt to get parsing info during refresh. "On-the-fly" syntax checking information may be incorrect. [C:\Users\qianzha\Desktop\DAT096-krishna\Embedded-System-Project-DAT096-krishna\Board_1\Board_1\Board_2.srcs\sources_1\new\delay_measure.vhd:]
WARNING: [filemgmt 56-199] Attempt to get parsing info during refresh. "On-the-fly" syntax checking information may be incorrect. [C:\Users\qianzha\Desktop\DAT096-krishna\Embedded-System-Project-DAT096-krishna\Board_1\Board_1\Board_2.srcs\sources_1\new\delay_measure.vhd:]
WARNING: [filemgmt 56-199] Attempt to get parsing info during refresh. "On-the-fly" syntax checking information may be incorrect. [C:\Users\qianzha\Desktop\DAT096-krishna\Embedded-System-Project-DAT096-krishna\Board_1\Board_1\Board_2.srcs\sources_1\new\prbs_axis_master_32.vhd:]
WARNING: [filemgmt 56-199] Attempt to get parsing info during refresh. "On-the-fly" syntax checking information may be incorrect. [C:\Users\qianzha\Desktop\DAT096-krishna\Embedded-System-Project-DAT096-krishna\Board_1\Board_1\Board_2.srcs\sources_1\new\delay_measure.vhd:]
WARNING: [filemgmt 56-199] Attempt to get parsing info during refresh. "On-the-fly" syntax checking information may be incorrect. [C:\Users\qianzha\Desktop\DAT096-krishna\Embedded-System-Project-DAT096-krishna\Board_1\Board_1\Board_2.srcs\sources_1\new\u_gen.vhd:]
WARNING: [filemgmt 56-199] Attempt to get parsing info during refresh. "On-the-fly" syntax checking information may be incorrect. [C:\Users\qianzha\Desktop\DAT096-krishna\Embedded-System-Project-DAT096-krishna\Board_1\Board_1\Board_2.srcs\sources_1\new\bit to dac converter.vhd:]
WARNING: [filemgmt 56-199] Attempt to get parsing info during refresh. "On-the-fly" syntax checking information may be incorrect. [C:\Users\qianzha\Desktop\DAT096-krishna\Embedded-System-Project-DAT096-krishna\Board_1\Board_1\Board_2.srcs\sources_1\new\pulse_gen.vhd:]
WARNING: [filemgmt 56-199] Attempt to get parsing info during refresh. "On-the-fly" syntax checking information may be incorrect. [C:\Users\qianzha\Desktop\DAT096-krishna\Embedded-System-Project-DAT096-krishna\Board_1\Board_1\Board_2.srcs\sources_1\new\bit to dac converter.vhd:]
WARNING: [filemgmt 56-199] Attempt to get parsing info during refresh. "On-the-fly" syntax checking information may be incorrect. [C:\Users\qianzha\Desktop\DAT096-krishna\Embedded-System-Project-DAT096-krishna\Board_1\Board_1\Board_2.srcs\sources_1\new\bit to dac converter.vhd:]
ERROR: [Common 17-180] Spawn failed: No error
WARNING: [filemgmt 56-199] Attempt to get parsing info during refresh. "On-the-fly" syntax checking information may be incorrect. [C:\Users\qianzha\Desktop\DAT096-krishna\Embedded-System-Project-DAT096-krishna\Board_1\Board_1\Board_2.srcs\sources_1\new\pulse_gen.vhd:]
WARNING: [filemgmt 56-199] Attempt to get parsing info during refresh. "On-the-fly" syntax checking information may be incorrect. [C:\Users\qianzha\Desktop\DAT096-krishna\Embedded-System-Project-DAT096-krishna\Board_1\Board_1\Board_2.srcs\sources_1\new\pulse_gen.vhd:]
WARNING: [filemgmt 56-199] Attempt to get parsing info during refresh. "On-the-fly" syntax checking information may be incorrect. [C:\Users\qianzha\Desktop\DAT096-krishna\Embedded-System-Project-DAT096-krishna\Board_1\Board_1\Board_2.srcs\sources_1\new\prbs_axis_master_32.vhd:]
WARNING: [filemgmt 56-199] Attempt to get parsing info during refresh. "On-the-fly" syntax checking information may be incorrect. [C:\Users\qianzha\Desktop\DAT096-krishna\Embedded-System-Project-DAT096-krishna\Board_1\Board_1\Board_2.srcs\sources_1\new\delay_measure.vhd:]
WARNING: [filemgmt 56-199] Attempt to get parsing info during refresh. "On-the-fly" syntax checking information may be incorrect. [C:\Users\qianzha\Desktop\DAT096-krishna\Embedded-System-Project-DAT096-krishna\Board_1\Board_1\Board_2.srcs\sources_1\new\u_gen.vhd:]
WARNING: [filemgmt 56-199] Attempt to get parsing info during refresh. "On-the-fly" syntax checking information may be incorrect. [C:\Users\qianzha\Desktop\DAT096-krishna\Embedded-System-Project-DAT096-krishna\Board_1\Board_1\Board_2.srcs\sources_1\new\bit to dac converter.vhd:]
WARNING: [filemgmt 56-199] Attempt to get parsing info during refresh. "On-the-fly" syntax checking information may be incorrect. [C:\Users\qianzha\Desktop\DAT096-krishna\Embedded-System-Project-DAT096-krishna\Board_1\Board_1\Board_2.srcs\sources_1\new\pulse_gen.vhd:]
WARNING: [filemgmt 56-199] Attempt to get parsing info during refresh. "On-the-fly" syntax checking information may be incorrect. [C:\Users\qianzha\Desktop\DAT096-krishna\Embedded-System-Project-DAT096-krishna\Board_1\Board_1\Board_2.srcs\sources_1\new\prbs_axis_master_32.vhd:]
WARNING: [filemgmt 56-199] Attempt to get parsing info during refresh. "On-the-fly" syntax checking information may be incorrect. [C:\Users\qianzha\Desktop\DAT096-krishna\Embedded-System-Project-DAT096-krishna\Board_1\Board_1\Board_2.srcs\sources_1\new\prbs_axis_master_32.vhd:]
ERROR: [Common 17-180] Spawn failed: No error
launch_runs impl_1 -jobs 28
[Thu Apr 30 13:38:56 2026] Launched impl_1...
Run output will be captured here: C:/Users/qianzha/Desktop/DAT096-krishna/Embedded-System-Project-DAT096-krishna/Board_1/Board_1/Board_2.runs/impl_1/runme.log
launch_runs impl_1 -to_step write_bitstream -jobs 28
[Thu Apr 30 13:40:26 2026] Launched impl_1...
Run output will be captured here: C:/Users/qianzha/Desktop/DAT096-krishna/Embedded-System-Project-DAT096-krishna/Board_1/Board_1/Board_2.runs/impl_1/runme.log
set_property PROBES.FILE {C:/Users/qianzha/Desktop/DAT096-krishna/Embedded-System-Project-DAT096-krishna/Board_1/Board_1/Board_2.runs/impl_1/design_2_wrapper.ltx} [get_hw_devices xc7z020_1]
set_property FULL_PROBES.FILE {C:/Users/qianzha/Desktop/DAT096-krishna/Embedded-System-Project-DAT096-krishna/Board_1/Board_1/Board_2.runs/impl_1/design_2_wrapper.ltx} [get_hw_devices xc7z020_1]
set_property PROGRAM.FILE {C:/Users/qianzha/Desktop/DAT096-krishna/Embedded-System-Project-DAT096-krishna/Board_1/Board_1/Board_2.runs/impl_1/design_2_wrapper.bit} [get_hw_devices xc7z020_1]
program_hw_devices [get_hw_devices xc7z020_1]
INFO: [Labtools 27-3164] End of startup status: HIGH
refresh_hw_device [lindex [get_hw_devices xc7z020_1] 0]
INFO: [Labtools 27-2302] Device xc7z020 (JTAG device index = 1) is programmed with a design that has 1 ILA core(s).
add_wave -into {hw_ila_data_1.wcfg} -radix hex { {design_2_i/adc_bit_decoder_0_bit_out} }
open_bd_design {C:/Users/qianzha/Desktop/DAT096-krishna/Embedded-System-Project-DAT096-krishna/Board_1/Board_1/Board_2.srcs/sources_1/bd/design_2/design_2.bd}
run_hw_ila [get_hw_ilas -of_objects [get_hw_devices xc7z020_1] -filter {CELL_NAME=~"design_2_i/ila_0"}]
INFO: [Labtools 27-1964] The ILA core 'hw_ila_1' trigger was armed at 2026-Apr-30 13:48:52
wait_on_hw_ila [get_hw_ilas -of_objects [get_hw_devices xc7z020_1] -filter {CELL_NAME=~"design_2_i/ila_0"}]
display_hw_ila_data [upload_hw_ila_data [get_hw_ilas -of_objects [get_hw_devices xc7z020_1] -filter {CELL_NAME=~"design_2_i/ila_0"}]]
INFO: [Labtools 27-1966] The ILA core 'hw_ila_1' triggered at 2026-Apr-30 13:48:52
INFO: [Labtools 27-3304] ILA Waveform data saved to file C:/Users/qianzha/Desktop/DAT096-krishna/Embedded-System-Project-DAT096-krishna/Board_1/Board_1/Board_2.hw/backup/hw_ila_data_1.ila. Use Tcl command 'read_hw_ila_data' or Vivado File->Import->Import ILA Data menu item to import the previously saved data.
open_bd_design {C:/Users/qianzha/Desktop/DAT096-krishna/Embedded-System-Project-DAT096-krishna/Board_1/Board_1/Board_2.srcs/sources_1/bd/design_2/design_2.bd}
WARNING: [IP_Flow 19-4067] Ignoring invalid widget type specified checkbox.Providing a default widget
WARNING: [IP_Flow 19-4067] Ignoring invalid widget type specified checkbox.Providing a default widget
startgroup
set_property CONFIG.C_NUM_OF_PROBES {8} [get_bd_cells ila_0]
endgroup
connect_bd_net [get_bd_pins ila_0/probe5] [get_bd_pins pilot_tx_rx_0/tx_start]
connect_bd_net [get_bd_pins ila_0/probe6] [get_bd_pins pilot_tx_rx_0/match]
connect_bd_net [get_bd_pins ila_0/probe7] [get_bd_pins delay_measure_0/delay_cycles]
WARNING: [IP_Flow 19-4067] Ignoring invalid widget type specified checkbox.Providing a default widget
startgroup
set_property CONFIG.C_PROBE7_WIDTH {32} [get_bd_cells ila_0]
endgroup
save_bd_design
Wrote  : <C:\Users\qianzha\Desktop\DAT096-krishna\Embedded-System-Project-DAT096-krishna\Board_1\Board_1\Board_2.srcs\sources_1\bd\design_2\design_2.bd> 
Wrote  : <C:/Users/qianzha/Desktop/DAT096-krishna/Embedded-System-Project-DAT096-krishna/Board_1/Board_1/Board_2.srcs/sources_1/bd/design_2/ui/bd_1fdbff51.ui> 
validate_bd_design
WARNING: [BD 41-2670] Found an incomplete address path from address space '/processing_system7_0/Data' to master interface '/processing_system7_0/M_AXI_GP0'. Please either complete or remove this path to resolve.
WARNING: [BD 5-699] No address segments matched 'get_bd_addr_segs -of_objects /processing_system7_0/Data'
WARNING: [IP_Flow 19-4684] Expected long value for param C_ILA_CLK_FREQ but, float/scientific notation value 5e+07 is provided. The value is converted to long type(50000000)
INFO: [xilinx.com:ip:clk_wiz:6.0-1] /clk_wiz_0 clk_wiz propagate
generate_target all [get_files  C:/Users/qianzha/Desktop/DAT096-krishna/Embedded-System-Project-DAT096-krishna/Board_1/Board_1/Board_2.srcs/sources_1/bd/design_2/design_2.bd]
INFO: [BD 41-1662] The design 'design_2.bd' is already validated. Therefore parameter propagation will not be re-run.
Wrote  : <C:\Users\qianzha\Desktop\DAT096-krishna\Embedded-System-Project-DAT096-krishna\Board_1\Board_1\Board_2.srcs\sources_1\bd\design_2\design_2.bd> 
Wrote  : <C:/Users/qianzha/Desktop/DAT096-krishna/Embedded-System-Project-DAT096-krishna/Board_1/Board_1/Board_2.srcs/sources_1/bd/design_2/ui/bd_1fdbff51.ui> 
VHDL Output written to : c:/Users/qianzha/Desktop/DAT096-krishna/Embedded-System-Project-DAT096-krishna/Board_1/Board_1/Board_2.gen/sources_1/bd/design_2/synth/design_2.vhd
VHDL Output written to : c:/Users/qianzha/Desktop/DAT096-krishna/Embedded-System-Project-DAT096-krishna/Board_1/Board_1/Board_2.gen/sources_1/bd/design_2/sim/design_2.vhd
VHDL Output written to : c:/Users/qianzha/Desktop/DAT096-krishna/Embedded-System-Project-DAT096-krishna/Board_1/Board_1/Board_2.gen/sources_1/bd/design_2/hdl/design_2_wrapper.vhd
WARNING: [IP_Flow 19-4994] Overwriting existing constraint file 'c:/Users/qianzha/Desktop/DAT096-krishna/Embedded-System-Project-DAT096-krishna/Board_1/Board_1/Board_2.gen/sources_1/bd/design_2/ip/design_2_ila_0_0/design_2_ila_0_0_ooc.xdc'
INFO: [BD 41-1029] Generation completed for the IP Integrator block ila_0 .
Exporting to file c:/Users/qianzha/Desktop/DAT096-krishna/Embedded-System-Project-DAT096-krishna/Board_1/Board_1/Board_2.gen/sources_1/bd/design_2/hw_handoff/design_2.hwh
Generated Hardware Definition File c:/Users/qianzha/Desktop/DAT096-krishna/Embedded-System-Project-DAT096-krishna/Board_1/Board_1/Board_2.gen/sources_1/bd/design_2/synth/design_2.hwdef
catch { config_ip_cache -export [get_ips -all design_2_ila_0_0] }
INFO: [IP_Flow 19-6924] IPCACHE: Running cache check for IP inst: design_2_ila_0_0
export_ip_user_files -of_objects [get_files C:/Users/qianzha/Desktop/DAT096-krishna/Embedded-System-Project-DAT096-krishna/Board_1/Board_1/Board_2.srcs/sources_1/bd/design_2/design_2.bd] -no_script -sync -force -quiet
create_ip_run [get_files -of_objects [get_fileset sources_1] C:/Users/qianzha/Desktop/DAT096-krishna/Embedded-System-Project-DAT096-krishna/Board_1/Board_1/Board_2.srcs/sources_1/bd/design_2/design_2.bd]
launch_runs design_2_ila_0_0_synth_1 -jobs 28
INFO: [IP_Flow 19-6924] IPCACHE: Running cache check for IP inst: design_2_ila_0_0
[Thu Apr 30 13:50:28 2026] Launched design_2_ila_0_0_synth_1...
Run output will be captured here: C:/Users/qianzha/Desktop/DAT096-krishna/Embedded-System-Project-DAT096-krishna/Board_1/Board_1/Board_2.runs/design_2_ila_0_0_synth_1/runme.log
export_simulation -lib_map_path [list {modelsim=C:/Users/qianzha/Desktop/DAT096-krishna/Embedded-System-Project-DAT096-krishna/Board_1/Board_1/Board_2.cache/compile_simlib/modelsim} {questa=C:/Users/qianzha/Desktop/DAT096-krishna/Embedded-System-Project-DAT096-krishna/Board_1/Board_1/Board_2.cache/compile_simlib/questa} {riviera=C:/Users/qianzha/Desktop/DAT096-krishna/Embedded-System-Project-DAT096-krishna/Board_1/Board_1/Board_2.cache/compile_simlib/riviera} {activehdl=C:/Users/qianzha/Desktop/DAT096-krishna/Embedded-System-Project-DAT096-krishna/Board_1/Board_1/Board_2.cache/compile_simlib/activehdl}] -of_objects [get_files C:/Users/qianzha/Desktop/DAT096-krishna/Embedded-System-Project-DAT096-krishna/Board_1/Board_1/Board_2.srcs/sources_1/bd/design_2/design_2.bd] -directory C:/Users/qianzha/Desktop/DAT096-krishna/Embedded-System-Project-DAT096-krishna/Board_1/Board_1/Board_2.ip_user_files/sim_scripts -ip_user_files_dir C:/Users/qianzha/Desktop/DAT096-krishna/Embedded-System-Project-DAT096-krishna/Board_1/Board_1/Board_2.ip_user_files -ipstatic_source_dir C:/Users/qianzha/Desktop/DAT096-krishna/Embedded-System-Project-DAT096-krishna/Board_1/Board_1/Board_2.ip_user_files/ipstatic -use_ip_compiled_libs -force -quiet
WARNING: [filemgmt 56-199] Attempt to get parsing info during refresh. "On-the-fly" syntax checking information may be incorrect. [C:\Users\qianzha\Desktop\DAT096-krishna\Embedded-System-Project-DAT096-krishna\Board_1\Board_1\Board_2.srcs\sources_1\new\prbs_axis_master_32.vhd:]
WARNING: [filemgmt 56-199] Attempt to get parsing info during refresh. "On-the-fly" syntax checking information may be incorrect. [C:\Users\qianzha\Desktop\DAT096-krishna\Embedded-System-Project-DAT096-krishna\Board_1\Board_1\Board_2.srcs\sources_1\new\delay_measure.vhd:]
WARNING: [filemgmt 56-199] Attempt to get parsing info during refresh. "On-the-fly" syntax checking information may be incorrect. [C:\Users\qianzha\Desktop\DAT096-krishna\Embedded-System-Project-DAT096-krishna\Board_1\Board_1\Board_2.srcs\sources_1\new\u_gen.vhd:]
WARNING: [filemgmt 56-199] Attempt to get parsing info during refresh. "On-the-fly" syntax checking information may be incorrect. [C:\Users\qianzha\Desktop\DAT096-krishna\Embedded-System-Project-DAT096-krishna\Board_1\Board_1\Board_2.srcs\sources_1\new\bit to dac converter.vhd:]
WARNING: [filemgmt 56-199] Attempt to get parsing info during refresh. "On-the-fly" syntax checking information may be incorrect. [C:\Users\qianzha\Desktop\DAT096-krishna\Embedded-System-Project-DAT096-krishna\Board_1\Board_1\Board_2.srcs\sources_1\new\pulse_gen.vhd:]
WARNING: [filemgmt 56-199] Attempt to get parsing info during refresh. "On-the-fly" syntax checking information may be incorrect. [C:\Users\qianzha\Desktop\DAT096-krishna\Embedded-System-Project-DAT096-krishna\Board_1\Board_1\Board_2.srcs\sources_1\new\bit to dac converter.vhd:]
WARNING: [filemgmt 56-199] Attempt to get parsing info during refresh. "On-the-fly" syntax checking information may be incorrect. [C:\Users\qianzha\Desktop\DAT096-krishna\Embedded-System-Project-DAT096-krishna\Board_1\Board_1\Board_2.srcs\sources_1\new\bit to dac converter.vhd:]
WARNING: [filemgmt 56-199] Attempt to get parsing info during refresh. "On-the-fly" syntax checking information may be incorrect. [C:\Users\qianzha\Desktop\DAT096-krishna\Embedded-System-Project-DAT096-krishna\Board_1\Board_1\Board_2.srcs\sources_1\new\prbs_axis_master_32.vhd:]
WARNING: [filemgmt 56-199] Attempt to get parsing info during refresh. "On-the-fly" syntax checking information may be incorrect. [C:\Users\qianzha\Desktop\DAT096-krishna\Embedded-System-Project-DAT096-krishna\Board_1\Board_1\Board_2.srcs\sources_1\new\delay_measure.vhd:]
WARNING: [filemgmt 56-199] Attempt to get parsing info during refresh. "On-the-fly" syntax checking information may be incorrect. [C:\Users\qianzha\Desktop\DAT096-krishna\Embedded-System-Project-DAT096-krishna\Board_1\Board_1\Board_2.srcs\sources_1\new\u_gen.vhd:]
WARNING: [filemgmt 56-199] Attempt to get parsing info during refresh. "On-the-fly" syntax checking information may be incorrect. [C:\Users\qianzha\Desktop\DAT096-krishna\Embedded-System-Project-DAT096-krishna\Board_1\Board_1\Board_2.srcs\sources_1\new\bit to dac converter.vhd:]
WARNING: [filemgmt 56-199] Attempt to get parsing info during refresh. "On-the-fly" syntax checking information may be incorrect. [C:\Users\qianzha\Desktop\DAT096-krishna\Embedded-System-Project-DAT096-krishna\Board_1\Board_1\Board_2.srcs\sources_1\new\pulse_gen.vhd:]
WARNING: [filemgmt 56-199] Attempt to get parsing info during refresh. "On-the-fly" syntax checking information may be incorrect. [C:\Users\qianzha\Desktop\DAT096-krishna\Embedded-System-Project-DAT096-krishna\Board_1\Board_1\Board_2.srcs\sources_1\new\u_gen.vhd:]
WARNING: [filemgmt 56-199] Attempt to get parsing info during refresh. "On-the-fly" syntax checking information may be incorrect. [C:\Users\qianzha\Desktop\DAT096-krishna\Embedded-System-Project-DAT096-krishna\Board_1\Board_1\Board_2.srcs\sources_1\new\u_gen.vhd:]
WARNING: [filemgmt 56-199] Attempt to get parsing info during refresh. "On-the-fly" syntax checking information may be incorrect. [C:\Users\qianzha\Desktop\DAT096-krishna\Embedded-System-Project-DAT096-krishna\Board_1\Board_1\Board_2.srcs\sources_1\new\prbs_axis_master_32.vhd:]
WARNING: [filemgmt 56-199] Attempt to get parsing info during refresh. "On-the-fly" syntax checking information may be incorrect. [C:\Users\qianzha\Desktop\DAT096-krishna\Embedded-System-Project-DAT096-krishna\Board_1\Board_1\Board_2.srcs\sources_1\new\delay_measure.vhd:]
WARNING: [filemgmt 56-199] Attempt to get parsing info during refresh. "On-the-fly" syntax checking information may be incorrect. [C:\Users\qianzha\Desktop\DAT096-krishna\Embedded-System-Project-DAT096-krishna\Board_1\Board_1\Board_2.srcs\sources_1\new\u_gen.vhd:]
WARNING: [filemgmt 56-199] Attempt to get parsing info during refresh. "On-the-fly" syntax checking information may be incorrect. [C:\Users\qianzha\Desktop\DAT096-krishna\Embedded-System-Project-DAT096-krishna\Board_1\Board_1\Board_2.srcs\sources_1\new\bit to dac converter.vhd:]
WARNING: [filemgmt 56-199] Attempt to get parsing info during refresh. "On-the-fly" syntax checking information may be incorrect. [C:\Users\qianzha\Desktop\DAT096-krishna\Embedded-System-Project-DAT096-krishna\Board_1\Board_1\Board_2.srcs\sources_1\new\pulse_gen.vhd:]
WARNING: [filemgmt 56-199] Attempt to get parsing info during refresh. "On-the-fly" syntax checking information may be incorrect. [C:\Users\qianzha\Desktop\DAT096-krishna\Embedded-System-Project-DAT096-krishna\Board_1\Board_1\Board_2.srcs\sources_1\new\delay_measure.vhd:]
WARNING: [filemgmt 56-199] Attempt to get parsing info during refresh. "On-the-fly" syntax checking information may be incorrect. [C:\Users\qianzha\Desktop\DAT096-krishna\Embedded-System-Project-DAT096-krishna\Board_1\Board_1\Board_2.srcs\sources_1\new\delay_measure.vhd:]
WARNING: [filemgmt 56-199] Attempt to get parsing info during refresh. "On-the-fly" syntax checking information may be incorrect. [C:\Users\qianzha\Desktop\DAT096-krishna\Embedded-System-Project-DAT096-krishna\Board_1\Board_1\Board_2.srcs\sources_1\new\prbs_axis_master_32.vhd:]
WARNING: [filemgmt 56-199] Attempt to get parsing info during refresh. "On-the-fly" syntax checking information may be incorrect. [C:\Users\qianzha\Desktop\DAT096-krishna\Embedded-System-Project-DAT096-krishna\Board_1\Board_1\Board_2.srcs\sources_1\new\delay_measure.vhd:]
WARNING: [filemgmt 56-199] Attempt to get parsing info during refresh. "On-the-fly" syntax checking information may be incorrect. [C:\Users\qianzha\Desktop\DAT096-krishna\Embedded-System-Project-DAT096-krishna\Board_1\Board_1\Board_2.srcs\sources_1\new\u_gen.vhd:]
WARNING: [filemgmt 56-199] Attempt to get parsing info during refresh. "On-the-fly" syntax checking information may be incorrect. [C:\Users\qianzha\Desktop\DAT096-krishna\Embedded-System-Project-DAT096-krishna\Board_1\Board_1\Board_2.srcs\sources_1\new\bit to dac converter.vhd:]
WARNING: [filemgmt 56-199] Attempt to get parsing info during refresh. "On-the-fly" syntax checking information may be incorrect. [C:\Users\qianzha\Desktop\DAT096-krishna\Embedded-System-Project-DAT096-krishna\Board_1\Board_1\Board_2.srcs\sources_1\new\pulse_gen.vhd:]
WARNING: [filemgmt 56-199] Attempt to get parsing info during refresh. "On-the-fly" syntax checking information may be incorrect. [C:\Users\qianzha\Desktop\DAT096-krishna\Embedded-System-Project-DAT096-krishna\Board_1\Board_1\Board_2.srcs\sources_1\new\pulse_gen.vhd:]
WARNING: [filemgmt 56-199] Attempt to get parsing info during refresh. "On-the-fly" syntax checking information may be incorrect. [C:\Users\qianzha\Desktop\DAT096-krishna\Embedded-System-Project-DAT096-krishna\Board_1\Board_1\Board_2.srcs\sources_1\new\pulse_gen.vhd:]
ERROR: [Common 17-180] Spawn failed: No error
WARNING: [filemgmt 56-199] Attempt to get parsing info during refresh. "On-the-fly" syntax checking information may be incorrect. [C:\Users\qianzha\Desktop\DAT096-krishna\Embedded-System-Project-DAT096-krishna\Board_1\Board_1\Board_2.srcs\sources_1\new\prbs_axis_master_32.vhd:]
WARNING: [filemgmt 56-199] Attempt to get parsing info during refresh. "On-the-fly" syntax checking information may be incorrect. [C:\Users\qianzha\Desktop\DAT096-krishna\Embedded-System-Project-DAT096-krishna\Board_1\Board_1\Board_2.srcs\sources_1\new\delay_measure.vhd:]
WARNING: [filemgmt 56-199] Attempt to get parsing info during refresh. "On-the-fly" syntax checking information may be incorrect. [C:\Users\qianzha\Desktop\DAT096-krishna\Embedded-System-Project-DAT096-krishna\Board_1\Board_1\Board_2.srcs\sources_1\new\u_gen.vhd:]
WARNING: [filemgmt 56-199] Attempt to get parsing info during refresh. "On-the-fly" syntax checking information may be incorrect. [C:\Users\qianzha\Desktop\DAT096-krishna\Embedded-System-Project-DAT096-krishna\Board_1\Board_1\Board_2.srcs\sources_1\new\bit to dac converter.vhd:]
WARNING: [filemgmt 56-199] Attempt to get parsing info during refresh. "On-the-fly" syntax checking information may be incorrect. [C:\Users\qianzha\Desktop\DAT096-krishna\Embedded-System-Project-DAT096-krishna\Board_1\Board_1\Board_2.srcs\sources_1\new\pulse_gen.vhd:]
WARNING: [filemgmt 56-199] Attempt to get parsing info during refresh. "On-the-fly" syntax checking information may be incorrect. [C:\Users\qianzha\Desktop\DAT096-krishna\Embedded-System-Project-DAT096-krishna\Board_1\Board_1\Board_2.srcs\sources_1\new\pulse_gen.vhd:]
WARNING: [filemgmt 56-199] Attempt to get parsing info during refresh. "On-the-fly" syntax checking information may be incorrect. [C:\Users\qianzha\Desktop\DAT096-krishna\Embedded-System-Project-DAT096-krishna\Board_1\Board_1\Board_2.srcs\sources_1\new\pulse_gen.vhd:]
WARNING: [filemgmt 56-199] Attempt to get parsing info during refresh. "On-the-fly" syntax checking information may be incorrect. [C:\Users\qianzha\Desktop\DAT096-krishna\Embedded-System-Project-DAT096-krishna\Board_1\Board_1\Board_2.srcs\sources_1\new\prbs_axis_master_32.vhd:]
WARNING: [filemgmt 56-199] Attempt to get parsing info during refresh. "On-the-fly" syntax checking information may be incorrect. [C:\Users\qianzha\Desktop\DAT096-krishna\Embedded-System-Project-DAT096-krishna\Board_1\Board_1\Board_2.srcs\sources_1\new\delay_measure.vhd:]
WARNING: [filemgmt 56-199] Attempt to get parsing info during refresh. "On-the-fly" syntax checking information may be incorrect. [C:\Users\qianzha\Desktop\DAT096-krishna\Embedded-System-Project-DAT096-krishna\Board_1\Board_1\Board_2.srcs\sources_1\new\u_gen.vhd:]
WARNING: [filemgmt 56-199] Attempt to get parsing info during refresh. "On-the-fly" syntax checking information may be incorrect. [C:\Users\qianzha\Desktop\DAT096-krishna\Embedded-System-Project-DAT096-krishna\Board_1\Board_1\Board_2.srcs\sources_1\new\bit to dac converter.vhd:]
WARNING: [filemgmt 56-199] Attempt to get parsing info during refresh. "On-the-fly" syntax checking information may be incorrect. [C:\Users\qianzha\Desktop\DAT096-krishna\Embedded-System-Project-DAT096-krishna\Board_1\Board_1\Board_2.srcs\sources_1\new\pulse_gen.vhd:]
WARNING: [filemgmt 56-199] Attempt to get parsing info during refresh. "On-the-fly" syntax checking information may be incorrect. [C:\Users\qianzha\Desktop\DAT096-krishna\Embedded-System-Project-DAT096-krishna\Board_1\Board_1\Board_2.srcs\sources_1\new\prbs_axis_master_32.vhd:]
WARNING: [filemgmt 56-199] Attempt to get parsing info during refresh. "On-the-fly" syntax checking information may be incorrect. [C:\Users\qianzha\Desktop\DAT096-krishna\Embedded-System-Project-DAT096-krishna\Board_1\Board_1\Board_2.srcs\sources_1\new\prbs_axis_master_32.vhd:]
ERROR: [Common 17-180] Spawn failed: No error
WARNING: [filemgmt 56-199] Attempt to get parsing info during refresh. "On-the-fly" syntax checking information may be incorrect. [C:\Users\qianzha\Desktop\DAT096-krishna\Embedded-System-Project-DAT096-krishna\Board_1\Board_1\Board_2.srcs\sources_1\new\prbs_axis_master_32.vhd:]
WARNING: [filemgmt 56-199] Attempt to get parsing info during refresh. "On-the-fly" syntax checking information may be incorrect. [C:\Users\qianzha\Desktop\DAT096-krishna\Embedded-System-Project-DAT096-krishna\Board_1\Board_1\Board_2.srcs\sources_1\new\delay_measure.vhd:]
WARNING: [filemgmt 56-199] Attempt to get parsing info during refresh. "On-the-fly" syntax checking information may be incorrect. [C:\Users\qianzha\Desktop\DAT096-krishna\Embedded-System-Project-DAT096-krishna\Board_1\Board_1\Board_2.srcs\sources_1\new\u_gen.vhd:]
WARNING: [filemgmt 56-199] Attempt to get parsing info during refresh. "On-the-fly" syntax checking information may be incorrect. [C:\Users\qianzha\Desktop\DAT096-krishna\Embedded-System-Project-DAT096-krishna\Board_1\Board_1\Board_2.srcs\sources_1\new\bit to dac converter.vhd:]
ERROR: [Common 17-180] Spawn failed: No error
WARNING: [filemgmt 56-199] Attempt to get parsing info during refresh. "On-the-fly" syntax checking information may be incorrect. [C:\Users\qianzha\Desktop\DAT096-krishna\Embedded-System-Project-DAT096-krishna\Board_1\Board_1\Board_2.srcs\sources_1\new\pulse_gen.vhd:]
WARNING: [filemgmt 56-199] Attempt to get parsing info during refresh. "On-the-fly" syntax checking information may be incorrect. [C:\Users\qianzha\Desktop\DAT096-krishna\Embedded-System-Project-DAT096-krishna\Board_1\Board_1\Board_2.srcs\sources_1\new\delay_measure.vhd:]
WARNING: [filemgmt 56-199] Attempt to get parsing info during refresh. "On-the-fly" syntax checking information may be incorrect. [C:\Users\qianzha\Desktop\DAT096-krishna\Embedded-System-Project-DAT096-krishna\Board_1\Board_1\Board_2.srcs\sources_1\new\delay_measure.vhd:]
reset_run synth_1
INFO: [Project 1-1161] Replacing file C:/Users/qianzha/Desktop/DAT096-krishna/Embedded-System-Project-DAT096-krishna/Board_1/Board_1/Board_2.srcs/utils_1/imports/synth_1/design_2_wrapper.dcp with file C:/Users/qianzha/Desktop/DAT096-krishna/Embedded-System-Project-DAT096-krishna/Board_1/Board_1/Board_2.runs/synth_1/design_2_wrapper.dcp
WARNING: [Vivado 12-1017] Problems encountered:
1. Failed to delete one or more files in run directory C:/Users/qianzha/Desktop/DAT096-krishna/Embedded-System-Project-DAT096-krishna/Board_1/Board_1/Board_2.runs/synth_1

WARNING: [filemgmt 56-199] Attempt to get parsing info during refresh. "On-the-fly" syntax checking information may be incorrect. [C:\Users\qianzha\Desktop\DAT096-krishna\Embedded-System-Project-DAT096-krishna\Board_1\Board_1\Board_2.srcs\sources_1\new\prbs_axis_master_32.vhd:]
WARNING: [filemgmt 56-199] Attempt to get parsing info during refresh. "On-the-fly" syntax checking information may be incorrect. [C:\Users\qianzha\Desktop\DAT096-krishna\Embedded-System-Project-DAT096-krishna\Board_1\Board_1\Board_2.srcs\sources_1\new\delay_measure.vhd:]
WARNING: [filemgmt 56-199] Attempt to get parsing info during refresh. "On-the-fly" syntax checking information may be incorrect. [C:\Users\qianzha\Desktop\DAT096-krishna\Embedded-System-Project-DAT096-krishna\Board_1\Board_1\Board_2.srcs\sources_1\new\u_gen.vhd:]
WARNING: [filemgmt 56-199] Attempt to get parsing info during refresh. "On-the-fly" syntax checking information may be incorrect. [C:\Users\qianzha\Desktop\DAT096-krishna\Embedded-System-Project-DAT096-krishna\Board_1\Board_1\Board_2.srcs\sources_1\new\bit to dac converter.vhd:]
WARNING: [filemgmt 56-199] Attempt to get parsing info during refresh. "On-the-fly" syntax checking information may be incorrect. [C:\Users\qianzha\Desktop\DAT096-krishna\Embedded-System-Project-DAT096-krishna\Board_1\Board_1\Board_2.srcs\sources_1\new\pulse_gen.vhd:]
WARNING: [filemgmt 56-199] Attempt to get parsing info during refresh. "On-the-fly" syntax checking information may be incorrect. [C:\Users\qianzha\Desktop\DAT096-krishna\Embedded-System-Project-DAT096-krishna\Board_1\Board_1\Board_2.srcs\sources_1\new\delay_measure.vhd:]
WARNING: [filemgmt 56-199] Attempt to get parsing info during refresh. "On-the-fly" syntax checking information may be incorrect. [C:\Users\qianzha\Desktop\DAT096-krishna\Embedded-System-Project-DAT096-krishna\Board_1\Board_1\Board_2.srcs\sources_1\new\delay_measure.vhd:]
WARNING: [filemgmt 56-199] Attempt to get parsing info during refresh. "On-the-fly" syntax checking information may be incorrect. [C:\Users\qianzha\Desktop\DAT096-krishna\Embedded-System-Project-DAT096-krishna\Board_1\Board_1\Board_2.srcs\sources_1\new\prbs_axis_master_32.vhd:]
WARNING: [filemgmt 56-199] Attempt to get parsing info during refresh. "On-the-fly" syntax checking information may be incorrect. [C:\Users\qianzha\Desktop\DAT096-krishna\Embedded-System-Project-DAT096-krishna\Board_1\Board_1\Board_2.srcs\sources_1\new\delay_measure.vhd:]
WARNING: [filemgmt 56-199] Attempt to get parsing info during refresh. "On-the-fly" syntax checking information may be incorrect. [C:\Users\qianzha\Desktop\DAT096-krishna\Embedded-System-Project-DAT096-krishna\Board_1\Board_1\Board_2.srcs\sources_1\new\u_gen.vhd:]
WARNING: [filemgmt 56-199] Attempt to get parsing info during refresh. "On-the-fly" syntax checking information may be incorrect. [C:\Users\qianzha\Desktop\DAT096-krishna\Embedded-System-Project-DAT096-krishna\Board_1\Board_1\Board_2.srcs\sources_1\new\bit to dac converter.vhd:]
WARNING: [filemgmt 56-199] Attempt to get parsing info during refresh. "On-the-fly" syntax checking information may be incorrect. [C:\Users\qianzha\Desktop\DAT096-krishna\Embedded-System-Project-DAT096-krishna\Board_1\Board_1\Board_2.srcs\sources_1\new\pulse_gen.vhd:]
WARNING: [filemgmt 56-199] Attempt to get parsing info during refresh. "On-the-fly" syntax checking information may be incorrect. [C:\Users\qianzha\Desktop\DAT096-krishna\Embedded-System-Project-DAT096-krishna\Board_1\Board_1\Board_2.srcs\sources_1\new\u_gen.vhd:]
WARNING: [filemgmt 56-199] Attempt to get parsing info during refresh. "On-the-fly" syntax checking information may be incorrect. [C:\Users\qianzha\Desktop\DAT096-krishna\Embedded-System-Project-DAT096-krishna\Board_1\Board_1\Board_2.srcs\sources_1\new\u_gen.vhd:]
WARNING: [filemgmt 56-199] Attempt to get parsing info during refresh. "On-the-fly" syntax checking information may be incorrect. [C:\Users\qianzha\Desktop\DAT096-krishna\Embedded-System-Project-DAT096-krishna\Board_1\Board_1\Board_2.srcs\sources_1\new\prbs_axis_master_32.vhd:]
WARNING: [filemgmt 56-199] Attempt to get parsing info during refresh. "On-the-fly" syntax checking information may be incorrect. [C:\Users\qianzha\Desktop\DAT096-krishna\Embedded-System-Project-DAT096-krishna\Board_1\Board_1\Board_2.srcs\sources_1\new\delay_measure.vhd:]
WARNING: [filemgmt 56-199] Attempt to get parsing info during refresh. "On-the-fly" syntax checking information may be incorrect. [C:\Users\qianzha\Desktop\DAT096-krishna\Embedded-System-Project-DAT096-krishna\Board_1\Board_1\Board_2.srcs\sources_1\new\u_gen.vhd:]
WARNING: [filemgmt 56-199] Attempt to get parsing info during refresh. "On-the-fly" syntax checking information may be incorrect. [C:\Users\qianzha\Desktop\DAT096-krishna\Embedded-System-Project-DAT096-krishna\Board_1\Board_1\Board_2.srcs\sources_1\new\bit to dac converter.vhd:]
WARNING: [filemgmt 56-199] Attempt to get parsing info during refresh. "On-the-fly" syntax checking information may be incorrect. [C:\Users\qianzha\Desktop\DAT096-krishna\Embedded-System-Project-DAT096-krishna\Board_1\Board_1\Board_2.srcs\sources_1\new\pulse_gen.vhd:]
WARNING: [filemgmt 56-199] Attempt to get parsing info during refresh. "On-the-fly" syntax checking information may be incorrect. [C:\Users\qianzha\Desktop\DAT096-krishna\Embedded-System-Project-DAT096-krishna\Board_1\Board_1\Board_2.srcs\sources_1\new\prbs_axis_master_32.vhd:]
WARNING: [filemgmt 56-199] Attempt to get parsing info during refresh. "On-the-fly" syntax checking information may be incorrect. [C:\Users\qianzha\Desktop\DAT096-krishna\Embedded-System-Project-DAT096-krishna\Board_1\Board_1\Board_2.srcs\sources_1\new\prbs_axis_master_32.vhd:]
ERROR: [Common 17-180] Spawn failed: No error
WARNING: [filemgmt 56-199] Attempt to get parsing info during refresh. "On-the-fly" syntax checking information may be incorrect. [C:\Users\qianzha\Desktop\DAT096-krishna\Embedded-System-Project-DAT096-krishna\Board_1\Board_1\Board_2.srcs\sources_1\new\prbs_axis_master_32.vhd:]
WARNING: [filemgmt 56-199] Attempt to get parsing info during refresh. "On-the-fly" syntax checking information may be incorrect. [C:\Users\qianzha\Desktop\DAT096-krishna\Embedded-System-Project-DAT096-krishna\Board_1\Board_1\Board_2.srcs\sources_1\new\delay_measure.vhd:]
WARNING: [filemgmt 56-199] Attempt to get parsing info during refresh. "On-the-fly" syntax checking information may be incorrect. [C:\Users\qianzha\Desktop\DAT096-krishna\Embedded-System-Project-DAT096-krishna\Board_1\Board_1\Board_2.srcs\sources_1\new\u_gen.vhd:]
WARNING: [filemgmt 56-199] Attempt to get parsing info during refresh. "On-the-fly" syntax checking information may be incorrect. [C:\Users\qianzha\Desktop\DAT096-krishna\Embedded-System-Project-DAT096-krishna\Board_1\Board_1\Board_2.srcs\sources_1\new\bit to dac converter.vhd:]
WARNING: [filemgmt 56-199] Attempt to get parsing info during refresh. "On-the-fly" syntax checking information may be incorrect. [C:\Users\qianzha\Desktop\DAT096-krishna\Embedded-System-Project-DAT096-krishna\Board_1\Board_1\Board_2.srcs\sources_1\new\pulse_gen.vhd:]
WARNING: [filemgmt 56-199] Attempt to get parsing info during refresh. "On-the-fly" syntax checking information may be incorrect. [C:\Users\qianzha\Desktop\DAT096-krishna\Embedded-System-Project-DAT096-krishna\Board_1\Board_1\Board_2.srcs\sources_1\new\bit to dac converter.vhd:]
WARNING: [filemgmt 56-199] Attempt to get parsing info during refresh. "On-the-fly" syntax checking information may be incorrect. [C:\Users\qianzha\Desktop\DAT096-krishna\Embedded-System-Project-DAT096-krishna\Board_1\Board_1\Board_2.srcs\sources_1\new\bit to dac converter.vhd:]
ERROR: [Common 17-180] Spawn failed: No error
launch_runs synth_1 -jobs 28
[Thu Apr 30 13:51:48 2026] Launched synth_1...
Run output will be captured here: C:/Users/qianzha/Desktop/DAT096-krishna/Embedded-System-Project-DAT096-krishna/Board_1/Board_1/Board_2.runs/synth_1/runme.log
launch_runs impl_1 -jobs 28
[Thu Apr 30 13:52:41 2026] Launched impl_1...
Run output will be captured here: C:/Users/qianzha/Desktop/DAT096-krishna/Embedded-System-Project-DAT096-krishna/Board_1/Board_1/Board_2.runs/impl_1/runme.log
launch_runs impl_1 -to_step write_bitstream -jobs 28
[Thu Apr 30 13:54:09 2026] Launched impl_1...
Run output will be captured here: C:/Users/qianzha/Desktop/DAT096-krishna/Embedded-System-Project-DAT096-krishna/Board_1/Board_1/Board_2.runs/impl_1/runme.log
set_property PROBES.FILE {C:/Users/qianzha/Desktop/DAT096-krishna/Embedded-System-Project-DAT096-krishna/Board_1/Board_1/Board_2.runs/impl_1/design_2_wrapper.ltx} [get_hw_devices xc7z020_1]
set_property FULL_PROBES.FILE {C:/Users/qianzha/Desktop/DAT096-krishna/Embedded-System-Project-DAT096-krishna/Board_1/Board_1/Board_2.runs/impl_1/design_2_wrapper.ltx} [get_hw_devices xc7z020_1]
set_property PROGRAM.FILE {C:/Users/qianzha/Desktop/DAT096-krishna/Embedded-System-Project-DAT096-krishna/Board_1/Board_1/Board_2.runs/impl_1/design_2_wrapper.bit} [get_hw_devices xc7z020_1]
program_hw_devices [get_hw_devices xc7z020_1]
INFO: [Labtools 27-3164] End of startup status: HIGH
refresh_hw_device [lindex [get_hw_devices xc7z020_1] 0]
INFO: [Labtools 27-2302] Device xc7z020 (JTAG device index = 1) is programmed with a design that has 1 ILA core(s).
add_wave -into {hw_ila_data_1.wcfg} -radix hex { {design_2_i/delay_measure_0_delay_cycles} {design_2_i/pilot_tx_rx_0_match} {design_2_i/pilot_tx_rx_0_tx_start} }
run_hw_ila [get_hw_ilas -of_objects [get_hw_devices xc7z020_1] -filter {CELL_NAME=~"design_2_i/ila_0"}]
INFO: [Labtools 27-1964] The ILA core 'hw_ila_1' trigger was armed at 2026-Apr-30 13:55:20
wait_on_hw_ila [get_hw_ilas -of_objects [get_hw_devices xc7z020_1] -filter {CELL_NAME=~"design_2_i/ila_0"}]
display_hw_ila_data [upload_hw_ila_data [get_hw_ilas -of_objects [get_hw_devices xc7z020_1] -filter {CELL_NAME=~"design_2_i/ila_0"}]]
INFO: [Labtools 27-1966] The ILA core 'hw_ila_1' triggered at 2026-Apr-30 13:55:20
INFO: [Labtools 27-3304] ILA Waveform data saved to file C:/Users/qianzha/Desktop/DAT096-krishna/Embedded-System-Project-DAT096-krishna/Board_1/Board_1/Board_2.hw/backup/hw_ila_data_1.ila. Use Tcl command 'read_hw_ila_data' or Vivado File->Import->Import ILA Data menu item to import the previously saved data.
WARNING: [filemgmt 56-199] Attempt to get parsing info during refresh. "On-the-fly" syntax checking information may be incorrect. [C:\Users\qianzha\Desktop\DAT096-krishna\Embedded-System-Project-DAT096-krishna\Board_1\Board_1\Board_2.srcs\sources_1\new\delay_measure.vhd:]
WARNING: [filemgmt 56-199] Attempt to get parsing info during refresh. "On-the-fly" syntax checking information may be incorrect. [C:\Users\qianzha\Desktop\DAT096-krishna\Embedded-System-Project-DAT096-krishna\Board_1\Board_1\Board_2.srcs\sources_1\new\bit to dac converter.vhd:]
WARNING: [filemgmt 56-199] Attempt to get parsing info during refresh. "On-the-fly" syntax checking information may be incorrect. [C:\Users\qianzha\Desktop\DAT096-krishna\Embedded-System-Project-DAT096-krishna\Board_1\Board_1\Board_2.srcs\sources_1\new\pulse_gen.vhd:]
WARNING: [filemgmt 56-199] Attempt to get parsing info during refresh. "On-the-fly" syntax checking information may be incorrect. [C:\Users\qianzha\Desktop\DAT096-krishna\Embedded-System-Project-DAT096-krishna\Board_1\Board_1\Board_2.srcs\sources_1\new\delay_measure.vhd:]
WARNING: [filemgmt 56-199] Attempt to get parsing info during refresh. "On-the-fly" syntax checking information may be incorrect. [C:\Users\qianzha\Desktop\DAT096-krishna\Embedded-System-Project-DAT096-krishna\Board_1\Board_1\Board_2.srcs\sources_1\new\delay_measure.vhd:]
WARNING: [filemgmt 56-199] Attempt to get parsing info during refresh. "On-the-fly" syntax checking information may be incorrect. [C:\Users\qianzha\Desktop\DAT096-krishna\Embedded-System-Project-DAT096-krishna\Board_1\Board_1\Board_2.srcs\sources_1\new\delay_measure.vhd:]
WARNING: [filemgmt 56-199] Attempt to get parsing info during refresh. "On-the-fly" syntax checking information may be incorrect. [C:\Users\qianzha\Desktop\DAT096-krishna\Embedded-System-Project-DAT096-krishna\Board_1\Board_1\Board_2.srcs\sources_1\new\bit to dac converter.vhd:]
WARNING: [filemgmt 56-199] Attempt to get parsing info during refresh. "On-the-fly" syntax checking information may be incorrect. [C:\Users\qianzha\Desktop\DAT096-krishna\Embedded-System-Project-DAT096-krishna\Board_1\Board_1\Board_2.srcs\sources_1\new\pulse_gen.vhd:]
WARNING: [filemgmt 56-199] Attempt to get parsing info during refresh. "On-the-fly" syntax checking information may be incorrect. [C:\Users\qianzha\Desktop\DAT096-krishna\Embedded-System-Project-DAT096-krishna\Board_1\Board_1\Board_2.srcs\sources_1\new\pulse_gen.vhd:]
WARNING: [filemgmt 56-199] Attempt to get parsing info during refresh. "On-the-fly" syntax checking information may be incorrect. [C:\Users\qianzha\Desktop\DAT096-krishna\Embedded-System-Project-DAT096-krishna\Board_1\Board_1\Board_2.srcs\sources_1\new\pulse_gen.vhd:]
ERROR: [Common 17-180] Spawn failed: No error
report_ip_status -name ip_status 
update_module_reference [get_ips  design_2_pilot_tx_rx_0_0]
INFO: [IP_Flow 19-5107] Inferred bus interface 'rst' of definition 'xilinx.com:signal:reset:1.0' (from Xilinx Repository).
INFO: [IP_Flow 19-5107] Inferred bus interface 'clk' of definition 'xilinx.com:signal:clock:1.0' (from Xilinx Repository).
INFO: [IP_Flow 19-4728] Bus Interface 'clk': Added interface parameter 'ASSOCIATED_RESET' with value 'rst'.
WARNING: [IP_Flow 19-5661] Bus Interface 'clk' does not have any bus interfaces associated with it.
WARNING: [IP_Flow 19-11770] Clock interface 'clk' has no FREQ_HZ parameter.
INFO: [IP_Flow 19-5107] Inferred bus interface 'rst' of definition 'xilinx.com:signal:reset:1.0' (from Xilinx Repository).
INFO: [IP_Flow 19-5107] Inferred bus interface 'clk' of definition 'xilinx.com:signal:clock:1.0' (from Xilinx Repository).
INFO: [IP_Flow 19-4728] Bus Interface 'clk': Added interface parameter 'ASSOCIATED_RESET' with value 'rst'.
WARNING: [IP_Flow 19-5661] Bus Interface 'clk' does not have any bus interfaces associated with it.
WARNING: [IP_Flow 19-11770] Clock interface 'clk' has no FREQ_HZ parameter.
Upgrading 'C:/Users/qianzha/Desktop/DAT096-krishna/Embedded-System-Project-DAT096-krishna/Board_1/Board_1/Board_2.srcs/sources_1/bd/design_2/design_2.bd'
WARNING: [Vivado 12-1017] Problems encountered:
1. Failed to delete one or more files in run directory C:/Users/qianzha/Desktop/DAT096-krishna/Embedded-System-Project-DAT096-krishna/Board_1/Board_1/Board_2.runs/design_2_pilot_tx_rx_0_0_synth_1

INFO: [IP_Flow 19-3420] Updated design_2_pilot_tx_rx_0_0 to use current project options
Wrote  : <C:\Users\qianzha\Desktop\DAT096-krishna\Embedded-System-Project-DAT096-krishna\Board_1\Board_1\Board_2.srcs\sources_1\bd\design_2\design_2.bd> 
Wrote  : <C:/Users/qianzha/Desktop/DAT096-krishna/Embedded-System-Project-DAT096-krishna/Board_1/Board_1/Board_2.srcs/sources_1/bd/design_2/ui/bd_1fdbff51.ui> 
WARNING: [filemgmt 56-199] Attempt to get parsing info during refresh. "On-the-fly" syntax checking information may be incorrect. [C:\Users\qianzha\Desktop\DAT096-krishna\Embedded-System-Project-DAT096-krishna\Board_1\Board_1\Board_2.srcs\sources_1\new\delay_measure.vhd:]
WARNING: [filemgmt 56-199] Attempt to get parsing info during refresh. "On-the-fly" syntax checking information may be incorrect. [C:\Users\qianzha\Desktop\DAT096-krishna\Embedded-System-Project-DAT096-krishna\Board_1\Board_1\Board_2.srcs\sources_1\new\bit to dac converter.vhd:]
WARNING: [filemgmt 56-199] Attempt to get parsing info during refresh. "On-the-fly" syntax checking information may be incorrect. [C:\Users\qianzha\Desktop\DAT096-krishna\Embedded-System-Project-DAT096-krishna\Board_1\Board_1\Board_2.srcs\sources_1\new\pulse_gen.vhd:]
WARNING: [filemgmt 56-199] Attempt to get parsing info during refresh. "On-the-fly" syntax checking information may be incorrect. [C:\Users\qianzha\Desktop\DAT096-krishna\Embedded-System-Project-DAT096-krishna\Board_1\Board_1\Board_2.srcs\sources_1\new\pulse_gen.vhd:]
WARNING: [filemgmt 56-199] Attempt to get parsing info during refresh. "On-the-fly" syntax checking information may be incorrect. [C:\Users\qianzha\Desktop\DAT096-krishna\Embedded-System-Project-DAT096-krishna\Board_1\Board_1\Board_2.srcs\sources_1\new\pulse_gen.vhd:]
WARNING: [filemgmt 56-199] Attempt to get parsing info during refresh. "On-the-fly" syntax checking information may be incorrect. [C:\Users\qianzha\Desktop\DAT096-krishna\Embedded-System-Project-DAT096-krishna\Board_1\Board_1\Board_2.srcs\sources_1\new\delay_measure.vhd:]
WARNING: [filemgmt 56-199] Attempt to get parsing info during refresh. "On-the-fly" syntax checking information may be incorrect. [C:\Users\qianzha\Desktop\DAT096-krishna\Embedded-System-Project-DAT096-krishna\Board_1\Board_1\Board_2.srcs\sources_1\new\bit to dac converter.vhd:]
WARNING: [filemgmt 56-199] Attempt to get parsing info during refresh. "On-the-fly" syntax checking information may be incorrect. [C:\Users\qianzha\Desktop\DAT096-krishna\Embedded-System-Project-DAT096-krishna\Board_1\Board_1\Board_2.srcs\sources_1\new\pulse_gen.vhd:]
WARNING: [filemgmt 56-199] Attempt to get parsing info during refresh. "On-the-fly" syntax checking information may be incorrect. [C:\Users\qianzha\Desktop\DAT096-krishna\Embedded-System-Project-DAT096-krishna\Board_1\Board_1\Board_2.srcs\sources_1\new\delay_measure.vhd:]
WARNING: [filemgmt 56-199] Attempt to get parsing info during refresh. "On-the-fly" syntax checking information may be incorrect. [C:\Users\qianzha\Desktop\DAT096-krishna\Embedded-System-Project-DAT096-krishna\Board_1\Board_1\Board_2.srcs\sources_1\new\delay_measure.vhd:]
ERROR: [Common 17-180] Spawn failed: No error
generate_target all [get_files  C:/Users/qianzha/Desktop/DAT096-krishna/Embedded-System-Project-DAT096-krishna/Board_1/Board_1/Board_2.srcs/sources_1/bd/design_2/design_2.bd]
WARNING: [BD 41-2670] Found an incomplete address path from address space '/processing_system7_0/Data' to master interface '/processing_system7_0/M_AXI_GP0'. Please either complete or remove this path to resolve.
WARNING: [BD 5-699] No address segments matched 'get_bd_addr_segs -of_objects /processing_system7_0/Data'
WARNING: [IP_Flow 19-4684] Expected long value for param C_ILA_CLK_FREQ but, float/scientific notation value 5e+07 is provided. The value is converted to long type(50000000)
INFO: [xilinx.com:ip:clk_wiz:6.0-1] /clk_wiz_0 clk_wiz propagate
Wrote  : <C:\Users\qianzha\Desktop\DAT096-krishna\Embedded-System-Project-DAT096-krishna\Board_1\Board_1\Board_2.srcs\sources_1\bd\design_2\design_2.bd> 
VHDL Output written to : c:/Users/qianzha/Desktop/DAT096-krishna/Embedded-System-Project-DAT096-krishna/Board_1/Board_1/Board_2.gen/sources_1/bd/design_2/synth/design_2.vhd
VHDL Output written to : c:/Users/qianzha/Desktop/DAT096-krishna/Embedded-System-Project-DAT096-krishna/Board_1/Board_1/Board_2.gen/sources_1/bd/design_2/sim/design_2.vhd
VHDL Output written to : c:/Users/qianzha/Desktop/DAT096-krishna/Embedded-System-Project-DAT096-krishna/Board_1/Board_1/Board_2.gen/sources_1/bd/design_2/hdl/design_2_wrapper.vhd
INFO: [BD 41-1029] Generation completed for the IP Integrator block pilot_tx_rx_0 .
Exporting to file c:/Users/qianzha/Desktop/DAT096-krishna/Embedded-System-Project-DAT096-krishna/Board_1/Board_1/Board_2.gen/sources_1/bd/design_2/hw_handoff/design_2.hwh
Generated Hardware Definition File c:/Users/qianzha/Desktop/DAT096-krishna/Embedded-System-Project-DAT096-krishna/Board_1/Board_1/Board_2.gen/sources_1/bd/design_2/synth/design_2.hwdef
export_ip_user_files -of_objects [get_files C:/Users/qianzha/Desktop/DAT096-krishna/Embedded-System-Project-DAT096-krishna/Board_1/Board_1/Board_2.srcs/sources_1/bd/design_2/design_2.bd] -no_script -sync -force -quiet
create_ip_run [get_files -of_objects [get_fileset sources_1] C:/Users/qianzha/Desktop/DAT096-krishna/Embedded-System-Project-DAT096-krishna/Board_1/Board_1/Board_2.srcs/sources_1/bd/design_2/design_2.bd]
launch_runs design_2_pilot_tx_rx_0_0_synth_1 -jobs 28
[Thu Apr 30 14:07:43 2026] Launched design_2_pilot_tx_rx_0_0_synth_1...
Run output will be captured here: C:/Users/qianzha/Desktop/DAT096-krishna/Embedded-System-Project-DAT096-krishna/Board_1/Board_1/Board_2.runs/design_2_pilot_tx_rx_0_0_synth_1/runme.log
export_simulation -lib_map_path [list {modelsim=C:/Users/qianzha/Desktop/DAT096-krishna/Embedded-System-Project-DAT096-krishna/Board_1/Board_1/Board_2.cache/compile_simlib/modelsim} {questa=C:/Users/qianzha/Desktop/DAT096-krishna/Embedded-System-Project-DAT096-krishna/Board_1/Board_1/Board_2.cache/compile_simlib/questa} {riviera=C:/Users/qianzha/Desktop/DAT096-krishna/Embedded-System-Project-DAT096-krishna/Board_1/Board_1/Board_2.cache/compile_simlib/riviera} {activehdl=C:/Users/qianzha/Desktop/DAT096-krishna/Embedded-System-Project-DAT096-krishna/Board_1/Board_1/Board_2.cache/compile_simlib/activehdl}] -of_objects [get_files C:/Users/qianzha/Desktop/DAT096-krishna/Embedded-System-Project-DAT096-krishna/Board_1/Board_1/Board_2.srcs/sources_1/bd/design_2/design_2.bd] -directory C:/Users/qianzha/Desktop/DAT096-krishna/Embedded-System-Project-DAT096-krishna/Board_1/Board_1/Board_2.ip_user_files/sim_scripts -ip_user_files_dir C:/Users/qianzha/Desktop/DAT096-krishna/Embedded-System-Project-DAT096-krishna/Board_1/Board_1/Board_2.ip_user_files -ipstatic_source_dir C:/Users/qianzha/Desktop/DAT096-krishna/Embedded-System-Project-DAT096-krishna/Board_1/Board_1/Board_2.ip_user_files/ipstatic -use_ip_compiled_libs -force -quiet
WARNING: [filemgmt 56-199] Attempt to get parsing info during refresh. "On-the-fly" syntax checking information may be incorrect. [C:\Users\qianzha\Desktop\DAT096-krishna\Embedded-System-Project-DAT096-krishna\Board_1\Board_1\Board_2.srcs\sources_1\new\delay_measure.vhd:]
WARNING: [filemgmt 56-199] Attempt to get parsing info during refresh. "On-the-fly" syntax checking information may be incorrect. [C:\Users\qianzha\Desktop\DAT096-krishna\Embedded-System-Project-DAT096-krishna\Board_1\Board_1\Board_2.srcs\sources_1\new\bit to dac converter.vhd:]
WARNING: [filemgmt 56-199] Attempt to get parsing info during refresh. "On-the-fly" syntax checking information may be incorrect. [C:\Users\qianzha\Desktop\DAT096-krishna\Embedded-System-Project-DAT096-krishna\Board_1\Board_1\Board_2.srcs\sources_1\new\pulse_gen.vhd:]
WARNING: [filemgmt 56-199] Attempt to get parsing info during refresh. "On-the-fly" syntax checking information may be incorrect. [C:\Users\qianzha\Desktop\DAT096-krishna\Embedded-System-Project-DAT096-krishna\Board_1\Board_1\Board_2.srcs\sources_1\new\delay_measure.vhd:]
WARNING: [filemgmt 56-199] Attempt to get parsing info during refresh. "On-the-fly" syntax checking information may be incorrect. [C:\Users\qianzha\Desktop\DAT096-krishna\Embedded-System-Project-DAT096-krishna\Board_1\Board_1\Board_2.srcs\sources_1\new\delay_measure.vhd:]
report_ip_status -name ip_status 
WARNING: [filemgmt 56-199] Attempt to get parsing info during refresh. "On-the-fly" syntax checking information may be incorrect. [C:\Users\qianzha\Desktop\DAT096-krishna\Embedded-System-Project-DAT096-krishna\Board_1\Board_1\Board_2.srcs\sources_1\new\delay_measure.vhd:]
WARNING: [filemgmt 56-199] Attempt to get parsing info during refresh. "On-the-fly" syntax checking information may be incorrect. [C:\Users\qianzha\Desktop\DAT096-krishna\Embedded-System-Project-DAT096-krishna\Board_1\Board_1\Board_2.srcs\sources_1\new\bit to dac converter.vhd:]
WARNING: [filemgmt 56-199] Attempt to get parsing info during refresh. "On-the-fly" syntax checking information may be incorrect. [C:\Users\qianzha\Desktop\DAT096-krishna\Embedded-System-Project-DAT096-krishna\Board_1\Board_1\Board_2.srcs\sources_1\new\pulse_gen.vhd:]
WARNING: [filemgmt 56-199] Attempt to get parsing info during refresh. "On-the-fly" syntax checking information may be incorrect. [C:\Users\qianzha\Desktop\DAT096-krishna\Embedded-System-Project-DAT096-krishna\Board_1\Board_1\Board_2.srcs\sources_1\new\delay_measure.vhd:]
WARNING: [filemgmt 56-199] Attempt to get parsing info during refresh. "On-the-fly" syntax checking information may be incorrect. [C:\Users\qianzha\Desktop\DAT096-krishna\Embedded-System-Project-DAT096-krishna\Board_1\Board_1\Board_2.srcs\sources_1\new\delay_measure.vhd:]
WARNING: [filemgmt 56-199] Attempt to get parsing info during refresh. "On-the-fly" syntax checking information may be incorrect. [C:\Users\qianzha\Desktop\DAT096-krishna\Embedded-System-Project-DAT096-krishna\Board_1\Board_1\Board_2.srcs\sources_1\new\delay_measure.vhd:]
WARNING: [filemgmt 56-199] Attempt to get parsing info during refresh. "On-the-fly" syntax checking information may be incorrect. [C:\Users\qianzha\Desktop\DAT096-krishna\Embedded-System-Project-DAT096-krishna\Board_1\Board_1\Board_2.srcs\sources_1\new\bit to dac converter.vhd:]
WARNING: [filemgmt 56-199] Attempt to get parsing info during refresh. "On-the-fly" syntax checking information may be incorrect. [C:\Users\qianzha\Desktop\DAT096-krishna\Embedded-System-Project-DAT096-krishna\Board_1\Board_1\Board_2.srcs\sources_1\new\pulse_gen.vhd:]
WARNING: [filemgmt 56-199] Attempt to get parsing info during refresh. "On-the-fly" syntax checking information may be incorrect. [C:\Users\qianzha\Desktop\DAT096-krishna\Embedded-System-Project-DAT096-krishna\Board_1\Board_1\Board_2.srcs\sources_1\new\bit to dac converter.vhd:]
WARNING: [filemgmt 56-199] Attempt to get parsing info during refresh. "On-the-fly" syntax checking information may be incorrect. [C:\Users\qianzha\Desktop\DAT096-krishna\Embedded-System-Project-DAT096-krishna\Board_1\Board_1\Board_2.srcs\sources_1\new\bit to dac converter.vhd:]
ERROR: [Common 17-180] Spawn failed: No error
reset_run synth_1
INFO: [Project 1-1161] Replacing file C:/Users/qianzha/Desktop/DAT096-krishna/Embedded-System-Project-DAT096-krishna/Board_1/Board_1/Board_2.srcs/utils_1/imports/synth_1/design_2_wrapper.dcp with file C:/Users/qianzha/Desktop/DAT096-krishna/Embedded-System-Project-DAT096-krishna/Board_1/Board_1/Board_2.runs/synth_1/design_2_wrapper.dcp
WARNING: [Vivado 12-1017] Problems encountered:
1. Failed to delete one or more files in run directory C:/Users/qianzha/Desktop/DAT096-krishna/Embedded-System-Project-DAT096-krishna/Board_1/Board_1/Board_2.runs/synth_1

launch_runs synth_1 -jobs 28
[Thu Apr 30 14:08:24 2026] Launched synth_1...
Run output will be captured here: C:/Users/qianzha/Desktop/DAT096-krishna/Embedded-System-Project-DAT096-krishna/Board_1/Board_1/Board_2.runs/synth_1/runme.log
WARNING: [filemgmt 56-199] Attempt to get parsing info during refresh. "On-the-fly" syntax checking information may be incorrect. [C:\Users\qianzha\Desktop\DAT096-krishna\Embedded-System-Project-DAT096-krishna\Board_1\Board_1\Board_2.srcs\sources_1\new\delay_measure.vhd:]
WARNING: [filemgmt 56-199] Attempt to get parsing info during refresh. "On-the-fly" syntax checking information may be incorrect. [C:\Users\qianzha\Desktop\DAT096-krishna\Embedded-System-Project-DAT096-krishna\Board_1\Board_1\Board_2.srcs\sources_1\new\bit to dac converter.vhd:]
WARNING: [filemgmt 56-199] Attempt to get parsing info during refresh. "On-the-fly" syntax checking information may be incorrect. [C:\Users\qianzha\Desktop\DAT096-krishna\Embedded-System-Project-DAT096-krishna\Board_1\Board_1\Board_2.srcs\sources_1\new\pulse_gen.vhd:]
WARNING: [filemgmt 56-199] Attempt to get parsing info during refresh. "On-the-fly" syntax checking information may be incorrect. [C:\Users\qianzha\Desktop\DAT096-krishna\Embedded-System-Project-DAT096-krishna\Board_1\Board_1\Board_2.srcs\sources_1\new\bit to dac converter.vhd:]
WARNING: [filemgmt 56-199] Attempt to get parsing info during refresh. "On-the-fly" syntax checking information may be incorrect. [C:\Users\qianzha\Desktop\DAT096-krishna\Embedded-System-Project-DAT096-krishna\Board_1\Board_1\Board_2.srcs\sources_1\new\bit to dac converter.vhd:]
launch_runs impl_1 -jobs 28
[Thu Apr 30 14:09:43 2026] Launched impl_1...
Run output will be captured here: C:/Users/qianzha/Desktop/DAT096-krishna/Embedded-System-Project-DAT096-krishna/Board_1/Board_1/Board_2.runs/impl_1/runme.log
launch_runs impl_1 -to_step write_bitstream -jobs 28
[Thu Apr 30 14:11:14 2026] Launched impl_1...
Run output will be captured here: C:/Users/qianzha/Desktop/DAT096-krishna/Embedded-System-Project-DAT096-krishna/Board_1/Board_1/Board_2.runs/impl_1/runme.log
set_property PROBES.FILE {C:/Users/qianzha/Desktop/DAT096-krishna/Embedded-System-Project-DAT096-krishna/Board_1/Board_1/Board_2.runs/impl_1/design_2_wrapper.ltx} [get_hw_devices xc7z020_1]
set_property FULL_PROBES.FILE {C:/Users/qianzha/Desktop/DAT096-krishna/Embedded-System-Project-DAT096-krishna/Board_1/Board_1/Board_2.runs/impl_1/design_2_wrapper.ltx} [get_hw_devices xc7z020_1]
set_property PROGRAM.FILE {C:/Users/qianzha/Desktop/DAT096-krishna/Embedded-System-Project-DAT096-krishna/Board_1/Board_1/Board_2.runs/impl_1/design_2_wrapper.bit} [get_hw_devices xc7z020_1]
program_hw_devices [get_hw_devices xc7z020_1]
INFO: [Labtools 27-3164] End of startup status: HIGH
refresh_hw_device [lindex [get_hw_devices xc7z020_1] 0]
INFO: [Labtools 27-2302] Device xc7z020 (JTAG device index = 1) is programmed with a design that has 1 ILA core(s).
run_hw_ila [get_hw_ilas -of_objects [get_hw_devices xc7z020_1] -filter {CELL_NAME=~"design_2_i/ila_0"}]
INFO: [Labtools 27-1964] The ILA core 'hw_ila_1' trigger was armed at 2026-Apr-30 14:12:00
wait_on_hw_ila [get_hw_ilas -of_objects [get_hw_devices xc7z020_1] -filter {CELL_NAME=~"design_2_i/ila_0"}]
display_hw_ila_data [upload_hw_ila_data [get_hw_ilas -of_objects [get_hw_devices xc7z020_1] -filter {CELL_NAME=~"design_2_i/ila_0"}]]
INFO: [Labtools 27-1966] The ILA core 'hw_ila_1' triggered at 2026-Apr-30 14:12:00
INFO: [Labtools 27-3304] ILA Waveform data saved to file C:/Users/qianzha/Desktop/DAT096-krishna/Embedded-System-Project-DAT096-krishna/Board_1/Board_1/Board_2.hw/backup/hw_ila_data_1.ila. Use Tcl command 'read_hw_ila_data' or Vivado File->Import->Import ILA Data menu item to import the previously saved data.
open_bd_design {C:/Users/qianzha/Desktop/DAT096-krishna/Embedded-System-Project-DAT096-krishna/Board_1/Board_1/Board_2.srcs/sources_1/bd/design_2/design_2.bd}
WARNING: [filemgmt 56-199] Attempt to get parsing info during refresh. "On-the-fly" syntax checking information may be incorrect. [C:\Users\qianzha\Desktop\DAT096-krishna\Embedded-System-Project-DAT096-krishna\Board_1\Board_1\Board_2.srcs\sources_1\new\delay_measure.vhd:]
WARNING: [filemgmt 56-199] Attempt to get parsing info during refresh. "On-the-fly" syntax checking information may be incorrect. [C:\Users\qianzha\Desktop\DAT096-krishna\Embedded-System-Project-DAT096-krishna\Board_1\Board_1\Board_2.srcs\sources_1\new\adc_bit_decoder.vhd:]
WARNING: [filemgmt 56-199] Attempt to get parsing info during refresh. "On-the-fly" syntax checking information may be incorrect. [C:\Users\qianzha\Desktop\DAT096-krishna\Embedded-System-Project-DAT096-krishna\Board_1\Board_1\Board_2.srcs\sources_1\new\bit to dac converter.vhd:]
WARNING: [filemgmt 56-199] Attempt to get parsing info during refresh. "On-the-fly" syntax checking information may be incorrect. [C:\Users\qianzha\Desktop\DAT096-krishna\Embedded-System-Project-DAT096-krishna\Board_1\Board_1\Board_2.srcs\sources_1\new\pulse_gen.vhd:]
WARNING: [filemgmt 56-199] Attempt to get parsing info during refresh. "On-the-fly" syntax checking information may be incorrect. [C:\Users\qianzha\Desktop\DAT096-krishna\Embedded-System-Project-DAT096-krishna\Board_1\Board_1\Board_2.srcs\sources_1\new\delay_measure.vhd:]
WARNING: [filemgmt 56-199] Attempt to get parsing info during refresh. "On-the-fly" syntax checking information may be incorrect. [C:\Users\qianzha\Desktop\DAT096-krishna\Embedded-System-Project-DAT096-krishna\Board_1\Board_1\Board_2.srcs\sources_1\new\delay_measure.vhd:]
WARNING: [filemgmt 56-199] Attempt to get parsing info during refresh. "On-the-fly" syntax checking information may be incorrect. [C:\Users\qianzha\Desktop\DAT096-krishna\Embedded-System-Project-DAT096-krishna\Board_1\Board_1\Board_2.srcs\sources_1\new\delay_measure.vhd:]
WARNING: [filemgmt 56-199] Attempt to get parsing info during refresh. "On-the-fly" syntax checking information may be incorrect. [C:\Users\qianzha\Desktop\DAT096-krishna\Embedded-System-Project-DAT096-krishna\Board_1\Board_1\Board_2.srcs\sources_1\new\adc_bit_decoder.vhd:]
WARNING: [filemgmt 56-199] Attempt to get parsing info during refresh. "On-the-fly" syntax checking information may be incorrect. [C:\Users\qianzha\Desktop\DAT096-krishna\Embedded-System-Project-DAT096-krishna\Board_1\Board_1\Board_2.srcs\sources_1\new\bit to dac converter.vhd:]
WARNING: [filemgmt 56-199] Attempt to get parsing info during refresh. "On-the-fly" syntax checking information may be incorrect. [C:\Users\qianzha\Desktop\DAT096-krishna\Embedded-System-Project-DAT096-krishna\Board_1\Board_1\Board_2.srcs\sources_1\new\pulse_gen.vhd:]
WARNING: [filemgmt 56-199] Attempt to get parsing info during refresh. "On-the-fly" syntax checking information may be incorrect. [C:\Users\qianzha\Desktop\DAT096-krishna\Embedded-System-Project-DAT096-krishna\Board_1\Board_1\Board_2.srcs\sources_1\new\adc_bit_decoder.vhd:]
WARNING: [filemgmt 56-199] Attempt to get parsing info during refresh. "On-the-fly" syntax checking information may be incorrect. [C:\Users\qianzha\Desktop\DAT096-krishna\Embedded-System-Project-DAT096-krishna\Board_1\Board_1\Board_2.srcs\sources_1\new\adc_bit_decoder.vhd:]
ERROR: [Common 17-180] Spawn failed: No error
ERROR: [Common 17-180] Spawn failed: No error
WARNING: [filemgmt 56-199] Attempt to get parsing info during refresh. "On-the-fly" syntax checking information may be incorrect. [C:\Users\qianzha\Desktop\DAT096-krishna\Embedded-System-Project-DAT096-krishna\Board_1\Board_1\Board_2.srcs\sources_1\new\delay_measure.vhd:]
WARNING: [filemgmt 56-199] Attempt to get parsing info during refresh. "On-the-fly" syntax checking information may be incorrect. [C:\Users\qianzha\Desktop\DAT096-krishna\Embedded-System-Project-DAT096-krishna\Board_1\Board_1\Board_2.srcs\sources_1\new\adc_bit_decoder.vhd:]
WARNING: [filemgmt 56-199] Attempt to get parsing info during refresh. "On-the-fly" syntax checking information may be incorrect. [C:\Users\qianzha\Desktop\DAT096-krishna\Embedded-System-Project-DAT096-krishna\Board_1\Board_1\Board_2.srcs\sources_1\new\bit to dac converter.vhd:]
WARNING: [filemgmt 56-199] Attempt to get parsing info during refresh. "On-the-fly" syntax checking information may be incorrect. [C:\Users\qianzha\Desktop\DAT096-krishna\Embedded-System-Project-DAT096-krishna\Board_1\Board_1\Board_2.srcs\sources_1\new\pulse_gen.vhd:]
WARNING: [filemgmt 56-199] Attempt to get parsing info during refresh. "On-the-fly" syntax checking information may be incorrect. [C:\Users\qianzha\Desktop\DAT096-krishna\Embedded-System-Project-DAT096-krishna\Board_1\Board_1\Board_2.srcs\sources_1\new\bit to dac converter.vhd:]
WARNING: [filemgmt 56-199] Attempt to get parsing info during refresh. "On-the-fly" syntax checking information may be incorrect. [C:\Users\qianzha\Desktop\DAT096-krishna\Embedded-System-Project-DAT096-krishna\Board_1\Board_1\Board_2.srcs\sources_1\new\bit to dac converter.vhd:]
WARNING: [filemgmt 56-199] Attempt to get parsing info during refresh. "On-the-fly" syntax checking information may be incorrect. [C:\Users\qianzha\Desktop\DAT096-krishna\Embedded-System-Project-DAT096-krishna\Board_1\Board_1\Board_2.srcs\sources_1\new\delay_measure.vhd:]
WARNING: [filemgmt 56-199] Attempt to get parsing info during refresh. "On-the-fly" syntax checking information may be incorrect. [C:\Users\qianzha\Desktop\DAT096-krishna\Embedded-System-Project-DAT096-krishna\Board_1\Board_1\Board_2.srcs\sources_1\new\adc_bit_decoder.vhd:]
WARNING: [filemgmt 56-199] Attempt to get parsing info during refresh. "On-the-fly" syntax checking information may be incorrect. [C:\Users\qianzha\Desktop\DAT096-krishna\Embedded-System-Project-DAT096-krishna\Board_1\Board_1\Board_2.srcs\sources_1\new\bit to dac converter.vhd:]
WARNING: [filemgmt 56-199] Attempt to get parsing info during refresh. "On-the-fly" syntax checking information may be incorrect. [C:\Users\qianzha\Desktop\DAT096-krishna\Embedded-System-Project-DAT096-krishna\Board_1\Board_1\Board_2.srcs\sources_1\new\pulse_gen.vhd:]
WARNING: [filemgmt 56-199] Attempt to get parsing info during refresh. "On-the-fly" syntax checking information may be incorrect. [C:\Users\qianzha\Desktop\DAT096-krishna\Embedded-System-Project-DAT096-krishna\Board_1\Board_1\Board_2.srcs\sources_1\new\delay_measure.vhd:]
WARNING: [filemgmt 56-199] Attempt to get parsing info during refresh. "On-the-fly" syntax checking information may be incorrect. [C:\Users\qianzha\Desktop\DAT096-krishna\Embedded-System-Project-DAT096-krishna\Board_1\Board_1\Board_2.srcs\sources_1\new\delay_measure.vhd:]
WARNING: [filemgmt 56-199] Attempt to get parsing info during refresh. "On-the-fly" syntax checking information may be incorrect. [C:\Users\qianzha\Desktop\DAT096-krishna\Embedded-System-Project-DAT096-krishna\Board_1\Board_1\Board_2.srcs\sources_1\new\delay_measure.vhd:]
WARNING: [filemgmt 56-199] Attempt to get parsing info during refresh. "On-the-fly" syntax checking information may be incorrect. [C:\Users\qianzha\Desktop\DAT096-krishna\Embedded-System-Project-DAT096-krishna\Board_1\Board_1\Board_2.srcs\sources_1\new\adc_bit_decoder.vhd:]
WARNING: [filemgmt 56-199] Attempt to get parsing info during refresh. "On-the-fly" syntax checking information may be incorrect. [C:\Users\qianzha\Desktop\DAT096-krishna\Embedded-System-Project-DAT096-krishna\Board_1\Board_1\Board_2.srcs\sources_1\new\bit to dac converter.vhd:]
WARNING: [filemgmt 56-199] Attempt to get parsing info during refresh. "On-the-fly" syntax checking information may be incorrect. [C:\Users\qianzha\Desktop\DAT096-krishna\Embedded-System-Project-DAT096-krishna\Board_1\Board_1\Board_2.srcs\sources_1\new\pulse_gen.vhd:]
WARNING: [filemgmt 56-199] Attempt to get parsing info during refresh. "On-the-fly" syntax checking information may be incorrect. [C:\Users\qianzha\Desktop\DAT096-krishna\Embedded-System-Project-DAT096-krishna\Board_1\Board_1\Board_2.srcs\sources_1\new\adc_bit_decoder.vhd:]
WARNING: [filemgmt 56-199] Attempt to get parsing info during refresh. "On-the-fly" syntax checking information may be incorrect. [C:\Users\qianzha\Desktop\DAT096-krishna\Embedded-System-Project-DAT096-krishna\Board_1\Board_1\Board_2.srcs\sources_1\new\adc_bit_decoder.vhd:]
ERROR: [Common 17-180] Spawn failed: No error
ERROR: [Common 17-180] Spawn failed: No error
WARNING: [filemgmt 56-199] Attempt to get parsing info during refresh. "On-the-fly" syntax checking information may be incorrect. [C:\Users\qianzha\Desktop\DAT096-krishna\Embedded-System-Project-DAT096-krishna\Board_1\Board_1\Board_2.srcs\sources_1\new\delay_measure.vhd:]
WARNING: [filemgmt 56-199] Attempt to get parsing info during refresh. "On-the-fly" syntax checking information may be incorrect. [C:\Users\qianzha\Desktop\DAT096-krishna\Embedded-System-Project-DAT096-krishna\Board_1\Board_1\Board_2.srcs\sources_1\new\delay_measure.vhd:]
WARNING: [filemgmt 56-199] Attempt to get parsing info during refresh. "On-the-fly" syntax checking information may be incorrect. [C:\Users\qianzha\Desktop\DAT096-krishna\Embedded-System-Project-DAT096-krishna\Board_1\Board_1\Board_2.srcs\sources_1\new\adc_bit_decoder.vhd:]
WARNING: [filemgmt 56-199] Attempt to get parsing info during refresh. "On-the-fly" syntax checking information may be incorrect. [C:\Users\qianzha\Desktop\DAT096-krishna\Embedded-System-Project-DAT096-krishna\Board_1\Board_1\Board_2.srcs\sources_1\new\bit to dac converter.vhd:]
WARNING: [filemgmt 56-199] Attempt to get parsing info during refresh. "On-the-fly" syntax checking information may be incorrect. [C:\Users\qianzha\Desktop\DAT096-krishna\Embedded-System-Project-DAT096-krishna\Board_1\Board_1\Board_2.srcs\sources_1\new\pulse_gen.vhd:]
WARNING: [filemgmt 56-199] Attempt to get parsing info during refresh. "On-the-fly" syntax checking information may be incorrect. [C:\Users\qianzha\Desktop\DAT096-krishna\Embedded-System-Project-DAT096-krishna\Board_1\Board_1\Board_2.srcs\sources_1\new\delay_measure.vhd:]
WARNING: [filemgmt 56-199] Attempt to get parsing info during refresh. "On-the-fly" syntax checking information may be incorrect. [C:\Users\qianzha\Desktop\DAT096-krishna\Embedded-System-Project-DAT096-krishna\Board_1\Board_1\Board_2.srcs\sources_1\new\delay_measure.vhd:]
WARNING: [filemgmt 56-199] Attempt to get parsing info during refresh. "On-the-fly" syntax checking information may be incorrect. [C:\Users\qianzha\Desktop\DAT096-krishna\Embedded-System-Project-DAT096-krishna\Board_1\Board_1\Board_2.srcs\sources_1\new\delay_measure.vhd:]
WARNING: [filemgmt 56-199] Attempt to get parsing info during refresh. "On-the-fly" syntax checking information may be incorrect. [C:\Users\qianzha\Desktop\DAT096-krishna\Embedded-System-Project-DAT096-krishna\Board_1\Board_1\Board_2.srcs\sources_1\new\adc_bit_decoder.vhd:]
WARNING: [filemgmt 56-199] Attempt to get parsing info during refresh. "On-the-fly" syntax checking information may be incorrect. [C:\Users\qianzha\Desktop\DAT096-krishna\Embedded-System-Project-DAT096-krishna\Board_1\Board_1\Board_2.srcs\sources_1\new\bit to dac converter.vhd:]
WARNING: [filemgmt 56-199] Attempt to get parsing info during refresh. "On-the-fly" syntax checking information may be incorrect. [C:\Users\qianzha\Desktop\DAT096-krishna\Embedded-System-Project-DAT096-krishna\Board_1\Board_1\Board_2.srcs\sources_1\new\pulse_gen.vhd:]
WARNING: [filemgmt 56-199] Attempt to get parsing info during refresh. "On-the-fly" syntax checking information may be incorrect. [C:\Users\qianzha\Desktop\DAT096-krishna\Embedded-System-Project-DAT096-krishna\Board_1\Board_1\Board_2.srcs\sources_1\new\adc_bit_decoder.vhd:]
WARNING: [filemgmt 56-199] Attempt to get parsing info during refresh. "On-the-fly" syntax checking information may be incorrect. [C:\Users\qianzha\Desktop\DAT096-krishna\Embedded-System-Project-DAT096-krishna\Board_1\Board_1\Board_2.srcs\sources_1\new\adc_bit_decoder.vhd:]
ERROR: [Common 17-180] Spawn failed: No error
ERROR: [Common 17-180] Spawn failed: No error
WARNING: [filemgmt 56-199] Attempt to get parsing info during refresh. "On-the-fly" syntax checking information may be incorrect. [C:\Users\qianzha\Desktop\DAT096-krishna\Embedded-System-Project-DAT096-krishna\Board_1\Board_1\Board_2.srcs\sources_1\new\delay_measure.vhd:]
WARNING: [filemgmt 56-199] Attempt to get parsing info during refresh. "On-the-fly" syntax checking information may be incorrect. [C:\Users\qianzha\Desktop\DAT096-krishna\Embedded-System-Project-DAT096-krishna\Board_1\Board_1\Board_2.srcs\sources_1\new\adc_bit_decoder.vhd:]
WARNING: [filemgmt 56-199] Attempt to get parsing info during refresh. "On-the-fly" syntax checking information may be incorrect. [C:\Users\qianzha\Desktop\DAT096-krishna\Embedded-System-Project-DAT096-krishna\Board_1\Board_1\Board_2.srcs\sources_1\new\bit to dac converter.vhd:]
WARNING: [filemgmt 56-199] Attempt to get parsing info during refresh. "On-the-fly" syntax checking information may be incorrect. [C:\Users\qianzha\Desktop\DAT096-krishna\Embedded-System-Project-DAT096-krishna\Board_1\Board_1\Board_2.srcs\sources_1\new\pulse_gen.vhd:]
report_ip_status -name ip_status 
update_module_reference [get_ips  {design_2_bit_to_dac14_axi_0_2 design_2_adc_bit_decoder_0_0}]
INFO: [IP_Flow 19-5107] Inferred bus interface 'clk' of definition 'xilinx.com:signal:clock:1.0' (from Xilinx Repository).
WARNING: [IP_Flow 19-5661] Bus Interface 'clk' does not have any bus interfaces associated with it.
WARNING: [IP_Flow 19-11770] Clock interface 'clk' has no FREQ_HZ parameter.
INFO: [IP_Flow 19-5107] Inferred bus interface 'm_axis' of definition 'xilinx.com:interface:axis:1.0' (from Xilinx Repository).
INFO: [IP_Flow 19-5107] Inferred bus interface 'rst' of definition 'xilinx.com:signal:reset:1.0' (from Xilinx Repository).
INFO: [IP_Flow 19-5107] Inferred bus interface 'clk' of definition 'xilinx.com:signal:clock:1.0' (from Xilinx Repository).
INFO: [IP_Flow 19-4728] Bus Interface 'clk': Added interface parameter 'ASSOCIATED_BUSIF' with value 'm_axis'.
INFO: [IP_Flow 19-4728] Bus Interface 'clk': Added interface parameter 'ASSOCIATED_RESET' with value 'rst'.
WARNING: [IP_Flow 19-11770] Clock interface 'clk' has no FREQ_HZ parameter.
INFO: [IP_Flow 19-5107] Inferred bus interface 'clk' of definition 'xilinx.com:signal:clock:1.0' (from Xilinx Repository).
WARNING: [IP_Flow 19-5661] Bus Interface 'clk' does not have any bus interfaces associated with it.
WARNING: [IP_Flow 19-11770] Clock interface 'clk' has no FREQ_HZ parameter.
INFO: [IP_Flow 19-5107] Inferred bus interface 'm_axis' of definition 'xilinx.com:interface:axis:1.0' (from Xilinx Repository).
INFO: [IP_Flow 19-5107] Inferred bus interface 'rst' of definition 'xilinx.com:signal:reset:1.0' (from Xilinx Repository).
INFO: [IP_Flow 19-5107] Inferred bus interface 'clk' of definition 'xilinx.com:signal:clock:1.0' (from Xilinx Repository).
INFO: [IP_Flow 19-4728] Bus Interface 'clk': Added interface parameter 'ASSOCIATED_BUSIF' with value 'm_axis'.
INFO: [IP_Flow 19-4728] Bus Interface 'clk': Added interface parameter 'ASSOCIATED_RESET' with value 'rst'.
WARNING: [IP_Flow 19-11770] Clock interface 'clk' has no FREQ_HZ parameter.
Upgrading 'C:/Users/qianzha/Desktop/DAT096-krishna/Embedded-System-Project-DAT096-krishna/Board_1/Board_1/Board_2.srcs/sources_1/bd/design_2/design_2.bd'
WARNING: [Vivado 12-1017] Problems encountered:
1. Failed to delete one or more files in run directory C:/Users/qianzha/Desktop/DAT096-krishna/Embedded-System-Project-DAT096-krishna/Board_1/Board_1/Board_2.runs/design_2_adc_bit_decoder_0_0_synth_1

WARNING: [Vivado 12-1017] Problems encountered:
1. Failed to delete one or more files in run directory C:/Users/qianzha/Desktop/DAT096-krishna/Embedded-System-Project-DAT096-krishna/Board_1/Board_1/Board_2.runs/design_2_bit_to_dac14_axi_0_2_synth_1

INFO: [IP_Flow 19-3420] Updated design_2_adc_bit_decoder_0_0 to use current project options
INFO: [IP_Flow 19-3420] Updated design_2_bit_to_dac14_axi_0_2 to use current project options
Wrote  : <C:\Users\qianzha\Desktop\DAT096-krishna\Embedded-System-Project-DAT096-krishna\Board_1\Board_1\Board_2.srcs\sources_1\bd\design_2\design_2.bd> 
Wrote  : <C:/Users/qianzha/Desktop/DAT096-krishna/Embedded-System-Project-DAT096-krishna/Board_1/Board_1/Board_2.srcs/sources_1/bd/design_2/ui/bd_1fdbff51.ui> 
WARNING: [filemgmt 56-199] Attempt to get parsing info during refresh. "On-the-fly" syntax checking information may be incorrect. [C:\Users\qianzha\Desktop\DAT096-krishna\Embedded-System-Project-DAT096-krishna\Board_1\Board_1\Board_2.srcs\sources_1\new\delay_measure.vhd:]
WARNING: [filemgmt 56-199] Attempt to get parsing info during refresh. "On-the-fly" syntax checking information may be incorrect. [C:\Users\qianzha\Desktop\DAT096-krishna\Embedded-System-Project-DAT096-krishna\Board_1\Board_1\Board_2.srcs\sources_1\new\adc_bit_decoder.vhd:]
WARNING: [filemgmt 56-199] Attempt to get parsing info during refresh. "On-the-fly" syntax checking information may be incorrect. [C:\Users\qianzha\Desktop\DAT096-krishna\Embedded-System-Project-DAT096-krishna\Board_1\Board_1\Board_2.srcs\sources_1\new\bit to dac converter.vhd:]
WARNING: [filemgmt 56-199] Attempt to get parsing info during refresh. "On-the-fly" syntax checking information may be incorrect. [C:\Users\qianzha\Desktop\DAT096-krishna\Embedded-System-Project-DAT096-krishna\Board_1\Board_1\Board_2.srcs\sources_1\new\pulse_gen.vhd:]
WARNING: [filemgmt 56-199] Attempt to get parsing info during refresh. "On-the-fly" syntax checking information may be incorrect. [C:\Users\qianzha\Desktop\DAT096-krishna\Embedded-System-Project-DAT096-krishna\Board_1\Board_1\Board_2.srcs\sources_1\new\delay_measure.vhd:]
WARNING: [filemgmt 56-199] Attempt to get parsing info during refresh. "On-the-fly" syntax checking information may be incorrect. [C:\Users\qianzha\Desktop\DAT096-krishna\Embedded-System-Project-DAT096-krishna\Board_1\Board_1\Board_2.srcs\sources_1\new\delay_measure.vhd:]
WARNING: [filemgmt 56-199] Attempt to get parsing info during refresh. "On-the-fly" syntax checking information may be incorrect. [C:\Users\qianzha\Desktop\DAT096-krishna\Embedded-System-Project-DAT096-krishna\Board_1\Board_1\Board_2.srcs\sources_1\new\delay_measure.vhd:]
WARNING: [filemgmt 56-199] Attempt to get parsing info during refresh. "On-the-fly" syntax checking information may be incorrect. [C:\Users\qianzha\Desktop\DAT096-krishna\Embedded-System-Project-DAT096-krishna\Board_1\Board_1\Board_2.srcs\sources_1\new\adc_bit_decoder.vhd:]
WARNING: [filemgmt 56-199] Attempt to get parsing info during refresh. "On-the-fly" syntax checking information may be incorrect. [C:\Users\qianzha\Desktop\DAT096-krishna\Embedded-System-Project-DAT096-krishna\Board_1\Board_1\Board_2.srcs\sources_1\new\bit to dac converter.vhd:]
WARNING: [filemgmt 56-199] Attempt to get parsing info during refresh. "On-the-fly" syntax checking information may be incorrect. [C:\Users\qianzha\Desktop\DAT096-krishna\Embedded-System-Project-DAT096-krishna\Board_1\Board_1\Board_2.srcs\sources_1\new\pulse_gen.vhd:]
WARNING: [filemgmt 56-199] Attempt to get parsing info during refresh. "On-the-fly" syntax checking information may be incorrect. [C:\Users\qianzha\Desktop\DAT096-krishna\Embedded-System-Project-DAT096-krishna\Board_1\Board_1\Board_2.srcs\sources_1\new\bit to dac converter.vhd:]
WARNING: [filemgmt 56-199] Attempt to get parsing info during refresh. "On-the-fly" syntax checking information may be incorrect. [C:\Users\qianzha\Desktop\DAT096-krishna\Embedded-System-Project-DAT096-krishna\Board_1\Board_1\Board_2.srcs\sources_1\new\bit to dac converter.vhd:]
WARNING: [filemgmt 56-199] Attempt to get parsing info during refresh. "On-the-fly" syntax checking information may be incorrect. [C:\Users\qianzha\Desktop\DAT096-krishna\Embedded-System-Project-DAT096-krishna\Board_1\Board_1\Board_2.srcs\sources_1\new\delay_measure.vhd:]
WARNING: [filemgmt 56-199] Attempt to get parsing info during refresh. "On-the-fly" syntax checking information may be incorrect. [C:\Users\qianzha\Desktop\DAT096-krishna\Embedded-System-Project-DAT096-krishna\Board_1\Board_1\Board_2.srcs\sources_1\new\adc_bit_decoder.vhd:]
WARNING: [filemgmt 56-199] Attempt to get parsing info during refresh. "On-the-fly" syntax checking information may be incorrect. [C:\Users\qianzha\Desktop\DAT096-krishna\Embedded-System-Project-DAT096-krishna\Board_1\Board_1\Board_2.srcs\sources_1\new\bit to dac converter.vhd:]
WARNING: [filemgmt 56-199] Attempt to get parsing info during refresh. "On-the-fly" syntax checking information may be incorrect. [C:\Users\qianzha\Desktop\DAT096-krishna\Embedded-System-Project-DAT096-krishna\Board_1\Board_1\Board_2.srcs\sources_1\new\pulse_gen.vhd:]
WARNING: [filemgmt 56-199] Attempt to get parsing info during refresh. "On-the-fly" syntax checking information may be incorrect. [C:\Users\qianzha\Desktop\DAT096-krishna\Embedded-System-Project-DAT096-krishna\Board_1\Board_1\Board_2.srcs\sources_1\new\adc_bit_decoder.vhd:]
WARNING: [filemgmt 56-199] Attempt to get parsing info during refresh. "On-the-fly" syntax checking information may be incorrect. [C:\Users\qianzha\Desktop\DAT096-krishna\Embedded-System-Project-DAT096-krishna\Board_1\Board_1\Board_2.srcs\sources_1\new\adc_bit_decoder.vhd:]
ERROR: [Common 17-180] Spawn failed: No error
generate_target all [get_files  C:/Users/qianzha/Desktop/DAT096-krishna/Embedded-System-Project-DAT096-krishna/Board_1/Board_1/Board_2.srcs/sources_1/bd/design_2/design_2.bd]
WARNING: [BD 41-2670] Found an incomplete address path from address space '/processing_system7_0/Data' to master interface '/processing_system7_0/M_AXI_GP0'. Please either complete or remove this path to resolve.
WARNING: [BD 5-699] No address segments matched 'get_bd_addr_segs -of_objects /processing_system7_0/Data'
WARNING: [IP_Flow 19-4684] Expected long value for param C_ILA_CLK_FREQ but, float/scientific notation value 5e+07 is provided. The value is converted to long type(50000000)
INFO: [xilinx.com:ip:clk_wiz:6.0-1] /clk_wiz_0 clk_wiz propagate
Wrote  : <C:\Users\qianzha\Desktop\DAT096-krishna\Embedded-System-Project-DAT096-krishna\Board_1\Board_1\Board_2.srcs\sources_1\bd\design_2\design_2.bd> 
VHDL Output written to : c:/Users/qianzha/Desktop/DAT096-krishna/Embedded-System-Project-DAT096-krishna/Board_1/Board_1/Board_2.gen/sources_1/bd/design_2/synth/design_2.vhd
VHDL Output written to : c:/Users/qianzha/Desktop/DAT096-krishna/Embedded-System-Project-DAT096-krishna/Board_1/Board_1/Board_2.gen/sources_1/bd/design_2/sim/design_2.vhd
VHDL Output written to : c:/Users/qianzha/Desktop/DAT096-krishna/Embedded-System-Project-DAT096-krishna/Board_1/Board_1/Board_2.gen/sources_1/bd/design_2/hdl/design_2_wrapper.vhd
INFO: [BD 41-1029] Generation completed for the IP Integrator block adc_bit_decoder_0 .
INFO: [BD 41-1029] Generation completed for the IP Integrator block bit_to_dac14_axi_0 .
Exporting to file c:/Users/qianzha/Desktop/DAT096-krishna/Embedded-System-Project-DAT096-krishna/Board_1/Board_1/Board_2.gen/sources_1/bd/design_2/hw_handoff/design_2.hwh
Generated Hardware Definition File c:/Users/qianzha/Desktop/DAT096-krishna/Embedded-System-Project-DAT096-krishna/Board_1/Board_1/Board_2.gen/sources_1/bd/design_2/synth/design_2.hwdef
export_ip_user_files -of_objects [get_files C:/Users/qianzha/Desktop/DAT096-krishna/Embedded-System-Project-DAT096-krishna/Board_1/Board_1/Board_2.srcs/sources_1/bd/design_2/design_2.bd] -no_script -sync -force -quiet
create_ip_run [get_files -of_objects [get_fileset sources_1] C:/Users/qianzha/Desktop/DAT096-krishna/Embedded-System-Project-DAT096-krishna/Board_1/Board_1/Board_2.srcs/sources_1/bd/design_2/design_2.bd]
launch_runs design_2_adc_bit_decoder_0_0_synth_1 design_2_bit_to_dac14_axi_0_2_synth_1 -jobs 28
[Thu Apr 30 14:20:50 2026] Launched design_2_adc_bit_decoder_0_0_synth_1, design_2_bit_to_dac14_axi_0_2_synth_1...
Run output will be captured here:
design_2_adc_bit_decoder_0_0_synth_1: C:/Users/qianzha/Desktop/DAT096-krishna/Embedded-System-Project-DAT096-krishna/Board_1/Board_1/Board_2.runs/design_2_adc_bit_decoder_0_0_synth_1/runme.log
design_2_bit_to_dac14_axi_0_2_synth_1: C:/Users/qianzha/Desktop/DAT096-krishna/Embedded-System-Project-DAT096-krishna/Board_1/Board_1/Board_2.runs/design_2_bit_to_dac14_axi_0_2_synth_1/runme.log
export_simulation -lib_map_path [list {modelsim=C:/Users/qianzha/Desktop/DAT096-krishna/Embedded-System-Project-DAT096-krishna/Board_1/Board_1/Board_2.cache/compile_simlib/modelsim} {questa=C:/Users/qianzha/Desktop/DAT096-krishna/Embedded-System-Project-DAT096-krishna/Board_1/Board_1/Board_2.cache/compile_simlib/questa} {riviera=C:/Users/qianzha/Desktop/DAT096-krishna/Embedded-System-Project-DAT096-krishna/Board_1/Board_1/Board_2.cache/compile_simlib/riviera} {activehdl=C:/Users/qianzha/Desktop/DAT096-krishna/Embedded-System-Project-DAT096-krishna/Board_1/Board_1/Board_2.cache/compile_simlib/activehdl}] -of_objects [get_files C:/Users/qianzha/Desktop/DAT096-krishna/Embedded-System-Project-DAT096-krishna/Board_1/Board_1/Board_2.srcs/sources_1/bd/design_2/design_2.bd] -directory C:/Users/qianzha/Desktop/DAT096-krishna/Embedded-System-Project-DAT096-krishna/Board_1/Board_1/Board_2.ip_user_files/sim_scripts -ip_user_files_dir C:/Users/qianzha/Desktop/DAT096-krishna/Embedded-System-Project-DAT096-krishna/Board_1/Board_1/Board_2.ip_user_files -ipstatic_source_dir C:/Users/qianzha/Desktop/DAT096-krishna/Embedded-System-Project-DAT096-krishna/Board_1/Board_1/Board_2.ip_user_files/ipstatic -use_ip_compiled_libs -force -quiet
WARNING: [filemgmt 56-199] Attempt to get parsing info during refresh. "On-the-fly" syntax checking information may be incorrect. [C:\Users\qianzha\Desktop\DAT096-krishna\Embedded-System-Project-DAT096-krishna\Board_1\Board_1\Board_2.srcs\sources_1\new\delay_measure.vhd:]
WARNING: [filemgmt 56-199] Attempt to get parsing info during refresh. "On-the-fly" syntax checking information may be incorrect. [C:\Users\qianzha\Desktop\DAT096-krishna\Embedded-System-Project-DAT096-krishna\Board_1\Board_1\Board_2.srcs\sources_1\new\adc_bit_decoder.vhd:]
WARNING: [filemgmt 56-199] Attempt to get parsing info during refresh. "On-the-fly" syntax checking information may be incorrect. [C:\Users\qianzha\Desktop\DAT096-krishna\Embedded-System-Project-DAT096-krishna\Board_1\Board_1\Board_2.srcs\sources_1\new\bit to dac converter.vhd:]
WARNING: [filemgmt 56-199] Attempt to get parsing info during refresh. "On-the-fly" syntax checking information may be incorrect. [C:\Users\qianzha\Desktop\DAT096-krishna\Embedded-System-Project-DAT096-krishna\Board_1\Board_1\Board_2.srcs\sources_1\new\pulse_gen.vhd:]
WARNING: [filemgmt 56-199] Attempt to get parsing info during refresh. "On-the-fly" syntax checking information may be incorrect. [C:\Users\qianzha\Desktop\DAT096-krishna\Embedded-System-Project-DAT096-krishna\Board_1\Board_1\Board_2.srcs\sources_1\new\delay_measure.vhd:]
WARNING: [filemgmt 56-199] Attempt to get parsing info during refresh. "On-the-fly" syntax checking information may be incorrect. [C:\Users\qianzha\Desktop\DAT096-krishna\Embedded-System-Project-DAT096-krishna\Board_1\Board_1\Board_2.srcs\sources_1\new\delay_measure.vhd:]
WARNING: [filemgmt 56-199] Attempt to get parsing info during refresh. "On-the-fly" syntax checking information may be incorrect. [C:\Users\qianzha\Desktop\DAT096-krishna\Embedded-System-Project-DAT096-krishna\Board_1\Board_1\Board_2.srcs\sources_1\new\delay_measure.vhd:]
WARNING: [filemgmt 56-199] Attempt to get parsing info during refresh. "On-the-fly" syntax checking information may be incorrect. [C:\Users\qianzha\Desktop\DAT096-krishna\Embedded-System-Project-DAT096-krishna\Board_1\Board_1\Board_2.srcs\sources_1\new\adc_bit_decoder.vhd:]
WARNING: [filemgmt 56-199] Attempt to get parsing info during refresh. "On-the-fly" syntax checking information may be incorrect. [C:\Users\qianzha\Desktop\DAT096-krishna\Embedded-System-Project-DAT096-krishna\Board_1\Board_1\Board_2.srcs\sources_1\new\bit to dac converter.vhd:]
WARNING: [filemgmt 56-199] Attempt to get parsing info during refresh. "On-the-fly" syntax checking information may be incorrect. [C:\Users\qianzha\Desktop\DAT096-krishna\Embedded-System-Project-DAT096-krishna\Board_1\Board_1\Board_2.srcs\sources_1\new\pulse_gen.vhd:]
WARNING: [filemgmt 56-199] Attempt to get parsing info during refresh. "On-the-fly" syntax checking information may be incorrect. [C:\Users\qianzha\Desktop\DAT096-krishna\Embedded-System-Project-DAT096-krishna\Board_1\Board_1\Board_2.srcs\sources_1\new\adc_bit_decoder.vhd:]
WARNING: [filemgmt 56-199] Attempt to get parsing info during refresh. "On-the-fly" syntax checking information may be incorrect. [C:\Users\qianzha\Desktop\DAT096-krishna\Embedded-System-Project-DAT096-krishna\Board_1\Board_1\Board_2.srcs\sources_1\new\adc_bit_decoder.vhd:]
ERROR: [Common 17-180] Spawn failed: No error
WARNING: [filemgmt 56-199] Attempt to get parsing info during refresh. "On-the-fly" syntax checking information may be incorrect. [C:\Users\qianzha\Desktop\DAT096-krishna\Embedded-System-Project-DAT096-krishna\Board_1\Board_1\Board_2.srcs\sources_1\new\delay_measure.vhd:]
WARNING: [filemgmt 56-199] Attempt to get parsing info during refresh. "On-the-fly" syntax checking information may be incorrect. [C:\Users\qianzha\Desktop\DAT096-krishna\Embedded-System-Project-DAT096-krishna\Board_1\Board_1\Board_2.srcs\sources_1\new\adc_bit_decoder.vhd:]
WARNING: [filemgmt 56-199] Attempt to get parsing info during refresh. "On-the-fly" syntax checking information may be incorrect. [C:\Users\qianzha\Desktop\DAT096-krishna\Embedded-System-Project-DAT096-krishna\Board_1\Board_1\Board_2.srcs\sources_1\new\bit to dac converter.vhd:]
WARNING: [filemgmt 56-199] Attempt to get parsing info during refresh. "On-the-fly" syntax checking information may be incorrect. [C:\Users\qianzha\Desktop\DAT096-krishna\Embedded-System-Project-DAT096-krishna\Board_1\Board_1\Board_2.srcs\sources_1\new\pulse_gen.vhd:]
WARNING: [filemgmt 56-199] Attempt to get parsing info during refresh. "On-the-fly" syntax checking information may be incorrect. [C:\Users\qianzha\Desktop\DAT096-krishna\Embedded-System-Project-DAT096-krishna\Board_1\Board_1\Board_2.srcs\sources_1\new\bit to dac converter.vhd:]
WARNING: [filemgmt 56-199] Attempt to get parsing info during refresh. "On-the-fly" syntax checking information may be incorrect. [C:\Users\qianzha\Desktop\DAT096-krishna\Embedded-System-Project-DAT096-krishna\Board_1\Board_1\Board_2.srcs\sources_1\new\bit to dac converter.vhd:]
ERROR: [Common 17-180] Spawn failed: No error
reset_run synth_1
INFO: [Project 1-1161] Replacing file C:/Users/qianzha/Desktop/DAT096-krishna/Embedded-System-Project-DAT096-krishna/Board_1/Board_1/Board_2.srcs/utils_1/imports/synth_1/design_2_wrapper.dcp with file C:/Users/qianzha/Desktop/DAT096-krishna/Embedded-System-Project-DAT096-krishna/Board_1/Board_1/Board_2.runs/synth_1/design_2_wrapper.dcp
WARNING: [Vivado 12-1017] Problems encountered:
1. Failed to delete one or more files in run directory C:/Users/qianzha/Desktop/DAT096-krishna/Embedded-System-Project-DAT096-krishna/Board_1/Board_1/Board_2.runs/synth_1

launch_runs synth_1 -jobs 28
WARNING: [filemgmt 56-199] Attempt to get parsing info during refresh. "On-the-fly" syntax checking information may be incorrect. [C:\Users\qianzha\Desktop\DAT096-krishna\Embedded-System-Project-DAT096-krishna\Board_1\Board_1\Board_2.srcs\sources_1\new\delay_measure.vhd:]
WARNING: [filemgmt 56-199] Attempt to get parsing info during refresh. "On-the-fly" syntax checking information may be incorrect. [C:\Users\qianzha\Desktop\DAT096-krishna\Embedded-System-Project-DAT096-krishna\Board_1\Board_1\Board_2.srcs\sources_1\new\adc_bit_decoder.vhd:]
WARNING: [filemgmt 56-199] Attempt to get parsing info during refresh. "On-the-fly" syntax checking information may be incorrect. [C:\Users\qianzha\Desktop\DAT096-krishna\Embedded-System-Project-DAT096-krishna\Board_1\Board_1\Board_2.srcs\sources_1\new\bit to dac converter.vhd:]
WARNING: [filemgmt 56-199] Attempt to get parsing info during refresh. "On-the-fly" syntax checking information may be incorrect. [C:\Users\qianzha\Desktop\DAT096-krishna\Embedded-System-Project-DAT096-krishna\Board_1\Board_1\Board_2.srcs\sources_1\new\pulse_gen.vhd:]
WARNING: [filemgmt 56-199] Attempt to get parsing info during refresh. "On-the-fly" syntax checking information may be incorrect. [C:\Users\qianzha\Desktop\DAT096-krishna\Embedded-System-Project-DAT096-krishna\Board_1\Board_1\Board_2.srcs\sources_1\new\delay_measure.vhd:]
WARNING: [filemgmt 56-199] Attempt to get parsing info during refresh. "On-the-fly" syntax checking information may be incorrect. [C:\Users\qianzha\Desktop\DAT096-krishna\Embedded-System-Project-DAT096-krishna\Board_1\Board_1\Board_2.srcs\sources_1\new\delay_measure.vhd:]
WARNING: [filemgmt 56-199] Attempt to get parsing info during refresh. "On-the-fly" syntax checking information may be incorrect. [C:\Users\qianzha\Desktop\DAT096-krishna\Embedded-System-Project-DAT096-krishna\Board_1\Board_1\Board_2.srcs\sources_1\new\delay_measure.vhd:]
WARNING: [filemgmt 56-199] Attempt to get parsing info during refresh. "On-the-fly" syntax checking information may be incorrect. [C:\Users\qianzha\Desktop\DAT096-krishna\Embedded-System-Project-DAT096-krishna\Board_1\Board_1\Board_2.srcs\sources_1\new\adc_bit_decoder.vhd:]
WARNING: [filemgmt 56-199] Attempt to get parsing info during refresh. "On-the-fly" syntax checking information may be incorrect. [C:\Users\qianzha\Desktop\DAT096-krishna\Embedded-System-Project-DAT096-krishna\Board_1\Board_1\Board_2.srcs\sources_1\new\bit to dac converter.vhd:]
WARNING: [filemgmt 56-199] Attempt to get parsing info during refresh. "On-the-fly" syntax checking information may be incorrect. [C:\Users\qianzha\Desktop\DAT096-krishna\Embedded-System-Project-DAT096-krishna\Board_1\Board_1\Board_2.srcs\sources_1\new\pulse_gen.vhd:]
WARNING: [filemgmt 56-199] Attempt to get parsing info during refresh. "On-the-fly" syntax checking information may be incorrect. [C:\Users\qianzha\Desktop\DAT096-krishna\Embedded-System-Project-DAT096-krishna\Board_1\Board_1\Board_2.srcs\sources_1\new\adc_bit_decoder.vhd:]
WARNING: [filemgmt 56-199] Attempt to get parsing info during refresh. "On-the-fly" syntax checking information may be incorrect. [C:\Users\qianzha\Desktop\DAT096-krishna\Embedded-System-Project-DAT096-krishna\Board_1\Board_1\Board_2.srcs\sources_1\new\adc_bit_decoder.vhd:]
ERROR: [Common 17-180] Spawn failed: No error
WARNING: [filemgmt 56-199] Attempt to get parsing info during refresh. "On-the-fly" syntax checking information may be incorrect. [C:\Users\qianzha\Desktop\DAT096-krishna\Embedded-System-Project-DAT096-krishna\Board_1\Board_1\Board_2.srcs\sources_1\new\delay_measure.vhd:]
WARNING: [filemgmt 56-199] Attempt to get parsing info during refresh. "On-the-fly" syntax checking information may be incorrect. [C:\Users\qianzha\Desktop\DAT096-krishna\Embedded-System-Project-DAT096-krishna\Board_1\Board_1\Board_2.srcs\sources_1\new\adc_bit_decoder.vhd:]
WARNING: [filemgmt 56-199] Attempt to get parsing info during refresh. "On-the-fly" syntax checking information may be incorrect. [C:\Users\qianzha\Desktop\DAT096-krishna\Embedded-System-Project-DAT096-krishna\Board_1\Board_1\Board_2.srcs\sources_1\new\bit to dac converter.vhd:]
WARNING: [filemgmt 56-199] Attempt to get parsing info during refresh. "On-the-fly" syntax checking information may be incorrect. [C:\Users\qianzha\Desktop\DAT096-krishna\Embedded-System-Project-DAT096-krishna\Board_1\Board_1\Board_2.srcs\sources_1\new\pulse_gen.vhd:]
ERROR: [Common 17-180] Spawn failed: No error
WARNING: [filemgmt 56-199] Attempt to get parsing info during refresh. "On-the-fly" syntax checking information may be incorrect. [C:\Users\qianzha\Desktop\DAT096-krishna\Embedded-System-Project-DAT096-krishna\Board_1\Board_1\Board_2.srcs\sources_1\new\bit to dac converter.vhd:]
WARNING: [filemgmt 56-199] Attempt to get parsing info during refresh. "On-the-fly" syntax checking information may be incorrect. [C:\Users\qianzha\Desktop\DAT096-krishna\Embedded-System-Project-DAT096-krishna\Board_1\Board_1\Board_2.srcs\sources_1\new\bit to dac converter.vhd:]
ERROR: [Vivado 12-4756] Launch of runs aborted due to earlier errors while preparing sub-designs for run execution.
report_ip_status -name ip_status 
launch_runs synth_1 -jobs 28
[Thu Apr 30 14:21:19 2026] Launched design_2_adc_bit_decoder_0_0_synth_1, design_2_bit_to_dac14_axi_0_2_synth_1...
Run output will be captured here:
design_2_adc_bit_decoder_0_0_synth_1: C:/Users/qianzha/Desktop/DAT096-krishna/Embedded-System-Project-DAT096-krishna/Board_1/Board_1/Board_2.runs/design_2_adc_bit_decoder_0_0_synth_1/runme.log
design_2_bit_to_dac14_axi_0_2_synth_1: C:/Users/qianzha/Desktop/DAT096-krishna/Embedded-System-Project-DAT096-krishna/Board_1/Board_1/Board_2.runs/design_2_bit_to_dac14_axi_0_2_synth_1/runme.log
[Thu Apr 30 14:21:19 2026] Launched synth_1...
Run output will be captured here: C:/Users/qianzha/Desktop/DAT096-krishna/Embedded-System-Project-DAT096-krishna/Board_1/Board_1/Board_2.runs/synth_1/runme.log
WARNING: [filemgmt 56-199] Attempt to get parsing info during refresh. "On-the-fly" syntax checking information may be incorrect. [C:\Users\qianzha\Desktop\DAT096-krishna\Embedded-System-Project-DAT096-krishna\Board_1\Board_1\Board_2.srcs\sources_1\new\delay_measure.vhd:]
WARNING: [filemgmt 56-199] Attempt to get parsing info during refresh. "On-the-fly" syntax checking information may be incorrect. [C:\Users\qianzha\Desktop\DAT096-krishna\Embedded-System-Project-DAT096-krishna\Board_1\Board_1\Board_2.srcs\sources_1\new\adc_bit_decoder.vhd:]
WARNING: [filemgmt 56-199] Attempt to get parsing info during refresh. "On-the-fly" syntax checking information may be incorrect. [C:\Users\qianzha\Desktop\DAT096-krishna\Embedded-System-Project-DAT096-krishna\Board_1\Board_1\Board_2.srcs\sources_1\new\bit to dac converter.vhd:]
WARNING: [filemgmt 56-199] Attempt to get parsing info during refresh. "On-the-fly" syntax checking information may be incorrect. [C:\Users\qianzha\Desktop\DAT096-krishna\Embedded-System-Project-DAT096-krishna\Board_1\Board_1\Board_2.srcs\sources_1\new\pulse_gen.vhd:]
WARNING: [filemgmt 56-199] Attempt to get parsing info during refresh. "On-the-fly" syntax checking information may be incorrect. [C:\Users\qianzha\Desktop\DAT096-krishna\Embedded-System-Project-DAT096-krishna\Board_1\Board_1\Board_2.srcs\sources_1\new\delay_measure.vhd:]
WARNING: [filemgmt 56-199] Attempt to get parsing info during refresh. "On-the-fly" syntax checking information may be incorrect. [C:\Users\qianzha\Desktop\DAT096-krishna\Embedded-System-Project-DAT096-krishna\Board_1\Board_1\Board_2.srcs\sources_1\new\delay_measure.vhd:]
WARNING: [filemgmt 56-199] Attempt to get parsing info during refresh. "On-the-fly" syntax checking information may be incorrect. [C:\Users\qianzha\Desktop\DAT096-krishna\Embedded-System-Project-DAT096-krishna\Board_1\Board_1\Board_2.srcs\sources_1\new\delay_measure.vhd:]
WARNING: [filemgmt 56-199] Attempt to get parsing info during refresh. "On-the-fly" syntax checking information may be incorrect. [C:\Users\qianzha\Desktop\DAT096-krishna\Embedded-System-Project-DAT096-krishna\Board_1\Board_1\Board_2.srcs\sources_1\new\adc_bit_decoder.vhd:]
WARNING: [filemgmt 56-199] Attempt to get parsing info during refresh. "On-the-fly" syntax checking information may be incorrect. [C:\Users\qianzha\Desktop\DAT096-krishna\Embedded-System-Project-DAT096-krishna\Board_1\Board_1\Board_2.srcs\sources_1\new\bit to dac converter.vhd:]
WARNING: [filemgmt 56-199] Attempt to get parsing info during refresh. "On-the-fly" syntax checking information may be incorrect. [C:\Users\qianzha\Desktop\DAT096-krishna\Embedded-System-Project-DAT096-krishna\Board_1\Board_1\Board_2.srcs\sources_1\new\pulse_gen.vhd:]
WARNING: [filemgmt 56-199] Attempt to get parsing info during refresh. "On-the-fly" syntax checking information may be incorrect. [C:\Users\qianzha\Desktop\DAT096-krishna\Embedded-System-Project-DAT096-krishna\Board_1\Board_1\Board_2.srcs\sources_1\new\pulse_gen.vhd:]
WARNING: [filemgmt 56-199] Attempt to get parsing info during refresh. "On-the-fly" syntax checking information may be incorrect. [C:\Users\qianzha\Desktop\DAT096-krishna\Embedded-System-Project-DAT096-krishna\Board_1\Board_1\Board_2.srcs\sources_1\new\pulse_gen.vhd:]
ERROR: [Common 17-180] Spawn failed: No error
WARNING: [filemgmt 56-199] Attempt to get parsing info during refresh. "On-the-fly" syntax checking information may be incorrect. [C:\Users\qianzha\Desktop\DAT096-krishna\Embedded-System-Project-DAT096-krishna\Board_1\Board_1\Board_2.srcs\sources_1\new\delay_measure.vhd:]
WARNING: [filemgmt 56-199] Attempt to get parsing info during refresh. "On-the-fly" syntax checking information may be incorrect. [C:\Users\qianzha\Desktop\DAT096-krishna\Embedded-System-Project-DAT096-krishna\Board_1\Board_1\Board_2.srcs\sources_1\new\adc_bit_decoder.vhd:]
WARNING: [filemgmt 56-199] Attempt to get parsing info during refresh. "On-the-fly" syntax checking information may be incorrect. [C:\Users\qianzha\Desktop\DAT096-krishna\Embedded-System-Project-DAT096-krishna\Board_1\Board_1\Board_2.srcs\sources_1\new\bit to dac converter.vhd:]
WARNING: [filemgmt 56-199] Attempt to get parsing info during refresh. "On-the-fly" syntax checking information may be incorrect. [C:\Users\qianzha\Desktop\DAT096-krishna\Embedded-System-Project-DAT096-krishna\Board_1\Board_1\Board_2.srcs\sources_1\new\pulse_gen.vhd:]
WARNING: [filemgmt 56-199] Attempt to get parsing info during refresh. "On-the-fly" syntax checking information may be incorrect. [C:\Users\qianzha\Desktop\DAT096-krishna\Embedded-System-Project-DAT096-krishna\Board_1\Board_1\Board_2.srcs\sources_1\new\bit to dac converter.vhd:]
WARNING: [filemgmt 56-199] Attempt to get parsing info during refresh. "On-the-fly" syntax checking information may be incorrect. [C:\Users\qianzha\Desktop\DAT096-krishna\Embedded-System-Project-DAT096-krishna\Board_1\Board_1\Board_2.srcs\sources_1\new\bit to dac converter.vhd:]
ERROR: [Common 17-180] Spawn failed: No error
WARNING: [filemgmt 56-199] Attempt to get parsing info during refresh. "On-the-fly" syntax checking information may be incorrect. [C:\Users\qianzha\Desktop\DAT096-krishna\Embedded-System-Project-DAT096-krishna\Board_1\Board_1\Board_2.srcs\sources_1\new\delay_measure.vhd:]
WARNING: [filemgmt 56-199] Attempt to get parsing info during refresh. "On-the-fly" syntax checking information may be incorrect. [C:\Users\qianzha\Desktop\DAT096-krishna\Embedded-System-Project-DAT096-krishna\Board_1\Board_1\Board_2.srcs\sources_1\new\adc_bit_decoder.vhd:]
WARNING: [filemgmt 56-199] Attempt to get parsing info during refresh. "On-the-fly" syntax checking information may be incorrect. [C:\Users\qianzha\Desktop\DAT096-krishna\Embedded-System-Project-DAT096-krishna\Board_1\Board_1\Board_2.srcs\sources_1\new\bit to dac converter.vhd:]
WARNING: [filemgmt 56-199] Attempt to get parsing info during refresh. "On-the-fly" syntax checking information may be incorrect. [C:\Users\qianzha\Desktop\DAT096-krishna\Embedded-System-Project-DAT096-krishna\Board_1\Board_1\Board_2.srcs\sources_1\new\pulse_gen.vhd:]
WARNING: [filemgmt 56-199] Attempt to get parsing info during refresh. "On-the-fly" syntax checking information may be incorrect. [C:\Users\qianzha\Desktop\DAT096-krishna\Embedded-System-Project-DAT096-krishna\Board_1\Board_1\Board_2.srcs\sources_1\new\delay_measure.vhd:]
WARNING: [filemgmt 56-199] Attempt to get parsing info during refresh. "On-the-fly" syntax checking information may be incorrect. [C:\Users\qianzha\Desktop\DAT096-krishna\Embedded-System-Project-DAT096-krishna\Board_1\Board_1\Board_2.srcs\sources_1\new\delay_measure.vhd:]
WARNING: [filemgmt 56-199] Attempt to get parsing info during refresh. "On-the-fly" syntax checking information may be incorrect. [C:\Users\qianzha\Desktop\DAT096-krishna\Embedded-System-Project-DAT096-krishna\Board_1\Board_1\Board_2.srcs\sources_1\new\delay_measure.vhd:]
WARNING: [filemgmt 56-199] Attempt to get parsing info during refresh. "On-the-fly" syntax checking information may be incorrect. [C:\Users\qianzha\Desktop\DAT096-krishna\Embedded-System-Project-DAT096-krishna\Board_1\Board_1\Board_2.srcs\sources_1\new\adc_bit_decoder.vhd:]
WARNING: [filemgmt 56-199] Attempt to get parsing info during refresh. "On-the-fly" syntax checking information may be incorrect. [C:\Users\qianzha\Desktop\DAT096-krishna\Embedded-System-Project-DAT096-krishna\Board_1\Board_1\Board_2.srcs\sources_1\new\bit to dac converter.vhd:]
WARNING: [filemgmt 56-199] Attempt to get parsing info during refresh. "On-the-fly" syntax checking information may be incorrect. [C:\Users\qianzha\Desktop\DAT096-krishna\Embedded-System-Project-DAT096-krishna\Board_1\Board_1\Board_2.srcs\sources_1\new\pulse_gen.vhd:]
WARNING: [filemgmt 56-199] Attempt to get parsing info during refresh. "On-the-fly" syntax checking information may be incorrect. [C:\Users\qianzha\Desktop\DAT096-krishna\Embedded-System-Project-DAT096-krishna\Board_1\Board_1\Board_2.srcs\sources_1\new\adc_bit_decoder.vhd:]
WARNING: [filemgmt 56-199] Attempt to get parsing info during refresh. "On-the-fly" syntax checking information may be incorrect. [C:\Users\qianzha\Desktop\DAT096-krishna\Embedded-System-Project-DAT096-krishna\Board_1\Board_1\Board_2.srcs\sources_1\new\adc_bit_decoder.vhd:]
ERROR: [Common 17-180] Spawn failed: No error
ERROR: [Common 17-180] Spawn failed: No error
WARNING: [filemgmt 56-199] Attempt to get parsing info during refresh. "On-the-fly" syntax checking information may be incorrect. [C:\Users\qianzha\Desktop\DAT096-krishna\Embedded-System-Project-DAT096-krishna\Board_1\Board_1\Board_2.srcs\sources_1\new\delay_measure.vhd:]
WARNING: [filemgmt 56-199] Attempt to get parsing info during refresh. "On-the-fly" syntax checking information may be incorrect. [C:\Users\qianzha\Desktop\DAT096-krishna\Embedded-System-Project-DAT096-krishna\Board_1\Board_1\Board_2.srcs\sources_1\new\adc_bit_decoder.vhd:]
WARNING: [filemgmt 56-199] Attempt to get parsing info during refresh. "On-the-fly" syntax checking information may be incorrect. [C:\Users\qianzha\Desktop\DAT096-krishna\Embedded-System-Project-DAT096-krishna\Board_1\Board_1\Board_2.srcs\sources_1\new\bit to dac converter.vhd:]
WARNING: [filemgmt 56-199] Attempt to get parsing info during refresh. "On-the-fly" syntax checking information may be incorrect. [C:\Users\qianzha\Desktop\DAT096-krishna\Embedded-System-Project-DAT096-krishna\Board_1\Board_1\Board_2.srcs\sources_1\new\pulse_gen.vhd:]
report_ip_status -name ip_status 
update_module_reference [get_ips  design_2_adc_bit_decoder_0_0]
INFO: [IP_Flow 19-5107] Inferred bus interface 'clk' of definition 'xilinx.com:signal:clock:1.0' (from Xilinx Repository).
WARNING: [IP_Flow 19-5661] Bus Interface 'clk' does not have any bus interfaces associated with it.
WARNING: [IP_Flow 19-11770] Clock interface 'clk' has no FREQ_HZ parameter.
INFO: [IP_Flow 19-5107] Inferred bus interface 'clk' of definition 'xilinx.com:signal:clock:1.0' (from Xilinx Repository).
WARNING: [IP_Flow 19-5661] Bus Interface 'clk' does not have any bus interfaces associated with it.
WARNING: [IP_Flow 19-11770] Clock interface 'clk' has no FREQ_HZ parameter.
Upgrading 'C:/Users/qianzha/Desktop/DAT096-krishna/Embedded-System-Project-DAT096-krishna/Board_1/Board_1/Board_2.srcs/sources_1/bd/design_2/design_2.bd'
WARNING: [Vivado 12-1017] Problems encountered:
1. Failed to delete one or more files in run directory C:/Users/qianzha/Desktop/DAT096-krishna/Embedded-System-Project-DAT096-krishna/Board_1/Board_1/Board_2.runs/design_2_adc_bit_decoder_0_0_synth_1

INFO: [IP_Flow 19-3420] Updated design_2_adc_bit_decoder_0_0 to use current project options
Wrote  : <C:\Users\qianzha\Desktop\DAT096-krishna\Embedded-System-Project-DAT096-krishna\Board_1\Board_1\Board_2.srcs\sources_1\bd\design_2\design_2.bd> 
Wrote  : <C:/Users/qianzha/Desktop/DAT096-krishna/Embedded-System-Project-DAT096-krishna/Board_1/Board_1/Board_2.srcs/sources_1/bd/design_2/ui/bd_1fdbff51.ui> 
WARNING: [filemgmt 56-199] Attempt to get parsing info during refresh. "On-the-fly" syntax checking information may be incorrect. [C:\Users\qianzha\Desktop\DAT096-krishna\Embedded-System-Project-DAT096-krishna\Board_1\Board_1\Board_2.srcs\sources_1\new\delay_measure.vhd:]
WARNING: [filemgmt 56-199] Attempt to get parsing info during refresh. "On-the-fly" syntax checking information may be incorrect. [C:\Users\qianzha\Desktop\DAT096-krishna\Embedded-System-Project-DAT096-krishna\Board_1\Board_1\Board_2.srcs\sources_1\new\adc_bit_decoder.vhd:]
WARNING: [filemgmt 56-199] Attempt to get parsing info during refresh. "On-the-fly" syntax checking information may be incorrect. [C:\Users\qianzha\Desktop\DAT096-krishna\Embedded-System-Project-DAT096-krishna\Board_1\Board_1\Board_2.srcs\sources_1\new\bit to dac converter.vhd:]
WARNING: [filemgmt 56-199] Attempt to get parsing info during refresh. "On-the-fly" syntax checking information may be incorrect. [C:\Users\qianzha\Desktop\DAT096-krishna\Embedded-System-Project-DAT096-krishna\Board_1\Board_1\Board_2.srcs\sources_1\new\pulse_gen.vhd:]
WARNING: [filemgmt 56-199] Attempt to get parsing info during refresh. "On-the-fly" syntax checking information may be incorrect. [C:\Users\qianzha\Desktop\DAT096-krishna\Embedded-System-Project-DAT096-krishna\Board_1\Board_1\Board_2.srcs\sources_1\new\delay_measure.vhd:]
WARNING: [filemgmt 56-199] Attempt to get parsing info during refresh. "On-the-fly" syntax checking information may be incorrect. [C:\Users\qianzha\Desktop\DAT096-krishna\Embedded-System-Project-DAT096-krishna\Board_1\Board_1\Board_2.srcs\sources_1\new\delay_measure.vhd:]
WARNING: [filemgmt 56-199] Attempt to get parsing info during refresh. "On-the-fly" syntax checking information may be incorrect. [C:\Users\qianzha\Desktop\DAT096-krishna\Embedded-System-Project-DAT096-krishna\Board_1\Board_1\Board_2.srcs\sources_1\new\delay_measure.vhd:]
WARNING: [filemgmt 56-199] Attempt to get parsing info during refresh. "On-the-fly" syntax checking information may be incorrect. [C:\Users\qianzha\Desktop\DAT096-krishna\Embedded-System-Project-DAT096-krishna\Board_1\Board_1\Board_2.srcs\sources_1\new\adc_bit_decoder.vhd:]
WARNING: [filemgmt 56-199] Attempt to get parsing info during refresh. "On-the-fly" syntax checking information may be incorrect. [C:\Users\qianzha\Desktop\DAT096-krishna\Embedded-System-Project-DAT096-krishna\Board_1\Board_1\Board_2.srcs\sources_1\new\bit to dac converter.vhd:]
WARNING: [filemgmt 56-199] Attempt to get parsing info during refresh. "On-the-fly" syntax checking information may be incorrect. [C:\Users\qianzha\Desktop\DAT096-krishna\Embedded-System-Project-DAT096-krishna\Board_1\Board_1\Board_2.srcs\sources_1\new\pulse_gen.vhd:]
WARNING: [filemgmt 56-199] Attempt to get parsing info during refresh. "On-the-fly" syntax checking information may be incorrect. [C:\Users\qianzha\Desktop\DAT096-krishna\Embedded-System-Project-DAT096-krishna\Board_1\Board_1\Board_2.srcs\sources_1\new\pulse_gen.vhd:]
WARNING: [filemgmt 56-199] Attempt to get parsing info during refresh. "On-the-fly" syntax checking information may be incorrect. [C:\Users\qianzha\Desktop\DAT096-krishna\Embedded-System-Project-DAT096-krishna\Board_1\Board_1\Board_2.srcs\sources_1\new\pulse_gen.vhd:]
WARNING: [filemgmt 56-199] Attempt to get parsing info during refresh. "On-the-fly" syntax checking information may be incorrect. [C:\Users\qianzha\Desktop\DAT096-krishna\Embedded-System-Project-DAT096-krishna\Board_1\Board_1\Board_2.srcs\sources_1\new\delay_measure.vhd:]
WARNING: [filemgmt 56-199] Attempt to get parsing info during refresh. "On-the-fly" syntax checking information may be incorrect. [C:\Users\qianzha\Desktop\DAT096-krishna\Embedded-System-Project-DAT096-krishna\Board_1\Board_1\Board_2.srcs\sources_1\new\adc_bit_decoder.vhd:]
WARNING: [filemgmt 56-199] Attempt to get parsing info during refresh. "On-the-fly" syntax checking information may be incorrect. [C:\Users\qianzha\Desktop\DAT096-krishna\Embedded-System-Project-DAT096-krishna\Board_1\Board_1\Board_2.srcs\sources_1\new\bit to dac converter.vhd:]
WARNING: [filemgmt 56-199] Attempt to get parsing info during refresh. "On-the-fly" syntax checking information may be incorrect. [C:\Users\qianzha\Desktop\DAT096-krishna\Embedded-System-Project-DAT096-krishna\Board_1\Board_1\Board_2.srcs\sources_1\new\pulse_gen.vhd:]
WARNING: [filemgmt 56-199] Attempt to get parsing info during refresh. "On-the-fly" syntax checking information may be incorrect. [C:\Users\qianzha\Desktop\DAT096-krishna\Embedded-System-Project-DAT096-krishna\Board_1\Board_1\Board_2.srcs\sources_1\new\adc_bit_decoder.vhd:]
WARNING: [filemgmt 56-199] Attempt to get parsing info during refresh. "On-the-fly" syntax checking information may be incorrect. [C:\Users\qianzha\Desktop\DAT096-krishna\Embedded-System-Project-DAT096-krishna\Board_1\Board_1\Board_2.srcs\sources_1\new\adc_bit_decoder.vhd:]
ERROR: [Common 17-180] Spawn failed: No error
generate_target all [get_files  C:/Users/qianzha/Desktop/DAT096-krishna/Embedded-System-Project-DAT096-krishna/Board_1/Board_1/Board_2.srcs/sources_1/bd/design_2/design_2.bd]
WARNING: [BD 41-2670] Found an incomplete address path from address space '/processing_system7_0/Data' to master interface '/processing_system7_0/M_AXI_GP0'. Please either complete or remove this path to resolve.
WARNING: [BD 5-699] No address segments matched 'get_bd_addr_segs -of_objects /processing_system7_0/Data'
WARNING: [IP_Flow 19-4684] Expected long value for param C_ILA_CLK_FREQ but, float/scientific notation value 5e+07 is provided. The value is converted to long type(50000000)
INFO: [xilinx.com:ip:clk_wiz:6.0-1] /clk_wiz_0 clk_wiz propagate
Wrote  : <C:\Users\qianzha\Desktop\DAT096-krishna\Embedded-System-Project-DAT096-krishna\Board_1\Board_1\Board_2.srcs\sources_1\bd\design_2\design_2.bd> 
VHDL Output written to : c:/Users/qianzha/Desktop/DAT096-krishna/Embedded-System-Project-DAT096-krishna/Board_1/Board_1/Board_2.gen/sources_1/bd/design_2/synth/design_2.vhd
VHDL Output written to : c:/Users/qianzha/Desktop/DAT096-krishna/Embedded-System-Project-DAT096-krishna/Board_1/Board_1/Board_2.gen/sources_1/bd/design_2/sim/design_2.vhd
VHDL Output written to : c:/Users/qianzha/Desktop/DAT096-krishna/Embedded-System-Project-DAT096-krishna/Board_1/Board_1/Board_2.gen/sources_1/bd/design_2/hdl/design_2_wrapper.vhd
INFO: [BD 41-1029] Generation completed for the IP Integrator block adc_bit_decoder_0 .
Exporting to file c:/Users/qianzha/Desktop/DAT096-krishna/Embedded-System-Project-DAT096-krishna/Board_1/Board_1/Board_2.gen/sources_1/bd/design_2/hw_handoff/design_2.hwh
Generated Hardware Definition File c:/Users/qianzha/Desktop/DAT096-krishna/Embedded-System-Project-DAT096-krishna/Board_1/Board_1/Board_2.gen/sources_1/bd/design_2/synth/design_2.hwdef
export_ip_user_files -of_objects [get_files C:/Users/qianzha/Desktop/DAT096-krishna/Embedded-System-Project-DAT096-krishna/Board_1/Board_1/Board_2.srcs/sources_1/bd/design_2/design_2.bd] -no_script -sync -force -quiet
create_ip_run [get_files -of_objects [get_fileset sources_1] C:/Users/qianzha/Desktop/DAT096-krishna/Embedded-System-Project-DAT096-krishna/Board_1/Board_1/Board_2.srcs/sources_1/bd/design_2/design_2.bd]
launch_runs design_2_adc_bit_decoder_0_0_synth_1 -jobs 28
[Thu Apr 30 14:25:11 2026] Launched design_2_adc_bit_decoder_0_0_synth_1...
Run output will be captured here: C:/Users/qianzha/Desktop/DAT096-krishna/Embedded-System-Project-DAT096-krishna/Board_1/Board_1/Board_2.runs/design_2_adc_bit_decoder_0_0_synth_1/runme.log
export_simulation -lib_map_path [list {modelsim=C:/Users/qianzha/Desktop/DAT096-krishna/Embedded-System-Project-DAT096-krishna/Board_1/Board_1/Board_2.cache/compile_simlib/modelsim} {questa=C:/Users/qianzha/Desktop/DAT096-krishna/Embedded-System-Project-DAT096-krishna/Board_1/Board_1/Board_2.cache/compile_simlib/questa} {riviera=C:/Users/qianzha/Desktop/DAT096-krishna/Embedded-System-Project-DAT096-krishna/Board_1/Board_1/Board_2.cache/compile_simlib/riviera} {activehdl=C:/Users/qianzha/Desktop/DAT096-krishna/Embedded-System-Project-DAT096-krishna/Board_1/Board_1/Board_2.cache/compile_simlib/activehdl}] -of_objects [get_files C:/Users/qianzha/Desktop/DAT096-krishna/Embedded-System-Project-DAT096-krishna/Board_1/Board_1/Board_2.srcs/sources_1/bd/design_2/design_2.bd] -directory C:/Users/qianzha/Desktop/DAT096-krishna/Embedded-System-Project-DAT096-krishna/Board_1/Board_1/Board_2.ip_user_files/sim_scripts -ip_user_files_dir C:/Users/qianzha/Desktop/DAT096-krishna/Embedded-System-Project-DAT096-krishna/Board_1/Board_1/Board_2.ip_user_files -ipstatic_source_dir C:/Users/qianzha/Desktop/DAT096-krishna/Embedded-System-Project-DAT096-krishna/Board_1/Board_1/Board_2.ip_user_files/ipstatic -use_ip_compiled_libs -force -quiet
WARNING: [filemgmt 56-199] Attempt to get parsing info during refresh. "On-the-fly" syntax checking information may be incorrect. [C:\Users\qianzha\Desktop\DAT096-krishna\Embedded-System-Project-DAT096-krishna\Board_1\Board_1\Board_2.srcs\sources_1\new\delay_measure.vhd:]
WARNING: [filemgmt 56-199] Attempt to get parsing info during refresh. "On-the-fly" syntax checking information may be incorrect. [C:\Users\qianzha\Desktop\DAT096-krishna\Embedded-System-Project-DAT096-krishna\Board_1\Board_1\Board_2.srcs\sources_1\new\adc_bit_decoder.vhd:]
WARNING: [filemgmt 56-199] Attempt to get parsing info during refresh. "On-the-fly" syntax checking information may be incorrect. [C:\Users\qianzha\Desktop\DAT096-krishna\Embedded-System-Project-DAT096-krishna\Board_1\Board_1\Board_2.srcs\sources_1\new\bit to dac converter.vhd:]
WARNING: [filemgmt 56-199] Attempt to get parsing info during refresh. "On-the-fly" syntax checking information may be incorrect. [C:\Users\qianzha\Desktop\DAT096-krishna\Embedded-System-Project-DAT096-krishna\Board_1\Board_1\Board_2.srcs\sources_1\new\pulse_gen.vhd:]
WARNING: [filemgmt 56-199] Attempt to get parsing info during refresh. "On-the-fly" syntax checking information may be incorrect. [C:\Users\qianzha\Desktop\DAT096-krishna\Embedded-System-Project-DAT096-krishna\Board_1\Board_1\Board_2.srcs\sources_1\new\adc_bit_decoder.vhd:]
WARNING: [filemgmt 56-199] Attempt to get parsing info during refresh. "On-the-fly" syntax checking information may be incorrect. [C:\Users\qianzha\Desktop\DAT096-krishna\Embedded-System-Project-DAT096-krishna\Board_1\Board_1\Board_2.srcs\sources_1\new\adc_bit_decoder.vhd:]
WARNING: [filemgmt 56-199] Attempt to get parsing info during refresh. "On-the-fly" syntax checking information may be incorrect. [C:\Users\qianzha\Desktop\DAT096-krishna\Embedded-System-Project-DAT096-krishna\Board_1\Board_1\Board_2.srcs\sources_1\new\delay_measure.vhd:]
WARNING: [filemgmt 56-199] Attempt to get parsing info during refresh. "On-the-fly" syntax checking information may be incorrect. [C:\Users\qianzha\Desktop\DAT096-krishna\Embedded-System-Project-DAT096-krishna\Board_1\Board_1\Board_2.srcs\sources_1\new\adc_bit_decoder.vhd:]
WARNING: [filemgmt 56-199] Attempt to get parsing info during refresh. "On-the-fly" syntax checking information may be incorrect. [C:\Users\qianzha\Desktop\DAT096-krishna\Embedded-System-Project-DAT096-krishna\Board_1\Board_1\Board_2.srcs\sources_1\new\bit to dac converter.vhd:]
WARNING: [filemgmt 56-199] Attempt to get parsing info during refresh. "On-the-fly" syntax checking information may be incorrect. [C:\Users\qianzha\Desktop\DAT096-krishna\Embedded-System-Project-DAT096-krishna\Board_1\Board_1\Board_2.srcs\sources_1\new\pulse_gen.vhd:]
WARNING: [filemgmt 56-199] Attempt to get parsing info during refresh. "On-the-fly" syntax checking information may be incorrect. [C:\Users\qianzha\Desktop\DAT096-krishna\Embedded-System-Project-DAT096-krishna\Board_1\Board_1\Board_2.srcs\sources_1\new\pulse_gen.vhd:]
WARNING: [filemgmt 56-199] Attempt to get parsing info during refresh. "On-the-fly" syntax checking information may be incorrect. [C:\Users\qianzha\Desktop\DAT096-krishna\Embedded-System-Project-DAT096-krishna\Board_1\Board_1\Board_2.srcs\sources_1\new\pulse_gen.vhd:]
ERROR: [Common 17-180] Spawn failed: No error
ERROR: [Common 17-180] Spawn failed: No error
WARNING: [filemgmt 56-199] Attempt to get parsing info during refresh. "On-the-fly" syntax checking information may be incorrect. [C:\Users\qianzha\Desktop\DAT096-krishna\Embedded-System-Project-DAT096-krishna\Board_1\Board_1\Board_2.srcs\sources_1\new\delay_measure.vhd:]
WARNING: [filemgmt 56-199] Attempt to get parsing info during refresh. "On-the-fly" syntax checking information may be incorrect. [C:\Users\qianzha\Desktop\DAT096-krishna\Embedded-System-Project-DAT096-krishna\Board_1\Board_1\Board_2.srcs\sources_1\new\adc_bit_decoder.vhd:]
WARNING: [filemgmt 56-199] Attempt to get parsing info during refresh. "On-the-fly" syntax checking information may be incorrect. [C:\Users\qianzha\Desktop\DAT096-krishna\Embedded-System-Project-DAT096-krishna\Board_1\Board_1\Board_2.srcs\sources_1\new\bit to dac converter.vhd:]
WARNING: [filemgmt 56-199] Attempt to get parsing info during refresh. "On-the-fly" syntax checking information may be incorrect. [C:\Users\qianzha\Desktop\DAT096-krishna\Embedded-System-Project-DAT096-krishna\Board_1\Board_1\Board_2.srcs\sources_1\new\pulse_gen.vhd:]
WARNING: [filemgmt 56-199] Attempt to get parsing info during refresh. "On-the-fly" syntax checking information may be incorrect. [C:\Users\qianzha\Desktop\DAT096-krishna\Embedded-System-Project-DAT096-krishna\Board_1\Board_1\Board_2.srcs\sources_1\new\bit to dac converter.vhd:]
WARNING: [filemgmt 56-199] Attempt to get parsing info during refresh. "On-the-fly" syntax checking information may be incorrect. [C:\Users\qianzha\Desktop\DAT096-krishna\Embedded-System-Project-DAT096-krishna\Board_1\Board_1\Board_2.srcs\sources_1\new\bit to dac converter.vhd:]
report_ip_status -name ip_status 
reset_run synth_1
WARNING: [Vivado 12-1017] Problems encountered:
1. Failed to delete one or more files in run directory C:/Users/qianzha/Desktop/DAT096-krishna/Embedded-System-Project-DAT096-krishna/Board_1/Board_1/Board_2.runs/synth_1

launch_runs synth_1 -jobs 28
[Thu Apr 30 14:25:26 2026] Launched design_2_adc_bit_decoder_0_0_synth_1...
Run output will be captured here: C:/Users/qianzha/Desktop/DAT096-krishna/Embedded-System-Project-DAT096-krishna/Board_1/Board_1/Board_2.runs/design_2_adc_bit_decoder_0_0_synth_1/runme.log
[Thu Apr 30 14:25:26 2026] Launched synth_1...
Run output will be captured here: C:/Users/qianzha/Desktop/DAT096-krishna/Embedded-System-Project-DAT096-krishna/Board_1/Board_1/Board_2.runs/synth_1/runme.log
WARNING: [filemgmt 56-199] Attempt to get parsing info during refresh. "On-the-fly" syntax checking information may be incorrect. [C:\Users\qianzha\Desktop\DAT096-krishna\Embedded-System-Project-DAT096-krishna\Board_1\Board_1\Board_2.srcs\sources_1\new\delay_measure.vhd:]
WARNING: [filemgmt 56-199] Attempt to get parsing info during refresh. "On-the-fly" syntax checking information may be incorrect. [C:\Users\qianzha\Desktop\DAT096-krishna\Embedded-System-Project-DAT096-krishna\Board_1\Board_1\Board_2.srcs\sources_1\new\adc_bit_decoder.vhd:]
WARNING: [filemgmt 56-199] Attempt to get parsing info during refresh. "On-the-fly" syntax checking information may be incorrect. [C:\Users\qianzha\Desktop\DAT096-krishna\Embedded-System-Project-DAT096-krishna\Board_1\Board_1\Board_2.srcs\sources_1\new\bit to dac converter.vhd:]
WARNING: [filemgmt 56-199] Attempt to get parsing info during refresh. "On-the-fly" syntax checking information may be incorrect. [C:\Users\qianzha\Desktop\DAT096-krishna\Embedded-System-Project-DAT096-krishna\Board_1\Board_1\Board_2.srcs\sources_1\new\pulse_gen.vhd:]
WARNING: [filemgmt 56-199] Attempt to get parsing info during refresh. "On-the-fly" syntax checking information may be incorrect. [C:\Users\qianzha\Desktop\DAT096-krishna\Embedded-System-Project-DAT096-krishna\Board_1\Board_1\Board_2.srcs\sources_1\new\delay_measure.vhd:]
WARNING: [filemgmt 56-199] Attempt to get parsing info during refresh. "On-the-fly" syntax checking information may be incorrect. [C:\Users\qianzha\Desktop\DAT096-krishna\Embedded-System-Project-DAT096-krishna\Board_1\Board_1\Board_2.srcs\sources_1\new\delay_measure.vhd:]
WARNING: [filemgmt 56-199] Attempt to get parsing info during refresh. "On-the-fly" syntax checking information may be incorrect. [C:\Users\qianzha\Desktop\DAT096-krishna\Embedded-System-Project-DAT096-krishna\Board_1\Board_1\Board_2.srcs\sources_1\new\delay_measure.vhd:]
WARNING: [filemgmt 56-199] Attempt to get parsing info during refresh. "On-the-fly" syntax checking information may be incorrect. [C:\Users\qianzha\Desktop\DAT096-krishna\Embedded-System-Project-DAT096-krishna\Board_1\Board_1\Board_2.srcs\sources_1\new\adc_bit_decoder.vhd:]
WARNING: [filemgmt 56-199] Attempt to get parsing info during refresh. "On-the-fly" syntax checking information may be incorrect. [C:\Users\qianzha\Desktop\DAT096-krishna\Embedded-System-Project-DAT096-krishna\Board_1\Board_1\Board_2.srcs\sources_1\new\bit to dac converter.vhd:]
WARNING: [filemgmt 56-199] Attempt to get parsing info during refresh. "On-the-fly" syntax checking information may be incorrect. [C:\Users\qianzha\Desktop\DAT096-krishna\Embedded-System-Project-DAT096-krishna\Board_1\Board_1\Board_2.srcs\sources_1\new\pulse_gen.vhd:]
WARNING: [filemgmt 56-199] Attempt to get parsing info during refresh. "On-the-fly" syntax checking information may be incorrect. [C:\Users\qianzha\Desktop\DAT096-krishna\Embedded-System-Project-DAT096-krishna\Board_1\Board_1\Board_2.srcs\sources_1\new\adc_bit_decoder.vhd:]
WARNING: [filemgmt 56-199] Attempt to get parsing info during refresh. "On-the-fly" syntax checking information may be incorrect. [C:\Users\qianzha\Desktop\DAT096-krishna\Embedded-System-Project-DAT096-krishna\Board_1\Board_1\Board_2.srcs\sources_1\new\adc_bit_decoder.vhd:]
ERROR: [Common 17-180] Spawn failed: No error
ERROR: [Common 17-180] Spawn failed: No error
WARNING: [filemgmt 56-199] Attempt to get parsing info during refresh. "On-the-fly" syntax checking information may be incorrect. [C:\Users\qianzha\Desktop\DAT096-krishna\Embedded-System-Project-DAT096-krishna\Board_1\Board_1\Board_2.srcs\sources_1\new\delay_measure.vhd:]
WARNING: [filemgmt 56-199] Attempt to get parsing info during refresh. "On-the-fly" syntax checking information may be incorrect. [C:\Users\qianzha\Desktop\DAT096-krishna\Embedded-System-Project-DAT096-krishna\Board_1\Board_1\Board_2.srcs\sources_1\new\adc_bit_decoder.vhd:]
report_ip_status -name ip_status 
update_module_reference [get_ips  design_2_adc_bit_decoder_0_0]
INFO: [IP_Flow 19-5107] Inferred bus interface 'clk' of definition 'xilinx.com:signal:clock:1.0' (from Xilinx Repository).
WARNING: [IP_Flow 19-5661] Bus Interface 'clk' does not have any bus interfaces associated with it.
WARNING: [IP_Flow 19-11770] Clock interface 'clk' has no FREQ_HZ parameter.
INFO: [IP_Flow 19-5107] Inferred bus interface 'clk' of definition 'xilinx.com:signal:clock:1.0' (from Xilinx Repository).
WARNING: [IP_Flow 19-5661] Bus Interface 'clk' does not have any bus interfaces associated with it.
WARNING: [IP_Flow 19-11770] Clock interface 'clk' has no FREQ_HZ parameter.
Upgrading 'C:/Users/qianzha/Desktop/DAT096-krishna/Embedded-System-Project-DAT096-krishna/Board_1/Board_1/Board_2.srcs/sources_1/bd/design_2/design_2.bd'
WARNING: [Vivado 12-1017] Problems encountered:
1. Failed to delete one or more files in run directory C:/Users/qianzha/Desktop/DAT096-krishna/Embedded-System-Project-DAT096-krishna/Board_1/Board_1/Board_2.runs/design_2_adc_bit_decoder_0_0_synth_1

INFO: [IP_Flow 19-3420] Updated design_2_adc_bit_decoder_0_0 to use current project options
Wrote  : <C:\Users\qianzha\Desktop\DAT096-krishna\Embedded-System-Project-DAT096-krishna\Board_1\Board_1\Board_2.srcs\sources_1\bd\design_2\design_2.bd> 
WARNING: [filemgmt 56-199] Attempt to get parsing info during refresh. "On-the-fly" syntax checking information may be incorrect. [C:\Users\qianzha\Desktop\DAT096-krishna\Embedded-System-Project-DAT096-krishna\Board_1\Board_1\Board_2.srcs\sources_1\new\delay_measure.vhd:]
WARNING: [filemgmt 56-199] Attempt to get parsing info during refresh. "On-the-fly" syntax checking information may be incorrect. [C:\Users\qianzha\Desktop\DAT096-krishna\Embedded-System-Project-DAT096-krishna\Board_1\Board_1\Board_2.srcs\sources_1\new\adc_bit_decoder.vhd:]
WARNING: [filemgmt 56-199] Attempt to get parsing info during refresh. "On-the-fly" syntax checking information may be incorrect. [C:\Users\qianzha\Desktop\DAT096-krishna\Embedded-System-Project-DAT096-krishna\Board_1\Board_1\Board_2.srcs\sources_1\new\bit to dac converter.vhd:]
WARNING: [filemgmt 56-199] Attempt to get parsing info during refresh. "On-the-fly" syntax checking information may be incorrect. [C:\Users\qianzha\Desktop\DAT096-krishna\Embedded-System-Project-DAT096-krishna\Board_1\Board_1\Board_2.srcs\sources_1\new\pulse_gen.vhd:]
WARNING: [filemgmt 56-199] Attempt to get parsing info during refresh. "On-the-fly" syntax checking information may be incorrect. [C:\Users\qianzha\Desktop\DAT096-krishna\Embedded-System-Project-DAT096-krishna\Board_1\Board_1\Board_2.srcs\sources_1\new\bit to dac converter.vhd:]
WARNING: [filemgmt 56-199] Attempt to get parsing info during refresh. "On-the-fly" syntax checking information may be incorrect. [C:\Users\qianzha\Desktop\DAT096-krishna\Embedded-System-Project-DAT096-krishna\Board_1\Board_1\Board_2.srcs\sources_1\new\bit to dac converter.vhd:]
WARNING: [filemgmt 56-199] Attempt to get parsing info during refresh. "On-the-fly" syntax checking information may be incorrect. [C:\Users\qianzha\Desktop\DAT096-krishna\Embedded-System-Project-DAT096-krishna\Board_1\Board_1\Board_2.srcs\sources_1\new\delay_measure.vhd:]
WARNING: [filemgmt 56-199] Attempt to get parsing info during refresh. "On-the-fly" syntax checking information may be incorrect. [C:\Users\qianzha\Desktop\DAT096-krishna\Embedded-System-Project-DAT096-krishna\Board_1\Board_1\Board_2.srcs\sources_1\new\adc_bit_decoder.vhd:]
WARNING: [filemgmt 56-199] Attempt to get parsing info during refresh. "On-the-fly" syntax checking information may be incorrect. [C:\Users\qianzha\Desktop\DAT096-krishna\Embedded-System-Project-DAT096-krishna\Board_1\Board_1\Board_2.srcs\sources_1\new\bit to dac converter.vhd:]
WARNING: [filemgmt 56-199] Attempt to get parsing info during refresh. "On-the-fly" syntax checking information may be incorrect. [C:\Users\qianzha\Desktop\DAT096-krishna\Embedded-System-Project-DAT096-krishna\Board_1\Board_1\Board_2.srcs\sources_1\new\pulse_gen.vhd:]
WARNING: [filemgmt 56-199] Attempt to get parsing info during refresh. "On-the-fly" syntax checking information may be incorrect. [C:\Users\qianzha\Desktop\DAT096-krishna\Embedded-System-Project-DAT096-krishna\Board_1\Board_1\Board_2.srcs\sources_1\new\delay_measure.vhd:]
WARNING: [filemgmt 56-199] Attempt to get parsing info during refresh. "On-the-fly" syntax checking information may be incorrect. [C:\Users\qianzha\Desktop\DAT096-krishna\Embedded-System-Project-DAT096-krishna\Board_1\Board_1\Board_2.srcs\sources_1\new\delay_measure.vhd:]
ERROR: [Common 17-180] Spawn failed: No error
generate_target all [get_files  C:/Users/qianzha/Desktop/DAT096-krishna/Embedded-System-Project-DAT096-krishna/Board_1/Board_1/Board_2.srcs/sources_1/bd/design_2/design_2.bd]
WARNING: [BD 41-2670] Found an incomplete address path from address space '/processing_system7_0/Data' to master interface '/processing_system7_0/M_AXI_GP0'. Please either complete or remove this path to resolve.
WARNING: [BD 5-699] No address segments matched 'get_bd_addr_segs -of_objects /processing_system7_0/Data'
WARNING: [IP_Flow 19-4684] Expected long value for param C_ILA_CLK_FREQ but, float/scientific notation value 5e+07 is provided. The value is converted to long type(50000000)
INFO: [xilinx.com:ip:clk_wiz:6.0-1] /clk_wiz_0 clk_wiz propagate
Wrote  : <C:\Users\qianzha\Desktop\DAT096-krishna\Embedded-System-Project-DAT096-krishna\Board_1\Board_1\Board_2.srcs\sources_1\bd\design_2\design_2.bd> 
VHDL Output written to : c:/Users/qianzha/Desktop/DAT096-krishna/Embedded-System-Project-DAT096-krishna/Board_1/Board_1/Board_2.gen/sources_1/bd/design_2/synth/design_2.vhd
VHDL Output written to : c:/Users/qianzha/Desktop/DAT096-krishna/Embedded-System-Project-DAT096-krishna/Board_1/Board_1/Board_2.gen/sources_1/bd/design_2/sim/design_2.vhd
VHDL Output written to : c:/Users/qianzha/Desktop/DAT096-krishna/Embedded-System-Project-DAT096-krishna/Board_1/Board_1/Board_2.gen/sources_1/bd/design_2/hdl/design_2_wrapper.vhd
INFO: [BD 41-1029] Generation completed for the IP Integrator block adc_bit_decoder_0 .
Exporting to file c:/Users/qianzha/Desktop/DAT096-krishna/Embedded-System-Project-DAT096-krishna/Board_1/Board_1/Board_2.gen/sources_1/bd/design_2/hw_handoff/design_2.hwh
Generated Hardware Definition File c:/Users/qianzha/Desktop/DAT096-krishna/Embedded-System-Project-DAT096-krishna/Board_1/Board_1/Board_2.gen/sources_1/bd/design_2/synth/design_2.hwdef
export_ip_user_files -of_objects [get_files C:/Users/qianzha/Desktop/DAT096-krishna/Embedded-System-Project-DAT096-krishna/Board_1/Board_1/Board_2.srcs/sources_1/bd/design_2/design_2.bd] -no_script -sync -force -quiet
create_ip_run [get_files -of_objects [get_fileset sources_1] C:/Users/qianzha/Desktop/DAT096-krishna/Embedded-System-Project-DAT096-krishna/Board_1/Board_1/Board_2.srcs/sources_1/bd/design_2/design_2.bd]
launch_runs design_2_adc_bit_decoder_0_0_synth_1 -jobs 28
[Thu Apr 30 14:28:53 2026] Launched design_2_adc_bit_decoder_0_0_synth_1...
Run output will be captured here: C:/Users/qianzha/Desktop/DAT096-krishna/Embedded-System-Project-DAT096-krishna/Board_1/Board_1/Board_2.runs/design_2_adc_bit_decoder_0_0_synth_1/runme.log
export_simulation -lib_map_path [list {modelsim=C:/Users/qianzha/Desktop/DAT096-krishna/Embedded-System-Project-DAT096-krishna/Board_1/Board_1/Board_2.cache/compile_simlib/modelsim} {questa=C:/Users/qianzha/Desktop/DAT096-krishna/Embedded-System-Project-DAT096-krishna/Board_1/Board_1/Board_2.cache/compile_simlib/questa} {riviera=C:/Users/qianzha/Desktop/DAT096-krishna/Embedded-System-Project-DAT096-krishna/Board_1/Board_1/Board_2.cache/compile_simlib/riviera} {activehdl=C:/Users/qianzha/Desktop/DAT096-krishna/Embedded-System-Project-DAT096-krishna/Board_1/Board_1/Board_2.cache/compile_simlib/activehdl}] -of_objects [get_files C:/Users/qianzha/Desktop/DAT096-krishna/Embedded-System-Project-DAT096-krishna/Board_1/Board_1/Board_2.srcs/sources_1/bd/design_2/design_2.bd] -directory C:/Users/qianzha/Desktop/DAT096-krishna/Embedded-System-Project-DAT096-krishna/Board_1/Board_1/Board_2.ip_user_files/sim_scripts -ip_user_files_dir C:/Users/qianzha/Desktop/DAT096-krishna/Embedded-System-Project-DAT096-krishna/Board_1/Board_1/Board_2.ip_user_files -ipstatic_source_dir C:/Users/qianzha/Desktop/DAT096-krishna/Embedded-System-Project-DAT096-krishna/Board_1/Board_1/Board_2.ip_user_files/ipstatic -use_ip_compiled_libs -force -quiet
WARNING: [filemgmt 56-199] Attempt to get parsing info during refresh. "On-the-fly" syntax checking information may be incorrect. [C:\Users\qianzha\Desktop\DAT096-krishna\Embedded-System-Project-DAT096-krishna\Board_1\Board_1\Board_2.srcs\sources_1\new\delay_measure.vhd:]
WARNING: [filemgmt 56-199] Attempt to get parsing info during refresh. "On-the-fly" syntax checking information may be incorrect. [C:\Users\qianzha\Desktop\DAT096-krishna\Embedded-System-Project-DAT096-krishna\Board_1\Board_1\Board_2.srcs\sources_1\new\adc_bit_decoder.vhd:]
WARNING: [filemgmt 56-199] Attempt to get parsing info during refresh. "On-the-fly" syntax checking information may be incorrect. [C:\Users\qianzha\Desktop\DAT096-krishna\Embedded-System-Project-DAT096-krishna\Board_1\Board_1\Board_2.srcs\sources_1\new\bit to dac converter.vhd:]
WARNING: [filemgmt 56-199] Attempt to get parsing info during refresh. "On-the-fly" syntax checking information may be incorrect. [C:\Users\qianzha\Desktop\DAT096-krishna\Embedded-System-Project-DAT096-krishna\Board_1\Board_1\Board_2.srcs\sources_1\new\pulse_gen.vhd:]
WARNING: [filemgmt 56-199] Attempt to get parsing info during refresh. "On-the-fly" syntax checking information may be incorrect. [C:\Users\qianzha\Desktop\DAT096-krishna\Embedded-System-Project-DAT096-krishna\Board_1\Board_1\Board_2.srcs\sources_1\new\delay_measure.vhd:]
WARNING: [filemgmt 56-199] Attempt to get parsing info during refresh. "On-the-fly" syntax checking information may be incorrect. [C:\Users\qianzha\Desktop\DAT096-krishna\Embedded-System-Project-DAT096-krishna\Board_1\Board_1\Board_2.srcs\sources_1\new\delay_measure.vhd:]
WARNING: [filemgmt 56-199] Attempt to get parsing info during refresh. "On-the-fly" syntax checking information may be incorrect. [C:\Users\qianzha\Desktop\DAT096-krishna\Embedded-System-Project-DAT096-krishna\Board_1\Board_1\Board_2.srcs\sources_1\new\delay_measure.vhd:]
WARNING: [filemgmt 56-199] Attempt to get parsing info during refresh. "On-the-fly" syntax checking information may be incorrect. [C:\Users\qianzha\Desktop\DAT096-krishna\Embedded-System-Project-DAT096-krishna\Board_1\Board_1\Board_2.srcs\sources_1\new\adc_bit_decoder.vhd:]
WARNING: [filemgmt 56-199] Attempt to get parsing info during refresh. "On-the-fly" syntax checking information may be incorrect. [C:\Users\qianzha\Desktop\DAT096-krishna\Embedded-System-Project-DAT096-krishna\Board_1\Board_1\Board_2.srcs\sources_1\new\bit to dac converter.vhd:]
WARNING: [filemgmt 56-199] Attempt to get parsing info during refresh. "On-the-fly" syntax checking information may be incorrect. [C:\Users\qianzha\Desktop\DAT096-krishna\Embedded-System-Project-DAT096-krishna\Board_1\Board_1\Board_2.srcs\sources_1\new\pulse_gen.vhd:]
WARNING: [filemgmt 56-199] Attempt to get parsing info during refresh. "On-the-fly" syntax checking information may be incorrect. [C:\Users\qianzha\Desktop\DAT096-krishna\Embedded-System-Project-DAT096-krishna\Board_1\Board_1\Board_2.srcs\sources_1\new\adc_bit_decoder.vhd:]
WARNING: [filemgmt 56-199] Attempt to get parsing info during refresh. "On-the-fly" syntax checking information may be incorrect. [C:\Users\qianzha\Desktop\DAT096-krishna\Embedded-System-Project-DAT096-krishna\Board_1\Board_1\Board_2.srcs\sources_1\new\adc_bit_decoder.vhd:]
report_ip_status -name ip_status 
ERROR: [Common 17-180] Spawn failed: No error
ERROR: [Common 17-180] Spawn failed: No error
WARNING: [filemgmt 56-199] Attempt to get parsing info during refresh. "On-the-fly" syntax checking information may be incorrect. [C:\Users\qianzha\Desktop\DAT096-krishna\Embedded-System-Project-DAT096-krishna\Board_1\Board_1\Board_2.srcs\sources_1\new\delay_measure.vhd:]
WARNING: [filemgmt 56-199] Attempt to get parsing info during refresh. "On-the-fly" syntax checking information may be incorrect. [C:\Users\qianzha\Desktop\DAT096-krishna\Embedded-System-Project-DAT096-krishna\Board_1\Board_1\Board_2.srcs\sources_1\new\adc_bit_decoder.vhd:]
WARNING: [filemgmt 56-199] Attempt to get parsing info during refresh. "On-the-fly" syntax checking information may be incorrect. [C:\Users\qianzha\Desktop\DAT096-krishna\Embedded-System-Project-DAT096-krishna\Board_1\Board_1\Board_2.srcs\sources_1\new\bit to dac converter.vhd:]
WARNING: [filemgmt 56-199] Attempt to get parsing info during refresh. "On-the-fly" syntax checking information may be incorrect. [C:\Users\qianzha\Desktop\DAT096-krishna\Embedded-System-Project-DAT096-krishna\Board_1\Board_1\Board_2.srcs\sources_1\new\pulse_gen.vhd:]
WARNING: [filemgmt 56-199] Attempt to get parsing info during refresh. "On-the-fly" syntax checking information may be incorrect. [C:\Users\qianzha\Desktop\DAT096-krishna\Embedded-System-Project-DAT096-krishna\Board_1\Board_1\Board_2.srcs\sources_1\new\bit to dac converter.vhd:]
WARNING: [filemgmt 56-199] Attempt to get parsing info during refresh. "On-the-fly" syntax checking information may be incorrect. [C:\Users\qianzha\Desktop\DAT096-krishna\Embedded-System-Project-DAT096-krishna\Board_1\Board_1\Board_2.srcs\sources_1\new\bit to dac converter.vhd:]
reset_run synth_1
WARNING: [Vivado 12-1017] Problems encountered:
1. Failed to delete one or more files in run directory C:/Users/qianzha/Desktop/DAT096-krishna/Embedded-System-Project-DAT096-krishna/Board_1/Board_1/Board_2.runs/synth_1

launch_runs synth_1 -jobs 28
[Thu Apr 30 14:29:07 2026] Launched design_2_adc_bit_decoder_0_0_synth_1...
Run output will be captured here: C:/Users/qianzha/Desktop/DAT096-krishna/Embedded-System-Project-DAT096-krishna/Board_1/Board_1/Board_2.runs/design_2_adc_bit_decoder_0_0_synth_1/runme.log
[Thu Apr 30 14:29:07 2026] Launched synth_1...
Run output will be captured here: C:/Users/qianzha/Desktop/DAT096-krishna/Embedded-System-Project-DAT096-krishna/Board_1/Board_1/Board_2.runs/synth_1/runme.log
WARNING: [filemgmt 56-199] Attempt to get parsing info during refresh. "On-the-fly" syntax checking information may be incorrect. [C:\Users\qianzha\Desktop\DAT096-krishna\Embedded-System-Project-DAT096-krishna\Board_1\Board_1\Board_2.srcs\sources_1\new\delay_measure.vhd:]
WARNING: [filemgmt 56-199] Attempt to get parsing info during refresh. "On-the-fly" syntax checking information may be incorrect. [C:\Users\qianzha\Desktop\DAT096-krishna\Embedded-System-Project-DAT096-krishna\Board_1\Board_1\Board_2.srcs\sources_1\new\adc_bit_decoder.vhd:]
WARNING: [filemgmt 56-199] Attempt to get parsing info during refresh. "On-the-fly" syntax checking information may be incorrect. [C:\Users\qianzha\Desktop\DAT096-krishna\Embedded-System-Project-DAT096-krishna\Board_1\Board_1\Board_2.srcs\sources_1\new\bit to dac converter.vhd:]
WARNING: [filemgmt 56-199] Attempt to get parsing info during refresh. "On-the-fly" syntax checking information may be incorrect. [C:\Users\qianzha\Desktop\DAT096-krishna\Embedded-System-Project-DAT096-krishna\Board_1\Board_1\Board_2.srcs\sources_1\new\pulse_gen.vhd:]
WARNING: [filemgmt 56-199] Attempt to get parsing info during refresh. "On-the-fly" syntax checking information may be incorrect. [C:\Users\qianzha\Desktop\DAT096-krishna\Embedded-System-Project-DAT096-krishna\Board_1\Board_1\Board_2.srcs\sources_1\new\delay_measure.vhd:]
WARNING: [filemgmt 56-199] Attempt to get parsing info during refresh. "On-the-fly" syntax checking information may be incorrect. [C:\Users\qianzha\Desktop\DAT096-krishna\Embedded-System-Project-DAT096-krishna\Board_1\Board_1\Board_2.srcs\sources_1\new\delay_measure.vhd:]
WARNING: [filemgmt 56-199] Attempt to get parsing info during refresh. "On-the-fly" syntax checking information may be incorrect. [C:\Users\qianzha\Desktop\DAT096-krishna\Embedded-System-Project-DAT096-krishna\Board_1\Board_1\Board_2.srcs\sources_1\new\delay_measure.vhd:]
WARNING: [filemgmt 56-199] Attempt to get parsing info during refresh. "On-the-fly" syntax checking information may be incorrect. [C:\Users\qianzha\Desktop\DAT096-krishna\Embedded-System-Project-DAT096-krishna\Board_1\Board_1\Board_2.srcs\sources_1\new\adc_bit_decoder.vhd:]
WARNING: [filemgmt 56-199] Attempt to get parsing info during refresh. "On-the-fly" syntax checking information may be incorrect. [C:\Users\qianzha\Desktop\DAT096-krishna\Embedded-System-Project-DAT096-krishna\Board_1\Board_1\Board_2.srcs\sources_1\new\bit to dac converter.vhd:]
WARNING: [filemgmt 56-199] Attempt to get parsing info during refresh. "On-the-fly" syntax checking information may be incorrect. [C:\Users\qianzha\Desktop\DAT096-krishna\Embedded-System-Project-DAT096-krishna\Board_1\Board_1\Board_2.srcs\sources_1\new\pulse_gen.vhd:]
WARNING: [filemgmt 56-199] Attempt to get parsing info during refresh. "On-the-fly" syntax checking information may be incorrect. [C:\Users\qianzha\Desktop\DAT096-krishna\Embedded-System-Project-DAT096-krishna\Board_1\Board_1\Board_2.srcs\sources_1\new\adc_bit_decoder.vhd:]
WARNING: [filemgmt 56-199] Attempt to get parsing info during refresh. "On-the-fly" syntax checking information may be incorrect. [C:\Users\qianzha\Desktop\DAT096-krishna\Embedded-System-Project-DAT096-krishna\Board_1\Board_1\Board_2.srcs\sources_1\new\adc_bit_decoder.vhd:]
ERROR: [Common 17-180] Spawn failed: No error
WARNING: [filemgmt 56-199] Attempt to get parsing info during refresh. "On-the-fly" syntax checking information may be incorrect. [C:\Users\qianzha\Desktop\DAT096-krishna\Embedded-System-Project-DAT096-krishna\Board_1\Board_1\Board_2.srcs\sources_1\new\delay_measure.vhd:]
WARNING: [filemgmt 56-199] Attempt to get parsing info during refresh. "On-the-fly" syntax checking information may be incorrect. [C:\Users\qianzha\Desktop\DAT096-krishna\Embedded-System-Project-DAT096-krishna\Board_1\Board_1\Board_2.srcs\sources_1\new\adc_bit_decoder.vhd:]
WARNING: [filemgmt 56-199] Attempt to get parsing info during refresh. "On-the-fly" syntax checking information may be incorrect. [C:\Users\qianzha\Desktop\DAT096-krishna\Embedded-System-Project-DAT096-krishna\Board_1\Board_1\Board_2.srcs\sources_1\new\bit to dac converter.vhd:]
WARNING: [filemgmt 56-199] Attempt to get parsing info during refresh. "On-the-fly" syntax checking information may be incorrect. [C:\Users\qianzha\Desktop\DAT096-krishna\Embedded-System-Project-DAT096-krishna\Board_1\Board_1\Board_2.srcs\sources_1\new\pulse_gen.vhd:]
WARNING: [filemgmt 56-199] Attempt to get parsing info during refresh. "On-the-fly" syntax checking information may be incorrect. [C:\Users\qianzha\Desktop\DAT096-krishna\Embedded-System-Project-DAT096-krishna\Board_1\Board_1\Board_2.srcs\sources_1\new\bit to dac converter.vhd:]
WARNING: [filemgmt 56-199] Attempt to get parsing info during refresh. "On-the-fly" syntax checking information may be incorrect. [C:\Users\qianzha\Desktop\DAT096-krishna\Embedded-System-Project-DAT096-krishna\Board_1\Board_1\Board_2.srcs\sources_1\new\bit to dac converter.vhd:]
ERROR: [Common 17-180] Spawn failed: No error
launch_runs impl_1 -jobs 28
[Thu Apr 30 14:30:30 2026] Launched impl_1...
Run output will be captured here: C:/Users/qianzha/Desktop/DAT096-krishna/Embedded-System-Project-DAT096-krishna/Board_1/Board_1/Board_2.runs/impl_1/runme.log
launch_runs impl_1 -to_step write_bitstream -jobs 28
[Thu Apr 30 14:32:06 2026] Launched impl_1...
Run output will be captured here: C:/Users/qianzha/Desktop/DAT096-krishna/Embedded-System-Project-DAT096-krishna/Board_1/Board_1/Board_2.runs/impl_1/runme.log
set_property PROBES.FILE {C:/Users/qianzha/Desktop/DAT096-krishna/Embedded-System-Project-DAT096-krishna/Board_1/Board_1/Board_2.runs/impl_1/design_2_wrapper.ltx} [get_hw_devices xc7z020_1]
set_property FULL_PROBES.FILE {C:/Users/qianzha/Desktop/DAT096-krishna/Embedded-System-Project-DAT096-krishna/Board_1/Board_1/Board_2.runs/impl_1/design_2_wrapper.ltx} [get_hw_devices xc7z020_1]
set_property PROGRAM.FILE {C:/Users/qianzha/Desktop/DAT096-krishna/Embedded-System-Project-DAT096-krishna/Board_1/Board_1/Board_2.runs/impl_1/design_2_wrapper.bit} [get_hw_devices xc7z020_1]
program_hw_devices [get_hw_devices xc7z020_1]
INFO: [Labtools 27-3164] End of startup status: HIGH
refresh_hw_device [lindex [get_hw_devices xc7z020_1] 0]
INFO: [Labtools 27-2302] Device xc7z020 (JTAG device index = 1) is programmed with a design that has 1 ILA core(s).
run_hw_ila [get_hw_ilas -of_objects [get_hw_devices xc7z020_1] -filter {CELL_NAME=~"design_2_i/ila_0"}]
INFO: [Labtools 27-1964] The ILA core 'hw_ila_1' trigger was armed at 2026-Apr-30 14:32:55
wait_on_hw_ila [get_hw_ilas -of_objects [get_hw_devices xc7z020_1] -filter {CELL_NAME=~"design_2_i/ila_0"}]
display_hw_ila_data [upload_hw_ila_data [get_hw_ilas -of_objects [get_hw_devices xc7z020_1] -filter {CELL_NAME=~"design_2_i/ila_0"}]]
INFO: [Labtools 27-1966] The ILA core 'hw_ila_1' triggered at 2026-Apr-30 14:32:55
INFO: [Labtools 27-3304] ILA Waveform data saved to file C:/Users/qianzha/Desktop/DAT096-krishna/Embedded-System-Project-DAT096-krishna/Board_1/Board_1/Board_2.hw/backup/hw_ila_data_1.ila. Use Tcl command 'read_hw_ila_data' or Vivado File->Import->Import ILA Data menu item to import the previously saved data.
open_bd_design {C:/Users/qianzha/Desktop/DAT096-krishna/Embedded-System-Project-DAT096-krishna/Board_1/Board_1/Board_2.srcs/sources_1/bd/design_2/design_2.bd}
WARNING: [filemgmt 56-199] Attempt to get parsing info during refresh. "On-the-fly" syntax checking information may be incorrect. [C:\Users\qianzha\Desktop\DAT096-krishna\Embedded-System-Project-DAT096-krishna\Board_1\Board_1\Board_2.srcs\sources_1\new\delay_measure.vhd:]
WARNING: [filemgmt 56-199] Attempt to get parsing info during refresh. "On-the-fly" syntax checking information may be incorrect. [C:\Users\qianzha\Desktop\DAT096-krishna\Embedded-System-Project-DAT096-krishna\Board_1\Board_1\Board_2.srcs\sources_1\new\adc_bit_decoder.vhd:]
WARNING: [filemgmt 56-199] Attempt to get parsing info during refresh. "On-the-fly" syntax checking information may be incorrect. [C:\Users\qianzha\Desktop\DAT096-krishna\Embedded-System-Project-DAT096-krishna\Board_1\Board_1\Board_2.srcs\sources_1\new\bit to dac converter.vhd:]
WARNING: [filemgmt 56-199] Attempt to get parsing info during refresh. "On-the-fly" syntax checking information may be incorrect. [C:\Users\qianzha\Desktop\DAT096-krishna\Embedded-System-Project-DAT096-krishna\Board_1\Board_1\Board_2.srcs\sources_1\new\pulse_gen.vhd:]
WARNING: [filemgmt 56-199] Attempt to get parsing info during refresh. "On-the-fly" syntax checking information may be incorrect. [C:\Users\qianzha\Desktop\DAT096-krishna\Embedded-System-Project-DAT096-krishna\Board_1\Board_1\Board_2.srcs\sources_1\new\delay_measure.vhd:]
WARNING: [filemgmt 56-199] Attempt to get parsing info during refresh. "On-the-fly" syntax checking information may be incorrect. [C:\Users\qianzha\Desktop\DAT096-krishna\Embedded-System-Project-DAT096-krishna\Board_1\Board_1\Board_2.srcs\sources_1\new\delay_measure.vhd:]
WARNING: [filemgmt 56-199] Attempt to get parsing info during refresh. "On-the-fly" syntax checking information may be incorrect. [C:\Users\qianzha\Desktop\DAT096-krishna\Embedded-System-Project-DAT096-krishna\Board_1\Board_1\Board_2.srcs\sources_1\new\delay_measure.vhd:]
WARNING: [filemgmt 56-199] Attempt to get parsing info during refresh. "On-the-fly" syntax checking information may be incorrect. [C:\Users\qianzha\Desktop\DAT096-krishna\Embedded-System-Project-DAT096-krishna\Board_1\Board_1\Board_2.srcs\sources_1\new\adc_bit_decoder.vhd:]
WARNING: [filemgmt 56-199] Attempt to get parsing info during refresh. "On-the-fly" syntax checking information may be incorrect. [C:\Users\qianzha\Desktop\DAT096-krishna\Embedded-System-Project-DAT096-krishna\Board_1\Board_1\Board_2.srcs\sources_1\new\bit to dac converter.vhd:]
WARNING: [filemgmt 56-199] Attempt to get parsing info during refresh. "On-the-fly" syntax checking information may be incorrect. [C:\Users\qianzha\Desktop\DAT096-krishna\Embedded-System-Project-DAT096-krishna\Board_1\Board_1\Board_2.srcs\sources_1\new\pulse_gen.vhd:]
WARNING: [filemgmt 56-199] Attempt to get parsing info during refresh. "On-the-fly" syntax checking information may be incorrect. [C:\Users\qianzha\Desktop\DAT096-krishna\Embedded-System-Project-DAT096-krishna\Board_1\Board_1\Board_2.srcs\sources_1\new\pulse_gen.vhd:]
WARNING: [filemgmt 56-199] Attempt to get parsing info during refresh. "On-the-fly" syntax checking information may be incorrect. [C:\Users\qianzha\Desktop\DAT096-krishna\Embedded-System-Project-DAT096-krishna\Board_1\Board_1\Board_2.srcs\sources_1\new\pulse_gen.vhd:]
ERROR: [Common 17-180] Spawn failed: No error
WARNING: [filemgmt 56-199] Attempt to get parsing info during refresh. "On-the-fly" syntax checking information may be incorrect. [C:\Users\qianzha\Desktop\DAT096-krishna\Embedded-System-Project-DAT096-krishna\Board_1\Board_1\Board_2.srcs\sources_1\new\delay_measure.vhd:]
WARNING: [filemgmt 56-199] Attempt to get parsing info during refresh. "On-the-fly" syntax checking information may be incorrect. [C:\Users\qianzha\Desktop\DAT096-krishna\Embedded-System-Project-DAT096-krishna\Board_1\Board_1\Board_2.srcs\sources_1\new\adc_bit_decoder.vhd:]
WARNING: [filemgmt 56-199] Attempt to get parsing info during refresh. "On-the-fly" syntax checking information may be incorrect. [C:\Users\qianzha\Desktop\DAT096-krishna\Embedded-System-Project-DAT096-krishna\Board_1\Board_1\Board_2.srcs\sources_1\new\bit to dac converter.vhd:]
WARNING: [filemgmt 56-199] Attempt to get parsing info during refresh. "On-the-fly" syntax checking information may be incorrect. [C:\Users\qianzha\Desktop\DAT096-krishna\Embedded-System-Project-DAT096-krishna\Board_1\Board_1\Board_2.srcs\sources_1\new\pulse_gen.vhd:]
WARNING: [filemgmt 56-199] Attempt to get parsing info during refresh. "On-the-fly" syntax checking information may be incorrect. [C:\Users\qianzha\Desktop\DAT096-krishna\Embedded-System-Project-DAT096-krishna\Board_1\Board_1\Board_2.srcs\sources_1\new\bit to dac converter.vhd:]
WARNING: [filemgmt 56-199] Attempt to get parsing info during refresh. "On-the-fly" syntax checking information may be incorrect. [C:\Users\qianzha\Desktop\DAT096-krishna\Embedded-System-Project-DAT096-krishna\Board_1\Board_1\Board_2.srcs\sources_1\new\bit to dac converter.vhd:]
report_ip_status -name ip_status 
ERROR: [Common 17-180] Spawn failed: No error
update_module_reference [get_ips  design_2_pilot_tx_rx_0_0]
INFO: [IP_Flow 19-5107] Inferred bus interface 'rst' of definition 'xilinx.com:signal:reset:1.0' (from Xilinx Repository).
INFO: [IP_Flow 19-5107] Inferred bus interface 'clk' of definition 'xilinx.com:signal:clock:1.0' (from Xilinx Repository).
INFO: [IP_Flow 19-4728] Bus Interface 'clk': Added interface parameter 'ASSOCIATED_RESET' with value 'rst'.
WARNING: [IP_Flow 19-5661] Bus Interface 'clk' does not have any bus interfaces associated with it.
WARNING: [IP_Flow 19-11770] Clock interface 'clk' has no FREQ_HZ parameter.
INFO: [IP_Flow 19-5107] Inferred bus interface 'rst' of definition 'xilinx.com:signal:reset:1.0' (from Xilinx Repository).
INFO: [IP_Flow 19-5107] Inferred bus interface 'clk' of definition 'xilinx.com:signal:clock:1.0' (from Xilinx Repository).
INFO: [IP_Flow 19-4728] Bus Interface 'clk': Added interface parameter 'ASSOCIATED_RESET' with value 'rst'.
WARNING: [IP_Flow 19-5661] Bus Interface 'clk' does not have any bus interfaces associated with it.
WARNING: [IP_Flow 19-11770] Clock interface 'clk' has no FREQ_HZ parameter.
Upgrading 'C:/Users/qianzha/Desktop/DAT096-krishna/Embedded-System-Project-DAT096-krishna/Board_1/Board_1/Board_2.srcs/sources_1/bd/design_2/design_2.bd'
WARNING: [Vivado 12-1017] Problems encountered:
1. Failed to delete one or more files in run directory C:/Users/qianzha/Desktop/DAT096-krishna/Embedded-System-Project-DAT096-krishna/Board_1/Board_1/Board_2.runs/design_2_pilot_tx_rx_0_0_synth_1

INFO: [IP_Flow 19-3420] Updated design_2_pilot_tx_rx_0_0 to use current project options
Wrote  : <C:\Users\qianzha\Desktop\DAT096-krishna\Embedded-System-Project-DAT096-krishna\Board_1\Board_1\Board_2.srcs\sources_1\bd\design_2\design_2.bd> 
WARNING: [filemgmt 56-199] Attempt to get parsing info during refresh. "On-the-fly" syntax checking information may be incorrect. [C:\Users\qianzha\Desktop\DAT096-krishna\Embedded-System-Project-DAT096-krishna\Board_1\Board_1\Board_2.srcs\sources_1\new\delay_measure.vhd:]
WARNING: [filemgmt 56-199] Attempt to get parsing info during refresh. "On-the-fly" syntax checking information may be incorrect. [C:\Users\qianzha\Desktop\DAT096-krishna\Embedded-System-Project-DAT096-krishna\Board_1\Board_1\Board_2.srcs\sources_1\new\adc_bit_decoder.vhd:]
WARNING: [filemgmt 56-199] Attempt to get parsing info during refresh. "On-the-fly" syntax checking information may be incorrect. [C:\Users\qianzha\Desktop\DAT096-krishna\Embedded-System-Project-DAT096-krishna\Board_1\Board_1\Board_2.srcs\sources_1\new\bit to dac converter.vhd:]
WARNING: [filemgmt 56-199] Attempt to get parsing info during refresh. "On-the-fly" syntax checking information may be incorrect. [C:\Users\qianzha\Desktop\DAT096-krishna\Embedded-System-Project-DAT096-krishna\Board_1\Board_1\Board_2.srcs\sources_1\new\pulse_gen.vhd:]
WARNING: [filemgmt 56-199] Attempt to get parsing info during refresh. "On-the-fly" syntax checking information may be incorrect. [C:\Users\qianzha\Desktop\DAT096-krishna\Embedded-System-Project-DAT096-krishna\Board_1\Board_1\Board_2.srcs\sources_1\new\adc_bit_decoder.vhd:]
WARNING: [filemgmt 56-199] Attempt to get parsing info during refresh. "On-the-fly" syntax checking information may be incorrect. [C:\Users\qianzha\Desktop\DAT096-krishna\Embedded-System-Project-DAT096-krishna\Board_1\Board_1\Board_2.srcs\sources_1\new\adc_bit_decoder.vhd:]
WARNING: [filemgmt 56-199] Attempt to get parsing info during refresh. "On-the-fly" syntax checking information may be incorrect. [C:\Users\qianzha\Desktop\DAT096-krishna\Embedded-System-Project-DAT096-krishna\Board_1\Board_1\Board_2.srcs\sources_1\new\delay_measure.vhd:]
WARNING: [filemgmt 56-199] Attempt to get parsing info during refresh. "On-the-fly" syntax checking information may be incorrect. [C:\Users\qianzha\Desktop\DAT096-krishna\Embedded-System-Project-DAT096-krishna\Board_1\Board_1\Board_2.srcs\sources_1\new\adc_bit_decoder.vhd:]
WARNING: [filemgmt 56-199] Attempt to get parsing info during refresh. "On-the-fly" syntax checking information may be incorrect. [C:\Users\qianzha\Desktop\DAT096-krishna\Embedded-System-Project-DAT096-krishna\Board_1\Board_1\Board_2.srcs\sources_1\new\bit to dac converter.vhd:]
WARNING: [filemgmt 56-199] Attempt to get parsing info during refresh. "On-the-fly" syntax checking information may be incorrect. [C:\Users\qianzha\Desktop\DAT096-krishna\Embedded-System-Project-DAT096-krishna\Board_1\Board_1\Board_2.srcs\sources_1\new\pulse_gen.vhd:]
WARNING: [filemgmt 56-199] Attempt to get parsing info during refresh. "On-the-fly" syntax checking information may be incorrect. [C:\Users\qianzha\Desktop\DAT096-krishna\Embedded-System-Project-DAT096-krishna\Board_1\Board_1\Board_2.srcs\sources_1\new\pulse_gen.vhd:]
WARNING: [filemgmt 56-199] Attempt to get parsing info during refresh. "On-the-fly" syntax checking information may be incorrect. [C:\Users\qianzha\Desktop\DAT096-krishna\Embedded-System-Project-DAT096-krishna\Board_1\Board_1\Board_2.srcs\sources_1\new\pulse_gen.vhd:]
WARNING: [filemgmt 56-199] Attempt to get parsing info during refresh. "On-the-fly" syntax checking information may be incorrect. [C:\Users\qianzha\Desktop\DAT096-krishna\Embedded-System-Project-DAT096-krishna\Board_1\Board_1\Board_2.srcs\sources_1\new\delay_measure.vhd:]
WARNING: [filemgmt 56-199] Attempt to get parsing info during refresh. "On-the-fly" syntax checking information may be incorrect. [C:\Users\qianzha\Desktop\DAT096-krishna\Embedded-System-Project-DAT096-krishna\Board_1\Board_1\Board_2.srcs\sources_1\new\adc_bit_decoder.vhd:]
WARNING: [filemgmt 56-199] Attempt to get parsing info during refresh. "On-the-fly" syntax checking information may be incorrect. [C:\Users\qianzha\Desktop\DAT096-krishna\Embedded-System-Project-DAT096-krishna\Board_1\Board_1\Board_2.srcs\sources_1\new\bit to dac converter.vhd:]
WARNING: [filemgmt 56-199] Attempt to get parsing info during refresh. "On-the-fly" syntax checking information may be incorrect. [C:\Users\qianzha\Desktop\DAT096-krishna\Embedded-System-Project-DAT096-krishna\Board_1\Board_1\Board_2.srcs\sources_1\new\pulse_gen.vhd:]
WARNING: [filemgmt 56-199] Attempt to get parsing info during refresh. "On-the-fly" syntax checking information may be incorrect. [C:\Users\qianzha\Desktop\DAT096-krishna\Embedded-System-Project-DAT096-krishna\Board_1\Board_1\Board_2.srcs\sources_1\new\delay_measure.vhd:]
WARNING: [filemgmt 56-199] Attempt to get parsing info during refresh. "On-the-fly" syntax checking information may be incorrect. [C:\Users\qianzha\Desktop\DAT096-krishna\Embedded-System-Project-DAT096-krishna\Board_1\Board_1\Board_2.srcs\sources_1\new\delay_measure.vhd:]
ERROR: [Common 17-180] Spawn failed: No error
generate_target all [get_files  C:/Users/qianzha/Desktop/DAT096-krishna/Embedded-System-Project-DAT096-krishna/Board_1/Board_1/Board_2.srcs/sources_1/bd/design_2/design_2.bd]
WARNING: [BD 41-2670] Found an incomplete address path from address space '/processing_system7_0/Data' to master interface '/processing_system7_0/M_AXI_GP0'. Please either complete or remove this path to resolve.
WARNING: [BD 5-699] No address segments matched 'get_bd_addr_segs -of_objects /processing_system7_0/Data'
WARNING: [IP_Flow 19-4684] Expected long value for param C_ILA_CLK_FREQ but, float/scientific notation value 5e+07 is provided. The value is converted to long type(50000000)
INFO: [xilinx.com:ip:clk_wiz:6.0-1] /clk_wiz_0 clk_wiz propagate
Wrote  : <C:\Users\qianzha\Desktop\DAT096-krishna\Embedded-System-Project-DAT096-krishna\Board_1\Board_1\Board_2.srcs\sources_1\bd\design_2\design_2.bd> 
VHDL Output written to : c:/Users/qianzha/Desktop/DAT096-krishna/Embedded-System-Project-DAT096-krishna/Board_1/Board_1/Board_2.gen/sources_1/bd/design_2/synth/design_2.vhd
VHDL Output written to : c:/Users/qianzha/Desktop/DAT096-krishna/Embedded-System-Project-DAT096-krishna/Board_1/Board_1/Board_2.gen/sources_1/bd/design_2/sim/design_2.vhd
VHDL Output written to : c:/Users/qianzha/Desktop/DAT096-krishna/Embedded-System-Project-DAT096-krishna/Board_1/Board_1/Board_2.gen/sources_1/bd/design_2/hdl/design_2_wrapper.vhd
INFO: [BD 41-1029] Generation completed for the IP Integrator block pilot_tx_rx_0 .
Exporting to file c:/Users/qianzha/Desktop/DAT096-krishna/Embedded-System-Project-DAT096-krishna/Board_1/Board_1/Board_2.gen/sources_1/bd/design_2/hw_handoff/design_2.hwh
Generated Hardware Definition File c:/Users/qianzha/Desktop/DAT096-krishna/Embedded-System-Project-DAT096-krishna/Board_1/Board_1/Board_2.gen/sources_1/bd/design_2/synth/design_2.hwdef
export_ip_user_files -of_objects [get_files C:/Users/qianzha/Desktop/DAT096-krishna/Embedded-System-Project-DAT096-krishna/Board_1/Board_1/Board_2.srcs/sources_1/bd/design_2/design_2.bd] -no_script -sync -force -quiet
create_ip_run [get_files -of_objects [get_fileset sources_1] C:/Users/qianzha/Desktop/DAT096-krishna/Embedded-System-Project-DAT096-krishna/Board_1/Board_1/Board_2.srcs/sources_1/bd/design_2/design_2.bd]
launch_runs design_2_pilot_tx_rx_0_0_synth_1 -jobs 28
[Thu Apr 30 14:39:43 2026] Launched design_2_pilot_tx_rx_0_0_synth_1...
Run output will be captured here: C:/Users/qianzha/Desktop/DAT096-krishna/Embedded-System-Project-DAT096-krishna/Board_1/Board_1/Board_2.runs/design_2_pilot_tx_rx_0_0_synth_1/runme.log
export_simulation -lib_map_path [list {modelsim=C:/Users/qianzha/Desktop/DAT096-krishna/Embedded-System-Project-DAT096-krishna/Board_1/Board_1/Board_2.cache/compile_simlib/modelsim} {questa=C:/Users/qianzha/Desktop/DAT096-krishna/Embedded-System-Project-DAT096-krishna/Board_1/Board_1/Board_2.cache/compile_simlib/questa} {riviera=C:/Users/qianzha/Desktop/DAT096-krishna/Embedded-System-Project-DAT096-krishna/Board_1/Board_1/Board_2.cache/compile_simlib/riviera} {activehdl=C:/Users/qianzha/Desktop/DAT096-krishna/Embedded-System-Project-DAT096-krishna/Board_1/Board_1/Board_2.cache/compile_simlib/activehdl}] -of_objects [get_files C:/Users/qianzha/Desktop/DAT096-krishna/Embedded-System-Project-DAT096-krishna/Board_1/Board_1/Board_2.srcs/sources_1/bd/design_2/design_2.bd] -directory C:/Users/qianzha/Desktop/DAT096-krishna/Embedded-System-Project-DAT096-krishna/Board_1/Board_1/Board_2.ip_user_files/sim_scripts -ip_user_files_dir C:/Users/qianzha/Desktop/DAT096-krishna/Embedded-System-Project-DAT096-krishna/Board_1/Board_1/Board_2.ip_user_files -ipstatic_source_dir C:/Users/qianzha/Desktop/DAT096-krishna/Embedded-System-Project-DAT096-krishna/Board_1/Board_1/Board_2.ip_user_files/ipstatic -use_ip_compiled_libs -force -quiet
WARNING: [filemgmt 56-199] Attempt to get parsing info during refresh. "On-the-fly" syntax checking information may be incorrect. [C:\Users\qianzha\Desktop\DAT096-krishna\Embedded-System-Project-DAT096-krishna\Board_1\Board_1\Board_2.srcs\sources_1\new\delay_measure.vhd:]
WARNING: [filemgmt 56-199] Attempt to get parsing info during refresh. "On-the-fly" syntax checking information may be incorrect. [C:\Users\qianzha\Desktop\DAT096-krishna\Embedded-System-Project-DAT096-krishna\Board_1\Board_1\Board_2.srcs\sources_1\new\adc_bit_decoder.vhd:]
WARNING: [filemgmt 56-199] Attempt to get parsing info during refresh. "On-the-fly" syntax checking information may be incorrect. [C:\Users\qianzha\Desktop\DAT096-krishna\Embedded-System-Project-DAT096-krishna\Board_1\Board_1\Board_2.srcs\sources_1\new\bit to dac converter.vhd:]
WARNING: [filemgmt 56-199] Attempt to get parsing info during refresh. "On-the-fly" syntax checking information may be incorrect. [C:\Users\qianzha\Desktop\DAT096-krishna\Embedded-System-Project-DAT096-krishna\Board_1\Board_1\Board_2.srcs\sources_1\new\pulse_gen.vhd:]
WARNING: [filemgmt 56-199] Attempt to get parsing info during refresh. "On-the-fly" syntax checking information may be incorrect. [C:\Users\qianzha\Desktop\DAT096-krishna\Embedded-System-Project-DAT096-krishna\Board_1\Board_1\Board_2.srcs\sources_1\new\delay_measure.vhd:]
WARNING: [filemgmt 56-199] Attempt to get parsing info during refresh. "On-the-fly" syntax checking information may be incorrect. [C:\Users\qianzha\Desktop\DAT096-krishna\Embedded-System-Project-DAT096-krishna\Board_1\Board_1\Board_2.srcs\sources_1\new\delay_measure.vhd:]
report_ip_status -name ip_status 
WARNING: [filemgmt 56-199] Attempt to get parsing info during refresh. "On-the-fly" syntax checking information may be incorrect. [C:\Users\qianzha\Desktop\DAT096-krishna\Embedded-System-Project-DAT096-krishna\Board_1\Board_1\Board_2.srcs\sources_1\new\delay_measure.vhd:]
WARNING: [filemgmt 56-199] Attempt to get parsing info during refresh. "On-the-fly" syntax checking information may be incorrect. [C:\Users\qianzha\Desktop\DAT096-krishna\Embedded-System-Project-DAT096-krishna\Board_1\Board_1\Board_2.srcs\sources_1\new\adc_bit_decoder.vhd:]
WARNING: [filemgmt 56-199] Attempt to get parsing info during refresh. "On-the-fly" syntax checking information may be incorrect. [C:\Users\qianzha\Desktop\DAT096-krishna\Embedded-System-Project-DAT096-krishna\Board_1\Board_1\Board_2.srcs\sources_1\new\bit to dac converter.vhd:]
WARNING: [filemgmt 56-199] Attempt to get parsing info during refresh. "On-the-fly" syntax checking information may be incorrect. [C:\Users\qianzha\Desktop\DAT096-krishna\Embedded-System-Project-DAT096-krishna\Board_1\Board_1\Board_2.srcs\sources_1\new\pulse_gen.vhd:]
WARNING: [filemgmt 56-199] Attempt to get parsing info during refresh. "On-the-fly" syntax checking information may be incorrect. [C:\Users\qianzha\Desktop\DAT096-krishna\Embedded-System-Project-DAT096-krishna\Board_1\Board_1\Board_2.srcs\sources_1\new\adc_bit_decoder.vhd:]
WARNING: [filemgmt 56-199] Attempt to get parsing info during refresh. "On-the-fly" syntax checking information may be incorrect. [C:\Users\qianzha\Desktop\DAT096-krishna\Embedded-System-Project-DAT096-krishna\Board_1\Board_1\Board_2.srcs\sources_1\new\adc_bit_decoder.vhd:]
ERROR: [Common 17-180] Spawn failed: No error
WARNING: [filemgmt 56-199] Attempt to get parsing info during refresh. "On-the-fly" syntax checking information may be incorrect. [C:\Users\qianzha\Desktop\DAT096-krishna\Embedded-System-Project-DAT096-krishna\Board_1\Board_1\Board_2.srcs\sources_1\new\delay_measure.vhd:]
WARNING: [filemgmt 56-199] Attempt to get parsing info during refresh. "On-the-fly" syntax checking information may be incorrect. [C:\Users\qianzha\Desktop\DAT096-krishna\Embedded-System-Project-DAT096-krishna\Board_1\Board_1\Board_2.srcs\sources_1\new\adc_bit_decoder.vhd:]
WARNING: [filemgmt 56-199] Attempt to get parsing info during refresh. "On-the-fly" syntax checking information may be incorrect. [C:\Users\qianzha\Desktop\DAT096-krishna\Embedded-System-Project-DAT096-krishna\Board_1\Board_1\Board_2.srcs\sources_1\new\bit to dac converter.vhd:]
WARNING: [filemgmt 56-199] Attempt to get parsing info during refresh. "On-the-fly" syntax checking information may be incorrect. [C:\Users\qianzha\Desktop\DAT096-krishna\Embedded-System-Project-DAT096-krishna\Board_1\Board_1\Board_2.srcs\sources_1\new\pulse_gen.vhd:]
WARNING: [filemgmt 56-199] Attempt to get parsing info during refresh. "On-the-fly" syntax checking information may be incorrect. [C:\Users\qianzha\Desktop\DAT096-krishna\Embedded-System-Project-DAT096-krishna\Board_1\Board_1\Board_2.srcs\sources_1\new\bit to dac converter.vhd:]
WARNING: [filemgmt 56-199] Attempt to get parsing info during refresh. "On-the-fly" syntax checking information may be incorrect. [C:\Users\qianzha\Desktop\DAT096-krishna\Embedded-System-Project-DAT096-krishna\Board_1\Board_1\Board_2.srcs\sources_1\new\bit to dac converter.vhd:]
ERROR: [Common 17-180] Spawn failed: No error
reset_run synth_1
INFO: [Project 1-1161] Replacing file C:/Users/qianzha/Desktop/DAT096-krishna/Embedded-System-Project-DAT096-krishna/Board_1/Board_1/Board_2.srcs/utils_1/imports/synth_1/design_2_wrapper.dcp with file C:/Users/qianzha/Desktop/DAT096-krishna/Embedded-System-Project-DAT096-krishna/Board_1/Board_1/Board_2.runs/synth_1/design_2_wrapper.dcp
WARNING: [Vivado 12-1017] Problems encountered:
1. Failed to delete one or more files in run directory C:/Users/qianzha/Desktop/DAT096-krishna/Embedded-System-Project-DAT096-krishna/Board_1/Board_1/Board_2.runs/synth_1

reset_run design_2_pilot_tx_rx_0_0_synth_1
WARNING: [Vivado 12-1017] Problems encountered:
1. Failed to delete one or more files in run directory C:/Users/qianzha/Desktop/DAT096-krishna/Embedded-System-Project-DAT096-krishna/Board_1/Board_1/Board_2.runs/design_2_pilot_tx_rx_0_0_synth_1

WARNING: [filemgmt 56-199] Attempt to get parsing info during refresh. "On-the-fly" syntax checking information may be incorrect. [C:\Users\qianzha\Desktop\DAT096-krishna\Embedded-System-Project-DAT096-krishna\Board_1\Board_1\Board_2.srcs\sources_1\new\delay_measure.vhd:]
WARNING: [filemgmt 56-199] Attempt to get parsing info during refresh. "On-the-fly" syntax checking information may be incorrect. [C:\Users\qianzha\Desktop\DAT096-krishna\Embedded-System-Project-DAT096-krishna\Board_1\Board_1\Board_2.srcs\sources_1\new\adc_bit_decoder.vhd:]
WARNING: [filemgmt 56-199] Attempt to get parsing info during refresh. "On-the-fly" syntax checking information may be incorrect. [C:\Users\qianzha\Desktop\DAT096-krishna\Embedded-System-Project-DAT096-krishna\Board_1\Board_1\Board_2.srcs\sources_1\new\bit to dac converter.vhd:]
WARNING: [filemgmt 56-199] Attempt to get parsing info during refresh. "On-the-fly" syntax checking information may be incorrect. [C:\Users\qianzha\Desktop\DAT096-krishna\Embedded-System-Project-DAT096-krishna\Board_1\Board_1\Board_2.srcs\sources_1\new\pulse_gen.vhd:]
WARNING: [filemgmt 56-199] Attempt to get parsing info during refresh. "On-the-fly" syntax checking information may be incorrect. [C:\Users\qianzha\Desktop\DAT096-krishna\Embedded-System-Project-DAT096-krishna\Board_1\Board_1\Board_2.srcs\sources_1\new\pulse_gen.vhd:]
WARNING: [filemgmt 56-199] Attempt to get parsing info during refresh. "On-the-fly" syntax checking information may be incorrect. [C:\Users\qianzha\Desktop\DAT096-krishna\Embedded-System-Project-DAT096-krishna\Board_1\Board_1\Board_2.srcs\sources_1\new\pulse_gen.vhd:]
WARNING: [filemgmt 56-199] Attempt to get parsing info during refresh. "On-the-fly" syntax checking information may be incorrect. [C:\Users\qianzha\Desktop\DAT096-krishna\Embedded-System-Project-DAT096-krishna\Board_1\Board_1\Board_2.srcs\sources_1\new\delay_measure.vhd:]
WARNING: [filemgmt 56-199] Attempt to get parsing info during refresh. "On-the-fly" syntax checking information may be incorrect. [C:\Users\qianzha\Desktop\DAT096-krishna\Embedded-System-Project-DAT096-krishna\Board_1\Board_1\Board_2.srcs\sources_1\new\adc_bit_decoder.vhd:]
WARNING: [filemgmt 56-199] Attempt to get parsing info during refresh. "On-the-fly" syntax checking information may be incorrect. [C:\Users\qianzha\Desktop\DAT096-krishna\Embedded-System-Project-DAT096-krishna\Board_1\Board_1\Board_2.srcs\sources_1\new\bit to dac converter.vhd:]
WARNING: [filemgmt 56-199] Attempt to get parsing info during refresh. "On-the-fly" syntax checking information may be incorrect. [C:\Users\qianzha\Desktop\DAT096-krishna\Embedded-System-Project-DAT096-krishna\Board_1\Board_1\Board_2.srcs\sources_1\new\pulse_gen.vhd:]
WARNING: [filemgmt 56-199] Attempt to get parsing info during refresh. "On-the-fly" syntax checking information may be incorrect. [C:\Users\qianzha\Desktop\DAT096-krishna\Embedded-System-Project-DAT096-krishna\Board_1\Board_1\Board_2.srcs\sources_1\new\delay_measure.vhd:]
WARNING: [filemgmt 56-199] Attempt to get parsing info during refresh. "On-the-fly" syntax checking information may be incorrect. [C:\Users\qianzha\Desktop\DAT096-krishna\Embedded-System-Project-DAT096-krishna\Board_1\Board_1\Board_2.srcs\sources_1\new\delay_measure.vhd:]
launch_runs synth_1 -jobs 28
[Thu Apr 30 14:40:14 2026] Launched design_2_pilot_tx_rx_0_0_synth_1...
Run output will be captured here: C:/Users/qianzha/Desktop/DAT096-krishna/Embedded-System-Project-DAT096-krishna/Board_1/Board_1/Board_2.runs/design_2_pilot_tx_rx_0_0_synth_1/runme.log
[Thu Apr 30 14:40:14 2026] Launched synth_1...
Run output will be captured here: C:/Users/qianzha/Desktop/DAT096-krishna/Embedded-System-Project-DAT096-krishna/Board_1/Board_1/Board_2.runs/synth_1/runme.log
open_bd_design {C:/Users/qianzha/Desktop/DAT096-krishna/Embedded-System-Project-DAT096-krishna/Board_1/Board_1/Board_2.srcs/sources_1/bd/design_2/design_2.bd}
delete_bd_objs [get_bd_nets delay_measure_0_delay_cycles]
connect_bd_net [get_bd_pins ila_0/probe7] [get_bd_pins ZmodScopeController_0/cDataAxisTdata]
save_bd_design
Wrote  : <C:\Users\qianzha\Desktop\DAT096-krishna\Embedded-System-Project-DAT096-krishna\Board_1\Board_1\Board_2.srcs\sources_1\bd\design_2\design_2.bd> 
Wrote  : <C:/Users/qianzha/Desktop/DAT096-krishna/Embedded-System-Project-DAT096-krishna/Board_1/Board_1/Board_2.srcs/sources_1/bd/design_2/ui/bd_1fdbff51.ui> 
validate_bd_design
WARNING: [BD 41-2670] Found an incomplete address path from address space '/processing_system7_0/Data' to master interface '/processing_system7_0/M_AXI_GP0'. Please either complete or remove this path to resolve.
WARNING: [BD 5-699] No address segments matched 'get_bd_addr_segs -of_objects /processing_system7_0/Data'
WARNING: [IP_Flow 19-4684] Expected long value for param C_ILA_CLK_FREQ but, float/scientific notation value 5e+07 is provided. The value is converted to long type(50000000)
INFO: [xilinx.com:ip:clk_wiz:6.0-1] /clk_wiz_0 clk_wiz propagate
generate_target all [get_files  C:/Users/qianzha/Desktop/DAT096-krishna/Embedded-System-Project-DAT096-krishna/Board_1/Board_1/Board_2.srcs/sources_1/bd/design_2/design_2.bd]
INFO: [BD 41-1662] The design 'design_2.bd' is already validated. Therefore parameter propagation will not be re-run.
Wrote  : <C:\Users\qianzha\Desktop\DAT096-krishna\Embedded-System-Project-DAT096-krishna\Board_1\Board_1\Board_2.srcs\sources_1\bd\design_2\design_2.bd> 
VHDL Output written to : c:/Users/qianzha/Desktop/DAT096-krishna/Embedded-System-Project-DAT096-krishna/Board_1/Board_1/Board_2.gen/sources_1/bd/design_2/synth/design_2.vhd
VHDL Output written to : c:/Users/qianzha/Desktop/DAT096-krishna/Embedded-System-Project-DAT096-krishna/Board_1/Board_1/Board_2.gen/sources_1/bd/design_2/sim/design_2.vhd
VHDL Output written to : c:/Users/qianzha/Desktop/DAT096-krishna/Embedded-System-Project-DAT096-krishna/Board_1/Board_1/Board_2.gen/sources_1/bd/design_2/hdl/design_2_wrapper.vhd
Exporting to file c:/Users/qianzha/Desktop/DAT096-krishna/Embedded-System-Project-DAT096-krishna/Board_1/Board_1/Board_2.gen/sources_1/bd/design_2/hw_handoff/design_2.hwh
Generated Hardware Definition File c:/Users/qianzha/Desktop/DAT096-krishna/Embedded-System-Project-DAT096-krishna/Board_1/Board_1/Board_2.gen/sources_1/bd/design_2/synth/design_2.hwdef
export_ip_user_files -of_objects [get_files C:/Users/qianzha/Desktop/DAT096-krishna/Embedded-System-Project-DAT096-krishna/Board_1/Board_1/Board_2.srcs/sources_1/bd/design_2/design_2.bd] -no_script -sync -force -quiet
create_ip_run [get_files -of_objects [get_fileset sources_1] C:/Users/qianzha/Desktop/DAT096-krishna/Embedded-System-Project-DAT096-krishna/Board_1/Board_1/Board_2.srcs/sources_1/bd/design_2/design_2.bd]
launch_runs design_2_pilot_tx_rx_0_0_synth_1 -jobs 28
[Thu Apr 30 14:52:27 2026] Launched design_2_pilot_tx_rx_0_0_synth_1...
Run output will be captured here: C:/Users/qianzha/Desktop/DAT096-krishna/Embedded-System-Project-DAT096-krishna/Board_1/Board_1/Board_2.runs/design_2_pilot_tx_rx_0_0_synth_1/runme.log
export_simulation -lib_map_path [list {modelsim=C:/Users/qianzha/Desktop/DAT096-krishna/Embedded-System-Project-DAT096-krishna/Board_1/Board_1/Board_2.cache/compile_simlib/modelsim} {questa=C:/Users/qianzha/Desktop/DAT096-krishna/Embedded-System-Project-DAT096-krishna/Board_1/Board_1/Board_2.cache/compile_simlib/questa} {riviera=C:/Users/qianzha/Desktop/DAT096-krishna/Embedded-System-Project-DAT096-krishna/Board_1/Board_1/Board_2.cache/compile_simlib/riviera} {activehdl=C:/Users/qianzha/Desktop/DAT096-krishna/Embedded-System-Project-DAT096-krishna/Board_1/Board_1/Board_2.cache/compile_simlib/activehdl}] -of_objects [get_files C:/Users/qianzha/Desktop/DAT096-krishna/Embedded-System-Project-DAT096-krishna/Board_1/Board_1/Board_2.srcs/sources_1/bd/design_2/design_2.bd] -directory C:/Users/qianzha/Desktop/DAT096-krishna/Embedded-System-Project-DAT096-krishna/Board_1/Board_1/Board_2.ip_user_files/sim_scripts -ip_user_files_dir C:/Users/qianzha/Desktop/DAT096-krishna/Embedded-System-Project-DAT096-krishna/Board_1/Board_1/Board_2.ip_user_files -ipstatic_source_dir C:/Users/qianzha/Desktop/DAT096-krishna/Embedded-System-Project-DAT096-krishna/Board_1/Board_1/Board_2.ip_user_files/ipstatic -use_ip_compiled_libs -force -quiet
WARNING: [filemgmt 56-199] Attempt to get parsing info during refresh. "On-the-fly" syntax checking information may be incorrect. [C:\Users\qianzha\Desktop\DAT096-krishna\Embedded-System-Project-DAT096-krishna\Board_1\Board_1\Board_2.srcs\sources_1\new\delay_measure.vhd:]
WARNING: [filemgmt 56-199] Attempt to get parsing info during refresh. "On-the-fly" syntax checking information may be incorrect. [C:\Users\qianzha\Desktop\DAT096-krishna\Embedded-System-Project-DAT096-krishna\Board_1\Board_1\Board_2.srcs\sources_1\new\adc_bit_decoder.vhd:]
WARNING: [filemgmt 56-199] Attempt to get parsing info during refresh. "On-the-fly" syntax checking information may be incorrect. [C:\Users\qianzha\Desktop\DAT096-krishna\Embedded-System-Project-DAT096-krishna\Board_1\Board_1\Board_2.srcs\sources_1\new\bit to dac converter.vhd:]
WARNING: [filemgmt 56-199] Attempt to get parsing info during refresh. "On-the-fly" syntax checking information may be incorrect. [C:\Users\qianzha\Desktop\DAT096-krishna\Embedded-System-Project-DAT096-krishna\Board_1\Board_1\Board_2.srcs\sources_1\new\pulse_gen.vhd:]
WARNING: [filemgmt 56-199] Attempt to get parsing info during refresh. "On-the-fly" syntax checking information may be incorrect. [C:\Users\qianzha\Desktop\DAT096-krishna\Embedded-System-Project-DAT096-krishna\Board_1\Board_1\Board_2.srcs\sources_1\new\delay_measure.vhd:]
WARNING: [filemgmt 56-199] Attempt to get parsing info during refresh. "On-the-fly" syntax checking information may be incorrect. [C:\Users\qianzha\Desktop\DAT096-krishna\Embedded-System-Project-DAT096-krishna\Board_1\Board_1\Board_2.srcs\sources_1\new\delay_measure.vhd:]
WARNING: [filemgmt 56-199] Attempt to get parsing info during refresh. "On-the-fly" syntax checking information may be incorrect. [C:\Users\qianzha\Desktop\DAT096-krishna\Embedded-System-Project-DAT096-krishna\Board_1\Board_1\Board_2.srcs\sources_1\new\delay_measure.vhd:]
WARNING: [filemgmt 56-199] Attempt to get parsing info during refresh. "On-the-fly" syntax checking information may be incorrect. [C:\Users\qianzha\Desktop\DAT096-krishna\Embedded-System-Project-DAT096-krishna\Board_1\Board_1\Board_2.srcs\sources_1\new\adc_bit_decoder.vhd:]
WARNING: [filemgmt 56-199] Attempt to get parsing info during refresh. "On-the-fly" syntax checking information may be incorrect. [C:\Users\qianzha\Desktop\DAT096-krishna\Embedded-System-Project-DAT096-krishna\Board_1\Board_1\Board_2.srcs\sources_1\new\bit to dac converter.vhd:]
WARNING: [filemgmt 56-199] Attempt to get parsing info during refresh. "On-the-fly" syntax checking information may be incorrect. [C:\Users\qianzha\Desktop\DAT096-krishna\Embedded-System-Project-DAT096-krishna\Board_1\Board_1\Board_2.srcs\sources_1\new\pulse_gen.vhd:]
WARNING: [filemgmt 56-199] Attempt to get parsing info during refresh. "On-the-fly" syntax checking information may be incorrect. [C:\Users\qianzha\Desktop\DAT096-krishna\Embedded-System-Project-DAT096-krishna\Board_1\Board_1\Board_2.srcs\sources_1\new\adc_bit_decoder.vhd:]
WARNING: [filemgmt 56-199] Attempt to get parsing info during refresh. "On-the-fly" syntax checking information may be incorrect. [C:\Users\qianzha\Desktop\DAT096-krishna\Embedded-System-Project-DAT096-krishna\Board_1\Board_1\Board_2.srcs\sources_1\new\adc_bit_decoder.vhd:]
ERROR: [Common 17-180] Spawn failed: No error
WARNING: [filemgmt 56-199] Attempt to get parsing info during refresh. "On-the-fly" syntax checking information may be incorrect. [C:\Users\qianzha\Desktop\DAT096-krishna\Embedded-System-Project-DAT096-krishna\Board_1\Board_1\Board_2.srcs\sources_1\new\delay_measure.vhd:]
WARNING: [filemgmt 56-199] Attempt to get parsing info during refresh. "On-the-fly" syntax checking information may be incorrect. [C:\Users\qianzha\Desktop\DAT096-krishna\Embedded-System-Project-DAT096-krishna\Board_1\Board_1\Board_2.srcs\sources_1\new\adc_bit_decoder.vhd:]
WARNING: [filemgmt 56-199] Attempt to get parsing info during refresh. "On-the-fly" syntax checking information may be incorrect. [C:\Users\qianzha\Desktop\DAT096-krishna\Embedded-System-Project-DAT096-krishna\Board_1\Board_1\Board_2.srcs\sources_1\new\bit to dac converter.vhd:]
WARNING: [filemgmt 56-199] Attempt to get parsing info during refresh. "On-the-fly" syntax checking information may be incorrect. [C:\Users\qianzha\Desktop\DAT096-krishna\Embedded-System-Project-DAT096-krishna\Board_1\Board_1\Board_2.srcs\sources_1\new\pulse_gen.vhd:]
WARNING: [filemgmt 56-199] Attempt to get parsing info during refresh. "On-the-fly" syntax checking information may be incorrect. [C:\Users\qianzha\Desktop\DAT096-krishna\Embedded-System-Project-DAT096-krishna\Board_1\Board_1\Board_2.srcs\sources_1\new\bit to dac converter.vhd:]
WARNING: [filemgmt 56-199] Attempt to get parsing info during refresh. "On-the-fly" syntax checking information may be incorrect. [C:\Users\qianzha\Desktop\DAT096-krishna\Embedded-System-Project-DAT096-krishna\Board_1\Board_1\Board_2.srcs\sources_1\new\bit to dac converter.vhd:]
ERROR: [Common 17-180] Spawn failed: No error
reset_run synth_1
WARNING: [Vivado 12-1017] Problems encountered:
1. Failed to delete one or more files in run directory C:/Users/qianzha/Desktop/DAT096-krishna/Embedded-System-Project-DAT096-krishna/Board_1/Board_1/Board_2.runs/synth_1

WARNING: [filemgmt 56-199] Attempt to get parsing info during refresh. "On-the-fly" syntax checking information may be incorrect. [C:\Users\qianzha\Desktop\DAT096-krishna\Embedded-System-Project-DAT096-krishna\Board_1\Board_1\Board_2.srcs\sources_1\new\delay_measure.vhd:]
WARNING: [filemgmt 56-199] Attempt to get parsing info during refresh. "On-the-fly" syntax checking information may be incorrect. [C:\Users\qianzha\Desktop\DAT096-krishna\Embedded-System-Project-DAT096-krishna\Board_1\Board_1\Board_2.srcs\sources_1\new\adc_bit_decoder.vhd:]
WARNING: [filemgmt 56-199] Attempt to get parsing info during refresh. "On-the-fly" syntax checking information may be incorrect. [C:\Users\qianzha\Desktop\DAT096-krishna\Embedded-System-Project-DAT096-krishna\Board_1\Board_1\Board_2.srcs\sources_1\new\bit to dac converter.vhd:]
WARNING: [filemgmt 56-199] Attempt to get parsing info during refresh. "On-the-fly" syntax checking information may be incorrect. [C:\Users\qianzha\Desktop\DAT096-krishna\Embedded-System-Project-DAT096-krishna\Board_1\Board_1\Board_2.srcs\sources_1\new\pulse_gen.vhd:]
WARNING: [filemgmt 56-199] Attempt to get parsing info during refresh. "On-the-fly" syntax checking information may be incorrect. [C:\Users\qianzha\Desktop\DAT096-krishna\Embedded-System-Project-DAT096-krishna\Board_1\Board_1\Board_2.srcs\sources_1\new\delay_measure.vhd:]
WARNING: [filemgmt 56-199] Attempt to get parsing info during refresh. "On-the-fly" syntax checking information may be incorrect. [C:\Users\qianzha\Desktop\DAT096-krishna\Embedded-System-Project-DAT096-krishna\Board_1\Board_1\Board_2.srcs\sources_1\new\delay_measure.vhd:]
WARNING: [filemgmt 56-199] Attempt to get parsing info during refresh. "On-the-fly" syntax checking information may be incorrect. [C:\Users\qianzha\Desktop\DAT096-krishna\Embedded-System-Project-DAT096-krishna\Board_1\Board_1\Board_2.srcs\sources_1\new\delay_measure.vhd:]
WARNING: [filemgmt 56-199] Attempt to get parsing info during refresh. "On-the-fly" syntax checking information may be incorrect. [C:\Users\qianzha\Desktop\DAT096-krishna\Embedded-System-Project-DAT096-krishna\Board_1\Board_1\Board_2.srcs\sources_1\new\adc_bit_decoder.vhd:]
WARNING: [filemgmt 56-199] Attempt to get parsing info during refresh. "On-the-fly" syntax checking information may be incorrect. [C:\Users\qianzha\Desktop\DAT096-krishna\Embedded-System-Project-DAT096-krishna\Board_1\Board_1\Board_2.srcs\sources_1\new\bit to dac converter.vhd:]
WARNING: [filemgmt 56-199] Attempt to get parsing info during refresh. "On-the-fly" syntax checking information may be incorrect. [C:\Users\qianzha\Desktop\DAT096-krishna\Embedded-System-Project-DAT096-krishna\Board_1\Board_1\Board_2.srcs\sources_1\new\pulse_gen.vhd:]
WARNING: [filemgmt 56-199] Attempt to get parsing info during refresh. "On-the-fly" syntax checking information may be incorrect. [C:\Users\qianzha\Desktop\DAT096-krishna\Embedded-System-Project-DAT096-krishna\Board_1\Board_1\Board_2.srcs\sources_1\new\adc_bit_decoder.vhd:]
WARNING: [filemgmt 56-199] Attempt to get parsing info during refresh. "On-the-fly" syntax checking information may be incorrect. [C:\Users\qianzha\Desktop\DAT096-krishna\Embedded-System-Project-DAT096-krishna\Board_1\Board_1\Board_2.srcs\sources_1\new\adc_bit_decoder.vhd:]
ERROR: [Common 17-180] Spawn failed: No error
WARNING: [filemgmt 56-199] Attempt to get parsing info during refresh. "On-the-fly" syntax checking information may be incorrect. [C:\Users\qianzha\Desktop\DAT096-krishna\Embedded-System-Project-DAT096-krishna\Board_1\Board_1\Board_2.srcs\sources_1\new\delay_measure.vhd:]
WARNING: [filemgmt 56-199] Attempt to get parsing info during refresh. "On-the-fly" syntax checking information may be incorrect. [C:\Users\qianzha\Desktop\DAT096-krishna\Embedded-System-Project-DAT096-krishna\Board_1\Board_1\Board_2.srcs\sources_1\new\adc_bit_decoder.vhd:]
WARNING: [filemgmt 56-199] Attempt to get parsing info during refresh. "On-the-fly" syntax checking information may be incorrect. [C:\Users\qianzha\Desktop\DAT096-krishna\Embedded-System-Project-DAT096-krishna\Board_1\Board_1\Board_2.srcs\sources_1\new\bit to dac converter.vhd:]
WARNING: [filemgmt 56-199] Attempt to get parsing info during refresh. "On-the-fly" syntax checking information may be incorrect. [C:\Users\qianzha\Desktop\DAT096-krishna\Embedded-System-Project-DAT096-krishna\Board_1\Board_1\Board_2.srcs\sources_1\new\pulse_gen.vhd:]
WARNING: [filemgmt 56-199] Attempt to get parsing info during refresh. "On-the-fly" syntax checking information may be incorrect. [C:\Users\qianzha\Desktop\DAT096-krishna\Embedded-System-Project-DAT096-krishna\Board_1\Board_1\Board_2.srcs\sources_1\new\bit to dac converter.vhd:]
WARNING: [filemgmt 56-199] Attempt to get parsing info during refresh. "On-the-fly" syntax checking information may be incorrect. [C:\Users\qianzha\Desktop\DAT096-krishna\Embedded-System-Project-DAT096-krishna\Board_1\Board_1\Board_2.srcs\sources_1\new\bit to dac converter.vhd:]
ERROR: [Common 17-180] Spawn failed: No error
report_ip_status -name ip_status 
update_module_reference [get_ips  design_2_pilot_tx_rx_0_0]
INFO: [IP_Flow 19-5107] Inferred bus interface 'rst' of definition 'xilinx.com:signal:reset:1.0' (from Xilinx Repository).
INFO: [IP_Flow 19-5107] Inferred bus interface 'clk' of definition 'xilinx.com:signal:clock:1.0' (from Xilinx Repository).
INFO: [IP_Flow 19-4728] Bus Interface 'clk': Added interface parameter 'ASSOCIATED_RESET' with value 'rst'.
WARNING: [IP_Flow 19-5661] Bus Interface 'clk' does not have any bus interfaces associated with it.
WARNING: [IP_Flow 19-11770] Clock interface 'clk' has no FREQ_HZ parameter.
INFO: [IP_Flow 19-5107] Inferred bus interface 'rst' of definition 'xilinx.com:signal:reset:1.0' (from Xilinx Repository).
INFO: [IP_Flow 19-5107] Inferred bus interface 'clk' of definition 'xilinx.com:signal:clock:1.0' (from Xilinx Repository).
INFO: [IP_Flow 19-4728] Bus Interface 'clk': Added interface parameter 'ASSOCIATED_RESET' with value 'rst'.
WARNING: [IP_Flow 19-5661] Bus Interface 'clk' does not have any bus interfaces associated with it.
WARNING: [IP_Flow 19-11770] Clock interface 'clk' has no FREQ_HZ parameter.
Upgrading 'C:/Users/qianzha/Desktop/DAT096-krishna/Embedded-System-Project-DAT096-krishna/Board_1/Board_1/Board_2.srcs/sources_1/bd/design_2/design_2.bd'
WARNING: [Vivado 12-1017] Problems encountered:
1. Failed to delete one or more files in run directory C:/Users/qianzha/Desktop/DAT096-krishna/Embedded-System-Project-DAT096-krishna/Board_1/Board_1/Board_2.runs/design_2_pilot_tx_rx_0_0_synth_1

INFO: [IP_Flow 19-3420] Updated design_2_pilot_tx_rx_0_0 to use current project options
Wrote  : <C:\Users\qianzha\Desktop\DAT096-krishna\Embedded-System-Project-DAT096-krishna\Board_1\Board_1\Board_2.srcs\sources_1\bd\design_2\design_2.bd> 
WARNING: [filemgmt 56-199] Attempt to get parsing info during refresh. "On-the-fly" syntax checking information may be incorrect. [C:\Users\qianzha\Desktop\DAT096-krishna\Embedded-System-Project-DAT096-krishna\Board_1\Board_1\Board_2.srcs\sources_1\new\delay_measure.vhd:]
WARNING: [filemgmt 56-199] Attempt to get parsing info during refresh. "On-the-fly" syntax checking information may be incorrect. [C:\Users\qianzha\Desktop\DAT096-krishna\Embedded-System-Project-DAT096-krishna\Board_1\Board_1\Board_2.srcs\sources_1\new\adc_bit_decoder.vhd:]
WARNING: [filemgmt 56-199] Attempt to get parsing info during refresh. "On-the-fly" syntax checking information may be incorrect. [C:\Users\qianzha\Desktop\DAT096-krishna\Embedded-System-Project-DAT096-krishna\Board_1\Board_1\Board_2.srcs\sources_1\new\bit to dac converter.vhd:]
WARNING: [filemgmt 56-199] Attempt to get parsing info during refresh. "On-the-fly" syntax checking information may be incorrect. [C:\Users\qianzha\Desktop\DAT096-krishna\Embedded-System-Project-DAT096-krishna\Board_1\Board_1\Board_2.srcs\sources_1\new\pulse_gen.vhd:]
WARNING: [filemgmt 56-199] Attempt to get parsing info during refresh. "On-the-fly" syntax checking information may be incorrect. [C:\Users\qianzha\Desktop\DAT096-krishna\Embedded-System-Project-DAT096-krishna\Board_1\Board_1\Board_2.srcs\sources_1\new\delay_measure.vhd:]
WARNING: [filemgmt 56-199] Attempt to get parsing info during refresh. "On-the-fly" syntax checking information may be incorrect. [C:\Users\qianzha\Desktop\DAT096-krishna\Embedded-System-Project-DAT096-krishna\Board_1\Board_1\Board_2.srcs\sources_1\new\delay_measure.vhd:]
WARNING: [filemgmt 56-199] Attempt to get parsing info during refresh. "On-the-fly" syntax checking information may be incorrect. [C:\Users\qianzha\Desktop\DAT096-krishna\Embedded-System-Project-DAT096-krishna\Board_1\Board_1\Board_2.srcs\sources_1\new\delay_measure.vhd:]
WARNING: [filemgmt 56-199] Attempt to get parsing info during refresh. "On-the-fly" syntax checking information may be incorrect. [C:\Users\qianzha\Desktop\DAT096-krishna\Embedded-System-Project-DAT096-krishna\Board_1\Board_1\Board_2.srcs\sources_1\new\adc_bit_decoder.vhd:]
WARNING: [filemgmt 56-199] Attempt to get parsing info during refresh. "On-the-fly" syntax checking information may be incorrect. [C:\Users\qianzha\Desktop\DAT096-krishna\Embedded-System-Project-DAT096-krishna\Board_1\Board_1\Board_2.srcs\sources_1\new\bit to dac converter.vhd:]
WARNING: [filemgmt 56-199] Attempt to get parsing info during refresh. "On-the-fly" syntax checking information may be incorrect. [C:\Users\qianzha\Desktop\DAT096-krishna\Embedded-System-Project-DAT096-krishna\Board_1\Board_1\Board_2.srcs\sources_1\new\pulse_gen.vhd:]
WARNING: [filemgmt 56-199] Attempt to get parsing info during refresh. "On-the-fly" syntax checking information may be incorrect. [C:\Users\qianzha\Desktop\DAT096-krishna\Embedded-System-Project-DAT096-krishna\Board_1\Board_1\Board_2.srcs\sources_1\new\bit to dac converter.vhd:]
WARNING: [filemgmt 56-199] Attempt to get parsing info during refresh. "On-the-fly" syntax checking information may be incorrect. [C:\Users\qianzha\Desktop\DAT096-krishna\Embedded-System-Project-DAT096-krishna\Board_1\Board_1\Board_2.srcs\sources_1\new\bit to dac converter.vhd:]
generate_target all [get_files  C:/Users/qianzha/Desktop/DAT096-krishna/Embedded-System-Project-DAT096-krishna/Board_1/Board_1/Board_2.srcs/sources_1/bd/design_2/design_2.bd]
WARNING: [BD 41-2670] Found an incomplete address path from address space '/processing_system7_0/Data' to master interface '/processing_system7_0/M_AXI_GP0'. Please either complete or remove this path to resolve.
WARNING: [BD 5-699] No address segments matched 'get_bd_addr_segs -of_objects /processing_system7_0/Data'
WARNING: [IP_Flow 19-4684] Expected long value for param C_ILA_CLK_FREQ but, float/scientific notation value 5e+07 is provided. The value is converted to long type(50000000)
INFO: [xilinx.com:ip:clk_wiz:6.0-1] /clk_wiz_0 clk_wiz propagate
Wrote  : <C:\Users\qianzha\Desktop\DAT096-krishna\Embedded-System-Project-DAT096-krishna\Board_1\Board_1\Board_2.srcs\sources_1\bd\design_2\design_2.bd> 
VHDL Output written to : c:/Users/qianzha/Desktop/DAT096-krishna/Embedded-System-Project-DAT096-krishna/Board_1/Board_1/Board_2.gen/sources_1/bd/design_2/synth/design_2.vhd
VHDL Output written to : c:/Users/qianzha/Desktop/DAT096-krishna/Embedded-System-Project-DAT096-krishna/Board_1/Board_1/Board_2.gen/sources_1/bd/design_2/sim/design_2.vhd
VHDL Output written to : c:/Users/qianzha/Desktop/DAT096-krishna/Embedded-System-Project-DAT096-krishna/Board_1/Board_1/Board_2.gen/sources_1/bd/design_2/hdl/design_2_wrapper.vhd
INFO: [BD 41-1029] Generation completed for the IP Integrator block pilot_tx_rx_0 .
Exporting to file c:/Users/qianzha/Desktop/DAT096-krishna/Embedded-System-Project-DAT096-krishna/Board_1/Board_1/Board_2.gen/sources_1/bd/design_2/hw_handoff/design_2.hwh
Generated Hardware Definition File c:/Users/qianzha/Desktop/DAT096-krishna/Embedded-System-Project-DAT096-krishna/Board_1/Board_1/Board_2.gen/sources_1/bd/design_2/synth/design_2.hwdef
export_ip_user_files -of_objects [get_files C:/Users/qianzha/Desktop/DAT096-krishna/Embedded-System-Project-DAT096-krishna/Board_1/Board_1/Board_2.srcs/sources_1/bd/design_2/design_2.bd] -no_script -sync -force -quiet
create_ip_run [get_files -of_objects [get_fileset sources_1] C:/Users/qianzha/Desktop/DAT096-krishna/Embedded-System-Project-DAT096-krishna/Board_1/Board_1/Board_2.srcs/sources_1/bd/design_2/design_2.bd]
launch_runs design_2_pilot_tx_rx_0_0_synth_1 -jobs 28
[Thu Apr 30 14:52:58 2026] Launched design_2_pilot_tx_rx_0_0_synth_1...
Run output will be captured here: C:/Users/qianzha/Desktop/DAT096-krishna/Embedded-System-Project-DAT096-krishna/Board_1/Board_1/Board_2.runs/design_2_pilot_tx_rx_0_0_synth_1/runme.log
export_simulation -lib_map_path [list {modelsim=C:/Users/qianzha/Desktop/DAT096-krishna/Embedded-System-Project-DAT096-krishna/Board_1/Board_1/Board_2.cache/compile_simlib/modelsim} {questa=C:/Users/qianzha/Desktop/DAT096-krishna/Embedded-System-Project-DAT096-krishna/Board_1/Board_1/Board_2.cache/compile_simlib/questa} {riviera=C:/Users/qianzha/Desktop/DAT096-krishna/Embedded-System-Project-DAT096-krishna/Board_1/Board_1/Board_2.cache/compile_simlib/riviera} {activehdl=C:/Users/qianzha/Desktop/DAT096-krishna/Embedded-System-Project-DAT096-krishna/Board_1/Board_1/Board_2.cache/compile_simlib/activehdl}] -of_objects [get_files C:/Users/qianzha/Desktop/DAT096-krishna/Embedded-System-Project-DAT096-krishna/Board_1/Board_1/Board_2.srcs/sources_1/bd/design_2/design_2.bd] -directory C:/Users/qianzha/Desktop/DAT096-krishna/Embedded-System-Project-DAT096-krishna/Board_1/Board_1/Board_2.ip_user_files/sim_scripts -ip_user_files_dir C:/Users/qianzha/Desktop/DAT096-krishna/Embedded-System-Project-DAT096-krishna/Board_1/Board_1/Board_2.ip_user_files -ipstatic_source_dir C:/Users/qianzha/Desktop/DAT096-krishna/Embedded-System-Project-DAT096-krishna/Board_1/Board_1/Board_2.ip_user_files/ipstatic -use_ip_compiled_libs -force -quiet
WARNING: [filemgmt 56-199] Attempt to get parsing info during refresh. "On-the-fly" syntax checking information may be incorrect. [C:\Users\qianzha\Desktop\DAT096-krishna\Embedded-System-Project-DAT096-krishna\Board_1\Board_1\Board_2.srcs\sources_1\new\delay_measure.vhd:]
WARNING: [filemgmt 56-199] Attempt to get parsing info during refresh. "On-the-fly" syntax checking information may be incorrect. [C:\Users\qianzha\Desktop\DAT096-krishna\Embedded-System-Project-DAT096-krishna\Board_1\Board_1\Board_2.srcs\sources_1\new\adc_bit_decoder.vhd:]
WARNING: [filemgmt 56-199] Attempt to get parsing info during refresh. "On-the-fly" syntax checking information may be incorrect. [C:\Users\qianzha\Desktop\DAT096-krishna\Embedded-System-Project-DAT096-krishna\Board_1\Board_1\Board_2.srcs\sources_1\new\bit to dac converter.vhd:]
WARNING: [filemgmt 56-199] Attempt to get parsing info during refresh. "On-the-fly" syntax checking information may be incorrect. [C:\Users\qianzha\Desktop\DAT096-krishna\Embedded-System-Project-DAT096-krishna\Board_1\Board_1\Board_2.srcs\sources_1\new\pulse_gen.vhd:]
WARNING: [filemgmt 56-199] Attempt to get parsing info during refresh. "On-the-fly" syntax checking information may be incorrect. [C:\Users\qianzha\Desktop\DAT096-krishna\Embedded-System-Project-DAT096-krishna\Board_1\Board_1\Board_2.srcs\sources_1\new\delay_measure.vhd:]
WARNING: [filemgmt 56-199] Attempt to get parsing info during refresh. "On-the-fly" syntax checking information may be incorrect. [C:\Users\qianzha\Desktop\DAT096-krishna\Embedded-System-Project-DAT096-krishna\Board_1\Board_1\Board_2.srcs\sources_1\new\delay_measure.vhd:]
WARNING: [filemgmt 56-199] Attempt to get parsing info during refresh. "On-the-fly" syntax checking information may be incorrect. [C:\Users\qianzha\Desktop\DAT096-krishna\Embedded-System-Project-DAT096-krishna\Board_1\Board_1\Board_2.srcs\sources_1\new\delay_measure.vhd:]
WARNING: [filemgmt 56-199] Attempt to get parsing info during refresh. "On-the-fly" syntax checking information may be incorrect. [C:\Users\qianzha\Desktop\DAT096-krishna\Embedded-System-Project-DAT096-krishna\Board_1\Board_1\Board_2.srcs\sources_1\new\adc_bit_decoder.vhd:]
WARNING: [filemgmt 56-199] Attempt to get parsing info during refresh. "On-the-fly" syntax checking information may be incorrect. [C:\Users\qianzha\Desktop\DAT096-krishna\Embedded-System-Project-DAT096-krishna\Board_1\Board_1\Board_2.srcs\sources_1\new\bit to dac converter.vhd:]
WARNING: [filemgmt 56-199] Attempt to get parsing info during refresh. "On-the-fly" syntax checking information may be incorrect. [C:\Users\qianzha\Desktop\DAT096-krishna\Embedded-System-Project-DAT096-krishna\Board_1\Board_1\Board_2.srcs\sources_1\new\pulse_gen.vhd:]
WARNING: [filemgmt 56-199] Attempt to get parsing info during refresh. "On-the-fly" syntax checking information may be incorrect. [C:\Users\qianzha\Desktop\DAT096-krishna\Embedded-System-Project-DAT096-krishna\Board_1\Board_1\Board_2.srcs\sources_1\new\adc_bit_decoder.vhd:]
WARNING: [filemgmt 56-199] Attempt to get parsing info during refresh. "On-the-fly" syntax checking information may be incorrect. [C:\Users\qianzha\Desktop\DAT096-krishna\Embedded-System-Project-DAT096-krishna\Board_1\Board_1\Board_2.srcs\sources_1\new\adc_bit_decoder.vhd:]
ERROR: [Common 17-180] Spawn failed: No error
WARNING: [filemgmt 56-199] Attempt to get parsing info during refresh. "On-the-fly" syntax checking information may be incorrect. [C:\Users\qianzha\Desktop\DAT096-krishna\Embedded-System-Project-DAT096-krishna\Board_1\Board_1\Board_2.srcs\sources_1\new\delay_measure.vhd:]
WARNING: [filemgmt 56-199] Attempt to get parsing info during refresh. "On-the-fly" syntax checking information may be incorrect. [C:\Users\qianzha\Desktop\DAT096-krishna\Embedded-System-Project-DAT096-krishna\Board_1\Board_1\Board_2.srcs\sources_1\new\adc_bit_decoder.vhd:]
WARNING: [filemgmt 56-199] Attempt to get parsing info during refresh. "On-the-fly" syntax checking information may be incorrect. [C:\Users\qianzha\Desktop\DAT096-krishna\Embedded-System-Project-DAT096-krishna\Board_1\Board_1\Board_2.srcs\sources_1\new\bit to dac converter.vhd:]
WARNING: [filemgmt 56-199] Attempt to get parsing info during refresh. "On-the-fly" syntax checking information may be incorrect. [C:\Users\qianzha\Desktop\DAT096-krishna\Embedded-System-Project-DAT096-krishna\Board_1\Board_1\Board_2.srcs\sources_1\new\pulse_gen.vhd:]
WARNING: [filemgmt 56-199] Attempt to get parsing info during refresh. "On-the-fly" syntax checking information may be incorrect. [C:\Users\qianzha\Desktop\DAT096-krishna\Embedded-System-Project-DAT096-krishna\Board_1\Board_1\Board_2.srcs\sources_1\new\bit to dac converter.vhd:]
WARNING: [filemgmt 56-199] Attempt to get parsing info during refresh. "On-the-fly" syntax checking information may be incorrect. [C:\Users\qianzha\Desktop\DAT096-krishna\Embedded-System-Project-DAT096-krishna\Board_1\Board_1\Board_2.srcs\sources_1\new\bit to dac converter.vhd:]
ERROR: [Common 17-180] Spawn failed: No error
WARNING: [filemgmt 56-199] Attempt to get parsing info during refresh. "On-the-fly" syntax checking information may be incorrect. [C:\Users\qianzha\Desktop\DAT096-krishna\Embedded-System-Project-DAT096-krishna\Board_1\Board_1\Board_2.srcs\sources_1\new\delay_measure.vhd:]
WARNING: [filemgmt 56-199] Attempt to get parsing info during refresh. "On-the-fly" syntax checking information may be incorrect. [C:\Users\qianzha\Desktop\DAT096-krishna\Embedded-System-Project-DAT096-krishna\Board_1\Board_1\Board_2.srcs\sources_1\new\adc_bit_decoder.vhd:]
WARNING: [filemgmt 56-199] Attempt to get parsing info during refresh. "On-the-fly" syntax checking information may be incorrect. [C:\Users\qianzha\Desktop\DAT096-krishna\Embedded-System-Project-DAT096-krishna\Board_1\Board_1\Board_2.srcs\sources_1\new\bit to dac converter.vhd:]
WARNING: [filemgmt 56-199] Attempt to get parsing info during refresh. "On-the-fly" syntax checking information may be incorrect. [C:\Users\qianzha\Desktop\DAT096-krishna\Embedded-System-Project-DAT096-krishna\Board_1\Board_1\Board_2.srcs\sources_1\new\pulse_gen.vhd:]
WARNING: [filemgmt 56-199] Attempt to get parsing info during refresh. "On-the-fly" syntax checking information may be incorrect. [C:\Users\qianzha\Desktop\DAT096-krishna\Embedded-System-Project-DAT096-krishna\Board_1\Board_1\Board_2.srcs\sources_1\new\delay_measure.vhd:]
WARNING: [filemgmt 56-199] Attempt to get parsing info during refresh. "On-the-fly" syntax checking information may be incorrect. [C:\Users\qianzha\Desktop\DAT096-krishna\Embedded-System-Project-DAT096-krishna\Board_1\Board_1\Board_2.srcs\sources_1\new\delay_measure.vhd:]
WARNING: [filemgmt 56-199] Attempt to get parsing info during refresh. "On-the-fly" syntax checking information may be incorrect. [C:\Users\qianzha\Desktop\DAT096-krishna\Embedded-System-Project-DAT096-krishna\Board_1\Board_1\Board_2.srcs\sources_1\new\delay_measure.vhd:]
WARNING: [filemgmt 56-199] Attempt to get parsing info during refresh. "On-the-fly" syntax checking information may be incorrect. [C:\Users\qianzha\Desktop\DAT096-krishna\Embedded-System-Project-DAT096-krishna\Board_1\Board_1\Board_2.srcs\sources_1\new\adc_bit_decoder.vhd:]
WARNING: [filemgmt 56-199] Attempt to get parsing info during refresh. "On-the-fly" syntax checking information may be incorrect. [C:\Users\qianzha\Desktop\DAT096-krishna\Embedded-System-Project-DAT096-krishna\Board_1\Board_1\Board_2.srcs\sources_1\new\bit to dac converter.vhd:]
WARNING: [filemgmt 56-199] Attempt to get parsing info during refresh. "On-the-fly" syntax checking information may be incorrect. [C:\Users\qianzha\Desktop\DAT096-krishna\Embedded-System-Project-DAT096-krishna\Board_1\Board_1\Board_2.srcs\sources_1\new\pulse_gen.vhd:]
WARNING: [filemgmt 56-199] Attempt to get parsing info during refresh. "On-the-fly" syntax checking information may be incorrect. [C:\Users\qianzha\Desktop\DAT096-krishna\Embedded-System-Project-DAT096-krishna\Board_1\Board_1\Board_2.srcs\sources_1\new\adc_bit_decoder.vhd:]
WARNING: [filemgmt 56-199] Attempt to get parsing info during refresh. "On-the-fly" syntax checking information may be incorrect. [C:\Users\qianzha\Desktop\DAT096-krishna\Embedded-System-Project-DAT096-krishna\Board_1\Board_1\Board_2.srcs\sources_1\new\adc_bit_decoder.vhd:]
ERROR: [Common 17-180] Spawn failed: No error
WARNING: [filemgmt 56-199] Attempt to get parsing info during refresh. "On-the-fly" syntax checking information may be incorrect. [C:\Users\qianzha\Desktop\DAT096-krishna\Embedded-System-Project-DAT096-krishna\Board_1\Board_1\Board_2.srcs\sources_1\new\delay_measure.vhd:]
WARNING: [filemgmt 56-199] Attempt to get parsing info during refresh. "On-the-fly" syntax checking information may be incorrect. [C:\Users\qianzha\Desktop\DAT096-krishna\Embedded-System-Project-DAT096-krishna\Board_1\Board_1\Board_2.srcs\sources_1\new\adc_bit_decoder.vhd:]
WARNING: [filemgmt 56-199] Attempt to get parsing info during refresh. "On-the-fly" syntax checking information may be incorrect. [C:\Users\qianzha\Desktop\DAT096-krishna\Embedded-System-Project-DAT096-krishna\Board_1\Board_1\Board_2.srcs\sources_1\new\bit to dac converter.vhd:]
WARNING: [filemgmt 56-199] Attempt to get parsing info during refresh. "On-the-fly" syntax checking information may be incorrect. [C:\Users\qianzha\Desktop\DAT096-krishna\Embedded-System-Project-DAT096-krishna\Board_1\Board_1\Board_2.srcs\sources_1\new\pulse_gen.vhd:]
WARNING: [filemgmt 56-199] Attempt to get parsing info during refresh. "On-the-fly" syntax checking information may be incorrect. [C:\Users\qianzha\Desktop\DAT096-krishna\Embedded-System-Project-DAT096-krishna\Board_1\Board_1\Board_2.srcs\sources_1\new\bit to dac converter.vhd:]
WARNING: [filemgmt 56-199] Attempt to get parsing info during refresh. "On-the-fly" syntax checking information may be incorrect. [C:\Users\qianzha\Desktop\DAT096-krishna\Embedded-System-Project-DAT096-krishna\Board_1\Board_1\Board_2.srcs\sources_1\new\bit to dac converter.vhd:]
ERROR: [Common 17-180] Spawn failed: No error
report_ip_status -name ip_status 
update_module_reference [get_ips  design_2_pilot_tx_rx_0_0]
INFO: [IP_Flow 19-5107] Inferred bus interface 'rst' of definition 'xilinx.com:signal:reset:1.0' (from Xilinx Repository).
INFO: [IP_Flow 19-5107] Inferred bus interface 'clk' of definition 'xilinx.com:signal:clock:1.0' (from Xilinx Repository).
INFO: [IP_Flow 19-4728] Bus Interface 'clk': Added interface parameter 'ASSOCIATED_RESET' with value 'rst'.
WARNING: [IP_Flow 19-5661] Bus Interface 'clk' does not have any bus interfaces associated with it.
WARNING: [IP_Flow 19-11770] Clock interface 'clk' has no FREQ_HZ parameter.
INFO: [IP_Flow 19-5107] Inferred bus interface 'rst' of definition 'xilinx.com:signal:reset:1.0' (from Xilinx Repository).
INFO: [IP_Flow 19-5107] Inferred bus interface 'clk' of definition 'xilinx.com:signal:clock:1.0' (from Xilinx Repository).
INFO: [IP_Flow 19-4728] Bus Interface 'clk': Added interface parameter 'ASSOCIATED_RESET' with value 'rst'.
WARNING: [IP_Flow 19-5661] Bus Interface 'clk' does not have any bus interfaces associated with it.
WARNING: [IP_Flow 19-11770] Clock interface 'clk' has no FREQ_HZ parameter.
Upgrading 'C:/Users/qianzha/Desktop/DAT096-krishna/Embedded-System-Project-DAT096-krishna/Board_1/Board_1/Board_2.srcs/sources_1/bd/design_2/design_2.bd'
WARNING: [Vivado 12-1017] Problems encountered:
1. Failed to delete one or more files in run directory C:/Users/qianzha/Desktop/DAT096-krishna/Embedded-System-Project-DAT096-krishna/Board_1/Board_1/Board_2.runs/design_2_pilot_tx_rx_0_0_synth_1

INFO: [IP_Flow 19-3420] Updated design_2_pilot_tx_rx_0_0 to use current project options
Wrote  : <C:\Users\qianzha\Desktop\DAT096-krishna\Embedded-System-Project-DAT096-krishna\Board_1\Board_1\Board_2.srcs\sources_1\bd\design_2\design_2.bd> 
WARNING: [filemgmt 56-199] Attempt to get parsing info during refresh. "On-the-fly" syntax checking information may be incorrect. [C:\Users\qianzha\Desktop\DAT096-krishna\Embedded-System-Project-DAT096-krishna\Board_1\Board_1\Board_2.srcs\sources_1\new\delay_measure.vhd:]
WARNING: [filemgmt 56-199] Attempt to get parsing info during refresh. "On-the-fly" syntax checking information may be incorrect. [C:\Users\qianzha\Desktop\DAT096-krishna\Embedded-System-Project-DAT096-krishna\Board_1\Board_1\Board_2.srcs\sources_1\new\adc_bit_decoder.vhd:]
WARNING: [filemgmt 56-199] Attempt to get parsing info during refresh. "On-the-fly" syntax checking information may be incorrect. [C:\Users\qianzha\Desktop\DAT096-krishna\Embedded-System-Project-DAT096-krishna\Board_1\Board_1\Board_2.srcs\sources_1\new\bit to dac converter.vhd:]
WARNING: [filemgmt 56-199] Attempt to get parsing info during refresh. "On-the-fly" syntax checking information may be incorrect. [C:\Users\qianzha\Desktop\DAT096-krishna\Embedded-System-Project-DAT096-krishna\Board_1\Board_1\Board_2.srcs\sources_1\new\pulse_gen.vhd:]
WARNING: [filemgmt 56-199] Attempt to get parsing info during refresh. "On-the-fly" syntax checking information may be incorrect. [C:\Users\qianzha\Desktop\DAT096-krishna\Embedded-System-Project-DAT096-krishna\Board_1\Board_1\Board_2.srcs\sources_1\new\pulse_gen.vhd:]
WARNING: [filemgmt 56-199] Attempt to get parsing info during refresh. "On-the-fly" syntax checking information may be incorrect. [C:\Users\qianzha\Desktop\DAT096-krishna\Embedded-System-Project-DAT096-krishna\Board_1\Board_1\Board_2.srcs\sources_1\new\pulse_gen.vhd:]
WARNING: [filemgmt 56-199] Attempt to get parsing info during refresh. "On-the-fly" syntax checking information may be incorrect. [C:\Users\qianzha\Desktop\DAT096-krishna\Embedded-System-Project-DAT096-krishna\Board_1\Board_1\Board_2.srcs\sources_1\new\delay_measure.vhd:]
WARNING: [filemgmt 56-199] Attempt to get parsing info during refresh. "On-the-fly" syntax checking information may be incorrect. [C:\Users\qianzha\Desktop\DAT096-krishna\Embedded-System-Project-DAT096-krishna\Board_1\Board_1\Board_2.srcs\sources_1\new\adc_bit_decoder.vhd:]
WARNING: [filemgmt 56-199] Attempt to get parsing info during refresh. "On-the-fly" syntax checking information may be incorrect. [C:\Users\qianzha\Desktop\DAT096-krishna\Embedded-System-Project-DAT096-krishna\Board_1\Board_1\Board_2.srcs\sources_1\new\bit to dac converter.vhd:]
WARNING: [filemgmt 56-199] Attempt to get parsing info during refresh. "On-the-fly" syntax checking information may be incorrect. [C:\Users\qianzha\Desktop\DAT096-krishna\Embedded-System-Project-DAT096-krishna\Board_1\Board_1\Board_2.srcs\sources_1\new\pulse_gen.vhd:]
WARNING: [filemgmt 56-199] Attempt to get parsing info during refresh. "On-the-fly" syntax checking information may be incorrect. [C:\Users\qianzha\Desktop\DAT096-krishna\Embedded-System-Project-DAT096-krishna\Board_1\Board_1\Board_2.srcs\sources_1\new\bit to dac converter.vhd:]
WARNING: [filemgmt 56-199] Attempt to get parsing info during refresh. "On-the-fly" syntax checking information may be incorrect. [C:\Users\qianzha\Desktop\DAT096-krishna\Embedded-System-Project-DAT096-krishna\Board_1\Board_1\Board_2.srcs\sources_1\new\bit to dac converter.vhd:]
generate_target all [get_files  C:/Users/qianzha/Desktop/DAT096-krishna/Embedded-System-Project-DAT096-krishna/Board_1/Board_1/Board_2.srcs/sources_1/bd/design_2/design_2.bd]
WARNING: [BD 41-2670] Found an incomplete address path from address space '/processing_system7_0/Data' to master interface '/processing_system7_0/M_AXI_GP0'. Please either complete or remove this path to resolve.
WARNING: [BD 5-699] No address segments matched 'get_bd_addr_segs -of_objects /processing_system7_0/Data'
WARNING: [IP_Flow 19-4684] Expected long value for param C_ILA_CLK_FREQ but, float/scientific notation value 5e+07 is provided. The value is converted to long type(50000000)
INFO: [xilinx.com:ip:clk_wiz:6.0-1] /clk_wiz_0 clk_wiz propagate
Wrote  : <C:\Users\qianzha\Desktop\DAT096-krishna\Embedded-System-Project-DAT096-krishna\Board_1\Board_1\Board_2.srcs\sources_1\bd\design_2\design_2.bd> 
VHDL Output written to : c:/Users/qianzha/Desktop/DAT096-krishna/Embedded-System-Project-DAT096-krishna/Board_1/Board_1/Board_2.gen/sources_1/bd/design_2/synth/design_2.vhd
VHDL Output written to : c:/Users/qianzha/Desktop/DAT096-krishna/Embedded-System-Project-DAT096-krishna/Board_1/Board_1/Board_2.gen/sources_1/bd/design_2/sim/design_2.vhd
VHDL Output written to : c:/Users/qianzha/Desktop/DAT096-krishna/Embedded-System-Project-DAT096-krishna/Board_1/Board_1/Board_2.gen/sources_1/bd/design_2/hdl/design_2_wrapper.vhd
INFO: [BD 41-1029] Generation completed for the IP Integrator block pilot_tx_rx_0 .
Exporting to file c:/Users/qianzha/Desktop/DAT096-krishna/Embedded-System-Project-DAT096-krishna/Board_1/Board_1/Board_2.gen/sources_1/bd/design_2/hw_handoff/design_2.hwh
Generated Hardware Definition File c:/Users/qianzha/Desktop/DAT096-krishna/Embedded-System-Project-DAT096-krishna/Board_1/Board_1/Board_2.gen/sources_1/bd/design_2/synth/design_2.hwdef
export_ip_user_files -of_objects [get_files C:/Users/qianzha/Desktop/DAT096-krishna/Embedded-System-Project-DAT096-krishna/Board_1/Board_1/Board_2.srcs/sources_1/bd/design_2/design_2.bd] -no_script -sync -force -quiet
create_ip_run [get_files -of_objects [get_fileset sources_1] C:/Users/qianzha/Desktop/DAT096-krishna/Embedded-System-Project-DAT096-krishna/Board_1/Board_1/Board_2.srcs/sources_1/bd/design_2/design_2.bd]
launch_runs design_2_pilot_tx_rx_0_0_synth_1 -jobs 28
[Thu Apr 30 14:53:32 2026] Launched design_2_pilot_tx_rx_0_0_synth_1...
Run output will be captured here: C:/Users/qianzha/Desktop/DAT096-krishna/Embedded-System-Project-DAT096-krishna/Board_1/Board_1/Board_2.runs/design_2_pilot_tx_rx_0_0_synth_1/runme.log
export_simulation -lib_map_path [list {modelsim=C:/Users/qianzha/Desktop/DAT096-krishna/Embedded-System-Project-DAT096-krishna/Board_1/Board_1/Board_2.cache/compile_simlib/modelsim} {questa=C:/Users/qianzha/Desktop/DAT096-krishna/Embedded-System-Project-DAT096-krishna/Board_1/Board_1/Board_2.cache/compile_simlib/questa} {riviera=C:/Users/qianzha/Desktop/DAT096-krishna/Embedded-System-Project-DAT096-krishna/Board_1/Board_1/Board_2.cache/compile_simlib/riviera} {activehdl=C:/Users/qianzha/Desktop/DAT096-krishna/Embedded-System-Project-DAT096-krishna/Board_1/Board_1/Board_2.cache/compile_simlib/activehdl}] -of_objects [get_files C:/Users/qianzha/Desktop/DAT096-krishna/Embedded-System-Project-DAT096-krishna/Board_1/Board_1/Board_2.srcs/sources_1/bd/design_2/design_2.bd] -directory C:/Users/qianzha/Desktop/DAT096-krishna/Embedded-System-Project-DAT096-krishna/Board_1/Board_1/Board_2.ip_user_files/sim_scripts -ip_user_files_dir C:/Users/qianzha/Desktop/DAT096-krishna/Embedded-System-Project-DAT096-krishna/Board_1/Board_1/Board_2.ip_user_files -ipstatic_source_dir C:/Users/qianzha/Desktop/DAT096-krishna/Embedded-System-Project-DAT096-krishna/Board_1/Board_1/Board_2.ip_user_files/ipstatic -use_ip_compiled_libs -force -quiet
WARNING: [filemgmt 56-199] Attempt to get parsing info during refresh. "On-the-fly" syntax checking information may be incorrect. [C:\Users\qianzha\Desktop\DAT096-krishna\Embedded-System-Project-DAT096-krishna\Board_1\Board_1\Board_2.srcs\sources_1\new\delay_measure.vhd:]
WARNING: [filemgmt 56-199] Attempt to get parsing info during refresh. "On-the-fly" syntax checking information may be incorrect. [C:\Users\qianzha\Desktop\DAT096-krishna\Embedded-System-Project-DAT096-krishna\Board_1\Board_1\Board_2.srcs\sources_1\new\adc_bit_decoder.vhd:]
WARNING: [filemgmt 56-199] Attempt to get parsing info during refresh. "On-the-fly" syntax checking information may be incorrect. [C:\Users\qianzha\Desktop\DAT096-krishna\Embedded-System-Project-DAT096-krishna\Board_1\Board_1\Board_2.srcs\sources_1\new\bit to dac converter.vhd:]
WARNING: [filemgmt 56-199] Attempt to get parsing info during refresh. "On-the-fly" syntax checking information may be incorrect. [C:\Users\qianzha\Desktop\DAT096-krishna\Embedded-System-Project-DAT096-krishna\Board_1\Board_1\Board_2.srcs\sources_1\new\pulse_gen.vhd:]
WARNING: [filemgmt 56-199] Attempt to get parsing info during refresh. "On-the-fly" syntax checking information may be incorrect. [C:\Users\qianzha\Desktop\DAT096-krishna\Embedded-System-Project-DAT096-krishna\Board_1\Board_1\Board_2.srcs\sources_1\new\delay_measure.vhd:]
WARNING: [filemgmt 56-199] Attempt to get parsing info during refresh. "On-the-fly" syntax checking information may be incorrect. [C:\Users\qianzha\Desktop\DAT096-krishna\Embedded-System-Project-DAT096-krishna\Board_1\Board_1\Board_2.srcs\sources_1\new\delay_measure.vhd:]
report_ip_status -name ip_status 
launch_runs synth_1 -jobs 28
[Thu Apr 30 14:53:45 2026] Launched design_2_pilot_tx_rx_0_0_synth_1...
Run output will be captured here: C:/Users/qianzha/Desktop/DAT096-krishna/Embedded-System-Project-DAT096-krishna/Board_1/Board_1/Board_2.runs/design_2_pilot_tx_rx_0_0_synth_1/runme.log
[Thu Apr 30 14:53:45 2026] Launched synth_1...
Run output will be captured here: C:/Users/qianzha/Desktop/DAT096-krishna/Embedded-System-Project-DAT096-krishna/Board_1/Board_1/Board_2.runs/synth_1/runme.log
WARNING: [filemgmt 56-199] Attempt to get parsing info during refresh. "On-the-fly" syntax checking information may be incorrect. [C:\Users\qianzha\Desktop\DAT096-krishna\Embedded-System-Project-DAT096-krishna\Board_1\Board_1\Board_2.srcs\sources_1\new\delay_measure.vhd:]
WARNING: [filemgmt 56-199] Attempt to get parsing info during refresh. "On-the-fly" syntax checking information may be incorrect. [C:\Users\qianzha\Desktop\DAT096-krishna\Embedded-System-Project-DAT096-krishna\Board_1\Board_1\Board_2.srcs\sources_1\new\adc_bit_decoder.vhd:]
WARNING: [filemgmt 56-199] Attempt to get parsing info during refresh. "On-the-fly" syntax checking information may be incorrect. [C:\Users\qianzha\Desktop\DAT096-krishna\Embedded-System-Project-DAT096-krishna\Board_1\Board_1\Board_2.srcs\sources_1\new\bit to dac converter.vhd:]
WARNING: [filemgmt 56-199] Attempt to get parsing info during refresh. "On-the-fly" syntax checking information may be incorrect. [C:\Users\qianzha\Desktop\DAT096-krishna\Embedded-System-Project-DAT096-krishna\Board_1\Board_1\Board_2.srcs\sources_1\new\pulse_gen.vhd:]
WARNING: [filemgmt 56-199] Attempt to get parsing info during refresh. "On-the-fly" syntax checking information may be incorrect. [C:\Users\qianzha\Desktop\DAT096-krishna\Embedded-System-Project-DAT096-krishna\Board_1\Board_1\Board_2.srcs\sources_1\new\delay_measure.vhd:]
WARNING: [filemgmt 56-199] Attempt to get parsing info during refresh. "On-the-fly" syntax checking information may be incorrect. [C:\Users\qianzha\Desktop\DAT096-krishna\Embedded-System-Project-DAT096-krishna\Board_1\Board_1\Board_2.srcs\sources_1\new\delay_measure.vhd:]
WARNING: [filemgmt 56-199] Attempt to get parsing info during refresh. "On-the-fly" syntax checking information may be incorrect. [C:\Users\qianzha\Desktop\DAT096-krishna\Embedded-System-Project-DAT096-krishna\Board_1\Board_1\Board_2.srcs\sources_1\new\delay_measure.vhd:]
WARNING: [filemgmt 56-199] Attempt to get parsing info during refresh. "On-the-fly" syntax checking information may be incorrect. [C:\Users\qianzha\Desktop\DAT096-krishna\Embedded-System-Project-DAT096-krishna\Board_1\Board_1\Board_2.srcs\sources_1\new\adc_bit_decoder.vhd:]
WARNING: [filemgmt 56-199] Attempt to get parsing info during refresh. "On-the-fly" syntax checking information may be incorrect. [C:\Users\qianzha\Desktop\DAT096-krishna\Embedded-System-Project-DAT096-krishna\Board_1\Board_1\Board_2.srcs\sources_1\new\bit to dac converter.vhd:]
WARNING: [filemgmt 56-199] Attempt to get parsing info during refresh. "On-the-fly" syntax checking information may be incorrect. [C:\Users\qianzha\Desktop\DAT096-krishna\Embedded-System-Project-DAT096-krishna\Board_1\Board_1\Board_2.srcs\sources_1\new\pulse_gen.vhd:]
WARNING: [filemgmt 56-199] Attempt to get parsing info during refresh. "On-the-fly" syntax checking information may be incorrect. [C:\Users\qianzha\Desktop\DAT096-krishna\Embedded-System-Project-DAT096-krishna\Board_1\Board_1\Board_2.srcs\sources_1\new\adc_bit_decoder.vhd:]
WARNING: [filemgmt 56-199] Attempt to get parsing info during refresh. "On-the-fly" syntax checking information may be incorrect. [C:\Users\qianzha\Desktop\DAT096-krishna\Embedded-System-Project-DAT096-krishna\Board_1\Board_1\Board_2.srcs\sources_1\new\adc_bit_decoder.vhd:]
ERROR: [Common 17-180] Spawn failed: No error
WARNING: [filemgmt 56-199] Attempt to get parsing info during refresh. "On-the-fly" syntax checking information may be incorrect. [C:\Users\qianzha\Desktop\DAT096-krishna\Embedded-System-Project-DAT096-krishna\Board_1\Board_1\Board_2.srcs\sources_1\new\delay_measure.vhd:]
WARNING: [filemgmt 56-199] Attempt to get parsing info during refresh. "On-the-fly" syntax checking information may be incorrect. [C:\Users\qianzha\Desktop\DAT096-krishna\Embedded-System-Project-DAT096-krishna\Board_1\Board_1\Board_2.srcs\sources_1\new\adc_bit_decoder.vhd:]
WARNING: [filemgmt 56-199] Attempt to get parsing info during refresh. "On-the-fly" syntax checking information may be incorrect. [C:\Users\qianzha\Desktop\DAT096-krishna\Embedded-System-Project-DAT096-krishna\Board_1\Board_1\Board_2.srcs\sources_1\new\bit to dac converter.vhd:]
WARNING: [filemgmt 56-199] Attempt to get parsing info during refresh. "On-the-fly" syntax checking information may be incorrect. [C:\Users\qianzha\Desktop\DAT096-krishna\Embedded-System-Project-DAT096-krishna\Board_1\Board_1\Board_2.srcs\sources_1\new\pulse_gen.vhd:]
WARNING: [filemgmt 56-199] Attempt to get parsing info during refresh. "On-the-fly" syntax checking information may be incorrect. [C:\Users\qianzha\Desktop\DAT096-krishna\Embedded-System-Project-DAT096-krishna\Board_1\Board_1\Board_2.srcs\sources_1\new\bit to dac converter.vhd:]
WARNING: [filemgmt 56-199] Attempt to get parsing info during refresh. "On-the-fly" syntax checking information may be incorrect. [C:\Users\qianzha\Desktop\DAT096-krishna\Embedded-System-Project-DAT096-krishna\Board_1\Board_1\Board_2.srcs\sources_1\new\bit to dac converter.vhd:]
ERROR: [Common 17-180] Spawn failed: No error
launch_runs impl_1 -jobs 28
[Thu Apr 30 14:55:19 2026] Launched impl_1...
Run output will be captured here: C:/Users/qianzha/Desktop/DAT096-krishna/Embedded-System-Project-DAT096-krishna/Board_1/Board_1/Board_2.runs/impl_1/runme.log
launch_runs impl_1 -to_step write_bitstream -jobs 28
[Thu Apr 30 15:01:44 2026] Launched impl_1...
Run output will be captured here: C:/Users/qianzha/Desktop/DAT096-krishna/Embedded-System-Project-DAT096-krishna/Board_1/Board_1/Board_2.runs/impl_1/runme.log
set_property PROBES.FILE {C:/Users/qianzha/Desktop/DAT096-krishna/Embedded-System-Project-DAT096-krishna/Board_1/Board_1/Board_2.runs/impl_1/design_2_wrapper.ltx} [get_hw_devices xc7z020_1]
set_property FULL_PROBES.FILE {C:/Users/qianzha/Desktop/DAT096-krishna/Embedded-System-Project-DAT096-krishna/Board_1/Board_1/Board_2.runs/impl_1/design_2_wrapper.ltx} [get_hw_devices xc7z020_1]
set_property PROGRAM.FILE {C:/Users/qianzha/Desktop/DAT096-krishna/Embedded-System-Project-DAT096-krishna/Board_1/Board_1/Board_2.runs/impl_1/design_2_wrapper.bit} [get_hw_devices xc7z020_1]
program_hw_devices [get_hw_devices xc7z020_1]
INFO: [Labtools 27-3164] End of startup status: HIGH
refresh_hw_device [lindex [get_hw_devices xc7z020_1] 0]
INFO: [Labtools 27-2302] Device xc7z020 (JTAG device index = 1) is programmed with a design that has 1 ILA core(s).
add_wave -into {hw_ila_data_1.wcfg} -radix unsigned { {design_2_i/ZmodScopeController_0_cDataAxisTdata} }
run_hw_ila [get_hw_ilas -of_objects [get_hw_devices xc7z020_1] -filter {CELL_NAME=~"design_2_i/ila_0"}]
INFO: [Labtools 27-1964] The ILA core 'hw_ila_1' trigger was armed at 2026-Apr-30 15:04:03
wait_on_hw_ila [get_hw_ilas -of_objects [get_hw_devices xc7z020_1] -filter {CELL_NAME=~"design_2_i/ila_0"}]
display_hw_ila_data [upload_hw_ila_data [get_hw_ilas -of_objects [get_hw_devices xc7z020_1] -filter {CELL_NAME=~"design_2_i/ila_0"}]]
INFO: [Labtools 27-1966] The ILA core 'hw_ila_1' triggered at 2026-Apr-30 15:04:03
INFO: [Labtools 27-3304] ILA Waveform data saved to file C:/Users/qianzha/Desktop/DAT096-krishna/Embedded-System-Project-DAT096-krishna/Board_1/Board_1/Board_2.hw/backup/hw_ila_data_1.ila. Use Tcl command 'read_hw_ila_data' or Vivado File->Import->Import ILA Data menu item to import the previously saved data.
run_hw_ila [get_hw_ilas -of_objects [get_hw_devices xc7z020_1] -filter {CELL_NAME=~"design_2_i/ila_0"}]
INFO: [Labtools 27-1964] The ILA core 'hw_ila_1' trigger was armed at 2026-Apr-30 15:05:53
wait_on_hw_ila [get_hw_ilas -of_objects [get_hw_devices xc7z020_1] -filter {CELL_NAME=~"design_2_i/ila_0"}]
display_hw_ila_data [upload_hw_ila_data [get_hw_ilas -of_objects [get_hw_devices xc7z020_1] -filter {CELL_NAME=~"design_2_i/ila_0"}]]
INFO: [Labtools 27-1966] The ILA core 'hw_ila_1' triggered at 2026-Apr-30 15:05:53
INFO: [Labtools 27-3304] ILA Waveform data saved to file C:/Users/qianzha/Desktop/DAT096-krishna/Embedded-System-Project-DAT096-krishna/Board_1/Board_1/Board_2.hw/backup/hw_ila_data_1.ila. Use Tcl command 'read_hw_ila_data' or Vivado File->Import->Import ILA Data menu item to import the previously saved data.
WARNING: [filemgmt 56-199] Attempt to get parsing info during refresh. "On-the-fly" syntax checking information may be incorrect. [C:\Users\qianzha\Desktop\DAT096-krishna\Embedded-System-Project-DAT096-krishna\Board_1\Board_1\Board_2.srcs\sources_1\new\delay_measure.vhd:]
WARNING: [filemgmt 56-199] Attempt to get parsing info during refresh. "On-the-fly" syntax checking information may be incorrect. [C:\Users\qianzha\Desktop\DAT096-krishna\Embedded-System-Project-DAT096-krishna\Board_1\Board_1\Board_2.srcs\sources_1\new\adc_bit_decoder.vhd:]
WARNING: [filemgmt 56-199] Attempt to get parsing info during refresh. "On-the-fly" syntax checking information may be incorrect. [C:\Users\qianzha\Desktop\DAT096-krishna\Embedded-System-Project-DAT096-krishna\Board_1\Board_1\Board_2.srcs\sources_1\new\bit to dac converter.vhd:]
WARNING: [filemgmt 56-199] Attempt to get parsing info during refresh. "On-the-fly" syntax checking information may be incorrect. [C:\Users\qianzha\Desktop\DAT096-krishna\Embedded-System-Project-DAT096-krishna\Board_1\Board_1\Board_2.srcs\sources_1\new\pulse_gen.vhd:]
WARNING: [filemgmt 56-199] Attempt to get parsing info during refresh. "On-the-fly" syntax checking information may be incorrect. [C:\Users\qianzha\Desktop\DAT096-krishna\Embedded-System-Project-DAT096-krishna\Board_1\Board_1\Board_2.srcs\sources_1\new\delay_measure.vhd:]
WARNING: [filemgmt 56-199] Attempt to get parsing info during refresh. "On-the-fly" syntax checking information may be incorrect. [C:\Users\qianzha\Desktop\DAT096-krishna\Embedded-System-Project-DAT096-krishna\Board_1\Board_1\Board_2.srcs\sources_1\new\delay_measure.vhd:]
WARNING: [filemgmt 56-199] Attempt to get parsing info during refresh. "On-the-fly" syntax checking information may be incorrect. [C:\Users\qianzha\Desktop\DAT096-krishna\Embedded-System-Project-DAT096-krishna\Board_1\Board_1\Board_2.srcs\sources_1\new\delay_measure.vhd:]
WARNING: [filemgmt 56-199] Attempt to get parsing info during refresh. "On-the-fly" syntax checking information may be incorrect. [C:\Users\qianzha\Desktop\DAT096-krishna\Embedded-System-Project-DAT096-krishna\Board_1\Board_1\Board_2.srcs\sources_1\new\adc_bit_decoder.vhd:]
WARNING: [filemgmt 56-199] Attempt to get parsing info during refresh. "On-the-fly" syntax checking information may be incorrect. [C:\Users\qianzha\Desktop\DAT096-krishna\Embedded-System-Project-DAT096-krishna\Board_1\Board_1\Board_2.srcs\sources_1\new\bit to dac converter.vhd:]
WARNING: [filemgmt 56-199] Attempt to get parsing info during refresh. "On-the-fly" syntax checking information may be incorrect. [C:\Users\qianzha\Desktop\DAT096-krishna\Embedded-System-Project-DAT096-krishna\Board_1\Board_1\Board_2.srcs\sources_1\new\pulse_gen.vhd:]
WARNING: [filemgmt 56-199] Attempt to get parsing info during refresh. "On-the-fly" syntax checking information may be incorrect. [C:\Users\qianzha\Desktop\DAT096-krishna\Embedded-System-Project-DAT096-krishna\Board_1\Board_1\Board_2.srcs\sources_1\new\adc_bit_decoder.vhd:]
WARNING: [filemgmt 56-199] Attempt to get parsing info during refresh. "On-the-fly" syntax checking information may be incorrect. [C:\Users\qianzha\Desktop\DAT096-krishna\Embedded-System-Project-DAT096-krishna\Board_1\Board_1\Board_2.srcs\sources_1\new\adc_bit_decoder.vhd:]
ERROR: [Common 17-180] Spawn failed: No error
ERROR: [Common 17-180] Spawn failed: No error
WARNING: [filemgmt 56-199] Attempt to get parsing info during refresh. "On-the-fly" syntax checking information may be incorrect. [C:\Users\qianzha\Desktop\DAT096-krishna\Embedded-System-Project-DAT096-krishna\Board_1\Board_1\Board_2.srcs\sources_1\new\delay_measure.vhd:]
report_ip_status -name ip_status 
update_module_reference [get_ips  design_2_adc_bit_decoder_0_0]
INFO: [IP_Flow 19-5107] Inferred bus interface 'clk' of definition 'xilinx.com:signal:clock:1.0' (from Xilinx Repository).
WARNING: [IP_Flow 19-5661] Bus Interface 'clk' does not have any bus interfaces associated with it.
WARNING: [IP_Flow 19-11770] Clock interface 'clk' has no FREQ_HZ parameter.
INFO: [IP_Flow 19-5107] Inferred bus interface 'clk' of definition 'xilinx.com:signal:clock:1.0' (from Xilinx Repository).
WARNING: [IP_Flow 19-5661] Bus Interface 'clk' does not have any bus interfaces associated with it.
WARNING: [IP_Flow 19-11770] Clock interface 'clk' has no FREQ_HZ parameter.
Upgrading 'C:/Users/qianzha/Desktop/DAT096-krishna/Embedded-System-Project-DAT096-krishna/Board_1/Board_1/Board_2.srcs/sources_1/bd/design_2/design_2.bd'
WARNING: [Vivado 12-1017] Problems encountered:
1. Failed to delete one or more files in run directory C:/Users/qianzha/Desktop/DAT096-krishna/Embedded-System-Project-DAT096-krishna/Board_1/Board_1/Board_2.runs/design_2_adc_bit_decoder_0_0_synth_1

INFO: [IP_Flow 19-3420] Updated design_2_adc_bit_decoder_0_0 to use current project options
Wrote  : <C:\Users\qianzha\Desktop\DAT096-krishna\Embedded-System-Project-DAT096-krishna\Board_1\Board_1\Board_2.srcs\sources_1\bd\design_2\design_2.bd> 
WARNING: [filemgmt 56-199] Attempt to get parsing info during refresh. "On-the-fly" syntax checking information may be incorrect. [C:\Users\qianzha\Desktop\DAT096-krishna\Embedded-System-Project-DAT096-krishna\Board_1\Board_1\Board_2.srcs\sources_1\new\delay_measure.vhd:]
WARNING: [filemgmt 56-199] Attempt to get parsing info during refresh. "On-the-fly" syntax checking information may be incorrect. [C:\Users\qianzha\Desktop\DAT096-krishna\Embedded-System-Project-DAT096-krishna\Board_1\Board_1\Board_2.srcs\sources_1\new\adc_bit_decoder.vhd:]
WARNING: [filemgmt 56-199] Attempt to get parsing info during refresh. "On-the-fly" syntax checking information may be incorrect. [C:\Users\qianzha\Desktop\DAT096-krishna\Embedded-System-Project-DAT096-krishna\Board_1\Board_1\Board_2.srcs\sources_1\new\bit to dac converter.vhd:]
WARNING: [filemgmt 56-199] Attempt to get parsing info during refresh. "On-the-fly" syntax checking information may be incorrect. [C:\Users\qianzha\Desktop\DAT096-krishna\Embedded-System-Project-DAT096-krishna\Board_1\Board_1\Board_2.srcs\sources_1\new\pulse_gen.vhd:]
WARNING: [filemgmt 56-199] Attempt to get parsing info during refresh. "On-the-fly" syntax checking information may be incorrect. [C:\Users\qianzha\Desktop\DAT096-krishna\Embedded-System-Project-DAT096-krishna\Board_1\Board_1\Board_2.srcs\sources_1\new\pulse_gen.vhd:]
WARNING: [filemgmt 56-199] Attempt to get parsing info during refresh. "On-the-fly" syntax checking information may be incorrect. [C:\Users\qianzha\Desktop\DAT096-krishna\Embedded-System-Project-DAT096-krishna\Board_1\Board_1\Board_2.srcs\sources_1\new\pulse_gen.vhd:]
WARNING: [filemgmt 56-199] Attempt to get parsing info during refresh. "On-the-fly" syntax checking information may be incorrect. [C:\Users\qianzha\Desktop\DAT096-krishna\Embedded-System-Project-DAT096-krishna\Board_1\Board_1\Board_2.srcs\sources_1\new\delay_measure.vhd:]
WARNING: [filemgmt 56-199] Attempt to get parsing info during refresh. "On-the-fly" syntax checking information may be incorrect. [C:\Users\qianzha\Desktop\DAT096-krishna\Embedded-System-Project-DAT096-krishna\Board_1\Board_1\Board_2.srcs\sources_1\new\adc_bit_decoder.vhd:]
WARNING: [filemgmt 56-199] Attempt to get parsing info during refresh. "On-the-fly" syntax checking information may be incorrect. [C:\Users\qianzha\Desktop\DAT096-krishna\Embedded-System-Project-DAT096-krishna\Board_1\Board_1\Board_2.srcs\sources_1\new\bit to dac converter.vhd:]
WARNING: [filemgmt 56-199] Attempt to get parsing info during refresh. "On-the-fly" syntax checking information may be incorrect. [C:\Users\qianzha\Desktop\DAT096-krishna\Embedded-System-Project-DAT096-krishna\Board_1\Board_1\Board_2.srcs\sources_1\new\pulse_gen.vhd:]
WARNING: [filemgmt 56-199] Attempt to get parsing info during refresh. "On-the-fly" syntax checking information may be incorrect. [C:\Users\qianzha\Desktop\DAT096-krishna\Embedded-System-Project-DAT096-krishna\Board_1\Board_1\Board_2.srcs\sources_1\new\bit to dac converter.vhd:]
WARNING: [filemgmt 56-199] Attempt to get parsing info during refresh. "On-the-fly" syntax checking information may be incorrect. [C:\Users\qianzha\Desktop\DAT096-krishna\Embedded-System-Project-DAT096-krishna\Board_1\Board_1\Board_2.srcs\sources_1\new\bit to dac converter.vhd:]
WARNING: [filemgmt 56-199] Attempt to get parsing info during refresh. "On-the-fly" syntax checking information may be incorrect. [C:\Users\qianzha\Desktop\DAT096-krishna\Embedded-System-Project-DAT096-krishna\Board_1\Board_1\Board_2.srcs\sources_1\new\delay_measure.vhd:]
WARNING: [filemgmt 56-199] Attempt to get parsing info during refresh. "On-the-fly" syntax checking information may be incorrect. [C:\Users\qianzha\Desktop\DAT096-krishna\Embedded-System-Project-DAT096-krishna\Board_1\Board_1\Board_2.srcs\sources_1\new\adc_bit_decoder.vhd:]
WARNING: [filemgmt 56-199] Attempt to get parsing info during refresh. "On-the-fly" syntax checking information may be incorrect. [C:\Users\qianzha\Desktop\DAT096-krishna\Embedded-System-Project-DAT096-krishna\Board_1\Board_1\Board_2.srcs\sources_1\new\bit to dac converter.vhd:]
WARNING: [filemgmt 56-199] Attempt to get parsing info during refresh. "On-the-fly" syntax checking information may be incorrect. [C:\Users\qianzha\Desktop\DAT096-krishna\Embedded-System-Project-DAT096-krishna\Board_1\Board_1\Board_2.srcs\sources_1\new\pulse_gen.vhd:]
WARNING: [filemgmt 56-199] Attempt to get parsing info during refresh. "On-the-fly" syntax checking information may be incorrect. [C:\Users\qianzha\Desktop\DAT096-krishna\Embedded-System-Project-DAT096-krishna\Board_1\Board_1\Board_2.srcs\sources_1\new\adc_bit_decoder.vhd:]
WARNING: [filemgmt 56-199] Attempt to get parsing info during refresh. "On-the-fly" syntax checking information may be incorrect. [C:\Users\qianzha\Desktop\DAT096-krishna\Embedded-System-Project-DAT096-krishna\Board_1\Board_1\Board_2.srcs\sources_1\new\adc_bit_decoder.vhd:]
generate_target all [get_files  C:/Users/qianzha/Desktop/DAT096-krishna/Embedded-System-Project-DAT096-krishna/Board_1/Board_1/Board_2.srcs/sources_1/bd/design_2/design_2.bd]
WARNING: [BD 41-2670] Found an incomplete address path from address space '/processing_system7_0/Data' to master interface '/processing_system7_0/M_AXI_GP0'. Please either complete or remove this path to resolve.
WARNING: [BD 5-699] No address segments matched 'get_bd_addr_segs -of_objects /processing_system7_0/Data'
WARNING: [IP_Flow 19-4684] Expected long value for param C_ILA_CLK_FREQ but, float/scientific notation value 5e+07 is provided. The value is converted to long type(50000000)
INFO: [xilinx.com:ip:clk_wiz:6.0-1] /clk_wiz_0 clk_wiz propagate
Wrote  : <C:\Users\qianzha\Desktop\DAT096-krishna\Embedded-System-Project-DAT096-krishna\Board_1\Board_1\Board_2.srcs\sources_1\bd\design_2\design_2.bd> 
VHDL Output written to : c:/Users/qianzha/Desktop/DAT096-krishna/Embedded-System-Project-DAT096-krishna/Board_1/Board_1/Board_2.gen/sources_1/bd/design_2/synth/design_2.vhd
VHDL Output written to : c:/Users/qianzha/Desktop/DAT096-krishna/Embedded-System-Project-DAT096-krishna/Board_1/Board_1/Board_2.gen/sources_1/bd/design_2/sim/design_2.vhd
VHDL Output written to : c:/Users/qianzha/Desktop/DAT096-krishna/Embedded-System-Project-DAT096-krishna/Board_1/Board_1/Board_2.gen/sources_1/bd/design_2/hdl/design_2_wrapper.vhd
INFO: [BD 41-1029] Generation completed for the IP Integrator block adc_bit_decoder_0 .
Exporting to file c:/Users/qianzha/Desktop/DAT096-krishna/Embedded-System-Project-DAT096-krishna/Board_1/Board_1/Board_2.gen/sources_1/bd/design_2/hw_handoff/design_2.hwh
Generated Hardware Definition File c:/Users/qianzha/Desktop/DAT096-krishna/Embedded-System-Project-DAT096-krishna/Board_1/Board_1/Board_2.gen/sources_1/bd/design_2/synth/design_2.hwdef
export_ip_user_files -of_objects [get_files C:/Users/qianzha/Desktop/DAT096-krishna/Embedded-System-Project-DAT096-krishna/Board_1/Board_1/Board_2.srcs/sources_1/bd/design_2/design_2.bd] -no_script -sync -force -quiet
create_ip_run [get_files -of_objects [get_fileset sources_1] C:/Users/qianzha/Desktop/DAT096-krishna/Embedded-System-Project-DAT096-krishna/Board_1/Board_1/Board_2.srcs/sources_1/bd/design_2/design_2.bd]
launch_runs design_2_adc_bit_decoder_0_0_synth_1 -jobs 28
[Thu Apr 30 15:19:32 2026] Launched design_2_adc_bit_decoder_0_0_synth_1...
Run output will be captured here: C:/Users/qianzha/Desktop/DAT096-krishna/Embedded-System-Project-DAT096-krishna/Board_1/Board_1/Board_2.runs/design_2_adc_bit_decoder_0_0_synth_1/runme.log
export_simulation -lib_map_path [list {modelsim=C:/Users/qianzha/Desktop/DAT096-krishna/Embedded-System-Project-DAT096-krishna/Board_1/Board_1/Board_2.cache/compile_simlib/modelsim} {questa=C:/Users/qianzha/Desktop/DAT096-krishna/Embedded-System-Project-DAT096-krishna/Board_1/Board_1/Board_2.cache/compile_simlib/questa} {riviera=C:/Users/qianzha/Desktop/DAT096-krishna/Embedded-System-Project-DAT096-krishna/Board_1/Board_1/Board_2.cache/compile_simlib/riviera} {activehdl=C:/Users/qianzha/Desktop/DAT096-krishna/Embedded-System-Project-DAT096-krishna/Board_1/Board_1/Board_2.cache/compile_simlib/activehdl}] -of_objects [get_files C:/Users/qianzha/Desktop/DAT096-krishna/Embedded-System-Project-DAT096-krishna/Board_1/Board_1/Board_2.srcs/sources_1/bd/design_2/design_2.bd] -directory C:/Users/qianzha/Desktop/DAT096-krishna/Embedded-System-Project-DAT096-krishna/Board_1/Board_1/Board_2.ip_user_files/sim_scripts -ip_user_files_dir C:/Users/qianzha/Desktop/DAT096-krishna/Embedded-System-Project-DAT096-krishna/Board_1/Board_1/Board_2.ip_user_files -ipstatic_source_dir C:/Users/qianzha/Desktop/DAT096-krishna/Embedded-System-Project-DAT096-krishna/Board_1/Board_1/Board_2.ip_user_files/ipstatic -use_ip_compiled_libs -force -quiet
reset_run synth_1
INFO: [Project 1-1161] Replacing file C:/Users/qianzha/Desktop/DAT096-krishna/Embedded-System-Project-DAT096-krishna/Board_1/Board_1/Board_2.srcs/utils_1/imports/synth_1/design_2_wrapper.dcp with file C:/Users/qianzha/Desktop/DAT096-krishna/Embedded-System-Project-DAT096-krishna/Board_1/Board_1/Board_2.runs/synth_1/design_2_wrapper.dcp
WARNING: [Vivado 12-1017] Problems encountered:
1. Failed to delete one or more files in run directory C:/Users/qianzha/Desktop/DAT096-krishna/Embedded-System-Project-DAT096-krishna/Board_1/Board_1/Board_2.runs/synth_1

launch_runs synth_1 -jobs 28
WARNING: [filemgmt 56-199] Attempt to get parsing info during refresh. "On-the-fly" syntax checking information may be incorrect. [C:\Users\qianzha\Desktop\DAT096-krishna\Embedded-System-Project-DAT096-krishna\Board_1\Board_1\Board_2.srcs\sources_1\new\delay_measure.vhd:]
WARNING: [filemgmt 56-199] Attempt to get parsing info during refresh. "On-the-fly" syntax checking information may be incorrect. [C:\Users\qianzha\Desktop\DAT096-krishna\Embedded-System-Project-DAT096-krishna\Board_1\Board_1\Board_2.srcs\sources_1\new\adc_bit_decoder.vhd:]
WARNING: [filemgmt 56-199] Attempt to get parsing info during refresh. "On-the-fly" syntax checking information may be incorrect. [C:\Users\qianzha\Desktop\DAT096-krishna\Embedded-System-Project-DAT096-krishna\Board_1\Board_1\Board_2.srcs\sources_1\new\bit to dac converter.vhd:]
WARNING: [filemgmt 56-199] Attempt to get parsing info during refresh. "On-the-fly" syntax checking information may be incorrect. [C:\Users\qianzha\Desktop\DAT096-krishna\Embedded-System-Project-DAT096-krishna\Board_1\Board_1\Board_2.srcs\sources_1\new\pulse_gen.vhd:]
WARNING: [filemgmt 56-199] Attempt to get parsing info during refresh. "On-the-fly" syntax checking information may be incorrect. [C:\Users\qianzha\Desktop\DAT096-krishna\Embedded-System-Project-DAT096-krishna\Board_1\Board_1\Board_2.srcs\sources_1\new\delay_measure.vhd:]
WARNING: [filemgmt 56-199] Attempt to get parsing info during refresh. "On-the-fly" syntax checking information may be incorrect. [C:\Users\qianzha\Desktop\DAT096-krishna\Embedded-System-Project-DAT096-krishna\Board_1\Board_1\Board_2.srcs\sources_1\new\delay_measure.vhd:]
WARNING: [filemgmt 56-199] Attempt to get parsing info during refresh. "On-the-fly" syntax checking information may be incorrect. [C:\Users\qianzha\Desktop\DAT096-krishna\Embedded-System-Project-DAT096-krishna\Board_1\Board_1\Board_2.srcs\sources_1\new\delay_measure.vhd:]
WARNING: [filemgmt 56-199] Attempt to get parsing info during refresh. "On-the-fly" syntax checking information may be incorrect. [C:\Users\qianzha\Desktop\DAT096-krishna\Embedded-System-Project-DAT096-krishna\Board_1\Board_1\Board_2.srcs\sources_1\new\adc_bit_decoder.vhd:]
WARNING: [filemgmt 56-199] Attempt to get parsing info during refresh. "On-the-fly" syntax checking information may be incorrect. [C:\Users\qianzha\Desktop\DAT096-krishna\Embedded-System-Project-DAT096-krishna\Board_1\Board_1\Board_2.srcs\sources_1\new\bit to dac converter.vhd:]
WARNING: [filemgmt 56-199] Attempt to get parsing info during refresh. "On-the-fly" syntax checking information may be incorrect. [C:\Users\qianzha\Desktop\DAT096-krishna\Embedded-System-Project-DAT096-krishna\Board_1\Board_1\Board_2.srcs\sources_1\new\pulse_gen.vhd:]
WARNING: [filemgmt 56-199] Attempt to get parsing info during refresh. "On-the-fly" syntax checking information may be incorrect. [C:\Users\qianzha\Desktop\DAT096-krishna\Embedded-System-Project-DAT096-krishna\Board_1\Board_1\Board_2.srcs\sources_1\new\adc_bit_decoder.vhd:]
WARNING: [filemgmt 56-199] Attempt to get parsing info during refresh. "On-the-fly" syntax checking information may be incorrect. [C:\Users\qianzha\Desktop\DAT096-krishna\Embedded-System-Project-DAT096-krishna\Board_1\Board_1\Board_2.srcs\sources_1\new\adc_bit_decoder.vhd:]
[Thu Apr 30 15:19:58 2026] Launched design_2_adc_bit_decoder_0_0_synth_1...
Run output will be captured here: C:/Users/qianzha/Desktop/DAT096-krishna/Embedded-System-Project-DAT096-krishna/Board_1/Board_1/Board_2.runs/design_2_adc_bit_decoder_0_0_synth_1/runme.log
[Thu Apr 30 15:19:58 2026] Launched synth_1...
Run output will be captured here: C:/Users/qianzha/Desktop/DAT096-krishna/Embedded-System-Project-DAT096-krishna/Board_1/Board_1/Board_2.runs/synth_1/runme.log
WARNING: [filemgmt 56-199] Attempt to get parsing info during refresh. "On-the-fly" syntax checking information may be incorrect. [C:\Users\qianzha\Desktop\DAT096-krishna\Embedded-System-Project-DAT096-krishna\Board_1\Board_1\Board_2.srcs\sources_1\new\delay_measure.vhd:]
WARNING: [filemgmt 56-199] Attempt to get parsing info during refresh. "On-the-fly" syntax checking information may be incorrect. [C:\Users\qianzha\Desktop\DAT096-krishna\Embedded-System-Project-DAT096-krishna\Board_1\Board_1\Board_2.srcs\sources_1\new\adc_bit_decoder.vhd:]
WARNING: [filemgmt 56-199] Attempt to get parsing info during refresh. "On-the-fly" syntax checking information may be incorrect. [C:\Users\qianzha\Desktop\DAT096-krishna\Embedded-System-Project-DAT096-krishna\Board_1\Board_1\Board_2.srcs\sources_1\new\bit to dac converter.vhd:]
WARNING: [filemgmt 56-199] Attempt to get parsing info during refresh. "On-the-fly" syntax checking information may be incorrect. [C:\Users\qianzha\Desktop\DAT096-krishna\Embedded-System-Project-DAT096-krishna\Board_1\Board_1\Board_2.srcs\sources_1\new\pulse_gen.vhd:]
WARNING: [filemgmt 56-199] Attempt to get parsing info during refresh. "On-the-fly" syntax checking information may be incorrect. [C:\Users\qianzha\Desktop\DAT096-krishna\Embedded-System-Project-DAT096-krishna\Board_1\Board_1\Board_2.srcs\sources_1\new\delay_measure.vhd:]
WARNING: [filemgmt 56-199] Attempt to get parsing info during refresh. "On-the-fly" syntax checking information may be incorrect. [C:\Users\qianzha\Desktop\DAT096-krishna\Embedded-System-Project-DAT096-krishna\Board_1\Board_1\Board_2.srcs\sources_1\new\delay_measure.vhd:]
WARNING: [filemgmt 56-199] Attempt to get parsing info during refresh. "On-the-fly" syntax checking information may be incorrect. [C:\Users\qianzha\Desktop\DAT096-krishna\Embedded-System-Project-DAT096-krishna\Board_1\Board_1\Board_2.srcs\sources_1\new\delay_measure.vhd:]
WARNING: [filemgmt 56-199] Attempt to get parsing info during refresh. "On-the-fly" syntax checking information may be incorrect. [C:\Users\qianzha\Desktop\DAT096-krishna\Embedded-System-Project-DAT096-krishna\Board_1\Board_1\Board_2.srcs\sources_1\new\adc_bit_decoder.vhd:]
WARNING: [filemgmt 56-199] Attempt to get parsing info during refresh. "On-the-fly" syntax checking information may be incorrect. [C:\Users\qianzha\Desktop\DAT096-krishna\Embedded-System-Project-DAT096-krishna\Board_1\Board_1\Board_2.srcs\sources_1\new\bit to dac converter.vhd:]
WARNING: [filemgmt 56-199] Attempt to get parsing info during refresh. "On-the-fly" syntax checking information may be incorrect. [C:\Users\qianzha\Desktop\DAT096-krishna\Embedded-System-Project-DAT096-krishna\Board_1\Board_1\Board_2.srcs\sources_1\new\pulse_gen.vhd:]
WARNING: [filemgmt 56-199] Attempt to get parsing info during refresh. "On-the-fly" syntax checking information may be incorrect. [C:\Users\qianzha\Desktop\DAT096-krishna\Embedded-System-Project-DAT096-krishna\Board_1\Board_1\Board_2.srcs\sources_1\new\adc_bit_decoder.vhd:]
WARNING: [filemgmt 56-199] Attempt to get parsing info during refresh. "On-the-fly" syntax checking information may be incorrect. [C:\Users\qianzha\Desktop\DAT096-krishna\Embedded-System-Project-DAT096-krishna\Board_1\Board_1\Board_2.srcs\sources_1\new\adc_bit_decoder.vhd:]
ERROR: [Common 17-180] Spawn failed: No error
ERROR: [Common 17-180] Spawn failed: No error
WARNING: [filemgmt 56-199] Attempt to get parsing info during refresh. "On-the-fly" syntax checking information may be incorrect. [C:\Users\qianzha\Desktop\DAT096-krishna\Embedded-System-Project-DAT096-krishna\Board_1\Board_1\Board_2.srcs\sources_1\new\delay_measure.vhd:]
report_ip_status -name ip_status 
launch_runs impl_1 -jobs 28
[Thu Apr 30 15:21:25 2026] Launched impl_1...
Run output will be captured here: C:/Users/qianzha/Desktop/DAT096-krishna/Embedded-System-Project-DAT096-krishna/Board_1/Board_1/Board_2.runs/impl_1/runme.log
launch_runs impl_1 -to_step write_bitstream -jobs 28
[Thu Apr 30 15:23:03 2026] Launched impl_1...
Run output will be captured here: C:/Users/qianzha/Desktop/DAT096-krishna/Embedded-System-Project-DAT096-krishna/Board_1/Board_1/Board_2.runs/impl_1/runme.log
set_property PROBES.FILE {C:/Users/qianzha/Desktop/DAT096-krishna/Embedded-System-Project-DAT096-krishna/Board_1/Board_1/Board_2.runs/impl_1/design_2_wrapper.ltx} [get_hw_devices xc7z020_1]
set_property FULL_PROBES.FILE {C:/Users/qianzha/Desktop/DAT096-krishna/Embedded-System-Project-DAT096-krishna/Board_1/Board_1/Board_2.runs/impl_1/design_2_wrapper.ltx} [get_hw_devices xc7z020_1]
set_property PROGRAM.FILE {C:/Users/qianzha/Desktop/DAT096-krishna/Embedded-System-Project-DAT096-krishna/Board_1/Board_1/Board_2.runs/impl_1/design_2_wrapper.bit} [get_hw_devices xc7z020_1]
program_hw_devices [get_hw_devices xc7z020_1]
INFO: [Labtools 27-3164] End of startup status: HIGH
refresh_hw_device [lindex [get_hw_devices xc7z020_1] 0]
INFO: [Labtools 27-2302] Device xc7z020 (JTAG device index = 1) is programmed with a design that has 1 ILA core(s).
run_hw_ila [get_hw_ilas -of_objects [get_hw_devices xc7z020_1] -filter {CELL_NAME=~"design_2_i/ila_0"}]
INFO: [Labtools 27-1964] The ILA core 'hw_ila_1' trigger was armed at 2026-Apr-30 15:24:14
wait_on_hw_ila [get_hw_ilas -of_objects [get_hw_devices xc7z020_1] -filter {CELL_NAME=~"design_2_i/ila_0"}]
display_hw_ila_data [upload_hw_ila_data [get_hw_ilas -of_objects [get_hw_devices xc7z020_1] -filter {CELL_NAME=~"design_2_i/ila_0"}]]
INFO: [Labtools 27-1966] The ILA core 'hw_ila_1' triggered at 2026-Apr-30 15:24:14
INFO: [Labtools 27-3304] ILA Waveform data saved to file C:/Users/qianzha/Desktop/DAT096-krishna/Embedded-System-Project-DAT096-krishna/Board_1/Board_1/Board_2.hw/backup/hw_ila_data_1.ila. Use Tcl command 'read_hw_ila_data' or Vivado File->Import->Import ILA Data menu item to import the previously saved data.
open_bd_design {C:/Users/qianzha/Desktop/DAT096-krishna/Embedded-System-Project-DAT096-krishna/Board_1/Board_1/Board_2.srcs/sources_1/bd/design_2/design_2.bd}
open_bd_design {C:/Users/qianzha/Desktop/DAT096-krishna/Embedded-System-Project-DAT096-krishna/Board_1/Board_1/Board_2.srcs/sources_1/bd/design_2/design_2.bd}
open_bd_design {C:/Users/qianzha/Desktop/DAT096-krishna/Embedded-System-Project-DAT096-krishna/Board_1/Board_1/Board_2.srcs/sources_1/bd/design_2/design_2.bd}
WARNING: [filemgmt 56-199] Attempt to get parsing info during refresh. "On-the-fly" syntax checking information may be incorrect. [C:\Users\qianzha\Desktop\DAT096-krishna\Embedded-System-Project-DAT096-krishna\Board_1\Board_1\Board_2.srcs\sources_1\new\delay_measure.vhd:]
WARNING: [filemgmt 56-199] Attempt to get parsing info during refresh. "On-the-fly" syntax checking information may be incorrect. [C:\Users\qianzha\Desktop\DAT096-krishna\Embedded-System-Project-DAT096-krishna\Board_1\Board_1\Board_2.srcs\sources_1\new\adc_bit_decoder.vhd:]
WARNING: [filemgmt 56-199] Attempt to get parsing info during refresh. "On-the-fly" syntax checking information may be incorrect. [C:\Users\qianzha\Desktop\DAT096-krishna\Embedded-System-Project-DAT096-krishna\Board_1\Board_1\Board_2.srcs\sources_1\new\bit to dac converter.vhd:]
WARNING: [filemgmt 56-199] Attempt to get parsing info during refresh. "On-the-fly" syntax checking information may be incorrect. [C:\Users\qianzha\Desktop\DAT096-krishna\Embedded-System-Project-DAT096-krishna\Board_1\Board_1\Board_2.srcs\sources_1\new\pulse_gen.vhd:]
WARNING: [filemgmt 56-199] Attempt to get parsing info during refresh. "On-the-fly" syntax checking information may be incorrect. [C:\Users\qianzha\Desktop\DAT096-krishna\Embedded-System-Project-DAT096-krishna\Board_1\Board_1\Board_2.srcs\sources_1\new\delay_measure.vhd:]
WARNING: [filemgmt 56-199] Attempt to get parsing info during refresh. "On-the-fly" syntax checking information may be incorrect. [C:\Users\qianzha\Desktop\DAT096-krishna\Embedded-System-Project-DAT096-krishna\Board_1\Board_1\Board_2.srcs\sources_1\new\delay_measure.vhd:]
WARNING: [filemgmt 56-199] Attempt to get parsing info during refresh. "On-the-fly" syntax checking information may be incorrect. [C:\Users\qianzha\Desktop\DAT096-krishna\Embedded-System-Project-DAT096-krishna\Board_1\Board_1\Board_2.srcs\sources_1\new\delay_measure.vhd:]
WARNING: [filemgmt 56-199] Attempt to get parsing info during refresh. "On-the-fly" syntax checking information may be incorrect. [C:\Users\qianzha\Desktop\DAT096-krishna\Embedded-System-Project-DAT096-krishna\Board_1\Board_1\Board_2.srcs\sources_1\new\adc_bit_decoder.vhd:]
WARNING: [filemgmt 56-199] Attempt to get parsing info during refresh. "On-the-fly" syntax checking information may be incorrect. [C:\Users\qianzha\Desktop\DAT096-krishna\Embedded-System-Project-DAT096-krishna\Board_1\Board_1\Board_2.srcs\sources_1\new\bit to dac converter.vhd:]
WARNING: [filemgmt 56-199] Attempt to get parsing info during refresh. "On-the-fly" syntax checking information may be incorrect. [C:\Users\qianzha\Desktop\DAT096-krishna\Embedded-System-Project-DAT096-krishna\Board_1\Board_1\Board_2.srcs\sources_1\new\pulse_gen.vhd:]
WARNING: [filemgmt 56-199] Attempt to get parsing info during refresh. "On-the-fly" syntax checking information may be incorrect. [C:\Users\qianzha\Desktop\DAT096-krishna\Embedded-System-Project-DAT096-krishna\Board_1\Board_1\Board_2.srcs\sources_1\new\adc_bit_decoder.vhd:]
WARNING: [filemgmt 56-199] Attempt to get parsing info during refresh. "On-the-fly" syntax checking information may be incorrect. [C:\Users\qianzha\Desktop\DAT096-krishna\Embedded-System-Project-DAT096-krishna\Board_1\Board_1\Board_2.srcs\sources_1\new\adc_bit_decoder.vhd:]
ERROR: [Common 17-180] Spawn failed: No error
WARNING: [filemgmt 56-199] Attempt to get parsing info during refresh. "On-the-fly" syntax checking information may be incorrect. [C:\Users\qianzha\Desktop\DAT096-krishna\Embedded-System-Project-DAT096-krishna\Board_1\Board_1\Board_2.srcs\sources_1\new\delay_measure.vhd:]
WARNING: [filemgmt 56-199] Attempt to get parsing info during refresh. "On-the-fly" syntax checking information may be incorrect. [C:\Users\qianzha\Desktop\DAT096-krishna\Embedded-System-Project-DAT096-krishna\Board_1\Board_1\Board_2.srcs\sources_1\new\adc_bit_decoder.vhd:]
WARNING: [filemgmt 56-199] Attempt to get parsing info during refresh. "On-the-fly" syntax checking information may be incorrect. [C:\Users\qianzha\Desktop\DAT096-krishna\Embedded-System-Project-DAT096-krishna\Board_1\Board_1\Board_2.srcs\sources_1\new\bit to dac converter.vhd:]
ERROR: [Common 17-180] Spawn failed: No error
WARNING: [filemgmt 56-199] Attempt to get parsing info during refresh. "On-the-fly" syntax checking information may be incorrect. [C:\Users\qianzha\Desktop\DAT096-krishna\Embedded-System-Project-DAT096-krishna\Board_1\Board_1\Board_2.srcs\sources_1\new\pulse_gen.vhd:]
WARNING: [filemgmt 56-199] Attempt to get parsing info during refresh. "On-the-fly" syntax checking information may be incorrect. [C:\Users\qianzha\Desktop\DAT096-krishna\Embedded-System-Project-DAT096-krishna\Board_1\Board_1\Board_2.srcs\sources_1\new\bit to dac converter.vhd:]
WARNING: [filemgmt 56-199] Attempt to get parsing info during refresh. "On-the-fly" syntax checking information may be incorrect. [C:\Users\qianzha\Desktop\DAT096-krishna\Embedded-System-Project-DAT096-krishna\Board_1\Board_1\Board_2.srcs\sources_1\new\bit to dac converter.vhd:]
report_ip_status -name ip_status 
update_module_reference [get_ips  design_2_adc_bit_decoder_0_0]
INFO: [IP_Flow 19-5107] Inferred bus interface 'clk' of definition 'xilinx.com:signal:clock:1.0' (from Xilinx Repository).
WARNING: [IP_Flow 19-5661] Bus Interface 'clk' does not have any bus interfaces associated with it.
WARNING: [IP_Flow 19-11770] Clock interface 'clk' has no FREQ_HZ parameter.
INFO: [IP_Flow 19-5107] Inferred bus interface 'clk' of definition 'xilinx.com:signal:clock:1.0' (from Xilinx Repository).
WARNING: [IP_Flow 19-5661] Bus Interface 'clk' does not have any bus interfaces associated with it.
WARNING: [IP_Flow 19-11770] Clock interface 'clk' has no FREQ_HZ parameter.
Upgrading 'C:/Users/qianzha/Desktop/DAT096-krishna/Embedded-System-Project-DAT096-krishna/Board_1/Board_1/Board_2.srcs/sources_1/bd/design_2/design_2.bd'
WARNING: [Vivado 12-1017] Problems encountered:
1. Failed to delete one or more files in run directory C:/Users/qianzha/Desktop/DAT096-krishna/Embedded-System-Project-DAT096-krishna/Board_1/Board_1/Board_2.runs/design_2_adc_bit_decoder_0_0_synth_1

INFO: [IP_Flow 19-3420] Updated design_2_adc_bit_decoder_0_0 to use current project options
Wrote  : <C:\Users\qianzha\Desktop\DAT096-krishna\Embedded-System-Project-DAT096-krishna\Board_1\Board_1\Board_2.srcs\sources_1\bd\design_2\design_2.bd> 
WARNING: [filemgmt 56-199] Attempt to get parsing info during refresh. "On-the-fly" syntax checking information may be incorrect. [C:\Users\qianzha\Desktop\DAT096-krishna\Embedded-System-Project-DAT096-krishna\Board_1\Board_1\Board_2.srcs\sources_1\new\delay_measure.vhd:]
WARNING: [filemgmt 56-199] Attempt to get parsing info during refresh. "On-the-fly" syntax checking information may be incorrect. [C:\Users\qianzha\Desktop\DAT096-krishna\Embedded-System-Project-DAT096-krishna\Board_1\Board_1\Board_2.srcs\sources_1\new\adc_bit_decoder.vhd:]
WARNING: [filemgmt 56-199] Attempt to get parsing info during refresh. "On-the-fly" syntax checking information may be incorrect. [C:\Users\qianzha\Desktop\DAT096-krishna\Embedded-System-Project-DAT096-krishna\Board_1\Board_1\Board_2.srcs\sources_1\new\bit to dac converter.vhd:]
WARNING: [filemgmt 56-199] Attempt to get parsing info during refresh. "On-the-fly" syntax checking information may be incorrect. [C:\Users\qianzha\Desktop\DAT096-krishna\Embedded-System-Project-DAT096-krishna\Board_1\Board_1\Board_2.srcs\sources_1\new\pulse_gen.vhd:]
WARNING: [filemgmt 56-199] Attempt to get parsing info during refresh. "On-the-fly" syntax checking information may be incorrect. [C:\Users\qianzha\Desktop\DAT096-krishna\Embedded-System-Project-DAT096-krishna\Board_1\Board_1\Board_2.srcs\sources_1\new\adc_bit_decoder.vhd:]
WARNING: [filemgmt 56-199] Attempt to get parsing info during refresh. "On-the-fly" syntax checking information may be incorrect. [C:\Users\qianzha\Desktop\DAT096-krishna\Embedded-System-Project-DAT096-krishna\Board_1\Board_1\Board_2.srcs\sources_1\new\adc_bit_decoder.vhd:]
WARNING: [filemgmt 56-199] Attempt to get parsing info during refresh. "On-the-fly" syntax checking information may be incorrect. [C:\Users\qianzha\Desktop\DAT096-krishna\Embedded-System-Project-DAT096-krishna\Board_1\Board_1\Board_2.srcs\sources_1\new\delay_measure.vhd:]
WARNING: [filemgmt 56-199] Attempt to get parsing info during refresh. "On-the-fly" syntax checking information may be incorrect. [C:\Users\qianzha\Desktop\DAT096-krishna\Embedded-System-Project-DAT096-krishna\Board_1\Board_1\Board_2.srcs\sources_1\new\adc_bit_decoder.vhd:]
WARNING: [filemgmt 56-199] Attempt to get parsing info during refresh. "On-the-fly" syntax checking information may be incorrect. [C:\Users\qianzha\Desktop\DAT096-krishna\Embedded-System-Project-DAT096-krishna\Board_1\Board_1\Board_2.srcs\sources_1\new\bit to dac converter.vhd:]
WARNING: [filemgmt 56-199] Attempt to get parsing info during refresh. "On-the-fly" syntax checking information may be incorrect. [C:\Users\qianzha\Desktop\DAT096-krishna\Embedded-System-Project-DAT096-krishna\Board_1\Board_1\Board_2.srcs\sources_1\new\pulse_gen.vhd:]
WARNING: [filemgmt 56-199] Attempt to get parsing info during refresh. "On-the-fly" syntax checking information may be incorrect. [C:\Users\qianzha\Desktop\DAT096-krishna\Embedded-System-Project-DAT096-krishna\Board_1\Board_1\Board_2.srcs\sources_1\new\delay_measure.vhd:]
WARNING: [filemgmt 56-199] Attempt to get parsing info during refresh. "On-the-fly" syntax checking information may be incorrect. [C:\Users\qianzha\Desktop\DAT096-krishna\Embedded-System-Project-DAT096-krishna\Board_1\Board_1\Board_2.srcs\sources_1\new\delay_measure.vhd:]
WARNING: [filemgmt 56-199] Attempt to get parsing info during refresh. "On-the-fly" syntax checking information may be incorrect. [C:\Users\qianzha\Desktop\DAT096-krishna\Embedded-System-Project-DAT096-krishna\Board_1\Board_1\Board_2.srcs\sources_1\new\delay_measure.vhd:]
WARNING: [filemgmt 56-199] Attempt to get parsing info during refresh. "On-the-fly" syntax checking information may be incorrect. [C:\Users\qianzha\Desktop\DAT096-krishna\Embedded-System-Project-DAT096-krishna\Board_1\Board_1\Board_2.srcs\sources_1\new\adc_bit_decoder.vhd:]
WARNING: [filemgmt 56-199] Attempt to get parsing info during refresh. "On-the-fly" syntax checking information may be incorrect. [C:\Users\qianzha\Desktop\DAT096-krishna\Embedded-System-Project-DAT096-krishna\Board_1\Board_1\Board_2.srcs\sources_1\new\bit to dac converter.vhd:]
WARNING: [filemgmt 56-199] Attempt to get parsing info during refresh. "On-the-fly" syntax checking information may be incorrect. [C:\Users\qianzha\Desktop\DAT096-krishna\Embedded-System-Project-DAT096-krishna\Board_1\Board_1\Board_2.srcs\sources_1\new\pulse_gen.vhd:]
WARNING: [filemgmt 56-199] Attempt to get parsing info during refresh. "On-the-fly" syntax checking information may be incorrect. [C:\Users\qianzha\Desktop\DAT096-krishna\Embedded-System-Project-DAT096-krishna\Board_1\Board_1\Board_2.srcs\sources_1\new\bit to dac converter.vhd:]
WARNING: [filemgmt 56-199] Attempt to get parsing info during refresh. "On-the-fly" syntax checking information may be incorrect. [C:\Users\qianzha\Desktop\DAT096-krishna\Embedded-System-Project-DAT096-krishna\Board_1\Board_1\Board_2.srcs\sources_1\new\bit to dac converter.vhd:]
ERROR: [Common 17-180] Spawn failed: No error
generate_target all [get_files  C:/Users/qianzha/Desktop/DAT096-krishna/Embedded-System-Project-DAT096-krishna/Board_1/Board_1/Board_2.srcs/sources_1/bd/design_2/design_2.bd]
WARNING: [BD 41-2670] Found an incomplete address path from address space '/processing_system7_0/Data' to master interface '/processing_system7_0/M_AXI_GP0'. Please either complete or remove this path to resolve.
WARNING: [BD 5-699] No address segments matched 'get_bd_addr_segs -of_objects /processing_system7_0/Data'
WARNING: [IP_Flow 19-4684] Expected long value for param C_ILA_CLK_FREQ but, float/scientific notation value 5e+07 is provided. The value is converted to long type(50000000)
INFO: [xilinx.com:ip:clk_wiz:6.0-1] /clk_wiz_0 clk_wiz propagate
Wrote  : <C:\Users\qianzha\Desktop\DAT096-krishna\Embedded-System-Project-DAT096-krishna\Board_1\Board_1\Board_2.srcs\sources_1\bd\design_2\design_2.bd> 
VHDL Output written to : c:/Users/qianzha/Desktop/DAT096-krishna/Embedded-System-Project-DAT096-krishna/Board_1/Board_1/Board_2.gen/sources_1/bd/design_2/synth/design_2.vhd
VHDL Output written to : c:/Users/qianzha/Desktop/DAT096-krishna/Embedded-System-Project-DAT096-krishna/Board_1/Board_1/Board_2.gen/sources_1/bd/design_2/sim/design_2.vhd
VHDL Output written to : c:/Users/qianzha/Desktop/DAT096-krishna/Embedded-System-Project-DAT096-krishna/Board_1/Board_1/Board_2.gen/sources_1/bd/design_2/hdl/design_2_wrapper.vhd
INFO: [BD 41-1029] Generation completed for the IP Integrator block adc_bit_decoder_0 .
Exporting to file c:/Users/qianzha/Desktop/DAT096-krishna/Embedded-System-Project-DAT096-krishna/Board_1/Board_1/Board_2.gen/sources_1/bd/design_2/hw_handoff/design_2.hwh
Generated Hardware Definition File c:/Users/qianzha/Desktop/DAT096-krishna/Embedded-System-Project-DAT096-krishna/Board_1/Board_1/Board_2.gen/sources_1/bd/design_2/synth/design_2.hwdef
export_ip_user_files -of_objects [get_files C:/Users/qianzha/Desktop/DAT096-krishna/Embedded-System-Project-DAT096-krishna/Board_1/Board_1/Board_2.srcs/sources_1/bd/design_2/design_2.bd] -no_script -sync -force -quiet
create_ip_run [get_files -of_objects [get_fileset sources_1] C:/Users/qianzha/Desktop/DAT096-krishna/Embedded-System-Project-DAT096-krishna/Board_1/Board_1/Board_2.srcs/sources_1/bd/design_2/design_2.bd]
launch_runs design_2_adc_bit_decoder_0_0_synth_1 -jobs 28
WARNING: [filemgmt 56-199] Attempt to get parsing info during refresh. "On-the-fly" syntax checking information may be incorrect. [C:\Users\qianzha\Desktop\DAT096-krishna\Embedded-System-Project-DAT096-krishna\Board_1\Board_1\Board_2.srcs\sources_1\new\delay_measure.vhd:]
WARNING: [filemgmt 56-199] Attempt to get parsing info during refresh. "On-the-fly" syntax checking information may be incorrect. [C:\Users\qianzha\Desktop\DAT096-krishna\Embedded-System-Project-DAT096-krishna\Board_1\Board_1\Board_2.srcs\sources_1\new\adc_bit_decoder.vhd:]
WARNING: [filemgmt 56-199] Attempt to get parsing info during refresh. "On-the-fly" syntax checking information may be incorrect. [C:\Users\qianzha\Desktop\DAT096-krishna\Embedded-System-Project-DAT096-krishna\Board_1\Board_1\Board_2.srcs\sources_1\new\bit to dac converter.vhd:]
WARNING: [filemgmt 56-199] Attempt to get parsing info during refresh. "On-the-fly" syntax checking information may be incorrect. [C:\Users\qianzha\Desktop\DAT096-krishna\Embedded-System-Project-DAT096-krishna\Board_1\Board_1\Board_2.srcs\sources_1\new\pulse_gen.vhd:]
WARNING: [filemgmt 56-199] Attempt to get parsing info during refresh. "On-the-fly" syntax checking information may be incorrect. [C:\Users\qianzha\Desktop\DAT096-krishna\Embedded-System-Project-DAT096-krishna\Board_1\Board_1\Board_2.srcs\sources_1\new\delay_measure.vhd:]
WARNING: [filemgmt 56-199] Attempt to get parsing info during refresh. "On-the-fly" syntax checking information may be incorrect. [C:\Users\qianzha\Desktop\DAT096-krishna\Embedded-System-Project-DAT096-krishna\Board_1\Board_1\Board_2.srcs\sources_1\new\delay_measure.vhd:]
WARNING: [filemgmt 56-199] Attempt to get parsing info during refresh. "On-the-fly" syntax checking information may be incorrect. [C:\Users\qianzha\Desktop\DAT096-krishna\Embedded-System-Project-DAT096-krishna\Board_1\Board_1\Board_2.srcs\sources_1\new\delay_measure.vhd:]
WARNING: [filemgmt 56-199] Attempt to get parsing info during refresh. "On-the-fly" syntax checking information may be incorrect. [C:\Users\qianzha\Desktop\DAT096-krishna\Embedded-System-Project-DAT096-krishna\Board_1\Board_1\Board_2.srcs\sources_1\new\adc_bit_decoder.vhd:]
WARNING: [filemgmt 56-199] Attempt to get parsing info during refresh. "On-the-fly" syntax checking information may be incorrect. [C:\Users\qianzha\Desktop\DAT096-krishna\Embedded-System-Project-DAT096-krishna\Board_1\Board_1\Board_2.srcs\sources_1\new\bit to dac converter.vhd:]
WARNING: [filemgmt 56-199] Attempt to get parsing info during refresh. "On-the-fly" syntax checking information may be incorrect. [C:\Users\qianzha\Desktop\DAT096-krishna\Embedded-System-Project-DAT096-krishna\Board_1\Board_1\Board_2.srcs\sources_1\new\pulse_gen.vhd:]
WARNING: [filemgmt 56-199] Attempt to get parsing info during refresh. "On-the-fly" syntax checking information may be incorrect. [C:\Users\qianzha\Desktop\DAT096-krishna\Embedded-System-Project-DAT096-krishna\Board_1\Board_1\Board_2.srcs\sources_1\new\pulse_gen.vhd:]
WARNING: [filemgmt 56-199] Attempt to get parsing info during refresh. "On-the-fly" syntax checking information may be incorrect. [C:\Users\qianzha\Desktop\DAT096-krishna\Embedded-System-Project-DAT096-krishna\Board_1\Board_1\Board_2.srcs\sources_1\new\pulse_gen.vhd:]
ERROR: [Common 17-180] Spawn failed: No error
WARNING: [filemgmt 56-199] Attempt to get parsing info during refresh. "On-the-fly" syntax checking information may be incorrect. [C:\Users\qianzha\Desktop\DAT096-krishna\Embedded-System-Project-DAT096-krishna\Board_1\Board_1\Board_2.srcs\sources_1\new\delay_measure.vhd:]
WARNING: [filemgmt 56-199] Attempt to get parsing info during refresh. "On-the-fly" syntax checking information may be incorrect. [C:\Users\qianzha\Desktop\DAT096-krishna\Embedded-System-Project-DAT096-krishna\Board_1\Board_1\Board_2.srcs\sources_1\new\adc_bit_decoder.vhd:]
WARNING: [filemgmt 56-199] Attempt to get parsing info during refresh. "On-the-fly" syntax checking information may be incorrect. [C:\Users\qianzha\Desktop\DAT096-krishna\Embedded-System-Project-DAT096-krishna\Board_1\Board_1\Board_2.srcs\sources_1\new\bit to dac converter.vhd:]
WARNING: [filemgmt 56-199] Attempt to get parsing info during refresh. "On-the-fly" syntax checking information may be incorrect. [C:\Users\qianzha\Desktop\DAT096-krishna\Embedded-System-Project-DAT096-krishna\Board_1\Board_1\Board_2.srcs\sources_1\new\pulse_gen.vhd:]
WARNING: [filemgmt 56-199] Attempt to get parsing info during refresh. "On-the-fly" syntax checking information may be incorrect. [C:\Users\qianzha\Desktop\DAT096-krishna\Embedded-System-Project-DAT096-krishna\Board_1\Board_1\Board_2.srcs\sources_1\new\bit to dac converter.vhd:]
WARNING: [filemgmt 56-199] Attempt to get parsing info during refresh. "On-the-fly" syntax checking information may be incorrect. [C:\Users\qianzha\Desktop\DAT096-krishna\Embedded-System-Project-DAT096-krishna\Board_1\Board_1\Board_2.srcs\sources_1\new\bit to dac converter.vhd:]
ERROR: [Common 17-180] Spawn failed: No error
[Thu Apr 30 15:59:42 2026] Launched design_2_adc_bit_decoder_0_0_synth_1...
Run output will be captured here: C:/Users/qianzha/Desktop/DAT096-krishna/Embedded-System-Project-DAT096-krishna/Board_1/Board_1/Board_2.runs/design_2_adc_bit_decoder_0_0_synth_1/runme.log
ERROR: [Common 17-39] 'launch_runs' failed due to earlier errors.
report_ip_status -name ip_status 
reset_run synth_1
INFO: [Project 1-1161] Replacing file C:/Users/qianzha/Desktop/DAT096-krishna/Embedded-System-Project-DAT096-krishna/Board_1/Board_1/Board_2.srcs/utils_1/imports/synth_1/design_2_wrapper.dcp with file C:/Users/qianzha/Desktop/DAT096-krishna/Embedded-System-Project-DAT096-krishna/Board_1/Board_1/Board_2.runs/synth_1/design_2_wrapper.dcp
WARNING: [Vivado 12-1017] Problems encountered:
1. Failed to delete one or more files in run directory C:/Users/qianzha/Desktop/DAT096-krishna/Embedded-System-Project-DAT096-krishna/Board_1/Board_1/Board_2.runs/synth_1

launch_runs synth_1 -jobs 28
WARNING: [filemgmt 56-199] Attempt to get parsing info during refresh. "On-the-fly" syntax checking information may be incorrect. [C:\Users\qianzha\Desktop\DAT096-krishna\Embedded-System-Project-DAT096-krishna\Board_1\Board_1\Board_2.srcs\sources_1\new\delay_measure.vhd:]
WARNING: [filemgmt 56-199] Attempt to get parsing info during refresh. "On-the-fly" syntax checking information may be incorrect. [C:\Users\qianzha\Desktop\DAT096-krishna\Embedded-System-Project-DAT096-krishna\Board_1\Board_1\Board_2.srcs\sources_1\new\adc_bit_decoder.vhd:]
WARNING: [filemgmt 56-199] Attempt to get parsing info during refresh. "On-the-fly" syntax checking information may be incorrect. [C:\Users\qianzha\Desktop\DAT096-krishna\Embedded-System-Project-DAT096-krishna\Board_1\Board_1\Board_2.srcs\sources_1\new\bit to dac converter.vhd:]
WARNING: [filemgmt 56-199] Attempt to get parsing info during refresh. "On-the-fly" syntax checking information may be incorrect. [C:\Users\qianzha\Desktop\DAT096-krishna\Embedded-System-Project-DAT096-krishna\Board_1\Board_1\Board_2.srcs\sources_1\new\pulse_gen.vhd:]
WARNING: [filemgmt 56-199] Attempt to get parsing info during refresh. "On-the-fly" syntax checking information may be incorrect. [C:\Users\qianzha\Desktop\DAT096-krishna\Embedded-System-Project-DAT096-krishna\Board_1\Board_1\Board_2.srcs\sources_1\new\delay_measure.vhd:]
WARNING: [filemgmt 56-199] Attempt to get parsing info during refresh. "On-the-fly" syntax checking information may be incorrect. [C:\Users\qianzha\Desktop\DAT096-krishna\Embedded-System-Project-DAT096-krishna\Board_1\Board_1\Board_2.srcs\sources_1\new\delay_measure.vhd:]
WARNING: [filemgmt 56-199] Attempt to get parsing info during refresh. "On-the-fly" syntax checking information may be incorrect. [C:\Users\qianzha\Desktop\DAT096-krishna\Embedded-System-Project-DAT096-krishna\Board_1\Board_1\Board_2.srcs\sources_1\new\delay_measure.vhd:]
WARNING: [filemgmt 56-199] Attempt to get parsing info during refresh. "On-the-fly" syntax checking information may be incorrect. [C:\Users\qianzha\Desktop\DAT096-krishna\Embedded-System-Project-DAT096-krishna\Board_1\Board_1\Board_2.srcs\sources_1\new\adc_bit_decoder.vhd:]
WARNING: [filemgmt 56-199] Attempt to get parsing info during refresh. "On-the-fly" syntax checking information may be incorrect. [C:\Users\qianzha\Desktop\DAT096-krishna\Embedded-System-Project-DAT096-krishna\Board_1\Board_1\Board_2.srcs\sources_1\new\bit to dac converter.vhd:]
WARNING: [filemgmt 56-199] Attempt to get parsing info during refresh. "On-the-fly" syntax checking information may be incorrect. [C:\Users\qianzha\Desktop\DAT096-krishna\Embedded-System-Project-DAT096-krishna\Board_1\Board_1\Board_2.srcs\sources_1\new\pulse_gen.vhd:]
WARNING: [filemgmt 56-199] Attempt to get parsing info during refresh. "On-the-fly" syntax checking information may be incorrect. [C:\Users\qianzha\Desktop\DAT096-krishna\Embedded-System-Project-DAT096-krishna\Board_1\Board_1\Board_2.srcs\sources_1\new\adc_bit_decoder.vhd:]
WARNING: [filemgmt 56-199] Attempt to get parsing info during refresh. "On-the-fly" syntax checking information may be incorrect. [C:\Users\qianzha\Desktop\DAT096-krishna\Embedded-System-Project-DAT096-krishna\Board_1\Board_1\Board_2.srcs\sources_1\new\adc_bit_decoder.vhd:]
[Thu Apr 30 16:00:01 2026] Launched design_2_adc_bit_decoder_0_0_synth_1...
Run output will be captured here: C:/Users/qianzha/Desktop/DAT096-krishna/Embedded-System-Project-DAT096-krishna/Board_1/Board_1/Board_2.runs/design_2_adc_bit_decoder_0_0_synth_1/runme.log
[Thu Apr 30 16:00:01 2026] Launched synth_1...
Run output will be captured here: C:/Users/qianzha/Desktop/DAT096-krishna/Embedded-System-Project-DAT096-krishna/Board_1/Board_1/Board_2.runs/synth_1/runme.log
ERROR: [Common 17-180] Spawn failed: No error
ERROR: [Common 17-180] Spawn failed: No error
WARNING: [filemgmt 56-199] Attempt to get parsing info during refresh. "On-the-fly" syntax checking information may be incorrect. [C:\Users\qianzha\Desktop\DAT096-krishna\Embedded-System-Project-DAT096-krishna\Board_1\Board_1\Board_2.srcs\sources_1\new\delay_measure.vhd:]
WARNING: [filemgmt 56-199] Attempt to get parsing info during refresh. "On-the-fly" syntax checking information may be incorrect. [C:\Users\qianzha\Desktop\DAT096-krishna\Embedded-System-Project-DAT096-krishna\Board_1\Board_1\Board_2.srcs\sources_1\new\adc_bit_decoder.vhd:]
WARNING: [filemgmt 56-199] Attempt to get parsing info during refresh. "On-the-fly" syntax checking information may be incorrect. [C:\Users\qianzha\Desktop\DAT096-krishna\Embedded-System-Project-DAT096-krishna\Board_1\Board_1\Board_2.srcs\sources_1\new\bit to dac converter.vhd:]
WARNING: [filemgmt 56-199] Attempt to get parsing info during refresh. "On-the-fly" syntax checking information may be incorrect. [C:\Users\qianzha\Desktop\DAT096-krishna\Embedded-System-Project-DAT096-krishna\Board_1\Board_1\Board_2.srcs\sources_1\new\pulse_gen.vhd:]
WARNING: [filemgmt 56-199] Attempt to get parsing info during refresh. "On-the-fly" syntax checking information may be incorrect. [C:\Users\qianzha\Desktop\DAT096-krishna\Embedded-System-Project-DAT096-krishna\Board_1\Board_1\Board_2.srcs\sources_1\new\delay_measure.vhd:]
WARNING: [filemgmt 56-199] Attempt to get parsing info during refresh. "On-the-fly" syntax checking information may be incorrect. [C:\Users\qianzha\Desktop\DAT096-krishna\Embedded-System-Project-DAT096-krishna\Board_1\Board_1\Board_2.srcs\sources_1\new\adc_bit_decoder.vhd:]
WARNING: [filemgmt 56-199] Attempt to get parsing info during refresh. "On-the-fly" syntax checking information may be incorrect. [C:\Users\qianzha\Desktop\DAT096-krishna\Embedded-System-Project-DAT096-krishna\Board_1\Board_1\Board_2.srcs\sources_1\new\bit to dac converter.vhd:]
WARNING: [filemgmt 56-199] Attempt to get parsing info during refresh. "On-the-fly" syntax checking information may be incorrect. [C:\Users\qianzha\Desktop\DAT096-krishna\Embedded-System-Project-DAT096-krishna\Board_1\Board_1\Board_2.srcs\sources_1\new\pulse_gen.vhd:]
WARNING: [filemgmt 56-199] Attempt to get parsing info during refresh. "On-the-fly" syntax checking information may be incorrect. [C:\Users\qianzha\Desktop\DAT096-krishna\Embedded-System-Project-DAT096-krishna\Board_1\Board_1\Board_2.srcs\sources_1\new\pulse_gen.vhd:]
WARNING: [filemgmt 56-199] Attempt to get parsing info during refresh. "On-the-fly" syntax checking information may be incorrect. [C:\Users\qianzha\Desktop\DAT096-krishna\Embedded-System-Project-DAT096-krishna\Board_1\Board_1\Board_2.srcs\sources_1\new\pulse_gen.vhd:]
WARNING: [filemgmt 56-199] Attempt to get parsing info during refresh. "On-the-fly" syntax checking information may be incorrect. [C:\Users\qianzha\Desktop\DAT096-krishna\Embedded-System-Project-DAT096-krishna\Board_1\Board_1\Board_2.srcs\sources_1\new\delay_measure.vhd:]
WARNING: [filemgmt 56-199] Attempt to get parsing info during refresh. "On-the-fly" syntax checking information may be incorrect. [C:\Users\qianzha\Desktop\DAT096-krishna\Embedded-System-Project-DAT096-krishna\Board_1\Board_1\Board_2.srcs\sources_1\new\adc_bit_decoder.vhd:]
WARNING: [filemgmt 56-199] Attempt to get parsing info during refresh. "On-the-fly" syntax checking information may be incorrect. [C:\Users\qianzha\Desktop\DAT096-krishna\Embedded-System-Project-DAT096-krishna\Board_1\Board_1\Board_2.srcs\sources_1\new\bit to dac converter.vhd:]
WARNING: [filemgmt 56-199] Attempt to get parsing info during refresh. "On-the-fly" syntax checking information may be incorrect. [C:\Users\qianzha\Desktop\DAT096-krishna\Embedded-System-Project-DAT096-krishna\Board_1\Board_1\Board_2.srcs\sources_1\new\pulse_gen.vhd:]
WARNING: [filemgmt 56-199] Attempt to get parsing info during refresh. "On-the-fly" syntax checking information may be incorrect. [C:\Users\qianzha\Desktop\DAT096-krishna\Embedded-System-Project-DAT096-krishna\Board_1\Board_1\Board_2.srcs\sources_1\new\adc_bit_decoder.vhd:]
WARNING: [filemgmt 56-199] Attempt to get parsing info during refresh. "On-the-fly" syntax checking information may be incorrect. [C:\Users\qianzha\Desktop\DAT096-krishna\Embedded-System-Project-DAT096-krishna\Board_1\Board_1\Board_2.srcs\sources_1\new\adc_bit_decoder.vhd:]
ERROR: [Common 17-180] Spawn failed: No error
ERROR: [Common 17-180] Spawn failed: No error
WARNING: [filemgmt 56-199] Attempt to get parsing info during refresh. "On-the-fly" syntax checking information may be incorrect. [C:\Users\qianzha\Desktop\DAT096-krishna\Embedded-System-Project-DAT096-krishna\Board_1\Board_1\Board_2.srcs\sources_1\new\delay_measure.vhd:]
WARNING: [filemgmt 56-199] Attempt to get parsing info during refresh. "On-the-fly" syntax checking information may be incorrect. [C:\Users\qianzha\Desktop\DAT096-krishna\Embedded-System-Project-DAT096-krishna\Board_1\Board_1\Board_2.srcs\sources_1\new\adc_bit_decoder.vhd:]
WARNING: [filemgmt 56-199] Attempt to get parsing info during refresh. "On-the-fly" syntax checking information may be incorrect. [C:\Users\qianzha\Desktop\DAT096-krishna\Embedded-System-Project-DAT096-krishna\Board_1\Board_1\Board_2.srcs\sources_1\new\bit to dac converter.vhd:]
report_ip_status -name ip_status 
update_module_reference [get_ips  design_2_adc_bit_decoder_0_0]
INFO: [IP_Flow 19-5107] Inferred bus interface 'clk' of definition 'xilinx.com:signal:clock:1.0' (from Xilinx Repository).
WARNING: [IP_Flow 19-5661] Bus Interface 'clk' does not have any bus interfaces associated with it.
WARNING: [IP_Flow 19-11770] Clock interface 'clk' has no FREQ_HZ parameter.
INFO: [IP_Flow 19-5107] Inferred bus interface 'clk' of definition 'xilinx.com:signal:clock:1.0' (from Xilinx Repository).
WARNING: [IP_Flow 19-5661] Bus Interface 'clk' does not have any bus interfaces associated with it.
WARNING: [IP_Flow 19-11770] Clock interface 'clk' has no FREQ_HZ parameter.
Upgrading 'C:/Users/qianzha/Desktop/DAT096-krishna/Embedded-System-Project-DAT096-krishna/Board_1/Board_1/Board_2.srcs/sources_1/bd/design_2/design_2.bd'
WARNING: [Vivado 12-1017] Problems encountered:
1. Failed to delete one or more files in run directory C:/Users/qianzha/Desktop/DAT096-krishna/Embedded-System-Project-DAT096-krishna/Board_1/Board_1/Board_2.runs/design_2_adc_bit_decoder_0_0_synth_1

INFO: [IP_Flow 19-3420] Updated design_2_adc_bit_decoder_0_0 to use current project options
Wrote  : <C:\Users\qianzha\Desktop\DAT096-krishna\Embedded-System-Project-DAT096-krishna\Board_1\Board_1\Board_2.srcs\sources_1\bd\design_2\design_2.bd> 
WARNING: [filemgmt 56-199] Attempt to get parsing info during refresh. "On-the-fly" syntax checking information may be incorrect. [C:\Users\qianzha\Desktop\DAT096-krishna\Embedded-System-Project-DAT096-krishna\Board_1\Board_1\Board_2.srcs\sources_1\new\delay_measure.vhd:]
WARNING: [filemgmt 56-199] Attempt to get parsing info during refresh. "On-the-fly" syntax checking information may be incorrect. [C:\Users\qianzha\Desktop\DAT096-krishna\Embedded-System-Project-DAT096-krishna\Board_1\Board_1\Board_2.srcs\sources_1\new\adc_bit_decoder.vhd:]
WARNING: [filemgmt 56-199] Attempt to get parsing info during refresh. "On-the-fly" syntax checking information may be incorrect. [C:\Users\qianzha\Desktop\DAT096-krishna\Embedded-System-Project-DAT096-krishna\Board_1\Board_1\Board_2.srcs\sources_1\new\bit to dac converter.vhd:]
WARNING: [filemgmt 56-199] Attempt to get parsing info during refresh. "On-the-fly" syntax checking information may be incorrect. [C:\Users\qianzha\Desktop\DAT096-krishna\Embedded-System-Project-DAT096-krishna\Board_1\Board_1\Board_2.srcs\sources_1\new\pulse_gen.vhd:]
WARNING: [filemgmt 56-199] Attempt to get parsing info during refresh. "On-the-fly" syntax checking information may be incorrect. [C:\Users\qianzha\Desktop\DAT096-krishna\Embedded-System-Project-DAT096-krishna\Board_1\Board_1\Board_2.srcs\sources_1\new\bit to dac converter.vhd:]
WARNING: [filemgmt 56-199] Attempt to get parsing info during refresh. "On-the-fly" syntax checking information may be incorrect. [C:\Users\qianzha\Desktop\DAT096-krishna\Embedded-System-Project-DAT096-krishna\Board_1\Board_1\Board_2.srcs\sources_1\new\bit to dac converter.vhd:]
WARNING: [filemgmt 56-199] Attempt to get parsing info during refresh. "On-the-fly" syntax checking information may be incorrect. [C:\Users\qianzha\Desktop\DAT096-krishna\Embedded-System-Project-DAT096-krishna\Board_1\Board_1\Board_2.srcs\sources_1\new\delay_measure.vhd:]
WARNING: [filemgmt 56-199] Attempt to get parsing info during refresh. "On-the-fly" syntax checking information may be incorrect. [C:\Users\qianzha\Desktop\DAT096-krishna\Embedded-System-Project-DAT096-krishna\Board_1\Board_1\Board_2.srcs\sources_1\new\adc_bit_decoder.vhd:]
WARNING: [filemgmt 56-199] Attempt to get parsing info during refresh. "On-the-fly" syntax checking information may be incorrect. [C:\Users\qianzha\Desktop\DAT096-krishna\Embedded-System-Project-DAT096-krishna\Board_1\Board_1\Board_2.srcs\sources_1\new\bit to dac converter.vhd:]
WARNING: [filemgmt 56-199] Attempt to get parsing info during refresh. "On-the-fly" syntax checking information may be incorrect. [C:\Users\qianzha\Desktop\DAT096-krishna\Embedded-System-Project-DAT096-krishna\Board_1\Board_1\Board_2.srcs\sources_1\new\pulse_gen.vhd:]
WARNING: [filemgmt 56-199] Attempt to get parsing info during refresh. "On-the-fly" syntax checking information may be incorrect. [C:\Users\qianzha\Desktop\DAT096-krishna\Embedded-System-Project-DAT096-krishna\Board_1\Board_1\Board_2.srcs\sources_1\new\delay_measure.vhd:]
WARNING: [filemgmt 56-199] Attempt to get parsing info during refresh. "On-the-fly" syntax checking information may be incorrect. [C:\Users\qianzha\Desktop\DAT096-krishna\Embedded-System-Project-DAT096-krishna\Board_1\Board_1\Board_2.srcs\sources_1\new\delay_measure.vhd:]
generate_target all [get_files  C:/Users/qianzha/Desktop/DAT096-krishna/Embedded-System-Project-DAT096-krishna/Board_1/Board_1/Board_2.srcs/sources_1/bd/design_2/design_2.bd]
WARNING: [BD 41-2670] Found an incomplete address path from address space '/processing_system7_0/Data' to master interface '/processing_system7_0/M_AXI_GP0'. Please either complete or remove this path to resolve.
WARNING: [BD 5-699] No address segments matched 'get_bd_addr_segs -of_objects /processing_system7_0/Data'
WARNING: [IP_Flow 19-4684] Expected long value for param C_ILA_CLK_FREQ but, float/scientific notation value 5e+07 is provided. The value is converted to long type(50000000)
INFO: [xilinx.com:ip:clk_wiz:6.0-1] /clk_wiz_0 clk_wiz propagate
Wrote  : <C:\Users\qianzha\Desktop\DAT096-krishna\Embedded-System-Project-DAT096-krishna\Board_1\Board_1\Board_2.srcs\sources_1\bd\design_2\design_2.bd> 
VHDL Output written to : c:/Users/qianzha/Desktop/DAT096-krishna/Embedded-System-Project-DAT096-krishna/Board_1/Board_1/Board_2.gen/sources_1/bd/design_2/synth/design_2.vhd
VHDL Output written to : c:/Users/qianzha/Desktop/DAT096-krishna/Embedded-System-Project-DAT096-krishna/Board_1/Board_1/Board_2.gen/sources_1/bd/design_2/sim/design_2.vhd
VHDL Output written to : c:/Users/qianzha/Desktop/DAT096-krishna/Embedded-System-Project-DAT096-krishna/Board_1/Board_1/Board_2.gen/sources_1/bd/design_2/hdl/design_2_wrapper.vhd
INFO: [BD 41-1029] Generation completed for the IP Integrator block adc_bit_decoder_0 .
Exporting to file c:/Users/qianzha/Desktop/DAT096-krishna/Embedded-System-Project-DAT096-krishna/Board_1/Board_1/Board_2.gen/sources_1/bd/design_2/hw_handoff/design_2.hwh
Generated Hardware Definition File c:/Users/qianzha/Desktop/DAT096-krishna/Embedded-System-Project-DAT096-krishna/Board_1/Board_1/Board_2.gen/sources_1/bd/design_2/synth/design_2.hwdef
export_ip_user_files -of_objects [get_files C:/Users/qianzha/Desktop/DAT096-krishna/Embedded-System-Project-DAT096-krishna/Board_1/Board_1/Board_2.srcs/sources_1/bd/design_2/design_2.bd] -no_script -sync -force -quiet
create_ip_run [get_files -of_objects [get_fileset sources_1] C:/Users/qianzha/Desktop/DAT096-krishna/Embedded-System-Project-DAT096-krishna/Board_1/Board_1/Board_2.srcs/sources_1/bd/design_2/design_2.bd]
launch_runs design_2_adc_bit_decoder_0_0_synth_1 -jobs 28
[Thu Apr 30 16:03:27 2026] Launched design_2_adc_bit_decoder_0_0_synth_1...
Run output will be captured here: C:/Users/qianzha/Desktop/DAT096-krishna/Embedded-System-Project-DAT096-krishna/Board_1/Board_1/Board_2.runs/design_2_adc_bit_decoder_0_0_synth_1/runme.log
export_simulation -lib_map_path [list {modelsim=C:/Users/qianzha/Desktop/DAT096-krishna/Embedded-System-Project-DAT096-krishna/Board_1/Board_1/Board_2.cache/compile_simlib/modelsim} {questa=C:/Users/qianzha/Desktop/DAT096-krishna/Embedded-System-Project-DAT096-krishna/Board_1/Board_1/Board_2.cache/compile_simlib/questa} {riviera=C:/Users/qianzha/Desktop/DAT096-krishna/Embedded-System-Project-DAT096-krishna/Board_1/Board_1/Board_2.cache/compile_simlib/riviera} {activehdl=C:/Users/qianzha/Desktop/DAT096-krishna/Embedded-System-Project-DAT096-krishna/Board_1/Board_1/Board_2.cache/compile_simlib/activehdl}] -of_objects [get_files C:/Users/qianzha/Desktop/DAT096-krishna/Embedded-System-Project-DAT096-krishna/Board_1/Board_1/Board_2.srcs/sources_1/bd/design_2/design_2.bd] -directory C:/Users/qianzha/Desktop/DAT096-krishna/Embedded-System-Project-DAT096-krishna/Board_1/Board_1/Board_2.ip_user_files/sim_scripts -ip_user_files_dir C:/Users/qianzha/Desktop/DAT096-krishna/Embedded-System-Project-DAT096-krishna/Board_1/Board_1/Board_2.ip_user_files -ipstatic_source_dir C:/Users/qianzha/Desktop/DAT096-krishna/Embedded-System-Project-DAT096-krishna/Board_1/Board_1/Board_2.ip_user_files/ipstatic -use_ip_compiled_libs -force -quiet
WARNING: [filemgmt 56-199] Attempt to get parsing info during refresh. "On-the-fly" syntax checking information may be incorrect. [C:\Users\qianzha\Desktop\DAT096-krishna\Embedded-System-Project-DAT096-krishna\Board_1\Board_1\Board_2.srcs\sources_1\new\delay_measure.vhd:]
WARNING: [filemgmt 56-199] Attempt to get parsing info during refresh. "On-the-fly" syntax checking information may be incorrect. [C:\Users\qianzha\Desktop\DAT096-krishna\Embedded-System-Project-DAT096-krishna\Board_1\Board_1\Board_2.srcs\sources_1\new\adc_bit_decoder.vhd:]
WARNING: [filemgmt 56-199] Attempt to get parsing info during refresh. "On-the-fly" syntax checking information may be incorrect. [C:\Users\qianzha\Desktop\DAT096-krishna\Embedded-System-Project-DAT096-krishna\Board_1\Board_1\Board_2.srcs\sources_1\new\bit to dac converter.vhd:]
WARNING: [filemgmt 56-199] Attempt to get parsing info during refresh. "On-the-fly" syntax checking information may be incorrect. [C:\Users\qianzha\Desktop\DAT096-krishna\Embedded-System-Project-DAT096-krishna\Board_1\Board_1\Board_2.srcs\sources_1\new\pulse_gen.vhd:]
WARNING: [filemgmt 56-199] Attempt to get parsing info during refresh. "On-the-fly" syntax checking information may be incorrect. [C:\Users\qianzha\Desktop\DAT096-krishna\Embedded-System-Project-DAT096-krishna\Board_1\Board_1\Board_2.srcs\sources_1\new\delay_measure.vhd:]
WARNING: [filemgmt 56-199] Attempt to get parsing info during refresh. "On-the-fly" syntax checking information may be incorrect. [C:\Users\qianzha\Desktop\DAT096-krishna\Embedded-System-Project-DAT096-krishna\Board_1\Board_1\Board_2.srcs\sources_1\new\delay_measure.vhd:]
WARNING: [filemgmt 56-199] Attempt to get parsing info during refresh. "On-the-fly" syntax checking information may be incorrect. [C:\Users\qianzha\Desktop\DAT096-krishna\Embedded-System-Project-DAT096-krishna\Board_1\Board_1\Board_2.srcs\sources_1\new\delay_measure.vhd:]
WARNING: [filemgmt 56-199] Attempt to get parsing info during refresh. "On-the-fly" syntax checking information may be incorrect. [C:\Users\qianzha\Desktop\DAT096-krishna\Embedded-System-Project-DAT096-krishna\Board_1\Board_1\Board_2.srcs\sources_1\new\adc_bit_decoder.vhd:]
WARNING: [filemgmt 56-199] Attempt to get parsing info during refresh. "On-the-fly" syntax checking information may be incorrect. [C:\Users\qianzha\Desktop\DAT096-krishna\Embedded-System-Project-DAT096-krishna\Board_1\Board_1\Board_2.srcs\sources_1\new\bit to dac converter.vhd:]
WARNING: [filemgmt 56-199] Attempt to get parsing info during refresh. "On-the-fly" syntax checking information may be incorrect. [C:\Users\qianzha\Desktop\DAT096-krishna\Embedded-System-Project-DAT096-krishna\Board_1\Board_1\Board_2.srcs\sources_1\new\pulse_gen.vhd:]
WARNING: [filemgmt 56-199] Attempt to get parsing info during refresh. "On-the-fly" syntax checking information may be incorrect. [C:\Users\qianzha\Desktop\DAT096-krishna\Embedded-System-Project-DAT096-krishna\Board_1\Board_1\Board_2.srcs\sources_1\new\adc_bit_decoder.vhd:]
WARNING: [filemgmt 56-199] Attempt to get parsing info during refresh. "On-the-fly" syntax checking information may be incorrect. [C:\Users\qianzha\Desktop\DAT096-krishna\Embedded-System-Project-DAT096-krishna\Board_1\Board_1\Board_2.srcs\sources_1\new\adc_bit_decoder.vhd:]
ERROR: [Common 17-180] Spawn failed: No error
WARNING: [filemgmt 56-199] Attempt to get parsing info during refresh. "On-the-fly" syntax checking information may be incorrect. [C:\Users\qianzha\Desktop\DAT096-krishna\Embedded-System-Project-DAT096-krishna\Board_1\Board_1\Board_2.srcs\sources_1\new\delay_measure.vhd:]
WARNING: [filemgmt 56-199] Attempt to get parsing info during refresh. "On-the-fly" syntax checking information may be incorrect. [C:\Users\qianzha\Desktop\DAT096-krishna\Embedded-System-Project-DAT096-krishna\Board_1\Board_1\Board_2.srcs\sources_1\new\adc_bit_decoder.vhd:]
WARNING: [filemgmt 56-199] Attempt to get parsing info during refresh. "On-the-fly" syntax checking information may be incorrect. [C:\Users\qianzha\Desktop\DAT096-krishna\Embedded-System-Project-DAT096-krishna\Board_1\Board_1\Board_2.srcs\sources_1\new\bit to dac converter.vhd:]
WARNING: [filemgmt 56-199] Attempt to get parsing info during refresh. "On-the-fly" syntax checking information may be incorrect. [C:\Users\qianzha\Desktop\DAT096-krishna\Embedded-System-Project-DAT096-krishna\Board_1\Board_1\Board_2.srcs\sources_1\new\pulse_gen.vhd:]
WARNING: [filemgmt 56-199] Attempt to get parsing info during refresh. "On-the-fly" syntax checking information may be incorrect. [C:\Users\qianzha\Desktop\DAT096-krishna\Embedded-System-Project-DAT096-krishna\Board_1\Board_1\Board_2.srcs\sources_1\new\bit to dac converter.vhd:]
WARNING: [filemgmt 56-199] Attempt to get parsing info during refresh. "On-the-fly" syntax checking information may be incorrect. [C:\Users\qianzha\Desktop\DAT096-krishna\Embedded-System-Project-DAT096-krishna\Board_1\Board_1\Board_2.srcs\sources_1\new\bit to dac converter.vhd:]
ERROR: [Common 17-180] Spawn failed: No error
report_ip_status -name ip_status 
reset_run synth_1
WARNING: [Vivado 12-1017] Problems encountered:
1. Failed to delete one or more files in run directory C:/Users/qianzha/Desktop/DAT096-krishna/Embedded-System-Project-DAT096-krishna/Board_1/Board_1/Board_2.runs/synth_1

launch_runs synth_1 -jobs 28
[Thu Apr 30 16:03:40 2026] Launched design_2_adc_bit_decoder_0_0_synth_1...
Run output will be captured here: C:/Users/qianzha/Desktop/DAT096-krishna/Embedded-System-Project-DAT096-krishna/Board_1/Board_1/Board_2.runs/design_2_adc_bit_decoder_0_0_synth_1/runme.log
[Thu Apr 30 16:03:41 2026] Launched synth_1...
Run output will be captured here: C:/Users/qianzha/Desktop/DAT096-krishna/Embedded-System-Project-DAT096-krishna/Board_1/Board_1/Board_2.runs/synth_1/runme.log
WARNING: [filemgmt 56-199] Attempt to get parsing info during refresh. "On-the-fly" syntax checking information may be incorrect. [C:\Users\qianzha\Desktop\DAT096-krishna\Embedded-System-Project-DAT096-krishna\Board_1\Board_1\Board_2.srcs\sources_1\new\delay_measure.vhd:]
WARNING: [filemgmt 56-199] Attempt to get parsing info during refresh. "On-the-fly" syntax checking information may be incorrect. [C:\Users\qianzha\Desktop\DAT096-krishna\Embedded-System-Project-DAT096-krishna\Board_1\Board_1\Board_2.srcs\sources_1\new\adc_bit_decoder.vhd:]
WARNING: [filemgmt 56-199] Attempt to get parsing info during refresh. "On-the-fly" syntax checking information may be incorrect. [C:\Users\qianzha\Desktop\DAT096-krishna\Embedded-System-Project-DAT096-krishna\Board_1\Board_1\Board_2.srcs\sources_1\new\bit to dac converter.vhd:]
WARNING: [filemgmt 56-199] Attempt to get parsing info during refresh. "On-the-fly" syntax checking information may be incorrect. [C:\Users\qianzha\Desktop\DAT096-krishna\Embedded-System-Project-DAT096-krishna\Board_1\Board_1\Board_2.srcs\sources_1\new\pulse_gen.vhd:]
WARNING: [filemgmt 56-199] Attempt to get parsing info during refresh. "On-the-fly" syntax checking information may be incorrect. [C:\Users\qianzha\Desktop\DAT096-krishna\Embedded-System-Project-DAT096-krishna\Board_1\Board_1\Board_2.srcs\sources_1\new\delay_measure.vhd:]
WARNING: [filemgmt 56-199] Attempt to get parsing info during refresh. "On-the-fly" syntax checking information may be incorrect. [C:\Users\qianzha\Desktop\DAT096-krishna\Embedded-System-Project-DAT096-krishna\Board_1\Board_1\Board_2.srcs\sources_1\new\delay_measure.vhd:]
WARNING: [filemgmt 56-199] Attempt to get parsing info during refresh. "On-the-fly" syntax checking information may be incorrect. [C:\Users\qianzha\Desktop\DAT096-krishna\Embedded-System-Project-DAT096-krishna\Board_1\Board_1\Board_2.srcs\sources_1\new\delay_measure.vhd:]
WARNING: [filemgmt 56-199] Attempt to get parsing info during refresh. "On-the-fly" syntax checking information may be incorrect. [C:\Users\qianzha\Desktop\DAT096-krishna\Embedded-System-Project-DAT096-krishna\Board_1\Board_1\Board_2.srcs\sources_1\new\adc_bit_decoder.vhd:]
WARNING: [filemgmt 56-199] Attempt to get parsing info during refresh. "On-the-fly" syntax checking information may be incorrect. [C:\Users\qianzha\Desktop\DAT096-krishna\Embedded-System-Project-DAT096-krishna\Board_1\Board_1\Board_2.srcs\sources_1\new\bit to dac converter.vhd:]
WARNING: [filemgmt 56-199] Attempt to get parsing info during refresh. "On-the-fly" syntax checking information may be incorrect. [C:\Users\qianzha\Desktop\DAT096-krishna\Embedded-System-Project-DAT096-krishna\Board_1\Board_1\Board_2.srcs\sources_1\new\pulse_gen.vhd:]
WARNING: [filemgmt 56-199] Attempt to get parsing info during refresh. "On-the-fly" syntax checking information may be incorrect. [C:\Users\qianzha\Desktop\DAT096-krishna\Embedded-System-Project-DAT096-krishna\Board_1\Board_1\Board_2.srcs\sources_1\new\adc_bit_decoder.vhd:]
WARNING: [filemgmt 56-199] Attempt to get parsing info during refresh. "On-the-fly" syntax checking information may be incorrect. [C:\Users\qianzha\Desktop\DAT096-krishna\Embedded-System-Project-DAT096-krishna\Board_1\Board_1\Board_2.srcs\sources_1\new\adc_bit_decoder.vhd:]
ERROR: [Common 17-180] Spawn failed: No error
WARNING: [filemgmt 56-199] Attempt to get parsing info during refresh. "On-the-fly" syntax checking information may be incorrect. [C:\Users\qianzha\Desktop\DAT096-krishna\Embedded-System-Project-DAT096-krishna\Board_1\Board_1\Board_2.srcs\sources_1\new\delay_measure.vhd:]
WARNING: [filemgmt 56-199] Attempt to get parsing info during refresh. "On-the-fly" syntax checking information may be incorrect. [C:\Users\qianzha\Desktop\DAT096-krishna\Embedded-System-Project-DAT096-krishna\Board_1\Board_1\Board_2.srcs\sources_1\new\adc_bit_decoder.vhd:]
WARNING: [filemgmt 56-199] Attempt to get parsing info during refresh. "On-the-fly" syntax checking information may be incorrect. [C:\Users\qianzha\Desktop\DAT096-krishna\Embedded-System-Project-DAT096-krishna\Board_1\Board_1\Board_2.srcs\sources_1\new\bit to dac converter.vhd:]
WARNING: [filemgmt 56-199] Attempt to get parsing info during refresh. "On-the-fly" syntax checking information may be incorrect. [C:\Users\qianzha\Desktop\DAT096-krishna\Embedded-System-Project-DAT096-krishna\Board_1\Board_1\Board_2.srcs\sources_1\new\pulse_gen.vhd:]
WARNING: [filemgmt 56-199] Attempt to get parsing info during refresh. "On-the-fly" syntax checking information may be incorrect. [C:\Users\qianzha\Desktop\DAT096-krishna\Embedded-System-Project-DAT096-krishna\Board_1\Board_1\Board_2.srcs\sources_1\new\bit to dac converter.vhd:]
WARNING: [filemgmt 56-199] Attempt to get parsing info during refresh. "On-the-fly" syntax checking information may be incorrect. [C:\Users\qianzha\Desktop\DAT096-krishna\Embedded-System-Project-DAT096-krishna\Board_1\Board_1\Board_2.srcs\sources_1\new\bit to dac converter.vhd:]
ERROR: [Common 17-180] Spawn failed: No error
launch_runs impl_1 -jobs 28
[Thu Apr 30 16:05:08 2026] Launched impl_1...
Run output will be captured here: C:/Users/qianzha/Desktop/DAT096-krishna/Embedded-System-Project-DAT096-krishna/Board_1/Board_1/Board_2.runs/impl_1/runme.log
launch_runs impl_1 -to_step write_bitstream -jobs 28
[Thu Apr 30 16:07:03 2026] Launched impl_1...
Run output will be captured here: C:/Users/qianzha/Desktop/DAT096-krishna/Embedded-System-Project-DAT096-krishna/Board_1/Board_1/Board_2.runs/impl_1/runme.log
set_property PROBES.FILE {C:/Users/qianzha/Desktop/DAT096-krishna/Embedded-System-Project-DAT096-krishna/Board_1/Board_1/Board_2.runs/impl_1/design_2_wrapper.ltx} [get_hw_devices xc7z020_1]
set_property FULL_PROBES.FILE {C:/Users/qianzha/Desktop/DAT096-krishna/Embedded-System-Project-DAT096-krishna/Board_1/Board_1/Board_2.runs/impl_1/design_2_wrapper.ltx} [get_hw_devices xc7z020_1]
set_property PROGRAM.FILE {C:/Users/qianzha/Desktop/DAT096-krishna/Embedded-System-Project-DAT096-krishna/Board_1/Board_1/Board_2.runs/impl_1/design_2_wrapper.bit} [get_hw_devices xc7z020_1]
program_hw_devices [get_hw_devices xc7z020_1]
INFO: [Labtools 27-3164] End of startup status: HIGH
refresh_hw_device [lindex [get_hw_devices xc7z020_1] 0]
INFO: [Labtools 27-2302] Device xc7z020 (JTAG device index = 1) is programmed with a design that has 1 ILA core(s).
run_hw_ila [get_hw_ilas -of_objects [get_hw_devices xc7z020_1] -filter {CELL_NAME=~"design_2_i/ila_0"}]
INFO: [Labtools 27-1964] The ILA core 'hw_ila_1' trigger was armed at 2026-Apr-30 16:07:57
wait_on_hw_ila [get_hw_ilas -of_objects [get_hw_devices xc7z020_1] -filter {CELL_NAME=~"design_2_i/ila_0"}]
display_hw_ila_data [upload_hw_ila_data [get_hw_ilas -of_objects [get_hw_devices xc7z020_1] -filter {CELL_NAME=~"design_2_i/ila_0"}]]
INFO: [Labtools 27-1966] The ILA core 'hw_ila_1' triggered at 2026-Apr-30 16:07:57
INFO: [Labtools 27-3304] ILA Waveform data saved to file C:/Users/qianzha/Desktop/DAT096-krishna/Embedded-System-Project-DAT096-krishna/Board_1/Board_1/Board_2.hw/backup/hw_ila_data_1.ila. Use Tcl command 'read_hw_ila_data' or Vivado File->Import->Import ILA Data menu item to import the previously saved data.
save_wave_config {C:/Users/qianzha/Desktop/DAT096-krishna/Embedded-System-Project-DAT096-krishna/Board_1/Board_1/Board_2.hw/hw_1/wave/hw_ila_data_1/hw_ila_data_1.wcfg}
exit
INFO: [Common 17-206] Exiting Vivado at Thu Apr 30 16:10:30 2026...
