#-----------------------------------------------------------
# Vivado v2024.2 (64-bit)
# SW Build 5239630 on Fri Nov 08 22:35:27 MST 2024
# IP Build 5239520 on Sun Nov 10 16:12:51 MST 2024
# SharedData Build 5239561 on Fri Nov 08 14:39:27 MST 2024
# Start of session at: Tue May 19 09:18:09 2026
# Process ID         : 22260
# Current directory  : Z:/DAT096/DAT096-Qian/Embedded-System-Project-DAT096-Qians-branch/Board_1/Board_1
# Command line       : vivado.exe -gui_launcher_event rodinguilauncherevent9852 Z:\DAT096\DAT096-Qian\Embedded-System-Project-DAT096-Qians-branch\Board_1\Board_1\Board_2.xpr
# Log file           : Z:/DAT096/DAT096-Qian/Embedded-System-Project-DAT096-Qians-branch/Board_1/Board_1/vivado.log
# Journal file       : Z:/DAT096/DAT096-Qian/Embedded-System-Project-DAT096-Qians-branch/Board_1/Board_1\vivado.jou
# Running On         : FY-6302-10
# Platform           : Windows Server 2016 or Windows 10
# Operating System   : 26200
# Processor Detail   : Intel(R) Core(TM) i7-14700
# CPU Frequency      : 2112 MHz
# CPU Physical cores : 20
# CPU Logical cores  : 28
# Host memory        : 34031 MB
# Swap memory        : 5100 MB
# Total Virtual      : 39131 MB
# Available Virtual  : 26088 MB
#-----------------------------------------------------------
start_gui
open_project Z:/DAT096/DAT096-Qian/Embedded-System-Project-DAT096-Qians-branch/Board_1/Board_1/Board_2.xpr
INFO: [ProjectBase 1-489] The host OS only allows 260 characters in a normal path. The project is stored in a path with more than 80 characters. If you experience issues with IP, Block Designs, or files not being found, please consider moving the project to a location with a shorter path. Alternately consider using the OS subst command to map part of the path to a drive letter.
Current project path is 'Z:/DAT096/DAT096-Qian/Embedded-System-Project-DAT096-Qians-branch/Board_1/Board_1'
INFO: [Project 1-313] Project file moved from 'C:/Users/qianzha/Desktop/Embedded-System-Project-DAT096/Board_1/Board_1' since last save.
WARNING: [filemgmt 56-3] IP Repository Path: Could not find the directory 'Z:/DAT096/vivado-library-master/vivado-library-master'.
Scanning sources...
Finished scanning sources
INFO: [IP_Flow 19-234] Refreshing IP repositories
WARNING: [IP_Flow 19-2248] Failed to load user IP repository 'z:/DAT096/vivado-library-master/vivado-library-master'; Can't find the specified path.
If this directory should no longer be in your list of user repositories, go to the IP Settings dialog and remove it.
INFO: [IP_Flow 19-2313] Loaded Vivado IP repository 'C:/Progs/Xilinx/Vivado/2024.2/data/ip'.
WARNING: [BD 41-1661] One or more IPs have been locked in the design 'design_2.bd'. Please run report_ip_status for more details and recommendations on how to fix this issue.
List of locked IPs:
design_2_ZmodScopeController_0_2
design_2_ZmodAWGController_0_0

INFO: [Project 1-5579] Found utility IPs instantiated in one or more block designs which have equivalent inline hdl with improved performance and reduced diskspace. It is recommended to migrate these utility IPs to inline hdl using the command upgrade_project -migrate_to_inline_hdl. The utility IPs may be deprecated in future releases. More information on inline hdl is available in UG994.
open_project: Time (s): cpu = 00:00:07 ; elapsed = 00:00:09 . Memory (MB): peak = 1255.945 ; gain = 136.590
open_bd_design {Z:/DAT096/DAT096-Qian/Embedded-System-Project-DAT096-Qians-branch/Board_1/Board_1/Board_2.srcs/sources_1/bd/design_2/design_2.bd}
Reading block design file <Z:/DAT096/DAT096-Qian/Embedded-System-Project-DAT096-Qians-branch/Board_1/Board_1/Board_2.srcs/sources_1/bd/design_2/design_2.bd>...
Adding component instance block -- xilinx.com:ip:ila:6.2 - ila_0
INFO: [xilinx.com:ip:ila:6.2-6] /ila_0: AMD recommends using the System ILA IP in IP Integrator. The System ILA IP is functionally equivalent to an ILA and offers additional benefits in debugging interfaces both within IP Integrator and the Hardware Manager. Consult the Programming and Debug User Guide UG908 for further details.
Adding component instance block -- xilinx.com:module_ref:adc_bit_decoder:1.0 - adc_bit_decoder_0
Adding component instance block -- xilinx.com:ip:xlconstant:1.1 - xlconstant_1
Adding component instance block -- xilinx.com:ip:xlslice:1.0 - xlslice_0
Adding component instance block -- xilinx.com:ip:xlconstant:1.1 - xlconstant_3
Adding component instance block -- xilinx.com:ip:processing_system7:5.5 - processing_system7_0
Adding component instance block -- digilent.com:user:ZmodScopeController:1.2 - ZmodScopeController_0
Adding component instance block -- digilent.com:user:ZmodAWGController:1.1 - ZmodAWGController_0
Adding component instance block -- xilinx.com:ip:clk_wiz:6.0 - clk_wiz_0
Adding component instance block -- xilinx.com:ip:proc_sys_reset:5.0 - proc_sys_reset_0
Adding component instance block -- xilinx.com:ip:xlconstant:1.1 - xlconstant_2
Adding component instance block -- xilinx.com:module_ref:pilot_tx_rx:1.0 - pilot_tx_rx_0
Adding component instance block -- xilinx.com:module_ref:bit_to_dac14_axi:1.0 - bit_to_dac14_axi_0
Adding component instance block -- xilinx.com:module_ref:delay_measure:1.0 - delay_measure_0
Successfully read diagram <design_2> from block design file <Z:/DAT096/DAT096-Qian/Embedded-System-Project-DAT096-Qians-branch/Board_1/Board_1/Board_2.srcs/sources_1/bd/design_2/design_2.bd>
open_bd_design: Time (s): cpu = 00:00:02 ; elapsed = 00:00:09 . Memory (MB): peak = 1316.590 ; gain = 18.027
update_compile_order -fileset sources_1
reset_run synth_1
INFO: [Project 1-1161] Replacing file Z:/DAT096/DAT096-Qian/Embedded-System-Project-DAT096-Qians-branch/Board_1/Board_1/Board_2.srcs/utils_1/imports/synth_1/design_2_wrapper.dcp with file Z:/DAT096/DAT096-Qian/Embedded-System-Project-DAT096-Qians-branch/Board_1/Board_1/Board_2.runs/synth_1/design_2_wrapper.dcp
reset_run design_2_pilot_tx_rx_0_0_synth_1
reset_run design_2_bit_to_dac14_axi_0_0_synth_1
reset_run design_2_delay_measure_0_0_synth_1
launch_runs impl_1 -to_step write_bitstream -jobs 28
INFO: [IP_Flow 19-6930] IPCACHE: runCacheChecks() number of threads = 8
INFO: [IP_Flow 19-6921] IPCACHE: Adding cache check func to thread queue for IP design_2_ila_0_0
INFO: [IP_Flow 19-6921] IPCACHE: Adding cache check func to thread queue for IP design_2_proc_sys_reset_0_0
INFO: [IP_Flow 19-8020] IPCACHE: runCacheChecks() calling threadPool finishWork()
INFO: [IP_Flow 19-6924] IPCACHE: Running cache check for IP inst: design_2_ila_0_0
INFO: [IP_Flow 19-6922] IPCACHE: Exporting cached entry f46ebaef4651aa3d to dir: z:/DAT096/DAT096-Qian/Embedded-System-Project-DAT096-Qians-branch/Board_1/Board_1/Board_2.gen/sources_1/bd/design_2/ip/design_2_ila_0_0
INFO: [IP_Flow 19-6928] IPCACHE: copied cached file z:/DAT096/DAT096-Qian/Embedded-System-Project-DAT096-Qians-branch/Board_1/Board_1/Board_2.cache/ip/2024.2/f/4/f46ebaef4651aa3d/design_2_ila_0_0.dcp to z:/DAT096/DAT096-Qian/Embedded-System-Project-DAT096-Qians-branch/Board_1/Board_1/Board_2.gen/sources_1/bd/design_2/ip/design_2_ila_0_0/design_2_ila_0_0.dcp.
INFO: [IP_Flow 19-6926] IPCACHE: added file to list for BOM: z:/DAT096/DAT096-Qian/Embedded-System-Project-DAT096-Qians-branch/Board_1/Board_1/Board_2.gen/sources_1/bd/design_2/ip/design_2_ila_0_0/design_2_ila_0_0.dcp
INFO: [IP_Flow 19-6928] IPCACHE: copied cached file z:/DAT096/DAT096-Qian/Embedded-System-Project-DAT096-Qians-branch/Board_1/Board_1/Board_2.cache/ip/2024.2/f/4/f46ebaef4651aa3d/design_2_ila_0_0_sim_netlist.v to z:/DAT096/DAT096-Qian/Embedded-System-Project-DAT096-Qians-branch/Board_1/Board_1/Board_2.gen/sources_1/bd/design_2/ip/design_2_ila_0_0/design_2_ila_0_0_sim_netlist.v.
INFO: [IP_Flow 19-6926] IPCACHE: added file to list for BOM: z:/DAT096/DAT096-Qian/Embedded-System-Project-DAT096-Qians-branch/Board_1/Board_1/Board_2.gen/sources_1/bd/design_2/ip/design_2_ila_0_0/design_2_ila_0_0_sim_netlist.v
INFO: [IP_Flow 19-6928] IPCACHE: copied cached file z:/DAT096/DAT096-Qian/Embedded-System-Project-DAT096-Qians-branch/Board_1/Board_1/Board_2.cache/ip/2024.2/f/4/f46ebaef4651aa3d/design_2_ila_0_0_sim_netlist.vhdl to z:/DAT096/DAT096-Qian/Embedded-System-Project-DAT096-Qians-branch/Board_1/Board_1/Board_2.gen/sources_1/bd/design_2/ip/design_2_ila_0_0/design_2_ila_0_0_sim_netlist.vhdl.
INFO: [IP_Flow 19-6926] IPCACHE: added file to list for BOM: z:/DAT096/DAT096-Qian/Embedded-System-Project-DAT096-Qians-branch/Board_1/Board_1/Board_2.gen/sources_1/bd/design_2/ip/design_2_ila_0_0/design_2_ila_0_0_sim_netlist.vhdl
INFO: [IP_Flow 19-6928] IPCACHE: copied cached file z:/DAT096/DAT096-Qian/Embedded-System-Project-DAT096-Qians-branch/Board_1/Board_1/Board_2.cache/ip/2024.2/f/4/f46ebaef4651aa3d/design_2_ila_0_0_stub.v to z:/DAT096/DAT096-Qian/Embedded-System-Project-DAT096-Qians-branch/Board_1/Board_1/Board_2.gen/sources_1/bd/design_2/ip/design_2_ila_0_0/design_2_ila_0_0_stub.v.
INFO: [IP_Flow 19-6926] IPCACHE: added file to list for BOM: z:/DAT096/DAT096-Qian/Embedded-System-Project-DAT096-Qians-branch/Board_1/Board_1/Board_2.gen/sources_1/bd/design_2/ip/design_2_ila_0_0/design_2_ila_0_0_stub.v
INFO: [IP_Flow 19-6928] IPCACHE: copied cached file z:/DAT096/DAT096-Qian/Embedded-System-Project-DAT096-Qians-branch/Board_1/Board_1/Board_2.cache/ip/2024.2/f/4/f46ebaef4651aa3d/design_2_ila_0_0_stub.vhdl to z:/DAT096/DAT096-Qian/Embedded-System-Project-DAT096-Qians-branch/Board_1/Board_1/Board_2.gen/sources_1/bd/design_2/ip/design_2_ila_0_0/design_2_ila_0_0_stub.vhdl.
INFO: [IP_Flow 19-6926] IPCACHE: added file to list for BOM: z:/DAT096/DAT096-Qian/Embedded-System-Project-DAT096-Qians-branch/Board_1/Board_1/Board_2.gen/sources_1/bd/design_2/ip/design_2_ila_0_0/design_2_ila_0_0_stub.vhdl
INFO: [IP_Flow 19-4993] Using cached IP synthesis design for IP design_2_ila_0_0, cache-ID = f46ebaef4651aa3d; cache size = 218.168 MB.
INFO: [IP_Flow 19-6924] IPCACHE: Running cache check for IP inst: design_2_proc_sys_reset_0_0
INFO: [IP_Flow 19-6922] IPCACHE: Exporting cached entry 2849d0fcc59c90c5 to dir: z:/DAT096/DAT096-Qian/Embedded-System-Project-DAT096-Qians-branch/Board_1/Board_1/Board_2.gen/sources_1/bd/design_2/ip/design_2_proc_sys_reset_0_0
INFO: [IP_Flow 19-6928] IPCACHE: copied cached file z:/DAT096/DAT096-Qian/Embedded-System-Project-DAT096-Qians-branch/Board_1/Board_1/Board_2.cache/ip/2024.2/2/8/2849d0fcc59c90c5/design_2_proc_sys_reset_0_0.dcp to z:/DAT096/DAT096-Qian/Embedded-System-Project-DAT096-Qians-branch/Board_1/Board_1/Board_2.gen/sources_1/bd/design_2/ip/design_2_proc_sys_reset_0_0/design_2_proc_sys_reset_0_0.dcp.
INFO: [IP_Flow 19-6926] IPCACHE: added file to list for BOM: z:/DAT096/DAT096-Qian/Embedded-System-Project-DAT096-Qians-branch/Board_1/Board_1/Board_2.gen/sources_1/bd/design_2/ip/design_2_proc_sys_reset_0_0/design_2_proc_sys_reset_0_0.dcp
INFO: [IP_Flow 19-6928] IPCACHE: copied cached file z:/DAT096/DAT096-Qian/Embedded-System-Project-DAT096-Qians-branch/Board_1/Board_1/Board_2.cache/ip/2024.2/2/8/2849d0fcc59c90c5/design_2_proc_sys_reset_0_0_sim_netlist.v to z:/DAT096/DAT096-Qian/Embedded-System-Project-DAT096-Qians-branch/Board_1/Board_1/Board_2.gen/sources_1/bd/design_2/ip/design_2_proc_sys_reset_0_0/design_2_proc_sys_reset_0_0_sim_netlist.v.
INFO: [IP_Flow 19-6926] IPCACHE: added file to list for BOM: z:/DAT096/DAT096-Qian/Embedded-System-Project-DAT096-Qians-branch/Board_1/Board_1/Board_2.gen/sources_1/bd/design_2/ip/design_2_proc_sys_reset_0_0/design_2_proc_sys_reset_0_0_sim_netlist.v
INFO: [IP_Flow 19-6928] IPCACHE: copied cached file z:/DAT096/DAT096-Qian/Embedded-System-Project-DAT096-Qians-branch/Board_1/Board_1/Board_2.cache/ip/2024.2/2/8/2849d0fcc59c90c5/design_2_proc_sys_reset_0_0_sim_netlist.vhdl to z:/DAT096/DAT096-Qian/Embedded-System-Project-DAT096-Qians-branch/Board_1/Board_1/Board_2.gen/sources_1/bd/design_2/ip/design_2_proc_sys_reset_0_0/design_2_proc_sys_reset_0_0_sim_netlist.vhdl.
INFO: [IP_Flow 19-6926] IPCACHE: added file to list for BOM: z:/DAT096/DAT096-Qian/Embedded-System-Project-DAT096-Qians-branch/Board_1/Board_1/Board_2.gen/sources_1/bd/design_2/ip/design_2_proc_sys_reset_0_0/design_2_proc_sys_reset_0_0_sim_netlist.vhdl
INFO: [IP_Flow 19-6928] IPCACHE: copied cached file z:/DAT096/DAT096-Qian/Embedded-System-Project-DAT096-Qians-branch/Board_1/Board_1/Board_2.cache/ip/2024.2/2/8/2849d0fcc59c90c5/design_2_proc_sys_reset_0_0_stub.v to z:/DAT096/DAT096-Qian/Embedded-System-Project-DAT096-Qians-branch/Board_1/Board_1/Board_2.gen/sources_1/bd/design_2/ip/design_2_proc_sys_reset_0_0/design_2_proc_sys_reset_0_0_stub.v.
INFO: [IP_Flow 19-6926] IPCACHE: added file to list for BOM: z:/DAT096/DAT096-Qian/Embedded-System-Project-DAT096-Qians-branch/Board_1/Board_1/Board_2.gen/sources_1/bd/design_2/ip/design_2_proc_sys_reset_0_0/design_2_proc_sys_reset_0_0_stub.v
INFO: [IP_Flow 19-6928] IPCACHE: copied cached file z:/DAT096/DAT096-Qian/Embedded-System-Project-DAT096-Qians-branch/Board_1/Board_1/Board_2.cache/ip/2024.2/2/8/2849d0fcc59c90c5/design_2_proc_sys_reset_0_0_stub.vhdl to z:/DAT096/DAT096-Qian/Embedded-System-Project-DAT096-Qians-branch/Board_1/Board_1/Board_2.gen/sources_1/bd/design_2/ip/design_2_proc_sys_reset_0_0/design_2_proc_sys_reset_0_0_stub.vhdl.
INFO: [IP_Flow 19-6926] IPCACHE: added file to list for BOM: z:/DAT096/DAT096-Qian/Embedded-System-Project-DAT096-Qians-branch/Board_1/Board_1/Board_2.gen/sources_1/bd/design_2/ip/design_2_proc_sys_reset_0_0/design_2_proc_sys_reset_0_0_stub.vhdl
INFO: [IP_Flow 19-4993] Using cached IP synthesis design for IP design_2_proc_sys_reset_0_0, cache-ID = 2849d0fcc59c90c5; cache size = 218.168 MB.
config_ip_cache: Time (s): cpu = 00:00:05 ; elapsed = 00:00:07 . Memory (MB): peak = 1344.902 ; gain = 7.492
WARNING: [Vivado 12-4801] The synthesis checkpoint for IP 'Z:/DAT096/DAT096-Qian/Embedded-System-Project-DAT096-Qians-branch/Board_1/Board_1/Board_2.srcs/sources_1/bd/design_2/ip/design_2_pilot_tx_rx_0_0/design_2_pilot_tx_rx_0_0.xci' is available but stale and the IP is locked. An out-of-context (OOC) run will be created and/or launched, but synthesis may not be able to complete or could result in incorrect behavior.
Please select 'Report IP Status' from the 'Tools/Report' menu or run Tcl command 'report_ip_status' for more information.
WARNING: [Vivado 12-4801] The synthesis checkpoint for IP 'Z:/DAT096/DAT096-Qian/Embedded-System-Project-DAT096-Qians-branch/Board_1/Board_1/Board_2.srcs/sources_1/bd/design_2/ip/design_2_bit_to_dac14_axi_0_0/design_2_bit_to_dac14_axi_0_0.xci' is available but stale and the IP is locked. An out-of-context (OOC) run will be created and/or launched, but synthesis may not be able to complete or could result in incorrect behavior.
Please select 'Report IP Status' from the 'Tools/Report' menu or run Tcl command 'report_ip_status' for more information.
WARNING: [Vivado 12-4801] The synthesis checkpoint for IP 'Z:/DAT096/DAT096-Qian/Embedded-System-Project-DAT096-Qians-branch/Board_1/Board_1/Board_2.srcs/sources_1/bd/design_2/ip/design_2_delay_measure_0_0/design_2_delay_measure_0_0.xci' is available but stale and the IP is locked. An out-of-context (OOC) run will be created and/or launched, but synthesis may not be able to complete or could result in incorrect behavior.
Please select 'Report IP Status' from the 'Tools/Report' menu or run Tcl command 'report_ip_status' for more information.
[Tue May 19 09:26:47 2026] Launched design_2_pilot_tx_rx_0_0_synth_1, design_2_bit_to_dac14_axi_0_0_synth_1, design_2_delay_measure_0_0_synth_1, synth_1...
Run output will be captured here:
design_2_pilot_tx_rx_0_0_synth_1: Z:/DAT096/DAT096-Qian/Embedded-System-Project-DAT096-Qians-branch/Board_1/Board_1/Board_2.runs/design_2_pilot_tx_rx_0_0_synth_1/runme.log
design_2_bit_to_dac14_axi_0_0_synth_1: Z:/DAT096/DAT096-Qian/Embedded-System-Project-DAT096-Qians-branch/Board_1/Board_1/Board_2.runs/design_2_bit_to_dac14_axi_0_0_synth_1/runme.log
design_2_delay_measure_0_0_synth_1: Z:/DAT096/DAT096-Qian/Embedded-System-Project-DAT096-Qians-branch/Board_1/Board_1/Board_2.runs/design_2_delay_measure_0_0_synth_1/runme.log
synth_1: Z:/DAT096/DAT096-Qian/Embedded-System-Project-DAT096-Qians-branch/Board_1/Board_1/Board_2.runs/synth_1/runme.log
[Tue May 19 09:26:47 2026] Launched impl_1...
Run output will be captured here: Z:/DAT096/DAT096-Qian/Embedded-System-Project-DAT096-Qians-branch/Board_1/Board_1/Board_2.runs/impl_1/runme.log
launch_runs: Time (s): cpu = 00:00:07 ; elapsed = 00:00:11 . Memory (MB): peak = 1344.902 ; gain = 7.492
open_hw_manager
connect_hw_server -allow_non_jtag
INFO: [Labtools 27-2285] Connecting to hw_server url TCP:localhost:3121
INFO: [Labtools 27-2222] Launching hw_server...
INFO: [Labtools 27-2221] Launch Output:

****** Xilinx hw_server v2024.2
  **** Build date : Oct 29 2024 at 10:25:41
    ** Copyright 1986-2022 Xilinx, Inc. All Rights Reserved.


INFO: [Labtools 27-3415] Connecting to cs_server url TCP:localhost:0
INFO: [Labtools 27-3417] Launching cs_server...
INFO: [Labtools 27-2221] Launch Output:


******** Xilinx cs_server v2024.2.0
  ****** Build date   : Oct 30 2024-19:19:07
    **** Build number : 2024.2.1730312347
      ** Copyright 2017-2022 Xilinx, Inc. All Rights Reserved.
      ** Copyright 2022-2026 Advanced Micro Devices, Inc. All Rights Reserved.



connect_hw_server: Time (s): cpu = 00:00:01 ; elapsed = 00:00:16 . Memory (MB): peak = 1352.602 ; gain = 7.699
open_hw_target
INFO: [Labtoolstcl 44-466] Opening hw_target localhost:3121/xilinx_tcf/Digilent/210393BB58A7A
set_property PROGRAM.FILE {Z:/DAT096/DAT096-Qian/Embedded-System-Project-DAT096-Qians-branch/Board_1/Board_1/Board_2.runs/impl_1/design_2_wrapper.bit} [get_hw_devices xc7z020_1]
set_property PROBES.FILE {Z:/DAT096/DAT096-Qian/Embedded-System-Project-DAT096-Qians-branch/Board_1/Board_1/Board_2.runs/impl_1/design_2_wrapper.ltx} [get_hw_devices xc7z020_1]
set_property FULL_PROBES.FILE {Z:/DAT096/DAT096-Qian/Embedded-System-Project-DAT096-Qians-branch/Board_1/Board_1/Board_2.runs/impl_1/design_2_wrapper.ltx} [get_hw_devices xc7z020_1]
current_hw_device [get_hw_devices xc7z020_1]
refresh_hw_device [lindex [get_hw_devices xc7z020_1] 0]
INFO: [Labtools 27-1434] Device xc7z020 (JTAG device index = 1) is programmed with a design that has no supported debug core(s) in it.
WARNING: [Labtools 27-3361] The debug hub core was not detected.
Resolution: 
1. Make sure the clock connected to the debug hub (dbg_hub) core is a free running clock and is active.
2. Make sure the BSCAN_SWITCH_USER_MASK device property in Vivado Hardware Manager reflects the user scan chain setting in the design and refresh the device.  To determine the user scan chain setting in the design, open the implemented design and use 'get_property C_USER_SCAN_CHAIN [get_debug_cores dbg_hub]'.
For more details on setting the scan chain property, consult the Vivado Debug and Programming User Guide (UG908).
WARNING: [Labtools 27-3413] Dropping logic core with cellname:'design_2_i/ila_0' at location 'uuid_F2A5A0E152865171A222BF15ACEC5622' from probes file, since it cannot be found on the programmed device.
set_property PROBES.FILE {Z:/DAT096/DAT096-Qian/Embedded-System-Project-DAT096-Qians-branch/Board_1/Board_1/Board_2.runs/impl_1/design_2_wrapper.ltx} [get_hw_devices xc7z020_1]
set_property FULL_PROBES.FILE {Z:/DAT096/DAT096-Qian/Embedded-System-Project-DAT096-Qians-branch/Board_1/Board_1/Board_2.runs/impl_1/design_2_wrapper.ltx} [get_hw_devices xc7z020_1]
set_property PROGRAM.FILE {Z:/DAT096/DAT096-Qian/Embedded-System-Project-DAT096-Qians-branch/Board_1/Board_1/Board_2.runs/impl_1/design_2_wrapper.bit} [get_hw_devices xc7z020_1]
program_hw_devices [get_hw_devices xc7z020_1]
INFO: [Labtools 27-3164] End of startup status: HIGH
refresh_hw_device [lindex [get_hw_devices xc7z020_1] 0]
INFO: [Labtools 27-2302] Device xc7z020 (JTAG device index = 1) is programmed with a design that has 1 ILA core(s).
display_hw_ila_data [ get_hw_ila_data hw_ila_data_1 -of_objects [get_hw_ilas -of_objects [get_hw_devices xc7z020_1] -filter {CELL_NAME=~"design_2_i/ila_0"}]]
run_hw_ila [get_hw_ilas -of_objects [get_hw_devices xc7z020_1] -filter {CELL_NAME=~"design_2_i/ila_0"}]
INFO: [Labtools 27-1964] The ILA core 'hw_ila_1' trigger was armed at 2026-May-19 09:39:27
wait_on_hw_ila [get_hw_ilas -of_objects [get_hw_devices xc7z020_1] -filter {CELL_NAME=~"design_2_i/ila_0"}]
display_hw_ila_data [upload_hw_ila_data [get_hw_ilas -of_objects [get_hw_devices xc7z020_1] -filter {CELL_NAME=~"design_2_i/ila_0"}]]
INFO: [Labtools 27-1966] The ILA core 'hw_ila_1' triggered at 2026-May-19 09:39:27
INFO: [Labtools 27-3304] ILA Waveform data saved to file Z:/DAT096/DAT096-Qian/Embedded-System-Project-DAT096-Qians-branch/Board_1/Board_1/Board_2.hw/backup/hw_ila_data_1.ila. Use Tcl command 'read_hw_ila_data' or Vivado File->Import->Import ILA Data menu item to import the previously saved data.
open_bd_design {Z:/DAT096/DAT096-Qian/Embedded-System-Project-DAT096-Qians-branch/Board_1/Board_1/Board_2.srcs/sources_1/bd/design_2/design_2.bd}
create_bd_cell -type module -reference Signal_generator Signal_generator_0
INFO: [IP_Flow 19-5107] Inferred bus interface 'rst' of definition 'xilinx.com:signal:reset:1.0' (from Xilinx Repository).
INFO: [IP_Flow 19-5107] Inferred bus interface 'clk' of definition 'xilinx.com:signal:clock:1.0' (from Xilinx Repository).
INFO: [IP_Flow 19-4728] Bus Interface 'clk': Added interface parameter 'ASSOCIATED_RESET' with value 'rst'.
WARNING: [IP_Flow 19-5661] Bus Interface 'clk' does not have any bus interfaces associated with it.
WARNING: [IP_Flow 19-11770] Clock interface 'clk' has no FREQ_HZ parameter.
create_bd_cell -type module -reference prbs_axis_master_32 prbs_axis_master_32_0
INFO: [IP_Flow 19-5107] Inferred bus interface 'm_axis' of definition 'xilinx.com:interface:axis:1.0' (from Xilinx Repository).
INFO: [IP_Flow 19-5107] Inferred bus interface 'rst' of definition 'xilinx.com:signal:reset:1.0' (from Xilinx Repository).
INFO: [IP_Flow 19-5107] Inferred bus interface 'clk' of definition 'xilinx.com:signal:clock:1.0' (from Xilinx Repository).
INFO: [IP_Flow 19-4728] Bus Interface 'clk': Added interface parameter 'ASSOCIATED_BUSIF' with value 'm_axis'.
INFO: [IP_Flow 19-4728] Bus Interface 'clk': Added interface parameter 'ASSOCIATED_RESET' with value 'rst'.
WARNING: [IP_Flow 19-11770] Clock interface 'clk' has no FREQ_HZ parameter.
set_property location {3 1965 -1774} [get_bd_cells prbs_axis_master_32_0]
delete_bd_objs [get_bd_cells prbs_axis_master_32_0]
delete_bd_objs [get_bd_cells Signal_generator_0]
WARNING: [filemgmt 56-199] Attempt to get parsing info during refresh. "On-the-fly" syntax checking information may be incorrect. [Z:\DAT096\DAT096-Qian\Embedded-System-Project-DAT096-Qians-branch\Board_1\Board_1\Board_2.srcs\sources_1\new\bit to dac converter.vhd:]
WARNING: [filemgmt 56-199] Attempt to get parsing info during refresh. "On-the-fly" syntax checking information may be incorrect. [Z:\DAT096\DAT096-Qian\Embedded-System-Project-DAT096-Qians-branch\Board_1\Board_1\Board_2.srcs\sources_1\new\adc_bit_decoder.vhd:]
WARNING: [filemgmt 56-199] Attempt to get parsing info during refresh. "On-the-fly" syntax checking information may be incorrect. [Z:\DAT096\DAT096-Qian\Embedded-System-Project-DAT096-Qians-branch\Board_1\Board_1\Board_2.srcs\sources_1\new\prbs_axis_master_32.vhd:]
WARNING: [filemgmt 56-199] Attempt to get parsing info during refresh. "On-the-fly" syntax checking information may be incorrect. [Z:\DAT096\DAT096-Qian\Embedded-System-Project-DAT096-Qians-branch\Board_1\Board_1\Board_2.srcs\sources_1\new\u_gen.vhd:]
WARNING: [filemgmt 56-199] Attempt to get parsing info during refresh. "On-the-fly" syntax checking information may be incorrect. [Z:\DAT096\DAT096-Qian\Embedded-System-Project-DAT096-Qians-branch\Board_1\Board_1\Board_2.srcs\sources_1\new\adc_bit_decoder.vhd:]
WARNING: [filemgmt 56-199] Attempt to get parsing info during refresh. "On-the-fly" syntax checking information may be incorrect. [Z:\DAT096\DAT096-Qian\Embedded-System-Project-DAT096-Qians-branch\Board_1\Board_1\Board_2.srcs\sources_1\new\adc_bit_decoder.vhd:]
WARNING: [filemgmt 56-199] Attempt to get parsing info during refresh. "On-the-fly" syntax checking information may be incorrect. [Z:\DAT096\DAT096-Qian\Embedded-System-Project-DAT096-Qians-branch\Board_1\Board_1\Board_2.srcs\sources_1\new\bit to dac converter.vhd:]
WARNING: [filemgmt 56-199] Attempt to get parsing info during refresh. "On-the-fly" syntax checking information may be incorrect. [Z:\DAT096\DAT096-Qian\Embedded-System-Project-DAT096-Qians-branch\Board_1\Board_1\Board_2.srcs\sources_1\new\adc_bit_decoder.vhd:]
WARNING: [filemgmt 56-199] Attempt to get parsing info during refresh. "On-the-fly" syntax checking information may be incorrect. [Z:\DAT096\DAT096-Qian\Embedded-System-Project-DAT096-Qians-branch\Board_1\Board_1\Board_2.srcs\sources_1\new\prbs_axis_master_32.vhd:]
WARNING: [filemgmt 56-199] Attempt to get parsing info during refresh. "On-the-fly" syntax checking information may be incorrect. [Z:\DAT096\DAT096-Qian\Embedded-System-Project-DAT096-Qians-branch\Board_1\Board_1\Board_2.srcs\sources_1\new\u_gen.vhd:]
WARNING: [filemgmt 56-199] Attempt to get parsing info during refresh. "On-the-fly" syntax checking information may be incorrect. [Z:\DAT096\DAT096-Qian\Embedded-System-Project-DAT096-Qians-branch\Board_1\Board_1\Board_2.srcs\sources_1\new\u_gen.vhd:]
WARNING: [filemgmt 56-199] Attempt to get parsing info during refresh. "On-the-fly" syntax checking information may be incorrect. [Z:\DAT096\DAT096-Qian\Embedded-System-Project-DAT096-Qians-branch\Board_1\Board_1\Board_2.srcs\sources_1\new\u_gen.vhd:]
WARNING: [filemgmt 56-199] Attempt to get parsing info during refresh. "On-the-fly" syntax checking information may be incorrect. [Z:\DAT096\DAT096-Qian\Embedded-System-Project-DAT096-Qians-branch\Board_1\Board_1\Board_2.srcs\sources_1\new\bit to dac converter.vhd:]
WARNING: [filemgmt 56-199] Attempt to get parsing info during refresh. "On-the-fly" syntax checking information may be incorrect. [Z:\DAT096\DAT096-Qian\Embedded-System-Project-DAT096-Qians-branch\Board_1\Board_1\Board_2.srcs\sources_1\new\bit to dac converter.vhd:]
WARNING: [filemgmt 56-199] Attempt to get parsing info during refresh. "On-the-fly" syntax checking information may be incorrect. [Z:\DAT096\DAT096-Qian\Embedded-System-Project-DAT096-Qians-branch\Board_1\Board_1\Board_2.srcs\sources_1\new\adc_bit_decoder.vhd:]
WARNING: [filemgmt 56-199] Attempt to get parsing info during refresh. "On-the-fly" syntax checking information may be incorrect. [Z:\DAT096\DAT096-Qian\Embedded-System-Project-DAT096-Qians-branch\Board_1\Board_1\Board_2.srcs\sources_1\new\prbs_axis_master_32.vhd:]
WARNING: [filemgmt 56-199] Attempt to get parsing info during refresh. "On-the-fly" syntax checking information may be incorrect. [Z:\DAT096\DAT096-Qian\Embedded-System-Project-DAT096-Qians-branch\Board_1\Board_1\Board_2.srcs\sources_1\new\u_gen.vhd:]
WARNING: [filemgmt 56-199] Attempt to get parsing info during refresh. "On-the-fly" syntax checking information may be incorrect. [Z:\DAT096\DAT096-Qian\Embedded-System-Project-DAT096-Qians-branch\Board_1\Board_1\Board_2.srcs\sources_1\new\adc_bit_decoder.vhd:]
WARNING: [filemgmt 56-199] Attempt to get parsing info during refresh. "On-the-fly" syntax checking information may be incorrect. [Z:\DAT096\DAT096-Qian\Embedded-System-Project-DAT096-Qians-branch\Board_1\Board_1\Board_2.srcs\sources_1\new\adc_bit_decoder.vhd:]
WARNING: [filemgmt 56-199] Attempt to get parsing info during refresh. "On-the-fly" syntax checking information may be incorrect. [Z:\DAT096\DAT096-Qian\Embedded-System-Project-DAT096-Qians-branch\Board_1\Board_1\Board_2.srcs\sources_1\new\bit to dac converter.vhd:]
WARNING: [filemgmt 56-199] Attempt to get parsing info during refresh. "On-the-fly" syntax checking information may be incorrect. [Z:\DAT096\DAT096-Qian\Embedded-System-Project-DAT096-Qians-branch\Board_1\Board_1\Board_2.srcs\sources_1\new\adc_bit_decoder.vhd:]
WARNING: [filemgmt 56-199] Attempt to get parsing info during refresh. "On-the-fly" syntax checking information may be incorrect. [Z:\DAT096\DAT096-Qian\Embedded-System-Project-DAT096-Qians-branch\Board_1\Board_1\Board_2.srcs\sources_1\new\prbs_axis_master_32.vhd:]
WARNING: [filemgmt 56-199] Attempt to get parsing info during refresh. "On-the-fly" syntax checking information may be incorrect. [Z:\DAT096\DAT096-Qian\Embedded-System-Project-DAT096-Qians-branch\Board_1\Board_1\Board_2.srcs\sources_1\new\u_gen.vhd:]
WARNING: [filemgmt 56-199] Attempt to get parsing info during refresh. "On-the-fly" syntax checking information may be incorrect. [Z:\DAT096\DAT096-Qian\Embedded-System-Project-DAT096-Qians-branch\Board_1\Board_1\Board_2.srcs\sources_1\new\u_gen.vhd:]
WARNING: [filemgmt 56-199] Attempt to get parsing info during refresh. "On-the-fly" syntax checking information may be incorrect. [Z:\DAT096\DAT096-Qian\Embedded-System-Project-DAT096-Qians-branch\Board_1\Board_1\Board_2.srcs\sources_1\new\u_gen.vhd:]
ERROR: [Common 17-180] Spawn failed: No error
ERROR: [Common 17-180] Spawn failed: No error
WARNING: [filemgmt 56-199] Attempt to get parsing info during refresh. "On-the-fly" syntax checking information may be incorrect. [Z:\DAT096\DAT096-Qian\Embedded-System-Project-DAT096-Qians-branch\Board_1\Board_1\Board_2.srcs\sources_1\new\bit to dac converter.vhd:]
WARNING: [filemgmt 56-199] Attempt to get parsing info during refresh. "On-the-fly" syntax checking information may be incorrect. [Z:\DAT096\DAT096-Qian\Embedded-System-Project-DAT096-Qians-branch\Board_1\Board_1\Board_2.srcs\sources_1\new\adc_bit_decoder.vhd:]
WARNING: [filemgmt 56-199] Attempt to get parsing info during refresh. "On-the-fly" syntax checking information may be incorrect. [Z:\DAT096\DAT096-Qian\Embedded-System-Project-DAT096-Qians-branch\Board_1\Board_1\Board_2.srcs\sources_1\new\prbs_axis_master_32.vhd:]
WARNING: [filemgmt 56-199] Attempt to get parsing info during refresh. "On-the-fly" syntax checking information may be incorrect. [Z:\DAT096\DAT096-Qian\Embedded-System-Project-DAT096-Qians-branch\Board_1\Board_1\Board_2.srcs\sources_1\new\u_gen.vhd:]
WARNING: [filemgmt 56-199] Attempt to get parsing info during refresh. "On-the-fly" syntax checking information may be incorrect. [Z:\DAT096\DAT096-Qian\Embedded-System-Project-DAT096-Qians-branch\Board_1\Board_1\Board_2.srcs\sources_1\new\adc_bit_decoder.vhd:]
WARNING: [filemgmt 56-199] Attempt to get parsing info during refresh. "On-the-fly" syntax checking information may be incorrect. [Z:\DAT096\DAT096-Qian\Embedded-System-Project-DAT096-Qians-branch\Board_1\Board_1\Board_2.srcs\sources_1\new\adc_bit_decoder.vhd:]
WARNING: [filemgmt 56-199] Attempt to get parsing info during refresh. "On-the-fly" syntax checking information may be incorrect. [Z:\DAT096\DAT096-Qian\Embedded-System-Project-DAT096-Qians-branch\Board_1\Board_1\Board_2.srcs\sources_1\new\bit to dac converter.vhd:]
WARNING: [filemgmt 56-199] Attempt to get parsing info during refresh. "On-the-fly" syntax checking information may be incorrect. [Z:\DAT096\DAT096-Qian\Embedded-System-Project-DAT096-Qians-branch\Board_1\Board_1\Board_2.srcs\sources_1\new\adc_bit_decoder.vhd:]
WARNING: [filemgmt 56-199] Attempt to get parsing info during refresh. "On-the-fly" syntax checking information may be incorrect. [Z:\DAT096\DAT096-Qian\Embedded-System-Project-DAT096-Qians-branch\Board_1\Board_1\Board_2.srcs\sources_1\new\prbs_axis_master_32.vhd:]
WARNING: [filemgmt 56-199] Attempt to get parsing info during refresh. "On-the-fly" syntax checking information may be incorrect. [Z:\DAT096\DAT096-Qian\Embedded-System-Project-DAT096-Qians-branch\Board_1\Board_1\Board_2.srcs\sources_1\new\u_gen.vhd:]
WARNING: [filemgmt 56-199] Attempt to get parsing info during refresh. "On-the-fly" syntax checking information may be incorrect. [Z:\DAT096\DAT096-Qian\Embedded-System-Project-DAT096-Qians-branch\Board_1\Board_1\Board_2.srcs\sources_1\new\u_gen.vhd:]
WARNING: [filemgmt 56-199] Attempt to get parsing info during refresh. "On-the-fly" syntax checking information may be incorrect. [Z:\DAT096\DAT096-Qian\Embedded-System-Project-DAT096-Qians-branch\Board_1\Board_1\Board_2.srcs\sources_1\new\u_gen.vhd:]
ERROR: [Common 17-180] Spawn failed: No error
ERROR: [Common 17-180] Spawn failed: No error
WARNING: [filemgmt 56-199] Attempt to get parsing info during refresh. "On-the-fly" syntax checking information may be incorrect. [Z:\DAT096\DAT096-Qian\Embedded-System-Project-DAT096-Qians-branch\Board_1\Board_1\Board_2.srcs\sources_1\new\bit to dac converter.vhd:]
WARNING: [filemgmt 56-199] Attempt to get parsing info during refresh. "On-the-fly" syntax checking information may be incorrect. [Z:\DAT096\DAT096-Qian\Embedded-System-Project-DAT096-Qians-branch\Board_1\Board_1\Board_2.srcs\sources_1\new\adc_bit_decoder.vhd:]
WARNING: [filemgmt 56-199] Attempt to get parsing info during refresh. "On-the-fly" syntax checking information may be incorrect. [Z:\DAT096\DAT096-Qian\Embedded-System-Project-DAT096-Qians-branch\Board_1\Board_1\Board_2.srcs\sources_1\new\bit to dac converter.vhd:]
WARNING: [filemgmt 56-199] Attempt to get parsing info during refresh. "On-the-fly" syntax checking information may be incorrect. [Z:\DAT096\DAT096-Qian\Embedded-System-Project-DAT096-Qians-branch\Board_1\Board_1\Board_2.srcs\sources_1\new\adc_bit_decoder.vhd:]
WARNING: [filemgmt 56-199] Attempt to get parsing info during refresh. "On-the-fly" syntax checking information may be incorrect. [Z:\DAT096\DAT096-Qian\Embedded-System-Project-DAT096-Qians-branch\Board_1\Board_1\Board_2.srcs\sources_1\new\prbs_axis_master_32.vhd:]
WARNING: [filemgmt 56-199] Attempt to get parsing info during refresh. "On-the-fly" syntax checking information may be incorrect. [Z:\DAT096\DAT096-Qian\Embedded-System-Project-DAT096-Qians-branch\Board_1\Board_1\Board_2.srcs\sources_1\new\u_gen.vhd:]
WARNING: [filemgmt 56-199] Attempt to get parsing info during refresh. "On-the-fly" syntax checking information may be incorrect. [Z:\DAT096\DAT096-Qian\Embedded-System-Project-DAT096-Qians-branch\Board_1\Board_1\Board_2.srcs\sources_1\new\adc_bit_decoder.vhd:]
WARNING: [filemgmt 56-199] Attempt to get parsing info during refresh. "On-the-fly" syntax checking information may be incorrect. [Z:\DAT096\DAT096-Qian\Embedded-System-Project-DAT096-Qians-branch\Board_1\Board_1\Board_2.srcs\sources_1\new\adc_bit_decoder.vhd:]
WARNING: [filemgmt 56-199] Attempt to get parsing info during refresh. "On-the-fly" syntax checking information may be incorrect. [Z:\DAT096\DAT096-Qian\Embedded-System-Project-DAT096-Qians-branch\Board_1\Board_1\Board_2.srcs\sources_1\new\bit to dac converter.vhd:]
WARNING: [filemgmt 56-199] Attempt to get parsing info during refresh. "On-the-fly" syntax checking information may be incorrect. [Z:\DAT096\DAT096-Qian\Embedded-System-Project-DAT096-Qians-branch\Board_1\Board_1\Board_2.srcs\sources_1\new\adc_bit_decoder.vhd:]
WARNING: [filemgmt 56-199] Attempt to get parsing info during refresh. "On-the-fly" syntax checking information may be incorrect. [Z:\DAT096\DAT096-Qian\Embedded-System-Project-DAT096-Qians-branch\Board_1\Board_1\Board_2.srcs\sources_1\new\prbs_axis_master_32.vhd:]
WARNING: [filemgmt 56-199] Attempt to get parsing info during refresh. "On-the-fly" syntax checking information may be incorrect. [Z:\DAT096\DAT096-Qian\Embedded-System-Project-DAT096-Qians-branch\Board_1\Board_1\Board_2.srcs\sources_1\new\u_gen.vhd:]
WARNING: [filemgmt 56-199] Attempt to get parsing info during refresh. "On-the-fly" syntax checking information may be incorrect. [Z:\DAT096\DAT096-Qian\Embedded-System-Project-DAT096-Qians-branch\Board_1\Board_1\Board_2.srcs\sources_1\new\u_gen.vhd:]
WARNING: [filemgmt 56-199] Attempt to get parsing info during refresh. "On-the-fly" syntax checking information may be incorrect. [Z:\DAT096\DAT096-Qian\Embedded-System-Project-DAT096-Qians-branch\Board_1\Board_1\Board_2.srcs\sources_1\new\u_gen.vhd:]
ERROR: [Common 17-180] Spawn failed: No error
ERROR: [Common 17-180] Spawn failed: No error
WARNING: [filemgmt 56-199] Attempt to get parsing info during refresh. "On-the-fly" syntax checking information may be incorrect. [Z:\DAT096\DAT096-Qian\Embedded-System-Project-DAT096-Qians-branch\Board_1\Board_1\Board_2.srcs\sources_1\new\bit to dac converter.vhd:]
report_ip_status -name ip_status 
set_property USER_LOCKED 1 [get_ips design_2_ZmodScopeController_0_2]
INFO: [IP_Flow 19-8015] Moving outputs for IP 'design_2_ZmodScopeController_0_2' to 'z:/DAT096/DAT096-Qian/Embedded-System-Project-DAT096-Qians-branch/Board_1/Board_1/Board_2.srcs/sources_1/bd/design_2/ip/design_2_ZmodScopeController_0_2'
WARNING: [IP_Flow 19-2162] IP 'design_2_ZmodScopeController_0_2' is locked:
* IP definition 'ZmodScopeController (1.2)' for IP 'design_2_ZmodScopeController_0_2' (customized with software release 2024.2) was not found in the IP Catalog.
WARNING: [BD 41-2028] Locking ZmodScopeController to version 1.2. If the latest driver for the IP is not backwards compatible, software flow will assign a generic driver or no driver for this IP
set_property USER_LOCKED 1 [get_ips design_2_ZmodAWGController_0_0]
INFO: [IP_Flow 19-8015] Moving outputs for IP 'design_2_ZmodAWGController_0_0' to 'z:/DAT096/DAT096-Qian/Embedded-System-Project-DAT096-Qians-branch/Board_1/Board_1/Board_2.srcs/sources_1/bd/design_2/ip/design_2_ZmodAWGController_0_0'
WARNING: [IP_Flow 19-2162] IP 'design_2_ZmodAWGController_0_0' is locked:
* IP definition 'ZmodAWGController (1.1)' for IP 'design_2_ZmodAWGController_0_0' (customized with software release 2024.2) was not found in the IP Catalog.
WARNING: [BD 41-2028] Locking ZmodAWGController to version 1.1. If the latest driver for the IP is not backwards compatible, software flow will assign a generic driver or no driver for this IP
update_module_reference [get_ips  design_2_adc_bit_decoder_0_0]
INFO: [IP_Flow 19-5107] Inferred bus interface 'clk' of definition 'xilinx.com:signal:clock:1.0' (from Xilinx Repository).
WARNING: [IP_Flow 19-5661] Bus Interface 'clk' does not have any bus interfaces associated with it.
WARNING: [IP_Flow 19-11770] Clock interface 'clk' has no FREQ_HZ parameter.
INFO: [IP_Flow 19-5107] Inferred bus interface 'clk' of definition 'xilinx.com:signal:clock:1.0' (from Xilinx Repository).
WARNING: [IP_Flow 19-5661] Bus Interface 'clk' does not have any bus interfaces associated with it.
WARNING: [IP_Flow 19-11770] Clock interface 'clk' has no FREQ_HZ parameter.
Upgrading 'Z:/DAT096/DAT096-Qian/Embedded-System-Project-DAT096-Qians-branch/Board_1/Board_1/Board_2.srcs/sources_1/bd/design_2/design_2.bd'
WARNING: [Vivado 12-1017] Problems encountered:
1. Failed to delete one or more files in run directory Z:/DAT096/DAT096-Qian/Embedded-System-Project-DAT096-Qians-branch/Board_1/Board_1/Board_2.runs/design_2_adc_bit_decoder_0_0_synth_1

INFO: [IP_Flow 19-3420] Updated design_2_adc_bit_decoder_0_0 to use current project options
Wrote  : <Z:\DAT096\DAT096-Qian\Embedded-System-Project-DAT096-Qians-branch\Board_1\Board_1\Board_2.srcs\sources_1\bd\design_2\design_2.bd> 
Wrote  : <Z:/DAT096/DAT096-Qian/Embedded-System-Project-DAT096-Qians-branch/Board_1/Board_1/Board_2.srcs/sources_1/bd/design_2/ui/bd_1fdbff51.ui> 
generate_target all [get_files  Z:/DAT096/DAT096-Qian/Embedded-System-Project-DAT096-Qians-branch/Board_1/Board_1/Board_2.srcs/sources_1/bd/design_2/design_2.bd]
WARNING: [BD 41-2670] Found an incomplete address path from address space '/processing_system7_0/Data' to master interface '/processing_system7_0/M_AXI_GP0'. Please either complete or remove this path to resolve.
WARNING: [BD 5-699] No address segments matched 'get_bd_addr_segs -of_objects /processing_system7_0/Data'
WARNING: [IP_Flow 19-4684] Expected long value for param C_ILA_CLK_FREQ but, float/scientific notation value 5e+07 is provided. The value is converted to long type(50000000)
WARNING: [BD 41-702] Propagation TCL tries to overwrite USER strength parameter C_PROBE2_WIDTH(14) on '/ila_0' with propagated value(1). Command ignored
WARNING: [BD 41-702] Propagation TCL tries to overwrite USER strength parameter C_PROBE3_WIDTH(14) on '/ila_0' with propagated value(1). Command ignored
INFO: [xilinx.com:ip:clk_wiz:6.0-1] /clk_wiz_0 clk_wiz propagate
Wrote  : <Z:\DAT096\DAT096-Qian\Embedded-System-Project-DAT096-Qians-branch\Board_1\Board_1\Board_2.srcs\sources_1\bd\design_2\design_2.bd> 
VHDL Output written to : z:/DAT096/DAT096-Qian/Embedded-System-Project-DAT096-Qians-branch/Board_1/Board_1/Board_2.gen/sources_1/bd/design_2/synth/design_2.vhd
VHDL Output written to : z:/DAT096/DAT096-Qian/Embedded-System-Project-DAT096-Qians-branch/Board_1/Board_1/Board_2.gen/sources_1/bd/design_2/sim/design_2.vhd
VHDL Output written to : z:/DAT096/DAT096-Qian/Embedded-System-Project-DAT096-Qians-branch/Board_1/Board_1/Board_2.gen/sources_1/bd/design_2/hdl/design_2_wrapper.vhd
INFO: [IP_Flow 19-234] Refreshing IP repositories
WARNING: [IP_Flow 19-2248] Failed to load user IP repository 'z:/DAT096/vivado-library-master/vivado-library-master'; Can't find the specified path.
If this directory should no longer be in your list of user repositories, go to the IP Settings dialog and remove it.
INFO: [IP_Flow 19-234] Refreshing IP repositories
WARNING: [IP_Flow 19-2248] Failed to load user IP repository 'z:/DAT096/vivado-library-master/vivado-library-master'; Can't find the specified path.
If this directory should no longer be in your list of user repositories, go to the IP Settings dialog and remove it.
INFO: [BD 41-1029] Generation completed for the IP Integrator block adc_bit_decoder_0 .
Exporting to file z:/DAT096/DAT096-Qian/Embedded-System-Project-DAT096-Qians-branch/Board_1/Board_1/Board_2.gen/sources_1/bd/design_2/hw_handoff/design_2.hwh
Generated Hardware Definition File z:/DAT096/DAT096-Qian/Embedded-System-Project-DAT096-Qians-branch/Board_1/Board_1/Board_2.gen/sources_1/bd/design_2/synth/design_2.hwdef
export_ip_user_files -of_objects [get_files Z:/DAT096/DAT096-Qian/Embedded-System-Project-DAT096-Qians-branch/Board_1/Board_1/Board_2.srcs/sources_1/bd/design_2/design_2.bd] -no_script -sync -force -quiet
create_ip_run [get_files -of_objects [get_fileset sources_1] Z:/DAT096/DAT096-Qian/Embedded-System-Project-DAT096-Qians-branch/Board_1/Board_1/Board_2.srcs/sources_1/bd/design_2/design_2.bd]
launch_runs design_2_adc_bit_decoder_0_0_synth_1 -jobs 28
WARNING: [filemgmt 56-199] Attempt to get parsing info during refresh. "On-the-fly" syntax checking information may be incorrect. [Z:\DAT096\DAT096-Qian\Embedded-System-Project-DAT096-Qians-branch\Board_1\Board_1\Board_2.srcs\sources_1\new\bit to dac converter.vhd:]
WARNING: [filemgmt 56-199] Attempt to get parsing info during refresh. "On-the-fly" syntax checking information may be incorrect. [Z:\DAT096\DAT096-Qian\Embedded-System-Project-DAT096-Qians-branch\Board_1\Board_1\Board_2.srcs\sources_1\new\adc_bit_decoder.vhd:]
WARNING: [filemgmt 56-199] Attempt to get parsing info during refresh. "On-the-fly" syntax checking information may be incorrect. [Z:\DAT096\DAT096-Qian\Embedded-System-Project-DAT096-Qians-branch\Board_1\Board_1\Board_2.srcs\sources_1\new\prbs_axis_master_32.vhd:]
WARNING: [filemgmt 56-199] Attempt to get parsing info during refresh. "On-the-fly" syntax checking information may be incorrect. [Z:\DAT096\DAT096-Qian\Embedded-System-Project-DAT096-Qians-branch\Board_1\Board_1\Board_2.srcs\sources_1\new\u_gen.vhd:]
WARNING: [filemgmt 56-199] Attempt to get parsing info during refresh. "On-the-fly" syntax checking information may be incorrect. [Z:\DAT096\DAT096-Qian\Embedded-System-Project-DAT096-Qians-branch\Board_1\Board_1\Board_2.srcs\sources_1\new\adc_bit_decoder.vhd:]
WARNING: [filemgmt 56-199] Attempt to get parsing info during refresh. "On-the-fly" syntax checking information may be incorrect. [Z:\DAT096\DAT096-Qian\Embedded-System-Project-DAT096-Qians-branch\Board_1\Board_1\Board_2.srcs\sources_1\new\adc_bit_decoder.vhd:]
WARNING: [filemgmt 56-199] Attempt to get parsing info during refresh. "On-the-fly" syntax checking information may be incorrect. [Z:\DAT096\DAT096-Qian\Embedded-System-Project-DAT096-Qians-branch\Board_1\Board_1\Board_2.srcs\sources_1\new\bit to dac converter.vhd:]
WARNING: [filemgmt 56-199] Attempt to get parsing info during refresh. "On-the-fly" syntax checking information may be incorrect. [Z:\DAT096\DAT096-Qian\Embedded-System-Project-DAT096-Qians-branch\Board_1\Board_1\Board_2.srcs\sources_1\new\adc_bit_decoder.vhd:]
WARNING: [filemgmt 56-199] Attempt to get parsing info during refresh. "On-the-fly" syntax checking information may be incorrect. [Z:\DAT096\DAT096-Qian\Embedded-System-Project-DAT096-Qians-branch\Board_1\Board_1\Board_2.srcs\sources_1\new\prbs_axis_master_32.vhd:]
WARNING: [filemgmt 56-199] Attempt to get parsing info during refresh. "On-the-fly" syntax checking information may be incorrect. [Z:\DAT096\DAT096-Qian\Embedded-System-Project-DAT096-Qians-branch\Board_1\Board_1\Board_2.srcs\sources_1\new\u_gen.vhd:]
WARNING: [filemgmt 56-199] Attempt to get parsing info during refresh. "On-the-fly" syntax checking information may be incorrect. [Z:\DAT096\DAT096-Qian\Embedded-System-Project-DAT096-Qians-branch\Board_1\Board_1\Board_2.srcs\sources_1\new\prbs_axis_master_32.vhd:]
WARNING: [filemgmt 56-199] Attempt to get parsing info during refresh. "On-the-fly" syntax checking information may be incorrect. [Z:\DAT096\DAT096-Qian\Embedded-System-Project-DAT096-Qians-branch\Board_1\Board_1\Board_2.srcs\sources_1\new\prbs_axis_master_32.vhd:]
WARNING: [filemgmt 56-199] Attempt to get parsing info during refresh. "On-the-fly" syntax checking information may be incorrect. [Z:\DAT096\DAT096-Qian\Embedded-System-Project-DAT096-Qians-branch\Board_1\Board_1\Board_2.srcs\sources_1\new\bit to dac converter.vhd:]
WARNING: [filemgmt 56-199] Attempt to get parsing info during refresh. "On-the-fly" syntax checking information may be incorrect. [Z:\DAT096\DAT096-Qian\Embedded-System-Project-DAT096-Qians-branch\Board_1\Board_1\Board_2.srcs\sources_1\new\adc_bit_decoder.vhd:]
WARNING: [filemgmt 56-199] Attempt to get parsing info during refresh. "On-the-fly" syntax checking information may be incorrect. [Z:\DAT096\DAT096-Qian\Embedded-System-Project-DAT096-Qians-branch\Board_1\Board_1\Board_2.srcs\sources_1\new\prbs_axis_master_32.vhd:]
WARNING: [filemgmt 56-199] Attempt to get parsing info during refresh. "On-the-fly" syntax checking information may be incorrect. [Z:\DAT096\DAT096-Qian\Embedded-System-Project-DAT096-Qians-branch\Board_1\Board_1\Board_2.srcs\sources_1\new\u_gen.vhd:]
WARNING: [filemgmt 56-199] Attempt to get parsing info during refresh. "On-the-fly" syntax checking information may be incorrect. [Z:\DAT096\DAT096-Qian\Embedded-System-Project-DAT096-Qians-branch\Board_1\Board_1\Board_2.srcs\sources_1\new\bit to dac converter.vhd:]
WARNING: [filemgmt 56-199] Attempt to get parsing info during refresh. "On-the-fly" syntax checking information may be incorrect. [Z:\DAT096\DAT096-Qian\Embedded-System-Project-DAT096-Qians-branch\Board_1\Board_1\Board_2.srcs\sources_1\new\bit to dac converter.vhd:]
[Tue May 19 11:37:31 2026] Launched design_2_adc_bit_decoder_0_0_synth_1...
Run output will be captured here: Z:/DAT096/DAT096-Qian/Embedded-System-Project-DAT096-Qians-branch/Board_1/Board_1/Board_2.runs/design_2_adc_bit_decoder_0_0_synth_1/runme.log
ERROR: [Common 17-180] Spawn failed: No error
export_simulation -lib_map_path [list {modelsim=Z:/DAT096/DAT096-Qian/Embedded-System-Project-DAT096-Qians-branch/Board_1/Board_1/Board_2.cache/compile_simlib/modelsim} {questa=Z:/DAT096/DAT096-Qian/Embedded-System-Project-DAT096-Qians-branch/Board_1/Board_1/Board_2.cache/compile_simlib/questa} {riviera=Z:/DAT096/DAT096-Qian/Embedded-System-Project-DAT096-Qians-branch/Board_1/Board_1/Board_2.cache/compile_simlib/riviera} {activehdl=Z:/DAT096/DAT096-Qian/Embedded-System-Project-DAT096-Qians-branch/Board_1/Board_1/Board_2.cache/compile_simlib/activehdl}] -of_objects [get_files Z:/DAT096/DAT096-Qian/Embedded-System-Project-DAT096-Qians-branch/Board_1/Board_1/Board_2.srcs/sources_1/bd/design_2/design_2.bd] -directory Z:/DAT096/DAT096-Qian/Embedded-System-Project-DAT096-Qians-branch/Board_1/Board_1/Board_2.ip_user_files/sim_scripts -ip_user_files_dir Z:/DAT096/DAT096-Qian/Embedded-System-Project-DAT096-Qians-branch/Board_1/Board_1/Board_2.ip_user_files -ipstatic_source_dir Z:/DAT096/DAT096-Qian/Embedded-System-Project-DAT096-Qians-branch/Board_1/Board_1/Board_2.ip_user_files/ipstatic -use_ip_compiled_libs -force -quiet
WARNING: [filemgmt 56-199] Attempt to get parsing info during refresh. "On-the-fly" syntax checking information may be incorrect. [Z:\DAT096\DAT096-Qian\Embedded-System-Project-DAT096-Qians-branch\Board_1\Board_1\Board_2.srcs\sources_1\new\bit to dac converter.vhd:]
WARNING: [filemgmt 56-199] Attempt to get parsing info during refresh. "On-the-fly" syntax checking information may be incorrect. [Z:\DAT096\DAT096-Qian\Embedded-System-Project-DAT096-Qians-branch\Board_1\Board_1\Board_2.srcs\sources_1\new\adc_bit_decoder.vhd:]
WARNING: [filemgmt 56-199] Attempt to get parsing info during refresh. "On-the-fly" syntax checking information may be incorrect. [Z:\DAT096\DAT096-Qian\Embedded-System-Project-DAT096-Qians-branch\Board_1\Board_1\Board_2.srcs\sources_1\new\prbs_axis_master_32.vhd:]
WARNING: [filemgmt 56-199] Attempt to get parsing info during refresh. "On-the-fly" syntax checking information may be incorrect. [Z:\DAT096\DAT096-Qian\Embedded-System-Project-DAT096-Qians-branch\Board_1\Board_1\Board_2.srcs\sources_1\new\u_gen.vhd:]
WARNING: [filemgmt 56-199] Attempt to get parsing info during refresh. "On-the-fly" syntax checking information may be incorrect. [Z:\DAT096\DAT096-Qian\Embedded-System-Project-DAT096-Qians-branch\Board_1\Board_1\Board_2.srcs\sources_1\new\adc_bit_decoder.vhd:]
WARNING: [filemgmt 56-199] Attempt to get parsing info during refresh. "On-the-fly" syntax checking information may be incorrect. [Z:\DAT096\DAT096-Qian\Embedded-System-Project-DAT096-Qians-branch\Board_1\Board_1\Board_2.srcs\sources_1\new\adc_bit_decoder.vhd:]
WARNING: [filemgmt 56-199] Attempt to get parsing info during refresh. "On-the-fly" syntax checking information may be incorrect. [Z:\DAT096\DAT096-Qian\Embedded-System-Project-DAT096-Qians-branch\Board_1\Board_1\Board_2.srcs\sources_1\new\bit to dac converter.vhd:]
WARNING: [filemgmt 56-199] Attempt to get parsing info during refresh. "On-the-fly" syntax checking information may be incorrect. [Z:\DAT096\DAT096-Qian\Embedded-System-Project-DAT096-Qians-branch\Board_1\Board_1\Board_2.srcs\sources_1\new\adc_bit_decoder.vhd:]
WARNING: [filemgmt 56-199] Attempt to get parsing info during refresh. "On-the-fly" syntax checking information may be incorrect. [Z:\DAT096\DAT096-Qian\Embedded-System-Project-DAT096-Qians-branch\Board_1\Board_1\Board_2.srcs\sources_1\new\prbs_axis_master_32.vhd:]
WARNING: [filemgmt 56-199] Attempt to get parsing info during refresh. "On-the-fly" syntax checking information may be incorrect. [Z:\DAT096\DAT096-Qian\Embedded-System-Project-DAT096-Qians-branch\Board_1\Board_1\Board_2.srcs\sources_1\new\u_gen.vhd:]
WARNING: [filemgmt 56-199] Attempt to get parsing info during refresh. "On-the-fly" syntax checking information may be incorrect. [Z:\DAT096\DAT096-Qian\Embedded-System-Project-DAT096-Qians-branch\Board_1\Board_1\Board_2.srcs\sources_1\new\u_gen.vhd:]
WARNING: [filemgmt 56-199] Attempt to get parsing info during refresh. "On-the-fly" syntax checking information may be incorrect. [Z:\DAT096\DAT096-Qian\Embedded-System-Project-DAT096-Qians-branch\Board_1\Board_1\Board_2.srcs\sources_1\new\u_gen.vhd:]
ERROR: [Common 17-180] Spawn failed: No error
ERROR: [Common 17-180] Spawn failed: No error
WARNING: [filemgmt 56-199] Attempt to get parsing info during refresh. "On-the-fly" syntax checking information may be incorrect. [Z:\DAT096\DAT096-Qian\Embedded-System-Project-DAT096-Qians-branch\Board_1\Board_1\Board_2.srcs\sources_1\new\bit to dac converter.vhd:]
WARNING: [filemgmt 56-199] Attempt to get parsing info during refresh. "On-the-fly" syntax checking information may be incorrect. [Z:\DAT096\DAT096-Qian\Embedded-System-Project-DAT096-Qians-branch\Board_1\Board_1\Board_2.srcs\sources_1\new\adc_bit_decoder.vhd:]
WARNING: [filemgmt 56-199] Attempt to get parsing info during refresh. "On-the-fly" syntax checking information may be incorrect. [Z:\DAT096\DAT096-Qian\Embedded-System-Project-DAT096-Qians-branch\Board_1\Board_1\Board_2.srcs\sources_1\new\prbs_axis_master_32.vhd:]
WARNING: [filemgmt 56-199] Attempt to get parsing info during refresh. "On-the-fly" syntax checking information may be incorrect. [Z:\DAT096\DAT096-Qian\Embedded-System-Project-DAT096-Qians-branch\Board_1\Board_1\Board_2.srcs\sources_1\new\u_gen.vhd:]
WARNING: [filemgmt 56-199] Attempt to get parsing info during refresh. "On-the-fly" syntax checking information may be incorrect. [Z:\DAT096\DAT096-Qian\Embedded-System-Project-DAT096-Qians-branch\Board_1\Board_1\Board_2.srcs\sources_1\new\adc_bit_decoder.vhd:]
WARNING: [filemgmt 56-199] Attempt to get parsing info during refresh. "On-the-fly" syntax checking information may be incorrect. [Z:\DAT096\DAT096-Qian\Embedded-System-Project-DAT096-Qians-branch\Board_1\Board_1\Board_2.srcs\sources_1\new\adc_bit_decoder.vhd:]
WARNING: [filemgmt 56-199] Attempt to get parsing info during refresh. "On-the-fly" syntax checking information may be incorrect. [Z:\DAT096\DAT096-Qian\Embedded-System-Project-DAT096-Qians-branch\Board_1\Board_1\Board_2.srcs\sources_1\new\bit to dac converter.vhd:]
WARNING: [filemgmt 56-199] Attempt to get parsing info during refresh. "On-the-fly" syntax checking information may be incorrect. [Z:\DAT096\DAT096-Qian\Embedded-System-Project-DAT096-Qians-branch\Board_1\Board_1\Board_2.srcs\sources_1\new\adc_bit_decoder.vhd:]
WARNING: [filemgmt 56-199] Attempt to get parsing info during refresh. "On-the-fly" syntax checking information may be incorrect. [Z:\DAT096\DAT096-Qian\Embedded-System-Project-DAT096-Qians-branch\Board_1\Board_1\Board_2.srcs\sources_1\new\prbs_axis_master_32.vhd:]
WARNING: [filemgmt 56-199] Attempt to get parsing info during refresh. "On-the-fly" syntax checking information may be incorrect. [Z:\DAT096\DAT096-Qian\Embedded-System-Project-DAT096-Qians-branch\Board_1\Board_1\Board_2.srcs\sources_1\new\u_gen.vhd:]
WARNING: [filemgmt 56-199] Attempt to get parsing info during refresh. "On-the-fly" syntax checking information may be incorrect. [Z:\DAT096\DAT096-Qian\Embedded-System-Project-DAT096-Qians-branch\Board_1\Board_1\Board_2.srcs\sources_1\new\u_gen.vhd:]
WARNING: [filemgmt 56-199] Attempt to get parsing info during refresh. "On-the-fly" syntax checking information may be incorrect. [Z:\DAT096\DAT096-Qian\Embedded-System-Project-DAT096-Qians-branch\Board_1\Board_1\Board_2.srcs\sources_1\new\u_gen.vhd:]
ERROR: [Common 17-180] Spawn failed: No error
WARNING: [filemgmt 56-199] Attempt to get parsing info during refresh. "On-the-fly" syntax checking information may be incorrect. [Z:\DAT096\DAT096-Qian\Embedded-System-Project-DAT096-Qians-branch\Board_1\Board_1\Board_2.srcs\sources_1\new\bit to dac converter.vhd:]
ERROR: [Common 17-180] Spawn failed: No error
WARNING: [filemgmt 56-199] Attempt to get parsing info during refresh. "On-the-fly" syntax checking information may be incorrect. [Z:\DAT096\DAT096-Qian\Embedded-System-Project-DAT096-Qians-branch\Board_1\Board_1\Board_2.srcs\sources_1\new\adc_bit_decoder.vhd:]
WARNING: [filemgmt 56-199] Attempt to get parsing info during refresh. "On-the-fly" syntax checking information may be incorrect. [Z:\DAT096\DAT096-Qian\Embedded-System-Project-DAT096-Qians-branch\Board_1\Board_1\Board_2.srcs\sources_1\new\prbs_axis_master_32.vhd:]
WARNING: [filemgmt 56-199] Attempt to get parsing info during refresh. "On-the-fly" syntax checking information may be incorrect. [Z:\DAT096\DAT096-Qian\Embedded-System-Project-DAT096-Qians-branch\Board_1\Board_1\Board_2.srcs\sources_1\new\u_gen.vhd:]
WARNING: [filemgmt 56-199] Attempt to get parsing info during refresh. "On-the-fly" syntax checking information may be incorrect. [Z:\DAT096\DAT096-Qian\Embedded-System-Project-DAT096-Qians-branch\Board_1\Board_1\Board_2.srcs\sources_1\new\bit to dac converter.vhd:]
WARNING: [filemgmt 56-199] Attempt to get parsing info during refresh. "On-the-fly" syntax checking information may be incorrect. [Z:\DAT096\DAT096-Qian\Embedded-System-Project-DAT096-Qians-branch\Board_1\Board_1\Board_2.srcs\sources_1\new\adc_bit_decoder.vhd:]
WARNING: [filemgmt 56-199] Attempt to get parsing info during refresh. "On-the-fly" syntax checking information may be incorrect. [Z:\DAT096\DAT096-Qian\Embedded-System-Project-DAT096-Qians-branch\Board_1\Board_1\Board_2.srcs\sources_1\new\prbs_axis_master_32.vhd:]
WARNING: [filemgmt 56-199] Attempt to get parsing info during refresh. "On-the-fly" syntax checking information may be incorrect. [Z:\DAT096\DAT096-Qian\Embedded-System-Project-DAT096-Qians-branch\Board_1\Board_1\Board_2.srcs\sources_1\new\u_gen.vhd:]
WARNING: [filemgmt 56-199] Attempt to get parsing info during refresh. "On-the-fly" syntax checking information may be incorrect. [Z:\DAT096\DAT096-Qian\Embedded-System-Project-DAT096-Qians-branch\Board_1\Board_1\Board_2.srcs\sources_1\new\adc_bit_decoder.vhd:]
WARNING: [filemgmt 56-199] Attempt to get parsing info during refresh. "On-the-fly" syntax checking information may be incorrect. [Z:\DAT096\DAT096-Qian\Embedded-System-Project-DAT096-Qians-branch\Board_1\Board_1\Board_2.srcs\sources_1\new\adc_bit_decoder.vhd:]
WARNING: [filemgmt 56-199] Attempt to get parsing info during refresh. "On-the-fly" syntax checking information may be incorrect. [Z:\DAT096\DAT096-Qian\Embedded-System-Project-DAT096-Qians-branch\Board_1\Board_1\Board_2.srcs\sources_1\new\bit to dac converter.vhd:]
WARNING: [filemgmt 56-199] Attempt to get parsing info during refresh. "On-the-fly" syntax checking information may be incorrect. [Z:\DAT096\DAT096-Qian\Embedded-System-Project-DAT096-Qians-branch\Board_1\Board_1\Board_2.srcs\sources_1\new\adc_bit_decoder.vhd:]
WARNING: [filemgmt 56-199] Attempt to get parsing info during refresh. "On-the-fly" syntax checking information may be incorrect. [Z:\DAT096\DAT096-Qian\Embedded-System-Project-DAT096-Qians-branch\Board_1\Board_1\Board_2.srcs\sources_1\new\prbs_axis_master_32.vhd:]
WARNING: [filemgmt 56-199] Attempt to get parsing info during refresh. "On-the-fly" syntax checking information may be incorrect. [Z:\DAT096\DAT096-Qian\Embedded-System-Project-DAT096-Qians-branch\Board_1\Board_1\Board_2.srcs\sources_1\new\u_gen.vhd:]
WARNING: [filemgmt 56-199] Attempt to get parsing info during refresh. "On-the-fly" syntax checking information may be incorrect. [Z:\DAT096\DAT096-Qian\Embedded-System-Project-DAT096-Qians-branch\Board_1\Board_1\Board_2.srcs\sources_1\new\u_gen.vhd:]
WARNING: [filemgmt 56-199] Attempt to get parsing info during refresh. "On-the-fly" syntax checking information may be incorrect. [Z:\DAT096\DAT096-Qian\Embedded-System-Project-DAT096-Qians-branch\Board_1\Board_1\Board_2.srcs\sources_1\new\u_gen.vhd:]
ERROR: [Common 17-180] Spawn failed: No error
ERROR: [Common 17-180] Spawn failed: No error
WARNING: [filemgmt 56-199] Attempt to get parsing info during refresh. "On-the-fly" syntax checking information may be incorrect. [Z:\DAT096\DAT096-Qian\Embedded-System-Project-DAT096-Qians-branch\Board_1\Board_1\Board_2.srcs\sources_1\new\bit to dac converter.vhd:]
WARNING: [filemgmt 56-199] Attempt to get parsing info during refresh. "On-the-fly" syntax checking information may be incorrect. [Z:\DAT096\DAT096-Qian\Embedded-System-Project-DAT096-Qians-branch\Board_1\Board_1\Board_2.srcs\sources_1\new\adc_bit_decoder.vhd:]
reset_run synth_1
INFO: [Project 1-1161] Replacing file Z:/DAT096/DAT096-Qian/Embedded-System-Project-DAT096-Qians-branch/Board_1/Board_1/Board_2.srcs/utils_1/imports/synth_1/design_2_wrapper.dcp with file Z:/DAT096/DAT096-Qian/Embedded-System-Project-DAT096-Qians-branch/Board_1/Board_1/Board_2.runs/synth_1/design_2_wrapper.dcp
WARNING: [Vivado 12-1017] Problems encountered:
1. Failed to delete one or more files in run directory Z:/DAT096/DAT096-Qian/Embedded-System-Project-DAT096-Qians-branch/Board_1/Board_1/Board_2.runs/synth_1

launch_runs impl_1 -to_step write_bitstream -jobs 28
WARNING: [filemgmt 56-199] Attempt to get parsing info during refresh. "On-the-fly" syntax checking information may be incorrect. [Z:\DAT096\DAT096-Qian\Embedded-System-Project-DAT096-Qians-branch\Board_1\Board_1\Board_2.srcs\sources_1\new\bit to dac converter.vhd:]
WARNING: [filemgmt 56-199] Attempt to get parsing info during refresh. "On-the-fly" syntax checking information may be incorrect. [Z:\DAT096\DAT096-Qian\Embedded-System-Project-DAT096-Qians-branch\Board_1\Board_1\Board_2.srcs\sources_1\new\adc_bit_decoder.vhd:]
WARNING: [filemgmt 56-199] Attempt to get parsing info during refresh. "On-the-fly" syntax checking information may be incorrect. [Z:\DAT096\DAT096-Qian\Embedded-System-Project-DAT096-Qians-branch\Board_1\Board_1\Board_2.srcs\sources_1\new\prbs_axis_master_32.vhd:]
WARNING: [filemgmt 56-199] Attempt to get parsing info during refresh. "On-the-fly" syntax checking information may be incorrect. [Z:\DAT096\DAT096-Qian\Embedded-System-Project-DAT096-Qians-branch\Board_1\Board_1\Board_2.srcs\sources_1\new\u_gen.vhd:]
WARNING: [filemgmt 56-199] Attempt to get parsing info during refresh. "On-the-fly" syntax checking information may be incorrect. [Z:\DAT096\DAT096-Qian\Embedded-System-Project-DAT096-Qians-branch\Board_1\Board_1\Board_2.srcs\sources_1\new\adc_bit_decoder.vhd:]
WARNING: [filemgmt 56-199] Attempt to get parsing info during refresh. "On-the-fly" syntax checking information may be incorrect. [Z:\DAT096\DAT096-Qian\Embedded-System-Project-DAT096-Qians-branch\Board_1\Board_1\Board_2.srcs\sources_1\new\adc_bit_decoder.vhd:]
WARNING: [filemgmt 56-199] Attempt to get parsing info during refresh. "On-the-fly" syntax checking information may be incorrect. [Z:\DAT096\DAT096-Qian\Embedded-System-Project-DAT096-Qians-branch\Board_1\Board_1\Board_2.srcs\sources_1\new\bit to dac converter.vhd:]
WARNING: [filemgmt 56-199] Attempt to get parsing info during refresh. "On-the-fly" syntax checking information may be incorrect. [Z:\DAT096\DAT096-Qian\Embedded-System-Project-DAT096-Qians-branch\Board_1\Board_1\Board_2.srcs\sources_1\new\adc_bit_decoder.vhd:]
WARNING: [filemgmt 56-199] Attempt to get parsing info during refresh. "On-the-fly" syntax checking information may be incorrect. [Z:\DAT096\DAT096-Qian\Embedded-System-Project-DAT096-Qians-branch\Board_1\Board_1\Board_2.srcs\sources_1\new\prbs_axis_master_32.vhd:]
WARNING: [filemgmt 56-199] Attempt to get parsing info during refresh. "On-the-fly" syntax checking information may be incorrect. [Z:\DAT096\DAT096-Qian\Embedded-System-Project-DAT096-Qians-branch\Board_1\Board_1\Board_2.srcs\sources_1\new\u_gen.vhd:]
WARNING: [filemgmt 56-199] Attempt to get parsing info during refresh. "On-the-fly" syntax checking information may be incorrect. [Z:\DAT096\DAT096-Qian\Embedded-System-Project-DAT096-Qians-branch\Board_1\Board_1\Board_2.srcs\sources_1\new\u_gen.vhd:]
WARNING: [filemgmt 56-199] Attempt to get parsing info during refresh. "On-the-fly" syntax checking information may be incorrect. [Z:\DAT096\DAT096-Qian\Embedded-System-Project-DAT096-Qians-branch\Board_1\Board_1\Board_2.srcs\sources_1\new\u_gen.vhd:]
ERROR: [Common 17-180] Spawn failed: No error
ERROR: [Common 17-180] Spawn failed: No error
WARNING: [filemgmt 56-199] Attempt to get parsing info during refresh. "On-the-fly" syntax checking information may be incorrect. [Z:\DAT096\DAT096-Qian\Embedded-System-Project-DAT096-Qians-branch\Board_1\Board_1\Board_2.srcs\sources_1\new\bit to dac converter.vhd:]
[Tue May 19 11:39:12 2026] Launched synth_1...
Run output will be captured here: Z:/DAT096/DAT096-Qian/Embedded-System-Project-DAT096-Qians-branch/Board_1/Board_1/Board_2.runs/synth_1/runme.log
[Tue May 19 11:39:12 2026] Launched impl_1...
Run output will be captured here: Z:/DAT096/DAT096-Qian/Embedded-System-Project-DAT096-Qians-branch/Board_1/Board_1/Board_2.runs/impl_1/runme.log
ERROR: [Common 17-39] 'launch_runs' failed due to earlier errors.
set_property PROBES.FILE {Z:/DAT096/DAT096-Qian/Embedded-System-Project-DAT096-Qians-branch/Board_1/Board_1/Board_2.runs/impl_1/design_2_wrapper.ltx} [get_hw_devices xc7z020_1]
set_property FULL_PROBES.FILE {Z:/DAT096/DAT096-Qian/Embedded-System-Project-DAT096-Qians-branch/Board_1/Board_1/Board_2.runs/impl_1/design_2_wrapper.ltx} [get_hw_devices xc7z020_1]
set_property PROGRAM.FILE {Z:/DAT096/DAT096-Qian/Embedded-System-Project-DAT096-Qians-branch/Board_1/Board_1/Board_2.runs/impl_1/design_2_wrapper.bit} [get_hw_devices xc7z020_1]
program_hw_devices [get_hw_devices xc7z020_1]
INFO: [Labtools 27-3164] End of startup status: HIGH
refresh_hw_device [lindex [get_hw_devices xc7z020_1] 0]
INFO: [Labtools 27-2302] Device xc7z020 (JTAG device index = 1) is programmed with a design that has 1 ILA core(s).
run_hw_ila [get_hw_ilas -of_objects [get_hw_devices xc7z020_1] -filter {CELL_NAME=~"design_2_i/ila_0"}]
INFO: [Labtools 27-1964] The ILA core 'hw_ila_1' trigger was armed at 2026-May-19 11:43:10
wait_on_hw_ila [get_hw_ilas -of_objects [get_hw_devices xc7z020_1] -filter {CELL_NAME=~"design_2_i/ila_0"}]
display_hw_ila_data [upload_hw_ila_data [get_hw_ilas -of_objects [get_hw_devices xc7z020_1] -filter {CELL_NAME=~"design_2_i/ila_0"}]]
INFO: [Labtools 27-1966] The ILA core 'hw_ila_1' triggered at 2026-May-19 11:43:10
INFO: [Labtools 27-3304] ILA Waveform data saved to file Z:/DAT096/DAT096-Qian/Embedded-System-Project-DAT096-Qians-branch/Board_1/Board_1/Board_2.hw/backup/hw_ila_data_1.ila. Use Tcl command 'read_hw_ila_data' or Vivado File->Import->Import ILA Data menu item to import the previously saved data.
run_hw_ila [get_hw_ilas -of_objects [get_hw_devices xc7z020_1] -filter {CELL_NAME=~"design_2_i/ila_0"}]
INFO: [Labtools 27-1964] The ILA core 'hw_ila_1' trigger was armed at 2026-May-19 11:50:06
wait_on_hw_ila [get_hw_ilas -of_objects [get_hw_devices xc7z020_1] -filter {CELL_NAME=~"design_2_i/ila_0"}]
display_hw_ila_data [upload_hw_ila_data [get_hw_ilas -of_objects [get_hw_devices xc7z020_1] -filter {CELL_NAME=~"design_2_i/ila_0"}]]
INFO: [Labtools 27-1966] The ILA core 'hw_ila_1' triggered at 2026-May-19 11:50:06
INFO: [Labtools 27-3304] ILA Waveform data saved to file Z:/DAT096/DAT096-Qian/Embedded-System-Project-DAT096-Qians-branch/Board_1/Board_1/Board_2.hw/backup/hw_ila_data_1.ila. Use Tcl command 'read_hw_ila_data' or Vivado File->Import->Import ILA Data menu item to import the previously saved data.
run_hw_ila [get_hw_ilas -of_objects [get_hw_devices xc7z020_1] -filter {CELL_NAME=~"design_2_i/ila_0"}]
INFO: [Labtools 27-1964] The ILA core 'hw_ila_1' trigger was armed at 2026-May-19 11:50:38
wait_on_hw_ila [get_hw_ilas -of_objects [get_hw_devices xc7z020_1] -filter {CELL_NAME=~"design_2_i/ila_0"}]
display_hw_ila_data [upload_hw_ila_data [get_hw_ilas -of_objects [get_hw_devices xc7z020_1] -filter {CELL_NAME=~"design_2_i/ila_0"}]]
INFO: [Labtools 27-1966] The ILA core 'hw_ila_1' triggered at 2026-May-19 11:50:38
INFO: [Labtools 27-3304] ILA Waveform data saved to file Z:/DAT096/DAT096-Qian/Embedded-System-Project-DAT096-Qians-branch/Board_1/Board_1/Board_2.hw/backup/hw_ila_data_1.ila. Use Tcl command 'read_hw_ila_data' or Vivado File->Import->Import ILA Data menu item to import the previously saved data.
open_bd_design {Z:/DAT096/DAT096-Qian/Embedded-System-Project-DAT096-Qians-branch/Board_1/Board_1/Board_2.srcs/sources_1/bd/design_2/design_2.bd}
open_bd_design {Z:/DAT096/DAT096-Qian/Embedded-System-Project-DAT096-Qians-branch/Board_1/Board_1/Board_2.srcs/sources_1/bd/design_2/design_2.bd}
open_bd_design {Z:/DAT096/DAT096-Qian/Embedded-System-Project-DAT096-Qians-branch/Board_1/Board_1/Board_2.srcs/sources_1/bd/design_2/design_2.bd}
delete_bd_objs [get_bd_nets delay_measure_0_start] [get_bd_nets delay_measure_0_delay_cycles] [get_bd_cells delay_measure_0]
WARNING: [filemgmt 56-199] Attempt to get parsing info during refresh. "On-the-fly" syntax checking information may be incorrect. [Z:\DAT096\DAT096-Qian\Embedded-System-Project-DAT096-Qians-branch\Board_1\Board_1\Board_2.srcs\sources_1\new\bit to dac converter.vhd:]
WARNING: [filemgmt 56-199] Attempt to get parsing info during refresh. "On-the-fly" syntax checking information may be incorrect. [Z:\DAT096\DAT096-Qian\Embedded-System-Project-DAT096-Qians-branch\Board_1\Board_1\Board_2.srcs\sources_1\new\adc_bit_decoder.vhd:]
WARNING: [filemgmt 56-199] Attempt to get parsing info during refresh. "On-the-fly" syntax checking information may be incorrect. [Z:\DAT096\DAT096-Qian\Embedded-System-Project-DAT096-Qians-branch\Board_1\Board_1\Board_2.srcs\sources_1\new\prbs_axis_master_32.vhd:]
WARNING: [filemgmt 56-199] Attempt to get parsing info during refresh. "On-the-fly" syntax checking information may be incorrect. [Z:\DAT096\DAT096-Qian\Embedded-System-Project-DAT096-Qians-branch\Board_1\Board_1\Board_2.srcs\sources_1\new\u_gen.vhd:]
WARNING: [filemgmt 56-199] Attempt to get parsing info during refresh. "On-the-fly" syntax checking information may be incorrect. [Z:\DAT096\DAT096-Qian\Embedded-System-Project-DAT096-Qians-branch\Board_1\Board_1\Board_2.srcs\sources_1\new\adc_bit_decoder.vhd:]
WARNING: [filemgmt 56-199] Attempt to get parsing info during refresh. "On-the-fly" syntax checking information may be incorrect. [Z:\DAT096\DAT096-Qian\Embedded-System-Project-DAT096-Qians-branch\Board_1\Board_1\Board_2.srcs\sources_1\new\adc_bit_decoder.vhd:]
WARNING: [filemgmt 56-199] Attempt to get parsing info during refresh. "On-the-fly" syntax checking information may be incorrect. [Z:\DAT096\DAT096-Qian\Embedded-System-Project-DAT096-Qians-branch\Board_1\Board_1\Board_2.srcs\sources_1\new\bit to dac converter.vhd:]
WARNING: [filemgmt 56-199] Attempt to get parsing info during refresh. "On-the-fly" syntax checking information may be incorrect. [Z:\DAT096\DAT096-Qian\Embedded-System-Project-DAT096-Qians-branch\Board_1\Board_1\Board_2.srcs\sources_1\new\adc_bit_decoder.vhd:]
WARNING: [filemgmt 56-199] Attempt to get parsing info during refresh. "On-the-fly" syntax checking information may be incorrect. [Z:\DAT096\DAT096-Qian\Embedded-System-Project-DAT096-Qians-branch\Board_1\Board_1\Board_2.srcs\sources_1\new\prbs_axis_master_32.vhd:]
WARNING: [filemgmt 56-199] Attempt to get parsing info during refresh. "On-the-fly" syntax checking information may be incorrect. [Z:\DAT096\DAT096-Qian\Embedded-System-Project-DAT096-Qians-branch\Board_1\Board_1\Board_2.srcs\sources_1\new\u_gen.vhd:]
WARNING: [filemgmt 56-199] Attempt to get parsing info during refresh. "On-the-fly" syntax checking information may be incorrect. [Z:\DAT096\DAT096-Qian\Embedded-System-Project-DAT096-Qians-branch\Board_1\Board_1\Board_2.srcs\sources_1\new\u_gen.vhd:]
WARNING: [filemgmt 56-199] Attempt to get parsing info during refresh. "On-the-fly" syntax checking information may be incorrect. [Z:\DAT096\DAT096-Qian\Embedded-System-Project-DAT096-Qians-branch\Board_1\Board_1\Board_2.srcs\sources_1\new\u_gen.vhd:]
ERROR: [Common 17-180] Spawn failed: No error
ERROR: [Common 17-180] Spawn failed: No error
WARNING: [filemgmt 56-199] Attempt to get parsing info during refresh. "On-the-fly" syntax checking information may be incorrect. [Z:\DAT096\DAT096-Qian\Embedded-System-Project-DAT096-Qians-branch\Board_1\Board_1\Board_2.srcs\sources_1\new\bit to dac converter.vhd:]
WARNING: [filemgmt 56-199] Attempt to get parsing info during refresh. "On-the-fly" syntax checking information may be incorrect. [Z:\DAT096\DAT096-Qian\Embedded-System-Project-DAT096-Qians-branch\Board_1\Board_1\Board_2.srcs\sources_1\new\adc_bit_decoder.vhd:]
delete_bd_objs [get_bd_nets pilot_tx_rx_0_tx_start] [get_bd_nets pilot_tx_rx_0_match] [get_bd_cells pilot_tx_rx_0]
WARNING: [filemgmt 56-199] Attempt to get parsing info during refresh. "On-the-fly" syntax checking information may be incorrect. [Z:\DAT096\DAT096-Qian\Embedded-System-Project-DAT096-Qians-branch\Board_1\Board_1\Board_2.srcs\sources_1\new\bit to dac converter.vhd:]
WARNING: [filemgmt 56-199] Attempt to get parsing info during refresh. "On-the-fly" syntax checking information may be incorrect. [Z:\DAT096\DAT096-Qian\Embedded-System-Project-DAT096-Qians-branch\Board_1\Board_1\Board_2.srcs\sources_1\new\adc_bit_decoder.vhd:]
WARNING: [filemgmt 56-199] Attempt to get parsing info during refresh. "On-the-fly" syntax checking information may be incorrect. [Z:\DAT096\DAT096-Qian\Embedded-System-Project-DAT096-Qians-branch\Board_1\Board_1\Board_2.srcs\sources_1\new\prbs_axis_master_32.vhd:]
WARNING: [filemgmt 56-199] Attempt to get parsing info during refresh. "On-the-fly" syntax checking information may be incorrect. [Z:\DAT096\DAT096-Qian\Embedded-System-Project-DAT096-Qians-branch\Board_1\Board_1\Board_2.srcs\sources_1\new\u_gen.vhd:]
WARNING: [filemgmt 56-199] Attempt to get parsing info during refresh. "On-the-fly" syntax checking information may be incorrect. [Z:\DAT096\DAT096-Qian\Embedded-System-Project-DAT096-Qians-branch\Board_1\Board_1\Board_2.srcs\sources_1\new\adc_bit_decoder.vhd:]
WARNING: [filemgmt 56-199] Attempt to get parsing info during refresh. "On-the-fly" syntax checking information may be incorrect. [Z:\DAT096\DAT096-Qian\Embedded-System-Project-DAT096-Qians-branch\Board_1\Board_1\Board_2.srcs\sources_1\new\adc_bit_decoder.vhd:]
WARNING: [filemgmt 56-199] Attempt to get parsing info during refresh. "On-the-fly" syntax checking information may be incorrect. [Z:\DAT096\DAT096-Qian\Embedded-System-Project-DAT096-Qians-branch\Board_1\Board_1\Board_2.srcs\sources_1\new\bit to dac converter.vhd:]
WARNING: [filemgmt 56-199] Attempt to get parsing info during refresh. "On-the-fly" syntax checking information may be incorrect. [Z:\DAT096\DAT096-Qian\Embedded-System-Project-DAT096-Qians-branch\Board_1\Board_1\Board_2.srcs\sources_1\new\adc_bit_decoder.vhd:]
WARNING: [filemgmt 56-199] Attempt to get parsing info during refresh. "On-the-fly" syntax checking information may be incorrect. [Z:\DAT096\DAT096-Qian\Embedded-System-Project-DAT096-Qians-branch\Board_1\Board_1\Board_2.srcs\sources_1\new\prbs_axis_master_32.vhd:]
WARNING: [filemgmt 56-199] Attempt to get parsing info during refresh. "On-the-fly" syntax checking information may be incorrect. [Z:\DAT096\DAT096-Qian\Embedded-System-Project-DAT096-Qians-branch\Board_1\Board_1\Board_2.srcs\sources_1\new\u_gen.vhd:]
WARNING: [filemgmt 56-199] Attempt to get parsing info during refresh. "On-the-fly" syntax checking information may be incorrect. [Z:\DAT096\DAT096-Qian\Embedded-System-Project-DAT096-Qians-branch\Board_1\Board_1\Board_2.srcs\sources_1\new\u_gen.vhd:]
WARNING: [filemgmt 56-199] Attempt to get parsing info during refresh. "On-the-fly" syntax checking information may be incorrect. [Z:\DAT096\DAT096-Qian\Embedded-System-Project-DAT096-Qians-branch\Board_1\Board_1\Board_2.srcs\sources_1\new\u_gen.vhd:]
ERROR: [Common 17-180] Spawn failed: No error
ERROR: [Common 17-180] Spawn failed: No error
WARNING: [filemgmt 56-199] Attempt to get parsing info during refresh. "On-the-fly" syntax checking information may be incorrect. [Z:\DAT096\DAT096-Qian\Embedded-System-Project-DAT096-Qians-branch\Board_1\Board_1\Board_2.srcs\sources_1\new\bit to dac converter.vhd:]
delete_bd_objs [get_bd_intf_nets bit_to_dac14_axi_0_m_axis] [get_bd_nets proc_sys_reset_0_peripheral_aresetn] [get_bd_nets pilot_tx_rx_0_tx_bit] [get_bd_cells bit_to_dac14_axi_0]
WARNING: [filemgmt 56-199] Attempt to get parsing info during refresh. "On-the-fly" syntax checking information may be incorrect. [Z:\DAT096\DAT096-Qian\Embedded-System-Project-DAT096-Qians-branch\Board_1\Board_1\Board_2.srcs\sources_1\new\bit to dac converter.vhd:]
WARNING: [filemgmt 56-199] Attempt to get parsing info during refresh. "On-the-fly" syntax checking information may be incorrect. [Z:\DAT096\DAT096-Qian\Embedded-System-Project-DAT096-Qians-branch\Board_1\Board_1\Board_2.srcs\sources_1\new\adc_bit_decoder.vhd:]
WARNING: [filemgmt 56-199] Attempt to get parsing info during refresh. "On-the-fly" syntax checking information may be incorrect. [Z:\DAT096\DAT096-Qian\Embedded-System-Project-DAT096-Qians-branch\Board_1\Board_1\Board_2.srcs\sources_1\new\prbs_axis_master_32.vhd:]
WARNING: [filemgmt 56-199] Attempt to get parsing info during refresh. "On-the-fly" syntax checking information may be incorrect. [Z:\DAT096\DAT096-Qian\Embedded-System-Project-DAT096-Qians-branch\Board_1\Board_1\Board_2.srcs\sources_1\new\u_gen.vhd:]
WARNING: [filemgmt 56-199] Attempt to get parsing info during refresh. "On-the-fly" syntax checking information may be incorrect. [Z:\DAT096\DAT096-Qian\Embedded-System-Project-DAT096-Qians-branch\Board_1\Board_1\Board_2.srcs\sources_1\new\u_gen.vhd:]
WARNING: [filemgmt 56-199] Attempt to get parsing info during refresh. "On-the-fly" syntax checking information may be incorrect. [Z:\DAT096\DAT096-Qian\Embedded-System-Project-DAT096-Qians-branch\Board_1\Board_1\Board_2.srcs\sources_1\new\u_gen.vhd:]
WARNING: [filemgmt 56-199] Attempt to get parsing info during refresh. "On-the-fly" syntax checking information may be incorrect. [Z:\DAT096\DAT096-Qian\Embedded-System-Project-DAT096-Qians-branch\Board_1\Board_1\Board_2.srcs\sources_1\new\bit to dac converter.vhd:]
WARNING: [filemgmt 56-199] Attempt to get parsing info during refresh. "On-the-fly" syntax checking information may be incorrect. [Z:\DAT096\DAT096-Qian\Embedded-System-Project-DAT096-Qians-branch\Board_1\Board_1\Board_2.srcs\sources_1\new\adc_bit_decoder.vhd:]
WARNING: [filemgmt 56-199] Attempt to get parsing info during refresh. "On-the-fly" syntax checking information may be incorrect. [Z:\DAT096\DAT096-Qian\Embedded-System-Project-DAT096-Qians-branch\Board_1\Board_1\Board_2.srcs\sources_1\new\prbs_axis_master_32.vhd:]
WARNING: [filemgmt 56-199] Attempt to get parsing info during refresh. "On-the-fly" syntax checking information may be incorrect. [Z:\DAT096\DAT096-Qian\Embedded-System-Project-DAT096-Qians-branch\Board_1\Board_1\Board_2.srcs\sources_1\new\u_gen.vhd:]
WARNING: [filemgmt 56-199] Attempt to get parsing info during refresh. "On-the-fly" syntax checking information may be incorrect. [Z:\DAT096\DAT096-Qian\Embedded-System-Project-DAT096-Qians-branch\Board_1\Board_1\Board_2.srcs\sources_1\new\adc_bit_decoder.vhd:]
WARNING: [filemgmt 56-199] Attempt to get parsing info during refresh. "On-the-fly" syntax checking information may be incorrect. [Z:\DAT096\DAT096-Qian\Embedded-System-Project-DAT096-Qians-branch\Board_1\Board_1\Board_2.srcs\sources_1\new\adc_bit_decoder.vhd:]
ERROR: [Common 17-180] Spawn failed: No error
ERROR: [Common 17-180] Spawn failed: No error
update_compile_order -fileset sources_1
WARNING: [filemgmt 56-199] Attempt to get parsing info during refresh. "On-the-fly" syntax checking information may be incorrect. [Z:\DAT096\DAT096-Qian\Embedded-System-Project-DAT096-Qians-branch\Board_1\Board_1\Board_2.srcs\sources_1\new\bit to dac converter.vhd:]
WARNING: [filemgmt 56-199] Attempt to get parsing info during refresh. "On-the-fly" syntax checking information may be incorrect. [Z:\DAT096\DAT096-Qian\Embedded-System-Project-DAT096-Qians-branch\Board_1\Board_1\Board_2.srcs\sources_1\new\adc_bit_decoder.vhd:]
WARNING: [filemgmt 56-199] Attempt to get parsing info during refresh. "On-the-fly" syntax checking information may be incorrect. [Z:\DAT096\DAT096-Qian\Embedded-System-Project-DAT096-Qians-branch\Board_1\Board_1\Board_2.srcs\sources_1\new\prbs_axis_master_32.vhd:]
WARNING: [filemgmt 56-199] Attempt to get parsing info during refresh. "On-the-fly" syntax checking information may be incorrect. [Z:\DAT096\DAT096-Qian\Embedded-System-Project-DAT096-Qians-branch\Board_1\Board_1\Board_2.srcs\sources_1\new\u_gen.vhd:]
WARNING: [filemgmt 56-199] Attempt to get parsing info during refresh. "On-the-fly" syntax checking information may be incorrect. [Z:\DAT096\DAT096-Qian\Embedded-System-Project-DAT096-Qians-branch\Board_1\Board_1\Board_2.srcs\sources_1\new\adc_bit_decoder.vhd:]
WARNING: [filemgmt 56-199] Attempt to get parsing info during refresh. "On-the-fly" syntax checking information may be incorrect. [Z:\DAT096\DAT096-Qian\Embedded-System-Project-DAT096-Qians-branch\Board_1\Board_1\Board_2.srcs\sources_1\new\adc_bit_decoder.vhd:]
WARNING: [filemgmt 56-199] Attempt to get parsing info during refresh. "On-the-fly" syntax checking information may be incorrect. [Z:\DAT096\DAT096-Qian\Embedded-System-Project-DAT096-Qians-branch\Board_1\Board_1\Board_2.srcs\sources_1\new\bit to dac converter.vhd:]
WARNING: [filemgmt 56-199] Attempt to get parsing info during refresh. "On-the-fly" syntax checking information may be incorrect. [Z:\DAT096\DAT096-Qian\Embedded-System-Project-DAT096-Qians-branch\Board_1\Board_1\Board_2.srcs\sources_1\new\adc_bit_decoder.vhd:]
WARNING: [filemgmt 56-199] Attempt to get parsing info during refresh. "On-the-fly" syntax checking information may be incorrect. [Z:\DAT096\DAT096-Qian\Embedded-System-Project-DAT096-Qians-branch\Board_1\Board_1\Board_2.srcs\sources_1\new\prbs_axis_master_32.vhd:]
WARNING: [filemgmt 56-199] Attempt to get parsing info during refresh. "On-the-fly" syntax checking information may be incorrect. [Z:\DAT096\DAT096-Qian\Embedded-System-Project-DAT096-Qians-branch\Board_1\Board_1\Board_2.srcs\sources_1\new\u_gen.vhd:]
WARNING: [filemgmt 56-199] Attempt to get parsing info during refresh. "On-the-fly" syntax checking information may be incorrect. [Z:\DAT096\DAT096-Qian\Embedded-System-Project-DAT096-Qians-branch\Board_1\Board_1\Board_2.srcs\sources_1\new\prbs_axis_master_32.vhd:]
WARNING: [filemgmt 56-199] Attempt to get parsing info during refresh. "On-the-fly" syntax checking information may be incorrect. [Z:\DAT096\DAT096-Qian\Embedded-System-Project-DAT096-Qians-branch\Board_1\Board_1\Board_2.srcs\sources_1\new\prbs_axis_master_32.vhd:]
ERROR: [Common 17-180] Spawn failed: No error
WARNING: [filemgmt 56-199] Attempt to get parsing info during refresh. "On-the-fly" syntax checking information may be incorrect. [Z:\DAT096\DAT096-Qian\Embedded-System-Project-DAT096-Qians-branch\Board_1\Board_1\Board_2.srcs\sources_1\new\bit to dac converter.vhd:]
WARNING: [filemgmt 56-199] Attempt to get parsing info during refresh. "On-the-fly" syntax checking information may be incorrect. [Z:\DAT096\DAT096-Qian\Embedded-System-Project-DAT096-Qians-branch\Board_1\Board_1\Board_2.srcs\sources_1\new\adc_bit_decoder.vhd:]
WARNING: [filemgmt 56-199] Attempt to get parsing info during refresh. "On-the-fly" syntax checking information may be incorrect. [Z:\DAT096\DAT096-Qian\Embedded-System-Project-DAT096-Qians-branch\Board_1\Board_1\Board_2.srcs\sources_1\new\prbs_axis_master_32.vhd:]
WARNING: [filemgmt 56-199] Attempt to get parsing info during refresh. "On-the-fly" syntax checking information may be incorrect. [Z:\DAT096\DAT096-Qian\Embedded-System-Project-DAT096-Qians-branch\Board_1\Board_1\Board_2.srcs\sources_1\new\u_gen.vhd:]
WARNING: [filemgmt 56-199] Attempt to get parsing info during refresh. "On-the-fly" syntax checking information may be incorrect. [Z:\DAT096\DAT096-Qian\Embedded-System-Project-DAT096-Qians-branch\Board_1\Board_1\Board_2.srcs\sources_1\new\bit to dac converter.vhd:]
WARNING: [filemgmt 56-199] Attempt to get parsing info during refresh. "On-the-fly" syntax checking information may be incorrect. [Z:\DAT096\DAT096-Qian\Embedded-System-Project-DAT096-Qians-branch\Board_1\Board_1\Board_2.srcs\sources_1\new\bit to dac converter.vhd:]
ERROR: [Common 17-180] Spawn failed: No error
create_bd_cell -type module -reference prbs_axis_master_32 prbs_axis_master_32_0
INFO: [IP_Flow 19-5107] Inferred bus interface 'm_axis' of definition 'xilinx.com:interface:axis:1.0' (from Xilinx Repository).
INFO: [IP_Flow 19-5107] Inferred bus interface 'rst' of definition 'xilinx.com:signal:reset:1.0' (from Xilinx Repository).
INFO: [IP_Flow 19-5107] Inferred bus interface 'clk' of definition 'xilinx.com:signal:clock:1.0' (from Xilinx Repository).
INFO: [IP_Flow 19-4728] Bus Interface 'clk': Added interface parameter 'ASSOCIATED_BUSIF' with value 'm_axis'.
INFO: [IP_Flow 19-4728] Bus Interface 'clk': Added interface parameter 'ASSOCIATED_RESET' with value 'rst'.
WARNING: [IP_Flow 19-11770] Clock interface 'clk' has no FREQ_HZ parameter.
set_property location {4.5 2754 -214} [get_bd_cells prbs_axis_master_32_0]
create_bd_cell -type module -reference delay_96_cycles delay_96_cycles_0
INFO: [IP_Flow 19-5107] Inferred bus interface 'rst' of definition 'xilinx.com:signal:reset:1.0' (from Xilinx Repository).
INFO: [IP_Flow 19-5107] Inferred bus interface 'clk' of definition 'xilinx.com:signal:clock:1.0' (from Xilinx Repository).
INFO: [IP_Flow 19-4728] Bus Interface 'clk': Added interface parameter 'ASSOCIATED_RESET' with value 'rst'.
WARNING: [IP_Flow 19-5661] Bus Interface 'clk' does not have any bus interfaces associated with it.
WARNING: [IP_Flow 19-11770] Clock interface 'clk' has no FREQ_HZ parameter.
set_property location {4.5 3354 -236} [get_bd_cells delay_96_cycles_0]
create_bd_cell -type module -reference comparator comparator_0
set_property location {4 2756 1} [get_bd_cells comparator_0]
connect_bd_net [get_bd_pins prbs_axis_master_32_0/clk] [get_bd_pins processing_system7_0/FCLK_CLK0]
connect_bd_net [get_bd_pins comparator_0/clk] [get_bd_pins processing_system7_0/FCLK_CLK0]
connect_bd_net [get_bd_pins delay_96_cycles_0/clk] [get_bd_pins processing_system7_0/FCLK_CLK0]
connect_bd_net [get_bd_pins proc_sys_reset_0/peripheral_aresetn] [get_bd_pins prbs_axis_master_32_0/rst]
connect_bd_net [get_bd_pins delay_96_cycles_0/rst] [get_bd_pins proc_sys_reset_0/peripheral_aresetn]
connect_bd_net [get_bd_pins comparator_0/rst] [get_bd_pins proc_sys_reset_0/peripheral_aresetn]
connect_bd_intf_net [get_bd_intf_pins prbs_axis_master_32_0/m_axis] [get_bd_intf_pins ZmodAWGController_0/InputDataStream]
connect_bd_net [get_bd_pins prbs_axis_master_32_0/prbs_bit] [get_bd_pins delay_96_cycles_0/din]
connect_bd_net [get_bd_pins delay_96_cycles_0/dout] [get_bd_pins comparator_0/final_data]
delete_bd_objs [get_bd_nets delay_96_cycles_0_dout]
connect_bd_net [get_bd_pins delay_96_cycles_0/dout] [get_bd_pins comparator_0/initial_data]
connect_bd_net [get_bd_pins comparator_0/final_data] [get_bd_pins adc_bit_decoder_0/bit_out]
startgroup
set_property CONFIG.WIDTH {200} [get_bd_cells delay_96_cycles_0]
endgroup
validate_bd_design
WARNING: [BD 41-2670] Found an incomplete address path from address space '/processing_system7_0/Data' to master interface '/processing_system7_0/M_AXI_GP0'. Please either complete or remove this path to resolve.
WARNING: [BD 5-699] No address segments matched 'get_bd_addr_segs -of_objects /processing_system7_0/Data'
WARNING: [IP_Flow 19-4684] Expected long value for param C_ILA_CLK_FREQ but, float/scientific notation value 5e+07 is provided. The value is converted to long type(50000000)
ERROR: [Common 17-161] Invalid option value '' specified for 'object'.
ERROR: [BD 41-1273] Error running propagate TCL procedure: ERROR: [Common 17-161] Invalid option value '' specified for 'object'.
    ::xilinx.com_ip_ila_6.2::propagate Line 95
INFO: [xilinx.com:ip:clk_wiz:6.0-1] /clk_wiz_0 clk_wiz propagate
ERROR: [Common 17-39] 'validate_bd_design' failed due to earlier errors.
connect_bd_net [get_bd_pins ila_0/probe2] [get_bd_pins delay_96_cycles_0/dout]
WARNING: [IP_Flow 19-4067] Ignoring invalid widget type specified checkbox.Providing a default widget
startgroup
set_property -dict [list \
  CONFIG.C_PROBE4_WIDTH {14} \
  CONFIG.C_PROBE5_WIDTH {14} \
] [get_bd_cells ila_0]
endgroup
disconnect_bd_net /adc_bit_decoder_0_bit_out [get_bd_pins ila_0/probe3]
disconnect_bd_net /delay_96_cycles_0_dout [get_bd_pins ila_0/probe2]
WARNING: [IP_Flow 19-4067] Ignoring invalid widget type specified checkbox.Providing a default widget
startgroup
set_property -dict [list \
  CONFIG.C_PROBE2_WIDTH {1} \
  CONFIG.C_PROBE3_WIDTH {1} \
] [get_bd_cells ila_0]
endgroup
connect_bd_net [get_bd_pins ila_0/probe2] [get_bd_pins delay_96_cycles_0/dout]
connect_bd_net [get_bd_pins ila_0/probe3] [get_bd_pins adc_bit_decoder_0/bit_out]
connect_bd_net [get_bd_pins comparator_0/correct_bits] [get_bd_pins ila_0/probe4]
connect_bd_net [get_bd_pins ila_0/probe5] [get_bd_pins comparator_0/whole_bits]
WARNING: [IP_Flow 19-4067] Ignoring invalid widget type specified checkbox.Providing a default widget
startgroup
set_property CONFIG.C_NUM_OF_PROBES {6} [get_bd_cells ila_0]
endgroup
validate_bd_design
WARNING: [BD 41-2670] Found an incomplete address path from address space '/processing_system7_0/Data' to master interface '/processing_system7_0/M_AXI_GP0'. Please either complete or remove this path to resolve.
WARNING: [BD 5-699] No address segments matched 'get_bd_addr_segs -of_objects /processing_system7_0/Data'
WARNING: [IP_Flow 19-4684] Expected long value for param C_ILA_CLK_FREQ but, float/scientific notation value 5e+07 is provided. The value is converted to long type(50000000)
INFO: [xilinx.com:ip:clk_wiz:6.0-1] /clk_wiz_0 clk_wiz propagate
save_bd_design
Wrote  : <Z:\DAT096\DAT096-Qian\Embedded-System-Project-DAT096-Qians-branch\Board_1\Board_1\Board_2.srcs\sources_1\bd\design_2\design_2.bd> 
Wrote  : <Z:/DAT096/DAT096-Qian/Embedded-System-Project-DAT096-Qians-branch/Board_1/Board_1/Board_2.srcs/sources_1/bd/design_2/ui/bd_1fdbff51.ui> 
update_compile_order -fileset sources_1
generate_target all [get_files  Z:/DAT096/DAT096-Qian/Embedded-System-Project-DAT096-Qians-branch/Board_1/Board_1/Board_2.srcs/sources_1/bd/design_2/design_2.bd]
INFO: [BD 41-1662] The design 'design_2.bd' is already validated. Therefore parameter propagation will not be re-run.
VHDL Output written to : z:/DAT096/DAT096-Qian/Embedded-System-Project-DAT096-Qians-branch/Board_1/Board_1/Board_2.gen/sources_1/bd/design_2/synth/design_2.vhd
VHDL Output written to : z:/DAT096/DAT096-Qian/Embedded-System-Project-DAT096-Qians-branch/Board_1/Board_1/Board_2.gen/sources_1/bd/design_2/sim/design_2.vhd
VHDL Output written to : z:/DAT096/DAT096-Qian/Embedded-System-Project-DAT096-Qians-branch/Board_1/Board_1/Board_2.gen/sources_1/bd/design_2/hdl/design_2_wrapper.vhd
INFO: [IP_Flow 19-234] Refreshing IP repositories
WARNING: [IP_Flow 19-2248] Failed to load user IP repository 'z:/DAT096/vivado-library-master/vivado-library-master'; Can't find the specified path.
If this directory should no longer be in your list of user repositories, go to the IP Settings dialog and remove it.
INFO: [IP_Flow 19-234] Refreshing IP repositories
WARNING: [IP_Flow 19-2248] Failed to load user IP repository 'z:/DAT096/vivado-library-master/vivado-library-master'; Can't find the specified path.
If this directory should no longer be in your list of user repositories, go to the IP Settings dialog and remove it.
WARNING: [filemgmt 56-199] Attempt to get parsing info during refresh. "On-the-fly" syntax checking information may be incorrect. [Z:\DAT096\DAT096-Qian\Embedded-System-Project-DAT096-Qians-branch\Board_1\Board_1\Board_2.srcs\sources_1\new\bit to dac converter.vhd:]
WARNING: [filemgmt 56-199] Attempt to get parsing info during refresh. "On-the-fly" syntax checking information may be incorrect. [Z:\DAT096\DAT096-Qian\Embedded-System-Project-DAT096-Qians-branch\Board_1\Board_1\Board_2.srcs\sources_1\new\adc_bit_decoder.vhd:]
WARNING: [filemgmt 56-199] Attempt to get parsing info during refresh. "On-the-fly" syntax checking information may be incorrect. [Z:\DAT096\DAT096-Qian\Embedded-System-Project-DAT096-Qians-branch\Board_1\Board_1\Board_2.srcs\sources_1\new\prbs_axis_master_32.vhd:]
WARNING: [filemgmt 56-199] Attempt to get parsing info during refresh. "On-the-fly" syntax checking information may be incorrect. [Z:\DAT096\DAT096-Qian\Embedded-System-Project-DAT096-Qians-branch\Board_1\Board_1\Board_2.srcs\sources_1\new\u_gen.vhd:]
WARNING: [filemgmt 56-199] Attempt to get parsing info during refresh. "On-the-fly" syntax checking information may be incorrect. [Z:\DAT096\DAT096-Qian\Embedded-System-Project-DAT096-Qians-branch\Board_1\Board_1\Board_2.srcs\sources_1\new\adc_bit_decoder.vhd:]
WARNING: [filemgmt 56-199] Attempt to get parsing info during refresh. "On-the-fly" syntax checking information may be incorrect. [Z:\DAT096\DAT096-Qian\Embedded-System-Project-DAT096-Qians-branch\Board_1\Board_1\Board_2.srcs\sources_1\new\adc_bit_decoder.vhd:]
INFO: [IP_Flow 19-234] Refreshing IP repositories
WARNING: [IP_Flow 19-2248] Failed to load user IP repository 'z:/DAT096/vivado-library-master/vivado-library-master'; Can't find the specified path.
If this directory should no longer be in your list of user repositories, go to the IP Settings dialog and remove it.
WARNING: [IP_Flow 19-4994] Overwriting existing constraint file 'z:/DAT096/DAT096-Qian/Embedded-System-Project-DAT096-Qians-branch/Board_1/Board_1/Board_2.gen/sources_1/bd/design_2/ip/design_2_ila_0_0/design_2_ila_0_0_ooc.xdc'
WARNING: [filemgmt 56-199] Attempt to get parsing info during refresh. "On-the-fly" syntax checking information may be incorrect. [Z:\DAT096\DAT096-Qian\Embedded-System-Project-DAT096-Qians-branch\Board_1\Board_1\Board_2.srcs\sources_1\new\bit to dac converter.vhd:]
WARNING: [filemgmt 56-199] Attempt to get parsing info during refresh. "On-the-fly" syntax checking information may be incorrect. [Z:\DAT096\DAT096-Qian\Embedded-System-Project-DAT096-Qians-branch\Board_1\Board_1\Board_2.srcs\sources_1\new\adc_bit_decoder.vhd:]
WARNING: [filemgmt 56-199] Attempt to get parsing info during refresh. "On-the-fly" syntax checking information may be incorrect. [Z:\DAT096\DAT096-Qian\Embedded-System-Project-DAT096-Qians-branch\Board_1\Board_1\Board_2.srcs\sources_1\new\prbs_axis_master_32.vhd:]
WARNING: [filemgmt 56-199] Attempt to get parsing info during refresh. "On-the-fly" syntax checking information may be incorrect. [Z:\DAT096\DAT096-Qian\Embedded-System-Project-DAT096-Qians-branch\Board_1\Board_1\Board_2.srcs\sources_1\new\u_gen.vhd:]
WARNING: [filemgmt 56-199] Attempt to get parsing info during refresh. "On-the-fly" syntax checking information may be incorrect. [Z:\DAT096\DAT096-Qian\Embedded-System-Project-DAT096-Qians-branch\Board_1\Board_1\Board_2.srcs\sources_1\new\u_gen.vhd:]
WARNING: [filemgmt 56-199] Attempt to get parsing info during refresh. "On-the-fly" syntax checking information may be incorrect. [Z:\DAT096\DAT096-Qian\Embedded-System-Project-DAT096-Qians-branch\Board_1\Board_1\Board_2.srcs\sources_1\new\u_gen.vhd:]
ERROR: [Common 17-180] Spawn failed: No error
WARNING: [filemgmt 56-199] Attempt to get parsing info during refresh. "On-the-fly" syntax checking information may be incorrect. [Z:\DAT096\DAT096-Qian\Embedded-System-Project-DAT096-Qians-branch\Board_1\Board_1\Board_2.srcs\sources_1\new\bit to dac converter.vhd:]
WARNING: [filemgmt 56-199] Attempt to get parsing info during refresh. "On-the-fly" syntax checking information may be incorrect. [Z:\DAT096\DAT096-Qian\Embedded-System-Project-DAT096-Qians-branch\Board_1\Board_1\Board_2.srcs\sources_1\new\adc_bit_decoder.vhd:]
WARNING: [filemgmt 56-199] Attempt to get parsing info during refresh. "On-the-fly" syntax checking information may be incorrect. [Z:\DAT096\DAT096-Qian\Embedded-System-Project-DAT096-Qians-branch\Board_1\Board_1\Board_2.srcs\sources_1\new\prbs_axis_master_32.vhd:]
WARNING: [filemgmt 56-199] Attempt to get parsing info during refresh. "On-the-fly" syntax checking information may be incorrect. [Z:\DAT096\DAT096-Qian\Embedded-System-Project-DAT096-Qians-branch\Board_1\Board_1\Board_2.srcs\sources_1\new\u_gen.vhd:]
WARNING: [filemgmt 56-199] Attempt to get parsing info during refresh. "On-the-fly" syntax checking information may be incorrect. [Z:\DAT096\DAT096-Qian\Embedded-System-Project-DAT096-Qians-branch\Board_1\Board_1\Board_2.srcs\sources_1\new\bit to dac converter.vhd:]
WARNING: [filemgmt 56-199] Attempt to get parsing info during refresh. "On-the-fly" syntax checking information may be incorrect. [Z:\DAT096\DAT096-Qian\Embedded-System-Project-DAT096-Qians-branch\Board_1\Board_1\Board_2.srcs\sources_1\new\bit to dac converter.vhd:]
INFO: [BD 41-1029] Generation completed for the IP Integrator block ila_0 .
INFO: [BD 41-1029] Generation completed for the IP Integrator block prbs_axis_master_32_0 .
INFO: [BD 41-1029] Generation completed for the IP Integrator block delay_96_cycles_0 .
ERROR: [Common 17-180] Spawn failed: No error
INFO: [BD 41-1029] Generation completed for the IP Integrator block comparator_0 .
Exporting to file z:/DAT096/DAT096-Qian/Embedded-System-Project-DAT096-Qians-branch/Board_1/Board_1/Board_2.gen/sources_1/bd/design_2/hw_handoff/design_2.hwh
Generated Hardware Definition File z:/DAT096/DAT096-Qian/Embedded-System-Project-DAT096-Qians-branch/Board_1/Board_1/Board_2.gen/sources_1/bd/design_2/synth/design_2.hwdef
ERROR: [Common 17-39] 'generate_target' failed due to earlier errors.
WARNING: [filemgmt 56-199] Attempt to get parsing info during refresh. "On-the-fly" syntax checking information may be incorrect. [Z:\DAT096\DAT096-Qian\Embedded-System-Project-DAT096-Qians-branch\Board_1\Board_1\Board_2.srcs\sources_1\new\bit to dac converter.vhd:]
WARNING: [filemgmt 56-199] Attempt to get parsing info during refresh. "On-the-fly" syntax checking information may be incorrect. [Z:\DAT096\DAT096-Qian\Embedded-System-Project-DAT096-Qians-branch\Board_1\Board_1\Board_2.srcs\sources_1\new\adc_bit_decoder.vhd:]
WARNING: [filemgmt 56-199] Attempt to get parsing info during refresh. "On-the-fly" syntax checking information may be incorrect. [Z:\DAT096\DAT096-Qian\Embedded-System-Project-DAT096-Qians-branch\Board_1\Board_1\Board_2.srcs\sources_1\new\prbs_axis_master_32.vhd:]
WARNING: [filemgmt 56-199] Attempt to get parsing info during refresh. "On-the-fly" syntax checking information may be incorrect. [Z:\DAT096\DAT096-Qian\Embedded-System-Project-DAT096-Qians-branch\Board_1\Board_1\Board_2.srcs\sources_1\new\u_gen.vhd:]
WARNING: [filemgmt 56-199] Attempt to get parsing info during refresh. "On-the-fly" syntax checking information may be incorrect. [Z:\DAT096\DAT096-Qian\Embedded-System-Project-DAT096-Qians-branch\Board_1\Board_1\Board_2.srcs\sources_1\new\adc_bit_decoder.vhd:]
WARNING: [filemgmt 56-199] Attempt to get parsing info during refresh. "On-the-fly" syntax checking information may be incorrect. [Z:\DAT096\DAT096-Qian\Embedded-System-Project-DAT096-Qians-branch\Board_1\Board_1\Board_2.srcs\sources_1\new\adc_bit_decoder.vhd:]
WARNING: [filemgmt 56-199] Attempt to get parsing info during refresh. "On-the-fly" syntax checking information may be incorrect. [Z:\DAT096\DAT096-Qian\Embedded-System-Project-DAT096-Qians-branch\Board_1\Board_1\Board_2.srcs\sources_1\new\bit to dac converter.vhd:]
WARNING: [filemgmt 56-199] Attempt to get parsing info during refresh. "On-the-fly" syntax checking information may be incorrect. [Z:\DAT096\DAT096-Qian\Embedded-System-Project-DAT096-Qians-branch\Board_1\Board_1\Board_2.srcs\sources_1\new\adc_bit_decoder.vhd:]
WARNING: [filemgmt 56-199] Attempt to get parsing info during refresh. "On-the-fly" syntax checking information may be incorrect. [Z:\DAT096\DAT096-Qian\Embedded-System-Project-DAT096-Qians-branch\Board_1\Board_1\Board_2.srcs\sources_1\new\prbs_axis_master_32.vhd:]
WARNING: [filemgmt 56-199] Attempt to get parsing info during refresh. "On-the-fly" syntax checking information may be incorrect. [Z:\DAT096\DAT096-Qian\Embedded-System-Project-DAT096-Qians-branch\Board_1\Board_1\Board_2.srcs\sources_1\new\u_gen.vhd:]
WARNING: [filemgmt 56-199] Attempt to get parsing info during refresh. "On-the-fly" syntax checking information may be incorrect. [Z:\DAT096\DAT096-Qian\Embedded-System-Project-DAT096-Qians-branch\Board_1\Board_1\Board_2.srcs\sources_1\new\u_gen.vhd:]
WARNING: [filemgmt 56-199] Attempt to get parsing info during refresh. "On-the-fly" syntax checking information may be incorrect. [Z:\DAT096\DAT096-Qian\Embedded-System-Project-DAT096-Qians-branch\Board_1\Board_1\Board_2.srcs\sources_1\new\u_gen.vhd:]
ERROR: [Common 17-180] Spawn failed: No error
ERROR: [Common 17-180] Spawn failed: No error
WARNING: [filemgmt 56-199] Attempt to get parsing info during refresh. "On-the-fly" syntax checking information may be incorrect. [Z:\DAT096\DAT096-Qian\Embedded-System-Project-DAT096-Qians-branch\Board_1\Board_1\Board_2.srcs\sources_1\new\bit to dac converter.vhd:]
WARNING: [filemgmt 56-199] Attempt to get parsing info during refresh. "On-the-fly" syntax checking information may be incorrect. [Z:\DAT096\DAT096-Qian\Embedded-System-Project-DAT096-Qians-branch\Board_1\Board_1\Board_2.srcs\sources_1\new\adc_bit_decoder.vhd:]
reset_run synth_1
INFO: [Project 1-1161] Replacing file Z:/DAT096/DAT096-Qian/Embedded-System-Project-DAT096-Qians-branch/Board_1/Board_1/Board_2.srcs/utils_1/imports/synth_1/design_2_wrapper.dcp with file Z:/DAT096/DAT096-Qian/Embedded-System-Project-DAT096-Qians-branch/Board_1/Board_1/Board_2.runs/synth_1/design_2_wrapper.dcp
WARNING: [Vivado 12-1017] Problems encountered:
1. Failed to delete one or more files in run directory Z:/DAT096/DAT096-Qian/Embedded-System-Project-DAT096-Qians-branch/Board_1/Board_1/Board_2.runs/synth_1

launch_runs impl_1 -to_step write_bitstream -jobs 28
INFO: [IP_Flow 19-6924] IPCACHE: Running cache check for IP inst: design_2_ila_0_0
WARNING: [filemgmt 56-199] Attempt to get parsing info during refresh. "On-the-fly" syntax checking information may be incorrect. [Z:\DAT096\DAT096-Qian\Embedded-System-Project-DAT096-Qians-branch\Board_1\Board_1\Board_2.srcs\sources_1\new\bit to dac converter.vhd:]
WARNING: [filemgmt 56-199] Attempt to get parsing info during refresh. "On-the-fly" syntax checking information may be incorrect. [Z:\DAT096\DAT096-Qian\Embedded-System-Project-DAT096-Qians-branch\Board_1\Board_1\Board_2.srcs\sources_1\new\adc_bit_decoder.vhd:]
WARNING: [filemgmt 56-199] Attempt to get parsing info during refresh. "On-the-fly" syntax checking information may be incorrect. [Z:\DAT096\DAT096-Qian\Embedded-System-Project-DAT096-Qians-branch\Board_1\Board_1\Board_2.srcs\sources_1\new\prbs_axis_master_32.vhd:]
WARNING: [filemgmt 56-199] Attempt to get parsing info during refresh. "On-the-fly" syntax checking information may be incorrect. [Z:\DAT096\DAT096-Qian\Embedded-System-Project-DAT096-Qians-branch\Board_1\Board_1\Board_2.srcs\sources_1\new\u_gen.vhd:]
WARNING: [filemgmt 56-199] Attempt to get parsing info during refresh. "On-the-fly" syntax checking information may be incorrect. [Z:\DAT096\DAT096-Qian\Embedded-System-Project-DAT096-Qians-branch\Board_1\Board_1\Board_2.srcs\sources_1\new\adc_bit_decoder.vhd:]
WARNING: [filemgmt 56-199] Attempt to get parsing info during refresh. "On-the-fly" syntax checking information may be incorrect. [Z:\DAT096\DAT096-Qian\Embedded-System-Project-DAT096-Qians-branch\Board_1\Board_1\Board_2.srcs\sources_1\new\adc_bit_decoder.vhd:]
WARNING: [filemgmt 56-199] Attempt to get parsing info during refresh. "On-the-fly" syntax checking information may be incorrect. [Z:\DAT096\DAT096-Qian\Embedded-System-Project-DAT096-Qians-branch\Board_1\Board_1\Board_2.srcs\sources_1\new\bit to dac converter.vhd:]
WARNING: [filemgmt 56-199] Attempt to get parsing info during refresh. "On-the-fly" syntax checking information may be incorrect. [Z:\DAT096\DAT096-Qian\Embedded-System-Project-DAT096-Qians-branch\Board_1\Board_1\Board_2.srcs\sources_1\new\adc_bit_decoder.vhd:]
WARNING: [filemgmt 56-199] Attempt to get parsing info during refresh. "On-the-fly" syntax checking information may be incorrect. [Z:\DAT096\DAT096-Qian\Embedded-System-Project-DAT096-Qians-branch\Board_1\Board_1\Board_2.srcs\sources_1\new\prbs_axis_master_32.vhd:]
WARNING: [filemgmt 56-199] Attempt to get parsing info during refresh. "On-the-fly" syntax checking information may be incorrect. [Z:\DAT096\DAT096-Qian\Embedded-System-Project-DAT096-Qians-branch\Board_1\Board_1\Board_2.srcs\sources_1\new\u_gen.vhd:]
WARNING: [filemgmt 56-199] Attempt to get parsing info during refresh. "On-the-fly" syntax checking information may be incorrect. [Z:\DAT096\DAT096-Qian\Embedded-System-Project-DAT096-Qians-branch\Board_1\Board_1\Board_2.srcs\sources_1\new\u_gen.vhd:]
WARNING: [filemgmt 56-199] Attempt to get parsing info during refresh. "On-the-fly" syntax checking information may be incorrect. [Z:\DAT096\DAT096-Qian\Embedded-System-Project-DAT096-Qians-branch\Board_1\Board_1\Board_2.srcs\sources_1\new\u_gen.vhd:]
ERROR: [Common 17-180] Spawn failed: No error
WARNING: [filemgmt 56-199] Attempt to get parsing info during refresh. "On-the-fly" syntax checking information may be incorrect. [Z:\DAT096\DAT096-Qian\Embedded-System-Project-DAT096-Qians-branch\Board_1\Board_1\Board_2.srcs\sources_1\new\bit to dac converter.vhd:]
WARNING: [filemgmt 56-199] Attempt to get parsing info during refresh. "On-the-fly" syntax checking information may be incorrect. [Z:\DAT096\DAT096-Qian\Embedded-System-Project-DAT096-Qians-branch\Board_1\Board_1\Board_2.srcs\sources_1\new\adc_bit_decoder.vhd:]
WARNING: [filemgmt 56-199] Attempt to get parsing info during refresh. "On-the-fly" syntax checking information may be incorrect. [Z:\DAT096\DAT096-Qian\Embedded-System-Project-DAT096-Qians-branch\Board_1\Board_1\Board_2.srcs\sources_1\new\prbs_axis_master_32.vhd:]
ERROR: [Common 17-180] Spawn failed: No error
WARNING: [filemgmt 56-199] Attempt to get parsing info during refresh. "On-the-fly" syntax checking information may be incorrect. [Z:\DAT096\DAT096-Qian\Embedded-System-Project-DAT096-Qians-branch\Board_1\Board_1\Board_2.srcs\sources_1\new\u_gen.vhd:]
WARNING: [filemgmt 56-199] Attempt to get parsing info during refresh. "On-the-fly" syntax checking information may be incorrect. [Z:\DAT096\DAT096-Qian\Embedded-System-Project-DAT096-Qians-branch\Board_1\Board_1\Board_2.srcs\sources_1\new\bit to dac converter.vhd:]
WARNING: [filemgmt 56-199] Attempt to get parsing info during refresh. "On-the-fly" syntax checking information may be incorrect. [Z:\DAT096\DAT096-Qian\Embedded-System-Project-DAT096-Qians-branch\Board_1\Board_1\Board_2.srcs\sources_1\new\bit to dac converter.vhd:]
[Tue May 19 12:02:47 2026] Launched design_2_ila_0_0_synth_1, design_2_delay_96_cycles_0_0_synth_1, design_2_prbs_axis_master_32_0_0_synth_1, design_2_comparator_0_0_synth_1, synth_1...
Run output will be captured here:
design_2_ila_0_0_synth_1: Z:/DAT096/DAT096-Qian/Embedded-System-Project-DAT096-Qians-branch/Board_1/Board_1/Board_2.runs/design_2_ila_0_0_synth_1/runme.log
design_2_delay_96_cycles_0_0_synth_1: Z:/DAT096/DAT096-Qian/Embedded-System-Project-DAT096-Qians-branch/Board_1/Board_1/Board_2.runs/design_2_delay_96_cycles_0_0_synth_1/runme.log
design_2_prbs_axis_master_32_0_0_synth_1: Z:/DAT096/DAT096-Qian/Embedded-System-Project-DAT096-Qians-branch/Board_1/Board_1/Board_2.runs/design_2_prbs_axis_master_32_0_0_synth_1/runme.log
design_2_comparator_0_0_synth_1: Z:/DAT096/DAT096-Qian/Embedded-System-Project-DAT096-Qians-branch/Board_1/Board_1/Board_2.runs/design_2_comparator_0_0_synth_1/runme.log
synth_1: Z:/DAT096/DAT096-Qian/Embedded-System-Project-DAT096-Qians-branch/Board_1/Board_1/Board_2.runs/synth_1/runme.log
[Tue May 19 12:02:47 2026] Launched impl_1...
Run output will be captured here: Z:/DAT096/DAT096-Qian/Embedded-System-Project-DAT096-Qians-branch/Board_1/Board_1/Board_2.runs/impl_1/runme.log
ERROR: [Common 17-39] 'launch_runs' failed due to earlier errors.
WARNING: [filemgmt 56-199] Attempt to get parsing info during refresh. "On-the-fly" syntax checking information may be incorrect. [Z:\DAT096\DAT096-Qian\Embedded-System-Project-DAT096-Qians-branch\Board_1\Board_1\Board_2.srcs\sources_1\new\bit to dac converter.vhd:]
WARNING: [filemgmt 56-199] Attempt to get parsing info during refresh. "On-the-fly" syntax checking information may be incorrect. [Z:\DAT096\DAT096-Qian\Embedded-System-Project-DAT096-Qians-branch\Board_1\Board_1\Board_2.srcs\sources_1\new\adc_bit_decoder.vhd:]
WARNING: [filemgmt 56-199] Attempt to get parsing info during refresh. "On-the-fly" syntax checking information may be incorrect. [Z:\DAT096\DAT096-Qian\Embedded-System-Project-DAT096-Qians-branch\Board_1\Board_1\Board_2.srcs\sources_1\new\prbs_axis_master_32.vhd:]
WARNING: [filemgmt 56-199] Attempt to get parsing info during refresh. "On-the-fly" syntax checking information may be incorrect. [Z:\DAT096\DAT096-Qian\Embedded-System-Project-DAT096-Qians-branch\Board_1\Board_1\Board_2.srcs\sources_1\new\u_gen.vhd:]
WARNING: [filemgmt 56-199] Attempt to get parsing info during refresh. "On-the-fly" syntax checking information may be incorrect. [Z:\DAT096\DAT096-Qian\Embedded-System-Project-DAT096-Qians-branch\Board_1\Board_1\Board_2.srcs\sources_1\new\adc_bit_decoder.vhd:]
WARNING: [filemgmt 56-199] Attempt to get parsing info during refresh. "On-the-fly" syntax checking information may be incorrect. [Z:\DAT096\DAT096-Qian\Embedded-System-Project-DAT096-Qians-branch\Board_1\Board_1\Board_2.srcs\sources_1\new\adc_bit_decoder.vhd:]
WARNING: [filemgmt 56-199] Attempt to get parsing info during refresh. "On-the-fly" syntax checking information may be incorrect. [Z:\DAT096\DAT096-Qian\Embedded-System-Project-DAT096-Qians-branch\Board_1\Board_1\Board_2.srcs\sources_1\new\bit to dac converter.vhd:]
WARNING: [filemgmt 56-199] Attempt to get parsing info during refresh. "On-the-fly" syntax checking information may be incorrect. [Z:\DAT096\DAT096-Qian\Embedded-System-Project-DAT096-Qians-branch\Board_1\Board_1\Board_2.srcs\sources_1\new\adc_bit_decoder.vhd:]
WARNING: [filemgmt 56-199] Attempt to get parsing info during refresh. "On-the-fly" syntax checking information may be incorrect. [Z:\DAT096\DAT096-Qian\Embedded-System-Project-DAT096-Qians-branch\Board_1\Board_1\Board_2.srcs\sources_1\new\prbs_axis_master_32.vhd:]
WARNING: [filemgmt 56-199] Attempt to get parsing info during refresh. "On-the-fly" syntax checking information may be incorrect. [Z:\DAT096\DAT096-Qian\Embedded-System-Project-DAT096-Qians-branch\Board_1\Board_1\Board_2.srcs\sources_1\new\u_gen.vhd:]
WARNING: [filemgmt 56-199] Attempt to get parsing info during refresh. "On-the-fly" syntax checking information may be incorrect. [Z:\DAT096\DAT096-Qian\Embedded-System-Project-DAT096-Qians-branch\Board_1\Board_1\Board_2.srcs\sources_1\new\u_gen.vhd:]
WARNING: [filemgmt 56-199] Attempt to get parsing info during refresh. "On-the-fly" syntax checking information may be incorrect. [Z:\DAT096\DAT096-Qian\Embedded-System-Project-DAT096-Qians-branch\Board_1\Board_1\Board_2.srcs\sources_1\new\u_gen.vhd:]
ERROR: [Common 17-180] Spawn failed: No error
WARNING: [filemgmt 56-199] Attempt to get parsing info during refresh. "On-the-fly" syntax checking information may be incorrect. [Z:\DAT096\DAT096-Qian\Embedded-System-Project-DAT096-Qians-branch\Board_1\Board_1\Board_2.srcs\sources_1\new\bit to dac converter.vhd:]
WARNING: [filemgmt 56-199] Attempt to get parsing info during refresh. "On-the-fly" syntax checking information may be incorrect. [Z:\DAT096\DAT096-Qian\Embedded-System-Project-DAT096-Qians-branch\Board_1\Board_1\Board_2.srcs\sources_1\new\adc_bit_decoder.vhd:]
WARNING: [filemgmt 56-199] Attempt to get parsing info during refresh. "On-the-fly" syntax checking information may be incorrect. [Z:\DAT096\DAT096-Qian\Embedded-System-Project-DAT096-Qians-branch\Board_1\Board_1\Board_2.srcs\sources_1\new\prbs_axis_master_32.vhd:]
WARNING: [filemgmt 56-199] Attempt to get parsing info during refresh. "On-the-fly" syntax checking information may be incorrect. [Z:\DAT096\DAT096-Qian\Embedded-System-Project-DAT096-Qians-branch\Board_1\Board_1\Board_2.srcs\sources_1\new\u_gen.vhd:]
WARNING: [filemgmt 56-199] Attempt to get parsing info during refresh. "On-the-fly" syntax checking information may be incorrect. [Z:\DAT096\DAT096-Qian\Embedded-System-Project-DAT096-Qians-branch\Board_1\Board_1\Board_2.srcs\sources_1\new\bit to dac converter.vhd:]
WARNING: [filemgmt 56-199] Attempt to get parsing info during refresh. "On-the-fly" syntax checking information may be incorrect. [Z:\DAT096\DAT096-Qian\Embedded-System-Project-DAT096-Qians-branch\Board_1\Board_1\Board_2.srcs\sources_1\new\bit to dac converter.vhd:]
ERROR: [Common 17-180] Spawn failed: No error
WARNING: [filemgmt 56-199] Attempt to get parsing info during refresh. "On-the-fly" syntax checking information may be incorrect. [Z:\DAT096\DAT096-Qian\Embedded-System-Project-DAT096-Qians-branch\Board_1\Board_1\Board_2.srcs\sources_1\new\bit to dac converter.vhd:]
WARNING: [filemgmt 56-199] Attempt to get parsing info during refresh. "On-the-fly" syntax checking information may be incorrect. [Z:\DAT096\DAT096-Qian\Embedded-System-Project-DAT096-Qians-branch\Board_1\Board_1\Board_2.srcs\sources_1\new\adc_bit_decoder.vhd:]
WARNING: [filemgmt 56-199] Attempt to get parsing info during refresh. "On-the-fly" syntax checking information may be incorrect. [Z:\DAT096\DAT096-Qian\Embedded-System-Project-DAT096-Qians-branch\Board_1\Board_1\Board_2.srcs\sources_1\new\prbs_axis_master_32.vhd:]
WARNING: [filemgmt 56-199] Attempt to get parsing info during refresh. "On-the-fly" syntax checking information may be incorrect. [Z:\DAT096\DAT096-Qian\Embedded-System-Project-DAT096-Qians-branch\Board_1\Board_1\Board_2.srcs\sources_1\new\u_gen.vhd:]
WARNING: [filemgmt 56-199] Attempt to get parsing info during refresh. "On-the-fly" syntax checking information may be incorrect. [Z:\DAT096\DAT096-Qian\Embedded-System-Project-DAT096-Qians-branch\Board_1\Board_1\Board_2.srcs\sources_1\new\prbs_axis_master_32.vhd:]
WARNING: [filemgmt 56-199] Attempt to get parsing info during refresh. "On-the-fly" syntax checking information may be incorrect. [Z:\DAT096\DAT096-Qian\Embedded-System-Project-DAT096-Qians-branch\Board_1\Board_1\Board_2.srcs\sources_1\new\prbs_axis_master_32.vhd:]
WARNING: [filemgmt 56-199] Attempt to get parsing info during refresh. "On-the-fly" syntax checking information may be incorrect. [Z:\DAT096\DAT096-Qian\Embedded-System-Project-DAT096-Qians-branch\Board_1\Board_1\Board_2.srcs\sources_1\new\bit to dac converter.vhd:]
WARNING: [filemgmt 56-199] Attempt to get parsing info during refresh. "On-the-fly" syntax checking information may be incorrect. [Z:\DAT096\DAT096-Qian\Embedded-System-Project-DAT096-Qians-branch\Board_1\Board_1\Board_2.srcs\sources_1\new\adc_bit_decoder.vhd:]
WARNING: [filemgmt 56-199] Attempt to get parsing info during refresh. "On-the-fly" syntax checking information may be incorrect. [Z:\DAT096\DAT096-Qian\Embedded-System-Project-DAT096-Qians-branch\Board_1\Board_1\Board_2.srcs\sources_1\new\prbs_axis_master_32.vhd:]
WARNING: [filemgmt 56-199] Attempt to get parsing info during refresh. "On-the-fly" syntax checking information may be incorrect. [Z:\DAT096\DAT096-Qian\Embedded-System-Project-DAT096-Qians-branch\Board_1\Board_1\Board_2.srcs\sources_1\new\u_gen.vhd:]
WARNING: [filemgmt 56-199] Attempt to get parsing info during refresh. "On-the-fly" syntax checking information may be incorrect. [Z:\DAT096\DAT096-Qian\Embedded-System-Project-DAT096-Qians-branch\Board_1\Board_1\Board_2.srcs\sources_1\new\adc_bit_decoder.vhd:]
WARNING: [filemgmt 56-199] Attempt to get parsing info during refresh. "On-the-fly" syntax checking information may be incorrect. [Z:\DAT096\DAT096-Qian\Embedded-System-Project-DAT096-Qians-branch\Board_1\Board_1\Board_2.srcs\sources_1\new\adc_bit_decoder.vhd:]
ERROR: [Common 17-180] Spawn failed: No error
run_hw_ila [get_hw_ilas -of_objects [get_hw_devices xc7z020_1] -filter {CELL_NAME=~"design_2_i/ila_0"}]
INFO: [Labtools 27-1964] The ILA core 'hw_ila_1' trigger was armed at 2026-May-19 12:06:35
wait_on_hw_ila [get_hw_ilas -of_objects [get_hw_devices xc7z020_1] -filter {CELL_NAME=~"design_2_i/ila_0"}]
display_hw_ila_data [upload_hw_ila_data [get_hw_ilas -of_objects [get_hw_devices xc7z020_1] -filter {CELL_NAME=~"design_2_i/ila_0"}]]
INFO: [Labtools 27-1966] The ILA core 'hw_ila_1' triggered at 2026-May-19 12:06:35
INFO: [Labtools 27-3304] ILA Waveform data saved to file Z:/DAT096/DAT096-Qian/Embedded-System-Project-DAT096-Qians-branch/Board_1/Board_1/Board_2.hw/backup/hw_ila_data_1.ila. Use Tcl command 'read_hw_ila_data' or Vivado File->Import->Import ILA Data menu item to import the previously saved data.
set_property PROBES.FILE {Z:/DAT096/DAT096-Qian/Embedded-System-Project-DAT096-Qians-branch/Board_1/Board_1/Board_2.runs/impl_1/design_2_wrapper.ltx} [get_hw_devices xc7z020_1]
set_property FULL_PROBES.FILE {Z:/DAT096/DAT096-Qian/Embedded-System-Project-DAT096-Qians-branch/Board_1/Board_1/Board_2.runs/impl_1/design_2_wrapper.ltx} [get_hw_devices xc7z020_1]
set_property PROGRAM.FILE {Z:/DAT096/DAT096-Qian/Embedded-System-Project-DAT096-Qians-branch/Board_1/Board_1/Board_2.runs/impl_1/design_2_wrapper.bit} [get_hw_devices xc7z020_1]
program_hw_devices [get_hw_devices xc7z020_1]
INFO: [Labtools 27-3164] End of startup status: HIGH
refresh_hw_device [lindex [get_hw_devices xc7z020_1] 0]
INFO: [Labtools 27-2302] Device xc7z020 (JTAG device index = 1) is programmed with a design that has 1 ILA core(s).
add_wave -into {hw_ila_data_1.wcfg} -radix hex { {design_2_i/delay_96_cycles_0_dout} }
add_wave -into {hw_ila_data_1.wcfg} -radix unsigned { {design_2_i/comparator_0_correct_bits} {design_2_i/comparator_0_whole_bits} }
run_hw_ila [get_hw_ilas -of_objects [get_hw_devices xc7z020_1] -filter {CELL_NAME=~"design_2_i/ila_0"}]
INFO: [Labtools 27-1964] The ILA core 'hw_ila_1' trigger was armed at 2026-May-19 12:06:47
wait_on_hw_ila [get_hw_ilas -of_objects [get_hw_devices xc7z020_1] -filter {CELL_NAME=~"design_2_i/ila_0"}]
display_hw_ila_data [upload_hw_ila_data [get_hw_ilas -of_objects [get_hw_devices xc7z020_1] -filter {CELL_NAME=~"design_2_i/ila_0"}]]
INFO: [Labtools 27-1966] The ILA core 'hw_ila_1' triggered at 2026-May-19 12:06:47
INFO: [Labtools 27-3304] ILA Waveform data saved to file Z:/DAT096/DAT096-Qian/Embedded-System-Project-DAT096-Qians-branch/Board_1/Board_1/Board_2.hw/backup/hw_ila_data_1.ila. Use Tcl command 'read_hw_ila_data' or Vivado File->Import->Import ILA Data menu item to import the previously saved data.
run_hw_ila [get_hw_ilas -of_objects [get_hw_devices xc7z020_1] -filter {CELL_NAME=~"design_2_i/ila_0"}]
INFO: [Labtools 27-1964] The ILA core 'hw_ila_1' trigger was armed at 2026-May-19 12:50:24
wait_on_hw_ila [get_hw_ilas -of_objects [get_hw_devices xc7z020_1] -filter {CELL_NAME=~"design_2_i/ila_0"}]
display_hw_ila_data [upload_hw_ila_data [get_hw_ilas -of_objects [get_hw_devices xc7z020_1] -filter {CELL_NAME=~"design_2_i/ila_0"}]]
INFO: [Labtools 27-1966] The ILA core 'hw_ila_1' triggered at 2026-May-19 12:50:24
INFO: [Labtools 27-3304] ILA Waveform data saved to file Z:/DAT096/DAT096-Qian/Embedded-System-Project-DAT096-Qians-branch/Board_1/Board_1/Board_2.hw/backup/hw_ila_data_1.ila. Use Tcl command 'read_hw_ila_data' or Vivado File->Import->Import ILA Data menu item to import the previously saved data.
run_hw_ila [get_hw_ilas -of_objects [get_hw_devices xc7z020_1] -filter {CELL_NAME=~"design_2_i/ila_0"}]
INFO: [Labtools 27-1964] The ILA core 'hw_ila_1' trigger was armed at 2026-May-19 12:50:49
wait_on_hw_ila [get_hw_ilas -of_objects [get_hw_devices xc7z020_1] -filter {CELL_NAME=~"design_2_i/ila_0"}]
display_hw_ila_data [upload_hw_ila_data [get_hw_ilas -of_objects [get_hw_devices xc7z020_1] -filter {CELL_NAME=~"design_2_i/ila_0"}]]
INFO: [Labtools 27-1966] The ILA core 'hw_ila_1' triggered at 2026-May-19 12:50:49
INFO: [Labtools 27-3304] ILA Waveform data saved to file Z:/DAT096/DAT096-Qian/Embedded-System-Project-DAT096-Qians-branch/Board_1/Board_1/Board_2.hw/backup/hw_ila_data_1.ila. Use Tcl command 'read_hw_ila_data' or Vivado File->Import->Import ILA Data menu item to import the previously saved data.
run_hw_ila [get_hw_ilas -of_objects [get_hw_devices xc7z020_1] -filter {CELL_NAME=~"design_2_i/ila_0"}]
INFO: [Labtools 27-1964] The ILA core 'hw_ila_1' trigger was armed at 2026-May-19 12:50:53
wait_on_hw_ila [get_hw_ilas -of_objects [get_hw_devices xc7z020_1] -filter {CELL_NAME=~"design_2_i/ila_0"}]
display_hw_ila_data [upload_hw_ila_data [get_hw_ilas -of_objects [get_hw_devices xc7z020_1] -filter {CELL_NAME=~"design_2_i/ila_0"}]]
INFO: [Labtools 27-1966] The ILA core 'hw_ila_1' triggered at 2026-May-19 12:50:53
INFO: [Labtools 27-3304] ILA Waveform data saved to file Z:/DAT096/DAT096-Qian/Embedded-System-Project-DAT096-Qians-branch/Board_1/Board_1/Board_2.hw/backup/hw_ila_data_1.ila. Use Tcl command 'read_hw_ila_data' or Vivado File->Import->Import ILA Data menu item to import the previously saved data.
run_hw_ila [get_hw_ilas -of_objects [get_hw_devices xc7z020_1] -filter {CELL_NAME=~"design_2_i/ila_0"}]
INFO: [Labtools 27-1964] The ILA core 'hw_ila_1' trigger was armed at 2026-May-19 12:51:17
wait_on_hw_ila [get_hw_ilas -of_objects [get_hw_devices xc7z020_1] -filter {CELL_NAME=~"design_2_i/ila_0"}]
display_hw_ila_data [upload_hw_ila_data [get_hw_ilas -of_objects [get_hw_devices xc7z020_1] -filter {CELL_NAME=~"design_2_i/ila_0"}]]
INFO: [Labtools 27-1966] The ILA core 'hw_ila_1' triggered at 2026-May-19 12:51:17
INFO: [Labtools 27-3304] ILA Waveform data saved to file Z:/DAT096/DAT096-Qian/Embedded-System-Project-DAT096-Qians-branch/Board_1/Board_1/Board_2.hw/backup/hw_ila_data_1.ila. Use Tcl command 'read_hw_ila_data' or Vivado File->Import->Import ILA Data menu item to import the previously saved data.
run_hw_ila [get_hw_ilas -of_objects [get_hw_devices xc7z020_1] -filter {CELL_NAME=~"design_2_i/ila_0"}]
INFO: [Labtools 27-1964] The ILA core 'hw_ila_1' trigger was armed at 2026-May-19 12:51:41
wait_on_hw_ila [get_hw_ilas -of_objects [get_hw_devices xc7z020_1] -filter {CELL_NAME=~"design_2_i/ila_0"}]
display_hw_ila_data [upload_hw_ila_data [get_hw_ilas -of_objects [get_hw_devices xc7z020_1] -filter {CELL_NAME=~"design_2_i/ila_0"}]]
INFO: [Labtools 27-1966] The ILA core 'hw_ila_1' triggered at 2026-May-19 12:51:41
INFO: [Labtools 27-3304] ILA Waveform data saved to file Z:/DAT096/DAT096-Qian/Embedded-System-Project-DAT096-Qians-branch/Board_1/Board_1/Board_2.hw/backup/hw_ila_data_1.ila. Use Tcl command 'read_hw_ila_data' or Vivado File->Import->Import ILA Data menu item to import the previously saved data.
run_hw_ila [get_hw_ilas -of_objects [get_hw_devices xc7z020_1] -filter {CELL_NAME=~"design_2_i/ila_0"}]
INFO: [Labtools 27-1964] The ILA core 'hw_ila_1' trigger was armed at 2026-May-19 12:51:47
wait_on_hw_ila [get_hw_ilas -of_objects [get_hw_devices xc7z020_1] -filter {CELL_NAME=~"design_2_i/ila_0"}]
display_hw_ila_data [upload_hw_ila_data [get_hw_ilas -of_objects [get_hw_devices xc7z020_1] -filter {CELL_NAME=~"design_2_i/ila_0"}]]
INFO: [Labtools 27-1966] The ILA core 'hw_ila_1' triggered at 2026-May-19 12:51:47
INFO: [Labtools 27-3304] ILA Waveform data saved to file Z:/DAT096/DAT096-Qian/Embedded-System-Project-DAT096-Qians-branch/Board_1/Board_1/Board_2.hw/backup/hw_ila_data_1.ila. Use Tcl command 'read_hw_ila_data' or Vivado File->Import->Import ILA Data menu item to import the previously saved data.
run_hw_ila [get_hw_ilas -of_objects [get_hw_devices xc7z020_1] -filter {CELL_NAME=~"design_2_i/ila_0"}]
INFO: [Labtools 27-1964] The ILA core 'hw_ila_1' trigger was armed at 2026-May-19 12:55:11
wait_on_hw_ila [get_hw_ilas -of_objects [get_hw_devices xc7z020_1] -filter {CELL_NAME=~"design_2_i/ila_0"}]
display_hw_ila_data [upload_hw_ila_data [get_hw_ilas -of_objects [get_hw_devices xc7z020_1] -filter {CELL_NAME=~"design_2_i/ila_0"}]]
INFO: [Labtools 27-1966] The ILA core 'hw_ila_1' triggered at 2026-May-19 12:55:11
INFO: [Labtools 27-3304] ILA Waveform data saved to file Z:/DAT096/DAT096-Qian/Embedded-System-Project-DAT096-Qians-branch/Board_1/Board_1/Board_2.hw/backup/hw_ila_data_1.ila. Use Tcl command 'read_hw_ila_data' or Vivado File->Import->Import ILA Data menu item to import the previously saved data.
run_hw_ila [get_hw_ilas -of_objects [get_hw_devices xc7z020_1] -filter {CELL_NAME=~"design_2_i/ila_0"}]
INFO: [Labtools 27-1964] The ILA core 'hw_ila_1' trigger was armed at 2026-May-19 12:55:17
wait_on_hw_ila [get_hw_ilas -of_objects [get_hw_devices xc7z020_1] -filter {CELL_NAME=~"design_2_i/ila_0"}]
display_hw_ila_data [upload_hw_ila_data [get_hw_ilas -of_objects [get_hw_devices xc7z020_1] -filter {CELL_NAME=~"design_2_i/ila_0"}]]
INFO: [Labtools 27-1966] The ILA core 'hw_ila_1' triggered at 2026-May-19 12:55:17
INFO: [Labtools 27-3304] ILA Waveform data saved to file Z:/DAT096/DAT096-Qian/Embedded-System-Project-DAT096-Qians-branch/Board_1/Board_1/Board_2.hw/backup/hw_ila_data_1.ila. Use Tcl command 'read_hw_ila_data' or Vivado File->Import->Import ILA Data menu item to import the previously saved data.
run_hw_ila [get_hw_ilas -of_objects [get_hw_devices xc7z020_1] -filter {CELL_NAME=~"design_2_i/ila_0"}]
INFO: [Labtools 27-1964] The ILA core 'hw_ila_1' trigger was armed at 2026-May-19 12:55:21
wait_on_hw_ila [get_hw_ilas -of_objects [get_hw_devices xc7z020_1] -filter {CELL_NAME=~"design_2_i/ila_0"}]
display_hw_ila_data [upload_hw_ila_data [get_hw_ilas -of_objects [get_hw_devices xc7z020_1] -filter {CELL_NAME=~"design_2_i/ila_0"}]]
INFO: [Labtools 27-1966] The ILA core 'hw_ila_1' triggered at 2026-May-19 12:55:21
INFO: [Labtools 27-3304] ILA Waveform data saved to file Z:/DAT096/DAT096-Qian/Embedded-System-Project-DAT096-Qians-branch/Board_1/Board_1/Board_2.hw/backup/hw_ila_data_1.ila. Use Tcl command 'read_hw_ila_data' or Vivado File->Import->Import ILA Data menu item to import the previously saved data.
run_hw_ila [get_hw_ilas -of_objects [get_hw_devices xc7z020_1] -filter {CELL_NAME=~"design_2_i/ila_0"}]
INFO: [Labtools 27-1964] The ILA core 'hw_ila_1' trigger was armed at 2026-May-19 12:55:24
wait_on_hw_ila [get_hw_ilas -of_objects [get_hw_devices xc7z020_1] -filter {CELL_NAME=~"design_2_i/ila_0"}]
display_hw_ila_data [upload_hw_ila_data [get_hw_ilas -of_objects [get_hw_devices xc7z020_1] -filter {CELL_NAME=~"design_2_i/ila_0"}]]
INFO: [Labtools 27-1966] The ILA core 'hw_ila_1' triggered at 2026-May-19 12:55:24
INFO: [Labtools 27-3304] ILA Waveform data saved to file Z:/DAT096/DAT096-Qian/Embedded-System-Project-DAT096-Qians-branch/Board_1/Board_1/Board_2.hw/backup/hw_ila_data_1.ila. Use Tcl command 'read_hw_ila_data' or Vivado File->Import->Import ILA Data menu item to import the previously saved data.
run_hw_ila [get_hw_ilas -of_objects [get_hw_devices xc7z020_1] -filter {CELL_NAME=~"design_2_i/ila_0"}]
INFO: [Labtools 27-1964] The ILA core 'hw_ila_1' trigger was armed at 2026-May-19 12:55:32
wait_on_hw_ila [get_hw_ilas -of_objects [get_hw_devices xc7z020_1] -filter {CELL_NAME=~"design_2_i/ila_0"}]
display_hw_ila_data [upload_hw_ila_data [get_hw_ilas -of_objects [get_hw_devices xc7z020_1] -filter {CELL_NAME=~"design_2_i/ila_0"}]]
INFO: [Labtools 27-1966] The ILA core 'hw_ila_1' triggered at 2026-May-19 12:55:32
INFO: [Labtools 27-3304] ILA Waveform data saved to file Z:/DAT096/DAT096-Qian/Embedded-System-Project-DAT096-Qians-branch/Board_1/Board_1/Board_2.hw/backup/hw_ila_data_1.ila. Use Tcl command 'read_hw_ila_data' or Vivado File->Import->Import ILA Data menu item to import the previously saved data.
run_hw_ila [get_hw_ilas -of_objects [get_hw_devices xc7z020_1] -filter {CELL_NAME=~"design_2_i/ila_0"}]
INFO: [Labtools 27-1964] The ILA core 'hw_ila_1' trigger was armed at 2026-May-19 12:55:46
wait_on_hw_ila [get_hw_ilas -of_objects [get_hw_devices xc7z020_1] -filter {CELL_NAME=~"design_2_i/ila_0"}]
display_hw_ila_data [upload_hw_ila_data [get_hw_ilas -of_objects [get_hw_devices xc7z020_1] -filter {CELL_NAME=~"design_2_i/ila_0"}]]
INFO: [Labtools 27-1966] The ILA core 'hw_ila_1' triggered at 2026-May-19 12:55:46
INFO: [Labtools 27-3304] ILA Waveform data saved to file Z:/DAT096/DAT096-Qian/Embedded-System-Project-DAT096-Qians-branch/Board_1/Board_1/Board_2.hw/backup/hw_ila_data_1.ila. Use Tcl command 'read_hw_ila_data' or Vivado File->Import->Import ILA Data menu item to import the previously saved data.
run_hw_ila [get_hw_ilas -of_objects [get_hw_devices xc7z020_1] -filter {CELL_NAME=~"design_2_i/ila_0"}]
INFO: [Labtools 27-1964] The ILA core 'hw_ila_1' trigger was armed at 2026-May-19 12:55:50
wait_on_hw_ila [get_hw_ilas -of_objects [get_hw_devices xc7z020_1] -filter {CELL_NAME=~"design_2_i/ila_0"}]
display_hw_ila_data [upload_hw_ila_data [get_hw_ilas -of_objects [get_hw_devices xc7z020_1] -filter {CELL_NAME=~"design_2_i/ila_0"}]]
INFO: [Labtools 27-1966] The ILA core 'hw_ila_1' triggered at 2026-May-19 12:55:50
INFO: [Labtools 27-3304] ILA Waveform data saved to file Z:/DAT096/DAT096-Qian/Embedded-System-Project-DAT096-Qians-branch/Board_1/Board_1/Board_2.hw/backup/hw_ila_data_1.ila. Use Tcl command 'read_hw_ila_data' or Vivado File->Import->Import ILA Data menu item to import the previously saved data.
run_hw_ila [get_hw_ilas -of_objects [get_hw_devices xc7z020_1] -filter {CELL_NAME=~"design_2_i/ila_0"}]
INFO: [Labtools 27-1964] The ILA core 'hw_ila_1' trigger was armed at 2026-May-19 12:55:54
wait_on_hw_ila [get_hw_ilas -of_objects [get_hw_devices xc7z020_1] -filter {CELL_NAME=~"design_2_i/ila_0"}]
display_hw_ila_data [upload_hw_ila_data [get_hw_ilas -of_objects [get_hw_devices xc7z020_1] -filter {CELL_NAME=~"design_2_i/ila_0"}]]
INFO: [Labtools 27-1966] The ILA core 'hw_ila_1' triggered at 2026-May-19 12:55:54
INFO: [Labtools 27-3304] ILA Waveform data saved to file Z:/DAT096/DAT096-Qian/Embedded-System-Project-DAT096-Qians-branch/Board_1/Board_1/Board_2.hw/backup/hw_ila_data_1.ila. Use Tcl command 'read_hw_ila_data' or Vivado File->Import->Import ILA Data menu item to import the previously saved data.
run_hw_ila [get_hw_ilas -of_objects [get_hw_devices xc7z020_1] -filter {CELL_NAME=~"design_2_i/ila_0"}]
INFO: [Labtools 27-1964] The ILA core 'hw_ila_1' trigger was armed at 2026-May-19 12:55:58
wait_on_hw_ila [get_hw_ilas -of_objects [get_hw_devices xc7z020_1] -filter {CELL_NAME=~"design_2_i/ila_0"}]
display_hw_ila_data [upload_hw_ila_data [get_hw_ilas -of_objects [get_hw_devices xc7z020_1] -filter {CELL_NAME=~"design_2_i/ila_0"}]]
INFO: [Labtools 27-1966] The ILA core 'hw_ila_1' triggered at 2026-May-19 12:55:58
INFO: [Labtools 27-3304] ILA Waveform data saved to file Z:/DAT096/DAT096-Qian/Embedded-System-Project-DAT096-Qians-branch/Board_1/Board_1/Board_2.hw/backup/hw_ila_data_1.ila. Use Tcl command 'read_hw_ila_data' or Vivado File->Import->Import ILA Data menu item to import the previously saved data.
run_hw_ila [get_hw_ilas -of_objects [get_hw_devices xc7z020_1] -filter {CELL_NAME=~"design_2_i/ila_0"}]
INFO: [Labtools 27-1964] The ILA core 'hw_ila_1' trigger was armed at 2026-May-19 12:56:01
wait_on_hw_ila [get_hw_ilas -of_objects [get_hw_devices xc7z020_1] -filter {CELL_NAME=~"design_2_i/ila_0"}]
display_hw_ila_data [upload_hw_ila_data [get_hw_ilas -of_objects [get_hw_devices xc7z020_1] -filter {CELL_NAME=~"design_2_i/ila_0"}]]
INFO: [Labtools 27-1966] The ILA core 'hw_ila_1' triggered at 2026-May-19 12:56:01
INFO: [Labtools 27-3304] ILA Waveform data saved to file Z:/DAT096/DAT096-Qian/Embedded-System-Project-DAT096-Qians-branch/Board_1/Board_1/Board_2.hw/backup/hw_ila_data_1.ila. Use Tcl command 'read_hw_ila_data' or Vivado File->Import->Import ILA Data menu item to import the previously saved data.
run_hw_ila [get_hw_ilas -of_objects [get_hw_devices xc7z020_1] -filter {CELL_NAME=~"design_2_i/ila_0"}]
INFO: [Labtools 27-1964] The ILA core 'hw_ila_1' trigger was armed at 2026-May-19 12:56:04
wait_on_hw_ila [get_hw_ilas -of_objects [get_hw_devices xc7z020_1] -filter {CELL_NAME=~"design_2_i/ila_0"}]
display_hw_ila_data [upload_hw_ila_data [get_hw_ilas -of_objects [get_hw_devices xc7z020_1] -filter {CELL_NAME=~"design_2_i/ila_0"}]]
INFO: [Labtools 27-1966] The ILA core 'hw_ila_1' triggered at 2026-May-19 12:56:04
INFO: [Labtools 27-3304] ILA Waveform data saved to file Z:/DAT096/DAT096-Qian/Embedded-System-Project-DAT096-Qians-branch/Board_1/Board_1/Board_2.hw/backup/hw_ila_data_1.ila. Use Tcl command 'read_hw_ila_data' or Vivado File->Import->Import ILA Data menu item to import the previously saved data.
run_hw_ila [get_hw_ilas -of_objects [get_hw_devices xc7z020_1] -filter {CELL_NAME=~"design_2_i/ila_0"}]
INFO: [Labtools 27-1964] The ILA core 'hw_ila_1' trigger was armed at 2026-May-19 12:56:07
wait_on_hw_ila [get_hw_ilas -of_objects [get_hw_devices xc7z020_1] -filter {CELL_NAME=~"design_2_i/ila_0"}]
display_hw_ila_data [upload_hw_ila_data [get_hw_ilas -of_objects [get_hw_devices xc7z020_1] -filter {CELL_NAME=~"design_2_i/ila_0"}]]
INFO: [Labtools 27-1966] The ILA core 'hw_ila_1' triggered at 2026-May-19 12:56:07
INFO: [Labtools 27-3304] ILA Waveform data saved to file Z:/DAT096/DAT096-Qian/Embedded-System-Project-DAT096-Qians-branch/Board_1/Board_1/Board_2.hw/backup/hw_ila_data_1.ila. Use Tcl command 'read_hw_ila_data' or Vivado File->Import->Import ILA Data menu item to import the previously saved data.
run_hw_ila [get_hw_ilas -of_objects [get_hw_devices xc7z020_1] -filter {CELL_NAME=~"design_2_i/ila_0"}]
INFO: [Labtools 27-1964] The ILA core 'hw_ila_1' trigger was armed at 2026-May-19 12:56:11
wait_on_hw_ila [get_hw_ilas -of_objects [get_hw_devices xc7z020_1] -filter {CELL_NAME=~"design_2_i/ila_0"}]
display_hw_ila_data [upload_hw_ila_data [get_hw_ilas -of_objects [get_hw_devices xc7z020_1] -filter {CELL_NAME=~"design_2_i/ila_0"}]]
INFO: [Labtools 27-1966] The ILA core 'hw_ila_1' triggered at 2026-May-19 12:56:11
INFO: [Labtools 27-3304] ILA Waveform data saved to file Z:/DAT096/DAT096-Qian/Embedded-System-Project-DAT096-Qians-branch/Board_1/Board_1/Board_2.hw/backup/hw_ila_data_1.ila. Use Tcl command 'read_hw_ila_data' or Vivado File->Import->Import ILA Data menu item to import the previously saved data.
run_hw_ila [get_hw_ilas -of_objects [get_hw_devices xc7z020_1] -filter {CELL_NAME=~"design_2_i/ila_0"}]
INFO: [Labtools 27-1964] The ILA core 'hw_ila_1' trigger was armed at 2026-May-19 12:56:14
wait_on_hw_ila [get_hw_ilas -of_objects [get_hw_devices xc7z020_1] -filter {CELL_NAME=~"design_2_i/ila_0"}]
display_hw_ila_data [upload_hw_ila_data [get_hw_ilas -of_objects [get_hw_devices xc7z020_1] -filter {CELL_NAME=~"design_2_i/ila_0"}]]
INFO: [Labtools 27-1966] The ILA core 'hw_ila_1' triggered at 2026-May-19 12:56:14
INFO: [Labtools 27-3304] ILA Waveform data saved to file Z:/DAT096/DAT096-Qian/Embedded-System-Project-DAT096-Qians-branch/Board_1/Board_1/Board_2.hw/backup/hw_ila_data_1.ila. Use Tcl command 'read_hw_ila_data' or Vivado File->Import->Import ILA Data menu item to import the previously saved data.
run_hw_ila [get_hw_ilas -of_objects [get_hw_devices xc7z020_1] -filter {CELL_NAME=~"design_2_i/ila_0"}]
INFO: [Labtools 27-1964] The ILA core 'hw_ila_1' trigger was armed at 2026-May-19 12:56:18
wait_on_hw_ila [get_hw_ilas -of_objects [get_hw_devices xc7z020_1] -filter {CELL_NAME=~"design_2_i/ila_0"}]
display_hw_ila_data [upload_hw_ila_data [get_hw_ilas -of_objects [get_hw_devices xc7z020_1] -filter {CELL_NAME=~"design_2_i/ila_0"}]]
INFO: [Labtools 27-1966] The ILA core 'hw_ila_1' triggered at 2026-May-19 12:56:18
INFO: [Labtools 27-3304] ILA Waveform data saved to file Z:/DAT096/DAT096-Qian/Embedded-System-Project-DAT096-Qians-branch/Board_1/Board_1/Board_2.hw/backup/hw_ila_data_1.ila. Use Tcl command 'read_hw_ila_data' or Vivado File->Import->Import ILA Data menu item to import the previously saved data.
run_hw_ila [get_hw_ilas -of_objects [get_hw_devices xc7z020_1] -filter {CELL_NAME=~"design_2_i/ila_0"}]
INFO: [Labtools 27-1964] The ILA core 'hw_ila_1' trigger was armed at 2026-May-19 12:56:21
wait_on_hw_ila [get_hw_ilas -of_objects [get_hw_devices xc7z020_1] -filter {CELL_NAME=~"design_2_i/ila_0"}]
display_hw_ila_data [upload_hw_ila_data [get_hw_ilas -of_objects [get_hw_devices xc7z020_1] -filter {CELL_NAME=~"design_2_i/ila_0"}]]
INFO: [Labtools 27-1966] The ILA core 'hw_ila_1' triggered at 2026-May-19 12:56:21
INFO: [Labtools 27-3304] ILA Waveform data saved to file Z:/DAT096/DAT096-Qian/Embedded-System-Project-DAT096-Qians-branch/Board_1/Board_1/Board_2.hw/backup/hw_ila_data_1.ila. Use Tcl command 'read_hw_ila_data' or Vivado File->Import->Import ILA Data menu item to import the previously saved data.
open_bd_design {Z:/DAT096/DAT096-Qian/Embedded-System-Project-DAT096-Qians-branch/Board_1/Board_1/Board_2.srcs/sources_1/bd/design_2/design_2.bd}
save_wave_config {Z:/DAT096/DAT096-Qian/Embedded-System-Project-DAT096-Qians-branch/Board_1/Board_1/Board_2.hw/hw_1/wave/hw_ila_data_1/hw_ila_data_1.wcfg}
close_hw_manager
exit
INFO: [Common 17-206] Exiting Vivado at Tue May 19 14:10:35 2026...
