#
# A fatal error has been detected by the Java Runtime Environment:
#
#  EXCEPTION_ACCESS_VIOLATION (0xc0000005) at pc=0x00007ffffd3b7291, pid=20064, tid=12320
#
# JRE version: OpenJDK Runtime Environment Temurin-21.0.1+12 (21.0.1+12) (build 21.0.1+12-LTS)
# Java VM: OpenJDK 64-Bit Server VM Temurin-21.0.1+12 (21.0.1+12-LTS, mixed mode, sharing, tiered, compressed oops, compressed class ptrs, g1 gc, windows-amd64)
# Problematic frame:
# C  0x00007ffffd3b7291
#
# No core dump will be written. Minidumps are not enabled by default on client versions of Windows
#
# If you would like to submit a bug report, please visit:
#   https://github.com/adoptium/adoptium-support/issues
# The crash happened outside the Java Virtual Machine in native code.
# See problematic frame for where to report the bug.
#

---------------  S U M M A R Y ------------

Command Line: -Dsun.java2d.pmoffscreen=false -Dhttps.protocols=TLSv1,TLSv1.1,TLSv1.2 -Dsun.java2d.xrender=false -Dsun.java2d.d3d=false -Dsun.awt.nopixfmt=true -Dsun.java2d.dpiaware=true -Dsun.java2d.uiScale.enabled=false -Dswing.aatext=true -XX:-UsePerfData -Djdk.map.althashing.threshold=512 -XX:StringTableSize=4072 -XX:+UseStringDeduplication -XX:MaxGCPauseMillis=200 -XX:ParallelGCThreads=4 -XX:+ParallelRefProcEnabled --add-opens=java.desktop/javax.swing.plaf.synth=ALL-UNNAMED --add-opens=java.base/java.nio=ALL-UNNAMED --add-opens=java.desktop/sun.swing=ALL-UNNAMED --add-opens=java.desktop/javax.swing=ALL-UNNAMED --add-opens=java.desktop/javax.swing.tree=ALL-UNNAMED --add-opens=java.desktop/javax.swing.plaf.basic=ALL-UNNAMED --add-opens=java.desktop/javax.swing.plaf.synth=ALL-UNNAMED --add-opens=java.desktop/javax.swing.plaf.basic=ALL-UNNAMED --add-opens=java.desktop/javax.swing=ALL-UNNAMED --add-opens=java.desktop/javax.swing.tree=ALL-UNNAMED --add-opens=java.desktop/java.awt.event=ALL-UNNAMED --add-exports=java.desktop/javax.swing.plaf.synth=ALL-UNNAMED --add-exports=java.base/java.nio=ALL-UNNAMED --add-exports=java.desktop/sun.swing=ALL-UNNAMED --add-exports=java.desktop/javax.swing=ALL-UNNAMED --add-exports=java.desktop/javax.swing.tree=ALL-UNNAMED --add-exports=java.desktop/javax.swing.plaf.basic=ALL-UNNAMED --add-exports=java.desktop/sun.swing=ALL-UNNAMED --add-exports=java.desktop/sun.swing.table=ALL-UNNAMED --add-exports=java.desktop/sun.swing.plaf.synth=ALL-UNNAMED --add-exports=java.desktop/sun.awt.shell=ALL-UNNAMED --add-exports=java.base/sun.security.action=ALL-UNNAMED --add-exports=java.desktop/sun.font=ALL-UNNAMED -XX:NewSize=80m -XX:MaxNewSize=80m -Xms512m -Xmx4072m -Xss10m 

Host: Intel(R) Core(TM) i7-14700, 28 cores, 31G,  Windows 11 , 64 bit Build 26100 (10.0.26100.8246)
Time: Wed Apr 22 15:54:50 2026 W. Europe Daylight Time elapsed time: 6735.852396 seconds (0d 1h 52m 15s)

---------------  T H R E A D  ---------------

Current thread (0x000001f0266c0c60):  JavaThread "AWT-EventQueue-0"        [_thread_in_native, id=12320, stack(0x0000006923100000,0x0000006923b00000) (10240K)]

Stack: [0x0000006923100000,0x0000006923b00000],  sp=0x0000006923afdf00,  free space=10231k
Native frames: (J=compiled Java code, j=interpreted, Vv=VM code, C=native code)
C  0x00007ffffd3b7291
C  0x000001efd3a9ab48

The last pc belongs to native nmethod (printed below).
Java frames: (J=compiled Java code, j=interpreted, Vv=VM code)
J 30346  ui.customizerjni.HACGCJModelJNI.HACGCGuiCommon_getName(JLui/customizerjni/HACGCGuiCommon;)Ljava/lang/String; (0 bytes) @ 0x000001efd3a9aaad [0x000001efd3a9aa40+0x000000000000006d]
j  ui.customizerjni.HACGCGuiCommon.getName()Ljava/lang/String;+5
j  ui.data.coregen.xpegua.D$a.getListCellRendererComponent(Ljavax/swing/JList;Ljava/lang/Object;IZZ)Ljava/awt/Component;+39
J 28624 c1 javax.swing.plaf.basic.BasicListUI.updateLayoutState()V java.desktop@21.0.1 (285 bytes) @ 0x000001efcbe70034 [0x000001efcbe6f6c0+0x0000000000000974]
J 37180 c2 javax.swing.plaf.basic.BasicListUI.maybeUpdateLayoutState()V java.desktop@21.0.1 (17 bytes) @ 0x000001efd3c52f10 [0x000001efd3c52ea0+0x0000000000000070]
J 35566 c1 javax.swing.plaf.basic.BasicListUI$Handler.valueChanged(Ljavax/swing/event/ListSelectionEvent;)V java.desktop@21.0.1 (109 bytes) @ 0x000001efcaf1afdc [0x000001efcaf1aec0+0x000000000000011c]
J 36166 c1 javax.swing.DefaultListSelectionModel.fireValueChanged(IIZ)V java.desktop@21.0.1 (76 bytes) @ 0x000001efcc1fd46c [0x000001efcc1fcf80+0x00000000000004ec]
J 28879 c2 javax.swing.DefaultListSelectionModel.fireValueChanged()V java.desktop@21.0.1 (74 bytes) @ 0x000001efd271c118 [0x000001efd271c0a0+0x0000000000000078]
J 34889 c1 javax.swing.DefaultListSelectionModel.changeSelection(IIIIZ)V java.desktop@21.0.1 (106 bytes) @ 0x000001efcae7c3b4 [0x000001efcae7bda0+0x0000000000000614]
J 37316 c1 javax.swing.DefaultListSelectionModel.changeSelection(IIII)V java.desktop@21.0.1 (11 bytes) @ 0x000001efcaf787c4 [0x000001efcaf78740+0x0000000000000084]
J 35859 c1 javax.swing.DefaultListSelectionModel.setSelectionInterval(II)V java.desktop@21.0.1 (63 bytes) @ 0x000001efccc53dbc [0x000001efccc53a80+0x000000000000033c]
J 62197 c1 javax.swing.plaf.basic.BasicComboPopup.configureList()V java.desktop@21.0.1 (122 bytes) @ 0x000001efcbf065d4 [0x000001efcbf04480+0x0000000000002154]
J 61809 c1 javax.swing.plaf.basic.BasicComboPopup.<init>(Ljavax/swing/JComboBox;)V java.desktop@21.0.1 (101 bytes) @ 0x000001efcbcc26dc [0x000001efcbcc1fa0+0x000000000000073c]
J 59136 c1 ui.utils.lnf.HSyntheticaComboBoxUI.createPopup()Ljavax/swing/plaf/basic/ComboPopup; (26 bytes) @ 0x000001efcc2b1634 [0x000001efcc2b14c0+0x0000000000000174]
J 61808 c1 javax.swing.plaf.basic.BasicComboBoxUI.installUI(Ljavax/swing/JComponent;)V java.desktop@21.0.1 (225 bytes) @ 0x000001efcc47f95c [0x000001efcc47f660+0x00000000000002fc]
J 58734 c1 javax.swing.plaf.synth.SynthComboBoxUI.installUI(Ljavax/swing/JComponent;)V java.desktop@21.0.1 (18 bytes) @ 0x000001efcc5c4824 [0x000001efcc5c4660+0x00000000000001c4]
J 13394 c2 javax.swing.JComponent.setUI(Ljavax/swing/plaf/ComponentUI;)V java.desktop@21.0.1 (72 bytes) @ 0x000001efd2b56d1c [0x000001efd2b563e0+0x000000000000093c]
J 58733 c1 javax.swing.JComboBox.updateUI()V java.desktop@21.0.1 (59 bytes) @ 0x000001efcccb1d64 [0x000001efcccb1ac0+0x00000000000002a4]
j  ui.utils.swing.e.d.updateUI()V+1
J 71641 c2 javax.swing.SwingUtilities.updateComponentTreeUI0(Ljava/awt/Component;)V java.desktop@21.0.1 (100 bytes) @ 0x000001efd3e8cea8 [0x000001efd3e8cc00+0x00000000000002a8]
J 71641 c2 javax.swing.SwingUtilities.updateComponentTreeUI0(Ljava/awt/Component;)V java.desktop@21.0.1 (100 bytes) @ 0x000001efd3e8d100 [0x000001efd3e8cc00+0x0000000000000500]
J 71641 c2 javax.swing.SwingUtilities.updateComponentTreeUI0(Ljava/awt/Component;)V java.desktop@21.0.1 (100 bytes) @ 0x000001efd3e8d100 [0x000001efd3e8cc00+0x0000000000000500]
J 71641 c2 javax.swing.SwingUtilities.updateComponentTreeUI0(Ljava/awt/Component;)V java.desktop@21.0.1 (100 bytes) @ 0x000001efd3e8d100 [0x000001efd3e8cc00+0x0000000000000500]
J 71641 c2 javax.swing.SwingUtilities.updateComponentTreeUI0(Ljava/awt/Component;)V java.desktop@21.0.1 (100 bytes) @ 0x000001efd3e8d100 [0x000001efd3e8cc00+0x0000000000000500]
J 71641 c2 javax.swing.SwingUtilities.updateComponentTreeUI0(Ljava/awt/Component;)V java.desktop@21.0.1 (100 bytes) @ 0x000001efd3e8d100 [0x000001efd3e8cc00+0x0000000000000500]
J 71641 c2 javax.swing.SwingUtilities.updateComponentTreeUI0(Ljava/awt/Component;)V java.desktop@21.0.1 (100 bytes) @ 0x000001efd3e8d100 [0x000001efd3e8cc00+0x0000000000000500]
J 71641 c2 javax.swing.SwingUtilities.updateComponentTreeUI0(Ljava/awt/Component;)V java.desktop@21.0.1 (100 bytes) @ 0x000001efd3e8d100 [0x000001efd3e8cc00+0x0000000000000500]
J 71419 c2 javax.swing.SwingUtilities.updateComponentTreeUI(Ljava/awt/Component;)V java.desktop@21.0.1 (17 bytes) @ 0x000001efd26c92bc [0x000001efd26c9060+0x000000000000025c]
j  com.jidesoft.plaf.WindowsDesktopProperty.updateWindowUI(Ljava/awt/Window;)V+1
j  com.jidesoft.plaf.WindowsDesktopProperty.updateWindowUI(Ljava/awt/Window;)V+31
j  com.jidesoft.plaf.WindowsDesktopProperty.updateAllUIs()V+23
j  com.jidesoft.plaf.WindowsDesktopProperty.access$000()V+0
j  com.jidesoft.plaf.WindowsDesktopProperty$1.run()V+0
J 14788 c2 java.awt.EventQueue.dispatchEvent(Ljava/awt/AWTEvent;)V java.desktop@21.0.1 (80 bytes) @ 0x000001efd2d03ee0 [0x000001efd2d03a00+0x00000000000004e0]
J 26986 c2 ui.frmwork.a.d.dispatchEvent(Ljava/awt/AWTEvent;)V (41 bytes) @ 0x000001efd37efb78 [0x000001efd37eed00+0x0000000000000e78]
J 52860 c2 java.awt.EventDispatchThread.pumpOneEventForFilters(I)V java.desktop@21.0.1 (106 bytes) @ 0x000001efd367e438 [0x000001efd367d540+0x0000000000000ef8]
J 22478% c2 java.awt.EventDispatchThread.pumpEventsForFilter(ILjava/awt/Conditional;Ljava/awt/EventFilter;)V java.desktop@21.0.1 (47 bytes) @ 0x000001efd36d9050 [0x000001efd36d8fa0+0x00000000000000b0]
j  java.awt.EventDispatchThread.pumpEventsForHierarchy(ILjava/awt/Conditional;Ljava/awt/Component;)V+11 java.desktop@21.0.1
j  java.awt.EventDispatchThread.pumpEvents(ILjava/awt/Conditional;)V+4 java.desktop@21.0.1
j  java.awt.EventDispatchThread.pumpEvents(Ljava/awt/Conditional;)V+3 java.desktop@21.0.1
j  java.awt.EventDispatchThread.run()V+9 java.desktop@21.0.1
v  ~StubRoutines::call_stub 0x000001efd1b3100d

siginfo: EXCEPTION_ACCESS_VIOLATION (0xc0000005), reading address 0xffffffffffffffff


Registers:
RAX=0x000001f03c1fa928, RBX=0x000001f04005a838, RCX=0x000001f03a121c10, RDX=0x0000006923afdf38
RSP=0x0000006923afdf00, RBP=0x0000006923afe040, RSI=0x0000000000000000, RDI=0x000001f0266c1018
R8 =0x000001f03a121c10, R9 =0x0000006923afe008, R10=0x00007ff81fdd9aae, R11=0x000001efd3a9aa60
R12=0x0000000000000000, R13=0x0000006923afe050, R14=0x0000006923afe030, R15=0x000001f0266c0c60
RIP=0x00007ffffd3b7291, EFLAGS=0x0000000000010246


Register to memory mapping:

RAX=0x000001f03c1fa928 points into unknown readable memory: 0x000001f043916070 | 70 60 91 43 f0 01 00 00
RBX={method} {0x000001f04005a840} 'HACGCGuiCommon_getName' '(JLui/customizerjni/HACGCGuiCommon;)Ljava/lang/String;' in 'ui/customizerjni/HACGCJModelJNI'
RCX=0x000001f03a121c10 points into unknown readable memory: 0x000001f03c1fa928 | 28 a9 1f 3c f0 01 00 00
RDX=0x0000006923afdf38 is pointing into the stack for thread: 0x000001f0266c0c60
RSP=0x0000006923afdf00 is pointing into the stack for thread: 0x000001f0266c0c60
RBP=0x0000006923afe040 is pointing into the stack for thread: 0x000001f0266c0c60
RSI=0x0 is null
RDI=0x000001f0266c1018 points into unknown readable memory: 0x00007ff81fd6f790 | 90 f7 d6 1f f8 7f 00 00
R8 =0x000001f03a121c10 points into unknown readable memory: 0x000001f03c1fa928 | 28 a9 1f 3c f0 01 00 00
R9 =0x0000006923afe008 is pointing into the stack for thread: 0x000001f0266c0c60
R10=0x00007ff81fdd9aae jvm.dll
R11=0x000001efd3a9aa60 is at entry_point+32 in (nmethod*)0x000001efd3a9a890
Compiled method (n/a) 6735882 30346     n 0       ui.customizerjni.HACGCJModelJNI::HACGCGuiCommon_getName (native)
 total in heap  [0x000001efd3a9a890,0x000001efd3a9ae98] = 1544
 relocation     [0x000001efd3a9a9f0,0x000001efd3a9aa28] = 56
 main code      [0x000001efd3a9aa40,0x000001efd3a9ae8b] = 1099
 stub code      [0x000001efd3a9ae8b,0x000001efd3a9ae90] = 5
 oops           [0x000001efd3a9ae90,0x000001efd3a9ae98] = 8
R12=0x0 is null
R13=0x0000006923afe050 is pointing into the stack for thread: 0x000001f0266c0c60
R14=0x0000006923afe030 is pointing into the stack for thread: 0x000001f0266c0c60
R15=0x000001f0266c0c60 is a thread

Top of Stack: (sp=0x0000006923afdf00)
0x0000006923afdf00:   34e63b4167e12cdf 000e178101b4d89f
0x0000006923afdf10:   e206a6b927a4b54d b8338a744a31be52
0x0000006923afdf20:   000001f0266c1018 5087926c2c078892
0x0000006923afdf30:   7390eba51cfaab1c 5fa576e1fe5e555a
0x0000006923afdf40:   000001f0266c0c60 0000006923afe0c0
0x0000006923afdf50:   0000006923afe050 0000000000000000
0x0000006923afdf60:   000001efd3a9aa60 0000000000000000
0x0000006923afdf70:   000000000000000f 000000070e1aadc0
0x0000006923afdf80:   000001efe3012ff0 0000000000000000
0x0000006923afdf90:   0000006923afdfc8 000001efd4187a90
0x0000006923afdfa0:   000001f04005a838 000001f03a121c10
0x0000006923afdfb0:   0000006923afdfd8 000001f04005a838
0x0000006923afdfc0:   000076016761ca4d 0000006923afe040
0x0000006923afdfd0:   000001efe3012ff0 000001efd3a9ab48
0x0000006923afdfe0:   000000072cb4ef1f 000001f04005a838
0x0000006923afdff0:   00000000e0507bb3 0000000000000000
0x0000006923afe000:   0000006923afe000 000000070e1aadc0
0x0000006923afe010:   0000000000000002 000001f040e2a7d0
0x0000006923afe020:   0000000000000000 0000000703b107d0
0x0000006923afe030:   00000007079cead0 0000000000000000
0x0000006923afe040:   0000006923afe0b0 000001efd1b389b8
0x0000006923afe050:   000000070e1aadc0 000001f03a121c10
0x0000006923afe060:   0000000000000000 0000006923afe068
0x0000006923afe070:   000001f03f948e8d 0000000000000002
0x0000006923afe080:   000001f04008ca28 000001f040ea9590
0x0000006923afe090:   0000000704cdd888 000001f03f948e98
0x0000006923afe0a0:   0000006923afe050 0000006923afe0c0
0x0000006923afe0b0:   0000006923afe118 000001efd1b389b8
0x0000006923afe0c0:   000000070e1aadc0 000000070e1aadc0
0x0000006923afe0d0:   0000006923afe0d0 000001f040e3386f
0x0000006923afe0e0:   0000000000000008 000001f040e2fdf0
0x0000006923afe0f0:   000001f040f9a1e8 0000000708d2c4f8 

Instructions: (pc=0x00007ffffd3b7291)
0x00007ffffd3b7191:   48 89 84 24 a0 00 00 00 48 89 4c 24 20 41 0f b6
0x00007ffffd3b71a1:   40 78 48 8b 8c 24 a0 00 00 00 48 33 cc e8 ad ba
0x00007ffffd3b71b1:   63 00 48 81 c4 b8 00 00 00 c3 32 c0 48 8b 8c 24
0x00007ffffd3b71c1:   a0 00 00 00 48 33 cc e8 93 ba 63 00 48 81 c4 b8
0x00007ffffd3b71d1:   00 00 00 c3 eb e4 eb e2 cc cc cc cc cc cc cc 48
0x00007ffffd3b71e1:   81 ec b8 00 00 00 48 8b 05 8a b3 74 01 48 33 c4
0x00007ffffd3b71f1:   48 89 84 24 a0 00 00 00 48 89 4c 24 20 41 0f b6
0x00007ffffd3b7201:   40 28 48 8b 8c 24 a0 00 00 00 48 33 cc e8 4d ba
0x00007ffffd3b7211:   63 00 48 81 c4 b8 00 00 00 c3 32 c0 48 8b 8c 24
0x00007ffffd3b7221:   a0 00 00 00 48 33 cc e8 33 ba 63 00 48 81 c4 b8
0x00007ffffd3b7231:   00 00 00 c3 eb e4 eb e2 cc cc cc cc cc cc cc 48
0x00007ffffd3b7241:   89 5c 24 10 48 89 74 24 20 57 48 81 ec d0 00 00
0x00007ffffd3b7251:   00 48 8b 05 1f b3 74 01 48 33 c4 48 89 84 24 c0
0x00007ffffd3b7261:   00 00 00 48 8b f9 48 89 4c 24 20 33 f6 48 89 74
0x00007ffffd3b7271:   24 58 48 89 74 24 68 48 c7 44 24 70 0f 00 00 00
0x00007ffffd3b7281:   40 88 74 24 58 49 8b 00 48 8d 54 24 38 49 8b c8
0x00007ffffd3b7291:   ff 50 08 48 8b d8 48 8d 44 24 58 48 3b c3 74 6c
0x00007ffffd3b72a1:   48 8b 54 24 70 48 83 fa 10 72 2e 48 ff c2 48 8b
0x00007ffffd3b72b1:   4c 24 58 48 8b c1 48 81 fa 00 10 00 00 72 15 48
0x00007ffffd3b72c1:   83 c2 27 48 8b 49 f8 48 2b c1 48 83 c0 f8 48 83
0x00007ffffd3b72d1:   f8 1f 77 6c e8 ae b0 63 00 48 89 74 24 68 48 c7
0x00007ffffd3b72e1:   44 24 70 0f 00 00 00 c6 44 24 58 00 0f 10 03 0f
0x00007ffffd3b72f1:   11 44 24 58 0f 10 4b 10 0f 11 4c 24 68 48 89 73
0x00007ffffd3b7301:   10 48 c7 43 18 0f 00 00 00 c6 03 00 48 8b 54 24
0x00007ffffd3b7311:   50 48 83 fa 10 72 36 48 ff c2 48 8b 4c 24 38 48
0x00007ffffd3b7321:   8b c1 48 81 fa 00 10 00 00 72 1c 48 83 c2 27 48
0x00007ffffd3b7331:   8b 49 f8 48 2b c1 48 83 c0 f8 48 83 f8 1f 76 07
0x00007ffffd3b7341:   ff 15 51 e6 f2 00 cc e8 3b b0 63 00 90 48 8d 54
0x00007ffffd3b7351:   24 58 48 83 7c 24 70 10 48 0f 43 54 24 58 48 8b
0x00007ffffd3b7361:   07 4c 8b 80 38 05 00 00 48 8b cf 41 ff d0 48 8b
0x00007ffffd3b7371:   d8 48 8b 54 24 70 48 83 fa 10 72 32 48 ff c2 48
0x00007ffffd3b7381:   8b 4c 24 58 48 8b c1 48 81 fa 00 10 00 00 72 19 


Stack slot to memory mapping:

stack at sp + 0 slots: 0x34e63b4167e12cdf is an unknown value
stack at sp + 1 slots: 0x000e178101b4d89f is an unknown value
stack at sp + 2 slots: 0xe206a6b927a4b54d is an unknown value
stack at sp + 3 slots: 0xb8338a744a31be52 is an unknown value
stack at sp + 4 slots: 0x000001f0266c1018 points into unknown readable memory: 0x00007ff81fd6f790 | 90 f7 d6 1f f8 7f 00 00
stack at sp + 5 slots: 0x5087926c2c078892 is an unknown value
stack at sp + 6 slots: 0x7390eba51cfaab1c is an unknown value
stack at sp + 7 slots: 0x5fa576e1fe5e555a is an unknown value


Compiled method (n/a) 6735917 30346     n 0       ui.customizerjni.HACGCJModelJNI::HACGCGuiCommon_getName (native)
 total in heap  [0x000001efd3a9a890,0x000001efd3a9ae98] = 1544
 relocation     [0x000001efd3a9a9f0,0x000001efd3a9aa28] = 56
 main code      [0x000001efd3a9aa40,0x000001efd3a9ae8b] = 1099
 stub code      [0x000001efd3a9ae8b,0x000001efd3a9ae90] = 5
 oops           [0x000001efd3a9ae90,0x000001efd3a9ae98] = 8

[Constant Pool (empty)]

[MachCode]
[Entry Point]
  # {method} {0x000001f04005a840} 'HACGCGuiCommon_getName' '(JLui/customizerjni/HACGCGuiCommon;)Ljava/lang/String;' in 'ui/customizerjni/HACGCJModelJNI'
  # parm0:    rdx:rdx   = long
  # parm1:    r8:r8     = 'ui/customizerjni/HACGCGuiCommon'
  #           [sp+0x70]  (sp of caller)
  0x000001efd3a9aa40: 448b 5208 | 49bb 0000 | 00e1 ef01 | 0000 4d03 | d349 3bc2 | 0f84 0600 

  0x000001efd3a9aa58: ;   {runtime_call ic_miss_stub}
  0x000001efd3a9aa58: 0000 e921 | 3d0e fe90 
[Verified Entry Point]
  0x000001efd3a9aa60: 8984 2400 | 80ff ff55 | 488b ec48 | 83ec 6090 | 4181 7f20 | 6f00 0000 

  0x000001efd3a9aa78: ;   {runtime_call StubRoutines (final stubs)}
  0x000001efd3a9aa78: 7405 e8e1 | a20c fe4c | 8944 2428 | 4983 f800 | 4c8d 4c24 | 284c 0f44 | 4c24 284c 

  0x000001efd3a9aa94: ;   {oop(a 'java/lang/Class'{0x00000007079cead0} = 'ui/customizerjni/HACGCJModelJNI')}
  0x000001efd3a9aa94: 8bc2 49be | d0ea 9c07 | 0700 0000 | 4c89 7424 | 504c 8d74 | 2450 498b | d6c5 f877 

  0x000001efd3a9aab0: ;   {internal_word}
  0x000001efd3a9aab0: 49ba adaa | a9d3 ef01 | 0000 4d89 | 97a0 0300 | 0049 89a7 | 9803 0000 

  0x000001efd3a9aac8: ;   {external_word}
  0x000001efd3a9aac8: 49ba ae9a | dd1f f87f | 0000 4180 | 3a00 0f84 | 4e00 0000 | 5241 5041 

  0x000001efd3a9aae0: ;   {metadata({method} {0x000001f04005a840} 'HACGCGuiCommon_getName' '(JLui/customizerjni/HACGCGuiCommon;)Ljava/lang/String;' in 'ui/customizerjni/HACGCJModelJNI')}
  0x000001efd3a9aae0: 5148 ba38 | a805 40f0 | 0100 0049 | 8bcf 4883 | ec20 40f6 | c40f 0f84 | 1900 0000 | 4883 ec08 
  0x000001efd3a9ab00: ;   {runtime_call}
  0x000001efd3a9ab00: 48b8 a0d6 | 871f f87f | 0000 ffd0 | 4883 c408 | e90c 0000 

  0x000001efd3a9ab14: ;   {runtime_call}
  0x000001efd3a9ab14: 0048 b8a0 | d687 1ff8 | 7f00 00ff | d048 83c4 | 2041 5941 | 585a 498d | 8fb8 0300 | 0041 c787 
  0x000001efd3a9ab34: 4c04 0000 | 0400 0000 

  0x000001efd3a9ab3c: ;   {runtime_call}
  0x000001efd3a9ab3c: 48b8 4072 | 3bfd ff7f | 0000 ffd0 | c5f8 7741 | c787 4c04 | 0000 0500 | 0000 f083 | 4424 c000 
  0x000001efd3a9ab5c: 493b af50 | 0400 000f | 870e 0000 | 0041 83bf | 4804 0000 | 000f 842b | 0000 00c5 | f877 4889 
  0x000001efd3a9ab7c: 45f8 498b | cf4c 8be4 | 4883 ec20 | 4883 e4f0 

  0x000001efd3a9ab8c: ;   {runtime_call}
  0x000001efd3a9ab8c: 48b8 2099 | 531f f87f | 0000 ffd0 | 498b e44d | 33e4 488b | 45f8 41c7 | 874c 0400 | 0008 0000 
  0x000001efd3a9abac: 0041 83bf | c804 0000 | 020f 84a3 

  0x000001efd3a9abb8: ;   {external_word}
  0x000001efd3a9abb8: 0200 0049 | baae 9add | 1ff8 7f00 | 0041 803a | 000f 844c | 0000 0048 

  0x000001efd3a9abd0: ;   {metadata({method} {0x000001f04005a840} 'HACGCGuiCommon_getName' '(JLui/customizerjni/HACGCGuiCommon;)Ljava/lang/String;' in 'ui/customizerjni/HACGCJModelJNI')}
  0x000001efd3a9abd0: 8945 f848 | ba38 a805 | 40f0 0100 | 0049 8bcf | 4883 ec20 | 40f6 c40f | 0f84 1900 | 0000 4883 
  0x000001efd3a9abf0: ;   {runtime_call}
  0x000001efd3a9abf0: ec08 48b8 | a0d6 871f | f87f 0000 | ffd0 4883 | c408 e90c 

  0x000001efd3a9ac04: ;   {runtime_call}
  0x000001efd3a9ac04: 0000 0048 | b8a0 d687 | 1ff8 7f00 | 00ff d048 | 83c4 2048 | 8b45 f849 | c787 9803 | 0000 0000 
  0x000001efd3a9ac24: 0000 49c7 | 87a0 0300 | 0000 0000 | 00c5 f877 | 4885 c00f | 84fe 0100 | 00a8 030f | 8508 0000 
  0x000001efd3a9ac44: 0048 8b00 | e9ee 0100 | 00a8 010f | 8509 0000 | 0048 8b40 | fee9 dd01 | 0000 488b | 40ff 4180 
  0x000001efd3a9ac64: 7f40 000f | 84ce 0100 | 0048 83f8 | 000f 84c4 | 0100 0049 | 8b4f 2848 | 83f9 000f | 8414 0000 
  0x000001efd3a9ac84: 0048 83e9 | 0849 894f | 2849 034f | 3848 8901 | e9a2 0100 | 0048 81ec | d000 0000 | 4889 0424 
  0x000001efd3a9aca4: 4889 4c24 | 0848 8954 | 2410 4889 | 7424 1848 | 897c 2420 | 4c89 4424 | 284c 894c | 2430 4c89 
  0x000001efd3a9acc4: 5424 384c | 895c 2440 | c5fb 1144 | 2450 c5fb | 114c 2458 | c5fb 1154 | 2460 c5fb | 115c 2468 
  0x000001efd3a9ace4: c5fb 1164 | 2470 c5fb | 116c 2478 | c5fb 11b4 | 2480 0000 | 00c5 fb11 | bc24 8800 | 0000 c57b 
  0x000001efd3a9ad04: ;   {no_reloc}
  0x000001efd3a9ad04: 1184 2490 | 0000 00c5 | 7b11 8c24 | 9800 0000 | c57b 1194 | 24a0 0000 | 00c5 7b11 | 9c24 a800 
  0x000001efd3a9ad24: 0000 c57b | 11a4 24b0 | 0000 00c5 | 7b11 ac24 | b800 0000 | c57b 11b4 | 24c0 0000 | 00c5 7b11 
  0x000001efd3a9ad44: bc24 c800 | 0000 498b | d748 8bc8 | 4883 ec20 | 40f6 c40f | 0f84 1900 | 0000 4883 

  0x000001efd3a9ad60: ;   {runtime_call}
  0x000001efd3a9ad60: ec08 48b8 | e008 471f | f87f 0000 | ffd0 4883 | c408 e90c 

  0x000001efd3a9ad74: ;   {runtime_call}
  0x000001efd3a9ad74: 0000 0048 | b8e0 0847 | 1ff8 7f00 | 00ff d048 | 83c4 20c5 | 7b10 bc24 | c800 0000 | c57b 10b4 
  0x000001efd3a9ad94: 24c0 0000 | 00c5 7b10 | ac24 b800 | 0000 c57b | 10a4 24b0 | 0000 00c5 | 7b10 9c24 | a800 0000 
  0x000001efd3a9adb4: c57b 1094 | 24a0 0000 | 00c5 7b10 | 8c24 9800 | 0000 c57b | 1084 2490 | 0000 00c5 | fb10 bc24 
  0x000001efd3a9add4: 8800 0000 | c5fb 10b4 | 2480 0000 | 00c5 fb10 | 6c24 78c5 | fb10 6424 | 70c5 fb10 | 5c24 68c5 
  0x000001efd3a9adf4: fb10 5424 | 60c5 fb10 | 4c24 58c5 | fb10 4424 | 504c 8b5c | 2440 4c8b | 5424 384c | 8b4c 2430 
  0x000001efd3a9ae14: 4c8b 4424 | 2848 8b7c | 2420 488b | 7424 1848 | 8b54 2410 | 488b 4c24 | 0848 8b04 | 2448 81c4 
  0x000001efd3a9ae34: d000 0000 | c5f8 7749 | 8b8f 2804 | 0000 c781 | 0001 0000 | 0000 0000 | c949 837f | 0800 0f85 
  0x000001efd3a9ae54: 0100 0000 

  0x000001efd3a9ae58: ;   {runtime_call StubRoutines (initial stubs)}
  0x000001efd3a9ae58: c3e9 a260 | 09fe c5f8 | 7748 8945 | f84c 8be4 | 4883 ec20 | 4883 e4f0 

  0x000001efd3a9ae70: ;   {runtime_call}
  0x000001efd3a9ae70: 48b8 800e | 881f f87f | 0000 ffd0 | 498b e44d | 33e4 488b | 45f8 e930 | fdff fff4 | f4f4 f4f4 
[/MachCode]


Compiled method (c1) 6735927 28624       3       javax.swing.plaf.basic.BasicListUI::updateLayoutState (285 bytes)
 total in heap  [0x000001efcbe6f410,0x000001efcbe710f0] = 7392
 relocation     [0x000001efcbe6f570,0x000001efcbe6f6c0] = 336
 main code      [0x000001efcbe6f6c0,0x000001efcbe70a80] = 5056
 stub code      [0x000001efcbe70a80,0x000001efcbe70b38] = 184
 metadata       [0x000001efcbe70b38,0x000001efcbe70ba0] = 104
 scopes data    [0x000001efcbe70ba0,0x000001efcbe70e08] = 616
 scopes pcs     [0x000001efcbe70e08,0x000001efcbe71058] = 592
 dependencies   [0x000001efcbe71058,0x000001efcbe71078] = 32
 nul chk table  [0x000001efcbe71078,0x000001efcbe710f0] = 120

[Constant Pool (empty)]

[MachCode]
[Entry Point]
  # {method} {0x000001f0239c3910} 'updateLayoutState' '()V' in 'javax/swing/plaf/basic/BasicListUI'
  #           [sp+0xf0]  (sp of caller)
  0x000001efcbe6f6c0: 448b 5208 | 49bb 0000 | 00e1 ef01 | 0000 4d03 | d34c 3bd0 

  0x000001efcbe6f6d4: ;   {runtime_call ic_miss_stub}
  0x000001efcbe6f6d4: 0f85 a6f0 | d005 660f | 1f44 0000 
[Verified Entry Point]
  0x000001efcbe6f6e0: 8984 2400 | 80ff ff55 | 4881 ece0 | 0000 0090 | 4181 7f20 | 6f00 0000 

  0x000001efcbe6f6f8: ;   {runtime_call StubRoutines (final stubs)}
  0x000001efcbe6f6f8: 7405 e861 | 56cf 0548 | 8994 24a8 

  0x000001efcbe6f704: ;   {metadata(method data for {method} {0x000001f0239c3910} 'updateLayoutState' '()V' in 'javax/swing/plaf/basic/BasicListUI')}
  0x000001efcbe6f704: 0000 0048 | be18 4d5e | 40f0 0100 | 008b becc | 0000 0083 | c702 89be | cc00 0000 | 81e7 fe07 
  0x000001efcbe6f724: 0000 83ff | 000f 8423 | 1100 008b | 723c 48c1 | e603 483b | 0648 8bfe 

  0x000001efcbe6f73c: ;   {metadata(method data for {method} {0x000001f0239c3910} 'updateLayoutState' '()V' in 'javax/swing/plaf/basic/BasicListUI')}
  0x000001efcbe6f73c: 48bb 184d | 5e40 f001 | 0000 8b7f | 0849 ba00 | 0000 e1ef | 0100 0049 | 03fa 483b | bb20 0100 
  0x000001efcbe6f75c: 0075 0d48 | 8383 2801 | 0000 01e9 | 6000 0000 | 483b bb30 | 0100 0075 | 0d48 8383 | 3801 0000 
  0x000001efcbe6f77c: 01e9 4a00 | 0000 4883 | bb20 0100 | 0000 7517 | 4889 bb20 | 0100 0048 | c783 2801 | 0000 0100 
  0x000001efcbe6f79c: 0000 e929 | 0000 0048 | 83bb 3001 | 0000 0075 | 1748 89bb | 3001 0000 | 48c7 8338 | 0100 0001 
  0x000001efcbe6f7bc: 0000 00e9 | 0800 0000 | 4883 8310 | 0100 0001 | 8bbe 5c01 | 0000 89bc | 24b4 0000 | 0048 8bde 
  0x000001efcbe6f7dc: ;   {metadata(method data for {method} {0x000001f0239c3910} 'updateLayoutState' '()V' in 'javax/swing/plaf/basic/BasicListUI')}
  0x000001efcbe6f7dc: 48b8 184d | 5e40 f001 | 0000 8b5b | 0849 ba00 | 0000 e1ef | 0100 0049 | 03da 483b | 9858 0100 
  0x000001efcbe6f7fc: 0075 0d48 | 8380 6001 | 0000 01e9 | 6000 0000 | 483b 9868 | 0100 0075 | 0d48 8380 | 7001 0000 
  0x000001efcbe6f81c: 01e9 4a00 | 0000 4883 | b858 0100 | 0000 7517 | 4889 9858 | 0100 0048 | c780 6001 | 0000 0100 
  0x000001efcbe6f83c: 0000 e929 | 0000 0048 | 83b8 6801 | 0000 0075 | 1748 8998 | 6801 0000 | 48c7 8070 | 0100 0001 
  0x000001efcbe6f85c: 0000 00e9 | 0800 0000 | 4883 8048 | 0100 0001 | 8b9e 5801 | 0000 899c | 24b0 0000 | 0083 fbff 
  0x000001efcbe6f87c: ;   {metadata(method data for {method} {0x000001f0239c3910} 'updateLayoutState' '()V' in 'javax/swing/plaf/basic/BasicListUI')}
  0x000001efcbe6f87c: 48b8 184d | 5e40 f001 | 0000 48b9 | 8001 0000 | 0000 0000 | 0f84 0a00 | 0000 48b9 | 9001 0000 
  0x000001efcbe6f89c: 0000 0000 | 4c8b 0408 | 4d8d 4001 | 4c89 0408 | 0f84 1800 

  0x000001efcbe6f8b0: ;   {metadata(method data for {method} {0x000001f0239c3910} 'updateLayoutState' '()V' in 'javax/swing/plaf/basic/BasicListUI')}
  0x000001efcbe6f8b0: 0000 48b8 | 184d 5e40 | f001 0000 | ff80 a001 | 0000 488b | c3e9 0500 | 0000 b8ff | ffff ff89 
  0x000001efcbe6f8d0: 4218 83ff 

  0x000001efcbe6f8d4: ;   {metadata(method data for {method} {0x000001f0239c3910} 'updateLayoutState' '()V' in 'javax/swing/plaf/basic/BasicListUI')}
  0x000001efcbe6f8d4: ff48 b818 | 4d5e 40f0 | 0100 0048 | b9b8 0100 | 0000 0000 | 000f 840a | 0000 0048 | b9c8 0100 
  0x000001efcbe6f8f4: 0000 0000 | 004c 8b04 | 084d 8d40 | 014c 8904 | 080f 842d | 0000 0089 | 7a0c 410f | be77 4083 
  0x000001efcbe6f914: fe00 0f85 | 5c0f 0000 | c742 5c00 

  0x000001efcbe6f920: ;   {metadata(method data for {method} {0x000001f0239c3910} 'updateLayoutState' '()V' in 'javax/swing/plaf/basic/BasicListUI')}
  0x000001efcbe6f920: 0000 0048 | be18 4d5e | 40f0 0100 | 00ff 86d8 | 0100 00e9 | 1f02 0000 | c742 0cff | ffff ff48 
  0x000001efcbe6f940: ;   {metadata(method data for {method} {0x000001f0239c3910} 'updateLayoutState' '()V' in 'javax/swing/plaf/basic/BasicListUI')}
  0x000001efcbe6f940: 8bc6 48b9 | 184d 5e40 | f001 0000 | 8b40 0849 | ba00 0000 | e1ef 0100 | 0049 03c2 | 483b 8100 
  0x000001efcbe6f960: 0200 0075 | 0d48 8381 | 0802 0000 | 01e9 6000 | 0000 483b | 8110 0200 | 0075 0d48 | 8381 1802 
  0x000001efcbe6f980: 0000 01e9 | 4a00 0000 | 4883 b900 | 0200 0000 | 7517 4889 | 8100 0200 | 0048 c781 | 0802 0000 
  0x000001efcbe6f9a0: 0100 0000 | e929 0000 | 0048 83b9 | 1002 0000 | 0075 1748 | 8981 1002 | 0000 48c7 | 8118 0200 
  0x000001efcbe6f9c0: 0001 0000 | 00e9 0800 | 0000 4883 | 81f0 0100 | 0001 8bb6 | 8001 0000 | 48c1 e603 

  0x000001efcbe6f9dc: ; implicit exception: dispatches to 0x000001efcbe70897
  0x000001efcbe6f9dc: 483b 0648 

  0x000001efcbe6f9e0: ;   {metadata(method data for {method} {0x000001f0239c3910} 'updateLayoutState' '()V' in 'javax/swing/plaf/basic/BasicListUI')}
  0x000001efcbe6f9e0: 8bc6 48b9 | 184d 5e40 | f001 0000 | 8b40 0849 | ba00 0000 | e1ef 0100 | 0049 03c2 | 483b 8138 
  0x000001efcbe6fa00: 0200 0075 | 0d48 8381 | 4002 0000 | 01e9 6000 | 0000 483b | 8148 0200 | 0075 0d48 | 8381 5002 
  0x000001efcbe6fa20: 0000 01e9 | 4a00 0000 | 4883 b938 | 0200 0000 | 7517 4889 | 8138 0200 | 0048 c781 | 4002 0000 
  0x000001efcbe6fa40: 0100 0000 | e929 0000 | 0048 83b9 | 4802 0000 | 0075 1748 | 8981 4802 | 0000 48c7 | 8150 0200 
  0x000001efcbe6fa60: 0001 0000 | 00e9 0800 | 0000 4883 | 8128 0200 | 0001 488b | d648 b8c0 | fc4f 3af0 

  0x000001efcbe6fa7c: ;   {virtual_call}
  0x000001efcbe6fa7c: 0100 00e8 

  0x000001efcbe6fa80: ; ImmutableOopMap {[168]=Oop }
                      ;*invokeinterface getSize {reexecute=0 rethrow=0 return_oop=0}
                      ; - javax.swing.plaf.basic.BasicListUI::updateLayoutState@61 (line 1425)
  0x000001efcbe6fa80: 1cd6 f805 

  0x000001efcbe6fa84: ;   {other}
  0x000001efcbe6fa84: 0f1f 8400 | 7406 0000 

  0x000001efcbe6fa8c: ;   {metadata({type array int})}
  0x000001efcbe6fa8c: 488b d848 | baa0 2600 | e1ef 0100 | 0048 63db | 488b fb48 | 81fb ffff | ff00 0f87 | f00d 0000 
  0x000001efcbe6faac: 48be 1700 | 0000 0000 | 0000 488d | 349e 4883 | e6f8 498b | 87b8 0100 | 0048 8d34 | 3049 3bb7 
  0x000001efcbe6facc: c801 0000 | 0f87 c60d | 0000 4989 | b7b8 0100 | 0048 2bf0 | 48c7 0001 | 0000 0048 | 8bca 49ba 
  0x000001efcbe6faec: 0000 00e1 | ef01 0000 | 492b ca89 | 4808 8958 | 0c48 83ee | 1048 85f6 | 0f84 1100 | 0000 4833 
  0x000001efcbe6fb0c: db48 c1ee | 0348 895c | f008 48ff | ce75 f641 | 0fbe 5740 | 83fa 0048 | 8b94 24a8 | 0000 000f 
  0x000001efcbe6fb2c: 8575 0d00 | 004c 8bd0 | 49c1 ea03 | 4489 525c | 488b f248 | 33f0 48c1 | ee15 4883 | fe00 0f85 
  0x000001efcbe6fb4c: 750d 0000 | 8b9c 24b0 | 0000 0083 

  0x000001efcbe6fb58: ;   {metadata(method data for {method} {0x000001f0239c3910} 'updateLayoutState' '()V' in 'javax/swing/plaf/basic/BasicListUI')}
  0x000001efcbe6fb58: fbff 48be | 184d 5e40 | f001 0000 | 48bf 6002 | 0000 0000 | 0000 0f84 | 0a00 0000 | 48bf 7002 
  0x000001efcbe6fb78: 0000 0000 | 0000 488b | 043e 488d | 4001 4889 | 043e 0f84 | 4e00 0000 | 8bbc 24b4 | 0000 0083 
  0x000001efcbe6fb98: ;   {metadata(method data for {method} {0x000001f0239c3910} 'updateLayoutState' '()V' in 'javax/swing/plaf/basic/BasicListUI')}
  0x000001efcbe6fb98: ffff 48be | 184d 5e40 | f001 0000 | 48b8 9002 | 0000 0000 | 0000 0f84 | 0a00 0000 | 48b8 8002 
  0x000001efcbe6fbb8: 0000 0000 | 0000 488b | 0c06 488d | 4901 4889 | 0c06 0f84 | 0e00 0000 | 4c8b c34c | 8bcf 4c8b 
  0x000001efcbe6fbd8: dae9 f20b | 0000 8b72 | 3c48 c1e6 | 0348 3b06 

  0x000001efcbe6fbe8: ;   {metadata(method data for {method} {0x000001f0239c3910} 'updateLayoutState' '()V' in 'javax/swing/plaf/basic/BasicListUI')}
  0x000001efcbe6fbe8: 488b c648 | b918 4d5e | 40f0 0100 | 008b 4008 | 49ba 0000 | 00e1 ef01 | 0000 4903 | c248 3b81 
  0x000001efcbe6fc08: b002 0000 | 750d 4883 | 81b8 0200 | 0001 e960 | 0000 0048 | 3b81 c002 | 0000 750d | 4883 81c8 
  0x000001efcbe6fc28: 0200 0001 | e94a 0000 | 0048 83b9 | b002 0000 | 0075 1748 | 8981 b002 | 0000 48c7 | 81b8 0200 
  0x000001efcbe6fc48: 0001 0000 | 00e9 2900 | 0000 4883 | b9c0 0200 | 0000 7517 | 4889 81c0 | 0200 0048 | c781 c802 
  0x000001efcbe6fc68: 0000 0100 | 0000 e908 | 0000 0048 | 8381 a002 | 0000 018b | b680 0100 | 0048 c1e6 | 0348 89b4 
  0x000001efcbe6fc88: 24b8 0000 | 0048 3b06 

  0x000001efcbe6fc90: ;   {metadata(method data for {method} {0x000001f0239c3910} 'updateLayoutState' '()V' in 'javax/swing/plaf/basic/BasicListUI')}
  0x000001efcbe6fc90: 488b c648 | b918 4d5e | 40f0 0100 | 008b 4008 | 49ba 0000 | 00e1 ef01 | 0000 4903 | c248 3b81 
  0x000001efcbe6fcb0: e802 0000 | 750d 4883 | 81f0 0200 | 0001 e960 | 0000 0048 | 3b81 f802 | 0000 750d | 4883 8100 
  0x000001efcbe6fcd0: 0300 0001 | e94a 0000 | 0048 83b9 | e802 0000 | 0075 1748 | 8981 e802 | 0000 48c7 | 81f0 0200 
  0x000001efcbe6fcf0: 0001 0000 | 00e9 2900 | 0000 4883 | b9f8 0200 | 0000 7517 | 4889 81f8 | 0200 0048 | c781 0003 
  0x000001efcbe6fd10: 0000 0100 | 0000 e908 | 0000 0048 | 8381 d802 | 0000 0148 | 8bd6 0f1f | 8000 0000 | 0048 b820 
  0x000001efcbe6fd30: fa4f 3af0 

  0x000001efcbe6fd34: ;   {virtual_call}
  0x000001efcbe6fd34: 0100 00e8 

  0x000001efcbe6fd38: ; ImmutableOopMap {[168]=Oop [184]=Oop }
                      ;*invokeinterface getSize {reexecute=0 rethrow=0 return_oop=0}
                      ; - javax.swing.plaf.basic.BasicListUI::updateLayoutState@90 (line 1438)
  0x000001efcbe6fd38: 64d3 f805 

  0x000001efcbe6fd3c: ;   {other}
  0x000001efcbe6fd3c: 0f1f 8400 | 2c09 0001 | 8984 24c0 | 0000 0048 | 8b94 24a8 | 0000 008b | 723c 48c1 | e603 483b 
  0x000001efcbe6fd5c: 0648 8bfe 

  0x000001efcbe6fd60: ;   {metadata(method data for {method} {0x000001f0239c3910} 'updateLayoutState' '()V' in 'javax/swing/plaf/basic/BasicListUI')}
  0x000001efcbe6fd60: 48bb 184d | 5e40 f001 | 0000 8b7f | 0849 ba00 | 0000 e1ef | 0100 0049 | 03fa 483b | bb20 0300 
  0x000001efcbe6fd80: 0075 0d48 | 8383 2803 | 0000 01e9 | 6000 0000 | 483b bb30 | 0300 0075 | 0d48 8383 | 3803 0000 
  0x000001efcbe6fda0: 01e9 4a00 | 0000 4883 | bb20 0300 | 0000 7517 | 4889 bb20 | 0300 0048 | c783 2803 | 0000 0100 
  0x000001efcbe6fdc0: 0000 e929 | 0000 0048 | 83bb 3003 | 0000 0075 | 1748 89bb | 3003 0000 | 48c7 8338 | 0300 0001 
  0x000001efcbe6fde0: 0000 00e9 | 0800 0000 | 4883 8310 | 0300 0001 | 488b d666 | 9048 b8ff | ffff ffff 

  0x000001efcbe6fdfc: ;   {virtual_call}
  0x000001efcbe6fdfc: ffff ffe8 

  0x000001efcbe6fe00: ; ImmutableOopMap {[168]=Oop [184]=Oop }
                      ;*invokevirtual getCellRenderer {reexecute=0 rethrow=0 return_oop=0}
                      ; - javax.swing.plaf.basic.BasicListUI::updateLayoutState@101 (line 1439)
  0x000001efcbe6fe00: bc39 0106 

  0x000001efcbe6fe04: ;   {other}
  0x000001efcbe6fe04: 0f1f 8400 | f409 0002 | 4889 8424 | c800 0000 | 4883 f800 

  0x000001efcbe6fe18: ;   {metadata(method data for {method} {0x000001f0239c3910} 'updateLayoutState' '()V' in 'javax/swing/plaf/basic/BasicListUI')}
  0x000001efcbe6fe18: 49b8 184d | 5e40 f001 | 0000 48ba | 4803 0000 | 0000 0000 | 0f84 0a00 | 0000 48ba | 5803 0000 
  0x000001efcbe6fe38: 0000 0000 | 498b 3410 | 488d 7601 | 4989 3410 | 0f84 7407 | 0000 be00 | 0000 000f | 1f44 0000 
  0x000001efcbe6fe58: 8b84 24c0 | 0000 0048 | 8bbc 24b8 | 0000 003b 

  0x000001efcbe6fe68: ;   {metadata(method data for {method} {0x000001f0239c3910} 'updateLayoutState' '()V' in 'javax/swing/plaf/basic/BasicListUI')}
  0x000001efcbe6fe68: f049 b818 | 4d5e 40f0 | 0100 0049 | bb68 0300 | 0000 0000 | 000f 8d0a | 0000 0049 | bb78 0300 
  0x000001efcbe6fe88: 0000 0000 | 004f 8b2c | 184d 8d6d | 014f 892c | 180f 8df6 | 0600 004c 

  0x000001efcbe6fea0: ;   {metadata(method data for {method} {0x000001f0239c3910} 'updateLayoutState' '()V' in 'javax/swing/plaf/basic/BasicListUI')}
  0x000001efcbe6fea0: 8bc7 49bb | 184d 5e40 | f001 0000 | 458b 4008 | 49ba 0000 | 00e1 ef01 | 0000 4d03 | c24d 3b83 
  0x000001efcbe6fec0: 9803 0000 | 750d 4983 | 83a0 0300 | 0001 e960 | 0000 004d | 3b83 a803 | 0000 750d | 4983 83b0 
  0x000001efcbe6fee0: 0300 0001 | e94a 0000 | 0049 83bb | 9803 0000 | 0075 174d | 8983 9803 | 0000 49c7 | 83a0 0300 
  0x000001efcbe6ff00: 0001 0000 | 00e9 2900 | 0000 4983 | bba8 0300 | 0000 7517 | 4d89 83a8 | 0300 0049 | c783 b003 
  0x000001efcbe6ff20: 0000 0100 | 0000 e908 | 0000 0049 | 8383 8803 | 0000 014c | 8bc6 488b | d789 b424 | c400 0000 
  0x000001efcbe6ff40: 0f1f 4400 | 0048 b830 | fc4f 3af0 

  0x000001efcbe6ff4c: ;   {virtual_call}
  0x000001efcbe6ff4c: 0100 00e8 

  0x000001efcbe6ff50: ; ImmutableOopMap {[168]=Oop [184]=Oop [200]=Oop }
                      ;*invokeinterface getElementAt {reexecute=0 rethrow=0 return_oop=0}
                      ; - javax.swing.plaf.basic.BasicListUI::updateLayoutState@124 (line 1443)
  0x000001efcbe6ff50: 6cd5 f805 

  0x000001efcbe6ff54: ;   {other}
  0x000001efcbe6ff54: 0f1f 8400 | 440b 0003 | 488b 9424 | a800 0000 | 448b 423c | 49c1 e003 | 488b 9c24 | c800 0000 
  0x000001efcbe6ff74: ; implicit exception: dispatches to 0x000001efcbe708ec
  0x000001efcbe6ff74: 483b 034c 

  0x000001efcbe6ff78: ;   {metadata(method data for {method} {0x000001f0239c3910} 'updateLayoutState' '()V' in 'javax/swing/plaf/basic/BasicListUI')}
  0x000001efcbe6ff78: 8bcb 48bf | 184d 5e40 | f001 0000 | 458b 4908 | 49ba 0000 | 00e1 ef01 | 0000 4d03 | ca4c 3b8f 
  0x000001efcbe6ff98: d003 0000 | 750d 4883 | 87d8 0300 | 0001 e960 | 0000 004c | 3b8f e003 | 0000 750d | 4883 87e8 
  0x000001efcbe6ffb8: 0300 0001 | e94a 0000 | 0048 83bf | d003 0000 | 0075 174c | 898f d003 | 0000 48c7 | 87d8 0300 
  0x000001efcbe6ffd8: 0001 0000 | 00e9 2900 | 0000 4883 | bfe0 0300 | 0000 7517 | 4c89 8fe0 | 0300 0048 | c787 e803 
  0x000001efcbe6fff8: 0000 0100 | 0000 e908 | 0000 0048 | 8387 c003 | 0000 014c | 8bc8 8bbc | 24c4 0000 | 00be 0000 
  0x000001efcbe70018: 0000 b900 | 0000 0048 | 8bd3 6666 | 9048 b8e0 | fa4f 3af0 

  0x000001efcbe7002c: ;   {virtual_call}
  0x000001efcbe7002c: 0100 00e8 

  0x000001efcbe70030: ; ImmutableOopMap {[168]=Oop [184]=Oop [200]=Oop }
                      ;*invokeinterface getListCellRendererComponent {reexecute=0 rethrow=0 return_oop=0}
                      ; - javax.swing.plaf.basic.BasicListUI::updateLayoutState@143 (line 1444)
  0x000001efcbe70030: 6cd0 f805 

  0x000001efcbe70034: ;   {other}
  0x000001efcbe70034: 0f1f 8400 | 240c 0004 | 488b 9424 | a800 0000 | 8b72 4048 | c1e6 0348 | 3b06 4c8b 

  0x000001efcbe70050: ;   {metadata(method data for {method} {0x000001f0239c3910} 'updateLayoutState' '()V' in 'javax/swing/plaf/basic/BasicListUI')}
  0x000001efcbe70050: c649 b918 | 4d5e 40f0 | 0100 0045 | 8b40 0849 | ba00 0000 | e1ef 0100 | 004d 03c2 | 4d3b 8108 
  0x000001efcbe70070: 0400 0075 | 0d49 8381 | 1004 0000 | 01e9 6000 | 0000 4d3b | 8118 0400 | 0075 0d49 | 8381 2004 
  0x000001efcbe70090: 0000 01e9 | 4a00 0000 | 4983 b908 | 0400 0000 | 7517 4d89 | 8108 0400 | 0049 c781 | 1004 0000 
  0x000001efcbe700b0: 0100 0000 | e929 0000 | 0049 83b9 | 1804 0000 | 0075 174d | 8981 1804 | 0000 49c7 | 8120 0400 
  0x000001efcbe700d0: 0001 0000 | 00e9 0800 | 0000 4983 | 81f8 0300 

  0x000001efcbe700e0: ;   {metadata(method data for {method} {0x000001f0220ac518} 'add' '(Ljava/awt/Component;)Ljava/awt/Component;' in 'java/awt/Container')}
  0x000001efcbe700e0: 0001 49b8 | 90d4 fb23 | f001 0000 | 458b 88cc | 0000 0041 | 83c1 0245 | 8988 cc00 | 0000 4181 
  0x000001efcbe70100: e1fe ff1f | 0041 83f9 | 000f 84e7 | 0700 004c 

  0x000001efcbe70110: ;   {metadata(method data for {method} {0x000001f0220ac518} 'add' '(Ljava/awt/Component;)Ljava/awt/Component;' in 'java/awt/Container')}
  0x000001efcbe70110: 8bc6 49b9 | 90d4 fb23 | f001 0000 | 458b 4008 | 49ba 0000 | 00e1 ef01 | 0000 4d03 | c24d 3b81 
  0x000001efcbe70130: 2001 0000 | 750d 4983 | 8128 0100 | 0001 e960 | 0000 004d | 3b81 3001 | 0000 750d | 4983 8138 
  0x000001efcbe70150: 0100 0001 | e94a 0000 | 0049 83b9 | 2001 0000 | 0075 174d | 8981 2001 | 0000 49c7 | 8128 0100 
  0x000001efcbe70170: 0001 0000 | 00e9 2900 | 0000 4983 | b930 0100 | 0000 7517 | 4d89 8130 | 0100 0049 | c781 3801 
  0x000001efcbe70190: 0000 0100 | 0000 e908 | 0000 0049 | 8381 1001 

  0x000001efcbe701a0: ;   {metadata(method data for {method} {0x000001f02398ef50} 'addImpl' '(Ljava/awt/Component;Ljava/lang/Object;I)V' in 'javax/swing/CellRendererPane')}
  0x000001efcbe701a0: 0000 0149 | b8f0 ebb9 | 25f0 0100 | 0045 8b88 | cc00 0000 | 4183 c102 | 4589 88cc | 0000 0041 
  0x000001efcbe701c0: 81e1 feff | 1f00 4183 | f900 0f84 | 4707 0000 

  0x000001efcbe701d0: ; implicit exception: dispatches to 0x000001efcbe70938
  0x000001efcbe701d0: 483b 004c 

  0x000001efcbe701d4: ;   {metadata(method data for {method} {0x000001f02398ef50} 'addImpl' '(Ljava/awt/Component;Ljava/lang/Object;I)V' in 'javax/swing/CellRendererPane')}
  0x000001efcbe701d4: 8bc0 49b9 | f0eb b925 | f001 0000 | 458b 4008 | 49ba 0000 | 00e1 ef01 | 0000 4d03 | c24d 3b81 
  0x000001efcbe701f4: 2001 0000 | 750d 4983 | 8128 0100 | 0001 e960 | 0000 004d | 3b81 3001 | 0000 750d | 4983 8138 
  0x000001efcbe70214: 0100 0001 | e94a 0000 | 0049 83b9 | 2001 0000 | 0075 174d | 8981 2001 | 0000 49c7 | 8128 0100 
  0x000001efcbe70234: 0001 0000 | 00e9 2900 | 0000 4983 | b930 0100 | 0000 7517 | 4d89 8130 | 0100 0049 | c781 3801 
  0x000001efcbe70254: 0000 0100 | 0000 e908 | 0000 0049 | 8381 1001 

  0x000001efcbe70264: ;   {metadata(method data for {method} {0x000001f02207a4b0} 'getParent' '()Ljava/awt/Container;' in 'java/awt/Component')}
  0x000001efcbe70264: 0000 0149 | b860 729f | 23f0 0100 | 0045 8b88 | cc00 0000 | 4183 c102 | 4589 88cc | 0000 0041 
  0x000001efcbe70284: 81e1 feff | 1f00 4183 | f900 0f84 | a906 0000 

  0x000001efcbe70294: ;   {metadata(method data for {method} {0x000001f02207a4b0} 'getParent' '()Ljava/awt/Container;' in 'java/awt/Component')}
  0x000001efcbe70294: 4c8b c049 | b960 729f | 23f0 0100 | 0049 8381 | 1001 0000 | 0144 8b40 | 4449 c1e0 | 034c 3bc6 
  0x000001efcbe702b4: ;   {metadata(method data for {method} {0x000001f02398ef50} 'addImpl' '(Ljava/awt/Component;Ljava/lang/Object;I)V' in 'javax/swing/CellRendererPane')}
  0x000001efcbe702b4: 49b8 f0eb | b925 f001 | 0000 49b9 | 4801 0000 | 0000 0000 | 0f85 0a00 | 0000 49b9 | 5801 0000 
  0x000001efcbe702d4: 0000 0000 | 4b8b 3c08 | 488d 7f01 | 4b89 3c08 | 0f85 0d00 | 0000 4889 | 8424 d000 | 0000 e945 
  0x000001efcbe702f4: 0000 004c 

  0x000001efcbe702f8: ;   {metadata(method data for {method} {0x000001f02398ef50} 'addImpl' '(Ljava/awt/Component;Ljava/lang/Object;I)V' in 'javax/swing/CellRendererPane')}
  0x000001efcbe702f8: 8bc6 49b9 | f0eb b925 | f001 0000 | 4983 8168 | 0100 0001 

  0x000001efcbe7030c: ;   {oop(nullptr)}
  0x000001efcbe7030c: 4c8b c049 | b900 0000 | 0000 0000 | 00bf ffff | ffff 488b | d648 8984 | 24d0 0000 | 0066 0f1f 
  0x000001efcbe7032c: ;   {optimized virtual_call}
  0x000001efcbe7032c: 4400 00e8 

  0x000001efcbe70330: ; ImmutableOopMap {[168]=Oop [184]=Oop [200]=Oop [208]=Oop }
                      ;*invokespecial addImpl {reexecute=0 rethrow=0 return_oop=0}
                      ; - javax.swing.CellRendererPane::addImpl@13 (line 113)
                      ; - java.awt.Container::add@4 (line 440)
                      ; - javax.swing.plaf.basic.BasicListUI::updateLayoutState@156 (line 1445)
  0x000001efcbe70330: 0c49 f806 

  0x000001efcbe70334: ;   {other}
  0x000001efcbe70334: 0f1f 8400 | 240f 0005 | 488b 8424 | d000 0000 

  0x000001efcbe70344: ;   {metadata(method data for {method} {0x000001f0239c3910} 'updateLayoutState' '()V' in 'javax/swing/plaf/basic/BasicListUI')}
  0x000001efcbe70344: 488b d048 | be18 4d5e | 40f0 0100 | 008b 5208 | 49ba 0000 | 00e1 ef01 | 0000 4903 | d248 3b96 
  0x000001efcbe70364: 4004 0000 | 750d 4883 | 8648 0400 | 0001 e960 | 0000 0048 | 3b96 5004 | 0000 750d | 4883 8658 
  0x000001efcbe70384: 0400 0001 | e94a 0000 | 0048 83be | 4004 0000 | 0075 1748 | 8996 4004 | 0000 48c7 | 8648 0400 
  0x000001efcbe703a4: 0001 0000 | 00e9 2900 | 0000 4883 | be50 0400 | 0000 7517 | 4889 9650 | 0400 0048 | c786 5804 
  0x000001efcbe703c4: 0000 0100 | 0000 e908 | 0000 0048 | 8386 3004 | 0000 0148 | 8bd0 6666 | 9048 b8ff | ffff ffff 
  0x000001efcbe703e4: ;   {virtual_call}
  0x000001efcbe703e4: ffff ffe8 

  0x000001efcbe703e8: ; ImmutableOopMap {[168]=Oop [184]=Oop [200]=Oop }
                      ;*invokevirtual getPreferredSize {reexecute=0 rethrow=0 return_oop=0}
                      ; - javax.swing.plaf.basic.BasicListUI::updateLayoutState@162 (line 1446)
  0x000001efcbe703e8: c48c 0306 

  0x000001efcbe703ec: ;   {other}
  0x000001efcbe703ec: 0f1f 8400 | dc0f 0006 | 448b 8424 | b000 0000 | 4183 f8ff 

  0x000001efcbe70400: ;   {metadata(method data for {method} {0x000001f0239c3910} 'updateLayoutState' '()V' in 'javax/swing/plaf/basic/BasicListUI')}
  0x000001efcbe70400: 48bb 184d | 5e40 f001 | 0000 48ba | 7804 0000 | 0000 0000 | 0f84 0a00 | 0000 48ba | 6804 0000 
  0x000001efcbe70420: 0000 0000 | 488b 3413 | 488d 7601 | 4889 3413 | 0f84 1500 | 0000 448b | 8c24 b400 | 0000 4c8b 
  0x000001efcbe70440: 9c24 a800 | 0000 e9a5 | 0000 004c | 8b9c 24a8 | 0000 008b | 580c 418b 

  0x000001efcbe70458: ;   {metadata(method data for {method} {0x000001f0239c3910} 'updateLayoutState' '()V' in 'javax/swing/plaf/basic/BasicListUI')}
  0x000001efcbe70458: 5318 48be | 184d 5e40 | f001 0000 | 4883 8688 | 0400 0001 

  0x000001efcbe7046c: ;   {metadata(method data for {method} {0x000001efe142bfe0} 'max' '(II)I' in 'java/lang/Math')}
  0x000001efcbe7046c: 48be 883b | 0122 f001 | 0000 8bbe | cc00 0000 | 83c7 0289 | becc 0000 | 0081 e7fe | ff1f 0083 
  0x000001efcbe7048c: ff00 0f84 | cf04 0000 

  0x000001efcbe70494: ;   {metadata(method data for {method} {0x000001efe142bfe0} 'max' '(II)I' in 'java/lang/Math')}
  0x000001efcbe70494: 3bda 48be | 883b 0122 | f001 0000 | 48bf 1001 | 0000 0000 | 0000 0f8c | 0a00 0000 | 48bf 2001 
  0x000001efcbe704b4: 0000 0000 | 0000 488b | 0c3e 488d | 4901 4889 | 0c3e 0f8c | 1500 0000 

  0x000001efcbe704cc: ;   {metadata(method data for {method} {0x000001efe142bfe0} 'max' '(II)I' in 'java/lang/Math')}
  0x000001efcbe704cc: 48ba 883b | 0122 f001 | 0000 ff82 | 3001 0000 | e903 0000 | 0048 8bda | 4189 5b18 | 448b 8c24 
  0x000001efcbe704ec: b400 0000 | 4183 f9ff 

  0x000001efcbe704f4: ;   {metadata(method data for {method} {0x000001f0239c3910} 'updateLayoutState' '()V' in 'javax/swing/plaf/basic/BasicListUI')}
  0x000001efcbe704f4: 48bb 184d | 5e40 f001 | 0000 48ba | 9804 0000 | 0000 0000 | 0f85 0a00 | 0000 48ba | a804 0000 
  0x000001efcbe70514: 0000 0000 | 488b 3413 | 488d 7601 | 4889 3413 | 8bb4 24c4 | 0000 000f | 851b 0000 | 0041 8b5b 
  0x000001efcbe70534: 5c48 c1e3 | 038b 5010 

  0x000001efcbe7053c: ; implicit exception: dispatches to 0x000001efcbe70989
  0x000001efcbe7053c: 3b73 0c0f | 834e 0400 | 0048 63fe | 8954 bb10 

  0x000001efcbe7054c: ;   {metadata(method data for {method} {0x000001f0239c3910} 'updateLayoutState' '()V' in 'javax/swing/plaf/basic/BasicListUI')}
  0x000001efcbe7054c: ffc6 48bb | 184d 5e40 | f001 0000 | 8b93 d000 | 0000 83c2 | 0289 93d0 | 0000 0081 | e2fe 3f00 
  0x000001efcbe7056c: 0083 fa00 | 0f84 2b04 | 0000 4d8b | 9758 0400 

  0x000001efcbe7057c: ; ImmutableOopMap {r11=Oop [168]=Oop [184]=Oop [200]=Oop }
                      ;*goto {reexecute=1 rethrow=0 return_oop=0}
                      ; - (reexecute) javax.swing.plaf.basic.BasicListUI::updateLayoutState@208 (line 1442)
                      ;   {poll}
  0x000001efcbe7057c: 0041 8502 

  0x000001efcbe70580: ;   {metadata(method data for {method} {0x000001f0239c3910} 'updateLayoutState' '()V' in 'javax/swing/plaf/basic/BasicListUI')}
  0x000001efcbe70580: 48bb 184d | 5e40 f001 | 0000 ff83 | b804 0000 | e9c3 f8ff | ff44 8b84 | 24b0 0000 | 0044 8b8c 
  0x000001efcbe705a0: 24b4 0000 | 004c 8b9c | 24a8 0000 

  0x000001efcbe705ac: ;   {metadata(method data for {method} {0x000001f0239c3910} 'updateLayoutState' '()V' in 'javax/swing/plaf/basic/BasicListUI')}
  0x000001efcbe705ac: 0048 bb18 | 4d5e 40f0 | 0100 00ff | 83d0 0400 | 00e9 0e02 | 0000 448b | 8424 b000 | 0000 448b 
  0x000001efcbe705cc: 8c24 b400 | 0000 4c8b | 9c24 a800 | 0000 418b | 5b18 83fb 

  0x000001efcbe705e0: ;   {metadata(method data for {method} {0x000001f0239c3910} 'updateLayoutState' '()V' in 'javax/swing/plaf/basic/BasicListUI')}
  0x000001efcbe705e0: ff48 bb18 | 4d5e 40f0 | 0100 0048 | bae8 0400 | 0000 0000 | 000f 850a | 0000 0048 | baf8 0400 
  0x000001efcbe70600: 0000 0000 | 0048 8b34 | 1348 8d76 | 0148 8934 | 130f 8508 | 0000 0041 | c743 1800 | 0000 0041 
  0x000001efcbe70620: 8b5b 5c48 | c1e3 0348 

  0x000001efcbe70628: ;   {metadata(method data for {method} {0x000001f0239c3910} 'updateLayoutState' '()V' in 'javax/swing/plaf/basic/BasicListUI')}
  0x000001efcbe70628: 83fb 0048 | bb18 4d5e | 40f0 0100 | 0048 ba08 | 0500 0000 | 0000 000f | 850a 0000 | 0048 ba18 
  0x000001efcbe70648: 0500 0000 | 0000 0048 | 8b34 1348 | 8d76 0148 | 8934 130f | 85c0 0000 | 008b 9c24 | c000 0000 
  0x000001efcbe70668: ;   {metadata({type array int})}
  0x000001efcbe70668: 48ba a026 | 00e1 ef01 | 0000 4863 | db48 8bfb | 4881 fbff | ffff 000f | 873d 0300 | 0048 be17 
  0x000001efcbe70688: 0000 0000 | 0000 0048 | 8d34 9e48 | 83e6 f849 | 8b87 b801 | 0000 488d | 3430 493b | b7c8 0100 
  0x000001efcbe706a8: 000f 8713 | 0300 0049 | 89b7 b801 | 0000 482b | f048 c700 | 0100 0000 | 488b ca49 | ba00 0000 
  0x000001efcbe706c8: e1ef 0100 | 0049 2bca | 8948 0889 | 580c 4883 | ee10 4885 | f60f 8411 | 0000 0048 | 33db 48c1 
  0x000001efcbe706e8: ee03 4889 | 5cf0 0848 | ffce 75f6 | 410f be57 | 4083 fa00 | 0f85 ca02 | 0000 4c8b | d049 c1ea 
  0x000001efcbe70708: 0345 8953 | 5c49 8bd3 | 4833 d048 | c1ea 1548 | 83fa 000f | 85cb 0200 | 00ba 0000 | 0000 8b84 
  0x000001efcbe70728: 24c0 0000 | 00e9 6600 | 0000 660f | 1f44 0000 | 418b 735c | 48c1 e603 

  0x000001efcbe70740: ; implicit exception: dispatches to 0x000001efcbe70a04
  0x000001efcbe70740: 3b56 0c0f | 83c5 0200 | 0048 63fa | c744 be10 | 0000 0000 

  0x000001efcbe70754: ;   {metadata(method data for {method} {0x000001f0239c3910} 'updateLayoutState' '()V' in 'javax/swing/plaf/basic/BasicListUI')}
  0x000001efcbe70754: ffc2 48be | 184d 5e40 | f001 0000 | 8bbe d000 | 0000 83c7 | 0289 bed0 | 0000 0081 | e7fe 3f00 
  0x000001efcbe70774: 0083 ff00 | 0f84 9e02 | 0000 4d8b | 9758 0400 

  0x000001efcbe70784: ; ImmutableOopMap {r11=Oop [168]=Oop }
                      ;*goto {reexecute=1 rethrow=0 return_oop=0}
                      ; - (reexecute) javax.swing.plaf.basic.BasicListUI::updateLayoutState@263 (line 1462)
                      ;   {poll}
  0x000001efcbe70784: 0041 8502 

  0x000001efcbe70788: ;   {metadata(method data for {method} {0x000001f0239c3910} 'updateLayoutState' '()V' in 'javax/swing/plaf/basic/BasicListUI')}
  0x000001efcbe70788: 48be 184d | 5e40 f001 | 0000 ff86 | 4805 0000 

  0x000001efcbe70798: ;   {metadata(method data for {method} {0x000001f0239c3910} 'updateLayoutState' '()V' in 'javax/swing/plaf/basic/BasicListUI')}
  0x000001efcbe70798: 3bd0 48be | 184d 5e40 | f001 0000 | 48bf 3805 | 0000 0000 | 0000 0f8c | 0a00 0000 | 48bf 2805 
  0x000001efcbe707b8: 0000 0000 | 0000 488b | 1c3e 488d | 5b01 4889 | 1c3e 0f8c | 68ff ffff | 41c7 432c | 0100 0000 
  0x000001efcbe707d8: 418b 5328 

  0x000001efcbe707dc: ;   {metadata(method data for {method} {0x000001f0239c3910} 'updateLayoutState' '()V' in 'javax/swing/plaf/basic/BasicListUI')}
  0x000001efcbe707dc: 83fa 0048 | ba18 4d5e | 40f0 0100 | 0048 be60 | 0500 0000 | 0000 000f | 840a 0000 | 0048 be70 
  0x000001efcbe707fc: 0500 0000 | 0000 0048 | 8b3c 3248 | 8d7f 0148 | 893c 320f | 8427 0000 | 0049 8bd3 

  0x000001efcbe70818: ;   {metadata(method data for {method} {0x000001f0239c3910} 'updateLayoutState' '()V' in 'javax/swing/plaf/basic/BasicListUI')}
  0x000001efcbe70818: 48be 184d | 5e40 f001 | 0000 4883 | 8680 0500 | 0001 498b 

  0x000001efcbe7082c: ;   {optimized virtual_call}
  0x000001efcbe7082c: d366 90e8 

  0x000001efcbe70830: ; ImmutableOopMap {}
                      ;*invokevirtual updateHorizontalLayoutState {reexecute=0 rethrow=0 return_oop=0}
                      ; - javax.swing.plaf.basic.BasicListUI::updateLayoutState@281 (line 1470)
  0x000001efcbe70830: 4ce2 d005 

  0x000001efcbe70834: ;   {other}
  0x000001efcbe70834: 0f1f 8400 | 2414 0009 | 4881 c4e0 | 0000 005d 

  0x000001efcbe70844: ;   {poll_return}
  0x000001efcbe70844: 493b a750 | 0400 000f | 87ec 0100 

  0x000001efcbe70850: ;   {metadata({method} {0x000001f0239c3910} 'updateLayoutState' '()V' in 'javax/swing/plaf/basic/BasicListUI')}
  0x000001efcbe70850: 00c3 49ba | 0839 9c23 | f001 0000 | 4c89 5424 | 0848 c704 | 24ff ffff 

  0x000001efcbe70868: ;   {runtime_call counter_overflow Runtime1 stub}
  0x000001efcbe70868: ffe8 12d2 

  0x000001efcbe7086c: ; ImmutableOopMap {rdx=Oop [168]=Oop }
                      ;*synchronization entry
                      ; - javax.swing.plaf.basic.BasicListUI::updateLayoutState@-1 (line 1414)
  0x000001efcbe7086c: dd05 e9bc 

  0x000001efcbe70870: ;   {runtime_call throw_null_pointer_exception Runtime1 stub}
  0x000001efcbe70870: eeff ffe8 

  0x000001efcbe70874: ; ImmutableOopMap {rdx=Oop rsi=Oop [168]=Oop }
                      ;*invokevirtual getFixedCellHeight {reexecute=0 rethrow=0 return_oop=0}
                      ; - javax.swing.plaf.basic.BasicListUI::updateLayoutState@4 (line 1414)
  0x000001efcbe70874: 0881 dd05 | 8b72 5c48 | c1e6 0348 | 83fe 000f | 8493 f0ff | ff48 8934 

  0x000001efcbe7088c: ;   {runtime_call g1_pre_barrier_slow}
  0x000001efcbe7088c: 24e8 eed7 | dd05 e985 

  0x000001efcbe70894: ;   {runtime_call throw_null_pointer_exception Runtime1 stub}
  0x000001efcbe70894: f0ff ffe8 

  0x000001efcbe70898: ; ImmutableOopMap {rdx=Oop rsi=Oop [168]=Oop }
                      ;*invokeinterface getSize {reexecute=0 rethrow=0 return_oop=0}
                      ; - javax.swing.plaf.basic.BasicListUI::updateLayoutState@61 (line 1425)
  0x000001efcbe70898: e480 dd05 

  0x000001efcbe7089c: ;   {runtime_call new_type_array Runtime1 stub}
  0x000001efcbe7089c: e8df 8fdd 

  0x000001efcbe708a0: ; ImmutableOopMap {[168]=Oop }
                      ;*newarray {reexecute=0 rethrow=0 return_oop=0}
                      ; - javax.swing.plaf.basic.BasicListUI::updateLayoutState@66 (line 1425)
  0x000001efcbe708a0: 05e9 75f2 | ffff 8b72 | 5c48 c1e6 | 0348 83fe | 000f 847a | f2ff ff48 

  0x000001efcbe708b8: ;   {runtime_call g1_pre_barrier_slow}
  0x000001efcbe708b8: 8934 24e8 | c0d7 dd05 | e96c f2ff | ff48 83f8 | 000f 8481 | f2ff ff48 

  0x000001efcbe708d0: ;   {runtime_call g1_post_barrier_slow}
  0x000001efcbe708d0: 8914 24e8 | a8da dd05 | e973 f2ff 

  0x000001efcbe708dc: ;   {runtime_call throw_null_pointer_exception Runtime1 stub}
  0x000001efcbe708dc: ffe8 9e80 

  0x000001efcbe708e0: ; ImmutableOopMap {rdx=Oop rsi=Oop [168]=Oop }
                      ;*invokevirtual getModel {reexecute=0 rethrow=0 return_oop=0}
                      ; - javax.swing.plaf.basic.BasicListUI::updateLayoutState@85 (line 1437)
                      ;   {runtime_call throw_null_pointer_exception Runtime1 stub}
  0x000001efcbe708e0: dd05 e899 

  0x000001efcbe708e4: ; ImmutableOopMap {rdx=Oop rsi=Oop [168]=Oop [184]=Oop }
                      ;*invokeinterface getSize {reexecute=0 rethrow=0 return_oop=0}
                      ; - javax.swing.plaf.basic.BasicListUI::updateLayoutState@90 (line 1438)
                      ;   {runtime_call throw_null_pointer_exception Runtime1 stub}
  0x000001efcbe708e4: 80dd 05e8 

  0x000001efcbe708e8: ; ImmutableOopMap {rdx=Oop rsi=Oop [168]=Oop [184]=Oop }
                      ;*invokevirtual getCellRenderer {reexecute=0 rethrow=0 return_oop=0}
                      ; - javax.swing.plaf.basic.BasicListUI::updateLayoutState@101 (line 1439)
  0x000001efcbe708e8: 9480 dd05 

  0x000001efcbe708ec: ;   {runtime_call throw_null_pointer_exception Runtime1 stub}
  0x000001efcbe708ec: e88f 80dd 

  0x000001efcbe708f0: ; ImmutableOopMap {rax=Oop rdx=Oop r8=Oop rbx=Oop [168]=Oop [184]=Oop [200]=Oop }
                      ;*invokeinterface getListCellRendererComponent {reexecute=0 rethrow=0 return_oop=0}
                      ; - javax.swing.plaf.basic.BasicListUI::updateLayoutState@143 (line 1444)
                      ;   {runtime_call throw_null_pointer_exception Runtime1 stub}
  0x000001efcbe708f0: 05e8 8a80 

  0x000001efcbe708f4: ; ImmutableOopMap {rax=Oop rdx=Oop rsi=Oop [168]=Oop [184]=Oop [200]=Oop }
                      ;*invokevirtual add {reexecute=0 rethrow=0 return_oop=0}
                      ; - javax.swing.plaf.basic.BasicListUI::updateLayoutState@156 (line 1445)
                      ;   {metadata({method} {0x000001f0220ac518} 'add' '(Ljava/awt/Component;)Ljava/awt/Component;' in 'java/awt/Container')}
  0x000001efcbe708f4: dd05 49ba | 10c5 0a22 | f001 0000 | 4c89 5424 | 0848 c704 | 24ff ffff 

  0x000001efcbe7090c: ;   {runtime_call counter_overflow Runtime1 stub}
  0x000001efcbe7090c: ffe8 6ed1 

  0x000001efcbe70910: ; ImmutableOopMap {rax=Oop rdx=Oop rsi=Oop [168]=Oop [184]=Oop [200]=Oop }
                      ;*synchronization entry
                      ; - java.awt.Container::add@-1 (line 440)
                      ; - javax.swing.plaf.basic.BasicListUI::updateLayoutState@156 (line 1445)
  0x000001efcbe70910: dd05 e9f8 

  0x000001efcbe70914: ;   {metadata({method} {0x000001f02398ef50} 'addImpl' '(Ljava/awt/Component;Ljava/lang/Object;I)V' in 'javax/swing/CellRendererPane')}
  0x000001efcbe70914: f7ff ff49 | ba48 ef98 | 23f0 0100 | 004c 8954 | 2408 48c7 | 0424 ffff 

  0x000001efcbe7092c: ;   {runtime_call counter_overflow Runtime1 stub}
  0x000001efcbe7092c: ffff e84d 

  0x000001efcbe70930: ; ImmutableOopMap {rax=Oop rdx=Oop rsi=Oop [168]=Oop [184]=Oop [200]=Oop }
                      ;*synchronization entry
                      ; - javax.swing.CellRendererPane::addImpl@-1 (line 109)
                      ; - java.awt.Container::add@4 (line 440)
                      ; - javax.swing.plaf.basic.BasicListUI::updateLayoutState@156 (line 1445)
  0x000001efcbe70930: d1dd 05e9 | 98f8 ffff 

  0x000001efcbe70938: ;   {runtime_call throw_null_pointer_exception Runtime1 stub}
  0x000001efcbe70938: e843 80dd 

  0x000001efcbe7093c: ; ImmutableOopMap {rax=Oop rdx=Oop rsi=Oop [168]=Oop [184]=Oop [200]=Oop }
                      ;*invokevirtual getParent {reexecute=0 rethrow=0 return_oop=0}
                      ; - javax.swing.CellRendererPane::addImpl@1 (line 109)
                      ; - java.awt.Container::add@4 (line 440)
                      ; - javax.swing.plaf.basic.BasicListUI::updateLayoutState@156 (line 1445)
                      ;   {metadata({method} {0x000001f02207a4b0} 'getParent' '()Ljava/awt/Container;' in 'java/awt/Component')}
  0x000001efcbe7093c: 0549 baa8 | a407 22f0 | 0100 004c | 8954 2408 | 48c7 0424 | ffff ffff 

  0x000001efcbe70954: ;   {runtime_call counter_overflow Runtime1 stub}
  0x000001efcbe70954: e827 d1dd 

  0x000001efcbe70958: ; ImmutableOopMap {rax=Oop rdx=Oop rsi=Oop [168]=Oop [184]=Oop [200]=Oop }
                      ;*synchronization entry
                      ; - java.awt.Component::getParent@-1 (line 1067)
                      ; - javax.swing.CellRendererPane::addImpl@1 (line 109)
                      ; - java.awt.Container::add@4 (line 440)
                      ; - javax.swing.plaf.basic.BasicListUI::updateLayoutState@156 (line 1445)
  0x000001efcbe70958: 05e9 36f9 

  0x000001efcbe7095c: ;   {runtime_call throw_null_pointer_exception Runtime1 stub}
  0x000001efcbe7095c: ffff e81d 

  0x000001efcbe70960: ; ImmutableOopMap {rax=Oop r11=Oop [168]=Oop [184]=Oop [200]=Oop }
                      ;*getfield width {reexecute=1 rethrow=0 return_oop=0}
                      ; - (reexecute) javax.swing.plaf.basic.BasicListUI::updateLayoutState@175 (line 1448)
                      ;   {metadata({method} {0x000001efe142bfe0} 'max' '(II)I' in 'java/lang/Math')}
  0x000001efcbe70960: 80dd 0549 | bad8 bf42 | e1ef 0100 | 004c 8954 | 2408 48c7 | 0424 ffff 

  0x000001efcbe70978: ;   {runtime_call counter_overflow Runtime1 stub}
  0x000001efcbe70978: ffff e801 

  0x000001efcbe7097c: ; ImmutableOopMap {rax=Oop r11=Oop [168]=Oop [184]=Oop [200]=Oop }
                      ;*synchronization entry
                      ; - java.lang.Math::max@-1 (line 2020)
                      ; - javax.swing.plaf.basic.BasicListUI::updateLayoutState@182 (line 1448)
  0x000001efcbe7097c: d1dd 05e9 | 10fb ffff 

  0x000001efcbe70984: ;   {runtime_call throw_null_pointer_exception Runtime1 stub}
  0x000001efcbe70984: e8f7 7fdd 

  0x000001efcbe70988: ; ImmutableOopMap {r11=Oop rbx=Oop [168]=Oop [184]=Oop [200]=Oop }
                      ;*getfield height {reexecute=1 rethrow=0 return_oop=0}
                      ; - (reexecute) javax.swing.plaf.basic.BasicListUI::updateLayoutState@201 (line 1451)
                      ;   {runtime_call throw_null_pointer_exception Runtime1 stub}
  0x000001efcbe70988: 05e8 f27f 

  0x000001efcbe7098c: ; ImmutableOopMap {r11=Oop rbx=Oop [168]=Oop [184]=Oop [200]=Oop }
                      ;*iastore {reexecute=0 rethrow=0 return_oop=0}
                      ; - javax.swing.plaf.basic.BasicListUI::updateLayoutState@204 (line 1451)
                      ;   {runtime_call throw_null_pointer_exception Runtime1 stub}
  0x000001efcbe7098c: dd05 e8ed 

  0x000001efcbe70990: ; ImmutableOopMap {r11=Oop rbx=Oop [168]=Oop [184]=Oop [200]=Oop }
                      ;*iastore {reexecute=0 rethrow=0 return_oop=0}
                      ; - javax.swing.plaf.basic.BasicListUI::updateLayoutState@204 (line 1451)
  0x000001efcbe70990: 7fdd 0548 | 8934 2448 | 895c 2408 

  0x000001efcbe7099c: ;   {runtime_call throw_range_check_failed Runtime1 stub}
  0x000001efcbe7099c: e8df 76dd 

  0x000001efcbe709a0: ; ImmutableOopMap {r11=Oop rbx=Oop [168]=Oop [184]=Oop [200]=Oop }
                      ;*iastore {reexecute=0 rethrow=0 return_oop=0}
                      ; - javax.swing.plaf.basic.BasicListUI::updateLayoutState@204 (line 1451)
                      ;   {metadata({method} {0x000001f0239c3910} 'updateLayoutState' '()V' in 'javax/swing/plaf/basic/BasicListUI')}
  0x000001efcbe709a0: 0549 ba08 | 399c 23f0 | 0100 004c | 8954 2408 | 48c7 0424 | d000 0000 

  0x000001efcbe709b8: ;   {runtime_call counter_overflow Runtime1 stub}
  0x000001efcbe709b8: e8c3 d0dd 

  0x000001efcbe709bc: ; ImmutableOopMap {r11=Oop [168]=Oop [184]=Oop [200]=Oop }
                      ;*goto {reexecute=1 rethrow=0 return_oop=0}
                      ; - (reexecute) javax.swing.plaf.basic.BasicListUI::updateLayoutState@208 (line 1442)
  0x000001efcbe709bc: 05e9 b4fb 

  0x000001efcbe709c0: ;   {runtime_call new_type_array Runtime1 stub}
  0x000001efcbe709c0: ffff e8b9 

  0x000001efcbe709c4: ; ImmutableOopMap {r11=Oop [168]=Oop }
                      ;*newarray {reexecute=0 rethrow=0 return_oop=0}
                      ; - javax.swing.plaf.basic.BasicListUI::updateLayoutState@237 (line 1460)
  0x000001efcbe709c4: 8edd 05e9 | 28fd ffff | 418b 535c | 48c1 e203 | 4883 fa00 | 0f84 24fd | ffff 4889 

  0x000001efcbe709e0: ;   {runtime_call g1_pre_barrier_slow}
  0x000001efcbe709e0: 1424 e899 | d6dd 05e9 | 16fd ffff | 4883 f800 | 0f84 2bfd | ffff 4c89 

  0x000001efcbe709f8: ;   {runtime_call g1_post_barrier_slow}
  0x000001efcbe709f8: 1c24 e881 | d9dd 05e9 | 1dfd ffff 

  0x000001efcbe70a04: ;   {runtime_call throw_null_pointer_exception Runtime1 stub}
  0x000001efcbe70a04: e877 7fdd 

  0x000001efcbe70a08: ; ImmutableOopMap {r11=Oop rsi=Oop [168]=Oop }
                      ;*iastore {reexecute=0 rethrow=0 return_oop=0}
                      ; - javax.swing.plaf.basic.BasicListUI::updateLayoutState@259 (line 1463)
                      ;   {runtime_call throw_null_pointer_exception Runtime1 stub}
  0x000001efcbe70a08: 05e8 727f 

  0x000001efcbe70a0c: ; ImmutableOopMap {r11=Oop rsi=Oop [168]=Oop }
                      ;*iastore {reexecute=0 rethrow=0 return_oop=0}
                      ; - javax.swing.plaf.basic.BasicListUI::updateLayoutState@259 (line 1463)
  0x000001efcbe70a0c: dd05 4889 | 1424 4889 

  0x000001efcbe70a14: ;   {runtime_call throw_range_check_failed Runtime1 stub}
  0x000001efcbe70a14: 7424 08e8 

  0x000001efcbe70a18: ; ImmutableOopMap {r11=Oop rsi=Oop [168]=Oop }
                      ;*iastore {reexecute=0 rethrow=0 return_oop=0}
                      ; - javax.swing.plaf.basic.BasicListUI::updateLayoutState@259 (line 1463)
  0x000001efcbe70a18: 6476 dd05 

  0x000001efcbe70a1c: ;   {metadata({method} {0x000001f0239c3910} 'updateLayoutState' '()V' in 'javax/swing/plaf/basic/BasicListUI')}
  0x000001efcbe70a1c: 49ba 0839 | 9c23 f001 | 0000 4c89 | 5424 0848 | c704 2407 

  0x000001efcbe70a30: ;   {runtime_call counter_overflow Runtime1 stub}
  0x000001efcbe70a30: 0100 00e8 

  0x000001efcbe70a34: ; ImmutableOopMap {r11=Oop [168]=Oop }
                      ;*goto {reexecute=1 rethrow=0 return_oop=0}
                      ; - (reexecute) javax.swing.plaf.basic.BasicListUI::updateLayoutState@263 (line 1462)
  0x000001efcbe70a34: 48d0 dd05 | e941 fdff 

  0x000001efcbe70a3c: ;   {internal_word}
  0x000001efcbe70a3c: ff49 ba44 | 08e7 cbef | 0100 004d | 8997 6804 

  0x000001efcbe70a4c: ;   {runtime_call SafepointBlob}
  0x000001efcbe70a4c: 0000 e9ad | 4cd1 0549 | 8b87 0005 | 0000 49c7 | 8700 0500 | 0000 0000 | 0049 c787 | 0805 0000 
  0x000001efcbe70a6c: 0000 0000 | 4881 c4e0 | 0000 005d 

  0x000001efcbe70a78: ;   {runtime_call unwind_exception Runtime1 stub}
  0x000001efcbe70a78: e903 70dd | 05f4 f4f4 
[Stub Code]
  0x000001efcbe70a80: ;   {no_reloc}
  0x000001efcbe70a80: 0f1f 4400 

  0x000001efcbe70a84: ;   {static_stub}
  0x000001efcbe70a84: 0048 bb00 | 0000 0000 

  0x000001efcbe70a8c: ;   {runtime_call}
  0x000001efcbe70a8c: 0000 00e9 | fbff ffff 

  0x000001efcbe70a94: ;   {static_stub}
  0x000001efcbe70a94: 9048 bb00 | 0000 0000 

  0x000001efcbe70a9c: ;   {runtime_call}
  0x000001efcbe70a9c: 0000 00e9 | fbff ffff 

  0x000001efcbe70aa4: ;   {static_stub}
  0x000001efcbe70aa4: 9048 bb00 | 0000 0000 

  0x000001efcbe70aac: ;   {runtime_call}
  0x000001efcbe70aac: 0000 00e9 | fbff ffff 

  0x000001efcbe70ab4: ;   {static_stub}
  0x000001efcbe70ab4: 9048 bb00 | 0000 0000 

  0x000001efcbe70abc: ;   {runtime_call}
  0x000001efcbe70abc: 0000 00e9 | fbff ffff 

  0x000001efcbe70ac4: ;   {static_stub}
  0x000001efcbe70ac4: 9048 bb00 | 0000 0000 

  0x000001efcbe70acc: ;   {runtime_call}
  0x000001efcbe70acc: 0000 00e9 | fbff ffff 

  0x000001efcbe70ad4: ;   {static_stub}
  0x000001efcbe70ad4: 9048 bb00 | 0000 0000 

  0x000001efcbe70adc: ;   {runtime_call}
  0x000001efcbe70adc: 0000 00e9 | fbff ffff 

  0x000001efcbe70ae4: ;   {static_stub}
  0x000001efcbe70ae4: 9048 bb00 | 0000 0000 

  0x000001efcbe70aec: ;   {runtime_call}
  0x000001efcbe70aec: 0000 00e9 | fbff ffff 

  0x000001efcbe70af4: ;   {static_stub}
  0x000001efcbe70af4: 48bb 0000 | 0000 0000 

  0x000001efcbe70afc: ;   {runtime_call}
  0x000001efcbe70afc: 0000 e9fb 

  0x000001efcbe70b00: ;   {runtime_call handle_exception_from_callee Runtime1 stub}
  0x000001efcbe70b00: ffff ffe8 | 789c dd05 

  0x000001efcbe70b08: ;   {external_word}
  0x000001efcbe70b08: 48b9 50e0 | b31f f87f | 0000 4883 

  0x000001efcbe70b14: ;   {runtime_call}
  0x000001efcbe70b14: e4f0 48b8 | 50ef 761f | f87f 0000 

  0x000001efcbe70b20: ;   {section_word}
  0x000001efcbe70b20: ffd0 f449 | ba23 0be7 | cbef 0100 

  0x000001efcbe70b2c: ;   {runtime_call DeoptimizationBlob}
  0x000001efcbe70b2c: 0041 52e9 | 6c3e d105 | f4f4 f4f4 
[/MachCode]


Compiled method (c2) 6735959 37180       4       javax.swing.plaf.basic.BasicListUI::maybeUpdateLayoutState (17 bytes)
 total in heap  [0x000001efd3c52d10,0x000001efd3c53038] = 808
 relocation     [0x000001efd3c52e70,0x000001efd3c52ea0] = 48
 main code      [0x000001efd3c52ea0,0x000001efd3c52f70] = 208
 stub code      [0x000001efd3c52f70,0x000001efd3c52f98] = 40
 metadata       [0x000001efd3c52f98,0x000001efd3c52fa8] = 16
 scopes data    [0x000001efd3c52fa8,0x000001efd3c52fc0] = 24
 scopes pcs     [0x000001efd3c52fc0,0x000001efd3c53000] = 64
 dependencies   [0x000001efd3c53000,0x000001efd3c53008] = 8
 handler table  [0x000001efd3c53008,0x000001efd3c53038] = 48

[Constant Pool (empty)]

[MachCode]
[Entry Point]
  # {method} {0x000001f0239c3698} 'maybeUpdateLayoutState' '()V' in 'javax/swing/plaf/basic/BasicListUI'
  #           [sp+0x30]  (sp of caller)
  0x000001efd3c52ea0: 448b 5208 | 49bb 0000 | 00e1 ef01 | 0000 4d03 | d349 3bc2 

  0x000001efd3c52eb4: ;   {runtime_call ic_miss_stub}
  0x000001efd3c52eb4: 0f85 c6b8 | f2fd 6690 | 0f1f 4000 
[Verified Entry Point]
  0x000001efd3c52ec0: 8984 2400 | 80ff ff55 | 4883 ec20 | 4181 7f20 | 6f00 0000 | 0f85 8800 | 0000 488b | ea44 8b5a 
  0x000001efd3c52ee0: 1c45 85db | 7513 4883 

  0x000001efd3c52ee8: ;   {poll_return}
  0x000001efd3c52ee8: c420 5d49 | 3ba7 5004 | 0000 0f87 | 5400 0000 | c344 8b5a 

  0x000001efd3c52efc: ;   {metadata('javax/swing/plaf/synth/SynthListUI')}
  0x000001efd3c52efc: 0841 81fb | c07d 3001 | 7518 4889 

  0x000001efd3c52f08: ;   {optimized virtual_call}
  0x000001efd3c52f08: 1424 90e8 

  0x000001efd3c52f0c: ; ImmutableOopMap {rbp=Oop [0]=Oop }
                      ;*invokevirtual updateLayoutState {reexecute=0 rethrow=0 return_oop=0}
                      ; - javax.swing.plaf.basic.BasicListUI::maybeUpdateLayoutState@8 (line 1394)
  0x000001efd3c52f0c: d0c7 21f8 

  0x000001efd3c52f10: ;   {other}
  0x000001efd3c52f10: 0f1f 8400 | 0002 0000 | 4489 651c | ebc8 6666 | 9048 b8d0 | 786c e2ef 

  0x000001efd3c52f28: ;   {virtual_call}
  0x000001efd3c52f28: 0100 00e8 

  0x000001efd3c52f2c: ; ImmutableOopMap {rbp=Oop }
                      ;*invokevirtual updateLayoutState {reexecute=0 rethrow=0 return_oop=0}
                      ; - javax.swing.plaf.basic.BasicListUI::maybeUpdateLayoutState@8 (line 1394)
  0x000001efd3c52f2c: 90c7 21f8 

  0x000001efd3c52f30: ;   {other}
  0x000001efd3c52f30: 0f1f 8400 | 2002 0001 | ebde 488b | d0eb 0348 | 8bd0 4883 

  0x000001efd3c52f44: ;   {runtime_call _rethrow_Java}
  0x000001efd3c52f44: c420 5de9 | b41d 00fe 

  0x000001efd3c52f4c: ;   {internal_word}
  0x000001efd3c52f4c: 49ba eb2e | c5d3 ef01 | 0000 4d89 | 9768 0400 

  0x000001efd3c52f5c: ;   {runtime_call SafepointBlob}
  0x000001efd3c52f5c: 00e9 9e27 

  0x000001efd3c52f60: ;   {runtime_call StubRoutines (final stubs)}
  0x000001efd3c52f60: f3fd e8f9 | 1df1 fde9 | 6eff ffff | f4f4 f4f4 
[Stub Code]
  0x000001efd3c52f70: ;   {no_reloc}
  0x000001efd3c52f70: 48bb 0000 | 0000 0000 

  0x000001efd3c52f78: ;   {runtime_call}
  0x000001efd3c52f78: 0000 e9fb 

  0x000001efd3c52f7c: ;   {runtime_call ExceptionBlob}
  0x000001efd3c52f7c: ffff ffe9 | 7cc0 fffd 
[Deopt Handler Code]
  0x000001efd3c52f84: e800 0000 | 0048 832c 

  0x000001efd3c52f8c: ;   {runtime_call DeoptimizationBlob}
  0x000001efd3c52f8c: 2405 e90d | 1af3 fdf4 | f4f4 f4f4 
[/MachCode]


---------------  P R O C E S S  ---------------

Threads class SMR info:
_java_thread_list=0x000001f047ab17d0, length=132, elements={
0x000001efc11f48b0, 0x000001efc1da6020, 0x000001efc1da6a80, 0x000001efc1dabd50,
0x000001efc1dac7b0, 0x000001efc1dad210, 0x000001efc1daf4c0, 0x000001efc1db4bd0,
0x000001efc1dbc300, 0x000001efbf72d680, 0x000001efbf72dd10, 0x000001efbf72e3a0,
0x000001f0266beb90, 0x000001f0266be500, 0x000001f0266bf220, 0x000001f0266bde70,
0x000001f0266c0c60, 0x000001f0266c12f0, 0x000001f0266c26a0, 0x000001f0266c1980,
0x000001f0266bff40, 0x000001f02a0afe90, 0x000001f02a0b0520, 0x000001f02a0af170,
0x000001f02a0af800, 0x000001f0266c05d0, 0x000001f0266c33c0, 0x000001f02a0b3310,
0x000001f02a0b4d50, 0x000001f032f12060, 0x000001f032f14e50, 0x000001f032f15b70,
0x000001f032f13410, 0x000001f03caf27c0, 0x000001f03caf0060, 0x000001f03caf34e0,
0x000001f03caf7680, 0x000001f03caf55b0, 0x000001f03caf5c40, 0x000001f03caf4f20,
0x000001f03caf6ff0, 0x000001f0266c2d30, 0x000001f0328e2780, 0x000001f0328e9710,
0x000001f0328e6920, 0x000001f03be72e60, 0x000001f03caf06f0, 0x000001f03caf62d0,
0x000001f02a0addc0, 0x000001f0328e8360, 0x000001f0350664f0, 0x000001f035063070,
0x000001f035065140, 0x000001f0350657d0, 0x000001f035063700, 0x000001f03bff53c0,
0x000001f03bff8ed0, 0x000001f03bff81b0, 0x000001f03bff9560, 0x000001f03bffa910,
0x000001f03bffafa0, 0x000001f03bff6770, 0x000001f03bff7490, 0x000001f03bff7b20,
0x000001f03bffc350, 0x000001f03bff6e00, 0x000001f03bffc9e0, 0x000001f03caf0d80,
0x000001f0266c2010, 0x000001f035063d90, 0x000001f02662fe90, 0x000001f026630bb0,
0x000001f0266325f0, 0x000001f026631f60, 0x000001f026633310, 0x000001f026630520,
0x000001f0266318d0, 0x000001f026631240, 0x000001f026635a70, 0x000001f026636100,
0x000001f026636e20, 0x000001f032f18ff0, 0x000001f032f154e0, 0x000001f02a0b1240,
0x000001f03bff8840, 0x000001f035d66300, 0x000001f035d63ba0, 0x000001f035d655e0,
0x000001f035d66990, 0x000001f035d67020, 0x000001f035d676b0, 0x000001f035d64230,
0x000001f035d67d40, 0x000001f035d683d0, 0x000001f035d64f50, 0x000001f065ff67c0,
0x000001f065ff46f0, 0x000001f065ff4d80, 0x000001f065ff6e50, 0x000001f065ff5410,
0x000001f065ff5aa0, 0x000001f065ff4060, 0x000001f065ff7b70, 0x000001f065ff8890,
0x000001f065fff820, 0x000001f065fffeb0, 0x000001f065ffeb00, 0x000001f0660018f0,
0x000001f066001260, 0x000001f066002ca0, 0x000001f066001f80, 0x000001f066002610,
0x000001f066004050, 0x000001f066000bd0, 0x000001f0660046e0, 0x000001f035d627f0,
0x000001f035d60720, 0x000001f035d62e80, 0x000001f035d60db0, 0x000001f035d648c0,
0x000001f035d65c70, 0x000001f0328e41c0, 0x000001f0328e4850, 0x000001f0328e20f0,
0x000001f067741f80, 0x000001f067740540, 0x000001f06773f820, 0x000001f067742610,
0x000001f0670cd4e0, 0x000001f0670cdbb0, 0x000001f0670cc070, 0x000001f0670d26a0
}

Java Threads: ( => current thread )
  0x000001efc11f48b0 JavaThread "main"                              [_thread_blocked, id=19588, stack(0x0000006917400000,0x0000006917500000) (1024K)]
  0x000001efc1da6020 JavaThread "Reference Handler"          daemon [_thread_blocked, id=19668, stack(0x0000006919b00000,0x000000691a500000) (10240K)]
  0x000001efc1da6a80 JavaThread "Finalizer"                  daemon [_thread_blocked, id=19624, stack(0x000000691a500000,0x000000691af00000) (10240K)]
  0x000001efc1dabd50 JavaThread "Signal Dispatcher"          daemon [_thread_blocked, id=19672, stack(0x000000691af00000,0x000000691b900000) (10240K)]
  0x000001efc1dac7b0 JavaThread "Attach Listener"            daemon [_thread_blocked, id=19676, stack(0x000000691b900000,0x000000691c300000) (10240K)]
  0x000001efc1dad210 JavaThread "Service Thread"             daemon [_thread_blocked, id=17552, stack(0x000000691c300000,0x000000691cd00000) (10240K)]
  0x000001efc1daf4c0 JavaThread "Monitor Deflation Thread"   daemon [_thread_blocked, id=19556, stack(0x000000691cd00000,0x000000691d700000) (10240K)]
  0x000001efc1db4bd0 JavaThread "C2 CompilerThread0"         daemon [_thread_blocked, id=19248, stack(0x000000691d700000,0x000000691d800000) (1024K)]
  0x000001efc1dbc300 JavaThread "C1 CompilerThread0"         daemon [_thread_blocked, id=17512, stack(0x000000691d800000,0x000000691d900000) (1024K)]
  0x000001efbf72d680 JavaThread "StringDedupThread"          daemon [_thread_blocked, id=19332, stack(0x000000691d900000,0x000000691e300000) (10240K)]
  0x000001efbf72dd10 JavaThread "Common-Cleaner"             daemon [_thread_blocked, id=19856, stack(0x000000691e600000,0x000000691f000000) (10240K)]
  0x000001efbf72e3a0 JavaThread "Notification Thread"        daemon [_thread_blocked, id=20000, stack(0x000000691f000000,0x000000691fa00000) (10240K)]
  0x000001f0266beb90 JavaThread "Java2D Disposer"            daemon [_thread_blocked, id=20072, stack(0x000000691fa00000,0x0000006920400000) (10240K)]
  0x000001f0266be500 JavaThread "AWT-Shutdown"                      [_thread_blocked, id=14364, stack(0x0000006920400000,0x0000006920e00000) (10240K)]
  0x000001f0266bf220 JavaThread "AWT-Windows"                daemon [_thread_in_native, id=10128, stack(0x0000006920e00000,0x0000006921800000) (10240K)]
  0x000001f0266bde70 JavaThread "TimerQueue"                 daemon [_thread_blocked, id=8208, stack(0x0000006921d00000,0x0000006922700000) (10240K)]
=>0x000001f0266c0c60 JavaThread "AWT-EventQueue-0"                  [_thread_in_native, id=12320, stack(0x0000006923100000,0x0000006923b00000) (10240K)]
  0x000001f0266c12f0 JavaThread "Thread-1"                          [_thread_in_native, id=20360, stack(0x0000006917700000,0x0000006918b00000) (20480K)]
  0x000001f0266c26a0 JavaThread "Process Messages Thread"           [_thread_blocked, id=20472, stack(0x0000006924a00000,0x0000006925400000) (10240K)]
  0x000001f0266c1980 JavaThread "Batik CleanerThread"        daemon [_thread_blocked, id=10392, stack(0x0000006925400000,0x0000006925e00000) (10240K)]
  0x000001f0266bff40 JavaThread "SyntheticaCleanerThread"    daemon [_thread_blocked, id=21184, stack(0x0000006925e00000,0x0000006926800000) (10240K)]
  0x000001f02a0afe90 JavaThread "Monitor HEventQueue for Sluggish Gui Thread"        [_thread_blocked, id=19268, stack(0x0000006928600000,0x0000006929000000) (10240K)]
  0x000001f02a0b0520 JavaThread "SyntheticaAnimation 50"     daemon [_thread_blocked, id=22320, stack(0x0000006929000000,0x0000006929a00000) (10240K)]
  0x000001f02a0af170 JavaThread "SyntheticaAnimation 25"     daemon [_thread_blocked, id=12772, stack(0x0000006929a00000,0x000000692a400000) (10240K)]
  0x000001f02a0af800 JavaThread "SyntheticaAnimation 70"     daemon [_thread_blocked, id=19408, stack(0x000000692ae00000,0x000000692b800000) (10240K)]
  0x000001f0266c05d0 JavaThread "hw_ila_monitor"                    [_thread_blocked, id=22836, stack(0x0000006923b00000,0x0000006924500000) (10240K)]
  0x000001f0266c33c0 JavaThread "pool-2-thread-1"                   [_thread_blocked, id=22788, stack(0x000000692c200000,0x000000692cc00000) (10240K)]
  0x000001f02a0b3310 JavaThread "pool-3-thread-1"                   [_thread_blocked, id=22776, stack(0x000000692d600000,0x000000692e000000) (10240K)]
  0x000001f02a0b4d50 JavaThread "pool-4-thread-1"                   [_thread_blocked, id=22772, stack(0x000000692ea00000,0x000000692f400000) (10240K)]
  0x000001f032f12060 JavaThread "pool-5-thread-1"                   [_thread_blocked, id=23016, stack(0x000000692fe00000,0x0000006930800000) (10240K)]
  0x000001f032f14e50 JavaThread "pool-6-thread-1"                   [_thread_blocked, id=23044, stack(0x0000006931200000,0x0000006931c00000) (10240K)]
  0x000001f032f15b70 JavaThread "pool-7-thread-1"                   [_thread_blocked, id=23024, stack(0x0000006932600000,0x0000006933000000) (10240K)]
  0x000001f032f13410 JavaThread "pool-8-thread-1"                   [_thread_blocked, id=23032, stack(0x0000006933a00000,0x0000006934400000) (10240K)]
  0x000001f03caf27c0 JavaThread "Thread-39"                         [_thread_in_native, id=20408, stack(0x0000006919300000,0x0000006919400000) (1024K)]
  0x000001f03caf0060 JavaThread "Thread-40"                         [_thread_in_native, id=20392, stack(0x0000006919200000,0x0000006919300000) (1024K)]
  0x000001f03caf34e0 JavaThread "SyntheticaAnimation 50"     daemon [_thread_blocked, id=20144, stack(0x0000006926800000,0x0000006927200000) (10240K)]
  0x000001f03caf7680 JavaThread "Refresh Filesets Swing Worker Thread"        [_thread_blocked, id=7984, stack(0x000000692b800000,0x000000692c200000) (10240K)]
  0x000001f03caf55b0 JavaThread "Timer-8"                           [_thread_blocked, id=3604, stack(0x0000006936200000,0x0000006936c00000) (10240K)]
  0x000001f03caf5c40 JavaThread "Monitor File Timestamp Swing Worker Thread"        [_thread_blocked, id=8304, stack(0x0000006936c00000,0x0000006937600000) (10240K)]
  0x000001f03caf4f20 JavaThread "pool-9-thread-1"                   [_thread_blocked, id=11124, stack(0x0000006938000000,0x0000006938a00000) (10240K)]
  0x000001f03caf6ff0 JavaThread "pool-10-thread-1"                  [_thread_blocked, id=4688, stack(0x0000006939400000,0x0000006939e00000) (10240K)]
  0x000001f0266c2d30 JavaThread "pool-11-thread-1"                  [_thread_blocked, id=6856, stack(0x000000693a800000,0x000000693b200000) (10240K)]
  0x000001f0328e2780 JavaThread "Thread-158"                        [_thread_in_native, id=20388, stack(0x0000006919100000,0x0000006919200000) (1024K)]
  0x000001f0328e9710 JavaThread "Image Animator 1"           daemon [_thread_blocked, id=18076, stack(0x0000006937600000,0x0000006938000000) (10240K)]
  0x000001f0328e6920 JavaThread "Timer-12"                          [_thread_blocked, id=10292, stack(0x000000693bc00000,0x000000693c600000) (10240K)]
  0x000001f03be72e60 JavaThread "Timer-14"                          [_thread_blocked, id=19084, stack(0x000000693f800000,0x0000006940200000) (10240K)]
  0x000001f03caf06f0 JavaThread "Monitor File Timestamp Swing Worker Thread"        [_thread_blocked, id=19208, stack(0x0000006940200000,0x0000006940c00000) (10240K)]
  0x000001f03caf62d0 JavaThread "Timer-15"                          [_thread_blocked, id=19184, stack(0x0000006940c00000,0x0000006941600000) (10240K)]
  0x000001f02a0addc0 JavaThread "Monitor File Timestamp Swing Worker Thread"        [_thread_blocked, id=19188, stack(0x0000006941600000,0x0000006942000000) (10240K)]
  0x000001f0328e8360 JavaThread "Timer-16"                          [_thread_blocked, id=17600, stack(0x0000006934e00000,0x0000006935800000) (10240K)]
  0x000001f0350664f0 JavaThread "Monitor File Timestamp Swing Worker Thread"        [_thread_blocked, id=12816, stack(0x000000693ee00000,0x000000693f800000) (10240K)]
  0x000001f035063070 JavaThread "Timer-17"                          [_thread_blocked, id=21740, stack(0x0000006942000000,0x0000006942a00000) (10240K)]
  0x000001f035065140 JavaThread "Monitor File Timestamp Swing Worker Thread"        [_thread_blocked, id=22088, stack(0x0000006942a00000,0x0000006943400000) (10240K)]
  0x000001f0350657d0 JavaThread "Timer-18"                          [_thread_blocked, id=18896, stack(0x000000692a400000,0x000000692ae00000) (10240K)]
  0x000001f035063700 JavaThread "Monitor File Timestamp Swing Worker Thread"        [_thread_blocked, id=2980, stack(0x0000006943400000,0x0000006943e00000) (10240K)]
  0x000001f03bff53c0 JavaThread "Timer-20"                          [_thread_blocked, id=21512, stack(0x0000006945200000,0x0000006945c00000) (10240K)]
  0x000001f03bff8ed0 JavaThread "Monitor File Timestamp Swing Worker Thread"        [_thread_blocked, id=23408, stack(0x0000006945c00000,0x0000006946600000) (10240K)]
  0x000001f03bff81b0 JavaThread "Timer-21"                          [_thread_blocked, id=18316, stack(0x0000006946600000,0x0000006947000000) (10240K)]
  0x000001f03bff9560 JavaThread "Monitor File Timestamp Swing Worker Thread"        [_thread_blocked, id=12376, stack(0x0000006947000000,0x0000006947a00000) (10240K)]
  0x000001f03bffa910 JavaThread "Timer-22"                          [_thread_blocked, id=2360, stack(0x0000006949800000,0x000000694a200000) (10240K)]
  0x000001f03bffafa0 JavaThread "Monitor File Timestamp Swing Worker Thread"        [_thread_blocked, id=17112, stack(0x000000694a200000,0x000000694ac00000) (10240K)]
  0x000001f03bff6770 JavaThread "Timer-24"                          [_thread_blocked, id=18776, stack(0x0000006947a00000,0x0000006948400000) (10240K)]
  0x000001f03bff7490 JavaThread "Monitor File Timestamp Swing Worker Thread"        [_thread_blocked, id=20932, stack(0x0000006948e00000,0x0000006949800000) (10240K)]
  0x000001f03bff7b20 JavaThread "Timer-25"                          [_thread_blocked, id=9232, stack(0x000000694ac00000,0x000000694b600000) (10240K)]
  0x000001f03bffc350 JavaThread "Monitor File Timestamp Swing Worker Thread"        [_thread_blocked, id=13544, stack(0x000000694b600000,0x000000694c000000) (10240K)]
  0x000001f03bff6e00 JavaThread "pool-18-thread-1"                  [_thread_blocked, id=18920, stack(0x0000006938a00000,0x0000006939400000) (10240K)]
  0x000001f03bffc9e0 JavaThread "pool-19-thread-1"                  [_thread_blocked, id=1756, stack(0x0000006948400000,0x0000006948e00000) (10240K)]
  0x000001f03caf0d80 JavaThread "pool-20-thread-1"                  [_thread_blocked, id=7164, stack(0x000000694ca00000,0x000000694d400000) (10240K)]
  0x000001f0266c2010 JavaThread "pool-21-thread-1"                  [_thread_blocked, id=3692, stack(0x000000694de00000,0x000000694e800000) (10240K)]
  0x000001f035063d90 JavaThread "pool-22-thread-1"                  [_thread_blocked, id=5188, stack(0x000000694f200000,0x000000694fc00000) (10240K)]
  0x000001f02662fe90 JavaThread "Thread-3873"                       [_thread_in_native, id=9292, stack(0x0000006921b00000,0x0000006921c00000) (1024K)]
  0x000001f026630bb0 JavaThread "Thread-3888"                       [_thread_in_native, id=6076, stack(0x0000006921c00000,0x0000006921d00000) (1024K)]
  0x000001f0266325f0 JavaThread "Thread-3889"                       [_thread_in_native, id=2576, stack(0x0000006924600000,0x0000006924700000) (1024K)]
  0x000001f026631f60 JavaThread "pool-23-thread-1"                  [_thread_blocked, id=16808, stack(0x0000006943e00000,0x0000006944800000) (10240K)]
  0x000001f026633310 JavaThread "pool-24-thread-1"                  [_thread_blocked, id=18156, stack(0x000000694c000000,0x000000694ca00000) (10240K)]
  0x000001f026630520 JavaThread "pool-25-thread-1"                  [_thread_blocked, id=10744, stack(0x0000006951000000,0x0000006951a00000) (10240K)]
  0x000001f0266318d0 JavaThread "pool-26-thread-1"                  [_thread_blocked, id=17472, stack(0x0000006952400000,0x0000006952e00000) (10240K)]
  0x000001f026631240 JavaThread "pool-27-thread-1"                  [_thread_blocked, id=9512, stack(0x0000006953800000,0x0000006954200000) (10240K)]
  0x000001f026635a70 JavaThread "pool-28-thread-1"                  [_thread_blocked, id=15420, stack(0x0000006954c00000,0x0000006955600000) (10240K)]
  0x000001f026636100 JavaThread "pool-29-thread-1"                  [_thread_blocked, id=15100, stack(0x0000006956000000,0x0000006956a00000) (10240K)]
  0x000001f026636e20 JavaThread "pool-30-thread-1"                  [_thread_blocked, id=12224, stack(0x0000006957400000,0x0000006957e00000) (10240K)]
  0x000001f032f18ff0 JavaThread "Thread-4261"                       [_thread_in_native, id=12956, stack(0x0000006917600000,0x0000006917700000) (1024K)]
  0x000001f032f154e0 JavaThread "Swing-Shell"                daemon [_thread_blocked, id=14268, stack(0x000000692e000000,0x000000692ea00000) (10240K)]
  0x000001f02a0b1240 JavaThread "SyntheticaAnimation 50"     daemon [_thread_blocked, id=8180, stack(0x0000006927400000,0x0000006927e00000) (10240K)]
  0x000001f03bff8840 JavaThread "pool-32-thread-1"                  [_thread_blocked, id=19244, stack(0x0000006931c00000,0x0000006932600000) (10240K)]
  0x000001f035d66300 JavaThread "Refresh Filesets Swing Worker Thread"        [_thread_blocked, id=21472, stack(0x000000692f400000,0x000000692fe00000) (10240K)]
  0x000001f035d63ba0 JavaThread "Timer-40"                          [_thread_blocked, id=17508, stack(0x0000006930800000,0x0000006931200000) (10240K)]
  0x000001f035d655e0 JavaThread "Monitor File Timestamp Swing Worker Thread"        [_thread_blocked, id=17260, stack(0x0000006934400000,0x0000006934e00000) (10240K)]
  0x000001f035d66990 JavaThread "pool-33-thread-1"                  [_thread_blocked, id=18872, stack(0x0000006939e00000,0x000000693a800000) (10240K)]
  0x000001f035d67020 JavaThread "Timer-41"                          [_thread_blocked, id=16108, stack(0x000000693b200000,0x000000693bc00000) (10240K)]
  0x000001f035d676b0 JavaThread "pool-34-thread-1"                  [_thread_blocked, id=19044, stack(0x000000693d000000,0x000000693da00000) (10240K)]
  0x000001f035d64230 JavaThread "Timer-42"                          [_thread_blocked, id=21360, stack(0x000000693da00000,0x000000693e400000) (10240K)]
  0x000001f035d67d40 JavaThread "pool-35-thread-1"                  [_thread_blocked, id=19836, stack(0x000000693e400000,0x000000693ee00000) (10240K)]
  0x000001f035d683d0 JavaThread "Timer-43"                          [_thread_blocked, id=9812, stack(0x0000006944800000,0x0000006945200000) (10240K)]
  0x000001f035d64f50 JavaThread "pool-36-thread-1"                  [_thread_blocked, id=23152, stack(0x000000694d400000,0x000000694de00000) (10240K)]
  0x000001f065ff67c0 JavaThread "Timer-44"                          [_thread_blocked, id=23124, stack(0x000000694e800000,0x000000694f200000) (10240K)]
  0x000001f065ff46f0 JavaThread "pool-37-thread-1"                  [_thread_blocked, id=14576, stack(0x000000694fc00000,0x0000006950600000) (10240K)]
  0x000001f065ff4d80 JavaThread "Timer-45"                          [_thread_blocked, id=8648, stack(0x0000006950600000,0x0000006951000000) (10240K)]
  0x000001f065ff6e50 JavaThread "pool-38-thread-1"                  [_thread_blocked, id=7764, stack(0x0000006958800000,0x0000006959200000) (10240K)]
  0x000001f065ff5410 JavaThread "Timer-46"                          [_thread_blocked, id=21476, stack(0x0000006959200000,0x0000006959c00000) (10240K)]
  0x000001f065ff5aa0 JavaThread "pool-39-thread-1"                  [_thread_blocked, id=15340, stack(0x0000006959c00000,0x000000695a600000) (10240K)]
  0x000001f065ff4060 JavaThread "Timer-47"                          [_thread_blocked, id=16836, stack(0x000000695a600000,0x000000695b000000) (10240K)]
  0x000001f065ff7b70 JavaThread "Update Runs Swing Worker Thread"        [_thread_blocked, id=12440, stack(0x000000695ba00000,0x000000695c400000) (10240K)]
  0x000001f065ff8890 JavaThread "Thread-6231"                       [_thread_in_native, id=3772, stack(0x0000006922900000,0x0000006922a00000) (1024K)]
  0x000001f065fff820 JavaThread "Update Runs Swing Worker Thread"        [_thread_blocked, id=22956, stack(0x000000693c600000,0x000000693d000000) (10240K)]
  0x000001f065fffeb0 JavaThread "pool-40-thread-1"                  [_thread_blocked, id=20128, stack(0x0000006955600000,0x0000006956000000) (10240K)]
  0x000001f065ffeb00 JavaThread "pool-41-thread-1"                  [_thread_blocked, id=7748, stack(0x000000695c400000,0x000000695ce00000) (10240K)]
  0x000001f0660018f0 JavaThread "pool-42-thread-1"                  [_thread_blocked, id=18816, stack(0x000000695d800000,0x000000695e200000) (10240K)]
  0x000001f066001260 JavaThread "pool-43-thread-1"                  [_thread_blocked, id=2724, stack(0x000000695ec00000,0x000000695f600000) (10240K)]
  0x000001f066002ca0 JavaThread "pool-44-thread-1"                  [_thread_blocked, id=22524, stack(0x0000006960000000,0x0000006960a00000) (10240K)]
  0x000001f066001f80 JavaThread "pool-45-thread-1"                  [_thread_blocked, id=15468, stack(0x0000006961400000,0x0000006961e00000) (10240K)]
  0x000001f066002610 JavaThread "Timer-53"                          [_thread_blocked, id=22580, stack(0x0000006961e00000,0x0000006962800000) (10240K)]
  0x000001f066004050 JavaThread "pool-46-thread-1"                  [_thread_blocked, id=16600, stack(0x0000006962800000,0x0000006963200000) (10240K)]
  0x000001f066000bd0 JavaThread "Timer-54"                          [_thread_blocked, id=19564, stack(0x0000006963200000,0x0000006963c00000) (10240K)]
  0x000001f0660046e0 JavaThread "pool-47-thread-1"                  [_thread_blocked, id=2144, stack(0x0000006963c00000,0x0000006964600000) (10240K)]
  0x000001f035d627f0 JavaThread "Timer-55"                          [_thread_blocked, id=18884, stack(0x0000006964600000,0x0000006965000000) (10240K)]
  0x000001f035d60720 JavaThread "pool-48-thread-1"                  [_thread_blocked, id=23068, stack(0x0000006965000000,0x0000006965a00000) (10240K)]
  0x000001f035d62e80 JavaThread "Timer-56"                          [_thread_blocked, id=11548, stack(0x0000006965a00000,0x0000006966400000) (10240K)]
  0x000001f035d60db0 JavaThread "pool-49-thread-1"                  [_thread_blocked, id=11416, stack(0x0000006966400000,0x0000006966e00000) (10240K)]
  0x000001f035d648c0 JavaThread "Timer-57"                          [_thread_blocked, id=9112, stack(0x0000006966e00000,0x0000006967800000) (10240K)]
  0x000001f035d65c70 JavaThread "pool-50-thread-1"                  [_thread_blocked, id=11312, stack(0x0000006967800000,0x0000006968200000) (10240K)]
  0x000001f0328e41c0 JavaThread "Timer-58"                          [_thread_blocked, id=12156, stack(0x0000006968200000,0x0000006968c00000) (10240K)]
  0x000001f0328e4850 JavaThread "pool-51-thread-1"                  [_thread_blocked, id=12460, stack(0x0000006968c00000,0x0000006969600000) (10240K)]
  0x000001f0328e20f0 JavaThread "Timer-59"                          [_thread_blocked, id=16952, stack(0x0000006969600000,0x000000696a000000) (10240K)]
  0x000001f067741f80 JavaThread "Timer-60"                          [_thread_blocked, id=22916, stack(0x0000006933000000,0x0000006933a00000) (10240K)]
  0x000001f067740540 JavaThread "Monitor File Timestamp Swing Worker Thread"        [_thread_blocked, id=18280, stack(0x0000006935800000,0x0000006936200000) (10240K)]
  0x000001f06773f820 JavaThread "Timer-61"                          [_thread_blocked, id=6088, stack(0x0000006951a00000,0x0000006952400000) (10240K)]
  0x000001f067742610 JavaThread "Monitor File Timestamp Swing Worker Thread"        [_thread_blocked, id=22108, stack(0x0000006952e00000,0x0000006953800000) (10240K)]
  0x000001f0670cd4e0 JavaThread "C2 CompilerThread1"         daemon [_thread_blocked, id=11388, stack(0x0000006922800000,0x0000006922900000) (1024K)]
  0x000001f0670cdbb0 JavaThread "C2 CompilerThread2"         daemon [_thread_blocked, id=10752, stack(0x0000006922900000,0x0000006922a00000) (1024K)]
  0x000001f0670cc070 JavaThread "C1 CompilerThread1"         daemon [_thread_blocked, id=22676, stack(0x0000006922a00000,0x0000006922b00000) (1024K)]
  0x000001f0670d26a0 JavaThread "C1 CompilerThread2"         daemon [_thread_blocked, id=460, stack(0x0000006922b00000,0x0000006922c00000) (1024K)]
Total: 132

Other Threads:
  0x000001efba447c40 VMThread "VM Thread"                           [id=19664, stack(0x0000006919a00000,0x0000006919b00000) (1024K)]
  0x000001efbf548220 WatcherThread "VM Periodic Task Thread"        [id=19660, stack(0x0000006919900000,0x0000006919a00000) (1024K)]
  0x000001efba4445e0 WorkerThread "GC Thread#0"                     [id=19652, stack(0x0000006919400000,0x0000006919500000) (1024K)]
  0x000001efba4478a0 WorkerThread "GC Thread#1"                     [id=19740, stack(0x000000691e500000,0x000000691e600000) (1024K)]
  0x000001efba445f40 WorkerThread "GC Thread#2"                     [id=2524, stack(0x0000006921800000,0x0000006921900000) (1024K)]
  0x000001efba444980 WorkerThread "GC Thread#3"                     [id=17592, stack(0x0000006921900000,0x0000006921a00000) (1024K)]
  0x000001efc1309c30 ConcurrentGCThread "G1 Main Marker"            [id=19636, stack(0x0000006919500000,0x0000006919600000) (1024K)]
  0x000001efba447500 WorkerThread "G1 Conc#0"                       [id=19640, stack(0x0000006919600000,0x0000006919700000) (1024K)]
  0x000001efc1c90700 ConcurrentGCThread "G1 Refine#0"               [id=19644, stack(0x0000006919700000,0x0000006919800000) (1024K)]
  0x000001efbf0c0800 ConcurrentGCThread "G1 Service"                [id=19656, stack(0x0000006919800000,0x0000006919900000) (1024K)]
Total: 10

Threads with active compile tasks:
Total: 0

VM state: not at safepoint (normal execution)

VM Mutex/Monitor currently owned by a thread: None

Heap address: 0x0000000701800000, size: 4072 MB, Compressed Oops mode: Zero based, Oop shift amount: 3

CDS archive(s) mapped at: [0x000001efe1000000-0x000001efe1c90000-0x000001efe1c90000), size 13172736, SharedBaseAddress: 0x000001efe1000000, ArchiveRelocationMode: 1.
Compressed class space mapped at: 0x000001efe2000000-0x000001f022000000, reserved size: 1073741824
Narrow klass base: 0x000001efe1000000, Narrow klass shift: 0, Narrow klass range: 0x100000000

GC Precious Log:
 CardTable entry size: 512
 Card Set container configuration: InlinePtr #cards 4 size 8 Array Of Cards #cards 16 size 48 Howl #buckets 8 coarsen threshold 3686 Howl Bitmap #cards 512 size 80 coarsen threshold 460 Card regions per heap region 1 cards per card region 4096
 CPUs: 28 total, 28 available
 Memory: 32454M
 Large Page Support: Disabled
 NUMA Support: Disabled
 Compressed Oops: Enabled (Zero based)
 Heap Region Size: 2M
 Heap Min Capacity: 512M
 Heap Initial Capacity: 512M
 Heap Max Capacity: 4072M
 Pre-touch: Disabled
 Parallel Workers: 4
 Concurrent Workers: 1
 Concurrent Refinement Workers: 4
 Periodic GC: Disabled
 String Deduplication is enabled

Heap:
 garbage-first heap   total 2148352K, used 294686K [0x0000000701800000, 0x0000000800000000)
  region size 2048K, 16 young (32768K), 1 survivors (2048K)
 Metaspace       used 118052K, committed 118848K, reserved 1179648K
  class space    used 16737K, committed 17152K, reserved 1048576K

Heap Regions: E=young(eden), S=young(survivor), O=old, HS=humongous(starts), HC=humongous(continues), CS=collection set, F=free, TAMS=top-at-mark-start, PB=parsable bottom
|   0|0x0000000701800000, 0x0000000701a00000, 0x0000000701a00000|100%|HS|  |TAMS 0x0000000701800000| PB 0x0000000701800000| Untracked 
|   1|0x0000000701a00000, 0x0000000701bffff8, 0x0000000701c00000| 99%| O|  |TAMS 0x0000000701a00000| PB 0x0000000701a00000| Untracked 
|   2|0x0000000701c00000, 0x0000000701dffff8, 0x0000000701e00000| 99%| O|  |TAMS 0x0000000701c00000| PB 0x0000000701c00000| Untracked 
|   3|0x0000000701e00000, 0x0000000702000000, 0x0000000702000000|100%| O|  |TAMS 0x0000000701e00000| PB 0x0000000701e00000| Untracked 
|   4|0x0000000702000000, 0x00000007021ffff8, 0x0000000702200000| 99%| O|  |TAMS 0x0000000702000000| PB 0x0000000702000000| Untracked 
|   5|0x0000000702200000, 0x00000007023fff80, 0x0000000702400000| 99%| O|  |TAMS 0x0000000702200000| PB 0x0000000702200000| Untracked 
|   6|0x0000000702400000, 0x00000007025fffe0, 0x0000000702600000| 99%| O|  |TAMS 0x0000000702400000| PB 0x0000000702400000| Untracked 
|   7|0x0000000702600000, 0x00000007027fff88, 0x0000000702800000| 99%| O|  |TAMS 0x0000000702600000| PB 0x0000000702600000| Untracked 
|   8|0x0000000702800000, 0x0000000702a00000, 0x0000000702a00000|100%| O|  |TAMS 0x0000000702800000| PB 0x0000000702800000| Untracked 
|   9|0x0000000702a00000, 0x0000000702c00000, 0x0000000702c00000|100%| O|  |TAMS 0x0000000702a00000| PB 0x0000000702a00000| Untracked 
|  10|0x0000000702c00000, 0x0000000702df02c0, 0x0000000702e00000| 96%| O|  |TAMS 0x0000000702c00000| PB 0x0000000702c00000| Untracked 
|  11|0x0000000702e00000, 0x0000000703000000, 0x0000000703000000|100%| O|  |TAMS 0x0000000702e00000| PB 0x0000000702e00000| Untracked 
|  12|0x0000000703000000, 0x00000007031ff2b0, 0x0000000703200000| 99%| O|  |TAMS 0x0000000703000000| PB 0x0000000703000000| Untracked 
|  13|0x0000000703200000, 0x00000007033fffe0, 0x0000000703400000| 99%| O|  |TAMS 0x0000000703200000| PB 0x0000000703200000| Untracked 
|  14|0x0000000703400000, 0x00000007035fff58, 0x0000000703600000| 99%| O|  |TAMS 0x0000000703400000| PB 0x0000000703400000| Untracked 
|  15|0x0000000703600000, 0x00000007037ffff0, 0x0000000703800000| 99%| O|  |TAMS 0x0000000703600000| PB 0x0000000703600000| Untracked 
|  16|0x0000000703800000, 0x00000007039ffff8, 0x0000000703a00000| 99%| O|  |TAMS 0x0000000703800000| PB 0x0000000703800000| Untracked 
|  17|0x0000000703a00000, 0x0000000703bffff0, 0x0000000703c00000| 99%| O|  |TAMS 0x0000000703a00000| PB 0x0000000703a00000| Untracked 
|  18|0x0000000703c00000, 0x0000000703dfffe0, 0x0000000703e00000| 99%| O|  |TAMS 0x0000000703c00000| PB 0x0000000703c00000| Untracked 
|  19|0x0000000703e00000, 0x0000000703fffd20, 0x0000000704000000| 99%| O|  |TAMS 0x0000000703e00000| PB 0x0000000703e00000| Untracked 
|  20|0x0000000704000000, 0x00000007041ffff0, 0x0000000704200000| 99%| O|  |TAMS 0x0000000704000000| PB 0x0000000704000000| Untracked 
|  21|0x0000000704200000, 0x0000000704400000, 0x0000000704400000|100%| O|  |TAMS 0x0000000704200000| PB 0x0000000704200000| Untracked 
|  22|0x0000000704400000, 0x0000000704600000, 0x0000000704600000|100%| O|  |TAMS 0x0000000704400000| PB 0x0000000704400000| Untracked 
|  23|0x0000000704600000, 0x00000007047ffff8, 0x0000000704800000| 99%| O|  |TAMS 0x0000000704600000| PB 0x0000000704600000| Untracked 
|  24|0x0000000704800000, 0x00000007049ffff0, 0x0000000704a00000| 99%| O|  |TAMS 0x0000000704800000| PB 0x0000000704800000| Untracked 
|  25|0x0000000704a00000, 0x0000000704c00000, 0x0000000704c00000|100%| O|  |TAMS 0x0000000704a00000| PB 0x0000000704a00000| Untracked 
|  26|0x0000000704c00000, 0x0000000704dffec0, 0x0000000704e00000| 99%| O|  |TAMS 0x0000000704c00000| PB 0x0000000704c00000| Untracked 
|  27|0x0000000704e00000, 0x0000000704ffffe8, 0x0000000705000000| 99%| O|  |TAMS 0x0000000704e00000| PB 0x0000000704e00000| Untracked 
|  28|0x0000000705000000, 0x00000007051ffee0, 0x0000000705200000| 99%| O|  |TAMS 0x0000000705000000| PB 0x0000000705000000| Untracked 
|  29|0x0000000705200000, 0x00000007053ffff0, 0x0000000705400000| 99%| O|  |TAMS 0x0000000705200000| PB 0x0000000705200000| Untracked 
|  30|0x0000000705400000, 0x00000007055ffff8, 0x0000000705600000| 99%| O|  |TAMS 0x0000000705400000| PB 0x0000000705400000| Untracked 
|  31|0x0000000705600000, 0x00000007057fffe8, 0x0000000705800000| 99%| O|  |TAMS 0x0000000705600000| PB 0x0000000705600000| Untracked 
|  32|0x0000000705800000, 0x00000007059ffff0, 0x0000000705a00000| 99%| O|  |TAMS 0x0000000705800000| PB 0x0000000705800000| Untracked 
|  33|0x0000000705a00000, 0x0000000705bffef0, 0x0000000705c00000| 99%| O|  |TAMS 0x0000000705a00000| PB 0x0000000705a00000| Untracked 
|  34|0x0000000705c00000, 0x0000000705dffff8, 0x0000000705e00000| 99%| O|  |TAMS 0x0000000705c00000| PB 0x0000000705c00000| Untracked 
|  35|0x0000000705e00000, 0x0000000705fff380, 0x0000000706000000| 99%| O|  |TAMS 0x0000000705e00000| PB 0x0000000705e00000| Untracked 
|  36|0x0000000706000000, 0x0000000706200000, 0x0000000706200000|100%| O|  |TAMS 0x0000000706000000| PB 0x0000000706000000| Untracked 
|  37|0x0000000706200000, 0x00000007063ffff0, 0x0000000706400000| 99%| O|  |TAMS 0x0000000706200000| PB 0x0000000706200000| Untracked 
|  38|0x0000000706400000, 0x00000007065ffff8, 0x0000000706600000| 99%| O|  |TAMS 0x0000000706400000| PB 0x0000000706400000| Untracked 
|  39|0x0000000706600000, 0x0000000706800000, 0x0000000706800000|100%| O|  |TAMS 0x0000000706600000| PB 0x0000000706600000| Untracked 
|  40|0x0000000706800000, 0x00000007069ffc38, 0x0000000706a00000| 99%| O|  |TAMS 0x0000000706800000| PB 0x0000000706800000| Untracked 
|  41|0x0000000706a00000, 0x0000000706bffef8, 0x0000000706c00000| 99%| O|  |TAMS 0x0000000706a00000| PB 0x0000000706a00000| Untracked 
|  42|0x0000000706c00000, 0x0000000706e00000, 0x0000000706e00000|100%| O|  |TAMS 0x0000000706c00000| PB 0x0000000706c00000| Untracked 
|  43|0x0000000706e00000, 0x0000000706fffff0, 0x0000000707000000| 99%| O|  |TAMS 0x0000000706e00000| PB 0x0000000706e00000| Untracked 
|  44|0x0000000707000000, 0x00000007071fff88, 0x0000000707200000| 99%| O|  |TAMS 0x0000000707000000| PB 0x0000000707000000| Untracked 
|  45|0x0000000707200000, 0x0000000707400000, 0x0000000707400000|100%| O|  |TAMS 0x0000000707200000| PB 0x0000000707200000| Untracked 
|  46|0x0000000707400000, 0x00000007075ffff0, 0x0000000707600000| 99%| O|  |TAMS 0x0000000707400000| PB 0x0000000707400000| Untracked 
|  47|0x0000000707600000, 0x0000000707800000, 0x0000000707800000|100%| O|  |TAMS 0x0000000707600000| PB 0x0000000707600000| Untracked 
|  48|0x0000000707800000, 0x00000007079fe350, 0x0000000707a00000| 99%| O|  |TAMS 0x0000000707800000| PB 0x0000000707800000| Untracked 
|  49|0x0000000707a00000, 0x0000000707bfffb0, 0x0000000707c00000| 99%| O|  |TAMS 0x0000000707a00000| PB 0x0000000707a00000| Untracked 
|  50|0x0000000707c00000, 0x0000000707dfffd0, 0x0000000707e00000| 99%| O|  |TAMS 0x0000000707c00000| PB 0x0000000707c00000| Untracked 
|  51|0x0000000707e00000, 0x0000000707fffff0, 0x0000000708000000| 99%| O|  |TAMS 0x0000000707e00000| PB 0x0000000707e00000| Untracked 
|  52|0x0000000708000000, 0x0000000708200000, 0x0000000708200000|100%| O|  |TAMS 0x0000000708000000| PB 0x0000000708000000| Untracked 
|  53|0x0000000708200000, 0x00000007083fffd0, 0x0000000708400000| 99%| O|  |TAMS 0x0000000708200000| PB 0x0000000708200000| Untracked 
|  54|0x0000000708400000, 0x00000007085ffff8, 0x0000000708600000| 99%| O|  |TAMS 0x0000000708400000| PB 0x0000000708400000| Untracked 
|  55|0x0000000708600000, 0x00000007087fe440, 0x0000000708800000| 99%| O|  |TAMS 0x0000000708600000| PB 0x0000000708600000| Untracked 
|  56|0x0000000708800000, 0x0000000708a00000, 0x0000000708a00000|100%|HS|  |TAMS 0x0000000708800000| PB 0x0000000708800000| Untracked 
|  57|0x0000000708a00000, 0x0000000708bfffc0, 0x0000000708c00000| 99%| O|  |TAMS 0x0000000708a00000| PB 0x0000000708a00000| Untracked 
|  58|0x0000000708c00000, 0x0000000708dffc10, 0x0000000708e00000| 99%| O|  |TAMS 0x0000000708c00000| PB 0x0000000708c00000| Untracked 
|  59|0x0000000708e00000, 0x0000000708fffff8, 0x0000000709000000| 99%| O|  |TAMS 0x0000000708e00000| PB 0x0000000708e00000| Untracked 
|  60|0x0000000709000000, 0x0000000709200000, 0x0000000709200000|100%| O|  |TAMS 0x0000000709000000| PB 0x0000000709000000| Untracked 
|  61|0x0000000709200000, 0x00000007093ffff8, 0x0000000709400000| 99%| O|  |TAMS 0x0000000709200000| PB 0x0000000709200000| Untracked 
|  62|0x0000000709400000, 0x00000007095ffdd0, 0x0000000709600000| 99%| O|  |TAMS 0x0000000709400000| PB 0x0000000709400000| Untracked 
|  63|0x0000000709600000, 0x00000007097ffff0, 0x0000000709800000| 99%| O|  |TAMS 0x0000000709600000| PB 0x0000000709600000| Untracked 
|  64|0x0000000709800000, 0x00000007099fe788, 0x0000000709a00000| 99%| O|  |TAMS 0x0000000709800000| PB 0x0000000709800000| Untracked 
|  65|0x0000000709a00000, 0x0000000709c00000, 0x0000000709c00000|100%| O|  |TAMS 0x0000000709a00000| PB 0x0000000709a00000| Untracked 
|  66|0x0000000709c00000, 0x0000000709dff840, 0x0000000709e00000| 99%| O|  |TAMS 0x0000000709c00000| PB 0x0000000709c00000| Untracked 
|  67|0x0000000709e00000, 0x0000000709fffff0, 0x000000070a000000| 99%| O|  |TAMS 0x0000000709e00000| PB 0x0000000709e00000| Untracked 
|  68|0x000000070a000000, 0x000000070a200000, 0x000000070a200000|100%| O|  |TAMS 0x000000070a000000| PB 0x000000070a000000| Untracked 
|  69|0x000000070a200000, 0x000000070a3fff88, 0x000000070a400000| 99%| O|  |TAMS 0x000000070a200000| PB 0x000000070a200000| Untracked 
|  70|0x000000070a400000, 0x000000070a5ffff0, 0x000000070a600000| 99%| O|  |TAMS 0x000000070a400000| PB 0x000000070a400000| Untracked 
|  71|0x000000070a600000, 0x000000070a800000, 0x000000070a800000|100%| O|  |TAMS 0x000000070a600000| PB 0x000000070a600000| Untracked 
|  72|0x000000070a800000, 0x000000070a9ffff0, 0x000000070aa00000| 99%| O|  |TAMS 0x000000070a800000| PB 0x000000070a800000| Untracked 
|  73|0x000000070aa00000, 0x000000070abfff30, 0x000000070ac00000| 99%| O|  |TAMS 0x000000070aa00000| PB 0x000000070aa00000| Untracked 
|  74|0x000000070ac00000, 0x000000070adffdc0, 0x000000070ae00000| 99%| O|  |TAMS 0x000000070ac00000| PB 0x000000070ac00000| Untracked 
|  75|0x000000070ae00000, 0x000000070affffe8, 0x000000070b000000| 99%| O|  |TAMS 0x000000070ae00000| PB 0x000000070ae00000| Untracked 
|  76|0x000000070b000000, 0x000000070b1ffbf8, 0x000000070b200000| 99%| O|  |TAMS 0x000000070b000000| PB 0x000000070b000000| Untracked 
|  77|0x000000070b200000, 0x000000070b400000, 0x000000070b400000|100%| O|  |TAMS 0x000000070b200000| PB 0x000000070b200000| Untracked 
|  78|0x000000070b400000, 0x000000070b600000, 0x000000070b600000|100%| O|  |TAMS 0x000000070b400000| PB 0x000000070b400000| Untracked 
|  79|0x000000070b600000, 0x000000070b7ffae0, 0x000000070b800000| 99%| O|  |TAMS 0x000000070b600000| PB 0x000000070b600000| Untracked 
|  80|0x000000070b800000, 0x000000070ba00000, 0x000000070ba00000|100%| O|  |TAMS 0x000000070b800000| PB 0x000000070b800000| Untracked 
|  81|0x000000070ba00000, 0x000000070bbffff0, 0x000000070bc00000| 99%| O|  |TAMS 0x000000070ba00000| PB 0x000000070ba00000| Untracked 
|  82|0x000000070bc00000, 0x000000070bdffff8, 0x000000070be00000| 99%| O|  |TAMS 0x000000070bc00000| PB 0x000000070bc00000| Untracked 
|  83|0x000000070be00000, 0x000000070bfffff0, 0x000000070c000000| 99%| O|  |TAMS 0x000000070be00000| PB 0x000000070be00000| Untracked 
|  84|0x000000070c000000, 0x000000070c1ffff8, 0x000000070c200000| 99%| O|  |TAMS 0x000000070c000000| PB 0x000000070c000000| Untracked 
|  85|0x000000070c200000, 0x000000070c3fffe0, 0x000000070c400000| 99%| O|  |TAMS 0x000000070c200000| PB 0x000000070c200000| Untracked 
|  86|0x000000070c400000, 0x000000070c5ffff8, 0x000000070c600000| 99%| O|  |TAMS 0x000000070c400000| PB 0x000000070c400000| Untracked 
|  87|0x000000070c600000, 0x000000070c800000, 0x000000070c800000|100%| O|  |TAMS 0x000000070c600000| PB 0x000000070c600000| Untracked 
|  88|0x000000070c800000, 0x000000070c9ffd98, 0x000000070ca00000| 99%| O|  |TAMS 0x000000070c800000| PB 0x000000070c800000| Untracked 
|  89|0x000000070ca00000, 0x000000070cbfff48, 0x000000070cc00000| 99%| O|  |TAMS 0x000000070ca00000| PB 0x000000070ca00000| Untracked 
|  90|0x000000070cc00000, 0x000000070ce00000, 0x000000070ce00000|100%| O|  |TAMS 0x000000070cc00000| PB 0x000000070cc00000| Untracked 
|  91|0x000000070ce00000, 0x000000070cfffff8, 0x000000070d000000| 99%| O|  |TAMS 0x000000070ce00000| PB 0x000000070ce00000| Untracked 
|  92|0x000000070d000000, 0x000000070d1ffff0, 0x000000070d200000| 99%| O|  |TAMS 0x000000070d000000| PB 0x000000070d000000| Untracked 
|  93|0x000000070d200000, 0x000000070d400000, 0x000000070d400000|100%| O|  |TAMS 0x000000070d200000| PB 0x000000070d200000| Untracked 
|  94|0x000000070d400000, 0x000000070d600000, 0x000000070d600000|100%| O|  |TAMS 0x000000070d400000| PB 0x000000070d400000| Untracked 
|  95|0x000000070d600000, 0x000000070d7ff908, 0x000000070d800000| 99%| O|  |TAMS 0x000000070d600000| PB 0x000000070d600000| Untracked 
|  96|0x000000070d800000, 0x000000070d9ffeb8, 0x000000070da00000| 99%| O|  |TAMS 0x000000070d800000| PB 0x000000070d800000| Untracked 
|  97|0x000000070da00000, 0x000000070dbfff60, 0x000000070dc00000| 99%| O|  |TAMS 0x000000070da00000| PB 0x000000070da00000| Untracked 
|  98|0x000000070dc00000, 0x000000070ddffff8, 0x000000070de00000| 99%| O|  |TAMS 0x000000070dc00000| PB 0x000000070dc00000| Untracked 
|  99|0x000000070de00000, 0x000000070dfffef0, 0x000000070e000000| 99%| O|  |TAMS 0x000000070de00000| PB 0x000000070de00000| Untracked 
| 100|0x000000070e000000, 0x000000070e200000, 0x000000070e200000|100%| O|  |TAMS 0x000000070e000000| PB 0x000000070e000000| Untracked 
| 101|0x000000070e200000, 0x000000070e3fbf20, 0x000000070e400000| 99%| O|  |TAMS 0x000000070e200000| PB 0x000000070e200000| Untracked 
| 102|0x000000070e400000, 0x000000070e600000, 0x000000070e600000|100%| O|  |TAMS 0x000000070e400000| PB 0x000000070e400000| Untracked 
| 103|0x000000070e600000, 0x000000070e800000, 0x000000070e800000|100%| O|  |TAMS 0x000000070e600000| PB 0x000000070e600000| Untracked 
| 104|0x000000070e800000, 0x000000070e9fffe8, 0x000000070ea00000| 99%| O|  |TAMS 0x000000070e800000| PB 0x000000070e800000| Untracked 
| 105|0x000000070ea00000, 0x000000070ec00000, 0x000000070ec00000|100%|HS|  |TAMS 0x000000070ea00000| PB 0x000000070ea00000| Untracked 
| 106|0x000000070ec00000, 0x000000070ee00000, 0x000000070ee00000|100%| O|  |TAMS 0x000000070ec00000| PB 0x000000070ec00000| Untracked 
| 107|0x000000070ee00000, 0x000000070f000000, 0x000000070f000000|100%| O|  |TAMS 0x000000070ee00000| PB 0x000000070ee00000| Untracked 
| 108|0x000000070f000000, 0x000000070f1bdea0, 0x000000070f200000| 87%| O|  |TAMS 0x000000070f000000| PB 0x000000070f000000| Untracked 
| 109|0x000000070f200000, 0x000000070f27f6e0, 0x000000070f400000| 24%| O|  |TAMS 0x000000070f200000| PB 0x000000070f200000| Untracked 
| 110|0x000000070f400000, 0x000000070f5ff218, 0x000000070f600000| 99%| O|  |TAMS 0x000000070f400000| PB 0x000000070f400000| Untracked 
| 111|0x000000070f600000, 0x000000070f800000, 0x000000070f800000|100%|HS|  |TAMS 0x000000070f600000| PB 0x000000070f600000| Untracked 
| 112|0x000000070f800000, 0x000000070fa00000, 0x000000070fa00000|100%|HC|  |TAMS 0x000000070f800000| PB 0x000000070f800000| Untracked 
| 113|0x000000070fa00000, 0x000000070fa112a8, 0x000000070fc00000|  3%| O|  |TAMS 0x000000070fa00000| PB 0x000000070fa00000| Untracked 
| 114|0x000000070fc00000, 0x000000070fda6400, 0x000000070fe00000| 82%| O|  |TAMS 0x000000070fc00000| PB 0x000000070fc00000| Untracked 
| 115|0x000000070fe00000, 0x000000070fe00000, 0x0000000710000000|  0%| F|  |TAMS 0x000000070fe00000| PB 0x000000070fe00000| Untracked 
| 116|0x0000000710000000, 0x000000071002c408, 0x0000000710200000|  8%| O|  |TAMS 0x0000000710000000| PB 0x0000000710000000| Untracked 
| 117|0x0000000710200000, 0x0000000710200000, 0x0000000710400000|  0%| F|  |TAMS 0x0000000710200000| PB 0x0000000710200000| Untracked 
| 118|0x0000000710400000, 0x0000000710600000, 0x0000000710600000|100%|HS|  |TAMS 0x0000000710400000| PB 0x0000000710400000| Untracked 
| 119|0x0000000710600000, 0x0000000710800000, 0x0000000710800000|100%|HC|  |TAMS 0x0000000710600000| PB 0x0000000710600000| Untracked 
| 120|0x0000000710800000, 0x0000000710a00000, 0x0000000710a00000|100%|HC|  |TAMS 0x0000000710800000| PB 0x0000000710800000| Untracked 
| 121|0x0000000710a00000, 0x0000000710c00000, 0x0000000710c00000|100%|HC|  |TAMS 0x0000000710a00000| PB 0x0000000710a00000| Untracked 
| 122|0x0000000710c00000, 0x0000000710e00000, 0x0000000710e00000|100%|HC|  |TAMS 0x0000000710c00000| PB 0x0000000710c00000| Untracked 
| 123|0x0000000710e00000, 0x0000000711000000, 0x0000000711000000|100%|HC|  |TAMS 0x0000000710e00000| PB 0x0000000710e00000| Untracked 
| 124|0x0000000711000000, 0x0000000711200000, 0x0000000711200000|100%|HC|  |TAMS 0x0000000711000000| PB 0x0000000711000000| Untracked 
| 125|0x0000000711200000, 0x0000000711200000, 0x0000000711400000|  0%| F|  |TAMS 0x0000000711200000| PB 0x0000000711200000| Untracked 
| 126|0x0000000711400000, 0x0000000711400000, 0x0000000711600000|  0%| F|  |TAMS 0x0000000711400000| PB 0x0000000711400000| Untracked 
| 127|0x0000000711600000, 0x0000000711600000, 0x0000000711800000|  0%| F|  |TAMS 0x0000000711600000| PB 0x0000000711600000| Untracked 
| 128|0x0000000711800000, 0x0000000711800000, 0x0000000711a00000|  0%| F|  |TAMS 0x0000000711800000| PB 0x0000000711800000| Untracked 
| 129|0x0000000711a00000, 0x0000000711a00000, 0x0000000711c00000|  0%| F|  |TAMS 0x0000000711a00000| PB 0x0000000711a00000| Untracked 
| 130|0x0000000711c00000, 0x0000000711c00000, 0x0000000711e00000|  0%| F|  |TAMS 0x0000000711c00000| PB 0x0000000711c00000| Untracked 
| 131|0x0000000711e00000, 0x0000000711e00000, 0x0000000712000000|  0%| F|  |TAMS 0x0000000711e00000| PB 0x0000000711e00000| Untracked 
| 132|0x0000000712000000, 0x0000000712000000, 0x0000000712200000|  0%| F|  |TAMS 0x0000000712000000| PB 0x0000000712000000| Untracked 
| 133|0x0000000712200000, 0x0000000712200000, 0x0000000712400000|  0%| F|  |TAMS 0x0000000712200000| PB 0x0000000712200000| Untracked 
| 134|0x0000000712400000, 0x0000000712400000, 0x0000000712600000|  0%| F|  |TAMS 0x0000000712400000| PB 0x0000000712400000| Untracked 
| 135|0x0000000712600000, 0x0000000712600000, 0x0000000712800000|  0%| F|  |TAMS 0x0000000712600000| PB 0x0000000712600000| Untracked 
| 136|0x0000000712800000, 0x0000000712800000, 0x0000000712a00000|  0%| F|  |TAMS 0x0000000712800000| PB 0x0000000712800000| Untracked 
| 137|0x0000000712a00000, 0x0000000712a00000, 0x0000000712c00000|  0%| F|  |TAMS 0x0000000712a00000| PB 0x0000000712a00000| Untracked 
| 138|0x0000000712c00000, 0x0000000712c00000, 0x0000000712e00000|  0%| F|  |TAMS 0x0000000712c00000| PB 0x0000000712c00000| Untracked 
| 139|0x0000000712e00000, 0x0000000712e00000, 0x0000000713000000|  0%| F|  |TAMS 0x0000000712e00000| PB 0x0000000712e00000| Untracked 
| 140|0x0000000713000000, 0x0000000713000000, 0x0000000713200000|  0%| F|  |TAMS 0x0000000713000000| PB 0x0000000713000000| Untracked 
| 141|0x0000000713200000, 0x0000000713200000, 0x0000000713400000|  0%| F|  |TAMS 0x0000000713200000| PB 0x0000000713200000| Untracked 
| 142|0x0000000713400000, 0x0000000713400000, 0x0000000713600000|  0%| F|  |TAMS 0x0000000713400000| PB 0x0000000713400000| Untracked 
| 143|0x0000000713600000, 0x0000000713600000, 0x0000000713800000|  0%| F|  |TAMS 0x0000000713600000| PB 0x0000000713600000| Untracked 
| 144|0x0000000713800000, 0x0000000713800000, 0x0000000713a00000|  0%| F|  |TAMS 0x0000000713800000| PB 0x0000000713800000| Untracked 
| 145|0x0000000713a00000, 0x0000000713a00000, 0x0000000713c00000|  0%| F|  |TAMS 0x0000000713a00000| PB 0x0000000713a00000| Untracked 
| 146|0x0000000713c00000, 0x0000000713c00000, 0x0000000713e00000|  0%| F|  |TAMS 0x0000000713c00000| PB 0x0000000713c00000| Untracked 
| 147|0x0000000713e00000, 0x0000000713e00000, 0x0000000714000000|  0%| F|  |TAMS 0x0000000713e00000| PB 0x0000000713e00000| Untracked 
| 148|0x0000000714000000, 0x0000000714000000, 0x0000000714200000|  0%| F|  |TAMS 0x0000000714000000| PB 0x0000000714000000| Untracked 
| 149|0x0000000714200000, 0x0000000714200000, 0x0000000714400000|  0%| F|  |TAMS 0x0000000714200000| PB 0x0000000714200000| Untracked 
| 150|0x0000000714400000, 0x0000000714400000, 0x0000000714600000|  0%| F|  |TAMS 0x0000000714400000| PB 0x0000000714400000| Untracked 
| 151|0x0000000714600000, 0x0000000714600000, 0x0000000714800000|  0%| F|  |TAMS 0x0000000714600000| PB 0x0000000714600000| Untracked 
| 152|0x0000000714800000, 0x0000000714800000, 0x0000000714a00000|  0%| F|  |TAMS 0x0000000714800000| PB 0x0000000714800000| Untracked 
| 153|0x0000000714a00000, 0x0000000714a00000, 0x0000000714c00000|  0%| F|  |TAMS 0x0000000714a00000| PB 0x0000000714a00000| Untracked 
| 154|0x0000000714c00000, 0x0000000714c00000, 0x0000000714e00000|  0%| F|  |TAMS 0x0000000714c00000| PB 0x0000000714c00000| Untracked 
| 155|0x0000000714e00000, 0x0000000714e00000, 0x0000000715000000|  0%| F|  |TAMS 0x0000000714e00000| PB 0x0000000714e00000| Untracked 
| 156|0x0000000715000000, 0x0000000715000000, 0x0000000715200000|  0%| F|  |TAMS 0x0000000715000000| PB 0x0000000715000000| Untracked 
| 157|0x0000000715200000, 0x0000000715400000, 0x0000000715400000|100%|HS|  |TAMS 0x0000000715200000| PB 0x0000000715200000| Untracked 
| 158|0x0000000715400000, 0x0000000715600000, 0x0000000715600000|100%|HC|  |TAMS 0x0000000715400000| PB 0x0000000715400000| Untracked 
| 159|0x0000000715600000, 0x0000000715800000, 0x0000000715800000|100%|HC|  |TAMS 0x0000000715600000| PB 0x0000000715600000| Untracked 
| 160|0x0000000715800000, 0x0000000715a00000, 0x0000000715a00000|100%|HC|  |TAMS 0x0000000715800000| PB 0x0000000715800000| Untracked 
| 161|0x0000000715a00000, 0x0000000715c00000, 0x0000000715c00000|100%|HC|  |TAMS 0x0000000715a00000| PB 0x0000000715a00000| Untracked 
| 162|0x0000000715c00000, 0x0000000715e00000, 0x0000000715e00000|100%|HC|  |TAMS 0x0000000715c00000| PB 0x0000000715c00000| Untracked 
| 163|0x0000000715e00000, 0x0000000716000000, 0x0000000716000000|100%|HC|  |TAMS 0x0000000715e00000| PB 0x0000000715e00000| Untracked 
| 164|0x0000000716000000, 0x0000000716000000, 0x0000000716200000|  0%| F|  |TAMS 0x0000000716000000| PB 0x0000000716000000| Untracked 
| 165|0x0000000716200000, 0x0000000716200000, 0x0000000716400000|  0%| F|  |TAMS 0x0000000716200000| PB 0x0000000716200000| Untracked 
| 166|0x0000000716400000, 0x0000000716400000, 0x0000000716600000|  0%| F|  |TAMS 0x0000000716400000| PB 0x0000000716400000| Untracked 
| 167|0x0000000716600000, 0x0000000716600000, 0x0000000716800000|  0%| F|  |TAMS 0x0000000716600000| PB 0x0000000716600000| Untracked 
| 168|0x0000000716800000, 0x0000000716800000, 0x0000000716a00000|  0%| F|  |TAMS 0x0000000716800000| PB 0x0000000716800000| Untracked 
| 169|0x0000000716a00000, 0x0000000716a00000, 0x0000000716c00000|  0%| F|  |TAMS 0x0000000716a00000| PB 0x0000000716a00000| Untracked 
| 170|0x0000000716c00000, 0x0000000716c00000, 0x0000000716e00000|  0%| F|  |TAMS 0x0000000716c00000| PB 0x0000000716c00000| Untracked 
| 171|0x0000000716e00000, 0x0000000716e00000, 0x0000000717000000|  0%| F|  |TAMS 0x0000000716e00000| PB 0x0000000716e00000| Untracked 
| 172|0x0000000717000000, 0x0000000717000000, 0x0000000717200000|  0%| F|  |TAMS 0x0000000717000000| PB 0x0000000717000000| Untracked 
| 173|0x0000000717200000, 0x0000000717200000, 0x0000000717400000|  0%| F|  |TAMS 0x0000000717200000| PB 0x0000000717200000| Untracked 
| 174|0x0000000717400000, 0x0000000717400000, 0x0000000717600000|  0%| F|  |TAMS 0x0000000717400000| PB 0x0000000717400000| Untracked 
| 175|0x0000000717600000, 0x0000000717600000, 0x0000000717800000|  0%| F|  |TAMS 0x0000000717600000| PB 0x0000000717600000| Untracked 
| 176|0x0000000717800000, 0x0000000717800000, 0x0000000717a00000|  0%| F|  |TAMS 0x0000000717800000| PB 0x0000000717800000| Untracked 
| 177|0x0000000717a00000, 0x0000000717a00000, 0x0000000717c00000|  0%| F|  |TAMS 0x0000000717a00000| PB 0x0000000717a00000| Untracked 
| 178|0x0000000717c00000, 0x0000000717c00000, 0x0000000717e00000|  0%| F|  |TAMS 0x0000000717c00000| PB 0x0000000717c00000| Untracked 
| 179|0x0000000717e00000, 0x0000000717e00000, 0x0000000718000000|  0%| F|  |TAMS 0x0000000717e00000| PB 0x0000000717e00000| Untracked 
| 180|0x0000000718000000, 0x0000000718000000, 0x0000000718200000|  0%| F|  |TAMS 0x0000000718000000| PB 0x0000000718000000| Untracked 
| 181|0x0000000718200000, 0x0000000718200000, 0x0000000718400000|  0%| F|  |TAMS 0x0000000718200000| PB 0x0000000718200000| Untracked 
| 182|0x0000000718400000, 0x0000000718400000, 0x0000000718600000|  0%| F|  |TAMS 0x0000000718400000| PB 0x0000000718400000| Untracked 
| 183|0x0000000718600000, 0x0000000718600000, 0x0000000718800000|  0%| F|  |TAMS 0x0000000718600000| PB 0x0000000718600000| Untracked 
| 184|0x0000000718800000, 0x0000000718800000, 0x0000000718a00000|  0%| F|  |TAMS 0x0000000718800000| PB 0x0000000718800000| Untracked 
| 185|0x0000000718a00000, 0x0000000718a00000, 0x0000000718c00000|  0%| F|  |TAMS 0x0000000718a00000| PB 0x0000000718a00000| Untracked 
| 186|0x0000000718c00000, 0x0000000718c00000, 0x0000000718e00000|  0%| F|  |TAMS 0x0000000718c00000| PB 0x0000000718c00000| Untracked 
| 187|0x0000000718e00000, 0x0000000718e00000, 0x0000000719000000|  0%| F|  |TAMS 0x0000000718e00000| PB 0x0000000718e00000| Untracked 
| 188|0x0000000719000000, 0x0000000719000000, 0x0000000719200000|  0%| F|  |TAMS 0x0000000719000000| PB 0x0000000719000000| Untracked 
| 189|0x0000000719200000, 0x0000000719200000, 0x0000000719400000|  0%| F|  |TAMS 0x0000000719200000| PB 0x0000000719200000| Untracked 
| 190|0x0000000719400000, 0x0000000719400000, 0x0000000719600000|  0%| F|  |TAMS 0x0000000719400000| PB 0x0000000719400000| Untracked 
| 191|0x0000000719600000, 0x0000000719600000, 0x0000000719800000|  0%| F|  |TAMS 0x0000000719600000| PB 0x0000000719600000| Untracked 
| 192|0x0000000719800000, 0x0000000719800000, 0x0000000719a00000|  0%| F|  |TAMS 0x0000000719800000| PB 0x0000000719800000| Untracked 
| 193|0x0000000719a00000, 0x0000000719a00000, 0x0000000719c00000|  0%| F|  |TAMS 0x0000000719a00000| PB 0x0000000719a00000| Untracked 
| 194|0x0000000719c00000, 0x0000000719c00000, 0x0000000719e00000|  0%| F|  |TAMS 0x0000000719c00000| PB 0x0000000719c00000| Untracked 
| 195|0x0000000719e00000, 0x0000000719e00000, 0x000000071a000000|  0%| F|  |TAMS 0x0000000719e00000| PB 0x0000000719e00000| Untracked 
| 196|0x000000071a000000, 0x000000071a000000, 0x000000071a200000|  0%| F|  |TAMS 0x000000071a000000| PB 0x000000071a000000| Untracked 
| 197|0x000000071a200000, 0x000000071a200000, 0x000000071a400000|  0%| F|  |TAMS 0x000000071a200000| PB 0x000000071a200000| Untracked 
| 198|0x000000071a400000, 0x000000071a400000, 0x000000071a600000|  0%| F|  |TAMS 0x000000071a400000| PB 0x000000071a400000| Untracked 
| 199|0x000000071a600000, 0x000000071a600000, 0x000000071a800000|  0%| F|  |TAMS 0x000000071a600000| PB 0x000000071a600000| Untracked 
| 200|0x000000071a800000, 0x000000071a800000, 0x000000071aa00000|  0%| F|  |TAMS 0x000000071a800000| PB 0x000000071a800000| Untracked 
| 201|0x000000071aa00000, 0x000000071aa00000, 0x000000071ac00000|  0%| F|  |TAMS 0x000000071aa00000| PB 0x000000071aa00000| Untracked 
| 202|0x000000071ac00000, 0x000000071ac00000, 0x000000071ae00000|  0%| F|  |TAMS 0x000000071ac00000| PB 0x000000071ac00000| Untracked 
| 203|0x000000071ae00000, 0x000000071ae00000, 0x000000071b000000|  0%| F|  |TAMS 0x000000071ae00000| PB 0x000000071ae00000| Untracked 
| 204|0x000000071b000000, 0x000000071b000000, 0x000000071b200000|  0%| F|  |TAMS 0x000000071b000000| PB 0x000000071b000000| Untracked 
| 205|0x000000071b200000, 0x000000071b200000, 0x000000071b400000|  0%| F|  |TAMS 0x000000071b200000| PB 0x000000071b200000| Untracked 
| 206|0x000000071b400000, 0x000000071b400000, 0x000000071b600000|  0%| F|  |TAMS 0x000000071b400000| PB 0x000000071b400000| Untracked 
| 207|0x000000071b600000, 0x000000071b600000, 0x000000071b800000|  0%| F|  |TAMS 0x000000071b600000| PB 0x000000071b600000| Untracked 
| 208|0x000000071b800000, 0x000000071b800000, 0x000000071ba00000|  0%| F|  |TAMS 0x000000071b800000| PB 0x000000071b800000| Untracked 
| 209|0x000000071ba00000, 0x000000071ba00000, 0x000000071bc00000|  0%| F|  |TAMS 0x000000071ba00000| PB 0x000000071ba00000| Untracked 
| 210|0x000000071bc00000, 0x000000071bc00000, 0x000000071be00000|  0%| F|  |TAMS 0x000000071bc00000| PB 0x000000071bc00000| Untracked 
| 211|0x000000071be00000, 0x000000071be00000, 0x000000071c000000|  0%| F|  |TAMS 0x000000071be00000| PB 0x000000071be00000| Untracked 
| 212|0x000000071c000000, 0x000000071c200000, 0x000000071c200000|100%| O|  |TAMS 0x000000071c000000| PB 0x000000071c000000| Untracked 
| 213|0x000000071c200000, 0x000000071c400000, 0x000000071c400000|100%| O|  |TAMS 0x000000071c200000| PB 0x000000071c200000| Untracked 
| 214|0x000000071c400000, 0x000000071c400000, 0x000000071c600000|  0%| F|  |TAMS 0x000000071c400000| PB 0x000000071c400000| Untracked 
| 215|0x000000071c600000, 0x000000071c600000, 0x000000071c800000|  0%| F|  |TAMS 0x000000071c600000| PB 0x000000071c600000| Untracked 
| 216|0x000000071c800000, 0x000000071c800000, 0x000000071ca00000|  0%| F|  |TAMS 0x000000071c800000| PB 0x000000071c800000| Untracked 
| 217|0x000000071ca00000, 0x000000071ca00000, 0x000000071cc00000|  0%| F|  |TAMS 0x000000071ca00000| PB 0x000000071ca00000| Untracked 
| 218|0x000000071cc00000, 0x000000071cc00000, 0x000000071ce00000|  0%| F|  |TAMS 0x000000071cc00000| PB 0x000000071cc00000| Untracked 
| 219|0x000000071ce00000, 0x000000071ce00000, 0x000000071d000000|  0%| F|  |TAMS 0x000000071ce00000| PB 0x000000071ce00000| Untracked 
| 220|0x000000071d000000, 0x000000071d000000, 0x000000071d200000|  0%| F|  |TAMS 0x000000071d000000| PB 0x000000071d000000| Untracked 
| 221|0x000000071d200000, 0x000000071d200000, 0x000000071d400000|  0%| F|  |TAMS 0x000000071d200000| PB 0x000000071d200000| Untracked 
| 222|0x000000071d400000, 0x000000071d400000, 0x000000071d600000|  0%| F|  |TAMS 0x000000071d400000| PB 0x000000071d400000| Untracked 
| 223|0x000000071d600000, 0x000000071d600000, 0x000000071d800000|  0%| F|  |TAMS 0x000000071d600000| PB 0x000000071d600000| Untracked 
| 224|0x000000071d800000, 0x000000071d800000, 0x000000071da00000|  0%| F|  |TAMS 0x000000071d800000| PB 0x000000071d800000| Untracked 
| 225|0x000000071da00000, 0x000000071da00000, 0x000000071dc00000|  0%| F|  |TAMS 0x000000071da00000| PB 0x000000071da00000| Untracked 
| 226|0x000000071dc00000, 0x000000071dc00000, 0x000000071de00000|  0%| F|  |TAMS 0x000000071dc00000| PB 0x000000071dc00000| Untracked 
| 227|0x000000071de00000, 0x000000071de00000, 0x000000071e000000|  0%| F|  |TAMS 0x000000071de00000| PB 0x000000071de00000| Untracked 
| 228|0x000000071e000000, 0x000000071e000000, 0x000000071e200000|  0%| F|  |TAMS 0x000000071e000000| PB 0x000000071e000000| Untracked 
| 229|0x000000071e200000, 0x000000071e200000, 0x000000071e400000|  0%| F|  |TAMS 0x000000071e200000| PB 0x000000071e200000| Untracked 
| 230|0x000000071e400000, 0x000000071e400000, 0x000000071e600000|  0%| F|  |TAMS 0x000000071e400000| PB 0x000000071e400000| Untracked 
| 231|0x000000071e600000, 0x000000071e600000, 0x000000071e800000|  0%| F|  |TAMS 0x000000071e600000| PB 0x000000071e600000| Untracked 
| 232|0x000000071e800000, 0x000000071e800000, 0x000000071ea00000|  0%| F|  |TAMS 0x000000071e800000| PB 0x000000071e800000| Untracked 
| 233|0x000000071ea00000, 0x000000071ea00000, 0x000000071ec00000|  0%| F|  |TAMS 0x000000071ea00000| PB 0x000000071ea00000| Untracked 
| 234|0x000000071ec00000, 0x000000071ec00000, 0x000000071ee00000|  0%| F|  |TAMS 0x000000071ec00000| PB 0x000000071ec00000| Untracked 
| 235|0x000000071ee00000, 0x000000071ee00000, 0x000000071f000000|  0%| F|  |TAMS 0x000000071ee00000| PB 0x000000071ee00000| Untracked 
| 236|0x000000071f000000, 0x000000071f000000, 0x000000071f200000|  0%| F|  |TAMS 0x000000071f000000| PB 0x000000071f000000| Untracked 
| 237|0x000000071f200000, 0x000000071f200000, 0x000000071f400000|  0%| F|  |TAMS 0x000000071f200000| PB 0x000000071f200000| Untracked 
| 238|0x000000071f400000, 0x000000071f400000, 0x000000071f600000|  0%| F|  |TAMS 0x000000071f400000| PB 0x000000071f400000| Untracked 
| 239|0x000000071f600000, 0x000000071f600000, 0x000000071f800000|  0%| F|  |TAMS 0x000000071f600000| PB 0x000000071f600000| Untracked 
| 240|0x000000071f800000, 0x000000071f800000, 0x000000071fa00000|  0%| F|  |TAMS 0x000000071f800000| PB 0x000000071f800000| Untracked 
| 241|0x000000071fa00000, 0x000000071fa00000, 0x000000071fc00000|  0%| F|  |TAMS 0x000000071fa00000| PB 0x000000071fa00000| Untracked 
| 242|0x000000071fc00000, 0x000000071fc00000, 0x000000071fe00000|  0%| F|  |TAMS 0x000000071fc00000| PB 0x000000071fc00000| Untracked 
| 243|0x000000071fe00000, 0x000000071fe00000, 0x0000000720000000|  0%| F|  |TAMS 0x000000071fe00000| PB 0x000000071fe00000| Untracked 
| 244|0x0000000720000000, 0x0000000720000000, 0x0000000720200000|  0%| F|  |TAMS 0x0000000720000000| PB 0x0000000720000000| Untracked 
| 245|0x0000000720200000, 0x0000000720200000, 0x0000000720400000|  0%| F|  |TAMS 0x0000000720200000| PB 0x0000000720200000| Untracked 
| 246|0x0000000720400000, 0x0000000720400000, 0x0000000720600000|  0%| F|  |TAMS 0x0000000720400000| PB 0x0000000720400000| Untracked 
| 247|0x0000000720600000, 0x0000000720600000, 0x0000000720800000|  0%| F|  |TAMS 0x0000000720600000| PB 0x0000000720600000| Untracked 
| 248|0x0000000720800000, 0x0000000720800000, 0x0000000720a00000|  0%| F|  |TAMS 0x0000000720800000| PB 0x0000000720800000| Untracked 
| 249|0x0000000720a00000, 0x0000000720a00000, 0x0000000720c00000|  0%| F|  |TAMS 0x0000000720a00000| PB 0x0000000720a00000| Untracked 
| 250|0x0000000720c00000, 0x0000000720c00000, 0x0000000720e00000|  0%| F|  |TAMS 0x0000000720c00000| PB 0x0000000720c00000| Untracked 
| 251|0x0000000720e00000, 0x0000000720e00000, 0x0000000721000000|  0%| F|  |TAMS 0x0000000720e00000| PB 0x0000000720e00000| Untracked 
| 252|0x0000000721000000, 0x0000000721000000, 0x0000000721200000|  0%| F|  |TAMS 0x0000000721000000| PB 0x0000000721000000| Untracked 
| 253|0x0000000721200000, 0x0000000721200000, 0x0000000721400000|  0%| F|  |TAMS 0x0000000721200000| PB 0x0000000721200000| Untracked 
| 254|0x0000000721400000, 0x0000000721400000, 0x0000000721600000|  0%| F|  |TAMS 0x0000000721400000| PB 0x0000000721400000| Untracked 
| 255|0x0000000721600000, 0x0000000721600000, 0x0000000721800000|  0%| F|  |TAMS 0x0000000721600000| PB 0x0000000721600000| Untracked 
| 256|0x0000000721800000, 0x0000000721800000, 0x0000000721a00000|  0%| F|  |TAMS 0x0000000721800000| PB 0x0000000721800000| Untracked 
| 257|0x0000000721a00000, 0x0000000721a00000, 0x0000000721c00000|  0%| F|  |TAMS 0x0000000721a00000| PB 0x0000000721a00000| Untracked 
| 258|0x0000000721c00000, 0x0000000721c00000, 0x0000000721e00000|  0%| F|  |TAMS 0x0000000721c00000| PB 0x0000000721c00000| Untracked 
| 259|0x0000000721e00000, 0x0000000721e00000, 0x0000000722000000|  0%| F|  |TAMS 0x0000000721e00000| PB 0x0000000721e00000| Untracked 
| 260|0x0000000722000000, 0x0000000722000000, 0x0000000722200000|  0%| F|  |TAMS 0x0000000722000000| PB 0x0000000722000000| Untracked 
| 261|0x0000000722200000, 0x0000000722200000, 0x0000000722400000|  0%| F|  |TAMS 0x0000000722200000| PB 0x0000000722200000| Untracked 
| 262|0x0000000722400000, 0x0000000722400000, 0x0000000722600000|  0%| F|  |TAMS 0x0000000722400000| PB 0x0000000722400000| Untracked 
| 263|0x0000000722600000, 0x0000000722600000, 0x0000000722800000|  0%| F|  |TAMS 0x0000000722600000| PB 0x0000000722600000| Untracked 
| 264|0x0000000722800000, 0x0000000722800000, 0x0000000722a00000|  0%| F|  |TAMS 0x0000000722800000| PB 0x0000000722800000| Untracked 
| 265|0x0000000722a00000, 0x0000000722a00000, 0x0000000722c00000|  0%| F|  |TAMS 0x0000000722a00000| PB 0x0000000722a00000| Untracked 
| 266|0x0000000722c00000, 0x0000000722c00000, 0x0000000722e00000|  0%| F|  |TAMS 0x0000000722c00000| PB 0x0000000722c00000| Untracked 
| 267|0x0000000722e00000, 0x0000000722e00000, 0x0000000723000000|  0%| F|  |TAMS 0x0000000722e00000| PB 0x0000000722e00000| Untracked 
| 268|0x0000000723000000, 0x0000000723000000, 0x0000000723200000|  0%| F|  |TAMS 0x0000000723000000| PB 0x0000000723000000| Untracked 
| 269|0x0000000723200000, 0x0000000723200000, 0x0000000723400000|  0%| F|  |TAMS 0x0000000723200000| PB 0x0000000723200000| Untracked 
| 270|0x0000000723400000, 0x0000000723400000, 0x0000000723600000|  0%| F|  |TAMS 0x0000000723400000| PB 0x0000000723400000| Untracked 
| 271|0x0000000723600000, 0x0000000723600000, 0x0000000723800000|  0%| F|  |TAMS 0x0000000723600000| PB 0x0000000723600000| Untracked 
| 272|0x0000000723800000, 0x0000000723800000, 0x0000000723a00000|  0%| F|  |TAMS 0x0000000723800000| PB 0x0000000723800000| Untracked 
| 273|0x0000000723a00000, 0x0000000723a00000, 0x0000000723c00000|  0%| F|  |TAMS 0x0000000723a00000| PB 0x0000000723a00000| Untracked 
| 274|0x0000000723c00000, 0x0000000723c00000, 0x0000000723e00000|  0%| F|  |TAMS 0x0000000723c00000| PB 0x0000000723c00000| Untracked 
| 275|0x0000000723e00000, 0x0000000723e00000, 0x0000000724000000|  0%| F|  |TAMS 0x0000000723e00000| PB 0x0000000723e00000| Untracked 
| 276|0x0000000724000000, 0x0000000724000000, 0x0000000724200000|  0%| F|  |TAMS 0x0000000724000000| PB 0x0000000724000000| Untracked 
| 277|0x0000000724200000, 0x0000000724200000, 0x0000000724400000|  0%| F|  |TAMS 0x0000000724200000| PB 0x0000000724200000| Untracked 
| 278|0x0000000724400000, 0x0000000724400000, 0x0000000724600000|  0%| F|  |TAMS 0x0000000724400000| PB 0x0000000724400000| Untracked 
| 279|0x0000000724600000, 0x0000000724600000, 0x0000000724800000|  0%| F|  |TAMS 0x0000000724600000| PB 0x0000000724600000| Untracked 
| 280|0x0000000724800000, 0x0000000724800000, 0x0000000724a00000|  0%| F|  |TAMS 0x0000000724800000| PB 0x0000000724800000| Untracked 
| 281|0x0000000724a00000, 0x0000000724a00000, 0x0000000724c00000|  0%| F|  |TAMS 0x0000000724a00000| PB 0x0000000724a00000| Untracked 
| 282|0x0000000724c00000, 0x0000000724c00000, 0x0000000724e00000|  0%| F|  |TAMS 0x0000000724c00000| PB 0x0000000724c00000| Untracked 
| 283|0x0000000724e00000, 0x0000000724e00000, 0x0000000725000000|  0%| F|  |TAMS 0x0000000724e00000| PB 0x0000000724e00000| Untracked 
| 284|0x0000000725000000, 0x0000000725000000, 0x0000000725200000|  0%| F|  |TAMS 0x0000000725000000| PB 0x0000000725000000| Untracked 
| 285|0x0000000725200000, 0x0000000725200000, 0x0000000725400000|  0%| F|  |TAMS 0x0000000725200000| PB 0x0000000725200000| Untracked 
| 286|0x0000000725400000, 0x0000000725400000, 0x0000000725600000|  0%| F|  |TAMS 0x0000000725400000| PB 0x0000000725400000| Untracked 
| 287|0x0000000725600000, 0x0000000725600000, 0x0000000725800000|  0%| F|  |TAMS 0x0000000725600000| PB 0x0000000725600000| Untracked 
| 288|0x0000000725800000, 0x0000000725800000, 0x0000000725a00000|  0%| F|  |TAMS 0x0000000725800000| PB 0x0000000725800000| Untracked 
| 289|0x0000000725a00000, 0x0000000725a00000, 0x0000000725c00000|  0%| F|  |TAMS 0x0000000725a00000| PB 0x0000000725a00000| Untracked 
| 290|0x0000000725c00000, 0x0000000725c00000, 0x0000000725e00000|  0%| F|  |TAMS 0x0000000725c00000| PB 0x0000000725c00000| Untracked 
| 291|0x0000000725e00000, 0x0000000725e00000, 0x0000000726000000|  0%| F|  |TAMS 0x0000000725e00000| PB 0x0000000725e00000| Untracked 
| 292|0x0000000726000000, 0x0000000726000000, 0x0000000726200000|  0%| F|  |TAMS 0x0000000726000000| PB 0x0000000726000000| Untracked 
| 293|0x0000000726200000, 0x0000000726200000, 0x0000000726400000|  0%| F|  |TAMS 0x0000000726200000| PB 0x0000000726200000| Untracked 
| 294|0x0000000726400000, 0x0000000726400000, 0x0000000726600000|  0%| F|  |TAMS 0x0000000726400000| PB 0x0000000726400000| Untracked 
| 295|0x0000000726600000, 0x0000000726600000, 0x0000000726800000|  0%| F|  |TAMS 0x0000000726600000| PB 0x0000000726600000| Untracked 
| 296|0x0000000726800000, 0x0000000726800000, 0x0000000726a00000|  0%| F|  |TAMS 0x0000000726800000| PB 0x0000000726800000| Untracked 
| 297|0x0000000726a00000, 0x0000000726a00000, 0x0000000726c00000|  0%| F|  |TAMS 0x0000000726a00000| PB 0x0000000726a00000| Untracked 
| 298|0x0000000726c00000, 0x0000000726c00000, 0x0000000726e00000|  0%| F|  |TAMS 0x0000000726c00000| PB 0x0000000726c00000| Untracked 
| 299|0x0000000726e00000, 0x0000000726e00000, 0x0000000727000000|  0%| F|  |TAMS 0x0000000726e00000| PB 0x0000000726e00000| Untracked 
| 300|0x0000000727000000, 0x0000000727000000, 0x0000000727200000|  0%| F|  |TAMS 0x0000000727000000| PB 0x0000000727000000| Untracked 
| 301|0x0000000727200000, 0x0000000727200000, 0x0000000727400000|  0%| F|  |TAMS 0x0000000727200000| PB 0x0000000727200000| Untracked 
| 302|0x0000000727400000, 0x0000000727400000, 0x0000000727600000|  0%| F|  |TAMS 0x0000000727400000| PB 0x0000000727400000| Untracked 
| 303|0x0000000727600000, 0x0000000727600000, 0x0000000727800000|  0%| F|  |TAMS 0x0000000727600000| PB 0x0000000727600000| Untracked 
| 304|0x0000000727800000, 0x0000000727800000, 0x0000000727a00000|  0%| F|  |TAMS 0x0000000727800000| PB 0x0000000727800000| Untracked 
| 305|0x0000000727a00000, 0x0000000727a00000, 0x0000000727c00000|  0%| F|  |TAMS 0x0000000727a00000| PB 0x0000000727a00000| Untracked 
| 306|0x0000000727c00000, 0x0000000727c00000, 0x0000000727e00000|  0%| F|  |TAMS 0x0000000727c00000| PB 0x0000000727c00000| Untracked 
| 307|0x0000000727e00000, 0x0000000727e00000, 0x0000000728000000|  0%| F|  |TAMS 0x0000000727e00000| PB 0x0000000727e00000| Untracked 
| 308|0x0000000728000000, 0x0000000728000000, 0x0000000728200000|  0%| F|  |TAMS 0x0000000728000000| PB 0x0000000728000000| Untracked 
| 309|0x0000000728200000, 0x0000000728200000, 0x0000000728400000|  0%| F|  |TAMS 0x0000000728200000| PB 0x0000000728200000| Untracked 
| 310|0x0000000728400000, 0x0000000728400000, 0x0000000728600000|  0%| F|  |TAMS 0x0000000728400000| PB 0x0000000728400000| Untracked 
| 311|0x0000000728600000, 0x0000000728600000, 0x0000000728800000|  0%| F|  |TAMS 0x0000000728600000| PB 0x0000000728600000| Untracked 
| 312|0x0000000728800000, 0x0000000728800000, 0x0000000728a00000|  0%| F|  |TAMS 0x0000000728800000| PB 0x0000000728800000| Untracked 
| 313|0x0000000728a00000, 0x0000000728a00000, 0x0000000728c00000|  0%| F|  |TAMS 0x0000000728a00000| PB 0x0000000728a00000| Untracked 
| 314|0x0000000728c00000, 0x0000000728c00000, 0x0000000728e00000|  0%| F|  |TAMS 0x0000000728c00000| PB 0x0000000728c00000| Untracked 
| 315|0x0000000728e00000, 0x0000000728e00000, 0x0000000729000000|  0%| F|  |TAMS 0x0000000728e00000| PB 0x0000000728e00000| Untracked 
| 316|0x0000000729000000, 0x0000000729000000, 0x0000000729200000|  0%| F|  |TAMS 0x0000000729000000| PB 0x0000000729000000| Untracked 
| 317|0x0000000729200000, 0x0000000729200000, 0x0000000729400000|  0%| F|  |TAMS 0x0000000729200000| PB 0x0000000729200000| Untracked 
| 318|0x0000000729400000, 0x0000000729400000, 0x0000000729600000|  0%| F|  |TAMS 0x0000000729400000| PB 0x0000000729400000| Untracked 
| 319|0x0000000729600000, 0x0000000729600000, 0x0000000729800000|  0%| F|  |TAMS 0x0000000729600000| PB 0x0000000729600000| Untracked 
| 320|0x0000000729800000, 0x0000000729800000, 0x0000000729a00000|  0%| F|  |TAMS 0x0000000729800000| PB 0x0000000729800000| Untracked 
| 321|0x0000000729a00000, 0x0000000729a00000, 0x0000000729c00000|  0%| F|  |TAMS 0x0000000729a00000| PB 0x0000000729a00000| Untracked 
| 322|0x0000000729c00000, 0x0000000729c00000, 0x0000000729e00000|  0%| F|  |TAMS 0x0000000729c00000| PB 0x0000000729c00000| Untracked 
| 323|0x0000000729e00000, 0x0000000729e00000, 0x000000072a000000|  0%| F|  |TAMS 0x0000000729e00000| PB 0x0000000729e00000| Untracked 
| 324|0x000000072a000000, 0x000000072a000000, 0x000000072a200000|  0%| F|  |TAMS 0x000000072a000000| PB 0x000000072a000000| Untracked 
| 325|0x000000072a200000, 0x000000072a200000, 0x000000072a400000|  0%| F|  |TAMS 0x000000072a200000| PB 0x000000072a200000| Untracked 
| 326|0x000000072a400000, 0x000000072a400000, 0x000000072a600000|  0%| F|  |TAMS 0x000000072a400000| PB 0x000000072a400000| Untracked 
| 327|0x000000072a600000, 0x000000072a600000, 0x000000072a800000|  0%| F|  |TAMS 0x000000072a600000| PB 0x000000072a600000| Untracked 
| 328|0x000000072a800000, 0x000000072a800000, 0x000000072aa00000|  0%| F|  |TAMS 0x000000072a800000| PB 0x000000072a800000| Untracked 
| 329|0x000000072aa00000, 0x000000072aa00000, 0x000000072ac00000|  0%| F|  |TAMS 0x000000072aa00000| PB 0x000000072aa00000| Untracked 
| 330|0x000000072ac00000, 0x000000072ac00000, 0x000000072ae00000|  0%| F|  |TAMS 0x000000072ac00000| PB 0x000000072ac00000| Untracked 
| 331|0x000000072ae00000, 0x000000072ae00000, 0x000000072b000000|  0%| F|  |TAMS 0x000000072ae00000| PB 0x000000072ae00000| Untracked 
| 332|0x000000072b000000, 0x000000072b000000, 0x000000072b200000|  0%| F|  |TAMS 0x000000072b000000| PB 0x000000072b000000| Untracked 
| 333|0x000000072b200000, 0x000000072b200000, 0x000000072b400000|  0%| F|  |TAMS 0x000000072b200000| PB 0x000000072b200000| Untracked 
| 334|0x000000072b400000, 0x000000072b400000, 0x000000072b600000|  0%| F|  |TAMS 0x000000072b400000| PB 0x000000072b400000| Untracked 
| 335|0x000000072b600000, 0x000000072b600000, 0x000000072b800000|  0%| F|  |TAMS 0x000000072b600000| PB 0x000000072b600000| Untracked 
| 336|0x000000072b800000, 0x000000072b800000, 0x000000072ba00000|  0%| F|  |TAMS 0x000000072b800000| PB 0x000000072b800000| Untracked 
| 337|0x000000072ba00000, 0x000000072ba00000, 0x000000072bc00000|  0%| F|  |TAMS 0x000000072ba00000| PB 0x000000072ba00000| Untracked 
| 338|0x000000072bc00000, 0x000000072bc00000, 0x000000072be00000|  0%| F|  |TAMS 0x000000072bc00000| PB 0x000000072bc00000| Untracked 
| 339|0x000000072be00000, 0x000000072be00000, 0x000000072c000000|  0%| F|  |TAMS 0x000000072be00000| PB 0x000000072be00000| Untracked 
| 340|0x000000072c000000, 0x000000072c000000, 0x000000072c200000|  0%| F|  |TAMS 0x000000072c000000| PB 0x000000072c000000| Untracked 
| 341|0x000000072c200000, 0x000000072c200000, 0x000000072c400000|  0%| F|  |TAMS 0x000000072c200000| PB 0x000000072c200000| Untracked 
| 342|0x000000072c400000, 0x000000072c400000, 0x000000072c600000|  0%| F|  |TAMS 0x000000072c400000| PB 0x000000072c400000| Untracked 
| 343|0x000000072c600000, 0x000000072c600000, 0x000000072c800000|  0%| F|  |TAMS 0x000000072c600000| PB 0x000000072c600000| Untracked 
| 344|0x000000072c800000, 0x000000072c800000, 0x000000072ca00000|  0%| F|  |TAMS 0x000000072c800000| PB 0x000000072c800000| Untracked 
| 345|0x000000072ca00000, 0x000000072ca00000, 0x000000072cc00000|  0%| F|  |TAMS 0x000000072ca00000| PB 0x000000072ca00000| Untracked 
| 346|0x000000072cc00000, 0x000000072cc00000, 0x000000072ce00000|  0%| F|  |TAMS 0x000000072cc00000| PB 0x000000072cc00000| Untracked 
| 347|0x000000072ce00000, 0x000000072ce00000, 0x000000072d000000|  0%| F|  |TAMS 0x000000072ce00000| PB 0x000000072ce00000| Untracked 
| 348|0x000000072d000000, 0x000000072d000000, 0x000000072d200000|  0%| F|  |TAMS 0x000000072d000000| PB 0x000000072d000000| Untracked 
| 349|0x000000072d200000, 0x000000072d200000, 0x000000072d400000|  0%| F|  |TAMS 0x000000072d200000| PB 0x000000072d200000| Untracked 
| 350|0x000000072d400000, 0x000000072d400000, 0x000000072d600000|  0%| F|  |TAMS 0x000000072d400000| PB 0x000000072d400000| Untracked 
| 351|0x000000072d600000, 0x000000072d600000, 0x000000072d800000|  0%| F|  |TAMS 0x000000072d600000| PB 0x000000072d600000| Untracked 
| 352|0x000000072d800000, 0x000000072d800000, 0x000000072da00000|  0%| F|  |TAMS 0x000000072d800000| PB 0x000000072d800000| Untracked 
| 353|0x000000072da00000, 0x000000072da00000, 0x000000072dc00000|  0%| F|  |TAMS 0x000000072da00000| PB 0x000000072da00000| Untracked 
| 354|0x000000072dc00000, 0x000000072dc00000, 0x000000072de00000|  0%| F|  |TAMS 0x000000072dc00000| PB 0x000000072dc00000| Untracked 
| 355|0x000000072de00000, 0x000000072de00000, 0x000000072e000000|  0%| F|  |TAMS 0x000000072de00000| PB 0x000000072de00000| Untracked 
| 356|0x000000072e000000, 0x000000072e000000, 0x000000072e200000|  0%| F|  |TAMS 0x000000072e000000| PB 0x000000072e000000| Untracked 
| 357|0x000000072e200000, 0x000000072e200000, 0x000000072e400000|  0%| F|  |TAMS 0x000000072e200000| PB 0x000000072e200000| Untracked 
| 358|0x000000072e400000, 0x000000072e400000, 0x000000072e600000|  0%| F|  |TAMS 0x000000072e400000| PB 0x000000072e400000| Untracked 
| 359|0x000000072e600000, 0x000000072e600000, 0x000000072e800000|  0%| F|  |TAMS 0x000000072e600000| PB 0x000000072e600000| Untracked 
| 360|0x000000072e800000, 0x000000072e800000, 0x000000072ea00000|  0%| F|  |TAMS 0x000000072e800000| PB 0x000000072e800000| Untracked 
| 361|0x000000072ea00000, 0x000000072ea00000, 0x000000072ec00000|  0%| F|  |TAMS 0x000000072ea00000| PB 0x000000072ea00000| Untracked 
| 362|0x000000072ec00000, 0x000000072ec00000, 0x000000072ee00000|  0%| F|  |TAMS 0x000000072ec00000| PB 0x000000072ec00000| Untracked 
| 363|0x000000072ee00000, 0x000000072ee00000, 0x000000072f000000|  0%| F|  |TAMS 0x000000072ee00000| PB 0x000000072ee00000| Untracked 
| 364|0x000000072f000000, 0x000000072f000000, 0x000000072f200000|  0%| F|  |TAMS 0x000000072f000000| PB 0x000000072f000000| Untracked 
| 365|0x000000072f200000, 0x000000072f200000, 0x000000072f400000|  0%| F|  |TAMS 0x000000072f200000| PB 0x000000072f200000| Untracked 
| 366|0x000000072f400000, 0x000000072f400000, 0x000000072f600000|  0%| F|  |TAMS 0x000000072f400000| PB 0x000000072f400000| Untracked 
| 367|0x000000072f600000, 0x000000072f600000, 0x000000072f800000|  0%| F|  |TAMS 0x000000072f600000| PB 0x000000072f600000| Untracked 
| 368|0x000000072f800000, 0x000000072f800000, 0x000000072fa00000|  0%| F|  |TAMS 0x000000072f800000| PB 0x000000072f800000| Untracked 
| 369|0x000000072fa00000, 0x000000072fa00000, 0x000000072fc00000|  0%| F|  |TAMS 0x000000072fa00000| PB 0x000000072fa00000| Untracked 
| 370|0x000000072fc00000, 0x000000072fc00000, 0x000000072fe00000|  0%| F|  |TAMS 0x000000072fc00000| PB 0x000000072fc00000| Untracked 
| 371|0x000000072fe00000, 0x000000072fe00000, 0x0000000730000000|  0%| F|  |TAMS 0x000000072fe00000| PB 0x000000072fe00000| Untracked 
| 372|0x0000000730000000, 0x0000000730000000, 0x0000000730200000|  0%| F|  |TAMS 0x0000000730000000| PB 0x0000000730000000| Untracked 
| 373|0x0000000730200000, 0x0000000730200000, 0x0000000730400000|  0%| F|  |TAMS 0x0000000730200000| PB 0x0000000730200000| Untracked 
| 374|0x0000000730400000, 0x0000000730400000, 0x0000000730600000|  0%| F|  |TAMS 0x0000000730400000| PB 0x0000000730400000| Untracked 
| 375|0x0000000730600000, 0x0000000730600000, 0x0000000730800000|  0%| F|  |TAMS 0x0000000730600000| PB 0x0000000730600000| Untracked 
| 376|0x0000000730800000, 0x0000000730800000, 0x0000000730a00000|  0%| F|  |TAMS 0x0000000730800000| PB 0x0000000730800000| Untracked 
| 377|0x0000000730a00000, 0x0000000730a00000, 0x0000000730c00000|  0%| F|  |TAMS 0x0000000730a00000| PB 0x0000000730a00000| Untracked 
| 378|0x0000000730c00000, 0x0000000730c00000, 0x0000000730e00000|  0%| F|  |TAMS 0x0000000730c00000| PB 0x0000000730c00000| Untracked 
| 379|0x0000000730e00000, 0x0000000730e00000, 0x0000000731000000|  0%| F|  |TAMS 0x0000000730e00000| PB 0x0000000730e00000| Untracked 
| 380|0x0000000731000000, 0x0000000731000000, 0x0000000731200000|  0%| F|  |TAMS 0x0000000731000000| PB 0x0000000731000000| Untracked 
| 381|0x0000000731200000, 0x0000000731200000, 0x0000000731400000|  0%| F|  |TAMS 0x0000000731200000| PB 0x0000000731200000| Untracked 
| 382|0x0000000731400000, 0x0000000731400000, 0x0000000731600000|  0%| F|  |TAMS 0x0000000731400000| PB 0x0000000731400000| Untracked 
| 383|0x0000000731600000, 0x0000000731600000, 0x0000000731800000|  0%| F|  |TAMS 0x0000000731600000| PB 0x0000000731600000| Untracked 
| 384|0x0000000731800000, 0x0000000731800000, 0x0000000731a00000|  0%| F|  |TAMS 0x0000000731800000| PB 0x0000000731800000| Untracked 
| 385|0x0000000731a00000, 0x0000000731a00000, 0x0000000731c00000|  0%| F|  |TAMS 0x0000000731a00000| PB 0x0000000731a00000| Untracked 
| 386|0x0000000731c00000, 0x0000000731c00000, 0x0000000731e00000|  0%| F|  |TAMS 0x0000000731c00000| PB 0x0000000731c00000| Untracked 
| 387|0x0000000731e00000, 0x0000000731e00000, 0x0000000732000000|  0%| F|  |TAMS 0x0000000731e00000| PB 0x0000000731e00000| Untracked 
| 388|0x0000000732000000, 0x0000000732000000, 0x0000000732200000|  0%| F|  |TAMS 0x0000000732000000| PB 0x0000000732000000| Untracked 
| 389|0x0000000732200000, 0x0000000732200000, 0x0000000732400000|  0%| F|  |TAMS 0x0000000732200000| PB 0x0000000732200000| Untracked 
| 390|0x0000000732400000, 0x0000000732400000, 0x0000000732600000|  0%| F|  |TAMS 0x0000000732400000| PB 0x0000000732400000| Untracked 
| 391|0x0000000732600000, 0x0000000732600000, 0x0000000732800000|  0%| F|  |TAMS 0x0000000732600000| PB 0x0000000732600000| Untracked 
| 392|0x0000000732800000, 0x0000000732800000, 0x0000000732a00000|  0%| F|  |TAMS 0x0000000732800000| PB 0x0000000732800000| Untracked 
| 393|0x0000000732a00000, 0x0000000732a00000, 0x0000000732c00000|  0%| F|  |TAMS 0x0000000732a00000| PB 0x0000000732a00000| Untracked 
| 394|0x0000000732c00000, 0x0000000732c00000, 0x0000000732e00000|  0%| F|  |TAMS 0x0000000732c00000| PB 0x0000000732c00000| Untracked 
| 395|0x0000000732e00000, 0x0000000732e00000, 0x0000000733000000|  0%| F|  |TAMS 0x0000000732e00000| PB 0x0000000732e00000| Untracked 
| 396|0x0000000733000000, 0x0000000733000000, 0x0000000733200000|  0%| F|  |TAMS 0x0000000733000000| PB 0x0000000733000000| Untracked 
| 397|0x0000000733200000, 0x0000000733200000, 0x0000000733400000|  0%| F|  |TAMS 0x0000000733200000| PB 0x0000000733200000| Untracked 
| 398|0x0000000733400000, 0x0000000733400000, 0x0000000733600000|  0%| F|  |TAMS 0x0000000733400000| PB 0x0000000733400000| Untracked 
| 399|0x0000000733600000, 0x0000000733600000, 0x0000000733800000|  0%| F|  |TAMS 0x0000000733600000| PB 0x0000000733600000| Untracked 
| 400|0x0000000733800000, 0x0000000733800000, 0x0000000733a00000|  0%| F|  |TAMS 0x0000000733800000| PB 0x0000000733800000| Untracked 
| 401|0x0000000733a00000, 0x0000000733a00000, 0x0000000733c00000|  0%| F|  |TAMS 0x0000000733a00000| PB 0x0000000733a00000| Untracked 
| 402|0x0000000733c00000, 0x0000000733c00000, 0x0000000733e00000|  0%| F|  |TAMS 0x0000000733c00000| PB 0x0000000733c00000| Untracked 
| 403|0x0000000733e00000, 0x0000000733e00000, 0x0000000734000000|  0%| F|  |TAMS 0x0000000733e00000| PB 0x0000000733e00000| Untracked 
| 404|0x0000000734000000, 0x0000000734000000, 0x0000000734200000|  0%| F|  |TAMS 0x0000000734000000| PB 0x0000000734000000| Untracked 
| 405|0x0000000734200000, 0x0000000734200000, 0x0000000734400000|  0%| F|  |TAMS 0x0000000734200000| PB 0x0000000734200000| Untracked 
| 406|0x0000000734400000, 0x0000000734400000, 0x0000000734600000|  0%| F|  |TAMS 0x0000000734400000| PB 0x0000000734400000| Untracked 
| 407|0x0000000734600000, 0x0000000734600000, 0x0000000734800000|  0%| F|  |TAMS 0x0000000734600000| PB 0x0000000734600000| Untracked 
| 408|0x0000000734800000, 0x0000000734800000, 0x0000000734a00000|  0%| F|  |TAMS 0x0000000734800000| PB 0x0000000734800000| Untracked 
| 409|0x0000000734a00000, 0x0000000734a00000, 0x0000000734c00000|  0%| F|  |TAMS 0x0000000734a00000| PB 0x0000000734a00000| Untracked 
| 410|0x0000000734c00000, 0x0000000734c00000, 0x0000000734e00000|  0%| F|  |TAMS 0x0000000734c00000| PB 0x0000000734c00000| Untracked 
| 411|0x0000000734e00000, 0x0000000734e00000, 0x0000000735000000|  0%| F|  |TAMS 0x0000000734e00000| PB 0x0000000734e00000| Untracked 
| 412|0x0000000735000000, 0x0000000735000000, 0x0000000735200000|  0%| F|  |TAMS 0x0000000735000000| PB 0x0000000735000000| Untracked 
| 413|0x0000000735200000, 0x0000000735200000, 0x0000000735400000|  0%| F|  |TAMS 0x0000000735200000| PB 0x0000000735200000| Untracked 
| 414|0x0000000735400000, 0x0000000735400000, 0x0000000735600000|  0%| F|  |TAMS 0x0000000735400000| PB 0x0000000735400000| Untracked 
| 415|0x0000000735600000, 0x0000000735600000, 0x0000000735800000|  0%| F|  |TAMS 0x0000000735600000| PB 0x0000000735600000| Untracked 
| 416|0x0000000735800000, 0x0000000735800000, 0x0000000735a00000|  0%| F|  |TAMS 0x0000000735800000| PB 0x0000000735800000| Untracked 
| 417|0x0000000735a00000, 0x0000000735a00000, 0x0000000735c00000|  0%| F|  |TAMS 0x0000000735a00000| PB 0x0000000735a00000| Untracked 
| 418|0x0000000735c00000, 0x0000000735c00000, 0x0000000735e00000|  0%| F|  |TAMS 0x0000000735c00000| PB 0x0000000735c00000| Untracked 
| 419|0x0000000735e00000, 0x0000000735e00000, 0x0000000736000000|  0%| F|  |TAMS 0x0000000735e00000| PB 0x0000000735e00000| Untracked 
| 420|0x0000000736000000, 0x0000000736000000, 0x0000000736200000|  0%| F|  |TAMS 0x0000000736000000| PB 0x0000000736000000| Untracked 
| 421|0x0000000736200000, 0x0000000736200000, 0x0000000736400000|  0%| F|  |TAMS 0x0000000736200000| PB 0x0000000736200000| Untracked 
| 422|0x0000000736400000, 0x0000000736400000, 0x0000000736600000|  0%| F|  |TAMS 0x0000000736400000| PB 0x0000000736400000| Untracked 
| 423|0x0000000736600000, 0x0000000736600000, 0x0000000736800000|  0%| F|  |TAMS 0x0000000736600000| PB 0x0000000736600000| Untracked 
| 424|0x0000000736800000, 0x0000000736800000, 0x0000000736a00000|  0%| F|  |TAMS 0x0000000736800000| PB 0x0000000736800000| Untracked 
| 425|0x0000000736a00000, 0x0000000736a00000, 0x0000000736c00000|  0%| F|  |TAMS 0x0000000736a00000| PB 0x0000000736a00000| Untracked 
| 426|0x0000000736c00000, 0x0000000736c00000, 0x0000000736e00000|  0%| F|  |TAMS 0x0000000736c00000| PB 0x0000000736c00000| Untracked 
| 427|0x0000000736e00000, 0x0000000736e00000, 0x0000000737000000|  0%| F|  |TAMS 0x0000000736e00000| PB 0x0000000736e00000| Untracked 
| 428|0x0000000737000000, 0x0000000737000000, 0x0000000737200000|  0%| F|  |TAMS 0x0000000737000000| PB 0x0000000737000000| Untracked 
| 429|0x0000000737200000, 0x0000000737200000, 0x0000000737400000|  0%| F|  |TAMS 0x0000000737200000| PB 0x0000000737200000| Untracked 
| 430|0x0000000737400000, 0x0000000737400000, 0x0000000737600000|  0%| F|  |TAMS 0x0000000737400000| PB 0x0000000737400000| Untracked 
| 431|0x0000000737600000, 0x0000000737600000, 0x0000000737800000|  0%| F|  |TAMS 0x0000000737600000| PB 0x0000000737600000| Untracked 
| 432|0x0000000737800000, 0x0000000737800000, 0x0000000737a00000|  0%| F|  |TAMS 0x0000000737800000| PB 0x0000000737800000| Untracked 
| 433|0x0000000737a00000, 0x0000000737a00000, 0x0000000737c00000|  0%| F|  |TAMS 0x0000000737a00000| PB 0x0000000737a00000| Untracked 
| 434|0x0000000737c00000, 0x0000000737c00000, 0x0000000737e00000|  0%| F|  |TAMS 0x0000000737c00000| PB 0x0000000737c00000| Untracked 
| 435|0x0000000737e00000, 0x0000000737e00000, 0x0000000738000000|  0%| F|  |TAMS 0x0000000737e00000| PB 0x0000000737e00000| Untracked 
| 436|0x0000000738000000, 0x0000000738000000, 0x0000000738200000|  0%| F|  |TAMS 0x0000000738000000| PB 0x0000000738000000| Untracked 
| 437|0x0000000738200000, 0x0000000738200000, 0x0000000738400000|  0%| F|  |TAMS 0x0000000738200000| PB 0x0000000738200000| Untracked 
| 438|0x0000000738400000, 0x0000000738400000, 0x0000000738600000|  0%| F|  |TAMS 0x0000000738400000| PB 0x0000000738400000| Untracked 
| 439|0x0000000738600000, 0x0000000738600000, 0x0000000738800000|  0%| F|  |TAMS 0x0000000738600000| PB 0x0000000738600000| Untracked 
| 440|0x0000000738800000, 0x0000000738800000, 0x0000000738a00000|  0%| F|  |TAMS 0x0000000738800000| PB 0x0000000738800000| Untracked 
| 441|0x0000000738a00000, 0x0000000738a00000, 0x0000000738c00000|  0%| F|  |TAMS 0x0000000738a00000| PB 0x0000000738a00000| Untracked 
| 442|0x0000000738c00000, 0x0000000738c00000, 0x0000000738e00000|  0%| F|  |TAMS 0x0000000738c00000| PB 0x0000000738c00000| Untracked 
| 443|0x0000000738e00000, 0x0000000738e00000, 0x0000000739000000|  0%| F|  |TAMS 0x0000000738e00000| PB 0x0000000738e00000| Untracked 
| 444|0x0000000739000000, 0x0000000739000000, 0x0000000739200000|  0%| F|  |TAMS 0x0000000739000000| PB 0x0000000739000000| Untracked 
| 445|0x0000000739200000, 0x0000000739200000, 0x0000000739400000|  0%| F|  |TAMS 0x0000000739200000| PB 0x0000000739200000| Untracked 
| 446|0x0000000739400000, 0x0000000739400000, 0x0000000739600000|  0%| F|  |TAMS 0x0000000739400000| PB 0x0000000739400000| Untracked 
| 447|0x0000000739600000, 0x0000000739600000, 0x0000000739800000|  0%| F|  |TAMS 0x0000000739600000| PB 0x0000000739600000| Untracked 
| 448|0x0000000739800000, 0x0000000739800000, 0x0000000739a00000|  0%| F|  |TAMS 0x0000000739800000| PB 0x0000000739800000| Untracked 
| 449|0x0000000739a00000, 0x0000000739a00000, 0x0000000739c00000|  0%| F|  |TAMS 0x0000000739a00000| PB 0x0000000739a00000| Untracked 
| 450|0x0000000739c00000, 0x0000000739c00000, 0x0000000739e00000|  0%| F|  |TAMS 0x0000000739c00000| PB 0x0000000739c00000| Untracked 
| 451|0x0000000739e00000, 0x0000000739e00000, 0x000000073a000000|  0%| F|  |TAMS 0x0000000739e00000| PB 0x0000000739e00000| Untracked 
| 452|0x000000073a000000, 0x000000073a000000, 0x000000073a200000|  0%| F|  |TAMS 0x000000073a000000| PB 0x000000073a000000| Untracked 
| 453|0x000000073a200000, 0x000000073a200000, 0x000000073a400000|  0%| F|  |TAMS 0x000000073a200000| PB 0x000000073a200000| Untracked 
| 454|0x000000073a400000, 0x000000073a400000, 0x000000073a600000|  0%| F|  |TAMS 0x000000073a400000| PB 0x000000073a400000| Untracked 
| 455|0x000000073a600000, 0x000000073a600000, 0x000000073a800000|  0%| F|  |TAMS 0x000000073a600000| PB 0x000000073a600000| Untracked 
| 456|0x000000073a800000, 0x000000073a800000, 0x000000073aa00000|  0%| F|  |TAMS 0x000000073a800000| PB 0x000000073a800000| Untracked 
| 457|0x000000073aa00000, 0x000000073aa00000, 0x000000073ac00000|  0%| F|  |TAMS 0x000000073aa00000| PB 0x000000073aa00000| Untracked 
| 458|0x000000073ac00000, 0x000000073ac00000, 0x000000073ae00000|  0%| F|  |TAMS 0x000000073ac00000| PB 0x000000073ac00000| Untracked 
| 459|0x000000073ae00000, 0x000000073ae00000, 0x000000073b000000|  0%| F|  |TAMS 0x000000073ae00000| PB 0x000000073ae00000| Untracked 
| 460|0x000000073b000000, 0x000000073b000000, 0x000000073b200000|  0%| F|  |TAMS 0x000000073b000000| PB 0x000000073b000000| Untracked 
| 461|0x000000073b200000, 0x000000073b200000, 0x000000073b400000|  0%| F|  |TAMS 0x000000073b200000| PB 0x000000073b200000| Untracked 
| 462|0x000000073b400000, 0x000000073b400000, 0x000000073b600000|  0%| F|  |TAMS 0x000000073b400000| PB 0x000000073b400000| Untracked 
| 463|0x000000073b600000, 0x000000073b600000, 0x000000073b800000|  0%| F|  |TAMS 0x000000073b600000| PB 0x000000073b600000| Untracked 
| 464|0x000000073b800000, 0x000000073b800000, 0x000000073ba00000|  0%| F|  |TAMS 0x000000073b800000| PB 0x000000073b800000| Untracked 
| 465|0x000000073ba00000, 0x000000073ba00000, 0x000000073bc00000|  0%| F|  |TAMS 0x000000073ba00000| PB 0x000000073ba00000| Untracked 
| 466|0x000000073bc00000, 0x000000073bc00000, 0x000000073be00000|  0%| F|  |TAMS 0x000000073bc00000| PB 0x000000073bc00000| Untracked 
| 467|0x000000073be00000, 0x000000073be00000, 0x000000073c000000|  0%| F|  |TAMS 0x000000073be00000| PB 0x000000073be00000| Untracked 
| 468|0x000000073c000000, 0x000000073c000000, 0x000000073c200000|  0%| F|  |TAMS 0x000000073c000000| PB 0x000000073c000000| Untracked 
| 469|0x000000073c200000, 0x000000073c200000, 0x000000073c400000|  0%| F|  |TAMS 0x000000073c200000| PB 0x000000073c200000| Untracked 
| 470|0x000000073c400000, 0x000000073c400000, 0x000000073c600000|  0%| F|  |TAMS 0x000000073c400000| PB 0x000000073c400000| Untracked 
| 471|0x000000073c600000, 0x000000073c600000, 0x000000073c800000|  0%| F|  |TAMS 0x000000073c600000| PB 0x000000073c600000| Untracked 
| 472|0x000000073c800000, 0x000000073c800000, 0x000000073ca00000|  0%| F|  |TAMS 0x000000073c800000| PB 0x000000073c800000| Untracked 
| 473|0x000000073ca00000, 0x000000073ca00000, 0x000000073cc00000|  0%| F|  |TAMS 0x000000073ca00000| PB 0x000000073ca00000| Untracked 
| 474|0x000000073cc00000, 0x000000073cc00000, 0x000000073ce00000|  0%| F|  |TAMS 0x000000073cc00000| PB 0x000000073cc00000| Untracked 
| 475|0x000000073ce00000, 0x000000073ce00000, 0x000000073d000000|  0%| F|  |TAMS 0x000000073ce00000| PB 0x000000073ce00000| Untracked 
| 476|0x000000073d000000, 0x000000073d000000, 0x000000073d200000|  0%| F|  |TAMS 0x000000073d000000| PB 0x000000073d000000| Untracked 
| 477|0x000000073d200000, 0x000000073d200000, 0x000000073d400000|  0%| F|  |TAMS 0x000000073d200000| PB 0x000000073d200000| Untracked 
| 478|0x000000073d400000, 0x000000073d400000, 0x000000073d600000|  0%| F|  |TAMS 0x000000073d400000| PB 0x000000073d400000| Untracked 
| 479|0x000000073d600000, 0x000000073d600000, 0x000000073d800000|  0%| F|  |TAMS 0x000000073d600000| PB 0x000000073d600000| Untracked 
| 480|0x000000073d800000, 0x000000073d800000, 0x000000073da00000|  0%| F|  |TAMS 0x000000073d800000| PB 0x000000073d800000| Untracked 
| 481|0x000000073da00000, 0x000000073da00000, 0x000000073dc00000|  0%| F|  |TAMS 0x000000073da00000| PB 0x000000073da00000| Untracked 
| 482|0x000000073dc00000, 0x000000073dc00000, 0x000000073de00000|  0%| F|  |TAMS 0x000000073dc00000| PB 0x000000073dc00000| Untracked 
| 483|0x000000073de00000, 0x000000073de00000, 0x000000073e000000|  0%| F|  |TAMS 0x000000073de00000| PB 0x000000073de00000| Untracked 
| 484|0x000000073e000000, 0x000000073e000000, 0x000000073e200000|  0%| F|  |TAMS 0x000000073e000000| PB 0x000000073e000000| Untracked 
| 485|0x000000073e200000, 0x000000073e200000, 0x000000073e400000|  0%| F|  |TAMS 0x000000073e200000| PB 0x000000073e200000| Untracked 
| 486|0x000000073e400000, 0x000000073e400000, 0x000000073e600000|  0%| F|  |TAMS 0x000000073e400000| PB 0x000000073e400000| Untracked 
| 487|0x000000073e600000, 0x000000073e600000, 0x000000073e800000|  0%| F|  |TAMS 0x000000073e600000| PB 0x000000073e600000| Untracked 
| 488|0x000000073e800000, 0x000000073e800000, 0x000000073ea00000|  0%| F|  |TAMS 0x000000073e800000| PB 0x000000073e800000| Untracked 
| 489|0x000000073ea00000, 0x000000073ea00000, 0x000000073ec00000|  0%| F|  |TAMS 0x000000073ea00000| PB 0x000000073ea00000| Untracked 
| 490|0x000000073ec00000, 0x000000073ec00000, 0x000000073ee00000|  0%| F|  |TAMS 0x000000073ec00000| PB 0x000000073ec00000| Untracked 
| 491|0x000000073ee00000, 0x000000073ee00000, 0x000000073f000000|  0%| F|  |TAMS 0x000000073ee00000| PB 0x000000073ee00000| Untracked 
| 492|0x000000073f000000, 0x000000073f000000, 0x000000073f200000|  0%| F|  |TAMS 0x000000073f000000| PB 0x000000073f000000| Untracked 
| 493|0x000000073f200000, 0x000000073f200000, 0x000000073f400000|  0%| F|  |TAMS 0x000000073f200000| PB 0x000000073f200000| Untracked 
| 494|0x000000073f400000, 0x000000073f400000, 0x000000073f600000|  0%| F|  |TAMS 0x000000073f400000| PB 0x000000073f400000| Untracked 
| 495|0x000000073f600000, 0x000000073f600000, 0x000000073f800000|  0%| F|  |TAMS 0x000000073f600000| PB 0x000000073f600000| Untracked 
| 496|0x000000073f800000, 0x000000073f800000, 0x000000073fa00000|  0%| F|  |TAMS 0x000000073f800000| PB 0x000000073f800000| Untracked 
| 497|0x000000073fa00000, 0x000000073fa00000, 0x000000073fc00000|  0%| F|  |TAMS 0x000000073fa00000| PB 0x000000073fa00000| Untracked 
| 498|0x000000073fc00000, 0x000000073fc00000, 0x000000073fe00000|  0%| F|  |TAMS 0x000000073fc00000| PB 0x000000073fc00000| Untracked 
| 499|0x000000073fe00000, 0x000000073fe00000, 0x0000000740000000|  0%| F|  |TAMS 0x000000073fe00000| PB 0x000000073fe00000| Untracked 
| 500|0x0000000740000000, 0x0000000740000000, 0x0000000740200000|  0%| F|  |TAMS 0x0000000740000000| PB 0x0000000740000000| Untracked 
| 501|0x0000000740200000, 0x0000000740200000, 0x0000000740400000|  0%| F|  |TAMS 0x0000000740200000| PB 0x0000000740200000| Untracked 
| 502|0x0000000740400000, 0x0000000740400000, 0x0000000740600000|  0%| F|  |TAMS 0x0000000740400000| PB 0x0000000740400000| Untracked 
| 503|0x0000000740600000, 0x0000000740600000, 0x0000000740800000|  0%| F|  |TAMS 0x0000000740600000| PB 0x0000000740600000| Untracked 
| 504|0x0000000740800000, 0x0000000740800000, 0x0000000740a00000|  0%| F|  |TAMS 0x0000000740800000| PB 0x0000000740800000| Untracked 
| 505|0x0000000740a00000, 0x0000000740a00000, 0x0000000740c00000|  0%| F|  |TAMS 0x0000000740a00000| PB 0x0000000740a00000| Untracked 
| 506|0x0000000740c00000, 0x0000000740c00000, 0x0000000740e00000|  0%| F|  |TAMS 0x0000000740c00000| PB 0x0000000740c00000| Untracked 
| 507|0x0000000740e00000, 0x0000000740e00000, 0x0000000741000000|  0%| F|  |TAMS 0x0000000740e00000| PB 0x0000000740e00000| Untracked 
| 508|0x0000000741000000, 0x0000000741000000, 0x0000000741200000|  0%| F|  |TAMS 0x0000000741000000| PB 0x0000000741000000| Untracked 
| 509|0x0000000741200000, 0x0000000741200000, 0x0000000741400000|  0%| F|  |TAMS 0x0000000741200000| PB 0x0000000741200000| Untracked 
| 510|0x0000000741400000, 0x0000000741400000, 0x0000000741600000|  0%| F|  |TAMS 0x0000000741400000| PB 0x0000000741400000| Untracked 
| 511|0x0000000741600000, 0x0000000741600000, 0x0000000741800000|  0%| F|  |TAMS 0x0000000741600000| PB 0x0000000741600000| Untracked 
| 512|0x0000000741800000, 0x0000000741800000, 0x0000000741a00000|  0%| F|  |TAMS 0x0000000741800000| PB 0x0000000741800000| Untracked 
| 513|0x0000000741a00000, 0x0000000741a00000, 0x0000000741c00000|  0%| F|  |TAMS 0x0000000741a00000| PB 0x0000000741a00000| Untracked 
| 514|0x0000000741c00000, 0x0000000741c00000, 0x0000000741e00000|  0%| F|  |TAMS 0x0000000741c00000| PB 0x0000000741c00000| Untracked 
| 515|0x0000000741e00000, 0x0000000741e00000, 0x0000000742000000|  0%| F|  |TAMS 0x0000000741e00000| PB 0x0000000741e00000| Untracked 
| 516|0x0000000742000000, 0x0000000742000000, 0x0000000742200000|  0%| F|  |TAMS 0x0000000742000000| PB 0x0000000742000000| Untracked 
| 517|0x0000000742200000, 0x0000000742200000, 0x0000000742400000|  0%| F|  |TAMS 0x0000000742200000| PB 0x0000000742200000| Untracked 
| 518|0x0000000742400000, 0x0000000742400000, 0x0000000742600000|  0%| F|  |TAMS 0x0000000742400000| PB 0x0000000742400000| Untracked 
| 519|0x0000000742600000, 0x0000000742600000, 0x0000000742800000|  0%| F|  |TAMS 0x0000000742600000| PB 0x0000000742600000| Untracked 
| 520|0x0000000742800000, 0x0000000742800000, 0x0000000742a00000|  0%| F|  |TAMS 0x0000000742800000| PB 0x0000000742800000| Untracked 
| 521|0x0000000742a00000, 0x0000000742a00000, 0x0000000742c00000|  0%| F|  |TAMS 0x0000000742a00000| PB 0x0000000742a00000| Untracked 
| 522|0x0000000742c00000, 0x0000000742c00000, 0x0000000742e00000|  0%| F|  |TAMS 0x0000000742c00000| PB 0x0000000742c00000| Untracked 
| 523|0x0000000742e00000, 0x0000000742e00000, 0x0000000743000000|  0%| F|  |TAMS 0x0000000742e00000| PB 0x0000000742e00000| Untracked 
| 524|0x0000000743000000, 0x0000000743000000, 0x0000000743200000|  0%| F|  |TAMS 0x0000000743000000| PB 0x0000000743000000| Untracked 
| 525|0x0000000743200000, 0x0000000743200000, 0x0000000743400000|  0%| F|  |TAMS 0x0000000743200000| PB 0x0000000743200000| Untracked 
| 526|0x0000000743400000, 0x0000000743400000, 0x0000000743600000|  0%| F|  |TAMS 0x0000000743400000| PB 0x0000000743400000| Untracked 
| 527|0x0000000743600000, 0x0000000743600000, 0x0000000743800000|  0%| F|  |TAMS 0x0000000743600000| PB 0x0000000743600000| Untracked 
| 528|0x0000000743800000, 0x0000000743800000, 0x0000000743a00000|  0%| F|  |TAMS 0x0000000743800000| PB 0x0000000743800000| Untracked 
| 529|0x0000000743a00000, 0x0000000743a00000, 0x0000000743c00000|  0%| F|  |TAMS 0x0000000743a00000| PB 0x0000000743a00000| Untracked 
| 530|0x0000000743c00000, 0x0000000743c00000, 0x0000000743e00000|  0%| F|  |TAMS 0x0000000743c00000| PB 0x0000000743c00000| Untracked 
| 531|0x0000000743e00000, 0x0000000743e00000, 0x0000000744000000|  0%| F|  |TAMS 0x0000000743e00000| PB 0x0000000743e00000| Untracked 
| 532|0x0000000744000000, 0x0000000744000000, 0x0000000744200000|  0%| F|  |TAMS 0x0000000744000000| PB 0x0000000744000000| Untracked 
| 533|0x0000000744200000, 0x0000000744200000, 0x0000000744400000|  0%| F|  |TAMS 0x0000000744200000| PB 0x0000000744200000| Untracked 
| 534|0x0000000744400000, 0x0000000744400000, 0x0000000744600000|  0%| F|  |TAMS 0x0000000744400000| PB 0x0000000744400000| Untracked 
| 535|0x0000000744600000, 0x0000000744600000, 0x0000000744800000|  0%| F|  |TAMS 0x0000000744600000| PB 0x0000000744600000| Untracked 
| 536|0x0000000744800000, 0x0000000744800000, 0x0000000744a00000|  0%| F|  |TAMS 0x0000000744800000| PB 0x0000000744800000| Untracked 
| 537|0x0000000744a00000, 0x0000000744a00000, 0x0000000744c00000|  0%| F|  |TAMS 0x0000000744a00000| PB 0x0000000744a00000| Untracked 
| 538|0x0000000744c00000, 0x0000000744c00000, 0x0000000744e00000|  0%| F|  |TAMS 0x0000000744c00000| PB 0x0000000744c00000| Untracked 
| 539|0x0000000744e00000, 0x0000000744e00000, 0x0000000745000000|  0%| F|  |TAMS 0x0000000744e00000| PB 0x0000000744e00000| Untracked 
| 540|0x0000000745000000, 0x0000000745000000, 0x0000000745200000|  0%| F|  |TAMS 0x0000000745000000| PB 0x0000000745000000| Untracked 
| 541|0x0000000745200000, 0x0000000745200000, 0x0000000745400000|  0%| F|  |TAMS 0x0000000745200000| PB 0x0000000745200000| Untracked 
| 542|0x0000000745400000, 0x0000000745400000, 0x0000000745600000|  0%| F|  |TAMS 0x0000000745400000| PB 0x0000000745400000| Untracked 
| 543|0x0000000745600000, 0x0000000745600000, 0x0000000745800000|  0%| F|  |TAMS 0x0000000745600000| PB 0x0000000745600000| Untracked 
| 544|0x0000000745800000, 0x0000000745800000, 0x0000000745a00000|  0%| F|  |TAMS 0x0000000745800000| PB 0x0000000745800000| Untracked 
| 545|0x0000000745a00000, 0x0000000745a00000, 0x0000000745c00000|  0%| F|  |TAMS 0x0000000745a00000| PB 0x0000000745a00000| Untracked 
| 546|0x0000000745c00000, 0x0000000745c00000, 0x0000000745e00000|  0%| F|  |TAMS 0x0000000745c00000| PB 0x0000000745c00000| Untracked 
| 547|0x0000000745e00000, 0x0000000745e00000, 0x0000000746000000|  0%| F|  |TAMS 0x0000000745e00000| PB 0x0000000745e00000| Untracked 
| 548|0x0000000746000000, 0x0000000746000000, 0x0000000746200000|  0%| F|  |TAMS 0x0000000746000000| PB 0x0000000746000000| Untracked 
| 549|0x0000000746200000, 0x0000000746200000, 0x0000000746400000|  0%| F|  |TAMS 0x0000000746200000| PB 0x0000000746200000| Untracked 
| 550|0x0000000746400000, 0x0000000746400000, 0x0000000746600000|  0%| F|  |TAMS 0x0000000746400000| PB 0x0000000746400000| Untracked 
| 551|0x0000000746600000, 0x0000000746600000, 0x0000000746800000|  0%| F|  |TAMS 0x0000000746600000| PB 0x0000000746600000| Untracked 
| 552|0x0000000746800000, 0x0000000746800000, 0x0000000746a00000|  0%| F|  |TAMS 0x0000000746800000| PB 0x0000000746800000| Untracked 
| 553|0x0000000746a00000, 0x0000000746a00000, 0x0000000746c00000|  0%| F|  |TAMS 0x0000000746a00000| PB 0x0000000746a00000| Untracked 
| 554|0x0000000746c00000, 0x0000000746c00000, 0x0000000746e00000|  0%| F|  |TAMS 0x0000000746c00000| PB 0x0000000746c00000| Untracked 
| 555|0x0000000746e00000, 0x0000000746e00000, 0x0000000747000000|  0%| F|  |TAMS 0x0000000746e00000| PB 0x0000000746e00000| Untracked 
| 556|0x0000000747000000, 0x0000000747000000, 0x0000000747200000|  0%| F|  |TAMS 0x0000000747000000| PB 0x0000000747000000| Untracked 
| 557|0x0000000747200000, 0x0000000747200000, 0x0000000747400000|  0%| F|  |TAMS 0x0000000747200000| PB 0x0000000747200000| Untracked 
| 558|0x0000000747400000, 0x0000000747400000, 0x0000000747600000|  0%| F|  |TAMS 0x0000000747400000| PB 0x0000000747400000| Untracked 
| 559|0x0000000747600000, 0x0000000747600000, 0x0000000747800000|  0%| F|  |TAMS 0x0000000747600000| PB 0x0000000747600000| Untracked 
| 560|0x0000000747800000, 0x0000000747800000, 0x0000000747a00000|  0%| F|  |TAMS 0x0000000747800000| PB 0x0000000747800000| Untracked 
| 561|0x0000000747a00000, 0x0000000747a00000, 0x0000000747c00000|  0%| F|  |TAMS 0x0000000747a00000| PB 0x0000000747a00000| Untracked 
| 562|0x0000000747c00000, 0x0000000747c00000, 0x0000000747e00000|  0%| F|  |TAMS 0x0000000747c00000| PB 0x0000000747c00000| Untracked 
| 563|0x0000000747e00000, 0x0000000747e00000, 0x0000000748000000|  0%| F|  |TAMS 0x0000000747e00000| PB 0x0000000747e00000| Untracked 
| 564|0x0000000748000000, 0x0000000748000000, 0x0000000748200000|  0%| F|  |TAMS 0x0000000748000000| PB 0x0000000748000000| Untracked 
| 565|0x0000000748200000, 0x0000000748200000, 0x0000000748400000|  0%| F|  |TAMS 0x0000000748200000| PB 0x0000000748200000| Untracked 
| 566|0x0000000748400000, 0x0000000748400000, 0x0000000748600000|  0%| F|  |TAMS 0x0000000748400000| PB 0x0000000748400000| Untracked 
| 567|0x0000000748600000, 0x0000000748600000, 0x0000000748800000|  0%| F|  |TAMS 0x0000000748600000| PB 0x0000000748600000| Untracked 
| 568|0x0000000748800000, 0x0000000748800000, 0x0000000748a00000|  0%| F|  |TAMS 0x0000000748800000| PB 0x0000000748800000| Untracked 
| 569|0x0000000748a00000, 0x0000000748a00000, 0x0000000748c00000|  0%| F|  |TAMS 0x0000000748a00000| PB 0x0000000748a00000| Untracked 
| 570|0x0000000748c00000, 0x0000000748c00000, 0x0000000748e00000|  0%| F|  |TAMS 0x0000000748c00000| PB 0x0000000748c00000| Untracked 
| 571|0x0000000748e00000, 0x0000000748e00000, 0x0000000749000000|  0%| F|  |TAMS 0x0000000748e00000| PB 0x0000000748e00000| Untracked 
| 572|0x0000000749000000, 0x0000000749000000, 0x0000000749200000|  0%| F|  |TAMS 0x0000000749000000| PB 0x0000000749000000| Untracked 
| 573|0x0000000749200000, 0x0000000749200000, 0x0000000749400000|  0%| F|  |TAMS 0x0000000749200000| PB 0x0000000749200000| Untracked 
| 574|0x0000000749400000, 0x0000000749400000, 0x0000000749600000|  0%| F|  |TAMS 0x0000000749400000| PB 0x0000000749400000| Untracked 
| 575|0x0000000749600000, 0x0000000749600000, 0x0000000749800000|  0%| F|  |TAMS 0x0000000749600000| PB 0x0000000749600000| Untracked 
| 576|0x0000000749800000, 0x0000000749800000, 0x0000000749a00000|  0%| F|  |TAMS 0x0000000749800000| PB 0x0000000749800000| Untracked 
| 577|0x0000000749a00000, 0x0000000749a00000, 0x0000000749c00000|  0%| F|  |TAMS 0x0000000749a00000| PB 0x0000000749a00000| Untracked 
| 578|0x0000000749c00000, 0x0000000749c00000, 0x0000000749e00000|  0%| F|  |TAMS 0x0000000749c00000| PB 0x0000000749c00000| Untracked 
| 579|0x0000000749e00000, 0x0000000749e00000, 0x000000074a000000|  0%| F|  |TAMS 0x0000000749e00000| PB 0x0000000749e00000| Untracked 
| 580|0x000000074a000000, 0x000000074a000000, 0x000000074a200000|  0%| F|  |TAMS 0x000000074a000000| PB 0x000000074a000000| Untracked 
| 581|0x000000074a200000, 0x000000074a200000, 0x000000074a400000|  0%| F|  |TAMS 0x000000074a200000| PB 0x000000074a200000| Untracked 
| 582|0x000000074a400000, 0x000000074a400000, 0x000000074a600000|  0%| F|  |TAMS 0x000000074a400000| PB 0x000000074a400000| Untracked 
| 583|0x000000074a600000, 0x000000074a600000, 0x000000074a800000|  0%| F|  |TAMS 0x000000074a600000| PB 0x000000074a600000| Untracked 
| 584|0x000000074a800000, 0x000000074a800000, 0x000000074aa00000|  0%| F|  |TAMS 0x000000074a800000| PB 0x000000074a800000| Untracked 
| 585|0x000000074aa00000, 0x000000074aa00000, 0x000000074ac00000|  0%| F|  |TAMS 0x000000074aa00000| PB 0x000000074aa00000| Untracked 
| 586|0x000000074ac00000, 0x000000074ac00000, 0x000000074ae00000|  0%| F|  |TAMS 0x000000074ac00000| PB 0x000000074ac00000| Untracked 
| 587|0x000000074ae00000, 0x000000074ae00000, 0x000000074b000000|  0%| F|  |TAMS 0x000000074ae00000| PB 0x000000074ae00000| Untracked 
| 588|0x000000074b000000, 0x000000074b000000, 0x000000074b200000|  0%| F|  |TAMS 0x000000074b000000| PB 0x000000074b000000| Untracked 
| 589|0x000000074b200000, 0x000000074b200000, 0x000000074b400000|  0%| F|  |TAMS 0x000000074b200000| PB 0x000000074b200000| Untracked 
| 590|0x000000074b400000, 0x000000074b400000, 0x000000074b600000|  0%| F|  |TAMS 0x000000074b400000| PB 0x000000074b400000| Untracked 
| 591|0x000000074b600000, 0x000000074b600000, 0x000000074b800000|  0%| F|  |TAMS 0x000000074b600000| PB 0x000000074b600000| Untracked 
| 592|0x000000074b800000, 0x000000074b800000, 0x000000074ba00000|  0%| F|  |TAMS 0x000000074b800000| PB 0x000000074b800000| Untracked 
| 593|0x000000074ba00000, 0x000000074ba00000, 0x000000074bc00000|  0%| F|  |TAMS 0x000000074ba00000| PB 0x000000074ba00000| Untracked 
| 594|0x000000074bc00000, 0x000000074bc00000, 0x000000074be00000|  0%| F|  |TAMS 0x000000074bc00000| PB 0x000000074bc00000| Untracked 
| 595|0x000000074be00000, 0x000000074be00000, 0x000000074c000000|  0%| F|  |TAMS 0x000000074be00000| PB 0x000000074be00000| Untracked 
| 596|0x000000074c000000, 0x000000074c000000, 0x000000074c200000|  0%| F|  |TAMS 0x000000074c000000| PB 0x000000074c000000| Untracked 
| 597|0x000000074c200000, 0x000000074c200000, 0x000000074c400000|  0%| F|  |TAMS 0x000000074c200000| PB 0x000000074c200000| Untracked 
| 598|0x000000074c400000, 0x000000074c400000, 0x000000074c600000|  0%| F|  |TAMS 0x000000074c400000| PB 0x000000074c400000| Untracked 
| 599|0x000000074c600000, 0x000000074c600000, 0x000000074c800000|  0%| F|  |TAMS 0x000000074c600000| PB 0x000000074c600000| Untracked 
| 600|0x000000074c800000, 0x000000074c800000, 0x000000074ca00000|  0%| F|  |TAMS 0x000000074c800000| PB 0x000000074c800000| Untracked 
| 601|0x000000074ca00000, 0x000000074ca00000, 0x000000074cc00000|  0%| F|  |TAMS 0x000000074ca00000| PB 0x000000074ca00000| Untracked 
| 602|0x000000074cc00000, 0x000000074cc00000, 0x000000074ce00000|  0%| F|  |TAMS 0x000000074cc00000| PB 0x000000074cc00000| Untracked 
| 603|0x000000074ce00000, 0x000000074ce00000, 0x000000074d000000|  0%| F|  |TAMS 0x000000074ce00000| PB 0x000000074ce00000| Untracked 
| 604|0x000000074d000000, 0x000000074d000000, 0x000000074d200000|  0%| F|  |TAMS 0x000000074d000000| PB 0x000000074d000000| Untracked 
| 605|0x000000074d200000, 0x000000074d200000, 0x000000074d400000|  0%| F|  |TAMS 0x000000074d200000| PB 0x000000074d200000| Untracked 
| 606|0x000000074d400000, 0x000000074d400000, 0x000000074d600000|  0%| F|  |TAMS 0x000000074d400000| PB 0x000000074d400000| Untracked 
| 607|0x000000074d600000, 0x000000074d600000, 0x000000074d800000|  0%| F|  |TAMS 0x000000074d600000| PB 0x000000074d600000| Untracked 
| 608|0x000000074d800000, 0x000000074d800000, 0x000000074da00000|  0%| F|  |TAMS 0x000000074d800000| PB 0x000000074d800000| Untracked 
| 609|0x000000074da00000, 0x000000074da00000, 0x000000074dc00000|  0%| F|  |TAMS 0x000000074da00000| PB 0x000000074da00000| Untracked 
| 610|0x000000074dc00000, 0x000000074dc00000, 0x000000074de00000|  0%| F|  |TAMS 0x000000074dc00000| PB 0x000000074dc00000| Untracked 
| 611|0x000000074de00000, 0x000000074de00000, 0x000000074e000000|  0%| F|  |TAMS 0x000000074de00000| PB 0x000000074de00000| Untracked 
| 612|0x000000074e000000, 0x000000074e000000, 0x000000074e200000|  0%| F|  |TAMS 0x000000074e000000| PB 0x000000074e000000| Untracked 
| 613|0x000000074e200000, 0x000000074e200000, 0x000000074e400000|  0%| F|  |TAMS 0x000000074e200000| PB 0x000000074e200000| Untracked 
| 614|0x000000074e400000, 0x000000074e400000, 0x000000074e600000|  0%| F|  |TAMS 0x000000074e400000| PB 0x000000074e400000| Untracked 
| 615|0x000000074e600000, 0x000000074e600000, 0x000000074e800000|  0%| F|  |TAMS 0x000000074e600000| PB 0x000000074e600000| Untracked 
| 616|0x000000074e800000, 0x000000074e800000, 0x000000074ea00000|  0%| F|  |TAMS 0x000000074e800000| PB 0x000000074e800000| Untracked 
| 617|0x000000074ea00000, 0x000000074ea00000, 0x000000074ec00000|  0%| F|  |TAMS 0x000000074ea00000| PB 0x000000074ea00000| Untracked 
| 618|0x000000074ec00000, 0x000000074ec00000, 0x000000074ee00000|  0%| F|  |TAMS 0x000000074ec00000| PB 0x000000074ec00000| Untracked 
| 619|0x000000074ee00000, 0x000000074ee00000, 0x000000074f000000|  0%| F|  |TAMS 0x000000074ee00000| PB 0x000000074ee00000| Untracked 
| 620|0x000000074f000000, 0x000000074f000000, 0x000000074f200000|  0%| F|  |TAMS 0x000000074f000000| PB 0x000000074f000000| Untracked 
| 621|0x000000074f200000, 0x000000074f200000, 0x000000074f400000|  0%| F|  |TAMS 0x000000074f200000| PB 0x000000074f200000| Untracked 
| 622|0x000000074f400000, 0x000000074f400000, 0x000000074f600000|  0%| F|  |TAMS 0x000000074f400000| PB 0x000000074f400000| Untracked 
| 623|0x000000074f600000, 0x000000074f600000, 0x000000074f800000|  0%| F|  |TAMS 0x000000074f600000| PB 0x000000074f600000| Untracked 
| 624|0x000000074f800000, 0x000000074f800000, 0x000000074fa00000|  0%| F|  |TAMS 0x000000074f800000| PB 0x000000074f800000| Untracked 
| 625|0x000000074fa00000, 0x000000074fa00000, 0x000000074fc00000|  0%| F|  |TAMS 0x000000074fa00000| PB 0x000000074fa00000| Untracked 
| 626|0x000000074fc00000, 0x000000074fc00000, 0x000000074fe00000|  0%| F|  |TAMS 0x000000074fc00000| PB 0x000000074fc00000| Untracked 
| 627|0x000000074fe00000, 0x000000074fe00000, 0x0000000750000000|  0%| F|  |TAMS 0x000000074fe00000| PB 0x000000074fe00000| Untracked 
| 628|0x0000000750000000, 0x0000000750000000, 0x0000000750200000|  0%| F|  |TAMS 0x0000000750000000| PB 0x0000000750000000| Untracked 
| 629|0x0000000750200000, 0x0000000750200000, 0x0000000750400000|  0%| F|  |TAMS 0x0000000750200000| PB 0x0000000750200000| Untracked 
| 630|0x0000000750400000, 0x0000000750400000, 0x0000000750600000|  0%| F|  |TAMS 0x0000000750400000| PB 0x0000000750400000| Untracked 
| 631|0x0000000750600000, 0x0000000750600000, 0x0000000750800000|  0%| F|  |TAMS 0x0000000750600000| PB 0x0000000750600000| Untracked 
| 632|0x0000000750800000, 0x0000000750800000, 0x0000000750a00000|  0%| F|  |TAMS 0x0000000750800000| PB 0x0000000750800000| Untracked 
| 633|0x0000000750a00000, 0x0000000750a00000, 0x0000000750c00000|  0%| F|  |TAMS 0x0000000750a00000| PB 0x0000000750a00000| Untracked 
| 634|0x0000000750c00000, 0x0000000750c00000, 0x0000000750e00000|  0%| F|  |TAMS 0x0000000750c00000| PB 0x0000000750c00000| Untracked 
| 635|0x0000000750e00000, 0x0000000750e00000, 0x0000000751000000|  0%| F|  |TAMS 0x0000000750e00000| PB 0x0000000750e00000| Untracked 
| 636|0x0000000751000000, 0x0000000751000000, 0x0000000751200000|  0%| F|  |TAMS 0x0000000751000000| PB 0x0000000751000000| Untracked 
| 637|0x0000000751200000, 0x0000000751200000, 0x0000000751400000|  0%| F|  |TAMS 0x0000000751200000| PB 0x0000000751200000| Untracked 
| 638|0x0000000751400000, 0x0000000751400000, 0x0000000751600000|  0%| F|  |TAMS 0x0000000751400000| PB 0x0000000751400000| Untracked 
| 639|0x0000000751600000, 0x0000000751600000, 0x0000000751800000|  0%| F|  |TAMS 0x0000000751600000| PB 0x0000000751600000| Untracked 
| 640|0x0000000751800000, 0x0000000751800000, 0x0000000751a00000|  0%| F|  |TAMS 0x0000000751800000| PB 0x0000000751800000| Untracked 
| 641|0x0000000751a00000, 0x0000000751a00000, 0x0000000751c00000|  0%| F|  |TAMS 0x0000000751a00000| PB 0x0000000751a00000| Untracked 
| 642|0x0000000751c00000, 0x0000000751c00000, 0x0000000751e00000|  0%| F|  |TAMS 0x0000000751c00000| PB 0x0000000751c00000| Untracked 
| 643|0x0000000751e00000, 0x0000000751e00000, 0x0000000752000000|  0%| F|  |TAMS 0x0000000751e00000| PB 0x0000000751e00000| Untracked 
| 644|0x0000000752000000, 0x0000000752000000, 0x0000000752200000|  0%| F|  |TAMS 0x0000000752000000| PB 0x0000000752000000| Untracked 
| 645|0x0000000752200000, 0x0000000752200000, 0x0000000752400000|  0%| F|  |TAMS 0x0000000752200000| PB 0x0000000752200000| Untracked 
| 646|0x0000000752400000, 0x0000000752400000, 0x0000000752600000|  0%| F|  |TAMS 0x0000000752400000| PB 0x0000000752400000| Untracked 
| 647|0x0000000752600000, 0x0000000752600000, 0x0000000752800000|  0%| F|  |TAMS 0x0000000752600000| PB 0x0000000752600000| Untracked 
| 648|0x0000000752800000, 0x0000000752800000, 0x0000000752a00000|  0%| F|  |TAMS 0x0000000752800000| PB 0x0000000752800000| Untracked 
| 649|0x0000000752a00000, 0x0000000752a00000, 0x0000000752c00000|  0%| F|  |TAMS 0x0000000752a00000| PB 0x0000000752a00000| Untracked 
| 650|0x0000000752c00000, 0x0000000752c00000, 0x0000000752e00000|  0%| F|  |TAMS 0x0000000752c00000| PB 0x0000000752c00000| Untracked 
| 651|0x0000000752e00000, 0x0000000752e00000, 0x0000000753000000|  0%| F|  |TAMS 0x0000000752e00000| PB 0x0000000752e00000| Untracked 
| 652|0x0000000753000000, 0x0000000753000000, 0x0000000753200000|  0%| F|  |TAMS 0x0000000753000000| PB 0x0000000753000000| Untracked 
| 653|0x0000000753200000, 0x0000000753200000, 0x0000000753400000|  0%| F|  |TAMS 0x0000000753200000| PB 0x0000000753200000| Untracked 
| 654|0x0000000753400000, 0x0000000753400000, 0x0000000753600000|  0%| F|  |TAMS 0x0000000753400000| PB 0x0000000753400000| Untracked 
| 655|0x0000000753600000, 0x0000000753600000, 0x0000000753800000|  0%| F|  |TAMS 0x0000000753600000| PB 0x0000000753600000| Untracked 
| 656|0x0000000753800000, 0x0000000753800000, 0x0000000753a00000|  0%| F|  |TAMS 0x0000000753800000| PB 0x0000000753800000| Untracked 
| 657|0x0000000753a00000, 0x0000000753a00000, 0x0000000753c00000|  0%| F|  |TAMS 0x0000000753a00000| PB 0x0000000753a00000| Untracked 
| 658|0x0000000753c00000, 0x0000000753c00000, 0x0000000753e00000|  0%| F|  |TAMS 0x0000000753c00000| PB 0x0000000753c00000| Untracked 
| 659|0x0000000753e00000, 0x0000000753e00000, 0x0000000754000000|  0%| F|  |TAMS 0x0000000753e00000| PB 0x0000000753e00000| Untracked 
| 660|0x0000000754000000, 0x0000000754000000, 0x0000000754200000|  0%| F|  |TAMS 0x0000000754000000| PB 0x0000000754000000| Untracked 
| 661|0x0000000754200000, 0x0000000754200000, 0x0000000754400000|  0%| F|  |TAMS 0x0000000754200000| PB 0x0000000754200000| Untracked 
| 662|0x0000000754400000, 0x0000000754400000, 0x0000000754600000|  0%| F|  |TAMS 0x0000000754400000| PB 0x0000000754400000| Untracked 
| 663|0x0000000754600000, 0x0000000754600000, 0x0000000754800000|  0%| F|  |TAMS 0x0000000754600000| PB 0x0000000754600000| Untracked 
| 664|0x0000000754800000, 0x0000000754800000, 0x0000000754a00000|  0%| F|  |TAMS 0x0000000754800000| PB 0x0000000754800000| Untracked 
| 665|0x0000000754a00000, 0x0000000754a00000, 0x0000000754c00000|  0%| F|  |TAMS 0x0000000754a00000| PB 0x0000000754a00000| Untracked 
| 666|0x0000000754c00000, 0x0000000754c00000, 0x0000000754e00000|  0%| F|  |TAMS 0x0000000754c00000| PB 0x0000000754c00000| Untracked 
| 667|0x0000000754e00000, 0x0000000754e00000, 0x0000000755000000|  0%| F|  |TAMS 0x0000000754e00000| PB 0x0000000754e00000| Untracked 
| 668|0x0000000755000000, 0x0000000755000000, 0x0000000755200000|  0%| F|  |TAMS 0x0000000755000000| PB 0x0000000755000000| Untracked 
| 669|0x0000000755200000, 0x0000000755200000, 0x0000000755400000|  0%| F|  |TAMS 0x0000000755200000| PB 0x0000000755200000| Untracked 
| 670|0x0000000755400000, 0x0000000755400000, 0x0000000755600000|  0%| F|  |TAMS 0x0000000755400000| PB 0x0000000755400000| Untracked 
| 671|0x0000000755600000, 0x0000000755600000, 0x0000000755800000|  0%| F|  |TAMS 0x0000000755600000| PB 0x0000000755600000| Untracked 
| 672|0x0000000755800000, 0x0000000755800000, 0x0000000755a00000|  0%| F|  |TAMS 0x0000000755800000| PB 0x0000000755800000| Untracked 
| 673|0x0000000755a00000, 0x0000000755a00000, 0x0000000755c00000|  0%| F|  |TAMS 0x0000000755a00000| PB 0x0000000755a00000| Untracked 
| 674|0x0000000755c00000, 0x0000000755c00000, 0x0000000755e00000|  0%| F|  |TAMS 0x0000000755c00000| PB 0x0000000755c00000| Untracked 
| 675|0x0000000755e00000, 0x0000000755e00000, 0x0000000756000000|  0%| F|  |TAMS 0x0000000755e00000| PB 0x0000000755e00000| Untracked 
| 676|0x0000000756000000, 0x0000000756000000, 0x0000000756200000|  0%| F|  |TAMS 0x0000000756000000| PB 0x0000000756000000| Untracked 
| 677|0x0000000756200000, 0x0000000756200000, 0x0000000756400000|  0%| F|  |TAMS 0x0000000756200000| PB 0x0000000756200000| Untracked 
| 678|0x0000000756400000, 0x0000000756400000, 0x0000000756600000|  0%| F|  |TAMS 0x0000000756400000| PB 0x0000000756400000| Untracked 
| 679|0x0000000756600000, 0x0000000756600000, 0x0000000756800000|  0%| F|  |TAMS 0x0000000756600000| PB 0x0000000756600000| Untracked 
| 680|0x0000000756800000, 0x0000000756800000, 0x0000000756a00000|  0%| F|  |TAMS 0x0000000756800000| PB 0x0000000756800000| Untracked 
| 681|0x0000000756a00000, 0x0000000756a00000, 0x0000000756c00000|  0%| F|  |TAMS 0x0000000756a00000| PB 0x0000000756a00000| Untracked 
| 682|0x0000000756c00000, 0x0000000756c00000, 0x0000000756e00000|  0%| F|  |TAMS 0x0000000756c00000| PB 0x0000000756c00000| Untracked 
| 683|0x0000000756e00000, 0x0000000756e00000, 0x0000000757000000|  0%| F|  |TAMS 0x0000000756e00000| PB 0x0000000756e00000| Untracked 
| 684|0x0000000757000000, 0x0000000757000000, 0x0000000757200000|  0%| F|  |TAMS 0x0000000757000000| PB 0x0000000757000000| Untracked 
| 685|0x0000000757200000, 0x0000000757200000, 0x0000000757400000|  0%| F|  |TAMS 0x0000000757200000| PB 0x0000000757200000| Untracked 
| 686|0x0000000757400000, 0x0000000757400000, 0x0000000757600000|  0%| F|  |TAMS 0x0000000757400000| PB 0x0000000757400000| Untracked 
| 687|0x0000000757600000, 0x0000000757600000, 0x0000000757800000|  0%| F|  |TAMS 0x0000000757600000| PB 0x0000000757600000| Untracked 
| 688|0x0000000757800000, 0x0000000757800000, 0x0000000757a00000|  0%| F|  |TAMS 0x0000000757800000| PB 0x0000000757800000| Untracked 
| 689|0x0000000757a00000, 0x0000000757a00000, 0x0000000757c00000|  0%| F|  |TAMS 0x0000000757a00000| PB 0x0000000757a00000| Untracked 
| 690|0x0000000757c00000, 0x0000000757c00000, 0x0000000757e00000|  0%| F|  |TAMS 0x0000000757c00000| PB 0x0000000757c00000| Untracked 
| 691|0x0000000757e00000, 0x0000000757e00000, 0x0000000758000000|  0%| F|  |TAMS 0x0000000757e00000| PB 0x0000000757e00000| Untracked 
| 692|0x0000000758000000, 0x0000000758000000, 0x0000000758200000|  0%| F|  |TAMS 0x0000000758000000| PB 0x0000000758000000| Untracked 
| 693|0x0000000758200000, 0x0000000758200000, 0x0000000758400000|  0%| F|  |TAMS 0x0000000758200000| PB 0x0000000758200000| Untracked 
| 694|0x0000000758400000, 0x0000000758400000, 0x0000000758600000|  0%| F|  |TAMS 0x0000000758400000| PB 0x0000000758400000| Untracked 
| 695|0x0000000758600000, 0x0000000758600000, 0x0000000758800000|  0%| F|  |TAMS 0x0000000758600000| PB 0x0000000758600000| Untracked 
| 696|0x0000000758800000, 0x0000000758800000, 0x0000000758a00000|  0%| F|  |TAMS 0x0000000758800000| PB 0x0000000758800000| Untracked 
| 697|0x0000000758a00000, 0x0000000758a00000, 0x0000000758c00000|  0%| F|  |TAMS 0x0000000758a00000| PB 0x0000000758a00000| Untracked 
| 698|0x0000000758c00000, 0x0000000758c00000, 0x0000000758e00000|  0%| F|  |TAMS 0x0000000758c00000| PB 0x0000000758c00000| Untracked 
| 699|0x0000000758e00000, 0x0000000758e00000, 0x0000000759000000|  0%| F|  |TAMS 0x0000000758e00000| PB 0x0000000758e00000| Untracked 
| 700|0x0000000759000000, 0x0000000759000000, 0x0000000759200000|  0%| F|  |TAMS 0x0000000759000000| PB 0x0000000759000000| Untracked 
| 701|0x0000000759200000, 0x0000000759200000, 0x0000000759400000|  0%| F|  |TAMS 0x0000000759200000| PB 0x0000000759200000| Untracked 
| 702|0x0000000759400000, 0x0000000759400000, 0x0000000759600000|  0%| F|  |TAMS 0x0000000759400000| PB 0x0000000759400000| Untracked 
| 703|0x0000000759600000, 0x0000000759600000, 0x0000000759800000|  0%| F|  |TAMS 0x0000000759600000| PB 0x0000000759600000| Untracked 
| 704|0x0000000759800000, 0x0000000759800000, 0x0000000759a00000|  0%| F|  |TAMS 0x0000000759800000| PB 0x0000000759800000| Untracked 
| 705|0x0000000759a00000, 0x0000000759a00000, 0x0000000759c00000|  0%| F|  |TAMS 0x0000000759a00000| PB 0x0000000759a00000| Untracked 
| 706|0x0000000759c00000, 0x0000000759c00000, 0x0000000759e00000|  0%| F|  |TAMS 0x0000000759c00000| PB 0x0000000759c00000| Untracked 
| 707|0x0000000759e00000, 0x0000000759e00000, 0x000000075a000000|  0%| F|  |TAMS 0x0000000759e00000| PB 0x0000000759e00000| Untracked 
| 708|0x000000075a000000, 0x000000075a000000, 0x000000075a200000|  0%| F|  |TAMS 0x000000075a000000| PB 0x000000075a000000| Untracked 
| 709|0x000000075a200000, 0x000000075a200000, 0x000000075a400000|  0%| F|  |TAMS 0x000000075a200000| PB 0x000000075a200000| Untracked 
| 710|0x000000075a400000, 0x000000075a400000, 0x000000075a600000|  0%| F|  |TAMS 0x000000075a400000| PB 0x000000075a400000| Untracked 
| 711|0x000000075a600000, 0x000000075a600000, 0x000000075a800000|  0%| F|  |TAMS 0x000000075a600000| PB 0x000000075a600000| Untracked 
| 712|0x000000075a800000, 0x000000075a800000, 0x000000075aa00000|  0%| F|  |TAMS 0x000000075a800000| PB 0x000000075a800000| Untracked 
| 713|0x000000075aa00000, 0x000000075aa00000, 0x000000075ac00000|  0%| F|  |TAMS 0x000000075aa00000| PB 0x000000075aa00000| Untracked 
| 714|0x000000075ac00000, 0x000000075ac00000, 0x000000075ae00000|  0%| F|  |TAMS 0x000000075ac00000| PB 0x000000075ac00000| Untracked 
| 715|0x000000075ae00000, 0x000000075ae00000, 0x000000075b000000|  0%| F|  |TAMS 0x000000075ae00000| PB 0x000000075ae00000| Untracked 
| 716|0x000000075b000000, 0x000000075b000000, 0x000000075b200000|  0%| F|  |TAMS 0x000000075b000000| PB 0x000000075b000000| Untracked 
| 717|0x000000075b200000, 0x000000075b200000, 0x000000075b400000|  0%| F|  |TAMS 0x000000075b200000| PB 0x000000075b200000| Untracked 
| 718|0x000000075b400000, 0x000000075b400000, 0x000000075b600000|  0%| F|  |TAMS 0x000000075b400000| PB 0x000000075b400000| Untracked 
| 719|0x000000075b600000, 0x000000075b600000, 0x000000075b800000|  0%| F|  |TAMS 0x000000075b600000| PB 0x000000075b600000| Untracked 
| 720|0x000000075b800000, 0x000000075b800000, 0x000000075ba00000|  0%| F|  |TAMS 0x000000075b800000| PB 0x000000075b800000| Untracked 
| 721|0x000000075ba00000, 0x000000075ba00000, 0x000000075bc00000|  0%| F|  |TAMS 0x000000075ba00000| PB 0x000000075ba00000| Untracked 
| 722|0x000000075bc00000, 0x000000075bc00000, 0x000000075be00000|  0%| F|  |TAMS 0x000000075bc00000| PB 0x000000075bc00000| Untracked 
| 723|0x000000075be00000, 0x000000075be00000, 0x000000075c000000|  0%| F|  |TAMS 0x000000075be00000| PB 0x000000075be00000| Untracked 
| 724|0x000000075c000000, 0x000000075c000000, 0x000000075c200000|  0%| F|  |TAMS 0x000000075c000000| PB 0x000000075c000000| Untracked 
| 725|0x000000075c200000, 0x000000075c200000, 0x000000075c400000|  0%| F|  |TAMS 0x000000075c200000| PB 0x000000075c200000| Untracked 
| 726|0x000000075c400000, 0x000000075c400000, 0x000000075c600000|  0%| F|  |TAMS 0x000000075c400000| PB 0x000000075c400000| Untracked 
| 727|0x000000075c600000, 0x000000075c600000, 0x000000075c800000|  0%| F|  |TAMS 0x000000075c600000| PB 0x000000075c600000| Untracked 
| 728|0x000000075c800000, 0x000000075c800000, 0x000000075ca00000|  0%| F|  |TAMS 0x000000075c800000| PB 0x000000075c800000| Untracked 
| 729|0x000000075ca00000, 0x000000075ca00000, 0x000000075cc00000|  0%| F|  |TAMS 0x000000075ca00000| PB 0x000000075ca00000| Untracked 
| 730|0x000000075cc00000, 0x000000075cc00000, 0x000000075ce00000|  0%| F|  |TAMS 0x000000075cc00000| PB 0x000000075cc00000| Untracked 
| 731|0x000000075ce00000, 0x000000075ce00000, 0x000000075d000000|  0%| F|  |TAMS 0x000000075ce00000| PB 0x000000075ce00000| Untracked 
| 732|0x000000075d000000, 0x000000075d000000, 0x000000075d200000|  0%| F|  |TAMS 0x000000075d000000| PB 0x000000075d000000| Untracked 
| 733|0x000000075d200000, 0x000000075d200000, 0x000000075d400000|  0%| F|  |TAMS 0x000000075d200000| PB 0x000000075d200000| Untracked 
| 734|0x000000075d400000, 0x000000075d400000, 0x000000075d600000|  0%| F|  |TAMS 0x000000075d400000| PB 0x000000075d400000| Untracked 
| 735|0x000000075d600000, 0x000000075d600000, 0x000000075d800000|  0%| F|  |TAMS 0x000000075d600000| PB 0x000000075d600000| Untracked 
| 736|0x000000075d800000, 0x000000075d800000, 0x000000075da00000|  0%| F|  |TAMS 0x000000075d800000| PB 0x000000075d800000| Untracked 
| 737|0x000000075da00000, 0x000000075da00000, 0x000000075dc00000|  0%| F|  |TAMS 0x000000075da00000| PB 0x000000075da00000| Untracked 
| 738|0x000000075dc00000, 0x000000075dc00000, 0x000000075de00000|  0%| F|  |TAMS 0x000000075dc00000| PB 0x000000075dc00000| Untracked 
| 739|0x000000075de00000, 0x000000075de00000, 0x000000075e000000|  0%| F|  |TAMS 0x000000075de00000| PB 0x000000075de00000| Untracked 
| 740|0x000000075e000000, 0x000000075e000000, 0x000000075e200000|  0%| F|  |TAMS 0x000000075e000000| PB 0x000000075e000000| Untracked 
| 741|0x000000075e200000, 0x000000075e200000, 0x000000075e400000|  0%| F|  |TAMS 0x000000075e200000| PB 0x000000075e200000| Untracked 
| 742|0x000000075e400000, 0x000000075e400000, 0x000000075e600000|  0%| F|  |TAMS 0x000000075e400000| PB 0x000000075e400000| Untracked 
| 743|0x000000075e600000, 0x000000075e600000, 0x000000075e800000|  0%| F|  |TAMS 0x000000075e600000| PB 0x000000075e600000| Untracked 
| 744|0x000000075e800000, 0x000000075e800000, 0x000000075ea00000|  0%| F|  |TAMS 0x000000075e800000| PB 0x000000075e800000| Untracked 
| 745|0x000000075ea00000, 0x000000075ea00000, 0x000000075ec00000|  0%| F|  |TAMS 0x000000075ea00000| PB 0x000000075ea00000| Untracked 
| 746|0x000000075ec00000, 0x000000075ec00000, 0x000000075ee00000|  0%| F|  |TAMS 0x000000075ec00000| PB 0x000000075ec00000| Untracked 
| 747|0x000000075ee00000, 0x000000075ee00000, 0x000000075f000000|  0%| F|  |TAMS 0x000000075ee00000| PB 0x000000075ee00000| Untracked 
| 748|0x000000075f000000, 0x000000075f000000, 0x000000075f200000|  0%| F|  |TAMS 0x000000075f000000| PB 0x000000075f000000| Untracked 
| 749|0x000000075f200000, 0x000000075f200000, 0x000000075f400000|  0%| F|  |TAMS 0x000000075f200000| PB 0x000000075f200000| Untracked 
| 750|0x000000075f400000, 0x000000075f400000, 0x000000075f600000|  0%| F|  |TAMS 0x000000075f400000| PB 0x000000075f400000| Untracked 
| 751|0x000000075f600000, 0x000000075f600000, 0x000000075f800000|  0%| F|  |TAMS 0x000000075f600000| PB 0x000000075f600000| Untracked 
| 752|0x000000075f800000, 0x000000075f800000, 0x000000075fa00000|  0%| F|  |TAMS 0x000000075f800000| PB 0x000000075f800000| Untracked 
| 753|0x000000075fa00000, 0x000000075fa00000, 0x000000075fc00000|  0%| F|  |TAMS 0x000000075fa00000| PB 0x000000075fa00000| Untracked 
| 754|0x000000075fc00000, 0x000000075fc00000, 0x000000075fe00000|  0%| F|  |TAMS 0x000000075fc00000| PB 0x000000075fc00000| Untracked 
| 755|0x000000075fe00000, 0x000000075fe00000, 0x0000000760000000|  0%| F|  |TAMS 0x000000075fe00000| PB 0x000000075fe00000| Untracked 
| 756|0x0000000760000000, 0x0000000760000000, 0x0000000760200000|  0%| F|  |TAMS 0x0000000760000000| PB 0x0000000760000000| Untracked 
| 757|0x0000000760200000, 0x0000000760200000, 0x0000000760400000|  0%| F|  |TAMS 0x0000000760200000| PB 0x0000000760200000| Untracked 
| 758|0x0000000760400000, 0x0000000760400000, 0x0000000760600000|  0%| F|  |TAMS 0x0000000760400000| PB 0x0000000760400000| Untracked 
| 759|0x0000000760600000, 0x0000000760600000, 0x0000000760800000|  0%| F|  |TAMS 0x0000000760600000| PB 0x0000000760600000| Untracked 
| 760|0x0000000760800000, 0x0000000760800000, 0x0000000760a00000|  0%| F|  |TAMS 0x0000000760800000| PB 0x0000000760800000| Untracked 
| 761|0x0000000760a00000, 0x0000000760a00000, 0x0000000760c00000|  0%| F|  |TAMS 0x0000000760a00000| PB 0x0000000760a00000| Untracked 
| 762|0x0000000760c00000, 0x0000000760c00000, 0x0000000760e00000|  0%| F|  |TAMS 0x0000000760c00000| PB 0x0000000760c00000| Untracked 
| 763|0x0000000760e00000, 0x0000000760e00000, 0x0000000761000000|  0%| F|  |TAMS 0x0000000760e00000| PB 0x0000000760e00000| Untracked 
| 764|0x0000000761000000, 0x0000000761000000, 0x0000000761200000|  0%| F|  |TAMS 0x0000000761000000| PB 0x0000000761000000| Untracked 
| 765|0x0000000761200000, 0x0000000761200000, 0x0000000761400000|  0%| F|  |TAMS 0x0000000761200000| PB 0x0000000761200000| Untracked 
| 766|0x0000000761400000, 0x0000000761400000, 0x0000000761600000|  0%| F|  |TAMS 0x0000000761400000| PB 0x0000000761400000| Untracked 
| 767|0x0000000761600000, 0x0000000761600000, 0x0000000761800000|  0%| F|  |TAMS 0x0000000761600000| PB 0x0000000761600000| Untracked 
| 768|0x0000000761800000, 0x0000000761800000, 0x0000000761a00000|  0%| F|  |TAMS 0x0000000761800000| PB 0x0000000761800000| Untracked 
| 769|0x0000000761a00000, 0x0000000761a00000, 0x0000000761c00000|  0%| F|  |TAMS 0x0000000761a00000| PB 0x0000000761a00000| Untracked 
| 770|0x0000000761c00000, 0x0000000761c00000, 0x0000000761e00000|  0%| F|  |TAMS 0x0000000761c00000| PB 0x0000000761c00000| Untracked 
| 771|0x0000000761e00000, 0x0000000761e00000, 0x0000000762000000|  0%| F|  |TAMS 0x0000000761e00000| PB 0x0000000761e00000| Untracked 
| 772|0x0000000762000000, 0x0000000762000000, 0x0000000762200000|  0%| F|  |TAMS 0x0000000762000000| PB 0x0000000762000000| Untracked 
| 773|0x0000000762200000, 0x0000000762200000, 0x0000000762400000|  0%| F|  |TAMS 0x0000000762200000| PB 0x0000000762200000| Untracked 
| 774|0x0000000762400000, 0x0000000762400000, 0x0000000762600000|  0%| F|  |TAMS 0x0000000762400000| PB 0x0000000762400000| Untracked 
| 775|0x0000000762600000, 0x0000000762600000, 0x0000000762800000|  0%| F|  |TAMS 0x0000000762600000| PB 0x0000000762600000| Untracked 
| 776|0x0000000762800000, 0x0000000762800000, 0x0000000762a00000|  0%| F|  |TAMS 0x0000000762800000| PB 0x0000000762800000| Untracked 
| 777|0x0000000762a00000, 0x0000000762a00000, 0x0000000762c00000|  0%| F|  |TAMS 0x0000000762a00000| PB 0x0000000762a00000| Untracked 
| 778|0x0000000762c00000, 0x0000000762c00000, 0x0000000762e00000|  0%| F|  |TAMS 0x0000000762c00000| PB 0x0000000762c00000| Untracked 
| 779|0x0000000762e00000, 0x0000000762e00000, 0x0000000763000000|  0%| F|  |TAMS 0x0000000762e00000| PB 0x0000000762e00000| Untracked 
| 780|0x0000000763000000, 0x0000000763000000, 0x0000000763200000|  0%| F|  |TAMS 0x0000000763000000| PB 0x0000000763000000| Untracked 
| 781|0x0000000763200000, 0x0000000763200000, 0x0000000763400000|  0%| F|  |TAMS 0x0000000763200000| PB 0x0000000763200000| Untracked 
| 782|0x0000000763400000, 0x0000000763400000, 0x0000000763600000|  0%| F|  |TAMS 0x0000000763400000| PB 0x0000000763400000| Untracked 
| 783|0x0000000763600000, 0x0000000763600000, 0x0000000763800000|  0%| F|  |TAMS 0x0000000763600000| PB 0x0000000763600000| Untracked 
| 784|0x0000000763800000, 0x0000000763800000, 0x0000000763a00000|  0%| F|  |TAMS 0x0000000763800000| PB 0x0000000763800000| Untracked 
| 785|0x0000000763a00000, 0x0000000763a00000, 0x0000000763c00000|  0%| F|  |TAMS 0x0000000763a00000| PB 0x0000000763a00000| Untracked 
| 786|0x0000000763c00000, 0x0000000763c00000, 0x0000000763e00000|  0%| F|  |TAMS 0x0000000763c00000| PB 0x0000000763c00000| Untracked 
| 787|0x0000000763e00000, 0x0000000763e00000, 0x0000000764000000|  0%| F|  |TAMS 0x0000000763e00000| PB 0x0000000763e00000| Untracked 
| 788|0x0000000764000000, 0x0000000764000000, 0x0000000764200000|  0%| F|  |TAMS 0x0000000764000000| PB 0x0000000764000000| Untracked 
| 789|0x0000000764200000, 0x0000000764200000, 0x0000000764400000|  0%| F|  |TAMS 0x0000000764200000| PB 0x0000000764200000| Untracked 
| 790|0x0000000764400000, 0x0000000764400000, 0x0000000764600000|  0%| F|  |TAMS 0x0000000764400000| PB 0x0000000764400000| Untracked 
| 791|0x0000000764600000, 0x0000000764600000, 0x0000000764800000|  0%| F|  |TAMS 0x0000000764600000| PB 0x0000000764600000| Untracked 
| 792|0x0000000764800000, 0x0000000764800000, 0x0000000764a00000|  0%| F|  |TAMS 0x0000000764800000| PB 0x0000000764800000| Untracked 
| 793|0x0000000764a00000, 0x0000000764a00000, 0x0000000764c00000|  0%| F|  |TAMS 0x0000000764a00000| PB 0x0000000764a00000| Untracked 
| 794|0x0000000764c00000, 0x0000000764c00000, 0x0000000764e00000|  0%| F|  |TAMS 0x0000000764c00000| PB 0x0000000764c00000| Untracked 
| 795|0x0000000764e00000, 0x0000000764e00000, 0x0000000765000000|  0%| F|  |TAMS 0x0000000764e00000| PB 0x0000000764e00000| Untracked 
| 796|0x0000000765000000, 0x0000000765000000, 0x0000000765200000|  0%| F|  |TAMS 0x0000000765000000| PB 0x0000000765000000| Untracked 
| 797|0x0000000765200000, 0x0000000765200000, 0x0000000765400000|  0%| F|  |TAMS 0x0000000765200000| PB 0x0000000765200000| Untracked 
| 798|0x0000000765400000, 0x0000000765400000, 0x0000000765600000|  0%| F|  |TAMS 0x0000000765400000| PB 0x0000000765400000| Untracked 
| 799|0x0000000765600000, 0x0000000765600000, 0x0000000765800000|  0%| F|  |TAMS 0x0000000765600000| PB 0x0000000765600000| Untracked 
| 800|0x0000000765800000, 0x0000000765800000, 0x0000000765a00000|  0%| F|  |TAMS 0x0000000765800000| PB 0x0000000765800000| Untracked 
| 801|0x0000000765a00000, 0x0000000765a00000, 0x0000000765c00000|  0%| F|  |TAMS 0x0000000765a00000| PB 0x0000000765a00000| Untracked 
| 802|0x0000000765c00000, 0x0000000765c00000, 0x0000000765e00000|  0%| F|  |TAMS 0x0000000765c00000| PB 0x0000000765c00000| Untracked 
| 803|0x0000000765e00000, 0x0000000765e00000, 0x0000000766000000|  0%| F|  |TAMS 0x0000000765e00000| PB 0x0000000765e00000| Untracked 
| 804|0x0000000766000000, 0x0000000766000000, 0x0000000766200000|  0%| F|  |TAMS 0x0000000766000000| PB 0x0000000766000000| Untracked 
| 805|0x0000000766200000, 0x0000000766200000, 0x0000000766400000|  0%| F|  |TAMS 0x0000000766200000| PB 0x0000000766200000| Untracked 
| 806|0x0000000766400000, 0x0000000766400000, 0x0000000766600000|  0%| F|  |TAMS 0x0000000766400000| PB 0x0000000766400000| Untracked 
| 807|0x0000000766600000, 0x0000000766600000, 0x0000000766800000|  0%| F|  |TAMS 0x0000000766600000| PB 0x0000000766600000| Untracked 
| 808|0x0000000766800000, 0x0000000766800000, 0x0000000766a00000|  0%| F|  |TAMS 0x0000000766800000| PB 0x0000000766800000| Untracked 
| 809|0x0000000766a00000, 0x0000000766a00000, 0x0000000766c00000|  0%| F|  |TAMS 0x0000000766a00000| PB 0x0000000766a00000| Untracked 
| 810|0x0000000766c00000, 0x0000000766c00000, 0x0000000766e00000|  0%| F|  |TAMS 0x0000000766c00000| PB 0x0000000766c00000| Untracked 
| 811|0x0000000766e00000, 0x0000000766e00000, 0x0000000767000000|  0%| F|  |TAMS 0x0000000766e00000| PB 0x0000000766e00000| Untracked 
| 812|0x0000000767000000, 0x0000000767000000, 0x0000000767200000|  0%| F|  |TAMS 0x0000000767000000| PB 0x0000000767000000| Untracked 
| 813|0x0000000767200000, 0x0000000767200000, 0x0000000767400000|  0%| F|  |TAMS 0x0000000767200000| PB 0x0000000767200000| Untracked 
| 814|0x0000000767400000, 0x0000000767400000, 0x0000000767600000|  0%| F|  |TAMS 0x0000000767400000| PB 0x0000000767400000| Untracked 
| 815|0x0000000767600000, 0x0000000767600000, 0x0000000767800000|  0%| F|  |TAMS 0x0000000767600000| PB 0x0000000767600000| Untracked 
| 816|0x0000000767800000, 0x0000000767800000, 0x0000000767a00000|  0%| F|  |TAMS 0x0000000767800000| PB 0x0000000767800000| Untracked 
| 817|0x0000000767a00000, 0x0000000767a00000, 0x0000000767c00000|  0%| F|  |TAMS 0x0000000767a00000| PB 0x0000000767a00000| Untracked 
| 818|0x0000000767c00000, 0x0000000767c00000, 0x0000000767e00000|  0%| F|  |TAMS 0x0000000767c00000| PB 0x0000000767c00000| Untracked 
| 819|0x0000000767e00000, 0x0000000767e00000, 0x0000000768000000|  0%| F|  |TAMS 0x0000000767e00000| PB 0x0000000767e00000| Untracked 
| 820|0x0000000768000000, 0x0000000768000000, 0x0000000768200000|  0%| F|  |TAMS 0x0000000768000000| PB 0x0000000768000000| Untracked 
| 821|0x0000000768200000, 0x0000000768200000, 0x0000000768400000|  0%| F|  |TAMS 0x0000000768200000| PB 0x0000000768200000| Untracked 
| 822|0x0000000768400000, 0x0000000768400000, 0x0000000768600000|  0%| F|  |TAMS 0x0000000768400000| PB 0x0000000768400000| Untracked 
| 823|0x0000000768600000, 0x0000000768600000, 0x0000000768800000|  0%| F|  |TAMS 0x0000000768600000| PB 0x0000000768600000| Untracked 
| 824|0x0000000768800000, 0x0000000768800000, 0x0000000768a00000|  0%| F|  |TAMS 0x0000000768800000| PB 0x0000000768800000| Untracked 
| 825|0x0000000768a00000, 0x0000000768a00000, 0x0000000768c00000|  0%| F|  |TAMS 0x0000000768a00000| PB 0x0000000768a00000| Untracked 
| 826|0x0000000768c00000, 0x0000000768c00000, 0x0000000768e00000|  0%| F|  |TAMS 0x0000000768c00000| PB 0x0000000768c00000| Untracked 
| 827|0x0000000768e00000, 0x0000000768e00000, 0x0000000769000000|  0%| F|  |TAMS 0x0000000768e00000| PB 0x0000000768e00000| Untracked 
| 828|0x0000000769000000, 0x0000000769000000, 0x0000000769200000|  0%| F|  |TAMS 0x0000000769000000| PB 0x0000000769000000| Untracked 
| 829|0x0000000769200000, 0x0000000769200000, 0x0000000769400000|  0%| F|  |TAMS 0x0000000769200000| PB 0x0000000769200000| Untracked 
| 830|0x0000000769400000, 0x0000000769400000, 0x0000000769600000|  0%| F|  |TAMS 0x0000000769400000| PB 0x0000000769400000| Untracked 
| 831|0x0000000769600000, 0x0000000769600000, 0x0000000769800000|  0%| F|  |TAMS 0x0000000769600000| PB 0x0000000769600000| Untracked 
| 832|0x0000000769800000, 0x0000000769800000, 0x0000000769a00000|  0%| F|  |TAMS 0x0000000769800000| PB 0x0000000769800000| Untracked 
| 833|0x0000000769a00000, 0x0000000769a00000, 0x0000000769c00000|  0%| F|  |TAMS 0x0000000769a00000| PB 0x0000000769a00000| Untracked 
| 834|0x0000000769c00000, 0x0000000769c00000, 0x0000000769e00000|  0%| F|  |TAMS 0x0000000769c00000| PB 0x0000000769c00000| Untracked 
| 835|0x0000000769e00000, 0x0000000769e00000, 0x000000076a000000|  0%| F|  |TAMS 0x0000000769e00000| PB 0x0000000769e00000| Untracked 
| 836|0x000000076a000000, 0x000000076a000000, 0x000000076a200000|  0%| F|  |TAMS 0x000000076a000000| PB 0x000000076a000000| Untracked 
| 837|0x000000076a200000, 0x000000076a200000, 0x000000076a400000|  0%| F|  |TAMS 0x000000076a200000| PB 0x000000076a200000| Untracked 
| 838|0x000000076a400000, 0x000000076a400000, 0x000000076a600000|  0%| F|  |TAMS 0x000000076a400000| PB 0x000000076a400000| Untracked 
| 839|0x000000076a600000, 0x000000076a600000, 0x000000076a800000|  0%| F|  |TAMS 0x000000076a600000| PB 0x000000076a600000| Untracked 
| 840|0x000000076a800000, 0x000000076a800000, 0x000000076aa00000|  0%| F|  |TAMS 0x000000076a800000| PB 0x000000076a800000| Untracked 
| 841|0x000000076aa00000, 0x000000076aa00000, 0x000000076ac00000|  0%| F|  |TAMS 0x000000076aa00000| PB 0x000000076aa00000| Untracked 
| 842|0x000000076ac00000, 0x000000076ac00000, 0x000000076ae00000|  0%| F|  |TAMS 0x000000076ac00000| PB 0x000000076ac00000| Untracked 
| 843|0x000000076ae00000, 0x000000076ae00000, 0x000000076b000000|  0%| F|  |TAMS 0x000000076ae00000| PB 0x000000076ae00000| Untracked 
| 844|0x000000076b000000, 0x000000076b000000, 0x000000076b200000|  0%| F|  |TAMS 0x000000076b000000| PB 0x000000076b000000| Untracked 
| 845|0x000000076b200000, 0x000000076b200000, 0x000000076b400000|  0%| F|  |TAMS 0x000000076b200000| PB 0x000000076b200000| Untracked 
| 846|0x000000076b400000, 0x000000076b400000, 0x000000076b600000|  0%| F|  |TAMS 0x000000076b400000| PB 0x000000076b400000| Untracked 
| 847|0x000000076b600000, 0x000000076b600000, 0x000000076b800000|  0%| F|  |TAMS 0x000000076b600000| PB 0x000000076b600000| Untracked 
| 848|0x000000076b800000, 0x000000076b800000, 0x000000076ba00000|  0%| F|  |TAMS 0x000000076b800000| PB 0x000000076b800000| Untracked 
| 849|0x000000076ba00000, 0x000000076ba00000, 0x000000076bc00000|  0%| F|  |TAMS 0x000000076ba00000| PB 0x000000076ba00000| Untracked 
| 850|0x000000076bc00000, 0x000000076bc00000, 0x000000076be00000|  0%| F|  |TAMS 0x000000076bc00000| PB 0x000000076bc00000| Untracked 
| 851|0x000000076be00000, 0x000000076be00000, 0x000000076c000000|  0%| F|  |TAMS 0x000000076be00000| PB 0x000000076be00000| Untracked 
| 852|0x000000076c000000, 0x000000076c000000, 0x000000076c200000|  0%| F|  |TAMS 0x000000076c000000| PB 0x000000076c000000| Untracked 
| 853|0x000000076c200000, 0x000000076c200000, 0x000000076c400000|  0%| F|  |TAMS 0x000000076c200000| PB 0x000000076c200000| Untracked 
| 854|0x000000076c400000, 0x000000076c400000, 0x000000076c600000|  0%| F|  |TAMS 0x000000076c400000| PB 0x000000076c400000| Untracked 
| 855|0x000000076c600000, 0x000000076c600000, 0x000000076c800000|  0%| F|  |TAMS 0x000000076c600000| PB 0x000000076c600000| Untracked 
| 856|0x000000076c800000, 0x000000076c800000, 0x000000076ca00000|  0%| F|  |TAMS 0x000000076c800000| PB 0x000000076c800000| Untracked 
| 857|0x000000076ca00000, 0x000000076ca00000, 0x000000076cc00000|  0%| F|  |TAMS 0x000000076ca00000| PB 0x000000076ca00000| Untracked 
| 858|0x000000076cc00000, 0x000000076cc00000, 0x000000076ce00000|  0%| F|  |TAMS 0x000000076cc00000| PB 0x000000076cc00000| Untracked 
| 859|0x000000076ce00000, 0x000000076ce00000, 0x000000076d000000|  0%| F|  |TAMS 0x000000076ce00000| PB 0x000000076ce00000| Untracked 
| 860|0x000000076d000000, 0x000000076d000000, 0x000000076d200000|  0%| F|  |TAMS 0x000000076d000000| PB 0x000000076d000000| Untracked 
| 861|0x000000076d200000, 0x000000076d200000, 0x000000076d400000|  0%| F|  |TAMS 0x000000076d200000| PB 0x000000076d200000| Untracked 
| 862|0x000000076d400000, 0x000000076d400000, 0x000000076d600000|  0%| F|  |TAMS 0x000000076d400000| PB 0x000000076d400000| Untracked 
| 863|0x000000076d600000, 0x000000076d600000, 0x000000076d800000|  0%| F|  |TAMS 0x000000076d600000| PB 0x000000076d600000| Untracked 
| 864|0x000000076d800000, 0x000000076d800000, 0x000000076da00000|  0%| F|  |TAMS 0x000000076d800000| PB 0x000000076d800000| Untracked 
| 865|0x000000076da00000, 0x000000076da00000, 0x000000076dc00000|  0%| F|  |TAMS 0x000000076da00000| PB 0x000000076da00000| Untracked 
| 866|0x000000076dc00000, 0x000000076dc00000, 0x000000076de00000|  0%| F|  |TAMS 0x000000076dc00000| PB 0x000000076dc00000| Untracked 
| 867|0x000000076de00000, 0x000000076de00000, 0x000000076e000000|  0%| F|  |TAMS 0x000000076de00000| PB 0x000000076de00000| Untracked 
| 868|0x000000076e000000, 0x000000076e000000, 0x000000076e200000|  0%| F|  |TAMS 0x000000076e000000| PB 0x000000076e000000| Untracked 
| 869|0x000000076e200000, 0x000000076e200000, 0x000000076e400000|  0%| F|  |TAMS 0x000000076e200000| PB 0x000000076e200000| Untracked 
| 870|0x000000076e400000, 0x000000076e400000, 0x000000076e600000|  0%| F|  |TAMS 0x000000076e400000| PB 0x000000076e400000| Untracked 
| 871|0x000000076e600000, 0x000000076e600000, 0x000000076e800000|  0%| F|  |TAMS 0x000000076e600000| PB 0x000000076e600000| Untracked 
| 872|0x000000076e800000, 0x000000076e800000, 0x000000076ea00000|  0%| F|  |TAMS 0x000000076e800000| PB 0x000000076e800000| Untracked 
| 873|0x000000076ea00000, 0x000000076ea00000, 0x000000076ec00000|  0%| F|  |TAMS 0x000000076ea00000| PB 0x000000076ea00000| Untracked 
| 874|0x000000076ec00000, 0x000000076ec00000, 0x000000076ee00000|  0%| F|  |TAMS 0x000000076ec00000| PB 0x000000076ec00000| Untracked 
| 875|0x000000076ee00000, 0x000000076ee00000, 0x000000076f000000|  0%| F|  |TAMS 0x000000076ee00000| PB 0x000000076ee00000| Untracked 
| 876|0x000000076f000000, 0x000000076f000000, 0x000000076f200000|  0%| F|  |TAMS 0x000000076f000000| PB 0x000000076f000000| Untracked 
| 877|0x000000076f200000, 0x000000076f200000, 0x000000076f400000|  0%| F|  |TAMS 0x000000076f200000| PB 0x000000076f200000| Untracked 
| 878|0x000000076f400000, 0x000000076f400000, 0x000000076f600000|  0%| F|  |TAMS 0x000000076f400000| PB 0x000000076f400000| Untracked 
| 879|0x000000076f600000, 0x000000076f600000, 0x000000076f800000|  0%| F|  |TAMS 0x000000076f600000| PB 0x000000076f600000| Untracked 
| 880|0x000000076f800000, 0x000000076f800000, 0x000000076fa00000|  0%| F|  |TAMS 0x000000076f800000| PB 0x000000076f800000| Untracked 
| 881|0x000000076fa00000, 0x000000076fa00000, 0x000000076fc00000|  0%| F|  |TAMS 0x000000076fa00000| PB 0x000000076fa00000| Untracked 
| 882|0x000000076fc00000, 0x000000076fc00000, 0x000000076fe00000|  0%| F|  |TAMS 0x000000076fc00000| PB 0x000000076fc00000| Untracked 
| 883|0x000000076fe00000, 0x000000076fe00000, 0x0000000770000000|  0%| F|  |TAMS 0x000000076fe00000| PB 0x000000076fe00000| Untracked 
| 884|0x0000000770000000, 0x0000000770000000, 0x0000000770200000|  0%| F|  |TAMS 0x0000000770000000| PB 0x0000000770000000| Untracked 
| 885|0x0000000770200000, 0x0000000770200000, 0x0000000770400000|  0%| F|  |TAMS 0x0000000770200000| PB 0x0000000770200000| Untracked 
| 886|0x0000000770400000, 0x0000000770400000, 0x0000000770600000|  0%| F|  |TAMS 0x0000000770400000| PB 0x0000000770400000| Untracked 
| 887|0x0000000770600000, 0x0000000770600000, 0x0000000770800000|  0%| F|  |TAMS 0x0000000770600000| PB 0x0000000770600000| Untracked 
| 888|0x0000000770800000, 0x0000000770800000, 0x0000000770a00000|  0%| F|  |TAMS 0x0000000770800000| PB 0x0000000770800000| Untracked 
| 889|0x0000000770a00000, 0x0000000770a00000, 0x0000000770c00000|  0%| F|  |TAMS 0x0000000770a00000| PB 0x0000000770a00000| Untracked 
| 890|0x0000000770c00000, 0x0000000770c00000, 0x0000000770e00000|  0%| F|  |TAMS 0x0000000770c00000| PB 0x0000000770c00000| Untracked 
| 891|0x0000000770e00000, 0x0000000770e00000, 0x0000000771000000|  0%| F|  |TAMS 0x0000000770e00000| PB 0x0000000770e00000| Untracked 
| 892|0x0000000771000000, 0x0000000771000000, 0x0000000771200000|  0%| F|  |TAMS 0x0000000771000000| PB 0x0000000771000000| Untracked 
| 893|0x0000000771200000, 0x0000000771200000, 0x0000000771400000|  0%| F|  |TAMS 0x0000000771200000| PB 0x0000000771200000| Untracked 
| 894|0x0000000771400000, 0x0000000771400000, 0x0000000771600000|  0%| F|  |TAMS 0x0000000771400000| PB 0x0000000771400000| Untracked 
| 895|0x0000000771600000, 0x0000000771600000, 0x0000000771800000|  0%| F|  |TAMS 0x0000000771600000| PB 0x0000000771600000| Untracked 
| 896|0x0000000771800000, 0x0000000771800000, 0x0000000771a00000|  0%| F|  |TAMS 0x0000000771800000| PB 0x0000000771800000| Untracked 
| 897|0x0000000771a00000, 0x0000000771a00000, 0x0000000771c00000|  0%| F|  |TAMS 0x0000000771a00000| PB 0x0000000771a00000| Untracked 
| 898|0x0000000771c00000, 0x0000000771c00000, 0x0000000771e00000|  0%| F|  |TAMS 0x0000000771c00000| PB 0x0000000771c00000| Untracked 
| 899|0x0000000771e00000, 0x0000000771e00000, 0x0000000772000000|  0%| F|  |TAMS 0x0000000771e00000| PB 0x0000000771e00000| Untracked 
| 900|0x0000000772000000, 0x0000000772000000, 0x0000000772200000|  0%| F|  |TAMS 0x0000000772000000| PB 0x0000000772000000| Untracked 
| 901|0x0000000772200000, 0x0000000772200000, 0x0000000772400000|  0%| F|  |TAMS 0x0000000772200000| PB 0x0000000772200000| Untracked 
| 902|0x0000000772400000, 0x0000000772400000, 0x0000000772600000|  0%| F|  |TAMS 0x0000000772400000| PB 0x0000000772400000| Untracked 
| 903|0x0000000772600000, 0x0000000772600000, 0x0000000772800000|  0%| F|  |TAMS 0x0000000772600000| PB 0x0000000772600000| Untracked 
| 904|0x0000000772800000, 0x0000000772800000, 0x0000000772a00000|  0%| F|  |TAMS 0x0000000772800000| PB 0x0000000772800000| Untracked 
| 905|0x0000000772a00000, 0x0000000772a00000, 0x0000000772c00000|  0%| F|  |TAMS 0x0000000772a00000| PB 0x0000000772a00000| Untracked 
| 906|0x0000000772c00000, 0x0000000772c00000, 0x0000000772e00000|  0%| F|  |TAMS 0x0000000772c00000| PB 0x0000000772c00000| Untracked 
| 907|0x0000000772e00000, 0x0000000772e00000, 0x0000000773000000|  0%| F|  |TAMS 0x0000000772e00000| PB 0x0000000772e00000| Untracked 
| 908|0x0000000773000000, 0x0000000773000000, 0x0000000773200000|  0%| F|  |TAMS 0x0000000773000000| PB 0x0000000773000000| Untracked 
| 909|0x0000000773200000, 0x0000000773200000, 0x0000000773400000|  0%| F|  |TAMS 0x0000000773200000| PB 0x0000000773200000| Untracked 
| 910|0x0000000773400000, 0x0000000773400000, 0x0000000773600000|  0%| F|  |TAMS 0x0000000773400000| PB 0x0000000773400000| Untracked 
| 911|0x0000000773600000, 0x0000000773600000, 0x0000000773800000|  0%| F|  |TAMS 0x0000000773600000| PB 0x0000000773600000| Untracked 
| 912|0x0000000773800000, 0x0000000773800000, 0x0000000773a00000|  0%| F|  |TAMS 0x0000000773800000| PB 0x0000000773800000| Untracked 
| 913|0x0000000773a00000, 0x0000000773a00000, 0x0000000773c00000|  0%| F|  |TAMS 0x0000000773a00000| PB 0x0000000773a00000| Untracked 
| 914|0x0000000773c00000, 0x0000000773c00000, 0x0000000773e00000|  0%| F|  |TAMS 0x0000000773c00000| PB 0x0000000773c00000| Untracked 
| 915|0x0000000773e00000, 0x0000000773e00000, 0x0000000774000000|  0%| F|  |TAMS 0x0000000773e00000| PB 0x0000000773e00000| Untracked 
| 916|0x0000000774000000, 0x0000000774000000, 0x0000000774200000|  0%| F|  |TAMS 0x0000000774000000| PB 0x0000000774000000| Untracked 
| 917|0x0000000774200000, 0x0000000774200000, 0x0000000774400000|  0%| F|  |TAMS 0x0000000774200000| PB 0x0000000774200000| Untracked 
| 918|0x0000000774400000, 0x0000000774400000, 0x0000000774600000|  0%| F|  |TAMS 0x0000000774400000| PB 0x0000000774400000| Untracked 
| 919|0x0000000774600000, 0x0000000774600000, 0x0000000774800000|  0%| F|  |TAMS 0x0000000774600000| PB 0x0000000774600000| Untracked 
| 920|0x0000000774800000, 0x0000000774800000, 0x0000000774a00000|  0%| F|  |TAMS 0x0000000774800000| PB 0x0000000774800000| Untracked 
| 921|0x0000000774a00000, 0x0000000774a00000, 0x0000000774c00000|  0%| F|  |TAMS 0x0000000774a00000| PB 0x0000000774a00000| Untracked 
| 922|0x0000000774c00000, 0x0000000774c00000, 0x0000000774e00000|  0%| F|  |TAMS 0x0000000774c00000| PB 0x0000000774c00000| Untracked 
| 923|0x0000000774e00000, 0x0000000774e00000, 0x0000000775000000|  0%| F|  |TAMS 0x0000000774e00000| PB 0x0000000774e00000| Untracked 
| 924|0x0000000775000000, 0x0000000775000000, 0x0000000775200000|  0%| F|  |TAMS 0x0000000775000000| PB 0x0000000775000000| Untracked 
| 925|0x0000000775200000, 0x0000000775200000, 0x0000000775400000|  0%| F|  |TAMS 0x0000000775200000| PB 0x0000000775200000| Untracked 
| 926|0x0000000775400000, 0x0000000775400000, 0x0000000775600000|  0%| F|  |TAMS 0x0000000775400000| PB 0x0000000775400000| Untracked 
| 927|0x0000000775600000, 0x0000000775600000, 0x0000000775800000|  0%| F|  |TAMS 0x0000000775600000| PB 0x0000000775600000| Untracked 
| 928|0x0000000775800000, 0x0000000775800000, 0x0000000775a00000|  0%| F|  |TAMS 0x0000000775800000| PB 0x0000000775800000| Untracked 
| 929|0x0000000775a00000, 0x0000000775a00000, 0x0000000775c00000|  0%| F|  |TAMS 0x0000000775a00000| PB 0x0000000775a00000| Untracked 
| 930|0x0000000775c00000, 0x0000000775c00000, 0x0000000775e00000|  0%| F|  |TAMS 0x0000000775c00000| PB 0x0000000775c00000| Untracked 
| 931|0x0000000775e00000, 0x0000000775e00000, 0x0000000776000000|  0%| F|  |TAMS 0x0000000775e00000| PB 0x0000000775e00000| Untracked 
| 932|0x0000000776000000, 0x0000000776000000, 0x0000000776200000|  0%| F|  |TAMS 0x0000000776000000| PB 0x0000000776000000| Untracked 
| 933|0x0000000776200000, 0x0000000776200000, 0x0000000776400000|  0%| F|  |TAMS 0x0000000776200000| PB 0x0000000776200000| Untracked 
| 934|0x0000000776400000, 0x0000000776400000, 0x0000000776600000|  0%| F|  |TAMS 0x0000000776400000| PB 0x0000000776400000| Untracked 
| 935|0x0000000776600000, 0x0000000776600000, 0x0000000776800000|  0%| F|  |TAMS 0x0000000776600000| PB 0x0000000776600000| Untracked 
| 936|0x0000000776800000, 0x0000000776800000, 0x0000000776a00000|  0%| F|  |TAMS 0x0000000776800000| PB 0x0000000776800000| Untracked 
| 937|0x0000000776a00000, 0x0000000776a00000, 0x0000000776c00000|  0%| F|  |TAMS 0x0000000776a00000| PB 0x0000000776a00000| Untracked 
| 938|0x0000000776c00000, 0x0000000776c00000, 0x0000000776e00000|  0%| F|  |TAMS 0x0000000776c00000| PB 0x0000000776c00000| Untracked 
| 939|0x0000000776e00000, 0x0000000776e00000, 0x0000000777000000|  0%| F|  |TAMS 0x0000000776e00000| PB 0x0000000776e00000| Untracked 
| 940|0x0000000777000000, 0x0000000777000000, 0x0000000777200000|  0%| F|  |TAMS 0x0000000777000000| PB 0x0000000777000000| Untracked 
| 941|0x0000000777200000, 0x0000000777200000, 0x0000000777400000|  0%| F|  |TAMS 0x0000000777200000| PB 0x0000000777200000| Untracked 
| 942|0x0000000777400000, 0x0000000777400000, 0x0000000777600000|  0%| F|  |TAMS 0x0000000777400000| PB 0x0000000777400000| Untracked 
| 943|0x0000000777600000, 0x0000000777600000, 0x0000000777800000|  0%| F|  |TAMS 0x0000000777600000| PB 0x0000000777600000| Untracked 
| 944|0x0000000777800000, 0x0000000777800000, 0x0000000777a00000|  0%| F|  |TAMS 0x0000000777800000| PB 0x0000000777800000| Untracked 
| 945|0x0000000777a00000, 0x0000000777a00000, 0x0000000777c00000|  0%| F|  |TAMS 0x0000000777a00000| PB 0x0000000777a00000| Untracked 
| 946|0x0000000777c00000, 0x0000000777c00000, 0x0000000777e00000|  0%| F|  |TAMS 0x0000000777c00000| PB 0x0000000777c00000| Untracked 
| 947|0x0000000777e00000, 0x0000000777e00000, 0x0000000778000000|  0%| F|  |TAMS 0x0000000777e00000| PB 0x0000000777e00000| Untracked 
| 948|0x0000000778000000, 0x0000000778000000, 0x0000000778200000|  0%| F|  |TAMS 0x0000000778000000| PB 0x0000000778000000| Untracked 
| 949|0x0000000778200000, 0x0000000778200000, 0x0000000778400000|  0%| F|  |TAMS 0x0000000778200000| PB 0x0000000778200000| Untracked 
| 950|0x0000000778400000, 0x0000000778400000, 0x0000000778600000|  0%| F|  |TAMS 0x0000000778400000| PB 0x0000000778400000| Untracked 
| 951|0x0000000778600000, 0x0000000778600000, 0x0000000778800000|  0%| F|  |TAMS 0x0000000778600000| PB 0x0000000778600000| Untracked 
| 952|0x0000000778800000, 0x0000000778800000, 0x0000000778a00000|  0%| F|  |TAMS 0x0000000778800000| PB 0x0000000778800000| Untracked 
| 953|0x0000000778a00000, 0x0000000778a00000, 0x0000000778c00000|  0%| F|  |TAMS 0x0000000778a00000| PB 0x0000000778a00000| Untracked 
| 954|0x0000000778c00000, 0x0000000778c00000, 0x0000000778e00000|  0%| F|  |TAMS 0x0000000778c00000| PB 0x0000000778c00000| Untracked 
| 955|0x0000000778e00000, 0x0000000778e00000, 0x0000000779000000|  0%| F|  |TAMS 0x0000000778e00000| PB 0x0000000778e00000| Untracked 
| 956|0x0000000779000000, 0x0000000779000000, 0x0000000779200000|  0%| F|  |TAMS 0x0000000779000000| PB 0x0000000779000000| Untracked 
| 957|0x0000000779200000, 0x0000000779200000, 0x0000000779400000|  0%| F|  |TAMS 0x0000000779200000| PB 0x0000000779200000| Untracked 
| 958|0x0000000779400000, 0x0000000779400000, 0x0000000779600000|  0%| F|  |TAMS 0x0000000779400000| PB 0x0000000779400000| Untracked 
| 959|0x0000000779600000, 0x0000000779600000, 0x0000000779800000|  0%| F|  |TAMS 0x0000000779600000| PB 0x0000000779600000| Untracked 
| 960|0x0000000779800000, 0x0000000779800000, 0x0000000779a00000|  0%| F|  |TAMS 0x0000000779800000| PB 0x0000000779800000| Untracked 
| 961|0x0000000779a00000, 0x0000000779a00000, 0x0000000779c00000|  0%| F|  |TAMS 0x0000000779a00000| PB 0x0000000779a00000| Untracked 
| 962|0x0000000779c00000, 0x0000000779c00000, 0x0000000779e00000|  0%| F|  |TAMS 0x0000000779c00000| PB 0x0000000779c00000| Untracked 
| 963|0x0000000779e00000, 0x0000000779e00000, 0x000000077a000000|  0%| F|  |TAMS 0x0000000779e00000| PB 0x0000000779e00000| Untracked 
| 964|0x000000077a000000, 0x000000077a000000, 0x000000077a200000|  0%| F|  |TAMS 0x000000077a000000| PB 0x000000077a000000| Untracked 
| 965|0x000000077a200000, 0x000000077a200000, 0x000000077a400000|  0%| F|  |TAMS 0x000000077a200000| PB 0x000000077a200000| Untracked 
| 966|0x000000077a400000, 0x000000077a400000, 0x000000077a600000|  0%| F|  |TAMS 0x000000077a400000| PB 0x000000077a400000| Untracked 
| 967|0x000000077a600000, 0x000000077a600000, 0x000000077a800000|  0%| F|  |TAMS 0x000000077a600000| PB 0x000000077a600000| Untracked 
| 968|0x000000077a800000, 0x000000077a800000, 0x000000077aa00000|  0%| F|  |TAMS 0x000000077a800000| PB 0x000000077a800000| Untracked 
| 969|0x000000077aa00000, 0x000000077aa00000, 0x000000077ac00000|  0%| F|  |TAMS 0x000000077aa00000| PB 0x000000077aa00000| Untracked 
| 970|0x000000077ac00000, 0x000000077ac00000, 0x000000077ae00000|  0%| F|  |TAMS 0x000000077ac00000| PB 0x000000077ac00000| Untracked 
| 971|0x000000077ae00000, 0x000000077ae00000, 0x000000077b000000|  0%| F|  |TAMS 0x000000077ae00000| PB 0x000000077ae00000| Untracked 
| 972|0x000000077b000000, 0x000000077b000000, 0x000000077b200000|  0%| F|  |TAMS 0x000000077b000000| PB 0x000000077b000000| Untracked 
| 973|0x000000077b200000, 0x000000077b200000, 0x000000077b400000|  0%| F|  |TAMS 0x000000077b200000| PB 0x000000077b200000| Untracked 
| 974|0x000000077b400000, 0x000000077b400000, 0x000000077b600000|  0%| F|  |TAMS 0x000000077b400000| PB 0x000000077b400000| Untracked 
| 975|0x000000077b600000, 0x000000077b600000, 0x000000077b800000|  0%| F|  |TAMS 0x000000077b600000| PB 0x000000077b600000| Untracked 
| 976|0x000000077b800000, 0x000000077b800000, 0x000000077ba00000|  0%| F|  |TAMS 0x000000077b800000| PB 0x000000077b800000| Untracked 
| 977|0x000000077ba00000, 0x000000077ba00000, 0x000000077bc00000|  0%| F|  |TAMS 0x000000077ba00000| PB 0x000000077ba00000| Untracked 
| 978|0x000000077bc00000, 0x000000077bc00000, 0x000000077be00000|  0%| F|  |TAMS 0x000000077bc00000| PB 0x000000077bc00000| Untracked 
| 979|0x000000077be00000, 0x000000077be00000, 0x000000077c000000|  0%| F|  |TAMS 0x000000077be00000| PB 0x000000077be00000| Untracked 
| 980|0x000000077c000000, 0x000000077c000000, 0x000000077c200000|  0%| F|  |TAMS 0x000000077c000000| PB 0x000000077c000000| Untracked 
| 981|0x000000077c200000, 0x000000077c200000, 0x000000077c400000|  0%| F|  |TAMS 0x000000077c200000| PB 0x000000077c200000| Untracked 
| 982|0x000000077c400000, 0x000000077c400000, 0x000000077c600000|  0%| F|  |TAMS 0x000000077c400000| PB 0x000000077c400000| Untracked 
| 983|0x000000077c600000, 0x000000077c600000, 0x000000077c800000|  0%| F|  |TAMS 0x000000077c600000| PB 0x000000077c600000| Untracked 
| 984|0x000000077c800000, 0x000000077c800000, 0x000000077ca00000|  0%| F|  |TAMS 0x000000077c800000| PB 0x000000077c800000| Untracked 
| 985|0x000000077ca00000, 0x000000077ca00000, 0x000000077cc00000|  0%| F|  |TAMS 0x000000077ca00000| PB 0x000000077ca00000| Untracked 
| 986|0x000000077cc00000, 0x000000077cc00000, 0x000000077ce00000|  0%| F|  |TAMS 0x000000077cc00000| PB 0x000000077cc00000| Untracked 
| 987|0x000000077ce00000, 0x000000077ce00000, 0x000000077d000000|  0%| F|  |TAMS 0x000000077ce00000| PB 0x000000077ce00000| Untracked 
| 988|0x000000077d000000, 0x000000077d000000, 0x000000077d200000|  0%| F|  |TAMS 0x000000077d000000| PB 0x000000077d000000| Untracked 
| 989|0x000000077d200000, 0x000000077d200000, 0x000000077d400000|  0%| F|  |TAMS 0x000000077d200000| PB 0x000000077d200000| Untracked 
| 990|0x000000077d400000, 0x000000077d400000, 0x000000077d600000|  0%| F|  |TAMS 0x000000077d400000| PB 0x000000077d400000| Untracked 
| 991|0x000000077d600000, 0x000000077d600000, 0x000000077d800000|  0%| F|  |TAMS 0x000000077d600000| PB 0x000000077d600000| Untracked 
| 992|0x000000077d800000, 0x000000077d800000, 0x000000077da00000|  0%| F|  |TAMS 0x000000077d800000| PB 0x000000077d800000| Untracked 
| 993|0x000000077da00000, 0x000000077da00000, 0x000000077dc00000|  0%| F|  |TAMS 0x000000077da00000| PB 0x000000077da00000| Untracked 
| 994|0x000000077dc00000, 0x000000077dc00000, 0x000000077de00000|  0%| F|  |TAMS 0x000000077dc00000| PB 0x000000077dc00000| Untracked 
| 995|0x000000077de00000, 0x000000077de00000, 0x000000077e000000|  0%| F|  |TAMS 0x000000077de00000| PB 0x000000077de00000| Untracked 
| 996|0x000000077e000000, 0x000000077e000000, 0x000000077e200000|  0%| F|  |TAMS 0x000000077e000000| PB 0x000000077e000000| Untracked 
| 997|0x000000077e200000, 0x000000077e200000, 0x000000077e400000|  0%| F|  |TAMS 0x000000077e200000| PB 0x000000077e200000| Untracked 
| 998|0x000000077e400000, 0x000000077e400000, 0x000000077e600000|  0%| F|  |TAMS 0x000000077e400000| PB 0x000000077e400000| Untracked 
| 999|0x000000077e600000, 0x000000077e600000, 0x000000077e800000|  0%| F|  |TAMS 0x000000077e600000| PB 0x000000077e600000| Untracked 
|1000|0x000000077e800000, 0x000000077e800000, 0x000000077ea00000|  0%| F|  |TAMS 0x000000077e800000| PB 0x000000077e800000| Untracked 
|1001|0x000000077ea00000, 0x000000077ea00000, 0x000000077ec00000|  0%| F|  |TAMS 0x000000077ea00000| PB 0x000000077ea00000| Untracked 
|1002|0x000000077ec00000, 0x000000077ec00000, 0x000000077ee00000|  0%| F|  |TAMS 0x000000077ec00000| PB 0x000000077ec00000| Untracked 
|1003|0x000000077ee00000, 0x000000077ee00000, 0x000000077f000000|  0%| F|  |TAMS 0x000000077ee00000| PB 0x000000077ee00000| Untracked 
|1004|0x000000077f000000, 0x000000077f000000, 0x000000077f200000|  0%| F|  |TAMS 0x000000077f000000| PB 0x000000077f000000| Untracked 
|1005|0x000000077f200000, 0x000000077f200000, 0x000000077f400000|  0%| F|  |TAMS 0x000000077f200000| PB 0x000000077f200000| Untracked 
|1006|0x000000077f400000, 0x000000077f400000, 0x000000077f600000|  0%| F|  |TAMS 0x000000077f400000| PB 0x000000077f400000| Untracked 
|1007|0x000000077f600000, 0x000000077f600000, 0x000000077f800000|  0%| F|  |TAMS 0x000000077f600000| PB 0x000000077f600000| Untracked 
|1008|0x000000077f800000, 0x000000077f800000, 0x000000077fa00000|  0%| F|  |TAMS 0x000000077f800000| PB 0x000000077f800000| Untracked 
|1009|0x000000077fa00000, 0x000000077fa00000, 0x000000077fc00000|  0%| F|  |TAMS 0x000000077fa00000| PB 0x000000077fa00000| Untracked 
|1010|0x000000077fc00000, 0x000000077fdc5980, 0x000000077fe00000| 88%| S|CS|TAMS 0x000000077fc00000| PB 0x000000077fc00000| Complete 
|1011|0x000000077fe00000, 0x000000077fe00000, 0x0000000780000000|  0%| F|  |TAMS 0x000000077fe00000| PB 0x000000077fe00000| Untracked 
|1012|0x0000000780000000, 0x0000000780000000, 0x0000000780200000|  0%| F|  |TAMS 0x0000000780000000| PB 0x0000000780000000| Untracked 
|1013|0x0000000780200000, 0x0000000780200000, 0x0000000780400000|  0%| F|  |TAMS 0x0000000780200000| PB 0x0000000780200000| Untracked 
|1014|0x0000000780400000, 0x0000000780400000, 0x0000000780600000|  0%| F|  |TAMS 0x0000000780400000| PB 0x0000000780400000| Untracked 
|1015|0x0000000780600000, 0x0000000780600000, 0x0000000780800000|  0%| F|  |TAMS 0x0000000780600000| PB 0x0000000780600000| Untracked 
|1016|0x0000000780800000, 0x0000000780800000, 0x0000000780a00000|  0%| F|  |TAMS 0x0000000780800000| PB 0x0000000780800000| Untracked 
|1017|0x0000000780a00000, 0x0000000780a00000, 0x0000000780c00000|  0%| F|  |TAMS 0x0000000780a00000| PB 0x0000000780a00000| Untracked 
|1018|0x0000000780c00000, 0x0000000780c00000, 0x0000000780e00000|  0%| F|  |TAMS 0x0000000780c00000| PB 0x0000000780c00000| Untracked 
|1019|0x0000000780e00000, 0x0000000780e00000, 0x0000000781000000|  0%| F|  |TAMS 0x0000000780e00000| PB 0x0000000780e00000| Untracked 
|1020|0x0000000781000000, 0x0000000781000000, 0x0000000781200000|  0%| F|  |TAMS 0x0000000781000000| PB 0x0000000781000000| Untracked 
|1021|0x0000000781200000, 0x0000000781200000, 0x0000000781400000|  0%| F|  |TAMS 0x0000000781200000| PB 0x0000000781200000| Untracked 
|1022|0x0000000781400000, 0x0000000781400000, 0x0000000781600000|  0%| F|  |TAMS 0x0000000781400000| PB 0x0000000781400000| Untracked 
|1023|0x0000000781600000, 0x0000000781600000, 0x0000000781800000|  0%| F|  |TAMS 0x0000000781600000| PB 0x0000000781600000| Untracked 
|1024|0x0000000781800000, 0x0000000781800000, 0x0000000781a00000|  0%| F|  |TAMS 0x0000000781800000| PB 0x0000000781800000| Untracked 
|1025|0x0000000781a00000, 0x0000000781a00000, 0x0000000781c00000|  0%| F|  |TAMS 0x0000000781a00000| PB 0x0000000781a00000| Untracked 
|1026|0x0000000781c00000, 0x0000000781c00000, 0x0000000781e00000|  0%| F|  |TAMS 0x0000000781c00000| PB 0x0000000781c00000| Untracked 
|1027|0x0000000781e00000, 0x0000000781e00000, 0x0000000782000000|  0%| F|  |TAMS 0x0000000781e00000| PB 0x0000000781e00000| Untracked 
|1028|0x0000000782000000, 0x0000000782000000, 0x0000000782200000|  0%| F|  |TAMS 0x0000000782000000| PB 0x0000000782000000| Untracked 
|1029|0x0000000782200000, 0x0000000782200000, 0x0000000782400000|  0%| F|  |TAMS 0x0000000782200000| PB 0x0000000782200000| Untracked 
|1030|0x0000000782400000, 0x0000000782400000, 0x0000000782600000|  0%| F|  |TAMS 0x0000000782400000| PB 0x0000000782400000| Untracked 
|1031|0x0000000782600000, 0x0000000782600000, 0x0000000782800000|  0%| F|  |TAMS 0x0000000782600000| PB 0x0000000782600000| Untracked 
|1032|0x0000000782800000, 0x0000000782800000, 0x0000000782a00000|  0%| F|  |TAMS 0x0000000782800000| PB 0x0000000782800000| Untracked 
|1033|0x0000000782a00000, 0x0000000782a00000, 0x0000000782c00000|  0%| F|  |TAMS 0x0000000782a00000| PB 0x0000000782a00000| Untracked 
|1034|0x0000000782c00000, 0x0000000782c34e58, 0x0000000782e00000| 10%| E|  |TAMS 0x0000000782c00000| PB 0x0000000782c00000| Complete 
|1035|0x0000000782e00000, 0x0000000783000000, 0x0000000783000000|100%| E|CS|TAMS 0x0000000782e00000| PB 0x0000000782e00000| Complete 
|1036|0x0000000783000000, 0x0000000783200000, 0x0000000783200000|100%| E|CS|TAMS 0x0000000783000000| PB 0x0000000783000000| Complete 
|1037|0x0000000783200000, 0x0000000783400000, 0x0000000783400000|100%| E|CS|TAMS 0x0000000783200000| PB 0x0000000783200000| Complete 
|1038|0x0000000783400000, 0x0000000783600000, 0x0000000783600000|100%| E|CS|TAMS 0x0000000783400000| PB 0x0000000783400000| Complete 
|1039|0x0000000783600000, 0x0000000783800000, 0x0000000783800000|100%| E|CS|TAMS 0x0000000783600000| PB 0x0000000783600000| Complete 
|1040|0x0000000783800000, 0x0000000783a00000, 0x0000000783a00000|100%| E|CS|TAMS 0x0000000783800000| PB 0x0000000783800000| Complete 
|1041|0x0000000783a00000, 0x0000000783c00000, 0x0000000783c00000|100%| E|CS|TAMS 0x0000000783a00000| PB 0x0000000783a00000| Complete 
|1042|0x0000000783c00000, 0x0000000783e00000, 0x0000000783e00000|100%| E|CS|TAMS 0x0000000783c00000| PB 0x0000000783c00000| Complete 
|1043|0x0000000783e00000, 0x0000000784000000, 0x0000000784000000|100%| E|CS|TAMS 0x0000000783e00000| PB 0x0000000783e00000| Complete 
|1044|0x0000000784000000, 0x0000000784200000, 0x0000000784200000|100%| E|CS|TAMS 0x0000000784000000| PB 0x0000000784000000| Complete 
|1045|0x0000000784200000, 0x0000000784400000, 0x0000000784400000|100%| E|CS|TAMS 0x0000000784200000| PB 0x0000000784200000| Complete 
|1046|0x0000000784400000, 0x0000000784600000, 0x0000000784600000|100%| E|CS|TAMS 0x0000000784400000| PB 0x0000000784400000| Complete 
|1047|0x0000000784600000, 0x0000000784800000, 0x0000000784800000|100%| E|CS|TAMS 0x0000000784600000| PB 0x0000000784600000| Complete 
|1048|0x0000000784800000, 0x0000000784a00000, 0x0000000784a00000|100%| E|CS|TAMS 0x0000000784800000| PB 0x0000000784800000| Complete 

Card table byte_map: [0x000001efd9ee0000,0x000001efda6e0000] _byte_map_base: 0x000001efd66d4000

Marking Bits: (CMBitMap*) 0x000001efba377860
 Bits: [0x000001efda6e0000, 0x000001efde680000)

Polling page: 0x000001efb90b0000

Metaspace:

Usage:
  Non-class:     98.94 MB used.
      Class:     16.35 MB used.
       Both:    115.29 MB used.

Virtual space:
  Non-class space:      128.00 MB reserved,      99.31 MB ( 78%) committed,  2 nodes.
      Class space:        1.00 GB reserved,      16.75 MB (  2%) committed,  1 nodes.
             Both:        1.12 GB reserved,     116.06 MB ( 10%) committed. 

Chunk freelists:
   Non-Class:  12.17 MB
       Class:  15.39 MB
        Both:  27.56 MB

MaxMetaspaceSize: unlimited
CompressedClassSpaceSize: 1.00 GB
Initial GC threshold: 21.00 MB
Current GC threshold: 193.38 MB
CDS: on
 - commit_granule_bytes: 65536.
 - commit_granule_words: 8192.
 - virtual_space_node_default_size: 8388608.
 - enlarge_chunks_in_place: 1.
 - use_allocation_guard: 0.


Internal statistics:

num_allocs_failed_limit: 12.
num_arena_births: 1428.
num_arena_deaths: 414.
num_vsnodes_births: 3.
num_vsnodes_deaths: 0.
num_space_committed: 1850.
num_space_uncommitted: 0.
num_chunks_returned_to_freelist: 530.
num_chunks_taken_from_freelist: 5162.
num_chunk_merges: 155.
num_chunk_splits: 3556.
num_chunks_enlarged: 2600.
num_inconsistent_stats: 0.

CodeHeap 'non-profiled nmethods': size=119168Kb used=26258Kb max_used=31912Kb free=92909Kb
 bounds [0x000001efd2280000, 0x000001efd41b0000, 0x000001efd96e0000]
CodeHeap 'profiled nmethods': size=119104Kb used=19224Kb max_used=44518Kb free=99879Kb
 bounds [0x000001efca6e0000, 0x000001efcd290000, 0x000001efd1b30000]
CodeHeap 'non-nmethods': size=7488Kb used=3646Kb max_used=4292Kb free=3841Kb
 bounds [0x000001efd1b30000, 0x000001efd1f80000, 0x000001efd2280000]
 total_blobs=12108 nmethods=10709 adapters=1293
 compilation: enabled
              stopped_count=0, restarted_count=0
 full_count=0

Compilation events (20 events):
Event: 6735.824 Thread 0x000001efc1db4bd0 71639       4       javax.swing.JScrollBar::updateUI (12 bytes)
Event: 6735.824 Thread 0x000001f0670cd4e0 71640       4       javax.swing.JScrollBar::setUI (6 bytes)
Event: 6735.824 Thread 0x000001f0670cd4e0 nmethod 71640 0x000001efd351e090 code [0x000001efd351e220, 0x000001efd351e2d0]
Event: 6735.825 Thread 0x000001efc1db4bd0 nmethod 71639 0x000001efd2c61c90 code [0x000001efd2c61e40, 0x000001efd2c61f58]
Event: 6735.825 Thread 0x000001f0670cd4e0 71641       4       javax.swing.SwingUtilities::updateComponentTreeUI0 (100 bytes)
Event: 6735.826 Thread 0x000001efc1db4bd0 71642       4       sun.swing.UIAction::getValue (13 bytes)
Event: 6735.826 Thread 0x000001efc1db4bd0 nmethod 71642 0x000001efd3559590 code [0x000001efd3559720, 0x000001efd35597c8]
Event: 6735.829 Thread 0x000001efc1db4bd0 71643       4       javax.swing.text.StyleContext$NamedStyle::addChangeListener (11 bytes)
Event: 6735.829 Thread 0x000001efc1db4bd0 nmethod 71643 0x000001efd3417d10 code [0x000001efd3417ea0, 0x000001efd3417f88]
Event: 6735.830 Thread 0x000001efc1db4bd0 71644       4       javax.swing.JEditorPane::getEditorKit (25 bytes)
Event: 6735.830 Thread 0x000001efc1db4bd0 nmethod 71644 0x000001efd2de7210 code [0x000001efd2de73a0, 0x000001efd2de7560]
Event: 6735.832 Thread 0x000001efc1db4bd0 71645       4       ui.utils.swing.w.ad::hFk (20 bytes)
Event: 6735.832 Thread 0x000001efc1db4bd0 nmethod 71645 0x000001efd3578c90 code [0x000001efd3578e20, 0x000001efd3578ef0]
Event: 6735.832 Thread 0x000001efc1db4bd0 71646       4       javax.swing.text.DefaultCaret::<init> (78 bytes)
Event: 6735.834 Thread 0x000001f0670cd4e0 nmethod 71641 0x000001efd3e8c910 code [0x000001efd3e8cc00, 0x000001efd3e8e3a0]
Event: 6735.834 Thread 0x000001f0670d26a0 71648       3       javax.swing.plaf.basic.BasicTextUI::installDefaults (346 bytes)
Event: 6735.834 Thread 0x000001f0670cd4e0 71647       4       javax.swing.text.DefaultCaret$Handler::<init> (10 bytes)
Event: 6735.834 Thread 0x000001f0670cd4e0 nmethod 71647 0x000001efd34e7890 code [0x000001efd34e7a20, 0x000001efd34e7b80]
Event: 6735.835 Thread 0x000001efc1db4bd0 nmethod 71646 0x000001efd2cb3390 code [0x000001efd2cb3560, 0x000001efd2cb3d48]
Event: 6735.837 Thread 0x000001f0670d26a0 nmethod 71648 0x000001efcbd13b10 code [0x000001efcbd14ca0, 0x000001efcbd202a0]

GC Heap History (20 events):
Event: 6330.224 GC heap before
{Heap before GC invocations=681 (full 102):
 garbage-first heap   total 2148352K, used 342722K [0x0000000701800000, 0x0000000800000000)
  region size 2048K, 40 young (81920K), 2 survivors (4096K)
 Metaspace       used 118025K, committed 118784K, reserved 1179648K
  class space    used 16737K, committed 17152K, reserved 1048576K
}
Event: 6330.226 GC heap after
{Heap after GC invocations=682 (full 102):
 garbage-first heap   total 2148352K, used 265128K [0x0000000701800000, 0x0000000800000000)
  region size 2048K, 2 young (4096K), 2 survivors (4096K)
 Metaspace       used 118025K, committed 118784K, reserved 1179648K
  class space    used 16737K, committed 17152K, reserved 1048576K
}
Event: 6376.490 GC heap before
{Heap before GC invocations=682 (full 102):
 garbage-first heap   total 2148352K, used 342952K [0x0000000701800000, 0x0000000800000000)
  region size 2048K, 40 young (81920K), 2 survivors (4096K)
 Metaspace       used 118026K, committed 118784K, reserved 1179648K
  class space    used 16737K, committed 17152K, reserved 1048576K
}
Event: 6376.493 GC heap after
{Heap after GC invocations=683 (full 102):
 garbage-first heap   total 2148352K, used 265014K [0x0000000701800000, 0x0000000800000000)
  region size 2048K, 2 young (4096K), 2 survivors (4096K)
 Metaspace       used 118026K, committed 118784K, reserved 1179648K
  class space    used 16737K, committed 17152K, reserved 1048576K
}
Event: 6422.681 GC heap before
{Heap before GC invocations=683 (full 102):
 garbage-first heap   total 2148352K, used 342838K [0x0000000701800000, 0x0000000800000000)
  region size 2048K, 40 young (81920K), 2 survivors (4096K)
 Metaspace       used 118027K, committed 118784K, reserved 1179648K
  class space    used 16737K, committed 17152K, reserved 1048576K
}
Event: 6422.684 GC heap after
{Heap after GC invocations=684 (full 102):
 garbage-first heap   total 2148352K, used 265128K [0x0000000701800000, 0x0000000800000000)
  region size 2048K, 2 young (4096K), 2 survivors (4096K)
 Metaspace       used 118027K, committed 118784K, reserved 1179648K
  class space    used 16737K, committed 17152K, reserved 1048576K
}
Event: 6469.046 GC heap before
{Heap before GC invocations=684 (full 102):
 garbage-first heap   total 2148352K, used 342952K [0x0000000701800000, 0x0000000800000000)
  region size 2048K, 40 young (81920K), 2 survivors (4096K)
 Metaspace       used 118027K, committed 118784K, reserved 1179648K
  class space    used 16737K, committed 17152K, reserved 1048576K
}
Event: 6469.049 GC heap after
{Heap after GC invocations=685 (full 102):
 garbage-first heap   total 2148352K, used 265014K [0x0000000701800000, 0x0000000800000000)
  region size 2048K, 2 young (4096K), 2 survivors (4096K)
 Metaspace       used 118027K, committed 118784K, reserved 1179648K
  class space    used 16737K, committed 17152K, reserved 1048576K
}
Event: 6515.442 GC heap before
{Heap before GC invocations=685 (full 102):
 garbage-first heap   total 2148352K, used 340790K [0x0000000701800000, 0x0000000800000000)
  region size 2048K, 40 young (81920K), 2 survivors (4096K)
 Metaspace       used 118027K, committed 118784K, reserved 1179648K
  class space    used 16737K, committed 17152K, reserved 1048576K
}
Event: 6515.445 GC heap after
{Heap after GC invocations=686 (full 102):
 garbage-first heap   total 2148352K, used 265014K [0x0000000701800000, 0x0000000800000000)
  region size 2048K, 2 young (4096K), 2 survivors (4096K)
 Metaspace       used 118027K, committed 118784K, reserved 1179648K
  class space    used 16737K, committed 17152K, reserved 1048576K
}
Event: 6561.689 GC heap before
{Heap before GC invocations=686 (full 102):
 garbage-first heap   total 2148352K, used 342838K [0x0000000701800000, 0x0000000800000000)
  region size 2048K, 40 young (81920K), 2 survivors (4096K)
 Metaspace       used 118027K, committed 118784K, reserved 1179648K
  class space    used 16737K, committed 17152K, reserved 1048576K
}
Event: 6561.696 GC heap after
{Heap after GC invocations=687 (full 102):
 garbage-first heap   total 2148352K, used 265016K [0x0000000701800000, 0x0000000800000000)
  region size 2048K, 2 young (4096K), 2 survivors (4096K)
 Metaspace       used 118027K, committed 118784K, reserved 1179648K
  class space    used 16737K, committed 17152K, reserved 1048576K
}
Event: 6608.120 GC heap before
{Heap before GC invocations=687 (full 102):
 garbage-first heap   total 2148352K, used 342840K [0x0000000701800000, 0x0000000800000000)
  region size 2048K, 40 young (81920K), 2 survivors (4096K)
 Metaspace       used 118027K, committed 118784K, reserved 1179648K
  class space    used 16737K, committed 17152K, reserved 1048576K
}
Event: 6608.127 GC heap after
{Heap after GC invocations=688 (full 102):
 garbage-first heap   total 2148352K, used 265037K [0x0000000701800000, 0x0000000800000000)
  region size 2048K, 2 young (4096K), 2 survivors (4096K)
 Metaspace       used 118027K, committed 118784K, reserved 1179648K
  class space    used 16737K, committed 17152K, reserved 1048576K
}
Event: 6654.562 GC heap before
{Heap before GC invocations=688 (full 102):
 garbage-first heap   total 2148352K, used 342861K [0x0000000701800000, 0x0000000800000000)
  region size 2048K, 40 young (81920K), 2 survivors (4096K)
 Metaspace       used 118027K, committed 118784K, reserved 1179648K
  class space    used 16737K, committed 17152K, reserved 1048576K
}
Event: 6654.570 GC heap after
{Heap after GC invocations=689 (full 102):
 garbage-first heap   total 2148352K, used 265148K [0x0000000701800000, 0x0000000800000000)
  region size 2048K, 2 young (4096K), 2 survivors (4096K)
 Metaspace       used 118027K, committed 118784K, reserved 1179648K
  class space    used 16737K, committed 17152K, reserved 1048576K
}
Event: 6700.898 GC heap before
{Heap before GC invocations=689 (full 102):
 garbage-first heap   total 2148352K, used 342972K [0x0000000701800000, 0x0000000800000000)
  region size 2048K, 40 young (81920K), 2 survivors (4096K)
 Metaspace       used 118027K, committed 118784K, reserved 1179648K
  class space    used 16737K, committed 17152K, reserved 1048576K
}
Event: 6700.902 GC heap after
{Heap after GC invocations=690 (full 102):
 garbage-first heap   total 2148352K, used 264925K [0x0000000701800000, 0x0000000800000000)
  region size 2048K, 2 young (4096K), 2 survivors (4096K)
 Metaspace       used 118027K, committed 118784K, reserved 1179648K
  class space    used 16737K, committed 17152K, reserved 1048576K
}
Event: 6735.500 GC heap before
{Heap before GC invocations=690 (full 102):
 garbage-first heap   total 2148352K, used 342749K [0x0000000701800000, 0x0000000800000000)
  region size 2048K, 40 young (81920K), 2 survivors (4096K)
 Metaspace       used 118039K, committed 118784K, reserved 1179648K
  class space    used 16737K, committed 17152K, reserved 1048576K
}
Event: 6735.503 GC heap after
{Heap after GC invocations=691 (full 102):
 garbage-first heap   total 2148352K, used 266014K [0x0000000701800000, 0x0000000800000000)
  region size 2048K, 1 young (2048K), 1 survivors (2048K)
 Metaspace       used 118039K, committed 118784K, reserved 1179648K
  class space    used 16737K, committed 17152K, reserved 1048576K
}

Dll operation events (20 events):
Event: 4.773 Loaded shared library C:\Progs\Xilinx\Vivado\2024.2\lib\win64.o\xv_simtcltasks.dll
Event: 4.853 Loaded shared library C:\Progs\Xilinx\Vivado\2024.2\lib\win64.o\xv_ipservicestasks.dll
Event: 4.855 Loaded shared library C:\Progs\Xilinx\Vivado\2024.2\lib\win64.o\xv_vivadotasks.dll
Event: 4.858 Loaded shared library C:\Progs\Xilinx\Vivado\2024.2\lib\win64.o\xv_board.dll
Event: 4.859 Loaded shared library C:\Progs\Xilinx\Vivado\2024.2\lib\win64.o\xv_boarddep.dll
Event: 4.859 Loaded shared library C:\Progs\Xilinx\Vivado\2024.2\lib\win64.o\xv_boardcommontasks.dll
Event: 4.860 Loaded shared library C:\Progs\Xilinx\Vivado\2024.2\lib\win64.o\xv_ptgen.dll
Event: 4.860 Loaded shared library C:\Progs\Xilinx\Vivado\2024.2\lib\win64.o\xv_ip.dll
Event: 4.862 Loaded shared library C:\Progs\Xilinx\Vivado\2024.2\lib\win64.o\xv_mig.dll
Event: 4.864 Loaded shared library C:\Progs\Xilinx\Vivado\2024.2\lib\win64.o\xv_implflow.dll
Event: 4.866 Loaded shared library C:\Progs\Xilinx\Vivado\2024.2\lib\win64.o\xv_xhubtasks.dll
Event: 4.940 Loaded shared library C:\Progs\Xilinx\Vivado\2024.2\lib\win64.o\xv_iptasks.dll
Event: 4.941 Loaded shared library C:\Progs\Xilinx\Vivado\2024.2\lib\win64.o\xv_synth.dll
Event: 6.034 Loaded shared library C:\Progs\Xilinx\Vivado\2024.2\tps\win64\jre21.0.1_12\bin\verify.dll
Event: 6.086 Loaded shared library C:\Progs\Xilinx\Vivado\2024.2\tps\win64\jre21.0.1_12\bin\freetype.dll
Event: 6.088 Loaded shared library C:\Progs\Xilinx\Vivado\2024.2\tps\win64\jre21.0.1_12\bin\fontmanager.dll
Event: 13.140 Loaded shared library C:\Progs\Xilinx\Vivado\2024.2\lib\win64.o\xv_xhub.dll
Event: 19.106 Loaded shared library C:\Progs\Xilinx\Vivado\2024.2\tps\win64\jre21.0.1_12\bin\management.dll
Event: 19.108 Loaded shared library C:\Progs\Xilinx\Vivado\2024.2\tps\win64\jre21.0.1_12\bin\management_ext.dll
Event: 126.575 Loaded shared library C:\Progs\Xilinx\Vivado\2024.2\lib\win64.o\nlview.dll

Deoptimization events (20 events):
Event: 6735.764 Thread 0x000001f0266c0c60 Uncommon trap: trap_request=0xffffff45 fr.pc=0x000001efd3b79d48 relative=0x0000000000004508
Event: 6735.764 Thread 0x000001f0266c0c60 Uncommon trap: reason=unstable_if action=reinterpret pc=0x000001efd3b79d48 method=com.jidesoft.plaf.basic.BasicJideTabbedPaneUI$TabbedPaneScrollLayout.layoutContainer(Ljava/awt/Container;)V @ 1408 c2
Event: 6735.764 Thread 0x000001f0266c0c60 DEOPT PACKING pc=0x000001efd3b79d48 sp=0x0000006923afe3b0
Event: 6735.764 Thread 0x000001f0266c0c60 DEOPT UNPACKING pc=0x000001efd1b846a2 sp=0x0000006923afe2d0 mode 2
Event: 6735.790 Thread 0x000001f0266c0c60 Uncommon trap: trap_request=0xffffff45 fr.pc=0x000001efd2b5eec4 relative=0x0000000000003324
Event: 6735.790 Thread 0x000001f0266c0c60 Uncommon trap: reason=unstable_if action=reinterpret pc=0x000001efd2b5eec4 method=javax.swing.plaf.basic.BasicButtonUI.uninstallListeners(Ljavax/swing/AbstractButton;)V @ 7 c2
Event: 6735.790 Thread 0x000001f0266c0c60 DEOPT PACKING pc=0x000001efd2b5eec4 sp=0x0000006923afe610
Event: 6735.790 Thread 0x000001f0266c0c60 DEOPT UNPACKING pc=0x000001efd1b846a2 sp=0x0000006923afe5b0 mode 2
Event: 6735.790 Thread 0x000001f0266c0c60 Uncommon trap: trap_request=0xffffff45 fr.pc=0x000001efd2e49bd4 relative=0x0000000000003054
Event: 6735.790 Thread 0x000001f0266c0c60 Uncommon trap: reason=unstable_if action=reinterpret pc=0x000001efd2e49bd4 method=javax.swing.plaf.basic.BasicButtonUI.uninstallListeners(Ljavax/swing/AbstractButton;)V @ 7 c2
Event: 6735.790 Thread 0x000001f0266c0c60 DEOPT PACKING pc=0x000001efd2e49bd4 sp=0x0000006923afe6f0
Event: 6735.790 Thread 0x000001f0266c0c60 DEOPT UNPACKING pc=0x000001efd1b846a2 sp=0x0000006923afe708 mode 2
Event: 6735.818 Thread 0x000001f0266c0c60 Uncommon trap: trap_request=0xffffff45 fr.pc=0x000001efd22e5628 relative=0x0000000000000328
Event: 6735.818 Thread 0x000001f0266c0c60 Uncommon trap: reason=unstable_if action=reinterpret pc=0x000001efd22e5628 method=javax.swing.tree.DefaultTreeSelectionModel.resetRowSelection()V @ 18 c2
Event: 6735.818 Thread 0x000001f0266c0c60 DEOPT PACKING pc=0x000001efd22e5628 sp=0x0000006923afe410
Event: 6735.818 Thread 0x000001f0266c0c60 DEOPT UNPACKING pc=0x000001efd1b846a2 sp=0x0000006923afe390 mode 2
Event: 6735.832 Thread 0x000001f0266c0c60 Uncommon trap: trap_request=0xffffffde fr.pc=0x000001efd2d61008 relative=0x0000000000000068
Event: 6735.832 Thread 0x000001f0266c0c60 Uncommon trap: reason=class_check action=maybe_recompile pc=0x000001efd2d61008 method=javax.swing.plaf.basic.BasicTextUI.updateCursor()V @ 17 c2
Event: 6735.832 Thread 0x000001f0266c0c60 DEOPT PACKING pc=0x000001efd2d61008 sp=0x0000006923afe2e0
Event: 6735.832 Thread 0x000001f0266c0c60 DEOPT UNPACKING pc=0x000001efd1b846a2 sp=0x0000006923afe278 mode 2

Classes loaded (20 events):
Event: 6085.336 Loading class jdk/internal/access/JavaObjectInputStreamReadString
Event: 6085.336 Loading class jdk/internal/access/JavaObjectInputStreamReadString done
Event: 6085.336 Loading class java/io/ObjectInputStream$BlockDataInputStream
Event: 6085.336 Loading class java/io/ObjectInputStream$BlockDataInputStream done
Event: 6085.336 Loading class java/io/ObjectInputStream$PeekInputStream
Event: 6085.336 Loading class java/io/ObjectInputStream$PeekInputStream done
Event: 6085.336 Loading class java/io/ObjectInputStream$HandleTable
Event: 6085.336 Loading class java/io/ObjectInputStream$HandleTable done
Event: 6085.336 Loading class java/io/ObjectInputStream$HandleTable$HandleList
Event: 6085.336 Loading class java/io/ObjectInputStream$HandleTable$HandleList done
Event: 6085.336 Loading class java/io/ObjectInputStream$ValidationList
Event: 6085.336 Loading class java/io/ObjectInputStream$ValidationList done
Event: 6085.336 Loading class java/io/ObjectInputFilter$Config
Event: 6085.336 Loading class java/io/ObjectInputFilter$Config done
Event: 6085.336 Loading class java/io/ObjectInputFilter
Event: 6085.336 Loading class java/io/ObjectInputFilter done
Event: 6085.337 Loading class java/io/ObjectInputFilter$Config$BuiltinFilterFactory
Event: 6085.337 Loading class java/io/ObjectInputFilter$Config$BuiltinFilterFactory done
Event: 6085.337 Loading class jdk/internal/access/JavaObjectInputFilterAccess
Event: 6085.337 Loading class jdk/internal/access/JavaObjectInputFilterAccess done

Classes unloaded (20 events):
Event: 6057.587 Thread 0x000001efba447c40 Unloading class 0x000001efe2ac4800 'java/lang/invoke/LambdaForm$MH+0x000001efe2ac4800'
Event: 6057.587 Thread 0x000001efba447c40 Unloading class 0x000001efe27a3000 'java/lang/invoke/LambdaForm$MH+0x000001efe27a3000'
Event: 6057.587 Thread 0x000001efba447c40 Unloading class 0x000001efe22dc800 'java/lang/invoke/LambdaForm$MH+0x000001efe22dc800'
Event: 6057.587 Thread 0x000001efba447c40 Unloading class 0x000001efe22c4000 'java/lang/invoke/LambdaForm$MH+0x000001efe22c4000'
Event: 6080.711 Thread 0x000001efba447c40 Unloading class 0x000001efe2f79000 'java/lang/invoke/LambdaForm$MH+0x000001efe2f79000'
Event: 6080.711 Thread 0x000001efba447c40 Unloading class 0x000001efe2f78000 'java/lang/invoke/LambdaForm$MH+0x000001efe2f78000'
Event: 6080.711 Thread 0x000001efba447c40 Unloading class 0x000001efe2f77c00 'java/lang/invoke/LambdaForm$MH+0x000001efe2f77c00'
Event: 6080.711 Thread 0x000001efba447c40 Unloading class 0x000001efe2f77800 'java/lang/invoke/LambdaForm$MH+0x000001efe2f77800'
Event: 6080.711 Thread 0x000001efba447c40 Unloading class 0x000001efe2f77400 'java/lang/invoke/LambdaForm$MH+0x000001efe2f77400'
Event: 6080.711 Thread 0x000001efba447c40 Unloading class 0x000001efe2f77000 'java/lang/invoke/LambdaForm$MH+0x000001efe2f77000'
Event: 6080.711 Thread 0x000001efba447c40 Unloading class 0x000001efe2f76c00 'java/lang/invoke/LambdaForm$MH+0x000001efe2f76c00'
Event: 6080.711 Thread 0x000001efba447c40 Unloading class 0x000001efe2f76800 'java/lang/invoke/LambdaForm$MH+0x000001efe2f76800'
Event: 6080.711 Thread 0x000001efba447c40 Unloading class 0x000001efe2f75c00 'java/lang/invoke/LambdaForm$MH+0x000001efe2f75c00'
Event: 6080.711 Thread 0x000001efba447c40 Unloading class 0x000001efe2f75800 'java/lang/invoke/LambdaForm$MH+0x000001efe2f75800'
Event: 6080.711 Thread 0x000001efba447c40 Unloading class 0x000001efe2f75400 'java/lang/invoke/LambdaForm$MH+0x000001efe2f75400'
Event: 6080.711 Thread 0x000001efba447c40 Unloading class 0x000001efe2f75000 'java/lang/invoke/LambdaForm$MH+0x000001efe2f75000'
Event: 6080.711 Thread 0x000001efba447c40 Unloading class 0x000001efe2f74c00 'java/lang/invoke/LambdaForm$MH+0x000001efe2f74c00'
Event: 6080.711 Thread 0x000001efba447c40 Unloading class 0x000001efe2f74800 'java/lang/invoke/LambdaForm$MH+0x000001efe2f74800'
Event: 6080.711 Thread 0x000001efba447c40 Unloading class 0x000001efe2f74400 'java/lang/invoke/LambdaForm$MH+0x000001efe2f74400'
Event: 6080.711 Thread 0x000001efba447c40 Unloading class 0x000001efe22dc400 'java/lang/invoke/LambdaForm$MH+0x000001efe22dc400'

Classes redefined (0 events):
No events

Internal exceptions (20 events):
Event: 5918.234 Thread 0x000001f0266c0c60 Exception <a 'java/io/FileNotFoundException'{0x0000000730db86a8}> (0x0000000730db86a8) 
thrown [s\src\hotspot\share\prims\jni.cpp, line 520]
Event: 5918.700 Thread 0x000001f0266c0c60 Exception <a 'de/concept/nlview/NlviewException'{0x000000072f51d6c8}> (0x000000072f51d6c8) 
thrown [s\src\hotspot\share\prims\jni.cpp, line 520]
Event: 5918.943 Thread 0x000001f0266c0c60 Exception <a 'de/concept/nlview/NlviewException'{0x000000072e4fbcb0}> (0x000000072e4fbcb0) 
thrown [s\src\hotspot\share\prims\jni.cpp, line 520]
Event: 5919.302 Thread 0x000001f0266c0c60 Exception <a 'java/io/FileNotFoundException'{0x000000072f69f138}> (0x000000072f69f138) 
thrown [s\src\hotspot\share\prims\jni.cpp, line 520]
Event: 5919.302 Thread 0x000001f0266c0c60 Exception <a 'java/io/FileNotFoundException'{0x000000072f69ffa0}> (0x000000072f69ffa0) 
thrown [s\src\hotspot\share\prims\jni.cpp, line 520]
Event: 5919.366 Thread 0x000001f0266c0c60 Exception <a 'java/io/FileNotFoundException'{0x000000072ed33478}> (0x000000072ed33478) 
thrown [s\src\hotspot\share\prims\jni.cpp, line 520]
Event: 5919.366 Thread 0x000001f0266c0c60 Exception <a 'java/io/FileNotFoundException'{0x000000072ed342f8}> (0x000000072ed342f8) 
thrown [s\src\hotspot\share\prims\jni.cpp, line 520]
Event: 5924.368 Thread 0x000001f0266c0c60 Exception <a 'java/io/FileNotFoundException'{0x0000000730f997c8}> (0x0000000730f997c8) 
thrown [s\src\hotspot\share\prims\jni.cpp, line 520]
Event: 5929.369 Thread 0x000001f0266c0c60 Exception <a 'java/io/FileNotFoundException'{0x00000007304f4a10}> (0x00000007304f4a10) 
thrown [s\src\hotspot\share\prims\jni.cpp, line 520]
Event: 5934.369 Thread 0x000001f0266c0c60 Exception <a 'java/io/FileNotFoundException'{0x000000072fda7780}> (0x000000072fda7780) 
thrown [s\src\hotspot\share\prims\jni.cpp, line 520]
Event: 5939.370 Thread 0x000001f0266c0c60 Exception <a 'java/io/FileNotFoundException'{0x000000072f074568}> (0x000000072f074568) 
thrown [s\src\hotspot\share\prims\jni.cpp, line 520]
Event: 5944.370 Thread 0x000001f0266c0c60 Exception <a 'java/io/FileNotFoundException'{0x000000072e75da28}> (0x000000072e75da28) 
thrown [s\src\hotspot\share\prims\jni.cpp, line 520]
Event: 5949.371 Thread 0x000001f0266c0c60 Exception <a 'java/io/FileNotFoundException'{0x000000072df76fe0}> (0x000000072df76fe0) 
thrown [s\src\hotspot\share\prims\jni.cpp, line 520]
Event: 5954.374 Thread 0x000001f0266c0c60 Exception <a 'java/io/FileNotFoundException'{0x0000000731ccb090}> (0x0000000731ccb090) 
thrown [s\src\hotspot\share\prims\jni.cpp, line 520]
Event: 6043.747 Thread 0x000001f067743330 Exception <a 'java/lang/InterruptedException'{0x00000007300c44b0}: sleep interrupted> (0x00000007300c44b0) 
thrown [s\src\hotspot\share\prims\jvm.cpp, line 3052]
Event: 6085.331 Thread 0x000001f0266c0c60 Exception <a 'java/lang/NoSuchMethodError'{0x00000007322a7680}: 'long java.lang.invoke.DirectMethodHandle$Holder.invokeSpecial(java.lang.Object, java.lang.Object)'> (0x00000007322a7680) 
thrown [s\src\hotspot\share\interpreter\linkResolver.cpp, line 773]
Event: 6085.332 Thread 0x000001f0266c0c60 Exception <a 'java/lang/NoSuchMethodError'{0x00000007322aad48}: 'long java.lang.invoke.Invokers$Holder.invokeExact_MT(java.lang.Object, java.lang.Object)'> (0x00000007322aad48) 
thrown [s\src\hotspot\share\interpreter\linkResolver.cpp, line 773]
Event: 6735.428 Thread 0x000001f0266c0c60 Implicit null exception at 0x000001efd3317c2c to 0x000001efd331af38
Event: 6735.504 Thread 0x000001f0266c0c60 Implicit null exception at 0x000001efd40c63e4 to 0x000001efd40cc668
Event: 6735.818 Thread 0x000001f0266c0c60 Implicit null exception at 0x000001efd22e5401 to 0x000001efd22e5614

ZGC Phase Switch (0 events):
No events

VM Operations (20 events):
Event: 6556.183 Executing VM operation: RendezvousGCThreads
Event: 6556.183 Executing VM operation: RendezvousGCThreads done
Event: 6561.689 Executing VM operation: G1CollectForAllocation (G1 Evacuation Pause)
Event: 6561.696 Executing VM operation: G1CollectForAllocation (G1 Evacuation Pause) done
Event: 6608.120 Executing VM operation: G1CollectForAllocation (G1 Evacuation Pause)
Event: 6608.127 Executing VM operation: G1CollectForAllocation (G1 Evacuation Pause) done
Event: 6616.309 Executing VM operation: HandshakeAllThreads (HandshakeForDeflation)
Event: 6616.309 Executing VM operation: HandshakeAllThreads (HandshakeForDeflation) done
Event: 6616.309 Executing VM operation: RendezvousGCThreads
Event: 6616.309 Executing VM operation: RendezvousGCThreads done
Event: 6654.562 Executing VM operation: G1CollectForAllocation (G1 Evacuation Pause)
Event: 6654.570 Executing VM operation: G1CollectForAllocation (G1 Evacuation Pause) done
Event: 6676.436 Executing VM operation: HandshakeAllThreads (HandshakeForDeflation)
Event: 6676.436 Executing VM operation: HandshakeAllThreads (HandshakeForDeflation) done
Event: 6676.436 Executing VM operation: RendezvousGCThreads
Event: 6676.436 Executing VM operation: RendezvousGCThreads done
Event: 6700.898 Executing VM operation: G1CollectForAllocation (G1 Evacuation Pause)
Event: 6700.902 Executing VM operation: G1CollectForAllocation (G1 Evacuation Pause) done
Event: 6735.500 Executing VM operation: G1CollectForAllocation (G1 Evacuation Pause)
Event: 6735.503 Executing VM operation: G1CollectForAllocation (G1 Evacuation Pause) done

Events (20 events):
Event: 6731.712 Thread 0x000001f0677439c0 Thread added: 0x000001f0677439c0
Event: 6731.716 Thread 0x000001f0677439c0 Thread exited: 0x000001f0677439c0
Event: 6732.684 Thread 0x000001f067743330 Thread added: 0x000001f067743330
Event: 6732.698 Thread 0x000001f067743330 Thread exited: 0x000001f067743330
Event: 6732.712 Thread 0x000001f067740bd0 Thread added: 0x000001f067740bd0
Event: 6732.714 Thread 0x000001f067740bd0 Thread exited: 0x000001f067740bd0
Event: 6733.102 Thread 0x000001f067740bd0 Thread added: 0x000001f067740bd0
Event: 6733.108 Thread 0x000001f067740bd0 Thread exited: 0x000001f067740bd0
Event: 6733.684 Thread 0x000001f0677439c0 Thread added: 0x000001f0677439c0
Event: 6733.690 Thread 0x000001f0677439c0 Thread exited: 0x000001f0677439c0
Event: 6733.713 Thread 0x000001f067743330 Thread added: 0x000001f067743330
Event: 6733.717 Thread 0x000001f067743330 Thread exited: 0x000001f067743330
Event: 6734.686 Thread 0x000001f067743330 Thread added: 0x000001f067743330
Event: 6734.692 Thread 0x000001f067743330 Thread exited: 0x000001f067743330
Event: 6734.713 Thread 0x000001f067740bd0 Thread added: 0x000001f067740bd0
Event: 6734.718 Thread 0x000001f067740bd0 Thread exited: 0x000001f067740bd0
Event: 6735.348 Thread 0x000001f0670cd4e0 Thread added: 0x000001f0670cd4e0
Event: 6735.348 Thread 0x000001f0670cdbb0 Thread added: 0x000001f0670cdbb0
Event: 6735.380 Thread 0x000001f0670cc070 Thread added: 0x000001f0670cc070
Event: 6735.380 Thread 0x000001f0670d26a0 Thread added: 0x000001f0670d26a0


Dynamic libraries:
0x00007ff67b1b0000 - 0x00007ff67b1b8000 	C:\Progs\Xilinx\Vivado\2024.2\bin\unwrapped\win64.o\vivado.exe
0x00007ff8cd4e0000 - 0x00007ff8cd747000 	C:\WINDOWS\SYSTEM32\ntdll.dll
0x00007ff8cb660000 - 0x00007ff8cb729000 	C:\WINDOWS\System32\KERNEL32.DLL
0x00007ff8c9f90000 - 0x00007ff8ca384000 	C:\WINDOWS\System32\KERNELBASE.dll
0x00007ff8c9e40000 - 0x00007ff8c9f8b000 	C:\WINDOWS\System32\ucrtbase.dll
0x00007ff8b3f70000 - 0x00007ff8b3ff8000 	C:\WINDOWS\SYSTEM32\MSVCP140.dll
0x00007ff8b3f50000 - 0x00007ff8b3f6e000 	C:\WINDOWS\SYSTEM32\VCRUNTIME140.dll
0x00007ff8b3ad0000 - 0x00007ff8b3adb000 	C:\WINDOWS\SYSTEM32\VCRUNTIME140_1.dll
0x00007ff8929e0000 - 0x00007ff892a07000 	C:\Progs\Xilinx\Vivado\2024.2\lib\win64.o\xv_commonmain.dll
0x00007ff8929b0000 - 0x00007ff8929bc000 	C:\Progs\Xilinx\Vivado\2024.2\lib\win64.o\xv_commonversion.dll
0x00007ff82a1d0000 - 0x00007ff82a41d000 	C:\Progs\Xilinx\Vivado\2024.2\lib\win64.o\xv_commonxillic.dll
0x00007ff8cd110000 - 0x00007ff8cd190000 	C:\WINDOWS\System32\WS2_32.dll
0x00007ff8cd220000 - 0x00007ff8cd338000 	C:\WINDOWS\System32\RPCRT4.dll
0x00007ff8cc950000 - 0x00007ff8ccb15000 	C:\WINDOWS\System32\USER32.dll
0x00007ff8ca680000 - 0x00007ff8ca6a7000 	C:\WINDOWS\System32\win32u.dll
0x00007ff8ccd00000 - 0x00007ff8ccd2b000 	C:\WINDOWS\System32\GDI32.dll
0x00007ff8ca760000 - 0x00007ff8ca88b000 	C:\WINDOWS\System32\gdi32full.dll
0x00007ff8ca390000 - 0x00007ff8ca433000 	C:\WINDOWS\System32\msvcp_win.dll
0x00007ff8cc210000 - 0x00007ff8cc2c6000 	C:\WINDOWS\System32\ADVAPI32.dll
0x00007ff8cce80000 - 0x00007ff8ccf29000 	C:\WINDOWS\System32\msvcrt.dll
0x00007ff8cb730000 - 0x00007ff8cb7d7000 	C:\WINDOWS\System32\sechost.dll
0x00007ff825f70000 - 0x00007ff8275da000 	C:\Progs\Xilinx\Vivado\2024.2\lib\win64.o\xv_common.dll
0x00007ff8cb980000 - 0x00007ff8cc0e7000 	C:\WINDOWS\System32\SHELL32.dll
0x00007ff8cb100000 - 0x00007ff8cb26a000 	C:\WINDOWS\System32\wintypes.dll
0x00007ff8cb270000 - 0x00007ff8cb5f2000 	C:\WINDOWS\System32\combase.dll
0x00007ff8c9db0000 - 0x00007ff8c9e32000 	C:\WINDOWS\System32\WINTRUST.dll
0x00007ff825f40000 - 0x00007ff825f6a000 	C:\Progs\Xilinx\Vivado\2024.2\lib\win64.o\boost_filesystem.dll
0x00007ff8b2d40000 - 0x00007ff8b2d4a000 	C:\WINDOWS\SYSTEM32\WSOCK32.dll
0x00007ff825d90000 - 0x00007ff825f31000 	C:\Progs\Xilinx\Vivado\2024.2\lib\win64.o\tcl86t.dll
0x00007ff825960000 - 0x00007ff825d90000 	C:\Progs\Xilinx\Vivado\2024.2\lib\win64.o\python38.dll
0x00007ff8ccd30000 - 0x00007ff8ccd96000 	C:\WINDOWS\System32\SHLWAPI.dll
0x00007ff8ca890000 - 0x00007ff8cb0f8000 	C:\WINDOWS\System32\Windows.Storage.dll
0x00007ff824970000 - 0x00007ff824c86000 	C:\Progs\Xilinx\Vivado\2024.2\lib\win64.o\libXil_lmgr11.dll
0x00007ff8cc340000 - 0x00007ff8cc42f000 	C:\WINDOWS\System32\COMDLG32.dll
0x00007ff8ccc00000 - 0x00007ff8cccf8000 	C:\WINDOWS\System32\shcore.dll
0x00007ff8ccb20000 - 0x00007ff8ccbf8000 	C:\WINDOWS\System32\OLEAUT32.dll
0x00007ff8cb7e0000 - 0x00007ff8cb977000 	C:\WINDOWS\System32\ole32.dll
0x00007ff8ca500000 - 0x00007ff8ca677000 	C:\WINDOWS\System32\CRYPT32.dll
0x00007ff8c9ca0000 - 0x00007ff8c9cca000 	C:\WINDOWS\SYSTEM32\bcrypt.dll
0x00007ff8b2d50000 - 0x00007ff8b2d6a000 	C:\WINDOWS\SYSTEM32\NETAPI32.dll
0x00007ff8b07b0000 - 0x00007ff8b0a45000 	C:\WINDOWS\SYSTEM32\WININET.dll
0x00007ff8c3be0000 - 0x00007ff8c3d0d000 	C:\WINDOWS\SYSTEM32\WINHTTP.dll
0x00007ff8c1450000 - 0x00007ff8c162f000 	C:\WINDOWS\SYSTEM32\urlmon.dll
0x00007ff824820000 - 0x00007ff824964000 	C:\Progs\Xilinx\Vivado\2024.2\lib\win64.o\boost_regex.dll
0x00007ff8247f0000 - 0x00007ff824817000 	C:\Progs\Xilinx\Vivado\2024.2\lib\win64.o\boost_thread.dll
0x00007ff8247d0000 - 0x00007ff8247e9000 	C:\Progs\Xilinx\Vivado\2024.2\lib\win64.o\boost_date_time.dll
0x00007ff8247a0000 - 0x00007ff8247c4000 	C:\Progs\Xilinx\Vivado\2024.2\lib\win64.o\xv_isl_sysinfo.dll
0x00007ff824700000 - 0x00007ff824794000 	C:\Progs\Xilinx\Vivado\2024.2\lib\win64.o\boost_program_options.dll
0x00007ff891ec0000 - 0x00007ff891ed0000 	C:\Progs\Xilinx\Vivado\2024.2\lib\win64.o\xv_boost_xilinx.dll
0x00007ff824260000 - 0x00007ff824700000 	C:\Progs\Xilinx\Vivado\2024.2\lib\win64.o\xv_COIN-all.dll
0x00007ff824240000 - 0x00007ff82425c000 	C:\Progs\Xilinx\Vivado\2024.2\lib\win64.o\librdiconfig.dll
0x00007ff823040000 - 0x00007ff824237000 	C:\Progs\Xilinx\Vivado\2024.2\lib\win64.o\xv_isl_iostreams.dll
0x00007ff822f90000 - 0x00007ff823035000 	C:\Progs\Xilinx\Vivado\2024.2\lib\win64.o\libhdxml.dll
0x00007ff822f70000 - 0x00007ff822f8a000 	C:\Progs\Xilinx\Vivado\2024.2\lib\win64.o\pthreadVC2.dll
0x00007ff822ef0000 - 0x00007ff822f67000 	C:\Progs\Xilinx\Vivado\2024.2\lib\win64.o\xv_lmx.dll
0x00007ff822e60000 - 0x00007ff822ee2000 	C:\Progs\Xilinx\Vivado\2024.2\lib\win64.o\libhdlpsolve.dll
0x00007ff822da0000 - 0x00007ff822e57000 	C:\Progs\Xilinx\Vivado\2024.2\lib\win64.o\libzstd.dll
0x00007ff820e80000 - 0x00007ff822d97000 	C:\Progs\Xilinx\Vivado\2024.2\lib\win64.o\gurobi90.dll
0x00007ff8cc440000 - 0x00007ff8cc4b2000 	C:\WINDOWS\System32\WLDAP32.dll
0x00007ff8cb630000 - 0x00007ff8cb638000 	C:\WINDOWS\System32\Normaliz.dll
0x00007ff820e40000 - 0x00007ff820e76000 	C:\WINDOWS\SYSTEM32\VCOMP140.DLL
0x00007ff8c9100000 - 0x00007ff8c9133000 	C:\WINDOWS\SYSTEM32\USERENV.dll
0x00007ff820e00000 - 0x00007ff820e19000 	C:\Progs\Xilinx\Vivado\2024.2\lib\win64.o\librdizlib.dll
0x00007ff8b4240000 - 0x00007ff8b424b000 	C:\WINDOWS\SYSTEM32\VERSION.dll
0x00007ff891870000 - 0x00007ff891925000 	C:\WINDOWS\WinSxS\amd64_microsoft.windows.common-controls_6595b64144ccf1df_5.82.26100.8115_none_87ecef177a2e8a19\COMCTL32.dll
0x00007ff8c3f40000 - 0x00007ff8c3f65000 	C:\WINDOWS\SYSTEM32\dhcpcsvc.DLL
0x00007ff8c0040000 - 0x00007ff8c0304000 	C:\WINDOWS\SYSTEM32\iertutil.dll
0x00007ff820dd0000 - 0x00007ff820dfa000 	C:\Progs\Xilinx\Vivado\2024.2\lib\win64.o\zlib1.dll
0x00007ff820db0000 - 0x00007ff820dcc000 	C:\Progs\Xilinx\Vivado\2024.2\lib\win64.o\xv_isl_iosutils.dll
0x00007ff8bff80000 - 0x00007ff8bffa9000 	C:\WINDOWS\SYSTEM32\srvcli.dll
0x00007ff8c82b0000 - 0x00007ff8c82bd000 	C:\WINDOWS\SYSTEM32\netutils.dll
0x00007ff8c8e30000 - 0x00007ff8c8e77000 	C:\WINDOWS\SYSTEM32\LOGONCLI.DLL
0x00007ff8c8260000 - 0x00007ff8c827b000 	C:\WINDOWS\SYSTEM32\SAMCLI.DLL
0x00007ff820ae0000 - 0x00007ff820da1000 	C:\Progs\Xilinx\Vivado\2024.2\lib\win64.o\xerces-c_3_2.dll
0x00007ff8c9050000 - 0x00007ff8c90bc000 	C:\WINDOWS\SYSTEM32\MSWSOCK.DLL
0x00007ff820ab0000 - 0x00007ff820ad1000 	C:\Progs\Xilinx\Vivado\2024.2\lib\win64.o\boost_iostreams.dll
0x00007ff8cc110000 - 0x00007ff8cc142000 	C:\WINDOWS\System32\IMM32.DLL
0x00007ff8c94b0000 - 0x00007ff8c94c3000 	C:\WINDOWS\SYSTEM32\MSASN1.dll
0x00007ff8c9450000 - 0x00007ff8c946b000 	C:\WINDOWS\SYSTEM32\CRYPTSP.dll
0x00007ff8c8a60000 - 0x00007ff8c8a99000 	C:\WINDOWS\system32\rsaenh.dll
0x00007ff8c9430000 - 0x00007ff8c943c000 	C:\WINDOWS\SYSTEM32\CRYPTBASE.dll
0x00007ff8ca6b0000 - 0x00007ff8ca755000 	C:\WINDOWS\System32\bcryptPrimitives.dll
0x00007ff8cb600000 - 0x00007ff8cb620000 	C:\WINDOWS\System32\imagehlp.dll
0x00007ff8c8b00000 - 0x00007ff8c8b1b000 	C:\WINDOWS\SYSTEM32\kernel.appcore.dll
0x00007ff8c90c0000 - 0x00007ff8c90f0000 	C:\WINDOWS\SYSTEM32\gpapi.dll
0x00007ff8a9d60000 - 0x00007ff8a9d9b000 	C:\Windows\System32\cryptnet.dll
0x00007ff8c9cd0000 - 0x00007ff8c9cf9000 	C:\WINDOWS\SYSTEM32\profapi.dll
0x00007ff8c82c0000 - 0x00007ff8c82f2000 	C:\WINDOWS\SYSTEM32\IPHLPAPI.DLL
0x00007ff8c70d0000 - 0x00007ff8c70de000 	C:\WINDOWS\SYSTEM32\WINNSI.DLL
0x00007ff8cb650000 - 0x00007ff8cb65a000 	C:\WINDOWS\System32\NSI.dll
0x00007ff8c3f70000 - 0x00007ff8c3f8d000 	C:\WINDOWS\SYSTEM32\dhcpcsvc6.DLL
0x00007ff89e210000 - 0x00007ff89e2de000 	C:\WINDOWS\SYSTEM32\webio.dll
0x00007ff8c8da0000 - 0x00007ff8c8de9000 	C:\WINDOWS\SYSTEM32\SspiCli.dll
0x00007ff8c8350000 - 0x00007ff8c8482000 	C:\WINDOWS\SYSTEM32\DNSAPI.dll
0x000000005a860000 - 0x000000005a86b000 	C:\Program Files\National Instruments\Shared\mDNS Responder\nimdnsNSP.dll
0x000000005a840000 - 0x000000005a851000 	C:\WINDOWS\SYSTEM32\nimdnsResponder.dll
0x00007ff8c24a0000 - 0x00007ff8c24ab000 	C:\Windows\System32\rasadhlp.dll
0x00007ff8c48c0000 - 0x00007ff8c4946000 	C:\WINDOWS\System32\fwpuclnt.dll
0x00007ff81fee0000 - 0x00007ff8205ac000 	C:\Progs\Xilinx\Vivado\2024.2\lib\win64.o\xv_commontasks.dll
0x00007ff81f150000 - 0x00007ff81fed1000 	C:\Progs\Xilinx\Vivado\2024.2\tps\win64\jre21.0.1_12\bin\server\jvm.dll
0x00007ff8bffb0000 - 0x00007ff8bffe6000 	C:\WINDOWS\SYSTEM32\WINMM.dll
0x00007ff8c9c10000 - 0x00007ff8c9c6e000 	C:\WINDOWS\SYSTEM32\POWRPROF.dll
0x00007ff81ec40000 - 0x00007ff81f140400 	C:\Progs\Xilinx\Vivado\2024.2\lib\win64.o\xv_sio.dll
0x00007ff8c9bf0000 - 0x00007ff8c9c04000 	C:\WINDOWS\SYSTEM32\UMPDC.dll
0x00007ff89e190000 - 0x00007ff89e1a8000 	C:\WINDOWS\system32\napinsp.dll
0x00007ff89e170000 - 0x00007ff89e183000 	C:\WINDOWS\System32\winrnr.dll
0x00007ff89e140000 - 0x00007ff89e162000 	C:\WINDOWS\system32\nlansp_c.dll
0x00007ff89dee0000 - 0x00007ff89def6000 	C:\WINDOWS\system32\wshbth.dll
0x00007ff8bf6b0000 - 0x00007ff8bf6cb000 	C:\WINDOWS\SYSTEM32\wkscli.dll
0x00007ff8b2860000 - 0x00007ff8b2873000 	C:\WINDOWS\SYSTEM32\cscapi.dll
0x00007ff81ad60000 - 0x00007ff81ec33000 	C:\Progs\Xilinx\Vivado\2024.2\lib\win64.o\xv_tcltasks.dll
0x00007ff81ac80000 - 0x00007ff81ad59000 	C:\Progs\Xilinx\Vivado\2024.2\lib\win64.o\xv_xhubtasks.dll
0x00007ff819ea0000 - 0x00007ff81ac7f000 	C:\Progs\Xilinx\Vivado\2024.2\lib\win64.o\xv_power.dll
0x00007ff8181b0000 - 0x00007ff819e98000 	C:\Progs\Xilinx\Vivado\2024.2\lib\win64.o\xv_implflow.dll
0x00007ff8175b0000 - 0x00007ff8181ab000 	C:\Progs\Xilinx\Vivado\2024.2\lib\win64.o\xv_project.dll
0x00007ff816950000 - 0x00007ff8175a4000 	C:\Progs\Xilinx\Vivado\2024.2\lib\win64.o\xv_lopt.dll
0x00007ff810f40000 - 0x00007ff81694f000 	C:\Progs\Xilinx\Vivado\2024.2\lib\win64.o\xv_route.dll
0x00007ff810770000 - 0x00007ff810f31000 	C:\Progs\Xilinx\Vivado\2024.2\lib\win64.o\xv_runs.dll
0x00007ff810600000 - 0x00007ff810766000 	C:\Progs\Xilinx\Vivado\2024.2\lib\win64.o\xv_chipscope.dll
0x00007ff80fa00000 - 0x00007ff8105fe000 	C:\Progs\Xilinx\Vivado\2024.2\lib\win64.o\xv_rsb.dll
0x00007ff80ed50000 - 0x00007ff80f9fd000 	C:\Progs\Xilinx\Vivado\2024.2\lib\win64.o\xv_drc.dll
0x00007ff80ec40000 - 0x00007ff80ed4c000 	C:\Progs\Xilinx\Vivado\2024.2\lib\win64.o\xv_dsp.dll
0x00007ff80e9b0000 - 0x00007ff80ec35000 	C:\Progs\Xilinx\Vivado\2024.2\lib\win64.o\xv_chipscopeimpl.dll
0x00007ff80bdd0000 - 0x00007ff80e9a8000 	C:\Progs\Xilinx\Vivado\2024.2\lib\win64.o\xv_mig.dll
0x00007ff806460000 - 0x00007ff80bdc5000 	C:\Progs\Xilinx\Vivado\2024.2\lib\win64.o\xv_place.dll
0x00007ff805fc0000 - 0x00007ff806457000 	C:\Progs\Xilinx\Vivado\2024.2\lib\win64.o\xv_dlyest.dll
0x00007ff805900000 - 0x00007ff805fbf000 	C:\Progs\Xilinx\Vivado\2024.2\lib\win64.o\xv_memdata.dll
0x00007ff804000000 - 0x00007ff8058f9000 	C:\Progs\Xilinx\Vivado\2024.2\lib\win64.o\xv_timing.dll

dbghelp: loaded successfully - version: 4.0.5 - missing functions: none
symbol engine: initialized successfully - sym options: 0x614 - pdb path: .;C:\Progs\Xilinx\Vivado\2024.2\bin\unwrapped\win64.o;C:\WINDOWS\SYSTEM32;C:\Progs\Xilinx\Vivado\2024.2\lib\win64.o;C:\WINDOWS\WinSxS\amd64_microsoft.windows.common-controls_6595b64144ccf1df_5.82.26100.8115_none_87ecef177a2e8a19;C:\Program Files\National Instruments\Shared\mDNS Responder;C:\Progs\Xilinx\Vivado\2024.2\tps\win64\jre21.0.1_12\bin\server;C:\Progs\Xilinx\Vivado\2024.2\tps\win64\jre21.0.1_12\bin;C:\WINDOWS\WinSxS\amd64_microsoft.windows.common-controls_6595b64144ccf1df_6.0.26100.8115_none_3e075c82e3354f9c

VM Arguments:
jvm_args: -Dsun.java2d.pmoffscreen=false -Dhttps.protocols=TLSv1,TLSv1.1,TLSv1.2 -Dsun.java2d.xrender=false -Dsun.java2d.d3d=false -Dsun.awt.nopixfmt=true -Dsun.java2d.dpiaware=true -Dsun.java2d.uiScale.enabled=false -Dswing.aatext=true -XX:-UsePerfData -Djdk.map.althashing.threshold=512 -XX:StringTableSize=4072 -XX:+UseStringDeduplication -XX:MaxGCPauseMillis=200 -XX:ParallelGCThreads=4 -XX:+ParallelRefProcEnabled --add-opens=java.desktop/javax.swing.plaf.synth=ALL-UNNAMED --add-opens=java.base/java.nio=ALL-UNNAMED --add-opens=java.desktop/sun.swing=ALL-UNNAMED --add-opens=java.desktop/javax.swing=ALL-UNNAMED --add-opens=java.desktop/javax.swing.tree=ALL-UNNAMED --add-opens=java.desktop/javax.swing.plaf.basic=ALL-UNNAMED --add-opens=java.desktop/javax.swing.plaf.synth=ALL-UNNAMED --add-opens=java.desktop/javax.swing.plaf.basic=ALL-UNNAMED --add-opens=java.desktop/javax.swing=ALL-UNNAMED --add-opens=java.desktop/javax.swing.tree=ALL-UNNAMED --add-opens=java.desktop/java.awt.event=ALL-UNNAMED --add-exports=java.desktop/javax.swing.plaf.synth=ALL-UNNAMED --add-exports=java.base/java.nio=ALL-UNNAMED --add-exports=java.desktop/sun.swing=ALL-UNNAMED --add-exports=java.desktop/javax.swing=ALL-UNNAMED --add-exports=java.desktop/javax.swing.tree=ALL-UNNAMED --add-exports=java.desktop/javax.swing.plaf.basic=ALL-UNNAMED --add-exports=java.desktop/sun.swing=ALL-UNNAMED --add-exports=java.desktop/sun.swing.table=ALL-UNNAMED --add-exports=java.desktop/sun.swing.plaf.synth=ALL-UNNAMED --add-exports=java.desktop/sun.awt.shell=ALL-UNNAMED --add-exports=java.base/sun.security.action=ALL-UNNAMED --add-exports=java.desktop/sun.font=ALL-UNNAMED -XX:NewSize=80m -XX:MaxNewSize=80m -Xms512m -Xmx4072m -Xss10m 
java_command: <unknown>
java_class_path (initial): C:/Progs/Xilinx/Vivado/2024.2\lib\classes\apiguardian-api-1.1.0.jar;C:/Progs/Xilinx/Vivado/2024.2\lib\classes\asm-9.6-11.0.11-90.jar;C:/Progs/Xilinx/Vivado/2024.2\lib\classes\asm-analysis-9.6-11.0.11-90.jar;C:/Progs/Xilinx/Vivado/2024.2\lib\classes\asm-commons-9.6-11.0.11-90.jar;C:/Progs/Xilinx/Vivado/2024.2\lib\classes\asm-tree-9.6-11.0.11-90.jar;C:/Progs/Xilinx/Vivado/2024.2\lib\classes\autoesl-models-1.0.0-90.jar;C:/Progs/Xilinx/Vivado/2024.2\lib\classes\batik-anim-1.0.0-90.jar;C:/Progs/Xilinx/Vivado/2024.2\lib\classes\batik-awt-util-1.0.0-90.jar;C:/Progs/Xilinx/Vivado/2024.2\lib\classes\batik-bridge-1.0.0-90.jar;C:/Progs/Xilinx/Vivado/2024.2\lib\classes\batik-codec-1.0.0-90.jar;C:/Progs/Xilinx/Vivado/2024.2\lib\classes\batik-constants-1.0.0-90.jar;C:/Progs/Xilinx/Vivado/2024.2\lib\classes\batik-css-1.0.0-90.jar;C:/Progs/Xilinx/Vivado/2024.2\lib\classes\batik-dom-1.0.0-90.jar;C:/Progs/Xilinx/Vivado/2024.2\lib\classes\batik-ext-1.0.0-90.jar;C:/Progs/Xilinx/Vivado/2024.2\lib\classes\batik-gui-util-1.0.0-90.jar;C:/Progs/Xilinx/Vivado/2024.2\lib\classes\batik-gvt-1.0.0-90.jar;C:/Progs/Xilinx/Vivado/2024.2\lib\classes\batik-i18n-1.0.0-90.jar;C:/Progs/Xilinx/Vivado/2024.2\lib\classes\batik-parser-1.0.0-90.jar;C:/Progs/Xilinx/Vivado/2024.2\lib\classes\batik-script-1.0.0-90.jar;C:/Progs/Xilinx/Vivado/2024.2\lib\classes\batik-svg-dom-1.0.0-90.jar;C:/Progs/Xilinx/Vivado/2024.2\lib\classes\batik-svggen-1.0.0-90.jar;C:/Progs/Xilinx/Vivado/2024.2\lib\classes\batik-swing-1.0.0-90.jar;C:/Progs/Xilinx/Vivado/2024.2\lib\classes\batik-transcoder-1.0.0-90.jar;C:/Progs/Xilinx/Vivado/2024.2\lib\classes\batik-util-1.0.0-90.jar;C:/Progs/Xilinx/Vivado/2024.2\lib\classes\batik-xml-1.0.0-90.jar;C:/Progs/Xilinx/Vivado/2024.2\lib\classes\checker-qual-3.12.0.jar;C:/Progs/Xilinx/Vivado/2024.2\lib\classes\com.fasterxml.jackson.core.jackson-annotations_2.12.1.v20210128-1726-1.0.0-90.jar;C:/Progs/Xilinx/Vivado/2024.2\lib\classes\com.fasterxml.jackson.core.jackson-annotations_2.12.1.v20210128-1726-1.5.0-90.jar;C:/Progs/Xilinx/Vivado/2024.2\lib\classes\com.fasterxml.jackson.core.jackson-core_2.12.1.v20210128-1726-1.0.0-90.jar;C:/Progs/Xilinx/Vivado/2024.2\lib\classes\com.fasterxml.jackson.core.jackson-core_2.12.1.v20210128-1726-1.5.0-90.jar;C:/Progs/Xilinx/Vivado/2024.2\lib\classes\com.fasterxml.jackson.core.jackson-databind_2.12.1.v20210128-1726-1.0.0-90.jar;C:/Progs/Xilinx/Vivado/2024.2\lib\classes\com.fasterxml.jackson.core.jackson-databind_2.12.1.v20210128-1726-1.5.0-90.jar;C:/Progs/Xilinx/Vivado/2024.2\lib\classes\com.google.gson_2.8.9.v20220111-1409-1.5.0-90.jar;C:/Progs/Xilinx/Vivado/2024.2\lib\classes\com.google.guava_30.1.0.v20210127-2300-1.5.0-90.jar;C:/Progs/Xilinx/Vivado/2024.2\lib\classes\com.sigasi.hdt.connection_4.17.2.202304211001-1.5.0-90.jar;C:/Progs/Xilinx/Vivado/2024.2\lib\classes\com.sigasi.hdt.epl_4.17.2.202304211001-1.5.0-90.jar;C:/Progs/Xilinx/Vivado/2024.2\lib\classes\com.sigasi.hdt.project_4.17.2.202304211001-1.5.0-90.jar;C:/Progs/Xilinx/Vivado/2024.2\lib\classes\com.sigasi.hdt.readonlyfilesystem_4.17.2.202304211001-1.5.0-90.jar;C:/Progs/Xilinx/Vivado/2024.2\lib\classes\com.sigasi.hdt.shared_4.17.2.202304211001-1.5.0-90.jar;C:/Progs/Xilinx/Vivado/2024.2\lib\classes\com.sigasi.lcm_4.17.2.202304211001-1.5.0-90.jar;C:/Progs/Xilinx/Vivado/2024.2\lib\classes\com.sigasi.lsp.server.extensions_4.17.2.202304211001-1.5.0-90.jar;C:/Progs/Xilinx/Vivado/2024.2\lib\classes\com.sigasi.sdk.client_1.5.0.202304211001-1.5.0-90.jar;C:/Progs/Xilinx/Vivado/2024.2\lib\classes\commons-collections4-4.1-3.7.8-90.jar;C:/Progs/Xilinx/Vivado/2024.2\lib\classes\commons-compress-1.21-3.7.8-90.jar;C:/Progs/Xilinx/Vivado/2024.2\lib\classes\commons-io-2.15.0-11.0.11-90.jar;C:/Progs/Xilinx/Vivado/2024.2\lib\classes\commons-io-2.6.jar;C:/Progs/Xilinx/Vivado/2024.2\lib\classes\commons-lang3-3.14.0-11.0.11-90.jar;C:/Progs/Xilinx/Vivado/2024.2\lib\classes\commons-math-2.2-3.7.8-90.jar;C:/Progs/Xilinx/Vivado/2024.2\lib\classes\DispatchProtocol-1.24.0-595.jar;C:/Progs/Xilinx/Vivado/2024.2\lib\classes\dom4j-1.6.1-3.7.8-90.jar;C:/Progs/Xilinx/Vivado/2024.2\lib\classes\error_prone_annotations-2.11.0.jar;C:/Progs/Xilinx/Vivado/2024.2\lib\classes\failureaccess-1.0.1.jar;C:/Progs/Xilinx/Vivado/2024.2\lib\classes\frank_frameworks-1.0.0-595.jar;C:/Progs/Xilinx/Vivado/2024.2\lib\classes\gson-2.8.9.jar;C:/Progs/Xilinx/Vivado/2024.2\lib\classes\guava-31.1-android.jar;C:/Progs/Xilinx/Vivado/2024.2\lib\classes\help-1.24.0-412.jar;C:/Progs/Xilinx/Vivado/2024.2\lib\classes\hsqldb-3.7.8-90.jar;C:/Progs/Xilinx/Vivado/2024.2\lib\classes\j2objc-annotations-1.3.jar;C:/Progs/Xilinx/Vivado/2024.2\lib\classes\jakarta.annotation-api-2.1.0-11.0.11-90.jar;C:/Progs/Xilinx/Vivado/2024.2\lib\classes\jakarta.json-2.0.0-RC2-1.5.0-90.jar;C:/Progs/Xilinx/Vivado/2024.2\lib\classes\jakarta.json-api-2.0.0-RC2-1.5.0-90.jar;C:/Progs/Xilinx/Vivado/2024.2\lib\classes\jakarta.transaction-api-2.0.0-11.0.11-90.jar;C:/Progs/Xilinx/Vivado/2024.2\lib\classes\jaxb-api-2.3.0.jar;C:/Progs/Xilinx/Vivado/2024.2\lib\classes\jericho-html-3.4-1.0.0-90.jar;C:/Progs/Xilinx/Vivado/2024.2\lib\classes\jetty-jakarta-servlet-api-5.0.2-11.0.11-90.jar;C:/Progs/Xilinx/Vivado/2024.2\lib\classes\jh-2.0.05-90.jar;C:/Progs/Xilinx/Vivado/2024.2\lib\classes\jide-action-3.7.8-90.jar;C:/Progs/Xilinx/Vivado/2024.2\lib\classes\jide-charts-3.7.8-90.jar;C:/Progs/Xilinx/Vivado/2024.2\lib\classes\jide-common-3.7.8-90.jar;C:/Progs/Xilinx/Vivado/2024.2\lib\classes\jide-components-3.7.8-90.jar;C:/Progs/Xilinx/Vivado/2024.2\lib\classes\jide-dashboard-3.7.8-90.jar;C:/Progs/Xilinx/Vivado/2024.2\lib\classes\jide-data-3.7.8-90.jar;C:/Progs/Xilinx/Vivado/2024.2\lib\classes\jide-dialogs-3.7.8-90.jar;C:/Progs/Xilinx/Vivado/2024.2\lib\classes\jide-diff-3.7.8-90.jar;C:/Progs/Xilinx/Vivado/2024.2\lib\classes\jide-dock-3.7.8-90.jar;C:/Progs/Xilinx/Vivado/2024.2\lib\classes\jide-editor-3.7.8-90.jar;C:/Progs/Xilinx/Vivado/2024.2\lib\classes\jide-gantt-3.7.8-90.jar;C:/Progs/Xilinx/Vivado/2024.2\lib\classes\jide-grids-3.7.8-90.jar;C:/Progs/Xilinx/Vivado/2024.2\lib\classes\jide-pivot-3.7.8-90.jar;C:/Progs/Xilinx/Vivado/2024.2\lib\classes\jide-plaf-jdk7-3.7.8-90.jar;C:/Progs/Xilinx/Vivado/2024.2\lib\classes\jide-properties-3.7.8-90.jar;C:/Progs/Xilinx/Vivado/2024.2\lib\classes\jide-shortcut-3.7.8-90.jar;C:/Progs/Xilinx/Vivado/2024.2\lib\classes\jide-treemap-3.7.8-90.jar;C:/Progs/Xilinx/Vivado/2024.2\lib\classes\JRCClient-1.24.0-595.jar;C:/Progs/Xilinx/Vivado/2024.2\lib\classes\jsr305-3.0.2.jar;C:/Progs/Xilinx/Vivado/2024.2\lib\classes\junit-jupiter-api-5.6.2.jar;C:/Progs/Xilinx/Vivado/2024.2\lib\classes\junit-platform-commons-1.6.2.jar;C:/Progs/Xilinx/Vivado/2024.2\lib\classes\justify-3.0.0-RC2-1.5.0-90.jar;C:/Progs/Xilinx/Vivado/2024.2\lib\classes\jydocking-3.3.1-90.jar;C:/Progs/Xilinx/Vivado/2024.2\lib\classes\jytable-3.3.1-90.jar;C:/Progs/Xilinx/Vivado/2024.2\lib\classes\jywidgets-3.3.1-90.jar;C:/Progs/Xilinx/Vivado/2024.2\lib\classes\listenablefuture-9999.0-empty-to-avoid-conflict-with-guava.jar;C:/Progs/Xilinx/Vivado/2024.2\lib\classes\log4j-1.2-api-2.17.1-1.5.0-90.jar;C:/Progs/Xilinx/Vivado/2024.2\lib\classes\log4j-api-2.17.1-1.5.0-90.jar;C:/Progs/Xilinx/Vivado/2024.2\lib\classes\log4j-core-2.17.1-1.5.0-90.jar;C:/Progs/Xilinx/Vivado/2024.2\lib\classes\lucene-analyzers-common-4.10.2-3.7.8-90.jar;C:/Progs/Xilinx/Vivado/2024.2\lib\classes\lucene-core-4.10.2-3.7.8-90.jar;C:/Progs/Xilinx/Vivado/2024.2\lib\classes\lucene-queryparser-4.10.2-3.7.8-90.jar;C:/Progs/Xilinx/Vivado/2024.2\lib\classes\matlab_jmi-1.0.0-90.jar;C:/Progs/Xilinx/Vivado/2024.2\lib\classes\miglayout-3.7.3.1.jar;C:/Progs/Xilinx/Vivado/2024.2\lib\classes\nlview_java-1.0.0-90.jar;C:/Progs/Xilinx/Vivado/2024.2\lib\classes\opentest4j-1.2.0.jar;C:/Progs/Xilinx/Vivado/2024.2\lib\classes\org.apache.commons.lang_2.6.0.v201404270220-1.0.0-90.jar;C:/Progs/Xilinx/Vivado/2024.2\lib\classes\org.eclipse.core.commands-3.6.0-1.0.0-90.jar;C:/Progs/Xilinx/Vivado/2024.2\lib\classes\org.eclipse.core.filesystem_1.7.400.v20190518-1151-1.0.0-90.jar;C:/Progs/Xilinx/Vivado/2024.2\lib\classes\org.eclipse.core.jobs_3.10.400.v20190506-1457-1.0.0-90.jar;C:/Progs/Xilinx/Vivado/2024.2\lib\classes\org.eclipse.core.resources_3.13.400.v20190505-1655-1.0.0-90.jar;C:/Progs/Xilinx/Vivado/2024.2\lib\classes\org.eclipse.emf.common_2.18.0.v20191225-1014-1.0.0-90.jar;C:/Progs/Xilinx/Vivado/2024.2\lib\classes\org.eclipse.emf.common_2.24.0.v20220123-0838-1.5.0-90.jar;C:/Progs/Xilinx/Vivado/2024.2\lib\classes\org.eclipse.emf.ecore.xmi_2.16.0.v20190528-0725-1.0.0-90.jar;C:/Progs/Xilinx/Vivado/2024.2\lib\classes\org.eclipse.emf.ecore_2.21.0.v20200127-1342-1.0.0-90.jar;C:/Progs/Xilinx/Vivado/2024.2\lib\classes\org.eclipse.equinox.common_3.11.0.v20200206-0817-1.0.0-90.jar;C:/Progs/Xilinx/Vivado/2024.2\lib\classes\org.eclipse.equinox.registry_3.8.400.v20190516-1504-1.0.0-90.jar;C:/Progs/Xilinx/Vivado/2024.2\lib\classes\org.eclipse.jetty.alpn.client_11.0.18-11.0.11-90.jar;C:/Progs/Xilinx/Vivado/2024.2\lib\classes\org.eclipse.jetty.annotations_11.0.18-11.0.11-90.jar;C:/Progs/Xilinx/Vivado/2024.2\lib\classes\org.eclipse.jetty.client_11.0.18-11.0.11-90.jar;C:/Progs/Xilinx/Vivado/2024.2\lib\classes\org.eclipse.jetty.http_11.0.18-11.0.11-90.jar;C:/Progs/Xilinx/Vivado/2024.2\lib\classes\org.eclipse.jetty.io_11.0.18-11.0.11-90.jar;C:/Progs/Xilinx/Vivado/2024.2\lib\classes\org.eclipse.jetty.jndi_11.0.18-11.0.11-90.jar;C:/Progs/Xilinx/Vivado/2024.2\lib\classes\org.eclipse.jetty.plus_11.0.18-11.0.11-90.jar;C:/Progs/Xilinx/Vivado/2024.2\lib\classes\org.eclipse.jetty.security_11.0.18-11.0.11-90.jar;C:/Progs/Xilinx/Vivado/2024.2\lib\classes\org.eclipse.jetty.server_11.0.18-11.0.11-90.jar;C:/Progs/Xilinx/Vivado/2024.2\lib\classes\org.eclipse.jetty.servlet_11.0.18-11.0.11-90.jar;C:/Progs/Xilinx/Vivado/2024.2\lib\classes\org.eclipse.jetty.util_11.0.18-11.0.11-90.jar;C:/Progs/Xilinx/Vivado/2024.2\lib\classes\org.eclipse.jetty.webapp_11.0.18-11.0.11-90.jar;C:/Progs/Xilinx/Vivado/2024.2\lib\classes\org.eclipse.jetty.websocket.api_11.0.18-11.0.11-90.jar;C:/Progs/Xilinx/Vivado/2024.2\lib\classes\org.eclipse.jetty.websocket.client_11.0.18-11.0.11-90.jar;C:/Progs/Xilinx/Vivado/2024.2\lib\classes\org.eclipse.jetty.websocket.common_11.0.18-11.0.11-90.jar;C:/Progs/Xilinx/Vivado/2024.2\lib\classes\org.eclipse.jetty.websocket.core.client_11.0.18-11.0.11-90.jar;C:/Progs/Xilinx/Vivado/2024.2\lib\classes\org.eclipse.jetty.websocket.core.common_11.0.18-11.0.11-90.jar;C:/Progs/Xilinx/Vivado/2024.2\lib\classes\org.eclipse.jetty.websocket.core.server_11.0.18-11.0.11-90.jar;C:/Progs/Xilinx/Vivado/2024.2\lib\classes\org.eclipse.jetty.websocket.server_11.0.18-11.0.11-90.jar;C:/Progs/Xilinx/Vivado/2024.2\lib\classes\org.eclipse.jetty.websocket.servlet_11.0.18-11.0.11-90.jar;C:/Progs/Xilinx/Vivado/2024.2\lib\classes\org.eclipse.jetty.xml_11.0.18-11.0.11-90.jar;C:/Progs/Xilinx/Vivado/2024.2\lib\classes\org.eclipse.lsp4j.jsonrpc_0.12.0.v20210402-1305-1.5.0-90.jar;C:/Progs/Xilinx/Vivado/2024.2\lib\classes\org.eclipse.lsp4j_0.12.0.v20210402-1305-1.5.0-90.jar;C:/Progs/Xilinx/Vivado/2024.2\lib\classes\org.eclipse.xtext.util_2.18.0.v20190603-1042-1.0.0-90.jar;C:/Progs/Xilinx/Vivado/2024.2\lib\classes\org.eclipse.xtext.util_2.26.0.v20220228-0751-1.5.0-90.jar;C:/Progs/Xilinx/Vivado/2024.2\lib\classes\org.eclipse.xtext.xbase.lib_2.26.0.v20220228-0748-1.5.0-90.jar;C:/Progs/Xilinx/Vivado/2024.2\lib\classes\picocli-4.1.2.jar;C:/Progs/Xilinx/Vivado/2024.2\lib\classes\planAhead.jar;C:/Progs/Xilinx/Vivado/2024.2\lib\classes\poi-4.1.1-3.7.8-90.jar;C:/Progs/Xilinx/Vivado/2024.2\lib\classes\poi-ooxml-4.1.1-3.7.8-90.jar;C:/Progs/Xilinx/Vivado/2024.2\lib\classes\poi-ooxml-schemas-4.1.1-3.7.8-90.jar;C:/Progs/Xilinx/Vivado/2024.2\lib\classes\protobuf-java-3.21.12.jar;C:/Progs/Xilinx/Vivado/2024.2\lib\classes\protobuf-java-util-3.21.12.jar;C:/Progs/Xilinx/Vivado/2024.2\lib\classes\RuleService-1.24.0-595.jar;C:/Progs/Xilinx/Vivado/2024.2\lib\classes\slf4j-api-2.0.9-11.0.11-90.jar;C:/Progs/Xilinx/Vivado/2024.2\lib\classes\swingx-core-1.6.2-90.jar;C:/Progs/Xilinx/Vivado/2024.2\lib\classes\synthetica-3.3.1-90.jar;C:/Progs/Xilinx/Vivado/2024.2\lib\classes\syntheticaAddons-3.3.1-90.jar;C:/Progs/Xilinx/Vivado/2024.2\lib\classes\syntheticaDark-3.3.1-90.jar;C:/Progs/Xilinx/Vivado/2024.2\lib\classes\syntheticaPlain-3.3.1-90.jar;C:/Progs/Xilinx/Vivado/2024.2\lib\classes\syntheticaPlainAddon-3.3.1-90.jar;C:/Progs/Xilinx/Vivado/2024.2\lib\classes\sysgen.jar;C:/Progs/Xilinx/Vivado/2024.2\lib\classes\va-shared-1.0.0-595.jar;C:/Progs/Xilinx/Vivado/2024.2\lib\classes\VlmGUI.jar;C:/Progs/Xilinx/Vivado/2024.2\lib\classes\xml-apis-ext-1.0.0-90.jar;C:/Progs/Xilinx/Vivado/2024.2\lib\classes\xmlbeans-3.1.0-3.7.8-90.jar;C:/Progs/Xilinx/Vivado/2024.2\lib\classes\xmlgraphics-commons-1.0.0-90.jar;C:/Progs/Xilinx/Vivado/2024.2\lib\classes\yfiles-for-java-swing-3.3.0-90.jar;C:/Progs/Xilinx/Vivado/2024.2\lib\classes\windows\gluegen-rt-95.0.4638.69-90.jar;C:/Progs/Xilinx/Vivado/2024.2\lib\classes\windows\gluegen-rt-natives-windows-amd64-95.0.4638.69-90.jar;C:/Progs/Xilinx/Vivado/2024.2\lib\classes\windows\javafx-swt-21.0.1-90.jar;C:/Progs/Xilinx/Vivado/2024.2\lib\classes\windows\javafx.base-21.0.1-90.jar;C:/Progs/Xilinx/Vivado/2024.2\lib\classes\windows\javafx.controls-21.0.1-90.jar;C:/Progs/Xilinx/Vivado/2024.2\lib\classes\windows\javafx.fxml-21.0.1-90.jar;C:/Progs/Xilinx/Vivado/2024.2\lib\classes\windows\javafx.graphics-21.0.1-90.jar;C:/Progs/Xilinx/Vivado/2024.2\lib\classes\windows\javafx.media-21.0.1-90.jar;C:/Progs/Xilinx/Vivado/2024.2\lib\classes\windows\javafx.swing-21.0.1-90.jar;C:/Progs/Xilinx/Vivado/2024.2\lib\classes\windows\javafx.web-21.0.1-90.jar;C:/Progs/Xilinx/Vivado/2024.2\lib\classes\windows\jcef-95.0.4638.69-90.jar;C:/Progs/Xilinx/Vivado/2024.2\lib\classes\windows\jcef-tests-95.0.4638.69-90.jar;C:/Progs/Xilinx/Vivado/2024.2\lib\classes\windows\jogl-all-95.0.4638.69-90.jar;C:/Progs/Xilinx/Vivado/2024.2\lib\classes\windows\jogl-all-natives-windows-amd64-95.0.4638.69-90.jar
Launcher Type: generic

[Global flags]
     intx CICompilerCount                          = 12                                        {product} {ergonomic}
     uint ConcGCThreads                            = 1                                         {product} {ergonomic}
     uint G1ConcRefinementThreads                  = 4                                         {product} {ergonomic}
   size_t G1HeapRegionSize                         = 2097152                                   {product} {ergonomic}
    uintx GCDrainStackTargetSize                   = 64                                        {product} {ergonomic}
   size_t InitialHeapSize                          = 536870912                                 {product} {command line}
   size_t MarkStackSize                            = 4194304                                   {product} {ergonomic}
    uintx MaxGCPauseMillis                         = 200                                       {product} {command line}
   size_t MaxHeapSize                              = 4269801472                                {product} {command line}
   size_t MaxNewSize                               = 83886080                                  {product} {command line}
   size_t MinHeapDeltaBytes                        = 2097152                                   {product} {ergonomic}
   size_t MinHeapSize                              = 536870912                                 {product} {command line}
   size_t NewSize                                  = 83886080                                  {product} {command line}
    uintx NonNMethodCodeHeapSize                   = 7602480                                {pd product} {ergonomic}
    uintx NonProfiledCodeHeapSize                  = 122027880                              {pd product} {ergonomic}
     uint ParallelGCThreads                        = 4                                         {product} {command line}
     bool ParallelRefProcEnabled                   = true                                      {product} {command line}
    uintx ProfiledCodeHeapSize                     = 122027880                              {pd product} {ergonomic}
    uintx ReservedCodeCacheSize                    = 251658240                              {pd product} {ergonomic}
     bool SegmentedCodeCache                       = true                                      {product} {ergonomic}
   size_t SoftMaxHeapSize                          = 4269801472                             {manageable} {ergonomic}
    uintx StringTableSize                          = 4072                                      {product} {command line}
     intx ThreadStackSize                          = 10240                                  {pd product} {command line}
     bool UseCompressedOops                        = true                           {product lp64_product} {ergonomic}
     bool UseG1GC                                  = true                                      {product} {ergonomic}
     bool UseLargePagesIndividualAllocation        = false                                  {pd product} {ergonomic}
     bool UsePerfData                              = false                                     {product} {command line}
     bool UseStringDeduplication                   = true                                      {product} {command line}

Logging:
Log output configuration:
 #0: stdout all=warning uptime,level,tags foldmultilines=false
 #1: stderr all=off uptime,level,tags foldmultilines=false

Environment Variables:
PATH=C:/Progs/Xilinx/Vivado/2024.2\gnuwin\bin;C:/Progs/Xilinx/Vivado/2024.2\gnu\microblaze\nt\bin;C:/Progs/Xilinx/Vivado/2024.2/bin;C:/Progs/Xilinx/Vivado/2024.2/tps/win64/java-cef-95.0.4638.69/bin/lib/win64;C:/Progs/Xilinx/Vivado/2024.2/tps/win64/javafx-sdk-21.0.1/lib;C:/Progs/Xilinx/Vivado/2024.2/tps/win64/javafx-sdk-21.0.1/bin;C:/Progs/Xilinx/Vivado/2024.2/lib/win64.o;C:/Progs/Xilinx/Vivado/2024.2/tps/win64/jre21.0.1_12/bin/server;C:/Progs/Xilinx/Vivado/2024.2/tps/win64/jre21.0.1_12/bin;C:/Progs/Xilinx/Vitis/2024.2/bin;C:/Progs/Xilinx/Vivado/2024.2/ids_lite/ISE/bin/nt64;C:/Progs/Xilinx/Vivado/2024.2/ids_lite/ISE/lib/nt64;C:/Progs/Xilinx/Vitis_HLS/2024.2/bin;C:\Program Files\Python313\Scripts\;C:\Program Files\Python313\;C:\WINDOWS\system32;C:\WINDOWS;C:\WINDOWS\System32\Wbem;C:\WINDOWS\System32\WindowsPowerShell\v1.0\;C:\WINDOWS\System32\OpenSSH\;C:\Program Files\Microsoft VS Code\bin;C:\Program Files\dotnet\;C:\Program Files (x86)\IVI Foundation\VISA\WinNT\Bin\;C:\Program Files\IVI Foundation\VISA\Win64\Bin\;C:\Program Files (x86)\National Instruments\Shared\LabVIEW CLI;C:\Program Files\Docker\Docker\resources\bin;C:\Users\devandla\AppData\Local\Microsoft\WindowsApps;C:\Users\devandla\AppData\Local\GitHubDesktop\bin;C:\Users\devandla\AppData\Local\Programs\Git\cmd;C:/Progs/Xilinx/Vivado/2024.2\tps\mingw\6.2.0\win64.o\nt\bin;C:/Progs/Xilinx/Vivado/2024.2\tps\mingw\6.2.0\win64.o\nt\libexec\gcc\x86_64-w64-mingw32\6.2.0;C:/Progs/Xilinx/Vivado/2024.2\tps\win64\python-3.8.3;C:/Progs/Xilinx/Vivado/2024.2\tps\win64\python-3.8.3\bin;C:/Progs/Xilinx/Vivado/2024.2\tps\win64\python-3.8.3\lib;C:/Progs/Xilinx/Vivado/2024.2\tps\win64\python-3.8.3\lib\site-packages
USERNAME=devandla
OS=Windows_NT
PROCESSOR_IDENTIFIER=Intel64 Family 6 Model 183 Stepping 1, GenuineIntel
TMP=C:\Users\LOCAL_~1\Temp
TEMP=C:\Users\LOCAL_~1\Temp




Periodic native trim disabled

---------------  S Y S T E M  ---------------

OS:
 Windows 11 , 64 bit Build 26100 (10.0.26100.8246)
OS uptime: 0 days 23:42 hours
Hyper-V role detected

CPU: total 28 (initial active 28) (14 cores per cpu, 2 threads per core) family 6 model 183 stepping 1 microcode 0x133, cx8, cmov, fxsr, ht, mmx, 3dnowpref, sse, sse2, sse3, ssse3, sse4.1, sse4.2, popcnt, lzcnt, tsc, tscinvbit, avx, avx2, aes, erms, clmul, bmi1, bmi2, adx, sha, fma, vzeroupper, clflush, clflushopt, clwb, hv, serialize, rdtscp, rdpid, fsrm, f16c, cet_ibt, cet_ss
Processor Information for all 28 processors :
  Max Mhz: 2100, Current Mhz: 2100, Mhz Limit: 2100

Memory: 4k page, system-wide physical 32454M (19159M free)
TotalPageFile size 37318M (AvailPageFile size 21469M)
current process WorkingSet (physical memory assigned to process): 1465M, peak: 2040M
current process commit charge ("private bytes"): 3694M, peak: 3699M

vm_info: OpenJDK 64-Bit Server VM (21.0.1+12-LTS) for windows-amd64 JRE (21.0.1+12-LTS), built on 2023-10-17T00:00:00Z by "admin" with unknown MS VC++:1937

END.
