$date
        2026-May-27 13:44:33
$end
$version
        Vivado v2024.2 (64-bit)
$end
$timescale
        1ps
$end
$scope module dut $end
$var reg 1 " design_2_i/adc_bit_decoder_0_t_ready $end
$var reg 1 # design_2_i/ZmodScopeController_0_cDataAxisTvalid $end
$var reg 1 $ design_2_i/delay_96_cycles_0_dout $end
$var reg 1 % design_2_i/adc_bit_decoder_0_bit_out $end
$var reg 14 & design_2_i/comparator_0_correct_bits [13:0] $end
$var reg 14 4 design_2_i/comparator_0_whole_bits [13:0] $end
$var reg 1 B _TRIGGER $end
$var reg 1 C _WINDOW $end
$var reg 1 D _GAP $end
$upscope $end
$enddefinitions $end
#0
$dumpvars
1"
1#
1$
0%
b1100111010001 &
b11111101010010 4
0B
1C
0D
$end
#1
0#
1%
#4
1#
#5
0#
#8
1#
#9
0#
#10
b1100111010010 &
#12
1#
#13
0#
#16
1#
#17
0#
#19
b11111101010011 4
#20
1#
#21
0#
0%
#24
1#
#25
0#
#28
1#
#29
0#
#32
1#
#33
0#
#36
1#
#37
0#
1%
#39
b11111101010100 4
#40
1#
#41
0#
0%
#44
1#
#45
0#
1%
#48
1#
#49
0#
0%
#52
1#
#53
0#
#56
1#
0$
#57
0#
1%
#59
b11111101010101 4
#60
1#
#61
0#
#64
1#
#65
0#
0%
#68
1#
#69
0#
1%
#72
1#
#73
0#
#76
1#
#77
0#
#79
b11111101010110 4
#80
1#
#81
0#
#84
1#
#85
0#
#88
1#
#89
0#
#92
1#
#93
0#
#96
1#
1$
#97
0#
#99
b11111101010111 4
#100
1#
#101
0#
0%
#104
1#
#105
0#
#108
1#
#109
0#
1%
#110
b1100111010011 &
#112
1#
#113
0#
#116
1#
0$
#117
0#
0%
#119
b11111101011000 4
#120
1#
#121
0#
1%
#124
1#
#125
0#
#128
1#
#129
0#
#132
1#
#133
0#
#136
1#
#137
0#
#139
b11111101011001 4
#140
1#
#141
0#
#144
1#
#145
0#
#148
1#
#149
0#
0%
#150
b1100111010100 &
#152
1#
#153
0#
1%
#156
1#
#157
0#
0%
#159
b11111101011010 4
#160
1#
#161
0#
1%
#164
1#
#165
0#
0%
#168
1#
#169
0#
#170
b1100111010101 &
#172
1#
#173
0#
1%
#176
1#
1$
#177
0#
#179
b11111101011011 4
#180
1#
#181
0#
0%
#184
1#
#185
0#
#188
1#
#189
0#
#192
1#
#193
0#
1%
#196
1#
0$
#197
0#
0%
#199
b11111101011100 4
#200
1#
#201
0#
1%
#204
1#
#205
0#
0%
#208
1#
#209
0#
#210
b1100111010110 &
#212
1#
#213
0#
#216
1#
#217
0#
1%
#219
b11111101011101 4
#220
1#
#221
0#
0%
#224
1#
#225
0#
1%
#228
1#
#229
0#
#232
1#
#233
0#
#236
1#
#237
0#
#239
b11111101011110 4
#240
1#
#241
0#
#244
1#
#245
0#
#248
1#
#249
0#
0%
#250
b1100111010111 &
#252
1#
#253
0#
1%
#256
1#
#257
0#
0%
#259
b11111101011111 4
#260
1#
#261
0#
#264
1#
#265
0#
1%
#268
1#
#269
0#
#272
1#
#273
0#
0%
#276
1#
1$
#277
0#
#279
b11111101100000 4
#280
1#
#281
0#
1%
#284
1#
#285
0#
#288
1#
#289
0#
#290
b1100111011000 &
#292
1#
#293
0#
0%
#296
1#
0$
#297
0#
#299
b11111101100001 4
#300
1#
#301
0#
1%
#304
1#
#305
0#
#308
1#
#309
0#
0%
#310
b1100111011001 &
#312
1#
#313
0#
#316
1#
#317
0#
#319
b11111101100010 4
#320
1#
#321
0#
1%
#324
1#
#325
0#
0%
#328
1#
#329
0#
#330
b1100111011010 &
#332
1#
#333
0#
#336
1#
1$
#337
0#
1%
#339
b11111101100011 4
#340
1#
#341
0#
#344
1#
#345
0#
0%
#348
1#
#349
0#
1%
#350
b1100111011011 &
#352
1#
#353
0#
#356
1#
#357
0#
0%
#359
b11111101100100 4
#360
1#
#361
0#
1%
#364
1#
#365
0#
0%
#368
1#
#369
0#
1%
#370
b1100111011100 &
#372
1#
#373
0#
#376
1#
0$
#377
0#
0%
#379
b11111101100101 4
#380
1#
#381
0#
1%
#384
1#
#385
0#
#388
1#
#389
0#
#392
1#
#393
0#
#396
1#
1$
#397
0#
0%
#399
b11111101100110 4
#400
1#
#401
0#
1%
#404
1#
#405
0#
#408
1#
#409
0#
#410
b1100111011101 &
#412
1#
#413
0#
0%
#416
1#
#417
0#
#419
b11111101100111 4
#420
1#
#421
0#
#424
1#
#425
0#
1%
#428
1#
#429
0#
#430
b1100111011110 &
#432
1#
#433
0#
0%
#436
1#
0$
#437
0#
#439
b11111101101000 4
#440
1#
#441
0#
1%
#444
1#
#445
0#
#448
1#
#449
0#
#452
1#
#453
0#
#456
1#
#457
0#
0%
#459
b11111101101001 4
#460
1#
#461
0#
1%
#464
1#
#465
0#
#468
1#
#469
0#
#472
1#
#473
0#
0%
#476
1#
#477
0#
1%
#479
b11111101101010 4
#480
1#
#481
0#
#484
1#
#485
0#
#488
1#
#489
0#
0%
#490
b1100111011111 &
#492
1#
#493
0#
#496
1#
#497
0#
1%
#499
b11111101101011 4
#500
1#
#501
0#
#504
1#
#505
0#
#508
1#
#509
0#
#512
1#
#513
0#
#516
1#
1$
#517
0#
#519
b11111101101100 4
#520
1#
#521
0#
0%
#524
1#
#525
0#
#528
1#
#529
0#
#532
1#
#533
0#
1%
#536
1#
#537
0#
0%
#539
b11111101101101 4
#540
1#
#541
0#
1%
#544
1#
#545
0#
0%
#548
1#
#549
0#
1%
#550
b1100111100000 &
#552
1#
#553
0#
#556
1#
0$
#557
0#
#559
b11111101101110 4
#560
1#
#561
0#
#564
1#
#565
0#
#568
1#
#569
0#
#572
1#
#573
0#
#576
1#
#577
0#
#579
b11111101101111 4
#580
1#
#581
0#
#584
1#
#585
0#
0%
#588
1#
#589
0#
#590
b1100111100001 &
#592
1#
#593
0#
1%
#596
1#
#597
0#
0%
#599
b11111101110000 4
#600
1#
#601
0#
1%
#604
1#
#605
0#
#608
1#
#609
0#
0%
#610
b1100111100010 &
#612
1#
#613
0#
#616
1#
#617
0#
1%
#619
b11111101110001 4
#620
1#
#621
0#
#624
1#
#625
0#
0%
#628
1#
#629
0#
#630
b1100111100011 &
#632
1#
#633
0#
#636
1#
#637
0#
#639
b11111101110010 4
#640
1#
#641
0#
1%
#644
1#
#645
0#
#648
1#
#649
0#
0%
#650
b1100111100100 &
#652
1#
#653
0#
1%
#656
1#
#657
0#
0%
#659
b11111101110011 4
#660
1#
#661
0#
#664
1#
#665
0#
1%
#668
1#
#669
0#
#672
1#
#673
0#
0%
#676
1#
#677
0#
#679
b11111101110100 4
#680
1#
#681
0#
#684
1#
#685
0#
1%
#688
1#
#689
0#
#692
1#
#693
0#
0%
#696
1#
1$
#697
0#
#699
b11111101110101 4
#700
1#
#701
0#
#704
1#
#705
0#
#708
1#
#709
0#
#712
1#
#713
0#
#716
1#
0$
#717
0#
#719
b11111101110110 4
#720
1#
#721
0#
1%
#724
1#
#725
0#
#728
1#
#729
0#
0%
#730
b1100111100101 &
#732
1#
#733
0#
#736
1#
1$
#737
0#
1%
#739
b11111101110111 4
#740
1#
#741
0#
0%
#744
1#
#745
0#
#748
1#
#749
0#
1%
#750
b1100111100110 &
#752
1#
#753
0#
0%
#756
1#
#757
0#
#759
b11111101111000 4
#760
1#
#761
0#
#764
1#
#765
0#
1%
#768
1#
#769
0#
0%
#772
1#
#773
0#
#776
1#
#777
0#
#779
b11111101111001 4
#780
1#
#781
0#
#784
1#
#785
0#
#788
1#
#789
0#
1%
#790
b1100111100111 &
#792
1#
#793
0#
#796
1#
#797
0#
0%
#799
b11111101111010 4
#800
1#
#801
0#
1%
#804
1#
#805
0#
#808
1#
#809
0#
0%
#812
1#
#813
0#
#816
1#
0$
#817
0#
#819
b11111101111011 4
#820
1#
#821
0#
1%
#824
1#
#825
0#
0%
#828
1#
#829
0#
#830
b1100111101000 &
#832
1#
#833
0#
1%
#836
1#
1$
#837
0#
#839
b11111101111100 4
#840
1#
#841
0#
0%
#844
1#
#845
0#
#848
1#
#849
0#
1%
#850
b1100111101001 &
#852
1#
#853
0#
0%
#856
1#
0$
#857
0#
1%
#859
b11111101111101 4
#860
1#
#861
0#
0%
#864
1#
#865
0#
1%
#868
1#
#869
0#
0%
#870
b1100111101010 &
#872
1#
#873
0#
1%
#876
1#
1$
#877
0#
0%
#879
b11111101111110 4
#880
1#
#881
0#
1%
#884
1#
#885
0#
0%
#888
1#
#889
0#
#892
1#
#893
0#
1%
#896
1#
0$
#897
0#
#899
b11111101111111 4
#900
1#
#901
0#
#904
1#
#905
0#
0%
#908
1#
#909
0#
1%
#912
1#
#913
0#
#916
1#
1$
#917
0#
#919
b11111110000000 4
#920
1#
#921
0#
0%
#924
1#
#925
0#
#928
1#
#929
0#
1%
#930
b1100111101011 &
#932
1#
#933
0#
#936
1#
#937
0#
0%
#939
b11111110000001 4
#940
1#
#941
0#
1%
#944
1#
#945
0#
#948
1#
#949
0#
0%
#952
1#
#953
0#
1%
#956
1#
0$
#957
0#
0%
#959
b11111110000010 4
#960
1#
#961
0#
#964
1#
#965
0#
#968
1#
#969
0#
#970
b1100111101100 &
#972
1#
#973
0#
1%
#976
1#
1$
#977
0#
#979
b11111110000011 4
#980
1#
#981
0#
0%
#984
1#
#985
0#
1%
#988
1#
#989
0#
#990
b1100111101101 &
#992
1#
#993
0#
#996
1#
0$
#997
0#
0%
#999
b11111110000100 4
#1000
1#
#1001
0#
#1004
1#
#1005
0#
#1008
1#
#1009
0#
1%
#1012
1#
#1013
0#
#1016
1#
#1017
0#
#1019
b11111110000101 4
#1020
1#
#1021
0#
0%
#1024
1#
#1025
0#
1%
#1028
1#
#1029
0#
#1032
1#
#1033
0#
#1036
1#
1$
#1037
0#
0%
#1039
b11111110000110 4
#1040
1#
#1041
0#
1%
#1044
1#
#1045
0#
0%
#1048
1#
#1049
0#
#1052
1#
#1053
0#
#1056
1#
0$
#1057
0#
1%
#1059
b11111110000111 4
#1060
1#
#1061
0#
#1064
1#
#1065
0#
#1068
1#
#1069
0#
#1072
1#
#1073
0#
#1076
1#
1$
#1077
0#
0%
#1079
b11111110001000 4
#1080
1#
#1081
0#
1%
#1084
1#
#1085
0#
0%
#1088
1#
#1089
0#
#1092
1#
#1093
0#
#1096
1#
#1097
0#
#1099
b11111110001001 4
#1100
1#
#1101
0#
1%
#1104
1#
#1105
0#
0%
#1108
1#
#1109
0#
#1112
1#
#1113
0#
1%
#1116
1#
#1117
0#
0%
#1119
b11111110001010 4
#1120
1#
#1121
0#
#1124
1#
#1125
0#
1%
#1128
1#
#1129
0#
#1130
b1100111101110 &
#1132
1#
#1133
0#
0%
#1136
1#
0$
#1137
0#
#1139
b11111110001011 4
#1140
1#
#1141
0#
#1144
1#
#1145
0#
#1148
1#
#1149
0#
#1150
b1100111101111 &
#1152
1#
#1153
0#
1%
#1156
1#
1$
#1157
0#
0%
#1159
b11111110001100 4
#1160
1#
#1161
0#
1%
#1164
1#
#1165
0#
#1168
1#
#1169
0#
#1170
b1100111110000 &
#1172
1#
#1173
0#
0%
#1176
1#
0$
#1177
0#
#1179
b11111110001101 4
#1180
1#
#1181
0#
1%
#1184
1#
#1185
0#
#1188
1#
#1189
0#
#1192
1#
#1193
0#
#1196
1#
1$
#1197
0#
#1199
b11111110001110 4
#1200
1#
#1201
0#
#1204
1#
#1205
0#
#1208
1#
#1209
0#
0%
#1212
1#
#1213
0#
#1216
1#
0$
#1217
0#
1%
#1219
b11111110001111 4
#1220
1#
#1221
0#
0%
#1224
1#
#1225
0#
1%
#1228
1#
#1229
0#
#1232
1#
#1233
0#
#1236
1#
#1237
0#
0%
#1239
b11111110010000 4
#1240
1#
#1241
0#
1%
#1244
1#
#1245
0#
#1248
1#
#1249
0#
#1252
1#
#1253
0#
#1256
1#
1$
#1257
0#
0%
#1259
b11111110010001 4
#1260
1#
#1261
0#
#1264
1#
#1265
0#
1%
#1268
1#
#1269
0#
#1270
b1100111110001 &
#1272
1#
#1273
0#
#1276
1#
#1277
0#
0%
#1279
b11111110010010 4
#1280
1#
#1281
0#
1%
#1284
1#
#1285
0#
0%
#1288
1#
#1289
0#
1%
#1290
b1100111110010 &
#1292
1#
#1293
0#
0%
#1296
1#
0$
#1297
0#
#1299
b11111110010011 4
#1300
1#
#1301
0#
1%
#1304
1#
#1305
0#
#1308
1#
#1309
0#
0%
#1310
b1100111110011 &
#1312
1#
#1313
0#
#1316
1#
1$
#1317
0#
1%
#1319
b11111110010100 4
#1320
1#
#1321
0#
#1324
1#
#1325
0#
#1328
1#
#1329
0#
#1330
b1100111110100 &
#1332
1#
#1333
0#
#1336
1#
0$
#1337
0#
#1339
b11111110010101 4
#1340
1#
#1341
0#
0%
#1344
1#
#1345
0#
1%
#1348
1#
#1349
0#
#1352
1#
#1353
0#
#1356
1#
#1357
0#
#1359
b11111110010110 4
#1360
1#
#1361
0#
#1364
1#
#1365
0#
#1368
1#
#1369
0#
0%
#1370
b1100111110101 &
#1372
1#
#1373
0#
#1376
1#
#1377
0#
1%
#1379
b11111110010111 4
#1380
1#
#1381
0#
0%
#1384
1#
#1385
0#
1%
#1388
1#
#1389
0#
0%
#1390
b1100111110110 &
#1392
1#
#1393
0#
1%
#1396
1#
#1397
0#
0%
#1399
b11111110011000 4
#1400
1#
#1401
0#
1%
#1404
1#
#1405
0#
#1408
1#
#1409
0#
#1412
1#
#1413
0#
#1416
1#
1$
#1417
0#
0%
#1419
b11111110011001 4
#1420
1#
#1421
0#
#1424
1#
#1425
0#
#1428
1#
#1429
0#
#1432
1#
#1433
0#
1%
#1436
1#
0$
#1437
0#
0%
#1439
b11111110011010 4
#1440
1#
#1441
0#
#1444
1#
#1445
0#
1%
#1448
1#
#1449
0#
0%
#1450
b1100111110111 &
#1452
1#
#1453
0#
#1456
1#
#1457
0#
1%
#1459
b11111110011011 4
#1460
1#
#1461
0#
0%
#1464
1#
#1465
0#
1%
#1468
1#
#1469
0#
#1472
1#
#1473
0#
#1476
1#
1$
#1477
0#
#1479
b11111110011100 4
#1480
1#
#1481
0#
#1484
1#
#1485
0#
0%
#1488
1#
#1489
0#
#1492
1#
#1493
0#
#1496
1#
#1497
0#
1%
#1499
b11111110011101 4
#1500
1#
#1501
0#
0%
#1504
1#
#1505
0#
1%
#1508
1#
#1509
0#
#1510
b1100111111000 &
#1512
1#
#1513
0#
#1516
1#
#1517
0#
#1519
b11111110011110 4
#1520
1#
#1521
0#
#1524
1#
#1525
0#
0%
#1528
1#
#1529
0#
1%
#1530
b1100111111001 &
#1532
1#
#1533
0#
#1536
1#
#1537
0#
#1539
b11111110011111 4
#1540
1#
#1541
0#
#1544
1#
#1545
0#
#1548
1#
#1549
0#
0%
#1552
1#
#1553
0#
1%
#1556
1#
#1557
0#
0%
#1559
b11111110100000 4
#1560
1#
#1561
0#
1%
#1564
1#
#1565
0#
#1568
1#
#1569
0#
#1570
b1100111111010 &
#1572
1#
#1573
0#
#1576
1#
0$
#1577
0#
0%
#1579
b11111110100001 4
#1580
1#
#1581
0#
1%
#1584
1#
#1585
0#
#1588
1#
#1589
0#
#1592
1#
#1593
0#
#1596
1#
#1597
0#
#1599
b11111110100010 4
#1600
1#
#1601
0#
#1604
1#
#1605
0#
0%
#1608
1#
#1609
0#
1%
#1612
1#
#1613
0#
#1616
1#
#1617
0#
#1619
b11111110100011 4
#1620
1#
#1621
0#
#1624
1#
#1625
0#
#1628
1#
#1629
0#
#1632
1#
#1633
0#
0%
#1636
1#
#1637
0#
1%
#1639
b11111110100100 4
#1640
1#
#1641
0#
0%
#1644
1#
#1645
0#
1%
#1648
1#
#1649
0#
#1652
1#
#1653
0#
0%
#1656
1#
1$
#1657
0#
#1659
b11111110100101 4
#1660
1#
#1661
0#
1%
#1664
1#
#1665
0#
0%
#1668
1#
#1669
0#
1%
#1670
b1100111111011 &
#1672
1#
#1673
0#
0%
#1676
1#
#1677
0#
#1679
b11111110100110 4
#1680
1#
#1681
0#
#1684
1#
#1685
0#
#1688
1#
#1689
0#
#1692
1#
#1693
0#
#1696
1#
0$
#1697
0#
#1699
b11111110100111 4
#1700
1#
#1701
0#
1%
#1704
1#
#1705
0#
#1708
1#
#1709
0#
#1712
1#
#1713
0#
#1716
1#
#1717
0#
0%
#1719
b11111110101000 4
#1720
1#
#1721
0#
1%
#1724
1#
#1725
0#
#1728
1#
#1729
0#
#1732
1#
#1733
0#
#1736
1#
#1737
0#
#1739
b11111110101001 4
#1740
1#
#1741
0#
#1744
1#
#1745
0#
#1748
1#
#1749
0#
#1752
1#
#1753
0#
#1756
1#
1$
#1757
0#
0%
#1759
b11111110101010 4
#1760
1#
#1761
0#
#1764
1#
#1765
0#
#1768
1#
#1769
0#
1%
#1770
b1100111111100 &
#1772
1#
#1773
0#
0%
#1776
1#
#1777
0#
1%
#1779
b11111110101011 4
#1780
1#
#1781
0#
0%
#1784
1#
#1785
0#
#1788
1#
#1789
0#
#1792
1#
#1793
0#
1%
#1796
1#
0$
#1797
0#
#1799
b11111110101100 4
#1800
1#
#1801
0#
#1804
1#
#1805
0#
0%
#1808
1#
#1809
0#
#1810
b1100111111101 &
#1812
1#
#1813
0#
1%
#1816
1#
1$
#1817
0#
#1819
b11111110101101 4
#1820
1#
#1821
0#
#1824
1#
#1825
0#
0%
#1828
1#
#1829
0#
1%
#1830
b1100111111110 &
#1832
1#
#1833
0#
#1836
1#
#1837
0#
#1839
b11111110101110 4
#1840
1#
#1841
0#
0%
#1844
1#
#1845
0#
#1848
1#
#1849
0#
#1852
1#
#1853
0#
1%
#1856
1#
#1857
0#
#1859
b11111110101111 4
#1860
1#
#1861
0#
#1864
1#
#1865
0#
0%
#1868
1#
#1869
0#
1%
#1870
b1100111111111 &
#1872
1#
#1873
0#
#1876
1#
#1877
0#
0%
#1879
b11111110110000 4
#1880
1#
#1881
0#
#1884
1#
#1885
0#
#1888
1#
#1889
0#
1%
#1890
b1101000000000 &
#1892
1#
#1893
0#
0%
#1896
1#
0$
#1897
0#
#1899
b11111110110001 4
#1900
1#
#1901
0#
1%
#1904
1#
#1905
0#
0%
#1908
1#
#1909
0#
1%
#1912
1#
#1913
0#
#1916
1#
1$
#1917
0#
#1919
b11111110110010 4
#1920
1#
#1921
0#
0%
#1924
1#
#1925
0#
#1928
1#
#1929
0#
1%
#1930
b1101000000001 &
#1932
1#
#1933
0#
0%
#1936
1#
0$
#1937
0#
#1939
b11111110110011 4
#1940
1#
#1941
0#
#1944
1#
#1945
0#
1%
#1948
1#
#1949
0#
0%
#1950
b1101000000010 &
#1952
1#
#1953
0#
1%
#1956
1#
#1957
0#
0%
#1959
b11111110110100 4
#1960
1#
#1961
0#
1%
#1964
1#
#1965
0#
#1968
1#
#1969
0#
#1972
1#
#1973
0#
0%
#1976
1#
#1977
0#
1%
#1979
b11111110110101 4
#1980
1#
#1981
0#
#1984
1#
#1985
0#
#1988
1#
#1989
0#
#1992
1#
#1993
0#
#1996
1#
1$
#1997
0#
0%
#1999
b11111110110110 4
#2000
1#
#2001
0#
#2004
1#
#2005
0#
#2008
1#
#2009
0#
1%
#2010
b1101000000011 &
#2012
1#
#2013
0#
0%
#2016
1#
0$
#2017
0#
1%
#2019
b11111110110111 4
#2020
1#
#2021
0#
#2024
1#
#2025
0#
#2028
1#
#2029
0#
#2032
1#
#2033
0#
#2036
1#
1$
#2037
0#
#2039
b11111110111000 4
#2040
1#
#2041
0#
0%
#2044
1#
#2045
0#
#2048
1#
#2049
0#
#2052
1#
#2053
0#
1%
#2056
1#
0$
#2057
0#
#2059
b11111110111001 4
#2060
1#
#2061
0#
0%
#2064
1#
#2065
0#
1%
#2068
1#
#2069
0#
#2072
1#
#2073
0#
#2076
1#
1$
#2077
0#
0%
#2079
b11111110111010 4
#2080
1#
#2081
0#
1%
#2084
1#
#2085
0#
0%
#2088
1#
#2089
0#
1%
#2090
b1101000000100 &
#2092
1#
#2093
0#
0%
#2096
1#
#2097
0#
1%
#2099
b11111110111011 4
#2100
1#
#2101
0#
#2104
1#
#2105
0#
0%
#2108
1#
#2109
0#
#2112
1#
#2113
0#
1%
#2116
1#
0$
#2117
0#
#2119
b11111110111100 4
#2120
1#
#2121
0#
0%
#2124
1#
#2125
0#
1%
#2128
1#
#2129
0#
0%
#2130
b1101000000101 &
#2132
1#
#2133
0#
1%
#2136
1#
1$
#2137
0#
#2139
b11111110111101 4
#2140
1#
#2141
0#
#2144
1#
#2145
0#
#2148
1#
#2149
0#
0%
#2152
1#
#2153
0#
#2156
1#
0$
#2157
0#
1%
#2159
b11111110111110 4
#2160
1#
#2161
0#
#2164
1#
#2165
0#
#2168
1#
#2169
0#
#2172
1#
#2173
0#
#2176
1#
#2177
0#
0%
#2179
b11111110111111 4
#2180
1#
#2181
0#
1%
#2184
1#
#2185
0#
#2188
1#
#2189
0#
0%
#2190
b1101000000110 &
#2192
1#
#2193
0#
#2196
1#
1$
#2197
0#
1%
#2199
b11111111000000 4
#2200
1#
#2201
0#
#2204
1#
#2205
0#
#2208
1#
#2209
0#
0%
#2212
1#
#2213
0#
1%
#2216
1#
0$
#2217
0#
#2219
b11111111000001 4
#2220
1#
#2221
0#
0%
#2224
1#
#2225
0#
1%
#2228
1#
#2229
0#
#2232
1#
#2233
0#
#2236
1#
#2237
0#
#2239
b11111111000010 4
#2240
1#
#2241
0#
0%
#2244
1#
#2245
0#
1%
#2248
1#
#2249
0#
#2252
1#
#2253
0#
#2256
1#
1$
#2257
0#
0%
#2259
b11111111000011 4
#2260
1#
#2261
0#
#2264
1#
#2265
0#
#2268
1#
#2269
0#
#2272
1#
#2273
0#
#2276
1#
0$
#2277
0#
1%
#2279
b11111111000100 4
#2280
1#
#2281
0#
0%
#2284
1#
#2285
0#
1%
#2288
1#
#2289
0#
0%
#2290
b1101000000111 &
#2292
1#
#2293
0#
1%
#2296
1#
#2297
0#
0%
#2299
b11111111000101 4
#2300
1#
#2301
0#
1%
#2304
1#
#2305
0#
#2308
1#
#2309
0#
0%
#2310
b1101000001000 &
#2312
1#
#2313
0#
#2316
1#
#2317
0#
1%
#2319
b11111111000110 4
#2320
1#
#2321
0#
0%
#2324
1#
#2325
0#
#2328
1#
#2329
0#
1%
#2332
1#
#2333
0#
#2336
1#
#2337
0#
#2339
b11111111000111 4
#2340
1#
#2341
0#
#2344
1#
#2345
0#
#2348
1#
#2349
0#
#2352
1#
#2353
0#
#2356
1#
#2357
0#
#2359
b11111111001000 4
#2360
1#
#2361
0#
#2364
1#
#2365
0#
0%
#2368
1#
#2369
0#
#2370
b1101000001001 &
#2372
1#
#2373
0#
#2376
1#
#2377
0#
#2379
b11111111001001 4
#2380
1#
#2381
0#
1%
#2384
1#
#2385
0#
0%
#2388
1#
#2389
0#
1%
#2392
1#
#2393
0#
#2396
1#
1$
#2397
0#
#2399
b11111111001010 4
#2400
1#
#2401
0#
0%
#2404
1#
#2405
0#
1%
#2408
1#
#2409
0#
0%
#2412
1#
#2413
0#
#2416
1#
#2417
0#
#2419
b11111111001011 4
#2420
1#
#2421
0#
#2424
1#
#2425
0#
#2428
1#
#2429
0#
#2432
1#
#2433
0#
1%
#2436
1#
0$
#2437
0#
0%
#2439
b11111111001100 4
#2440
1#
#2441
0#
#2444
1#
#2445
0#
1%
#2448
1#
#2449
0#
#2452
1#
#2453
0#
#2456
1#
#2457
0#
0%
#2459
b11111111001101 4
#2460
1#
#2461
0#
1%
#2464
1#
#2465
0#
#2468
1#
#2469
0#
#2472
1#
#2473
0#
#2476
1#
1$
#2477
0#
#2479
b11111111001110 4
#2480
1#
#2481
0#
0%
#2484
1#
#2485
0#
#2488
1#
#2489
0#
1%
#2490
b1101000001010 &
#2492
1#
#2493
0#
#2496
1#
#2497
0#
0%
#2499
b11111111001111 4
#2500
1#
#2501
0#
#2504
1#
#2505
0#
1%
#2508
1#
#2509
0#
#2510
b1101000001011 &
#2512
1#
#2513
0#
0%
#2516
1#
0$
#2517
0#
#2519
b11111111010000 4
#2520
1#
#2521
0#
#2524
1#
#2525
0#
#2528
1#
#2529
0#
1%
#2532
1#
#2533
0#
#2536
1#
#2537
0#
#2539
b11111111010001 4
#2540
1#
#2541
0#
#2544
1#
#2545
0#
#2548
1#
#2549
0#
#2552
1#
#2553
0#
#2556
1#
#2557
0#
#2559
b11111111010010 4
#2560
1#
#2561
0#
#2564
1#
#2565
0#
0%
#2568
1#
#2569
0#
1%
#2572
1#
#2573
0#
#2576
1#
#2577
0#
0%
#2579
b11111111010011 4
#2580
1#
#2581
0#
1%
#2584
1#
#2585
0#
0%
#2588
1#
#2589
0#
#2590
b1101000001100 &
#2592
1#
#2593
0#
1%
#2596
1#
#2597
0#
0%
#2599
b11111111010100 4
#2600
1#
#2601
0#
#2604
1#
#2605
0#
1%
#2608
1#
#2609
0#
0%
#2610
b1101000001101 &
#2612
1#
#2613
0#
#2616
1#
#2617
0#
1%
#2619
b11111111010101 4
#2620
1#
#2621
0#
0%
#2624
1#
#2625
0#
1%
#2628
1#
#2629
0#
#2632
1#
#2633
0#
0%
#2636
1#
1$
#2637
0#
1%
#2639
b11111111010110 4
#2640
1#
#2641
0#
#2644
1#
#2645
0#
#2648
1#
#2649
0#
#2650
b1101000001110 &
#2652
1#
#2653
0#
0%
#2656
1#
0$
#2657
0#
#2659
b11111111010111 4
#2660
1#
#2661
0#
#2664
1#
#2665
0#
#2668
1#
#2669
0#
1%
#2672
1#
#2673
0#
#2676
1#
1$
#2677
0#
#2679
b11111111011000 4
#2680
1#
#2681
0#
0%
#2684
1#
#2685
0#
#2688
1#
#2689
0#
1%
#2690
b1101000001111 &
#2692
1#
#2693
0#
#2696
1#
#2697
0#
0%
#2699
b11111111011001 4
#2700
1#
#2701
0#
#2704
1#
#2705
0#
1%
#2708
1#
#2709
0#
0%
#2712
1#
#2713
0#
#2716
1#
0$
#2717
0#
1%
#2719
b11111111011010 4
#2720
1#
#2721
0#
#2724
1#
#2725
0#
#2728
1#
#2729
0#
0%
#2730
b1101000010000 &
#2732
1#
#2733
0#
1%
#2736
1#
1$
#2737
0#
#2739
b11111111011011 4
#2740
1#
#2741
0#
0%
#2744
1#
#2745
0#
1%
#2748
1#
#2749
0#
#2750
b1101000010001 &
#2752
1#
#2753
0#
0%
#2756
1#
0$
#2757
0#
#2759
b11111111011100 4
#2760
1#
#2761
0#
#2764
1#
#2765
0#
1%
#2768
1#
#2769
0#
0%
#2770
b1101000010010 &
#2772
1#
#2773
0#
1%
#2776
1#
#2777
0#
0%
#2779
b11111111011101 4
#2780
1#
#2781
0#
#2784
1#
#2785
0#
1%
#2788
1#
#2789
0#
0%
#2790
b1101000010011 &
#2792
1#
#2793
0#
1%
#2796
1#
#2797
0#
0%
#2799
b11111111011110 4
#2800
1#
#2801
0#
1%
#2804
1#
#2805
0#
#2808
1#
#2809
0#
0%
#2810
b1101000010100 &
#2812
1#
#2813
0#
1%
#2816
1#
#2817
0#
0%
#2819
b11111111011111 4
#2820
1#
#2821
0#
#2824
1#
#2825
0#
1%
#2828
1#
#2829
0#
0%
#2830
b1101000010101 &
#2832
1#
#2833
0#
1%
#2836
1#
#2837
0#
#2839
b11111111100000 4
#2840
1#
#2841
0#
#2844
1#
#2845
0#
#2848
1#
#2849
0#
0%
#2850
b1101000010110 &
#2852
1#
#2853
0#
1%
#2856
1#
#2857
0#
#2859
b11111111100001 4
#2860
1#
#2861
0#
#2864
1#
#2865
0#
0%
#2868
1#
#2869
0#
1%
#2872
1#
#2873
0#
#2876
1#
1$
#2877
0#
#2879
b11111111100010 4
#2880
1#
#2881
0#
#2884
1#
#2885
0#
0%
#2888
1#
#2889
0#
1%
#2890
b1101000010111 &
#2892
1#
#2893
0#
0%
#2896
1#
#2897
0#
#2899
b11111111100011 4
#2900
1#
#2901
0#
1%
#2904
1#
#2905
0#
#2908
1#
#2909
0#
0%
#2912
1#
#2913
0#
#2916
1#
#2917
0#
#2919
b11111111100100 4
#2920
1#
#2921
0#
1%
#2924
1#
#2925
0#
#2928
1#
#2929
0#
#2930
b1101000011000 &
#2932
1#
#2933
0#
#2936
1#
#2937
0#
0%
#2939
b11111111100101 4
#2940
1#
#2941
0#
#2944
1#
#2945
0#
1%
#2948
1#
#2949
0#
#2950
b1101000011001 &
#2952
1#
#2953
0#
#2956
1#
#2957
0#
0%
#2959
b11111111100110 4
#2960
1#
#2961
0#
1%
#2964
1#
#2965
0#
0%
#2968
1#
#2969
0#
#2972
1#
#2973
0#
#2976
1#
#2977
0#
#2979
b11111111100111 4
#2980
1#
#2981
0#
1%
#2984
1#
#2985
0#
#2988
1#
#2989
0#
#2990
b1101000011010 &
#2992
1#
#2993
0#
#2996
1#
0$
#2997
0#
#2999
b11111111101000 4
#3000
1#
#3001
0#
0%
#3004
1#
#3005
0#
#3008
1#
#3009
0#
1%
#3012
1#
#3013
0#
#3016
1#
#3017
0#
#3019
b11111111101001 4
#3020
1#
#3021
0#
#3024
1#
#3025
0#
#3028
1#
#3029
0#
0%
#3030
b1101000011011 &
#3032
1#
#3033
0#
1%
#3036
1#
#3037
0#
0%
#3039
b11111111101010 4
#3040
1#
#3041
0#
1%
#3044
1#
#3045
0#
#3048
1#
#3049
0#
0%
#3050
b1101000011100 &
#3052
1#
#3053
0#
1%
#3056
1#
#3057
0#
0%
#3059
b11111111101011 4
#3060
1#
#3061
0#
#3064
1#
#3065
0#
#3068
1#
#3069
0#
#3070
b1101000011101 &
#3072
1#
#3073
0#
#3076
1#
#3077
0#
1%
#3079
b11111111101100 4
#3080
1#
#3081
0#
#3084
1#
#3085
0#
0%
#3088
1#
#3089
0#
1%
#3092
1#
#3093
0#
#3096
1#
#3097
0#
#3099
b11111111101101 4
#3100
1#
#3101
0#
#3104
1#
#3105
0#
0%
#3108
1#
#3109
0#
#3110
b1101000011110 &
#3112
1#
#3113
0#
#3116
1#
1$
#3117
0#
#3119
b11111111101110 4
#3120
1#
#3121
0#
1%
#3124
1#
#3125
0#
0%
#3128
1#
#3129
0#
#3132
1#
#3133
0#
1%
#3136
1#
0$
#3137
0#
0%
#3139
b11111111101111 4
#3140
1#
#3141
0#
1%
#3144
1#
#3145
0#
#3148
1#
#3149
0#
#3152
1#
#3153
0#
0%
#3156
1#
#3157
0#
1%
#3159
b11111111110000 4
#3160
1#
#3161
0#
#3164
1#
#3165
0#
0%
#3168
1#
#3169
0#
1%
#3172
1#
#3173
0#
0%
#3176
1#
1$
#3177
0#
1%
#3179
b11111111110001 4
#3180
1#
#3181
0#
0%
#3184
1#
#3185
0#
#3188
1#
#3189
0#
1%
#3190
b1101000011111 &
#3192
1#
#3193
0#
0%
#3196
1#
#3197
0#
1%
#3199
b11111111110010 4
#3200
1#
#3201
0#
0%
#3204
1#
#3205
0#
1%
#3208
1#
#3209
0#
0%
#3212
1#
#3213
0#
#3216
1#
0$
#3217
0#
1%
#3219
b11111111110011 4
#3220
1#
#3221
0#
0%
#3224
1#
#3225
0#
#3228
1#
#3229
0#
#3230
b1101000100000 &
#3232
1#
#3233
0#
1%
#3236
1#
1$
#3237
0#
#3239
b11111111110100 4
#3240
1#
#3241
0#
0%
#3244
1#
#3245
0#
1%
#3248
1#
#3249
0#
0%
#3252
1#
#3253
0#
#3256
1#
#3257
0#
#3259
b11111111110101 4
#3260
1#
#3261
0#
#3264
1#
#3265
0#
1%
#3268
1#
#3269
0#
#3270
b1101000100001 &
#3272
1#
#3273
0#
#3276
1#
#3277
0#
#3279
b11111111110110 4
#3280
1#
#3281
0#
0%
#3284
1#
#3285
0#
1%
#3288
1#
#3289
0#
#3290
b1101000100010 &
#3292
1#
#3293
0#
0%
#3296
1#
#3297
0#
1%
#3299
b11111111110111 4
#3300
1#
#3301
0#
0%
#3304
1#
#3305
0#
1%
#3308
1#
#3309
0#
0%
#3312
1#
#3313
0#
#3316
1#
#3317
0#
#3319
b11111111111000 4
#3320
1#
#3321
0#
#3324
1#
#3325
0#
1%
#3328
1#
#3329
0#
#3330
b1101000100011 &
#3332
1#
#3333
0#
#3336
1#
#3337
0#
#3339
b11111111111001 4
#3340
1#
#3341
0#
#3344
1#
#3345
0#
0%
#3348
1#
#3349
0#
#3352
1#
#3353
0#
#3356
1#
0$
#3357
0#
1%
#3359
b11111111111010 4
#3360
1#
#3361
0#
0%
#3364
1#
#3365
0#
1%
#3368
1#
#3369
0#
0%
#3370
b1101000100100 &
#3372
1#
#3373
0#
1%
#3376
1#
#3377
0#
#3379
b11111111111011 4
#3380
1#
#3381
0#
#3384
1#
#3385
0#
#3388
1#
#3389
0#
#3392
1#
#3393
0#
0%
#3396
1#
1$
#3397
0#
1%
#3399
b11111111111100 4
#3400
1#
#3401
0#
#3404
1#
#3405
0#
#3408
1#
#3409
0#
#3410
b1101000100101 &
#3412
1#
#3413
0#
#3416
1#
#3417
0#
0%
#3419
b11111111111101 4
#3420
1#
#3421
0#
#3424
1#
#3425
0#
1%
#3428
1#
#3429
0#
#3430
b1101000100110 &
#3432
1#
#3433
0#
0%
#3436
1#
#3437
0#
1%
#3439
b11111111111110 4
#3440
1#
#3441
0#
0%
#3444
1#
#3445
0#
#3448
1#
#3449
0#
#3452
1#
#3453
0#
1%
#3456
1#
#3457
0#
#3459
b11111111111111 4
#3460
1#
b0 &
b0 4
#3461
0#
0%
#3464
1#
#3465
0#
#3468
1#
#3469
0#
1%
#3471
b1 &
#3472
1#
#3473
0#
0%
#3476
1#
#3477
0#
#3480
1#
b1 4
#3481
0#
1%
#3484
1#
#3485
0#
0%
#3488
1#
#3489
0#
#3492
1#
#3493
0#
1%
#3496
1#
#3497
0#
#3500
1#
b10 4
#3501
0#
#3504
1#
#3505
0#
0%
#3508
1#
#3509
0#
#3512
1#
#3513
0#
1%
#3516
1#
0$
#3517
0#
#3520
1#
b11 4
#3521
0#
0%
#3524
1#
#3525
0#
1%
#3528
1#
#3529
0#
#3532
1#
#3533
0#
#3536
1#
#3537
0#
#3540
1#
b100 4
#3541
0#
0%
#3544
1#
#3545
0#
#3548
1#
#3549
0#
1%
#3552
1#
#3553
0#
#3556
1#
1$
#3557
0#
#3560
1#
b101 4
#3561
0#
#3564
1#
#3565
0#
0%
#3568
1#
#3569
0#
#3572
1#
#3573
0#
#3576
1#
#3577
0#
1%
#3580
1#
b110 4
#3581
0#
#3584
1#
#3585
0#
#3588
1#
#3589
0#
0%
#3592
1#
#3593
0#
#3596
1#
#3597
0#
#3600
1#
b111 4
#3601
0#
#3604
1#
#3605
0#
1%
#3608
1#
#3609
0#
0%
#3612
1#
#3613
0#
1%
#3616
1#
0$
#3617
0#
#3620
1#
b1000 4
#3621
0#
0%
#3624
1#
#3625
0#
1%
#3628
1#
#3629
0#
0%
#3631
b10 &
#3632
1#
#3633
0#
1%
#3636
1#
#3637
0#
#3640
1#
b1001 4
#3641
0#
#3644
1#
#3645
0#
0%
#3648
1#
#3649
0#
#3651
b11 &
#3652
1#
#3653
0#
1%
#3656
1#
#3657
0#
#3660
1#
b1010 4
#3661
0#
#3664
1#
#3665
0#
#3668
1#
#3669
0#
#3672
1#
#3673
0#
#3676
1#
1$
#3677
0#
#3680
1#
b1011 4
#3681
0#
#3684
1#
#3685
0#
0%
#3688
1#
#3689
0#
1%
#3691
b100 &
#3692
1#
#3693
0#
0%
#3696
1#
#3697
0#
#3700
1#
b1100 4
#3701
0#
#3704
1#
#3705
0#
1%
#3708
1#
#3709
0#
#3711
b101 &
#3712
1#
#3713
0#
0%
#3716
1#
0$
#3717
0#
#3720
1#
b1101 4
#3721
0#
#3724
1#
#3725
0#
#3728
1#
#3729
0#
1%
#3732
1#
#3733
0#
#3736
1#
#3737
0#
#3740
1#
b1110 4
#3741
0#
0%
#3744
1#
#3745
0#
#3748
1#
#3749
0#
1%
#3752
1#
#3753
0#
#3756
1#
#3757
0#
#3760
1#
b1111 4
#3761
0#
#3764
1#
#3765
0#
#3768
1#
#3769
0#
0%
#3771
b110 &
#3772
1#
#3773
0#
#3776
1#
1$
#3777
0#
#3780
1#
b10000 4
#3781
0#
#3784
1#
#3785
0#
1%
#3788
1#
#3789
0#
#3791
b111 &
#3792
1#
#3793
0#
0%
#3796
1#
#3797
0#
#3800
1#
b10001 4
#3801
0#
#3804
1#
#3805
0#
1%
#3808
1#
#3809
0#
#3811
b1000 &
#3812
1#
#3813
0#
#3816
1#
#3817
0#
0%
#3820
1#
b10010 4
#3821
0#
#3824
1#
#3825
0#
#3828
1#
#3829
0#
1%
#3831
b1001 &
#3832
1#
#3833
0#
#3836
1#
0$
#3837
0#
0%
#3840
1#
b10011 4
#3841
0#
#3844
1#
#3845
0#
#3848
1#
#3849
0#
1%
#3852
1#
#3853
0#
0%
#3856
1#
1$
#3857
0#
1%
#3860
1#
b10100 4
#3861
0#
#3864
1#
#3865
0#
0%
#3868
1#
#3869
0#
1%
#3871
b1010 &
#3872
1#
#3873
0#
#3876
1#
#3877
0#
0%
#3880
1#
b10101 4
#3881
0#
#3884
1#
#3885
0#
#3888
1#
#3889
0#
1%
#3891
b1011 &
#3892
1#
#3893
0#
0%
#3896
1#
#3897
0#
#3900
1#
b10110 4
#3901
0#
1%
#3904
1#
#3905
0#
0%
#3908
1#
#3909
0#
#3912
1#
#3913
0#
1%
#3916
1#
0$
#3917
0#
#3920
1#
b10111 4
#3921
0#
#3924
1#
#3925
0#
0%
#3928
1#
#3929
0#
1%
#3932
1#
#3933
0#
#3936
1#
1$
#3937
0#
#3940
1#
b11000 4
#3941
0#
#3944
1#
#3945
0#
0%
#3948
1#
#3949
0#
1%
#3951
b1100 &
#3952
1#
#3953
0#
0%
#3956
1#
0$
#3957
0#
#3960
1#
b11001 4
#3961
0#
#3964
1#
#3965
0#
#3968
1#
#3969
0#
#3971
b1101 &
#3972
1#
#3973
0#
1%
#3976
1#
#3977
0#
0%
#3980
1#
b11010 4
#3981
0#
1%
#3984
1#
#3985
0#
#3988
1#
#3989
0#
0%
#3991
b1110 &
#3992
1#
#3993
0#
1%
#3996
1#
#3997
0#
0%
#4000
1#
b11011 4
#4001
0#
1%
#4004
1#
#4005
0#
#4008
1#
#4009
0#
#4012
1#
#4013
0#
#4016
1#
1$
#4017
0#
0%
#4020
1#
b11100 4
#4021
0#
#4024
1#
#4025
0#
1%
#4028
1#
#4029
0#
#4031
b1111 &
#4032
1#
#4033
0#
#4036
1#
0$
#4037
0#
#4040
1#
b11101 4
#4041
0#
0%
#4044
1#
#4045
0#
1%
#4048
1#
#4049
0#
0%
#4051
b10000 &
#4052
1#
#4053
0#
1%
#4056
1#
#4057
0#
0%
#4060
1#
b11110 4
#4061
0#
1%
#4064
1#
#4065
0#
#4068
1#
#4069
0#
#4072
1#
#4073
0#
#4076
1#
#4077
0#
0%
#4080
1#
b11111 4
#4081
0#
1%
#4084
1#
#4085
0#
0%
#4088
1#
#4089
0#
1%
#4092
1#
#4093
0#
0%
#4096
1#
#4097
0#
#4100
1#
b100000 4
#4101
0#
#4104
1#
#4105
0#
1%
#4108
1#
#4109
0#
#4112
1#
#4113
0#
#4116
1#
#4117
0#
#4120
1#
b100001 4
#4121
0#
0%
#4124
1#
#4125
0#
1%
#4128
1#
#4129
0#
0%
#4131
b10001 &
#4132
1#
#4133
0#
1%
#4136
1#
1$
#4137
0#
#4140
1#
b100010 4
#4141
0#
0%
#4144
1#
#4145
0#
#4148
1#
#4149
0#
#4152
1#
#4153
0#
#4156
1#
0$
#4157
0#
#4160
1#
b100011 4
#4161
0#
1%
#4164
1#
#4165
0#
0%
#4168
1#
#4169
0#
1%
#4172
1#
#4173
0#
0%
#4176
1#
1$
#4177
0#
1%
#4180
1#
b100100 4
#4181
0#
#4184
1#
#4185
0#
0%
#4188
1#
#4189
0#
#4192
1#
#4193
0#
#4196
1#
#4197
0#
#4200
1#
b100101 4
#4201
0#
1%
#4204
1#
#4205
0#
#4208
1#
#4209
0#
0%
#4212
1#
#4213
0#
#4216
1#
0$
#4217
0#
#4220
1#
b100110 4
#4221
0#
#4224
1#
#4225
0#
1%
#4228
1#
#4229
0#
#4232
1#
#4233
0#
#4236
1#
1$
#4237
0#
#4240
1#
b100111 4
#4241
0#
#4244
1#
#4245
0#
0%
#4248
1#
#4249
0#
1%
#4251
b10010 &
#4252
1#
#4253
0#
#4256
1#
#4257
0#
0%
#4260
1#
b101000 4
#4261
0#
1%
#4264
1#
#4265
0#
0%
#4268
1#
#4269
0#
1%
#4271
b10011 &
#4272
1#
#4273
0#
0%
#4276
1#
0$
#4277
0#
1%
#4280
1#
b101001 4
#4281
0#
#4284
1#
#4285
0#
#4288
1#
#4289
0#
#4292
1#
#4293
0#
0%
#4296
1#
#4297
0#
1%
#4300
1#
b101010 4
#4301
0#
#4304
1#
#4305
0#
0%
#4308
1#
#4309
0#
1%
#4312
1#
#4313
0#
#4316
1#
#4317
0#
#4320
1#
b101011 4
#4321
0#
#4324
1#
#4325
0#
#4328
1#
#4329
0#
#4332
1#
#4333
0#
#4336
1#
#4337
0#
0%
#4340
1#
b101100 4
#4341
0#
#4344
1#
#4345
0#
1%
#4348
1#
#4349
0#
0%
#4351
b10100 &
#4352
1#
#4353
0#
#4356
1#
#4357
0#
1%
#4360
1#
b101101 4
#4361
0#
#4364
1#
#4365
0#
#4368
1#
#4369
0#
#4372
1#
#4373
0#
#4376
1#
1$
#4377
0#
#4380
1#
b101110 4
#4381
0#
0%
#4384
1#
#4385
0#
1%
#4388
1#
#4389
0#
#4391
b10101 &
#4392
1#
#4393
0#
#4396
1#
#4397
0#
0%
#4400
1#
b101111 4
#4401
0#
1%
#4404
1#
#4405
0#
#4408
1#
#4409
0#
#4411
b10110 &
#4412
1#
#4413
0#
#4416
1#
#4417
0#
#4420
1#
b110000 4
#4421
0#
#4424
1#
#4425
0#
0%
#4428
1#
#4429
0#
1%
#4431
b10111 &
#4432
1#
#4433
0#
#4436
1#
#4437
0#
0%
#4440
1#
b110001 4
#4441
0#
1%
#4444
1#
#4445
0#
0%
#4448
1#
#4449
0#
#4452
1#
#4453
0#
1%
#4456
1#
#4457
0#
#4460
1#
b110010 4
#4461
0#
0%
#4464
1#
#4465
0#
#4468
1#
#4469
0#
1%
#4471
b11000 &
#4472
1#
#4473
0#
0%
#4476
1#
#4477
0#
#4480
1#
b110011 4
#4481
0#
#4484
1#
#4485
0#
#4488
1#
#4489
0#
1%
#4491
b11001 &
#4492
1#
#4493
0#
#4496
1#
#4497
0#
#4500
1#
b110100 4
#4501
0#
#4504
1#
#4505
0#
#4508
1#
#4509
0#
#4511
b11010 &
#4512
1#
#4513
0#
#4516
1#
#4517
0#
0%
#4520
1#
b110101 4
#4521
0#
1%
#4524
1#
#4525
0#
#4528
1#
#4529
0#
0%
#4532
1#
#4533
0#
#4536
1#
0$
#4537
0#
1%
#4540
1#
b110110 4
#4541
0#
0%
#4544
1#
#4545
0#
#4548
1#
#4549
0#
1%
#4552
1#
#4553
0#
#4556
1#
1$
#4557
0#
#4560
1#
b110111 4
#4561
0#
#4564
1#
#4565
0#
0%
#4568
1#
#4569
0#
1%
#4571
b11011 &
#4572
1#
#4573
0#
0%
#4576
1#
0$
#4577
0#
1%
#4580
1#
b111000 4
#4581
0#
#4584
1#
#4585
0#
0%
#4588
1#
#4589
0#
1%
#4592
1#
#4593
0#
0%
#4596
1#
1$
#4597
0#
#4600
1#
b111001 4
#4601
0#
#4604
1#
#4605
0#
1%
#4608
1#
#4609
0#
0%
#4612
1#
#4613
0#
#4616
1#
#4617
0#
1%
#4620
1#
b111010 4
#4621
0#
0%
#4624
1#
#4625
0#
#4628
1#
#4629
0#
1%
#4631
b11100 &
#4632
1#
#4633
0#
0%
#4636
1#
#4637
0#
#4640
1#
b111011 4
#4641
0#
#4644
1#
#4645
0#
#4648
1#
#4649
0#
1%
#4651
b11101 &
#4652
1#
#4653
0#
0%
#4656
1#
0$
#4657
0#
#4660
1#
b111100 4
#4661
0#
#4664
1#
#4665
0#
#4668
1#
#4669
0#
#4671
b11110 &
#4672
1#
#4673
0#
1%
#4676
1#
#4677
0#
#4680
1#
b111101 4
#4681
0#
#4684
1#
#4685
0#
0%
#4688
1#
#4689
0#
1%
#4692
1#
#4693
0#
#4696
1#
1$
#4697
0#
#4700
1#
b111110 4
#4701
0#
#4704
1#
#4705
0#
0%
#4708
1#
#4709
0#
#4712
1#
#4713
0#
1%
#4716
1#
#4717
0#
#4720
1#
b111111 4
#4721
0#
0%
#4724
1#
#4725
0#
1%
#4728
1#
#4729
0#
#4731
b11111 &
#4732
1#
#4733
0#
0%
#4736
1#
0$
#4737
0#
1%
#4740
1#
b1000000 4
#4741
0#
0%
#4744
1#
#4745
0#
1%
#4748
1#
#4749
0#
#4752
1#
#4753
0#
0%
#4756
1#
#4757
0#
1%
#4760
1#
b1000001 4
#4761
0#
#4764
1#
#4765
0#
0%
#4768
1#
#4769
0#
1%
#4772
1#
#4773
0#
#4776
1#
#4777
0#
0%
#4780
1#
b1000010 4
#4781
0#
1%
#4784
1#
#4785
0#
#4788
1#
#4789
0#
#4792
1#
#4793
0#
0%
#4796
1#
#4797
0#
1%
#4800
1#
b1000011 4
#4801
0#
0%
#4804
1#
#4805
0#
#4808
1#
#4809
0#
1%
#4812
1#
#4813
0#
0%
#4816
1#
1$
#4817
0#
1%
#4820
1#
b1000100 4
#4821
0#
0%
#4824
1#
#4825
0#
#4828
1#
#4829
0#
#4832
1#
#4833
0#
#4836
1#
0$
#4837
0#
1%
#4840
1#
b1000101 4
#4841
0#
#4844
1#
#4845
0#
#4848
1#
#4849
0#
0%
#4851
b100000 &
#4852
1#
#4853
0#
1%
#4856
1#
1$
#4857
0#
#4860
1#
b1000110 4
#4861
0#
#4864
1#
#4865
0#
#4868
1#
#4869
0#
0%
#4872
1#
#4873
0#
#4876
1#
#4877
0#
1%
#4880
1#
b1000111 4
#4881
0#
#4884
1#
#4885
0#
0%
#4888
1#
#4889
0#
1%
#4891
b100001 &
#4892
1#
#4893
0#
0%
#4896
1#
#4897
0#
#4900
1#
b1001000 4
#4901
0#
1%
#4904
1#
#4905
0#
#4908
1#
#4909
0#
0%
#4912
1#
#4913
0#
1%
#4916
1#
0$
#4917
0#
0%
#4920
1#
b1001001 4
#4921
0#
1%
#4924
1#
#4925
0#
#4928
1#
#4929
0#
#4932
1#
#4933
0#
#4936
1#
#4937
0#
#4940
1#
b1001010 4
#4941
0#
0%
#4944
1#
#4945
0#
1%
#4948
1#
#4949
0#
0%
#4951
b100010 &
#4952
1#
#4953
0#
#4956
1#
#4957
0#
#4960
1#
b1001011 4
#4961
0#
1%
#4964
1#
#4965
0#
#4968
1#
#4969
0#
#4972
1#
#4973
0#
#4976
1#
#4977
0#
0%
#4980
1#
b1001100 4
#4981
0#
1%
#4984
1#
#4985
0#
#4988
1#
#4989
0#
#4992
1#
#4993
0#
0%
#4996
1#
1$
#4997
0#
1%
#5000
1#
b1001101 4
#5001
0#
0%
#5004
1#
#5005
0#
1%
#5008
1#
#5009
0#
#5011
b100011 &
#5012
1#
#5013
0#
#5016
1#
0$
#5017
0#
0%
#5020
1#
b1001110 4
#5021
0#
#5024
1#
#5025
0#
1%
#5028
1#
#5029
0#
#5032
1#
#5033
0#
#5036
1#
1$
#5037
0#
#5040
1#
b1001111 4
#5041
0#
#5044
1#
#5045
0#
0%
#5048
1#
#5049
0#
#5052
1#
#5053
0#
#5056
1#
#5057
0#
#5060
1#
b1010000 4
#5061
0#
#5064
1#
#5065
0#
#5068
1#
#5069
0#
#5072
1#
#5073
0#
1%
#5076
1#
0$
#5077
0#
0%
#5080
1#
b1010001 4
#5081
0#
1%
#5084
1#
#5085
0#
#5088
1#
#5089
0#
#5092
1#
#5093
0#
0%
#5096
1#
1$
#5097
0#
1%
#5100
1#
b1010010 4
#5101
0#
0%
#5104
1#
#5105
0#
1%
#5108
1#
#5109
0#
#5111
b100100 &
#5112
1#
#5113
0#
#5116
1#
0$
#5117
0#
0%
#5120
1#
b1010011 4
#5121
0#
1%
#5124
1#
#5125
0#
#5128
1#
#5129
0#
#5132
1#
#5133
0#
#5136
1#
#5137
0#
#5140
1#
b1010100 4
#5141
0#
#5144
1#
#5145
0#
#5148
1#
#5149
0#
0%
#5151
b100101 &
#5152
1#
#5153
0#
1%
#5156
1#
#5157
0#
0%
#5160
1#
b1010101 4
#5161
0#
#5164
1#
#5165
0#
1%
#5168
1#
#5169
0#
0%
#5171
b100110 &
#5172
1#
#5173
0#
#5176
1#
1$
#5177
0#
1%
#5180
1#
b1010110 4
#5181
0#
0%
#5184
1#
#5185
0#
#5188
1#
#5189
0#
#5192
1#
#5193
0#
1%
#5196
1#
0$
#5197
0#
0%
#5200
1#
b1010111 4
#5201
0#
#5204
1#
#5205
0#
1%
#5208
1#
#5209
0#
#5212
1#
#5213
0#
0%
#5216
1#
1$
#5217
0#
#5220
1#
b1011000 4
#5221
0#
1%
#5224
1#
#5225
0#
#5228
1#
#5229
0#
0%
#5232
1#
#5233
0#
1%
#5236
1#
#5237
0#
0%
#5240
1#
b1011001 4
#5241
0#
#5244
1#
#5245
0#
1%
#5248
1#
#5249
0#
#5251
b100111 &
#5252
1#
#5253
0#
0%
#5256
1#
0$
#5257
0#
#5260
1#
b1011010 4
#5261
0#
#5264
1#
#5265
0#
#5268
1#
#5269
0#
#5271
b101000 &
#5272
1#
#5273
0#
1%
#5276
1#
1$
#5277
0#
#5280
1#
b1011011 4
#5281
0#
0%
#5284
1#
#5285
0#
#5288
1#
#5289
0#
1%
#5291
b101001 &
#5292
1#
#5293
0#
#5296
1#
0$
#5297
0#
0%
#5300
1#
b1011100 4
#5301
0#
#5304
1#
#5305
0#
#5308
1#
#5309
0#
1%
#5312
1#
#5313
0#
#5316
1#
1$
#5317
0#
#5320
1#
b1011101 4
#5321
0#
0%
#5324
1#
#5325
0#
1%
#5328
1#
#5329
0#
#5331
b101010 &
#5332
1#
#5333
0#
0%
#5336
1#
0$
#5337
0#
#5340
1#
b1011110 4
#5341
0#
#5344
1#
#5345
0#
1%
#5348
1#
#5349
0#
0%
#5351
b101011 &
#5352
1#
#5353
0#
1%
#5356
1#
#5357
0#
#5360
1#
b1011111 4
#5361
0#
#5364
1#
#5365
0#
#5368
1#
#5369
0#
#5372
1#
#5373
0#
0%
#5376
1#
1$
#5377
0#
#5380
1#
b1100000 4
#5381
0#
1%
#5384
1#
#5385
0#
0%
#5388
1#
#5389
0#
#5392
1#
#5393
0#
1%
#5396
1#
0$
#5397
0#
#5400
1#
b1100001 4
#5401
0#
#5404
1#
#5405
0#
#5408
1#
#5409
0#
#5412
1#
#5413
0#
#5416
1#
#5417
0#
0%
#5420
1#
b1100010 4
#5421
0#
1%
#5424
1#
#5425
0#
0%
#5428
1#
#5429
0#
1%
#5432
1#
#5433
0#
#5436
1#
1$
#5437
0#
#5440
1#
b1100011 4
#5441
0#
0%
#5444
1#
#5445
0#
#5448
1#
#5449
0#
1%
#5451
b101100 &
#5452
1#
#5453
0#
0%
#5456
1#
0$
#5457
0#
#5460
1#
b1100100 4
#5461
0#
1%
#5464
1#
#5465
0#
#5468
1#
#5469
0#
0%
#5471
b101101 &
#5472
1#
#5473
0#
1%
#5476
1#
1$
#5477
0#
0%
#5480
1#
b1100101 4
#5481
0#
1%
#5484
1#
#5485
0#
#5488
1#
#5489
0#
0%
#5492
1#
#5493
0#
#5496
1#
0$
#5497
0#
1%
#5500
1#
b1100110 4
#5501
0#
#5504
1#
#5505
0#
#5508
1#
#5509
0#
0%
#5511
b101110 &
#5512
1#
#5513
0#
#5516
1#
1$
#5517
0#
1%
#5520
1#
b1100111 4
#5521
0#
#5524
1#
#5525
0#
0%
#5528
1#
#5529
0#
1%
#5531
b101111 &
#5532
1#
#5533
0#
#5536
1#
#5537
0#
#5540
1#
b1101000 4
#5541
0#
0%
#5544
1#
#5545
0#
1%
#5548
1#
#5549
0#
#5551
b110000 &
#5552
1#
#5553
0#
#5556
1#
#5557
0#
#5560
1#
b1101001 4
#5561
0#
0%
#5564
1#
#5565
0#
#5568
1#
#5569
0#
#5572
1#
#5573
0#
1%
#5576
1#
0$
#5577
0#
0%
#5580
1#
b1101010 4
#5581
0#
#5584
1#
#5585
0#
1%
#5588
1#
#5589
0#
#5592
1#
#5593
0#
#5596
1#
#5597
0#
0%
#5600
1#
b1101011 4
#5601
0#
1%
#5604
1#
#5605
0#
#5608
1#
#5609
0#
0%
#5611
b110001 &
#5612
1#
#5613
0#
1%
#5616
1#
1$
#5617
0#
#5620
1#
b1101100 4
#5621
0#
#5624
1#
#5625
0#
#5628
1#
#5629
0#
#5631
b110010 &
#5632
1#
#5633
0#
0%
#5636
1#
#5637
0#
#5640
1#
b1101101 4
#5641
0#
1%
#5644
1#
#5645
0#
0%
#5648
1#
#5649
0#
1%
#5651
b110011 &
#5652
1#
#5653
0#
#5656
1#
0$
#5657
0#
0%
#5660
1#
b1101110 4
#5661
0#
#5664
1#
#5665
0#
1%
#5668
1#
#5669
0#
0%
#5671
b110100 &
#5672
1#
#5673
0#
#5676
1#
#5677
0#
1%
#5680
1#
b1101111 4
#5681
0#
#5684
1#
#5685
0#
#5688
1#
#5689
0#
0%
#5691
b110101 &
#5692
1#
#5693
0#
#5696
1#
1$
#5697
0#
1%
#5700
1#
b1110000 4
#5701
0#
#5704
1#
#5705
0#
#5708
1#
#5709
0#
#5711
b110110 &
#5712
1#
#5713
0#
0%
#5716
1#
0$
#5717
0#
1%
#5720
1#
b1110001 4
#5721
0#
0%
#5724
1#
#5725
0#
1%
#5728
1#
#5729
0#
0%
#5731
b110111 &
#5732
1#
#5733
0#
#5736
1#
#5737
0#
1%
#5740
1#
b1110010 4
#5741
0#
0%
#5744
1#
#5745
0#
#5748
1#
#5749
0#
1%
#5752
1#
#5753
0#
#5756
1#
#5757
0#
#5760
1#
b1110011 4
#5761
0#
#5764
1#
#5765
0#
0%
#5768
1#
#5769
0#
1%
#5772
1#
#5773
0#
#5776
1#
#5777
0#
0%
#5780
1#
b1110100 4
#5781
0#
#5784
1#
#5785
0#
1%
#5788
1#
#5789
0#
#5792
1#
#5793
0#
#5796
1#
1$
#5797
0#
0%
#5800
1#
b1110101 4
#5801
0#
#5804
1#
#5805
0#
#5808
1#
#5809
0#
1%
#5811
b111000 &
#5812
1#
#5813
0#
0%
#5816
1#
0$
#5817
0#
#5820
1#
b1110110 4
#5821
0#
1%
#5824
1#
#5825
0#
#5828
1#
#5829
0#
#5832
1#
#5833
0#
0%
#5836
1#
#5837
0#
1%
#5840
1#
b1110111 4
#5841
0#
#5844
1#
#5845
0#
#5848
1#
#5849
0#
#5852
1#
#5853
0#
#5856
1#
1$
#5857
0#
#5860
1#
b1111000 4
#5861
0#
0%
#5864
1#
#5865
0#
#5868
1#
#5869
0#
#5872
1#
#5873
0#
#5876
1#
0$
#5877
0#
1%
#5880
1#
b1111001 4
#5881
0#
#5884
1#
#5885
0#
#5888
1#
#5889
0#
#5892
1#
#5893
0#
#5896
1#
1$
#5897
0#
#5900
1#
b1111010 4
#5901
0#
0%
#5904
1#
#5905
0#
#5908
1#
#5909
0#
1%
#5911
b111001 &
#5912
1#
#5913
0#
#5916
1#
#5917
0#
0%
#5920
1#
b1111011 4
#5921
0#
#5924
1#
#5925
0#
#5928
1#
#5929
0#
1%
#5931
b111010 &
#5932
1#
#5933
0#
0%
#5936
1#
0$
#5937
0#
1%
#5940
1#
b1111100 4
#5941
0#
#5944
1#
#5945
0#
#5948
1#
#5949
0#
0%
#5951
b111011 &
#5952
1#
#5953
0#
1%
#5956
1#
#5957
0#
0%
#5960
1#
b1111101 4
#5961
0#
1%
#5964
1#
#5965
0#
#5968
1#
#5969
0#
#5972
1#
#5973
0#
#5976
1#
1$
#5977
0#
#5980
1#
b1111110 4
#5981
0#
#5984
1#
#5985
0#
0%
#5988
1#
#5989
0#
#5992
1#
#5993
0#
#5996
1#
0$
#5997
0#
1%
#6000
1#
b1111111 4
#6001
0#
#6004
1#
#6005
0#
#6008
1#
#6009
0#
#6012
1#
#6013
0#
0%
#6016
1#
1$
#6017
0#
1%
#6020
1#
b10000000 4
#6021
0#
0%
#6024
1#
#6025
0#
1%
#6028
1#
#6029
0#
0%
#6032
1#
#6033
0#
1%
#6036
1#
#6037
0#
0%
#6040
1#
b10000001 4
#6041
0#
#6044
1#
#6045
0#
#6048
1#
#6049
0#
#6052
1#
#6053
0#
1%
#6056
1#
0$
#6057
0#
#6060
1#
b10000010 4
#6061
0#
#6064
1#
#6065
0#
#6068
1#
#6069
0#
#6072
1#
#6073
0#
#6076
1#
#6077
0#
#6080
1#
b10000011 4
#6081
0#
#6084
1#
#6085
0#
0%
#6088
1#
#6089
0#
1%
#6092
1#
#6093
0#
#6096
1#
1$
#6097
0#
#6100
1#
b10000100 4
#6101
0#
0%
#6104
1#
#6105
0#
1%
#6108
1#
#6109
0#
#6111
b111100 &
#6112
1#
#6113
0#
0%
#6116
1#
#6117
0#
#6120
1#
b10000101 4
#6121
0#
#6124
1#
#6125
0#
1%
#6128
1#
#6129
0#
0%
#6132
1#
#6133
0#
#6136
1#
#6137
0#
#6140
1#
b10000110 4
#6141
0#
#6144
1#
#6145
0#
1%
#6148
1#
#6149
0#
#6151
b111101 &
#6152
1#
#6153
0#
0%
#6156
1#
#6157
0#
1%
#6160
1#
b10000111 4
#6161
0#
0%
#6164
1#
#6165
0#
1%
#6168
1#
#6169
0#
#6171
b111110 &
#6172
1#
#6173
0#
0%
#6176
1#
#6177
0#
#6180
1#
b10001000 4
#6181
0#
1%
#6184
1#
#6185
0#
0%
#6188
1#
#6189
0#
1%
#6191
b111111 &
#6192
1#
#6193
0#
0%
#6196
1#
0$
#6197
0#
#6200
1#
b10001001 4
#6201
0#
#6204
1#
#6205
0#
1%
#6208
1#
#6209
0#
0%
#6211
b1000000 &
#6212
1#
#6213
0#
#6216
1#
#6217
0#
1%
#6220
1#
b10001010 4
#6221
0#
#6224
1#
#6225
0#
#6228
1#
#6229
0#
#6232
1#
#6233
0#
#6236
1#
1$
#6237
0#
#6240
1#
b10001011 4
#6241
0#
#6244
1#
#6245
0#
0%
#6248
1#
#6249
0#
1%
#6251
b1000001 &
#6252
1#
#6253
0#
#6256
1#
0$
#6257
0#
0%
#6260
1#
b10001100 4
#6261
0#
#6264
1#
#6265
0#
1%
#6268
1#
#6269
0#
0%
#6271
b1000010 &
#6272
1#
#6273
0#
1%
#6276
1#
1$
#6277
0#
#6280
1#
b10001101 4
#6281
0#
#6284
1#
#6285
0#
0%
#6288
1#
#6289
0#
1%
#6291
b1000011 &
#6292
1#
#6293
0#
#6296
1#
0$
#6297
0#
0%
#6300
1#
b10001110 4
#6301
0#
#6304
1#
#6305
0#
#6308
1#
#6309
0#
1%
#6312
1#
#6313
0#
0%
#6316
1#
#6317
0#
#6320
1#
b10001111 4
#6321
0#
#6324
1#
#6325
0#
1%
#6328
1#
#6329
0#
0%
#6331
b1000100 &
#6332
1#
#6333
0#
#6336
1#
1$
#6337
0#
1%
#6340
1#
b10010000 4
#6341
0#
0%
#6344
1#
#6345
0#
1%
#6348
1#
#6349
0#
#6351
b1000101 &
#6352
1#
#6353
0#
0%
#6356
1#
0$
#6357
0#
1%
#6360
1#
b10010001 4
#6361
0#
#6364
1#
#6365
0#
#6368
1#
#6369
0#
0%
#6371
b1000110 &
#6372
1#
#6373
0#
1%
#6376
1#
#6377
0#
#6380
1#
b10010010 4
#6381
0#
#6384
1#
#6385
0#
#6388
1#
#6389
0#
#6392
1#
#6393
0#
0%
#6396
1#
1$
#6397
0#
1%
#6400
1#
b10010011 4
#6401
0#
0%
#6404
1#
#6405
0#
#6408
1#
#6409
0#
1%
#6411
b1000111 &
#6412
1#
#6413
0#
0%
#6416
1#
#6417
0#
1%
#6420
1#
b10010100 4
#6421
0#
0%
#6424
1#
#6425
0#
1%
#6428
1#
#6429
0#
#6431
b1001000 &
#6432
1#
#6433
0#
0%
#6436
1#
#6437
0#
1%
#6440
1#
b10010101 4
#6441
0#
0%
#6444
1#
#6445
0#
1%
#6448
1#
#6449
0#
0%
#6452
1#
#6453
0#
1%
#6456
1#
0$
#6457
0#
#6460
1#
b10010110 4
#6461
0#
0%
#6464
1#
#6465
0#
#6468
1#
#6469
0#
1%
#6472
1#
#6473
0#
#6476
1#
#6477
0#
#6480
1#
b10010111 4
#6481
0#
#6484
1#
#6485
0#
#6488
1#
#6489
0#
0%
#6491
b1001001 &
#6492
1#
#6493
0#
1%
#6496
1#
1$
#6497
0#
0%
#6500
1#
b10011000 4
#6501
0#
1%
#6504
1#
#6505
0#
0%
#6508
1#
#6509
0#
1%
#6511
b1001010 &
#6512
1#
#6513
0#
0%
#6516
1#
0$
#6517
0#
#6520
1#
b10011001 4
#6521
0#
1%
#6524
1#
#6525
0#
#6528
1#
#6529
0#
0%
#6531
b1001011 &
#6532
1#
#6533
0#
1%
#6536
1#
#6537
0#
#6540
1#
b10011010 4
#6541
0#
#6544
1#
#6545
0#
0%
#6548
1#
#6549
0#
#6551
b1001100 &
#6552
1#
#6553
0#
1%
#6556
1#
1$
#6557
0#
#6560
1#
b10011011 4
#6561
0#
0%
#6564
1#
#6565
0#
#6568
1#
#6569
0#
#6572
1#
#6573
0#
#6576
1#
#6577
0#
#6580
1#
b10011100 4
#6581
0#
1%
#6584
1#
#6585
0#
0%
#6588
1#
#6589
0#
#6592
1#
#6593
0#
#6596
1#
0$
#6597
0#
1%
#6600
1#
b10011101 4
#6601
0#
#6604
1#
#6605
0#
#6608
1#
#6609
0#
#6612
1#
#6613
0#
0%
#6616
1#
#6617
0#
1%
#6620
1#
b10011110 4
#6621
0#
#6624
1#
#6625
0#
#6628
1#
#6629
0#
#6632
1#
#6633
0#
0%
#6636
1#
1$
#6637
0#
1%
#6640
1#
b10011111 4
#6641
0#
#6644
1#
#6645
0#
0%
#6648
1#
#6649
0#
1%
#6651
b1001101 &
#6652
1#
#6653
0#
#6656
1#
0$
#6657
0#
#6660
1#
b10100000 4
#6661
0#
#6664
1#
#6665
0#
#6668
1#
#6669
0#
#6672
1#
#6673
0#
#6676
1#
#6677
0#
#6680
1#
b10100001 4
#6681
0#
#6684
1#
#6685
0#
#6688
1#
#6689
0#
0%
#6691
b1001110 &
#6692
1#
#6693
0#
1%
#6696
1#
#6697
0#
#6700
1#
b10100010 4
#6701
0#
0%
#6704
1#
#6705
0#
1%
#6708
1#
#6709
0#
#6712
1#
#6713
0#
#6716
1#
1$
#6717
0#
0%
#6720
1#
b10100011 4
#6721
0#
1%
#6724
1#
#6725
0#
#6728
1#
#6729
0#
#6731
b1001111 &
#6732
1#
#6733
0#
#6736
1#
#6737
0#
#6740
1#
b10100100 4
#6741
0#
0%
#6744
1#
#6745
0#
#6748
1#
#6749
0#
1%
#6751
b1010000 &
#6752
1#
#6753
0#
0%
#6756
1#
0$
#6757
0#
#6760
1#
b10100101 4
#6761
0#
#6764
1#
#6765
0#
1%
#6768
1#
#6769
0#
#6772
1#
#6773
0#
0%
#6776
1#
#6777
0#
1%
#6780
1#
b10100110 4
#6781
0#
#6784
1#
#6785
0#
0%
#6788
1#
#6789
0#
#6791
b1010001 &
#6792
1#
#6793
0#
#6796
1#
1$
#6797
0#
1%
#6800
1#
b10100111 4
#6801
0#
#6804
1#
#6805
0#
0%
#6808
1#
#6809
0#
#6812
1#
#6813
0#
#6816
1#
0$
#6817
0#
#6820
1#
b10101000 4
#6821
0#
#6824
1#
#6825
0#
1%
#6828
1#
#6829
0#
0%
#6831
b1010010 &
#6832
1#
#6833
0#
1%
#6836
1#
1$
#6837
0#
#6840
1#
b10101001 4
#6841
0#
#6844
1#
#6845
0#
0%
#6848
1#
#6849
0#
1%
#6851
b1010011 &
#6852
1#
#6853
0#
#6856
1#
#6857
0#
#6860
1#
b10101010 4
#6861
0#
#6864
1#
#6865
0#
0%
#6868
1#
#6869
0#
1%
#6871
b1010100 &
#6872
1#
#6873
0#
#6876
1#
0$
#6877
0#
0%
#6880
1#
b10101011 4
#6881
0#
#6884
1#
#6885
0#
1%
#6888
1#
#6889
0#
#6892
1#
#6893
0#
#6896
1#
#6897
0#
0%
#6900
1#
b10101100 4
#6901
0#
1%
#6904
1#
#6905
0#
0%
#6908
1#
#6909
0#
1%
#6912
1#
#6913
0#
#6916
1#
1$
#6917
0#
#6920
1#
b10101101 4
#6921
0#
#6924
1#
#6925
0#
#6928
1#
#6929
0#
0%
#6932
1#
#6933
0#
#6936
1#
0$
#6937
0#
#6940
1#
b10101110 4
#6941
0#
#6944
1#
#6945
0#
1%
#6948
1#
#6949
0#
#6952
1#
#6953
0#
#6956
1#
#6957
0#
0%
#6960
1#
b10101111 4
#6961
0#
1%
#6964
1#
#6965
0#
#6968
1#
#6969
0#
#6972
1#
#6973
0#
0%
#6976
1#
#6977
0#
1%
#6980
1#
b10110000 4
#6981
0#
#6984
1#
#6985
0#
#6988
1#
#6989
0#
#6992
1#
#6993
0#
#6996
1#
#6997
0#
#7000
1#
b10110001 4
#7001
0#
#7004
1#
#7005
0#
0%
#7008
1#
#7009
0#
#7011
b1010101 &
#7012
1#
#7013
0#
1%
#7016
1#
1$
#7017
0#
0%
#7020
1#
b10110010 4
#7021
0#
#7024
1#
#7025
0#
1%
#7028
1#
#7029
0#
#7031
b1010110 &
#7032
1#
#7033
0#
0%
#7036
1#
#7037
0#
#7040
1#
b10110011 4
#7041
0#
#7044
1#
#7045
0#
1%
#7048
1#
#7049
0#
0%
#7052
1#
#7053
0#
1%
#7056
1#
0$
#7057
0#
0%
#7060
1#
b10110100 4
#7061
0#
1%
#7064
1#
#7065
0#
0%
#7068
1#
#7069
0#
1%
#7072
1#
#7073
0#
0%
#7076
1#
1$
#7077
0#
#7080
1#
b10110101 4
#7081
0#
1%
#7084
1#
#7085
0#
0%
#7088
1#
#7089
0#
1%
#7091
b1010111 &
#7092
1#
#7093
0#
0%
#7096
1#
0$
#7097
0#
#7100
1#
b10110110 4
#7101
0#
#7104
1#
#7105
0#
1%
#7108
1#
#7109
0#
#7112
1#
#7113
0#
#7116
1#
1$
#7117
0#
#7120
1#
b10110111 4
#7121
0#
0%
#7124
1#
#7125
0#
#7128
1#
#7129
0#
1%
#7131
b1011000 &
#7132
1#
#7133
0#
0%
#7136
1#
#7137
0#
#7140
1#
b10111000 4
#7141
0#
1%
#7144
1#
#7145
0#
#7148
1#
#7149
0#
#7151
b1011001 &
#7152
1#
#7153
0#
#7156
1#
0$
#7157
0#
0%
#7160
1#
b10111001 4
#7161
0#
#7164
1#
#7165
0#
1%
#7168
1#
#7169
0#
#7172
1#
#7173
0#
0%
#7176
1#
#7177
0#
1%
#7180
1#
b10111010 4
#7181
0#
#7184
1#
#7185
0#
#7188
1#
#7189
0#
#7192
1#
#7193
0#
#7196
1#
1$
#7197
0#
0%
#7200
1#
b10111011 4
#7201
0#
1%
#7204
1#
#7205
0#
0%
#7208
1#
#7209
0#
1%
#7211
b1011010 &
#7212
1#
#7213
0#
0%
#7216
1#
0$
#7217
0#
#7220
1#
b10111100 4
#7221
0#
1%
#7224
1#
#7225
0#
#7228
1#
#7229
0#
0%
#7231
b1011011 &
#7232
1#
#7233
0#
1%
#7236
1#
1$
#7237
0#
#7240
1#
b10111101 4
#7241
0#
0%
#7244
1#
#7245
0#
#7248
1#
#7249
0#
#7252
1#
#7253
0#
#7256
1#
#7257
0#
1%
#7260
1#
b10111110 4
#7261
0#
0%
#7264
1#
#7265
0#
#7268
1#
#7269
0#
#7272
1#
#7273
0#
1%
#7276
1#
#7277
0#
0%
#7280
1#
b10111111 4
#7281
0#
#7284
1#
#7285
0#
#7288
1#
#7289
0#
1%
#7291
b1011100 &
#7292
1#
#7293
0#
#7296
1#
#7297
0#
0%
#7300
1#
b11000000 4
#7301
0#
1%
#7304
1#
#7305
0#
0%
#7308
1#
#7309
0#
#7312
1#
#7313
0#
1%
#7316
1#
#7317
0#
#7320
1#
b11000001 4
#7321
0#
0%
#7324
1#
#7325
0#
#7328
1#
#7329
0#
1%
#7331
b1011101 &
#7332
1#
#7333
0#
0%
#7336
1#
0$
#7337
0#
#7340
1#
b11000010 4
#7341
0#
#7344
1#
#7345
0#
#7348
1#
#7349
0#
1%
#7352
1#
#7353
0#
0%
#7356
1#
1$
#7357
0#
1%
#7360
1#
b11000011 4
#7361
0#
#7364
1#
#7365
0#
#7368
1#
#7369
0#
0%
#7372
1#
#7373
0#
#7376
1#
0$
#7377
0#
#7380
1#
b11000100 4
#7381
0#
#7384
1#
#7385
0#
1%
#7388
1#
#7389
0#
0%
#7391
b1011110 &
#7392
1#
#7393
0#
#7396
1#
1$
#7397
0#
#7400
1#
b11000101 4
#7401
0#
#7404
1#
#7405
0#
#7408
1#
#7409
0#
1%
#7411
b1011111 &
#7412
1#
#7413
0#
#7416
1#
#7417
0#
#7420
1#
b11000110 4
#7421
0#
#7424
1#
#7425
0#
0%
#7428
1#
#7429
0#
#7432
1#
#7433
0#
#7436
1#
0$
#7437
0#
#7440
1#
b11000111 4
#7441
0#
#7444
1#
#7445
0#
1%
#7448
1#
#7449
0#
#7452
1#
#7453
0#
#7456
1#
#7457
0#
0%
#7460
1#
b11001000 4
#7461
0#
1%
#7464
1#
#7465
0#
#7468
1#
#7469
0#
0%
#7471
b1100000 &
#7472
1#
#7473
0#
#7476
1#
#7477
0#
#7480
1#
b11001001 4
#7481
0#
#7484
1#
#7485
0#
#7488
1#
#7489
0#
1%
#7492
1#
#7493
0#
0%
#7496
1#
#7497
0#
#7500
1#
b11001010 4
#7501
0#
1%
#7504
1#
#7505
0#
0%
#7508
1#
#7509
0#
1%
#7512
1#
#7513
0#
0%
#7516
1#
1$
#7517
0#
#7520
1#
b11001011 4
#7521
0#
#7524
1#
#7525
0#
#7528
1#
#7529
0#
#7532
1#
#7533
0#
#7536
1#
#7537
0#
#7540
1#
b11001100 4
#7541
0#
1%
#7544
1#
#7545
0#
#7548
1#
#7549
0#
#7551
b1100001 &
#7552
1#
#7553
0#
#7556
1#
0$
#7557
0#
#7560
1#
b11001101 4
#7561
0#
#7564
1#
#7565
0#
#7568
1#
#7569
0#
0%
#7571
b1100010 &
#7572
1#
#7573
0#
1%
#7576
1#
1$
#7577
0#
#7580
1#
b11001110 4
#7581
0#
0%
#7584
1#
#7585
0#
#7588
1#
#7589
0#
1%
#7591
b1100011 &
#7592
1#
#7593
0#
0%
#7596
1#
0$
#7597
0#
#7600
1#
b11001111 4
#7601
0#
1%
#7604
1#
#7605
0#
#7608
1#
#7609
0#
#7612
1#
#7613
0#
0%
#7616
1#
#7617
0#
1%
#7620
1#
b11010000 4
#7621
0#
#7624
1#
#7625
0#
0%
#7628
1#
#7629
0#
#7631
b1100100 &
#7632
1#
#7633
0#
1%
#7636
1#
#7637
0#
#7640
1#
b11010001 4
#7641
0#
#7644
1#
#7645
0#
#7648
1#
#7649
0#
#7652
1#
#7653
0#
#7656
1#
#7657
0#
0%
#7660
1#
b11010010 4
#7661
0#
1%
#7664
1#
#7665
0#
0%
#7668
1#
#7669
0#
#7671
b1100101 &
#7672
1#
#7673
0#
#7676
1#
#7677
0#
1%
#7680
1#
b11010011 4
#7681
0#
#7684
1#
#7685
0#
#7688
1#
#7689
0#
#7692
1#
#7693
0#
0%
#7696
1#
1$
#7697
0#
1%
#7700
1#
b11010100 4
#7701
0#
0%
#7704
1#
#7705
0#
1%
#7708
1#
#7709
0#
#7711
b1100110 &
#7712
1#
#7713
0#
#7716
1#
0$
#7717
0#
#7720
1#
b11010101 4
#7721
0#
#7724
1#
#7725
0#
0%
#7728
1#
#7729
0#
#7731
b1100111 &
#7732
1#
#7733
0#
#7736
1#
1$
#7737
0#
1%
#7740
1#
b11010110 4
#7741
0#
#7744
1#
#7745
0#
0%
#7748
1#
#7749
0#
#7752
1#
#7753
0#
#7756
1#
#7757
0#
1%
#7760
1#
b11010111 4
#7761
0#
#7764
1#
#7765
0#
#7768
1#
#7769
0#
#7771
b1101000 &
#7772
1#
#7773
0#
0%
#7776
1#
#7777
0#
#7780
1#
b11011000 4
#7781
0#
1%
#7784
1#
#7785
0#
0%
#7788
1#
#7789
0#
#7792
1#
#7793
0#
#7796
1#
#7797
0#
#7800
1#
b11011001 4
#7801
0#
#7804
1#
#7805
0#
#7808
1#
#7809
0#
#7812
1#
#7813
0#
#7816
1#
#7817
0#
#7820
1#
b11011010 4
#7821
0#
#7824
1#
#7825
0#
#7828
1#
#7829
0#
1%
#7831
b1101001 &
#7832
1#
#7833
0#
#7836
1#
0$
#7837
0#
#7840
1#
b11011011 4
#7841
0#
0%
#7844
1#
#7845
0#
1%
#7848
1#
#7849
0#
0%
#7851
b1101010 &
#7852
1#
#7853
0#
#7856
1#
#7857
0#
1%
#7860
1#
b11011100 4
#7861
0#
#7864
1#
#7865
0#
#7868
1#
#7869
0#
0%
#7871
b1101011 &
#7872
1#
#7873
0#
#7876
1#
#7877
0#
1%
#7880
1#
b11011101 4
#7881
0#
#7884
1#
#7885
0#
#7888
1#
#7889
0#
#7892
1#
#7893
0#
#7896
1#
#7897
0#
0%
#7900
1#
b11011110 4
#7901
0#
1%
#7904
1#
#7905
0#
#7908
1#
#7909
0#
#7912
1#
#7913
0#
#7916
1#
#7917
0#
#7920
1#
b11011111 4
#7921
0#
0%
#7924
1#
#7925
0#
1%
#7928
1#
#7929
0#
#7932
1#
#7933
0#
0%
#7936
1#
1$
#7937
0#
1%
#7940
1#
b11100000 4
#7941
0#
0%
#7944
1#
#7945
0#
#7948
1#
#7949
0#
#7952
1#
#7953
0#
1%
#7956
1#
#7957
0#
#7960
1#
b11100001 4
#7961
0#
0%
#7964
1#
#7965
0#
#7968
1#
#7969
0#
#7972
1#
#7973
0#
1%
#7976
1#
#7977
0#
0%
#7980
1#
b11100010 4
#7981
0#
#7984
1#
#7985
0#
#7988
1#
#7989
0#
#7992
1#
#7993
0#
#7996
1#
#7997
0#
#8000
1#
b11100011 4
#8001
0#
#8004
1#
#8005
0#
1%
#8008
1#
#8009
0#
#8011
b1101100 &
#8012
1#
#8013
0#
#8016
1#
0$
#8017
0#
#8020
1#
b11100100 4
#8021
0#
#8024
1#
#8025
0#
#8028
1#
#8029
0#
#8032
1#
#8033
0#
#8036
1#
#8037
0#
#8040
1#
b11100101 4
#8041
0#
0%
#8044
1#
#8045
0#
1%
#8048
1#
#8049
0#
0%
#8051
b1101101 &
#8052
1#
#8053
0#
1%
#8056
1#
1$
#8057
0#
#8060
1#
b11100110 4
#8061
0#
#8064
1#
#8065
0#
0%
#8068
1#
#8069
0#
#8072
1#
#8073
0#
#8076
1#
0$
#8077
0#
1%
#8080
1#
b11100111 4
#8081
0#
0%
#8084
1#
#8085
0#
1%
#8088
1#
#8089
0#
#8092
1#
#8093
0#
#8096
1#
#8097
0#
0%
#8100
1#
b11101000 4
#8101
0#
1%
#8104
1#
#8105
0#
#8108
1#
#8109
0#
0%
#8111
b1101110 &
#8112
1#
#8113
0#
#8116
1#
#8117
0#
1%
#8120
1#
b11101001 4
#8121
0#
0%
#8124
1#
#8125
0#
1%
#8128
1#
#8129
0#
#8132
1#
#8133
0#
0%
#8136
1#
#8137
0#
#8140
1#
b11101010 4
#8141
0#
#8144
1#
#8145
0#
1%
#8148
1#
#8149
0#
#8152
1#
#8153
0#
#8156
1#
#8157
0#
0%
#8160
1#
b11101011 4
#8161
0#
#8164
1#
#8165
0#
#8168
1#
#8169
0#
1%
#8172
1#
#8173
0#
#8176
1#
1$
#8177
0#
#8180
1#
b11101100 4
#8181
0#
#8184
1#
#8185
0#
#8188
1#
#8189
0#
#8191
b1101111 &
#8192
1#
#8193
0#
0%
#8196
1#
0$
#8197
0#
1%
#8200
1#
b11101101 4
#8201
0#
0%
#8204
1#
#8205
0#
1%
#8208
1#
#8209
0#
#8212
1#
#8213
0#
#8216
1#
#8217
0#
0%
#8220
1#
b11101110 4
#8221
0#
1%
#8224
1#
#8225
0#
#8228
1#
#8229
0#
0%
#8231
b1110000 &
#8232
1#
#8233
0#
1%
#8236
1#
1$
#8237
0#
#8240
1#
b11101111 4
#8241
0#
0%
#8244
1#
#8245
0#
1%
#8248
1#
#8249
0#
0%
#8252
1#
#8253
0#
1%
#8256
1#
0$
#8257
0#
0%
#8260
1#
b11110000 4
#8261
0#
#8264
1#
#8265
0#
1%
#8268
1#
#8269
0#
#8272
1#
#8273
0#
#8276
1#
#8277
0#
0%
#8280
1#
b11110001 4
#8281
0#
1%
#8284
1#
#8285
0#
#8288
1#
#8289
0#
#8292
1#
#8293
0#
#8296
1#
1$
#8297
0#
#8300
1#
b11110010 4
#8301
0#
#8304
1#
#8305
0#
#8308
1#
#8309
0#
0%
#8312
1#
#8313
0#
1%
#8316
1#
#8317
0#
#8320
1#
b11110011 4
#8321
0#
#8324
1#
#8325
0#
0%
#8328
1#
#8329
0#
#8332
1#
#8333
0#
#8336
1#
0$
#8337
0#
1%
#8340
1#
b11110100 4
#8341
0#
#8344
1#
#8345
0#
#8348
1#
#8349
0#
#8352
1#
#8353
0#
#8356
1#
1$
#8357
0#
0%
#8360
1#
b11110101 4
#8361
0#
1%
#8364
1#
#8365
0#
#8368
1#
#8369
0#
0%
#8372
1#
#8373
0#
#8376
1#
0$
#8377
0#
1%
#8380
1#
b11110110 4
#8381
0#
0%
#8384
1#
#8385
0#
#8388
1#
#8389
0#
1%
#8392
1#
#8393
0#
#8396
1#
1$
#8397
0#
#8400
1#
b11110111 4
#8401
0#
#8404
1#
#8405
0#
0%
#8408
1#
#8409
0#
#8412
1#
#8413
0#
#8416
1#
#8417
0#
1%
#8420
1#
b11111000 4
#8421
0#
0%
#8424
1#
#8425
0#
#8428
1#
#8429
0#
#8432
1#
#8433
0#
#8436
1#
0$
#8437
0#
#8440
1#
b11111001 4
#8441
0#
#8444
1#
#8445
0#
#8448
1#
#8449
0#
#8451
b1110001 &
#8452
1#
#8453
0#
#8456
1#
#8457
0#
1%
#8460
1#
b11111010 4
#8461
0#
#8464
1#
#8465
0#
0%
#8468
1#
#8469
0#
#8471
b1110010 &
#8472
1#
#8473
0#
1%
#8476
1#
1$
#8477
0#
0%
#8480
1#
b11111011 4
#8481
0#
1%
#8484
1#
#8485
0#
0%
#8488
1#
#8489
0#
#8492
1#
#8493
0#
1%
#8496
1#
#8497
0#
0%
#8500
1#
b11111100 4
#8501
0#
1%
#8504
1#
#8505
0#
#8508
1#
#8509
0#
#8511
b1110011 &
#8512
1#
#8513
0#
0%
#8516
1#
0$
#8517
0#
1%
#8520
1#
b11111101 4
#8521
0#
#8524
1#
#8525
0#
0%
#8528
1#
#8529
0#
1%
#8532
1#
#8533
0#
0%
#8536
1#
#8537
0#
#8540
1#
b11111110 4
#8541
0#
#8544
1#
#8545
0#
1%
#8548
1#
#8549
0#
#8552
1#
#8553
0#
#8556
1#
#8557
0#
0%
#8560
1#
b11111111 4
#8561
0#
1%
#8564
1#
#8565
0#
0%
#8568
1#
#8569
0#
#8571
b1110100 &
#8572
1#
#8573
0#
1%
#8576
1#
#8577
0#
#8580
1#
b100000000 4
#8581
0#
#8584
1#
#8585
0#
0%
#8588
1#
#8589
0#
1%
#8592
1#
#8593
0#
#8596
1#
#8597
0#
#8600
1#
b100000001 4
#8601
0#
#8604
1#
#8605
0#
#8608
1#
#8609
0#
#8612
1#
#8613
0#
0%
#8616
1#
1$
#8617
0#
1%
#8620
1#
b100000010 4
#8621
0#
0%
#8624
1#
#8625
0#
1%
#8628
1#
#8629
0#
#8631
b1110101 &
#8632
1#
#8633
0#
#8636
1#
0$
#8637
0#
0%
#8640
1#
b100000011 4
#8641
0#
1%
#8644
1#
#8645
0#
#8648
1#
#8649
0#
0%
#8651
b1110110 &
#8652
1#
#8653
0#
#8656
1#
1$
#8657
0#
#8660
1#
b100000100 4
#8661
0#
#8664
1#
#8665
0#
#8668
1#
#8669
0#
#8672
1#
#8673
0#
#8676
1#
0$
#8677
0#
1%
#8680
1#
b100000101 4
#8681
0#
0%
#8684
1#
#8685
0#
1%
#8688
1#
#8689
0#
#8692
1#
#8693
0#
#8696
1#
#8697
0#
#8700
1#
b100000110 4
#8701
0#
#8704
1#
#8705
0#
#8708
1#
#8709
0#
#8712
1#
#8713
0#
#8716
1#
1$
#8717
0#
#8720
1#
b100000111 4
#8721
0#
#8724
1#
#8725
0#
#8728
1#
#8729
0#
#8731
b1110111 &
#8732
1#
#8733
0#
0%
#8736
1#
0$
#8737
0#
#8740
1#
b100001000 4
#8741
0#
#8744
1#
#8745
0#
1%
#8748
1#
#8749
0#
#8752
1#
#8753
0#
#8756
1#
1$
#8757
0#
#8760
1#
b100001001 4
#8761
0#
#8764
1#
#8765
0#
0%
#8768
1#
#8769
0#
1%
#8771
b1111000 &
#8772
1#
#8773
0#
#8776
1#
#8777
0#
0%
#8780
1#
b100001010 4
#8781
0#
#8784
1#
#8785
0#
1%
#8788
1#
#8789
0#
#8791
b1111001 &
#8792
1#
#8793
0#
#8796
1#
#8797
0#
#8800
1#
b100001011 4
#8801
0#
#8804
1#
#8805
0#
0%
#8808
1#
#8809
0#
1%
#8811
b1111010 &
#8812
1#
#8813
0#
0%
#8816
1#
#8817
0#
#8820
1#
b100001100 4
#8821
0#
#8824
1#
#8825
0#
1%
#8828
1#
#8829
0#
#8831
b1111011 &
#8832
1#
#8833
0#
0%
#8836
1#
#8837
0#
#8840
1#
b100001101 4
#8841
0#
#8844
1#
#8845
0#
#8848
1#
#8849
0#
#8852
1#
#8853
0#
1%
#8856
1#
0$
#8857
0#
0%
#8860
1#
b100001110 4
#8861
0#
#8864
1#
#8865
0#
1%
#8868
1#
#8869
0#
0%
#8871
b1111100 &
#8872
1#
#8873
0#
1%
#8876
1#
#8877
0#
#8880
1#
b100001111 4
#8881
0#
0%
#8884
1#
#8885
0#
#8888
1#
#8889
0#
1%
#8892
1#
#8893
0#
0%
#8896
1#
#8897
0#
1%
#8900
1#
b100010000 4
#8901
0#
0%
#8904
1#
#8905
0#
1%
#8908
1#
#8909
0#
#8912
1#
#8913
0#
#8916
1#
1$
#8917
0#
0%
#8920
1#
b100010001 4
#8921
0#
#8924
1#
#8925
0#
1%
#8928
1#
#8929
0#
0%
#8932
1#
#8933
0#
#8936
1#
#8937
0#
#8940
1#
b100010010 4
#8941
0#
#8944
1#
#8945
0#
1%
#8948
1#
#8949
0#
#8951
b1111101 &
#8952
1#
#8953
0#
#8956
1#
0$
#8957
0#
#8960
1#
b100010011 4
#8961
0#
0%
#8964
1#
#8965
0#
#8968
1#
#8969
0#
1%
#8972
1#
#8973
0#
#8976
1#
#8977
0#
0%
#8980
1#
b100010100 4
#8981
0#
1%
#8984
1#
#8985
0#
#8988
1#
#8989
0#
0%
#8991
b1111110 &
#8992
1#
#8993
0#
#8996
1#
#8997
0#
1%
#9000
1#
b100010101 4
#9001
0#
#9004
1#
#9005
0#
0%
#9008
1#
#9009
0#
1%
#9012
1#
#9013
0#
#9016
1#
#9017
0#
#9020
1#
b100010110 4
#9021
0#
#9024
1#
#9025
0#
#9028
1#
#9029
0#
0%
#9031
b1111111 &
#9032
1#
#9033
0#
1%
#9036
1#
1$
#9037
0#
#9040
1#
b100010111 4
#9041
0#
#9044
1#
#9045
0#
0%
#9048
1#
#9049
0#
1%
#9051
b10000000 &
#9052
1#
#9053
0#
#9056
1#
#9057
0#
#9060
1#
b100011000 4
#9061
0#
0%
#9064
1#
#9065
0#
1%
#9068
1#
#9069
0#
#9071
b10000001 &
#9072
1#
#9073
0#
#9076
1#
0$
#9077
0#
0%
#9080
1#
b100011001 4
#9081
0#
1%
#9084
1#
#9085
0#
0%
#9088
1#
#9089
0#
1%
#9092
1#
#9093
0#
0%
#9096
1#
1$
#9097
0#
1%
#9100
1#
b100011010 4
#9101
0#
#9104
1#
#9105
0#
#9108
1#
#9109
0#
#9111
b10000010 &
#9112
1#
#9113
0#
0%
#9116
1#
#9117
0#
#9120
1#
b100011011 4
#9121
0#
1%
#9124
1#
#9125
0#
0%
#9128
1#
#9129
0#
1%
#9131
b10000011 &
#9132
1#
#9133
0#
0%
#9136
1#
#9137
0#
1%
#9140
1#
b100011100 4
#9141
0#
0%
#9144
1#
#9145
0#
#9148
1#
#9149
0#
#9152
1#
#9153
0#
#9156
1#
0$
#9157
0#
1%
#9160
1#
b100011101 4
#9161
0#
0%
#9164
1#
#9165
0#
1%
#9168
1#
#9169
0#
#9172
1#
#9173
0#
0%
#9176
1#
1$
#9177
0#
1%
#9180
1#
b100011110 4
#9181
0#
#9184
1#
#9185
0#
#9188
1#
#9189
0#
#9191
b10000100 &
#9192
1#
#9193
0#
#9196
1#
0$
#9197
0#
#9200
1#
b100011111 4
#9201
0#
#9204
1#
#9205
0#
#9208
1#
#9209
0#
#9212
1#
#9213
0#
#9216
1#
#9217
0#
#9220
1#
b100100000 4
#9221
0#
0%
#9224
1#
#9225
0#
#9228
1#
#9229
0#
#9231
b10000101 &
#9232
1#
#9233
0#
1%
#9236
1#
#9237
0#
#9240
1#
b100100001 4
#9241
0#
#9244
1#
#9245
0#
#9248
1#
#9249
0#
0%
#9251
b10000110 &
#9252
1#
#9253
0#
1%
#9256
1#
#9257
0#
0%
#9260
1#
b100100010 4
#9261
0#
1%
#9264
1#
#9265
0#
#9268
1#
#9269
0#
#9272
1#
#9273
0#
0%
#9276
1#
1$
#9277
0#
#9280
1#
b100100011 4
#9281
0#
#9284
1#
#9285
0#
1%
#9288
1#
#9289
0#
0%
#9292
1#
#9293
0#
#9296
1#
0$
#9297
0#
1%
#9300
1#
b100100100 4
#9301
0#
#9304
1#
#9305
0#
0%
#9308
1#
#9309
0#
1%
#9312
1#
#9313
0#
#9316
1#
1$
#9317
0#
#9320
1#
b100100101 4
#9321
0#
#9324
1#
#9325
0#
0%
#9328
1#
#9329
0#
#9332
1#
#9333
0#
#9336
1#
0$
#9337
0#
1%
#9340
1#
b100100110 4
#9341
0#
#9344
1#
#9345
0#
#9348
1#
#9349
0#
#9352
1#
#9353
0#
0%
#9356
1#
1$
#9357
0#
1%
#9360
1#
b100100111 4
#9361
0#
#9364
1#
#9365
0#
0%
#9368
1#
#9369
0#
1%
#9371
b10000111 &
#9372
1#
#9373
0#
#9376
1#
#9377
0#
0%
#9380
1#
b100101000 4
#9381
0#
#9384
1#
#9385
0#
1%
#9388
1#
#9389
0#
0%
#9392
1#
#9393
0#
#9396
1#
#9397
0#
1%
#9400
1#
b100101001 4
#9401
0#
0%
#9404
1#
#9405
0#
1%
#9408
1#
#9409
0#
0%
#9412
1#
#9413
0#
#9416
1#
#9417
0#
1%
#9420
1#
b100101010 4
#9421
0#
#9424
1#
#9425
0#
0%
#9428
1#
#9429
0#
1%
#9431
b10001000 &
#9432
1#
#9433
0#
#9436
1#
0$
#9437
0#
0%
#9440
1#
b100101011 4
#9441
0#
#9444
1#
#9445
0#
#9448
1#
#9449
0#
#9451
b10001001 &
#9452
1#
#9453
0#
1%
#9456
1#
#9457
0#
0%
#9460
1#
b100101100 4
#9461
0#
1%
#9464
1#
#9465
0#
#9468
1#
#9469
0#
#9472
1#
#9473
0#
#9476
1#
#9477
0#
0%
#9480
1#
b100101101 4
#9481
0#
#9484
1#
#9485
0#
1%
#9488
1#
#9489
0#
#9492
1#
#9493
0#
#9496
1#
#9497
0#
#9500
1#
b100101110 4
#9501
0#
#9504
1#
#9505
0#
0%
#9508
1#
#9509
0#
1%
#9512
1#
#9513
0#
0%
#9516
1#
1$
#9517
0#
1%
#9520
1#
b100101111 4
#9521
0#
0%
#9524
1#
#9525
0#
1%
#9528
1#
#9529
0#
#9531
b10001010 &
#9532
1#
#9533
0#
#9536
1#
#9537
0#
#9540
1#
b100110000 4
#9541
0#
#9544
1#
#9545
0#
#9548
1#
#9549
0#
#9551
b10001011 &
#9552
1#
#9553
0#
0%
#9556
1#
#9557
0#
1%
#9560
1#
b100110001 4
#9561
0#
#9564
1#
#9565
0#
0%
#9568
1#
#9569
0#
#9572
1#
#9573
0#
1%
#9576
1#
0$
#9577
0#
0%
#9580
1#
b100110010 4
#9581
0#
#9584
1#
#9585
0#
1%
#9588
1#
#9589
0#
#9592
1#
#9593
0#
0%
#9596
1#
1$
#9597
0#
#9600
1#
b100110011 4
#9601
0#
#9604
1#
#9605
0#
#9608
1#
#9609
0#
#9612
1#
#9613
0#
1%
#9616
1#
0$
#9617
0#
#9620
1#
b100110100 4
#9621
0#
0%
#9624
1#
#9625
0#
#9628
1#
#9629
0#
1%
#9632
1#
#9633
0#
0%
#9636
1#
#9637
0#
1%
#9640
1#
b100110101 4
#9641
0#
0%
#9644
1#
#9645
0#
1%
#9648
1#
#9649
0#
#9652
1#
#9653
0#
#9656
1#
1$
#9657
0#
0%
#9660
1#
b100110110 4
#9661
0#
1%
#9664
1#
#9665
0#
0%
#9668
1#
#9669
0#
1%
#9671
b10001100 &
#9672
1#
#9673
0#
#9676
1#
0$
#9677
0#
0%
#9680
1#
b100110111 4
#9681
0#
#9684
1#
#9685
0#
1%
#9688
1#
#9689
0#
#9692
1#
#9693
0#
#9696
1#
#9697
0#
#9700
1#
b100111000 4
#9701
0#
0%
#9704
1#
#9705
0#
1%
#9708
1#
#9709
0#
#9712
1#
#9713
0#
#9716
1#
#9717
0#
#9720
1#
b100111001 4
#9721
0#
#9724
1#
#9725
0#
#9728
1#
#9729
0#
#9732
1#
#9733
0#
0%
#9736
1#
#9737
0#
1%
#9740
1#
b100111010 4
#9741
0#
0%
#9744
1#
#9745
0#
1%
#9748
1#
#9749
0#
0%
#9751
b10001101 &
#9752
1#
#9753
0#
1%
#9756
1#
1$
#9757
0#
#9760
1#
b100111011 4
#9761
0#
#9764
1#
#9765
0#
#9768
1#
#9769
0#
#9771
b10001110 &
#9772
1#
#9773
0#
0%
#9776
1#
0$
#9777
0#
1%
#9780
1#
b100111100 4
#9781
0#
#9784
1#
#9785
0#
#9788
1#
#9789
0#
0%
#9791
b10001111 &
#9792
1#
#9793
0#
1%
#9796
1#
#9797
0#
0%
#9800
1#
b100111101 4
#9801
0#
1%
#9804
1#
#9805
0#
#9808
1#
#9809
0#
#9812
1#
#9813
0#
#9816
1#
#9817
0#
#9820
1#
b100111110 4
#9821
0#
#9824
1#
#9825
0#
0%
#9828
1#
#9829
0#
#9831
b10010000 &
#9832
1#
#9833
0#
#9836
1#
#9837
0#
1%
#9840
1#
b100111111 4
#9841
0#
#9844
1#
#9845
0#
#9848
1#
#9849
0#
0%
#9851
b10010001 &
#9852
1#
#9853
0#
#9856
1#
1$
#9857
0#
1%
#9860
1#
b101000000 4
#9861
0#
0%
#9864
1#
#9865
0#
1%
#9868
1#
#9869
0#
0%
#9872
1#
#9873
0#
1%
#9876
1#
#9877
0#
#9880
1#
b101000001 4
#9881
0#
0%
#9884
1#
#9885
0#
1%
#9888
1#
#9889
0#
0%
#9892
1#
#9893
0#
#9896
1#
0$
#9897
0#
#9900
1#
b101000010 4
#9901
0#
#9904
1#
#9905
0#
#9908
1#
#9909
0#
1%
#9912
1#
#9913
0#
0%
#9916
1#
#9917
0#
1%
#9920
1#
b101000011 4
#9921
0#
#9924
1#
#9925
0#
#9928
1#
#9929
0#
#9932
1#
#9933
0#
0%
#9936
1#
1$
#9937
0#
1%
#9940
1#
b101000100 4
#9941
0#
#9944
1#
#9945
0#
#9948
1#
#9949
0#
0%
#9952
1#
#9953
0#
1%
#9956
1#
0$
#9957
0#
#9960
1#
b101000101 4
#9961
0#
0%
#9964
1#
#9965
0#
#9968
1#
#9969
0#
1%
#9972
1#
#9973
0#
#9976
1#
1$
#9977
0#
#9980
1#
b101000110 4
#9981
0#
0%
#9984
1#
#9985
0#
#9988
1#
#9989
0#
1%
#9991
b10010010 &
#9992
1#
#9993
0#
#9996
1#
#9997
0#
#10000
1#
b101000111 4
#10001
0#
#10004
1#
#10005
0#
#10008
1#
#10009
0#
#10011
b10010011 &
#10012
1#
#10013
0#
0%
#10016
1#
0$
#10017
0#
#10020
1#
b101001000 4
#10021
0#
1%
#10024
1#
#10025
0#
#10028
1#
#10029
0#
#10032
1#
#10033
0#
#10036
1#
#10037
0#
0%
#10040
1#
b101001001 4
#10041
0#
#10044
1#
#10045
0#
1%
#10048
1#
#10049
0#
#10052
1#
#10053
0#
#10056
1#
#10057
0#
#10060
1#
b101001010 4
#10061
0#
0%
#10064
1#
#10065
0#
#10068
1#
#10069
0#
1%
#10072
1#
#10073
0#
#10076
1#
#10077
0#
0%
#10080
1#
b101001011 4
#10081
0#
1%
#10084
1#
#10085
0#
#10088
1#
#10089
0#
#10092
1#
#10093
0#
0%
#10096
1#
1$
#10097
0#
1%
#10100
1#
b101001100 4
#10101
0#
0%
#10104
1#
#10105
0#
1%
#10108
1#
#10109
0#
#10111
b10010100 &
#10112
1#
#10113
0#
0%
#10116
1#
0$
#10117
0#
#10120
1#
b101001101 4
#10121
0#
#10124
1#
#10125
0#
#10128
1#
#10129
0#
#10131
b10010101 &
#10132
1#
#10133
0#
1%
#10136
1#
1$
#10137
0#
0%
#10140
1#
b101001110 4
#10141
0#
#10144
1#
#10145
0#
1%
#10148
1#
#10149
0#
0%
#10152
1#
#10153
0#
1%
#10156
1#
#10157
0#
#10160
1#
b101001111 4
#10161
0#
#10164
1#
#10165
0#
#10168
1#
#10169
0#
#10171
b10010110 &
#10172
1#
#10173
0#
0%
#10176
1#
0$
#10177
0#
1%
#10180
1#
b101010000 4
#10181
0#
0%
#10184
1#
#10185
0#
1%
#10188
1#
#10189
0#
0%
#10191
b10010111 &
#10192
1#
#10193
0#
#10196
1#
#10197
0#
1%
#10200
1#
b101010001 4
#10201
0#
#10204
1#
#10205
0#
0%
#10208
1#
#10209
0#
#10211
b10011000 &
#10212
1#
#10213
0#
1%
#10216
1#
#10217
0#
#10220
1#
b101010010 4
#10221
0#
#10224
1#
#10225
0#
#10228
1#
#10229
0#
0%
#10231
b10011001 &
#10232
1#
#10233
0#
1%
#10236
1#
#10237
0#
#10240
1#
b101010011 4
#10241
0#
0%
#10244
1#
#10245
0#
#10248
1#
#10249
0#
#10251
b10011010 &
#10252
1#
#10253
0#
1%
#10256
1#
#10257
0#
#10260
1#
b101010100 4
#10261
0#
#10264
1#
#10265
0#
0%
#10268
1#
#10269
0#
1%
#10272
1#
#10273
0#
#10276
1#
1$
#10277
0#
#10280
1#
b101010101 4
#10281
0#
0%
#10284
1#
#10285
0#
1%
#10288
1#
#10289
0#
0%
#10292
1#
#10293
0#
1%
#10296
1#
0$
#10297
0#
#10300
1#
b101010110 4
#10301
0#
0%
#10304
1#
#10305
0#
1%
#10308
1#
#10309
0#
#10312
1#
#10313
0#
#10316
1#
1$
#10317
0#
#10320
1#
b101010111 4
#10321
0#
#10324
1#
#10325
0#
#10328
1#
#10329
0#
#10331
b10011011 &
#10332
1#
#10333
0#
#10336
1#
#10337
0#
0%
#10340
1#
b101011000 4
#10341
0#
1%
#10344
1#
#10345
0#
#10348
1#
#10349
0#
0%
#10352
1#
#10353
0#
1%
#10356
1#
0$
#10357
0#
#10360
1#
b101011001 4
#10361
0#
#10364
1#
#10365
0#
#10368
1#
#10369
0#
#10372
1#
#10373
0#
#10376
1#
1$
#10377
0#
#10380
1#
b101011010 4
#10381
0#
#10384
1#
#10385
0#
#10388
1#
#10389
0#
#10391
b10011100 &
#10392
1#
#10393
0#
0%
#10396
1#
0$
#10397
0#
1%
#10400
1#
b101011011 4
#10401
0#
#10404
1#
#10405
0#
0%
#10408
1#
#10409
0#
1%
#10412
1#
#10413
0#
0%
#10416
1#
1$
#10417
0#
1%
#10420
1#
b101011100 4
#10421
0#
0%
#10424
1#
#10425
0#
1%
#10428
1#
#10429
0#
0%
#10432
1#
#10433
0#
#10436
1#
#10437
0#
1%
#10440
1#
b101011101 4
#10441
0#
#10444
1#
#10445
0#
#10448
1#
#10449
0#
0%
#10452
1#
#10453
0#
1%
#10456
1#
#10457
0#
#10460
1#
b101011110 4
#10461
0#
#10464
1#
#10465
0#
0%
#10468
1#
#10469
0#
1%
#10471
b10011101 &
#10472
1#
#10473
0#
0%
#10476
1#
#10477
0#
1%
#10480
1#
b101011111 4
#10481
0#
0%
#10484
1#
#10485
0#
#10488
1#
#10489
0#
#10492
1#
#10493
0#
1%
#10496
1#
#10497
0#
#10500
1#
b101100000 4
#10501
0#
#10504
1#
#10505
0#
0%
#10508
1#
#10509
0#
#10512
1#
#10513
0#
#10516
1#
0$
#10517
0#
#10520
1#
b101100001 4
#10521
0#
1%
#10524
1#
#10525
0#
#10528
1#
#10529
0#
#10532
1#
#10533
0#
#10536
1#
#10537
0#
0%
#10540
1#
b101100010 4
#10541
0#
1%
#10544
1#
#10545
0#
#10548
1#
#10549
0#
#10552
1#
#10553
0#
#10556
1#
#10557
0#
#10560
1#
b101100011 4
#10561
0#
#10564
1#
#10565
0#
#10568
1#
#10569
0#
#10572
1#
#10573
0#
#10576
1#
#10577
0#
#10580
1#
b101100100 4
#10581
0#
#10584
1#
#10585
0#
#10588
1#
#10589
0#
#10592
1#
#10593
0#
0%
#10596
1#
#10597
0#
#10600
1#
b101100101 4
#10601
0#
1%
#10604
1#
#10605
0#
#10608
1#
#10609
0#
#10612
1#
#10613
0#
#10616
1#
#10617
0#
0%
#10620
1#
b101100110 4
#10621
0#
1%
#10624
1#
#10625
0#
#10628
1#
#10629
0#
#10632
1#
#10633
0#
#10636
1#
1$
#10637
0#
#10640
1#
b101100111 4
#10641
0#
#10644
1#
#10645
0#
#10648
1#
#10649
0#
#10651
b10011110 &
#10652
1#
#10653
0#
#10656
1#
0$
#10657
0#
#10660
1#
b101101000 4
#10661
0#
#10664
1#
#10665
0#
0%
#10668
1#
#10669
0#
1%
#10672
1#
#10673
0#
0%
#10676
1#
1$
#10677
0#
1%
#10680
1#
b101101001 4
#10681
0#
#10684
1#
#10685
0#
0%
#10688
1#
#10689
0#
#10692
1#
#10693
0#
1%
#10696
1#
#10697
0#
0%
#10700
1#
b101101010 4
#10701
0#
#10704
1#
#10705
0#
1%
#10708
1#
#10709
0#
0%
#10712
1#
#10713
0#
1%
#10716
1#
0$
#10717
0#
#10720
1#
b101101011 4
#10721
0#
#10724
1#
#10725
0#
#10728
1#
#10729
0#
0%
#10731
b10011111 &
#10732
1#
#10733
0#
1%
#10736
1#
#10737
0#
#10740
1#
b101101100 4
#10741
0#
#10744
1#
#10745
0#
#10748
1#
#10749
0#
#10752
1#
#10753
0#
#10756
1#
#10757
0#
0%
#10760
1#
b101101101 4
#10761
0#
#10764
1#
#10765
0#
1%
#10768
1#
#10769
0#
0%
#10771
b10100000 &
#10772
1#
#10773
0#
1%
#10776
1#
1$
#10777
0#
#10780
1#
b101101110 4
#10781
0#
#10784
1#
#10785
0#
0%
#10788
1#
#10789
0#
1%
#10791
b10100001 &
#10792
1#
#10793
0#
0%
#10796
1#
0$
#10797
0#
#10800
1#
b101101111 4
#10801
0#
1%
#10804
1#
#10805
0#
#10808
1#
#10809
0#
#10812
1#
#10813
0#
#10816
1#
1$
#10817
0#
#10820
1#
b101110000 4
#10821
0#
0%
#10824
1#
#10825
0#
#10828
1#
#10829
0#
#10832
1#
#10833
0#
1%
#10836
1#
0$
#10837
0#
0%
#10840
1#
b101110001 4
#10841
0#
1%
#10844
1#
#10845
0#
#10848
1#
#10849
0#
#10852
1#
#10853
0#
#10856
1#
1$
#10857
0#
0%
#10860
1#
b101110010 4
#10861
0#
#10864
1#
#10865
0#
1%
#10868
1#
#10869
0#
#10871
b10100010 &
#10872
1#
#10873
0#
#10876
1#
#10877
0#
0%
#10880
1#
b101110011 4
#10881
0#
#10884
1#
#10885
0#
1%
#10888
1#
#10889
0#
#10891
b10100011 &
#10892
1#
#10893
0#
#10896
1#
0$
#10897
0#
#10900
1#
b101110100 4
#10901
0#
#10904
1#
#10905
0#
0%
#10908
1#
#10909
0#
1%
#10912
1#
#10913
0#
0%
#10916
1#
1$
#10917
0#
1%
#10920
1#
b101110101 4
#10921
0#
0%
#10924
1#
#10925
0#
#10928
1#
#10929
0#
#10932
1#
#10933
0#
#10936
1#
0$
#10937
0#
#10940
1#
b101110110 4
#10941
0#
1%
#10944
1#
#10945
0#
#10948
1#
#10949
0#
#10952
1#
#10953
0#
#10956
1#
1$
#10957
0#
0%
#10960
1#
b101110111 4
#10961
0#
#10964
1#
#10965
0#
#10968
1#
#10969
0#
#10972
1#
#10973
0#
#10976
1#
#10977
0#
#10980
1#
b101111000 4
#10981
0#
#10984
1#
#10985
0#
#10988
1#
#10989
0#
1%
#10991
b10100100 &
#10992
1#
#10993
0#
0%
#10996
1#
#10997
0#
1%
#11000
1#
b101111001 4
#11001
0#
0%
#11004
1#
#11005
0#
1%
#11008
1#
#11009
0#
0%
#11012
1#
#11013
0#
1%
#11016
1#
0$
#11017
0#
#11020
1#
b101111010 4
#11021
0#
#11024
1#
#11025
0#
0%
#11028
1#
#11029
0#
1%
#11032
1#
#11033
0#
#11036
1#
#11037
0#
#11040
1#
b101111011 4
#11041
0#
0%
#11044
1#
#11045
0#
1%
#11048
1#
#11049
0#
#11052
1#
#11053
0#
#11056
1#
#11057
0#
#11060
1#
b101111100 4
#11061
0#
#11064
1#
#11065
0#
#11068
1#
#11069
0#
0%
#11071
b10100101 &
#11072
1#
#11073
0#
1%
#11076
1#
1$
#11077
0#
#11080
1#
b101111101 4
#11081
0#
#11084
1#
#11085
0#
#11088
1#
#11089
0#
0%
#11092
1#
#11093
0#
#11096
1#
0$
#11097
0#
1%
#11100
1#
b101111110 4
#11101
0#
0%
#11104
1#
#11105
0#
1%
#11108
1#
#11109
0#
#11112
1#
#11113
0#
#11116
1#
1$
#11117
0#
#11120
1#
b101111111 4
#11121
0#
0%
#11124
1#
#11125
0#
1%
#11128
1#
#11129
0#
#11131
b10100110 &
#11132
1#
#11133
0#
0%
#11136
1#
0$
#11137
0#
1%
#11140
1#
b110000000 4
#11141
0#
#11144
1#
#11145
0#
0%
#11148
1#
#11149
0#
1%
#11152
1#
#11153
0#
#11156
1#
1$
#11157
0#
0%
#11160
1#
b110000001 4
#11161
0#
1%
#11164
1#
#11165
0#
0%
#11168
1#
#11169
0#
1%
#11171
b10100111 &
#11172
1#
#11173
0#
#11176
1#
#11177
0#
0%
#11180
1#
b110000010 4
#11181
0#
1%
#11184
1#
#11185
0#
#11188
1#
#11189
0#
#11191
b10101000 &
#11192
1#
#11193
0#
#11196
1#
#11197
0#
0%
#11200
1#
b110000011 4
#11201
0#
1%
#11204
1#
#11205
0#
#11208
1#
#11209
0#
0%
#11212
1#
#11213
0#
#11216
1#
#11217
0#
#11220
1#
b110000100 4
#11221
0#
#11224
1#
#11225
0#
#11228
1#
#11229
0#
1%
#11231
b10101001 &
#11232
1#
#11233
0#
#11236
1#
0$
#11237
0#
#11240
1#
b110000101 4
#11241
0#
#11244
1#
#11245
0#
#11248
1#
#11249
0#
#11252
1#
#11253
0#
0%
#11256
1#
1$
#11257
0#
#11260
1#
b110000110 4
#11261
0#
1%
#11264
1#
#11265
0#
0%
#11268
1#
#11269
0#
#11272
1#
#11273
0#
1%
#11276
1#
#11277
0#
#11280
1#
b110000111 4
#11281
0#
0%
#11284
1#
#11285
0#
#11288
1#
#11289
0#
1%
#11291
b10101010 &
#11292
1#
#11293
0#
#11296
1#
#11297
0#
0%
#11300
1#
b110001000 4
#11301
0#
1%
#11304
1#
#11305
0#
0%
#11308
1#
#11309
0#
#11312
1#
#11313
0#
1%
#11316
1#
0$
#11317
0#
0%
#11320
1#
b110001001 4
#11321
0#
#11324
1#
#11325
0#
1%
#11328
1#
#11329
0#
0%
#11331
b10101011 &
#11332
1#
#11333
0#
#11336
1#
#11337
0#
1%
#11340
1#
b110001010 4
#11341
0#
#11344
1#
#11345
0#
#11348
1#
#11349
0#
#11352
1#
#11353
0#
0%
#11356
1#
#11357
0#
1%
#11360
1#
b110001011 4
#11361
0#
#11364
1#
#11365
0#
#11368
1#
#11369
0#
0%
#11371
b10101100 &
#11372
1#
#11373
0#
#11376
1#
1$
#11377
0#
#11380
1#
b110001100 4
#11381
0#
#11384
1#
#11385
0#
1%
#11388
1#
#11389
0#
0%
#11392
1#
#11393
0#
1%
#11396
1#
0$
#11397
0#
#11400
1#
b110001101 4
#11401
0#
0%
#11404
1#
#11405
0#
#11408
1#
#11409
0#
1%
#11412
1#
#11413
0#
#11416
1#
1$
#11417
0#
#11420
1#
b110001110 4
#11421
0#
#11424
1#
#11425
0#
#11428
1#
#11429
0#
#11431
b10101101 &
#11432
1#
#11433
0#
0%
#11436
1#
#11437
0#
#11440
1#
b110001111 4
#11441
0#
1%
#11444
1#
#11445
0#
#11448
1#
#11449
0#
0%
#11452
1#
#11453
0#
#11456
1#
0$
#11457
0#
#11460
1#
b110010000 4
#11461
0#
1%
#11464
1#
#11465
0#
#11468
1#
#11469
0#
#11472
1#
#11473
0#
0%
#11476
1#
1$
#11477
0#
#11480
1#
b110010001 4
#11481
0#
#11484
1#
#11485
0#
#11488
1#
#11489
0#
#11492
1#
#11493
0#
1%
#11496
1#
0$
#11497
0#
0%
#11500
1#
b110010010 4
#11501
0#
1%
#11504
1#
#11505
0#
#11508
1#
#11509
0#
#11512
1#
#11513
0#
#11516
1#
1$
#11517
0#
#11520
1#
b110010011 4
#11521
0#
0%
#11524
1#
#11525
0#
#11528
1#
#11529
0#
1%
#11531
b10101110 &
#11532
1#
#11533
0#
0%
#11536
1#
#11537
0#
1%
#11540
1#
b110010100 4
#11541
0#
#11544
1#
#11545
0#
0%
#11548
1#
#11549
0#
#11552
1#
#11553
0#
1%
#11556
1#
#11557
0#
#11560
1#
b110010101 4
#11561
0#
#11564
1#
#11565
0#
0%
#11568
1#
#11569
0#
#11572
1#
#11573
0#
#11576
1#
0$
#11577
0#
#11580
1#
b110010110 4
#11581
0#
#11584
1#
#11585
0#
#11588
1#
#11589
0#
1%
#11592
1#
#11593
0#
#11596
1#
1$
#11597
0#
0%
#11600
1#
b110010111 4
#11601
0#
1%
#11604
1#
#11605
0#
0%
#11608
1#
#11609
0#
#11612
1#
#11613
0#
1%
#11616
1#
#11617
0#
#11620
1#
b110011000 4
#11621
0#
#11624
1#
#11625
0#
#11628
1#
#11629
0#
0%
#11632
1#
#11633
0#
#11636
1#
0$
#11637
0#
#11640
1#
b110011001 4
#11641
0#
#11644
1#
#11645
0#
#11648
1#
#11649
0#
1%
#11652
1#
#11653
0#
#11656
1#
1$
#11657
0#
#11660
1#
b110011010 4
#11661
0#
#11664
1#
#11665
0#
0%
#11668
1#
#11669
0#
#11672
1#
#11673
0#
1%
#11676
1#
0$
#11677
0#
#11680
1#
b110011011 4
#11681
0#
#11684
1#
#11685
0#
#11688
1#
#11689
0#
0%
#11691
b10101111 &
#11692
1#
#11693
0#
1%
#11696
1#
1$
#11697
0#
#11700
1#
b110011100 4
#11701
0#
#11704
1#
#11705
0#
#11708
1#
#11709
0#
0%
#11712
1#
#11713
0#
#11716
1#
0$
#11717
0#
1%
#11720
1#
b110011101 4
#11721
0#
0%
#11724
1#
#11725
0#
1%
#11728
1#
#11729
0#
#11732
1#
#11733
0#
#11736
1#
#11737
0#
#11740
1#
b110011110 4
#11741
0#
#11744
1#
#11745
0#
#11748
1#
#11749
0#
#11752
1#
#11753
0#
0%
#11756
1#
#11757
0#
1%
#11760
1#
b110011111 4
#11761
0#
0%
#11764
1#
#11765
0#
#11768
1#
#11769
0#
1%
#11772
1#
#11773
0#
#11776
1#
#11777
0#
0%
#11780
1#
b110100000 4
#11781
0#
1%
#11784
1#
#11785
0#
0%
#11788
1#
#11789
0#
#11791
b10110000 &
#11792
1#
#11793
0#
#11796
1#
1$
#11797
0#
1%
#11800
1#
b110100001 4
#11801
0#
#11804
1#
#11805
0#
0%
#11808
1#
#11809
0#
1%
#11811
b10110001 &
#11812
1#
#11813
0#
#11816
1#
0$
#11817
0#
#11820
1#
b110100010 4
#11821
0#
0%
#11824
1#
#11825
0#
#11828
1#
#11829
0#
#11831
b10110010 &
#11832
1#
#11833
0#
1%
#11836
1#
1$
#11837
0#
0%
#11840
1#
b110100011 4
#11841
0#
1%
#11844
1#
#11845
0#
#11848
1#
#11849
0#
#11851
b10110011 &
#11852
1#
#11853
0#
0%
#11856
1#
0$
#11857
0#
#11860
1#
b110100100 4
#11861
0#
1%
#11864
1#
#11865
0#
0%
#11868
1#
#11869
0#
1%
#11872
1#
#11873
0#
#11876
1#
1$
#11877
0#
#11880
1#
b110100101 4
#11881
0#
0%
#11884
1#
#11885
0#
#11888
1#
#11889
0#
1%
#11891
b10110100 &
#11892
1#
#11893
0#
#11896
1#
0$
#11897
0#
#11900
1#
b110100110 4
#11901
0#
#11904
1#
#11905
0#
0%
#11908
1#
#11909
0#
#11911
b10110101 &
#11912
1#
#11913
0#
1%
#11916
1#
#11917
0#
#11920
1#
b110100111 4
#11921
0#
0%
#11924
1#
#11925
0#
1%
#11928
1#
#11929
0#
#11932
1#
#11933
0#
0%
#11936
1#
#11937
0#
1%
#11940
1#
b110101000 4
#11941
0#
0%
#11944
1#
#11945
0#
1%
#11948
1#
#11949
0#
#11952
1#
#11953
0#
#11956
1#
1$
#11957
0#
#11960
1#
b110101001 4
#11961
0#
#11964
1#
#11965
0#
#11968
1#
#11969
0#
#11971
b10110110 &
#11972
1#
#11973
0#
0%
#11976
1#
#11977
0#
1%
#11980
1#
b110101010 4
#11981
0#
0%
#11984
1#
#11985
0#
1%
#11988
1#
#11989
0#
#11991
b10110111 &
#11992
1#
#11993
0#
#11996
1#
#11997
0#
0%
#12000
1#
b110101011 4
#12001
0#
1%
#12004
1#
#12005
0#
#12008
1#
#12009
0#
0%
#12012
1#
#12013
0#
#12016
1#
#12017
0#
#12020
1#
b110101100 4
#12021
0#
1%
#12024
1#
#12025
0#
0%
#12028
1#
#12029
0#
1%
#12031
b10111000 &
#12032
1#
#12033
0#
0%
#12036
1#
0$
#12037
0#
1%
#12040
1#
b110101101 4
#12041
0#
0%
#12044
1#
#12045
0#
1%
#12048
1#
#12049
0#
#12052
1#
#12053
0#
0%
#12056
1#
#12057
0#
1%
#12060
1#
b110101110 4
#12061
0#
0%
#12064
1#
#12065
0#
1%
#12068
1#
#12069
0#
0%
#12071
b10111001 &
#12072
1#
#12073
0#
1%
#12076
1#
#12077
0#
#12080
1#
b110101111 4
#12081
0#
#12084
1#
#12085
0#
0%
#12088
1#
#12089
0#
1%
#12092
1#
#12093
0#
#12096
1#
1$
#12097
0#
#12100
1#
b110110000 4
#12101
0#
0%
#12104
1#
#12105
0#
1%
#12108
1#
#12109
0#
#12111
b10111010 &
#12112
1#
#12113
0#
#12116
1#
0$
#12117
0#
#12120
1#
b110110001 4
#12121
0#
#12124
1#
#12125
0#
#12128
1#
#12129
0#
#12132
1#
#12133
0#
#12136
1#
#12137
0#
0%
#12140
1#
b110110010 4
#12141
0#
#12144
1#
#12145
0#
1%
#12148
1#
#12149
0#
#12152
1#
#12153
0#
#12156
1#
1$
#12157
0#
#12160
1#
b110110011 4
#12161
0#
0%
#12164
1#
#12165
0#
#12168
1#
#12169
0#
#12172
1#
#12173
0#
#12176
1#
0$
#12177
0#
#12180
1#
b110110100 4
#12181
0#
1%
#12184
1#
#12185
0#
#12188
1#
#12189
0#
0%
#12191
b10111011 &
#12192
1#
#12193
0#
1%
#12196
1#
#12197
0#
0%
#12200
1#
b110110101 4
#12201
0#
1%
#12204
1#
#12205
0#
#12208
1#
#12209
0#
#12212
1#
#12213
0#
#12216
1#
#12217
0#
#12220
1#
b110110110 4
#12221
0#
#12224
1#
#12225
0#
#12228
1#
#12229
0#
#12232
1#
#12233
0#
#12236
1#
1$
#12237
0#
#12240
1#
b110110111 4
#12241
0#
0%
#12244
1#
#12245
0#
#12248
1#
#12249
0#
#12252
1#
#12253
0#
#12256
1#
#12257
0#
#12260
1#
b110111000 4
#12261
0#
#12264
1#
#12265
0#
#12268
1#
#12269
0#
1%
#12271
b10111100 &
#12272
1#
#12273
0#
0%
#12276
1#
#12277
0#
#12280
1#
b110111001 4
#12281
0#
1%
#12284
1#
#12285
0#
0%
#12288
1#
#12289
0#
#12292
1#
#12293
0#
#12296
1#
0$
#12297
0#
1%
#12300
1#
b110111010 4
#12301
0#
0%
#12304
1#
#12305
0#
1%
#12308
1#
#12309
0#
#12312
1#
#12313
0#
#12316
1#
1$
#12317
0#
0%
#12320
1#
b110111011 4
#12321
0#
#12324
1#
#12325
0#
1%
#12328
1#
#12329
0#
#12331
b10111101 &
#12332
1#
#12333
0#
0%
#12336
1#
#12337
0#
#12340
1#
b110111100 4
#12341
0#
#12344
1#
#12345
0#
1%
#12348
1#
#12349
0#
#12351
b10111110 &
#12352
1#
#12353
0#
0%
#12356
1#
0$
#12357
0#
1%
#12360
1#
b110111101 4
#12361
0#
#12364
1#
#12365
0#
#12368
1#
#12369
0#
#12372
1#
#12373
0#
#12376
1#
#12377
0#
#12380
1#
b110111110 4
#12381
0#
0%
#12384
1#
#12385
0#
#12388
1#
#12389
0#
1%
#12392
1#
#12393
0#
#12396
1#
1$
#12397
0#
0%
#12400
1#
b110111111 4
#12401
0#
1%
#12404
1#
#12405
0#
0%
#12408
1#
#12409
0#
#12412
1#
#12413
0#
1%
#12416
1#
#12417
0#
0%
#12420
1#
b111000000 4
#12421
0#
1%
#12424
1#
#12425
0#
#12428
1#
#12429
0#
#12431
b10111111 &
#12432
1#
#12433
0#
#12436
1#
0$
#12437
0#
#12440
1#
b111000001 4
#12441
0#
0%
#12444
1#
#12445
0#
1%
#12448
1#
#12449
0#
0%
#12451
b11000000 &
#12452
1#
#12453
0#
1%
#12456
1#
1$
#12457
0#
0%
#12460
1#
b111000010 4
#12461
0#
1%
#12464
1#
#12465
0#
0%
#12468
1#
#12469
0#
#12472
1#
#12473
0#
1%
#12476
1#
#12477
0#
#12480
1#
b111000011 4
#12481
0#
0%
#12484
1#
#12485
0#
1%
#12488
1#
#12489
0#
#12491
b11000001 &
#12492
1#
#12493
0#
#12496
1#
#12497
0#
#12500
1#
b111000100 4
#12501
0#
#12504
1#
#12505
0#
#12508
1#
#12509
0#
#12511
b11000010 &
#12512
1#
#12513
0#
#12516
1#
0$
#12517
0#
#12520
1#
b111000101 4
#12521
0#
#12524
1#
#12525
0#
#12528
1#
#12529
0#
#12532
1#
#12533
0#
#12536
1#
1$
#12537
0#
#12540
1#
b111000110 4
#12541
0#
0%
#12544
1#
#12545
0#
1%
#12548
1#
#12549
0#
#12551
b11000011 &
#12552
1#
#12553
0#
0%
#12556
1#
0$
#12557
0#
1%
#12560
1#
b111000111 4
#12561
0#
0%
#12564
1#
#12565
0#
1%
#12568
1#
#12569
0#
#12572
1#
#12573
0#
#12576
1#
1$
#12577
0#
0%
#12580
1#
b111001000 4
#12581
0#
1%
#12584
1#
#12585
0#
#12588
1#
#12589
0#
0%
#12592
1#
#12593
0#
1%
#12596
1#
0$
#12597
0#
#12600
1#
b111001001 4
#12601
0#
0%
#12604
1#
#12605
0#
1%
#12608
1#
#12609
0#
#12612
1#
#12613
0#
#12616
1#
#12617
0#
#12620
1#
b111001010 4
#12621
0#
#12624
1#
#12625
0#
#12628
1#
#12629
0#
#12632
1#
#12633
0#
#12636
1#
1$
#12637
0#
0%
#12640
1#
b111001011 4
#12641
0#
1%
#12644
1#
#12645
0#
0%
#12648
1#
#12649
0#
1%
#12651
b11000100 &
#12652
1#
#12653
0#
0%
#12656
1#
0$
#12657
0#
1%
#12660
1#
b111001100 4
#12661
0#
0%
#12664
1#
#12665
0#
1%
#12668
1#
#12669
0#
#12672
1#
#12673
0#
#12676
1#
1$
#12677
0#
#12680
1#
b111001101 4
#12681
0#
0%
#12684
1#
#12685
0#
#12688
1#
#12689
0#
#12692
1#
#12693
0#
1%
#12696
1#
0$
#12697
0#
#12700
1#
b111001110 4
#12701
0#
0%
#12704
1#
#12705
0#
1%
#12708
1#
#12709
0#
#12712
1#
#12713
0#
#12716
1#
1$
#12717
0#
#12720
1#
b111001111 4
#12721
0#
0%
#12724
1#
#12725
0#
1%
#12728
1#
#12729
0#
0%
#12732
1#
#12733
0#
1%
#12736
1#
#12737
0#
0%
#12740
1#
b111010000 4
#12741
0#
1%
#12744
1#
#12745
0#
0%
#12748
1#
#12749
0#
#12752
1#
#12753
0#
1%
#12756
1#
#12757
0#
0%
#12760
1#
b111010001 4
#12761
0#
1%
#12764
1#
#12765
0#
0%
#12768
1#
#12769
0#
#12772
1#
#12773
0#
#12776
1#
#12777
0#
1%
#12780
1#
b111010010 4
#12781
0#
0%
#12784
1#
#12785
0#
1%
#12788
1#
#12789
0#
0%
#12792
1#
#12793
0#
1%
#12796
1#
0$
#12797
0#
0%
#12800
1#
b111010011 4
#12801
0#
1%
#12804
1#
#12805
0#
#12808
1#
#12809
0#
0%
#12811
b11000101 &
#12812
1#
#12813
0#
1%
#12816
1#
1$
#12817
0#
0%
#12820
1#
b111010100 4
#12821
0#
1%
#12824
1#
#12825
0#
0%
#12828
1#
#12829
0#
1%
#12831
b11000110 &
#12832
1#
#12833
0#
#12836
1#
#12837
0#
#12840
1#
b111010101 4
#12841
0#
0%
#12844
1#
#12845
0#
1%
#12848
1#
#12849
0#
0%
#12852
1#
#12853
0#
1%
#12856
1#
0$
#12857
0#
0%
#12860
1#
b111010110 4
#12861
0#
1%
#12864
1#
#12865
0#
#12868
1#
#12869
0#
0%
#12871
b11000111 &
#12872
1#
#12873
0#
#12876
1#
#12877
0#
1%
#12880
1#
b111010111 4
#12881
0#
#12884
1#
#12885
0#
#12888
1#
#12889
0#
#12892
1#
#12893
0#
#12896
1#
1$
#12897
0#
#12900
1#
b111011000 4
#12901
0#
#12904
1#
#12905
0#
0%
#12908
1#
#12909
0#
1%
#12911
b11001000 &
#12912
1#
#12913
0#
0%
#12916
1#
0$
#12917
0#
#12920
1#
b111011001 4
#12921
0#
1%
#12924
1#
#12925
0#
#12928
1#
#12929
0#
#12932
1#
#12933
0#
#12936
1#
#12937
0#
0%
#12940
1#
b111011010 4
#12941
0#
#12944
1#
#12945
0#
1%
#12948
1#
#12949
0#
#12952
1#
#12953
0#
#12956
1#
#12957
0#
#12960
1#
b111011011 4
#12961
0#
#12964
1#
#12965
0#
#12968
1#
#12969
0#
#12972
1#
#12973
0#
#12976
1#
#12977
0#
#12980
1#
b111011100 4
#12981
0#
0%
#12984
1#
#12985
0#
1%
#12988
1#
#12989
0#
#12992
1#
#12993
0#
0%
#12996
1#
1$
#12997
0#
#13000
1#
b111011101 4
#13001
0#
#13004
1#
#13005
0#
#13008
1#
#13009
0#
1%
#13011
b11001001 &
#13012
1#
#13013
0#
#13016
1#
#13017
0#
0%
#13020
1#
b111011110 4
#13021
0#
1%
#13024
1#
#13025
0#
#13028
1#
#13029
0#
0%
#13032
1#
#13033
0#
#13036
1#
#13037
0#
#13040
1#
b111011111 4
#13041
0#
1%
#13044
1#
#13045
0#
0%
#13048
1#
#13049
0#
#13052
1#
#13053
0#
1%
#13056
1#
#13057
0#
#13060
1#
b111100000 4
#13061
0#
#13064
1#
#13065
0#
0%
#13068
1#
#13069
0#
1%
#13071
b11001010 &
#13072
1#
#13073
0#
#13076
1#
#13077
0#
0%
#13080
1#
b111100001 4
#13081
0#
1%
#13084
1#
#13085
0#
#13088
1#
#13089
0#
0%
#13092
1#
#13093
0#
1%
#13096
1#
#13097
0#
#13100
1#
b111100010 4
#13101
0#
0%
#13104
1#
#13105
0#
1%
#13108
1#
#13109
0#
#13111
b11001011 &
#13112
1#
#13113
0#
0%
#13116
1#
0$
#13117
0#
#13120
1#
b111100011 4
#13121
0#
#13124
1#
#13125
0#
1%
#13128
1#
#13129
0#
0%
#13131
b11001100 &
#13132
1#
#13133
0#
1%
#13136
1#
#13137
0#
0%
#13140
1#
b111100100 4
#13141
0#
#13144
1#
#13145
0#
1%
#13148
1#
#13149
0#
#13152
1#
#13153
0#
#13156
1#
1$
#13157
0#
0%
#13160
1#
b111100101 4
#13161
0#
#13164
1#
#13165
0#
1%
#13168
1#
#13169
0#
0%
#13172
1#
#13173
0#
#13176
1#
#13177
0#
#13180
1#
b111100110 4
#13181
0#
1%
#13184
1#
#13185
0#
#13188
1#
#13189
0#
#13191
b11001101 &
#13192
1#
#13193
0#
0%
#13196
1#
#13197
0#
1%
#13200
1#
b111100111 4
#13201
0#
0%
#13204
1#
#13205
0#
1%
#13208
1#
#13209
0#
0%
#13212
1#
#13213
0#
#13216
1#
#13217
0#
#13220
1#
b111101000 4
#13221
0#
1%
#13224
1#
#13225
0#
0%
#13228
1#
#13229
0#
1%
#13231
b11001110 &
#13232
1#
#13233
0#
#13236
1#
0$
#13237
0#
#13240
1#
b111101001 4
#13241
0#
0%
#13244
1#
#13245
0#
#13248
1#
#13249
0#
1%
#13252
1#
#13253
0#
0%
#13256
1#
1$
#13257
0#
1%
#13260
1#
b111101010 4
#13261
0#
#13264
1#
#13265
0#
#13268
1#
#13269
0#
#13271
b11001111 &
#13272
1#
#13273
0#
0%
#13276
1#
#13277
0#
#13280
1#
b111101011 4
#13281
0#
1%
#13284
1#
#13285
0#
0%
#13288
1#
#13289
0#
#13292
1#
#13293
0#
#13296
1#
0$
#13297
0#
#13300
1#
b111101100 4
#13301
0#
1%
#13304
1#
#13305
0#
#13308
1#
#13309
0#
#13312
1#
#13313
0#
#13316
1#
#13317
0#
0%
#13320
1#
b111101101 4
#13321
0#
1%
#13324
1#
#13325
0#
#13328
1#
#13329
0#
#13332
1#
#13333
0#
#13336
1#
1$
#13337
0#
#13340
1#
b111101110 4
#13341
0#
0%
#13344
1#
#13345
0#
#13348
1#
#13349
0#
#13352
1#
#13353
0#
#13356
1#
0$
#13357
0#
#13360
1#
b111101111 4
#13361
0#
1%
#13364
1#
#13365
0#
0%
#13368
1#
#13369
0#
#13371
b11010000 &
#13372
1#
#13373
0#
#13376
1#
#13377
0#
#13380
1#
b111110000 4
#13381
0#
1%
#13384
1#
#13385
0#
0%
#13388
1#
#13389
0#
#13391
b11010001 &
#13392
1#
#13393
0#
#13396
1#
1$
#13397
0#
#13400
1#
b111110001 4
#13401
0#
1%
#13404
1#
#13405
0#
0%
#13408
1#
#13409
0#
#13412
1#
#13413
0#
1%
#13416
1#
0$
#13417
0#
#13420
1#
b111110010 4
#13421
0#
#13424
1#
#13425
0#
#13428
1#
#13429
0#
0%
#13431
b11010010 &
#13432
1#
#13433
0#
#13436
1#
#13437
0#
1%
#13440
1#
b111110011 4
#13441
0#
#13444
1#
#13445
0#
0%
#13448
1#
#13449
0#
1%
#13452
1#
#13453
0#
0%
#13456
1#
1$
#13457
0#
1%
#13460
1#
b111110100 4
#13461
0#
#13464
1#
#13465
0#
#13468
1#
#13469
0#
#13471
b11010011 &
#13472
1#
#13473
0#
#13476
1#
0$
#13477
0#
#13480
1#
b111110101 4
#13481
0#
#13484
1#
#13485
0#
#13488
1#
#13489
0#
0%
#13491
b11010100 &
#13492
1#
#13493
0#
#13496
1#
1$
#13497
0#
#13500
1#
b111110110 4
#13501
0#
#13504
1#
#13505
0#
1%
#13508
1#
#13509
0#
#13511
b11010101 &
#13512
1#
#13513
0#
0%
#13516
1#
0$
#13517
0#
1%
#13520
1#
b111110111 4
#13521
0#
#13524
1#
#13525
0#
#13528
1#
#13529
0#
0%
#13531
b11010110 &
#13532
1#
#13533
0#
1%
#13536
1#
1$
#13537
0#
#13540
1#
b111111000 4
#13541
0#
#13544
1#
#13545
0#
0%
#13548
1#
#13549
0#
1%
#13551
b11010111 &
#13552
1#
#13553
0#
#13556
1#
#13557
0#
#13560
1#
b111111001 4
#13561
0#
#13564
1#
#13565
0#
#13568
1#
#13569
0#
0%
#13572
1#
#13573
0#
#13576
1#
0$
#13577
0#
#13580
1#
b111111010 4
#13581
0#
1%
#13584
1#
#13585
0#
0%
#13588
1#
#13589
0#
1%
#13592
1#
#13593
0#
0%
#13596
1#
#13597
0#
#13600
1#
b111111011 4
#13601
0#
#13604
1#
#13605
0#
1%
#13608
1#
#13609
0#
#13612
1#
#13613
0#
#13616
1#
1$
#13617
0#
0%
#13620
1#
b111111100 4
#13621
0#
#13624
1#
#13625
0#
1%
#13628
1#
#13629
0#
0%
#13632
1#
#13633
0#
1%
#13636
1#
#13637
0#
#13640
1#
b111111101 4
#13641
0#
0%
#13644
1#
#13645
0#
#13648
1#
#13649
0#
#13652
1#
#13653
0#
#13656
1#
0$
#13657
0#
#13660
1#
b111111110 4
#13661
0#
#13664
1#
#13665
0#
#13668
1#
#13669
0#
1%
#13672
1#
#13673
0#
0%
#13676
1#
#13677
0#
1%
#13680
1#
b111111111 4
#13681
0#
0%
#13684
1#
#13685
0#
1%
#13688
1#
#13689
0#
0%
#13691
b11011000 &
#13692
1#
#13693
0#
1%
#13696
1#
1$
#13697
0#
#13700
1#
b1000000000 4
#13701
0#
#13704
1#
#13705
0#
0%
#13708
1#
#13709
0#
1%
#13711
b11011001 &
#13712
1#
#13713
0#
0%
#13716
1#
#13717
0#
1%
#13720
1#
b1000000001 4
#13721
0#
0%
#13724
1#
#13725
0#
1%
#13728
1#
#13729
0#
0%
#13732
1#
#13733
0#
1%
#13736
1#
#13737
0#
#13740
1#
b1000000010 4
#13741
0#
#13744
1#
#13745
0#
0%
#13748
1#
#13749
0#
1%
#13751
b11011010 &
#13752
1#
#13753
0#
#13756
1#
0$
#13757
0#
0%
#13760
1#
b1000000011 4
#13761
0#
#13764
1#
#13765
0#
1%
#13768
1#
#13769
0#
#13772
1#
#13773
0#
#13776
1#
1$
#13777
0#
#13780
1#
b1000000100 4
#13781
0#
#13784
1#
#13785
0#
0%
#13788
1#
#13789
0#
1%
#13791
b11011011 &
#13792
1#
#13793
0#
0%
#13796
1#
0$
#13797
0#
1%
#13800
1#
b1000000101 4
#13801
0#
0%
#13804
1#
#13805
0#
#13808
1#
#13809
0#
#13811
b11011100 &
#13812
1#
#13813
0#
#13816
1#
1$
#13817
0#
1%
#13820
1#
b1000000110 4
#13821
0#
#13824
1#
#13825
0#
0%
#13828
1#
#13829
0#
1%
#13831
b11011101 &
#13832
1#
#13833
0#
0%
#13836
1#
#13837
0#
#13840
1#
b1000000111 4
#13841
0#
1%
#13844
1#
#13845
0#
#13848
1#
#13849
0#
#13851
b11011110 &
#13852
1#
#13853
0#
#13856
1#
0$
#13857
0#
0%
#13860
1#
b1000001000 4
#13861
0#
1%
#13864
1#
#13865
0#
#13868
1#
#13869
0#
0%
#13871
b11011111 &
#13872
1#
#13873
0#
1%
#13876
1#
1$
#13877
0#
#13880
1#
b1000001001 4
#13881
0#
0%
#13884
1#
#13885
0#
#13888
1#
#13889
0#
1%
#13891
b11100000 &
#13892
1#
#13893
0#
#13896
1#
0$
#13897
0#
#13900
1#
b1000001010 4
#13901
0#
0%
#13904
1#
#13905
0#
1%
#13908
1#
#13909
0#
#13912
1#
#13913
0#
0%
#13916
1#
#13917
0#
#13920
1#
b1000001011 4
#13921
0#
1%
#13924
1#
#13925
0#
0%
#13928
1#
#13929
0#
1%
#13932
1#
#13933
0#
0%
#13936
1#
1$
#13937
0#
1%
#13940
1#
b1000001100 4
#13941
0#
#13944
1#
#13945
0#
#13948
1#
#13949
0#
#13951
b11100001 &
#13952
1#
#13953
0#
#13956
1#
0$
#13957
0#
0%
#13960
1#
b1000001101 4
#13961
0#
#13964
1#
#13965
0#
#13968
1#
#13969
0#
1%
#13972
1#
#13973
0#
#13976
1#
#13977
0#
#13980
1#
b1000001110 4
#13981
0#
#13984
1#
#13985
0#
0%
#13988
1#
#13989
0#
1%
#13992
1#
#13993
0#
#13996
1#
#13997
0#
0%
#14000
1#
b1000001111 4
#14001
0#
1%
#14004
1#
#14005
0#
0%
#14008
1#
#14009
0#
#14011
b11100010 &
#14012
1#
#14013
0#
1%
#14016
1#
#14017
0#
0%
#14020
1#
b1000010000 4
#14021
0#
1%
#14024
1#
#14025
0#
#14028
1#
#14029
0#
#14032
1#
#14033
0#
0%
#14036
1#
1$
#14037
0#
1%
#14040
1#
b1000010001 4
#14041
0#
0%
#14044
1#
#14045
0#
#14048
1#
#14049
0#
1%
#14051
b11100011 &
#14052
1#
#14053
0#
0%
#14056
1#
0$
#14057
0#
#14060
1#
b1000010010 4
#14061
0#
1%
#14064
1#
#14065
0#
#14068
1#
#14069
0#
#14072
1#
#14073
0#
0%
#14076
1#
1$
#14077
0#
1%
#14080
1#
b1000010011 4
#14081
0#
#14084
1#
#14085
0#
#14088
1#
#14089
0#
#14091
b11100100 &
#14092
1#
#14093
0#
#14096
1#
0$
#14097
0#
0%
#14100
1#
b1000010100 4
#14101
0#
1%
#14104
1#
#14105
0#
#14108
1#
#14109
0#
0%
#14111
b11100101 &
#14112
1#
#14113
0#
1%
#14116
1#
1$
#14117
0#
0%
#14120
1#
b1000010101 4
#14121
0#
1%
#14124
1#
#14125
0#
#14128
1#
#14129
0#
0%
#14132
1#
#14133
0#
#14136
1#
#14137
0#
1%
#14140
1#
b1000010110 4
#14141
0#
0%
#14144
1#
#14145
0#
1%
#14148
1#
#14149
0#
#14151
b11100110 &
#14152
1#
#14153
0#
0%
#14156
1#
0$
#14157
0#
1%
#14160
1#
b1000010111 4
#14161
0#
#14164
1#
#14165
0#
0%
#14168
1#
#14169
0#
1%
#14172
1#
#14173
0#
#14176
1#
#14177
0#
#14180
1#
b1000011000 4
#14181
0#
#14184
1#
#14185
0#
0%
#14188
1#
#14189
0#
1%
#14192
1#
#14193
0#
#14196
1#
1$
#14197
0#
#14200
1#
b1000011001 4
#14201
0#
0%
#14204
1#
#14205
0#
#14208
1#
#14209
0#
1%
#14211
b11100111 &
#14212
1#
#14213
0#
0%
#14216
1#
#14217
0#
1%
#14220
1#
b1000011010 4
#14221
0#
#14224
1#
#14225
0#
0%
#14228
1#
#14229
0#
1%
#14231
b11101000 &
#14232
1#
#14233
0#
0%
#14236
1#
#14237
0#
#14240
1#
b1000011011 4
#14241
0#
1%
#14244
1#
#14245
0#
0%
#14248
1#
#14249
0#
1%
#14251
b11101001 &
#14252
1#
#14253
0#
#14256
1#
#14257
0#
0%
#14260
1#
b1000011100 4
#14261
0#
1%
#14264
1#
#14265
0#
#14268
1#
#14269
0#
0%
#14272
1#
#14273
0#
1%
#14276
1#
0$
#14277
0#
0%
#14280
1#
b1000011101 4
#14281
0#
1%
#14284
1#
#14285
0#
0%
#14288
1#
#14289
0#
#14291
b11101010 &
#14292
1#
#14293
0#
#14296
1#
#14297
0#
1%
#14300
1#
b1000011110 4
#14301
0#
#14304
1#
#14305
0#
0%
#14308
1#
#14309
0#
#14311
b11101011 &
#14312
1#
#14313
0#
1%
#14316
1#
#14317
0#
#14320
1#
b1000011111 4
#14321
0#
0%
#14324
1#
#14325
0#
1%
#14328
1#
#14329
0#
#14332
1#
#14333
0#
#14336
1#
1$
#14337
0#
#14340
1#
b1000100000 4
#14341
0#
0%
#14344
1#
#14345
0#
#14348
1#
#14349
0#
1%
#14351
b11101100 &
#14352
1#
#14353
0#
#14356
1#
0$
#14357
0#
0%
#14360
1#
b1000100001 4
#14361
0#
1%
#14364
1#
#14365
0#
#14368
1#
#14369
0#
0%
#14371
b11101101 &
#14372
1#
#14373
0#
1%
#14376
1#
1$
#14377
0#
#14380
1#
b1000100010 4
#14381
0#
#14384
1#
#14385
0#
0%
#14388
1#
#14389
0#
#14392
1#
#14393
0#
1%
#14396
1#
0$
#14397
0#
0%
#14400
1#
b1000100011 4
#14401
0#
1%
#14404
1#
#14405
0#
0%
#14408
1#
#14409
0#
1%
#14412
1#
#14413
0#
#14416
1#
#14417
0#
0%
#14420
1#
b1000100100 4
#14421
0#
#14424
1#
#14425
0#
1%
#14428
1#
#14429
0#
#14432
1#
#14433
0#
#14436
1#
1$
#14437
0#
0%
#14440
1#
b1000100101 4
#14441
0#
1%
#14444
1#
#14445
0#
0%
#14448
1#
#14449
0#
#14452
1#
#14453
0#
#14456
1#
0$
#14457
0#
#14460
1#
b1000100110 4
#14461
0#
1%
#14464
1#
#14465
0#
#14468
1#
#14469
0#
#14472
1#
#14473
0#
0%
#14476
1#
#14477
0#
#14480
1#
b1000100111 4
#14481
0#
#14484
1#
#14485
0#
1%
#14488
1#
#14489
0#
0%
#14491
b11101110 &
#14492
1#
#14493
0#
1%
#14496
1#
1$
#14497
0#
#14500
1#
b1000101000 4
#14501
0#
0%
#14504
1#
#14505
0#
1%
#14508
1#
#14509
0#
#14511
b11101111 &
#14512
1#
#14513
0#
0%
#14516
1#
0$
#14517
0#
#14520
1#
b1000101001 4
#14521
0#
1%
#14524
1#
#14525
0#
#14528
1#
#14529
0#
#14532
1#
#14533
0#
#14536
1#
#14537
0#
#14540
1#
b1000101010 4
#14541
0#
#14544
1#
#14545
0#
#14548
1#
#14549
0#
#14552
1#
#14553
0#
0%
#14556
1#
#14557
0#
1%
#14560
1#
b1000101011 4
#14561
0#
0%
#14564
1#
#14565
0#
1%
#14568
1#
#14569
0#
#14572
1#
#14573
0#
#14576
1#
1$
#14577
0#
#14580
1#
b1000101100 4
#14581
0#
0%
#14584
1#
#14585
0#
#14588
1#
#14589
0#
#14592
1#
#14593
0#
1%
#14596
1#
#14597
0#
#14600
1#
b1000101101 4
#14601
0#
#14604
1#
#14605
0#
0%
#14608
1#
#14609
0#
#14612
1#
#14613
0#
1%
#14616
1#
#14617
0#
#14620
1#
b1000101110 4
#14621
0#
0%
#14624
1#
#14625
0#
1%
#14628
1#
#14629
0#
0%
#14632
1#
#14633
0#
#14636
1#
0$
#14637
0#
1%
#14640
1#
b1000101111 4
#14641
0#
0%
#14644
1#
#14645
0#
1%
#14648
1#
#14649
0#
#14652
1#
#14653
0#
#14656
1#
#14657
0#
#14660
1#
b1000110000 4
#14661
0#
#14664
1#
#14665
0#
#14668
1#
#14669
0#
#14672
1#
#14673
0#
#14676
1#
1$
#14677
0#
#14680
1#
b1000110001 4
#14681
0#
#14684
1#
#14685
0#
0%
#14688
1#
#14689
0#
#14692
1#
#14693
0#
1%
#14696
1#
#14697
0#
#14700
1#
b1000110010 4
#14701
0#
0%
#14704
1#
#14705
0#
1%
#14708
1#
#14709
0#
0%
#14712
1#
#14713
0#
#14716
1#
0$
#14717
0#
#14720
1#
b1000110011 4
#14721
0#
1%
#14724
1#
#14725
0#
#14728
1#
#14729
0#
0%
#14731
b11110000 &
#14732
1#
#14733
0#
1%
#14736
1#
#14737
0#
#14740
1#
b1000110100 4
#14741
0#
0%
#14744
1#
#14745
0#
#14748
1#
#14749
0#
1%
#14752
1#
#14753
0#
#14756
1#
1$
#14757
0#
#14760
1#
b1000110101 4
#14761
0#
#14764
1#
#14765
0#
#14768
1#
#14769
0#
0%
#14772
1#
#14773
0#
#14776
1#
#14777
0#
1%
#14780
1#
b1000110110 4
#14781
0#
0%
#14784
1#
#14785
0#
1%
#14788
1#
#14789
0#
#14791
b11110001 &
#14792
1#
#14793
0#
#14796
1#
#14797
0#
0%
#14800
1#
b1000110111 4
#14801
0#
#14804
1#
#14805
0#
#14808
1#
#14809
0#
#14812
1#
#14813
0#
1%
#14816
1#
0$
#14817
0#
#14820
1#
b1000111000 4
#14821
0#
0%
#14824
1#
#14825
0#
1%
#14828
1#
#14829
0#
#14832
1#
#14833
0#
#14836
1#
1$
#14837
0#
0%
#14840
1#
b1000111001 4
#14841
0#
1%
#14844
1#
#14845
0#
0%
#14848
1#
#14849
0#
#14852
1#
#14853
0#
#14856
1#
#14857
0#
1%
#14860
1#
b1000111010 4
#14861
0#
#14864
1#
#14865
0#
0%
#14868
1#
#14869
0#
1%
#14871
b11110010 &
#14872
1#
#14873
0#
#14876
1#
#14877
0#
0%
#14880
1#
b1000111011 4
#14881
0#
#14884
1#
#14885
0#
#14888
1#
#14889
0#
#14892
1#
#14893
0#
1%
#14896
1#
0$
#14897
0#
#14900
1#
b1000111100 4
#14901
0#
0%
#14904
1#
#14905
0#
1%
#14908
1#
#14909
0#
0%
#14911
b11110011 &
#14912
1#
#14913
0#
1%
#14916
1#
#14917
0#
#14920
1#
b1000111101 4
#14921
0#
0%
#14924
1#
#14925
0#
#14928
1#
#14929
0#
#14931
b11110100 &
#14932
1#
#14933
0#
1%
#14936
1#
#14937
0#
#14940
1#
b1000111110 4
#14941
0#
#14944
1#
#14945
0#
#14948
1#
#14949
0#
#14952
1#
#14953
0#
#14956
1#
#14957
0#
#14960
1#
b1000111111 4
#14961
0#
0%
#14964
1#
#14965
0#
1%
#14968
1#
#14969
0#
#14972
1#
#14973
0#
#14976
1#
1$
#14977
0#
0%
#14980
1#
b1001000000 4
#14981
0#
#14984
1#
#14985
0#
1%
#14988
1#
#14989
0#
#14991
b11110101 &
#14992
1#
#14993
0#
0%
#14996
1#
#14997
0#
1%
#15000
1#
b1001000001 4
#15001
0#
#15004
1#
#15005
0#
0%
#15008
1#
#15009
0#
#15012
1#
#15013
0#
#15016
1#
#15017
0#
1%
#15020
1#
b1001000010 4
#15021
0#
0%
#15024
1#
#15025
0#
#15028
1#
#15029
0#
#15032
1#
#15033
0#
#15036
1#
0$
#15037
0#
#15040
1#
b1001000011 4
#15041
0#
#15044
1#
#15045
0#
1%
#15048
1#
#15049
0#
0%
#15051
b11110110 &
#15052
1#
#15053
0#
1%
#15056
1#
1$
#15057
0#
0%
#15060
1#
b1001000100 4
#15061
0#
#15064
1#
#15065
0#
#15068
1#
#15069
0#
1%
#15071
b11110111 &
#15072
1#
#15073
0#
#15076
1#
0$
#15077
0#
#15080
1#
b1001000101 4
#15081
0#
#15084
1#
#15085
0#
#15088
1#
#15089
0#
#15092
1#
#15093
0#
#15096
1#
1$
#15097
0#
#15100
1#
b1001000110 4
#15101
0#
0%
#15104
1#
#15105
0#
#15108
1#
#15109
0#
1%
#15111
b11111000 &
#15112
1#
#15113
0#
#15116
1#
#15117
0#
0%
#15120
1#
b1001000111 4
#15121
0#
#15124
1#
#15125
0#
1%
#15128
1#
#15129
0#
#15131
b11111001 &
#15132
1#
#15133
0#
0%
#15136
1#
#15137
0#
1%
#15140
1#
b1001001000 4
#15141
0#
0%
#15144
1#
#15145
0#
1%
#15148
1#
#15149
0#
#15151
b11111010 &
#15152
1#
#15153
0#
0%
#15156
1#
0$
#15157
0#
#15160
1#
b1001001001 4
#15161
0#
#15164
1#
#15165
0#
1%
#15168
1#
#15169
0#
#15172
1#
#15173
0#
#15176
1#
1$
#15177
0#
0%
#15180
1#
b1001001010 4
#15181
0#
#15184
1#
#15185
0#
1%
#15188
1#
#15189
0#
0%
#15192
1#
#15193
0#
1%
#15196
1#
0$
#15197
0#
0%
#15200
1#
b1001001011 4
#15201
0#
1%
#15204
1#
#15205
0#
#15208
1#
#15209
0#
#15212
1#
#15213
0#
#15216
1#
#15217
0#
0%
#15220
1#
b1001001100 4
#15221
0#
#15224
1#
#15225
0#
#15228
1#
#15229
0#
#15231
b11111011 &
#15232
1#
#15233
0#
1%
#15236
1#
#15237
0#
0%
#15240
1#
b1001001101 4
#15241
0#
1%
#15244
1#
#15245
0#
0%
#15248
1#
#15249
0#
1%
#15252
1#
#15253
0#
0%
#15256
1#
1$
#15257
0#
1%
#15260
1#
b1001001110 4
#15261
0#
0%
#15264
1#
#15265
0#
#15268
1#
#15269
0#
1%
#15271
b11111100 &
#15272
1#
#15273
0#
#15276
1#
0$
#15277
0#
0%
#15280
1#
b1001001111 4
#15281
0#
#15284
1#
#15285
0#
#15288
1#
#15289
0#
1%
#15292
1#
#15293
0#
#15296
1#
1$
#15297
0#
#15300
1#
b1001010000 4
#15301
0#
#15304
1#
#15305
0#
#15308
1#
#15309
0#
0%
#15312
1#
#15313
0#
#15316
1#
#15317
0#
1%
#15320
1#
b1001010001 4
#15321
0#
0%
#15324
1#
#15325
0#
1%
#15328
1#
#15329
0#
#15331
b11111101 &
#15332
1#
#15333
0#
#15336
1#
#15337
0#
0%
#15340
1#
b1001010010 4
#15341
0#
1%
#15344
1#
#15345
0#
#15348
1#
#15349
0#
0%
#15352
1#
#15353
0#
#15356
1#
#15357
0#
1%
#15360
1#
b1001010011 4
#15361
0#
0%
#15364
1#
#15365
0#
1%
#15368
1#
#15369
0#
0%
#15372
1#
#15373
0#
#15376
1#
0$
#15377
0#
#15380
1#
b1001010100 4
#15381
0#
#15384
1#
#15385
0#
#15388
1#
#15389
0#
#15391
b11111110 &
#15392
1#
#15393
0#
1%
#15396
1#
1$
#15397
0#
0%
#15400
1#
b1001010101 4
#15401
0#
1%
#15404
1#
#15405
0#
0%
#15408
1#
#15409
0#
#15412
1#
#15413
0#
1%
#15416
1#
0$
#15417
0#
#15420
1#
b1001010110 4
#15421
0#
0%
#15424
1#
#15425
0#
1%
#15428
1#
#15429
0#
#15432
1#
#15433
0#
#15436
1#
#15437
0#
#15440
1#
b1001010111 4
#15441
0#
0%
#15444
1#
#15445
0#
1%
#15448
1#
#15449
0#
#15452
1#
#15453
0#
0%
#15456
1#
1$
#15457
0#
1%
#15460
1#
b1001011000 4
#15461
0#
0%
#15464
1#
#15465
0#
1%
#15468
1#
#15469
0#
#15471
b11111111 &
#15472
1#
#15473
0#
#15476
1#
0$
#15477
0#
0%
#15480
1#
b1001011001 4
#15481
0#
#15484
1#
#15485
0#
1%
#15488
1#
#15489
0#
#15492
1#
#15493
0#
#15496
1#
#15497
0#
0%
#15500
1#
b1001011010 4
#15501
0#
#15504
1#
#15505
0#
#15508
1#
#15509
0#
1%
#15512
1#
#15513
0#
0%
#15516
1#
1$
#15517
0#
#15520
1#
b1001011011 4
#15521
0#
1%
#15524
1#
#15525
0#
0%
#15528
1#
#15529
0#
#15532
1#
#15533
0#
#15536
1#
0$
#15537
0#
1%
#15540
1#
b1001011100 4
#15541
0#
0%
#15544
1#
#15545
0#
1%
#15548
1#
#15549
0#
#15552
1#
#15553
0#
#15556
1#
1$
#15557
0#
0%
#15560
1#
b1001011101 4
#15561
0#
1%
#15564
1#
#15565
0#
#15568
1#
#15569
0#
0%
#15572
1#
#15573
0#
1%
#15576
1#
#15577
0#
#15580
1#
b1001011110 4
#15581
0#
#15584
1#
#15585
0#
#15588
1#
#15589
0#
0%
#15592
1#
#15593
0#
#15596
1#
0$
#15597
0#
1%
#15600
1#
b1001011111 4
#15601
0#
#15604
1#
#15605
0#
#15608
1#
#15609
0#
#15612
1#
#15613
0#
0%
#15616
1#
1$
#15617
0#
1%
#15620
1#
b1001100000 4
#15621
0#
0%
#15624
1#
#15625
0#
#15628
1#
#15629
0#
1%
#15631
b100000000 &
#15632
1#
#15633
0#
0%
#15636
1#
0$
#15637
0#
#15640
1#
b1001100001 4
#15641
0#
#15644
1#
#15645
0#
1%
#15648
1#
#15649
0#
0%
#15651
b100000001 &
#15652
1#
#15653
0#
#15656
1#
#15657
0#
1%
#15660
1#
b1001100010 4
#15661
0#
#15664
1#
#15665
0#
#15668
1#
#15669
0#
0%
#15671
b100000010 &
#15672
1#
#15673
0#
#15676
1#
1$
#15677
0#
1%
#15680
1#
b1001100011 4
#15681
0#
0%
#15684
1#
#15685
0#
#15688
1#
#15689
0#
1%
#15691
b100000011 &
#15692
1#
#15693
0#
#15696
1#
#15697
0#
0%
#15700
1#
b1001100100 4
#15701
0#
1%
#15704
1#
#15705
0#
0%
#15708
1#
#15709
0#
1%
#15711
b100000100 &
#15712
1#
#15713
0#
#15716
1#
0$
#15717
0#
0%
#15720
1#
b1001100101 4
#15721
0#
1%
#15724
1#
#15725
0#
#15728
1#
#15729
0#
#15732
1#
#15733
0#
#15736
1#
#15737
0#
#15740
1#
b1001100110 4
#15741
0#
#15744
1#
#15745
0#
#15748
1#
#15749
0#
#15752
1#
#15753
0#
0%
#15756
1#
1$
#15757
0#
#15760
1#
b1001100111 4
#15761
0#
1%
#15764
1#
#15765
0#
#15768
1#
#15769
0#
0%
#15772
1#
#15773
0#
#15776
1#
#15777
0#
1%
#15780
1#
b1001101000 4
#15781
0#
0%
#15784
1#
#15785
0#
#15788
1#
#15789
0#
#15792
1#
#15793
0#
#15796
1#
#15797
0#
#15800
1#
b1001101001 4
#15801
0#
#15804
1#
#15805
0#
#15808
1#
#15809
0#
#15812
1#
#15813
0#
#15816
1#
#15817
0#
#15820
1#
b1001101010 4
#15821
0#
#15824
1#
#15825
0#
1%
#15828
1#
#15829
0#
#15831
b100000101 &
#15832
1#
#15833
0#
0%
#15836
1#
#15837
0#
1%
#15840
1#
b1001101011 4
#15841
0#
0%
#15844
1#
#15845
0#
#15848
1#
#15849
0#
#15852
1#
#15853
0#
1%
#15856
1#
#15857
0#
0%
#15860
1#
b1001101100 4
#15861
0#
1%
#15864
1#
#15865
0#
0%
#15868
1#
#15869
0#
#15872
1#
#15873
0#
#15876
1#
0$
#15877
0#
1%
#15880
1#
b1001101101 4
#15881
0#
0%
#15884
1#
#15885
0#
1%
#15888
1#
#15889
0#
#15892
1#
#15893
0#
#15896
1#
#15897
0#
#15900
1#
b1001101110 4
#15901
0#
0%
#15904
1#
#15905
0#
#15908
1#
#15909
0#
#15911
b100000110 &
#15912
1#
#15913
0#
#15916
1#
1$
#15917
0#
#15920
1#
b1001101111 4
#15921
0#
#15924
1#
#15925
0#
#15928
1#
#15929
0#
1%
#15931
b100000111 &
#15932
1#
#15933
0#
0%
#15936
1#
0$
#15937
0#
1%
#15940
1#
b1001110000 4
#15941
0#
0%
#15944
1#
#15945
0#
1%
#15948
1#
#15949
0#
#15952
1#
#15953
0#
#15956
1#
1$
#15957
0#
#15960
1#
b1001110001 4
#15961
0#
0%
#15964
1#
#15965
0#
#15968
1#
#15969
0#
#15972
1#
#15973
0#
1%
#15976
1#
#15977
0#
#15980
1#
b1001110010 4
#15981
0#
#15984
1#
#15985
0#
0%
#15988
1#
#15989
0#
1%
#15991
b100001000 &
#15992
1#
#15993
0#
0%
#15996
1#
0$
#15997
0#
1%
#16000
1#
b1001110011 4
#16001
0#
0%
#16004
1#
#16005
0#
1%
#16008
1#
#16009
0#
0%
#16011
b100001001 &
#16012
1#
#16013
0#
1%
#16016
1#
1$
#16017
0#
0%
#16020
1#
b1001110100 4
#16021
0#
1%
#16024
1#
#16025
0#
#16028
1#
#16029
0#
0%
#16032
1#
#16033
0#
#16036
1#
#16037
0#
#16040
1#
b1001110101 4
#16041
0#
1%
#16044
1#
#16045
0#
0%
#16048
1#
#16049
0#
#16052
1#
#16053
0#
#16056
1#
0$
#16057
0#
1%
#16060
1#
b1001110110 4
#16061
0#
0%
#16064
1#
#16065
0#
#16068
1#
#16069
0#
1%
#16072
1#
#16073
0#
#16076
1#
#16077
0#
0%
#16080
1#
b1001110111 4
#16081
0#
#16084
1#
#16085
0#
#16088
1#
#16089
0#
#16091
b100001010 &
#16092
1#
#16093
0#
1%
#16096
1#
1$
#16097
0#
0%
#16100
1#
b1001111000 4
#16101
0#
#16104
1#
#16105
0#
1%
#16108
1#
#16109
0#
0%
#16112
1#
#16113
0#
#16116
1#
0$
#16117
0#
#16120
1#
b1001111001 4
#16121
0#
1%
#16124
1#
#16125
0#
#16128
1#
#16129
0#
0%
#16131
b100001011 &
#16132
1#
#16133
0#
1%
#16136
1#
#16137
0#
0%
#16140
1#
b1001111010 4
#16141
0#
1%
#16144
1#
#16145
0#
0%
#16148
1#
#16149
0#
1%
#16152
1#
#16153
0#
#16156
1#
1$
#16157
0#
0%
#16160
1#
b1001111011 4
#16161
0#
#16164
1#
#16165
0#
1%
#16168
1#
#16169
0#
#16171
b100001100 &
#16172
1#
#16173
0#
0%
#16176
1#
#16177
0#
1%
#16180
1#
b1001111100 4
#16181
0#
0%
#16184
1#
#16185
0#
1%
#16188
1#
#16189
0#
#16191
b100001101 &
#16192
1#
#16193
0#
0%
#16196
1#
#16197
0#
1%
#16200
1#
b1001111101 4
#16201
0#
0%
#16204
1#
#16205
0#
1%
#16208
1#
#16209
0#
0%
#16212
1#
#16213
0#
1%
#16216
1#
#16217
0#
#16220
1#
b1001111110 4
#16221
0#
0%
#16224
1#
#16225
0#
#16228
1#
#16229
0#
#16232
1#
#16233
0#
#16236
1#
#16237
0#
1%
#16240
1#
b1001111111 4
#16241
0#
0%
#16244
1#
#16245
0#
#16248
1#
#16249
0#
1%
#16251
b100001110 &
#16252
1#
#16253
0#
0%
#16256
1#
#16257
0#
1%
#16260
1#
b1010000000 4
#16261
0#
#16264
1#
#16265
0#
0%
#16268
1#
#16269
0#
1%
#16271
b100001111 &
#16272
1#
#16273
0#
#16276
1#
#16277
0#
#16280
1#
b1010000001 4
#16281
0#
#16284
1#
#16285
0#
0%
#16288
1#
#16289
0#
#16292
1#
#16293
0#
1%
#16296
1#
#16297
0#
#16300
1#
b1010000010 4
#16301
0#
0%
#16304
1#
#16305
0#
#16308
1#
#16309
0#
1%
#16311
b100010000 &
#16312
1#
#16313
0#
0%
#16316
1#
0$
#16317
0#
1%
#16320
1#
b1010000011 4
#16321
0#
0%
#16324
1#
#16325
0#
1%
#16328
1#
#16329
0#
0%
#16331
b100010001 &
#16332
1#
#16333
0#
1%
#16336
1#
#16337
0#
#16340
1#
b1010000100 4
#16341
0#
#16344
1#
#16345
0#
#16348
1#
#16349
0#
0%
#16351
b100010010 &
#16352
1#
#16353
0#
#16356
1#
1$
#16357
0#
1%
#16360
1#
b1010000101 4
#16361
0#
0%
#16364
1#
#16365
0#
#16368
1#
#16369
0#
#16372
1#
#16373
0#
1%
#16376
1#
#16377
0#
#16380
1#
b1010000110 4
#16381
0#
#16384
1#
1B
#16385
0#
0%
#16388
1#
#16389
0#
1%
#16391
b100010011 &
#16392
1#
#16393
0#
#16396
1#
0$
#16397
0#
#16400
1#
b1010000111 4
#16401
0#
#16404
1#
#16405
0#
#16408
1#
#16409
0#
#16412
1#
#16413
0#
#16416
1#
1$
#16417
0#
#16420
1#
b1010001000 4
#16421
0#
0%
#16424
1#
#16425
0#
1%
#16428
1#
#16429
0#
0%
#16432
1#
#16433
0#
1%
#16436
1#
#16437
0#
0%
#16440
1#
b1010001001 4
#16441
0#
1%
#16444
1#
#16445
0#
0%
#16448
1#
#16449
0#
#16452
1#
#16453
0#
1%
#16456
1#
0$
#16457
0#
#16460
1#
b1010001010 4
#16461
0#
#16464
1#
#16465
0#
0%
#16468
1#
#16469
0#
1%
#16472
1#
#16473
0#
0%
#16476
1#
#16477
0#
#16480
1#
b1010001011 4
#16481
0#
1%
#16484
1#
#16485
0#
#16488
1#
#16489
0#
0%
#16491
b100010100 &
#16492
1#
#16493
0#
#16496
1#
1$
#16497
0#
1%
#16500
1#
b1010001100 4
#16501
0#
0%
#16504
1#
#16505
0#
#16508
1#
#16509
0#
1%
#16511
b100010101 &
#16512
1#
#16513
0#
#16516
1#
#16517
0#
#16520
1#
b1010001101 4
#16521
0#
0%
#16524
1#
#16525
0#
1%
#16528
1#
#16529
0#
#16531
b100010110 &
#16532
1#
#16533
0#
0%
#16536
1#
0$
#16537
0#
#16540
1#
b1010001110 4
#16541
0#
#16544
1#
#16545
0#
#16548
1#
#16549
0#
#16551
b100010111 &
#16552
1#
#16553
0#
#16556
1#
1$
#16557
0#
1%
#16560
1#
b1010001111 4
#16561
0#
0%
#16564
1#
#16565
0#
1%
#16568
1#
#16569
0#
0%
#16572
1#
#16573
0#
1%
#16576
1#
#16577
0#
#16580
1#
b1010010000 4
#16581
0#
0%
#16584
1#
#16585
0#
#16588
1#
#16589
0#
1%
#16591
b100011000 &
#16592
1#
#16593
0#
0%
#16596
1#
0$
#16597
0#
1%
#16600
1#
b1010010001 4
#16601
0#
0%
#16604
1#
#16605
0#
1%
#16608
1#
#16609
0#
#16612
1#
#16613
0#
#16616
1#
1$
#16617
0#
#16620
1#
b1010010010 4
#16621
0#
0%
#16624
1#
#16625
0#
1%
#16628
1#
#16629
0#
0%
#16632
1#
#16633
0#
#16636
1#
0$
#16637
0#
#16640
1#
b1010010011 4
#16641
0#
1%
#16644
1#
#16645
0#
0%
#16648
1#
#16649
0#
#16651
b100011001 &
#16652
1#
#16653
0#
#16656
1#
1$
#16657
0#
#16660
1#
b1010010100 4
#16661
0#
#16664
1#
#16665
0#
#16668
1#
#16669
0#
1%
#16671
b100011010 &
#16672
1#
#16673
0#
0%
#16676
1#
0$
#16677
0#
#16680
1#
b1010010101 4
#16681
0#
1%
#16684
1#
#16685
0#
#16688
1#
#16689
0#
#16692
1#
#16693
0#
#16696
1#
1$
#16697
0#
#16700
1#
b1010010110 4
#16701
0#
0%
#16704
1#
#16705
0#
#16708
1#
#16709
0#
#16712
1#
#16713
0#
1%
#16716
1#
#16717
0#
0%
#16720
1#
b1010010111 4
#16721
0#
#16724
1#
#16725
0#
1%
#16728
1#
#16729
0#
0%
#16732
1#
#16733
0#
1%
#16736
1#
0$
#16737
0#
0%
#16740
1#
b1010011000 4
#16741
0#
1%
#16744
1#
#16745
0#
0%
#16748
1#
#16749
0#
1%
#16752
1#
#16753
0#
#16756
1#
1$
#16757
0#
#16760
1#
b1010011001 4
#16761
0#
0%
#16764
1#
#16765
0#
#16768
1#
#16769
0#
1%
#16771
b100011011 &
#16772
1#
#16773
0#
#16776
1#
0$
#16777
0#
0%
#16780
1#
b1010011010 4
#16781
0#
1%
#16784
1#
#16785
0#
#16788
1#
#16789
0#
#16792
1#
#16793
0#
0%
#16796
1#
1$
#16797
0#
#16800
1#
b1010011011 4
#16801
0#
#16804
1#
#16805
0#
1%
#16808
1#
#16809
0#
0%
#16812
1#
#16813
0#
1%
#16816
1#
0$
#16817
0#
#16820
1#
b1010011100 4
#16821
0#
#16824
1#
#16825
0#
#16828
1#
#16829
0#
#16832
1#
#16833
0#
#16836
1#
1$
#16837
0#
0%
#16840
1#
b1010011101 4
#16841
0#
1%
#16844
1#
#16845
0#
0%
#16848
1#
#16849
0#
#16852
1#
#16853
0#
#16856
1#
0$
#16857
0#
1%
#16860
1#
b1010011110 4
#16861
0#
0%
#16864
1#
#16865
0#
1%
#16868
1#
#16869
0#
#16872
1#
#16873
0#
0%
#16876
1#
#16877
0#
1%
#16880
1#
b1010011111 4
#16881
0#
0%
#16884
1#
#16885
0#
1%
#16888
1#
#16889
0#
0%
#16891
b100011100 &
#16892
1#
#16893
0#
1%
#16896
1#
#16897
0#
#16900
1#
b1010100000 4
#16901
0#
0%
#16904
1#
#16905
0#
1%
#16908
1#
#16909
0#
#16912
1#
#16913
0#
0%
#16916
1#
1$
#16917
0#
1%
#16920
1#
b1010100001 4
#16921
0#
0%
#16924
1#
#16925
0#
#16928
1#
#16929
0#
#16932
1#
#16933
0#
#16936
1#
0$
#16937
0#
1%
#16940
1#
b1010100010 4
#16941
0#
0%
#16944
1#
#16945
0#
1%
#16948
1#
#16949
0#
#16952
1#
#16953
0#
#16956
1#
1$
#16957
0#
0%
#16960
1#
b1010100011 4
#16961
0#
#16964
1#
#16965
0#
#16968
1#
#16969
0#
#16972
1#
#16973
0#
#16976
1#
0$
#16977
0#
1%
#16980
1#
b1010100100 4
#16981
0#
0%
#16984
1#
#16985
0#
1%
#16988
1#
#16989
0#
0%
#16991
b100011101 &
#16992
1#
#16993
0#
1%
#16996
1#
1$
#16997
0#
0%
#17000
1#
b1010100101 4
#17001
0#
#17004
1#
#17005
0#
1%
#17008
1#
#17009
0#
0%
#17012
1#
#17013
0#
#17016
1#
#17017
0#
#17020
1#
b1010100110 4
#17021
0#
#17024
1#
#17025
0#
#17028
1#
#17029
0#
1%
#17031
b100011110 &
#17032
1#
#17033
0#
#17036
1#
#17037
0#
#17040
1#
b1010100111 4
#17041
0#
0%
#17044
1#
#17045
0#
1%
#17048
1#
#17049
0#
0%
#17052
1#
#17053
0#
#17056
1#
0$
#17057
0#
#17060
1#
b1010101000 4
#17061
0#
#17064
1#
#17065
0#
1%
#17068
1#
#17069
0#
#17072
1#
#17073
0#
#17076
1#
1$
#17077
0#
#17080
1#
b1010101001 4
#17081
0#
0%
#17084
1#
#17085
0#
1%
#17088
1#
#17089
0#
0%
#17092
1#
#17093
0#
1%
#17096
1#
#17097
0#
#17100
1#
b1010101010 4
#17101
0#
0%
#17104
1#
#17105
0#
#17108
1#
#17109
0#
1%
#17111
b100011111 &
#17112
1#
#17113
0#
0%
#17116
1#
0$
#17117
0#
1%
#17120
1#
b1010101011 4
#17121
0#
0%
#17124
1#
#17125
0#
#17128
1#
#17129
0#
#17131
b100100000 &
#17132
1#
#17133
0#
1%
#17136
1#
1$
#17137
0#
0%
#17140
1#
b1010101100 4
#17141
0#
1%
#17144
1#
#17145
0#
#17148
1#
#17149
0#
#17151
b100100001 &
#17152
1#
#17153
0#
0%
#17156
1#
#17157
0#
#17160
1#
b1010101101 4
#17161
0#
1%
#17164
1#
#17165
0#
#17168
1#
#17169
0#
0%
#17172
1#
#17173
0#
1%
#17176
1#
0$
#17177
0#
0%
#17180
1#
b1010101110 4
#17181
0#
#17184
1#
#17185
0#
1%
#17188
1#
#17189
0#
#17192
1#
#17193
0#
#17196
1#
1$
#17197
0#
#17200
1#
b1010101111 4
#17201
0#
0%
#17204
1#
#17205
0#
#17208
1#
#17209
0#
#17212
1#
#17213
0#
#17216
1#
#17217
0#
#17220
1#
b1010110000 4
#17221
0#
#17224
1#
#17225
0#
1%
#17228
1#
#17229
0#
0%
#17232
1#
#17233
0#
#17236
1#
#17237
0#
1%
#17240
1#
b1010110001 4
#17241
0#
0%
#17244
1#
#17245
0#
1%
#17248
1#
#17249
0#
#17251
b100100010 &
#17252
1#
#17253
0#
0%
#17256
1#
#17257
0#
1%
#17260
1#
b1010110010 4
#17261
0#
0%
#17264
1#
#17265
0#
#17268
1#
#17269
0#
#17272
1#
#17273
0#
#17276
1#
0$
#17277
0#
1%
#17280
1#
b1010110011 4
#17281
0#
#17284
1#
#17285
0#
#17288
1#
#17289
0#
0%
#17291
b100100011 &
#17292
1#
#17293
0#
1%
#17296
1#
1$
#17297
0#
0%
#17300
1#
b1010110100 4
#17301
0#
#17304
1#
#17305
0#
#17308
1#
#17309
0#
1%
#17311
b100100100 &
#17312
1#
#17313
0#
#17316
1#
0$
#17317
0#
0%
#17320
1#
b1010110101 4
#17321
0#
1%
#17324
1#
#17325
0#
0%
#17328
1#
#17329
0#
#17331
b100100101 &
#17332
1#
#17333
0#
1%
#17336
1#
1$
#17337
0#
0%
#17340
1#
b1010110110 4
#17341
0#
1%
#17344
1#
#17345
0#
0%
#17348
1#
#17349
0#
1%
#17351
b100100110 &
#17352
1#
#17353
0#
0%
#17356
1#
0$
#17357
0#
#17360
1#
b1010110111 4
#17361
0#
#17364
1#
#17365
0#
1%
#17368
1#
#17369
0#
0%
#17371
b100100111 &
#17372
1#
#17373
0#
1%
#17376
1#
1$
#17377
0#
0%
#17380
1#
b1010111000 4
#17381
0#
1%
#17384
1#
#17385
0#
#17388
1#
#17389
0#
0%
#17392
1#
#17393
0#
1%
#17396
1#
0$
#17397
0#
0%
#17400
1#
b1010111001 4
#17401
0#
#17404
1#
#17405
0#
1%
#17408
1#
#17409
0#
#17412
1#
#17413
0#
#17416
1#
1$
#17417
0#
0%
#17420
1#
b1010111010 4
#17421
0#
1%
#17424
1#
#17425
0#
#17428
1#
#17429
0#
#17431
b100101000 &
#17432
1#
#17433
0#
#17436
1#
0$
#17437
0#
0%
#17440
1#
b1010111011 4
#17441
0#
#17444
1#
#17445
0#
1%
#17448
1#
#17449
0#
0%
#17451
b100101001 &
#17452
1#
#17453
0#
#17456
1#
1$
#17457
0#
1%
#17460
1#
b1010111100 4
#17461
0#
0%
#17464
1#
#17465
0#
#17468
1#
#17469
0#
1%
#17471
b100101010 &
#17472
1#
#17473
0#
0%
#17476
1#
#17477
0#
1%
#17480
1#
b1010111101 4
#17481
0#
0%
#17484
1#
#17485
0#
1%
#17488
1#
#17489
0#
0%
#17492
1#
#17493
0#
1%
#17496
1#
0$
#17497
0#
#17500
1#
b1010111110 4
#17501
0#
0%
#17504
1#
#17505
0#
1%
#17508
1#
#17509
0#
0%
#17511
b100101011 &
#17512
1#
#17513
0#
#17516
1#
1$
#17517
0#
1%
#17520
1#
b1010111111 4
#17521
0#
0%
#17524
1#
#17525
0#
1%
#17528
1#
#17529
0#
#17531
b100101100 &
#17532
1#
#17533
0#
#17536
1#
0$
#17537
0#
#17540
1#
b1011000000 4
#17541
0#
0%
#17544
1#
#17545
0#
1%
#17548
1#
#17549
0#
#17552
1#
#17553
0#
#17556
1#
#17557
0#
#17560
1#
b1011000001 4
#17561
0#
#17564
1#
#17565
0#
0%
#17568
1#
#17569
0#
1%
#17572
1#
#17573
0#
0%
#17576
1#
#17577
0#
#17580
1#
b1011000010 4
#17581
0#
1%
#17584
1#
#17585
0#
#17588
1#
#17589
0#
0%
#17591
b100101101 &
#17592
1#
#17593
0#
#17596
1#
1$
#17597
0#
1%
#17600
1#
b1011000011 4
#17601
0#
0%
#17604
1#
#17605
0#
#17608
1#
#17609
0#
#17612
1#
#17613
0#
1%
#17616
1#
0$
#17617
0#
#17620
1#
b1011000100 4
#17621
0#
#17624
1#
#17625
0#
#17628
1#
#17629
0#
0%
#17631
b100101110 &
#17632
1#
#17633
0#
#17636
1#
#17637
0#
1%
#17640
1#
b1011000101 4
#17641
0#
0%
#17644
1#
#17645
0#
1%
#17648
1#
#17649
0#
0%
#17651
b100101111 &
#17652
1#
#17653
0#
1%
#17656
1#
#17657
0#
#17660
1#
b1011000110 4
#17661
0#
#17664
1#
#17665
0#
0%
#17668
1#
#17669
0#
1%
#17672
1#
#17673
0#
0%
#17676
1#
1$
#17677
0#
#17680
1#
b1011000111 4
#17681
0#
1%
#17684
1#
#17685
0#
0%
#17688
1#
#17689
0#
#17692
1#
#17693
0#
#17696
1#
0$
#17697
0#
1%
#17700
1#
b1011001000 4
#17701
0#
0%
#17704
1#
#17705
0#
#17708
1#
#17709
0#
#17711
b100110000 &
#17712
1#
#17713
0#
1%
#17716
1#
1$
#17717
0#
#17720
1#
b1011001001 4
#17721
0#
0%
#17724
1#
#17725
0#
#17728
1#
#17729
0#
1%
#17731
b100110001 &
#17732
1#
#17733
0#
#17736
1#
0$
#17737
0#
#17740
1#
b1011001010 4
#17741
0#
#17744
1#
#17745
0#
0%
#17748
1#
#17749
0#
#17751
b100110010 &
#17752
1#
#17753
0#
1%
#17756
1#
1$
#17757
0#
0%
#17760
1#
b1011001011 4
#17761
0#
1%
#17764
1#
#17765
0#
#17768
1#
#17769
0#
0%
#17772
1#
#17773
0#
#17776
1#
#17777
0#
1%
#17780
1#
b1011001100 4
#17781
0#
0%
#17784
1#
#17785
0#
1%
#17788
1#
#17789
0#
#17791
b100110011 &
#17792
1#
#17793
0#
#17796
1#
0$
#17797
0#
0%
#17800
1#
b1011001101 4
#17801
0#
#17804
1#
#17805
0#
1%
#17808
1#
#17809
0#
0%
#17811
b100110100 &
#17812
1#
#17813
0#
1%
#17816
1#
1$
#17817
0#
#17820
1#
b1011001110 4
#17821
0#
#17824
1#
#17825
0#
0%
#17828
1#
#17829
0#
1%
#17831
b100110101 &
#17832
1#
#17833
0#
0%
#17836
1#
#17837
0#
#17840
1#
b1011001111 4
#17841
0#
#17844
1#
#17845
0#
#17848
1#
#17849
0#
#17852
1#
#17853
0#
1%
#17856
1#
0$
#17857
0#
0%
#17860
1#
b1011010000 4
#17861
0#
1%
#17864
1#
#17865
0#
#17868
1#
#17869
0#
#17872
1#
#17873
0#
#17876
1#
#17877
0#
#17880
1#
b1011010001 4
#17881
0#
#17884
1#
#17885
0#
0%
#17888
1#
#17889
0#
#17891
b100110110 &
#17892
1#
#17893
0#
1%
#17896
1#
#17897
0#
0%
#17900
1#
b1011010010 4
#17901
0#
1%
#17904
1#
#17905
0#
#17908
1#
#17909
0#
#17912
1#
#17913
0#
#17916
1#
1$
#17917
0#
#17920
1#
b1011010011 4
#17921
0#
0%
#17924
1#
#17925
0#
#17928
1#
#17929
0#
1%
#17931
b100110111 &
#17932
1#
#17933
0#
0%
#17936
1#
#17937
0#
1%
#17940
1#
b1011010100 4
#17941
0#
0%
#17944
1#
#17945
0#
1%
#17948
1#
#17949
0#
0%
#17952
1#
#17953
0#
1%
#17956
1#
#17957
0#
0%
#17960
1#
b1011010101 4
#17961
0#
1%
#17964
1#
#17965
0#
#17968
1#
#17969
0#
#17971
b100111000 &
#17972
1#
#17973
0#
0%
#17976
1#
0$
#17977
0#
#17980
1#
b1011010110 4
#17981
0#
#17984
1#
#17985
0#
#17988
1#
#17989
0#
1%
#17992
1#
#17993
0#
0%
#17996
1#
1$
#17997
0#
1%
#18000
1#
b1011010111 4
#18001
0#
0%
#18004
1#
#18005
0#
#18008
1#
#18009
0#
#18012
1#
#18013
0#
#18016
1#
0$
#18017
0#
1%
#18020
1#
b1011011000 4
#18021
0#
#18024
1#
#18025
0#
0%
#18028
1#
#18029
0#
#18031
b100111001 &
#18032
1#
#18033
0#
1%
#18036
1#
1$
#18037
0#
0%
#18040
1#
b1011011001 4
#18041
0#
#18044
1#
#18045
0#
1%
#18048
1#
#18049
0#
#18051
b100111010 &
#18052
1#
#18053
0#
0%
#18056
1#
0$
#18057
0#
#18060
1#
b1011011010 4
#18061
0#
#18064
1#
#18065
0#
#18068
1#
#18069
0#
1%
#18072
1#
#18073
0#
#18076
1#
1$
#18077
0#
#18080
1#
b1011011011 4
#18081
0#
#18084
1#
#18085
0#
0%
#18088
1#
#18089
0#
#18092
1#
#18093
0#
#18096
1#
0$
#18097
0#
1%
#18100
1#
b1011011100 4
#18101
0#
0%
#18104
1#
#18105
0#
1%
#18108
1#
#18109
0#
#18112
1#
#18113
0#
0%
#18116
1#
#18117
0#
1%
#18120
1#
b1011011101 4
#18121
0#
0%
#18124
1#
#18125
0#
#18128
1#
#18129
0#
1%
#18132
1#
#18133
0#
0%
#18136
1#
#18137
0#
1%
#18140
1#
b1011011110 4
#18141
0#
#18144
1#
#18145
0#
0%
#18148
1#
#18149
0#
1%
#18152
1#
#18153
0#
#18156
1#
1$
#18157
0#
#18160
1#
b1011011111 4
#18161
0#
#18164
1#
#18165
0#
0%
#18168
1#
#18169
0#
#18172
1#
#18173
0#
1%
#18176
1#
0$
#18177
0#
#18180
1#
b1011100000 4
#18181
0#
0%
#18184
1#
#18185
0#
1%
#18188
1#
#18189
0#
0%
#18191
b100111011 &
#18192
1#
#18193
0#
#18196
1#
#18197
0#
1%
#18200
1#
b1011100001 4
#18201
0#
0%
#18204
1#
#18205
0#
#18208
1#
#18209
0#
1%
#18212
1#
#18213
0#
#18216
1#
#18217
0#
0%
#18220
1#
b1011100010 4
#18221
0#
1%
#18224
1#
#18225
0#
#18228
1#
#18229
0#
0%
#18231
b100111100 &
#18232
1#
#18233
0#
#18236
1#
#18237
0#
#18240
1#
b1011100011 4
#18241
0#
1%
#18244
1#
#18245
0#
#18248
1#
#18249
0#
#18252
1#
#18253
0#
#18256
1#
1$
#18257
0#
#18260
1#
b1011100100 4
#18261
0#
#18264
1#
#18265
0#
#18268
1#
#18269
0#
#18271
b100111101 &
#18272
1#
#18273
0#
0%
#18276
1#
0$
#18277
0#
#18280
1#
b1011100101 4
#18281
0#
#18284
1#
#18285
0#
1%
#18288
1#
#18289
0#
0%
#18291
b100111110 &
#18292
1#
#18293
0#
#18296
1#
#18297
0#
1%
#18300
1#
b1011100110 4
#18301
0#
0%
#18304
1#
#18305
0#
1%
#18308
1#
#18309
0#
#18312
1#
#18313
0#
#18316
1#
#18317
0#
#18320
1#
b1011100111 4
#18321
0#
#18324
1#
#18325
0#
#18328
1#
#18329
0#
#18332
1#
#18333
0#
#18336
1#
1$
#18337
0#
0%
#18340
1#
b1011101000 4
#18341
0#
#18344
1#
#18345
0#
1%
#18348
1#
#18349
0#
#18351
b100111111 &
#18352
1#
#18353
0#
0%
#18356
1#
#18357
0#
1%
#18360
1#
b1011101001 4
#18361
0#
0%
#18364
1#
#18365
0#
1%
#18368
1#
#18369
0#
#18371
b101000000 &
#18372
1#
#18373
0#
#18376
1#
#18377
0#
#18380
1#
b1011101010 4
#18381
0#
#18384
1#
#18385
0#
0%
#18388
1#
#18389
0#
#18392
1#
#18393
0#
#18396
1#
0$
#18397
0#
#18400
1#
b1011101011 4
#18401
0#
1%
#18404
1#
#18405
0#
#18408
1#
#18409
0#
#18412
1#
#18413
0#
#18416
1#
#18417
0#
0%
#18420
1#
b1011101100 4
#18421
0#
1%
#18424
1#
#18425
0#
0%
#18428
1#
#18429
0#
1%
#18432
1#
#18433
0#
0%
#18436
1#
1$
#18437
0#
#18440
1#
b1011101101 4
#18441
0#
1%
#18444
1#
#18445
0#
#18448
1#
#18449
0#
0%
#18452
1#
#18453
0#
1%
#18456
1#
0$
#18457
0#
0%
#18460
1#
b1011101110 4
#18461
0#
#18464
1#
#18465
0#
#18468
1#
#18469
0#
1%
#18472
1#
#18473
0#
#18476
1#
1$
#18477
0#
0%
#18480
1#
b1011101111 4
#18481
0#
1%
#18484
1#
#18485
0#
#18488
1#
#18489
0#
0%
#18492
1#
#18493
0#
1%
#18496
1#
#18497
0#
0%
#18500
1#
b1011110000 4
#18501
0#
1%
#18504
1#
#18505
0#
0%
#18508
1#
#18509
0#
#18512
1#
#18513
0#
#18516
1#
0$
#18517
0#
#18520
1#
b1011110001 4
#18521
0#
#18524
1#
#18525
0#
#18528
1#
#18529
0#
1%
#18532
1#
#18533
0#
#18536
1#
#18537
0#
#18540
1#
b1011110010 4
#18541
0#
#18544
1#
#18545
0#
#18548
1#
#18549
0#
#18552
1#
#18553
0#
#18556
1#
#18557
0#
0%
#18560
1#
b1011110011 4
#18561
0#
1%
#18564
1#
#18565
0#
0%
#18568
1#
#18569
0#
#18571
b101000001 &
#18572
1#
#18573
0#
#18576
1#
1$
#18577
0#
1%
#18580
1#
b1011110100 4
#18581
0#
#18584
1#
#18585
0#
0%
#18588
1#
#18589
0#
1%
#18591
b101000010 &
#18592
1#
#18593
0#
0%
#18596
1#
0$
#18597
0#
#18600
1#
b1011110101 4
#18601
0#
1%
#18604
1#
#18605
0#
#18608
1#
#18609
0#
0%
#18611
b101000011 &
#18612
1#
#18613
0#
1%
#18616
1#
#18617
0#
0%
#18620
1#
b1011110110 4
#18621
0#
1%
#18624
1#
#18625
0#
#18628
1#
#18629
0#
#18632
1#
#18633
0#
#18636
1#
#18637
0#
0%
#18640
1#
b1011110111 4
#18641
0#
1%
#18644
1#
#18645
0#
#18648
1#
#18649
0#
#18652
1#
#18653
0#
0%
#18656
1#
1$
#18657
0#
#18660
1#
b1011111000 4
#18661
0#
1%
#18664
1#
#18665
0#
0%
#18668
1#
#18669
0#
#18672
1#
#18673
0#
#18676
1#
#18677
0#
#18680
1#
b1011111001 4
#18681
0#
#18684
1#
#18685
0#
#18688
1#
#18689
0#
1%
#18691
b101000100 &
#18692
1#
#18693
0#
0%
#18696
1#
0$
#18697
0#
1%
#18700
1#
b1011111010 4
#18701
0#
#18704
1#
#18705
0#
#18708
1#
#18709
0#
0%
#18711
b101000101 &
#18712
1#
#18713
0#
1%
#18716
1#
1$
#18717
0#
0%
#18720
1#
b1011111011 4
#18721
0#
#18724
1#
#18725
0#
#18728
1#
#18729
0#
1%
#18731
b101000110 &
#18732
1#
#18733
0#
0%
#18736
1#
0$
#18737
0#
1%
#18740
1#
b1011111100 4
#18741
0#
#18744
1#
#18745
0#
#18748
1#
#18749
0#
#18752
1#
#18753
0#
#18756
1#
1$
#18757
0#
0%
#18760
1#
b1011111101 4
#18761
0#
1%
#18764
1#
#18765
0#
0%
#18768
1#
#18769
0#
#18772
1#
#18773
0#
1%
#18776
1#
#18777
0#
0%
#18780
1#
b1011111110 4
#18781
0#
#18784
1#
#18785
0#
#18788
1#
#18789
0#
#18792
1#
#18793
0#
1%
#18796
1#
#18797
0#
0%
#18800
1#
b1011111111 4
#18801
0#
#18804
1#
#18805
0#
1%
#18808
1#
#18809
0#
#18811
b101000111 &
#18812
1#
#18813
0#
0%
#18816
1#
0$
#18817
0#
#18820
1#
b1100000000 4
#18821
0#
1%
#18824
1#
#18825
0#
#18828
1#
#18829
0#
#18832
1#
#18833
0#
#18836
1#
#18837
0#
#18840
1#
b1100000001 4
#18841
0#
0%
#18844
1#
#18845
0#
1%
#18848
1#
#18849
0#
#18852
1#
#18853
0#
#18856
1#
1$
#18857
0#
0%
#18860
1#
b1100000010 4
#18861
0#
#18864
1#
#18865
0#
1%
#18868
1#
#18869
0#
0%
#18872
1#
#18873
0#
#18876
1#
0$
#18877
0#
#18880
1#
b1100000011 4
#18881
0#
1%
#18884
1#
#18885
0#
#18888
1#
#18889
0#
#18892
1#
#18893
0#
0%
#18896
1#
#18897
0#
1%
#18900
1#
b1100000100 4
#18901
0#
0%
#18904
1#
#18905
0#
1%
#18908
1#
#18909
0#
#18912
1#
#18913
0#
#18916
1#
#18917
0#
#18920
1#
b1100000101 4
#18921
0#
0%
#18924
1#
#18925
0#
1%
#18928
1#
#18929
0#
0%
#18931
b101001000 &
#18932
1#
#18933
0#
1%
#18936
1#
#18937
0#
#18940
1#
b1100000110 4
#18941
0#
#18944
1#
#18945
0#
#18948
1#
#18949
0#
#18952
1#
#18953
0#
#18956
1#
#18957
0#
0%
#18960
1#
b1100000111 4
#18961
0#
#18964
1#
#18965
0#
#18968
1#
#18969
0#
1%
#18972
1#
#18973
0#
0%
#18976
1#
1$
#18977
0#
1%
#18980
1#
b1100001000 4
#18981
0#
#18984
1#
#18985
0#
0%
#18988
1#
#18989
0#
#18992
1#
#18993
0#
#18996
1#
0$
#18997
0#
#19000
1#
b1100001001 4
#19001
0#
1%
#19004
1#
#19005
0#
0%
#19008
1#
#19009
0#
1%
#19012
1#
#19013
0#
#19016
1#
1$
#19017
0#
#19020
1#
b1100001010 4
#19021
0#
0%
#19024
1#
#19025
0#
1%
#19028
1#
#19029
0#
0%
#19032
1#
#19033
0#
1%
#19036
1#
#19037
0#
0%
#19040
1#
b1100001011 4
#19041
0#
#19044
1#
#19045
0#
1%
#19048
1#
#19049
0#
0%
#19052
1#
#19053
0#
#19056
1#
#19057
0#
1%
#19060
1#
b1100001100 4
#19061
0#
0%
#19064
1#
#19065
0#
#19068
1#
#19069
0#
1%
#19071
b101001001 &
#19072
1#
#19073
0#
#19076
1#
0$
#19077
0#
#19080
1#
b1100001101 4
#19081
0#
#19084
1#
#19085
0#
#19088
1#
#19089
0#
#19092
1#
#19093
0#
0%
#19096
1#
#19097
0#
#19100
1#
b1100001110 4
#19101
0#
#19104
1#
#19105
0#
1%
#19108
1#
#19109
0#
0%
#19111
b101001010 &
#19112
1#
#19113
0#
1%
#19116
1#
1$
#19117
0#
0%
#19120
1#
b1100001111 4
#19121
0#
1%
#19124
1#
#19125
0#
#19128
1#
#19129
0#
#19131
b101001011 &
#19132
1#
#19133
0#
0%
#19136
1#
#19137
0#
#19140
1#
b1100010000 4
#19141
0#
1%
#19144
1#
#19145
0#
#19148
1#
#19149
0#
#19151
b101001100 &
#19152
1#
#19153
0#
0%
#19156
1#
#19157
0#
#19160
1#
b1100010001 4
#19161
0#
1%
#19164
1#
#19165
0#
0%
#19168
1#
#19169
0#
#19172
1#
#19173
0#
1%
#19176
1#
#19177
0#
0%
#19180
1#
b1100010010 4
#19181
0#
#19184
1#
#19185
0#
1%
#19188
1#
#19189
0#
#19191
b101001101 &
#19192
1#
#19193
0#
0%
#19196
1#
#19197
0#
#19200
1#
b1100010011 4
#19201
0#
#19204
1#
#19205
0#
#19208
1#
#19209
0#
#19212
1#
#19213
0#
1%
#19216
1#
0$
#19217
0#
0%
#19220
1#
b1100010100 4
#19221
0#
#19224
1#
#19225
0#
#19228
1#
#19229
0#
1%
#19232
1#
#19233
0#
0%
#19236
1#
#19237
0#
1%
#19240
1#
b1100010101 4
#19241
0#
#19244
1#
#19245
0#
#19248
1#
#19249
0#
0%
#19251
b101001110 &
#19252
1#
#19253
0#
#19256
1#
#19257
0#
1%
#19260
1#
b1100010110 4
#19261
0#
0%
#19264
1#
#19265
0#
1%
#19268
1#
#19269
0#
#19272
1#
#19273
0#
#19276
1#
#19277
0#
#19280
1#
b1100010111 4
#19281
0#
#19284
1#
#19285
0#
#19288
1#
#19289
0#
#19292
1#
#19293
0#
#19296
1#
1$
#19297
0#
0%
#19300
1#
b1100011000 4
#19301
0#
1%
#19304
1#
#19305
0#
0%
#19308
1#
#19309
0#
#19312
1#
#19313
0#
1%
#19316
1#
0$
#19317
0#
#19320
1#
b1100011001 4
#19321
0#
0%
#19324
1#
#19325
0#
1%
#19328
1#
#19329
0#
#19332
1#
#19333
0#
#19336
1#
#19337
0#
#19340
1#
b1100011010 4
#19341
0#
0%
#19344
1#
#19345
0#
#19348
1#
#19349
0#
#19351
b101001111 &
#19352
1#
#19353
0#
1%
#19356
1#
1$
#19357
0#
0%
#19360
1#
b1100011011 4
#19361
0#
#19364
1#
#19365
0#
1%
#19368
1#
#19369
0#
#19371
b101010000 &
#19372
1#
#19373
0#
0%
#19376
1#
0$
#19377
0#
1%
#19380
1#
b1100011100 4
#19381
0#
#19384
1#
#19385
0#
#19388
1#
#19389
0#
#19392
1#
#19393
0#
#19396
1#
#19397
0#
#19400
1#
b1100011101 4
#19401
0#
#19404
1#
#19405
0#
#19408
1#
#19409
0#
0%
#19411
b101010001 &
#19412
1#
#19413
0#
#19416
1#
1$
#19417
0#
#19420
1#
b1100011110 4
#19421
0#
#19424
1#
#19425
0#
1%
#19428
1#
#19429
0#
0%
#19432
1#
#19433
0#
#19436
1#
#19437
0#
1%
#19440
1#
b1100011111 4
#19441
0#
0%
#19444
1#
#19445
0#
1%
#19448
1#
#19449
0#
#19451
b101010010 &
#19452
1#
#19453
0#
#19456
1#
#19457
0#
#19460
1#
b1100100000 4
#19461
0#
#19464
1#
#19465
0#
0%
#19468
1#
#19469
0#
#19472
1#
#19473
0#
1%
#19476
1#
0$
#19477
0#
#19480
1#
b1100100001 4
#19481
0#
0%
#19484
1#
#19485
0#
#19488
1#
#19489
0#
1%
#19492
1#
#19493
0#
0%
#19496
1#
1$
#19497
0#
#19500
1#
b1100100010 4
#19501
0#
1%
#19504
1#
#19505
0#
0%
#19508
1#
#19509
0#
#19512
1#
#19513
0#
1%
#19516
1#
0$
#19517
0#
0%
#19520
1#
b1100100011 4
#19521
0#
#19524
1#
#19525
0#
1%
#19528
1#
#19529
0#
0%
#19531
b101010011 &
#19532
1#
#19533
0#
#19536
1#
#19537
0#
1%
#19540
1#
b1100100100 4
#19541
0#
#19544
1#
#19545
0#
#19548
1#
#19549
0#
0%
#19551
b101010100 &
#19552
1#
#19553
0#
1%
#19556
1#
1$
#19557
0#
#19560
1#
b1100100101 4
#19561
0#
0%
#19564
1#
#19565
0#
#19568
1#
#19569
0#
1%
#19571
b101010101 &
#19572
1#
#19573
0#
#19576
1#
#19577
0#
#19580
1#
b1100100110 4
#19581
0#
0%
#19584
1#
#19585
0#
1%
#19588
1#
#19589
0#
0%
#19592
1#
#19593
0#
1%
#19596
1#
0$
#19597
0#
0%
#19600
1#
b1100100111 4
#19601
0#
1%
#19604
1#
#19605
0#
#19608
1#
#19609
0#
#19612
1#
#19613
0#
0%
#19616
1#
#19617
0#
1%
#19620
1#
b1100101000 4
#19621
0#
#19624
1#
#19625
0#
0%
#19628
1#
#19629
0#
1%
#19632
1#
#19633
0#
#19636
1#
1$
#19637
0#
#19640
1#
b1100101001 4
#19641
0#
#19644
1#
#19645
0#
#19648
1#
#19649
0#
#19651
b101010110 &
#19652
1#
#19653
0#
0%
#19656
1#
#19657
0#
1%
#19660
1#
b1100101010 4
#19661
0#
#19664
1#
#19665
0#
0%
#19668
1#
#19669
0#
#19672
1#
#19673
0#
1%
#19676
1#
#19677
0#
0%
#19680
1#
b1100101011 4
#19681
0#
1%
#19684
1#
#19685
0#
0%
#19688
1#
#19689
0#
#19692
1#
#19693
0#
1%
#19696
1#
0$
#19697
0#
#19700
1#
b1100101100 4
#19701
0#
#19704
1#
#19705
0#
#19708
1#
#19709
0#
#19712
1#
#19713
0#
0%
#19716
1#
1$
#19717
0#
1%
#19720
1#
b1100101101 4
#19721
0#
#19724
1#
#19725
0#
#19728
1#
#19729
0#
0%
#19732
1#
#19733
0#
#19736
1#
0$
#19737
0#
#19740
1#
b1100101110 4
#19741
0#
#19744
1#
#19745
0#
#19748
1#
#19749
0#
1%
#19752
1#
#19753
0#
#19756
1#
#19757
0#
0%
#19760
1#
b1100101111 4
#19761
0#
1%
#19764
1#
#19765
0#
#19768
1#
#19769
0#
#19772
1#
#19773
0#
#19776
1#
1$
#19777
0#
#19780
1#
b1100110000 4
#19781
0#
0%
#19784
1#
#19785
0#
#19788
1#
#19789
0#
#19792
1#
#19793
0#
1%
#19796
1#
#19797
0#
#19800
1#
b1100110001 4
#19801
0#
0%
#19804
1#
#19805
0#
#19808
1#
#19809
0#
1%
#19811
b101010111 &
#19812
1#
#19813
0#
0%
#19816
1#
#19817
0#
1%
#19820
1#
b1100110010 4
#19821
0#
0%
#19824
1#
#19825
0#
#19828
1#
#19829
0#
#19832
1#
#19833
0#
#19836
1#
#19837
0#
1%
#19840
1#
b1100110011 4
#19841
0#
#19844
1#
#19845
0#
0%
#19848
1#
#19849
0#
1%
#19851
b101011000 &
#19852
1#
#19853
0#
#19856
1#
0$
#19857
0#
#19860
1#
b1100110100 4
#19861
0#
0%
#19864
1#
#19865
0#
#19868
1#
#19869
0#
#19871
b101011001 &
#19872
1#
#19873
0#
1%
#19876
1#
#19877
0#
#19880
1#
b1100110101 4
#19881
0#
0%
#19884
1#
#19885
0#
1%
#19888
1#
#19889
0#
0%
#19891
b101011010 &
#19892
1#
#19893
0#
1%
#19896
1#
#19897
0#
#19900
1#
b1100110110 4
#19901
0#
#19904
1#
#19905
0#
#19908
1#
#19909
0#
0%
#19911
b101011011 &
#19912
1#
#19913
0#
1%
#19916
1#
1$
#19917
0#
0%
#19920
1#
b1100110111 4
#19921
0#
#19924
1#
#19925
0#
#19928
1#
#19929
0#
#19932
1#
#19933
0#
#19936
1#
0$
#19937
0#
#19940
1#
b1100111000 4
#19941
0#
#19944
1#
#19945
0#
1%
#19948
1#
#19949
0#
#19952
1#
#19953
0#
0%
#19956
1#
1$
#19957
0#
#19960
1#
b1100111001 4
#19961
0#
#19964
1#
#19965
0#
#19968
1#
#19969
0#
#19972
1#
#19973
0#
#19976
1#
#19977
0#
1%
#19980
1#
b1100111010 4
#19981
0#
#19984
1#
#19985
0#
#19988
1#
#19989
0#
#19991
b101011100 &
#19992
1#
#19993
0#
#19996
1#
0$
#19997
0#
#20000
1#
b1100111011 4
#20001
0#
#20004
1#
#20005
0#
#20008
1#
#20009
0#
#20012
1#
#20013
0#
#20016
1#
#20017
0#
0%
#20020
1#
b1100111100 4
#20021
0#
#20024
1#
#20025
0#
#20028
1#
#20029
0#
1%
#20032
1#
#20033
0#
#20036
1#
#20037
0#
0%
#20040
1#
b1100111101 4
#20041
0#
#20044
1#
#20045
0#
#20048
1#
#20049
0#
#20051
b101011101 &
#20052
1#
#20053
0#
1%
#20056
1#
1$
#20057
0#
#20060
1#
b1100111110 4
#20061
0#
#20064
1#
#20065
0#
0%
#20068
1#
#20069
0#
#20072
1#
#20073
0#
1%
#20076
1#
#20077
0#
0%
#20080
1#
b1100111111 4
#20081
0#
1%
#20084
1#
#20085
0#
#20088
1#
#20089
0#
#20091
b101011110 &
#20092
1#
#20093
0#
0%
#20096
1#
#20097
0#
#20100
1#
b1101000000 4
#20101
0#
1%
#20104
1#
#20105
0#
#20108
1#
#20109
0#
0%
#20112
1#
#20113
0#
1%
#20116
1#
0$
#20117
0#
#20120
1#
b1101000001 4
#20121
0#
#20124
1#
#20125
0#
#20128
1#
#20129
0#
#20132
1#
#20133
0#
0%
#20136
1#
1$
#20137
0#
1%
#20140
1#
b1101000010 4
#20141
0#
0%
#20144
1#
#20145
0#
1%
#20148
1#
#20149
0#
0%
#20152
1#
#20153
0#
#20156
1#
#20157
0#
1%
#20160
1#
b1101000011 4
#20161
0#
0%
#20164
1#
#20165
0#
1%
#20168
1#
#20169
0#
0%
#20172
1#
#20173
0#
1%
#20176
1#
0$
#20177
0#
#20180
1#
b1101000100 4
#20181
0#
0%
#20184
1#
#20185
0#
1%
#20188
1#
#20189
0#
0%
#20191
b101011111 &
#20192
1#
#20193
0#
1%
#20196
1#
1$
#20197
0#
#20200
1#
b1101000101 4
#20201
0#
#20204
1#
#20205
0#
0%
#20208
1#
#20209
0#
1%
#20211
b101100000 &
#20212
1#
#20213
0#
0%
#20216
1#
0$
#20217
0#
1%
#20220
1#
b1101000110 4
#20221
0#
#20224
1#
#20225
0#
#20228
1#
#20229
0#
0%
#20231
b101100001 &
#20232
1#
#20233
0#
1%
#20236
1#
1$
#20237
0#
#20240
1#
b1101000111 4
#20241
0#
0%
#20244
1#
#20245
0#
#20248
1#
#20249
0#
#20252
1#
#20253
0#
#20256
1#
#20257
0#
1%
#20260
1#
b1101001000 4
#20261
0#
0%
#20264
1#
#20265
0#
#20268
1#
#20269
0#
#20272
1#
#20273
0#
1%
#20276
1#
#20277
0#
#20280
1#
b1101001001 4
#20281
0#
0%
#20284
1#
#20285
0#
#20288
1#
#20289
0#
#20292
1#
#20293
0#
#20296
1#
0$
#20297
0#
1%
#20300
1#
b1101001010 4
#20301
0#
#20304
1#
#20305
0#
0%
#20308
1#
#20309
0#
#20311
b101100010 &
#20312
1#
#20313
0#
#20316
1#
1$
#20317
0#
1%
#20320
1#
b1101001011 4
#20321
0#
0%
#20324
1#
#20325
0#
1%
#20328
1#
#20329
0#
0%
#20332
1#
#20333
0#
#20336
1#
#20337
0#
1%
#20340
1#
b1101001100 4
#20341
0#
#20344
1#
#20345
0#
0%
#20348
1#
#20349
0#
#20352
1#
#20353
0#
#20356
1#
#20357
0#
#20360
1#
b1101001101 4
#20361
0#
#20364
1#
#20365
0#
1%
#20368
1#
#20369
0#
#20371
b101100011 &
#20372
1#
#20373
0#
#20376
1#
#20377
0#
0%
#20380
1#
b1101001110 4
#20381
0#
#20384
1#
#20385
0#
1%
#20388
1#
#20389
0#
0%
#20392
1#
#20393
0#
#20396
1#
#20397
0#
1%
#20400
1#
b1101001111 4
#20401
0#
0%
#20404
1#
#20405
0#
#20408
1#
#20409
0#
1%
#20411
b101100100 &
#20412
1#
#20413
0#
0%
#20416
1#
#20417
0#
1%
#20420
1#
b1101010000 4
#20421
0#
#20424
1#
#20425
0#
0%
#20428
1#
#20429
0#
1%
#20431
b101100101 &
#20432
1#
#20433
0#
#20436
1#
#20437
0#
#20440
1#
b1101010001 4
#20441
0#
0%
#20444
1#
#20445
0#
1%
#20448
1#
#20449
0#
0%
#20452
1#
#20453
0#
1%
#20456
1#
0$
#20457
0#
#20460
1#
b1101010010 4
#20461
0#
#20464
1#
#20465
0#
#20468
1#
#20469
0#
#20472
1#
#20473
0#
#20476
1#
1$
#20477
0#
#20480
1#
b1101010011 4
#20481
0#
0%
#20484
1#
#20485
0#
#20488
1#
#20489
0#
#20492
1#
#20493
0#
1%
#20496
1#
0$
#20497
0#
0%
#20500
1#
b1101010100 4
#20501
0#
#20504
1#
#20505
0#
#20508
1#
#20509
0#
1%
#20512
1#
#20513
0#
#20516
1#
#20517
0#
#20520
1#
b1101010101 4
#20521
0#
#20524
1#
#20525
0#
#20528
1#
#20529
0#
#20532
1#
#20533
0#
0%
#20536
1#
#20537
0#
#20540
1#
b1101010110 4
#20541
0#
#20544
1#
#20545
0#
#20548
1#
#20549
0#
1%
#20552
1#
#20553
0#
#20556
1#
#20557
0#
0%
#20560
1#
b1101010111 4
#20561
0#
1%
#20564
1#
#20565
0#
0%
#20568
1#
#20569
0#
1%
#20572
1#
#20573
0#
#20576
1#
#20577
0#
0%
#20580
1#
b1101011000 4
#20581
0#
#20584
1#
#20585
0#
1%
#20588
1#
#20589
0#
#20592
1#
#20593
0#
#20596
1#
1$
#20597
0#
#20600
1#
b1101011001 4
#20601
0#
0%
#20604
1#
#20605
0#
#20608
1#
#20609
0#
#20612
1#
#20613
0#
#20616
1#
#20617
0#
#20620
1#
b1101011010 4
#20621
0#
#20624
1#
#20625
0#
#20628
1#
#20629
0#
#20632
1#
#20633
0#
#20636
1#
0$
#20637
0#
#20640
1#
b1101011011 4
#20641
0#
#20644
1#
#20645
0#
1%
#20648
1#
#20649
0#
0%
#20651
b101100110 &
#20652
1#
#20653
0#
1%
#20656
1#
#20657
0#
#20660
1#
b1101011100 4
#20661
0#
#20664
1#
#20665
0#
#20668
1#
#20669
0#
0%
#20671
b101100111 &
#20672
1#
#20673
0#
1%
#20676
1#
1$
#20677
0#
0%
#20680
1#
b1101011101 4
#20681
0#
1%
#20684
1#
#20685
0#
#20688
1#
#20689
0#
0%
#20692
1#
#20693
0#
1%
#20696
1#
0$
#20697
0#
0%
#20700
1#
b1101011110 4
#20701
0#
#20704
1#
#20705
0#
1%
#20708
1#
#20709
0#
0%
#20711
b101101000 &
#20712
1#
#20713
0#
#20716
1#
1$
#20717
0#
#20720
1#
b1101011111 4
#20721
0#
#20724
1#
#20725
0#
1%
#20728
1#
#20729
0#
0%
#20732
1#
#20733
0#
#20736
1#
#20737
0#
1%
#20740
1#
b1101100000 4
#20741
0#
#20744
1#
#20745
0#
#20748
1#
#20749
0#
0%
#20752
1#
#20753
0#
1%
#20756
1#
0$
#20757
0#
#20760
1#
b1101100001 4
#20761
0#
0%
#20764
1#
#20765
0#
#20768
1#
#20769
0#
1%
#20772
1#
#20773
0#
0%
#20776
1#
1$
#20777
0#
1%
#20780
1#
b1101100010 4
#20781
0#
0%
#20784
1#
#20785
0#
#20788
1#
#20789
0#
1%
#20791
b101101001 &
#20792
1#
#20793
0#
0%
#20796
1#
0$
#20797
0#
1%
#20800
1#
b1101100011 4
#20801
0#
#20804
1#
#20805
0#
#20808
1#
#20809
0#
0%
#20811
b101101010 &
#20812
1#
#20813
0#
1%
#20816
1#
1$
#20817
0#
#20820
1#
b1101100100 4
#20821
0#
0%
#20824
1#
#20825
0#
1%
#20828
1#
#20829
0#
0%
#20832
1#
#20833
0#
#20836
1#
#20837
0#
1%
#20840
1#
b1101100101 4
#20841
0#
0%
#20844
1#
#20845
0#
#20848
1#
#20849
0#
1%
#20851
b101101011 &
#20852
1#
#20853
0#
#20856
1#
#20857
0#
0%
#20860
1#
b1101100110 4
#20861
0#
1%
#20864
1#
#20865
0#
#20868
1#
#20869
0#
#20871
b101101100 &
#20872
1#
#20873
0#
#20876
1#
#20877
0#
0%
#20880
1#
b1101100111 4
#20881
0#
1%
#20884
1#
#20885
0#
0%
#20888
1#
#20889
0#
1%
#20891
b101101101 &
#20892
1#
#20893
0#
0%
#20896
1#
0$
#20897
0#
1%
#20900
1#
b1101101000 4
#20901
0#
0%
#20904
1#
#20905
0#
1%
#20908
1#
#20909
0#
#20912
1#
#20913
0#
#20916
1#
#20917
0#
#20920
1#
b1101101001 4
#20921
0#
0%
#20924
1#
#20925
0#
1%
#20928
1#
#20929
0#
0%
#20931
b101101110 &
#20932
1#
#20933
0#
1%
#20936
1#
1$
#20937
0#
#20940
1#
b1101101010 4
#20941
0#
0%
#20944
1#
#20945
0#
#20948
1#
#20949
0#
1%
#20951
b101101111 &
#20952
1#
#20953
0#
0%
#20956
1#
0$
#20957
0#
1%
#20960
1#
b1101101011 4
#20961
0#
0%
#20964
1#
#20965
0#
#20968
1#
#20969
0#
#20971
b101110000 &
#20972
1#
#20973
0#
#20976
1#
1$
#20977
0#
1%
#20980
1#
b1101101100 4
#20981
0#
0%
#20984
1#
#20985
0#
1%
#20988
1#
#20989
0#
#20991
b101110001 &
#20992
1#
#20993
0#
#20996
1#
0$
#20997
0#
#21000
1#
b1101101101 4
#21001
0#
#21004
1#
#21005
0#
0%
#21008
1#
#21009
0#
#21011
b101110010 &
#21012
1#
#21013
0#
#21016
1#
1$
#21017
0#
#21020
1#
b1101101110 4
#21021
0#
1%
#21024
1#
#21025
0#
#21028
1#
#21029
0#
0%
#21032
1#
#21033
0#
#21036
1#
#21037
0#
1%
#21040
1#
b1101101111 4
#21041
0#
0%
#21044
1#
#21045
0#
#21048
1#
#21049
0#
#21052
1#
#21053
0#
#21056
1#
#21057
0#
#21060
1#
b1101110000 4
#21061
0#
#21064
1#
#21065
0#
#21068
1#
#21069
0#
#21072
1#
#21073
0#
1%
#21076
1#
#21077
0#
0%
#21080
1#
b1101110001 4
#21081
0#
#21084
1#
#21085
0#
1%
#21088
1#
#21089
0#
0%
#21092
1#
#21093
0#
#21096
1#
0$
#21097
0#
1%
#21100
1#
b1101110010 4
#21101
0#
0%
#21104
1#
#21105
0#
1%
#21108
1#
#21109
0#
0%
#21111
b101110011 &
#21112
1#
#21113
0#
#21116
1#
#21117
0#
#21120
1#
b1101110011 4
#21121
0#
1%
#21124
1#
#21125
0#
#21128
1#
#21129
0#
#21132
1#
#21133
0#
0%
#21136
1#
#21137
0#
1%
#21140
1#
b1101110100 4
#21141
0#
#21144
1#
#21145
0#
#21148
1#
#21149
0#
0%
#21151
b101110100 &
#21152
1#
#21153
0#
1%
#21156
1#
1$
#21157
0#
#21160
1#
b1101110101 4
#21161
0#
#21164
1#
#21165
0#
#21168
1#
#21169
0#
#21171
b101110101 &
#21172
1#
#21173
0#
0%
#21176
1#
#21177
0#
#21180
1#
b1101110110 4
#21181
0#
1%
#21184
1#
#21185
0#
#21188
1#
#21189
0#
0%
#21192
1#
#21193
0#
#21196
1#
0$
#21197
0#
#21200
1#
b1101110111 4
#21201
0#
1%
#21204
1#
#21205
0#
#21208
1#
#21209
0#
#21212
1#
#21213
0#
#21216
1#
1$
#21217
0#
0%
#21220
1#
b1101111000 4
#21221
0#
1%
#21224
1#
#21225
0#
0%
#21228
1#
#21229
0#
1%
#21231
b101110110 &
#21232
1#
#21233
0#
#21236
1#
#21237
0#
0%
#21240
1#
b1101111001 4
#21241
0#
1%
#21244
1#
#21245
0#
#21248
1#
#21249
0#
#21251
b101110111 &
#21252
1#
#21253
0#
#21256
1#
#21257
0#
0%
#21260
1#
b1101111010 4
#21261
0#
#21264
1#
#21265
0#
1%
#21268
1#
#21269
0#
#21271
b101111000 &
#21272
1#
#21273
0#
#21276
1#
#21277
0#
#21280
1#
b1101111011 4
#21281
0#
#21284
1#
#21285
0#
0%
#21288
1#
#21289
0#
#21292
1#
#21293
0#
1%
#21296
1#
0$
#21297
0#
0%
#21300
1#
b1101111100 4
#21301
0#
#21304
1#
#21305
0#
1%
#21308
1#
#21309
0#
#21312
1#
#21313
0#
#21316
1#
#21317
0#
0%
#21320
1#
b1101111101 4
#21321
0#
1%
#21324
1#
#21325
0#
#21328
1#
#21329
0#
#21332
1#
#21333
0#
0%
#21336
1#
#21337
0#
#21340
1#
b1101111110 4
#21341
0#
#21344
1#
#21345
0#
1%
#21348
1#
#21349
0#
#21352
1#
#21353
0#
#21356
1#
1$
#21357
0#
0%
#21360
1#
b1101111111 4
#21361
0#
#21364
1#
#21365
0#
#21368
1#
#21369
0#
#21372
1#
#21373
0#
#21376
1#
0$
#21377
0#
#21380
1#
b1110000000 4
#21381
0#
#21384
1#
#21385
0#
1%
#21388
1#
#21389
0#
0%
#21391
b101111001 &
#21392
1#
#21393
0#
1%
#21396
1#
#21397
0#
0%
#21400
1#
b1110000001 4
#21401
0#
1%
#21404
1#
#21405
0#
0%
#21408
1#
#21409
0#
1%
#21412
1#
#21413
0#
#21416
1#
#21417
0#
#21420
1#
b1110000010 4
#21421
0#
0%
#21424
1#
#21425
0#
#21428
1#
#21429
0#
#21431
b101111010 &
#21432
1#
#21433
0#
1%
#21436
1#
#21437
0#
0%
#21440
1#
b1110000011 4
#21441
0#
1%
#21444
1#
#21445
0#
0%
#21448
1#
#21449
0#
1%
#21452
1#
#21453
0#
0%
#21456
1#
#21457
0#
1%
#21460
1#
b1110000100 4
#21461
0#
#21464
1#
#21465
0#
0%
#21468
1#
#21469
0#
1%
#21472
1#
#21473
0#
#21476
1#
#21477
0#
0%
#21480
1#
b1110000101 4
#21481
0#
1%
#21484
1#
#21485
0#
#21488
1#
#21489
0#
0%
#21491
b101111011 &
#21492
1#
#21493
0#
#21496
1#
1$
#21497
0#
1%
#21500
1#
b1110000110 4
#21501
0#
#21504
1#
#21505
0#
#21508
1#
#21509
0#
0%
#21512
1#
#21513
0#
#21516
1#
#21517
0#
1%
#21520
1#
b1110000111 4
#21521
0#
#21524
1#
#21525
0#
#21528
1#
#21529
0#
0%
#21532
1#
#21533
0#
#21536
1#
#21537
0#
1%
#21540
1#
b1110001000 4
#21541
0#
#21544
1#
#21545
0#
0%
#21548
1#
#21549
0#
1%
#21551
b101111100 &
#21552
1#
#21553
0#
#21556
1#
0$
#21557
0#
0%
#21560
1#
b1110001001 4
#21561
0#
#21564
1#
#21565
0#
#21568
1#
#21569
0#
1%
#21572
1#
#21573
0#
#21576
1#
1$
#21577
0#
0%
#21580
1#
b1110001010 4
#21581
0#
1%
#21584
1#
#21585
0#
0%
#21588
1#
#21589
0#
1%
#21591
b101111101 &
#21592
1#
#21593
0#
0%
#21596
1#
#21597
0#
1%
#21600
1#
b1110001011 4
#21601
0#
#21604
1#
#21605
0#
0%
#21608
1#
#21609
0#
#21612
1#
#21613
0#
#21616
1#
0$
#21617
0#
1%
#21620
1#
b1110001100 4
#21621
0#
0%
#21624
1#
#21625
0#
#21628
1#
#21629
0#
1%
#21632
1#
#21633
0#
0%
#21636
1#
#21637
0#
1%
#21640
1#
b1110001101 4
#21641
0#
#21644
1#
#21645
0#
#21648
1#
#21649
0#
#21652
1#
#21653
0#
#21656
1#
#21657
0#
#21660
1#
b1110001110 4
#21661
0#
0%
#21664
1#
#21665
0#
#21668
1#
#21669
0#
1%
#21672
1#
#21673
0#
#21676
1#
#21677
0#
#21680
1#
b1110001111 4
#21681
0#
#21684
1#
#21685
0#
#21688
1#
#21689
0#
#21692
1#
#21693
0#
#21696
1#
#21697
0#
0%
#21700
1#
b1110010000 4
#21701
0#
1%
#21704
1#
#21705
0#
#21708
1#
#21709
0#
#21712
1#
#21713
0#
#21716
1#
#21717
0#
0%
#21720
1#
b1110010001 4
#21721
0#
#21724
1#
#21725
0#
1%
#21728
1#
#21729
0#
#21732
1#
#21733
0#
0%
#21736
1#
1$
#21737
0#
1%
#21740
1#
b1110010010 4
#21741
0#
0%
#21744
1#
#21745
0#
#21748
1#
#21749
0#
1%
#21751
b101111110 &
#21752
1#
#21753
0#
0%
#21756
1#
0$
#21757
0#
#21760
1#
b1110010011 4
#21761
0#
#21764
1#
#21765
0#
1%
#21768
1#
#21769
0#
#21772
1#
#21773
0#
#21776
1#
#21777
0#
#21780
1#
b1110010100 4
#21781
0#
#21784
1#
#21785
0#
0%
#21788
1#
#21789
0#
1%
#21792
1#
#21793
0#
0%
#21796
1#
#21797
0#
#21800
1#
b1110010101 4
#21801
0#
1%
#21804
1#
#21805
0#
#21808
1#
#21809
0#
#21812
1#
#21813
0#
0%
#21816
1#
#21817
0#
#21820
1#
b1110010110 4
#21821
0#
1%
#21824
1#
#21825
0#
#21828
1#
#21829
0#
#21832
1#
#21833
0#
0%
#21836
1#
#21837
0#
#21840
1#
b1110010111 4
#21841
0#
1%
#21844
1#
#21845
0#
#21848
1#
#21849
0#
#21852
1#
#21853
0#
#21856
1#
#21857
0#
#21860
1#
b1110011000 4
#21861
0#
#21864
1#
#21865
0#
#21868
1#
#21869
0#
#21872
1#
#21873
0#
#21876
1#
1$
#21877
0#
0%
#21880
1#
b1110011001 4
#21881
0#
#21884
1#
#21885
0#
#21888
1#
#21889
0#
1%
#21891
b101111111 &
#21892
1#
#21893
0#
0%
#21896
1#
0$
#21897
0#
1%
#21900
1#
b1110011010 4
#21901
0#
#21904
1#
#21905
0#
0%
#21908
1#
#21909
0#
1%
#21912
1#
#21913
0#
0%
#21916
1#
1$
#21917
0#
1%
#21920
1#
b1110011011 4
#21921
0#
#21924
1#
#21925
0#
0%
#21928
1#
#21929
0#
1%
#21931
b110000000 &
#21932
1#
#21933
0#
#21936
1#
0$
#21937
0#
0%
#21940
1#
b1110011100 4
#21941
0#
#21944
1#
#21945
0#
1%
#21948
1#
#21949
0#
#21952
1#
#21953
0#
0%
#21956
1#
1$
#21957
0#
#21960
1#
b1110011101 4
#21961
0#
#21964
1#
#21965
0#
1%
#21968
1#
#21969
0#
#21971
b110000001 &
#21972
1#
#21973
0#
#21976
1#
#21977
0#
#21980
1#
b1110011110 4
#21981
0#
#21984
1#
#21985
0#
0%
#21988
1#
#21989
0#
#21992
1#
#21993
0#
1%
#21996
1#
0$
#21997
0#
0%
#22000
1#
b1110011111 4
#22001
0#
1%
#22004
1#
#22005
0#
#22008
1#
#22009
0#
0%
#22011
b110000010 &
#22012
1#
#22013
0#
1%
#22016
1#
#22017
0#
#22020
1#
b1110100000 4
#22021
0#
#22024
1#
#22025
0#
#22028
1#
#22029
0#
#22032
1#
#22033
0#
#22036
1#
#22037
0#
#22040
1#
b1110100001 4
#22041
0#
0%
#22044
1#
#22045
0#
1%
#22048
1#
#22049
0#
0%
#22051
b110000011 &
#22052
1#
#22053
0#
1%
#22056
1#
#22057
0#
#22060
1#
b1110100010 4
#22061
0#
#22064
1#
#22065
0#
#22068
1#
#22069
0#
0%
#22071
b110000100 &
#22072
1#
#22073
0#
#22076
1#
#22077
0#
#22080
1#
b1110100011 4
#22081
0#
1%
#22084
1#
#22085
0#
0%
#22088
1#
#22089
0#
#22091
b110000101 &
#22092
1#
#22093
0#
#22096
1#
#22097
0#
#22100
1#
b1110100100 4
#22101
0#
#22104
1#
#22105
0#
1%
#22108
1#
#22109
0#
0%
#22111
b110000110 &
#22112
1#
#22113
0#
1%
#22116
1#
1$
#22117
0#
#22120
1#
b1110100101 4
#22121
0#
#22124
1#
#22125
0#
0%
#22128
1#
#22129
0#
#22132
1#
#22133
0#
#22136
1#
#22137
0#
1%
#22140
1#
b1110100110 4
#22141
0#
0%
#22144
1#
#22145
0#
#22148
1#
#22149
0#
1%
#22151
b110000111 &
#22152
1#
#22153
0#
0%
#22156
1#
#22157
0#
1%
#22160
1#
b1110100111 4
#22161
0#
#22164
1#
#22165
0#
#22168
1#
#22169
0#
0%
#22172
1#
#22173
0#
1%
#22176
1#
0$
#22177
0#
0%
#22180
1#
b1110101000 4
#22181
0#
#22184
1#
#22185
0#
#22188
1#
#22189
0#
#22191
b110001000 &
#22192
1#
#22193
0#
1%
#22196
1#
1$
#22197
0#
#22200
1#
b1110101001 4
#22201
0#
#22204
1#
#22205
0#
0%
#22208
1#
#22209
0#
#22212
1#
#22213
0#
#22216
1#
0$
#22217
0#
1%
#22220
1#
b1110101010 4
#22221
0#
#22224
1#
#22225
0#
#22228
1#
#22229
0#
0%
#22231
b110001001 &
#22232
1#
#22233
0#
1%
#22236
1#
1$
#22237
0#
0%
#22240
1#
b1110101011 4
#22241
0#
#22244
1#
#22245
0#
1%
#22248
1#
#22249
0#
#22251
b110001010 &
#22252
1#
#22253
0#
#22256
1#
#22257
0#
#22260
1#
b1110101100 4
#22261
0#
#22264
1#
#22265
0#
0%
#22268
1#
#22269
0#
#22272
1#
#22273
0#
#22276
1#
#22277
0#
#22280
1#
b1110101101 4
#22281
0#
1%
#22284
1#
#22285
0#
#22288
1#
#22289
0#
#22291
b110001011 &
#22292
1#
#22293
0#
0%
#22296
1#
#22297
0#
#22300
1#
b1110101110 4
#22301
0#
#22304
1#
#22305
0#
#22308
1#
#22309
0#
#22312
1#
#22313
0#
#22316
1#
#22317
0#
#22320
1#
b1110101111 4
#22321
0#
#22324
1#
#22325
0#
1%
#22328
1#
#22329
0#
#22331
b110001100 &
#22332
1#
#22333
0#
#22336
1#
#22337
0#
0%
#22340
1#
b1110110000 4
#22341
0#
1%
#22344
1#
#22345
0#
0%
#22348
1#
#22349
0#
#22352
1#
#22353
0#
#22356
1#
0$
#22357
0#
#22360
1#
b1110110001 4
#22361
0#
1%
#22364
1#
#22365
0#
0%
#22368
1#
#22369
0#
1%
#22372
1#
#22373
0#
0%
#22376
1#
1$
#22377
0#
#22380
1#
b1110110010 4
#22381
0#
#22384
1#
#22385
0#
#22388
1#
#22389
0#
1%
#22391
b110001101 &
#22392
1#
#22393
0#
0%
#22396
1#
#22397
0#
1%
#22400
1#
b1110110011 4
#22401
0#
#22404
1#
#22405
0#
0%
#22408
1#
#22409
0#
1%
#22411
b110001110 &
#22412
1#
#22413
0#
0%
#22416
1#
#22417
0#
#22420
1#
b1110110100 4
#22421
0#
1%
#22424
1#
#22425
0#
#22428
1#
#22429
0#
0%
#22432
1#
#22433
0#
1%
#22436
1#
#22437
0#
#22440
1#
b1110110101 4
#22441
0#
0%
#22444
1#
#22445
0#
#22448
1#
#22449
0#
1%
#22451
b110001111 &
#22452
1#
#22453
0#
0%
#22456
1#
0$
#22457
0#
#22460
1#
b1110110110 4
#22461
0#
1%
#22464
1#
#22465
0#
#22468
1#
#22469
0#
#22472
1#
#22473
0#
0%
#22476
1#
1$
#22477
0#
1%
#22480
1#
b1110110111 4
#22481
0#
#22484
1#
#22485
0#
0%
#22488
1#
#22489
0#
1%
#22491
b110010000 &
#22492
1#
#22493
0#
0%
#22496
1#
0$
#22497
0#
1%
#22500
1#
b1110111000 4
#22501
0#
#22504
1#
#22505
0#
0%
#22508
1#
#22509
0#
1%
#22512
1#
#22513
0#
#22516
1#
#22517
0#
#22520
1#
b1110111001 4
#22521
0#
#22524
1#
#22525
0#
0%
#22528
1#
#22529
0#
1%
#22532
1#
#22533
0#
0%
#22536
1#
1$
#22537
0#
#22540
1#
b1110111010 4
#22541
0#
#22544
1#
#22545
0#
1%
#22548
1#
#22549
0#
#22551
b110010001 &
#22552
1#
#22553
0#
#22556
1#
#22557
0#
#22560
1#
b1110111011 4
#22561
0#
#22564
1#
#22565
0#
0%
#22568
1#
#22569
0#
1%
#22571
b110010010 &
#22572
1#
#22573
0#
0%
#22576
1#
0$
#22577
0#
#22580
1#
b1110111100 4
#22581
0#
#22584
1#
#22585
0#
#22588
1#
#22589
0#
1%
#22592
1#
#22593
0#
0%
#22596
1#
1$
#22597
0#
1%
#22600
1#
b1110111101 4
#22601
0#
#22604
1#
#22605
0#
#22608
1#
#22609
0#
#22611
b110010011 &
#22612
1#
#22613
0#
0%
#22616
1#
0$
#22617
0#
#22620
1#
b1110111110 4
#22621
0#
1%
#22624
1#
#22625
0#
#22628
1#
#22629
0#
#22632
1#
#22633
0#
#22636
1#
1$
#22637
0#
#22640
1#
b1110111111 4
#22641
0#
#22644
1#
#22645
0#
#22648
1#
#22649
0#
#22651
b110010100 &
#22652
1#
#22653
0#
#22656
1#
#22657
0#
#22660
1#
b1111000000 4
#22661
0#
0%
#22664
1#
#22665
0#
#22668
1#
#22669
0#
#22672
1#
#22673
0#
#22676
1#
0$
#22677
0#
1%
#22680
1#
b1111000001 4
#22681
0#
#22684
1#
#22685
0#
#22688
1#
#22689
0#
0%
#22691
b110010101 &
#22692
1#
#22693
0#
#22696
1#
1$
#22697
0#
1%
#22700
1#
b1111000010 4
#22701
0#
#22704
1#
#22705
0#
#22708
1#
#22709
0#
0%
#22712
1#
#22713
0#
1%
#22716
1#
0$
#22717
0#
0%
#22720
1#
b1111000011 4
#22721
0#
1%
#22724
1#
#22725
0#
0%
#22728
1#
#22729
0#
1%
#22732
1#
#22733
0#
#22736
1#
#22737
0#
#22740
1#
b1111000100 4
#22741
0#
#22744
1#
#22745
0#
#22748
1#
#22749
0#
#22752
1#
#22753
0#
0%
#22756
1#
1$
#22757
0#
#22760
1#
b1111000101 4
#22761
0#
#22764
1#
#22765
0#
#22768
1#
#22769
0#
#22772
1#
#22773
0#
1%
#22776
1#
#22777
0#
0%
#22780
1#
b1111000110 4
#22781
0#
#22784
1#
#22785
0#
1%
#22788
1#
#22789
0#
0%
#22792
1#
#22793
0#
#22796
1#
#22797
0#
#22800
1#
b1111000111 4
#22801
0#
1%
#22804
1#
#22805
0#
#22808
1#
#22809
0#
#22811
b110010110 &
#22812
1#
#22813
0#
#22816
1#
#22817
0#
0%
#22820
1#
b1111001000 4
#22821
0#
#22824
1#
#22825
0#
1%
#22828
1#
#22829
0#
#22831
b110010111 &
#22832
1#
#22833
0#
#22836
1#
#22837
0#
#22840
1#
b1111001001 4
#22841
0#
0%
#22844
1#
#22845
0#
1%
#22848
1#
#22849
0#
#22851
b110011000 &
#22852
1#
#22853
0#
#22856
1#
0$
#22857
0#
#22860
1#
b1111001010 4
#22861
0#
#22864
1#
#22865
0#
0%
#22868
1#
#22869
0#
1%
#22872
1#
#22873
0#
#22876
1#
1$
#22877
0#
0%
#22880
1#
b1111001011 4
#22881
0#
1%
#22884
1#
#22885
0#
#22888
1#
#22889
0#
0%
#22892
1#
#22893
0#
#22896
1#
0$
#22897
0#
#22900
1#
b1111001100 4
#22901
0#
1%
#22904
1#
#22905
0#
#22908
1#
#22909
0#
#22912
1#
#22913
0#
#22916
1#
1$
#22917
0#
#22920
1#
b1111001101 4
#22921
0#
#22924
1#
#22925
0#
0%
#22928
1#
#22929
0#
#22932
1#
#22933
0#
#22936
1#
0$
#22937
0#
#22940
1#
b1111001110 4
#22941
0#
1%
#22944
1#
#22945
0#
0%
#22948
1#
#22949
0#
#22951
b110011001 &
#22952
1#
#22953
0#
1%
#22956
1#
#22957
0#
#22960
1#
b1111001111 4
#22961
0#
#22964
1#
#22965
0#
#22968
1#
#22969
0#
#22972
1#
#22973
0#
#22976
1#
1$
#22977
0#
#22980
1#
b1111010000 4
#22981
0#
0%
#22984
1#
#22985
0#
#22988
1#
#22989
0#
1%
#22991
b110011010 &
#22992
1#
#22993
0#
0%
#22996
1#
#22997
0#
#23000
1#
b1111010001 4
#23001
0#
#23004
1#
#23005
0#
#23008
1#
#23009
0#
#23012
1#
#23013
0#
#23016
1#
#23017
0#
#23020
1#
b1111010010 4
#23021
0#
#23024
1#
#23025
0#
1%
#23028
1#
#23029
0#
#23031
b110011011 &
#23032
1#
#23033
0#
#23036
1#
0$
#23037
0#
0%
#23040
1#
b1111010011 4
#23041
0#
1%
#23044
1#
#23045
0#
#23048
1#
#23049
0#
0%
#23051
b110011100 &
#23052
1#
#23053
0#
#23056
1#
#23057
0#
1%
#23060
1#
b1111010100 4
#23061
0#
0%
#23064
1#
#23065
0#
#23068
1#
#23069
0#
1%
#23072
1#
#23073
0#
#23076
1#
1$
#23077
0#
0%
#23080
1#
b1111010101 4
#23081
0#
#23084
1#
#23085
0#
#23088
1#
#23089
0#
#23092
1#
#23093
0#
#23096
1#
0$
#23097
0#
#23100
1#
b1111010110 4
#23101
0#
1%
#23104
1#
#23105
0#
#23108
1#
#23109
0#
#23112
1#
#23113
0#
#23116
1#
1$
#23117
0#
0%
#23120
1#
b1111010111 4
#23121
0#
#23124
1#
#23125
0#
1%
#23128
1#
#23129
0#
#23131
b110011101 &
#23132
1#
#23133
0#
0%
#23136
1#
#23137
0#
1%
#23140
1#
b1111011000 4
#23141
0#
#23144
1#
#23145
0#
0%
#23148
1#
#23149
0#
1%
#23151
b110011110 &
#23152
1#
#23153
0#
#23156
1#
#23157
0#
#23160
1#
b1111011001 4
#23161
0#
0%
#23164
1#
#23165
0#
#23168
1#
#23169
0#
#23172
1#
#23173
0#
#23176
1#
0$
#23177
0#
#23180
1#
b1111011010 4
#23181
0#
1%
#23184
1#
#23185
0#
#23188
1#
#23189
0#
#23192
1#
#23193
0#
#23196
1#
#23197
0#
#23200
1#
b1111011011 4
#23201
0#
#23204
1#
#23205
0#
#23208
1#
#23209
0#
#23212
1#
#23213
0#
0%
#23216
1#
1$
#23217
0#
1%
#23220
1#
b1111011100 4
#23221
0#
0%
#23224
1#
#23225
0#
#23228
1#
#23229
0#
1%
#23231
b110011111 &
#23232
1#
#23233
0#
#23236
1#
0$
#23237
0#
0%
#23240
1#
b1111011101 4
#23241
0#
#23244
1#
#23245
0#
1%
#23248
1#
#23249
0#
#23252
1#
#23253
0#
#23256
1#
#23257
0#
0%
#23260
1#
b1111011110 4
#23261
0#
#23264
1#
#23265
0#
1%
#23268
1#
#23269
0#
#23272
1#
#23273
0#
#23276
1#
#23277
0#
#23280
1#
b1111011111 4
#23281
0#
0%
#23284
1#
#23285
0#
#23288
1#
#23289
0#
1%
#23292
1#
#23293
0#
#23296
1#
1$
#23297
0#
0%
#23300
1#
b1111100000 4
#23301
0#
1%
#23304
1#
#23305
0#
#23308
1#
#23309
0#
0%
#23312
1#
#23313
0#
#23316
1#
#23317
0#
#23320
1#
b1111100001 4
#23321
0#
1%
#23324
1#
#23325
0#
0%
#23328
1#
#23329
0#
#23332
1#
#23333
0#
1%
#23336
1#
0$
#23337
0#
0%
#23340
1#
b1111100010 4
#23341
0#
1%
#23344
1#
#23345
0#
#23348
1#
#23349
0#
#23352
1#
#23353
0#
#23356
1#
1$
#23357
0#
0%
#23360
1#
b1111100011 4
#23361
0#
#23364
1#
#23365
0#
1%
#23368
1#
#23369
0#
#23371
b110100000 &
#23372
1#
#23373
0#
0%
#23376
1#
0$
#23377
0#
#23380
1#
b1111100100 4
#23381
0#
#23384
1#
#23385
0#
#23388
1#
#23389
0#
1%
#23392
1#
#23393
0#
#23396
1#
#23397
0#
#23400
1#
b1111100101 4
#23401
0#
#23404
1#
#23405
0#
0%
#23408
1#
#23409
0#
1%
#23412
1#
#23413
0#
#23416
1#
#23417
0#
0%
#23420
1#
b1111100110 4
#23421
0#
1%
#23424
1#
#23425
0#
0%
#23428
1#
#23429
0#
#23431
b110100001 &
#23432
1#
#23433
0#
#23436
1#
1$
#23437
0#
1%
#23440
1#
b1111100111 4
#23441
0#
#23444
1#
#23445
0#
0%
#23448
1#
#23449
0#
1%
#23451
b110100010 &
#23452
1#
#23453
0#
#23456
1#
#23457
0#
#23460
1#
b1111101000 4
#23461
0#
0%
#23464
1#
#23465
0#
1%
#23468
1#
#23469
0#
0%
#23472
1#
#23473
0#
#23476
1#
0$
#23477
0#
#23480
1#
b1111101001 4
#23481
0#
#23484
1#
#23485
0#
1%
#23488
1#
#23489
0#
#23492
1#
#23493
0#
0%
#23496
1#
#23497
0#
#23500
1#
b1111101010 4
#23501
0#
1%
#23504
1#
#23505
0#
#23508
1#
#23509
0#
#23512
1#
#23513
0#
0%
#23516
1#
#23517
0#
1%
#23520
1#
b1111101011 4
#23521
0#
#23524
1#
#23525
0#
#23528
1#
#23529
0#
0%
#23531
b110100011 &
#23532
1#
#23533
0#
#23536
1#
1$
#23537
0#
1%
#23540
1#
b1111101100 4
#23541
0#
#23544
1#
#23545
0#
0%
#23548
1#
#23549
0#
1%
#23551
b110100100 &
#23552
1#
#23553
0#
#23556
1#
0$
#23557
0#
0%
#23560
1#
b1111101101 4
#23561
0#
#23564
1#
#23565
0#
1%
#23568
1#
#23569
0#
0%
#23571
b110100101 &
#23572
1#
#23573
0#
1%
#23576
1#
1$
#23577
0#
#23580
1#
b1111101110 4
#23581
0#
0%
#23584
1#
#23585
0#
#23588
1#
#23589
0#
#23592
1#
#23593
0#
#23596
1#
0$
#23597
0#
1%
#23600
1#
b1111101111 4
#23601
0#
#23604
1#
#23605
0#
#23608
1#
#23609
0#
#23612
1#
#23613
0#
0%
#23616
1#
#23617
0#
1%
#23620
1#
b1111110000 4
#23621
0#
#23624
1#
#23625
0#
#23628
1#
#23629
0#
#23632
1#
#23633
0#
0%
#23636
1#
1$
#23637
0#
1%
#23640
1#
b1111110001 4
#23641
0#
#23644
1#
#23645
0#
0%
#23648
1#
#23649
0#
#23652
1#
#23653
0#
#23656
1#
0$
#23657
0#
1%
#23660
1#
b1111110010 4
#23661
0#
0%
#23664
1#
#23665
0#
1%
#23668
1#
#23669
0#
0%
#23671
b110100110 &
#23672
1#
#23673
0#
1%
#23676
1#
#23677
0#
0%
#23680
1#
b1111110011 4
#23681
0#
1%
#23684
1#
#23685
0#
#23688
1#
#23689
0#
0%
#23691
b110100111 &
#23692
1#
#23693
0#
#23696
1#
#23697
0#
#23700
1#
b1111110100 4
#23701
0#
1%
#23704
1#
#23705
0#
#23708
1#
#23709
0#
0%
#23711
b110101000 &
#23712
1#
#23713
0#
#23716
1#
#23717
0#
1%
#23720
1#
b1111110101 4
#23721
0#
#23724
1#
#23725
0#
#23728
1#
#23729
0#
#23732
1#
#23733
0#
#23736
1#
1$
#23737
0#
0%
#23740
1#
b1111110110 4
#23741
0#
1%
#23744
1#
#23745
0#
0%
#23748
1#
#23749
0#
#23752
1#
#23753
0#
#23756
1#
0$
#23757
0#
#23760
1#
b1111110111 4
#23761
0#
#23764
1#
#23765
0#
1%
#23768
1#
#23769
0#
#23772
1#
#23773
0#
0%
#23776
1#
#23777
0#
#23780
1#
b1111111000 4
#23781
0#
1%
#23784
1#
#23785
0#
#23788
1#
#23789
0#
#23792
1#
#23793
0#
#23796
1#
1$
#23797
0#
#23800
1#
b1111111001 4
#23801
0#
0%
#23804
1#
#23805
0#
#23808
1#
#23809
0#
#23812
1#
#23813
0#
1%
#23816
1#
0$
#23817
0#
0%
#23820
1#
b1111111010 4
#23821
0#
#23824
1#
#23825
0#
1%
#23828
1#
#23829
0#
#23832
1#
#23833
0#
#23836
1#
#23837
0#
0%
#23840
1#
b1111111011 4
#23841
0#
#23844
1#
#23845
0#
1%
#23848
1#
#23849
0#
0%
#23851
b110101001 &
#23852
1#
#23853
0#
1%
#23856
1#
1$
#23857
0#
0%
#23860
1#
b1111111100 4
#23861
0#
1%
#23864
1#
#23865
0#
#23868
1#
#23869
0#
0%
#23872
1#
#23873
0#
#23876
1#
#23877
0#
1%
#23880
1#
b1111111101 4
#23881
0#
#23884
1#
#23885
0#
0%
#23888
1#
#23889
0#
1%
#23891
b110101010 &
#23892
1#
#23893
0#
#23896
1#
0$
#23897
0#
#23900
1#
b1111111110 4
#23901
0#
0%
#23904
1#
#23905
0#
1%
#23908
1#
#23909
0#
0%
#23911
b110101011 &
#23912
1#
#23913
0#
#23916
1#
#23917
0#
1%
#23920
1#
b1111111111 4
#23921
0#
0%
#23924
1#
#23925
0#
#23928
1#
#23929
0#
1%
#23932
1#
#23933
0#
#23936
1#
#23937
0#
#23940
1#
b10000000000 4
#23941
0#
#23944
1#
#23945
0#
#23948
1#
#23949
0#
#23952
1#
#23953
0#
#23956
1#
#23957
0#
#23960
1#
b10000000001 4
#23961
0#
#23964
1#
#23965
0#
0%
#23968
1#
#23969
0#
1%
#23972
1#
#23973
0#
#23976
1#
1$
#23977
0#
#23980
1#
b10000000010 4
#23981
0#
#23984
1#
#23985
0#
#23988
1#
#23989
0#
0%
#23992
1#
#23993
0#
1%
#23996
1#
#23997
0#
0%
#24000
1#
b10000000011 4
#24001
0#
1%
#24004
1#
#24005
0#
#24008
1#
#24009
0#
#24011
b110101100 &
#24012
1#
#24013
0#
#24016
1#
0$
#24017
0#
#24020
1#
b10000000100 4
#24021
0#
0%
#24024
1#
#24025
0#
1%
#24028
1#
#24029
0#
#24032
1#
#24033
0#
0%
#24036
1#
#24037
0#
1%
#24040
1#
b10000000101 4
#24041
0#
#24044
1#
#24045
0#
#24048
1#
#24049
0#
#24052
1#
#24053
0#
0%
#24056
1#
1$
#24057
0#
1%
#24060
1#
b10000000110 4
#24061
0#
#24064
1#
#24065
0#
0%
#24068
1#
#24069
0#
#24072
1#
#24073
0#
1%
#24076
1#
#24077
0#
#24080
1#
b10000000111 4
#24081
0#
0%
#24084
1#
#24085
0#
1%
#24088
1#
#24089
0#
0%
#24092
1#
#24093
0#
#24096
1#
0$
#24097
0#
1%
#24100
1#
b10000001000 4
#24101
0#
#24104
1#
#24105
0#
#24108
1#
#24109
0#
#24112
1#
#24113
0#
0%
#24116
1#
1$
#24117
0#
1%
#24120
1#
b10000001001 4
#24121
0#
0%
#24124
1#
#24125
0#
1%
#24128
1#
#24129
0#
#24131
b110101101 &
#24132
1#
#24133
0#
0%
#24136
1#
0$
#24137
0#
#24140
1#
b10000001010 4
#24141
0#
#24144
1#
#24145
0#
#24148
1#
#24149
0#
1%
#24152
1#
#24153
0#
#24156
1#
#24157
0#
#24160
1#
b10000001011 4
#24161
0#
#24164
1#
#24165
0#
0%
#24168
1#
#24169
0#
#24171
b110101110 &
#24172
1#
#24173
0#
1%
#24176
1#
#24177
0#
#24180
1#
b10000001100 4
#24181
0#
#24184
1#
#24185
0#
#24188
1#
#24189
0#
#24192
1#
#24193
0#
0%
#24196
1#
#24197
0#
#24200
1#
b10000001101 4
#24201
0#
#24204
1#
#24205
0#
1%
#24208
1#
#24209
0#
#24212
1#
#24213
0#
#24216
1#
1$
#24217
0#
#24220
1#
b10000001110 4
#24221
0#
0%
#24224
1#
#24225
0#
1%
#24228
1#
#24229
0#
0%
#24232
1#
#24233
0#
1%
#24236
1#
0$
#24237
0#
0%
#24240
1#
b10000001111 4
#24241
0#
1%
#24244
1#
#24245
0#
#24248
1#
#24249
0#
0%
#24251
b110101111 &
#24252
1#
#24253
0#
1%
#24256
1#
1$
#24257
0#
#24260
1#
b10000010000 4
#24261
0#
#24264
1#
#24265
0#
0%
#24268
1#
#24269
0#
#24272
1#
#24273
0#
1%
#24276
1#
#24277
0#
#24280
1#
b10000010001 4
#24281
0#
0%
#24284
1#
#24285
0#
1%
#24288
1#
#24289
0#
#24291
b110110000 &
#24292
1#
#24293
0#
0%
#24296
1#
0$
#24297
0#
1%
#24300
1#
b10000010010 4
#24301
0#
#24304
1#
#24305
0#
#24308
1#
#24309
0#
0%
#24311
b110110001 &
#24312
1#
#24313
0#
1%
#24316
1#
1$
#24317
0#
0%
#24320
1#
b10000010011 4
#24321
0#
#24324
1#
#24325
0#
1%
#24328
1#
#24329
0#
0%
#24332
1#
#24333
0#
#24336
1#
0$
#24337
0#
#24340
1#
b10000010100 4
#24341
0#
1%
#24344
1#
#24345
0#
0%
#24348
1#
#24349
0#
1%
#24352
1#
#24353
0#
#24356
1#
1$
#24357
0#
0%
#24360
1#
b10000010101 4
#24361
0#
1%
#24364
1#
#24365
0#
#24368
1#
#24369
0#
#24371
b110110010 &
#24372
1#
#24373
0#
#24376
1#
#24377
0#
0%
#24380
1#
b10000010110 4
#24381
0#
1%
#24384
1#
#24385
0#
0%
#24388
1#
#24389
0#
#24392
1#
#24393
0#
#24396
1#
0$
#24397
0#
1%
#24400
1#
b10000010111 4
#24401
0#
0%
#24404
1#
#24405
0#
1%
#24408
1#
#24409
0#
0%
#24411
b110110011 &
#24412
1#
#24413
0#
1%
#24416
1#
1$
#24417
0#
#24420
1#
b10000011000 4
#24421
0#
#24424
1#
#24425
0#
#24428
1#
#24429
0#
#24431
b110110100 &
#24432
1#
#24433
0#
0%
#24436
1#
0$
#24437
0#
#24440
1#
b10000011001 4
#24441
0#
#24444
1#
#24445
0#
#24448
1#
#24449
0#
1%
#24452
1#
#24453
0#
0%
#24456
1#
#24457
0#
#24460
1#
b10000011010 4
#24461
0#
1%
#24464
1#
#24465
0#
#24468
1#
#24469
0#
0%
#24471
b110110101 &
#24472
1#
#24473
0#
1%
#24476
1#
1$
#24477
0#
0%
#24480
1#
b10000011011 4
#24481
0#
#24484
1#
#24485
0#
#24488
1#
#24489
0#
1%
#24491
b110110110 &
#24492
1#
#24493
0#
0%
#24496
1#
0$
#24497
0#
#24500
1#
b10000011100 4
#24501
0#
#24504
1#
#24505
0#
#24508
1#
#24509
0#
1%
#24512
1#
#24513
0#
#24516
1#
1$
#24517
0#
#24520
1#
b10000011101 4
#24521
0#
0%
#24524
1#
#24525
0#
#24528
1#
#24529
0#
#24532
1#
#24533
0#
1%
#24536
1#
0$
#24537
0#
#24540
1#
b10000011110 4
#24541
0#
#24544
1#
#24545
0#
0%
#24548
1#
#24549
0#
1%
#24552
1#
#24553
0#
#24556
1#
1$
#24557
0#
#24560
1#
b10000011111 4
#24561
0#
0%
#24564
1#
#24565
0#
1%
#24568
1#
#24569
0#
#24571
b110110111 &
#24572
1#
#24573
0#
0%
#24576
1#
#24577
0#
1%
#24580
1#
b10000100000 4
#24581
0#
#24584
1#
#24585
0#
#24588
1#
#24589
0#
0%
#24592
1#
#24593
0#
1%
#24596
1#
#24597
0#
0%
#24600
1#
b10000100001 4
#24601
0#
1%
#24604
1#
#24605
0#
#24608
1#
#24609
0#
#24611
b110111000 &
#24612
1#
#24613
0#
0%
#24616
1#
#24617
0#
#24620
1#
b10000100010 4
#24621
0#
#24624
1#
#24625
0#
#24628
1#
#24629
0#
#24632
1#
#24633
0#
#24636
1#
#24637
0#
#24640
1#
b10000100011 4
#24641
0#
#24644
1#
#24645
0#
#24648
1#
#24649
0#
1%
#24651
b110111001 &
#24652
1#
#24653
0#
0%
#24656
1#
#24657
0#
#24660
1#
b10000100100 4
#24661
0#
#24664
1#
#24665
0#
1%
#24668
1#
#24669
0#
#24671
b110111010 &
#24672
1#
#24673
0#
#24676
1#
0$
#24677
0#
#24680
1#
b10000100101 4
#24681
0#
0%
#24684
1#
#24685
0#
#24688
1#
#24689
0#
1%
#24692
1#
#24693
0#
0%
#24696
1#
#24697
0#
1%
#24700
1#
b10000100110 4
#24701
0#
#24704
1#
#24705
0#
0%
#24708
1#
#24709
0#
#24711
b110111011 &
#24712
1#
#24713
0#
#24716
1#
1$
#24717
0#
#24720
1#
b10000100111 4
#24721
0#
#24724
1#
#24725
0#
#24728
1#
#24729
0#
1%
#24731
b110111100 &
#24732
1#
#24733
0#
#24736
1#
#24737
0#
#24740
1#
b10000101000 4
#24741
0#
#24744
1#
#24745
0#
0%
#24748
1#
#24749
0#
1%
#24751
b110111101 &
#24752
1#
#24753
0#
0%
#24756
1#
#24757
0#
1%
#24760
1#
b10000101001 4
#24761
0#
0%
#24764
1#
#24765
0#
1%
#24768
1#
#24769
0#
#24771
b110111110 &
#24772
1#
#24773
0#
#24776
1#
0$
#24777
0#
#24780
1#
b10000101010 4
#24781
0#
#24784
1#
#24785
0#
0%
#24788
1#
#24789
0#
1%
#24792
1#
#24793
0#
#24796
1#
1$
#24797
0#
0%
#24800
1#
b10000101011 4
#24801
0#
1%
#24804
1#
#24805
0#
#24808
1#
#24809
0#
#24811
b110111111 &
#24812
1#
#24813
0#
#24816
1#
0$
#24817
0#
0%
#24820
1#
b10000101100 4
#24821
0#
1%
#24824
1#
#24825
0#
0%
#24828
1#
#24829
0#
1%
#24832
1#
#24833
0#
#24836
1#
#24837
0#
#24840
1#
b10000101101 4
#24841
0#
0%
#24844
1#
#24845
0#
#24848
1#
#24849
0#
#24851
b111000000 &
#24852
1#
#24853
0#
1%
#24856
1#
1$
#24857
0#
#24860
1#
b10000101110 4
#24861
0#
0%
#24864
1#
#24865
0#
1%
#24868
1#
#24869
0#
#24871
b111000001 &
#24872
1#
#24873
0#
#24876
1#
#24877
0#
#24880
1#
b10000101111 4
#24881
0#
#24884
1#
#24885
0#
#24888
1#
#24889
0#
#24891
b111000010 &
#24892
1#
#24893
0#
#24896
1#
0$
#24897
0#
#24900
1#
b10000110000 4
#24901
0#
#24904
1#
#24905
0#
0%
#24908
1#
#24909
0#
1%
#24912
1#
#24913
0#
0%
#24916
1#
1$
#24917
0#
#24920
1#
b10000110001 4
#24921
0#
#24924
1#
#24925
0#
#24928
1#
#24929
0#
1%
#24931
b111000011 &
#24932
1#
#24933
0#
0%
#24936
1#
#24937
0#
1%
#24940
1#
b10000110010 4
#24941
0#
#24944
1#
#24945
0#
#24948
1#
#24949
0#
0%
#24952
1#
#24953
0#
1%
#24956
1#
0$
#24957
0#
#24960
1#
b10000110011 4
#24961
0#
0%
#24964
1#
#24965
0#
1%
#24968
1#
#24969
0#
#24972
1#
#24973
0#
#24976
1#
1$
#24977
0#
#24980
1#
b10000110100 4
#24981
0#
0%
#24984
1#
#24985
0#
#24988
1#
#24989
0#
1%
#24991
b111000100 &
#24992
1#
#24993
0#
#24996
1#
#24997
0#
0%
#25000
1#
b10000110101 4
#25001
0#
#25004
1#
#25005
0#
1%
#25008
1#
#25009
0#
#25011
b111000101 &
#25012
1#
#25013
0#
#25016
1#
#25017
0#
#25020
1#
b10000110110 4
#25021
0#
0%
#25024
1#
#25025
0#
1%
#25028
1#
#25029
0#
#25031
b111000110 &
#25032
1#
#25033
0#
0%
#25036
1#
#25037
0#
1%
#25040
1#
b10000110111 4
#25041
0#
#25044
1#
#25045
0#
0%
#25048
1#
#25049
0#
1%
#25051
b111000111 &
#25052
1#
#25053
0#
0%
#25056
1#
0$
#25057
0#
#25060
1#
b10000111000 4
#25061
0#
#25064
1#
#25065
0#
#25068
1#
#25069
0#
1%
#25072
1#
#25073
0#
#25076
1#
#25077
0#
#25080
1#
b10000111001 4
#25081
0#
#25084
1#
#25085
0#
0%
#25088
1#
#25089
0#
#25091
b111001000 &
#25092
1#
#25093
0#
1%
#25096
1#
1$
#25097
0#
0%
#25100
1#
b10000111010 4
#25101
0#
1%
#25104
1#
#25105
0#
#25108
1#
#25109
0#
0%
#25112
1#
#25113
0#
#25116
1#
0$
#25117
0#
#25120
1#
b10000111011 4
#25121
0#
1%
#25124
1#
#25125
0#
0%
#25128
1#
#25129
0#
1%
#25132
1#
#25133
0#
0%
#25136
1#
1$
#25137
0#
#25140
1#
b10000111100 4
#25141
0#
#25144
1#
#25145
0#
1%
#25148
1#
#25149
0#
#25151
b111001001 &
#25152
1#
#25153
0#
#25156
1#
0$
#25157
0#
#25160
1#
b10000111101 4
#25161
0#
0%
#25164
1#
#25165
0#
1%
#25168
1#
#25169
0#
#25172
1#
#25173
0#
#25176
1#
1$
#25177
0#
0%
#25180
1#
b10000111110 4
#25181
0#
1%
#25184
1#
#25185
0#
0%
#25188
1#
#25189
0#
#25192
1#
#25193
0#
1%
#25196
1#
0$
#25197
0#
#25200
1#
b10000111111 4
#25201
0#
#25204
1#
#25205
0#
#25208
1#
#25209
0#
0%
#25211
b111001010 &
#25212
1#
#25213
0#
#25216
1#
1$
#25217
0#
1%
#25220
1#
b10001000000 4
#25221
0#
0%
#25224
1#
#25225
0#
#25228
1#
#25229
0#
#25232
1#
#25233
0#
1%
#25236
1#
0$
#25237
0#
#25240
1#
b10001000001 4
#25241
0#
0%
#25244
1#
#25245
0#
#25248
1#
#25249
0#
#25251
b111001011 &
#25252
1#
#25253
0#
#25256
1#
#25257
0#
#25260
1#
b10001000010 4
#25261
0#
1%
#25264
1#
#25265
0#
#25268
1#
#25269
0#
#25272
1#
#25273
0#
0%
#25276
1#
1$
#25277
0#
1%
#25280
1#
b10001000011 4
#25281
0#
0%
#25284
1#
#25285
0#
1%
#25288
1#
#25289
0#
#25291
b111001100 &
#25292
1#
#25293
0#
0%
#25296
1#
0$
#25297
0#
#25300
1#
b10001000100 4
#25301
0#
1%
#25304
1#
#25305
0#
0%
#25308
1#
#25309
0#
#25311
b111001101 &
#25312
1#
#25313
0#
#25316
1#
#25317
0#
#25320
1#
b10001000101 4
#25321
0#
#25324
1#
#25325
0#
1%
#25328
1#
#25329
0#
#25332
1#
#25333
0#
0%
#25336
1#
1$
#25337
0#
1%
#25340
1#
b10001000110 4
#25341
0#
0%
#25344
1#
#25345
0#
1%
#25348
1#
#25349
0#
0%
#25352
1#
#25353
0#
#25356
1#
#25357
0#
1%
#25360
1#
b10001000111 4
#25361
0#
0%
#25364
1#
#25365
0#
#25368
1#
#25369
0#
1%
#25371
b111001110 &
#25372
1#
#25373
0#
0%
#25376
1#
#25377
0#
#25380
1#
b10001001000 4
#25381
0#
#25384
1#
#25385
0#
1%
#25388
1#
#25389
0#
0%
#25392
1#
#25393
0#
1%
#25396
1#
0$
#25397
0#
#25400
1#
b10001001001 4
#25401
0#
0%
#25404
1#
#25405
0#
#25408
1#
#25409
0#
#25411
b111001111 &
#25412
1#
#25413
0#
#25416
1#
1$
#25417
0#
#25420
1#
b10001001010 4
#25421
0#
#25424
1#
#25425
0#
#25428
1#
#25429
0#
1%
#25431
b111010000 &
#25432
1#
#25433
0#
#25436
1#
#25437
0#
0%
#25440
1#
b10001001011 4
#25441
0#
#25444
1#
#25445
0#
1%
#25448
1#
#25449
0#
#25451
b111010001 &
#25452
1#
#25453
0#
#25456
1#
#25457
0#
0%
#25460
1#
b10001001100 4
#25461
0#
1%
#25464
1#
#25465
0#
#25468
1#
#25469
0#
#25471
b111010010 &
#25472
1#
#25473
0#
#25476
1#
0$
#25477
0#
0%
#25480
1#
b10001001101 4
#25481
0#
#25484
1#
#25485
0#
#25488
1#
#25489
0#
#25491
b111010011 &
#25492
1#
#25493
0#
#25496
1#
#25497
0#
1%
#25500
1#
b10001001110 4
#25501
0#
#25504
1#
#25505
0#
#25508
1#
#25509
0#
0%
#25511
b111010100 &
#25512
1#
#25513
0#
1%
#25516
1#
1$
#25517
0#
0%
#25520
1#
b10001001111 4
#25521
0#
#25524
1#
#25525
0#
#25528
1#
#25529
0#
#25532
1#
#25533
0#
1%
#25536
1#
#25537
0#
0%
#25540
1#
b10001010000 4
#25541
0#
#25544
1#
#25545
0#
#25548
1#
#25549
0#
#25552
1#
#25553
0#
#25556
1#
0$
#25557
0#
#25560
1#
b10001010001 4
#25561
0#
#25564
1#
#25565
0#
#25568
1#
#25569
0#
#25571
b111010101 &
#25572
1#
#25573
0#
#25576
1#
#25577
0#
1%
#25580
1#
b10001010010 4
#25581
0#
#25584
1#
#25585
0#
#25588
1#
#25589
0#
0%
#25591
b111010110 &
#25592
1#
#25593
0#
1%
#25596
1#
#25597
0#
#25600
1#
b10001010011 4
#25601
0#
#25604
1#
#25605
0#
#25608
1#
#25609
0#
0%
#25611
b111010111 &
#25612
1#
#25613
0#
1%
#25616
1#
1$
#25617
0#
#25620
1#
b10001010100 4
#25621
0#
0%
#25624
1#
#25625
0#
#25628
1#
#25629
0#
1%
#25631
b111011000 &
#25632
1#
#25633
0#
0%
#25636
1#
0$
#25637
0#
1%
#25640
1#
b10001010101 4
#25641
0#
#25644
1#
#25645
0#
#25648
1#
#25649
0#
0%
#25651
b111011001 &
#25652
1#
#25653
0#
1%
#25656
1#
1$
#25657
0#
#25660
1#
b10001010110 4
#25661
0#
#25664
1#
#25665
0#
0%
#25668
1#
#25669
0#
1%
#25671
b111011010 &
#25672
1#
#25673
0#
0%
#25676
1#
0$
#25677
0#
1%
#25680
1#
b10001010111 4
#25681
0#
0%
#25684
1#
#25685
0#
1%
#25688
1#
#25689
0#
0%
#25691
b111011011 &
#25692
1#
#25693
0#
1%
#25696
1#
#25697
0#
0%
#25700
1#
b10001011000 4
#25701
0#
#25704
1#
#25705
0#
1%
#25708
1#
#25709
0#
#25712
1#
#25713
0#
#25716
1#
#25717
0#
0%
#25720
1#
b10001011001 4
#25721
0#
1%
#25724
1#
#25725
0#
0%
#25728
1#
#25729
0#
#25731
b111011100 &
#25732
1#
#25733
0#
1%
#25736
1#
1$
#25737
0#
#25740
1#
b10001011010 4
#25741
0#
0%
#25744
1#
#25745
0#
#25748
1#
#25749
0#
#25752
1#
#25753
0#
1%
#25756
1#
#25757
0#
0%
#25760
1#
b10001011011 4
#25761
0#
#25764
1#
#25765
0#
#25768
1#
#25769
0#
1%
#25771
b111011101 &
#25772
1#
#25773
0#
#25776
1#
#25777
0#
0%
#25780
1#
b10001011100 4
#25781
0#
1%
#25784
1#
#25785
0#
0%
#25788
1#
#25789
0#
1%
#25791
b111011110 &
#25792
1#
#25793
0#
#25796
1#
#25797
0#
0%
#25800
1#
b10001011101 4
#25801
0#
1%
#25804
1#
#25805
0#
#25808
1#
#25809
0#
#25811
b111011111 &
#25812
1#
#25813
0#
#25816
1#
0$
#25817
0#
#25820
1#
b10001011110 4
#25821
0#
#25824
1#
#25825
0#
0%
#25828
1#
#25829
0#
1%
#25832
1#
#25833
0#
#25836
1#
1$
#25837
0#
0%
#25840
1#
b10001011111 4
#25841
0#
1%
#25844
1#
#25845
0#
#25848
1#
#25849
0#
#25851
b111100000 &
#25852
1#
#25853
0#
#25856
1#
#25857
0#
#25860
1#
b10001100000 4
#25861
0#
#25864
1#
#25865
0#
0%
#25868
1#
#25869
0#
1%
#25871
b111100001 &
#25872
1#
#25873
0#
0%
#25876
1#
0$
#25877
0#
#25880
1#
b10001100001 4
#25881
0#
1%
#25884
1#
#25885
0#
0%
#25888
1#
#25889
0#
#25891
b111100010 &
#25892
1#
#25893
0#
1%
#25896
1#
1$
#25897
0#
#25900
1#
b10001100010 4
#25901
0#
#25904
1#
#25905
0#
#25908
1#
#25909
0#
#25911
b111100011 &
#25912
1#
#25913
0#
0%
#25916
1#
#25917
0#
#25920
1#
b10001100011 4
#25921
0#
1%
#25924
1#
#25925
0#
0%
#25928
1#
#25929
0#
1%
#25931
b111100100 &
#25932
1#
#25933
0#
#25936
1#
0$
#25937
0#
0%
#25940
1#
b10001100100 4
#25941
0#
#25944
1#
#25945
0#
1%
#25948
1#
#25949
0#
0%
#25951
b111100101 &
#25952
1#
#25953
0#
1%
#25956
1#
1$
#25957
0#
0%
#25960
1#
b10001100101 4
#25961
0#
#25964
1#
#25965
0#
#25968
1#
#25969
0#
#25972
1#
#25973
0#
#25976
1#
#25977
0#
#25980
1#
b10001100110 4
#25981
0#
1%
#25984
1#
#25985
0#
#25988
1#
#25989
0#
0%
#25992
1#
#25993
0#
1%
#25996
1#
#25997
0#
0%
#26000
1#
b10001100111 4
#26001
0#
1%
#26004
1#
#26005
0#
0%
#26008
1#
#26009
0#
#26012
1#
#26013
0#
1%
#26016
1#
0$
#26017
0#
0%
#26020
1#
b10001101000 4
#26021
0#
1%
#26024
1#
#26025
0#
0%
#26028
1#
#26029
0#
1%
#26032
1#
#26033
0#
#26036
1#
#26037
0#
#26040
1#
b10001101001 4
#26041
0#
#26044
1#
#26045
0#
#26048
1#
#26049
0#
0%
#26051
b111100110 &
#26052
1#
#26053
0#
1%
#26056
1#
#26057
0#
0%
#26060
1#
b10001101010 4
#26061
0#
#26064
1#
#26065
0#
1%
#26068
1#
#26069
0#
#26072
1#
#26073
0#
#26076
1#
#26077
0#
#26080
1#
b10001101011 4
#26081
0#
#26084
1#
#26085
0#
#26088
1#
#26089
0#
0%
#26091
b111100111 &
#26092
1#
#26093
0#
1%
#26096
1#
#26097
0#
#26100
1#
b10001101100 4
#26101
0#
#26104
1#
#26105
0#
0%
#26108
1#
#26109
0#
1%
#26112
1#
#26113
0#
#26116
1#
#26117
0#
#26120
1#
b10001101101 4
#26121
0#
#26124
1#
#26125
0#
#26128
1#
#26129
0#
#26132
1#
#26133
0#
#26136
1#
#26137
0#
#26140
1#
b10001101110 4
#26141
0#
#26144
1#
#26145
0#
0%
#26148
1#
#26149
0#
#26151
b111101000 &
#26152
1#
#26153
0#
1%
#26156
1#
#26157
0#
0%
#26160
1#
b10001101111 4
#26161
0#
1%
#26164
1#
#26165
0#
#26168
1#
#26169
0#
#26172
1#
#26173
0#
#26176
1#
#26177
0#
#26180
1#
b10001110000 4
#26181
0#
#26184
1#
#26185
0#
#26188
1#
#26189
0#
0%
#26191
b111101001 &
#26192
1#
#26193
0#
1%
#26196
1#
#26197
0#
#26200
1#
b10001110001 4
#26201
0#
0%
#26204
1#
#26205
0#
#26208
1#
#26209
0#
#26211
b111101010 &
#26212
1#
#26213
0#
#26216
1#
#26217
0#
1%
#26220
1#
b10001110010 4
#26221
0#
0%
#26224
1#
#26225
0#
1%
#26228
1#
#26229
0#
#26232
1#
#26233
0#
#26236
1#
1$
#26237
0#
0%
#26240
1#
b10001110011 4
#26241
0#
#26244
1#
#26245
0#
1%
#26248
1#
#26249
0#
0%
#26252
1#
#26253
0#
1%
#26256
1#
0$
#26257
0#
0%
#26260
1#
b10001110100 4
#26261
0#
#26264
1#
#26265
0#
1%
#26268
1#
#26269
0#
#26272
1#
#26273
0#
#26276
1#
#26277
0#
0%
#26280
1#
b10001110101 4
#26281
0#
#26284
1#
#26285
0#
#26288
1#
#26289
0#
1%
#26292
1#
#26293
0#
0%
#26296
1#
#26297
0#
1%
#26300
1#
b10001110110 4
#26301
0#
0%
#26304
1#
#26305
0#
#26308
1#
#26309
0#
1%
#26312
1#
#26313
0#
#26316
1#
#26317
0#
#26320
1#
b10001110111 4
#26321
0#
#26324
1#
#26325
0#
0%
#26328
1#
#26329
0#
1%
#26332
1#
#26333
0#
#26336
1#
#26337
0#
0%
#26340
1#
b10001111000 4
#26341
0#
1%
#26344
1#
#26345
0#
0%
#26348
1#
#26349
0#
1%
#26352
1#
#26353
0#
#26356
1#
#26357
0#
0%
#26360
1#
b10001111001 4
#26361
0#
1%
#26364
1#
#26365
0#
0%
#26368
1#
#26369
0#
1%
#26372
1#
#26373
0#
#26376
1#
#26377
0#
#26380
1#
b10001111010 4
#26381
0#
0%
#26384
1#
#26385
0#
1%
#26388
1#
#26389
0#
#26392
1#
#26393
0#
0%
#26396
1#
#26397
0#
#26400
1#
b10001111011 4
#26401
0#
1%
#26404
1#
#26405
0#
0%
#26408
1#
#26409
0#
1%
#26412
1#
#26413
0#
#26416
1#
#26417
0#
#26420
1#
b10001111100 4
#26421
0#
#26424
1#
#26425
0#
#26428
1#
#26429
0#
#26432
1#
#26433
0#
0%
#26436
1#
#26437
0#
1%
#26440
1#
b10001111101 4
#26441
0#
0%
#26444
1#
#26445
0#
#26448
1#
#26449
0#
#26451
b111101011 &
#26452
1#
#26453
0#
1%
#26456
1#
#26457
0#
0%
#26460
1#
b10001111110 4
#26461
0#
#26464
1#
#26465
0#
1%
#26468
1#
#26469
0#
0%
#26471
b111101100 &
#26472
1#
#26473
0#
1%
#26476
1#
1$
#26477
0#
0%
#26480
1#
b10001111111 4
#26481
0#
#26484
1#
#26485
0#
1%
#26488
1#
#26489
0#
#26491
b111101101 &
#26492
1#
#26493
0#
#26496
1#
#26497
0#
0%
#26500
1#
b10010000000 4
#26501
0#
1%
#26504
1#
#26505
0#
#26508
1#
#26509
0#
0%
#26512
1#
#26513
0#
1%
#26516
1#
0$
#26517
0#
0%
#26520
1#
b10010000001 4
#26521
0#
1%
#26524
1#
#26525
0#
#26528
1#
#26529
0#
#26532
1#
#26533
0#
0%
#26536
1#
1$
#26537
0#
#26540
1#
b10010000010 4
#26541
0#
1%
#26544
1#
#26545
0#
0%
#26548
1#
#26549
0#
#26552
1#
#26553
0#
1%
#26556
1#
0$
#26557
0#
#26560
1#
b10010000011 4
#26561
0#
#26564
1#
#26565
0#
#26568
1#
#26569
0#
#26572
1#
#26573
0#
#26576
1#
1$
#26577
0#
0%
#26580
1#
b10010000100 4
#26581
0#
#26584
1#
#26585
0#
#26588
1#
#26589
0#
1%
#26591
b111101110 &
#26592
1#
#26593
0#
#26596
1#
0$
#26597
0#
0%
#26600
1#
b10010000101 4
#26601
0#
#26604
1#
#26605
0#
1%
#26608
1#
#26609
0#
#26612
1#
#26613
0#
0%
#26616
1#
1$
#26617
0#
1%
#26620
1#
b10010000110 4
#26621
0#
0%
#26624
1#
#26625
0#
#26628
1#
#26629
0#
1%
#26631
b111101111 &
#26632
1#
#26633
0#
#26636
1#
0$
#26637
0#
0%
#26640
1#
b10010000111 4
#26641
0#
#26644
1#
#26645
0#
#26648
1#
#26649
0#
#26651
b111110000 &
#26652
1#
#26653
0#
1%
#26656
1#
1$
#26657
0#
#26660
1#
b10010001000 4
#26661
0#
0%
#26664
1#
#26665
0#
#26668
1#
#26669
0#
1%
#26671
b111110001 &
#26672
1#
#26673
0#
#26676
1#
0$
#26677
0#
0%
#26680
1#
b10010001001 4
#26681
0#
#26684
1#
#26685
0#
1%
#26688
1#
#26689
0#
#26692
1#
#26693
0#
#26696
1#
1$
#26697
0#
0%
#26700
1#
b10010001010 4
#26701
0#
#26704
1#
#26705
0#
#26708
1#
#26709
0#
1%
#26711
b111110010 &
#26712
1#
#26713
0#
0%
#26716
1#
#26717
0#
#26720
1#
b10010001011 4
#26721
0#
1%
#26724
1#
#26725
0#
#26728
1#
#26729
0#
0%
#26732
1#
#26733
0#
#26736
1#
#26737
0#
#26740
1#
b10010001100 4
#26741
0#
1%
#26744
1#
#26745
0#
0%
#26748
1#
#26749
0#
#26752
1#
#26753
0#
1%
#26756
1#
#26757
0#
0%
#26760
1#
b10010001101 4
#26761
0#
1%
#26764
1#
#26765
0#
#26768
1#
#26769
0#
#26771
b111110011 &
#26772
1#
#26773
0#
#26776
1#
#26777
0#
#26780
1#
b10010001110 4
#26781
0#
0%
#26784
1#
#26785
0#
1%
#26788
1#
#26789
0#
0%
#26792
1#
#26793
0#
1%
#26796
1#
0$
#26797
0#
0%
#26800
1#
b10010001111 4
#26801
0#
1%
#26804
1#
#26805
0#
#26808
1#
#26809
0#
0%
#26811
b111110100 &
#26812
1#
#26813
0#
1%
#26816
1#
1$
#26817
0#
#26820
1#
b10010010000 4
#26821
0#
0%
#26824
1#
#26825
0#
1%
#26828
1#
#26829
0#
#26831
b111110101 &
#26832
1#
#26833
0#
0%
#26836
1#
#26837
0#
1%
#26840
1#
b10010010001 4
#26841
0#
#26844
1#
#26845
0#
#26848
1#
#26849
0#
0%
#26852
1#
#26853
0#
1%
#26856
1#
#26857
0#
0%
#26860
1#
b10010010010 4
#26861
0#
1%
#26864
1#
#26865
0#
0%
#26868
1#
#26869
0#
#26872
1#
#26873
0#
#26876
1#
0$
#26877
0#
1%
#26880
1#
b10010010011 4
#26881
0#
0%
#26884
1#
#26885
0#
1%
#26888
1#
#26889
0#
0%
#26891
b111110110 &
#26892
1#
#26893
0#
#26896
1#
1$
#26897
0#
1%
#26900
1#
b10010010100 4
#26901
0#
#26904
1#
#26905
0#
0%
#26908
1#
#26909
0#
#26912
1#
#26913
0#
#26916
1#
#26917
0#
1%
#26920
1#
b10010010101 4
#26921
0#
0%
#26924
1#
#26925
0#
1%
#26928
1#
#26929
0#
0%
#26932
1#
#26933
0#
1%
#26936
1#
#26937
0#
#26940
1#
b10010010110 4
#26941
0#
0%
#26944
1#
#26945
0#
#26948
1#
#26949
0#
#26952
1#
#26953
0#
#26956
1#
#26957
0#
1%
#26960
1#
b10010010111 4
#26961
0#
0%
#26964
1#
#26965
0#
#26968
1#
#26969
0#
#26972
1#
#26973
0#
#26976
1#
0$
#26977
0#
#26980
1#
b10010011000 4
#26981
0#
#26984
1#
#26985
0#
1%
#26988
1#
#26989
0#
#26992
1#
#26993
0#
0%
#26996
1#
#26997
0#
1%
#27000
1#
b10010011001 4
#27001
0#
0%
#27004
1#
#27005
0#
#27008
1#
#27009
0#
#27011
b111110111 &
#27012
1#
#27013
0#
1%
#27016
1#
1$
#27017
0#
0%
#27020
1#
b10010011010 4
#27021
0#
1%
#27024
1#
#27025
0#
0%
#27028
1#
#27029
0#
1%
#27031
b111111000 &
#27032
1#
#27033
0#
0%
#27036
1#
0$
#27037
0#
1%
#27040
1#
b10010011011 4
#27041
0#
#27044
1#
#27045
0#
#27048
1#
#27049
0#
#27052
1#
#27053
0#
#27056
1#
1$
#27057
0#
#27060
1#
b10010011100 4
#27061
0#
0%
#27064
1#
#27065
0#
1%
#27068
1#
#27069
0#
0%
#27072
1#
#27073
0#
#27076
1#
0$
#27077
0#
1%
#27080
1#
b10010011101 4
#27081
0#
0%
#27084
1#
#27085
0#
1%
#27088
1#
#27089
0#
#27092
1#
#27093
0#
#27096
1#
#27097
0#
0%
#27100
1#
b10010011110 4
#27101
0#
1%
#27104
1#
#27105
0#
0%
#27108
1#
#27109
0#
#27111
b111111001 &
#27112
1#
#27113
0#
1%
#27116
1#
#27117
0#
#27120
1#
b10010011111 4
#27121
0#
0%
#27124
1#
#27125
0#
#27128
1#
#27129
0#
#27131
b111111010 &
#27132
1#
#27133
0#
1%
#27136
1#
#27137
0#
0%
#27140
1#
b10010100000 4
#27141
0#
1%
#27144
1#
#27145
0#
#27148
1#
#27149
0#
#27152
1#
#27153
0#
#27156
1#
#27157
0#
0%
#27160
1#
b10010100001 4
#27161
0#
1%
#27164
1#
#27165
0#
#27168
1#
#27169
0#
#27172
1#
#27173
0#
#27176
1#
1$
#27177
0#
#27180
1#
b10010100010 4
#27181
0#
#27184
1#
#27185
0#
0%
#27188
1#
#27189
0#
#27192
1#
#27193
0#
#27196
1#
#27197
0#
1%
#27200
1#
b10010100011 4
#27201
0#
#27204
1#
#27205
0#
0%
#27208
1#
#27209
0#
#27212
1#
#27213
0#
#27216
1#
#27217
0#
1%
#27220
1#
b10010100100 4
#27221
0#
#27224
1#
#27225
0#
0%
#27228
1#
#27229
0#
#27232
1#
#27233
0#
#27236
1#
0$
#27237
0#
#27240
1#
b10010100101 4
#27241
0#
1%
#27244
1#
#27245
0#
#27248
1#
#27249
0#
#27252
1#
#27253
0#
0%
#27256
1#
#27257
0#
1%
#27260
1#
b10010100110 4
#27261
0#
0%
#27264
1#
#27265
0#
1%
#27268
1#
#27269
0#
0%
#27271
b111111011 &
#27272
1#
#27273
0#
1%
#27276
1#
1$
#27277
0#
#27280
1#
b10010100111 4
#27281
0#
0%
#27284
1#
#27285
0#
1%
#27288
1#
#27289
0#
0%
#27292
1#
#27293
0#
#27296
1#
0$
#27297
0#
#27300
1#
b10010101000 4
#27301
0#
#27304
1#
#27305
0#
#27308
1#
#27309
0#
1%
#27312
1#
#27313
0#
#27316
1#
#27317
0#
#27320
1#
b10010101001 4
#27321
0#
#27324
1#
#27325
0#
0%
#27328
1#
#27329
0#
1%
#27332
1#
#27333
0#
0%
#27336
1#
1$
#27337
0#
1%
#27340
1#
b10010101010 4
#27341
0#
#27344
1#
#27345
0#
0%
#27348
1#
#27349
0#
1%
#27351
b111111100 &
#27352
1#
#27353
0#
0%
#27356
1#
0$
#27357
0#
#27360
1#
b10010101011 4
#27361
0#
#27364
1#
#27365
0#
#27368
1#
#27369
0#
1%
#27372
1#
#27373
0#
0%
#27376
1#
1$
#27377
0#
1%
#27380
1#
b10010101100 4
#27381
0#
#27384
1#
#27385
0#
0%
#27388
1#
#27389
0#
1%
#27391
b111111101 &
#27392
1#
#27393
0#
0%
#27396
1#
0$
#27397
0#
1%
#27400
1#
b10010101101 4
#27401
0#
#27404
1#
#27405
0#
#27408
1#
#27409
0#
#27412
1#
#27413
0#
#27416
1#
#27417
0#
#27420
1#
b10010101110 4
#27421
0#
0%
#27424
1#
#27425
0#
#27428
1#
#27429
0#
#27431
b111111110 &
#27432
1#
#27433
0#
#27436
1#
#27437
0#
#27440
1#
b10010101111 4
#27441
0#
1%
#27444
1#
#27445
0#
#27448
1#
#27449
0#
0%
#27451
b111111111 &
#27452
1#
#27453
0#
1%
#27456
1#
1$
#27457
0#
0%
#27460
1#
b10010110000 4
#27461
0#
1%
#27464
1#
#27465
0#
#27468
1#
#27469
0#
#27471
b1000000000 &
#27472
1#
#27473
0#
0%
#27476
1#
0$
#27477
0#
#27480
1#
b10010110001 4
#27481
0#
1%
#27484
1#
#27485
0#
#27488
1#
#27489
0#
#27492
1#
#27493
0#
#27496
1#
#27497
0#
0%
#27500
1#
b10010110010 4
#27501
0#
1%
#27504
1#
#27505
0#
#27508
1#
#27509
0#
#27512
1#
#27513
0#
#27516
1#
1$
#27517
0#
#27520
1#
b10010110011 4
#27521
0#
0%
#27524
1#
#27525
0#
1%
#27528
1#
#27529
0#
#27531
b1000000001 &
#27532
1#
#27533
0#
#27536
1#
#27537
0#
0%
#27540
1#
b10010110100 4
#27541
0#
#27544
1#
#27545
0#
#27548
1#
#27549
0#
1%
#27551
b1000000010 &
#27552
1#
#27553
0#
0%
#27556
1#
0$
#27557
0#
#27560
1#
b10010110101 4
#27561
0#
#27564
1#
#27565
0#
1%
#27568
1#
#27569
0#
#27572
1#
#27573
0#
#27576
1#
#27577
0#
#27580
1#
b10010110110 4
#27581
0#
#27584
1#
#27585
0#
#27588
1#
#27589
0#
#27592
1#
#27593
0#
#27596
1#
1$
#27597
0#
#27600
1#
b10010110111 4
#27601
0#
#27604
1#
#27605
0#
0%
#27608
1#
#27609
0#
1%
#27611
b1000000011 &
#27612
1#
#27613
0#
#27616
1#
0$
#27617
0#
#27620
1#
b10010111000 4
#27621
0#
0%
#27624
1#
#27625
0#
#27628
1#
#27629
0#
#27631
b1000000100 &
#27632
1#
#27633
0#
1%
#27636
1#
#27637
0#
0%
#27640
1#
b10010111001 4
#27641
0#
1%
#27644
1#
#27645
0#
#27648
1#
#27649
0#
0%
#27651
b1000000101 &
#27652
1#
#27653
0#
#27656
1#
1$
#27657
0#
#27660
1#
b10010111010 4
#27661
0#
#27664
1#
#27665
0#
1%
#27668
1#
#27669
0#
#27671
b1000000110 &
#27672
1#
#27673
0#
0%
#27676
1#
0$
#27677
0#
1%
#27680
1#
b10010111011 4
#27681
0#
0%
#27684
1#
#27685
0#
1%
#27688
1#
#27689
0#
0%
#27691
b1000000111 &
#27692
1#
#27693
0#
1%
#27696
1#
#27697
0#
0%
#27700
1#
b10010111100 4
#27701
0#
#27704
1#
#27705
0#
#27708
1#
#27709
0#
#27711
b1000001000 &
#27712
1#
#27713
0#
1%
#27716
1#
1$
#27717
0#
#27720
1#
b10010111101 4
#27721
0#
0%
#27724
1#
#27725
0#
#27728
1#
#27729
0#
1%
#27731
b1000001001 &
#27732
1#
#27733
0#
#27736
1#
#27737
0#
#27740
1#
b10010111110 4
#27741
0#
#27744
1#
#27745
0#
#27748
1#
#27749
0#
#27751
b1000001010 &
#27752
1#
#27753
0#
#27756
1#
0$
#27757
0#
0%
#27760
1#
b10010111111 4
#27761
0#
#27764
1#
#27765
0#
1%
#27768
1#
#27769
0#
#27772
1#
#27773
0#
0%
#27776
1#
1$
#27777
0#
#27780
1#
b10011000000 4
#27781
0#
1%
#27784
1#
#27785
0#
0%
#27788
1#
#27789
0#
#27792
1#
#27793
0#
1%
#27796
1#
0$
#27797
0#
0%
#27800
1#
b10011000001 4
#27801
0#
1%
#27804
1#
#27805
0#
0%
#27808
1#
#27809
0#
1%
#27812
1#
#27813
0#
0%
#27816
1#
#27817
0#
1%
#27820
1#
b10011000010 4
#27821
0#
0%
#27824
1#
#27825
0#
1%
#27828
1#
#27829
0#
#27832
1#
#27833
0#
#27836
1#
1$
#27837
0#
0%
#27840
1#
b10011000011 4
#27841
0#
1%
#27844
1#
#27845
0#
0%
#27848
1#
#27849
0#
#27852
1#
#27853
0#
#27856
1#
#27857
0#
#27860
1#
b10011000100 4
#27861
0#
#27864
1#
#27865
0#
#27868
1#
#27869
0#
1%
#27871
b1000001011 &
#27872
1#
#27873
0#
0%
#27876
1#
0$
#27877
0#
1%
#27880
1#
b10011000101 4
#27881
0#
0%
#27884
1#
#27885
0#
#27888
1#
#27889
0#
#27891
b1000001100 &
#27892
1#
#27893
0#
1%
#27896
1#
#27897
0#
0%
#27900
1#
b10011000110 4
#27901
0#
#27904
1#
#27905
0#
#27908
1#
#27909
0#
1%
#27912
1#
#27913
0#
0%
#27916
1#
1$
#27917
0#
1%
#27920
1#
b10011000111 4
#27921
0#
0%
#27924
1#
#27925
0#
1%
#27928
1#
#27929
0#
#27931
b1000001101 &
#27932
1#
#27933
0#
#27936
1#
#27937
0#
0%
#27940
1#
b10011001000 4
#27941
0#
1%
#27944
1#
#27945
0#
#27948
1#
#27949
0#
0%
#27952
1#
#27953
0#
1%
#27956
1#
0$
#27957
0#
0%
#27960
1#
b10011001001 4
#27961
0#
#27964
1#
#27965
0#
1%
#27968
1#
#27969
0#
0%
#27971
b1000001110 &
#27972
1#
#27973
0#
1%
#27976
1#
1$
#27977
0#
#27980
1#
b10011001010 4
#27981
0#
#27984
1#
#27985
0#
0%
#27988
1#
#27989
0#
1%
#27991
b1000001111 &
#27992
1#
#27993
0#
#27996
1#
0$
#27997
0#
0%
#28000
1#
b10011001011 4
#28001
0#
#28004
1#
#28005
0#
#28008
1#
#28009
0#
#28011
b1000010000 &
#28012
1#
#28013
0#
1%
#28016
1#
1$
#28017
0#
#28020
1#
b10011001100 4
#28021
0#
#28024
1#
#28025
0#
0%
#28028
1#
#28029
0#
#28032
1#
#28033
0#
1%
#28036
1#
#28037
0#
#28040
1#
b10011001101 4
#28041
0#
0%
#28044
1#
#28045
0#
1%
#28048
1#
#28049
0#
0%
#28052
1#
#28053
0#
1%
#28056
1#
0$
#28057
0#
#28060
1#
b10011001110 4
#28061
0#
0%
#28064
1#
#28065
0#
1%
#28068
1#
#28069
0#
#28072
1#
#28073
0#
#28076
1#
#28077
0#
#28080
1#
b10011001111 4
#28081
0#
0%
#28084
1#
#28085
0#
#28088
1#
#28089
0#
#28091
b1000010001 &
#28092
1#
#28093
0#
1%
#28096
1#
#28097
0#
#28100
1#
b10011010000 4
#28101
0#
0%
#28104
1#
#28105
0#
#28108
1#
#28109
0#
1%
#28112
1#
#28113
0#
#28116
1#
#28117
0#
0%
#28120
1#
b10011010001 4
#28121
0#
#28124
1#
#28125
0#
1%
#28128
1#
#28129
0#
#28132
1#
#28133
0#
0%
#28136
1#
1$
#28137
0#
1%
#28140
1#
b10011010010 4
#28141
0#
0%
#28144
1#
#28145
0#
1%
#28148
1#
#28149
0#
0%
#28152
1#
#28153
0#
1%
#28156
1#
#28157
0#
#28160
1#
b10011010011 4
#28161
0#
#28164
1#
#28165
0#
0%
#28168
1#
#28169
0#
#28172
1#
#28173
0#
#28176
1#
#28177
0#
1%
#28180
1#
b10011010100 4
#28181
0#
0%
#28184
1#
#28185
0#
1%
#28188
1#
#28189
0#
#28191
b1000010010 &
#28192
1#
#28193
0#
#28196
1#
#28197
0#
0%
#28200
1#
b10011010101 4
#28201
0#
#28204
1#
#28205
0#
#28208
1#
#28209
0#
#28212
1#
#28213
0#
1%
#28216
1#
#28217
0#
#28220
1#
b10011010110 4
#28221
0#
0%
#28224
1#
#28225
0#
#28228
1#
#28229
0#
1%
#28231
b1000010011 &
#28232
1#
#28233
0#
0%
#28236
1#
0$
#28237
0#
1%
#28240
1#
b10011010111 4
#28241
0#
#28244
1#
#28245
0#
0%
#28248
1#
#28249
0#
1%
#28252
1#
#28253
0#
0%
#28256
1#
1$
#28257
0#
#28260
1#
b10011011000 4
#28261
0#
1%
#28264
1#
#28265
0#
0%
#28268
1#
#28269
0#
1%
#28271
b1000010100 &
#28272
1#
#28273
0#
0%
#28276
1#
0$
#28277
0#
#28280
1#
b10011011001 4
#28281
0#
1%
#28284
1#
#28285
0#
#28288
1#
#28289
0#
0%
#28291
b1000010101 &
#28292
1#
#28293
0#
1%
#28296
1#
1$
#28297
0#
0%
#28300
1#
b10011011010 4
#28301
0#
#28304
1#
#28305
0#
#28308
1#
#28309
0#
#28312
1#
#28313
0#
1%
#28316
1#
#28317
0#
#28320
1#
b10011011011 4
#28321
0#
0%
#28324
1#
#28325
0#
#28328
1#
#28329
0#
1%
#28331
b1000010110 &
#28332
1#
#28333
0#
0%
#28336
1#
#28337
0#
1%
#28340
1#
b10011011100 4
#28341
0#
#28344
1#
#28345
0#
#28348
1#
#28349
0#
#28351
b1000010111 &
#28352
1#
#28353
0#
#28356
1#
#28357
0#
0%
#28360
1#
b10011011101 4
#28361
0#
#28364
1#
#28365
0#
1%
#28368
1#
#28369
0#
#28371
b1000011000 &
#28372
1#
#28373
0#
0%
#28376
1#
0$
#28377
0#
1%
#28380
1#
b10011011110 4
#28381
0#
0%
#28384
1#
#28385
0#
#28388
1#
#28389
0#
1%
#28392
1#
#28393
0#
#28396
1#
1$
#28397
0#
#28400
1#
b10011011111 4
#28401
0#
#28404
1#
#28405
0#
#28408
1#
#28409
0#
0%
#28412
1#
#28413
0#
#28416
1#
#28417
0#
#28420
1#
b10011100000 4
#28421
0#
#28424
1#
#28425
0#
#28428
1#
#28429
0#
#28432
1#
#28433
0#
#28436
1#
0$
#28437
0#
1%
#28440
1#
b10011100001 4
#28441
0#
#28444
1#
#28445
0#
#28448
1#
#28449
0#
#28452
1#
#28453
0#
0%
#28456
1#
#28457
0#
#28460
1#
b10011100010 4
#28461
0#
1%
#28464
1#
#28465
0#
#28468
1#
#28469
0#
0%
#28471
b1000011001 &
#28472
1#
#28473
0#
1%
#28476
1#
#28477
0#
#28480
1#
b10011100011 4
#28481
0#
#28484
1#
#28485
0#
#28488
1#
#28489
0#
#28492
1#
#28493
0#
0%
#28496
1#
#28497
0#
1%
#28500
1#
b10011100100 4
#28501
0#
#28504
1#
#28505
0#
0%
#28508
1#
#28509
0#
#28511
b1000011010 &
#28512
1#
#28513
0#
1%
#28516
1#
1$
#28517
0#
#28520
1#
b10011100101 4
#28521
0#
0%
#28524
1#
#28525
0#
1%
#28528
1#
#28529
0#
0%
#28532
1#
#28533
0#
#28536
1#
0$
#28537
0#
#28540
1#
b10011100110 4
#28541
0#
#28544
1#
#28545
0#
#28548
1#
#28549
0#
1%
#28552
1#
#28553
0#
#28556
1#
1$
#28557
0#
#28560
1#
b10011100111 4
#28561
0#
#28564
1#
#28565
0#
#28568
1#
#28569
0#
#28571
b1000011011 &
#28572
1#
#28573
0#
#28576
1#
#28577
0#
#28580
1#
b10011101000 4
#28581
0#
#28584
1#
#28585
0#
#28588
1#
#28589
0#
0%
#28592
1#
#28593
0#
#28596
1#
0$
#28597
0#
#28600
1#
b10011101001 4
#28601
0#
#28604
1#
#28605
0#
#28608
1#
#28609
0#
1%
#28612
1#
#28613
0#
#28616
1#
1$
#28617
0#
#28620
1#
b10011101010 4
#28621
0#
0%
#28624
1#
#28625
0#
1%
#28628
1#
#28629
0#
#28631
b1000011100 &
#28632
1#
#28633
0#
#28636
1#
0$
#28637
0#
0%
#28640
1#
b10011101011 4
#28641
0#
#28644
1#
#28645
0#
1%
#28648
1#
#28649
0#
#28652
1#
#28653
0#
#28656
1#
1$
#28657
0#
0%
#28660
1#
b10011101100 4
#28661
0#
1%
#28664
1#
#28665
0#
0%
#28668
1#
#28669
0#
#28672
1#
#28673
0#
#28676
1#
0$
#28677
0#
1%
#28680
1#
b10011101101 4
#28681
0#
#28684
1#
#28685
0#
#28688
1#
#28689
0#
0%
#28691
b1000011101 &
#28692
1#
#28693
0#
#28696
1#
#28697
0#
#28700
1#
b10011101110 4
#28701
0#
1%
#28704
1#
#28705
0#
0%
#28708
1#
#28709
0#
#28711
b1000011110 &
#28712
1#
#28713
0#
1%
#28716
1#
#28717
0#
0%
#28720
1#
b10011101111 4
#28721
0#
1%
#28724
1#
#28725
0#
0%
#28728
1#
#28729
0#
#28731
b1000011111 &
#28732
1#
#28733
0#
#28736
1#
#28737
0#
#28740
1#
b10011110000 4
#28741
0#
#28744
1#
#28745
0#
1%
#28748
1#
#28749
0#
0%
#28751
b1000100000 &
#28752
1#
#28753
0#
1%
#28756
1#
1$
#28757
0#
#28760
1#
b10011110001 4
#28761
0#
#28764
1#
#28765
0#
0%
#28768
1#
#28769
0#
#28772
1#
#28773
0#
1%
#28776
1#
#28777
0#
0%
#28780
1#
b10011110010 4
#28781
0#
#28784
1#
#28785
0#
#28788
1#
#28789
0#
1%
#28791
b1000100001 &
#28792
1#
#28793
0#
0%
#28796
1#
#28797
0#
#28800
1#
b10011110011 4
#28801
0#
1%
#28804
1#
#28805
0#
#28808
1#
#28809
0#
0%
#28812
1#
#28813
0#
1%
#28816
1#
#28817
0#
#28820
1#
b10011110100 4
#28821
0#
#28824
1#
#28825
0#
#28828
1#
#28829
0#
#28831
b1000100010 &
#28832
1#
#28833
0#
0%
#28836
1#
#28837
0#
#28840
1#
b10011110101 4
#28841
0#
#28844
1#
#28845
0#
#28848
1#
#28849
0#
#28852
1#
#28853
0#
#28856
1#
#28857
0#
1%
#28860
1#
b10011110110 4
#28861
0#
0%
#28864
1#
#28865
0#
#28868
1#
#28869
0#
#28872
1#
#28873
0#
1%
#28876
1#
0$
#28877
0#
#28880
1#
b10011110111 4
#28881
0#
#28884
1#
#28885
0#
#28888
1#
#28889
0#
#28892
1#
#28893
0#
#28896
1#
1$
#28897
0#
#28900
1#
b10011111000 4
#28901
0#
#28904
1#
#28905
0#
#28908
1#
#28909
0#
#28911
b1000100011 &
#28912
1#
#28913
0#
#28916
1#
#28917
0#
0%
#28920
1#
b10011111001 4
#28921
0#
1%
#28924
1#
#28925
0#
0%
#28928
1#
#28929
0#
#28932
1#
#28933
0#
1%
#28936
1#
0$
#28937
0#
0%
#28940
1#
b10011111010 4
#28941
0#
1%
#28944
1#
#28945
0#
0%
#28948
1#
#28949
0#
#28951
b1000100100 &
#28952
1#
#28953
0#
#28956
1#
1$
#28957
0#
#28960
1#
b10011111011 4
#28961
0#
1%
#28964
1#
#28965
0#
0%
#28968
1#
#28969
0#
#28972
1#
#28973
0#
1%
#28976
1#
0$
#28977
0#
0%
#28980
1#
b10011111100 4
#28981
0#
#28984
1#
#28985
0#
1%
#28988
1#
#28989
0#
0%
#28991
b1000100101 &
#28992
1#
#28993
0#
#28996
1#
#28997
0#
#29000
1#
b10011111101 4
#29001
0#
1%
#29004
1#
#29005
0#
#29008
1#
#29009
0#
0%
#29011
b1000100110 &
#29012
1#
#29013
0#
1%
#29016
1#
#29017
0#
0%
#29020
1#
b10011111110 4
#29021
0#
1%
#29024
1#
#29025
0#
0%
#29028
1#
#29029
0#
#29031
b1000100111 &
#29032
1#
#29033
0#
#29036
1#
1$
#29037
0#
1%
#29040
1#
b10011111111 4
#29041
0#
0%
#29044
1#
#29045
0#
#29048
1#
#29049
0#
1%
#29051
b1000101000 &
#29052
1#
#29053
0#
0%
#29056
1#
#29057
0#
#29060
1#
b10100000000 4
#29061
0#
#29064
1#
#29065
0#
#29068
1#
#29069
0#
1%
#29071
b1000101001 &
#29072
1#
#29073
0#
0%
#29076
1#
0$
#29077
0#
1%
#29080
1#
b10100000001 4
#29081
0#
#29084
1#
#29085
0#
0%
#29088
1#
#29089
0#
1%
#29092
1#
#29093
0#
#29096
1#
#29097
0#
0%
#29100
1#
b10100000010 4
#29101
0#
#29104
1#
#29105
0#
#29108
1#
#29109
0#
1%
#29112
1#
#29113
0#
0%
#29116
1#
#29117
0#
1%
#29120
1#
b10100000011 4
#29121
0#
#29124
1#
#29125
0#
#29128
1#
#29129
0#
#29132
1#
#29133
0#
#29136
1#
#29137
0#
0%
#29140
1#
b10100000100 4
#29141
0#
1%
#29144
1#
#29145
0#
#29148
1#
#29149
0#
0%
#29151
b1000101010 &
#29152
1#
#29153
0#
1%
#29156
1#
#29157
0#
#29160
1#
b10100000101 4
#29161
0#
#29164
1#
#29165
0#
0%
#29168
1#
#29169
0#
1%
#29172
1#
#29173
0#
#29176
1#
#29177
0#
#29180
1#
b10100000110 4
#29181
0#
0%
#29184
1#
#29185
0#
1%
#29188
1#
#29189
0#
#29192
1#
#29193
0#
0%
#29196
1#
#29197
0#
1%
#29200
1#
b10100000111 4
#29201
0#
#29204
1#
#29205
0#
#29208
1#
#29209
0#
#29212
1#
#29213
0#
#29216
1#
1$
#29217
0#
#29220
1#
b10100001000 4
#29221
0#
0%
#29224
1#
#29225
0#
1%
#29228
1#
#29229
0#
#29231
b1000101011 &
#29232
1#
#29233
0#
#29236
1#
#29237
0#
#29240
1#
b10100001001 4
#29241
0#
0%
#29244
1#
#29245
0#
#29248
1#
#29249
0#
#29252
1#
#29253
0#
1%
#29256
1#
#29257
0#
0%
#29260
1#
b10100001010 4
#29261
0#
1%
#29264
1#
#29265
0#
0%
#29268
1#
#29269
0#
1%
#29271
b1000101100 &
#29272
1#
#29273
0#
0%
#29276
1#
0$
#29277
0#
#29280
1#
b10100001011 4
#29281
0#
1%
#29284
1#
#29285
0#
#29288
1#
#29289
0#
0%
#29291
b1000101101 &
#29292
1#
#29293
0#
1%
#29296
1#
1$
#29297
0#
0%
#29300
1#
b10100001100 4
#29301
0#
1%
#29304
1#
#29305
0#
0%
#29308
1#
#29309
0#
1%
#29311
b1000101110 &
#29312
1#
#29313
0#
0%
#29316
1#
0$
#29317
0#
#29320
1#
b10100001101 4
#29321
0#
1%
#29324
1#
#29325
0#
#29328
1#
#29329
0#
0%
#29331
b1000101111 &
#29332
1#
#29333
0#
1%
#29336
1#
#29337
0#
#29340
1#
b10100001110 4
#29341
0#
0%
#29344
1#
#29345
0#
1%
#29348
1#
#29349
0#
0%
#29351
b1000110000 &
#29352
1#
#29353
0#
#29356
1#
#29357
0#
#29360
1#
b10100001111 4
#29361
0#
#29364
1#
#29365
0#
1%
#29368
1#
#29369
0#
0%
#29371
b1000110001 &
#29372
1#
#29373
0#
#29376
1#
#29377
0#
#29380
1#
b10100010000 4
#29381
0#
1%
#29384
1#
#29385
0#
#29388
1#
#29389
0#
0%
#29391
b1000110010 &
#29392
1#
#29393
0#
1%
#29396
1#
#29397
0#
#29400
1#
b10100010001 4
#29401
0#
0%
#29404
1#
#29405
0#
1%
#29408
1#
#29409
0#
#29412
1#
#29413
0#
0%
#29416
1#
#29417
0#
#29420
1#
b10100010010 4
#29421
0#
#29424
1#
#29425
0#
#29428
1#
#29429
0#
1%
#29432
1#
#29433
0#
#29436
1#
#29437
0#
0%
#29440
1#
b10100010011 4
#29441
0#
#29444
1#
#29445
0#
#29448
1#
#29449
0#
1%
#29452
1#
#29453
0#
0%
#29456
1#
1$
#29457
0#
#29460
1#
b10100010100 4
#29461
0#
#29464
1#
#29465
0#
#29468
1#
#29469
0#
1%
#29471
b1000110011 &
#29472
1#
#29473
0#
0%
#29476
1#
0$
#29477
0#
#29480
1#
b10100010101 4
#29481
0#
#29484
1#
#29485
0#
#29488
1#
#29489
0#
1%
#29492
1#
#29493
0#
0%
#29496
1#
#29497
0#
1%
#29500
1#
b10100010110 4
#29501
0#
#29504
1#
#29505
0#
0%
#29508
1#
#29509
0#
#29511
b1000110100 &
#29512
1#
#29513
0#
#29516
1#
#29517
0#
1%
#29520
1#
b10100010111 4
#29521
0#
0%
#29524
1#
#29525
0#
1%
#29528
1#
#29529
0#
0%
#29531
b1000110101 &
#29532
1#
#29533
0#
#29536
1#
#29537
0#
1%
#29540
1#
b10100011000 4
#29541
0#
0%
#29544
1#
#29545
0#
1%
#29548
1#
#29549
0#
0%
#29551
b1000110110 &
#29552
1#
#29553
0#
1%
#29556
1#
1$
#29557
0#
#29560
1#
b10100011001 4
#29561
0#
#29564
1#
#29565
0#
#29568
1#
#29569
0#
0%
#29572
1#
#29573
0#
1%
#29576
1#
#29577
0#
#29580
1#
b10100011010 4
#29581
0#
#29584
1#
#29585
0#
0%
#29588
1#
#29589
0#
#29592
1#
#29593
0#
#29596
1#
#29597
0#
1%
#29600
1#
b10100011011 4
#29601
0#
#29604
1#
#29605
0#
0%
#29608
1#
#29609
0#
1%
#29611
b1000110111 &
#29612
1#
#29613
0#
#29616
1#
#29617
0#
#29620
1#
b10100011100 4
#29621
0#
#29624
1#
#29625
0#
0%
#29628
1#
#29629
0#
#29632
1#
#29633
0#
#29636
1#
#29637
0#
#29640
1#
b10100011101 4
#29641
0#
1%
#29644
1#
#29645
0#
#29648
1#
#29649
0#
#29651
b1000111000 &
#29652
1#
#29653
0#
#29656
1#
#29657
0#
0%
#29660
1#
b10100011110 4
#29661
0#
#29664
1#
#29665
0#
#29668
1#
#29669
0#
1%
#29671
b1000111001 &
#29672
1#
#29673
0#
#29676
1#
#29677
0#
#29680
1#
b10100011111 4
#29681
0#
0%
#29684
1#
#29685
0#
1%
#29688
1#
#29689
0#
#29691
b1000111010 &
#29692
1#
#29693
0#
#29696
1#
0$
#29697
0#
0%
#29700
1#
b10100100000 4
#29701
0#
#29704
1#
#29705
0#
1%
#29708
1#
#29709
0#
0%
#29711
b1000111011 &
#29712
1#
#29713
0#
1%
#29716
1#
#29717
0#
#29720
1#
b10100100001 4
#29721
0#
0%
#29724
1#
#29725
0#
1%
#29728
1#
#29729
0#
#29732
1#
#29733
0#
#29736
1#
1$
#29737
0#
#29740
1#
b10100100010 4
#29741
0#
#29744
1#
#29745
0#
0%
#29748
1#
#29749
0#
1%
#29751
b1000111100 &
#29752
1#
#29753
0#
#29756
1#
0$
#29757
0#
#29760
1#
b10100100011 4
#29761
0#
#29764
1#
#29765
0#
0%
#29768
1#
#29769
0#
1%
#29772
1#
#29773
0#
0%
#29776
1#
1$
#29777
0#
#29780
1#
b10100100100 4
#29781
0#
1%
#29784
1#
#29785
0#
#29788
1#
#29789
0#
#29791
b1000111101 &
#29792
1#
#29793
0#
#29796
1#
#29797
0#
#29800
1#
b10100100101 4
#29801
0#
0%
#29804
1#
#29805
0#
#29808
1#
#29809
0#
#29812
1#
#29813
0#
#29816
1#
#29817
0#
1%
#29820
1#
b10100100110 4
#29821
0#
#29824
1#
#29825
0#
0%
#29828
1#
#29829
0#
#29832
1#
#29833
0#
#29836
1#
0$
#29837
0#
#29840
1#
b10100100111 4
#29841
0#
1%
#29844
1#
#29845
0#
0%
#29848
1#
#29849
0#
#29851
b1000111110 &
#29852
1#
#29853
0#
1%
#29856
1#
#29857
0#
0%
#29860
1#
b10100101000 4
#29861
0#
#29864
1#
#29865
0#
#29868
1#
#29869
0#
1%
#29872
1#
#29873
0#
#29876
1#
1$
#29877
0#
0%
#29880
1#
b10100101001 4
#29881
0#
#29884
1#
#29885
0#
1%
#29888
1#
#29889
0#
#29891
b1000111111 &
#29892
1#
#29893
0#
#29896
1#
#29897
0#
#29900
1#
b10100101010 4
#29901
0#
0%
#29904
1#
#29905
0#
1%
#29908
1#
#29909
0#
0%
#29912
1#
#29913
0#
#29916
1#
0$
#29917
0#
1%
#29920
1#
b10100101011 4
#29921
0#
0%
#29924
1#
#29925
0#
#29928
1#
#29929
0#
1%
#29932
1#
#29933
0#
0%
#29936
1#
1$
#29937
0#
#29940
1#
b10100101100 4
#29941
0#
#29944
1#
#29945
0#
#29948
1#
#29949
0#
1%
#29951
b1001000000 &
#29952
1#
#29953
0#
0%
#29956
1#
#29957
0#
#29960
1#
b10100101101 4
#29961
0#
1%
#29964
1#
#29965
0#
0%
#29968
1#
#29969
0#
#29972
1#
#29973
0#
#29976
1#
0$
#29977
0#
1%
#29980
1#
b10100101110 4
#29981
0#
#29984
1#
#29985
0#
#29988
1#
#29989
0#
0%
#29991
b1001000001 &
#29992
1#
#29993
0#
#29996
1#
#29997
0#
#30000
1#
b10100101111 4
#30001
0#
1%
#30004
1#
#30005
0#
0%
#30008
1#
#30009
0#
1%
#30012
1#
#30013
0#
#30016
1#
#30017
0#
0%
#30020
1#
b10100110000 4
#30021
0#
1%
#30024
1#
#30025
0#
#30028
1#
#30029
0#
#30032
1#
#30033
0#
#30036
1#
#30037
0#
0%
#30040
1#
b10100110001 4
#30041
0#
1%
#30044
1#
#30045
0#
0%
#30048
1#
#30049
0#
#30051
b1001000010 &
#30052
1#
#30053
0#
#30056
1#
1$
#30057
0#
#30060
1#
b10100110010 4
#30061
0#
#30064
1#
#30065
0#
1%
#30068
1#
#30069
0#
#30071
b1001000011 &
#30072
1#
#30073
0#
#30076
1#
0$
#30077
0#
#30080
1#
b10100110011 4
#30081
0#
0%
#30084
1#
#30085
0#
1%
#30088
1#
#30089
0#
#30092
1#
#30093
0#
#30096
1#
#30097
0#
#30100
1#
b10100110100 4
#30101
0#
#30104
1#
#30105
0#
#30108
1#
#30109
0#
#30112
1#
#30113
0#
0%
#30116
1#
1$
#30117
0#
#30120
1#
b10100110101 4
#30121
0#
1%
#30124
1#
#30125
0#
#30128
1#
#30129
0#
#30131
b1001000100 &
#30132
1#
#30133
0#
#30136
1#
0$
#30137
0#
#30140
1#
b10100110110 4
#30141
0#
#30144
1#
#30145
0#
0%
#30148
1#
#30149
0#
#30151
b1001000101 &
#30152
1#
#30153
0#
1%
#30156
1#
1$
#30157
0#
#30160
1#
b10100110111 4
#30161
0#
#30164
1#
#30165
0#
#30168
1#
#30169
0#
0%
#30172
1#
#30173
0#
1%
#30176
1#
0$
#30177
0#
0%
#30180
1#
b10100111000 4
#30181
0#
#30184
1#
#30185
0#
1%
#30188
1#
#30189
0#
#30192
1#
#30193
0#
0%
#30196
1#
1$
#30197
0#
1%
#30200
1#
b10100111001 4
#30201
0#
#30204
1#
#30205
0#
#30208
1#
#30209
0#
#30211
b1001000110 &
#30212
1#
#30213
0#
#30216
1#
0$
#30217
0#
#30220
1#
b10100111010 4
#30221
0#
0%
#30224
1#
#30225
0#
1%
#30228
1#
#30229
0#
#30232
1#
#30233
0#
0%
#30236
1#
#30237
0#
1%
#30240
1#
b10100111011 4
#30241
0#
#30244
1#
#30245
0#
#30248
1#
#30249
0#
#30252
1#
#30253
0#
#30256
1#
#30257
0#
0%
#30260
1#
b10100111100 4
#30261
0#
1%
#30264
1#
#30265
0#
#30268
1#
#30269
0#
0%
#30271
b1001000111 &
#30272
1#
#30273
0#
1%
#30276
1#
#30277
0#
0%
#30280
1#
b10100111101 4
#30281
0#
1%
#30284
1#
#30285
0#
#30288
1#
#30289
0#
#30292
1#
#30293
0#
#30296
1#
1$
#30297
0#
0%
#30300
1#
b10100111110 4
#30301
0#
#30304
1#
#30305
0#
#30308
1#
#30309
0#
#30312
1#
#30313
0#
1%
#30316
1#
#30317
0#
0%
#30320
1#
b10100111111 4
#30321
0#
#30324
1#
#30325
0#
1%
#30328
1#
#30329
0#
0%
#30332
1#
#30333
0#
1%
#30336
1#
0$
#30337
0#
#30340
1#
b10101000000 4
#30341
0#
0%
#30344
1#
#30345
0#
1%
#30348
1#
#30349
0#
0%
#30351
b1001001000 &
#30352
1#
#30353
0#
#30356
1#
#30357
0#
1%
#30360
1#
b10101000001 4
#30361
0#
0%
#30364
1#
#30365
0#
1%
#30368
1#
#30369
0#
0%
#30371
b1001001001 &
#30372
1#
#30373
0#
#30376
1#
1$
#30377
0#
#30380
1#
b10101000010 4
#30381
0#
#30384
1#
#30385
0#
#30388
1#
#30389
0#
#30392
1#
#30393
0#
#30396
1#
0$
#30397
0#
1%
#30400
1#
b10101000011 4
#30401
0#
#30404
1#
#30405
0#
0%
#30408
1#
#30409
0#
#30411
b1001001010 &
#30412
1#
#30413
0#
1%
#30416
1#
#30417
0#
#30420
1#
b10101000100 4
#30421
0#
0%
#30424
1#
#30425
0#
#30428
1#
#30429
0#
#30431
b1001001011 &
#30432
1#
#30433
0#
1%
#30436
1#
#30437
0#
#30440
1#
b10101000101 4
#30441
0#
0%
#30444
1#
#30445
0#
#30448
1#
#30449
0#
1%
#30452
1#
#30453
0#
#30456
1#
1$
#30457
0#
#30460
1#
b10101000110 4
#30461
0#
0%
#30464
1#
#30465
0#
1%
#30468
1#
#30469
0#
#30471
b1001001100 &
#30472
1#
#30473
0#
0%
#30476
1#
#30477
0#
#30480
1#
b10101000111 4
#30481
0#
#30484
1#
#30485
0#
#30488
1#
#30489
0#
#30492
1#
#30493
0#
1%
#30496
1#
#30497
0#
#30500
1#
b10101001000 4
#30501
0#
#30504
1#
#30505
0#
0%
#30508
1#
#30509
0#
#30512
1#
#30513
0#
#30516
1#
#30517
0#
#30520
1#
b10101001001 4
#30521
0#
#30524
1#
#30525
0#
1%
#30528
1#
#30529
0#
#30531
b1001001101 &
#30532
1#
#30533
0#
0%
#30536
1#
0$
#30537
0#
#30540
1#
b10101001010 4
#30541
0#
1%
#30544
1#
#30545
0#
#30548
1#
#30549
0#
#30552
1#
#30553
0#
#30556
1#
1$
#30557
0#
0%
#30560
1#
b10101001011 4
#30561
0#
#30564
1#
#30565
0#
1%
#30568
1#
#30569
0#
#30571
b1001001110 &
#30572
1#
#30573
0#
0%
#30576
1#
0$
#30577
0#
1%
#30580
1#
b10101001100 4
#30581
0#
0%
#30584
1#
#30585
0#
#30588
1#
#30589
0#
1%
#30592
1#
#30593
0#
0%
#30596
1#
#30597
0#
1%
#30600
1#
b10101001101 4
#30601
0#
0%
#30604
1#
#30605
0#
#30608
1#
#30609
0#
#30611
b1001001111 &
#30612
1#
#30613
0#
1%
#30616
1#
1$
#30617
0#
#30620
1#
b10101001110 4
#30621
0#
#30624
1#
#30625
0#
0%
#30628
1#
#30629
0#
#30632
1#
#30633
0#
1%
#30636
1#
#30637
0#
0%
#30640
1#
b10101001111 4
#30641
0#
1%
#30644
1#
#30645
0#
0%
#30648
1#
#30649
0#
1%
#30651
b1001010000 &
#30652
1#
#30653
0#
0%
#30656
1#
0$
#30657
0#
1%
#30660
1#
b10101010000 4
#30661
0#
#30664
1#
#30665
0#
#30668
1#
#30669
0#
0%
#30671
b1001010001 &
#30672
1#
#30673
0#
#30676
1#
1$
#30677
0#
1%
#30680
1#
b10101010001 4
#30681
0#
#30684
1#
#30685
0#
#30688
1#
#30689
0#
#30691
b1001010010 &
#30692
1#
#30693
0#
#30696
1#
#30697
0#
#30700
1#
b10101010010 4
#30701
0#
0%
#30704
1#
#30705
0#
1%
#30708
1#
#30709
0#
0%
#30712
1#
#30713
0#
#30716
1#
#30717
0#
1%
#30720
1#
b10101010011 4
#30721
0#
0%
#30724
1#
#30725
0#
#30728
1#
#30729
0#
#30732
1#
#30733
0#
1%
#30736
1#
0$
#30737
0#
0%
#30740
1#
b10101010100 4
#30741
0#
#30744
1#
#30745
0#
1%
#30748
1#
#30749
0#
#30752
1#
#30753
0#
#30756
1#
#30757
0#
#30760
1#
b10101010101 4
#30761
0#
#30764
1#
#30765
0#
0%
#30768
1#
#30769
0#
#30771
b1001010011 &
#30772
1#
#30773
0#
#30776
1#
#30777
0#
#30780
1#
b10101010110 4
#30781
0#
#30784
1#
#30785
0#
1%
#30788
1#
#30789
0#
#30792
1#
#30793
0#
0%
#30796
1#
#30797
0#
#30800
1#
b10101010111 4
#30801
0#
1%
#30804
1#
#30805
0#
#30808
1#
#30809
0#
0%
#30811
b1001010100 &
#30812
1#
#30813
0#
1%
#30816
1#
1$
#30817
0#
0%
#30820
1#
b10101011000 4
#30821
0#
#30824
1#
#30825
0#
#30828
1#
#30829
0#
1%
#30831
b1001010101 &
#30832
1#
#30833
0#
0%
#30836
1#
#30837
0#
1%
#30840
1#
b10101011001 4
#30841
0#
0%
#30844
1#
#30845
0#
#30848
1#
#30849
0#
1%
#30851
b1001010110 &
#30852
1#
#30853
0#
0%
#30856
1#
0$
#30857
0#
#30860
1#
b10101011010 4
#30861
0#
#30864
1#
#30865
0#
1%
#30868
1#
#30869
0#
#30872
1#
#30873
0#
0%
#30876
1#
1$
#30877
0#
1%
#30880
1#
b10101011011 4
#30881
0#
#30884
1#
#30885
0#
#30888
1#
#30889
0#
#30891
b1001010111 &
#30892
1#
#30893
0#
#30896
1#
0$
#30897
0#
#30900
1#
b10101011100 4
#30901
0#
#30904
1#
#30905
0#
#30908
1#
#30909
0#
#30912
1#
#30913
0#
0%
#30916
1#
1$
#30917
0#
#30920
1#
b10101011101 4
#30921
0#
1%
#30924
1#
#30925
0#
0%
#30928
1#
#30929
0#
#30932
1#
#30933
0#
1%
#30936
1#
0$
#30937
0#
0%
#30940
1#
b10101011110 4
#30941
0#
#30944
1#
#30945
0#
1%
#30948
1#
#30949
0#
0%
#30951
b1001011000 &
#30952
1#
#30953
0#
#30956
1#
#30957
0#
1%
#30960
1#
b10101011111 4
#30961
0#
#30964
1#
#30965
0#
0%
#30968
1#
#30969
0#
#30971
b1001011001 &
#30972
1#
#30973
0#
1%
#30976
1#
#30977
0#
#30980
1#
b10101100000 4
#30981
0#
#30984
1#
#30985
0#
#30988
1#
#30989
0#
#30992
1#
#30993
0#
#30996
1#
1$
#30997
0#
#31000
1#
b10101100001 4
#31001
0#
#31004
1#
#31005
0#
#31008
1#
#31009
0#
0%
#31012
1#
#31013
0#
1%
#31016
1#
0$
#31017
0#
#31020
1#
b10101100010 4
#31021
0#
#31024
1#
#31025
0#
#31028
1#
#31029
0#
#31032
1#
#31033
0#
#31036
1#
1$
#31037
0#
#31040
1#
b10101100011 4
#31041
0#
#31044
1#
#31045
0#
0%
#31048
1#
#31049
0#
#31052
1#
#31053
0#
1%
#31056
1#
#31057
0#
#31060
1#
b10101100100 4
#31061
0#
#31064
1#
#31065
0#
#31068
1#
#31069
0#
0%
#31072
1#
#31073
0#
#31076
1#
#31077
0#
#31080
1#
b10101100101 4
#31081
0#
#31084
1#
#31085
0#
1%
#31088
1#
#31089
0#
0%
#31092
1#
#31093
0#
#31096
1#
#31097
0#
#31100
1#
b10101100110 4
#31101
0#
#31104
1#
#31105
0#
1%
#31108
1#
#31109
0#
#31111
b1001011010 &
#31112
1#
#31113
0#
0%
#31116
1#
#31117
0#
#31120
1#
b10101100111 4
#31121
0#
1%
#31124
1#
#31125
0#
#31128
1#
#31129
0#
0%
#31132
1#
#31133
0#
1%
#31136
1#
0$
#31137
0#
0%
#31140
1#
b10101101000 4
#31141
0#
#31144
1#
#31145
0#
1%
#31148
1#
#31149
0#
0%
#31151
b1001011011 &
#31152
1#
#31153
0#
#31156
1#
1$
#31157
0#
1%
#31160
1#
b10101101001 4
#31161
0#
0%
#31164
1#
#31165
0#
#31168
1#
#31169
0#
#31172
1#
#31173
0#
#31176
1#
#31177
0#
#31180
1#
b10101101010 4
#31181
0#
1%
#31184
1#
#31185
0#
0%
#31188
1#
#31189
0#
#31192
1#
#31193
0#
1%
#31196
1#
0$
#31197
0#
0%
#31200
1#
b10101101011 4
#31201
0#
#31204
1#
#31205
0#
1%
#31208
1#
#31209
0#
#31212
1#
#31213
0#
#31216
1#
1$
#31217
0#
0%
#31220
1#
b10101101100 4
#31221
0#
#31224
1#
#31225
0#
#31228
1#
#31229
0#
1%
#31231
b1001011100 &
#31232
1#
#31233
0#
#31236
1#
#31237
0#
0%
#31240
1#
b10101101101 4
#31241
0#
1%
#31244
1#
#31245
0#
0%
#31248
1#
#31249
0#
#31252
1#
#31253
0#
#31256
1#
0$
#31257
0#
1%
#31260
1#
b10101101110 4
#31261
0#
0%
#31264
1#
#31265
0#
#31268
1#
#31269
0#
#31271
b1001011101 &
#31272
1#
#31273
0#
#31276
1#
1$
#31277
0#
1%
#31280
1#
b10101101111 4
#31281
0#
0%
#31284
1#
#31285
0#
1%
#31288
1#
#31289
0#
#31291
b1001011110 &
#31292
1#
#31293
0#
0%
#31296
1#
0$
#31297
0#
#31300
1#
b10101110000 4
#31301
0#
#31304
1#
#31305
0#
#31308
1#
#31309
0#
1%
#31312
1#
#31313
0#
#31316
1#
#31317
0#
#31320
1#
b10101110001 4
#31321
0#
#31324
1#
#31325
0#
#31328
1#
#31329
0#
#31332
1#
#31333
0#
#31336
1#
1$
#31337
0#
0%
#31340
1#
b10101110010 4
#31341
0#
#31344
1#
#31345
0#
1%
#31348
1#
#31349
0#
0%
#31352
1#
#31353
0#
#31356
1#
#31357
0#
#31360
1#
b10101110011 4
#31361
0#
1%
#31364
1#
#31365
0#
#31368
1#
#31369
0#
0%
#31372
1#
#31373
0#
#31376
1#
#31377
0#
#31380
1#
b10101110100 4
#31381
0#
1%
#31384
1#
#31385
0#
0%
#31388
1#
#31389
0#
#31392
1#
#31393
0#
#31396
1#
#31397
0#
#31400
1#
b10101110101 4
#31401
0#
#31404
1#
#31405
0#
#31408
1#
#31409
0#
#31412
1#
#31413
0#
#31416
1#
#31417
0#
1%
#31420
1#
b10101110110 4
#31421
0#
#31424
1#
#31425
0#
0%
#31428
1#
#31429
0#
#31432
1#
#31433
0#
1%
#31436
1#
#31437
0#
#31440
1#
b10101110111 4
#31441
0#
#31444
1#
#31445
0#
0%
#31448
1#
#31449
0#
1%
#31451
b1001011111 &
#31452
1#
#31453
0#
#31456
1#
#31457
0#
#31460
1#
b10101111000 4
#31461
0#
0%
#31464
1#
#31465
0#
#31468
1#
#31469
0#
1%
#31471
b1001100000 &
#31472
1#
#31473
0#
0%
#31476
1#
#31477
0#
1%
#31480
1#
b10101111001 4
#31481
0#
0%
#31484
1#
#31485
0#
#31488
1#
#31489
0#
#31492
1#
#31493
0#
1%
#31496
1#
#31497
0#
#31500
1#
b10101111010 4
#31501
0#
0%
#31504
1#
#31505
0#
1%
#31508
1#
#31509
0#
#31511
b1001100001 &
#31512
1#
#31513
0#
#31516
1#
#31517
0#
#31520
1#
b10101111011 4
#31521
0#
0%
#31524
1#
#31525
0#
#31528
1#
#31529
0#
1%
#31531
b1001100010 &
#31532
1#
#31533
0#
#31536
1#
0$
#31537
0#
0%
#31540
1#
b10101111100 4
#31541
0#
#31544
1#
#31545
0#
#31548
1#
#31549
0#
1%
#31552
1#
#31553
0#
#31556
1#
#31557
0#
0%
#31560
1#
b10101111101 4
#31561
0#
1%
#31564
1#
#31565
0#
#31568
1#
#31569
0#
0%
#31571
b1001100011 &
#31572
1#
#31573
0#
1%
#31576
1#
1$
#31577
0#
#31580
1#
b10101111110 4
#31581
0#
0%
#31584
1#
#31585
0#
1%
#31588
1#
#31589
0#
#31591
b1001100100 &
#31592
1#
#31593
0#
0%
#31596
1#
0$
#31597
0#
1%
#31600
1#
b10101111111 4
#31601
0#
0%
#31604
1#
#31605
0#
1%
#31608
1#
#31609
0#
0%
#31611
b1001100101 &
#31612
1#
#31613
0#
#31616
1#
#31617
0#
1%
#31620
1#
b10110000000 4
#31621
0#
#31624
1#
#31625
0#
0%
#31628
1#
#31629
0#
#31631
b1001100110 &
#31632
1#
#31633
0#
1%
#31636
1#
1$
#31637
0#
#31640
1#
b10110000001 4
#31641
0#
0%
#31644
1#
#31645
0#
1%
#31648
1#
#31649
0#
#31651
b1001100111 &
#31652
1#
#31653
0#
0%
#31656
1#
#31657
0#
1%
#31660
1#
b10110000010 4
#31661
0#
0%
#31664
1#
#31665
0#
#31668
1#
#31669
0#
#31672
1#
#31673
0#
1%
#31676
1#
0$
#31677
0#
0%
#31680
1#
b10110000011 4
#31681
0#
1%
#31684
1#
#31685
0#
0%
#31688
1#
#31689
0#
#31691
b1001101000 &
#31692
1#
#31693
0#
1%
#31696
1#
#31697
0#
0%
#31700
1#
b10110000100 4
#31701
0#
#31704
1#
#31705
0#
1%
#31708
1#
#31709
0#
0%
#31711
b1001101001 &
#31712
1#
#31713
0#
1%
#31716
1#
1$
#31717
0#
0%
#31720
1#
b10110000101 4
#31721
0#
1%
#31724
1#
#31725
0#
0%
#31728
1#
#31729
0#
1%
#31731
b1001101010 &
#31732
1#
#31733
0#
#31736
1#
#31737
0#
0%
#31740
1#
b10110000110 4
#31741
0#
#31744
1#
#31745
0#
1%
#31748
1#
#31749
0#
#31751
b1001101011 &
#31752
1#
#31753
0#
#31756
1#
0$
#31757
0#
0%
#31760
1#
b10110000111 4
#31761
0#
#31764
1#
#31765
0#
1%
#31768
1#
#31769
0#
#31772
1#
#31773
0#
0%
#31776
1#
1$
#31777
0#
1%
#31780
1#
b10110001000 4
#31781
0#
0%
#31784
1#
#31785
0#
1%
#31788
1#
#31789
0#
0%
#31792
1#
#31793
0#
1%
#31796
1#
#31797
0#
0%
#31800
1#
b10110001001 4
#31801
0#
#31804
1#
#31805
0#
#31808
1#
#31809
0#
#31812
1#
#31813
0#
#31816
1#
0$
#31817
0#
1%
#31820
1#
b10110001010 4
#31821
0#
0%
#31824
1#
#31825
0#
1%
#31828
1#
#31829
0#
#31832
1#
#31833
0#
#31836
1#
#31837
0#
#31840
1#
b10110001011 4
#31841
0#
#31844
1#
#31845
0#
#31848
1#
#31849
0#
0%
#31851
b1001101100 &
#31852
1#
#31853
0#
1%
#31856
1#
1$
#31857
0#
#31860
1#
b10110001100 4
#31861
0#
0%
#31864
1#
#31865
0#
1%
#31868
1#
#31869
0#
#31871
b1001101101 &
#31872
1#
#31873
0#
0%
#31876
1#
#31877
0#
#31880
1#
b10110001101 4
#31881
0#
1%
#31884
1#
#31885
0#
0%
#31888
1#
#31889
0#
#31892
1#
#31893
0#
#31896
1#
#31897
0#
#31900
1#
b10110001110 4
#31901
0#
1%
#31904
1#
#31905
0#
#31908
1#
#31909
0#
0%
#31912
1#
#31913
0#
1%
#31916
1#
#31917
0#
0%
#31920
1#
b10110001111 4
#31921
0#
#31924
1#
#31925
0#
#31928
1#
#31929
0#
1%
#31931
b1001101110 &
#31932
1#
#31933
0#
#31936
1#
0$
#31937
0#
0%
#31940
1#
b10110010000 4
#31941
0#
1%
#31944
1#
#31945
0#
0%
#31948
1#
#31949
0#
1%
#31952
1#
#31953
0#
0%
#31956
1#
#31957
0#
#31960
1#
b10110010001 4
#31961
0#
#31964
1#
#31965
0#
1%
#31968
1#
#31969
0#
0%
#31971
b1001101111 &
#31972
1#
#31973
0#
1%
#31976
1#
#31977
0#
#31980
1#
b10110010010 4
#31981
0#
0%
#31984
1#
#31985
0#
#31988
1#
#31989
0#
#31991
b1001110000 &
#31992
1#
#31993
0#
#31996
1#
#31997
0#
1%
#32000
1#
b10110010011 4
#32001
0#
0%
#32004
1#
#32005
0#
#32008
1#
#32009
0#
1%
#32012
1#
#32013
0#
#32016
1#
#32017
0#
0%
#32020
1#
b10110010100 4
#32021
0#
1%
#32024
1#
#32025
0#
#32028
1#
#32029
0#
#32032
1#
#32033
0#
0%
#32036
1#
#32037
0#
1%
#32040
1#
b10110010101 4
#32041
0#
#32044
1#
#32045
0#
#32048
1#
#32049
0#
#32052
1#
#32053
0#
0%
#32056
1#
#32057
0#
1%
#32060
1#
b10110010110 4
#32061
0#
#32064
1#
#32065
0#
#32068
1#
#32069
0#
#32072
1#
#32073
0#
#32076
1#
1$
#32077
0#
0%
#32080
1#
b10110010111 4
#32081
0#
#32084
1#
#32085
0#
#32088
1#
#32089
0#
#32092
1#
#32093
0#
#32096
1#
#32097
0#
#32100
1#
b10110011000 4
#32101
0#
#32104
1#
#32105
0#
#32108
1#
#32109
0#
1%
#32111
b1001110001 &
#32112
1#
#32113
0#
#32116
1#
#32117
0#
#32120
1#
b10110011001 4
#32121
0#
0%
#32124
1#
#32125
0#
1%
#32128
1#
#32129
0#
#32131
b1001110010 &
#32132
1#
#32133
0#
0%
#32136
1#
0$
#32137
0#
1%
#32140
1#
b10110011010 4
#32141
0#
#32144
1#
#32145
0#
#32148
1#
#32149
0#
#32152
1#
#32153
0#
0%
#32156
1#
#32157
0#
1%
#32160
1#
b10110011011 4
#32161
0#
#32164
1#
#32165
0#
0%
#32168
1#
#32169
0#
1%
#32172
1#
#32173
0#
#32176
1#
#32177
0#
0%
#32180
1#
b10110011100 4
#32181
0#
#32184
1#
#32185
0#
#32188
1#
#32189
0#
#32191
b1001110011 &
#32192
1#
#32193
0#
1%
#32196
1#
1$
#32197
0#
#32200
1#
b10110011101 4
#32201
0#
0%
#32204
1#
#32205
0#
#32208
1#
#32209
0#
1%
#32211
b1001110100 &
#32212
1#
#32213
0#
0%
#32216
1#
0$
#32217
0#
1%
#32220
1#
b10110011110 4
#32221
0#
0%
#32224
1#
#32225
0#
#32228
1#
#32229
0#
#32231
b1001110101 &
#32232
1#
#32233
0#
#32236
1#
1$
#32237
0#
1%
#32240
1#
b10110011111 4
#32241
0#
#32244
1#
#32245
0#
0%
#32248
1#
#32249
0#
1%
#32251
b1001110110 &
#32252
1#
#32253
0#
0%
#32256
1#
0$
#32257
0#
1%
#32260
1#
b10110100000 4
#32261
0#
0%
#32264
1#
#32265
0#
#32268
1#
#32269
0#
#32271
b1001110111 &
#32272
1#
#32273
0#
#32276
1#
1$
#32277
0#
1%
#32280
1#
b10110100001 4
#32281
0#
#32284
1#
#32285
0#
0%
#32288
1#
#32289
0#
#32292
1#
#32293
0#
#32296
1#
0$
#32297
0#
1%
#32300
1#
b10110100010 4
#32301
0#
0%
#32304
1#
#32305
0#
#32308
1#
#32309
0#
1%
#32312
1#
#32313
0#
0%
#32316
1#
#32317
0#
1%
#32320
1#
b10110100011 4
#32321
0#
0%
#32324
1#
#32325
0#
#32328
1#
#32329
0#
1%
#32332
1#
#32333
0#
#32336
1#
#32337
0#
0%
#32340
1#
b10110100100 4
#32341
0#
1%
#32344
1#
#32345
0#
#32348
1#
#32349
0#
0%
#32351
b1001111000 &
#32352
1#
#32353
0#
1%
#32356
1#
1$
#32357
0#
0%
#32360
1#
b10110100101 4
#32361
0#
#32364
1#
#32365
0#
#32368
1#
#32369
0#
1%
#32371
b1001111001 &
#32372
1#
#32373
0#
#32376
1#
0$
#32377
0#
0%
#32380
1#
b10110100110 4
#32381
0#
1%
#32384
1#
#32385
0#
#32388
1#
#32389
0#
#32392
1#
#32393
0#
0%
#32396
1#
#32397
0#
#32400
1#
b10110100111 4
#32401
0#
1%
#32404
1#
#32405
0#
#32408
1#
#32409
0#
#32412
1#
#32413
0#
#32416
1#
#32417
0#
0%
#32420
1#
b10110101000 4
#32421
0#
1%
#32424
1#
#32425
0#
#32428
1#
#32429
0#
0%
#32431
b1001111010 &
#32432
1#
#32433
0#
1%
#32436
1#
1$
#32437
0#
0%
#32440
1#
b10110101001 4
#32441
0#
#32444
1#
#32445
0#
#32448
1#
#32449
0#
#32452
1#
#32453
0#
#32456
1#
#32457
0#
#32460
1#
b10110101010 4
#32461
0#
#32464
1#
#32465
0#
#32468
1#
#32469
0#
1%
#32471
b1001111011 &
#32472
1#
#32473
0#
0%
#32476
1#
#32477
0#
1%
#32480
1#
b10110101011 4
#32481
0#
#32484
1#
#32485
0#
0%
#32488
1#
#32489
0#
#32492
1#
#32493
0#
#32496
1#
0$
#32497
0#
#32500
1#
b10110101100 4
#32501
0#
#32504
1#
#32505
0#
1%
#32508
1#
#32509
0#
0%
#32511
b1001111100 &
#32512
1#
#32513
0#
#32516
1#
1$
#32517
0#
#32520
1#
b10110101101 4
#32521
0#
1%
#32524
1#
#32525
0#
0%
#32528
1#
#32529
0#
#32532
1#
#32533
0#
#32536
1#
#32537
0#
#32540
1#
b10110101110 4
#32541
0#
1%
#32544
1#
#32545
0#
0%
#32548
1#
#32549
0#
#32552
1#
#32553
0#
#32556
1#
0$
#32557
0#
#32560
1#
b10110101111 4
#32561
0#
#32564
1#
#32565
0#
1%
#32568
1#
#32569
0#
#32572
1#
#32573
0#
0%
#32576
1#
1$
#32577
0#
1%
#32580
1#
b10110110000 4
#32581
0#
#32584
1#
#32585
0#
0%
#32588
1#
#32589
0#
#32592
1#
#32593
0#
1%
#32596
1#
#32597
0#
0%
#32600
1#
b10110110001 4
#32601
0#
#32604
1#
#32605
0#
#32608
1#
#32609
0#
#32612
1#
#32613
0#
1%
#32616
1#
0$
#32617
0#
0%
#32620
1#
b10110110010 4
#32621
0#
1%
#32624
1#
#32625
0#
0%
#32628
1#
#32629
0#
#32631
b1001111101 &
#32632
1#
#32633
0#
#32636
1#
#32637
0#
#32640
1#
b10110110011 4
#32641
0#
1%
#32644
1#
#32645
0#
0%
#32648
1#
#32649
0#
#32651
b1001111110 &
#32652
1#
#32653
0#
1%
#32656
1#
#32657
0#
#32660
1#
b10110110100 4
#32661
0#
#32664
1#
#32665
0#
0%
#32668
1#
#32669
0#
#32671
b1001111111 &
#32672
1#
#32673
0#
#32676
1#
1$
#32677
0#
#32680
1#
b10110110101 4
#32681
0#
1%
#32684
1#
#32685
0#
#32688
1#
#32689
0#
0%
#32692
1#
#32693
0#
1%
#32696
1#
0$
#32697
0#
0%
#32700
1#
b10110110110 4
#32701
0#
#32704
1#
#32705
0#
1%
#32708
1#
#32709
0#
#32712
1#
#32713
0#
0%
#32716
1#
#32717
0#
1%
#32720
1#
b10110110111 4
#32721
0#
#32724
1#
#32725
0#
0%
#32728
1#
#32729
0#
1%
#32732
1#
#32733
0#
0%
#32736
1#
#32737
0#
1%
#32740
1#
b10110111000 4
#32741
0#
#32744
1#
#32745
0#
0%
#32748
1#
#32749
0#
#32751
b1010000000 &
#32752
1#
#32753
0#
#32756
1#
#32757
0#
1%
#32760
1#
b10110111001 4
#32761
0#
0%
#32764
1#
#32765
0#
1%
