Sample in Buffer,Sample in Window,TRIGGER,design_2_i/adc_bit_decoder_0_t_ready,design_2_i/ZmodScopeController_0_cDataAxisTvalid,design_2_i/delay_96_cycles_0_dout,design_2_i/adc_bit_decoder_0_bit_out,design_2_i/comparator_0_correct_bits[13:0],design_2_i/comparator_0_whole_bits[13:0]
Radix - UNSIGNED,UNSIGNED,UNSIGNED,HEX,HEX,HEX,HEX,UNSIGNED,UNSIGNED
0,0,0,1,1,1,0,6609,16210
1,1,0,1,0,1,1,6609,16210
2,2,0,1,0,1,1,6609,16210
3,3,0,1,0,1,1,6609,16210
4,4,0,1,1,1,1,6609,16210
5,5,0,1,0,1,1,6609,16210
6,6,0,1,0,1,1,6609,16210
7,7,0,1,0,1,1,6609,16210
8,8,0,1,1,1,1,6609,16210
9,9,0,1,0,1,1,6609,16210
10,10,0,1,0,1,1,6610,16210
11,11,0,1,0,1,1,6610,16210
12,12,0,1,1,1,1,6610,16210
13,13,0,1,0,1,1,6610,16210
14,14,0,1,0,1,1,6610,16210
15,15,0,1,0,1,1,6610,16210
16,16,0,1,1,1,1,6610,16210
17,17,0,1,0,1,1,6610,16210
18,18,0,1,0,1,1,6610,16210
19,19,0,1,0,1,1,6610,16211
20,20,0,1,1,1,1,6610,16211
21,21,0,1,0,1,0,6610,16211
22,22,0,1,0,1,0,6610,16211
23,23,0,1,0,1,0,6610,16211
24,24,0,1,1,1,0,6610,16211
25,25,0,1,0,1,0,6610,16211
26,26,0,1,0,1,0,6610,16211
27,27,0,1,0,1,0,6610,16211
28,28,0,1,1,1,0,6610,16211
29,29,0,1,0,1,0,6610,16211
30,30,0,1,0,1,0,6610,16211
31,31,0,1,0,1,0,6610,16211
32,32,0,1,1,1,0,6610,16211
33,33,0,1,0,1,0,6610,16211
34,34,0,1,0,1,0,6610,16211
35,35,0,1,0,1,0,6610,16211
36,36,0,1,1,1,0,6610,16211
37,37,0,1,0,1,1,6610,16211
38,38,0,1,0,1,1,6610,16211
39,39,0,1,0,1,1,6610,16212
40,40,0,1,1,1,1,6610,16212
41,41,0,1,0,1,0,6610,16212
42,42,0,1,0,1,0,6610,16212
43,43,0,1,0,1,0,6610,16212
44,44,0,1,1,1,0,6610,16212
45,45,0,1,0,1,1,6610,16212
46,46,0,1,0,1,1,6610,16212
47,47,0,1,0,1,1,6610,16212
48,48,0,1,1,1,1,6610,16212
49,49,0,1,0,1,0,6610,16212
50,50,0,1,0,1,0,6610,16212
51,51,0,1,0,1,0,6610,16212
52,52,0,1,1,1,0,6610,16212
53,53,0,1,0,1,0,6610,16212
54,54,0,1,0,1,0,6610,16212
55,55,0,1,0,1,0,6610,16212
56,56,0,1,1,0,0,6610,16212
57,57,0,1,0,0,1,6610,16212
58,58,0,1,0,0,1,6610,16212
59,59,0,1,0,0,1,6610,16213
60,60,0,1,1,0,1,6610,16213
61,61,0,1,0,0,1,6610,16213
62,62,0,1,0,0,1,6610,16213
63,63,0,1,0,0,1,6610,16213
64,64,0,1,1,0,1,6610,16213
65,65,0,1,0,0,0,6610,16213
66,66,0,1,0,0,0,6610,16213
67,67,0,1,0,0,0,6610,16213
68,68,0,1,1,0,0,6610,16213
69,69,0,1,0,0,1,6610,16213
70,70,0,1,0,0,1,6610,16213
71,71,0,1,0,0,1,6610,16213
72,72,0,1,1,0,1,6610,16213
73,73,0,1,0,0,1,6610,16213
74,74,0,1,0,0,1,6610,16213
75,75,0,1,0,0,1,6610,16213
76,76,0,1,1,0,1,6610,16213
77,77,0,1,0,0,1,6610,16213
78,78,0,1,0,0,1,6610,16213
79,79,0,1,0,0,1,6610,16214
80,80,0,1,1,0,1,6610,16214
81,81,0,1,0,0,1,6610,16214
82,82,0,1,0,0,1,6610,16214
83,83,0,1,0,0,1,6610,16214
84,84,0,1,1,0,1,6610,16214
85,85,0,1,0,0,1,6610,16214
86,86,0,1,0,0,1,6610,16214
87,87,0,1,0,0,1,6610,16214
88,88,0,1,1,0,1,6610,16214
89,89,0,1,0,0,1,6610,16214
90,90,0,1,0,0,1,6610,16214
91,91,0,1,0,0,1,6610,16214
92,92,0,1,1,0,1,6610,16214
93,93,0,1,0,0,1,6610,16214
94,94,0,1,0,0,1,6610,16214
95,95,0,1,0,0,1,6610,16214
96,96,0,1,1,1,1,6610,16214
97,97,0,1,0,1,1,6610,16214
98,98,0,1,0,1,1,6610,16214
99,99,0,1,0,1,1,6610,16215
100,100,0,1,1,1,1,6610,16215
101,101,0,1,0,1,0,6610,16215
102,102,0,1,0,1,0,6610,16215
103,103,0,1,0,1,0,6610,16215
104,104,0,1,1,1,0,6610,16215
105,105,0,1,0,1,0,6610,16215
106,106,0,1,0,1,0,6610,16215
107,107,0,1,0,1,0,6610,16215
108,108,0,1,1,1,0,6610,16215
109,109,0,1,0,1,1,6610,16215
110,110,0,1,0,1,1,6611,16215
111,111,0,1,0,1,1,6611,16215
112,112,0,1,1,1,1,6611,16215
113,113,0,1,0,1,1,6611,16215
114,114,0,1,0,1,1,6611,16215
115,115,0,1,0,1,1,6611,16215
116,116,0,1,1,0,1,6611,16215
117,117,0,1,0,0,0,6611,16215
118,118,0,1,0,0,0,6611,16215
119,119,0,1,0,0,0,6611,16216
120,120,0,1,1,0,0,6611,16216
121,121,0,1,0,0,1,6611,16216
122,122,0,1,0,0,1,6611,16216
123,123,0,1,0,0,1,6611,16216
124,124,0,1,1,0,1,6611,16216
125,125,0,1,0,0,1,6611,16216
126,126,0,1,0,0,1,6611,16216
127,127,0,1,0,0,1,6611,16216
128,128,0,1,1,0,1,6611,16216
129,129,0,1,0,0,1,6611,16216
130,130,0,1,0,0,1,6611,16216
131,131,0,1,0,0,1,6611,16216
132,132,0,1,1,0,1,6611,16216
133,133,0,1,0,0,1,6611,16216
134,134,0,1,0,0,1,6611,16216
135,135,0,1,0,0,1,6611,16216
136,136,0,1,1,0,1,6611,16216
137,137,0,1,0,0,1,6611,16216
138,138,0,1,0,0,1,6611,16216
139,139,0,1,0,0,1,6611,16217
140,140,0,1,1,0,1,6611,16217
141,141,0,1,0,0,1,6611,16217
142,142,0,1,0,0,1,6611,16217
143,143,0,1,0,0,1,6611,16217
144,144,0,1,1,0,1,6611,16217
145,145,0,1,0,0,1,6611,16217
146,146,0,1,0,0,1,6611,16217
147,147,0,1,0,0,1,6611,16217
148,148,0,1,1,0,1,6611,16217
149,149,0,1,0,0,0,6611,16217
150,150,0,1,0,0,0,6612,16217
151,151,0,1,0,0,0,6612,16217
152,152,0,1,1,0,0,6612,16217
153,153,0,1,0,0,1,6612,16217
154,154,0,1,0,0,1,6612,16217
155,155,0,1,0,0,1,6612,16217
156,156,0,1,1,0,1,6612,16217
157,157,0,1,0,0,0,6612,16217
158,158,0,1,0,0,0,6612,16217
159,159,0,1,0,0,0,6612,16218
160,160,0,1,1,0,0,6612,16218
161,161,0,1,0,0,1,6612,16218
162,162,0,1,0,0,1,6612,16218
163,163,0,1,0,0,1,6612,16218
164,164,0,1,1,0,1,6612,16218
165,165,0,1,0,0,0,6612,16218
166,166,0,1,0,0,0,6612,16218
167,167,0,1,0,0,0,6612,16218
168,168,0,1,1,0,0,6612,16218
169,169,0,1,0,0,0,6612,16218
170,170,0,1,0,0,0,6613,16218
171,171,0,1,0,0,0,6613,16218
172,172,0,1,1,0,0,6613,16218
173,173,0,1,0,0,1,6613,16218
174,174,0,1,0,0,1,6613,16218
175,175,0,1,0,0,1,6613,16218
176,176,0,1,1,1,1,6613,16218
177,177,0,1,0,1,1,6613,16218
178,178,0,1,0,1,1,6613,16218
179,179,0,1,0,1,1,6613,16219
180,180,0,1,1,1,1,6613,16219
181,181,0,1,0,1,0,6613,16219
182,182,0,1,0,1,0,6613,16219
183,183,0,1,0,1,0,6613,16219
184,184,0,1,1,1,0,6613,16219
185,185,0,1,0,1,0,6613,16219
186,186,0,1,0,1,0,6613,16219
187,187,0,1,0,1,0,6613,16219
188,188,0,1,1,1,0,6613,16219
189,189,0,1,0,1,0,6613,16219
190,190,0,1,0,1,0,6613,16219
191,191,0,1,0,1,0,6613,16219
192,192,0,1,1,1,0,6613,16219
193,193,0,1,0,1,1,6613,16219
194,194,0,1,0,1,1,6613,16219
195,195,0,1,0,1,1,6613,16219
196,196,0,1,1,0,1,6613,16219
197,197,0,1,0,0,0,6613,16219
198,198,0,1,0,0,0,6613,16219
199,199,0,1,0,0,0,6613,16220
200,200,0,1,1,0,0,6613,16220
201,201,0,1,0,0,1,6613,16220
202,202,0,1,0,0,1,6613,16220
203,203,0,1,0,0,1,6613,16220
204,204,0,1,1,0,1,6613,16220
205,205,0,1,0,0,0,6613,16220
206,206,0,1,0,0,0,6613,16220
207,207,0,1,0,0,0,6613,16220
208,208,0,1,1,0,0,6613,16220
209,209,0,1,0,0,0,6613,16220
210,210,0,1,0,0,0,6614,16220
211,211,0,1,0,0,0,6614,16220
212,212,0,1,1,0,0,6614,16220
213,213,0,1,0,0,0,6614,16220
214,214,0,1,0,0,0,6614,16220
215,215,0,1,0,0,0,6614,16220
216,216,0,1,1,0,0,6614,16220
217,217,0,1,0,0,1,6614,16220
218,218,0,1,0,0,1,6614,16220
219,219,0,1,0,0,1,6614,16221
220,220,0,1,1,0,1,6614,16221
221,221,0,1,0,0,0,6614,16221
222,222,0,1,0,0,0,6614,16221
223,223,0,1,0,0,0,6614,16221
224,224,0,1,1,0,0,6614,16221
225,225,0,1,0,0,1,6614,16221
226,226,0,1,0,0,1,6614,16221
227,227,0,1,0,0,1,6614,16221
228,228,0,1,1,0,1,6614,16221
229,229,0,1,0,0,1,6614,16221
230,230,0,1,0,0,1,6614,16221
231,231,0,1,0,0,1,6614,16221
232,232,0,1,1,0,1,6614,16221
233,233,0,1,0,0,1,6614,16221
234,234,0,1,0,0,1,6614,16221
235,235,0,1,0,0,1,6614,16221
236,236,0,1,1,0,1,6614,16221
237,237,0,1,0,0,1,6614,16221
238,238,0,1,0,0,1,6614,16221
239,239,0,1,0,0,1,6614,16222
240,240,0,1,1,0,1,6614,16222
241,241,0,1,0,0,1,6614,16222
242,242,0,1,0,0,1,6614,16222
243,243,0,1,0,0,1,6614,16222
244,244,0,1,1,0,1,6614,16222
245,245,0,1,0,0,1,6614,16222
246,246,0,1,0,0,1,6614,16222
247,247,0,1,0,0,1,6614,16222
248,248,0,1,1,0,1,6614,16222
249,249,0,1,0,0,0,6614,16222
250,250,0,1,0,0,0,6615,16222
251,251,0,1,0,0,0,6615,16222
252,252,0,1,1,0,0,6615,16222
253,253,0,1,0,0,1,6615,16222
254,254,0,1,0,0,1,6615,16222
255,255,0,1,0,0,1,6615,16222
256,256,0,1,1,0,1,6615,16222
257,257,0,1,0,0,0,6615,16222
258,258,0,1,0,0,0,6615,16222
259,259,0,1,0,0,0,6615,16223
260,260,0,1,1,0,0,6615,16223
261,261,0,1,0,0,0,6615,16223
262,262,0,1,0,0,0,6615,16223
263,263,0,1,0,0,0,6615,16223
264,264,0,1,1,0,0,6615,16223
265,265,0,1,0,0,1,6615,16223
266,266,0,1,0,0,1,6615,16223
267,267,0,1,0,0,1,6615,16223
268,268,0,1,1,0,1,6615,16223
269,269,0,1,0,0,1,6615,16223
270,270,0,1,0,0,1,6615,16223
271,271,0,1,0,0,1,6615,16223
272,272,0,1,1,0,1,6615,16223
273,273,0,1,0,0,0,6615,16223
274,274,0,1,0,0,0,6615,16223
275,275,0,1,0,0,0,6615,16223
276,276,0,1,1,1,0,6615,16223
277,277,0,1,0,1,0,6615,16223
278,278,0,1,0,1,0,6615,16223
279,279,0,1,0,1,0,6615,16224
280,280,0,1,1,1,0,6615,16224
281,281,0,1,0,1,1,6615,16224
282,282,0,1,0,1,1,6615,16224
283,283,0,1,0,1,1,6615,16224
284,284,0,1,1,1,1,6615,16224
285,285,0,1,0,1,1,6615,16224
286,286,0,1,0,1,1,6615,16224
287,287,0,1,0,1,1,6615,16224
288,288,0,1,1,1,1,6615,16224
289,289,0,1,0,1,1,6615,16224
290,290,0,1,0,1,1,6616,16224
291,291,0,1,0,1,1,6616,16224
292,292,0,1,1,1,1,6616,16224
293,293,0,1,0,1,0,6616,16224
294,294,0,1,0,1,0,6616,16224
295,295,0,1,0,1,0,6616,16224
296,296,0,1,1,0,0,6616,16224
297,297,0,1,0,0,0,6616,16224
298,298,0,1,0,0,0,6616,16224
299,299,0,1,0,0,0,6616,16225
300,300,0,1,1,0,0,6616,16225
301,301,0,1,0,0,1,6616,16225
302,302,0,1,0,0,1,6616,16225
303,303,0,1,0,0,1,6616,16225
304,304,0,1,1,0,1,6616,16225
305,305,0,1,0,0,1,6616,16225
306,306,0,1,0,0,1,6616,16225
307,307,0,1,0,0,1,6616,16225
308,308,0,1,1,0,1,6616,16225
309,309,0,1,0,0,0,6616,16225
310,310,0,1,0,0,0,6617,16225
311,311,0,1,0,0,0,6617,16225
312,312,0,1,1,0,0,6617,16225
313,313,0,1,0,0,0,6617,16225
314,314,0,1,0,0,0,6617,16225
315,315,0,1,0,0,0,6617,16225
316,316,0,1,1,0,0,6617,16225
317,317,0,1,0,0,0,6617,16225
318,318,0,1,0,0,0,6617,16225
319,319,0,1,0,0,0,6617,16226
320,320,0,1,1,0,0,6617,16226
321,321,0,1,0,0,1,6617,16226
322,322,0,1,0,0,1,6617,16226
323,323,0,1,0,0,1,6617,16226
324,324,0,1,1,0,1,6617,16226
325,325,0,1,0,0,0,6617,16226
326,326,0,1,0,0,0,6617,16226
327,327,0,1,0,0,0,6617,16226
328,328,0,1,1,0,0,6617,16226
329,329,0,1,0,0,0,6617,16226
330,330,0,1,0,0,0,6618,16226
331,331,0,1,0,0,0,6618,16226
332,332,0,1,1,0,0,6618,16226
333,333,0,1,0,0,0,6618,16226
334,334,0,1,0,0,0,6618,16226
335,335,0,1,0,0,0,6618,16226
336,336,0,1,1,1,0,6618,16226
337,337,0,1,0,1,1,6618,16226
338,338,0,1,0,1,1,6618,16226
339,339,0,1,0,1,1,6618,16227
340,340,0,1,1,1,1,6618,16227
341,341,0,1,0,1,1,6618,16227
342,342,0,1,0,1,1,6618,16227
343,343,0,1,0,1,1,6618,16227
344,344,0,1,1,1,1,6618,16227
345,345,0,1,0,1,0,6618,16227
346,346,0,1,0,1,0,6618,16227
347,347,0,1,0,1,0,6618,16227
348,348,0,1,1,1,0,6618,16227
349,349,0,1,0,1,1,6618,16227
350,350,0,1,0,1,1,6619,16227
351,351,0,1,0,1,1,6619,16227
352,352,0,1,1,1,1,6619,16227
353,353,0,1,0,1,1,6619,16227
354,354,0,1,0,1,1,6619,16227
355,355,0,1,0,1,1,6619,16227
356,356,0,1,1,1,1,6619,16227
357,357,0,1,0,1,0,6619,16227
358,358,0,1,0,1,0,6619,16227
359,359,0,1,0,1,0,6619,16228
360,360,0,1,1,1,0,6619,16228
361,361,0,1,0,1,1,6619,16228
362,362,0,1,0,1,1,6619,16228
363,363,0,1,0,1,1,6619,16228
364,364,0,1,1,1,1,6619,16228
365,365,0,1,0,1,0,6619,16228
366,366,0,1,0,1,0,6619,16228
367,367,0,1,0,1,0,6619,16228
368,368,0,1,1,1,0,6619,16228
369,369,0,1,0,1,1,6619,16228
370,370,0,1,0,1,1,6620,16228
371,371,0,1,0,1,1,6620,16228
372,372,0,1,1,1,1,6620,16228
373,373,0,1,0,1,1,6620,16228
374,374,0,1,0,1,1,6620,16228
375,375,0,1,0,1,1,6620,16228
376,376,0,1,1,0,1,6620,16228
377,377,0,1,0,0,0,6620,16228
378,378,0,1,0,0,0,6620,16228
379,379,0,1,0,0,0,6620,16229
380,380,0,1,1,0,0,6620,16229
381,381,0,1,0,0,1,6620,16229
382,382,0,1,0,0,1,6620,16229
383,383,0,1,0,0,1,6620,16229
384,384,0,1,1,0,1,6620,16229
385,385,0,1,0,0,1,6620,16229
386,386,0,1,0,0,1,6620,16229
387,387,0,1,0,0,1,6620,16229
388,388,0,1,1,0,1,6620,16229
389,389,0,1,0,0,1,6620,16229
390,390,0,1,0,0,1,6620,16229
391,391,0,1,0,0,1,6620,16229
392,392,0,1,1,0,1,6620,16229
393,393,0,1,0,0,1,6620,16229
394,394,0,1,0,0,1,6620,16229
395,395,0,1,0,0,1,6620,16229
396,396,0,1,1,1,1,6620,16229
397,397,0,1,0,1,0,6620,16229
398,398,0,1,0,1,0,6620,16229
399,399,0,1,0,1,0,6620,16230
400,400,0,1,1,1,0,6620,16230
401,401,0,1,0,1,1,6620,16230
402,402,0,1,0,1,1,6620,16230
403,403,0,1,0,1,1,6620,16230
404,404,0,1,1,1,1,6620,16230
405,405,0,1,0,1,1,6620,16230
406,406,0,1,0,1,1,6620,16230
407,407,0,1,0,1,1,6620,16230
408,408,0,1,1,1,1,6620,16230
409,409,0,1,0,1,1,6620,16230
410,410,0,1,0,1,1,6621,16230
411,411,0,1,0,1,1,6621,16230
412,412,0,1,1,1,1,6621,16230
413,413,0,1,0,1,0,6621,16230
414,414,0,1,0,1,0,6621,16230
415,415,0,1,0,1,0,6621,16230
416,416,0,1,1,1,0,6621,16230
417,417,0,1,0,1,0,6621,16230
418,418,0,1,0,1,0,6621,16230
419,419,0,1,0,1,0,6621,16231
420,420,0,1,1,1,0,6621,16231
421,421,0,1,0,1,0,6621,16231
422,422,0,1,0,1,0,6621,16231
423,423,0,1,0,1,0,6621,16231
424,424,0,1,1,1,0,6621,16231
425,425,0,1,0,1,1,6621,16231
426,426,0,1,0,1,1,6621,16231
427,427,0,1,0,1,1,6621,16231
428,428,0,1,1,1,1,6621,16231
429,429,0,1,0,1,1,6621,16231
430,430,0,1,0,1,1,6622,16231
431,431,0,1,0,1,1,6622,16231
432,432,0,1,1,1,1,6622,16231
433,433,0,1,0,1,0,6622,16231
434,434,0,1,0,1,0,6622,16231
435,435,0,1,0,1,0,6622,16231
436,436,0,1,1,0,0,6622,16231
437,437,0,1,0,0,0,6622,16231
438,438,0,1,0,0,0,6622,16231
439,439,0,1,0,0,0,6622,16232
440,440,0,1,1,0,0,6622,16232
441,441,0,1,0,0,1,6622,16232
442,442,0,1,0,0,1,6622,16232
443,443,0,1,0,0,1,6622,16232
444,444,0,1,1,0,1,6622,16232
445,445,0,1,0,0,1,6622,16232
446,446,0,1,0,0,1,6622,16232
447,447,0,1,0,0,1,6622,16232
448,448,0,1,1,0,1,6622,16232
449,449,0,1,0,0,1,6622,16232
450,450,0,1,0,0,1,6622,16232
451,451,0,1,0,0,1,6622,16232
452,452,0,1,1,0,1,6622,16232
453,453,0,1,0,0,1,6622,16232
454,454,0,1,0,0,1,6622,16232
455,455,0,1,0,0,1,6622,16232
456,456,0,1,1,0,1,6622,16232
457,457,0,1,0,0,0,6622,16232
458,458,0,1,0,0,0,6622,16232
459,459,0,1,0,0,0,6622,16233
460,460,0,1,1,0,0,6622,16233
461,461,0,1,0,0,1,6622,16233
462,462,0,1,0,0,1,6622,16233
463,463,0,1,0,0,1,6622,16233
464,464,0,1,1,0,1,6622,16233
465,465,0,1,0,0,1,6622,16233
466,466,0,1,0,0,1,6622,16233
467,467,0,1,0,0,1,6622,16233
468,468,0,1,1,0,1,6622,16233
469,469,0,1,0,0,1,6622,16233
470,470,0,1,0,0,1,6622,16233
471,471,0,1,0,0,1,6622,16233
472,472,0,1,1,0,1,6622,16233
473,473,0,1,0,0,0,6622,16233
474,474,0,1,0,0,0,6622,16233
475,475,0,1,0,0,0,6622,16233
476,476,0,1,1,0,0,6622,16233
477,477,0,1,0,0,1,6622,16233
478,478,0,1,0,0,1,6622,16233
479,479,0,1,0,0,1,6622,16234
480,480,0,1,1,0,1,6622,16234
481,481,0,1,0,0,1,6622,16234
482,482,0,1,0,0,1,6622,16234
483,483,0,1,0,0,1,6622,16234
484,484,0,1,1,0,1,6622,16234
485,485,0,1,0,0,1,6622,16234
486,486,0,1,0,0,1,6622,16234
487,487,0,1,0,0,1,6622,16234
488,488,0,1,1,0,1,6622,16234
489,489,0,1,0,0,0,6622,16234
490,490,0,1,0,0,0,6623,16234
491,491,0,1,0,0,0,6623,16234
492,492,0,1,1,0,0,6623,16234
493,493,0,1,0,0,0,6623,16234
494,494,0,1,0,0,0,6623,16234
495,495,0,1,0,0,0,6623,16234
496,496,0,1,1,0,0,6623,16234
497,497,0,1,0,0,1,6623,16234
498,498,0,1,0,0,1,6623,16234
499,499,0,1,0,0,1,6623,16235
500,500,0,1,1,0,1,6623,16235
501,501,0,1,0,0,1,6623,16235
502,502,0,1,0,0,1,6623,16235
503,503,0,1,0,0,1,6623,16235
504,504,0,1,1,0,1,6623,16235
505,505,0,1,0,0,1,6623,16235
506,506,0,1,0,0,1,6623,16235
507,507,0,1,0,0,1,6623,16235
508,508,0,1,1,0,1,6623,16235
509,509,0,1,0,0,1,6623,16235
510,510,0,1,0,0,1,6623,16235
511,511,0,1,0,0,1,6623,16235
512,512,0,1,1,0,1,6623,16235
513,513,0,1,0,0,1,6623,16235
514,514,0,1,0,0,1,6623,16235
515,515,0,1,0,0,1,6623,16235
516,516,0,1,1,1,1,6623,16235
517,517,0,1,0,1,1,6623,16235
518,518,0,1,0,1,1,6623,16235
519,519,0,1,0,1,1,6623,16236
520,520,0,1,1,1,1,6623,16236
521,521,0,1,0,1,0,6623,16236
522,522,0,1,0,1,0,6623,16236
523,523,0,1,0,1,0,6623,16236
524,524,0,1,1,1,0,6623,16236
525,525,0,1,0,1,0,6623,16236
526,526,0,1,0,1,0,6623,16236
527,527,0,1,0,1,0,6623,16236
528,528,0,1,1,1,0,6623,16236
529,529,0,1,0,1,0,6623,16236
530,530,0,1,0,1,0,6623,16236
531,531,0,1,0,1,0,6623,16236
532,532,0,1,1,1,0,6623,16236
533,533,0,1,0,1,1,6623,16236
534,534,0,1,0,1,1,6623,16236
535,535,0,1,0,1,1,6623,16236
536,536,0,1,1,1,1,6623,16236
537,537,0,1,0,1,0,6623,16236
538,538,0,1,0,1,0,6623,16236
539,539,0,1,0,1,0,6623,16237
540,540,0,1,1,1,0,6623,16237
541,541,0,1,0,1,1,6623,16237
542,542,0,1,0,1,1,6623,16237
543,543,0,1,0,1,1,6623,16237
544,544,0,1,1,1,1,6623,16237
545,545,0,1,0,1,0,6623,16237
546,546,0,1,0,1,0,6623,16237
547,547,0,1,0,1,0,6623,16237
548,548,0,1,1,1,0,6623,16237
549,549,0,1,0,1,1,6623,16237
550,550,0,1,0,1,1,6624,16237
551,551,0,1,0,1,1,6624,16237
552,552,0,1,1,1,1,6624,16237
553,553,0,1,0,1,1,6624,16237
554,554,0,1,0,1,1,6624,16237
555,555,0,1,0,1,1,6624,16237
556,556,0,1,1,0,1,6624,16237
557,557,0,1,0,0,1,6624,16237
558,558,0,1,0,0,1,6624,16237
559,559,0,1,0,0,1,6624,16238
560,560,0,1,1,0,1,6624,16238
561,561,0,1,0,0,1,6624,16238
562,562,0,1,0,0,1,6624,16238
563,563,0,1,0,0,1,6624,16238
564,564,0,1,1,0,1,6624,16238
565,565,0,1,0,0,1,6624,16238
566,566,0,1,0,0,1,6624,16238
567,567,0,1,0,0,1,6624,16238
568,568,0,1,1,0,1,6624,16238
569,569,0,1,0,0,1,6624,16238
570,570,0,1,0,0,1,6624,16238
571,571,0,1,0,0,1,6624,16238
572,572,0,1,1,0,1,6624,16238
573,573,0,1,0,0,1,6624,16238
574,574,0,1,0,0,1,6624,16238
575,575,0,1,0,0,1,6624,16238
576,576,0,1,1,0,1,6624,16238
577,577,0,1,0,0,1,6624,16238
578,578,0,1,0,0,1,6624,16238
579,579,0,1,0,0,1,6624,16239
580,580,0,1,1,0,1,6624,16239
581,581,0,1,0,0,1,6624,16239
582,582,0,1,0,0,1,6624,16239
583,583,0,1,0,0,1,6624,16239
584,584,0,1,1,0,1,6624,16239
585,585,0,1,0,0,0,6624,16239
586,586,0,1,0,0,0,6624,16239
587,587,0,1,0,0,0,6624,16239
588,588,0,1,1,0,0,6624,16239
589,589,0,1,0,0,0,6624,16239
590,590,0,1,0,0,0,6625,16239
591,591,0,1,0,0,0,6625,16239
592,592,0,1,1,0,0,6625,16239
593,593,0,1,0,0,1,6625,16239
594,594,0,1,0,0,1,6625,16239
595,595,0,1,0,0,1,6625,16239
596,596,0,1,1,0,1,6625,16239
597,597,0,1,0,0,0,6625,16239
598,598,0,1,0,0,0,6625,16239
599,599,0,1,0,0,0,6625,16240
600,600,0,1,1,0,0,6625,16240
601,601,0,1,0,0,1,6625,16240
602,602,0,1,0,0,1,6625,16240
603,603,0,1,0,0,1,6625,16240
604,604,0,1,1,0,1,6625,16240
605,605,0,1,0,0,1,6625,16240
606,606,0,1,0,0,1,6625,16240
607,607,0,1,0,0,1,6625,16240
608,608,0,1,1,0,1,6625,16240
609,609,0,1,0,0,0,6625,16240
610,610,0,1,0,0,0,6626,16240
611,611,0,1,0,0,0,6626,16240
612,612,0,1,1,0,0,6626,16240
613,613,0,1,0,0,0,6626,16240
614,614,0,1,0,0,0,6626,16240
615,615,0,1,0,0,0,6626,16240
616,616,0,1,1,0,0,6626,16240
617,617,0,1,0,0,1,6626,16240
618,618,0,1,0,0,1,6626,16240
619,619,0,1,0,0,1,6626,16241
620,620,0,1,1,0,1,6626,16241
621,621,0,1,0,0,1,6626,16241
622,622,0,1,0,0,1,6626,16241
623,623,0,1,0,0,1,6626,16241
624,624,0,1,1,0,1,6626,16241
625,625,0,1,0,0,0,6626,16241
626,626,0,1,0,0,0,6626,16241
627,627,0,1,0,0,0,6626,16241
628,628,0,1,1,0,0,6626,16241
629,629,0,1,0,0,0,6626,16241
630,630,0,1,0,0,0,6627,16241
631,631,0,1,0,0,0,6627,16241
632,632,0,1,1,0,0,6627,16241
633,633,0,1,0,0,0,6627,16241
634,634,0,1,0,0,0,6627,16241
635,635,0,1,0,0,0,6627,16241
636,636,0,1,1,0,0,6627,16241
637,637,0,1,0,0,0,6627,16241
638,638,0,1,0,0,0,6627,16241
639,639,0,1,0,0,0,6627,16242
640,640,0,1,1,0,0,6627,16242
641,641,0,1,0,0,1,6627,16242
642,642,0,1,0,0,1,6627,16242
643,643,0,1,0,0,1,6627,16242
644,644,0,1,1,0,1,6627,16242
645,645,0,1,0,0,1,6627,16242
646,646,0,1,0,0,1,6627,16242
647,647,0,1,0,0,1,6627,16242
648,648,0,1,1,0,1,6627,16242
649,649,0,1,0,0,0,6627,16242
650,650,0,1,0,0,0,6628,16242
651,651,0,1,0,0,0,6628,16242
652,652,0,1,1,0,0,6628,16242
653,653,0,1,0,0,1,6628,16242
654,654,0,1,0,0,1,6628,16242
655,655,0,1,0,0,1,6628,16242
656,656,0,1,1,0,1,6628,16242
657,657,0,1,0,0,0,6628,16242
658,658,0,1,0,0,0,6628,16242
659,659,0,1,0,0,0,6628,16243
660,660,0,1,1,0,0,6628,16243
661,661,0,1,0,0,0,6628,16243
662,662,0,1,0,0,0,6628,16243
663,663,0,1,0,0,0,6628,16243
664,664,0,1,1,0,0,6628,16243
665,665,0,1,0,0,1,6628,16243
666,666,0,1,0,0,1,6628,16243
667,667,0,1,0,0,1,6628,16243
668,668,0,1,1,0,1,6628,16243
669,669,0,1,0,0,1,6628,16243
670,670,0,1,0,0,1,6628,16243
671,671,0,1,0,0,1,6628,16243
672,672,0,1,1,0,1,6628,16243
673,673,0,1,0,0,0,6628,16243
674,674,0,1,0,0,0,6628,16243
675,675,0,1,0,0,0,6628,16243
676,676,0,1,1,0,0,6628,16243
677,677,0,1,0,0,0,6628,16243
678,678,0,1,0,0,0,6628,16243
679,679,0,1,0,0,0,6628,16244
680,680,0,1,1,0,0,6628,16244
681,681,0,1,0,0,0,6628,16244
682,682,0,1,0,0,0,6628,16244
683,683,0,1,0,0,0,6628,16244
684,684,0,1,1,0,0,6628,16244
685,685,0,1,0,0,1,6628,16244
686,686,0,1,0,0,1,6628,16244
687,687,0,1,0,0,1,6628,16244
688,688,0,1,1,0,1,6628,16244
689,689,0,1,0,0,1,6628,16244
690,690,0,1,0,0,1,6628,16244
691,691,0,1,0,0,1,6628,16244
692,692,0,1,1,0,1,6628,16244
693,693,0,1,0,0,0,6628,16244
694,694,0,1,0,0,0,6628,16244
695,695,0,1,0,0,0,6628,16244
696,696,0,1,1,1,0,6628,16244
697,697,0,1,0,1,0,6628,16244
698,698,0,1,0,1,0,6628,16244
699,699,0,1,0,1,0,6628,16245
700,700,0,1,1,1,0,6628,16245
701,701,0,1,0,1,0,6628,16245
702,702,0,1,0,1,0,6628,16245
703,703,0,1,0,1,0,6628,16245
704,704,0,1,1,1,0,6628,16245
705,705,0,1,0,1,0,6628,16245
706,706,0,1,0,1,0,6628,16245
707,707,0,1,0,1,0,6628,16245
708,708,0,1,1,1,0,6628,16245
709,709,0,1,0,1,0,6628,16245
710,710,0,1,0,1,0,6628,16245
711,711,0,1,0,1,0,6628,16245
712,712,0,1,1,1,0,6628,16245
713,713,0,1,0,1,0,6628,16245
714,714,0,1,0,1,0,6628,16245
715,715,0,1,0,1,0,6628,16245
716,716,0,1,1,0,0,6628,16245
717,717,0,1,0,0,0,6628,16245
718,718,0,1,0,0,0,6628,16245
719,719,0,1,0,0,0,6628,16246
720,720,0,1,1,0,0,6628,16246
721,721,0,1,0,0,1,6628,16246
722,722,0,1,0,0,1,6628,16246
723,723,0,1,0,0,1,6628,16246
724,724,0,1,1,0,1,6628,16246
725,725,0,1,0,0,1,6628,16246
726,726,0,1,0,0,1,6628,16246
727,727,0,1,0,0,1,6628,16246
728,728,0,1,1,0,1,6628,16246
729,729,0,1,0,0,0,6628,16246
730,730,0,1,0,0,0,6629,16246
731,731,0,1,0,0,0,6629,16246
732,732,0,1,1,0,0,6629,16246
733,733,0,1,0,0,0,6629,16246
734,734,0,1,0,0,0,6629,16246
735,735,0,1,0,0,0,6629,16246
736,736,0,1,1,1,0,6629,16246
737,737,0,1,0,1,1,6629,16246
738,738,0,1,0,1,1,6629,16246
739,739,0,1,0,1,1,6629,16247
740,740,0,1,1,1,1,6629,16247
741,741,0,1,0,1,0,6629,16247
742,742,0,1,0,1,0,6629,16247
743,743,0,1,0,1,0,6629,16247
744,744,0,1,1,1,0,6629,16247
745,745,0,1,0,1,0,6629,16247
746,746,0,1,0,1,0,6629,16247
747,747,0,1,0,1,0,6629,16247
748,748,0,1,1,1,0,6629,16247
749,749,0,1,0,1,1,6629,16247
750,750,0,1,0,1,1,6630,16247
751,751,0,1,0,1,1,6630,16247
752,752,0,1,1,1,1,6630,16247
753,753,0,1,0,1,0,6630,16247
754,754,0,1,0,1,0,6630,16247
755,755,0,1,0,1,0,6630,16247
756,756,0,1,1,1,0,6630,16247
757,757,0,1,0,1,0,6630,16247
758,758,0,1,0,1,0,6630,16247
759,759,0,1,0,1,0,6630,16248
760,760,0,1,1,1,0,6630,16248
761,761,0,1,0,1,0,6630,16248
762,762,0,1,0,1,0,6630,16248
763,763,0,1,0,1,0,6630,16248
764,764,0,1,1,1,0,6630,16248
765,765,0,1,0,1,1,6630,16248
766,766,0,1,0,1,1,6630,16248
767,767,0,1,0,1,1,6630,16248
768,768,0,1,1,1,1,6630,16248
769,769,0,1,0,1,0,6630,16248
770,770,0,1,0,1,0,6630,16248
771,771,0,1,0,1,0,6630,16248
772,772,0,1,1,1,0,6630,16248
773,773,0,1,0,1,0,6630,16248
774,774,0,1,0,1,0,6630,16248
775,775,0,1,0,1,0,6630,16248
776,776,0,1,1,1,0,6630,16248
777,777,0,1,0,1,0,6630,16248
778,778,0,1,0,1,0,6630,16248
779,779,0,1,0,1,0,6630,16249
780,780,0,1,1,1,0,6630,16249
781,781,0,1,0,1,0,6630,16249
782,782,0,1,0,1,0,6630,16249
783,783,0,1,0,1,0,6630,16249
784,784,0,1,1,1,0,6630,16249
785,785,0,1,0,1,0,6630,16249
786,786,0,1,0,1,0,6630,16249
787,787,0,1,0,1,0,6630,16249
788,788,0,1,1,1,0,6630,16249
789,789,0,1,0,1,1,6630,16249
790,790,0,1,0,1,1,6631,16249
791,791,0,1,0,1,1,6631,16249
792,792,0,1,1,1,1,6631,16249
793,793,0,1,0,1,1,6631,16249
794,794,0,1,0,1,1,6631,16249
795,795,0,1,0,1,1,6631,16249
796,796,0,1,1,1,1,6631,16249
797,797,0,1,0,1,0,6631,16249
798,798,0,1,0,1,0,6631,16249
799,799,0,1,0,1,0,6631,16250
800,800,0,1,1,1,0,6631,16250
801,801,0,1,0,1,1,6631,16250
802,802,0,1,0,1,1,6631,16250
803,803,0,1,0,1,1,6631,16250
804,804,0,1,1,1,1,6631,16250
805,805,0,1,0,1,1,6631,16250
806,806,0,1,0,1,1,6631,16250
807,807,0,1,0,1,1,6631,16250
808,808,0,1,1,1,1,6631,16250
809,809,0,1,0,1,0,6631,16250
810,810,0,1,0,1,0,6631,16250
811,811,0,1,0,1,0,6631,16250
812,812,0,1,1,1,0,6631,16250
813,813,0,1,0,1,0,6631,16250
814,814,0,1,0,1,0,6631,16250
815,815,0,1,0,1,0,6631,16250
816,816,0,1,1,0,0,6631,16250
817,817,0,1,0,0,0,6631,16250
818,818,0,1,0,0,0,6631,16250
819,819,0,1,0,0,0,6631,16251
820,820,0,1,1,0,0,6631,16251
821,821,0,1,0,0,1,6631,16251
822,822,0,1,0,0,1,6631,16251
823,823,0,1,0,0,1,6631,16251
824,824,0,1,1,0,1,6631,16251
825,825,0,1,0,0,0,6631,16251
826,826,0,1,0,0,0,6631,16251
827,827,0,1,0,0,0,6631,16251
828,828,0,1,1,0,0,6631,16251
829,829,0,1,0,0,0,6631,16251
830,830,0,1,0,0,0,6632,16251
831,831,0,1,0,0,0,6632,16251
832,832,0,1,1,0,0,6632,16251
833,833,0,1,0,0,1,6632,16251
834,834,0,1,0,0,1,6632,16251
835,835,0,1,0,0,1,6632,16251
836,836,0,1,1,1,1,6632,16251
837,837,0,1,0,1,1,6632,16251
838,838,0,1,0,1,1,6632,16251
839,839,0,1,0,1,1,6632,16252
840,840,0,1,1,1,1,6632,16252
841,841,0,1,0,1,0,6632,16252
842,842,0,1,0,1,0,6632,16252
843,843,0,1,0,1,0,6632,16252
844,844,0,1,1,1,0,6632,16252
845,845,0,1,0,1,0,6632,16252
846,846,0,1,0,1,0,6632,16252
847,847,0,1,0,1,0,6632,16252
848,848,0,1,1,1,0,6632,16252
849,849,0,1,0,1,1,6632,16252
850,850,0,1,0,1,1,6633,16252
851,851,0,1,0,1,1,6633,16252
852,852,0,1,1,1,1,6633,16252
853,853,0,1,0,1,0,6633,16252
854,854,0,1,0,1,0,6633,16252
855,855,0,1,0,1,0,6633,16252
856,856,0,1,1,0,0,6633,16252
857,857,0,1,0,0,1,6633,16252
858,858,0,1,0,0,1,6633,16252
859,859,0,1,0,0,1,6633,16253
860,860,0,1,1,0,1,6633,16253
861,861,0,1,0,0,0,6633,16253
862,862,0,1,0,0,0,6633,16253
863,863,0,1,0,0,0,6633,16253
864,864,0,1,1,0,0,6633,16253
865,865,0,1,0,0,1,6633,16253
866,866,0,1,0,0,1,6633,16253
867,867,0,1,0,0,1,6633,16253
868,868,0,1,1,0,1,6633,16253
869,869,0,1,0,0,0,6633,16253
870,870,0,1,0,0,0,6634,16253
871,871,0,1,0,0,0,6634,16253
872,872,0,1,1,0,0,6634,16253
873,873,0,1,0,0,1,6634,16253
874,874,0,1,0,0,1,6634,16253
875,875,0,1,0,0,1,6634,16253
876,876,0,1,1,1,1,6634,16253
877,877,0,1,0,1,0,6634,16253
878,878,0,1,0,1,0,6634,16253
879,879,0,1,0,1,0,6634,16254
880,880,0,1,1,1,0,6634,16254
881,881,0,1,0,1,1,6634,16254
882,882,0,1,0,1,1,6634,16254
883,883,0,1,0,1,1,6634,16254
884,884,0,1,1,1,1,6634,16254
885,885,0,1,0,1,0,6634,16254
886,886,0,1,0,1,0,6634,16254
887,887,0,1,0,1,0,6634,16254
888,888,0,1,1,1,0,6634,16254
889,889,0,1,0,1,0,6634,16254
890,890,0,1,0,1,0,6634,16254
891,891,0,1,0,1,0,6634,16254
892,892,0,1,1,1,0,6634,16254
893,893,0,1,0,1,1,6634,16254
894,894,0,1,0,1,1,6634,16254
895,895,0,1,0,1,1,6634,16254
896,896,0,1,1,0,1,6634,16254
897,897,0,1,0,0,1,6634,16254
898,898,0,1,0,0,1,6634,16254
899,899,0,1,0,0,1,6634,16255
900,900,0,1,1,0,1,6634,16255
901,901,0,1,0,0,1,6634,16255
902,902,0,1,0,0,1,6634,16255
903,903,0,1,0,0,1,6634,16255
904,904,0,1,1,0,1,6634,16255
905,905,0,1,0,0,0,6634,16255
906,906,0,1,0,0,0,6634,16255
907,907,0,1,0,0,0,6634,16255
908,908,0,1,1,0,0,6634,16255
909,909,0,1,0,0,1,6634,16255
910,910,0,1,0,0,1,6634,16255
911,911,0,1,0,0,1,6634,16255
912,912,0,1,1,0,1,6634,16255
913,913,0,1,0,0,1,6634,16255
914,914,0,1,0,0,1,6634,16255
915,915,0,1,0,0,1,6634,16255
916,916,0,1,1,1,1,6634,16255
917,917,0,1,0,1,1,6634,16255
918,918,0,1,0,1,1,6634,16255
919,919,0,1,0,1,1,6634,16256
920,920,0,1,1,1,1,6634,16256
921,921,0,1,0,1,0,6634,16256
922,922,0,1,0,1,0,6634,16256
923,923,0,1,0,1,0,6634,16256
924,924,0,1,1,1,0,6634,16256
925,925,0,1,0,1,0,6634,16256
926,926,0,1,0,1,0,6634,16256
927,927,0,1,0,1,0,6634,16256
928,928,0,1,1,1,0,6634,16256
929,929,0,1,0,1,1,6634,16256
930,930,0,1,0,1,1,6635,16256
931,931,0,1,0,1,1,6635,16256
932,932,0,1,1,1,1,6635,16256
933,933,0,1,0,1,1,6635,16256
934,934,0,1,0,1,1,6635,16256
935,935,0,1,0,1,1,6635,16256
936,936,0,1,1,1,1,6635,16256
937,937,0,1,0,1,0,6635,16256
938,938,0,1,0,1,0,6635,16256
939,939,0,1,0,1,0,6635,16257
940,940,0,1,1,1,0,6635,16257
941,941,0,1,0,1,1,6635,16257
942,942,0,1,0,1,1,6635,16257
943,943,0,1,0,1,1,6635,16257
944,944,0,1,1,1,1,6635,16257
945,945,0,1,0,1,1,6635,16257
946,946,0,1,0,1,1,6635,16257
947,947,0,1,0,1,1,6635,16257
948,948,0,1,1,1,1,6635,16257
949,949,0,1,0,1,0,6635,16257
950,950,0,1,0,1,0,6635,16257
951,951,0,1,0,1,0,6635,16257
952,952,0,1,1,1,0,6635,16257
953,953,0,1,0,1,1,6635,16257
954,954,0,1,0,1,1,6635,16257
955,955,0,1,0,1,1,6635,16257
956,956,0,1,1,0,1,6635,16257
957,957,0,1,0,0,0,6635,16257
958,958,0,1,0,0,0,6635,16257
959,959,0,1,0,0,0,6635,16258
960,960,0,1,1,0,0,6635,16258
961,961,0,1,0,0,0,6635,16258
962,962,0,1,0,0,0,6635,16258
963,963,0,1,0,0,0,6635,16258
964,964,0,1,1,0,0,6635,16258
965,965,0,1,0,0,0,6635,16258
966,966,0,1,0,0,0,6635,16258
967,967,0,1,0,0,0,6635,16258
968,968,0,1,1,0,0,6635,16258
969,969,0,1,0,0,0,6635,16258
970,970,0,1,0,0,0,6636,16258
971,971,0,1,0,0,0,6636,16258
972,972,0,1,1,0,0,6636,16258
973,973,0,1,0,0,1,6636,16258
974,974,0,1,0,0,1,6636,16258
975,975,0,1,0,0,1,6636,16258
976,976,0,1,1,1,1,6636,16258
977,977,0,1,0,1,1,6636,16258
978,978,0,1,0,1,1,6636,16258
979,979,0,1,0,1,1,6636,16259
980,980,0,1,1,1,1,6636,16259
981,981,0,1,0,1,0,6636,16259
982,982,0,1,0,1,0,6636,16259
983,983,0,1,0,1,0,6636,16259
984,984,0,1,1,1,0,6636,16259
985,985,0,1,0,1,1,6636,16259
986,986,0,1,0,1,1,6636,16259
987,987,0,1,0,1,1,6636,16259
988,988,0,1,1,1,1,6636,16259
989,989,0,1,0,1,1,6636,16259
990,990,0,1,0,1,1,6637,16259
991,991,0,1,0,1,1,6637,16259
992,992,0,1,1,1,1,6637,16259
993,993,0,1,0,1,1,6637,16259
994,994,0,1,0,1,1,6637,16259
995,995,0,1,0,1,1,6637,16259
996,996,0,1,1,0,1,6637,16259
997,997,0,1,0,0,0,6637,16259
998,998,0,1,0,0,0,6637,16259
999,999,0,1,0,0,0,6637,16260
1000,1000,0,1,1,0,0,6637,16260
1001,1001,0,1,0,0,0,6637,16260
1002,1002,0,1,0,0,0,6637,16260
1003,1003,0,1,0,0,0,6637,16260
1004,1004,0,1,1,0,0,6637,16260
1005,1005,0,1,0,0,0,6637,16260
1006,1006,0,1,0,0,0,6637,16260
1007,1007,0,1,0,0,0,6637,16260
1008,1008,0,1,1,0,0,6637,16260
1009,1009,0,1,0,0,1,6637,16260
1010,1010,0,1,0,0,1,6637,16260
1011,1011,0,1,0,0,1,6637,16260
1012,1012,0,1,1,0,1,6637,16260
1013,1013,0,1,0,0,1,6637,16260
1014,1014,0,1,0,0,1,6637,16260
1015,1015,0,1,0,0,1,6637,16260
1016,1016,0,1,1,0,1,6637,16260
1017,1017,0,1,0,0,1,6637,16260
1018,1018,0,1,0,0,1,6637,16260
1019,1019,0,1,0,0,1,6637,16261
1020,1020,0,1,1,0,1,6637,16261
1021,1021,0,1,0,0,0,6637,16261
1022,1022,0,1,0,0,0,6637,16261
1023,1023,0,1,0,0,0,6637,16261
1024,1024,0,1,1,0,0,6637,16261
1025,1025,0,1,0,0,1,6637,16261
1026,1026,0,1,0,0,1,6637,16261
1027,1027,0,1,0,0,1,6637,16261
1028,1028,0,1,1,0,1,6637,16261
1029,1029,0,1,0,0,1,6637,16261
1030,1030,0,1,0,0,1,6637,16261
1031,1031,0,1,0,0,1,6637,16261
1032,1032,0,1,1,0,1,6637,16261
1033,1033,0,1,0,0,1,6637,16261
1034,1034,0,1,0,0,1,6637,16261
1035,1035,0,1,0,0,1,6637,16261
1036,1036,0,1,1,1,1,6637,16261
1037,1037,0,1,0,1,0,6637,16261
1038,1038,0,1,0,1,0,6637,16261
1039,1039,0,1,0,1,0,6637,16262
1040,1040,0,1,1,1,0,6637,16262
1041,1041,0,1,0,1,1,6637,16262
1042,1042,0,1,0,1,1,6637,16262
1043,1043,0,1,0,1,1,6637,16262
1044,1044,0,1,1,1,1,6637,16262
1045,1045,0,1,0,1,0,6637,16262
1046,1046,0,1,0,1,0,6637,16262
1047,1047,0,1,0,1,0,6637,16262
1048,1048,0,1,1,1,0,6637,16262
1049,1049,0,1,0,1,0,6637,16262
1050,1050,0,1,0,1,0,6637,16262
1051,1051,0,1,0,1,0,6637,16262
1052,1052,0,1,1,1,0,6637,16262
1053,1053,0,1,0,1,0,6637,16262
1054,1054,0,1,0,1,0,6637,16262
1055,1055,0,1,0,1,0,6637,16262
1056,1056,0,1,1,0,0,6637,16262
1057,1057,0,1,0,0,1,6637,16262
1058,1058,0,1,0,0,1,6637,16262
1059,1059,0,1,0,0,1,6637,16263
1060,1060,0,1,1,0,1,6637,16263
1061,1061,0,1,0,0,1,6637,16263
1062,1062,0,1,0,0,1,6637,16263
1063,1063,0,1,0,0,1,6637,16263
1064,1064,0,1,1,0,1,6637,16263
1065,1065,0,1,0,0,1,6637,16263
1066,1066,0,1,0,0,1,6637,16263
1067,1067,0,1,0,0,1,6637,16263
1068,1068,0,1,1,0,1,6637,16263
1069,1069,0,1,0,0,1,6637,16263
1070,1070,0,1,0,0,1,6637,16263
1071,1071,0,1,0,0,1,6637,16263
1072,1072,0,1,1,0,1,6637,16263
1073,1073,0,1,0,0,1,6637,16263
1074,1074,0,1,0,0,1,6637,16263
1075,1075,0,1,0,0,1,6637,16263
1076,1076,0,1,1,1,1,6637,16263
1077,1077,0,1,0,1,0,6637,16263
1078,1078,0,1,0,1,0,6637,16263
1079,1079,0,1,0,1,0,6637,16264
1080,1080,0,1,1,1,0,6637,16264
1081,1081,0,1,0,1,1,6637,16264
1082,1082,0,1,0,1,1,6637,16264
1083,1083,0,1,0,1,1,6637,16264
1084,1084,0,1,1,1,1,6637,16264
1085,1085,0,1,0,1,0,6637,16264
1086,1086,0,1,0,1,0,6637,16264
1087,1087,0,1,0,1,0,6637,16264
1088,1088,0,1,1,1,0,6637,16264
1089,1089,0,1,0,1,0,6637,16264
1090,1090,0,1,0,1,0,6637,16264
1091,1091,0,1,0,1,0,6637,16264
1092,1092,0,1,1,1,0,6637,16264
1093,1093,0,1,0,1,0,6637,16264
1094,1094,0,1,0,1,0,6637,16264
1095,1095,0,1,0,1,0,6637,16264
1096,1096,0,1,1,1,0,6637,16264
1097,1097,0,1,0,1,0,6637,16264
1098,1098,0,1,0,1,0,6637,16264
1099,1099,0,1,0,1,0,6637,16265
1100,1100,0,1,1,1,0,6637,16265
1101,1101,0,1,0,1,1,6637,16265
1102,1102,0,1,0,1,1,6637,16265
1103,1103,0,1,0,1,1,6637,16265
1104,1104,0,1,1,1,1,6637,16265
1105,1105,0,1,0,1,0,6637,16265
1106,1106,0,1,0,1,0,6637,16265
1107,1107,0,1,0,1,0,6637,16265
1108,1108,0,1,1,1,0,6637,16265
1109,1109,0,1,0,1,0,6637,16265
1110,1110,0,1,0,1,0,6637,16265
1111,1111,0,1,0,1,0,6637,16265
1112,1112,0,1,1,1,0,6637,16265
1113,1113,0,1,0,1,1,6637,16265
1114,1114,0,1,0,1,1,6637,16265
1115,1115,0,1,0,1,1,6637,16265
1116,1116,0,1,1,1,1,6637,16265
1117,1117,0,1,0,1,0,6637,16265
1118,1118,0,1,0,1,0,6637,16265
1119,1119,0,1,0,1,0,6637,16266
1120,1120,0,1,1,1,0,6637,16266
1121,1121,0,1,0,1,0,6637,16266
1122,1122,0,1,0,1,0,6637,16266
1123,1123,0,1,0,1,0,6637,16266
1124,1124,0,1,1,1,0,6637,16266
1125,1125,0,1,0,1,1,6637,16266
1126,1126,0,1,0,1,1,6637,16266
1127,1127,0,1,0,1,1,6637,16266
1128,1128,0,1,1,1,1,6637,16266
1129,1129,0,1,0,1,1,6637,16266
1130,1130,0,1,0,1,1,6638,16266
1131,1131,0,1,0,1,1,6638,16266
1132,1132,0,1,1,1,1,6638,16266
1133,1133,0,1,0,1,0,6638,16266
1134,1134,0,1,0,1,0,6638,16266
1135,1135,0,1,0,1,0,6638,16266
1136,1136,0,1,1,0,0,6638,16266
1137,1137,0,1,0,0,0,6638,16266
1138,1138,0,1,0,0,0,6638,16266
1139,1139,0,1,0,0,0,6638,16267
1140,1140,0,1,1,0,0,6638,16267
1141,1141,0,1,0,0,0,6638,16267
1142,1142,0,1,0,0,0,6638,16267
1143,1143,0,1,0,0,0,6638,16267
1144,1144,0,1,1,0,0,6638,16267
1145,1145,0,1,0,0,0,6638,16267
1146,1146,0,1,0,0,0,6638,16267
1147,1147,0,1,0,0,0,6638,16267
1148,1148,0,1,1,0,0,6638,16267
1149,1149,0,1,0,0,0,6638,16267
1150,1150,0,1,0,0,0,6639,16267
1151,1151,0,1,0,0,0,6639,16267
1152,1152,0,1,1,0,0,6639,16267
1153,1153,0,1,0,0,1,6639,16267
1154,1154,0,1,0,0,1,6639,16267
1155,1155,0,1,0,0,1,6639,16267
1156,1156,0,1,1,1,1,6639,16267
1157,1157,0,1,0,1,0,6639,16267
1158,1158,0,1,0,1,0,6639,16267
1159,1159,0,1,0,1,0,6639,16268
1160,1160,0,1,1,1,0,6639,16268
1161,1161,0,1,0,1,1,6639,16268
1162,1162,0,1,0,1,1,6639,16268
1163,1163,0,1,0,1,1,6639,16268
1164,1164,0,1,1,1,1,6639,16268
1165,1165,0,1,0,1,1,6639,16268
1166,1166,0,1,0,1,1,6639,16268
1167,1167,0,1,0,1,1,6639,16268
1168,1168,0,1,1,1,1,6639,16268
1169,1169,0,1,0,1,1,6639,16268
1170,1170,0,1,0,1,1,6640,16268
1171,1171,0,1,0,1,1,6640,16268
1172,1172,0,1,1,1,1,6640,16268
1173,1173,0,1,0,1,0,6640,16268
1174,1174,0,1,0,1,0,6640,16268
1175,1175,0,1,0,1,0,6640,16268
1176,1176,0,1,1,0,0,6640,16268
1177,1177,0,1,0,0,0,6640,16268
1178,1178,0,1,0,0,0,6640,16268
1179,1179,0,1,0,0,0,6640,16269
1180,1180,0,1,1,0,0,6640,16269
1181,1181,0,1,0,0,1,6640,16269
1182,1182,0,1,0,0,1,6640,16269
1183,1183,0,1,0,0,1,6640,16269
1184,1184,0,1,1,0,1,6640,16269
1185,1185,0,1,0,0,1,6640,16269
1186,1186,0,1,0,0,1,6640,16269
1187,1187,0,1,0,0,1,6640,16269
1188,1188,0,1,1,0,1,6640,16269
1189,1189,0,1,0,0,1,6640,16269
1190,1190,0,1,0,0,1,6640,16269
1191,1191,0,1,0,0,1,6640,16269
1192,1192,0,1,1,0,1,6640,16269
1193,1193,0,1,0,0,1,6640,16269
1194,1194,0,1,0,0,1,6640,16269
1195,1195,0,1,0,0,1,6640,16269
1196,1196,0,1,1,1,1,6640,16269
1197,1197,0,1,0,1,1,6640,16269
1198,1198,0,1,0,1,1,6640,16269
1199,1199,0,1,0,1,1,6640,16270
1200,1200,0,1,1,1,1,6640,16270
1201,1201,0,1,0,1,1,6640,16270
1202,1202,0,1,0,1,1,6640,16270
1203,1203,0,1,0,1,1,6640,16270
1204,1204,0,1,1,1,1,6640,16270
1205,1205,0,1,0,1,1,6640,16270
1206,1206,0,1,0,1,1,6640,16270
1207,1207,0,1,0,1,1,6640,16270
1208,1208,0,1,1,1,1,6640,16270
1209,1209,0,1,0,1,0,6640,16270
1210,1210,0,1,0,1,0,6640,16270
1211,1211,0,1,0,1,0,6640,16270
1212,1212,0,1,1,1,0,6640,16270
1213,1213,0,1,0,1,0,6640,16270
1214,1214,0,1,0,1,0,6640,16270
1215,1215,0,1,0,1,0,6640,16270
1216,1216,0,1,1,0,0,6640,16270
1217,1217,0,1,0,0,1,6640,16270
1218,1218,0,1,0,0,1,6640,16270
1219,1219,0,1,0,0,1,6640,16271
1220,1220,0,1,1,0,1,6640,16271
1221,1221,0,1,0,0,0,6640,16271
1222,1222,0,1,0,0,0,6640,16271
1223,1223,0,1,0,0,0,6640,16271
1224,1224,0,1,1,0,0,6640,16271
1225,1225,0,1,0,0,1,6640,16271
1226,1226,0,1,0,0,1,6640,16271
1227,1227,0,1,0,0,1,6640,16271
1228,1228,0,1,1,0,1,6640,16271
1229,1229,0,1,0,0,1,6640,16271
1230,1230,0,1,0,0,1,6640,16271
1231,1231,0,1,0,0,1,6640,16271
1232,1232,0,1,1,0,1,6640,16271
1233,1233,0,1,0,0,1,6640,16271
1234,1234,0,1,0,0,1,6640,16271
1235,1235,0,1,0,0,1,6640,16271
1236,1236,0,1,1,0,1,6640,16271
1237,1237,0,1,0,0,0,6640,16271
1238,1238,0,1,0,0,0,6640,16271
1239,1239,0,1,0,0,0,6640,16272
1240,1240,0,1,1,0,0,6640,16272
1241,1241,0,1,0,0,1,6640,16272
1242,1242,0,1,0,0,1,6640,16272
1243,1243,0,1,0,0,1,6640,16272
1244,1244,0,1,1,0,1,6640,16272
1245,1245,0,1,0,0,1,6640,16272
1246,1246,0,1,0,0,1,6640,16272
1247,1247,0,1,0,0,1,6640,16272
1248,1248,0,1,1,0,1,6640,16272
1249,1249,0,1,0,0,1,6640,16272
1250,1250,0,1,0,0,1,6640,16272
1251,1251,0,1,0,0,1,6640,16272
1252,1252,0,1,1,0,1,6640,16272
1253,1253,0,1,0,0,1,6640,16272
1254,1254,0,1,0,0,1,6640,16272
1255,1255,0,1,0,0,1,6640,16272
1256,1256,0,1,1,1,1,6640,16272
1257,1257,0,1,0,1,0,6640,16272
1258,1258,0,1,0,1,0,6640,16272
1259,1259,0,1,0,1,0,6640,16273
1260,1260,0,1,1,1,0,6640,16273
1261,1261,0,1,0,1,0,6640,16273
1262,1262,0,1,0,1,0,6640,16273
1263,1263,0,1,0,1,0,6640,16273
1264,1264,0,1,1,1,0,6640,16273
1265,1265,0,1,0,1,1,6640,16273
1266,1266,0,1,0,1,1,6640,16273
1267,1267,0,1,0,1,1,6640,16273
1268,1268,0,1,1,1,1,6640,16273
1269,1269,0,1,0,1,1,6640,16273
1270,1270,0,1,0,1,1,6641,16273
1271,1271,0,1,0,1,1,6641,16273
1272,1272,0,1,1,1,1,6641,16273
1273,1273,0,1,0,1,1,6641,16273
1274,1274,0,1,0,1,1,6641,16273
1275,1275,0,1,0,1,1,6641,16273
1276,1276,0,1,1,1,1,6641,16273
1277,1277,0,1,0,1,0,6641,16273
1278,1278,0,1,0,1,0,6641,16273
1279,1279,0,1,0,1,0,6641,16274
1280,1280,0,1,1,1,0,6641,16274
1281,1281,0,1,0,1,1,6641,16274
1282,1282,0,1,0,1,1,6641,16274
1283,1283,0,1,0,1,1,6641,16274
1284,1284,0,1,1,1,1,6641,16274
1285,1285,0,1,0,1,0,6641,16274
1286,1286,0,1,0,1,0,6641,16274
1287,1287,0,1,0,1,0,6641,16274
1288,1288,0,1,1,1,0,6641,16274
1289,1289,0,1,0,1,1,6641,16274
1290,1290,0,1,0,1,1,6642,16274
1291,1291,0,1,0,1,1,6642,16274
1292,1292,0,1,1,1,1,6642,16274
1293,1293,0,1,0,1,0,6642,16274
1294,1294,0,1,0,1,0,6642,16274
1295,1295,0,1,0,1,0,6642,16274
1296,1296,0,1,1,0,0,6642,16274
1297,1297,0,1,0,0,0,6642,16274
1298,1298,0,1,0,0,0,6642,16274
1299,1299,0,1,0,0,0,6642,16275
1300,1300,0,1,1,0,0,6642,16275
1301,1301,0,1,0,0,1,6642,16275
1302,1302,0,1,0,0,1,6642,16275
1303,1303,0,1,0,0,1,6642,16275
1304,1304,0,1,1,0,1,6642,16275
1305,1305,0,1,0,0,1,6642,16275
1306,1306,0,1,0,0,1,6642,16275
1307,1307,0,1,0,0,1,6642,16275
1308,1308,0,1,1,0,1,6642,16275
1309,1309,0,1,0,0,0,6642,16275
1310,1310,0,1,0,0,0,6643,16275
1311,1311,0,1,0,0,0,6643,16275
1312,1312,0,1,1,0,0,6643,16275
1313,1313,0,1,0,0,0,6643,16275
1314,1314,0,1,0,0,0,6643,16275
1315,1315,0,1,0,0,0,6643,16275
1316,1316,0,1,1,1,0,6643,16275
1317,1317,0,1,0,1,1,6643,16275
1318,1318,0,1,0,1,1,6643,16275
1319,1319,0,1,0,1,1,6643,16276
1320,1320,0,1,1,1,1,6643,16276
1321,1321,0,1,0,1,1,6643,16276
1322,1322,0,1,0,1,1,6643,16276
1323,1323,0,1,0,1,1,6643,16276
1324,1324,0,1,1,1,1,6643,16276
1325,1325,0,1,0,1,1,6643,16276
1326,1326,0,1,0,1,1,6643,16276
1327,1327,0,1,0,1,1,6643,16276
1328,1328,0,1,1,1,1,6643,16276
1329,1329,0,1,0,1,1,6643,16276
1330,1330,0,1,0,1,1,6644,16276
1331,1331,0,1,0,1,1,6644,16276
1332,1332,0,1,1,1,1,6644,16276
1333,1333,0,1,0,1,1,6644,16276
1334,1334,0,1,0,1,1,6644,16276
1335,1335,0,1,0,1,1,6644,16276
1336,1336,0,1,1,0,1,6644,16276
1337,1337,0,1,0,0,1,6644,16276
1338,1338,0,1,0,0,1,6644,16276
1339,1339,0,1,0,0,1,6644,16277
1340,1340,0,1,1,0,1,6644,16277
1341,1341,0,1,0,0,0,6644,16277
1342,1342,0,1,0,0,0,6644,16277
1343,1343,0,1,0,0,0,6644,16277
1344,1344,0,1,1,0,0,6644,16277
1345,1345,0,1,0,0,1,6644,16277
1346,1346,0,1,0,0,1,6644,16277
1347,1347,0,1,0,0,1,6644,16277
1348,1348,0,1,1,0,1,6644,16277
1349,1349,0,1,0,0,1,6644,16277
1350,1350,0,1,0,0,1,6644,16277
1351,1351,0,1,0,0,1,6644,16277
1352,1352,0,1,1,0,1,6644,16277
1353,1353,0,1,0,0,1,6644,16277
1354,1354,0,1,0,0,1,6644,16277
1355,1355,0,1,0,0,1,6644,16277
1356,1356,0,1,1,0,1,6644,16277
1357,1357,0,1,0,0,1,6644,16277
1358,1358,0,1,0,0,1,6644,16277
1359,1359,0,1,0,0,1,6644,16278
1360,1360,0,1,1,0,1,6644,16278
1361,1361,0,1,0,0,1,6644,16278
1362,1362,0,1,0,0,1,6644,16278
1363,1363,0,1,0,0,1,6644,16278
1364,1364,0,1,1,0,1,6644,16278
1365,1365,0,1,0,0,1,6644,16278
1366,1366,0,1,0,0,1,6644,16278
1367,1367,0,1,0,0,1,6644,16278
1368,1368,0,1,1,0,1,6644,16278
1369,1369,0,1,0,0,0,6644,16278
1370,1370,0,1,0,0,0,6645,16278
1371,1371,0,1,0,0,0,6645,16278
1372,1372,0,1,1,0,0,6645,16278
1373,1373,0,1,0,0,0,6645,16278
1374,1374,0,1,0,0,0,6645,16278
1375,1375,0,1,0,0,0,6645,16278
1376,1376,0,1,1,0,0,6645,16278
1377,1377,0,1,0,0,1,6645,16278
1378,1378,0,1,0,0,1,6645,16278
1379,1379,0,1,0,0,1,6645,16279
1380,1380,0,1,1,0,1,6645,16279
1381,1381,0,1,0,0,0,6645,16279
1382,1382,0,1,0,0,0,6645,16279
1383,1383,0,1,0,0,0,6645,16279
1384,1384,0,1,1,0,0,6645,16279
1385,1385,0,1,0,0,1,6645,16279
1386,1386,0,1,0,0,1,6645,16279
1387,1387,0,1,0,0,1,6645,16279
1388,1388,0,1,1,0,1,6645,16279
1389,1389,0,1,0,0,0,6645,16279
1390,1390,0,1,0,0,0,6646,16279
1391,1391,0,1,0,0,0,6646,16279
1392,1392,0,1,1,0,0,6646,16279
1393,1393,0,1,0,0,1,6646,16279
1394,1394,0,1,0,0,1,6646,16279
1395,1395,0,1,0,0,1,6646,16279
1396,1396,0,1,1,0,1,6646,16279
1397,1397,0,1,0,0,0,6646,16279
1398,1398,0,1,0,0,0,6646,16279
1399,1399,0,1,0,0,0,6646,16280
1400,1400,0,1,1,0,0,6646,16280
1401,1401,0,1,0,0,1,6646,16280
1402,1402,0,1,0,0,1,6646,16280
1403,1403,0,1,0,0,1,6646,16280
1404,1404,0,1,1,0,1,6646,16280
1405,1405,0,1,0,0,1,6646,16280
1406,1406,0,1,0,0,1,6646,16280
1407,1407,0,1,0,0,1,6646,16280
1408,1408,0,1,1,0,1,6646,16280
1409,1409,0,1,0,0,1,6646,16280
1410,1410,0,1,0,0,1,6646,16280
1411,1411,0,1,0,0,1,6646,16280
1412,1412,0,1,1,0,1,6646,16280
1413,1413,0,1,0,0,1,6646,16280
1414,1414,0,1,0,0,1,6646,16280
1415,1415,0,1,0,0,1,6646,16280
1416,1416,0,1,1,1,1,6646,16280
1417,1417,0,1,0,1,0,6646,16280
1418,1418,0,1,0,1,0,6646,16280
1419,1419,0,1,0,1,0,6646,16281
1420,1420,0,1,1,1,0,6646,16281
1421,1421,0,1,0,1,0,6646,16281
1422,1422,0,1,0,1,0,6646,16281
1423,1423,0,1,0,1,0,6646,16281
1424,1424,0,1,1,1,0,6646,16281
1425,1425,0,1,0,1,0,6646,16281
1426,1426,0,1,0,1,0,6646,16281
1427,1427,0,1,0,1,0,6646,16281
1428,1428,0,1,1,1,0,6646,16281
1429,1429,0,1,0,1,0,6646,16281
1430,1430,0,1,0,1,0,6646,16281
1431,1431,0,1,0,1,0,6646,16281
1432,1432,0,1,1,1,0,6646,16281
1433,1433,0,1,0,1,1,6646,16281
1434,1434,0,1,0,1,1,6646,16281
1435,1435,0,1,0,1,1,6646,16281
1436,1436,0,1,1,0,1,6646,16281
1437,1437,0,1,0,0,0,6646,16281
1438,1438,0,1,0,0,0,6646,16281
1439,1439,0,1,0,0,0,6646,16282
1440,1440,0,1,1,0,0,6646,16282
1441,1441,0,1,0,0,0,6646,16282
1442,1442,0,1,0,0,0,6646,16282
1443,1443,0,1,0,0,0,6646,16282
1444,1444,0,1,1,0,0,6646,16282
1445,1445,0,1,0,0,1,6646,16282
1446,1446,0,1,0,0,1,6646,16282
1447,1447,0,1,0,0,1,6646,16282
1448,1448,0,1,1,0,1,6646,16282
1449,1449,0,1,0,0,0,6646,16282
1450,1450,0,1,0,0,0,6647,16282
1451,1451,0,1,0,0,0,6647,16282
1452,1452,0,1,1,0,0,6647,16282
1453,1453,0,1,0,0,0,6647,16282
1454,1454,0,1,0,0,0,6647,16282
1455,1455,0,1,0,0,0,6647,16282
1456,1456,0,1,1,0,0,6647,16282
1457,1457,0,1,0,0,1,6647,16282
1458,1458,0,1,0,0,1,6647,16282
1459,1459,0,1,0,0,1,6647,16283
1460,1460,0,1,1,0,1,6647,16283
1461,1461,0,1,0,0,0,6647,16283
1462,1462,0,1,0,0,0,6647,16283
1463,1463,0,1,0,0,0,6647,16283
1464,1464,0,1,1,0,0,6647,16283
1465,1465,0,1,0,0,1,6647,16283
1466,1466,0,1,0,0,1,6647,16283
1467,1467,0,1,0,0,1,6647,16283
1468,1468,0,1,1,0,1,6647,16283
1469,1469,0,1,0,0,1,6647,16283
1470,1470,0,1,0,0,1,6647,16283
1471,1471,0,1,0,0,1,6647,16283
1472,1472,0,1,1,0,1,6647,16283
1473,1473,0,1,0,0,1,6647,16283
1474,1474,0,1,0,0,1,6647,16283
1475,1475,0,1,0,0,1,6647,16283
1476,1476,0,1,1,1,1,6647,16283
1477,1477,0,1,0,1,1,6647,16283
1478,1478,0,1,0,1,1,6647,16283
1479,1479,0,1,0,1,1,6647,16284
1480,1480,0,1,1,1,1,6647,16284
1481,1481,0,1,0,1,1,6647,16284
1482,1482,0,1,0,1,1,6647,16284
1483,1483,0,1,0,1,1,6647,16284
1484,1484,0,1,1,1,1,6647,16284
1485,1485,0,1,0,1,0,6647,16284
1486,1486,0,1,0,1,0,6647,16284
1487,1487,0,1,0,1,0,6647,16284
1488,1488,0,1,1,1,0,6647,16284
1489,1489,0,1,0,1,0,6647,16284
1490,1490,0,1,0,1,0,6647,16284
1491,1491,0,1,0,1,0,6647,16284
1492,1492,0,1,1,1,0,6647,16284
1493,1493,0,1,0,1,0,6647,16284
1494,1494,0,1,0,1,0,6647,16284
1495,1495,0,1,0,1,0,6647,16284
1496,1496,0,1,1,1,0,6647,16284
1497,1497,0,1,0,1,1,6647,16284
1498,1498,0,1,0,1,1,6647,16284
1499,1499,0,1,0,1,1,6647,16285
1500,1500,0,1,1,1,1,6647,16285
1501,1501,0,1,0,1,0,6647,16285
1502,1502,0,1,0,1,0,6647,16285
1503,1503,0,1,0,1,0,6647,16285
1504,1504,0,1,1,1,0,6647,16285
1505,1505,0,1,0,1,1,6647,16285
1506,1506,0,1,0,1,1,6647,16285
1507,1507,0,1,0,1,1,6647,16285
1508,1508,0,1,1,1,1,6647,16285
1509,1509,0,1,0,1,1,6647,16285
1510,1510,0,1,0,1,1,6648,16285
1511,1511,0,1,0,1,1,6648,16285
1512,1512,0,1,1,1,1,6648,16285
1513,1513,0,1,0,1,1,6648,16285
1514,1514,0,1,0,1,1,6648,16285
1515,1515,0,1,0,1,1,6648,16285
1516,1516,0,1,1,1,1,6648,16285
1517,1517,0,1,0,1,1,6648,16285
1518,1518,0,1,0,1,1,6648,16285
1519,1519,0,1,0,1,1,6648,16286
1520,1520,0,1,1,1,1,6648,16286
1521,1521,0,1,0,1,1,6648,16286
1522,1522,0,1,0,1,1,6648,16286
1523,1523,0,1,0,1,1,6648,16286
1524,1524,0,1,1,1,1,6648,16286
1525,1525,0,1,0,1,0,6648,16286
1526,1526,0,1,0,1,0,6648,16286
1527,1527,0,1,0,1,0,6648,16286
1528,1528,0,1,1,1,0,6648,16286
1529,1529,0,1,0,1,1,6648,16286
1530,1530,0,1,0,1,1,6649,16286
1531,1531,0,1,0,1,1,6649,16286
1532,1532,0,1,1,1,1,6649,16286
1533,1533,0,1,0,1,1,6649,16286
1534,1534,0,1,0,1,1,6649,16286
1535,1535,0,1,0,1,1,6649,16286
1536,1536,0,1,1,1,1,6649,16286
1537,1537,0,1,0,1,1,6649,16286
1538,1538,0,1,0,1,1,6649,16286
1539,1539,0,1,0,1,1,6649,16287
1540,1540,0,1,1,1,1,6649,16287
1541,1541,0,1,0,1,1,6649,16287
1542,1542,0,1,0,1,1,6649,16287
1543,1543,0,1,0,1,1,6649,16287
1544,1544,0,1,1,1,1,6649,16287
1545,1545,0,1,0,1,1,6649,16287
1546,1546,0,1,0,1,1,6649,16287
1547,1547,0,1,0,1,1,6649,16287
1548,1548,0,1,1,1,1,6649,16287
1549,1549,0,1,0,1,0,6649,16287
1550,1550,0,1,0,1,0,6649,16287
1551,1551,0,1,0,1,0,6649,16287
1552,1552,0,1,1,1,0,6649,16287
1553,1553,0,1,0,1,1,6649,16287
1554,1554,0,1,0,1,1,6649,16287
1555,1555,0,1,0,1,1,6649,16287
1556,1556,0,1,1,1,1,6649,16287
1557,1557,0,1,0,1,0,6649,16287
1558,1558,0,1,0,1,0,6649,16287
1559,1559,0,1,0,1,0,6649,16288
1560,1560,0,1,1,1,0,6649,16288
1561,1561,0,1,0,1,1,6649,16288
1562,1562,0,1,0,1,1,6649,16288
1563,1563,0,1,0,1,1,6649,16288
1564,1564,0,1,1,1,1,6649,16288
1565,1565,0,1,0,1,1,6649,16288
1566,1566,0,1,0,1,1,6649,16288
1567,1567,0,1,0,1,1,6649,16288
1568,1568,0,1,1,1,1,6649,16288
1569,1569,0,1,0,1,1,6649,16288
1570,1570,0,1,0,1,1,6650,16288
1571,1571,0,1,0,1,1,6650,16288
1572,1572,0,1,1,1,1,6650,16288
1573,1573,0,1,0,1,1,6650,16288
1574,1574,0,1,0,1,1,6650,16288
1575,1575,0,1,0,1,1,6650,16288
1576,1576,0,1,1,0,1,6650,16288
1577,1577,0,1,0,0,0,6650,16288
1578,1578,0,1,0,0,0,6650,16288
1579,1579,0,1,0,0,0,6650,16289
1580,1580,0,1,1,0,0,6650,16289
1581,1581,0,1,0,0,1,6650,16289
1582,1582,0,1,0,0,1,6650,16289
1583,1583,0,1,0,0,1,6650,16289
1584,1584,0,1,1,0,1,6650,16289
1585,1585,0,1,0,0,1,6650,16289
1586,1586,0,1,0,0,1,6650,16289
1587,1587,0,1,0,0,1,6650,16289
1588,1588,0,1,1,0,1,6650,16289
1589,1589,0,1,0,0,1,6650,16289
1590,1590,0,1,0,0,1,6650,16289
1591,1591,0,1,0,0,1,6650,16289
1592,1592,0,1,1,0,1,6650,16289
1593,1593,0,1,0,0,1,6650,16289
1594,1594,0,1,0,0,1,6650,16289
1595,1595,0,1,0,0,1,6650,16289
1596,1596,0,1,1,0,1,6650,16289
1597,1597,0,1,0,0,1,6650,16289
1598,1598,0,1,0,0,1,6650,16289
1599,1599,0,1,0,0,1,6650,16290
1600,1600,0,1,1,0,1,6650,16290
1601,1601,0,1,0,0,1,6650,16290
1602,1602,0,1,0,0,1,6650,16290
1603,1603,0,1,0,0,1,6650,16290
1604,1604,0,1,1,0,1,6650,16290
1605,1605,0,1,0,0,0,6650,16290
1606,1606,0,1,0,0,0,6650,16290
1607,1607,0,1,0,0,0,6650,16290
1608,1608,0,1,1,0,0,6650,16290
1609,1609,0,1,0,0,1,6650,16290
1610,1610,0,1,0,0,1,6650,16290
1611,1611,0,1,0,0,1,6650,16290
1612,1612,0,1,1,0,1,6650,16290
1613,1613,0,1,0,0,1,6650,16290
1614,1614,0,1,0,0,1,6650,16290
1615,1615,0,1,0,0,1,6650,16290
1616,1616,0,1,1,0,1,6650,16290
1617,1617,0,1,0,0,1,6650,16290
1618,1618,0,1,0,0,1,6650,16290
1619,1619,0,1,0,0,1,6650,16291
1620,1620,0,1,1,0,1,6650,16291
1621,1621,0,1,0,0,1,6650,16291
1622,1622,0,1,0,0,1,6650,16291
1623,1623,0,1,0,0,1,6650,16291
1624,1624,0,1,1,0,1,6650,16291
1625,1625,0,1,0,0,1,6650,16291
1626,1626,0,1,0,0,1,6650,16291
1627,1627,0,1,0,0,1,6650,16291
1628,1628,0,1,1,0,1,6650,16291
1629,1629,0,1,0,0,1,6650,16291
1630,1630,0,1,0,0,1,6650,16291
1631,1631,0,1,0,0,1,6650,16291
1632,1632,0,1,1,0,1,6650,16291
1633,1633,0,1,0,0,0,6650,16291
1634,1634,0,1,0,0,0,6650,16291
1635,1635,0,1,0,0,0,6650,16291
1636,1636,0,1,1,0,0,6650,16291
1637,1637,0,1,0,0,1,6650,16291
1638,1638,0,1,0,0,1,6650,16291
1639,1639,0,1,0,0,1,6650,16292
1640,1640,0,1,1,0,1,6650,16292
1641,1641,0,1,0,0,0,6650,16292
1642,1642,0,1,0,0,0,6650,16292
1643,1643,0,1,0,0,0,6650,16292
1644,1644,0,1,1,0,0,6650,16292
1645,1645,0,1,0,0,1,6650,16292
1646,1646,0,1,0,0,1,6650,16292
1647,1647,0,1,0,0,1,6650,16292
1648,1648,0,1,1,0,1,6650,16292
1649,1649,0,1,0,0,1,6650,16292
1650,1650,0,1,0,0,1,6650,16292
1651,1651,0,1,0,0,1,6650,16292
1652,1652,0,1,1,0,1,6650,16292
1653,1653,0,1,0,0,0,6650,16292
1654,1654,0,1,0,0,0,6650,16292
1655,1655,0,1,0,0,0,6650,16292
1656,1656,0,1,1,1,0,6650,16292
1657,1657,0,1,0,1,0,6650,16292
1658,1658,0,1,0,1,0,6650,16292
1659,1659,0,1,0,1,0,6650,16293
1660,1660,0,1,1,1,0,6650,16293
1661,1661,0,1,0,1,1,6650,16293
1662,1662,0,1,0,1,1,6650,16293
1663,1663,0,1,0,1,1,6650,16293
1664,1664,0,1,1,1,1,6650,16293
1665,1665,0,1,0,1,0,6650,16293
1666,1666,0,1,0,1,0,6650,16293
1667,1667,0,1,0,1,0,6650,16293
1668,1668,0,1,1,1,0,6650,16293
1669,1669,0,1,0,1,1,6650,16293
1670,1670,0,1,0,1,1,6651,16293
1671,1671,0,1,0,1,1,6651,16293
1672,1672,0,1,1,1,1,6651,16293
1673,1673,0,1,0,1,0,6651,16293
1674,1674,0,1,0,1,0,6651,16293
1675,1675,0,1,0,1,0,6651,16293
1676,1676,0,1,1,1,0,6651,16293
1677,1677,0,1,0,1,0,6651,16293
1678,1678,0,1,0,1,0,6651,16293
1679,1679,0,1,0,1,0,6651,16294
1680,1680,0,1,1,1,0,6651,16294
1681,1681,0,1,0,1,0,6651,16294
1682,1682,0,1,0,1,0,6651,16294
1683,1683,0,1,0,1,0,6651,16294
1684,1684,0,1,1,1,0,6651,16294
1685,1685,0,1,0,1,0,6651,16294
1686,1686,0,1,0,1,0,6651,16294
1687,1687,0,1,0,1,0,6651,16294
1688,1688,0,1,1,1,0,6651,16294
1689,1689,0,1,0,1,0,6651,16294
1690,1690,0,1,0,1,0,6651,16294
1691,1691,0,1,0,1,0,6651,16294
1692,1692,0,1,1,1,0,6651,16294
1693,1693,0,1,0,1,0,6651,16294
1694,1694,0,1,0,1,0,6651,16294
1695,1695,0,1,0,1,0,6651,16294
1696,1696,0,1,1,0,0,6651,16294
1697,1697,0,1,0,0,0,6651,16294
1698,1698,0,1,0,0,0,6651,16294
1699,1699,0,1,0,0,0,6651,16295
1700,1700,0,1,1,0,0,6651,16295
1701,1701,0,1,0,0,1,6651,16295
1702,1702,0,1,0,0,1,6651,16295
1703,1703,0,1,0,0,1,6651,16295
1704,1704,0,1,1,0,1,6651,16295
1705,1705,0,1,0,0,1,6651,16295
1706,1706,0,1,0,0,1,6651,16295
1707,1707,0,1,0,0,1,6651,16295
1708,1708,0,1,1,0,1,6651,16295
1709,1709,0,1,0,0,1,6651,16295
1710,1710,0,1,0,0,1,6651,16295
1711,1711,0,1,0,0,1,6651,16295
1712,1712,0,1,1,0,1,6651,16295
1713,1713,0,1,0,0,1,6651,16295
1714,1714,0,1,0,0,1,6651,16295
1715,1715,0,1,0,0,1,6651,16295
1716,1716,0,1,1,0,1,6651,16295
1717,1717,0,1,0,0,0,6651,16295
1718,1718,0,1,0,0,0,6651,16295
1719,1719,0,1,0,0,0,6651,16296
1720,1720,0,1,1,0,0,6651,16296
1721,1721,0,1,0,0,1,6651,16296
1722,1722,0,1,0,0,1,6651,16296
1723,1723,0,1,0,0,1,6651,16296
1724,1724,0,1,1,0,1,6651,16296
1725,1725,0,1,0,0,1,6651,16296
1726,1726,0,1,0,0,1,6651,16296
1727,1727,0,1,0,0,1,6651,16296
1728,1728,0,1,1,0,1,6651,16296
1729,1729,0,1,0,0,1,6651,16296
1730,1730,0,1,0,0,1,6651,16296
1731,1731,0,1,0,0,1,6651,16296
1732,1732,0,1,1,0,1,6651,16296
1733,1733,0,1,0,0,1,6651,16296
1734,1734,0,1,0,0,1,6651,16296
1735,1735,0,1,0,0,1,6651,16296
1736,1736,0,1,1,0,1,6651,16296
1737,1737,0,1,0,0,1,6651,16296
1738,1738,0,1,0,0,1,6651,16296
1739,1739,0,1,0,0,1,6651,16297
1740,1740,0,1,1,0,1,6651,16297
1741,1741,0,1,0,0,1,6651,16297
1742,1742,0,1,0,0,1,6651,16297
1743,1743,0,1,0,0,1,6651,16297
1744,1744,0,1,1,0,1,6651,16297
1745,1745,0,1,0,0,1,6651,16297
1746,1746,0,1,0,0,1,6651,16297
1747,1747,0,1,0,0,1,6651,16297
1748,1748,0,1,1,0,1,6651,16297
1749,1749,0,1,0,0,1,6651,16297
1750,1750,0,1,0,0,1,6651,16297
1751,1751,0,1,0,0,1,6651,16297
1752,1752,0,1,1,0,1,6651,16297
1753,1753,0,1,0,0,1,6651,16297
1754,1754,0,1,0,0,1,6651,16297
1755,1755,0,1,0,0,1,6651,16297
1756,1756,0,1,1,1,1,6651,16297
1757,1757,0,1,0,1,0,6651,16297
1758,1758,0,1,0,1,0,6651,16297
1759,1759,0,1,0,1,0,6651,16298
1760,1760,0,1,1,1,0,6651,16298
1761,1761,0,1,0,1,0,6651,16298
1762,1762,0,1,0,1,0,6651,16298
1763,1763,0,1,0,1,0,6651,16298
1764,1764,0,1,1,1,0,6651,16298
1765,1765,0,1,0,1,0,6651,16298
1766,1766,0,1,0,1,0,6651,16298
1767,1767,0,1,0,1,0,6651,16298
1768,1768,0,1,1,1,0,6651,16298
1769,1769,0,1,0,1,1,6651,16298
1770,1770,0,1,0,1,1,6652,16298
1771,1771,0,1,0,1,1,6652,16298
1772,1772,0,1,1,1,1,6652,16298
1773,1773,0,1,0,1,0,6652,16298
1774,1774,0,1,0,1,0,6652,16298
1775,1775,0,1,0,1,0,6652,16298
1776,1776,0,1,1,1,0,6652,16298
1777,1777,0,1,0,1,1,6652,16298
1778,1778,0,1,0,1,1,6652,16298
1779,1779,0,1,0,1,1,6652,16299
1780,1780,0,1,1,1,1,6652,16299
1781,1781,0,1,0,1,0,6652,16299
1782,1782,0,1,0,1,0,6652,16299
1783,1783,0,1,0,1,0,6652,16299
1784,1784,0,1,1,1,0,6652,16299
1785,1785,0,1,0,1,0,6652,16299
1786,1786,0,1,0,1,0,6652,16299
1787,1787,0,1,0,1,0,6652,16299
1788,1788,0,1,1,1,0,6652,16299
1789,1789,0,1,0,1,0,6652,16299
1790,1790,0,1,0,1,0,6652,16299
1791,1791,0,1,0,1,0,6652,16299
1792,1792,0,1,1,1,0,6652,16299
1793,1793,0,1,0,1,1,6652,16299
1794,1794,0,1,0,1,1,6652,16299
1795,1795,0,1,0,1,1,6652,16299
1796,1796,0,1,1,0,1,6652,16299
1797,1797,0,1,0,0,1,6652,16299
1798,1798,0,1,0,0,1,6652,16299
1799,1799,0,1,0,0,1,6652,16300
1800,1800,0,1,1,0,1,6652,16300
1801,1801,0,1,0,0,1,6652,16300
1802,1802,0,1,0,0,1,6652,16300
1803,1803,0,1,0,0,1,6652,16300
1804,1804,0,1,1,0,1,6652,16300
1805,1805,0,1,0,0,0,6652,16300
1806,1806,0,1,0,0,0,6652,16300
1807,1807,0,1,0,0,0,6652,16300
1808,1808,0,1,1,0,0,6652,16300
1809,1809,0,1,0,0,0,6652,16300
1810,1810,0,1,0,0,0,6653,16300
1811,1811,0,1,0,0,0,6653,16300
1812,1812,0,1,1,0,0,6653,16300
1813,1813,0,1,0,0,1,6653,16300
1814,1814,0,1,0,0,1,6653,16300
1815,1815,0,1,0,0,1,6653,16300
1816,1816,0,1,1,1,1,6653,16300
1817,1817,0,1,0,1,1,6653,16300
1818,1818,0,1,0,1,1,6653,16300
1819,1819,0,1,0,1,1,6653,16301
1820,1820,0,1,1,1,1,6653,16301
1821,1821,0,1,0,1,1,6653,16301
1822,1822,0,1,0,1,1,6653,16301
1823,1823,0,1,0,1,1,6653,16301
1824,1824,0,1,1,1,1,6653,16301
1825,1825,0,1,0,1,0,6653,16301
1826,1826,0,1,0,1,0,6653,16301
1827,1827,0,1,0,1,0,6653,16301
1828,1828,0,1,1,1,0,6653,16301
1829,1829,0,1,0,1,1,6653,16301
1830,1830,0,1,0,1,1,6654,16301
1831,1831,0,1,0,1,1,6654,16301
1832,1832,0,1,1,1,1,6654,16301
1833,1833,0,1,0,1,1,6654,16301
1834,1834,0,1,0,1,1,6654,16301
1835,1835,0,1,0,1,1,6654,16301
1836,1836,0,1,1,1,1,6654,16301
1837,1837,0,1,0,1,1,6654,16301
1838,1838,0,1,0,1,1,6654,16301
1839,1839,0,1,0,1,1,6654,16302
1840,1840,0,1,1,1,1,6654,16302
1841,1841,0,1,0,1,0,6654,16302
1842,1842,0,1,0,1,0,6654,16302
1843,1843,0,1,0,1,0,6654,16302
1844,1844,0,1,1,1,0,6654,16302
1845,1845,0,1,0,1,0,6654,16302
1846,1846,0,1,0,1,0,6654,16302
1847,1847,0,1,0,1,0,6654,16302
1848,1848,0,1,1,1,0,6654,16302
1849,1849,0,1,0,1,0,6654,16302
1850,1850,0,1,0,1,0,6654,16302
1851,1851,0,1,0,1,0,6654,16302
1852,1852,0,1,1,1,0,6654,16302
1853,1853,0,1,0,1,1,6654,16302
1854,1854,0,1,0,1,1,6654,16302
1855,1855,0,1,0,1,1,6654,16302
1856,1856,0,1,1,1,1,6654,16302
1857,1857,0,1,0,1,1,6654,16302
1858,1858,0,1,0,1,1,6654,16302
1859,1859,0,1,0,1,1,6654,16303
1860,1860,0,1,1,1,1,6654,16303
1861,1861,0,1,0,1,1,6654,16303
1862,1862,0,1,0,1,1,6654,16303
1863,1863,0,1,0,1,1,6654,16303
1864,1864,0,1,1,1,1,6654,16303
1865,1865,0,1,0,1,0,6654,16303
1866,1866,0,1,0,1,0,6654,16303
1867,1867,0,1,0,1,0,6654,16303
1868,1868,0,1,1,1,0,6654,16303
1869,1869,0,1,0,1,1,6654,16303
1870,1870,0,1,0,1,1,6655,16303
1871,1871,0,1,0,1,1,6655,16303
1872,1872,0,1,1,1,1,6655,16303
1873,1873,0,1,0,1,1,6655,16303
1874,1874,0,1,0,1,1,6655,16303
1875,1875,0,1,0,1,1,6655,16303
1876,1876,0,1,1,1,1,6655,16303
1877,1877,0,1,0,1,0,6655,16303
1878,1878,0,1,0,1,0,6655,16303
1879,1879,0,1,0,1,0,6655,16304
1880,1880,0,1,1,1,0,6655,16304
1881,1881,0,1,0,1,0,6655,16304
1882,1882,0,1,0,1,0,6655,16304
1883,1883,0,1,0,1,0,6655,16304
1884,1884,0,1,1,1,0,6655,16304
1885,1885,0,1,0,1,0,6655,16304
1886,1886,0,1,0,1,0,6655,16304
1887,1887,0,1,0,1,0,6655,16304
1888,1888,0,1,1,1,0,6655,16304
1889,1889,0,1,0,1,1,6655,16304
1890,1890,0,1,0,1,1,6656,16304
1891,1891,0,1,0,1,1,6656,16304
1892,1892,0,1,1,1,1,6656,16304
1893,1893,0,1,0,1,0,6656,16304
1894,1894,0,1,0,1,0,6656,16304
1895,1895,0,1,0,1,0,6656,16304
1896,1896,0,1,1,0,0,6656,16304
1897,1897,0,1,0,0,0,6656,16304
1898,1898,0,1,0,0,0,6656,16304
1899,1899,0,1,0,0,0,6656,16305
1900,1900,0,1,1,0,0,6656,16305
1901,1901,0,1,0,0,1,6656,16305
1902,1902,0,1,0,0,1,6656,16305
1903,1903,0,1,0,0,1,6656,16305
1904,1904,0,1,1,0,1,6656,16305
1905,1905,0,1,0,0,0,6656,16305
1906,1906,0,1,0,0,0,6656,16305
1907,1907,0,1,0,0,0,6656,16305
1908,1908,0,1,1,0,0,6656,16305
1909,1909,0,1,0,0,1,6656,16305
1910,1910,0,1,0,0,1,6656,16305
1911,1911,0,1,0,0,1,6656,16305
1912,1912,0,1,1,0,1,6656,16305
1913,1913,0,1,0,0,1,6656,16305
1914,1914,0,1,0,0,1,6656,16305
1915,1915,0,1,0,0,1,6656,16305
1916,1916,0,1,1,1,1,6656,16305
1917,1917,0,1,0,1,1,6656,16305
1918,1918,0,1,0,1,1,6656,16305
1919,1919,0,1,0,1,1,6656,16306
1920,1920,0,1,1,1,1,6656,16306
1921,1921,0,1,0,1,0,6656,16306
1922,1922,0,1,0,1,0,6656,16306
1923,1923,0,1,0,1,0,6656,16306
1924,1924,0,1,1,1,0,6656,16306
1925,1925,0,1,0,1,0,6656,16306
1926,1926,0,1,0,1,0,6656,16306
1927,1927,0,1,0,1,0,6656,16306
1928,1928,0,1,1,1,0,6656,16306
1929,1929,0,1,0,1,1,6656,16306
1930,1930,0,1,0,1,1,6657,16306
1931,1931,0,1,0,1,1,6657,16306
1932,1932,0,1,1,1,1,6657,16306
1933,1933,0,1,0,1,0,6657,16306
1934,1934,0,1,0,1,0,6657,16306
1935,1935,0,1,0,1,0,6657,16306
1936,1936,0,1,1,0,0,6657,16306
1937,1937,0,1,0,0,0,6657,16306
1938,1938,0,1,0,0,0,6657,16306
1939,1939,0,1,0,0,0,6657,16307
1940,1940,0,1,1,0,0,6657,16307
1941,1941,0,1,0,0,0,6657,16307
1942,1942,0,1,0,0,0,6657,16307
1943,1943,0,1,0,0,0,6657,16307
1944,1944,0,1,1,0,0,6657,16307
1945,1945,0,1,0,0,1,6657,16307
1946,1946,0,1,0,0,1,6657,16307
1947,1947,0,1,0,0,1,6657,16307
1948,1948,0,1,1,0,1,6657,16307
1949,1949,0,1,0,0,0,6657,16307
1950,1950,0,1,0,0,0,6658,16307
1951,1951,0,1,0,0,0,6658,16307
1952,1952,0,1,1,0,0,6658,16307
1953,1953,0,1,0,0,1,6658,16307
1954,1954,0,1,0,0,1,6658,16307
1955,1955,0,1,0,0,1,6658,16307
1956,1956,0,1,1,0,1,6658,16307
1957,1957,0,1,0,0,0,6658,16307
1958,1958,0,1,0,0,0,6658,16307
1959,1959,0,1,0,0,0,6658,16308
1960,1960,0,1,1,0,0,6658,16308
1961,1961,0,1,0,0,1,6658,16308
1962,1962,0,1,0,0,1,6658,16308
1963,1963,0,1,0,0,1,6658,16308
1964,1964,0,1,1,0,1,6658,16308
1965,1965,0,1,0,0,1,6658,16308
1966,1966,0,1,0,0,1,6658,16308
1967,1967,0,1,0,0,1,6658,16308
1968,1968,0,1,1,0,1,6658,16308
1969,1969,0,1,0,0,1,6658,16308
1970,1970,0,1,0,0,1,6658,16308
1971,1971,0,1,0,0,1,6658,16308
1972,1972,0,1,1,0,1,6658,16308
1973,1973,0,1,0,0,0,6658,16308
1974,1974,0,1,0,0,0,6658,16308
1975,1975,0,1,0,0,0,6658,16308
1976,1976,0,1,1,0,0,6658,16308
1977,1977,0,1,0,0,1,6658,16308
1978,1978,0,1,0,0,1,6658,16308
1979,1979,0,1,0,0,1,6658,16309
1980,1980,0,1,1,0,1,6658,16309
1981,1981,0,1,0,0,1,6658,16309
1982,1982,0,1,0,0,1,6658,16309
1983,1983,0,1,0,0,1,6658,16309
1984,1984,0,1,1,0,1,6658,16309
1985,1985,0,1,0,0,1,6658,16309
1986,1986,0,1,0,0,1,6658,16309
1987,1987,0,1,0,0,1,6658,16309
1988,1988,0,1,1,0,1,6658,16309
1989,1989,0,1,0,0,1,6658,16309
1990,1990,0,1,0,0,1,6658,16309
1991,1991,0,1,0,0,1,6658,16309
1992,1992,0,1,1,0,1,6658,16309
1993,1993,0,1,0,0,1,6658,16309
1994,1994,0,1,0,0,1,6658,16309
1995,1995,0,1,0,0,1,6658,16309
1996,1996,0,1,1,1,1,6658,16309
1997,1997,0,1,0,1,0,6658,16309
1998,1998,0,1,0,1,0,6658,16309
1999,1999,0,1,0,1,0,6658,16310
2000,2000,0,1,1,1,0,6658,16310
2001,2001,0,1,0,1,0,6658,16310
2002,2002,0,1,0,1,0,6658,16310
2003,2003,0,1,0,1,0,6658,16310
2004,2004,0,1,1,1,0,6658,16310
2005,2005,0,1,0,1,0,6658,16310
2006,2006,0,1,0,1,0,6658,16310
2007,2007,0,1,0,1,0,6658,16310
2008,2008,0,1,1,1,0,6658,16310
2009,2009,0,1,0,1,1,6658,16310
2010,2010,0,1,0,1,1,6659,16310
2011,2011,0,1,0,1,1,6659,16310
2012,2012,0,1,1,1,1,6659,16310
2013,2013,0,1,0,1,0,6659,16310
2014,2014,0,1,0,1,0,6659,16310
2015,2015,0,1,0,1,0,6659,16310
2016,2016,0,1,1,0,0,6659,16310
2017,2017,0,1,0,0,1,6659,16310
2018,2018,0,1,0,0,1,6659,16310
2019,2019,0,1,0,0,1,6659,16311
2020,2020,0,1,1,0,1,6659,16311
2021,2021,0,1,0,0,1,6659,16311
2022,2022,0,1,0,0,1,6659,16311
2023,2023,0,1,0,0,1,6659,16311
2024,2024,0,1,1,0,1,6659,16311
2025,2025,0,1,0,0,1,6659,16311
2026,2026,0,1,0,0,1,6659,16311
2027,2027,0,1,0,0,1,6659,16311
2028,2028,0,1,1,0,1,6659,16311
2029,2029,0,1,0,0,1,6659,16311
2030,2030,0,1,0,0,1,6659,16311
2031,2031,0,1,0,0,1,6659,16311
2032,2032,0,1,1,0,1,6659,16311
2033,2033,0,1,0,0,1,6659,16311
2034,2034,0,1,0,0,1,6659,16311
2035,2035,0,1,0,0,1,6659,16311
2036,2036,0,1,1,1,1,6659,16311
2037,2037,0,1,0,1,1,6659,16311
2038,2038,0,1,0,1,1,6659,16311
2039,2039,0,1,0,1,1,6659,16312
2040,2040,0,1,1,1,1,6659,16312
2041,2041,0,1,0,1,0,6659,16312
2042,2042,0,1,0,1,0,6659,16312
2043,2043,0,1,0,1,0,6659,16312
2044,2044,0,1,1,1,0,6659,16312
2045,2045,0,1,0,1,0,6659,16312
2046,2046,0,1,0,1,0,6659,16312
2047,2047,0,1,0,1,0,6659,16312
2048,2048,0,1,1,1,0,6659,16312
2049,2049,0,1,0,1,0,6659,16312
2050,2050,0,1,0,1,0,6659,16312
2051,2051,0,1,0,1,0,6659,16312
2052,2052,0,1,1,1,0,6659,16312
2053,2053,0,1,0,1,1,6659,16312
2054,2054,0,1,0,1,1,6659,16312
2055,2055,0,1,0,1,1,6659,16312
2056,2056,0,1,1,0,1,6659,16312
2057,2057,0,1,0,0,1,6659,16312
2058,2058,0,1,0,0,1,6659,16312
2059,2059,0,1,0,0,1,6659,16313
2060,2060,0,1,1,0,1,6659,16313
2061,2061,0,1,0,0,0,6659,16313
2062,2062,0,1,0,0,0,6659,16313
2063,2063,0,1,0,0,0,6659,16313
2064,2064,0,1,1,0,0,6659,16313
2065,2065,0,1,0,0,1,6659,16313
2066,2066,0,1,0,0,1,6659,16313
2067,2067,0,1,0,0,1,6659,16313
2068,2068,0,1,1,0,1,6659,16313
2069,2069,0,1,0,0,1,6659,16313
2070,2070,0,1,0,0,1,6659,16313
2071,2071,0,1,0,0,1,6659,16313
2072,2072,0,1,1,0,1,6659,16313
2073,2073,0,1,0,0,1,6659,16313
2074,2074,0,1,0,0,1,6659,16313
2075,2075,0,1,0,0,1,6659,16313
2076,2076,0,1,1,1,1,6659,16313
2077,2077,0,1,0,1,0,6659,16313
2078,2078,0,1,0,1,0,6659,16313
2079,2079,0,1,0,1,0,6659,16314
2080,2080,0,1,1,1,0,6659,16314
2081,2081,0,1,0,1,1,6659,16314
2082,2082,0,1,0,1,1,6659,16314
2083,2083,0,1,0,1,1,6659,16314
2084,2084,0,1,1,1,1,6659,16314
2085,2085,0,1,0,1,0,6659,16314
2086,2086,0,1,0,1,0,6659,16314
2087,2087,0,1,0,1,0,6659,16314
2088,2088,0,1,1,1,0,6659,16314
2089,2089,0,1,0,1,1,6659,16314
2090,2090,0,1,0,1,1,6660,16314
2091,2091,0,1,0,1,1,6660,16314
2092,2092,0,1,1,1,1,6660,16314
2093,2093,0,1,0,1,0,6660,16314
2094,2094,0,1,0,1,0,6660,16314
2095,2095,0,1,0,1,0,6660,16314
2096,2096,0,1,1,1,0,6660,16314
2097,2097,0,1,0,1,1,6660,16314
2098,2098,0,1,0,1,1,6660,16314
2099,2099,0,1,0,1,1,6660,16315
2100,2100,0,1,1,1,1,6660,16315
2101,2101,0,1,0,1,1,6660,16315
2102,2102,0,1,0,1,1,6660,16315
2103,2103,0,1,0,1,1,6660,16315
2104,2104,0,1,1,1,1,6660,16315
2105,2105,0,1,0,1,0,6660,16315
2106,2106,0,1,0,1,0,6660,16315
2107,2107,0,1,0,1,0,6660,16315
2108,2108,0,1,1,1,0,6660,16315
2109,2109,0,1,0,1,0,6660,16315
2110,2110,0,1,0,1,0,6660,16315
2111,2111,0,1,0,1,0,6660,16315
2112,2112,0,1,1,1,0,6660,16315
2113,2113,0,1,0,1,1,6660,16315
2114,2114,0,1,0,1,1,6660,16315
2115,2115,0,1,0,1,1,6660,16315
2116,2116,0,1,1,0,1,6660,16315
2117,2117,0,1,0,0,1,6660,16315
2118,2118,0,1,0,0,1,6660,16315
2119,2119,0,1,0,0,1,6660,16316
2120,2120,0,1,1,0,1,6660,16316
2121,2121,0,1,0,0,0,6660,16316
2122,2122,0,1,0,0,0,6660,16316
2123,2123,0,1,0,0,0,6660,16316
2124,2124,0,1,1,0,0,6660,16316
2125,2125,0,1,0,0,1,6660,16316
2126,2126,0,1,0,0,1,6660,16316
2127,2127,0,1,0,0,1,6660,16316
2128,2128,0,1,1,0,1,6660,16316
2129,2129,0,1,0,0,0,6660,16316
2130,2130,0,1,0,0,0,6661,16316
2131,2131,0,1,0,0,0,6661,16316
2132,2132,0,1,1,0,0,6661,16316
2133,2133,0,1,0,0,1,6661,16316
2134,2134,0,1,0,0,1,6661,16316
2135,2135,0,1,0,0,1,6661,16316
2136,2136,0,1,1,1,1,6661,16316
2137,2137,0,1,0,1,1,6661,16316
2138,2138,0,1,0,1,1,6661,16316
2139,2139,0,1,0,1,1,6661,16317
2140,2140,0,1,1,1,1,6661,16317
2141,2141,0,1,0,1,1,6661,16317
2142,2142,0,1,0,1,1,6661,16317
2143,2143,0,1,0,1,1,6661,16317
2144,2144,0,1,1,1,1,6661,16317
2145,2145,0,1,0,1,1,6661,16317
2146,2146,0,1,0,1,1,6661,16317
2147,2147,0,1,0,1,1,6661,16317
2148,2148,0,1,1,1,1,6661,16317
2149,2149,0,1,0,1,0,6661,16317
2150,2150,0,1,0,1,0,6661,16317
2151,2151,0,1,0,1,0,6661,16317
2152,2152,0,1,1,1,0,6661,16317
2153,2153,0,1,0,1,0,6661,16317
2154,2154,0,1,0,1,0,6661,16317
2155,2155,0,1,0,1,0,6661,16317
2156,2156,0,1,1,0,0,6661,16317
2157,2157,0,1,0,0,1,6661,16317
2158,2158,0,1,0,0,1,6661,16317
2159,2159,0,1,0,0,1,6661,16318
2160,2160,0,1,1,0,1,6661,16318
2161,2161,0,1,0,0,1,6661,16318
2162,2162,0,1,0,0,1,6661,16318
2163,2163,0,1,0,0,1,6661,16318
2164,2164,0,1,1,0,1,6661,16318
2165,2165,0,1,0,0,1,6661,16318
2166,2166,0,1,0,0,1,6661,16318
2167,2167,0,1,0,0,1,6661,16318
2168,2168,0,1,1,0,1,6661,16318
2169,2169,0,1,0,0,1,6661,16318
2170,2170,0,1,0,0,1,6661,16318
2171,2171,0,1,0,0,1,6661,16318
2172,2172,0,1,1,0,1,6661,16318
2173,2173,0,1,0,0,1,6661,16318
2174,2174,0,1,0,0,1,6661,16318
2175,2175,0,1,0,0,1,6661,16318
2176,2176,0,1,1,0,1,6661,16318
2177,2177,0,1,0,0,0,6661,16318
2178,2178,0,1,0,0,0,6661,16318
2179,2179,0,1,0,0,0,6661,16319
2180,2180,0,1,1,0,0,6661,16319
2181,2181,0,1,0,0,1,6661,16319
2182,2182,0,1,0,0,1,6661,16319
2183,2183,0,1,0,0,1,6661,16319
2184,2184,0,1,1,0,1,6661,16319
2185,2185,0,1,0,0,1,6661,16319
2186,2186,0,1,0,0,1,6661,16319
2187,2187,0,1,0,0,1,6661,16319
2188,2188,0,1,1,0,1,6661,16319
2189,2189,0,1,0,0,0,6661,16319
2190,2190,0,1,0,0,0,6662,16319
2191,2191,0,1,0,0,0,6662,16319
2192,2192,0,1,1,0,0,6662,16319
2193,2193,0,1,0,0,0,6662,16319
2194,2194,0,1,0,0,0,6662,16319
2195,2195,0,1,0,0,0,6662,16319
2196,2196,0,1,1,1,0,6662,16319
2197,2197,0,1,0,1,1,6662,16319
2198,2198,0,1,0,1,1,6662,16319
2199,2199,0,1,0,1,1,6662,16320
2200,2200,0,1,1,1,1,6662,16320
2201,2201,0,1,0,1,1,6662,16320
2202,2202,0,1,0,1,1,6662,16320
2203,2203,0,1,0,1,1,6662,16320
2204,2204,0,1,1,1,1,6662,16320
2205,2205,0,1,0,1,1,6662,16320
2206,2206,0,1,0,1,1,6662,16320
2207,2207,0,1,0,1,1,6662,16320
2208,2208,0,1,1,1,1,6662,16320
2209,2209,0,1,0,1,0,6662,16320
2210,2210,0,1,0,1,0,6662,16320
2211,2211,0,1,0,1,0,6662,16320
2212,2212,0,1,1,1,0,6662,16320
2213,2213,0,1,0,1,1,6662,16320
2214,2214,0,1,0,1,1,6662,16320
2215,2215,0,1,0,1,1,6662,16320
2216,2216,0,1,1,0,1,6662,16320
2217,2217,0,1,0,0,1,6662,16320
2218,2218,0,1,0,0,1,6662,16320
2219,2219,0,1,0,0,1,6662,16321
2220,2220,0,1,1,0,1,6662,16321
2221,2221,0,1,0,0,0,6662,16321
2222,2222,0,1,0,0,0,6662,16321
2223,2223,0,1,0,0,0,6662,16321
2224,2224,0,1,1,0,0,6662,16321
2225,2225,0,1,0,0,1,6662,16321
2226,2226,0,1,0,0,1,6662,16321
2227,2227,0,1,0,0,1,6662,16321
2228,2228,0,1,1,0,1,6662,16321
2229,2229,0,1,0,0,1,6662,16321
2230,2230,0,1,0,0,1,6662,16321
2231,2231,0,1,0,0,1,6662,16321
2232,2232,0,1,1,0,1,6662,16321
2233,2233,0,1,0,0,1,6662,16321
2234,2234,0,1,0,0,1,6662,16321
2235,2235,0,1,0,0,1,6662,16321
2236,2236,0,1,1,0,1,6662,16321
2237,2237,0,1,0,0,1,6662,16321
2238,2238,0,1,0,0,1,6662,16321
2239,2239,0,1,0,0,1,6662,16322
2240,2240,0,1,1,0,1,6662,16322
2241,2241,0,1,0,0,0,6662,16322
2242,2242,0,1,0,0,0,6662,16322
2243,2243,0,1,0,0,0,6662,16322
2244,2244,0,1,1,0,0,6662,16322
2245,2245,0,1,0,0,1,6662,16322
2246,2246,0,1,0,0,1,6662,16322
2247,2247,0,1,0,0,1,6662,16322
2248,2248,0,1,1,0,1,6662,16322
2249,2249,0,1,0,0,1,6662,16322
2250,2250,0,1,0,0,1,6662,16322
2251,2251,0,1,0,0,1,6662,16322
2252,2252,0,1,1,0,1,6662,16322
2253,2253,0,1,0,0,1,6662,16322
2254,2254,0,1,0,0,1,6662,16322
2255,2255,0,1,0,0,1,6662,16322
2256,2256,0,1,1,1,1,6662,16322
2257,2257,0,1,0,1,0,6662,16322
2258,2258,0,1,0,1,0,6662,16322
2259,2259,0,1,0,1,0,6662,16323
2260,2260,0,1,1,1,0,6662,16323
2261,2261,0,1,0,1,0,6662,16323
2262,2262,0,1,0,1,0,6662,16323
2263,2263,0,1,0,1,0,6662,16323
2264,2264,0,1,1,1,0,6662,16323
2265,2265,0,1,0,1,0,6662,16323
2266,2266,0,1,0,1,0,6662,16323
2267,2267,0,1,0,1,0,6662,16323
2268,2268,0,1,1,1,0,6662,16323
2269,2269,0,1,0,1,0,6662,16323
2270,2270,0,1,0,1,0,6662,16323
2271,2271,0,1,0,1,0,6662,16323
2272,2272,0,1,1,1,0,6662,16323
2273,2273,0,1,0,1,0,6662,16323
2274,2274,0,1,0,1,0,6662,16323
2275,2275,0,1,0,1,0,6662,16323
2276,2276,0,1,1,0,0,6662,16323
2277,2277,0,1,0,0,1,6662,16323
2278,2278,0,1,0,0,1,6662,16323
2279,2279,0,1,0,0,1,6662,16324
2280,2280,0,1,1,0,1,6662,16324
2281,2281,0,1,0,0,0,6662,16324
2282,2282,0,1,0,0,0,6662,16324
2283,2283,0,1,0,0,0,6662,16324
2284,2284,0,1,1,0,0,6662,16324
2285,2285,0,1,0,0,1,6662,16324
2286,2286,0,1,0,0,1,6662,16324
2287,2287,0,1,0,0,1,6662,16324
2288,2288,0,1,1,0,1,6662,16324
2289,2289,0,1,0,0,0,6662,16324
2290,2290,0,1,0,0,0,6663,16324
2291,2291,0,1,0,0,0,6663,16324
2292,2292,0,1,1,0,0,6663,16324
2293,2293,0,1,0,0,1,6663,16324
2294,2294,0,1,0,0,1,6663,16324
2295,2295,0,1,0,0,1,6663,16324
2296,2296,0,1,1,0,1,6663,16324
2297,2297,0,1,0,0,0,6663,16324
2298,2298,0,1,0,0,0,6663,16324
2299,2299,0,1,0,0,0,6663,16325
2300,2300,0,1,1,0,0,6663,16325
2301,2301,0,1,0,0,1,6663,16325
2302,2302,0,1,0,0,1,6663,16325
2303,2303,0,1,0,0,1,6663,16325
2304,2304,0,1,1,0,1,6663,16325
2305,2305,0,1,0,0,1,6663,16325
2306,2306,0,1,0,0,1,6663,16325
2307,2307,0,1,0,0,1,6663,16325
2308,2308,0,1,1,0,1,6663,16325
2309,2309,0,1,0,0,0,6663,16325
2310,2310,0,1,0,0,0,6664,16325
2311,2311,0,1,0,0,0,6664,16325
2312,2312,0,1,1,0,0,6664,16325
2313,2313,0,1,0,0,0,6664,16325
2314,2314,0,1,0,0,0,6664,16325
2315,2315,0,1,0,0,0,6664,16325
2316,2316,0,1,1,0,0,6664,16325
2317,2317,0,1,0,0,1,6664,16325
2318,2318,0,1,0,0,1,6664,16325
2319,2319,0,1,0,0,1,6664,16326
2320,2320,0,1,1,0,1,6664,16326
2321,2321,0,1,0,0,0,6664,16326
2322,2322,0,1,0,0,0,6664,16326
2323,2323,0,1,0,0,0,6664,16326
2324,2324,0,1,1,0,0,6664,16326
2325,2325,0,1,0,0,0,6664,16326
2326,2326,0,1,0,0,0,6664,16326
2327,2327,0,1,0,0,0,6664,16326
2328,2328,0,1,1,0,0,6664,16326
2329,2329,0,1,0,0,1,6664,16326
2330,2330,0,1,0,0,1,6664,16326
2331,2331,0,1,0,0,1,6664,16326
2332,2332,0,1,1,0,1,6664,16326
2333,2333,0,1,0,0,1,6664,16326
2334,2334,0,1,0,0,1,6664,16326
2335,2335,0,1,0,0,1,6664,16326
2336,2336,0,1,1,0,1,6664,16326
2337,2337,0,1,0,0,1,6664,16326
2338,2338,0,1,0,0,1,6664,16326
2339,2339,0,1,0,0,1,6664,16327
2340,2340,0,1,1,0,1,6664,16327
2341,2341,0,1,0,0,1,6664,16327
2342,2342,0,1,0,0,1,6664,16327
2343,2343,0,1,0,0,1,6664,16327
2344,2344,0,1,1,0,1,6664,16327
2345,2345,0,1,0,0,1,6664,16327
2346,2346,0,1,0,0,1,6664,16327
2347,2347,0,1,0,0,1,6664,16327
2348,2348,0,1,1,0,1,6664,16327
2349,2349,0,1,0,0,1,6664,16327
2350,2350,0,1,0,0,1,6664,16327
2351,2351,0,1,0,0,1,6664,16327
2352,2352,0,1,1,0,1,6664,16327
2353,2353,0,1,0,0,1,6664,16327
2354,2354,0,1,0,0,1,6664,16327
2355,2355,0,1,0,0,1,6664,16327
2356,2356,0,1,1,0,1,6664,16327
2357,2357,0,1,0,0,1,6664,16327
2358,2358,0,1,0,0,1,6664,16327
2359,2359,0,1,0,0,1,6664,16328
2360,2360,0,1,1,0,1,6664,16328
2361,2361,0,1,0,0,1,6664,16328
2362,2362,0,1,0,0,1,6664,16328
2363,2363,0,1,0,0,1,6664,16328
2364,2364,0,1,1,0,1,6664,16328
2365,2365,0,1,0,0,0,6664,16328
2366,2366,0,1,0,0,0,6664,16328
2367,2367,0,1,0,0,0,6664,16328
2368,2368,0,1,1,0,0,6664,16328
2369,2369,0,1,0,0,0,6664,16328
2370,2370,0,1,0,0,0,6665,16328
2371,2371,0,1,0,0,0,6665,16328
2372,2372,0,1,1,0,0,6665,16328
2373,2373,0,1,0,0,0,6665,16328
2374,2374,0,1,0,0,0,6665,16328
2375,2375,0,1,0,0,0,6665,16328
2376,2376,0,1,1,0,0,6665,16328
2377,2377,0,1,0,0,0,6665,16328
2378,2378,0,1,0,0,0,6665,16328
2379,2379,0,1,0,0,0,6665,16329
2380,2380,0,1,1,0,0,6665,16329
2381,2381,0,1,0,0,1,6665,16329
2382,2382,0,1,0,0,1,6665,16329
2383,2383,0,1,0,0,1,6665,16329
2384,2384,0,1,1,0,1,6665,16329
2385,2385,0,1,0,0,0,6665,16329
2386,2386,0,1,0,0,0,6665,16329
2387,2387,0,1,0,0,0,6665,16329
2388,2388,0,1,1,0,0,6665,16329
2389,2389,0,1,0,0,1,6665,16329
2390,2390,0,1,0,0,1,6665,16329
2391,2391,0,1,0,0,1,6665,16329
2392,2392,0,1,1,0,1,6665,16329
2393,2393,0,1,0,0,1,6665,16329
2394,2394,0,1,0,0,1,6665,16329
2395,2395,0,1,0,0,1,6665,16329
2396,2396,0,1,1,1,1,6665,16329
2397,2397,0,1,0,1,1,6665,16329
2398,2398,0,1,0,1,1,6665,16329
2399,2399,0,1,0,1,1,6665,16330
2400,2400,0,1,1,1,1,6665,16330
2401,2401,0,1,0,1,0,6665,16330
2402,2402,0,1,0,1,0,6665,16330
2403,2403,0,1,0,1,0,6665,16330
2404,2404,0,1,1,1,0,6665,16330
2405,2405,0,1,0,1,1,6665,16330
2406,2406,0,1,0,1,1,6665,16330
2407,2407,0,1,0,1,1,6665,16330
2408,2408,0,1,1,1,1,6665,16330
2409,2409,0,1,0,1,0,6665,16330
2410,2410,0,1,0,1,0,6665,16330
2411,2411,0,1,0,1,0,6665,16330
2412,2412,0,1,1,1,0,6665,16330
2413,2413,0,1,0,1,0,6665,16330
2414,2414,0,1,0,1,0,6665,16330
2415,2415,0,1,0,1,0,6665,16330
2416,2416,0,1,1,1,0,6665,16330
2417,2417,0,1,0,1,0,6665,16330
2418,2418,0,1,0,1,0,6665,16330
2419,2419,0,1,0,1,0,6665,16331
2420,2420,0,1,1,1,0,6665,16331
2421,2421,0,1,0,1,0,6665,16331
2422,2422,0,1,0,1,0,6665,16331
2423,2423,0,1,0,1,0,6665,16331
2424,2424,0,1,1,1,0,6665,16331
2425,2425,0,1,0,1,0,6665,16331
2426,2426,0,1,0,1,0,6665,16331
2427,2427,0,1,0,1,0,6665,16331
2428,2428,0,1,1,1,0,6665,16331
2429,2429,0,1,0,1,0,6665,16331
2430,2430,0,1,0,1,0,6665,16331
2431,2431,0,1,0,1,0,6665,16331
2432,2432,0,1,1,1,0,6665,16331
2433,2433,0,1,0,1,1,6665,16331
2434,2434,0,1,0,1,1,6665,16331
2435,2435,0,1,0,1,1,6665,16331
2436,2436,0,1,1,0,1,6665,16331
2437,2437,0,1,0,0,0,6665,16331
2438,2438,0,1,0,0,0,6665,16331
2439,2439,0,1,0,0,0,6665,16332
2440,2440,0,1,1,0,0,6665,16332
2441,2441,0,1,0,0,0,6665,16332
2442,2442,0,1,0,0,0,6665,16332
2443,2443,0,1,0,0,0,6665,16332
2444,2444,0,1,1,0,0,6665,16332
2445,2445,0,1,0,0,1,6665,16332
2446,2446,0,1,0,0,1,6665,16332
2447,2447,0,1,0,0,1,6665,16332
2448,2448,0,1,1,0,1,6665,16332
2449,2449,0,1,0,0,1,6665,16332
2450,2450,0,1,0,0,1,6665,16332
2451,2451,0,1,0,0,1,6665,16332
2452,2452,0,1,1,0,1,6665,16332
2453,2453,0,1,0,0,1,6665,16332
2454,2454,0,1,0,0,1,6665,16332
2455,2455,0,1,0,0,1,6665,16332
2456,2456,0,1,1,0,1,6665,16332
2457,2457,0,1,0,0,0,6665,16332
2458,2458,0,1,0,0,0,6665,16332
2459,2459,0,1,0,0,0,6665,16333
2460,2460,0,1,1,0,0,6665,16333
2461,2461,0,1,0,0,1,6665,16333
2462,2462,0,1,0,0,1,6665,16333
2463,2463,0,1,0,0,1,6665,16333
2464,2464,0,1,1,0,1,6665,16333
2465,2465,0,1,0,0,1,6665,16333
2466,2466,0,1,0,0,1,6665,16333
2467,2467,0,1,0,0,1,6665,16333
2468,2468,0,1,1,0,1,6665,16333
2469,2469,0,1,0,0,1,6665,16333
2470,2470,0,1,0,0,1,6665,16333
2471,2471,0,1,0,0,1,6665,16333
2472,2472,0,1,1,0,1,6665,16333
2473,2473,0,1,0,0,1,6665,16333
2474,2474,0,1,0,0,1,6665,16333
2475,2475,0,1,0,0,1,6665,16333
2476,2476,0,1,1,1,1,6665,16333
2477,2477,0,1,0,1,1,6665,16333
2478,2478,0,1,0,1,1,6665,16333
2479,2479,0,1,0,1,1,6665,16334
2480,2480,0,1,1,1,1,6665,16334
2481,2481,0,1,0,1,0,6665,16334
2482,2482,0,1,0,1,0,6665,16334
2483,2483,0,1,0,1,0,6665,16334
2484,2484,0,1,1,1,0,6665,16334
2485,2485,0,1,0,1,0,6665,16334
2486,2486,0,1,0,1,0,6665,16334
2487,2487,0,1,0,1,0,6665,16334
2488,2488,0,1,1,1,0,6665,16334
2489,2489,0,1,0,1,1,6665,16334
2490,2490,0,1,0,1,1,6666,16334
2491,2491,0,1,0,1,1,6666,16334
2492,2492,0,1,1,1,1,6666,16334
2493,2493,0,1,0,1,1,6666,16334
2494,2494,0,1,0,1,1,6666,16334
2495,2495,0,1,0,1,1,6666,16334
2496,2496,0,1,1,1,1,6666,16334
2497,2497,0,1,0,1,0,6666,16334
2498,2498,0,1,0,1,0,6666,16334
2499,2499,0,1,0,1,0,6666,16335
2500,2500,0,1,1,1,0,6666,16335
2501,2501,0,1,0,1,0,6666,16335
2502,2502,0,1,0,1,0,6666,16335
2503,2503,0,1,0,1,0,6666,16335
2504,2504,0,1,1,1,0,6666,16335
2505,2505,0,1,0,1,1,6666,16335
2506,2506,0,1,0,1,1,6666,16335
2507,2507,0,1,0,1,1,6666,16335
2508,2508,0,1,1,1,1,6666,16335
2509,2509,0,1,0,1,1,6666,16335
2510,2510,0,1,0,1,1,6667,16335
2511,2511,0,1,0,1,1,6667,16335
2512,2512,0,1,1,1,1,6667,16335
2513,2513,0,1,0,1,0,6667,16335
2514,2514,0,1,0,1,0,6667,16335
2515,2515,0,1,0,1,0,6667,16335
2516,2516,0,1,1,0,0,6667,16335
2517,2517,0,1,0,0,0,6667,16335
2518,2518,0,1,0,0,0,6667,16335
2519,2519,0,1,0,0,0,6667,16336
2520,2520,0,1,1,0,0,6667,16336
2521,2521,0,1,0,0,0,6667,16336
2522,2522,0,1,0,0,0,6667,16336
2523,2523,0,1,0,0,0,6667,16336
2524,2524,0,1,1,0,0,6667,16336
2525,2525,0,1,0,0,0,6667,16336
2526,2526,0,1,0,0,0,6667,16336
2527,2527,0,1,0,0,0,6667,16336
2528,2528,0,1,1,0,0,6667,16336
2529,2529,0,1,0,0,1,6667,16336
2530,2530,0,1,0,0,1,6667,16336
2531,2531,0,1,0,0,1,6667,16336
2532,2532,0,1,1,0,1,6667,16336
2533,2533,0,1,0,0,1,6667,16336
2534,2534,0,1,0,0,1,6667,16336
2535,2535,0,1,0,0,1,6667,16336
2536,2536,0,1,1,0,1,6667,16336
2537,2537,0,1,0,0,1,6667,16336
2538,2538,0,1,0,0,1,6667,16336
2539,2539,0,1,0,0,1,6667,16337
2540,2540,0,1,1,0,1,6667,16337
2541,2541,0,1,0,0,1,6667,16337
2542,2542,0,1,0,0,1,6667,16337
2543,2543,0,1,0,0,1,6667,16337
2544,2544,0,1,1,0,1,6667,16337
2545,2545,0,1,0,0,1,6667,16337
2546,2546,0,1,0,0,1,6667,16337
2547,2547,0,1,0,0,1,6667,16337
2548,2548,0,1,1,0,1,6667,16337
2549,2549,0,1,0,0,1,6667,16337
2550,2550,0,1,0,0,1,6667,16337
2551,2551,0,1,0,0,1,6667,16337
2552,2552,0,1,1,0,1,6667,16337
2553,2553,0,1,0,0,1,6667,16337
2554,2554,0,1,0,0,1,6667,16337
2555,2555,0,1,0,0,1,6667,16337
2556,2556,0,1,1,0,1,6667,16337
2557,2557,0,1,0,0,1,6667,16337
2558,2558,0,1,0,0,1,6667,16337
2559,2559,0,1,0,0,1,6667,16338
2560,2560,0,1,1,0,1,6667,16338
2561,2561,0,1,0,0,1,6667,16338
2562,2562,0,1,0,0,1,6667,16338
2563,2563,0,1,0,0,1,6667,16338
2564,2564,0,1,1,0,1,6667,16338
2565,2565,0,1,0,0,0,6667,16338
2566,2566,0,1,0,0,0,6667,16338
2567,2567,0,1,0,0,0,6667,16338
2568,2568,0,1,1,0,0,6667,16338
2569,2569,0,1,0,0,1,6667,16338
2570,2570,0,1,0,0,1,6667,16338
2571,2571,0,1,0,0,1,6667,16338
2572,2572,0,1,1,0,1,6667,16338
2573,2573,0,1,0,0,1,6667,16338
2574,2574,0,1,0,0,1,6667,16338
2575,2575,0,1,0,0,1,6667,16338
2576,2576,0,1,1,0,1,6667,16338
2577,2577,0,1,0,0,0,6667,16338
2578,2578,0,1,0,0,0,6667,16338
2579,2579,0,1,0,0,0,6667,16339
2580,2580,0,1,1,0,0,6667,16339
2581,2581,0,1,0,0,1,6667,16339
2582,2582,0,1,0,0,1,6667,16339
2583,2583,0,1,0,0,1,6667,16339
2584,2584,0,1,1,0,1,6667,16339
2585,2585,0,1,0,0,0,6667,16339
2586,2586,0,1,0,0,0,6667,16339
2587,2587,0,1,0,0,0,6667,16339
2588,2588,0,1,1,0,0,6667,16339
2589,2589,0,1,0,0,0,6667,16339
2590,2590,0,1,0,0,0,6668,16339
2591,2591,0,1,0,0,0,6668,16339
2592,2592,0,1,1,0,0,6668,16339
2593,2593,0,1,0,0,1,6668,16339
2594,2594,0,1,0,0,1,6668,16339
2595,2595,0,1,0,0,1,6668,16339
2596,2596,0,1,1,0,1,6668,16339
2597,2597,0,1,0,0,0,6668,16339
2598,2598,0,1,0,0,0,6668,16339
2599,2599,0,1,0,0,0,6668,16340
2600,2600,0,1,1,0,0,6668,16340
2601,2601,0,1,0,0,0,6668,16340
2602,2602,0,1,0,0,0,6668,16340
2603,2603,0,1,0,0,0,6668,16340
2604,2604,0,1,1,0,0,6668,16340
2605,2605,0,1,0,0,1,6668,16340
2606,2606,0,1,0,0,1,6668,16340
2607,2607,0,1,0,0,1,6668,16340
2608,2608,0,1,1,0,1,6668,16340
2609,2609,0,1,0,0,0,6668,16340
2610,2610,0,1,0,0,0,6669,16340
2611,2611,0,1,0,0,0,6669,16340
2612,2612,0,1,1,0,0,6669,16340
2613,2613,0,1,0,0,0,6669,16340
2614,2614,0,1,0,0,0,6669,16340
2615,2615,0,1,0,0,0,6669,16340
2616,2616,0,1,1,0,0,6669,16340
2617,2617,0,1,0,0,1,6669,16340
2618,2618,0,1,0,0,1,6669,16340
2619,2619,0,1,0,0,1,6669,16341
2620,2620,0,1,1,0,1,6669,16341
2621,2621,0,1,0,0,0,6669,16341
2622,2622,0,1,0,0,0,6669,16341
2623,2623,0,1,0,0,0,6669,16341
2624,2624,0,1,1,0,0,6669,16341
2625,2625,0,1,0,0,1,6669,16341
2626,2626,0,1,0,0,1,6669,16341
2627,2627,0,1,0,0,1,6669,16341
2628,2628,0,1,1,0,1,6669,16341
2629,2629,0,1,0,0,1,6669,16341
2630,2630,0,1,0,0,1,6669,16341
2631,2631,0,1,0,0,1,6669,16341
2632,2632,0,1,1,0,1,6669,16341
2633,2633,0,1,0,0,0,6669,16341
2634,2634,0,1,0,0,0,6669,16341
2635,2635,0,1,0,0,0,6669,16341
2636,2636,0,1,1,1,0,6669,16341
2637,2637,0,1,0,1,1,6669,16341
2638,2638,0,1,0,1,1,6669,16341
2639,2639,0,1,0,1,1,6669,16342
2640,2640,0,1,1,1,1,6669,16342
2641,2641,0,1,0,1,1,6669,16342
2642,2642,0,1,0,1,1,6669,16342
2643,2643,0,1,0,1,1,6669,16342
2644,2644,0,1,1,1,1,6669,16342
2645,2645,0,1,0,1,1,6669,16342
2646,2646,0,1,0,1,1,6669,16342
2647,2647,0,1,0,1,1,6669,16342
2648,2648,0,1,1,1,1,6669,16342
2649,2649,0,1,0,1,1,6669,16342
2650,2650,0,1,0,1,1,6670,16342
2651,2651,0,1,0,1,1,6670,16342
2652,2652,0,1,1,1,1,6670,16342
2653,2653,0,1,0,1,0,6670,16342
2654,2654,0,1,0,1,0,6670,16342
2655,2655,0,1,0,1,0,6670,16342
2656,2656,0,1,1,0,0,6670,16342
2657,2657,0,1,0,0,0,6670,16342
2658,2658,0,1,0,0,0,6670,16342
2659,2659,0,1,0,0,0,6670,16343
2660,2660,0,1,1,0,0,6670,16343
2661,2661,0,1,0,0,0,6670,16343
2662,2662,0,1,0,0,0,6670,16343
2663,2663,0,1,0,0,0,6670,16343
2664,2664,0,1,1,0,0,6670,16343
2665,2665,0,1,0,0,0,6670,16343
2666,2666,0,1,0,0,0,6670,16343
2667,2667,0,1,0,0,0,6670,16343
2668,2668,0,1,1,0,0,6670,16343
2669,2669,0,1,0,0,1,6670,16343
2670,2670,0,1,0,0,1,6670,16343
2671,2671,0,1,0,0,1,6670,16343
2672,2672,0,1,1,0,1,6670,16343
2673,2673,0,1,0,0,1,6670,16343
2674,2674,0,1,0,0,1,6670,16343
2675,2675,0,1,0,0,1,6670,16343
2676,2676,0,1,1,1,1,6670,16343
2677,2677,0,1,0,1,1,6670,16343
2678,2678,0,1,0,1,1,6670,16343
2679,2679,0,1,0,1,1,6670,16344
2680,2680,0,1,1,1,1,6670,16344
2681,2681,0,1,0,1,0,6670,16344
2682,2682,0,1,0,1,0,6670,16344
2683,2683,0,1,0,1,0,6670,16344
2684,2684,0,1,1,1,0,6670,16344
2685,2685,0,1,0,1,0,6670,16344
2686,2686,0,1,0,1,0,6670,16344
2687,2687,0,1,0,1,0,6670,16344
2688,2688,0,1,1,1,0,6670,16344
2689,2689,0,1,0,1,1,6670,16344
2690,2690,0,1,0,1,1,6671,16344
2691,2691,0,1,0,1,1,6671,16344
2692,2692,0,1,1,1,1,6671,16344
2693,2693,0,1,0,1,1,6671,16344
2694,2694,0,1,0,1,1,6671,16344
2695,2695,0,1,0,1,1,6671,16344
2696,2696,0,1,1,1,1,6671,16344
2697,2697,0,1,0,1,0,6671,16344
2698,2698,0,1,0,1,0,6671,16344
2699,2699,0,1,0,1,0,6671,16345
2700,2700,0,1,1,1,0,6671,16345
2701,2701,0,1,0,1,0,6671,16345
2702,2702,0,1,0,1,0,6671,16345
2703,2703,0,1,0,1,0,6671,16345
2704,2704,0,1,1,1,0,6671,16345
2705,2705,0,1,0,1,1,6671,16345
2706,2706,0,1,0,1,1,6671,16345
2707,2707,0,1,0,1,1,6671,16345
2708,2708,0,1,1,1,1,6671,16345
2709,2709,0,1,0,1,0,6671,16345
2710,2710,0,1,0,1,0,6671,16345
2711,2711,0,1,0,1,0,6671,16345
2712,2712,0,1,1,1,0,6671,16345
2713,2713,0,1,0,1,0,6671,16345
2714,2714,0,1,0,1,0,6671,16345
2715,2715,0,1,0,1,0,6671,16345
2716,2716,0,1,1,0,0,6671,16345
2717,2717,0,1,0,0,1,6671,16345
2718,2718,0,1,0,0,1,6671,16345
2719,2719,0,1,0,0,1,6671,16346
2720,2720,0,1,1,0,1,6671,16346
2721,2721,0,1,0,0,1,6671,16346
2722,2722,0,1,0,0,1,6671,16346
2723,2723,0,1,0,0,1,6671,16346
2724,2724,0,1,1,0,1,6671,16346
2725,2725,0,1,0,0,1,6671,16346
2726,2726,0,1,0,0,1,6671,16346
2727,2727,0,1,0,0,1,6671,16346
2728,2728,0,1,1,0,1,6671,16346
2729,2729,0,1,0,0,0,6671,16346
2730,2730,0,1,0,0,0,6672,16346
2731,2731,0,1,0,0,0,6672,16346
2732,2732,0,1,1,0,0,6672,16346
2733,2733,0,1,0,0,1,6672,16346
2734,2734,0,1,0,0,1,6672,16346
2735,2735,0,1,0,0,1,6672,16346
2736,2736,0,1,1,1,1,6672,16346
2737,2737,0,1,0,1,1,6672,16346
2738,2738,0,1,0,1,1,6672,16346
2739,2739,0,1,0,1,1,6672,16347
2740,2740,0,1,1,1,1,6672,16347
2741,2741,0,1,0,1,0,6672,16347
2742,2742,0,1,0,1,0,6672,16347
2743,2743,0,1,0,1,0,6672,16347
2744,2744,0,1,1,1,0,6672,16347
2745,2745,0,1,0,1,1,6672,16347
2746,2746,0,1,0,1,1,6672,16347
2747,2747,0,1,0,1,1,6672,16347
2748,2748,0,1,1,1,1,6672,16347
2749,2749,0,1,0,1,1,6672,16347
2750,2750,0,1,0,1,1,6673,16347
2751,2751,0,1,0,1,1,6673,16347
2752,2752,0,1,1,1,1,6673,16347
2753,2753,0,1,0,1,0,6673,16347
2754,2754,0,1,0,1,0,6673,16347
2755,2755,0,1,0,1,0,6673,16347
2756,2756,0,1,1,0,0,6673,16347
2757,2757,0,1,0,0,0,6673,16347
2758,2758,0,1,0,0,0,6673,16347
2759,2759,0,1,0,0,0,6673,16348
2760,2760,0,1,1,0,0,6673,16348
2761,2761,0,1,0,0,0,6673,16348
2762,2762,0,1,0,0,0,6673,16348
2763,2763,0,1,0,0,0,6673,16348
2764,2764,0,1,1,0,0,6673,16348
2765,2765,0,1,0,0,1,6673,16348
2766,2766,0,1,0,0,1,6673,16348
2767,2767,0,1,0,0,1,6673,16348
2768,2768,0,1,1,0,1,6673,16348
2769,2769,0,1,0,0,0,6673,16348
2770,2770,0,1,0,0,0,6674,16348
2771,2771,0,1,0,0,0,6674,16348
2772,2772,0,1,1,0,0,6674,16348
2773,2773,0,1,0,0,1,6674,16348
2774,2774,0,1,0,0,1,6674,16348
2775,2775,0,1,0,0,1,6674,16348
2776,2776,0,1,1,0,1,6674,16348
2777,2777,0,1,0,0,0,6674,16348
2778,2778,0,1,0,0,0,6674,16348
2779,2779,0,1,0,0,0,6674,16349
2780,2780,0,1,1,0,0,6674,16349
2781,2781,0,1,0,0,0,6674,16349
2782,2782,0,1,0,0,0,6674,16349
2783,2783,0,1,0,0,0,6674,16349
2784,2784,0,1,1,0,0,6674,16349
2785,2785,0,1,0,0,1,6674,16349
2786,2786,0,1,0,0,1,6674,16349
2787,2787,0,1,0,0,1,6674,16349
2788,2788,0,1,1,0,1,6674,16349
2789,2789,0,1,0,0,0,6674,16349
2790,2790,0,1,0,0,0,6675,16349
2791,2791,0,1,0,0,0,6675,16349
2792,2792,0,1,1,0,0,6675,16349
2793,2793,0,1,0,0,1,6675,16349
2794,2794,0,1,0,0,1,6675,16349
2795,2795,0,1,0,0,1,6675,16349
2796,2796,0,1,1,0,1,6675,16349
2797,2797,0,1,0,0,0,6675,16349
2798,2798,0,1,0,0,0,6675,16349
2799,2799,0,1,0,0,0,6675,16350
2800,2800,0,1,1,0,0,6675,16350
2801,2801,0,1,0,0,1,6675,16350
2802,2802,0,1,0,0,1,6675,16350
2803,2803,0,1,0,0,1,6675,16350
2804,2804,0,1,1,0,1,6675,16350
2805,2805,0,1,0,0,1,6675,16350
2806,2806,0,1,0,0,1,6675,16350
2807,2807,0,1,0,0,1,6675,16350
2808,2808,0,1,1,0,1,6675,16350
2809,2809,0,1,0,0,0,6675,16350
2810,2810,0,1,0,0,0,6676,16350
2811,2811,0,1,0,0,0,6676,16350
2812,2812,0,1,1,0,0,6676,16350
2813,2813,0,1,0,0,1,6676,16350
2814,2814,0,1,0,0,1,6676,16350
2815,2815,0,1,0,0,1,6676,16350
2816,2816,0,1,1,0,1,6676,16350
2817,2817,0,1,0,0,0,6676,16350
2818,2818,0,1,0,0,0,6676,16350
2819,2819,0,1,0,0,0,6676,16351
2820,2820,0,1,1,0,0,6676,16351
2821,2821,0,1,0,0,0,6676,16351
2822,2822,0,1,0,0,0,6676,16351
2823,2823,0,1,0,0,0,6676,16351
2824,2824,0,1,1,0,0,6676,16351
2825,2825,0,1,0,0,1,6676,16351
2826,2826,0,1,0,0,1,6676,16351
2827,2827,0,1,0,0,1,6676,16351
2828,2828,0,1,1,0,1,6676,16351
2829,2829,0,1,0,0,0,6676,16351
2830,2830,0,1,0,0,0,6677,16351
2831,2831,0,1,0,0,0,6677,16351
2832,2832,0,1,1,0,0,6677,16351
2833,2833,0,1,0,0,1,6677,16351
2834,2834,0,1,0,0,1,6677,16351
2835,2835,0,1,0,0,1,6677,16351
2836,2836,0,1,1,0,1,6677,16351
2837,2837,0,1,0,0,1,6677,16351
2838,2838,0,1,0,0,1,6677,16351
2839,2839,0,1,0,0,1,6677,16352
2840,2840,0,1,1,0,1,6677,16352
2841,2841,0,1,0,0,1,6677,16352
2842,2842,0,1,0,0,1,6677,16352
2843,2843,0,1,0,0,1,6677,16352
2844,2844,0,1,1,0,1,6677,16352
2845,2845,0,1,0,0,1,6677,16352
2846,2846,0,1,0,0,1,6677,16352
2847,2847,0,1,0,0,1,6677,16352
2848,2848,0,1,1,0,1,6677,16352
2849,2849,0,1,0,0,0,6677,16352
2850,2850,0,1,0,0,0,6678,16352
2851,2851,0,1,0,0,0,6678,16352
2852,2852,0,1,1,0,0,6678,16352
2853,2853,0,1,0,0,1,6678,16352
2854,2854,0,1,0,0,1,6678,16352
2855,2855,0,1,0,0,1,6678,16352
2856,2856,0,1,1,0,1,6678,16352
2857,2857,0,1,0,0,1,6678,16352
2858,2858,0,1,0,0,1,6678,16352
2859,2859,0,1,0,0,1,6678,16353
2860,2860,0,1,1,0,1,6678,16353
2861,2861,0,1,0,0,1,6678,16353
2862,2862,0,1,0,0,1,6678,16353
2863,2863,0,1,0,0,1,6678,16353
2864,2864,0,1,1,0,1,6678,16353
2865,2865,0,1,0,0,0,6678,16353
2866,2866,0,1,0,0,0,6678,16353
2867,2867,0,1,0,0,0,6678,16353
2868,2868,0,1,1,0,0,6678,16353
2869,2869,0,1,0,0,1,6678,16353
2870,2870,0,1,0,0,1,6678,16353
2871,2871,0,1,0,0,1,6678,16353
2872,2872,0,1,1,0,1,6678,16353
2873,2873,0,1,0,0,1,6678,16353
2874,2874,0,1,0,0,1,6678,16353
2875,2875,0,1,0,0,1,6678,16353
2876,2876,0,1,1,1,1,6678,16353
2877,2877,0,1,0,1,1,6678,16353
2878,2878,0,1,0,1,1,6678,16353
2879,2879,0,1,0,1,1,6678,16354
2880,2880,0,1,1,1,1,6678,16354
2881,2881,0,1,0,1,1,6678,16354
2882,2882,0,1,0,1,1,6678,16354
2883,2883,0,1,0,1,1,6678,16354
2884,2884,0,1,1,1,1,6678,16354
2885,2885,0,1,0,1,0,6678,16354
2886,2886,0,1,0,1,0,6678,16354
2887,2887,0,1,0,1,0,6678,16354
2888,2888,0,1,1,1,0,6678,16354
2889,2889,0,1,0,1,1,6678,16354
2890,2890,0,1,0,1,1,6679,16354
2891,2891,0,1,0,1,1,6679,16354
2892,2892,0,1,1,1,1,6679,16354
2893,2893,0,1,0,1,0,6679,16354
2894,2894,0,1,0,1,0,6679,16354
2895,2895,0,1,0,1,0,6679,16354
2896,2896,0,1,1,1,0,6679,16354
2897,2897,0,1,0,1,0,6679,16354
2898,2898,0,1,0,1,0,6679,16354
2899,2899,0,1,0,1,0,6679,16355
2900,2900,0,1,1,1,0,6679,16355
2901,2901,0,1,0,1,1,6679,16355
2902,2902,0,1,0,1,1,6679,16355
2903,2903,0,1,0,1,1,6679,16355
2904,2904,0,1,1,1,1,6679,16355
2905,2905,0,1,0,1,1,6679,16355
2906,2906,0,1,0,1,1,6679,16355
2907,2907,0,1,0,1,1,6679,16355
2908,2908,0,1,1,1,1,6679,16355
2909,2909,0,1,0,1,0,6679,16355
2910,2910,0,1,0,1,0,6679,16355
2911,2911,0,1,0,1,0,6679,16355
2912,2912,0,1,1,1,0,6679,16355
2913,2913,0,1,0,1,0,6679,16355
2914,2914,0,1,0,1,0,6679,16355
2915,2915,0,1,0,1,0,6679,16355
2916,2916,0,1,1,1,0,6679,16355
2917,2917,0,1,0,1,0,6679,16355
2918,2918,0,1,0,1,0,6679,16355
2919,2919,0,1,0,1,0,6679,16356
2920,2920,0,1,1,1,0,6679,16356
2921,2921,0,1,0,1,1,6679,16356
2922,2922,0,1,0,1,1,6679,16356
2923,2923,0,1,0,1,1,6679,16356
2924,2924,0,1,1,1,1,6679,16356
2925,2925,0,1,0,1,1,6679,16356
2926,2926,0,1,0,1,1,6679,16356
2927,2927,0,1,0,1,1,6679,16356
2928,2928,0,1,1,1,1,6679,16356
2929,2929,0,1,0,1,1,6679,16356
2930,2930,0,1,0,1,1,6680,16356
2931,2931,0,1,0,1,1,6680,16356
2932,2932,0,1,1,1,1,6680,16356
2933,2933,0,1,0,1,1,6680,16356
2934,2934,0,1,0,1,1,6680,16356
2935,2935,0,1,0,1,1,6680,16356
2936,2936,0,1,1,1,1,6680,16356
2937,2937,0,1,0,1,0,6680,16356
2938,2938,0,1,0,1,0,6680,16356
2939,2939,0,1,0,1,0,6680,16357
2940,2940,0,1,1,1,0,6680,16357
2941,2941,0,1,0,1,0,6680,16357
2942,2942,0,1,0,1,0,6680,16357
2943,2943,0,1,0,1,0,6680,16357
2944,2944,0,1,1,1,0,6680,16357
2945,2945,0,1,0,1,1,6680,16357
2946,2946,0,1,0,1,1,6680,16357
2947,2947,0,1,0,1,1,6680,16357
2948,2948,0,1,1,1,1,6680,16357
2949,2949,0,1,0,1,1,6680,16357
2950,2950,0,1,0,1,1,6681,16357
2951,2951,0,1,0,1,1,6681,16357
2952,2952,0,1,1,1,1,6681,16357
2953,2953,0,1,0,1,1,6681,16357
2954,2954,0,1,0,1,1,6681,16357
2955,2955,0,1,0,1,1,6681,16357
2956,2956,0,1,1,1,1,6681,16357
2957,2957,0,1,0,1,0,6681,16357
2958,2958,0,1,0,1,0,6681,16357
2959,2959,0,1,0,1,0,6681,16358
2960,2960,0,1,1,1,0,6681,16358
2961,2961,0,1,0,1,1,6681,16358
2962,2962,0,1,0,1,1,6681,16358
2963,2963,0,1,0,1,1,6681,16358
2964,2964,0,1,1,1,1,6681,16358
2965,2965,0,1,0,1,0,6681,16358
2966,2966,0,1,0,1,0,6681,16358
2967,2967,0,1,0,1,0,6681,16358
2968,2968,0,1,1,1,0,6681,16358
2969,2969,0,1,0,1,0,6681,16358
2970,2970,0,1,0,1,0,6681,16358
2971,2971,0,1,0,1,0,6681,16358
2972,2972,0,1,1,1,0,6681,16358
2973,2973,0,1,0,1,0,6681,16358
2974,2974,0,1,0,1,0,6681,16358
2975,2975,0,1,0,1,0,6681,16358
2976,2976,0,1,1,1,0,6681,16358
2977,2977,0,1,0,1,0,6681,16358
2978,2978,0,1,0,1,0,6681,16358
2979,2979,0,1,0,1,0,6681,16359
2980,2980,0,1,1,1,0,6681,16359
2981,2981,0,1,0,1,1,6681,16359
2982,2982,0,1,0,1,1,6681,16359
2983,2983,0,1,0,1,1,6681,16359
2984,2984,0,1,1,1,1,6681,16359
2985,2985,0,1,0,1,1,6681,16359
2986,2986,0,1,0,1,1,6681,16359
2987,2987,0,1,0,1,1,6681,16359
2988,2988,0,1,1,1,1,6681,16359
2989,2989,0,1,0,1,1,6681,16359
2990,2990,0,1,0,1,1,6682,16359
2991,2991,0,1,0,1,1,6682,16359
2992,2992,0,1,1,1,1,6682,16359
2993,2993,0,1,0,1,1,6682,16359
2994,2994,0,1,0,1,1,6682,16359
2995,2995,0,1,0,1,1,6682,16359
2996,2996,0,1,1,0,1,6682,16359
2997,2997,0,1,0,0,1,6682,16359
2998,2998,0,1,0,0,1,6682,16359
2999,2999,0,1,0,0,1,6682,16360
3000,3000,0,1,1,0,1,6682,16360
3001,3001,0,1,0,0,0,6682,16360
3002,3002,0,1,0,0,0,6682,16360
3003,3003,0,1,0,0,0,6682,16360
3004,3004,0,1,1,0,0,6682,16360
3005,3005,0,1,0,0,0,6682,16360
3006,3006,0,1,0,0,0,6682,16360
3007,3007,0,1,0,0,0,6682,16360
3008,3008,0,1,1,0,0,6682,16360
3009,3009,0,1,0,0,1,6682,16360
3010,3010,0,1,0,0,1,6682,16360
3011,3011,0,1,0,0,1,6682,16360
3012,3012,0,1,1,0,1,6682,16360
3013,3013,0,1,0,0,1,6682,16360
3014,3014,0,1,0,0,1,6682,16360
3015,3015,0,1,0,0,1,6682,16360
3016,3016,0,1,1,0,1,6682,16360
3017,3017,0,1,0,0,1,6682,16360
3018,3018,0,1,0,0,1,6682,16360
3019,3019,0,1,0,0,1,6682,16361
3020,3020,0,1,1,0,1,6682,16361
3021,3021,0,1,0,0,1,6682,16361
3022,3022,0,1,0,0,1,6682,16361
3023,3023,0,1,0,0,1,6682,16361
3024,3024,0,1,1,0,1,6682,16361
3025,3025,0,1,0,0,1,6682,16361
3026,3026,0,1,0,0,1,6682,16361
3027,3027,0,1,0,0,1,6682,16361
3028,3028,0,1,1,0,1,6682,16361
3029,3029,0,1,0,0,0,6682,16361
3030,3030,0,1,0,0,0,6683,16361
3031,3031,0,1,0,0,0,6683,16361
3032,3032,0,1,1,0,0,6683,16361
3033,3033,0,1,0,0,1,6683,16361
3034,3034,0,1,0,0,1,6683,16361
3035,3035,0,1,0,0,1,6683,16361
3036,3036,0,1,1,0,1,6683,16361
3037,3037,0,1,0,0,0,6683,16361
3038,3038,0,1,0,0,0,6683,16361
3039,3039,0,1,0,0,0,6683,16362
3040,3040,0,1,1,0,0,6683,16362
3041,3041,0,1,0,0,1,6683,16362
3042,3042,0,1,0,0,1,6683,16362
3043,3043,0,1,0,0,1,6683,16362
3044,3044,0,1,1,0,1,6683,16362
3045,3045,0,1,0,0,1,6683,16362
3046,3046,0,1,0,0,1,6683,16362
3047,3047,0,1,0,0,1,6683,16362
3048,3048,0,1,1,0,1,6683,16362
3049,3049,0,1,0,0,0,6683,16362
3050,3050,0,1,0,0,0,6684,16362
3051,3051,0,1,0,0,0,6684,16362
3052,3052,0,1,1,0,0,6684,16362
3053,3053,0,1,0,0,1,6684,16362
3054,3054,0,1,0,0,1,6684,16362
3055,3055,0,1,0,0,1,6684,16362
3056,3056,0,1,1,0,1,6684,16362
3057,3057,0,1,0,0,0,6684,16362
3058,3058,0,1,0,0,0,6684,16362
3059,3059,0,1,0,0,0,6684,16363
3060,3060,0,1,1,0,0,6684,16363
3061,3061,0,1,0,0,0,6684,16363
3062,3062,0,1,0,0,0,6684,16363
3063,3063,0,1,0,0,0,6684,16363
3064,3064,0,1,1,0,0,6684,16363
3065,3065,0,1,0,0,0,6684,16363
3066,3066,0,1,0,0,0,6684,16363
3067,3067,0,1,0,0,0,6684,16363
3068,3068,0,1,1,0,0,6684,16363
3069,3069,0,1,0,0,0,6684,16363
3070,3070,0,1,0,0,0,6685,16363
3071,3071,0,1,0,0,0,6685,16363
3072,3072,0,1,1,0,0,6685,16363
3073,3073,0,1,0,0,0,6685,16363
3074,3074,0,1,0,0,0,6685,16363
3075,3075,0,1,0,0,0,6685,16363
3076,3076,0,1,1,0,0,6685,16363
3077,3077,0,1,0,0,1,6685,16363
3078,3078,0,1,0,0,1,6685,16363
3079,3079,0,1,0,0,1,6685,16364
3080,3080,0,1,1,0,1,6685,16364
3081,3081,0,1,0,0,1,6685,16364
3082,3082,0,1,0,0,1,6685,16364
3083,3083,0,1,0,0,1,6685,16364
3084,3084,0,1,1,0,1,6685,16364
3085,3085,0,1,0,0,0,6685,16364
3086,3086,0,1,0,0,0,6685,16364
3087,3087,0,1,0,0,0,6685,16364
3088,3088,0,1,1,0,0,6685,16364
3089,3089,0,1,0,0,1,6685,16364
3090,3090,0,1,0,0,1,6685,16364
3091,3091,0,1,0,0,1,6685,16364
3092,3092,0,1,1,0,1,6685,16364
3093,3093,0,1,0,0,1,6685,16364
3094,3094,0,1,0,0,1,6685,16364
3095,3095,0,1,0,0,1,6685,16364
3096,3096,0,1,1,0,1,6685,16364
3097,3097,0,1,0,0,1,6685,16364
3098,3098,0,1,0,0,1,6685,16364
3099,3099,0,1,0,0,1,6685,16365
3100,3100,0,1,1,0,1,6685,16365
3101,3101,0,1,0,0,1,6685,16365
3102,3102,0,1,0,0,1,6685,16365
3103,3103,0,1,0,0,1,6685,16365
3104,3104,0,1,1,0,1,6685,16365
3105,3105,0,1,0,0,0,6685,16365
3106,3106,0,1,0,0,0,6685,16365
3107,3107,0,1,0,0,0,6685,16365
3108,3108,0,1,1,0,0,6685,16365
3109,3109,0,1,0,0,0,6685,16365
3110,3110,0,1,0,0,0,6686,16365
3111,3111,0,1,0,0,0,6686,16365
3112,3112,0,1,1,0,0,6686,16365
3113,3113,0,1,0,0,0,6686,16365
3114,3114,0,1,0,0,0,6686,16365
3115,3115,0,1,0,0,0,6686,16365
3116,3116,0,1,1,1,0,6686,16365
3117,3117,0,1,0,1,0,6686,16365
3118,3118,0,1,0,1,0,6686,16365
3119,3119,0,1,0,1,0,6686,16366
3120,3120,0,1,1,1,0,6686,16366
3121,3121,0,1,0,1,1,6686,16366
3122,3122,0,1,0,1,1,6686,16366
3123,3123,0,1,0,1,1,6686,16366
3124,3124,0,1,1,1,1,6686,16366
3125,3125,0,1,0,1,0,6686,16366
3126,3126,0,1,0,1,0,6686,16366
3127,3127,0,1,0,1,0,6686,16366
3128,3128,0,1,1,1,0,6686,16366
3129,3129,0,1,0,1,0,6686,16366
3130,3130,0,1,0,1,0,6686,16366
3131,3131,0,1,0,1,0,6686,16366
3132,3132,0,1,1,1,0,6686,16366
3133,3133,0,1,0,1,1,6686,16366
3134,3134,0,1,0,1,1,6686,16366
3135,3135,0,1,0,1,1,6686,16366
3136,3136,0,1,1,0,1,6686,16366
3137,3137,0,1,0,0,0,6686,16366
3138,3138,0,1,0,0,0,6686,16366
3139,3139,0,1,0,0,0,6686,16367
3140,3140,0,1,1,0,0,6686,16367
3141,3141,0,1,0,0,1,6686,16367
3142,3142,0,1,0,0,1,6686,16367
3143,3143,0,1,0,0,1,6686,16367
3144,3144,0,1,1,0,1,6686,16367
3145,3145,0,1,0,0,1,6686,16367
3146,3146,0,1,0,0,1,6686,16367
3147,3147,0,1,0,0,1,6686,16367
3148,3148,0,1,1,0,1,6686,16367
3149,3149,0,1,0,0,1,6686,16367
3150,3150,0,1,0,0,1,6686,16367
3151,3151,0,1,0,0,1,6686,16367
3152,3152,0,1,1,0,1,6686,16367
3153,3153,0,1,0,0,0,6686,16367
3154,3154,0,1,0,0,0,6686,16367
3155,3155,0,1,0,0,0,6686,16367
3156,3156,0,1,1,0,0,6686,16367
3157,3157,0,1,0,0,1,6686,16367
3158,3158,0,1,0,0,1,6686,16367
3159,3159,0,1,0,0,1,6686,16368
3160,3160,0,1,1,0,1,6686,16368
3161,3161,0,1,0,0,1,6686,16368
3162,3162,0,1,0,0,1,6686,16368
3163,3163,0,1,0,0,1,6686,16368
3164,3164,0,1,1,0,1,6686,16368
3165,3165,0,1,0,0,0,6686,16368
3166,3166,0,1,0,0,0,6686,16368
3167,3167,0,1,0,0,0,6686,16368
3168,3168,0,1,1,0,0,6686,16368
3169,3169,0,1,0,0,1,6686,16368
3170,3170,0,1,0,0,1,6686,16368
3171,3171,0,1,0,0,1,6686,16368
3172,3172,0,1,1,0,1,6686,16368
3173,3173,0,1,0,0,0,6686,16368
3174,3174,0,1,0,0,0,6686,16368
3175,3175,0,1,0,0,0,6686,16368
3176,3176,0,1,1,1,0,6686,16368
3177,3177,0,1,0,1,1,6686,16368
3178,3178,0,1,0,1,1,6686,16368
3179,3179,0,1,0,1,1,6686,16369
3180,3180,0,1,1,1,1,6686,16369
3181,3181,0,1,0,1,0,6686,16369
3182,3182,0,1,0,1,0,6686,16369
3183,3183,0,1,0,1,0,6686,16369
3184,3184,0,1,1,1,0,6686,16369
3185,3185,0,1,0,1,0,6686,16369
3186,3186,0,1,0,1,0,6686,16369
3187,3187,0,1,0,1,0,6686,16369
3188,3188,0,1,1,1,0,6686,16369
3189,3189,0,1,0,1,1,6686,16369
3190,3190,0,1,0,1,1,6687,16369
3191,3191,0,1,0,1,1,6687,16369
3192,3192,0,1,1,1,1,6687,16369
3193,3193,0,1,0,1,0,6687,16369
3194,3194,0,1,0,1,0,6687,16369
3195,3195,0,1,0,1,0,6687,16369
3196,3196,0,1,1,1,0,6687,16369
3197,3197,0,1,0,1,1,6687,16369
3198,3198,0,1,0,1,1,6687,16369
3199,3199,0,1,0,1,1,6687,16370
3200,3200,0,1,1,1,1,6687,16370
3201,3201,0,1,0,1,0,6687,16370
3202,3202,0,1,0,1,0,6687,16370
3203,3203,0,1,0,1,0,6687,16370
3204,3204,0,1,1,1,0,6687,16370
3205,3205,0,1,0,1,1,6687,16370
3206,3206,0,1,0,1,1,6687,16370
3207,3207,0,1,0,1,1,6687,16370
3208,3208,0,1,1,1,1,6687,16370
3209,3209,0,1,0,1,0,6687,16370
3210,3210,0,1,0,1,0,6687,16370
3211,3211,0,1,0,1,0,6687,16370
3212,3212,0,1,1,1,0,6687,16370
3213,3213,0,1,0,1,0,6687,16370
3214,3214,0,1,0,1,0,6687,16370
3215,3215,0,1,0,1,0,6687,16370
3216,3216,0,1,1,0,0,6687,16370
3217,3217,0,1,0,0,1,6687,16370
3218,3218,0,1,0,0,1,6687,16370
3219,3219,0,1,0,0,1,6687,16371
3220,3220,0,1,1,0,1,6687,16371
3221,3221,0,1,0,0,0,6687,16371
3222,3222,0,1,0,0,0,6687,16371
3223,3223,0,1,0,0,0,6687,16371
3224,3224,0,1,1,0,0,6687,16371
3225,3225,0,1,0,0,0,6687,16371
3226,3226,0,1,0,0,0,6687,16371
3227,3227,0,1,0,0,0,6687,16371
3228,3228,0,1,1,0,0,6687,16371
3229,3229,0,1,0,0,0,6687,16371
3230,3230,0,1,0,0,0,6688,16371
3231,3231,0,1,0,0,0,6688,16371
3232,3232,0,1,1,0,0,6688,16371
3233,3233,0,1,0,0,1,6688,16371
3234,3234,0,1,0,0,1,6688,16371
3235,3235,0,1,0,0,1,6688,16371
3236,3236,0,1,1,1,1,6688,16371
3237,3237,0,1,0,1,1,6688,16371
3238,3238,0,1,0,1,1,6688,16371
3239,3239,0,1,0,1,1,6688,16372
3240,3240,0,1,1,1,1,6688,16372
3241,3241,0,1,0,1,0,6688,16372
3242,3242,0,1,0,1,0,6688,16372
3243,3243,0,1,0,1,0,6688,16372
3244,3244,0,1,1,1,0,6688,16372
3245,3245,0,1,0,1,1,6688,16372
3246,3246,0,1,0,1,1,6688,16372
3247,3247,0,1,0,1,1,6688,16372
3248,3248,0,1,1,1,1,6688,16372
3249,3249,0,1,0,1,0,6688,16372
3250,3250,0,1,0,1,0,6688,16372
3251,3251,0,1,0,1,0,6688,16372
3252,3252,0,1,1,1,0,6688,16372
3253,3253,0,1,0,1,0,6688,16372
3254,3254,0,1,0,1,0,6688,16372
3255,3255,0,1,0,1,0,6688,16372
3256,3256,0,1,1,1,0,6688,16372
3257,3257,0,1,0,1,0,6688,16372
3258,3258,0,1,0,1,0,6688,16372
3259,3259,0,1,0,1,0,6688,16373
3260,3260,0,1,1,1,0,6688,16373
3261,3261,0,1,0,1,0,6688,16373
3262,3262,0,1,0,1,0,6688,16373
3263,3263,0,1,0,1,0,6688,16373
3264,3264,0,1,1,1,0,6688,16373
3265,3265,0,1,0,1,1,6688,16373
3266,3266,0,1,0,1,1,6688,16373
3267,3267,0,1,0,1,1,6688,16373
3268,3268,0,1,1,1,1,6688,16373
3269,3269,0,1,0,1,1,6688,16373
3270,3270,0,1,0,1,1,6689,16373
3271,3271,0,1,0,1,1,6689,16373
3272,3272,0,1,1,1,1,6689,16373
3273,3273,0,1,0,1,1,6689,16373
3274,3274,0,1,0,1,1,6689,16373
3275,3275,0,1,0,1,1,6689,16373
3276,3276,0,1,1,1,1,6689,16373
3277,3277,0,1,0,1,1,6689,16373
3278,3278,0,1,0,1,1,6689,16373
3279,3279,0,1,0,1,1,6689,16374
3280,3280,0,1,1,1,1,6689,16374
3281,3281,0,1,0,1,0,6689,16374
3282,3282,0,1,0,1,0,6689,16374
3283,3283,0,1,0,1,0,6689,16374
3284,3284,0,1,1,1,0,6689,16374
3285,3285,0,1,0,1,1,6689,16374
3286,3286,0,1,0,1,1,6689,16374
3287,3287,0,1,0,1,1,6689,16374
3288,3288,0,1,1,1,1,6689,16374
3289,3289,0,1,0,1,1,6689,16374
3290,3290,0,1,0,1,1,6690,16374
3291,3291,0,1,0,1,1,6690,16374
3292,3292,0,1,1,1,1,6690,16374
3293,3293,0,1,0,1,0,6690,16374
3294,3294,0,1,0,1,0,6690,16374
3295,3295,0,1,0,1,0,6690,16374
3296,3296,0,1,1,1,0,6690,16374
3297,3297,0,1,0,1,1,6690,16374
3298,3298,0,1,0,1,1,6690,16374
3299,3299,0,1,0,1,1,6690,16375
3300,3300,0,1,1,1,1,6690,16375
3301,3301,0,1,0,1,0,6690,16375
3302,3302,0,1,0,1,0,6690,16375
3303,3303,0,1,0,1,0,6690,16375
3304,3304,0,1,1,1,0,6690,16375
3305,3305,0,1,0,1,1,6690,16375
3306,3306,0,1,0,1,1,6690,16375
3307,3307,0,1,0,1,1,6690,16375
3308,3308,0,1,1,1,1,6690,16375
3309,3309,0,1,0,1,0,6690,16375
3310,3310,0,1,0,1,0,6690,16375
3311,3311,0,1,0,1,0,6690,16375
3312,3312,0,1,1,1,0,6690,16375
3313,3313,0,1,0,1,0,6690,16375
3314,3314,0,1,0,1,0,6690,16375
3315,3315,0,1,0,1,0,6690,16375
3316,3316,0,1,1,1,0,6690,16375
3317,3317,0,1,0,1,0,6690,16375
3318,3318,0,1,0,1,0,6690,16375
3319,3319,0,1,0,1,0,6690,16376
3320,3320,0,1,1,1,0,6690,16376
3321,3321,0,1,0,1,0,6690,16376
3322,3322,0,1,0,1,0,6690,16376
3323,3323,0,1,0,1,0,6690,16376
3324,3324,0,1,1,1,0,6690,16376
3325,3325,0,1,0,1,1,6690,16376
3326,3326,0,1,0,1,1,6690,16376
3327,3327,0,1,0,1,1,6690,16376
3328,3328,0,1,1,1,1,6690,16376
3329,3329,0,1,0,1,1,6690,16376
3330,3330,0,1,0,1,1,6691,16376
3331,3331,0,1,0,1,1,6691,16376
3332,3332,0,1,1,1,1,6691,16376
3333,3333,0,1,0,1,1,6691,16376
3334,3334,0,1,0,1,1,6691,16376
3335,3335,0,1,0,1,1,6691,16376
3336,3336,0,1,1,1,1,6691,16376
3337,3337,0,1,0,1,1,6691,16376
3338,3338,0,1,0,1,1,6691,16376
3339,3339,0,1,0,1,1,6691,16377
3340,3340,0,1,1,1,1,6691,16377
3341,3341,0,1,0,1,1,6691,16377
3342,3342,0,1,0,1,1,6691,16377
3343,3343,0,1,0,1,1,6691,16377
3344,3344,0,1,1,1,1,6691,16377
3345,3345,0,1,0,1,0,6691,16377
3346,3346,0,1,0,1,0,6691,16377
3347,3347,0,1,0,1,0,6691,16377
3348,3348,0,1,1,1,0,6691,16377
3349,3349,0,1,0,1,0,6691,16377
3350,3350,0,1,0,1,0,6691,16377
3351,3351,0,1,0,1,0,6691,16377
3352,3352,0,1,1,1,0,6691,16377
3353,3353,0,1,0,1,0,6691,16377
3354,3354,0,1,0,1,0,6691,16377
3355,3355,0,1,0,1,0,6691,16377
3356,3356,0,1,1,0,0,6691,16377
3357,3357,0,1,0,0,1,6691,16377
3358,3358,0,1,0,0,1,6691,16377
3359,3359,0,1,0,0,1,6691,16378
3360,3360,0,1,1,0,1,6691,16378
3361,3361,0,1,0,0,0,6691,16378
3362,3362,0,1,0,0,0,6691,16378
3363,3363,0,1,0,0,0,6691,16378
3364,3364,0,1,1,0,0,6691,16378
3365,3365,0,1,0,0,1,6691,16378
3366,3366,0,1,0,0,1,6691,16378
3367,3367,0,1,0,0,1,6691,16378
3368,3368,0,1,1,0,1,6691,16378
3369,3369,0,1,0,0,0,6691,16378
3370,3370,0,1,0,0,0,6692,16378
3371,3371,0,1,0,0,0,6692,16378
3372,3372,0,1,1,0,0,6692,16378
3373,3373,0,1,0,0,1,6692,16378
3374,3374,0,1,0,0,1,6692,16378
3375,3375,0,1,0,0,1,6692,16378
3376,3376,0,1,1,0,1,6692,16378
3377,3377,0,1,0,0,1,6692,16378
3378,3378,0,1,0,0,1,6692,16378
3379,3379,0,1,0,0,1,6692,16379
3380,3380,0,1,1,0,1,6692,16379
3381,3381,0,1,0,0,1,6692,16379
3382,3382,0,1,0,0,1,6692,16379
3383,3383,0,1,0,0,1,6692,16379
3384,3384,0,1,1,0,1,6692,16379
3385,3385,0,1,0,0,1,6692,16379
3386,3386,0,1,0,0,1,6692,16379
3387,3387,0,1,0,0,1,6692,16379
3388,3388,0,1,1,0,1,6692,16379
3389,3389,0,1,0,0,1,6692,16379
3390,3390,0,1,0,0,1,6692,16379
3391,3391,0,1,0,0,1,6692,16379
3392,3392,0,1,1,0,1,6692,16379
3393,3393,0,1,0,0,0,6692,16379
3394,3394,0,1,0,0,0,6692,16379
3395,3395,0,1,0,0,0,6692,16379
3396,3396,0,1,1,1,0,6692,16379
3397,3397,0,1,0,1,1,6692,16379
3398,3398,0,1,0,1,1,6692,16379
3399,3399,0,1,0,1,1,6692,16380
3400,3400,0,1,1,1,1,6692,16380
3401,3401,0,1,0,1,1,6692,16380
3402,3402,0,1,0,1,1,6692,16380
3403,3403,0,1,0,1,1,6692,16380
3404,3404,0,1,1,1,1,6692,16380
3405,3405,0,1,0,1,1,6692,16380
3406,3406,0,1,0,1,1,6692,16380
3407,3407,0,1,0,1,1,6692,16380
3408,3408,0,1,1,1,1,6692,16380
3409,3409,0,1,0,1,1,6692,16380
3410,3410,0,1,0,1,1,6693,16380
3411,3411,0,1,0,1,1,6693,16380
3412,3412,0,1,1,1,1,6693,16380
3413,3413,0,1,0,1,1,6693,16380
3414,3414,0,1,0,1,1,6693,16380
3415,3415,0,1,0,1,1,6693,16380
3416,3416,0,1,1,1,1,6693,16380
3417,3417,0,1,0,1,0,6693,16380
3418,3418,0,1,0,1,0,6693,16380
3419,3419,0,1,0,1,0,6693,16381
3420,3420,0,1,1,1,0,6693,16381
3421,3421,0,1,0,1,0,6693,16381
3422,3422,0,1,0,1,0,6693,16381
3423,3423,0,1,0,1,0,6693,16381
3424,3424,0,1,1,1,0,6693,16381
3425,3425,0,1,0,1,1,6693,16381
3426,3426,0,1,0,1,1,6693,16381
3427,3427,0,1,0,1,1,6693,16381
3428,3428,0,1,1,1,1,6693,16381
3429,3429,0,1,0,1,1,6693,16381
3430,3430,0,1,0,1,1,6694,16381
3431,3431,0,1,0,1,1,6694,16381
3432,3432,0,1,1,1,1,6694,16381
3433,3433,0,1,0,1,0,6694,16381
3434,3434,0,1,0,1,0,6694,16381
3435,3435,0,1,0,1,0,6694,16381
3436,3436,0,1,1,1,0,6694,16381
3437,3437,0,1,0,1,1,6694,16381
3438,3438,0,1,0,1,1,6694,16381
3439,3439,0,1,0,1,1,6694,16382
3440,3440,0,1,1,1,1,6694,16382
3441,3441,0,1,0,1,0,6694,16382
3442,3442,0,1,0,1,0,6694,16382
3443,3443,0,1,0,1,0,6694,16382
3444,3444,0,1,1,1,0,6694,16382
3445,3445,0,1,0,1,0,6694,16382
3446,3446,0,1,0,1,0,6694,16382
3447,3447,0,1,0,1,0,6694,16382
3448,3448,0,1,1,1,0,6694,16382
3449,3449,0,1,0,1,0,6694,16382
3450,3450,0,1,0,1,0,6694,16382
3451,3451,0,1,0,1,0,6694,16382
3452,3452,0,1,1,1,0,6694,16382
3453,3453,0,1,0,1,1,6694,16382
3454,3454,0,1,0,1,1,6694,16382
3455,3455,0,1,0,1,1,6694,16382
3456,3456,0,1,1,1,1,6694,16382
3457,3457,0,1,0,1,1,6694,16382
3458,3458,0,1,0,1,1,6694,16382
3459,3459,0,1,0,1,1,6694,16383
3460,3460,0,1,1,1,1,0,0
3461,3461,0,1,0,1,0,0,0
3462,3462,0,1,0,1,0,0,0
3463,3463,0,1,0,1,0,0,0
3464,3464,0,1,1,1,0,0,0
3465,3465,0,1,0,1,0,0,0
3466,3466,0,1,0,1,0,0,0
3467,3467,0,1,0,1,0,0,0
3468,3468,0,1,1,1,0,0,0
3469,3469,0,1,0,1,1,0,0
3470,3470,0,1,0,1,1,0,0
3471,3471,0,1,0,1,1,1,0
3472,3472,0,1,1,1,1,1,0
3473,3473,0,1,0,1,0,1,0
3474,3474,0,1,0,1,0,1,0
3475,3475,0,1,0,1,0,1,0
3476,3476,0,1,1,1,0,1,0
3477,3477,0,1,0,1,0,1,0
3478,3478,0,1,0,1,0,1,0
3479,3479,0,1,0,1,0,1,0
3480,3480,0,1,1,1,0,1,1
3481,3481,0,1,0,1,1,1,1
3482,3482,0,1,0,1,1,1,1
3483,3483,0,1,0,1,1,1,1
3484,3484,0,1,1,1,1,1,1
3485,3485,0,1,0,1,0,1,1
3486,3486,0,1,0,1,0,1,1
3487,3487,0,1,0,1,0,1,1
3488,3488,0,1,1,1,0,1,1
3489,3489,0,1,0,1,0,1,1
3490,3490,0,1,0,1,0,1,1
3491,3491,0,1,0,1,0,1,1
3492,3492,0,1,1,1,0,1,1
3493,3493,0,1,0,1,1,1,1
3494,3494,0,1,0,1,1,1,1
3495,3495,0,1,0,1,1,1,1
3496,3496,0,1,1,1,1,1,1
3497,3497,0,1,0,1,1,1,1
3498,3498,0,1,0,1,1,1,1
3499,3499,0,1,0,1,1,1,1
3500,3500,0,1,1,1,1,1,2
3501,3501,0,1,0,1,1,1,2
3502,3502,0,1,0,1,1,1,2
3503,3503,0,1,0,1,1,1,2
3504,3504,0,1,1,1,1,1,2
3505,3505,0,1,0,1,0,1,2
3506,3506,0,1,0,1,0,1,2
3507,3507,0,1,0,1,0,1,2
3508,3508,0,1,1,1,0,1,2
3509,3509,0,1,0,1,0,1,2
3510,3510,0,1,0,1,0,1,2
3511,3511,0,1,0,1,0,1,2
3512,3512,0,1,1,1,0,1,2
3513,3513,0,1,0,1,1,1,2
3514,3514,0,1,0,1,1,1,2
3515,3515,0,1,0,1,1,1,2
3516,3516,0,1,1,0,1,1,2
3517,3517,0,1,0,0,1,1,2
3518,3518,0,1,0,0,1,1,2
3519,3519,0,1,0,0,1,1,2
3520,3520,0,1,1,0,1,1,3
3521,3521,0,1,0,0,0,1,3
3522,3522,0,1,0,0,0,1,3
3523,3523,0,1,0,0,0,1,3
3524,3524,0,1,1,0,0,1,3
3525,3525,0,1,0,0,1,1,3
3526,3526,0,1,0,0,1,1,3
3527,3527,0,1,0,0,1,1,3
3528,3528,0,1,1,0,1,1,3
3529,3529,0,1,0,0,1,1,3
3530,3530,0,1,0,0,1,1,3
3531,3531,0,1,0,0,1,1,3
3532,3532,0,1,1,0,1,1,3
3533,3533,0,1,0,0,1,1,3
3534,3534,0,1,0,0,1,1,3
3535,3535,0,1,0,0,1,1,3
3536,3536,0,1,1,0,1,1,3
3537,3537,0,1,0,0,1,1,3
3538,3538,0,1,0,0,1,1,3
3539,3539,0,1,0,0,1,1,3
3540,3540,0,1,1,0,1,1,4
3541,3541,0,1,0,0,0,1,4
3542,3542,0,1,0,0,0,1,4
3543,3543,0,1,0,0,0,1,4
3544,3544,0,1,1,0,0,1,4
3545,3545,0,1,0,0,0,1,4
3546,3546,0,1,0,0,0,1,4
3547,3547,0,1,0,0,0,1,4
3548,3548,0,1,1,0,0,1,4
3549,3549,0,1,0,0,1,1,4
3550,3550,0,1,0,0,1,1,4
3551,3551,0,1,0,0,1,1,4
3552,3552,0,1,1,0,1,1,4
3553,3553,0,1,0,0,1,1,4
3554,3554,0,1,0,0,1,1,4
3555,3555,0,1,0,0,1,1,4
3556,3556,0,1,1,1,1,1,4
3557,3557,0,1,0,1,1,1,4
3558,3558,0,1,0,1,1,1,4
3559,3559,0,1,0,1,1,1,4
3560,3560,0,1,1,1,1,1,5
3561,3561,0,1,0,1,1,1,5
3562,3562,0,1,0,1,1,1,5
3563,3563,0,1,0,1,1,1,5
3564,3564,0,1,1,1,1,1,5
3565,3565,0,1,0,1,0,1,5
3566,3566,0,1,0,1,0,1,5
3567,3567,0,1,0,1,0,1,5
3568,3568,0,1,1,1,0,1,5
3569,3569,0,1,0,1,0,1,5
3570,3570,0,1,0,1,0,1,5
3571,3571,0,1,0,1,0,1,5
3572,3572,0,1,1,1,0,1,5
3573,3573,0,1,0,1,0,1,5
3574,3574,0,1,0,1,0,1,5
3575,3575,0,1,0,1,0,1,5
3576,3576,0,1,1,1,0,1,5
3577,3577,0,1,0,1,1,1,5
3578,3578,0,1,0,1,1,1,5
3579,3579,0,1,0,1,1,1,5
3580,3580,0,1,1,1,1,1,6
3581,3581,0,1,0,1,1,1,6
3582,3582,0,1,0,1,1,1,6
3583,3583,0,1,0,1,1,1,6
3584,3584,0,1,1,1,1,1,6
3585,3585,0,1,0,1,1,1,6
3586,3586,0,1,0,1,1,1,6
3587,3587,0,1,0,1,1,1,6
3588,3588,0,1,1,1,1,1,6
3589,3589,0,1,0,1,0,1,6
3590,3590,0,1,0,1,0,1,6
3591,3591,0,1,0,1,0,1,6
3592,3592,0,1,1,1,0,1,6
3593,3593,0,1,0,1,0,1,6
3594,3594,0,1,0,1,0,1,6
3595,3595,0,1,0,1,0,1,6
3596,3596,0,1,1,1,0,1,6
3597,3597,0,1,0,1,0,1,6
3598,3598,0,1,0,1,0,1,6
3599,3599,0,1,0,1,0,1,6
3600,3600,0,1,1,1,0,1,7
3601,3601,0,1,0,1,0,1,7
3602,3602,0,1,0,1,0,1,7
3603,3603,0,1,0,1,0,1,7
3604,3604,0,1,1,1,0,1,7
3605,3605,0,1,0,1,1,1,7
3606,3606,0,1,0,1,1,1,7
3607,3607,0,1,0,1,1,1,7
3608,3608,0,1,1,1,1,1,7
3609,3609,0,1,0,1,0,1,7
3610,3610,0,1,0,1,0,1,7
3611,3611,0,1,0,1,0,1,7
3612,3612,0,1,1,1,0,1,7
3613,3613,0,1,0,1,1,1,7
3614,3614,0,1,0,1,1,1,7
3615,3615,0,1,0,1,1,1,7
3616,3616,0,1,1,0,1,1,7
3617,3617,0,1,0,0,1,1,7
3618,3618,0,1,0,0,1,1,7
3619,3619,0,1,0,0,1,1,7
3620,3620,0,1,1,0,1,1,8
3621,3621,0,1,0,0,0,1,8
3622,3622,0,1,0,0,0,1,8
3623,3623,0,1,0,0,0,1,8
3624,3624,0,1,1,0,0,1,8
3625,3625,0,1,0,0,1,1,8
3626,3626,0,1,0,0,1,1,8
3627,3627,0,1,0,0,1,1,8
3628,3628,0,1,1,0,1,1,8
3629,3629,0,1,0,0,0,1,8
3630,3630,0,1,0,0,0,1,8
3631,3631,0,1,0,0,0,2,8
3632,3632,0,1,1,0,0,2,8
3633,3633,0,1,0,0,1,2,8
3634,3634,0,1,0,0,1,2,8
3635,3635,0,1,0,0,1,2,8
3636,3636,0,1,1,0,1,2,8
3637,3637,0,1,0,0,1,2,8
3638,3638,0,1,0,0,1,2,8
3639,3639,0,1,0,0,1,2,8
3640,3640,0,1,1,0,1,2,9
3641,3641,0,1,0,0,1,2,9
3642,3642,0,1,0,0,1,2,9
3643,3643,0,1,0,0,1,2,9
3644,3644,0,1,1,0,1,2,9
3645,3645,0,1,0,0,0,2,9
3646,3646,0,1,0,0,0,2,9
3647,3647,0,1,0,0,0,2,9
3648,3648,0,1,1,0,0,2,9
3649,3649,0,1,0,0,0,2,9
3650,3650,0,1,0,0,0,2,9
3651,3651,0,1,0,0,0,3,9
3652,3652,0,1,1,0,0,3,9
3653,3653,0,1,0,0,1,3,9
3654,3654,0,1,0,0,1,3,9
3655,3655,0,1,0,0,1,3,9
3656,3656,0,1,1,0,1,3,9
3657,3657,0,1,0,0,1,3,9
3658,3658,0,1,0,0,1,3,9
3659,3659,0,1,0,0,1,3,9
3660,3660,0,1,1,0,1,3,10
3661,3661,0,1,0,0,1,3,10
3662,3662,0,1,0,0,1,3,10
3663,3663,0,1,0,0,1,3,10
3664,3664,0,1,1,0,1,3,10
3665,3665,0,1,0,0,1,3,10
3666,3666,0,1,0,0,1,3,10
3667,3667,0,1,0,0,1,3,10
3668,3668,0,1,1,0,1,3,10
3669,3669,0,1,0,0,1,3,10
3670,3670,0,1,0,0,1,3,10
3671,3671,0,1,0,0,1,3,10
3672,3672,0,1,1,0,1,3,10
3673,3673,0,1,0,0,1,3,10
3674,3674,0,1,0,0,1,3,10
3675,3675,0,1,0,0,1,3,10
3676,3676,0,1,1,1,1,3,10
3677,3677,0,1,0,1,1,3,10
3678,3678,0,1,0,1,1,3,10
3679,3679,0,1,0,1,1,3,10
3680,3680,0,1,1,1,1,3,11
3681,3681,0,1,0,1,1,3,11
3682,3682,0,1,0,1,1,3,11
3683,3683,0,1,0,1,1,3,11
3684,3684,0,1,1,1,1,3,11
3685,3685,0,1,0,1,0,3,11
3686,3686,0,1,0,1,0,3,11
3687,3687,0,1,0,1,0,3,11
3688,3688,0,1,1,1,0,3,11
3689,3689,0,1,0,1,1,3,11
3690,3690,0,1,0,1,1,3,11
3691,3691,0,1,0,1,1,4,11
3692,3692,0,1,1,1,1,4,11
3693,3693,0,1,0,1,0,4,11
3694,3694,0,1,0,1,0,4,11
3695,3695,0,1,0,1,0,4,11
3696,3696,0,1,1,1,0,4,11
3697,3697,0,1,0,1,0,4,11
3698,3698,0,1,0,1,0,4,11
3699,3699,0,1,0,1,0,4,11
3700,3700,0,1,1,1,0,4,12
3701,3701,0,1,0,1,0,4,12
3702,3702,0,1,0,1,0,4,12
3703,3703,0,1,0,1,0,4,12
3704,3704,0,1,1,1,0,4,12
3705,3705,0,1,0,1,1,4,12
3706,3706,0,1,0,1,1,4,12
3707,3707,0,1,0,1,1,4,12
3708,3708,0,1,1,1,1,4,12
3709,3709,0,1,0,1,1,4,12
3710,3710,0,1,0,1,1,4,12
3711,3711,0,1,0,1,1,5,12
3712,3712,0,1,1,1,1,5,12
3713,3713,0,1,0,1,0,5,12
3714,3714,0,1,0,1,0,5,12
3715,3715,0,1,0,1,0,5,12
3716,3716,0,1,1,0,0,5,12
3717,3717,0,1,0,0,0,5,12
3718,3718,0,1,0,0,0,5,12
3719,3719,0,1,0,0,0,5,12
3720,3720,0,1,1,0,0,5,13
3721,3721,0,1,0,0,0,5,13
3722,3722,0,1,0,0,0,5,13
3723,3723,0,1,0,0,0,5,13
3724,3724,0,1,1,0,0,5,13
3725,3725,0,1,0,0,0,5,13
3726,3726,0,1,0,0,0,5,13
3727,3727,0,1,0,0,0,5,13
3728,3728,0,1,1,0,0,5,13
3729,3729,0,1,0,0,1,5,13
3730,3730,0,1,0,0,1,5,13
3731,3731,0,1,0,0,1,5,13
3732,3732,0,1,1,0,1,5,13
3733,3733,0,1,0,0,1,5,13
3734,3734,0,1,0,0,1,5,13
3735,3735,0,1,0,0,1,5,13
3736,3736,0,1,1,0,1,5,13
3737,3737,0,1,0,0,1,5,13
3738,3738,0,1,0,0,1,5,13
3739,3739,0,1,0,0,1,5,13
3740,3740,0,1,1,0,1,5,14
3741,3741,0,1,0,0,0,5,14
3742,3742,0,1,0,0,0,5,14
3743,3743,0,1,0,0,0,5,14
3744,3744,0,1,1,0,0,5,14
3745,3745,0,1,0,0,0,5,14
3746,3746,0,1,0,0,0,5,14
3747,3747,0,1,0,0,0,5,14
3748,3748,0,1,1,0,0,5,14
3749,3749,0,1,0,0,1,5,14
3750,3750,0,1,0,0,1,5,14
3751,3751,0,1,0,0,1,5,14
3752,3752,0,1,1,0,1,5,14
3753,3753,0,1,0,0,1,5,14
3754,3754,0,1,0,0,1,5,14
3755,3755,0,1,0,0,1,5,14
3756,3756,0,1,1,0,1,5,14
3757,3757,0,1,0,0,1,5,14
3758,3758,0,1,0,0,1,5,14
3759,3759,0,1,0,0,1,5,14
3760,3760,0,1,1,0,1,5,15
3761,3761,0,1,0,0,1,5,15
3762,3762,0,1,0,0,1,5,15
3763,3763,0,1,0,0,1,5,15
3764,3764,0,1,1,0,1,5,15
3765,3765,0,1,0,0,1,5,15
3766,3766,0,1,0,0,1,5,15
3767,3767,0,1,0,0,1,5,15
3768,3768,0,1,1,0,1,5,15
3769,3769,0,1,0,0,0,5,15
3770,3770,0,1,0,0,0,5,15
3771,3771,0,1,0,0,0,6,15
3772,3772,0,1,1,0,0,6,15
3773,3773,0,1,0,0,0,6,15
3774,3774,0,1,0,0,0,6,15
3775,3775,0,1,0,0,0,6,15
3776,3776,0,1,1,1,0,6,15
3777,3777,0,1,0,1,0,6,15
3778,3778,0,1,0,1,0,6,15
3779,3779,0,1,0,1,0,6,15
3780,3780,0,1,1,1,0,6,16
3781,3781,0,1,0,1,0,6,16
3782,3782,0,1,0,1,0,6,16
3783,3783,0,1,0,1,0,6,16
3784,3784,0,1,1,1,0,6,16
3785,3785,0,1,0,1,1,6,16
3786,3786,0,1,0,1,1,6,16
3787,3787,0,1,0,1,1,6,16
3788,3788,0,1,1,1,1,6,16
3789,3789,0,1,0,1,1,6,16
3790,3790,0,1,0,1,1,6,16
3791,3791,0,1,0,1,1,7,16
3792,3792,0,1,1,1,1,7,16
3793,3793,0,1,0,1,0,7,16
3794,3794,0,1,0,1,0,7,16
3795,3795,0,1,0,1,0,7,16
3796,3796,0,1,1,1,0,7,16
3797,3797,0,1,0,1,0,7,16
3798,3798,0,1,0,1,0,7,16
3799,3799,0,1,0,1,0,7,16
3800,3800,0,1,1,1,0,7,17
3801,3801,0,1,0,1,0,7,17
3802,3802,0,1,0,1,0,7,17
3803,3803,0,1,0,1,0,7,17
3804,3804,0,1,1,1,0,7,17
3805,3805,0,1,0,1,1,7,17
3806,3806,0,1,0,1,1,7,17
3807,3807,0,1,0,1,1,7,17
3808,3808,0,1,1,1,1,7,17
3809,3809,0,1,0,1,1,7,17
3810,3810,0,1,0,1,1,7,17
3811,3811,0,1,0,1,1,8,17
3812,3812,0,1,1,1,1,8,17
3813,3813,0,1,0,1,1,8,17
3814,3814,0,1,0,1,1,8,17
3815,3815,0,1,0,1,1,8,17
3816,3816,0,1,1,1,1,8,17
3817,3817,0,1,0,1,0,8,17
3818,3818,0,1,0,1,0,8,17
3819,3819,0,1,0,1,0,8,17
3820,3820,0,1,1,1,0,8,18
3821,3821,0,1,0,1,0,8,18
3822,3822,0,1,0,1,0,8,18
3823,3823,0,1,0,1,0,8,18
3824,3824,0,1,1,1,0,8,18
3825,3825,0,1,0,1,0,8,18
3826,3826,0,1,0,1,0,8,18
3827,3827,0,1,0,1,0,8,18
3828,3828,0,1,1,1,0,8,18
3829,3829,0,1,0,1,1,8,18
3830,3830,0,1,0,1,1,8,18
3831,3831,0,1,0,1,1,9,18
3832,3832,0,1,1,1,1,9,18
3833,3833,0,1,0,1,1,9,18
3834,3834,0,1,0,1,1,9,18
3835,3835,0,1,0,1,1,9,18
3836,3836,0,1,1,0,1,9,18
3837,3837,0,1,0,0,0,9,18
3838,3838,0,1,0,0,0,9,18
3839,3839,0,1,0,0,0,9,18
3840,3840,0,1,1,0,0,9,19
3841,3841,0,1,0,0,0,9,19
3842,3842,0,1,0,0,0,9,19
3843,3843,0,1,0,0,0,9,19
3844,3844,0,1,1,0,0,9,19
3845,3845,0,1,0,0,0,9,19
3846,3846,0,1,0,0,0,9,19
3847,3847,0,1,0,0,0,9,19
3848,3848,0,1,1,0,0,9,19
3849,3849,0,1,0,0,1,9,19
3850,3850,0,1,0,0,1,9,19
3851,3851,0,1,0,0,1,9,19
3852,3852,0,1,1,0,1,9,19
3853,3853,0,1,0,0,0,9,19
3854,3854,0,1,0,0,0,9,19
3855,3855,0,1,0,0,0,9,19
3856,3856,0,1,1,1,0,9,19
3857,3857,0,1,0,1,1,9,19
3858,3858,0,1,0,1,1,9,19
3859,3859,0,1,0,1,1,9,19
3860,3860,0,1,1,1,1,9,20
3861,3861,0,1,0,1,1,9,20
3862,3862,0,1,0,1,1,9,20
3863,3863,0,1,0,1,1,9,20
3864,3864,0,1,1,1,1,9,20
3865,3865,0,1,0,1,0,9,20
3866,3866,0,1,0,1,0,9,20
3867,3867,0,1,0,1,0,9,20
3868,3868,0,1,1,1,0,9,20
3869,3869,0,1,0,1,1,9,20
3870,3870,0,1,0,1,1,9,20
3871,3871,0,1,0,1,1,10,20
3872,3872,0,1,1,1,1,10,20
3873,3873,0,1,0,1,1,10,20
3874,3874,0,1,0,1,1,10,20
3875,3875,0,1,0,1,1,10,20
3876,3876,0,1,1,1,1,10,20
3877,3877,0,1,0,1,0,10,20
3878,3878,0,1,0,1,0,10,20
3879,3879,0,1,0,1,0,10,20
3880,3880,0,1,1,1,0,10,21
3881,3881,0,1,0,1,0,10,21
3882,3882,0,1,0,1,0,10,21
3883,3883,0,1,0,1,0,10,21
3884,3884,0,1,1,1,0,10,21
3885,3885,0,1,0,1,0,10,21
3886,3886,0,1,0,1,0,10,21
3887,3887,0,1,0,1,0,10,21
3888,3888,0,1,1,1,0,10,21
3889,3889,0,1,0,1,1,10,21
3890,3890,0,1,0,1,1,10,21
3891,3891,0,1,0,1,1,11,21
3892,3892,0,1,1,1,1,11,21
3893,3893,0,1,0,1,0,11,21
3894,3894,0,1,0,1,0,11,21
3895,3895,0,1,0,1,0,11,21
3896,3896,0,1,1,1,0,11,21
3897,3897,0,1,0,1,0,11,21
3898,3898,0,1,0,1,0,11,21
3899,3899,0,1,0,1,0,11,21
3900,3900,0,1,1,1,0,11,22
3901,3901,0,1,0,1,1,11,22
3902,3902,0,1,0,1,1,11,22
3903,3903,0,1,0,1,1,11,22
3904,3904,0,1,1,1,1,11,22
3905,3905,0,1,0,1,0,11,22
3906,3906,0,1,0,1,0,11,22
3907,3907,0,1,0,1,0,11,22
3908,3908,0,1,1,1,0,11,22
3909,3909,0,1,0,1,0,11,22
3910,3910,0,1,0,1,0,11,22
3911,3911,0,1,0,1,0,11,22
3912,3912,0,1,1,1,0,11,22
3913,3913,0,1,0,1,1,11,22
3914,3914,0,1,0,1,1,11,22
3915,3915,0,1,0,1,1,11,22
3916,3916,0,1,1,0,1,11,22
3917,3917,0,1,0,0,1,11,22
3918,3918,0,1,0,0,1,11,22
3919,3919,0,1,0,0,1,11,22
3920,3920,0,1,1,0,1,11,23
3921,3921,0,1,0,0,1,11,23
3922,3922,0,1,0,0,1,11,23
3923,3923,0,1,0,0,1,11,23
3924,3924,0,1,1,0,1,11,23
3925,3925,0,1,0,0,0,11,23
3926,3926,0,1,0,0,0,11,23
3927,3927,0,1,0,0,0,11,23
3928,3928,0,1,1,0,0,11,23
3929,3929,0,1,0,0,1,11,23
3930,3930,0,1,0,0,1,11,23
3931,3931,0,1,0,0,1,11,23
3932,3932,0,1,1,0,1,11,23
3933,3933,0,1,0,0,1,11,23
3934,3934,0,1,0,0,1,11,23
3935,3935,0,1,0,0,1,11,23
3936,3936,0,1,1,1,1,11,23
3937,3937,0,1,0,1,1,11,23
3938,3938,0,1,0,1,1,11,23
3939,3939,0,1,0,1,1,11,23
3940,3940,0,1,1,1,1,11,24
3941,3941,0,1,0,1,1,11,24
3942,3942,0,1,0,1,1,11,24
3943,3943,0,1,0,1,1,11,24
3944,3944,0,1,1,1,1,11,24
3945,3945,0,1,0,1,0,11,24
3946,3946,0,1,0,1,0,11,24
3947,3947,0,1,0,1,0,11,24
3948,3948,0,1,1,1,0,11,24
3949,3949,0,1,0,1,1,11,24
3950,3950,0,1,0,1,1,11,24
3951,3951,0,1,0,1,1,12,24
3952,3952,0,1,1,1,1,12,24
3953,3953,0,1,0,1,0,12,24
3954,3954,0,1,0,1,0,12,24
3955,3955,0,1,0,1,0,12,24
3956,3956,0,1,1,0,0,12,24
3957,3957,0,1,0,0,0,12,24
3958,3958,0,1,0,0,0,12,24
3959,3959,0,1,0,0,0,12,24
3960,3960,0,1,1,0,0,12,25
3961,3961,0,1,0,0,0,12,25
3962,3962,0,1,0,0,0,12,25
3963,3963,0,1,0,0,0,12,25
3964,3964,0,1,1,0,0,12,25
3965,3965,0,1,0,0,0,12,25
3966,3966,0,1,0,0,0,12,25
3967,3967,0,1,0,0,0,12,25
3968,3968,0,1,1,0,0,12,25
3969,3969,0,1,0,0,0,12,25
3970,3970,0,1,0,0,0,12,25
3971,3971,0,1,0,0,0,13,25
3972,3972,0,1,1,0,0,13,25
3973,3973,0,1,0,0,1,13,25
3974,3974,0,1,0,0,1,13,25
3975,3975,0,1,0,0,1,13,25
3976,3976,0,1,1,0,1,13,25
3977,3977,0,1,0,0,0,13,25
3978,3978,0,1,0,0,0,13,25
3979,3979,0,1,0,0,0,13,25
3980,3980,0,1,1,0,0,13,26
3981,3981,0,1,0,0,1,13,26
3982,3982,0,1,0,0,1,13,26
3983,3983,0,1,0,0,1,13,26
3984,3984,0,1,1,0,1,13,26
3985,3985,0,1,0,0,1,13,26
3986,3986,0,1,0,0,1,13,26
3987,3987,0,1,0,0,1,13,26
3988,3988,0,1,1,0,1,13,26
3989,3989,0,1,0,0,0,13,26
3990,3990,0,1,0,0,0,13,26
3991,3991,0,1,0,0,0,14,26
3992,3992,0,1,1,0,0,14,26
3993,3993,0,1,0,0,1,14,26
3994,3994,0,1,0,0,1,14,26
3995,3995,0,1,0,0,1,14,26
3996,3996,0,1,1,0,1,14,26
3997,3997,0,1,0,0,0,14,26
3998,3998,0,1,0,0,0,14,26
3999,3999,0,1,0,0,0,14,26
4000,4000,0,1,1,0,0,14,27
4001,4001,0,1,0,0,1,14,27
4002,4002,0,1,0,0,1,14,27
4003,4003,0,1,0,0,1,14,27
4004,4004,0,1,1,0,1,14,27
4005,4005,0,1,0,0,1,14,27
4006,4006,0,1,0,0,1,14,27
4007,4007,0,1,0,0,1,14,27
4008,4008,0,1,1,0,1,14,27
4009,4009,0,1,0,0,1,14,27
4010,4010,0,1,0,0,1,14,27
4011,4011,0,1,0,0,1,14,27
4012,4012,0,1,1,0,1,14,27
4013,4013,0,1,0,0,1,14,27
4014,4014,0,1,0,0,1,14,27
4015,4015,0,1,0,0,1,14,27
4016,4016,0,1,1,1,1,14,27
4017,4017,0,1,0,1,0,14,27
4018,4018,0,1,0,1,0,14,27
4019,4019,0,1,0,1,0,14,27
4020,4020,0,1,1,1,0,14,28
4021,4021,0,1,0,1,0,14,28
4022,4022,0,1,0,1,0,14,28
4023,4023,0,1,0,1,0,14,28
4024,4024,0,1,1,1,0,14,28
4025,4025,0,1,0,1,1,14,28
4026,4026,0,1,0,1,1,14,28
4027,4027,0,1,0,1,1,14,28
4028,4028,0,1,1,1,1,14,28
4029,4029,0,1,0,1,1,14,28
4030,4030,0,1,0,1,1,14,28
4031,4031,0,1,0,1,1,15,28
4032,4032,0,1,1,1,1,15,28
4033,4033,0,1,0,1,1,15,28
4034,4034,0,1,0,1,1,15,28
4035,4035,0,1,0,1,1,15,28
4036,4036,0,1,1,0,1,15,28
4037,4037,0,1,0,0,1,15,28
4038,4038,0,1,0,0,1,15,28
4039,4039,0,1,0,0,1,15,28
4040,4040,0,1,1,0,1,15,29
4041,4041,0,1,0,0,0,15,29
4042,4042,0,1,0,0,0,15,29
4043,4043,0,1,0,0,0,15,29
4044,4044,0,1,1,0,0,15,29
4045,4045,0,1,0,0,1,15,29
4046,4046,0,1,0,0,1,15,29
4047,4047,0,1,0,0,1,15,29
4048,4048,0,1,1,0,1,15,29
4049,4049,0,1,0,0,0,15,29
4050,4050,0,1,0,0,0,15,29
4051,4051,0,1,0,0,0,16,29
4052,4052,0,1,1,0,0,16,29
4053,4053,0,1,0,0,1,16,29
4054,4054,0,1,0,0,1,16,29
4055,4055,0,1,0,0,1,16,29
4056,4056,0,1,1,0,1,16,29
4057,4057,0,1,0,0,0,16,29
4058,4058,0,1,0,0,0,16,29
4059,4059,0,1,0,0,0,16,29
4060,4060,0,1,1,0,0,16,30
4061,4061,0,1,0,0,1,16,30
4062,4062,0,1,0,0,1,16,30
4063,4063,0,1,0,0,1,16,30
4064,4064,0,1,1,0,1,16,30
4065,4065,0,1,0,0,1,16,30
4066,4066,0,1,0,0,1,16,30
4067,4067,0,1,0,0,1,16,30
4068,4068,0,1,1,0,1,16,30
4069,4069,0,1,0,0,1,16,30
4070,4070,0,1,0,0,1,16,30
4071,4071,0,1,0,0,1,16,30
4072,4072,0,1,1,0,1,16,30
4073,4073,0,1,0,0,1,16,30
4074,4074,0,1,0,0,1,16,30
4075,4075,0,1,0,0,1,16,30
4076,4076,0,1,1,0,1,16,30
4077,4077,0,1,0,0,0,16,30
4078,4078,0,1,0,0,0,16,30
4079,4079,0,1,0,0,0,16,30
4080,4080,0,1,1,0,0,16,31
4081,4081,0,1,0,0,1,16,31
4082,4082,0,1,0,0,1,16,31
4083,4083,0,1,0,0,1,16,31
4084,4084,0,1,1,0,1,16,31
4085,4085,0,1,0,0,0,16,31
4086,4086,0,1,0,0,0,16,31
4087,4087,0,1,0,0,0,16,31
4088,4088,0,1,1,0,0,16,31
4089,4089,0,1,0,0,1,16,31
4090,4090,0,1,0,0,1,16,31
4091,4091,0,1,0,0,1,16,31
4092,4092,0,1,1,0,1,16,31
4093,4093,0,1,0,0,0,16,31
4094,4094,0,1,0,0,0,16,31
4095,4095,0,1,0,0,0,16,31
4096,4096,0,1,1,0,0,16,31
4097,4097,0,1,0,0,0,16,31
4098,4098,0,1,0,0,0,16,31
4099,4099,0,1,0,0,0,16,31
4100,4100,0,1,1,0,0,16,32
4101,4101,0,1,0,0,0,16,32
4102,4102,0,1,0,0,0,16,32
4103,4103,0,1,0,0,0,16,32
4104,4104,0,1,1,0,0,16,32
4105,4105,0,1,0,0,1,16,32
4106,4106,0,1,0,0,1,16,32
4107,4107,0,1,0,0,1,16,32
4108,4108,0,1,1,0,1,16,32
4109,4109,0,1,0,0,1,16,32
4110,4110,0,1,0,0,1,16,32
4111,4111,0,1,0,0,1,16,32
4112,4112,0,1,1,0,1,16,32
4113,4113,0,1,0,0,1,16,32
4114,4114,0,1,0,0,1,16,32
4115,4115,0,1,0,0,1,16,32
4116,4116,0,1,1,0,1,16,32
4117,4117,0,1,0,0,1,16,32
4118,4118,0,1,0,0,1,16,32
4119,4119,0,1,0,0,1,16,32
4120,4120,0,1,1,0,1,16,33
4121,4121,0,1,0,0,0,16,33
4122,4122,0,1,0,0,0,16,33
4123,4123,0,1,0,0,0,16,33
4124,4124,0,1,1,0,0,16,33
4125,4125,0,1,0,0,1,16,33
4126,4126,0,1,0,0,1,16,33
4127,4127,0,1,0,0,1,16,33
4128,4128,0,1,1,0,1,16,33
4129,4129,0,1,0,0,0,16,33
4130,4130,0,1,0,0,0,16,33
4131,4131,0,1,0,0,0,17,33
4132,4132,0,1,1,0,0,17,33
4133,4133,0,1,0,0,1,17,33
4134,4134,0,1,0,0,1,17,33
4135,4135,0,1,0,0,1,17,33
4136,4136,0,1,1,1,1,17,33
4137,4137,0,1,0,1,1,17,33
4138,4138,0,1,0,1,1,17,33
4139,4139,0,1,0,1,1,17,33
4140,4140,0,1,1,1,1,17,34
4141,4141,0,1,0,1,0,17,34
4142,4142,0,1,0,1,0,17,34
4143,4143,0,1,0,1,0,17,34
4144,4144,0,1,1,1,0,17,34
4145,4145,0,1,0,1,0,17,34
4146,4146,0,1,0,1,0,17,34
4147,4147,0,1,0,1,0,17,34
4148,4148,0,1,1,1,0,17,34
4149,4149,0,1,0,1,0,17,34
4150,4150,0,1,0,1,0,17,34
4151,4151,0,1,0,1,0,17,34
4152,4152,0,1,1,1,0,17,34
4153,4153,0,1,0,1,0,17,34
4154,4154,0,1,0,1,0,17,34
4155,4155,0,1,0,1,0,17,34
4156,4156,0,1,1,0,0,17,34
4157,4157,0,1,0,0,0,17,34
4158,4158,0,1,0,0,0,17,34
4159,4159,0,1,0,0,0,17,34
4160,4160,0,1,1,0,0,17,35
4161,4161,0,1,0,0,1,17,35
4162,4162,0,1,0,0,1,17,35
4163,4163,0,1,0,0,1,17,35
4164,4164,0,1,1,0,1,17,35
4165,4165,0,1,0,0,0,17,35
4166,4166,0,1,0,0,0,17,35
4167,4167,0,1,0,0,0,17,35
4168,4168,0,1,1,0,0,17,35
4169,4169,0,1,0,0,1,17,35
4170,4170,0,1,0,0,1,17,35
4171,4171,0,1,0,0,1,17,35
4172,4172,0,1,1,0,1,17,35
4173,4173,0,1,0,0,0,17,35
4174,4174,0,1,0,0,0,17,35
4175,4175,0,1,0,0,0,17,35
4176,4176,0,1,1,1,0,17,35
4177,4177,0,1,0,1,1,17,35
4178,4178,0,1,0,1,1,17,35
4179,4179,0,1,0,1,1,17,35
4180,4180,0,1,1,1,1,17,36
4181,4181,0,1,0,1,1,17,36
4182,4182,0,1,0,1,1,17,36
4183,4183,0,1,0,1,1,17,36
4184,4184,0,1,1,1,1,17,36
4185,4185,0,1,0,1,0,17,36
4186,4186,0,1,0,1,0,17,36
4187,4187,0,1,0,1,0,17,36
4188,4188,0,1,1,1,0,17,36
4189,4189,0,1,0,1,0,17,36
4190,4190,0,1,0,1,0,17,36
4191,4191,0,1,0,1,0,17,36
4192,4192,0,1,1,1,0,17,36
4193,4193,0,1,0,1,0,17,36
4194,4194,0,1,0,1,0,17,36
4195,4195,0,1,0,1,0,17,36
4196,4196,0,1,1,1,0,17,36
4197,4197,0,1,0,1,0,17,36
4198,4198,0,1,0,1,0,17,36
4199,4199,0,1,0,1,0,17,36
4200,4200,0,1,1,1,0,17,37
4201,4201,0,1,0,1,1,17,37
4202,4202,0,1,0,1,1,17,37
4203,4203,0,1,0,1,1,17,37
4204,4204,0,1,1,1,1,17,37
4205,4205,0,1,0,1,1,17,37
4206,4206,0,1,0,1,1,17,37
4207,4207,0,1,0,1,1,17,37
4208,4208,0,1,1,1,1,17,37
4209,4209,0,1,0,1,0,17,37
4210,4210,0,1,0,1,0,17,37
4211,4211,0,1,0,1,0,17,37
4212,4212,0,1,1,1,0,17,37
4213,4213,0,1,0,1,0,17,37
4214,4214,0,1,0,1,0,17,37
4215,4215,0,1,0,1,0,17,37
4216,4216,0,1,1,0,0,17,37
4217,4217,0,1,0,0,0,17,37
4218,4218,0,1,0,0,0,17,37
4219,4219,0,1,0,0,0,17,37
4220,4220,0,1,1,0,0,17,38
4221,4221,0,1,0,0,0,17,38
4222,4222,0,1,0,0,0,17,38
4223,4223,0,1,0,0,0,17,38
4224,4224,0,1,1,0,0,17,38
4225,4225,0,1,0,0,1,17,38
4226,4226,0,1,0,0,1,17,38
4227,4227,0,1,0,0,1,17,38
4228,4228,0,1,1,0,1,17,38
4229,4229,0,1,0,0,1,17,38
4230,4230,0,1,0,0,1,17,38
4231,4231,0,1,0,0,1,17,38
4232,4232,0,1,1,0,1,17,38
4233,4233,0,1,0,0,1,17,38
4234,4234,0,1,0,0,1,17,38
4235,4235,0,1,0,0,1,17,38
4236,4236,0,1,1,1,1,17,38
4237,4237,0,1,0,1,1,17,38
4238,4238,0,1,0,1,1,17,38
4239,4239,0,1,0,1,1,17,38
4240,4240,0,1,1,1,1,17,39
4241,4241,0,1,0,1,1,17,39
4242,4242,0,1,0,1,1,17,39
4243,4243,0,1,0,1,1,17,39
4244,4244,0,1,1,1,1,17,39
4245,4245,0,1,0,1,0,17,39
4246,4246,0,1,0,1,0,17,39
4247,4247,0,1,0,1,0,17,39
4248,4248,0,1,1,1,0,17,39
4249,4249,0,1,0,1,1,17,39
4250,4250,0,1,0,1,1,17,39
4251,4251,0,1,0,1,1,18,39
4252,4252,0,1,1,1,1,18,39
4253,4253,0,1,0,1,1,18,39
4254,4254,0,1,0,1,1,18,39
4255,4255,0,1,0,1,1,18,39
4256,4256,0,1,1,1,1,18,39
4257,4257,0,1,0,1,0,18,39
4258,4258,0,1,0,1,0,18,39
4259,4259,0,1,0,1,0,18,39
4260,4260,0,1,1,1,0,18,40
4261,4261,0,1,0,1,1,18,40
4262,4262,0,1,0,1,1,18,40
4263,4263,0,1,0,1,1,18,40
4264,4264,0,1,1,1,1,18,40
4265,4265,0,1,0,1,0,18,40
4266,4266,0,1,0,1,0,18,40
4267,4267,0,1,0,1,0,18,40
4268,4268,0,1,1,1,0,18,40
4269,4269,0,1,0,1,1,18,40
4270,4270,0,1,0,1,1,18,40
4271,4271,0,1,0,1,1,19,40
4272,4272,0,1,1,1,1,19,40
4273,4273,0,1,0,1,0,19,40
4274,4274,0,1,0,1,0,19,40
4275,4275,0,1,0,1,0,19,40
4276,4276,0,1,1,0,0,19,40
4277,4277,0,1,0,0,1,19,40
4278,4278,0,1,0,0,1,19,40
4279,4279,0,1,0,0,1,19,40
4280,4280,0,1,1,0,1,19,41
4281,4281,0,1,0,0,1,19,41
4282,4282,0,1,0,0,1,19,41
4283,4283,0,1,0,0,1,19,41
4284,4284,0,1,1,0,1,19,41
4285,4285,0,1,0,0,1,19,41
4286,4286,0,1,0,0,1,19,41
4287,4287,0,1,0,0,1,19,41
4288,4288,0,1,1,0,1,19,41
4289,4289,0,1,0,0,1,19,41
4290,4290,0,1,0,0,1,19,41
4291,4291,0,1,0,0,1,19,41
4292,4292,0,1,1,0,1,19,41
4293,4293,0,1,0,0,0,19,41
4294,4294,0,1,0,0,0,19,41
4295,4295,0,1,0,0,0,19,41
4296,4296,0,1,1,0,0,19,41
4297,4297,0,1,0,0,1,19,41
4298,4298,0,1,0,0,1,19,41
4299,4299,0,1,0,0,1,19,41
4300,4300,0,1,1,0,1,19,42
4301,4301,0,1,0,0,1,19,42
4302,4302,0,1,0,0,1,19,42
4303,4303,0,1,0,0,1,19,42
4304,4304,0,1,1,0,1,19,42
4305,4305,0,1,0,0,0,19,42
4306,4306,0,1,0,0,0,19,42
4307,4307,0,1,0,0,0,19,42
4308,4308,0,1,1,0,0,19,42
4309,4309,0,1,0,0,1,19,42
4310,4310,0,1,0,0,1,19,42
4311,4311,0,1,0,0,1,19,42
4312,4312,0,1,1,0,1,19,42
4313,4313,0,1,0,0,1,19,42
4314,4314,0,1,0,0,1,19,42
4315,4315,0,1,0,0,1,19,42
4316,4316,0,1,1,0,1,19,42
4317,4317,0,1,0,0,1,19,42
4318,4318,0,1,0,0,1,19,42
4319,4319,0,1,0,0,1,19,42
4320,4320,0,1,1,0,1,19,43
4321,4321,0,1,0,0,1,19,43
4322,4322,0,1,0,0,1,19,43
4323,4323,0,1,0,0,1,19,43
4324,4324,0,1,1,0,1,19,43
4325,4325,0,1,0,0,1,19,43
4326,4326,0,1,0,0,1,19,43
4327,4327,0,1,0,0,1,19,43
4328,4328,0,1,1,0,1,19,43
4329,4329,0,1,0,0,1,19,43
4330,4330,0,1,0,0,1,19,43
4331,4331,0,1,0,0,1,19,43
4332,4332,0,1,1,0,1,19,43
4333,4333,0,1,0,0,1,19,43
4334,4334,0,1,0,0,1,19,43
4335,4335,0,1,0,0,1,19,43
4336,4336,0,1,1,0,1,19,43
4337,4337,0,1,0,0,0,19,43
4338,4338,0,1,0,0,0,19,43
4339,4339,0,1,0,0,0,19,43
4340,4340,0,1,1,0,0,19,44
4341,4341,0,1,0,0,0,19,44
4342,4342,0,1,0,0,0,19,44
4343,4343,0,1,0,0,0,19,44
4344,4344,0,1,1,0,0,19,44
4345,4345,0,1,0,0,1,19,44
4346,4346,0,1,0,0,1,19,44
4347,4347,0,1,0,0,1,19,44
4348,4348,0,1,1,0,1,19,44
4349,4349,0,1,0,0,0,19,44
4350,4350,0,1,0,0,0,19,44
4351,4351,0,1,0,0,0,20,44
4352,4352,0,1,1,0,0,20,44
4353,4353,0,1,0,0,0,20,44
4354,4354,0,1,0,0,0,20,44
4355,4355,0,1,0,0,0,20,44
4356,4356,0,1,1,0,0,20,44
4357,4357,0,1,0,0,1,20,44
4358,4358,0,1,0,0,1,20,44
4359,4359,0,1,0,0,1,20,44
4360,4360,0,1,1,0,1,20,45
4361,4361,0,1,0,0,1,20,45
4362,4362,0,1,0,0,1,20,45
4363,4363,0,1,0,0,1,20,45
4364,4364,0,1,1,0,1,20,45
4365,4365,0,1,0,0,1,20,45
4366,4366,0,1,0,0,1,20,45
4367,4367,0,1,0,0,1,20,45
4368,4368,0,1,1,0,1,20,45
4369,4369,0,1,0,0,1,20,45
4370,4370,0,1,0,0,1,20,45
4371,4371,0,1,0,0,1,20,45
4372,4372,0,1,1,0,1,20,45
4373,4373,0,1,0,0,1,20,45
4374,4374,0,1,0,0,1,20,45
4375,4375,0,1,0,0,1,20,45
4376,4376,0,1,1,1,1,20,45
4377,4377,0,1,0,1,1,20,45
4378,4378,0,1,0,1,1,20,45
4379,4379,0,1,0,1,1,20,45
4380,4380,0,1,1,1,1,20,46
4381,4381,0,1,0,1,0,20,46
4382,4382,0,1,0,1,0,20,46
4383,4383,0,1,0,1,0,20,46
4384,4384,0,1,1,1,0,20,46
4385,4385,0,1,0,1,1,20,46
4386,4386,0,1,0,1,1,20,46
4387,4387,0,1,0,1,1,20,46
4388,4388,0,1,1,1,1,20,46
4389,4389,0,1,0,1,1,20,46
4390,4390,0,1,0,1,1,20,46
4391,4391,0,1,0,1,1,21,46
4392,4392,0,1,1,1,1,21,46
4393,4393,0,1,0,1,1,21,46
4394,4394,0,1,0,1,1,21,46
4395,4395,0,1,0,1,1,21,46
4396,4396,0,1,1,1,1,21,46
4397,4397,0,1,0,1,0,21,46
4398,4398,0,1,0,1,0,21,46
4399,4399,0,1,0,1,0,21,46
4400,4400,0,1,1,1,0,21,47
4401,4401,0,1,0,1,1,21,47
4402,4402,0,1,0,1,1,21,47
4403,4403,0,1,0,1,1,21,47
4404,4404,0,1,1,1,1,21,47
4405,4405,0,1,0,1,1,21,47
4406,4406,0,1,0,1,1,21,47
4407,4407,0,1,0,1,1,21,47
4408,4408,0,1,1,1,1,21,47
4409,4409,0,1,0,1,1,21,47
4410,4410,0,1,0,1,1,21,47
4411,4411,0,1,0,1,1,22,47
4412,4412,0,1,1,1,1,22,47
4413,4413,0,1,0,1,1,22,47
4414,4414,0,1,0,1,1,22,47
4415,4415,0,1,0,1,1,22,47
4416,4416,0,1,1,1,1,22,47
4417,4417,0,1,0,1,1,22,47
4418,4418,0,1,0,1,1,22,47
4419,4419,0,1,0,1,1,22,47
4420,4420,0,1,1,1,1,22,48
4421,4421,0,1,0,1,1,22,48
4422,4422,0,1,0,1,1,22,48
4423,4423,0,1,0,1,1,22,48
4424,4424,0,1,1,1,1,22,48
4425,4425,0,1,0,1,0,22,48
4426,4426,0,1,0,1,0,22,48
4427,4427,0,1,0,1,0,22,48
4428,4428,0,1,1,1,0,22,48
4429,4429,0,1,0,1,1,22,48
4430,4430,0,1,0,1,1,22,48
4431,4431,0,1,0,1,1,23,48
4432,4432,0,1,1,1,1,23,48
4433,4433,0,1,0,1,1,23,48
4434,4434,0,1,0,1,1,23,48
4435,4435,0,1,0,1,1,23,48
4436,4436,0,1,1,1,1,23,48
4437,4437,0,1,0,1,0,23,48
4438,4438,0,1,0,1,0,23,48
4439,4439,0,1,0,1,0,23,48
4440,4440,0,1,1,1,0,23,49
4441,4441,0,1,0,1,1,23,49
4442,4442,0,1,0,1,1,23,49
4443,4443,0,1,0,1,1,23,49
4444,4444,0,1,1,1,1,23,49
4445,4445,0,1,0,1,0,23,49
4446,4446,0,1,0,1,0,23,49
4447,4447,0,1,0,1,0,23,49
4448,4448,0,1,1,1,0,23,49
4449,4449,0,1,0,1,0,23,49
4450,4450,0,1,0,1,0,23,49
4451,4451,0,1,0,1,0,23,49
4452,4452,0,1,1,1,0,23,49
4453,4453,0,1,0,1,1,23,49
4454,4454,0,1,0,1,1,23,49
4455,4455,0,1,0,1,1,23,49
4456,4456,0,1,1,1,1,23,49
4457,4457,0,1,0,1,1,23,49
4458,4458,0,1,0,1,1,23,49
4459,4459,0,1,0,1,1,23,49
4460,4460,0,1,1,1,1,23,50
4461,4461,0,1,0,1,0,23,50
4462,4462,0,1,0,1,0,23,50
4463,4463,0,1,0,1,0,23,50
4464,4464,0,1,1,1,0,23,50
4465,4465,0,1,0,1,0,23,50
4466,4466,0,1,0,1,0,23,50
4467,4467,0,1,0,1,0,23,50
4468,4468,0,1,1,1,0,23,50
4469,4469,0,1,0,1,1,23,50
4470,4470,0,1,0,1,1,23,50
4471,4471,0,1,0,1,1,24,50
4472,4472,0,1,1,1,1,24,50
4473,4473,0,1,0,1,0,24,50
4474,4474,0,1,0,1,0,24,50
4475,4475,0,1,0,1,0,24,50
4476,4476,0,1,1,1,0,24,50
4477,4477,0,1,0,1,0,24,50
4478,4478,0,1,0,1,0,24,50
4479,4479,0,1,0,1,0,24,50
4480,4480,0,1,1,1,0,24,51
4481,4481,0,1,0,1,0,24,51
4482,4482,0,1,0,1,0,24,51
4483,4483,0,1,0,1,0,24,51
4484,4484,0,1,1,1,0,24,51
4485,4485,0,1,0,1,0,24,51
4486,4486,0,1,0,1,0,24,51
4487,4487,0,1,0,1,0,24,51
4488,4488,0,1,1,1,0,24,51
4489,4489,0,1,0,1,1,24,51
4490,4490,0,1,0,1,1,24,51
4491,4491,0,1,0,1,1,25,51
4492,4492,0,1,1,1,1,25,51
4493,4493,0,1,0,1,1,25,51
4494,4494,0,1,0,1,1,25,51
4495,4495,0,1,0,1,1,25,51
4496,4496,0,1,1,1,1,25,51
4497,4497,0,1,0,1,1,25,51
4498,4498,0,1,0,1,1,25,51
4499,4499,0,1,0,1,1,25,51
4500,4500,0,1,1,1,1,25,52
4501,4501,0,1,0,1,1,25,52
4502,4502,0,1,0,1,1,25,52
4503,4503,0,1,0,1,1,25,52
4504,4504,0,1,1,1,1,25,52
4505,4505,0,1,0,1,1,25,52
4506,4506,0,1,0,1,1,25,52
4507,4507,0,1,0,1,1,25,52
4508,4508,0,1,1,1,1,25,52
4509,4509,0,1,0,1,1,25,52
4510,4510,0,1,0,1,1,25,52
4511,4511,0,1,0,1,1,26,52
4512,4512,0,1,1,1,1,26,52
4513,4513,0,1,0,1,1,26,52
4514,4514,0,1,0,1,1,26,52
4515,4515,0,1,0,1,1,26,52
4516,4516,0,1,1,1,1,26,52
4517,4517,0,1,0,1,0,26,52
4518,4518,0,1,0,1,0,26,52
4519,4519,0,1,0,1,0,26,52
4520,4520,0,1,1,1,0,26,53
4521,4521,0,1,0,1,1,26,53
4522,4522,0,1,0,1,1,26,53
4523,4523,0,1,0,1,1,26,53
4524,4524,0,1,1,1,1,26,53
4525,4525,0,1,0,1,1,26,53
4526,4526,0,1,0,1,1,26,53
4527,4527,0,1,0,1,1,26,53
4528,4528,0,1,1,1,1,26,53
4529,4529,0,1,0,1,0,26,53
4530,4530,0,1,0,1,0,26,53
4531,4531,0,1,0,1,0,26,53
4532,4532,0,1,1,1,0,26,53
4533,4533,0,1,0,1,0,26,53
4534,4534,0,1,0,1,0,26,53
4535,4535,0,1,0,1,0,26,53
4536,4536,0,1,1,0,0,26,53
4537,4537,0,1,0,0,1,26,53
4538,4538,0,1,0,0,1,26,53
4539,4539,0,1,0,0,1,26,53
4540,4540,0,1,1,0,1,26,54
4541,4541,0,1,0,0,0,26,54
4542,4542,0,1,0,0,0,26,54
4543,4543,0,1,0,0,0,26,54
4544,4544,0,1,1,0,0,26,54
4545,4545,0,1,0,0,0,26,54
4546,4546,0,1,0,0,0,26,54
4547,4547,0,1,0,0,0,26,54
4548,4548,0,1,1,0,0,26,54
4549,4549,0,1,0,0,1,26,54
4550,4550,0,1,0,0,1,26,54
4551,4551,0,1,0,0,1,26,54
4552,4552,0,1,1,0,1,26,54
4553,4553,0,1,0,0,1,26,54
4554,4554,0,1,0,0,1,26,54
4555,4555,0,1,0,0,1,26,54
4556,4556,0,1,1,1,1,26,54
4557,4557,0,1,0,1,1,26,54
4558,4558,0,1,0,1,1,26,54
4559,4559,0,1,0,1,1,26,54
4560,4560,0,1,1,1,1,26,55
4561,4561,0,1,0,1,1,26,55
4562,4562,0,1,0,1,1,26,55
4563,4563,0,1,0,1,1,26,55
4564,4564,0,1,1,1,1,26,55
4565,4565,0,1,0,1,0,26,55
4566,4566,0,1,0,1,0,26,55
4567,4567,0,1,0,1,0,26,55
4568,4568,0,1,1,1,0,26,55
4569,4569,0,1,0,1,1,26,55
4570,4570,0,1,0,1,1,26,55
4571,4571,0,1,0,1,1,27,55
4572,4572,0,1,1,1,1,27,55
4573,4573,0,1,0,1,0,27,55
4574,4574,0,1,0,1,0,27,55
4575,4575,0,1,0,1,0,27,55
4576,4576,0,1,1,0,0,27,55
4577,4577,0,1,0,0,1,27,55
4578,4578,0,1,0,0,1,27,55
4579,4579,0,1,0,0,1,27,55
4580,4580,0,1,1,0,1,27,56
4581,4581,0,1,0,0,1,27,56
4582,4582,0,1,0,0,1,27,56
4583,4583,0,1,0,0,1,27,56
4584,4584,0,1,1,0,1,27,56
4585,4585,0,1,0,0,0,27,56
4586,4586,0,1,0,0,0,27,56
4587,4587,0,1,0,0,0,27,56
4588,4588,0,1,1,0,0,27,56
4589,4589,0,1,0,0,1,27,56
4590,4590,0,1,0,0,1,27,56
4591,4591,0,1,0,0,1,27,56
4592,4592,0,1,1,0,1,27,56
4593,4593,0,1,0,0,0,27,56
4594,4594,0,1,0,0,0,27,56
4595,4595,0,1,0,0,0,27,56
4596,4596,0,1,1,1,0,27,56
4597,4597,0,1,0,1,0,27,56
4598,4598,0,1,0,1,0,27,56
4599,4599,0,1,0,1,0,27,56
4600,4600,0,1,1,1,0,27,57
4601,4601,0,1,0,1,0,27,57
4602,4602,0,1,0,1,0,27,57
4603,4603,0,1,0,1,0,27,57
4604,4604,0,1,1,1,0,27,57
4605,4605,0,1,0,1,1,27,57
4606,4606,0,1,0,1,1,27,57
4607,4607,0,1,0,1,1,27,57
4608,4608,0,1,1,1,1,27,57
4609,4609,0,1,0,1,0,27,57
4610,4610,0,1,0,1,0,27,57
4611,4611,0,1,0,1,0,27,57
4612,4612,0,1,1,1,0,27,57
4613,4613,0,1,0,1,0,27,57
4614,4614,0,1,0,1,0,27,57
4615,4615,0,1,0,1,0,27,57
4616,4616,0,1,1,1,0,27,57
4617,4617,0,1,0,1,1,27,57
4618,4618,0,1,0,1,1,27,57
4619,4619,0,1,0,1,1,27,57
4620,4620,0,1,1,1,1,27,58
4621,4621,0,1,0,1,0,27,58
4622,4622,0,1,0,1,0,27,58
4623,4623,0,1,0,1,0,27,58
4624,4624,0,1,1,1,0,27,58
4625,4625,0,1,0,1,0,27,58
4626,4626,0,1,0,1,0,27,58
4627,4627,0,1,0,1,0,27,58
4628,4628,0,1,1,1,0,27,58
4629,4629,0,1,0,1,1,27,58
4630,4630,0,1,0,1,1,27,58
4631,4631,0,1,0,1,1,28,58
4632,4632,0,1,1,1,1,28,58
4633,4633,0,1,0,1,0,28,58
4634,4634,0,1,0,1,0,28,58
4635,4635,0,1,0,1,0,28,58
4636,4636,0,1,1,1,0,28,58
4637,4637,0,1,0,1,0,28,58
4638,4638,0,1,0,1,0,28,58
4639,4639,0,1,0,1,0,28,58
4640,4640,0,1,1,1,0,28,59
4641,4641,0,1,0,1,0,28,59
4642,4642,0,1,0,1,0,28,59
4643,4643,0,1,0,1,0,28,59
4644,4644,0,1,1,1,0,28,59
4645,4645,0,1,0,1,0,28,59
4646,4646,0,1,0,1,0,28,59
4647,4647,0,1,0,1,0,28,59
4648,4648,0,1,1,1,0,28,59
4649,4649,0,1,0,1,1,28,59
4650,4650,0,1,0,1,1,28,59
4651,4651,0,1,0,1,1,29,59
4652,4652,0,1,1,1,1,29,59
4653,4653,0,1,0,1,0,29,59
4654,4654,0,1,0,1,0,29,59
4655,4655,0,1,0,1,0,29,59
4656,4656,0,1,1,0,0,29,59
4657,4657,0,1,0,0,0,29,59
4658,4658,0,1,0,0,0,29,59
4659,4659,0,1,0,0,0,29,59
4660,4660,0,1,1,0,0,29,60
4661,4661,0,1,0,0,0,29,60
4662,4662,0,1,0,0,0,29,60
4663,4663,0,1,0,0,0,29,60
4664,4664,0,1,1,0,0,29,60
4665,4665,0,1,0,0,0,29,60
4666,4666,0,1,0,0,0,29,60
4667,4667,0,1,0,0,0,29,60
4668,4668,0,1,1,0,0,29,60
4669,4669,0,1,0,0,0,29,60
4670,4670,0,1,0,0,0,29,60
4671,4671,0,1,0,0,0,30,60
4672,4672,0,1,1,0,0,30,60
4673,4673,0,1,0,0,1,30,60
4674,4674,0,1,0,0,1,30,60
4675,4675,0,1,0,0,1,30,60
4676,4676,0,1,1,0,1,30,60
4677,4677,0,1,0,0,1,30,60
4678,4678,0,1,0,0,1,30,60
4679,4679,0,1,0,0,1,30,60
4680,4680,0,1,1,0,1,30,61
4681,4681,0,1,0,0,1,30,61
4682,4682,0,1,0,0,1,30,61
4683,4683,0,1,0,0,1,30,61
4684,4684,0,1,1,0,1,30,61
4685,4685,0,1,0,0,0,30,61
4686,4686,0,1,0,0,0,30,61
4687,4687,0,1,0,0,0,30,61
4688,4688,0,1,1,0,0,30,61
4689,4689,0,1,0,0,1,30,61
4690,4690,0,1,0,0,1,30,61
4691,4691,0,1,0,0,1,30,61
4692,4692,0,1,1,0,1,30,61
4693,4693,0,1,0,0,1,30,61
4694,4694,0,1,0,0,1,30,61
4695,4695,0,1,0,0,1,30,61
4696,4696,0,1,1,1,1,30,61
4697,4697,0,1,0,1,1,30,61
4698,4698,0,1,0,1,1,30,61
4699,4699,0,1,0,1,1,30,61
4700,4700,0,1,1,1,1,30,62
4701,4701,0,1,0,1,1,30,62
4702,4702,0,1,0,1,1,30,62
4703,4703,0,1,0,1,1,30,62
4704,4704,0,1,1,1,1,30,62
4705,4705,0,1,0,1,0,30,62
4706,4706,0,1,0,1,0,30,62
4707,4707,0,1,0,1,0,30,62
4708,4708,0,1,1,1,0,30,62
4709,4709,0,1,0,1,0,30,62
4710,4710,0,1,0,1,0,30,62
4711,4711,0,1,0,1,0,30,62
4712,4712,0,1,1,1,0,30,62
4713,4713,0,1,0,1,1,30,62
4714,4714,0,1,0,1,1,30,62
4715,4715,0,1,0,1,1,30,62
4716,4716,0,1,1,1,1,30,62
4717,4717,0,1,0,1,1,30,62
4718,4718,0,1,0,1,1,30,62
4719,4719,0,1,0,1,1,30,62
4720,4720,0,1,1,1,1,30,63
4721,4721,0,1,0,1,0,30,63
4722,4722,0,1,0,1,0,30,63
4723,4723,0,1,0,1,0,30,63
4724,4724,0,1,1,1,0,30,63
4725,4725,0,1,0,1,1,30,63
4726,4726,0,1,0,1,1,30,63
4727,4727,0,1,0,1,1,30,63
4728,4728,0,1,1,1,1,30,63
4729,4729,0,1,0,1,1,30,63
4730,4730,0,1,0,1,1,30,63
4731,4731,0,1,0,1,1,31,63
4732,4732,0,1,1,1,1,31,63
4733,4733,0,1,0,1,0,31,63
4734,4734,0,1,0,1,0,31,63
4735,4735,0,1,0,1,0,31,63
4736,4736,0,1,1,0,0,31,63
4737,4737,0,1,0,0,1,31,63
4738,4738,0,1,0,0,1,31,63
4739,4739,0,1,0,0,1,31,63
4740,4740,0,1,1,0,1,31,64
4741,4741,0,1,0,0,0,31,64
4742,4742,0,1,0,0,0,31,64
4743,4743,0,1,0,0,0,31,64
4744,4744,0,1,1,0,0,31,64
4745,4745,0,1,0,0,1,31,64
4746,4746,0,1,0,0,1,31,64
4747,4747,0,1,0,0,1,31,64
4748,4748,0,1,1,0,1,31,64
4749,4749,0,1,0,0,1,31,64
4750,4750,0,1,0,0,1,31,64
4751,4751,0,1,0,0,1,31,64
4752,4752,0,1,1,0,1,31,64
4753,4753,0,1,0,0,0,31,64
4754,4754,0,1,0,0,0,31,64
4755,4755,0,1,0,0,0,31,64
4756,4756,0,1,1,0,0,31,64
4757,4757,0,1,0,0,1,31,64
4758,4758,0,1,0,0,1,31,64
4759,4759,0,1,0,0,1,31,64
4760,4760,0,1,1,0,1,31,65
4761,4761,0,1,0,0,1,31,65
4762,4762,0,1,0,0,1,31,65
4763,4763,0,1,0,0,1,31,65
4764,4764,0,1,1,0,1,31,65
4765,4765,0,1,0,0,0,31,65
4766,4766,0,1,0,0,0,31,65
4767,4767,0,1,0,0,0,31,65
4768,4768,0,1,1,0,0,31,65
4769,4769,0,1,0,0,1,31,65
4770,4770,0,1,0,0,1,31,65
4771,4771,0,1,0,0,1,31,65
4772,4772,0,1,1,0,1,31,65
4773,4773,0,1,0,0,1,31,65
4774,4774,0,1,0,0,1,31,65
4775,4775,0,1,0,0,1,31,65
4776,4776,0,1,1,0,1,31,65
4777,4777,0,1,0,0,0,31,65
4778,4778,0,1,0,0,0,31,65
4779,4779,0,1,0,0,0,31,65
4780,4780,0,1,1,0,0,31,66
4781,4781,0,1,0,0,1,31,66
4782,4782,0,1,0,0,1,31,66
4783,4783,0,1,0,0,1,31,66
4784,4784,0,1,1,0,1,31,66
4785,4785,0,1,0,0,1,31,66
4786,4786,0,1,0,0,1,31,66
4787,4787,0,1,0,0,1,31,66
4788,4788,0,1,1,0,1,31,66
4789,4789,0,1,0,0,1,31,66
4790,4790,0,1,0,0,1,31,66
4791,4791,0,1,0,0,1,31,66
4792,4792,0,1,1,0,1,31,66
4793,4793,0,1,0,0,0,31,66
4794,4794,0,1,0,0,0,31,66
4795,4795,0,1,0,0,0,31,66
4796,4796,0,1,1,0,0,31,66
4797,4797,0,1,0,0,1,31,66
4798,4798,0,1,0,0,1,31,66
4799,4799,0,1,0,0,1,31,66
4800,4800,0,1,1,0,1,31,67
4801,4801,0,1,0,0,0,31,67
4802,4802,0,1,0,0,0,31,67
4803,4803,0,1,0,0,0,31,67
4804,4804,0,1,1,0,0,31,67
4805,4805,0,1,0,0,0,31,67
4806,4806,0,1,0,0,0,31,67
4807,4807,0,1,0,0,0,31,67
4808,4808,0,1,1,0,0,31,67
4809,4809,0,1,0,0,1,31,67
4810,4810,0,1,0,0,1,31,67
4811,4811,0,1,0,0,1,31,67
4812,4812,0,1,1,0,1,31,67
4813,4813,0,1,0,0,0,31,67
4814,4814,0,1,0,0,0,31,67
4815,4815,0,1,0,0,0,31,67
4816,4816,0,1,1,1,0,31,67
4817,4817,0,1,0,1,1,31,67
4818,4818,0,1,0,1,1,31,67
4819,4819,0,1,0,1,1,31,67
4820,4820,0,1,1,1,1,31,68
4821,4821,0,1,0,1,0,31,68
4822,4822,0,1,0,1,0,31,68
4823,4823,0,1,0,1,0,31,68
4824,4824,0,1,1,1,0,31,68
4825,4825,0,1,0,1,0,31,68
4826,4826,0,1,0,1,0,31,68
4827,4827,0,1,0,1,0,31,68
4828,4828,0,1,1,1,0,31,68
4829,4829,0,1,0,1,0,31,68
4830,4830,0,1,0,1,0,31,68
4831,4831,0,1,0,1,0,31,68
4832,4832,0,1,1,1,0,31,68
4833,4833,0,1,0,1,0,31,68
4834,4834,0,1,0,1,0,31,68
4835,4835,0,1,0,1,0,31,68
4836,4836,0,1,1,0,0,31,68
4837,4837,0,1,0,0,1,31,68
4838,4838,0,1,0,0,1,31,68
4839,4839,0,1,0,0,1,31,68
4840,4840,0,1,1,0,1,31,69
4841,4841,0,1,0,0,1,31,69
4842,4842,0,1,0,0,1,31,69
4843,4843,0,1,0,0,1,31,69
4844,4844,0,1,1,0,1,31,69
4845,4845,0,1,0,0,1,31,69
4846,4846,0,1,0,0,1,31,69
4847,4847,0,1,0,0,1,31,69
4848,4848,0,1,1,0,1,31,69
4849,4849,0,1,0,0,0,31,69
4850,4850,0,1,0,0,0,31,69
4851,4851,0,1,0,0,0,32,69
4852,4852,0,1,1,0,0,32,69
4853,4853,0,1,0,0,1,32,69
4854,4854,0,1,0,0,1,32,69
4855,4855,0,1,0,0,1,32,69
4856,4856,0,1,1,1,1,32,69
4857,4857,0,1,0,1,1,32,69
4858,4858,0,1,0,1,1,32,69
4859,4859,0,1,0,1,1,32,69
4860,4860,0,1,1,1,1,32,70
4861,4861,0,1,0,1,1,32,70
4862,4862,0,1,0,1,1,32,70
4863,4863,0,1,0,1,1,32,70
4864,4864,0,1,1,1,1,32,70
4865,4865,0,1,0,1,1,32,70
4866,4866,0,1,0,1,1,32,70
4867,4867,0,1,0,1,1,32,70
4868,4868,0,1,1,1,1,32,70
4869,4869,0,1,0,1,0,32,70
4870,4870,0,1,0,1,0,32,70
4871,4871,0,1,0,1,0,32,70
4872,4872,0,1,1,1,0,32,70
4873,4873,0,1,0,1,0,32,70
4874,4874,0,1,0,1,0,32,70
4875,4875,0,1,0,1,0,32,70
4876,4876,0,1,1,1,0,32,70
4877,4877,0,1,0,1,1,32,70
4878,4878,0,1,0,1,1,32,70
4879,4879,0,1,0,1,1,32,70
4880,4880,0,1,1,1,1,32,71
4881,4881,0,1,0,1,1,32,71
4882,4882,0,1,0,1,1,32,71
4883,4883,0,1,0,1,1,32,71
4884,4884,0,1,1,1,1,32,71
4885,4885,0,1,0,1,0,32,71
4886,4886,0,1,0,1,0,32,71
4887,4887,0,1,0,1,0,32,71
4888,4888,0,1,1,1,0,32,71
4889,4889,0,1,0,1,1,32,71
4890,4890,0,1,0,1,1,32,71
4891,4891,0,1,0,1,1,33,71
4892,4892,0,1,1,1,1,33,71
4893,4893,0,1,0,1,0,33,71
4894,4894,0,1,0,1,0,33,71
4895,4895,0,1,0,1,0,33,71
4896,4896,0,1,1,1,0,33,71
4897,4897,0,1,0,1,0,33,71
4898,4898,0,1,0,1,0,33,71
4899,4899,0,1,0,1,0,33,71
4900,4900,0,1,1,1,0,33,72
4901,4901,0,1,0,1,1,33,72
4902,4902,0,1,0,1,1,33,72
4903,4903,0,1,0,1,1,33,72
4904,4904,0,1,1,1,1,33,72
4905,4905,0,1,0,1,1,33,72
4906,4906,0,1,0,1,1,33,72
4907,4907,0,1,0,1,1,33,72
4908,4908,0,1,1,1,1,33,72
4909,4909,0,1,0,1,0,33,72
4910,4910,0,1,0,1,0,33,72
4911,4911,0,1,0,1,0,33,72
4912,4912,0,1,1,1,0,33,72
4913,4913,0,1,0,1,1,33,72
4914,4914,0,1,0,1,1,33,72
4915,4915,0,1,0,1,1,33,72
4916,4916,0,1,1,0,1,33,72
4917,4917,0,1,0,0,0,33,72
4918,4918,0,1,0,0,0,33,72
4919,4919,0,1,0,0,0,33,72
4920,4920,0,1,1,0,0,33,73
4921,4921,0,1,0,0,1,33,73
4922,4922,0,1,0,0,1,33,73
4923,4923,0,1,0,0,1,33,73
4924,4924,0,1,1,0,1,33,73
4925,4925,0,1,0,0,1,33,73
4926,4926,0,1,0,0,1,33,73
4927,4927,0,1,0,0,1,33,73
4928,4928,0,1,1,0,1,33,73
4929,4929,0,1,0,0,1,33,73
4930,4930,0,1,0,0,1,33,73
4931,4931,0,1,0,0,1,33,73
4932,4932,0,1,1,0,1,33,73
4933,4933,0,1,0,0,1,33,73
4934,4934,0,1,0,0,1,33,73
4935,4935,0,1,0,0,1,33,73
4936,4936,0,1,1,0,1,33,73
4937,4937,0,1,0,0,1,33,73
4938,4938,0,1,0,0,1,33,73
4939,4939,0,1,0,0,1,33,73
4940,4940,0,1,1,0,1,33,74
4941,4941,0,1,0,0,0,33,74
4942,4942,0,1,0,0,0,33,74
4943,4943,0,1,0,0,0,33,74
4944,4944,0,1,1,0,0,33,74
4945,4945,0,1,0,0,1,33,74
4946,4946,0,1,0,0,1,33,74
4947,4947,0,1,0,0,1,33,74
4948,4948,0,1,1,0,1,33,74
4949,4949,0,1,0,0,0,33,74
4950,4950,0,1,0,0,0,33,74
4951,4951,0,1,0,0,0,34,74
4952,4952,0,1,1,0,0,34,74
4953,4953,0,1,0,0,0,34,74
4954,4954,0,1,0,0,0,34,74
4955,4955,0,1,0,0,0,34,74
4956,4956,0,1,1,0,0,34,74
4957,4957,0,1,0,0,0,34,74
4958,4958,0,1,0,0,0,34,74
4959,4959,0,1,0,0,0,34,74
4960,4960,0,1,1,0,0,34,75
4961,4961,0,1,0,0,1,34,75
4962,4962,0,1,0,0,1,34,75
4963,4963,0,1,0,0,1,34,75
4964,4964,0,1,1,0,1,34,75
4965,4965,0,1,0,0,1,34,75
4966,4966,0,1,0,0,1,34,75
4967,4967,0,1,0,0,1,34,75
4968,4968,0,1,1,0,1,34,75
4969,4969,0,1,0,0,1,34,75
4970,4970,0,1,0,0,1,34,75
4971,4971,0,1,0,0,1,34,75
4972,4972,0,1,1,0,1,34,75
4973,4973,0,1,0,0,1,34,75
4974,4974,0,1,0,0,1,34,75
4975,4975,0,1,0,0,1,34,75
4976,4976,0,1,1,0,1,34,75
4977,4977,0,1,0,0,0,34,75
4978,4978,0,1,0,0,0,34,75
4979,4979,0,1,0,0,0,34,75
4980,4980,0,1,1,0,0,34,76
4981,4981,0,1,0,0,1,34,76
4982,4982,0,1,0,0,1,34,76
4983,4983,0,1,0,0,1,34,76
4984,4984,0,1,1,0,1,34,76
4985,4985,0,1,0,0,1,34,76
4986,4986,0,1,0,0,1,34,76
4987,4987,0,1,0,0,1,34,76
4988,4988,0,1,1,0,1,34,76
4989,4989,0,1,0,0,1,34,76
4990,4990,0,1,0,0,1,34,76
4991,4991,0,1,0,0,1,34,76
4992,4992,0,1,1,0,1,34,76
4993,4993,0,1,0,0,0,34,76
4994,4994,0,1,0,0,0,34,76
4995,4995,0,1,0,0,0,34,76
4996,4996,0,1,1,1,0,34,76
4997,4997,0,1,0,1,1,34,76
4998,4998,0,1,0,1,1,34,76
4999,4999,0,1,0,1,1,34,76
5000,5000,0,1,1,1,1,34,77
5001,5001,0,1,0,1,0,34,77
5002,5002,0,1,0,1,0,34,77
5003,5003,0,1,0,1,0,34,77
5004,5004,0,1,1,1,0,34,77
5005,5005,0,1,0,1,1,34,77
5006,5006,0,1,0,1,1,34,77
5007,5007,0,1,0,1,1,34,77
5008,5008,0,1,1,1,1,34,77
5009,5009,0,1,0,1,1,34,77
5010,5010,0,1,0,1,1,34,77
5011,5011,0,1,0,1,1,35,77
5012,5012,0,1,1,1,1,35,77
5013,5013,0,1,0,1,1,35,77
5014,5014,0,1,0,1,1,35,77
5015,5015,0,1,0,1,1,35,77
5016,5016,0,1,1,0,1,35,77
5017,5017,0,1,0,0,0,35,77
5018,5018,0,1,0,0,0,35,77
5019,5019,0,1,0,0,0,35,77
5020,5020,0,1,1,0,0,35,78
5021,5021,0,1,0,0,0,35,78
5022,5022,0,1,0,0,0,35,78
5023,5023,0,1,0,0,0,35,78
5024,5024,0,1,1,0,0,35,78
5025,5025,0,1,0,0,1,35,78
5026,5026,0,1,0,0,1,35,78
5027,5027,0,1,0,0,1,35,78
5028,5028,0,1,1,0,1,35,78
5029,5029,0,1,0,0,1,35,78
5030,5030,0,1,0,0,1,35,78
5031,5031,0,1,0,0,1,35,78
5032,5032,0,1,1,0,1,35,78
5033,5033,0,1,0,0,1,35,78
5034,5034,0,1,0,0,1,35,78
5035,5035,0,1,0,0,1,35,78
5036,5036,0,1,1,1,1,35,78
5037,5037,0,1,0,1,1,35,78
5038,5038,0,1,0,1,1,35,78
5039,5039,0,1,0,1,1,35,78
5040,5040,0,1,1,1,1,35,79
5041,5041,0,1,0,1,1,35,79
5042,5042,0,1,0,1,1,35,79
5043,5043,0,1,0,1,1,35,79
5044,5044,0,1,1,1,1,35,79
5045,5045,0,1,0,1,0,35,79
5046,5046,0,1,0,1,0,35,79
5047,5047,0,1,0,1,0,35,79
5048,5048,0,1,1,1,0,35,79
5049,5049,0,1,0,1,0,35,79
5050,5050,0,1,0,1,0,35,79
5051,5051,0,1,0,1,0,35,79
5052,5052,0,1,1,1,0,35,79
5053,5053,0,1,0,1,0,35,79
5054,5054,0,1,0,1,0,35,79
5055,5055,0,1,0,1,0,35,79
5056,5056,0,1,1,1,0,35,79
5057,5057,0,1,0,1,0,35,79
5058,5058,0,1,0,1,0,35,79
5059,5059,0,1,0,1,0,35,79
5060,5060,0,1,1,1,0,35,80
5061,5061,0,1,0,1,0,35,80
5062,5062,0,1,0,1,0,35,80
5063,5063,0,1,0,1,0,35,80
5064,5064,0,1,1,1,0,35,80
5065,5065,0,1,0,1,0,35,80
5066,5066,0,1,0,1,0,35,80
5067,5067,0,1,0,1,0,35,80
5068,5068,0,1,1,1,0,35,80
5069,5069,0,1,0,1,0,35,80
5070,5070,0,1,0,1,0,35,80
5071,5071,0,1,0,1,0,35,80
5072,5072,0,1,1,1,0,35,80
5073,5073,0,1,0,1,1,35,80
5074,5074,0,1,0,1,1,35,80
5075,5075,0,1,0,1,1,35,80
5076,5076,0,1,1,0,1,35,80
5077,5077,0,1,0,0,0,35,80
5078,5078,0,1,0,0,0,35,80
5079,5079,0,1,0,0,0,35,80
5080,5080,0,1,1,0,0,35,81
5081,5081,0,1,0,0,1,35,81
5082,5082,0,1,0,0,1,35,81
5083,5083,0,1,0,0,1,35,81
5084,5084,0,1,1,0,1,35,81
5085,5085,0,1,0,0,1,35,81
5086,5086,0,1,0,0,1,35,81
5087,5087,0,1,0,0,1,35,81
5088,5088,0,1,1,0,1,35,81
5089,5089,0,1,0,0,1,35,81
5090,5090,0,1,0,0,1,35,81
5091,5091,0,1,0,0,1,35,81
5092,5092,0,1,1,0,1,35,81
5093,5093,0,1,0,0,0,35,81
5094,5094,0,1,0,0,0,35,81
5095,5095,0,1,0,0,0,35,81
5096,5096,0,1,1,1,0,35,81
5097,5097,0,1,0,1,1,35,81
5098,5098,0,1,0,1,1,35,81
5099,5099,0,1,0,1,1,35,81
5100,5100,0,1,1,1,1,35,82
5101,5101,0,1,0,1,0,35,82
5102,5102,0,1,0,1,0,35,82
5103,5103,0,1,0,1,0,35,82
5104,5104,0,1,1,1,0,35,82
5105,5105,0,1,0,1,1,35,82
5106,5106,0,1,0,1,1,35,82
5107,5107,0,1,0,1,1,35,82
5108,5108,0,1,1,1,1,35,82
5109,5109,0,1,0,1,1,35,82
5110,5110,0,1,0,1,1,35,82
5111,5111,0,1,0,1,1,36,82
5112,5112,0,1,1,1,1,36,82
5113,5113,0,1,0,1,1,36,82
5114,5114,0,1,0,1,1,36,82
5115,5115,0,1,0,1,1,36,82
5116,5116,0,1,1,0,1,36,82
5117,5117,0,1,0,0,0,36,82
5118,5118,0,1,0,0,0,36,82
5119,5119,0,1,0,0,0,36,82
5120,5120,0,1,1,0,0,36,83
5121,5121,0,1,0,0,1,36,83
5122,5122,0,1,0,0,1,36,83
5123,5123,0,1,0,0,1,36,83
5124,5124,0,1,1,0,1,36,83
5125,5125,0,1,0,0,1,36,83
5126,5126,0,1,0,0,1,36,83
5127,5127,0,1,0,0,1,36,83
5128,5128,0,1,1,0,1,36,83
5129,5129,0,1,0,0,1,36,83
5130,5130,0,1,0,0,1,36,83
5131,5131,0,1,0,0,1,36,83
5132,5132,0,1,1,0,1,36,83
5133,5133,0,1,0,0,1,36,83
5134,5134,0,1,0,0,1,36,83
5135,5135,0,1,0,0,1,36,83
5136,5136,0,1,1,0,1,36,83
5137,5137,0,1,0,0,1,36,83
5138,5138,0,1,0,0,1,36,83
5139,5139,0,1,0,0,1,36,83
5140,5140,0,1,1,0,1,36,84
5141,5141,0,1,0,0,1,36,84
5142,5142,0,1,0,0,1,36,84
5143,5143,0,1,0,0,1,36,84
5144,5144,0,1,1,0,1,36,84
5145,5145,0,1,0,0,1,36,84
5146,5146,0,1,0,0,1,36,84
5147,5147,0,1,0,0,1,36,84
5148,5148,0,1,1,0,1,36,84
5149,5149,0,1,0,0,0,36,84
5150,5150,0,1,0,0,0,36,84
5151,5151,0,1,0,0,0,37,84
5152,5152,0,1,1,0,0,37,84
5153,5153,0,1,0,0,1,37,84
5154,5154,0,1,0,0,1,37,84
5155,5155,0,1,0,0,1,37,84
5156,5156,0,1,1,0,1,37,84
5157,5157,0,1,0,0,0,37,84
5158,5158,0,1,0,0,0,37,84
5159,5159,0,1,0,0,0,37,84
5160,5160,0,1,1,0,0,37,85
5161,5161,0,1,0,0,0,37,85
5162,5162,0,1,0,0,0,37,85
5163,5163,0,1,0,0,0,37,85
5164,5164,0,1,1,0,0,37,85
5165,5165,0,1,0,0,1,37,85
5166,5166,0,1,0,0,1,37,85
5167,5167,0,1,0,0,1,37,85
5168,5168,0,1,1,0,1,37,85
5169,5169,0,1,0,0,0,37,85
5170,5170,0,1,0,0,0,37,85
5171,5171,0,1,0,0,0,38,85
5172,5172,0,1,1,0,0,38,85
5173,5173,0,1,0,0,0,38,85
5174,5174,0,1,0,0,0,38,85
5175,5175,0,1,0,0,0,38,85
5176,5176,0,1,1,1,0,38,85
5177,5177,0,1,0,1,1,38,85
5178,5178,0,1,0,1,1,38,85
5179,5179,0,1,0,1,1,38,85
5180,5180,0,1,1,1,1,38,86
5181,5181,0,1,0,1,0,38,86
5182,5182,0,1,0,1,0,38,86
5183,5183,0,1,0,1,0,38,86
5184,5184,0,1,1,1,0,38,86
5185,5185,0,1,0,1,0,38,86
5186,5186,0,1,0,1,0,38,86
5187,5187,0,1,0,1,0,38,86
5188,5188,0,1,1,1,0,38,86
5189,5189,0,1,0,1,0,38,86
5190,5190,0,1,0,1,0,38,86
5191,5191,0,1,0,1,0,38,86
5192,5192,0,1,1,1,0,38,86
5193,5193,0,1,0,1,1,38,86
5194,5194,0,1,0,1,1,38,86
5195,5195,0,1,0,1,1,38,86
5196,5196,0,1,1,0,1,38,86
5197,5197,0,1,0,0,0,38,86
5198,5198,0,1,0,0,0,38,86
5199,5199,0,1,0,0,0,38,86
5200,5200,0,1,1,0,0,38,87
5201,5201,0,1,0,0,0,38,87
5202,5202,0,1,0,0,0,38,87
5203,5203,0,1,0,0,0,38,87
5204,5204,0,1,1,0,0,38,87
5205,5205,0,1,0,0,1,38,87
5206,5206,0,1,0,0,1,38,87
5207,5207,0,1,0,0,1,38,87
5208,5208,0,1,1,0,1,38,87
5209,5209,0,1,0,0,1,38,87
5210,5210,0,1,0,0,1,38,87
5211,5211,0,1,0,0,1,38,87
5212,5212,0,1,1,0,1,38,87
5213,5213,0,1,0,0,0,38,87
5214,5214,0,1,0,0,0,38,87
5215,5215,0,1,0,0,0,38,87
5216,5216,0,1,1,1,0,38,87
5217,5217,0,1,0,1,0,38,87
5218,5218,0,1,0,1,0,38,87
5219,5219,0,1,0,1,0,38,87
5220,5220,0,1,1,1,0,38,88
5221,5221,0,1,0,1,1,38,88
5222,5222,0,1,0,1,1,38,88
5223,5223,0,1,0,1,1,38,88
5224,5224,0,1,1,1,1,38,88
5225,5225,0,1,0,1,1,38,88
5226,5226,0,1,0,1,1,38,88
5227,5227,0,1,0,1,1,38,88
5228,5228,0,1,1,1,1,38,88
5229,5229,0,1,0,1,0,38,88
5230,5230,0,1,0,1,0,38,88
5231,5231,0,1,0,1,0,38,88
5232,5232,0,1,1,1,0,38,88
5233,5233,0,1,0,1,1,38,88
5234,5234,0,1,0,1,1,38,88
5235,5235,0,1,0,1,1,38,88
5236,5236,0,1,1,1,1,38,88
5237,5237,0,1,0,1,0,38,88
5238,5238,0,1,0,1,0,38,88
5239,5239,0,1,0,1,0,38,88
5240,5240,0,1,1,1,0,38,89
5241,5241,0,1,0,1,0,38,89
5242,5242,0,1,0,1,0,38,89
5243,5243,0,1,0,1,0,38,89
5244,5244,0,1,1,1,0,38,89
5245,5245,0,1,0,1,1,38,89
5246,5246,0,1,0,1,1,38,89
5247,5247,0,1,0,1,1,38,89
5248,5248,0,1,1,1,1,38,89
5249,5249,0,1,0,1,1,38,89
5250,5250,0,1,0,1,1,38,89
5251,5251,0,1,0,1,1,39,89
5252,5252,0,1,1,1,1,39,89
5253,5253,0,1,0,1,0,39,89
5254,5254,0,1,0,1,0,39,89
5255,5255,0,1,0,1,0,39,89
5256,5256,0,1,1,0,0,39,89
5257,5257,0,1,0,0,0,39,89
5258,5258,0,1,0,0,0,39,89
5259,5259,0,1,0,0,0,39,89
5260,5260,0,1,1,0,0,39,90
5261,5261,0,1,0,0,0,39,90
5262,5262,0,1,0,0,0,39,90
5263,5263,0,1,0,0,0,39,90
5264,5264,0,1,1,0,0,39,90
5265,5265,0,1,0,0,0,39,90
5266,5266,0,1,0,0,0,39,90
5267,5267,0,1,0,0,0,39,90
5268,5268,0,1,1,0,0,39,90
5269,5269,0,1,0,0,0,39,90
5270,5270,0,1,0,0,0,39,90
5271,5271,0,1,0,0,0,40,90
5272,5272,0,1,1,0,0,40,90
5273,5273,0,1,0,0,1,40,90
5274,5274,0,1,0,0,1,40,90
5275,5275,0,1,0,0,1,40,90
5276,5276,0,1,1,1,1,40,90
5277,5277,0,1,0,1,1,40,90
5278,5278,0,1,0,1,1,40,90
5279,5279,0,1,0,1,1,40,90
5280,5280,0,1,1,1,1,40,91
5281,5281,0,1,0,1,0,40,91
5282,5282,0,1,0,1,0,40,91
5283,5283,0,1,0,1,0,40,91
5284,5284,0,1,1,1,0,40,91
5285,5285,0,1,0,1,0,40,91
5286,5286,0,1,0,1,0,40,91
5287,5287,0,1,0,1,0,40,91
5288,5288,0,1,1,1,0,40,91
5289,5289,0,1,0,1,1,40,91
5290,5290,0,1,0,1,1,40,91
5291,5291,0,1,0,1,1,41,91
5292,5292,0,1,1,1,1,41,91
5293,5293,0,1,0,1,1,41,91
5294,5294,0,1,0,1,1,41,91
5295,5295,0,1,0,1,1,41,91
5296,5296,0,1,1,0,1,41,91
5297,5297,0,1,0,0,0,41,91
5298,5298,0,1,0,0,0,41,91
5299,5299,0,1,0,0,0,41,91
5300,5300,0,1,1,0,0,41,92
5301,5301,0,1,0,0,0,41,92
5302,5302,0,1,0,0,0,41,92
5303,5303,0,1,0,0,0,41,92
5304,5304,0,1,1,0,0,41,92
5305,5305,0,1,0,0,0,41,92
5306,5306,0,1,0,0,0,41,92
5307,5307,0,1,0,0,0,41,92
5308,5308,0,1,1,0,0,41,92
5309,5309,0,1,0,0,1,41,92
5310,5310,0,1,0,0,1,41,92
5311,5311,0,1,0,0,1,41,92
5312,5312,0,1,1,0,1,41,92
5313,5313,0,1,0,0,1,41,92
5314,5314,0,1,0,0,1,41,92
5315,5315,0,1,0,0,1,41,92
5316,5316,0,1,1,1,1,41,92
5317,5317,0,1,0,1,1,41,92
5318,5318,0,1,0,1,1,41,92
5319,5319,0,1,0,1,1,41,92
5320,5320,0,1,1,1,1,41,93
5321,5321,0,1,0,1,0,41,93
5322,5322,0,1,0,1,0,41,93
5323,5323,0,1,0,1,0,41,93
5324,5324,0,1,1,1,0,41,93
5325,5325,0,1,0,1,1,41,93
5326,5326,0,1,0,1,1,41,93
5327,5327,0,1,0,1,1,41,93
5328,5328,0,1,1,1,1,41,93
5329,5329,0,1,0,1,1,41,93
5330,5330,0,1,0,1,1,41,93
5331,5331,0,1,0,1,1,42,93
5332,5332,0,1,1,1,1,42,93
5333,5333,0,1,0,1,0,42,93
5334,5334,0,1,0,1,0,42,93
5335,5335,0,1,0,1,0,42,93
5336,5336,0,1,1,0,0,42,93
5337,5337,0,1,0,0,0,42,93
5338,5338,0,1,0,0,0,42,93
5339,5339,0,1,0,0,0,42,93
5340,5340,0,1,1,0,0,42,94
5341,5341,0,1,0,0,0,42,94
5342,5342,0,1,0,0,0,42,94
5343,5343,0,1,0,0,0,42,94
5344,5344,0,1,1,0,0,42,94
5345,5345,0,1,0,0,1,42,94
5346,5346,0,1,0,0,1,42,94
5347,5347,0,1,0,0,1,42,94
5348,5348,0,1,1,0,1,42,94
5349,5349,0,1,0,0,0,42,94
5350,5350,0,1,0,0,0,42,94
5351,5351,0,1,0,0,0,43,94
5352,5352,0,1,1,0,0,43,94
5353,5353,0,1,0,0,1,43,94
5354,5354,0,1,0,0,1,43,94
5355,5355,0,1,0,0,1,43,94
5356,5356,0,1,1,0,1,43,94
5357,5357,0,1,0,0,1,43,94
5358,5358,0,1,0,0,1,43,94
5359,5359,0,1,0,0,1,43,94
5360,5360,0,1,1,0,1,43,95
5361,5361,0,1,0,0,1,43,95
5362,5362,0,1,0,0,1,43,95
5363,5363,0,1,0,0,1,43,95
5364,5364,0,1,1,0,1,43,95
5365,5365,0,1,0,0,1,43,95
5366,5366,0,1,0,0,1,43,95
5367,5367,0,1,0,0,1,43,95
5368,5368,0,1,1,0,1,43,95
5369,5369,0,1,0,0,1,43,95
5370,5370,0,1,0,0,1,43,95
5371,5371,0,1,0,0,1,43,95
5372,5372,0,1,1,0,1,43,95
5373,5373,0,1,0,0,0,43,95
5374,5374,0,1,0,0,0,43,95
5375,5375,0,1,0,0,0,43,95
5376,5376,0,1,1,1,0,43,95
5377,5377,0,1,0,1,0,43,95
5378,5378,0,1,0,1,0,43,95
5379,5379,0,1,0,1,0,43,95
5380,5380,0,1,1,1,0,43,96
5381,5381,0,1,0,1,1,43,96
5382,5382,0,1,0,1,1,43,96
5383,5383,0,1,0,1,1,43,96
5384,5384,0,1,1,1,1,43,96
5385,5385,0,1,0,1,0,43,96
5386,5386,0,1,0,1,0,43,96
5387,5387,0,1,0,1,0,43,96
5388,5388,0,1,1,1,0,43,96
5389,5389,0,1,0,1,0,43,96
5390,5390,0,1,0,1,0,43,96
5391,5391,0,1,0,1,0,43,96
5392,5392,0,1,1,1,0,43,96
5393,5393,0,1,0,1,1,43,96
5394,5394,0,1,0,1,1,43,96
5395,5395,0,1,0,1,1,43,96
5396,5396,0,1,1,0,1,43,96
5397,5397,0,1,0,0,1,43,96
5398,5398,0,1,0,0,1,43,96
5399,5399,0,1,0,0,1,43,96
5400,5400,0,1,1,0,1,43,97
5401,5401,0,1,0,0,1,43,97
5402,5402,0,1,0,0,1,43,97
5403,5403,0,1,0,0,1,43,97
5404,5404,0,1,1,0,1,43,97
5405,5405,0,1,0,0,1,43,97
5406,5406,0,1,0,0,1,43,97
5407,5407,0,1,0,0,1,43,97
5408,5408,0,1,1,0,1,43,97
5409,5409,0,1,0,0,1,43,97
5410,5410,0,1,0,0,1,43,97
5411,5411,0,1,0,0,1,43,97
5412,5412,0,1,1,0,1,43,97
5413,5413,0,1,0,0,1,43,97
5414,5414,0,1,0,0,1,43,97
5415,5415,0,1,0,0,1,43,97
5416,5416,0,1,1,0,1,43,97
5417,5417,0,1,0,0,0,43,97
5418,5418,0,1,0,0,0,43,97
5419,5419,0,1,0,0,0,43,97
5420,5420,0,1,1,0,0,43,98
5421,5421,0,1,0,0,1,43,98
5422,5422,0,1,0,0,1,43,98
5423,5423,0,1,0,0,1,43,98
5424,5424,0,1,1,0,1,43,98
5425,5425,0,1,0,0,0,43,98
5426,5426,0,1,0,0,0,43,98
5427,5427,0,1,0,0,0,43,98
5428,5428,0,1,1,0,0,43,98
5429,5429,0,1,0,0,1,43,98
5430,5430,0,1,0,0,1,43,98
5431,5431,0,1,0,0,1,43,98
5432,5432,0,1,1,0,1,43,98
5433,5433,0,1,0,0,1,43,98
5434,5434,0,1,0,0,1,43,98
5435,5435,0,1,0,0,1,43,98
5436,5436,0,1,1,1,1,43,98
5437,5437,0,1,0,1,1,43,98
5438,5438,0,1,0,1,1,43,98
5439,5439,0,1,0,1,1,43,98
5440,5440,0,1,1,1,1,43,99
5441,5441,0,1,0,1,0,43,99
5442,5442,0,1,0,1,0,43,99
5443,5443,0,1,0,1,0,43,99
5444,5444,0,1,1,1,0,43,99
5445,5445,0,1,0,1,0,43,99
5446,5446,0,1,0,1,0,43,99
5447,5447,0,1,0,1,0,43,99
5448,5448,0,1,1,1,0,43,99
5449,5449,0,1,0,1,1,43,99
5450,5450,0,1,0,1,1,43,99
5451,5451,0,1,0,1,1,44,99
5452,5452,0,1,1,1,1,44,99
5453,5453,0,1,0,1,0,44,99
5454,5454,0,1,0,1,0,44,99
5455,5455,0,1,0,1,0,44,99
5456,5456,0,1,1,0,0,44,99
5457,5457,0,1,0,0,0,44,99
5458,5458,0,1,0,0,0,44,99
5459,5459,0,1,0,0,0,44,99
5460,5460,0,1,1,0,0,44,100
5461,5461,0,1,0,0,1,44,100
5462,5462,0,1,0,0,1,44,100
5463,5463,0,1,0,0,1,44,100
5464,5464,0,1,1,0,1,44,100
5465,5465,0,1,0,0,1,44,100
5466,5466,0,1,0,0,1,44,100
5467,5467,0,1,0,0,1,44,100
5468,5468,0,1,1,0,1,44,100
5469,5469,0,1,0,0,0,44,100
5470,5470,0,1,0,0,0,44,100
5471,5471,0,1,0,0,0,45,100
5472,5472,0,1,1,0,0,45,100
5473,5473,0,1,0,0,1,45,100
5474,5474,0,1,0,0,1,45,100
5475,5475,0,1,0,0,1,45,100
5476,5476,0,1,1,1,1,45,100
5477,5477,0,1,0,1,0,45,100
5478,5478,0,1,0,1,0,45,100
5479,5479,0,1,0,1,0,45,100
5480,5480,0,1,1,1,0,45,101
5481,5481,0,1,0,1,1,45,101
5482,5482,0,1,0,1,1,45,101
5483,5483,0,1,0,1,1,45,101
5484,5484,0,1,1,1,1,45,101
5485,5485,0,1,0,1,1,45,101
5486,5486,0,1,0,1,1,45,101
5487,5487,0,1,0,1,1,45,101
5488,5488,0,1,1,1,1,45,101
5489,5489,0,1,0,1,0,45,101
5490,5490,0,1,0,1,0,45,101
5491,5491,0,1,0,1,0,45,101
5492,5492,0,1,1,1,0,45,101
5493,5493,0,1,0,1,0,45,101
5494,5494,0,1,0,1,0,45,101
5495,5495,0,1,0,1,0,45,101
5496,5496,0,1,1,0,0,45,101
5497,5497,0,1,0,0,1,45,101
5498,5498,0,1,0,0,1,45,101
5499,5499,0,1,0,0,1,45,101
5500,5500,0,1,1,0,1,45,102
5501,5501,0,1,0,0,1,45,102
5502,5502,0,1,0,0,1,45,102
5503,5503,0,1,0,0,1,45,102
5504,5504,0,1,1,0,1,45,102
5505,5505,0,1,0,0,1,45,102
5506,5506,0,1,0,0,1,45,102
5507,5507,0,1,0,0,1,45,102
5508,5508,0,1,1,0,1,45,102
5509,5509,0,1,0,0,0,45,102
5510,5510,0,1,0,0,0,45,102
5511,5511,0,1,0,0,0,46,102
5512,5512,0,1,1,0,0,46,102
5513,5513,0,1,0,0,0,46,102
5514,5514,0,1,0,0,0,46,102
5515,5515,0,1,0,0,0,46,102
5516,5516,0,1,1,1,0,46,102
5517,5517,0,1,0,1,1,46,102
5518,5518,0,1,0,1,1,46,102
5519,5519,0,1,0,1,1,46,102
5520,5520,0,1,1,1,1,46,103
5521,5521,0,1,0,1,1,46,103
5522,5522,0,1,0,1,1,46,103
5523,5523,0,1,0,1,1,46,103
5524,5524,0,1,1,1,1,46,103
5525,5525,0,1,0,1,0,46,103
5526,5526,0,1,0,1,0,46,103
5527,5527,0,1,0,1,0,46,103
5528,5528,0,1,1,1,0,46,103
5529,5529,0,1,0,1,1,46,103
5530,5530,0,1,0,1,1,46,103
5531,5531,0,1,0,1,1,47,103
5532,5532,0,1,1,1,1,47,103
5533,5533,0,1,0,1,1,47,103
5534,5534,0,1,0,1,1,47,103
5535,5535,0,1,0,1,1,47,103
5536,5536,0,1,1,1,1,47,103
5537,5537,0,1,0,1,1,47,103
5538,5538,0,1,0,1,1,47,103
5539,5539,0,1,0,1,1,47,103
5540,5540,0,1,1,1,1,47,104
5541,5541,0,1,0,1,0,47,104
5542,5542,0,1,0,1,0,47,104
5543,5543,0,1,0,1,0,47,104
5544,5544,0,1,1,1,0,47,104
5545,5545,0,1,0,1,1,47,104
5546,5546,0,1,0,1,1,47,104
5547,5547,0,1,0,1,1,47,104
5548,5548,0,1,1,1,1,47,104
5549,5549,0,1,0,1,1,47,104
5550,5550,0,1,0,1,1,47,104
5551,5551,0,1,0,1,1,48,104
5552,5552,0,1,1,1,1,48,104
5553,5553,0,1,0,1,1,48,104
5554,5554,0,1,0,1,1,48,104
5555,5555,0,1,0,1,1,48,104
5556,5556,0,1,1,1,1,48,104
5557,5557,0,1,0,1,1,48,104
5558,5558,0,1,0,1,1,48,104
5559,5559,0,1,0,1,1,48,104
5560,5560,0,1,1,1,1,48,105
5561,5561,0,1,0,1,0,48,105
5562,5562,0,1,0,1,0,48,105
5563,5563,0,1,0,1,0,48,105
5564,5564,0,1,1,1,0,48,105
5565,5565,0,1,0,1,0,48,105
5566,5566,0,1,0,1,0,48,105
5567,5567,0,1,0,1,0,48,105
5568,5568,0,1,1,1,0,48,105
5569,5569,0,1,0,1,0,48,105
5570,5570,0,1,0,1,0,48,105
5571,5571,0,1,0,1,0,48,105
5572,5572,0,1,1,1,0,48,105
5573,5573,0,1,0,1,1,48,105
5574,5574,0,1,0,1,1,48,105
5575,5575,0,1,0,1,1,48,105
5576,5576,0,1,1,0,1,48,105
5577,5577,0,1,0,0,0,48,105
5578,5578,0,1,0,0,0,48,105
5579,5579,0,1,0,0,0,48,105
5580,5580,0,1,1,0,0,48,106
5581,5581,0,1,0,0,0,48,106
5582,5582,0,1,0,0,0,48,106
5583,5583,0,1,0,0,0,48,106
5584,5584,0,1,1,0,0,48,106
5585,5585,0,1,0,0,1,48,106
5586,5586,0,1,0,0,1,48,106
5587,5587,0,1,0,0,1,48,106
5588,5588,0,1,1,0,1,48,106
5589,5589,0,1,0,0,1,48,106
5590,5590,0,1,0,0,1,48,106
5591,5591,0,1,0,0,1,48,106
5592,5592,0,1,1,0,1,48,106
5593,5593,0,1,0,0,1,48,106
5594,5594,0,1,0,0,1,48,106
5595,5595,0,1,0,0,1,48,106
5596,5596,0,1,1,0,1,48,106
5597,5597,0,1,0,0,0,48,106
5598,5598,0,1,0,0,0,48,106
5599,5599,0,1,0,0,0,48,106
5600,5600,0,1,1,0,0,48,107
5601,5601,0,1,0,0,1,48,107
5602,5602,0,1,0,0,1,48,107
5603,5603,0,1,0,0,1,48,107
5604,5604,0,1,1,0,1,48,107
5605,5605,0,1,0,0,1,48,107
5606,5606,0,1,0,0,1,48,107
5607,5607,0,1,0,0,1,48,107
5608,5608,0,1,1,0,1,48,107
5609,5609,0,1,0,0,0,48,107
5610,5610,0,1,0,0,0,48,107
5611,5611,0,1,0,0,0,49,107
5612,5612,0,1,1,0,0,49,107
5613,5613,0,1,0,0,1,49,107
5614,5614,0,1,0,0,1,49,107
5615,5615,0,1,0,0,1,49,107
5616,5616,0,1,1,1,1,49,107
5617,5617,0,1,0,1,1,49,107
5618,5618,0,1,0,1,1,49,107
5619,5619,0,1,0,1,1,49,107
5620,5620,0,1,1,1,1,49,108
5621,5621,0,1,0,1,1,49,108
5622,5622,0,1,0,1,1,49,108
5623,5623,0,1,0,1,1,49,108
5624,5624,0,1,1,1,1,49,108
5625,5625,0,1,0,1,1,49,108
5626,5626,0,1,0,1,1,49,108
5627,5627,0,1,0,1,1,49,108
5628,5628,0,1,1,1,1,49,108
5629,5629,0,1,0,1,1,49,108
5630,5630,0,1,0,1,1,49,108
5631,5631,0,1,0,1,1,50,108
5632,5632,0,1,1,1,1,50,108
5633,5633,0,1,0,1,0,50,108
5634,5634,0,1,0,1,0,50,108
5635,5635,0,1,0,1,0,50,108
5636,5636,0,1,1,1,0,50,108
5637,5637,0,1,0,1,0,50,108
5638,5638,0,1,0,1,0,50,108
5639,5639,0,1,0,1,0,50,108
5640,5640,0,1,1,1,0,50,109
5641,5641,0,1,0,1,1,50,109
5642,5642,0,1,0,1,1,50,109
5643,5643,0,1,0,1,1,50,109
5644,5644,0,1,1,1,1,50,109
5645,5645,0,1,0,1,0,50,109
5646,5646,0,1,0,1,0,50,109
5647,5647,0,1,0,1,0,50,109
5648,5648,0,1,1,1,0,50,109
5649,5649,0,1,0,1,1,50,109
5650,5650,0,1,0,1,1,50,109
5651,5651,0,1,0,1,1,51,109
5652,5652,0,1,1,1,1,51,109
5653,5653,0,1,0,1,1,51,109
5654,5654,0,1,0,1,1,51,109
5655,5655,0,1,0,1,1,51,109
5656,5656,0,1,1,0,1,51,109
5657,5657,0,1,0,0,0,51,109
5658,5658,0,1,0,0,0,51,109
5659,5659,0,1,0,0,0,51,109
5660,5660,0,1,1,0,0,51,110
5661,5661,0,1,0,0,0,51,110
5662,5662,0,1,0,0,0,51,110
5663,5663,0,1,0,0,0,51,110
5664,5664,0,1,1,0,0,51,110
5665,5665,0,1,0,0,1,51,110
5666,5666,0,1,0,0,1,51,110
5667,5667,0,1,0,0,1,51,110
5668,5668,0,1,1,0,1,51,110
5669,5669,0,1,0,0,0,51,110
5670,5670,0,1,0,0,0,51,110
5671,5671,0,1,0,0,0,52,110
5672,5672,0,1,1,0,0,52,110
5673,5673,0,1,0,0,0,52,110
5674,5674,0,1,0,0,0,52,110
5675,5675,0,1,0,0,0,52,110
5676,5676,0,1,1,0,0,52,110
5677,5677,0,1,0,0,1,52,110
5678,5678,0,1,0,0,1,52,110
5679,5679,0,1,0,0,1,52,110
5680,5680,0,1,1,0,1,52,111
5681,5681,0,1,0,0,1,52,111
5682,5682,0,1,0,0,1,52,111
5683,5683,0,1,0,0,1,52,111
5684,5684,0,1,1,0,1,52,111
5685,5685,0,1,0,0,1,52,111
5686,5686,0,1,0,0,1,52,111
5687,5687,0,1,0,0,1,52,111
5688,5688,0,1,1,0,1,52,111
5689,5689,0,1,0,0,0,52,111
5690,5690,0,1,0,0,0,52,111
5691,5691,0,1,0,0,0,53,111
5692,5692,0,1,1,0,0,53,111
5693,5693,0,1,0,0,0,53,111
5694,5694,0,1,0,0,0,53,111
5695,5695,0,1,0,0,0,53,111
5696,5696,0,1,1,1,0,53,111
5697,5697,0,1,0,1,1,53,111
5698,5698,0,1,0,1,1,53,111
5699,5699,0,1,0,1,1,53,111
5700,5700,0,1,1,1,1,53,112
5701,5701,0,1,0,1,1,53,112
5702,5702,0,1,0,1,1,53,112
5703,5703,0,1,0,1,1,53,112
5704,5704,0,1,1,1,1,53,112
5705,5705,0,1,0,1,1,53,112
5706,5706,0,1,0,1,1,53,112
5707,5707,0,1,0,1,1,53,112
5708,5708,0,1,1,1,1,53,112
5709,5709,0,1,0,1,1,53,112
5710,5710,0,1,0,1,1,53,112
5711,5711,0,1,0,1,1,54,112
5712,5712,0,1,1,1,1,54,112
5713,5713,0,1,0,1,0,54,112
5714,5714,0,1,0,1,0,54,112
5715,5715,0,1,0,1,0,54,112
5716,5716,0,1,1,0,0,54,112
5717,5717,0,1,0,0,1,54,112
5718,5718,0,1,0,0,1,54,112
5719,5719,0,1,0,0,1,54,112
5720,5720,0,1,1,0,1,54,113
5721,5721,0,1,0,0,0,54,113
5722,5722,0,1,0,0,0,54,113
5723,5723,0,1,0,0,0,54,113
5724,5724,0,1,1,0,0,54,113
5725,5725,0,1,0,0,1,54,113
5726,5726,0,1,0,0,1,54,113
5727,5727,0,1,0,0,1,54,113
5728,5728,0,1,1,0,1,54,113
5729,5729,0,1,0,0,0,54,113
5730,5730,0,1,0,0,0,54,113
5731,5731,0,1,0,0,0,55,113
5732,5732,0,1,1,0,0,55,113
5733,5733,0,1,0,0,0,55,113
5734,5734,0,1,0,0,0,55,113
5735,5735,0,1,0,0,0,55,113
5736,5736,0,1,1,0,0,55,113
5737,5737,0,1,0,0,1,55,113
5738,5738,0,1,0,0,1,55,113
5739,5739,0,1,0,0,1,55,113
5740,5740,0,1,1,0,1,55,114
5741,5741,0,1,0,0,0,55,114
5742,5742,0,1,0,0,0,55,114
5743,5743,0,1,0,0,0,55,114
5744,5744,0,1,1,0,0,55,114
5745,5745,0,1,0,0,0,55,114
5746,5746,0,1,0,0,0,55,114
5747,5747,0,1,0,0,0,55,114
5748,5748,0,1,1,0,0,55,114
5749,5749,0,1,0,0,1,55,114
5750,5750,0,1,0,0,1,55,114
5751,5751,0,1,0,0,1,55,114
5752,5752,0,1,1,0,1,55,114
5753,5753,0,1,0,0,1,55,114
5754,5754,0,1,0,0,1,55,114
5755,5755,0,1,0,0,1,55,114
5756,5756,0,1,1,0,1,55,114
5757,5757,0,1,0,0,1,55,114
5758,5758,0,1,0,0,1,55,114
5759,5759,0,1,0,0,1,55,114
5760,5760,0,1,1,0,1,55,115
5761,5761,0,1,0,0,1,55,115
5762,5762,0,1,0,0,1,55,115
5763,5763,0,1,0,0,1,55,115
5764,5764,0,1,1,0,1,55,115
5765,5765,0,1,0,0,0,55,115
5766,5766,0,1,0,0,0,55,115
5767,5767,0,1,0,0,0,55,115
5768,5768,0,1,1,0,0,55,115
5769,5769,0,1,0,0,1,55,115
5770,5770,0,1,0,0,1,55,115
5771,5771,0,1,0,0,1,55,115
5772,5772,0,1,1,0,1,55,115
5773,5773,0,1,0,0,1,55,115
5774,5774,0,1,0,0,1,55,115
5775,5775,0,1,0,0,1,55,115
5776,5776,0,1,1,0,1,55,115
5777,5777,0,1,0,0,0,55,115
5778,5778,0,1,0,0,0,55,115
5779,5779,0,1,0,0,0,55,115
5780,5780,0,1,1,0,0,55,116
5781,5781,0,1,0,0,0,55,116
5782,5782,0,1,0,0,0,55,116
5783,5783,0,1,0,0,0,55,116
5784,5784,0,1,1,0,0,55,116
5785,5785,0,1,0,0,1,55,116
5786,5786,0,1,0,0,1,55,116
5787,5787,0,1,0,0,1,55,116
5788,5788,0,1,1,0,1,55,116
5789,5789,0,1,0,0,1,55,116
5790,5790,0,1,0,0,1,55,116
5791,5791,0,1,0,0,1,55,116
5792,5792,0,1,1,0,1,55,116
5793,5793,0,1,0,0,1,55,116
5794,5794,0,1,0,0,1,55,116
5795,5795,0,1,0,0,1,55,116
5796,5796,0,1,1,1,1,55,116
5797,5797,0,1,0,1,0,55,116
5798,5798,0,1,0,1,0,55,116
5799,5799,0,1,0,1,0,55,116
5800,5800,0,1,1,1,0,55,117
5801,5801,0,1,0,1,0,55,117
5802,5802,0,1,0,1,0,55,117
5803,5803,0,1,0,1,0,55,117
5804,5804,0,1,1,1,0,55,117
5805,5805,0,1,0,1,0,55,117
5806,5806,0,1,0,1,0,55,117
5807,5807,0,1,0,1,0,55,117
5808,5808,0,1,1,1,0,55,117
5809,5809,0,1,0,1,1,55,117
5810,5810,0,1,0,1,1,55,117
5811,5811,0,1,0,1,1,56,117
5812,5812,0,1,1,1,1,56,117
5813,5813,0,1,0,1,0,56,117
5814,5814,0,1,0,1,0,56,117
5815,5815,0,1,0,1,0,56,117
5816,5816,0,1,1,0,0,56,117
5817,5817,0,1,0,0,0,56,117
5818,5818,0,1,0,0,0,56,117
5819,5819,0,1,0,0,0,56,117
5820,5820,0,1,1,0,0,56,118
5821,5821,0,1,0,0,1,56,118
5822,5822,0,1,0,0,1,56,118
5823,5823,0,1,0,0,1,56,118
5824,5824,0,1,1,0,1,56,118
5825,5825,0,1,0,0,1,56,118
5826,5826,0,1,0,0,1,56,118
5827,5827,0,1,0,0,1,56,118
5828,5828,0,1,1,0,1,56,118
5829,5829,0,1,0,0,1,56,118
5830,5830,0,1,0,0,1,56,118
5831,5831,0,1,0,0,1,56,118
5832,5832,0,1,1,0,1,56,118
5833,5833,0,1,0,0,0,56,118
5834,5834,0,1,0,0,0,56,118
5835,5835,0,1,0,0,0,56,118
5836,5836,0,1,1,0,0,56,118
5837,5837,0,1,0,0,1,56,118
5838,5838,0,1,0,0,1,56,118
5839,5839,0,1,0,0,1,56,118
5840,5840,0,1,1,0,1,56,119
5841,5841,0,1,0,0,1,56,119
5842,5842,0,1,0,0,1,56,119
5843,5843,0,1,0,0,1,56,119
5844,5844,0,1,1,0,1,56,119
5845,5845,0,1,0,0,1,56,119
5846,5846,0,1,0,0,1,56,119
5847,5847,0,1,0,0,1,56,119
5848,5848,0,1,1,0,1,56,119
5849,5849,0,1,0,0,1,56,119
5850,5850,0,1,0,0,1,56,119
5851,5851,0,1,0,0,1,56,119
5852,5852,0,1,1,0,1,56,119
5853,5853,0,1,0,0,1,56,119
5854,5854,0,1,0,0,1,56,119
5855,5855,0,1,0,0,1,56,119
5856,5856,0,1,1,1,1,56,119
5857,5857,0,1,0,1,1,56,119
5858,5858,0,1,0,1,1,56,119
5859,5859,0,1,0,1,1,56,119
5860,5860,0,1,1,1,1,56,120
5861,5861,0,1,0,1,0,56,120
5862,5862,0,1,0,1,0,56,120
5863,5863,0,1,0,1,0,56,120
5864,5864,0,1,1,1,0,56,120
5865,5865,0,1,0,1,0,56,120
5866,5866,0,1,0,1,0,56,120
5867,5867,0,1,0,1,0,56,120
5868,5868,0,1,1,1,0,56,120
5869,5869,0,1,0,1,0,56,120
5870,5870,0,1,0,1,0,56,120
5871,5871,0,1,0,1,0,56,120
5872,5872,0,1,1,1,0,56,120
5873,5873,0,1,0,1,0,56,120
5874,5874,0,1,0,1,0,56,120
5875,5875,0,1,0,1,0,56,120
5876,5876,0,1,1,0,0,56,120
5877,5877,0,1,0,0,1,56,120
5878,5878,0,1,0,0,1,56,120
5879,5879,0,1,0,0,1,56,120
5880,5880,0,1,1,0,1,56,121
5881,5881,0,1,0,0,1,56,121
5882,5882,0,1,0,0,1,56,121
5883,5883,0,1,0,0,1,56,121
5884,5884,0,1,1,0,1,56,121
5885,5885,0,1,0,0,1,56,121
5886,5886,0,1,0,0,1,56,121
5887,5887,0,1,0,0,1,56,121
5888,5888,0,1,1,0,1,56,121
5889,5889,0,1,0,0,1,56,121
5890,5890,0,1,0,0,1,56,121
5891,5891,0,1,0,0,1,56,121
5892,5892,0,1,1,0,1,56,121
5893,5893,0,1,0,0,1,56,121
5894,5894,0,1,0,0,1,56,121
5895,5895,0,1,0,0,1,56,121
5896,5896,0,1,1,1,1,56,121
5897,5897,0,1,0,1,1,56,121
5898,5898,0,1,0,1,1,56,121
5899,5899,0,1,0,1,1,56,121
5900,5900,0,1,1,1,1,56,122
5901,5901,0,1,0,1,0,56,122
5902,5902,0,1,0,1,0,56,122
5903,5903,0,1,0,1,0,56,122
5904,5904,0,1,1,1,0,56,122
5905,5905,0,1,0,1,0,56,122
5906,5906,0,1,0,1,0,56,122
5907,5907,0,1,0,1,0,56,122
5908,5908,0,1,1,1,0,56,122
5909,5909,0,1,0,1,1,56,122
5910,5910,0,1,0,1,1,56,122
5911,5911,0,1,0,1,1,57,122
5912,5912,0,1,1,1,1,57,122
5913,5913,0,1,0,1,1,57,122
5914,5914,0,1,0,1,1,57,122
5915,5915,0,1,0,1,1,57,122
5916,5916,0,1,1,1,1,57,122
5917,5917,0,1,0,1,0,57,122
5918,5918,0,1,0,1,0,57,122
5919,5919,0,1,0,1,0,57,122
5920,5920,0,1,1,1,0,57,123
5921,5921,0,1,0,1,0,57,123
5922,5922,0,1,0,1,0,57,123
5923,5923,0,1,0,1,0,57,123
5924,5924,0,1,1,1,0,57,123
5925,5925,0,1,0,1,0,57,123
5926,5926,0,1,0,1,0,57,123
5927,5927,0,1,0,1,0,57,123
5928,5928,0,1,1,1,0,57,123
5929,5929,0,1,0,1,1,57,123
5930,5930,0,1,0,1,1,57,123
5931,5931,0,1,0,1,1,58,123
5932,5932,0,1,1,1,1,58,123
5933,5933,0,1,0,1,0,58,123
5934,5934,0,1,0,1,0,58,123
5935,5935,0,1,0,1,0,58,123
5936,5936,0,1,1,0,0,58,123
5937,5937,0,1,0,0,1,58,123
5938,5938,0,1,0,0,1,58,123
5939,5939,0,1,0,0,1,58,123
5940,5940,0,1,1,0,1,58,124
5941,5941,0,1,0,0,1,58,124
5942,5942,0,1,0,0,1,58,124
5943,5943,0,1,0,0,1,58,124
5944,5944,0,1,1,0,1,58,124
5945,5945,0,1,0,0,1,58,124
5946,5946,0,1,0,0,1,58,124
5947,5947,0,1,0,0,1,58,124
5948,5948,0,1,1,0,1,58,124
5949,5949,0,1,0,0,0,58,124
5950,5950,0,1,0,0,0,58,124
5951,5951,0,1,0,0,0,59,124
5952,5952,0,1,1,0,0,59,124
5953,5953,0,1,0,0,1,59,124
5954,5954,0,1,0,0,1,59,124
5955,5955,0,1,0,0,1,59,124
5956,5956,0,1,1,0,1,59,124
5957,5957,0,1,0,0,0,59,124
5958,5958,0,1,0,0,0,59,124
5959,5959,0,1,0,0,0,59,124
5960,5960,0,1,1,0,0,59,125
5961,5961,0,1,0,0,1,59,125
5962,5962,0,1,0,0,1,59,125
5963,5963,0,1,0,0,1,59,125
5964,5964,0,1,1,0,1,59,125
5965,5965,0,1,0,0,1,59,125
5966,5966,0,1,0,0,1,59,125
5967,5967,0,1,0,0,1,59,125
5968,5968,0,1,1,0,1,59,125
5969,5969,0,1,0,0,1,59,125
5970,5970,0,1,0,0,1,59,125
5971,5971,0,1,0,0,1,59,125
5972,5972,0,1,1,0,1,59,125
5973,5973,0,1,0,0,1,59,125
5974,5974,0,1,0,0,1,59,125
5975,5975,0,1,0,0,1,59,125
5976,5976,0,1,1,1,1,59,125
5977,5977,0,1,0,1,1,59,125
5978,5978,0,1,0,1,1,59,125
5979,5979,0,1,0,1,1,59,125
5980,5980,0,1,1,1,1,59,126
5981,5981,0,1,0,1,1,59,126
5982,5982,0,1,0,1,1,59,126
5983,5983,0,1,0,1,1,59,126
5984,5984,0,1,1,1,1,59,126
5985,5985,0,1,0,1,0,59,126
5986,5986,0,1,0,1,0,59,126
5987,5987,0,1,0,1,0,59,126
5988,5988,0,1,1,1,0,59,126
5989,5989,0,1,0,1,0,59,126
5990,5990,0,1,0,1,0,59,126
5991,5991,0,1,0,1,0,59,126
5992,5992,0,1,1,1,0,59,126
5993,5993,0,1,0,1,0,59,126
5994,5994,0,1,0,1,0,59,126
5995,5995,0,1,0,1,0,59,126
5996,5996,0,1,1,0,0,59,126
5997,5997,0,1,0,0,1,59,126
5998,5998,0,1,0,0,1,59,126
5999,5999,0,1,0,0,1,59,126
6000,6000,0,1,1,0,1,59,127
6001,6001,0,1,0,0,1,59,127
6002,6002,0,1,0,0,1,59,127
6003,6003,0,1,0,0,1,59,127
6004,6004,0,1,1,0,1,59,127
6005,6005,0,1,0,0,1,59,127
6006,6006,0,1,0,0,1,59,127
6007,6007,0,1,0,0,1,59,127
6008,6008,0,1,1,0,1,59,127
6009,6009,0,1,0,0,1,59,127
6010,6010,0,1,0,0,1,59,127
6011,6011,0,1,0,0,1,59,127
6012,6012,0,1,1,0,1,59,127
6013,6013,0,1,0,0,0,59,127
6014,6014,0,1,0,0,0,59,127
6015,6015,0,1,0,0,0,59,127
6016,6016,0,1,1,1,0,59,127
6017,6017,0,1,0,1,1,59,127
6018,6018,0,1,0,1,1,59,127
6019,6019,0,1,0,1,1,59,127
6020,6020,0,1,1,1,1,59,128
6021,6021,0,1,0,1,0,59,128
6022,6022,0,1,0,1,0,59,128
6023,6023,0,1,0,1,0,59,128
6024,6024,0,1,1,1,0,59,128
6025,6025,0,1,0,1,1,59,128
6026,6026,0,1,0,1,1,59,128
6027,6027,0,1,0,1,1,59,128
6028,6028,0,1,1,1,1,59,128
6029,6029,0,1,0,1,0,59,128
6030,6030,0,1,0,1,0,59,128
6031,6031,0,1,0,1,0,59,128
6032,6032,0,1,1,1,0,59,128
6033,6033,0,1,0,1,1,59,128
6034,6034,0,1,0,1,1,59,128
6035,6035,0,1,0,1,1,59,128
6036,6036,0,1,1,1,1,59,128
6037,6037,0,1,0,1,0,59,128
6038,6038,0,1,0,1,0,59,128
6039,6039,0,1,0,1,0,59,128
6040,6040,0,1,1,1,0,59,129
6041,6041,0,1,0,1,0,59,129
6042,6042,0,1,0,1,0,59,129
6043,6043,0,1,0,1,0,59,129
6044,6044,0,1,1,1,0,59,129
6045,6045,0,1,0,1,0,59,129
6046,6046,0,1,0,1,0,59,129
6047,6047,0,1,0,1,0,59,129
6048,6048,0,1,1,1,0,59,129
6049,6049,0,1,0,1,0,59,129
6050,6050,0,1,0,1,0,59,129
6051,6051,0,1,0,1,0,59,129
6052,6052,0,1,1,1,0,59,129
6053,6053,0,1,0,1,1,59,129
6054,6054,0,1,0,1,1,59,129
6055,6055,0,1,0,1,1,59,129
6056,6056,0,1,1,0,1,59,129
6057,6057,0,1,0,0,1,59,129
6058,6058,0,1,0,0,1,59,129
6059,6059,0,1,0,0,1,59,129
6060,6060,0,1,1,0,1,59,130
6061,6061,0,1,0,0,1,59,130
6062,6062,0,1,0,0,1,59,130
6063,6063,0,1,0,0,1,59,130
6064,6064,0,1,1,0,1,59,130
6065,6065,0,1,0,0,1,59,130
6066,6066,0,1,0,0,1,59,130
6067,6067,0,1,0,0,1,59,130
6068,6068,0,1,1,0,1,59,130
6069,6069,0,1,0,0,1,59,130
6070,6070,0,1,0,0,1,59,130
6071,6071,0,1,0,0,1,59,130
6072,6072,0,1,1,0,1,59,130
6073,6073,0,1,0,0,1,59,130
6074,6074,0,1,0,0,1,59,130
6075,6075,0,1,0,0,1,59,130
6076,6076,0,1,1,0,1,59,130
6077,6077,0,1,0,0,1,59,130
6078,6078,0,1,0,0,1,59,130
6079,6079,0,1,0,0,1,59,130
6080,6080,0,1,1,0,1,59,131
6081,6081,0,1,0,0,1,59,131
6082,6082,0,1,0,0,1,59,131
6083,6083,0,1,0,0,1,59,131
6084,6084,0,1,1,0,1,59,131
6085,6085,0,1,0,0,0,59,131
6086,6086,0,1,0,0,0,59,131
6087,6087,0,1,0,0,0,59,131
6088,6088,0,1,1,0,0,59,131
6089,6089,0,1,0,0,1,59,131
6090,6090,0,1,0,0,1,59,131
6091,6091,0,1,0,0,1,59,131
6092,6092,0,1,1,0,1,59,131
6093,6093,0,1,0,0,1,59,131
6094,6094,0,1,0,0,1,59,131
6095,6095,0,1,0,0,1,59,131
6096,6096,0,1,1,1,1,59,131
6097,6097,0,1,0,1,1,59,131
6098,6098,0,1,0,1,1,59,131
6099,6099,0,1,0,1,1,59,131
6100,6100,0,1,1,1,1,59,132
6101,6101,0,1,0,1,0,59,132
6102,6102,0,1,0,1,0,59,132
6103,6103,0,1,0,1,0,59,132
6104,6104,0,1,1,1,0,59,132
6105,6105,0,1,0,1,1,59,132
6106,6106,0,1,0,1,1,59,132
6107,6107,0,1,0,1,1,59,132
6108,6108,0,1,1,1,1,59,132
6109,6109,0,1,0,1,1,59,132
6110,6110,0,1,0,1,1,59,132
6111,6111,0,1,0,1,1,60,132
6112,6112,0,1,1,1,1,60,132
6113,6113,0,1,0,1,0,60,132
6114,6114,0,1,0,1,0,60,132
6115,6115,0,1,0,1,0,60,132
6116,6116,0,1,1,1,0,60,132
6117,6117,0,1,0,1,0,60,132
6118,6118,0,1,0,1,0,60,132
6119,6119,0,1,0,1,0,60,132
6120,6120,0,1,1,1,0,60,133
6121,6121,0,1,0,1,0,60,133
6122,6122,0,1,0,1,0,60,133
6123,6123,0,1,0,1,0,60,133
6124,6124,0,1,1,1,0,60,133
6125,6125,0,1,0,1,1,60,133
6126,6126,0,1,0,1,1,60,133
6127,6127,0,1,0,1,1,60,133
6128,6128,0,1,1,1,1,60,133
6129,6129,0,1,0,1,0,60,133
6130,6130,0,1,0,1,0,60,133
6131,6131,0,1,0,1,0,60,133
6132,6132,0,1,1,1,0,60,133
6133,6133,0,1,0,1,0,60,133
6134,6134,0,1,0,1,0,60,133
6135,6135,0,1,0,1,0,60,133
6136,6136,0,1,1,1,0,60,133
6137,6137,0,1,0,1,0,60,133
6138,6138,0,1,0,1,0,60,133
6139,6139,0,1,0,1,0,60,133
6140,6140,0,1,1,1,0,60,134
6141,6141,0,1,0,1,0,60,134
6142,6142,0,1,0,1,0,60,134
6143,6143,0,1,0,1,0,60,134
6144,6144,0,1,1,1,0,60,134
6145,6145,0,1,0,1,1,60,134
6146,6146,0,1,0,1,1,60,134
6147,6147,0,1,0,1,1,60,134
6148,6148,0,1,1,1,1,60,134
6149,6149,0,1,0,1,1,60,134
6150,6150,0,1,0,1,1,60,134
6151,6151,0,1,0,1,1,61,134
6152,6152,0,1,1,1,1,61,134
6153,6153,0,1,0,1,0,61,134
6154,6154,0,1,0,1,0,61,134
6155,6155,0,1,0,1,0,61,134
6156,6156,0,1,1,1,0,61,134
6157,6157,0,1,0,1,1,61,134
6158,6158,0,1,0,1,1,61,134
6159,6159,0,1,0,1,1,61,134
6160,6160,0,1,1,1,1,61,135
6161,6161,0,1,0,1,0,61,135
6162,6162,0,1,0,1,0,61,135
6163,6163,0,1,0,1,0,61,135
6164,6164,0,1,1,1,0,61,135
6165,6165,0,1,0,1,1,61,135
6166,6166,0,1,0,1,1,61,135
6167,6167,0,1,0,1,1,61,135
6168,6168,0,1,1,1,1,61,135
6169,6169,0,1,0,1,1,61,135
6170,6170,0,1,0,1,1,61,135
6171,6171,0,1,0,1,1,62,135
6172,6172,0,1,1,1,1,62,135
6173,6173,0,1,0,1,0,62,135
6174,6174,0,1,0,1,0,62,135
6175,6175,0,1,0,1,0,62,135
6176,6176,0,1,1,1,0,62,135
6177,6177,0,1,0,1,0,62,135
6178,6178,0,1,0,1,0,62,135
6179,6179,0,1,0,1,0,62,135
6180,6180,0,1,1,1,0,62,136
6181,6181,0,1,0,1,1,62,136
6182,6182,0,1,0,1,1,62,136
6183,6183,0,1,0,1,1,62,136
6184,6184,0,1,1,1,1,62,136
6185,6185,0,1,0,1,0,62,136
6186,6186,0,1,0,1,0,62,136
6187,6187,0,1,0,1,0,62,136
6188,6188,0,1,1,1,0,62,136
6189,6189,0,1,0,1,1,62,136
6190,6190,0,1,0,1,1,62,136
6191,6191,0,1,0,1,1,63,136
6192,6192,0,1,1,1,1,63,136
6193,6193,0,1,0,1,0,63,136
6194,6194,0,1,0,1,0,63,136
6195,6195,0,1,0,1,0,63,136
6196,6196,0,1,1,0,0,63,136
6197,6197,0,1,0,0,0,63,136
6198,6198,0,1,0,0,0,63,136
6199,6199,0,1,0,0,0,63,136
6200,6200,0,1,1,0,0,63,137
6201,6201,0,1,0,0,0,63,137
6202,6202,0,1,0,0,0,63,137
6203,6203,0,1,0,0,0,63,137
6204,6204,0,1,1,0,0,63,137
6205,6205,0,1,0,0,1,63,137
6206,6206,0,1,0,0,1,63,137
6207,6207,0,1,0,0,1,63,137
6208,6208,0,1,1,0,1,63,137
6209,6209,0,1,0,0,0,63,137
6210,6210,0,1,0,0,0,63,137
6211,6211,0,1,0,0,0,64,137
6212,6212,0,1,1,0,0,64,137
6213,6213,0,1,0,0,0,64,137
6214,6214,0,1,0,0,0,64,137
6215,6215,0,1,0,0,0,64,137
6216,6216,0,1,1,0,0,64,137
6217,6217,0,1,0,0,1,64,137
6218,6218,0,1,0,0,1,64,137
6219,6219,0,1,0,0,1,64,137
6220,6220,0,1,1,0,1,64,138
6221,6221,0,1,0,0,1,64,138
6222,6222,0,1,0,0,1,64,138
6223,6223,0,1,0,0,1,64,138
6224,6224,0,1,1,0,1,64,138
6225,6225,0,1,0,0,1,64,138
6226,6226,0,1,0,0,1,64,138
6227,6227,0,1,0,0,1,64,138
6228,6228,0,1,1,0,1,64,138
6229,6229,0,1,0,0,1,64,138
6230,6230,0,1,0,0,1,64,138
6231,6231,0,1,0,0,1,64,138
6232,6232,0,1,1,0,1,64,138
6233,6233,0,1,0,0,1,64,138
6234,6234,0,1,0,0,1,64,138
6235,6235,0,1,0,0,1,64,138
6236,6236,0,1,1,1,1,64,138
6237,6237,0,1,0,1,1,64,138
6238,6238,0,1,0,1,1,64,138
6239,6239,0,1,0,1,1,64,138
6240,6240,0,1,1,1,1,64,139
6241,6241,0,1,0,1,1,64,139
6242,6242,0,1,0,1,1,64,139
6243,6243,0,1,0,1,1,64,139
6244,6244,0,1,1,1,1,64,139
6245,6245,0,1,0,1,0,64,139
6246,6246,0,1,0,1,0,64,139
6247,6247,0,1,0,1,0,64,139
6248,6248,0,1,1,1,0,64,139
6249,6249,0,1,0,1,1,64,139
6250,6250,0,1,0,1,1,64,139
6251,6251,0,1,0,1,1,65,139
6252,6252,0,1,1,1,1,65,139
6253,6253,0,1,0,1,1,65,139
6254,6254,0,1,0,1,1,65,139
6255,6255,0,1,0,1,1,65,139
6256,6256,0,1,1,0,1,65,139
6257,6257,0,1,0,0,0,65,139
6258,6258,0,1,0,0,0,65,139
6259,6259,0,1,0,0,0,65,139
6260,6260,0,1,1,0,0,65,140
6261,6261,0,1,0,0,0,65,140
6262,6262,0,1,0,0,0,65,140
6263,6263,0,1,0,0,0,65,140
6264,6264,0,1,1,0,0,65,140
6265,6265,0,1,0,0,1,65,140
6266,6266,0,1,0,0,1,65,140
6267,6267,0,1,0,0,1,65,140
6268,6268,0,1,1,0,1,65,140
6269,6269,0,1,0,0,0,65,140
6270,6270,0,1,0,0,0,65,140
6271,6271,0,1,0,0,0,66,140
6272,6272,0,1,1,0,0,66,140
6273,6273,0,1,0,0,1,66,140
6274,6274,0,1,0,0,1,66,140
6275,6275,0,1,0,0,1,66,140
6276,6276,0,1,1,1,1,66,140
6277,6277,0,1,0,1,1,66,140
6278,6278,0,1,0,1,1,66,140
6279,6279,0,1,0,1,1,66,140
6280,6280,0,1,1,1,1,66,141
6281,6281,0,1,0,1,1,66,141
6282,6282,0,1,0,1,1,66,141
6283,6283,0,1,0,1,1,66,141
6284,6284,0,1,1,1,1,66,141
6285,6285,0,1,0,1,0,66,141
6286,6286,0,1,0,1,0,66,141
6287,6287,0,1,0,1,0,66,141
6288,6288,0,1,1,1,0,66,141
6289,6289,0,1,0,1,1,66,141
6290,6290,0,1,0,1,1,66,141
6291,6291,0,1,0,1,1,67,141
6292,6292,0,1,1,1,1,67,141
6293,6293,0,1,0,1,1,67,141
6294,6294,0,1,0,1,1,67,141
6295,6295,0,1,0,1,1,67,141
6296,6296,0,1,1,0,1,67,141
6297,6297,0,1,0,0,0,67,141
6298,6298,0,1,0,0,0,67,141
6299,6299,0,1,0,0,0,67,141
6300,6300,0,1,1,0,0,67,142
6301,6301,0,1,0,0,0,67,142
6302,6302,0,1,0,0,0,67,142
6303,6303,0,1,0,0,0,67,142
6304,6304,0,1,1,0,0,67,142
6305,6305,0,1,0,0,0,67,142
6306,6306,0,1,0,0,0,67,142
6307,6307,0,1,0,0,0,67,142
6308,6308,0,1,1,0,0,67,142
6309,6309,0,1,0,0,1,67,142
6310,6310,0,1,0,0,1,67,142
6311,6311,0,1,0,0,1,67,142
6312,6312,0,1,1,0,1,67,142
6313,6313,0,1,0,0,0,67,142
6314,6314,0,1,0,0,0,67,142
6315,6315,0,1,0,0,0,67,142
6316,6316,0,1,1,0,0,67,142
6317,6317,0,1,0,0,0,67,142
6318,6318,0,1,0,0,0,67,142
6319,6319,0,1,0,0,0,67,142
6320,6320,0,1,1,0,0,67,143
6321,6321,0,1,0,0,0,67,143
6322,6322,0,1,0,0,0,67,143
6323,6323,0,1,0,0,0,67,143
6324,6324,0,1,1,0,0,67,143
6325,6325,0,1,0,0,1,67,143
6326,6326,0,1,0,0,1,67,143
6327,6327,0,1,0,0,1,67,143
6328,6328,0,1,1,0,1,67,143
6329,6329,0,1,0,0,0,67,143
6330,6330,0,1,0,0,0,67,143
6331,6331,0,1,0,0,0,68,143
6332,6332,0,1,1,0,0,68,143
6333,6333,0,1,0,0,0,68,143
6334,6334,0,1,0,0,0,68,143
6335,6335,0,1,0,0,0,68,143
6336,6336,0,1,1,1,0,68,143
6337,6337,0,1,0,1,1,68,143
6338,6338,0,1,0,1,1,68,143
6339,6339,0,1,0,1,1,68,143
6340,6340,0,1,1,1,1,68,144
6341,6341,0,1,0,1,0,68,144
6342,6342,0,1,0,1,0,68,144
6343,6343,0,1,0,1,0,68,144
6344,6344,0,1,1,1,0,68,144
6345,6345,0,1,0,1,1,68,144
6346,6346,0,1,0,1,1,68,144
6347,6347,0,1,0,1,1,68,144
6348,6348,0,1,1,1,1,68,144
6349,6349,0,1,0,1,1,68,144
6350,6350,0,1,0,1,1,68,144
6351,6351,0,1,0,1,1,69,144
6352,6352,0,1,1,1,1,69,144
6353,6353,0,1,0,1,0,69,144
6354,6354,0,1,0,1,0,69,144
6355,6355,0,1,0,1,0,69,144
6356,6356,0,1,1,0,0,69,144
6357,6357,0,1,0,0,1,69,144
6358,6358,0,1,0,0,1,69,144
6359,6359,0,1,0,0,1,69,144
6360,6360,0,1,1,0,1,69,145
6361,6361,0,1,0,0,1,69,145
6362,6362,0,1,0,0,1,69,145
6363,6363,0,1,0,0,1,69,145
6364,6364,0,1,1,0,1,69,145
6365,6365,0,1,0,0,1,69,145
6366,6366,0,1,0,0,1,69,145
6367,6367,0,1,0,0,1,69,145
6368,6368,0,1,1,0,1,69,145
6369,6369,0,1,0,0,0,69,145
6370,6370,0,1,0,0,0,69,145
6371,6371,0,1,0,0,0,70,145
6372,6372,0,1,1,0,0,70,145
6373,6373,0,1,0,0,1,70,145
6374,6374,0,1,0,0,1,70,145
6375,6375,0,1,0,0,1,70,145
6376,6376,0,1,1,0,1,70,145
6377,6377,0,1,0,0,1,70,145
6378,6378,0,1,0,0,1,70,145
6379,6379,0,1,0,0,1,70,145
6380,6380,0,1,1,0,1,70,146
6381,6381,0,1,0,0,1,70,146
6382,6382,0,1,0,0,1,70,146
6383,6383,0,1,0,0,1,70,146
6384,6384,0,1,1,0,1,70,146
6385,6385,0,1,0,0,1,70,146
6386,6386,0,1,0,0,1,70,146
6387,6387,0,1,0,0,1,70,146
6388,6388,0,1,1,0,1,70,146
6389,6389,0,1,0,0,1,70,146
6390,6390,0,1,0,0,1,70,146
6391,6391,0,1,0,0,1,70,146
6392,6392,0,1,1,0,1,70,146
6393,6393,0,1,0,0,0,70,146
6394,6394,0,1,0,0,0,70,146
6395,6395,0,1,0,0,0,70,146
6396,6396,0,1,1,1,0,70,146
6397,6397,0,1,0,1,1,70,146
6398,6398,0,1,0,1,1,70,146
6399,6399,0,1,0,1,1,70,146
6400,6400,0,1,1,1,1,70,147
6401,6401,0,1,0,1,0,70,147
6402,6402,0,1,0,1,0,70,147
6403,6403,0,1,0,1,0,70,147
6404,6404,0,1,1,1,0,70,147
6405,6405,0,1,0,1,0,70,147
6406,6406,0,1,0,1,0,70,147
6407,6407,0,1,0,1,0,70,147
6408,6408,0,1,1,1,0,70,147
6409,6409,0,1,0,1,1,70,147
6410,6410,0,1,0,1,1,70,147
6411,6411,0,1,0,1,1,71,147
6412,6412,0,1,1,1,1,71,147
6413,6413,0,1,0,1,0,71,147
6414,6414,0,1,0,1,0,71,147
6415,6415,0,1,0,1,0,71,147
6416,6416,0,1,1,1,0,71,147
6417,6417,0,1,0,1,1,71,147
6418,6418,0,1,0,1,1,71,147
6419,6419,0,1,0,1,1,71,147
6420,6420,0,1,1,1,1,71,148
6421,6421,0,1,0,1,0,71,148
6422,6422,0,1,0,1,0,71,148
6423,6423,0,1,0,1,0,71,148
6424,6424,0,1,1,1,0,71,148
6425,6425,0,1,0,1,1,71,148
6426,6426,0,1,0,1,1,71,148
6427,6427,0,1,0,1,1,71,148
6428,6428,0,1,1,1,1,71,148
6429,6429,0,1,0,1,1,71,148
6430,6430,0,1,0,1,1,71,148
6431,6431,0,1,0,1,1,72,148
6432,6432,0,1,1,1,1,72,148
6433,6433,0,1,0,1,0,72,148
6434,6434,0,1,0,1,0,72,148
6435,6435,0,1,0,1,0,72,148
6436,6436,0,1,1,1,0,72,148
6437,6437,0,1,0,1,1,72,148
6438,6438,0,1,0,1,1,72,148
6439,6439,0,1,0,1,1,72,148
6440,6440,0,1,1,1,1,72,149
6441,6441,0,1,0,1,0,72,149
6442,6442,0,1,0,1,0,72,149
6443,6443,0,1,0,1,0,72,149
6444,6444,0,1,1,1,0,72,149
6445,6445,0,1,0,1,1,72,149
6446,6446,0,1,0,1,1,72,149
6447,6447,0,1,0,1,1,72,149
6448,6448,0,1,1,1,1,72,149
6449,6449,0,1,0,1,0,72,149
6450,6450,0,1,0,1,0,72,149
6451,6451,0,1,0,1,0,72,149
6452,6452,0,1,1,1,0,72,149
6453,6453,0,1,0,1,1,72,149
6454,6454,0,1,0,1,1,72,149
6455,6455,0,1,0,1,1,72,149
6456,6456,0,1,1,0,1,72,149
6457,6457,0,1,0,0,1,72,149
6458,6458,0,1,0,0,1,72,149
6459,6459,0,1,0,0,1,72,149
6460,6460,0,1,1,0,1,72,150
6461,6461,0,1,0,0,0,72,150
6462,6462,0,1,0,0,0,72,150
6463,6463,0,1,0,0,0,72,150
6464,6464,0,1,1,0,0,72,150
6465,6465,0,1,0,0,0,72,150
6466,6466,0,1,0,0,0,72,150
6467,6467,0,1,0,0,0,72,150
6468,6468,0,1,1,0,0,72,150
6469,6469,0,1,0,0,1,72,150
6470,6470,0,1,0,0,1,72,150
6471,6471,0,1,0,0,1,72,150
6472,6472,0,1,1,0,1,72,150
6473,6473,0,1,0,0,1,72,150
6474,6474,0,1,0,0,1,72,150
6475,6475,0,1,0,0,1,72,150
6476,6476,0,1,1,0,1,72,150
6477,6477,0,1,0,0,1,72,150
6478,6478,0,1,0,0,1,72,150
6479,6479,0,1,0,0,1,72,150
6480,6480,0,1,1,0,1,72,151
6481,6481,0,1,0,0,1,72,151
6482,6482,0,1,0,0,1,72,151
6483,6483,0,1,0,0,1,72,151
6484,6484,0,1,1,0,1,72,151
6485,6485,0,1,0,0,1,72,151
6486,6486,0,1,0,0,1,72,151
6487,6487,0,1,0,0,1,72,151
6488,6488,0,1,1,0,1,72,151
6489,6489,0,1,0,0,0,72,151
6490,6490,0,1,0,0,0,72,151
6491,6491,0,1,0,0,0,73,151
6492,6492,0,1,1,0,0,73,151
6493,6493,0,1,0,0,1,73,151
6494,6494,0,1,0,0,1,73,151
6495,6495,0,1,0,0,1,73,151
6496,6496,0,1,1,1,1,73,151
6497,6497,0,1,0,1,0,73,151
6498,6498,0,1,0,1,0,73,151
6499,6499,0,1,0,1,0,73,151
6500,6500,0,1,1,1,0,73,152
6501,6501,0,1,0,1,1,73,152
6502,6502,0,1,0,1,1,73,152
6503,6503,0,1,0,1,1,73,152
6504,6504,0,1,1,1,1,73,152
6505,6505,0,1,0,1,0,73,152
6506,6506,0,1,0,1,0,73,152
6507,6507,0,1,0,1,0,73,152
6508,6508,0,1,1,1,0,73,152
6509,6509,0,1,0,1,1,73,152
6510,6510,0,1,0,1,1,73,152
6511,6511,0,1,0,1,1,74,152
6512,6512,0,1,1,1,1,74,152
6513,6513,0,1,0,1,0,74,152
6514,6514,0,1,0,1,0,74,152
6515,6515,0,1,0,1,0,74,152
6516,6516,0,1,1,0,0,74,152
6517,6517,0,1,0,0,0,74,152
6518,6518,0,1,0,0,0,74,152
6519,6519,0,1,0,0,0,74,152
6520,6520,0,1,1,0,0,74,153
6521,6521,0,1,0,0,1,74,153
6522,6522,0,1,0,0,1,74,153
6523,6523,0,1,0,0,1,74,153
6524,6524,0,1,1,0,1,74,153
6525,6525,0,1,0,0,1,74,153
6526,6526,0,1,0,0,1,74,153
6527,6527,0,1,0,0,1,74,153
6528,6528,0,1,1,0,1,74,153
6529,6529,0,1,0,0,0,74,153
6530,6530,0,1,0,0,0,74,153
6531,6531,0,1,0,0,0,75,153
6532,6532,0,1,1,0,0,75,153
6533,6533,0,1,0,0,1,75,153
6534,6534,0,1,0,0,1,75,153
6535,6535,0,1,0,0,1,75,153
6536,6536,0,1,1,0,1,75,153
6537,6537,0,1,0,0,1,75,153
6538,6538,0,1,0,0,1,75,153
6539,6539,0,1,0,0,1,75,153
6540,6540,0,1,1,0,1,75,154
6541,6541,0,1,0,0,1,75,154
6542,6542,0,1,0,0,1,75,154
6543,6543,0,1,0,0,1,75,154
6544,6544,0,1,1,0,1,75,154
6545,6545,0,1,0,0,0,75,154
6546,6546,0,1,0,0,0,75,154
6547,6547,0,1,0,0,0,75,154
6548,6548,0,1,1,0,0,75,154
6549,6549,0,1,0,0,0,75,154
6550,6550,0,1,0,0,0,75,154
6551,6551,0,1,0,0,0,76,154
6552,6552,0,1,1,0,0,76,154
6553,6553,0,1,0,0,1,76,154
6554,6554,0,1,0,0,1,76,154
6555,6555,0,1,0,0,1,76,154
6556,6556,0,1,1,1,1,76,154
6557,6557,0,1,0,1,1,76,154
6558,6558,0,1,0,1,1,76,154
6559,6559,0,1,0,1,1,76,154
6560,6560,0,1,1,1,1,76,155
6561,6561,0,1,0,1,0,76,155
6562,6562,0,1,0,1,0,76,155
6563,6563,0,1,0,1,0,76,155
6564,6564,0,1,1,1,0,76,155
6565,6565,0,1,0,1,0,76,155
6566,6566,0,1,0,1,0,76,155
6567,6567,0,1,0,1,0,76,155
6568,6568,0,1,1,1,0,76,155
6569,6569,0,1,0,1,0,76,155
6570,6570,0,1,0,1,0,76,155
6571,6571,0,1,0,1,0,76,155
6572,6572,0,1,1,1,0,76,155
6573,6573,0,1,0,1,0,76,155
6574,6574,0,1,0,1,0,76,155
6575,6575,0,1,0,1,0,76,155
6576,6576,0,1,1,1,0,76,155
6577,6577,0,1,0,1,0,76,155
6578,6578,0,1,0,1,0,76,155
6579,6579,0,1,0,1,0,76,155
6580,6580,0,1,1,1,0,76,156
6581,6581,0,1,0,1,1,76,156
6582,6582,0,1,0,1,1,76,156
6583,6583,0,1,0,1,1,76,156
6584,6584,0,1,1,1,1,76,156
6585,6585,0,1,0,1,0,76,156
6586,6586,0,1,0,1,0,76,156
6587,6587,0,1,0,1,0,76,156
6588,6588,0,1,1,1,0,76,156
6589,6589,0,1,0,1,0,76,156
6590,6590,0,1,0,1,0,76,156
6591,6591,0,1,0,1,0,76,156
6592,6592,0,1,1,1,0,76,156
6593,6593,0,1,0,1,0,76,156
6594,6594,0,1,0,1,0,76,156
6595,6595,0,1,0,1,0,76,156
6596,6596,0,1,1,0,0,76,156
6597,6597,0,1,0,0,1,76,156
6598,6598,0,1,0,0,1,76,156
6599,6599,0,1,0,0,1,76,156
6600,6600,0,1,1,0,1,76,157
6601,6601,0,1,0,0,1,76,157
6602,6602,0,1,0,0,1,76,157
6603,6603,0,1,0,0,1,76,157
6604,6604,0,1,1,0,1,76,157
6605,6605,0,1,0,0,1,76,157
6606,6606,0,1,0,0,1,76,157
6607,6607,0,1,0,0,1,76,157
6608,6608,0,1,1,0,1,76,157
6609,6609,0,1,0,0,1,76,157
6610,6610,0,1,0,0,1,76,157
6611,6611,0,1,0,0,1,76,157
6612,6612,0,1,1,0,1,76,157
6613,6613,0,1,0,0,0,76,157
6614,6614,0,1,0,0,0,76,157
6615,6615,0,1,0,0,0,76,157
6616,6616,0,1,1,0,0,76,157
6617,6617,0,1,0,0,1,76,157
6618,6618,0,1,0,0,1,76,157
6619,6619,0,1,0,0,1,76,157
6620,6620,0,1,1,0,1,76,158
6621,6621,0,1,0,0,1,76,158
6622,6622,0,1,0,0,1,76,158
6623,6623,0,1,0,0,1,76,158
6624,6624,0,1,1,0,1,76,158
6625,6625,0,1,0,0,1,76,158
6626,6626,0,1,0,0,1,76,158
6627,6627,0,1,0,0,1,76,158
6628,6628,0,1,1,0,1,76,158
6629,6629,0,1,0,0,1,76,158
6630,6630,0,1,0,0,1,76,158
6631,6631,0,1,0,0,1,76,158
6632,6632,0,1,1,0,1,76,158
6633,6633,0,1,0,0,0,76,158
6634,6634,0,1,0,0,0,76,158
6635,6635,0,1,0,0,0,76,158
6636,6636,0,1,1,1,0,76,158
6637,6637,0,1,0,1,1,76,158
6638,6638,0,1,0,1,1,76,158
6639,6639,0,1,0,1,1,76,158
6640,6640,0,1,1,1,1,76,159
6641,6641,0,1,0,1,1,76,159
6642,6642,0,1,0,1,1,76,159
6643,6643,0,1,0,1,1,76,159
6644,6644,0,1,1,1,1,76,159
6645,6645,0,1,0,1,0,76,159
6646,6646,0,1,0,1,0,76,159
6647,6647,0,1,0,1,0,76,159
6648,6648,0,1,1,1,0,76,159
6649,6649,0,1,0,1,1,76,159
6650,6650,0,1,0,1,1,76,159
6651,6651,0,1,0,1,1,77,159
6652,6652,0,1,1,1,1,77,159
6653,6653,0,1,0,1,1,77,159
6654,6654,0,1,0,1,1,77,159
6655,6655,0,1,0,1,1,77,159
6656,6656,0,1,1,0,1,77,159
6657,6657,0,1,0,0,1,77,159
6658,6658,0,1,0,0,1,77,159
6659,6659,0,1,0,0,1,77,159
6660,6660,0,1,1,0,1,77,160
6661,6661,0,1,0,0,1,77,160
6662,6662,0,1,0,0,1,77,160
6663,6663,0,1,0,0,1,77,160
6664,6664,0,1,1,0,1,77,160
6665,6665,0,1,0,0,1,77,160
6666,6666,0,1,0,0,1,77,160
6667,6667,0,1,0,0,1,77,160
6668,6668,0,1,1,0,1,77,160
6669,6669,0,1,0,0,1,77,160
6670,6670,0,1,0,0,1,77,160
6671,6671,0,1,0,0,1,77,160
6672,6672,0,1,1,0,1,77,160
6673,6673,0,1,0,0,1,77,160
6674,6674,0,1,0,0,1,77,160
6675,6675,0,1,0,0,1,77,160
6676,6676,0,1,1,0,1,77,160
6677,6677,0,1,0,0,1,77,160
6678,6678,0,1,0,0,1,77,160
6679,6679,0,1,0,0,1,77,160
6680,6680,0,1,1,0,1,77,161
6681,6681,0,1,0,0,1,77,161
6682,6682,0,1,0,0,1,77,161
6683,6683,0,1,0,0,1,77,161
6684,6684,0,1,1,0,1,77,161
6685,6685,0,1,0,0,1,77,161
6686,6686,0,1,0,0,1,77,161
6687,6687,0,1,0,0,1,77,161
6688,6688,0,1,1,0,1,77,161
6689,6689,0,1,0,0,0,77,161
6690,6690,0,1,0,0,0,77,161
6691,6691,0,1,0,0,0,78,161
6692,6692,0,1,1,0,0,78,161
6693,6693,0,1,0,0,1,78,161
6694,6694,0,1,0,0,1,78,161
6695,6695,0,1,0,0,1,78,161
6696,6696,0,1,1,0,1,78,161
6697,6697,0,1,0,0,1,78,161
6698,6698,0,1,0,0,1,78,161
6699,6699,0,1,0,0,1,78,161
6700,6700,0,1,1,0,1,78,162
6701,6701,0,1,0,0,0,78,162
6702,6702,0,1,0,0,0,78,162
6703,6703,0,1,0,0,0,78,162
6704,6704,0,1,1,0,0,78,162
6705,6705,0,1,0,0,1,78,162
6706,6706,0,1,0,0,1,78,162
6707,6707,0,1,0,0,1,78,162
6708,6708,0,1,1,0,1,78,162
6709,6709,0,1,0,0,1,78,162
6710,6710,0,1,0,0,1,78,162
6711,6711,0,1,0,0,1,78,162
6712,6712,0,1,1,0,1,78,162
6713,6713,0,1,0,0,1,78,162
6714,6714,0,1,0,0,1,78,162
6715,6715,0,1,0,0,1,78,162
6716,6716,0,1,1,1,1,78,162
6717,6717,0,1,0,1,0,78,162
6718,6718,0,1,0,1,0,78,162
6719,6719,0,1,0,1,0,78,162
6720,6720,0,1,1,1,0,78,163
6721,6721,0,1,0,1,1,78,163
6722,6722,0,1,0,1,1,78,163
6723,6723,0,1,0,1,1,78,163
6724,6724,0,1,1,1,1,78,163
6725,6725,0,1,0,1,1,78,163
6726,6726,0,1,0,1,1,78,163
6727,6727,0,1,0,1,1,78,163
6728,6728,0,1,1,1,1,78,163
6729,6729,0,1,0,1,1,78,163
6730,6730,0,1,0,1,1,78,163
6731,6731,0,1,0,1,1,79,163
6732,6732,0,1,1,1,1,79,163
6733,6733,0,1,0,1,1,79,163
6734,6734,0,1,0,1,1,79,163
6735,6735,0,1,0,1,1,79,163
6736,6736,0,1,1,1,1,79,163
6737,6737,0,1,0,1,1,79,163
6738,6738,0,1,0,1,1,79,163
6739,6739,0,1,0,1,1,79,163
6740,6740,0,1,1,1,1,79,164
6741,6741,0,1,0,1,0,79,164
6742,6742,0,1,0,1,0,79,164
6743,6743,0,1,0,1,0,79,164
6744,6744,0,1,1,1,0,79,164
6745,6745,0,1,0,1,0,79,164
6746,6746,0,1,0,1,0,79,164
6747,6747,0,1,0,1,0,79,164
6748,6748,0,1,1,1,0,79,164
6749,6749,0,1,0,1,1,79,164
6750,6750,0,1,0,1,1,79,164
6751,6751,0,1,0,1,1,80,164
6752,6752,0,1,1,1,1,80,164
6753,6753,0,1,0,1,0,80,164
6754,6754,0,1,0,1,0,80,164
6755,6755,0,1,0,1,0,80,164
6756,6756,0,1,1,0,0,80,164
6757,6757,0,1,0,0,0,80,164
6758,6758,0,1,0,0,0,80,164
6759,6759,0,1,0,0,0,80,164
6760,6760,0,1,1,0,0,80,165
6761,6761,0,1,0,0,0,80,165
6762,6762,0,1,0,0,0,80,165
6763,6763,0,1,0,0,0,80,165
6764,6764,0,1,1,0,0,80,165
6765,6765,0,1,0,0,1,80,165
6766,6766,0,1,0,0,1,80,165
6767,6767,0,1,0,0,1,80,165
6768,6768,0,1,1,0,1,80,165
6769,6769,0,1,0,0,1,80,165
6770,6770,0,1,0,0,1,80,165
6771,6771,0,1,0,0,1,80,165
6772,6772,0,1,1,0,1,80,165
6773,6773,0,1,0,0,0,80,165
6774,6774,0,1,0,0,0,80,165
6775,6775,0,1,0,0,0,80,165
6776,6776,0,1,1,0,0,80,165
6777,6777,0,1,0,0,1,80,165
6778,6778,0,1,0,0,1,80,165
6779,6779,0,1,0,0,1,80,165
6780,6780,0,1,1,0,1,80,166
6781,6781,0,1,0,0,1,80,166
6782,6782,0,1,0,0,1,80,166
6783,6783,0,1,0,0,1,80,166
6784,6784,0,1,1,0,1,80,166
6785,6785,0,1,0,0,0,80,166
6786,6786,0,1,0,0,0,80,166
6787,6787,0,1,0,0,0,80,166
6788,6788,0,1,1,0,0,80,166
6789,6789,0,1,0,0,0,80,166
6790,6790,0,1,0,0,0,80,166
6791,6791,0,1,0,0,0,81,166
6792,6792,0,1,1,0,0,81,166
6793,6793,0,1,0,0,0,81,166
6794,6794,0,1,0,0,0,81,166
6795,6795,0,1,0,0,0,81,166
6796,6796,0,1,1,1,0,81,166
6797,6797,0,1,0,1,1,81,166
6798,6798,0,1,0,1,1,81,166
6799,6799,0,1,0,1,1,81,166
6800,6800,0,1,1,1,1,81,167
6801,6801,0,1,0,1,1,81,167
6802,6802,0,1,0,1,1,81,167
6803,6803,0,1,0,1,1,81,167
6804,6804,0,1,1,1,1,81,167
6805,6805,0,1,0,1,0,81,167
6806,6806,0,1,0,1,0,81,167
6807,6807,0,1,0,1,0,81,167
6808,6808,0,1,1,1,0,81,167
6809,6809,0,1,0,1,0,81,167
6810,6810,0,1,0,1,0,81,167
6811,6811,0,1,0,1,0,81,167
6812,6812,0,1,1,1,0,81,167
6813,6813,0,1,0,1,0,81,167
6814,6814,0,1,0,1,0,81,167
6815,6815,0,1,0,1,0,81,167
6816,6816,0,1,1,0,0,81,167
6817,6817,0,1,0,0,0,81,167
6818,6818,0,1,0,0,0,81,167
6819,6819,0,1,0,0,0,81,167
6820,6820,0,1,1,0,0,81,168
6821,6821,0,1,0,0,0,81,168
6822,6822,0,1,0,0,0,81,168
6823,6823,0,1,0,0,0,81,168
6824,6824,0,1,1,0,0,81,168
6825,6825,0,1,0,0,1,81,168
6826,6826,0,1,0,0,1,81,168
6827,6827,0,1,0,0,1,81,168
6828,6828,0,1,1,0,1,81,168
6829,6829,0,1,0,0,0,81,168
6830,6830,0,1,0,0,0,81,168
6831,6831,0,1,0,0,0,82,168
6832,6832,0,1,1,0,0,82,168
6833,6833,0,1,0,0,1,82,168
6834,6834,0,1,0,0,1,82,168
6835,6835,0,1,0,0,1,82,168
6836,6836,0,1,1,1,1,82,168
6837,6837,0,1,0,1,1,82,168
6838,6838,0,1,0,1,1,82,168
6839,6839,0,1,0,1,1,82,168
6840,6840,0,1,1,1,1,82,169
6841,6841,0,1,0,1,1,82,169
6842,6842,0,1,0,1,1,82,169
6843,6843,0,1,0,1,1,82,169
6844,6844,0,1,1,1,1,82,169
6845,6845,0,1,0,1,0,82,169
6846,6846,0,1,0,1,0,82,169
6847,6847,0,1,0,1,0,82,169
6848,6848,0,1,1,1,0,82,169
6849,6849,0,1,0,1,1,82,169
6850,6850,0,1,0,1,1,82,169
6851,6851,0,1,0,1,1,83,169
6852,6852,0,1,1,1,1,83,169
6853,6853,0,1,0,1,1,83,169
6854,6854,0,1,0,1,1,83,169
6855,6855,0,1,0,1,1,83,169
6856,6856,0,1,1,1,1,83,169
6857,6857,0,1,0,1,1,83,169
6858,6858,0,1,0,1,1,83,169
6859,6859,0,1,0,1,1,83,169
6860,6860,0,1,1,1,1,83,170
6861,6861,0,1,0,1,1,83,170
6862,6862,0,1,0,1,1,83,170
6863,6863,0,1,0,1,1,83,170
6864,6864,0,1,1,1,1,83,170
6865,6865,0,1,0,1,0,83,170
6866,6866,0,1,0,1,0,83,170
6867,6867,0,1,0,1,0,83,170
6868,6868,0,1,1,1,0,83,170
6869,6869,0,1,0,1,1,83,170
6870,6870,0,1,0,1,1,83,170
6871,6871,0,1,0,1,1,84,170
6872,6872,0,1,1,1,1,84,170
6873,6873,0,1,0,1,1,84,170
6874,6874,0,1,0,1,1,84,170
6875,6875,0,1,0,1,1,84,170
6876,6876,0,1,1,0,1,84,170
6877,6877,0,1,0,0,0,84,170
6878,6878,0,1,0,0,0,84,170
6879,6879,0,1,0,0,0,84,170
6880,6880,0,1,1,0,0,84,171
6881,6881,0,1,0,0,0,84,171
6882,6882,0,1,0,0,0,84,171
6883,6883,0,1,0,0,0,84,171
6884,6884,0,1,1,0,0,84,171
6885,6885,0,1,0,0,1,84,171
6886,6886,0,1,0,0,1,84,171
6887,6887,0,1,0,0,1,84,171
6888,6888,0,1,1,0,1,84,171
6889,6889,0,1,0,0,1,84,171
6890,6890,0,1,0,0,1,84,171
6891,6891,0,1,0,0,1,84,171
6892,6892,0,1,1,0,1,84,171
6893,6893,0,1,0,0,1,84,171
6894,6894,0,1,0,0,1,84,171
6895,6895,0,1,0,0,1,84,171
6896,6896,0,1,1,0,1,84,171
6897,6897,0,1,0,0,0,84,171
6898,6898,0,1,0,0,0,84,171
6899,6899,0,1,0,0,0,84,171
6900,6900,0,1,1,0,0,84,172
6901,6901,0,1,0,0,1,84,172
6902,6902,0,1,0,0,1,84,172
6903,6903,0,1,0,0,1,84,172
6904,6904,0,1,1,0,1,84,172
6905,6905,0,1,0,0,0,84,172
6906,6906,0,1,0,0,0,84,172
6907,6907,0,1,0,0,0,84,172
6908,6908,0,1,1,0,0,84,172
6909,6909,0,1,0,0,1,84,172
6910,6910,0,1,0,0,1,84,172
6911,6911,0,1,0,0,1,84,172
6912,6912,0,1,1,0,1,84,172
6913,6913,0,1,0,0,1,84,172
6914,6914,0,1,0,0,1,84,172
6915,6915,0,1,0,0,1,84,172
6916,6916,0,1,1,1,1,84,172
6917,6917,0,1,0,1,1,84,172
6918,6918,0,1,0,1,1,84,172
6919,6919,0,1,0,1,1,84,172
6920,6920,0,1,1,1,1,84,173
6921,6921,0,1,0,1,1,84,173
6922,6922,0,1,0,1,1,84,173
6923,6923,0,1,0,1,1,84,173
6924,6924,0,1,1,1,1,84,173
6925,6925,0,1,0,1,1,84,173
6926,6926,0,1,0,1,1,84,173
6927,6927,0,1,0,1,1,84,173
6928,6928,0,1,1,1,1,84,173
6929,6929,0,1,0,1,0,84,173
6930,6930,0,1,0,1,0,84,173
6931,6931,0,1,0,1,0,84,173
6932,6932,0,1,1,1,0,84,173
6933,6933,0,1,0,1,0,84,173
6934,6934,0,1,0,1,0,84,173
6935,6935,0,1,0,1,0,84,173
6936,6936,0,1,1,0,0,84,173
6937,6937,0,1,0,0,0,84,173
6938,6938,0,1,0,0,0,84,173
6939,6939,0,1,0,0,0,84,173
6940,6940,0,1,1,0,0,84,174
6941,6941,0,1,0,0,0,84,174
6942,6942,0,1,0,0,0,84,174
6943,6943,0,1,0,0,0,84,174
6944,6944,0,1,1,0,0,84,174
6945,6945,0,1,0,0,1,84,174
6946,6946,0,1,0,0,1,84,174
6947,6947,0,1,0,0,1,84,174
6948,6948,0,1,1,0,1,84,174
6949,6949,0,1,0,0,1,84,174
6950,6950,0,1,0,0,1,84,174
6951,6951,0,1,0,0,1,84,174
6952,6952,0,1,1,0,1,84,174
6953,6953,0,1,0,0,1,84,174
6954,6954,0,1,0,0,1,84,174
6955,6955,0,1,0,0,1,84,174
6956,6956,0,1,1,0,1,84,174
6957,6957,0,1,0,0,0,84,174
6958,6958,0,1,0,0,0,84,174
6959,6959,0,1,0,0,0,84,174
6960,6960,0,1,1,0,0,84,175
6961,6961,0,1,0,0,1,84,175
6962,6962,0,1,0,0,1,84,175
6963,6963,0,1,0,0,1,84,175
6964,6964,0,1,1,0,1,84,175
6965,6965,0,1,0,0,1,84,175
6966,6966,0,1,0,0,1,84,175
6967,6967,0,1,0,0,1,84,175
6968,6968,0,1,1,0,1,84,175
6969,6969,0,1,0,0,1,84,175
6970,6970,0,1,0,0,1,84,175
6971,6971,0,1,0,0,1,84,175
6972,6972,0,1,1,0,1,84,175
6973,6973,0,1,0,0,0,84,175
6974,6974,0,1,0,0,0,84,175
6975,6975,0,1,0,0,0,84,175
6976,6976,0,1,1,0,0,84,175
6977,6977,0,1,0,0,1,84,175
6978,6978,0,1,0,0,1,84,175
6979,6979,0,1,0,0,1,84,175
6980,6980,0,1,1,0,1,84,176
6981,6981,0,1,0,0,1,84,176
6982,6982,0,1,0,0,1,84,176
6983,6983,0,1,0,0,1,84,176
6984,6984,0,1,1,0,1,84,176
6985,6985,0,1,0,0,1,84,176
6986,6986,0,1,0,0,1,84,176
6987,6987,0,1,0,0,1,84,176
6988,6988,0,1,1,0,1,84,176
6989,6989,0,1,0,0,1,84,176
6990,6990,0,1,0,0,1,84,176
6991,6991,0,1,0,0,1,84,176
6992,6992,0,1,1,0,1,84,176
6993,6993,0,1,0,0,1,84,176
6994,6994,0,1,0,0,1,84,176
6995,6995,0,1,0,0,1,84,176
6996,6996,0,1,1,0,1,84,176
6997,6997,0,1,0,0,1,84,176
6998,6998,0,1,0,0,1,84,176
6999,6999,0,1,0,0,1,84,176
7000,7000,0,1,1,0,1,84,177
7001,7001,0,1,0,0,1,84,177
7002,7002,0,1,0,0,1,84,177
7003,7003,0,1,0,0,1,84,177
7004,7004,0,1,1,0,1,84,177
7005,7005,0,1,0,0,0,84,177
7006,7006,0,1,0,0,0,84,177
7007,7007,0,1,0,0,0,84,177
7008,7008,0,1,1,0,0,84,177
7009,7009,0,1,0,0,0,84,177
7010,7010,0,1,0,0,0,84,177
7011,7011,0,1,0,0,0,85,177
7012,7012,0,1,1,0,0,85,177
7013,7013,0,1,0,0,1,85,177
7014,7014,0,1,0,0,1,85,177
7015,7015,0,1,0,0,1,85,177
7016,7016,0,1,1,1,1,85,177
7017,7017,0,1,0,1,0,85,177
7018,7018,0,1,0,1,0,85,177
7019,7019,0,1,0,1,0,85,177
7020,7020,0,1,1,1,0,85,178
7021,7021,0,1,0,1,0,85,178
7022,7022,0,1,0,1,0,85,178
7023,7023,0,1,0,1,0,85,178
7024,7024,0,1,1,1,0,85,178
7025,7025,0,1,0,1,1,85,178
7026,7026,0,1,0,1,1,85,178
7027,7027,0,1,0,1,1,85,178
7028,7028,0,1,1,1,1,85,178
7029,7029,0,1,0,1,1,85,178
7030,7030,0,1,0,1,1,85,178
7031,7031,0,1,0,1,1,86,178
7032,7032,0,1,1,1,1,86,178
7033,7033,0,1,0,1,0,86,178
7034,7034,0,1,0,1,0,86,178
7035,7035,0,1,0,1,0,86,178
7036,7036,0,1,1,1,0,86,178
7037,7037,0,1,0,1,0,86,178
7038,7038,0,1,0,1,0,86,178
7039,7039,0,1,0,1,0,86,178
7040,7040,0,1,1,1,0,86,179
7041,7041,0,1,0,1,0,86,179
7042,7042,0,1,0,1,0,86,179
7043,7043,0,1,0,1,0,86,179
7044,7044,0,1,1,1,0,86,179
7045,7045,0,1,0,1,1,86,179
7046,7046,0,1,0,1,1,86,179
7047,7047,0,1,0,1,1,86,179
7048,7048,0,1,1,1,1,86,179
7049,7049,0,1,0,1,0,86,179
7050,7050,0,1,0,1,0,86,179
7051,7051,0,1,0,1,0,86,179
7052,7052,0,1,1,1,0,86,179
7053,7053,0,1,0,1,1,86,179
7054,7054,0,1,0,1,1,86,179
7055,7055,0,1,0,1,1,86,179
7056,7056,0,1,1,0,1,86,179
7057,7057,0,1,0,0,0,86,179
7058,7058,0,1,0,0,0,86,179
7059,7059,0,1,0,0,0,86,179
7060,7060,0,1,1,0,0,86,180
7061,7061,0,1,0,0,1,86,180
7062,7062,0,1,0,0,1,86,180
7063,7063,0,1,0,0,1,86,180
7064,7064,0,1,1,0,1,86,180
7065,7065,0,1,0,0,0,86,180
7066,7066,0,1,0,0,0,86,180
7067,7067,0,1,0,0,0,86,180
7068,7068,0,1,1,0,0,86,180
7069,7069,0,1,0,0,1,86,180
7070,7070,0,1,0,0,1,86,180
7071,7071,0,1,0,0,1,86,180
7072,7072,0,1,1,0,1,86,180
7073,7073,0,1,0,0,0,86,180
7074,7074,0,1,0,0,0,86,180
7075,7075,0,1,0,0,0,86,180
7076,7076,0,1,1,1,0,86,180
7077,7077,0,1,0,1,0,86,180
7078,7078,0,1,0,1,0,86,180
7079,7079,0,1,0,1,0,86,180
7080,7080,0,1,1,1,0,86,181
7081,7081,0,1,0,1,1,86,181
7082,7082,0,1,0,1,1,86,181
7083,7083,0,1,0,1,1,86,181
7084,7084,0,1,1,1,1,86,181
7085,7085,0,1,0,1,0,86,181
7086,7086,0,1,0,1,0,86,181
7087,7087,0,1,0,1,0,86,181
7088,7088,0,1,1,1,0,86,181
7089,7089,0,1,0,1,1,86,181
7090,7090,0,1,0,1,1,86,181
7091,7091,0,1,0,1,1,87,181
7092,7092,0,1,1,1,1,87,181
7093,7093,0,1,0,1,0,87,181
7094,7094,0,1,0,1,0,87,181
7095,7095,0,1,0,1,0,87,181
7096,7096,0,1,1,0,0,87,181
7097,7097,0,1,0,0,0,87,181
7098,7098,0,1,0,0,0,87,181
7099,7099,0,1,0,0,0,87,181
7100,7100,0,1,1,0,0,87,182
7101,7101,0,1,0,0,0,87,182
7102,7102,0,1,0,0,0,87,182
7103,7103,0,1,0,0,0,87,182
7104,7104,0,1,1,0,0,87,182
7105,7105,0,1,0,0,1,87,182
7106,7106,0,1,0,0,1,87,182
7107,7107,0,1,0,0,1,87,182
7108,7108,0,1,1,0,1,87,182
7109,7109,0,1,0,0,1,87,182
7110,7110,0,1,0,0,1,87,182
7111,7111,0,1,0,0,1,87,182
7112,7112,0,1,1,0,1,87,182
7113,7113,0,1,0,0,1,87,182
7114,7114,0,1,0,0,1,87,182
7115,7115,0,1,0,0,1,87,182
7116,7116,0,1,1,1,1,87,182
7117,7117,0,1,0,1,1,87,182
7118,7118,0,1,0,1,1,87,182
7119,7119,0,1,0,1,1,87,182
7120,7120,0,1,1,1,1,87,183
7121,7121,0,1,0,1,0,87,183
7122,7122,0,1,0,1,0,87,183
7123,7123,0,1,0,1,0,87,183
7124,7124,0,1,1,1,0,87,183
7125,7125,0,1,0,1,0,87,183
7126,7126,0,1,0,1,0,87,183
7127,7127,0,1,0,1,0,87,183
7128,7128,0,1,1,1,0,87,183
7129,7129,0,1,0,1,1,87,183
7130,7130,0,1,0,1,1,87,183
7131,7131,0,1,0,1,1,88,183
7132,7132,0,1,1,1,1,88,183
7133,7133,0,1,0,1,0,88,183
7134,7134,0,1,0,1,0,88,183
7135,7135,0,1,0,1,0,88,183
7136,7136,0,1,1,1,0,88,183
7137,7137,0,1,0,1,0,88,183
7138,7138,0,1,0,1,0,88,183
7139,7139,0,1,0,1,0,88,183
7140,7140,0,1,1,1,0,88,184
7141,7141,0,1,0,1,1,88,184
7142,7142,0,1,0,1,1,88,184
7143,7143,0,1,0,1,1,88,184
7144,7144,0,1,1,1,1,88,184
7145,7145,0,1,0,1,1,88,184
7146,7146,0,1,0,1,1,88,184
7147,7147,0,1,0,1,1,88,184
7148,7148,0,1,1,1,1,88,184
7149,7149,0,1,0,1,1,88,184
7150,7150,0,1,0,1,1,88,184
7151,7151,0,1,0,1,1,89,184
7152,7152,0,1,1,1,1,89,184
7153,7153,0,1,0,1,1,89,184
7154,7154,0,1,0,1,1,89,184
7155,7155,0,1,0,1,1,89,184
7156,7156,0,1,1,0,1,89,184
7157,7157,0,1,0,0,0,89,184
7158,7158,0,1,0,0,0,89,184
7159,7159,0,1,0,0,0,89,184
7160,7160,0,1,1,0,0,89,185
7161,7161,0,1,0,0,0,89,185
7162,7162,0,1,0,0,0,89,185
7163,7163,0,1,0,0,0,89,185
7164,7164,0,1,1,0,0,89,185
7165,7165,0,1,0,0,1,89,185
7166,7166,0,1,0,0,1,89,185
7167,7167,0,1,0,0,1,89,185
7168,7168,0,1,1,0,1,89,185
7169,7169,0,1,0,0,1,89,185
7170,7170,0,1,0,0,1,89,185
7171,7171,0,1,0,0,1,89,185
7172,7172,0,1,1,0,1,89,185
7173,7173,0,1,0,0,0,89,185
7174,7174,0,1,0,0,0,89,185
7175,7175,0,1,0,0,0,89,185
7176,7176,0,1,1,0,0,89,185
7177,7177,0,1,0,0,1,89,185
7178,7178,0,1,0,0,1,89,185
7179,7179,0,1,0,0,1,89,185
7180,7180,0,1,1,0,1,89,186
7181,7181,0,1,0,0,1,89,186
7182,7182,0,1,0,0,1,89,186
7183,7183,0,1,0,0,1,89,186
7184,7184,0,1,1,0,1,89,186
7185,7185,0,1,0,0,1,89,186
7186,7186,0,1,0,0,1,89,186
7187,7187,0,1,0,0,1,89,186
7188,7188,0,1,1,0,1,89,186
7189,7189,0,1,0,0,1,89,186
7190,7190,0,1,0,0,1,89,186
7191,7191,0,1,0,0,1,89,186
7192,7192,0,1,1,0,1,89,186
7193,7193,0,1,0,0,1,89,186
7194,7194,0,1,0,0,1,89,186
7195,7195,0,1,0,0,1,89,186
7196,7196,0,1,1,1,1,89,186
7197,7197,0,1,0,1,0,89,186
7198,7198,0,1,0,1,0,89,186
7199,7199,0,1,0,1,0,89,186
7200,7200,0,1,1,1,0,89,187
7201,7201,0,1,0,1,1,89,187
7202,7202,0,1,0,1,1,89,187
7203,7203,0,1,0,1,1,89,187
7204,7204,0,1,1,1,1,89,187
7205,7205,0,1,0,1,0,89,187
7206,7206,0,1,0,1,0,89,187
7207,7207,0,1,0,1,0,89,187
7208,7208,0,1,1,1,0,89,187
7209,7209,0,1,0,1,1,89,187
7210,7210,0,1,0,1,1,89,187
7211,7211,0,1,0,1,1,90,187
7212,7212,0,1,1,1,1,90,187
7213,7213,0,1,0,1,0,90,187
7214,7214,0,1,0,1,0,90,187
7215,7215,0,1,0,1,0,90,187
7216,7216,0,1,1,0,0,90,187
7217,7217,0,1,0,0,0,90,187
7218,7218,0,1,0,0,0,90,187
7219,7219,0,1,0,0,0,90,187
7220,7220,0,1,1,0,0,90,188
7221,7221,0,1,0,0,1,90,188
7222,7222,0,1,0,0,1,90,188
7223,7223,0,1,0,0,1,90,188
7224,7224,0,1,1,0,1,90,188
7225,7225,0,1,0,0,1,90,188
7226,7226,0,1,0,0,1,90,188
7227,7227,0,1,0,0,1,90,188
7228,7228,0,1,1,0,1,90,188
7229,7229,0,1,0,0,0,90,188
7230,7230,0,1,0,0,0,90,188
7231,7231,0,1,0,0,0,91,188
7232,7232,0,1,1,0,0,91,188
7233,7233,0,1,0,0,1,91,188
7234,7234,0,1,0,0,1,91,188
7235,7235,0,1,0,0,1,91,188
7236,7236,0,1,1,1,1,91,188
7237,7237,0,1,0,1,1,91,188
7238,7238,0,1,0,1,1,91,188
7239,7239,0,1,0,1,1,91,188
7240,7240,0,1,1,1,1,91,189
7241,7241,0,1,0,1,0,91,189
7242,7242,0,1,0,1,0,91,189
7243,7243,0,1,0,1,0,91,189
7244,7244,0,1,1,1,0,91,189
7245,7245,0,1,0,1,0,91,189
7246,7246,0,1,0,1,0,91,189
7247,7247,0,1,0,1,0,91,189
7248,7248,0,1,1,1,0,91,189
7249,7249,0,1,0,1,0,91,189
7250,7250,0,1,0,1,0,91,189
7251,7251,0,1,0,1,0,91,189
7252,7252,0,1,1,1,0,91,189
7253,7253,0,1,0,1,0,91,189
7254,7254,0,1,0,1,0,91,189
7255,7255,0,1,0,1,0,91,189
7256,7256,0,1,1,1,0,91,189
7257,7257,0,1,0,1,1,91,189
7258,7258,0,1,0,1,1,91,189
7259,7259,0,1,0,1,1,91,189
7260,7260,0,1,1,1,1,91,190
7261,7261,0,1,0,1,0,91,190
7262,7262,0,1,0,1,0,91,190
7263,7263,0,1,0,1,0,91,190
7264,7264,0,1,1,1,0,91,190
7265,7265,0,1,0,1,0,91,190
7266,7266,0,1,0,1,0,91,190
7267,7267,0,1,0,1,0,91,190
7268,7268,0,1,1,1,0,91,190
7269,7269,0,1,0,1,0,91,190
7270,7270,0,1,0,1,0,91,190
7271,7271,0,1,0,1,0,91,190
7272,7272,0,1,1,1,0,91,190
7273,7273,0,1,0,1,1,91,190
7274,7274,0,1,0,1,1,91,190
7275,7275,0,1,0,1,1,91,190
7276,7276,0,1,1,1,1,91,190
7277,7277,0,1,0,1,0,91,190
7278,7278,0,1,0,1,0,91,190
7279,7279,0,1,0,1,0,91,190
7280,7280,0,1,1,1,0,91,191
7281,7281,0,1,0,1,0,91,191
7282,7282,0,1,0,1,0,91,191
7283,7283,0,1,0,1,0,91,191
7284,7284,0,1,1,1,0,91,191
7285,7285,0,1,0,1,0,91,191
7286,7286,0,1,0,1,0,91,191
7287,7287,0,1,0,1,0,91,191
7288,7288,0,1,1,1,0,91,191
7289,7289,0,1,0,1,1,91,191
7290,7290,0,1,0,1,1,91,191
7291,7291,0,1,0,1,1,92,191
7292,7292,0,1,1,1,1,92,191
7293,7293,0,1,0,1,1,92,191
7294,7294,0,1,0,1,1,92,191
7295,7295,0,1,0,1,1,92,191
7296,7296,0,1,1,1,1,92,191
7297,7297,0,1,0,1,0,92,191
7298,7298,0,1,0,1,0,92,191
7299,7299,0,1,0,1,0,92,191
7300,7300,0,1,1,1,0,92,192
7301,7301,0,1,0,1,1,92,192
7302,7302,0,1,0,1,1,92,192
7303,7303,0,1,0,1,1,92,192
7304,7304,0,1,1,1,1,92,192
7305,7305,0,1,0,1,0,92,192
7306,7306,0,1,0,1,0,92,192
7307,7307,0,1,0,1,0,92,192
7308,7308,0,1,1,1,0,92,192
7309,7309,0,1,0,1,0,92,192
7310,7310,0,1,0,1,0,92,192
7311,7311,0,1,0,1,0,92,192
7312,7312,0,1,1,1,0,92,192
7313,7313,0,1,0,1,1,92,192
7314,7314,0,1,0,1,1,92,192
7315,7315,0,1,0,1,1,92,192
7316,7316,0,1,1,1,1,92,192
7317,7317,0,1,0,1,1,92,192
7318,7318,0,1,0,1,1,92,192
7319,7319,0,1,0,1,1,92,192
7320,7320,0,1,1,1,1,92,193
7321,7321,0,1,0,1,0,92,193
7322,7322,0,1,0,1,0,92,193
7323,7323,0,1,0,1,0,92,193
7324,7324,0,1,1,1,0,92,193
7325,7325,0,1,0,1,0,92,193
7326,7326,0,1,0,1,0,92,193
7327,7327,0,1,0,1,0,92,193
7328,7328,0,1,1,1,0,92,193
7329,7329,0,1,0,1,1,92,193
7330,7330,0,1,0,1,1,92,193
7331,7331,0,1,0,1,1,93,193
7332,7332,0,1,1,1,1,93,193
7333,7333,0,1,0,1,0,93,193
7334,7334,0,1,0,1,0,93,193
7335,7335,0,1,0,1,0,93,193
7336,7336,0,1,1,0,0,93,193
7337,7337,0,1,0,0,0,93,193
7338,7338,0,1,0,0,0,93,193
7339,7339,0,1,0,0,0,93,193
7340,7340,0,1,1,0,0,93,194
7341,7341,0,1,0,0,0,93,194
7342,7342,0,1,0,0,0,93,194
7343,7343,0,1,0,0,0,93,194
7344,7344,0,1,1,0,0,93,194
7345,7345,0,1,0,0,0,93,194
7346,7346,0,1,0,0,0,93,194
7347,7347,0,1,0,0,0,93,194
7348,7348,0,1,1,0,0,93,194
7349,7349,0,1,0,0,1,93,194
7350,7350,0,1,0,0,1,93,194
7351,7351,0,1,0,0,1,93,194
7352,7352,0,1,1,0,1,93,194
7353,7353,0,1,0,0,0,93,194
7354,7354,0,1,0,0,0,93,194
7355,7355,0,1,0,0,0,93,194
7356,7356,0,1,1,1,0,93,194
7357,7357,0,1,0,1,1,93,194
7358,7358,0,1,0,1,1,93,194
7359,7359,0,1,0,1,1,93,194
7360,7360,0,1,1,1,1,93,195
7361,7361,0,1,0,1,1,93,195
7362,7362,0,1,0,1,1,93,195
7363,7363,0,1,0,1,1,93,195
7364,7364,0,1,1,1,1,93,195
7365,7365,0,1,0,1,1,93,195
7366,7366,0,1,0,1,1,93,195
7367,7367,0,1,0,1,1,93,195
7368,7368,0,1,1,1,1,93,195
7369,7369,0,1,0,1,0,93,195
7370,7370,0,1,0,1,0,93,195
7371,7371,0,1,0,1,0,93,195
7372,7372,0,1,1,1,0,93,195
7373,7373,0,1,0,1,0,93,195
7374,7374,0,1,0,1,0,93,195
7375,7375,0,1,0,1,0,93,195
7376,7376,0,1,1,0,0,93,195
7377,7377,0,1,0,0,0,93,195
7378,7378,0,1,0,0,0,93,195
7379,7379,0,1,0,0,0,93,195
7380,7380,0,1,1,0,0,93,196
7381,7381,0,1,0,0,0,93,196
7382,7382,0,1,0,0,0,93,196
7383,7383,0,1,0,0,0,93,196
7384,7384,0,1,1,0,0,93,196
7385,7385,0,1,0,0,1,93,196
7386,7386,0,1,0,0,1,93,196
7387,7387,0,1,0,0,1,93,196
7388,7388,0,1,1,0,1,93,196
7389,7389,0,1,0,0,0,93,196
7390,7390,0,1,0,0,0,93,196
7391,7391,0,1,0,0,0,94,196
7392,7392,0,1,1,0,0,94,196
7393,7393,0,1,0,0,0,94,196
7394,7394,0,1,0,0,0,94,196
7395,7395,0,1,0,0,0,94,196
7396,7396,0,1,1,1,0,94,196
7397,7397,0,1,0,1,0,94,196
7398,7398,0,1,0,1,0,94,196
7399,7399,0,1,0,1,0,94,196
7400,7400,0,1,1,1,0,94,197
7401,7401,0,1,0,1,0,94,197
7402,7402,0,1,0,1,0,94,197
7403,7403,0,1,0,1,0,94,197
7404,7404,0,1,1,1,0,94,197
7405,7405,0,1,0,1,0,94,197
7406,7406,0,1,0,1,0,94,197
7407,7407,0,1,0,1,0,94,197
7408,7408,0,1,1,1,0,94,197
7409,7409,0,1,0,1,1,94,197
7410,7410,0,1,0,1,1,94,197
7411,7411,0,1,0,1,1,95,197
7412,7412,0,1,1,1,1,95,197
7413,7413,0,1,0,1,1,95,197
7414,7414,0,1,0,1,1,95,197
7415,7415,0,1,0,1,1,95,197
7416,7416,0,1,1,1,1,95,197
7417,7417,0,1,0,1,1,95,197
7418,7418,0,1,0,1,1,95,197
7419,7419,0,1,0,1,1,95,197
7420,7420,0,1,1,1,1,95,198
7421,7421,0,1,0,1,1,95,198
7422,7422,0,1,0,1,1,95,198
7423,7423,0,1,0,1,1,95,198
7424,7424,0,1,1,1,1,95,198
7425,7425,0,1,0,1,0,95,198
7426,7426,0,1,0,1,0,95,198
7427,7427,0,1,0,1,0,95,198
7428,7428,0,1,1,1,0,95,198
7429,7429,0,1,0,1,0,95,198
7430,7430,0,1,0,1,0,95,198
7431,7431,0,1,0,1,0,95,198
7432,7432,0,1,1,1,0,95,198
7433,7433,0,1,0,1,0,95,198
7434,7434,0,1,0,1,0,95,198
7435,7435,0,1,0,1,0,95,198
7436,7436,0,1,1,0,0,95,198
7437,7437,0,1,0,0,0,95,198
7438,7438,0,1,0,0,0,95,198
7439,7439,0,1,0,0,0,95,198
7440,7440,0,1,1,0,0,95,199
7441,7441,0,1,0,0,0,95,199
7442,7442,0,1,0,0,0,95,199
7443,7443,0,1,0,0,0,95,199
7444,7444,0,1,1,0,0,95,199
7445,7445,0,1,0,0,1,95,199
7446,7446,0,1,0,0,1,95,199
7447,7447,0,1,0,0,1,95,199
7448,7448,0,1,1,0,1,95,199
7449,7449,0,1,0,0,1,95,199
7450,7450,0,1,0,0,1,95,199
7451,7451,0,1,0,0,1,95,199
7452,7452,0,1,1,0,1,95,199
7453,7453,0,1,0,0,1,95,199
7454,7454,0,1,0,0,1,95,199
7455,7455,0,1,0,0,1,95,199
7456,7456,0,1,1,0,1,95,199
7457,7457,0,1,0,0,0,95,199
7458,7458,0,1,0,0,0,95,199
7459,7459,0,1,0,0,0,95,199
7460,7460,0,1,1,0,0,95,200
7461,7461,0,1,0,0,1,95,200
7462,7462,0,1,0,0,1,95,200
7463,7463,0,1,0,0,1,95,200
7464,7464,0,1,1,0,1,95,200
7465,7465,0,1,0,0,1,95,200
7466,7466,0,1,0,0,1,95,200
7467,7467,0,1,0,0,1,95,200
7468,7468,0,1,1,0,1,95,200
7469,7469,0,1,0,0,0,95,200
7470,7470,0,1,0,0,0,95,200
7471,7471,0,1,0,0,0,96,200
7472,7472,0,1,1,0,0,96,200
7473,7473,0,1,0,0,0,96,200
7474,7474,0,1,0,0,0,96,200
7475,7475,0,1,0,0,0,96,200
7476,7476,0,1,1,0,0,96,200
7477,7477,0,1,0,0,0,96,200
7478,7478,0,1,0,0,0,96,200
7479,7479,0,1,0,0,0,96,200
7480,7480,0,1,1,0,0,96,201
7481,7481,0,1,0,0,0,96,201
7482,7482,0,1,0,0,0,96,201
7483,7483,0,1,0,0,0,96,201
7484,7484,0,1,1,0,0,96,201
7485,7485,0,1,0,0,0,96,201
7486,7486,0,1,0,0,0,96,201
7487,7487,0,1,0,0,0,96,201
7488,7488,0,1,1,0,0,96,201
7489,7489,0,1,0,0,1,96,201
7490,7490,0,1,0,0,1,96,201
7491,7491,0,1,0,0,1,96,201
7492,7492,0,1,1,0,1,96,201
7493,7493,0,1,0,0,0,96,201
7494,7494,0,1,0,0,0,96,201
7495,7495,0,1,0,0,0,96,201
7496,7496,0,1,1,0,0,96,201
7497,7497,0,1,0,0,0,96,201
7498,7498,0,1,0,0,0,96,201
7499,7499,0,1,0,0,0,96,201
7500,7500,0,1,1,0,0,96,202
7501,7501,0,1,0,0,1,96,202
7502,7502,0,1,0,0,1,96,202
7503,7503,0,1,0,0,1,96,202
7504,7504,0,1,1,0,1,96,202
7505,7505,0,1,0,0,0,96,202
7506,7506,0,1,0,0,0,96,202
7507,7507,0,1,0,0,0,96,202
7508,7508,0,1,1,0,0,96,202
7509,7509,0,1,0,0,1,96,202
7510,7510,0,1,0,0,1,96,202
7511,7511,0,1,0,0,1,96,202
7512,7512,0,1,1,0,1,96,202
7513,7513,0,1,0,0,0,96,202
7514,7514,0,1,0,0,0,96,202
7515,7515,0,1,0,0,0,96,202
7516,7516,0,1,1,1,0,96,202
7517,7517,0,1,0,1,0,96,202
7518,7518,0,1,0,1,0,96,202
7519,7519,0,1,0,1,0,96,202
7520,7520,0,1,1,1,0,96,203
7521,7521,0,1,0,1,0,96,203
7522,7522,0,1,0,1,0,96,203
7523,7523,0,1,0,1,0,96,203
7524,7524,0,1,1,1,0,96,203
7525,7525,0,1,0,1,0,96,203
7526,7526,0,1,0,1,0,96,203
7527,7527,0,1,0,1,0,96,203
7528,7528,0,1,1,1,0,96,203
7529,7529,0,1,0,1,0,96,203
7530,7530,0,1,0,1,0,96,203
7531,7531,0,1,0,1,0,96,203
7532,7532,0,1,1,1,0,96,203
7533,7533,0,1,0,1,0,96,203
7534,7534,0,1,0,1,0,96,203
7535,7535,0,1,0,1,0,96,203
7536,7536,0,1,1,1,0,96,203
7537,7537,0,1,0,1,0,96,203
7538,7538,0,1,0,1,0,96,203
7539,7539,0,1,0,1,0,96,203
7540,7540,0,1,1,1,0,96,204
7541,7541,0,1,0,1,1,96,204
7542,7542,0,1,0,1,1,96,204
7543,7543,0,1,0,1,1,96,204
7544,7544,0,1,1,1,1,96,204
7545,7545,0,1,0,1,1,96,204
7546,7546,0,1,0,1,1,96,204
7547,7547,0,1,0,1,1,96,204
7548,7548,0,1,1,1,1,96,204
7549,7549,0,1,0,1,1,96,204
7550,7550,0,1,0,1,1,96,204
7551,7551,0,1,0,1,1,97,204
7552,7552,0,1,1,1,1,97,204
7553,7553,0,1,0,1,1,97,204
7554,7554,0,1,0,1,1,97,204
7555,7555,0,1,0,1,1,97,204
7556,7556,0,1,1,0,1,97,204
7557,7557,0,1,0,0,1,97,204
7558,7558,0,1,0,0,1,97,204
7559,7559,0,1,0,0,1,97,204
7560,7560,0,1,1,0,1,97,205
7561,7561,0,1,0,0,1,97,205
7562,7562,0,1,0,0,1,97,205
7563,7563,0,1,0,0,1,97,205
7564,7564,0,1,1,0,1,97,205
7565,7565,0,1,0,0,1,97,205
7566,7566,0,1,0,0,1,97,205
7567,7567,0,1,0,0,1,97,205
7568,7568,0,1,1,0,1,97,205
7569,7569,0,1,0,0,0,97,205
7570,7570,0,1,0,0,0,97,205
7571,7571,0,1,0,0,0,98,205
7572,7572,0,1,1,0,0,98,205
7573,7573,0,1,0,0,1,98,205
7574,7574,0,1,0,0,1,98,205
7575,7575,0,1,0,0,1,98,205
7576,7576,0,1,1,1,1,98,205
7577,7577,0,1,0,1,1,98,205
7578,7578,0,1,0,1,1,98,205
7579,7579,0,1,0,1,1,98,205
7580,7580,0,1,1,1,1,98,206
7581,7581,0,1,0,1,0,98,206
7582,7582,0,1,0,1,0,98,206
7583,7583,0,1,0,1,0,98,206
7584,7584,0,1,1,1,0,98,206
7585,7585,0,1,0,1,0,98,206
7586,7586,0,1,0,1,0,98,206
7587,7587,0,1,0,1,0,98,206
7588,7588,0,1,1,1,0,98,206
7589,7589,0,1,0,1,1,98,206
7590,7590,0,1,0,1,1,98,206
7591,7591,0,1,0,1,1,99,206
7592,7592,0,1,1,1,1,99,206
7593,7593,0,1,0,1,0,99,206
7594,7594,0,1,0,1,0,99,206
7595,7595,0,1,0,1,0,99,206
7596,7596,0,1,1,0,0,99,206
7597,7597,0,1,0,0,0,99,206
7598,7598,0,1,0,0,0,99,206
7599,7599,0,1,0,0,0,99,206
7600,7600,0,1,1,0,0,99,207
7601,7601,0,1,0,0,1,99,207
7602,7602,0,1,0,0,1,99,207
7603,7603,0,1,0,0,1,99,207
7604,7604,0,1,1,0,1,99,207
7605,7605,0,1,0,0,1,99,207
7606,7606,0,1,0,0,1,99,207
7607,7607,0,1,0,0,1,99,207
7608,7608,0,1,1,0,1,99,207
7609,7609,0,1,0,0,1,99,207
7610,7610,0,1,0,0,1,99,207
7611,7611,0,1,0,0,1,99,207
7612,7612,0,1,1,0,1,99,207
7613,7613,0,1,0,0,0,99,207
7614,7614,0,1,0,0,0,99,207
7615,7615,0,1,0,0,0,99,207
7616,7616,0,1,1,0,0,99,207
7617,7617,0,1,0,0,1,99,207
7618,7618,0,1,0,0,1,99,207
7619,7619,0,1,0,0,1,99,207
7620,7620,0,1,1,0,1,99,208
7621,7621,0,1,0,0,1,99,208
7622,7622,0,1,0,0,1,99,208
7623,7623,0,1,0,0,1,99,208
7624,7624,0,1,1,0,1,99,208
7625,7625,0,1,0,0,0,99,208
7626,7626,0,1,0,0,0,99,208
7627,7627,0,1,0,0,0,99,208
7628,7628,0,1,1,0,0,99,208
7629,7629,0,1,0,0,0,99,208
7630,7630,0,1,0,0,0,99,208
7631,7631,0,1,0,0,0,100,208
7632,7632,0,1,1,0,0,100,208
7633,7633,0,1,0,0,1,100,208
7634,7634,0,1,0,0,1,100,208
7635,7635,0,1,0,0,1,100,208
7636,7636,0,1,1,0,1,100,208
7637,7637,0,1,0,0,1,100,208
7638,7638,0,1,0,0,1,100,208
7639,7639,0,1,0,0,1,100,208
7640,7640,0,1,1,0,1,100,209
7641,7641,0,1,0,0,1,100,209
7642,7642,0,1,0,0,1,100,209
7643,7643,0,1,0,0,1,100,209
7644,7644,0,1,1,0,1,100,209
7645,7645,0,1,0,0,1,100,209
7646,7646,0,1,0,0,1,100,209
7647,7647,0,1,0,0,1,100,209
7648,7648,0,1,1,0,1,100,209
7649,7649,0,1,0,0,1,100,209
7650,7650,0,1,0,0,1,100,209
7651,7651,0,1,0,0,1,100,209
7652,7652,0,1,1,0,1,100,209
7653,7653,0,1,0,0,1,100,209
7654,7654,0,1,0,0,1,100,209
7655,7655,0,1,0,0,1,100,209
7656,7656,0,1,1,0,1,100,209
7657,7657,0,1,0,0,0,100,209
7658,7658,0,1,0,0,0,100,209
7659,7659,0,1,0,0,0,100,209
7660,7660,0,1,1,0,0,100,210
7661,7661,0,1,0,0,1,100,210
7662,7662,0,1,0,0,1,100,210
7663,7663,0,1,0,0,1,100,210
7664,7664,0,1,1,0,1,100,210
7665,7665,0,1,0,0,0,100,210
7666,7666,0,1,0,0,0,100,210
7667,7667,0,1,0,0,0,100,210
7668,7668,0,1,1,0,0,100,210
7669,7669,0,1,0,0,0,100,210
7670,7670,0,1,0,0,0,100,210
7671,7671,0,1,0,0,0,101,210
7672,7672,0,1,1,0,0,101,210
7673,7673,0,1,0,0,0,101,210
7674,7674,0,1,0,0,0,101,210
7675,7675,0,1,0,0,0,101,210
7676,7676,0,1,1,0,0,101,210
7677,7677,0,1,0,0,1,101,210
7678,7678,0,1,0,0,1,101,210
7679,7679,0,1,0,0,1,101,210
7680,7680,0,1,1,0,1,101,211
7681,7681,0,1,0,0,1,101,211
7682,7682,0,1,0,0,1,101,211
7683,7683,0,1,0,0,1,101,211
7684,7684,0,1,1,0,1,101,211
7685,7685,0,1,0,0,1,101,211
7686,7686,0,1,0,0,1,101,211
7687,7687,0,1,0,0,1,101,211
7688,7688,0,1,1,0,1,101,211
7689,7689,0,1,0,0,1,101,211
7690,7690,0,1,0,0,1,101,211
7691,7691,0,1,0,0,1,101,211
7692,7692,0,1,1,0,1,101,211
7693,7693,0,1,0,0,0,101,211
7694,7694,0,1,0,0,0,101,211
7695,7695,0,1,0,0,0,101,211
7696,7696,0,1,1,1,0,101,211
7697,7697,0,1,0,1,1,101,211
7698,7698,0,1,0,1,1,101,211
7699,7699,0,1,0,1,1,101,211
7700,7700,0,1,1,1,1,101,212
7701,7701,0,1,0,1,0,101,212
7702,7702,0,1,0,1,0,101,212
7703,7703,0,1,0,1,0,101,212
7704,7704,0,1,1,1,0,101,212
7705,7705,0,1,0,1,1,101,212
7706,7706,0,1,0,1,1,101,212
7707,7707,0,1,0,1,1,101,212
7708,7708,0,1,1,1,1,101,212
7709,7709,0,1,0,1,1,101,212
7710,7710,0,1,0,1,1,101,212
7711,7711,0,1,0,1,1,102,212
7712,7712,0,1,1,1,1,102,212
7713,7713,0,1,0,1,1,102,212
7714,7714,0,1,0,1,1,102,212
7715,7715,0,1,0,1,1,102,212
7716,7716,0,1,1,0,1,102,212
7717,7717,0,1,0,0,1,102,212
7718,7718,0,1,0,0,1,102,212
7719,7719,0,1,0,0,1,102,212
7720,7720,0,1,1,0,1,102,213
7721,7721,0,1,0,0,1,102,213
7722,7722,0,1,0,0,1,102,213
7723,7723,0,1,0,0,1,102,213
7724,7724,0,1,1,0,1,102,213
7725,7725,0,1,0,0,0,102,213
7726,7726,0,1,0,0,0,102,213
7727,7727,0,1,0,0,0,102,213
7728,7728,0,1,1,0,0,102,213
7729,7729,0,1,0,0,0,102,213
7730,7730,0,1,0,0,0,102,213
7731,7731,0,1,0,0,0,103,213
7732,7732,0,1,1,0,0,103,213
7733,7733,0,1,0,0,0,103,213
7734,7734,0,1,0,0,0,103,213
7735,7735,0,1,0,0,0,103,213
7736,7736,0,1,1,1,0,103,213
7737,7737,0,1,0,1,1,103,213
7738,7738,0,1,0,1,1,103,213
7739,7739,0,1,0,1,1,103,213
7740,7740,0,1,1,1,1,103,214
7741,7741,0,1,0,1,1,103,214
7742,7742,0,1,0,1,1,103,214
7743,7743,0,1,0,1,1,103,214
7744,7744,0,1,1,1,1,103,214
7745,7745,0,1,0,1,0,103,214
7746,7746,0,1,0,1,0,103,214
7747,7747,0,1,0,1,0,103,214
7748,7748,0,1,1,1,0,103,214
7749,7749,0,1,0,1,0,103,214
7750,7750,0,1,0,1,0,103,214
7751,7751,0,1,0,1,0,103,214
7752,7752,0,1,1,1,0,103,214
7753,7753,0,1,0,1,0,103,214
7754,7754,0,1,0,1,0,103,214
7755,7755,0,1,0,1,0,103,214
7756,7756,0,1,1,1,0,103,214
7757,7757,0,1,0,1,1,103,214
7758,7758,0,1,0,1,1,103,214
7759,7759,0,1,0,1,1,103,214
7760,7760,0,1,1,1,1,103,215
7761,7761,0,1,0,1,1,103,215
7762,7762,0,1,0,1,1,103,215
7763,7763,0,1,0,1,1,103,215
7764,7764,0,1,1,1,1,103,215
7765,7765,0,1,0,1,1,103,215
7766,7766,0,1,0,1,1,103,215
7767,7767,0,1,0,1,1,103,215
7768,7768,0,1,1,1,1,103,215
7769,7769,0,1,0,1,1,103,215
7770,7770,0,1,0,1,1,103,215
7771,7771,0,1,0,1,1,104,215
7772,7772,0,1,1,1,1,104,215
7773,7773,0,1,0,1,0,104,215
7774,7774,0,1,0,1,0,104,215
7775,7775,0,1,0,1,0,104,215
7776,7776,0,1,1,1,0,104,215
7777,7777,0,1,0,1,0,104,215
7778,7778,0,1,0,1,0,104,215
7779,7779,0,1,0,1,0,104,215
7780,7780,0,1,1,1,0,104,216
7781,7781,0,1,0,1,1,104,216
7782,7782,0,1,0,1,1,104,216
7783,7783,0,1,0,1,1,104,216
7784,7784,0,1,1,1,1,104,216
7785,7785,0,1,0,1,0,104,216
7786,7786,0,1,0,1,0,104,216
7787,7787,0,1,0,1,0,104,216
7788,7788,0,1,1,1,0,104,216
7789,7789,0,1,0,1,0,104,216
7790,7790,0,1,0,1,0,104,216
7791,7791,0,1,0,1,0,104,216
7792,7792,0,1,1,1,0,104,216
7793,7793,0,1,0,1,0,104,216
7794,7794,0,1,0,1,0,104,216
7795,7795,0,1,0,1,0,104,216
7796,7796,0,1,1,1,0,104,216
7797,7797,0,1,0,1,0,104,216
7798,7798,0,1,0,1,0,104,216
7799,7799,0,1,0,1,0,104,216
7800,7800,0,1,1,1,0,104,217
7801,7801,0,1,0,1,0,104,217
7802,7802,0,1,0,1,0,104,217
7803,7803,0,1,0,1,0,104,217
7804,7804,0,1,1,1,0,104,217
7805,7805,0,1,0,1,0,104,217
7806,7806,0,1,0,1,0,104,217
7807,7807,0,1,0,1,0,104,217
7808,7808,0,1,1,1,0,104,217
7809,7809,0,1,0,1,0,104,217
7810,7810,0,1,0,1,0,104,217
7811,7811,0,1,0,1,0,104,217
7812,7812,0,1,1,1,0,104,217
7813,7813,0,1,0,1,0,104,217
7814,7814,0,1,0,1,0,104,217
7815,7815,0,1,0,1,0,104,217
7816,7816,0,1,1,1,0,104,217
7817,7817,0,1,0,1,0,104,217
7818,7818,0,1,0,1,0,104,217
7819,7819,0,1,0,1,0,104,217
7820,7820,0,1,1,1,0,104,218
7821,7821,0,1,0,1,0,104,218
7822,7822,0,1,0,1,0,104,218
7823,7823,0,1,0,1,0,104,218
7824,7824,0,1,1,1,0,104,218
7825,7825,0,1,0,1,0,104,218
7826,7826,0,1,0,1,0,104,218
7827,7827,0,1,0,1,0,104,218
7828,7828,0,1,1,1,0,104,218
7829,7829,0,1,0,1,1,104,218
7830,7830,0,1,0,1,1,104,218
7831,7831,0,1,0,1,1,105,218
7832,7832,0,1,1,1,1,105,218
7833,7833,0,1,0,1,1,105,218
7834,7834,0,1,0,1,1,105,218
7835,7835,0,1,0,1,1,105,218
7836,7836,0,1,1,0,1,105,218
7837,7837,0,1,0,0,1,105,218
7838,7838,0,1,0,0,1,105,218
7839,7839,0,1,0,0,1,105,218
7840,7840,0,1,1,0,1,105,219
7841,7841,0,1,0,0,0,105,219
7842,7842,0,1,0,0,0,105,219
7843,7843,0,1,0,0,0,105,219
7844,7844,0,1,1,0,0,105,219
7845,7845,0,1,0,0,1,105,219
7846,7846,0,1,0,0,1,105,219
7847,7847,0,1,0,0,1,105,219
7848,7848,0,1,1,0,1,105,219
7849,7849,0,1,0,0,0,105,219
7850,7850,0,1,0,0,0,105,219
7851,7851,0,1,0,0,0,106,219
7852,7852,0,1,1,0,0,106,219
7853,7853,0,1,0,0,0,106,219
7854,7854,0,1,0,0,0,106,219
7855,7855,0,1,0,0,0,106,219
7856,7856,0,1,1,0,0,106,219
7857,7857,0,1,0,0,1,106,219
7858,7858,0,1,0,0,1,106,219
7859,7859,0,1,0,0,1,106,219
7860,7860,0,1,1,0,1,106,220
7861,7861,0,1,0,0,1,106,220
7862,7862,0,1,0,0,1,106,220
7863,7863,0,1,0,0,1,106,220
7864,7864,0,1,1,0,1,106,220
7865,7865,0,1,0,0,1,106,220
7866,7866,0,1,0,0,1,106,220
7867,7867,0,1,0,0,1,106,220
7868,7868,0,1,1,0,1,106,220
7869,7869,0,1,0,0,0,106,220
7870,7870,0,1,0,0,0,106,220
7871,7871,0,1,0,0,0,107,220
7872,7872,0,1,1,0,0,107,220
7873,7873,0,1,0,0,0,107,220
7874,7874,0,1,0,0,0,107,220
7875,7875,0,1,0,0,0,107,220
7876,7876,0,1,1,0,0,107,220
7877,7877,0,1,0,0,1,107,220
7878,7878,0,1,0,0,1,107,220
7879,7879,0,1,0,0,1,107,220
7880,7880,0,1,1,0,1,107,221
7881,7881,0,1,0,0,1,107,221
7882,7882,0,1,0,0,1,107,221
7883,7883,0,1,0,0,1,107,221
7884,7884,0,1,1,0,1,107,221
7885,7885,0,1,0,0,1,107,221
7886,7886,0,1,0,0,1,107,221
7887,7887,0,1,0,0,1,107,221
7888,7888,0,1,1,0,1,107,221
7889,7889,0,1,0,0,1,107,221
7890,7890,0,1,0,0,1,107,221
7891,7891,0,1,0,0,1,107,221
7892,7892,0,1,1,0,1,107,221
7893,7893,0,1,0,0,1,107,221
7894,7894,0,1,0,0,1,107,221
7895,7895,0,1,0,0,1,107,221
7896,7896,0,1,1,0,1,107,221
7897,7897,0,1,0,0,0,107,221
7898,7898,0,1,0,0,0,107,221
7899,7899,0,1,0,0,0,107,221
7900,7900,0,1,1,0,0,107,222
7901,7901,0,1,0,0,1,107,222
7902,7902,0,1,0,0,1,107,222
7903,7903,0,1,0,0,1,107,222
7904,7904,0,1,1,0,1,107,222
7905,7905,0,1,0,0,1,107,222
7906,7906,0,1,0,0,1,107,222
7907,7907,0,1,0,0,1,107,222
7908,7908,0,1,1,0,1,107,222
7909,7909,0,1,0,0,1,107,222
7910,7910,0,1,0,0,1,107,222
7911,7911,0,1,0,0,1,107,222
7912,7912,0,1,1,0,1,107,222
7913,7913,0,1,0,0,1,107,222
7914,7914,0,1,0,0,1,107,222
7915,7915,0,1,0,0,1,107,222
7916,7916,0,1,1,0,1,107,222
7917,7917,0,1,0,0,1,107,222
7918,7918,0,1,0,0,1,107,222
7919,7919,0,1,0,0,1,107,222
7920,7920,0,1,1,0,1,107,223
7921,7921,0,1,0,0,0,107,223
7922,7922,0,1,0,0,0,107,223
7923,7923,0,1,0,0,0,107,223
7924,7924,0,1,1,0,0,107,223
7925,7925,0,1,0,0,1,107,223
7926,7926,0,1,0,0,1,107,223
7927,7927,0,1,0,0,1,107,223
7928,7928,0,1,1,0,1,107,223
7929,7929,0,1,0,0,1,107,223
7930,7930,0,1,0,0,1,107,223
7931,7931,0,1,0,0,1,107,223
7932,7932,0,1,1,0,1,107,223
7933,7933,0,1,0,0,0,107,223
7934,7934,0,1,0,0,0,107,223
7935,7935,0,1,0,0,0,107,223
7936,7936,0,1,1,1,0,107,223
7937,7937,0,1,0,1,1,107,223
7938,7938,0,1,0,1,1,107,223
7939,7939,0,1,0,1,1,107,223
7940,7940,0,1,1,1,1,107,224
7941,7941,0,1,0,1,0,107,224
7942,7942,0,1,0,1,0,107,224
7943,7943,0,1,0,1,0,107,224
7944,7944,0,1,1,1,0,107,224
7945,7945,0,1,0,1,0,107,224
7946,7946,0,1,0,1,0,107,224
7947,7947,0,1,0,1,0,107,224
7948,7948,0,1,1,1,0,107,224
7949,7949,0,1,0,1,0,107,224
7950,7950,0,1,0,1,0,107,224
7951,7951,0,1,0,1,0,107,224
7952,7952,0,1,1,1,0,107,224
7953,7953,0,1,0,1,1,107,224
7954,7954,0,1,0,1,1,107,224
7955,7955,0,1,0,1,1,107,224
7956,7956,0,1,1,1,1,107,224
7957,7957,0,1,0,1,1,107,224
7958,7958,0,1,0,1,1,107,224
7959,7959,0,1,0,1,1,107,224
7960,7960,0,1,1,1,1,107,225
7961,7961,0,1,0,1,0,107,225
7962,7962,0,1,0,1,0,107,225
7963,7963,0,1,0,1,0,107,225
7964,7964,0,1,1,1,0,107,225
7965,7965,0,1,0,1,0,107,225
7966,7966,0,1,0,1,0,107,225
7967,7967,0,1,0,1,0,107,225
7968,7968,0,1,1,1,0,107,225
7969,7969,0,1,0,1,0,107,225
7970,7970,0,1,0,1,0,107,225
7971,7971,0,1,0,1,0,107,225
7972,7972,0,1,1,1,0,107,225
7973,7973,0,1,0,1,1,107,225
7974,7974,0,1,0,1,1,107,225
7975,7975,0,1,0,1,1,107,225
7976,7976,0,1,1,1,1,107,225
7977,7977,0,1,0,1,0,107,225
7978,7978,0,1,0,1,0,107,225
7979,7979,0,1,0,1,0,107,225
7980,7980,0,1,1,1,0,107,226
7981,7981,0,1,0,1,0,107,226
7982,7982,0,1,0,1,0,107,226
7983,7983,0,1,0,1,0,107,226
7984,7984,0,1,1,1,0,107,226
7985,7985,0,1,0,1,0,107,226
7986,7986,0,1,0,1,0,107,226
7987,7987,0,1,0,1,0,107,226
7988,7988,0,1,1,1,0,107,226
7989,7989,0,1,0,1,0,107,226
7990,7990,0,1,0,1,0,107,226
7991,7991,0,1,0,1,0,107,226
7992,7992,0,1,1,1,0,107,226
7993,7993,0,1,0,1,0,107,226
7994,7994,0,1,0,1,0,107,226
7995,7995,0,1,0,1,0,107,226
7996,7996,0,1,1,1,0,107,226
7997,7997,0,1,0,1,0,107,226
7998,7998,0,1,0,1,0,107,226
7999,7999,0,1,0,1,0,107,226
8000,8000,0,1,1,1,0,107,227
8001,8001,0,1,0,1,0,107,227
8002,8002,0,1,0,1,0,107,227
8003,8003,0,1,0,1,0,107,227
8004,8004,0,1,1,1,0,107,227
8005,8005,0,1,0,1,1,107,227
8006,8006,0,1,0,1,1,107,227
8007,8007,0,1,0,1,1,107,227
8008,8008,0,1,1,1,1,107,227
8009,8009,0,1,0,1,1,107,227
8010,8010,0,1,0,1,1,107,227
8011,8011,0,1,0,1,1,108,227
8012,8012,0,1,1,1,1,108,227
8013,8013,0,1,0,1,1,108,227
8014,8014,0,1,0,1,1,108,227
8015,8015,0,1,0,1,1,108,227
8016,8016,0,1,1,0,1,108,227
8017,8017,0,1,0,0,1,108,227
8018,8018,0,1,0,0,1,108,227
8019,8019,0,1,0,0,1,108,227
8020,8020,0,1,1,0,1,108,228
8021,8021,0,1,0,0,1,108,228
8022,8022,0,1,0,0,1,108,228
8023,8023,0,1,0,0,1,108,228
8024,8024,0,1,1,0,1,108,228
8025,8025,0,1,0,0,1,108,228
8026,8026,0,1,0,0,1,108,228
8027,8027,0,1,0,0,1,108,228
8028,8028,0,1,1,0,1,108,228
8029,8029,0,1,0,0,1,108,228
8030,8030,0,1,0,0,1,108,228
8031,8031,0,1,0,0,1,108,228
8032,8032,0,1,1,0,1,108,228
8033,8033,0,1,0,0,1,108,228
8034,8034,0,1,0,0,1,108,228
8035,8035,0,1,0,0,1,108,228
8036,8036,0,1,1,0,1,108,228
8037,8037,0,1,0,0,1,108,228
8038,8038,0,1,0,0,1,108,228
8039,8039,0,1,0,0,1,108,228
8040,8040,0,1,1,0,1,108,229
8041,8041,0,1,0,0,0,108,229
8042,8042,0,1,0,0,0,108,229
8043,8043,0,1,0,0,0,108,229
8044,8044,0,1,1,0,0,108,229
8045,8045,0,1,0,0,1,108,229
8046,8046,0,1,0,0,1,108,229
8047,8047,0,1,0,0,1,108,229
8048,8048,0,1,1,0,1,108,229
8049,8049,0,1,0,0,0,108,229
8050,8050,0,1,0,0,0,108,229
8051,8051,0,1,0,0,0,109,229
8052,8052,0,1,1,0,0,109,229
8053,8053,0,1,0,0,1,109,229
8054,8054,0,1,0,0,1,109,229
8055,8055,0,1,0,0,1,109,229
8056,8056,0,1,1,1,1,109,229
8057,8057,0,1,0,1,1,109,229
8058,8058,0,1,0,1,1,109,229
8059,8059,0,1,0,1,1,109,229
8060,8060,0,1,1,1,1,109,230
8061,8061,0,1,0,1,1,109,230
8062,8062,0,1,0,1,1,109,230
8063,8063,0,1,0,1,1,109,230
8064,8064,0,1,1,1,1,109,230
8065,8065,0,1,0,1,0,109,230
8066,8066,0,1,0,1,0,109,230
8067,8067,0,1,0,1,0,109,230
8068,8068,0,1,1,1,0,109,230
8069,8069,0,1,0,1,0,109,230
8070,8070,0,1,0,1,0,109,230
8071,8071,0,1,0,1,0,109,230
8072,8072,0,1,1,1,0,109,230
8073,8073,0,1,0,1,0,109,230
8074,8074,0,1,0,1,0,109,230
8075,8075,0,1,0,1,0,109,230
8076,8076,0,1,1,0,0,109,230
8077,8077,0,1,0,0,1,109,230
8078,8078,0,1,0,0,1,109,230
8079,8079,0,1,0,0,1,109,230
8080,8080,0,1,1,0,1,109,231
8081,8081,0,1,0,0,0,109,231
8082,8082,0,1,0,0,0,109,231
8083,8083,0,1,0,0,0,109,231
8084,8084,0,1,1,0,0,109,231
8085,8085,0,1,0,0,1,109,231
8086,8086,0,1,0,0,1,109,231
8087,8087,0,1,0,0,1,109,231
8088,8088,0,1,1,0,1,109,231
8089,8089,0,1,0,0,1,109,231
8090,8090,0,1,0,0,1,109,231
8091,8091,0,1,0,0,1,109,231
8092,8092,0,1,1,0,1,109,231
8093,8093,0,1,0,0,1,109,231
8094,8094,0,1,0,0,1,109,231
8095,8095,0,1,0,0,1,109,231
8096,8096,0,1,1,0,1,109,231
8097,8097,0,1,0,0,0,109,231
8098,8098,0,1,0,0,0,109,231
8099,8099,0,1,0,0,0,109,231
8100,8100,0,1,1,0,0,109,232
8101,8101,0,1,0,0,1,109,232
8102,8102,0,1,0,0,1,109,232
8103,8103,0,1,0,0,1,109,232
8104,8104,0,1,1,0,1,109,232
8105,8105,0,1,0,0,1,109,232
8106,8106,0,1,0,0,1,109,232
8107,8107,0,1,0,0,1,109,232
8108,8108,0,1,1,0,1,109,232
8109,8109,0,1,0,0,0,109,232
8110,8110,0,1,0,0,0,109,232
8111,8111,0,1,0,0,0,110,232
8112,8112,0,1,1,0,0,110,232
8113,8113,0,1,0,0,0,110,232
8114,8114,0,1,0,0,0,110,232
8115,8115,0,1,0,0,0,110,232
8116,8116,0,1,1,0,0,110,232
8117,8117,0,1,0,0,1,110,232
8118,8118,0,1,0,0,1,110,232
8119,8119,0,1,0,0,1,110,232
8120,8120,0,1,1,0,1,110,233
8121,8121,0,1,0,0,0,110,233
8122,8122,0,1,0,0,0,110,233
8123,8123,0,1,0,0,0,110,233
8124,8124,0,1,1,0,0,110,233
8125,8125,0,1,0,0,1,110,233
8126,8126,0,1,0,0,1,110,233
8127,8127,0,1,0,0,1,110,233
8128,8128,0,1,1,0,1,110,233
8129,8129,0,1,0,0,1,110,233
8130,8130,0,1,0,0,1,110,233
8131,8131,0,1,0,0,1,110,233
8132,8132,0,1,1,0,1,110,233
8133,8133,0,1,0,0,0,110,233
8134,8134,0,1,0,0,0,110,233
8135,8135,0,1,0,0,0,110,233
8136,8136,0,1,1,0,0,110,233
8137,8137,0,1,0,0,0,110,233
8138,8138,0,1,0,0,0,110,233
8139,8139,0,1,0,0,0,110,233
8140,8140,0,1,1,0,0,110,234
8141,8141,0,1,0,0,0,110,234
8142,8142,0,1,0,0,0,110,234
8143,8143,0,1,0,0,0,110,234
8144,8144,0,1,1,0,0,110,234
8145,8145,0,1,0,0,1,110,234
8146,8146,0,1,0,0,1,110,234
8147,8147,0,1,0,0,1,110,234
8148,8148,0,1,1,0,1,110,234
8149,8149,0,1,0,0,1,110,234
8150,8150,0,1,0,0,1,110,234
8151,8151,0,1,0,0,1,110,234
8152,8152,0,1,1,0,1,110,234
8153,8153,0,1,0,0,1,110,234
8154,8154,0,1,0,0,1,110,234
8155,8155,0,1,0,0,1,110,234
8156,8156,0,1,1,0,1,110,234
8157,8157,0,1,0,0,0,110,234
8158,8158,0,1,0,0,0,110,234
8159,8159,0,1,0,0,0,110,234
8160,8160,0,1,1,0,0,110,235
8161,8161,0,1,0,0,0,110,235
8162,8162,0,1,0,0,0,110,235
8163,8163,0,1,0,0,0,110,235
8164,8164,0,1,1,0,0,110,235
8165,8165,0,1,0,0,0,110,235
8166,8166,0,1,0,0,0,110,235
8167,8167,0,1,0,0,0,110,235
8168,8168,0,1,1,0,0,110,235
8169,8169,0,1,0,0,1,110,235
8170,8170,0,1,0,0,1,110,235
8171,8171,0,1,0,0,1,110,235
8172,8172,0,1,1,0,1,110,235
8173,8173,0,1,0,0,1,110,235
8174,8174,0,1,0,0,1,110,235
8175,8175,0,1,0,0,1,110,235
8176,8176,0,1,1,1,1,110,235
8177,8177,0,1,0,1,1,110,235
8178,8178,0,1,0,1,1,110,235
8179,8179,0,1,0,1,1,110,235
8180,8180,0,1,1,1,1,110,236
8181,8181,0,1,0,1,1,110,236
8182,8182,0,1,0,1,1,110,236
8183,8183,0,1,0,1,1,110,236
8184,8184,0,1,1,1,1,110,236
8185,8185,0,1,0,1,1,110,236
8186,8186,0,1,0,1,1,110,236
8187,8187,0,1,0,1,1,110,236
8188,8188,0,1,1,1,1,110,236
8189,8189,0,1,0,1,1,110,236
8190,8190,0,1,0,1,1,110,236
8191,8191,0,1,0,1,1,111,236
8192,8192,0,1,1,1,1,111,236
8193,8193,0,1,0,1,0,111,236
8194,8194,0,1,0,1,0,111,236
8195,8195,0,1,0,1,0,111,236
8196,8196,0,1,1,0,0,111,236
8197,8197,0,1,0,0,1,111,236
8198,8198,0,1,0,0,1,111,236
8199,8199,0,1,0,0,1,111,236
8200,8200,0,1,1,0,1,111,237
8201,8201,0,1,0,0,0,111,237
8202,8202,0,1,0,0,0,111,237
8203,8203,0,1,0,0,0,111,237
8204,8204,0,1,1,0,0,111,237
8205,8205,0,1,0,0,1,111,237
8206,8206,0,1,0,0,1,111,237
8207,8207,0,1,0,0,1,111,237
8208,8208,0,1,1,0,1,111,237
8209,8209,0,1,0,0,1,111,237
8210,8210,0,1,0,0,1,111,237
8211,8211,0,1,0,0,1,111,237
8212,8212,0,1,1,0,1,111,237
8213,8213,0,1,0,0,1,111,237
8214,8214,0,1,0,0,1,111,237
8215,8215,0,1,0,0,1,111,237
8216,8216,0,1,1,0,1,111,237
8217,8217,0,1,0,0,0,111,237
8218,8218,0,1,0,0,0,111,237
8219,8219,0,1,0,0,0,111,237
8220,8220,0,1,1,0,0,111,238
8221,8221,0,1,0,0,1,111,238
8222,8222,0,1,0,0,1,111,238
8223,8223,0,1,0,0,1,111,238
8224,8224,0,1,1,0,1,111,238
8225,8225,0,1,0,0,1,111,238
8226,8226,0,1,0,0,1,111,238
8227,8227,0,1,0,0,1,111,238
8228,8228,0,1,1,0,1,111,238
8229,8229,0,1,0,0,0,111,238
8230,8230,0,1,0,0,0,111,238
8231,8231,0,1,0,0,0,112,238
8232,8232,0,1,1,0,0,112,238
8233,8233,0,1,0,0,1,112,238
8234,8234,0,1,0,0,1,112,238
8235,8235,0,1,0,0,1,112,238
8236,8236,0,1,1,1,1,112,238
8237,8237,0,1,0,1,1,112,238
8238,8238,0,1,0,1,1,112,238
8239,8239,0,1,0,1,1,112,238
8240,8240,0,1,1,1,1,112,239
8241,8241,0,1,0,1,0,112,239
8242,8242,0,1,0,1,0,112,239
8243,8243,0,1,0,1,0,112,239
8244,8244,0,1,1,1,0,112,239
8245,8245,0,1,0,1,1,112,239
8246,8246,0,1,0,1,1,112,239
8247,8247,0,1,0,1,1,112,239
8248,8248,0,1,1,1,1,112,239
8249,8249,0,1,0,1,0,112,239
8250,8250,0,1,0,1,0,112,239
8251,8251,0,1,0,1,0,112,239
8252,8252,0,1,1,1,0,112,239
8253,8253,0,1,0,1,1,112,239
8254,8254,0,1,0,1,1,112,239
8255,8255,0,1,0,1,1,112,239
8256,8256,0,1,1,0,1,112,239
8257,8257,0,1,0,0,0,112,239
8258,8258,0,1,0,0,0,112,239
8259,8259,0,1,0,0,0,112,239
8260,8260,0,1,1,0,0,112,240
8261,8261,0,1,0,0,0,112,240
8262,8262,0,1,0,0,0,112,240
8263,8263,0,1,0,0,0,112,240
8264,8264,0,1,1,0,0,112,240
8265,8265,0,1,0,0,1,112,240
8266,8266,0,1,0,0,1,112,240
8267,8267,0,1,0,0,1,112,240
8268,8268,0,1,1,0,1,112,240
8269,8269,0,1,0,0,1,112,240
8270,8270,0,1,0,0,1,112,240
8271,8271,0,1,0,0,1,112,240
8272,8272,0,1,1,0,1,112,240
8273,8273,0,1,0,0,1,112,240
8274,8274,0,1,0,0,1,112,240
8275,8275,0,1,0,0,1,112,240
8276,8276,0,1,1,0,1,112,240
8277,8277,0,1,0,0,0,112,240
8278,8278,0,1,0,0,0,112,240
8279,8279,0,1,0,0,0,112,240
8280,8280,0,1,1,0,0,112,241
8281,8281,0,1,0,0,1,112,241
8282,8282,0,1,0,0,1,112,241
8283,8283,0,1,0,0,1,112,241
8284,8284,0,1,1,0,1,112,241
8285,8285,0,1,0,0,1,112,241
8286,8286,0,1,0,0,1,112,241
8287,8287,0,1,0,0,1,112,241
8288,8288,0,1,1,0,1,112,241
8289,8289,0,1,0,0,1,112,241
8290,8290,0,1,0,0,1,112,241
8291,8291,0,1,0,0,1,112,241
8292,8292,0,1,1,0,1,112,241
8293,8293,0,1,0,0,1,112,241
8294,8294,0,1,0,0,1,112,241
8295,8295,0,1,0,0,1,112,241
8296,8296,0,1,1,1,1,112,241
8297,8297,0,1,0,1,1,112,241
8298,8298,0,1,0,1,1,112,241
8299,8299,0,1,0,1,1,112,241
8300,8300,0,1,1,1,1,112,242
8301,8301,0,1,0,1,1,112,242
8302,8302,0,1,0,1,1,112,242
8303,8303,0,1,0,1,1,112,242
8304,8304,0,1,1,1,1,112,242
8305,8305,0,1,0,1,1,112,242
8306,8306,0,1,0,1,1,112,242
8307,8307,0,1,0,1,1,112,242
8308,8308,0,1,1,1,1,112,242
8309,8309,0,1,0,1,0,112,242
8310,8310,0,1,0,1,0,112,242
8311,8311,0,1,0,1,0,112,242
8312,8312,0,1,1,1,0,112,242
8313,8313,0,1,0,1,1,112,242
8314,8314,0,1,0,1,1,112,242
8315,8315,0,1,0,1,1,112,242
8316,8316,0,1,1,1,1,112,242
8317,8317,0,1,0,1,1,112,242
8318,8318,0,1,0,1,1,112,242
8319,8319,0,1,0,1,1,112,242
8320,8320,0,1,1,1,1,112,243
8321,8321,0,1,0,1,1,112,243
8322,8322,0,1,0,1,1,112,243
8323,8323,0,1,0,1,1,112,243
8324,8324,0,1,1,1,1,112,243
8325,8325,0,1,0,1,0,112,243
8326,8326,0,1,0,1,0,112,243
8327,8327,0,1,0,1,0,112,243
8328,8328,0,1,1,1,0,112,243
8329,8329,0,1,0,1,0,112,243
8330,8330,0,1,0,1,0,112,243
8331,8331,0,1,0,1,0,112,243
8332,8332,0,1,1,1,0,112,243
8333,8333,0,1,0,1,0,112,243
8334,8334,0,1,0,1,0,112,243
8335,8335,0,1,0,1,0,112,243
8336,8336,0,1,1,0,0,112,243
8337,8337,0,1,0,0,1,112,243
8338,8338,0,1,0,0,1,112,243
8339,8339,0,1,0,0,1,112,243
8340,8340,0,1,1,0,1,112,244
8341,8341,0,1,0,0,1,112,244
8342,8342,0,1,0,0,1,112,244
8343,8343,0,1,0,0,1,112,244
8344,8344,0,1,1,0,1,112,244
8345,8345,0,1,0,0,1,112,244
8346,8346,0,1,0,0,1,112,244
8347,8347,0,1,0,0,1,112,244
8348,8348,0,1,1,0,1,112,244
8349,8349,0,1,0,0,1,112,244
8350,8350,0,1,0,0,1,112,244
8351,8351,0,1,0,0,1,112,244
8352,8352,0,1,1,0,1,112,244
8353,8353,0,1,0,0,1,112,244
8354,8354,0,1,0,0,1,112,244
8355,8355,0,1,0,0,1,112,244
8356,8356,0,1,1,1,1,112,244
8357,8357,0,1,0,1,0,112,244
8358,8358,0,1,0,1,0,112,244
8359,8359,0,1,0,1,0,112,244
8360,8360,0,1,1,1,0,112,245
8361,8361,0,1,0,1,1,112,245
8362,8362,0,1,0,1,1,112,245
8363,8363,0,1,0,1,1,112,245
8364,8364,0,1,1,1,1,112,245
8365,8365,0,1,0,1,1,112,245
8366,8366,0,1,0,1,1,112,245
8367,8367,0,1,0,1,1,112,245
8368,8368,0,1,1,1,1,112,245
8369,8369,0,1,0,1,0,112,245
8370,8370,0,1,0,1,0,112,245
8371,8371,0,1,0,1,0,112,245
8372,8372,0,1,1,1,0,112,245
8373,8373,0,1,0,1,0,112,245
8374,8374,0,1,0,1,0,112,245
8375,8375,0,1,0,1,0,112,245
8376,8376,0,1,1,0,0,112,245
8377,8377,0,1,0,0,1,112,245
8378,8378,0,1,0,0,1,112,245
8379,8379,0,1,0,0,1,112,245
8380,8380,0,1,1,0,1,112,246
8381,8381,0,1,0,0,0,112,246
8382,8382,0,1,0,0,0,112,246
8383,8383,0,1,0,0,0,112,246
8384,8384,0,1,1,0,0,112,246
8385,8385,0,1,0,0,0,112,246
8386,8386,0,1,0,0,0,112,246
8387,8387,0,1,0,0,0,112,246
8388,8388,0,1,1,0,0,112,246
8389,8389,0,1,0,0,1,112,246
8390,8390,0,1,0,0,1,112,246
8391,8391,0,1,0,0,1,112,246
8392,8392,0,1,1,0,1,112,246
8393,8393,0,1,0,0,1,112,246
8394,8394,0,1,0,0,1,112,246
8395,8395,0,1,0,0,1,112,246
8396,8396,0,1,1,1,1,112,246
8397,8397,0,1,0,1,1,112,246
8398,8398,0,1,0,1,1,112,246
8399,8399,0,1,0,1,1,112,246
8400,8400,0,1,1,1,1,112,247
8401,8401,0,1,0,1,1,112,247
8402,8402,0,1,0,1,1,112,247
8403,8403,0,1,0,1,1,112,247
8404,8404,0,1,1,1,1,112,247
8405,8405,0,1,0,1,0,112,247
8406,8406,0,1,0,1,0,112,247
8407,8407,0,1,0,1,0,112,247
8408,8408,0,1,1,1,0,112,247
8409,8409,0,1,0,1,0,112,247
8410,8410,0,1,0,1,0,112,247
8411,8411,0,1,0,1,0,112,247
8412,8412,0,1,1,1,0,112,247
8413,8413,0,1,0,1,0,112,247
8414,8414,0,1,0,1,0,112,247
8415,8415,0,1,0,1,0,112,247
8416,8416,0,1,1,1,0,112,247
8417,8417,0,1,0,1,1,112,247
8418,8418,0,1,0,1,1,112,247
8419,8419,0,1,0,1,1,112,247
8420,8420,0,1,1,1,1,112,248
8421,8421,0,1,0,1,0,112,248
8422,8422,0,1,0,1,0,112,248
8423,8423,0,1,0,1,0,112,248
8424,8424,0,1,1,1,0,112,248
8425,8425,0,1,0,1,0,112,248
8426,8426,0,1,0,1,0,112,248
8427,8427,0,1,0,1,0,112,248
8428,8428,0,1,1,1,0,112,248
8429,8429,0,1,0,1,0,112,248
8430,8430,0,1,0,1,0,112,248
8431,8431,0,1,0,1,0,112,248
8432,8432,0,1,1,1,0,112,248
8433,8433,0,1,0,1,0,112,248
8434,8434,0,1,0,1,0,112,248
8435,8435,0,1,0,1,0,112,248
8436,8436,0,1,1,0,0,112,248
8437,8437,0,1,0,0,0,112,248
8438,8438,0,1,0,0,0,112,248
8439,8439,0,1,0,0,0,112,248
8440,8440,0,1,1,0,0,112,249
8441,8441,0,1,0,0,0,112,249
8442,8442,0,1,0,0,0,112,249
8443,8443,0,1,0,0,0,112,249
8444,8444,0,1,1,0,0,112,249
8445,8445,0,1,0,0,0,112,249
8446,8446,0,1,0,0,0,112,249
8447,8447,0,1,0,0,0,112,249
8448,8448,0,1,1,0,0,112,249
8449,8449,0,1,0,0,0,112,249
8450,8450,0,1,0,0,0,112,249
8451,8451,0,1,0,0,0,113,249
8452,8452,0,1,1,0,0,113,249
8453,8453,0,1,0,0,0,113,249
8454,8454,0,1,0,0,0,113,249
8455,8455,0,1,0,0,0,113,249
8456,8456,0,1,1,0,0,113,249
8457,8457,0,1,0,0,1,113,249
8458,8458,0,1,0,0,1,113,249
8459,8459,0,1,0,0,1,113,249
8460,8460,0,1,1,0,1,113,250
8461,8461,0,1,0,0,1,113,250
8462,8462,0,1,0,0,1,113,250
8463,8463,0,1,0,0,1,113,250
8464,8464,0,1,1,0,1,113,250
8465,8465,0,1,0,0,0,113,250
8466,8466,0,1,0,0,0,113,250
8467,8467,0,1,0,0,0,113,250
8468,8468,0,1,1,0,0,113,250
8469,8469,0,1,0,0,0,113,250
8470,8470,0,1,0,0,0,113,250
8471,8471,0,1,0,0,0,114,250
8472,8472,0,1,1,0,0,114,250
8473,8473,0,1,0,0,1,114,250
8474,8474,0,1,0,0,1,114,250
8475,8475,0,1,0,0,1,114,250
8476,8476,0,1,1,1,1,114,250
8477,8477,0,1,0,1,0,114,250
8478,8478,0,1,0,1,0,114,250
8479,8479,0,1,0,1,0,114,250
8480,8480,0,1,1,1,0,114,251
8481,8481,0,1,0,1,1,114,251
8482,8482,0,1,0,1,1,114,251
8483,8483,0,1,0,1,1,114,251
8484,8484,0,1,1,1,1,114,251
8485,8485,0,1,0,1,0,114,251
8486,8486,0,1,0,1,0,114,251
8487,8487,0,1,0,1,0,114,251
8488,8488,0,1,1,1,0,114,251
8489,8489,0,1,0,1,0,114,251
8490,8490,0,1,0,1,0,114,251
8491,8491,0,1,0,1,0,114,251
8492,8492,0,1,1,1,0,114,251
8493,8493,0,1,0,1,1,114,251
8494,8494,0,1,0,1,1,114,251
8495,8495,0,1,0,1,1,114,251
8496,8496,0,1,1,1,1,114,251
8497,8497,0,1,0,1,0,114,251
8498,8498,0,1,0,1,0,114,251
8499,8499,0,1,0,1,0,114,251
8500,8500,0,1,1,1,0,114,252
8501,8501,0,1,0,1,1,114,252
8502,8502,0,1,0,1,1,114,252
8503,8503,0,1,0,1,1,114,252
8504,8504,0,1,1,1,1,114,252
8505,8505,0,1,0,1,1,114,252
8506,8506,0,1,0,1,1,114,252
8507,8507,0,1,0,1,1,114,252
8508,8508,0,1,1,1,1,114,252
8509,8509,0,1,0,1,1,114,252
8510,8510,0,1,0,1,1,114,252
8511,8511,0,1,0,1,1,115,252
8512,8512,0,1,1,1,1,115,252
8513,8513,0,1,0,1,0,115,252
8514,8514,0,1,0,1,0,115,252
8515,8515,0,1,0,1,0,115,252
8516,8516,0,1,1,0,0,115,252
8517,8517,0,1,0,0,1,115,252
8518,8518,0,1,0,0,1,115,252
8519,8519,0,1,0,0,1,115,252
8520,8520,0,1,1,0,1,115,253
8521,8521,0,1,0,0,1,115,253
8522,8522,0,1,0,0,1,115,253
8523,8523,0,1,0,0,1,115,253
8524,8524,0,1,1,0,1,115,253
8525,8525,0,1,0,0,0,115,253
8526,8526,0,1,0,0,0,115,253
8527,8527,0,1,0,0,0,115,253
8528,8528,0,1,1,0,0,115,253
8529,8529,0,1,0,0,1,115,253
8530,8530,0,1,0,0,1,115,253
8531,8531,0,1,0,0,1,115,253
8532,8532,0,1,1,0,1,115,253
8533,8533,0,1,0,0,0,115,253
8534,8534,0,1,0,0,0,115,253
8535,8535,0,1,0,0,0,115,253
8536,8536,0,1,1,0,0,115,253
8537,8537,0,1,0,0,0,115,253
8538,8538,0,1,0,0,0,115,253
8539,8539,0,1,0,0,0,115,253
8540,8540,0,1,1,0,0,115,254
8541,8541,0,1,0,0,0,115,254
8542,8542,0,1,0,0,0,115,254
8543,8543,0,1,0,0,0,115,254
8544,8544,0,1,1,0,0,115,254
8545,8545,0,1,0,0,1,115,254
8546,8546,0,1,0,0,1,115,254
8547,8547,0,1,0,0,1,115,254
8548,8548,0,1,1,0,1,115,254
8549,8549,0,1,0,0,1,115,254
8550,8550,0,1,0,0,1,115,254
8551,8551,0,1,0,0,1,115,254
8552,8552,0,1,1,0,1,115,254
8553,8553,0,1,0,0,1,115,254
8554,8554,0,1,0,0,1,115,254
8555,8555,0,1,0,0,1,115,254
8556,8556,0,1,1,0,1,115,254
8557,8557,0,1,0,0,0,115,254
8558,8558,0,1,0,0,0,115,254
8559,8559,0,1,0,0,0,115,254
8560,8560,0,1,1,0,0,115,255
8561,8561,0,1,0,0,1,115,255
8562,8562,0,1,0,0,1,115,255
8563,8563,0,1,0,0,1,115,255
8564,8564,0,1,1,0,1,115,255
8565,8565,0,1,0,0,0,115,255
8566,8566,0,1,0,0,0,115,255
8567,8567,0,1,0,0,0,115,255
8568,8568,0,1,1,0,0,115,255
8569,8569,0,1,0,0,0,115,255
8570,8570,0,1,0,0,0,115,255
8571,8571,0,1,0,0,0,116,255
8572,8572,0,1,1,0,0,116,255
8573,8573,0,1,0,0,1,116,255
8574,8574,0,1,0,0,1,116,255
8575,8575,0,1,0,0,1,116,255
8576,8576,0,1,1,0,1,116,255
8577,8577,0,1,0,0,1,116,255
8578,8578,0,1,0,0,1,116,255
8579,8579,0,1,0,0,1,116,255
8580,8580,0,1,1,0,1,116,256
8581,8581,0,1,0,0,1,116,256
8582,8582,0,1,0,0,1,116,256
8583,8583,0,1,0,0,1,116,256
8584,8584,0,1,1,0,1,116,256
8585,8585,0,1,0,0,0,116,256
8586,8586,0,1,0,0,0,116,256
8587,8587,0,1,0,0,0,116,256
8588,8588,0,1,1,0,0,116,256
8589,8589,0,1,0,0,1,116,256
8590,8590,0,1,0,0,1,116,256
8591,8591,0,1,0,0,1,116,256
8592,8592,0,1,1,0,1,116,256
8593,8593,0,1,0,0,1,116,256
8594,8594,0,1,0,0,1,116,256
8595,8595,0,1,0,0,1,116,256
8596,8596,0,1,1,0,1,116,256
8597,8597,0,1,0,0,1,116,256
8598,8598,0,1,0,0,1,116,256
8599,8599,0,1,0,0,1,116,256
8600,8600,0,1,1,0,1,116,257
8601,8601,0,1,0,0,1,116,257
8602,8602,0,1,0,0,1,116,257
8603,8603,0,1,0,0,1,116,257
8604,8604,0,1,1,0,1,116,257
8605,8605,0,1,0,0,1,116,257
8606,8606,0,1,0,0,1,116,257
8607,8607,0,1,0,0,1,116,257
8608,8608,0,1,1,0,1,116,257
8609,8609,0,1,0,0,1,116,257
8610,8610,0,1,0,0,1,116,257
8611,8611,0,1,0,0,1,116,257
8612,8612,0,1,1,0,1,116,257
8613,8613,0,1,0,0,0,116,257
8614,8614,0,1,0,0,0,116,257
8615,8615,0,1,0,0,0,116,257
8616,8616,0,1,1,1,0,116,257
8617,8617,0,1,0,1,1,116,257
8618,8618,0,1,0,1,1,116,257
8619,8619,0,1,0,1,1,116,257
8620,8620,0,1,1,1,1,116,258
8621,8621,0,1,0,1,0,116,258
8622,8622,0,1,0,1,0,116,258
8623,8623,0,1,0,1,0,116,258
8624,8624,0,1,1,1,0,116,258
8625,8625,0,1,0,1,1,116,258
8626,8626,0,1,0,1,1,116,258
8627,8627,0,1,0,1,1,116,258
8628,8628,0,1,1,1,1,116,258
8629,8629,0,1,0,1,1,116,258
8630,8630,0,1,0,1,1,116,258
8631,8631,0,1,0,1,1,117,258
8632,8632,0,1,1,1,1,117,258
8633,8633,0,1,0,1,1,117,258
8634,8634,0,1,0,1,1,117,258
8635,8635,0,1,0,1,1,117,258
8636,8636,0,1,1,0,1,117,258
8637,8637,0,1,0,0,0,117,258
8638,8638,0,1,0,0,0,117,258
8639,8639,0,1,0,0,0,117,258
8640,8640,0,1,1,0,0,117,259
8641,8641,0,1,0,0,1,117,259
8642,8642,0,1,0,0,1,117,259
8643,8643,0,1,0,0,1,117,259
8644,8644,0,1,1,0,1,117,259
8645,8645,0,1,0,0,1,117,259
8646,8646,0,1,0,0,1,117,259
8647,8647,0,1,0,0,1,117,259
8648,8648,0,1,1,0,1,117,259
8649,8649,0,1,0,0,0,117,259
8650,8650,0,1,0,0,0,117,259
8651,8651,0,1,0,0,0,118,259
8652,8652,0,1,1,0,0,118,259
8653,8653,0,1,0,0,0,118,259
8654,8654,0,1,0,0,0,118,259
8655,8655,0,1,0,0,0,118,259
8656,8656,0,1,1,1,0,118,259
8657,8657,0,1,0,1,0,118,259
8658,8658,0,1,0,1,0,118,259
8659,8659,0,1,0,1,0,118,259
8660,8660,0,1,1,1,0,118,260
8661,8661,0,1,0,1,0,118,260
8662,8662,0,1,0,1,0,118,260
8663,8663,0,1,0,1,0,118,260
8664,8664,0,1,1,1,0,118,260
8665,8665,0,1,0,1,0,118,260
8666,8666,0,1,0,1,0,118,260
8667,8667,0,1,0,1,0,118,260
8668,8668,0,1,1,1,0,118,260
8669,8669,0,1,0,1,0,118,260
8670,8670,0,1,0,1,0,118,260
8671,8671,0,1,0,1,0,118,260
8672,8672,0,1,1,1,0,118,260
8673,8673,0,1,0,1,0,118,260
8674,8674,0,1,0,1,0,118,260
8675,8675,0,1,0,1,0,118,260
8676,8676,0,1,1,0,0,118,260
8677,8677,0,1,0,0,1,118,260
8678,8678,0,1,0,0,1,118,260
8679,8679,0,1,0,0,1,118,260
8680,8680,0,1,1,0,1,118,261
8681,8681,0,1,0,0,0,118,261
8682,8682,0,1,0,0,0,118,261
8683,8683,0,1,0,0,0,118,261
8684,8684,0,1,1,0,0,118,261
8685,8685,0,1,0,0,1,118,261
8686,8686,0,1,0,0,1,118,261
8687,8687,0,1,0,0,1,118,261
8688,8688,0,1,1,0,1,118,261
8689,8689,0,1,0,0,1,118,261
8690,8690,0,1,0,0,1,118,261
8691,8691,0,1,0,0,1,118,261
8692,8692,0,1,1,0,1,118,261
8693,8693,0,1,0,0,1,118,261
8694,8694,0,1,0,0,1,118,261
8695,8695,0,1,0,0,1,118,261
8696,8696,0,1,1,0,1,118,261
8697,8697,0,1,0,0,1,118,261
8698,8698,0,1,0,0,1,118,261
8699,8699,0,1,0,0,1,118,261
8700,8700,0,1,1,0,1,118,262
8701,8701,0,1,0,0,1,118,262
8702,8702,0,1,0,0,1,118,262
8703,8703,0,1,0,0,1,118,262
8704,8704,0,1,1,0,1,118,262
8705,8705,0,1,0,0,1,118,262
8706,8706,0,1,0,0,1,118,262
8707,8707,0,1,0,0,1,118,262
8708,8708,0,1,1,0,1,118,262
8709,8709,0,1,0,0,1,118,262
8710,8710,0,1,0,0,1,118,262
8711,8711,0,1,0,0,1,118,262
8712,8712,0,1,1,0,1,118,262
8713,8713,0,1,0,0,1,118,262
8714,8714,0,1,0,0,1,118,262
8715,8715,0,1,0,0,1,118,262
8716,8716,0,1,1,1,1,118,262
8717,8717,0,1,0,1,1,118,262
8718,8718,0,1,0,1,1,118,262
8719,8719,0,1,0,1,1,118,262
8720,8720,0,1,1,1,1,118,263
8721,8721,0,1,0,1,1,118,263
8722,8722,0,1,0,1,1,118,263
8723,8723,0,1,0,1,1,118,263
8724,8724,0,1,1,1,1,118,263
8725,8725,0,1,0,1,1,118,263
8726,8726,0,1,0,1,1,118,263
8727,8727,0,1,0,1,1,118,263
8728,8728,0,1,1,1,1,118,263
8729,8729,0,1,0,1,1,118,263
8730,8730,0,1,0,1,1,118,263
8731,8731,0,1,0,1,1,119,263
8732,8732,0,1,1,1,1,119,263
8733,8733,0,1,0,1,0,119,263
8734,8734,0,1,0,1,0,119,263
8735,8735,0,1,0,1,0,119,263
8736,8736,0,1,1,0,0,119,263
8737,8737,0,1,0,0,0,119,263
8738,8738,0,1,0,0,0,119,263
8739,8739,0,1,0,0,0,119,263
8740,8740,0,1,1,0,0,119,264
8741,8741,0,1,0,0,0,119,264
8742,8742,0,1,0,0,0,119,264
8743,8743,0,1,0,0,0,119,264
8744,8744,0,1,1,0,0,119,264
8745,8745,0,1,0,0,1,119,264
8746,8746,0,1,0,0,1,119,264
8747,8747,0,1,0,0,1,119,264
8748,8748,0,1,1,0,1,119,264
8749,8749,0,1,0,0,1,119,264
8750,8750,0,1,0,0,1,119,264
8751,8751,0,1,0,0,1,119,264
8752,8752,0,1,1,0,1,119,264
8753,8753,0,1,0,0,1,119,264
8754,8754,0,1,0,0,1,119,264
8755,8755,0,1,0,0,1,119,264
8756,8756,0,1,1,1,1,119,264
8757,8757,0,1,0,1,1,119,264
8758,8758,0,1,0,1,1,119,264
8759,8759,0,1,0,1,1,119,264
8760,8760,0,1,1,1,1,119,265
8761,8761,0,1,0,1,1,119,265
8762,8762,0,1,0,1,1,119,265
8763,8763,0,1,0,1,1,119,265
8764,8764,0,1,1,1,1,119,265
8765,8765,0,1,0,1,0,119,265
8766,8766,0,1,0,1,0,119,265
8767,8767,0,1,0,1,0,119,265
8768,8768,0,1,1,1,0,119,265
8769,8769,0,1,0,1,1,119,265
8770,8770,0,1,0,1,1,119,265
8771,8771,0,1,0,1,1,120,265
8772,8772,0,1,1,1,1,120,265
8773,8773,0,1,0,1,1,120,265
8774,8774,0,1,0,1,1,120,265
8775,8775,0,1,0,1,1,120,265
8776,8776,0,1,1,1,1,120,265
8777,8777,0,1,0,1,0,120,265
8778,8778,0,1,0,1,0,120,265
8779,8779,0,1,0,1,0,120,265
8780,8780,0,1,1,1,0,120,266
8781,8781,0,1,0,1,0,120,266
8782,8782,0,1,0,1,0,120,266
8783,8783,0,1,0,1,0,120,266
8784,8784,0,1,1,1,0,120,266
8785,8785,0,1,0,1,1,120,266
8786,8786,0,1,0,1,1,120,266
8787,8787,0,1,0,1,1,120,266
8788,8788,0,1,1,1,1,120,266
8789,8789,0,1,0,1,1,120,266
8790,8790,0,1,0,1,1,120,266
8791,8791,0,1,0,1,1,121,266
8792,8792,0,1,1,1,1,121,266
8793,8793,0,1,0,1,1,121,266
8794,8794,0,1,0,1,1,121,266
8795,8795,0,1,0,1,1,121,266
8796,8796,0,1,1,1,1,121,266
8797,8797,0,1,0,1,1,121,266
8798,8798,0,1,0,1,1,121,266
8799,8799,0,1,0,1,1,121,266
8800,8800,0,1,1,1,1,121,267
8801,8801,0,1,0,1,1,121,267
8802,8802,0,1,0,1,1,121,267
8803,8803,0,1,0,1,1,121,267
8804,8804,0,1,1,1,1,121,267
8805,8805,0,1,0,1,0,121,267
8806,8806,0,1,0,1,0,121,267
8807,8807,0,1,0,1,0,121,267
8808,8808,0,1,1,1,0,121,267
8809,8809,0,1,0,1,1,121,267
8810,8810,0,1,0,1,1,121,267
8811,8811,0,1,0,1,1,122,267
8812,8812,0,1,1,1,1,122,267
8813,8813,0,1,0,1,0,122,267
8814,8814,0,1,0,1,0,122,267
8815,8815,0,1,0,1,0,122,267
8816,8816,0,1,1,1,0,122,267
8817,8817,0,1,0,1,0,122,267
8818,8818,0,1,0,1,0,122,267
8819,8819,0,1,0,1,0,122,267
8820,8820,0,1,1,1,0,122,268
8821,8821,0,1,0,1,0,122,268
8822,8822,0,1,0,1,0,122,268
8823,8823,0,1,0,1,0,122,268
8824,8824,0,1,1,1,0,122,268
8825,8825,0,1,0,1,1,122,268
8826,8826,0,1,0,1,1,122,268
8827,8827,0,1,0,1,1,122,268
8828,8828,0,1,1,1,1,122,268
8829,8829,0,1,0,1,1,122,268
8830,8830,0,1,0,1,1,122,268
8831,8831,0,1,0,1,1,123,268
8832,8832,0,1,1,1,1,123,268
8833,8833,0,1,0,1,0,123,268
8834,8834,0,1,0,1,0,123,268
8835,8835,0,1,0,1,0,123,268
8836,8836,0,1,1,1,0,123,268
8837,8837,0,1,0,1,0,123,268
8838,8838,0,1,0,1,0,123,268
8839,8839,0,1,0,1,0,123,268
8840,8840,0,1,1,1,0,123,269
8841,8841,0,1,0,1,0,123,269
8842,8842,0,1,0,1,0,123,269
8843,8843,0,1,0,1,0,123,269
8844,8844,0,1,1,1,0,123,269
8845,8845,0,1,0,1,0,123,269
8846,8846,0,1,0,1,0,123,269
8847,8847,0,1,0,1,0,123,269
8848,8848,0,1,1,1,0,123,269
8849,8849,0,1,0,1,0,123,269
8850,8850,0,1,0,1,0,123,269
8851,8851,0,1,0,1,0,123,269
8852,8852,0,1,1,1,0,123,269
8853,8853,0,1,0,1,1,123,269
8854,8854,0,1,0,1,1,123,269
8855,8855,0,1,0,1,1,123,269
8856,8856,0,1,1,0,1,123,269
8857,8857,0,1,0,0,0,123,269
8858,8858,0,1,0,0,0,123,269
8859,8859,0,1,0,0,0,123,269
8860,8860,0,1,1,0,0,123,270
8861,8861,0,1,0,0,0,123,270
8862,8862,0,1,0,0,0,123,270
8863,8863,0,1,0,0,0,123,270
8864,8864,0,1,1,0,0,123,270
8865,8865,0,1,0,0,1,123,270
8866,8866,0,1,0,0,1,123,270
8867,8867,0,1,0,0,1,123,270
8868,8868,0,1,1,0,1,123,270
8869,8869,0,1,0,0,0,123,270
8870,8870,0,1,0,0,0,123,270
8871,8871,0,1,0,0,0,124,270
8872,8872,0,1,1,0,0,124,270
8873,8873,0,1,0,0,1,124,270
8874,8874,0,1,0,0,1,124,270
8875,8875,0,1,0,0,1,124,270
8876,8876,0,1,1,0,1,124,270
8877,8877,0,1,0,0,1,124,270
8878,8878,0,1,0,0,1,124,270
8879,8879,0,1,0,0,1,124,270
8880,8880,0,1,1,0,1,124,271
8881,8881,0,1,0,0,0,124,271
8882,8882,0,1,0,0,0,124,271
8883,8883,0,1,0,0,0,124,271
8884,8884,0,1,1,0,0,124,271
8885,8885,0,1,0,0,0,124,271
8886,8886,0,1,0,0,0,124,271
8887,8887,0,1,0,0,0,124,271
8888,8888,0,1,1,0,0,124,271
8889,8889,0,1,0,0,1,124,271
8890,8890,0,1,0,0,1,124,271
8891,8891,0,1,0,0,1,124,271
8892,8892,0,1,1,0,1,124,271
8893,8893,0,1,0,0,0,124,271
8894,8894,0,1,0,0,0,124,271
8895,8895,0,1,0,0,0,124,271
8896,8896,0,1,1,0,0,124,271
8897,8897,0,1,0,0,1,124,271
8898,8898,0,1,0,0,1,124,271
8899,8899,0,1,0,0,1,124,271
8900,8900,0,1,1,0,1,124,272
8901,8901,0,1,0,0,0,124,272
8902,8902,0,1,0,0,0,124,272
8903,8903,0,1,0,0,0,124,272
8904,8904,0,1,1,0,0,124,272
8905,8905,0,1,0,0,1,124,272
8906,8906,0,1,0,0,1,124,272
8907,8907,0,1,0,0,1,124,272
8908,8908,0,1,1,0,1,124,272
8909,8909,0,1,0,0,1,124,272
8910,8910,0,1,0,0,1,124,272
8911,8911,0,1,0,0,1,124,272
8912,8912,0,1,1,0,1,124,272
8913,8913,0,1,0,0,1,124,272
8914,8914,0,1,0,0,1,124,272
8915,8915,0,1,0,0,1,124,272
8916,8916,0,1,1,1,1,124,272
8917,8917,0,1,0,1,0,124,272
8918,8918,0,1,0,1,0,124,272
8919,8919,0,1,0,1,0,124,272
8920,8920,0,1,1,1,0,124,273
8921,8921,0,1,0,1,0,124,273
8922,8922,0,1,0,1,0,124,273
8923,8923,0,1,0,1,0,124,273
8924,8924,0,1,1,1,0,124,273
8925,8925,0,1,0,1,1,124,273
8926,8926,0,1,0,1,1,124,273
8927,8927,0,1,0,1,1,124,273
8928,8928,0,1,1,1,1,124,273
8929,8929,0,1,0,1,0,124,273
8930,8930,0,1,0,1,0,124,273
8931,8931,0,1,0,1,0,124,273
8932,8932,0,1,1,1,0,124,273
8933,8933,0,1,0,1,0,124,273
8934,8934,0,1,0,1,0,124,273
8935,8935,0,1,0,1,0,124,273
8936,8936,0,1,1,1,0,124,273
8937,8937,0,1,0,1,0,124,273
8938,8938,0,1,0,1,0,124,273
8939,8939,0,1,0,1,0,124,273
8940,8940,0,1,1,1,0,124,274
8941,8941,0,1,0,1,0,124,274
8942,8942,0,1,0,1,0,124,274
8943,8943,0,1,0,1,0,124,274
8944,8944,0,1,1,1,0,124,274
8945,8945,0,1,0,1,1,124,274
8946,8946,0,1,0,1,1,124,274
8947,8947,0,1,0,1,1,124,274
8948,8948,0,1,1,1,1,124,274
8949,8949,0,1,0,1,1,124,274
8950,8950,0,1,0,1,1,124,274
8951,8951,0,1,0,1,1,125,274
8952,8952,0,1,1,1,1,125,274
8953,8953,0,1,0,1,1,125,274
8954,8954,0,1,0,1,1,125,274
8955,8955,0,1,0,1,1,125,274
8956,8956,0,1,1,0,1,125,274
8957,8957,0,1,0,0,1,125,274
8958,8958,0,1,0,0,1,125,274
8959,8959,0,1,0,0,1,125,274
8960,8960,0,1,1,0,1,125,275
8961,8961,0,1,0,0,0,125,275
8962,8962,0,1,0,0,0,125,275
8963,8963,0,1,0,0,0,125,275
8964,8964,0,1,1,0,0,125,275
8965,8965,0,1,0,0,0,125,275
8966,8966,0,1,0,0,0,125,275
8967,8967,0,1,0,0,0,125,275
8968,8968,0,1,1,0,0,125,275
8969,8969,0,1,0,0,1,125,275
8970,8970,0,1,0,0,1,125,275
8971,8971,0,1,0,0,1,125,275
8972,8972,0,1,1,0,1,125,275
8973,8973,0,1,0,0,1,125,275
8974,8974,0,1,0,0,1,125,275
8975,8975,0,1,0,0,1,125,275
8976,8976,0,1,1,0,1,125,275
8977,8977,0,1,0,0,0,125,275
8978,8978,0,1,0,0,0,125,275
8979,8979,0,1,0,0,0,125,275
8980,8980,0,1,1,0,0,125,276
8981,8981,0,1,0,0,1,125,276
8982,8982,0,1,0,0,1,125,276
8983,8983,0,1,0,0,1,125,276
8984,8984,0,1,1,0,1,125,276
8985,8985,0,1,0,0,1,125,276
8986,8986,0,1,0,0,1,125,276
8987,8987,0,1,0,0,1,125,276
8988,8988,0,1,1,0,1,125,276
8989,8989,0,1,0,0,0,125,276
8990,8990,0,1,0,0,0,125,276
8991,8991,0,1,0,0,0,126,276
8992,8992,0,1,1,0,0,126,276
8993,8993,0,1,0,0,0,126,276
8994,8994,0,1,0,0,0,126,276
8995,8995,0,1,0,0,0,126,276
8996,8996,0,1,1,0,0,126,276
8997,8997,0,1,0,0,1,126,276
8998,8998,0,1,0,0,1,126,276
8999,8999,0,1,0,0,1,126,276
9000,9000,0,1,1,0,1,126,277
9001,9001,0,1,0,0,1,126,277
9002,9002,0,1,0,0,1,126,277
9003,9003,0,1,0,0,1,126,277
9004,9004,0,1,1,0,1,126,277
9005,9005,0,1,0,0,0,126,277
9006,9006,0,1,0,0,0,126,277
9007,9007,0,1,0,0,0,126,277
9008,9008,0,1,1,0,0,126,277
9009,9009,0,1,0,0,1,126,277
9010,9010,0,1,0,0,1,126,277
9011,9011,0,1,0,0,1,126,277
9012,9012,0,1,1,0,1,126,277
9013,9013,0,1,0,0,1,126,277
9014,9014,0,1,0,0,1,126,277
9015,9015,0,1,0,0,1,126,277
9016,9016,0,1,1,0,1,126,277
9017,9017,0,1,0,0,1,126,277
9018,9018,0,1,0,0,1,126,277
9019,9019,0,1,0,0,1,126,277
9020,9020,0,1,1,0,1,126,278
9021,9021,0,1,0,0,1,126,278
9022,9022,0,1,0,0,1,126,278
9023,9023,0,1,0,0,1,126,278
9024,9024,0,1,1,0,1,126,278
9025,9025,0,1,0,0,1,126,278
9026,9026,0,1,0,0,1,126,278
9027,9027,0,1,0,0,1,126,278
9028,9028,0,1,1,0,1,126,278
9029,9029,0,1,0,0,0,126,278
9030,9030,0,1,0,0,0,126,278
9031,9031,0,1,0,0,0,127,278
9032,9032,0,1,1,0,0,127,278
9033,9033,0,1,0,0,1,127,278
9034,9034,0,1,0,0,1,127,278
9035,9035,0,1,0,0,1,127,278
9036,9036,0,1,1,1,1,127,278
9037,9037,0,1,0,1,1,127,278
9038,9038,0,1,0,1,1,127,278
9039,9039,0,1,0,1,1,127,278
9040,9040,0,1,1,1,1,127,279
9041,9041,0,1,0,1,1,127,279
9042,9042,0,1,0,1,1,127,279
9043,9043,0,1,0,1,1,127,279
9044,9044,0,1,1,1,1,127,279
9045,9045,0,1,0,1,0,127,279
9046,9046,0,1,0,1,0,127,279
9047,9047,0,1,0,1,0,127,279
9048,9048,0,1,1,1,0,127,279
9049,9049,0,1,0,1,1,127,279
9050,9050,0,1,0,1,1,127,279
9051,9051,0,1,0,1,1,128,279
9052,9052,0,1,1,1,1,128,279
9053,9053,0,1,0,1,1,128,279
9054,9054,0,1,0,1,1,128,279
9055,9055,0,1,0,1,1,128,279
9056,9056,0,1,1,1,1,128,279
9057,9057,0,1,0,1,1,128,279
9058,9058,0,1,0,1,1,128,279
9059,9059,0,1,0,1,1,128,279
9060,9060,0,1,1,1,1,128,280
9061,9061,0,1,0,1,0,128,280
9062,9062,0,1,0,1,0,128,280
9063,9063,0,1,0,1,0,128,280
9064,9064,0,1,1,1,0,128,280
9065,9065,0,1,0,1,1,128,280
9066,9066,0,1,0,1,1,128,280
9067,9067,0,1,0,1,1,128,280
9068,9068,0,1,1,1,1,128,280
9069,9069,0,1,0,1,1,128,280
9070,9070,0,1,0,1,1,128,280
9071,9071,0,1,0,1,1,129,280
9072,9072,0,1,1,1,1,129,280
9073,9073,0,1,0,1,1,129,280
9074,9074,0,1,0,1,1,129,280
9075,9075,0,1,0,1,1,129,280
9076,9076,0,1,1,0,1,129,280
9077,9077,0,1,0,0,0,129,280
9078,9078,0,1,0,0,0,129,280
9079,9079,0,1,0,0,0,129,280
9080,9080,0,1,1,0,0,129,281
9081,9081,0,1,0,0,1,129,281
9082,9082,0,1,0,0,1,129,281
9083,9083,0,1,0,0,1,129,281
9084,9084,0,1,1,0,1,129,281
9085,9085,0,1,0,0,0,129,281
9086,9086,0,1,0,0,0,129,281
9087,9087,0,1,0,0,0,129,281
9088,9088,0,1,1,0,0,129,281
9089,9089,0,1,0,0,1,129,281
9090,9090,0,1,0,0,1,129,281
9091,9091,0,1,0,0,1,129,281
9092,9092,0,1,1,0,1,129,281
9093,9093,0,1,0,0,0,129,281
9094,9094,0,1,0,0,0,129,281
9095,9095,0,1,0,0,0,129,281
9096,9096,0,1,1,1,0,129,281
9097,9097,0,1,0,1,1,129,281
9098,9098,0,1,0,1,1,129,281
9099,9099,0,1,0,1,1,129,281
9100,9100,0,1,1,1,1,129,282
9101,9101,0,1,0,1,1,129,282
9102,9102,0,1,0,1,1,129,282
9103,9103,0,1,0,1,1,129,282
9104,9104,0,1,1,1,1,129,282
9105,9105,0,1,0,1,1,129,282
9106,9106,0,1,0,1,1,129,282
9107,9107,0,1,0,1,1,129,282
9108,9108,0,1,1,1,1,129,282
9109,9109,0,1,0,1,1,129,282
9110,9110,0,1,0,1,1,129,282
9111,9111,0,1,0,1,1,130,282
9112,9112,0,1,1,1,1,130,282
9113,9113,0,1,0,1,0,130,282
9114,9114,0,1,0,1,0,130,282
9115,9115,0,1,0,1,0,130,282
9116,9116,0,1,1,1,0,130,282
9117,9117,0,1,0,1,0,130,282
9118,9118,0,1,0,1,0,130,282
9119,9119,0,1,0,1,0,130,282
9120,9120,0,1,1,1,0,130,283
9121,9121,0,1,0,1,1,130,283
9122,9122,0,1,0,1,1,130,283
9123,9123,0,1,0,1,1,130,283
9124,9124,0,1,1,1,1,130,283
9125,9125,0,1,0,1,0,130,283
9126,9126,0,1,0,1,0,130,283
9127,9127,0,1,0,1,0,130,283
9128,9128,0,1,1,1,0,130,283
9129,9129,0,1,0,1,1,130,283
9130,9130,0,1,0,1,1,130,283
9131,9131,0,1,0,1,1,131,283
9132,9132,0,1,1,1,1,131,283
9133,9133,0,1,0,1,0,131,283
9134,9134,0,1,0,1,0,131,283
9135,9135,0,1,0,1,0,131,283
9136,9136,0,1,1,1,0,131,283
9137,9137,0,1,0,1,1,131,283
9138,9138,0,1,0,1,1,131,283
9139,9139,0,1,0,1,1,131,283
9140,9140,0,1,1,1,1,131,284
9141,9141,0,1,0,1,0,131,284
9142,9142,0,1,0,1,0,131,284
9143,9143,0,1,0,1,0,131,284
9144,9144,0,1,1,1,0,131,284
9145,9145,0,1,0,1,0,131,284
9146,9146,0,1,0,1,0,131,284
9147,9147,0,1,0,1,0,131,284
9148,9148,0,1,1,1,0,131,284
9149,9149,0,1,0,1,0,131,284
9150,9150,0,1,0,1,0,131,284
9151,9151,0,1,0,1,0,131,284
9152,9152,0,1,1,1,0,131,284
9153,9153,0,1,0,1,0,131,284
9154,9154,0,1,0,1,0,131,284
9155,9155,0,1,0,1,0,131,284
9156,9156,0,1,1,0,0,131,284
9157,9157,0,1,0,0,1,131,284
9158,9158,0,1,0,0,1,131,284
9159,9159,0,1,0,0,1,131,284
9160,9160,0,1,1,0,1,131,285
9161,9161,0,1,0,0,0,131,285
9162,9162,0,1,0,0,0,131,285
9163,9163,0,1,0,0,0,131,285
9164,9164,0,1,1,0,0,131,285
9165,9165,0,1,0,0,1,131,285
9166,9166,0,1,0,0,1,131,285
9167,9167,0,1,0,0,1,131,285
9168,9168,0,1,1,0,1,131,285
9169,9169,0,1,0,0,1,131,285
9170,9170,0,1,0,0,1,131,285
9171,9171,0,1,0,0,1,131,285
9172,9172,0,1,1,0,1,131,285
9173,9173,0,1,0,0,0,131,285
9174,9174,0,1,0,0,0,131,285
9175,9175,0,1,0,0,0,131,285
9176,9176,0,1,1,1,0,131,285
9177,9177,0,1,0,1,1,131,285
9178,9178,0,1,0,1,1,131,285
9179,9179,0,1,0,1,1,131,285
9180,9180,0,1,1,1,1,131,286
9181,9181,0,1,0,1,1,131,286
9182,9182,0,1,0,1,1,131,286
9183,9183,0,1,0,1,1,131,286
9184,9184,0,1,1,1,1,131,286
9185,9185,0,1,0,1,1,131,286
9186,9186,0,1,0,1,1,131,286
9187,9187,0,1,0,1,1,131,286
9188,9188,0,1,1,1,1,131,286
9189,9189,0,1,0,1,1,131,286
9190,9190,0,1,0,1,1,131,286
9191,9191,0,1,0,1,1,132,286
9192,9192,0,1,1,1,1,132,286
9193,9193,0,1,0,1,1,132,286
9194,9194,0,1,0,1,1,132,286
9195,9195,0,1,0,1,1,132,286
9196,9196,0,1,1,0,1,132,286
9197,9197,0,1,0,0,1,132,286
9198,9198,0,1,0,0,1,132,286
9199,9199,0,1,0,0,1,132,286
9200,9200,0,1,1,0,1,132,287
9201,9201,0,1,0,0,1,132,287
9202,9202,0,1,0,0,1,132,287
9203,9203,0,1,0,0,1,132,287
9204,9204,0,1,1,0,1,132,287
9205,9205,0,1,0,0,1,132,287
9206,9206,0,1,0,0,1,132,287
9207,9207,0,1,0,0,1,132,287
9208,9208,0,1,1,0,1,132,287
9209,9209,0,1,0,0,1,132,287
9210,9210,0,1,0,0,1,132,287
9211,9211,0,1,0,0,1,132,287
9212,9212,0,1,1,0,1,132,287
9213,9213,0,1,0,0,1,132,287
9214,9214,0,1,0,0,1,132,287
9215,9215,0,1,0,0,1,132,287
9216,9216,0,1,1,0,1,132,287
9217,9217,0,1,0,0,1,132,287
9218,9218,0,1,0,0,1,132,287
9219,9219,0,1,0,0,1,132,287
9220,9220,0,1,1,0,1,132,288
9221,9221,0,1,0,0,0,132,288
9222,9222,0,1,0,0,0,132,288
9223,9223,0,1,0,0,0,132,288
9224,9224,0,1,1,0,0,132,288
9225,9225,0,1,0,0,0,132,288
9226,9226,0,1,0,0,0,132,288
9227,9227,0,1,0,0,0,132,288
9228,9228,0,1,1,0,0,132,288
9229,9229,0,1,0,0,0,132,288
9230,9230,0,1,0,0,0,132,288
9231,9231,0,1,0,0,0,133,288
9232,9232,0,1,1,0,0,133,288
9233,9233,0,1,0,0,1,133,288
9234,9234,0,1,0,0,1,133,288
9235,9235,0,1,0,0,1,133,288
9236,9236,0,1,1,0,1,133,288
9237,9237,0,1,0,0,1,133,288
9238,9238,0,1,0,0,1,133,288
9239,9239,0,1,0,0,1,133,288
9240,9240,0,1,1,0,1,133,289
9241,9241,0,1,0,0,1,133,289
9242,9242,0,1,0,0,1,133,289
9243,9243,0,1,0,0,1,133,289
9244,9244,0,1,1,0,1,133,289
9245,9245,0,1,0,0,1,133,289
9246,9246,0,1,0,0,1,133,289
9247,9247,0,1,0,0,1,133,289
9248,9248,0,1,1,0,1,133,289
9249,9249,0,1,0,0,0,133,289
9250,9250,0,1,0,0,0,133,289
9251,9251,0,1,0,0,0,134,289
9252,9252,0,1,1,0,0,134,289
9253,9253,0,1,0,0,1,134,289
9254,9254,0,1,0,0,1,134,289
9255,9255,0,1,0,0,1,134,289
9256,9256,0,1,1,0,1,134,289
9257,9257,0,1,0,0,0,134,289
9258,9258,0,1,0,0,0,134,289
9259,9259,0,1,0,0,0,134,289
9260,9260,0,1,1,0,0,134,290
9261,9261,0,1,0,0,1,134,290
9262,9262,0,1,0,0,1,134,290
9263,9263,0,1,0,0,1,134,290
9264,9264,0,1,1,0,1,134,290
9265,9265,0,1,0,0,1,134,290
9266,9266,0,1,0,0,1,134,290
9267,9267,0,1,0,0,1,134,290
9268,9268,0,1,1,0,1,134,290
9269,9269,0,1,0,0,1,134,290
9270,9270,0,1,0,0,1,134,290
9271,9271,0,1,0,0,1,134,290
9272,9272,0,1,1,0,1,134,290
9273,9273,0,1,0,0,0,134,290
9274,9274,0,1,0,0,0,134,290
9275,9275,0,1,0,0,0,134,290
9276,9276,0,1,1,1,0,134,290
9277,9277,0,1,0,1,0,134,290
9278,9278,0,1,0,1,0,134,290
9279,9279,0,1,0,1,0,134,290
9280,9280,0,1,1,1,0,134,291
9281,9281,0,1,0,1,0,134,291
9282,9282,0,1,0,1,0,134,291
9283,9283,0,1,0,1,0,134,291
9284,9284,0,1,1,1,0,134,291
9285,9285,0,1,0,1,1,134,291
9286,9286,0,1,0,1,1,134,291
9287,9287,0,1,0,1,1,134,291
9288,9288,0,1,1,1,1,134,291
9289,9289,0,1,0,1,0,134,291
9290,9290,0,1,0,1,0,134,291
9291,9291,0,1,0,1,0,134,291
9292,9292,0,1,1,1,0,134,291
9293,9293,0,1,0,1,0,134,291
9294,9294,0,1,0,1,0,134,291
9295,9295,0,1,0,1,0,134,291
9296,9296,0,1,1,0,0,134,291
9297,9297,0,1,0,0,1,134,291
9298,9298,0,1,0,0,1,134,291
9299,9299,0,1,0,0,1,134,291
9300,9300,0,1,1,0,1,134,292
9301,9301,0,1,0,0,1,134,292
9302,9302,0,1,0,0,1,134,292
9303,9303,0,1,0,0,1,134,292
9304,9304,0,1,1,0,1,134,292
9305,9305,0,1,0,0,0,134,292
9306,9306,0,1,0,0,0,134,292
9307,9307,0,1,0,0,0,134,292
9308,9308,0,1,1,0,0,134,292
9309,9309,0,1,0,0,1,134,292
9310,9310,0,1,0,0,1,134,292
9311,9311,0,1,0,0,1,134,292
9312,9312,0,1,1,0,1,134,292
9313,9313,0,1,0,0,1,134,292
9314,9314,0,1,0,0,1,134,292
9315,9315,0,1,0,0,1,134,292
9316,9316,0,1,1,1,1,134,292
9317,9317,0,1,0,1,1,134,292
9318,9318,0,1,0,1,1,134,292
9319,9319,0,1,0,1,1,134,292
9320,9320,0,1,1,1,1,134,293
9321,9321,0,1,0,1,1,134,293
9322,9322,0,1,0,1,1,134,293
9323,9323,0,1,0,1,1,134,293
9324,9324,0,1,1,1,1,134,293
9325,9325,0,1,0,1,0,134,293
9326,9326,0,1,0,1,0,134,293
9327,9327,0,1,0,1,0,134,293
9328,9328,0,1,1,1,0,134,293
9329,9329,0,1,0,1,0,134,293
9330,9330,0,1,0,1,0,134,293
9331,9331,0,1,0,1,0,134,293
9332,9332,0,1,1,1,0,134,293
9333,9333,0,1,0,1,0,134,293
9334,9334,0,1,0,1,0,134,293
9335,9335,0,1,0,1,0,134,293
9336,9336,0,1,1,0,0,134,293
9337,9337,0,1,0,0,1,134,293
9338,9338,0,1,0,0,1,134,293
9339,9339,0,1,0,0,1,134,293
9340,9340,0,1,1,0,1,134,294
9341,9341,0,1,0,0,1,134,294
9342,9342,0,1,0,0,1,134,294
9343,9343,0,1,0,0,1,134,294
9344,9344,0,1,1,0,1,134,294
9345,9345,0,1,0,0,1,134,294
9346,9346,0,1,0,0,1,134,294
9347,9347,0,1,0,0,1,134,294
9348,9348,0,1,1,0,1,134,294
9349,9349,0,1,0,0,1,134,294
9350,9350,0,1,0,0,1,134,294
9351,9351,0,1,0,0,1,134,294
9352,9352,0,1,1,0,1,134,294
9353,9353,0,1,0,0,0,134,294
9354,9354,0,1,0,0,0,134,294
9355,9355,0,1,0,0,0,134,294
9356,9356,0,1,1,1,0,134,294
9357,9357,0,1,0,1,1,134,294
9358,9358,0,1,0,1,1,134,294
9359,9359,0,1,0,1,1,134,294
9360,9360,0,1,1,1,1,134,295
9361,9361,0,1,0,1,1,134,295
9362,9362,0,1,0,1,1,134,295
9363,9363,0,1,0,1,1,134,295
9364,9364,0,1,1,1,1,134,295
9365,9365,0,1,0,1,0,134,295
9366,9366,0,1,0,1,0,134,295
9367,9367,0,1,0,1,0,134,295
9368,9368,0,1,1,1,0,134,295
9369,9369,0,1,0,1,1,134,295
9370,9370,0,1,0,1,1,134,295
9371,9371,0,1,0,1,1,135,295
9372,9372,0,1,1,1,1,135,295
9373,9373,0,1,0,1,1,135,295
9374,9374,0,1,0,1,1,135,295
9375,9375,0,1,0,1,1,135,295
9376,9376,0,1,1,1,1,135,295
9377,9377,0,1,0,1,0,135,295
9378,9378,0,1,0,1,0,135,295
9379,9379,0,1,0,1,0,135,295
9380,9380,0,1,1,1,0,135,296
9381,9381,0,1,0,1,0,135,296
9382,9382,0,1,0,1,0,135,296
9383,9383,0,1,0,1,0,135,296
9384,9384,0,1,1,1,0,135,296
9385,9385,0,1,0,1,1,135,296
9386,9386,0,1,0,1,1,135,296
9387,9387,0,1,0,1,1,135,296
9388,9388,0,1,1,1,1,135,296
9389,9389,0,1,0,1,0,135,296
9390,9390,0,1,0,1,0,135,296
9391,9391,0,1,0,1,0,135,296
9392,9392,0,1,1,1,0,135,296
9393,9393,0,1,0,1,0,135,296
9394,9394,0,1,0,1,0,135,296
9395,9395,0,1,0,1,0,135,296
9396,9396,0,1,1,1,0,135,296
9397,9397,0,1,0,1,1,135,296
9398,9398,0,1,0,1,1,135,296
9399,9399,0,1,0,1,1,135,296
9400,9400,0,1,1,1,1,135,297
9401,9401,0,1,0,1,0,135,297
9402,9402,0,1,0,1,0,135,297
9403,9403,0,1,0,1,0,135,297
9404,9404,0,1,1,1,0,135,297
9405,9405,0,1,0,1,1,135,297
9406,9406,0,1,0,1,1,135,297
9407,9407,0,1,0,1,1,135,297
9408,9408,0,1,1,1,1,135,297
9409,9409,0,1,0,1,0,135,297
9410,9410,0,1,0,1,0,135,297
9411,9411,0,1,0,1,0,135,297
9412,9412,0,1,1,1,0,135,297
9413,9413,0,1,0,1,0,135,297
9414,9414,0,1,0,1,0,135,297
9415,9415,0,1,0,1,0,135,297
9416,9416,0,1,1,1,0,135,297
9417,9417,0,1,0,1,1,135,297
9418,9418,0,1,0,1,1,135,297
9419,9419,0,1,0,1,1,135,297
9420,9420,0,1,1,1,1,135,298
9421,9421,0,1,0,1,1,135,298
9422,9422,0,1,0,1,1,135,298
9423,9423,0,1,0,1,1,135,298
9424,9424,0,1,1,1,1,135,298
9425,9425,0,1,0,1,0,135,298
9426,9426,0,1,0,1,0,135,298
9427,9427,0,1,0,1,0,135,298
9428,9428,0,1,1,1,0,135,298
9429,9429,0,1,0,1,1,135,298
9430,9430,0,1,0,1,1,135,298
9431,9431,0,1,0,1,1,136,298
9432,9432,0,1,1,1,1,136,298
9433,9433,0,1,0,1,1,136,298
9434,9434,0,1,0,1,1,136,298
9435,9435,0,1,0,1,1,136,298
9436,9436,0,1,1,0,1,136,298
9437,9437,0,1,0,0,0,136,298
9438,9438,0,1,0,0,0,136,298
9439,9439,0,1,0,0,0,136,298
9440,9440,0,1,1,0,0,136,299
9441,9441,0,1,0,0,0,136,299
9442,9442,0,1,0,0,0,136,299
9443,9443,0,1,0,0,0,136,299
9444,9444,0,1,1,0,0,136,299
9445,9445,0,1,0,0,0,136,299
9446,9446,0,1,0,0,0,136,299
9447,9447,0,1,0,0,0,136,299
9448,9448,0,1,1,0,0,136,299
9449,9449,0,1,0,0,0,136,299
9450,9450,0,1,0,0,0,136,299
9451,9451,0,1,0,0,0,137,299
9452,9452,0,1,1,0,0,137,299
9453,9453,0,1,0,0,1,137,299
9454,9454,0,1,0,0,1,137,299
9455,9455,0,1,0,0,1,137,299
9456,9456,0,1,1,0,1,137,299
9457,9457,0,1,0,0,0,137,299
9458,9458,0,1,0,0,0,137,299
9459,9459,0,1,0,0,0,137,299
9460,9460,0,1,1,0,0,137,300
9461,9461,0,1,0,0,1,137,300
9462,9462,0,1,0,0,1,137,300
9463,9463,0,1,0,0,1,137,300
9464,9464,0,1,1,0,1,137,300
9465,9465,0,1,0,0,1,137,300
9466,9466,0,1,0,0,1,137,300
9467,9467,0,1,0,0,1,137,300
9468,9468,0,1,1,0,1,137,300
9469,9469,0,1,0,0,1,137,300
9470,9470,0,1,0,0,1,137,300
9471,9471,0,1,0,0,1,137,300
9472,9472,0,1,1,0,1,137,300
9473,9473,0,1,0,0,1,137,300
9474,9474,0,1,0,0,1,137,300
9475,9475,0,1,0,0,1,137,300
9476,9476,0,1,1,0,1,137,300
9477,9477,0,1,0,0,0,137,300
9478,9478,0,1,0,0,0,137,300
9479,9479,0,1,0,0,0,137,300
9480,9480,0,1,1,0,0,137,301
9481,9481,0,1,0,0,0,137,301
9482,9482,0,1,0,0,0,137,301
9483,9483,0,1,0,0,0,137,301
9484,9484,0,1,1,0,0,137,301
9485,9485,0,1,0,0,1,137,301
9486,9486,0,1,0,0,1,137,301
9487,9487,0,1,0,0,1,137,301
9488,9488,0,1,1,0,1,137,301
9489,9489,0,1,0,0,1,137,301
9490,9490,0,1,0,0,1,137,301
9491,9491,0,1,0,0,1,137,301
9492,9492,0,1,1,0,1,137,301
9493,9493,0,1,0,0,1,137,301
9494,9494,0,1,0,0,1,137,301
9495,9495,0,1,0,0,1,137,301
9496,9496,0,1,1,0,1,137,301
9497,9497,0,1,0,0,1,137,301
9498,9498,0,1,0,0,1,137,301
9499,9499,0,1,0,0,1,137,301
9500,9500,0,1,1,0,1,137,302
9501,9501,0,1,0,0,1,137,302
9502,9502,0,1,0,0,1,137,302
9503,9503,0,1,0,0,1,137,302
9504,9504,0,1,1,0,1,137,302
9505,9505,0,1,0,0,0,137,302
9506,9506,0,1,0,0,0,137,302
9507,9507,0,1,0,0,0,137,302
9508,9508,0,1,1,0,0,137,302
9509,9509,0,1,0,0,1,137,302
9510,9510,0,1,0,0,1,137,302
9511,9511,0,1,0,0,1,137,302
9512,9512,0,1,1,0,1,137,302
9513,9513,0,1,0,0,0,137,302
9514,9514,0,1,0,0,0,137,302
9515,9515,0,1,0,0,0,137,302
9516,9516,0,1,1,1,0,137,302
9517,9517,0,1,0,1,1,137,302
9518,9518,0,1,0,1,1,137,302
9519,9519,0,1,0,1,1,137,302
9520,9520,0,1,1,1,1,137,303
9521,9521,0,1,0,1,0,137,303
9522,9522,0,1,0,1,0,137,303
9523,9523,0,1,0,1,0,137,303
9524,9524,0,1,1,1,0,137,303
9525,9525,0,1,0,1,1,137,303
9526,9526,0,1,0,1,1,137,303
9527,9527,0,1,0,1,1,137,303
9528,9528,0,1,1,1,1,137,303
9529,9529,0,1,0,1,1,137,303
9530,9530,0,1,0,1,1,137,303
9531,9531,0,1,0,1,1,138,303
9532,9532,0,1,1,1,1,138,303
9533,9533,0,1,0,1,1,138,303
9534,9534,0,1,0,1,1,138,303
9535,9535,0,1,0,1,1,138,303
9536,9536,0,1,1,1,1,138,303
9537,9537,0,1,0,1,1,138,303
9538,9538,0,1,0,1,1,138,303
9539,9539,0,1,0,1,1,138,303
9540,9540,0,1,1,1,1,138,304
9541,9541,0,1,0,1,1,138,304
9542,9542,0,1,0,1,1,138,304
9543,9543,0,1,0,1,1,138,304
9544,9544,0,1,1,1,1,138,304
9545,9545,0,1,0,1,1,138,304
9546,9546,0,1,0,1,1,138,304
9547,9547,0,1,0,1,1,138,304
9548,9548,0,1,1,1,1,138,304
9549,9549,0,1,0,1,1,138,304
9550,9550,0,1,0,1,1,138,304
9551,9551,0,1,0,1,1,139,304
9552,9552,0,1,1,1,1,139,304
9553,9553,0,1,0,1,0,139,304
9554,9554,0,1,0,1,0,139,304
9555,9555,0,1,0,1,0,139,304
9556,9556,0,1,1,1,0,139,304
9557,9557,0,1,0,1,1,139,304
9558,9558,0,1,0,1,1,139,304
9559,9559,0,1,0,1,1,139,304
9560,9560,0,1,1,1,1,139,305
9561,9561,0,1,0,1,1,139,305
9562,9562,0,1,0,1,1,139,305
9563,9563,0,1,0,1,1,139,305
9564,9564,0,1,1,1,1,139,305
9565,9565,0,1,0,1,0,139,305
9566,9566,0,1,0,1,0,139,305
9567,9567,0,1,0,1,0,139,305
9568,9568,0,1,1,1,0,139,305
9569,9569,0,1,0,1,0,139,305
9570,9570,0,1,0,1,0,139,305
9571,9571,0,1,0,1,0,139,305
9572,9572,0,1,1,1,0,139,305
9573,9573,0,1,0,1,1,139,305
9574,9574,0,1,0,1,1,139,305
9575,9575,0,1,0,1,1,139,305
9576,9576,0,1,1,0,1,139,305
9577,9577,0,1,0,0,0,139,305
9578,9578,0,1,0,0,0,139,305
9579,9579,0,1,0,0,0,139,305
9580,9580,0,1,1,0,0,139,306
9581,9581,0,1,0,0,0,139,306
9582,9582,0,1,0,0,0,139,306
9583,9583,0,1,0,0,0,139,306
9584,9584,0,1,1,0,0,139,306
9585,9585,0,1,0,0,1,139,306
9586,9586,0,1,0,0,1,139,306
9587,9587,0,1,0,0,1,139,306
9588,9588,0,1,1,0,1,139,306
9589,9589,0,1,0,0,1,139,306
9590,9590,0,1,0,0,1,139,306
9591,9591,0,1,0,0,1,139,306
9592,9592,0,1,1,0,1,139,306
9593,9593,0,1,0,0,0,139,306
9594,9594,0,1,0,0,0,139,306
9595,9595,0,1,0,0,0,139,306
9596,9596,0,1,1,1,0,139,306
9597,9597,0,1,0,1,0,139,306
9598,9598,0,1,0,1,0,139,306
9599,9599,0,1,0,1,0,139,306
9600,9600,0,1,1,1,0,139,307
9601,9601,0,1,0,1,0,139,307
9602,9602,0,1,0,1,0,139,307
9603,9603,0,1,0,1,0,139,307
9604,9604,0,1,1,1,0,139,307
9605,9605,0,1,0,1,0,139,307
9606,9606,0,1,0,1,0,139,307
9607,9607,0,1,0,1,0,139,307
9608,9608,0,1,1,1,0,139,307
9609,9609,0,1,0,1,0,139,307
9610,9610,0,1,0,1,0,139,307
9611,9611,0,1,0,1,0,139,307
9612,9612,0,1,1,1,0,139,307
9613,9613,0,1,0,1,1,139,307
9614,9614,0,1,0,1,1,139,307
9615,9615,0,1,0,1,1,139,307
9616,9616,0,1,1,0,1,139,307
9617,9617,0,1,0,0,1,139,307
9618,9618,0,1,0,0,1,139,307
9619,9619,0,1,0,0,1,139,307
9620,9620,0,1,1,0,1,139,308
9621,9621,0,1,0,0,0,139,308
9622,9622,0,1,0,0,0,139,308
9623,9623,0,1,0,0,0,139,308
9624,9624,0,1,1,0,0,139,308
9625,9625,0,1,0,0,0,139,308
9626,9626,0,1,0,0,0,139,308
9627,9627,0,1,0,0,0,139,308
9628,9628,0,1,1,0,0,139,308
9629,9629,0,1,0,0,1,139,308
9630,9630,0,1,0,0,1,139,308
9631,9631,0,1,0,0,1,139,308
9632,9632,0,1,1,0,1,139,308
9633,9633,0,1,0,0,0,139,308
9634,9634,0,1,0,0,0,139,308
9635,9635,0,1,0,0,0,139,308
9636,9636,0,1,1,0,0,139,308
9637,9637,0,1,0,0,1,139,308
9638,9638,0,1,0,0,1,139,308
9639,9639,0,1,0,0,1,139,308
9640,9640,0,1,1,0,1,139,309
9641,9641,0,1,0,0,0,139,309
9642,9642,0,1,0,0,0,139,309
9643,9643,0,1,0,0,0,139,309
9644,9644,0,1,1,0,0,139,309
9645,9645,0,1,0,0,1,139,309
9646,9646,0,1,0,0,1,139,309
9647,9647,0,1,0,0,1,139,309
9648,9648,0,1,1,0,1,139,309
9649,9649,0,1,0,0,1,139,309
9650,9650,0,1,0,0,1,139,309
9651,9651,0,1,0,0,1,139,309
9652,9652,0,1,1,0,1,139,309
9653,9653,0,1,0,0,1,139,309
9654,9654,0,1,0,0,1,139,309
9655,9655,0,1,0,0,1,139,309
9656,9656,0,1,1,1,1,139,309
9657,9657,0,1,0,1,0,139,309
9658,9658,0,1,0,1,0,139,309
9659,9659,0,1,0,1,0,139,309
9660,9660,0,1,1,1,0,139,310
9661,9661,0,1,0,1,1,139,310
9662,9662,0,1,0,1,1,139,310
9663,9663,0,1,0,1,1,139,310
9664,9664,0,1,1,1,1,139,310
9665,9665,0,1,0,1,0,139,310
9666,9666,0,1,0,1,0,139,310
9667,9667,0,1,0,1,0,139,310
9668,9668,0,1,1,1,0,139,310
9669,9669,0,1,0,1,1,139,310
9670,9670,0,1,0,1,1,139,310
9671,9671,0,1,0,1,1,140,310
9672,9672,0,1,1,1,1,140,310
9673,9673,0,1,0,1,1,140,310
9674,9674,0,1,0,1,1,140,310
9675,9675,0,1,0,1,1,140,310
9676,9676,0,1,1,0,1,140,310
9677,9677,0,1,0,0,0,140,310
9678,9678,0,1,0,0,0,140,310
9679,9679,0,1,0,0,0,140,310
9680,9680,0,1,1,0,0,140,311
9681,9681,0,1,0,0,0,140,311
9682,9682,0,1,0,0,0,140,311
9683,9683,0,1,0,0,0,140,311
9684,9684,0,1,1,0,0,140,311
9685,9685,0,1,0,0,1,140,311
9686,9686,0,1,0,0,1,140,311
9687,9687,0,1,0,0,1,140,311
9688,9688,0,1,1,0,1,140,311
9689,9689,0,1,0,0,1,140,311
9690,9690,0,1,0,0,1,140,311
9691,9691,0,1,0,0,1,140,311
9692,9692,0,1,1,0,1,140,311
9693,9693,0,1,0,0,1,140,311
9694,9694,0,1,0,0,1,140,311
9695,9695,0,1,0,0,1,140,311
9696,9696,0,1,1,0,1,140,311
9697,9697,0,1,0,0,1,140,311
9698,9698,0,1,0,0,1,140,311
9699,9699,0,1,0,0,1,140,311
9700,9700,0,1,1,0,1,140,312
9701,9701,0,1,0,0,0,140,312
9702,9702,0,1,0,0,0,140,312
9703,9703,0,1,0,0,0,140,312
9704,9704,0,1,1,0,0,140,312
9705,9705,0,1,0,0,1,140,312
9706,9706,0,1,0,0,1,140,312
9707,9707,0,1,0,0,1,140,312
9708,9708,0,1,1,0,1,140,312
9709,9709,0,1,0,0,1,140,312
9710,9710,0,1,0,0,1,140,312
9711,9711,0,1,0,0,1,140,312
9712,9712,0,1,1,0,1,140,312
9713,9713,0,1,0,0,1,140,312
9714,9714,0,1,0,0,1,140,312
9715,9715,0,1,0,0,1,140,312
9716,9716,0,1,1,0,1,140,312
9717,9717,0,1,0,0,1,140,312
9718,9718,0,1,0,0,1,140,312
9719,9719,0,1,0,0,1,140,312
9720,9720,0,1,1,0,1,140,313
9721,9721,0,1,0,0,1,140,313
9722,9722,0,1,0,0,1,140,313
9723,9723,0,1,0,0,1,140,313
9724,9724,0,1,1,0,1,140,313
9725,9725,0,1,0,0,1,140,313
9726,9726,0,1,0,0,1,140,313
9727,9727,0,1,0,0,1,140,313
9728,9728,0,1,1,0,1,140,313
9729,9729,0,1,0,0,1,140,313
9730,9730,0,1,0,0,1,140,313
9731,9731,0,1,0,0,1,140,313
9732,9732,0,1,1,0,1,140,313
9733,9733,0,1,0,0,0,140,313
9734,9734,0,1,0,0,0,140,313
9735,9735,0,1,0,0,0,140,313
9736,9736,0,1,1,0,0,140,313
9737,9737,0,1,0,0,1,140,313
9738,9738,0,1,0,0,1,140,313
9739,9739,0,1,0,0,1,140,313
9740,9740,0,1,1,0,1,140,314
9741,9741,0,1,0,0,0,140,314
9742,9742,0,1,0,0,0,140,314
9743,9743,0,1,0,0,0,140,314
9744,9744,0,1,1,0,0,140,314
9745,9745,0,1,0,0,1,140,314
9746,9746,0,1,0,0,1,140,314
9747,9747,0,1,0,0,1,140,314
9748,9748,0,1,1,0,1,140,314
9749,9749,0,1,0,0,0,140,314
9750,9750,0,1,0,0,0,140,314
9751,9751,0,1,0,0,0,141,314
9752,9752,0,1,1,0,0,141,314
9753,9753,0,1,0,0,1,141,314
9754,9754,0,1,0,0,1,141,314
9755,9755,0,1,0,0,1,141,314
9756,9756,0,1,1,1,1,141,314
9757,9757,0,1,0,1,1,141,314
9758,9758,0,1,0,1,1,141,314
9759,9759,0,1,0,1,1,141,314
9760,9760,0,1,1,1,1,141,315
9761,9761,0,1,0,1,1,141,315
9762,9762,0,1,0,1,1,141,315
9763,9763,0,1,0,1,1,141,315
9764,9764,0,1,1,1,1,141,315
9765,9765,0,1,0,1,1,141,315
9766,9766,0,1,0,1,1,141,315
9767,9767,0,1,0,1,1,141,315
9768,9768,0,1,1,1,1,141,315
9769,9769,0,1,0,1,1,141,315
9770,9770,0,1,0,1,1,141,315
9771,9771,0,1,0,1,1,142,315
9772,9772,0,1,1,1,1,142,315
9773,9773,0,1,0,1,0,142,315
9774,9774,0,1,0,1,0,142,315
9775,9775,0,1,0,1,0,142,315
9776,9776,0,1,1,0,0,142,315
9777,9777,0,1,0,0,1,142,315
9778,9778,0,1,0,0,1,142,315
9779,9779,0,1,0,0,1,142,315
9780,9780,0,1,1,0,1,142,316
9781,9781,0,1,0,0,1,142,316
9782,9782,0,1,0,0,1,142,316
9783,9783,0,1,0,0,1,142,316
9784,9784,0,1,1,0,1,142,316
9785,9785,0,1,0,0,1,142,316
9786,9786,0,1,0,0,1,142,316
9787,9787,0,1,0,0,1,142,316
9788,9788,0,1,1,0,1,142,316
9789,9789,0,1,0,0,0,142,316
9790,9790,0,1,0,0,0,142,316
9791,9791,0,1,0,0,0,143,316
9792,9792,0,1,1,0,0,143,316
9793,9793,0,1,0,0,1,143,316
9794,9794,0,1,0,0,1,143,316
9795,9795,0,1,0,0,1,143,316
9796,9796,0,1,1,0,1,143,316
9797,9797,0,1,0,0,0,143,316
9798,9798,0,1,0,0,0,143,316
9799,9799,0,1,0,0,0,143,316
9800,9800,0,1,1,0,0,143,317
9801,9801,0,1,0,0,1,143,317
9802,9802,0,1,0,0,1,143,317
9803,9803,0,1,0,0,1,143,317
9804,9804,0,1,1,0,1,143,317
9805,9805,0,1,0,0,1,143,317
9806,9806,0,1,0,0,1,143,317
9807,9807,0,1,0,0,1,143,317
9808,9808,0,1,1,0,1,143,317
9809,9809,0,1,0,0,1,143,317
9810,9810,0,1,0,0,1,143,317
9811,9811,0,1,0,0,1,143,317
9812,9812,0,1,1,0,1,143,317
9813,9813,0,1,0,0,1,143,317
9814,9814,0,1,0,0,1,143,317
9815,9815,0,1,0,0,1,143,317
9816,9816,0,1,1,0,1,143,317
9817,9817,0,1,0,0,1,143,317
9818,9818,0,1,0,0,1,143,317
9819,9819,0,1,0,0,1,143,317
9820,9820,0,1,1,0,1,143,318
9821,9821,0,1,0,0,1,143,318
9822,9822,0,1,0,0,1,143,318
9823,9823,0,1,0,0,1,143,318
9824,9824,0,1,1,0,1,143,318
9825,9825,0,1,0,0,0,143,318
9826,9826,0,1,0,0,0,143,318
9827,9827,0,1,0,0,0,143,318
9828,9828,0,1,1,0,0,143,318
9829,9829,0,1,0,0,0,143,318
9830,9830,0,1,0,0,0,143,318
9831,9831,0,1,0,0,0,144,318
9832,9832,0,1,1,0,0,144,318
9833,9833,0,1,0,0,0,144,318
9834,9834,0,1,0,0,0,144,318
9835,9835,0,1,0,0,0,144,318
9836,9836,0,1,1,0,0,144,318
9837,9837,0,1,0,0,1,144,318
9838,9838,0,1,0,0,1,144,318
9839,9839,0,1,0,0,1,144,318
9840,9840,0,1,1,0,1,144,319
9841,9841,0,1,0,0,1,144,319
9842,9842,0,1,0,0,1,144,319
9843,9843,0,1,0,0,1,144,319
9844,9844,0,1,1,0,1,144,319
9845,9845,0,1,0,0,1,144,319
9846,9846,0,1,0,0,1,144,319
9847,9847,0,1,0,0,1,144,319
9848,9848,0,1,1,0,1,144,319
9849,9849,0,1,0,0,0,144,319
9850,9850,0,1,0,0,0,144,319
9851,9851,0,1,0,0,0,145,319
9852,9852,0,1,1,0,0,145,319
9853,9853,0,1,0,0,0,145,319
9854,9854,0,1,0,0,0,145,319
9855,9855,0,1,0,0,0,145,319
9856,9856,0,1,1,1,0,145,319
9857,9857,0,1,0,1,1,145,319
9858,9858,0,1,0,1,1,145,319
9859,9859,0,1,0,1,1,145,319
9860,9860,0,1,1,1,1,145,320
9861,9861,0,1,0,1,0,145,320
9862,9862,0,1,0,1,0,145,320
9863,9863,0,1,0,1,0,145,320
9864,9864,0,1,1,1,0,145,320
9865,9865,0,1,0,1,1,145,320
9866,9866,0,1,0,1,1,145,320
9867,9867,0,1,0,1,1,145,320
9868,9868,0,1,1,1,1,145,320
9869,9869,0,1,0,1,0,145,320
9870,9870,0,1,0,1,0,145,320
9871,9871,0,1,0,1,0,145,320
9872,9872,0,1,1,1,0,145,320
9873,9873,0,1,0,1,1,145,320
9874,9874,0,1,0,1,1,145,320
9875,9875,0,1,0,1,1,145,320
9876,9876,0,1,1,1,1,145,320
9877,9877,0,1,0,1,1,145,320
9878,9878,0,1,0,1,1,145,320
9879,9879,0,1,0,1,1,145,320
9880,9880,0,1,1,1,1,145,321
9881,9881,0,1,0,1,0,145,321
9882,9882,0,1,0,1,0,145,321
9883,9883,0,1,0,1,0,145,321
9884,9884,0,1,1,1,0,145,321
9885,9885,0,1,0,1,1,145,321
9886,9886,0,1,0,1,1,145,321
9887,9887,0,1,0,1,1,145,321
9888,9888,0,1,1,1,1,145,321
9889,9889,0,1,0,1,0,145,321
9890,9890,0,1,0,1,0,145,321
9891,9891,0,1,0,1,0,145,321
9892,9892,0,1,1,1,0,145,321
9893,9893,0,1,0,1,0,145,321
9894,9894,0,1,0,1,0,145,321
9895,9895,0,1,0,1,0,145,321
9896,9896,0,1,1,0,0,145,321
9897,9897,0,1,0,0,0,145,321
9898,9898,0,1,0,0,0,145,321
9899,9899,0,1,0,0,0,145,321
9900,9900,0,1,1,0,0,145,322
9901,9901,0,1,0,0,0,145,322
9902,9902,0,1,0,0,0,145,322
9903,9903,0,1,0,0,0,145,322
9904,9904,0,1,1,0,0,145,322
9905,9905,0,1,0,0,0,145,322
9906,9906,0,1,0,0,0,145,322
9907,9907,0,1,0,0,0,145,322
9908,9908,0,1,1,0,0,145,322
9909,9909,0,1,0,0,1,145,322
9910,9910,0,1,0,0,1,145,322
9911,9911,0,1,0,0,1,145,322
9912,9912,0,1,1,0,1,145,322
9913,9913,0,1,0,0,0,145,322
9914,9914,0,1,0,0,0,145,322
9915,9915,0,1,0,0,0,145,322
9916,9916,0,1,1,0,0,145,322
9917,9917,0,1,0,0,1,145,322
9918,9918,0,1,0,0,1,145,322
9919,9919,0,1,0,0,1,145,322
9920,9920,0,1,1,0,1,145,323
9921,9921,0,1,0,0,1,145,323
9922,9922,0,1,0,0,1,145,323
9923,9923,0,1,0,0,1,145,323
9924,9924,0,1,1,0,1,145,323
9925,9925,0,1,0,0,1,145,323
9926,9926,0,1,0,0,1,145,323
9927,9927,0,1,0,0,1,145,323
9928,9928,0,1,1,0,1,145,323
9929,9929,0,1,0,0,1,145,323
9930,9930,0,1,0,0,1,145,323
9931,9931,0,1,0,0,1,145,323
9932,9932,0,1,1,0,1,145,323
9933,9933,0,1,0,0,0,145,323
9934,9934,0,1,0,0,0,145,323
9935,9935,0,1,0,0,0,145,323
9936,9936,0,1,1,1,0,145,323
9937,9937,0,1,0,1,1,145,323
9938,9938,0,1,0,1,1,145,323
9939,9939,0,1,0,1,1,145,323
9940,9940,0,1,1,1,1,145,324
9941,9941,0,1,0,1,1,145,324
9942,9942,0,1,0,1,1,145,324
9943,9943,0,1,0,1,1,145,324
9944,9944,0,1,1,1,1,145,324
9945,9945,0,1,0,1,1,145,324
9946,9946,0,1,0,1,1,145,324
9947,9947,0,1,0,1,1,145,324
9948,9948,0,1,1,1,1,145,324
9949,9949,0,1,0,1,0,145,324
9950,9950,0,1,0,1,0,145,324
9951,9951,0,1,0,1,0,145,324
9952,9952,0,1,1,1,0,145,324
9953,9953,0,1,0,1,1,145,324
9954,9954,0,1,0,1,1,145,324
9955,9955,0,1,0,1,1,145,324
9956,9956,0,1,1,0,1,145,324
9957,9957,0,1,0,0,1,145,324
9958,9958,0,1,0,0,1,145,324
9959,9959,0,1,0,0,1,145,324
9960,9960,0,1,1,0,1,145,325
9961,9961,0,1,0,0,0,145,325
9962,9962,0,1,0,0,0,145,325
9963,9963,0,1,0,0,0,145,325
9964,9964,0,1,1,0,0,145,325
9965,9965,0,1,0,0,0,145,325
9966,9966,0,1,0,0,0,145,325
9967,9967,0,1,0,0,0,145,325
9968,9968,0,1,1,0,0,145,325
9969,9969,0,1,0,0,1,145,325
9970,9970,0,1,0,0,1,145,325
9971,9971,0,1,0,0,1,145,325
9972,9972,0,1,1,0,1,145,325
9973,9973,0,1,0,0,1,145,325
9974,9974,0,1,0,0,1,145,325
9975,9975,0,1,0,0,1,145,325
9976,9976,0,1,1,1,1,145,325
9977,9977,0,1,0,1,1,145,325
9978,9978,0,1,0,1,1,145,325
9979,9979,0,1,0,1,1,145,325
9980,9980,0,1,1,1,1,145,326
9981,9981,0,1,0,1,0,145,326
9982,9982,0,1,0,1,0,145,326
9983,9983,0,1,0,1,0,145,326
9984,9984,0,1,1,1,0,145,326
9985,9985,0,1,0,1,0,145,326
9986,9986,0,1,0,1,0,145,326
9987,9987,0,1,0,1,0,145,326
9988,9988,0,1,1,1,0,145,326
9989,9989,0,1,0,1,1,145,326
9990,9990,0,1,0,1,1,145,326
9991,9991,0,1,0,1,1,146,326
9992,9992,0,1,1,1,1,146,326
9993,9993,0,1,0,1,1,146,326
9994,9994,0,1,0,1,1,146,326
9995,9995,0,1,0,1,1,146,326
9996,9996,0,1,1,1,1,146,326
9997,9997,0,1,0,1,1,146,326
9998,9998,0,1,0,1,1,146,326
9999,9999,0,1,0,1,1,146,326
10000,10000,0,1,1,1,1,146,327
10001,10001,0,1,0,1,1,146,327
10002,10002,0,1,0,1,1,146,327
10003,10003,0,1,0,1,1,146,327
10004,10004,0,1,1,1,1,146,327
10005,10005,0,1,0,1,1,146,327
10006,10006,0,1,0,1,1,146,327
10007,10007,0,1,0,1,1,146,327
10008,10008,0,1,1,1,1,146,327
10009,10009,0,1,0,1,1,146,327
10010,10010,0,1,0,1,1,146,327
10011,10011,0,1,0,1,1,147,327
10012,10012,0,1,1,1,1,147,327
10013,10013,0,1,0,1,0,147,327
10014,10014,0,1,0,1,0,147,327
10015,10015,0,1,0,1,0,147,327
10016,10016,0,1,1,0,0,147,327
10017,10017,0,1,0,0,0,147,327
10018,10018,0,1,0,0,0,147,327
10019,10019,0,1,0,0,0,147,327
10020,10020,0,1,1,0,0,147,328
10021,10021,0,1,0,0,1,147,328
10022,10022,0,1,0,0,1,147,328
10023,10023,0,1,0,0,1,147,328
10024,10024,0,1,1,0,1,147,328
10025,10025,0,1,0,0,1,147,328
10026,10026,0,1,0,0,1,147,328
10027,10027,0,1,0,0,1,147,328
10028,10028,0,1,1,0,1,147,328
10029,10029,0,1,0,0,1,147,328
10030,10030,0,1,0,0,1,147,328
10031,10031,0,1,0,0,1,147,328
10032,10032,0,1,1,0,1,147,328
10033,10033,0,1,0,0,1,147,328
10034,10034,0,1,0,0,1,147,328
10035,10035,0,1,0,0,1,147,328
10036,10036,0,1,1,0,1,147,328
10037,10037,0,1,0,0,0,147,328
10038,10038,0,1,0,0,0,147,328
10039,10039,0,1,0,0,0,147,328
10040,10040,0,1,1,0,0,147,329
10041,10041,0,1,0,0,0,147,329
10042,10042,0,1,0,0,0,147,329
10043,10043,0,1,0,0,0,147,329
10044,10044,0,1,1,0,0,147,329
10045,10045,0,1,0,0,1,147,329
10046,10046,0,1,0,0,1,147,329
10047,10047,0,1,0,0,1,147,329
10048,10048,0,1,1,0,1,147,329
10049,10049,0,1,0,0,1,147,329
10050,10050,0,1,0,0,1,147,329
10051,10051,0,1,0,0,1,147,329
10052,10052,0,1,1,0,1,147,329
10053,10053,0,1,0,0,1,147,329
10054,10054,0,1,0,0,1,147,329
10055,10055,0,1,0,0,1,147,329
10056,10056,0,1,1,0,1,147,329
10057,10057,0,1,0,0,1,147,329
10058,10058,0,1,0,0,1,147,329
10059,10059,0,1,0,0,1,147,329
10060,10060,0,1,1,0,1,147,330
10061,10061,0,1,0,0,0,147,330
10062,10062,0,1,0,0,0,147,330
10063,10063,0,1,0,0,0,147,330
10064,10064,0,1,1,0,0,147,330
10065,10065,0,1,0,0,0,147,330
10066,10066,0,1,0,0,0,147,330
10067,10067,0,1,0,0,0,147,330
10068,10068,0,1,1,0,0,147,330
10069,10069,0,1,0,0,1,147,330
10070,10070,0,1,0,0,1,147,330
10071,10071,0,1,0,0,1,147,330
10072,10072,0,1,1,0,1,147,330
10073,10073,0,1,0,0,1,147,330
10074,10074,0,1,0,0,1,147,330
10075,10075,0,1,0,0,1,147,330
10076,10076,0,1,1,0,1,147,330
10077,10077,0,1,0,0,0,147,330
10078,10078,0,1,0,0,0,147,330
10079,10079,0,1,0,0,0,147,330
10080,10080,0,1,1,0,0,147,331
10081,10081,0,1,0,0,1,147,331
10082,10082,0,1,0,0,1,147,331
10083,10083,0,1,0,0,1,147,331
10084,10084,0,1,1,0,1,147,331
10085,10085,0,1,0,0,1,147,331
10086,10086,0,1,0,0,1,147,331
10087,10087,0,1,0,0,1,147,331
10088,10088,0,1,1,0,1,147,331
10089,10089,0,1,0,0,1,147,331
10090,10090,0,1,0,0,1,147,331
10091,10091,0,1,0,0,1,147,331
10092,10092,0,1,1,0,1,147,331
10093,10093,0,1,0,0,0,147,331
10094,10094,0,1,0,0,0,147,331
10095,10095,0,1,0,0,0,147,331
10096,10096,0,1,1,1,0,147,331
10097,10097,0,1,0,1,1,147,331
10098,10098,0,1,0,1,1,147,331
10099,10099,0,1,0,1,1,147,331
10100,10100,0,1,1,1,1,147,332
10101,10101,0,1,0,1,0,147,332
10102,10102,0,1,0,1,0,147,332
10103,10103,0,1,0,1,0,147,332
10104,10104,0,1,1,1,0,147,332
10105,10105,0,1,0,1,1,147,332
10106,10106,0,1,0,1,1,147,332
10107,10107,0,1,0,1,1,147,332
10108,10108,0,1,1,1,1,147,332
10109,10109,0,1,0,1,1,147,332
10110,10110,0,1,0,1,1,147,332
10111,10111,0,1,0,1,1,148,332
10112,10112,0,1,1,1,1,148,332
10113,10113,0,1,0,1,0,148,332
10114,10114,0,1,0,1,0,148,332
10115,10115,0,1,0,1,0,148,332
10116,10116,0,1,1,0,0,148,332
10117,10117,0,1,0,0,0,148,332
10118,10118,0,1,0,0,0,148,332
10119,10119,0,1,0,0,0,148,332
10120,10120,0,1,1,0,0,148,333
10121,10121,0,1,0,0,0,148,333
10122,10122,0,1,0,0,0,148,333
10123,10123,0,1,0,0,0,148,333
10124,10124,0,1,1,0,0,148,333
10125,10125,0,1,0,0,0,148,333
10126,10126,0,1,0,0,0,148,333
10127,10127,0,1,0,0,0,148,333
10128,10128,0,1,1,0,0,148,333
10129,10129,0,1,0,0,0,148,333
10130,10130,0,1,0,0,0,148,333
10131,10131,0,1,0,0,0,149,333
10132,10132,0,1,1,0,0,149,333
10133,10133,0,1,0,0,1,149,333
10134,10134,0,1,0,0,1,149,333
10135,10135,0,1,0,0,1,149,333
10136,10136,0,1,1,1,1,149,333
10137,10137,0,1,0,1,0,149,333
10138,10138,0,1,0,1,0,149,333
10139,10139,0,1,0,1,0,149,333
10140,10140,0,1,1,1,0,149,334
10141,10141,0,1,0,1,0,149,334
10142,10142,0,1,0,1,0,149,334
10143,10143,0,1,0,1,0,149,334
10144,10144,0,1,1,1,0,149,334
10145,10145,0,1,0,1,1,149,334
10146,10146,0,1,0,1,1,149,334
10147,10147,0,1,0,1,1,149,334
10148,10148,0,1,1,1,1,149,334
10149,10149,0,1,0,1,0,149,334
10150,10150,0,1,0,1,0,149,334
10151,10151,0,1,0,1,0,149,334
10152,10152,0,1,1,1,0,149,334
10153,10153,0,1,0,1,1,149,334
10154,10154,0,1,0,1,1,149,334
10155,10155,0,1,0,1,1,149,334
10156,10156,0,1,1,1,1,149,334
10157,10157,0,1,0,1,1,149,334
10158,10158,0,1,0,1,1,149,334
10159,10159,0,1,0,1,1,149,334
10160,10160,0,1,1,1,1,149,335
10161,10161,0,1,0,1,1,149,335
10162,10162,0,1,0,1,1,149,335
10163,10163,0,1,0,1,1,149,335
10164,10164,0,1,1,1,1,149,335
10165,10165,0,1,0,1,1,149,335
10166,10166,0,1,0,1,1,149,335
10167,10167,0,1,0,1,1,149,335
10168,10168,0,1,1,1,1,149,335
10169,10169,0,1,0,1,1,149,335
10170,10170,0,1,0,1,1,149,335
10171,10171,0,1,0,1,1,150,335
10172,10172,0,1,1,1,1,150,335
10173,10173,0,1,0,1,0,150,335
10174,10174,0,1,0,1,0,150,335
10175,10175,0,1,0,1,0,150,335
10176,10176,0,1,1,0,0,150,335
10177,10177,0,1,0,0,1,150,335
10178,10178,0,1,0,0,1,150,335
10179,10179,0,1,0,0,1,150,335
10180,10180,0,1,1,0,1,150,336
10181,10181,0,1,0,0,0,150,336
10182,10182,0,1,0,0,0,150,336
10183,10183,0,1,0,0,0,150,336
10184,10184,0,1,1,0,0,150,336
10185,10185,0,1,0,0,1,150,336
10186,10186,0,1,0,0,1,150,336
10187,10187,0,1,0,0,1,150,336
10188,10188,0,1,1,0,1,150,336
10189,10189,0,1,0,0,0,150,336
10190,10190,0,1,0,0,0,150,336
10191,10191,0,1,0,0,0,151,336
10192,10192,0,1,1,0,0,151,336
10193,10193,0,1,0,0,0,151,336
10194,10194,0,1,0,0,0,151,336
10195,10195,0,1,0,0,0,151,336
10196,10196,0,1,1,0,0,151,336
10197,10197,0,1,0,0,1,151,336
10198,10198,0,1,0,0,1,151,336
10199,10199,0,1,0,0,1,151,336
10200,10200,0,1,1,0,1,151,337
10201,10201,0,1,0,0,1,151,337
10202,10202,0,1,0,0,1,151,337
10203,10203,0,1,0,0,1,151,337
10204,10204,0,1,1,0,1,151,337
10205,10205,0,1,0,0,0,151,337
10206,10206,0,1,0,0,0,151,337
10207,10207,0,1,0,0,0,151,337
10208,10208,0,1,1,0,0,151,337
10209,10209,0,1,0,0,0,151,337
10210,10210,0,1,0,0,0,151,337
10211,10211,0,1,0,0,0,152,337
10212,10212,0,1,1,0,0,152,337
10213,10213,0,1,0,0,1,152,337
10214,10214,0,1,0,0,1,152,337
10215,10215,0,1,0,0,1,152,337
10216,10216,0,1,1,0,1,152,337
10217,10217,0,1,0,0,1,152,337
10218,10218,0,1,0,0,1,152,337
10219,10219,0,1,0,0,1,152,337
10220,10220,0,1,1,0,1,152,338
10221,10221,0,1,0,0,1,152,338
10222,10222,0,1,0,0,1,152,338
10223,10223,0,1,0,0,1,152,338
10224,10224,0,1,1,0,1,152,338
10225,10225,0,1,0,0,1,152,338
10226,10226,0,1,0,0,1,152,338
10227,10227,0,1,0,0,1,152,338
10228,10228,0,1,1,0,1,152,338
10229,10229,0,1,0,0,0,152,338
10230,10230,0,1,0,0,0,152,338
10231,10231,0,1,0,0,0,153,338
10232,10232,0,1,1,0,0,153,338
10233,10233,0,1,0,0,1,153,338
10234,10234,0,1,0,0,1,153,338
10235,10235,0,1,0,0,1,153,338
10236,10236,0,1,1,0,1,153,338
10237,10237,0,1,0,0,1,153,338
10238,10238,0,1,0,0,1,153,338
10239,10239,0,1,0,0,1,153,338
10240,10240,0,1,1,0,1,153,339
10241,10241,0,1,0,0,0,153,339
10242,10242,0,1,0,0,0,153,339
10243,10243,0,1,0,0,0,153,339
10244,10244,0,1,1,0,0,153,339
10245,10245,0,1,0,0,0,153,339
10246,10246,0,1,0,0,0,153,339
10247,10247,0,1,0,0,0,153,339
10248,10248,0,1,1,0,0,153,339
10249,10249,0,1,0,0,0,153,339
10250,10250,0,1,0,0,0,153,339
10251,10251,0,1,0,0,0,154,339
10252,10252,0,1,1,0,0,154,339
10253,10253,0,1,0,0,1,154,339
10254,10254,0,1,0,0,1,154,339
10255,10255,0,1,0,0,1,154,339
10256,10256,0,1,1,0,1,154,339
10257,10257,0,1,0,0,1,154,339
10258,10258,0,1,0,0,1,154,339
10259,10259,0,1,0,0,1,154,339
10260,10260,0,1,1,0,1,154,340
10261,10261,0,1,0,0,1,154,340
10262,10262,0,1,0,0,1,154,340
10263,10263,0,1,0,0,1,154,340
10264,10264,0,1,1,0,1,154,340
10265,10265,0,1,0,0,0,154,340
10266,10266,0,1,0,0,0,154,340
10267,10267,0,1,0,0,0,154,340
10268,10268,0,1,1,0,0,154,340
10269,10269,0,1,0,0,1,154,340
10270,10270,0,1,0,0,1,154,340
10271,10271,0,1,0,0,1,154,340
10272,10272,0,1,1,0,1,154,340
10273,10273,0,1,0,0,1,154,340
10274,10274,0,1,0,0,1,154,340
10275,10275,0,1,0,0,1,154,340
10276,10276,0,1,1,1,1,154,340
10277,10277,0,1,0,1,1,154,340
10278,10278,0,1,0,1,1,154,340
10279,10279,0,1,0,1,1,154,340
10280,10280,0,1,1,1,1,154,341
10281,10281,0,1,0,1,0,154,341
10282,10282,0,1,0,1,0,154,341
10283,10283,0,1,0,1,0,154,341
10284,10284,0,1,1,1,0,154,341
10285,10285,0,1,0,1,1,154,341
10286,10286,0,1,0,1,1,154,341
10287,10287,0,1,0,1,1,154,341
10288,10288,0,1,1,1,1,154,341
10289,10289,0,1,0,1,0,154,341
10290,10290,0,1,0,1,0,154,341
10291,10291,0,1,0,1,0,154,341
10292,10292,0,1,1,1,0,154,341
10293,10293,0,1,0,1,1,154,341
10294,10294,0,1,0,1,1,154,341
10295,10295,0,1,0,1,1,154,341
10296,10296,0,1,1,0,1,154,341
10297,10297,0,1,0,0,1,154,341
10298,10298,0,1,0,0,1,154,341
10299,10299,0,1,0,0,1,154,341
10300,10300,0,1,1,0,1,154,342
10301,10301,0,1,0,0,0,154,342
10302,10302,0,1,0,0,0,154,342
10303,10303,0,1,0,0,0,154,342
10304,10304,0,1,1,0,0,154,342
10305,10305,0,1,0,0,1,154,342
10306,10306,0,1,0,0,1,154,342
10307,10307,0,1,0,0,1,154,342
10308,10308,0,1,1,0,1,154,342
10309,10309,0,1,0,0,1,154,342
10310,10310,0,1,0,0,1,154,342
10311,10311,0,1,0,0,1,154,342
10312,10312,0,1,1,0,1,154,342
10313,10313,0,1,0,0,1,154,342
10314,10314,0,1,0,0,1,154,342
10315,10315,0,1,0,0,1,154,342
10316,10316,0,1,1,1,1,154,342
10317,10317,0,1,0,1,1,154,342
10318,10318,0,1,0,1,1,154,342
10319,10319,0,1,0,1,1,154,342
10320,10320,0,1,1,1,1,154,343
10321,10321,0,1,0,1,1,154,343
10322,10322,0,1,0,1,1,154,343
10323,10323,0,1,0,1,1,154,343
10324,10324,0,1,1,1,1,154,343
10325,10325,0,1,0,1,1,154,343
10326,10326,0,1,0,1,1,154,343
10327,10327,0,1,0,1,1,154,343
10328,10328,0,1,1,1,1,154,343
10329,10329,0,1,0,1,1,154,343
10330,10330,0,1,0,1,1,154,343
10331,10331,0,1,0,1,1,155,343
10332,10332,0,1,1,1,1,155,343
10333,10333,0,1,0,1,1,155,343
10334,10334,0,1,0,1,1,155,343
10335,10335,0,1,0,1,1,155,343
10336,10336,0,1,1,1,1,155,343
10337,10337,0,1,0,1,0,155,343
10338,10338,0,1,0,1,0,155,343
10339,10339,0,1,0,1,0,155,343
10340,10340,0,1,1,1,0,155,344
10341,10341,0,1,0,1,1,155,344
10342,10342,0,1,0,1,1,155,344
10343,10343,0,1,0,1,1,155,344
10344,10344,0,1,1,1,1,155,344
10345,10345,0,1,0,1,1,155,344
10346,10346,0,1,0,1,1,155,344
10347,10347,0,1,0,1,1,155,344
10348,10348,0,1,1,1,1,155,344
10349,10349,0,1,0,1,0,155,344
10350,10350,0,1,0,1,0,155,344
10351,10351,0,1,0,1,0,155,344
10352,10352,0,1,1,1,0,155,344
10353,10353,0,1,0,1,1,155,344
10354,10354,0,1,0,1,1,155,344
10355,10355,0,1,0,1,1,155,344
10356,10356,0,1,1,0,1,155,344
10357,10357,0,1,0,0,1,155,344
10358,10358,0,1,0,0,1,155,344
10359,10359,0,1,0,0,1,155,344
10360,10360,0,1,1,0,1,155,345
10361,10361,0,1,0,0,1,155,345
10362,10362,0,1,0,0,1,155,345
10363,10363,0,1,0,0,1,155,345
10364,10364,0,1,1,0,1,155,345
10365,10365,0,1,0,0,1,155,345
10366,10366,0,1,0,0,1,155,345
10367,10367,0,1,0,0,1,155,345
10368,10368,0,1,1,0,1,155,345
10369,10369,0,1,0,0,1,155,345
10370,10370,0,1,0,0,1,155,345
10371,10371,0,1,0,0,1,155,345
10372,10372,0,1,1,0,1,155,345
10373,10373,0,1,0,0,1,155,345
10374,10374,0,1,0,0,1,155,345
10375,10375,0,1,0,0,1,155,345
10376,10376,0,1,1,1,1,155,345
10377,10377,0,1,0,1,1,155,345
10378,10378,0,1,0,1,1,155,345
10379,10379,0,1,0,1,1,155,345
10380,10380,0,1,1,1,1,155,346
10381,10381,0,1,0,1,1,155,346
10382,10382,0,1,0,1,1,155,346
10383,10383,0,1,0,1,1,155,346
10384,10384,0,1,1,1,1,155,346
10385,10385,0,1,0,1,1,155,346
10386,10386,0,1,0,1,1,155,346
10387,10387,0,1,0,1,1,155,346
10388,10388,0,1,1,1,1,155,346
10389,10389,0,1,0,1,1,155,346
10390,10390,0,1,0,1,1,155,346
10391,10391,0,1,0,1,1,156,346
10392,10392,0,1,1,1,1,156,346
10393,10393,0,1,0,1,0,156,346
10394,10394,0,1,0,1,0,156,346
10395,10395,0,1,0,1,0,156,346
10396,10396,0,1,1,0,0,156,346
10397,10397,0,1,0,0,1,156,346
10398,10398,0,1,0,0,1,156,346
10399,10399,0,1,0,0,1,156,346
10400,10400,0,1,1,0,1,156,347
10401,10401,0,1,0,0,1,156,347
10402,10402,0,1,0,0,1,156,347
10403,10403,0,1,0,0,1,156,347
10404,10404,0,1,1,0,1,156,347
10405,10405,0,1,0,0,0,156,347
10406,10406,0,1,0,0,0,156,347
10407,10407,0,1,0,0,0,156,347
10408,10408,0,1,1,0,0,156,347
10409,10409,0,1,0,0,1,156,347
10410,10410,0,1,0,0,1,156,347
10411,10411,0,1,0,0,1,156,347
10412,10412,0,1,1,0,1,156,347
10413,10413,0,1,0,0,0,156,347
10414,10414,0,1,0,0,0,156,347
10415,10415,0,1,0,0,0,156,347
10416,10416,0,1,1,1,0,156,347
10417,10417,0,1,0,1,1,156,347
10418,10418,0,1,0,1,1,156,347
10419,10419,0,1,0,1,1,156,347
10420,10420,0,1,1,1,1,156,348
10421,10421,0,1,0,1,0,156,348
10422,10422,0,1,0,1,0,156,348
10423,10423,0,1,0,1,0,156,348
10424,10424,0,1,1,1,0,156,348
10425,10425,0,1,0,1,1,156,348
10426,10426,0,1,0,1,1,156,348
10427,10427,0,1,0,1,1,156,348
10428,10428,0,1,1,1,1,156,348
10429,10429,0,1,0,1,0,156,348
10430,10430,0,1,0,1,0,156,348
10431,10431,0,1,0,1,0,156,348
10432,10432,0,1,1,1,0,156,348
10433,10433,0,1,0,1,0,156,348
10434,10434,0,1,0,1,0,156,348
10435,10435,0,1,0,1,0,156,348
10436,10436,0,1,1,1,0,156,348
10437,10437,0,1,0,1,1,156,348
10438,10438,0,1,0,1,1,156,348
10439,10439,0,1,0,1,1,156,348
10440,10440,0,1,1,1,1,156,349
10441,10441,0,1,0,1,1,156,349
10442,10442,0,1,0,1,1,156,349
10443,10443,0,1,0,1,1,156,349
10444,10444,0,1,1,1,1,156,349
10445,10445,0,1,0,1,1,156,349
10446,10446,0,1,0,1,1,156,349
10447,10447,0,1,0,1,1,156,349
10448,10448,0,1,1,1,1,156,349
10449,10449,0,1,0,1,0,156,349
10450,10450,0,1,0,1,0,156,349
10451,10451,0,1,0,1,0,156,349
10452,10452,0,1,1,1,0,156,349
10453,10453,0,1,0,1,1,156,349
10454,10454,0,1,0,1,1,156,349
10455,10455,0,1,0,1,1,156,349
10456,10456,0,1,1,1,1,156,349
10457,10457,0,1,0,1,1,156,349
10458,10458,0,1,0,1,1,156,349
10459,10459,0,1,0,1,1,156,349
10460,10460,0,1,1,1,1,156,350
10461,10461,0,1,0,1,1,156,350
10462,10462,0,1,0,1,1,156,350
10463,10463,0,1,0,1,1,156,350
10464,10464,0,1,1,1,1,156,350
10465,10465,0,1,0,1,0,156,350
10466,10466,0,1,0,1,0,156,350
10467,10467,0,1,0,1,0,156,350
10468,10468,0,1,1,1,0,156,350
10469,10469,0,1,0,1,1,156,350
10470,10470,0,1,0,1,1,156,350
10471,10471,0,1,0,1,1,157,350
10472,10472,0,1,1,1,1,157,350
10473,10473,0,1,0,1,0,157,350
10474,10474,0,1,0,1,0,157,350
10475,10475,0,1,0,1,0,157,350
10476,10476,0,1,1,1,0,157,350
10477,10477,0,1,0,1,1,157,350
10478,10478,0,1,0,1,1,157,350
10479,10479,0,1,0,1,1,157,350
10480,10480,0,1,1,1,1,157,351
10481,10481,0,1,0,1,0,157,351
10482,10482,0,1,0,1,0,157,351
10483,10483,0,1,0,1,0,157,351
10484,10484,0,1,1,1,0,157,351
10485,10485,0,1,0,1,0,157,351
10486,10486,0,1,0,1,0,157,351
10487,10487,0,1,0,1,0,157,351
10488,10488,0,1,1,1,0,157,351
10489,10489,0,1,0,1,0,157,351
10490,10490,0,1,0,1,0,157,351
10491,10491,0,1,0,1,0,157,351
10492,10492,0,1,1,1,0,157,351
10493,10493,0,1,0,1,1,157,351
10494,10494,0,1,0,1,1,157,351
10495,10495,0,1,0,1,1,157,351
10496,10496,0,1,1,1,1,157,351
10497,10497,0,1,0,1,1,157,351
10498,10498,0,1,0,1,1,157,351
10499,10499,0,1,0,1,1,157,351
10500,10500,0,1,1,1,1,157,352
10501,10501,0,1,0,1,1,157,352
10502,10502,0,1,0,1,1,157,352
10503,10503,0,1,0,1,1,157,352
10504,10504,0,1,1,1,1,157,352
10505,10505,0,1,0,1,0,157,352
10506,10506,0,1,0,1,0,157,352
10507,10507,0,1,0,1,0,157,352
10508,10508,0,1,1,1,0,157,352
10509,10509,0,1,0,1,0,157,352
10510,10510,0,1,0,1,0,157,352
10511,10511,0,1,0,1,0,157,352
10512,10512,0,1,1,1,0,157,352
10513,10513,0,1,0,1,0,157,352
10514,10514,0,1,0,1,0,157,352
10515,10515,0,1,0,1,0,157,352
10516,10516,0,1,1,0,0,157,352
10517,10517,0,1,0,0,0,157,352
10518,10518,0,1,0,0,0,157,352
10519,10519,0,1,0,0,0,157,352
10520,10520,0,1,1,0,0,157,353
10521,10521,0,1,0,0,1,157,353
10522,10522,0,1,0,0,1,157,353
10523,10523,0,1,0,0,1,157,353
10524,10524,0,1,1,0,1,157,353
10525,10525,0,1,0,0,1,157,353
10526,10526,0,1,0,0,1,157,353
10527,10527,0,1,0,0,1,157,353
10528,10528,0,1,1,0,1,157,353
10529,10529,0,1,0,0,1,157,353
10530,10530,0,1,0,0,1,157,353
10531,10531,0,1,0,0,1,157,353
10532,10532,0,1,1,0,1,157,353
10533,10533,0,1,0,0,1,157,353
10534,10534,0,1,0,0,1,157,353
10535,10535,0,1,0,0,1,157,353
10536,10536,0,1,1,0,1,157,353
10537,10537,0,1,0,0,0,157,353
10538,10538,0,1,0,0,0,157,353
10539,10539,0,1,0,0,0,157,353
10540,10540,0,1,1,0,0,157,354
10541,10541,0,1,0,0,1,157,354
10542,10542,0,1,0,0,1,157,354
10543,10543,0,1,0,0,1,157,354
10544,10544,0,1,1,0,1,157,354
10545,10545,0,1,0,0,1,157,354
10546,10546,0,1,0,0,1,157,354
10547,10547,0,1,0,0,1,157,354
10548,10548,0,1,1,0,1,157,354
10549,10549,0,1,0,0,1,157,354
10550,10550,0,1,0,0,1,157,354
10551,10551,0,1,0,0,1,157,354
10552,10552,0,1,1,0,1,157,354
10553,10553,0,1,0,0,1,157,354
10554,10554,0,1,0,0,1,157,354
10555,10555,0,1,0,0,1,157,354
10556,10556,0,1,1,0,1,157,354
10557,10557,0,1,0,0,1,157,354
10558,10558,0,1,0,0,1,157,354
10559,10559,0,1,0,0,1,157,354
10560,10560,0,1,1,0,1,157,355
10561,10561,0,1,0,0,1,157,355
10562,10562,0,1,0,0,1,157,355
10563,10563,0,1,0,0,1,157,355
10564,10564,0,1,1,0,1,157,355
10565,10565,0,1,0,0,1,157,355
10566,10566,0,1,0,0,1,157,355
10567,10567,0,1,0,0,1,157,355
10568,10568,0,1,1,0,1,157,355
10569,10569,0,1,0,0,1,157,355
10570,10570,0,1,0,0,1,157,355
10571,10571,0,1,0,0,1,157,355
10572,10572,0,1,1,0,1,157,355
10573,10573,0,1,0,0,1,157,355
10574,10574,0,1,0,0,1,157,355
10575,10575,0,1,0,0,1,157,355
10576,10576,0,1,1,0,1,157,355
10577,10577,0,1,0,0,1,157,355
10578,10578,0,1,0,0,1,157,355
10579,10579,0,1,0,0,1,157,355
10580,10580,0,1,1,0,1,157,356
10581,10581,0,1,0,0,1,157,356
10582,10582,0,1,0,0,1,157,356
10583,10583,0,1,0,0,1,157,356
10584,10584,0,1,1,0,1,157,356
10585,10585,0,1,0,0,1,157,356
10586,10586,0,1,0,0,1,157,356
10587,10587,0,1,0,0,1,157,356
10588,10588,0,1,1,0,1,157,356
10589,10589,0,1,0,0,1,157,356
10590,10590,0,1,0,0,1,157,356
10591,10591,0,1,0,0,1,157,356
10592,10592,0,1,1,0,1,157,356
10593,10593,0,1,0,0,0,157,356
10594,10594,0,1,0,0,0,157,356
10595,10595,0,1,0,0,0,157,356
10596,10596,0,1,1,0,0,157,356
10597,10597,0,1,0,0,0,157,356
10598,10598,0,1,0,0,0,157,356
10599,10599,0,1,0,0,0,157,356
10600,10600,0,1,1,0,0,157,357
10601,10601,0,1,0,0,1,157,357
10602,10602,0,1,0,0,1,157,357
10603,10603,0,1,0,0,1,157,357
10604,10604,0,1,1,0,1,157,357
10605,10605,0,1,0,0,1,157,357
10606,10606,0,1,0,0,1,157,357
10607,10607,0,1,0,0,1,157,357
10608,10608,0,1,1,0,1,157,357
10609,10609,0,1,0,0,1,157,357
10610,10610,0,1,0,0,1,157,357
10611,10611,0,1,0,0,1,157,357
10612,10612,0,1,1,0,1,157,357
10613,10613,0,1,0,0,1,157,357
10614,10614,0,1,0,0,1,157,357
10615,10615,0,1,0,0,1,157,357
10616,10616,0,1,1,0,1,157,357
10617,10617,0,1,0,0,0,157,357
10618,10618,0,1,0,0,0,157,357
10619,10619,0,1,0,0,0,157,357
10620,10620,0,1,1,0,0,157,358
10621,10621,0,1,0,0,1,157,358
10622,10622,0,1,0,0,1,157,358
10623,10623,0,1,0,0,1,157,358
10624,10624,0,1,1,0,1,157,358
10625,10625,0,1,0,0,1,157,358
10626,10626,0,1,0,0,1,157,358
10627,10627,0,1,0,0,1,157,358
10628,10628,0,1,1,0,1,157,358
10629,10629,0,1,0,0,1,157,358
10630,10630,0,1,0,0,1,157,358
10631,10631,0,1,0,0,1,157,358
10632,10632,0,1,1,0,1,157,358
10633,10633,0,1,0,0,1,157,358
10634,10634,0,1,0,0,1,157,358
10635,10635,0,1,0,0,1,157,358
10636,10636,0,1,1,1,1,157,358
10637,10637,0,1,0,1,1,157,358
10638,10638,0,1,0,1,1,157,358
10639,10639,0,1,0,1,1,157,358
10640,10640,0,1,1,1,1,157,359
10641,10641,0,1,0,1,1,157,359
10642,10642,0,1,0,1,1,157,359
10643,10643,0,1,0,1,1,157,359
10644,10644,0,1,1,1,1,157,359
10645,10645,0,1,0,1,1,157,359
10646,10646,0,1,0,1,1,157,359
10647,10647,0,1,0,1,1,157,359
10648,10648,0,1,1,1,1,157,359
10649,10649,0,1,0,1,1,157,359
10650,10650,0,1,0,1,1,157,359
10651,10651,0,1,0,1,1,158,359
10652,10652,0,1,1,1,1,158,359
10653,10653,0,1,0,1,1,158,359
10654,10654,0,1,0,1,1,158,359
10655,10655,0,1,0,1,1,158,359
10656,10656,0,1,1,0,1,158,359
10657,10657,0,1,0,0,1,158,359
10658,10658,0,1,0,0,1,158,359
10659,10659,0,1,0,0,1,158,359
10660,10660,0,1,1,0,1,158,360
10661,10661,0,1,0,0,1,158,360
10662,10662,0,1,0,0,1,158,360
10663,10663,0,1,0,0,1,158,360
10664,10664,0,1,1,0,1,158,360
10665,10665,0,1,0,0,0,158,360
10666,10666,0,1,0,0,0,158,360
10667,10667,0,1,0,0,0,158,360
10668,10668,0,1,1,0,0,158,360
10669,10669,0,1,0,0,1,158,360
10670,10670,0,1,0,0,1,158,360
10671,10671,0,1,0,0,1,158,360
10672,10672,0,1,1,0,1,158,360
10673,10673,0,1,0,0,0,158,360
10674,10674,0,1,0,0,0,158,360
10675,10675,0,1,0,0,0,158,360
10676,10676,0,1,1,1,0,158,360
10677,10677,0,1,0,1,1,158,360
10678,10678,0,1,0,1,1,158,360
10679,10679,0,1,0,1,1,158,360
10680,10680,0,1,1,1,1,158,361
10681,10681,0,1,0,1,1,158,361
10682,10682,0,1,0,1,1,158,361
10683,10683,0,1,0,1,1,158,361
10684,10684,0,1,1,1,1,158,361
10685,10685,0,1,0,1,0,158,361
10686,10686,0,1,0,1,0,158,361
10687,10687,0,1,0,1,0,158,361
10688,10688,0,1,1,1,0,158,361
10689,10689,0,1,0,1,0,158,361
10690,10690,0,1,0,1,0,158,361
10691,10691,0,1,0,1,0,158,361
10692,10692,0,1,1,1,0,158,361
10693,10693,0,1,0,1,1,158,361
10694,10694,0,1,0,1,1,158,361
10695,10695,0,1,0,1,1,158,361
10696,10696,0,1,1,1,1,158,361
10697,10697,0,1,0,1,0,158,361
10698,10698,0,1,0,1,0,158,361
10699,10699,0,1,0,1,0,158,361
10700,10700,0,1,1,1,0,158,362
10701,10701,0,1,0,1,0,158,362
10702,10702,0,1,0,1,0,158,362
10703,10703,0,1,0,1,0,158,362
10704,10704,0,1,1,1,0,158,362
10705,10705,0,1,0,1,1,158,362
10706,10706,0,1,0,1,1,158,362
10707,10707,0,1,0,1,1,158,362
10708,10708,0,1,1,1,1,158,362
10709,10709,0,1,0,1,0,158,362
10710,10710,0,1,0,1,0,158,362
10711,10711,0,1,0,1,0,158,362
10712,10712,0,1,1,1,0,158,362
10713,10713,0,1,0,1,1,158,362
10714,10714,0,1,0,1,1,158,362
10715,10715,0,1,0,1,1,158,362
10716,10716,0,1,1,0,1,158,362
10717,10717,0,1,0,0,1,158,362
10718,10718,0,1,0,0,1,158,362
10719,10719,0,1,0,0,1,158,362
10720,10720,0,1,1,0,1,158,363
10721,10721,0,1,0,0,1,158,363
10722,10722,0,1,0,0,1,158,363
10723,10723,0,1,0,0,1,158,363
10724,10724,0,1,1,0,1,158,363
10725,10725,0,1,0,0,1,158,363
10726,10726,0,1,0,0,1,158,363
10727,10727,0,1,0,0,1,158,363
10728,10728,0,1,1,0,1,158,363
10729,10729,0,1,0,0,0,158,363
10730,10730,0,1,0,0,0,158,363
10731,10731,0,1,0,0,0,159,363
10732,10732,0,1,1,0,0,159,363
10733,10733,0,1,0,0,1,159,363
10734,10734,0,1,0,0,1,159,363
10735,10735,0,1,0,0,1,159,363
10736,10736,0,1,1,0,1,159,363
10737,10737,0,1,0,0,1,159,363
10738,10738,0,1,0,0,1,159,363
10739,10739,0,1,0,0,1,159,363
10740,10740,0,1,1,0,1,159,364
10741,10741,0,1,0,0,1,159,364
10742,10742,0,1,0,0,1,159,364
10743,10743,0,1,0,0,1,159,364
10744,10744,0,1,1,0,1,159,364
10745,10745,0,1,0,0,1,159,364
10746,10746,0,1,0,0,1,159,364
10747,10747,0,1,0,0,1,159,364
10748,10748,0,1,1,0,1,159,364
10749,10749,0,1,0,0,1,159,364
10750,10750,0,1,0,0,1,159,364
10751,10751,0,1,0,0,1,159,364
10752,10752,0,1,1,0,1,159,364
10753,10753,0,1,0,0,1,159,364
10754,10754,0,1,0,0,1,159,364
10755,10755,0,1,0,0,1,159,364
10756,10756,0,1,1,0,1,159,364
10757,10757,0,1,0,0,0,159,364
10758,10758,0,1,0,0,0,159,364
10759,10759,0,1,0,0,0,159,364
10760,10760,0,1,1,0,0,159,365
10761,10761,0,1,0,0,0,159,365
10762,10762,0,1,0,0,0,159,365
10763,10763,0,1,0,0,0,159,365
10764,10764,0,1,1,0,0,159,365
10765,10765,0,1,0,0,1,159,365
10766,10766,0,1,0,0,1,159,365
10767,10767,0,1,0,0,1,159,365
10768,10768,0,1,1,0,1,159,365
10769,10769,0,1,0,0,0,159,365
10770,10770,0,1,0,0,0,159,365
10771,10771,0,1,0,0,0,160,365
10772,10772,0,1,1,0,0,160,365
10773,10773,0,1,0,0,1,160,365
10774,10774,0,1,0,0,1,160,365
10775,10775,0,1,0,0,1,160,365
10776,10776,0,1,1,1,1,160,365
10777,10777,0,1,0,1,1,160,365
10778,10778,0,1,0,1,1,160,365
10779,10779,0,1,0,1,1,160,365
10780,10780,0,1,1,1,1,160,366
10781,10781,0,1,0,1,1,160,366
10782,10782,0,1,0,1,1,160,366
10783,10783,0,1,0,1,1,160,366
10784,10784,0,1,1,1,1,160,366
10785,10785,0,1,0,1,0,160,366
10786,10786,0,1,0,1,0,160,366
10787,10787,0,1,0,1,0,160,366
10788,10788,0,1,1,1,0,160,366
10789,10789,0,1,0,1,1,160,366
10790,10790,0,1,0,1,1,160,366
10791,10791,0,1,0,1,1,161,366
10792,10792,0,1,1,1,1,161,366
10793,10793,0,1,0,1,0,161,366
10794,10794,0,1,0,1,0,161,366
10795,10795,0,1,0,1,0,161,366
10796,10796,0,1,1,0,0,161,366
10797,10797,0,1,0,0,0,161,366
10798,10798,0,1,0,0,0,161,366
10799,10799,0,1,0,0,0,161,366
10800,10800,0,1,1,0,0,161,367
10801,10801,0,1,0,0,1,161,367
10802,10802,0,1,0,0,1,161,367
10803,10803,0,1,0,0,1,161,367
10804,10804,0,1,1,0,1,161,367
10805,10805,0,1,0,0,1,161,367
10806,10806,0,1,0,0,1,161,367
10807,10807,0,1,0,0,1,161,367
10808,10808,0,1,1,0,1,161,367
10809,10809,0,1,0,0,1,161,367
10810,10810,0,1,0,0,1,161,367
10811,10811,0,1,0,0,1,161,367
10812,10812,0,1,1,0,1,161,367
10813,10813,0,1,0,0,1,161,367
10814,10814,0,1,0,0,1,161,367
10815,10815,0,1,0,0,1,161,367
10816,10816,0,1,1,1,1,161,367
10817,10817,0,1,0,1,1,161,367
10818,10818,0,1,0,1,1,161,367
10819,10819,0,1,0,1,1,161,367
10820,10820,0,1,1,1,1,161,368
10821,10821,0,1,0,1,0,161,368
10822,10822,0,1,0,1,0,161,368
10823,10823,0,1,0,1,0,161,368
10824,10824,0,1,1,1,0,161,368
10825,10825,0,1,0,1,0,161,368
10826,10826,0,1,0,1,0,161,368
10827,10827,0,1,0,1,0,161,368
10828,10828,0,1,1,1,0,161,368
10829,10829,0,1,0,1,0,161,368
10830,10830,0,1,0,1,0,161,368
10831,10831,0,1,0,1,0,161,368
10832,10832,0,1,1,1,0,161,368
10833,10833,0,1,0,1,1,161,368
10834,10834,0,1,0,1,1,161,368
10835,10835,0,1,0,1,1,161,368
10836,10836,0,1,1,0,1,161,368
10837,10837,0,1,0,0,0,161,368
10838,10838,0,1,0,0,0,161,368
10839,10839,0,1,0,0,0,161,368
10840,10840,0,1,1,0,0,161,369
10841,10841,0,1,0,0,1,161,369
10842,10842,0,1,0,0,1,161,369
10843,10843,0,1,0,0,1,161,369
10844,10844,0,1,1,0,1,161,369
10845,10845,0,1,0,0,1,161,369
10846,10846,0,1,0,0,1,161,369
10847,10847,0,1,0,0,1,161,369
10848,10848,0,1,1,0,1,161,369
10849,10849,0,1,0,0,1,161,369
10850,10850,0,1,0,0,1,161,369
10851,10851,0,1,0,0,1,161,369
10852,10852,0,1,1,0,1,161,369
10853,10853,0,1,0,0,1,161,369
10854,10854,0,1,0,0,1,161,369
10855,10855,0,1,0,0,1,161,369
10856,10856,0,1,1,1,1,161,369
10857,10857,0,1,0,1,0,161,369
10858,10858,0,1,0,1,0,161,369
10859,10859,0,1,0,1,0,161,369
10860,10860,0,1,1,1,0,161,370
10861,10861,0,1,0,1,0,161,370
10862,10862,0,1,0,1,0,161,370
10863,10863,0,1,0,1,0,161,370
10864,10864,0,1,1,1,0,161,370
10865,10865,0,1,0,1,1,161,370
10866,10866,0,1,0,1,1,161,370
10867,10867,0,1,0,1,1,161,370
10868,10868,0,1,1,1,1,161,370
10869,10869,0,1,0,1,1,161,370
10870,10870,0,1,0,1,1,161,370
10871,10871,0,1,0,1,1,162,370
10872,10872,0,1,1,1,1,162,370
10873,10873,0,1,0,1,1,162,370
10874,10874,0,1,0,1,1,162,370
10875,10875,0,1,0,1,1,162,370
10876,10876,0,1,1,1,1,162,370
10877,10877,0,1,0,1,0,162,370
10878,10878,0,1,0,1,0,162,370
10879,10879,0,1,0,1,0,162,370
10880,10880,0,1,1,1,0,162,371
10881,10881,0,1,0,1,0,162,371
10882,10882,0,1,0,1,0,162,371
10883,10883,0,1,0,1,0,162,371
10884,10884,0,1,1,1,0,162,371
10885,10885,0,1,0,1,1,162,371
10886,10886,0,1,0,1,1,162,371
10887,10887,0,1,0,1,1,162,371
10888,10888,0,1,1,1,1,162,371
10889,10889,0,1,0,1,1,162,371
10890,10890,0,1,0,1,1,162,371
10891,10891,0,1,0,1,1,163,371
10892,10892,0,1,1,1,1,163,371
10893,10893,0,1,0,1,1,163,371
10894,10894,0,1,0,1,1,163,371
10895,10895,0,1,0,1,1,163,371
10896,10896,0,1,1,0,1,163,371
10897,10897,0,1,0,0,1,163,371
10898,10898,0,1,0,0,1,163,371
10899,10899,0,1,0,0,1,163,371
10900,10900,0,1,1,0,1,163,372
10901,10901,0,1,0,0,1,163,372
10902,10902,0,1,0,0,1,163,372
10903,10903,0,1,0,0,1,163,372
10904,10904,0,1,1,0,1,163,372
10905,10905,0,1,0,0,0,163,372
10906,10906,0,1,0,0,0,163,372
10907,10907,0,1,0,0,0,163,372
10908,10908,0,1,1,0,0,163,372
10909,10909,0,1,0,0,1,163,372
10910,10910,0,1,0,0,1,163,372
10911,10911,0,1,0,0,1,163,372
10912,10912,0,1,1,0,1,163,372
10913,10913,0,1,0,0,0,163,372
10914,10914,0,1,0,0,0,163,372
10915,10915,0,1,0,0,0,163,372
10916,10916,0,1,1,1,0,163,372
10917,10917,0,1,0,1,1,163,372
10918,10918,0,1,0,1,1,163,372
10919,10919,0,1,0,1,1,163,372
10920,10920,0,1,1,1,1,163,373
10921,10921,0,1,0,1,0,163,373
10922,10922,0,1,0,1,0,163,373
10923,10923,0,1,0,1,0,163,373
10924,10924,0,1,1,1,0,163,373
10925,10925,0,1,0,1,0,163,373
10926,10926,0,1,0,1,0,163,373
10927,10927,0,1,0,1,0,163,373
10928,10928,0,1,1,1,0,163,373
10929,10929,0,1,0,1,0,163,373
10930,10930,0,1,0,1,0,163,373
10931,10931,0,1,0,1,0,163,373
10932,10932,0,1,1,1,0,163,373
10933,10933,0,1,0,1,0,163,373
10934,10934,0,1,0,1,0,163,373
10935,10935,0,1,0,1,0,163,373
10936,10936,0,1,1,0,0,163,373
10937,10937,0,1,0,0,0,163,373
10938,10938,0,1,0,0,0,163,373
10939,10939,0,1,0,0,0,163,373
10940,10940,0,1,1,0,0,163,374
10941,10941,0,1,0,0,1,163,374
10942,10942,0,1,0,0,1,163,374
10943,10943,0,1,0,0,1,163,374
10944,10944,0,1,1,0,1,163,374
10945,10945,0,1,0,0,1,163,374
10946,10946,0,1,0,0,1,163,374
10947,10947,0,1,0,0,1,163,374
10948,10948,0,1,1,0,1,163,374
10949,10949,0,1,0,0,1,163,374
10950,10950,0,1,0,0,1,163,374
10951,10951,0,1,0,0,1,163,374
10952,10952,0,1,1,0,1,163,374
10953,10953,0,1,0,0,1,163,374
10954,10954,0,1,0,0,1,163,374
10955,10955,0,1,0,0,1,163,374
10956,10956,0,1,1,1,1,163,374
10957,10957,0,1,0,1,0,163,374
10958,10958,0,1,0,1,0,163,374
10959,10959,0,1,0,1,0,163,374
10960,10960,0,1,1,1,0,163,375
10961,10961,0,1,0,1,0,163,375
10962,10962,0,1,0,1,0,163,375
10963,10963,0,1,0,1,0,163,375
10964,10964,0,1,1,1,0,163,375
10965,10965,0,1,0,1,0,163,375
10966,10966,0,1,0,1,0,163,375
10967,10967,0,1,0,1,0,163,375
10968,10968,0,1,1,1,0,163,375
10969,10969,0,1,0,1,0,163,375
10970,10970,0,1,0,1,0,163,375
10971,10971,0,1,0,1,0,163,375
10972,10972,0,1,1,1,0,163,375
10973,10973,0,1,0,1,0,163,375
10974,10974,0,1,0,1,0,163,375
10975,10975,0,1,0,1,0,163,375
10976,10976,0,1,1,1,0,163,375
10977,10977,0,1,0,1,0,163,375
10978,10978,0,1,0,1,0,163,375
10979,10979,0,1,0,1,0,163,375
10980,10980,0,1,1,1,0,163,376
10981,10981,0,1,0,1,0,163,376
10982,10982,0,1,0,1,0,163,376
10983,10983,0,1,0,1,0,163,376
10984,10984,0,1,1,1,0,163,376
10985,10985,0,1,0,1,0,163,376
10986,10986,0,1,0,1,0,163,376
10987,10987,0,1,0,1,0,163,376
10988,10988,0,1,1,1,0,163,376
10989,10989,0,1,0,1,1,163,376
10990,10990,0,1,0,1,1,163,376
10991,10991,0,1,0,1,1,164,376
10992,10992,0,1,1,1,1,164,376
10993,10993,0,1,0,1,0,164,376
10994,10994,0,1,0,1,0,164,376
10995,10995,0,1,0,1,0,164,376
10996,10996,0,1,1,1,0,164,376
10997,10997,0,1,0,1,1,164,376
10998,10998,0,1,0,1,1,164,376
10999,10999,0,1,0,1,1,164,376
11000,11000,0,1,1,1,1,164,377
11001,11001,0,1,0,1,0,164,377
11002,11002,0,1,0,1,0,164,377
11003,11003,0,1,0,1,0,164,377
11004,11004,0,1,1,1,0,164,377
11005,11005,0,1,0,1,1,164,377
11006,11006,0,1,0,1,1,164,377
11007,11007,0,1,0,1,1,164,377
11008,11008,0,1,1,1,1,164,377
11009,11009,0,1,0,1,0,164,377
11010,11010,0,1,0,1,0,164,377
11011,11011,0,1,0,1,0,164,377
11012,11012,0,1,1,1,0,164,377
11013,11013,0,1,0,1,1,164,377
11014,11014,0,1,0,1,1,164,377
11015,11015,0,1,0,1,1,164,377
11016,11016,0,1,1,0,1,164,377
11017,11017,0,1,0,0,1,164,377
11018,11018,0,1,0,0,1,164,377
11019,11019,0,1,0,0,1,164,377
11020,11020,0,1,1,0,1,164,378
11021,11021,0,1,0,0,1,164,378
11022,11022,0,1,0,0,1,164,378
11023,11023,0,1,0,0,1,164,378
11024,11024,0,1,1,0,1,164,378
11025,11025,0,1,0,0,0,164,378
11026,11026,0,1,0,0,0,164,378
11027,11027,0,1,0,0,0,164,378
11028,11028,0,1,1,0,0,164,378
11029,11029,0,1,0,0,1,164,378
11030,11030,0,1,0,0,1,164,378
11031,11031,0,1,0,0,1,164,378
11032,11032,0,1,1,0,1,164,378
11033,11033,0,1,0,0,1,164,378
11034,11034,0,1,0,0,1,164,378
11035,11035,0,1,0,0,1,164,378
11036,11036,0,1,1,0,1,164,378
11037,11037,0,1,0,0,1,164,378
11038,11038,0,1,0,0,1,164,378
11039,11039,0,1,0,0,1,164,378
11040,11040,0,1,1,0,1,164,379
11041,11041,0,1,0,0,0,164,379
11042,11042,0,1,0,0,0,164,379
11043,11043,0,1,0,0,0,164,379
11044,11044,0,1,1,0,0,164,379
11045,11045,0,1,0,0,1,164,379
11046,11046,0,1,0,0,1,164,379
11047,11047,0,1,0,0,1,164,379
11048,11048,0,1,1,0,1,164,379
11049,11049,0,1,0,0,1,164,379
11050,11050,0,1,0,0,1,164,379
11051,11051,0,1,0,0,1,164,379
11052,11052,0,1,1,0,1,164,379
11053,11053,0,1,0,0,1,164,379
11054,11054,0,1,0,0,1,164,379
11055,11055,0,1,0,0,1,164,379
11056,11056,0,1,1,0,1,164,379
11057,11057,0,1,0,0,1,164,379
11058,11058,0,1,0,0,1,164,379
11059,11059,0,1,0,0,1,164,379
11060,11060,0,1,1,0,1,164,380
11061,11061,0,1,0,0,1,164,380
11062,11062,0,1,0,0,1,164,380
11063,11063,0,1,0,0,1,164,380
11064,11064,0,1,1,0,1,164,380
11065,11065,0,1,0,0,1,164,380
11066,11066,0,1,0,0,1,164,380
11067,11067,0,1,0,0,1,164,380
11068,11068,0,1,1,0,1,164,380
11069,11069,0,1,0,0,0,164,380
11070,11070,0,1,0,0,0,164,380
11071,11071,0,1,0,0,0,165,380
11072,11072,0,1,1,0,0,165,380
11073,11073,0,1,0,0,1,165,380
11074,11074,0,1,0,0,1,165,380
11075,11075,0,1,0,0,1,165,380
11076,11076,0,1,1,1,1,165,380
11077,11077,0,1,0,1,1,165,380
11078,11078,0,1,0,1,1,165,380
11079,11079,0,1,0,1,1,165,380
11080,11080,0,1,1,1,1,165,381
11081,11081,0,1,0,1,1,165,381
11082,11082,0,1,0,1,1,165,381
11083,11083,0,1,0,1,1,165,381
11084,11084,0,1,1,1,1,165,381
11085,11085,0,1,0,1,1,165,381
11086,11086,0,1,0,1,1,165,381
11087,11087,0,1,0,1,1,165,381
11088,11088,0,1,1,1,1,165,381
11089,11089,0,1,0,1,0,165,381
11090,11090,0,1,0,1,0,165,381
11091,11091,0,1,0,1,0,165,381
11092,11092,0,1,1,1,0,165,381
11093,11093,0,1,0,1,0,165,381
11094,11094,0,1,0,1,0,165,381
11095,11095,0,1,0,1,0,165,381
11096,11096,0,1,1,0,0,165,381
11097,11097,0,1,0,0,1,165,381
11098,11098,0,1,0,0,1,165,381
11099,11099,0,1,0,0,1,165,381
11100,11100,0,1,1,0,1,165,382
11101,11101,0,1,0,0,0,165,382
11102,11102,0,1,0,0,0,165,382
11103,11103,0,1,0,0,0,165,382
11104,11104,0,1,1,0,0,165,382
11105,11105,0,1,0,0,1,165,382
11106,11106,0,1,0,0,1,165,382
11107,11107,0,1,0,0,1,165,382
11108,11108,0,1,1,0,1,165,382
11109,11109,0,1,0,0,1,165,382
11110,11110,0,1,0,0,1,165,382
11111,11111,0,1,0,0,1,165,382
11112,11112,0,1,1,0,1,165,382
11113,11113,0,1,0,0,1,165,382
11114,11114,0,1,0,0,1,165,382
11115,11115,0,1,0,0,1,165,382
11116,11116,0,1,1,1,1,165,382
11117,11117,0,1,0,1,1,165,382
11118,11118,0,1,0,1,1,165,382
11119,11119,0,1,0,1,1,165,382
11120,11120,0,1,1,1,1,165,383
11121,11121,0,1,0,1,0,165,383
11122,11122,0,1,0,1,0,165,383
11123,11123,0,1,0,1,0,165,383
11124,11124,0,1,1,1,0,165,383
11125,11125,0,1,0,1,1,165,383
11126,11126,0,1,0,1,1,165,383
11127,11127,0,1,0,1,1,165,383
11128,11128,0,1,1,1,1,165,383
11129,11129,0,1,0,1,1,165,383
11130,11130,0,1,0,1,1,165,383
11131,11131,0,1,0,1,1,166,383
11132,11132,0,1,1,1,1,166,383
11133,11133,0,1,0,1,0,166,383
11134,11134,0,1,0,1,0,166,383
11135,11135,0,1,0,1,0,166,383
11136,11136,0,1,1,0,0,166,383
11137,11137,0,1,0,0,1,166,383
11138,11138,0,1,0,0,1,166,383
11139,11139,0,1,0,0,1,166,383
11140,11140,0,1,1,0,1,166,384
11141,11141,0,1,0,0,1,166,384
11142,11142,0,1,0,0,1,166,384
11143,11143,0,1,0,0,1,166,384
11144,11144,0,1,1,0,1,166,384
11145,11145,0,1,0,0,0,166,384
11146,11146,0,1,0,0,0,166,384
11147,11147,0,1,0,0,0,166,384
11148,11148,0,1,1,0,0,166,384
11149,11149,0,1,0,0,1,166,384
11150,11150,0,1,0,0,1,166,384
11151,11151,0,1,0,0,1,166,384
11152,11152,0,1,1,0,1,166,384
11153,11153,0,1,0,0,1,166,384
11154,11154,0,1,0,0,1,166,384
11155,11155,0,1,0,0,1,166,384
11156,11156,0,1,1,1,1,166,384
11157,11157,0,1,0,1,0,166,384
11158,11158,0,1,0,1,0,166,384
11159,11159,0,1,0,1,0,166,384
11160,11160,0,1,1,1,0,166,385
11161,11161,0,1,0,1,1,166,385
11162,11162,0,1,0,1,1,166,385
11163,11163,0,1,0,1,1,166,385
11164,11164,0,1,1,1,1,166,385
11165,11165,0,1,0,1,0,166,385
11166,11166,0,1,0,1,0,166,385
11167,11167,0,1,0,1,0,166,385
11168,11168,0,1,1,1,0,166,385
11169,11169,0,1,0,1,1,166,385
11170,11170,0,1,0,1,1,166,385
11171,11171,0,1,0,1,1,167,385
11172,11172,0,1,1,1,1,167,385
11173,11173,0,1,0,1,1,167,385
11174,11174,0,1,0,1,1,167,385
11175,11175,0,1,0,1,1,167,385
11176,11176,0,1,1,1,1,167,385
11177,11177,0,1,0,1,0,167,385
11178,11178,0,1,0,1,0,167,385
11179,11179,0,1,0,1,0,167,385
11180,11180,0,1,1,1,0,167,386
11181,11181,0,1,0,1,1,167,386
11182,11182,0,1,0,1,1,167,386
11183,11183,0,1,0,1,1,167,386
11184,11184,0,1,1,1,1,167,386
11185,11185,0,1,0,1,1,167,386
11186,11186,0,1,0,1,1,167,386
11187,11187,0,1,0,1,1,167,386
11188,11188,0,1,1,1,1,167,386
11189,11189,0,1,0,1,1,167,386
11190,11190,0,1,0,1,1,167,386
11191,11191,0,1,0,1,1,168,386
11192,11192,0,1,1,1,1,168,386
11193,11193,0,1,0,1,1,168,386
11194,11194,0,1,0,1,1,168,386
11195,11195,0,1,0,1,1,168,386
11196,11196,0,1,1,1,1,168,386
11197,11197,0,1,0,1,0,168,386
11198,11198,0,1,0,1,0,168,386
11199,11199,0,1,0,1,0,168,386
11200,11200,0,1,1,1,0,168,387
11201,11201,0,1,0,1,1,168,387
11202,11202,0,1,0,1,1,168,387
11203,11203,0,1,0,1,1,168,387
11204,11204,0,1,1,1,1,168,387
11205,11205,0,1,0,1,1,168,387
11206,11206,0,1,0,1,1,168,387
11207,11207,0,1,0,1,1,168,387
11208,11208,0,1,1,1,1,168,387
11209,11209,0,1,0,1,0,168,387
11210,11210,0,1,0,1,0,168,387
11211,11211,0,1,0,1,0,168,387
11212,11212,0,1,1,1,0,168,387
11213,11213,0,1,0,1,0,168,387
11214,11214,0,1,0,1,0,168,387
11215,11215,0,1,0,1,0,168,387
11216,11216,0,1,1,1,0,168,387
11217,11217,0,1,0,1,0,168,387
11218,11218,0,1,0,1,0,168,387
11219,11219,0,1,0,1,0,168,387
11220,11220,0,1,1,1,0,168,388
11221,11221,0,1,0,1,0,168,388
11222,11222,0,1,0,1,0,168,388
11223,11223,0,1,0,1,0,168,388
11224,11224,0,1,1,1,0,168,388
11225,11225,0,1,0,1,0,168,388
11226,11226,0,1,0,1,0,168,388
11227,11227,0,1,0,1,0,168,388
11228,11228,0,1,1,1,0,168,388
11229,11229,0,1,0,1,1,168,388
11230,11230,0,1,0,1,1,168,388
11231,11231,0,1,0,1,1,169,388
11232,11232,0,1,1,1,1,169,388
11233,11233,0,1,0,1,1,169,388
11234,11234,0,1,0,1,1,169,388
11235,11235,0,1,0,1,1,169,388
11236,11236,0,1,1,0,1,169,388
11237,11237,0,1,0,0,1,169,388
11238,11238,0,1,0,0,1,169,388
11239,11239,0,1,0,0,1,169,388
11240,11240,0,1,1,0,1,169,389
11241,11241,0,1,0,0,1,169,389
11242,11242,0,1,0,0,1,169,389
11243,11243,0,1,0,0,1,169,389
11244,11244,0,1,1,0,1,169,389
11245,11245,0,1,0,0,1,169,389
11246,11246,0,1,0,0,1,169,389
11247,11247,0,1,0,0,1,169,389
11248,11248,0,1,1,0,1,169,389
11249,11249,0,1,0,0,1,169,389
11250,11250,0,1,0,0,1,169,389
11251,11251,0,1,0,0,1,169,389
11252,11252,0,1,1,0,1,169,389
11253,11253,0,1,0,0,0,169,389
11254,11254,0,1,0,0,0,169,389
11255,11255,0,1,0,0,0,169,389
11256,11256,0,1,1,1,0,169,389
11257,11257,0,1,0,1,0,169,389
11258,11258,0,1,0,1,0,169,389
11259,11259,0,1,0,1,0,169,389
11260,11260,0,1,1,1,0,169,390
11261,11261,0,1,0,1,1,169,390
11262,11262,0,1,0,1,1,169,390
11263,11263,0,1,0,1,1,169,390
11264,11264,0,1,1,1,1,169,390
11265,11265,0,1,0,1,0,169,390
11266,11266,0,1,0,1,0,169,390
11267,11267,0,1,0,1,0,169,390
11268,11268,0,1,1,1,0,169,390
11269,11269,0,1,0,1,0,169,390
11270,11270,0,1,0,1,0,169,390
11271,11271,0,1,0,1,0,169,390
11272,11272,0,1,1,1,0,169,390
11273,11273,0,1,0,1,1,169,390
11274,11274,0,1,0,1,1,169,390
11275,11275,0,1,0,1,1,169,390
11276,11276,0,1,1,1,1,169,390
11277,11277,0,1,0,1,1,169,390
11278,11278,0,1,0,1,1,169,390
11279,11279,0,1,0,1,1,169,390
11280,11280,0,1,1,1,1,169,391
11281,11281,0,1,0,1,0,169,391
11282,11282,0,1,0,1,0,169,391
11283,11283,0,1,0,1,0,169,391
11284,11284,0,1,1,1,0,169,391
11285,11285,0,1,0,1,0,169,391
11286,11286,0,1,0,1,0,169,391
11287,11287,0,1,0,1,0,169,391
11288,11288,0,1,1,1,0,169,391
11289,11289,0,1,0,1,1,169,391
11290,11290,0,1,0,1,1,169,391
11291,11291,0,1,0,1,1,170,391
11292,11292,0,1,1,1,1,170,391
11293,11293,0,1,0,1,1,170,391
11294,11294,0,1,0,1,1,170,391
11295,11295,0,1,0,1,1,170,391
11296,11296,0,1,1,1,1,170,391
11297,11297,0,1,0,1,0,170,391
11298,11298,0,1,0,1,0,170,391
11299,11299,0,1,0,1,0,170,391
11300,11300,0,1,1,1,0,170,392
11301,11301,0,1,0,1,1,170,392
11302,11302,0,1,0,1,1,170,392
11303,11303,0,1,0,1,1,170,392
11304,11304,0,1,1,1,1,170,392
11305,11305,0,1,0,1,0,170,392
11306,11306,0,1,0,1,0,170,392
11307,11307,0,1,0,1,0,170,392
11308,11308,0,1,1,1,0,170,392
11309,11309,0,1,0,1,0,170,392
11310,11310,0,1,0,1,0,170,392
11311,11311,0,1,0,1,0,170,392
11312,11312,0,1,1,1,0,170,392
11313,11313,0,1,0,1,1,170,392
11314,11314,0,1,0,1,1,170,392
11315,11315,0,1,0,1,1,170,392
11316,11316,0,1,1,0,1,170,392
11317,11317,0,1,0,0,0,170,392
11318,11318,0,1,0,0,0,170,392
11319,11319,0,1,0,0,0,170,392
11320,11320,0,1,1,0,0,170,393
11321,11321,0,1,0,0,0,170,393
11322,11322,0,1,0,0,0,170,393
11323,11323,0,1,0,0,0,170,393
11324,11324,0,1,1,0,0,170,393
11325,11325,0,1,0,0,1,170,393
11326,11326,0,1,0,0,1,170,393
11327,11327,0,1,0,0,1,170,393
11328,11328,0,1,1,0,1,170,393
11329,11329,0,1,0,0,0,170,393
11330,11330,0,1,0,0,0,170,393
11331,11331,0,1,0,0,0,171,393
11332,11332,0,1,1,0,0,171,393
11333,11333,0,1,0,0,0,171,393
11334,11334,0,1,0,0,0,171,393
11335,11335,0,1,0,0,0,171,393
11336,11336,0,1,1,0,0,171,393
11337,11337,0,1,0,0,1,171,393
11338,11338,0,1,0,0,1,171,393
11339,11339,0,1,0,0,1,171,393
11340,11340,0,1,1,0,1,171,394
11341,11341,0,1,0,0,1,171,394
11342,11342,0,1,0,0,1,171,394
11343,11343,0,1,0,0,1,171,394
11344,11344,0,1,1,0,1,171,394
11345,11345,0,1,0,0,1,171,394
11346,11346,0,1,0,0,1,171,394
11347,11347,0,1,0,0,1,171,394
11348,11348,0,1,1,0,1,171,394
11349,11349,0,1,0,0,1,171,394
11350,11350,0,1,0,0,1,171,394
11351,11351,0,1,0,0,1,171,394
11352,11352,0,1,1,0,1,171,394
11353,11353,0,1,0,0,0,171,394
11354,11354,0,1,0,0,0,171,394
11355,11355,0,1,0,0,0,171,394
11356,11356,0,1,1,0,0,171,394
11357,11357,0,1,0,0,1,171,394
11358,11358,0,1,0,0,1,171,394
11359,11359,0,1,0,0,1,171,394
11360,11360,0,1,1,0,1,171,395
11361,11361,0,1,0,0,1,171,395
11362,11362,0,1,0,0,1,171,395
11363,11363,0,1,0,0,1,171,395
11364,11364,0,1,1,0,1,171,395
11365,11365,0,1,0,0,1,171,395
11366,11366,0,1,0,0,1,171,395
11367,11367,0,1,0,0,1,171,395
11368,11368,0,1,1,0,1,171,395
11369,11369,0,1,0,0,0,171,395
11370,11370,0,1,0,0,0,171,395
11371,11371,0,1,0,0,0,172,395
11372,11372,0,1,1,0,0,172,395
11373,11373,0,1,0,0,0,172,395
11374,11374,0,1,0,0,0,172,395
11375,11375,0,1,0,0,0,172,395
11376,11376,0,1,1,1,0,172,395
11377,11377,0,1,0,1,0,172,395
11378,11378,0,1,0,1,0,172,395
11379,11379,0,1,0,1,0,172,395
11380,11380,0,1,1,1,0,172,396
11381,11381,0,1,0,1,0,172,396
11382,11382,0,1,0,1,0,172,396
11383,11383,0,1,0,1,0,172,396
11384,11384,0,1,1,1,0,172,396
11385,11385,0,1,0,1,1,172,396
11386,11386,0,1,0,1,1,172,396
11387,11387,0,1,0,1,1,172,396
11388,11388,0,1,1,1,1,172,396
11389,11389,0,1,0,1,0,172,396
11390,11390,0,1,0,1,0,172,396
11391,11391,0,1,0,1,0,172,396
11392,11392,0,1,1,1,0,172,396
11393,11393,0,1,0,1,1,172,396
11394,11394,0,1,0,1,1,172,396
11395,11395,0,1,0,1,1,172,396
11396,11396,0,1,1,0,1,172,396
11397,11397,0,1,0,0,1,172,396
11398,11398,0,1,0,0,1,172,396
11399,11399,0,1,0,0,1,172,396
11400,11400,0,1,1,0,1,172,397
11401,11401,0,1,0,0,0,172,397
11402,11402,0,1,0,0,0,172,397
11403,11403,0,1,0,0,0,172,397
11404,11404,0,1,1,0,0,172,397
11405,11405,0,1,0,0,0,172,397
11406,11406,0,1,0,0,0,172,397
11407,11407,0,1,0,0,0,172,397
11408,11408,0,1,1,0,0,172,397
11409,11409,0,1,0,0,1,172,397
11410,11410,0,1,0,0,1,172,397
11411,11411,0,1,0,0,1,172,397
11412,11412,0,1,1,0,1,172,397
11413,11413,0,1,0,0,1,172,397
11414,11414,0,1,0,0,1,172,397
11415,11415,0,1,0,0,1,172,397
11416,11416,0,1,1,1,1,172,397
11417,11417,0,1,0,1,1,172,397
11418,11418,0,1,0,1,1,172,397
11419,11419,0,1,0,1,1,172,397
11420,11420,0,1,1,1,1,172,398
11421,11421,0,1,0,1,1,172,398
11422,11422,0,1,0,1,1,172,398
11423,11423,0,1,0,1,1,172,398
11424,11424,0,1,1,1,1,172,398
11425,11425,0,1,0,1,1,172,398
11426,11426,0,1,0,1,1,172,398
11427,11427,0,1,0,1,1,172,398
11428,11428,0,1,1,1,1,172,398
11429,11429,0,1,0,1,1,172,398
11430,11430,0,1,0,1,1,172,398
11431,11431,0,1,0,1,1,173,398
11432,11432,0,1,1,1,1,173,398
11433,11433,0,1,0,1,0,173,398
11434,11434,0,1,0,1,0,173,398
11435,11435,0,1,0,1,0,173,398
11436,11436,0,1,1,1,0,173,398
11437,11437,0,1,0,1,0,173,398
11438,11438,0,1,0,1,0,173,398
11439,11439,0,1,0,1,0,173,398
11440,11440,0,1,1,1,0,173,399
11441,11441,0,1,0,1,1,173,399
11442,11442,0,1,0,1,1,173,399
11443,11443,0,1,0,1,1,173,399
11444,11444,0,1,1,1,1,173,399
11445,11445,0,1,0,1,1,173,399
11446,11446,0,1,0,1,1,173,399
11447,11447,0,1,0,1,1,173,399
11448,11448,0,1,1,1,1,173,399
11449,11449,0,1,0,1,0,173,399
11450,11450,0,1,0,1,0,173,399
11451,11451,0,1,0,1,0,173,399
11452,11452,0,1,1,1,0,173,399
11453,11453,0,1,0,1,0,173,399
11454,11454,0,1,0,1,0,173,399
11455,11455,0,1,0,1,0,173,399
11456,11456,0,1,1,0,0,173,399
11457,11457,0,1,0,0,0,173,399
11458,11458,0,1,0,0,0,173,399
11459,11459,0,1,0,0,0,173,399
11460,11460,0,1,1,0,0,173,400
11461,11461,0,1,0,0,1,173,400
11462,11462,0,1,0,0,1,173,400
11463,11463,0,1,0,0,1,173,400
11464,11464,0,1,1,0,1,173,400
11465,11465,0,1,0,0,1,173,400
11466,11466,0,1,0,0,1,173,400
11467,11467,0,1,0,0,1,173,400
11468,11468,0,1,1,0,1,173,400
11469,11469,0,1,0,0,1,173,400
11470,11470,0,1,0,0,1,173,400
11471,11471,0,1,0,0,1,173,400
11472,11472,0,1,1,0,1,173,400
11473,11473,0,1,0,0,0,173,400
11474,11474,0,1,0,0,0,173,400
11475,11475,0,1,0,0,0,173,400
11476,11476,0,1,1,1,0,173,400
11477,11477,0,1,0,1,0,173,400
11478,11478,0,1,0,1,0,173,400
11479,11479,0,1,0,1,0,173,400
11480,11480,0,1,1,1,0,173,401
11481,11481,0,1,0,1,0,173,401
11482,11482,0,1,0,1,0,173,401
11483,11483,0,1,0,1,0,173,401
11484,11484,0,1,1,1,0,173,401
11485,11485,0,1,0,1,0,173,401
11486,11486,0,1,0,1,0,173,401
11487,11487,0,1,0,1,0,173,401
11488,11488,0,1,1,1,0,173,401
11489,11489,0,1,0,1,0,173,401
11490,11490,0,1,0,1,0,173,401
11491,11491,0,1,0,1,0,173,401
11492,11492,0,1,1,1,0,173,401
11493,11493,0,1,0,1,1,173,401
11494,11494,0,1,0,1,1,173,401
11495,11495,0,1,0,1,1,173,401
11496,11496,0,1,1,0,1,173,401
11497,11497,0,1,0,0,0,173,401
11498,11498,0,1,0,0,0,173,401
11499,11499,0,1,0,0,0,173,401
11500,11500,0,1,1,0,0,173,402
11501,11501,0,1,0,0,1,173,402
11502,11502,0,1,0,0,1,173,402
11503,11503,0,1,0,0,1,173,402
11504,11504,0,1,1,0,1,173,402
11505,11505,0,1,0,0,1,173,402
11506,11506,0,1,0,0,1,173,402
11507,11507,0,1,0,0,1,173,402
11508,11508,0,1,1,0,1,173,402
11509,11509,0,1,0,0,1,173,402
11510,11510,0,1,0,0,1,173,402
11511,11511,0,1,0,0,1,173,402
11512,11512,0,1,1,0,1,173,402
11513,11513,0,1,0,0,1,173,402
11514,11514,0,1,0,0,1,173,402
11515,11515,0,1,0,0,1,173,402
11516,11516,0,1,1,1,1,173,402
11517,11517,0,1,0,1,1,173,402
11518,11518,0,1,0,1,1,173,402
11519,11519,0,1,0,1,1,173,402
11520,11520,0,1,1,1,1,173,403
11521,11521,0,1,0,1,0,173,403
11522,11522,0,1,0,1,0,173,403
11523,11523,0,1,0,1,0,173,403
11524,11524,0,1,1,1,0,173,403
11525,11525,0,1,0,1,0,173,403
11526,11526,0,1,0,1,0,173,403
11527,11527,0,1,0,1,0,173,403
11528,11528,0,1,1,1,0,173,403
11529,11529,0,1,0,1,1,173,403
11530,11530,0,1,0,1,1,173,403
11531,11531,0,1,0,1,1,174,403
11532,11532,0,1,1,1,1,174,403
11533,11533,0,1,0,1,0,174,403
11534,11534,0,1,0,1,0,174,403
11535,11535,0,1,0,1,0,174,403
11536,11536,0,1,1,1,0,174,403
11537,11537,0,1,0,1,1,174,403
11538,11538,0,1,0,1,1,174,403
11539,11539,0,1,0,1,1,174,403
11540,11540,0,1,1,1,1,174,404
11541,11541,0,1,0,1,1,174,404
11542,11542,0,1,0,1,1,174,404
11543,11543,0,1,0,1,1,174,404
11544,11544,0,1,1,1,1,174,404
11545,11545,0,1,0,1,0,174,404
11546,11546,0,1,0,1,0,174,404
11547,11547,0,1,0,1,0,174,404
11548,11548,0,1,1,1,0,174,404
11549,11549,0,1,0,1,0,174,404
11550,11550,0,1,0,1,0,174,404
11551,11551,0,1,0,1,0,174,404
11552,11552,0,1,1,1,0,174,404
11553,11553,0,1,0,1,1,174,404
11554,11554,0,1,0,1,1,174,404
11555,11555,0,1,0,1,1,174,404
11556,11556,0,1,1,1,1,174,404
11557,11557,0,1,0,1,1,174,404
11558,11558,0,1,0,1,1,174,404
11559,11559,0,1,0,1,1,174,404
11560,11560,0,1,1,1,1,174,405
11561,11561,0,1,0,1,1,174,405
11562,11562,0,1,0,1,1,174,405
11563,11563,0,1,0,1,1,174,405
11564,11564,0,1,1,1,1,174,405
11565,11565,0,1,0,1,0,174,405
11566,11566,0,1,0,1,0,174,405
11567,11567,0,1,0,1,0,174,405
11568,11568,0,1,1,1,0,174,405
11569,11569,0,1,0,1,0,174,405
11570,11570,0,1,0,1,0,174,405
11571,11571,0,1,0,1,0,174,405
11572,11572,0,1,1,1,0,174,405
11573,11573,0,1,0,1,0,174,405
11574,11574,0,1,0,1,0,174,405
11575,11575,0,1,0,1,0,174,405
11576,11576,0,1,1,0,0,174,405
11577,11577,0,1,0,0,0,174,405
11578,11578,0,1,0,0,0,174,405
11579,11579,0,1,0,0,0,174,405
11580,11580,0,1,1,0,0,174,406
11581,11581,0,1,0,0,0,174,406
11582,11582,0,1,0,0,0,174,406
11583,11583,0,1,0,0,0,174,406
11584,11584,0,1,1,0,0,174,406
11585,11585,0,1,0,0,0,174,406
11586,11586,0,1,0,0,0,174,406
11587,11587,0,1,0,0,0,174,406
11588,11588,0,1,1,0,0,174,406
11589,11589,0,1,0,0,1,174,406
11590,11590,0,1,0,0,1,174,406
11591,11591,0,1,0,0,1,174,406
11592,11592,0,1,1,0,1,174,406
11593,11593,0,1,0,0,1,174,406
11594,11594,0,1,0,0,1,174,406
11595,11595,0,1,0,0,1,174,406
11596,11596,0,1,1,1,1,174,406
11597,11597,0,1,0,1,0,174,406
11598,11598,0,1,0,1,0,174,406
11599,11599,0,1,0,1,0,174,406
11600,11600,0,1,1,1,0,174,407
11601,11601,0,1,0,1,1,174,407
11602,11602,0,1,0,1,1,174,407
11603,11603,0,1,0,1,1,174,407
11604,11604,0,1,1,1,1,174,407
11605,11605,0,1,0,1,0,174,407
11606,11606,0,1,0,1,0,174,407
11607,11607,0,1,0,1,0,174,407
11608,11608,0,1,1,1,0,174,407
11609,11609,0,1,0,1,0,174,407
11610,11610,0,1,0,1,0,174,407
11611,11611,0,1,0,1,0,174,407
11612,11612,0,1,1,1,0,174,407
11613,11613,0,1,0,1,1,174,407
11614,11614,0,1,0,1,1,174,407
11615,11615,0,1,0,1,1,174,407
11616,11616,0,1,1,1,1,174,407
11617,11617,0,1,0,1,1,174,407
11618,11618,0,1,0,1,1,174,407
11619,11619,0,1,0,1,1,174,407
11620,11620,0,1,1,1,1,174,408
11621,11621,0,1,0,1,1,174,408
11622,11622,0,1,0,1,1,174,408
11623,11623,0,1,0,1,1,174,408
11624,11624,0,1,1,1,1,174,408
11625,11625,0,1,0,1,1,174,408
11626,11626,0,1,0,1,1,174,408
11627,11627,0,1,0,1,1,174,408
11628,11628,0,1,1,1,1,174,408
11629,11629,0,1,0,1,0,174,408
11630,11630,0,1,0,1,0,174,408
11631,11631,0,1,0,1,0,174,408
11632,11632,0,1,1,1,0,174,408
11633,11633,0,1,0,1,0,174,408
11634,11634,0,1,0,1,0,174,408
11635,11635,0,1,0,1,0,174,408
11636,11636,0,1,1,0,0,174,408
11637,11637,0,1,0,0,0,174,408
11638,11638,0,1,0,0,0,174,408
11639,11639,0,1,0,0,0,174,408
11640,11640,0,1,1,0,0,174,409
11641,11641,0,1,0,0,0,174,409
11642,11642,0,1,0,0,0,174,409
11643,11643,0,1,0,0,0,174,409
11644,11644,0,1,1,0,0,174,409
11645,11645,0,1,0,0,0,174,409
11646,11646,0,1,0,0,0,174,409
11647,11647,0,1,0,0,0,174,409
11648,11648,0,1,1,0,0,174,409
11649,11649,0,1,0,0,1,174,409
11650,11650,0,1,0,0,1,174,409
11651,11651,0,1,0,0,1,174,409
11652,11652,0,1,1,0,1,174,409
11653,11653,0,1,0,0,1,174,409
11654,11654,0,1,0,0,1,174,409
11655,11655,0,1,0,0,1,174,409
11656,11656,0,1,1,1,1,174,409
11657,11657,0,1,0,1,1,174,409
11658,11658,0,1,0,1,1,174,409
11659,11659,0,1,0,1,1,174,409
11660,11660,0,1,1,1,1,174,410
11661,11661,0,1,0,1,1,174,410
11662,11662,0,1,0,1,1,174,410
11663,11663,0,1,0,1,1,174,410
11664,11664,0,1,1,1,1,174,410
11665,11665,0,1,0,1,0,174,410
11666,11666,0,1,0,1,0,174,410
11667,11667,0,1,0,1,0,174,410
11668,11668,0,1,1,1,0,174,410
11669,11669,0,1,0,1,0,174,410
11670,11670,0,1,0,1,0,174,410
11671,11671,0,1,0,1,0,174,410
11672,11672,0,1,1,1,0,174,410
11673,11673,0,1,0,1,1,174,410
11674,11674,0,1,0,1,1,174,410
11675,11675,0,1,0,1,1,174,410
11676,11676,0,1,1,0,1,174,410
11677,11677,0,1,0,0,1,174,410
11678,11678,0,1,0,0,1,174,410
11679,11679,0,1,0,0,1,174,410
11680,11680,0,1,1,0,1,174,411
11681,11681,0,1,0,0,1,174,411
11682,11682,0,1,0,0,1,174,411
11683,11683,0,1,0,0,1,174,411
11684,11684,0,1,1,0,1,174,411
11685,11685,0,1,0,0,1,174,411
11686,11686,0,1,0,0,1,174,411
11687,11687,0,1,0,0,1,174,411
11688,11688,0,1,1,0,1,174,411
11689,11689,0,1,0,0,0,174,411
11690,11690,0,1,0,0,0,174,411
11691,11691,0,1,0,0,0,175,411
11692,11692,0,1,1,0,0,175,411
11693,11693,0,1,0,0,1,175,411
11694,11694,0,1,0,0,1,175,411
11695,11695,0,1,0,0,1,175,411
11696,11696,0,1,1,1,1,175,411
11697,11697,0,1,0,1,1,175,411
11698,11698,0,1,0,1,1,175,411
11699,11699,0,1,0,1,1,175,411
11700,11700,0,1,1,1,1,175,412
11701,11701,0,1,0,1,1,175,412
11702,11702,0,1,0,1,1,175,412
11703,11703,0,1,0,1,1,175,412
11704,11704,0,1,1,1,1,175,412
11705,11705,0,1,0,1,1,175,412
11706,11706,0,1,0,1,1,175,412
11707,11707,0,1,0,1,1,175,412
11708,11708,0,1,1,1,1,175,412
11709,11709,0,1,0,1,0,175,412
11710,11710,0,1,0,1,0,175,412
11711,11711,0,1,0,1,0,175,412
11712,11712,0,1,1,1,0,175,412
11713,11713,0,1,0,1,0,175,412
11714,11714,0,1,0,1,0,175,412
11715,11715,0,1,0,1,0,175,412
11716,11716,0,1,1,0,0,175,412
11717,11717,0,1,0,0,1,175,412
11718,11718,0,1,0,0,1,175,412
11719,11719,0,1,0,0,1,175,412
11720,11720,0,1,1,0,1,175,413
11721,11721,0,1,0,0,0,175,413
11722,11722,0,1,0,0,0,175,413
11723,11723,0,1,0,0,0,175,413
11724,11724,0,1,1,0,0,175,413
11725,11725,0,1,0,0,1,175,413
11726,11726,0,1,0,0,1,175,413
11727,11727,0,1,0,0,1,175,413
11728,11728,0,1,1,0,1,175,413
11729,11729,0,1,0,0,1,175,413
11730,11730,0,1,0,0,1,175,413
11731,11731,0,1,0,0,1,175,413
11732,11732,0,1,1,0,1,175,413
11733,11733,0,1,0,0,1,175,413
11734,11734,0,1,0,0,1,175,413
11735,11735,0,1,0,0,1,175,413
11736,11736,0,1,1,0,1,175,413
11737,11737,0,1,0,0,1,175,413
11738,11738,0,1,0,0,1,175,413
11739,11739,0,1,0,0,1,175,413
11740,11740,0,1,1,0,1,175,414
11741,11741,0,1,0,0,1,175,414
11742,11742,0,1,0,0,1,175,414
11743,11743,0,1,0,0,1,175,414
11744,11744,0,1,1,0,1,175,414
11745,11745,0,1,0,0,1,175,414
11746,11746,0,1,0,0,1,175,414
11747,11747,0,1,0,0,1,175,414
11748,11748,0,1,1,0,1,175,414
11749,11749,0,1,0,0,1,175,414
11750,11750,0,1,0,0,1,175,414
11751,11751,0,1,0,0,1,175,414
11752,11752,0,1,1,0,1,175,414
11753,11753,0,1,0,0,0,175,414
11754,11754,0,1,0,0,0,175,414
11755,11755,0,1,0,0,0,175,414
11756,11756,0,1,1,0,0,175,414
11757,11757,0,1,0,0,1,175,414
11758,11758,0,1,0,0,1,175,414
11759,11759,0,1,0,0,1,175,414
11760,11760,0,1,1,0,1,175,415
11761,11761,0,1,0,0,0,175,415
11762,11762,0,1,0,0,0,175,415
11763,11763,0,1,0,0,0,175,415
11764,11764,0,1,1,0,0,175,415
11765,11765,0,1,0,0,0,175,415
11766,11766,0,1,0,0,0,175,415
11767,11767,0,1,0,0,0,175,415
11768,11768,0,1,1,0,0,175,415
11769,11769,0,1,0,0,1,175,415
11770,11770,0,1,0,0,1,175,415
11771,11771,0,1,0,0,1,175,415
11772,11772,0,1,1,0,1,175,415
11773,11773,0,1,0,0,1,175,415
11774,11774,0,1,0,0,1,175,415
11775,11775,0,1,0,0,1,175,415
11776,11776,0,1,1,0,1,175,415
11777,11777,0,1,0,0,0,175,415
11778,11778,0,1,0,0,0,175,415
11779,11779,0,1,0,0,0,175,415
11780,11780,0,1,1,0,0,175,416
11781,11781,0,1,0,0,1,175,416
11782,11782,0,1,0,0,1,175,416
11783,11783,0,1,0,0,1,175,416
11784,11784,0,1,1,0,1,175,416
11785,11785,0,1,0,0,0,175,416
11786,11786,0,1,0,0,0,175,416
11787,11787,0,1,0,0,0,175,416
11788,11788,0,1,1,0,0,175,416
11789,11789,0,1,0,0,0,175,416
11790,11790,0,1,0,0,0,175,416
11791,11791,0,1,0,0,0,176,416
11792,11792,0,1,1,0,0,176,416
11793,11793,0,1,0,0,0,176,416
11794,11794,0,1,0,0,0,176,416
11795,11795,0,1,0,0,0,176,416
11796,11796,0,1,1,1,0,176,416
11797,11797,0,1,0,1,1,176,416
11798,11798,0,1,0,1,1,176,416
11799,11799,0,1,0,1,1,176,416
11800,11800,0,1,1,1,1,176,417
11801,11801,0,1,0,1,1,176,417
11802,11802,0,1,0,1,1,176,417
11803,11803,0,1,0,1,1,176,417
11804,11804,0,1,1,1,1,176,417
11805,11805,0,1,0,1,0,176,417
11806,11806,0,1,0,1,0,176,417
11807,11807,0,1,0,1,0,176,417
11808,11808,0,1,1,1,0,176,417
11809,11809,0,1,0,1,1,176,417
11810,11810,0,1,0,1,1,176,417
11811,11811,0,1,0,1,1,177,417
11812,11812,0,1,1,1,1,177,417
11813,11813,0,1,0,1,1,177,417
11814,11814,0,1,0,1,1,177,417
11815,11815,0,1,0,1,1,177,417
11816,11816,0,1,1,0,1,177,417
11817,11817,0,1,0,0,1,177,417
11818,11818,0,1,0,0,1,177,417
11819,11819,0,1,0,0,1,177,417
11820,11820,0,1,1,0,1,177,418
11821,11821,0,1,0,0,0,177,418
11822,11822,0,1,0,0,0,177,418
11823,11823,0,1,0,0,0,177,418
11824,11824,0,1,1,0,0,177,418
11825,11825,0,1,0,0,0,177,418
11826,11826,0,1,0,0,0,177,418
11827,11827,0,1,0,0,0,177,418
11828,11828,0,1,1,0,0,177,418
11829,11829,0,1,0,0,0,177,418
11830,11830,0,1,0,0,0,177,418
11831,11831,0,1,0,0,0,178,418
11832,11832,0,1,1,0,0,178,418
11833,11833,0,1,0,0,1,178,418
11834,11834,0,1,0,0,1,178,418
11835,11835,0,1,0,0,1,178,418
11836,11836,0,1,1,1,1,178,418
11837,11837,0,1,0,1,0,178,418
11838,11838,0,1,0,1,0,178,418
11839,11839,0,1,0,1,0,178,418
11840,11840,0,1,1,1,0,178,419
11841,11841,0,1,0,1,1,178,419
11842,11842,0,1,0,1,1,178,419
11843,11843,0,1,0,1,1,178,419
11844,11844,0,1,1,1,1,178,419
11845,11845,0,1,0,1,1,178,419
11846,11846,0,1,0,1,1,178,419
11847,11847,0,1,0,1,1,178,419
11848,11848,0,1,1,1,1,178,419
11849,11849,0,1,0,1,1,178,419
11850,11850,0,1,0,1,1,178,419
11851,11851,0,1,0,1,1,179,419
11852,11852,0,1,1,1,1,179,419
11853,11853,0,1,0,1,0,179,419
11854,11854,0,1,0,1,0,179,419
11855,11855,0,1,0,1,0,179,419
11856,11856,0,1,1,0,0,179,419
11857,11857,0,1,0,0,0,179,419
11858,11858,0,1,0,0,0,179,419
11859,11859,0,1,0,0,0,179,419
11860,11860,0,1,1,0,0,179,420
11861,11861,0,1,0,0,1,179,420
11862,11862,0,1,0,0,1,179,420
11863,11863,0,1,0,0,1,179,420
11864,11864,0,1,1,0,1,179,420
11865,11865,0,1,0,0,0,179,420
11866,11866,0,1,0,0,0,179,420
11867,11867,0,1,0,0,0,179,420
11868,11868,0,1,1,0,0,179,420
11869,11869,0,1,0,0,1,179,420
11870,11870,0,1,0,0,1,179,420
11871,11871,0,1,0,0,1,179,420
11872,11872,0,1,1,0,1,179,420
11873,11873,0,1,0,0,1,179,420
11874,11874,0,1,0,0,1,179,420
11875,11875,0,1,0,0,1,179,420
11876,11876,0,1,1,1,1,179,420
11877,11877,0,1,0,1,1,179,420
11878,11878,0,1,0,1,1,179,420
11879,11879,0,1,0,1,1,179,420
11880,11880,0,1,1,1,1,179,421
11881,11881,0,1,0,1,0,179,421
11882,11882,0,1,0,1,0,179,421
11883,11883,0,1,0,1,0,179,421
11884,11884,0,1,1,1,0,179,421
11885,11885,0,1,0,1,0,179,421
11886,11886,0,1,0,1,0,179,421
11887,11887,0,1,0,1,0,179,421
11888,11888,0,1,1,1,0,179,421
11889,11889,0,1,0,1,1,179,421
11890,11890,0,1,0,1,1,179,421
11891,11891,0,1,0,1,1,180,421
11892,11892,0,1,1,1,1,180,421
11893,11893,0,1,0,1,1,180,421
11894,11894,0,1,0,1,1,180,421
11895,11895,0,1,0,1,1,180,421
11896,11896,0,1,1,0,1,180,421
11897,11897,0,1,0,0,1,180,421
11898,11898,0,1,0,0,1,180,421
11899,11899,0,1,0,0,1,180,421
11900,11900,0,1,1,0,1,180,422
11901,11901,0,1,0,0,1,180,422
11902,11902,0,1,0,0,1,180,422
11903,11903,0,1,0,0,1,180,422
11904,11904,0,1,1,0,1,180,422
11905,11905,0,1,0,0,0,180,422
11906,11906,0,1,0,0,0,180,422
11907,11907,0,1,0,0,0,180,422
11908,11908,0,1,1,0,0,180,422
11909,11909,0,1,0,0,0,180,422
11910,11910,0,1,0,0,0,180,422
11911,11911,0,1,0,0,0,181,422
11912,11912,0,1,1,0,0,181,422
11913,11913,0,1,0,0,1,181,422
11914,11914,0,1,0,0,1,181,422
11915,11915,0,1,0,0,1,181,422
11916,11916,0,1,1,0,1,181,422
11917,11917,0,1,0,0,1,181,422
11918,11918,0,1,0,0,1,181,422
11919,11919,0,1,0,0,1,181,422
11920,11920,0,1,1,0,1,181,423
11921,11921,0,1,0,0,0,181,423
11922,11922,0,1,0,0,0,181,423
11923,11923,0,1,0,0,0,181,423
11924,11924,0,1,1,0,0,181,423
11925,11925,0,1,0,0,1,181,423
11926,11926,0,1,0,0,1,181,423
11927,11927,0,1,0,0,1,181,423
11928,11928,0,1,1,0,1,181,423
11929,11929,0,1,0,0,1,181,423
11930,11930,0,1,0,0,1,181,423
11931,11931,0,1,0,0,1,181,423
11932,11932,0,1,1,0,1,181,423
11933,11933,0,1,0,0,0,181,423
11934,11934,0,1,0,0,0,181,423
11935,11935,0,1,0,0,0,181,423
11936,11936,0,1,1,0,0,181,423
11937,11937,0,1,0,0,1,181,423
11938,11938,0,1,0,0,1,181,423
11939,11939,0,1,0,0,1,181,423
11940,11940,0,1,1,0,1,181,424
11941,11941,0,1,0,0,0,181,424
11942,11942,0,1,0,0,0,181,424
11943,11943,0,1,0,0,0,181,424
11944,11944,0,1,1,0,0,181,424
11945,11945,0,1,0,0,1,181,424
11946,11946,0,1,0,0,1,181,424
11947,11947,0,1,0,0,1,181,424
11948,11948,0,1,1,0,1,181,424
11949,11949,0,1,0,0,1,181,424
11950,11950,0,1,0,0,1,181,424
11951,11951,0,1,0,0,1,181,424
11952,11952,0,1,1,0,1,181,424
11953,11953,0,1,0,0,1,181,424
11954,11954,0,1,0,0,1,181,424
11955,11955,0,1,0,0,1,181,424
11956,11956,0,1,1,1,1,181,424
11957,11957,0,1,0,1,1,181,424
11958,11958,0,1,0,1,1,181,424
11959,11959,0,1,0,1,1,181,424
11960,11960,0,1,1,1,1,181,425
11961,11961,0,1,0,1,1,181,425
11962,11962,0,1,0,1,1,181,425
11963,11963,0,1,0,1,1,181,425
11964,11964,0,1,1,1,1,181,425
11965,11965,0,1,0,1,1,181,425
11966,11966,0,1,0,1,1,181,425
11967,11967,0,1,0,1,1,181,425
11968,11968,0,1,1,1,1,181,425
11969,11969,0,1,0,1,1,181,425
11970,11970,0,1,0,1,1,181,425
11971,11971,0,1,0,1,1,182,425
11972,11972,0,1,1,1,1,182,425
11973,11973,0,1,0,1,0,182,425
11974,11974,0,1,0,1,0,182,425
11975,11975,0,1,0,1,0,182,425
11976,11976,0,1,1,1,0,182,425
11977,11977,0,1,0,1,1,182,425
11978,11978,0,1,0,1,1,182,425
11979,11979,0,1,0,1,1,182,425
11980,11980,0,1,1,1,1,182,426
11981,11981,0,1,0,1,0,182,426
11982,11982,0,1,0,1,0,182,426
11983,11983,0,1,0,1,0,182,426
11984,11984,0,1,1,1,0,182,426
11985,11985,0,1,0,1,1,182,426
11986,11986,0,1,0,1,1,182,426
11987,11987,0,1,0,1,1,182,426
11988,11988,0,1,1,1,1,182,426
11989,11989,0,1,0,1,1,182,426
11990,11990,0,1,0,1,1,182,426
11991,11991,0,1,0,1,1,183,426
11992,11992,0,1,1,1,1,183,426
11993,11993,0,1,0,1,1,183,426
11994,11994,0,1,0,1,1,183,426
11995,11995,0,1,0,1,1,183,426
11996,11996,0,1,1,1,1,183,426
11997,11997,0,1,0,1,0,183,426
11998,11998,0,1,0,1,0,183,426
11999,11999,0,1,0,1,0,183,426
12000,12000,0,1,1,1,0,183,427
12001,12001,0,1,0,1,1,183,427
12002,12002,0,1,0,1,1,183,427
12003,12003,0,1,0,1,1,183,427
12004,12004,0,1,1,1,1,183,427
12005,12005,0,1,0,1,1,183,427
12006,12006,0,1,0,1,1,183,427
12007,12007,0,1,0,1,1,183,427
12008,12008,0,1,1,1,1,183,427
12009,12009,0,1,0,1,0,183,427
12010,12010,0,1,0,1,0,183,427
12011,12011,0,1,0,1,0,183,427
12012,12012,0,1,1,1,0,183,427
12013,12013,0,1,0,1,0,183,427
12014,12014,0,1,0,1,0,183,427
12015,12015,0,1,0,1,0,183,427
12016,12016,0,1,1,1,0,183,427
12017,12017,0,1,0,1,0,183,427
12018,12018,0,1,0,1,0,183,427
12019,12019,0,1,0,1,0,183,427
12020,12020,0,1,1,1,0,183,428
12021,12021,0,1,0,1,1,183,428
12022,12022,0,1,0,1,1,183,428
12023,12023,0,1,0,1,1,183,428
12024,12024,0,1,1,1,1,183,428
12025,12025,0,1,0,1,0,183,428
12026,12026,0,1,0,1,0,183,428
12027,12027,0,1,0,1,0,183,428
12028,12028,0,1,1,1,0,183,428
12029,12029,0,1,0,1,1,183,428
12030,12030,0,1,0,1,1,183,428
12031,12031,0,1,0,1,1,184,428
12032,12032,0,1,1,1,1,184,428
12033,12033,0,1,0,1,0,184,428
12034,12034,0,1,0,1,0,184,428
12035,12035,0,1,0,1,0,184,428
12036,12036,0,1,1,0,0,184,428
12037,12037,0,1,0,0,1,184,428
12038,12038,0,1,0,0,1,184,428
12039,12039,0,1,0,0,1,184,428
12040,12040,0,1,1,0,1,184,429
12041,12041,0,1,0,0,0,184,429
12042,12042,0,1,0,0,0,184,429
12043,12043,0,1,0,0,0,184,429
12044,12044,0,1,1,0,0,184,429
12045,12045,0,1,0,0,1,184,429
12046,12046,0,1,0,0,1,184,429
12047,12047,0,1,0,0,1,184,429
12048,12048,0,1,1,0,1,184,429
12049,12049,0,1,0,0,1,184,429
12050,12050,0,1,0,0,1,184,429
12051,12051,0,1,0,0,1,184,429
12052,12052,0,1,1,0,1,184,429
12053,12053,0,1,0,0,0,184,429
12054,12054,0,1,0,0,0,184,429
12055,12055,0,1,0,0,0,184,429
12056,12056,0,1,1,0,0,184,429
12057,12057,0,1,0,0,1,184,429
12058,12058,0,1,0,0,1,184,429
12059,12059,0,1,0,0,1,184,429
12060,12060,0,1,1,0,1,184,430
12061,12061,0,1,0,0,0,184,430
12062,12062,0,1,0,0,0,184,430
12063,12063,0,1,0,0,0,184,430
12064,12064,0,1,1,0,0,184,430
12065,12065,0,1,0,0,1,184,430
12066,12066,0,1,0,0,1,184,430
12067,12067,0,1,0,0,1,184,430
12068,12068,0,1,1,0,1,184,430
12069,12069,0,1,0,0,0,184,430
12070,12070,0,1,0,0,0,184,430
12071,12071,0,1,0,0,0,185,430
12072,12072,0,1,1,0,0,185,430
12073,12073,0,1,0,0,1,185,430
12074,12074,0,1,0,0,1,185,430
12075,12075,0,1,0,0,1,185,430
12076,12076,0,1,1,0,1,185,430
12077,12077,0,1,0,0,1,185,430
12078,12078,0,1,0,0,1,185,430
12079,12079,0,1,0,0,1,185,430
12080,12080,0,1,1,0,1,185,431
12081,12081,0,1,0,0,1,185,431
12082,12082,0,1,0,0,1,185,431
12083,12083,0,1,0,0,1,185,431
12084,12084,0,1,1,0,1,185,431
12085,12085,0,1,0,0,0,185,431
12086,12086,0,1,0,0,0,185,431
12087,12087,0,1,0,0,0,185,431
12088,12088,0,1,1,0,0,185,431
12089,12089,0,1,0,0,1,185,431
12090,12090,0,1,0,0,1,185,431
12091,12091,0,1,0,0,1,185,431
12092,12092,0,1,1,0,1,185,431
12093,12093,0,1,0,0,1,185,431
12094,12094,0,1,0,0,1,185,431
12095,12095,0,1,0,0,1,185,431
12096,12096,0,1,1,1,1,185,431
12097,12097,0,1,0,1,1,185,431
12098,12098,0,1,0,1,1,185,431
12099,12099,0,1,0,1,1,185,431
12100,12100,0,1,1,1,1,185,432
12101,12101,0,1,0,1,0,185,432
12102,12102,0,1,0,1,0,185,432
12103,12103,0,1,0,1,0,185,432
12104,12104,0,1,1,1,0,185,432
12105,12105,0,1,0,1,1,185,432
12106,12106,0,1,0,1,1,185,432
12107,12107,0,1,0,1,1,185,432
12108,12108,0,1,1,1,1,185,432
12109,12109,0,1,0,1,1,185,432
12110,12110,0,1,0,1,1,185,432
12111,12111,0,1,0,1,1,186,432
12112,12112,0,1,1,1,1,186,432
12113,12113,0,1,0,1,1,186,432
12114,12114,0,1,0,1,1,186,432
12115,12115,0,1,0,1,1,186,432
12116,12116,0,1,1,0,1,186,432
12117,12117,0,1,0,0,1,186,432
12118,12118,0,1,0,0,1,186,432
12119,12119,0,1,0,0,1,186,432
12120,12120,0,1,1,0,1,186,433
12121,12121,0,1,0,0,1,186,433
12122,12122,0,1,0,0,1,186,433
12123,12123,0,1,0,0,1,186,433
12124,12124,0,1,1,0,1,186,433
12125,12125,0,1,0,0,1,186,433
12126,12126,0,1,0,0,1,186,433
12127,12127,0,1,0,0,1,186,433
12128,12128,0,1,1,0,1,186,433
12129,12129,0,1,0,0,1,186,433
12130,12130,0,1,0,0,1,186,433
12131,12131,0,1,0,0,1,186,433
12132,12132,0,1,1,0,1,186,433
12133,12133,0,1,0,0,1,186,433
12134,12134,0,1,0,0,1,186,433
12135,12135,0,1,0,0,1,186,433
12136,12136,0,1,1,0,1,186,433
12137,12137,0,1,0,0,0,186,433
12138,12138,0,1,0,0,0,186,433
12139,12139,0,1,0,0,0,186,433
12140,12140,0,1,1,0,0,186,434
12141,12141,0,1,0,0,0,186,434
12142,12142,0,1,0,0,0,186,434
12143,12143,0,1,0,0,0,186,434
12144,12144,0,1,1,0,0,186,434
12145,12145,0,1,0,0,1,186,434
12146,12146,0,1,0,0,1,186,434
12147,12147,0,1,0,0,1,186,434
12148,12148,0,1,1,0,1,186,434
12149,12149,0,1,0,0,1,186,434
12150,12150,0,1,0,0,1,186,434
12151,12151,0,1,0,0,1,186,434
12152,12152,0,1,1,0,1,186,434
12153,12153,0,1,0,0,1,186,434
12154,12154,0,1,0,0,1,186,434
12155,12155,0,1,0,0,1,186,434
12156,12156,0,1,1,1,1,186,434
12157,12157,0,1,0,1,1,186,434
12158,12158,0,1,0,1,1,186,434
12159,12159,0,1,0,1,1,186,434
12160,12160,0,1,1,1,1,186,435
12161,12161,0,1,0,1,0,186,435
12162,12162,0,1,0,1,0,186,435
12163,12163,0,1,0,1,0,186,435
12164,12164,0,1,1,1,0,186,435
12165,12165,0,1,0,1,0,186,435
12166,12166,0,1,0,1,0,186,435
12167,12167,0,1,0,1,0,186,435
12168,12168,0,1,1,1,0,186,435
12169,12169,0,1,0,1,0,186,435
12170,12170,0,1,0,1,0,186,435
12171,12171,0,1,0,1,0,186,435
12172,12172,0,1,1,1,0,186,435
12173,12173,0,1,0,1,0,186,435
12174,12174,0,1,0,1,0,186,435
12175,12175,0,1,0,1,0,186,435
12176,12176,0,1,1,0,0,186,435
12177,12177,0,1,0,0,0,186,435
12178,12178,0,1,0,0,0,186,435
12179,12179,0,1,0,0,0,186,435
12180,12180,0,1,1,0,0,186,436
12181,12181,0,1,0,0,1,186,436
12182,12182,0,1,0,0,1,186,436
12183,12183,0,1,0,0,1,186,436
12184,12184,0,1,1,0,1,186,436
12185,12185,0,1,0,0,1,186,436
12186,12186,0,1,0,0,1,186,436
12187,12187,0,1,0,0,1,186,436
12188,12188,0,1,1,0,1,186,436
12189,12189,0,1,0,0,0,186,436
12190,12190,0,1,0,0,0,186,436
12191,12191,0,1,0,0,0,187,436
12192,12192,0,1,1,0,0,187,436
12193,12193,0,1,0,0,1,187,436
12194,12194,0,1,0,0,1,187,436
12195,12195,0,1,0,0,1,187,436
12196,12196,0,1,1,0,1,187,436
12197,12197,0,1,0,0,0,187,436
12198,12198,0,1,0,0,0,187,436
12199,12199,0,1,0,0,0,187,436
12200,12200,0,1,1,0,0,187,437
12201,12201,0,1,0,0,1,187,437
12202,12202,0,1,0,0,1,187,437
12203,12203,0,1,0,0,1,187,437
12204,12204,0,1,1,0,1,187,437
12205,12205,0,1,0,0,1,187,437
12206,12206,0,1,0,0,1,187,437
12207,12207,0,1,0,0,1,187,437
12208,12208,0,1,1,0,1,187,437
12209,12209,0,1,0,0,1,187,437
12210,12210,0,1,0,0,1,187,437
12211,12211,0,1,0,0,1,187,437
12212,12212,0,1,1,0,1,187,437
12213,12213,0,1,0,0,1,187,437
12214,12214,0,1,0,0,1,187,437
12215,12215,0,1,0,0,1,187,437
12216,12216,0,1,1,0,1,187,437
12217,12217,0,1,0,0,1,187,437
12218,12218,0,1,0,0,1,187,437
12219,12219,0,1,0,0,1,187,437
12220,12220,0,1,1,0,1,187,438
12221,12221,0,1,0,0,1,187,438
12222,12222,0,1,0,0,1,187,438
12223,12223,0,1,0,0,1,187,438
12224,12224,0,1,1,0,1,187,438
12225,12225,0,1,0,0,1,187,438
12226,12226,0,1,0,0,1,187,438
12227,12227,0,1,0,0,1,187,438
12228,12228,0,1,1,0,1,187,438
12229,12229,0,1,0,0,1,187,438
12230,12230,0,1,0,0,1,187,438
12231,12231,0,1,0,0,1,187,438
12232,12232,0,1,1,0,1,187,438
12233,12233,0,1,0,0,1,187,438
12234,12234,0,1,0,0,1,187,438
12235,12235,0,1,0,0,1,187,438
12236,12236,0,1,1,1,1,187,438
12237,12237,0,1,0,1,1,187,438
12238,12238,0,1,0,1,1,187,438
12239,12239,0,1,0,1,1,187,438
12240,12240,0,1,1,1,1,187,439
12241,12241,0,1,0,1,0,187,439
12242,12242,0,1,0,1,0,187,439
12243,12243,0,1,0,1,0,187,439
12244,12244,0,1,1,1,0,187,439
12245,12245,0,1,0,1,0,187,439
12246,12246,0,1,0,1,0,187,439
12247,12247,0,1,0,1,0,187,439
12248,12248,0,1,1,1,0,187,439
12249,12249,0,1,0,1,0,187,439
12250,12250,0,1,0,1,0,187,439
12251,12251,0,1,0,1,0,187,439
12252,12252,0,1,1,1,0,187,439
12253,12253,0,1,0,1,0,187,439
12254,12254,0,1,0,1,0,187,439
12255,12255,0,1,0,1,0,187,439
12256,12256,0,1,1,1,0,187,439
12257,12257,0,1,0,1,0,187,439
12258,12258,0,1,0,1,0,187,439
12259,12259,0,1,0,1,0,187,439
12260,12260,0,1,1,1,0,187,440
12261,12261,0,1,0,1,0,187,440
12262,12262,0,1,0,1,0,187,440
12263,12263,0,1,0,1,0,187,440
12264,12264,0,1,1,1,0,187,440
12265,12265,0,1,0,1,0,187,440
12266,12266,0,1,0,1,0,187,440
12267,12267,0,1,0,1,0,187,440
12268,12268,0,1,1,1,0,187,440
12269,12269,0,1,0,1,1,187,440
12270,12270,0,1,0,1,1,187,440
12271,12271,0,1,0,1,1,188,440
12272,12272,0,1,1,1,1,188,440
12273,12273,0,1,0,1,0,188,440
12274,12274,0,1,0,1,0,188,440
12275,12275,0,1,0,1,0,188,440
12276,12276,0,1,1,1,0,188,440
12277,12277,0,1,0,1,0,188,440
12278,12278,0,1,0,1,0,188,440
12279,12279,0,1,0,1,0,188,440
12280,12280,0,1,1,1,0,188,441
12281,12281,0,1,0,1,1,188,441
12282,12282,0,1,0,1,1,188,441
12283,12283,0,1,0,1,1,188,441
12284,12284,0,1,1,1,1,188,441
12285,12285,0,1,0,1,0,188,441
12286,12286,0,1,0,1,0,188,441
12287,12287,0,1,0,1,0,188,441
12288,12288,0,1,1,1,0,188,441
12289,12289,0,1,0,1,0,188,441
12290,12290,0,1,0,1,0,188,441
12291,12291,0,1,0,1,0,188,441
12292,12292,0,1,1,1,0,188,441
12293,12293,0,1,0,1,0,188,441
12294,12294,0,1,0,1,0,188,441
12295,12295,0,1,0,1,0,188,441
12296,12296,0,1,1,0,0,188,441
12297,12297,0,1,0,0,1,188,441
12298,12298,0,1,0,0,1,188,441
12299,12299,0,1,0,0,1,188,441
12300,12300,0,1,1,0,1,188,442
12301,12301,0,1,0,0,0,188,442
12302,12302,0,1,0,0,0,188,442
12303,12303,0,1,0,0,0,188,442
12304,12304,0,1,1,0,0,188,442
12305,12305,0,1,0,0,1,188,442
12306,12306,0,1,0,0,1,188,442
12307,12307,0,1,0,0,1,188,442
12308,12308,0,1,1,0,1,188,442
12309,12309,0,1,0,0,1,188,442
12310,12310,0,1,0,0,1,188,442
12311,12311,0,1,0,0,1,188,442
12312,12312,0,1,1,0,1,188,442
12313,12313,0,1,0,0,1,188,442
12314,12314,0,1,0,0,1,188,442
12315,12315,0,1,0,0,1,188,442
12316,12316,0,1,1,1,1,188,442
12317,12317,0,1,0,1,0,188,442
12318,12318,0,1,0,1,0,188,442
12319,12319,0,1,0,1,0,188,442
12320,12320,0,1,1,1,0,188,443
12321,12321,0,1,0,1,0,188,443
12322,12322,0,1,0,1,0,188,443
12323,12323,0,1,0,1,0,188,443
12324,12324,0,1,1,1,0,188,443
12325,12325,0,1,0,1,1,188,443
12326,12326,0,1,0,1,1,188,443
12327,12327,0,1,0,1,1,188,443
12328,12328,0,1,1,1,1,188,443
12329,12329,0,1,0,1,1,188,443
12330,12330,0,1,0,1,1,188,443
12331,12331,0,1,0,1,1,189,443
12332,12332,0,1,1,1,1,189,443
12333,12333,0,1,0,1,0,189,443
12334,12334,0,1,0,1,0,189,443
12335,12335,0,1,0,1,0,189,443
12336,12336,0,1,1,1,0,189,443
12337,12337,0,1,0,1,0,189,443
12338,12338,0,1,0,1,0,189,443
12339,12339,0,1,0,1,0,189,443
12340,12340,0,1,1,1,0,189,444
12341,12341,0,1,0,1,0,189,444
12342,12342,0,1,0,1,0,189,444
12343,12343,0,1,0,1,0,189,444
12344,12344,0,1,1,1,0,189,444
12345,12345,0,1,0,1,1,189,444
12346,12346,0,1,0,1,1,189,444
12347,12347,0,1,0,1,1,189,444
12348,12348,0,1,1,1,1,189,444
12349,12349,0,1,0,1,1,189,444
12350,12350,0,1,0,1,1,189,444
12351,12351,0,1,0,1,1,190,444
12352,12352,0,1,1,1,1,190,444
12353,12353,0,1,0,1,0,190,444
12354,12354,0,1,0,1,0,190,444
12355,12355,0,1,0,1,0,190,444
12356,12356,0,1,1,0,0,190,444
12357,12357,0,1,0,0,1,190,444
12358,12358,0,1,0,0,1,190,444
12359,12359,0,1,0,0,1,190,444
12360,12360,0,1,1,0,1,190,445
12361,12361,0,1,0,0,1,190,445
12362,12362,0,1,0,0,1,190,445
12363,12363,0,1,0,0,1,190,445
12364,12364,0,1,1,0,1,190,445
12365,12365,0,1,0,0,1,190,445
12366,12366,0,1,0,0,1,190,445
12367,12367,0,1,0,0,1,190,445
12368,12368,0,1,1,0,1,190,445
12369,12369,0,1,0,0,1,190,445
12370,12370,0,1,0,0,1,190,445
12371,12371,0,1,0,0,1,190,445
12372,12372,0,1,1,0,1,190,445
12373,12373,0,1,0,0,1,190,445
12374,12374,0,1,0,0,1,190,445
12375,12375,0,1,0,0,1,190,445
12376,12376,0,1,1,0,1,190,445
12377,12377,0,1,0,0,1,190,445
12378,12378,0,1,0,0,1,190,445
12379,12379,0,1,0,0,1,190,445
12380,12380,0,1,1,0,1,190,446
12381,12381,0,1,0,0,0,190,446
12382,12382,0,1,0,0,0,190,446
12383,12383,0,1,0,0,0,190,446
12384,12384,0,1,1,0,0,190,446
12385,12385,0,1,0,0,0,190,446
12386,12386,0,1,0,0,0,190,446
12387,12387,0,1,0,0,0,190,446
12388,12388,0,1,1,0,0,190,446
12389,12389,0,1,0,0,1,190,446
12390,12390,0,1,0,0,1,190,446
12391,12391,0,1,0,0,1,190,446
12392,12392,0,1,1,0,1,190,446
12393,12393,0,1,0,0,1,190,446
12394,12394,0,1,0,0,1,190,446
12395,12395,0,1,0,0,1,190,446
12396,12396,0,1,1,1,1,190,446
12397,12397,0,1,0,1,0,190,446
12398,12398,0,1,0,1,0,190,446
12399,12399,0,1,0,1,0,190,446
12400,12400,0,1,1,1,0,190,447
12401,12401,0,1,0,1,1,190,447
12402,12402,0,1,0,1,1,190,447
12403,12403,0,1,0,1,1,190,447
12404,12404,0,1,1,1,1,190,447
12405,12405,0,1,0,1,0,190,447
12406,12406,0,1,0,1,0,190,447
12407,12407,0,1,0,1,0,190,447
12408,12408,0,1,1,1,0,190,447
12409,12409,0,1,0,1,0,190,447
12410,12410,0,1,0,1,0,190,447
12411,12411,0,1,0,1,0,190,447
12412,12412,0,1,1,1,0,190,447
12413,12413,0,1,0,1,1,190,447
12414,12414,0,1,0,1,1,190,447
12415,12415,0,1,0,1,1,190,447
12416,12416,0,1,1,1,1,190,447
12417,12417,0,1,0,1,0,190,447
12418,12418,0,1,0,1,0,190,447
12419,12419,0,1,0,1,0,190,447
12420,12420,0,1,1,1,0,190,448
12421,12421,0,1,0,1,1,190,448
12422,12422,0,1,0,1,1,190,448
12423,12423,0,1,0,1,1,190,448
12424,12424,0,1,1,1,1,190,448
12425,12425,0,1,0,1,1,190,448
12426,12426,0,1,0,1,1,190,448
12427,12427,0,1,0,1,1,190,448
12428,12428,0,1,1,1,1,190,448
12429,12429,0,1,0,1,1,190,448
12430,12430,0,1,0,1,1,190,448
12431,12431,0,1,0,1,1,191,448
12432,12432,0,1,1,1,1,191,448
12433,12433,0,1,0,1,1,191,448
12434,12434,0,1,0,1,1,191,448
12435,12435,0,1,0,1,1,191,448
12436,12436,0,1,1,0,1,191,448
12437,12437,0,1,0,0,1,191,448
12438,12438,0,1,0,0,1,191,448
12439,12439,0,1,0,0,1,191,448
12440,12440,0,1,1,0,1,191,449
12441,12441,0,1,0,0,0,191,449
12442,12442,0,1,0,0,0,191,449
12443,12443,0,1,0,0,0,191,449
12444,12444,0,1,1,0,0,191,449
12445,12445,0,1,0,0,1,191,449
12446,12446,0,1,0,0,1,191,449
12447,12447,0,1,0,0,1,191,449
12448,12448,0,1,1,0,1,191,449
12449,12449,0,1,0,0,0,191,449
12450,12450,0,1,0,0,0,191,449
12451,12451,0,1,0,0,0,192,449
12452,12452,0,1,1,0,0,192,449
12453,12453,0,1,0,0,1,192,449
12454,12454,0,1,0,0,1,192,449
12455,12455,0,1,0,0,1,192,449
12456,12456,0,1,1,1,1,192,449
12457,12457,0,1,0,1,0,192,449
12458,12458,0,1,0,1,0,192,449
12459,12459,0,1,0,1,0,192,449
12460,12460,0,1,1,1,0,192,450
12461,12461,0,1,0,1,1,192,450
12462,12462,0,1,0,1,1,192,450
12463,12463,0,1,0,1,1,192,450
12464,12464,0,1,1,1,1,192,450
12465,12465,0,1,0,1,0,192,450
12466,12466,0,1,0,1,0,192,450
12467,12467,0,1,0,1,0,192,450
12468,12468,0,1,1,1,0,192,450
12469,12469,0,1,0,1,0,192,450
12470,12470,0,1,0,1,0,192,450
12471,12471,0,1,0,1,0,192,450
12472,12472,0,1,1,1,0,192,450
12473,12473,0,1,0,1,1,192,450
12474,12474,0,1,0,1,1,192,450
12475,12475,0,1,0,1,1,192,450
12476,12476,0,1,1,1,1,192,450
12477,12477,0,1,0,1,1,192,450
12478,12478,0,1,0,1,1,192,450
12479,12479,0,1,0,1,1,192,450
12480,12480,0,1,1,1,1,192,451
12481,12481,0,1,0,1,0,192,451
12482,12482,0,1,0,1,0,192,451
12483,12483,0,1,0,1,0,192,451
12484,12484,0,1,1,1,0,192,451
12485,12485,0,1,0,1,1,192,451
12486,12486,0,1,0,1,1,192,451
12487,12487,0,1,0,1,1,192,451
12488,12488,0,1,1,1,1,192,451
12489,12489,0,1,0,1,1,192,451
12490,12490,0,1,0,1,1,192,451
12491,12491,0,1,0,1,1,193,451
12492,12492,0,1,1,1,1,193,451
12493,12493,0,1,0,1,1,193,451
12494,12494,0,1,0,1,1,193,451
12495,12495,0,1,0,1,1,193,451
12496,12496,0,1,1,1,1,193,451
12497,12497,0,1,0,1,1,193,451
12498,12498,0,1,0,1,1,193,451
12499,12499,0,1,0,1,1,193,451
12500,12500,0,1,1,1,1,193,452
12501,12501,0,1,0,1,1,193,452
12502,12502,0,1,0,1,1,193,452
12503,12503,0,1,0,1,1,193,452
12504,12504,0,1,1,1,1,193,452
12505,12505,0,1,0,1,1,193,452
12506,12506,0,1,0,1,1,193,452
12507,12507,0,1,0,1,1,193,452
12508,12508,0,1,1,1,1,193,452
12509,12509,0,1,0,1,1,193,452
12510,12510,0,1,0,1,1,193,452
12511,12511,0,1,0,1,1,194,452
12512,12512,0,1,1,1,1,194,452
12513,12513,0,1,0,1,1,194,452
12514,12514,0,1,0,1,1,194,452
12515,12515,0,1,0,1,1,194,452
12516,12516,0,1,1,0,1,194,452
12517,12517,0,1,0,0,1,194,452
12518,12518,0,1,0,0,1,194,452
12519,12519,0,1,0,0,1,194,452
12520,12520,0,1,1,0,1,194,453
12521,12521,0,1,0,0,1,194,453
12522,12522,0,1,0,0,1,194,453
12523,12523,0,1,0,0,1,194,453
12524,12524,0,1,1,0,1,194,453
12525,12525,0,1,0,0,1,194,453
12526,12526,0,1,0,0,1,194,453
12527,12527,0,1,0,0,1,194,453
12528,12528,0,1,1,0,1,194,453
12529,12529,0,1,0,0,1,194,453
12530,12530,0,1,0,0,1,194,453
12531,12531,0,1,0,0,1,194,453
12532,12532,0,1,1,0,1,194,453
12533,12533,0,1,0,0,1,194,453
12534,12534,0,1,0,0,1,194,453
12535,12535,0,1,0,0,1,194,453
12536,12536,0,1,1,1,1,194,453
12537,12537,0,1,0,1,1,194,453
12538,12538,0,1,0,1,1,194,453
12539,12539,0,1,0,1,1,194,453
12540,12540,0,1,1,1,1,194,454
12541,12541,0,1,0,1,0,194,454
12542,12542,0,1,0,1,0,194,454
12543,12543,0,1,0,1,0,194,454
12544,12544,0,1,1,1,0,194,454
12545,12545,0,1,0,1,1,194,454
12546,12546,0,1,0,1,1,194,454
12547,12547,0,1,0,1,1,194,454
12548,12548,0,1,1,1,1,194,454
12549,12549,0,1,0,1,1,194,454
12550,12550,0,1,0,1,1,194,454
12551,12551,0,1,0,1,1,195,454
12552,12552,0,1,1,1,1,195,454
12553,12553,0,1,0,1,0,195,454
12554,12554,0,1,0,1,0,195,454
12555,12555,0,1,0,1,0,195,454
12556,12556,0,1,1,0,0,195,454
12557,12557,0,1,0,0,1,195,454
12558,12558,0,1,0,0,1,195,454
12559,12559,0,1,0,0,1,195,454
12560,12560,0,1,1,0,1,195,455
12561,12561,0,1,0,0,0,195,455
12562,12562,0,1,0,0,0,195,455
12563,12563,0,1,0,0,0,195,455
12564,12564,0,1,1,0,0,195,455
12565,12565,0,1,0,0,1,195,455
12566,12566,0,1,0,0,1,195,455
12567,12567,0,1,0,0,1,195,455
12568,12568,0,1,1,0,1,195,455
12569,12569,0,1,0,0,1,195,455
12570,12570,0,1,0,0,1,195,455
12571,12571,0,1,0,0,1,195,455
12572,12572,0,1,1,0,1,195,455
12573,12573,0,1,0,0,1,195,455
12574,12574,0,1,0,0,1,195,455
12575,12575,0,1,0,0,1,195,455
12576,12576,0,1,1,1,1,195,455
12577,12577,0,1,0,1,0,195,455
12578,12578,0,1,0,1,0,195,455
12579,12579,0,1,0,1,0,195,455
12580,12580,0,1,1,1,0,195,456
12581,12581,0,1,0,1,1,195,456
12582,12582,0,1,0,1,1,195,456
12583,12583,0,1,0,1,1,195,456
12584,12584,0,1,1,1,1,195,456
12585,12585,0,1,0,1,1,195,456
12586,12586,0,1,0,1,1,195,456
12587,12587,0,1,0,1,1,195,456
12588,12588,0,1,1,1,1,195,456
12589,12589,0,1,0,1,0,195,456
12590,12590,0,1,0,1,0,195,456
12591,12591,0,1,0,1,0,195,456
12592,12592,0,1,1,1,0,195,456
12593,12593,0,1,0,1,1,195,456
12594,12594,0,1,0,1,1,195,456
12595,12595,0,1,0,1,1,195,456
12596,12596,0,1,1,0,1,195,456
12597,12597,0,1,0,0,1,195,456
12598,12598,0,1,0,0,1,195,456
12599,12599,0,1,0,0,1,195,456
12600,12600,0,1,1,0,1,195,457
12601,12601,0,1,0,0,0,195,457
12602,12602,0,1,0,0,0,195,457
12603,12603,0,1,0,0,0,195,457
12604,12604,0,1,1,0,0,195,457
12605,12605,0,1,0,0,1,195,457
12606,12606,0,1,0,0,1,195,457
12607,12607,0,1,0,0,1,195,457
12608,12608,0,1,1,0,1,195,457
12609,12609,0,1,0,0,1,195,457
12610,12610,0,1,0,0,1,195,457
12611,12611,0,1,0,0,1,195,457
12612,12612,0,1,1,0,1,195,457
12613,12613,0,1,0,0,1,195,457
12614,12614,0,1,0,0,1,195,457
12615,12615,0,1,0,0,1,195,457
12616,12616,0,1,1,0,1,195,457
12617,12617,0,1,0,0,1,195,457
12618,12618,0,1,0,0,1,195,457
12619,12619,0,1,0,0,1,195,457
12620,12620,0,1,1,0,1,195,458
12621,12621,0,1,0,0,1,195,458
12622,12622,0,1,0,0,1,195,458
12623,12623,0,1,0,0,1,195,458
12624,12624,0,1,1,0,1,195,458
12625,12625,0,1,0,0,1,195,458
12626,12626,0,1,0,0,1,195,458
12627,12627,0,1,0,0,1,195,458
12628,12628,0,1,1,0,1,195,458
12629,12629,0,1,0,0,1,195,458
12630,12630,0,1,0,0,1,195,458
12631,12631,0,1,0,0,1,195,458
12632,12632,0,1,1,0,1,195,458
12633,12633,0,1,0,0,1,195,458
12634,12634,0,1,0,0,1,195,458
12635,12635,0,1,0,0,1,195,458
12636,12636,0,1,1,1,1,195,458
12637,12637,0,1,0,1,0,195,458
12638,12638,0,1,0,1,0,195,458
12639,12639,0,1,0,1,0,195,458
12640,12640,0,1,1,1,0,195,459
12641,12641,0,1,0,1,1,195,459
12642,12642,0,1,0,1,1,195,459
12643,12643,0,1,0,1,1,195,459
12644,12644,0,1,1,1,1,195,459
12645,12645,0,1,0,1,0,195,459
12646,12646,0,1,0,1,0,195,459
12647,12647,0,1,0,1,0,195,459
12648,12648,0,1,1,1,0,195,459
12649,12649,0,1,0,1,1,195,459
12650,12650,0,1,0,1,1,195,459
12651,12651,0,1,0,1,1,196,459
12652,12652,0,1,1,1,1,196,459
12653,12653,0,1,0,1,0,196,459
12654,12654,0,1,0,1,0,196,459
12655,12655,0,1,0,1,0,196,459
12656,12656,0,1,1,0,0,196,459
12657,12657,0,1,0,0,1,196,459
12658,12658,0,1,0,0,1,196,459
12659,12659,0,1,0,0,1,196,459
12660,12660,0,1,1,0,1,196,460
12661,12661,0,1,0,0,0,196,460
12662,12662,0,1,0,0,0,196,460
12663,12663,0,1,0,0,0,196,460
12664,12664,0,1,1,0,0,196,460
12665,12665,0,1,0,0,1,196,460
12666,12666,0,1,0,0,1,196,460
12667,12667,0,1,0,0,1,196,460
12668,12668,0,1,1,0,1,196,460
12669,12669,0,1,0,0,1,196,460
12670,12670,0,1,0,0,1,196,460
12671,12671,0,1,0,0,1,196,460
12672,12672,0,1,1,0,1,196,460
12673,12673,0,1,0,0,1,196,460
12674,12674,0,1,0,0,1,196,460
12675,12675,0,1,0,0,1,196,460
12676,12676,0,1,1,1,1,196,460
12677,12677,0,1,0,1,1,196,460
12678,12678,0,1,0,1,1,196,460
12679,12679,0,1,0,1,1,196,460
12680,12680,0,1,1,1,1,196,461
12681,12681,0,1,0,1,0,196,461
12682,12682,0,1,0,1,0,196,461
12683,12683,0,1,0,1,0,196,461
12684,12684,0,1,1,1,0,196,461
12685,12685,0,1,0,1,0,196,461
12686,12686,0,1,0,1,0,196,461
12687,12687,0,1,0,1,0,196,461
12688,12688,0,1,1,1,0,196,461
12689,12689,0,1,0,1,0,196,461
12690,12690,0,1,0,1,0,196,461
12691,12691,0,1,0,1,0,196,461
12692,12692,0,1,1,1,0,196,461
12693,12693,0,1,0,1,1,196,461
12694,12694,0,1,0,1,1,196,461
12695,12695,0,1,0,1,1,196,461
12696,12696,0,1,1,0,1,196,461
12697,12697,0,1,0,0,1,196,461
12698,12698,0,1,0,0,1,196,461
12699,12699,0,1,0,0,1,196,461
12700,12700,0,1,1,0,1,196,462
12701,12701,0,1,0,0,0,196,462
12702,12702,0,1,0,0,0,196,462
12703,12703,0,1,0,0,0,196,462
12704,12704,0,1,1,0,0,196,462
12705,12705,0,1,0,0,1,196,462
12706,12706,0,1,0,0,1,196,462
12707,12707,0,1,0,0,1,196,462
12708,12708,0,1,1,0,1,196,462
12709,12709,0,1,0,0,1,196,462
12710,12710,0,1,0,0,1,196,462
12711,12711,0,1,0,0,1,196,462
12712,12712,0,1,1,0,1,196,462
12713,12713,0,1,0,0,1,196,462
12714,12714,0,1,0,0,1,196,462
12715,12715,0,1,0,0,1,196,462
12716,12716,0,1,1,1,1,196,462
12717,12717,0,1,0,1,1,196,462
12718,12718,0,1,0,1,1,196,462
12719,12719,0,1,0,1,1,196,462
12720,12720,0,1,1,1,1,196,463
12721,12721,0,1,0,1,0,196,463
12722,12722,0,1,0,1,0,196,463
12723,12723,0,1,0,1,0,196,463
12724,12724,0,1,1,1,0,196,463
12725,12725,0,1,0,1,1,196,463
12726,12726,0,1,0,1,1,196,463
12727,12727,0,1,0,1,1,196,463
12728,12728,0,1,1,1,1,196,463
12729,12729,0,1,0,1,0,196,463
12730,12730,0,1,0,1,0,196,463
12731,12731,0,1,0,1,0,196,463
12732,12732,0,1,1,1,0,196,463
12733,12733,0,1,0,1,1,196,463
12734,12734,0,1,0,1,1,196,463
12735,12735,0,1,0,1,1,196,463
12736,12736,0,1,1,1,1,196,463
12737,12737,0,1,0,1,0,196,463
12738,12738,0,1,0,1,0,196,463
12739,12739,0,1,0,1,0,196,463
12740,12740,0,1,1,1,0,196,464
12741,12741,0,1,0,1,1,196,464
12742,12742,0,1,0,1,1,196,464
12743,12743,0,1,0,1,1,196,464
12744,12744,0,1,1,1,1,196,464
12745,12745,0,1,0,1,0,196,464
12746,12746,0,1,0,1,0,196,464
12747,12747,0,1,0,1,0,196,464
12748,12748,0,1,1,1,0,196,464
12749,12749,0,1,0,1,0,196,464
12750,12750,0,1,0,1,0,196,464
12751,12751,0,1,0,1,0,196,464
12752,12752,0,1,1,1,0,196,464
12753,12753,0,1,0,1,1,196,464
12754,12754,0,1,0,1,1,196,464
12755,12755,0,1,0,1,1,196,464
12756,12756,0,1,1,1,1,196,464
12757,12757,0,1,0,1,0,196,464
12758,12758,0,1,0,1,0,196,464
12759,12759,0,1,0,1,0,196,464
12760,12760,0,1,1,1,0,196,465
12761,12761,0,1,0,1,1,196,465
12762,12762,0,1,0,1,1,196,465
12763,12763,0,1,0,1,1,196,465
12764,12764,0,1,1,1,1,196,465
12765,12765,0,1,0,1,0,196,465
12766,12766,0,1,0,1,0,196,465
12767,12767,0,1,0,1,0,196,465
12768,12768,0,1,1,1,0,196,465
12769,12769,0,1,0,1,0,196,465
12770,12770,0,1,0,1,0,196,465
12771,12771,0,1,0,1,0,196,465
12772,12772,0,1,1,1,0,196,465
12773,12773,0,1,0,1,0,196,465
12774,12774,0,1,0,1,0,196,465
12775,12775,0,1,0,1,0,196,465
12776,12776,0,1,1,1,0,196,465
12777,12777,0,1,0,1,1,196,465
12778,12778,0,1,0,1,1,196,465
12779,12779,0,1,0,1,1,196,465
12780,12780,0,1,1,1,1,196,466
12781,12781,0,1,0,1,0,196,466
12782,12782,0,1,0,1,0,196,466
12783,12783,0,1,0,1,0,196,466
12784,12784,0,1,1,1,0,196,466
12785,12785,0,1,0,1,1,196,466
12786,12786,0,1,0,1,1,196,466
12787,12787,0,1,0,1,1,196,466
12788,12788,0,1,1,1,1,196,466
12789,12789,0,1,0,1,0,196,466
12790,12790,0,1,0,1,0,196,466
12791,12791,0,1,0,1,0,196,466
12792,12792,0,1,1,1,0,196,466
12793,12793,0,1,0,1,1,196,466
12794,12794,0,1,0,1,1,196,466
12795,12795,0,1,0,1,1,196,466
12796,12796,0,1,1,0,1,196,466
12797,12797,0,1,0,0,0,196,466
12798,12798,0,1,0,0,0,196,466
12799,12799,0,1,0,0,0,196,466
12800,12800,0,1,1,0,0,196,467
12801,12801,0,1,0,0,1,196,467
12802,12802,0,1,0,0,1,196,467
12803,12803,0,1,0,0,1,196,467
12804,12804,0,1,1,0,1,196,467
12805,12805,0,1,0,0,1,196,467
12806,12806,0,1,0,0,1,196,467
12807,12807,0,1,0,0,1,196,467
12808,12808,0,1,1,0,1,196,467
12809,12809,0,1,0,0,0,196,467
12810,12810,0,1,0,0,0,196,467
12811,12811,0,1,0,0,0,197,467
12812,12812,0,1,1,0,0,197,467
12813,12813,0,1,0,0,1,197,467
12814,12814,0,1,0,0,1,197,467
12815,12815,0,1,0,0,1,197,467
12816,12816,0,1,1,1,1,197,467
12817,12817,0,1,0,1,0,197,467
12818,12818,0,1,0,1,0,197,467
12819,12819,0,1,0,1,0,197,467
12820,12820,0,1,1,1,0,197,468
12821,12821,0,1,0,1,1,197,468
12822,12822,0,1,0,1,1,197,468
12823,12823,0,1,0,1,1,197,468
12824,12824,0,1,1,1,1,197,468
12825,12825,0,1,0,1,0,197,468
12826,12826,0,1,0,1,0,197,468
12827,12827,0,1,0,1,0,197,468
12828,12828,0,1,1,1,0,197,468
12829,12829,0,1,0,1,1,197,468
12830,12830,0,1,0,1,1,197,468
12831,12831,0,1,0,1,1,198,468
12832,12832,0,1,1,1,1,198,468
12833,12833,0,1,0,1,1,198,468
12834,12834,0,1,0,1,1,198,468
12835,12835,0,1,0,1,1,198,468
12836,12836,0,1,1,1,1,198,468
12837,12837,0,1,0,1,1,198,468
12838,12838,0,1,0,1,1,198,468
12839,12839,0,1,0,1,1,198,468
12840,12840,0,1,1,1,1,198,469
12841,12841,0,1,0,1,0,198,469
12842,12842,0,1,0,1,0,198,469
12843,12843,0,1,0,1,0,198,469
12844,12844,0,1,1,1,0,198,469
12845,12845,0,1,0,1,1,198,469
12846,12846,0,1,0,1,1,198,469
12847,12847,0,1,0,1,1,198,469
12848,12848,0,1,1,1,1,198,469
12849,12849,0,1,0,1,0,198,469
12850,12850,0,1,0,1,0,198,469
12851,12851,0,1,0,1,0,198,469
12852,12852,0,1,1,1,0,198,469
12853,12853,0,1,0,1,1,198,469
12854,12854,0,1,0,1,1,198,469
12855,12855,0,1,0,1,1,198,469
12856,12856,0,1,1,0,1,198,469
12857,12857,0,1,0,0,0,198,469
12858,12858,0,1,0,0,0,198,469
12859,12859,0,1,0,0,0,198,469
12860,12860,0,1,1,0,0,198,470
12861,12861,0,1,0,0,1,198,470
12862,12862,0,1,0,0,1,198,470
12863,12863,0,1,0,0,1,198,470
12864,12864,0,1,1,0,1,198,470
12865,12865,0,1,0,0,1,198,470
12866,12866,0,1,0,0,1,198,470
12867,12867,0,1,0,0,1,198,470
12868,12868,0,1,1,0,1,198,470
12869,12869,0,1,0,0,0,198,470
12870,12870,0,1,0,0,0,198,470
12871,12871,0,1,0,0,0,199,470
12872,12872,0,1,1,0,0,199,470
12873,12873,0,1,0,0,0,199,470
12874,12874,0,1,0,0,0,199,470
12875,12875,0,1,0,0,0,199,470
12876,12876,0,1,1,0,0,199,470
12877,12877,0,1,0,0,1,199,470
12878,12878,0,1,0,0,1,199,470
12879,12879,0,1,0,0,1,199,470
12880,12880,0,1,1,0,1,199,471
12881,12881,0,1,0,0,1,199,471
12882,12882,0,1,0,0,1,199,471
12883,12883,0,1,0,0,1,199,471
12884,12884,0,1,1,0,1,199,471
12885,12885,0,1,0,0,1,199,471
12886,12886,0,1,0,0,1,199,471
12887,12887,0,1,0,0,1,199,471
12888,12888,0,1,1,0,1,199,471
12889,12889,0,1,0,0,1,199,471
12890,12890,0,1,0,0,1,199,471
12891,12891,0,1,0,0,1,199,471
12892,12892,0,1,1,0,1,199,471
12893,12893,0,1,0,0,1,199,471
12894,12894,0,1,0,0,1,199,471
12895,12895,0,1,0,0,1,199,471
12896,12896,0,1,1,1,1,199,471
12897,12897,0,1,0,1,1,199,471
12898,12898,0,1,0,1,1,199,471
12899,12899,0,1,0,1,1,199,471
12900,12900,0,1,1,1,1,199,472
12901,12901,0,1,0,1,1,199,472
12902,12902,0,1,0,1,1,199,472
12903,12903,0,1,0,1,1,199,472
12904,12904,0,1,1,1,1,199,472
12905,12905,0,1,0,1,0,199,472
12906,12906,0,1,0,1,0,199,472
12907,12907,0,1,0,1,0,199,472
12908,12908,0,1,1,1,0,199,472
12909,12909,0,1,0,1,1,199,472
12910,12910,0,1,0,1,1,199,472
12911,12911,0,1,0,1,1,200,472
12912,12912,0,1,1,1,1,200,472
12913,12913,0,1,0,1,0,200,472
12914,12914,0,1,0,1,0,200,472
12915,12915,0,1,0,1,0,200,472
12916,12916,0,1,1,0,0,200,472
12917,12917,0,1,0,0,0,200,472
12918,12918,0,1,0,0,0,200,472
12919,12919,0,1,0,0,0,200,472
12920,12920,0,1,1,0,0,200,473
12921,12921,0,1,0,0,1,200,473
12922,12922,0,1,0,0,1,200,473
12923,12923,0,1,0,0,1,200,473
12924,12924,0,1,1,0,1,200,473
12925,12925,0,1,0,0,1,200,473
12926,12926,0,1,0,0,1,200,473
12927,12927,0,1,0,0,1,200,473
12928,12928,0,1,1,0,1,200,473
12929,12929,0,1,0,0,1,200,473
12930,12930,0,1,0,0,1,200,473
12931,12931,0,1,0,0,1,200,473
12932,12932,0,1,1,0,1,200,473
12933,12933,0,1,0,0,1,200,473
12934,12934,0,1,0,0,1,200,473
12935,12935,0,1,0,0,1,200,473
12936,12936,0,1,1,0,1,200,473
12937,12937,0,1,0,0,0,200,473
12938,12938,0,1,0,0,0,200,473
12939,12939,0,1,0,0,0,200,473
12940,12940,0,1,1,0,0,200,474
12941,12941,0,1,0,0,0,200,474
12942,12942,0,1,0,0,0,200,474
12943,12943,0,1,0,0,0,200,474
12944,12944,0,1,1,0,0,200,474
12945,12945,0,1,0,0,1,200,474
12946,12946,0,1,0,0,1,200,474
12947,12947,0,1,0,0,1,200,474
12948,12948,0,1,1,0,1,200,474
12949,12949,0,1,0,0,1,200,474
12950,12950,0,1,0,0,1,200,474
12951,12951,0,1,0,0,1,200,474
12952,12952,0,1,1,0,1,200,474
12953,12953,0,1,0,0,1,200,474
12954,12954,0,1,0,0,1,200,474
12955,12955,0,1,0,0,1,200,474
12956,12956,0,1,1,0,1,200,474
12957,12957,0,1,0,0,1,200,474
12958,12958,0,1,0,0,1,200,474
12959,12959,0,1,0,0,1,200,474
12960,12960,0,1,1,0,1,200,475
12961,12961,0,1,0,0,1,200,475
12962,12962,0,1,0,0,1,200,475
12963,12963,0,1,0,0,1,200,475
12964,12964,0,1,1,0,1,200,475
12965,12965,0,1,0,0,1,200,475
12966,12966,0,1,0,0,1,200,475
12967,12967,0,1,0,0,1,200,475
12968,12968,0,1,1,0,1,200,475
12969,12969,0,1,0,0,1,200,475
12970,12970,0,1,0,0,1,200,475
12971,12971,0,1,0,0,1,200,475
12972,12972,0,1,1,0,1,200,475
12973,12973,0,1,0,0,1,200,475
12974,12974,0,1,0,0,1,200,475
12975,12975,0,1,0,0,1,200,475
12976,12976,0,1,1,0,1,200,475
12977,12977,0,1,0,0,1,200,475
12978,12978,0,1,0,0,1,200,475
12979,12979,0,1,0,0,1,200,475
12980,12980,0,1,1,0,1,200,476
12981,12981,0,1,0,0,0,200,476
12982,12982,0,1,0,0,0,200,476
12983,12983,0,1,0,0,0,200,476
12984,12984,0,1,1,0,0,200,476
12985,12985,0,1,0,0,1,200,476
12986,12986,0,1,0,0,1,200,476
12987,12987,0,1,0,0,1,200,476
12988,12988,0,1,1,0,1,200,476
12989,12989,0,1,0,0,1,200,476
12990,12990,0,1,0,0,1,200,476
12991,12991,0,1,0,0,1,200,476
12992,12992,0,1,1,0,1,200,476
12993,12993,0,1,0,0,0,200,476
12994,12994,0,1,0,0,0,200,476
12995,12995,0,1,0,0,0,200,476
12996,12996,0,1,1,1,0,200,476
12997,12997,0,1,0,1,0,200,476
12998,12998,0,1,0,1,0,200,476
12999,12999,0,1,0,1,0,200,476
13000,13000,0,1,1,1,0,200,477
13001,13001,0,1,0,1,0,200,477
13002,13002,0,1,0,1,0,200,477
13003,13003,0,1,0,1,0,200,477
13004,13004,0,1,1,1,0,200,477
13005,13005,0,1,0,1,0,200,477
13006,13006,0,1,0,1,0,200,477
13007,13007,0,1,0,1,0,200,477
13008,13008,0,1,1,1,0,200,477
13009,13009,0,1,0,1,1,200,477
13010,13010,0,1,0,1,1,200,477
13011,13011,0,1,0,1,1,201,477
13012,13012,0,1,1,1,1,201,477
13013,13013,0,1,0,1,1,201,477
13014,13014,0,1,0,1,1,201,477
13015,13015,0,1,0,1,1,201,477
13016,13016,0,1,1,1,1,201,477
13017,13017,0,1,0,1,0,201,477
13018,13018,0,1,0,1,0,201,477
13019,13019,0,1,0,1,0,201,477
13020,13020,0,1,1,1,0,201,478
13021,13021,0,1,0,1,1,201,478
13022,13022,0,1,0,1,1,201,478
13023,13023,0,1,0,1,1,201,478
13024,13024,0,1,1,1,1,201,478
13025,13025,0,1,0,1,1,201,478
13026,13026,0,1,0,1,1,201,478
13027,13027,0,1,0,1,1,201,478
13028,13028,0,1,1,1,1,201,478
13029,13029,0,1,0,1,0,201,478
13030,13030,0,1,0,1,0,201,478
13031,13031,0,1,0,1,0,201,478
13032,13032,0,1,1,1,0,201,478
13033,13033,0,1,0,1,0,201,478
13034,13034,0,1,0,1,0,201,478
13035,13035,0,1,0,1,0,201,478
13036,13036,0,1,1,1,0,201,478
13037,13037,0,1,0,1,0,201,478
13038,13038,0,1,0,1,0,201,478
13039,13039,0,1,0,1,0,201,478
13040,13040,0,1,1,1,0,201,479
13041,13041,0,1,0,1,1,201,479
13042,13042,0,1,0,1,1,201,479
13043,13043,0,1,0,1,1,201,479
13044,13044,0,1,1,1,1,201,479
13045,13045,0,1,0,1,0,201,479
13046,13046,0,1,0,1,0,201,479
13047,13047,0,1,0,1,0,201,479
13048,13048,0,1,1,1,0,201,479
13049,13049,0,1,0,1,0,201,479
13050,13050,0,1,0,1,0,201,479
13051,13051,0,1,0,1,0,201,479
13052,13052,0,1,1,1,0,201,479
13053,13053,0,1,0,1,1,201,479
13054,13054,0,1,0,1,1,201,479
13055,13055,0,1,0,1,1,201,479
13056,13056,0,1,1,1,1,201,479
13057,13057,0,1,0,1,1,201,479
13058,13058,0,1,0,1,1,201,479
13059,13059,0,1,0,1,1,201,479
13060,13060,0,1,1,1,1,201,480
13061,13061,0,1,0,1,1,201,480
13062,13062,0,1,0,1,1,201,480
13063,13063,0,1,0,1,1,201,480
13064,13064,0,1,1,1,1,201,480
13065,13065,0,1,0,1,0,201,480
13066,13066,0,1,0,1,0,201,480
13067,13067,0,1,0,1,0,201,480
13068,13068,0,1,1,1,0,201,480
13069,13069,0,1,0,1,1,201,480
13070,13070,0,1,0,1,1,201,480
13071,13071,0,1,0,1,1,202,480
13072,13072,0,1,1,1,1,202,480
13073,13073,0,1,0,1,1,202,480
13074,13074,0,1,0,1,1,202,480
13075,13075,0,1,0,1,1,202,480
13076,13076,0,1,1,1,1,202,480
13077,13077,0,1,0,1,0,202,480
13078,13078,0,1,0,1,0,202,480
13079,13079,0,1,0,1,0,202,480
13080,13080,0,1,1,1,0,202,481
13081,13081,0,1,0,1,1,202,481
13082,13082,0,1,0,1,1,202,481
13083,13083,0,1,0,1,1,202,481
13084,13084,0,1,1,1,1,202,481
13085,13085,0,1,0,1,1,202,481
13086,13086,0,1,0,1,1,202,481
13087,13087,0,1,0,1,1,202,481
13088,13088,0,1,1,1,1,202,481
13089,13089,0,1,0,1,0,202,481
13090,13090,0,1,0,1,0,202,481
13091,13091,0,1,0,1,0,202,481
13092,13092,0,1,1,1,0,202,481
13093,13093,0,1,0,1,1,202,481
13094,13094,0,1,0,1,1,202,481
13095,13095,0,1,0,1,1,202,481
13096,13096,0,1,1,1,1,202,481
13097,13097,0,1,0,1,1,202,481
13098,13098,0,1,0,1,1,202,481
13099,13099,0,1,0,1,1,202,481
13100,13100,0,1,1,1,1,202,482
13101,13101,0,1,0,1,0,202,482
13102,13102,0,1,0,1,0,202,482
13103,13103,0,1,0,1,0,202,482
13104,13104,0,1,1,1,0,202,482
13105,13105,0,1,0,1,1,202,482
13106,13106,0,1,0,1,1,202,482
13107,13107,0,1,0,1,1,202,482
13108,13108,0,1,1,1,1,202,482
13109,13109,0,1,0,1,1,202,482
13110,13110,0,1,0,1,1,202,482
13111,13111,0,1,0,1,1,203,482
13112,13112,0,1,1,1,1,203,482
13113,13113,0,1,0,1,0,203,482
13114,13114,0,1,0,1,0,203,482
13115,13115,0,1,0,1,0,203,482
13116,13116,0,1,1,0,0,203,482
13117,13117,0,1,0,0,0,203,482
13118,13118,0,1,0,0,0,203,482
13119,13119,0,1,0,0,0,203,482
13120,13120,0,1,1,0,0,203,483
13121,13121,0,1,0,0,0,203,483
13122,13122,0,1,0,0,0,203,483
13123,13123,0,1,0,0,0,203,483
13124,13124,0,1,1,0,0,203,483
13125,13125,0,1,0,0,1,203,483
13126,13126,0,1,0,0,1,203,483
13127,13127,0,1,0,0,1,203,483
13128,13128,0,1,1,0,1,203,483
13129,13129,0,1,0,0,0,203,483
13130,13130,0,1,0,0,0,203,483
13131,13131,0,1,0,0,0,204,483
13132,13132,0,1,1,0,0,204,483
13133,13133,0,1,0,0,1,204,483
13134,13134,0,1,0,0,1,204,483
13135,13135,0,1,0,0,1,204,483
13136,13136,0,1,1,0,1,204,483
13137,13137,0,1,0,0,0,204,483
13138,13138,0,1,0,0,0,204,483
13139,13139,0,1,0,0,0,204,483
13140,13140,0,1,1,0,0,204,484
13141,13141,0,1,0,0,0,204,484
13142,13142,0,1,0,0,0,204,484
13143,13143,0,1,0,0,0,204,484
13144,13144,0,1,1,0,0,204,484
13145,13145,0,1,0,0,1,204,484
13146,13146,0,1,0,0,1,204,484
13147,13147,0,1,0,0,1,204,484
13148,13148,0,1,1,0,1,204,484
13149,13149,0,1,0,0,1,204,484
13150,13150,0,1,0,0,1,204,484
13151,13151,0,1,0,0,1,204,484
13152,13152,0,1,1,0,1,204,484
13153,13153,0,1,0,0,1,204,484
13154,13154,0,1,0,0,1,204,484
13155,13155,0,1,0,0,1,204,484
13156,13156,0,1,1,1,1,204,484
13157,13157,0,1,0,1,0,204,484
13158,13158,0,1,0,1,0,204,484
13159,13159,0,1,0,1,0,204,484
13160,13160,0,1,1,1,0,204,485
13161,13161,0,1,0,1,0,204,485
13162,13162,0,1,0,1,0,204,485
13163,13163,0,1,0,1,0,204,485
13164,13164,0,1,1,1,0,204,485
13165,13165,0,1,0,1,1,204,485
13166,13166,0,1,0,1,1,204,485
13167,13167,0,1,0,1,1,204,485
13168,13168,0,1,1,1,1,204,485
13169,13169,0,1,0,1,0,204,485
13170,13170,0,1,0,1,0,204,485
13171,13171,0,1,0,1,0,204,485
13172,13172,0,1,1,1,0,204,485
13173,13173,0,1,0,1,0,204,485
13174,13174,0,1,0,1,0,204,485
13175,13175,0,1,0,1,0,204,485
13176,13176,0,1,1,1,0,204,485
13177,13177,0,1,0,1,0,204,485
13178,13178,0,1,0,1,0,204,485
13179,13179,0,1,0,1,0,204,485
13180,13180,0,1,1,1,0,204,486
13181,13181,0,1,0,1,1,204,486
13182,13182,0,1,0,1,1,204,486
13183,13183,0,1,0,1,1,204,486
13184,13184,0,1,1,1,1,204,486
13185,13185,0,1,0,1,1,204,486
13186,13186,0,1,0,1,1,204,486
13187,13187,0,1,0,1,1,204,486
13188,13188,0,1,1,1,1,204,486
13189,13189,0,1,0,1,1,204,486
13190,13190,0,1,0,1,1,204,486
13191,13191,0,1,0,1,1,205,486
13192,13192,0,1,1,1,1,205,486
13193,13193,0,1,0,1,0,205,486
13194,13194,0,1,0,1,0,205,486
13195,13195,0,1,0,1,0,205,486
13196,13196,0,1,1,1,0,205,486
13197,13197,0,1,0,1,1,205,486
13198,13198,0,1,0,1,1,205,486
13199,13199,0,1,0,1,1,205,486
13200,13200,0,1,1,1,1,205,487
13201,13201,0,1,0,1,0,205,487
13202,13202,0,1,0,1,0,205,487
13203,13203,0,1,0,1,0,205,487
13204,13204,0,1,1,1,0,205,487
13205,13205,0,1,0,1,1,205,487
13206,13206,0,1,0,1,1,205,487
13207,13207,0,1,0,1,1,205,487
13208,13208,0,1,1,1,1,205,487
13209,13209,0,1,0,1,0,205,487
13210,13210,0,1,0,1,0,205,487
13211,13211,0,1,0,1,0,205,487
13212,13212,0,1,1,1,0,205,487
13213,13213,0,1,0,1,0,205,487
13214,13214,0,1,0,1,0,205,487
13215,13215,0,1,0,1,0,205,487
13216,13216,0,1,1,1,0,205,487
13217,13217,0,1,0,1,0,205,487
13218,13218,0,1,0,1,0,205,487
13219,13219,0,1,0,1,0,205,487
13220,13220,0,1,1,1,0,205,488
13221,13221,0,1,0,1,1,205,488
13222,13222,0,1,0,1,1,205,488
13223,13223,0,1,0,1,1,205,488
13224,13224,0,1,1,1,1,205,488
13225,13225,0,1,0,1,0,205,488
13226,13226,0,1,0,1,0,205,488
13227,13227,0,1,0,1,0,205,488
13228,13228,0,1,1,1,0,205,488
13229,13229,0,1,0,1,1,205,488
13230,13230,0,1,0,1,1,205,488
13231,13231,0,1,0,1,1,206,488
13232,13232,0,1,1,1,1,206,488
13233,13233,0,1,0,1,1,206,488
13234,13234,0,1,0,1,1,206,488
13235,13235,0,1,0,1,1,206,488
13236,13236,0,1,1,0,1,206,488
13237,13237,0,1,0,0,1,206,488
13238,13238,0,1,0,0,1,206,488
13239,13239,0,1,0,0,1,206,488
13240,13240,0,1,1,0,1,206,489
13241,13241,0,1,0,0,0,206,489
13242,13242,0,1,0,0,0,206,489
13243,13243,0,1,0,0,0,206,489
13244,13244,0,1,1,0,0,206,489
13245,13245,0,1,0,0,0,206,489
13246,13246,0,1,0,0,0,206,489
13247,13247,0,1,0,0,0,206,489
13248,13248,0,1,1,0,0,206,489
13249,13249,0,1,0,0,1,206,489
13250,13250,0,1,0,0,1,206,489
13251,13251,0,1,0,0,1,206,489
13252,13252,0,1,1,0,1,206,489
13253,13253,0,1,0,0,0,206,489
13254,13254,0,1,0,0,0,206,489
13255,13255,0,1,0,0,0,206,489
13256,13256,0,1,1,1,0,206,489
13257,13257,0,1,0,1,1,206,489
13258,13258,0,1,0,1,1,206,489
13259,13259,0,1,0,1,1,206,489
13260,13260,0,1,1,1,1,206,490
13261,13261,0,1,0,1,1,206,490
13262,13262,0,1,0,1,1,206,490
13263,13263,0,1,0,1,1,206,490
13264,13264,0,1,1,1,1,206,490
13265,13265,0,1,0,1,1,206,490
13266,13266,0,1,0,1,1,206,490
13267,13267,0,1,0,1,1,206,490
13268,13268,0,1,1,1,1,206,490
13269,13269,0,1,0,1,1,206,490
13270,13270,0,1,0,1,1,206,490
13271,13271,0,1,0,1,1,207,490
13272,13272,0,1,1,1,1,207,490
13273,13273,0,1,0,1,0,207,490
13274,13274,0,1,0,1,0,207,490
13275,13275,0,1,0,1,0,207,490
13276,13276,0,1,1,1,0,207,490
13277,13277,0,1,0,1,0,207,490
13278,13278,0,1,0,1,0,207,490
13279,13279,0,1,0,1,0,207,490
13280,13280,0,1,1,1,0,207,491
13281,13281,0,1,0,1,1,207,491
13282,13282,0,1,0,1,1,207,491
13283,13283,0,1,0,1,1,207,491
13284,13284,0,1,1,1,1,207,491
13285,13285,0,1,0,1,0,207,491
13286,13286,0,1,0,1,0,207,491
13287,13287,0,1,0,1,0,207,491
13288,13288,0,1,1,1,0,207,491
13289,13289,0,1,0,1,0,207,491
13290,13290,0,1,0,1,0,207,491
13291,13291,0,1,0,1,0,207,491
13292,13292,0,1,1,1,0,207,491
13293,13293,0,1,0,1,0,207,491
13294,13294,0,1,0,1,0,207,491
13295,13295,0,1,0,1,0,207,491
13296,13296,0,1,1,0,0,207,491
13297,13297,0,1,0,0,0,207,491
13298,13298,0,1,0,0,0,207,491
13299,13299,0,1,0,0,0,207,491
13300,13300,0,1,1,0,0,207,492
13301,13301,0,1,0,0,1,207,492
13302,13302,0,1,0,0,1,207,492
13303,13303,0,1,0,0,1,207,492
13304,13304,0,1,1,0,1,207,492
13305,13305,0,1,0,0,1,207,492
13306,13306,0,1,0,0,1,207,492
13307,13307,0,1,0,0,1,207,492
13308,13308,0,1,1,0,1,207,492
13309,13309,0,1,0,0,1,207,492
13310,13310,0,1,0,0,1,207,492
13311,13311,0,1,0,0,1,207,492
13312,13312,0,1,1,0,1,207,492
13313,13313,0,1,0,0,1,207,492
13314,13314,0,1,0,0,1,207,492
13315,13315,0,1,0,0,1,207,492
13316,13316,0,1,1,0,1,207,492
13317,13317,0,1,0,0,0,207,492
13318,13318,0,1,0,0,0,207,492
13319,13319,0,1,0,0,0,207,492
13320,13320,0,1,1,0,0,207,493
13321,13321,0,1,0,0,1,207,493
13322,13322,0,1,0,0,1,207,493
13323,13323,0,1,0,0,1,207,493
13324,13324,0,1,1,0,1,207,493
13325,13325,0,1,0,0,1,207,493
13326,13326,0,1,0,0,1,207,493
13327,13327,0,1,0,0,1,207,493
13328,13328,0,1,1,0,1,207,493
13329,13329,0,1,0,0,1,207,493
13330,13330,0,1,0,0,1,207,493
13331,13331,0,1,0,0,1,207,493
13332,13332,0,1,1,0,1,207,493
13333,13333,0,1,0,0,1,207,493
13334,13334,0,1,0,0,1,207,493
13335,13335,0,1,0,0,1,207,493
13336,13336,0,1,1,1,1,207,493
13337,13337,0,1,0,1,1,207,493
13338,13338,0,1,0,1,1,207,493
13339,13339,0,1,0,1,1,207,493
13340,13340,0,1,1,1,1,207,494
13341,13341,0,1,0,1,0,207,494
13342,13342,0,1,0,1,0,207,494
13343,13343,0,1,0,1,0,207,494
13344,13344,0,1,1,1,0,207,494
13345,13345,0,1,0,1,0,207,494
13346,13346,0,1,0,1,0,207,494
13347,13347,0,1,0,1,0,207,494
13348,13348,0,1,1,1,0,207,494
13349,13349,0,1,0,1,0,207,494
13350,13350,0,1,0,1,0,207,494
13351,13351,0,1,0,1,0,207,494
13352,13352,0,1,1,1,0,207,494
13353,13353,0,1,0,1,0,207,494
13354,13354,0,1,0,1,0,207,494
13355,13355,0,1,0,1,0,207,494
13356,13356,0,1,1,0,0,207,494
13357,13357,0,1,0,0,0,207,494
13358,13358,0,1,0,0,0,207,494
13359,13359,0,1,0,0,0,207,494
13360,13360,0,1,1,0,0,207,495
13361,13361,0,1,0,0,1,207,495
13362,13362,0,1,0,0,1,207,495
13363,13363,0,1,0,0,1,207,495
13364,13364,0,1,1,0,1,207,495
13365,13365,0,1,0,0,0,207,495
13366,13366,0,1,0,0,0,207,495
13367,13367,0,1,0,0,0,207,495
13368,13368,0,1,1,0,0,207,495
13369,13369,0,1,0,0,0,207,495
13370,13370,0,1,0,0,0,207,495
13371,13371,0,1,0,0,0,208,495
13372,13372,0,1,1,0,0,208,495
13373,13373,0,1,0,0,0,208,495
13374,13374,0,1,0,0,0,208,495
13375,13375,0,1,0,0,0,208,495
13376,13376,0,1,1,0,0,208,495
13377,13377,0,1,0,0,0,208,495
13378,13378,0,1,0,0,0,208,495
13379,13379,0,1,0,0,0,208,495
13380,13380,0,1,1,0,0,208,496
13381,13381,0,1,0,0,1,208,496
13382,13382,0,1,0,0,1,208,496
13383,13383,0,1,0,0,1,208,496
13384,13384,0,1,1,0,1,208,496
13385,13385,0,1,0,0,0,208,496
13386,13386,0,1,0,0,0,208,496
13387,13387,0,1,0,0,0,208,496
13388,13388,0,1,1,0,0,208,496
13389,13389,0,1,0,0,0,208,496
13390,13390,0,1,0,0,0,208,496
13391,13391,0,1,0,0,0,209,496
13392,13392,0,1,1,0,0,209,496
13393,13393,0,1,0,0,0,209,496
13394,13394,0,1,0,0,0,209,496
13395,13395,0,1,0,0,0,209,496
13396,13396,0,1,1,1,0,209,496
13397,13397,0,1,0,1,0,209,496
13398,13398,0,1,0,1,0,209,496
13399,13399,0,1,0,1,0,209,496
13400,13400,0,1,1,1,0,209,497
13401,13401,0,1,0,1,1,209,497
13402,13402,0,1,0,1,1,209,497
13403,13403,0,1,0,1,1,209,497
13404,13404,0,1,1,1,1,209,497
13405,13405,0,1,0,1,0,209,497
13406,13406,0,1,0,1,0,209,497
13407,13407,0,1,0,1,0,209,497
13408,13408,0,1,1,1,0,209,497
13409,13409,0,1,0,1,0,209,497
13410,13410,0,1,0,1,0,209,497
13411,13411,0,1,0,1,0,209,497
13412,13412,0,1,1,1,0,209,497
13413,13413,0,1,0,1,1,209,497
13414,13414,0,1,0,1,1,209,497
13415,13415,0,1,0,1,1,209,497
13416,13416,0,1,1,0,1,209,497
13417,13417,0,1,0,0,1,209,497
13418,13418,0,1,0,0,1,209,497
13419,13419,0,1,0,0,1,209,497
13420,13420,0,1,1,0,1,209,498
13421,13421,0,1,0,0,1,209,498
13422,13422,0,1,0,0,1,209,498
13423,13423,0,1,0,0,1,209,498
13424,13424,0,1,1,0,1,209,498
13425,13425,0,1,0,0,1,209,498
13426,13426,0,1,0,0,1,209,498
13427,13427,0,1,0,0,1,209,498
13428,13428,0,1,1,0,1,209,498
13429,13429,0,1,0,0,0,209,498
13430,13430,0,1,0,0,0,209,498
13431,13431,0,1,0,0,0,210,498
13432,13432,0,1,1,0,0,210,498
13433,13433,0,1,0,0,0,210,498
13434,13434,0,1,0,0,0,210,498
13435,13435,0,1,0,0,0,210,498
13436,13436,0,1,1,0,0,210,498
13437,13437,0,1,0,0,1,210,498
13438,13438,0,1,0,0,1,210,498
13439,13439,0,1,0,0,1,210,498
13440,13440,0,1,1,0,1,210,499
13441,13441,0,1,0,0,1,210,499
13442,13442,0,1,0,0,1,210,499
13443,13443,0,1,0,0,1,210,499
13444,13444,0,1,1,0,1,210,499
13445,13445,0,1,0,0,0,210,499
13446,13446,0,1,0,0,0,210,499
13447,13447,0,1,0,0,0,210,499
13448,13448,0,1,1,0,0,210,499
13449,13449,0,1,0,0,1,210,499
13450,13450,0,1,0,0,1,210,499
13451,13451,0,1,0,0,1,210,499
13452,13452,0,1,1,0,1,210,499
13453,13453,0,1,0,0,0,210,499
13454,13454,0,1,0,0,0,210,499
13455,13455,0,1,0,0,0,210,499
13456,13456,0,1,1,1,0,210,499
13457,13457,0,1,0,1,1,210,499
13458,13458,0,1,0,1,1,210,499
13459,13459,0,1,0,1,1,210,499
13460,13460,0,1,1,1,1,210,500
13461,13461,0,1,0,1,1,210,500
13462,13462,0,1,0,1,1,210,500
13463,13463,0,1,0,1,1,210,500
13464,13464,0,1,1,1,1,210,500
13465,13465,0,1,0,1,1,210,500
13466,13466,0,1,0,1,1,210,500
13467,13467,0,1,0,1,1,210,500
13468,13468,0,1,1,1,1,210,500
13469,13469,0,1,0,1,1,210,500
13470,13470,0,1,0,1,1,210,500
13471,13471,0,1,0,1,1,211,500
13472,13472,0,1,1,1,1,211,500
13473,13473,0,1,0,1,1,211,500
13474,13474,0,1,0,1,1,211,500
13475,13475,0,1,0,1,1,211,500
13476,13476,0,1,1,0,1,211,500
13477,13477,0,1,0,0,1,211,500
13478,13478,0,1,0,0,1,211,500
13479,13479,0,1,0,0,1,211,500
13480,13480,0,1,1,0,1,211,501
13481,13481,0,1,0,0,1,211,501
13482,13482,0,1,0,0,1,211,501
13483,13483,0,1,0,0,1,211,501
13484,13484,0,1,1,0,1,211,501
13485,13485,0,1,0,0,1,211,501
13486,13486,0,1,0,0,1,211,501
13487,13487,0,1,0,0,1,211,501
13488,13488,0,1,1,0,1,211,501
13489,13489,0,1,0,0,0,211,501
13490,13490,0,1,0,0,0,211,501
13491,13491,0,1,0,0,0,212,501
13492,13492,0,1,1,0,0,212,501
13493,13493,0,1,0,0,0,212,501
13494,13494,0,1,0,0,0,212,501
13495,13495,0,1,0,0,0,212,501
13496,13496,0,1,1,1,0,212,501
13497,13497,0,1,0,1,0,212,501
13498,13498,0,1,0,1,0,212,501
13499,13499,0,1,0,1,0,212,501
13500,13500,0,1,1,1,0,212,502
13501,13501,0,1,0,1,0,212,502
13502,13502,0,1,0,1,0,212,502
13503,13503,0,1,0,1,0,212,502
13504,13504,0,1,1,1,0,212,502
13505,13505,0,1,0,1,1,212,502
13506,13506,0,1,0,1,1,212,502
13507,13507,0,1,0,1,1,212,502
13508,13508,0,1,1,1,1,212,502
13509,13509,0,1,0,1,1,212,502
13510,13510,0,1,0,1,1,212,502
13511,13511,0,1,0,1,1,213,502
13512,13512,0,1,1,1,1,213,502
13513,13513,0,1,0,1,0,213,502
13514,13514,0,1,0,1,0,213,502
13515,13515,0,1,0,1,0,213,502
13516,13516,0,1,1,0,0,213,502
13517,13517,0,1,0,0,1,213,502
13518,13518,0,1,0,0,1,213,502
13519,13519,0,1,0,0,1,213,502
13520,13520,0,1,1,0,1,213,503
13521,13521,0,1,0,0,1,213,503
13522,13522,0,1,0,0,1,213,503
13523,13523,0,1,0,0,1,213,503
13524,13524,0,1,1,0,1,213,503
13525,13525,0,1,0,0,1,213,503
13526,13526,0,1,0,0,1,213,503
13527,13527,0,1,0,0,1,213,503
13528,13528,0,1,1,0,1,213,503
13529,13529,0,1,0,0,0,213,503
13530,13530,0,1,0,0,0,213,503
13531,13531,0,1,0,0,0,214,503
13532,13532,0,1,1,0,0,214,503
13533,13533,0,1,0,0,1,214,503
13534,13534,0,1,0,0,1,214,503
13535,13535,0,1,0,0,1,214,503
13536,13536,0,1,1,1,1,214,503
13537,13537,0,1,0,1,1,214,503
13538,13538,0,1,0,1,1,214,503
13539,13539,0,1,0,1,1,214,503
13540,13540,0,1,1,1,1,214,504
13541,13541,0,1,0,1,1,214,504
13542,13542,0,1,0,1,1,214,504
13543,13543,0,1,0,1,1,214,504
13544,13544,0,1,1,1,1,214,504
13545,13545,0,1,0,1,0,214,504
13546,13546,0,1,0,1,0,214,504
13547,13547,0,1,0,1,0,214,504
13548,13548,0,1,1,1,0,214,504
13549,13549,0,1,0,1,1,214,504
13550,13550,0,1,0,1,1,214,504
13551,13551,0,1,0,1,1,215,504
13552,13552,0,1,1,1,1,215,504
13553,13553,0,1,0,1,1,215,504
13554,13554,0,1,0,1,1,215,504
13555,13555,0,1,0,1,1,215,504
13556,13556,0,1,1,1,1,215,504
13557,13557,0,1,0,1,1,215,504
13558,13558,0,1,0,1,1,215,504
13559,13559,0,1,0,1,1,215,504
13560,13560,0,1,1,1,1,215,505
13561,13561,0,1,0,1,1,215,505
13562,13562,0,1,0,1,1,215,505
13563,13563,0,1,0,1,1,215,505
13564,13564,0,1,1,1,1,215,505
13565,13565,0,1,0,1,1,215,505
13566,13566,0,1,0,1,1,215,505
13567,13567,0,1,0,1,1,215,505
13568,13568,0,1,1,1,1,215,505
13569,13569,0,1,0,1,0,215,505
13570,13570,0,1,0,1,0,215,505
13571,13571,0,1,0,1,0,215,505
13572,13572,0,1,1,1,0,215,505
13573,13573,0,1,0,1,0,215,505
13574,13574,0,1,0,1,0,215,505
13575,13575,0,1,0,1,0,215,505
13576,13576,0,1,1,0,0,215,505
13577,13577,0,1,0,0,0,215,505
13578,13578,0,1,0,0,0,215,505
13579,13579,0,1,0,0,0,215,505
13580,13580,0,1,1,0,0,215,506
13581,13581,0,1,0,0,1,215,506
13582,13582,0,1,0,0,1,215,506
13583,13583,0,1,0,0,1,215,506
13584,13584,0,1,1,0,1,215,506
13585,13585,0,1,0,0,0,215,506
13586,13586,0,1,0,0,0,215,506
13587,13587,0,1,0,0,0,215,506
13588,13588,0,1,1,0,0,215,506
13589,13589,0,1,0,0,1,215,506
13590,13590,0,1,0,0,1,215,506
13591,13591,0,1,0,0,1,215,506
13592,13592,0,1,1,0,1,215,506
13593,13593,0,1,0,0,0,215,506
13594,13594,0,1,0,0,0,215,506
13595,13595,0,1,0,0,0,215,506
13596,13596,0,1,1,0,0,215,506
13597,13597,0,1,0,0,0,215,506
13598,13598,0,1,0,0,0,215,506
13599,13599,0,1,0,0,0,215,506
13600,13600,0,1,1,0,0,215,507
13601,13601,0,1,0,0,0,215,507
13602,13602,0,1,0,0,0,215,507
13603,13603,0,1,0,0,0,215,507
13604,13604,0,1,1,0,0,215,507
13605,13605,0,1,0,0,1,215,507
13606,13606,0,1,0,0,1,215,507
13607,13607,0,1,0,0,1,215,507
13608,13608,0,1,1,0,1,215,507
13609,13609,0,1,0,0,1,215,507
13610,13610,0,1,0,0,1,215,507
13611,13611,0,1,0,0,1,215,507
13612,13612,0,1,1,0,1,215,507
13613,13613,0,1,0,0,1,215,507
13614,13614,0,1,0,0,1,215,507
13615,13615,0,1,0,0,1,215,507
13616,13616,0,1,1,1,1,215,507
13617,13617,0,1,0,1,0,215,507
13618,13618,0,1,0,1,0,215,507
13619,13619,0,1,0,1,0,215,507
13620,13620,0,1,1,1,0,215,508
13621,13621,0,1,0,1,0,215,508
13622,13622,0,1,0,1,0,215,508
13623,13623,0,1,0,1,0,215,508
13624,13624,0,1,1,1,0,215,508
13625,13625,0,1,0,1,1,215,508
13626,13626,0,1,0,1,1,215,508
13627,13627,0,1,0,1,1,215,508
13628,13628,0,1,1,1,1,215,508
13629,13629,0,1,0,1,0,215,508
13630,13630,0,1,0,1,0,215,508
13631,13631,0,1,0,1,0,215,508
13632,13632,0,1,1,1,0,215,508
13633,13633,0,1,0,1,1,215,508
13634,13634,0,1,0,1,1,215,508
13635,13635,0,1,0,1,1,215,508
13636,13636,0,1,1,1,1,215,508
13637,13637,0,1,0,1,1,215,508
13638,13638,0,1,0,1,1,215,508
13639,13639,0,1,0,1,1,215,508
13640,13640,0,1,1,1,1,215,509
13641,13641,0,1,0,1,0,215,509
13642,13642,0,1,0,1,0,215,509
13643,13643,0,1,0,1,0,215,509
13644,13644,0,1,1,1,0,215,509
13645,13645,0,1,0,1,0,215,509
13646,13646,0,1,0,1,0,215,509
13647,13647,0,1,0,1,0,215,509
13648,13648,0,1,1,1,0,215,509
13649,13649,0,1,0,1,0,215,509
13650,13650,0,1,0,1,0,215,509
13651,13651,0,1,0,1,0,215,509
13652,13652,0,1,1,1,0,215,509
13653,13653,0,1,0,1,0,215,509
13654,13654,0,1,0,1,0,215,509
13655,13655,0,1,0,1,0,215,509
13656,13656,0,1,1,0,0,215,509
13657,13657,0,1,0,0,0,215,509
13658,13658,0,1,0,0,0,215,509
13659,13659,0,1,0,0,0,215,509
13660,13660,0,1,1,0,0,215,510
13661,13661,0,1,0,0,0,215,510
13662,13662,0,1,0,0,0,215,510
13663,13663,0,1,0,0,0,215,510
13664,13664,0,1,1,0,0,215,510
13665,13665,0,1,0,0,0,215,510
13666,13666,0,1,0,0,0,215,510
13667,13667,0,1,0,0,0,215,510
13668,13668,0,1,1,0,0,215,510
13669,13669,0,1,0,0,1,215,510
13670,13670,0,1,0,0,1,215,510
13671,13671,0,1,0,0,1,215,510
13672,13672,0,1,1,0,1,215,510
13673,13673,0,1,0,0,0,215,510
13674,13674,0,1,0,0,0,215,510
13675,13675,0,1,0,0,0,215,510
13676,13676,0,1,1,0,0,215,510
13677,13677,0,1,0,0,1,215,510
13678,13678,0,1,0,0,1,215,510
13679,13679,0,1,0,0,1,215,510
13680,13680,0,1,1,0,1,215,511
13681,13681,0,1,0,0,0,215,511
13682,13682,0,1,0,0,0,215,511
13683,13683,0,1,0,0,0,215,511
13684,13684,0,1,1,0,0,215,511
13685,13685,0,1,0,0,1,215,511
13686,13686,0,1,0,0,1,215,511
13687,13687,0,1,0,0,1,215,511
13688,13688,0,1,1,0,1,215,511
13689,13689,0,1,0,0,0,215,511
13690,13690,0,1,0,0,0,215,511
13691,13691,0,1,0,0,0,216,511
13692,13692,0,1,1,0,0,216,511
13693,13693,0,1,0,0,1,216,511
13694,13694,0,1,0,0,1,216,511
13695,13695,0,1,0,0,1,216,511
13696,13696,0,1,1,1,1,216,511
13697,13697,0,1,0,1,1,216,511
13698,13698,0,1,0,1,1,216,511
13699,13699,0,1,0,1,1,216,511
13700,13700,0,1,1,1,1,216,512
13701,13701,0,1,0,1,1,216,512
13702,13702,0,1,0,1,1,216,512
13703,13703,0,1,0,1,1,216,512
13704,13704,0,1,1,1,1,216,512
13705,13705,0,1,0,1,0,216,512
13706,13706,0,1,0,1,0,216,512
13707,13707,0,1,0,1,0,216,512
13708,13708,0,1,1,1,0,216,512
13709,13709,0,1,0,1,1,216,512
13710,13710,0,1,0,1,1,216,512
13711,13711,0,1,0,1,1,217,512
13712,13712,0,1,1,1,1,217,512
13713,13713,0,1,0,1,0,217,512
13714,13714,0,1,0,1,0,217,512
13715,13715,0,1,0,1,0,217,512
13716,13716,0,1,1,1,0,217,512
13717,13717,0,1,0,1,1,217,512
13718,13718,0,1,0,1,1,217,512
13719,13719,0,1,0,1,1,217,512
13720,13720,0,1,1,1,1,217,513
13721,13721,0,1,0,1,0,217,513
13722,13722,0,1,0,1,0,217,513
13723,13723,0,1,0,1,0,217,513
13724,13724,0,1,1,1,0,217,513
13725,13725,0,1,0,1,1,217,513
13726,13726,0,1,0,1,1,217,513
13727,13727,0,1,0,1,1,217,513
13728,13728,0,1,1,1,1,217,513
13729,13729,0,1,0,1,0,217,513
13730,13730,0,1,0,1,0,217,513
13731,13731,0,1,0,1,0,217,513
13732,13732,0,1,1,1,0,217,513
13733,13733,0,1,0,1,1,217,513
13734,13734,0,1,0,1,1,217,513
13735,13735,0,1,0,1,1,217,513
13736,13736,0,1,1,1,1,217,513
13737,13737,0,1,0,1,1,217,513
13738,13738,0,1,0,1,1,217,513
13739,13739,0,1,0,1,1,217,513
13740,13740,0,1,1,1,1,217,514
13741,13741,0,1,0,1,1,217,514
13742,13742,0,1,0,1,1,217,514
13743,13743,0,1,0,1,1,217,514
13744,13744,0,1,1,1,1,217,514
13745,13745,0,1,0,1,0,217,514
13746,13746,0,1,0,1,0,217,514
13747,13747,0,1,0,1,0,217,514
13748,13748,0,1,1,1,0,217,514
13749,13749,0,1,0,1,1,217,514
13750,13750,0,1,0,1,1,217,514
13751,13751,0,1,0,1,1,218,514
13752,13752,0,1,1,1,1,218,514
13753,13753,0,1,0,1,1,218,514
13754,13754,0,1,0,1,1,218,514
13755,13755,0,1,0,1,1,218,514
13756,13756,0,1,1,0,1,218,514
13757,13757,0,1,0,0,0,218,514
13758,13758,0,1,0,0,0,218,514
13759,13759,0,1,0,0,0,218,514
13760,13760,0,1,1,0,0,218,515
13761,13761,0,1,0,0,0,218,515
13762,13762,0,1,0,0,0,218,515
13763,13763,0,1,0,0,0,218,515
13764,13764,0,1,1,0,0,218,515
13765,13765,0,1,0,0,1,218,515
13766,13766,0,1,0,0,1,218,515
13767,13767,0,1,0,0,1,218,515
13768,13768,0,1,1,0,1,218,515
13769,13769,0,1,0,0,1,218,515
13770,13770,0,1,0,0,1,218,515
13771,13771,0,1,0,0,1,218,515
13772,13772,0,1,1,0,1,218,515
13773,13773,0,1,0,0,1,218,515
13774,13774,0,1,0,0,1,218,515
13775,13775,0,1,0,0,1,218,515
13776,13776,0,1,1,1,1,218,515
13777,13777,0,1,0,1,1,218,515
13778,13778,0,1,0,1,1,218,515
13779,13779,0,1,0,1,1,218,515
13780,13780,0,1,1,1,1,218,516
13781,13781,0,1,0,1,1,218,516
13782,13782,0,1,0,1,1,218,516
13783,13783,0,1,0,1,1,218,516
13784,13784,0,1,1,1,1,218,516
13785,13785,0,1,0,1,0,218,516
13786,13786,0,1,0,1,0,218,516
13787,13787,0,1,0,1,0,218,516
13788,13788,0,1,1,1,0,218,516
13789,13789,0,1,0,1,1,218,516
13790,13790,0,1,0,1,1,218,516
13791,13791,0,1,0,1,1,219,516
13792,13792,0,1,1,1,1,219,516
13793,13793,0,1,0,1,0,219,516
13794,13794,0,1,0,1,0,219,516
13795,13795,0,1,0,1,0,219,516
13796,13796,0,1,1,0,0,219,516
13797,13797,0,1,0,0,1,219,516
13798,13798,0,1,0,0,1,219,516
13799,13799,0,1,0,0,1,219,516
13800,13800,0,1,1,0,1,219,517
13801,13801,0,1,0,0,0,219,517
13802,13802,0,1,0,0,0,219,517
13803,13803,0,1,0,0,0,219,517
13804,13804,0,1,1,0,0,219,517
13805,13805,0,1,0,0,0,219,517
13806,13806,0,1,0,0,0,219,517
13807,13807,0,1,0,0,0,219,517
13808,13808,0,1,1,0,0,219,517
13809,13809,0,1,0,0,0,219,517
13810,13810,0,1,0,0,0,219,517
13811,13811,0,1,0,0,0,220,517
13812,13812,0,1,1,0,0,220,517
13813,13813,0,1,0,0,0,220,517
13814,13814,0,1,0,0,0,220,517
13815,13815,0,1,0,0,0,220,517
13816,13816,0,1,1,1,0,220,517
13817,13817,0,1,0,1,1,220,517
13818,13818,0,1,0,1,1,220,517
13819,13819,0,1,0,1,1,220,517
13820,13820,0,1,1,1,1,220,518
13821,13821,0,1,0,1,1,220,518
13822,13822,0,1,0,1,1,220,518
13823,13823,0,1,0,1,1,220,518
13824,13824,0,1,1,1,1,220,518
13825,13825,0,1,0,1,0,220,518
13826,13826,0,1,0,1,0,220,518
13827,13827,0,1,0,1,0,220,518
13828,13828,0,1,1,1,0,220,518
13829,13829,0,1,0,1,1,220,518
13830,13830,0,1,0,1,1,220,518
13831,13831,0,1,0,1,1,221,518
13832,13832,0,1,1,1,1,221,518
13833,13833,0,1,0,1,0,221,518
13834,13834,0,1,0,1,0,221,518
13835,13835,0,1,0,1,0,221,518
13836,13836,0,1,1,1,0,221,518
13837,13837,0,1,0,1,0,221,518
13838,13838,0,1,0,1,0,221,518
13839,13839,0,1,0,1,0,221,518
13840,13840,0,1,1,1,0,221,519
13841,13841,0,1,0,1,1,221,519
13842,13842,0,1,0,1,1,221,519
13843,13843,0,1,0,1,1,221,519
13844,13844,0,1,1,1,1,221,519
13845,13845,0,1,0,1,1,221,519
13846,13846,0,1,0,1,1,221,519
13847,13847,0,1,0,1,1,221,519
13848,13848,0,1,1,1,1,221,519
13849,13849,0,1,0,1,1,221,519
13850,13850,0,1,0,1,1,221,519
13851,13851,0,1,0,1,1,222,519
13852,13852,0,1,1,1,1,222,519
13853,13853,0,1,0,1,1,222,519
13854,13854,0,1,0,1,1,222,519
13855,13855,0,1,0,1,1,222,519
13856,13856,0,1,1,0,1,222,519
13857,13857,0,1,0,0,0,222,519
13858,13858,0,1,0,0,0,222,519
13859,13859,0,1,0,0,0,222,519
13860,13860,0,1,1,0,0,222,520
13861,13861,0,1,0,0,1,222,520
13862,13862,0,1,0,0,1,222,520
13863,13863,0,1,0,0,1,222,520
13864,13864,0,1,1,0,1,222,520
13865,13865,0,1,0,0,1,222,520
13866,13866,0,1,0,0,1,222,520
13867,13867,0,1,0,0,1,222,520
13868,13868,0,1,1,0,1,222,520
13869,13869,0,1,0,0,0,222,520
13870,13870,0,1,0,0,0,222,520
13871,13871,0,1,0,0,0,223,520
13872,13872,0,1,1,0,0,223,520
13873,13873,0,1,0,0,1,223,520
13874,13874,0,1,0,0,1,223,520
13875,13875,0,1,0,0,1,223,520
13876,13876,0,1,1,1,1,223,520
13877,13877,0,1,0,1,1,223,520
13878,13878,0,1,0,1,1,223,520
13879,13879,0,1,0,1,1,223,520
13880,13880,0,1,1,1,1,223,521
13881,13881,0,1,0,1,0,223,521
13882,13882,0,1,0,1,0,223,521
13883,13883,0,1,0,1,0,223,521
13884,13884,0,1,1,1,0,223,521
13885,13885,0,1,0,1,0,223,521
13886,13886,0,1,0,1,0,223,521
13887,13887,0,1,0,1,0,223,521
13888,13888,0,1,1,1,0,223,521
13889,13889,0,1,0,1,1,223,521
13890,13890,0,1,0,1,1,223,521
13891,13891,0,1,0,1,1,224,521
13892,13892,0,1,1,1,1,224,521
13893,13893,0,1,0,1,1,224,521
13894,13894,0,1,0,1,1,224,521
13895,13895,0,1,0,1,1,224,521
13896,13896,0,1,1,0,1,224,521
13897,13897,0,1,0,0,1,224,521
13898,13898,0,1,0,0,1,224,521
13899,13899,0,1,0,0,1,224,521
13900,13900,0,1,1,0,1,224,522
13901,13901,0,1,0,0,0,224,522
13902,13902,0,1,0,0,0,224,522
13903,13903,0,1,0,0,0,224,522
13904,13904,0,1,1,0,0,224,522
13905,13905,0,1,0,0,1,224,522
13906,13906,0,1,0,0,1,224,522
13907,13907,0,1,0,0,1,224,522
13908,13908,0,1,1,0,1,224,522
13909,13909,0,1,0,0,1,224,522
13910,13910,0,1,0,0,1,224,522
13911,13911,0,1,0,0,1,224,522
13912,13912,0,1,1,0,1,224,522
13913,13913,0,1,0,0,0,224,522
13914,13914,0,1,0,0,0,224,522
13915,13915,0,1,0,0,0,224,522
13916,13916,0,1,1,0,0,224,522
13917,13917,0,1,0,0,0,224,522
13918,13918,0,1,0,0,0,224,522
13919,13919,0,1,0,0,0,224,522
13920,13920,0,1,1,0,0,224,523
13921,13921,0,1,0,0,1,224,523
13922,13922,0,1,0,0,1,224,523
13923,13923,0,1,0,0,1,224,523
13924,13924,0,1,1,0,1,224,523
13925,13925,0,1,0,0,0,224,523
13926,13926,0,1,0,0,0,224,523
13927,13927,0,1,0,0,0,224,523
13928,13928,0,1,1,0,0,224,523
13929,13929,0,1,0,0,1,224,523
13930,13930,0,1,0,0,1,224,523
13931,13931,0,1,0,0,1,224,523
13932,13932,0,1,1,0,1,224,523
13933,13933,0,1,0,0,0,224,523
13934,13934,0,1,0,0,0,224,523
13935,13935,0,1,0,0,0,224,523
13936,13936,0,1,1,1,0,224,523
13937,13937,0,1,0,1,1,224,523
13938,13938,0,1,0,1,1,224,523
13939,13939,0,1,0,1,1,224,523
13940,13940,0,1,1,1,1,224,524
13941,13941,0,1,0,1,1,224,524
13942,13942,0,1,0,1,1,224,524
13943,13943,0,1,0,1,1,224,524
13944,13944,0,1,1,1,1,224,524
13945,13945,0,1,0,1,1,224,524
13946,13946,0,1,0,1,1,224,524
13947,13947,0,1,0,1,1,224,524
13948,13948,0,1,1,1,1,224,524
13949,13949,0,1,0,1,1,224,524
13950,13950,0,1,0,1,1,224,524
13951,13951,0,1,0,1,1,225,524
13952,13952,0,1,1,1,1,225,524
13953,13953,0,1,0,1,1,225,524
13954,13954,0,1,0,1,1,225,524
13955,13955,0,1,0,1,1,225,524
13956,13956,0,1,1,0,1,225,524
13957,13957,0,1,0,0,0,225,524
13958,13958,0,1,0,0,0,225,524
13959,13959,0,1,0,0,0,225,524
13960,13960,0,1,1,0,0,225,525
13961,13961,0,1,0,0,0,225,525
13962,13962,0,1,0,0,0,225,525
13963,13963,0,1,0,0,0,225,525
13964,13964,0,1,1,0,0,225,525
13965,13965,0,1,0,0,0,225,525
13966,13966,0,1,0,0,0,225,525
13967,13967,0,1,0,0,0,225,525
13968,13968,0,1,1,0,0,225,525
13969,13969,0,1,0,0,1,225,525
13970,13970,0,1,0,0,1,225,525
13971,13971,0,1,0,0,1,225,525
13972,13972,0,1,1,0,1,225,525
13973,13973,0,1,0,0,1,225,525
13974,13974,0,1,0,0,1,225,525
13975,13975,0,1,0,0,1,225,525
13976,13976,0,1,1,0,1,225,525
13977,13977,0,1,0,0,1,225,525
13978,13978,0,1,0,0,1,225,525
13979,13979,0,1,0,0,1,225,525
13980,13980,0,1,1,0,1,225,526
13981,13981,0,1,0,0,1,225,526
13982,13982,0,1,0,0,1,225,526
13983,13983,0,1,0,0,1,225,526
13984,13984,0,1,1,0,1,225,526
13985,13985,0,1,0,0,0,225,526
13986,13986,0,1,0,0,0,225,526
13987,13987,0,1,0,0,0,225,526
13988,13988,0,1,1,0,0,225,526
13989,13989,0,1,0,0,1,225,526
13990,13990,0,1,0,0,1,225,526
13991,13991,0,1,0,0,1,225,526
13992,13992,0,1,1,0,1,225,526
13993,13993,0,1,0,0,1,225,526
13994,13994,0,1,0,0,1,225,526
13995,13995,0,1,0,0,1,225,526
13996,13996,0,1,1,0,1,225,526
13997,13997,0,1,0,0,0,225,526
13998,13998,0,1,0,0,0,225,526
13999,13999,0,1,0,0,0,225,526
14000,14000,0,1,1,0,0,225,527
14001,14001,0,1,0,0,1,225,527
14002,14002,0,1,0,0,1,225,527
14003,14003,0,1,0,0,1,225,527
14004,14004,0,1,1,0,1,225,527
14005,14005,0,1,0,0,0,225,527
14006,14006,0,1,0,0,0,225,527
14007,14007,0,1,0,0,0,225,527
14008,14008,0,1,1,0,0,225,527
14009,14009,0,1,0,0,0,225,527
14010,14010,0,1,0,0,0,225,527
14011,14011,0,1,0,0,0,226,527
14012,14012,0,1,1,0,0,226,527
14013,14013,0,1,0,0,1,226,527
14014,14014,0,1,0,0,1,226,527
14015,14015,0,1,0,0,1,226,527
14016,14016,0,1,1,0,1,226,527
14017,14017,0,1,0,0,0,226,527
14018,14018,0,1,0,0,0,226,527
14019,14019,0,1,0,0,0,226,527
14020,14020,0,1,1,0,0,226,528
14021,14021,0,1,0,0,1,226,528
14022,14022,0,1,0,0,1,226,528
14023,14023,0,1,0,0,1,226,528
14024,14024,0,1,1,0,1,226,528
14025,14025,0,1,0,0,1,226,528
14026,14026,0,1,0,0,1,226,528
14027,14027,0,1,0,0,1,226,528
14028,14028,0,1,1,0,1,226,528
14029,14029,0,1,0,0,1,226,528
14030,14030,0,1,0,0,1,226,528
14031,14031,0,1,0,0,1,226,528
14032,14032,0,1,1,0,1,226,528
14033,14033,0,1,0,0,0,226,528
14034,14034,0,1,0,0,0,226,528
14035,14035,0,1,0,0,0,226,528
14036,14036,0,1,1,1,0,226,528
14037,14037,0,1,0,1,1,226,528
14038,14038,0,1,0,1,1,226,528
14039,14039,0,1,0,1,1,226,528
14040,14040,0,1,1,1,1,226,529
14041,14041,0,1,0,1,0,226,529
14042,14042,0,1,0,1,0,226,529
14043,14043,0,1,0,1,0,226,529
14044,14044,0,1,1,1,0,226,529
14045,14045,0,1,0,1,0,226,529
14046,14046,0,1,0,1,0,226,529
14047,14047,0,1,0,1,0,226,529
14048,14048,0,1,1,1,0,226,529
14049,14049,0,1,0,1,1,226,529
14050,14050,0,1,0,1,1,226,529
14051,14051,0,1,0,1,1,227,529
14052,14052,0,1,1,1,1,227,529
14053,14053,0,1,0,1,0,227,529
14054,14054,0,1,0,1,0,227,529
14055,14055,0,1,0,1,0,227,529
14056,14056,0,1,1,0,0,227,529
14057,14057,0,1,0,0,0,227,529
14058,14058,0,1,0,0,0,227,529
14059,14059,0,1,0,0,0,227,529
14060,14060,0,1,1,0,0,227,530
14061,14061,0,1,0,0,1,227,530
14062,14062,0,1,0,0,1,227,530
14063,14063,0,1,0,0,1,227,530
14064,14064,0,1,1,0,1,227,530
14065,14065,0,1,0,0,1,227,530
14066,14066,0,1,0,0,1,227,530
14067,14067,0,1,0,0,1,227,530
14068,14068,0,1,1,0,1,227,530
14069,14069,0,1,0,0,1,227,530
14070,14070,0,1,0,0,1,227,530
14071,14071,0,1,0,0,1,227,530
14072,14072,0,1,1,0,1,227,530
14073,14073,0,1,0,0,0,227,530
14074,14074,0,1,0,0,0,227,530
14075,14075,0,1,0,0,0,227,530
14076,14076,0,1,1,1,0,227,530
14077,14077,0,1,0,1,1,227,530
14078,14078,0,1,0,1,1,227,530
14079,14079,0,1,0,1,1,227,530
14080,14080,0,1,1,1,1,227,531
14081,14081,0,1,0,1,1,227,531
14082,14082,0,1,0,1,1,227,531
14083,14083,0,1,0,1,1,227,531
14084,14084,0,1,1,1,1,227,531
14085,14085,0,1,0,1,1,227,531
14086,14086,0,1,0,1,1,227,531
14087,14087,0,1,0,1,1,227,531
14088,14088,0,1,1,1,1,227,531
14089,14089,0,1,0,1,1,227,531
14090,14090,0,1,0,1,1,227,531
14091,14091,0,1,0,1,1,228,531
14092,14092,0,1,1,1,1,228,531
14093,14093,0,1,0,1,1,228,531
14094,14094,0,1,0,1,1,228,531
14095,14095,0,1,0,1,1,228,531
14096,14096,0,1,1,0,1,228,531
14097,14097,0,1,0,0,0,228,531
14098,14098,0,1,0,0,0,228,531
14099,14099,0,1,0,0,0,228,531
14100,14100,0,1,1,0,0,228,532
14101,14101,0,1,0,0,1,228,532
14102,14102,0,1,0,0,1,228,532
14103,14103,0,1,0,0,1,228,532
14104,14104,0,1,1,0,1,228,532
14105,14105,0,1,0,0,1,228,532
14106,14106,0,1,0,0,1,228,532
14107,14107,0,1,0,0,1,228,532
14108,14108,0,1,1,0,1,228,532
14109,14109,0,1,0,0,0,228,532
14110,14110,0,1,0,0,0,228,532
14111,14111,0,1,0,0,0,229,532
14112,14112,0,1,1,0,0,229,532
14113,14113,0,1,0,0,1,229,532
14114,14114,0,1,0,0,1,229,532
14115,14115,0,1,0,0,1,229,532
14116,14116,0,1,1,1,1,229,532
14117,14117,0,1,0,1,0,229,532
14118,14118,0,1,0,1,0,229,532
14119,14119,0,1,0,1,0,229,532
14120,14120,0,1,1,1,0,229,533
14121,14121,0,1,0,1,1,229,533
14122,14122,0,1,0,1,1,229,533
14123,14123,0,1,0,1,1,229,533
14124,14124,0,1,1,1,1,229,533
14125,14125,0,1,0,1,1,229,533
14126,14126,0,1,0,1,1,229,533
14127,14127,0,1,0,1,1,229,533
14128,14128,0,1,1,1,1,229,533
14129,14129,0,1,0,1,0,229,533
14130,14130,0,1,0,1,0,229,533
14131,14131,0,1,0,1,0,229,533
14132,14132,0,1,1,1,0,229,533
14133,14133,0,1,0,1,0,229,533
14134,14134,0,1,0,1,0,229,533
14135,14135,0,1,0,1,0,229,533
14136,14136,0,1,1,1,0,229,533
14137,14137,0,1,0,1,1,229,533
14138,14138,0,1,0,1,1,229,533
14139,14139,0,1,0,1,1,229,533
14140,14140,0,1,1,1,1,229,534
14141,14141,0,1,0,1,0,229,534
14142,14142,0,1,0,1,0,229,534
14143,14143,0,1,0,1,0,229,534
14144,14144,0,1,1,1,0,229,534
14145,14145,0,1,0,1,1,229,534
14146,14146,0,1,0,1,1,229,534
14147,14147,0,1,0,1,1,229,534
14148,14148,0,1,1,1,1,229,534
14149,14149,0,1,0,1,1,229,534
14150,14150,0,1,0,1,1,229,534
14151,14151,0,1,0,1,1,230,534
14152,14152,0,1,1,1,1,230,534
14153,14153,0,1,0,1,0,230,534
14154,14154,0,1,0,1,0,230,534
14155,14155,0,1,0,1,0,230,534
14156,14156,0,1,1,0,0,230,534
14157,14157,0,1,0,0,1,230,534
14158,14158,0,1,0,0,1,230,534
14159,14159,0,1,0,0,1,230,534
14160,14160,0,1,1,0,1,230,535
14161,14161,0,1,0,0,1,230,535
14162,14162,0,1,0,0,1,230,535
14163,14163,0,1,0,0,1,230,535
14164,14164,0,1,1,0,1,230,535
14165,14165,0,1,0,0,0,230,535
14166,14166,0,1,0,0,0,230,535
14167,14167,0,1,0,0,0,230,535
14168,14168,0,1,1,0,0,230,535
14169,14169,0,1,0,0,1,230,535
14170,14170,0,1,0,0,1,230,535
14171,14171,0,1,0,0,1,230,535
14172,14172,0,1,1,0,1,230,535
14173,14173,0,1,0,0,1,230,535
14174,14174,0,1,0,0,1,230,535
14175,14175,0,1,0,0,1,230,535
14176,14176,0,1,1,0,1,230,535
14177,14177,0,1,0,0,1,230,535
14178,14178,0,1,0,0,1,230,535
14179,14179,0,1,0,0,1,230,535
14180,14180,0,1,1,0,1,230,536
14181,14181,0,1,0,0,1,230,536
14182,14182,0,1,0,0,1,230,536
14183,14183,0,1,0,0,1,230,536
14184,14184,0,1,1,0,1,230,536
14185,14185,0,1,0,0,0,230,536
14186,14186,0,1,0,0,0,230,536
14187,14187,0,1,0,0,0,230,536
14188,14188,0,1,1,0,0,230,536
14189,14189,0,1,0,0,1,230,536
14190,14190,0,1,0,0,1,230,536
14191,14191,0,1,0,0,1,230,536
14192,14192,0,1,1,0,1,230,536
14193,14193,0,1,0,0,1,230,536
14194,14194,0,1,0,0,1,230,536
14195,14195,0,1,0,0,1,230,536
14196,14196,0,1,1,1,1,230,536
14197,14197,0,1,0,1,1,230,536
14198,14198,0,1,0,1,1,230,536
14199,14199,0,1,0,1,1,230,536
14200,14200,0,1,1,1,1,230,537
14201,14201,0,1,0,1,0,230,537
14202,14202,0,1,0,1,0,230,537
14203,14203,0,1,0,1,0,230,537
14204,14204,0,1,1,1,0,230,537
14205,14205,0,1,0,1,0,230,537
14206,14206,0,1,0,1,0,230,537
14207,14207,0,1,0,1,0,230,537
14208,14208,0,1,1,1,0,230,537
14209,14209,0,1,0,1,1,230,537
14210,14210,0,1,0,1,1,230,537
14211,14211,0,1,0,1,1,231,537
14212,14212,0,1,1,1,1,231,537
14213,14213,0,1,0,1,0,231,537
14214,14214,0,1,0,1,0,231,537
14215,14215,0,1,0,1,0,231,537
14216,14216,0,1,1,1,0,231,537
14217,14217,0,1,0,1,1,231,537
14218,14218,0,1,0,1,1,231,537
14219,14219,0,1,0,1,1,231,537
14220,14220,0,1,1,1,1,231,538
14221,14221,0,1,0,1,1,231,538
14222,14222,0,1,0,1,1,231,538
14223,14223,0,1,0,1,1,231,538
14224,14224,0,1,1,1,1,231,538
14225,14225,0,1,0,1,0,231,538
14226,14226,0,1,0,1,0,231,538
14227,14227,0,1,0,1,0,231,538
14228,14228,0,1,1,1,0,231,538
14229,14229,0,1,0,1,1,231,538
14230,14230,0,1,0,1,1,231,538
14231,14231,0,1,0,1,1,232,538
14232,14232,0,1,1,1,1,232,538
14233,14233,0,1,0,1,0,232,538
14234,14234,0,1,0,1,0,232,538
14235,14235,0,1,0,1,0,232,538
14236,14236,0,1,1,1,0,232,538
14237,14237,0,1,0,1,0,232,538
14238,14238,0,1,0,1,0,232,538
14239,14239,0,1,0,1,0,232,538
14240,14240,0,1,1,1,0,232,539
14241,14241,0,1,0,1,1,232,539
14242,14242,0,1,0,1,1,232,539
14243,14243,0,1,0,1,1,232,539
14244,14244,0,1,1,1,1,232,539
14245,14245,0,1,0,1,0,232,539
14246,14246,0,1,0,1,0,232,539
14247,14247,0,1,0,1,0,232,539
14248,14248,0,1,1,1,0,232,539
14249,14249,0,1,0,1,1,232,539
14250,14250,0,1,0,1,1,232,539
14251,14251,0,1,0,1,1,233,539
14252,14252,0,1,1,1,1,233,539
14253,14253,0,1,0,1,1,233,539
14254,14254,0,1,0,1,1,233,539
14255,14255,0,1,0,1,1,233,539
14256,14256,0,1,1,1,1,233,539
14257,14257,0,1,0,1,0,233,539
14258,14258,0,1,0,1,0,233,539
14259,14259,0,1,0,1,0,233,539
14260,14260,0,1,1,1,0,233,540
14261,14261,0,1,0,1,1,233,540
14262,14262,0,1,0,1,1,233,540
14263,14263,0,1,0,1,1,233,540
14264,14264,0,1,1,1,1,233,540
14265,14265,0,1,0,1,1,233,540
14266,14266,0,1,0,1,1,233,540
14267,14267,0,1,0,1,1,233,540
14268,14268,0,1,1,1,1,233,540
14269,14269,0,1,0,1,0,233,540
14270,14270,0,1,0,1,0,233,540
14271,14271,0,1,0,1,0,233,540
14272,14272,0,1,1,1,0,233,540
14273,14273,0,1,0,1,1,233,540
14274,14274,0,1,0,1,1,233,540
14275,14275,0,1,0,1,1,233,540
14276,14276,0,1,1,0,1,233,540
14277,14277,0,1,0,0,0,233,540
14278,14278,0,1,0,0,0,233,540
14279,14279,0,1,0,0,0,233,540
14280,14280,0,1,1,0,0,233,541
14281,14281,0,1,0,0,1,233,541
14282,14282,0,1,0,0,1,233,541
14283,14283,0,1,0,0,1,233,541
14284,14284,0,1,1,0,1,233,541
14285,14285,0,1,0,0,0,233,541
14286,14286,0,1,0,0,0,233,541
14287,14287,0,1,0,0,0,233,541
14288,14288,0,1,1,0,0,233,541
14289,14289,0,1,0,0,0,233,541
14290,14290,0,1,0,0,0,233,541
14291,14291,0,1,0,0,0,234,541
14292,14292,0,1,1,0,0,234,541
14293,14293,0,1,0,0,0,234,541
14294,14294,0,1,0,0,0,234,541
14295,14295,0,1,0,0,0,234,541
14296,14296,0,1,1,0,0,234,541
14297,14297,0,1,0,0,1,234,541
14298,14298,0,1,0,0,1,234,541
14299,14299,0,1,0,0,1,234,541
14300,14300,0,1,1,0,1,234,542
14301,14301,0,1,0,0,1,234,542
14302,14302,0,1,0,0,1,234,542
14303,14303,0,1,0,0,1,234,542
14304,14304,0,1,1,0,1,234,542
14305,14305,0,1,0,0,0,234,542
14306,14306,0,1,0,0,0,234,542
14307,14307,0,1,0,0,0,234,542
14308,14308,0,1,1,0,0,234,542
14309,14309,0,1,0,0,0,234,542
14310,14310,0,1,0,0,0,234,542
14311,14311,0,1,0,0,0,235,542
14312,14312,0,1,1,0,0,235,542
14313,14313,0,1,0,0,1,235,542
14314,14314,0,1,0,0,1,235,542
14315,14315,0,1,0,0,1,235,542
14316,14316,0,1,1,0,1,235,542
14317,14317,0,1,0,0,1,235,542
14318,14318,0,1,0,0,1,235,542
14319,14319,0,1,0,0,1,235,542
14320,14320,0,1,1,0,1,235,543
14321,14321,0,1,0,0,0,235,543
14322,14322,0,1,0,0,0,235,543
14323,14323,0,1,0,0,0,235,543
14324,14324,0,1,1,0,0,235,543
14325,14325,0,1,0,0,1,235,543
14326,14326,0,1,0,0,1,235,543
14327,14327,0,1,0,0,1,235,543
14328,14328,0,1,1,0,1,235,543
14329,14329,0,1,0,0,1,235,543
14330,14330,0,1,0,0,1,235,543
14331,14331,0,1,0,0,1,235,543
14332,14332,0,1,1,0,1,235,543
14333,14333,0,1,0,0,1,235,543
14334,14334,0,1,0,0,1,235,543
14335,14335,0,1,0,0,1,235,543
14336,14336,0,1,1,1,1,235,543
14337,14337,0,1,0,1,1,235,543
14338,14338,0,1,0,1,1,235,543
14339,14339,0,1,0,1,1,235,543
14340,14340,0,1,1,1,1,235,544
14341,14341,0,1,0,1,0,235,544
14342,14342,0,1,0,1,0,235,544
14343,14343,0,1,0,1,0,235,544
14344,14344,0,1,1,1,0,235,544
14345,14345,0,1,0,1,0,235,544
14346,14346,0,1,0,1,0,235,544
14347,14347,0,1,0,1,0,235,544
14348,14348,0,1,1,1,0,235,544
14349,14349,0,1,0,1,1,235,544
14350,14350,0,1,0,1,1,235,544
14351,14351,0,1,0,1,1,236,544
14352,14352,0,1,1,1,1,236,544
14353,14353,0,1,0,1,1,236,544
14354,14354,0,1,0,1,1,236,544
14355,14355,0,1,0,1,1,236,544
14356,14356,0,1,1,0,1,236,544
14357,14357,0,1,0,0,0,236,544
14358,14358,0,1,0,0,0,236,544
14359,14359,0,1,0,0,0,236,544
14360,14360,0,1,1,0,0,236,545
14361,14361,0,1,0,0,1,236,545
14362,14362,0,1,0,0,1,236,545
14363,14363,0,1,0,0,1,236,545
14364,14364,0,1,1,0,1,236,545
14365,14365,0,1,0,0,1,236,545
14366,14366,0,1,0,0,1,236,545
14367,14367,0,1,0,0,1,236,545
14368,14368,0,1,1,0,1,236,545
14369,14369,0,1,0,0,0,236,545
14370,14370,0,1,0,0,0,236,545
14371,14371,0,1,0,0,0,237,545
14372,14372,0,1,1,0,0,237,545
14373,14373,0,1,0,0,1,237,545
14374,14374,0,1,0,0,1,237,545
14375,14375,0,1,0,0,1,237,545
14376,14376,0,1,1,1,1,237,545
14377,14377,0,1,0,1,1,237,545
14378,14378,0,1,0,1,1,237,545
14379,14379,0,1,0,1,1,237,545
14380,14380,0,1,1,1,1,237,546
14381,14381,0,1,0,1,1,237,546
14382,14382,0,1,0,1,1,237,546
14383,14383,0,1,0,1,1,237,546
14384,14384,0,1,1,1,1,237,546
14385,14385,0,1,0,1,0,237,546
14386,14386,0,1,0,1,0,237,546
14387,14387,0,1,0,1,0,237,546
14388,14388,0,1,1,1,0,237,546
14389,14389,0,1,0,1,0,237,546
14390,14390,0,1,0,1,0,237,546
14391,14391,0,1,0,1,0,237,546
14392,14392,0,1,1,1,0,237,546
14393,14393,0,1,0,1,1,237,546
14394,14394,0,1,0,1,1,237,546
14395,14395,0,1,0,1,1,237,546
14396,14396,0,1,1,0,1,237,546
14397,14397,0,1,0,0,0,237,546
14398,14398,0,1,0,0,0,237,546
14399,14399,0,1,0,0,0,237,546
14400,14400,0,1,1,0,0,237,547
14401,14401,0,1,0,0,1,237,547
14402,14402,0,1,0,0,1,237,547
14403,14403,0,1,0,0,1,237,547
14404,14404,0,1,1,0,1,237,547
14405,14405,0,1,0,0,0,237,547
14406,14406,0,1,0,0,0,237,547
14407,14407,0,1,0,0,0,237,547
14408,14408,0,1,1,0,0,237,547
14409,14409,0,1,0,0,1,237,547
14410,14410,0,1,0,0,1,237,547
14411,14411,0,1,0,0,1,237,547
14412,14412,0,1,1,0,1,237,547
14413,14413,0,1,0,0,1,237,547
14414,14414,0,1,0,0,1,237,547
14415,14415,0,1,0,0,1,237,547
14416,14416,0,1,1,0,1,237,547
14417,14417,0,1,0,0,0,237,547
14418,14418,0,1,0,0,0,237,547
14419,14419,0,1,0,0,0,237,547
14420,14420,0,1,1,0,0,237,548
14421,14421,0,1,0,0,0,237,548
14422,14422,0,1,0,0,0,237,548
14423,14423,0,1,0,0,0,237,548
14424,14424,0,1,1,0,0,237,548
14425,14425,0,1,0,0,1,237,548
14426,14426,0,1,0,0,1,237,548
14427,14427,0,1,0,0,1,237,548
14428,14428,0,1,1,0,1,237,548
14429,14429,0,1,0,0,1,237,548
14430,14430,0,1,0,0,1,237,548
14431,14431,0,1,0,0,1,237,548
14432,14432,0,1,1,0,1,237,548
14433,14433,0,1,0,0,1,237,548
14434,14434,0,1,0,0,1,237,548
14435,14435,0,1,0,0,1,237,548
14436,14436,0,1,1,1,1,237,548
14437,14437,0,1,0,1,0,237,548
14438,14438,0,1,0,1,0,237,548
14439,14439,0,1,0,1,0,237,548
14440,14440,0,1,1,1,0,237,549
14441,14441,0,1,0,1,1,237,549
14442,14442,0,1,0,1,1,237,549
14443,14443,0,1,0,1,1,237,549
14444,14444,0,1,1,1,1,237,549
14445,14445,0,1,0,1,0,237,549
14446,14446,0,1,0,1,0,237,549
14447,14447,0,1,0,1,0,237,549
14448,14448,0,1,1,1,0,237,549
14449,14449,0,1,0,1,0,237,549
14450,14450,0,1,0,1,0,237,549
14451,14451,0,1,0,1,0,237,549
14452,14452,0,1,1,1,0,237,549
14453,14453,0,1,0,1,0,237,549
14454,14454,0,1,0,1,0,237,549
14455,14455,0,1,0,1,0,237,549
14456,14456,0,1,1,0,0,237,549
14457,14457,0,1,0,0,0,237,549
14458,14458,0,1,0,0,0,237,549
14459,14459,0,1,0,0,0,237,549
14460,14460,0,1,1,0,0,237,550
14461,14461,0,1,0,0,1,237,550
14462,14462,0,1,0,0,1,237,550
14463,14463,0,1,0,0,1,237,550
14464,14464,0,1,1,0,1,237,550
14465,14465,0,1,0,0,1,237,550
14466,14466,0,1,0,0,1,237,550
14467,14467,0,1,0,0,1,237,550
14468,14468,0,1,1,0,1,237,550
14469,14469,0,1,0,0,1,237,550
14470,14470,0,1,0,0,1,237,550
14471,14471,0,1,0,0,1,237,550
14472,14472,0,1,1,0,1,237,550
14473,14473,0,1,0,0,0,237,550
14474,14474,0,1,0,0,0,237,550
14475,14475,0,1,0,0,0,237,550
14476,14476,0,1,1,0,0,237,550
14477,14477,0,1,0,0,0,237,550
14478,14478,0,1,0,0,0,237,550
14479,14479,0,1,0,0,0,237,550
14480,14480,0,1,1,0,0,237,551
14481,14481,0,1,0,0,0,237,551
14482,14482,0,1,0,0,0,237,551
14483,14483,0,1,0,0,0,237,551
14484,14484,0,1,1,0,0,237,551
14485,14485,0,1,0,0,1,237,551
14486,14486,0,1,0,0,1,237,551
14487,14487,0,1,0,0,1,237,551
14488,14488,0,1,1,0,1,237,551
14489,14489,0,1,0,0,0,237,551
14490,14490,0,1,0,0,0,237,551
14491,14491,0,1,0,0,0,238,551
14492,14492,0,1,1,0,0,238,551
14493,14493,0,1,0,0,1,238,551
14494,14494,0,1,0,0,1,238,551
14495,14495,0,1,0,0,1,238,551
14496,14496,0,1,1,1,1,238,551
14497,14497,0,1,0,1,1,238,551
14498,14498,0,1,0,1,1,238,551
14499,14499,0,1,0,1,1,238,551
14500,14500,0,1,1,1,1,238,552
14501,14501,0,1,0,1,0,238,552
14502,14502,0,1,0,1,0,238,552
14503,14503,0,1,0,1,0,238,552
14504,14504,0,1,1,1,0,238,552
14505,14505,0,1,0,1,1,238,552
14506,14506,0,1,0,1,1,238,552
14507,14507,0,1,0,1,1,238,552
14508,14508,0,1,1,1,1,238,552
14509,14509,0,1,0,1,1,238,552
14510,14510,0,1,0,1,1,238,552
14511,14511,0,1,0,1,1,239,552
14512,14512,0,1,1,1,1,239,552
14513,14513,0,1,0,1,0,239,552
14514,14514,0,1,0,1,0,239,552
14515,14515,0,1,0,1,0,239,552
14516,14516,0,1,1,0,0,239,552
14517,14517,0,1,0,0,0,239,552
14518,14518,0,1,0,0,0,239,552
14519,14519,0,1,0,0,0,239,552
14520,14520,0,1,1,0,0,239,553
14521,14521,0,1,0,0,1,239,553
14522,14522,0,1,0,0,1,239,553
14523,14523,0,1,0,0,1,239,553
14524,14524,0,1,1,0,1,239,553
14525,14525,0,1,0,0,1,239,553
14526,14526,0,1,0,0,1,239,553
14527,14527,0,1,0,0,1,239,553
14528,14528,0,1,1,0,1,239,553
14529,14529,0,1,0,0,1,239,553
14530,14530,0,1,0,0,1,239,553
14531,14531,0,1,0,0,1,239,553
14532,14532,0,1,1,0,1,239,553
14533,14533,0,1,0,0,1,239,553
14534,14534,0,1,0,0,1,239,553
14535,14535,0,1,0,0,1,239,553
14536,14536,0,1,1,0,1,239,553
14537,14537,0,1,0,0,1,239,553
14538,14538,0,1,0,0,1,239,553
14539,14539,0,1,0,0,1,239,553
14540,14540,0,1,1,0,1,239,554
14541,14541,0,1,0,0,1,239,554
14542,14542,0,1,0,0,1,239,554
14543,14543,0,1,0,0,1,239,554
14544,14544,0,1,1,0,1,239,554
14545,14545,0,1,0,0,1,239,554
14546,14546,0,1,0,0,1,239,554
14547,14547,0,1,0,0,1,239,554
14548,14548,0,1,1,0,1,239,554
14549,14549,0,1,0,0,1,239,554
14550,14550,0,1,0,0,1,239,554
14551,14551,0,1,0,0,1,239,554
14552,14552,0,1,1,0,1,239,554
14553,14553,0,1,0,0,0,239,554
14554,14554,0,1,0,0,0,239,554
14555,14555,0,1,0,0,0,239,554
14556,14556,0,1,1,0,0,239,554
14557,14557,0,1,0,0,1,239,554
14558,14558,0,1,0,0,1,239,554
14559,14559,0,1,0,0,1,239,554
14560,14560,0,1,1,0,1,239,555
14561,14561,0,1,0,0,0,239,555
14562,14562,0,1,0,0,0,239,555
14563,14563,0,1,0,0,0,239,555
14564,14564,0,1,1,0,0,239,555
14565,14565,0,1,0,0,1,239,555
14566,14566,0,1,0,0,1,239,555
14567,14567,0,1,0,0,1,239,555
14568,14568,0,1,1,0,1,239,555
14569,14569,0,1,0,0,1,239,555
14570,14570,0,1,0,0,1,239,555
14571,14571,0,1,0,0,1,239,555
14572,14572,0,1,1,0,1,239,555
14573,14573,0,1,0,0,1,239,555
14574,14574,0,1,0,0,1,239,555
14575,14575,0,1,0,0,1,239,555
14576,14576,0,1,1,1,1,239,555
14577,14577,0,1,0,1,1,239,555
14578,14578,0,1,0,1,1,239,555
14579,14579,0,1,0,1,1,239,555
14580,14580,0,1,1,1,1,239,556
14581,14581,0,1,0,1,0,239,556
14582,14582,0,1,0,1,0,239,556
14583,14583,0,1,0,1,0,239,556
14584,14584,0,1,1,1,0,239,556
14585,14585,0,1,0,1,0,239,556
14586,14586,0,1,0,1,0,239,556
14587,14587,0,1,0,1,0,239,556
14588,14588,0,1,1,1,0,239,556
14589,14589,0,1,0,1,0,239,556
14590,14590,0,1,0,1,0,239,556
14591,14591,0,1,0,1,0,239,556
14592,14592,0,1,1,1,0,239,556
14593,14593,0,1,0,1,1,239,556
14594,14594,0,1,0,1,1,239,556
14595,14595,0,1,0,1,1,239,556
14596,14596,0,1,1,1,1,239,556
14597,14597,0,1,0,1,1,239,556
14598,14598,0,1,0,1,1,239,556
14599,14599,0,1,0,1,1,239,556
14600,14600,0,1,1,1,1,239,557
14601,14601,0,1,0,1,1,239,557
14602,14602,0,1,0,1,1,239,557
14603,14603,0,1,0,1,1,239,557
14604,14604,0,1,1,1,1,239,557
14605,14605,0,1,0,1,0,239,557
14606,14606,0,1,0,1,0,239,557
14607,14607,0,1,0,1,0,239,557
14608,14608,0,1,1,1,0,239,557
14609,14609,0,1,0,1,0,239,557
14610,14610,0,1,0,1,0,239,557
14611,14611,0,1,0,1,0,239,557
14612,14612,0,1,1,1,0,239,557
14613,14613,0,1,0,1,1,239,557
14614,14614,0,1,0,1,1,239,557
14615,14615,0,1,0,1,1,239,557
14616,14616,0,1,1,1,1,239,557
14617,14617,0,1,0,1,1,239,557
14618,14618,0,1,0,1,1,239,557
14619,14619,0,1,0,1,1,239,557
14620,14620,0,1,1,1,1,239,558
14621,14621,0,1,0,1,0,239,558
14622,14622,0,1,0,1,0,239,558
14623,14623,0,1,0,1,0,239,558
14624,14624,0,1,1,1,0,239,558
14625,14625,0,1,0,1,1,239,558
14626,14626,0,1,0,1,1,239,558
14627,14627,0,1,0,1,1,239,558
14628,14628,0,1,1,1,1,239,558
14629,14629,0,1,0,1,0,239,558
14630,14630,0,1,0,1,0,239,558
14631,14631,0,1,0,1,0,239,558
14632,14632,0,1,1,1,0,239,558
14633,14633,0,1,0,1,0,239,558
14634,14634,0,1,0,1,0,239,558
14635,14635,0,1,0,1,0,239,558
14636,14636,0,1,1,0,0,239,558
14637,14637,0,1,0,0,1,239,558
14638,14638,0,1,0,0,1,239,558
14639,14639,0,1,0,0,1,239,558
14640,14640,0,1,1,0,1,239,559
14641,14641,0,1,0,0,0,239,559
14642,14642,0,1,0,0,0,239,559
14643,14643,0,1,0,0,0,239,559
14644,14644,0,1,1,0,0,239,559
14645,14645,0,1,0,0,1,239,559
14646,14646,0,1,0,0,1,239,559
14647,14647,0,1,0,0,1,239,559
14648,14648,0,1,1,0,1,239,559
14649,14649,0,1,0,0,1,239,559
14650,14650,0,1,0,0,1,239,559
14651,14651,0,1,0,0,1,239,559
14652,14652,0,1,1,0,1,239,559
14653,14653,0,1,0,0,1,239,559
14654,14654,0,1,0,0,1,239,559
14655,14655,0,1,0,0,1,239,559
14656,14656,0,1,1,0,1,239,559
14657,14657,0,1,0,0,1,239,559
14658,14658,0,1,0,0,1,239,559
14659,14659,0,1,0,0,1,239,559
14660,14660,0,1,1,0,1,239,560
14661,14661,0,1,0,0,1,239,560
14662,14662,0,1,0,0,1,239,560
14663,14663,0,1,0,0,1,239,560
14664,14664,0,1,1,0,1,239,560
14665,14665,0,1,0,0,1,239,560
14666,14666,0,1,0,0,1,239,560
14667,14667,0,1,0,0,1,239,560
14668,14668,0,1,1,0,1,239,560
14669,14669,0,1,0,0,1,239,560
14670,14670,0,1,0,0,1,239,560
14671,14671,0,1,0,0,1,239,560
14672,14672,0,1,1,0,1,239,560
14673,14673,0,1,0,0,1,239,560
14674,14674,0,1,0,0,1,239,560
14675,14675,0,1,0,0,1,239,560
14676,14676,0,1,1,1,1,239,560
14677,14677,0,1,0,1,1,239,560
14678,14678,0,1,0,1,1,239,560
14679,14679,0,1,0,1,1,239,560
14680,14680,0,1,1,1,1,239,561
14681,14681,0,1,0,1,1,239,561
14682,14682,0,1,0,1,1,239,561
14683,14683,0,1,0,1,1,239,561
14684,14684,0,1,1,1,1,239,561
14685,14685,0,1,0,1,0,239,561
14686,14686,0,1,0,1,0,239,561
14687,14687,0,1,0,1,0,239,561
14688,14688,0,1,1,1,0,239,561
14689,14689,0,1,0,1,0,239,561
14690,14690,0,1,0,1,0,239,561
14691,14691,0,1,0,1,0,239,561
14692,14692,0,1,1,1,0,239,561
14693,14693,0,1,0,1,1,239,561
14694,14694,0,1,0,1,1,239,561
14695,14695,0,1,0,1,1,239,561
14696,14696,0,1,1,1,1,239,561
14697,14697,0,1,0,1,1,239,561
14698,14698,0,1,0,1,1,239,561
14699,14699,0,1,0,1,1,239,561
14700,14700,0,1,1,1,1,239,562
14701,14701,0,1,0,1,0,239,562
14702,14702,0,1,0,1,0,239,562
14703,14703,0,1,0,1,0,239,562
14704,14704,0,1,1,1,0,239,562
14705,14705,0,1,0,1,1,239,562
14706,14706,0,1,0,1,1,239,562
14707,14707,0,1,0,1,1,239,562
14708,14708,0,1,1,1,1,239,562
14709,14709,0,1,0,1,0,239,562
14710,14710,0,1,0,1,0,239,562
14711,14711,0,1,0,1,0,239,562
14712,14712,0,1,1,1,0,239,562
14713,14713,0,1,0,1,0,239,562
14714,14714,0,1,0,1,0,239,562
14715,14715,0,1,0,1,0,239,562
14716,14716,0,1,1,0,0,239,562
14717,14717,0,1,0,0,0,239,562
14718,14718,0,1,0,0,0,239,562
14719,14719,0,1,0,0,0,239,562
14720,14720,0,1,1,0,0,239,563
14721,14721,0,1,0,0,1,239,563
14722,14722,0,1,0,0,1,239,563
14723,14723,0,1,0,0,1,239,563
14724,14724,0,1,1,0,1,239,563
14725,14725,0,1,0,0,1,239,563
14726,14726,0,1,0,0,1,239,563
14727,14727,0,1,0,0,1,239,563
14728,14728,0,1,1,0,1,239,563
14729,14729,0,1,0,0,0,239,563
14730,14730,0,1,0,0,0,239,563
14731,14731,0,1,0,0,0,240,563
14732,14732,0,1,1,0,0,240,563
14733,14733,0,1,0,0,1,240,563
14734,14734,0,1,0,0,1,240,563
14735,14735,0,1,0,0,1,240,563
14736,14736,0,1,1,0,1,240,563
14737,14737,0,1,0,0,1,240,563
14738,14738,0,1,0,0,1,240,563
14739,14739,0,1,0,0,1,240,563
14740,14740,0,1,1,0,1,240,564
14741,14741,0,1,0,0,0,240,564
14742,14742,0,1,0,0,0,240,564
14743,14743,0,1,0,0,0,240,564
14744,14744,0,1,1,0,0,240,564
14745,14745,0,1,0,0,0,240,564
14746,14746,0,1,0,0,0,240,564
14747,14747,0,1,0,0,0,240,564
14748,14748,0,1,1,0,0,240,564
14749,14749,0,1,0,0,1,240,564
14750,14750,0,1,0,0,1,240,564
14751,14751,0,1,0,0,1,240,564
14752,14752,0,1,1,0,1,240,564
14753,14753,0,1,0,0,1,240,564
14754,14754,0,1,0,0,1,240,564
14755,14755,0,1,0,0,1,240,564
14756,14756,0,1,1,1,1,240,564
14757,14757,0,1,0,1,1,240,564
14758,14758,0,1,0,1,1,240,564
14759,14759,0,1,0,1,1,240,564
14760,14760,0,1,1,1,1,240,565
14761,14761,0,1,0,1,1,240,565
14762,14762,0,1,0,1,1,240,565
14763,14763,0,1,0,1,1,240,565
14764,14764,0,1,1,1,1,240,565
14765,14765,0,1,0,1,1,240,565
14766,14766,0,1,0,1,1,240,565
14767,14767,0,1,0,1,1,240,565
14768,14768,0,1,1,1,1,240,565
14769,14769,0,1,0,1,0,240,565
14770,14770,0,1,0,1,0,240,565
14771,14771,0,1,0,1,0,240,565
14772,14772,0,1,1,1,0,240,565
14773,14773,0,1,0,1,0,240,565
14774,14774,0,1,0,1,0,240,565
14775,14775,0,1,0,1,0,240,565
14776,14776,0,1,1,1,0,240,565
14777,14777,0,1,0,1,1,240,565
14778,14778,0,1,0,1,1,240,565
14779,14779,0,1,0,1,1,240,565
14780,14780,0,1,1,1,1,240,566
14781,14781,0,1,0,1,0,240,566
14782,14782,0,1,0,1,0,240,566
14783,14783,0,1,0,1,0,240,566
14784,14784,0,1,1,1,0,240,566
14785,14785,0,1,0,1,1,240,566
14786,14786,0,1,0,1,1,240,566
14787,14787,0,1,0,1,1,240,566
14788,14788,0,1,1,1,1,240,566
14789,14789,0,1,0,1,1,240,566
14790,14790,0,1,0,1,1,240,566
14791,14791,0,1,0,1,1,241,566
14792,14792,0,1,1,1,1,241,566
14793,14793,0,1,0,1,1,241,566
14794,14794,0,1,0,1,1,241,566
14795,14795,0,1,0,1,1,241,566
14796,14796,0,1,1,1,1,241,566
14797,14797,0,1,0,1,0,241,566
14798,14798,0,1,0,1,0,241,566
14799,14799,0,1,0,1,0,241,566
14800,14800,0,1,1,1,0,241,567
14801,14801,0,1,0,1,0,241,567
14802,14802,0,1,0,1,0,241,567
14803,14803,0,1,0,1,0,241,567
14804,14804,0,1,1,1,0,241,567
14805,14805,0,1,0,1,0,241,567
14806,14806,0,1,0,1,0,241,567
14807,14807,0,1,0,1,0,241,567
14808,14808,0,1,1,1,0,241,567
14809,14809,0,1,0,1,0,241,567
14810,14810,0,1,0,1,0,241,567
14811,14811,0,1,0,1,0,241,567
14812,14812,0,1,1,1,0,241,567
14813,14813,0,1,0,1,1,241,567
14814,14814,0,1,0,1,1,241,567
14815,14815,0,1,0,1,1,241,567
14816,14816,0,1,1,0,1,241,567
14817,14817,0,1,0,0,1,241,567
14818,14818,0,1,0,0,1,241,567
14819,14819,0,1,0,0,1,241,567
14820,14820,0,1,1,0,1,241,568
14821,14821,0,1,0,0,0,241,568
14822,14822,0,1,0,0,0,241,568
14823,14823,0,1,0,0,0,241,568
14824,14824,0,1,1,0,0,241,568
14825,14825,0,1,0,0,1,241,568
14826,14826,0,1,0,0,1,241,568
14827,14827,0,1,0,0,1,241,568
14828,14828,0,1,1,0,1,241,568
14829,14829,0,1,0,0,1,241,568
14830,14830,0,1,0,0,1,241,568
14831,14831,0,1,0,0,1,241,568
14832,14832,0,1,1,0,1,241,568
14833,14833,0,1,0,0,1,241,568
14834,14834,0,1,0,0,1,241,568
14835,14835,0,1,0,0,1,241,568
14836,14836,0,1,1,1,1,241,568
14837,14837,0,1,0,1,0,241,568
14838,14838,0,1,0,1,0,241,568
14839,14839,0,1,0,1,0,241,568
14840,14840,0,1,1,1,0,241,569
14841,14841,0,1,0,1,1,241,569
14842,14842,0,1,0,1,1,241,569
14843,14843,0,1,0,1,1,241,569
14844,14844,0,1,1,1,1,241,569
14845,14845,0,1,0,1,0,241,569
14846,14846,0,1,0,1,0,241,569
14847,14847,0,1,0,1,0,241,569
14848,14848,0,1,1,1,0,241,569
14849,14849,0,1,0,1,0,241,569
14850,14850,0,1,0,1,0,241,569
14851,14851,0,1,0,1,0,241,569
14852,14852,0,1,1,1,0,241,569
14853,14853,0,1,0,1,0,241,569
14854,14854,0,1,0,1,0,241,569
14855,14855,0,1,0,1,0,241,569
14856,14856,0,1,1,1,0,241,569
14857,14857,0,1,0,1,1,241,569
14858,14858,0,1,0,1,1,241,569
14859,14859,0,1,0,1,1,241,569
14860,14860,0,1,1,1,1,241,570
14861,14861,0,1,0,1,1,241,570
14862,14862,0,1,0,1,1,241,570
14863,14863,0,1,0,1,1,241,570
14864,14864,0,1,1,1,1,241,570
14865,14865,0,1,0,1,0,241,570
14866,14866,0,1,0,1,0,241,570
14867,14867,0,1,0,1,0,241,570
14868,14868,0,1,1,1,0,241,570
14869,14869,0,1,0,1,1,241,570
14870,14870,0,1,0,1,1,241,570
14871,14871,0,1,0,1,1,242,570
14872,14872,0,1,1,1,1,242,570
14873,14873,0,1,0,1,1,242,570
14874,14874,0,1,0,1,1,242,570
14875,14875,0,1,0,1,1,242,570
14876,14876,0,1,1,1,1,242,570
14877,14877,0,1,0,1,0,242,570
14878,14878,0,1,0,1,0,242,570
14879,14879,0,1,0,1,0,242,570
14880,14880,0,1,1,1,0,242,571
14881,14881,0,1,0,1,0,242,571
14882,14882,0,1,0,1,0,242,571
14883,14883,0,1,0,1,0,242,571
14884,14884,0,1,1,1,0,242,571
14885,14885,0,1,0,1,0,242,571
14886,14886,0,1,0,1,0,242,571
14887,14887,0,1,0,1,0,242,571
14888,14888,0,1,1,1,0,242,571
14889,14889,0,1,0,1,0,242,571
14890,14890,0,1,0,1,0,242,571
14891,14891,0,1,0,1,0,242,571
14892,14892,0,1,1,1,0,242,571
14893,14893,0,1,0,1,1,242,571
14894,14894,0,1,0,1,1,242,571
14895,14895,0,1,0,1,1,242,571
14896,14896,0,1,1,0,1,242,571
14897,14897,0,1,0,0,1,242,571
14898,14898,0,1,0,0,1,242,571
14899,14899,0,1,0,0,1,242,571
14900,14900,0,1,1,0,1,242,572
14901,14901,0,1,0,0,0,242,572
14902,14902,0,1,0,0,0,242,572
14903,14903,0,1,0,0,0,242,572
14904,14904,0,1,1,0,0,242,572
14905,14905,0,1,0,0,1,242,572
14906,14906,0,1,0,0,1,242,572
14907,14907,0,1,0,0,1,242,572
14908,14908,0,1,1,0,1,242,572
14909,14909,0,1,0,0,0,242,572
14910,14910,0,1,0,0,0,242,572
14911,14911,0,1,0,0,0,243,572
14912,14912,0,1,1,0,0,243,572
14913,14913,0,1,0,0,1,243,572
14914,14914,0,1,0,0,1,243,572
14915,14915,0,1,0,0,1,243,572
14916,14916,0,1,1,0,1,243,572
14917,14917,0,1,0,0,1,243,572
14918,14918,0,1,0,0,1,243,572
14919,14919,0,1,0,0,1,243,572
14920,14920,0,1,1,0,1,243,573
14921,14921,0,1,0,0,0,243,573
14922,14922,0,1,0,0,0,243,573
14923,14923,0,1,0,0,0,243,573
14924,14924,0,1,1,0,0,243,573
14925,14925,0,1,0,0,0,243,573
14926,14926,0,1,0,0,0,243,573
14927,14927,0,1,0,0,0,243,573
14928,14928,0,1,1,0,0,243,573
14929,14929,0,1,0,0,0,243,573
14930,14930,0,1,0,0,0,243,573
14931,14931,0,1,0,0,0,244,573
14932,14932,0,1,1,0,0,244,573
14933,14933,0,1,0,0,1,244,573
14934,14934,0,1,0,0,1,244,573
14935,14935,0,1,0,0,1,244,573
14936,14936,0,1,1,0,1,244,573
14937,14937,0,1,0,0,1,244,573
14938,14938,0,1,0,0,1,244,573
14939,14939,0,1,0,0,1,244,573
14940,14940,0,1,1,0,1,244,574
14941,14941,0,1,0,0,1,244,574
14942,14942,0,1,0,0,1,244,574
14943,14943,0,1,0,0,1,244,574
14944,14944,0,1,1,0,1,244,574
14945,14945,0,1,0,0,1,244,574
14946,14946,0,1,0,0,1,244,574
14947,14947,0,1,0,0,1,244,574
14948,14948,0,1,1,0,1,244,574
14949,14949,0,1,0,0,1,244,574
14950,14950,0,1,0,0,1,244,574
14951,14951,0,1,0,0,1,244,574
14952,14952,0,1,1,0,1,244,574
14953,14953,0,1,0,0,1,244,574
14954,14954,0,1,0,0,1,244,574
14955,14955,0,1,0,0,1,244,574
14956,14956,0,1,1,0,1,244,574
14957,14957,0,1,0,0,1,244,574
14958,14958,0,1,0,0,1,244,574
14959,14959,0,1,0,0,1,244,574
14960,14960,0,1,1,0,1,244,575
14961,14961,0,1,0,0,0,244,575
14962,14962,0,1,0,0,0,244,575
14963,14963,0,1,0,0,0,244,575
14964,14964,0,1,1,0,0,244,575
14965,14965,0,1,0,0,1,244,575
14966,14966,0,1,0,0,1,244,575
14967,14967,0,1,0,0,1,244,575
14968,14968,0,1,1,0,1,244,575
14969,14969,0,1,0,0,1,244,575
14970,14970,0,1,0,0,1,244,575
14971,14971,0,1,0,0,1,244,575
14972,14972,0,1,1,0,1,244,575
14973,14973,0,1,0,0,1,244,575
14974,14974,0,1,0,0,1,244,575
14975,14975,0,1,0,0,1,244,575
14976,14976,0,1,1,1,1,244,575
14977,14977,0,1,0,1,0,244,575
14978,14978,0,1,0,1,0,244,575
14979,14979,0,1,0,1,0,244,575
14980,14980,0,1,1,1,0,244,576
14981,14981,0,1,0,1,0,244,576
14982,14982,0,1,0,1,0,244,576
14983,14983,0,1,0,1,0,244,576
14984,14984,0,1,1,1,0,244,576
14985,14985,0,1,0,1,1,244,576
14986,14986,0,1,0,1,1,244,576
14987,14987,0,1,0,1,1,244,576
14988,14988,0,1,1,1,1,244,576
14989,14989,0,1,0,1,1,244,576
14990,14990,0,1,0,1,1,244,576
14991,14991,0,1,0,1,1,245,576
14992,14992,0,1,1,1,1,245,576
14993,14993,0,1,0,1,0,245,576
14994,14994,0,1,0,1,0,245,576
14995,14995,0,1,0,1,0,245,576
14996,14996,0,1,1,1,0,245,576
14997,14997,0,1,0,1,1,245,576
14998,14998,0,1,0,1,1,245,576
14999,14999,0,1,0,1,1,245,576
15000,15000,0,1,1,1,1,245,577
15001,15001,0,1,0,1,1,245,577
15002,15002,0,1,0,1,1,245,577
15003,15003,0,1,0,1,1,245,577
15004,15004,0,1,1,1,1,245,577
15005,15005,0,1,0,1,0,245,577
15006,15006,0,1,0,1,0,245,577
15007,15007,0,1,0,1,0,245,577
15008,15008,0,1,1,1,0,245,577
15009,15009,0,1,0,1,0,245,577
15010,15010,0,1,0,1,0,245,577
15011,15011,0,1,0,1,0,245,577
15012,15012,0,1,1,1,0,245,577
15013,15013,0,1,0,1,0,245,577
15014,15014,0,1,0,1,0,245,577
15015,15015,0,1,0,1,0,245,577
15016,15016,0,1,1,1,0,245,577
15017,15017,0,1,0,1,1,245,577
15018,15018,0,1,0,1,1,245,577
15019,15019,0,1,0,1,1,245,577
15020,15020,0,1,1,1,1,245,578
15021,15021,0,1,0,1,0,245,578
15022,15022,0,1,0,1,0,245,578
15023,15023,0,1,0,1,0,245,578
15024,15024,0,1,1,1,0,245,578
15025,15025,0,1,0,1,0,245,578
15026,15026,0,1,0,1,0,245,578
15027,15027,0,1,0,1,0,245,578
15028,15028,0,1,1,1,0,245,578
15029,15029,0,1,0,1,0,245,578
15030,15030,0,1,0,1,0,245,578
15031,15031,0,1,0,1,0,245,578
15032,15032,0,1,1,1,0,245,578
15033,15033,0,1,0,1,0,245,578
15034,15034,0,1,0,1,0,245,578
15035,15035,0,1,0,1,0,245,578
15036,15036,0,1,1,0,0,245,578
15037,15037,0,1,0,0,0,245,578
15038,15038,0,1,0,0,0,245,578
15039,15039,0,1,0,0,0,245,578
15040,15040,0,1,1,0,0,245,579
15041,15041,0,1,0,0,0,245,579
15042,15042,0,1,0,0,0,245,579
15043,15043,0,1,0,0,0,245,579
15044,15044,0,1,1,0,0,245,579
15045,15045,0,1,0,0,1,245,579
15046,15046,0,1,0,0,1,245,579
15047,15047,0,1,0,0,1,245,579
15048,15048,0,1,1,0,1,245,579
15049,15049,0,1,0,0,0,245,579
15050,15050,0,1,0,0,0,245,579
15051,15051,0,1,0,0,0,246,579
15052,15052,0,1,1,0,0,246,579
15053,15053,0,1,0,0,1,246,579
15054,15054,0,1,0,0,1,246,579
15055,15055,0,1,0,0,1,246,579
15056,15056,0,1,1,1,1,246,579
15057,15057,0,1,0,1,0,246,579
15058,15058,0,1,0,1,0,246,579
15059,15059,0,1,0,1,0,246,579
15060,15060,0,1,1,1,0,246,580
15061,15061,0,1,0,1,0,246,580
15062,15062,0,1,0,1,0,246,580
15063,15063,0,1,0,1,0,246,580
15064,15064,0,1,1,1,0,246,580
15065,15065,0,1,0,1,0,246,580
15066,15066,0,1,0,1,0,246,580
15067,15067,0,1,0,1,0,246,580
15068,15068,0,1,1,1,0,246,580
15069,15069,0,1,0,1,1,246,580
15070,15070,0,1,0,1,1,246,580
15071,15071,0,1,0,1,1,247,580
15072,15072,0,1,1,1,1,247,580
15073,15073,0,1,0,1,1,247,580
15074,15074,0,1,0,1,1,247,580
15075,15075,0,1,0,1,1,247,580
15076,15076,0,1,1,0,1,247,580
15077,15077,0,1,0,0,1,247,580
15078,15078,0,1,0,0,1,247,580
15079,15079,0,1,0,0,1,247,580
15080,15080,0,1,1,0,1,247,581
15081,15081,0,1,0,0,1,247,581
15082,15082,0,1,0,0,1,247,581
15083,15083,0,1,0,0,1,247,581
15084,15084,0,1,1,0,1,247,581
15085,15085,0,1,0,0,1,247,581
15086,15086,0,1,0,0,1,247,581
15087,15087,0,1,0,0,1,247,581
15088,15088,0,1,1,0,1,247,581
15089,15089,0,1,0,0,1,247,581
15090,15090,0,1,0,0,1,247,581
15091,15091,0,1,0,0,1,247,581
15092,15092,0,1,1,0,1,247,581
15093,15093,0,1,0,0,1,247,581
15094,15094,0,1,0,0,1,247,581
15095,15095,0,1,0,0,1,247,581
15096,15096,0,1,1,1,1,247,581
15097,15097,0,1,0,1,1,247,581
15098,15098,0,1,0,1,1,247,581
15099,15099,0,1,0,1,1,247,581
15100,15100,0,1,1,1,1,247,582
15101,15101,0,1,0,1,0,247,582
15102,15102,0,1,0,1,0,247,582
15103,15103,0,1,0,1,0,247,582
15104,15104,0,1,1,1,0,247,582
15105,15105,0,1,0,1,0,247,582
15106,15106,0,1,0,1,0,247,582
15107,15107,0,1,0,1,0,247,582
15108,15108,0,1,1,1,0,247,582
15109,15109,0,1,0,1,1,247,582
15110,15110,0,1,0,1,1,247,582
15111,15111,0,1,0,1,1,248,582
15112,15112,0,1,1,1,1,248,582
15113,15113,0,1,0,1,1,248,582
15114,15114,0,1,0,1,1,248,582
15115,15115,0,1,0,1,1,248,582
15116,15116,0,1,1,1,1,248,582
15117,15117,0,1,0,1,0,248,582
15118,15118,0,1,0,1,0,248,582
15119,15119,0,1,0,1,0,248,582
15120,15120,0,1,1,1,0,248,583
15121,15121,0,1,0,1,0,248,583
15122,15122,0,1,0,1,0,248,583
15123,15123,0,1,0,1,0,248,583
15124,15124,0,1,1,1,0,248,583
15125,15125,0,1,0,1,1,248,583
15126,15126,0,1,0,1,1,248,583
15127,15127,0,1,0,1,1,248,583
15128,15128,0,1,1,1,1,248,583
15129,15129,0,1,0,1,1,248,583
15130,15130,0,1,0,1,1,248,583
15131,15131,0,1,0,1,1,249,583
15132,15132,0,1,1,1,1,249,583
15133,15133,0,1,0,1,0,249,583
15134,15134,0,1,0,1,0,249,583
15135,15135,0,1,0,1,0,249,583
15136,15136,0,1,1,1,0,249,583
15137,15137,0,1,0,1,1,249,583
15138,15138,0,1,0,1,1,249,583
15139,15139,0,1,0,1,1,249,583
15140,15140,0,1,1,1,1,249,584
15141,15141,0,1,0,1,0,249,584
15142,15142,0,1,0,1,0,249,584
15143,15143,0,1,0,1,0,249,584
15144,15144,0,1,1,1,0,249,584
15145,15145,0,1,0,1,1,249,584
15146,15146,0,1,0,1,1,249,584
15147,15147,0,1,0,1,1,249,584
15148,15148,0,1,1,1,1,249,584
15149,15149,0,1,0,1,1,249,584
15150,15150,0,1,0,1,1,249,584
15151,15151,0,1,0,1,1,250,584
15152,15152,0,1,1,1,1,250,584
15153,15153,0,1,0,1,0,250,584
15154,15154,0,1,0,1,0,250,584
15155,15155,0,1,0,1,0,250,584
15156,15156,0,1,1,0,0,250,584
15157,15157,0,1,0,0,0,250,584
15158,15158,0,1,0,0,0,250,584
15159,15159,0,1,0,0,0,250,584
15160,15160,0,1,1,0,0,250,585
15161,15161,0,1,0,0,0,250,585
15162,15162,0,1,0,0,0,250,585
15163,15163,0,1,0,0,0,250,585
15164,15164,0,1,1,0,0,250,585
15165,15165,0,1,0,0,1,250,585
15166,15166,0,1,0,0,1,250,585
15167,15167,0,1,0,0,1,250,585
15168,15168,0,1,1,0,1,250,585
15169,15169,0,1,0,0,1,250,585
15170,15170,0,1,0,0,1,250,585
15171,15171,0,1,0,0,1,250,585
15172,15172,0,1,1,0,1,250,585
15173,15173,0,1,0,0,1,250,585
15174,15174,0,1,0,0,1,250,585
15175,15175,0,1,0,0,1,250,585
15176,15176,0,1,1,1,1,250,585
15177,15177,0,1,0,1,0,250,585
15178,15178,0,1,0,1,0,250,585
15179,15179,0,1,0,1,0,250,585
15180,15180,0,1,1,1,0,250,586
15181,15181,0,1,0,1,0,250,586
15182,15182,0,1,0,1,0,250,586
15183,15183,0,1,0,1,0,250,586
15184,15184,0,1,1,1,0,250,586
15185,15185,0,1,0,1,1,250,586
15186,15186,0,1,0,1,1,250,586
15187,15187,0,1,0,1,1,250,586
15188,15188,0,1,1,1,1,250,586
15189,15189,0,1,0,1,0,250,586
15190,15190,0,1,0,1,0,250,586
15191,15191,0,1,0,1,0,250,586
15192,15192,0,1,1,1,0,250,586
15193,15193,0,1,0,1,1,250,586
15194,15194,0,1,0,1,1,250,586
15195,15195,0,1,0,1,1,250,586
15196,15196,0,1,1,0,1,250,586
15197,15197,0,1,0,0,0,250,586
15198,15198,0,1,0,0,0,250,586
15199,15199,0,1,0,0,0,250,586
15200,15200,0,1,1,0,0,250,587
15201,15201,0,1,0,0,1,250,587
15202,15202,0,1,0,0,1,250,587
15203,15203,0,1,0,0,1,250,587
15204,15204,0,1,1,0,1,250,587
15205,15205,0,1,0,0,1,250,587
15206,15206,0,1,0,0,1,250,587
15207,15207,0,1,0,0,1,250,587
15208,15208,0,1,1,0,1,250,587
15209,15209,0,1,0,0,1,250,587
15210,15210,0,1,0,0,1,250,587
15211,15211,0,1,0,0,1,250,587
15212,15212,0,1,1,0,1,250,587
15213,15213,0,1,0,0,1,250,587
15214,15214,0,1,0,0,1,250,587
15215,15215,0,1,0,0,1,250,587
15216,15216,0,1,1,0,1,250,587
15217,15217,0,1,0,0,0,250,587
15218,15218,0,1,0,0,0,250,587
15219,15219,0,1,0,0,0,250,587
15220,15220,0,1,1,0,0,250,588
15221,15221,0,1,0,0,0,250,588
15222,15222,0,1,0,0,0,250,588
15223,15223,0,1,0,0,0,250,588
15224,15224,0,1,1,0,0,250,588
15225,15225,0,1,0,0,0,250,588
15226,15226,0,1,0,0,0,250,588
15227,15227,0,1,0,0,0,250,588
15228,15228,0,1,1,0,0,250,588
15229,15229,0,1,0,0,0,250,588
15230,15230,0,1,0,0,0,250,588
15231,15231,0,1,0,0,0,251,588
15232,15232,0,1,1,0,0,251,588
15233,15233,0,1,0,0,1,251,588
15234,15234,0,1,0,0,1,251,588
15235,15235,0,1,0,0,1,251,588
15236,15236,0,1,1,0,1,251,588
15237,15237,0,1,0,0,0,251,588
15238,15238,0,1,0,0,0,251,588
15239,15239,0,1,0,0,0,251,588
15240,15240,0,1,1,0,0,251,589
15241,15241,0,1,0,0,1,251,589
15242,15242,0,1,0,0,1,251,589
15243,15243,0,1,0,0,1,251,589
15244,15244,0,1,1,0,1,251,589
15245,15245,0,1,0,0,0,251,589
15246,15246,0,1,0,0,0,251,589
15247,15247,0,1,0,0,0,251,589
15248,15248,0,1,1,0,0,251,589
15249,15249,0,1,0,0,1,251,589
15250,15250,0,1,0,0,1,251,589
15251,15251,0,1,0,0,1,251,589
15252,15252,0,1,1,0,1,251,589
15253,15253,0,1,0,0,0,251,589
15254,15254,0,1,0,0,0,251,589
15255,15255,0,1,0,0,0,251,589
15256,15256,0,1,1,1,0,251,589
15257,15257,0,1,0,1,1,251,589
15258,15258,0,1,0,1,1,251,589
15259,15259,0,1,0,1,1,251,589
15260,15260,0,1,1,1,1,251,590
15261,15261,0,1,0,1,0,251,590
15262,15262,0,1,0,1,0,251,590
15263,15263,0,1,0,1,0,251,590
15264,15264,0,1,1,1,0,251,590
15265,15265,0,1,0,1,0,251,590
15266,15266,0,1,0,1,0,251,590
15267,15267,0,1,0,1,0,251,590
15268,15268,0,1,1,1,0,251,590
15269,15269,0,1,0,1,1,251,590
15270,15270,0,1,0,1,1,251,590
15271,15271,0,1,0,1,1,252,590
15272,15272,0,1,1,1,1,252,590
15273,15273,0,1,0,1,1,252,590
15274,15274,0,1,0,1,1,252,590
15275,15275,0,1,0,1,1,252,590
15276,15276,0,1,1,0,1,252,590
15277,15277,0,1,0,0,0,252,590
15278,15278,0,1,0,0,0,252,590
15279,15279,0,1,0,0,0,252,590
15280,15280,0,1,1,0,0,252,591
15281,15281,0,1,0,0,0,252,591
15282,15282,0,1,0,0,0,252,591
15283,15283,0,1,0,0,0,252,591
15284,15284,0,1,1,0,0,252,591
15285,15285,0,1,0,0,0,252,591
15286,15286,0,1,0,0,0,252,591
15287,15287,0,1,0,0,0,252,591
15288,15288,0,1,1,0,0,252,591
15289,15289,0,1,0,0,1,252,591
15290,15290,0,1,0,0,1,252,591
15291,15291,0,1,0,0,1,252,591
15292,15292,0,1,1,0,1,252,591
15293,15293,0,1,0,0,1,252,591
15294,15294,0,1,0,0,1,252,591
15295,15295,0,1,0,0,1,252,591
15296,15296,0,1,1,1,1,252,591
15297,15297,0,1,0,1,1,252,591
15298,15298,0,1,0,1,1,252,591
15299,15299,0,1,0,1,1,252,591
15300,15300,0,1,1,1,1,252,592
15301,15301,0,1,0,1,1,252,592
15302,15302,0,1,0,1,1,252,592
15303,15303,0,1,0,1,1,252,592
15304,15304,0,1,1,1,1,252,592
15305,15305,0,1,0,1,1,252,592
15306,15306,0,1,0,1,1,252,592
15307,15307,0,1,0,1,1,252,592
15308,15308,0,1,1,1,1,252,592
15309,15309,0,1,0,1,0,252,592
15310,15310,0,1,0,1,0,252,592
15311,15311,0,1,0,1,0,252,592
15312,15312,0,1,1,1,0,252,592
15313,15313,0,1,0,1,0,252,592
15314,15314,0,1,0,1,0,252,592
15315,15315,0,1,0,1,0,252,592
15316,15316,0,1,1,1,0,252,592
15317,15317,0,1,0,1,1,252,592
15318,15318,0,1,0,1,1,252,592
15319,15319,0,1,0,1,1,252,592
15320,15320,0,1,1,1,1,252,593
15321,15321,0,1,0,1,0,252,593
15322,15322,0,1,0,1,0,252,593
15323,15323,0,1,0,1,0,252,593
15324,15324,0,1,1,1,0,252,593
15325,15325,0,1,0,1,1,252,593
15326,15326,0,1,0,1,1,252,593
15327,15327,0,1,0,1,1,252,593
15328,15328,0,1,1,1,1,252,593
15329,15329,0,1,0,1,1,252,593
15330,15330,0,1,0,1,1,252,593
15331,15331,0,1,0,1,1,253,593
15332,15332,0,1,1,1,1,253,593
15333,15333,0,1,0,1,1,253,593
15334,15334,0,1,0,1,1,253,593
15335,15335,0,1,0,1,1,253,593
15336,15336,0,1,1,1,1,253,593
15337,15337,0,1,0,1,0,253,593
15338,15338,0,1,0,1,0,253,593
15339,15339,0,1,0,1,0,253,593
15340,15340,0,1,1,1,0,253,594
15341,15341,0,1,0,1,1,253,594
15342,15342,0,1,0,1,1,253,594
15343,15343,0,1,0,1,1,253,594
15344,15344,0,1,1,1,1,253,594
15345,15345,0,1,0,1,1,253,594
15346,15346,0,1,0,1,1,253,594
15347,15347,0,1,0,1,1,253,594
15348,15348,0,1,1,1,1,253,594
15349,15349,0,1,0,1,0,253,594
15350,15350,0,1,0,1,0,253,594
15351,15351,0,1,0,1,0,253,594
15352,15352,0,1,1,1,0,253,594
15353,15353,0,1,0,1,0,253,594
15354,15354,0,1,0,1,0,253,594
15355,15355,0,1,0,1,0,253,594
15356,15356,0,1,1,1,0,253,594
15357,15357,0,1,0,1,1,253,594
15358,15358,0,1,0,1,1,253,594
15359,15359,0,1,0,1,1,253,594
15360,15360,0,1,1,1,1,253,595
15361,15361,0,1,0,1,0,253,595
15362,15362,0,1,0,1,0,253,595
15363,15363,0,1,0,1,0,253,595
15364,15364,0,1,1,1,0,253,595
15365,15365,0,1,0,1,1,253,595
15366,15366,0,1,0,1,1,253,595
15367,15367,0,1,0,1,1,253,595
15368,15368,0,1,1,1,1,253,595
15369,15369,0,1,0,1,0,253,595
15370,15370,0,1,0,1,0,253,595
15371,15371,0,1,0,1,0,253,595
15372,15372,0,1,1,1,0,253,595
15373,15373,0,1,0,1,0,253,595
15374,15374,0,1,0,1,0,253,595
15375,15375,0,1,0,1,0,253,595
15376,15376,0,1,1,0,0,253,595
15377,15377,0,1,0,0,0,253,595
15378,15378,0,1,0,0,0,253,595
15379,15379,0,1,0,0,0,253,595
15380,15380,0,1,1,0,0,253,596
15381,15381,0,1,0,0,0,253,596
15382,15382,0,1,0,0,0,253,596
15383,15383,0,1,0,0,0,253,596
15384,15384,0,1,1,0,0,253,596
15385,15385,0,1,0,0,0,253,596
15386,15386,0,1,0,0,0,253,596
15387,15387,0,1,0,0,0,253,596
15388,15388,0,1,1,0,0,253,596
15389,15389,0,1,0,0,0,253,596
15390,15390,0,1,0,0,0,253,596
15391,15391,0,1,0,0,0,254,596
15392,15392,0,1,1,0,0,254,596
15393,15393,0,1,0,0,1,254,596
15394,15394,0,1,0,0,1,254,596
15395,15395,0,1,0,0,1,254,596
15396,15396,0,1,1,1,1,254,596
15397,15397,0,1,0,1,0,254,596
15398,15398,0,1,0,1,0,254,596
15399,15399,0,1,0,1,0,254,596
15400,15400,0,1,1,1,0,254,597
15401,15401,0,1,0,1,1,254,597
15402,15402,0,1,0,1,1,254,597
15403,15403,0,1,0,1,1,254,597
15404,15404,0,1,1,1,1,254,597
15405,15405,0,1,0,1,0,254,597
15406,15406,0,1,0,1,0,254,597
15407,15407,0,1,0,1,0,254,597
15408,15408,0,1,1,1,0,254,597
15409,15409,0,1,0,1,0,254,597
15410,15410,0,1,0,1,0,254,597
15411,15411,0,1,0,1,0,254,597
15412,15412,0,1,1,1,0,254,597
15413,15413,0,1,0,1,1,254,597
15414,15414,0,1,0,1,1,254,597
15415,15415,0,1,0,1,1,254,597
15416,15416,0,1,1,0,1,254,597
15417,15417,0,1,0,0,1,254,597
15418,15418,0,1,0,0,1,254,597
15419,15419,0,1,0,0,1,254,597
15420,15420,0,1,1,0,1,254,598
15421,15421,0,1,0,0,0,254,598
15422,15422,0,1,0,0,0,254,598
15423,15423,0,1,0,0,0,254,598
15424,15424,0,1,1,0,0,254,598
15425,15425,0,1,0,0,1,254,598
15426,15426,0,1,0,0,1,254,598
15427,15427,0,1,0,0,1,254,598
15428,15428,0,1,1,0,1,254,598
15429,15429,0,1,0,0,1,254,598
15430,15430,0,1,0,0,1,254,598
15431,15431,0,1,0,0,1,254,598
15432,15432,0,1,1,0,1,254,598
15433,15433,0,1,0,0,1,254,598
15434,15434,0,1,0,0,1,254,598
15435,15435,0,1,0,0,1,254,598
15436,15436,0,1,1,0,1,254,598
15437,15437,0,1,0,0,1,254,598
15438,15438,0,1,0,0,1,254,598
15439,15439,0,1,0,0,1,254,598
15440,15440,0,1,1,0,1,254,599
15441,15441,0,1,0,0,0,254,599
15442,15442,0,1,0,0,0,254,599
15443,15443,0,1,0,0,0,254,599
15444,15444,0,1,1,0,0,254,599
15445,15445,0,1,0,0,1,254,599
15446,15446,0,1,0,0,1,254,599
15447,15447,0,1,0,0,1,254,599
15448,15448,0,1,1,0,1,254,599
15449,15449,0,1,0,0,1,254,599
15450,15450,0,1,0,0,1,254,599
15451,15451,0,1,0,0,1,254,599
15452,15452,0,1,1,0,1,254,599
15453,15453,0,1,0,0,0,254,599
15454,15454,0,1,0,0,0,254,599
15455,15455,0,1,0,0,0,254,599
15456,15456,0,1,1,1,0,254,599
15457,15457,0,1,0,1,1,254,599
15458,15458,0,1,0,1,1,254,599
15459,15459,0,1,0,1,1,254,599
15460,15460,0,1,1,1,1,254,600
15461,15461,0,1,0,1,0,254,600
15462,15462,0,1,0,1,0,254,600
15463,15463,0,1,0,1,0,254,600
15464,15464,0,1,1,1,0,254,600
15465,15465,0,1,0,1,1,254,600
15466,15466,0,1,0,1,1,254,600
15467,15467,0,1,0,1,1,254,600
15468,15468,0,1,1,1,1,254,600
15469,15469,0,1,0,1,1,254,600
15470,15470,0,1,0,1,1,254,600
15471,15471,0,1,0,1,1,255,600
15472,15472,0,1,1,1,1,255,600
15473,15473,0,1,0,1,1,255,600
15474,15474,0,1,0,1,1,255,600
15475,15475,0,1,0,1,1,255,600
15476,15476,0,1,1,0,1,255,600
15477,15477,0,1,0,0,0,255,600
15478,15478,0,1,0,0,0,255,600
15479,15479,0,1,0,0,0,255,600
15480,15480,0,1,1,0,0,255,601
15481,15481,0,1,0,0,0,255,601
15482,15482,0,1,0,0,0,255,601
15483,15483,0,1,0,0,0,255,601
15484,15484,0,1,1,0,0,255,601
15485,15485,0,1,0,0,1,255,601
15486,15486,0,1,0,0,1,255,601
15487,15487,0,1,0,0,1,255,601
15488,15488,0,1,1,0,1,255,601
15489,15489,0,1,0,0,1,255,601
15490,15490,0,1,0,0,1,255,601
15491,15491,0,1,0,0,1,255,601
15492,15492,0,1,1,0,1,255,601
15493,15493,0,1,0,0,1,255,601
15494,15494,0,1,0,0,1,255,601
15495,15495,0,1,0,0,1,255,601
15496,15496,0,1,1,0,1,255,601
15497,15497,0,1,0,0,0,255,601
15498,15498,0,1,0,0,0,255,601
15499,15499,0,1,0,0,0,255,601
15500,15500,0,1,1,0,0,255,602
15501,15501,0,1,0,0,0,255,602
15502,15502,0,1,0,0,0,255,602
15503,15503,0,1,0,0,0,255,602
15504,15504,0,1,1,0,0,255,602
15505,15505,0,1,0,0,0,255,602
15506,15506,0,1,0,0,0,255,602
15507,15507,0,1,0,0,0,255,602
15508,15508,0,1,1,0,0,255,602
15509,15509,0,1,0,0,1,255,602
15510,15510,0,1,0,0,1,255,602
15511,15511,0,1,0,0,1,255,602
15512,15512,0,1,1,0,1,255,602
15513,15513,0,1,0,0,0,255,602
15514,15514,0,1,0,0,0,255,602
15515,15515,0,1,0,0,0,255,602
15516,15516,0,1,1,1,0,255,602
15517,15517,0,1,0,1,0,255,602
15518,15518,0,1,0,1,0,255,602
15519,15519,0,1,0,1,0,255,602
15520,15520,0,1,1,1,0,255,603
15521,15521,0,1,0,1,1,255,603
15522,15522,0,1,0,1,1,255,603
15523,15523,0,1,0,1,1,255,603
15524,15524,0,1,1,1,1,255,603
15525,15525,0,1,0,1,0,255,603
15526,15526,0,1,0,1,0,255,603
15527,15527,0,1,0,1,0,255,603
15528,15528,0,1,1,1,0,255,603
15529,15529,0,1,0,1,0,255,603
15530,15530,0,1,0,1,0,255,603
15531,15531,0,1,0,1,0,255,603
15532,15532,0,1,1,1,0,255,603
15533,15533,0,1,0,1,0,255,603
15534,15534,0,1,0,1,0,255,603
15535,15535,0,1,0,1,0,255,603
15536,15536,0,1,1,0,0,255,603
15537,15537,0,1,0,0,1,255,603
15538,15538,0,1,0,0,1,255,603
15539,15539,0,1,0,0,1,255,603
15540,15540,0,1,1,0,1,255,604
15541,15541,0,1,0,0,0,255,604
15542,15542,0,1,0,0,0,255,604
15543,15543,0,1,0,0,0,255,604
15544,15544,0,1,1,0,0,255,604
15545,15545,0,1,0,0,1,255,604
15546,15546,0,1,0,0,1,255,604
15547,15547,0,1,0,0,1,255,604
15548,15548,0,1,1,0,1,255,604
15549,15549,0,1,0,0,1,255,604
15550,15550,0,1,0,0,1,255,604
15551,15551,0,1,0,0,1,255,604
15552,15552,0,1,1,0,1,255,604
15553,15553,0,1,0,0,1,255,604
15554,15554,0,1,0,0,1,255,604
15555,15555,0,1,0,0,1,255,604
15556,15556,0,1,1,1,1,255,604
15557,15557,0,1,0,1,0,255,604
15558,15558,0,1,0,1,0,255,604
15559,15559,0,1,0,1,0,255,604
15560,15560,0,1,1,1,0,255,605
15561,15561,0,1,0,1,1,255,605
15562,15562,0,1,0,1,1,255,605
15563,15563,0,1,0,1,1,255,605
15564,15564,0,1,1,1,1,255,605
15565,15565,0,1,0,1,1,255,605
15566,15566,0,1,0,1,1,255,605
15567,15567,0,1,0,1,1,255,605
15568,15568,0,1,1,1,1,255,605
15569,15569,0,1,0,1,0,255,605
15570,15570,0,1,0,1,0,255,605
15571,15571,0,1,0,1,0,255,605
15572,15572,0,1,1,1,0,255,605
15573,15573,0,1,0,1,1,255,605
15574,15574,0,1,0,1,1,255,605
15575,15575,0,1,0,1,1,255,605
15576,15576,0,1,1,1,1,255,605
15577,15577,0,1,0,1,1,255,605
15578,15578,0,1,0,1,1,255,605
15579,15579,0,1,0,1,1,255,605
15580,15580,0,1,1,1,1,255,606
15581,15581,0,1,0,1,1,255,606
15582,15582,0,1,0,1,1,255,606
15583,15583,0,1,0,1,1,255,606
15584,15584,0,1,1,1,1,255,606
15585,15585,0,1,0,1,1,255,606
15586,15586,0,1,0,1,1,255,606
15587,15587,0,1,0,1,1,255,606
15588,15588,0,1,1,1,1,255,606
15589,15589,0,1,0,1,0,255,606
15590,15590,0,1,0,1,0,255,606
15591,15591,0,1,0,1,0,255,606
15592,15592,0,1,1,1,0,255,606
15593,15593,0,1,0,1,0,255,606
15594,15594,0,1,0,1,0,255,606
15595,15595,0,1,0,1,0,255,606
15596,15596,0,1,1,0,0,255,606
15597,15597,0,1,0,0,1,255,606
15598,15598,0,1,0,0,1,255,606
15599,15599,0,1,0,0,1,255,606
15600,15600,0,1,1,0,1,255,607
15601,15601,0,1,0,0,1,255,607
15602,15602,0,1,0,0,1,255,607
15603,15603,0,1,0,0,1,255,607
15604,15604,0,1,1,0,1,255,607
15605,15605,0,1,0,0,1,255,607
15606,15606,0,1,0,0,1,255,607
15607,15607,0,1,0,0,1,255,607
15608,15608,0,1,1,0,1,255,607
15609,15609,0,1,0,0,1,255,607
15610,15610,0,1,0,0,1,255,607
15611,15611,0,1,0,0,1,255,607
15612,15612,0,1,1,0,1,255,607
15613,15613,0,1,0,0,0,255,607
15614,15614,0,1,0,0,0,255,607
15615,15615,0,1,0,0,0,255,607
15616,15616,0,1,1,1,0,255,607
15617,15617,0,1,0,1,1,255,607
15618,15618,0,1,0,1,1,255,607
15619,15619,0,1,0,1,1,255,607
15620,15620,0,1,1,1,1,255,608
15621,15621,0,1,0,1,0,255,608
15622,15622,0,1,0,1,0,255,608
15623,15623,0,1,0,1,0,255,608
15624,15624,0,1,1,1,0,255,608
15625,15625,0,1,0,1,0,255,608
15626,15626,0,1,0,1,0,255,608
15627,15627,0,1,0,1,0,255,608
15628,15628,0,1,1,1,0,255,608
15629,15629,0,1,0,1,1,255,608
15630,15630,0,1,0,1,1,255,608
15631,15631,0,1,0,1,1,256,608
15632,15632,0,1,1,1,1,256,608
15633,15633,0,1,0,1,0,256,608
15634,15634,0,1,0,1,0,256,608
15635,15635,0,1,0,1,0,256,608
15636,15636,0,1,1,0,0,256,608
15637,15637,0,1,0,0,0,256,608
15638,15638,0,1,0,0,0,256,608
15639,15639,0,1,0,0,0,256,608
15640,15640,0,1,1,0,0,256,609
15641,15641,0,1,0,0,0,256,609
15642,15642,0,1,0,0,0,256,609
15643,15643,0,1,0,0,0,256,609
15644,15644,0,1,1,0,0,256,609
15645,15645,0,1,0,0,1,256,609
15646,15646,0,1,0,0,1,256,609
15647,15647,0,1,0,0,1,256,609
15648,15648,0,1,1,0,1,256,609
15649,15649,0,1,0,0,0,256,609
15650,15650,0,1,0,0,0,256,609
15651,15651,0,1,0,0,0,257,609
15652,15652,0,1,1,0,0,257,609
15653,15653,0,1,0,0,0,257,609
15654,15654,0,1,0,0,0,257,609
15655,15655,0,1,0,0,0,257,609
15656,15656,0,1,1,0,0,257,609
15657,15657,0,1,0,0,1,257,609
15658,15658,0,1,0,0,1,257,609
15659,15659,0,1,0,0,1,257,609
15660,15660,0,1,1,0,1,257,610
15661,15661,0,1,0,0,1,257,610
15662,15662,0,1,0,0,1,257,610
15663,15663,0,1,0,0,1,257,610
15664,15664,0,1,1,0,1,257,610
15665,15665,0,1,0,0,1,257,610
15666,15666,0,1,0,0,1,257,610
15667,15667,0,1,0,0,1,257,610
15668,15668,0,1,1,0,1,257,610
15669,15669,0,1,0,0,0,257,610
15670,15670,0,1,0,0,0,257,610
15671,15671,0,1,0,0,0,258,610
15672,15672,0,1,1,0,0,258,610
15673,15673,0,1,0,0,0,258,610
15674,15674,0,1,0,0,0,258,610
15675,15675,0,1,0,0,0,258,610
15676,15676,0,1,1,1,0,258,610
15677,15677,0,1,0,1,1,258,610
15678,15678,0,1,0,1,1,258,610
15679,15679,0,1,0,1,1,258,610
15680,15680,0,1,1,1,1,258,611
15681,15681,0,1,0,1,0,258,611
15682,15682,0,1,0,1,0,258,611
15683,15683,0,1,0,1,0,258,611
15684,15684,0,1,1,1,0,258,611
15685,15685,0,1,0,1,0,258,611
15686,15686,0,1,0,1,0,258,611
15687,15687,0,1,0,1,0,258,611
15688,15688,0,1,1,1,0,258,611
15689,15689,0,1,0,1,1,258,611
15690,15690,0,1,0,1,1,258,611
15691,15691,0,1,0,1,1,259,611
15692,15692,0,1,1,1,1,259,611
15693,15693,0,1,0,1,1,259,611
15694,15694,0,1,0,1,1,259,611
15695,15695,0,1,0,1,1,259,611
15696,15696,0,1,1,1,1,259,611
15697,15697,0,1,0,1,0,259,611
15698,15698,0,1,0,1,0,259,611
15699,15699,0,1,0,1,0,259,611
15700,15700,0,1,1,1,0,259,612
15701,15701,0,1,0,1,1,259,612
15702,15702,0,1,0,1,1,259,612
15703,15703,0,1,0,1,1,259,612
15704,15704,0,1,1,1,1,259,612
15705,15705,0,1,0,1,0,259,612
15706,15706,0,1,0,1,0,259,612
15707,15707,0,1,0,1,0,259,612
15708,15708,0,1,1,1,0,259,612
15709,15709,0,1,0,1,1,259,612
15710,15710,0,1,0,1,1,259,612
15711,15711,0,1,0,1,1,260,612
15712,15712,0,1,1,1,1,260,612
15713,15713,0,1,0,1,1,260,612
15714,15714,0,1,0,1,1,260,612
15715,15715,0,1,0,1,1,260,612
15716,15716,0,1,1,0,1,260,612
15717,15717,0,1,0,0,0,260,612
15718,15718,0,1,0,0,0,260,612
15719,15719,0,1,0,0,0,260,612
15720,15720,0,1,1,0,0,260,613
15721,15721,0,1,0,0,1,260,613
15722,15722,0,1,0,0,1,260,613
15723,15723,0,1,0,0,1,260,613
15724,15724,0,1,1,0,1,260,613
15725,15725,0,1,0,0,1,260,613
15726,15726,0,1,0,0,1,260,613
15727,15727,0,1,0,0,1,260,613
15728,15728,0,1,1,0,1,260,613
15729,15729,0,1,0,0,1,260,613
15730,15730,0,1,0,0,1,260,613
15731,15731,0,1,0,0,1,260,613
15732,15732,0,1,1,0,1,260,613
15733,15733,0,1,0,0,1,260,613
15734,15734,0,1,0,0,1,260,613
15735,15735,0,1,0,0,1,260,613
15736,15736,0,1,1,0,1,260,613
15737,15737,0,1,0,0,1,260,613
15738,15738,0,1,0,0,1,260,613
15739,15739,0,1,0,0,1,260,613
15740,15740,0,1,1,0,1,260,614
15741,15741,0,1,0,0,1,260,614
15742,15742,0,1,0,0,1,260,614
15743,15743,0,1,0,0,1,260,614
15744,15744,0,1,1,0,1,260,614
15745,15745,0,1,0,0,1,260,614
15746,15746,0,1,0,0,1,260,614
15747,15747,0,1,0,0,1,260,614
15748,15748,0,1,1,0,1,260,614
15749,15749,0,1,0,0,1,260,614
15750,15750,0,1,0,0,1,260,614
15751,15751,0,1,0,0,1,260,614
15752,15752,0,1,1,0,1,260,614
15753,15753,0,1,0,0,0,260,614
15754,15754,0,1,0,0,0,260,614
15755,15755,0,1,0,0,0,260,614
15756,15756,0,1,1,1,0,260,614
15757,15757,0,1,0,1,0,260,614
15758,15758,0,1,0,1,0,260,614
15759,15759,0,1,0,1,0,260,614
15760,15760,0,1,1,1,0,260,615
15761,15761,0,1,0,1,1,260,615
15762,15762,0,1,0,1,1,260,615
15763,15763,0,1,0,1,1,260,615
15764,15764,0,1,1,1,1,260,615
15765,15765,0,1,0,1,1,260,615
15766,15766,0,1,0,1,1,260,615
15767,15767,0,1,0,1,1,260,615
15768,15768,0,1,1,1,1,260,615
15769,15769,0,1,0,1,0,260,615
15770,15770,0,1,0,1,0,260,615
15771,15771,0,1,0,1,0,260,615
15772,15772,0,1,1,1,0,260,615
15773,15773,0,1,0,1,0,260,615
15774,15774,0,1,0,1,0,260,615
15775,15775,0,1,0,1,0,260,615
15776,15776,0,1,1,1,0,260,615
15777,15777,0,1,0,1,1,260,615
15778,15778,0,1,0,1,1,260,615
15779,15779,0,1,0,1,1,260,615
15780,15780,0,1,1,1,1,260,616
15781,15781,0,1,0,1,0,260,616
15782,15782,0,1,0,1,0,260,616
15783,15783,0,1,0,1,0,260,616
15784,15784,0,1,1,1,0,260,616
15785,15785,0,1,0,1,0,260,616
15786,15786,0,1,0,1,0,260,616
15787,15787,0,1,0,1,0,260,616
15788,15788,0,1,1,1,0,260,616
15789,15789,0,1,0,1,0,260,616
15790,15790,0,1,0,1,0,260,616
15791,15791,0,1,0,1,0,260,616
15792,15792,0,1,1,1,0,260,616
15793,15793,0,1,0,1,0,260,616
15794,15794,0,1,0,1,0,260,616
15795,15795,0,1,0,1,0,260,616
15796,15796,0,1,1,1,0,260,616
15797,15797,0,1,0,1,0,260,616
15798,15798,0,1,0,1,0,260,616
15799,15799,0,1,0,1,0,260,616
15800,15800,0,1,1,1,0,260,617
15801,15801,0,1,0,1,0,260,617
15802,15802,0,1,0,1,0,260,617
15803,15803,0,1,0,1,0,260,617
15804,15804,0,1,1,1,0,260,617
15805,15805,0,1,0,1,0,260,617
15806,15806,0,1,0,1,0,260,617
15807,15807,0,1,0,1,0,260,617
15808,15808,0,1,1,1,0,260,617
15809,15809,0,1,0,1,0,260,617
15810,15810,0,1,0,1,0,260,617
15811,15811,0,1,0,1,0,260,617
15812,15812,0,1,1,1,0,260,617
15813,15813,0,1,0,1,0,260,617
15814,15814,0,1,0,1,0,260,617
15815,15815,0,1,0,1,0,260,617
15816,15816,0,1,1,1,0,260,617
15817,15817,0,1,0,1,0,260,617
15818,15818,0,1,0,1,0,260,617
15819,15819,0,1,0,1,0,260,617
15820,15820,0,1,1,1,0,260,618
15821,15821,0,1,0,1,0,260,618
15822,15822,0,1,0,1,0,260,618
15823,15823,0,1,0,1,0,260,618
15824,15824,0,1,1,1,0,260,618
15825,15825,0,1,0,1,1,260,618
15826,15826,0,1,0,1,1,260,618
15827,15827,0,1,0,1,1,260,618
15828,15828,0,1,1,1,1,260,618
15829,15829,0,1,0,1,1,260,618
15830,15830,0,1,0,1,1,260,618
15831,15831,0,1,0,1,1,261,618
15832,15832,0,1,1,1,1,261,618
15833,15833,0,1,0,1,0,261,618
15834,15834,0,1,0,1,0,261,618
15835,15835,0,1,0,1,0,261,618
15836,15836,0,1,1,1,0,261,618
15837,15837,0,1,0,1,1,261,618
15838,15838,0,1,0,1,1,261,618
15839,15839,0,1,0,1,1,261,618
15840,15840,0,1,1,1,1,261,619
15841,15841,0,1,0,1,0,261,619
15842,15842,0,1,0,1,0,261,619
15843,15843,0,1,0,1,0,261,619
15844,15844,0,1,1,1,0,261,619
15845,15845,0,1,0,1,0,261,619
15846,15846,0,1,0,1,0,261,619
15847,15847,0,1,0,1,0,261,619
15848,15848,0,1,1,1,0,261,619
15849,15849,0,1,0,1,0,261,619
15850,15850,0,1,0,1,0,261,619
15851,15851,0,1,0,1,0,261,619
15852,15852,0,1,1,1,0,261,619
15853,15853,0,1,0,1,1,261,619
15854,15854,0,1,0,1,1,261,619
15855,15855,0,1,0,1,1,261,619
15856,15856,0,1,1,1,1,261,619
15857,15857,0,1,0,1,0,261,619
15858,15858,0,1,0,1,0,261,619
15859,15859,0,1,0,1,0,261,619
15860,15860,0,1,1,1,0,261,620
15861,15861,0,1,0,1,1,261,620
15862,15862,0,1,0,1,1,261,620
15863,15863,0,1,0,1,1,261,620
15864,15864,0,1,1,1,1,261,620
15865,15865,0,1,0,1,0,261,620
15866,15866,0,1,0,1,0,261,620
15867,15867,0,1,0,1,0,261,620
15868,15868,0,1,1,1,0,261,620
15869,15869,0,1,0,1,0,261,620
15870,15870,0,1,0,1,0,261,620
15871,15871,0,1,0,1,0,261,620
15872,15872,0,1,1,1,0,261,620
15873,15873,0,1,0,1,0,261,620
15874,15874,0,1,0,1,0,261,620
15875,15875,0,1,0,1,0,261,620
15876,15876,0,1,1,0,0,261,620
15877,15877,0,1,0,0,1,261,620
15878,15878,0,1,0,0,1,261,620
15879,15879,0,1,0,0,1,261,620
15880,15880,0,1,1,0,1,261,621
15881,15881,0,1,0,0,0,261,621
15882,15882,0,1,0,0,0,261,621
15883,15883,0,1,0,0,0,261,621
15884,15884,0,1,1,0,0,261,621
15885,15885,0,1,0,0,1,261,621
15886,15886,0,1,0,0,1,261,621
15887,15887,0,1,0,0,1,261,621
15888,15888,0,1,1,0,1,261,621
15889,15889,0,1,0,0,1,261,621
15890,15890,0,1,0,0,1,261,621
15891,15891,0,1,0,0,1,261,621
15892,15892,0,1,1,0,1,261,621
15893,15893,0,1,0,0,1,261,621
15894,15894,0,1,0,0,1,261,621
15895,15895,0,1,0,0,1,261,621
15896,15896,0,1,1,0,1,261,621
15897,15897,0,1,0,0,1,261,621
15898,15898,0,1,0,0,1,261,621
15899,15899,0,1,0,0,1,261,621
15900,15900,0,1,1,0,1,261,622
15901,15901,0,1,0,0,0,261,622
15902,15902,0,1,0,0,0,261,622
15903,15903,0,1,0,0,0,261,622
15904,15904,0,1,1,0,0,261,622
15905,15905,0,1,0,0,0,261,622
15906,15906,0,1,0,0,0,261,622
15907,15907,0,1,0,0,0,261,622
15908,15908,0,1,1,0,0,261,622
15909,15909,0,1,0,0,0,261,622
15910,15910,0,1,0,0,0,261,622
15911,15911,0,1,0,0,0,262,622
15912,15912,0,1,1,0,0,262,622
15913,15913,0,1,0,0,0,262,622
15914,15914,0,1,0,0,0,262,622
15915,15915,0,1,0,0,0,262,622
15916,15916,0,1,1,1,0,262,622
15917,15917,0,1,0,1,0,262,622
15918,15918,0,1,0,1,0,262,622
15919,15919,0,1,0,1,0,262,622
15920,15920,0,1,1,1,0,262,623
15921,15921,0,1,0,1,0,262,623
15922,15922,0,1,0,1,0,262,623
15923,15923,0,1,0,1,0,262,623
15924,15924,0,1,1,1,0,262,623
15925,15925,0,1,0,1,0,262,623
15926,15926,0,1,0,1,0,262,623
15927,15927,0,1,0,1,0,262,623
15928,15928,0,1,1,1,0,262,623
15929,15929,0,1,0,1,1,262,623
15930,15930,0,1,0,1,1,262,623
15931,15931,0,1,0,1,1,263,623
15932,15932,0,1,1,1,1,263,623
15933,15933,0,1,0,1,0,263,623
15934,15934,0,1,0,1,0,263,623
15935,15935,0,1,0,1,0,263,623
15936,15936,0,1,1,0,0,263,623
15937,15937,0,1,0,0,1,263,623
15938,15938,0,1,0,0,1,263,623
15939,15939,0,1,0,0,1,263,623
15940,15940,0,1,1,0,1,263,624
15941,15941,0,1,0,0,0,263,624
15942,15942,0,1,0,0,0,263,624
15943,15943,0,1,0,0,0,263,624
15944,15944,0,1,1,0,0,263,624
15945,15945,0,1,0,0,1,263,624
15946,15946,0,1,0,0,1,263,624
15947,15947,0,1,0,0,1,263,624
15948,15948,0,1,1,0,1,263,624
15949,15949,0,1,0,0,1,263,624
15950,15950,0,1,0,0,1,263,624
15951,15951,0,1,0,0,1,263,624
15952,15952,0,1,1,0,1,263,624
15953,15953,0,1,0,0,1,263,624
15954,15954,0,1,0,0,1,263,624
15955,15955,0,1,0,0,1,263,624
15956,15956,0,1,1,1,1,263,624
15957,15957,0,1,0,1,1,263,624
15958,15958,0,1,0,1,1,263,624
15959,15959,0,1,0,1,1,263,624
15960,15960,0,1,1,1,1,263,625
15961,15961,0,1,0,1,0,263,625
15962,15962,0,1,0,1,0,263,625
15963,15963,0,1,0,1,0,263,625
15964,15964,0,1,1,1,0,263,625
15965,15965,0,1,0,1,0,263,625
15966,15966,0,1,0,1,0,263,625
15967,15967,0,1,0,1,0,263,625
15968,15968,0,1,1,1,0,263,625
15969,15969,0,1,0,1,0,263,625
15970,15970,0,1,0,1,0,263,625
15971,15971,0,1,0,1,0,263,625
15972,15972,0,1,1,1,0,263,625
15973,15973,0,1,0,1,1,263,625
15974,15974,0,1,0,1,1,263,625
15975,15975,0,1,0,1,1,263,625
15976,15976,0,1,1,1,1,263,625
15977,15977,0,1,0,1,1,263,625
15978,15978,0,1,0,1,1,263,625
15979,15979,0,1,0,1,1,263,625
15980,15980,0,1,1,1,1,263,626
15981,15981,0,1,0,1,1,263,626
15982,15982,0,1,0,1,1,263,626
15983,15983,0,1,0,1,1,263,626
15984,15984,0,1,1,1,1,263,626
15985,15985,0,1,0,1,0,263,626
15986,15986,0,1,0,1,0,263,626
15987,15987,0,1,0,1,0,263,626
15988,15988,0,1,1,1,0,263,626
15989,15989,0,1,0,1,1,263,626
15990,15990,0,1,0,1,1,263,626
15991,15991,0,1,0,1,1,264,626
15992,15992,0,1,1,1,1,264,626
15993,15993,0,1,0,1,0,264,626
15994,15994,0,1,0,1,0,264,626
15995,15995,0,1,0,1,0,264,626
15996,15996,0,1,1,0,0,264,626
15997,15997,0,1,0,0,1,264,626
15998,15998,0,1,0,0,1,264,626
15999,15999,0,1,0,0,1,264,626
16000,16000,0,1,1,0,1,264,627
16001,16001,0,1,0,0,0,264,627
16002,16002,0,1,0,0,0,264,627
16003,16003,0,1,0,0,0,264,627
16004,16004,0,1,1,0,0,264,627
16005,16005,0,1,0,0,1,264,627
16006,16006,0,1,0,0,1,264,627
16007,16007,0,1,0,0,1,264,627
16008,16008,0,1,1,0,1,264,627
16009,16009,0,1,0,0,0,264,627
16010,16010,0,1,0,0,0,264,627
16011,16011,0,1,0,0,0,265,627
16012,16012,0,1,1,0,0,265,627
16013,16013,0,1,0,0,1,265,627
16014,16014,0,1,0,0,1,265,627
16015,16015,0,1,0,0,1,265,627
16016,16016,0,1,1,1,1,265,627
16017,16017,0,1,0,1,0,265,627
16018,16018,0,1,0,1,0,265,627
16019,16019,0,1,0,1,0,265,627
16020,16020,0,1,1,1,0,265,628
16021,16021,0,1,0,1,1,265,628
16022,16022,0,1,0,1,1,265,628
16023,16023,0,1,0,1,1,265,628
16024,16024,0,1,1,1,1,265,628
16025,16025,0,1,0,1,1,265,628
16026,16026,0,1,0,1,1,265,628
16027,16027,0,1,0,1,1,265,628
16028,16028,0,1,1,1,1,265,628
16029,16029,0,1,0,1,0,265,628
16030,16030,0,1,0,1,0,265,628
16031,16031,0,1,0,1,0,265,628
16032,16032,0,1,1,1,0,265,628
16033,16033,0,1,0,1,0,265,628
16034,16034,0,1,0,1,0,265,628
16035,16035,0,1,0,1,0,265,628
16036,16036,0,1,1,1,0,265,628
16037,16037,0,1,0,1,0,265,628
16038,16038,0,1,0,1,0,265,628
16039,16039,0,1,0,1,0,265,628
16040,16040,0,1,1,1,0,265,629
16041,16041,0,1,0,1,1,265,629
16042,16042,0,1,0,1,1,265,629
16043,16043,0,1,0,1,1,265,629
16044,16044,0,1,1,1,1,265,629
16045,16045,0,1,0,1,0,265,629
16046,16046,0,1,0,1,0,265,629
16047,16047,0,1,0,1,0,265,629
16048,16048,0,1,1,1,0,265,629
16049,16049,0,1,0,1,0,265,629
16050,16050,0,1,0,1,0,265,629
16051,16051,0,1,0,1,0,265,629
16052,16052,0,1,1,1,0,265,629
16053,16053,0,1,0,1,0,265,629
16054,16054,0,1,0,1,0,265,629
16055,16055,0,1,0,1,0,265,629
16056,16056,0,1,1,0,0,265,629
16057,16057,0,1,0,0,1,265,629
16058,16058,0,1,0,0,1,265,629
16059,16059,0,1,0,0,1,265,629
16060,16060,0,1,1,0,1,265,630
16061,16061,0,1,0,0,0,265,630
16062,16062,0,1,0,0,0,265,630
16063,16063,0,1,0,0,0,265,630
16064,16064,0,1,1,0,0,265,630
16065,16065,0,1,0,0,0,265,630
16066,16066,0,1,0,0,0,265,630
16067,16067,0,1,0,0,0,265,630
16068,16068,0,1,1,0,0,265,630
16069,16069,0,1,0,0,1,265,630
16070,16070,0,1,0,0,1,265,630
16071,16071,0,1,0,0,1,265,630
16072,16072,0,1,1,0,1,265,630
16073,16073,0,1,0,0,1,265,630
16074,16074,0,1,0,0,1,265,630
16075,16075,0,1,0,0,1,265,630
16076,16076,0,1,1,0,1,265,630
16077,16077,0,1,0,0,0,265,630
16078,16078,0,1,0,0,0,265,630
16079,16079,0,1,0,0,0,265,630
16080,16080,0,1,1,0,0,265,631
16081,16081,0,1,0,0,0,265,631
16082,16082,0,1,0,0,0,265,631
16083,16083,0,1,0,0,0,265,631
16084,16084,0,1,1,0,0,265,631
16085,16085,0,1,0,0,0,265,631
16086,16086,0,1,0,0,0,265,631
16087,16087,0,1,0,0,0,265,631
16088,16088,0,1,1,0,0,265,631
16089,16089,0,1,0,0,0,265,631
16090,16090,0,1,0,0,0,265,631
16091,16091,0,1,0,0,0,266,631
16092,16092,0,1,1,0,0,266,631
16093,16093,0,1,0,0,1,266,631
16094,16094,0,1,0,0,1,266,631
16095,16095,0,1,0,0,1,266,631
16096,16096,0,1,1,1,1,266,631
16097,16097,0,1,0,1,0,266,631
16098,16098,0,1,0,1,0,266,631
16099,16099,0,1,0,1,0,266,631
16100,16100,0,1,1,1,0,266,632
16101,16101,0,1,0,1,0,266,632
16102,16102,0,1,0,1,0,266,632
16103,16103,0,1,0,1,0,266,632
16104,16104,0,1,1,1,0,266,632
16105,16105,0,1,0,1,1,266,632
16106,16106,0,1,0,1,1,266,632
16107,16107,0,1,0,1,1,266,632
16108,16108,0,1,1,1,1,266,632
16109,16109,0,1,0,1,0,266,632
16110,16110,0,1,0,1,0,266,632
16111,16111,0,1,0,1,0,266,632
16112,16112,0,1,1,1,0,266,632
16113,16113,0,1,0,1,0,266,632
16114,16114,0,1,0,1,0,266,632
16115,16115,0,1,0,1,0,266,632
16116,16116,0,1,1,0,0,266,632
16117,16117,0,1,0,0,0,266,632
16118,16118,0,1,0,0,0,266,632
16119,16119,0,1,0,0,0,266,632
16120,16120,0,1,1,0,0,266,633
16121,16121,0,1,0,0,1,266,633
16122,16122,0,1,0,0,1,266,633
16123,16123,0,1,0,0,1,266,633
16124,16124,0,1,1,0,1,266,633
16125,16125,0,1,0,0,1,266,633
16126,16126,0,1,0,0,1,266,633
16127,16127,0,1,0,0,1,266,633
16128,16128,0,1,1,0,1,266,633
16129,16129,0,1,0,0,0,266,633
16130,16130,0,1,0,0,0,266,633
16131,16131,0,1,0,0,0,267,633
16132,16132,0,1,1,0,0,267,633
16133,16133,0,1,0,0,1,267,633
16134,16134,0,1,0,0,1,267,633
16135,16135,0,1,0,0,1,267,633
16136,16136,0,1,1,0,1,267,633
16137,16137,0,1,0,0,0,267,633
16138,16138,0,1,0,0,0,267,633
16139,16139,0,1,0,0,0,267,633
16140,16140,0,1,1,0,0,267,634
16141,16141,0,1,0,0,1,267,634
16142,16142,0,1,0,0,1,267,634
16143,16143,0,1,0,0,1,267,634
16144,16144,0,1,1,0,1,267,634
16145,16145,0,1,0,0,0,267,634
16146,16146,0,1,0,0,0,267,634
16147,16147,0,1,0,0,0,267,634
16148,16148,0,1,1,0,0,267,634
16149,16149,0,1,0,0,1,267,634
16150,16150,0,1,0,0,1,267,634
16151,16151,0,1,0,0,1,267,634
16152,16152,0,1,1,0,1,267,634
16153,16153,0,1,0,0,1,267,634
16154,16154,0,1,0,0,1,267,634
16155,16155,0,1,0,0,1,267,634
16156,16156,0,1,1,1,1,267,634
16157,16157,0,1,0,1,0,267,634
16158,16158,0,1,0,1,0,267,634
16159,16159,0,1,0,1,0,267,634
16160,16160,0,1,1,1,0,267,635
16161,16161,0,1,0,1,0,267,635
16162,16162,0,1,0,1,0,267,635
16163,16163,0,1,0,1,0,267,635
16164,16164,0,1,1,1,0,267,635
16165,16165,0,1,0,1,1,267,635
16166,16166,0,1,0,1,1,267,635
16167,16167,0,1,0,1,1,267,635
16168,16168,0,1,1,1,1,267,635
16169,16169,0,1,0,1,1,267,635
16170,16170,0,1,0,1,1,267,635
16171,16171,0,1,0,1,1,268,635
16172,16172,0,1,1,1,1,268,635
16173,16173,0,1,0,1,0,268,635
16174,16174,0,1,0,1,0,268,635
16175,16175,0,1,0,1,0,268,635
16176,16176,0,1,1,1,0,268,635
16177,16177,0,1,0,1,1,268,635
16178,16178,0,1,0,1,1,268,635
16179,16179,0,1,0,1,1,268,635
16180,16180,0,1,1,1,1,268,636
16181,16181,0,1,0,1,0,268,636
16182,16182,0,1,0,1,0,268,636
16183,16183,0,1,0,1,0,268,636
16184,16184,0,1,1,1,0,268,636
16185,16185,0,1,0,1,1,268,636
16186,16186,0,1,0,1,1,268,636
16187,16187,0,1,0,1,1,268,636
16188,16188,0,1,1,1,1,268,636
16189,16189,0,1,0,1,1,268,636
16190,16190,0,1,0,1,1,268,636
16191,16191,0,1,0,1,1,269,636
16192,16192,0,1,1,1,1,269,636
16193,16193,0,1,0,1,0,269,636
16194,16194,0,1,0,1,0,269,636
16195,16195,0,1,0,1,0,269,636
16196,16196,0,1,1,1,0,269,636
16197,16197,0,1,0,1,1,269,636
16198,16198,0,1,0,1,1,269,636
16199,16199,0,1,0,1,1,269,636
16200,16200,0,1,1,1,1,269,637
16201,16201,0,1,0,1,0,269,637
16202,16202,0,1,0,1,0,269,637
16203,16203,0,1,0,1,0,269,637
16204,16204,0,1,1,1,0,269,637
16205,16205,0,1,0,1,1,269,637
16206,16206,0,1,0,1,1,269,637
16207,16207,0,1,0,1,1,269,637
16208,16208,0,1,1,1,1,269,637
16209,16209,0,1,0,1,0,269,637
16210,16210,0,1,0,1,0,269,637
16211,16211,0,1,0,1,0,269,637
16212,16212,0,1,1,1,0,269,637
16213,16213,0,1,0,1,1,269,637
16214,16214,0,1,0,1,1,269,637
16215,16215,0,1,0,1,1,269,637
16216,16216,0,1,1,1,1,269,637
16217,16217,0,1,0,1,1,269,637
16218,16218,0,1,0,1,1,269,637
16219,16219,0,1,0,1,1,269,637
16220,16220,0,1,1,1,1,269,638
16221,16221,0,1,0,1,0,269,638
16222,16222,0,1,0,1,0,269,638
16223,16223,0,1,0,1,0,269,638
16224,16224,0,1,1,1,0,269,638
16225,16225,0,1,0,1,0,269,638
16226,16226,0,1,0,1,0,269,638
16227,16227,0,1,0,1,0,269,638
16228,16228,0,1,1,1,0,269,638
16229,16229,0,1,0,1,0,269,638
16230,16230,0,1,0,1,0,269,638
16231,16231,0,1,0,1,0,269,638
16232,16232,0,1,1,1,0,269,638
16233,16233,0,1,0,1,0,269,638
16234,16234,0,1,0,1,0,269,638
16235,16235,0,1,0,1,0,269,638
16236,16236,0,1,1,1,0,269,638
16237,16237,0,1,0,1,1,269,638
16238,16238,0,1,0,1,1,269,638
16239,16239,0,1,0,1,1,269,638
16240,16240,0,1,1,1,1,269,639
16241,16241,0,1,0,1,0,269,639
16242,16242,0,1,0,1,0,269,639
16243,16243,0,1,0,1,0,269,639
16244,16244,0,1,1,1,0,269,639
16245,16245,0,1,0,1,0,269,639
16246,16246,0,1,0,1,0,269,639
16247,16247,0,1,0,1,0,269,639
16248,16248,0,1,1,1,0,269,639
16249,16249,0,1,0,1,1,269,639
16250,16250,0,1,0,1,1,269,639
16251,16251,0,1,0,1,1,270,639
16252,16252,0,1,1,1,1,270,639
16253,16253,0,1,0,1,0,270,639
16254,16254,0,1,0,1,0,270,639
16255,16255,0,1,0,1,0,270,639
16256,16256,0,1,1,1,0,270,639
16257,16257,0,1,0,1,1,270,639
16258,16258,0,1,0,1,1,270,639
16259,16259,0,1,0,1,1,270,639
16260,16260,0,1,1,1,1,270,640
16261,16261,0,1,0,1,1,270,640
16262,16262,0,1,0,1,1,270,640
16263,16263,0,1,0,1,1,270,640
16264,16264,0,1,1,1,1,270,640
16265,16265,0,1,0,1,0,270,640
16266,16266,0,1,0,1,0,270,640
16267,16267,0,1,0,1,0,270,640
16268,16268,0,1,1,1,0,270,640
16269,16269,0,1,0,1,1,270,640
16270,16270,0,1,0,1,1,270,640
16271,16271,0,1,0,1,1,271,640
16272,16272,0,1,1,1,1,271,640
16273,16273,0,1,0,1,1,271,640
16274,16274,0,1,0,1,1,271,640
16275,16275,0,1,0,1,1,271,640
16276,16276,0,1,1,1,1,271,640
16277,16277,0,1,0,1,1,271,640
16278,16278,0,1,0,1,1,271,640
16279,16279,0,1,0,1,1,271,640
16280,16280,0,1,1,1,1,271,641
16281,16281,0,1,0,1,1,271,641
16282,16282,0,1,0,1,1,271,641
16283,16283,0,1,0,1,1,271,641
16284,16284,0,1,1,1,1,271,641
16285,16285,0,1,0,1,0,271,641
16286,16286,0,1,0,1,0,271,641
16287,16287,0,1,0,1,0,271,641
16288,16288,0,1,1,1,0,271,641
16289,16289,0,1,0,1,0,271,641
16290,16290,0,1,0,1,0,271,641
16291,16291,0,1,0,1,0,271,641
16292,16292,0,1,1,1,0,271,641
16293,16293,0,1,0,1,1,271,641
16294,16294,0,1,0,1,1,271,641
16295,16295,0,1,0,1,1,271,641
16296,16296,0,1,1,1,1,271,641
16297,16297,0,1,0,1,1,271,641
16298,16298,0,1,0,1,1,271,641
16299,16299,0,1,0,1,1,271,641
16300,16300,0,1,1,1,1,271,642
16301,16301,0,1,0,1,0,271,642
16302,16302,0,1,0,1,0,271,642
16303,16303,0,1,0,1,0,271,642
16304,16304,0,1,1,1,0,271,642
16305,16305,0,1,0,1,0,271,642
16306,16306,0,1,0,1,0,271,642
16307,16307,0,1,0,1,0,271,642
16308,16308,0,1,1,1,0,271,642
16309,16309,0,1,0,1,1,271,642
16310,16310,0,1,0,1,1,271,642
16311,16311,0,1,0,1,1,272,642
16312,16312,0,1,1,1,1,272,642
16313,16313,0,1,0,1,0,272,642
16314,16314,0,1,0,1,0,272,642
16315,16315,0,1,0,1,0,272,642
16316,16316,0,1,1,0,0,272,642
16317,16317,0,1,0,0,1,272,642
16318,16318,0,1,0,0,1,272,642
16319,16319,0,1,0,0,1,272,642
16320,16320,0,1,1,0,1,272,643
16321,16321,0,1,0,0,0,272,643
16322,16322,0,1,0,0,0,272,643
16323,16323,0,1,0,0,0,272,643
16324,16324,0,1,1,0,0,272,643
16325,16325,0,1,0,0,1,272,643
16326,16326,0,1,0,0,1,272,643
16327,16327,0,1,0,0,1,272,643
16328,16328,0,1,1,0,1,272,643
16329,16329,0,1,0,0,0,272,643
16330,16330,0,1,0,0,0,272,643
16331,16331,0,1,0,0,0,273,643
16332,16332,0,1,1,0,0,273,643
16333,16333,0,1,0,0,1,273,643
16334,16334,0,1,0,0,1,273,643
16335,16335,0,1,0,0,1,273,643
16336,16336,0,1,1,0,1,273,643
16337,16337,0,1,0,0,1,273,643
16338,16338,0,1,0,0,1,273,643
16339,16339,0,1,0,0,1,273,643
16340,16340,0,1,1,0,1,273,644
16341,16341,0,1,0,0,1,273,644
16342,16342,0,1,0,0,1,273,644
16343,16343,0,1,0,0,1,273,644
16344,16344,0,1,1,0,1,273,644
16345,16345,0,1,0,0,1,273,644
16346,16346,0,1,0,0,1,273,644
16347,16347,0,1,0,0,1,273,644
16348,16348,0,1,1,0,1,273,644
16349,16349,0,1,0,0,0,273,644
16350,16350,0,1,0,0,0,273,644
16351,16351,0,1,0,0,0,274,644
16352,16352,0,1,1,0,0,274,644
16353,16353,0,1,0,0,0,274,644
16354,16354,0,1,0,0,0,274,644
16355,16355,0,1,0,0,0,274,644
16356,16356,0,1,1,1,0,274,644
16357,16357,0,1,0,1,1,274,644
16358,16358,0,1,0,1,1,274,644
16359,16359,0,1,0,1,1,274,644
16360,16360,0,1,1,1,1,274,645
16361,16361,0,1,0,1,0,274,645
16362,16362,0,1,0,1,0,274,645
16363,16363,0,1,0,1,0,274,645
16364,16364,0,1,1,1,0,274,645
16365,16365,0,1,0,1,0,274,645
16366,16366,0,1,0,1,0,274,645
16367,16367,0,1,0,1,0,274,645
16368,16368,0,1,1,1,0,274,645
16369,16369,0,1,0,1,0,274,645
16370,16370,0,1,0,1,0,274,645
16371,16371,0,1,0,1,0,274,645
16372,16372,0,1,1,1,0,274,645
16373,16373,0,1,0,1,1,274,645
16374,16374,0,1,0,1,1,274,645
16375,16375,0,1,0,1,1,274,645
16376,16376,0,1,1,1,1,274,645
16377,16377,0,1,0,1,1,274,645
16378,16378,0,1,0,1,1,274,645
16379,16379,0,1,0,1,1,274,645
16380,16380,0,1,1,1,1,274,646
16381,16381,0,1,0,1,1,274,646
16382,16382,0,1,0,1,1,274,646
16383,16383,0,1,0,1,1,274,646
16384,16384,1,1,1,1,1,274,646
16385,16385,0,1,0,1,0,274,646
16386,16386,0,1,0,1,0,274,646
16387,16387,0,1,0,1,0,274,646
16388,16388,0,1,1,1,0,274,646
16389,16389,0,1,0,1,1,274,646
16390,16390,0,1,0,1,1,274,646
16391,16391,0,1,0,1,1,275,646
16392,16392,0,1,1,1,1,275,646
16393,16393,0,1,0,1,1,275,646
16394,16394,0,1,0,1,1,275,646
16395,16395,0,1,0,1,1,275,646
16396,16396,0,1,1,0,1,275,646
16397,16397,0,1,0,0,1,275,646
16398,16398,0,1,0,0,1,275,646
16399,16399,0,1,0,0,1,275,646
16400,16400,0,1,1,0,1,275,647
16401,16401,0,1,0,0,1,275,647
16402,16402,0,1,0,0,1,275,647
16403,16403,0,1,0,0,1,275,647
16404,16404,0,1,1,0,1,275,647
16405,16405,0,1,0,0,1,275,647
16406,16406,0,1,0,0,1,275,647
16407,16407,0,1,0,0,1,275,647
16408,16408,0,1,1,0,1,275,647
16409,16409,0,1,0,0,1,275,647
16410,16410,0,1,0,0,1,275,647
16411,16411,0,1,0,0,1,275,647
16412,16412,0,1,1,0,1,275,647
16413,16413,0,1,0,0,1,275,647
16414,16414,0,1,0,0,1,275,647
16415,16415,0,1,0,0,1,275,647
16416,16416,0,1,1,1,1,275,647
16417,16417,0,1,0,1,1,275,647
16418,16418,0,1,0,1,1,275,647
16419,16419,0,1,0,1,1,275,647
16420,16420,0,1,1,1,1,275,648
16421,16421,0,1,0,1,0,275,648
16422,16422,0,1,0,1,0,275,648
16423,16423,0,1,0,1,0,275,648
16424,16424,0,1,1,1,0,275,648
16425,16425,0,1,0,1,1,275,648
16426,16426,0,1,0,1,1,275,648
16427,16427,0,1,0,1,1,275,648
16428,16428,0,1,1,1,1,275,648
16429,16429,0,1,0,1,0,275,648
16430,16430,0,1,0,1,0,275,648
16431,16431,0,1,0,1,0,275,648
16432,16432,0,1,1,1,0,275,648
16433,16433,0,1,0,1,1,275,648
16434,16434,0,1,0,1,1,275,648
16435,16435,0,1,0,1,1,275,648
16436,16436,0,1,1,1,1,275,648
16437,16437,0,1,0,1,0,275,648
16438,16438,0,1,0,1,0,275,648
16439,16439,0,1,0,1,0,275,648
16440,16440,0,1,1,1,0,275,649
16441,16441,0,1,0,1,1,275,649
16442,16442,0,1,0,1,1,275,649
16443,16443,0,1,0,1,1,275,649
16444,16444,0,1,1,1,1,275,649
16445,16445,0,1,0,1,0,275,649
16446,16446,0,1,0,1,0,275,649
16447,16447,0,1,0,1,0,275,649
16448,16448,0,1,1,1,0,275,649
16449,16449,0,1,0,1,0,275,649
16450,16450,0,1,0,1,0,275,649
16451,16451,0,1,0,1,0,275,649
16452,16452,0,1,1,1,0,275,649
16453,16453,0,1,0,1,1,275,649
16454,16454,0,1,0,1,1,275,649
16455,16455,0,1,0,1,1,275,649
16456,16456,0,1,1,0,1,275,649
16457,16457,0,1,0,0,1,275,649
16458,16458,0,1,0,0,1,275,649
16459,16459,0,1,0,0,1,275,649
16460,16460,0,1,1,0,1,275,650
16461,16461,0,1,0,0,1,275,650
16462,16462,0,1,0,0,1,275,650
16463,16463,0,1,0,0,1,275,650
16464,16464,0,1,1,0,1,275,650
16465,16465,0,1,0,0,0,275,650
16466,16466,0,1,0,0,0,275,650
16467,16467,0,1,0,0,0,275,650
16468,16468,0,1,1,0,0,275,650
16469,16469,0,1,0,0,1,275,650
16470,16470,0,1,0,0,1,275,650
16471,16471,0,1,0,0,1,275,650
16472,16472,0,1,1,0,1,275,650
16473,16473,0,1,0,0,0,275,650
16474,16474,0,1,0,0,0,275,650
16475,16475,0,1,0,0,0,275,650
16476,16476,0,1,1,0,0,275,650
16477,16477,0,1,0,0,0,275,650
16478,16478,0,1,0,0,0,275,650
16479,16479,0,1,0,0,0,275,650
16480,16480,0,1,1,0,0,275,651
16481,16481,0,1,0,0,1,275,651
16482,16482,0,1,0,0,1,275,651
16483,16483,0,1,0,0,1,275,651
16484,16484,0,1,1,0,1,275,651
16485,16485,0,1,0,0,1,275,651
16486,16486,0,1,0,0,1,275,651
16487,16487,0,1,0,0,1,275,651
16488,16488,0,1,1,0,1,275,651
16489,16489,0,1,0,0,0,275,651
16490,16490,0,1,0,0,0,275,651
16491,16491,0,1,0,0,0,276,651
16492,16492,0,1,1,0,0,276,651
16493,16493,0,1,0,0,0,276,651
16494,16494,0,1,0,0,0,276,651
16495,16495,0,1,0,0,0,276,651
16496,16496,0,1,1,1,0,276,651
16497,16497,0,1,0,1,1,276,651
16498,16498,0,1,0,1,1,276,651
16499,16499,0,1,0,1,1,276,651
16500,16500,0,1,1,1,1,276,652
16501,16501,0,1,0,1,0,276,652
16502,16502,0,1,0,1,0,276,652
16503,16503,0,1,0,1,0,276,652
16504,16504,0,1,1,1,0,276,652
16505,16505,0,1,0,1,0,276,652
16506,16506,0,1,0,1,0,276,652
16507,16507,0,1,0,1,0,276,652
16508,16508,0,1,1,1,0,276,652
16509,16509,0,1,0,1,1,276,652
16510,16510,0,1,0,1,1,276,652
16511,16511,0,1,0,1,1,277,652
16512,16512,0,1,1,1,1,277,652
16513,16513,0,1,0,1,1,277,652
16514,16514,0,1,0,1,1,277,652
16515,16515,0,1,0,1,1,277,652
16516,16516,0,1,1,1,1,277,652
16517,16517,0,1,0,1,1,277,652
16518,16518,0,1,0,1,1,277,652
16519,16519,0,1,0,1,1,277,652
16520,16520,0,1,1,1,1,277,653
16521,16521,0,1,0,1,0,277,653
16522,16522,0,1,0,1,0,277,653
16523,16523,0,1,0,1,0,277,653
16524,16524,0,1,1,1,0,277,653
16525,16525,0,1,0,1,1,277,653
16526,16526,0,1,0,1,1,277,653
16527,16527,0,1,0,1,1,277,653
16528,16528,0,1,1,1,1,277,653
16529,16529,0,1,0,1,1,277,653
16530,16530,0,1,0,1,1,277,653
16531,16531,0,1,0,1,1,278,653
16532,16532,0,1,1,1,1,278,653
16533,16533,0,1,0,1,0,278,653
16534,16534,0,1,0,1,0,278,653
16535,16535,0,1,0,1,0,278,653
16536,16536,0,1,1,0,0,278,653
16537,16537,0,1,0,0,0,278,653
16538,16538,0,1,0,0,0,278,653
16539,16539,0,1,0,0,0,278,653
16540,16540,0,1,1,0,0,278,654
16541,16541,0,1,0,0,0,278,654
16542,16542,0,1,0,0,0,278,654
16543,16543,0,1,0,0,0,278,654
16544,16544,0,1,1,0,0,278,654
16545,16545,0,1,0,0,0,278,654
16546,16546,0,1,0,0,0,278,654
16547,16547,0,1,0,0,0,278,654
16548,16548,0,1,1,0,0,278,654
16549,16549,0,1,0,0,0,278,654
16550,16550,0,1,0,0,0,278,654
16551,16551,0,1,0,0,0,279,654
16552,16552,0,1,1,0,0,279,654
16553,16553,0,1,0,0,0,279,654
16554,16554,0,1,0,0,0,279,654
16555,16555,0,1,0,0,0,279,654
16556,16556,0,1,1,1,0,279,654
16557,16557,0,1,0,1,1,279,654
16558,16558,0,1,0,1,1,279,654
16559,16559,0,1,0,1,1,279,654
16560,16560,0,1,1,1,1,279,655
16561,16561,0,1,0,1,0,279,655
16562,16562,0,1,0,1,0,279,655
16563,16563,0,1,0,1,0,279,655
16564,16564,0,1,1,1,0,279,655
16565,16565,0,1,0,1,1,279,655
16566,16566,0,1,0,1,1,279,655
16567,16567,0,1,0,1,1,279,655
16568,16568,0,1,1,1,1,279,655
16569,16569,0,1,0,1,0,279,655
16570,16570,0,1,0,1,0,279,655
16571,16571,0,1,0,1,0,279,655
16572,16572,0,1,1,1,0,279,655
16573,16573,0,1,0,1,1,279,655
16574,16574,0,1,0,1,1,279,655
16575,16575,0,1,0,1,1,279,655
16576,16576,0,1,1,1,1,279,655
16577,16577,0,1,0,1,1,279,655
16578,16578,0,1,0,1,1,279,655
16579,16579,0,1,0,1,1,279,655
16580,16580,0,1,1,1,1,279,656
16581,16581,0,1,0,1,0,279,656
16582,16582,0,1,0,1,0,279,656
16583,16583,0,1,0,1,0,279,656
16584,16584,0,1,1,1,0,279,656
16585,16585,0,1,0,1,0,279,656
16586,16586,0,1,0,1,0,279,656
16587,16587,0,1,0,1,0,279,656
16588,16588,0,1,1,1,0,279,656
16589,16589,0,1,0,1,1,279,656
16590,16590,0,1,0,1,1,279,656
16591,16591,0,1,0,1,1,280,656
16592,16592,0,1,1,1,1,280,656
16593,16593,0,1,0,1,0,280,656
16594,16594,0,1,0,1,0,280,656
16595,16595,0,1,0,1,0,280,656
16596,16596,0,1,1,0,0,280,656
16597,16597,0,1,0,0,1,280,656
16598,16598,0,1,0,0,1,280,656
16599,16599,0,1,0,0,1,280,656
16600,16600,0,1,1,0,1,280,657
16601,16601,0,1,0,0,0,280,657
16602,16602,0,1,0,0,0,280,657
16603,16603,0,1,0,0,0,280,657
16604,16604,0,1,1,0,0,280,657
16605,16605,0,1,0,0,1,280,657
16606,16606,0,1,0,0,1,280,657
16607,16607,0,1,0,0,1,280,657
16608,16608,0,1,1,0,1,280,657
16609,16609,0,1,0,0,1,280,657
16610,16610,0,1,0,0,1,280,657
16611,16611,0,1,0,0,1,280,657
16612,16612,0,1,1,0,1,280,657
16613,16613,0,1,0,0,1,280,657
16614,16614,0,1,0,0,1,280,657
16615,16615,0,1,0,0,1,280,657
16616,16616,0,1,1,1,1,280,657
16617,16617,0,1,0,1,1,280,657
16618,16618,0,1,0,1,1,280,657
16619,16619,0,1,0,1,1,280,657
16620,16620,0,1,1,1,1,280,658
16621,16621,0,1,0,1,0,280,658
16622,16622,0,1,0,1,0,280,658
16623,16623,0,1,0,1,0,280,658
16624,16624,0,1,1,1,0,280,658
16625,16625,0,1,0,1,1,280,658
16626,16626,0,1,0,1,1,280,658
16627,16627,0,1,0,1,1,280,658
16628,16628,0,1,1,1,1,280,658
16629,16629,0,1,0,1,0,280,658
16630,16630,0,1,0,1,0,280,658
16631,16631,0,1,0,1,0,280,658
16632,16632,0,1,1,1,0,280,658
16633,16633,0,1,0,1,0,280,658
16634,16634,0,1,0,1,0,280,658
16635,16635,0,1,0,1,0,280,658
16636,16636,0,1,1,0,0,280,658
16637,16637,0,1,0,0,0,280,658
16638,16638,0,1,0,0,0,280,658
16639,16639,0,1,0,0,0,280,658
16640,16640,0,1,1,0,0,280,659
16641,16641,0,1,0,0,1,280,659
16642,16642,0,1,0,0,1,280,659
16643,16643,0,1,0,0,1,280,659
16644,16644,0,1,1,0,1,280,659
16645,16645,0,1,0,0,0,280,659
16646,16646,0,1,0,0,0,280,659
16647,16647,0,1,0,0,0,280,659
16648,16648,0,1,1,0,0,280,659
16649,16649,0,1,0,0,0,280,659
16650,16650,0,1,0,0,0,280,659
16651,16651,0,1,0,0,0,281,659
16652,16652,0,1,1,0,0,281,659
16653,16653,0,1,0,0,0,281,659
16654,16654,0,1,0,0,0,281,659
16655,16655,0,1,0,0,0,281,659
16656,16656,0,1,1,1,0,281,659
16657,16657,0,1,0,1,0,281,659
16658,16658,0,1,0,1,0,281,659
16659,16659,0,1,0,1,0,281,659
16660,16660,0,1,1,1,0,281,660
16661,16661,0,1,0,1,0,281,660
16662,16662,0,1,0,1,0,281,660
16663,16663,0,1,0,1,0,281,660
16664,16664,0,1,1,1,0,281,660
16665,16665,0,1,0,1,0,281,660
16666,16666,0,1,0,1,0,281,660
16667,16667,0,1,0,1,0,281,660
16668,16668,0,1,1,1,0,281,660
16669,16669,0,1,0,1,1,281,660
16670,16670,0,1,0,1,1,281,660
16671,16671,0,1,0,1,1,282,660
16672,16672,0,1,1,1,1,282,660
16673,16673,0,1,0,1,0,282,660
16674,16674,0,1,0,1,0,282,660
16675,16675,0,1,0,1,0,282,660
16676,16676,0,1,1,0,0,282,660
16677,16677,0,1,0,0,0,282,660
16678,16678,0,1,0,0,0,282,660
16679,16679,0,1,0,0,0,282,660
16680,16680,0,1,1,0,0,282,661
16681,16681,0,1,0,0,1,282,661
16682,16682,0,1,0,0,1,282,661
16683,16683,0,1,0,0,1,282,661
16684,16684,0,1,1,0,1,282,661
16685,16685,0,1,0,0,1,282,661
16686,16686,0,1,0,0,1,282,661
16687,16687,0,1,0,0,1,282,661
16688,16688,0,1,1,0,1,282,661
16689,16689,0,1,0,0,1,282,661
16690,16690,0,1,0,0,1,282,661
16691,16691,0,1,0,0,1,282,661
16692,16692,0,1,1,0,1,282,661
16693,16693,0,1,0,0,1,282,661
16694,16694,0,1,0,0,1,282,661
16695,16695,0,1,0,0,1,282,661
16696,16696,0,1,1,1,1,282,661
16697,16697,0,1,0,1,1,282,661
16698,16698,0,1,0,1,1,282,661
16699,16699,0,1,0,1,1,282,661
16700,16700,0,1,1,1,1,282,662
16701,16701,0,1,0,1,0,282,662
16702,16702,0,1,0,1,0,282,662
16703,16703,0,1,0,1,0,282,662
16704,16704,0,1,1,1,0,282,662
16705,16705,0,1,0,1,0,282,662
16706,16706,0,1,0,1,0,282,662
16707,16707,0,1,0,1,0,282,662
16708,16708,0,1,1,1,0,282,662
16709,16709,0,1,0,1,0,282,662
16710,16710,0,1,0,1,0,282,662
16711,16711,0,1,0,1,0,282,662
16712,16712,0,1,1,1,0,282,662
16713,16713,0,1,0,1,1,282,662
16714,16714,0,1,0,1,1,282,662
16715,16715,0,1,0,1,1,282,662
16716,16716,0,1,1,1,1,282,662
16717,16717,0,1,0,1,0,282,662
16718,16718,0,1,0,1,0,282,662
16719,16719,0,1,0,1,0,282,662
16720,16720,0,1,1,1,0,282,663
16721,16721,0,1,0,1,0,282,663
16722,16722,0,1,0,1,0,282,663
16723,16723,0,1,0,1,0,282,663
16724,16724,0,1,1,1,0,282,663
16725,16725,0,1,0,1,1,282,663
16726,16726,0,1,0,1,1,282,663
16727,16727,0,1,0,1,1,282,663
16728,16728,0,1,1,1,1,282,663
16729,16729,0,1,0,1,0,282,663
16730,16730,0,1,0,1,0,282,663
16731,16731,0,1,0,1,0,282,663
16732,16732,0,1,1,1,0,282,663
16733,16733,0,1,0,1,1,282,663
16734,16734,0,1,0,1,1,282,663
16735,16735,0,1,0,1,1,282,663
16736,16736,0,1,1,0,1,282,663
16737,16737,0,1,0,0,0,282,663
16738,16738,0,1,0,0,0,282,663
16739,16739,0,1,0,0,0,282,663
16740,16740,0,1,1,0,0,282,664
16741,16741,0,1,0,0,1,282,664
16742,16742,0,1,0,0,1,282,664
16743,16743,0,1,0,0,1,282,664
16744,16744,0,1,1,0,1,282,664
16745,16745,0,1,0,0,0,282,664
16746,16746,0,1,0,0,0,282,664
16747,16747,0,1,0,0,0,282,664
16748,16748,0,1,1,0,0,282,664
16749,16749,0,1,0,0,1,282,664
16750,16750,0,1,0,0,1,282,664
16751,16751,0,1,0,0,1,282,664
16752,16752,0,1,1,0,1,282,664
16753,16753,0,1,0,0,1,282,664
16754,16754,0,1,0,0,1,282,664
16755,16755,0,1,0,0,1,282,664
16756,16756,0,1,1,1,1,282,664
16757,16757,0,1,0,1,1,282,664
16758,16758,0,1,0,1,1,282,664
16759,16759,0,1,0,1,1,282,664
16760,16760,0,1,1,1,1,282,665
16761,16761,0,1,0,1,0,282,665
16762,16762,0,1,0,1,0,282,665
16763,16763,0,1,0,1,0,282,665
16764,16764,0,1,1,1,0,282,665
16765,16765,0,1,0,1,0,282,665
16766,16766,0,1,0,1,0,282,665
16767,16767,0,1,0,1,0,282,665
16768,16768,0,1,1,1,0,282,665
16769,16769,0,1,0,1,1,282,665
16770,16770,0,1,0,1,1,282,665
16771,16771,0,1,0,1,1,283,665
16772,16772,0,1,1,1,1,283,665
16773,16773,0,1,0,1,1,283,665
16774,16774,0,1,0,1,1,283,665
16775,16775,0,1,0,1,1,283,665
16776,16776,0,1,1,0,1,283,665
16777,16777,0,1,0,0,0,283,665
16778,16778,0,1,0,0,0,283,665
16779,16779,0,1,0,0,0,283,665
16780,16780,0,1,1,0,0,283,666
16781,16781,0,1,0,0,1,283,666
16782,16782,0,1,0,0,1,283,666
16783,16783,0,1,0,0,1,283,666
16784,16784,0,1,1,0,1,283,666
16785,16785,0,1,0,0,1,283,666
16786,16786,0,1,0,0,1,283,666
16787,16787,0,1,0,0,1,283,666
16788,16788,0,1,1,0,1,283,666
16789,16789,0,1,0,0,1,283,666
16790,16790,0,1,0,0,1,283,666
16791,16791,0,1,0,0,1,283,666
16792,16792,0,1,1,0,1,283,666
16793,16793,0,1,0,0,0,283,666
16794,16794,0,1,0,0,0,283,666
16795,16795,0,1,0,0,0,283,666
16796,16796,0,1,1,1,0,283,666
16797,16797,0,1,0,1,0,283,666
16798,16798,0,1,0,1,0,283,666
16799,16799,0,1,0,1,0,283,666
16800,16800,0,1,1,1,0,283,667
16801,16801,0,1,0,1,0,283,667
16802,16802,0,1,0,1,0,283,667
16803,16803,0,1,0,1,0,283,667
16804,16804,0,1,1,1,0,283,667
16805,16805,0,1,0,1,1,283,667
16806,16806,0,1,0,1,1,283,667
16807,16807,0,1,0,1,1,283,667
16808,16808,0,1,1,1,1,283,667
16809,16809,0,1,0,1,0,283,667
16810,16810,0,1,0,1,0,283,667
16811,16811,0,1,0,1,0,283,667
16812,16812,0,1,1,1,0,283,667
16813,16813,0,1,0,1,1,283,667
16814,16814,0,1,0,1,1,283,667
16815,16815,0,1,0,1,1,283,667
16816,16816,0,1,1,0,1,283,667
16817,16817,0,1,0,0,1,283,667
16818,16818,0,1,0,0,1,283,667
16819,16819,0,1,0,0,1,283,667
16820,16820,0,1,1,0,1,283,668
16821,16821,0,1,0,0,1,283,668
16822,16822,0,1,0,0,1,283,668
16823,16823,0,1,0,0,1,283,668
16824,16824,0,1,1,0,1,283,668
16825,16825,0,1,0,0,1,283,668
16826,16826,0,1,0,0,1,283,668
16827,16827,0,1,0,0,1,283,668
16828,16828,0,1,1,0,1,283,668
16829,16829,0,1,0,0,1,283,668
16830,16830,0,1,0,0,1,283,668
16831,16831,0,1,0,0,1,283,668
16832,16832,0,1,1,0,1,283,668
16833,16833,0,1,0,0,1,283,668
16834,16834,0,1,0,0,1,283,668
16835,16835,0,1,0,0,1,283,668
16836,16836,0,1,1,1,1,283,668
16837,16837,0,1,0,1,0,283,668
16838,16838,0,1,0,1,0,283,668
16839,16839,0,1,0,1,0,283,668
16840,16840,0,1,1,1,0,283,669
16841,16841,0,1,0,1,1,283,669
16842,16842,0,1,0,1,1,283,669
16843,16843,0,1,0,1,1,283,669
16844,16844,0,1,1,1,1,283,669
16845,16845,0,1,0,1,0,283,669
16846,16846,0,1,0,1,0,283,669
16847,16847,0,1,0,1,0,283,669
16848,16848,0,1,1,1,0,283,669
16849,16849,0,1,0,1,0,283,669
16850,16850,0,1,0,1,0,283,669
16851,16851,0,1,0,1,0,283,669
16852,16852,0,1,1,1,0,283,669
16853,16853,0,1,0,1,0,283,669
16854,16854,0,1,0,1,0,283,669
16855,16855,0,1,0,1,0,283,669
16856,16856,0,1,1,0,0,283,669
16857,16857,0,1,0,0,1,283,669
16858,16858,0,1,0,0,1,283,669
16859,16859,0,1,0,0,1,283,669
16860,16860,0,1,1,0,1,283,670
16861,16861,0,1,0,0,0,283,670
16862,16862,0,1,0,0,0,283,670
16863,16863,0,1,0,0,0,283,670
16864,16864,0,1,1,0,0,283,670
16865,16865,0,1,0,0,1,283,670
16866,16866,0,1,0,0,1,283,670
16867,16867,0,1,0,0,1,283,670
16868,16868,0,1,1,0,1,283,670
16869,16869,0,1,0,0,1,283,670
16870,16870,0,1,0,0,1,283,670
16871,16871,0,1,0,0,1,283,670
16872,16872,0,1,1,0,1,283,670
16873,16873,0,1,0,0,0,283,670
16874,16874,0,1,0,0,0,283,670
16875,16875,0,1,0,0,0,283,670
16876,16876,0,1,1,0,0,283,670
16877,16877,0,1,0,0,1,283,670
16878,16878,0,1,0,0,1,283,670
16879,16879,0,1,0,0,1,283,670
16880,16880,0,1,1,0,1,283,671
16881,16881,0,1,0,0,0,283,671
16882,16882,0,1,0,0,0,283,671
16883,16883,0,1,0,0,0,283,671
16884,16884,0,1,1,0,0,283,671
16885,16885,0,1,0,0,1,283,671
16886,16886,0,1,0,0,1,283,671
16887,16887,0,1,0,0,1,283,671
16888,16888,0,1,1,0,1,283,671
16889,16889,0,1,0,0,0,283,671
16890,16890,0,1,0,0,0,283,671
16891,16891,0,1,0,0,0,284,671
16892,16892,0,1,1,0,0,284,671
16893,16893,0,1,0,0,1,284,671
16894,16894,0,1,0,0,1,284,671
16895,16895,0,1,0,0,1,284,671
16896,16896,0,1,1,0,1,284,671
16897,16897,0,1,0,0,1,284,671
16898,16898,0,1,0,0,1,284,671
16899,16899,0,1,0,0,1,284,671
16900,16900,0,1,1,0,1,284,672
16901,16901,0,1,0,0,0,284,672
16902,16902,0,1,0,0,0,284,672
16903,16903,0,1,0,0,0,284,672
16904,16904,0,1,1,0,0,284,672
16905,16905,0,1,0,0,1,284,672
16906,16906,0,1,0,0,1,284,672
16907,16907,0,1,0,0,1,284,672
16908,16908,0,1,1,0,1,284,672
16909,16909,0,1,0,0,1,284,672
16910,16910,0,1,0,0,1,284,672
16911,16911,0,1,0,0,1,284,672
16912,16912,0,1,1,0,1,284,672
16913,16913,0,1,0,0,0,284,672
16914,16914,0,1,0,0,0,284,672
16915,16915,0,1,0,0,0,284,672
16916,16916,0,1,1,1,0,284,672
16917,16917,0,1,0,1,1,284,672
16918,16918,0,1,0,1,1,284,672
16919,16919,0,1,0,1,1,284,672
16920,16920,0,1,1,1,1,284,673
16921,16921,0,1,0,1,0,284,673
16922,16922,0,1,0,1,0,284,673
16923,16923,0,1,0,1,0,284,673
16924,16924,0,1,1,1,0,284,673
16925,16925,0,1,0,1,0,284,673
16926,16926,0,1,0,1,0,284,673
16927,16927,0,1,0,1,0,284,673
16928,16928,0,1,1,1,0,284,673
16929,16929,0,1,0,1,0,284,673
16930,16930,0,1,0,1,0,284,673
16931,16931,0,1,0,1,0,284,673
16932,16932,0,1,1,1,0,284,673
16933,16933,0,1,0,1,0,284,673
16934,16934,0,1,0,1,0,284,673
16935,16935,0,1,0,1,0,284,673
16936,16936,0,1,1,0,0,284,673
16937,16937,0,1,0,0,1,284,673
16938,16938,0,1,0,0,1,284,673
16939,16939,0,1,0,0,1,284,673
16940,16940,0,1,1,0,1,284,674
16941,16941,0,1,0,0,0,284,674
16942,16942,0,1,0,0,0,284,674
16943,16943,0,1,0,0,0,284,674
16944,16944,0,1,1,0,0,284,674
16945,16945,0,1,0,0,1,284,674
16946,16946,0,1,0,0,1,284,674
16947,16947,0,1,0,0,1,284,674
16948,16948,0,1,1,0,1,284,674
16949,16949,0,1,0,0,1,284,674
16950,16950,0,1,0,0,1,284,674
16951,16951,0,1,0,0,1,284,674
16952,16952,0,1,1,0,1,284,674
16953,16953,0,1,0,0,1,284,674
16954,16954,0,1,0,0,1,284,674
16955,16955,0,1,0,0,1,284,674
16956,16956,0,1,1,1,1,284,674
16957,16957,0,1,0,1,0,284,674
16958,16958,0,1,0,1,0,284,674
16959,16959,0,1,0,1,0,284,674
16960,16960,0,1,1,1,0,284,675
16961,16961,0,1,0,1,0,284,675
16962,16962,0,1,0,1,0,284,675
16963,16963,0,1,0,1,0,284,675
16964,16964,0,1,1,1,0,284,675
16965,16965,0,1,0,1,0,284,675
16966,16966,0,1,0,1,0,284,675
16967,16967,0,1,0,1,0,284,675
16968,16968,0,1,1,1,0,284,675
16969,16969,0,1,0,1,0,284,675
16970,16970,0,1,0,1,0,284,675
16971,16971,0,1,0,1,0,284,675
16972,16972,0,1,1,1,0,284,675
16973,16973,0,1,0,1,0,284,675
16974,16974,0,1,0,1,0,284,675
16975,16975,0,1,0,1,0,284,675
16976,16976,0,1,1,0,0,284,675
16977,16977,0,1,0,0,1,284,675
16978,16978,0,1,0,0,1,284,675
16979,16979,0,1,0,0,1,284,675
16980,16980,0,1,1,0,1,284,676
16981,16981,0,1,0,0,0,284,676
16982,16982,0,1,0,0,0,284,676
16983,16983,0,1,0,0,0,284,676
16984,16984,0,1,1,0,0,284,676
16985,16985,0,1,0,0,1,284,676
16986,16986,0,1,0,0,1,284,676
16987,16987,0,1,0,0,1,284,676
16988,16988,0,1,1,0,1,284,676
16989,16989,0,1,0,0,0,284,676
16990,16990,0,1,0,0,0,284,676
16991,16991,0,1,0,0,0,285,676
16992,16992,0,1,1,0,0,285,676
16993,16993,0,1,0,0,1,285,676
16994,16994,0,1,0,0,1,285,676
16995,16995,0,1,0,0,1,285,676
16996,16996,0,1,1,1,1,285,676
16997,16997,0,1,0,1,0,285,676
16998,16998,0,1,0,1,0,285,676
16999,16999,0,1,0,1,0,285,676
17000,17000,0,1,1,1,0,285,677
17001,17001,0,1,0,1,0,285,677
17002,17002,0,1,0,1,0,285,677
17003,17003,0,1,0,1,0,285,677
17004,17004,0,1,1,1,0,285,677
17005,17005,0,1,0,1,1,285,677
17006,17006,0,1,0,1,1,285,677
17007,17007,0,1,0,1,1,285,677
17008,17008,0,1,1,1,1,285,677
17009,17009,0,1,0,1,0,285,677
17010,17010,0,1,0,1,0,285,677
17011,17011,0,1,0,1,0,285,677
17012,17012,0,1,1,1,0,285,677
17013,17013,0,1,0,1,0,285,677
17014,17014,0,1,0,1,0,285,677
17015,17015,0,1,0,1,0,285,677
17016,17016,0,1,1,1,0,285,677
17017,17017,0,1,0,1,0,285,677
17018,17018,0,1,0,1,0,285,677
17019,17019,0,1,0,1,0,285,677
17020,17020,0,1,1,1,0,285,678
17021,17021,0,1,0,1,0,285,678
17022,17022,0,1,0,1,0,285,678
17023,17023,0,1,0,1,0,285,678
17024,17024,0,1,1,1,0,285,678
17025,17025,0,1,0,1,0,285,678
17026,17026,0,1,0,1,0,285,678
17027,17027,0,1,0,1,0,285,678
17028,17028,0,1,1,1,0,285,678
17029,17029,0,1,0,1,1,285,678
17030,17030,0,1,0,1,1,285,678
17031,17031,0,1,0,1,1,286,678
17032,17032,0,1,1,1,1,286,678
17033,17033,0,1,0,1,1,286,678
17034,17034,0,1,0,1,1,286,678
17035,17035,0,1,0,1,1,286,678
17036,17036,0,1,1,1,1,286,678
17037,17037,0,1,0,1,1,286,678
17038,17038,0,1,0,1,1,286,678
17039,17039,0,1,0,1,1,286,678
17040,17040,0,1,1,1,1,286,679
17041,17041,0,1,0,1,0,286,679
17042,17042,0,1,0,1,0,286,679
17043,17043,0,1,0,1,0,286,679
17044,17044,0,1,1,1,0,286,679
17045,17045,0,1,0,1,1,286,679
17046,17046,0,1,0,1,1,286,679
17047,17047,0,1,0,1,1,286,679
17048,17048,0,1,1,1,1,286,679
17049,17049,0,1,0,1,0,286,679
17050,17050,0,1,0,1,0,286,679
17051,17051,0,1,0,1,0,286,679
17052,17052,0,1,1,1,0,286,679
17053,17053,0,1,0,1,0,286,679
17054,17054,0,1,0,1,0,286,679
17055,17055,0,1,0,1,0,286,679
17056,17056,0,1,1,0,0,286,679
17057,17057,0,1,0,0,0,286,679
17058,17058,0,1,0,0,0,286,679
17059,17059,0,1,0,0,0,286,679
17060,17060,0,1,1,0,0,286,680
17061,17061,0,1,0,0,0,286,680
17062,17062,0,1,0,0,0,286,680
17063,17063,0,1,0,0,0,286,680
17064,17064,0,1,1,0,0,286,680
17065,17065,0,1,0,0,1,286,680
17066,17066,0,1,0,0,1,286,680
17067,17067,0,1,0,0,1,286,680
17068,17068,0,1,1,0,1,286,680
17069,17069,0,1,0,0,1,286,680
17070,17070,0,1,0,0,1,286,680
17071,17071,0,1,0,0,1,286,680
17072,17072,0,1,1,0,1,286,680
17073,17073,0,1,0,0,1,286,680
17074,17074,0,1,0,0,1,286,680
17075,17075,0,1,0,0,1,286,680
17076,17076,0,1,1,1,1,286,680
17077,17077,0,1,0,1,1,286,680
17078,17078,0,1,0,1,1,286,680
17079,17079,0,1,0,1,1,286,680
17080,17080,0,1,1,1,1,286,681
17081,17081,0,1,0,1,0,286,681
17082,17082,0,1,0,1,0,286,681
17083,17083,0,1,0,1,0,286,681
17084,17084,0,1,1,1,0,286,681
17085,17085,0,1,0,1,1,286,681
17086,17086,0,1,0,1,1,286,681
17087,17087,0,1,0,1,1,286,681
17088,17088,0,1,1,1,1,286,681
17089,17089,0,1,0,1,0,286,681
17090,17090,0,1,0,1,0,286,681
17091,17091,0,1,0,1,0,286,681
17092,17092,0,1,1,1,0,286,681
17093,17093,0,1,0,1,1,286,681
17094,17094,0,1,0,1,1,286,681
17095,17095,0,1,0,1,1,286,681
17096,17096,0,1,1,1,1,286,681
17097,17097,0,1,0,1,1,286,681
17098,17098,0,1,0,1,1,286,681
17099,17099,0,1,0,1,1,286,681
17100,17100,0,1,1,1,1,286,682
17101,17101,0,1,0,1,0,286,682
17102,17102,0,1,0,1,0,286,682
17103,17103,0,1,0,1,0,286,682
17104,17104,0,1,1,1,0,286,682
17105,17105,0,1,0,1,0,286,682
17106,17106,0,1,0,1,0,286,682
17107,17107,0,1,0,1,0,286,682
17108,17108,0,1,1,1,0,286,682
17109,17109,0,1,0,1,1,286,682
17110,17110,0,1,0,1,1,286,682
17111,17111,0,1,0,1,1,287,682
17112,17112,0,1,1,1,1,287,682
17113,17113,0,1,0,1,0,287,682
17114,17114,0,1,0,1,0,287,682
17115,17115,0,1,0,1,0,287,682
17116,17116,0,1,1,0,0,287,682
17117,17117,0,1,0,0,1,287,682
17118,17118,0,1,0,0,1,287,682
17119,17119,0,1,0,0,1,287,682
17120,17120,0,1,1,0,1,287,683
17121,17121,0,1,0,0,0,287,683
17122,17122,0,1,0,0,0,287,683
17123,17123,0,1,0,0,0,287,683
17124,17124,0,1,1,0,0,287,683
17125,17125,0,1,0,0,0,287,683
17126,17126,0,1,0,0,0,287,683
17127,17127,0,1,0,0,0,287,683
17128,17128,0,1,1,0,0,287,683
17129,17129,0,1,0,0,0,287,683
17130,17130,0,1,0,0,0,287,683
17131,17131,0,1,0,0,0,288,683
17132,17132,0,1,1,0,0,288,683
17133,17133,0,1,0,0,1,288,683
17134,17134,0,1,0,0,1,288,683
17135,17135,0,1,0,0,1,288,683
17136,17136,0,1,1,1,1,288,683
17137,17137,0,1,0,1,0,288,683
17138,17138,0,1,0,1,0,288,683
17139,17139,0,1,0,1,0,288,683
17140,17140,0,1,1,1,0,288,684
17141,17141,0,1,0,1,1,288,684
17142,17142,0,1,0,1,1,288,684
17143,17143,0,1,0,1,1,288,684
17144,17144,0,1,1,1,1,288,684
17145,17145,0,1,0,1,1,288,684
17146,17146,0,1,0,1,1,288,684
17147,17147,0,1,0,1,1,288,684
17148,17148,0,1,1,1,1,288,684
17149,17149,0,1,0,1,1,288,684
17150,17150,0,1,0,1,1,288,684
17151,17151,0,1,0,1,1,289,684
17152,17152,0,1,1,1,1,289,684
17153,17153,0,1,0,1,0,289,684
17154,17154,0,1,0,1,0,289,684
17155,17155,0,1,0,1,0,289,684
17156,17156,0,1,1,1,0,289,684
17157,17157,0,1,0,1,0,289,684
17158,17158,0,1,0,1,0,289,684
17159,17159,0,1,0,1,0,289,684
17160,17160,0,1,1,1,0,289,685
17161,17161,0,1,0,1,1,289,685
17162,17162,0,1,0,1,1,289,685
17163,17163,0,1,0,1,1,289,685
17164,17164,0,1,1,1,1,289,685
17165,17165,0,1,0,1,1,289,685
17166,17166,0,1,0,1,1,289,685
17167,17167,0,1,0,1,1,289,685
17168,17168,0,1,1,1,1,289,685
17169,17169,0,1,0,1,0,289,685
17170,17170,0,1,0,1,0,289,685
17171,17171,0,1,0,1,0,289,685
17172,17172,0,1,1,1,0,289,685
17173,17173,0,1,0,1,1,289,685
17174,17174,0,1,0,1,1,289,685
17175,17175,0,1,0,1,1,289,685
17176,17176,0,1,1,0,1,289,685
17177,17177,0,1,0,0,0,289,685
17178,17178,0,1,0,0,0,289,685
17179,17179,0,1,0,0,0,289,685
17180,17180,0,1,1,0,0,289,686
17181,17181,0,1,0,0,0,289,686
17182,17182,0,1,0,0,0,289,686
17183,17183,0,1,0,0,0,289,686
17184,17184,0,1,1,0,0,289,686
17185,17185,0,1,0,0,1,289,686
17186,17186,0,1,0,0,1,289,686
17187,17187,0,1,0,0,1,289,686
17188,17188,0,1,1,0,1,289,686
17189,17189,0,1,0,0,1,289,686
17190,17190,0,1,0,0,1,289,686
17191,17191,0,1,0,0,1,289,686
17192,17192,0,1,1,0,1,289,686
17193,17193,0,1,0,0,1,289,686
17194,17194,0,1,0,0,1,289,686
17195,17195,0,1,0,0,1,289,686
17196,17196,0,1,1,1,1,289,686
17197,17197,0,1,0,1,1,289,686
17198,17198,0,1,0,1,1,289,686
17199,17199,0,1,0,1,1,289,686
17200,17200,0,1,1,1,1,289,687
17201,17201,0,1,0,1,0,289,687
17202,17202,0,1,0,1,0,289,687
17203,17203,0,1,0,1,0,289,687
17204,17204,0,1,1,1,0,289,687
17205,17205,0,1,0,1,0,289,687
17206,17206,0,1,0,1,0,289,687
17207,17207,0,1,0,1,0,289,687
17208,17208,0,1,1,1,0,289,687
17209,17209,0,1,0,1,0,289,687
17210,17210,0,1,0,1,0,289,687
17211,17211,0,1,0,1,0,289,687
17212,17212,0,1,1,1,0,289,687
17213,17213,0,1,0,1,0,289,687
17214,17214,0,1,0,1,0,289,687
17215,17215,0,1,0,1,0,289,687
17216,17216,0,1,1,1,0,289,687
17217,17217,0,1,0,1,0,289,687
17218,17218,0,1,0,1,0,289,687
17219,17219,0,1,0,1,0,289,687
17220,17220,0,1,1,1,0,289,688
17221,17221,0,1,0,1,0,289,688
17222,17222,0,1,0,1,0,289,688
17223,17223,0,1,0,1,0,289,688
17224,17224,0,1,1,1,0,289,688
17225,17225,0,1,0,1,1,289,688
17226,17226,0,1,0,1,1,289,688
17227,17227,0,1,0,1,1,289,688
17228,17228,0,1,1,1,1,289,688
17229,17229,0,1,0,1,0,289,688
17230,17230,0,1,0,1,0,289,688
17231,17231,0,1,0,1,0,289,688
17232,17232,0,1,1,1,0,289,688
17233,17233,0,1,0,1,0,289,688
17234,17234,0,1,0,1,0,289,688
17235,17235,0,1,0,1,0,289,688
17236,17236,0,1,1,1,0,289,688
17237,17237,0,1,0,1,1,289,688
17238,17238,0,1,0,1,1,289,688
17239,17239,0,1,0,1,1,289,688
17240,17240,0,1,1,1,1,289,689
17241,17241,0,1,0,1,0,289,689
17242,17242,0,1,0,1,0,289,689
17243,17243,0,1,0,1,0,289,689
17244,17244,0,1,1,1,0,289,689
17245,17245,0,1,0,1,1,289,689
17246,17246,0,1,0,1,1,289,689
17247,17247,0,1,0,1,1,289,689
17248,17248,0,1,1,1,1,289,689
17249,17249,0,1,0,1,1,289,689
17250,17250,0,1,0,1,1,289,689
17251,17251,0,1,0,1,1,290,689
17252,17252,0,1,1,1,1,290,689
17253,17253,0,1,0,1,0,290,689
17254,17254,0,1,0,1,0,290,689
17255,17255,0,1,0,1,0,290,689
17256,17256,0,1,1,1,0,290,689
17257,17257,0,1,0,1,1,290,689
17258,17258,0,1,0,1,1,290,689
17259,17259,0,1,0,1,1,290,689
17260,17260,0,1,1,1,1,290,690
17261,17261,0,1,0,1,0,290,690
17262,17262,0,1,0,1,0,290,690
17263,17263,0,1,0,1,0,290,690
17264,17264,0,1,1,1,0,290,690
17265,17265,0,1,0,1,0,290,690
17266,17266,0,1,0,1,0,290,690
17267,17267,0,1,0,1,0,290,690
17268,17268,0,1,1,1,0,290,690
17269,17269,0,1,0,1,0,290,690
17270,17270,0,1,0,1,0,290,690
17271,17271,0,1,0,1,0,290,690
17272,17272,0,1,1,1,0,290,690
17273,17273,0,1,0,1,0,290,690
17274,17274,0,1,0,1,0,290,690
17275,17275,0,1,0,1,0,290,690
17276,17276,0,1,1,0,0,290,690
17277,17277,0,1,0,0,1,290,690
17278,17278,0,1,0,0,1,290,690
17279,17279,0,1,0,0,1,290,690
17280,17280,0,1,1,0,1,290,691
17281,17281,0,1,0,0,1,290,691
17282,17282,0,1,0,0,1,290,691
17283,17283,0,1,0,0,1,290,691
17284,17284,0,1,1,0,1,290,691
17285,17285,0,1,0,0,1,290,691
17286,17286,0,1,0,0,1,290,691
17287,17287,0,1,0,0,1,290,691
17288,17288,0,1,1,0,1,290,691
17289,17289,0,1,0,0,0,290,691
17290,17290,0,1,0,0,0,290,691
17291,17291,0,1,0,0,0,291,691
17292,17292,0,1,1,0,0,291,691
17293,17293,0,1,0,0,1,291,691
17294,17294,0,1,0,0,1,291,691
17295,17295,0,1,0,0,1,291,691
17296,17296,0,1,1,1,1,291,691
17297,17297,0,1,0,1,0,291,691
17298,17298,0,1,0,1,0,291,691
17299,17299,0,1,0,1,0,291,691
17300,17300,0,1,1,1,0,291,692
17301,17301,0,1,0,1,0,291,692
17302,17302,0,1,0,1,0,291,692
17303,17303,0,1,0,1,0,291,692
17304,17304,0,1,1,1,0,291,692
17305,17305,0,1,0,1,0,291,692
17306,17306,0,1,0,1,0,291,692
17307,17307,0,1,0,1,0,291,692
17308,17308,0,1,1,1,0,291,692
17309,17309,0,1,0,1,1,291,692
17310,17310,0,1,0,1,1,291,692
17311,17311,0,1,0,1,1,292,692
17312,17312,0,1,1,1,1,292,692
17313,17313,0,1,0,1,1,292,692
17314,17314,0,1,0,1,1,292,692
17315,17315,0,1,0,1,1,292,692
17316,17316,0,1,1,0,1,292,692
17317,17317,0,1,0,0,0,292,692
17318,17318,0,1,0,0,0,292,692
17319,17319,0,1,0,0,0,292,692
17320,17320,0,1,1,0,0,292,693
17321,17321,0,1,0,0,1,292,693
17322,17322,0,1,0,0,1,292,693
17323,17323,0,1,0,0,1,292,693
17324,17324,0,1,1,0,1,292,693
17325,17325,0,1,0,0,0,292,693
17326,17326,0,1,0,0,0,292,693
17327,17327,0,1,0,0,0,292,693
17328,17328,0,1,1,0,0,292,693
17329,17329,0,1,0,0,0,292,693
17330,17330,0,1,0,0,0,292,693
17331,17331,0,1,0,0,0,293,693
17332,17332,0,1,1,0,0,293,693
17333,17333,0,1,0,0,1,293,693
17334,17334,0,1,0,0,1,293,693
17335,17335,0,1,0,0,1,293,693
17336,17336,0,1,1,1,1,293,693
17337,17337,0,1,0,1,0,293,693
17338,17338,0,1,0,1,0,293,693
17339,17339,0,1,0,1,0,293,693
17340,17340,0,1,1,1,0,293,694
17341,17341,0,1,0,1,1,293,694
17342,17342,0,1,0,1,1,293,694
17343,17343,0,1,0,1,1,293,694
17344,17344,0,1,1,1,1,293,694
17345,17345,0,1,0,1,0,293,694
17346,17346,0,1,0,1,0,293,694
17347,17347,0,1,0,1,0,293,694
17348,17348,0,1,1,1,0,293,694
17349,17349,0,1,0,1,1,293,694
17350,17350,0,1,0,1,1,293,694
17351,17351,0,1,0,1,1,294,694
17352,17352,0,1,1,1,1,294,694
17353,17353,0,1,0,1,0,294,694
17354,17354,0,1,0,1,0,294,694
17355,17355,0,1,0,1,0,294,694
17356,17356,0,1,1,0,0,294,694
17357,17357,0,1,0,0,0,294,694
17358,17358,0,1,0,0,0,294,694
17359,17359,0,1,0,0,0,294,694
17360,17360,0,1,1,0,0,294,695
17361,17361,0,1,0,0,0,294,695
17362,17362,0,1,0,0,0,294,695
17363,17363,0,1,0,0,0,294,695
17364,17364,0,1,1,0,0,294,695
17365,17365,0,1,0,0,1,294,695
17366,17366,0,1,0,0,1,294,695
17367,17367,0,1,0,0,1,294,695
17368,17368,0,1,1,0,1,294,695
17369,17369,0,1,0,0,0,294,695
17370,17370,0,1,0,0,0,294,695
17371,17371,0,1,0,0,0,295,695
17372,17372,0,1,1,0,0,295,695
17373,17373,0,1,0,0,1,295,695
17374,17374,0,1,0,0,1,295,695
17375,17375,0,1,0,0,1,295,695
17376,17376,0,1,1,1,1,295,695
17377,17377,0,1,0,1,0,295,695
17378,17378,0,1,0,1,0,295,695
17379,17379,0,1,0,1,0,295,695
17380,17380,0,1,1,1,0,295,696
17381,17381,0,1,0,1,1,295,696
17382,17382,0,1,0,1,1,295,696
17383,17383,0,1,0,1,1,295,696
17384,17384,0,1,1,1,1,295,696
17385,17385,0,1,0,1,1,295,696
17386,17386,0,1,0,1,1,295,696
17387,17387,0,1,0,1,1,295,696
17388,17388,0,1,1,1,1,295,696
17389,17389,0,1,0,1,0,295,696
17390,17390,0,1,0,1,0,295,696
17391,17391,0,1,0,1,0,295,696
17392,17392,0,1,1,1,0,295,696
17393,17393,0,1,0,1,1,295,696
17394,17394,0,1,0,1,1,295,696
17395,17395,0,1,0,1,1,295,696
17396,17396,0,1,1,0,1,295,696
17397,17397,0,1,0,0,0,295,696
17398,17398,0,1,0,0,0,295,696
17399,17399,0,1,0,0,0,295,696
17400,17400,0,1,1,0,0,295,697
17401,17401,0,1,0,0,0,295,697
17402,17402,0,1,0,0,0,295,697
17403,17403,0,1,0,0,0,295,697
17404,17404,0,1,1,0,0,295,697
17405,17405,0,1,0,0,1,295,697
17406,17406,0,1,0,0,1,295,697
17407,17407,0,1,0,0,1,295,697
17408,17408,0,1,1,0,1,295,697
17409,17409,0,1,0,0,1,295,697
17410,17410,0,1,0,0,1,295,697
17411,17411,0,1,0,0,1,295,697
17412,17412,0,1,1,0,1,295,697
17413,17413,0,1,0,0,1,295,697
17414,17414,0,1,0,0,1,295,697
17415,17415,0,1,0,0,1,295,697
17416,17416,0,1,1,1,1,295,697
17417,17417,0,1,0,1,0,295,697
17418,17418,0,1,0,1,0,295,697
17419,17419,0,1,0,1,0,295,697
17420,17420,0,1,1,1,0,295,698
17421,17421,0,1,0,1,1,295,698
17422,17422,0,1,0,1,1,295,698
17423,17423,0,1,0,1,1,295,698
17424,17424,0,1,1,1,1,295,698
17425,17425,0,1,0,1,1,295,698
17426,17426,0,1,0,1,1,295,698
17427,17427,0,1,0,1,1,295,698
17428,17428,0,1,1,1,1,295,698
17429,17429,0,1,0,1,1,295,698
17430,17430,0,1,0,1,1,295,698
17431,17431,0,1,0,1,1,296,698
17432,17432,0,1,1,1,1,296,698
17433,17433,0,1,0,1,1,296,698
17434,17434,0,1,0,1,1,296,698
17435,17435,0,1,0,1,1,296,698
17436,17436,0,1,1,0,1,296,698
17437,17437,0,1,0,0,0,296,698
17438,17438,0,1,0,0,0,296,698
17439,17439,0,1,0,0,0,296,698
17440,17440,0,1,1,0,0,296,699
17441,17441,0,1,0,0,0,296,699
17442,17442,0,1,0,0,0,296,699
17443,17443,0,1,0,0,0,296,699
17444,17444,0,1,1,0,0,296,699
17445,17445,0,1,0,0,1,296,699
17446,17446,0,1,0,0,1,296,699
17447,17447,0,1,0,0,1,296,699
17448,17448,0,1,1,0,1,296,699
17449,17449,0,1,0,0,0,296,699
17450,17450,0,1,0,0,0,296,699
17451,17451,0,1,0,0,0,297,699
17452,17452,0,1,1,0,0,297,699
17453,17453,0,1,0,0,0,297,699
17454,17454,0,1,0,0,0,297,699
17455,17455,0,1,0,0,0,297,699
17456,17456,0,1,1,1,0,297,699
17457,17457,0,1,0,1,1,297,699
17458,17458,0,1,0,1,1,297,699
17459,17459,0,1,0,1,1,297,699
17460,17460,0,1,1,1,1,297,700
17461,17461,0,1,0,1,0,297,700
17462,17462,0,1,0,1,0,297,700
17463,17463,0,1,0,1,0,297,700
17464,17464,0,1,1,1,0,297,700
17465,17465,0,1,0,1,0,297,700
17466,17466,0,1,0,1,0,297,700
17467,17467,0,1,0,1,0,297,700
17468,17468,0,1,1,1,0,297,700
17469,17469,0,1,0,1,1,297,700
17470,17470,0,1,0,1,1,297,700
17471,17471,0,1,0,1,1,298,700
17472,17472,0,1,1,1,1,298,700
17473,17473,0,1,0,1,0,298,700
17474,17474,0,1,0,1,0,298,700
17475,17475,0,1,0,1,0,298,700
17476,17476,0,1,1,1,0,298,700
17477,17477,0,1,0,1,1,298,700
17478,17478,0,1,0,1,1,298,700
17479,17479,0,1,0,1,1,298,700
17480,17480,0,1,1,1,1,298,701
17481,17481,0,1,0,1,0,298,701
17482,17482,0,1,0,1,0,298,701
17483,17483,0,1,0,1,0,298,701
17484,17484,0,1,1,1,0,298,701
17485,17485,0,1,0,1,1,298,701
17486,17486,0,1,0,1,1,298,701
17487,17487,0,1,0,1,1,298,701
17488,17488,0,1,1,1,1,298,701
17489,17489,0,1,0,1,0,298,701
17490,17490,0,1,0,1,0,298,701
17491,17491,0,1,0,1,0,298,701
17492,17492,0,1,1,1,0,298,701
17493,17493,0,1,0,1,1,298,701
17494,17494,0,1,0,1,1,298,701
17495,17495,0,1,0,1,1,298,701
17496,17496,0,1,1,0,1,298,701
17497,17497,0,1,0,0,1,298,701
17498,17498,0,1,0,0,1,298,701
17499,17499,0,1,0,0,1,298,701
17500,17500,0,1,1,0,1,298,702
17501,17501,0,1,0,0,0,298,702
17502,17502,0,1,0,0,0,298,702
17503,17503,0,1,0,0,0,298,702
17504,17504,0,1,1,0,0,298,702
17505,17505,0,1,0,0,1,298,702
17506,17506,0,1,0,0,1,298,702
17507,17507,0,1,0,0,1,298,702
17508,17508,0,1,1,0,1,298,702
17509,17509,0,1,0,0,0,298,702
17510,17510,0,1,0,0,0,298,702
17511,17511,0,1,0,0,0,299,702
17512,17512,0,1,1,0,0,299,702
17513,17513,0,1,0,0,0,299,702
17514,17514,0,1,0,0,0,299,702
17515,17515,0,1,0,0,0,299,702
17516,17516,0,1,1,1,0,299,702
17517,17517,0,1,0,1,1,299,702
17518,17518,0,1,0,1,1,299,702
17519,17519,0,1,0,1,1,299,702
17520,17520,0,1,1,1,1,299,703
17521,17521,0,1,0,1,0,299,703
17522,17522,0,1,0,1,0,299,703
17523,17523,0,1,0,1,0,299,703
17524,17524,0,1,1,1,0,299,703
17525,17525,0,1,0,1,1,299,703
17526,17526,0,1,0,1,1,299,703
17527,17527,0,1,0,1,1,299,703
17528,17528,0,1,1,1,1,299,703
17529,17529,0,1,0,1,1,299,703
17530,17530,0,1,0,1,1,299,703
17531,17531,0,1,0,1,1,300,703
17532,17532,0,1,1,1,1,300,703
17533,17533,0,1,0,1,1,300,703
17534,17534,0,1,0,1,1,300,703
17535,17535,0,1,0,1,1,300,703
17536,17536,0,1,1,0,1,300,703
17537,17537,0,1,0,0,1,300,703
17538,17538,0,1,0,0,1,300,703
17539,17539,0,1,0,0,1,300,703
17540,17540,0,1,1,0,1,300,704
17541,17541,0,1,0,0,0,300,704
17542,17542,0,1,0,0,0,300,704
17543,17543,0,1,0,0,0,300,704
17544,17544,0,1,1,0,0,300,704
17545,17545,0,1,0,0,1,300,704
17546,17546,0,1,0,0,1,300,704
17547,17547,0,1,0,0,1,300,704
17548,17548,0,1,1,0,1,300,704
17549,17549,0,1,0,0,1,300,704
17550,17550,0,1,0,0,1,300,704
17551,17551,0,1,0,0,1,300,704
17552,17552,0,1,1,0,1,300,704
17553,17553,0,1,0,0,1,300,704
17554,17554,0,1,0,0,1,300,704
17555,17555,0,1,0,0,1,300,704
17556,17556,0,1,1,0,1,300,704
17557,17557,0,1,0,0,1,300,704
17558,17558,0,1,0,0,1,300,704
17559,17559,0,1,0,0,1,300,704
17560,17560,0,1,1,0,1,300,705
17561,17561,0,1,0,0,1,300,705
17562,17562,0,1,0,0,1,300,705
17563,17563,0,1,0,0,1,300,705
17564,17564,0,1,1,0,1,300,705
17565,17565,0,1,0,0,0,300,705
17566,17566,0,1,0,0,0,300,705
17567,17567,0,1,0,0,0,300,705
17568,17568,0,1,1,0,0,300,705
17569,17569,0,1,0,0,1,300,705
17570,17570,0,1,0,0,1,300,705
17571,17571,0,1,0,0,1,300,705
17572,17572,0,1,1,0,1,300,705
17573,17573,0,1,0,0,0,300,705
17574,17574,0,1,0,0,0,300,705
17575,17575,0,1,0,0,0,300,705
17576,17576,0,1,1,0,0,300,705
17577,17577,0,1,0,0,0,300,705
17578,17578,0,1,0,0,0,300,705
17579,17579,0,1,0,0,0,300,705
17580,17580,0,1,1,0,0,300,706
17581,17581,0,1,0,0,1,300,706
17582,17582,0,1,0,0,1,300,706
17583,17583,0,1,0,0,1,300,706
17584,17584,0,1,1,0,1,300,706
17585,17585,0,1,0,0,1,300,706
17586,17586,0,1,0,0,1,300,706
17587,17587,0,1,0,0,1,300,706
17588,17588,0,1,1,0,1,300,706
17589,17589,0,1,0,0,0,300,706
17590,17590,0,1,0,0,0,300,706
17591,17591,0,1,0,0,0,301,706
17592,17592,0,1,1,0,0,301,706
17593,17593,0,1,0,0,0,301,706
17594,17594,0,1,0,0,0,301,706
17595,17595,0,1,0,0,0,301,706
17596,17596,0,1,1,1,0,301,706
17597,17597,0,1,0,1,1,301,706
17598,17598,0,1,0,1,1,301,706
17599,17599,0,1,0,1,1,301,706
17600,17600,0,1,1,1,1,301,707
17601,17601,0,1,0,1,0,301,707
17602,17602,0,1,0,1,0,301,707
17603,17603,0,1,0,1,0,301,707
17604,17604,0,1,1,1,0,301,707
17605,17605,0,1,0,1,0,301,707
17606,17606,0,1,0,1,0,301,707
17607,17607,0,1,0,1,0,301,707
17608,17608,0,1,1,1,0,301,707
17609,17609,0,1,0,1,0,301,707
17610,17610,0,1,0,1,0,301,707
17611,17611,0,1,0,1,0,301,707
17612,17612,0,1,1,1,0,301,707
17613,17613,0,1,0,1,1,301,707
17614,17614,0,1,0,1,1,301,707
17615,17615,0,1,0,1,1,301,707
17616,17616,0,1,1,0,1,301,707
17617,17617,0,1,0,0,1,301,707
17618,17618,0,1,0,0,1,301,707
17619,17619,0,1,0,0,1,301,707
17620,17620,0,1,1,0,1,301,708
17621,17621,0,1,0,0,1,301,708
17622,17622,0,1,0,0,1,301,708
17623,17623,0,1,0,0,1,301,708
17624,17624,0,1,1,0,1,301,708
17625,17625,0,1,0,0,1,301,708
17626,17626,0,1,0,0,1,301,708
17627,17627,0,1,0,0,1,301,708
17628,17628,0,1,1,0,1,301,708
17629,17629,0,1,0,0,0,301,708
17630,17630,0,1,0,0,0,301,708
17631,17631,0,1,0,0,0,302,708
17632,17632,0,1,1,0,0,302,708
17633,17633,0,1,0,0,0,302,708
17634,17634,0,1,0,0,0,302,708
17635,17635,0,1,0,0,0,302,708
17636,17636,0,1,1,0,0,302,708
17637,17637,0,1,0,0,1,302,708
17638,17638,0,1,0,0,1,302,708
17639,17639,0,1,0,0,1,302,708
17640,17640,0,1,1,0,1,302,709
17641,17641,0,1,0,0,0,302,709
17642,17642,0,1,0,0,0,302,709
17643,17643,0,1,0,0,0,302,709
17644,17644,0,1,1,0,0,302,709
17645,17645,0,1,0,0,1,302,709
17646,17646,0,1,0,0,1,302,709
17647,17647,0,1,0,0,1,302,709
17648,17648,0,1,1,0,1,302,709
17649,17649,0,1,0,0,0,302,709
17650,17650,0,1,0,0,0,302,709
17651,17651,0,1,0,0,0,303,709
17652,17652,0,1,1,0,0,303,709
17653,17653,0,1,0,0,1,303,709
17654,17654,0,1,0,0,1,303,709
17655,17655,0,1,0,0,1,303,709
17656,17656,0,1,1,0,1,303,709
17657,17657,0,1,0,0,1,303,709
17658,17658,0,1,0,0,1,303,709
17659,17659,0,1,0,0,1,303,709
17660,17660,0,1,1,0,1,303,710
17661,17661,0,1,0,0,1,303,710
17662,17662,0,1,0,0,1,303,710
17663,17663,0,1,0,0,1,303,710
17664,17664,0,1,1,0,1,303,710
17665,17665,0,1,0,0,0,303,710
17666,17666,0,1,0,0,0,303,710
17667,17667,0,1,0,0,0,303,710
17668,17668,0,1,1,0,0,303,710
17669,17669,0,1,0,0,1,303,710
17670,17670,0,1,0,0,1,303,710
17671,17671,0,1,0,0,1,303,710
17672,17672,0,1,1,0,1,303,710
17673,17673,0,1,0,0,0,303,710
17674,17674,0,1,0,0,0,303,710
17675,17675,0,1,0,0,0,303,710
17676,17676,0,1,1,1,0,303,710
17677,17677,0,1,0,1,0,303,710
17678,17678,0,1,0,1,0,303,710
17679,17679,0,1,0,1,0,303,710
17680,17680,0,1,1,1,0,303,711
17681,17681,0,1,0,1,1,303,711
17682,17682,0,1,0,1,1,303,711
17683,17683,0,1,0,1,1,303,711
17684,17684,0,1,1,1,1,303,711
17685,17685,0,1,0,1,0,303,711
17686,17686,0,1,0,1,0,303,711
17687,17687,0,1,0,1,0,303,711
17688,17688,0,1,1,1,0,303,711
17689,17689,0,1,0,1,0,303,711
17690,17690,0,1,0,1,0,303,711
17691,17691,0,1,0,1,0,303,711
17692,17692,0,1,1,1,0,303,711
17693,17693,0,1,0,1,0,303,711
17694,17694,0,1,0,1,0,303,711
17695,17695,0,1,0,1,0,303,711
17696,17696,0,1,1,0,0,303,711
17697,17697,0,1,0,0,1,303,711
17698,17698,0,1,0,0,1,303,711
17699,17699,0,1,0,0,1,303,711
17700,17700,0,1,1,0,1,303,712
17701,17701,0,1,0,0,0,303,712
17702,17702,0,1,0,0,0,303,712
17703,17703,0,1,0,0,0,303,712
17704,17704,0,1,1,0,0,303,712
17705,17705,0,1,0,0,0,303,712
17706,17706,0,1,0,0,0,303,712
17707,17707,0,1,0,0,0,303,712
17708,17708,0,1,1,0,0,303,712
17709,17709,0,1,0,0,0,303,712
17710,17710,0,1,0,0,0,303,712
17711,17711,0,1,0,0,0,304,712
17712,17712,0,1,1,0,0,304,712
17713,17713,0,1,0,0,1,304,712
17714,17714,0,1,0,0,1,304,712
17715,17715,0,1,0,0,1,304,712
17716,17716,0,1,1,1,1,304,712
17717,17717,0,1,0,1,1,304,712
17718,17718,0,1,0,1,1,304,712
17719,17719,0,1,0,1,1,304,712
17720,17720,0,1,1,1,1,304,713
17721,17721,0,1,0,1,0,304,713
17722,17722,0,1,0,1,0,304,713
17723,17723,0,1,0,1,0,304,713
17724,17724,0,1,1,1,0,304,713
17725,17725,0,1,0,1,0,304,713
17726,17726,0,1,0,1,0,304,713
17727,17727,0,1,0,1,0,304,713
17728,17728,0,1,1,1,0,304,713
17729,17729,0,1,0,1,1,304,713
17730,17730,0,1,0,1,1,304,713
17731,17731,0,1,0,1,1,305,713
17732,17732,0,1,1,1,1,305,713
17733,17733,0,1,0,1,1,305,713
17734,17734,0,1,0,1,1,305,713
17735,17735,0,1,0,1,1,305,713
17736,17736,0,1,1,0,1,305,713
17737,17737,0,1,0,0,1,305,713
17738,17738,0,1,0,0,1,305,713
17739,17739,0,1,0,0,1,305,713
17740,17740,0,1,1,0,1,305,714
17741,17741,0,1,0,0,1,305,714
17742,17742,0,1,0,0,1,305,714
17743,17743,0,1,0,0,1,305,714
17744,17744,0,1,1,0,1,305,714
17745,17745,0,1,0,0,0,305,714
17746,17746,0,1,0,0,0,305,714
17747,17747,0,1,0,0,0,305,714
17748,17748,0,1,1,0,0,305,714
17749,17749,0,1,0,0,0,305,714
17750,17750,0,1,0,0,0,305,714
17751,17751,0,1,0,0,0,306,714
17752,17752,0,1,1,0,0,306,714
17753,17753,0,1,0,0,1,306,714
17754,17754,0,1,0,0,1,306,714
17755,17755,0,1,0,0,1,306,714
17756,17756,0,1,1,1,1,306,714
17757,17757,0,1,0,1,0,306,714
17758,17758,0,1,0,1,0,306,714
17759,17759,0,1,0,1,0,306,714
17760,17760,0,1,1,1,0,306,715
17761,17761,0,1,0,1,1,306,715
17762,17762,0,1,0,1,1,306,715
17763,17763,0,1,0,1,1,306,715
17764,17764,0,1,1,1,1,306,715
17765,17765,0,1,0,1,1,306,715
17766,17766,0,1,0,1,1,306,715
17767,17767,0,1,0,1,1,306,715
17768,17768,0,1,1,1,1,306,715
17769,17769,0,1,0,1,0,306,715
17770,17770,0,1,0,1,0,306,715
17771,17771,0,1,0,1,0,306,715
17772,17772,0,1,1,1,0,306,715
17773,17773,0,1,0,1,0,306,715
17774,17774,0,1,0,1,0,306,715
17775,17775,0,1,0,1,0,306,715
17776,17776,0,1,1,1,0,306,715
17777,17777,0,1,0,1,1,306,715
17778,17778,0,1,0,1,1,306,715
17779,17779,0,1,0,1,1,306,715
17780,17780,0,1,1,1,1,306,716
17781,17781,0,1,0,1,0,306,716
17782,17782,0,1,0,1,0,306,716
17783,17783,0,1,0,1,0,306,716
17784,17784,0,1,1,1,0,306,716
17785,17785,0,1,0,1,1,306,716
17786,17786,0,1,0,1,1,306,716
17787,17787,0,1,0,1,1,306,716
17788,17788,0,1,1,1,1,306,716
17789,17789,0,1,0,1,1,306,716
17790,17790,0,1,0,1,1,306,716
17791,17791,0,1,0,1,1,307,716
17792,17792,0,1,1,1,1,307,716
17793,17793,0,1,0,1,1,307,716
17794,17794,0,1,0,1,1,307,716
17795,17795,0,1,0,1,1,307,716
17796,17796,0,1,1,0,1,307,716
17797,17797,0,1,0,0,0,307,716
17798,17798,0,1,0,0,0,307,716
17799,17799,0,1,0,0,0,307,716
17800,17800,0,1,1,0,0,307,717
17801,17801,0,1,0,0,0,307,717
17802,17802,0,1,0,0,0,307,717
17803,17803,0,1,0,0,0,307,717
17804,17804,0,1,1,0,0,307,717
17805,17805,0,1,0,0,1,307,717
17806,17806,0,1,0,0,1,307,717
17807,17807,0,1,0,0,1,307,717
17808,17808,0,1,1,0,1,307,717
17809,17809,0,1,0,0,0,307,717
17810,17810,0,1,0,0,0,307,717
17811,17811,0,1,0,0,0,308,717
17812,17812,0,1,1,0,0,308,717
17813,17813,0,1,0,0,1,308,717
17814,17814,0,1,0,0,1,308,717
17815,17815,0,1,0,0,1,308,717
17816,17816,0,1,1,1,1,308,717
17817,17817,0,1,0,1,1,308,717
17818,17818,0,1,0,1,1,308,717
17819,17819,0,1,0,1,1,308,717
17820,17820,0,1,1,1,1,308,718
17821,17821,0,1,0,1,1,308,718
17822,17822,0,1,0,1,1,308,718
17823,17823,0,1,0,1,1,308,718
17824,17824,0,1,1,1,1,308,718
17825,17825,0,1,0,1,0,308,718
17826,17826,0,1,0,1,0,308,718
17827,17827,0,1,0,1,0,308,718
17828,17828,0,1,1,1,0,308,718
17829,17829,0,1,0,1,1,308,718
17830,17830,0,1,0,1,1,308,718
17831,17831,0,1,0,1,1,309,718
17832,17832,0,1,1,1,1,309,718
17833,17833,0,1,0,1,0,309,718
17834,17834,0,1,0,1,0,309,718
17835,17835,0,1,0,1,0,309,718
17836,17836,0,1,1,1,0,309,718
17837,17837,0,1,0,1,0,309,718
17838,17838,0,1,0,1,0,309,718
17839,17839,0,1,0,1,0,309,718
17840,17840,0,1,1,1,0,309,719
17841,17841,0,1,0,1,0,309,719
17842,17842,0,1,0,1,0,309,719
17843,17843,0,1,0,1,0,309,719
17844,17844,0,1,1,1,0,309,719
17845,17845,0,1,0,1,0,309,719
17846,17846,0,1,0,1,0,309,719
17847,17847,0,1,0,1,0,309,719
17848,17848,0,1,1,1,0,309,719
17849,17849,0,1,0,1,0,309,719
17850,17850,0,1,0,1,0,309,719
17851,17851,0,1,0,1,0,309,719
17852,17852,0,1,1,1,0,309,719
17853,17853,0,1,0,1,1,309,719
17854,17854,0,1,0,1,1,309,719
17855,17855,0,1,0,1,1,309,719
17856,17856,0,1,1,0,1,309,719
17857,17857,0,1,0,0,0,309,719
17858,17858,0,1,0,0,0,309,719
17859,17859,0,1,0,0,0,309,719
17860,17860,0,1,1,0,0,309,720
17861,17861,0,1,0,0,1,309,720
17862,17862,0,1,0,0,1,309,720
17863,17863,0,1,0,0,1,309,720
17864,17864,0,1,1,0,1,309,720
17865,17865,0,1,0,0,1,309,720
17866,17866,0,1,0,0,1,309,720
17867,17867,0,1,0,0,1,309,720
17868,17868,0,1,1,0,1,309,720
17869,17869,0,1,0,0,1,309,720
17870,17870,0,1,0,0,1,309,720
17871,17871,0,1,0,0,1,309,720
17872,17872,0,1,1,0,1,309,720
17873,17873,0,1,0,0,1,309,720
17874,17874,0,1,0,0,1,309,720
17875,17875,0,1,0,0,1,309,720
17876,17876,0,1,1,0,1,309,720
17877,17877,0,1,0,0,1,309,720
17878,17878,0,1,0,0,1,309,720
17879,17879,0,1,0,0,1,309,720
17880,17880,0,1,1,0,1,309,721
17881,17881,0,1,0,0,1,309,721
17882,17882,0,1,0,0,1,309,721
17883,17883,0,1,0,0,1,309,721
17884,17884,0,1,1,0,1,309,721
17885,17885,0,1,0,0,0,309,721
17886,17886,0,1,0,0,0,309,721
17887,17887,0,1,0,0,0,309,721
17888,17888,0,1,1,0,0,309,721
17889,17889,0,1,0,0,0,309,721
17890,17890,0,1,0,0,0,309,721
17891,17891,0,1,0,0,0,310,721
17892,17892,0,1,1,0,0,310,721
17893,17893,0,1,0,0,1,310,721
17894,17894,0,1,0,0,1,310,721
17895,17895,0,1,0,0,1,310,721
17896,17896,0,1,1,0,1,310,721
17897,17897,0,1,0,0,0,310,721
17898,17898,0,1,0,0,0,310,721
17899,17899,0,1,0,0,0,310,721
17900,17900,0,1,1,0,0,310,722
17901,17901,0,1,0,0,1,310,722
17902,17902,0,1,0,0,1,310,722
17903,17903,0,1,0,0,1,310,722
17904,17904,0,1,1,0,1,310,722
17905,17905,0,1,0,0,1,310,722
17906,17906,0,1,0,0,1,310,722
17907,17907,0,1,0,0,1,310,722
17908,17908,0,1,1,0,1,310,722
17909,17909,0,1,0,0,1,310,722
17910,17910,0,1,0,0,1,310,722
17911,17911,0,1,0,0,1,310,722
17912,17912,0,1,1,0,1,310,722
17913,17913,0,1,0,0,1,310,722
17914,17914,0,1,0,0,1,310,722
17915,17915,0,1,0,0,1,310,722
17916,17916,0,1,1,1,1,310,722
17917,17917,0,1,0,1,1,310,722
17918,17918,0,1,0,1,1,310,722
17919,17919,0,1,0,1,1,310,722
17920,17920,0,1,1,1,1,310,723
17921,17921,0,1,0,1,0,310,723
17922,17922,0,1,0,1,0,310,723
17923,17923,0,1,0,1,0,310,723
17924,17924,0,1,1,1,0,310,723
17925,17925,0,1,0,1,0,310,723
17926,17926,0,1,0,1,0,310,723
17927,17927,0,1,0,1,0,310,723
17928,17928,0,1,1,1,0,310,723
17929,17929,0,1,0,1,1,310,723
17930,17930,0,1,0,1,1,310,723
17931,17931,0,1,0,1,1,311,723
17932,17932,0,1,1,1,1,311,723
17933,17933,0,1,0,1,0,311,723
17934,17934,0,1,0,1,0,311,723
17935,17935,0,1,0,1,0,311,723
17936,17936,0,1,1,1,0,311,723
17937,17937,0,1,0,1,1,311,723
17938,17938,0,1,0,1,1,311,723
17939,17939,0,1,0,1,1,311,723
17940,17940,0,1,1,1,1,311,724
17941,17941,0,1,0,1,0,311,724
17942,17942,0,1,0,1,0,311,724
17943,17943,0,1,0,1,0,311,724
17944,17944,0,1,1,1,0,311,724
17945,17945,0,1,0,1,1,311,724
17946,17946,0,1,0,1,1,311,724
17947,17947,0,1,0,1,1,311,724
17948,17948,0,1,1,1,1,311,724
17949,17949,0,1,0,1,0,311,724
17950,17950,0,1,0,1,0,311,724
17951,17951,0,1,0,1,0,311,724
17952,17952,0,1,1,1,0,311,724
17953,17953,0,1,0,1,1,311,724
17954,17954,0,1,0,1,1,311,724
17955,17955,0,1,0,1,1,311,724
17956,17956,0,1,1,1,1,311,724
17957,17957,0,1,0,1,0,311,724
17958,17958,0,1,0,1,0,311,724
17959,17959,0,1,0,1,0,311,724
17960,17960,0,1,1,1,0,311,725
17961,17961,0,1,0,1,1,311,725
17962,17962,0,1,0,1,1,311,725
17963,17963,0,1,0,1,1,311,725
17964,17964,0,1,1,1,1,311,725
17965,17965,0,1,0,1,1,311,725
17966,17966,0,1,0,1,1,311,725
17967,17967,0,1,0,1,1,311,725
17968,17968,0,1,1,1,1,311,725
17969,17969,0,1,0,1,1,311,725
17970,17970,0,1,0,1,1,311,725
17971,17971,0,1,0,1,1,312,725
17972,17972,0,1,1,1,1,312,725
17973,17973,0,1,0,1,0,312,725
17974,17974,0,1,0,1,0,312,725
17975,17975,0,1,0,1,0,312,725
17976,17976,0,1,1,0,0,312,725
17977,17977,0,1,0,0,0,312,725
17978,17978,0,1,0,0,0,312,725
17979,17979,0,1,0,0,0,312,725
17980,17980,0,1,1,0,0,312,726
17981,17981,0,1,0,0,0,312,726
17982,17982,0,1,0,0,0,312,726
17983,17983,0,1,0,0,0,312,726
17984,17984,0,1,1,0,0,312,726
17985,17985,0,1,0,0,0,312,726
17986,17986,0,1,0,0,0,312,726
17987,17987,0,1,0,0,0,312,726
17988,17988,0,1,1,0,0,312,726
17989,17989,0,1,0,0,1,312,726
17990,17990,0,1,0,0,1,312,726
17991,17991,0,1,0,0,1,312,726
17992,17992,0,1,1,0,1,312,726
17993,17993,0,1,0,0,0,312,726
17994,17994,0,1,0,0,0,312,726
17995,17995,0,1,0,0,0,312,726
17996,17996,0,1,1,1,0,312,726
17997,17997,0,1,0,1,1,312,726
17998,17998,0,1,0,1,1,312,726
17999,17999,0,1,0,1,1,312,726
18000,18000,0,1,1,1,1,312,727
18001,18001,0,1,0,1,0,312,727
18002,18002,0,1,0,1,0,312,727
18003,18003,0,1,0,1,0,312,727
18004,18004,0,1,1,1,0,312,727
18005,18005,0,1,0,1,0,312,727
18006,18006,0,1,0,1,0,312,727
18007,18007,0,1,0,1,0,312,727
18008,18008,0,1,1,1,0,312,727
18009,18009,0,1,0,1,0,312,727
18010,18010,0,1,0,1,0,312,727
18011,18011,0,1,0,1,0,312,727
18012,18012,0,1,1,1,0,312,727
18013,18013,0,1,0,1,0,312,727
18014,18014,0,1,0,1,0,312,727
18015,18015,0,1,0,1,0,312,727
18016,18016,0,1,1,0,0,312,727
18017,18017,0,1,0,0,1,312,727
18018,18018,0,1,0,0,1,312,727
18019,18019,0,1,0,0,1,312,727
18020,18020,0,1,1,0,1,312,728
18021,18021,0,1,0,0,1,312,728
18022,18022,0,1,0,0,1,312,728
18023,18023,0,1,0,0,1,312,728
18024,18024,0,1,1,0,1,312,728
18025,18025,0,1,0,0,0,312,728
18026,18026,0,1,0,0,0,312,728
18027,18027,0,1,0,0,0,312,728
18028,18028,0,1,1,0,0,312,728
18029,18029,0,1,0,0,0,312,728
18030,18030,0,1,0,0,0,312,728
18031,18031,0,1,0,0,0,313,728
18032,18032,0,1,1,0,0,313,728
18033,18033,0,1,0,0,1,313,728
18034,18034,0,1,0,0,1,313,728
18035,18035,0,1,0,0,1,313,728
18036,18036,0,1,1,1,1,313,728
18037,18037,0,1,0,1,0,313,728
18038,18038,0,1,0,1,0,313,728
18039,18039,0,1,0,1,0,313,728
18040,18040,0,1,1,1,0,313,729
18041,18041,0,1,0,1,0,313,729
18042,18042,0,1,0,1,0,313,729
18043,18043,0,1,0,1,0,313,729
18044,18044,0,1,1,1,0,313,729
18045,18045,0,1,0,1,1,313,729
18046,18046,0,1,0,1,1,313,729
18047,18047,0,1,0,1,1,313,729
18048,18048,0,1,1,1,1,313,729
18049,18049,0,1,0,1,1,313,729
18050,18050,0,1,0,1,1,313,729
18051,18051,0,1,0,1,1,314,729
18052,18052,0,1,1,1,1,314,729
18053,18053,0,1,0,1,0,314,729
18054,18054,0,1,0,1,0,314,729
18055,18055,0,1,0,1,0,314,729
18056,18056,0,1,1,0,0,314,729
18057,18057,0,1,0,0,0,314,729
18058,18058,0,1,0,0,0,314,729
18059,18059,0,1,0,0,0,314,729
18060,18060,0,1,1,0,0,314,730
18061,18061,0,1,0,0,0,314,730
18062,18062,0,1,0,0,0,314,730
18063,18063,0,1,0,0,0,314,730
18064,18064,0,1,1,0,0,314,730
18065,18065,0,1,0,0,0,314,730
18066,18066,0,1,0,0,0,314,730
18067,18067,0,1,0,0,0,314,730
18068,18068,0,1,1,0,0,314,730
18069,18069,0,1,0,0,1,314,730
18070,18070,0,1,0,0,1,314,730
18071,18071,0,1,0,0,1,314,730
18072,18072,0,1,1,0,1,314,730
18073,18073,0,1,0,0,1,314,730
18074,18074,0,1,0,0,1,314,730
18075,18075,0,1,0,0,1,314,730
18076,18076,0,1,1,1,1,314,730
18077,18077,0,1,0,1,1,314,730
18078,18078,0,1,0,1,1,314,730
18079,18079,0,1,0,1,1,314,730
18080,18080,0,1,1,1,1,314,731
18081,18081,0,1,0,1,1,314,731
18082,18082,0,1,0,1,1,314,731
18083,18083,0,1,0,1,1,314,731
18084,18084,0,1,1,1,1,314,731
18085,18085,0,1,0,1,0,314,731
18086,18086,0,1,0,1,0,314,731
18087,18087,0,1,0,1,0,314,731
18088,18088,0,1,1,1,0,314,731
18089,18089,0,1,0,1,0,314,731
18090,18090,0,1,0,1,0,314,731
18091,18091,0,1,0,1,0,314,731
18092,18092,0,1,1,1,0,314,731
18093,18093,0,1,0,1,0,314,731
18094,18094,0,1,0,1,0,314,731
18095,18095,0,1,0,1,0,314,731
18096,18096,0,1,1,0,0,314,731
18097,18097,0,1,0,0,1,314,731
18098,18098,0,1,0,0,1,314,731
18099,18099,0,1,0,0,1,314,731
18100,18100,0,1,1,0,1,314,732
18101,18101,0,1,0,0,0,314,732
18102,18102,0,1,0,0,0,314,732
18103,18103,0,1,0,0,0,314,732
18104,18104,0,1,1,0,0,314,732
18105,18105,0,1,0,0,1,314,732
18106,18106,0,1,0,0,1,314,732
18107,18107,0,1,0,0,1,314,732
18108,18108,0,1,1,0,1,314,732
18109,18109,0,1,0,0,1,314,732
18110,18110,0,1,0,0,1,314,732
18111,18111,0,1,0,0,1,314,732
18112,18112,0,1,1,0,1,314,732
18113,18113,0,1,0,0,0,314,732
18114,18114,0,1,0,0,0,314,732
18115,18115,0,1,0,0,0,314,732
18116,18116,0,1,1,0,0,314,732
18117,18117,0,1,0,0,1,314,732
18118,18118,0,1,0,0,1,314,732
18119,18119,0,1,0,0,1,314,732
18120,18120,0,1,1,0,1,314,733
18121,18121,0,1,0,0,0,314,733
18122,18122,0,1,0,0,0,314,733
18123,18123,0,1,0,0,0,314,733
18124,18124,0,1,1,0,0,314,733
18125,18125,0,1,0,0,0,314,733
18126,18126,0,1,0,0,0,314,733
18127,18127,0,1,0,0,0,314,733
18128,18128,0,1,1,0,0,314,733
18129,18129,0,1,0,0,1,314,733
18130,18130,0,1,0,0,1,314,733
18131,18131,0,1,0,0,1,314,733
18132,18132,0,1,1,0,1,314,733
18133,18133,0,1,0,0,0,314,733
18134,18134,0,1,0,0,0,314,733
18135,18135,0,1,0,0,0,314,733
18136,18136,0,1,1,0,0,314,733
18137,18137,0,1,0,0,1,314,733
18138,18138,0,1,0,0,1,314,733
18139,18139,0,1,0,0,1,314,733
18140,18140,0,1,1,0,1,314,734
18141,18141,0,1,0,0,1,314,734
18142,18142,0,1,0,0,1,314,734
18143,18143,0,1,0,0,1,314,734
18144,18144,0,1,1,0,1,314,734
18145,18145,0,1,0,0,0,314,734
18146,18146,0,1,0,0,0,314,734
18147,18147,0,1,0,0,0,314,734
18148,18148,0,1,1,0,0,314,734
18149,18149,0,1,0,0,1,314,734
18150,18150,0,1,0,0,1,314,734
18151,18151,0,1,0,0,1,314,734
18152,18152,0,1,1,0,1,314,734
18153,18153,0,1,0,0,1,314,734
18154,18154,0,1,0,0,1,314,734
18155,18155,0,1,0,0,1,314,734
18156,18156,0,1,1,1,1,314,734
18157,18157,0,1,0,1,1,314,734
18158,18158,0,1,0,1,1,314,734
18159,18159,0,1,0,1,1,314,734
18160,18160,0,1,1,1,1,314,735
18161,18161,0,1,0,1,1,314,735
18162,18162,0,1,0,1,1,314,735
18163,18163,0,1,0,1,1,314,735
18164,18164,0,1,1,1,1,314,735
18165,18165,0,1,0,1,0,314,735
18166,18166,0,1,0,1,0,314,735
18167,18167,0,1,0,1,0,314,735
18168,18168,0,1,1,1,0,314,735
18169,18169,0,1,0,1,0,314,735
18170,18170,0,1,0,1,0,314,735
18171,18171,0,1,0,1,0,314,735
18172,18172,0,1,1,1,0,314,735
18173,18173,0,1,0,1,1,314,735
18174,18174,0,1,0,1,1,314,735
18175,18175,0,1,0,1,1,314,735
18176,18176,0,1,1,0,1,314,735
18177,18177,0,1,0,0,1,314,735
18178,18178,0,1,0,0,1,314,735
18179,18179,0,1,0,0,1,314,735
18180,18180,0,1,1,0,1,314,736
18181,18181,0,1,0,0,0,314,736
18182,18182,0,1,0,0,0,314,736
18183,18183,0,1,0,0,0,314,736
18184,18184,0,1,1,0,0,314,736
18185,18185,0,1,0,0,1,314,736
18186,18186,0,1,0,0,1,314,736
18187,18187,0,1,0,0,1,314,736
18188,18188,0,1,1,0,1,314,736
18189,18189,0,1,0,0,0,314,736
18190,18190,0,1,0,0,0,314,736
18191,18191,0,1,0,0,0,315,736
18192,18192,0,1,1,0,0,315,736
18193,18193,0,1,0,0,0,315,736
18194,18194,0,1,0,0,0,315,736
18195,18195,0,1,0,0,0,315,736
18196,18196,0,1,1,0,0,315,736
18197,18197,0,1,0,0,1,315,736
18198,18198,0,1,0,0,1,315,736
18199,18199,0,1,0,0,1,315,736
18200,18200,0,1,1,0,1,315,737
18201,18201,0,1,0,0,0,315,737
18202,18202,0,1,0,0,0,315,737
18203,18203,0,1,0,0,0,315,737
18204,18204,0,1,1,0,0,315,737
18205,18205,0,1,0,0,0,315,737
18206,18206,0,1,0,0,0,315,737
18207,18207,0,1,0,0,0,315,737
18208,18208,0,1,1,0,0,315,737
18209,18209,0,1,0,0,1,315,737
18210,18210,0,1,0,0,1,315,737
18211,18211,0,1,0,0,1,315,737
18212,18212,0,1,1,0,1,315,737
18213,18213,0,1,0,0,1,315,737
18214,18214,0,1,0,0,1,315,737
18215,18215,0,1,0,0,1,315,737
18216,18216,0,1,1,0,1,315,737
18217,18217,0,1,0,0,0,315,737
18218,18218,0,1,0,0,0,315,737
18219,18219,0,1,0,0,0,315,737
18220,18220,0,1,1,0,0,315,738
18221,18221,0,1,0,0,1,315,738
18222,18222,0,1,0,0,1,315,738
18223,18223,0,1,0,0,1,315,738
18224,18224,0,1,1,0,1,315,738
18225,18225,0,1,0,0,1,315,738
18226,18226,0,1,0,0,1,315,738
18227,18227,0,1,0,0,1,315,738
18228,18228,0,1,1,0,1,315,738
18229,18229,0,1,0,0,0,315,738
18230,18230,0,1,0,0,0,315,738
18231,18231,0,1,0,0,0,316,738
18232,18232,0,1,1,0,0,316,738
18233,18233,0,1,0,0,0,316,738
18234,18234,0,1,0,0,0,316,738
18235,18235,0,1,0,0,0,316,738
18236,18236,0,1,1,0,0,316,738
18237,18237,0,1,0,0,0,316,738
18238,18238,0,1,0,0,0,316,738
18239,18239,0,1,0,0,0,316,738
18240,18240,0,1,1,0,0,316,739
18241,18241,0,1,0,0,1,316,739
18242,18242,0,1,0,0,1,316,739
18243,18243,0,1,0,0,1,316,739
18244,18244,0,1,1,0,1,316,739
18245,18245,0,1,0,0,1,316,739
18246,18246,0,1,0,0,1,316,739
18247,18247,0,1,0,0,1,316,739
18248,18248,0,1,1,0,1,316,739
18249,18249,0,1,0,0,1,316,739
18250,18250,0,1,0,0,1,316,739
18251,18251,0,1,0,0,1,316,739
18252,18252,0,1,1,0,1,316,739
18253,18253,0,1,0,0,1,316,739
18254,18254,0,1,0,0,1,316,739
18255,18255,0,1,0,0,1,316,739
18256,18256,0,1,1,1,1,316,739
18257,18257,0,1,0,1,1,316,739
18258,18258,0,1,0,1,1,316,739
18259,18259,0,1,0,1,1,316,739
18260,18260,0,1,1,1,1,316,740
18261,18261,0,1,0,1,1,316,740
18262,18262,0,1,0,1,1,316,740
18263,18263,0,1,0,1,1,316,740
18264,18264,0,1,1,1,1,316,740
18265,18265,0,1,0,1,1,316,740
18266,18266,0,1,0,1,1,316,740
18267,18267,0,1,0,1,1,316,740
18268,18268,0,1,1,1,1,316,740
18269,18269,0,1,0,1,1,316,740
18270,18270,0,1,0,1,1,316,740
18271,18271,0,1,0,1,1,317,740
18272,18272,0,1,1,1,1,317,740
18273,18273,0,1,0,1,0,317,740
18274,18274,0,1,0,1,0,317,740
18275,18275,0,1,0,1,0,317,740
18276,18276,0,1,1,0,0,317,740
18277,18277,0,1,0,0,0,317,740
18278,18278,0,1,0,0,0,317,740
18279,18279,0,1,0,0,0,317,740
18280,18280,0,1,1,0,0,317,741
18281,18281,0,1,0,0,0,317,741
18282,18282,0,1,0,0,0,317,741
18283,18283,0,1,0,0,0,317,741
18284,18284,0,1,1,0,0,317,741
18285,18285,0,1,0,0,1,317,741
18286,18286,0,1,0,0,1,317,741
18287,18287,0,1,0,0,1,317,741
18288,18288,0,1,1,0,1,317,741
18289,18289,0,1,0,0,0,317,741
18290,18290,0,1,0,0,0,317,741
18291,18291,0,1,0,0,0,318,741
18292,18292,0,1,1,0,0,318,741
18293,18293,0,1,0,0,0,318,741
18294,18294,0,1,0,0,0,318,741
18295,18295,0,1,0,0,0,318,741
18296,18296,0,1,1,0,0,318,741
18297,18297,0,1,0,0,1,318,741
18298,18298,0,1,0,0,1,318,741
18299,18299,0,1,0,0,1,318,741
18300,18300,0,1,1,0,1,318,742
18301,18301,0,1,0,0,0,318,742
18302,18302,0,1,0,0,0,318,742
18303,18303,0,1,0,0,0,318,742
18304,18304,0,1,1,0,0,318,742
18305,18305,0,1,0,0,1,318,742
18306,18306,0,1,0,0,1,318,742
18307,18307,0,1,0,0,1,318,742
18308,18308,0,1,1,0,1,318,742
18309,18309,0,1,0,0,1,318,742
18310,18310,0,1,0,0,1,318,742
18311,18311,0,1,0,0,1,318,742
18312,18312,0,1,1,0,1,318,742
18313,18313,0,1,0,0,1,318,742
18314,18314,0,1,0,0,1,318,742
18315,18315,0,1,0,0,1,318,742
18316,18316,0,1,1,0,1,318,742
18317,18317,0,1,0,0,1,318,742
18318,18318,0,1,0,0,1,318,742
18319,18319,0,1,0,0,1,318,742
18320,18320,0,1,1,0,1,318,743
18321,18321,0,1,0,0,1,318,743
18322,18322,0,1,0,0,1,318,743
18323,18323,0,1,0,0,1,318,743
18324,18324,0,1,1,0,1,318,743
18325,18325,0,1,0,0,1,318,743
18326,18326,0,1,0,0,1,318,743
18327,18327,0,1,0,0,1,318,743
18328,18328,0,1,1,0,1,318,743
18329,18329,0,1,0,0,1,318,743
18330,18330,0,1,0,0,1,318,743
18331,18331,0,1,0,0,1,318,743
18332,18332,0,1,1,0,1,318,743
18333,18333,0,1,0,0,1,318,743
18334,18334,0,1,0,0,1,318,743
18335,18335,0,1,0,0,1,318,743
18336,18336,0,1,1,1,1,318,743
18337,18337,0,1,0,1,0,318,743
18338,18338,0,1,0,1,0,318,743
18339,18339,0,1,0,1,0,318,743
18340,18340,0,1,1,1,0,318,744
18341,18341,0,1,0,1,0,318,744
18342,18342,0,1,0,1,0,318,744
18343,18343,0,1,0,1,0,318,744
18344,18344,0,1,1,1,0,318,744
18345,18345,0,1,0,1,1,318,744
18346,18346,0,1,0,1,1,318,744
18347,18347,0,1,0,1,1,318,744
18348,18348,0,1,1,1,1,318,744
18349,18349,0,1,0,1,1,318,744
18350,18350,0,1,0,1,1,318,744
18351,18351,0,1,0,1,1,319,744
18352,18352,0,1,1,1,1,319,744
18353,18353,0,1,0,1,0,319,744
18354,18354,0,1,0,1,0,319,744
18355,18355,0,1,0,1,0,319,744
18356,18356,0,1,1,1,0,319,744
18357,18357,0,1,0,1,1,319,744
18358,18358,0,1,0,1,1,319,744
18359,18359,0,1,0,1,1,319,744
18360,18360,0,1,1,1,1,319,745
18361,18361,0,1,0,1,0,319,745
18362,18362,0,1,0,1,0,319,745
18363,18363,0,1,0,1,0,319,745
18364,18364,0,1,1,1,0,319,745
18365,18365,0,1,0,1,1,319,745
18366,18366,0,1,0,1,1,319,745
18367,18367,0,1,0,1,1,319,745
18368,18368,0,1,1,1,1,319,745
18369,18369,0,1,0,1,1,319,745
18370,18370,0,1,0,1,1,319,745
18371,18371,0,1,0,1,1,320,745
18372,18372,0,1,1,1,1,320,745
18373,18373,0,1,0,1,1,320,745
18374,18374,0,1,0,1,1,320,745
18375,18375,0,1,0,1,1,320,745
18376,18376,0,1,1,1,1,320,745
18377,18377,0,1,0,1,1,320,745
18378,18378,0,1,0,1,1,320,745
18379,18379,0,1,0,1,1,320,745
18380,18380,0,1,1,1,1,320,746
18381,18381,0,1,0,1,1,320,746
18382,18382,0,1,0,1,1,320,746
18383,18383,0,1,0,1,1,320,746
18384,18384,0,1,1,1,1,320,746
18385,18385,0,1,0,1,0,320,746
18386,18386,0,1,0,1,0,320,746
18387,18387,0,1,0,1,0,320,746
18388,18388,0,1,1,1,0,320,746
18389,18389,0,1,0,1,0,320,746
18390,18390,0,1,0,1,0,320,746
18391,18391,0,1,0,1,0,320,746
18392,18392,0,1,1,1,0,320,746
18393,18393,0,1,0,1,0,320,746
18394,18394,0,1,0,1,0,320,746
18395,18395,0,1,0,1,0,320,746
18396,18396,0,1,1,0,0,320,746
18397,18397,0,1,0,0,0,320,746
18398,18398,0,1,0,0,0,320,746
18399,18399,0,1,0,0,0,320,746
18400,18400,0,1,1,0,0,320,747
18401,18401,0,1,0,0,1,320,747
18402,18402,0,1,0,0,1,320,747
18403,18403,0,1,0,0,1,320,747
18404,18404,0,1,1,0,1,320,747
18405,18405,0,1,0,0,1,320,747
18406,18406,0,1,0,0,1,320,747
18407,18407,0,1,0,0,1,320,747
18408,18408,0,1,1,0,1,320,747
18409,18409,0,1,0,0,1,320,747
18410,18410,0,1,0,0,1,320,747
18411,18411,0,1,0,0,1,320,747
18412,18412,0,1,1,0,1,320,747
18413,18413,0,1,0,0,1,320,747
18414,18414,0,1,0,0,1,320,747
18415,18415,0,1,0,0,1,320,747
18416,18416,0,1,1,0,1,320,747
18417,18417,0,1,0,0,0,320,747
18418,18418,0,1,0,0,0,320,747
18419,18419,0,1,0,0,0,320,747
18420,18420,0,1,1,0,0,320,748
18421,18421,0,1,0,0,1,320,748
18422,18422,0,1,0,0,1,320,748
18423,18423,0,1,0,0,1,320,748
18424,18424,0,1,1,0,1,320,748
18425,18425,0,1,0,0,0,320,748
18426,18426,0,1,0,0,0,320,748
18427,18427,0,1,0,0,0,320,748
18428,18428,0,1,1,0,0,320,748
18429,18429,0,1,0,0,1,320,748
18430,18430,0,1,0,0,1,320,748
18431,18431,0,1,0,0,1,320,748
18432,18432,0,1,1,0,1,320,748
18433,18433,0,1,0,0,0,320,748
18434,18434,0,1,0,0,0,320,748
18435,18435,0,1,0,0,0,320,748
18436,18436,0,1,1,1,0,320,748
18437,18437,0,1,0,1,0,320,748
18438,18438,0,1,0,1,0,320,748
18439,18439,0,1,0,1,0,320,748
18440,18440,0,1,1,1,0,320,749
18441,18441,0,1,0,1,1,320,749
18442,18442,0,1,0,1,1,320,749
18443,18443,0,1,0,1,1,320,749
18444,18444,0,1,1,1,1,320,749
18445,18445,0,1,0,1,1,320,749
18446,18446,0,1,0,1,1,320,749
18447,18447,0,1,0,1,1,320,749
18448,18448,0,1,1,1,1,320,749
18449,18449,0,1,0,1,0,320,749
18450,18450,0,1,0,1,0,320,749
18451,18451,0,1,0,1,0,320,749
18452,18452,0,1,1,1,0,320,749
18453,18453,0,1,0,1,1,320,749
18454,18454,0,1,0,1,1,320,749
18455,18455,0,1,0,1,1,320,749
18456,18456,0,1,1,0,1,320,749
18457,18457,0,1,0,0,0,320,749
18458,18458,0,1,0,0,0,320,749
18459,18459,0,1,0,0,0,320,749
18460,18460,0,1,1,0,0,320,750
18461,18461,0,1,0,0,0,320,750
18462,18462,0,1,0,0,0,320,750
18463,18463,0,1,0,0,0,320,750
18464,18464,0,1,1,0,0,320,750
18465,18465,0,1,0,0,0,320,750
18466,18466,0,1,0,0,0,320,750
18467,18467,0,1,0,0,0,320,750
18468,18468,0,1,1,0,0,320,750
18469,18469,0,1,0,0,1,320,750
18470,18470,0,1,0,0,1,320,750
18471,18471,0,1,0,0,1,320,750
18472,18472,0,1,1,0,1,320,750
18473,18473,0,1,0,0,1,320,750
18474,18474,0,1,0,0,1,320,750
18475,18475,0,1,0,0,1,320,750
18476,18476,0,1,1,1,1,320,750
18477,18477,0,1,0,1,0,320,750
18478,18478,0,1,0,1,0,320,750
18479,18479,0,1,0,1,0,320,750
18480,18480,0,1,1,1,0,320,751
18481,18481,0,1,0,1,1,320,751
18482,18482,0,1,0,1,1,320,751
18483,18483,0,1,0,1,1,320,751
18484,18484,0,1,1,1,1,320,751
18485,18485,0,1,0,1,1,320,751
18486,18486,0,1,0,1,1,320,751
18487,18487,0,1,0,1,1,320,751
18488,18488,0,1,1,1,1,320,751
18489,18489,0,1,0,1,0,320,751
18490,18490,0,1,0,1,0,320,751
18491,18491,0,1,0,1,0,320,751
18492,18492,0,1,1,1,0,320,751
18493,18493,0,1,0,1,1,320,751
18494,18494,0,1,0,1,1,320,751
18495,18495,0,1,0,1,1,320,751
18496,18496,0,1,1,1,1,320,751
18497,18497,0,1,0,1,0,320,751
18498,18498,0,1,0,1,0,320,751
18499,18499,0,1,0,1,0,320,751
18500,18500,0,1,1,1,0,320,752
18501,18501,0,1,0,1,1,320,752
18502,18502,0,1,0,1,1,320,752
18503,18503,0,1,0,1,1,320,752
18504,18504,0,1,1,1,1,320,752
18505,18505,0,1,0,1,0,320,752
18506,18506,0,1,0,1,0,320,752
18507,18507,0,1,0,1,0,320,752
18508,18508,0,1,1,1,0,320,752
18509,18509,0,1,0,1,0,320,752
18510,18510,0,1,0,1,0,320,752
18511,18511,0,1,0,1,0,320,752
18512,18512,0,1,1,1,0,320,752
18513,18513,0,1,0,1,0,320,752
18514,18514,0,1,0,1,0,320,752
18515,18515,0,1,0,1,0,320,752
18516,18516,0,1,1,0,0,320,752
18517,18517,0,1,0,0,0,320,752
18518,18518,0,1,0,0,0,320,752
18519,18519,0,1,0,0,0,320,752
18520,18520,0,1,1,0,0,320,753
18521,18521,0,1,0,0,0,320,753
18522,18522,0,1,0,0,0,320,753
18523,18523,0,1,0,0,0,320,753
18524,18524,0,1,1,0,0,320,753
18525,18525,0,1,0,0,0,320,753
18526,18526,0,1,0,0,0,320,753
18527,18527,0,1,0,0,0,320,753
18528,18528,0,1,1,0,0,320,753
18529,18529,0,1,0,0,1,320,753
18530,18530,0,1,0,0,1,320,753
18531,18531,0,1,0,0,1,320,753
18532,18532,0,1,1,0,1,320,753
18533,18533,0,1,0,0,1,320,753
18534,18534,0,1,0,0,1,320,753
18535,18535,0,1,0,0,1,320,753
18536,18536,0,1,1,0,1,320,753
18537,18537,0,1,0,0,1,320,753
18538,18538,0,1,0,0,1,320,753
18539,18539,0,1,0,0,1,320,753
18540,18540,0,1,1,0,1,320,754
18541,18541,0,1,0,0,1,320,754
18542,18542,0,1,0,0,1,320,754
18543,18543,0,1,0,0,1,320,754
18544,18544,0,1,1,0,1,320,754
18545,18545,0,1,0,0,1,320,754
18546,18546,0,1,0,0,1,320,754
18547,18547,0,1,0,0,1,320,754
18548,18548,0,1,1,0,1,320,754
18549,18549,0,1,0,0,1,320,754
18550,18550,0,1,0,0,1,320,754
18551,18551,0,1,0,0,1,320,754
18552,18552,0,1,1,0,1,320,754
18553,18553,0,1,0,0,1,320,754
18554,18554,0,1,0,0,1,320,754
18555,18555,0,1,0,0,1,320,754
18556,18556,0,1,1,0,1,320,754
18557,18557,0,1,0,0,0,320,754
18558,18558,0,1,0,0,0,320,754
18559,18559,0,1,0,0,0,320,754
18560,18560,0,1,1,0,0,320,755
18561,18561,0,1,0,0,1,320,755
18562,18562,0,1,0,0,1,320,755
18563,18563,0,1,0,0,1,320,755
18564,18564,0,1,1,0,1,320,755
18565,18565,0,1,0,0,0,320,755
18566,18566,0,1,0,0,0,320,755
18567,18567,0,1,0,0,0,320,755
18568,18568,0,1,1,0,0,320,755
18569,18569,0,1,0,0,0,320,755
18570,18570,0,1,0,0,0,320,755
18571,18571,0,1,0,0,0,321,755
18572,18572,0,1,1,0,0,321,755
18573,18573,0,1,0,0,0,321,755
18574,18574,0,1,0,0,0,321,755
18575,18575,0,1,0,0,0,321,755
18576,18576,0,1,1,1,0,321,755
18577,18577,0,1,0,1,1,321,755
18578,18578,0,1,0,1,1,321,755
18579,18579,0,1,0,1,1,321,755
18580,18580,0,1,1,1,1,321,756
18581,18581,0,1,0,1,1,321,756
18582,18582,0,1,0,1,1,321,756
18583,18583,0,1,0,1,1,321,756
18584,18584,0,1,1,1,1,321,756
18585,18585,0,1,0,1,0,321,756
18586,18586,0,1,0,1,0,321,756
18587,18587,0,1,0,1,0,321,756
18588,18588,0,1,1,1,0,321,756
18589,18589,0,1,0,1,1,321,756
18590,18590,0,1,0,1,1,321,756
18591,18591,0,1,0,1,1,322,756
18592,18592,0,1,1,1,1,322,756
18593,18593,0,1,0,1,0,322,756
18594,18594,0,1,0,1,0,322,756
18595,18595,0,1,0,1,0,322,756
18596,18596,0,1,1,0,0,322,756
18597,18597,0,1,0,0,0,322,756
18598,18598,0,1,0,0,0,322,756
18599,18599,0,1,0,0,0,322,756
18600,18600,0,1,1,0,0,322,757
18601,18601,0,1,0,0,1,322,757
18602,18602,0,1,0,0,1,322,757
18603,18603,0,1,0,0,1,322,757
18604,18604,0,1,1,0,1,322,757
18605,18605,0,1,0,0,1,322,757
18606,18606,0,1,0,0,1,322,757
18607,18607,0,1,0,0,1,322,757
18608,18608,0,1,1,0,1,322,757
18609,18609,0,1,0,0,0,322,757
18610,18610,0,1,0,0,0,322,757
18611,18611,0,1,0,0,0,323,757
18612,18612,0,1,1,0,0,323,757
18613,18613,0,1,0,0,1,323,757
18614,18614,0,1,0,0,1,323,757
18615,18615,0,1,0,0,1,323,757
18616,18616,0,1,1,0,1,323,757
18617,18617,0,1,0,0,0,323,757
18618,18618,0,1,0,0,0,323,757
18619,18619,0,1,0,0,0,323,757
18620,18620,0,1,1,0,0,323,758
18621,18621,0,1,0,0,1,323,758
18622,18622,0,1,0,0,1,323,758
18623,18623,0,1,0,0,1,323,758
18624,18624,0,1,1,0,1,323,758
18625,18625,0,1,0,0,1,323,758
18626,18626,0,1,0,0,1,323,758
18627,18627,0,1,0,0,1,323,758
18628,18628,0,1,1,0,1,323,758
18629,18629,0,1,0,0,1,323,758
18630,18630,0,1,0,0,1,323,758
18631,18631,0,1,0,0,1,323,758
18632,18632,0,1,1,0,1,323,758
18633,18633,0,1,0,0,1,323,758
18634,18634,0,1,0,0,1,323,758
18635,18635,0,1,0,0,1,323,758
18636,18636,0,1,1,0,1,323,758
18637,18637,0,1,0,0,0,323,758
18638,18638,0,1,0,0,0,323,758
18639,18639,0,1,0,0,0,323,758
18640,18640,0,1,1,0,0,323,759
18641,18641,0,1,0,0,1,323,759
18642,18642,0,1,0,0,1,323,759
18643,18643,0,1,0,0,1,323,759
18644,18644,0,1,1,0,1,323,759
18645,18645,0,1,0,0,1,323,759
18646,18646,0,1,0,0,1,323,759
18647,18647,0,1,0,0,1,323,759
18648,18648,0,1,1,0,1,323,759
18649,18649,0,1,0,0,1,323,759
18650,18650,0,1,0,0,1,323,759
18651,18651,0,1,0,0,1,323,759
18652,18652,0,1,1,0,1,323,759
18653,18653,0,1,0,0,0,323,759
18654,18654,0,1,0,0,0,323,759
18655,18655,0,1,0,0,0,323,759
18656,18656,0,1,1,1,0,323,759
18657,18657,0,1,0,1,0,323,759
18658,18658,0,1,0,1,0,323,759
18659,18659,0,1,0,1,0,323,759
18660,18660,0,1,1,1,0,323,760
18661,18661,0,1,0,1,1,323,760
18662,18662,0,1,0,1,1,323,760
18663,18663,0,1,0,1,1,323,760
18664,18664,0,1,1,1,1,323,760
18665,18665,0,1,0,1,0,323,760
18666,18666,0,1,0,1,0,323,760
18667,18667,0,1,0,1,0,323,760
18668,18668,0,1,1,1,0,323,760
18669,18669,0,1,0,1,0,323,760
18670,18670,0,1,0,1,0,323,760
18671,18671,0,1,0,1,0,323,760
18672,18672,0,1,1,1,0,323,760
18673,18673,0,1,0,1,0,323,760
18674,18674,0,1,0,1,0,323,760
18675,18675,0,1,0,1,0,323,760
18676,18676,0,1,1,1,0,323,760
18677,18677,0,1,0,1,0,323,760
18678,18678,0,1,0,1,0,323,760
18679,18679,0,1,0,1,0,323,760
18680,18680,0,1,1,1,0,323,761
18681,18681,0,1,0,1,0,323,761
18682,18682,0,1,0,1,0,323,761
18683,18683,0,1,0,1,0,323,761
18684,18684,0,1,1,1,0,323,761
18685,18685,0,1,0,1,0,323,761
18686,18686,0,1,0,1,0,323,761
18687,18687,0,1,0,1,0,323,761
18688,18688,0,1,1,1,0,323,761
18689,18689,0,1,0,1,1,323,761
18690,18690,0,1,0,1,1,323,761
18691,18691,0,1,0,1,1,324,761
18692,18692,0,1,1,1,1,324,761
18693,18693,0,1,0,1,0,324,761
18694,18694,0,1,0,1,0,324,761
18695,18695,0,1,0,1,0,324,761
18696,18696,0,1,1,0,0,324,761
18697,18697,0,1,0,0,1,324,761
18698,18698,0,1,0,0,1,324,761
18699,18699,0,1,0,0,1,324,761
18700,18700,0,1,1,0,1,324,762
18701,18701,0,1,0,0,1,324,762
18702,18702,0,1,0,0,1,324,762
18703,18703,0,1,0,0,1,324,762
18704,18704,0,1,1,0,1,324,762
18705,18705,0,1,0,0,1,324,762
18706,18706,0,1,0,0,1,324,762
18707,18707,0,1,0,0,1,324,762
18708,18708,0,1,1,0,1,324,762
18709,18709,0,1,0,0,0,324,762
18710,18710,0,1,0,0,0,324,762
18711,18711,0,1,0,0,0,325,762
18712,18712,0,1,1,0,0,325,762
18713,18713,0,1,0,0,1,325,762
18714,18714,0,1,0,0,1,325,762
18715,18715,0,1,0,0,1,325,762
18716,18716,0,1,1,1,1,325,762
18717,18717,0,1,0,1,0,325,762
18718,18718,0,1,0,1,0,325,762
18719,18719,0,1,0,1,0,325,762
18720,18720,0,1,1,1,0,325,763
18721,18721,0,1,0,1,0,325,763
18722,18722,0,1,0,1,0,325,763
18723,18723,0,1,0,1,0,325,763
18724,18724,0,1,1,1,0,325,763
18725,18725,0,1,0,1,0,325,763
18726,18726,0,1,0,1,0,325,763
18727,18727,0,1,0,1,0,325,763
18728,18728,0,1,1,1,0,325,763
18729,18729,0,1,0,1,1,325,763
18730,18730,0,1,0,1,1,325,763
18731,18731,0,1,0,1,1,326,763
18732,18732,0,1,1,1,1,326,763
18733,18733,0,1,0,1,0,326,763
18734,18734,0,1,0,1,0,326,763
18735,18735,0,1,0,1,0,326,763
18736,18736,0,1,1,0,0,326,763
18737,18737,0,1,0,0,1,326,763
18738,18738,0,1,0,0,1,326,763
18739,18739,0,1,0,0,1,326,763
18740,18740,0,1,1,0,1,326,764
18741,18741,0,1,0,0,1,326,764
18742,18742,0,1,0,0,1,326,764
18743,18743,0,1,0,0,1,326,764
18744,18744,0,1,1,0,1,326,764
18745,18745,0,1,0,0,1,326,764
18746,18746,0,1,0,0,1,326,764
18747,18747,0,1,0,0,1,326,764
18748,18748,0,1,1,0,1,326,764
18749,18749,0,1,0,0,1,326,764
18750,18750,0,1,0,0,1,326,764
18751,18751,0,1,0,0,1,326,764
18752,18752,0,1,1,0,1,326,764
18753,18753,0,1,0,0,1,326,764
18754,18754,0,1,0,0,1,326,764
18755,18755,0,1,0,0,1,326,764
18756,18756,0,1,1,1,1,326,764
18757,18757,0,1,0,1,0,326,764
18758,18758,0,1,0,1,0,326,764
18759,18759,0,1,0,1,0,326,764
18760,18760,0,1,1,1,0,326,765
18761,18761,0,1,0,1,1,326,765
18762,18762,0,1,0,1,1,326,765
18763,18763,0,1,0,1,1,326,765
18764,18764,0,1,1,1,1,326,765
18765,18765,0,1,0,1,0,326,765
18766,18766,0,1,0,1,0,326,765
18767,18767,0,1,0,1,0,326,765
18768,18768,0,1,1,1,0,326,765
18769,18769,0,1,0,1,0,326,765
18770,18770,0,1,0,1,0,326,765
18771,18771,0,1,0,1,0,326,765
18772,18772,0,1,1,1,0,326,765
18773,18773,0,1,0,1,1,326,765
18774,18774,0,1,0,1,1,326,765
18775,18775,0,1,0,1,1,326,765
18776,18776,0,1,1,1,1,326,765
18777,18777,0,1,0,1,0,326,765
18778,18778,0,1,0,1,0,326,765
18779,18779,0,1,0,1,0,326,765
18780,18780,0,1,1,1,0,326,766
18781,18781,0,1,0,1,0,326,766
18782,18782,0,1,0,1,0,326,766
18783,18783,0,1,0,1,0,326,766
18784,18784,0,1,1,1,0,326,766
18785,18785,0,1,0,1,0,326,766
18786,18786,0,1,0,1,0,326,766
18787,18787,0,1,0,1,0,326,766
18788,18788,0,1,1,1,0,326,766
18789,18789,0,1,0,1,0,326,766
18790,18790,0,1,0,1,0,326,766
18791,18791,0,1,0,1,0,326,766
18792,18792,0,1,1,1,0,326,766
18793,18793,0,1,0,1,1,326,766
18794,18794,0,1,0,1,1,326,766
18795,18795,0,1,0,1,1,326,766
18796,18796,0,1,1,1,1,326,766
18797,18797,0,1,0,1,0,326,766
18798,18798,0,1,0,1,0,326,766
18799,18799,0,1,0,1,0,326,766
18800,18800,0,1,1,1,0,326,767
18801,18801,0,1,0,1,0,326,767
18802,18802,0,1,0,1,0,326,767
18803,18803,0,1,0,1,0,326,767
18804,18804,0,1,1,1,0,326,767
18805,18805,0,1,0,1,1,326,767
18806,18806,0,1,0,1,1,326,767
18807,18807,0,1,0,1,1,326,767
18808,18808,0,1,1,1,1,326,767
18809,18809,0,1,0,1,1,326,767
18810,18810,0,1,0,1,1,326,767
18811,18811,0,1,0,1,1,327,767
18812,18812,0,1,1,1,1,327,767
18813,18813,0,1,0,1,0,327,767
18814,18814,0,1,0,1,0,327,767
18815,18815,0,1,0,1,0,327,767
18816,18816,0,1,1,0,0,327,767
18817,18817,0,1,0,0,0,327,767
18818,18818,0,1,0,0,0,327,767
18819,18819,0,1,0,0,0,327,767
18820,18820,0,1,1,0,0,327,768
18821,18821,0,1,0,0,1,327,768
18822,18822,0,1,0,0,1,327,768
18823,18823,0,1,0,0,1,327,768
18824,18824,0,1,1,0,1,327,768
18825,18825,0,1,0,0,1,327,768
18826,18826,0,1,0,0,1,327,768
18827,18827,0,1,0,0,1,327,768
18828,18828,0,1,1,0,1,327,768
18829,18829,0,1,0,0,1,327,768
18830,18830,0,1,0,0,1,327,768
18831,18831,0,1,0,0,1,327,768
18832,18832,0,1,1,0,1,327,768
18833,18833,0,1,0,0,1,327,768
18834,18834,0,1,0,0,1,327,768
18835,18835,0,1,0,0,1,327,768
18836,18836,0,1,1,0,1,327,768
18837,18837,0,1,0,0,1,327,768
18838,18838,0,1,0,0,1,327,768
18839,18839,0,1,0,0,1,327,768
18840,18840,0,1,1,0,1,327,769
18841,18841,0,1,0,0,0,327,769
18842,18842,0,1,0,0,0,327,769
18843,18843,0,1,0,0,0,327,769
18844,18844,0,1,1,0,0,327,769
18845,18845,0,1,0,0,1,327,769
18846,18846,0,1,0,0,1,327,769
18847,18847,0,1,0,0,1,327,769
18848,18848,0,1,1,0,1,327,769
18849,18849,0,1,0,0,1,327,769
18850,18850,0,1,0,0,1,327,769
18851,18851,0,1,0,0,1,327,769
18852,18852,0,1,1,0,1,327,769
18853,18853,0,1,0,0,1,327,769
18854,18854,0,1,0,0,1,327,769
18855,18855,0,1,0,0,1,327,769
18856,18856,0,1,1,1,1,327,769
18857,18857,0,1,0,1,0,327,769
18858,18858,0,1,0,1,0,327,769
18859,18859,0,1,0,1,0,327,769
18860,18860,0,1,1,1,0,327,770
18861,18861,0,1,0,1,0,327,770
18862,18862,0,1,0,1,0,327,770
18863,18863,0,1,0,1,0,327,770
18864,18864,0,1,1,1,0,327,770
18865,18865,0,1,0,1,1,327,770
18866,18866,0,1,0,1,1,327,770
18867,18867,0,1,0,1,1,327,770
18868,18868,0,1,1,1,1,327,770
18869,18869,0,1,0,1,0,327,770
18870,18870,0,1,0,1,0,327,770
18871,18871,0,1,0,1,0,327,770
18872,18872,0,1,1,1,0,327,770
18873,18873,0,1,0,1,0,327,770
18874,18874,0,1,0,1,0,327,770
18875,18875,0,1,0,1,0,327,770
18876,18876,0,1,1,0,0,327,770
18877,18877,0,1,0,0,0,327,770
18878,18878,0,1,0,0,0,327,770
18879,18879,0,1,0,0,0,327,770
18880,18880,0,1,1,0,0,327,771
18881,18881,0,1,0,0,1,327,771
18882,18882,0,1,0,0,1,327,771
18883,18883,0,1,0,0,1,327,771
18884,18884,0,1,1,0,1,327,771
18885,18885,0,1,0,0,1,327,771
18886,18886,0,1,0,0,1,327,771
18887,18887,0,1,0,0,1,327,771
18888,18888,0,1,1,0,1,327,771
18889,18889,0,1,0,0,1,327,771
18890,18890,0,1,0,0,1,327,771
18891,18891,0,1,0,0,1,327,771
18892,18892,0,1,1,0,1,327,771
18893,18893,0,1,0,0,0,327,771
18894,18894,0,1,0,0,0,327,771
18895,18895,0,1,0,0,0,327,771
18896,18896,0,1,1,0,0,327,771
18897,18897,0,1,0,0,1,327,771
18898,18898,0,1,0,0,1,327,771
18899,18899,0,1,0,0,1,327,771
18900,18900,0,1,1,0,1,327,772
18901,18901,0,1,0,0,0,327,772
18902,18902,0,1,0,0,0,327,772
18903,18903,0,1,0,0,0,327,772
18904,18904,0,1,1,0,0,327,772
18905,18905,0,1,0,0,1,327,772
18906,18906,0,1,0,0,1,327,772
18907,18907,0,1,0,0,1,327,772
18908,18908,0,1,1,0,1,327,772
18909,18909,0,1,0,0,1,327,772
18910,18910,0,1,0,0,1,327,772
18911,18911,0,1,0,0,1,327,772
18912,18912,0,1,1,0,1,327,772
18913,18913,0,1,0,0,1,327,772
18914,18914,0,1,0,0,1,327,772
18915,18915,0,1,0,0,1,327,772
18916,18916,0,1,1,0,1,327,772
18917,18917,0,1,0,0,1,327,772
18918,18918,0,1,0,0,1,327,772
18919,18919,0,1,0,0,1,327,772
18920,18920,0,1,1,0,1,327,773
18921,18921,0,1,0,0,0,327,773
18922,18922,0,1,0,0,0,327,773
18923,18923,0,1,0,0,0,327,773
18924,18924,0,1,1,0,0,327,773
18925,18925,0,1,0,0,1,327,773
18926,18926,0,1,0,0,1,327,773
18927,18927,0,1,0,0,1,327,773
18928,18928,0,1,1,0,1,327,773
18929,18929,0,1,0,0,0,327,773
18930,18930,0,1,0,0,0,327,773
18931,18931,0,1,0,0,0,328,773
18932,18932,0,1,1,0,0,328,773
18933,18933,0,1,0,0,1,328,773
18934,18934,0,1,0,0,1,328,773
18935,18935,0,1,0,0,1,328,773
18936,18936,0,1,1,0,1,328,773
18937,18937,0,1,0,0,1,328,773
18938,18938,0,1,0,0,1,328,773
18939,18939,0,1,0,0,1,328,773
18940,18940,0,1,1,0,1,328,774
18941,18941,0,1,0,0,1,328,774
18942,18942,0,1,0,0,1,328,774
18943,18943,0,1,0,0,1,328,774
18944,18944,0,1,1,0,1,328,774
18945,18945,0,1,0,0,1,328,774
18946,18946,0,1,0,0,1,328,774
18947,18947,0,1,0,0,1,328,774
18948,18948,0,1,1,0,1,328,774
18949,18949,0,1,0,0,1,328,774
18950,18950,0,1,0,0,1,328,774
18951,18951,0,1,0,0,1,328,774
18952,18952,0,1,1,0,1,328,774
18953,18953,0,1,0,0,1,328,774
18954,18954,0,1,0,0,1,328,774
18955,18955,0,1,0,0,1,328,774
18956,18956,0,1,1,0,1,328,774
18957,18957,0,1,0,0,0,328,774
18958,18958,0,1,0,0,0,328,774
18959,18959,0,1,0,0,0,328,774
18960,18960,0,1,1,0,0,328,775
18961,18961,0,1,0,0,0,328,775
18962,18962,0,1,0,0,0,328,775
18963,18963,0,1,0,0,0,328,775
18964,18964,0,1,1,0,0,328,775
18965,18965,0,1,0,0,0,328,775
18966,18966,0,1,0,0,0,328,775
18967,18967,0,1,0,0,0,328,775
18968,18968,0,1,1,0,0,328,775
18969,18969,0,1,0,0,1,328,775
18970,18970,0,1,0,0,1,328,775
18971,18971,0,1,0,0,1,328,775
18972,18972,0,1,1,0,1,328,775
18973,18973,0,1,0,0,0,328,775
18974,18974,0,1,0,0,0,328,775
18975,18975,0,1,0,0,0,328,775
18976,18976,0,1,1,1,0,328,775
18977,18977,0,1,0,1,1,328,775
18978,18978,0,1,0,1,1,328,775
18979,18979,0,1,0,1,1,328,775
18980,18980,0,1,1,1,1,328,776
18981,18981,0,1,0,1,1,328,776
18982,18982,0,1,0,1,1,328,776
18983,18983,0,1,0,1,1,328,776
18984,18984,0,1,1,1,1,328,776
18985,18985,0,1,0,1,0,328,776
18986,18986,0,1,0,1,0,328,776
18987,18987,0,1,0,1,0,328,776
18988,18988,0,1,1,1,0,328,776
18989,18989,0,1,0,1,0,328,776
18990,18990,0,1,0,1,0,328,776
18991,18991,0,1,0,1,0,328,776
18992,18992,0,1,1,1,0,328,776
18993,18993,0,1,0,1,0,328,776
18994,18994,0,1,0,1,0,328,776
18995,18995,0,1,0,1,0,328,776
18996,18996,0,1,1,0,0,328,776
18997,18997,0,1,0,0,0,328,776
18998,18998,0,1,0,0,0,328,776
18999,18999,0,1,0,0,0,328,776
19000,19000,0,1,1,0,0,328,777
19001,19001,0,1,0,0,1,328,777
19002,19002,0,1,0,0,1,328,777
19003,19003,0,1,0,0,1,328,777
19004,19004,0,1,1,0,1,328,777
19005,19005,0,1,0,0,0,328,777
19006,19006,0,1,0,0,0,328,777
19007,19007,0,1,0,0,0,328,777
19008,19008,0,1,1,0,0,328,777
19009,19009,0,1,0,0,1,328,777
19010,19010,0,1,0,0,1,328,777
19011,19011,0,1,0,0,1,328,777
19012,19012,0,1,1,0,1,328,777
19013,19013,0,1,0,0,1,328,777
19014,19014,0,1,0,0,1,328,777
19015,19015,0,1,0,0,1,328,777
19016,19016,0,1,1,1,1,328,777
19017,19017,0,1,0,1,1,328,777
19018,19018,0,1,0,1,1,328,777
19019,19019,0,1,0,1,1,328,777
19020,19020,0,1,1,1,1,328,778
19021,19021,0,1,0,1,0,328,778
19022,19022,0,1,0,1,0,328,778
19023,19023,0,1,0,1,0,328,778
19024,19024,0,1,1,1,0,328,778
19025,19025,0,1,0,1,1,328,778
19026,19026,0,1,0,1,1,328,778
19027,19027,0,1,0,1,1,328,778
19028,19028,0,1,1,1,1,328,778
19029,19029,0,1,0,1,0,328,778
19030,19030,0,1,0,1,0,328,778
19031,19031,0,1,0,1,0,328,778
19032,19032,0,1,1,1,0,328,778
19033,19033,0,1,0,1,1,328,778
19034,19034,0,1,0,1,1,328,778
19035,19035,0,1,0,1,1,328,778
19036,19036,0,1,1,1,1,328,778
19037,19037,0,1,0,1,0,328,778
19038,19038,0,1,0,1,0,328,778
19039,19039,0,1,0,1,0,328,778
19040,19040,0,1,1,1,0,328,779
19041,19041,0,1,0,1,0,328,779
19042,19042,0,1,0,1,0,328,779
19043,19043,0,1,0,1,0,328,779
19044,19044,0,1,1,1,0,328,779
19045,19045,0,1,0,1,1,328,779
19046,19046,0,1,0,1,1,328,779
19047,19047,0,1,0,1,1,328,779
19048,19048,0,1,1,1,1,328,779
19049,19049,0,1,0,1,0,328,779
19050,19050,0,1,0,1,0,328,779
19051,19051,0,1,0,1,0,328,779
19052,19052,0,1,1,1,0,328,779
19053,19053,0,1,0,1,0,328,779
19054,19054,0,1,0,1,0,328,779
19055,19055,0,1,0,1,0,328,779
19056,19056,0,1,1,1,0,328,779
19057,19057,0,1,0,1,1,328,779
19058,19058,0,1,0,1,1,328,779
19059,19059,0,1,0,1,1,328,779
19060,19060,0,1,1,1,1,328,780
19061,19061,0,1,0,1,0,328,780
19062,19062,0,1,0,1,0,328,780
19063,19063,0,1,0,1,0,328,780
19064,19064,0,1,1,1,0,328,780
19065,19065,0,1,0,1,0,328,780
19066,19066,0,1,0,1,0,328,780
19067,19067,0,1,0,1,0,328,780
19068,19068,0,1,1,1,0,328,780
19069,19069,0,1,0,1,1,328,780
19070,19070,0,1,0,1,1,328,780
19071,19071,0,1,0,1,1,329,780
19072,19072,0,1,1,1,1,329,780
19073,19073,0,1,0,1,1,329,780
19074,19074,0,1,0,1,1,329,780
19075,19075,0,1,0,1,1,329,780
19076,19076,0,1,1,0,1,329,780
19077,19077,0,1,0,0,1,329,780
19078,19078,0,1,0,0,1,329,780
19079,19079,0,1,0,0,1,329,780
19080,19080,0,1,1,0,1,329,781
19081,19081,0,1,0,0,1,329,781
19082,19082,0,1,0,0,1,329,781
19083,19083,0,1,0,0,1,329,781
19084,19084,0,1,1,0,1,329,781
19085,19085,0,1,0,0,1,329,781
19086,19086,0,1,0,0,1,329,781
19087,19087,0,1,0,0,1,329,781
19088,19088,0,1,1,0,1,329,781
19089,19089,0,1,0,0,1,329,781
19090,19090,0,1,0,0,1,329,781
19091,19091,0,1,0,0,1,329,781
19092,19092,0,1,1,0,1,329,781
19093,19093,0,1,0,0,0,329,781
19094,19094,0,1,0,0,0,329,781
19095,19095,0,1,0,0,0,329,781
19096,19096,0,1,1,0,0,329,781
19097,19097,0,1,0,0,0,329,781
19098,19098,0,1,0,0,0,329,781
19099,19099,0,1,0,0,0,329,781
19100,19100,0,1,1,0,0,329,782
19101,19101,0,1,0,0,0,329,782
19102,19102,0,1,0,0,0,329,782
19103,19103,0,1,0,0,0,329,782
19104,19104,0,1,1,0,0,329,782
19105,19105,0,1,0,0,1,329,782
19106,19106,0,1,0,0,1,329,782
19107,19107,0,1,0,0,1,329,782
19108,19108,0,1,1,0,1,329,782
19109,19109,0,1,0,0,0,329,782
19110,19110,0,1,0,0,0,329,782
19111,19111,0,1,0,0,0,330,782
19112,19112,0,1,1,0,0,330,782
19113,19113,0,1,0,0,1,330,782
19114,19114,0,1,0,0,1,330,782
19115,19115,0,1,0,0,1,330,782
19116,19116,0,1,1,1,1,330,782
19117,19117,0,1,0,1,0,330,782
19118,19118,0,1,0,1,0,330,782
19119,19119,0,1,0,1,0,330,782
19120,19120,0,1,1,1,0,330,783
19121,19121,0,1,0,1,1,330,783
19122,19122,0,1,0,1,1,330,783
19123,19123,0,1,0,1,1,330,783
19124,19124,0,1,1,1,1,330,783
19125,19125,0,1,0,1,1,330,783
19126,19126,0,1,0,1,1,330,783
19127,19127,0,1,0,1,1,330,783
19128,19128,0,1,1,1,1,330,783
19129,19129,0,1,0,1,1,330,783
19130,19130,0,1,0,1,1,330,783
19131,19131,0,1,0,1,1,331,783
19132,19132,0,1,1,1,1,331,783
19133,19133,0,1,0,1,0,331,783
19134,19134,0,1,0,1,0,331,783
19135,19135,0,1,0,1,0,331,783
19136,19136,0,1,1,1,0,331,783
19137,19137,0,1,0,1,0,331,783
19138,19138,0,1,0,1,0,331,783
19139,19139,0,1,0,1,0,331,783
19140,19140,0,1,1,1,0,331,784
19141,19141,0,1,0,1,1,331,784
19142,19142,0,1,0,1,1,331,784
19143,19143,0,1,0,1,1,331,784
19144,19144,0,1,1,1,1,331,784
19145,19145,0,1,0,1,1,331,784
19146,19146,0,1,0,1,1,331,784
19147,19147,0,1,0,1,1,331,784
19148,19148,0,1,1,1,1,331,784
19149,19149,0,1,0,1,1,331,784
19150,19150,0,1,0,1,1,331,784
19151,19151,0,1,0,1,1,332,784
19152,19152,0,1,1,1,1,332,784
19153,19153,0,1,0,1,0,332,784
19154,19154,0,1,0,1,0,332,784
19155,19155,0,1,0,1,0,332,784
19156,19156,0,1,1,1,0,332,784
19157,19157,0,1,0,1,0,332,784
19158,19158,0,1,0,1,0,332,784
19159,19159,0,1,0,1,0,332,784
19160,19160,0,1,1,1,0,332,785
19161,19161,0,1,0,1,1,332,785
19162,19162,0,1,0,1,1,332,785
19163,19163,0,1,0,1,1,332,785
19164,19164,0,1,1,1,1,332,785
19165,19165,0,1,0,1,0,332,785
19166,19166,0,1,0,1,0,332,785
19167,19167,0,1,0,1,0,332,785
19168,19168,0,1,1,1,0,332,785
19169,19169,0,1,0,1,0,332,785
19170,19170,0,1,0,1,0,332,785
19171,19171,0,1,0,1,0,332,785
19172,19172,0,1,1,1,0,332,785
19173,19173,0,1,0,1,1,332,785
19174,19174,0,1,0,1,1,332,785
19175,19175,0,1,0,1,1,332,785
19176,19176,0,1,1,1,1,332,785
19177,19177,0,1,0,1,0,332,785
19178,19178,0,1,0,1,0,332,785
19179,19179,0,1,0,1,0,332,785
19180,19180,0,1,1,1,0,332,786
19181,19181,0,1,0,1,0,332,786
19182,19182,0,1,0,1,0,332,786
19183,19183,0,1,0,1,0,332,786
19184,19184,0,1,1,1,0,332,786
19185,19185,0,1,0,1,1,332,786
19186,19186,0,1,0,1,1,332,786
19187,19187,0,1,0,1,1,332,786
19188,19188,0,1,1,1,1,332,786
19189,19189,0,1,0,1,1,332,786
19190,19190,0,1,0,1,1,332,786
19191,19191,0,1,0,1,1,333,786
19192,19192,0,1,1,1,1,333,786
19193,19193,0,1,0,1,0,333,786
19194,19194,0,1,0,1,0,333,786
19195,19195,0,1,0,1,0,333,786
19196,19196,0,1,1,1,0,333,786
19197,19197,0,1,0,1,0,333,786
19198,19198,0,1,0,1,0,333,786
19199,19199,0,1,0,1,0,333,786
19200,19200,0,1,1,1,0,333,787
19201,19201,0,1,0,1,0,333,787
19202,19202,0,1,0,1,0,333,787
19203,19203,0,1,0,1,0,333,787
19204,19204,0,1,1,1,0,333,787
19205,19205,0,1,0,1,0,333,787
19206,19206,0,1,0,1,0,333,787
19207,19207,0,1,0,1,0,333,787
19208,19208,0,1,1,1,0,333,787
19209,19209,0,1,0,1,0,333,787
19210,19210,0,1,0,1,0,333,787
19211,19211,0,1,0,1,0,333,787
19212,19212,0,1,1,1,0,333,787
19213,19213,0,1,0,1,1,333,787
19214,19214,0,1,0,1,1,333,787
19215,19215,0,1,0,1,1,333,787
19216,19216,0,1,1,0,1,333,787
19217,19217,0,1,0,0,0,333,787
19218,19218,0,1,0,0,0,333,787
19219,19219,0,1,0,0,0,333,787
19220,19220,0,1,1,0,0,333,788
19221,19221,0,1,0,0,0,333,788
19222,19222,0,1,0,0,0,333,788
19223,19223,0,1,0,0,0,333,788
19224,19224,0,1,1,0,0,333,788
19225,19225,0,1,0,0,0,333,788
19226,19226,0,1,0,0,0,333,788
19227,19227,0,1,0,0,0,333,788
19228,19228,0,1,1,0,0,333,788
19229,19229,0,1,0,0,1,333,788
19230,19230,0,1,0,0,1,333,788
19231,19231,0,1,0,0,1,333,788
19232,19232,0,1,1,0,1,333,788
19233,19233,0,1,0,0,0,333,788
19234,19234,0,1,0,0,0,333,788
19235,19235,0,1,0,0,0,333,788
19236,19236,0,1,1,0,0,333,788
19237,19237,0,1,0,0,1,333,788
19238,19238,0,1,0,0,1,333,788
19239,19239,0,1,0,0,1,333,788
19240,19240,0,1,1,0,1,333,789
19241,19241,0,1,0,0,1,333,789
19242,19242,0,1,0,0,1,333,789
19243,19243,0,1,0,0,1,333,789
19244,19244,0,1,1,0,1,333,789
19245,19245,0,1,0,0,1,333,789
19246,19246,0,1,0,0,1,333,789
19247,19247,0,1,0,0,1,333,789
19248,19248,0,1,1,0,1,333,789
19249,19249,0,1,0,0,0,333,789
19250,19250,0,1,0,0,0,333,789
19251,19251,0,1,0,0,0,334,789
19252,19252,0,1,1,0,0,334,789
19253,19253,0,1,0,0,0,334,789
19254,19254,0,1,0,0,0,334,789
19255,19255,0,1,0,0,0,334,789
19256,19256,0,1,1,0,0,334,789
19257,19257,0,1,0,0,1,334,789
19258,19258,0,1,0,0,1,334,789
19259,19259,0,1,0,0,1,334,789
19260,19260,0,1,1,0,1,334,790
19261,19261,0,1,0,0,0,334,790
19262,19262,0,1,0,0,0,334,790
19263,19263,0,1,0,0,0,334,790
19264,19264,0,1,1,0,0,334,790
19265,19265,0,1,0,0,1,334,790
19266,19266,0,1,0,0,1,334,790
19267,19267,0,1,0,0,1,334,790
19268,19268,0,1,1,0,1,334,790
19269,19269,0,1,0,0,1,334,790
19270,19270,0,1,0,0,1,334,790
19271,19271,0,1,0,0,1,334,790
19272,19272,0,1,1,0,1,334,790
19273,19273,0,1,0,0,1,334,790
19274,19274,0,1,0,0,1,334,790
19275,19275,0,1,0,0,1,334,790
19276,19276,0,1,1,0,1,334,790
19277,19277,0,1,0,0,1,334,790
19278,19278,0,1,0,0,1,334,790
19279,19279,0,1,0,0,1,334,790
19280,19280,0,1,1,0,1,334,791
19281,19281,0,1,0,0,1,334,791
19282,19282,0,1,0,0,1,334,791
19283,19283,0,1,0,0,1,334,791
19284,19284,0,1,1,0,1,334,791
19285,19285,0,1,0,0,1,334,791
19286,19286,0,1,0,0,1,334,791
19287,19287,0,1,0,0,1,334,791
19288,19288,0,1,1,0,1,334,791
19289,19289,0,1,0,0,1,334,791
19290,19290,0,1,0,0,1,334,791
19291,19291,0,1,0,0,1,334,791
19292,19292,0,1,1,0,1,334,791
19293,19293,0,1,0,0,1,334,791
19294,19294,0,1,0,0,1,334,791
19295,19295,0,1,0,0,1,334,791
19296,19296,0,1,1,1,1,334,791
19297,19297,0,1,0,1,0,334,791
19298,19298,0,1,0,1,0,334,791
19299,19299,0,1,0,1,0,334,791
19300,19300,0,1,1,1,0,334,792
19301,19301,0,1,0,1,1,334,792
19302,19302,0,1,0,1,1,334,792
19303,19303,0,1,0,1,1,334,792
19304,19304,0,1,1,1,1,334,792
19305,19305,0,1,0,1,0,334,792
19306,19306,0,1,0,1,0,334,792
19307,19307,0,1,0,1,0,334,792
19308,19308,0,1,1,1,0,334,792
19309,19309,0,1,0,1,0,334,792
19310,19310,0,1,0,1,0,334,792
19311,19311,0,1,0,1,0,334,792
19312,19312,0,1,1,1,0,334,792
19313,19313,0,1,0,1,1,334,792
19314,19314,0,1,0,1,1,334,792
19315,19315,0,1,0,1,1,334,792
19316,19316,0,1,1,0,1,334,792
19317,19317,0,1,0,0,1,334,792
19318,19318,0,1,0,0,1,334,792
19319,19319,0,1,0,0,1,334,792
19320,19320,0,1,1,0,1,334,793
19321,19321,0,1,0,0,0,334,793
19322,19322,0,1,0,0,0,334,793
19323,19323,0,1,0,0,0,334,793
19324,19324,0,1,1,0,0,334,793
19325,19325,0,1,0,0,1,334,793
19326,19326,0,1,0,0,1,334,793
19327,19327,0,1,0,0,1,334,793
19328,19328,0,1,1,0,1,334,793
19329,19329,0,1,0,0,1,334,793
19330,19330,0,1,0,0,1,334,793
19331,19331,0,1,0,0,1,334,793
19332,19332,0,1,1,0,1,334,793
19333,19333,0,1,0,0,1,334,793
19334,19334,0,1,0,0,1,334,793
19335,19335,0,1,0,0,1,334,793
19336,19336,0,1,1,0,1,334,793
19337,19337,0,1,0,0,1,334,793
19338,19338,0,1,0,0,1,334,793
19339,19339,0,1,0,0,1,334,793
19340,19340,0,1,1,0,1,334,794
19341,19341,0,1,0,0,0,334,794
19342,19342,0,1,0,0,0,334,794
19343,19343,0,1,0,0,0,334,794
19344,19344,0,1,1,0,0,334,794
19345,19345,0,1,0,0,0,334,794
19346,19346,0,1,0,0,0,334,794
19347,19347,0,1,0,0,0,334,794
19348,19348,0,1,1,0,0,334,794
19349,19349,0,1,0,0,0,334,794
19350,19350,0,1,0,0,0,334,794
19351,19351,0,1,0,0,0,335,794
19352,19352,0,1,1,0,0,335,794
19353,19353,0,1,0,0,1,335,794
19354,19354,0,1,0,0,1,335,794
19355,19355,0,1,0,0,1,335,794
19356,19356,0,1,1,1,1,335,794
19357,19357,0,1,0,1,0,335,794
19358,19358,0,1,0,1,0,335,794
19359,19359,0,1,0,1,0,335,794
19360,19360,0,1,1,1,0,335,795
19361,19361,0,1,0,1,0,335,795
19362,19362,0,1,0,1,0,335,795
19363,19363,0,1,0,1,0,335,795
19364,19364,0,1,1,1,0,335,795
19365,19365,0,1,0,1,1,335,795
19366,19366,0,1,0,1,1,335,795
19367,19367,0,1,0,1,1,335,795
19368,19368,0,1,1,1,1,335,795
19369,19369,0,1,0,1,1,335,795
19370,19370,0,1,0,1,1,335,795
19371,19371,0,1,0,1,1,336,795
19372,19372,0,1,1,1,1,336,795
19373,19373,0,1,0,1,0,336,795
19374,19374,0,1,0,1,0,336,795
19375,19375,0,1,0,1,0,336,795
19376,19376,0,1,1,0,0,336,795
19377,19377,0,1,0,0,1,336,795
19378,19378,0,1,0,0,1,336,795
19379,19379,0,1,0,0,1,336,795
19380,19380,0,1,1,0,1,336,796
19381,19381,0,1,0,0,1,336,796
19382,19382,0,1,0,0,1,336,796
19383,19383,0,1,0,0,1,336,796
19384,19384,0,1,1,0,1,336,796
19385,19385,0,1,0,0,1,336,796
19386,19386,0,1,0,0,1,336,796
19387,19387,0,1,0,0,1,336,796
19388,19388,0,1,1,0,1,336,796
19389,19389,0,1,0,0,1,336,796
19390,19390,0,1,0,0,1,336,796
19391,19391,0,1,0,0,1,336,796
19392,19392,0,1,1,0,1,336,796
19393,19393,0,1,0,0,1,336,796
19394,19394,0,1,0,0,1,336,796
19395,19395,0,1,0,0,1,336,796
19396,19396,0,1,1,0,1,336,796
19397,19397,0,1,0,0,1,336,796
19398,19398,0,1,0,0,1,336,796
19399,19399,0,1,0,0,1,336,796
19400,19400,0,1,1,0,1,336,797
19401,19401,0,1,0,0,1,336,797
19402,19402,0,1,0,0,1,336,797
19403,19403,0,1,0,0,1,336,797
19404,19404,0,1,1,0,1,336,797
19405,19405,0,1,0,0,1,336,797
19406,19406,0,1,0,0,1,336,797
19407,19407,0,1,0,0,1,336,797
19408,19408,0,1,1,0,1,336,797
19409,19409,0,1,0,0,0,336,797
19410,19410,0,1,0,0,0,336,797
19411,19411,0,1,0,0,0,337,797
19412,19412,0,1,1,0,0,337,797
19413,19413,0,1,0,0,0,337,797
19414,19414,0,1,0,0,0,337,797
19415,19415,0,1,0,0,0,337,797
19416,19416,0,1,1,1,0,337,797
19417,19417,0,1,0,1,0,337,797
19418,19418,0,1,0,1,0,337,797
19419,19419,0,1,0,1,0,337,797
19420,19420,0,1,1,1,0,337,798
19421,19421,0,1,0,1,0,337,798
19422,19422,0,1,0,1,0,337,798
19423,19423,0,1,0,1,0,337,798
19424,19424,0,1,1,1,0,337,798
19425,19425,0,1,0,1,1,337,798
19426,19426,0,1,0,1,1,337,798
19427,19427,0,1,0,1,1,337,798
19428,19428,0,1,1,1,1,337,798
19429,19429,0,1,0,1,0,337,798
19430,19430,0,1,0,1,0,337,798
19431,19431,0,1,0,1,0,337,798
19432,19432,0,1,1,1,0,337,798
19433,19433,0,1,0,1,0,337,798
19434,19434,0,1,0,1,0,337,798
19435,19435,0,1,0,1,0,337,798
19436,19436,0,1,1,1,0,337,798
19437,19437,0,1,0,1,1,337,798
19438,19438,0,1,0,1,1,337,798
19439,19439,0,1,0,1,1,337,798
19440,19440,0,1,1,1,1,337,799
19441,19441,0,1,0,1,0,337,799
19442,19442,0,1,0,1,0,337,799
19443,19443,0,1,0,1,0,337,799
19444,19444,0,1,1,1,0,337,799
19445,19445,0,1,0,1,1,337,799
19446,19446,0,1,0,1,1,337,799
19447,19447,0,1,0,1,1,337,799
19448,19448,0,1,1,1,1,337,799
19449,19449,0,1,0,1,1,337,799
19450,19450,0,1,0,1,1,337,799
19451,19451,0,1,0,1,1,338,799
19452,19452,0,1,1,1,1,338,799
19453,19453,0,1,0,1,1,338,799
19454,19454,0,1,0,1,1,338,799
19455,19455,0,1,0,1,1,338,799
19456,19456,0,1,1,1,1,338,799
19457,19457,0,1,0,1,1,338,799
19458,19458,0,1,0,1,1,338,799
19459,19459,0,1,0,1,1,338,799
19460,19460,0,1,1,1,1,338,800
19461,19461,0,1,0,1,1,338,800
19462,19462,0,1,0,1,1,338,800
19463,19463,0,1,0,1,1,338,800
19464,19464,0,1,1,1,1,338,800
19465,19465,0,1,0,1,0,338,800
19466,19466,0,1,0,1,0,338,800
19467,19467,0,1,0,1,0,338,800
19468,19468,0,1,1,1,0,338,800
19469,19469,0,1,0,1,0,338,800
19470,19470,0,1,0,1,0,338,800
19471,19471,0,1,0,1,0,338,800
19472,19472,0,1,1,1,0,338,800
19473,19473,0,1,0,1,1,338,800
19474,19474,0,1,0,1,1,338,800
19475,19475,0,1,0,1,1,338,800
19476,19476,0,1,1,0,1,338,800
19477,19477,0,1,0,0,1,338,800
19478,19478,0,1,0,0,1,338,800
19479,19479,0,1,0,0,1,338,800
19480,19480,0,1,1,0,1,338,801
19481,19481,0,1,0,0,0,338,801
19482,19482,0,1,0,0,0,338,801
19483,19483,0,1,0,0,0,338,801
19484,19484,0,1,1,0,0,338,801
19485,19485,0,1,0,0,0,338,801
19486,19486,0,1,0,0,0,338,801
19487,19487,0,1,0,0,0,338,801
19488,19488,0,1,1,0,0,338,801
19489,19489,0,1,0,0,1,338,801
19490,19490,0,1,0,0,1,338,801
19491,19491,0,1,0,0,1,338,801
19492,19492,0,1,1,0,1,338,801
19493,19493,0,1,0,0,0,338,801
19494,19494,0,1,0,0,0,338,801
19495,19495,0,1,0,0,0,338,801
19496,19496,0,1,1,1,0,338,801
19497,19497,0,1,0,1,0,338,801
19498,19498,0,1,0,1,0,338,801
19499,19499,0,1,0,1,0,338,801
19500,19500,0,1,1,1,0,338,802
19501,19501,0,1,0,1,1,338,802
19502,19502,0,1,0,1,1,338,802
19503,19503,0,1,0,1,1,338,802
19504,19504,0,1,1,1,1,338,802
19505,19505,0,1,0,1,0,338,802
19506,19506,0,1,0,1,0,338,802
19507,19507,0,1,0,1,0,338,802
19508,19508,0,1,1,1,0,338,802
19509,19509,0,1,0,1,0,338,802
19510,19510,0,1,0,1,0,338,802
19511,19511,0,1,0,1,0,338,802
19512,19512,0,1,1,1,0,338,802
19513,19513,0,1,0,1,1,338,802
19514,19514,0,1,0,1,1,338,802
19515,19515,0,1,0,1,1,338,802
19516,19516,0,1,1,0,1,338,802
19517,19517,0,1,0,0,0,338,802
19518,19518,0,1,0,0,0,338,802
19519,19519,0,1,0,0,0,338,802
19520,19520,0,1,1,0,0,338,803
19521,19521,0,1,0,0,0,338,803
19522,19522,0,1,0,0,0,338,803
19523,19523,0,1,0,0,0,338,803
19524,19524,0,1,1,0,0,338,803
19525,19525,0,1,0,0,1,338,803
19526,19526,0,1,0,0,1,338,803
19527,19527,0,1,0,0,1,338,803
19528,19528,0,1,1,0,1,338,803
19529,19529,0,1,0,0,0,338,803
19530,19530,0,1,0,0,0,338,803
19531,19531,0,1,0,0,0,339,803
19532,19532,0,1,1,0,0,339,803
19533,19533,0,1,0,0,0,339,803
19534,19534,0,1,0,0,0,339,803
19535,19535,0,1,0,0,0,339,803
19536,19536,0,1,1,0,0,339,803
19537,19537,0,1,0,0,1,339,803
19538,19538,0,1,0,0,1,339,803
19539,19539,0,1,0,0,1,339,803
19540,19540,0,1,1,0,1,339,804
19541,19541,0,1,0,0,1,339,804
19542,19542,0,1,0,0,1,339,804
19543,19543,0,1,0,0,1,339,804
19544,19544,0,1,1,0,1,339,804
19545,19545,0,1,0,0,1,339,804
19546,19546,0,1,0,0,1,339,804
19547,19547,0,1,0,0,1,339,804
19548,19548,0,1,1,0,1,339,804
19549,19549,0,1,0,0,0,339,804
19550,19550,0,1,0,0,0,339,804
19551,19551,0,1,0,0,0,340,804
19552,19552,0,1,1,0,0,340,804
19553,19553,0,1,0,0,1,340,804
19554,19554,0,1,0,0,1,340,804
19555,19555,0,1,0,0,1,340,804
19556,19556,0,1,1,1,1,340,804
19557,19557,0,1,0,1,1,340,804
19558,19558,0,1,0,1,1,340,804
19559,19559,0,1,0,1,1,340,804
19560,19560,0,1,1,1,1,340,805
19561,19561,0,1,0,1,0,340,805
19562,19562,0,1,0,1,0,340,805
19563,19563,0,1,0,1,0,340,805
19564,19564,0,1,1,1,0,340,805
19565,19565,0,1,0,1,0,340,805
19566,19566,0,1,0,1,0,340,805
19567,19567,0,1,0,1,0,340,805
19568,19568,0,1,1,1,0,340,805
19569,19569,0,1,0,1,1,340,805
19570,19570,0,1,0,1,1,340,805
19571,19571,0,1,0,1,1,341,805
19572,19572,0,1,1,1,1,341,805
19573,19573,0,1,0,1,1,341,805
19574,19574,0,1,0,1,1,341,805
19575,19575,0,1,0,1,1,341,805
19576,19576,0,1,1,1,1,341,805
19577,19577,0,1,0,1,1,341,805
19578,19578,0,1,0,1,1,341,805
19579,19579,0,1,0,1,1,341,805
19580,19580,0,1,1,1,1,341,806
19581,19581,0,1,0,1,0,341,806
19582,19582,0,1,0,1,0,341,806
19583,19583,0,1,0,1,0,341,806
19584,19584,0,1,1,1,0,341,806
19585,19585,0,1,0,1,1,341,806
19586,19586,0,1,0,1,1,341,806
19587,19587,0,1,0,1,1,341,806
19588,19588,0,1,1,1,1,341,806
19589,19589,0,1,0,1,0,341,806
19590,19590,0,1,0,1,0,341,806
19591,19591,0,1,0,1,0,341,806
19592,19592,0,1,1,1,0,341,806
19593,19593,0,1,0,1,1,341,806
19594,19594,0,1,0,1,1,341,806
19595,19595,0,1,0,1,1,341,806
19596,19596,0,1,1,0,1,341,806
19597,19597,0,1,0,0,0,341,806
19598,19598,0,1,0,0,0,341,806
19599,19599,0,1,0,0,0,341,806
19600,19600,0,1,1,0,0,341,807
19601,19601,0,1,0,0,1,341,807
19602,19602,0,1,0,0,1,341,807
19603,19603,0,1,0,0,1,341,807
19604,19604,0,1,1,0,1,341,807
19605,19605,0,1,0,0,1,341,807
19606,19606,0,1,0,0,1,341,807
19607,19607,0,1,0,0,1,341,807
19608,19608,0,1,1,0,1,341,807
19609,19609,0,1,0,0,1,341,807
19610,19610,0,1,0,0,1,341,807
19611,19611,0,1,0,0,1,341,807
19612,19612,0,1,1,0,1,341,807
19613,19613,0,1,0,0,0,341,807
19614,19614,0,1,0,0,0,341,807
19615,19615,0,1,0,0,0,341,807
19616,19616,0,1,1,0,0,341,807
19617,19617,0,1,0,0,1,341,807
19618,19618,0,1,0,0,1,341,807
19619,19619,0,1,0,0,1,341,807
19620,19620,0,1,1,0,1,341,808
19621,19621,0,1,0,0,1,341,808
19622,19622,0,1,0,0,1,341,808
19623,19623,0,1,0,0,1,341,808
19624,19624,0,1,1,0,1,341,808
19625,19625,0,1,0,0,0,341,808
19626,19626,0,1,0,0,0,341,808
19627,19627,0,1,0,0,0,341,808
19628,19628,0,1,1,0,0,341,808
19629,19629,0,1,0,0,1,341,808
19630,19630,0,1,0,0,1,341,808
19631,19631,0,1,0,0,1,341,808
19632,19632,0,1,1,0,1,341,808
19633,19633,0,1,0,0,1,341,808
19634,19634,0,1,0,0,1,341,808
19635,19635,0,1,0,0,1,341,808
19636,19636,0,1,1,1,1,341,808
19637,19637,0,1,0,1,1,341,808
19638,19638,0,1,0,1,1,341,808
19639,19639,0,1,0,1,1,341,808
19640,19640,0,1,1,1,1,341,809
19641,19641,0,1,0,1,1,341,809
19642,19642,0,1,0,1,1,341,809
19643,19643,0,1,0,1,1,341,809
19644,19644,0,1,1,1,1,341,809
19645,19645,0,1,0,1,1,341,809
19646,19646,0,1,0,1,1,341,809
19647,19647,0,1,0,1,1,341,809
19648,19648,0,1,1,1,1,341,809
19649,19649,0,1,0,1,1,341,809
19650,19650,0,1,0,1,1,341,809
19651,19651,0,1,0,1,1,342,809
19652,19652,0,1,1,1,1,342,809
19653,19653,0,1,0,1,0,342,809
19654,19654,0,1,0,1,0,342,809
19655,19655,0,1,0,1,0,342,809
19656,19656,0,1,1,1,0,342,809
19657,19657,0,1,0,1,1,342,809
19658,19658,0,1,0,1,1,342,809
19659,19659,0,1,0,1,1,342,809
19660,19660,0,1,1,1,1,342,810
19661,19661,0,1,0,1,1,342,810
19662,19662,0,1,0,1,1,342,810
19663,19663,0,1,0,1,1,342,810
19664,19664,0,1,1,1,1,342,810
19665,19665,0,1,0,1,0,342,810
19666,19666,0,1,0,1,0,342,810
19667,19667,0,1,0,1,0,342,810
19668,19668,0,1,1,1,0,342,810
19669,19669,0,1,0,1,0,342,810
19670,19670,0,1,0,1,0,342,810
19671,19671,0,1,0,1,0,342,810
19672,19672,0,1,1,1,0,342,810
19673,19673,0,1,0,1,1,342,810
19674,19674,0,1,0,1,1,342,810
19675,19675,0,1,0,1,1,342,810
19676,19676,0,1,1,1,1,342,810
19677,19677,0,1,0,1,0,342,810
19678,19678,0,1,0,1,0,342,810
19679,19679,0,1,0,1,0,342,810
19680,19680,0,1,1,1,0,342,811
19681,19681,0,1,0,1,1,342,811
19682,19682,0,1,0,1,1,342,811
19683,19683,0,1,0,1,1,342,811
19684,19684,0,1,1,1,1,342,811
19685,19685,0,1,0,1,0,342,811
19686,19686,0,1,0,1,0,342,811
19687,19687,0,1,0,1,0,342,811
19688,19688,0,1,1,1,0,342,811
19689,19689,0,1,0,1,0,342,811
19690,19690,0,1,0,1,0,342,811
19691,19691,0,1,0,1,0,342,811
19692,19692,0,1,1,1,0,342,811
19693,19693,0,1,0,1,1,342,811
19694,19694,0,1,0,1,1,342,811
19695,19695,0,1,0,1,1,342,811
19696,19696,0,1,1,0,1,342,811
19697,19697,0,1,0,0,1,342,811
19698,19698,0,1,0,0,1,342,811
19699,19699,0,1,0,0,1,342,811
19700,19700,0,1,1,0,1,342,812
19701,19701,0,1,0,0,1,342,812
19702,19702,0,1,0,0,1,342,812
19703,19703,0,1,0,0,1,342,812
19704,19704,0,1,1,0,1,342,812
19705,19705,0,1,0,0,1,342,812
19706,19706,0,1,0,0,1,342,812
19707,19707,0,1,0,0,1,342,812
19708,19708,0,1,1,0,1,342,812
19709,19709,0,1,0,0,1,342,812
19710,19710,0,1,0,0,1,342,812
19711,19711,0,1,0,0,1,342,812
19712,19712,0,1,1,0,1,342,812
19713,19713,0,1,0,0,0,342,812
19714,19714,0,1,0,0,0,342,812
19715,19715,0,1,0,0,0,342,812
19716,19716,0,1,1,1,0,342,812
19717,19717,0,1,0,1,1,342,812
19718,19718,0,1,0,1,1,342,812
19719,19719,0,1,0,1,1,342,812
19720,19720,0,1,1,1,1,342,813
19721,19721,0,1,0,1,1,342,813
19722,19722,0,1,0,1,1,342,813
19723,19723,0,1,0,1,1,342,813
19724,19724,0,1,1,1,1,342,813
19725,19725,0,1,0,1,1,342,813
19726,19726,0,1,0,1,1,342,813
19727,19727,0,1,0,1,1,342,813
19728,19728,0,1,1,1,1,342,813
19729,19729,0,1,0,1,0,342,813
19730,19730,0,1,0,1,0,342,813
19731,19731,0,1,0,1,0,342,813
19732,19732,0,1,1,1,0,342,813
19733,19733,0,1,0,1,0,342,813
19734,19734,0,1,0,1,0,342,813
19735,19735,0,1,0,1,0,342,813
19736,19736,0,1,1,0,0,342,813
19737,19737,0,1,0,0,0,342,813
19738,19738,0,1,0,0,0,342,813
19739,19739,0,1,0,0,0,342,813
19740,19740,0,1,1,0,0,342,814
19741,19741,0,1,0,0,0,342,814
19742,19742,0,1,0,0,0,342,814
19743,19743,0,1,0,0,0,342,814
19744,19744,0,1,1,0,0,342,814
19745,19745,0,1,0,0,0,342,814
19746,19746,0,1,0,0,0,342,814
19747,19747,0,1,0,0,0,342,814
19748,19748,0,1,1,0,0,342,814
19749,19749,0,1,0,0,1,342,814
19750,19750,0,1,0,0,1,342,814
19751,19751,0,1,0,0,1,342,814
19752,19752,0,1,1,0,1,342,814
19753,19753,0,1,0,0,1,342,814
19754,19754,0,1,0,0,1,342,814
19755,19755,0,1,0,0,1,342,814
19756,19756,0,1,1,0,1,342,814
19757,19757,0,1,0,0,0,342,814
19758,19758,0,1,0,0,0,342,814
19759,19759,0,1,0,0,0,342,814
19760,19760,0,1,1,0,0,342,815
19761,19761,0,1,0,0,1,342,815
19762,19762,0,1,0,0,1,342,815
19763,19763,0,1,0,0,1,342,815
19764,19764,0,1,1,0,1,342,815
19765,19765,0,1,0,0,1,342,815
19766,19766,0,1,0,0,1,342,815
19767,19767,0,1,0,0,1,342,815
19768,19768,0,1,1,0,1,342,815
19769,19769,0,1,0,0,1,342,815
19770,19770,0,1,0,0,1,342,815
19771,19771,0,1,0,0,1,342,815
19772,19772,0,1,1,0,1,342,815
19773,19773,0,1,0,0,1,342,815
19774,19774,0,1,0,0,1,342,815
19775,19775,0,1,0,0,1,342,815
19776,19776,0,1,1,1,1,342,815
19777,19777,0,1,0,1,1,342,815
19778,19778,0,1,0,1,1,342,815
19779,19779,0,1,0,1,1,342,815
19780,19780,0,1,1,1,1,342,816
19781,19781,0,1,0,1,0,342,816
19782,19782,0,1,0,1,0,342,816
19783,19783,0,1,0,1,0,342,816
19784,19784,0,1,1,1,0,342,816
19785,19785,0,1,0,1,0,342,816
19786,19786,0,1,0,1,0,342,816
19787,19787,0,1,0,1,0,342,816
19788,19788,0,1,1,1,0,342,816
19789,19789,0,1,0,1,0,342,816
19790,19790,0,1,0,1,0,342,816
19791,19791,0,1,0,1,0,342,816
19792,19792,0,1,1,1,0,342,816
19793,19793,0,1,0,1,1,342,816
19794,19794,0,1,0,1,1,342,816
19795,19795,0,1,0,1,1,342,816
19796,19796,0,1,1,1,1,342,816
19797,19797,0,1,0,1,1,342,816
19798,19798,0,1,0,1,1,342,816
19799,19799,0,1,0,1,1,342,816
19800,19800,0,1,1,1,1,342,817
19801,19801,0,1,0,1,0,342,817
19802,19802,0,1,0,1,0,342,817
19803,19803,0,1,0,1,0,342,817
19804,19804,0,1,1,1,0,342,817
19805,19805,0,1,0,1,0,342,817
19806,19806,0,1,0,1,0,342,817
19807,19807,0,1,0,1,0,342,817
19808,19808,0,1,1,1,0,342,817
19809,19809,0,1,0,1,1,342,817
19810,19810,0,1,0,1,1,342,817
19811,19811,0,1,0,1,1,343,817
19812,19812,0,1,1,1,1,343,817
19813,19813,0,1,0,1,0,343,817
19814,19814,0,1,0,1,0,343,817
19815,19815,0,1,0,1,0,343,817
19816,19816,0,1,1,1,0,343,817
19817,19817,0,1,0,1,1,343,817
19818,19818,0,1,0,1,1,343,817
19819,19819,0,1,0,1,1,343,817
19820,19820,0,1,1,1,1,343,818
19821,19821,0,1,0,1,0,343,818
19822,19822,0,1,0,1,0,343,818
19823,19823,0,1,0,1,0,343,818
19824,19824,0,1,1,1,0,343,818
19825,19825,0,1,0,1,0,343,818
19826,19826,0,1,0,1,0,343,818
19827,19827,0,1,0,1,0,343,818
19828,19828,0,1,1,1,0,343,818
19829,19829,0,1,0,1,0,343,818
19830,19830,0,1,0,1,0,343,818
19831,19831,0,1,0,1,0,343,818
19832,19832,0,1,1,1,0,343,818
19833,19833,0,1,0,1,0,343,818
19834,19834,0,1,0,1,0,343,818
19835,19835,0,1,0,1,0,343,818
19836,19836,0,1,1,1,0,343,818
19837,19837,0,1,0,1,1,343,818
19838,19838,0,1,0,1,1,343,818
19839,19839,0,1,0,1,1,343,818
19840,19840,0,1,1,1,1,343,819
19841,19841,0,1,0,1,1,343,819
19842,19842,0,1,0,1,1,343,819
19843,19843,0,1,0,1,1,343,819
19844,19844,0,1,1,1,1,343,819
19845,19845,0,1,0,1,0,343,819
19846,19846,0,1,0,1,0,343,819
19847,19847,0,1,0,1,0,343,819
19848,19848,0,1,1,1,0,343,819
19849,19849,0,1,0,1,1,343,819
19850,19850,0,1,0,1,1,343,819
19851,19851,0,1,0,1,1,344,819
19852,19852,0,1,1,1,1,344,819
19853,19853,0,1,0,1,1,344,819
19854,19854,0,1,0,1,1,344,819
19855,19855,0,1,0,1,1,344,819
19856,19856,0,1,1,0,1,344,819
19857,19857,0,1,0,0,1,344,819
19858,19858,0,1,0,0,1,344,819
19859,19859,0,1,0,0,1,344,819
19860,19860,0,1,1,0,1,344,820
19861,19861,0,1,0,0,0,344,820
19862,19862,0,1,0,0,0,344,820
19863,19863,0,1,0,0,0,344,820
19864,19864,0,1,1,0,0,344,820
19865,19865,0,1,0,0,0,344,820
19866,19866,0,1,0,0,0,344,820
19867,19867,0,1,0,0,0,344,820
19868,19868,0,1,1,0,0,344,820
19869,19869,0,1,0,0,0,344,820
19870,19870,0,1,0,0,0,344,820
19871,19871,0,1,0,0,0,345,820
19872,19872,0,1,1,0,0,345,820
19873,19873,0,1,0,0,1,345,820
19874,19874,0,1,0,0,1,345,820
19875,19875,0,1,0,0,1,345,820
19876,19876,0,1,1,0,1,345,820
19877,19877,0,1,0,0,1,345,820
19878,19878,0,1,0,0,1,345,820
19879,19879,0,1,0,0,1,345,820
19880,19880,0,1,1,0,1,345,821
19881,19881,0,1,0,0,0,345,821
19882,19882,0,1,0,0,0,345,821
19883,19883,0,1,0,0,0,345,821
19884,19884,0,1,1,0,0,345,821
19885,19885,0,1,0,0,1,345,821
19886,19886,0,1,0,0,1,345,821
19887,19887,0,1,0,0,1,345,821
19888,19888,0,1,1,0,1,345,821
19889,19889,0,1,0,0,0,345,821
19890,19890,0,1,0,0,0,345,821
19891,19891,0,1,0,0,0,346,821
19892,19892,0,1,1,0,0,346,821
19893,19893,0,1,0,0,1,346,821
19894,19894,0,1,0,0,1,346,821
19895,19895,0,1,0,0,1,346,821
19896,19896,0,1,1,0,1,346,821
19897,19897,0,1,0,0,1,346,821
19898,19898,0,1,0,0,1,346,821
19899,19899,0,1,0,0,1,346,821
19900,19900,0,1,1,0,1,346,822
19901,19901,0,1,0,0,1,346,822
19902,19902,0,1,0,0,1,346,822
19903,19903,0,1,0,0,1,346,822
19904,19904,0,1,1,0,1,346,822
19905,19905,0,1,0,0,1,346,822
19906,19906,0,1,0,0,1,346,822
19907,19907,0,1,0,0,1,346,822
19908,19908,0,1,1,0,1,346,822
19909,19909,0,1,0,0,0,346,822
19910,19910,0,1,0,0,0,346,822
19911,19911,0,1,0,0,0,347,822
19912,19912,0,1,1,0,0,347,822
19913,19913,0,1,0,0,1,347,822
19914,19914,0,1,0,0,1,347,822
19915,19915,0,1,0,0,1,347,822
19916,19916,0,1,1,1,1,347,822
19917,19917,0,1,0,1,0,347,822
19918,19918,0,1,0,1,0,347,822
19919,19919,0,1,0,1,0,347,822
19920,19920,0,1,1,1,0,347,823
19921,19921,0,1,0,1,0,347,823
19922,19922,0,1,0,1,0,347,823
19923,19923,0,1,0,1,0,347,823
19924,19924,0,1,1,1,0,347,823
19925,19925,0,1,0,1,0,347,823
19926,19926,0,1,0,1,0,347,823
19927,19927,0,1,0,1,0,347,823
19928,19928,0,1,1,1,0,347,823
19929,19929,0,1,0,1,0,347,823
19930,19930,0,1,0,1,0,347,823
19931,19931,0,1,0,1,0,347,823
19932,19932,0,1,1,1,0,347,823
19933,19933,0,1,0,1,0,347,823
19934,19934,0,1,0,1,0,347,823
19935,19935,0,1,0,1,0,347,823
19936,19936,0,1,1,0,0,347,823
19937,19937,0,1,0,0,0,347,823
19938,19938,0,1,0,0,0,347,823
19939,19939,0,1,0,0,0,347,823
19940,19940,0,1,1,0,0,347,824
19941,19941,0,1,0,0,0,347,824
19942,19942,0,1,0,0,0,347,824
19943,19943,0,1,0,0,0,347,824
19944,19944,0,1,1,0,0,347,824
19945,19945,0,1,0,0,1,347,824
19946,19946,0,1,0,0,1,347,824
19947,19947,0,1,0,0,1,347,824
19948,19948,0,1,1,0,1,347,824
19949,19949,0,1,0,0,1,347,824
19950,19950,0,1,0,0,1,347,824
19951,19951,0,1,0,0,1,347,824
19952,19952,0,1,1,0,1,347,824
19953,19953,0,1,0,0,0,347,824
19954,19954,0,1,0,0,0,347,824
19955,19955,0,1,0,0,0,347,824
19956,19956,0,1,1,1,0,347,824
19957,19957,0,1,0,1,0,347,824
19958,19958,0,1,0,1,0,347,824
19959,19959,0,1,0,1,0,347,824
19960,19960,0,1,1,1,0,347,825
19961,19961,0,1,0,1,0,347,825
19962,19962,0,1,0,1,0,347,825
19963,19963,0,1,0,1,0,347,825
19964,19964,0,1,1,1,0,347,825
19965,19965,0,1,0,1,0,347,825
19966,19966,0,1,0,1,0,347,825
19967,19967,0,1,0,1,0,347,825
19968,19968,0,1,1,1,0,347,825
19969,19969,0,1,0,1,0,347,825
19970,19970,0,1,0,1,0,347,825
19971,19971,0,1,0,1,0,347,825
19972,19972,0,1,1,1,0,347,825
19973,19973,0,1,0,1,0,347,825
19974,19974,0,1,0,1,0,347,825
19975,19975,0,1,0,1,0,347,825
19976,19976,0,1,1,1,0,347,825
19977,19977,0,1,0,1,1,347,825
19978,19978,0,1,0,1,1,347,825
19979,19979,0,1,0,1,1,347,825
19980,19980,0,1,1,1,1,347,826
19981,19981,0,1,0,1,1,347,826
19982,19982,0,1,0,1,1,347,826
19983,19983,0,1,0,1,1,347,826
19984,19984,0,1,1,1,1,347,826
19985,19985,0,1,0,1,1,347,826
19986,19986,0,1,0,1,1,347,826
19987,19987,0,1,0,1,1,347,826
19988,19988,0,1,1,1,1,347,826
19989,19989,0,1,0,1,1,347,826
19990,19990,0,1,0,1,1,347,826
19991,19991,0,1,0,1,1,348,826
19992,19992,0,1,1,1,1,348,826
19993,19993,0,1,0,1,1,348,826
19994,19994,0,1,0,1,1,348,826
19995,19995,0,1,0,1,1,348,826
19996,19996,0,1,1,0,1,348,826
19997,19997,0,1,0,0,1,348,826
19998,19998,0,1,0,0,1,348,826
19999,19999,0,1,0,0,1,348,826
20000,20000,0,1,1,0,1,348,827
20001,20001,0,1,0,0,1,348,827
20002,20002,0,1,0,0,1,348,827
20003,20003,0,1,0,0,1,348,827
20004,20004,0,1,1,0,1,348,827
20005,20005,0,1,0,0,1,348,827
20006,20006,0,1,0,0,1,348,827
20007,20007,0,1,0,0,1,348,827
20008,20008,0,1,1,0,1,348,827
20009,20009,0,1,0,0,1,348,827
20010,20010,0,1,0,0,1,348,827
20011,20011,0,1,0,0,1,348,827
20012,20012,0,1,1,0,1,348,827
20013,20013,0,1,0,0,1,348,827
20014,20014,0,1,0,0,1,348,827
20015,20015,0,1,0,0,1,348,827
20016,20016,0,1,1,0,1,348,827
20017,20017,0,1,0,0,0,348,827
20018,20018,0,1,0,0,0,348,827
20019,20019,0,1,0,0,0,348,827
20020,20020,0,1,1,0,0,348,828
20021,20021,0,1,0,0,0,348,828
20022,20022,0,1,0,0,0,348,828
20023,20023,0,1,0,0,0,348,828
20024,20024,0,1,1,0,0,348,828
20025,20025,0,1,0,0,0,348,828
20026,20026,0,1,0,0,0,348,828
20027,20027,0,1,0,0,0,348,828
20028,20028,0,1,1,0,0,348,828
20029,20029,0,1,0,0,1,348,828
20030,20030,0,1,0,0,1,348,828
20031,20031,0,1,0,0,1,348,828
20032,20032,0,1,1,0,1,348,828
20033,20033,0,1,0,0,1,348,828
20034,20034,0,1,0,0,1,348,828
20035,20035,0,1,0,0,1,348,828
20036,20036,0,1,1,0,1,348,828
20037,20037,0,1,0,0,0,348,828
20038,20038,0,1,0,0,0,348,828
20039,20039,0,1,0,0,0,348,828
20040,20040,0,1,1,0,0,348,829
20041,20041,0,1,0,0,0,348,829
20042,20042,0,1,0,0,0,348,829
20043,20043,0,1,0,0,0,348,829
20044,20044,0,1,1,0,0,348,829
20045,20045,0,1,0,0,0,348,829
20046,20046,0,1,0,0,0,348,829
20047,20047,0,1,0,0,0,348,829
20048,20048,0,1,1,0,0,348,829
20049,20049,0,1,0,0,0,348,829
20050,20050,0,1,0,0,0,348,829
20051,20051,0,1,0,0,0,349,829
20052,20052,0,1,1,0,0,349,829
20053,20053,0,1,0,0,1,349,829
20054,20054,0,1,0,0,1,349,829
20055,20055,0,1,0,0,1,349,829
20056,20056,0,1,1,1,1,349,829
20057,20057,0,1,0,1,1,349,829
20058,20058,0,1,0,1,1,349,829
20059,20059,0,1,0,1,1,349,829
20060,20060,0,1,1,1,1,349,830
20061,20061,0,1,0,1,1,349,830
20062,20062,0,1,0,1,1,349,830
20063,20063,0,1,0,1,1,349,830
20064,20064,0,1,1,1,1,349,830
20065,20065,0,1,0,1,0,349,830
20066,20066,0,1,0,1,0,349,830
20067,20067,0,1,0,1,0,349,830
20068,20068,0,1,1,1,0,349,830
20069,20069,0,1,0,1,0,349,830
20070,20070,0,1,0,1,0,349,830
20071,20071,0,1,0,1,0,349,830
20072,20072,0,1,1,1,0,349,830
20073,20073,0,1,0,1,1,349,830
20074,20074,0,1,0,1,1,349,830
20075,20075,0,1,0,1,1,349,830
20076,20076,0,1,1,1,1,349,830
20077,20077,0,1,0,1,0,349,830
20078,20078,0,1,0,1,0,349,830
20079,20079,0,1,0,1,0,349,830
20080,20080,0,1,1,1,0,349,831
20081,20081,0,1,0,1,1,349,831
20082,20082,0,1,0,1,1,349,831
20083,20083,0,1,0,1,1,349,831
20084,20084,0,1,1,1,1,349,831
20085,20085,0,1,0,1,1,349,831
20086,20086,0,1,0,1,1,349,831
20087,20087,0,1,0,1,1,349,831
20088,20088,0,1,1,1,1,349,831
20089,20089,0,1,0,1,1,349,831
20090,20090,0,1,0,1,1,349,831
20091,20091,0,1,0,1,1,350,831
20092,20092,0,1,1,1,1,350,831
20093,20093,0,1,0,1,0,350,831
20094,20094,0,1,0,1,0,350,831
20095,20095,0,1,0,1,0,350,831
20096,20096,0,1,1,1,0,350,831
20097,20097,0,1,0,1,0,350,831
20098,20098,0,1,0,1,0,350,831
20099,20099,0,1,0,1,0,350,831
20100,20100,0,1,1,1,0,350,832
20101,20101,0,1,0,1,1,350,832
20102,20102,0,1,0,1,1,350,832
20103,20103,0,1,0,1,1,350,832
20104,20104,0,1,1,1,1,350,832
20105,20105,0,1,0,1,1,350,832
20106,20106,0,1,0,1,1,350,832
20107,20107,0,1,0,1,1,350,832
20108,20108,0,1,1,1,1,350,832
20109,20109,0,1,0,1,0,350,832
20110,20110,0,1,0,1,0,350,832
20111,20111,0,1,0,1,0,350,832
20112,20112,0,1,1,1,0,350,832
20113,20113,0,1,0,1,1,350,832
20114,20114,0,1,0,1,1,350,832
20115,20115,0,1,0,1,1,350,832
20116,20116,0,1,1,0,1,350,832
20117,20117,0,1,0,0,1,350,832
20118,20118,0,1,0,0,1,350,832
20119,20119,0,1,0,0,1,350,832
20120,20120,0,1,1,0,1,350,833
20121,20121,0,1,0,0,1,350,833
20122,20122,0,1,0,0,1,350,833
20123,20123,0,1,0,0,1,350,833
20124,20124,0,1,1,0,1,350,833
20125,20125,0,1,0,0,1,350,833
20126,20126,0,1,0,0,1,350,833
20127,20127,0,1,0,0,1,350,833
20128,20128,0,1,1,0,1,350,833
20129,20129,0,1,0,0,1,350,833
20130,20130,0,1,0,0,1,350,833
20131,20131,0,1,0,0,1,350,833
20132,20132,0,1,1,0,1,350,833
20133,20133,0,1,0,0,0,350,833
20134,20134,0,1,0,0,0,350,833
20135,20135,0,1,0,0,0,350,833
20136,20136,0,1,1,1,0,350,833
20137,20137,0,1,0,1,1,350,833
20138,20138,0,1,0,1,1,350,833
20139,20139,0,1,0,1,1,350,833
20140,20140,0,1,1,1,1,350,834
20141,20141,0,1,0,1,0,350,834
20142,20142,0,1,0,1,0,350,834
20143,20143,0,1,0,1,0,350,834
20144,20144,0,1,1,1,0,350,834
20145,20145,0,1,0,1,1,350,834
20146,20146,0,1,0,1,1,350,834
20147,20147,0,1,0,1,1,350,834
20148,20148,0,1,1,1,1,350,834
20149,20149,0,1,0,1,0,350,834
20150,20150,0,1,0,1,0,350,834
20151,20151,0,1,0,1,0,350,834
20152,20152,0,1,1,1,0,350,834
20153,20153,0,1,0,1,0,350,834
20154,20154,0,1,0,1,0,350,834
20155,20155,0,1,0,1,0,350,834
20156,20156,0,1,1,1,0,350,834
20157,20157,0,1,0,1,1,350,834
20158,20158,0,1,0,1,1,350,834
20159,20159,0,1,0,1,1,350,834
20160,20160,0,1,1,1,1,350,835
20161,20161,0,1,0,1,0,350,835
20162,20162,0,1,0,1,0,350,835
20163,20163,0,1,0,1,0,350,835
20164,20164,0,1,1,1,0,350,835
20165,20165,0,1,0,1,1,350,835
20166,20166,0,1,0,1,1,350,835
20167,20167,0,1,0,1,1,350,835
20168,20168,0,1,1,1,1,350,835
20169,20169,0,1,0,1,0,350,835
20170,20170,0,1,0,1,0,350,835
20171,20171,0,1,0,1,0,350,835
20172,20172,0,1,1,1,0,350,835
20173,20173,0,1,0,1,1,350,835
20174,20174,0,1,0,1,1,350,835
20175,20175,0,1,0,1,1,350,835
20176,20176,0,1,1,0,1,350,835
20177,20177,0,1,0,0,1,350,835
20178,20178,0,1,0,0,1,350,835
20179,20179,0,1,0,0,1,350,835
20180,20180,0,1,1,0,1,350,836
20181,20181,0,1,0,0,0,350,836
20182,20182,0,1,0,0,0,350,836
20183,20183,0,1,0,0,0,350,836
20184,20184,0,1,1,0,0,350,836
20185,20185,0,1,0,0,1,350,836
20186,20186,0,1,0,0,1,350,836
20187,20187,0,1,0,0,1,350,836
20188,20188,0,1,1,0,1,350,836
20189,20189,0,1,0,0,0,350,836
20190,20190,0,1,0,0,0,350,836
20191,20191,0,1,0,0,0,351,836
20192,20192,0,1,1,0,0,351,836
20193,20193,0,1,0,0,1,351,836
20194,20194,0,1,0,0,1,351,836
20195,20195,0,1,0,0,1,351,836
20196,20196,0,1,1,1,1,351,836
20197,20197,0,1,0,1,1,351,836
20198,20198,0,1,0,1,1,351,836
20199,20199,0,1,0,1,1,351,836
20200,20200,0,1,1,1,1,351,837
20201,20201,0,1,0,1,1,351,837
20202,20202,0,1,0,1,1,351,837
20203,20203,0,1,0,1,1,351,837
20204,20204,0,1,1,1,1,351,837
20205,20205,0,1,0,1,0,351,837
20206,20206,0,1,0,1,0,351,837
20207,20207,0,1,0,1,0,351,837
20208,20208,0,1,1,1,0,351,837
20209,20209,0,1,0,1,1,351,837
20210,20210,0,1,0,1,1,351,837
20211,20211,0,1,0,1,1,352,837
20212,20212,0,1,1,1,1,352,837
20213,20213,0,1,0,1,0,352,837
20214,20214,0,1,0,1,0,352,837
20215,20215,0,1,0,1,0,352,837
20216,20216,0,1,1,0,0,352,837
20217,20217,0,1,0,0,1,352,837
20218,20218,0,1,0,0,1,352,837
20219,20219,0,1,0,0,1,352,837
20220,20220,0,1,1,0,1,352,838
20221,20221,0,1,0,0,1,352,838
20222,20222,0,1,0,0,1,352,838
20223,20223,0,1,0,0,1,352,838
20224,20224,0,1,1,0,1,352,838
20225,20225,0,1,0,0,1,352,838
20226,20226,0,1,0,0,1,352,838
20227,20227,0,1,0,0,1,352,838
20228,20228,0,1,1,0,1,352,838
20229,20229,0,1,0,0,0,352,838
20230,20230,0,1,0,0,0,352,838
20231,20231,0,1,0,0,0,353,838
20232,20232,0,1,1,0,0,353,838
20233,20233,0,1,0,0,1,353,838
20234,20234,0,1,0,0,1,353,838
20235,20235,0,1,0,0,1,353,838
20236,20236,0,1,1,1,1,353,838
20237,20237,0,1,0,1,1,353,838
20238,20238,0,1,0,1,1,353,838
20239,20239,0,1,0,1,1,353,838
20240,20240,0,1,1,1,1,353,839
20241,20241,0,1,0,1,0,353,839
20242,20242,0,1,0,1,0,353,839
20243,20243,0,1,0,1,0,353,839
20244,20244,0,1,1,1,0,353,839
20245,20245,0,1,0,1,0,353,839
20246,20246,0,1,0,1,0,353,839
20247,20247,0,1,0,1,0,353,839
20248,20248,0,1,1,1,0,353,839
20249,20249,0,1,0,1,0,353,839
20250,20250,0,1,0,1,0,353,839
20251,20251,0,1,0,1,0,353,839
20252,20252,0,1,1,1,0,353,839
20253,20253,0,1,0,1,0,353,839
20254,20254,0,1,0,1,0,353,839
20255,20255,0,1,0,1,0,353,839
20256,20256,0,1,1,1,0,353,839
20257,20257,0,1,0,1,1,353,839
20258,20258,0,1,0,1,1,353,839
20259,20259,0,1,0,1,1,353,839
20260,20260,0,1,1,1,1,353,840
20261,20261,0,1,0,1,0,353,840
20262,20262,0,1,0,1,0,353,840
20263,20263,0,1,0,1,0,353,840
20264,20264,0,1,1,1,0,353,840
20265,20265,0,1,0,1,0,353,840
20266,20266,0,1,0,1,0,353,840
20267,20267,0,1,0,1,0,353,840
20268,20268,0,1,1,1,0,353,840
20269,20269,0,1,0,1,0,353,840
20270,20270,0,1,0,1,0,353,840
20271,20271,0,1,0,1,0,353,840
20272,20272,0,1,1,1,0,353,840
20273,20273,0,1,0,1,1,353,840
20274,20274,0,1,0,1,1,353,840
20275,20275,0,1,0,1,1,353,840
20276,20276,0,1,1,1,1,353,840
20277,20277,0,1,0,1,1,353,840
20278,20278,0,1,0,1,1,353,840
20279,20279,0,1,0,1,1,353,840
20280,20280,0,1,1,1,1,353,841
20281,20281,0,1,0,1,0,353,841
20282,20282,0,1,0,1,0,353,841
20283,20283,0,1,0,1,0,353,841
20284,20284,0,1,1,1,0,353,841
20285,20285,0,1,0,1,0,353,841
20286,20286,0,1,0,1,0,353,841
20287,20287,0,1,0,1,0,353,841
20288,20288,0,1,1,1,0,353,841
20289,20289,0,1,0,1,0,353,841
20290,20290,0,1,0,1,0,353,841
20291,20291,0,1,0,1,0,353,841
20292,20292,0,1,1,1,0,353,841
20293,20293,0,1,0,1,0,353,841
20294,20294,0,1,0,1,0,353,841
20295,20295,0,1,0,1,0,353,841
20296,20296,0,1,1,0,0,353,841
20297,20297,0,1,0,0,1,353,841
20298,20298,0,1,0,0,1,353,841
20299,20299,0,1,0,0,1,353,841
20300,20300,0,1,1,0,1,353,842
20301,20301,0,1,0,0,1,353,842
20302,20302,0,1,0,0,1,353,842
20303,20303,0,1,0,0,1,353,842
20304,20304,0,1,1,0,1,353,842
20305,20305,0,1,0,0,0,353,842
20306,20306,0,1,0,0,0,353,842
20307,20307,0,1,0,0,0,353,842
20308,20308,0,1,1,0,0,353,842
20309,20309,0,1,0,0,0,353,842
20310,20310,0,1,0,0,0,353,842
20311,20311,0,1,0,0,0,354,842
20312,20312,0,1,1,0,0,354,842
20313,20313,0,1,0,0,0,354,842
20314,20314,0,1,0,0,0,354,842
20315,20315,0,1,0,0,0,354,842
20316,20316,0,1,1,1,0,354,842
20317,20317,0,1,0,1,1,354,842
20318,20318,0,1,0,1,1,354,842
20319,20319,0,1,0,1,1,354,842
20320,20320,0,1,1,1,1,354,843
20321,20321,0,1,0,1,0,354,843
20322,20322,0,1,0,1,0,354,843
20323,20323,0,1,0,1,0,354,843
20324,20324,0,1,1,1,0,354,843
20325,20325,0,1,0,1,1,354,843
20326,20326,0,1,0,1,1,354,843
20327,20327,0,1,0,1,1,354,843
20328,20328,0,1,1,1,1,354,843
20329,20329,0,1,0,1,0,354,843
20330,20330,0,1,0,1,0,354,843
20331,20331,0,1,0,1,0,354,843
20332,20332,0,1,1,1,0,354,843
20333,20333,0,1,0,1,0,354,843
20334,20334,0,1,0,1,0,354,843
20335,20335,0,1,0,1,0,354,843
20336,20336,0,1,1,1,0,354,843
20337,20337,0,1,0,1,1,354,843
20338,20338,0,1,0,1,1,354,843
20339,20339,0,1,0,1,1,354,843
20340,20340,0,1,1,1,1,354,844
20341,20341,0,1,0,1,1,354,844
20342,20342,0,1,0,1,1,354,844
20343,20343,0,1,0,1,1,354,844
20344,20344,0,1,1,1,1,354,844
20345,20345,0,1,0,1,0,354,844
20346,20346,0,1,0,1,0,354,844
20347,20347,0,1,0,1,0,354,844
20348,20348,0,1,1,1,0,354,844
20349,20349,0,1,0,1,0,354,844
20350,20350,0,1,0,1,0,354,844
20351,20351,0,1,0,1,0,354,844
20352,20352,0,1,1,1,0,354,844
20353,20353,0,1,0,1,0,354,844
20354,20354,0,1,0,1,0,354,844
20355,20355,0,1,0,1,0,354,844
20356,20356,0,1,1,1,0,354,844
20357,20357,0,1,0,1,0,354,844
20358,20358,0,1,0,1,0,354,844
20359,20359,0,1,0,1,0,354,844
20360,20360,0,1,1,1,0,354,845
20361,20361,0,1,0,1,0,354,845
20362,20362,0,1,0,1,0,354,845
20363,20363,0,1,0,1,0,354,845
20364,20364,0,1,1,1,0,354,845
20365,20365,0,1,0,1,1,354,845
20366,20366,0,1,0,1,1,354,845
20367,20367,0,1,0,1,1,354,845
20368,20368,0,1,1,1,1,354,845
20369,20369,0,1,0,1,1,354,845
20370,20370,0,1,0,1,1,354,845
20371,20371,0,1,0,1,1,355,845
20372,20372,0,1,1,1,1,355,845
20373,20373,0,1,0,1,1,355,845
20374,20374,0,1,0,1,1,355,845
20375,20375,0,1,0,1,1,355,845
20376,20376,0,1,1,1,1,355,845
20377,20377,0,1,0,1,0,355,845
20378,20378,0,1,0,1,0,355,845
20379,20379,0,1,0,1,0,355,845
20380,20380,0,1,1,1,0,355,846
20381,20381,0,1,0,1,0,355,846
20382,20382,0,1,0,1,0,355,846
20383,20383,0,1,0,1,0,355,846
20384,20384,0,1,1,1,0,355,846
20385,20385,0,1,0,1,1,355,846
20386,20386,0,1,0,1,1,355,846
20387,20387,0,1,0,1,1,355,846
20388,20388,0,1,1,1,1,355,846
20389,20389,0,1,0,1,0,355,846
20390,20390,0,1,0,1,0,355,846
20391,20391,0,1,0,1,0,355,846
20392,20392,0,1,1,1,0,355,846
20393,20393,0,1,0,1,0,355,846
20394,20394,0,1,0,1,0,355,846
20395,20395,0,1,0,1,0,355,846
20396,20396,0,1,1,1,0,355,846
20397,20397,0,1,0,1,1,355,846
20398,20398,0,1,0,1,1,355,846
20399,20399,0,1,0,1,1,355,846
20400,20400,0,1,1,1,1,355,847
20401,20401,0,1,0,1,0,355,847
20402,20402,0,1,0,1,0,355,847
20403,20403,0,1,0,1,0,355,847
20404,20404,0,1,1,1,0,355,847
20405,20405,0,1,0,1,0,355,847
20406,20406,0,1,0,1,0,355,847
20407,20407,0,1,0,1,0,355,847
20408,20408,0,1,1,1,0,355,847
20409,20409,0,1,0,1,1,355,847
20410,20410,0,1,0,1,1,355,847
20411,20411,0,1,0,1,1,356,847
20412,20412,0,1,1,1,1,356,847
20413,20413,0,1,0,1,0,356,847
20414,20414,0,1,0,1,0,356,847
20415,20415,0,1,0,1,0,356,847
20416,20416,0,1,1,1,0,356,847
20417,20417,0,1,0,1,1,356,847
20418,20418,0,1,0,1,1,356,847
20419,20419,0,1,0,1,1,356,847
20420,20420,0,1,1,1,1,356,848
20421,20421,0,1,0,1,1,356,848
20422,20422,0,1,0,1,1,356,848
20423,20423,0,1,0,1,1,356,848
20424,20424,0,1,1,1,1,356,848
20425,20425,0,1,0,1,0,356,848
20426,20426,0,1,0,1,0,356,848
20427,20427,0,1,0,1,0,356,848
20428,20428,0,1,1,1,0,356,848
20429,20429,0,1,0,1,1,356,848
20430,20430,0,1,0,1,1,356,848
20431,20431,0,1,0,1,1,357,848
20432,20432,0,1,1,1,1,357,848
20433,20433,0,1,0,1,1,357,848
20434,20434,0,1,0,1,1,357,848
20435,20435,0,1,0,1,1,357,848
20436,20436,0,1,1,1,1,357,848
20437,20437,0,1,0,1,1,357,848
20438,20438,0,1,0,1,1,357,848
20439,20439,0,1,0,1,1,357,848
20440,20440,0,1,1,1,1,357,849
20441,20441,0,1,0,1,0,357,849
20442,20442,0,1,0,1,0,357,849
20443,20443,0,1,0,1,0,357,849
20444,20444,0,1,1,1,0,357,849
20445,20445,0,1,0,1,1,357,849
20446,20446,0,1,0,1,1,357,849
20447,20447,0,1,0,1,1,357,849
20448,20448,0,1,1,1,1,357,849
20449,20449,0,1,0,1,0,357,849
20450,20450,0,1,0,1,0,357,849
20451,20451,0,1,0,1,0,357,849
20452,20452,0,1,1,1,0,357,849
20453,20453,0,1,0,1,1,357,849
20454,20454,0,1,0,1,1,357,849
20455,20455,0,1,0,1,1,357,849
20456,20456,0,1,1,0,1,357,849
20457,20457,0,1,0,0,1,357,849
20458,20458,0,1,0,0,1,357,849
20459,20459,0,1,0,0,1,357,849
20460,20460,0,1,1,0,1,357,850
20461,20461,0,1,0,0,1,357,850
20462,20462,0,1,0,0,1,357,850
20463,20463,0,1,0,0,1,357,850
20464,20464,0,1,1,0,1,357,850
20465,20465,0,1,0,0,1,357,850
20466,20466,0,1,0,0,1,357,850
20467,20467,0,1,0,0,1,357,850
20468,20468,0,1,1,0,1,357,850
20469,20469,0,1,0,0,1,357,850
20470,20470,0,1,0,0,1,357,850
20471,20471,0,1,0,0,1,357,850
20472,20472,0,1,1,0,1,357,850
20473,20473,0,1,0,0,1,357,850
20474,20474,0,1,0,0,1,357,850
20475,20475,0,1,0,0,1,357,850
20476,20476,0,1,1,1,1,357,850
20477,20477,0,1,0,1,1,357,850
20478,20478,0,1,0,1,1,357,850
20479,20479,0,1,0,1,1,357,850
20480,20480,0,1,1,1,1,357,851
20481,20481,0,1,0,1,0,357,851
20482,20482,0,1,0,1,0,357,851
20483,20483,0,1,0,1,0,357,851
20484,20484,0,1,1,1,0,357,851
20485,20485,0,1,0,1,0,357,851
20486,20486,0,1,0,1,0,357,851
20487,20487,0,1,0,1,0,357,851
20488,20488,0,1,1,1,0,357,851
20489,20489,0,1,0,1,0,357,851
20490,20490,0,1,0,1,0,357,851
20491,20491,0,1,0,1,0,357,851
20492,20492,0,1,1,1,0,357,851
20493,20493,0,1,0,1,1,357,851
20494,20494,0,1,0,1,1,357,851
20495,20495,0,1,0,1,1,357,851
20496,20496,0,1,1,0,1,357,851
20497,20497,0,1,0,0,0,357,851
20498,20498,0,1,0,0,0,357,851
20499,20499,0,1,0,0,0,357,851
20500,20500,0,1,1,0,0,357,852
20501,20501,0,1,0,0,0,357,852
20502,20502,0,1,0,0,0,357,852
20503,20503,0,1,0,0,0,357,852
20504,20504,0,1,1,0,0,357,852
20505,20505,0,1,0,0,0,357,852
20506,20506,0,1,0,0,0,357,852
20507,20507,0,1,0,0,0,357,852
20508,20508,0,1,1,0,0,357,852
20509,20509,0,1,0,0,1,357,852
20510,20510,0,1,0,0,1,357,852
20511,20511,0,1,0,0,1,357,852
20512,20512,0,1,1,0,1,357,852
20513,20513,0,1,0,0,1,357,852
20514,20514,0,1,0,0,1,357,852
20515,20515,0,1,0,0,1,357,852
20516,20516,0,1,1,0,1,357,852
20517,20517,0,1,0,0,1,357,852
20518,20518,0,1,0,0,1,357,852
20519,20519,0,1,0,0,1,357,852
20520,20520,0,1,1,0,1,357,853
20521,20521,0,1,0,0,1,357,853
20522,20522,0,1,0,0,1,357,853
20523,20523,0,1,0,0,1,357,853
20524,20524,0,1,1,0,1,357,853
20525,20525,0,1,0,0,1,357,853
20526,20526,0,1,0,0,1,357,853
20527,20527,0,1,0,0,1,357,853
20528,20528,0,1,1,0,1,357,853
20529,20529,0,1,0,0,1,357,853
20530,20530,0,1,0,0,1,357,853
20531,20531,0,1,0,0,1,357,853
20532,20532,0,1,1,0,1,357,853
20533,20533,0,1,0,0,0,357,853
20534,20534,0,1,0,0,0,357,853
20535,20535,0,1,0,0,0,357,853
20536,20536,0,1,1,0,0,357,853
20537,20537,0,1,0,0,0,357,853
20538,20538,0,1,0,0,0,357,853
20539,20539,0,1,0,0,0,357,853
20540,20540,0,1,1,0,0,357,854
20541,20541,0,1,0,0,0,357,854
20542,20542,0,1,0,0,0,357,854
20543,20543,0,1,0,0,0,357,854
20544,20544,0,1,1,0,0,357,854
20545,20545,0,1,0,0,0,357,854
20546,20546,0,1,0,0,0,357,854
20547,20547,0,1,0,0,0,357,854
20548,20548,0,1,1,0,0,357,854
20549,20549,0,1,0,0,1,357,854
20550,20550,0,1,0,0,1,357,854
20551,20551,0,1,0,0,1,357,854
20552,20552,0,1,1,0,1,357,854
20553,20553,0,1,0,0,1,357,854
20554,20554,0,1,0,0,1,357,854
20555,20555,0,1,0,0,1,357,854
20556,20556,0,1,1,0,1,357,854
20557,20557,0,1,0,0,0,357,854
20558,20558,0,1,0,0,0,357,854
20559,20559,0,1,0,0,0,357,854
20560,20560,0,1,1,0,0,357,855
20561,20561,0,1,0,0,1,357,855
20562,20562,0,1,0,0,1,357,855
20563,20563,0,1,0,0,1,357,855
20564,20564,0,1,1,0,1,357,855
20565,20565,0,1,0,0,0,357,855
20566,20566,0,1,0,0,0,357,855
20567,20567,0,1,0,0,0,357,855
20568,20568,0,1,1,0,0,357,855
20569,20569,0,1,0,0,1,357,855
20570,20570,0,1,0,0,1,357,855
20571,20571,0,1,0,0,1,357,855
20572,20572,0,1,1,0,1,357,855
20573,20573,0,1,0,0,1,357,855
20574,20574,0,1,0,0,1,357,855
20575,20575,0,1,0,0,1,357,855
20576,20576,0,1,1,0,1,357,855
20577,20577,0,1,0,0,0,357,855
20578,20578,0,1,0,0,0,357,855
20579,20579,0,1,0,0,0,357,855
20580,20580,0,1,1,0,0,357,856
20581,20581,0,1,0,0,0,357,856
20582,20582,0,1,0,0,0,357,856
20583,20583,0,1,0,0,0,357,856
20584,20584,0,1,1,0,0,357,856
20585,20585,0,1,0,0,1,357,856
20586,20586,0,1,0,0,1,357,856
20587,20587,0,1,0,0,1,357,856
20588,20588,0,1,1,0,1,357,856
20589,20589,0,1,0,0,1,357,856
20590,20590,0,1,0,0,1,357,856
20591,20591,0,1,0,0,1,357,856
20592,20592,0,1,1,0,1,357,856
20593,20593,0,1,0,0,1,357,856
20594,20594,0,1,0,0,1,357,856
20595,20595,0,1,0,0,1,357,856
20596,20596,0,1,1,1,1,357,856
20597,20597,0,1,0,1,1,357,856
20598,20598,0,1,0,1,1,357,856
20599,20599,0,1,0,1,1,357,856
20600,20600,0,1,1,1,1,357,857
20601,20601,0,1,0,1,0,357,857
20602,20602,0,1,0,1,0,357,857
20603,20603,0,1,0,1,0,357,857
20604,20604,0,1,1,1,0,357,857
20605,20605,0,1,0,1,0,357,857
20606,20606,0,1,0,1,0,357,857
20607,20607,0,1,0,1,0,357,857
20608,20608,0,1,1,1,0,357,857
20609,20609,0,1,0,1,0,357,857
20610,20610,0,1,0,1,0,357,857
20611,20611,0,1,0,1,0,357,857
20612,20612,0,1,1,1,0,357,857
20613,20613,0,1,0,1,0,357,857
20614,20614,0,1,0,1,0,357,857
20615,20615,0,1,0,1,0,357,857
20616,20616,0,1,1,1,0,357,857
20617,20617,0,1,0,1,0,357,857
20618,20618,0,1,0,1,0,357,857
20619,20619,0,1,0,1,0,357,857
20620,20620,0,1,1,1,0,357,858
20621,20621,0,1,0,1,0,357,858
20622,20622,0,1,0,1,0,357,858
20623,20623,0,1,0,1,0,357,858
20624,20624,0,1,1,1,0,357,858
20625,20625,0,1,0,1,0,357,858
20626,20626,0,1,0,1,0,357,858
20627,20627,0,1,0,1,0,357,858
20628,20628,0,1,1,1,0,357,858
20629,20629,0,1,0,1,0,357,858
20630,20630,0,1,0,1,0,357,858
20631,20631,0,1,0,1,0,357,858
20632,20632,0,1,1,1,0,357,858
20633,20633,0,1,0,1,0,357,858
20634,20634,0,1,0,1,0,357,858
20635,20635,0,1,0,1,0,357,858
20636,20636,0,1,1,0,0,357,858
20637,20637,0,1,0,0,0,357,858
20638,20638,0,1,0,0,0,357,858
20639,20639,0,1,0,0,0,357,858
20640,20640,0,1,1,0,0,357,859
20641,20641,0,1,0,0,0,357,859
20642,20642,0,1,0,0,0,357,859
20643,20643,0,1,0,0,0,357,859
20644,20644,0,1,1,0,0,357,859
20645,20645,0,1,0,0,1,357,859
20646,20646,0,1,0,0,1,357,859
20647,20647,0,1,0,0,1,357,859
20648,20648,0,1,1,0,1,357,859
20649,20649,0,1,0,0,0,357,859
20650,20650,0,1,0,0,0,357,859
20651,20651,0,1,0,0,0,358,859
20652,20652,0,1,1,0,0,358,859
20653,20653,0,1,0,0,1,358,859
20654,20654,0,1,0,0,1,358,859
20655,20655,0,1,0,0,1,358,859
20656,20656,0,1,1,0,1,358,859
20657,20657,0,1,0,0,1,358,859
20658,20658,0,1,0,0,1,358,859
20659,20659,0,1,0,0,1,358,859
20660,20660,0,1,1,0,1,358,860
20661,20661,0,1,0,0,1,358,860
20662,20662,0,1,0,0,1,358,860
20663,20663,0,1,0,0,1,358,860
20664,20664,0,1,1,0,1,358,860
20665,20665,0,1,0,0,1,358,860
20666,20666,0,1,0,0,1,358,860
20667,20667,0,1,0,0,1,358,860
20668,20668,0,1,1,0,1,358,860
20669,20669,0,1,0,0,0,358,860
20670,20670,0,1,0,0,0,358,860
20671,20671,0,1,0,0,0,359,860
20672,20672,0,1,1,0,0,359,860
20673,20673,0,1,0,0,1,359,860
20674,20674,0,1,0,0,1,359,860
20675,20675,0,1,0,0,1,359,860
20676,20676,0,1,1,1,1,359,860
20677,20677,0,1,0,1,0,359,860
20678,20678,0,1,0,1,0,359,860
20679,20679,0,1,0,1,0,359,860
20680,20680,0,1,1,1,0,359,861
20681,20681,0,1,0,1,1,359,861
20682,20682,0,1,0,1,1,359,861
20683,20683,0,1,0,1,1,359,861
20684,20684,0,1,1,1,1,359,861
20685,20685,0,1,0,1,1,359,861
20686,20686,0,1,0,1,1,359,861
20687,20687,0,1,0,1,1,359,861
20688,20688,0,1,1,1,1,359,861
20689,20689,0,1,0,1,0,359,861
20690,20690,0,1,0,1,0,359,861
20691,20691,0,1,0,1,0,359,861
20692,20692,0,1,1,1,0,359,861
20693,20693,0,1,0,1,1,359,861
20694,20694,0,1,0,1,1,359,861
20695,20695,0,1,0,1,1,359,861
20696,20696,0,1,1,0,1,359,861
20697,20697,0,1,0,0,0,359,861
20698,20698,0,1,0,0,0,359,861
20699,20699,0,1,0,0,0,359,861
20700,20700,0,1,1,0,0,359,862
20701,20701,0,1,0,0,0,359,862
20702,20702,0,1,0,0,0,359,862
20703,20703,0,1,0,0,0,359,862
20704,20704,0,1,1,0,0,359,862
20705,20705,0,1,0,0,1,359,862
20706,20706,0,1,0,0,1,359,862
20707,20707,0,1,0,0,1,359,862
20708,20708,0,1,1,0,1,359,862
20709,20709,0,1,0,0,0,359,862
20710,20710,0,1,0,0,0,359,862
20711,20711,0,1,0,0,0,360,862
20712,20712,0,1,1,0,0,360,862
20713,20713,0,1,0,0,0,360,862
20714,20714,0,1,0,0,0,360,862
20715,20715,0,1,0,0,0,360,862
20716,20716,0,1,1,1,0,360,862
20717,20717,0,1,0,1,0,360,862
20718,20718,0,1,0,1,0,360,862
20719,20719,0,1,0,1,0,360,862
20720,20720,0,1,1,1,0,360,863
20721,20721,0,1,0,1,0,360,863
20722,20722,0,1,0,1,0,360,863
20723,20723,0,1,0,1,0,360,863
20724,20724,0,1,1,1,0,360,863
20725,20725,0,1,0,1,1,360,863
20726,20726,0,1,0,1,1,360,863
20727,20727,0,1,0,1,1,360,863
20728,20728,0,1,1,1,1,360,863
20729,20729,0,1,0,1,0,360,863
20730,20730,0,1,0,1,0,360,863
20731,20731,0,1,0,1,0,360,863
20732,20732,0,1,1,1,0,360,863
20733,20733,0,1,0,1,0,360,863
20734,20734,0,1,0,1,0,360,863
20735,20735,0,1,0,1,0,360,863
20736,20736,0,1,1,1,0,360,863
20737,20737,0,1,0,1,1,360,863
20738,20738,0,1,0,1,1,360,863
20739,20739,0,1,0,1,1,360,863
20740,20740,0,1,1,1,1,360,864
20741,20741,0,1,0,1,1,360,864
20742,20742,0,1,0,1,1,360,864
20743,20743,0,1,0,1,1,360,864
20744,20744,0,1,1,1,1,360,864
20745,20745,0,1,0,1,1,360,864
20746,20746,0,1,0,1,1,360,864
20747,20747,0,1,0,1,1,360,864
20748,20748,0,1,1,1,1,360,864
20749,20749,0,1,0,1,0,360,864
20750,20750,0,1,0,1,0,360,864
20751,20751,0,1,0,1,0,360,864
20752,20752,0,1,1,1,0,360,864
20753,20753,0,1,0,1,1,360,864
20754,20754,0,1,0,1,1,360,864
20755,20755,0,1,0,1,1,360,864
20756,20756,0,1,1,0,1,360,864
20757,20757,0,1,0,0,1,360,864
20758,20758,0,1,0,0,1,360,864
20759,20759,0,1,0,0,1,360,864
20760,20760,0,1,1,0,1,360,865
20761,20761,0,1,0,0,0,360,865
20762,20762,0,1,0,0,0,360,865
20763,20763,0,1,0,0,0,360,865
20764,20764,0,1,1,0,0,360,865
20765,20765,0,1,0,0,0,360,865
20766,20766,0,1,0,0,0,360,865
20767,20767,0,1,0,0,0,360,865
20768,20768,0,1,1,0,0,360,865
20769,20769,0,1,0,0,1,360,865
20770,20770,0,1,0,0,1,360,865
20771,20771,0,1,0,0,1,360,865
20772,20772,0,1,1,0,1,360,865
20773,20773,0,1,0,0,0,360,865
20774,20774,0,1,0,0,0,360,865
20775,20775,0,1,0,0,0,360,865
20776,20776,0,1,1,1,0,360,865
20777,20777,0,1,0,1,1,360,865
20778,20778,0,1,0,1,1,360,865
20779,20779,0,1,0,1,1,360,865
20780,20780,0,1,1,1,1,360,866
20781,20781,0,1,0,1,0,360,866
20782,20782,0,1,0,1,0,360,866
20783,20783,0,1,0,1,0,360,866
20784,20784,0,1,1,1,0,360,866
20785,20785,0,1,0,1,0,360,866
20786,20786,0,1,0,1,0,360,866
20787,20787,0,1,0,1,0,360,866
20788,20788,0,1,1,1,0,360,866
20789,20789,0,1,0,1,1,360,866
20790,20790,0,1,0,1,1,360,866
20791,20791,0,1,0,1,1,361,866
20792,20792,0,1,1,1,1,361,866
20793,20793,0,1,0,1,0,361,866
20794,20794,0,1,0,1,0,361,866
20795,20795,0,1,0,1,0,361,866
20796,20796,0,1,1,0,0,361,866
20797,20797,0,1,0,0,1,361,866
20798,20798,0,1,0,0,1,361,866
20799,20799,0,1,0,0,1,361,866
20800,20800,0,1,1,0,1,361,867
20801,20801,0,1,0,0,1,361,867
20802,20802,0,1,0,0,1,361,867
20803,20803,0,1,0,0,1,361,867
20804,20804,0,1,1,0,1,361,867
20805,20805,0,1,0,0,1,361,867
20806,20806,0,1,0,0,1,361,867
20807,20807,0,1,0,0,1,361,867
20808,20808,0,1,1,0,1,361,867
20809,20809,0,1,0,0,0,361,867
20810,20810,0,1,0,0,0,361,867
20811,20811,0,1,0,0,0,362,867
20812,20812,0,1,1,0,0,362,867
20813,20813,0,1,0,0,1,362,867
20814,20814,0,1,0,0,1,362,867
20815,20815,0,1,0,0,1,362,867
20816,20816,0,1,1,1,1,362,867
20817,20817,0,1,0,1,1,362,867
20818,20818,0,1,0,1,1,362,867
20819,20819,0,1,0,1,1,362,867
20820,20820,0,1,1,1,1,362,868
20821,20821,0,1,0,1,0,362,868
20822,20822,0,1,0,1,0,362,868
20823,20823,0,1,0,1,0,362,868
20824,20824,0,1,1,1,0,362,868
20825,20825,0,1,0,1,1,362,868
20826,20826,0,1,0,1,1,362,868
20827,20827,0,1,0,1,1,362,868
20828,20828,0,1,1,1,1,362,868
20829,20829,0,1,0,1,0,362,868
20830,20830,0,1,0,1,0,362,868
20831,20831,0,1,0,1,0,362,868
20832,20832,0,1,1,1,0,362,868
20833,20833,0,1,0,1,0,362,868
20834,20834,0,1,0,1,0,362,868
20835,20835,0,1,0,1,0,362,868
20836,20836,0,1,1,1,0,362,868
20837,20837,0,1,0,1,1,362,868
20838,20838,0,1,0,1,1,362,868
20839,20839,0,1,0,1,1,362,868
20840,20840,0,1,1,1,1,362,869
20841,20841,0,1,0,1,0,362,869
20842,20842,0,1,0,1,0,362,869
20843,20843,0,1,0,1,0,362,869
20844,20844,0,1,1,1,0,362,869
20845,20845,0,1,0,1,0,362,869
20846,20846,0,1,0,1,0,362,869
20847,20847,0,1,0,1,0,362,869
20848,20848,0,1,1,1,0,362,869
20849,20849,0,1,0,1,1,362,869
20850,20850,0,1,0,1,1,362,869
20851,20851,0,1,0,1,1,363,869
20852,20852,0,1,1,1,1,363,869
20853,20853,0,1,0,1,1,363,869
20854,20854,0,1,0,1,1,363,869
20855,20855,0,1,0,1,1,363,869
20856,20856,0,1,1,1,1,363,869
20857,20857,0,1,0,1,0,363,869
20858,20858,0,1,0,1,0,363,869
20859,20859,0,1,0,1,0,363,869
20860,20860,0,1,1,1,0,363,870
20861,20861,0,1,0,1,1,363,870
20862,20862,0,1,0,1,1,363,870
20863,20863,0,1,0,1,1,363,870
20864,20864,0,1,1,1,1,363,870
20865,20865,0,1,0,1,1,363,870
20866,20866,0,1,0,1,1,363,870
20867,20867,0,1,0,1,1,363,870
20868,20868,0,1,1,1,1,363,870
20869,20869,0,1,0,1,1,363,870
20870,20870,0,1,0,1,1,363,870
20871,20871,0,1,0,1,1,364,870
20872,20872,0,1,1,1,1,364,870
20873,20873,0,1,0,1,1,364,870
20874,20874,0,1,0,1,1,364,870
20875,20875,0,1,0,1,1,364,870
20876,20876,0,1,1,1,1,364,870
20877,20877,0,1,0,1,0,364,870
20878,20878,0,1,0,1,0,364,870
20879,20879,0,1,0,1,0,364,870
20880,20880,0,1,1,1,0,364,871
20881,20881,0,1,0,1,1,364,871
20882,20882,0,1,0,1,1,364,871
20883,20883,0,1,0,1,1,364,871
20884,20884,0,1,1,1,1,364,871
20885,20885,0,1,0,1,0,364,871
20886,20886,0,1,0,1,0,364,871
20887,20887,0,1,0,1,0,364,871
20888,20888,0,1,1,1,0,364,871
20889,20889,0,1,0,1,1,364,871
20890,20890,0,1,0,1,1,364,871
20891,20891,0,1,0,1,1,365,871
20892,20892,0,1,1,1,1,365,871
20893,20893,0,1,0,1,0,365,871
20894,20894,0,1,0,1,0,365,871
20895,20895,0,1,0,1,0,365,871
20896,20896,0,1,1,0,0,365,871
20897,20897,0,1,0,0,1,365,871
20898,20898,0,1,0,0,1,365,871
20899,20899,0,1,0,0,1,365,871
20900,20900,0,1,1,0,1,365,872
20901,20901,0,1,0,0,0,365,872
20902,20902,0,1,0,0,0,365,872
20903,20903,0,1,0,0,0,365,872
20904,20904,0,1,1,0,0,365,872
20905,20905,0,1,0,0,1,365,872
20906,20906,0,1,0,0,1,365,872
20907,20907,0,1,0,0,1,365,872
20908,20908,0,1,1,0,1,365,872
20909,20909,0,1,0,0,1,365,872
20910,20910,0,1,0,0,1,365,872
20911,20911,0,1,0,0,1,365,872
20912,20912,0,1,1,0,1,365,872
20913,20913,0,1,0,0,1,365,872
20914,20914,0,1,0,0,1,365,872
20915,20915,0,1,0,0,1,365,872
20916,20916,0,1,1,0,1,365,872
20917,20917,0,1,0,0,1,365,872
20918,20918,0,1,0,0,1,365,872
20919,20919,0,1,0,0,1,365,872
20920,20920,0,1,1,0,1,365,873
20921,20921,0,1,0,0,0,365,873
20922,20922,0,1,0,0,0,365,873
20923,20923,0,1,0,0,0,365,873
20924,20924,0,1,1,0,0,365,873
20925,20925,0,1,0,0,1,365,873
20926,20926,0,1,0,0,1,365,873
20927,20927,0,1,0,0,1,365,873
20928,20928,0,1,1,0,1,365,873
20929,20929,0,1,0,0,0,365,873
20930,20930,0,1,0,0,0,365,873
20931,20931,0,1,0,0,0,366,873
20932,20932,0,1,1,0,0,366,873
20933,20933,0,1,0,0,1,366,873
20934,20934,0,1,0,0,1,366,873
20935,20935,0,1,0,0,1,366,873
20936,20936,0,1,1,1,1,366,873
20937,20937,0,1,0,1,1,366,873
20938,20938,0,1,0,1,1,366,873
20939,20939,0,1,0,1,1,366,873
20940,20940,0,1,1,1,1,366,874
20941,20941,0,1,0,1,0,366,874
20942,20942,0,1,0,1,0,366,874
20943,20943,0,1,0,1,0,366,874
20944,20944,0,1,1,1,0,366,874
20945,20945,0,1,0,1,0,366,874
20946,20946,0,1,0,1,0,366,874
20947,20947,0,1,0,1,0,366,874
20948,20948,0,1,1,1,0,366,874
20949,20949,0,1,0,1,1,366,874
20950,20950,0,1,0,1,1,366,874
20951,20951,0,1,0,1,1,367,874
20952,20952,0,1,1,1,1,367,874
20953,20953,0,1,0,1,0,367,874
20954,20954,0,1,0,1,0,367,874
20955,20955,0,1,0,1,0,367,874
20956,20956,0,1,1,0,0,367,874
20957,20957,0,1,0,0,1,367,874
20958,20958,0,1,0,0,1,367,874
20959,20959,0,1,0,0,1,367,874
20960,20960,0,1,1,0,1,367,875
20961,20961,0,1,0,0,0,367,875
20962,20962,0,1,0,0,0,367,875
20963,20963,0,1,0,0,0,367,875
20964,20964,0,1,1,0,0,367,875
20965,20965,0,1,0,0,0,367,875
20966,20966,0,1,0,0,0,367,875
20967,20967,0,1,0,0,0,367,875
20968,20968,0,1,1,0,0,367,875
20969,20969,0,1,0,0,0,367,875
20970,20970,0,1,0,0,0,367,875
20971,20971,0,1,0,0,0,368,875
20972,20972,0,1,1,0,0,368,875
20973,20973,0,1,0,0,0,368,875
20974,20974,0,1,0,0,0,368,875
20975,20975,0,1,0,0,0,368,875
20976,20976,0,1,1,1,0,368,875
20977,20977,0,1,0,1,1,368,875
20978,20978,0,1,0,1,1,368,875
20979,20979,0,1,0,1,1,368,875
20980,20980,0,1,1,1,1,368,876
20981,20981,0,1,0,1,0,368,876
20982,20982,0,1,0,1,0,368,876
20983,20983,0,1,0,1,0,368,876
20984,20984,0,1,1,1,0,368,876
20985,20985,0,1,0,1,1,368,876
20986,20986,0,1,0,1,1,368,876
20987,20987,0,1,0,1,1,368,876
20988,20988,0,1,1,1,1,368,876
20989,20989,0,1,0,1,1,368,876
20990,20990,0,1,0,1,1,368,876
20991,20991,0,1,0,1,1,369,876
20992,20992,0,1,1,1,1,369,876
20993,20993,0,1,0,1,1,369,876
20994,20994,0,1,0,1,1,369,876
20995,20995,0,1,0,1,1,369,876
20996,20996,0,1,1,0,1,369,876
20997,20997,0,1,0,0,1,369,876
20998,20998,0,1,0,0,1,369,876
20999,20999,0,1,0,0,1,369,876
21000,21000,0,1,1,0,1,369,877
21001,21001,0,1,0,0,1,369,877
21002,21002,0,1,0,0,1,369,877
21003,21003,0,1,0,0,1,369,877
21004,21004,0,1,1,0,1,369,877
21005,21005,0,1,0,0,0,369,877
21006,21006,0,1,0,0,0,369,877
21007,21007,0,1,0,0,0,369,877
21008,21008,0,1,1,0,0,369,877
21009,21009,0,1,0,0,0,369,877
21010,21010,0,1,0,0,0,369,877
21011,21011,0,1,0,0,0,370,877
21012,21012,0,1,1,0,0,370,877
21013,21013,0,1,0,0,0,370,877
21014,21014,0,1,0,0,0,370,877
21015,21015,0,1,0,0,0,370,877
21016,21016,0,1,1,1,0,370,877
21017,21017,0,1,0,1,0,370,877
21018,21018,0,1,0,1,0,370,877
21019,21019,0,1,0,1,0,370,877
21020,21020,0,1,1,1,0,370,878
21021,21021,0,1,0,1,1,370,878
21022,21022,0,1,0,1,1,370,878
21023,21023,0,1,0,1,1,370,878
21024,21024,0,1,1,1,1,370,878
21025,21025,0,1,0,1,1,370,878
21026,21026,0,1,0,1,1,370,878
21027,21027,0,1,0,1,1,370,878
21028,21028,0,1,1,1,1,370,878
21029,21029,0,1,0,1,0,370,878
21030,21030,0,1,0,1,0,370,878
21031,21031,0,1,0,1,0,370,878
21032,21032,0,1,1,1,0,370,878
21033,21033,0,1,0,1,0,370,878
21034,21034,0,1,0,1,0,370,878
21035,21035,0,1,0,1,0,370,878
21036,21036,0,1,1,1,0,370,878
21037,21037,0,1,0,1,1,370,878
21038,21038,0,1,0,1,1,370,878
21039,21039,0,1,0,1,1,370,878
21040,21040,0,1,1,1,1,370,879
21041,21041,0,1,0,1,0,370,879
21042,21042,0,1,0,1,0,370,879
21043,21043,0,1,0,1,0,370,879
21044,21044,0,1,1,1,0,370,879
21045,21045,0,1,0,1,0,370,879
21046,21046,0,1,0,1,0,370,879
21047,21047,0,1,0,1,0,370,879
21048,21048,0,1,1,1,0,370,879
21049,21049,0,1,0,1,0,370,879
21050,21050,0,1,0,1,0,370,879
21051,21051,0,1,0,1,0,370,879
21052,21052,0,1,1,1,0,370,879
21053,21053,0,1,0,1,0,370,879
21054,21054,0,1,0,1,0,370,879
21055,21055,0,1,0,1,0,370,879
21056,21056,0,1,1,1,0,370,879
21057,21057,0,1,0,1,0,370,879
21058,21058,0,1,0,1,0,370,879
21059,21059,0,1,0,1,0,370,879
21060,21060,0,1,1,1,0,370,880
21061,21061,0,1,0,1,0,370,880
21062,21062,0,1,0,1,0,370,880
21063,21063,0,1,0,1,0,370,880
21064,21064,0,1,1,1,0,370,880
21065,21065,0,1,0,1,0,370,880
21066,21066,0,1,0,1,0,370,880
21067,21067,0,1,0,1,0,370,880
21068,21068,0,1,1,1,0,370,880
21069,21069,0,1,0,1,0,370,880
21070,21070,0,1,0,1,0,370,880
21071,21071,0,1,0,1,0,370,880
21072,21072,0,1,1,1,0,370,880
21073,21073,0,1,0,1,1,370,880
21074,21074,0,1,0,1,1,370,880
21075,21075,0,1,0,1,1,370,880
21076,21076,0,1,1,1,1,370,880
21077,21077,0,1,0,1,0,370,880
21078,21078,0,1,0,1,0,370,880
21079,21079,0,1,0,1,0,370,880
21080,21080,0,1,1,1,0,370,881
21081,21081,0,1,0,1,0,370,881
21082,21082,0,1,0,1,0,370,881
21083,21083,0,1,0,1,0,370,881
21084,21084,0,1,1,1,0,370,881
21085,21085,0,1,0,1,1,370,881
21086,21086,0,1,0,1,1,370,881
21087,21087,0,1,0,1,1,370,881
21088,21088,0,1,1,1,1,370,881
21089,21089,0,1,0,1,0,370,881
21090,21090,0,1,0,1,0,370,881
21091,21091,0,1,0,1,0,370,881
21092,21092,0,1,1,1,0,370,881
21093,21093,0,1,0,1,0,370,881
21094,21094,0,1,0,1,0,370,881
21095,21095,0,1,0,1,0,370,881
21096,21096,0,1,1,0,0,370,881
21097,21097,0,1,0,0,1,370,881
21098,21098,0,1,0,0,1,370,881
21099,21099,0,1,0,0,1,370,881
21100,21100,0,1,1,0,1,370,882
21101,21101,0,1,0,0,0,370,882
21102,21102,0,1,0,0,0,370,882
21103,21103,0,1,0,0,0,370,882
21104,21104,0,1,1,0,0,370,882
21105,21105,0,1,0,0,1,370,882
21106,21106,0,1,0,0,1,370,882
21107,21107,0,1,0,0,1,370,882
21108,21108,0,1,1,0,1,370,882
21109,21109,0,1,0,0,0,370,882
21110,21110,0,1,0,0,0,370,882
21111,21111,0,1,0,0,0,371,882
21112,21112,0,1,1,0,0,371,882
21113,21113,0,1,0,0,0,371,882
21114,21114,0,1,0,0,0,371,882
21115,21115,0,1,0,0,0,371,882
21116,21116,0,1,1,0,0,371,882
21117,21117,0,1,0,0,0,371,882
21118,21118,0,1,0,0,0,371,882
21119,21119,0,1,0,0,0,371,882
21120,21120,0,1,1,0,0,371,883
21121,21121,0,1,0,0,1,371,883
21122,21122,0,1,0,0,1,371,883
21123,21123,0,1,0,0,1,371,883
21124,21124,0,1,1,0,1,371,883
21125,21125,0,1,0,0,1,371,883
21126,21126,0,1,0,0,1,371,883
21127,21127,0,1,0,0,1,371,883
21128,21128,0,1,1,0,1,371,883
21129,21129,0,1,0,0,1,371,883
21130,21130,0,1,0,0,1,371,883
21131,21131,0,1,0,0,1,371,883
21132,21132,0,1,1,0,1,371,883
21133,21133,0,1,0,0,0,371,883
21134,21134,0,1,0,0,0,371,883
21135,21135,0,1,0,0,0,371,883
21136,21136,0,1,1,0,0,371,883
21137,21137,0,1,0,0,1,371,883
21138,21138,0,1,0,0,1,371,883
21139,21139,0,1,0,0,1,371,883
21140,21140,0,1,1,0,1,371,884
21141,21141,0,1,0,0,1,371,884
21142,21142,0,1,0,0,1,371,884
21143,21143,0,1,0,0,1,371,884
21144,21144,0,1,1,0,1,371,884
21145,21145,0,1,0,0,1,371,884
21146,21146,0,1,0,0,1,371,884
21147,21147,0,1,0,0,1,371,884
21148,21148,0,1,1,0,1,371,884
21149,21149,0,1,0,0,0,371,884
21150,21150,0,1,0,0,0,371,884
21151,21151,0,1,0,0,0,372,884
21152,21152,0,1,1,0,0,372,884
21153,21153,0,1,0,0,1,372,884
21154,21154,0,1,0,0,1,372,884
21155,21155,0,1,0,0,1,372,884
21156,21156,0,1,1,1,1,372,884
21157,21157,0,1,0,1,1,372,884
21158,21158,0,1,0,1,1,372,884
21159,21159,0,1,0,1,1,372,884
21160,21160,0,1,1,1,1,372,885
21161,21161,0,1,0,1,1,372,885
21162,21162,0,1,0,1,1,372,885
21163,21163,0,1,0,1,1,372,885
21164,21164,0,1,1,1,1,372,885
21165,21165,0,1,0,1,1,372,885
21166,21166,0,1,0,1,1,372,885
21167,21167,0,1,0,1,1,372,885
21168,21168,0,1,1,1,1,372,885
21169,21169,0,1,0,1,1,372,885
21170,21170,0,1,0,1,1,372,885
21171,21171,0,1,0,1,1,373,885
21172,21172,0,1,1,1,1,373,885
21173,21173,0,1,0,1,0,373,885
21174,21174,0,1,0,1,0,373,885
21175,21175,0,1,0,1,0,373,885
21176,21176,0,1,1,1,0,373,885
21177,21177,0,1,0,1,0,373,885
21178,21178,0,1,0,1,0,373,885
21179,21179,0,1,0,1,0,373,885
21180,21180,0,1,1,1,0,373,886
21181,21181,0,1,0,1,1,373,886
21182,21182,0,1,0,1,1,373,886
21183,21183,0,1,0,1,1,373,886
21184,21184,0,1,1,1,1,373,886
21185,21185,0,1,0,1,1,373,886
21186,21186,0,1,0,1,1,373,886
21187,21187,0,1,0,1,1,373,886
21188,21188,0,1,1,1,1,373,886
21189,21189,0,1,0,1,0,373,886
21190,21190,0,1,0,1,0,373,886
21191,21191,0,1,0,1,0,373,886
21192,21192,0,1,1,1,0,373,886
21193,21193,0,1,0,1,0,373,886
21194,21194,0,1,0,1,0,373,886
21195,21195,0,1,0,1,0,373,886
21196,21196,0,1,1,0,0,373,886
21197,21197,0,1,0,0,0,373,886
21198,21198,0,1,0,0,0,373,886
21199,21199,0,1,0,0,0,373,886
21200,21200,0,1,1,0,0,373,887
21201,21201,0,1,0,0,1,373,887
21202,21202,0,1,0,0,1,373,887
21203,21203,0,1,0,0,1,373,887
21204,21204,0,1,1,0,1,373,887
21205,21205,0,1,0,0,1,373,887
21206,21206,0,1,0,0,1,373,887
21207,21207,0,1,0,0,1,373,887
21208,21208,0,1,1,0,1,373,887
21209,21209,0,1,0,0,1,373,887
21210,21210,0,1,0,0,1,373,887
21211,21211,0,1,0,0,1,373,887
21212,21212,0,1,1,0,1,373,887
21213,21213,0,1,0,0,1,373,887
21214,21214,0,1,0,0,1,373,887
21215,21215,0,1,0,0,1,373,887
21216,21216,0,1,1,1,1,373,887
21217,21217,0,1,0,1,0,373,887
21218,21218,0,1,0,1,0,373,887
21219,21219,0,1,0,1,0,373,887
21220,21220,0,1,1,1,0,373,888
21221,21221,0,1,0,1,1,373,888
21222,21222,0,1,0,1,1,373,888
21223,21223,0,1,0,1,1,373,888
21224,21224,0,1,1,1,1,373,888
21225,21225,0,1,0,1,0,373,888
21226,21226,0,1,0,1,0,373,888
21227,21227,0,1,0,1,0,373,888
21228,21228,0,1,1,1,0,373,888
21229,21229,0,1,0,1,1,373,888
21230,21230,0,1,0,1,1,373,888
21231,21231,0,1,0,1,1,374,888
21232,21232,0,1,1,1,1,374,888
21233,21233,0,1,0,1,1,374,888
21234,21234,0,1,0,1,1,374,888
21235,21235,0,1,0,1,1,374,888
21236,21236,0,1,1,1,1,374,888
21237,21237,0,1,0,1,0,374,888
21238,21238,0,1,0,1,0,374,888
21239,21239,0,1,0,1,0,374,888
21240,21240,0,1,1,1,0,374,889
21241,21241,0,1,0,1,1,374,889
21242,21242,0,1,0,1,1,374,889
21243,21243,0,1,0,1,1,374,889
21244,21244,0,1,1,1,1,374,889
21245,21245,0,1,0,1,1,374,889
21246,21246,0,1,0,1,1,374,889
21247,21247,0,1,0,1,1,374,889
21248,21248,0,1,1,1,1,374,889
21249,21249,0,1,0,1,1,374,889
21250,21250,0,1,0,1,1,374,889
21251,21251,0,1,0,1,1,375,889
21252,21252,0,1,1,1,1,375,889
21253,21253,0,1,0,1,1,375,889
21254,21254,0,1,0,1,1,375,889
21255,21255,0,1,0,1,1,375,889
21256,21256,0,1,1,1,1,375,889
21257,21257,0,1,0,1,0,375,889
21258,21258,0,1,0,1,0,375,889
21259,21259,0,1,0,1,0,375,889
21260,21260,0,1,1,1,0,375,890
21261,21261,0,1,0,1,0,375,890
21262,21262,0,1,0,1,0,375,890
21263,21263,0,1,0,1,0,375,890
21264,21264,0,1,1,1,0,375,890
21265,21265,0,1,0,1,1,375,890
21266,21266,0,1,0,1,1,375,890
21267,21267,0,1,0,1,1,375,890
21268,21268,0,1,1,1,1,375,890
21269,21269,0,1,0,1,1,375,890
21270,21270,0,1,0,1,1,375,890
21271,21271,0,1,0,1,1,376,890
21272,21272,0,1,1,1,1,376,890
21273,21273,0,1,0,1,1,376,890
21274,21274,0,1,0,1,1,376,890
21275,21275,0,1,0,1,1,376,890
21276,21276,0,1,1,1,1,376,890
21277,21277,0,1,0,1,1,376,890
21278,21278,0,1,0,1,1,376,890
21279,21279,0,1,0,1,1,376,890
21280,21280,0,1,1,1,1,376,891
21281,21281,0,1,0,1,1,376,891
21282,21282,0,1,0,1,1,376,891
21283,21283,0,1,0,1,1,376,891
21284,21284,0,1,1,1,1,376,891
21285,21285,0,1,0,1,0,376,891
21286,21286,0,1,0,1,0,376,891
21287,21287,0,1,0,1,0,376,891
21288,21288,0,1,1,1,0,376,891
21289,21289,0,1,0,1,0,376,891
21290,21290,0,1,0,1,0,376,891
21291,21291,0,1,0,1,0,376,891
21292,21292,0,1,1,1,0,376,891
21293,21293,0,1,0,1,1,376,891
21294,21294,0,1,0,1,1,376,891
21295,21295,0,1,0,1,1,376,891
21296,21296,0,1,1,0,1,376,891
21297,21297,0,1,0,0,0,376,891
21298,21298,0,1,0,0,0,376,891
21299,21299,0,1,0,0,0,376,891
21300,21300,0,1,1,0,0,376,892
21301,21301,0,1,0,0,0,376,892
21302,21302,0,1,0,0,0,376,892
21303,21303,0,1,0,0,0,376,892
21304,21304,0,1,1,0,0,376,892
21305,21305,0,1,0,0,1,376,892
21306,21306,0,1,0,0,1,376,892
21307,21307,0,1,0,0,1,376,892
21308,21308,0,1,1,0,1,376,892
21309,21309,0,1,0,0,1,376,892
21310,21310,0,1,0,0,1,376,892
21311,21311,0,1,0,0,1,376,892
21312,21312,0,1,1,0,1,376,892
21313,21313,0,1,0,0,1,376,892
21314,21314,0,1,0,0,1,376,892
21315,21315,0,1,0,0,1,376,892
21316,21316,0,1,1,0,1,376,892
21317,21317,0,1,0,0,0,376,892
21318,21318,0,1,0,0,0,376,892
21319,21319,0,1,0,0,0,376,892
21320,21320,0,1,1,0,0,376,893
21321,21321,0,1,0,0,1,376,893
21322,21322,0,1,0,0,1,376,893
21323,21323,0,1,0,0,1,376,893
21324,21324,0,1,1,0,1,376,893
21325,21325,0,1,0,0,1,376,893
21326,21326,0,1,0,0,1,376,893
21327,21327,0,1,0,0,1,376,893
21328,21328,0,1,1,0,1,376,893
21329,21329,0,1,0,0,1,376,893
21330,21330,0,1,0,0,1,376,893
21331,21331,0,1,0,0,1,376,893
21332,21332,0,1,1,0,1,376,893
21333,21333,0,1,0,0,0,376,893
21334,21334,0,1,0,0,0,376,893
21335,21335,0,1,0,0,0,376,893
21336,21336,0,1,1,0,0,376,893
21337,21337,0,1,0,0,0,376,893
21338,21338,0,1,0,0,0,376,893
21339,21339,0,1,0,0,0,376,893
21340,21340,0,1,1,0,0,376,894
21341,21341,0,1,0,0,0,376,894
21342,21342,0,1,0,0,0,376,894
21343,21343,0,1,0,0,0,376,894
21344,21344,0,1,1,0,0,376,894
21345,21345,0,1,0,0,1,376,894
21346,21346,0,1,0,0,1,376,894
21347,21347,0,1,0,0,1,376,894
21348,21348,0,1,1,0,1,376,894
21349,21349,0,1,0,0,1,376,894
21350,21350,0,1,0,0,1,376,894
21351,21351,0,1,0,0,1,376,894
21352,21352,0,1,1,0,1,376,894
21353,21353,0,1,0,0,1,376,894
21354,21354,0,1,0,0,1,376,894
21355,21355,0,1,0,0,1,376,894
21356,21356,0,1,1,1,1,376,894
21357,21357,0,1,0,1,0,376,894
21358,21358,0,1,0,1,0,376,894
21359,21359,0,1,0,1,0,376,894
21360,21360,0,1,1,1,0,376,895
21361,21361,0,1,0,1,0,376,895
21362,21362,0,1,0,1,0,376,895
21363,21363,0,1,0,1,0,376,895
21364,21364,0,1,1,1,0,376,895
21365,21365,0,1,0,1,0,376,895
21366,21366,0,1,0,1,0,376,895
21367,21367,0,1,0,1,0,376,895
21368,21368,0,1,1,1,0,376,895
21369,21369,0,1,0,1,0,376,895
21370,21370,0,1,0,1,0,376,895
21371,21371,0,1,0,1,0,376,895
21372,21372,0,1,1,1,0,376,895
21373,21373,0,1,0,1,0,376,895
21374,21374,0,1,0,1,0,376,895
21375,21375,0,1,0,1,0,376,895
21376,21376,0,1,1,0,0,376,895
21377,21377,0,1,0,0,0,376,895
21378,21378,0,1,0,0,0,376,895
21379,21379,0,1,0,0,0,376,895
21380,21380,0,1,1,0,0,376,896
21381,21381,0,1,0,0,0,376,896
21382,21382,0,1,0,0,0,376,896
21383,21383,0,1,0,0,0,376,896
21384,21384,0,1,1,0,0,376,896
21385,21385,0,1,0,0,1,376,896
21386,21386,0,1,0,0,1,376,896
21387,21387,0,1,0,0,1,376,896
21388,21388,0,1,1,0,1,376,896
21389,21389,0,1,0,0,0,376,896
21390,21390,0,1,0,0,0,376,896
21391,21391,0,1,0,0,0,377,896
21392,21392,0,1,1,0,0,377,896
21393,21393,0,1,0,0,1,377,896
21394,21394,0,1,0,0,1,377,896
21395,21395,0,1,0,0,1,377,896
21396,21396,0,1,1,0,1,377,896
21397,21397,0,1,0,0,0,377,896
21398,21398,0,1,0,0,0,377,896
21399,21399,0,1,0,0,0,377,896
21400,21400,0,1,1,0,0,377,897
21401,21401,0,1,0,0,1,377,897
21402,21402,0,1,0,0,1,377,897
21403,21403,0,1,0,0,1,377,897
21404,21404,0,1,1,0,1,377,897
21405,21405,0,1,0,0,0,377,897
21406,21406,0,1,0,0,0,377,897
21407,21407,0,1,0,0,0,377,897
21408,21408,0,1,1,0,0,377,897
21409,21409,0,1,0,0,1,377,897
21410,21410,0,1,0,0,1,377,897
21411,21411,0,1,0,0,1,377,897
21412,21412,0,1,1,0,1,377,897
21413,21413,0,1,0,0,1,377,897
21414,21414,0,1,0,0,1,377,897
21415,21415,0,1,0,0,1,377,897
21416,21416,0,1,1,0,1,377,897
21417,21417,0,1,0,0,1,377,897
21418,21418,0,1,0,0,1,377,897
21419,21419,0,1,0,0,1,377,897
21420,21420,0,1,1,0,1,377,898
21421,21421,0,1,0,0,0,377,898
21422,21422,0,1,0,0,0,377,898
21423,21423,0,1,0,0,0,377,898
21424,21424,0,1,1,0,0,377,898
21425,21425,0,1,0,0,0,377,898
21426,21426,0,1,0,0,0,377,898
21427,21427,0,1,0,0,0,377,898
21428,21428,0,1,1,0,0,377,898
21429,21429,0,1,0,0,0,377,898
21430,21430,0,1,0,0,0,377,898
21431,21431,0,1,0,0,0,378,898
21432,21432,0,1,1,0,0,378,898
21433,21433,0,1,0,0,1,378,898
21434,21434,0,1,0,0,1,378,898
21435,21435,0,1,0,0,1,378,898
21436,21436,0,1,1,0,1,378,898
21437,21437,0,1,0,0,0,378,898
21438,21438,0,1,0,0,0,378,898
21439,21439,0,1,0,0,0,378,898
21440,21440,0,1,1,0,0,378,899
21441,21441,0,1,0,0,1,378,899
21442,21442,0,1,0,0,1,378,899
21443,21443,0,1,0,0,1,378,899
21444,21444,0,1,1,0,1,378,899
21445,21445,0,1,0,0,0,378,899
21446,21446,0,1,0,0,0,378,899
21447,21447,0,1,0,0,0,378,899
21448,21448,0,1,1,0,0,378,899
21449,21449,0,1,0,0,1,378,899
21450,21450,0,1,0,0,1,378,899
21451,21451,0,1,0,0,1,378,899
21452,21452,0,1,1,0,1,378,899
21453,21453,0,1,0,0,0,378,899
21454,21454,0,1,0,0,0,378,899
21455,21455,0,1,0,0,0,378,899
21456,21456,0,1,1,0,0,378,899
21457,21457,0,1,0,0,1,378,899
21458,21458,0,1,0,0,1,378,899
21459,21459,0,1,0,0,1,378,899
21460,21460,0,1,1,0,1,378,900
21461,21461,0,1,0,0,1,378,900
21462,21462,0,1,0,0,1,378,900
21463,21463,0,1,0,0,1,378,900
21464,21464,0,1,1,0,1,378,900
21465,21465,0,1,0,0,0,378,900
21466,21466,0,1,0,0,0,378,900
21467,21467,0,1,0,0,0,378,900
21468,21468,0,1,1,0,0,378,900
21469,21469,0,1,0,0,1,378,900
21470,21470,0,1,0,0,1,378,900
21471,21471,0,1,0,0,1,378,900
21472,21472,0,1,1,0,1,378,900
21473,21473,0,1,0,0,1,378,900
21474,21474,0,1,0,0,1,378,900
21475,21475,0,1,0,0,1,378,900
21476,21476,0,1,1,0,1,378,900
21477,21477,0,1,0,0,0,378,900
21478,21478,0,1,0,0,0,378,900
21479,21479,0,1,0,0,0,378,900
21480,21480,0,1,1,0,0,378,901
21481,21481,0,1,0,0,1,378,901
21482,21482,0,1,0,0,1,378,901
21483,21483,0,1,0,0,1,378,901
21484,21484,0,1,1,0,1,378,901
21485,21485,0,1,0,0,1,378,901
21486,21486,0,1,0,0,1,378,901
21487,21487,0,1,0,0,1,378,901
21488,21488,0,1,1,0,1,378,901
21489,21489,0,1,0,0,0,378,901
21490,21490,0,1,0,0,0,378,901
21491,21491,0,1,0,0,0,379,901
21492,21492,0,1,1,0,0,379,901
21493,21493,0,1,0,0,0,379,901
21494,21494,0,1,0,0,0,379,901
21495,21495,0,1,0,0,0,379,901
21496,21496,0,1,1,1,0,379,901
21497,21497,0,1,0,1,1,379,901
21498,21498,0,1,0,1,1,379,901
21499,21499,0,1,0,1,1,379,901
21500,21500,0,1,1,1,1,379,902
21501,21501,0,1,0,1,1,379,902
21502,21502,0,1,0,1,1,379,902
21503,21503,0,1,0,1,1,379,902
21504,21504,0,1,1,1,1,379,902
21505,21505,0,1,0,1,1,379,902
21506,21506,0,1,0,1,1,379,902
21507,21507,0,1,0,1,1,379,902
21508,21508,0,1,1,1,1,379,902
21509,21509,0,1,0,1,0,379,902
21510,21510,0,1,0,1,0,379,902
21511,21511,0,1,0,1,0,379,902
21512,21512,0,1,1,1,0,379,902
21513,21513,0,1,0,1,0,379,902
21514,21514,0,1,0,1,0,379,902
21515,21515,0,1,0,1,0,379,902
21516,21516,0,1,1,1,0,379,902
21517,21517,0,1,0,1,1,379,902
21518,21518,0,1,0,1,1,379,902
21519,21519,0,1,0,1,1,379,902
21520,21520,0,1,1,1,1,379,903
21521,21521,0,1,0,1,1,379,903
21522,21522,0,1,0,1,1,379,903
21523,21523,0,1,0,1,1,379,903
21524,21524,0,1,1,1,1,379,903
21525,21525,0,1,0,1,1,379,903
21526,21526,0,1,0,1,1,379,903
21527,21527,0,1,0,1,1,379,903
21528,21528,0,1,1,1,1,379,903
21529,21529,0,1,0,1,0,379,903
21530,21530,0,1,0,1,0,379,903
21531,21531,0,1,0,1,0,379,903
21532,21532,0,1,1,1,0,379,903
21533,21533,0,1,0,1,0,379,903
21534,21534,0,1,0,1,0,379,903
21535,21535,0,1,0,1,0,379,903
21536,21536,0,1,1,1,0,379,903
21537,21537,0,1,0,1,1,379,903
21538,21538,0,1,0,1,1,379,903
21539,21539,0,1,0,1,1,379,903
21540,21540,0,1,1,1,1,379,904
21541,21541,0,1,0,1,1,379,904
21542,21542,0,1,0,1,1,379,904
21543,21543,0,1,0,1,1,379,904
21544,21544,0,1,1,1,1,379,904
21545,21545,0,1,0,1,0,379,904
21546,21546,0,1,0,1,0,379,904
21547,21547,0,1,0,1,0,379,904
21548,21548,0,1,1,1,0,379,904
21549,21549,0,1,0,1,1,379,904
21550,21550,0,1,0,1,1,379,904
21551,21551,0,1,0,1,1,380,904
21552,21552,0,1,1,1,1,380,904
21553,21553,0,1,0,1,1,380,904
21554,21554,0,1,0,1,1,380,904
21555,21555,0,1,0,1,1,380,904
21556,21556,0,1,1,0,1,380,904
21557,21557,0,1,0,0,0,380,904
21558,21558,0,1,0,0,0,380,904
21559,21559,0,1,0,0,0,380,904
21560,21560,0,1,1,0,0,380,905
21561,21561,0,1,0,0,0,380,905
21562,21562,0,1,0,0,0,380,905
21563,21563,0,1,0,0,0,380,905
21564,21564,0,1,1,0,0,380,905
21565,21565,0,1,0,0,0,380,905
21566,21566,0,1,0,0,0,380,905
21567,21567,0,1,0,0,0,380,905
21568,21568,0,1,1,0,0,380,905
21569,21569,0,1,0,0,1,380,905
21570,21570,0,1,0,0,1,380,905
21571,21571,0,1,0,0,1,380,905
21572,21572,0,1,1,0,1,380,905
21573,21573,0,1,0,0,1,380,905
21574,21574,0,1,0,0,1,380,905
21575,21575,0,1,0,0,1,380,905
21576,21576,0,1,1,1,1,380,905
21577,21577,0,1,0,1,0,380,905
21578,21578,0,1,0,1,0,380,905
21579,21579,0,1,0,1,0,380,905
21580,21580,0,1,1,1,0,380,906
21581,21581,0,1,0,1,1,380,906
21582,21582,0,1,0,1,1,380,906
21583,21583,0,1,0,1,1,380,906
21584,21584,0,1,1,1,1,380,906
21585,21585,0,1,0,1,0,380,906
21586,21586,0,1,0,1,0,380,906
21587,21587,0,1,0,1,0,380,906
21588,21588,0,1,1,1,0,380,906
21589,21589,0,1,0,1,1,380,906
21590,21590,0,1,0,1,1,380,906
21591,21591,0,1,0,1,1,381,906
21592,21592,0,1,1,1,1,381,906
21593,21593,0,1,0,1,0,381,906
21594,21594,0,1,0,1,0,381,906
21595,21595,0,1,0,1,0,381,906
21596,21596,0,1,1,1,0,381,906
21597,21597,0,1,0,1,1,381,906
21598,21598,0,1,0,1,1,381,906
21599,21599,0,1,0,1,1,381,906
21600,21600,0,1,1,1,1,381,907
21601,21601,0,1,0,1,1,381,907
21602,21602,0,1,0,1,1,381,907
21603,21603,0,1,0,1,1,381,907
21604,21604,0,1,1,1,1,381,907
21605,21605,0,1,0,1,0,381,907
21606,21606,0,1,0,1,0,381,907
21607,21607,0,1,0,1,0,381,907
21608,21608,0,1,1,1,0,381,907
21609,21609,0,1,0,1,0,381,907
21610,21610,0,1,0,1,0,381,907
21611,21611,0,1,0,1,0,381,907
21612,21612,0,1,1,1,0,381,907
21613,21613,0,1,0,1,0,381,907
21614,21614,0,1,0,1,0,381,907
21615,21615,0,1,0,1,0,381,907
21616,21616,0,1,1,0,0,381,907
21617,21617,0,1,0,0,1,381,907
21618,21618,0,1,0,0,1,381,907
21619,21619,0,1,0,0,1,381,907
21620,21620,0,1,1,0,1,381,908
21621,21621,0,1,0,0,0,381,908
21622,21622,0,1,0,0,0,381,908
21623,21623,0,1,0,0,0,381,908
21624,21624,0,1,1,0,0,381,908
21625,21625,0,1,0,0,0,381,908
21626,21626,0,1,0,0,0,381,908
21627,21627,0,1,0,0,0,381,908
21628,21628,0,1,1,0,0,381,908
21629,21629,0,1,0,0,1,381,908
21630,21630,0,1,0,0,1,381,908
21631,21631,0,1,0,0,1,381,908
21632,21632,0,1,1,0,1,381,908
21633,21633,0,1,0,0,0,381,908
21634,21634,0,1,0,0,0,381,908
21635,21635,0,1,0,0,0,381,908
21636,21636,0,1,1,0,0,381,908
21637,21637,0,1,0,0,1,381,908
21638,21638,0,1,0,0,1,381,908
21639,21639,0,1,0,0,1,381,908
21640,21640,0,1,1,0,1,381,909
21641,21641,0,1,0,0,1,381,909
21642,21642,0,1,0,0,1,381,909
21643,21643,0,1,0,0,1,381,909
21644,21644,0,1,1,0,1,381,909
21645,21645,0,1,0,0,1,381,909
21646,21646,0,1,0,0,1,381,909
21647,21647,0,1,0,0,1,381,909
21648,21648,0,1,1,0,1,381,909
21649,21649,0,1,0,0,1,381,909
21650,21650,0,1,0,0,1,381,909
21651,21651,0,1,0,0,1,381,909
21652,21652,0,1,1,0,1,381,909
21653,21653,0,1,0,0,1,381,909
21654,21654,0,1,0,0,1,381,909
21655,21655,0,1,0,0,1,381,909
21656,21656,0,1,1,0,1,381,909
21657,21657,0,1,0,0,1,381,909
21658,21658,0,1,0,0,1,381,909
21659,21659,0,1,0,0,1,381,909
21660,21660,0,1,1,0,1,381,910
21661,21661,0,1,0,0,0,381,910
21662,21662,0,1,0,0,0,381,910
21663,21663,0,1,0,0,0,381,910
21664,21664,0,1,1,0,0,381,910
21665,21665,0,1,0,0,0,381,910
21666,21666,0,1,0,0,0,381,910
21667,21667,0,1,0,0,0,381,910
21668,21668,0,1,1,0,0,381,910
21669,21669,0,1,0,0,1,381,910
21670,21670,0,1,0,0,1,381,910
21671,21671,0,1,0,0,1,381,910
21672,21672,0,1,1,0,1,381,910
21673,21673,0,1,0,0,1,381,910
21674,21674,0,1,0,0,1,381,910
21675,21675,0,1,0,0,1,381,910
21676,21676,0,1,1,0,1,381,910
21677,21677,0,1,0,0,1,381,910
21678,21678,0,1,0,0,1,381,910
21679,21679,0,1,0,0,1,381,910
21680,21680,0,1,1,0,1,381,911
21681,21681,0,1,0,0,1,381,911
21682,21682,0,1,0,0,1,381,911
21683,21683,0,1,0,0,1,381,911
21684,21684,0,1,1,0,1,381,911
21685,21685,0,1,0,0,1,381,911
21686,21686,0,1,0,0,1,381,911
21687,21687,0,1,0,0,1,381,911
21688,21688,0,1,1,0,1,381,911
21689,21689,0,1,0,0,1,381,911
21690,21690,0,1,0,0,1,381,911
21691,21691,0,1,0,0,1,381,911
21692,21692,0,1,1,0,1,381,911
21693,21693,0,1,0,0,1,381,911
21694,21694,0,1,0,0,1,381,911
21695,21695,0,1,0,0,1,381,911
21696,21696,0,1,1,0,1,381,911
21697,21697,0,1,0,0,0,381,911
21698,21698,0,1,0,0,0,381,911
21699,21699,0,1,0,0,0,381,911
21700,21700,0,1,1,0,0,381,912
21701,21701,0,1,0,0,1,381,912
21702,21702,0,1,0,0,1,381,912
21703,21703,0,1,0,0,1,381,912
21704,21704,0,1,1,0,1,381,912
21705,21705,0,1,0,0,1,381,912
21706,21706,0,1,0,0,1,381,912
21707,21707,0,1,0,0,1,381,912
21708,21708,0,1,1,0,1,381,912
21709,21709,0,1,0,0,1,381,912
21710,21710,0,1,0,0,1,381,912
21711,21711,0,1,0,0,1,381,912
21712,21712,0,1,1,0,1,381,912
21713,21713,0,1,0,0,1,381,912
21714,21714,0,1,0,0,1,381,912
21715,21715,0,1,0,0,1,381,912
21716,21716,0,1,1,0,1,381,912
21717,21717,0,1,0,0,0,381,912
21718,21718,0,1,0,0,0,381,912
21719,21719,0,1,0,0,0,381,912
21720,21720,0,1,1,0,0,381,913
21721,21721,0,1,0,0,0,381,913
21722,21722,0,1,0,0,0,381,913
21723,21723,0,1,0,0,0,381,913
21724,21724,0,1,1,0,0,381,913
21725,21725,0,1,0,0,1,381,913
21726,21726,0,1,0,0,1,381,913
21727,21727,0,1,0,0,1,381,913
21728,21728,0,1,1,0,1,381,913
21729,21729,0,1,0,0,1,381,913
21730,21730,0,1,0,0,1,381,913
21731,21731,0,1,0,0,1,381,913
21732,21732,0,1,1,0,1,381,913
21733,21733,0,1,0,0,0,381,913
21734,21734,0,1,0,0,0,381,913
21735,21735,0,1,0,0,0,381,913
21736,21736,0,1,1,1,0,381,913
21737,21737,0,1,0,1,1,381,913
21738,21738,0,1,0,1,1,381,913
21739,21739,0,1,0,1,1,381,913
21740,21740,0,1,1,1,1,381,914
21741,21741,0,1,0,1,0,381,914
21742,21742,0,1,0,1,0,381,914
21743,21743,0,1,0,1,0,381,914
21744,21744,0,1,1,1,0,381,914
21745,21745,0,1,0,1,0,381,914
21746,21746,0,1,0,1,0,381,914
21747,21747,0,1,0,1,0,381,914
21748,21748,0,1,1,1,0,381,914
21749,21749,0,1,0,1,1,381,914
21750,21750,0,1,0,1,1,381,914
21751,21751,0,1,0,1,1,382,914
21752,21752,0,1,1,1,1,382,914
21753,21753,0,1,0,1,0,382,914
21754,21754,0,1,0,1,0,382,914
21755,21755,0,1,0,1,0,382,914
21756,21756,0,1,1,0,0,382,914
21757,21757,0,1,0,0,0,382,914
21758,21758,0,1,0,0,0,382,914
21759,21759,0,1,0,0,0,382,914
21760,21760,0,1,1,0,0,382,915
21761,21761,0,1,0,0,0,382,915
21762,21762,0,1,0,0,0,382,915
21763,21763,0,1,0,0,0,382,915
21764,21764,0,1,1,0,0,382,915
21765,21765,0,1,0,0,1,382,915
21766,21766,0,1,0,0,1,382,915
21767,21767,0,1,0,0,1,382,915
21768,21768,0,1,1,0,1,382,915
21769,21769,0,1,0,0,1,382,915
21770,21770,0,1,0,0,1,382,915
21771,21771,0,1,0,0,1,382,915
21772,21772,0,1,1,0,1,382,915
21773,21773,0,1,0,0,1,382,915
21774,21774,0,1,0,0,1,382,915
21775,21775,0,1,0,0,1,382,915
21776,21776,0,1,1,0,1,382,915
21777,21777,0,1,0,0,1,382,915
21778,21778,0,1,0,0,1,382,915
21779,21779,0,1,0,0,1,382,915
21780,21780,0,1,1,0,1,382,916
21781,21781,0,1,0,0,1,382,916
21782,21782,0,1,0,0,1,382,916
21783,21783,0,1,0,0,1,382,916
21784,21784,0,1,1,0,1,382,916
21785,21785,0,1,0,0,0,382,916
21786,21786,0,1,0,0,0,382,916
21787,21787,0,1,0,0,0,382,916
21788,21788,0,1,1,0,0,382,916
21789,21789,0,1,0,0,1,382,916
21790,21790,0,1,0,0,1,382,916
21791,21791,0,1,0,0,1,382,916
21792,21792,0,1,1,0,1,382,916
21793,21793,0,1,0,0,0,382,916
21794,21794,0,1,0,0,0,382,916
21795,21795,0,1,0,0,0,382,916
21796,21796,0,1,1,0,0,382,916
21797,21797,0,1,0,0,0,382,916
21798,21798,0,1,0,0,0,382,916
21799,21799,0,1,0,0,0,382,916
21800,21800,0,1,1,0,0,382,917
21801,21801,0,1,0,0,1,382,917
21802,21802,0,1,0,0,1,382,917
21803,21803,0,1,0,0,1,382,917
21804,21804,0,1,1,0,1,382,917
21805,21805,0,1,0,0,1,382,917
21806,21806,0,1,0,0,1,382,917
21807,21807,0,1,0,0,1,382,917
21808,21808,0,1,1,0,1,382,917
21809,21809,0,1,0,0,1,382,917
21810,21810,0,1,0,0,1,382,917
21811,21811,0,1,0,0,1,382,917
21812,21812,0,1,1,0,1,382,917
21813,21813,0,1,0,0,0,382,917
21814,21814,0,1,0,0,0,382,917
21815,21815,0,1,0,0,0,382,917
21816,21816,0,1,1,0,0,382,917
21817,21817,0,1,0,0,0,382,917
21818,21818,0,1,0,0,0,382,917
21819,21819,0,1,0,0,0,382,917
21820,21820,0,1,1,0,0,382,918
21821,21821,0,1,0,0,1,382,918
21822,21822,0,1,0,0,1,382,918
21823,21823,0,1,0,0,1,382,918
21824,21824,0,1,1,0,1,382,918
21825,21825,0,1,0,0,1,382,918
21826,21826,0,1,0,0,1,382,918
21827,21827,0,1,0,0,1,382,918
21828,21828,0,1,1,0,1,382,918
21829,21829,0,1,0,0,1,382,918
21830,21830,0,1,0,0,1,382,918
21831,21831,0,1,0,0,1,382,918
21832,21832,0,1,1,0,1,382,918
21833,21833,0,1,0,0,0,382,918
21834,21834,0,1,0,0,0,382,918
21835,21835,0,1,0,0,0,382,918
21836,21836,0,1,1,0,0,382,918
21837,21837,0,1,0,0,0,382,918
21838,21838,0,1,0,0,0,382,918
21839,21839,0,1,0,0,0,382,918
21840,21840,0,1,1,0,0,382,919
21841,21841,0,1,0,0,1,382,919
21842,21842,0,1,0,0,1,382,919
21843,21843,0,1,0,0,1,382,919
21844,21844,0,1,1,0,1,382,919
21845,21845,0,1,0,0,1,382,919
21846,21846,0,1,0,0,1,382,919
21847,21847,0,1,0,0,1,382,919
21848,21848,0,1,1,0,1,382,919
21849,21849,0,1,0,0,1,382,919
21850,21850,0,1,0,0,1,382,919
21851,21851,0,1,0,0,1,382,919
21852,21852,0,1,1,0,1,382,919
21853,21853,0,1,0,0,1,382,919
21854,21854,0,1,0,0,1,382,919
21855,21855,0,1,0,0,1,382,919
21856,21856,0,1,1,0,1,382,919
21857,21857,0,1,0,0,1,382,919
21858,21858,0,1,0,0,1,382,919
21859,21859,0,1,0,0,1,382,919
21860,21860,0,1,1,0,1,382,920
21861,21861,0,1,0,0,1,382,920
21862,21862,0,1,0,0,1,382,920
21863,21863,0,1,0,0,1,382,920
21864,21864,0,1,1,0,1,382,920
21865,21865,0,1,0,0,1,382,920
21866,21866,0,1,0,0,1,382,920
21867,21867,0,1,0,0,1,382,920
21868,21868,0,1,1,0,1,382,920
21869,21869,0,1,0,0,1,382,920
21870,21870,0,1,0,0,1,382,920
21871,21871,0,1,0,0,1,382,920
21872,21872,0,1,1,0,1,382,920
21873,21873,0,1,0,0,1,382,920
21874,21874,0,1,0,0,1,382,920
21875,21875,0,1,0,0,1,382,920
21876,21876,0,1,1,1,1,382,920
21877,21877,0,1,0,1,0,382,920
21878,21878,0,1,0,1,0,382,920
21879,21879,0,1,0,1,0,382,920
21880,21880,0,1,1,1,0,382,921
21881,21881,0,1,0,1,0,382,921
21882,21882,0,1,0,1,0,382,921
21883,21883,0,1,0,1,0,382,921
21884,21884,0,1,1,1,0,382,921
21885,21885,0,1,0,1,0,382,921
21886,21886,0,1,0,1,0,382,921
21887,21887,0,1,0,1,0,382,921
21888,21888,0,1,1,1,0,382,921
21889,21889,0,1,0,1,1,382,921
21890,21890,0,1,0,1,1,382,921
21891,21891,0,1,0,1,1,383,921
21892,21892,0,1,1,1,1,383,921
21893,21893,0,1,0,1,0,383,921
21894,21894,0,1,0,1,0,383,921
21895,21895,0,1,0,1,0,383,921
21896,21896,0,1,1,0,0,383,921
21897,21897,0,1,0,0,1,383,921
21898,21898,0,1,0,0,1,383,921
21899,21899,0,1,0,0,1,383,921
21900,21900,0,1,1,0,1,383,922
21901,21901,0,1,0,0,1,383,922
21902,21902,0,1,0,0,1,383,922
21903,21903,0,1,0,0,1,383,922
21904,21904,0,1,1,0,1,383,922
21905,21905,0,1,0,0,0,383,922
21906,21906,0,1,0,0,0,383,922
21907,21907,0,1,0,0,0,383,922
21908,21908,0,1,1,0,0,383,922
21909,21909,0,1,0,0,1,383,922
21910,21910,0,1,0,0,1,383,922
21911,21911,0,1,0,0,1,383,922
21912,21912,0,1,1,0,1,383,922
21913,21913,0,1,0,0,0,383,922
21914,21914,0,1,0,0,0,383,922
21915,21915,0,1,0,0,0,383,922
21916,21916,0,1,1,1,0,383,922
21917,21917,0,1,0,1,1,383,922
21918,21918,0,1,0,1,1,383,922
21919,21919,0,1,0,1,1,383,922
21920,21920,0,1,1,1,1,383,923
21921,21921,0,1,0,1,1,383,923
21922,21922,0,1,0,1,1,383,923
21923,21923,0,1,0,1,1,383,923
21924,21924,0,1,1,1,1,383,923
21925,21925,0,1,0,1,0,383,923
21926,21926,0,1,0,1,0,383,923
21927,21927,0,1,0,1,0,383,923
21928,21928,0,1,1,1,0,383,923
21929,21929,0,1,0,1,1,383,923
21930,21930,0,1,0,1,1,383,923
21931,21931,0,1,0,1,1,384,923
21932,21932,0,1,1,1,1,384,923
21933,21933,0,1,0,1,1,384,923
21934,21934,0,1,0,1,1,384,923
21935,21935,0,1,0,1,1,384,923
21936,21936,0,1,1,0,1,384,923
21937,21937,0,1,0,0,0,384,923
21938,21938,0,1,0,0,0,384,923
21939,21939,0,1,0,0,0,384,923
21940,21940,0,1,1,0,0,384,924
21941,21941,0,1,0,0,0,384,924
21942,21942,0,1,0,0,0,384,924
21943,21943,0,1,0,0,0,384,924
21944,21944,0,1,1,0,0,384,924
21945,21945,0,1,0,0,1,384,924
21946,21946,0,1,0,0,1,384,924
21947,21947,0,1,0,0,1,384,924
21948,21948,0,1,1,0,1,384,924
21949,21949,0,1,0,0,1,384,924
21950,21950,0,1,0,0,1,384,924
21951,21951,0,1,0,0,1,384,924
21952,21952,0,1,1,0,1,384,924
21953,21953,0,1,0,0,0,384,924
21954,21954,0,1,0,0,0,384,924
21955,21955,0,1,0,0,0,384,924
21956,21956,0,1,1,1,0,384,924
21957,21957,0,1,0,1,0,384,924
21958,21958,0,1,0,1,0,384,924
21959,21959,0,1,0,1,0,384,924
21960,21960,0,1,1,1,0,384,925
21961,21961,0,1,0,1,0,384,925
21962,21962,0,1,0,1,0,384,925
21963,21963,0,1,0,1,0,384,925
21964,21964,0,1,1,1,0,384,925
21965,21965,0,1,0,1,1,384,925
21966,21966,0,1,0,1,1,384,925
21967,21967,0,1,0,1,1,384,925
21968,21968,0,1,1,1,1,384,925
21969,21969,0,1,0,1,1,384,925
21970,21970,0,1,0,1,1,384,925
21971,21971,0,1,0,1,1,385,925
21972,21972,0,1,1,1,1,385,925
21973,21973,0,1,0,1,1,385,925
21974,21974,0,1,0,1,1,385,925
21975,21975,0,1,0,1,1,385,925
21976,21976,0,1,1,1,1,385,925
21977,21977,0,1,0,1,1,385,925
21978,21978,0,1,0,1,1,385,925
21979,21979,0,1,0,1,1,385,925
21980,21980,0,1,1,1,1,385,926
21981,21981,0,1,0,1,1,385,926
21982,21982,0,1,0,1,1,385,926
21983,21983,0,1,0,1,1,385,926
21984,21984,0,1,1,1,1,385,926
21985,21985,0,1,0,1,0,385,926
21986,21986,0,1,0,1,0,385,926
21987,21987,0,1,0,1,0,385,926
21988,21988,0,1,1,1,0,385,926
21989,21989,0,1,0,1,0,385,926
21990,21990,0,1,0,1,0,385,926
21991,21991,0,1,0,1,0,385,926
21992,21992,0,1,1,1,0,385,926
21993,21993,0,1,0,1,1,385,926
21994,21994,0,1,0,1,1,385,926
21995,21995,0,1,0,1,1,385,926
21996,21996,0,1,1,0,1,385,926
21997,21997,0,1,0,0,0,385,926
21998,21998,0,1,0,0,0,385,926
21999,21999,0,1,0,0,0,385,926
22000,22000,0,1,1,0,0,385,927
22001,22001,0,1,0,0,1,385,927
22002,22002,0,1,0,0,1,385,927
22003,22003,0,1,0,0,1,385,927
22004,22004,0,1,1,0,1,385,927
22005,22005,0,1,0,0,1,385,927
22006,22006,0,1,0,0,1,385,927
22007,22007,0,1,0,0,1,385,927
22008,22008,0,1,1,0,1,385,927
22009,22009,0,1,0,0,0,385,927
22010,22010,0,1,0,0,0,385,927
22011,22011,0,1,0,0,0,386,927
22012,22012,0,1,1,0,0,386,927
22013,22013,0,1,0,0,1,386,927
22014,22014,0,1,0,0,1,386,927
22015,22015,0,1,0,0,1,386,927
22016,22016,0,1,1,0,1,386,927
22017,22017,0,1,0,0,1,386,927
22018,22018,0,1,0,0,1,386,927
22019,22019,0,1,0,0,1,386,927
22020,22020,0,1,1,0,1,386,928
22021,22021,0,1,0,0,1,386,928
22022,22022,0,1,0,0,1,386,928
22023,22023,0,1,0,0,1,386,928
22024,22024,0,1,1,0,1,386,928
22025,22025,0,1,0,0,1,386,928
22026,22026,0,1,0,0,1,386,928
22027,22027,0,1,0,0,1,386,928
22028,22028,0,1,1,0,1,386,928
22029,22029,0,1,0,0,1,386,928
22030,22030,0,1,0,0,1,386,928
22031,22031,0,1,0,0,1,386,928
22032,22032,0,1,1,0,1,386,928
22033,22033,0,1,0,0,1,386,928
22034,22034,0,1,0,0,1,386,928
22035,22035,0,1,0,0,1,386,928
22036,22036,0,1,1,0,1,386,928
22037,22037,0,1,0,0,1,386,928
22038,22038,0,1,0,0,1,386,928
22039,22039,0,1,0,0,1,386,928
22040,22040,0,1,1,0,1,386,929
22041,22041,0,1,0,0,0,386,929
22042,22042,0,1,0,0,0,386,929
22043,22043,0,1,0,0,0,386,929
22044,22044,0,1,1,0,0,386,929
22045,22045,0,1,0,0,1,386,929
22046,22046,0,1,0,0,1,386,929
22047,22047,0,1,0,0,1,386,929
22048,22048,0,1,1,0,1,386,929
22049,22049,0,1,0,0,0,386,929
22050,22050,0,1,0,0,0,386,929
22051,22051,0,1,0,0,0,387,929
22052,22052,0,1,1,0,0,387,929
22053,22053,0,1,0,0,1,387,929
22054,22054,0,1,0,0,1,387,929
22055,22055,0,1,0,0,1,387,929
22056,22056,0,1,1,0,1,387,929
22057,22057,0,1,0,0,1,387,929
22058,22058,0,1,0,0,1,387,929
22059,22059,0,1,0,0,1,387,929
22060,22060,0,1,1,0,1,387,930
22061,22061,0,1,0,0,1,387,930
22062,22062,0,1,0,0,1,387,930
22063,22063,0,1,0,0,1,387,930
22064,22064,0,1,1,0,1,387,930
22065,22065,0,1,0,0,1,387,930
22066,22066,0,1,0,0,1,387,930
22067,22067,0,1,0,0,1,387,930
22068,22068,0,1,1,0,1,387,930
22069,22069,0,1,0,0,0,387,930
22070,22070,0,1,0,0,0,387,930
22071,22071,0,1,0,0,0,388,930
22072,22072,0,1,1,0,0,388,930
22073,22073,0,1,0,0,0,388,930
22074,22074,0,1,0,0,0,388,930
22075,22075,0,1,0,0,0,388,930
22076,22076,0,1,1,0,0,388,930
22077,22077,0,1,0,0,0,388,930
22078,22078,0,1,0,0,0,388,930
22079,22079,0,1,0,0,0,388,930
22080,22080,0,1,1,0,0,388,931
22081,22081,0,1,0,0,1,388,931
22082,22082,0,1,0,0,1,388,931
22083,22083,0,1,0,0,1,388,931
22084,22084,0,1,1,0,1,388,931
22085,22085,0,1,0,0,0,388,931
22086,22086,0,1,0,0,0,388,931
22087,22087,0,1,0,0,0,388,931
22088,22088,0,1,1,0,0,388,931
22089,22089,0,1,0,0,0,388,931
22090,22090,0,1,0,0,0,388,931
22091,22091,0,1,0,0,0,389,931
22092,22092,0,1,1,0,0,389,931
22093,22093,0,1,0,0,0,389,931
22094,22094,0,1,0,0,0,389,931
22095,22095,0,1,0,0,0,389,931
22096,22096,0,1,1,0,0,389,931
22097,22097,0,1,0,0,0,389,931
22098,22098,0,1,0,0,0,389,931
22099,22099,0,1,0,0,0,389,931
22100,22100,0,1,1,0,0,389,932
22101,22101,0,1,0,0,0,389,932
22102,22102,0,1,0,0,0,389,932
22103,22103,0,1,0,0,0,389,932
22104,22104,0,1,1,0,0,389,932
22105,22105,0,1,0,0,1,389,932
22106,22106,0,1,0,0,1,389,932
22107,22107,0,1,0,0,1,389,932
22108,22108,0,1,1,0,1,389,932
22109,22109,0,1,0,0,0,389,932
22110,22110,0,1,0,0,0,389,932
22111,22111,0,1,0,0,0,390,932
22112,22112,0,1,1,0,0,390,932
22113,22113,0,1,0,0,1,390,932
22114,22114,0,1,0,0,1,390,932
22115,22115,0,1,0,0,1,390,932
22116,22116,0,1,1,1,1,390,932
22117,22117,0,1,0,1,1,390,932
22118,22118,0,1,0,1,1,390,932
22119,22119,0,1,0,1,1,390,932
22120,22120,0,1,1,1,1,390,933
22121,22121,0,1,0,1,1,390,933
22122,22122,0,1,0,1,1,390,933
22123,22123,0,1,0,1,1,390,933
22124,22124,0,1,1,1,1,390,933
22125,22125,0,1,0,1,0,390,933
22126,22126,0,1,0,1,0,390,933
22127,22127,0,1,0,1,0,390,933
22128,22128,0,1,1,1,0,390,933
22129,22129,0,1,0,1,0,390,933
22130,22130,0,1,0,1,0,390,933
22131,22131,0,1,0,1,0,390,933
22132,22132,0,1,1,1,0,390,933
22133,22133,0,1,0,1,0,390,933
22134,22134,0,1,0,1,0,390,933
22135,22135,0,1,0,1,0,390,933
22136,22136,0,1,1,1,0,390,933
22137,22137,0,1,0,1,1,390,933
22138,22138,0,1,0,1,1,390,933
22139,22139,0,1,0,1,1,390,933
22140,22140,0,1,1,1,1,390,934
22141,22141,0,1,0,1,0,390,934
22142,22142,0,1,0,1,0,390,934
22143,22143,0,1,0,1,0,390,934
22144,22144,0,1,1,1,0,390,934
22145,22145,0,1,0,1,0,390,934
22146,22146,0,1,0,1,0,390,934
22147,22147,0,1,0,1,0,390,934
22148,22148,0,1,1,1,0,390,934
22149,22149,0,1,0,1,1,390,934
22150,22150,0,1,0,1,1,390,934
22151,22151,0,1,0,1,1,391,934
22152,22152,0,1,1,1,1,391,934
22153,22153,0,1,0,1,0,391,934
22154,22154,0,1,0,1,0,391,934
22155,22155,0,1,0,1,0,391,934
22156,22156,0,1,1,1,0,391,934
22157,22157,0,1,0,1,1,391,934
22158,22158,0,1,0,1,1,391,934
22159,22159,0,1,0,1,1,391,934
22160,22160,0,1,1,1,1,391,935
22161,22161,0,1,0,1,1,391,935
22162,22162,0,1,0,1,1,391,935
22163,22163,0,1,0,1,1,391,935
22164,22164,0,1,1,1,1,391,935
22165,22165,0,1,0,1,1,391,935
22166,22166,0,1,0,1,1,391,935
22167,22167,0,1,0,1,1,391,935
22168,22168,0,1,1,1,1,391,935
22169,22169,0,1,0,1,0,391,935
22170,22170,0,1,0,1,0,391,935
22171,22171,0,1,0,1,0,391,935
22172,22172,0,1,1,1,0,391,935
22173,22173,0,1,0,1,1,391,935
22174,22174,0,1,0,1,1,391,935
22175,22175,0,1,0,1,1,391,935
22176,22176,0,1,1,0,1,391,935
22177,22177,0,1,0,0,0,391,935
22178,22178,0,1,0,0,0,391,935
22179,22179,0,1,0,0,0,391,935
22180,22180,0,1,1,0,0,391,936
22181,22181,0,1,0,0,0,391,936
22182,22182,0,1,0,0,0,391,936
22183,22183,0,1,0,0,0,391,936
22184,22184,0,1,1,0,0,391,936
22185,22185,0,1,0,0,0,391,936
22186,22186,0,1,0,0,0,391,936
22187,22187,0,1,0,0,0,391,936
22188,22188,0,1,1,0,0,391,936
22189,22189,0,1,0,0,0,391,936
22190,22190,0,1,0,0,0,391,936
22191,22191,0,1,0,0,0,392,936
22192,22192,0,1,1,0,0,392,936
22193,22193,0,1,0,0,1,392,936
22194,22194,0,1,0,0,1,392,936
22195,22195,0,1,0,0,1,392,936
22196,22196,0,1,1,1,1,392,936
22197,22197,0,1,0,1,1,392,936
22198,22198,0,1,0,1,1,392,936
22199,22199,0,1,0,1,1,392,936
22200,22200,0,1,1,1,1,392,937
22201,22201,0,1,0,1,1,392,937
22202,22202,0,1,0,1,1,392,937
22203,22203,0,1,0,1,1,392,937
22204,22204,0,1,1,1,1,392,937
22205,22205,0,1,0,1,0,392,937
22206,22206,0,1,0,1,0,392,937
22207,22207,0,1,0,1,0,392,937
22208,22208,0,1,1,1,0,392,937
22209,22209,0,1,0,1,0,392,937
22210,22210,0,1,0,1,0,392,937
22211,22211,0,1,0,1,0,392,937
22212,22212,0,1,1,1,0,392,937
22213,22213,0,1,0,1,0,392,937
22214,22214,0,1,0,1,0,392,937
22215,22215,0,1,0,1,0,392,937
22216,22216,0,1,1,0,0,392,937
22217,22217,0,1,0,0,1,392,937
22218,22218,0,1,0,0,1,392,937
22219,22219,0,1,0,0,1,392,937
22220,22220,0,1,1,0,1,392,938
22221,22221,0,1,0,0,1,392,938
22222,22222,0,1,0,0,1,392,938
22223,22223,0,1,0,0,1,392,938
22224,22224,0,1,1,0,1,392,938
22225,22225,0,1,0,0,1,392,938
22226,22226,0,1,0,0,1,392,938
22227,22227,0,1,0,0,1,392,938
22228,22228,0,1,1,0,1,392,938
22229,22229,0,1,0,0,0,392,938
22230,22230,0,1,0,0,0,392,938
22231,22231,0,1,0,0,0,393,938
22232,22232,0,1,1,0,0,393,938
22233,22233,0,1,0,0,1,393,938
22234,22234,0,1,0,0,1,393,938
22235,22235,0,1,0,0,1,393,938
22236,22236,0,1,1,1,1,393,938
22237,22237,0,1,0,1,0,393,938
22238,22238,0,1,0,1,0,393,938
22239,22239,0,1,0,1,0,393,938
22240,22240,0,1,1,1,0,393,939
22241,22241,0,1,0,1,0,393,939
22242,22242,0,1,0,1,0,393,939
22243,22243,0,1,0,1,0,393,939
22244,22244,0,1,1,1,0,393,939
22245,22245,0,1,0,1,1,393,939
22246,22246,0,1,0,1,1,393,939
22247,22247,0,1,0,1,1,393,939
22248,22248,0,1,1,1,1,393,939
22249,22249,0,1,0,1,1,393,939
22250,22250,0,1,0,1,1,393,939
22251,22251,0,1,0,1,1,394,939
22252,22252,0,1,1,1,1,394,939
22253,22253,0,1,0,1,1,394,939
22254,22254,0,1,0,1,1,394,939
22255,22255,0,1,0,1,1,394,939
22256,22256,0,1,1,1,1,394,939
22257,22257,0,1,0,1,1,394,939
22258,22258,0,1,0,1,1,394,939
22259,22259,0,1,0,1,1,394,939
22260,22260,0,1,1,1,1,394,940
22261,22261,0,1,0,1,1,394,940
22262,22262,0,1,0,1,1,394,940
22263,22263,0,1,0,1,1,394,940
22264,22264,0,1,1,1,1,394,940
22265,22265,0,1,0,1,0,394,940
22266,22266,0,1,0,1,0,394,940
22267,22267,0,1,0,1,0,394,940
22268,22268,0,1,1,1,0,394,940
22269,22269,0,1,0,1,0,394,940
22270,22270,0,1,0,1,0,394,940
22271,22271,0,1,0,1,0,394,940
22272,22272,0,1,1,1,0,394,940
22273,22273,0,1,0,1,0,394,940
22274,22274,0,1,0,1,0,394,940
22275,22275,0,1,0,1,0,394,940
22276,22276,0,1,1,1,0,394,940
22277,22277,0,1,0,1,0,394,940
22278,22278,0,1,0,1,0,394,940
22279,22279,0,1,0,1,0,394,940
22280,22280,0,1,1,1,0,394,941
22281,22281,0,1,0,1,1,394,941
22282,22282,0,1,0,1,1,394,941
22283,22283,0,1,0,1,1,394,941
22284,22284,0,1,1,1,1,394,941
22285,22285,0,1,0,1,1,394,941
22286,22286,0,1,0,1,1,394,941
22287,22287,0,1,0,1,1,394,941
22288,22288,0,1,1,1,1,394,941
22289,22289,0,1,0,1,1,394,941
22290,22290,0,1,0,1,1,394,941
22291,22291,0,1,0,1,1,395,941
22292,22292,0,1,1,1,1,395,941
22293,22293,0,1,0,1,0,395,941
22294,22294,0,1,0,1,0,395,941
22295,22295,0,1,0,1,0,395,941
22296,22296,0,1,1,1,0,395,941
22297,22297,0,1,0,1,0,395,941
22298,22298,0,1,0,1,0,395,941
22299,22299,0,1,0,1,0,395,941
22300,22300,0,1,1,1,0,395,942
22301,22301,0,1,0,1,0,395,942
22302,22302,0,1,0,1,0,395,942
22303,22303,0,1,0,1,0,395,942
22304,22304,0,1,1,1,0,395,942
22305,22305,0,1,0,1,0,395,942
22306,22306,0,1,0,1,0,395,942
22307,22307,0,1,0,1,0,395,942
22308,22308,0,1,1,1,0,395,942
22309,22309,0,1,0,1,0,395,942
22310,22310,0,1,0,1,0,395,942
22311,22311,0,1,0,1,0,395,942
22312,22312,0,1,1,1,0,395,942
22313,22313,0,1,0,1,0,395,942
22314,22314,0,1,0,1,0,395,942
22315,22315,0,1,0,1,0,395,942
22316,22316,0,1,1,1,0,395,942
22317,22317,0,1,0,1,0,395,942
22318,22318,0,1,0,1,0,395,942
22319,22319,0,1,0,1,0,395,942
22320,22320,0,1,1,1,0,395,943
22321,22321,0,1,0,1,0,395,943
22322,22322,0,1,0,1,0,395,943
22323,22323,0,1,0,1,0,395,943
22324,22324,0,1,1,1,0,395,943
22325,22325,0,1,0,1,1,395,943
22326,22326,0,1,0,1,1,395,943
22327,22327,0,1,0,1,1,395,943
22328,22328,0,1,1,1,1,395,943
22329,22329,0,1,0,1,1,395,943
22330,22330,0,1,0,1,1,395,943
22331,22331,0,1,0,1,1,396,943
22332,22332,0,1,1,1,1,396,943
22333,22333,0,1,0,1,1,396,943
22334,22334,0,1,0,1,1,396,943
22335,22335,0,1,0,1,1,396,943
22336,22336,0,1,1,1,1,396,943
22337,22337,0,1,0,1,0,396,943
22338,22338,0,1,0,1,0,396,943
22339,22339,0,1,0,1,0,396,943
22340,22340,0,1,1,1,0,396,944
22341,22341,0,1,0,1,1,396,944
22342,22342,0,1,0,1,1,396,944
22343,22343,0,1,0,1,1,396,944
22344,22344,0,1,1,1,1,396,944
22345,22345,0,1,0,1,0,396,944
22346,22346,0,1,0,1,0,396,944
22347,22347,0,1,0,1,0,396,944
22348,22348,0,1,1,1,0,396,944
22349,22349,0,1,0,1,0,396,944
22350,22350,0,1,0,1,0,396,944
22351,22351,0,1,0,1,0,396,944
22352,22352,0,1,1,1,0,396,944
22353,22353,0,1,0,1,0,396,944
22354,22354,0,1,0,1,0,396,944
22355,22355,0,1,0,1,0,396,944
22356,22356,0,1,1,0,0,396,944
22357,22357,0,1,0,0,0,396,944
22358,22358,0,1,0,0,0,396,944
22359,22359,0,1,0,0,0,396,944
22360,22360,0,1,1,0,0,396,945
22361,22361,0,1,0,0,1,396,945
22362,22362,0,1,0,0,1,396,945
22363,22363,0,1,0,0,1,396,945
22364,22364,0,1,1,0,1,396,945
22365,22365,0,1,0,0,0,396,945
22366,22366,0,1,0,0,0,396,945
22367,22367,0,1,0,0,0,396,945
22368,22368,0,1,1,0,0,396,945
22369,22369,0,1,0,0,1,396,945
22370,22370,0,1,0,0,1,396,945
22371,22371,0,1,0,0,1,396,945
22372,22372,0,1,1,0,1,396,945
22373,22373,0,1,0,0,0,396,945
22374,22374,0,1,0,0,0,396,945
22375,22375,0,1,0,0,0,396,945
22376,22376,0,1,1,1,0,396,945
22377,22377,0,1,0,1,0,396,945
22378,22378,0,1,0,1,0,396,945
22379,22379,0,1,0,1,0,396,945
22380,22380,0,1,1,1,0,396,946
22381,22381,0,1,0,1,0,396,946
22382,22382,0,1,0,1,0,396,946
22383,22383,0,1,0,1,0,396,946
22384,22384,0,1,1,1,0,396,946
22385,22385,0,1,0,1,0,396,946
22386,22386,0,1,0,1,0,396,946
22387,22387,0,1,0,1,0,396,946
22388,22388,0,1,1,1,0,396,946
22389,22389,0,1,0,1,1,396,946
22390,22390,0,1,0,1,1,396,946
22391,22391,0,1,0,1,1,397,946
22392,22392,0,1,1,1,1,397,946
22393,22393,0,1,0,1,0,397,946
22394,22394,0,1,0,1,0,397,946
22395,22395,0,1,0,1,0,397,946
22396,22396,0,1,1,1,0,397,946
22397,22397,0,1,0,1,1,397,946
22398,22398,0,1,0,1,1,397,946
22399,22399,0,1,0,1,1,397,946
22400,22400,0,1,1,1,1,397,947
22401,22401,0,1,0,1,1,397,947
22402,22402,0,1,0,1,1,397,947
22403,22403,0,1,0,1,1,397,947
22404,22404,0,1,1,1,1,397,947
22405,22405,0,1,0,1,0,397,947
22406,22406,0,1,0,1,0,397,947
22407,22407,0,1,0,1,0,397,947
22408,22408,0,1,1,1,0,397,947
22409,22409,0,1,0,1,1,397,947
22410,22410,0,1,0,1,1,397,947
22411,22411,0,1,0,1,1,398,947
22412,22412,0,1,1,1,1,398,947
22413,22413,0,1,0,1,0,398,947
22414,22414,0,1,0,1,0,398,947
22415,22415,0,1,0,1,0,398,947
22416,22416,0,1,1,1,0,398,947
22417,22417,0,1,0,1,0,398,947
22418,22418,0,1,0,1,0,398,947
22419,22419,0,1,0,1,0,398,947
22420,22420,0,1,1,1,0,398,948
22421,22421,0,1,0,1,1,398,948
22422,22422,0,1,0,1,1,398,948
22423,22423,0,1,0,1,1,398,948
22424,22424,0,1,1,1,1,398,948
22425,22425,0,1,0,1,1,398,948
22426,22426,0,1,0,1,1,398,948
22427,22427,0,1,0,1,1,398,948
22428,22428,0,1,1,1,1,398,948
22429,22429,0,1,0,1,0,398,948
22430,22430,0,1,0,1,0,398,948
22431,22431,0,1,0,1,0,398,948
22432,22432,0,1,1,1,0,398,948
22433,22433,0,1,0,1,1,398,948
22434,22434,0,1,0,1,1,398,948
22435,22435,0,1,0,1,1,398,948
22436,22436,0,1,1,1,1,398,948
22437,22437,0,1,0,1,1,398,948
22438,22438,0,1,0,1,1,398,948
22439,22439,0,1,0,1,1,398,948
22440,22440,0,1,1,1,1,398,949
22441,22441,0,1,0,1,0,398,949
22442,22442,0,1,0,1,0,398,949
22443,22443,0,1,0,1,0,398,949
22444,22444,0,1,1,1,0,398,949
22445,22445,0,1,0,1,0,398,949
22446,22446,0,1,0,1,0,398,949
22447,22447,0,1,0,1,0,398,949
22448,22448,0,1,1,1,0,398,949
22449,22449,0,1,0,1,1,398,949
22450,22450,0,1,0,1,1,398,949
22451,22451,0,1,0,1,1,399,949
22452,22452,0,1,1,1,1,399,949
22453,22453,0,1,0,1,0,399,949
22454,22454,0,1,0,1,0,399,949
22455,22455,0,1,0,1,0,399,949
22456,22456,0,1,1,0,0,399,949
22457,22457,0,1,0,0,0,399,949
22458,22458,0,1,0,0,0,399,949
22459,22459,0,1,0,0,0,399,949
22460,22460,0,1,1,0,0,399,950
22461,22461,0,1,0,0,1,399,950
22462,22462,0,1,0,0,1,399,950
22463,22463,0,1,0,0,1,399,950
22464,22464,0,1,1,0,1,399,950
22465,22465,0,1,0,0,1,399,950
22466,22466,0,1,0,0,1,399,950
22467,22467,0,1,0,0,1,399,950
22468,22468,0,1,1,0,1,399,950
22469,22469,0,1,0,0,1,399,950
22470,22470,0,1,0,0,1,399,950
22471,22471,0,1,0,0,1,399,950
22472,22472,0,1,1,0,1,399,950
22473,22473,0,1,0,0,0,399,950
22474,22474,0,1,0,0,0,399,950
22475,22475,0,1,0,0,0,399,950
22476,22476,0,1,1,1,0,399,950
22477,22477,0,1,0,1,1,399,950
22478,22478,0,1,0,1,1,399,950
22479,22479,0,1,0,1,1,399,950
22480,22480,0,1,1,1,1,399,951
22481,22481,0,1,0,1,1,399,951
22482,22482,0,1,0,1,1,399,951
22483,22483,0,1,0,1,1,399,951
22484,22484,0,1,1,1,1,399,951
22485,22485,0,1,0,1,0,399,951
22486,22486,0,1,0,1,0,399,951
22487,22487,0,1,0,1,0,399,951
22488,22488,0,1,1,1,0,399,951
22489,22489,0,1,0,1,1,399,951
22490,22490,0,1,0,1,1,399,951
22491,22491,0,1,0,1,1,400,951
22492,22492,0,1,1,1,1,400,951
22493,22493,0,1,0,1,0,400,951
22494,22494,0,1,0,1,0,400,951
22495,22495,0,1,0,1,0,400,951
22496,22496,0,1,1,0,0,400,951
22497,22497,0,1,0,0,1,400,951
22498,22498,0,1,0,0,1,400,951
22499,22499,0,1,0,0,1,400,951
22500,22500,0,1,1,0,1,400,952
22501,22501,0,1,0,0,1,400,952
22502,22502,0,1,0,0,1,400,952
22503,22503,0,1,0,0,1,400,952
22504,22504,0,1,1,0,1,400,952
22505,22505,0,1,0,0,0,400,952
22506,22506,0,1,0,0,0,400,952
22507,22507,0,1,0,0,0,400,952
22508,22508,0,1,1,0,0,400,952
22509,22509,0,1,0,0,1,400,952
22510,22510,0,1,0,0,1,400,952
22511,22511,0,1,0,0,1,400,952
22512,22512,0,1,1,0,1,400,952
22513,22513,0,1,0,0,1,400,952
22514,22514,0,1,0,0,1,400,952
22515,22515,0,1,0,0,1,400,952
22516,22516,0,1,1,0,1,400,952
22517,22517,0,1,0,0,1,400,952
22518,22518,0,1,0,0,1,400,952
22519,22519,0,1,0,0,1,400,952
22520,22520,0,1,1,0,1,400,953
22521,22521,0,1,0,0,1,400,953
22522,22522,0,1,0,0,1,400,953
22523,22523,0,1,0,0,1,400,953
22524,22524,0,1,1,0,1,400,953
22525,22525,0,1,0,0,0,400,953
22526,22526,0,1,0,0,0,400,953
22527,22527,0,1,0,0,0,400,953
22528,22528,0,1,1,0,0,400,953
22529,22529,0,1,0,0,1,400,953
22530,22530,0,1,0,0,1,400,953
22531,22531,0,1,0,0,1,400,953
22532,22532,0,1,1,0,1,400,953
22533,22533,0,1,0,0,0,400,953
22534,22534,0,1,0,0,0,400,953
22535,22535,0,1,0,0,0,400,953
22536,22536,0,1,1,1,0,400,953
22537,22537,0,1,0,1,0,400,953
22538,22538,0,1,0,1,0,400,953
22539,22539,0,1,0,1,0,400,953
22540,22540,0,1,1,1,0,400,954
22541,22541,0,1,0,1,0,400,954
22542,22542,0,1,0,1,0,400,954
22543,22543,0,1,0,1,0,400,954
22544,22544,0,1,1,1,0,400,954
22545,22545,0,1,0,1,1,400,954
22546,22546,0,1,0,1,1,400,954
22547,22547,0,1,0,1,1,400,954
22548,22548,0,1,1,1,1,400,954
22549,22549,0,1,0,1,1,400,954
22550,22550,0,1,0,1,1,400,954
22551,22551,0,1,0,1,1,401,954
22552,22552,0,1,1,1,1,401,954
22553,22553,0,1,0,1,1,401,954
22554,22554,0,1,0,1,1,401,954
22555,22555,0,1,0,1,1,401,954
22556,22556,0,1,1,1,1,401,954
22557,22557,0,1,0,1,1,401,954
22558,22558,0,1,0,1,1,401,954
22559,22559,0,1,0,1,1,401,954
22560,22560,0,1,1,1,1,401,955
22561,22561,0,1,0,1,1,401,955
22562,22562,0,1,0,1,1,401,955
22563,22563,0,1,0,1,1,401,955
22564,22564,0,1,1,1,1,401,955
22565,22565,0,1,0,1,0,401,955
22566,22566,0,1,0,1,0,401,955
22567,22567,0,1,0,1,0,401,955
22568,22568,0,1,1,1,0,401,955
22569,22569,0,1,0,1,1,401,955
22570,22570,0,1,0,1,1,401,955
22571,22571,0,1,0,1,1,402,955
22572,22572,0,1,1,1,1,402,955
22573,22573,0,1,0,1,0,402,955
22574,22574,0,1,0,1,0,402,955
22575,22575,0,1,0,1,0,402,955
22576,22576,0,1,1,0,0,402,955
22577,22577,0,1,0,0,0,402,955
22578,22578,0,1,0,0,0,402,955
22579,22579,0,1,0,0,0,402,955
22580,22580,0,1,1,0,0,402,956
22581,22581,0,1,0,0,0,402,956
22582,22582,0,1,0,0,0,402,956
22583,22583,0,1,0,0,0,402,956
22584,22584,0,1,1,0,0,402,956
22585,22585,0,1,0,0,0,402,956
22586,22586,0,1,0,0,0,402,956
22587,22587,0,1,0,0,0,402,956
22588,22588,0,1,1,0,0,402,956
22589,22589,0,1,0,0,1,402,956
22590,22590,0,1,0,0,1,402,956
22591,22591,0,1,0,0,1,402,956
22592,22592,0,1,1,0,1,402,956
22593,22593,0,1,0,0,0,402,956
22594,22594,0,1,0,0,0,402,956
22595,22595,0,1,0,0,0,402,956
22596,22596,0,1,1,1,0,402,956
22597,22597,0,1,0,1,1,402,956
22598,22598,0,1,0,1,1,402,956
22599,22599,0,1,0,1,1,402,956
22600,22600,0,1,1,1,1,402,957
22601,22601,0,1,0,1,1,402,957
22602,22602,0,1,0,1,1,402,957
22603,22603,0,1,0,1,1,402,957
22604,22604,0,1,1,1,1,402,957
22605,22605,0,1,0,1,1,402,957
22606,22606,0,1,0,1,1,402,957
22607,22607,0,1,0,1,1,402,957
22608,22608,0,1,1,1,1,402,957
22609,22609,0,1,0,1,1,402,957
22610,22610,0,1,0,1,1,402,957
22611,22611,0,1,0,1,1,403,957
22612,22612,0,1,1,1,1,403,957
22613,22613,0,1,0,1,0,403,957
22614,22614,0,1,0,1,0,403,957
22615,22615,0,1,0,1,0,403,957
22616,22616,0,1,1,0,0,403,957
22617,22617,0,1,0,0,0,403,957
22618,22618,0,1,0,0,0,403,957
22619,22619,0,1,0,0,0,403,957
22620,22620,0,1,1,0,0,403,958
22621,22621,0,1,0,0,1,403,958
22622,22622,0,1,0,0,1,403,958
22623,22623,0,1,0,0,1,403,958
22624,22624,0,1,1,0,1,403,958
22625,22625,0,1,0,0,1,403,958
22626,22626,0,1,0,0,1,403,958
22627,22627,0,1,0,0,1,403,958
22628,22628,0,1,1,0,1,403,958
22629,22629,0,1,0,0,1,403,958
22630,22630,0,1,0,0,1,403,958
22631,22631,0,1,0,0,1,403,958
22632,22632,0,1,1,0,1,403,958
22633,22633,0,1,0,0,1,403,958
22634,22634,0,1,0,0,1,403,958
22635,22635,0,1,0,0,1,403,958
22636,22636,0,1,1,1,1,403,958
22637,22637,0,1,0,1,1,403,958
22638,22638,0,1,0,1,1,403,958
22639,22639,0,1,0,1,1,403,958
22640,22640,0,1,1,1,1,403,959
22641,22641,0,1,0,1,1,403,959
22642,22642,0,1,0,1,1,403,959
22643,22643,0,1,0,1,1,403,959
22644,22644,0,1,1,1,1,403,959
22645,22645,0,1,0,1,1,403,959
22646,22646,0,1,0,1,1,403,959
22647,22647,0,1,0,1,1,403,959
22648,22648,0,1,1,1,1,403,959
22649,22649,0,1,0,1,1,403,959
22650,22650,0,1,0,1,1,403,959
22651,22651,0,1,0,1,1,404,959
22652,22652,0,1,1,1,1,404,959
22653,22653,0,1,0,1,1,404,959
22654,22654,0,1,0,1,1,404,959
22655,22655,0,1,0,1,1,404,959
22656,22656,0,1,1,1,1,404,959
22657,22657,0,1,0,1,1,404,959
22658,22658,0,1,0,1,1,404,959
22659,22659,0,1,0,1,1,404,959
22660,22660,0,1,1,1,1,404,960
22661,22661,0,1,0,1,0,404,960
22662,22662,0,1,0,1,0,404,960
22663,22663,0,1,0,1,0,404,960
22664,22664,0,1,1,1,0,404,960
22665,22665,0,1,0,1,0,404,960
22666,22666,0,1,0,1,0,404,960
22667,22667,0,1,0,1,0,404,960
22668,22668,0,1,1,1,0,404,960
22669,22669,0,1,0,1,0,404,960
22670,22670,0,1,0,1,0,404,960
22671,22671,0,1,0,1,0,404,960
22672,22672,0,1,1,1,0,404,960
22673,22673,0,1,0,1,0,404,960
22674,22674,0,1,0,1,0,404,960
22675,22675,0,1,0,1,0,404,960
22676,22676,0,1,1,0,0,404,960
22677,22677,0,1,0,0,1,404,960
22678,22678,0,1,0,0,1,404,960
22679,22679,0,1,0,0,1,404,960
22680,22680,0,1,1,0,1,404,961
22681,22681,0,1,0,0,1,404,961
22682,22682,0,1,0,0,1,404,961
22683,22683,0,1,0,0,1,404,961
22684,22684,0,1,1,0,1,404,961
22685,22685,0,1,0,0,1,404,961
22686,22686,0,1,0,0,1,404,961
22687,22687,0,1,0,0,1,404,961
22688,22688,0,1,1,0,1,404,961
22689,22689,0,1,0,0,0,404,961
22690,22690,0,1,0,0,0,404,961
22691,22691,0,1,0,0,0,405,961
22692,22692,0,1,1,0,0,405,961
22693,22693,0,1,0,0,0,405,961
22694,22694,0,1,0,0,0,405,961
22695,22695,0,1,0,0,0,405,961
22696,22696,0,1,1,1,0,405,961
22697,22697,0,1,0,1,1,405,961
22698,22698,0,1,0,1,1,405,961
22699,22699,0,1,0,1,1,405,961
22700,22700,0,1,1,1,1,405,962
22701,22701,0,1,0,1,1,405,962
22702,22702,0,1,0,1,1,405,962
22703,22703,0,1,0,1,1,405,962
22704,22704,0,1,1,1,1,405,962
22705,22705,0,1,0,1,1,405,962
22706,22706,0,1,0,1,1,405,962
22707,22707,0,1,0,1,1,405,962
22708,22708,0,1,1,1,1,405,962
22709,22709,0,1,0,1,0,405,962
22710,22710,0,1,0,1,0,405,962
22711,22711,0,1,0,1,0,405,962
22712,22712,0,1,1,1,0,405,962
22713,22713,0,1,0,1,1,405,962
22714,22714,0,1,0,1,1,405,962
22715,22715,0,1,0,1,1,405,962
22716,22716,0,1,1,0,1,405,962
22717,22717,0,1,0,0,0,405,962
22718,22718,0,1,0,0,0,405,962
22719,22719,0,1,0,0,0,405,962
22720,22720,0,1,1,0,0,405,963
22721,22721,0,1,0,0,1,405,963
22722,22722,0,1,0,0,1,405,963
22723,22723,0,1,0,0,1,405,963
22724,22724,0,1,1,0,1,405,963
22725,22725,0,1,0,0,0,405,963
22726,22726,0,1,0,0,0,405,963
22727,22727,0,1,0,0,0,405,963
22728,22728,0,1,1,0,0,405,963
22729,22729,0,1,0,0,1,405,963
22730,22730,0,1,0,0,1,405,963
22731,22731,0,1,0,0,1,405,963
22732,22732,0,1,1,0,1,405,963
22733,22733,0,1,0,0,1,405,963
22734,22734,0,1,0,0,1,405,963
22735,22735,0,1,0,0,1,405,963
22736,22736,0,1,1,0,1,405,963
22737,22737,0,1,0,0,1,405,963
22738,22738,0,1,0,0,1,405,963
22739,22739,0,1,0,0,1,405,963
22740,22740,0,1,1,0,1,405,964
22741,22741,0,1,0,0,1,405,964
22742,22742,0,1,0,0,1,405,964
22743,22743,0,1,0,0,1,405,964
22744,22744,0,1,1,0,1,405,964
22745,22745,0,1,0,0,1,405,964
22746,22746,0,1,0,0,1,405,964
22747,22747,0,1,0,0,1,405,964
22748,22748,0,1,1,0,1,405,964
22749,22749,0,1,0,0,1,405,964
22750,22750,0,1,0,0,1,405,964
22751,22751,0,1,0,0,1,405,964
22752,22752,0,1,1,0,1,405,964
22753,22753,0,1,0,0,0,405,964
22754,22754,0,1,0,0,0,405,964
22755,22755,0,1,0,0,0,405,964
22756,22756,0,1,1,1,0,405,964
22757,22757,0,1,0,1,0,405,964
22758,22758,0,1,0,1,0,405,964
22759,22759,0,1,0,1,0,405,964
22760,22760,0,1,1,1,0,405,965
22761,22761,0,1,0,1,0,405,965
22762,22762,0,1,0,1,0,405,965
22763,22763,0,1,0,1,0,405,965
22764,22764,0,1,1,1,0,405,965
22765,22765,0,1,0,1,0,405,965
22766,22766,0,1,0,1,0,405,965
22767,22767,0,1,0,1,0,405,965
22768,22768,0,1,1,1,0,405,965
22769,22769,0,1,0,1,0,405,965
22770,22770,0,1,0,1,0,405,965
22771,22771,0,1,0,1,0,405,965
22772,22772,0,1,1,1,0,405,965
22773,22773,0,1,0,1,1,405,965
22774,22774,0,1,0,1,1,405,965
22775,22775,0,1,0,1,1,405,965
22776,22776,0,1,1,1,1,405,965
22777,22777,0,1,0,1,0,405,965
22778,22778,0,1,0,1,0,405,965
22779,22779,0,1,0,1,0,405,965
22780,22780,0,1,1,1,0,405,966
22781,22781,0,1,0,1,0,405,966
22782,22782,0,1,0,1,0,405,966
22783,22783,0,1,0,1,0,405,966
22784,22784,0,1,1,1,0,405,966
22785,22785,0,1,0,1,1,405,966
22786,22786,0,1,0,1,1,405,966
22787,22787,0,1,0,1,1,405,966
22788,22788,0,1,1,1,1,405,966
22789,22789,0,1,0,1,0,405,966
22790,22790,0,1,0,1,0,405,966
22791,22791,0,1,0,1,0,405,966
22792,22792,0,1,1,1,0,405,966
22793,22793,0,1,0,1,0,405,966
22794,22794,0,1,0,1,0,405,966
22795,22795,0,1,0,1,0,405,966
22796,22796,0,1,1,1,0,405,966
22797,22797,0,1,0,1,0,405,966
22798,22798,0,1,0,1,0,405,966
22799,22799,0,1,0,1,0,405,966
22800,22800,0,1,1,1,0,405,967
22801,22801,0,1,0,1,1,405,967
22802,22802,0,1,0,1,1,405,967
22803,22803,0,1,0,1,1,405,967
22804,22804,0,1,1,1,1,405,967
22805,22805,0,1,0,1,1,405,967
22806,22806,0,1,0,1,1,405,967
22807,22807,0,1,0,1,1,405,967
22808,22808,0,1,1,1,1,405,967
22809,22809,0,1,0,1,1,405,967
22810,22810,0,1,0,1,1,405,967
22811,22811,0,1,0,1,1,406,967
22812,22812,0,1,1,1,1,406,967
22813,22813,0,1,0,1,1,406,967
22814,22814,0,1,0,1,1,406,967
22815,22815,0,1,0,1,1,406,967
22816,22816,0,1,1,1,1,406,967
22817,22817,0,1,0,1,0,406,967
22818,22818,0,1,0,1,0,406,967
22819,22819,0,1,0,1,0,406,967
22820,22820,0,1,1,1,0,406,968
22821,22821,0,1,0,1,0,406,968
22822,22822,0,1,0,1,0,406,968
22823,22823,0,1,0,1,0,406,968
22824,22824,0,1,1,1,0,406,968
22825,22825,0,1,0,1,1,406,968
22826,22826,0,1,0,1,1,406,968
22827,22827,0,1,0,1,1,406,968
22828,22828,0,1,1,1,1,406,968
22829,22829,0,1,0,1,1,406,968
22830,22830,0,1,0,1,1,406,968
22831,22831,0,1,0,1,1,407,968
22832,22832,0,1,1,1,1,407,968
22833,22833,0,1,0,1,1,407,968
22834,22834,0,1,0,1,1,407,968
22835,22835,0,1,0,1,1,407,968
22836,22836,0,1,1,1,1,407,968
22837,22837,0,1,0,1,1,407,968
22838,22838,0,1,0,1,1,407,968
22839,22839,0,1,0,1,1,407,968
22840,22840,0,1,1,1,1,407,969
22841,22841,0,1,0,1,0,407,969
22842,22842,0,1,0,1,0,407,969
22843,22843,0,1,0,1,0,407,969
22844,22844,0,1,1,1,0,407,969
22845,22845,0,1,0,1,1,407,969
22846,22846,0,1,0,1,1,407,969
22847,22847,0,1,0,1,1,407,969
22848,22848,0,1,1,1,1,407,969
22849,22849,0,1,0,1,1,407,969
22850,22850,0,1,0,1,1,407,969
22851,22851,0,1,0,1,1,408,969
22852,22852,0,1,1,1,1,408,969
22853,22853,0,1,0,1,1,408,969
22854,22854,0,1,0,1,1,408,969
22855,22855,0,1,0,1,1,408,969
22856,22856,0,1,1,0,1,408,969
22857,22857,0,1,0,0,1,408,969
22858,22858,0,1,0,0,1,408,969
22859,22859,0,1,0,0,1,408,969
22860,22860,0,1,1,0,1,408,970
22861,22861,0,1,0,0,1,408,970
22862,22862,0,1,0,0,1,408,970
22863,22863,0,1,0,0,1,408,970
22864,22864,0,1,1,0,1,408,970
22865,22865,0,1,0,0,0,408,970
22866,22866,0,1,0,0,0,408,970
22867,22867,0,1,0,0,0,408,970
22868,22868,0,1,1,0,0,408,970
22869,22869,0,1,0,0,1,408,970
22870,22870,0,1,0,0,1,408,970
22871,22871,0,1,0,0,1,408,970
22872,22872,0,1,1,0,1,408,970
22873,22873,0,1,0,0,1,408,970
22874,22874,0,1,0,0,1,408,970
22875,22875,0,1,0,0,1,408,970
22876,22876,0,1,1,1,1,408,970
22877,22877,0,1,0,1,0,408,970
22878,22878,0,1,0,1,0,408,970
22879,22879,0,1,0,1,0,408,970
22880,22880,0,1,1,1,0,408,971
22881,22881,0,1,0,1,1,408,971
22882,22882,0,1,0,1,1,408,971
22883,22883,0,1,0,1,1,408,971
22884,22884,0,1,1,1,1,408,971
22885,22885,0,1,0,1,1,408,971
22886,22886,0,1,0,1,1,408,971
22887,22887,0,1,0,1,1,408,971
22888,22888,0,1,1,1,1,408,971
22889,22889,0,1,0,1,0,408,971
22890,22890,0,1,0,1,0,408,971
22891,22891,0,1,0,1,0,408,971
22892,22892,0,1,1,1,0,408,971
22893,22893,0,1,0,1,0,408,971
22894,22894,0,1,0,1,0,408,971
22895,22895,0,1,0,1,0,408,971
22896,22896,0,1,1,0,0,408,971
22897,22897,0,1,0,0,0,408,971
22898,22898,0,1,0,0,0,408,971
22899,22899,0,1,0,0,0,408,971
22900,22900,0,1,1,0,0,408,972
22901,22901,0,1,0,0,1,408,972
22902,22902,0,1,0,0,1,408,972
22903,22903,0,1,0,0,1,408,972
22904,22904,0,1,1,0,1,408,972
22905,22905,0,1,0,0,1,408,972
22906,22906,0,1,0,0,1,408,972
22907,22907,0,1,0,0,1,408,972
22908,22908,0,1,1,0,1,408,972
22909,22909,0,1,0,0,1,408,972
22910,22910,0,1,0,0,1,408,972
22911,22911,0,1,0,0,1,408,972
22912,22912,0,1,1,0,1,408,972
22913,22913,0,1,0,0,1,408,972
22914,22914,0,1,0,0,1,408,972
22915,22915,0,1,0,0,1,408,972
22916,22916,0,1,1,1,1,408,972
22917,22917,0,1,0,1,1,408,972
22918,22918,0,1,0,1,1,408,972
22919,22919,0,1,0,1,1,408,972
22920,22920,0,1,1,1,1,408,973
22921,22921,0,1,0,1,1,408,973
22922,22922,0,1,0,1,1,408,973
22923,22923,0,1,0,1,1,408,973
22924,22924,0,1,1,1,1,408,973
22925,22925,0,1,0,1,0,408,973
22926,22926,0,1,0,1,0,408,973
22927,22927,0,1,0,1,0,408,973
22928,22928,0,1,1,1,0,408,973
22929,22929,0,1,0,1,0,408,973
22930,22930,0,1,0,1,0,408,973
22931,22931,0,1,0,1,0,408,973
22932,22932,0,1,1,1,0,408,973
22933,22933,0,1,0,1,0,408,973
22934,22934,0,1,0,1,0,408,973
22935,22935,0,1,0,1,0,408,973
22936,22936,0,1,1,0,0,408,973
22937,22937,0,1,0,0,0,408,973
22938,22938,0,1,0,0,0,408,973
22939,22939,0,1,0,0,0,408,973
22940,22940,0,1,1,0,0,408,974
22941,22941,0,1,0,0,1,408,974
22942,22942,0,1,0,0,1,408,974
22943,22943,0,1,0,0,1,408,974
22944,22944,0,1,1,0,1,408,974
22945,22945,0,1,0,0,0,408,974
22946,22946,0,1,0,0,0,408,974
22947,22947,0,1,0,0,0,408,974
22948,22948,0,1,1,0,0,408,974
22949,22949,0,1,0,0,0,408,974
22950,22950,0,1,0,0,0,408,974
22951,22951,0,1,0,0,0,409,974
22952,22952,0,1,1,0,0,409,974
22953,22953,0,1,0,0,1,409,974
22954,22954,0,1,0,0,1,409,974
22955,22955,0,1,0,0,1,409,974
22956,22956,0,1,1,0,1,409,974
22957,22957,0,1,0,0,1,409,974
22958,22958,0,1,0,0,1,409,974
22959,22959,0,1,0,0,1,409,974
22960,22960,0,1,1,0,1,409,975
22961,22961,0,1,0,0,1,409,975
22962,22962,0,1,0,0,1,409,975
22963,22963,0,1,0,0,1,409,975
22964,22964,0,1,1,0,1,409,975
22965,22965,0,1,0,0,1,409,975
22966,22966,0,1,0,0,1,409,975
22967,22967,0,1,0,0,1,409,975
22968,22968,0,1,1,0,1,409,975
22969,22969,0,1,0,0,1,409,975
22970,22970,0,1,0,0,1,409,975
22971,22971,0,1,0,0,1,409,975
22972,22972,0,1,1,0,1,409,975
22973,22973,0,1,0,0,1,409,975
22974,22974,0,1,0,0,1,409,975
22975,22975,0,1,0,0,1,409,975
22976,22976,0,1,1,1,1,409,975
22977,22977,0,1,0,1,1,409,975
22978,22978,0,1,0,1,1,409,975
22979,22979,0,1,0,1,1,409,975
22980,22980,0,1,1,1,1,409,976
22981,22981,0,1,0,1,0,409,976
22982,22982,0,1,0,1,0,409,976
22983,22983,0,1,0,1,0,409,976
22984,22984,0,1,1,1,0,409,976
22985,22985,0,1,0,1,0,409,976
22986,22986,0,1,0,1,0,409,976
22987,22987,0,1,0,1,0,409,976
22988,22988,0,1,1,1,0,409,976
22989,22989,0,1,0,1,1,409,976
22990,22990,0,1,0,1,1,409,976
22991,22991,0,1,0,1,1,410,976
22992,22992,0,1,1,1,1,410,976
22993,22993,0,1,0,1,0,410,976
22994,22994,0,1,0,1,0,410,976
22995,22995,0,1,0,1,0,410,976
22996,22996,0,1,1,1,0,410,976
22997,22997,0,1,0,1,0,410,976
22998,22998,0,1,0,1,0,410,976
22999,22999,0,1,0,1,0,410,976
23000,23000,0,1,1,1,0,410,977
23001,23001,0,1,0,1,0,410,977
23002,23002,0,1,0,1,0,410,977
23003,23003,0,1,0,1,0,410,977
23004,23004,0,1,1,1,0,410,977
23005,23005,0,1,0,1,0,410,977
23006,23006,0,1,0,1,0,410,977
23007,23007,0,1,0,1,0,410,977
23008,23008,0,1,1,1,0,410,977
23009,23009,0,1,0,1,0,410,977
23010,23010,0,1,0,1,0,410,977
23011,23011,0,1,0,1,0,410,977
23012,23012,0,1,1,1,0,410,977
23013,23013,0,1,0,1,0,410,977
23014,23014,0,1,0,1,0,410,977
23015,23015,0,1,0,1,0,410,977
23016,23016,0,1,1,1,0,410,977
23017,23017,0,1,0,1,0,410,977
23018,23018,0,1,0,1,0,410,977
23019,23019,0,1,0,1,0,410,977
23020,23020,0,1,1,1,0,410,978
23021,23021,0,1,0,1,0,410,978
23022,23022,0,1,0,1,0,410,978
23023,23023,0,1,0,1,0,410,978
23024,23024,0,1,1,1,0,410,978
23025,23025,0,1,0,1,1,410,978
23026,23026,0,1,0,1,1,410,978
23027,23027,0,1,0,1,1,410,978
23028,23028,0,1,1,1,1,410,978
23029,23029,0,1,0,1,1,410,978
23030,23030,0,1,0,1,1,410,978
23031,23031,0,1,0,1,1,411,978
23032,23032,0,1,1,1,1,411,978
23033,23033,0,1,0,1,1,411,978
23034,23034,0,1,0,1,1,411,978
23035,23035,0,1,0,1,1,411,978
23036,23036,0,1,1,0,1,411,978
23037,23037,0,1,0,0,0,411,978
23038,23038,0,1,0,0,0,411,978
23039,23039,0,1,0,0,0,411,978
23040,23040,0,1,1,0,0,411,979
23041,23041,0,1,0,0,1,411,979
23042,23042,0,1,0,0,1,411,979
23043,23043,0,1,0,0,1,411,979
23044,23044,0,1,1,0,1,411,979
23045,23045,0,1,0,0,1,411,979
23046,23046,0,1,0,0,1,411,979
23047,23047,0,1,0,0,1,411,979
23048,23048,0,1,1,0,1,411,979
23049,23049,0,1,0,0,0,411,979
23050,23050,0,1,0,0,0,411,979
23051,23051,0,1,0,0,0,412,979
23052,23052,0,1,1,0,0,412,979
23053,23053,0,1,0,0,0,412,979
23054,23054,0,1,0,0,0,412,979
23055,23055,0,1,0,0,0,412,979
23056,23056,0,1,1,0,0,412,979
23057,23057,0,1,0,0,1,412,979
23058,23058,0,1,0,0,1,412,979
23059,23059,0,1,0,0,1,412,979
23060,23060,0,1,1,0,1,412,980
23061,23061,0,1,0,0,0,412,980
23062,23062,0,1,0,0,0,412,980
23063,23063,0,1,0,0,0,412,980
23064,23064,0,1,1,0,0,412,980
23065,23065,0,1,0,0,0,412,980
23066,23066,0,1,0,0,0,412,980
23067,23067,0,1,0,0,0,412,980
23068,23068,0,1,1,0,0,412,980
23069,23069,0,1,0,0,1,412,980
23070,23070,0,1,0,0,1,412,980
23071,23071,0,1,0,0,1,412,980
23072,23072,0,1,1,0,1,412,980
23073,23073,0,1,0,0,1,412,980
23074,23074,0,1,0,0,1,412,980
23075,23075,0,1,0,0,1,412,980
23076,23076,0,1,1,1,1,412,980
23077,23077,0,1,0,1,0,412,980
23078,23078,0,1,0,1,0,412,980
23079,23079,0,1,0,1,0,412,980
23080,23080,0,1,1,1,0,412,981
23081,23081,0,1,0,1,0,412,981
23082,23082,0,1,0,1,0,412,981
23083,23083,0,1,0,1,0,412,981
23084,23084,0,1,1,1,0,412,981
23085,23085,0,1,0,1,0,412,981
23086,23086,0,1,0,1,0,412,981
23087,23087,0,1,0,1,0,412,981
23088,23088,0,1,1,1,0,412,981
23089,23089,0,1,0,1,0,412,981
23090,23090,0,1,0,1,0,412,981
23091,23091,0,1,0,1,0,412,981
23092,23092,0,1,1,1,0,412,981
23093,23093,0,1,0,1,0,412,981
23094,23094,0,1,0,1,0,412,981
23095,23095,0,1,0,1,0,412,981
23096,23096,0,1,1,0,0,412,981
23097,23097,0,1,0,0,0,412,981
23098,23098,0,1,0,0,0,412,981
23099,23099,0,1,0,0,0,412,981
23100,23100,0,1,1,0,0,412,982
23101,23101,0,1,0,0,1,412,982
23102,23102,0,1,0,0,1,412,982
23103,23103,0,1,0,0,1,412,982
23104,23104,0,1,1,0,1,412,982
23105,23105,0,1,0,0,1,412,982
23106,23106,0,1,0,0,1,412,982
23107,23107,0,1,0,0,1,412,982
23108,23108,0,1,1,0,1,412,982
23109,23109,0,1,0,0,1,412,982
23110,23110,0,1,0,0,1,412,982
23111,23111,0,1,0,0,1,412,982
23112,23112,0,1,1,0,1,412,982
23113,23113,0,1,0,0,1,412,982
23114,23114,0,1,0,0,1,412,982
23115,23115,0,1,0,0,1,412,982
23116,23116,0,1,1,1,1,412,982
23117,23117,0,1,0,1,0,412,982
23118,23118,0,1,0,1,0,412,982
23119,23119,0,1,0,1,0,412,982
23120,23120,0,1,1,1,0,412,983
23121,23121,0,1,0,1,0,412,983
23122,23122,0,1,0,1,0,412,983
23123,23123,0,1,0,1,0,412,983
23124,23124,0,1,1,1,0,412,983
23125,23125,0,1,0,1,1,412,983
23126,23126,0,1,0,1,1,412,983
23127,23127,0,1,0,1,1,412,983
23128,23128,0,1,1,1,1,412,983
23129,23129,0,1,0,1,1,412,983
23130,23130,0,1,0,1,1,412,983
23131,23131,0,1,0,1,1,413,983
23132,23132,0,1,1,1,1,413,983
23133,23133,0,1,0,1,0,413,983
23134,23134,0,1,0,1,0,413,983
23135,23135,0,1,0,1,0,413,983
23136,23136,0,1,1,1,0,413,983
23137,23137,0,1,0,1,1,413,983
23138,23138,0,1,0,1,1,413,983
23139,23139,0,1,0,1,1,413,983
23140,23140,0,1,1,1,1,413,984
23141,23141,0,1,0,1,1,413,984
23142,23142,0,1,0,1,1,413,984
23143,23143,0,1,0,1,1,413,984
23144,23144,0,1,1,1,1,413,984
23145,23145,0,1,0,1,0,413,984
23146,23146,0,1,0,1,0,413,984
23147,23147,0,1,0,1,0,413,984
23148,23148,0,1,1,1,0,413,984
23149,23149,0,1,0,1,1,413,984
23150,23150,0,1,0,1,1,413,984
23151,23151,0,1,0,1,1,414,984
23152,23152,0,1,1,1,1,414,984
23153,23153,0,1,0,1,1,414,984
23154,23154,0,1,0,1,1,414,984
23155,23155,0,1,0,1,1,414,984
23156,23156,0,1,1,1,1,414,984
23157,23157,0,1,0,1,1,414,984
23158,23158,0,1,0,1,1,414,984
23159,23159,0,1,0,1,1,414,984
23160,23160,0,1,1,1,1,414,985
23161,23161,0,1,0,1,0,414,985
23162,23162,0,1,0,1,0,414,985
23163,23163,0,1,0,1,0,414,985
23164,23164,0,1,1,1,0,414,985
23165,23165,0,1,0,1,0,414,985
23166,23166,0,1,0,1,0,414,985
23167,23167,0,1,0,1,0,414,985
23168,23168,0,1,1,1,0,414,985
23169,23169,0,1,0,1,0,414,985
23170,23170,0,1,0,1,0,414,985
23171,23171,0,1,0,1,0,414,985
23172,23172,0,1,1,1,0,414,985
23173,23173,0,1,0,1,0,414,985
23174,23174,0,1,0,1,0,414,985
23175,23175,0,1,0,1,0,414,985
23176,23176,0,1,1,0,0,414,985
23177,23177,0,1,0,0,0,414,985
23178,23178,0,1,0,0,0,414,985
23179,23179,0,1,0,0,0,414,985
23180,23180,0,1,1,0,0,414,986
23181,23181,0,1,0,0,1,414,986
23182,23182,0,1,0,0,1,414,986
23183,23183,0,1,0,0,1,414,986
23184,23184,0,1,1,0,1,414,986
23185,23185,0,1,0,0,1,414,986
23186,23186,0,1,0,0,1,414,986
23187,23187,0,1,0,0,1,414,986
23188,23188,0,1,1,0,1,414,986
23189,23189,0,1,0,0,1,414,986
23190,23190,0,1,0,0,1,414,986
23191,23191,0,1,0,0,1,414,986
23192,23192,0,1,1,0,1,414,986
23193,23193,0,1,0,0,1,414,986
23194,23194,0,1,0,0,1,414,986
23195,23195,0,1,0,0,1,414,986
23196,23196,0,1,1,0,1,414,986
23197,23197,0,1,0,0,1,414,986
23198,23198,0,1,0,0,1,414,986
23199,23199,0,1,0,0,1,414,986
23200,23200,0,1,1,0,1,414,987
23201,23201,0,1,0,0,1,414,987
23202,23202,0,1,0,0,1,414,987
23203,23203,0,1,0,0,1,414,987
23204,23204,0,1,1,0,1,414,987
23205,23205,0,1,0,0,1,414,987
23206,23206,0,1,0,0,1,414,987
23207,23207,0,1,0,0,1,414,987
23208,23208,0,1,1,0,1,414,987
23209,23209,0,1,0,0,1,414,987
23210,23210,0,1,0,0,1,414,987
23211,23211,0,1,0,0,1,414,987
23212,23212,0,1,1,0,1,414,987
23213,23213,0,1,0,0,0,414,987
23214,23214,0,1,0,0,0,414,987
23215,23215,0,1,0,0,0,414,987
23216,23216,0,1,1,1,0,414,987
23217,23217,0,1,0,1,1,414,987
23218,23218,0,1,0,1,1,414,987
23219,23219,0,1,0,1,1,414,987
23220,23220,0,1,1,1,1,414,988
23221,23221,0,1,0,1,0,414,988
23222,23222,0,1,0,1,0,414,988
23223,23223,0,1,0,1,0,414,988
23224,23224,0,1,1,1,0,414,988
23225,23225,0,1,0,1,0,414,988
23226,23226,0,1,0,1,0,414,988
23227,23227,0,1,0,1,0,414,988
23228,23228,0,1,1,1,0,414,988
23229,23229,0,1,0,1,1,414,988
23230,23230,0,1,0,1,1,414,988
23231,23231,0,1,0,1,1,415,988
23232,23232,0,1,1,1,1,415,988
23233,23233,0,1,0,1,1,415,988
23234,23234,0,1,0,1,1,415,988
23235,23235,0,1,0,1,1,415,988
23236,23236,0,1,1,0,1,415,988
23237,23237,0,1,0,0,0,415,988
23238,23238,0,1,0,0,0,415,988
23239,23239,0,1,0,0,0,415,988
23240,23240,0,1,1,0,0,415,989
23241,23241,0,1,0,0,0,415,989
23242,23242,0,1,0,0,0,415,989
23243,23243,0,1,0,0,0,415,989
23244,23244,0,1,1,0,0,415,989
23245,23245,0,1,0,0,1,415,989
23246,23246,0,1,0,0,1,415,989
23247,23247,0,1,0,0,1,415,989
23248,23248,0,1,1,0,1,415,989
23249,23249,0,1,0,0,1,415,989
23250,23250,0,1,0,0,1,415,989
23251,23251,0,1,0,0,1,415,989
23252,23252,0,1,1,0,1,415,989
23253,23253,0,1,0,0,1,415,989
23254,23254,0,1,0,0,1,415,989
23255,23255,0,1,0,0,1,415,989
23256,23256,0,1,1,0,1,415,989
23257,23257,0,1,0,0,0,415,989
23258,23258,0,1,0,0,0,415,989
23259,23259,0,1,0,0,0,415,989
23260,23260,0,1,1,0,0,415,990
23261,23261,0,1,0,0,0,415,990
23262,23262,0,1,0,0,0,415,990
23263,23263,0,1,0,0,0,415,990
23264,23264,0,1,1,0,0,415,990
23265,23265,0,1,0,0,1,415,990
23266,23266,0,1,0,0,1,415,990
23267,23267,0,1,0,0,1,415,990
23268,23268,0,1,1,0,1,415,990
23269,23269,0,1,0,0,1,415,990
23270,23270,0,1,0,0,1,415,990
23271,23271,0,1,0,0,1,415,990
23272,23272,0,1,1,0,1,415,990
23273,23273,0,1,0,0,1,415,990
23274,23274,0,1,0,0,1,415,990
23275,23275,0,1,0,0,1,415,990
23276,23276,0,1,1,0,1,415,990
23277,23277,0,1,0,0,1,415,990
23278,23278,0,1,0,0,1,415,990
23279,23279,0,1,0,0,1,415,990
23280,23280,0,1,1,0,1,415,991
23281,23281,0,1,0,0,0,415,991
23282,23282,0,1,0,0,0,415,991
23283,23283,0,1,0,0,0,415,991
23284,23284,0,1,1,0,0,415,991
23285,23285,0,1,0,0,0,415,991
23286,23286,0,1,0,0,0,415,991
23287,23287,0,1,0,0,0,415,991
23288,23288,0,1,1,0,0,415,991
23289,23289,0,1,0,0,1,415,991
23290,23290,0,1,0,0,1,415,991
23291,23291,0,1,0,0,1,415,991
23292,23292,0,1,1,0,1,415,991
23293,23293,0,1,0,0,1,415,991
23294,23294,0,1,0,0,1,415,991
23295,23295,0,1,0,0,1,415,991
23296,23296,0,1,1,1,1,415,991
23297,23297,0,1,0,1,0,415,991
23298,23298,0,1,0,1,0,415,991
23299,23299,0,1,0,1,0,415,991
23300,23300,0,1,1,1,0,415,992
23301,23301,0,1,0,1,1,415,992
23302,23302,0,1,0,1,1,415,992
23303,23303,0,1,0,1,1,415,992
23304,23304,0,1,1,1,1,415,992
23305,23305,0,1,0,1,1,415,992
23306,23306,0,1,0,1,1,415,992
23307,23307,0,1,0,1,1,415,992
23308,23308,0,1,1,1,1,415,992
23309,23309,0,1,0,1,0,415,992
23310,23310,0,1,0,1,0,415,992
23311,23311,0,1,0,1,0,415,992
23312,23312,0,1,1,1,0,415,992
23313,23313,0,1,0,1,0,415,992
23314,23314,0,1,0,1,0,415,992
23315,23315,0,1,0,1,0,415,992
23316,23316,0,1,1,1,0,415,992
23317,23317,0,1,0,1,0,415,992
23318,23318,0,1,0,1,0,415,992
23319,23319,0,1,0,1,0,415,992
23320,23320,0,1,1,1,0,415,993
23321,23321,0,1,0,1,1,415,993
23322,23322,0,1,0,1,1,415,993
23323,23323,0,1,0,1,1,415,993
23324,23324,0,1,1,1,1,415,993
23325,23325,0,1,0,1,0,415,993
23326,23326,0,1,0,1,0,415,993
23327,23327,0,1,0,1,0,415,993
23328,23328,0,1,1,1,0,415,993
23329,23329,0,1,0,1,0,415,993
23330,23330,0,1,0,1,0,415,993
23331,23331,0,1,0,1,0,415,993
23332,23332,0,1,1,1,0,415,993
23333,23333,0,1,0,1,1,415,993
23334,23334,0,1,0,1,1,415,993
23335,23335,0,1,0,1,1,415,993
23336,23336,0,1,1,0,1,415,993
23337,23337,0,1,0,0,0,415,993
23338,23338,0,1,0,0,0,415,993
23339,23339,0,1,0,0,0,415,993
23340,23340,0,1,1,0,0,415,994
23341,23341,0,1,0,0,1,415,994
23342,23342,0,1,0,0,1,415,994
23343,23343,0,1,0,0,1,415,994
23344,23344,0,1,1,0,1,415,994
23345,23345,0,1,0,0,1,415,994
23346,23346,0,1,0,0,1,415,994
23347,23347,0,1,0,0,1,415,994
23348,23348,0,1,1,0,1,415,994
23349,23349,0,1,0,0,1,415,994
23350,23350,0,1,0,0,1,415,994
23351,23351,0,1,0,0,1,415,994
23352,23352,0,1,1,0,1,415,994
23353,23353,0,1,0,0,1,415,994
23354,23354,0,1,0,0,1,415,994
23355,23355,0,1,0,0,1,415,994
23356,23356,0,1,1,1,1,415,994
23357,23357,0,1,0,1,0,415,994
23358,23358,0,1,0,1,0,415,994
23359,23359,0,1,0,1,0,415,994
23360,23360,0,1,1,1,0,415,995
23361,23361,0,1,0,1,0,415,995
23362,23362,0,1,0,1,0,415,995
23363,23363,0,1,0,1,0,415,995
23364,23364,0,1,1,1,0,415,995
23365,23365,0,1,0,1,1,415,995
23366,23366,0,1,0,1,1,415,995
23367,23367,0,1,0,1,1,415,995
23368,23368,0,1,1,1,1,415,995
23369,23369,0,1,0,1,1,415,995
23370,23370,0,1,0,1,1,415,995
23371,23371,0,1,0,1,1,416,995
23372,23372,0,1,1,1,1,416,995
23373,23373,0,1,0,1,0,416,995
23374,23374,0,1,0,1,0,416,995
23375,23375,0,1,0,1,0,416,995
23376,23376,0,1,1,0,0,416,995
23377,23377,0,1,0,0,0,416,995
23378,23378,0,1,0,0,0,416,995
23379,23379,0,1,0,0,0,416,995
23380,23380,0,1,1,0,0,416,996
23381,23381,0,1,0,0,0,416,996
23382,23382,0,1,0,0,0,416,996
23383,23383,0,1,0,0,0,416,996
23384,23384,0,1,1,0,0,416,996
23385,23385,0,1,0,0,0,416,996
23386,23386,0,1,0,0,0,416,996
23387,23387,0,1,0,0,0,416,996
23388,23388,0,1,1,0,0,416,996
23389,23389,0,1,0,0,1,416,996
23390,23390,0,1,0,0,1,416,996
23391,23391,0,1,0,0,1,416,996
23392,23392,0,1,1,0,1,416,996
23393,23393,0,1,0,0,1,416,996
23394,23394,0,1,0,0,1,416,996
23395,23395,0,1,0,0,1,416,996
23396,23396,0,1,1,0,1,416,996
23397,23397,0,1,0,0,1,416,996
23398,23398,0,1,0,0,1,416,996
23399,23399,0,1,0,0,1,416,996
23400,23400,0,1,1,0,1,416,997
23401,23401,0,1,0,0,1,416,997
23402,23402,0,1,0,0,1,416,997
23403,23403,0,1,0,0,1,416,997
23404,23404,0,1,1,0,1,416,997
23405,23405,0,1,0,0,0,416,997
23406,23406,0,1,0,0,0,416,997
23407,23407,0,1,0,0,0,416,997
23408,23408,0,1,1,0,0,416,997
23409,23409,0,1,0,0,1,416,997
23410,23410,0,1,0,0,1,416,997
23411,23411,0,1,0,0,1,416,997
23412,23412,0,1,1,0,1,416,997
23413,23413,0,1,0,0,1,416,997
23414,23414,0,1,0,0,1,416,997
23415,23415,0,1,0,0,1,416,997
23416,23416,0,1,1,0,1,416,997
23417,23417,0,1,0,0,0,416,997
23418,23418,0,1,0,0,0,416,997
23419,23419,0,1,0,0,0,416,997
23420,23420,0,1,1,0,0,416,998
23421,23421,0,1,0,0,1,416,998
23422,23422,0,1,0,0,1,416,998
23423,23423,0,1,0,0,1,416,998
23424,23424,0,1,1,0,1,416,998
23425,23425,0,1,0,0,0,416,998
23426,23426,0,1,0,0,0,416,998
23427,23427,0,1,0,0,0,416,998
23428,23428,0,1,1,0,0,416,998
23429,23429,0,1,0,0,0,416,998
23430,23430,0,1,0,0,0,416,998
23431,23431,0,1,0,0,0,417,998
23432,23432,0,1,1,0,0,417,998
23433,23433,0,1,0,0,0,417,998
23434,23434,0,1,0,0,0,417,998
23435,23435,0,1,0,0,0,417,998
23436,23436,0,1,1,1,0,417,998
23437,23437,0,1,0,1,1,417,998
23438,23438,0,1,0,1,1,417,998
23439,23439,0,1,0,1,1,417,998
23440,23440,0,1,1,1,1,417,999
23441,23441,0,1,0,1,1,417,999
23442,23442,0,1,0,1,1,417,999
23443,23443,0,1,0,1,1,417,999
23444,23444,0,1,1,1,1,417,999
23445,23445,0,1,0,1,0,417,999
23446,23446,0,1,0,1,0,417,999
23447,23447,0,1,0,1,0,417,999
23448,23448,0,1,1,1,0,417,999
23449,23449,0,1,0,1,1,417,999
23450,23450,0,1,0,1,1,417,999
23451,23451,0,1,0,1,1,418,999
23452,23452,0,1,1,1,1,418,999
23453,23453,0,1,0,1,1,418,999
23454,23454,0,1,0,1,1,418,999
23455,23455,0,1,0,1,1,418,999
23456,23456,0,1,1,1,1,418,999
23457,23457,0,1,0,1,1,418,999
23458,23458,0,1,0,1,1,418,999
23459,23459,0,1,0,1,1,418,999
23460,23460,0,1,1,1,1,418,1000
23461,23461,0,1,0,1,0,418,1000
23462,23462,0,1,0,1,0,418,1000
23463,23463,0,1,0,1,0,418,1000
23464,23464,0,1,1,1,0,418,1000
23465,23465,0,1,0,1,1,418,1000
23466,23466,0,1,0,1,1,418,1000
23467,23467,0,1,0,1,1,418,1000
23468,23468,0,1,1,1,1,418,1000
23469,23469,0,1,0,1,0,418,1000
23470,23470,0,1,0,1,0,418,1000
23471,23471,0,1,0,1,0,418,1000
23472,23472,0,1,1,1,0,418,1000
23473,23473,0,1,0,1,0,418,1000
23474,23474,0,1,0,1,0,418,1000
23475,23475,0,1,0,1,0,418,1000
23476,23476,0,1,1,0,0,418,1000
23477,23477,0,1,0,0,0,418,1000
23478,23478,0,1,0,0,0,418,1000
23479,23479,0,1,0,0,0,418,1000
23480,23480,0,1,1,0,0,418,1001
23481,23481,0,1,0,0,0,418,1001
23482,23482,0,1,0,0,0,418,1001
23483,23483,0,1,0,0,0,418,1001
23484,23484,0,1,1,0,0,418,1001
23485,23485,0,1,0,0,1,418,1001
23486,23486,0,1,0,0,1,418,1001
23487,23487,0,1,0,0,1,418,1001
23488,23488,0,1,1,0,1,418,1001
23489,23489,0,1,0,0,1,418,1001
23490,23490,0,1,0,0,1,418,1001
23491,23491,0,1,0,0,1,418,1001
23492,23492,0,1,1,0,1,418,1001
23493,23493,0,1,0,0,0,418,1001
23494,23494,0,1,0,0,0,418,1001
23495,23495,0,1,0,0,0,418,1001
23496,23496,0,1,1,0,0,418,1001
23497,23497,0,1,0,0,0,418,1001
23498,23498,0,1,0,0,0,418,1001
23499,23499,0,1,0,0,0,418,1001
23500,23500,0,1,1,0,0,418,1002
23501,23501,0,1,0,0,1,418,1002
23502,23502,0,1,0,0,1,418,1002
23503,23503,0,1,0,0,1,418,1002
23504,23504,0,1,1,0,1,418,1002
23505,23505,0,1,0,0,1,418,1002
23506,23506,0,1,0,0,1,418,1002
23507,23507,0,1,0,0,1,418,1002
23508,23508,0,1,1,0,1,418,1002
23509,23509,0,1,0,0,1,418,1002
23510,23510,0,1,0,0,1,418,1002
23511,23511,0,1,0,0,1,418,1002
23512,23512,0,1,1,0,1,418,1002
23513,23513,0,1,0,0,0,418,1002
23514,23514,0,1,0,0,0,418,1002
23515,23515,0,1,0,0,0,418,1002
23516,23516,0,1,1,0,0,418,1002
23517,23517,0,1,0,0,1,418,1002
23518,23518,0,1,0,0,1,418,1002
23519,23519,0,1,0,0,1,418,1002
23520,23520,0,1,1,0,1,418,1003
23521,23521,0,1,0,0,1,418,1003
23522,23522,0,1,0,0,1,418,1003
23523,23523,0,1,0,0,1,418,1003
23524,23524,0,1,1,0,1,418,1003
23525,23525,0,1,0,0,1,418,1003
23526,23526,0,1,0,0,1,418,1003
23527,23527,0,1,0,0,1,418,1003
23528,23528,0,1,1,0,1,418,1003
23529,23529,0,1,0,0,0,418,1003
23530,23530,0,1,0,0,0,418,1003
23531,23531,0,1,0,0,0,419,1003
23532,23532,0,1,1,0,0,419,1003
23533,23533,0,1,0,0,0,419,1003
23534,23534,0,1,0,0,0,419,1003
23535,23535,0,1,0,0,0,419,1003
23536,23536,0,1,1,1,0,419,1003
23537,23537,0,1,0,1,1,419,1003
23538,23538,0,1,0,1,1,419,1003
23539,23539,0,1,0,1,1,419,1003
23540,23540,0,1,1,1,1,419,1004
23541,23541,0,1,0,1,1,419,1004
23542,23542,0,1,0,1,1,419,1004
23543,23543,0,1,0,1,1,419,1004
23544,23544,0,1,1,1,1,419,1004
23545,23545,0,1,0,1,0,419,1004
23546,23546,0,1,0,1,0,419,1004
23547,23547,0,1,0,1,0,419,1004
23548,23548,0,1,1,1,0,419,1004
23549,23549,0,1,0,1,1,419,1004
23550,23550,0,1,0,1,1,419,1004
23551,23551,0,1,0,1,1,420,1004
23552,23552,0,1,1,1,1,420,1004
23553,23553,0,1,0,1,1,420,1004
23554,23554,0,1,0,1,1,420,1004
23555,23555,0,1,0,1,1,420,1004
23556,23556,0,1,1,0,1,420,1004
23557,23557,0,1,0,0,0,420,1004
23558,23558,0,1,0,0,0,420,1004
23559,23559,0,1,0,0,0,420,1004
23560,23560,0,1,1,0,0,420,1005
23561,23561,0,1,0,0,0,420,1005
23562,23562,0,1,0,0,0,420,1005
23563,23563,0,1,0,0,0,420,1005
23564,23564,0,1,1,0,0,420,1005
23565,23565,0,1,0,0,1,420,1005
23566,23566,0,1,0,0,1,420,1005
23567,23567,0,1,0,0,1,420,1005
23568,23568,0,1,1,0,1,420,1005
23569,23569,0,1,0,0,0,420,1005
23570,23570,0,1,0,0,0,420,1005
23571,23571,0,1,0,0,0,421,1005
23572,23572,0,1,1,0,0,421,1005
23573,23573,0,1,0,0,1,421,1005
23574,23574,0,1,0,0,1,421,1005
23575,23575,0,1,0,0,1,421,1005
23576,23576,0,1,1,1,1,421,1005
23577,23577,0,1,0,1,1,421,1005
23578,23578,0,1,0,1,1,421,1005
23579,23579,0,1,0,1,1,421,1005
23580,23580,0,1,1,1,1,421,1006
23581,23581,0,1,0,1,0,421,1006
23582,23582,0,1,0,1,0,421,1006
23583,23583,0,1,0,1,0,421,1006
23584,23584,0,1,1,1,0,421,1006
23585,23585,0,1,0,1,0,421,1006
23586,23586,0,1,0,1,0,421,1006
23587,23587,0,1,0,1,0,421,1006
23588,23588,0,1,1,1,0,421,1006
23589,23589,0,1,0,1,0,421,1006
23590,23590,0,1,0,1,0,421,1006
23591,23591,0,1,0,1,0,421,1006
23592,23592,0,1,1,1,0,421,1006
23593,23593,0,1,0,1,0,421,1006
23594,23594,0,1,0,1,0,421,1006
23595,23595,0,1,0,1,0,421,1006
23596,23596,0,1,1,0,0,421,1006
23597,23597,0,1,0,0,1,421,1006
23598,23598,0,1,0,0,1,421,1006
23599,23599,0,1,0,0,1,421,1006
23600,23600,0,1,1,0,1,421,1007
23601,23601,0,1,0,0,1,421,1007
23602,23602,0,1,0,0,1,421,1007
23603,23603,0,1,0,0,1,421,1007
23604,23604,0,1,1,0,1,421,1007
23605,23605,0,1,0,0,1,421,1007
23606,23606,0,1,0,0,1,421,1007
23607,23607,0,1,0,0,1,421,1007
23608,23608,0,1,1,0,1,421,1007
23609,23609,0,1,0,0,1,421,1007
23610,23610,0,1,0,0,1,421,1007
23611,23611,0,1,0,0,1,421,1007
23612,23612,0,1,1,0,1,421,1007
23613,23613,0,1,0,0,0,421,1007
23614,23614,0,1,0,0,0,421,1007
23615,23615,0,1,0,0,0,421,1007
23616,23616,0,1,1,0,0,421,1007
23617,23617,0,1,0,0,1,421,1007
23618,23618,0,1,0,0,1,421,1007
23619,23619,0,1,0,0,1,421,1007
23620,23620,0,1,1,0,1,421,1008
23621,23621,0,1,0,0,1,421,1008
23622,23622,0,1,0,0,1,421,1008
23623,23623,0,1,0,0,1,421,1008
23624,23624,0,1,1,0,1,421,1008
23625,23625,0,1,0,0,1,421,1008
23626,23626,0,1,0,0,1,421,1008
23627,23627,0,1,0,0,1,421,1008
23628,23628,0,1,1,0,1,421,1008
23629,23629,0,1,0,0,1,421,1008
23630,23630,0,1,0,0,1,421,1008
23631,23631,0,1,0,0,1,421,1008
23632,23632,0,1,1,0,1,421,1008
23633,23633,0,1,0,0,0,421,1008
23634,23634,0,1,0,0,0,421,1008
23635,23635,0,1,0,0,0,421,1008
23636,23636,0,1,1,1,0,421,1008
23637,23637,0,1,0,1,1,421,1008
23638,23638,0,1,0,1,1,421,1008
23639,23639,0,1,0,1,1,421,1008
23640,23640,0,1,1,1,1,421,1009
23641,23641,0,1,0,1,1,421,1009
23642,23642,0,1,0,1,1,421,1009
23643,23643,0,1,0,1,1,421,1009
23644,23644,0,1,1,1,1,421,1009
23645,23645,0,1,0,1,0,421,1009
23646,23646,0,1,0,1,0,421,1009
23647,23647,0,1,0,1,0,421,1009
23648,23648,0,1,1,1,0,421,1009
23649,23649,0,1,0,1,0,421,1009
23650,23650,0,1,0,1,0,421,1009
23651,23651,0,1,0,1,0,421,1009
23652,23652,0,1,1,1,0,421,1009
23653,23653,0,1,0,1,0,421,1009
23654,23654,0,1,0,1,0,421,1009
23655,23655,0,1,0,1,0,421,1009
23656,23656,0,1,1,0,0,421,1009
23657,23657,0,1,0,0,1,421,1009
23658,23658,0,1,0,0,1,421,1009
23659,23659,0,1,0,0,1,421,1009
23660,23660,0,1,1,0,1,421,1010
23661,23661,0,1,0,0,0,421,1010
23662,23662,0,1,0,0,0,421,1010
23663,23663,0,1,0,0,0,421,1010
23664,23664,0,1,1,0,0,421,1010
23665,23665,0,1,0,0,1,421,1010
23666,23666,0,1,0,0,1,421,1010
23667,23667,0,1,0,0,1,421,1010
23668,23668,0,1,1,0,1,421,1010
23669,23669,0,1,0,0,0,421,1010
23670,23670,0,1,0,0,0,421,1010
23671,23671,0,1,0,0,0,422,1010
23672,23672,0,1,1,0,0,422,1010
23673,23673,0,1,0,0,1,422,1010
23674,23674,0,1,0,0,1,422,1010
23675,23675,0,1,0,0,1,422,1010
23676,23676,0,1,1,0,1,422,1010
23677,23677,0,1,0,0,0,422,1010
23678,23678,0,1,0,0,0,422,1010
23679,23679,0,1,0,0,0,422,1010
23680,23680,0,1,1,0,0,422,1011
23681,23681,0,1,0,0,1,422,1011
23682,23682,0,1,0,0,1,422,1011
23683,23683,0,1,0,0,1,422,1011
23684,23684,0,1,1,0,1,422,1011
23685,23685,0,1,0,0,1,422,1011
23686,23686,0,1,0,0,1,422,1011
23687,23687,0,1,0,0,1,422,1011
23688,23688,0,1,1,0,1,422,1011
23689,23689,0,1,0,0,0,422,1011
23690,23690,0,1,0,0,0,422,1011
23691,23691,0,1,0,0,0,423,1011
23692,23692,0,1,1,0,0,423,1011
23693,23693,0,1,0,0,0,423,1011
23694,23694,0,1,0,0,0,423,1011
23695,23695,0,1,0,0,0,423,1011
23696,23696,0,1,1,0,0,423,1011
23697,23697,0,1,0,0,0,423,1011
23698,23698,0,1,0,0,0,423,1011
23699,23699,0,1,0,0,0,423,1011
23700,23700,0,1,1,0,0,423,1012
23701,23701,0,1,0,0,1,423,1012
23702,23702,0,1,0,0,1,423,1012
23703,23703,0,1,0,0,1,423,1012
23704,23704,0,1,1,0,1,423,1012
23705,23705,0,1,0,0,1,423,1012
23706,23706,0,1,0,0,1,423,1012
23707,23707,0,1,0,0,1,423,1012
23708,23708,0,1,1,0,1,423,1012
23709,23709,0,1,0,0,0,423,1012
23710,23710,0,1,0,0,0,423,1012
23711,23711,0,1,0,0,0,424,1012
23712,23712,0,1,1,0,0,424,1012
23713,23713,0,1,0,0,0,424,1012
23714,23714,0,1,0,0,0,424,1012
23715,23715,0,1,0,0,0,424,1012
23716,23716,0,1,1,0,0,424,1012
23717,23717,0,1,0,0,1,424,1012
23718,23718,0,1,0,0,1,424,1012
23719,23719,0,1,0,0,1,424,1012
23720,23720,0,1,1,0,1,424,1013
23721,23721,0,1,0,0,1,424,1013
23722,23722,0,1,0,0,1,424,1013
23723,23723,0,1,0,0,1,424,1013
23724,23724,0,1,1,0,1,424,1013
23725,23725,0,1,0,0,1,424,1013
23726,23726,0,1,0,0,1,424,1013
23727,23727,0,1,0,0,1,424,1013
23728,23728,0,1,1,0,1,424,1013
23729,23729,0,1,0,0,1,424,1013
23730,23730,0,1,0,0,1,424,1013
23731,23731,0,1,0,0,1,424,1013
23732,23732,0,1,1,0,1,424,1013
23733,23733,0,1,0,0,1,424,1013
23734,23734,0,1,0,0,1,424,1013
23735,23735,0,1,0,0,1,424,1013
23736,23736,0,1,1,1,1,424,1013
23737,23737,0,1,0,1,0,424,1013
23738,23738,0,1,0,1,0,424,1013
23739,23739,0,1,0,1,0,424,1013
23740,23740,0,1,1,1,0,424,1014
23741,23741,0,1,0,1,1,424,1014
23742,23742,0,1,0,1,1,424,1014
23743,23743,0,1,0,1,1,424,1014
23744,23744,0,1,1,1,1,424,1014
23745,23745,0,1,0,1,0,424,1014
23746,23746,0,1,0,1,0,424,1014
23747,23747,0,1,0,1,0,424,1014
23748,23748,0,1,1,1,0,424,1014
23749,23749,0,1,0,1,0,424,1014
23750,23750,0,1,0,1,0,424,1014
23751,23751,0,1,0,1,0,424,1014
23752,23752,0,1,1,1,0,424,1014
23753,23753,0,1,0,1,0,424,1014
23754,23754,0,1,0,1,0,424,1014
23755,23755,0,1,0,1,0,424,1014
23756,23756,0,1,1,0,0,424,1014
23757,23757,0,1,0,0,0,424,1014
23758,23758,0,1,0,0,0,424,1014
23759,23759,0,1,0,0,0,424,1014
23760,23760,0,1,1,0,0,424,1015
23761,23761,0,1,0,0,0,424,1015
23762,23762,0,1,0,0,0,424,1015
23763,23763,0,1,0,0,0,424,1015
23764,23764,0,1,1,0,0,424,1015
23765,23765,0,1,0,0,1,424,1015
23766,23766,0,1,0,0,1,424,1015
23767,23767,0,1,0,0,1,424,1015
23768,23768,0,1,1,0,1,424,1015
23769,23769,0,1,0,0,1,424,1015
23770,23770,0,1,0,0,1,424,1015
23771,23771,0,1,0,0,1,424,1015
23772,23772,0,1,1,0,1,424,1015
23773,23773,0,1,0,0,0,424,1015
23774,23774,0,1,0,0,0,424,1015
23775,23775,0,1,0,0,0,424,1015
23776,23776,0,1,1,0,0,424,1015
23777,23777,0,1,0,0,0,424,1015
23778,23778,0,1,0,0,0,424,1015
23779,23779,0,1,0,0,0,424,1015
23780,23780,0,1,1,0,0,424,1016
23781,23781,0,1,0,0,1,424,1016
23782,23782,0,1,0,0,1,424,1016
23783,23783,0,1,0,0,1,424,1016
23784,23784,0,1,1,0,1,424,1016
23785,23785,0,1,0,0,1,424,1016
23786,23786,0,1,0,0,1,424,1016
23787,23787,0,1,0,0,1,424,1016
23788,23788,0,1,1,0,1,424,1016
23789,23789,0,1,0,0,1,424,1016
23790,23790,0,1,0,0,1,424,1016
23791,23791,0,1,0,0,1,424,1016
23792,23792,0,1,1,0,1,424,1016
23793,23793,0,1,0,0,1,424,1016
23794,23794,0,1,0,0,1,424,1016
23795,23795,0,1,0,0,1,424,1016
23796,23796,0,1,1,1,1,424,1016
23797,23797,0,1,0,1,1,424,1016
23798,23798,0,1,0,1,1,424,1016
23799,23799,0,1,0,1,1,424,1016
23800,23800,0,1,1,1,1,424,1017
23801,23801,0,1,0,1,0,424,1017
23802,23802,0,1,0,1,0,424,1017
23803,23803,0,1,0,1,0,424,1017
23804,23804,0,1,1,1,0,424,1017
23805,23805,0,1,0,1,0,424,1017
23806,23806,0,1,0,1,0,424,1017
23807,23807,0,1,0,1,0,424,1017
23808,23808,0,1,1,1,0,424,1017
23809,23809,0,1,0,1,0,424,1017
23810,23810,0,1,0,1,0,424,1017
23811,23811,0,1,0,1,0,424,1017
23812,23812,0,1,1,1,0,424,1017
23813,23813,0,1,0,1,1,424,1017
23814,23814,0,1,0,1,1,424,1017
23815,23815,0,1,0,1,1,424,1017
23816,23816,0,1,1,0,1,424,1017
23817,23817,0,1,0,0,0,424,1017
23818,23818,0,1,0,0,0,424,1017
23819,23819,0,1,0,0,0,424,1017
23820,23820,0,1,1,0,0,424,1018
23821,23821,0,1,0,0,0,424,1018
23822,23822,0,1,0,0,0,424,1018
23823,23823,0,1,0,0,0,424,1018
23824,23824,0,1,1,0,0,424,1018
23825,23825,0,1,0,0,1,424,1018
23826,23826,0,1,0,0,1,424,1018
23827,23827,0,1,0,0,1,424,1018
23828,23828,0,1,1,0,1,424,1018
23829,23829,0,1,0,0,1,424,1018
23830,23830,0,1,0,0,1,424,1018
23831,23831,0,1,0,0,1,424,1018
23832,23832,0,1,1,0,1,424,1018
23833,23833,0,1,0,0,1,424,1018
23834,23834,0,1,0,0,1,424,1018
23835,23835,0,1,0,0,1,424,1018
23836,23836,0,1,1,0,1,424,1018
23837,23837,0,1,0,0,0,424,1018
23838,23838,0,1,0,0,0,424,1018
23839,23839,0,1,0,0,0,424,1018
23840,23840,0,1,1,0,0,424,1019
23841,23841,0,1,0,0,0,424,1019
23842,23842,0,1,0,0,0,424,1019
23843,23843,0,1,0,0,0,424,1019
23844,23844,0,1,1,0,0,424,1019
23845,23845,0,1,0,0,1,424,1019
23846,23846,0,1,0,0,1,424,1019
23847,23847,0,1,0,0,1,424,1019
23848,23848,0,1,1,0,1,424,1019
23849,23849,0,1,0,0,0,424,1019
23850,23850,0,1,0,0,0,424,1019
23851,23851,0,1,0,0,0,425,1019
23852,23852,0,1,1,0,0,425,1019
23853,23853,0,1,0,0,1,425,1019
23854,23854,0,1,0,0,1,425,1019
23855,23855,0,1,0,0,1,425,1019
23856,23856,0,1,1,1,1,425,1019
23857,23857,0,1,0,1,0,425,1019
23858,23858,0,1,0,1,0,425,1019
23859,23859,0,1,0,1,0,425,1019
23860,23860,0,1,1,1,0,425,1020
23861,23861,0,1,0,1,1,425,1020
23862,23862,0,1,0,1,1,425,1020
23863,23863,0,1,0,1,1,425,1020
23864,23864,0,1,1,1,1,425,1020
23865,23865,0,1,0,1,1,425,1020
23866,23866,0,1,0,1,1,425,1020
23867,23867,0,1,0,1,1,425,1020
23868,23868,0,1,1,1,1,425,1020
23869,23869,0,1,0,1,0,425,1020
23870,23870,0,1,0,1,0,425,1020
23871,23871,0,1,0,1,0,425,1020
23872,23872,0,1,1,1,0,425,1020
23873,23873,0,1,0,1,0,425,1020
23874,23874,0,1,0,1,0,425,1020
23875,23875,0,1,0,1,0,425,1020
23876,23876,0,1,1,1,0,425,1020
23877,23877,0,1,0,1,1,425,1020
23878,23878,0,1,0,1,1,425,1020
23879,23879,0,1,0,1,1,425,1020
23880,23880,0,1,1,1,1,425,1021
23881,23881,0,1,0,1,1,425,1021
23882,23882,0,1,0,1,1,425,1021
23883,23883,0,1,0,1,1,425,1021
23884,23884,0,1,1,1,1,425,1021
23885,23885,0,1,0,1,0,425,1021
23886,23886,0,1,0,1,0,425,1021
23887,23887,0,1,0,1,0,425,1021
23888,23888,0,1,1,1,0,425,1021
23889,23889,0,1,0,1,1,425,1021
23890,23890,0,1,0,1,1,425,1021
23891,23891,0,1,0,1,1,426,1021
23892,23892,0,1,1,1,1,426,1021
23893,23893,0,1,0,1,1,426,1021
23894,23894,0,1,0,1,1,426,1021
23895,23895,0,1,0,1,1,426,1021
23896,23896,0,1,1,0,1,426,1021
23897,23897,0,1,0,0,1,426,1021
23898,23898,0,1,0,0,1,426,1021
23899,23899,0,1,0,0,1,426,1021
23900,23900,0,1,1,0,1,426,1022
23901,23901,0,1,0,0,0,426,1022
23902,23902,0,1,0,0,0,426,1022
23903,23903,0,1,0,0,0,426,1022
23904,23904,0,1,1,0,0,426,1022
23905,23905,0,1,0,0,1,426,1022
23906,23906,0,1,0,0,1,426,1022
23907,23907,0,1,0,0,1,426,1022
23908,23908,0,1,1,0,1,426,1022
23909,23909,0,1,0,0,0,426,1022
23910,23910,0,1,0,0,0,426,1022
23911,23911,0,1,0,0,0,427,1022
23912,23912,0,1,1,0,0,427,1022
23913,23913,0,1,0,0,0,427,1022
23914,23914,0,1,0,0,0,427,1022
23915,23915,0,1,0,0,0,427,1022
23916,23916,0,1,1,0,0,427,1022
23917,23917,0,1,0,0,1,427,1022
23918,23918,0,1,0,0,1,427,1022
23919,23919,0,1,0,0,1,427,1022
23920,23920,0,1,1,0,1,427,1023
23921,23921,0,1,0,0,0,427,1023
23922,23922,0,1,0,0,0,427,1023
23923,23923,0,1,0,0,0,427,1023
23924,23924,0,1,1,0,0,427,1023
23925,23925,0,1,0,0,0,427,1023
23926,23926,0,1,0,0,0,427,1023
23927,23927,0,1,0,0,0,427,1023
23928,23928,0,1,1,0,0,427,1023
23929,23929,0,1,0,0,1,427,1023
23930,23930,0,1,0,0,1,427,1023
23931,23931,0,1,0,0,1,427,1023
23932,23932,0,1,1,0,1,427,1023
23933,23933,0,1,0,0,1,427,1023
23934,23934,0,1,0,0,1,427,1023
23935,23935,0,1,0,0,1,427,1023
23936,23936,0,1,1,0,1,427,1023
23937,23937,0,1,0,0,1,427,1023
23938,23938,0,1,0,0,1,427,1023
23939,23939,0,1,0,0,1,427,1023
23940,23940,0,1,1,0,1,427,1024
23941,23941,0,1,0,0,1,427,1024
23942,23942,0,1,0,0,1,427,1024
23943,23943,0,1,0,0,1,427,1024
23944,23944,0,1,1,0,1,427,1024
23945,23945,0,1,0,0,1,427,1024
23946,23946,0,1,0,0,1,427,1024
23947,23947,0,1,0,0,1,427,1024
23948,23948,0,1,1,0,1,427,1024
23949,23949,0,1,0,0,1,427,1024
23950,23950,0,1,0,0,1,427,1024
23951,23951,0,1,0,0,1,427,1024
23952,23952,0,1,1,0,1,427,1024
23953,23953,0,1,0,0,1,427,1024
23954,23954,0,1,0,0,1,427,1024
23955,23955,0,1,0,0,1,427,1024
23956,23956,0,1,1,0,1,427,1024
23957,23957,0,1,0,0,1,427,1024
23958,23958,0,1,0,0,1,427,1024
23959,23959,0,1,0,0,1,427,1024
23960,23960,0,1,1,0,1,427,1025
23961,23961,0,1,0,0,1,427,1025
23962,23962,0,1,0,0,1,427,1025
23963,23963,0,1,0,0,1,427,1025
23964,23964,0,1,1,0,1,427,1025
23965,23965,0,1,0,0,0,427,1025
23966,23966,0,1,0,0,0,427,1025
23967,23967,0,1,0,0,0,427,1025
23968,23968,0,1,1,0,0,427,1025
23969,23969,0,1,0,0,1,427,1025
23970,23970,0,1,0,0,1,427,1025
23971,23971,0,1,0,0,1,427,1025
23972,23972,0,1,1,0,1,427,1025
23973,23973,0,1,0,0,1,427,1025
23974,23974,0,1,0,0,1,427,1025
23975,23975,0,1,0,0,1,427,1025
23976,23976,0,1,1,1,1,427,1025
23977,23977,0,1,0,1,1,427,1025
23978,23978,0,1,0,1,1,427,1025
23979,23979,0,1,0,1,1,427,1025
23980,23980,0,1,1,1,1,427,1026
23981,23981,0,1,0,1,1,427,1026
23982,23982,0,1,0,1,1,427,1026
23983,23983,0,1,0,1,1,427,1026
23984,23984,0,1,1,1,1,427,1026
23985,23985,0,1,0,1,1,427,1026
23986,23986,0,1,0,1,1,427,1026
23987,23987,0,1,0,1,1,427,1026
23988,23988,0,1,1,1,1,427,1026
23989,23989,0,1,0,1,0,427,1026
23990,23990,0,1,0,1,0,427,1026
23991,23991,0,1,0,1,0,427,1026
23992,23992,0,1,1,1,0,427,1026
23993,23993,0,1,0,1,1,427,1026
23994,23994,0,1,0,1,1,427,1026
23995,23995,0,1,0,1,1,427,1026
23996,23996,0,1,1,1,1,427,1026
23997,23997,0,1,0,1,0,427,1026
23998,23998,0,1,0,1,0,427,1026
23999,23999,0,1,0,1,0,427,1026
24000,24000,0,1,1,1,0,427,1027
24001,24001,0,1,0,1,1,427,1027
24002,24002,0,1,0,1,1,427,1027
24003,24003,0,1,0,1,1,427,1027
24004,24004,0,1,1,1,1,427,1027
24005,24005,0,1,0,1,1,427,1027
24006,24006,0,1,0,1,1,427,1027
24007,24007,0,1,0,1,1,427,1027
24008,24008,0,1,1,1,1,427,1027
24009,24009,0,1,0,1,1,427,1027
24010,24010,0,1,0,1,1,427,1027
24011,24011,0,1,0,1,1,428,1027
24012,24012,0,1,1,1,1,428,1027
24013,24013,0,1,0,1,1,428,1027
24014,24014,0,1,0,1,1,428,1027
24015,24015,0,1,0,1,1,428,1027
24016,24016,0,1,1,0,1,428,1027
24017,24017,0,1,0,0,1,428,1027
24018,24018,0,1,0,0,1,428,1027
24019,24019,0,1,0,0,1,428,1027
24020,24020,0,1,1,0,1,428,1028
24021,24021,0,1,0,0,0,428,1028
24022,24022,0,1,0,0,0,428,1028
24023,24023,0,1,0,0,0,428,1028
24024,24024,0,1,1,0,0,428,1028
24025,24025,0,1,0,0,1,428,1028
24026,24026,0,1,0,0,1,428,1028
24027,24027,0,1,0,0,1,428,1028
24028,24028,0,1,1,0,1,428,1028
24029,24029,0,1,0,0,1,428,1028
24030,24030,0,1,0,0,1,428,1028
24031,24031,0,1,0,0,1,428,1028
24032,24032,0,1,1,0,1,428,1028
24033,24033,0,1,0,0,0,428,1028
24034,24034,0,1,0,0,0,428,1028
24035,24035,0,1,0,0,0,428,1028
24036,24036,0,1,1,0,0,428,1028
24037,24037,0,1,0,0,1,428,1028
24038,24038,0,1,0,0,1,428,1028
24039,24039,0,1,0,0,1,428,1028
24040,24040,0,1,1,0,1,428,1029
24041,24041,0,1,0,0,1,428,1029
24042,24042,0,1,0,0,1,428,1029
24043,24043,0,1,0,0,1,428,1029
24044,24044,0,1,1,0,1,428,1029
24045,24045,0,1,0,0,1,428,1029
24046,24046,0,1,0,0,1,428,1029
24047,24047,0,1,0,0,1,428,1029
24048,24048,0,1,1,0,1,428,1029
24049,24049,0,1,0,0,1,428,1029
24050,24050,0,1,0,0,1,428,1029
24051,24051,0,1,0,0,1,428,1029
24052,24052,0,1,1,0,1,428,1029
24053,24053,0,1,0,0,0,428,1029
24054,24054,0,1,0,0,0,428,1029
24055,24055,0,1,0,0,0,428,1029
24056,24056,0,1,1,1,0,428,1029
24057,24057,0,1,0,1,1,428,1029
24058,24058,0,1,0,1,1,428,1029
24059,24059,0,1,0,1,1,428,1029
24060,24060,0,1,1,1,1,428,1030
24061,24061,0,1,0,1,1,428,1030
24062,24062,0,1,0,1,1,428,1030
24063,24063,0,1,0,1,1,428,1030
24064,24064,0,1,1,1,1,428,1030
24065,24065,0,1,0,1,0,428,1030
24066,24066,0,1,0,1,0,428,1030
24067,24067,0,1,0,1,0,428,1030
24068,24068,0,1,1,1,0,428,1030
24069,24069,0,1,0,1,0,428,1030
24070,24070,0,1,0,1,0,428,1030
24071,24071,0,1,0,1,0,428,1030
24072,24072,0,1,1,1,0,428,1030
24073,24073,0,1,0,1,1,428,1030
24074,24074,0,1,0,1,1,428,1030
24075,24075,0,1,0,1,1,428,1030
24076,24076,0,1,1,1,1,428,1030
24077,24077,0,1,0,1,1,428,1030
24078,24078,0,1,0,1,1,428,1030
24079,24079,0,1,0,1,1,428,1030
24080,24080,0,1,1,1,1,428,1031
24081,24081,0,1,0,1,0,428,1031
24082,24082,0,1,0,1,0,428,1031
24083,24083,0,1,0,1,0,428,1031
24084,24084,0,1,1,1,0,428,1031
24085,24085,0,1,0,1,1,428,1031
24086,24086,0,1,0,1,1,428,1031
24087,24087,0,1,0,1,1,428,1031
24088,24088,0,1,1,1,1,428,1031
24089,24089,0,1,0,1,0,428,1031
24090,24090,0,1,0,1,0,428,1031
24091,24091,0,1,0,1,0,428,1031
24092,24092,0,1,1,1,0,428,1031
24093,24093,0,1,0,1,0,428,1031
24094,24094,0,1,0,1,0,428,1031
24095,24095,0,1,0,1,0,428,1031
24096,24096,0,1,1,0,0,428,1031
24097,24097,0,1,0,0,1,428,1031
24098,24098,0,1,0,0,1,428,1031
24099,24099,0,1,0,0,1,428,1031
24100,24100,0,1,1,0,1,428,1032
24101,24101,0,1,0,0,1,428,1032
24102,24102,0,1,0,0,1,428,1032
24103,24103,0,1,0,0,1,428,1032
24104,24104,0,1,1,0,1,428,1032
24105,24105,0,1,0,0,1,428,1032
24106,24106,0,1,0,0,1,428,1032
24107,24107,0,1,0,0,1,428,1032
24108,24108,0,1,1,0,1,428,1032
24109,24109,0,1,0,0,1,428,1032
24110,24110,0,1,0,0,1,428,1032
24111,24111,0,1,0,0,1,428,1032
24112,24112,0,1,1,0,1,428,1032
24113,24113,0,1,0,0,0,428,1032
24114,24114,0,1,0,0,0,428,1032
24115,24115,0,1,0,0,0,428,1032
24116,24116,0,1,1,1,0,428,1032
24117,24117,0,1,0,1,1,428,1032
24118,24118,0,1,0,1,1,428,1032
24119,24119,0,1,0,1,1,428,1032
24120,24120,0,1,1,1,1,428,1033
24121,24121,0,1,0,1,0,428,1033
24122,24122,0,1,0,1,0,428,1033
24123,24123,0,1,0,1,0,428,1033
24124,24124,0,1,1,1,0,428,1033
24125,24125,0,1,0,1,1,428,1033
24126,24126,0,1,0,1,1,428,1033
24127,24127,0,1,0,1,1,428,1033
24128,24128,0,1,1,1,1,428,1033
24129,24129,0,1,0,1,1,428,1033
24130,24130,0,1,0,1,1,428,1033
24131,24131,0,1,0,1,1,429,1033
24132,24132,0,1,1,1,1,429,1033
24133,24133,0,1,0,1,0,429,1033
24134,24134,0,1,0,1,0,429,1033
24135,24135,0,1,0,1,0,429,1033
24136,24136,0,1,1,0,0,429,1033
24137,24137,0,1,0,0,0,429,1033
24138,24138,0,1,0,0,0,429,1033
24139,24139,0,1,0,0,0,429,1033
24140,24140,0,1,1,0,0,429,1034
24141,24141,0,1,0,0,0,429,1034
24142,24142,0,1,0,0,0,429,1034
24143,24143,0,1,0,0,0,429,1034
24144,24144,0,1,1,0,0,429,1034
24145,24145,0,1,0,0,0,429,1034
24146,24146,0,1,0,0,0,429,1034
24147,24147,0,1,0,0,0,429,1034
24148,24148,0,1,1,0,0,429,1034
24149,24149,0,1,0,0,1,429,1034
24150,24150,0,1,0,0,1,429,1034
24151,24151,0,1,0,0,1,429,1034
24152,24152,0,1,1,0,1,429,1034
24153,24153,0,1,0,0,1,429,1034
24154,24154,0,1,0,0,1,429,1034
24155,24155,0,1,0,0,1,429,1034
24156,24156,0,1,1,0,1,429,1034
24157,24157,0,1,0,0,1,429,1034
24158,24158,0,1,0,0,1,429,1034
24159,24159,0,1,0,0,1,429,1034
24160,24160,0,1,1,0,1,429,1035
24161,24161,0,1,0,0,1,429,1035
24162,24162,0,1,0,0,1,429,1035
24163,24163,0,1,0,0,1,429,1035
24164,24164,0,1,1,0,1,429,1035
24165,24165,0,1,0,0,0,429,1035
24166,24166,0,1,0,0,0,429,1035
24167,24167,0,1,0,0,0,429,1035
24168,24168,0,1,1,0,0,429,1035
24169,24169,0,1,0,0,0,429,1035
24170,24170,0,1,0,0,0,429,1035
24171,24171,0,1,0,0,0,430,1035
24172,24172,0,1,1,0,0,430,1035
24173,24173,0,1,0,0,1,430,1035
24174,24174,0,1,0,0,1,430,1035
24175,24175,0,1,0,0,1,430,1035
24176,24176,0,1,1,0,1,430,1035
24177,24177,0,1,0,0,1,430,1035
24178,24178,0,1,0,0,1,430,1035
24179,24179,0,1,0,0,1,430,1035
24180,24180,0,1,1,0,1,430,1036
24181,24181,0,1,0,0,1,430,1036
24182,24182,0,1,0,0,1,430,1036
24183,24183,0,1,0,0,1,430,1036
24184,24184,0,1,1,0,1,430,1036
24185,24185,0,1,0,0,1,430,1036
24186,24186,0,1,0,0,1,430,1036
24187,24187,0,1,0,0,1,430,1036
24188,24188,0,1,1,0,1,430,1036
24189,24189,0,1,0,0,1,430,1036
24190,24190,0,1,0,0,1,430,1036
24191,24191,0,1,0,0,1,430,1036
24192,24192,0,1,1,0,1,430,1036
24193,24193,0,1,0,0,0,430,1036
24194,24194,0,1,0,0,0,430,1036
24195,24195,0,1,0,0,0,430,1036
24196,24196,0,1,1,0,0,430,1036
24197,24197,0,1,0,0,0,430,1036
24198,24198,0,1,0,0,0,430,1036
24199,24199,0,1,0,0,0,430,1036
24200,24200,0,1,1,0,0,430,1037
24201,24201,0,1,0,0,0,430,1037
24202,24202,0,1,0,0,0,430,1037
24203,24203,0,1,0,0,0,430,1037
24204,24204,0,1,1,0,0,430,1037
24205,24205,0,1,0,0,1,430,1037
24206,24206,0,1,0,0,1,430,1037
24207,24207,0,1,0,0,1,430,1037
24208,24208,0,1,1,0,1,430,1037
24209,24209,0,1,0,0,1,430,1037
24210,24210,0,1,0,0,1,430,1037
24211,24211,0,1,0,0,1,430,1037
24212,24212,0,1,1,0,1,430,1037
24213,24213,0,1,0,0,1,430,1037
24214,24214,0,1,0,0,1,430,1037
24215,24215,0,1,0,0,1,430,1037
24216,24216,0,1,1,1,1,430,1037
24217,24217,0,1,0,1,1,430,1037
24218,24218,0,1,0,1,1,430,1037
24219,24219,0,1,0,1,1,430,1037
24220,24220,0,1,1,1,1,430,1038
24221,24221,0,1,0,1,0,430,1038
24222,24222,0,1,0,1,0,430,1038
24223,24223,0,1,0,1,0,430,1038
24224,24224,0,1,1,1,0,430,1038
24225,24225,0,1,0,1,1,430,1038
24226,24226,0,1,0,1,1,430,1038
24227,24227,0,1,0,1,1,430,1038
24228,24228,0,1,1,1,1,430,1038
24229,24229,0,1,0,1,0,430,1038
24230,24230,0,1,0,1,0,430,1038
24231,24231,0,1,0,1,0,430,1038
24232,24232,0,1,1,1,0,430,1038
24233,24233,0,1,0,1,1,430,1038
24234,24234,0,1,0,1,1,430,1038
24235,24235,0,1,0,1,1,430,1038
24236,24236,0,1,1,0,1,430,1038
24237,24237,0,1,0,0,0,430,1038
24238,24238,0,1,0,0,0,430,1038
24239,24239,0,1,0,0,0,430,1038
24240,24240,0,1,1,0,0,430,1039
24241,24241,0,1,0,0,1,430,1039
24242,24242,0,1,0,0,1,430,1039
24243,24243,0,1,0,0,1,430,1039
24244,24244,0,1,1,0,1,430,1039
24245,24245,0,1,0,0,1,430,1039
24246,24246,0,1,0,0,1,430,1039
24247,24247,0,1,0,0,1,430,1039
24248,24248,0,1,1,0,1,430,1039
24249,24249,0,1,0,0,0,430,1039
24250,24250,0,1,0,0,0,430,1039
24251,24251,0,1,0,0,0,431,1039
24252,24252,0,1,1,0,0,431,1039
24253,24253,0,1,0,0,1,431,1039
24254,24254,0,1,0,0,1,431,1039
24255,24255,0,1,0,0,1,431,1039
24256,24256,0,1,1,1,1,431,1039
24257,24257,0,1,0,1,1,431,1039
24258,24258,0,1,0,1,1,431,1039
24259,24259,0,1,0,1,1,431,1039
24260,24260,0,1,1,1,1,431,1040
24261,24261,0,1,0,1,1,431,1040
24262,24262,0,1,0,1,1,431,1040
24263,24263,0,1,0,1,1,431,1040
24264,24264,0,1,1,1,1,431,1040
24265,24265,0,1,0,1,0,431,1040
24266,24266,0,1,0,1,0,431,1040
24267,24267,0,1,0,1,0,431,1040
24268,24268,0,1,1,1,0,431,1040
24269,24269,0,1,0,1,0,431,1040
24270,24270,0,1,0,1,0,431,1040
24271,24271,0,1,0,1,0,431,1040
24272,24272,0,1,1,1,0,431,1040
24273,24273,0,1,0,1,1,431,1040
24274,24274,0,1,0,1,1,431,1040
24275,24275,0,1,0,1,1,431,1040
24276,24276,0,1,1,1,1,431,1040
24277,24277,0,1,0,1,1,431,1040
24278,24278,0,1,0,1,1,431,1040
24279,24279,0,1,0,1,1,431,1040
24280,24280,0,1,1,1,1,431,1041
24281,24281,0,1,0,1,0,431,1041
24282,24282,0,1,0,1,0,431,1041
24283,24283,0,1,0,1,0,431,1041
24284,24284,0,1,1,1,0,431,1041
24285,24285,0,1,0,1,1,431,1041
24286,24286,0,1,0,1,1,431,1041
24287,24287,0,1,0,1,1,431,1041
24288,24288,0,1,1,1,1,431,1041
24289,24289,0,1,0,1,1,431,1041
24290,24290,0,1,0,1,1,431,1041
24291,24291,0,1,0,1,1,432,1041
24292,24292,0,1,1,1,1,432,1041
24293,24293,0,1,0,1,0,432,1041
24294,24294,0,1,0,1,0,432,1041
24295,24295,0,1,0,1,0,432,1041
24296,24296,0,1,1,0,0,432,1041
24297,24297,0,1,0,0,1,432,1041
24298,24298,0,1,0,0,1,432,1041
24299,24299,0,1,0,0,1,432,1041
24300,24300,0,1,1,0,1,432,1042
24301,24301,0,1,0,0,1,432,1042
24302,24302,0,1,0,0,1,432,1042
24303,24303,0,1,0,0,1,432,1042
24304,24304,0,1,1,0,1,432,1042
24305,24305,0,1,0,0,1,432,1042
24306,24306,0,1,0,0,1,432,1042
24307,24307,0,1,0,0,1,432,1042
24308,24308,0,1,1,0,1,432,1042
24309,24309,0,1,0,0,0,432,1042
24310,24310,0,1,0,0,0,432,1042
24311,24311,0,1,0,0,0,433,1042
24312,24312,0,1,1,0,0,433,1042
24313,24313,0,1,0,0,1,433,1042
24314,24314,0,1,0,0,1,433,1042
24315,24315,0,1,0,0,1,433,1042
24316,24316,0,1,1,1,1,433,1042
24317,24317,0,1,0,1,0,433,1042
24318,24318,0,1,0,1,0,433,1042
24319,24319,0,1,0,1,0,433,1042
24320,24320,0,1,1,1,0,433,1043
24321,24321,0,1,0,1,0,433,1043
24322,24322,0,1,0,1,0,433,1043
24323,24323,0,1,0,1,0,433,1043
24324,24324,0,1,1,1,0,433,1043
24325,24325,0,1,0,1,1,433,1043
24326,24326,0,1,0,1,1,433,1043
24327,24327,0,1,0,1,1,433,1043
24328,24328,0,1,1,1,1,433,1043
24329,24329,0,1,0,1,0,433,1043
24330,24330,0,1,0,1,0,433,1043
24331,24331,0,1,0,1,0,433,1043
24332,24332,0,1,1,1,0,433,1043
24333,24333,0,1,0,1,0,433,1043
24334,24334,0,1,0,1,0,433,1043
24335,24335,0,1,0,1,0,433,1043
24336,24336,0,1,1,0,0,433,1043
24337,24337,0,1,0,0,0,433,1043
24338,24338,0,1,0,0,0,433,1043
24339,24339,0,1,0,0,0,433,1043
24340,24340,0,1,1,0,0,433,1044
24341,24341,0,1,0,0,1,433,1044
24342,24342,0,1,0,0,1,433,1044
24343,24343,0,1,0,0,1,433,1044
24344,24344,0,1,1,0,1,433,1044
24345,24345,0,1,0,0,0,433,1044
24346,24346,0,1,0,0,0,433,1044
24347,24347,0,1,0,0,0,433,1044
24348,24348,0,1,1,0,0,433,1044
24349,24349,0,1,0,0,1,433,1044
24350,24350,0,1,0,0,1,433,1044
24351,24351,0,1,0,0,1,433,1044
24352,24352,0,1,1,0,1,433,1044
24353,24353,0,1,0,0,1,433,1044
24354,24354,0,1,0,0,1,433,1044
24355,24355,0,1,0,0,1,433,1044
24356,24356,0,1,1,1,1,433,1044
24357,24357,0,1,0,1,0,433,1044
24358,24358,0,1,0,1,0,433,1044
24359,24359,0,1,0,1,0,433,1044
24360,24360,0,1,1,1,0,433,1045
24361,24361,0,1,0,1,1,433,1045
24362,24362,0,1,0,1,1,433,1045
24363,24363,0,1,0,1,1,433,1045
24364,24364,0,1,1,1,1,433,1045
24365,24365,0,1,0,1,1,433,1045
24366,24366,0,1,0,1,1,433,1045
24367,24367,0,1,0,1,1,433,1045
24368,24368,0,1,1,1,1,433,1045
24369,24369,0,1,0,1,1,433,1045
24370,24370,0,1,0,1,1,433,1045
24371,24371,0,1,0,1,1,434,1045
24372,24372,0,1,1,1,1,434,1045
24373,24373,0,1,0,1,1,434,1045
24374,24374,0,1,0,1,1,434,1045
24375,24375,0,1,0,1,1,434,1045
24376,24376,0,1,1,1,1,434,1045
24377,24377,0,1,0,1,0,434,1045
24378,24378,0,1,0,1,0,434,1045
24379,24379,0,1,0,1,0,434,1045
24380,24380,0,1,1,1,0,434,1046
24381,24381,0,1,0,1,1,434,1046
24382,24382,0,1,0,1,1,434,1046
24383,24383,0,1,0,1,1,434,1046
24384,24384,0,1,1,1,1,434,1046
24385,24385,0,1,0,1,0,434,1046
24386,24386,0,1,0,1,0,434,1046
24387,24387,0,1,0,1,0,434,1046
24388,24388,0,1,1,1,0,434,1046
24389,24389,0,1,0,1,0,434,1046
24390,24390,0,1,0,1,0,434,1046
24391,24391,0,1,0,1,0,434,1046
24392,24392,0,1,1,1,0,434,1046
24393,24393,0,1,0,1,0,434,1046
24394,24394,0,1,0,1,0,434,1046
24395,24395,0,1,0,1,0,434,1046
24396,24396,0,1,1,0,0,434,1046
24397,24397,0,1,0,0,1,434,1046
24398,24398,0,1,0,0,1,434,1046
24399,24399,0,1,0,0,1,434,1046
24400,24400,0,1,1,0,1,434,1047
24401,24401,0,1,0,0,0,434,1047
24402,24402,0,1,0,0,0,434,1047
24403,24403,0,1,0,0,0,434,1047
24404,24404,0,1,1,0,0,434,1047
24405,24405,0,1,0,0,1,434,1047
24406,24406,0,1,0,0,1,434,1047
24407,24407,0,1,0,0,1,434,1047
24408,24408,0,1,1,0,1,434,1047
24409,24409,0,1,0,0,0,434,1047
24410,24410,0,1,0,0,0,434,1047
24411,24411,0,1,0,0,0,435,1047
24412,24412,0,1,1,0,0,435,1047
24413,24413,0,1,0,0,1,435,1047
24414,24414,0,1,0,0,1,435,1047
24415,24415,0,1,0,0,1,435,1047
24416,24416,0,1,1,1,1,435,1047
24417,24417,0,1,0,1,1,435,1047
24418,24418,0,1,0,1,1,435,1047
24419,24419,0,1,0,1,1,435,1047
24420,24420,0,1,1,1,1,435,1048
24421,24421,0,1,0,1,1,435,1048
24422,24422,0,1,0,1,1,435,1048
24423,24423,0,1,0,1,1,435,1048
24424,24424,0,1,1,1,1,435,1048
24425,24425,0,1,0,1,1,435,1048
24426,24426,0,1,0,1,1,435,1048
24427,24427,0,1,0,1,1,435,1048
24428,24428,0,1,1,1,1,435,1048
24429,24429,0,1,0,1,1,435,1048
24430,24430,0,1,0,1,1,435,1048
24431,24431,0,1,0,1,1,436,1048
24432,24432,0,1,1,1,1,436,1048
24433,24433,0,1,0,1,0,436,1048
24434,24434,0,1,0,1,0,436,1048
24435,24435,0,1,0,1,0,436,1048
24436,24436,0,1,1,0,0,436,1048
24437,24437,0,1,0,0,0,436,1048
24438,24438,0,1,0,0,0,436,1048
24439,24439,0,1,0,0,0,436,1048
24440,24440,0,1,1,0,0,436,1049
24441,24441,0,1,0,0,0,436,1049
24442,24442,0,1,0,0,0,436,1049
24443,24443,0,1,0,0,0,436,1049
24444,24444,0,1,1,0,0,436,1049
24445,24445,0,1,0,0,0,436,1049
24446,24446,0,1,0,0,0,436,1049
24447,24447,0,1,0,0,0,436,1049
24448,24448,0,1,1,0,0,436,1049
24449,24449,0,1,0,0,1,436,1049
24450,24450,0,1,0,0,1,436,1049
24451,24451,0,1,0,0,1,436,1049
24452,24452,0,1,1,0,1,436,1049
24453,24453,0,1,0,0,0,436,1049
24454,24454,0,1,0,0,0,436,1049
24455,24455,0,1,0,0,0,436,1049
24456,24456,0,1,1,0,0,436,1049
24457,24457,0,1,0,0,0,436,1049
24458,24458,0,1,0,0,0,436,1049
24459,24459,0,1,0,0,0,436,1049
24460,24460,0,1,1,0,0,436,1050
24461,24461,0,1,0,0,1,436,1050
24462,24462,0,1,0,0,1,436,1050
24463,24463,0,1,0,0,1,436,1050
24464,24464,0,1,1,0,1,436,1050
24465,24465,0,1,0,0,1,436,1050
24466,24466,0,1,0,0,1,436,1050
24467,24467,0,1,0,0,1,436,1050
24468,24468,0,1,1,0,1,436,1050
24469,24469,0,1,0,0,0,436,1050
24470,24470,0,1,0,0,0,436,1050
24471,24471,0,1,0,0,0,437,1050
24472,24472,0,1,1,0,0,437,1050
24473,24473,0,1,0,0,1,437,1050
24474,24474,0,1,0,0,1,437,1050
24475,24475,0,1,0,0,1,437,1050
24476,24476,0,1,1,1,1,437,1050
24477,24477,0,1,0,1,0,437,1050
24478,24478,0,1,0,1,0,437,1050
24479,24479,0,1,0,1,0,437,1050
24480,24480,0,1,1,1,0,437,1051
24481,24481,0,1,0,1,0,437,1051
24482,24482,0,1,0,1,0,437,1051
24483,24483,0,1,0,1,0,437,1051
24484,24484,0,1,1,1,0,437,1051
24485,24485,0,1,0,1,0,437,1051
24486,24486,0,1,0,1,0,437,1051
24487,24487,0,1,0,1,0,437,1051
24488,24488,0,1,1,1,0,437,1051
24489,24489,0,1,0,1,1,437,1051
24490,24490,0,1,0,1,1,437,1051
24491,24491,0,1,0,1,1,438,1051
24492,24492,0,1,1,1,1,438,1051
24493,24493,0,1,0,1,0,438,1051
24494,24494,0,1,0,1,0,438,1051
24495,24495,0,1,0,1,0,438,1051
24496,24496,0,1,1,0,0,438,1051
24497,24497,0,1,0,0,0,438,1051
24498,24498,0,1,0,0,0,438,1051
24499,24499,0,1,0,0,0,438,1051
24500,24500,0,1,1,0,0,438,1052
24501,24501,0,1,0,0,0,438,1052
24502,24502,0,1,0,0,0,438,1052
24503,24503,0,1,0,0,0,438,1052
24504,24504,0,1,1,0,0,438,1052
24505,24505,0,1,0,0,0,438,1052
24506,24506,0,1,0,0,0,438,1052
24507,24507,0,1,0,0,0,438,1052
24508,24508,0,1,1,0,0,438,1052
24509,24509,0,1,0,0,1,438,1052
24510,24510,0,1,0,0,1,438,1052
24511,24511,0,1,0,0,1,438,1052
24512,24512,0,1,1,0,1,438,1052
24513,24513,0,1,0,0,1,438,1052
24514,24514,0,1,0,0,1,438,1052
24515,24515,0,1,0,0,1,438,1052
24516,24516,0,1,1,1,1,438,1052
24517,24517,0,1,0,1,1,438,1052
24518,24518,0,1,0,1,1,438,1052
24519,24519,0,1,0,1,1,438,1052
24520,24520,0,1,1,1,1,438,1053
24521,24521,0,1,0,1,0,438,1053
24522,24522,0,1,0,1,0,438,1053
24523,24523,0,1,0,1,0,438,1053
24524,24524,0,1,1,1,0,438,1053
24525,24525,0,1,0,1,0,438,1053
24526,24526,0,1,0,1,0,438,1053
24527,24527,0,1,0,1,0,438,1053
24528,24528,0,1,1,1,0,438,1053
24529,24529,0,1,0,1,0,438,1053
24530,24530,0,1,0,1,0,438,1053
24531,24531,0,1,0,1,0,438,1053
24532,24532,0,1,1,1,0,438,1053
24533,24533,0,1,0,1,1,438,1053
24534,24534,0,1,0,1,1,438,1053
24535,24535,0,1,0,1,1,438,1053
24536,24536,0,1,1,0,1,438,1053
24537,24537,0,1,0,0,1,438,1053
24538,24538,0,1,0,0,1,438,1053
24539,24539,0,1,0,0,1,438,1053
24540,24540,0,1,1,0,1,438,1054
24541,24541,0,1,0,0,1,438,1054
24542,24542,0,1,0,0,1,438,1054
24543,24543,0,1,0,0,1,438,1054
24544,24544,0,1,1,0,1,438,1054
24545,24545,0,1,0,0,0,438,1054
24546,24546,0,1,0,0,0,438,1054
24547,24547,0,1,0,0,0,438,1054
24548,24548,0,1,1,0,0,438,1054
24549,24549,0,1,0,0,1,438,1054
24550,24550,0,1,0,0,1,438,1054
24551,24551,0,1,0,0,1,438,1054
24552,24552,0,1,1,0,1,438,1054
24553,24553,0,1,0,0,1,438,1054
24554,24554,0,1,0,0,1,438,1054
24555,24555,0,1,0,0,1,438,1054
24556,24556,0,1,1,1,1,438,1054
24557,24557,0,1,0,1,1,438,1054
24558,24558,0,1,0,1,1,438,1054
24559,24559,0,1,0,1,1,438,1054
24560,24560,0,1,1,1,1,438,1055
24561,24561,0,1,0,1,0,438,1055
24562,24562,0,1,0,1,0,438,1055
24563,24563,0,1,0,1,0,438,1055
24564,24564,0,1,1,1,0,438,1055
24565,24565,0,1,0,1,1,438,1055
24566,24566,0,1,0,1,1,438,1055
24567,24567,0,1,0,1,1,438,1055
24568,24568,0,1,1,1,1,438,1055
24569,24569,0,1,0,1,1,438,1055
24570,24570,0,1,0,1,1,438,1055
24571,24571,0,1,0,1,1,439,1055
24572,24572,0,1,1,1,1,439,1055
24573,24573,0,1,0,1,0,439,1055
24574,24574,0,1,0,1,0,439,1055
24575,24575,0,1,0,1,0,439,1055
24576,24576,0,1,1,1,0,439,1055
24577,24577,0,1,0,1,1,439,1055
24578,24578,0,1,0,1,1,439,1055
24579,24579,0,1,0,1,1,439,1055
24580,24580,0,1,1,1,1,439,1056
24581,24581,0,1,0,1,1,439,1056
24582,24582,0,1,0,1,1,439,1056
24583,24583,0,1,0,1,1,439,1056
24584,24584,0,1,1,1,1,439,1056
24585,24585,0,1,0,1,1,439,1056
24586,24586,0,1,0,1,1,439,1056
24587,24587,0,1,0,1,1,439,1056
24588,24588,0,1,1,1,1,439,1056
24589,24589,0,1,0,1,0,439,1056
24590,24590,0,1,0,1,0,439,1056
24591,24591,0,1,0,1,0,439,1056
24592,24592,0,1,1,1,0,439,1056
24593,24593,0,1,0,1,1,439,1056
24594,24594,0,1,0,1,1,439,1056
24595,24595,0,1,0,1,1,439,1056
24596,24596,0,1,1,1,1,439,1056
24597,24597,0,1,0,1,0,439,1056
24598,24598,0,1,0,1,0,439,1056
24599,24599,0,1,0,1,0,439,1056
24600,24600,0,1,1,1,0,439,1057
24601,24601,0,1,0,1,1,439,1057
24602,24602,0,1,0,1,1,439,1057
24603,24603,0,1,0,1,1,439,1057
24604,24604,0,1,1,1,1,439,1057
24605,24605,0,1,0,1,1,439,1057
24606,24606,0,1,0,1,1,439,1057
24607,24607,0,1,0,1,1,439,1057
24608,24608,0,1,1,1,1,439,1057
24609,24609,0,1,0,1,1,439,1057
24610,24610,0,1,0,1,1,439,1057
24611,24611,0,1,0,1,1,440,1057
24612,24612,0,1,1,1,1,440,1057
24613,24613,0,1,0,1,0,440,1057
24614,24614,0,1,0,1,0,440,1057
24615,24615,0,1,0,1,0,440,1057
24616,24616,0,1,1,1,0,440,1057
24617,24617,0,1,0,1,0,440,1057
24618,24618,0,1,0,1,0,440,1057
24619,24619,0,1,0,1,0,440,1057
24620,24620,0,1,1,1,0,440,1058
24621,24621,0,1,0,1,0,440,1058
24622,24622,0,1,0,1,0,440,1058
24623,24623,0,1,0,1,0,440,1058
24624,24624,0,1,1,1,0,440,1058
24625,24625,0,1,0,1,0,440,1058
24626,24626,0,1,0,1,0,440,1058
24627,24627,0,1,0,1,0,440,1058
24628,24628,0,1,1,1,0,440,1058
24629,24629,0,1,0,1,0,440,1058
24630,24630,0,1,0,1,0,440,1058
24631,24631,0,1,0,1,0,440,1058
24632,24632,0,1,1,1,0,440,1058
24633,24633,0,1,0,1,0,440,1058
24634,24634,0,1,0,1,0,440,1058
24635,24635,0,1,0,1,0,440,1058
24636,24636,0,1,1,1,0,440,1058
24637,24637,0,1,0,1,0,440,1058
24638,24638,0,1,0,1,0,440,1058
24639,24639,0,1,0,1,0,440,1058
24640,24640,0,1,1,1,0,440,1059
24641,24641,0,1,0,1,0,440,1059
24642,24642,0,1,0,1,0,440,1059
24643,24643,0,1,0,1,0,440,1059
24644,24644,0,1,1,1,0,440,1059
24645,24645,0,1,0,1,0,440,1059
24646,24646,0,1,0,1,0,440,1059
24647,24647,0,1,0,1,0,440,1059
24648,24648,0,1,1,1,0,440,1059
24649,24649,0,1,0,1,1,440,1059
24650,24650,0,1,0,1,1,440,1059
24651,24651,0,1,0,1,1,441,1059
24652,24652,0,1,1,1,1,441,1059
24653,24653,0,1,0,1,0,441,1059
24654,24654,0,1,0,1,0,441,1059
24655,24655,0,1,0,1,0,441,1059
24656,24656,0,1,1,1,0,441,1059
24657,24657,0,1,0,1,0,441,1059
24658,24658,0,1,0,1,0,441,1059
24659,24659,0,1,0,1,0,441,1059
24660,24660,0,1,1,1,0,441,1060
24661,24661,0,1,0,1,0,441,1060
24662,24662,0,1,0,1,0,441,1060
24663,24663,0,1,0,1,0,441,1060
24664,24664,0,1,1,1,0,441,1060
24665,24665,0,1,0,1,1,441,1060
24666,24666,0,1,0,1,1,441,1060
24667,24667,0,1,0,1,1,441,1060
24668,24668,0,1,1,1,1,441,1060
24669,24669,0,1,0,1,1,441,1060
24670,24670,0,1,0,1,1,441,1060
24671,24671,0,1,0,1,1,442,1060
24672,24672,0,1,1,1,1,442,1060
24673,24673,0,1,0,1,1,442,1060
24674,24674,0,1,0,1,1,442,1060
24675,24675,0,1,0,1,1,442,1060
24676,24676,0,1,1,0,1,442,1060
24677,24677,0,1,0,0,1,442,1060
24678,24678,0,1,0,0,1,442,1060
24679,24679,0,1,0,0,1,442,1060
24680,24680,0,1,1,0,1,442,1061
24681,24681,0,1,0,0,0,442,1061
24682,24682,0,1,0,0,0,442,1061
24683,24683,0,1,0,0,0,442,1061
24684,24684,0,1,1,0,0,442,1061
24685,24685,0,1,0,0,0,442,1061
24686,24686,0,1,0,0,0,442,1061
24687,24687,0,1,0,0,0,442,1061
24688,24688,0,1,1,0,0,442,1061
24689,24689,0,1,0,0,1,442,1061
24690,24690,0,1,0,0,1,442,1061
24691,24691,0,1,0,0,1,442,1061
24692,24692,0,1,1,0,1,442,1061
24693,24693,0,1,0,0,0,442,1061
24694,24694,0,1,0,0,0,442,1061
24695,24695,0,1,0,0,0,442,1061
24696,24696,0,1,1,0,0,442,1061
24697,24697,0,1,0,0,1,442,1061
24698,24698,0,1,0,0,1,442,1061
24699,24699,0,1,0,0,1,442,1061
24700,24700,0,1,1,0,1,442,1062
24701,24701,0,1,0,0,1,442,1062
24702,24702,0,1,0,0,1,442,1062
24703,24703,0,1,0,0,1,442,1062
24704,24704,0,1,1,0,1,442,1062
24705,24705,0,1,0,0,0,442,1062
24706,24706,0,1,0,0,0,442,1062
24707,24707,0,1,0,0,0,442,1062
24708,24708,0,1,1,0,0,442,1062
24709,24709,0,1,0,0,0,442,1062
24710,24710,0,1,0,0,0,442,1062
24711,24711,0,1,0,0,0,443,1062
24712,24712,0,1,1,0,0,443,1062
24713,24713,0,1,0,0,0,443,1062
24714,24714,0,1,0,0,0,443,1062
24715,24715,0,1,0,0,0,443,1062
24716,24716,0,1,1,1,0,443,1062
24717,24717,0,1,0,1,0,443,1062
24718,24718,0,1,0,1,0,443,1062
24719,24719,0,1,0,1,0,443,1062
24720,24720,0,1,1,1,0,443,1063
24721,24721,0,1,0,1,0,443,1063
24722,24722,0,1,0,1,0,443,1063
24723,24723,0,1,0,1,0,443,1063
24724,24724,0,1,1,1,0,443,1063
24725,24725,0,1,0,1,0,443,1063
24726,24726,0,1,0,1,0,443,1063
24727,24727,0,1,0,1,0,443,1063
24728,24728,0,1,1,1,0,443,1063
24729,24729,0,1,0,1,1,443,1063
24730,24730,0,1,0,1,1,443,1063
24731,24731,0,1,0,1,1,444,1063
24732,24732,0,1,1,1,1,444,1063
24733,24733,0,1,0,1,1,444,1063
24734,24734,0,1,0,1,1,444,1063
24735,24735,0,1,0,1,1,444,1063
24736,24736,0,1,1,1,1,444,1063
24737,24737,0,1,0,1,1,444,1063
24738,24738,0,1,0,1,1,444,1063
24739,24739,0,1,0,1,1,444,1063
24740,24740,0,1,1,1,1,444,1064
24741,24741,0,1,0,1,1,444,1064
24742,24742,0,1,0,1,1,444,1064
24743,24743,0,1,0,1,1,444,1064
24744,24744,0,1,1,1,1,444,1064
24745,24745,0,1,0,1,0,444,1064
24746,24746,0,1,0,1,0,444,1064
24747,24747,0,1,0,1,0,444,1064
24748,24748,0,1,1,1,0,444,1064
24749,24749,0,1,0,1,1,444,1064
24750,24750,0,1,0,1,1,444,1064
24751,24751,0,1,0,1,1,445,1064
24752,24752,0,1,1,1,1,445,1064
24753,24753,0,1,0,1,0,445,1064
24754,24754,0,1,0,1,0,445,1064
24755,24755,0,1,0,1,0,445,1064
24756,24756,0,1,1,1,0,445,1064
24757,24757,0,1,0,1,1,445,1064
24758,24758,0,1,0,1,1,445,1064
24759,24759,0,1,0,1,1,445,1064
24760,24760,0,1,1,1,1,445,1065
24761,24761,0,1,0,1,0,445,1065
24762,24762,0,1,0,1,0,445,1065
24763,24763,0,1,0,1,0,445,1065
24764,24764,0,1,1,1,0,445,1065
24765,24765,0,1,0,1,1,445,1065
24766,24766,0,1,0,1,1,445,1065
24767,24767,0,1,0,1,1,445,1065
24768,24768,0,1,1,1,1,445,1065
24769,24769,0,1,0,1,1,445,1065
24770,24770,0,1,0,1,1,445,1065
24771,24771,0,1,0,1,1,446,1065
24772,24772,0,1,1,1,1,446,1065
24773,24773,0,1,0,1,1,446,1065
24774,24774,0,1,0,1,1,446,1065
24775,24775,0,1,0,1,1,446,1065
24776,24776,0,1,1,0,1,446,1065
24777,24777,0,1,0,0,1,446,1065
24778,24778,0,1,0,0,1,446,1065
24779,24779,0,1,0,0,1,446,1065
24780,24780,0,1,1,0,1,446,1066
24781,24781,0,1,0,0,1,446,1066
24782,24782,0,1,0,0,1,446,1066
24783,24783,0,1,0,0,1,446,1066
24784,24784,0,1,1,0,1,446,1066
24785,24785,0,1,0,0,0,446,1066
24786,24786,0,1,0,0,0,446,1066
24787,24787,0,1,0,0,0,446,1066
24788,24788,0,1,1,0,0,446,1066
24789,24789,0,1,0,0,1,446,1066
24790,24790,0,1,0,0,1,446,1066
24791,24791,0,1,0,0,1,446,1066
24792,24792,0,1,1,0,1,446,1066
24793,24793,0,1,0,0,1,446,1066
24794,24794,0,1,0,0,1,446,1066
24795,24795,0,1,0,0,1,446,1066
24796,24796,0,1,1,1,1,446,1066
24797,24797,0,1,0,1,0,446,1066
24798,24798,0,1,0,1,0,446,1066
24799,24799,0,1,0,1,0,446,1066
24800,24800,0,1,1,1,0,446,1067
24801,24801,0,1,0,1,1,446,1067
24802,24802,0,1,0,1,1,446,1067
24803,24803,0,1,0,1,1,446,1067
24804,24804,0,1,1,1,1,446,1067
24805,24805,0,1,0,1,1,446,1067
24806,24806,0,1,0,1,1,446,1067
24807,24807,0,1,0,1,1,446,1067
24808,24808,0,1,1,1,1,446,1067
24809,24809,0,1,0,1,1,446,1067
24810,24810,0,1,0,1,1,446,1067
24811,24811,0,1,0,1,1,447,1067
24812,24812,0,1,1,1,1,447,1067
24813,24813,0,1,0,1,1,447,1067
24814,24814,0,1,0,1,1,447,1067
24815,24815,0,1,0,1,1,447,1067
24816,24816,0,1,1,0,1,447,1067
24817,24817,0,1,0,0,0,447,1067
24818,24818,0,1,0,0,0,447,1067
24819,24819,0,1,0,0,0,447,1067
24820,24820,0,1,1,0,0,447,1068
24821,24821,0,1,0,0,1,447,1068
24822,24822,0,1,0,0,1,447,1068
24823,24823,0,1,0,0,1,447,1068
24824,24824,0,1,1,0,1,447,1068
24825,24825,0,1,0,0,0,447,1068
24826,24826,0,1,0,0,0,447,1068
24827,24827,0,1,0,0,0,447,1068
24828,24828,0,1,1,0,0,447,1068
24829,24829,0,1,0,0,1,447,1068
24830,24830,0,1,0,0,1,447,1068
24831,24831,0,1,0,0,1,447,1068
24832,24832,0,1,1,0,1,447,1068
24833,24833,0,1,0,0,1,447,1068
24834,24834,0,1,0,0,1,447,1068
24835,24835,0,1,0,0,1,447,1068
24836,24836,0,1,1,0,1,447,1068
24837,24837,0,1,0,0,1,447,1068
24838,24838,0,1,0,0,1,447,1068
24839,24839,0,1,0,0,1,447,1068
24840,24840,0,1,1,0,1,447,1069
24841,24841,0,1,0,0,0,447,1069
24842,24842,0,1,0,0,0,447,1069
24843,24843,0,1,0,0,0,447,1069
24844,24844,0,1,1,0,0,447,1069
24845,24845,0,1,0,0,0,447,1069
24846,24846,0,1,0,0,0,447,1069
24847,24847,0,1,0,0,0,447,1069
24848,24848,0,1,1,0,0,447,1069
24849,24849,0,1,0,0,0,447,1069
24850,24850,0,1,0,0,0,447,1069
24851,24851,0,1,0,0,0,448,1069
24852,24852,0,1,1,0,0,448,1069
24853,24853,0,1,0,0,1,448,1069
24854,24854,0,1,0,0,1,448,1069
24855,24855,0,1,0,0,1,448,1069
24856,24856,0,1,1,1,1,448,1069
24857,24857,0,1,0,1,1,448,1069
24858,24858,0,1,0,1,1,448,1069
24859,24859,0,1,0,1,1,448,1069
24860,24860,0,1,1,1,1,448,1070
24861,24861,0,1,0,1,0,448,1070
24862,24862,0,1,0,1,0,448,1070
24863,24863,0,1,0,1,0,448,1070
24864,24864,0,1,1,1,0,448,1070
24865,24865,0,1,0,1,1,448,1070
24866,24866,0,1,0,1,1,448,1070
24867,24867,0,1,0,1,1,448,1070
24868,24868,0,1,1,1,1,448,1070
24869,24869,0,1,0,1,1,448,1070
24870,24870,0,1,0,1,1,448,1070
24871,24871,0,1,0,1,1,449,1070
24872,24872,0,1,1,1,1,449,1070
24873,24873,0,1,0,1,1,449,1070
24874,24874,0,1,0,1,1,449,1070
24875,24875,0,1,0,1,1,449,1070
24876,24876,0,1,1,1,1,449,1070
24877,24877,0,1,0,1,1,449,1070
24878,24878,0,1,0,1,1,449,1070
24879,24879,0,1,0,1,1,449,1070
24880,24880,0,1,1,1,1,449,1071
24881,24881,0,1,0,1,1,449,1071
24882,24882,0,1,0,1,1,449,1071
24883,24883,0,1,0,1,1,449,1071
24884,24884,0,1,1,1,1,449,1071
24885,24885,0,1,0,1,1,449,1071
24886,24886,0,1,0,1,1,449,1071
24887,24887,0,1,0,1,1,449,1071
24888,24888,0,1,1,1,1,449,1071
24889,24889,0,1,0,1,1,449,1071
24890,24890,0,1,0,1,1,449,1071
24891,24891,0,1,0,1,1,450,1071
24892,24892,0,1,1,1,1,450,1071
24893,24893,0,1,0,1,1,450,1071
24894,24894,0,1,0,1,1,450,1071
24895,24895,0,1,0,1,1,450,1071
24896,24896,0,1,1,0,1,450,1071
24897,24897,0,1,0,0,1,450,1071
24898,24898,0,1,0,0,1,450,1071
24899,24899,0,1,0,0,1,450,1071
24900,24900,0,1,1,0,1,450,1072
24901,24901,0,1,0,0,1,450,1072
24902,24902,0,1,0,0,1,450,1072
24903,24903,0,1,0,0,1,450,1072
24904,24904,0,1,1,0,1,450,1072
24905,24905,0,1,0,0,0,450,1072
24906,24906,0,1,0,0,0,450,1072
24907,24907,0,1,0,0,0,450,1072
24908,24908,0,1,1,0,0,450,1072
24909,24909,0,1,0,0,1,450,1072
24910,24910,0,1,0,0,1,450,1072
24911,24911,0,1,0,0,1,450,1072
24912,24912,0,1,1,0,1,450,1072
24913,24913,0,1,0,0,0,450,1072
24914,24914,0,1,0,0,0,450,1072
24915,24915,0,1,0,0,0,450,1072
24916,24916,0,1,1,1,0,450,1072
24917,24917,0,1,0,1,0,450,1072
24918,24918,0,1,0,1,0,450,1072
24919,24919,0,1,0,1,0,450,1072
24920,24920,0,1,1,1,0,450,1073
24921,24921,0,1,0,1,0,450,1073
24922,24922,0,1,0,1,0,450,1073
24923,24923,0,1,0,1,0,450,1073
24924,24924,0,1,1,1,0,450,1073
24925,24925,0,1,0,1,0,450,1073
24926,24926,0,1,0,1,0,450,1073
24927,24927,0,1,0,1,0,450,1073
24928,24928,0,1,1,1,0,450,1073
24929,24929,0,1,0,1,1,450,1073
24930,24930,0,1,0,1,1,450,1073
24931,24931,0,1,0,1,1,451,1073
24932,24932,0,1,1,1,1,451,1073
24933,24933,0,1,0,1,0,451,1073
24934,24934,0,1,0,1,0,451,1073
24935,24935,0,1,0,1,0,451,1073
24936,24936,0,1,1,1,0,451,1073
24937,24937,0,1,0,1,1,451,1073
24938,24938,0,1,0,1,1,451,1073
24939,24939,0,1,0,1,1,451,1073
24940,24940,0,1,1,1,1,451,1074
24941,24941,0,1,0,1,1,451,1074
24942,24942,0,1,0,1,1,451,1074
24943,24943,0,1,0,1,1,451,1074
24944,24944,0,1,1,1,1,451,1074
24945,24945,0,1,0,1,1,451,1074
24946,24946,0,1,0,1,1,451,1074
24947,24947,0,1,0,1,1,451,1074
24948,24948,0,1,1,1,1,451,1074
24949,24949,0,1,0,1,0,451,1074
24950,24950,0,1,0,1,0,451,1074
24951,24951,0,1,0,1,0,451,1074
24952,24952,0,1,1,1,0,451,1074
24953,24953,0,1,0,1,1,451,1074
24954,24954,0,1,0,1,1,451,1074
24955,24955,0,1,0,1,1,451,1074
24956,24956,0,1,1,0,1,451,1074
24957,24957,0,1,0,0,1,451,1074
24958,24958,0,1,0,0,1,451,1074
24959,24959,0,1,0,0,1,451,1074
24960,24960,0,1,1,0,1,451,1075
24961,24961,0,1,0,0,0,451,1075
24962,24962,0,1,0,0,0,451,1075
24963,24963,0,1,0,0,0,451,1075
24964,24964,0,1,1,0,0,451,1075
24965,24965,0,1,0,0,1,451,1075
24966,24966,0,1,0,0,1,451,1075
24967,24967,0,1,0,0,1,451,1075
24968,24968,0,1,1,0,1,451,1075
24969,24969,0,1,0,0,1,451,1075
24970,24970,0,1,0,0,1,451,1075
24971,24971,0,1,0,0,1,451,1075
24972,24972,0,1,1,0,1,451,1075
24973,24973,0,1,0,0,1,451,1075
24974,24974,0,1,0,0,1,451,1075
24975,24975,0,1,0,0,1,451,1075
24976,24976,0,1,1,1,1,451,1075
24977,24977,0,1,0,1,1,451,1075
24978,24978,0,1,0,1,1,451,1075
24979,24979,0,1,0,1,1,451,1075
24980,24980,0,1,1,1,1,451,1076
24981,24981,0,1,0,1,0,451,1076
24982,24982,0,1,0,1,0,451,1076
24983,24983,0,1,0,1,0,451,1076
24984,24984,0,1,1,1,0,451,1076
24985,24985,0,1,0,1,0,451,1076
24986,24986,0,1,0,1,0,451,1076
24987,24987,0,1,0,1,0,451,1076
24988,24988,0,1,1,1,0,451,1076
24989,24989,0,1,0,1,1,451,1076
24990,24990,0,1,0,1,1,451,1076
24991,24991,0,1,0,1,1,452,1076
24992,24992,0,1,1,1,1,452,1076
24993,24993,0,1,0,1,1,452,1076
24994,24994,0,1,0,1,1,452,1076
24995,24995,0,1,0,1,1,452,1076
24996,24996,0,1,1,1,1,452,1076
24997,24997,0,1,0,1,0,452,1076
24998,24998,0,1,0,1,0,452,1076
24999,24999,0,1,0,1,0,452,1076
25000,25000,0,1,1,1,0,452,1077
25001,25001,0,1,0,1,0,452,1077
25002,25002,0,1,0,1,0,452,1077
25003,25003,0,1,0,1,0,452,1077
25004,25004,0,1,1,1,0,452,1077
25005,25005,0,1,0,1,1,452,1077
25006,25006,0,1,0,1,1,452,1077
25007,25007,0,1,0,1,1,452,1077
25008,25008,0,1,1,1,1,452,1077
25009,25009,0,1,0,1,1,452,1077
25010,25010,0,1,0,1,1,452,1077
25011,25011,0,1,0,1,1,453,1077
25012,25012,0,1,1,1,1,453,1077
25013,25013,0,1,0,1,1,453,1077
25014,25014,0,1,0,1,1,453,1077
25015,25015,0,1,0,1,1,453,1077
25016,25016,0,1,1,1,1,453,1077
25017,25017,0,1,0,1,1,453,1077
25018,25018,0,1,0,1,1,453,1077
25019,25019,0,1,0,1,1,453,1077
25020,25020,0,1,1,1,1,453,1078
25021,25021,0,1,0,1,0,453,1078
25022,25022,0,1,0,1,0,453,1078
25023,25023,0,1,0,1,0,453,1078
25024,25024,0,1,1,1,0,453,1078
25025,25025,0,1,0,1,1,453,1078
25026,25026,0,1,0,1,1,453,1078
25027,25027,0,1,0,1,1,453,1078
25028,25028,0,1,1,1,1,453,1078
25029,25029,0,1,0,1,1,453,1078
25030,25030,0,1,0,1,1,453,1078
25031,25031,0,1,0,1,1,454,1078
25032,25032,0,1,1,1,1,454,1078
25033,25033,0,1,0,1,0,454,1078
25034,25034,0,1,0,1,0,454,1078
25035,25035,0,1,0,1,0,454,1078
25036,25036,0,1,1,1,0,454,1078
25037,25037,0,1,0,1,1,454,1078
25038,25038,0,1,0,1,1,454,1078
25039,25039,0,1,0,1,1,454,1078
25040,25040,0,1,1,1,1,454,1079
25041,25041,0,1,0,1,1,454,1079
25042,25042,0,1,0,1,1,454,1079
25043,25043,0,1,0,1,1,454,1079
25044,25044,0,1,1,1,1,454,1079
25045,25045,0,1,0,1,0,454,1079
25046,25046,0,1,0,1,0,454,1079
25047,25047,0,1,0,1,0,454,1079
25048,25048,0,1,1,1,0,454,1079
25049,25049,0,1,0,1,1,454,1079
25050,25050,0,1,0,1,1,454,1079
25051,25051,0,1,0,1,1,455,1079
25052,25052,0,1,1,1,1,455,1079
25053,25053,0,1,0,1,0,455,1079
25054,25054,0,1,0,1,0,455,1079
25055,25055,0,1,0,1,0,455,1079
25056,25056,0,1,1,0,0,455,1079
25057,25057,0,1,0,0,0,455,1079
25058,25058,0,1,0,0,0,455,1079
25059,25059,0,1,0,0,0,455,1079
25060,25060,0,1,1,0,0,455,1080
25061,25061,0,1,0,0,0,455,1080
25062,25062,0,1,0,0,0,455,1080
25063,25063,0,1,0,0,0,455,1080
25064,25064,0,1,1,0,0,455,1080
25065,25065,0,1,0,0,0,455,1080
25066,25066,0,1,0,0,0,455,1080
25067,25067,0,1,0,0,0,455,1080
25068,25068,0,1,1,0,0,455,1080
25069,25069,0,1,0,0,1,455,1080
25070,25070,0,1,0,0,1,455,1080
25071,25071,0,1,0,0,1,455,1080
25072,25072,0,1,1,0,1,455,1080
25073,25073,0,1,0,0,1,455,1080
25074,25074,0,1,0,0,1,455,1080
25075,25075,0,1,0,0,1,455,1080
25076,25076,0,1,1,0,1,455,1080
25077,25077,0,1,0,0,1,455,1080
25078,25078,0,1,0,0,1,455,1080
25079,25079,0,1,0,0,1,455,1080
25080,25080,0,1,1,0,1,455,1081
25081,25081,0,1,0,0,1,455,1081
25082,25082,0,1,0,0,1,455,1081
25083,25083,0,1,0,0,1,455,1081
25084,25084,0,1,1,0,1,455,1081
25085,25085,0,1,0,0,0,455,1081
25086,25086,0,1,0,0,0,455,1081
25087,25087,0,1,0,0,0,455,1081
25088,25088,0,1,1,0,0,455,1081
25089,25089,0,1,0,0,0,455,1081
25090,25090,0,1,0,0,0,455,1081
25091,25091,0,1,0,0,0,456,1081
25092,25092,0,1,1,0,0,456,1081
25093,25093,0,1,0,0,1,456,1081
25094,25094,0,1,0,0,1,456,1081
25095,25095,0,1,0,0,1,456,1081
25096,25096,0,1,1,1,1,456,1081
25097,25097,0,1,0,1,0,456,1081
25098,25098,0,1,0,1,0,456,1081
25099,25099,0,1,0,1,0,456,1081
25100,25100,0,1,1,1,0,456,1082
25101,25101,0,1,0,1,1,456,1082
25102,25102,0,1,0,1,1,456,1082
25103,25103,0,1,0,1,1,456,1082
25104,25104,0,1,1,1,1,456,1082
25105,25105,0,1,0,1,1,456,1082
25106,25106,0,1,0,1,1,456,1082
25107,25107,0,1,0,1,1,456,1082
25108,25108,0,1,1,1,1,456,1082
25109,25109,0,1,0,1,0,456,1082
25110,25110,0,1,0,1,0,456,1082
25111,25111,0,1,0,1,0,456,1082
25112,25112,0,1,1,1,0,456,1082
25113,25113,0,1,0,1,0,456,1082
25114,25114,0,1,0,1,0,456,1082
25115,25115,0,1,0,1,0,456,1082
25116,25116,0,1,1,0,0,456,1082
25117,25117,0,1,0,0,0,456,1082
25118,25118,0,1,0,0,0,456,1082
25119,25119,0,1,0,0,0,456,1082
25120,25120,0,1,1,0,0,456,1083
25121,25121,0,1,0,0,1,456,1083
25122,25122,0,1,0,0,1,456,1083
25123,25123,0,1,0,0,1,456,1083
25124,25124,0,1,1,0,1,456,1083
25125,25125,0,1,0,0,0,456,1083
25126,25126,0,1,0,0,0,456,1083
25127,25127,0,1,0,0,0,456,1083
25128,25128,0,1,1,0,0,456,1083
25129,25129,0,1,0,0,1,456,1083
25130,25130,0,1,0,0,1,456,1083
25131,25131,0,1,0,0,1,456,1083
25132,25132,0,1,1,0,1,456,1083
25133,25133,0,1,0,0,0,456,1083
25134,25134,0,1,0,0,0,456,1083
25135,25135,0,1,0,0,0,456,1083
25136,25136,0,1,1,1,0,456,1083
25137,25137,0,1,0,1,0,456,1083
25138,25138,0,1,0,1,0,456,1083
25139,25139,0,1,0,1,0,456,1083
25140,25140,0,1,1,1,0,456,1084
25141,25141,0,1,0,1,0,456,1084
25142,25142,0,1,0,1,0,456,1084
25143,25143,0,1,0,1,0,456,1084
25144,25144,0,1,1,1,0,456,1084
25145,25145,0,1,0,1,1,456,1084
25146,25146,0,1,0,1,1,456,1084
25147,25147,0,1,0,1,1,456,1084
25148,25148,0,1,1,1,1,456,1084
25149,25149,0,1,0,1,1,456,1084
25150,25150,0,1,0,1,1,456,1084
25151,25151,0,1,0,1,1,457,1084
25152,25152,0,1,1,1,1,457,1084
25153,25153,0,1,0,1,1,457,1084
25154,25154,0,1,0,1,1,457,1084
25155,25155,0,1,0,1,1,457,1084
25156,25156,0,1,1,0,1,457,1084
25157,25157,0,1,0,0,1,457,1084
25158,25158,0,1,0,0,1,457,1084
25159,25159,0,1,0,0,1,457,1084
25160,25160,0,1,1,0,1,457,1085
25161,25161,0,1,0,0,0,457,1085
25162,25162,0,1,0,0,0,457,1085
25163,25163,0,1,0,0,0,457,1085
25164,25164,0,1,1,0,0,457,1085
25165,25165,0,1,0,0,1,457,1085
25166,25166,0,1,0,0,1,457,1085
25167,25167,0,1,0,0,1,457,1085
25168,25168,0,1,1,0,1,457,1085
25169,25169,0,1,0,0,1,457,1085
25170,25170,0,1,0,0,1,457,1085
25171,25171,0,1,0,0,1,457,1085
25172,25172,0,1,1,0,1,457,1085
25173,25173,0,1,0,0,1,457,1085
25174,25174,0,1,0,0,1,457,1085
25175,25175,0,1,0,0,1,457,1085
25176,25176,0,1,1,1,1,457,1085
25177,25177,0,1,0,1,0,457,1085
25178,25178,0,1,0,1,0,457,1085
25179,25179,0,1,0,1,0,457,1085
25180,25180,0,1,1,1,0,457,1086
25181,25181,0,1,0,1,1,457,1086
25182,25182,0,1,0,1,1,457,1086
25183,25183,0,1,0,1,1,457,1086
25184,25184,0,1,1,1,1,457,1086
25185,25185,0,1,0,1,0,457,1086
25186,25186,0,1,0,1,0,457,1086
25187,25187,0,1,0,1,0,457,1086
25188,25188,0,1,1,1,0,457,1086
25189,25189,0,1,0,1,0,457,1086
25190,25190,0,1,0,1,0,457,1086
25191,25191,0,1,0,1,0,457,1086
25192,25192,0,1,1,1,0,457,1086
25193,25193,0,1,0,1,1,457,1086
25194,25194,0,1,0,1,1,457,1086
25195,25195,0,1,0,1,1,457,1086
25196,25196,0,1,1,0,1,457,1086
25197,25197,0,1,0,0,1,457,1086
25198,25198,0,1,0,0,1,457,1086
25199,25199,0,1,0,0,1,457,1086
25200,25200,0,1,1,0,1,457,1087
25201,25201,0,1,0,0,1,457,1087
25202,25202,0,1,0,0,1,457,1087
25203,25203,0,1,0,0,1,457,1087
25204,25204,0,1,1,0,1,457,1087
25205,25205,0,1,0,0,1,457,1087
25206,25206,0,1,0,0,1,457,1087
25207,25207,0,1,0,0,1,457,1087
25208,25208,0,1,1,0,1,457,1087
25209,25209,0,1,0,0,0,457,1087
25210,25210,0,1,0,0,0,457,1087
25211,25211,0,1,0,0,0,458,1087
25212,25212,0,1,1,0,0,458,1087
25213,25213,0,1,0,0,0,458,1087
25214,25214,0,1,0,0,0,458,1087
25215,25215,0,1,0,0,0,458,1087
25216,25216,0,1,1,1,0,458,1087
25217,25217,0,1,0,1,1,458,1087
25218,25218,0,1,0,1,1,458,1087
25219,25219,0,1,0,1,1,458,1087
25220,25220,0,1,1,1,1,458,1088
25221,25221,0,1,0,1,0,458,1088
25222,25222,0,1,0,1,0,458,1088
25223,25223,0,1,0,1,0,458,1088
25224,25224,0,1,1,1,0,458,1088
25225,25225,0,1,0,1,0,458,1088
25226,25226,0,1,0,1,0,458,1088
25227,25227,0,1,0,1,0,458,1088
25228,25228,0,1,1,1,0,458,1088
25229,25229,0,1,0,1,0,458,1088
25230,25230,0,1,0,1,0,458,1088
25231,25231,0,1,0,1,0,458,1088
25232,25232,0,1,1,1,0,458,1088
25233,25233,0,1,0,1,1,458,1088
25234,25234,0,1,0,1,1,458,1088
25235,25235,0,1,0,1,1,458,1088
25236,25236,0,1,1,0,1,458,1088
25237,25237,0,1,0,0,1,458,1088
25238,25238,0,1,0,0,1,458,1088
25239,25239,0,1,0,0,1,458,1088
25240,25240,0,1,1,0,1,458,1089
25241,25241,0,1,0,0,0,458,1089
25242,25242,0,1,0,0,0,458,1089
25243,25243,0,1,0,0,0,458,1089
25244,25244,0,1,1,0,0,458,1089
25245,25245,0,1,0,0,0,458,1089
25246,25246,0,1,0,0,0,458,1089
25247,25247,0,1,0,0,0,458,1089
25248,25248,0,1,1,0,0,458,1089
25249,25249,0,1,0,0,0,458,1089
25250,25250,0,1,0,0,0,458,1089
25251,25251,0,1,0,0,0,459,1089
25252,25252,0,1,1,0,0,459,1089
25253,25253,0,1,0,0,0,459,1089
25254,25254,0,1,0,0,0,459,1089
25255,25255,0,1,0,0,0,459,1089
25256,25256,0,1,1,0,0,459,1089
25257,25257,0,1,0,0,0,459,1089
25258,25258,0,1,0,0,0,459,1089
25259,25259,0,1,0,0,0,459,1089
25260,25260,0,1,1,0,0,459,1090
25261,25261,0,1,0,0,1,459,1090
25262,25262,0,1,0,0,1,459,1090
25263,25263,0,1,0,0,1,459,1090
25264,25264,0,1,1,0,1,459,1090
25265,25265,0,1,0,0,1,459,1090
25266,25266,0,1,0,0,1,459,1090
25267,25267,0,1,0,0,1,459,1090
25268,25268,0,1,1,0,1,459,1090
25269,25269,0,1,0,0,1,459,1090
25270,25270,0,1,0,0,1,459,1090
25271,25271,0,1,0,0,1,459,1090
25272,25272,0,1,1,0,1,459,1090
25273,25273,0,1,0,0,0,459,1090
25274,25274,0,1,0,0,0,459,1090
25275,25275,0,1,0,0,0,459,1090
25276,25276,0,1,1,1,0,459,1090
25277,25277,0,1,0,1,1,459,1090
25278,25278,0,1,0,1,1,459,1090
25279,25279,0,1,0,1,1,459,1090
25280,25280,0,1,1,1,1,459,1091
25281,25281,0,1,0,1,0,459,1091
25282,25282,0,1,0,1,0,459,1091
25283,25283,0,1,0,1,0,459,1091
25284,25284,0,1,1,1,0,459,1091
25285,25285,0,1,0,1,1,459,1091
25286,25286,0,1,0,1,1,459,1091
25287,25287,0,1,0,1,1,459,1091
25288,25288,0,1,1,1,1,459,1091
25289,25289,0,1,0,1,1,459,1091
25290,25290,0,1,0,1,1,459,1091
25291,25291,0,1,0,1,1,460,1091
25292,25292,0,1,1,1,1,460,1091
25293,25293,0,1,0,1,0,460,1091
25294,25294,0,1,0,1,0,460,1091
25295,25295,0,1,0,1,0,460,1091
25296,25296,0,1,1,0,0,460,1091
25297,25297,0,1,0,0,0,460,1091
25298,25298,0,1,0,0,0,460,1091
25299,25299,0,1,0,0,0,460,1091
25300,25300,0,1,1,0,0,460,1092
25301,25301,0,1,0,0,1,460,1092
25302,25302,0,1,0,0,1,460,1092
25303,25303,0,1,0,0,1,460,1092
25304,25304,0,1,1,0,1,460,1092
25305,25305,0,1,0,0,0,460,1092
25306,25306,0,1,0,0,0,460,1092
25307,25307,0,1,0,0,0,460,1092
25308,25308,0,1,1,0,0,460,1092
25309,25309,0,1,0,0,0,460,1092
25310,25310,0,1,0,0,0,460,1092
25311,25311,0,1,0,0,0,461,1092
25312,25312,0,1,1,0,0,461,1092
25313,25313,0,1,0,0,0,461,1092
25314,25314,0,1,0,0,0,461,1092
25315,25315,0,1,0,0,0,461,1092
25316,25316,0,1,1,0,0,461,1092
25317,25317,0,1,0,0,0,461,1092
25318,25318,0,1,0,0,0,461,1092
25319,25319,0,1,0,0,0,461,1092
25320,25320,0,1,1,0,0,461,1093
25321,25321,0,1,0,0,0,461,1093
25322,25322,0,1,0,0,0,461,1093
25323,25323,0,1,0,0,0,461,1093
25324,25324,0,1,1,0,0,461,1093
25325,25325,0,1,0,0,1,461,1093
25326,25326,0,1,0,0,1,461,1093
25327,25327,0,1,0,0,1,461,1093
25328,25328,0,1,1,0,1,461,1093
25329,25329,0,1,0,0,1,461,1093
25330,25330,0,1,0,0,1,461,1093
25331,25331,0,1,0,0,1,461,1093
25332,25332,0,1,1,0,1,461,1093
25333,25333,0,1,0,0,0,461,1093
25334,25334,0,1,0,0,0,461,1093
25335,25335,0,1,0,0,0,461,1093
25336,25336,0,1,1,1,0,461,1093
25337,25337,0,1,0,1,1,461,1093
25338,25338,0,1,0,1,1,461,1093
25339,25339,0,1,0,1,1,461,1093
25340,25340,0,1,1,1,1,461,1094
25341,25341,0,1,0,1,0,461,1094
25342,25342,0,1,0,1,0,461,1094
25343,25343,0,1,0,1,0,461,1094
25344,25344,0,1,1,1,0,461,1094
25345,25345,0,1,0,1,1,461,1094
25346,25346,0,1,0,1,1,461,1094
25347,25347,0,1,0,1,1,461,1094
25348,25348,0,1,1,1,1,461,1094
25349,25349,0,1,0,1,0,461,1094
25350,25350,0,1,0,1,0,461,1094
25351,25351,0,1,0,1,0,461,1094
25352,25352,0,1,1,1,0,461,1094
25353,25353,0,1,0,1,0,461,1094
25354,25354,0,1,0,1,0,461,1094
25355,25355,0,1,0,1,0,461,1094
25356,25356,0,1,1,1,0,461,1094
25357,25357,0,1,0,1,1,461,1094
25358,25358,0,1,0,1,1,461,1094
25359,25359,0,1,0,1,1,461,1094
25360,25360,0,1,1,1,1,461,1095
25361,25361,0,1,0,1,0,461,1095
25362,25362,0,1,0,1,0,461,1095
25363,25363,0,1,0,1,0,461,1095
25364,25364,0,1,1,1,0,461,1095
25365,25365,0,1,0,1,0,461,1095
25366,25366,0,1,0,1,0,461,1095
25367,25367,0,1,0,1,0,461,1095
25368,25368,0,1,1,1,0,461,1095
25369,25369,0,1,0,1,1,461,1095
25370,25370,0,1,0,1,1,461,1095
25371,25371,0,1,0,1,1,462,1095
25372,25372,0,1,1,1,1,462,1095
25373,25373,0,1,0,1,0,462,1095
25374,25374,0,1,0,1,0,462,1095
25375,25375,0,1,0,1,0,462,1095
25376,25376,0,1,1,1,0,462,1095
25377,25377,0,1,0,1,0,462,1095
25378,25378,0,1,0,1,0,462,1095
25379,25379,0,1,0,1,0,462,1095
25380,25380,0,1,1,1,0,462,1096
25381,25381,0,1,0,1,0,462,1096
25382,25382,0,1,0,1,0,462,1096
25383,25383,0,1,0,1,0,462,1096
25384,25384,0,1,1,1,0,462,1096
25385,25385,0,1,0,1,1,462,1096
25386,25386,0,1,0,1,1,462,1096
25387,25387,0,1,0,1,1,462,1096
25388,25388,0,1,1,1,1,462,1096
25389,25389,0,1,0,1,0,462,1096
25390,25390,0,1,0,1,0,462,1096
25391,25391,0,1,0,1,0,462,1096
25392,25392,0,1,1,1,0,462,1096
25393,25393,0,1,0,1,1,462,1096
25394,25394,0,1,0,1,1,462,1096
25395,25395,0,1,0,1,1,462,1096
25396,25396,0,1,1,0,1,462,1096
25397,25397,0,1,0,0,1,462,1096
25398,25398,0,1,0,0,1,462,1096
25399,25399,0,1,0,0,1,462,1096
25400,25400,0,1,1,0,1,462,1097
25401,25401,0,1,0,0,0,462,1097
25402,25402,0,1,0,0,0,462,1097
25403,25403,0,1,0,0,0,462,1097
25404,25404,0,1,1,0,0,462,1097
25405,25405,0,1,0,0,0,462,1097
25406,25406,0,1,0,0,0,462,1097
25407,25407,0,1,0,0,0,462,1097
25408,25408,0,1,1,0,0,462,1097
25409,25409,0,1,0,0,0,462,1097
25410,25410,0,1,0,0,0,462,1097
25411,25411,0,1,0,0,0,463,1097
25412,25412,0,1,1,0,0,463,1097
25413,25413,0,1,0,0,0,463,1097
25414,25414,0,1,0,0,0,463,1097
25415,25415,0,1,0,0,0,463,1097
25416,25416,0,1,1,1,0,463,1097
25417,25417,0,1,0,1,0,463,1097
25418,25418,0,1,0,1,0,463,1097
25419,25419,0,1,0,1,0,463,1097
25420,25420,0,1,1,1,0,463,1098
25421,25421,0,1,0,1,0,463,1098
25422,25422,0,1,0,1,0,463,1098
25423,25423,0,1,0,1,0,463,1098
25424,25424,0,1,1,1,0,463,1098
25425,25425,0,1,0,1,0,463,1098
25426,25426,0,1,0,1,0,463,1098
25427,25427,0,1,0,1,0,463,1098
25428,25428,0,1,1,1,0,463,1098
25429,25429,0,1,0,1,1,463,1098
25430,25430,0,1,0,1,1,463,1098
25431,25431,0,1,0,1,1,464,1098
25432,25432,0,1,1,1,1,464,1098
25433,25433,0,1,0,1,1,464,1098
25434,25434,0,1,0,1,1,464,1098
25435,25435,0,1,0,1,1,464,1098
25436,25436,0,1,1,1,1,464,1098
25437,25437,0,1,0,1,0,464,1098
25438,25438,0,1,0,1,0,464,1098
25439,25439,0,1,0,1,0,464,1098
25440,25440,0,1,1,1,0,464,1099
25441,25441,0,1,0,1,0,464,1099
25442,25442,0,1,0,1,0,464,1099
25443,25443,0,1,0,1,0,464,1099
25444,25444,0,1,1,1,0,464,1099
25445,25445,0,1,0,1,1,464,1099
25446,25446,0,1,0,1,1,464,1099
25447,25447,0,1,0,1,1,464,1099
25448,25448,0,1,1,1,1,464,1099
25449,25449,0,1,0,1,1,464,1099
25450,25450,0,1,0,1,1,464,1099
25451,25451,0,1,0,1,1,465,1099
25452,25452,0,1,1,1,1,465,1099
25453,25453,0,1,0,1,1,465,1099
25454,25454,0,1,0,1,1,465,1099
25455,25455,0,1,0,1,1,465,1099
25456,25456,0,1,1,1,1,465,1099
25457,25457,0,1,0,1,0,465,1099
25458,25458,0,1,0,1,0,465,1099
25459,25459,0,1,0,1,0,465,1099
25460,25460,0,1,1,1,0,465,1100
25461,25461,0,1,0,1,1,465,1100
25462,25462,0,1,0,1,1,465,1100
25463,25463,0,1,0,1,1,465,1100
25464,25464,0,1,1,1,1,465,1100
25465,25465,0,1,0,1,1,465,1100
25466,25466,0,1,0,1,1,465,1100
25467,25467,0,1,0,1,1,465,1100
25468,25468,0,1,1,1,1,465,1100
25469,25469,0,1,0,1,1,465,1100
25470,25470,0,1,0,1,1,465,1100
25471,25471,0,1,0,1,1,466,1100
25472,25472,0,1,1,1,1,466,1100
25473,25473,0,1,0,1,1,466,1100
25474,25474,0,1,0,1,1,466,1100
25475,25475,0,1,0,1,1,466,1100
25476,25476,0,1,1,0,1,466,1100
25477,25477,0,1,0,0,0,466,1100
25478,25478,0,1,0,0,0,466,1100
25479,25479,0,1,0,0,0,466,1100
25480,25480,0,1,1,0,0,466,1101
25481,25481,0,1,0,0,0,466,1101
25482,25482,0,1,0,0,0,466,1101
25483,25483,0,1,0,0,0,466,1101
25484,25484,0,1,1,0,0,466,1101
25485,25485,0,1,0,0,0,466,1101
25486,25486,0,1,0,0,0,466,1101
25487,25487,0,1,0,0,0,466,1101
25488,25488,0,1,1,0,0,466,1101
25489,25489,0,1,0,0,0,466,1101
25490,25490,0,1,0,0,0,466,1101
25491,25491,0,1,0,0,0,467,1101
25492,25492,0,1,1,0,0,467,1101
25493,25493,0,1,0,0,0,467,1101
25494,25494,0,1,0,0,0,467,1101
25495,25495,0,1,0,0,0,467,1101
25496,25496,0,1,1,0,0,467,1101
25497,25497,0,1,0,0,1,467,1101
25498,25498,0,1,0,0,1,467,1101
25499,25499,0,1,0,0,1,467,1101
25500,25500,0,1,1,0,1,467,1102
25501,25501,0,1,0,0,1,467,1102
25502,25502,0,1,0,0,1,467,1102
25503,25503,0,1,0,0,1,467,1102
25504,25504,0,1,1,0,1,467,1102
25505,25505,0,1,0,0,1,467,1102
25506,25506,0,1,0,0,1,467,1102
25507,25507,0,1,0,0,1,467,1102
25508,25508,0,1,1,0,1,467,1102
25509,25509,0,1,0,0,0,467,1102
25510,25510,0,1,0,0,0,467,1102
25511,25511,0,1,0,0,0,468,1102
25512,25512,0,1,1,0,0,468,1102
25513,25513,0,1,0,0,1,468,1102
25514,25514,0,1,0,0,1,468,1102
25515,25515,0,1,0,0,1,468,1102
25516,25516,0,1,1,1,1,468,1102
25517,25517,0,1,0,1,0,468,1102
25518,25518,0,1,0,1,0,468,1102
25519,25519,0,1,0,1,0,468,1102
25520,25520,0,1,1,1,0,468,1103
25521,25521,0,1,0,1,0,468,1103
25522,25522,0,1,0,1,0,468,1103
25523,25523,0,1,0,1,0,468,1103
25524,25524,0,1,1,1,0,468,1103
25525,25525,0,1,0,1,0,468,1103
25526,25526,0,1,0,1,0,468,1103
25527,25527,0,1,0,1,0,468,1103
25528,25528,0,1,1,1,0,468,1103
25529,25529,0,1,0,1,0,468,1103
25530,25530,0,1,0,1,0,468,1103
25531,25531,0,1,0,1,0,468,1103
25532,25532,0,1,1,1,0,468,1103
25533,25533,0,1,0,1,1,468,1103
25534,25534,0,1,0,1,1,468,1103
25535,25535,0,1,0,1,1,468,1103
25536,25536,0,1,1,1,1,468,1103
25537,25537,0,1,0,1,0,468,1103
25538,25538,0,1,0,1,0,468,1103
25539,25539,0,1,0,1,0,468,1103
25540,25540,0,1,1,1,0,468,1104
25541,25541,0,1,0,1,0,468,1104
25542,25542,0,1,0,1,0,468,1104
25543,25543,0,1,0,1,0,468,1104
25544,25544,0,1,1,1,0,468,1104
25545,25545,0,1,0,1,0,468,1104
25546,25546,0,1,0,1,0,468,1104
25547,25547,0,1,0,1,0,468,1104
25548,25548,0,1,1,1,0,468,1104
25549,25549,0,1,0,1,0,468,1104
25550,25550,0,1,0,1,0,468,1104
25551,25551,0,1,0,1,0,468,1104
25552,25552,0,1,1,1,0,468,1104
25553,25553,0,1,0,1,0,468,1104
25554,25554,0,1,0,1,0,468,1104
25555,25555,0,1,0,1,0,468,1104
25556,25556,0,1,1,0,0,468,1104
25557,25557,0,1,0,0,0,468,1104
25558,25558,0,1,0,0,0,468,1104
25559,25559,0,1,0,0,0,468,1104
25560,25560,0,1,1,0,0,468,1105
25561,25561,0,1,0,0,0,468,1105
25562,25562,0,1,0,0,0,468,1105
25563,25563,0,1,0,0,0,468,1105
25564,25564,0,1,1,0,0,468,1105
25565,25565,0,1,0,0,0,468,1105
25566,25566,0,1,0,0,0,468,1105
25567,25567,0,1,0,0,0,468,1105
25568,25568,0,1,1,0,0,468,1105
25569,25569,0,1,0,0,0,468,1105
25570,25570,0,1,0,0,0,468,1105
25571,25571,0,1,0,0,0,469,1105
25572,25572,0,1,1,0,0,469,1105
25573,25573,0,1,0,0,0,469,1105
25574,25574,0,1,0,0,0,469,1105
25575,25575,0,1,0,0,0,469,1105
25576,25576,0,1,1,0,0,469,1105
25577,25577,0,1,0,0,1,469,1105
25578,25578,0,1,0,0,1,469,1105
25579,25579,0,1,0,0,1,469,1105
25580,25580,0,1,1,0,1,469,1106
25581,25581,0,1,0,0,1,469,1106
25582,25582,0,1,0,0,1,469,1106
25583,25583,0,1,0,0,1,469,1106
25584,25584,0,1,1,0,1,469,1106
25585,25585,0,1,0,0,1,469,1106
25586,25586,0,1,0,0,1,469,1106
25587,25587,0,1,0,0,1,469,1106
25588,25588,0,1,1,0,1,469,1106
25589,25589,0,1,0,0,0,469,1106
25590,25590,0,1,0,0,0,469,1106
25591,25591,0,1,0,0,0,470,1106
25592,25592,0,1,1,0,0,470,1106
25593,25593,0,1,0,0,1,470,1106
25594,25594,0,1,0,0,1,470,1106
25595,25595,0,1,0,0,1,470,1106
25596,25596,0,1,1,0,1,470,1106
25597,25597,0,1,0,0,1,470,1106
25598,25598,0,1,0,0,1,470,1106
25599,25599,0,1,0,0,1,470,1106
25600,25600,0,1,1,0,1,470,1107
25601,25601,0,1,0,0,1,470,1107
25602,25602,0,1,0,0,1,470,1107
25603,25603,0,1,0,0,1,470,1107
25604,25604,0,1,1,0,1,470,1107
25605,25605,0,1,0,0,1,470,1107
25606,25606,0,1,0,0,1,470,1107
25607,25607,0,1,0,0,1,470,1107
25608,25608,0,1,1,0,1,470,1107
25609,25609,0,1,0,0,0,470,1107
25610,25610,0,1,0,0,0,470,1107
25611,25611,0,1,0,0,0,471,1107
25612,25612,0,1,1,0,0,471,1107
25613,25613,0,1,0,0,1,471,1107
25614,25614,0,1,0,0,1,471,1107
25615,25615,0,1,0,0,1,471,1107
25616,25616,0,1,1,1,1,471,1107
25617,25617,0,1,0,1,1,471,1107
25618,25618,0,1,0,1,1,471,1107
25619,25619,0,1,0,1,1,471,1107
25620,25620,0,1,1,1,1,471,1108
25621,25621,0,1,0,1,0,471,1108
25622,25622,0,1,0,1,0,471,1108
25623,25623,0,1,0,1,0,471,1108
25624,25624,0,1,1,1,0,471,1108
25625,25625,0,1,0,1,0,471,1108
25626,25626,0,1,0,1,0,471,1108
25627,25627,0,1,0,1,0,471,1108
25628,25628,0,1,1,1,0,471,1108
25629,25629,0,1,0,1,1,471,1108
25630,25630,0,1,0,1,1,471,1108
25631,25631,0,1,0,1,1,472,1108
25632,25632,0,1,1,1,1,472,1108
25633,25633,0,1,0,1,0,472,1108
25634,25634,0,1,0,1,0,472,1108
25635,25635,0,1,0,1,0,472,1108
25636,25636,0,1,1,0,0,472,1108
25637,25637,0,1,0,0,1,472,1108
25638,25638,0,1,0,0,1,472,1108
25639,25639,0,1,0,0,1,472,1108
25640,25640,0,1,1,0,1,472,1109
25641,25641,0,1,0,0,1,472,1109
25642,25642,0,1,0,0,1,472,1109
25643,25643,0,1,0,0,1,472,1109
25644,25644,0,1,1,0,1,472,1109
25645,25645,0,1,0,0,1,472,1109
25646,25646,0,1,0,0,1,472,1109
25647,25647,0,1,0,0,1,472,1109
25648,25648,0,1,1,0,1,472,1109
25649,25649,0,1,0,0,0,472,1109
25650,25650,0,1,0,0,0,472,1109
25651,25651,0,1,0,0,0,473,1109
25652,25652,0,1,1,0,0,473,1109
25653,25653,0,1,0,0,1,473,1109
25654,25654,0,1,0,0,1,473,1109
25655,25655,0,1,0,0,1,473,1109
25656,25656,0,1,1,1,1,473,1109
25657,25657,0,1,0,1,1,473,1109
25658,25658,0,1,0,1,1,473,1109
25659,25659,0,1,0,1,1,473,1109
25660,25660,0,1,1,1,1,473,1110
25661,25661,0,1,0,1,1,473,1110
25662,25662,0,1,0,1,1,473,1110
25663,25663,0,1,0,1,1,473,1110
25664,25664,0,1,1,1,1,473,1110
25665,25665,0,1,0,1,0,473,1110
25666,25666,0,1,0,1,0,473,1110
25667,25667,0,1,0,1,0,473,1110
25668,25668,0,1,1,1,0,473,1110
25669,25669,0,1,0,1,1,473,1110
25670,25670,0,1,0,1,1,473,1110
25671,25671,0,1,0,1,1,474,1110
25672,25672,0,1,1,1,1,474,1110
25673,25673,0,1,0,1,0,474,1110
25674,25674,0,1,0,1,0,474,1110
25675,25675,0,1,0,1,0,474,1110
25676,25676,0,1,1,0,0,474,1110
25677,25677,0,1,0,0,1,474,1110
25678,25678,0,1,0,0,1,474,1110
25679,25679,0,1,0,0,1,474,1110
25680,25680,0,1,1,0,1,474,1111
25681,25681,0,1,0,0,0,474,1111
25682,25682,0,1,0,0,0,474,1111
25683,25683,0,1,0,0,0,474,1111
25684,25684,0,1,1,0,0,474,1111
25685,25685,0,1,0,0,1,474,1111
25686,25686,0,1,0,0,1,474,1111
25687,25687,0,1,0,0,1,474,1111
25688,25688,0,1,1,0,1,474,1111
25689,25689,0,1,0,0,0,474,1111
25690,25690,0,1,0,0,0,474,1111
25691,25691,0,1,0,0,0,475,1111
25692,25692,0,1,1,0,0,475,1111
25693,25693,0,1,0,0,1,475,1111
25694,25694,0,1,0,0,1,475,1111
25695,25695,0,1,0,0,1,475,1111
25696,25696,0,1,1,0,1,475,1111
25697,25697,0,1,0,0,0,475,1111
25698,25698,0,1,0,0,0,475,1111
25699,25699,0,1,0,0,0,475,1111
25700,25700,0,1,1,0,0,475,1112
25701,25701,0,1,0,0,0,475,1112
25702,25702,0,1,0,0,0,475,1112
25703,25703,0,1,0,0,0,475,1112
25704,25704,0,1,1,0,0,475,1112
25705,25705,0,1,0,0,1,475,1112
25706,25706,0,1,0,0,1,475,1112
25707,25707,0,1,0,0,1,475,1112
25708,25708,0,1,1,0,1,475,1112
25709,25709,0,1,0,0,1,475,1112
25710,25710,0,1,0,0,1,475,1112
25711,25711,0,1,0,0,1,475,1112
25712,25712,0,1,1,0,1,475,1112
25713,25713,0,1,0,0,1,475,1112
25714,25714,0,1,0,0,1,475,1112
25715,25715,0,1,0,0,1,475,1112
25716,25716,0,1,1,0,1,475,1112
25717,25717,0,1,0,0,0,475,1112
25718,25718,0,1,0,0,0,475,1112
25719,25719,0,1,0,0,0,475,1112
25720,25720,0,1,1,0,0,475,1113
25721,25721,0,1,0,0,1,475,1113
25722,25722,0,1,0,0,1,475,1113
25723,25723,0,1,0,0,1,475,1113
25724,25724,0,1,1,0,1,475,1113
25725,25725,0,1,0,0,0,475,1113
25726,25726,0,1,0,0,0,475,1113
25727,25727,0,1,0,0,0,475,1113
25728,25728,0,1,1,0,0,475,1113
25729,25729,0,1,0,0,0,475,1113
25730,25730,0,1,0,0,0,475,1113
25731,25731,0,1,0,0,0,476,1113
25732,25732,0,1,1,0,0,476,1113
25733,25733,0,1,0,0,1,476,1113
25734,25734,0,1,0,0,1,476,1113
25735,25735,0,1,0,0,1,476,1113
25736,25736,0,1,1,1,1,476,1113
25737,25737,0,1,0,1,1,476,1113
25738,25738,0,1,0,1,1,476,1113
25739,25739,0,1,0,1,1,476,1113
25740,25740,0,1,1,1,1,476,1114
25741,25741,0,1,0,1,0,476,1114
25742,25742,0,1,0,1,0,476,1114
25743,25743,0,1,0,1,0,476,1114
25744,25744,0,1,1,1,0,476,1114
25745,25745,0,1,0,1,0,476,1114
25746,25746,0,1,0,1,0,476,1114
25747,25747,0,1,0,1,0,476,1114
25748,25748,0,1,1,1,0,476,1114
25749,25749,0,1,0,1,0,476,1114
25750,25750,0,1,0,1,0,476,1114
25751,25751,0,1,0,1,0,476,1114
25752,25752,0,1,1,1,0,476,1114
25753,25753,0,1,0,1,1,476,1114
25754,25754,0,1,0,1,1,476,1114
25755,25755,0,1,0,1,1,476,1114
25756,25756,0,1,1,1,1,476,1114
25757,25757,0,1,0,1,0,476,1114
25758,25758,0,1,0,1,0,476,1114
25759,25759,0,1,0,1,0,476,1114
25760,25760,0,1,1,1,0,476,1115
25761,25761,0,1,0,1,0,476,1115
25762,25762,0,1,0,1,0,476,1115
25763,25763,0,1,0,1,0,476,1115
25764,25764,0,1,1,1,0,476,1115
25765,25765,0,1,0,1,0,476,1115
25766,25766,0,1,0,1,0,476,1115
25767,25767,0,1,0,1,0,476,1115
25768,25768,0,1,1,1,0,476,1115
25769,25769,0,1,0,1,1,476,1115
25770,25770,0,1,0,1,1,476,1115
25771,25771,0,1,0,1,1,477,1115
25772,25772,0,1,1,1,1,477,1115
25773,25773,0,1,0,1,1,477,1115
25774,25774,0,1,0,1,1,477,1115
25775,25775,0,1,0,1,1,477,1115
25776,25776,0,1,1,1,1,477,1115
25777,25777,0,1,0,1,0,477,1115
25778,25778,0,1,0,1,0,477,1115
25779,25779,0,1,0,1,0,477,1115
25780,25780,0,1,1,1,0,477,1116
25781,25781,0,1,0,1,1,477,1116
25782,25782,0,1,0,1,1,477,1116
25783,25783,0,1,0,1,1,477,1116
25784,25784,0,1,1,1,1,477,1116
25785,25785,0,1,0,1,0,477,1116
25786,25786,0,1,0,1,0,477,1116
25787,25787,0,1,0,1,0,477,1116
25788,25788,0,1,1,1,0,477,1116
25789,25789,0,1,0,1,1,477,1116
25790,25790,0,1,0,1,1,477,1116
25791,25791,0,1,0,1,1,478,1116
25792,25792,0,1,1,1,1,478,1116
25793,25793,0,1,0,1,1,478,1116
25794,25794,0,1,0,1,1,478,1116
25795,25795,0,1,0,1,1,478,1116
25796,25796,0,1,1,1,1,478,1116
25797,25797,0,1,0,1,0,478,1116
25798,25798,0,1,0,1,0,478,1116
25799,25799,0,1,0,1,0,478,1116
25800,25800,0,1,1,1,0,478,1117
25801,25801,0,1,0,1,1,478,1117
25802,25802,0,1,0,1,1,478,1117
25803,25803,0,1,0,1,1,478,1117
25804,25804,0,1,1,1,1,478,1117
25805,25805,0,1,0,1,1,478,1117
25806,25806,0,1,0,1,1,478,1117
25807,25807,0,1,0,1,1,478,1117
25808,25808,0,1,1,1,1,478,1117
25809,25809,0,1,0,1,1,478,1117
25810,25810,0,1,0,1,1,478,1117
25811,25811,0,1,0,1,1,479,1117
25812,25812,0,1,1,1,1,479,1117
25813,25813,0,1,0,1,1,479,1117
25814,25814,0,1,0,1,1,479,1117
25815,25815,0,1,0,1,1,479,1117
25816,25816,0,1,1,0,1,479,1117
25817,25817,0,1,0,0,1,479,1117
25818,25818,0,1,0,0,1,479,1117
25819,25819,0,1,0,0,1,479,1117
25820,25820,0,1,1,0,1,479,1118
25821,25821,0,1,0,0,1,479,1118
25822,25822,0,1,0,0,1,479,1118
25823,25823,0,1,0,0,1,479,1118
25824,25824,0,1,1,0,1,479,1118
25825,25825,0,1,0,0,0,479,1118
25826,25826,0,1,0,0,0,479,1118
25827,25827,0,1,0,0,0,479,1118
25828,25828,0,1,1,0,0,479,1118
25829,25829,0,1,0,0,1,479,1118
25830,25830,0,1,0,0,1,479,1118
25831,25831,0,1,0,0,1,479,1118
25832,25832,0,1,1,0,1,479,1118
25833,25833,0,1,0,0,1,479,1118
25834,25834,0,1,0,0,1,479,1118
25835,25835,0,1,0,0,1,479,1118
25836,25836,0,1,1,1,1,479,1118
25837,25837,0,1,0,1,0,479,1118
25838,25838,0,1,0,1,0,479,1118
25839,25839,0,1,0,1,0,479,1118
25840,25840,0,1,1,1,0,479,1119
25841,25841,0,1,0,1,1,479,1119
25842,25842,0,1,0,1,1,479,1119
25843,25843,0,1,0,1,1,479,1119
25844,25844,0,1,1,1,1,479,1119
25845,25845,0,1,0,1,1,479,1119
25846,25846,0,1,0,1,1,479,1119
25847,25847,0,1,0,1,1,479,1119
25848,25848,0,1,1,1,1,479,1119
25849,25849,0,1,0,1,1,479,1119
25850,25850,0,1,0,1,1,479,1119
25851,25851,0,1,0,1,1,480,1119
25852,25852,0,1,1,1,1,480,1119
25853,25853,0,1,0,1,1,480,1119
25854,25854,0,1,0,1,1,480,1119
25855,25855,0,1,0,1,1,480,1119
25856,25856,0,1,1,1,1,480,1119
25857,25857,0,1,0,1,1,480,1119
25858,25858,0,1,0,1,1,480,1119
25859,25859,0,1,0,1,1,480,1119
25860,25860,0,1,1,1,1,480,1120
25861,25861,0,1,0,1,1,480,1120
25862,25862,0,1,0,1,1,480,1120
25863,25863,0,1,0,1,1,480,1120
25864,25864,0,1,1,1,1,480,1120
25865,25865,0,1,0,1,0,480,1120
25866,25866,0,1,0,1,0,480,1120
25867,25867,0,1,0,1,0,480,1120
25868,25868,0,1,1,1,0,480,1120
25869,25869,0,1,0,1,1,480,1120
25870,25870,0,1,0,1,1,480,1120
25871,25871,0,1,0,1,1,481,1120
25872,25872,0,1,1,1,1,481,1120
25873,25873,0,1,0,1,0,481,1120
25874,25874,0,1,0,1,0,481,1120
25875,25875,0,1,0,1,0,481,1120
25876,25876,0,1,1,0,0,481,1120
25877,25877,0,1,0,0,0,481,1120
25878,25878,0,1,0,0,0,481,1120
25879,25879,0,1,0,0,0,481,1120
25880,25880,0,1,1,0,0,481,1121
25881,25881,0,1,0,0,1,481,1121
25882,25882,0,1,0,0,1,481,1121
25883,25883,0,1,0,0,1,481,1121
25884,25884,0,1,1,0,1,481,1121
25885,25885,0,1,0,0,0,481,1121
25886,25886,0,1,0,0,0,481,1121
25887,25887,0,1,0,0,0,481,1121
25888,25888,0,1,1,0,0,481,1121
25889,25889,0,1,0,0,0,481,1121
25890,25890,0,1,0,0,0,481,1121
25891,25891,0,1,0,0,0,482,1121
25892,25892,0,1,1,0,0,482,1121
25893,25893,0,1,0,0,1,482,1121
25894,25894,0,1,0,0,1,482,1121
25895,25895,0,1,0,0,1,482,1121
25896,25896,0,1,1,1,1,482,1121
25897,25897,0,1,0,1,1,482,1121
25898,25898,0,1,0,1,1,482,1121
25899,25899,0,1,0,1,1,482,1121
25900,25900,0,1,1,1,1,482,1122
25901,25901,0,1,0,1,1,482,1122
25902,25902,0,1,0,1,1,482,1122
25903,25903,0,1,0,1,1,482,1122
25904,25904,0,1,1,1,1,482,1122
25905,25905,0,1,0,1,1,482,1122
25906,25906,0,1,0,1,1,482,1122
25907,25907,0,1,0,1,1,482,1122
25908,25908,0,1,1,1,1,482,1122
25909,25909,0,1,0,1,1,482,1122
25910,25910,0,1,0,1,1,482,1122
25911,25911,0,1,0,1,1,483,1122
25912,25912,0,1,1,1,1,483,1122
25913,25913,0,1,0,1,0,483,1122
25914,25914,0,1,0,1,0,483,1122
25915,25915,0,1,0,1,0,483,1122
25916,25916,0,1,1,1,0,483,1122
25917,25917,0,1,0,1,0,483,1122
25918,25918,0,1,0,1,0,483,1122
25919,25919,0,1,0,1,0,483,1122
25920,25920,0,1,1,1,0,483,1123
25921,25921,0,1,0,1,1,483,1123
25922,25922,0,1,0,1,1,483,1123
25923,25923,0,1,0,1,1,483,1123
25924,25924,0,1,1,1,1,483,1123
25925,25925,0,1,0,1,0,483,1123
25926,25926,0,1,0,1,0,483,1123
25927,25927,0,1,0,1,0,483,1123
25928,25928,0,1,1,1,0,483,1123
25929,25929,0,1,0,1,1,483,1123
25930,25930,0,1,0,1,1,483,1123
25931,25931,0,1,0,1,1,484,1123
25932,25932,0,1,1,1,1,484,1123
25933,25933,0,1,0,1,1,484,1123
25934,25934,0,1,0,1,1,484,1123
25935,25935,0,1,0,1,1,484,1123
25936,25936,0,1,1,0,1,484,1123
25937,25937,0,1,0,0,0,484,1123
25938,25938,0,1,0,0,0,484,1123
25939,25939,0,1,0,0,0,484,1123
25940,25940,0,1,1,0,0,484,1124
25941,25941,0,1,0,0,0,484,1124
25942,25942,0,1,0,0,0,484,1124
25943,25943,0,1,0,0,0,484,1124
25944,25944,0,1,1,0,0,484,1124
25945,25945,0,1,0,0,1,484,1124
25946,25946,0,1,0,0,1,484,1124
25947,25947,0,1,0,0,1,484,1124
25948,25948,0,1,1,0,1,484,1124
25949,25949,0,1,0,0,0,484,1124
25950,25950,0,1,0,0,0,484,1124
25951,25951,0,1,0,0,0,485,1124
25952,25952,0,1,1,0,0,485,1124
25953,25953,0,1,0,0,1,485,1124
25954,25954,0,1,0,0,1,485,1124
25955,25955,0,1,0,0,1,485,1124
25956,25956,0,1,1,1,1,485,1124
25957,25957,0,1,0,1,0,485,1124
25958,25958,0,1,0,1,0,485,1124
25959,25959,0,1,0,1,0,485,1124
25960,25960,0,1,1,1,0,485,1125
25961,25961,0,1,0,1,0,485,1125
25962,25962,0,1,0,1,0,485,1125
25963,25963,0,1,0,1,0,485,1125
25964,25964,0,1,1,1,0,485,1125
25965,25965,0,1,0,1,0,485,1125
25966,25966,0,1,0,1,0,485,1125
25967,25967,0,1,0,1,0,485,1125
25968,25968,0,1,1,1,0,485,1125
25969,25969,0,1,0,1,0,485,1125
25970,25970,0,1,0,1,0,485,1125
25971,25971,0,1,0,1,0,485,1125
25972,25972,0,1,1,1,0,485,1125
25973,25973,0,1,0,1,0,485,1125
25974,25974,0,1,0,1,0,485,1125
25975,25975,0,1,0,1,0,485,1125
25976,25976,0,1,1,1,0,485,1125
25977,25977,0,1,0,1,0,485,1125
25978,25978,0,1,0,1,0,485,1125
25979,25979,0,1,0,1,0,485,1125
25980,25980,0,1,1,1,0,485,1126
25981,25981,0,1,0,1,1,485,1126
25982,25982,0,1,0,1,1,485,1126
25983,25983,0,1,0,1,1,485,1126
25984,25984,0,1,1,1,1,485,1126
25985,25985,0,1,0,1,1,485,1126
25986,25986,0,1,0,1,1,485,1126
25987,25987,0,1,0,1,1,485,1126
25988,25988,0,1,1,1,1,485,1126
25989,25989,0,1,0,1,0,485,1126
25990,25990,0,1,0,1,0,485,1126
25991,25991,0,1,0,1,0,485,1126
25992,25992,0,1,1,1,0,485,1126
25993,25993,0,1,0,1,1,485,1126
25994,25994,0,1,0,1,1,485,1126
25995,25995,0,1,0,1,1,485,1126
25996,25996,0,1,1,1,1,485,1126
25997,25997,0,1,0,1,0,485,1126
25998,25998,0,1,0,1,0,485,1126
25999,25999,0,1,0,1,0,485,1126
26000,26000,0,1,1,1,0,485,1127
26001,26001,0,1,0,1,1,485,1127
26002,26002,0,1,0,1,1,485,1127
26003,26003,0,1,0,1,1,485,1127
26004,26004,0,1,1,1,1,485,1127
26005,26005,0,1,0,1,0,485,1127
26006,26006,0,1,0,1,0,485,1127
26007,26007,0,1,0,1,0,485,1127
26008,26008,0,1,1,1,0,485,1127
26009,26009,0,1,0,1,0,485,1127
26010,26010,0,1,0,1,0,485,1127
26011,26011,0,1,0,1,0,485,1127
26012,26012,0,1,1,1,0,485,1127
26013,26013,0,1,0,1,1,485,1127
26014,26014,0,1,0,1,1,485,1127
26015,26015,0,1,0,1,1,485,1127
26016,26016,0,1,1,0,1,485,1127
26017,26017,0,1,0,0,0,485,1127
26018,26018,0,1,0,0,0,485,1127
26019,26019,0,1,0,0,0,485,1127
26020,26020,0,1,1,0,0,485,1128
26021,26021,0,1,0,0,1,485,1128
26022,26022,0,1,0,0,1,485,1128
26023,26023,0,1,0,0,1,485,1128
26024,26024,0,1,1,0,1,485,1128
26025,26025,0,1,0,0,0,485,1128
26026,26026,0,1,0,0,0,485,1128
26027,26027,0,1,0,0,0,485,1128
26028,26028,0,1,1,0,0,485,1128
26029,26029,0,1,0,0,1,485,1128
26030,26030,0,1,0,0,1,485,1128
26031,26031,0,1,0,0,1,485,1128
26032,26032,0,1,1,0,1,485,1128
26033,26033,0,1,0,0,1,485,1128
26034,26034,0,1,0,0,1,485,1128
26035,26035,0,1,0,0,1,485,1128
26036,26036,0,1,1,0,1,485,1128
26037,26037,0,1,0,0,1,485,1128
26038,26038,0,1,0,0,1,485,1128
26039,26039,0,1,0,0,1,485,1128
26040,26040,0,1,1,0,1,485,1129
26041,26041,0,1,0,0,1,485,1129
26042,26042,0,1,0,0,1,485,1129
26043,26043,0,1,0,0,1,485,1129
26044,26044,0,1,1,0,1,485,1129
26045,26045,0,1,0,0,1,485,1129
26046,26046,0,1,0,0,1,485,1129
26047,26047,0,1,0,0,1,485,1129
26048,26048,0,1,1,0,1,485,1129
26049,26049,0,1,0,0,0,485,1129
26050,26050,0,1,0,0,0,485,1129
26051,26051,0,1,0,0,0,486,1129
26052,26052,0,1,1,0,0,486,1129
26053,26053,0,1,0,0,1,486,1129
26054,26054,0,1,0,0,1,486,1129
26055,26055,0,1,0,0,1,486,1129
26056,26056,0,1,1,0,1,486,1129
26057,26057,0,1,0,0,0,486,1129
26058,26058,0,1,0,0,0,486,1129
26059,26059,0,1,0,0,0,486,1129
26060,26060,0,1,1,0,0,486,1130
26061,26061,0,1,0,0,0,486,1130
26062,26062,0,1,0,0,0,486,1130
26063,26063,0,1,0,0,0,486,1130
26064,26064,0,1,1,0,0,486,1130
26065,26065,0,1,0,0,1,486,1130
26066,26066,0,1,0,0,1,486,1130
26067,26067,0,1,0,0,1,486,1130
26068,26068,0,1,1,0,1,486,1130
26069,26069,0,1,0,0,1,486,1130
26070,26070,0,1,0,0,1,486,1130
26071,26071,0,1,0,0,1,486,1130
26072,26072,0,1,1,0,1,486,1130
26073,26073,0,1,0,0,1,486,1130
26074,26074,0,1,0,0,1,486,1130
26075,26075,0,1,0,0,1,486,1130
26076,26076,0,1,1,0,1,486,1130
26077,26077,0,1,0,0,1,486,1130
26078,26078,0,1,0,0,1,486,1130
26079,26079,0,1,0,0,1,486,1130
26080,26080,0,1,1,0,1,486,1131
26081,26081,0,1,0,0,1,486,1131
26082,26082,0,1,0,0,1,486,1131
26083,26083,0,1,0,0,1,486,1131
26084,26084,0,1,1,0,1,486,1131
26085,26085,0,1,0,0,1,486,1131
26086,26086,0,1,0,0,1,486,1131
26087,26087,0,1,0,0,1,486,1131
26088,26088,0,1,1,0,1,486,1131
26089,26089,0,1,0,0,0,486,1131
26090,26090,0,1,0,0,0,486,1131
26091,26091,0,1,0,0,0,487,1131
26092,26092,0,1,1,0,0,487,1131
26093,26093,0,1,0,0,1,487,1131
26094,26094,0,1,0,0,1,487,1131
26095,26095,0,1,0,0,1,487,1131
26096,26096,0,1,1,0,1,487,1131
26097,26097,0,1,0,0,1,487,1131
26098,26098,0,1,0,0,1,487,1131
26099,26099,0,1,0,0,1,487,1131
26100,26100,0,1,1,0,1,487,1132
26101,26101,0,1,0,0,1,487,1132
26102,26102,0,1,0,0,1,487,1132
26103,26103,0,1,0,0,1,487,1132
26104,26104,0,1,1,0,1,487,1132
26105,26105,0,1,0,0,0,487,1132
26106,26106,0,1,0,0,0,487,1132
26107,26107,0,1,0,0,0,487,1132
26108,26108,0,1,1,0,0,487,1132
26109,26109,0,1,0,0,1,487,1132
26110,26110,0,1,0,0,1,487,1132
26111,26111,0,1,0,0,1,487,1132
26112,26112,0,1,1,0,1,487,1132
26113,26113,0,1,0,0,1,487,1132
26114,26114,0,1,0,0,1,487,1132
26115,26115,0,1,0,0,1,487,1132
26116,26116,0,1,1,0,1,487,1132
26117,26117,0,1,0,0,1,487,1132
26118,26118,0,1,0,0,1,487,1132
26119,26119,0,1,0,0,1,487,1132
26120,26120,0,1,1,0,1,487,1133
26121,26121,0,1,0,0,1,487,1133
26122,26122,0,1,0,0,1,487,1133
26123,26123,0,1,0,0,1,487,1133
26124,26124,0,1,1,0,1,487,1133
26125,26125,0,1,0,0,1,487,1133
26126,26126,0,1,0,0,1,487,1133
26127,26127,0,1,0,0,1,487,1133
26128,26128,0,1,1,0,1,487,1133
26129,26129,0,1,0,0,1,487,1133
26130,26130,0,1,0,0,1,487,1133
26131,26131,0,1,0,0,1,487,1133
26132,26132,0,1,1,0,1,487,1133
26133,26133,0,1,0,0,1,487,1133
26134,26134,0,1,0,0,1,487,1133
26135,26135,0,1,0,0,1,487,1133
26136,26136,0,1,1,0,1,487,1133
26137,26137,0,1,0,0,1,487,1133
26138,26138,0,1,0,0,1,487,1133
26139,26139,0,1,0,0,1,487,1133
26140,26140,0,1,1,0,1,487,1134
26141,26141,0,1,0,0,1,487,1134
26142,26142,0,1,0,0,1,487,1134
26143,26143,0,1,0,0,1,487,1134
26144,26144,0,1,1,0,1,487,1134
26145,26145,0,1,0,0,0,487,1134
26146,26146,0,1,0,0,0,487,1134
26147,26147,0,1,0,0,0,487,1134
26148,26148,0,1,1,0,0,487,1134
26149,26149,0,1,0,0,0,487,1134
26150,26150,0,1,0,0,0,487,1134
26151,26151,0,1,0,0,0,488,1134
26152,26152,0,1,1,0,0,488,1134
26153,26153,0,1,0,0,1,488,1134
26154,26154,0,1,0,0,1,488,1134
26155,26155,0,1,0,0,1,488,1134
26156,26156,0,1,1,0,1,488,1134
26157,26157,0,1,0,0,0,488,1134
26158,26158,0,1,0,0,0,488,1134
26159,26159,0,1,0,0,0,488,1134
26160,26160,0,1,1,0,0,488,1135
26161,26161,0,1,0,0,1,488,1135
26162,26162,0,1,0,0,1,488,1135
26163,26163,0,1,0,0,1,488,1135
26164,26164,0,1,1,0,1,488,1135
26165,26165,0,1,0,0,1,488,1135
26166,26166,0,1,0,0,1,488,1135
26167,26167,0,1,0,0,1,488,1135
26168,26168,0,1,1,0,1,488,1135
26169,26169,0,1,0,0,1,488,1135
26170,26170,0,1,0,0,1,488,1135
26171,26171,0,1,0,0,1,488,1135
26172,26172,0,1,1,0,1,488,1135
26173,26173,0,1,0,0,1,488,1135
26174,26174,0,1,0,0,1,488,1135
26175,26175,0,1,0,0,1,488,1135
26176,26176,0,1,1,0,1,488,1135
26177,26177,0,1,0,0,1,488,1135
26178,26178,0,1,0,0,1,488,1135
26179,26179,0,1,0,0,1,488,1135
26180,26180,0,1,1,0,1,488,1136
26181,26181,0,1,0,0,1,488,1136
26182,26182,0,1,0,0,1,488,1136
26183,26183,0,1,0,0,1,488,1136
26184,26184,0,1,1,0,1,488,1136
26185,26185,0,1,0,0,1,488,1136
26186,26186,0,1,0,0,1,488,1136
26187,26187,0,1,0,0,1,488,1136
26188,26188,0,1,1,0,1,488,1136
26189,26189,0,1,0,0,0,488,1136
26190,26190,0,1,0,0,0,488,1136
26191,26191,0,1,0,0,0,489,1136
26192,26192,0,1,1,0,0,489,1136
26193,26193,0,1,0,0,1,489,1136
26194,26194,0,1,0,0,1,489,1136
26195,26195,0,1,0,0,1,489,1136
26196,26196,0,1,1,0,1,489,1136
26197,26197,0,1,0,0,1,489,1136
26198,26198,0,1,0,0,1,489,1136
26199,26199,0,1,0,0,1,489,1136
26200,26200,0,1,1,0,1,489,1137
26201,26201,0,1,0,0,0,489,1137
26202,26202,0,1,0,0,0,489,1137
26203,26203,0,1,0,0,0,489,1137
26204,26204,0,1,1,0,0,489,1137
26205,26205,0,1,0,0,0,489,1137
26206,26206,0,1,0,0,0,489,1137
26207,26207,0,1,0,0,0,489,1137
26208,26208,0,1,1,0,0,489,1137
26209,26209,0,1,0,0,0,489,1137
26210,26210,0,1,0,0,0,489,1137
26211,26211,0,1,0,0,0,490,1137
26212,26212,0,1,1,0,0,490,1137
26213,26213,0,1,0,0,0,490,1137
26214,26214,0,1,0,0,0,490,1137
26215,26215,0,1,0,0,0,490,1137
26216,26216,0,1,1,0,0,490,1137
26217,26217,0,1,0,0,1,490,1137
26218,26218,0,1,0,0,1,490,1137
26219,26219,0,1,0,0,1,490,1137
26220,26220,0,1,1,0,1,490,1138
26221,26221,0,1,0,0,0,490,1138
26222,26222,0,1,0,0,0,490,1138
26223,26223,0,1,0,0,0,490,1138
26224,26224,0,1,1,0,0,490,1138
26225,26225,0,1,0,0,1,490,1138
26226,26226,0,1,0,0,1,490,1138
26227,26227,0,1,0,0,1,490,1138
26228,26228,0,1,1,0,1,490,1138
26229,26229,0,1,0,0,1,490,1138
26230,26230,0,1,0,0,1,490,1138
26231,26231,0,1,0,0,1,490,1138
26232,26232,0,1,1,0,1,490,1138
26233,26233,0,1,0,0,1,490,1138
26234,26234,0,1,0,0,1,490,1138
26235,26235,0,1,0,0,1,490,1138
26236,26236,0,1,1,1,1,490,1138
26237,26237,0,1,0,1,0,490,1138
26238,26238,0,1,0,1,0,490,1138
26239,26239,0,1,0,1,0,490,1138
26240,26240,0,1,1,1,0,490,1139
26241,26241,0,1,0,1,0,490,1139
26242,26242,0,1,0,1,0,490,1139
26243,26243,0,1,0,1,0,490,1139
26244,26244,0,1,1,1,0,490,1139
26245,26245,0,1,0,1,1,490,1139
26246,26246,0,1,0,1,1,490,1139
26247,26247,0,1,0,1,1,490,1139
26248,26248,0,1,1,1,1,490,1139
26249,26249,0,1,0,1,0,490,1139
26250,26250,0,1,0,1,0,490,1139
26251,26251,0,1,0,1,0,490,1139
26252,26252,0,1,1,1,0,490,1139
26253,26253,0,1,0,1,1,490,1139
26254,26254,0,1,0,1,1,490,1139
26255,26255,0,1,0,1,1,490,1139
26256,26256,0,1,1,0,1,490,1139
26257,26257,0,1,0,0,0,490,1139
26258,26258,0,1,0,0,0,490,1139
26259,26259,0,1,0,0,0,490,1139
26260,26260,0,1,1,0,0,490,1140
26261,26261,0,1,0,0,0,490,1140
26262,26262,0,1,0,0,0,490,1140
26263,26263,0,1,0,0,0,490,1140
26264,26264,0,1,1,0,0,490,1140
26265,26265,0,1,0,0,1,490,1140
26266,26266,0,1,0,0,1,490,1140
26267,26267,0,1,0,0,1,490,1140
26268,26268,0,1,1,0,1,490,1140
26269,26269,0,1,0,0,1,490,1140
26270,26270,0,1,0,0,1,490,1140
26271,26271,0,1,0,0,1,490,1140
26272,26272,0,1,1,0,1,490,1140
26273,26273,0,1,0,0,1,490,1140
26274,26274,0,1,0,0,1,490,1140
26275,26275,0,1,0,0,1,490,1140
26276,26276,0,1,1,0,1,490,1140
26277,26277,0,1,0,0,0,490,1140
26278,26278,0,1,0,0,0,490,1140
26279,26279,0,1,0,0,0,490,1140
26280,26280,0,1,1,0,0,490,1141
26281,26281,0,1,0,0,0,490,1141
26282,26282,0,1,0,0,0,490,1141
26283,26283,0,1,0,0,0,490,1141
26284,26284,0,1,1,0,0,490,1141
26285,26285,0,1,0,0,0,490,1141
26286,26286,0,1,0,0,0,490,1141
26287,26287,0,1,0,0,0,490,1141
26288,26288,0,1,1,0,0,490,1141
26289,26289,0,1,0,0,1,490,1141
26290,26290,0,1,0,0,1,490,1141
26291,26291,0,1,0,0,1,490,1141
26292,26292,0,1,1,0,1,490,1141
26293,26293,0,1,0,0,0,490,1141
26294,26294,0,1,0,0,0,490,1141
26295,26295,0,1,0,0,0,490,1141
26296,26296,0,1,1,0,0,490,1141
26297,26297,0,1,0,0,1,490,1141
26298,26298,0,1,0,0,1,490,1141
26299,26299,0,1,0,0,1,490,1141
26300,26300,0,1,1,0,1,490,1142
26301,26301,0,1,0,0,0,490,1142
26302,26302,0,1,0,0,0,490,1142
26303,26303,0,1,0,0,0,490,1142
26304,26304,0,1,1,0,0,490,1142
26305,26305,0,1,0,0,0,490,1142
26306,26306,0,1,0,0,0,490,1142
26307,26307,0,1,0,0,0,490,1142
26308,26308,0,1,1,0,0,490,1142
26309,26309,0,1,0,0,1,490,1142
26310,26310,0,1,0,0,1,490,1142
26311,26311,0,1,0,0,1,490,1142
26312,26312,0,1,1,0,1,490,1142
26313,26313,0,1,0,0,1,490,1142
26314,26314,0,1,0,0,1,490,1142
26315,26315,0,1,0,0,1,490,1142
26316,26316,0,1,1,0,1,490,1142
26317,26317,0,1,0,0,1,490,1142
26318,26318,0,1,0,0,1,490,1142
26319,26319,0,1,0,0,1,490,1142
26320,26320,0,1,1,0,1,490,1143
26321,26321,0,1,0,0,1,490,1143
26322,26322,0,1,0,0,1,490,1143
26323,26323,0,1,0,0,1,490,1143
26324,26324,0,1,1,0,1,490,1143
26325,26325,0,1,0,0,0,490,1143
26326,26326,0,1,0,0,0,490,1143
26327,26327,0,1,0,0,0,490,1143
26328,26328,0,1,1,0,0,490,1143
26329,26329,0,1,0,0,1,490,1143
26330,26330,0,1,0,0,1,490,1143
26331,26331,0,1,0,0,1,490,1143
26332,26332,0,1,1,0,1,490,1143
26333,26333,0,1,0,0,1,490,1143
26334,26334,0,1,0,0,1,490,1143
26335,26335,0,1,0,0,1,490,1143
26336,26336,0,1,1,0,1,490,1143
26337,26337,0,1,0,0,0,490,1143
26338,26338,0,1,0,0,0,490,1143
26339,26339,0,1,0,0,0,490,1143
26340,26340,0,1,1,0,0,490,1144
26341,26341,0,1,0,0,1,490,1144
26342,26342,0,1,0,0,1,490,1144
26343,26343,0,1,0,0,1,490,1144
26344,26344,0,1,1,0,1,490,1144
26345,26345,0,1,0,0,0,490,1144
26346,26346,0,1,0,0,0,490,1144
26347,26347,0,1,0,0,0,490,1144
26348,26348,0,1,1,0,0,490,1144
26349,26349,0,1,0,0,1,490,1144
26350,26350,0,1,0,0,1,490,1144
26351,26351,0,1,0,0,1,490,1144
26352,26352,0,1,1,0,1,490,1144
26353,26353,0,1,0,0,1,490,1144
26354,26354,0,1,0,0,1,490,1144
26355,26355,0,1,0,0,1,490,1144
26356,26356,0,1,1,0,1,490,1144
26357,26357,0,1,0,0,0,490,1144
26358,26358,0,1,0,0,0,490,1144
26359,26359,0,1,0,0,0,490,1144
26360,26360,0,1,1,0,0,490,1145
26361,26361,0,1,0,0,1,490,1145
26362,26362,0,1,0,0,1,490,1145
26363,26363,0,1,0,0,1,490,1145
26364,26364,0,1,1,0,1,490,1145
26365,26365,0,1,0,0,0,490,1145
26366,26366,0,1,0,0,0,490,1145
26367,26367,0,1,0,0,0,490,1145
26368,26368,0,1,1,0,0,490,1145
26369,26369,0,1,0,0,1,490,1145
26370,26370,0,1,0,0,1,490,1145
26371,26371,0,1,0,0,1,490,1145
26372,26372,0,1,1,0,1,490,1145
26373,26373,0,1,0,0,1,490,1145
26374,26374,0,1,0,0,1,490,1145
26375,26375,0,1,0,0,1,490,1145
26376,26376,0,1,1,0,1,490,1145
26377,26377,0,1,0,0,1,490,1145
26378,26378,0,1,0,0,1,490,1145
26379,26379,0,1,0,0,1,490,1145
26380,26380,0,1,1,0,1,490,1146
26381,26381,0,1,0,0,0,490,1146
26382,26382,0,1,0,0,0,490,1146
26383,26383,0,1,0,0,0,490,1146
26384,26384,0,1,1,0,0,490,1146
26385,26385,0,1,0,0,1,490,1146
26386,26386,0,1,0,0,1,490,1146
26387,26387,0,1,0,0,1,490,1146
26388,26388,0,1,1,0,1,490,1146
26389,26389,0,1,0,0,1,490,1146
26390,26390,0,1,0,0,1,490,1146
26391,26391,0,1,0,0,1,490,1146
26392,26392,0,1,1,0,1,490,1146
26393,26393,0,1,0,0,0,490,1146
26394,26394,0,1,0,0,0,490,1146
26395,26395,0,1,0,0,0,490,1146
26396,26396,0,1,1,0,0,490,1146
26397,26397,0,1,0,0,0,490,1146
26398,26398,0,1,0,0,0,490,1146
26399,26399,0,1,0,0,0,490,1146
26400,26400,0,1,1,0,0,490,1147
26401,26401,0,1,0,0,1,490,1147
26402,26402,0,1,0,0,1,490,1147
26403,26403,0,1,0,0,1,490,1147
26404,26404,0,1,1,0,1,490,1147
26405,26405,0,1,0,0,0,490,1147
26406,26406,0,1,0,0,0,490,1147
26407,26407,0,1,0,0,0,490,1147
26408,26408,0,1,1,0,0,490,1147
26409,26409,0,1,0,0,1,490,1147
26410,26410,0,1,0,0,1,490,1147
26411,26411,0,1,0,0,1,490,1147
26412,26412,0,1,1,0,1,490,1147
26413,26413,0,1,0,0,1,490,1147
26414,26414,0,1,0,0,1,490,1147
26415,26415,0,1,0,0,1,490,1147
26416,26416,0,1,1,0,1,490,1147
26417,26417,0,1,0,0,1,490,1147
26418,26418,0,1,0,0,1,490,1147
26419,26419,0,1,0,0,1,490,1147
26420,26420,0,1,1,0,1,490,1148
26421,26421,0,1,0,0,1,490,1148
26422,26422,0,1,0,0,1,490,1148
26423,26423,0,1,0,0,1,490,1148
26424,26424,0,1,1,0,1,490,1148
26425,26425,0,1,0,0,1,490,1148
26426,26426,0,1,0,0,1,490,1148
26427,26427,0,1,0,0,1,490,1148
26428,26428,0,1,1,0,1,490,1148
26429,26429,0,1,0,0,1,490,1148
26430,26430,0,1,0,0,1,490,1148
26431,26431,0,1,0,0,1,490,1148
26432,26432,0,1,1,0,1,490,1148
26433,26433,0,1,0,0,0,490,1148
26434,26434,0,1,0,0,0,490,1148
26435,26435,0,1,0,0,0,490,1148
26436,26436,0,1,1,0,0,490,1148
26437,26437,0,1,0,0,1,490,1148
26438,26438,0,1,0,0,1,490,1148
26439,26439,0,1,0,0,1,490,1148
26440,26440,0,1,1,0,1,490,1149
26441,26441,0,1,0,0,0,490,1149
26442,26442,0,1,0,0,0,490,1149
26443,26443,0,1,0,0,0,490,1149
26444,26444,0,1,1,0,0,490,1149
26445,26445,0,1,0,0,0,490,1149
26446,26446,0,1,0,0,0,490,1149
26447,26447,0,1,0,0,0,490,1149
26448,26448,0,1,1,0,0,490,1149
26449,26449,0,1,0,0,0,490,1149
26450,26450,0,1,0,0,0,490,1149
26451,26451,0,1,0,0,0,491,1149
26452,26452,0,1,1,0,0,491,1149
26453,26453,0,1,0,0,1,491,1149
26454,26454,0,1,0,0,1,491,1149
26455,26455,0,1,0,0,1,491,1149
26456,26456,0,1,1,0,1,491,1149
26457,26457,0,1,0,0,0,491,1149
26458,26458,0,1,0,0,0,491,1149
26459,26459,0,1,0,0,0,491,1149
26460,26460,0,1,1,0,0,491,1150
26461,26461,0,1,0,0,0,491,1150
26462,26462,0,1,0,0,0,491,1150
26463,26463,0,1,0,0,0,491,1150
26464,26464,0,1,1,0,0,491,1150
26465,26465,0,1,0,0,1,491,1150
26466,26466,0,1,0,0,1,491,1150
26467,26467,0,1,0,0,1,491,1150
26468,26468,0,1,1,0,1,491,1150
26469,26469,0,1,0,0,0,491,1150
26470,26470,0,1,0,0,0,491,1150
26471,26471,0,1,0,0,0,492,1150
26472,26472,0,1,1,0,0,492,1150
26473,26473,0,1,0,0,1,492,1150
26474,26474,0,1,0,0,1,492,1150
26475,26475,0,1,0,0,1,492,1150
26476,26476,0,1,1,1,1,492,1150
26477,26477,0,1,0,1,0,492,1150
26478,26478,0,1,0,1,0,492,1150
26479,26479,0,1,0,1,0,492,1150
26480,26480,0,1,1,1,0,492,1151
26481,26481,0,1,0,1,0,492,1151
26482,26482,0,1,0,1,0,492,1151
26483,26483,0,1,0,1,0,492,1151
26484,26484,0,1,1,1,0,492,1151
26485,26485,0,1,0,1,1,492,1151
26486,26486,0,1,0,1,1,492,1151
26487,26487,0,1,0,1,1,492,1151
26488,26488,0,1,1,1,1,492,1151
26489,26489,0,1,0,1,1,492,1151
26490,26490,0,1,0,1,1,492,1151
26491,26491,0,1,0,1,1,493,1151
26492,26492,0,1,1,1,1,493,1151
26493,26493,0,1,0,1,1,493,1151
26494,26494,0,1,0,1,1,493,1151
26495,26495,0,1,0,1,1,493,1151
26496,26496,0,1,1,1,1,493,1151
26497,26497,0,1,0,1,0,493,1151
26498,26498,0,1,0,1,0,493,1151
26499,26499,0,1,0,1,0,493,1151
26500,26500,0,1,1,1,0,493,1152
26501,26501,0,1,0,1,1,493,1152
26502,26502,0,1,0,1,1,493,1152
26503,26503,0,1,0,1,1,493,1152
26504,26504,0,1,1,1,1,493,1152
26505,26505,0,1,0,1,1,493,1152
26506,26506,0,1,0,1,1,493,1152
26507,26507,0,1,0,1,1,493,1152
26508,26508,0,1,1,1,1,493,1152
26509,26509,0,1,0,1,0,493,1152
26510,26510,0,1,0,1,0,493,1152
26511,26511,0,1,0,1,0,493,1152
26512,26512,0,1,1,1,0,493,1152
26513,26513,0,1,0,1,1,493,1152
26514,26514,0,1,0,1,1,493,1152
26515,26515,0,1,0,1,1,493,1152
26516,26516,0,1,1,0,1,493,1152
26517,26517,0,1,0,0,0,493,1152
26518,26518,0,1,0,0,0,493,1152
26519,26519,0,1,0,0,0,493,1152
26520,26520,0,1,1,0,0,493,1153
26521,26521,0,1,0,0,1,493,1153
26522,26522,0,1,0,0,1,493,1153
26523,26523,0,1,0,0,1,493,1153
26524,26524,0,1,1,0,1,493,1153
26525,26525,0,1,0,0,1,493,1153
26526,26526,0,1,0,0,1,493,1153
26527,26527,0,1,0,0,1,493,1153
26528,26528,0,1,1,0,1,493,1153
26529,26529,0,1,0,0,1,493,1153
26530,26530,0,1,0,0,1,493,1153
26531,26531,0,1,0,0,1,493,1153
26532,26532,0,1,1,0,1,493,1153
26533,26533,0,1,0,0,0,493,1153
26534,26534,0,1,0,0,0,493,1153
26535,26535,0,1,0,0,0,493,1153
26536,26536,0,1,1,1,0,493,1153
26537,26537,0,1,0,1,0,493,1153
26538,26538,0,1,0,1,0,493,1153
26539,26539,0,1,0,1,0,493,1153
26540,26540,0,1,1,1,0,493,1154
26541,26541,0,1,0,1,1,493,1154
26542,26542,0,1,0,1,1,493,1154
26543,26543,0,1,0,1,1,493,1154
26544,26544,0,1,1,1,1,493,1154
26545,26545,0,1,0,1,0,493,1154
26546,26546,0,1,0,1,0,493,1154
26547,26547,0,1,0,1,0,493,1154
26548,26548,0,1,1,1,0,493,1154
26549,26549,0,1,0,1,0,493,1154
26550,26550,0,1,0,1,0,493,1154
26551,26551,0,1,0,1,0,493,1154
26552,26552,0,1,1,1,0,493,1154
26553,26553,0,1,0,1,1,493,1154
26554,26554,0,1,0,1,1,493,1154
26555,26555,0,1,0,1,1,493,1154
26556,26556,0,1,1,0,1,493,1154
26557,26557,0,1,0,0,1,493,1154
26558,26558,0,1,0,0,1,493,1154
26559,26559,0,1,0,0,1,493,1154
26560,26560,0,1,1,0,1,493,1155
26561,26561,0,1,0,0,1,493,1155
26562,26562,0,1,0,0,1,493,1155
26563,26563,0,1,0,0,1,493,1155
26564,26564,0,1,1,0,1,493,1155
26565,26565,0,1,0,0,1,493,1155
26566,26566,0,1,0,0,1,493,1155
26567,26567,0,1,0,0,1,493,1155
26568,26568,0,1,1,0,1,493,1155
26569,26569,0,1,0,0,1,493,1155
26570,26570,0,1,0,0,1,493,1155
26571,26571,0,1,0,0,1,493,1155
26572,26572,0,1,1,0,1,493,1155
26573,26573,0,1,0,0,1,493,1155
26574,26574,0,1,0,0,1,493,1155
26575,26575,0,1,0,0,1,493,1155
26576,26576,0,1,1,1,1,493,1155
26577,26577,0,1,0,1,0,493,1155
26578,26578,0,1,0,1,0,493,1155
26579,26579,0,1,0,1,0,493,1155
26580,26580,0,1,1,1,0,493,1156
26581,26581,0,1,0,1,0,493,1156
26582,26582,0,1,0,1,0,493,1156
26583,26583,0,1,0,1,0,493,1156
26584,26584,0,1,1,1,0,493,1156
26585,26585,0,1,0,1,0,493,1156
26586,26586,0,1,0,1,0,493,1156
26587,26587,0,1,0,1,0,493,1156
26588,26588,0,1,1,1,0,493,1156
26589,26589,0,1,0,1,1,493,1156
26590,26590,0,1,0,1,1,493,1156
26591,26591,0,1,0,1,1,494,1156
26592,26592,0,1,1,1,1,494,1156
26593,26593,0,1,0,1,1,494,1156
26594,26594,0,1,0,1,1,494,1156
26595,26595,0,1,0,1,1,494,1156
26596,26596,0,1,1,0,1,494,1156
26597,26597,0,1,0,0,0,494,1156
26598,26598,0,1,0,0,0,494,1156
26599,26599,0,1,0,0,0,494,1156
26600,26600,0,1,1,0,0,494,1157
26601,26601,0,1,0,0,0,494,1157
26602,26602,0,1,0,0,0,494,1157
26603,26603,0,1,0,0,0,494,1157
26604,26604,0,1,1,0,0,494,1157
26605,26605,0,1,0,0,1,494,1157
26606,26606,0,1,0,0,1,494,1157
26607,26607,0,1,0,0,1,494,1157
26608,26608,0,1,1,0,1,494,1157
26609,26609,0,1,0,0,1,494,1157
26610,26610,0,1,0,0,1,494,1157
26611,26611,0,1,0,0,1,494,1157
26612,26612,0,1,1,0,1,494,1157
26613,26613,0,1,0,0,0,494,1157
26614,26614,0,1,0,0,0,494,1157
26615,26615,0,1,0,0,0,494,1157
26616,26616,0,1,1,1,0,494,1157
26617,26617,0,1,0,1,1,494,1157
26618,26618,0,1,0,1,1,494,1157
26619,26619,0,1,0,1,1,494,1157
26620,26620,0,1,1,1,1,494,1158
26621,26621,0,1,0,1,0,494,1158
26622,26622,0,1,0,1,0,494,1158
26623,26623,0,1,0,1,0,494,1158
26624,26624,0,1,1,1,0,494,1158
26625,26625,0,1,0,1,0,494,1158
26626,26626,0,1,0,1,0,494,1158
26627,26627,0,1,0,1,0,494,1158
26628,26628,0,1,1,1,0,494,1158
26629,26629,0,1,0,1,1,494,1158
26630,26630,0,1,0,1,1,494,1158
26631,26631,0,1,0,1,1,495,1158
26632,26632,0,1,1,1,1,495,1158
26633,26633,0,1,0,1,1,495,1158
26634,26634,0,1,0,1,1,495,1158
26635,26635,0,1,0,1,1,495,1158
26636,26636,0,1,1,0,1,495,1158
26637,26637,0,1,0,0,0,495,1158
26638,26638,0,1,0,0,0,495,1158
26639,26639,0,1,0,0,0,495,1158
26640,26640,0,1,1,0,0,495,1159
26641,26641,0,1,0,0,0,495,1159
26642,26642,0,1,0,0,0,495,1159
26643,26643,0,1,0,0,0,495,1159
26644,26644,0,1,1,0,0,495,1159
26645,26645,0,1,0,0,0,495,1159
26646,26646,0,1,0,0,0,495,1159
26647,26647,0,1,0,0,0,495,1159
26648,26648,0,1,1,0,0,495,1159
26649,26649,0,1,0,0,0,495,1159
26650,26650,0,1,0,0,0,495,1159
26651,26651,0,1,0,0,0,496,1159
26652,26652,0,1,1,0,0,496,1159
26653,26653,0,1,0,0,1,496,1159
26654,26654,0,1,0,0,1,496,1159
26655,26655,0,1,0,0,1,496,1159
26656,26656,0,1,1,1,1,496,1159
26657,26657,0,1,0,1,1,496,1159
26658,26658,0,1,0,1,1,496,1159
26659,26659,0,1,0,1,1,496,1159
26660,26660,0,1,1,1,1,496,1160
26661,26661,0,1,0,1,0,496,1160
26662,26662,0,1,0,1,0,496,1160
26663,26663,0,1,0,1,0,496,1160
26664,26664,0,1,1,1,0,496,1160
26665,26665,0,1,0,1,0,496,1160
26666,26666,0,1,0,1,0,496,1160
26667,26667,0,1,0,1,0,496,1160
26668,26668,0,1,1,1,0,496,1160
26669,26669,0,1,0,1,1,496,1160
26670,26670,0,1,0,1,1,496,1160
26671,26671,0,1,0,1,1,497,1160
26672,26672,0,1,1,1,1,497,1160
26673,26673,0,1,0,1,1,497,1160
26674,26674,0,1,0,1,1,497,1160
26675,26675,0,1,0,1,1,497,1160
26676,26676,0,1,1,0,1,497,1160
26677,26677,0,1,0,0,0,497,1160
26678,26678,0,1,0,0,0,497,1160
26679,26679,0,1,0,0,0,497,1160
26680,26680,0,1,1,0,0,497,1161
26681,26681,0,1,0,0,0,497,1161
26682,26682,0,1,0,0,0,497,1161
26683,26683,0,1,0,0,0,497,1161
26684,26684,0,1,1,0,0,497,1161
26685,26685,0,1,0,0,1,497,1161
26686,26686,0,1,0,0,1,497,1161
26687,26687,0,1,0,0,1,497,1161
26688,26688,0,1,1,0,1,497,1161
26689,26689,0,1,0,0,1,497,1161
26690,26690,0,1,0,0,1,497,1161
26691,26691,0,1,0,0,1,497,1161
26692,26692,0,1,1,0,1,497,1161
26693,26693,0,1,0,0,1,497,1161
26694,26694,0,1,0,0,1,497,1161
26695,26695,0,1,0,0,1,497,1161
26696,26696,0,1,1,1,1,497,1161
26697,26697,0,1,0,1,0,497,1161
26698,26698,0,1,0,1,0,497,1161
26699,26699,0,1,0,1,0,497,1161
26700,26700,0,1,1,1,0,497,1162
26701,26701,0,1,0,1,0,497,1162
26702,26702,0,1,0,1,0,497,1162
26703,26703,0,1,0,1,0,497,1162
26704,26704,0,1,1,1,0,497,1162
26705,26705,0,1,0,1,0,497,1162
26706,26706,0,1,0,1,0,497,1162
26707,26707,0,1,0,1,0,497,1162
26708,26708,0,1,1,1,0,497,1162
26709,26709,0,1,0,1,1,497,1162
26710,26710,0,1,0,1,1,497,1162
26711,26711,0,1,0,1,1,498,1162
26712,26712,0,1,1,1,1,498,1162
26713,26713,0,1,0,1,0,498,1162
26714,26714,0,1,0,1,0,498,1162
26715,26715,0,1,0,1,0,498,1162
26716,26716,0,1,1,1,0,498,1162
26717,26717,0,1,0,1,0,498,1162
26718,26718,0,1,0,1,0,498,1162
26719,26719,0,1,0,1,0,498,1162
26720,26720,0,1,1,1,0,498,1163
26721,26721,0,1,0,1,1,498,1163
26722,26722,0,1,0,1,1,498,1163
26723,26723,0,1,0,1,1,498,1163
26724,26724,0,1,1,1,1,498,1163
26725,26725,0,1,0,1,1,498,1163
26726,26726,0,1,0,1,1,498,1163
26727,26727,0,1,0,1,1,498,1163
26728,26728,0,1,1,1,1,498,1163
26729,26729,0,1,0,1,0,498,1163
26730,26730,0,1,0,1,0,498,1163
26731,26731,0,1,0,1,0,498,1163
26732,26732,0,1,1,1,0,498,1163
26733,26733,0,1,0,1,0,498,1163
26734,26734,0,1,0,1,0,498,1163
26735,26735,0,1,0,1,0,498,1163
26736,26736,0,1,1,1,0,498,1163
26737,26737,0,1,0,1,0,498,1163
26738,26738,0,1,0,1,0,498,1163
26739,26739,0,1,0,1,0,498,1163
26740,26740,0,1,1,1,0,498,1164
26741,26741,0,1,0,1,1,498,1164
26742,26742,0,1,0,1,1,498,1164
26743,26743,0,1,0,1,1,498,1164
26744,26744,0,1,1,1,1,498,1164
26745,26745,0,1,0,1,0,498,1164
26746,26746,0,1,0,1,0,498,1164
26747,26747,0,1,0,1,0,498,1164
26748,26748,0,1,1,1,0,498,1164
26749,26749,0,1,0,1,0,498,1164
26750,26750,0,1,0,1,0,498,1164
26751,26751,0,1,0,1,0,498,1164
26752,26752,0,1,1,1,0,498,1164
26753,26753,0,1,0,1,1,498,1164
26754,26754,0,1,0,1,1,498,1164
26755,26755,0,1,0,1,1,498,1164
26756,26756,0,1,1,1,1,498,1164
26757,26757,0,1,0,1,0,498,1164
26758,26758,0,1,0,1,0,498,1164
26759,26759,0,1,0,1,0,498,1164
26760,26760,0,1,1,1,0,498,1165
26761,26761,0,1,0,1,1,498,1165
26762,26762,0,1,0,1,1,498,1165
26763,26763,0,1,0,1,1,498,1165
26764,26764,0,1,1,1,1,498,1165
26765,26765,0,1,0,1,1,498,1165
26766,26766,0,1,0,1,1,498,1165
26767,26767,0,1,0,1,1,498,1165
26768,26768,0,1,1,1,1,498,1165
26769,26769,0,1,0,1,1,498,1165
26770,26770,0,1,0,1,1,498,1165
26771,26771,0,1,0,1,1,499,1165
26772,26772,0,1,1,1,1,499,1165
26773,26773,0,1,0,1,1,499,1165
26774,26774,0,1,0,1,1,499,1165
26775,26775,0,1,0,1,1,499,1165
26776,26776,0,1,1,1,1,499,1165
26777,26777,0,1,0,1,1,499,1165
26778,26778,0,1,0,1,1,499,1165
26779,26779,0,1,0,1,1,499,1165
26780,26780,0,1,1,1,1,499,1166
26781,26781,0,1,0,1,0,499,1166
26782,26782,0,1,0,1,0,499,1166
26783,26783,0,1,0,1,0,499,1166
26784,26784,0,1,1,1,0,499,1166
26785,26785,0,1,0,1,1,499,1166
26786,26786,0,1,0,1,1,499,1166
26787,26787,0,1,0,1,1,499,1166
26788,26788,0,1,1,1,1,499,1166
26789,26789,0,1,0,1,0,499,1166
26790,26790,0,1,0,1,0,499,1166
26791,26791,0,1,0,1,0,499,1166
26792,26792,0,1,1,1,0,499,1166
26793,26793,0,1,0,1,1,499,1166
26794,26794,0,1,0,1,1,499,1166
26795,26795,0,1,0,1,1,499,1166
26796,26796,0,1,1,0,1,499,1166
26797,26797,0,1,0,0,0,499,1166
26798,26798,0,1,0,0,0,499,1166
26799,26799,0,1,0,0,0,499,1166
26800,26800,0,1,1,0,0,499,1167
26801,26801,0,1,0,0,1,499,1167
26802,26802,0,1,0,0,1,499,1167
26803,26803,0,1,0,0,1,499,1167
26804,26804,0,1,1,0,1,499,1167
26805,26805,0,1,0,0,1,499,1167
26806,26806,0,1,0,0,1,499,1167
26807,26807,0,1,0,0,1,499,1167
26808,26808,0,1,1,0,1,499,1167
26809,26809,0,1,0,0,0,499,1167
26810,26810,0,1,0,0,0,499,1167
26811,26811,0,1,0,0,0,500,1167
26812,26812,0,1,1,0,0,500,1167
26813,26813,0,1,0,0,1,500,1167
26814,26814,0,1,0,0,1,500,1167
26815,26815,0,1,0,0,1,500,1167
26816,26816,0,1,1,1,1,500,1167
26817,26817,0,1,0,1,1,500,1167
26818,26818,0,1,0,1,1,500,1167
26819,26819,0,1,0,1,1,500,1167
26820,26820,0,1,1,1,1,500,1168
26821,26821,0,1,0,1,0,500,1168
26822,26822,0,1,0,1,0,500,1168
26823,26823,0,1,0,1,0,500,1168
26824,26824,0,1,1,1,0,500,1168
26825,26825,0,1,0,1,1,500,1168
26826,26826,0,1,0,1,1,500,1168
26827,26827,0,1,0,1,1,500,1168
26828,26828,0,1,1,1,1,500,1168
26829,26829,0,1,0,1,1,500,1168
26830,26830,0,1,0,1,1,500,1168
26831,26831,0,1,0,1,1,501,1168
26832,26832,0,1,1,1,1,501,1168
26833,26833,0,1,0,1,0,501,1168
26834,26834,0,1,0,1,0,501,1168
26835,26835,0,1,0,1,0,501,1168
26836,26836,0,1,1,1,0,501,1168
26837,26837,0,1,0,1,1,501,1168
26838,26838,0,1,0,1,1,501,1168
26839,26839,0,1,0,1,1,501,1168
26840,26840,0,1,1,1,1,501,1169
26841,26841,0,1,0,1,1,501,1169
26842,26842,0,1,0,1,1,501,1169
26843,26843,0,1,0,1,1,501,1169
26844,26844,0,1,1,1,1,501,1169
26845,26845,0,1,0,1,1,501,1169
26846,26846,0,1,0,1,1,501,1169
26847,26847,0,1,0,1,1,501,1169
26848,26848,0,1,1,1,1,501,1169
26849,26849,0,1,0,1,0,501,1169
26850,26850,0,1,0,1,0,501,1169
26851,26851,0,1,0,1,0,501,1169
26852,26852,0,1,1,1,0,501,1169
26853,26853,0,1,0,1,1,501,1169
26854,26854,0,1,0,1,1,501,1169
26855,26855,0,1,0,1,1,501,1169
26856,26856,0,1,1,1,1,501,1169
26857,26857,0,1,0,1,0,501,1169
26858,26858,0,1,0,1,0,501,1169
26859,26859,0,1,0,1,0,501,1169
26860,26860,0,1,1,1,0,501,1170
26861,26861,0,1,0,1,1,501,1170
26862,26862,0,1,0,1,1,501,1170
26863,26863,0,1,0,1,1,501,1170
26864,26864,0,1,1,1,1,501,1170
26865,26865,0,1,0,1,0,501,1170
26866,26866,0,1,0,1,0,501,1170
26867,26867,0,1,0,1,0,501,1170
26868,26868,0,1,1,1,0,501,1170
26869,26869,0,1,0,1,0,501,1170
26870,26870,0,1,0,1,0,501,1170
26871,26871,0,1,0,1,0,501,1170
26872,26872,0,1,1,1,0,501,1170
26873,26873,0,1,0,1,0,501,1170
26874,26874,0,1,0,1,0,501,1170
26875,26875,0,1,0,1,0,501,1170
26876,26876,0,1,1,0,0,501,1170
26877,26877,0,1,0,0,1,501,1170
26878,26878,0,1,0,0,1,501,1170
26879,26879,0,1,0,0,1,501,1170
26880,26880,0,1,1,0,1,501,1171
26881,26881,0,1,0,0,0,501,1171
26882,26882,0,1,0,0,0,501,1171
26883,26883,0,1,0,0,0,501,1171
26884,26884,0,1,1,0,0,501,1171
26885,26885,0,1,0,0,1,501,1171
26886,26886,0,1,0,0,1,501,1171
26887,26887,0,1,0,0,1,501,1171
26888,26888,0,1,1,0,1,501,1171
26889,26889,0,1,0,0,0,501,1171
26890,26890,0,1,0,0,0,501,1171
26891,26891,0,1,0,0,0,502,1171
26892,26892,0,1,1,0,0,502,1171
26893,26893,0,1,0,0,0,502,1171
26894,26894,0,1,0,0,0,502,1171
26895,26895,0,1,0,0,0,502,1171
26896,26896,0,1,1,1,0,502,1171
26897,26897,0,1,0,1,1,502,1171
26898,26898,0,1,0,1,1,502,1171
26899,26899,0,1,0,1,1,502,1171
26900,26900,0,1,1,1,1,502,1172
26901,26901,0,1,0,1,1,502,1172
26902,26902,0,1,0,1,1,502,1172
26903,26903,0,1,0,1,1,502,1172
26904,26904,0,1,1,1,1,502,1172
26905,26905,0,1,0,1,0,502,1172
26906,26906,0,1,0,1,0,502,1172
26907,26907,0,1,0,1,0,502,1172
26908,26908,0,1,1,1,0,502,1172
26909,26909,0,1,0,1,0,502,1172
26910,26910,0,1,0,1,0,502,1172
26911,26911,0,1,0,1,0,502,1172
26912,26912,0,1,1,1,0,502,1172
26913,26913,0,1,0,1,0,502,1172
26914,26914,0,1,0,1,0,502,1172
26915,26915,0,1,0,1,0,502,1172
26916,26916,0,1,1,1,0,502,1172
26917,26917,0,1,0,1,1,502,1172
26918,26918,0,1,0,1,1,502,1172
26919,26919,0,1,0,1,1,502,1172
26920,26920,0,1,1,1,1,502,1173
26921,26921,0,1,0,1,0,502,1173
26922,26922,0,1,0,1,0,502,1173
26923,26923,0,1,0,1,0,502,1173
26924,26924,0,1,1,1,0,502,1173
26925,26925,0,1,0,1,1,502,1173
26926,26926,0,1,0,1,1,502,1173
26927,26927,0,1,0,1,1,502,1173
26928,26928,0,1,1,1,1,502,1173
26929,26929,0,1,0,1,0,502,1173
26930,26930,0,1,0,1,0,502,1173
26931,26931,0,1,0,1,0,502,1173
26932,26932,0,1,1,1,0,502,1173
26933,26933,0,1,0,1,1,502,1173
26934,26934,0,1,0,1,1,502,1173
26935,26935,0,1,0,1,1,502,1173
26936,26936,0,1,1,1,1,502,1173
26937,26937,0,1,0,1,1,502,1173
26938,26938,0,1,0,1,1,502,1173
26939,26939,0,1,0,1,1,502,1173
26940,26940,0,1,1,1,1,502,1174
26941,26941,0,1,0,1,0,502,1174
26942,26942,0,1,0,1,0,502,1174
26943,26943,0,1,0,1,0,502,1174
26944,26944,0,1,1,1,0,502,1174
26945,26945,0,1,0,1,0,502,1174
26946,26946,0,1,0,1,0,502,1174
26947,26947,0,1,0,1,0,502,1174
26948,26948,0,1,1,1,0,502,1174
26949,26949,0,1,0,1,0,502,1174
26950,26950,0,1,0,1,0,502,1174
26951,26951,0,1,0,1,0,502,1174
26952,26952,0,1,1,1,0,502,1174
26953,26953,0,1,0,1,0,502,1174
26954,26954,0,1,0,1,0,502,1174
26955,26955,0,1,0,1,0,502,1174
26956,26956,0,1,1,1,0,502,1174
26957,26957,0,1,0,1,1,502,1174
26958,26958,0,1,0,1,1,502,1174
26959,26959,0,1,0,1,1,502,1174
26960,26960,0,1,1,1,1,502,1175
26961,26961,0,1,0,1,0,502,1175
26962,26962,0,1,0,1,0,502,1175
26963,26963,0,1,0,1,0,502,1175
26964,26964,0,1,1,1,0,502,1175
26965,26965,0,1,0,1,0,502,1175
26966,26966,0,1,0,1,0,502,1175
26967,26967,0,1,0,1,0,502,1175
26968,26968,0,1,1,1,0,502,1175
26969,26969,0,1,0,1,0,502,1175
26970,26970,0,1,0,1,0,502,1175
26971,26971,0,1,0,1,0,502,1175
26972,26972,0,1,1,1,0,502,1175
26973,26973,0,1,0,1,0,502,1175
26974,26974,0,1,0,1,0,502,1175
26975,26975,0,1,0,1,0,502,1175
26976,26976,0,1,1,0,0,502,1175
26977,26977,0,1,0,0,0,502,1175
26978,26978,0,1,0,0,0,502,1175
26979,26979,0,1,0,0,0,502,1175
26980,26980,0,1,1,0,0,502,1176
26981,26981,0,1,0,0,0,502,1176
26982,26982,0,1,0,0,0,502,1176
26983,26983,0,1,0,0,0,502,1176
26984,26984,0,1,1,0,0,502,1176
26985,26985,0,1,0,0,1,502,1176
26986,26986,0,1,0,0,1,502,1176
26987,26987,0,1,0,0,1,502,1176
26988,26988,0,1,1,0,1,502,1176
26989,26989,0,1,0,0,1,502,1176
26990,26990,0,1,0,0,1,502,1176
26991,26991,0,1,0,0,1,502,1176
26992,26992,0,1,1,0,1,502,1176
26993,26993,0,1,0,0,0,502,1176
26994,26994,0,1,0,0,0,502,1176
26995,26995,0,1,0,0,0,502,1176
26996,26996,0,1,1,0,0,502,1176
26997,26997,0,1,0,0,1,502,1176
26998,26998,0,1,0,0,1,502,1176
26999,26999,0,1,0,0,1,502,1176
27000,27000,0,1,1,0,1,502,1177
27001,27001,0,1,0,0,0,502,1177
27002,27002,0,1,0,0,0,502,1177
27003,27003,0,1,0,0,0,502,1177
27004,27004,0,1,1,0,0,502,1177
27005,27005,0,1,0,0,0,502,1177
27006,27006,0,1,0,0,0,502,1177
27007,27007,0,1,0,0,0,502,1177
27008,27008,0,1,1,0,0,502,1177
27009,27009,0,1,0,0,0,502,1177
27010,27010,0,1,0,0,0,502,1177
27011,27011,0,1,0,0,0,503,1177
27012,27012,0,1,1,0,0,503,1177
27013,27013,0,1,0,0,1,503,1177
27014,27014,0,1,0,0,1,503,1177
27015,27015,0,1,0,0,1,503,1177
27016,27016,0,1,1,1,1,503,1177
27017,27017,0,1,0,1,0,503,1177
27018,27018,0,1,0,1,0,503,1177
27019,27019,0,1,0,1,0,503,1177
27020,27020,0,1,1,1,0,503,1178
27021,27021,0,1,0,1,1,503,1178
27022,27022,0,1,0,1,1,503,1178
27023,27023,0,1,0,1,1,503,1178
27024,27024,0,1,1,1,1,503,1178
27025,27025,0,1,0,1,0,503,1178
27026,27026,0,1,0,1,0,503,1178
27027,27027,0,1,0,1,0,503,1178
27028,27028,0,1,1,1,0,503,1178
27029,27029,0,1,0,1,1,503,1178
27030,27030,0,1,0,1,1,503,1178
27031,27031,0,1,0,1,1,504,1178
27032,27032,0,1,1,1,1,504,1178
27033,27033,0,1,0,1,0,504,1178
27034,27034,0,1,0,1,0,504,1178
27035,27035,0,1,0,1,0,504,1178
27036,27036,0,1,1,0,0,504,1178
27037,27037,0,1,0,0,1,504,1178
27038,27038,0,1,0,0,1,504,1178
27039,27039,0,1,0,0,1,504,1178
27040,27040,0,1,1,0,1,504,1179
27041,27041,0,1,0,0,1,504,1179
27042,27042,0,1,0,0,1,504,1179
27043,27043,0,1,0,0,1,504,1179
27044,27044,0,1,1,0,1,504,1179
27045,27045,0,1,0,0,1,504,1179
27046,27046,0,1,0,0,1,504,1179
27047,27047,0,1,0,0,1,504,1179
27048,27048,0,1,1,0,1,504,1179
27049,27049,0,1,0,0,1,504,1179
27050,27050,0,1,0,0,1,504,1179
27051,27051,0,1,0,0,1,504,1179
27052,27052,0,1,1,0,1,504,1179
27053,27053,0,1,0,0,1,504,1179
27054,27054,0,1,0,0,1,504,1179
27055,27055,0,1,0,0,1,504,1179
27056,27056,0,1,1,1,1,504,1179
27057,27057,0,1,0,1,1,504,1179
27058,27058,0,1,0,1,1,504,1179
27059,27059,0,1,0,1,1,504,1179
27060,27060,0,1,1,1,1,504,1180
27061,27061,0,1,0,1,0,504,1180
27062,27062,0,1,0,1,0,504,1180
27063,27063,0,1,0,1,0,504,1180
27064,27064,0,1,1,1,0,504,1180
27065,27065,0,1,0,1,1,504,1180
27066,27066,0,1,0,1,1,504,1180
27067,27067,0,1,0,1,1,504,1180
27068,27068,0,1,1,1,1,504,1180
27069,27069,0,1,0,1,0,504,1180
27070,27070,0,1,0,1,0,504,1180
27071,27071,0,1,0,1,0,504,1180
27072,27072,0,1,1,1,0,504,1180
27073,27073,0,1,0,1,0,504,1180
27074,27074,0,1,0,1,0,504,1180
27075,27075,0,1,0,1,0,504,1180
27076,27076,0,1,1,0,0,504,1180
27077,27077,0,1,0,0,1,504,1180
27078,27078,0,1,0,0,1,504,1180
27079,27079,0,1,0,0,1,504,1180
27080,27080,0,1,1,0,1,504,1181
27081,27081,0,1,0,0,0,504,1181
27082,27082,0,1,0,0,0,504,1181
27083,27083,0,1,0,0,0,504,1181
27084,27084,0,1,1,0,0,504,1181
27085,27085,0,1,0,0,1,504,1181
27086,27086,0,1,0,0,1,504,1181
27087,27087,0,1,0,0,1,504,1181
27088,27088,0,1,1,0,1,504,1181
27089,27089,0,1,0,0,1,504,1181
27090,27090,0,1,0,0,1,504,1181
27091,27091,0,1,0,0,1,504,1181
27092,27092,0,1,1,0,1,504,1181
27093,27093,0,1,0,0,1,504,1181
27094,27094,0,1,0,0,1,504,1181
27095,27095,0,1,0,0,1,504,1181
27096,27096,0,1,1,0,1,504,1181
27097,27097,0,1,0,0,0,504,1181
27098,27098,0,1,0,0,0,504,1181
27099,27099,0,1,0,0,0,504,1181
27100,27100,0,1,1,0,0,504,1182
27101,27101,0,1,0,0,1,504,1182
27102,27102,0,1,0,0,1,504,1182
27103,27103,0,1,0,0,1,504,1182
27104,27104,0,1,1,0,1,504,1182
27105,27105,0,1,0,0,0,504,1182
27106,27106,0,1,0,0,0,504,1182
27107,27107,0,1,0,0,0,504,1182
27108,27108,0,1,1,0,0,504,1182
27109,27109,0,1,0,0,0,504,1182
27110,27110,0,1,0,0,0,504,1182
27111,27111,0,1,0,0,0,505,1182
27112,27112,0,1,1,0,0,505,1182
27113,27113,0,1,0,0,1,505,1182
27114,27114,0,1,0,0,1,505,1182
27115,27115,0,1,0,0,1,505,1182
27116,27116,0,1,1,0,1,505,1182
27117,27117,0,1,0,0,1,505,1182
27118,27118,0,1,0,0,1,505,1182
27119,27119,0,1,0,0,1,505,1182
27120,27120,0,1,1,0,1,505,1183
27121,27121,0,1,0,0,0,505,1183
27122,27122,0,1,0,0,0,505,1183
27123,27123,0,1,0,0,0,505,1183
27124,27124,0,1,1,0,0,505,1183
27125,27125,0,1,0,0,0,505,1183
27126,27126,0,1,0,0,0,505,1183
27127,27127,0,1,0,0,0,505,1183
27128,27128,0,1,1,0,0,505,1183
27129,27129,0,1,0,0,0,505,1183
27130,27130,0,1,0,0,0,505,1183
27131,27131,0,1,0,0,0,506,1183
27132,27132,0,1,1,0,0,506,1183
27133,27133,0,1,0,0,1,506,1183
27134,27134,0,1,0,0,1,506,1183
27135,27135,0,1,0,0,1,506,1183
27136,27136,0,1,1,0,1,506,1183
27137,27137,0,1,0,0,0,506,1183
27138,27138,0,1,0,0,0,506,1183
27139,27139,0,1,0,0,0,506,1183
27140,27140,0,1,1,0,0,506,1184
27141,27141,0,1,0,0,1,506,1184
27142,27142,0,1,0,0,1,506,1184
27143,27143,0,1,0,0,1,506,1184
27144,27144,0,1,1,0,1,506,1184
27145,27145,0,1,0,0,1,506,1184
27146,27146,0,1,0,0,1,506,1184
27147,27147,0,1,0,0,1,506,1184
27148,27148,0,1,1,0,1,506,1184
27149,27149,0,1,0,0,1,506,1184
27150,27150,0,1,0,0,1,506,1184
27151,27151,0,1,0,0,1,506,1184
27152,27152,0,1,1,0,1,506,1184
27153,27153,0,1,0,0,1,506,1184
27154,27154,0,1,0,0,1,506,1184
27155,27155,0,1,0,0,1,506,1184
27156,27156,0,1,1,0,1,506,1184
27157,27157,0,1,0,0,0,506,1184
27158,27158,0,1,0,0,0,506,1184
27159,27159,0,1,0,0,0,506,1184
27160,27160,0,1,1,0,0,506,1185
27161,27161,0,1,0,0,1,506,1185
27162,27162,0,1,0,0,1,506,1185
27163,27163,0,1,0,0,1,506,1185
27164,27164,0,1,1,0,1,506,1185
27165,27165,0,1,0,0,1,506,1185
27166,27166,0,1,0,0,1,506,1185
27167,27167,0,1,0,0,1,506,1185
27168,27168,0,1,1,0,1,506,1185
27169,27169,0,1,0,0,1,506,1185
27170,27170,0,1,0,0,1,506,1185
27171,27171,0,1,0,0,1,506,1185
27172,27172,0,1,1,0,1,506,1185
27173,27173,0,1,0,0,1,506,1185
27174,27174,0,1,0,0,1,506,1185
27175,27175,0,1,0,0,1,506,1185
27176,27176,0,1,1,1,1,506,1185
27177,27177,0,1,0,1,1,506,1185
27178,27178,0,1,0,1,1,506,1185
27179,27179,0,1,0,1,1,506,1185
27180,27180,0,1,1,1,1,506,1186
27181,27181,0,1,0,1,1,506,1186
27182,27182,0,1,0,1,1,506,1186
27183,27183,0,1,0,1,1,506,1186
27184,27184,0,1,1,1,1,506,1186
27185,27185,0,1,0,1,0,506,1186
27186,27186,0,1,0,1,0,506,1186
27187,27187,0,1,0,1,0,506,1186
27188,27188,0,1,1,1,0,506,1186
27189,27189,0,1,0,1,0,506,1186
27190,27190,0,1,0,1,0,506,1186
27191,27191,0,1,0,1,0,506,1186
27192,27192,0,1,1,1,0,506,1186
27193,27193,0,1,0,1,0,506,1186
27194,27194,0,1,0,1,0,506,1186
27195,27195,0,1,0,1,0,506,1186
27196,27196,0,1,1,1,0,506,1186
27197,27197,0,1,0,1,1,506,1186
27198,27198,0,1,0,1,1,506,1186
27199,27199,0,1,0,1,1,506,1186
27200,27200,0,1,1,1,1,506,1187
27201,27201,0,1,0,1,1,506,1187
27202,27202,0,1,0,1,1,506,1187
27203,27203,0,1,0,1,1,506,1187
27204,27204,0,1,1,1,1,506,1187
27205,27205,0,1,0,1,0,506,1187
27206,27206,0,1,0,1,0,506,1187
27207,27207,0,1,0,1,0,506,1187
27208,27208,0,1,1,1,0,506,1187
27209,27209,0,1,0,1,0,506,1187
27210,27210,0,1,0,1,0,506,1187
27211,27211,0,1,0,1,0,506,1187
27212,27212,0,1,1,1,0,506,1187
27213,27213,0,1,0,1,0,506,1187
27214,27214,0,1,0,1,0,506,1187
27215,27215,0,1,0,1,0,506,1187
27216,27216,0,1,1,1,0,506,1187
27217,27217,0,1,0,1,1,506,1187
27218,27218,0,1,0,1,1,506,1187
27219,27219,0,1,0,1,1,506,1187
27220,27220,0,1,1,1,1,506,1188
27221,27221,0,1,0,1,1,506,1188
27222,27222,0,1,0,1,1,506,1188
27223,27223,0,1,0,1,1,506,1188
27224,27224,0,1,1,1,1,506,1188
27225,27225,0,1,0,1,0,506,1188
27226,27226,0,1,0,1,0,506,1188
27227,27227,0,1,0,1,0,506,1188
27228,27228,0,1,1,1,0,506,1188
27229,27229,0,1,0,1,0,506,1188
27230,27230,0,1,0,1,0,506,1188
27231,27231,0,1,0,1,0,506,1188
27232,27232,0,1,1,1,0,506,1188
27233,27233,0,1,0,1,0,506,1188
27234,27234,0,1,0,1,0,506,1188
27235,27235,0,1,0,1,0,506,1188
27236,27236,0,1,1,0,0,506,1188
27237,27237,0,1,0,0,0,506,1188
27238,27238,0,1,0,0,0,506,1188
27239,27239,0,1,0,0,0,506,1188
27240,27240,0,1,1,0,0,506,1189
27241,27241,0,1,0,0,1,506,1189
27242,27242,0,1,0,0,1,506,1189
27243,27243,0,1,0,0,1,506,1189
27244,27244,0,1,1,0,1,506,1189
27245,27245,0,1,0,0,1,506,1189
27246,27246,0,1,0,0,1,506,1189
27247,27247,0,1,0,0,1,506,1189
27248,27248,0,1,1,0,1,506,1189
27249,27249,0,1,0,0,1,506,1189
27250,27250,0,1,0,0,1,506,1189
27251,27251,0,1,0,0,1,506,1189
27252,27252,0,1,1,0,1,506,1189
27253,27253,0,1,0,0,0,506,1189
27254,27254,0,1,0,0,0,506,1189
27255,27255,0,1,0,0,0,506,1189
27256,27256,0,1,1,0,0,506,1189
27257,27257,0,1,0,0,1,506,1189
27258,27258,0,1,0,0,1,506,1189
27259,27259,0,1,0,0,1,506,1189
27260,27260,0,1,1,0,1,506,1190
27261,27261,0,1,0,0,0,506,1190
27262,27262,0,1,0,0,0,506,1190
27263,27263,0,1,0,0,0,506,1190
27264,27264,0,1,1,0,0,506,1190
27265,27265,0,1,0,0,1,506,1190
27266,27266,0,1,0,0,1,506,1190
27267,27267,0,1,0,0,1,506,1190
27268,27268,0,1,1,0,1,506,1190
27269,27269,0,1,0,0,0,506,1190
27270,27270,0,1,0,0,0,506,1190
27271,27271,0,1,0,0,0,507,1190
27272,27272,0,1,1,0,0,507,1190
27273,27273,0,1,0,0,1,507,1190
27274,27274,0,1,0,0,1,507,1190
27275,27275,0,1,0,0,1,507,1190
27276,27276,0,1,1,1,1,507,1190
27277,27277,0,1,0,1,1,507,1190
27278,27278,0,1,0,1,1,507,1190
27279,27279,0,1,0,1,1,507,1190
27280,27280,0,1,1,1,1,507,1191
27281,27281,0,1,0,1,0,507,1191
27282,27282,0,1,0,1,0,507,1191
27283,27283,0,1,0,1,0,507,1191
27284,27284,0,1,1,1,0,507,1191
27285,27285,0,1,0,1,1,507,1191
27286,27286,0,1,0,1,1,507,1191
27287,27287,0,1,0,1,1,507,1191
27288,27288,0,1,1,1,1,507,1191
27289,27289,0,1,0,1,0,507,1191
27290,27290,0,1,0,1,0,507,1191
27291,27291,0,1,0,1,0,507,1191
27292,27292,0,1,1,1,0,507,1191
27293,27293,0,1,0,1,0,507,1191
27294,27294,0,1,0,1,0,507,1191
27295,27295,0,1,0,1,0,507,1191
27296,27296,0,1,1,0,0,507,1191
27297,27297,0,1,0,0,0,507,1191
27298,27298,0,1,0,0,0,507,1191
27299,27299,0,1,0,0,0,507,1191
27300,27300,0,1,1,0,0,507,1192
27301,27301,0,1,0,0,0,507,1192
27302,27302,0,1,0,0,0,507,1192
27303,27303,0,1,0,0,0,507,1192
27304,27304,0,1,1,0,0,507,1192
27305,27305,0,1,0,0,0,507,1192
27306,27306,0,1,0,0,0,507,1192
27307,27307,0,1,0,0,0,507,1192
27308,27308,0,1,1,0,0,507,1192
27309,27309,0,1,0,0,1,507,1192
27310,27310,0,1,0,0,1,507,1192
27311,27311,0,1,0,0,1,507,1192
27312,27312,0,1,1,0,1,507,1192
27313,27313,0,1,0,0,1,507,1192
27314,27314,0,1,0,0,1,507,1192
27315,27315,0,1,0,0,1,507,1192
27316,27316,0,1,1,0,1,507,1192
27317,27317,0,1,0,0,1,507,1192
27318,27318,0,1,0,0,1,507,1192
27319,27319,0,1,0,0,1,507,1192
27320,27320,0,1,1,0,1,507,1193
27321,27321,0,1,0,0,1,507,1193
27322,27322,0,1,0,0,1,507,1193
27323,27323,0,1,0,0,1,507,1193
27324,27324,0,1,1,0,1,507,1193
27325,27325,0,1,0,0,0,507,1193
27326,27326,0,1,0,0,0,507,1193
27327,27327,0,1,0,0,0,507,1193
27328,27328,0,1,1,0,0,507,1193
27329,27329,0,1,0,0,1,507,1193
27330,27330,0,1,0,0,1,507,1193
27331,27331,0,1,0,0,1,507,1193
27332,27332,0,1,1,0,1,507,1193
27333,27333,0,1,0,0,0,507,1193
27334,27334,0,1,0,0,0,507,1193
27335,27335,0,1,0,0,0,507,1193
27336,27336,0,1,1,1,0,507,1193
27337,27337,0,1,0,1,1,507,1193
27338,27338,0,1,0,1,1,507,1193
27339,27339,0,1,0,1,1,507,1193
27340,27340,0,1,1,1,1,507,1194
27341,27341,0,1,0,1,1,507,1194
27342,27342,0,1,0,1,1,507,1194
27343,27343,0,1,0,1,1,507,1194
27344,27344,0,1,1,1,1,507,1194
27345,27345,0,1,0,1,0,507,1194
27346,27346,0,1,0,1,0,507,1194
27347,27347,0,1,0,1,0,507,1194
27348,27348,0,1,1,1,0,507,1194
27349,27349,0,1,0,1,1,507,1194
27350,27350,0,1,0,1,1,507,1194
27351,27351,0,1,0,1,1,508,1194
27352,27352,0,1,1,1,1,508,1194
27353,27353,0,1,0,1,0,508,1194
27354,27354,0,1,0,1,0,508,1194
27355,27355,0,1,0,1,0,508,1194
27356,27356,0,1,1,0,0,508,1194
27357,27357,0,1,0,0,0,508,1194
27358,27358,0,1,0,0,0,508,1194
27359,27359,0,1,0,0,0,508,1194
27360,27360,0,1,1,0,0,508,1195
27361,27361,0,1,0,0,0,508,1195
27362,27362,0,1,0,0,0,508,1195
27363,27363,0,1,0,0,0,508,1195
27364,27364,0,1,1,0,0,508,1195
27365,27365,0,1,0,0,0,508,1195
27366,27366,0,1,0,0,0,508,1195
27367,27367,0,1,0,0,0,508,1195
27368,27368,0,1,1,0,0,508,1195
27369,27369,0,1,0,0,1,508,1195
27370,27370,0,1,0,0,1,508,1195
27371,27371,0,1,0,0,1,508,1195
27372,27372,0,1,1,0,1,508,1195
27373,27373,0,1,0,0,0,508,1195
27374,27374,0,1,0,0,0,508,1195
27375,27375,0,1,0,0,0,508,1195
27376,27376,0,1,1,1,0,508,1195
27377,27377,0,1,0,1,1,508,1195
27378,27378,0,1,0,1,1,508,1195
27379,27379,0,1,0,1,1,508,1195
27380,27380,0,1,1,1,1,508,1196
27381,27381,0,1,0,1,1,508,1196
27382,27382,0,1,0,1,1,508,1196
27383,27383,0,1,0,1,1,508,1196
27384,27384,0,1,1,1,1,508,1196
27385,27385,0,1,0,1,0,508,1196
27386,27386,0,1,0,1,0,508,1196
27387,27387,0,1,0,1,0,508,1196
27388,27388,0,1,1,1,0,508,1196
27389,27389,0,1,0,1,1,508,1196
27390,27390,0,1,0,1,1,508,1196
27391,27391,0,1,0,1,1,509,1196
27392,27392,0,1,1,1,1,509,1196
27393,27393,0,1,0,1,0,509,1196
27394,27394,0,1,0,1,0,509,1196
27395,27395,0,1,0,1,0,509,1196
27396,27396,0,1,1,0,0,509,1196
27397,27397,0,1,0,0,1,509,1196
27398,27398,0,1,0,0,1,509,1196
27399,27399,0,1,0,0,1,509,1196
27400,27400,0,1,1,0,1,509,1197
27401,27401,0,1,0,0,1,509,1197
27402,27402,0,1,0,0,1,509,1197
27403,27403,0,1,0,0,1,509,1197
27404,27404,0,1,1,0,1,509,1197
27405,27405,0,1,0,0,1,509,1197
27406,27406,0,1,0,0,1,509,1197
27407,27407,0,1,0,0,1,509,1197
27408,27408,0,1,1,0,1,509,1197
27409,27409,0,1,0,0,1,509,1197
27410,27410,0,1,0,0,1,509,1197
27411,27411,0,1,0,0,1,509,1197
27412,27412,0,1,1,0,1,509,1197
27413,27413,0,1,0,0,1,509,1197
27414,27414,0,1,0,0,1,509,1197
27415,27415,0,1,0,0,1,509,1197
27416,27416,0,1,1,0,1,509,1197
27417,27417,0,1,0,0,1,509,1197
27418,27418,0,1,0,0,1,509,1197
27419,27419,0,1,0,0,1,509,1197
27420,27420,0,1,1,0,1,509,1198
27421,27421,0,1,0,0,0,509,1198
27422,27422,0,1,0,0,0,509,1198
27423,27423,0,1,0,0,0,509,1198
27424,27424,0,1,1,0,0,509,1198
27425,27425,0,1,0,0,0,509,1198
27426,27426,0,1,0,0,0,509,1198
27427,27427,0,1,0,0,0,509,1198
27428,27428,0,1,1,0,0,509,1198
27429,27429,0,1,0,0,0,509,1198
27430,27430,0,1,0,0,0,509,1198
27431,27431,0,1,0,0,0,510,1198
27432,27432,0,1,1,0,0,510,1198
27433,27433,0,1,0,0,0,510,1198
27434,27434,0,1,0,0,0,510,1198
27435,27435,0,1,0,0,0,510,1198
27436,27436,0,1,1,0,0,510,1198
27437,27437,0,1,0,0,0,510,1198
27438,27438,0,1,0,0,0,510,1198
27439,27439,0,1,0,0,0,510,1198
27440,27440,0,1,1,0,0,510,1199
27441,27441,0,1,0,0,1,510,1199
27442,27442,0,1,0,0,1,510,1199
27443,27443,0,1,0,0,1,510,1199
27444,27444,0,1,1,0,1,510,1199
27445,27445,0,1,0,0,1,510,1199
27446,27446,0,1,0,0,1,510,1199
27447,27447,0,1,0,0,1,510,1199
27448,27448,0,1,1,0,1,510,1199
27449,27449,0,1,0,0,0,510,1199
27450,27450,0,1,0,0,0,510,1199
27451,27451,0,1,0,0,0,511,1199
27452,27452,0,1,1,0,0,511,1199
27453,27453,0,1,0,0,1,511,1199
27454,27454,0,1,0,0,1,511,1199
27455,27455,0,1,0,0,1,511,1199
27456,27456,0,1,1,1,1,511,1199
27457,27457,0,1,0,1,0,511,1199
27458,27458,0,1,0,1,0,511,1199
27459,27459,0,1,0,1,0,511,1199
27460,27460,0,1,1,1,0,511,1200
27461,27461,0,1,0,1,1,511,1200
27462,27462,0,1,0,1,1,511,1200
27463,27463,0,1,0,1,1,511,1200
27464,27464,0,1,1,1,1,511,1200
27465,27465,0,1,0,1,1,511,1200
27466,27466,0,1,0,1,1,511,1200
27467,27467,0,1,0,1,1,511,1200
27468,27468,0,1,1,1,1,511,1200
27469,27469,0,1,0,1,1,511,1200
27470,27470,0,1,0,1,1,511,1200
27471,27471,0,1,0,1,1,512,1200
27472,27472,0,1,1,1,1,512,1200
27473,27473,0,1,0,1,0,512,1200
27474,27474,0,1,0,1,0,512,1200
27475,27475,0,1,0,1,0,512,1200
27476,27476,0,1,1,0,0,512,1200
27477,27477,0,1,0,0,0,512,1200
27478,27478,0,1,0,0,0,512,1200
27479,27479,0,1,0,0,0,512,1200
27480,27480,0,1,1,0,0,512,1201
27481,27481,0,1,0,0,1,512,1201
27482,27482,0,1,0,0,1,512,1201
27483,27483,0,1,0,0,1,512,1201
27484,27484,0,1,1,0,1,512,1201
27485,27485,0,1,0,0,1,512,1201
27486,27486,0,1,0,0,1,512,1201
27487,27487,0,1,0,0,1,512,1201
27488,27488,0,1,1,0,1,512,1201
27489,27489,0,1,0,0,1,512,1201
27490,27490,0,1,0,0,1,512,1201
27491,27491,0,1,0,0,1,512,1201
27492,27492,0,1,1,0,1,512,1201
27493,27493,0,1,0,0,1,512,1201
27494,27494,0,1,0,0,1,512,1201
27495,27495,0,1,0,0,1,512,1201
27496,27496,0,1,1,0,1,512,1201
27497,27497,0,1,0,0,0,512,1201
27498,27498,0,1,0,0,0,512,1201
27499,27499,0,1,0,0,0,512,1201
27500,27500,0,1,1,0,0,512,1202
27501,27501,0,1,0,0,1,512,1202
27502,27502,0,1,0,0,1,512,1202
27503,27503,0,1,0,0,1,512,1202
27504,27504,0,1,1,0,1,512,1202
27505,27505,0,1,0,0,1,512,1202
27506,27506,0,1,0,0,1,512,1202
27507,27507,0,1,0,0,1,512,1202
27508,27508,0,1,1,0,1,512,1202
27509,27509,0,1,0,0,1,512,1202
27510,27510,0,1,0,0,1,512,1202
27511,27511,0,1,0,0,1,512,1202
27512,27512,0,1,1,0,1,512,1202
27513,27513,0,1,0,0,1,512,1202
27514,27514,0,1,0,0,1,512,1202
27515,27515,0,1,0,0,1,512,1202
27516,27516,0,1,1,1,1,512,1202
27517,27517,0,1,0,1,1,512,1202
27518,27518,0,1,0,1,1,512,1202
27519,27519,0,1,0,1,1,512,1202
27520,27520,0,1,1,1,1,512,1203
27521,27521,0,1,0,1,0,512,1203
27522,27522,0,1,0,1,0,512,1203
27523,27523,0,1,0,1,0,512,1203
27524,27524,0,1,1,1,0,512,1203
27525,27525,0,1,0,1,1,512,1203
27526,27526,0,1,0,1,1,512,1203
27527,27527,0,1,0,1,1,512,1203
27528,27528,0,1,1,1,1,512,1203
27529,27529,0,1,0,1,1,512,1203
27530,27530,0,1,0,1,1,512,1203
27531,27531,0,1,0,1,1,513,1203
27532,27532,0,1,1,1,1,513,1203
27533,27533,0,1,0,1,1,513,1203
27534,27534,0,1,0,1,1,513,1203
27535,27535,0,1,0,1,1,513,1203
27536,27536,0,1,1,1,1,513,1203
27537,27537,0,1,0,1,0,513,1203
27538,27538,0,1,0,1,0,513,1203
27539,27539,0,1,0,1,0,513,1203
27540,27540,0,1,1,1,0,513,1204
27541,27541,0,1,0,1,0,513,1204
27542,27542,0,1,0,1,0,513,1204
27543,27543,0,1,0,1,0,513,1204
27544,27544,0,1,1,1,0,513,1204
27545,27545,0,1,0,1,0,513,1204
27546,27546,0,1,0,1,0,513,1204
27547,27547,0,1,0,1,0,513,1204
27548,27548,0,1,1,1,0,513,1204
27549,27549,0,1,0,1,1,513,1204
27550,27550,0,1,0,1,1,513,1204
27551,27551,0,1,0,1,1,514,1204
27552,27552,0,1,1,1,1,514,1204
27553,27553,0,1,0,1,0,514,1204
27554,27554,0,1,0,1,0,514,1204
27555,27555,0,1,0,1,0,514,1204
27556,27556,0,1,1,0,0,514,1204
27557,27557,0,1,0,0,0,514,1204
27558,27558,0,1,0,0,0,514,1204
27559,27559,0,1,0,0,0,514,1204
27560,27560,0,1,1,0,0,514,1205
27561,27561,0,1,0,0,0,514,1205
27562,27562,0,1,0,0,0,514,1205
27563,27563,0,1,0,0,0,514,1205
27564,27564,0,1,1,0,0,514,1205
27565,27565,0,1,0,0,1,514,1205
27566,27566,0,1,0,0,1,514,1205
27567,27567,0,1,0,0,1,514,1205
27568,27568,0,1,1,0,1,514,1205
27569,27569,0,1,0,0,1,514,1205
27570,27570,0,1,0,0,1,514,1205
27571,27571,0,1,0,0,1,514,1205
27572,27572,0,1,1,0,1,514,1205
27573,27573,0,1,0,0,1,514,1205
27574,27574,0,1,0,0,1,514,1205
27575,27575,0,1,0,0,1,514,1205
27576,27576,0,1,1,0,1,514,1205
27577,27577,0,1,0,0,1,514,1205
27578,27578,0,1,0,0,1,514,1205
27579,27579,0,1,0,0,1,514,1205
27580,27580,0,1,1,0,1,514,1206
27581,27581,0,1,0,0,1,514,1206
27582,27582,0,1,0,0,1,514,1206
27583,27583,0,1,0,0,1,514,1206
27584,27584,0,1,1,0,1,514,1206
27585,27585,0,1,0,0,1,514,1206
27586,27586,0,1,0,0,1,514,1206
27587,27587,0,1,0,0,1,514,1206
27588,27588,0,1,1,0,1,514,1206
27589,27589,0,1,0,0,1,514,1206
27590,27590,0,1,0,0,1,514,1206
27591,27591,0,1,0,0,1,514,1206
27592,27592,0,1,1,0,1,514,1206
27593,27593,0,1,0,0,1,514,1206
27594,27594,0,1,0,0,1,514,1206
27595,27595,0,1,0,0,1,514,1206
27596,27596,0,1,1,1,1,514,1206
27597,27597,0,1,0,1,1,514,1206
27598,27598,0,1,0,1,1,514,1206
27599,27599,0,1,0,1,1,514,1206
27600,27600,0,1,1,1,1,514,1207
27601,27601,0,1,0,1,1,514,1207
27602,27602,0,1,0,1,1,514,1207
27603,27603,0,1,0,1,1,514,1207
27604,27604,0,1,1,1,1,514,1207
27605,27605,0,1,0,1,0,514,1207
27606,27606,0,1,0,1,0,514,1207
27607,27607,0,1,0,1,0,514,1207
27608,27608,0,1,1,1,0,514,1207
27609,27609,0,1,0,1,1,514,1207
27610,27610,0,1,0,1,1,514,1207
27611,27611,0,1,0,1,1,515,1207
27612,27612,0,1,1,1,1,515,1207
27613,27613,0,1,0,1,1,515,1207
27614,27614,0,1,0,1,1,515,1207
27615,27615,0,1,0,1,1,515,1207
27616,27616,0,1,1,0,1,515,1207
27617,27617,0,1,0,0,1,515,1207
27618,27618,0,1,0,0,1,515,1207
27619,27619,0,1,0,0,1,515,1207
27620,27620,0,1,1,0,1,515,1208
27621,27621,0,1,0,0,0,515,1208
27622,27622,0,1,0,0,0,515,1208
27623,27623,0,1,0,0,0,515,1208
27624,27624,0,1,1,0,0,515,1208
27625,27625,0,1,0,0,0,515,1208
27626,27626,0,1,0,0,0,515,1208
27627,27627,0,1,0,0,0,515,1208
27628,27628,0,1,1,0,0,515,1208
27629,27629,0,1,0,0,0,515,1208
27630,27630,0,1,0,0,0,515,1208
27631,27631,0,1,0,0,0,516,1208
27632,27632,0,1,1,0,0,516,1208
27633,27633,0,1,0,0,1,516,1208
27634,27634,0,1,0,0,1,516,1208
27635,27635,0,1,0,0,1,516,1208
27636,27636,0,1,1,0,1,516,1208
27637,27637,0,1,0,0,0,516,1208
27638,27638,0,1,0,0,0,516,1208
27639,27639,0,1,0,0,0,516,1208
27640,27640,0,1,1,0,0,516,1209
27641,27641,0,1,0,0,1,516,1209
27642,27642,0,1,0,0,1,516,1209
27643,27643,0,1,0,0,1,516,1209
27644,27644,0,1,1,0,1,516,1209
27645,27645,0,1,0,0,1,516,1209
27646,27646,0,1,0,0,1,516,1209
27647,27647,0,1,0,0,1,516,1209
27648,27648,0,1,1,0,1,516,1209
27649,27649,0,1,0,0,0,516,1209
27650,27650,0,1,0,0,0,516,1209
27651,27651,0,1,0,0,0,517,1209
27652,27652,0,1,1,0,0,517,1209
27653,27653,0,1,0,0,0,517,1209
27654,27654,0,1,0,0,0,517,1209
27655,27655,0,1,0,0,0,517,1209
27656,27656,0,1,1,1,0,517,1209
27657,27657,0,1,0,1,0,517,1209
27658,27658,0,1,0,1,0,517,1209
27659,27659,0,1,0,1,0,517,1209
27660,27660,0,1,1,1,0,517,1210
27661,27661,0,1,0,1,0,517,1210
27662,27662,0,1,0,1,0,517,1210
27663,27663,0,1,0,1,0,517,1210
27664,27664,0,1,1,1,0,517,1210
27665,27665,0,1,0,1,1,517,1210
27666,27666,0,1,0,1,1,517,1210
27667,27667,0,1,0,1,1,517,1210
27668,27668,0,1,1,1,1,517,1210
27669,27669,0,1,0,1,1,517,1210
27670,27670,0,1,0,1,1,517,1210
27671,27671,0,1,0,1,1,518,1210
27672,27672,0,1,1,1,1,518,1210
27673,27673,0,1,0,1,0,518,1210
27674,27674,0,1,0,1,0,518,1210
27675,27675,0,1,0,1,0,518,1210
27676,27676,0,1,1,0,0,518,1210
27677,27677,0,1,0,0,1,518,1210
27678,27678,0,1,0,0,1,518,1210
27679,27679,0,1,0,0,1,518,1210
27680,27680,0,1,1,0,1,518,1211
27681,27681,0,1,0,0,0,518,1211
27682,27682,0,1,0,0,0,518,1211
27683,27683,0,1,0,0,0,518,1211
27684,27684,0,1,1,0,0,518,1211
27685,27685,0,1,0,0,1,518,1211
27686,27686,0,1,0,0,1,518,1211
27687,27687,0,1,0,0,1,518,1211
27688,27688,0,1,1,0,1,518,1211
27689,27689,0,1,0,0,0,518,1211
27690,27690,0,1,0,0,0,518,1211
27691,27691,0,1,0,0,0,519,1211
27692,27692,0,1,1,0,0,519,1211
27693,27693,0,1,0,0,1,519,1211
27694,27694,0,1,0,0,1,519,1211
27695,27695,0,1,0,0,1,519,1211
27696,27696,0,1,1,0,1,519,1211
27697,27697,0,1,0,0,0,519,1211
27698,27698,0,1,0,0,0,519,1211
27699,27699,0,1,0,0,0,519,1211
27700,27700,0,1,1,0,0,519,1212
27701,27701,0,1,0,0,0,519,1212
27702,27702,0,1,0,0,0,519,1212
27703,27703,0,1,0,0,0,519,1212
27704,27704,0,1,1,0,0,519,1212
27705,27705,0,1,0,0,0,519,1212
27706,27706,0,1,0,0,0,519,1212
27707,27707,0,1,0,0,0,519,1212
27708,27708,0,1,1,0,0,519,1212
27709,27709,0,1,0,0,0,519,1212
27710,27710,0,1,0,0,0,519,1212
27711,27711,0,1,0,0,0,520,1212
27712,27712,0,1,1,0,0,520,1212
27713,27713,0,1,0,0,1,520,1212
27714,27714,0,1,0,0,1,520,1212
27715,27715,0,1,0,0,1,520,1212
27716,27716,0,1,1,1,1,520,1212
27717,27717,0,1,0,1,1,520,1212
27718,27718,0,1,0,1,1,520,1212
27719,27719,0,1,0,1,1,520,1212
27720,27720,0,1,1,1,1,520,1213
27721,27721,0,1,0,1,0,520,1213
27722,27722,0,1,0,1,0,520,1213
27723,27723,0,1,0,1,0,520,1213
27724,27724,0,1,1,1,0,520,1213
27725,27725,0,1,0,1,0,520,1213
27726,27726,0,1,0,1,0,520,1213
27727,27727,0,1,0,1,0,520,1213
27728,27728,0,1,1,1,0,520,1213
27729,27729,0,1,0,1,1,520,1213
27730,27730,0,1,0,1,1,520,1213
27731,27731,0,1,0,1,1,521,1213
27732,27732,0,1,1,1,1,521,1213
27733,27733,0,1,0,1,1,521,1213
27734,27734,0,1,0,1,1,521,1213
27735,27735,0,1,0,1,1,521,1213
27736,27736,0,1,1,1,1,521,1213
27737,27737,0,1,0,1,1,521,1213
27738,27738,0,1,0,1,1,521,1213
27739,27739,0,1,0,1,1,521,1213
27740,27740,0,1,1,1,1,521,1214
27741,27741,0,1,0,1,1,521,1214
27742,27742,0,1,0,1,1,521,1214
27743,27743,0,1,0,1,1,521,1214
27744,27744,0,1,1,1,1,521,1214
27745,27745,0,1,0,1,1,521,1214
27746,27746,0,1,0,1,1,521,1214
27747,27747,0,1,0,1,1,521,1214
27748,27748,0,1,1,1,1,521,1214
27749,27749,0,1,0,1,1,521,1214
27750,27750,0,1,0,1,1,521,1214
27751,27751,0,1,0,1,1,522,1214
27752,27752,0,1,1,1,1,522,1214
27753,27753,0,1,0,1,1,522,1214
27754,27754,0,1,0,1,1,522,1214
27755,27755,0,1,0,1,1,522,1214
27756,27756,0,1,1,0,1,522,1214
27757,27757,0,1,0,0,0,522,1214
27758,27758,0,1,0,0,0,522,1214
27759,27759,0,1,0,0,0,522,1214
27760,27760,0,1,1,0,0,522,1215
27761,27761,0,1,0,0,0,522,1215
27762,27762,0,1,0,0,0,522,1215
27763,27763,0,1,0,0,0,522,1215
27764,27764,0,1,1,0,0,522,1215
27765,27765,0,1,0,0,1,522,1215
27766,27766,0,1,0,0,1,522,1215
27767,27767,0,1,0,0,1,522,1215
27768,27768,0,1,1,0,1,522,1215
27769,27769,0,1,0,0,1,522,1215
27770,27770,0,1,0,0,1,522,1215
27771,27771,0,1,0,0,1,522,1215
27772,27772,0,1,1,0,1,522,1215
27773,27773,0,1,0,0,0,522,1215
27774,27774,0,1,0,0,0,522,1215
27775,27775,0,1,0,0,0,522,1215
27776,27776,0,1,1,1,0,522,1215
27777,27777,0,1,0,1,0,522,1215
27778,27778,0,1,0,1,0,522,1215
27779,27779,0,1,0,1,0,522,1215
27780,27780,0,1,1,1,0,522,1216
27781,27781,0,1,0,1,1,522,1216
27782,27782,0,1,0,1,1,522,1216
27783,27783,0,1,0,1,1,522,1216
27784,27784,0,1,1,1,1,522,1216
27785,27785,0,1,0,1,0,522,1216
27786,27786,0,1,0,1,0,522,1216
27787,27787,0,1,0,1,0,522,1216
27788,27788,0,1,1,1,0,522,1216
27789,27789,0,1,0,1,0,522,1216
27790,27790,0,1,0,1,0,522,1216
27791,27791,0,1,0,1,0,522,1216
27792,27792,0,1,1,1,0,522,1216
27793,27793,0,1,0,1,1,522,1216
27794,27794,0,1,0,1,1,522,1216
27795,27795,0,1,0,1,1,522,1216
27796,27796,0,1,1,0,1,522,1216
27797,27797,0,1,0,0,0,522,1216
27798,27798,0,1,0,0,0,522,1216
27799,27799,0,1,0,0,0,522,1216
27800,27800,0,1,1,0,0,522,1217
27801,27801,0,1,0,0,1,522,1217
27802,27802,0,1,0,0,1,522,1217
27803,27803,0,1,0,0,1,522,1217
27804,27804,0,1,1,0,1,522,1217
27805,27805,0,1,0,0,0,522,1217
27806,27806,0,1,0,0,0,522,1217
27807,27807,0,1,0,0,0,522,1217
27808,27808,0,1,1,0,0,522,1217
27809,27809,0,1,0,0,1,522,1217
27810,27810,0,1,0,0,1,522,1217
27811,27811,0,1,0,0,1,522,1217
27812,27812,0,1,1,0,1,522,1217
27813,27813,0,1,0,0,0,522,1217
27814,27814,0,1,0,0,0,522,1217
27815,27815,0,1,0,0,0,522,1217
27816,27816,0,1,1,0,0,522,1217
27817,27817,0,1,0,0,1,522,1217
27818,27818,0,1,0,0,1,522,1217
27819,27819,0,1,0,0,1,522,1217
27820,27820,0,1,1,0,1,522,1218
27821,27821,0,1,0,0,0,522,1218
27822,27822,0,1,0,0,0,522,1218
27823,27823,0,1,0,0,0,522,1218
27824,27824,0,1,1,0,0,522,1218
27825,27825,0,1,0,0,1,522,1218
27826,27826,0,1,0,0,1,522,1218
27827,27827,0,1,0,0,1,522,1218
27828,27828,0,1,1,0,1,522,1218
27829,27829,0,1,0,0,1,522,1218
27830,27830,0,1,0,0,1,522,1218
27831,27831,0,1,0,0,1,522,1218
27832,27832,0,1,1,0,1,522,1218
27833,27833,0,1,0,0,1,522,1218
27834,27834,0,1,0,0,1,522,1218
27835,27835,0,1,0,0,1,522,1218
27836,27836,0,1,1,1,1,522,1218
27837,27837,0,1,0,1,0,522,1218
27838,27838,0,1,0,1,0,522,1218
27839,27839,0,1,0,1,0,522,1218
27840,27840,0,1,1,1,0,522,1219
27841,27841,0,1,0,1,1,522,1219
27842,27842,0,1,0,1,1,522,1219
27843,27843,0,1,0,1,1,522,1219
27844,27844,0,1,1,1,1,522,1219
27845,27845,0,1,0,1,0,522,1219
27846,27846,0,1,0,1,0,522,1219
27847,27847,0,1,0,1,0,522,1219
27848,27848,0,1,1,1,0,522,1219
27849,27849,0,1,0,1,0,522,1219
27850,27850,0,1,0,1,0,522,1219
27851,27851,0,1,0,1,0,522,1219
27852,27852,0,1,1,1,0,522,1219
27853,27853,0,1,0,1,0,522,1219
27854,27854,0,1,0,1,0,522,1219
27855,27855,0,1,0,1,0,522,1219
27856,27856,0,1,1,1,0,522,1219
27857,27857,0,1,0,1,0,522,1219
27858,27858,0,1,0,1,0,522,1219
27859,27859,0,1,0,1,0,522,1219
27860,27860,0,1,1,1,0,522,1220
27861,27861,0,1,0,1,0,522,1220
27862,27862,0,1,0,1,0,522,1220
27863,27863,0,1,0,1,0,522,1220
27864,27864,0,1,1,1,0,522,1220
27865,27865,0,1,0,1,0,522,1220
27866,27866,0,1,0,1,0,522,1220
27867,27867,0,1,0,1,0,522,1220
27868,27868,0,1,1,1,0,522,1220
27869,27869,0,1,0,1,1,522,1220
27870,27870,0,1,0,1,1,522,1220
27871,27871,0,1,0,1,1,523,1220
27872,27872,0,1,1,1,1,523,1220
27873,27873,0,1,0,1,0,523,1220
27874,27874,0,1,0,1,0,523,1220
27875,27875,0,1,0,1,0,523,1220
27876,27876,0,1,1,0,0,523,1220
27877,27877,0,1,0,0,1,523,1220
27878,27878,0,1,0,0,1,523,1220
27879,27879,0,1,0,0,1,523,1220
27880,27880,0,1,1,0,1,523,1221
27881,27881,0,1,0,0,0,523,1221
27882,27882,0,1,0,0,0,523,1221
27883,27883,0,1,0,0,0,523,1221
27884,27884,0,1,1,0,0,523,1221
27885,27885,0,1,0,0,0,523,1221
27886,27886,0,1,0,0,0,523,1221
27887,27887,0,1,0,0,0,523,1221
27888,27888,0,1,1,0,0,523,1221
27889,27889,0,1,0,0,0,523,1221
27890,27890,0,1,0,0,0,523,1221
27891,27891,0,1,0,0,0,524,1221
27892,27892,0,1,1,0,0,524,1221
27893,27893,0,1,0,0,1,524,1221
27894,27894,0,1,0,0,1,524,1221
27895,27895,0,1,0,0,1,524,1221
27896,27896,0,1,1,0,1,524,1221
27897,27897,0,1,0,0,0,524,1221
27898,27898,0,1,0,0,0,524,1221
27899,27899,0,1,0,0,0,524,1221
27900,27900,0,1,1,0,0,524,1222
27901,27901,0,1,0,0,0,524,1222
27902,27902,0,1,0,0,0,524,1222
27903,27903,0,1,0,0,0,524,1222
27904,27904,0,1,1,0,0,524,1222
27905,27905,0,1,0,0,0,524,1222
27906,27906,0,1,0,0,0,524,1222
27907,27907,0,1,0,0,0,524,1222
27908,27908,0,1,1,0,0,524,1222
27909,27909,0,1,0,0,1,524,1222
27910,27910,0,1,0,0,1,524,1222
27911,27911,0,1,0,0,1,524,1222
27912,27912,0,1,1,0,1,524,1222
27913,27913,0,1,0,0,0,524,1222
27914,27914,0,1,0,0,0,524,1222
27915,27915,0,1,0,0,0,524,1222
27916,27916,0,1,1,1,0,524,1222
27917,27917,0,1,0,1,1,524,1222
27918,27918,0,1,0,1,1,524,1222
27919,27919,0,1,0,1,1,524,1222
27920,27920,0,1,1,1,1,524,1223
27921,27921,0,1,0,1,0,524,1223
27922,27922,0,1,0,1,0,524,1223
27923,27923,0,1,0,1,0,524,1223
27924,27924,0,1,1,1,0,524,1223
27925,27925,0,1,0,1,1,524,1223
27926,27926,0,1,0,1,1,524,1223
27927,27927,0,1,0,1,1,524,1223
27928,27928,0,1,1,1,1,524,1223
27929,27929,0,1,0,1,1,524,1223
27930,27930,0,1,0,1,1,524,1223
27931,27931,0,1,0,1,1,525,1223
27932,27932,0,1,1,1,1,525,1223
27933,27933,0,1,0,1,1,525,1223
27934,27934,0,1,0,1,1,525,1223
27935,27935,0,1,0,1,1,525,1223
27936,27936,0,1,1,1,1,525,1223
27937,27937,0,1,0,1,0,525,1223
27938,27938,0,1,0,1,0,525,1223
27939,27939,0,1,0,1,0,525,1223
27940,27940,0,1,1,1,0,525,1224
27941,27941,0,1,0,1,1,525,1224
27942,27942,0,1,0,1,1,525,1224
27943,27943,0,1,0,1,1,525,1224
27944,27944,0,1,1,1,1,525,1224
27945,27945,0,1,0,1,1,525,1224
27946,27946,0,1,0,1,1,525,1224
27947,27947,0,1,0,1,1,525,1224
27948,27948,0,1,1,1,1,525,1224
27949,27949,0,1,0,1,0,525,1224
27950,27950,0,1,0,1,0,525,1224
27951,27951,0,1,0,1,0,525,1224
27952,27952,0,1,1,1,0,525,1224
27953,27953,0,1,0,1,1,525,1224
27954,27954,0,1,0,1,1,525,1224
27955,27955,0,1,0,1,1,525,1224
27956,27956,0,1,1,0,1,525,1224
27957,27957,0,1,0,0,0,525,1224
27958,27958,0,1,0,0,0,525,1224
27959,27959,0,1,0,0,0,525,1224
27960,27960,0,1,1,0,0,525,1225
27961,27961,0,1,0,0,0,525,1225
27962,27962,0,1,0,0,0,525,1225
27963,27963,0,1,0,0,0,525,1225
27964,27964,0,1,1,0,0,525,1225
27965,27965,0,1,0,0,1,525,1225
27966,27966,0,1,0,0,1,525,1225
27967,27967,0,1,0,0,1,525,1225
27968,27968,0,1,1,0,1,525,1225
27969,27969,0,1,0,0,0,525,1225
27970,27970,0,1,0,0,0,525,1225
27971,27971,0,1,0,0,0,526,1225
27972,27972,0,1,1,0,0,526,1225
27973,27973,0,1,0,0,1,526,1225
27974,27974,0,1,0,0,1,526,1225
27975,27975,0,1,0,0,1,526,1225
27976,27976,0,1,1,1,1,526,1225
27977,27977,0,1,0,1,1,526,1225
27978,27978,0,1,0,1,1,526,1225
27979,27979,0,1,0,1,1,526,1225
27980,27980,0,1,1,1,1,526,1226
27981,27981,0,1,0,1,1,526,1226
27982,27982,0,1,0,1,1,526,1226
27983,27983,0,1,0,1,1,526,1226
27984,27984,0,1,1,1,1,526,1226
27985,27985,0,1,0,1,0,526,1226
27986,27986,0,1,0,1,0,526,1226
27987,27987,0,1,0,1,0,526,1226
27988,27988,0,1,1,1,0,526,1226
27989,27989,0,1,0,1,1,526,1226
27990,27990,0,1,0,1,1,526,1226
27991,27991,0,1,0,1,1,527,1226
27992,27992,0,1,1,1,1,527,1226
27993,27993,0,1,0,1,1,527,1226
27994,27994,0,1,0,1,1,527,1226
27995,27995,0,1,0,1,1,527,1226
27996,27996,0,1,1,0,1,527,1226
27997,27997,0,1,0,0,0,527,1226
27998,27998,0,1,0,0,0,527,1226
27999,27999,0,1,0,0,0,527,1226
28000,28000,0,1,1,0,0,527,1227
28001,28001,0,1,0,0,0,527,1227
28002,28002,0,1,0,0,0,527,1227
28003,28003,0,1,0,0,0,527,1227
28004,28004,0,1,1,0,0,527,1227
28005,28005,0,1,0,0,0,527,1227
28006,28006,0,1,0,0,0,527,1227
28007,28007,0,1,0,0,0,527,1227
28008,28008,0,1,1,0,0,527,1227
28009,28009,0,1,0,0,0,527,1227
28010,28010,0,1,0,0,0,527,1227
28011,28011,0,1,0,0,0,528,1227
28012,28012,0,1,1,0,0,528,1227
28013,28013,0,1,0,0,1,528,1227
28014,28014,0,1,0,0,1,528,1227
28015,28015,0,1,0,0,1,528,1227
28016,28016,0,1,1,1,1,528,1227
28017,28017,0,1,0,1,1,528,1227
28018,28018,0,1,0,1,1,528,1227
28019,28019,0,1,0,1,1,528,1227
28020,28020,0,1,1,1,1,528,1228
28021,28021,0,1,0,1,1,528,1228
28022,28022,0,1,0,1,1,528,1228
28023,28023,0,1,0,1,1,528,1228
28024,28024,0,1,1,1,1,528,1228
28025,28025,0,1,0,1,0,528,1228
28026,28026,0,1,0,1,0,528,1228
28027,28027,0,1,0,1,0,528,1228
28028,28028,0,1,1,1,0,528,1228
28029,28029,0,1,0,1,0,528,1228
28030,28030,0,1,0,1,0,528,1228
28031,28031,0,1,0,1,0,528,1228
28032,28032,0,1,1,1,0,528,1228
28033,28033,0,1,0,1,1,528,1228
28034,28034,0,1,0,1,1,528,1228
28035,28035,0,1,0,1,1,528,1228
28036,28036,0,1,1,1,1,528,1228
28037,28037,0,1,0,1,1,528,1228
28038,28038,0,1,0,1,1,528,1228
28039,28039,0,1,0,1,1,528,1228
28040,28040,0,1,1,1,1,528,1229
28041,28041,0,1,0,1,0,528,1229
28042,28042,0,1,0,1,0,528,1229
28043,28043,0,1,0,1,0,528,1229
28044,28044,0,1,1,1,0,528,1229
28045,28045,0,1,0,1,1,528,1229
28046,28046,0,1,0,1,1,528,1229
28047,28047,0,1,0,1,1,528,1229
28048,28048,0,1,1,1,1,528,1229
28049,28049,0,1,0,1,0,528,1229
28050,28050,0,1,0,1,0,528,1229
28051,28051,0,1,0,1,0,528,1229
28052,28052,0,1,1,1,0,528,1229
28053,28053,0,1,0,1,1,528,1229
28054,28054,0,1,0,1,1,528,1229
28055,28055,0,1,0,1,1,528,1229
28056,28056,0,1,1,0,1,528,1229
28057,28057,0,1,0,0,1,528,1229
28058,28058,0,1,0,0,1,528,1229
28059,28059,0,1,0,0,1,528,1229
28060,28060,0,1,1,0,1,528,1230
28061,28061,0,1,0,0,0,528,1230
28062,28062,0,1,0,0,0,528,1230
28063,28063,0,1,0,0,0,528,1230
28064,28064,0,1,1,0,0,528,1230
28065,28065,0,1,0,0,1,528,1230
28066,28066,0,1,0,0,1,528,1230
28067,28067,0,1,0,0,1,528,1230
28068,28068,0,1,1,0,1,528,1230
28069,28069,0,1,0,0,1,528,1230
28070,28070,0,1,0,0,1,528,1230
28071,28071,0,1,0,0,1,528,1230
28072,28072,0,1,1,0,1,528,1230
28073,28073,0,1,0,0,1,528,1230
28074,28074,0,1,0,0,1,528,1230
28075,28075,0,1,0,0,1,528,1230
28076,28076,0,1,1,0,1,528,1230
28077,28077,0,1,0,0,1,528,1230
28078,28078,0,1,0,0,1,528,1230
28079,28079,0,1,0,0,1,528,1230
28080,28080,0,1,1,0,1,528,1231
28081,28081,0,1,0,0,0,528,1231
28082,28082,0,1,0,0,0,528,1231
28083,28083,0,1,0,0,0,528,1231
28084,28084,0,1,1,0,0,528,1231
28085,28085,0,1,0,0,0,528,1231
28086,28086,0,1,0,0,0,528,1231
28087,28087,0,1,0,0,0,528,1231
28088,28088,0,1,1,0,0,528,1231
28089,28089,0,1,0,0,0,528,1231
28090,28090,0,1,0,0,0,528,1231
28091,28091,0,1,0,0,0,529,1231
28092,28092,0,1,1,0,0,529,1231
28093,28093,0,1,0,0,1,529,1231
28094,28094,0,1,0,0,1,529,1231
28095,28095,0,1,0,0,1,529,1231
28096,28096,0,1,1,0,1,529,1231
28097,28097,0,1,0,0,1,529,1231
28098,28098,0,1,0,0,1,529,1231
28099,28099,0,1,0,0,1,529,1231
28100,28100,0,1,1,0,1,529,1232
28101,28101,0,1,0,0,0,529,1232
28102,28102,0,1,0,0,0,529,1232
28103,28103,0,1,0,0,0,529,1232
28104,28104,0,1,1,0,0,529,1232
28105,28105,0,1,0,0,0,529,1232
28106,28106,0,1,0,0,0,529,1232
28107,28107,0,1,0,0,0,529,1232
28108,28108,0,1,1,0,0,529,1232
28109,28109,0,1,0,0,1,529,1232
28110,28110,0,1,0,0,1,529,1232
28111,28111,0,1,0,0,1,529,1232
28112,28112,0,1,1,0,1,529,1232
28113,28113,0,1,0,0,1,529,1232
28114,28114,0,1,0,0,1,529,1232
28115,28115,0,1,0,0,1,529,1232
28116,28116,0,1,1,0,1,529,1232
28117,28117,0,1,0,0,0,529,1232
28118,28118,0,1,0,0,0,529,1232
28119,28119,0,1,0,0,0,529,1232
28120,28120,0,1,1,0,0,529,1233
28121,28121,0,1,0,0,0,529,1233
28122,28122,0,1,0,0,0,529,1233
28123,28123,0,1,0,0,0,529,1233
28124,28124,0,1,1,0,0,529,1233
28125,28125,0,1,0,0,1,529,1233
28126,28126,0,1,0,0,1,529,1233
28127,28127,0,1,0,0,1,529,1233
28128,28128,0,1,1,0,1,529,1233
28129,28129,0,1,0,0,1,529,1233
28130,28130,0,1,0,0,1,529,1233
28131,28131,0,1,0,0,1,529,1233
28132,28132,0,1,1,0,1,529,1233
28133,28133,0,1,0,0,0,529,1233
28134,28134,0,1,0,0,0,529,1233
28135,28135,0,1,0,0,0,529,1233
28136,28136,0,1,1,1,0,529,1233
28137,28137,0,1,0,1,1,529,1233
28138,28138,0,1,0,1,1,529,1233
28139,28139,0,1,0,1,1,529,1233
28140,28140,0,1,1,1,1,529,1234
28141,28141,0,1,0,1,0,529,1234
28142,28142,0,1,0,1,0,529,1234
28143,28143,0,1,0,1,0,529,1234
28144,28144,0,1,1,1,0,529,1234
28145,28145,0,1,0,1,1,529,1234
28146,28146,0,1,0,1,1,529,1234
28147,28147,0,1,0,1,1,529,1234
28148,28148,0,1,1,1,1,529,1234
28149,28149,0,1,0,1,0,529,1234
28150,28150,0,1,0,1,0,529,1234
28151,28151,0,1,0,1,0,529,1234
28152,28152,0,1,1,1,0,529,1234
28153,28153,0,1,0,1,1,529,1234
28154,28154,0,1,0,1,1,529,1234
28155,28155,0,1,0,1,1,529,1234
28156,28156,0,1,1,1,1,529,1234
28157,28157,0,1,0,1,1,529,1234
28158,28158,0,1,0,1,1,529,1234
28159,28159,0,1,0,1,1,529,1234
28160,28160,0,1,1,1,1,529,1235
28161,28161,0,1,0,1,1,529,1235
28162,28162,0,1,0,1,1,529,1235
28163,28163,0,1,0,1,1,529,1235
28164,28164,0,1,1,1,1,529,1235
28165,28165,0,1,0,1,0,529,1235
28166,28166,0,1,0,1,0,529,1235
28167,28167,0,1,0,1,0,529,1235
28168,28168,0,1,1,1,0,529,1235
28169,28169,0,1,0,1,0,529,1235
28170,28170,0,1,0,1,0,529,1235
28171,28171,0,1,0,1,0,529,1235
28172,28172,0,1,1,1,0,529,1235
28173,28173,0,1,0,1,0,529,1235
28174,28174,0,1,0,1,0,529,1235
28175,28175,0,1,0,1,0,529,1235
28176,28176,0,1,1,1,0,529,1235
28177,28177,0,1,0,1,1,529,1235
28178,28178,0,1,0,1,1,529,1235
28179,28179,0,1,0,1,1,529,1235
28180,28180,0,1,1,1,1,529,1236
28181,28181,0,1,0,1,0,529,1236
28182,28182,0,1,0,1,0,529,1236
28183,28183,0,1,0,1,0,529,1236
28184,28184,0,1,1,1,0,529,1236
28185,28185,0,1,0,1,1,529,1236
28186,28186,0,1,0,1,1,529,1236
28187,28187,0,1,0,1,1,529,1236
28188,28188,0,1,1,1,1,529,1236
28189,28189,0,1,0,1,1,529,1236
28190,28190,0,1,0,1,1,529,1236
28191,28191,0,1,0,1,1,530,1236
28192,28192,0,1,1,1,1,530,1236
28193,28193,0,1,0,1,1,530,1236
28194,28194,0,1,0,1,1,530,1236
28195,28195,0,1,0,1,1,530,1236
28196,28196,0,1,1,1,1,530,1236
28197,28197,0,1,0,1,0,530,1236
28198,28198,0,1,0,1,0,530,1236
28199,28199,0,1,0,1,0,530,1236
28200,28200,0,1,1,1,0,530,1237
28201,28201,0,1,0,1,0,530,1237
28202,28202,0,1,0,1,0,530,1237
28203,28203,0,1,0,1,0,530,1237
28204,28204,0,1,1,1,0,530,1237
28205,28205,0,1,0,1,0,530,1237
28206,28206,0,1,0,1,0,530,1237
28207,28207,0,1,0,1,0,530,1237
28208,28208,0,1,1,1,0,530,1237
28209,28209,0,1,0,1,0,530,1237
28210,28210,0,1,0,1,0,530,1237
28211,28211,0,1,0,1,0,530,1237
28212,28212,0,1,1,1,0,530,1237
28213,28213,0,1,0,1,1,530,1237
28214,28214,0,1,0,1,1,530,1237
28215,28215,0,1,0,1,1,530,1237
28216,28216,0,1,1,1,1,530,1237
28217,28217,0,1,0,1,1,530,1237
28218,28218,0,1,0,1,1,530,1237
28219,28219,0,1,0,1,1,530,1237
28220,28220,0,1,1,1,1,530,1238
28221,28221,0,1,0,1,0,530,1238
28222,28222,0,1,0,1,0,530,1238
28223,28223,0,1,0,1,0,530,1238
28224,28224,0,1,1,1,0,530,1238
28225,28225,0,1,0,1,0,530,1238
28226,28226,0,1,0,1,0,530,1238
28227,28227,0,1,0,1,0,530,1238
28228,28228,0,1,1,1,0,530,1238
28229,28229,0,1,0,1,1,530,1238
28230,28230,0,1,0,1,1,530,1238
28231,28231,0,1,0,1,1,531,1238
28232,28232,0,1,1,1,1,531,1238
28233,28233,0,1,0,1,0,531,1238
28234,28234,0,1,0,1,0,531,1238
28235,28235,0,1,0,1,0,531,1238
28236,28236,0,1,1,0,0,531,1238
28237,28237,0,1,0,0,1,531,1238
28238,28238,0,1,0,0,1,531,1238
28239,28239,0,1,0,0,1,531,1238
28240,28240,0,1,1,0,1,531,1239
28241,28241,0,1,0,0,1,531,1239
28242,28242,0,1,0,0,1,531,1239
28243,28243,0,1,0,0,1,531,1239
28244,28244,0,1,1,0,1,531,1239
28245,28245,0,1,0,0,0,531,1239
28246,28246,0,1,0,0,0,531,1239
28247,28247,0,1,0,0,0,531,1239
28248,28248,0,1,1,0,0,531,1239
28249,28249,0,1,0,0,1,531,1239
28250,28250,0,1,0,0,1,531,1239
28251,28251,0,1,0,0,1,531,1239
28252,28252,0,1,1,0,1,531,1239
28253,28253,0,1,0,0,0,531,1239
28254,28254,0,1,0,0,0,531,1239
28255,28255,0,1,0,0,0,531,1239
28256,28256,0,1,1,1,0,531,1239
28257,28257,0,1,0,1,0,531,1239
28258,28258,0,1,0,1,0,531,1239
28259,28259,0,1,0,1,0,531,1239
28260,28260,0,1,1,1,0,531,1240
28261,28261,0,1,0,1,1,531,1240
28262,28262,0,1,0,1,1,531,1240
28263,28263,0,1,0,1,1,531,1240
28264,28264,0,1,1,1,1,531,1240
28265,28265,0,1,0,1,0,531,1240
28266,28266,0,1,0,1,0,531,1240
28267,28267,0,1,0,1,0,531,1240
28268,28268,0,1,1,1,0,531,1240
28269,28269,0,1,0,1,1,531,1240
28270,28270,0,1,0,1,1,531,1240
28271,28271,0,1,0,1,1,532,1240
28272,28272,0,1,1,1,1,532,1240
28273,28273,0,1,0,1,0,532,1240
28274,28274,0,1,0,1,0,532,1240
28275,28275,0,1,0,1,0,532,1240
28276,28276,0,1,1,0,0,532,1240
28277,28277,0,1,0,0,0,532,1240
28278,28278,0,1,0,0,0,532,1240
28279,28279,0,1,0,0,0,532,1240
28280,28280,0,1,1,0,0,532,1241
28281,28281,0,1,0,0,1,532,1241
28282,28282,0,1,0,0,1,532,1241
28283,28283,0,1,0,0,1,532,1241
28284,28284,0,1,1,0,1,532,1241
28285,28285,0,1,0,0,1,532,1241
28286,28286,0,1,0,0,1,532,1241
28287,28287,0,1,0,0,1,532,1241
28288,28288,0,1,1,0,1,532,1241
28289,28289,0,1,0,0,0,532,1241
28290,28290,0,1,0,0,0,532,1241
28291,28291,0,1,0,0,0,533,1241
28292,28292,0,1,1,0,0,533,1241
28293,28293,0,1,0,0,1,533,1241
28294,28294,0,1,0,0,1,533,1241
28295,28295,0,1,0,0,1,533,1241
28296,28296,0,1,1,1,1,533,1241
28297,28297,0,1,0,1,0,533,1241
28298,28298,0,1,0,1,0,533,1241
28299,28299,0,1,0,1,0,533,1241
28300,28300,0,1,1,1,0,533,1242
28301,28301,0,1,0,1,0,533,1242
28302,28302,0,1,0,1,0,533,1242
28303,28303,0,1,0,1,0,533,1242
28304,28304,0,1,1,1,0,533,1242
28305,28305,0,1,0,1,0,533,1242
28306,28306,0,1,0,1,0,533,1242
28307,28307,0,1,0,1,0,533,1242
28308,28308,0,1,1,1,0,533,1242
28309,28309,0,1,0,1,0,533,1242
28310,28310,0,1,0,1,0,533,1242
28311,28311,0,1,0,1,0,533,1242
28312,28312,0,1,1,1,0,533,1242
28313,28313,0,1,0,1,1,533,1242
28314,28314,0,1,0,1,1,533,1242
28315,28315,0,1,0,1,1,533,1242
28316,28316,0,1,1,1,1,533,1242
28317,28317,0,1,0,1,1,533,1242
28318,28318,0,1,0,1,1,533,1242
28319,28319,0,1,0,1,1,533,1242
28320,28320,0,1,1,1,1,533,1243
28321,28321,0,1,0,1,0,533,1243
28322,28322,0,1,0,1,0,533,1243
28323,28323,0,1,0,1,0,533,1243
28324,28324,0,1,1,1,0,533,1243
28325,28325,0,1,0,1,0,533,1243
28326,28326,0,1,0,1,0,533,1243
28327,28327,0,1,0,1,0,533,1243
28328,28328,0,1,1,1,0,533,1243
28329,28329,0,1,0,1,1,533,1243
28330,28330,0,1,0,1,1,533,1243
28331,28331,0,1,0,1,1,534,1243
28332,28332,0,1,1,1,1,534,1243
28333,28333,0,1,0,1,0,534,1243
28334,28334,0,1,0,1,0,534,1243
28335,28335,0,1,0,1,0,534,1243
28336,28336,0,1,1,1,0,534,1243
28337,28337,0,1,0,1,1,534,1243
28338,28338,0,1,0,1,1,534,1243
28339,28339,0,1,0,1,1,534,1243
28340,28340,0,1,1,1,1,534,1244
28341,28341,0,1,0,1,1,534,1244
28342,28342,0,1,0,1,1,534,1244
28343,28343,0,1,0,1,1,534,1244
28344,28344,0,1,1,1,1,534,1244
28345,28345,0,1,0,1,1,534,1244
28346,28346,0,1,0,1,1,534,1244
28347,28347,0,1,0,1,1,534,1244
28348,28348,0,1,1,1,1,534,1244
28349,28349,0,1,0,1,1,534,1244
28350,28350,0,1,0,1,1,534,1244
28351,28351,0,1,0,1,1,535,1244
28352,28352,0,1,1,1,1,535,1244
28353,28353,0,1,0,1,1,535,1244
28354,28354,0,1,0,1,1,535,1244
28355,28355,0,1,0,1,1,535,1244
28356,28356,0,1,1,1,1,535,1244
28357,28357,0,1,0,1,0,535,1244
28358,28358,0,1,0,1,0,535,1244
28359,28359,0,1,0,1,0,535,1244
28360,28360,0,1,1,1,0,535,1245
28361,28361,0,1,0,1,0,535,1245
28362,28362,0,1,0,1,0,535,1245
28363,28363,0,1,0,1,0,535,1245
28364,28364,0,1,1,1,0,535,1245
28365,28365,0,1,0,1,1,535,1245
28366,28366,0,1,0,1,1,535,1245
28367,28367,0,1,0,1,1,535,1245
28368,28368,0,1,1,1,1,535,1245
28369,28369,0,1,0,1,1,535,1245
28370,28370,0,1,0,1,1,535,1245
28371,28371,0,1,0,1,1,536,1245
28372,28372,0,1,1,1,1,536,1245
28373,28373,0,1,0,1,0,536,1245
28374,28374,0,1,0,1,0,536,1245
28375,28375,0,1,0,1,0,536,1245
28376,28376,0,1,1,0,0,536,1245
28377,28377,0,1,0,0,1,536,1245
28378,28378,0,1,0,0,1,536,1245
28379,28379,0,1,0,0,1,536,1245
28380,28380,0,1,1,0,1,536,1246
28381,28381,0,1,0,0,0,536,1246
28382,28382,0,1,0,0,0,536,1246
28383,28383,0,1,0,0,0,536,1246
28384,28384,0,1,1,0,0,536,1246
28385,28385,0,1,0,0,0,536,1246
28386,28386,0,1,0,0,0,536,1246
28387,28387,0,1,0,0,0,536,1246
28388,28388,0,1,1,0,0,536,1246
28389,28389,0,1,0,0,1,536,1246
28390,28390,0,1,0,0,1,536,1246
28391,28391,0,1,0,0,1,536,1246
28392,28392,0,1,1,0,1,536,1246
28393,28393,0,1,0,0,1,536,1246
28394,28394,0,1,0,0,1,536,1246
28395,28395,0,1,0,0,1,536,1246
28396,28396,0,1,1,1,1,536,1246
28397,28397,0,1,0,1,1,536,1246
28398,28398,0,1,0,1,1,536,1246
28399,28399,0,1,0,1,1,536,1246
28400,28400,0,1,1,1,1,536,1247
28401,28401,0,1,0,1,1,536,1247
28402,28402,0,1,0,1,1,536,1247
28403,28403,0,1,0,1,1,536,1247
28404,28404,0,1,1,1,1,536,1247
28405,28405,0,1,0,1,1,536,1247
28406,28406,0,1,0,1,1,536,1247
28407,28407,0,1,0,1,1,536,1247
28408,28408,0,1,1,1,1,536,1247
28409,28409,0,1,0,1,0,536,1247
28410,28410,0,1,0,1,0,536,1247
28411,28411,0,1,0,1,0,536,1247
28412,28412,0,1,1,1,0,536,1247
28413,28413,0,1,0,1,0,536,1247
28414,28414,0,1,0,1,0,536,1247
28415,28415,0,1,0,1,0,536,1247
28416,28416,0,1,1,1,0,536,1247
28417,28417,0,1,0,1,0,536,1247
28418,28418,0,1,0,1,0,536,1247
28419,28419,0,1,0,1,0,536,1247
28420,28420,0,1,1,1,0,536,1248
28421,28421,0,1,0,1,0,536,1248
28422,28422,0,1,0,1,0,536,1248
28423,28423,0,1,0,1,0,536,1248
28424,28424,0,1,1,1,0,536,1248
28425,28425,0,1,0,1,0,536,1248
28426,28426,0,1,0,1,0,536,1248
28427,28427,0,1,0,1,0,536,1248
28428,28428,0,1,1,1,0,536,1248
28429,28429,0,1,0,1,0,536,1248
28430,28430,0,1,0,1,0,536,1248
28431,28431,0,1,0,1,0,536,1248
28432,28432,0,1,1,1,0,536,1248
28433,28433,0,1,0,1,0,536,1248
28434,28434,0,1,0,1,0,536,1248
28435,28435,0,1,0,1,0,536,1248
28436,28436,0,1,1,0,0,536,1248
28437,28437,0,1,0,0,1,536,1248
28438,28438,0,1,0,0,1,536,1248
28439,28439,0,1,0,0,1,536,1248
28440,28440,0,1,1,0,1,536,1249
28441,28441,0,1,0,0,1,536,1249
28442,28442,0,1,0,0,1,536,1249
28443,28443,0,1,0,0,1,536,1249
28444,28444,0,1,1,0,1,536,1249
28445,28445,0,1,0,0,1,536,1249
28446,28446,0,1,0,0,1,536,1249
28447,28447,0,1,0,0,1,536,1249
28448,28448,0,1,1,0,1,536,1249
28449,28449,0,1,0,0,1,536,1249
28450,28450,0,1,0,0,1,536,1249
28451,28451,0,1,0,0,1,536,1249
28452,28452,0,1,1,0,1,536,1249
28453,28453,0,1,0,0,0,536,1249
28454,28454,0,1,0,0,0,536,1249
28455,28455,0,1,0,0,0,536,1249
28456,28456,0,1,1,0,0,536,1249
28457,28457,0,1,0,0,0,536,1249
28458,28458,0,1,0,0,0,536,1249
28459,28459,0,1,0,0,0,536,1249
28460,28460,0,1,1,0,0,536,1250
28461,28461,0,1,0,0,1,536,1250
28462,28462,0,1,0,0,1,536,1250
28463,28463,0,1,0,0,1,536,1250
28464,28464,0,1,1,0,1,536,1250
28465,28465,0,1,0,0,1,536,1250
28466,28466,0,1,0,0,1,536,1250
28467,28467,0,1,0,0,1,536,1250
28468,28468,0,1,1,0,1,536,1250
28469,28469,0,1,0,0,0,536,1250
28470,28470,0,1,0,0,0,536,1250
28471,28471,0,1,0,0,0,537,1250
28472,28472,0,1,1,0,0,537,1250
28473,28473,0,1,0,0,1,537,1250
28474,28474,0,1,0,0,1,537,1250
28475,28475,0,1,0,0,1,537,1250
28476,28476,0,1,1,0,1,537,1250
28477,28477,0,1,0,0,1,537,1250
28478,28478,0,1,0,0,1,537,1250
28479,28479,0,1,0,0,1,537,1250
28480,28480,0,1,1,0,1,537,1251
28481,28481,0,1,0,0,1,537,1251
28482,28482,0,1,0,0,1,537,1251
28483,28483,0,1,0,0,1,537,1251
28484,28484,0,1,1,0,1,537,1251
28485,28485,0,1,0,0,1,537,1251
28486,28486,0,1,0,0,1,537,1251
28487,28487,0,1,0,0,1,537,1251
28488,28488,0,1,1,0,1,537,1251
28489,28489,0,1,0,0,1,537,1251
28490,28490,0,1,0,0,1,537,1251
28491,28491,0,1,0,0,1,537,1251
28492,28492,0,1,1,0,1,537,1251
28493,28493,0,1,0,0,0,537,1251
28494,28494,0,1,0,0,0,537,1251
28495,28495,0,1,0,0,0,537,1251
28496,28496,0,1,1,0,0,537,1251
28497,28497,0,1,0,0,1,537,1251
28498,28498,0,1,0,0,1,537,1251
28499,28499,0,1,0,0,1,537,1251
28500,28500,0,1,1,0,1,537,1252
28501,28501,0,1,0,0,1,537,1252
28502,28502,0,1,0,0,1,537,1252
28503,28503,0,1,0,0,1,537,1252
28504,28504,0,1,1,0,1,537,1252
28505,28505,0,1,0,0,0,537,1252
28506,28506,0,1,0,0,0,537,1252
28507,28507,0,1,0,0,0,537,1252
28508,28508,0,1,1,0,0,537,1252
28509,28509,0,1,0,0,0,537,1252
28510,28510,0,1,0,0,0,537,1252
28511,28511,0,1,0,0,0,538,1252
28512,28512,0,1,1,0,0,538,1252
28513,28513,0,1,0,0,1,538,1252
28514,28514,0,1,0,0,1,538,1252
28515,28515,0,1,0,0,1,538,1252
28516,28516,0,1,1,1,1,538,1252
28517,28517,0,1,0,1,1,538,1252
28518,28518,0,1,0,1,1,538,1252
28519,28519,0,1,0,1,1,538,1252
28520,28520,0,1,1,1,1,538,1253
28521,28521,0,1,0,1,0,538,1253
28522,28522,0,1,0,1,0,538,1253
28523,28523,0,1,0,1,0,538,1253
28524,28524,0,1,1,1,0,538,1253
28525,28525,0,1,0,1,1,538,1253
28526,28526,0,1,0,1,1,538,1253
28527,28527,0,1,0,1,1,538,1253
28528,28528,0,1,1,1,1,538,1253
28529,28529,0,1,0,1,0,538,1253
28530,28530,0,1,0,1,0,538,1253
28531,28531,0,1,0,1,0,538,1253
28532,28532,0,1,1,1,0,538,1253
28533,28533,0,1,0,1,0,538,1253
28534,28534,0,1,0,1,0,538,1253
28535,28535,0,1,0,1,0,538,1253
28536,28536,0,1,1,0,0,538,1253
28537,28537,0,1,0,0,0,538,1253
28538,28538,0,1,0,0,0,538,1253
28539,28539,0,1,0,0,0,538,1253
28540,28540,0,1,1,0,0,538,1254
28541,28541,0,1,0,0,0,538,1254
28542,28542,0,1,0,0,0,538,1254
28543,28543,0,1,0,0,0,538,1254
28544,28544,0,1,1,0,0,538,1254
28545,28545,0,1,0,0,0,538,1254
28546,28546,0,1,0,0,0,538,1254
28547,28547,0,1,0,0,0,538,1254
28548,28548,0,1,1,0,0,538,1254
28549,28549,0,1,0,0,1,538,1254
28550,28550,0,1,0,0,1,538,1254
28551,28551,0,1,0,0,1,538,1254
28552,28552,0,1,1,0,1,538,1254
28553,28553,0,1,0,0,1,538,1254
28554,28554,0,1,0,0,1,538,1254
28555,28555,0,1,0,0,1,538,1254
28556,28556,0,1,1,1,1,538,1254
28557,28557,0,1,0,1,1,538,1254
28558,28558,0,1,0,1,1,538,1254
28559,28559,0,1,0,1,1,538,1254
28560,28560,0,1,1,1,1,538,1255
28561,28561,0,1,0,1,1,538,1255
28562,28562,0,1,0,1,1,538,1255
28563,28563,0,1,0,1,1,538,1255
28564,28564,0,1,1,1,1,538,1255
28565,28565,0,1,0,1,1,538,1255
28566,28566,0,1,0,1,1,538,1255
28567,28567,0,1,0,1,1,538,1255
28568,28568,0,1,1,1,1,538,1255
28569,28569,0,1,0,1,1,538,1255
28570,28570,0,1,0,1,1,538,1255
28571,28571,0,1,0,1,1,539,1255
28572,28572,0,1,1,1,1,539,1255
28573,28573,0,1,0,1,1,539,1255
28574,28574,0,1,0,1,1,539,1255
28575,28575,0,1,0,1,1,539,1255
28576,28576,0,1,1,1,1,539,1255
28577,28577,0,1,0,1,1,539,1255
28578,28578,0,1,0,1,1,539,1255
28579,28579,0,1,0,1,1,539,1255
28580,28580,0,1,1,1,1,539,1256
28581,28581,0,1,0,1,1,539,1256
28582,28582,0,1,0,1,1,539,1256
28583,28583,0,1,0,1,1,539,1256
28584,28584,0,1,1,1,1,539,1256
28585,28585,0,1,0,1,1,539,1256
28586,28586,0,1,0,1,1,539,1256
28587,28587,0,1,0,1,1,539,1256
28588,28588,0,1,1,1,1,539,1256
28589,28589,0,1,0,1,0,539,1256
28590,28590,0,1,0,1,0,539,1256
28591,28591,0,1,0,1,0,539,1256
28592,28592,0,1,1,1,0,539,1256
28593,28593,0,1,0,1,0,539,1256
28594,28594,0,1,0,1,0,539,1256
28595,28595,0,1,0,1,0,539,1256
28596,28596,0,1,1,0,0,539,1256
28597,28597,0,1,0,0,0,539,1256
28598,28598,0,1,0,0,0,539,1256
28599,28599,0,1,0,0,0,539,1256
28600,28600,0,1,1,0,0,539,1257
28601,28601,0,1,0,0,0,539,1257
28602,28602,0,1,0,0,0,539,1257
28603,28603,0,1,0,0,0,539,1257
28604,28604,0,1,1,0,0,539,1257
28605,28605,0,1,0,0,0,539,1257
28606,28606,0,1,0,0,0,539,1257
28607,28607,0,1,0,0,0,539,1257
28608,28608,0,1,1,0,0,539,1257
28609,28609,0,1,0,0,1,539,1257
28610,28610,0,1,0,0,1,539,1257
28611,28611,0,1,0,0,1,539,1257
28612,28612,0,1,1,0,1,539,1257
28613,28613,0,1,0,0,1,539,1257
28614,28614,0,1,0,0,1,539,1257
28615,28615,0,1,0,0,1,539,1257
28616,28616,0,1,1,1,1,539,1257
28617,28617,0,1,0,1,1,539,1257
28618,28618,0,1,0,1,1,539,1257
28619,28619,0,1,0,1,1,539,1257
28620,28620,0,1,1,1,1,539,1258
28621,28621,0,1,0,1,0,539,1258
28622,28622,0,1,0,1,0,539,1258
28623,28623,0,1,0,1,0,539,1258
28624,28624,0,1,1,1,0,539,1258
28625,28625,0,1,0,1,1,539,1258
28626,28626,0,1,0,1,1,539,1258
28627,28627,0,1,0,1,1,539,1258
28628,28628,0,1,1,1,1,539,1258
28629,28629,0,1,0,1,1,539,1258
28630,28630,0,1,0,1,1,539,1258
28631,28631,0,1,0,1,1,540,1258
28632,28632,0,1,1,1,1,540,1258
28633,28633,0,1,0,1,1,540,1258
28634,28634,0,1,0,1,1,540,1258
28635,28635,0,1,0,1,1,540,1258
28636,28636,0,1,1,0,1,540,1258
28637,28637,0,1,0,0,0,540,1258
28638,28638,0,1,0,0,0,540,1258
28639,28639,0,1,0,0,0,540,1258
28640,28640,0,1,1,0,0,540,1259
28641,28641,0,1,0,0,0,540,1259
28642,28642,0,1,0,0,0,540,1259
28643,28643,0,1,0,0,0,540,1259
28644,28644,0,1,1,0,0,540,1259
28645,28645,0,1,0,0,1,540,1259
28646,28646,0,1,0,0,1,540,1259
28647,28647,0,1,0,0,1,540,1259
28648,28648,0,1,1,0,1,540,1259
28649,28649,0,1,0,0,1,540,1259
28650,28650,0,1,0,0,1,540,1259
28651,28651,0,1,0,0,1,540,1259
28652,28652,0,1,1,0,1,540,1259
28653,28653,0,1,0,0,1,540,1259
28654,28654,0,1,0,0,1,540,1259
28655,28655,0,1,0,0,1,540,1259
28656,28656,0,1,1,1,1,540,1259
28657,28657,0,1,0,1,0,540,1259
28658,28658,0,1,0,1,0,540,1259
28659,28659,0,1,0,1,0,540,1259
28660,28660,0,1,1,1,0,540,1260
28661,28661,0,1,0,1,1,540,1260
28662,28662,0,1,0,1,1,540,1260
28663,28663,0,1,0,1,1,540,1260
28664,28664,0,1,1,1,1,540,1260
28665,28665,0,1,0,1,0,540,1260
28666,28666,0,1,0,1,0,540,1260
28667,28667,0,1,0,1,0,540,1260
28668,28668,0,1,1,1,0,540,1260
28669,28669,0,1,0,1,0,540,1260
28670,28670,0,1,0,1,0,540,1260
28671,28671,0,1,0,1,0,540,1260
28672,28672,0,1,1,1,0,540,1260
28673,28673,0,1,0,1,0,540,1260
28674,28674,0,1,0,1,0,540,1260
28675,28675,0,1,0,1,0,540,1260
28676,28676,0,1,1,0,0,540,1260
28677,28677,0,1,0,0,1,540,1260
28678,28678,0,1,0,0,1,540,1260
28679,28679,0,1,0,0,1,540,1260
28680,28680,0,1,1,0,1,540,1261
28681,28681,0,1,0,0,1,540,1261
28682,28682,0,1,0,0,1,540,1261
28683,28683,0,1,0,0,1,540,1261
28684,28684,0,1,1,0,1,540,1261
28685,28685,0,1,0,0,1,540,1261
28686,28686,0,1,0,0,1,540,1261
28687,28687,0,1,0,0,1,540,1261
28688,28688,0,1,1,0,1,540,1261
28689,28689,0,1,0,0,0,540,1261
28690,28690,0,1,0,0,0,540,1261
28691,28691,0,1,0,0,0,541,1261
28692,28692,0,1,1,0,0,541,1261
28693,28693,0,1,0,0,0,541,1261
28694,28694,0,1,0,0,0,541,1261
28695,28695,0,1,0,0,0,541,1261
28696,28696,0,1,1,0,0,541,1261
28697,28697,0,1,0,0,0,541,1261
28698,28698,0,1,0,0,0,541,1261
28699,28699,0,1,0,0,0,541,1261
28700,28700,0,1,1,0,0,541,1262
28701,28701,0,1,0,0,1,541,1262
28702,28702,0,1,0,0,1,541,1262
28703,28703,0,1,0,0,1,541,1262
28704,28704,0,1,1,0,1,541,1262
28705,28705,0,1,0,0,0,541,1262
28706,28706,0,1,0,0,0,541,1262
28707,28707,0,1,0,0,0,541,1262
28708,28708,0,1,1,0,0,541,1262
28709,28709,0,1,0,0,0,541,1262
28710,28710,0,1,0,0,0,541,1262
28711,28711,0,1,0,0,0,542,1262
28712,28712,0,1,1,0,0,542,1262
28713,28713,0,1,0,0,1,542,1262
28714,28714,0,1,0,0,1,542,1262
28715,28715,0,1,0,0,1,542,1262
28716,28716,0,1,1,0,1,542,1262
28717,28717,0,1,0,0,0,542,1262
28718,28718,0,1,0,0,0,542,1262
28719,28719,0,1,0,0,0,542,1262
28720,28720,0,1,1,0,0,542,1263
28721,28721,0,1,0,0,1,542,1263
28722,28722,0,1,0,0,1,542,1263
28723,28723,0,1,0,0,1,542,1263
28724,28724,0,1,1,0,1,542,1263
28725,28725,0,1,0,0,0,542,1263
28726,28726,0,1,0,0,0,542,1263
28727,28727,0,1,0,0,0,542,1263
28728,28728,0,1,1,0,0,542,1263
28729,28729,0,1,0,0,0,542,1263
28730,28730,0,1,0,0,0,542,1263
28731,28731,0,1,0,0,0,543,1263
28732,28732,0,1,1,0,0,543,1263
28733,28733,0,1,0,0,0,543,1263
28734,28734,0,1,0,0,0,543,1263
28735,28735,0,1,0,0,0,543,1263
28736,28736,0,1,1,0,0,543,1263
28737,28737,0,1,0,0,0,543,1263
28738,28738,0,1,0,0,0,543,1263
28739,28739,0,1,0,0,0,543,1263
28740,28740,0,1,1,0,0,543,1264
28741,28741,0,1,0,0,0,543,1264
28742,28742,0,1,0,0,0,543,1264
28743,28743,0,1,0,0,0,543,1264
28744,28744,0,1,1,0,0,543,1264
28745,28745,0,1,0,0,1,543,1264
28746,28746,0,1,0,0,1,543,1264
28747,28747,0,1,0,0,1,543,1264
28748,28748,0,1,1,0,1,543,1264
28749,28749,0,1,0,0,0,543,1264
28750,28750,0,1,0,0,0,543,1264
28751,28751,0,1,0,0,0,544,1264
28752,28752,0,1,1,0,0,544,1264
28753,28753,0,1,0,0,1,544,1264
28754,28754,0,1,0,0,1,544,1264
28755,28755,0,1,0,0,1,544,1264
28756,28756,0,1,1,1,1,544,1264
28757,28757,0,1,0,1,1,544,1264
28758,28758,0,1,0,1,1,544,1264
28759,28759,0,1,0,1,1,544,1264
28760,28760,0,1,1,1,1,544,1265
28761,28761,0,1,0,1,1,544,1265
28762,28762,0,1,0,1,1,544,1265
28763,28763,0,1,0,1,1,544,1265
28764,28764,0,1,1,1,1,544,1265
28765,28765,0,1,0,1,0,544,1265
28766,28766,0,1,0,1,0,544,1265
28767,28767,0,1,0,1,0,544,1265
28768,28768,0,1,1,1,0,544,1265
28769,28769,0,1,0,1,0,544,1265
28770,28770,0,1,0,1,0,544,1265
28771,28771,0,1,0,1,0,544,1265
28772,28772,0,1,1,1,0,544,1265
28773,28773,0,1,0,1,1,544,1265
28774,28774,0,1,0,1,1,544,1265
28775,28775,0,1,0,1,1,544,1265
28776,28776,0,1,1,1,1,544,1265
28777,28777,0,1,0,1,0,544,1265
28778,28778,0,1,0,1,0,544,1265
28779,28779,0,1,0,1,0,544,1265
28780,28780,0,1,1,1,0,544,1266
28781,28781,0,1,0,1,0,544,1266
28782,28782,0,1,0,1,0,544,1266
28783,28783,0,1,0,1,0,544,1266
28784,28784,0,1,1,1,0,544,1266
28785,28785,0,1,0,1,0,544,1266
28786,28786,0,1,0,1,0,544,1266
28787,28787,0,1,0,1,0,544,1266
28788,28788,0,1,1,1,0,544,1266
28789,28789,0,1,0,1,1,544,1266
28790,28790,0,1,0,1,1,544,1266
28791,28791,0,1,0,1,1,545,1266
28792,28792,0,1,1,1,1,545,1266
28793,28793,0,1,0,1,0,545,1266
28794,28794,0,1,0,1,0,545,1266
28795,28795,0,1,0,1,0,545,1266
28796,28796,0,1,1,1,0,545,1266
28797,28797,0,1,0,1,0,545,1266
28798,28798,0,1,0,1,0,545,1266
28799,28799,0,1,0,1,0,545,1266
28800,28800,0,1,1,1,0,545,1267
28801,28801,0,1,0,1,1,545,1267
28802,28802,0,1,0,1,1,545,1267
28803,28803,0,1,0,1,1,545,1267
28804,28804,0,1,1,1,1,545,1267
28805,28805,0,1,0,1,1,545,1267
28806,28806,0,1,0,1,1,545,1267
28807,28807,0,1,0,1,1,545,1267
28808,28808,0,1,1,1,1,545,1267
28809,28809,0,1,0,1,0,545,1267
28810,28810,0,1,0,1,0,545,1267
28811,28811,0,1,0,1,0,545,1267
28812,28812,0,1,1,1,0,545,1267
28813,28813,0,1,0,1,1,545,1267
28814,28814,0,1,0,1,1,545,1267
28815,28815,0,1,0,1,1,545,1267
28816,28816,0,1,1,1,1,545,1267
28817,28817,0,1,0,1,1,545,1267
28818,28818,0,1,0,1,1,545,1267
28819,28819,0,1,0,1,1,545,1267
28820,28820,0,1,1,1,1,545,1268
28821,28821,0,1,0,1,1,545,1268
28822,28822,0,1,0,1,1,545,1268
28823,28823,0,1,0,1,1,545,1268
28824,28824,0,1,1,1,1,545,1268
28825,28825,0,1,0,1,1,545,1268
28826,28826,0,1,0,1,1,545,1268
28827,28827,0,1,0,1,1,545,1268
28828,28828,0,1,1,1,1,545,1268
28829,28829,0,1,0,1,1,545,1268
28830,28830,0,1,0,1,1,545,1268
28831,28831,0,1,0,1,1,546,1268
28832,28832,0,1,1,1,1,546,1268
28833,28833,0,1,0,1,0,546,1268
28834,28834,0,1,0,1,0,546,1268
28835,28835,0,1,0,1,0,546,1268
28836,28836,0,1,1,1,0,546,1268
28837,28837,0,1,0,1,0,546,1268
28838,28838,0,1,0,1,0,546,1268
28839,28839,0,1,0,1,0,546,1268
28840,28840,0,1,1,1,0,546,1269
28841,28841,0,1,0,1,0,546,1269
28842,28842,0,1,0,1,0,546,1269
28843,28843,0,1,0,1,0,546,1269
28844,28844,0,1,1,1,0,546,1269
28845,28845,0,1,0,1,0,546,1269
28846,28846,0,1,0,1,0,546,1269
28847,28847,0,1,0,1,0,546,1269
28848,28848,0,1,1,1,0,546,1269
28849,28849,0,1,0,1,0,546,1269
28850,28850,0,1,0,1,0,546,1269
28851,28851,0,1,0,1,0,546,1269
28852,28852,0,1,1,1,0,546,1269
28853,28853,0,1,0,1,0,546,1269
28854,28854,0,1,0,1,0,546,1269
28855,28855,0,1,0,1,0,546,1269
28856,28856,0,1,1,1,0,546,1269
28857,28857,0,1,0,1,1,546,1269
28858,28858,0,1,0,1,1,546,1269
28859,28859,0,1,0,1,1,546,1269
28860,28860,0,1,1,1,1,546,1270
28861,28861,0,1,0,1,0,546,1270
28862,28862,0,1,0,1,0,546,1270
28863,28863,0,1,0,1,0,546,1270
28864,28864,0,1,1,1,0,546,1270
28865,28865,0,1,0,1,0,546,1270
28866,28866,0,1,0,1,0,546,1270
28867,28867,0,1,0,1,0,546,1270
28868,28868,0,1,1,1,0,546,1270
28869,28869,0,1,0,1,0,546,1270
28870,28870,0,1,0,1,0,546,1270
28871,28871,0,1,0,1,0,546,1270
28872,28872,0,1,1,1,0,546,1270
28873,28873,0,1,0,1,1,546,1270
28874,28874,0,1,0,1,1,546,1270
28875,28875,0,1,0,1,1,546,1270
28876,28876,0,1,1,0,1,546,1270
28877,28877,0,1,0,0,1,546,1270
28878,28878,0,1,0,0,1,546,1270
28879,28879,0,1,0,0,1,546,1270
28880,28880,0,1,1,0,1,546,1271
28881,28881,0,1,0,0,1,546,1271
28882,28882,0,1,0,0,1,546,1271
28883,28883,0,1,0,0,1,546,1271
28884,28884,0,1,1,0,1,546,1271
28885,28885,0,1,0,0,1,546,1271
28886,28886,0,1,0,0,1,546,1271
28887,28887,0,1,0,0,1,546,1271
28888,28888,0,1,1,0,1,546,1271
28889,28889,0,1,0,0,1,546,1271
28890,28890,0,1,0,0,1,546,1271
28891,28891,0,1,0,0,1,546,1271
28892,28892,0,1,1,0,1,546,1271
28893,28893,0,1,0,0,1,546,1271
28894,28894,0,1,0,0,1,546,1271
28895,28895,0,1,0,0,1,546,1271
28896,28896,0,1,1,1,1,546,1271
28897,28897,0,1,0,1,1,546,1271
28898,28898,0,1,0,1,1,546,1271
28899,28899,0,1,0,1,1,546,1271
28900,28900,0,1,1,1,1,546,1272
28901,28901,0,1,0,1,1,546,1272
28902,28902,0,1,0,1,1,546,1272
28903,28903,0,1,0,1,1,546,1272
28904,28904,0,1,1,1,1,546,1272
28905,28905,0,1,0,1,1,546,1272
28906,28906,0,1,0,1,1,546,1272
28907,28907,0,1,0,1,1,546,1272
28908,28908,0,1,1,1,1,546,1272
28909,28909,0,1,0,1,1,546,1272
28910,28910,0,1,0,1,1,546,1272
28911,28911,0,1,0,1,1,547,1272
28912,28912,0,1,1,1,1,547,1272
28913,28913,0,1,0,1,1,547,1272
28914,28914,0,1,0,1,1,547,1272
28915,28915,0,1,0,1,1,547,1272
28916,28916,0,1,1,1,1,547,1272
28917,28917,0,1,0,1,0,547,1272
28918,28918,0,1,0,1,0,547,1272
28919,28919,0,1,0,1,0,547,1272
28920,28920,0,1,1,1,0,547,1273
28921,28921,0,1,0,1,1,547,1273
28922,28922,0,1,0,1,1,547,1273
28923,28923,0,1,0,1,1,547,1273
28924,28924,0,1,1,1,1,547,1273
28925,28925,0,1,0,1,0,547,1273
28926,28926,0,1,0,1,0,547,1273
28927,28927,0,1,0,1,0,547,1273
28928,28928,0,1,1,1,0,547,1273
28929,28929,0,1,0,1,0,547,1273
28930,28930,0,1,0,1,0,547,1273
28931,28931,0,1,0,1,0,547,1273
28932,28932,0,1,1,1,0,547,1273
28933,28933,0,1,0,1,1,547,1273
28934,28934,0,1,0,1,1,547,1273
28935,28935,0,1,0,1,1,547,1273
28936,28936,0,1,1,0,1,547,1273
28937,28937,0,1,0,0,0,547,1273
28938,28938,0,1,0,0,0,547,1273
28939,28939,0,1,0,0,0,547,1273
28940,28940,0,1,1,0,0,547,1274
28941,28941,0,1,0,0,1,547,1274
28942,28942,0,1,0,0,1,547,1274
28943,28943,0,1,0,0,1,547,1274
28944,28944,0,1,1,0,1,547,1274
28945,28945,0,1,0,0,0,547,1274
28946,28946,0,1,0,0,0,547,1274
28947,28947,0,1,0,0,0,547,1274
28948,28948,0,1,1,0,0,547,1274
28949,28949,0,1,0,0,0,547,1274
28950,28950,0,1,0,0,0,547,1274
28951,28951,0,1,0,0,0,548,1274
28952,28952,0,1,1,0,0,548,1274
28953,28953,0,1,0,0,0,548,1274
28954,28954,0,1,0,0,0,548,1274
28955,28955,0,1,0,0,0,548,1274
28956,28956,0,1,1,1,0,548,1274
28957,28957,0,1,0,1,0,548,1274
28958,28958,0,1,0,1,0,548,1274
28959,28959,0,1,0,1,0,548,1274
28960,28960,0,1,1,1,0,548,1275
28961,28961,0,1,0,1,1,548,1275
28962,28962,0,1,0,1,1,548,1275
28963,28963,0,1,0,1,1,548,1275
28964,28964,0,1,1,1,1,548,1275
28965,28965,0,1,0,1,0,548,1275
28966,28966,0,1,0,1,0,548,1275
28967,28967,0,1,0,1,0,548,1275
28968,28968,0,1,1,1,0,548,1275
28969,28969,0,1,0,1,0,548,1275
28970,28970,0,1,0,1,0,548,1275
28971,28971,0,1,0,1,0,548,1275
28972,28972,0,1,1,1,0,548,1275
28973,28973,0,1,0,1,1,548,1275
28974,28974,0,1,0,1,1,548,1275
28975,28975,0,1,0,1,1,548,1275
28976,28976,0,1,1,0,1,548,1275
28977,28977,0,1,0,0,0,548,1275
28978,28978,0,1,0,0,0,548,1275
28979,28979,0,1,0,0,0,548,1275
28980,28980,0,1,1,0,0,548,1276
28981,28981,0,1,0,0,0,548,1276
28982,28982,0,1,0,0,0,548,1276
28983,28983,0,1,0,0,0,548,1276
28984,28984,0,1,1,0,0,548,1276
28985,28985,0,1,0,0,1,548,1276
28986,28986,0,1,0,0,1,548,1276
28987,28987,0,1,0,0,1,548,1276
28988,28988,0,1,1,0,1,548,1276
28989,28989,0,1,0,0,0,548,1276
28990,28990,0,1,0,0,0,548,1276
28991,28991,0,1,0,0,0,549,1276
28992,28992,0,1,1,0,0,549,1276
28993,28993,0,1,0,0,0,549,1276
28994,28994,0,1,0,0,0,549,1276
28995,28995,0,1,0,0,0,549,1276
28996,28996,0,1,1,0,0,549,1276
28997,28997,0,1,0,0,0,549,1276
28998,28998,0,1,0,0,0,549,1276
28999,28999,0,1,0,0,0,549,1276
29000,29000,0,1,1,0,0,549,1277
29001,29001,0,1,0,0,1,549,1277
29002,29002,0,1,0,0,1,549,1277
29003,29003,0,1,0,0,1,549,1277
29004,29004,0,1,1,0,1,549,1277
29005,29005,0,1,0,0,1,549,1277
29006,29006,0,1,0,0,1,549,1277
29007,29007,0,1,0,0,1,549,1277
29008,29008,0,1,1,0,1,549,1277
29009,29009,0,1,0,0,0,549,1277
29010,29010,0,1,0,0,0,549,1277
29011,29011,0,1,0,0,0,550,1277
29012,29012,0,1,1,0,0,550,1277
29013,29013,0,1,0,0,1,550,1277
29014,29014,0,1,0,0,1,550,1277
29015,29015,0,1,0,0,1,550,1277
29016,29016,0,1,1,0,1,550,1277
29017,29017,0,1,0,0,0,550,1277
29018,29018,0,1,0,0,0,550,1277
29019,29019,0,1,0,0,0,550,1277
29020,29020,0,1,1,0,0,550,1278
29021,29021,0,1,0,0,1,550,1278
29022,29022,0,1,0,0,1,550,1278
29023,29023,0,1,0,0,1,550,1278
29024,29024,0,1,1,0,1,550,1278
29025,29025,0,1,0,0,0,550,1278
29026,29026,0,1,0,0,0,550,1278
29027,29027,0,1,0,0,0,550,1278
29028,29028,0,1,1,0,0,550,1278
29029,29029,0,1,0,0,0,550,1278
29030,29030,0,1,0,0,0,550,1278
29031,29031,0,1,0,0,0,551,1278
29032,29032,0,1,1,0,0,551,1278
29033,29033,0,1,0,0,0,551,1278
29034,29034,0,1,0,0,0,551,1278
29035,29035,0,1,0,0,0,551,1278
29036,29036,0,1,1,1,0,551,1278
29037,29037,0,1,0,1,1,551,1278
29038,29038,0,1,0,1,1,551,1278
29039,29039,0,1,0,1,1,551,1278
29040,29040,0,1,1,1,1,551,1279
29041,29041,0,1,0,1,0,551,1279
29042,29042,0,1,0,1,0,551,1279
29043,29043,0,1,0,1,0,551,1279
29044,29044,0,1,1,1,0,551,1279
29045,29045,0,1,0,1,0,551,1279
29046,29046,0,1,0,1,0,551,1279
29047,29047,0,1,0,1,0,551,1279
29048,29048,0,1,1,1,0,551,1279
29049,29049,0,1,0,1,1,551,1279
29050,29050,0,1,0,1,1,551,1279
29051,29051,0,1,0,1,1,552,1279
29052,29052,0,1,1,1,1,552,1279
29053,29053,0,1,0,1,0,552,1279
29054,29054,0,1,0,1,0,552,1279
29055,29055,0,1,0,1,0,552,1279
29056,29056,0,1,1,1,0,552,1279
29057,29057,0,1,0,1,0,552,1279
29058,29058,0,1,0,1,0,552,1279
29059,29059,0,1,0,1,0,552,1279
29060,29060,0,1,1,1,0,552,1280
29061,29061,0,1,0,1,0,552,1280
29062,29062,0,1,0,1,0,552,1280
29063,29063,0,1,0,1,0,552,1280
29064,29064,0,1,1,1,0,552,1280
29065,29065,0,1,0,1,0,552,1280
29066,29066,0,1,0,1,0,552,1280
29067,29067,0,1,0,1,0,552,1280
29068,29068,0,1,1,1,0,552,1280
29069,29069,0,1,0,1,1,552,1280
29070,29070,0,1,0,1,1,552,1280
29071,29071,0,1,0,1,1,553,1280
29072,29072,0,1,1,1,1,553,1280
29073,29073,0,1,0,1,0,553,1280
29074,29074,0,1,0,1,0,553,1280
29075,29075,0,1,0,1,0,553,1280
29076,29076,0,1,1,0,0,553,1280
29077,29077,0,1,0,0,1,553,1280
29078,29078,0,1,0,0,1,553,1280
29079,29079,0,1,0,0,1,553,1280
29080,29080,0,1,1,0,1,553,1281
29081,29081,0,1,0,0,1,553,1281
29082,29082,0,1,0,0,1,553,1281
29083,29083,0,1,0,0,1,553,1281
29084,29084,0,1,1,0,1,553,1281
29085,29085,0,1,0,0,0,553,1281
29086,29086,0,1,0,0,0,553,1281
29087,29087,0,1,0,0,0,553,1281
29088,29088,0,1,1,0,0,553,1281
29089,29089,0,1,0,0,1,553,1281
29090,29090,0,1,0,0,1,553,1281
29091,29091,0,1,0,0,1,553,1281
29092,29092,0,1,1,0,1,553,1281
29093,29093,0,1,0,0,1,553,1281
29094,29094,0,1,0,0,1,553,1281
29095,29095,0,1,0,0,1,553,1281
29096,29096,0,1,1,0,1,553,1281
29097,29097,0,1,0,0,0,553,1281
29098,29098,0,1,0,0,0,553,1281
29099,29099,0,1,0,0,0,553,1281
29100,29100,0,1,1,0,0,553,1282
29101,29101,0,1,0,0,0,553,1282
29102,29102,0,1,0,0,0,553,1282
29103,29103,0,1,0,0,0,553,1282
29104,29104,0,1,1,0,0,553,1282
29105,29105,0,1,0,0,0,553,1282
29106,29106,0,1,0,0,0,553,1282
29107,29107,0,1,0,0,0,553,1282
29108,29108,0,1,1,0,0,553,1282
29109,29109,0,1,0,0,1,553,1282
29110,29110,0,1,0,0,1,553,1282
29111,29111,0,1,0,0,1,553,1282
29112,29112,0,1,1,0,1,553,1282
29113,29113,0,1,0,0,0,553,1282
29114,29114,0,1,0,0,0,553,1282
29115,29115,0,1,0,0,0,553,1282
29116,29116,0,1,1,0,0,553,1282
29117,29117,0,1,0,0,1,553,1282
29118,29118,0,1,0,0,1,553,1282
29119,29119,0,1,0,0,1,553,1282
29120,29120,0,1,1,0,1,553,1283
29121,29121,0,1,0,0,1,553,1283
29122,29122,0,1,0,0,1,553,1283
29123,29123,0,1,0,0,1,553,1283
29124,29124,0,1,1,0,1,553,1283
29125,29125,0,1,0,0,1,553,1283
29126,29126,0,1,0,0,1,553,1283
29127,29127,0,1,0,0,1,553,1283
29128,29128,0,1,1,0,1,553,1283
29129,29129,0,1,0,0,1,553,1283
29130,29130,0,1,0,0,1,553,1283
29131,29131,0,1,0,0,1,553,1283
29132,29132,0,1,1,0,1,553,1283
29133,29133,0,1,0,0,1,553,1283
29134,29134,0,1,0,0,1,553,1283
29135,29135,0,1,0,0,1,553,1283
29136,29136,0,1,1,0,1,553,1283
29137,29137,0,1,0,0,0,553,1283
29138,29138,0,1,0,0,0,553,1283
29139,29139,0,1,0,0,0,553,1283
29140,29140,0,1,1,0,0,553,1284
29141,29141,0,1,0,0,1,553,1284
29142,29142,0,1,0,0,1,553,1284
29143,29143,0,1,0,0,1,553,1284
29144,29144,0,1,1,0,1,553,1284
29145,29145,0,1,0,0,1,553,1284
29146,29146,0,1,0,0,1,553,1284
29147,29147,0,1,0,0,1,553,1284
29148,29148,0,1,1,0,1,553,1284
29149,29149,0,1,0,0,0,553,1284
29150,29150,0,1,0,0,0,553,1284
29151,29151,0,1,0,0,0,554,1284
29152,29152,0,1,1,0,0,554,1284
29153,29153,0,1,0,0,1,554,1284
29154,29154,0,1,0,0,1,554,1284
29155,29155,0,1,0,0,1,554,1284
29156,29156,0,1,1,0,1,554,1284
29157,29157,0,1,0,0,1,554,1284
29158,29158,0,1,0,0,1,554,1284
29159,29159,0,1,0,0,1,554,1284
29160,29160,0,1,1,0,1,554,1285
29161,29161,0,1,0,0,1,554,1285
29162,29162,0,1,0,0,1,554,1285
29163,29163,0,1,0,0,1,554,1285
29164,29164,0,1,1,0,1,554,1285
29165,29165,0,1,0,0,0,554,1285
29166,29166,0,1,0,0,0,554,1285
29167,29167,0,1,0,0,0,554,1285
29168,29168,0,1,1,0,0,554,1285
29169,29169,0,1,0,0,1,554,1285
29170,29170,0,1,0,0,1,554,1285
29171,29171,0,1,0,0,1,554,1285
29172,29172,0,1,1,0,1,554,1285
29173,29173,0,1,0,0,1,554,1285
29174,29174,0,1,0,0,1,554,1285
29175,29175,0,1,0,0,1,554,1285
29176,29176,0,1,1,0,1,554,1285
29177,29177,0,1,0,0,1,554,1285
29178,29178,0,1,0,0,1,554,1285
29179,29179,0,1,0,0,1,554,1285
29180,29180,0,1,1,0,1,554,1286
29181,29181,0,1,0,0,0,554,1286
29182,29182,0,1,0,0,0,554,1286
29183,29183,0,1,0,0,0,554,1286
29184,29184,0,1,1,0,0,554,1286
29185,29185,0,1,0,0,1,554,1286
29186,29186,0,1,0,0,1,554,1286
29187,29187,0,1,0,0,1,554,1286
29188,29188,0,1,1,0,1,554,1286
29189,29189,0,1,0,0,1,554,1286
29190,29190,0,1,0,0,1,554,1286
29191,29191,0,1,0,0,1,554,1286
29192,29192,0,1,1,0,1,554,1286
29193,29193,0,1,0,0,0,554,1286
29194,29194,0,1,0,0,0,554,1286
29195,29195,0,1,0,0,0,554,1286
29196,29196,0,1,1,0,0,554,1286
29197,29197,0,1,0,0,1,554,1286
29198,29198,0,1,0,0,1,554,1286
29199,29199,0,1,0,0,1,554,1286
29200,29200,0,1,1,0,1,554,1287
29201,29201,0,1,0,0,1,554,1287
29202,29202,0,1,0,0,1,554,1287
29203,29203,0,1,0,0,1,554,1287
29204,29204,0,1,1,0,1,554,1287
29205,29205,0,1,0,0,1,554,1287
29206,29206,0,1,0,0,1,554,1287
29207,29207,0,1,0,0,1,554,1287
29208,29208,0,1,1,0,1,554,1287
29209,29209,0,1,0,0,1,554,1287
29210,29210,0,1,0,0,1,554,1287
29211,29211,0,1,0,0,1,554,1287
29212,29212,0,1,1,0,1,554,1287
29213,29213,0,1,0,0,1,554,1287
29214,29214,0,1,0,0,1,554,1287
29215,29215,0,1,0,0,1,554,1287
29216,29216,0,1,1,1,1,554,1287
29217,29217,0,1,0,1,1,554,1287
29218,29218,0,1,0,1,1,554,1287
29219,29219,0,1,0,1,1,554,1287
29220,29220,0,1,1,1,1,554,1288
29221,29221,0,1,0,1,0,554,1288
29222,29222,0,1,0,1,0,554,1288
29223,29223,0,1,0,1,0,554,1288
29224,29224,0,1,1,1,0,554,1288
29225,29225,0,1,0,1,1,554,1288
29226,29226,0,1,0,1,1,554,1288
29227,29227,0,1,0,1,1,554,1288
29228,29228,0,1,1,1,1,554,1288
29229,29229,0,1,0,1,1,554,1288
29230,29230,0,1,0,1,1,554,1288
29231,29231,0,1,0,1,1,555,1288
29232,29232,0,1,1,1,1,555,1288
29233,29233,0,1,0,1,1,555,1288
29234,29234,0,1,0,1,1,555,1288
29235,29235,0,1,0,1,1,555,1288
29236,29236,0,1,1,1,1,555,1288
29237,29237,0,1,0,1,1,555,1288
29238,29238,0,1,0,1,1,555,1288
29239,29239,0,1,0,1,1,555,1288
29240,29240,0,1,1,1,1,555,1289
29241,29241,0,1,0,1,0,555,1289
29242,29242,0,1,0,1,0,555,1289
29243,29243,0,1,0,1,0,555,1289
29244,29244,0,1,1,1,0,555,1289
29245,29245,0,1,0,1,0,555,1289
29246,29246,0,1,0,1,0,555,1289
29247,29247,0,1,0,1,0,555,1289
29248,29248,0,1,1,1,0,555,1289
29249,29249,0,1,0,1,0,555,1289
29250,29250,0,1,0,1,0,555,1289
29251,29251,0,1,0,1,0,555,1289
29252,29252,0,1,1,1,0,555,1289
29253,29253,0,1,0,1,1,555,1289
29254,29254,0,1,0,1,1,555,1289
29255,29255,0,1,0,1,1,555,1289
29256,29256,0,1,1,1,1,555,1289
29257,29257,0,1,0,1,0,555,1289
29258,29258,0,1,0,1,0,555,1289
29259,29259,0,1,0,1,0,555,1289
29260,29260,0,1,1,1,0,555,1290
29261,29261,0,1,0,1,1,555,1290
29262,29262,0,1,0,1,1,555,1290
29263,29263,0,1,0,1,1,555,1290
29264,29264,0,1,1,1,1,555,1290
29265,29265,0,1,0,1,0,555,1290
29266,29266,0,1,0,1,0,555,1290
29267,29267,0,1,0,1,0,555,1290
29268,29268,0,1,1,1,0,555,1290
29269,29269,0,1,0,1,1,555,1290
29270,29270,0,1,0,1,1,555,1290
29271,29271,0,1,0,1,1,556,1290
29272,29272,0,1,1,1,1,556,1290
29273,29273,0,1,0,1,0,556,1290
29274,29274,0,1,0,1,0,556,1290
29275,29275,0,1,0,1,0,556,1290
29276,29276,0,1,1,0,0,556,1290
29277,29277,0,1,0,0,0,556,1290
29278,29278,0,1,0,0,0,556,1290
29279,29279,0,1,0,0,0,556,1290
29280,29280,0,1,1,0,0,556,1291
29281,29281,0,1,0,0,1,556,1291
29282,29282,0,1,0,0,1,556,1291
29283,29283,0,1,0,0,1,556,1291
29284,29284,0,1,1,0,1,556,1291
29285,29285,0,1,0,0,1,556,1291
29286,29286,0,1,0,0,1,556,1291
29287,29287,0,1,0,0,1,556,1291
29288,29288,0,1,1,0,1,556,1291
29289,29289,0,1,0,0,0,556,1291
29290,29290,0,1,0,0,0,556,1291
29291,29291,0,1,0,0,0,557,1291
29292,29292,0,1,1,0,0,557,1291
29293,29293,0,1,0,0,1,557,1291
29294,29294,0,1,0,0,1,557,1291
29295,29295,0,1,0,0,1,557,1291
29296,29296,0,1,1,1,1,557,1291
29297,29297,0,1,0,1,0,557,1291
29298,29298,0,1,0,1,0,557,1291
29299,29299,0,1,0,1,0,557,1291
29300,29300,0,1,1,1,0,557,1292
29301,29301,0,1,0,1,1,557,1292
29302,29302,0,1,0,1,1,557,1292
29303,29303,0,1,0,1,1,557,1292
29304,29304,0,1,1,1,1,557,1292
29305,29305,0,1,0,1,0,557,1292
29306,29306,0,1,0,1,0,557,1292
29307,29307,0,1,0,1,0,557,1292
29308,29308,0,1,1,1,0,557,1292
29309,29309,0,1,0,1,1,557,1292
29310,29310,0,1,0,1,1,557,1292
29311,29311,0,1,0,1,1,558,1292
29312,29312,0,1,1,1,1,558,1292
29313,29313,0,1,0,1,0,558,1292
29314,29314,0,1,0,1,0,558,1292
29315,29315,0,1,0,1,0,558,1292
29316,29316,0,1,1,0,0,558,1292
29317,29317,0,1,0,0,0,558,1292
29318,29318,0,1,0,0,0,558,1292
29319,29319,0,1,0,0,0,558,1292
29320,29320,0,1,1,0,0,558,1293
29321,29321,0,1,0,0,1,558,1293
29322,29322,0,1,0,0,1,558,1293
29323,29323,0,1,0,0,1,558,1293
29324,29324,0,1,1,0,1,558,1293
29325,29325,0,1,0,0,1,558,1293
29326,29326,0,1,0,0,1,558,1293
29327,29327,0,1,0,0,1,558,1293
29328,29328,0,1,1,0,1,558,1293
29329,29329,0,1,0,0,0,558,1293
29330,29330,0,1,0,0,0,558,1293
29331,29331,0,1,0,0,0,559,1293
29332,29332,0,1,1,0,0,559,1293
29333,29333,0,1,0,0,1,559,1293
29334,29334,0,1,0,0,1,559,1293
29335,29335,0,1,0,0,1,559,1293
29336,29336,0,1,1,0,1,559,1293
29337,29337,0,1,0,0,1,559,1293
29338,29338,0,1,0,0,1,559,1293
29339,29339,0,1,0,0,1,559,1293
29340,29340,0,1,1,0,1,559,1294
29341,29341,0,1,0,0,0,559,1294
29342,29342,0,1,0,0,0,559,1294
29343,29343,0,1,0,0,0,559,1294
29344,29344,0,1,1,0,0,559,1294
29345,29345,0,1,0,0,1,559,1294
29346,29346,0,1,0,0,1,559,1294
29347,29347,0,1,0,0,1,559,1294
29348,29348,0,1,1,0,1,559,1294
29349,29349,0,1,0,0,0,559,1294
29350,29350,0,1,0,0,0,559,1294
29351,29351,0,1,0,0,0,560,1294
29352,29352,0,1,1,0,0,560,1294
29353,29353,0,1,0,0,0,560,1294
29354,29354,0,1,0,0,0,560,1294
29355,29355,0,1,0,0,0,560,1294
29356,29356,0,1,1,0,0,560,1294
29357,29357,0,1,0,0,0,560,1294
29358,29358,0,1,0,0,0,560,1294
29359,29359,0,1,0,0,0,560,1294
29360,29360,0,1,1,0,0,560,1295
29361,29361,0,1,0,0,0,560,1295
29362,29362,0,1,0,0,0,560,1295
29363,29363,0,1,0,0,0,560,1295
29364,29364,0,1,1,0,0,560,1295
29365,29365,0,1,0,0,1,560,1295
29366,29366,0,1,0,0,1,560,1295
29367,29367,0,1,0,0,1,560,1295
29368,29368,0,1,1,0,1,560,1295
29369,29369,0,1,0,0,0,560,1295
29370,29370,0,1,0,0,0,560,1295
29371,29371,0,1,0,0,0,561,1295
29372,29372,0,1,1,0,0,561,1295
29373,29373,0,1,0,0,0,561,1295
29374,29374,0,1,0,0,0,561,1295
29375,29375,0,1,0,0,0,561,1295
29376,29376,0,1,1,0,0,561,1295
29377,29377,0,1,0,0,0,561,1295
29378,29378,0,1,0,0,0,561,1295
29379,29379,0,1,0,0,0,561,1295
29380,29380,0,1,1,0,0,561,1296
29381,29381,0,1,0,0,1,561,1296
29382,29382,0,1,0,0,1,561,1296
29383,29383,0,1,0,0,1,561,1296
29384,29384,0,1,1,0,1,561,1296
29385,29385,0,1,0,0,1,561,1296
29386,29386,0,1,0,0,1,561,1296
29387,29387,0,1,0,0,1,561,1296
29388,29388,0,1,1,0,1,561,1296
29389,29389,0,1,0,0,0,561,1296
29390,29390,0,1,0,0,0,561,1296
29391,29391,0,1,0,0,0,562,1296
29392,29392,0,1,1,0,0,562,1296
29393,29393,0,1,0,0,1,562,1296
29394,29394,0,1,0,0,1,562,1296
29395,29395,0,1,0,0,1,562,1296
29396,29396,0,1,1,0,1,562,1296
29397,29397,0,1,0,0,1,562,1296
29398,29398,0,1,0,0,1,562,1296
29399,29399,0,1,0,0,1,562,1296
29400,29400,0,1,1,0,1,562,1297
29401,29401,0,1,0,0,0,562,1297
29402,29402,0,1,0,0,0,562,1297
29403,29403,0,1,0,0,0,562,1297
29404,29404,0,1,1,0,0,562,1297
29405,29405,0,1,0,0,1,562,1297
29406,29406,0,1,0,0,1,562,1297
29407,29407,0,1,0,0,1,562,1297
29408,29408,0,1,1,0,1,562,1297
29409,29409,0,1,0,0,1,562,1297
29410,29410,0,1,0,0,1,562,1297
29411,29411,0,1,0,0,1,562,1297
29412,29412,0,1,1,0,1,562,1297
29413,29413,0,1,0,0,0,562,1297
29414,29414,0,1,0,0,0,562,1297
29415,29415,0,1,0,0,0,562,1297
29416,29416,0,1,1,0,0,562,1297
29417,29417,0,1,0,0,0,562,1297
29418,29418,0,1,0,0,0,562,1297
29419,29419,0,1,0,0,0,562,1297
29420,29420,0,1,1,0,0,562,1298
29421,29421,0,1,0,0,0,562,1298
29422,29422,0,1,0,0,0,562,1298
29423,29423,0,1,0,0,0,562,1298
29424,29424,0,1,1,0,0,562,1298
29425,29425,0,1,0,0,0,562,1298
29426,29426,0,1,0,0,0,562,1298
29427,29427,0,1,0,0,0,562,1298
29428,29428,0,1,1,0,0,562,1298
29429,29429,0,1,0,0,1,562,1298
29430,29430,0,1,0,0,1,562,1298
29431,29431,0,1,0,0,1,562,1298
29432,29432,0,1,1,0,1,562,1298
29433,29433,0,1,0,0,1,562,1298
29434,29434,0,1,0,0,1,562,1298
29435,29435,0,1,0,0,1,562,1298
29436,29436,0,1,1,0,1,562,1298
29437,29437,0,1,0,0,0,562,1298
29438,29438,0,1,0,0,0,562,1298
29439,29439,0,1,0,0,0,562,1298
29440,29440,0,1,1,0,0,562,1299
29441,29441,0,1,0,0,0,562,1299
29442,29442,0,1,0,0,0,562,1299
29443,29443,0,1,0,0,0,562,1299
29444,29444,0,1,1,0,0,562,1299
29445,29445,0,1,0,0,0,562,1299
29446,29446,0,1,0,0,0,562,1299
29447,29447,0,1,0,0,0,562,1299
29448,29448,0,1,1,0,0,562,1299
29449,29449,0,1,0,0,1,562,1299
29450,29450,0,1,0,0,1,562,1299
29451,29451,0,1,0,0,1,562,1299
29452,29452,0,1,1,0,1,562,1299
29453,29453,0,1,0,0,0,562,1299
29454,29454,0,1,0,0,0,562,1299
29455,29455,0,1,0,0,0,562,1299
29456,29456,0,1,1,1,0,562,1299
29457,29457,0,1,0,1,0,562,1299
29458,29458,0,1,0,1,0,562,1299
29459,29459,0,1,0,1,0,562,1299
29460,29460,0,1,1,1,0,562,1300
29461,29461,0,1,0,1,0,562,1300
29462,29462,0,1,0,1,0,562,1300
29463,29463,0,1,0,1,0,562,1300
29464,29464,0,1,1,1,0,562,1300
29465,29465,0,1,0,1,0,562,1300
29466,29466,0,1,0,1,0,562,1300
29467,29467,0,1,0,1,0,562,1300
29468,29468,0,1,1,1,0,562,1300
29469,29469,0,1,0,1,1,562,1300
29470,29470,0,1,0,1,1,562,1300
29471,29471,0,1,0,1,1,563,1300
29472,29472,0,1,1,1,1,563,1300
29473,29473,0,1,0,1,0,563,1300
29474,29474,0,1,0,1,0,563,1300
29475,29475,0,1,0,1,0,563,1300
29476,29476,0,1,1,0,0,563,1300
29477,29477,0,1,0,0,0,563,1300
29478,29478,0,1,0,0,0,563,1300
29479,29479,0,1,0,0,0,563,1300
29480,29480,0,1,1,0,0,563,1301
29481,29481,0,1,0,0,0,563,1301
29482,29482,0,1,0,0,0,563,1301
29483,29483,0,1,0,0,0,563,1301
29484,29484,0,1,1,0,0,563,1301
29485,29485,0,1,0,0,0,563,1301
29486,29486,0,1,0,0,0,563,1301
29487,29487,0,1,0,0,0,563,1301
29488,29488,0,1,1,0,0,563,1301
29489,29489,0,1,0,0,1,563,1301
29490,29490,0,1,0,0,1,563,1301
29491,29491,0,1,0,0,1,563,1301
29492,29492,0,1,1,0,1,563,1301
29493,29493,0,1,0,0,0,563,1301
29494,29494,0,1,0,0,0,563,1301
29495,29495,0,1,0,0,0,563,1301
29496,29496,0,1,1,0,0,563,1301
29497,29497,0,1,0,0,1,563,1301
29498,29498,0,1,0,0,1,563,1301
29499,29499,0,1,0,0,1,563,1301
29500,29500,0,1,1,0,1,563,1302
29501,29501,0,1,0,0,1,563,1302
29502,29502,0,1,0,0,1,563,1302
29503,29503,0,1,0,0,1,563,1302
29504,29504,0,1,1,0,1,563,1302
29505,29505,0,1,0,0,0,563,1302
29506,29506,0,1,0,0,0,563,1302
29507,29507,0,1,0,0,0,563,1302
29508,29508,0,1,1,0,0,563,1302
29509,29509,0,1,0,0,0,563,1302
29510,29510,0,1,0,0,0,563,1302
29511,29511,0,1,0,0,0,564,1302
29512,29512,0,1,1,0,0,564,1302
29513,29513,0,1,0,0,0,564,1302
29514,29514,0,1,0,0,0,564,1302
29515,29515,0,1,0,0,0,564,1302
29516,29516,0,1,1,0,0,564,1302
29517,29517,0,1,0,0,1,564,1302
29518,29518,0,1,0,0,1,564,1302
29519,29519,0,1,0,0,1,564,1302
29520,29520,0,1,1,0,1,564,1303
29521,29521,0,1,0,0,0,564,1303
29522,29522,0,1,0,0,0,564,1303
29523,29523,0,1,0,0,0,564,1303
29524,29524,0,1,1,0,0,564,1303
29525,29525,0,1,0,0,1,564,1303
29526,29526,0,1,0,0,1,564,1303
29527,29527,0,1,0,0,1,564,1303
29528,29528,0,1,1,0,1,564,1303
29529,29529,0,1,0,0,0,564,1303
29530,29530,0,1,0,0,0,564,1303
29531,29531,0,1,0,0,0,565,1303
29532,29532,0,1,1,0,0,565,1303
29533,29533,0,1,0,0,0,565,1303
29534,29534,0,1,0,0,0,565,1303
29535,29535,0,1,0,0,0,565,1303
29536,29536,0,1,1,0,0,565,1303
29537,29537,0,1,0,0,1,565,1303
29538,29538,0,1,0,0,1,565,1303
29539,29539,0,1,0,0,1,565,1303
29540,29540,0,1,1,0,1,565,1304
29541,29541,0,1,0,0,0,565,1304
29542,29542,0,1,0,0,0,565,1304
29543,29543,0,1,0,0,0,565,1304
29544,29544,0,1,1,0,0,565,1304
29545,29545,0,1,0,0,1,565,1304
29546,29546,0,1,0,0,1,565,1304
29547,29547,0,1,0,0,1,565,1304
29548,29548,0,1,1,0,1,565,1304
29549,29549,0,1,0,0,0,565,1304
29550,29550,0,1,0,0,0,565,1304
29551,29551,0,1,0,0,0,566,1304
29552,29552,0,1,1,0,0,566,1304
29553,29553,0,1,0,0,1,566,1304
29554,29554,0,1,0,0,1,566,1304
29555,29555,0,1,0,0,1,566,1304
29556,29556,0,1,1,1,1,566,1304
29557,29557,0,1,0,1,1,566,1304
29558,29558,0,1,0,1,1,566,1304
29559,29559,0,1,0,1,1,566,1304
29560,29560,0,1,1,1,1,566,1305
29561,29561,0,1,0,1,1,566,1305
29562,29562,0,1,0,1,1,566,1305
29563,29563,0,1,0,1,1,566,1305
29564,29564,0,1,1,1,1,566,1305
29565,29565,0,1,0,1,1,566,1305
29566,29566,0,1,0,1,1,566,1305
29567,29567,0,1,0,1,1,566,1305
29568,29568,0,1,1,1,1,566,1305
29569,29569,0,1,0,1,0,566,1305
29570,29570,0,1,0,1,0,566,1305
29571,29571,0,1,0,1,0,566,1305
29572,29572,0,1,1,1,0,566,1305
29573,29573,0,1,0,1,1,566,1305
29574,29574,0,1,0,1,1,566,1305
29575,29575,0,1,0,1,1,566,1305
29576,29576,0,1,1,1,1,566,1305
29577,29577,0,1,0,1,1,566,1305
29578,29578,0,1,0,1,1,566,1305
29579,29579,0,1,0,1,1,566,1305
29580,29580,0,1,1,1,1,566,1306
29581,29581,0,1,0,1,1,566,1306
29582,29582,0,1,0,1,1,566,1306
29583,29583,0,1,0,1,1,566,1306
29584,29584,0,1,1,1,1,566,1306
29585,29585,0,1,0,1,0,566,1306
29586,29586,0,1,0,1,0,566,1306
29587,29587,0,1,0,1,0,566,1306
29588,29588,0,1,1,1,0,566,1306
29589,29589,0,1,0,1,0,566,1306
29590,29590,0,1,0,1,0,566,1306
29591,29591,0,1,0,1,0,566,1306
29592,29592,0,1,1,1,0,566,1306
29593,29593,0,1,0,1,0,566,1306
29594,29594,0,1,0,1,0,566,1306
29595,29595,0,1,0,1,0,566,1306
29596,29596,0,1,1,1,0,566,1306
29597,29597,0,1,0,1,1,566,1306
29598,29598,0,1,0,1,1,566,1306
29599,29599,0,1,0,1,1,566,1306
29600,29600,0,1,1,1,1,566,1307
29601,29601,0,1,0,1,1,566,1307
29602,29602,0,1,0,1,1,566,1307
29603,29603,0,1,0,1,1,566,1307
29604,29604,0,1,1,1,1,566,1307
29605,29605,0,1,0,1,0,566,1307
29606,29606,0,1,0,1,0,566,1307
29607,29607,0,1,0,1,0,566,1307
29608,29608,0,1,1,1,0,566,1307
29609,29609,0,1,0,1,1,566,1307
29610,29610,0,1,0,1,1,566,1307
29611,29611,0,1,0,1,1,567,1307
29612,29612,0,1,1,1,1,567,1307
29613,29613,0,1,0,1,1,567,1307
29614,29614,0,1,0,1,1,567,1307
29615,29615,0,1,0,1,1,567,1307
29616,29616,0,1,1,1,1,567,1307
29617,29617,0,1,0,1,1,567,1307
29618,29618,0,1,0,1,1,567,1307
29619,29619,0,1,0,1,1,567,1307
29620,29620,0,1,1,1,1,567,1308
29621,29621,0,1,0,1,1,567,1308
29622,29622,0,1,0,1,1,567,1308
29623,29623,0,1,0,1,1,567,1308
29624,29624,0,1,1,1,1,567,1308
29625,29625,0,1,0,1,0,567,1308
29626,29626,0,1,0,1,0,567,1308
29627,29627,0,1,0,1,0,567,1308
29628,29628,0,1,1,1,0,567,1308
29629,29629,0,1,0,1,0,567,1308
29630,29630,0,1,0,1,0,567,1308
29631,29631,0,1,0,1,0,567,1308
29632,29632,0,1,1,1,0,567,1308
29633,29633,0,1,0,1,0,567,1308
29634,29634,0,1,0,1,0,567,1308
29635,29635,0,1,0,1,0,567,1308
29636,29636,0,1,1,1,0,567,1308
29637,29637,0,1,0,1,0,567,1308
29638,29638,0,1,0,1,0,567,1308
29639,29639,0,1,0,1,0,567,1308
29640,29640,0,1,1,1,0,567,1309
29641,29641,0,1,0,1,1,567,1309
29642,29642,0,1,0,1,1,567,1309
29643,29643,0,1,0,1,1,567,1309
29644,29644,0,1,1,1,1,567,1309
29645,29645,0,1,0,1,1,567,1309
29646,29646,0,1,0,1,1,567,1309
29647,29647,0,1,0,1,1,567,1309
29648,29648,0,1,1,1,1,567,1309
29649,29649,0,1,0,1,1,567,1309
29650,29650,0,1,0,1,1,567,1309
29651,29651,0,1,0,1,1,568,1309
29652,29652,0,1,1,1,1,568,1309
29653,29653,0,1,0,1,1,568,1309
29654,29654,0,1,0,1,1,568,1309
29655,29655,0,1,0,1,1,568,1309
29656,29656,0,1,1,1,1,568,1309
29657,29657,0,1,0,1,0,568,1309
29658,29658,0,1,0,1,0,568,1309
29659,29659,0,1,0,1,0,568,1309
29660,29660,0,1,1,1,0,568,1310
29661,29661,0,1,0,1,0,568,1310
29662,29662,0,1,0,1,0,568,1310
29663,29663,0,1,0,1,0,568,1310
29664,29664,0,1,1,1,0,568,1310
29665,29665,0,1,0,1,0,568,1310
29666,29666,0,1,0,1,0,568,1310
29667,29667,0,1,0,1,0,568,1310
29668,29668,0,1,1,1,0,568,1310
29669,29669,0,1,0,1,1,568,1310
29670,29670,0,1,0,1,1,568,1310
29671,29671,0,1,0,1,1,569,1310
29672,29672,0,1,1,1,1,569,1310
29673,29673,0,1,0,1,1,569,1310
29674,29674,0,1,0,1,1,569,1310
29675,29675,0,1,0,1,1,569,1310
29676,29676,0,1,1,1,1,569,1310
29677,29677,0,1,0,1,1,569,1310
29678,29678,0,1,0,1,1,569,1310
29679,29679,0,1,0,1,1,569,1310
29680,29680,0,1,1,1,1,569,1311
29681,29681,0,1,0,1,0,569,1311
29682,29682,0,1,0,1,0,569,1311
29683,29683,0,1,0,1,0,569,1311
29684,29684,0,1,1,1,0,569,1311
29685,29685,0,1,0,1,1,569,1311
29686,29686,0,1,0,1,1,569,1311
29687,29687,0,1,0,1,1,569,1311
29688,29688,0,1,1,1,1,569,1311
29689,29689,0,1,0,1,1,569,1311
29690,29690,0,1,0,1,1,569,1311
29691,29691,0,1,0,1,1,570,1311
29692,29692,0,1,1,1,1,570,1311
29693,29693,0,1,0,1,1,570,1311
29694,29694,0,1,0,1,1,570,1311
29695,29695,0,1,0,1,1,570,1311
29696,29696,0,1,1,0,1,570,1311
29697,29697,0,1,0,0,0,570,1311
29698,29698,0,1,0,0,0,570,1311
29699,29699,0,1,0,0,0,570,1311
29700,29700,0,1,1,0,0,570,1312
29701,29701,0,1,0,0,0,570,1312
29702,29702,0,1,0,0,0,570,1312
29703,29703,0,1,0,0,0,570,1312
29704,29704,0,1,1,0,0,570,1312
29705,29705,0,1,0,0,1,570,1312
29706,29706,0,1,0,0,1,570,1312
29707,29707,0,1,0,0,1,570,1312
29708,29708,0,1,1,0,1,570,1312
29709,29709,0,1,0,0,0,570,1312
29710,29710,0,1,0,0,0,570,1312
29711,29711,0,1,0,0,0,571,1312
29712,29712,0,1,1,0,0,571,1312
29713,29713,0,1,0,0,1,571,1312
29714,29714,0,1,0,0,1,571,1312
29715,29715,0,1,0,0,1,571,1312
29716,29716,0,1,1,0,1,571,1312
29717,29717,0,1,0,0,1,571,1312
29718,29718,0,1,0,0,1,571,1312
29719,29719,0,1,0,0,1,571,1312
29720,29720,0,1,1,0,1,571,1313
29721,29721,0,1,0,0,0,571,1313
29722,29722,0,1,0,0,0,571,1313
29723,29723,0,1,0,0,0,571,1313
29724,29724,0,1,1,0,0,571,1313
29725,29725,0,1,0,0,1,571,1313
29726,29726,0,1,0,0,1,571,1313
29727,29727,0,1,0,0,1,571,1313
29728,29728,0,1,1,0,1,571,1313
29729,29729,0,1,0,0,1,571,1313
29730,29730,0,1,0,0,1,571,1313
29731,29731,0,1,0,0,1,571,1313
29732,29732,0,1,1,0,1,571,1313
29733,29733,0,1,0,0,1,571,1313
29734,29734,0,1,0,0,1,571,1313
29735,29735,0,1,0,0,1,571,1313
29736,29736,0,1,1,1,1,571,1313
29737,29737,0,1,0,1,1,571,1313
29738,29738,0,1,0,1,1,571,1313
29739,29739,0,1,0,1,1,571,1313
29740,29740,0,1,1,1,1,571,1314
29741,29741,0,1,0,1,1,571,1314
29742,29742,0,1,0,1,1,571,1314
29743,29743,0,1,0,1,1,571,1314
29744,29744,0,1,1,1,1,571,1314
29745,29745,0,1,0,1,0,571,1314
29746,29746,0,1,0,1,0,571,1314
29747,29747,0,1,0,1,0,571,1314
29748,29748,0,1,1,1,0,571,1314
29749,29749,0,1,0,1,1,571,1314
29750,29750,0,1,0,1,1,571,1314
29751,29751,0,1,0,1,1,572,1314
29752,29752,0,1,1,1,1,572,1314
29753,29753,0,1,0,1,1,572,1314
29754,29754,0,1,0,1,1,572,1314
29755,29755,0,1,0,1,1,572,1314
29756,29756,0,1,1,0,1,572,1314
29757,29757,0,1,0,0,1,572,1314
29758,29758,0,1,0,0,1,572,1314
29759,29759,0,1,0,0,1,572,1314
29760,29760,0,1,1,0,1,572,1315
29761,29761,0,1,0,0,1,572,1315
29762,29762,0,1,0,0,1,572,1315
29763,29763,0,1,0,0,1,572,1315
29764,29764,0,1,1,0,1,572,1315
29765,29765,0,1,0,0,0,572,1315
29766,29766,0,1,0,0,0,572,1315
29767,29767,0,1,0,0,0,572,1315
29768,29768,0,1,1,0,0,572,1315
29769,29769,0,1,0,0,1,572,1315
29770,29770,0,1,0,0,1,572,1315
29771,29771,0,1,0,0,1,572,1315
29772,29772,0,1,1,0,1,572,1315
29773,29773,0,1,0,0,0,572,1315
29774,29774,0,1,0,0,0,572,1315
29775,29775,0,1,0,0,0,572,1315
29776,29776,0,1,1,1,0,572,1315
29777,29777,0,1,0,1,0,572,1315
29778,29778,0,1,0,1,0,572,1315
29779,29779,0,1,0,1,0,572,1315
29780,29780,0,1,1,1,0,572,1316
29781,29781,0,1,0,1,1,572,1316
29782,29782,0,1,0,1,1,572,1316
29783,29783,0,1,0,1,1,572,1316
29784,29784,0,1,1,1,1,572,1316
29785,29785,0,1,0,1,1,572,1316
29786,29786,0,1,0,1,1,572,1316
29787,29787,0,1,0,1,1,572,1316
29788,29788,0,1,1,1,1,572,1316
29789,29789,0,1,0,1,1,572,1316
29790,29790,0,1,0,1,1,572,1316
29791,29791,0,1,0,1,1,573,1316
29792,29792,0,1,1,1,1,573,1316
29793,29793,0,1,0,1,1,573,1316
29794,29794,0,1,0,1,1,573,1316
29795,29795,0,1,0,1,1,573,1316
29796,29796,0,1,1,1,1,573,1316
29797,29797,0,1,0,1,1,573,1316
29798,29798,0,1,0,1,1,573,1316
29799,29799,0,1,0,1,1,573,1316
29800,29800,0,1,1,1,1,573,1317
29801,29801,0,1,0,1,0,573,1317
29802,29802,0,1,0,1,0,573,1317
29803,29803,0,1,0,1,0,573,1317
29804,29804,0,1,1,1,0,573,1317
29805,29805,0,1,0,1,0,573,1317
29806,29806,0,1,0,1,0,573,1317
29807,29807,0,1,0,1,0,573,1317
29808,29808,0,1,1,1,0,573,1317
29809,29809,0,1,0,1,0,573,1317
29810,29810,0,1,0,1,0,573,1317
29811,29811,0,1,0,1,0,573,1317
29812,29812,0,1,1,1,0,573,1317
29813,29813,0,1,0,1,0,573,1317
29814,29814,0,1,0,1,0,573,1317
29815,29815,0,1,0,1,0,573,1317
29816,29816,0,1,1,1,0,573,1317
29817,29817,0,1,0,1,1,573,1317
29818,29818,0,1,0,1,1,573,1317
29819,29819,0,1,0,1,1,573,1317
29820,29820,0,1,1,1,1,573,1318
29821,29821,0,1,0,1,1,573,1318
29822,29822,0,1,0,1,1,573,1318
29823,29823,0,1,0,1,1,573,1318
29824,29824,0,1,1,1,1,573,1318
29825,29825,0,1,0,1,0,573,1318
29826,29826,0,1,0,1,0,573,1318
29827,29827,0,1,0,1,0,573,1318
29828,29828,0,1,1,1,0,573,1318
29829,29829,0,1,0,1,0,573,1318
29830,29830,0,1,0,1,0,573,1318
29831,29831,0,1,0,1,0,573,1318
29832,29832,0,1,1,1,0,573,1318
29833,29833,0,1,0,1,0,573,1318
29834,29834,0,1,0,1,0,573,1318
29835,29835,0,1,0,1,0,573,1318
29836,29836,0,1,1,0,0,573,1318
29837,29837,0,1,0,0,0,573,1318
29838,29838,0,1,0,0,0,573,1318
29839,29839,0,1,0,0,0,573,1318
29840,29840,0,1,1,0,0,573,1319
29841,29841,0,1,0,0,1,573,1319
29842,29842,0,1,0,0,1,573,1319
29843,29843,0,1,0,0,1,573,1319
29844,29844,0,1,1,0,1,573,1319
29845,29845,0,1,0,0,0,573,1319
29846,29846,0,1,0,0,0,573,1319
29847,29847,0,1,0,0,0,573,1319
29848,29848,0,1,1,0,0,573,1319
29849,29849,0,1,0,0,0,573,1319
29850,29850,0,1,0,0,0,573,1319
29851,29851,0,1,0,0,0,574,1319
29852,29852,0,1,1,0,0,574,1319
29853,29853,0,1,0,0,1,574,1319
29854,29854,0,1,0,0,1,574,1319
29855,29855,0,1,0,0,1,574,1319
29856,29856,0,1,1,0,1,574,1319
29857,29857,0,1,0,0,0,574,1319
29858,29858,0,1,0,0,0,574,1319
29859,29859,0,1,0,0,0,574,1319
29860,29860,0,1,1,0,0,574,1320
29861,29861,0,1,0,0,0,574,1320
29862,29862,0,1,0,0,0,574,1320
29863,29863,0,1,0,0,0,574,1320
29864,29864,0,1,1,0,0,574,1320
29865,29865,0,1,0,0,0,574,1320
29866,29866,0,1,0,0,0,574,1320
29867,29867,0,1,0,0,0,574,1320
29868,29868,0,1,1,0,0,574,1320
29869,29869,0,1,0,0,1,574,1320
29870,29870,0,1,0,0,1,574,1320
29871,29871,0,1,0,0,1,574,1320
29872,29872,0,1,1,0,1,574,1320
29873,29873,0,1,0,0,1,574,1320
29874,29874,0,1,0,0,1,574,1320
29875,29875,0,1,0,0,1,574,1320
29876,29876,0,1,1,1,1,574,1320
29877,29877,0,1,0,1,0,574,1320
29878,29878,0,1,0,1,0,574,1320
29879,29879,0,1,0,1,0,574,1320
29880,29880,0,1,1,1,0,574,1321
29881,29881,0,1,0,1,0,574,1321
29882,29882,0,1,0,1,0,574,1321
29883,29883,0,1,0,1,0,574,1321
29884,29884,0,1,1,1,0,574,1321
29885,29885,0,1,0,1,1,574,1321
29886,29886,0,1,0,1,1,574,1321
29887,29887,0,1,0,1,1,574,1321
29888,29888,0,1,1,1,1,574,1321
29889,29889,0,1,0,1,1,574,1321
29890,29890,0,1,0,1,1,574,1321
29891,29891,0,1,0,1,1,575,1321
29892,29892,0,1,1,1,1,575,1321
29893,29893,0,1,0,1,1,575,1321
29894,29894,0,1,0,1,1,575,1321
29895,29895,0,1,0,1,1,575,1321
29896,29896,0,1,1,1,1,575,1321
29897,29897,0,1,0,1,1,575,1321
29898,29898,0,1,0,1,1,575,1321
29899,29899,0,1,0,1,1,575,1321
29900,29900,0,1,1,1,1,575,1322
29901,29901,0,1,0,1,0,575,1322
29902,29902,0,1,0,1,0,575,1322
29903,29903,0,1,0,1,0,575,1322
29904,29904,0,1,1,1,0,575,1322
29905,29905,0,1,0,1,1,575,1322
29906,29906,0,1,0,1,1,575,1322
29907,29907,0,1,0,1,1,575,1322
29908,29908,0,1,1,1,1,575,1322
29909,29909,0,1,0,1,0,575,1322
29910,29910,0,1,0,1,0,575,1322
29911,29911,0,1,0,1,0,575,1322
29912,29912,0,1,1,1,0,575,1322
29913,29913,0,1,0,1,0,575,1322
29914,29914,0,1,0,1,0,575,1322
29915,29915,0,1,0,1,0,575,1322
29916,29916,0,1,1,0,0,575,1322
29917,29917,0,1,0,0,1,575,1322
29918,29918,0,1,0,0,1,575,1322
29919,29919,0,1,0,0,1,575,1322
29920,29920,0,1,1,0,1,575,1323
29921,29921,0,1,0,0,0,575,1323
29922,29922,0,1,0,0,0,575,1323
29923,29923,0,1,0,0,0,575,1323
29924,29924,0,1,1,0,0,575,1323
29925,29925,0,1,0,0,0,575,1323
29926,29926,0,1,0,0,0,575,1323
29927,29927,0,1,0,0,0,575,1323
29928,29928,0,1,1,0,0,575,1323
29929,29929,0,1,0,0,1,575,1323
29930,29930,0,1,0,0,1,575,1323
29931,29931,0,1,0,0,1,575,1323
29932,29932,0,1,1,0,1,575,1323
29933,29933,0,1,0,0,0,575,1323
29934,29934,0,1,0,0,0,575,1323
29935,29935,0,1,0,0,0,575,1323
29936,29936,0,1,1,1,0,575,1323
29937,29937,0,1,0,1,0,575,1323
29938,29938,0,1,0,1,0,575,1323
29939,29939,0,1,0,1,0,575,1323
29940,29940,0,1,1,1,0,575,1324
29941,29941,0,1,0,1,0,575,1324
29942,29942,0,1,0,1,0,575,1324
29943,29943,0,1,0,1,0,575,1324
29944,29944,0,1,1,1,0,575,1324
29945,29945,0,1,0,1,0,575,1324
29946,29946,0,1,0,1,0,575,1324
29947,29947,0,1,0,1,0,575,1324
29948,29948,0,1,1,1,0,575,1324
29949,29949,0,1,0,1,1,575,1324
29950,29950,0,1,0,1,1,575,1324
29951,29951,0,1,0,1,1,576,1324
29952,29952,0,1,1,1,1,576,1324
29953,29953,0,1,0,1,0,576,1324
29954,29954,0,1,0,1,0,576,1324
29955,29955,0,1,0,1,0,576,1324
29956,29956,0,1,1,1,0,576,1324
29957,29957,0,1,0,1,0,576,1324
29958,29958,0,1,0,1,0,576,1324
29959,29959,0,1,0,1,0,576,1324
29960,29960,0,1,1,1,0,576,1325
29961,29961,0,1,0,1,1,576,1325
29962,29962,0,1,0,1,1,576,1325
29963,29963,0,1,0,1,1,576,1325
29964,29964,0,1,1,1,1,576,1325
29965,29965,0,1,0,1,0,576,1325
29966,29966,0,1,0,1,0,576,1325
29967,29967,0,1,0,1,0,576,1325
29968,29968,0,1,1,1,0,576,1325
29969,29969,0,1,0,1,0,576,1325
29970,29970,0,1,0,1,0,576,1325
29971,29971,0,1,0,1,0,576,1325
29972,29972,0,1,1,1,0,576,1325
29973,29973,0,1,0,1,0,576,1325
29974,29974,0,1,0,1,0,576,1325
29975,29975,0,1,0,1,0,576,1325
29976,29976,0,1,1,0,0,576,1325
29977,29977,0,1,0,0,1,576,1325
29978,29978,0,1,0,0,1,576,1325
29979,29979,0,1,0,0,1,576,1325
29980,29980,0,1,1,0,1,576,1326
29981,29981,0,1,0,0,1,576,1326
29982,29982,0,1,0,0,1,576,1326
29983,29983,0,1,0,0,1,576,1326
29984,29984,0,1,1,0,1,576,1326
29985,29985,0,1,0,0,1,576,1326
29986,29986,0,1,0,0,1,576,1326
29987,29987,0,1,0,0,1,576,1326
29988,29988,0,1,1,0,1,576,1326
29989,29989,0,1,0,0,0,576,1326
29990,29990,0,1,0,0,0,576,1326
29991,29991,0,1,0,0,0,577,1326
29992,29992,0,1,1,0,0,577,1326
29993,29993,0,1,0,0,0,577,1326
29994,29994,0,1,0,0,0,577,1326
29995,29995,0,1,0,0,0,577,1326
29996,29996,0,1,1,0,0,577,1326
29997,29997,0,1,0,0,0,577,1326
29998,29998,0,1,0,0,0,577,1326
29999,29999,0,1,0,0,0,577,1326
30000,30000,0,1,1,0,0,577,1327
30001,30001,0,1,0,0,1,577,1327
30002,30002,0,1,0,0,1,577,1327
30003,30003,0,1,0,0,1,577,1327
30004,30004,0,1,1,0,1,577,1327
30005,30005,0,1,0,0,0,577,1327
30006,30006,0,1,0,0,0,577,1327
30007,30007,0,1,0,0,0,577,1327
30008,30008,0,1,1,0,0,577,1327
30009,30009,0,1,0,0,1,577,1327
30010,30010,0,1,0,0,1,577,1327
30011,30011,0,1,0,0,1,577,1327
30012,30012,0,1,1,0,1,577,1327
30013,30013,0,1,0,0,1,577,1327
30014,30014,0,1,0,0,1,577,1327
30015,30015,0,1,0,0,1,577,1327
30016,30016,0,1,1,0,1,577,1327
30017,30017,0,1,0,0,0,577,1327
30018,30018,0,1,0,0,0,577,1327
30019,30019,0,1,0,0,0,577,1327
30020,30020,0,1,1,0,0,577,1328
30021,30021,0,1,0,0,1,577,1328
30022,30022,0,1,0,0,1,577,1328
30023,30023,0,1,0,0,1,577,1328
30024,30024,0,1,1,0,1,577,1328
30025,30025,0,1,0,0,1,577,1328
30026,30026,0,1,0,0,1,577,1328
30027,30027,0,1,0,0,1,577,1328
30028,30028,0,1,1,0,1,577,1328
30029,30029,0,1,0,0,1,577,1328
30030,30030,0,1,0,0,1,577,1328
30031,30031,0,1,0,0,1,577,1328
30032,30032,0,1,1,0,1,577,1328
30033,30033,0,1,0,0,1,577,1328
30034,30034,0,1,0,0,1,577,1328
30035,30035,0,1,0,0,1,577,1328
30036,30036,0,1,1,0,1,577,1328
30037,30037,0,1,0,0,0,577,1328
30038,30038,0,1,0,0,0,577,1328
30039,30039,0,1,0,0,0,577,1328
30040,30040,0,1,1,0,0,577,1329
30041,30041,0,1,0,0,1,577,1329
30042,30042,0,1,0,0,1,577,1329
30043,30043,0,1,0,0,1,577,1329
30044,30044,0,1,1,0,1,577,1329
30045,30045,0,1,0,0,0,577,1329
30046,30046,0,1,0,0,0,577,1329
30047,30047,0,1,0,0,0,577,1329
30048,30048,0,1,1,0,0,577,1329
30049,30049,0,1,0,0,0,577,1329
30050,30050,0,1,0,0,0,577,1329
30051,30051,0,1,0,0,0,578,1329
30052,30052,0,1,1,0,0,578,1329
30053,30053,0,1,0,0,0,578,1329
30054,30054,0,1,0,0,0,578,1329
30055,30055,0,1,0,0,0,578,1329
30056,30056,0,1,1,1,0,578,1329
30057,30057,0,1,0,1,0,578,1329
30058,30058,0,1,0,1,0,578,1329
30059,30059,0,1,0,1,0,578,1329
30060,30060,0,1,1,1,0,578,1330
30061,30061,0,1,0,1,0,578,1330
30062,30062,0,1,0,1,0,578,1330
30063,30063,0,1,0,1,0,578,1330
30064,30064,0,1,1,1,0,578,1330
30065,30065,0,1,0,1,1,578,1330
30066,30066,0,1,0,1,1,578,1330
30067,30067,0,1,0,1,1,578,1330
30068,30068,0,1,1,1,1,578,1330
30069,30069,0,1,0,1,1,578,1330
30070,30070,0,1,0,1,1,578,1330
30071,30071,0,1,0,1,1,579,1330
30072,30072,0,1,1,1,1,579,1330
30073,30073,0,1,0,1,1,579,1330
30074,30074,0,1,0,1,1,579,1330
30075,30075,0,1,0,1,1,579,1330
30076,30076,0,1,1,0,1,579,1330
30077,30077,0,1,0,0,1,579,1330
30078,30078,0,1,0,0,1,579,1330
30079,30079,0,1,0,0,1,579,1330
30080,30080,0,1,1,0,1,579,1331
30081,30081,0,1,0,0,0,579,1331
30082,30082,0,1,0,0,0,579,1331
30083,30083,0,1,0,0,0,579,1331
30084,30084,0,1,1,0,0,579,1331
30085,30085,0,1,0,0,1,579,1331
30086,30086,0,1,0,0,1,579,1331
30087,30087,0,1,0,0,1,579,1331
30088,30088,0,1,1,0,1,579,1331
30089,30089,0,1,0,0,1,579,1331
30090,30090,0,1,0,0,1,579,1331
30091,30091,0,1,0,0,1,579,1331
30092,30092,0,1,1,0,1,579,1331
30093,30093,0,1,0,0,1,579,1331
30094,30094,0,1,0,0,1,579,1331
30095,30095,0,1,0,0,1,579,1331
30096,30096,0,1,1,0,1,579,1331
30097,30097,0,1,0,0,1,579,1331
30098,30098,0,1,0,0,1,579,1331
30099,30099,0,1,0,0,1,579,1331
30100,30100,0,1,1,0,1,579,1332
30101,30101,0,1,0,0,1,579,1332
30102,30102,0,1,0,0,1,579,1332
30103,30103,0,1,0,0,1,579,1332
30104,30104,0,1,1,0,1,579,1332
30105,30105,0,1,0,0,1,579,1332
30106,30106,0,1,0,0,1,579,1332
30107,30107,0,1,0,0,1,579,1332
30108,30108,0,1,1,0,1,579,1332
30109,30109,0,1,0,0,1,579,1332
30110,30110,0,1,0,0,1,579,1332
30111,30111,0,1,0,0,1,579,1332
30112,30112,0,1,1,0,1,579,1332
30113,30113,0,1,0,0,0,579,1332
30114,30114,0,1,0,0,0,579,1332
30115,30115,0,1,0,0,0,579,1332
30116,30116,0,1,1,1,0,579,1332
30117,30117,0,1,0,1,0,579,1332
30118,30118,0,1,0,1,0,579,1332
30119,30119,0,1,0,1,0,579,1332
30120,30120,0,1,1,1,0,579,1333
30121,30121,0,1,0,1,1,579,1333
30122,30122,0,1,0,1,1,579,1333
30123,30123,0,1,0,1,1,579,1333
30124,30124,0,1,1,1,1,579,1333
30125,30125,0,1,0,1,1,579,1333
30126,30126,0,1,0,1,1,579,1333
30127,30127,0,1,0,1,1,579,1333
30128,30128,0,1,1,1,1,579,1333
30129,30129,0,1,0,1,1,579,1333
30130,30130,0,1,0,1,1,579,1333
30131,30131,0,1,0,1,1,580,1333
30132,30132,0,1,1,1,1,580,1333
30133,30133,0,1,0,1,1,580,1333
30134,30134,0,1,0,1,1,580,1333
30135,30135,0,1,0,1,1,580,1333
30136,30136,0,1,1,0,1,580,1333
30137,30137,0,1,0,0,1,580,1333
30138,30138,0,1,0,0,1,580,1333
30139,30139,0,1,0,0,1,580,1333
30140,30140,0,1,1,0,1,580,1334
30141,30141,0,1,0,0,1,580,1334
30142,30142,0,1,0,0,1,580,1334
30143,30143,0,1,0,0,1,580,1334
30144,30144,0,1,1,0,1,580,1334
30145,30145,0,1,0,0,0,580,1334
30146,30146,0,1,0,0,0,580,1334
30147,30147,0,1,0,0,0,580,1334
30148,30148,0,1,1,0,0,580,1334
30149,30149,0,1,0,0,0,580,1334
30150,30150,0,1,0,0,0,580,1334
30151,30151,0,1,0,0,0,581,1334
30152,30152,0,1,1,0,0,581,1334
30153,30153,0,1,0,0,1,581,1334
30154,30154,0,1,0,0,1,581,1334
30155,30155,0,1,0,0,1,581,1334
30156,30156,0,1,1,1,1,581,1334
30157,30157,0,1,0,1,1,581,1334
30158,30158,0,1,0,1,1,581,1334
30159,30159,0,1,0,1,1,581,1334
30160,30160,0,1,1,1,1,581,1335
30161,30161,0,1,0,1,1,581,1335
30162,30162,0,1,0,1,1,581,1335
30163,30163,0,1,0,1,1,581,1335
30164,30164,0,1,1,1,1,581,1335
30165,30165,0,1,0,1,1,581,1335
30166,30166,0,1,0,1,1,581,1335
30167,30167,0,1,0,1,1,581,1335
30168,30168,0,1,1,1,1,581,1335
30169,30169,0,1,0,1,0,581,1335
30170,30170,0,1,0,1,0,581,1335
30171,30171,0,1,0,1,0,581,1335
30172,30172,0,1,1,1,0,581,1335
30173,30173,0,1,0,1,1,581,1335
30174,30174,0,1,0,1,1,581,1335
30175,30175,0,1,0,1,1,581,1335
30176,30176,0,1,1,0,1,581,1335
30177,30177,0,1,0,0,0,581,1335
30178,30178,0,1,0,0,0,581,1335
30179,30179,0,1,0,0,0,581,1335
30180,30180,0,1,1,0,0,581,1336
30181,30181,0,1,0,0,0,581,1336
30182,30182,0,1,0,0,0,581,1336
30183,30183,0,1,0,0,0,581,1336
30184,30184,0,1,1,0,0,581,1336
30185,30185,0,1,0,0,1,581,1336
30186,30186,0,1,0,0,1,581,1336
30187,30187,0,1,0,0,1,581,1336
30188,30188,0,1,1,0,1,581,1336
30189,30189,0,1,0,0,1,581,1336
30190,30190,0,1,0,0,1,581,1336
30191,30191,0,1,0,0,1,581,1336
30192,30192,0,1,1,0,1,581,1336
30193,30193,0,1,0,0,0,581,1336
30194,30194,0,1,0,0,0,581,1336
30195,30195,0,1,0,0,0,581,1336
30196,30196,0,1,1,1,0,581,1336
30197,30197,0,1,0,1,1,581,1336
30198,30198,0,1,0,1,1,581,1336
30199,30199,0,1,0,1,1,581,1336
30200,30200,0,1,1,1,1,581,1337
30201,30201,0,1,0,1,1,581,1337
30202,30202,0,1,0,1,1,581,1337
30203,30203,0,1,0,1,1,581,1337
30204,30204,0,1,1,1,1,581,1337
30205,30205,0,1,0,1,1,581,1337
30206,30206,0,1,0,1,1,581,1337
30207,30207,0,1,0,1,1,581,1337
30208,30208,0,1,1,1,1,581,1337
30209,30209,0,1,0,1,1,581,1337
30210,30210,0,1,0,1,1,581,1337
30211,30211,0,1,0,1,1,582,1337
30212,30212,0,1,1,1,1,582,1337
30213,30213,0,1,0,1,1,582,1337
30214,30214,0,1,0,1,1,582,1337
30215,30215,0,1,0,1,1,582,1337
30216,30216,0,1,1,0,1,582,1337
30217,30217,0,1,0,0,1,582,1337
30218,30218,0,1,0,0,1,582,1337
30219,30219,0,1,0,0,1,582,1337
30220,30220,0,1,1,0,1,582,1338
30221,30221,0,1,0,0,0,582,1338
30222,30222,0,1,0,0,0,582,1338
30223,30223,0,1,0,0,0,582,1338
30224,30224,0,1,1,0,0,582,1338
30225,30225,0,1,0,0,1,582,1338
30226,30226,0,1,0,0,1,582,1338
30227,30227,0,1,0,0,1,582,1338
30228,30228,0,1,1,0,1,582,1338
30229,30229,0,1,0,0,1,582,1338
30230,30230,0,1,0,0,1,582,1338
30231,30231,0,1,0,0,1,582,1338
30232,30232,0,1,1,0,1,582,1338
30233,30233,0,1,0,0,0,582,1338
30234,30234,0,1,0,0,0,582,1338
30235,30235,0,1,0,0,0,582,1338
30236,30236,0,1,1,0,0,582,1338
30237,30237,0,1,0,0,1,582,1338
30238,30238,0,1,0,0,1,582,1338
30239,30239,0,1,0,0,1,582,1338
30240,30240,0,1,1,0,1,582,1339
30241,30241,0,1,0,0,1,582,1339
30242,30242,0,1,0,0,1,582,1339
30243,30243,0,1,0,0,1,582,1339
30244,30244,0,1,1,0,1,582,1339
30245,30245,0,1,0,0,1,582,1339
30246,30246,0,1,0,0,1,582,1339
30247,30247,0,1,0,0,1,582,1339
30248,30248,0,1,1,0,1,582,1339
30249,30249,0,1,0,0,1,582,1339
30250,30250,0,1,0,0,1,582,1339
30251,30251,0,1,0,0,1,582,1339
30252,30252,0,1,1,0,1,582,1339
30253,30253,0,1,0,0,1,582,1339
30254,30254,0,1,0,0,1,582,1339
30255,30255,0,1,0,0,1,582,1339
30256,30256,0,1,1,0,1,582,1339
30257,30257,0,1,0,0,0,582,1339
30258,30258,0,1,0,0,0,582,1339
30259,30259,0,1,0,0,0,582,1339
30260,30260,0,1,1,0,0,582,1340
30261,30261,0,1,0,0,1,582,1340
30262,30262,0,1,0,0,1,582,1340
30263,30263,0,1,0,0,1,582,1340
30264,30264,0,1,1,0,1,582,1340
30265,30265,0,1,0,0,1,582,1340
30266,30266,0,1,0,0,1,582,1340
30267,30267,0,1,0,0,1,582,1340
30268,30268,0,1,1,0,1,582,1340
30269,30269,0,1,0,0,0,582,1340
30270,30270,0,1,0,0,0,582,1340
30271,30271,0,1,0,0,0,583,1340
30272,30272,0,1,1,0,0,583,1340
30273,30273,0,1,0,0,1,583,1340
30274,30274,0,1,0,0,1,583,1340
30275,30275,0,1,0,0,1,583,1340
30276,30276,0,1,1,0,1,583,1340
30277,30277,0,1,0,0,0,583,1340
30278,30278,0,1,0,0,0,583,1340
30279,30279,0,1,0,0,0,583,1340
30280,30280,0,1,1,0,0,583,1341
30281,30281,0,1,0,0,1,583,1341
30282,30282,0,1,0,0,1,583,1341
30283,30283,0,1,0,0,1,583,1341
30284,30284,0,1,1,0,1,583,1341
30285,30285,0,1,0,0,1,583,1341
30286,30286,0,1,0,0,1,583,1341
30287,30287,0,1,0,0,1,583,1341
30288,30288,0,1,1,0,1,583,1341
30289,30289,0,1,0,0,1,583,1341
30290,30290,0,1,0,0,1,583,1341
30291,30291,0,1,0,0,1,583,1341
30292,30292,0,1,1,0,1,583,1341
30293,30293,0,1,0,0,1,583,1341
30294,30294,0,1,0,0,1,583,1341
30295,30295,0,1,0,0,1,583,1341
30296,30296,0,1,1,1,1,583,1341
30297,30297,0,1,0,1,0,583,1341
30298,30298,0,1,0,1,0,583,1341
30299,30299,0,1,0,1,0,583,1341
30300,30300,0,1,1,1,0,583,1342
30301,30301,0,1,0,1,0,583,1342
30302,30302,0,1,0,1,0,583,1342
30303,30303,0,1,0,1,0,583,1342
30304,30304,0,1,1,1,0,583,1342
30305,30305,0,1,0,1,0,583,1342
30306,30306,0,1,0,1,0,583,1342
30307,30307,0,1,0,1,0,583,1342
30308,30308,0,1,1,1,0,583,1342
30309,30309,0,1,0,1,0,583,1342
30310,30310,0,1,0,1,0,583,1342
30311,30311,0,1,0,1,0,583,1342
30312,30312,0,1,1,1,0,583,1342
30313,30313,0,1,0,1,1,583,1342
30314,30314,0,1,0,1,1,583,1342
30315,30315,0,1,0,1,1,583,1342
30316,30316,0,1,1,1,1,583,1342
30317,30317,0,1,0,1,0,583,1342
30318,30318,0,1,0,1,0,583,1342
30319,30319,0,1,0,1,0,583,1342
30320,30320,0,1,1,1,0,583,1343
30321,30321,0,1,0,1,0,583,1343
30322,30322,0,1,0,1,0,583,1343
30323,30323,0,1,0,1,0,583,1343
30324,30324,0,1,1,1,0,583,1343
30325,30325,0,1,0,1,1,583,1343
30326,30326,0,1,0,1,1,583,1343
30327,30327,0,1,0,1,1,583,1343
30328,30328,0,1,1,1,1,583,1343
30329,30329,0,1,0,1,0,583,1343
30330,30330,0,1,0,1,0,583,1343
30331,30331,0,1,0,1,0,583,1343
30332,30332,0,1,1,1,0,583,1343
30333,30333,0,1,0,1,1,583,1343
30334,30334,0,1,0,1,1,583,1343
30335,30335,0,1,0,1,1,583,1343
30336,30336,0,1,1,0,1,583,1343
30337,30337,0,1,0,0,1,583,1343
30338,30338,0,1,0,0,1,583,1343
30339,30339,0,1,0,0,1,583,1343
30340,30340,0,1,1,0,1,583,1344
30341,30341,0,1,0,0,0,583,1344
30342,30342,0,1,0,0,0,583,1344
30343,30343,0,1,0,0,0,583,1344
30344,30344,0,1,1,0,0,583,1344
30345,30345,0,1,0,0,1,583,1344
30346,30346,0,1,0,0,1,583,1344
30347,30347,0,1,0,0,1,583,1344
30348,30348,0,1,1,0,1,583,1344
30349,30349,0,1,0,0,0,583,1344
30350,30350,0,1,0,0,0,583,1344
30351,30351,0,1,0,0,0,584,1344
30352,30352,0,1,1,0,0,584,1344
30353,30353,0,1,0,0,0,584,1344
30354,30354,0,1,0,0,0,584,1344
30355,30355,0,1,0,0,0,584,1344
30356,30356,0,1,1,0,0,584,1344
30357,30357,0,1,0,0,1,584,1344
30358,30358,0,1,0,0,1,584,1344
30359,30359,0,1,0,0,1,584,1344
30360,30360,0,1,1,0,1,584,1345
30361,30361,0,1,0,0,0,584,1345
30362,30362,0,1,0,0,0,584,1345
30363,30363,0,1,0,0,0,584,1345
30364,30364,0,1,1,0,0,584,1345
30365,30365,0,1,0,0,1,584,1345
30366,30366,0,1,0,0,1,584,1345
30367,30367,0,1,0,0,1,584,1345
30368,30368,0,1,1,0,1,584,1345
30369,30369,0,1,0,0,0,584,1345
30370,30370,0,1,0,0,0,584,1345
30371,30371,0,1,0,0,0,585,1345
30372,30372,0,1,1,0,0,585,1345
30373,30373,0,1,0,0,0,585,1345
30374,30374,0,1,0,0,0,585,1345
30375,30375,0,1,0,0,0,585,1345
30376,30376,0,1,1,1,0,585,1345
30377,30377,0,1,0,1,0,585,1345
30378,30378,0,1,0,1,0,585,1345
30379,30379,0,1,0,1,0,585,1345
30380,30380,0,1,1,1,0,585,1346
30381,30381,0,1,0,1,0,585,1346
30382,30382,0,1,0,1,0,585,1346
30383,30383,0,1,0,1,0,585,1346
30384,30384,0,1,1,1,0,585,1346
30385,30385,0,1,0,1,0,585,1346
30386,30386,0,1,0,1,0,585,1346
30387,30387,0,1,0,1,0,585,1346
30388,30388,0,1,1,1,0,585,1346
30389,30389,0,1,0,1,0,585,1346
30390,30390,0,1,0,1,0,585,1346
30391,30391,0,1,0,1,0,585,1346
30392,30392,0,1,1,1,0,585,1346
30393,30393,0,1,0,1,0,585,1346
30394,30394,0,1,0,1,0,585,1346
30395,30395,0,1,0,1,0,585,1346
30396,30396,0,1,1,0,0,585,1346
30397,30397,0,1,0,0,1,585,1346
30398,30398,0,1,0,0,1,585,1346
30399,30399,0,1,0,0,1,585,1346
30400,30400,0,1,1,0,1,585,1347
30401,30401,0,1,0,0,1,585,1347
30402,30402,0,1,0,0,1,585,1347
30403,30403,0,1,0,0,1,585,1347
30404,30404,0,1,1,0,1,585,1347
30405,30405,0,1,0,0,0,585,1347
30406,30406,0,1,0,0,0,585,1347
30407,30407,0,1,0,0,0,585,1347
30408,30408,0,1,1,0,0,585,1347
30409,30409,0,1,0,0,0,585,1347
30410,30410,0,1,0,0,0,585,1347
30411,30411,0,1,0,0,0,586,1347
30412,30412,0,1,1,0,0,586,1347
30413,30413,0,1,0,0,1,586,1347
30414,30414,0,1,0,0,1,586,1347
30415,30415,0,1,0,0,1,586,1347
30416,30416,0,1,1,0,1,586,1347
30417,30417,0,1,0,0,1,586,1347
30418,30418,0,1,0,0,1,586,1347
30419,30419,0,1,0,0,1,586,1347
30420,30420,0,1,1,0,1,586,1348
30421,30421,0,1,0,0,0,586,1348
30422,30422,0,1,0,0,0,586,1348
30423,30423,0,1,0,0,0,586,1348
30424,30424,0,1,1,0,0,586,1348
30425,30425,0,1,0,0,0,586,1348
30426,30426,0,1,0,0,0,586,1348
30427,30427,0,1,0,0,0,586,1348
30428,30428,0,1,1,0,0,586,1348
30429,30429,0,1,0,0,0,586,1348
30430,30430,0,1,0,0,0,586,1348
30431,30431,0,1,0,0,0,587,1348
30432,30432,0,1,1,0,0,587,1348
30433,30433,0,1,0,0,1,587,1348
30434,30434,0,1,0,0,1,587,1348
30435,30435,0,1,0,0,1,587,1348
30436,30436,0,1,1,0,1,587,1348
30437,30437,0,1,0,0,1,587,1348
30438,30438,0,1,0,0,1,587,1348
30439,30439,0,1,0,0,1,587,1348
30440,30440,0,1,1,0,1,587,1349
30441,30441,0,1,0,0,0,587,1349
30442,30442,0,1,0,0,0,587,1349
30443,30443,0,1,0,0,0,587,1349
30444,30444,0,1,1,0,0,587,1349
30445,30445,0,1,0,0,0,587,1349
30446,30446,0,1,0,0,0,587,1349
30447,30447,0,1,0,0,0,587,1349
30448,30448,0,1,1,0,0,587,1349
30449,30449,0,1,0,0,1,587,1349
30450,30450,0,1,0,0,1,587,1349
30451,30451,0,1,0,0,1,587,1349
30452,30452,0,1,1,0,1,587,1349
30453,30453,0,1,0,0,1,587,1349
30454,30454,0,1,0,0,1,587,1349
30455,30455,0,1,0,0,1,587,1349
30456,30456,0,1,1,1,1,587,1349
30457,30457,0,1,0,1,1,587,1349
30458,30458,0,1,0,1,1,587,1349
30459,30459,0,1,0,1,1,587,1349
30460,30460,0,1,1,1,1,587,1350
30461,30461,0,1,0,1,0,587,1350
30462,30462,0,1,0,1,0,587,1350
30463,30463,0,1,0,1,0,587,1350
30464,30464,0,1,1,1,0,587,1350
30465,30465,0,1,0,1,1,587,1350
30466,30466,0,1,0,1,1,587,1350
30467,30467,0,1,0,1,1,587,1350
30468,30468,0,1,1,1,1,587,1350
30469,30469,0,1,0,1,1,587,1350
30470,30470,0,1,0,1,1,587,1350
30471,30471,0,1,0,1,1,588,1350
30472,30472,0,1,1,1,1,588,1350
30473,30473,0,1,0,1,0,588,1350
30474,30474,0,1,0,1,0,588,1350
30475,30475,0,1,0,1,0,588,1350
30476,30476,0,1,1,1,0,588,1350
30477,30477,0,1,0,1,0,588,1350
30478,30478,0,1,0,1,0,588,1350
30479,30479,0,1,0,1,0,588,1350
30480,30480,0,1,1,1,0,588,1351
30481,30481,0,1,0,1,0,588,1351
30482,30482,0,1,0,1,0,588,1351
30483,30483,0,1,0,1,0,588,1351
30484,30484,0,1,1,1,0,588,1351
30485,30485,0,1,0,1,0,588,1351
30486,30486,0,1,0,1,0,588,1351
30487,30487,0,1,0,1,0,588,1351
30488,30488,0,1,1,1,0,588,1351
30489,30489,0,1,0,1,0,588,1351
30490,30490,0,1,0,1,0,588,1351
30491,30491,0,1,0,1,0,588,1351
30492,30492,0,1,1,1,0,588,1351
30493,30493,0,1,0,1,1,588,1351
30494,30494,0,1,0,1,1,588,1351
30495,30495,0,1,0,1,1,588,1351
30496,30496,0,1,1,1,1,588,1351
30497,30497,0,1,0,1,1,588,1351
30498,30498,0,1,0,1,1,588,1351
30499,30499,0,1,0,1,1,588,1351
30500,30500,0,1,1,1,1,588,1352
30501,30501,0,1,0,1,1,588,1352
30502,30502,0,1,0,1,1,588,1352
30503,30503,0,1,0,1,1,588,1352
30504,30504,0,1,1,1,1,588,1352
30505,30505,0,1,0,1,0,588,1352
30506,30506,0,1,0,1,0,588,1352
30507,30507,0,1,0,1,0,588,1352
30508,30508,0,1,1,1,0,588,1352
30509,30509,0,1,0,1,0,588,1352
30510,30510,0,1,0,1,0,588,1352
30511,30511,0,1,0,1,0,588,1352
30512,30512,0,1,1,1,0,588,1352
30513,30513,0,1,0,1,0,588,1352
30514,30514,0,1,0,1,0,588,1352
30515,30515,0,1,0,1,0,588,1352
30516,30516,0,1,1,1,0,588,1352
30517,30517,0,1,0,1,0,588,1352
30518,30518,0,1,0,1,0,588,1352
30519,30519,0,1,0,1,0,588,1352
30520,30520,0,1,1,1,0,588,1353
30521,30521,0,1,0,1,0,588,1353
30522,30522,0,1,0,1,0,588,1353
30523,30523,0,1,0,1,0,588,1353
30524,30524,0,1,1,1,0,588,1353
30525,30525,0,1,0,1,1,588,1353
30526,30526,0,1,0,1,1,588,1353
30527,30527,0,1,0,1,1,588,1353
30528,30528,0,1,1,1,1,588,1353
30529,30529,0,1,0,1,1,588,1353
30530,30530,0,1,0,1,1,588,1353
30531,30531,0,1,0,1,1,589,1353
30532,30532,0,1,1,1,1,589,1353
30533,30533,0,1,0,1,0,589,1353
30534,30534,0,1,0,1,0,589,1353
30535,30535,0,1,0,1,0,589,1353
30536,30536,0,1,1,0,0,589,1353
30537,30537,0,1,0,0,0,589,1353
30538,30538,0,1,0,0,0,589,1353
30539,30539,0,1,0,0,0,589,1353
30540,30540,0,1,1,0,0,589,1354
30541,30541,0,1,0,0,1,589,1354
30542,30542,0,1,0,0,1,589,1354
30543,30543,0,1,0,0,1,589,1354
30544,30544,0,1,1,0,1,589,1354
30545,30545,0,1,0,0,1,589,1354
30546,30546,0,1,0,0,1,589,1354
30547,30547,0,1,0,0,1,589,1354
30548,30548,0,1,1,0,1,589,1354
30549,30549,0,1,0,0,1,589,1354
30550,30550,0,1,0,0,1,589,1354
30551,30551,0,1,0,0,1,589,1354
30552,30552,0,1,1,0,1,589,1354
30553,30553,0,1,0,0,1,589,1354
30554,30554,0,1,0,0,1,589,1354
30555,30555,0,1,0,0,1,589,1354
30556,30556,0,1,1,1,1,589,1354
30557,30557,0,1,0,1,0,589,1354
30558,30558,0,1,0,1,0,589,1354
30559,30559,0,1,0,1,0,589,1354
30560,30560,0,1,1,1,0,589,1355
30561,30561,0,1,0,1,0,589,1355
30562,30562,0,1,0,1,0,589,1355
30563,30563,0,1,0,1,0,589,1355
30564,30564,0,1,1,1,0,589,1355
30565,30565,0,1,0,1,1,589,1355
30566,30566,0,1,0,1,1,589,1355
30567,30567,0,1,0,1,1,589,1355
30568,30568,0,1,1,1,1,589,1355
30569,30569,0,1,0,1,1,589,1355
30570,30570,0,1,0,1,1,589,1355
30571,30571,0,1,0,1,1,590,1355
30572,30572,0,1,1,1,1,590,1355
30573,30573,0,1,0,1,0,590,1355
30574,30574,0,1,0,1,0,590,1355
30575,30575,0,1,0,1,0,590,1355
30576,30576,0,1,1,0,0,590,1355
30577,30577,0,1,0,0,1,590,1355
30578,30578,0,1,0,0,1,590,1355
30579,30579,0,1,0,0,1,590,1355
30580,30580,0,1,1,0,1,590,1356
30581,30581,0,1,0,0,0,590,1356
30582,30582,0,1,0,0,0,590,1356
30583,30583,0,1,0,0,0,590,1356
30584,30584,0,1,1,0,0,590,1356
30585,30585,0,1,0,0,0,590,1356
30586,30586,0,1,0,0,0,590,1356
30587,30587,0,1,0,0,0,590,1356
30588,30588,0,1,1,0,0,590,1356
30589,30589,0,1,0,0,1,590,1356
30590,30590,0,1,0,0,1,590,1356
30591,30591,0,1,0,0,1,590,1356
30592,30592,0,1,1,0,1,590,1356
30593,30593,0,1,0,0,0,590,1356
30594,30594,0,1,0,0,0,590,1356
30595,30595,0,1,0,0,0,590,1356
30596,30596,0,1,1,0,0,590,1356
30597,30597,0,1,0,0,1,590,1356
30598,30598,0,1,0,0,1,590,1356
30599,30599,0,1,0,0,1,590,1356
30600,30600,0,1,1,0,1,590,1357
30601,30601,0,1,0,0,0,590,1357
30602,30602,0,1,0,0,0,590,1357
30603,30603,0,1,0,0,0,590,1357
30604,30604,0,1,1,0,0,590,1357
30605,30605,0,1,0,0,0,590,1357
30606,30606,0,1,0,0,0,590,1357
30607,30607,0,1,0,0,0,590,1357
30608,30608,0,1,1,0,0,590,1357
30609,30609,0,1,0,0,0,590,1357
30610,30610,0,1,0,0,0,590,1357
30611,30611,0,1,0,0,0,591,1357
30612,30612,0,1,1,0,0,591,1357
30613,30613,0,1,0,0,1,591,1357
30614,30614,0,1,0,0,1,591,1357
30615,30615,0,1,0,0,1,591,1357
30616,30616,0,1,1,1,1,591,1357
30617,30617,0,1,0,1,1,591,1357
30618,30618,0,1,0,1,1,591,1357
30619,30619,0,1,0,1,1,591,1357
30620,30620,0,1,1,1,1,591,1358
30621,30621,0,1,0,1,1,591,1358
30622,30622,0,1,0,1,1,591,1358
30623,30623,0,1,0,1,1,591,1358
30624,30624,0,1,1,1,1,591,1358
30625,30625,0,1,0,1,0,591,1358
30626,30626,0,1,0,1,0,591,1358
30627,30627,0,1,0,1,0,591,1358
30628,30628,0,1,1,1,0,591,1358
30629,30629,0,1,0,1,0,591,1358
30630,30630,0,1,0,1,0,591,1358
30631,30631,0,1,0,1,0,591,1358
30632,30632,0,1,1,1,0,591,1358
30633,30633,0,1,0,1,1,591,1358
30634,30634,0,1,0,1,1,591,1358
30635,30635,0,1,0,1,1,591,1358
30636,30636,0,1,1,1,1,591,1358
30637,30637,0,1,0,1,0,591,1358
30638,30638,0,1,0,1,0,591,1358
30639,30639,0,1,0,1,0,591,1358
30640,30640,0,1,1,1,0,591,1359
30641,30641,0,1,0,1,1,591,1359
30642,30642,0,1,0,1,1,591,1359
30643,30643,0,1,0,1,1,591,1359
30644,30644,0,1,1,1,1,591,1359
30645,30645,0,1,0,1,0,591,1359
30646,30646,0,1,0,1,0,591,1359
30647,30647,0,1,0,1,0,591,1359
30648,30648,0,1,1,1,0,591,1359
30649,30649,0,1,0,1,1,591,1359
30650,30650,0,1,0,1,1,591,1359
30651,30651,0,1,0,1,1,592,1359
30652,30652,0,1,1,1,1,592,1359
30653,30653,0,1,0,1,0,592,1359
30654,30654,0,1,0,1,0,592,1359
30655,30655,0,1,0,1,0,592,1359
30656,30656,0,1,1,0,0,592,1359
30657,30657,0,1,0,0,1,592,1359
30658,30658,0,1,0,0,1,592,1359
30659,30659,0,1,0,0,1,592,1359
30660,30660,0,1,1,0,1,592,1360
30661,30661,0,1,0,0,1,592,1360
30662,30662,0,1,0,0,1,592,1360
30663,30663,0,1,0,0,1,592,1360
30664,30664,0,1,1,0,1,592,1360
30665,30665,0,1,0,0,1,592,1360
30666,30666,0,1,0,0,1,592,1360
30667,30667,0,1,0,0,1,592,1360
30668,30668,0,1,1,0,1,592,1360
30669,30669,0,1,0,0,0,592,1360
30670,30670,0,1,0,0,0,592,1360
30671,30671,0,1,0,0,0,593,1360
30672,30672,0,1,1,0,0,593,1360
30673,30673,0,1,0,0,0,593,1360
30674,30674,0,1,0,0,0,593,1360
30675,30675,0,1,0,0,0,593,1360
30676,30676,0,1,1,1,0,593,1360
30677,30677,0,1,0,1,1,593,1360
30678,30678,0,1,0,1,1,593,1360
30679,30679,0,1,0,1,1,593,1360
30680,30680,0,1,1,1,1,593,1361
30681,30681,0,1,0,1,1,593,1361
30682,30682,0,1,0,1,1,593,1361
30683,30683,0,1,0,1,1,593,1361
30684,30684,0,1,1,1,1,593,1361
30685,30685,0,1,0,1,1,593,1361
30686,30686,0,1,0,1,1,593,1361
30687,30687,0,1,0,1,1,593,1361
30688,30688,0,1,1,1,1,593,1361
30689,30689,0,1,0,1,1,593,1361
30690,30690,0,1,0,1,1,593,1361
30691,30691,0,1,0,1,1,594,1361
30692,30692,0,1,1,1,1,594,1361
30693,30693,0,1,0,1,1,594,1361
30694,30694,0,1,0,1,1,594,1361
30695,30695,0,1,0,1,1,594,1361
30696,30696,0,1,1,1,1,594,1361
30697,30697,0,1,0,1,1,594,1361
30698,30698,0,1,0,1,1,594,1361
30699,30699,0,1,0,1,1,594,1361
30700,30700,0,1,1,1,1,594,1362
30701,30701,0,1,0,1,0,594,1362
30702,30702,0,1,0,1,0,594,1362
30703,30703,0,1,0,1,0,594,1362
30704,30704,0,1,1,1,0,594,1362
30705,30705,0,1,0,1,1,594,1362
30706,30706,0,1,0,1,1,594,1362
30707,30707,0,1,0,1,1,594,1362
30708,30708,0,1,1,1,1,594,1362
30709,30709,0,1,0,1,0,594,1362
30710,30710,0,1,0,1,0,594,1362
30711,30711,0,1,0,1,0,594,1362
30712,30712,0,1,1,1,0,594,1362
30713,30713,0,1,0,1,0,594,1362
30714,30714,0,1,0,1,0,594,1362
30715,30715,0,1,0,1,0,594,1362
30716,30716,0,1,1,1,0,594,1362
30717,30717,0,1,0,1,1,594,1362
30718,30718,0,1,0,1,1,594,1362
30719,30719,0,1,0,1,1,594,1362
30720,30720,0,1,1,1,1,594,1363
30721,30721,0,1,0,1,0,594,1363
30722,30722,0,1,0,1,0,594,1363
30723,30723,0,1,0,1,0,594,1363
30724,30724,0,1,1,1,0,594,1363
30725,30725,0,1,0,1,0,594,1363
30726,30726,0,1,0,1,0,594,1363
30727,30727,0,1,0,1,0,594,1363
30728,30728,0,1,1,1,0,594,1363
30729,30729,0,1,0,1,0,594,1363
30730,30730,0,1,0,1,0,594,1363
30731,30731,0,1,0,1,0,594,1363
30732,30732,0,1,1,1,0,594,1363
30733,30733,0,1,0,1,1,594,1363
30734,30734,0,1,0,1,1,594,1363
30735,30735,0,1,0,1,1,594,1363
30736,30736,0,1,1,0,1,594,1363
30737,30737,0,1,0,0,0,594,1363
30738,30738,0,1,0,0,0,594,1363
30739,30739,0,1,0,0,0,594,1363
30740,30740,0,1,1,0,0,594,1364
30741,30741,0,1,0,0,0,594,1364
30742,30742,0,1,0,0,0,594,1364
30743,30743,0,1,0,0,0,594,1364
30744,30744,0,1,1,0,0,594,1364
30745,30745,0,1,0,0,1,594,1364
30746,30746,0,1,0,0,1,594,1364
30747,30747,0,1,0,0,1,594,1364
30748,30748,0,1,1,0,1,594,1364
30749,30749,0,1,0,0,1,594,1364
30750,30750,0,1,0,0,1,594,1364
30751,30751,0,1,0,0,1,594,1364
30752,30752,0,1,1,0,1,594,1364
30753,30753,0,1,0,0,1,594,1364
30754,30754,0,1,0,0,1,594,1364
30755,30755,0,1,0,0,1,594,1364
30756,30756,0,1,1,0,1,594,1364
30757,30757,0,1,0,0,1,594,1364
30758,30758,0,1,0,0,1,594,1364
30759,30759,0,1,0,0,1,594,1364
30760,30760,0,1,1,0,1,594,1365
30761,30761,0,1,0,0,1,594,1365
30762,30762,0,1,0,0,1,594,1365
30763,30763,0,1,0,0,1,594,1365
30764,30764,0,1,1,0,1,594,1365
30765,30765,0,1,0,0,0,594,1365
30766,30766,0,1,0,0,0,594,1365
30767,30767,0,1,0,0,0,594,1365
30768,30768,0,1,1,0,0,594,1365
30769,30769,0,1,0,0,0,594,1365
30770,30770,0,1,0,0,0,594,1365
30771,30771,0,1,0,0,0,595,1365
30772,30772,0,1,1,0,0,595,1365
30773,30773,0,1,0,0,0,595,1365
30774,30774,0,1,0,0,0,595,1365
30775,30775,0,1,0,0,0,595,1365
30776,30776,0,1,1,0,0,595,1365
30777,30777,0,1,0,0,0,595,1365
30778,30778,0,1,0,0,0,595,1365
30779,30779,0,1,0,0,0,595,1365
30780,30780,0,1,1,0,0,595,1366
30781,30781,0,1,0,0,0,595,1366
30782,30782,0,1,0,0,0,595,1366
30783,30783,0,1,0,0,0,595,1366
30784,30784,0,1,1,0,0,595,1366
30785,30785,0,1,0,0,1,595,1366
30786,30786,0,1,0,0,1,595,1366
30787,30787,0,1,0,0,1,595,1366
30788,30788,0,1,1,0,1,595,1366
30789,30789,0,1,0,0,1,595,1366
30790,30790,0,1,0,0,1,595,1366
30791,30791,0,1,0,0,1,595,1366
30792,30792,0,1,1,0,1,595,1366
30793,30793,0,1,0,0,0,595,1366
30794,30794,0,1,0,0,0,595,1366
30795,30795,0,1,0,0,0,595,1366
30796,30796,0,1,1,0,0,595,1366
30797,30797,0,1,0,0,0,595,1366
30798,30798,0,1,0,0,0,595,1366
30799,30799,0,1,0,0,0,595,1366
30800,30800,0,1,1,0,0,595,1367
30801,30801,0,1,0,0,1,595,1367
30802,30802,0,1,0,0,1,595,1367
30803,30803,0,1,0,0,1,595,1367
30804,30804,0,1,1,0,1,595,1367
30805,30805,0,1,0,0,1,595,1367
30806,30806,0,1,0,0,1,595,1367
30807,30807,0,1,0,0,1,595,1367
30808,30808,0,1,1,0,1,595,1367
30809,30809,0,1,0,0,0,595,1367
30810,30810,0,1,0,0,0,595,1367
30811,30811,0,1,0,0,0,596,1367
30812,30812,0,1,1,0,0,596,1367
30813,30813,0,1,0,0,1,596,1367
30814,30814,0,1,0,0,1,596,1367
30815,30815,0,1,0,0,1,596,1367
30816,30816,0,1,1,1,1,596,1367
30817,30817,0,1,0,1,0,596,1367
30818,30818,0,1,0,1,0,596,1367
30819,30819,0,1,0,1,0,596,1367
30820,30820,0,1,1,1,0,596,1368
30821,30821,0,1,0,1,0,596,1368
30822,30822,0,1,0,1,0,596,1368
30823,30823,0,1,0,1,0,596,1368
30824,30824,0,1,1,1,0,596,1368
30825,30825,0,1,0,1,0,596,1368
30826,30826,0,1,0,1,0,596,1368
30827,30827,0,1,0,1,0,596,1368
30828,30828,0,1,1,1,0,596,1368
30829,30829,0,1,0,1,1,596,1368
30830,30830,0,1,0,1,1,596,1368
30831,30831,0,1,0,1,1,597,1368
30832,30832,0,1,1,1,1,597,1368
30833,30833,0,1,0,1,0,597,1368
30834,30834,0,1,0,1,0,597,1368
30835,30835,0,1,0,1,0,597,1368
30836,30836,0,1,1,1,0,597,1368
30837,30837,0,1,0,1,1,597,1368
30838,30838,0,1,0,1,1,597,1368
30839,30839,0,1,0,1,1,597,1368
30840,30840,0,1,1,1,1,597,1369
30841,30841,0,1,0,1,0,597,1369
30842,30842,0,1,0,1,0,597,1369
30843,30843,0,1,0,1,0,597,1369
30844,30844,0,1,1,1,0,597,1369
30845,30845,0,1,0,1,0,597,1369
30846,30846,0,1,0,1,0,597,1369
30847,30847,0,1,0,1,0,597,1369
30848,30848,0,1,1,1,0,597,1369
30849,30849,0,1,0,1,1,597,1369
30850,30850,0,1,0,1,1,597,1369
30851,30851,0,1,0,1,1,598,1369
30852,30852,0,1,1,1,1,598,1369
30853,30853,0,1,0,1,0,598,1369
30854,30854,0,1,0,1,0,598,1369
30855,30855,0,1,0,1,0,598,1369
30856,30856,0,1,1,0,0,598,1369
30857,30857,0,1,0,0,0,598,1369
30858,30858,0,1,0,0,0,598,1369
30859,30859,0,1,0,0,0,598,1369
30860,30860,0,1,1,0,0,598,1370
30861,30861,0,1,0,0,0,598,1370
30862,30862,0,1,0,0,0,598,1370
30863,30863,0,1,0,0,0,598,1370
30864,30864,0,1,1,0,0,598,1370
30865,30865,0,1,0,0,1,598,1370
30866,30866,0,1,0,0,1,598,1370
30867,30867,0,1,0,0,1,598,1370
30868,30868,0,1,1,0,1,598,1370
30869,30869,0,1,0,0,1,598,1370
30870,30870,0,1,0,0,1,598,1370
30871,30871,0,1,0,0,1,598,1370
30872,30872,0,1,1,0,1,598,1370
30873,30873,0,1,0,0,0,598,1370
30874,30874,0,1,0,0,0,598,1370
30875,30875,0,1,0,0,0,598,1370
30876,30876,0,1,1,1,0,598,1370
30877,30877,0,1,0,1,1,598,1370
30878,30878,0,1,0,1,1,598,1370
30879,30879,0,1,0,1,1,598,1370
30880,30880,0,1,1,1,1,598,1371
30881,30881,0,1,0,1,1,598,1371
30882,30882,0,1,0,1,1,598,1371
30883,30883,0,1,0,1,1,598,1371
30884,30884,0,1,1,1,1,598,1371
30885,30885,0,1,0,1,1,598,1371
30886,30886,0,1,0,1,1,598,1371
30887,30887,0,1,0,1,1,598,1371
30888,30888,0,1,1,1,1,598,1371
30889,30889,0,1,0,1,1,598,1371
30890,30890,0,1,0,1,1,598,1371
30891,30891,0,1,0,1,1,599,1371
30892,30892,0,1,1,1,1,599,1371
30893,30893,0,1,0,1,1,599,1371
30894,30894,0,1,0,1,1,599,1371
30895,30895,0,1,0,1,1,599,1371
30896,30896,0,1,1,0,1,599,1371
30897,30897,0,1,0,0,1,599,1371
30898,30898,0,1,0,0,1,599,1371
30899,30899,0,1,0,0,1,599,1371
30900,30900,0,1,1,0,1,599,1372
30901,30901,0,1,0,0,1,599,1372
30902,30902,0,1,0,0,1,599,1372
30903,30903,0,1,0,0,1,599,1372
30904,30904,0,1,1,0,1,599,1372
30905,30905,0,1,0,0,1,599,1372
30906,30906,0,1,0,0,1,599,1372
30907,30907,0,1,0,0,1,599,1372
30908,30908,0,1,1,0,1,599,1372
30909,30909,0,1,0,0,1,599,1372
30910,30910,0,1,0,0,1,599,1372
30911,30911,0,1,0,0,1,599,1372
30912,30912,0,1,1,0,1,599,1372
30913,30913,0,1,0,0,0,599,1372
30914,30914,0,1,0,0,0,599,1372
30915,30915,0,1,0,0,0,599,1372
30916,30916,0,1,1,1,0,599,1372
30917,30917,0,1,0,1,0,599,1372
30918,30918,0,1,0,1,0,599,1372
30919,30919,0,1,0,1,0,599,1372
30920,30920,0,1,1,1,0,599,1373
30921,30921,0,1,0,1,1,599,1373
30922,30922,0,1,0,1,1,599,1373
30923,30923,0,1,0,1,1,599,1373
30924,30924,0,1,1,1,1,599,1373
30925,30925,0,1,0,1,0,599,1373
30926,30926,0,1,0,1,0,599,1373
30927,30927,0,1,0,1,0,599,1373
30928,30928,0,1,1,1,0,599,1373
30929,30929,0,1,0,1,0,599,1373
30930,30930,0,1,0,1,0,599,1373
30931,30931,0,1,0,1,0,599,1373
30932,30932,0,1,1,1,0,599,1373
30933,30933,0,1,0,1,1,599,1373
30934,30934,0,1,0,1,1,599,1373
30935,30935,0,1,0,1,1,599,1373
30936,30936,0,1,1,0,1,599,1373
30937,30937,0,1,0,0,0,599,1373
30938,30938,0,1,0,0,0,599,1373
30939,30939,0,1,0,0,0,599,1373
30940,30940,0,1,1,0,0,599,1374
30941,30941,0,1,0,0,0,599,1374
30942,30942,0,1,0,0,0,599,1374
30943,30943,0,1,0,0,0,599,1374
30944,30944,0,1,1,0,0,599,1374
30945,30945,0,1,0,0,1,599,1374
30946,30946,0,1,0,0,1,599,1374
30947,30947,0,1,0,0,1,599,1374
30948,30948,0,1,1,0,1,599,1374
30949,30949,0,1,0,0,0,599,1374
30950,30950,0,1,0,0,0,599,1374
30951,30951,0,1,0,0,0,600,1374
30952,30952,0,1,1,0,0,600,1374
30953,30953,0,1,0,0,0,600,1374
30954,30954,0,1,0,0,0,600,1374
30955,30955,0,1,0,0,0,600,1374
30956,30956,0,1,1,0,0,600,1374
30957,30957,0,1,0,0,1,600,1374
30958,30958,0,1,0,0,1,600,1374
30959,30959,0,1,0,0,1,600,1374
30960,30960,0,1,1,0,1,600,1375
30961,30961,0,1,0,0,1,600,1375
30962,30962,0,1,0,0,1,600,1375
30963,30963,0,1,0,0,1,600,1375
30964,30964,0,1,1,0,1,600,1375
30965,30965,0,1,0,0,0,600,1375
30966,30966,0,1,0,0,0,600,1375
30967,30967,0,1,0,0,0,600,1375
30968,30968,0,1,1,0,0,600,1375
30969,30969,0,1,0,0,0,600,1375
30970,30970,0,1,0,0,0,600,1375
30971,30971,0,1,0,0,0,601,1375
30972,30972,0,1,1,0,0,601,1375
30973,30973,0,1,0,0,1,601,1375
30974,30974,0,1,0,0,1,601,1375
30975,30975,0,1,0,0,1,601,1375
30976,30976,0,1,1,0,1,601,1375
30977,30977,0,1,0,0,1,601,1375
30978,30978,0,1,0,0,1,601,1375
30979,30979,0,1,0,0,1,601,1375
30980,30980,0,1,1,0,1,601,1376
30981,30981,0,1,0,0,1,601,1376
30982,30982,0,1,0,0,1,601,1376
30983,30983,0,1,0,0,1,601,1376
30984,30984,0,1,1,0,1,601,1376
30985,30985,0,1,0,0,1,601,1376
30986,30986,0,1,0,0,1,601,1376
30987,30987,0,1,0,0,1,601,1376
30988,30988,0,1,1,0,1,601,1376
30989,30989,0,1,0,0,1,601,1376
30990,30990,0,1,0,0,1,601,1376
30991,30991,0,1,0,0,1,601,1376
30992,30992,0,1,1,0,1,601,1376
30993,30993,0,1,0,0,1,601,1376
30994,30994,0,1,0,0,1,601,1376
30995,30995,0,1,0,0,1,601,1376
30996,30996,0,1,1,1,1,601,1376
30997,30997,0,1,0,1,1,601,1376
30998,30998,0,1,0,1,1,601,1376
30999,30999,0,1,0,1,1,601,1376
31000,31000,0,1,1,1,1,601,1377
31001,31001,0,1,0,1,1,601,1377
31002,31002,0,1,0,1,1,601,1377
31003,31003,0,1,0,1,1,601,1377
31004,31004,0,1,1,1,1,601,1377
31005,31005,0,1,0,1,1,601,1377
31006,31006,0,1,0,1,1,601,1377
31007,31007,0,1,0,1,1,601,1377
31008,31008,0,1,1,1,1,601,1377
31009,31009,0,1,0,1,0,601,1377
31010,31010,0,1,0,1,0,601,1377
31011,31011,0,1,0,1,0,601,1377
31012,31012,0,1,1,1,0,601,1377
31013,31013,0,1,0,1,1,601,1377
31014,31014,0,1,0,1,1,601,1377
31015,31015,0,1,0,1,1,601,1377
31016,31016,0,1,1,0,1,601,1377
31017,31017,0,1,0,0,1,601,1377
31018,31018,0,1,0,0,1,601,1377
31019,31019,0,1,0,0,1,601,1377
31020,31020,0,1,1,0,1,601,1378
31021,31021,0,1,0,0,1,601,1378
31022,31022,0,1,0,0,1,601,1378
31023,31023,0,1,0,0,1,601,1378
31024,31024,0,1,1,0,1,601,1378
31025,31025,0,1,0,0,1,601,1378
31026,31026,0,1,0,0,1,601,1378
31027,31027,0,1,0,0,1,601,1378
31028,31028,0,1,1,0,1,601,1378
31029,31029,0,1,0,0,1,601,1378
31030,31030,0,1,0,0,1,601,1378
31031,31031,0,1,0,0,1,601,1378
31032,31032,0,1,1,0,1,601,1378
31033,31033,0,1,0,0,1,601,1378
31034,31034,0,1,0,0,1,601,1378
31035,31035,0,1,0,0,1,601,1378
31036,31036,0,1,1,1,1,601,1378
31037,31037,0,1,0,1,1,601,1378
31038,31038,0,1,0,1,1,601,1378
31039,31039,0,1,0,1,1,601,1378
31040,31040,0,1,1,1,1,601,1379
31041,31041,0,1,0,1,1,601,1379
31042,31042,0,1,0,1,1,601,1379
31043,31043,0,1,0,1,1,601,1379
31044,31044,0,1,1,1,1,601,1379
31045,31045,0,1,0,1,0,601,1379
31046,31046,0,1,0,1,0,601,1379
31047,31047,0,1,0,1,0,601,1379
31048,31048,0,1,1,1,0,601,1379
31049,31049,0,1,0,1,0,601,1379
31050,31050,0,1,0,1,0,601,1379
31051,31051,0,1,0,1,0,601,1379
31052,31052,0,1,1,1,0,601,1379
31053,31053,0,1,0,1,1,601,1379
31054,31054,0,1,0,1,1,601,1379
31055,31055,0,1,0,1,1,601,1379
31056,31056,0,1,1,1,1,601,1379
31057,31057,0,1,0,1,1,601,1379
31058,31058,0,1,0,1,1,601,1379
31059,31059,0,1,0,1,1,601,1379
31060,31060,0,1,1,1,1,601,1380
31061,31061,0,1,0,1,1,601,1380
31062,31062,0,1,0,1,1,601,1380
31063,31063,0,1,0,1,1,601,1380
31064,31064,0,1,1,1,1,601,1380
31065,31065,0,1,0,1,1,601,1380
31066,31066,0,1,0,1,1,601,1380
31067,31067,0,1,0,1,1,601,1380
31068,31068,0,1,1,1,1,601,1380
31069,31069,0,1,0,1,0,601,1380
31070,31070,0,1,0,1,0,601,1380
31071,31071,0,1,0,1,0,601,1380
31072,31072,0,1,1,1,0,601,1380
31073,31073,0,1,0,1,0,601,1380
31074,31074,0,1,0,1,0,601,1380
31075,31075,0,1,0,1,0,601,1380
31076,31076,0,1,1,1,0,601,1380
31077,31077,0,1,0,1,0,601,1380
31078,31078,0,1,0,1,0,601,1380
31079,31079,0,1,0,1,0,601,1380
31080,31080,0,1,1,1,0,601,1381
31081,31081,0,1,0,1,0,601,1381
31082,31082,0,1,0,1,0,601,1381
31083,31083,0,1,0,1,0,601,1381
31084,31084,0,1,1,1,0,601,1381
31085,31085,0,1,0,1,1,601,1381
31086,31086,0,1,0,1,1,601,1381
31087,31087,0,1,0,1,1,601,1381
31088,31088,0,1,1,1,1,601,1381
31089,31089,0,1,0,1,0,601,1381
31090,31090,0,1,0,1,0,601,1381
31091,31091,0,1,0,1,0,601,1381
31092,31092,0,1,1,1,0,601,1381
31093,31093,0,1,0,1,0,601,1381
31094,31094,0,1,0,1,0,601,1381
31095,31095,0,1,0,1,0,601,1381
31096,31096,0,1,1,1,0,601,1381
31097,31097,0,1,0,1,0,601,1381
31098,31098,0,1,0,1,0,601,1381
31099,31099,0,1,0,1,0,601,1381
31100,31100,0,1,1,1,0,601,1382
31101,31101,0,1,0,1,0,601,1382
31102,31102,0,1,0,1,0,601,1382
31103,31103,0,1,0,1,0,601,1382
31104,31104,0,1,1,1,0,601,1382
31105,31105,0,1,0,1,1,601,1382
31106,31106,0,1,0,1,1,601,1382
31107,31107,0,1,0,1,1,601,1382
31108,31108,0,1,1,1,1,601,1382
31109,31109,0,1,0,1,1,601,1382
31110,31110,0,1,0,1,1,601,1382
31111,31111,0,1,0,1,1,602,1382
31112,31112,0,1,1,1,1,602,1382
31113,31113,0,1,0,1,0,602,1382
31114,31114,0,1,0,1,0,602,1382
31115,31115,0,1,0,1,0,602,1382
31116,31116,0,1,1,1,0,602,1382
31117,31117,0,1,0,1,0,602,1382
31118,31118,0,1,0,1,0,602,1382
31119,31119,0,1,0,1,0,602,1382
31120,31120,0,1,1,1,0,602,1383
31121,31121,0,1,0,1,1,602,1383
31122,31122,0,1,0,1,1,602,1383
31123,31123,0,1,0,1,1,602,1383
31124,31124,0,1,1,1,1,602,1383
31125,31125,0,1,0,1,1,602,1383
31126,31126,0,1,0,1,1,602,1383
31127,31127,0,1,0,1,1,602,1383
31128,31128,0,1,1,1,1,602,1383
31129,31129,0,1,0,1,0,602,1383
31130,31130,0,1,0,1,0,602,1383
31131,31131,0,1,0,1,0,602,1383
31132,31132,0,1,1,1,0,602,1383
31133,31133,0,1,0,1,1,602,1383
31134,31134,0,1,0,1,1,602,1383
31135,31135,0,1,0,1,1,602,1383
31136,31136,0,1,1,0,1,602,1383
31137,31137,0,1,0,0,0,602,1383
31138,31138,0,1,0,0,0,602,1383
31139,31139,0,1,0,0,0,602,1383
31140,31140,0,1,1,0,0,602,1384
31141,31141,0,1,0,0,0,602,1384
31142,31142,0,1,0,0,0,602,1384
31143,31143,0,1,0,0,0,602,1384
31144,31144,0,1,1,0,0,602,1384
31145,31145,0,1,0,0,1,602,1384
31146,31146,0,1,0,0,1,602,1384
31147,31147,0,1,0,0,1,602,1384
31148,31148,0,1,1,0,1,602,1384
31149,31149,0,1,0,0,0,602,1384
31150,31150,0,1,0,0,0,602,1384
31151,31151,0,1,0,0,0,603,1384
31152,31152,0,1,1,0,0,603,1384
31153,31153,0,1,0,0,0,603,1384
31154,31154,0,1,0,0,0,603,1384
31155,31155,0,1,0,0,0,603,1384
31156,31156,0,1,1,1,0,603,1384
31157,31157,0,1,0,1,1,603,1384
31158,31158,0,1,0,1,1,603,1384
31159,31159,0,1,0,1,1,603,1384
31160,31160,0,1,1,1,1,603,1385
31161,31161,0,1,0,1,0,603,1385
31162,31162,0,1,0,1,0,603,1385
31163,31163,0,1,0,1,0,603,1385
31164,31164,0,1,1,1,0,603,1385
31165,31165,0,1,0,1,0,603,1385
31166,31166,0,1,0,1,0,603,1385
31167,31167,0,1,0,1,0,603,1385
31168,31168,0,1,1,1,0,603,1385
31169,31169,0,1,0,1,0,603,1385
31170,31170,0,1,0,1,0,603,1385
31171,31171,0,1,0,1,0,603,1385
31172,31172,0,1,1,1,0,603,1385
31173,31173,0,1,0,1,0,603,1385
31174,31174,0,1,0,1,0,603,1385
31175,31175,0,1,0,1,0,603,1385
31176,31176,0,1,1,1,0,603,1385
31177,31177,0,1,0,1,0,603,1385
31178,31178,0,1,0,1,0,603,1385
31179,31179,0,1,0,1,0,603,1385
31180,31180,0,1,1,1,0,603,1386
31181,31181,0,1,0,1,1,603,1386
31182,31182,0,1,0,1,1,603,1386
31183,31183,0,1,0,1,1,603,1386
31184,31184,0,1,1,1,1,603,1386
31185,31185,0,1,0,1,0,603,1386
31186,31186,0,1,0,1,0,603,1386
31187,31187,0,1,0,1,0,603,1386
31188,31188,0,1,1,1,0,603,1386
31189,31189,0,1,0,1,0,603,1386
31190,31190,0,1,0,1,0,603,1386
31191,31191,0,1,0,1,0,603,1386
31192,31192,0,1,1,1,0,603,1386
31193,31193,0,1,0,1,1,603,1386
31194,31194,0,1,0,1,1,603,1386
31195,31195,0,1,0,1,1,603,1386
31196,31196,0,1,1,0,1,603,1386
31197,31197,0,1,0,0,0,603,1386
31198,31198,0,1,0,0,0,603,1386
31199,31199,0,1,0,0,0,603,1386
31200,31200,0,1,1,0,0,603,1387
31201,31201,0,1,0,0,0,603,1387
31202,31202,0,1,0,0,0,603,1387
31203,31203,0,1,0,0,0,603,1387
31204,31204,0,1,1,0,0,603,1387
31205,31205,0,1,0,0,1,603,1387
31206,31206,0,1,0,0,1,603,1387
31207,31207,0,1,0,0,1,603,1387
31208,31208,0,1,1,0,1,603,1387
31209,31209,0,1,0,0,1,603,1387
31210,31210,0,1,0,0,1,603,1387
31211,31211,0,1,0,0,1,603,1387
31212,31212,0,1,1,0,1,603,1387
31213,31213,0,1,0,0,1,603,1387
31214,31214,0,1,0,0,1,603,1387
31215,31215,0,1,0,0,1,603,1387
31216,31216,0,1,1,1,1,603,1387
31217,31217,0,1,0,1,0,603,1387
31218,31218,0,1,0,1,0,603,1387
31219,31219,0,1,0,1,0,603,1387
31220,31220,0,1,1,1,0,603,1388
31221,31221,0,1,0,1,0,603,1388
31222,31222,0,1,0,1,0,603,1388
31223,31223,0,1,0,1,0,603,1388
31224,31224,0,1,1,1,0,603,1388
31225,31225,0,1,0,1,0,603,1388
31226,31226,0,1,0,1,0,603,1388
31227,31227,0,1,0,1,0,603,1388
31228,31228,0,1,1,1,0,603,1388
31229,31229,0,1,0,1,1,603,1388
31230,31230,0,1,0,1,1,603,1388
31231,31231,0,1,0,1,1,604,1388
31232,31232,0,1,1,1,1,604,1388
31233,31233,0,1,0,1,1,604,1388
31234,31234,0,1,0,1,1,604,1388
31235,31235,0,1,0,1,1,604,1388
31236,31236,0,1,1,1,1,604,1388
31237,31237,0,1,0,1,0,604,1388
31238,31238,0,1,0,1,0,604,1388
31239,31239,0,1,0,1,0,604,1388
31240,31240,0,1,1,1,0,604,1389
31241,31241,0,1,0,1,1,604,1389
31242,31242,0,1,0,1,1,604,1389
31243,31243,0,1,0,1,1,604,1389
31244,31244,0,1,1,1,1,604,1389
31245,31245,0,1,0,1,0,604,1389
31246,31246,0,1,0,1,0,604,1389
31247,31247,0,1,0,1,0,604,1389
31248,31248,0,1,1,1,0,604,1389
31249,31249,0,1,0,1,0,604,1389
31250,31250,0,1,0,1,0,604,1389
31251,31251,0,1,0,1,0,604,1389
31252,31252,0,1,1,1,0,604,1389
31253,31253,0,1,0,1,0,604,1389
31254,31254,0,1,0,1,0,604,1389
31255,31255,0,1,0,1,0,604,1389
31256,31256,0,1,1,0,0,604,1389
31257,31257,0,1,0,0,1,604,1389
31258,31258,0,1,0,0,1,604,1389
31259,31259,0,1,0,0,1,604,1389
31260,31260,0,1,1,0,1,604,1390
31261,31261,0,1,0,0,0,604,1390
31262,31262,0,1,0,0,0,604,1390
31263,31263,0,1,0,0,0,604,1390
31264,31264,0,1,1,0,0,604,1390
31265,31265,0,1,0,0,0,604,1390
31266,31266,0,1,0,0,0,604,1390
31267,31267,0,1,0,0,0,604,1390
31268,31268,0,1,1,0,0,604,1390
31269,31269,0,1,0,0,0,604,1390
31270,31270,0,1,0,0,0,604,1390
31271,31271,0,1,0,0,0,605,1390
31272,31272,0,1,1,0,0,605,1390
31273,31273,0,1,0,0,0,605,1390
31274,31274,0,1,0,0,0,605,1390
31275,31275,0,1,0,0,0,605,1390
31276,31276,0,1,1,1,0,605,1390
31277,31277,0,1,0,1,1,605,1390
31278,31278,0,1,0,1,1,605,1390
31279,31279,0,1,0,1,1,605,1390
31280,31280,0,1,1,1,1,605,1391
31281,31281,0,1,0,1,0,605,1391
31282,31282,0,1,0,1,0,605,1391
31283,31283,0,1,0,1,0,605,1391
31284,31284,0,1,1,1,0,605,1391
31285,31285,0,1,0,1,1,605,1391
31286,31286,0,1,0,1,1,605,1391
31287,31287,0,1,0,1,1,605,1391
31288,31288,0,1,1,1,1,605,1391
31289,31289,0,1,0,1,1,605,1391
31290,31290,0,1,0,1,1,605,1391
31291,31291,0,1,0,1,1,606,1391
31292,31292,0,1,1,1,1,606,1391
31293,31293,0,1,0,1,0,606,1391
31294,31294,0,1,0,1,0,606,1391
31295,31295,0,1,0,1,0,606,1391
31296,31296,0,1,1,0,0,606,1391
31297,31297,0,1,0,0,0,606,1391
31298,31298,0,1,0,0,0,606,1391
31299,31299,0,1,0,0,0,606,1391
31300,31300,0,1,1,0,0,606,1392
31301,31301,0,1,0,0,0,606,1392
31302,31302,0,1,0,0,0,606,1392
31303,31303,0,1,0,0,0,606,1392
31304,31304,0,1,1,0,0,606,1392
31305,31305,0,1,0,0,0,606,1392
31306,31306,0,1,0,0,0,606,1392
31307,31307,0,1,0,0,0,606,1392
31308,31308,0,1,1,0,0,606,1392
31309,31309,0,1,0,0,1,606,1392
31310,31310,0,1,0,0,1,606,1392
31311,31311,0,1,0,0,1,606,1392
31312,31312,0,1,1,0,1,606,1392
31313,31313,0,1,0,0,1,606,1392
31314,31314,0,1,0,0,1,606,1392
31315,31315,0,1,0,0,1,606,1392
31316,31316,0,1,1,0,1,606,1392
31317,31317,0,1,0,0,1,606,1392
31318,31318,0,1,0,0,1,606,1392
31319,31319,0,1,0,0,1,606,1392
31320,31320,0,1,1,0,1,606,1393
31321,31321,0,1,0,0,1,606,1393
31322,31322,0,1,0,0,1,606,1393
31323,31323,0,1,0,0,1,606,1393
31324,31324,0,1,1,0,1,606,1393
31325,31325,0,1,0,0,1,606,1393
31326,31326,0,1,0,0,1,606,1393
31327,31327,0,1,0,0,1,606,1393
31328,31328,0,1,1,0,1,606,1393
31329,31329,0,1,0,0,1,606,1393
31330,31330,0,1,0,0,1,606,1393
31331,31331,0,1,0,0,1,606,1393
31332,31332,0,1,1,0,1,606,1393
31333,31333,0,1,0,0,1,606,1393
31334,31334,0,1,0,0,1,606,1393
31335,31335,0,1,0,0,1,606,1393
31336,31336,0,1,1,1,1,606,1393
31337,31337,0,1,0,1,0,606,1393
31338,31338,0,1,0,1,0,606,1393
31339,31339,0,1,0,1,0,606,1393
31340,31340,0,1,1,1,0,606,1394
31341,31341,0,1,0,1,0,606,1394
31342,31342,0,1,0,1,0,606,1394
31343,31343,0,1,0,1,0,606,1394
31344,31344,0,1,1,1,0,606,1394
31345,31345,0,1,0,1,1,606,1394
31346,31346,0,1,0,1,1,606,1394
31347,31347,0,1,0,1,1,606,1394
31348,31348,0,1,1,1,1,606,1394
31349,31349,0,1,0,1,0,606,1394
31350,31350,0,1,0,1,0,606,1394
31351,31351,0,1,0,1,0,606,1394
31352,31352,0,1,1,1,0,606,1394
31353,31353,0,1,0,1,0,606,1394
31354,31354,0,1,0,1,0,606,1394
31355,31355,0,1,0,1,0,606,1394
31356,31356,0,1,1,1,0,606,1394
31357,31357,0,1,0,1,0,606,1394
31358,31358,0,1,0,1,0,606,1394
31359,31359,0,1,0,1,0,606,1394
31360,31360,0,1,1,1,0,606,1395
31361,31361,0,1,0,1,1,606,1395
31362,31362,0,1,0,1,1,606,1395
31363,31363,0,1,0,1,1,606,1395
31364,31364,0,1,1,1,1,606,1395
31365,31365,0,1,0,1,1,606,1395
31366,31366,0,1,0,1,1,606,1395
31367,31367,0,1,0,1,1,606,1395
31368,31368,0,1,1,1,1,606,1395
31369,31369,0,1,0,1,0,606,1395
31370,31370,0,1,0,1,0,606,1395
31371,31371,0,1,0,1,0,606,1395
31372,31372,0,1,1,1,0,606,1395
31373,31373,0,1,0,1,0,606,1395
31374,31374,0,1,0,1,0,606,1395
31375,31375,0,1,0,1,0,606,1395
31376,31376,0,1,1,1,0,606,1395
31377,31377,0,1,0,1,0,606,1395
31378,31378,0,1,0,1,0,606,1395
31379,31379,0,1,0,1,0,606,1395
31380,31380,0,1,1,1,0,606,1396
31381,31381,0,1,0,1,1,606,1396
31382,31382,0,1,0,1,1,606,1396
31383,31383,0,1,0,1,1,606,1396
31384,31384,0,1,1,1,1,606,1396
31385,31385,0,1,0,1,0,606,1396
31386,31386,0,1,0,1,0,606,1396
31387,31387,0,1,0,1,0,606,1396
31388,31388,0,1,1,1,0,606,1396
31389,31389,0,1,0,1,0,606,1396
31390,31390,0,1,0,1,0,606,1396
31391,31391,0,1,0,1,0,606,1396
31392,31392,0,1,1,1,0,606,1396
31393,31393,0,1,0,1,0,606,1396
31394,31394,0,1,0,1,0,606,1396
31395,31395,0,1,0,1,0,606,1396
31396,31396,0,1,1,1,0,606,1396
31397,31397,0,1,0,1,0,606,1396
31398,31398,0,1,0,1,0,606,1396
31399,31399,0,1,0,1,0,606,1396
31400,31400,0,1,1,1,0,606,1397
31401,31401,0,1,0,1,0,606,1397
31402,31402,0,1,0,1,0,606,1397
31403,31403,0,1,0,1,0,606,1397
31404,31404,0,1,1,1,0,606,1397
31405,31405,0,1,0,1,0,606,1397
31406,31406,0,1,0,1,0,606,1397
31407,31407,0,1,0,1,0,606,1397
31408,31408,0,1,1,1,0,606,1397
31409,31409,0,1,0,1,0,606,1397
31410,31410,0,1,0,1,0,606,1397
31411,31411,0,1,0,1,0,606,1397
31412,31412,0,1,1,1,0,606,1397
31413,31413,0,1,0,1,0,606,1397
31414,31414,0,1,0,1,0,606,1397
31415,31415,0,1,0,1,0,606,1397
31416,31416,0,1,1,1,0,606,1397
31417,31417,0,1,0,1,1,606,1397
31418,31418,0,1,0,1,1,606,1397
31419,31419,0,1,0,1,1,606,1397
31420,31420,0,1,1,1,1,606,1398
31421,31421,0,1,0,1,1,606,1398
31422,31422,0,1,0,1,1,606,1398
31423,31423,0,1,0,1,1,606,1398
31424,31424,0,1,1,1,1,606,1398
31425,31425,0,1,0,1,0,606,1398
31426,31426,0,1,0,1,0,606,1398
31427,31427,0,1,0,1,0,606,1398
31428,31428,0,1,1,1,0,606,1398
31429,31429,0,1,0,1,0,606,1398
31430,31430,0,1,0,1,0,606,1398
31431,31431,0,1,0,1,0,606,1398
31432,31432,0,1,1,1,0,606,1398
31433,31433,0,1,0,1,1,606,1398
31434,31434,0,1,0,1,1,606,1398
31435,31435,0,1,0,1,1,606,1398
31436,31436,0,1,1,1,1,606,1398
31437,31437,0,1,0,1,1,606,1398
31438,31438,0,1,0,1,1,606,1398
31439,31439,0,1,0,1,1,606,1398
31440,31440,0,1,1,1,1,606,1399
31441,31441,0,1,0,1,1,606,1399
31442,31442,0,1,0,1,1,606,1399
31443,31443,0,1,0,1,1,606,1399
31444,31444,0,1,1,1,1,606,1399
31445,31445,0,1,0,1,0,606,1399
31446,31446,0,1,0,1,0,606,1399
31447,31447,0,1,0,1,0,606,1399
31448,31448,0,1,1,1,0,606,1399
31449,31449,0,1,0,1,1,606,1399
31450,31450,0,1,0,1,1,606,1399
31451,31451,0,1,0,1,1,607,1399
31452,31452,0,1,1,1,1,607,1399
31453,31453,0,1,0,1,1,607,1399
31454,31454,0,1,0,1,1,607,1399
31455,31455,0,1,0,1,1,607,1399
31456,31456,0,1,1,1,1,607,1399
31457,31457,0,1,0,1,1,607,1399
31458,31458,0,1,0,1,1,607,1399
31459,31459,0,1,0,1,1,607,1399
31460,31460,0,1,1,1,1,607,1400
31461,31461,0,1,0,1,0,607,1400
31462,31462,0,1,0,1,0,607,1400
31463,31463,0,1,0,1,0,607,1400
31464,31464,0,1,1,1,0,607,1400
31465,31465,0,1,0,1,0,607,1400
31466,31466,0,1,0,1,0,607,1400
31467,31467,0,1,0,1,0,607,1400
31468,31468,0,1,1,1,0,607,1400
31469,31469,0,1,0,1,1,607,1400
31470,31470,0,1,0,1,1,607,1400
31471,31471,0,1,0,1,1,608,1400
31472,31472,0,1,1,1,1,608,1400
31473,31473,0,1,0,1,0,608,1400
31474,31474,0,1,0,1,0,608,1400
31475,31475,0,1,0,1,0,608,1400
31476,31476,0,1,1,1,0,608,1400
31477,31477,0,1,0,1,1,608,1400
31478,31478,0,1,0,1,1,608,1400
31479,31479,0,1,0,1,1,608,1400
31480,31480,0,1,1,1,1,608,1401
31481,31481,0,1,0,1,0,608,1401
31482,31482,0,1,0,1,0,608,1401
31483,31483,0,1,0,1,0,608,1401
31484,31484,0,1,1,1,0,608,1401
31485,31485,0,1,0,1,0,608,1401
31486,31486,0,1,0,1,0,608,1401
31487,31487,0,1,0,1,0,608,1401
31488,31488,0,1,1,1,0,608,1401
31489,31489,0,1,0,1,0,608,1401
31490,31490,0,1,0,1,0,608,1401
31491,31491,0,1,0,1,0,608,1401
31492,31492,0,1,1,1,0,608,1401
31493,31493,0,1,0,1,1,608,1401
31494,31494,0,1,0,1,1,608,1401
31495,31495,0,1,0,1,1,608,1401
31496,31496,0,1,1,1,1,608,1401
31497,31497,0,1,0,1,1,608,1401
31498,31498,0,1,0,1,1,608,1401
31499,31499,0,1,0,1,1,608,1401
31500,31500,0,1,1,1,1,608,1402
31501,31501,0,1,0,1,0,608,1402
31502,31502,0,1,0,1,0,608,1402
31503,31503,0,1,0,1,0,608,1402
31504,31504,0,1,1,1,0,608,1402
31505,31505,0,1,0,1,1,608,1402
31506,31506,0,1,0,1,1,608,1402
31507,31507,0,1,0,1,1,608,1402
31508,31508,0,1,1,1,1,608,1402
31509,31509,0,1,0,1,1,608,1402
31510,31510,0,1,0,1,1,608,1402
31511,31511,0,1,0,1,1,609,1402
31512,31512,0,1,1,1,1,609,1402
31513,31513,0,1,0,1,1,609,1402
31514,31514,0,1,0,1,1,609,1402
31515,31515,0,1,0,1,1,609,1402
31516,31516,0,1,1,1,1,609,1402
31517,31517,0,1,0,1,1,609,1402
31518,31518,0,1,0,1,1,609,1402
31519,31519,0,1,0,1,1,609,1402
31520,31520,0,1,1,1,1,609,1403
31521,31521,0,1,0,1,0,609,1403
31522,31522,0,1,0,1,0,609,1403
31523,31523,0,1,0,1,0,609,1403
31524,31524,0,1,1,1,0,609,1403
31525,31525,0,1,0,1,0,609,1403
31526,31526,0,1,0,1,0,609,1403
31527,31527,0,1,0,1,0,609,1403
31528,31528,0,1,1,1,0,609,1403
31529,31529,0,1,0,1,1,609,1403
31530,31530,0,1,0,1,1,609,1403
31531,31531,0,1,0,1,1,610,1403
31532,31532,0,1,1,1,1,610,1403
31533,31533,0,1,0,1,1,610,1403
31534,31534,0,1,0,1,1,610,1403
31535,31535,0,1,0,1,1,610,1403
31536,31536,0,1,1,0,1,610,1403
31537,31537,0,1,0,0,0,610,1403
31538,31538,0,1,0,0,0,610,1403
31539,31539,0,1,0,0,0,610,1403
31540,31540,0,1,1,0,0,610,1404
31541,31541,0,1,0,0,0,610,1404
31542,31542,0,1,0,0,0,610,1404
31543,31543,0,1,0,0,0,610,1404
31544,31544,0,1,1,0,0,610,1404
31545,31545,0,1,0,0,0,610,1404
31546,31546,0,1,0,0,0,610,1404
31547,31547,0,1,0,0,0,610,1404
31548,31548,0,1,1,0,0,610,1404
31549,31549,0,1,0,0,1,610,1404
31550,31550,0,1,0,0,1,610,1404
31551,31551,0,1,0,0,1,610,1404
31552,31552,0,1,1,0,1,610,1404
31553,31553,0,1,0,0,1,610,1404
31554,31554,0,1,0,0,1,610,1404
31555,31555,0,1,0,0,1,610,1404
31556,31556,0,1,1,0,1,610,1404
31557,31557,0,1,0,0,0,610,1404
31558,31558,0,1,0,0,0,610,1404
31559,31559,0,1,0,0,0,610,1404
31560,31560,0,1,1,0,0,610,1405
31561,31561,0,1,0,0,1,610,1405
31562,31562,0,1,0,0,1,610,1405
31563,31563,0,1,0,0,1,610,1405
31564,31564,0,1,1,0,1,610,1405
31565,31565,0,1,0,0,1,610,1405
31566,31566,0,1,0,0,1,610,1405
31567,31567,0,1,0,0,1,610,1405
31568,31568,0,1,1,0,1,610,1405
31569,31569,0,1,0,0,0,610,1405
31570,31570,0,1,0,0,0,610,1405
31571,31571,0,1,0,0,0,611,1405
31572,31572,0,1,1,0,0,611,1405
31573,31573,0,1,0,0,1,611,1405
31574,31574,0,1,0,0,1,611,1405
31575,31575,0,1,0,0,1,611,1405
31576,31576,0,1,1,1,1,611,1405
31577,31577,0,1,0,1,1,611,1405
31578,31578,0,1,0,1,1,611,1405
31579,31579,0,1,0,1,1,611,1405
31580,31580,0,1,1,1,1,611,1406
31581,31581,0,1,0,1,0,611,1406
31582,31582,0,1,0,1,0,611,1406
31583,31583,0,1,0,1,0,611,1406
31584,31584,0,1,1,1,0,611,1406
31585,31585,0,1,0,1,1,611,1406
31586,31586,0,1,0,1,1,611,1406
31587,31587,0,1,0,1,1,611,1406
31588,31588,0,1,1,1,1,611,1406
31589,31589,0,1,0,1,1,611,1406
31590,31590,0,1,0,1,1,611,1406
31591,31591,0,1,0,1,1,612,1406
31592,31592,0,1,1,1,1,612,1406
31593,31593,0,1,0,1,0,612,1406
31594,31594,0,1,0,1,0,612,1406
31595,31595,0,1,0,1,0,612,1406
31596,31596,0,1,1,0,0,612,1406
31597,31597,0,1,0,0,1,612,1406
31598,31598,0,1,0,0,1,612,1406
31599,31599,0,1,0,0,1,612,1406
31600,31600,0,1,1,0,1,612,1407
31601,31601,0,1,0,0,0,612,1407
31602,31602,0,1,0,0,0,612,1407
31603,31603,0,1,0,0,0,612,1407
31604,31604,0,1,1,0,0,612,1407
31605,31605,0,1,0,0,1,612,1407
31606,31606,0,1,0,0,1,612,1407
31607,31607,0,1,0,0,1,612,1407
31608,31608,0,1,1,0,1,612,1407
31609,31609,0,1,0,0,0,612,1407
31610,31610,0,1,0,0,0,612,1407
31611,31611,0,1,0,0,0,613,1407
31612,31612,0,1,1,0,0,613,1407
31613,31613,0,1,0,0,0,613,1407
31614,31614,0,1,0,0,0,613,1407
31615,31615,0,1,0,0,0,613,1407
31616,31616,0,1,1,0,0,613,1407
31617,31617,0,1,0,0,1,613,1407
31618,31618,0,1,0,0,1,613,1407
31619,31619,0,1,0,0,1,613,1407
31620,31620,0,1,1,0,1,613,1408
31621,31621,0,1,0,0,1,613,1408
31622,31622,0,1,0,0,1,613,1408
31623,31623,0,1,0,0,1,613,1408
31624,31624,0,1,1,0,1,613,1408
31625,31625,0,1,0,0,0,613,1408
31626,31626,0,1,0,0,0,613,1408
31627,31627,0,1,0,0,0,613,1408
31628,31628,0,1,1,0,0,613,1408
31629,31629,0,1,0,0,0,613,1408
31630,31630,0,1,0,0,0,613,1408
31631,31631,0,1,0,0,0,614,1408
31632,31632,0,1,1,0,0,614,1408
31633,31633,0,1,0,0,1,614,1408
31634,31634,0,1,0,0,1,614,1408
31635,31635,0,1,0,0,1,614,1408
31636,31636,0,1,1,1,1,614,1408
31637,31637,0,1,0,1,1,614,1408
31638,31638,0,1,0,1,1,614,1408
31639,31639,0,1,0,1,1,614,1408
31640,31640,0,1,1,1,1,614,1409
31641,31641,0,1,0,1,0,614,1409
31642,31642,0,1,0,1,0,614,1409
31643,31643,0,1,0,1,0,614,1409
31644,31644,0,1,1,1,0,614,1409
31645,31645,0,1,0,1,1,614,1409
31646,31646,0,1,0,1,1,614,1409
31647,31647,0,1,0,1,1,614,1409
31648,31648,0,1,1,1,1,614,1409
31649,31649,0,1,0,1,1,614,1409
31650,31650,0,1,0,1,1,614,1409
31651,31651,0,1,0,1,1,615,1409
31652,31652,0,1,1,1,1,615,1409
31653,31653,0,1,0,1,0,615,1409
31654,31654,0,1,0,1,0,615,1409
31655,31655,0,1,0,1,0,615,1409
31656,31656,0,1,1,1,0,615,1409
31657,31657,0,1,0,1,1,615,1409
31658,31658,0,1,0,1,1,615,1409
31659,31659,0,1,0,1,1,615,1409
31660,31660,0,1,1,1,1,615,1410
31661,31661,0,1,0,1,0,615,1410
31662,31662,0,1,0,1,0,615,1410
31663,31663,0,1,0,1,0,615,1410
31664,31664,0,1,1,1,0,615,1410
31665,31665,0,1,0,1,0,615,1410
31666,31666,0,1,0,1,0,615,1410
31667,31667,0,1,0,1,0,615,1410
31668,31668,0,1,1,1,0,615,1410
31669,31669,0,1,0,1,0,615,1410
31670,31670,0,1,0,1,0,615,1410
31671,31671,0,1,0,1,0,615,1410
31672,31672,0,1,1,1,0,615,1410
31673,31673,0,1,0,1,1,615,1410
31674,31674,0,1,0,1,1,615,1410
31675,31675,0,1,0,1,1,615,1410
31676,31676,0,1,1,0,1,615,1410
31677,31677,0,1,0,0,0,615,1410
31678,31678,0,1,0,0,0,615,1410
31679,31679,0,1,0,0,0,615,1410
31680,31680,0,1,1,0,0,615,1411
31681,31681,0,1,0,0,1,615,1411
31682,31682,0,1,0,0,1,615,1411
31683,31683,0,1,0,0,1,615,1411
31684,31684,0,1,1,0,1,615,1411
31685,31685,0,1,0,0,0,615,1411
31686,31686,0,1,0,0,0,615,1411
31687,31687,0,1,0,0,0,615,1411
31688,31688,0,1,1,0,0,615,1411
31689,31689,0,1,0,0,0,615,1411
31690,31690,0,1,0,0,0,615,1411
31691,31691,0,1,0,0,0,616,1411
31692,31692,0,1,1,0,0,616,1411
31693,31693,0,1,0,0,1,616,1411
31694,31694,0,1,0,0,1,616,1411
31695,31695,0,1,0,0,1,616,1411
31696,31696,0,1,1,0,1,616,1411
31697,31697,0,1,0,0,0,616,1411
31698,31698,0,1,0,0,0,616,1411
31699,31699,0,1,0,0,0,616,1411
31700,31700,0,1,1,0,0,616,1412
31701,31701,0,1,0,0,0,616,1412
31702,31702,0,1,0,0,0,616,1412
31703,31703,0,1,0,0,0,616,1412
31704,31704,0,1,1,0,0,616,1412
31705,31705,0,1,0,0,1,616,1412
31706,31706,0,1,0,0,1,616,1412
31707,31707,0,1,0,0,1,616,1412
31708,31708,0,1,1,0,1,616,1412
31709,31709,0,1,0,0,0,616,1412
31710,31710,0,1,0,0,0,616,1412
31711,31711,0,1,0,0,0,617,1412
31712,31712,0,1,1,0,0,617,1412
31713,31713,0,1,0,0,1,617,1412
31714,31714,0,1,0,0,1,617,1412
31715,31715,0,1,0,0,1,617,1412
31716,31716,0,1,1,1,1,617,1412
31717,31717,0,1,0,1,0,617,1412
31718,31718,0,1,0,1,0,617,1412
31719,31719,0,1,0,1,0,617,1412
31720,31720,0,1,1,1,0,617,1413
31721,31721,0,1,0,1,1,617,1413
31722,31722,0,1,0,1,1,617,1413
31723,31723,0,1,0,1,1,617,1413
31724,31724,0,1,1,1,1,617,1413
31725,31725,0,1,0,1,0,617,1413
31726,31726,0,1,0,1,0,617,1413
31727,31727,0,1,0,1,0,617,1413
31728,31728,0,1,1,1,0,617,1413
31729,31729,0,1,0,1,1,617,1413
31730,31730,0,1,0,1,1,617,1413
31731,31731,0,1,0,1,1,618,1413
31732,31732,0,1,1,1,1,618,1413
31733,31733,0,1,0,1,1,618,1413
31734,31734,0,1,0,1,1,618,1413
31735,31735,0,1,0,1,1,618,1413
31736,31736,0,1,1,1,1,618,1413
31737,31737,0,1,0,1,0,618,1413
31738,31738,0,1,0,1,0,618,1413
31739,31739,0,1,0,1,0,618,1413
31740,31740,0,1,1,1,0,618,1414
31741,31741,0,1,0,1,0,618,1414
31742,31742,0,1,0,1,0,618,1414
31743,31743,0,1,0,1,0,618,1414
31744,31744,0,1,1,1,0,618,1414
31745,31745,0,1,0,1,1,618,1414
31746,31746,0,1,0,1,1,618,1414
31747,31747,0,1,0,1,1,618,1414
31748,31748,0,1,1,1,1,618,1414
31749,31749,0,1,0,1,1,618,1414
31750,31750,0,1,0,1,1,618,1414
31751,31751,0,1,0,1,1,619,1414
31752,31752,0,1,1,1,1,619,1414
31753,31753,0,1,0,1,1,619,1414
31754,31754,0,1,0,1,1,619,1414
31755,31755,0,1,0,1,1,619,1414
31756,31756,0,1,1,0,1,619,1414
31757,31757,0,1,0,0,0,619,1414
31758,31758,0,1,0,0,0,619,1414
31759,31759,0,1,0,0,0,619,1414
31760,31760,0,1,1,0,0,619,1415
31761,31761,0,1,0,0,0,619,1415
31762,31762,0,1,0,0,0,619,1415
31763,31763,0,1,0,0,0,619,1415
31764,31764,0,1,1,0,0,619,1415
31765,31765,0,1,0,0,1,619,1415
31766,31766,0,1,0,0,1,619,1415
31767,31767,0,1,0,0,1,619,1415
31768,31768,0,1,1,0,1,619,1415
31769,31769,0,1,0,0,1,619,1415
31770,31770,0,1,0,0,1,619,1415
31771,31771,0,1,0,0,1,619,1415
31772,31772,0,1,1,0,1,619,1415
31773,31773,0,1,0,0,0,619,1415
31774,31774,0,1,0,0,0,619,1415
31775,31775,0,1,0,0,0,619,1415
31776,31776,0,1,1,1,0,619,1415
31777,31777,0,1,0,1,1,619,1415
31778,31778,0,1,0,1,1,619,1415
31779,31779,0,1,0,1,1,619,1415
31780,31780,0,1,1,1,1,619,1416
31781,31781,0,1,0,1,0,619,1416
31782,31782,0,1,0,1,0,619,1416
31783,31783,0,1,0,1,0,619,1416
31784,31784,0,1,1,1,0,619,1416
31785,31785,0,1,0,1,1,619,1416
31786,31786,0,1,0,1,1,619,1416
31787,31787,0,1,0,1,1,619,1416
31788,31788,0,1,1,1,1,619,1416
31789,31789,0,1,0,1,0,619,1416
31790,31790,0,1,0,1,0,619,1416
31791,31791,0,1,0,1,0,619,1416
31792,31792,0,1,1,1,0,619,1416
31793,31793,0,1,0,1,1,619,1416
31794,31794,0,1,0,1,1,619,1416
31795,31795,0,1,0,1,1,619,1416
31796,31796,0,1,1,1,1,619,1416
31797,31797,0,1,0,1,0,619,1416
31798,31798,0,1,0,1,0,619,1416
31799,31799,0,1,0,1,0,619,1416
31800,31800,0,1,1,1,0,619,1417
31801,31801,0,1,0,1,0,619,1417
31802,31802,0,1,0,1,0,619,1417
31803,31803,0,1,0,1,0,619,1417
31804,31804,0,1,1,1,0,619,1417
31805,31805,0,1,0,1,0,619,1417
31806,31806,0,1,0,1,0,619,1417
31807,31807,0,1,0,1,0,619,1417
31808,31808,0,1,1,1,0,619,1417
31809,31809,0,1,0,1,0,619,1417
31810,31810,0,1,0,1,0,619,1417
31811,31811,0,1,0,1,0,619,1417
31812,31812,0,1,1,1,0,619,1417
31813,31813,0,1,0,1,0,619,1417
31814,31814,0,1,0,1,0,619,1417
31815,31815,0,1,0,1,0,619,1417
31816,31816,0,1,1,0,0,619,1417
31817,31817,0,1,0,0,1,619,1417
31818,31818,0,1,0,0,1,619,1417
31819,31819,0,1,0,0,1,619,1417
31820,31820,0,1,1,0,1,619,1418
31821,31821,0,1,0,0,0,619,1418
31822,31822,0,1,0,0,0,619,1418
31823,31823,0,1,0,0,0,619,1418
31824,31824,0,1,1,0,0,619,1418
31825,31825,0,1,0,0,1,619,1418
31826,31826,0,1,0,0,1,619,1418
31827,31827,0,1,0,0,1,619,1418
31828,31828,0,1,1,0,1,619,1418
31829,31829,0,1,0,0,1,619,1418
31830,31830,0,1,0,0,1,619,1418
31831,31831,0,1,0,0,1,619,1418
31832,31832,0,1,1,0,1,619,1418
31833,31833,0,1,0,0,1,619,1418
31834,31834,0,1,0,0,1,619,1418
31835,31835,0,1,0,0,1,619,1418
31836,31836,0,1,1,0,1,619,1418
31837,31837,0,1,0,0,1,619,1418
31838,31838,0,1,0,0,1,619,1418
31839,31839,0,1,0,0,1,619,1418
31840,31840,0,1,1,0,1,619,1419
31841,31841,0,1,0,0,1,619,1419
31842,31842,0,1,0,0,1,619,1419
31843,31843,0,1,0,0,1,619,1419
31844,31844,0,1,1,0,1,619,1419
31845,31845,0,1,0,0,1,619,1419
31846,31846,0,1,0,0,1,619,1419
31847,31847,0,1,0,0,1,619,1419
31848,31848,0,1,1,0,1,619,1419
31849,31849,0,1,0,0,0,619,1419
31850,31850,0,1,0,0,0,619,1419
31851,31851,0,1,0,0,0,620,1419
31852,31852,0,1,1,0,0,620,1419
31853,31853,0,1,0,0,1,620,1419
31854,31854,0,1,0,0,1,620,1419
31855,31855,0,1,0,0,1,620,1419
31856,31856,0,1,1,1,1,620,1419
31857,31857,0,1,0,1,1,620,1419
31858,31858,0,1,0,1,1,620,1419
31859,31859,0,1,0,1,1,620,1419
31860,31860,0,1,1,1,1,620,1420
31861,31861,0,1,0,1,0,620,1420
31862,31862,0,1,0,1,0,620,1420
31863,31863,0,1,0,1,0,620,1420
31864,31864,0,1,1,1,0,620,1420
31865,31865,0,1,0,1,1,620,1420
31866,31866,0,1,0,1,1,620,1420
31867,31867,0,1,0,1,1,620,1420
31868,31868,0,1,1,1,1,620,1420
31869,31869,0,1,0,1,1,620,1420
31870,31870,0,1,0,1,1,620,1420
31871,31871,0,1,0,1,1,621,1420
31872,31872,0,1,1,1,1,621,1420
31873,31873,0,1,0,1,0,621,1420
31874,31874,0,1,0,1,0,621,1420
31875,31875,0,1,0,1,0,621,1420
31876,31876,0,1,1,1,0,621,1420
31877,31877,0,1,0,1,0,621,1420
31878,31878,0,1,0,1,0,621,1420
31879,31879,0,1,0,1,0,621,1420
31880,31880,0,1,1,1,0,621,1421
31881,31881,0,1,0,1,1,621,1421
31882,31882,0,1,0,1,1,621,1421
31883,31883,0,1,0,1,1,621,1421
31884,31884,0,1,1,1,1,621,1421
31885,31885,0,1,0,1,0,621,1421
31886,31886,0,1,0,1,0,621,1421
31887,31887,0,1,0,1,0,621,1421
31888,31888,0,1,1,1,0,621,1421
31889,31889,0,1,0,1,0,621,1421
31890,31890,0,1,0,1,0,621,1421
31891,31891,0,1,0,1,0,621,1421
31892,31892,0,1,1,1,0,621,1421
31893,31893,0,1,0,1,0,621,1421
31894,31894,0,1,0,1,0,621,1421
31895,31895,0,1,0,1,0,621,1421
31896,31896,0,1,1,1,0,621,1421
31897,31897,0,1,0,1,0,621,1421
31898,31898,0,1,0,1,0,621,1421
31899,31899,0,1,0,1,0,621,1421
31900,31900,0,1,1,1,0,621,1422
31901,31901,0,1,0,1,1,621,1422
31902,31902,0,1,0,1,1,621,1422
31903,31903,0,1,0,1,1,621,1422
31904,31904,0,1,1,1,1,621,1422
31905,31905,0,1,0,1,1,621,1422
31906,31906,0,1,0,1,1,621,1422
31907,31907,0,1,0,1,1,621,1422
31908,31908,0,1,1,1,1,621,1422
31909,31909,0,1,0,1,0,621,1422
31910,31910,0,1,0,1,0,621,1422
31911,31911,0,1,0,1,0,621,1422
31912,31912,0,1,1,1,0,621,1422
31913,31913,0,1,0,1,1,621,1422
31914,31914,0,1,0,1,1,621,1422
31915,31915,0,1,0,1,1,621,1422
31916,31916,0,1,1,1,1,621,1422
31917,31917,0,1,0,1,0,621,1422
31918,31918,0,1,0,1,0,621,1422
31919,31919,0,1,0,1,0,621,1422
31920,31920,0,1,1,1,0,621,1423
31921,31921,0,1,0,1,0,621,1423
31922,31922,0,1,0,1,0,621,1423
31923,31923,0,1,0,1,0,621,1423
31924,31924,0,1,1,1,0,621,1423
31925,31925,0,1,0,1,0,621,1423
31926,31926,0,1,0,1,0,621,1423
31927,31927,0,1,0,1,0,621,1423
31928,31928,0,1,1,1,0,621,1423
31929,31929,0,1,0,1,1,621,1423
31930,31930,0,1,0,1,1,621,1423
31931,31931,0,1,0,1,1,622,1423
31932,31932,0,1,1,1,1,622,1423
31933,31933,0,1,0,1,1,622,1423
31934,31934,0,1,0,1,1,622,1423
31935,31935,0,1,0,1,1,622,1423
31936,31936,0,1,1,0,1,622,1423
31937,31937,0,1,0,0,0,622,1423
31938,31938,0,1,0,0,0,622,1423
31939,31939,0,1,0,0,0,622,1423
31940,31940,0,1,1,0,0,622,1424
31941,31941,0,1,0,0,1,622,1424
31942,31942,0,1,0,0,1,622,1424
31943,31943,0,1,0,0,1,622,1424
31944,31944,0,1,1,0,1,622,1424
31945,31945,0,1,0,0,0,622,1424
31946,31946,0,1,0,0,0,622,1424
31947,31947,0,1,0,0,0,622,1424
31948,31948,0,1,1,0,0,622,1424
31949,31949,0,1,0,0,1,622,1424
31950,31950,0,1,0,0,1,622,1424
31951,31951,0,1,0,0,1,622,1424
31952,31952,0,1,1,0,1,622,1424
31953,31953,0,1,0,0,0,622,1424
31954,31954,0,1,0,0,0,622,1424
31955,31955,0,1,0,0,0,622,1424
31956,31956,0,1,1,0,0,622,1424
31957,31957,0,1,0,0,0,622,1424
31958,31958,0,1,0,0,0,622,1424
31959,31959,0,1,0,0,0,622,1424
31960,31960,0,1,1,0,0,622,1425
31961,31961,0,1,0,0,0,622,1425
31962,31962,0,1,0,0,0,622,1425
31963,31963,0,1,0,0,0,622,1425
31964,31964,0,1,1,0,0,622,1425
31965,31965,0,1,0,0,1,622,1425
31966,31966,0,1,0,0,1,622,1425
31967,31967,0,1,0,0,1,622,1425
31968,31968,0,1,1,0,1,622,1425
31969,31969,0,1,0,0,0,622,1425
31970,31970,0,1,0,0,0,622,1425
31971,31971,0,1,0,0,0,623,1425
31972,31972,0,1,1,0,0,623,1425
31973,31973,0,1,0,0,1,623,1425
31974,31974,0,1,0,0,1,623,1425
31975,31975,0,1,0,0,1,623,1425
31976,31976,0,1,1,0,1,623,1425
31977,31977,0,1,0,0,1,623,1425
31978,31978,0,1,0,0,1,623,1425
31979,31979,0,1,0,0,1,623,1425
31980,31980,0,1,1,0,1,623,1426
31981,31981,0,1,0,0,0,623,1426
31982,31982,0,1,0,0,0,623,1426
31983,31983,0,1,0,0,0,623,1426
31984,31984,0,1,1,0,0,623,1426
31985,31985,0,1,0,0,0,623,1426
31986,31986,0,1,0,0,0,623,1426
31987,31987,0,1,0,0,0,623,1426
31988,31988,0,1,1,0,0,623,1426
31989,31989,0,1,0,0,0,623,1426
31990,31990,0,1,0,0,0,623,1426
31991,31991,0,1,0,0,0,624,1426
31992,31992,0,1,1,0,0,624,1426
31993,31993,0,1,0,0,0,624,1426
31994,31994,0,1,0,0,0,624,1426
31995,31995,0,1,0,0,0,624,1426
31996,31996,0,1,1,0,0,624,1426
31997,31997,0,1,0,0,1,624,1426
31998,31998,0,1,0,0,1,624,1426
31999,31999,0,1,0,0,1,624,1426
32000,32000,0,1,1,0,1,624,1427
32001,32001,0,1,0,0,0,624,1427
32002,32002,0,1,0,0,0,624,1427
32003,32003,0,1,0,0,0,624,1427
32004,32004,0,1,1,0,0,624,1427
32005,32005,0,1,0,0,0,624,1427
32006,32006,0,1,0,0,0,624,1427
32007,32007,0,1,0,0,0,624,1427
32008,32008,0,1,1,0,0,624,1427
32009,32009,0,1,0,0,1,624,1427
32010,32010,0,1,0,0,1,624,1427
32011,32011,0,1,0,0,1,624,1427
32012,32012,0,1,1,0,1,624,1427
32013,32013,0,1,0,0,1,624,1427
32014,32014,0,1,0,0,1,624,1427
32015,32015,0,1,0,0,1,624,1427
32016,32016,0,1,1,0,1,624,1427
32017,32017,0,1,0,0,0,624,1427
32018,32018,0,1,0,0,0,624,1427
32019,32019,0,1,0,0,0,624,1427
32020,32020,0,1,1,0,0,624,1428
32021,32021,0,1,0,0,1,624,1428
32022,32022,0,1,0,0,1,624,1428
32023,32023,0,1,0,0,1,624,1428
32024,32024,0,1,1,0,1,624,1428
32025,32025,0,1,0,0,1,624,1428
32026,32026,0,1,0,0,1,624,1428
32027,32027,0,1,0,0,1,624,1428
32028,32028,0,1,1,0,1,624,1428
32029,32029,0,1,0,0,1,624,1428
32030,32030,0,1,0,0,1,624,1428
32031,32031,0,1,0,0,1,624,1428
32032,32032,0,1,1,0,1,624,1428
32033,32033,0,1,0,0,0,624,1428
32034,32034,0,1,0,0,0,624,1428
32035,32035,0,1,0,0,0,624,1428
32036,32036,0,1,1,0,0,624,1428
32037,32037,0,1,0,0,1,624,1428
32038,32038,0,1,0,0,1,624,1428
32039,32039,0,1,0,0,1,624,1428
32040,32040,0,1,1,0,1,624,1429
32041,32041,0,1,0,0,1,624,1429
32042,32042,0,1,0,0,1,624,1429
32043,32043,0,1,0,0,1,624,1429
32044,32044,0,1,1,0,1,624,1429
32045,32045,0,1,0,0,1,624,1429
32046,32046,0,1,0,0,1,624,1429
32047,32047,0,1,0,0,1,624,1429
32048,32048,0,1,1,0,1,624,1429
32049,32049,0,1,0,0,1,624,1429
32050,32050,0,1,0,0,1,624,1429
32051,32051,0,1,0,0,1,624,1429
32052,32052,0,1,1,0,1,624,1429
32053,32053,0,1,0,0,0,624,1429
32054,32054,0,1,0,0,0,624,1429
32055,32055,0,1,0,0,0,624,1429
32056,32056,0,1,1,0,0,624,1429
32057,32057,0,1,0,0,1,624,1429
32058,32058,0,1,0,0,1,624,1429
32059,32059,0,1,0,0,1,624,1429
32060,32060,0,1,1,0,1,624,1430
32061,32061,0,1,0,0,1,624,1430
32062,32062,0,1,0,0,1,624,1430
32063,32063,0,1,0,0,1,624,1430
32064,32064,0,1,1,0,1,624,1430
32065,32065,0,1,0,0,1,624,1430
32066,32066,0,1,0,0,1,624,1430
32067,32067,0,1,0,0,1,624,1430
32068,32068,0,1,1,0,1,624,1430
32069,32069,0,1,0,0,1,624,1430
32070,32070,0,1,0,0,1,624,1430
32071,32071,0,1,0,0,1,624,1430
32072,32072,0,1,1,0,1,624,1430
32073,32073,0,1,0,0,1,624,1430
32074,32074,0,1,0,0,1,624,1430
32075,32075,0,1,0,0,1,624,1430
32076,32076,0,1,1,1,1,624,1430
32077,32077,0,1,0,1,0,624,1430
32078,32078,0,1,0,1,0,624,1430
32079,32079,0,1,0,1,0,624,1430
32080,32080,0,1,1,1,0,624,1431
32081,32081,0,1,0,1,0,624,1431
32082,32082,0,1,0,1,0,624,1431
32083,32083,0,1,0,1,0,624,1431
32084,32084,0,1,1,1,0,624,1431
32085,32085,0,1,0,1,0,624,1431
32086,32086,0,1,0,1,0,624,1431
32087,32087,0,1,0,1,0,624,1431
32088,32088,0,1,1,1,0,624,1431
32089,32089,0,1,0,1,0,624,1431
32090,32090,0,1,0,1,0,624,1431
32091,32091,0,1,0,1,0,624,1431
32092,32092,0,1,1,1,0,624,1431
32093,32093,0,1,0,1,0,624,1431
32094,32094,0,1,0,1,0,624,1431
32095,32095,0,1,0,1,0,624,1431
32096,32096,0,1,1,1,0,624,1431
32097,32097,0,1,0,1,0,624,1431
32098,32098,0,1,0,1,0,624,1431
32099,32099,0,1,0,1,0,624,1431
32100,32100,0,1,1,1,0,624,1432
32101,32101,0,1,0,1,0,624,1432
32102,32102,0,1,0,1,0,624,1432
32103,32103,0,1,0,1,0,624,1432
32104,32104,0,1,1,1,0,624,1432
32105,32105,0,1,0,1,0,624,1432
32106,32106,0,1,0,1,0,624,1432
32107,32107,0,1,0,1,0,624,1432
32108,32108,0,1,1,1,0,624,1432
32109,32109,0,1,0,1,1,624,1432
32110,32110,0,1,0,1,1,624,1432
32111,32111,0,1,0,1,1,625,1432
32112,32112,0,1,1,1,1,625,1432
32113,32113,0,1,0,1,1,625,1432
32114,32114,0,1,0,1,1,625,1432
32115,32115,0,1,0,1,1,625,1432
32116,32116,0,1,1,1,1,625,1432
32117,32117,0,1,0,1,1,625,1432
32118,32118,0,1,0,1,1,625,1432
32119,32119,0,1,0,1,1,625,1432
32120,32120,0,1,1,1,1,625,1433
32121,32121,0,1,0,1,0,625,1433
32122,32122,0,1,0,1,0,625,1433
32123,32123,0,1,0,1,0,625,1433
32124,32124,0,1,1,1,0,625,1433
32125,32125,0,1,0,1,1,625,1433
32126,32126,0,1,0,1,1,625,1433
32127,32127,0,1,0,1,1,625,1433
32128,32128,0,1,1,1,1,625,1433
32129,32129,0,1,0,1,1,625,1433
32130,32130,0,1,0,1,1,625,1433
32131,32131,0,1,0,1,1,626,1433
32132,32132,0,1,1,1,1,626,1433
32133,32133,0,1,0,1,0,626,1433
32134,32134,0,1,0,1,0,626,1433
32135,32135,0,1,0,1,0,626,1433
32136,32136,0,1,1,0,0,626,1433
32137,32137,0,1,0,0,1,626,1433
32138,32138,0,1,0,0,1,626,1433
32139,32139,0,1,0,0,1,626,1433
32140,32140,0,1,1,0,1,626,1434
32141,32141,0,1,0,0,1,626,1434
32142,32142,0,1,0,0,1,626,1434
32143,32143,0,1,0,0,1,626,1434
32144,32144,0,1,1,0,1,626,1434
32145,32145,0,1,0,0,1,626,1434
32146,32146,0,1,0,0,1,626,1434
32147,32147,0,1,0,0,1,626,1434
32148,32148,0,1,1,0,1,626,1434
32149,32149,0,1,0,0,1,626,1434
32150,32150,0,1,0,0,1,626,1434
32151,32151,0,1,0,0,1,626,1434
32152,32152,0,1,1,0,1,626,1434
32153,32153,0,1,0,0,0,626,1434
32154,32154,0,1,0,0,0,626,1434
32155,32155,0,1,0,0,0,626,1434
32156,32156,0,1,1,0,0,626,1434
32157,32157,0,1,0,0,1,626,1434
32158,32158,0,1,0,0,1,626,1434
32159,32159,0,1,0,0,1,626,1434
32160,32160,0,1,1,0,1,626,1435
32161,32161,0,1,0,0,1,626,1435
32162,32162,0,1,0,0,1,626,1435
32163,32163,0,1,0,0,1,626,1435
32164,32164,0,1,1,0,1,626,1435
32165,32165,0,1,0,0,0,626,1435
32166,32166,0,1,0,0,0,626,1435
32167,32167,0,1,0,0,0,626,1435
32168,32168,0,1,1,0,0,626,1435
32169,32169,0,1,0,0,1,626,1435
32170,32170,0,1,0,0,1,626,1435
32171,32171,0,1,0,0,1,626,1435
32172,32172,0,1,1,0,1,626,1435
32173,32173,0,1,0,0,1,626,1435
32174,32174,0,1,0,0,1,626,1435
32175,32175,0,1,0,0,1,626,1435
32176,32176,0,1,1,0,1,626,1435
32177,32177,0,1,0,0,0,626,1435
32178,32178,0,1,0,0,0,626,1435
32179,32179,0,1,0,0,0,626,1435
32180,32180,0,1,1,0,0,626,1436
32181,32181,0,1,0,0,0,626,1436
32182,32182,0,1,0,0,0,626,1436
32183,32183,0,1,0,0,0,626,1436
32184,32184,0,1,1,0,0,626,1436
32185,32185,0,1,0,0,0,626,1436
32186,32186,0,1,0,0,0,626,1436
32187,32187,0,1,0,0,0,626,1436
32188,32188,0,1,1,0,0,626,1436
32189,32189,0,1,0,0,0,626,1436
32190,32190,0,1,0,0,0,626,1436
32191,32191,0,1,0,0,0,627,1436
32192,32192,0,1,1,0,0,627,1436
32193,32193,0,1,0,0,1,627,1436
32194,32194,0,1,0,0,1,627,1436
32195,32195,0,1,0,0,1,627,1436
32196,32196,0,1,1,1,1,627,1436
32197,32197,0,1,0,1,1,627,1436
32198,32198,0,1,0,1,1,627,1436
32199,32199,0,1,0,1,1,627,1436
32200,32200,0,1,1,1,1,627,1437
32201,32201,0,1,0,1,0,627,1437
32202,32202,0,1,0,1,0,627,1437
32203,32203,0,1,0,1,0,627,1437
32204,32204,0,1,1,1,0,627,1437
32205,32205,0,1,0,1,0,627,1437
32206,32206,0,1,0,1,0,627,1437
32207,32207,0,1,0,1,0,627,1437
32208,32208,0,1,1,1,0,627,1437
32209,32209,0,1,0,1,1,627,1437
32210,32210,0,1,0,1,1,627,1437
32211,32211,0,1,0,1,1,628,1437
32212,32212,0,1,1,1,1,628,1437
32213,32213,0,1,0,1,0,628,1437
32214,32214,0,1,0,1,0,628,1437
32215,32215,0,1,0,1,0,628,1437
32216,32216,0,1,1,0,0,628,1437
32217,32217,0,1,0,0,1,628,1437
32218,32218,0,1,0,0,1,628,1437
32219,32219,0,1,0,0,1,628,1437
32220,32220,0,1,1,0,1,628,1438
32221,32221,0,1,0,0,0,628,1438
32222,32222,0,1,0,0,0,628,1438
32223,32223,0,1,0,0,0,628,1438
32224,32224,0,1,1,0,0,628,1438
32225,32225,0,1,0,0,0,628,1438
32226,32226,0,1,0,0,0,628,1438
32227,32227,0,1,0,0,0,628,1438
32228,32228,0,1,1,0,0,628,1438
32229,32229,0,1,0,0,0,628,1438
32230,32230,0,1,0,0,0,628,1438
32231,32231,0,1,0,0,0,629,1438
32232,32232,0,1,1,0,0,629,1438
32233,32233,0,1,0,0,0,629,1438
32234,32234,0,1,0,0,0,629,1438
32235,32235,0,1,0,0,0,629,1438
32236,32236,0,1,1,1,0,629,1438
32237,32237,0,1,0,1,1,629,1438
32238,32238,0,1,0,1,1,629,1438
32239,32239,0,1,0,1,1,629,1438
32240,32240,0,1,1,1,1,629,1439
32241,32241,0,1,0,1,1,629,1439
32242,32242,0,1,0,1,1,629,1439
32243,32243,0,1,0,1,1,629,1439
32244,32244,0,1,1,1,1,629,1439
32245,32245,0,1,0,1,0,629,1439
32246,32246,0,1,0,1,0,629,1439
32247,32247,0,1,0,1,0,629,1439
32248,32248,0,1,1,1,0,629,1439
32249,32249,0,1,0,1,1,629,1439
32250,32250,0,1,0,1,1,629,1439
32251,32251,0,1,0,1,1,630,1439
32252,32252,0,1,1,1,1,630,1439
32253,32253,0,1,0,1,0,630,1439
32254,32254,0,1,0,1,0,630,1439
32255,32255,0,1,0,1,0,630,1439
32256,32256,0,1,1,0,0,630,1439
32257,32257,0,1,0,0,1,630,1439
32258,32258,0,1,0,0,1,630,1439
32259,32259,0,1,0,0,1,630,1439
32260,32260,0,1,1,0,1,630,1440
32261,32261,0,1,0,0,0,630,1440
32262,32262,0,1,0,0,0,630,1440
32263,32263,0,1,0,0,0,630,1440
32264,32264,0,1,1,0,0,630,1440
32265,32265,0,1,0,0,0,630,1440
32266,32266,0,1,0,0,0,630,1440
32267,32267,0,1,0,0,0,630,1440
32268,32268,0,1,1,0,0,630,1440
32269,32269,0,1,0,0,0,630,1440
32270,32270,0,1,0,0,0,630,1440
32271,32271,0,1,0,0,0,631,1440
32272,32272,0,1,1,0,0,631,1440
32273,32273,0,1,0,0,0,631,1440
32274,32274,0,1,0,0,0,631,1440
32275,32275,0,1,0,0,0,631,1440
32276,32276,0,1,1,1,0,631,1440
32277,32277,0,1,0,1,1,631,1440
32278,32278,0,1,0,1,1,631,1440
32279,32279,0,1,0,1,1,631,1440
32280,32280,0,1,1,1,1,631,1441
32281,32281,0,1,0,1,1,631,1441
32282,32282,0,1,0,1,1,631,1441
32283,32283,0,1,0,1,1,631,1441
32284,32284,0,1,1,1,1,631,1441
32285,32285,0,1,0,1,0,631,1441
32286,32286,0,1,0,1,0,631,1441
32287,32287,0,1,0,1,0,631,1441
32288,32288,0,1,1,1,0,631,1441
32289,32289,0,1,0,1,0,631,1441
32290,32290,0,1,0,1,0,631,1441
32291,32291,0,1,0,1,0,631,1441
32292,32292,0,1,1,1,0,631,1441
32293,32293,0,1,0,1,0,631,1441
32294,32294,0,1,0,1,0,631,1441
32295,32295,0,1,0,1,0,631,1441
32296,32296,0,1,1,0,0,631,1441
32297,32297,0,1,0,0,1,631,1441
32298,32298,0,1,0,0,1,631,1441
32299,32299,0,1,0,0,1,631,1441
32300,32300,0,1,1,0,1,631,1442
32301,32301,0,1,0,0,0,631,1442
32302,32302,0,1,0,0,0,631,1442
32303,32303,0,1,0,0,0,631,1442
32304,32304,0,1,1,0,0,631,1442
32305,32305,0,1,0,0,0,631,1442
32306,32306,0,1,0,0,0,631,1442
32307,32307,0,1,0,0,0,631,1442
32308,32308,0,1,1,0,0,631,1442
32309,32309,0,1,0,0,1,631,1442
32310,32310,0,1,0,0,1,631,1442
32311,32311,0,1,0,0,1,631,1442
32312,32312,0,1,1,0,1,631,1442
32313,32313,0,1,0,0,0,631,1442
32314,32314,0,1,0,0,0,631,1442
32315,32315,0,1,0,0,0,631,1442
32316,32316,0,1,1,0,0,631,1442
32317,32317,0,1,0,0,1,631,1442
32318,32318,0,1,0,0,1,631,1442
32319,32319,0,1,0,0,1,631,1442
32320,32320,0,1,1,0,1,631,1443
32321,32321,0,1,0,0,0,631,1443
32322,32322,0,1,0,0,0,631,1443
32323,32323,0,1,0,0,0,631,1443
32324,32324,0,1,1,0,0,631,1443
32325,32325,0,1,0,0,0,631,1443
32326,32326,0,1,0,0,0,631,1443
32327,32327,0,1,0,0,0,631,1443
32328,32328,0,1,1,0,0,631,1443
32329,32329,0,1,0,0,1,631,1443
32330,32330,0,1,0,0,1,631,1443
32331,32331,0,1,0,0,1,631,1443
32332,32332,0,1,1,0,1,631,1443
32333,32333,0,1,0,0,1,631,1443
32334,32334,0,1,0,0,1,631,1443
32335,32335,0,1,0,0,1,631,1443
32336,32336,0,1,1,0,1,631,1443
32337,32337,0,1,0,0,0,631,1443
32338,32338,0,1,0,0,0,631,1443
32339,32339,0,1,0,0,0,631,1443
32340,32340,0,1,1,0,0,631,1444
32341,32341,0,1,0,0,1,631,1444
32342,32342,0,1,0,0,1,631,1444
32343,32343,0,1,0,0,1,631,1444
32344,32344,0,1,1,0,1,631,1444
32345,32345,0,1,0,0,1,631,1444
32346,32346,0,1,0,0,1,631,1444
32347,32347,0,1,0,0,1,631,1444
32348,32348,0,1,1,0,1,631,1444
32349,32349,0,1,0,0,0,631,1444
32350,32350,0,1,0,0,0,631,1444
32351,32351,0,1,0,0,0,632,1444
32352,32352,0,1,1,0,0,632,1444
32353,32353,0,1,0,0,1,632,1444
32354,32354,0,1,0,0,1,632,1444
32355,32355,0,1,0,0,1,632,1444
32356,32356,0,1,1,1,1,632,1444
32357,32357,0,1,0,1,0,632,1444
32358,32358,0,1,0,1,0,632,1444
32359,32359,0,1,0,1,0,632,1444
32360,32360,0,1,1,1,0,632,1445
32361,32361,0,1,0,1,0,632,1445
32362,32362,0,1,0,1,0,632,1445
32363,32363,0,1,0,1,0,632,1445
32364,32364,0,1,1,1,0,632,1445
32365,32365,0,1,0,1,0,632,1445
32366,32366,0,1,0,1,0,632,1445
32367,32367,0,1,0,1,0,632,1445
32368,32368,0,1,1,1,0,632,1445
32369,32369,0,1,0,1,1,632,1445
32370,32370,0,1,0,1,1,632,1445
32371,32371,0,1,0,1,1,633,1445
32372,32372,0,1,1,1,1,633,1445
32373,32373,0,1,0,1,1,633,1445
32374,32374,0,1,0,1,1,633,1445
32375,32375,0,1,0,1,1,633,1445
32376,32376,0,1,1,0,1,633,1445
32377,32377,0,1,0,0,0,633,1445
32378,32378,0,1,0,0,0,633,1445
32379,32379,0,1,0,0,0,633,1445
32380,32380,0,1,1,0,0,633,1446
32381,32381,0,1,0,0,1,633,1446
32382,32382,0,1,0,0,1,633,1446
32383,32383,0,1,0,0,1,633,1446
32384,32384,0,1,1,0,1,633,1446
32385,32385,0,1,0,0,1,633,1446
32386,32386,0,1,0,0,1,633,1446
32387,32387,0,1,0,0,1,633,1446
32388,32388,0,1,1,0,1,633,1446
32389,32389,0,1,0,0,1,633,1446
32390,32390,0,1,0,0,1,633,1446
32391,32391,0,1,0,0,1,633,1446
32392,32392,0,1,1,0,1,633,1446
32393,32393,0,1,0,0,0,633,1446
32394,32394,0,1,0,0,0,633,1446
32395,32395,0,1,0,0,0,633,1446
32396,32396,0,1,1,0,0,633,1446
32397,32397,0,1,0,0,0,633,1446
32398,32398,0,1,0,0,0,633,1446
32399,32399,0,1,0,0,0,633,1446
32400,32400,0,1,1,0,0,633,1447
32401,32401,0,1,0,0,1,633,1447
32402,32402,0,1,0,0,1,633,1447
32403,32403,0,1,0,0,1,633,1447
32404,32404,0,1,1,0,1,633,1447
32405,32405,0,1,0,0,1,633,1447
32406,32406,0,1,0,0,1,633,1447
32407,32407,0,1,0,0,1,633,1447
32408,32408,0,1,1,0,1,633,1447
32409,32409,0,1,0,0,1,633,1447
32410,32410,0,1,0,0,1,633,1447
32411,32411,0,1,0,0,1,633,1447
32412,32412,0,1,1,0,1,633,1447
32413,32413,0,1,0,0,1,633,1447
32414,32414,0,1,0,0,1,633,1447
32415,32415,0,1,0,0,1,633,1447
32416,32416,0,1,1,0,1,633,1447
32417,32417,0,1,0,0,0,633,1447
32418,32418,0,1,0,0,0,633,1447
32419,32419,0,1,0,0,0,633,1447
32420,32420,0,1,1,0,0,633,1448
32421,32421,0,1,0,0,1,633,1448
32422,32422,0,1,0,0,1,633,1448
32423,32423,0,1,0,0,1,633,1448
32424,32424,0,1,1,0,1,633,1448
32425,32425,0,1,0,0,1,633,1448
32426,32426,0,1,0,0,1,633,1448
32427,32427,0,1,0,0,1,633,1448
32428,32428,0,1,1,0,1,633,1448
32429,32429,0,1,0,0,0,633,1448
32430,32430,0,1,0,0,0,633,1448
32431,32431,0,1,0,0,0,634,1448
32432,32432,0,1,1,0,0,634,1448
32433,32433,0,1,0,0,1,634,1448
32434,32434,0,1,0,0,1,634,1448
32435,32435,0,1,0,0,1,634,1448
32436,32436,0,1,1,1,1,634,1448
32437,32437,0,1,0,1,0,634,1448
32438,32438,0,1,0,1,0,634,1448
32439,32439,0,1,0,1,0,634,1448
32440,32440,0,1,1,1,0,634,1449
32441,32441,0,1,0,1,0,634,1449
32442,32442,0,1,0,1,0,634,1449
32443,32443,0,1,0,1,0,634,1449
32444,32444,0,1,1,1,0,634,1449
32445,32445,0,1,0,1,0,634,1449
32446,32446,0,1,0,1,0,634,1449
32447,32447,0,1,0,1,0,634,1449
32448,32448,0,1,1,1,0,634,1449
32449,32449,0,1,0,1,0,634,1449
32450,32450,0,1,0,1,0,634,1449
32451,32451,0,1,0,1,0,634,1449
32452,32452,0,1,1,1,0,634,1449
32453,32453,0,1,0,1,0,634,1449
32454,32454,0,1,0,1,0,634,1449
32455,32455,0,1,0,1,0,634,1449
32456,32456,0,1,1,1,0,634,1449
32457,32457,0,1,0,1,0,634,1449
32458,32458,0,1,0,1,0,634,1449
32459,32459,0,1,0,1,0,634,1449
32460,32460,0,1,1,1,0,634,1450
32461,32461,0,1,0,1,0,634,1450
32462,32462,0,1,0,1,0,634,1450
32463,32463,0,1,0,1,0,634,1450
32464,32464,0,1,1,1,0,634,1450
32465,32465,0,1,0,1,0,634,1450
32466,32466,0,1,0,1,0,634,1450
32467,32467,0,1,0,1,0,634,1450
32468,32468,0,1,1,1,0,634,1450
32469,32469,0,1,0,1,1,634,1450
32470,32470,0,1,0,1,1,634,1450
32471,32471,0,1,0,1,1,635,1450
32472,32472,0,1,1,1,1,635,1450
32473,32473,0,1,0,1,0,635,1450
32474,32474,0,1,0,1,0,635,1450
32475,32475,0,1,0,1,0,635,1450
32476,32476,0,1,1,1,0,635,1450
32477,32477,0,1,0,1,1,635,1450
32478,32478,0,1,0,1,1,635,1450
32479,32479,0,1,0,1,1,635,1450
32480,32480,0,1,1,1,1,635,1451
32481,32481,0,1,0,1,1,635,1451
32482,32482,0,1,0,1,1,635,1451
32483,32483,0,1,0,1,1,635,1451
32484,32484,0,1,1,1,1,635,1451
32485,32485,0,1,0,1,0,635,1451
32486,32486,0,1,0,1,0,635,1451
32487,32487,0,1,0,1,0,635,1451
32488,32488,0,1,1,1,0,635,1451
32489,32489,0,1,0,1,0,635,1451
32490,32490,0,1,0,1,0,635,1451
32491,32491,0,1,0,1,0,635,1451
32492,32492,0,1,1,1,0,635,1451
32493,32493,0,1,0,1,0,635,1451
32494,32494,0,1,0,1,0,635,1451
32495,32495,0,1,0,1,0,635,1451
32496,32496,0,1,1,0,0,635,1451
32497,32497,0,1,0,0,0,635,1451
32498,32498,0,1,0,0,0,635,1451
32499,32499,0,1,0,0,0,635,1451
32500,32500,0,1,1,0,0,635,1452
32501,32501,0,1,0,0,0,635,1452
32502,32502,0,1,0,0,0,635,1452
32503,32503,0,1,0,0,0,635,1452
32504,32504,0,1,1,0,0,635,1452
32505,32505,0,1,0,0,1,635,1452
32506,32506,0,1,0,0,1,635,1452
32507,32507,0,1,0,0,1,635,1452
32508,32508,0,1,1,0,1,635,1452
32509,32509,0,1,0,0,0,635,1452
32510,32510,0,1,0,0,0,635,1452
32511,32511,0,1,0,0,0,636,1452
32512,32512,0,1,1,0,0,636,1452
32513,32513,0,1,0,0,0,636,1452
32514,32514,0,1,0,0,0,636,1452
32515,32515,0,1,0,0,0,636,1452
32516,32516,0,1,1,1,0,636,1452
32517,32517,0,1,0,1,0,636,1452
32518,32518,0,1,0,1,0,636,1452
32519,32519,0,1,0,1,0,636,1452
32520,32520,0,1,1,1,0,636,1453
32521,32521,0,1,0,1,1,636,1453
32522,32522,0,1,0,1,1,636,1453
32523,32523,0,1,0,1,1,636,1453
32524,32524,0,1,1,1,1,636,1453
32525,32525,0,1,0,1,0,636,1453
32526,32526,0,1,0,1,0,636,1453
32527,32527,0,1,0,1,0,636,1453
32528,32528,0,1,1,1,0,636,1453
32529,32529,0,1,0,1,0,636,1453
32530,32530,0,1,0,1,0,636,1453
32531,32531,0,1,0,1,0,636,1453
32532,32532,0,1,1,1,0,636,1453
32533,32533,0,1,0,1,0,636,1453
32534,32534,0,1,0,1,0,636,1453
32535,32535,0,1,0,1,0,636,1453
32536,32536,0,1,1,1,0,636,1453
32537,32537,0,1,0,1,0,636,1453
32538,32538,0,1,0,1,0,636,1453
32539,32539,0,1,0,1,0,636,1453
32540,32540,0,1,1,1,0,636,1454
32541,32541,0,1,0,1,1,636,1454
32542,32542,0,1,0,1,1,636,1454
32543,32543,0,1,0,1,1,636,1454
32544,32544,0,1,1,1,1,636,1454
32545,32545,0,1,0,1,0,636,1454
32546,32546,0,1,0,1,0,636,1454
32547,32547,0,1,0,1,0,636,1454
32548,32548,0,1,1,1,0,636,1454
32549,32549,0,1,0,1,0,636,1454
32550,32550,0,1,0,1,0,636,1454
32551,32551,0,1,0,1,0,636,1454
32552,32552,0,1,1,1,0,636,1454
32553,32553,0,1,0,1,0,636,1454
32554,32554,0,1,0,1,0,636,1454
32555,32555,0,1,0,1,0,636,1454
32556,32556,0,1,1,0,0,636,1454
32557,32557,0,1,0,0,0,636,1454
32558,32558,0,1,0,0,0,636,1454
32559,32559,0,1,0,0,0,636,1454
32560,32560,0,1,1,0,0,636,1455
32561,32561,0,1,0,0,0,636,1455
32562,32562,0,1,0,0,0,636,1455
32563,32563,0,1,0,0,0,636,1455
32564,32564,0,1,1,0,0,636,1455
32565,32565,0,1,0,0,1,636,1455
32566,32566,0,1,0,0,1,636,1455
32567,32567,0,1,0,0,1,636,1455
32568,32568,0,1,1,0,1,636,1455
32569,32569,0,1,0,0,1,636,1455
32570,32570,0,1,0,0,1,636,1455
32571,32571,0,1,0,0,1,636,1455
32572,32572,0,1,1,0,1,636,1455
32573,32573,0,1,0,0,0,636,1455
32574,32574,0,1,0,0,0,636,1455
32575,32575,0,1,0,0,0,636,1455
32576,32576,0,1,1,1,0,636,1455
32577,32577,0,1,0,1,1,636,1455
32578,32578,0,1,0,1,1,636,1455
32579,32579,0,1,0,1,1,636,1455
32580,32580,0,1,1,1,1,636,1456
32581,32581,0,1,0,1,1,636,1456
32582,32582,0,1,0,1,1,636,1456
32583,32583,0,1,0,1,1,636,1456
32584,32584,0,1,1,1,1,636,1456
32585,32585,0,1,0,1,0,636,1456
32586,32586,0,1,0,1,0,636,1456
32587,32587,0,1,0,1,0,636,1456
32588,32588,0,1,1,1,0,636,1456
32589,32589,0,1,0,1,0,636,1456
32590,32590,0,1,0,1,0,636,1456
32591,32591,0,1,0,1,0,636,1456
32592,32592,0,1,1,1,0,636,1456
32593,32593,0,1,0,1,1,636,1456
32594,32594,0,1,0,1,1,636,1456
32595,32595,0,1,0,1,1,636,1456
32596,32596,0,1,1,1,1,636,1456
32597,32597,0,1,0,1,0,636,1456
32598,32598,0,1,0,1,0,636,1456
32599,32599,0,1,0,1,0,636,1456
32600,32600,0,1,1,1,0,636,1457
32601,32601,0,1,0,1,0,636,1457
32602,32602,0,1,0,1,0,636,1457
32603,32603,0,1,0,1,0,636,1457
32604,32604,0,1,1,1,0,636,1457
32605,32605,0,1,0,1,0,636,1457
32606,32606,0,1,0,1,0,636,1457
32607,32607,0,1,0,1,0,636,1457
32608,32608,0,1,1,1,0,636,1457
32609,32609,0,1,0,1,0,636,1457
32610,32610,0,1,0,1,0,636,1457
32611,32611,0,1,0,1,0,636,1457
32612,32612,0,1,1,1,0,636,1457
32613,32613,0,1,0,1,1,636,1457
32614,32614,0,1,0,1,1,636,1457
32615,32615,0,1,0,1,1,636,1457
32616,32616,0,1,1,0,1,636,1457
32617,32617,0,1,0,0,0,636,1457
32618,32618,0,1,0,0,0,636,1457
32619,32619,0,1,0,0,0,636,1457
32620,32620,0,1,1,0,0,636,1458
32621,32621,0,1,0,0,1,636,1458
32622,32622,0,1,0,0,1,636,1458
32623,32623,0,1,0,0,1,636,1458
32624,32624,0,1,1,0,1,636,1458
32625,32625,0,1,0,0,0,636,1458
32626,32626,0,1,0,0,0,636,1458
32627,32627,0,1,0,0,0,636,1458
32628,32628,0,1,1,0,0,636,1458
32629,32629,0,1,0,0,0,636,1458
32630,32630,0,1,0,0,0,636,1458
32631,32631,0,1,0,0,0,637,1458
32632,32632,0,1,1,0,0,637,1458
32633,32633,0,1,0,0,0,637,1458
32634,32634,0,1,0,0,0,637,1458
32635,32635,0,1,0,0,0,637,1458
32636,32636,0,1,1,0,0,637,1458
32637,32637,0,1,0,0,0,637,1458
32638,32638,0,1,0,0,0,637,1458
32639,32639,0,1,0,0,0,637,1458
32640,32640,0,1,1,0,0,637,1459
32641,32641,0,1,0,0,1,637,1459
32642,32642,0,1,0,0,1,637,1459
32643,32643,0,1,0,0,1,637,1459
32644,32644,0,1,1,0,1,637,1459
32645,32645,0,1,0,0,0,637,1459
32646,32646,0,1,0,0,0,637,1459
32647,32647,0,1,0,0,0,637,1459
32648,32648,0,1,1,0,0,637,1459
32649,32649,0,1,0,0,0,637,1459
32650,32650,0,1,0,0,0,637,1459
32651,32651,0,1,0,0,0,638,1459
32652,32652,0,1,1,0,0,638,1459
32653,32653,0,1,0,0,1,638,1459
32654,32654,0,1,0,0,1,638,1459
32655,32655,0,1,0,0,1,638,1459
32656,32656,0,1,1,0,1,638,1459
32657,32657,0,1,0,0,1,638,1459
32658,32658,0,1,0,0,1,638,1459
32659,32659,0,1,0,0,1,638,1459
32660,32660,0,1,1,0,1,638,1460
32661,32661,0,1,0,0,1,638,1460
32662,32662,0,1,0,0,1,638,1460
32663,32663,0,1,0,0,1,638,1460
32664,32664,0,1,1,0,1,638,1460
32665,32665,0,1,0,0,0,638,1460
32666,32666,0,1,0,0,0,638,1460
32667,32667,0,1,0,0,0,638,1460
32668,32668,0,1,1,0,0,638,1460
32669,32669,0,1,0,0,0,638,1460
32670,32670,0,1,0,0,0,638,1460
32671,32671,0,1,0,0,0,639,1460
32672,32672,0,1,1,0,0,639,1460
32673,32673,0,1,0,0,0,639,1460
32674,32674,0,1,0,0,0,639,1460
32675,32675,0,1,0,0,0,639,1460
32676,32676,0,1,1,1,0,639,1460
32677,32677,0,1,0,1,0,639,1460
32678,32678,0,1,0,1,0,639,1460
32679,32679,0,1,0,1,0,639,1460
32680,32680,0,1,1,1,0,639,1461
32681,32681,0,1,0,1,1,639,1461
32682,32682,0,1,0,1,1,639,1461
32683,32683,0,1,0,1,1,639,1461
32684,32684,0,1,1,1,1,639,1461
32685,32685,0,1,0,1,1,639,1461
32686,32686,0,1,0,1,1,639,1461
32687,32687,0,1,0,1,1,639,1461
32688,32688,0,1,1,1,1,639,1461
32689,32689,0,1,0,1,0,639,1461
32690,32690,0,1,0,1,0,639,1461
32691,32691,0,1,0,1,0,639,1461
32692,32692,0,1,1,1,0,639,1461
32693,32693,0,1,0,1,1,639,1461
32694,32694,0,1,0,1,1,639,1461
32695,32695,0,1,0,1,1,639,1461
32696,32696,0,1,1,0,1,639,1461
32697,32697,0,1,0,0,0,639,1461
32698,32698,0,1,0,0,0,639,1461
32699,32699,0,1,0,0,0,639,1461
32700,32700,0,1,1,0,0,639,1462
32701,32701,0,1,0,0,0,639,1462
32702,32702,0,1,0,0,0,639,1462
32703,32703,0,1,0,0,0,639,1462
32704,32704,0,1,1,0,0,639,1462
32705,32705,0,1,0,0,1,639,1462
32706,32706,0,1,0,0,1,639,1462
32707,32707,0,1,0,0,1,639,1462
32708,32708,0,1,1,0,1,639,1462
32709,32709,0,1,0,0,1,639,1462
32710,32710,0,1,0,0,1,639,1462
32711,32711,0,1,0,0,1,639,1462
32712,32712,0,1,1,0,1,639,1462
32713,32713,0,1,0,0,0,639,1462
32714,32714,0,1,0,0,0,639,1462
32715,32715,0,1,0,0,0,639,1462
32716,32716,0,1,1,0,0,639,1462
32717,32717,0,1,0,0,1,639,1462
32718,32718,0,1,0,0,1,639,1462
32719,32719,0,1,0,0,1,639,1462
32720,32720,0,1,1,0,1,639,1463
32721,32721,0,1,0,0,1,639,1463
32722,32722,0,1,0,0,1,639,1463
32723,32723,0,1,0,0,1,639,1463
32724,32724,0,1,1,0,1,639,1463
32725,32725,0,1,0,0,0,639,1463
32726,32726,0,1,0,0,0,639,1463
32727,32727,0,1,0,0,0,639,1463
32728,32728,0,1,1,0,0,639,1463
32729,32729,0,1,0,0,1,639,1463
32730,32730,0,1,0,0,1,639,1463
32731,32731,0,1,0,0,1,639,1463
32732,32732,0,1,1,0,1,639,1463
32733,32733,0,1,0,0,0,639,1463
32734,32734,0,1,0,0,0,639,1463
32735,32735,0,1,0,0,0,639,1463
32736,32736,0,1,1,0,0,639,1463
32737,32737,0,1,0,0,1,639,1463
32738,32738,0,1,0,0,1,639,1463
32739,32739,0,1,0,0,1,639,1463
32740,32740,0,1,1,0,1,639,1464
32741,32741,0,1,0,0,1,639,1464
32742,32742,0,1,0,0,1,639,1464
32743,32743,0,1,0,0,1,639,1464
32744,32744,0,1,1,0,1,639,1464
32745,32745,0,1,0,0,0,639,1464
32746,32746,0,1,0,0,0,639,1464
32747,32747,0,1,0,0,0,639,1464
32748,32748,0,1,1,0,0,639,1464
32749,32749,0,1,0,0,0,639,1464
32750,32750,0,1,0,0,0,639,1464
32751,32751,0,1,0,0,0,640,1464
32752,32752,0,1,1,0,0,640,1464
32753,32753,0,1,0,0,0,640,1464
32754,32754,0,1,0,0,0,640,1464
32755,32755,0,1,0,0,0,640,1464
32756,32756,0,1,1,0,0,640,1464
32757,32757,0,1,0,0,1,640,1464
32758,32758,0,1,0,0,1,640,1464
32759,32759,0,1,0,0,1,640,1464
32760,32760,0,1,1,0,1,640,1465
32761,32761,0,1,0,0,0,640,1465
32762,32762,0,1,0,0,0,640,1465
32763,32763,0,1,0,0,0,640,1465
32764,32764,0,1,1,0,0,640,1465
32765,32765,0,1,0,0,1,640,1465
32766,32766,0,1,0,0,1,640,1465
32767,32767,0,1,0,0,1,640,1465
