#-----------------------------------------------------------
# Vivado v2024.2 (64-bit)
# SW Build 5239630 on Fri Nov 08 22:35:27 MST 2024
# IP Build 5239520 on Sun Nov 10 16:12:51 MST 2024
# SharedData Build 5239561 on Fri Nov 08 14:39:27 MST 2024
# Start of session at: Mon May  4 11:43:38 2026
# Process ID         : 7816
# Current directory  : C:/Users/mariashi/Documents/DAT096-krish/Embedded-System-Project-DAT096-krishna/Board_2/Board_2
# Command line       : vivado.exe -gui_launcher_event rodinguilauncherevent10116 C:\Users\mariashi\Documents\DAT096-krish\Embedded-System-Project-DAT096-krishna\Board_2\Board_2\Board_2.xpr
# Log file           : C:/Users/mariashi/Documents/DAT096-krish/Embedded-System-Project-DAT096-krishna/Board_2/Board_2/vivado.log
# Journal file       : C:/Users/mariashi/Documents/DAT096-krish/Embedded-System-Project-DAT096-krishna/Board_2/Board_2\vivado.jou
# Running On         : FY-6302-10
# Platform           : Windows Server 2016 or Windows 10
# Operating System   : 26200
# Processor Detail   : Intel(R) Core(TM) i7-14700
# CPU Frequency      : 2112 MHz
# CPU Physical cores : 20
# CPU Logical cores  : 28
# Host memory        : 34031 MB
# Swap memory        : 5100 MB
# Total Virtual      : 39131 MB
# Available Virtual  : 25005 MB
#-----------------------------------------------------------
start_gui
open_project C:/Users/mariashi/Documents/DAT096-krish/Embedded-System-Project-DAT096-krishna/Board_2/Board_2/Board_2.xpr
INFO: [ProjectBase 1-489] The host OS only allows 260 characters in a normal path. The project is stored in a path with more than 80 characters. If you experience issues with IP, Block Designs, or files not being found, please consider moving the project to a location with a shorter path. Alternately consider using the OS subst command to map part of the path to a drive letter.
Current project path is 'C:/Users/mariashi/Documents/DAT096-krish/Embedded-System-Project-DAT096-krishna/Board_2/Board_2'
INFO: [Project 1-313] Project file moved from 'C:/Users/devandla/Desktop/Embedded-System-Project-DAT096/Board_2/Board_2' since last save.
WARNING: [filemgmt 56-3] IP Repository Path: Could not find the directory 'z:/DAT096/vivado-library-zmod-v2-2019.1-2/vivado-library-zmod-v2-2019.1-2'.
WARNING: [filemgmt 56-3] IP Repository Path: Could not find the directory 'z:/embedded project/Eclypse-Z7-HW/Eclypse-Z7-HW.ipdefs/repo'.
WARNING: [filemgmt 56-3] IP Repository Path: Could not find the directory 'z:/eda234/vivado-library-master'.
WARNING: [filemgmt 56-3] IP Repository Path: Could not find the directory 'z:/eda234/vivado-library-master/ip'.
Scanning sources...
Finished scanning sources
INFO: [IP_Flow 19-234] Refreshing IP repositories
WARNING: [IP_Flow 19-2248] Failed to load user IP repository 'z:/DAT096/vivado-library-zmod-v2-2019.1-2/vivado-library-zmod-v2-2019.1-2'; Can't find the specified path.
If this directory should no longer be in your list of user repositories, go to the IP Settings dialog and remove it.
WARNING: [IP_Flow 19-2248] Failed to load user IP repository 'z:/embedded project/Eclypse-Z7-HW/Eclypse-Z7-HW.ipdefs/repo'; Can't find the specified path.
If this directory should no longer be in your list of user repositories, go to the IP Settings dialog and remove it.
WARNING: [IP_Flow 19-2248] Failed to load user IP repository 'z:/eda234/vivado-library-master'; Can't find the specified path.
If this directory should no longer be in your list of user repositories, go to the IP Settings dialog and remove it.
WARNING: [IP_Flow 19-3685] Ignored loading user repository 'z:/eda234/vivado-library-master/ip'. The path is contained within another repository.
INFO: [IP_Flow 19-2313] Loaded Vivado IP repository 'C:/Progs/Xilinx/Vivado/2024.2/data/ip'.
WARNING: [BD 41-1661] One or more IPs have been locked in the design 'design_2.bd'. Please run report_ip_status for more details and recommendations on how to fix this issue.
List of locked IPs:
design_2_ZmodScopeController_0_2
design_2_ZmodAWGController_0_0

INFO: [Project 1-5579] Found utility IPs instantiated in one or more block designs which have equivalent inline hdl with improved performance and reduced diskspace. It is recommended to migrate these utility IPs to inline hdl using the command upgrade_project -migrate_to_inline_hdl. The utility IPs may be deprecated in future releases. More information on inline hdl is available in UG994.
update_compile_order -fileset sources_1
open_bd_design {C:/Users/mariashi/Documents/DAT096-krish/Embedded-System-Project-DAT096-krishna/Board_2/Board_2/Board_2.srcs/sources_1/bd/design_2/design_2.bd}
Reading block design file <C:/Users/mariashi/Documents/DAT096-krish/Embedded-System-Project-DAT096-krishna/Board_2/Board_2/Board_2.srcs/sources_1/bd/design_2/design_2.bd>...
Adding component instance block -- xilinx.com:ip:ila:6.2 - ila_0
INFO: [xilinx.com:ip:ila:6.2-6] /ila_0: AMD recommends using the System ILA IP in IP Integrator. The System ILA IP is functionally equivalent to an ILA and offers additional benefits in debugging interfaces both within IP Integrator and the Hardware Manager. Consult the Programming and Debug User Guide UG908 for further details.
Adding component instance block -- xilinx.com:module_ref:adc_bit_decoder:1.0 - adc_bit_decoder_0
Adding component instance block -- xilinx.com:ip:xlconstant:1.1 - xlconstant_1
Adding component instance block -- xilinx.com:ip:xlslice:1.0 - xlslice_0
Adding component instance block -- xilinx.com:ip:xlconstant:1.1 - xlconstant_3
Adding component instance block -- xilinx.com:ip:processing_system7:5.5 - processing_system7_0
Adding component instance block -- digilent.com:user:ZmodScopeController:1.2 - ZmodScopeController_0
Adding component instance block -- digilent.com:user:ZmodAWGController:1.1 - ZmodAWGController_0
Adding component instance block -- xilinx.com:ip:clk_wiz:6.0 - clk_wiz_0
Successfully read diagram <design_2> from block design file <C:/Users/mariashi/Documents/DAT096-krish/Embedded-System-Project-DAT096-krishna/Board_2/Board_2/Board_2.srcs/sources_1/bd/design_2/design_2.bd>
report_ip_status -name ip_status 
set_property  ip_repo_paths  {z:/DAT096/vivado-library-zmod-v2-2019.1-2/vivado-library-zmod-v2-2019.1-2 Z:/ Z:/DAT096/vivado-boards-master Z:/DAT096/vivado-library-b0946605e3617c901635278b62d0f6a8e3942844 Z:/DAT096/vivado-library-master {z:/embedded project/Eclypse-Z7-HW/Eclypse-Z7-HW.ipdefs/repo} z:/eda234/vivado-library-master z:/eda234/vivado-library-master/ip} [current_project]
update_ip_catalog
INFO: [IP_Flow 19-234] Refreshing IP repositories
WARNING: [IP_Flow 19-3685] Ignored loading user repository 'z:/DAT096/vivado-library-zmod-v2-2019.1-2/vivado-library-zmod-v2-2019.1-2'. The path is contained within another repository.
WARNING: [IP_Flow 19-1694] Ignoring duplicate Bus Definition IP file 'digilentinc.com:interface:pmod:1.0' found within IP repository 'z:/'.
File in use: z:/DAT096/vivado-library-b0946605e3617c901635278b62d0f6a8e3942844/if/pmod_v1_0/pmod.xml
File ignored: z:/DAT096/vivado-library-master/if/pmod_v1_0/pmod.xml
WARNING: [IP_Flow 19-1694] Ignoring duplicate Bus Abstraction IP file 'digilentinc.com:interface:pmod_rtl:1.0' found within IP repository 'z:/'.
File in use: z:/DAT096/vivado-library-b0946605e3617c901635278b62d0f6a8e3942844/if/pmod_v1_0/pmod_rtl.xml
File ignored: z:/DAT096/vivado-library-master/if/pmod_v1_0/pmod_rtl.xml
WARNING: [IP_Flow 19-1694] Ignoring duplicate Bus Definition IP file 'digilentinc.com:interface:tmds:1.0' found within IP repository 'z:/'.
File in use: z:/DAT096/vivado-library-b0946605e3617c901635278b62d0f6a8e3942844/if/tmds_v1_0/tmds.xml
File ignored: z:/DAT096/vivado-library-master/if/tmds_v1_0/tmds.xml
WARNING: [IP_Flow 19-1694] Ignoring duplicate Bus Abstraction IP file 'digilentinc.com:interface:tmds_rtl:1.0' found within IP repository 'z:/'.
File in use: z:/DAT096/vivado-library-b0946605e3617c901635278b62d0f6a8e3942844/if/tmds_v1_0/tmds_rtl.xml
File ignored: z:/DAT096/vivado-library-master/if/tmds_v1_0/tmds_rtl.xml
CRITICAL WARNING: [IP_Flow 19-11780] Skipping module reference component xilinx.com:module_ref:dac_check:1.0 found in user repository z:/ 
CRITICAL WARNING: [IP_Flow 19-11780] Skipping module reference component xilinx.com:module_ref:dac_14:1.0 found in user repository z:/ 
CRITICAL WARNING: [IP_Flow 19-11780] Skipping module reference component xilinx.com:module_ref:prbs_axis_master_32:1.0 found in user repository z:/ 
CRITICAL WARNING: [IP_Flow 19-11780] Skipping module reference component xilinx.com:module_ref:prbs_axis_master_32:1.0 found in user repository z:/ 
CRITICAL WARNING: [IP_Flow 19-11780] Skipping module reference component xilinx.com:module_ref:adc_bit_decoder:1.0 found in user repository z:/ 
CRITICAL WARNING: [IP_Flow 19-11780] Skipping module reference component xilinx.com:module_ref:adc_bit_decoder:1.0 found in user repository z:/ 
CRITICAL WARNING: [IP_Flow 19-11780] Skipping module reference component xilinx.com:module_ref:ADC:1.0 found in user repository z:/ 
CRITICAL WARNING: [IP_Flow 19-11780] Skipping module reference component xilinx.com:module_ref:adc_controller:1.0 found in user repository z:/ 
CRITICAL WARNING: [IP_Flow 19-11780] Skipping module reference component xilinx.com:module_ref:fifo_counter:1.0 found in user repository z:/ 
CRITICAL WARNING: [IP_Flow 19-11780] Skipping module reference component xilinx.com:module_ref:PmodENC:1.0 found in user repository z:/ 
CRITICAL WARNING: [IP_Flow 19-11780] Skipping module reference component xilinx.com:module_ref:update_fifo:1.0 found in user repository z:/ 
INFO: [IP_Flow 19-1700] Loaded user IP repository 'z:'.
WARNING: [IP_Flow 19-3685] Ignored loading user repository 'z:/DAT096/vivado-boards-master'. The path is contained within another repository.
WARNING: [IP_Flow 19-3685] Ignored loading user repository 'z:/DAT096/vivado-library-b0946605e3617c901635278b62d0f6a8e3942844'. The path is contained within another repository.
WARNING: [IP_Flow 19-3685] Ignored loading user repository 'z:/DAT096/vivado-library-master'. The path is contained within another repository.
WARNING: [IP_Flow 19-3685] Ignored loading user repository 'z:/embedded project/Eclypse-Z7-HW/Eclypse-Z7-HW.ipdefs/repo'. The path is contained within another repository.
WARNING: [IP_Flow 19-3685] Ignored loading user repository 'z:/eda234/vivado-library-master'. The path is contained within another repository.
WARNING: [IP_Flow 19-3685] Ignored loading user repository 'z:/eda234/vivado-library-master/ip'. The path is contained within another repository.
WARNING: [IP_Flow 19-1663] Duplicate IP found for 'digilentinc.com:user:axi_i2s_adi:1.2'. The one found in IP location 'z:/DAT096/vivado-library-b0946605e3617c901635278b62d0f6a8e3942844/ip/axi_i2s_adi_1.2' will take precedence over the same IP in location z:/DAT096/vivado-library-master/ip/axi_i2s_adi_1.2
WARNING: [IP_Flow 19-1663] Duplicate IP found for 'digilentinc.com:IP:axi_ps2:1.0'. The one found in IP location 'z:/DAT096/vivado-library-b0946605e3617c901635278b62d0f6a8e3942844/ip/axi_ps2_1.0' will take precedence over the same IP in location z:/DAT096/vivado-library-master/ip/axi_ps2_1.0
WARNING: [IP_Flow 19-1663] Duplicate IP found for 'digilentinc.com:ip:clock_forwarder:1.1'. The one found in IP location 'z:/DAT096/vivado-library-b0946605e3617c901635278b62d0f6a8e3942844/ip/clock_forwarder' will take precedence over the same IP in location z:/DAT096/vivado-library-master/ip/clock_forwarder
WARNING: [IP_Flow 19-1663] Duplicate IP found for 'digilentinc.com:IP:hls_contrast_stretch:1.0'. The one found in IP location 'z:/DAT096/vivado-library-b0946605e3617c901635278b62d0f6a8e3942844/ip/hls_contrast_stretch_1_0' will take precedence over the same IP in location z:/DAT096/vivado-library-master/ip/hls_contrast_stretch_1_0
WARNING: [IP_Flow 19-1663] Duplicate IP found for 'digilentinc.com:IP:hls_gamma_correction:1.0'. The one found in IP location 'z:/DAT096/vivado-library-b0946605e3617c901635278b62d0f6a8e3942844/ip/hls_gamma_correction_1_0' will take precedence over the same IP in location z:/DAT096/vivado-library-master/ip/hls_gamma_correction_1_0
WARNING: [IP_Flow 19-1663] Duplicate IP found for 'digilentinc.com:IP:hls_saturation_enhance:1.0'. The one found in IP location 'z:/DAT096/vivado-library-b0946605e3617c901635278b62d0f6a8e3942844/ip/hls_saturation_enhance_1_0' will take precedence over the same IP in location z:/DAT096/vivado-library-master/ip/hls_saturation_enhance_1_0
WARNING: [IP_Flow 19-1663] Duplicate IP found for 'digilentinc.com:ip:rgb2dpvid:1.0'. The one found in IP location 'z:/DAT096/vivado-library-b0946605e3617c901635278b62d0f6a8e3942844/ip/rgb2dpvid_v1_0' will take precedence over the same IP in location z:/DAT096/vivado-library-master/ip/rgb2dpvid_v1_0
WARNING: [IP_Flow 19-1663] Duplicate IP found for 'digilentinc.com:ip:rgb2vga:1.0'. The one found in IP location 'z:/DAT096/vivado-library-b0946605e3617c901635278b62d0f6a8e3942844/ip/rgb2vga_v1_0' will take precedence over the same IP in location z:/DAT096/vivado-library-master/ip/rgb2vga_v1_0
WARNING: [IP_Flow 19-1663] Duplicate IP found for 'digilentinc.com:ip:Sync:1.0'. The one found in IP location 'z:/DAT096/vivado-library-b0946605e3617c901635278b62d0f6a8e3942844/ip/Sync_v1_0' will take precedence over the same IP in location z:/DAT096/vivado-library-master/ip/Sync_v1_0
WARNING: [IP_Flow 19-1663] Duplicate IP found for 'digilentinc.com:ip:usb2device:1.0'. The one found in IP location 'z:/DAT096/vivado-library-b0946605e3617c901635278b62d0f6a8e3942844/ip/usb2device_v1_0' will take precedence over the same IP in location z:/DAT096/vivado-library-master/ip/usb2device_v1_0
WARNING: [IP_Flow 19-1663] Duplicate IP found for 'digilentinc.com:video:video_scaler:1.0'. The one found in IP location 'z:/DAT096/vivado-library-b0946605e3617c901635278b62d0f6a8e3942844/ip/video_scaler' will take precedence over the same IP in location z:/DAT096/vivado-library-master/ip/video_scaler
WARNING: [IP_Flow 19-1663] Duplicate IP found for 'digilentinc.com:ip:dvi2rgb:2.0'. The one found in IP location 'z:/DAT096/vivado-library-master/ip/dvi2rgb' will take precedence over the same IP in location z:/DAT096/vivado-library-b0946605e3617c901635278b62d0f6a8e3942844/ip/dvi2rgb
WARNING: [IP_Flow 19-1663] Duplicate IP found for 'digilentinc.com:IP:MotorFeedback:1.0'. The one found in IP location 'z:/DAT096/vivado-library-master/ip/MotorFeedback_1.0' will take precedence over the same IP in location z:/DAT096/vivado-library-b0946605e3617c901635278b62d0f6a8e3942844/ip/MotorFeedback_1.0
WARNING: [IP_Flow 19-1663] Duplicate IP found for 'digilentinc.com:IP:PmodACL2:1.0'. The one found in IP location 'z:/DAT096/vivado-library-master/ip/Pmods/PmodACL2_v1_0' will take precedence over the same IP in location z:/DAT096/vivado-library-b0946605e3617c901635278b62d0f6a8e3942844/ip/Pmods/PmodACL2_v1_0
WARNING: [IP_Flow 19-1663] Duplicate IP found for 'digilentinc.com:IP:PmodACL:1.0'. The one found in IP location 'z:/DAT096/vivado-library-master/ip/Pmods/PmodACL_v1_0' will take precedence over the same IP in location z:/DAT096/vivado-library-b0946605e3617c901635278b62d0f6a8e3942844/ip/Pmods/PmodACL_v1_0
WARNING: [IP_Flow 19-1663] Duplicate IP found for 'digilentinc.com:IP:PmodAD1:1.0'. The one found in IP location 'z:/DAT096/vivado-library-master/ip/Pmods/PmodAD1_v1_0' will take precedence over the same IP in location z:/DAT096/vivado-library-b0946605e3617c901635278b62d0f6a8e3942844/ip/Pmods/PmodAD1_v1_0
WARNING: [IP_Flow 19-1663] Duplicate IP found for 'digilentinc.com:IP:PmodAD2:1.0'. The one found in IP location 'z:/DAT096/vivado-library-master/ip/Pmods/PmodAD2_v1_0' will take precedence over the same IP in location z:/DAT096/vivado-library-b0946605e3617c901635278b62d0f6a8e3942844/ip/Pmods/PmodAD2_v1_0
WARNING: [IP_Flow 19-1663] Duplicate IP found for 'digilentinc.com:IP:PmodAD5:1.0'. The one found in IP location 'z:/DAT096/vivado-library-master/ip/Pmods/PmodAD5_v1_0' will take precedence over the same IP in location z:/DAT096/vivado-library-b0946605e3617c901635278b62d0f6a8e3942844/ip/Pmods/PmodAD5_v1_0
WARNING: [IP_Flow 19-1663] Duplicate IP found for 'digilentinc.com:IP:PmodALS:1.0'. The one found in IP location 'z:/DAT096/vivado-library-master/ip/Pmods/PmodALS_v1_0' will take precedence over the same IP in location z:/DAT096/vivado-library-b0946605e3617c901635278b62d0f6a8e3942844/ip/Pmods/PmodALS_v1_0
WARNING: [IP_Flow 19-1663] Duplicate IP found for 'digilentinc.com:IP:PmodAMP2:1.0'. The one found in IP location 'z:/DAT096/vivado-library-master/ip/Pmods/PmodAMP2_v1_0' will take precedence over the same IP in location z:/DAT096/vivado-library-b0946605e3617c901635278b62d0f6a8e3942844/ip/Pmods/PmodAMP2_v1_0
WARNING: [IP_Flow 19-1663] Duplicate IP found for 'digilentinc.com:IP:PmodAQS:1.0'. The one found in IP location 'z:/DAT096/vivado-library-master/ip/Pmods/PmodAQS_v1_0' will take precedence over the same IP in location z:/DAT096/vivado-library-b0946605e3617c901635278b62d0f6a8e3942844/ip/Pmods/PmodAQS_v1_0
WARNING: [IP_Flow 19-1663] Duplicate IP found for 'digilentinc.com:IP:PmodBLE:1.0'. The one found in IP location 'z:/DAT096/vivado-library-master/ip/Pmods/PmodBLE_v1_0' will take precedence over the same IP in location z:/DAT096/vivado-library-b0946605e3617c901635278b62d0f6a8e3942844/ip/Pmods/PmodBLE_v1_0
WARNING: [IP_Flow 19-1663] Duplicate IP found for 'digilentinc.com:IP:PmodBT2:1.0'. The one found in IP location 'z:/DAT096/vivado-library-master/ip/Pmods/PmodBT2_v1_0' will take precedence over the same IP in location z:/DAT096/vivado-library-b0946605e3617c901635278b62d0f6a8e3942844/ip/Pmods/PmodBT2_v1_0
WARNING: [IP_Flow 19-1663] Duplicate IP found for 'digilentinc.com:IP:PmodCAN:1.0'. The one found in IP location 'z:/DAT096/vivado-library-master/ip/Pmods/PmodCAN_v1_0' will take precedence over the same IP in location z:/DAT096/vivado-library-b0946605e3617c901635278b62d0f6a8e3942844/ip/Pmods/PmodCAN_v1_0
WARNING: [IP_Flow 19-1663] Duplicate IP found for 'digilentinc.com:IP:PmodCLS:1.0'. The one found in IP location 'z:/DAT096/vivado-library-master/ip/Pmods/PmodCLS_v1_0' will take precedence over the same IP in location z:/DAT096/vivado-library-b0946605e3617c901635278b62d0f6a8e3942844/ip/Pmods/PmodCLS_v1_0
WARNING: [IP_Flow 19-1663] Duplicate IP found for 'digilentinc.com:IP:PmodCMPS2:1.0'. The one found in IP location 'z:/DAT096/vivado-library-master/ip/Pmods/PmodCMPS2_v1_0' will take precedence over the same IP in location z:/DAT096/vivado-library-b0946605e3617c901635278b62d0f6a8e3942844/ip/Pmods/PmodCMPS2_v1_0
WARNING: [IP_Flow 19-1663] Duplicate IP found for 'digilentinc.com:IP:PmodCOLOR:1.0'. The one found in IP location 'z:/DAT096/vivado-library-master/ip/Pmods/PmodCOLOR_v1_0' will take precedence over the same IP in location z:/DAT096/vivado-library-b0946605e3617c901635278b62d0f6a8e3942844/ip/Pmods/PmodCOLOR_v1_0
WARNING: [IP_Flow 19-1663] Duplicate IP found for 'digilentinc.com:IP:PmodDA1:1.0'. The one found in IP location 'z:/DAT096/vivado-library-master/ip/Pmods/PmodDA1_v1_0' will take precedence over the same IP in location z:/DAT096/vivado-library-b0946605e3617c901635278b62d0f6a8e3942844/ip/Pmods/PmodDA1_v1_0
WARNING: [IP_Flow 19-1663] Duplicate IP found for 'digilentinc.com:IP:PmodDHB1:1.0'. The one found in IP location 'z:/DAT096/vivado-library-master/ip/Pmods/PmodDHB1_v1_0' will take precedence over the same IP in location z:/DAT096/vivado-library-b0946605e3617c901635278b62d0f6a8e3942844/ip/Pmods/PmodDHB1_v1_0
WARNING: [IP_Flow 19-1663] Duplicate IP found for 'digilentinc.com:IP:PmodDPG1:1.0'. The one found in IP location 'z:/DAT096/vivado-library-master/ip/Pmods/PmodDPG1_v1_0' will take precedence over the same IP in location z:/DAT096/vivado-library-b0946605e3617c901635278b62d0f6a8e3942844/ip/Pmods/PmodDPG1_v1_0
WARNING: [IP_Flow 19-1663] Duplicate IP found for 'digilentinc.com:IP:PmodENC:1.0'. The one found in IP location 'z:/DAT096/vivado-library-master/ip/Pmods/PmodENC_v1_0' will take precedence over the same IP in location z:/DAT096/vivado-library-b0946605e3617c901635278b62d0f6a8e3942844/ip/Pmods/PmodENC_v1_0
WARNING: [IP_Flow 19-1663] Duplicate IP found for 'digilentinc.com:user:PmodESP32:1.0'. The one found in IP location 'z:/DAT096/vivado-library-master/ip/Pmods/PmodESP32_v1_0' will take precedence over the same IP in location z:/DAT096/vivado-library-b0946605e3617c901635278b62d0f6a8e3942844/ip/Pmods/PmodESP32_v1_0
WARNING: [IP_Flow 19-1663] Duplicate IP found for 'digilentinc.com:IP:PmodGPIO:1.0'. The one found in IP location 'z:/DAT096/vivado-library-master/ip/Pmods/PmodGPIO_v1_0' will take precedence over the same IP in location z:/DAT096/vivado-library-b0946605e3617c901635278b62d0f6a8e3942844/ip/Pmods/PmodGPIO_v1_0
WARNING: [IP_Flow 19-1663] Duplicate IP found for 'digilentinc.com:IP:PmodGPS:1.1'. The one found in IP location 'z:/DAT096/vivado-library-master/ip/Pmods/PmodGPS_v1_1' will take precedence over the same IP in location z:/DAT096/vivado-library-b0946605e3617c901635278b62d0f6a8e3942844/ip/Pmods/PmodGPS_v1_1
WARNING: [IP_Flow 19-1663] Duplicate IP found for 'digilentinc.com:IP:PmodGYRO:1.0'. The one found in IP location 'z:/DAT096/vivado-library-master/ip/Pmods/PmodGYRO_v1_0' will take precedence over the same IP in location z:/DAT096/vivado-library-b0946605e3617c901635278b62d0f6a8e3942844/ip/Pmods/PmodGYRO_v1_0
WARNING: [IP_Flow 19-1663] Duplicate IP found for 'digilentinc.com:IP:PmodHYGRO:1.0'. The one found in IP location 'z:/DAT096/vivado-library-master/ip/Pmods/PmodHYGRO_v1_0' will take precedence over the same IP in location z:/DAT096/vivado-library-b0946605e3617c901635278b62d0f6a8e3942844/ip/Pmods/PmodHYGRO_v1_0
WARNING: [IP_Flow 19-1663] Duplicate IP found for 'digilentinc.com:IP:PmodJSTK2:1.0'. The one found in IP location 'z:/DAT096/vivado-library-master/ip/Pmods/PmodJSTK2_v1_0' will take precedence over the same IP in location z:/DAT096/vivado-library-b0946605e3617c901635278b62d0f6a8e3942844/ip/Pmods/PmodJSTK2_v1_0
WARNING: [IP_Flow 19-1663] Duplicate IP found for 'digilentinc.com:IP:PmodJSTK:1.0'. The one found in IP location 'z:/DAT096/vivado-library-master/ip/Pmods/PmodJSTK_v1_0' will take precedence over the same IP in location z:/DAT096/vivado-library-b0946605e3617c901635278b62d0f6a8e3942844/ip/Pmods/PmodJSTK_v1_0
WARNING: [IP_Flow 19-1663] Duplicate IP found for 'digilentinc.com:IP:PmodKYPD:1.0'. The one found in IP location 'z:/DAT096/vivado-library-master/ip/Pmods/PmodKYPD_v1_0' will take precedence over the same IP in location z:/DAT096/vivado-library-b0946605e3617c901635278b62d0f6a8e3942844/ip/Pmods/PmodKYPD_v1_0
WARNING: [IP_Flow 19-1663] Duplicate IP found for 'digilentinc.com:IP:PmodMAXSONAR:1.0'. The one found in IP location 'z:/DAT096/vivado-library-master/ip/Pmods/PmodMAXSONAR_v1_0' will take precedence over the same IP in location z:/DAT096/vivado-library-b0946605e3617c901635278b62d0f6a8e3942844/ip/Pmods/PmodMAXSONAR_v1_0
WARNING: [IP_Flow 19-1663] Duplicate IP found for 'digilentinc.com:IP:PmodMTDS:1.0'. The one found in IP location 'z:/DAT096/vivado-library-master/ip/Pmods/PmodMTDS_v1_0' will take precedence over the same IP in location z:/DAT096/vivado-library-b0946605e3617c901635278b62d0f6a8e3942844/ip/Pmods/PmodMTDS_v1_0
WARNING: [IP_Flow 19-1663] Duplicate IP found for 'digilentinc.com:IP:PmodNAV:1.0'. The one found in IP location 'z:/DAT096/vivado-library-master/ip/Pmods/PmodNAV_v1_0' will take precedence over the same IP in location z:/DAT096/vivado-library-b0946605e3617c901635278b62d0f6a8e3942844/ip/Pmods/PmodNAV_v1_0
WARNING: [IP_Flow 19-1663] Duplicate IP found for 'digilentinc.com:IP:PmodOLEDrgb:1.0'. The one found in IP location 'z:/DAT096/vivado-library-master/ip/Pmods/pmodOLEDrgb_v1_0' will take precedence over the same IP in location z:/DAT096/vivado-library-b0946605e3617c901635278b62d0f6a8e3942844/ip/Pmods/pmodOLEDrgb_v1_0
WARNING: [IP_Flow 19-1663] Duplicate IP found for 'digilentinc.com:IP:PmodOLED:1.0'. The one found in IP location 'z:/DAT096/vivado-library-master/ip/Pmods/PmodOLED_v1_0' will take precedence over the same IP in location z:/DAT096/vivado-library-b0946605e3617c901635278b62d0f6a8e3942844/ip/Pmods/PmodOLED_v1_0
WARNING: [IP_Flow 19-1663] Duplicate IP found for 'digilentinc.com:IP:PmodPIR:1.0'. The one found in IP location 'z:/DAT096/vivado-library-master/ip/Pmods/PmodPIR_v1_0' will take precedence over the same IP in location z:/DAT096/vivado-library-b0946605e3617c901635278b62d0f6a8e3942844/ip/Pmods/PmodPIR_v1_0
WARNING: [IP_Flow 19-1663] Duplicate IP found for 'digilentinc.com:IP:PmodR2R:1.0'. The one found in IP location 'z:/DAT096/vivado-library-master/ip/Pmods/PmodR2R_v1_0' will take precedence over the same IP in location z:/DAT096/vivado-library-b0946605e3617c901635278b62d0f6a8e3942844/ip/Pmods/PmodR2R_v1_0
WARNING: [IP_Flow 19-1663] Duplicate IP found for 'digilentinc.com:IP:PmodRTCC:1.0'. The one found in IP location 'z:/DAT096/vivado-library-master/ip/Pmods/PmodRTCC_v1_0' will take precedence over the same IP in location z:/DAT096/vivado-library-b0946605e3617c901635278b62d0f6a8e3942844/ip/Pmods/PmodRTCC_v1_0
WARNING: [IP_Flow 19-1663] Duplicate IP found for 'digilentinc.com:IP:PmodSD:1.0'. The one found in IP location 'z:/DAT096/vivado-library-master/ip/Pmods/PmodSD_v1_0' will take precedence over the same IP in location z:/DAT096/vivado-library-b0946605e3617c901635278b62d0f6a8e3942844/ip/Pmods/PmodSD_v1_0
WARNING: [IP_Flow 19-1663] Duplicate IP found for 'digilentinc.com:IP:PmodSF3:1.0'. The one found in IP location 'z:/DAT096/vivado-library-master/ip/Pmods/PmodSF3_v1_0' will take precedence over the same IP in location z:/DAT096/vivado-library-b0946605e3617c901635278b62d0f6a8e3942844/ip/Pmods/PmodSF3_v1_0
WARNING: [IP_Flow 19-1663] Duplicate IP found for 'digilentinc.com:IP:PmodTC1:1.0'. The one found in IP location 'z:/DAT096/vivado-library-master/ip/Pmods/PmodTC1_v1_0' will take precedence over the same IP in location z:/DAT096/vivado-library-b0946605e3617c901635278b62d0f6a8e3942844/ip/Pmods/PmodTC1_v1_0
WARNING: [IP_Flow 19-1663] Duplicate IP found for 'digilentinc.com:IP:PmodTMP3:1.0'. The one found in IP location 'z:/DAT096/vivado-library-master/ip/Pmods/PmodTMP3_v1_0' will take precedence over the same IP in location z:/DAT096/vivado-library-b0946605e3617c901635278b62d0f6a8e3942844/ip/Pmods/PmodTMP3_v1_0
WARNING: [IP_Flow 19-1663] Duplicate IP found for 'digilentinc.com:IP:PmodWIFI:1.0'. The one found in IP location 'z:/DAT096/vivado-library-master/ip/Pmods/PmodWIFI_v1_0' will take precedence over the same IP in location z:/DAT096/vivado-library-b0946605e3617c901635278b62d0f6a8e3942844/ip/Pmods/PmodWIFI_v1_0
WARNING: [IP_Flow 19-1663] Duplicate IP found for 'digilentinc.com:ip:pmod_bridge:1.0'. The one found in IP location 'z:/DAT096/vivado-library-master/ip/Pmods/Pmod_Bridge_v1_0' will take precedence over the same IP in location z:/DAT096/vivado-library-b0946605e3617c901635278b62d0f6a8e3942844/ip/Pmods/Pmod_Bridge_v1_0
WARNING: [IP_Flow 19-1663] Duplicate IP found for 'digilentinc.com:ip:pmod_bridge:1.1'. The one found in IP location 'z:/DAT096/vivado-library-master/ip/Pmods/Pmod_Bridge_v1_1' will take precedence over the same IP in location z:/DAT096/vivado-library-b0946605e3617c901635278b62d0f6a8e3942844/ip/Pmods/Pmod_Bridge_v1_1
WARNING: [IP_Flow 19-1663] Duplicate IP found for 'digilentinc.com:IP:PWM:1.0'. The one found in IP location 'z:/DAT096/vivado-library-master/ip/PWM_1.0' will take precedence over the same IP in location z:/DAT096/vivado-library-b0946605e3617c901635278b62d0f6a8e3942844/ip/PWM_1.0
WARNING: [IP_Flow 19-1663] Duplicate IP found for 'digilentinc.com:IP:PWM:2.0'. The one found in IP location 'z:/DAT096/vivado-library-master/ip/PWM_2.0' will take precedence over the same IP in location z:/DAT096/vivado-library-b0946605e3617c901635278b62d0f6a8e3942844/ip/PWM_2.0
WARNING: [IP_Flow 19-1663] Duplicate IP found for 'digilentinc.com:IP:PWM_Analyzer:1.0'. The one found in IP location 'z:/DAT096/vivado-library-master/ip/PWM_Analyzer_1.0' will take precedence over the same IP in location z:/DAT096/vivado-library-b0946605e3617c901635278b62d0f6a8e3942844/ip/PWM_Analyzer_1.0
WARNING: [IP_Flow 19-1663] Duplicate IP found for 'digilentinc.com:ip:rgb2dvi:1.4'. The one found in IP location 'z:/DAT096/vivado-library-master/ip/rgb2dvi' will take precedence over the same IP in location z:/DAT096/vivado-library-b0946605e3617c901635278b62d0f6a8e3942844/ip/rgb2dvi
WARNING: [IP_Flow 19-1663] Duplicate IP found for 'chalmers.se:user:mem_controler:1.0'. The one found in IP location 'z:/EDA234/THE PROJECT/THE PROJECT/BRAM' will take precedence over the same IP in location z:/EDA234/THE PROJECT/THE PROJECT/BRAM/ip_repo
update_ip_catalog: Time (s): cpu = 00:00:03 ; elapsed = 00:00:31 . Memory (MB): peak = 1328.980 ; gain = 3.938
set_property  ip_repo_paths  {z:/DAT096/vivado-library-zmod-v2-2019.1-2/vivado-library-zmod-v2-2019.1-2 {z:/embedded project/Eclypse-Z7-HW/Eclypse-Z7-HW.ipdefs/repo} z:/eda234/vivado-library-master z:/eda234/vivado-library-master/ip} [current_project]
update_ip_catalog
INFO: [IP_Flow 19-234] Refreshing IP repositories
WARNING: [IP_Flow 19-2248] Failed to load user IP repository 'z:/DAT096/vivado-library-zmod-v2-2019.1-2/vivado-library-zmod-v2-2019.1-2'; Can't find the specified path.
If this directory should no longer be in your list of user repositories, go to the IP Settings dialog and remove it.
WARNING: [IP_Flow 19-2248] Failed to load user IP repository 'z:/embedded project/Eclypse-Z7-HW/Eclypse-Z7-HW.ipdefs/repo'; Can't find the specified path.
If this directory should no longer be in your list of user repositories, go to the IP Settings dialog and remove it.
WARNING: [IP_Flow 19-2248] Failed to load user IP repository 'z:/eda234/vivado-library-master'; Can't find the specified path.
If this directory should no longer be in your list of user repositories, go to the IP Settings dialog and remove it.
WARNING: [IP_Flow 19-3685] Ignored loading user repository 'z:/eda234/vivado-library-master/ip'. The path is contained within another repository.
report_ip_status -name ip_status 
set_property  ip_repo_paths  {z:/DAT096/vivado-library-zmod-v2-2019.1-2/vivado-library-zmod-v2-2019.1-2 {z:/embedded project/Eclypse-Z7-HW/Eclypse-Z7-HW.ipdefs/repo} Z:/DAT096/vivado-boards-master z:/eda234/vivado-library-master z:/eda234/vivado-library-master/ip} [current_project]
update_ip_catalog
INFO: [IP_Flow 19-234] Refreshing IP repositories
WARNING: [IP_Flow 19-2248] Failed to load user IP repository 'z:/DAT096/vivado-library-zmod-v2-2019.1-2/vivado-library-zmod-v2-2019.1-2'; Can't find the specified path.
If this directory should no longer be in your list of user repositories, go to the IP Settings dialog and remove it.
WARNING: [IP_Flow 19-2248] Failed to load user IP repository 'z:/embedded project/Eclypse-Z7-HW/Eclypse-Z7-HW.ipdefs/repo'; Can't find the specified path.
If this directory should no longer be in your list of user repositories, go to the IP Settings dialog and remove it.
INFO: [IP_Flow 19-1700] Loaded user IP repository 'z:/DAT096/vivado-boards-master'.
WARNING: [IP_Flow 19-2248] Failed to load user IP repository 'z:/eda234/vivado-library-master'; Can't find the specified path.
If this directory should no longer be in your list of user repositories, go to the IP Settings dialog and remove it.
WARNING: [IP_Flow 19-3685] Ignored loading user repository 'z:/eda234/vivado-library-master/ip'. The path is contained within another repository.
set_property  ip_repo_paths  {z:/DAT096/vivado-library-zmod-v2-2019.1-2/vivado-library-zmod-v2-2019.1-2 {z:/embedded project/Eclypse-Z7-HW/Eclypse-Z7-HW.ipdefs/repo} z:/DAT096/vivado-boards-master Z:/DAT096/vivado-library-b0946605e3617c901635278b62d0f6a8e3942844 z:/eda234/vivado-library-master z:/eda234/vivado-library-master/ip} [current_project]
update_ip_catalog
INFO: [IP_Flow 19-234] Refreshing IP repositories
WARNING: [IP_Flow 19-2248] Failed to load user IP repository 'z:/DAT096/vivado-library-zmod-v2-2019.1-2/vivado-library-zmod-v2-2019.1-2'; Can't find the specified path.
If this directory should no longer be in your list of user repositories, go to the IP Settings dialog and remove it.
WARNING: [IP_Flow 19-2248] Failed to load user IP repository 'z:/embedded project/Eclypse-Z7-HW/Eclypse-Z7-HW.ipdefs/repo'; Can't find the specified path.
If this directory should no longer be in your list of user repositories, go to the IP Settings dialog and remove it.
INFO: [IP_Flow 19-1700] Loaded user IP repository 'z:/DAT096/vivado-boards-master'.
INFO: [IP_Flow 19-1700] Loaded user IP repository 'z:/DAT096/vivado-library-b0946605e3617c901635278b62d0f6a8e3942844'.
WARNING: [IP_Flow 19-2248] Failed to load user IP repository 'z:/eda234/vivado-library-master'; Can't find the specified path.
If this directory should no longer be in your list of user repositories, go to the IP Settings dialog and remove it.
WARNING: [IP_Flow 19-3685] Ignored loading user repository 'z:/eda234/vivado-library-master/ip'. The path is contained within another repository.
update_ip_catalog: Time (s): cpu = 00:00:01 ; elapsed = 00:00:06 . Memory (MB): peak = 1383.430 ; gain = 0.000
set_property  ip_repo_paths  {z:/DAT096/vivado-library-zmod-v2-2019.1-2/vivado-library-zmod-v2-2019.1-2 {z:/embedded project/Eclypse-Z7-HW/Eclypse-Z7-HW.ipdefs/repo} z:/DAT096/vivado-boards-master z:/DAT096/vivado-library-b0946605e3617c901635278b62d0f6a8e3942844 Z:/DAT096/vivado-library-master z:/eda234/vivado-library-master z:/eda234/vivado-library-master/ip} [current_project]
update_ip_catalog
INFO: [IP_Flow 19-234] Refreshing IP repositories
WARNING: [IP_Flow 19-2248] Failed to load user IP repository 'z:/DAT096/vivado-library-zmod-v2-2019.1-2/vivado-library-zmod-v2-2019.1-2'; Can't find the specified path.
If this directory should no longer be in your list of user repositories, go to the IP Settings dialog and remove it.
WARNING: [IP_Flow 19-2248] Failed to load user IP repository 'z:/embedded project/Eclypse-Z7-HW/Eclypse-Z7-HW.ipdefs/repo'; Can't find the specified path.
If this directory should no longer be in your list of user repositories, go to the IP Settings dialog and remove it.
INFO: [IP_Flow 19-1700] Loaded user IP repository 'z:/DAT096/vivado-boards-master'.
INFO: [IP_Flow 19-1700] Loaded user IP repository 'z:/DAT096/vivado-library-b0946605e3617c901635278b62d0f6a8e3942844'.
INFO: [IP_Flow 19-1700] Loaded user IP repository 'z:/DAT096/vivado-library-master'.
WARNING: [IP_Flow 19-2248] Failed to load user IP repository 'z:/eda234/vivado-library-master'; Can't find the specified path.
If this directory should no longer be in your list of user repositories, go to the IP Settings dialog and remove it.
WARNING: [IP_Flow 19-3685] Ignored loading user repository 'z:/eda234/vivado-library-master/ip'. The path is contained within another repository.
WARNING: [IP_Flow 19-1663] Duplicate IP found for 'digilentinc.com:user:axi_i2s_adi:1.2'. The one found in IP location 'z:/DAT096/vivado-library-b0946605e3617c901635278b62d0f6a8e3942844/ip/axi_i2s_adi_1.2' will take precedence over the same IP in location z:/DAT096/vivado-library-master/ip/axi_i2s_adi_1.2
WARNING: [IP_Flow 19-1663] Duplicate IP found for 'digilentinc.com:IP:axi_ps2:1.0'. The one found in IP location 'z:/DAT096/vivado-library-b0946605e3617c901635278b62d0f6a8e3942844/ip/axi_ps2_1.0' will take precedence over the same IP in location z:/DAT096/vivado-library-master/ip/axi_ps2_1.0
WARNING: [IP_Flow 19-1663] Duplicate IP found for 'digilentinc.com:ip:clock_forwarder:1.1'. The one found in IP location 'z:/DAT096/vivado-library-b0946605e3617c901635278b62d0f6a8e3942844/ip/clock_forwarder' will take precedence over the same IP in location z:/DAT096/vivado-library-master/ip/clock_forwarder
WARNING: [IP_Flow 19-1663] Duplicate IP found for 'digilentinc.com:IP:hls_contrast_stretch:1.0'. The one found in IP location 'z:/DAT096/vivado-library-b0946605e3617c901635278b62d0f6a8e3942844/ip/hls_contrast_stretch_1_0' will take precedence over the same IP in location z:/DAT096/vivado-library-master/ip/hls_contrast_stretch_1_0
WARNING: [IP_Flow 19-1663] Duplicate IP found for 'digilentinc.com:IP:hls_gamma_correction:1.0'. The one found in IP location 'z:/DAT096/vivado-library-b0946605e3617c901635278b62d0f6a8e3942844/ip/hls_gamma_correction_1_0' will take precedence over the same IP in location z:/DAT096/vivado-library-master/ip/hls_gamma_correction_1_0
WARNING: [IP_Flow 19-1663] Duplicate IP found for 'digilentinc.com:IP:hls_saturation_enhance:1.0'. The one found in IP location 'z:/DAT096/vivado-library-b0946605e3617c901635278b62d0f6a8e3942844/ip/hls_saturation_enhance_1_0' will take precedence over the same IP in location z:/DAT096/vivado-library-master/ip/hls_saturation_enhance_1_0
WARNING: [IP_Flow 19-1663] Duplicate IP found for 'digilentinc.com:ip:rgb2dpvid:1.0'. The one found in IP location 'z:/DAT096/vivado-library-b0946605e3617c901635278b62d0f6a8e3942844/ip/rgb2dpvid_v1_0' will take precedence over the same IP in location z:/DAT096/vivado-library-master/ip/rgb2dpvid_v1_0
WARNING: [IP_Flow 19-1663] Duplicate IP found for 'digilentinc.com:ip:rgb2vga:1.0'. The one found in IP location 'z:/DAT096/vivado-library-b0946605e3617c901635278b62d0f6a8e3942844/ip/rgb2vga_v1_0' will take precedence over the same IP in location z:/DAT096/vivado-library-master/ip/rgb2vga_v1_0
WARNING: [IP_Flow 19-1663] Duplicate IP found for 'digilentinc.com:ip:Sync:1.0'. The one found in IP location 'z:/DAT096/vivado-library-b0946605e3617c901635278b62d0f6a8e3942844/ip/Sync_v1_0' will take precedence over the same IP in location z:/DAT096/vivado-library-master/ip/Sync_v1_0
WARNING: [IP_Flow 19-1663] Duplicate IP found for 'digilentinc.com:ip:usb2device:1.0'. The one found in IP location 'z:/DAT096/vivado-library-b0946605e3617c901635278b62d0f6a8e3942844/ip/usb2device_v1_0' will take precedence over the same IP in location z:/DAT096/vivado-library-master/ip/usb2device_v1_0
WARNING: [IP_Flow 19-1663] Duplicate IP found for 'digilentinc.com:video:video_scaler:1.0'. The one found in IP location 'z:/DAT096/vivado-library-b0946605e3617c901635278b62d0f6a8e3942844/ip/video_scaler' will take precedence over the same IP in location z:/DAT096/vivado-library-master/ip/video_scaler
WARNING: [IP_Flow 19-1663] Duplicate IP found for 'digilentinc.com:ip:dvi2rgb:2.0'. The one found in IP location 'z:/DAT096/vivado-library-master/ip/dvi2rgb' will take precedence over the same IP in location z:/DAT096/vivado-library-b0946605e3617c901635278b62d0f6a8e3942844/ip/dvi2rgb
WARNING: [IP_Flow 19-1663] Duplicate IP found for 'digilentinc.com:IP:MotorFeedback:1.0'. The one found in IP location 'z:/DAT096/vivado-library-master/ip/MotorFeedback_1.0' will take precedence over the same IP in location z:/DAT096/vivado-library-b0946605e3617c901635278b62d0f6a8e3942844/ip/MotorFeedback_1.0
WARNING: [IP_Flow 19-1663] Duplicate IP found for 'digilentinc.com:IP:PmodACL2:1.0'. The one found in IP location 'z:/DAT096/vivado-library-master/ip/Pmods/PmodACL2_v1_0' will take precedence over the same IP in location z:/DAT096/vivado-library-b0946605e3617c901635278b62d0f6a8e3942844/ip/Pmods/PmodACL2_v1_0
WARNING: [IP_Flow 19-1663] Duplicate IP found for 'digilentinc.com:IP:PmodACL:1.0'. The one found in IP location 'z:/DAT096/vivado-library-master/ip/Pmods/PmodACL_v1_0' will take precedence over the same IP in location z:/DAT096/vivado-library-b0946605e3617c901635278b62d0f6a8e3942844/ip/Pmods/PmodACL_v1_0
WARNING: [IP_Flow 19-1663] Duplicate IP found for 'digilentinc.com:IP:PmodAD1:1.0'. The one found in IP location 'z:/DAT096/vivado-library-master/ip/Pmods/PmodAD1_v1_0' will take precedence over the same IP in location z:/DAT096/vivado-library-b0946605e3617c901635278b62d0f6a8e3942844/ip/Pmods/PmodAD1_v1_0
WARNING: [IP_Flow 19-1663] Duplicate IP found for 'digilentinc.com:IP:PmodAD2:1.0'. The one found in IP location 'z:/DAT096/vivado-library-master/ip/Pmods/PmodAD2_v1_0' will take precedence over the same IP in location z:/DAT096/vivado-library-b0946605e3617c901635278b62d0f6a8e3942844/ip/Pmods/PmodAD2_v1_0
WARNING: [IP_Flow 19-1663] Duplicate IP found for 'digilentinc.com:IP:PmodAD5:1.0'. The one found in IP location 'z:/DAT096/vivado-library-master/ip/Pmods/PmodAD5_v1_0' will take precedence over the same IP in location z:/DAT096/vivado-library-b0946605e3617c901635278b62d0f6a8e3942844/ip/Pmods/PmodAD5_v1_0
WARNING: [IP_Flow 19-1663] Duplicate IP found for 'digilentinc.com:IP:PmodALS:1.0'. The one found in IP location 'z:/DAT096/vivado-library-master/ip/Pmods/PmodALS_v1_0' will take precedence over the same IP in location z:/DAT096/vivado-library-b0946605e3617c901635278b62d0f6a8e3942844/ip/Pmods/PmodALS_v1_0
WARNING: [IP_Flow 19-1663] Duplicate IP found for 'digilentinc.com:IP:PmodAMP2:1.0'. The one found in IP location 'z:/DAT096/vivado-library-master/ip/Pmods/PmodAMP2_v1_0' will take precedence over the same IP in location z:/DAT096/vivado-library-b0946605e3617c901635278b62d0f6a8e3942844/ip/Pmods/PmodAMP2_v1_0
WARNING: [IP_Flow 19-1663] Duplicate IP found for 'digilentinc.com:IP:PmodAQS:1.0'. The one found in IP location 'z:/DAT096/vivado-library-master/ip/Pmods/PmodAQS_v1_0' will take precedence over the same IP in location z:/DAT096/vivado-library-b0946605e3617c901635278b62d0f6a8e3942844/ip/Pmods/PmodAQS_v1_0
WARNING: [IP_Flow 19-1663] Duplicate IP found for 'digilentinc.com:IP:PmodBLE:1.0'. The one found in IP location 'z:/DAT096/vivado-library-master/ip/Pmods/PmodBLE_v1_0' will take precedence over the same IP in location z:/DAT096/vivado-library-b0946605e3617c901635278b62d0f6a8e3942844/ip/Pmods/PmodBLE_v1_0
WARNING: [IP_Flow 19-1663] Duplicate IP found for 'digilentinc.com:IP:PmodBT2:1.0'. The one found in IP location 'z:/DAT096/vivado-library-master/ip/Pmods/PmodBT2_v1_0' will take precedence over the same IP in location z:/DAT096/vivado-library-b0946605e3617c901635278b62d0f6a8e3942844/ip/Pmods/PmodBT2_v1_0
WARNING: [IP_Flow 19-1663] Duplicate IP found for 'digilentinc.com:IP:PmodCAN:1.0'. The one found in IP location 'z:/DAT096/vivado-library-master/ip/Pmods/PmodCAN_v1_0' will take precedence over the same IP in location z:/DAT096/vivado-library-b0946605e3617c901635278b62d0f6a8e3942844/ip/Pmods/PmodCAN_v1_0
WARNING: [IP_Flow 19-1663] Duplicate IP found for 'digilentinc.com:IP:PmodCLS:1.0'. The one found in IP location 'z:/DAT096/vivado-library-master/ip/Pmods/PmodCLS_v1_0' will take precedence over the same IP in location z:/DAT096/vivado-library-b0946605e3617c901635278b62d0f6a8e3942844/ip/Pmods/PmodCLS_v1_0
WARNING: [IP_Flow 19-1663] Duplicate IP found for 'digilentinc.com:IP:PmodCMPS2:1.0'. The one found in IP location 'z:/DAT096/vivado-library-master/ip/Pmods/PmodCMPS2_v1_0' will take precedence over the same IP in location z:/DAT096/vivado-library-b0946605e3617c901635278b62d0f6a8e3942844/ip/Pmods/PmodCMPS2_v1_0
WARNING: [IP_Flow 19-1663] Duplicate IP found for 'digilentinc.com:IP:PmodCOLOR:1.0'. The one found in IP location 'z:/DAT096/vivado-library-master/ip/Pmods/PmodCOLOR_v1_0' will take precedence over the same IP in location z:/DAT096/vivado-library-b0946605e3617c901635278b62d0f6a8e3942844/ip/Pmods/PmodCOLOR_v1_0
WARNING: [IP_Flow 19-1663] Duplicate IP found for 'digilentinc.com:IP:PmodDA1:1.0'. The one found in IP location 'z:/DAT096/vivado-library-master/ip/Pmods/PmodDA1_v1_0' will take precedence over the same IP in location z:/DAT096/vivado-library-b0946605e3617c901635278b62d0f6a8e3942844/ip/Pmods/PmodDA1_v1_0
WARNING: [IP_Flow 19-1663] Duplicate IP found for 'digilentinc.com:IP:PmodDHB1:1.0'. The one found in IP location 'z:/DAT096/vivado-library-master/ip/Pmods/PmodDHB1_v1_0' will take precedence over the same IP in location z:/DAT096/vivado-library-b0946605e3617c901635278b62d0f6a8e3942844/ip/Pmods/PmodDHB1_v1_0
WARNING: [IP_Flow 19-1663] Duplicate IP found for 'digilentinc.com:IP:PmodDPG1:1.0'. The one found in IP location 'z:/DAT096/vivado-library-master/ip/Pmods/PmodDPG1_v1_0' will take precedence over the same IP in location z:/DAT096/vivado-library-b0946605e3617c901635278b62d0f6a8e3942844/ip/Pmods/PmodDPG1_v1_0
WARNING: [IP_Flow 19-1663] Duplicate IP found for 'digilentinc.com:IP:PmodENC:1.0'. The one found in IP location 'z:/DAT096/vivado-library-master/ip/Pmods/PmodENC_v1_0' will take precedence over the same IP in location z:/DAT096/vivado-library-b0946605e3617c901635278b62d0f6a8e3942844/ip/Pmods/PmodENC_v1_0
WARNING: [IP_Flow 19-1663] Duplicate IP found for 'digilentinc.com:user:PmodESP32:1.0'. The one found in IP location 'z:/DAT096/vivado-library-master/ip/Pmods/PmodESP32_v1_0' will take precedence over the same IP in location z:/DAT096/vivado-library-b0946605e3617c901635278b62d0f6a8e3942844/ip/Pmods/PmodESP32_v1_0
WARNING: [IP_Flow 19-1663] Duplicate IP found for 'digilentinc.com:IP:PmodGPIO:1.0'. The one found in IP location 'z:/DAT096/vivado-library-master/ip/Pmods/PmodGPIO_v1_0' will take precedence over the same IP in location z:/DAT096/vivado-library-b0946605e3617c901635278b62d0f6a8e3942844/ip/Pmods/PmodGPIO_v1_0
WARNING: [IP_Flow 19-1663] Duplicate IP found for 'digilentinc.com:IP:PmodGPS:1.1'. The one found in IP location 'z:/DAT096/vivado-library-master/ip/Pmods/PmodGPS_v1_1' will take precedence over the same IP in location z:/DAT096/vivado-library-b0946605e3617c901635278b62d0f6a8e3942844/ip/Pmods/PmodGPS_v1_1
WARNING: [IP_Flow 19-1663] Duplicate IP found for 'digilentinc.com:IP:PmodGYRO:1.0'. The one found in IP location 'z:/DAT096/vivado-library-master/ip/Pmods/PmodGYRO_v1_0' will take precedence over the same IP in location z:/DAT096/vivado-library-b0946605e3617c901635278b62d0f6a8e3942844/ip/Pmods/PmodGYRO_v1_0
WARNING: [IP_Flow 19-1663] Duplicate IP found for 'digilentinc.com:IP:PmodHYGRO:1.0'. The one found in IP location 'z:/DAT096/vivado-library-master/ip/Pmods/PmodHYGRO_v1_0' will take precedence over the same IP in location z:/DAT096/vivado-library-b0946605e3617c901635278b62d0f6a8e3942844/ip/Pmods/PmodHYGRO_v1_0
WARNING: [IP_Flow 19-1663] Duplicate IP found for 'digilentinc.com:IP:PmodJSTK2:1.0'. The one found in IP location 'z:/DAT096/vivado-library-master/ip/Pmods/PmodJSTK2_v1_0' will take precedence over the same IP in location z:/DAT096/vivado-library-b0946605e3617c901635278b62d0f6a8e3942844/ip/Pmods/PmodJSTK2_v1_0
WARNING: [IP_Flow 19-1663] Duplicate IP found for 'digilentinc.com:IP:PmodJSTK:1.0'. The one found in IP location 'z:/DAT096/vivado-library-master/ip/Pmods/PmodJSTK_v1_0' will take precedence over the same IP in location z:/DAT096/vivado-library-b0946605e3617c901635278b62d0f6a8e3942844/ip/Pmods/PmodJSTK_v1_0
WARNING: [IP_Flow 19-1663] Duplicate IP found for 'digilentinc.com:IP:PmodKYPD:1.0'. The one found in IP location 'z:/DAT096/vivado-library-master/ip/Pmods/PmodKYPD_v1_0' will take precedence over the same IP in location z:/DAT096/vivado-library-b0946605e3617c901635278b62d0f6a8e3942844/ip/Pmods/PmodKYPD_v1_0
WARNING: [IP_Flow 19-1663] Duplicate IP found for 'digilentinc.com:IP:PmodMAXSONAR:1.0'. The one found in IP location 'z:/DAT096/vivado-library-master/ip/Pmods/PmodMAXSONAR_v1_0' will take precedence over the same IP in location z:/DAT096/vivado-library-b0946605e3617c901635278b62d0f6a8e3942844/ip/Pmods/PmodMAXSONAR_v1_0
WARNING: [IP_Flow 19-1663] Duplicate IP found for 'digilentinc.com:IP:PmodMTDS:1.0'. The one found in IP location 'z:/DAT096/vivado-library-master/ip/Pmods/PmodMTDS_v1_0' will take precedence over the same IP in location z:/DAT096/vivado-library-b0946605e3617c901635278b62d0f6a8e3942844/ip/Pmods/PmodMTDS_v1_0
WARNING: [IP_Flow 19-1663] Duplicate IP found for 'digilentinc.com:IP:PmodNAV:1.0'. The one found in IP location 'z:/DAT096/vivado-library-master/ip/Pmods/PmodNAV_v1_0' will take precedence over the same IP in location z:/DAT096/vivado-library-b0946605e3617c901635278b62d0f6a8e3942844/ip/Pmods/PmodNAV_v1_0
WARNING: [IP_Flow 19-1663] Duplicate IP found for 'digilentinc.com:IP:PmodOLEDrgb:1.0'. The one found in IP location 'z:/DAT096/vivado-library-master/ip/Pmods/pmodOLEDrgb_v1_0' will take precedence over the same IP in location z:/DAT096/vivado-library-b0946605e3617c901635278b62d0f6a8e3942844/ip/Pmods/pmodOLEDrgb_v1_0
WARNING: [IP_Flow 19-1663] Duplicate IP found for 'digilentinc.com:IP:PmodOLED:1.0'. The one found in IP location 'z:/DAT096/vivado-library-master/ip/Pmods/PmodOLED_v1_0' will take precedence over the same IP in location z:/DAT096/vivado-library-b0946605e3617c901635278b62d0f6a8e3942844/ip/Pmods/PmodOLED_v1_0
WARNING: [IP_Flow 19-1663] Duplicate IP found for 'digilentinc.com:IP:PmodPIR:1.0'. The one found in IP location 'z:/DAT096/vivado-library-master/ip/Pmods/PmodPIR_v1_0' will take precedence over the same IP in location z:/DAT096/vivado-library-b0946605e3617c901635278b62d0f6a8e3942844/ip/Pmods/PmodPIR_v1_0
WARNING: [IP_Flow 19-1663] Duplicate IP found for 'digilentinc.com:IP:PmodR2R:1.0'. The one found in IP location 'z:/DAT096/vivado-library-master/ip/Pmods/PmodR2R_v1_0' will take precedence over the same IP in location z:/DAT096/vivado-library-b0946605e3617c901635278b62d0f6a8e3942844/ip/Pmods/PmodR2R_v1_0
WARNING: [IP_Flow 19-1663] Duplicate IP found for 'digilentinc.com:IP:PmodRTCC:1.0'. The one found in IP location 'z:/DAT096/vivado-library-master/ip/Pmods/PmodRTCC_v1_0' will take precedence over the same IP in location z:/DAT096/vivado-library-b0946605e3617c901635278b62d0f6a8e3942844/ip/Pmods/PmodRTCC_v1_0
WARNING: [IP_Flow 19-1663] Duplicate IP found for 'digilentinc.com:IP:PmodSD:1.0'. The one found in IP location 'z:/DAT096/vivado-library-master/ip/Pmods/PmodSD_v1_0' will take precedence over the same IP in location z:/DAT096/vivado-library-b0946605e3617c901635278b62d0f6a8e3942844/ip/Pmods/PmodSD_v1_0
WARNING: [IP_Flow 19-1663] Duplicate IP found for 'digilentinc.com:IP:PmodSF3:1.0'. The one found in IP location 'z:/DAT096/vivado-library-master/ip/Pmods/PmodSF3_v1_0' will take precedence over the same IP in location z:/DAT096/vivado-library-b0946605e3617c901635278b62d0f6a8e3942844/ip/Pmods/PmodSF3_v1_0
WARNING: [IP_Flow 19-1663] Duplicate IP found for 'digilentinc.com:IP:PmodTC1:1.0'. The one found in IP location 'z:/DAT096/vivado-library-master/ip/Pmods/PmodTC1_v1_0' will take precedence over the same IP in location z:/DAT096/vivado-library-b0946605e3617c901635278b62d0f6a8e3942844/ip/Pmods/PmodTC1_v1_0
WARNING: [IP_Flow 19-1663] Duplicate IP found for 'digilentinc.com:IP:PmodTMP3:1.0'. The one found in IP location 'z:/DAT096/vivado-library-master/ip/Pmods/PmodTMP3_v1_0' will take precedence over the same IP in location z:/DAT096/vivado-library-b0946605e3617c901635278b62d0f6a8e3942844/ip/Pmods/PmodTMP3_v1_0
WARNING: [IP_Flow 19-1663] Duplicate IP found for 'digilentinc.com:IP:PmodWIFI:1.0'. The one found in IP location 'z:/DAT096/vivado-library-master/ip/Pmods/PmodWIFI_v1_0' will take precedence over the same IP in location z:/DAT096/vivado-library-b0946605e3617c901635278b62d0f6a8e3942844/ip/Pmods/PmodWIFI_v1_0
WARNING: [IP_Flow 19-1663] Duplicate IP found for 'digilentinc.com:ip:pmod_bridge:1.0'. The one found in IP location 'z:/DAT096/vivado-library-master/ip/Pmods/Pmod_Bridge_v1_0' will take precedence over the same IP in location z:/DAT096/vivado-library-b0946605e3617c901635278b62d0f6a8e3942844/ip/Pmods/Pmod_Bridge_v1_0
WARNING: [IP_Flow 19-1663] Duplicate IP found for 'digilentinc.com:ip:pmod_bridge:1.1'. The one found in IP location 'z:/DAT096/vivado-library-master/ip/Pmods/Pmod_Bridge_v1_1' will take precedence over the same IP in location z:/DAT096/vivado-library-b0946605e3617c901635278b62d0f6a8e3942844/ip/Pmods/Pmod_Bridge_v1_1
WARNING: [IP_Flow 19-1663] Duplicate IP found for 'digilentinc.com:IP:PWM:1.0'. The one found in IP location 'z:/DAT096/vivado-library-master/ip/PWM_1.0' will take precedence over the same IP in location z:/DAT096/vivado-library-b0946605e3617c901635278b62d0f6a8e3942844/ip/PWM_1.0
WARNING: [IP_Flow 19-1663] Duplicate IP found for 'digilentinc.com:IP:PWM:2.0'. The one found in IP location 'z:/DAT096/vivado-library-master/ip/PWM_2.0' will take precedence over the same IP in location z:/DAT096/vivado-library-b0946605e3617c901635278b62d0f6a8e3942844/ip/PWM_2.0
WARNING: [IP_Flow 19-1663] Duplicate IP found for 'digilentinc.com:IP:PWM_Analyzer:1.0'. The one found in IP location 'z:/DAT096/vivado-library-master/ip/PWM_Analyzer_1.0' will take precedence over the same IP in location z:/DAT096/vivado-library-b0946605e3617c901635278b62d0f6a8e3942844/ip/PWM_Analyzer_1.0
WARNING: [IP_Flow 19-1663] Duplicate IP found for 'digilentinc.com:ip:rgb2dvi:1.4'. The one found in IP location 'z:/DAT096/vivado-library-master/ip/rgb2dvi' will take precedence over the same IP in location z:/DAT096/vivado-library-b0946605e3617c901635278b62d0f6a8e3942844/ip/rgb2dvi
WARNING: [IP_Flow 19-4830] Duplicate Interface found for 'digilentinc.com:interface:pmod:1.0'. The one found in location 'z:/DAT096/vivado-library-b0946605e3617c901635278b62d0f6a8e3942844/if/pmod_v1_0/pmod.xml' will take precedence over the same Interface in location 'z:/DAT096/vivado-library-master/if/pmod_v1_0/pmod.xml'
WARNING: [IP_Flow 19-4830] Duplicate Interface found for 'digilentinc.com:interface:tmds:1.0'. The one found in location 'z:/DAT096/vivado-library-b0946605e3617c901635278b62d0f6a8e3942844/if/tmds_v1_0/tmds.xml' will take precedence over the same Interface in location 'z:/DAT096/vivado-library-master/if/tmds_v1_0/tmds.xml'
update_ip_catalog: Time (s): cpu = 00:00:01 ; elapsed = 00:00:06 . Memory (MB): peak = 1525.496 ; gain = 0.000
validate_bd_design -force
WARNING: [BD 41-2670] Found an incomplete address path from address space '/processing_system7_0/Data' to master interface '/processing_system7_0/M_AXI_GP0'. Please either complete or remove this path to resolve.
WARNING: [BD 5-699] No address segments matched 'get_bd_addr_segs -of_objects /processing_system7_0/Data'
INFO: [xilinx.com:ip:clk_wiz:6.0-1] /clk_wiz_0 clk_wiz propagate
report_ip_status -name ip_status 
save_bd_design
Wrote  : <C:\Users\mariashi\Documents\DAT096-krish\Embedded-System-Project-DAT096-krishna\Board_2\Board_2\Board_2.srcs\sources_1\bd\design_2\design_2.bd> 
reset_run impl_1 -prev_step 
launch_runs impl_1 -to_step write_bitstream -jobs 28
INFO: [BD 41-1662] The design 'design_2.bd' is already validated. Therefore parameter propagation will not be re-run.
VHDL Output written to : c:/Users/mariashi/Documents/DAT096-krish/Embedded-System-Project-DAT096-krishna/Board_2/Board_2/Board_2.gen/sources_1/bd/design_2/synth/design_2.vhd
VHDL Output written to : c:/Users/mariashi/Documents/DAT096-krish/Embedded-System-Project-DAT096-krishna/Board_2/Board_2/Board_2.gen/sources_1/bd/design_2/sim/design_2.vhd
VHDL Output written to : c:/Users/mariashi/Documents/DAT096-krish/Embedded-System-Project-DAT096-krishna/Board_2/Board_2/Board_2.gen/sources_1/bd/design_2/hdl/design_2_wrapper.vhd
Exporting to file c:/Users/mariashi/Documents/DAT096-krish/Embedded-System-Project-DAT096-krishna/Board_2/Board_2/Board_2.gen/sources_1/bd/design_2/hw_handoff/design_2.hwh
Generated Hardware Definition File c:/Users/mariashi/Documents/DAT096-krish/Embedded-System-Project-DAT096-krishna/Board_2/Board_2/Board_2.gen/sources_1/bd/design_2/synth/design_2.hwdef
WARNING: [Vivado 12-872] Run step 'Design Initialization' is out-of-date.
[Mon May  4 11:53:12 2026] Launched impl_1...
Run output will be captured here: C:/Users/mariashi/Documents/DAT096-krish/Embedded-System-Project-DAT096-krishna/Board_2/Board_2/Board_2.runs/impl_1/runme.log
open_hw_manager
connect_hw_server -allow_non_jtag
INFO: [Labtools 27-2285] Connecting to hw_server url TCP:localhost:3121
INFO: [Labtools 27-3415] Connecting to cs_server url TCP:localhost:0
INFO: [Labtools 27-3417] Launching cs_server...
INFO: [Common 17-41] Interrupt caught. Command should exit soon.
INFO: [Labtools 27-2221] Launch Output:


******** Xilinx cs_server v2024.2.0
  ****** Build date   : Oct 30 2024-19:19:07
    **** Build number : 2024.2.1730312347
      ** Copyright 2017-2022 Xilinx, Inc. All Rights Reserved.
      ** Copyright 2022-2026 Advanced Micro Devices, Inc. All Rights Reserved.



connect_hw_server: Time (s): cpu = 00:00:00 ; elapsed = 00:00:11 . Memory (MB): peak = 1525.496 ; gain = 0.000
INFO: [Common 17-344] 'connect_hw_server' was cancelled
disconnect_hw_server localhost:3121
connect_hw_server -allow_non_jtag
INFO: [Labtools 27-2285] Connecting to hw_server url TCP:localhost:3121
INFO: [Labtools 27-3415] Connecting to cs_server url TCP:localhost:0
INFO: [Labtools 27-3417] Launching cs_server...
INFO: [Common 17-41] Interrupt caught. Command should exit soon.
INFO: [Labtools 27-2221] Launch Output:


******** Xilinx cs_server v2024.2.0
  ****** Build date   : Oct 30 2024-19:19:07
    **** Build number : 2024.2.1730312347
      ** Copyright 2017-2022 Xilinx, Inc. All Rights Reserved.
      ** Copyright 2022-2026 Advanced Micro Devices, Inc. All Rights Reserved.



connect_hw_server: Time (s): cpu = 00:00:00 ; elapsed = 00:00:11 . Memory (MB): peak = 1525.496 ; gain = 0.000
INFO: [Common 17-344] 'connect_hw_server' was cancelled
disconnect_hw_server localhost:3121
connect_hw_server -allow_non_jtag
INFO: [Labtools 27-2285] Connecting to hw_server url TCP:localhost:3121
INFO: [Labtools 27-3415] Connecting to cs_server url TCP:localhost:0
INFO: [Labtools 27-3417] Launching cs_server...
INFO: [Labtools 27-2221] Launch Output:


******** Xilinx cs_server v2024.2.0
  ****** Build date   : Oct 30 2024-19:19:07
    **** Build number : 2024.2.1730312347
      ** Copyright 2017-2022 Xilinx, Inc. All Rights Reserved.
      ** Copyright 2022-2026 Advanced Micro Devices, Inc. All Rights Reserved.



connect_hw_server: Time (s): cpu = 00:00:01 ; elapsed = 00:00:11 . Memory (MB): peak = 1525.496 ; gain = 0.000
open_hw_target
INFO: [Labtoolstcl 44-466] Opening hw_target localhost:3121/xilinx_tcf/Digilent/210393BB58A7A
set_property PROGRAM.FILE {C:/Users/mariashi/Documents/DAT096-krish/Embedded-System-Project-DAT096-krishna/Board_2/Board_2/Board_2.runs/impl_1/design_2_wrapper.bit} [get_hw_devices xc7z020_1]
set_property PROBES.FILE {C:/Users/mariashi/Documents/DAT096-krish/Embedded-System-Project-DAT096-krishna/Board_2/Board_2/Board_2.runs/impl_1/design_2_wrapper.ltx} [get_hw_devices xc7z020_1]
set_property FULL_PROBES.FILE {C:/Users/mariashi/Documents/DAT096-krish/Embedded-System-Project-DAT096-krishna/Board_2/Board_2/Board_2.runs/impl_1/design_2_wrapper.ltx} [get_hw_devices xc7z020_1]
current_hw_device [get_hw_devices xc7z020_1]
refresh_hw_device [lindex [get_hw_devices xc7z020_1] 0]
INFO: [Labtools 27-1434] Device xc7z020 (JTAG device index = 1) is programmed with a design that has no supported debug core(s) in it.
WARNING: [Labtools 27-3361] The debug hub core was not detected.
Resolution: 
1. Make sure the clock connected to the debug hub (dbg_hub) core is a free running clock and is active.
2. Make sure the BSCAN_SWITCH_USER_MASK device property in Vivado Hardware Manager reflects the user scan chain setting in the design and refresh the device.  To determine the user scan chain setting in the design, open the implemented design and use 'get_property C_USER_SCAN_CHAIN [get_debug_cores dbg_hub]'.
For more details on setting the scan chain property, consult the Vivado Debug and Programming User Guide (UG908).
WARNING: [Labtools 27-3413] Dropping logic core with cellname:'design_2_i/ila_0' at location 'uuid_F2A5A0E152865171A222BF15ACEC5622' from probes file, since it cannot be found on the programmed device.
set_property PROBES.FILE {C:/Users/mariashi/Documents/DAT096-krish/Embedded-System-Project-DAT096-krishna/Board_2/Board_2/Board_2.runs/impl_1/design_2_wrapper.ltx} [get_hw_devices xc7z020_1]
set_property FULL_PROBES.FILE {C:/Users/mariashi/Documents/DAT096-krish/Embedded-System-Project-DAT096-krishna/Board_2/Board_2/Board_2.runs/impl_1/design_2_wrapper.ltx} [get_hw_devices xc7z020_1]
set_property PROGRAM.FILE {C:/Users/mariashi/Documents/DAT096-krish/Embedded-System-Project-DAT096-krishna/Board_2/Board_2/Board_2.runs/impl_1/design_2_wrapper.bit} [get_hw_devices xc7z020_1]
program_hw_devices [get_hw_devices xc7z020_1]
INFO: [Labtools 27-3164] End of startup status: HIGH
refresh_hw_device [lindex [get_hw_devices xc7z020_1] 0]
INFO: [Labtools 27-2302] Device xc7z020 (JTAG device index = 1) is programmed with a design that has 1 ILA core(s).
display_hw_ila_data [ get_hw_ila_data hw_ila_data_1 -of_objects [get_hw_ilas -of_objects [get_hw_devices xc7z020_1] -filter {CELL_NAME=~"design_2_i/ila_0"}]]
run_hw_ila [get_hw_ilas -of_objects [get_hw_devices xc7z020_1] -filter {CELL_NAME=~"design_2_i/ila_0"}]
INFO: [Labtools 27-1964] The ILA core 'hw_ila_1' trigger was armed at 2026-May-04 11:55:57
wait_on_hw_ila [get_hw_ilas -of_objects [get_hw_devices xc7z020_1] -filter {CELL_NAME=~"design_2_i/ila_0"}]
display_hw_ila_data [upload_hw_ila_data [get_hw_ilas -of_objects [get_hw_devices xc7z020_1] -filter {CELL_NAME=~"design_2_i/ila_0"}]]
INFO: [Labtools 27-1966] The ILA core 'hw_ila_1' triggered at 2026-May-04 11:55:58
INFO: [Labtools 27-3304] ILA Waveform data saved to file C:/Users/mariashi/Documents/DAT096-krish/Embedded-System-Project-DAT096-krishna/Board_2/Board_2/Board_2.hw/backup/hw_ila_data_1.ila. Use Tcl command 'read_hw_ila_data' or Vivado File->Import->Import ILA Data menu item to import the previously saved data.
open_bd_design {C:/Users/mariashi/Documents/DAT096-krish/Embedded-System-Project-DAT096-krishna/Board_2/Board_2/Board_2.srcs/sources_1/bd/design_2/design_2.bd}
close [ open C:/Users/mariashi/Documents/DAT096-krish/Embedded-System-Project-DAT096-krishna/Board_2/Board_2/Board_2.srcs/sources_1/new/v_to_amp.vhd w ]
add_files C:/Users/mariashi/Documents/DAT096-krish/Embedded-System-Project-DAT096-krishna/Board_2/Board_2/Board_2.srcs/sources_1/new/v_to_amp.vhd
update_compile_order -fileset sources_1
create_bd_cell -type module -reference voltage_to_current voltage_to_current_0
INFO: [IP_Flow 19-5107] Inferred bus interface 'clk' of definition 'xilinx.com:signal:clock:1.0' (from Xilinx Repository).
WARNING: [IP_Flow 19-5661] Bus Interface 'clk' does not have any bus interfaces associated with it.
WARNING: [IP_Flow 19-11770] Clock interface 'clk' has no FREQ_HZ parameter.
WARNING: [IP_Flow 19-1663] Duplicate IP found for 'digilentinc.com:user:axi_i2s_adi:1.2'. The one found in IP location 'z:/DAT096/vivado-library-b0946605e3617c901635278b62d0f6a8e3942844/ip/axi_i2s_adi_1.2' will take precedence over the same IP in location z:/DAT096/vivado-library-master/ip/axi_i2s_adi_1.2
WARNING: [IP_Flow 19-1663] Duplicate IP found for 'digilentinc.com:IP:axi_ps2:1.0'. The one found in IP location 'z:/DAT096/vivado-library-b0946605e3617c901635278b62d0f6a8e3942844/ip/axi_ps2_1.0' will take precedence over the same IP in location z:/DAT096/vivado-library-master/ip/axi_ps2_1.0
WARNING: [IP_Flow 19-1663] Duplicate IP found for 'digilentinc.com:ip:clock_forwarder:1.1'. The one found in IP location 'z:/DAT096/vivado-library-b0946605e3617c901635278b62d0f6a8e3942844/ip/clock_forwarder' will take precedence over the same IP in location z:/DAT096/vivado-library-master/ip/clock_forwarder
WARNING: [IP_Flow 19-1663] Duplicate IP found for 'digilentinc.com:IP:hls_contrast_stretch:1.0'. The one found in IP location 'z:/DAT096/vivado-library-b0946605e3617c901635278b62d0f6a8e3942844/ip/hls_contrast_stretch_1_0' will take precedence over the same IP in location z:/DAT096/vivado-library-master/ip/hls_contrast_stretch_1_0
WARNING: [IP_Flow 19-1663] Duplicate IP found for 'digilentinc.com:IP:hls_gamma_correction:1.0'. The one found in IP location 'z:/DAT096/vivado-library-b0946605e3617c901635278b62d0f6a8e3942844/ip/hls_gamma_correction_1_0' will take precedence over the same IP in location z:/DAT096/vivado-library-master/ip/hls_gamma_correction_1_0
WARNING: [IP_Flow 19-1663] Duplicate IP found for 'digilentinc.com:IP:hls_saturation_enhance:1.0'. The one found in IP location 'z:/DAT096/vivado-library-b0946605e3617c901635278b62d0f6a8e3942844/ip/hls_saturation_enhance_1_0' will take precedence over the same IP in location z:/DAT096/vivado-library-master/ip/hls_saturation_enhance_1_0
WARNING: [IP_Flow 19-1663] Duplicate IP found for 'digilentinc.com:ip:rgb2dpvid:1.0'. The one found in IP location 'z:/DAT096/vivado-library-b0946605e3617c901635278b62d0f6a8e3942844/ip/rgb2dpvid_v1_0' will take precedence over the same IP in location z:/DAT096/vivado-library-master/ip/rgb2dpvid_v1_0
WARNING: [IP_Flow 19-1663] Duplicate IP found for 'digilentinc.com:ip:rgb2vga:1.0'. The one found in IP location 'z:/DAT096/vivado-library-b0946605e3617c901635278b62d0f6a8e3942844/ip/rgb2vga_v1_0' will take precedence over the same IP in location z:/DAT096/vivado-library-master/ip/rgb2vga_v1_0
WARNING: [IP_Flow 19-1663] Duplicate IP found for 'digilentinc.com:ip:Sync:1.0'. The one found in IP location 'z:/DAT096/vivado-library-b0946605e3617c901635278b62d0f6a8e3942844/ip/Sync_v1_0' will take precedence over the same IP in location z:/DAT096/vivado-library-master/ip/Sync_v1_0
WARNING: [IP_Flow 19-1663] Duplicate IP found for 'digilentinc.com:ip:usb2device:1.0'. The one found in IP location 'z:/DAT096/vivado-library-b0946605e3617c901635278b62d0f6a8e3942844/ip/usb2device_v1_0' will take precedence over the same IP in location z:/DAT096/vivado-library-master/ip/usb2device_v1_0
WARNING: [IP_Flow 19-1663] Duplicate IP found for 'digilentinc.com:video:video_scaler:1.0'. The one found in IP location 'z:/DAT096/vivado-library-b0946605e3617c901635278b62d0f6a8e3942844/ip/video_scaler' will take precedence over the same IP in location z:/DAT096/vivado-library-master/ip/video_scaler
WARNING: [IP_Flow 19-1663] Duplicate IP found for 'digilentinc.com:ip:dvi2rgb:2.0'. The one found in IP location 'z:/DAT096/vivado-library-master/ip/dvi2rgb' will take precedence over the same IP in location z:/DAT096/vivado-library-b0946605e3617c901635278b62d0f6a8e3942844/ip/dvi2rgb
WARNING: [IP_Flow 19-1663] Duplicate IP found for 'digilentinc.com:IP:MotorFeedback:1.0'. The one found in IP location 'z:/DAT096/vivado-library-master/ip/MotorFeedback_1.0' will take precedence over the same IP in location z:/DAT096/vivado-library-b0946605e3617c901635278b62d0f6a8e3942844/ip/MotorFeedback_1.0
WARNING: [IP_Flow 19-1663] Duplicate IP found for 'digilentinc.com:IP:PmodACL2:1.0'. The one found in IP location 'z:/DAT096/vivado-library-master/ip/Pmods/PmodACL2_v1_0' will take precedence over the same IP in location z:/DAT096/vivado-library-b0946605e3617c901635278b62d0f6a8e3942844/ip/Pmods/PmodACL2_v1_0
WARNING: [IP_Flow 19-1663] Duplicate IP found for 'digilentinc.com:IP:PmodACL:1.0'. The one found in IP location 'z:/DAT096/vivado-library-master/ip/Pmods/PmodACL_v1_0' will take precedence over the same IP in location z:/DAT096/vivado-library-b0946605e3617c901635278b62d0f6a8e3942844/ip/Pmods/PmodACL_v1_0
WARNING: [IP_Flow 19-1663] Duplicate IP found for 'digilentinc.com:IP:PmodAD1:1.0'. The one found in IP location 'z:/DAT096/vivado-library-master/ip/Pmods/PmodAD1_v1_0' will take precedence over the same IP in location z:/DAT096/vivado-library-b0946605e3617c901635278b62d0f6a8e3942844/ip/Pmods/PmodAD1_v1_0
WARNING: [IP_Flow 19-1663] Duplicate IP found for 'digilentinc.com:IP:PmodAD2:1.0'. The one found in IP location 'z:/DAT096/vivado-library-master/ip/Pmods/PmodAD2_v1_0' will take precedence over the same IP in location z:/DAT096/vivado-library-b0946605e3617c901635278b62d0f6a8e3942844/ip/Pmods/PmodAD2_v1_0
WARNING: [IP_Flow 19-1663] Duplicate IP found for 'digilentinc.com:IP:PmodAD5:1.0'. The one found in IP location 'z:/DAT096/vivado-library-master/ip/Pmods/PmodAD5_v1_0' will take precedence over the same IP in location z:/DAT096/vivado-library-b0946605e3617c901635278b62d0f6a8e3942844/ip/Pmods/PmodAD5_v1_0
WARNING: [IP_Flow 19-1663] Duplicate IP found for 'digilentinc.com:IP:PmodALS:1.0'. The one found in IP location 'z:/DAT096/vivado-library-master/ip/Pmods/PmodALS_v1_0' will take precedence over the same IP in location z:/DAT096/vivado-library-b0946605e3617c901635278b62d0f6a8e3942844/ip/Pmods/PmodALS_v1_0
WARNING: [IP_Flow 19-1663] Duplicate IP found for 'digilentinc.com:IP:PmodAMP2:1.0'. The one found in IP location 'z:/DAT096/vivado-library-master/ip/Pmods/PmodAMP2_v1_0' will take precedence over the same IP in location z:/DAT096/vivado-library-b0946605e3617c901635278b62d0f6a8e3942844/ip/Pmods/PmodAMP2_v1_0
WARNING: [IP_Flow 19-1663] Duplicate IP found for 'digilentinc.com:IP:PmodAQS:1.0'. The one found in IP location 'z:/DAT096/vivado-library-master/ip/Pmods/PmodAQS_v1_0' will take precedence over the same IP in location z:/DAT096/vivado-library-b0946605e3617c901635278b62d0f6a8e3942844/ip/Pmods/PmodAQS_v1_0
WARNING: [IP_Flow 19-1663] Duplicate IP found for 'digilentinc.com:IP:PmodBLE:1.0'. The one found in IP location 'z:/DAT096/vivado-library-master/ip/Pmods/PmodBLE_v1_0' will take precedence over the same IP in location z:/DAT096/vivado-library-b0946605e3617c901635278b62d0f6a8e3942844/ip/Pmods/PmodBLE_v1_0
WARNING: [IP_Flow 19-1663] Duplicate IP found for 'digilentinc.com:IP:PmodBT2:1.0'. The one found in IP location 'z:/DAT096/vivado-library-master/ip/Pmods/PmodBT2_v1_0' will take precedence over the same IP in location z:/DAT096/vivado-library-b0946605e3617c901635278b62d0f6a8e3942844/ip/Pmods/PmodBT2_v1_0
WARNING: [IP_Flow 19-1663] Duplicate IP found for 'digilentinc.com:IP:PmodCAN:1.0'. The one found in IP location 'z:/DAT096/vivado-library-master/ip/Pmods/PmodCAN_v1_0' will take precedence over the same IP in location z:/DAT096/vivado-library-b0946605e3617c901635278b62d0f6a8e3942844/ip/Pmods/PmodCAN_v1_0
WARNING: [IP_Flow 19-1663] Duplicate IP found for 'digilentinc.com:IP:PmodCLS:1.0'. The one found in IP location 'z:/DAT096/vivado-library-master/ip/Pmods/PmodCLS_v1_0' will take precedence over the same IP in location z:/DAT096/vivado-library-b0946605e3617c901635278b62d0f6a8e3942844/ip/Pmods/PmodCLS_v1_0
WARNING: [IP_Flow 19-1663] Duplicate IP found for 'digilentinc.com:IP:PmodCMPS2:1.0'. The one found in IP location 'z:/DAT096/vivado-library-master/ip/Pmods/PmodCMPS2_v1_0' will take precedence over the same IP in location z:/DAT096/vivado-library-b0946605e3617c901635278b62d0f6a8e3942844/ip/Pmods/PmodCMPS2_v1_0
WARNING: [IP_Flow 19-1663] Duplicate IP found for 'digilentinc.com:IP:PmodCOLOR:1.0'. The one found in IP location 'z:/DAT096/vivado-library-master/ip/Pmods/PmodCOLOR_v1_0' will take precedence over the same IP in location z:/DAT096/vivado-library-b0946605e3617c901635278b62d0f6a8e3942844/ip/Pmods/PmodCOLOR_v1_0
WARNING: [IP_Flow 19-1663] Duplicate IP found for 'digilentinc.com:IP:PmodDA1:1.0'. The one found in IP location 'z:/DAT096/vivado-library-master/ip/Pmods/PmodDA1_v1_0' will take precedence over the same IP in location z:/DAT096/vivado-library-b0946605e3617c901635278b62d0f6a8e3942844/ip/Pmods/PmodDA1_v1_0
WARNING: [IP_Flow 19-1663] Duplicate IP found for 'digilentinc.com:IP:PmodDHB1:1.0'. The one found in IP location 'z:/DAT096/vivado-library-master/ip/Pmods/PmodDHB1_v1_0' will take precedence over the same IP in location z:/DAT096/vivado-library-b0946605e3617c901635278b62d0f6a8e3942844/ip/Pmods/PmodDHB1_v1_0
WARNING: [IP_Flow 19-1663] Duplicate IP found for 'digilentinc.com:IP:PmodDPG1:1.0'. The one found in IP location 'z:/DAT096/vivado-library-master/ip/Pmods/PmodDPG1_v1_0' will take precedence over the same IP in location z:/DAT096/vivado-library-b0946605e3617c901635278b62d0f6a8e3942844/ip/Pmods/PmodDPG1_v1_0
WARNING: [IP_Flow 19-1663] Duplicate IP found for 'digilentinc.com:IP:PmodENC:1.0'. The one found in IP location 'z:/DAT096/vivado-library-master/ip/Pmods/PmodENC_v1_0' will take precedence over the same IP in location z:/DAT096/vivado-library-b0946605e3617c901635278b62d0f6a8e3942844/ip/Pmods/PmodENC_v1_0
WARNING: [IP_Flow 19-1663] Duplicate IP found for 'digilentinc.com:user:PmodESP32:1.0'. The one found in IP location 'z:/DAT096/vivado-library-master/ip/Pmods/PmodESP32_v1_0' will take precedence over the same IP in location z:/DAT096/vivado-library-b0946605e3617c901635278b62d0f6a8e3942844/ip/Pmods/PmodESP32_v1_0
WARNING: [IP_Flow 19-1663] Duplicate IP found for 'digilentinc.com:IP:PmodGPIO:1.0'. The one found in IP location 'z:/DAT096/vivado-library-master/ip/Pmods/PmodGPIO_v1_0' will take precedence over the same IP in location z:/DAT096/vivado-library-b0946605e3617c901635278b62d0f6a8e3942844/ip/Pmods/PmodGPIO_v1_0
WARNING: [IP_Flow 19-1663] Duplicate IP found for 'digilentinc.com:IP:PmodGPS:1.1'. The one found in IP location 'z:/DAT096/vivado-library-master/ip/Pmods/PmodGPS_v1_1' will take precedence over the same IP in location z:/DAT096/vivado-library-b0946605e3617c901635278b62d0f6a8e3942844/ip/Pmods/PmodGPS_v1_1
WARNING: [IP_Flow 19-1663] Duplicate IP found for 'digilentinc.com:IP:PmodGYRO:1.0'. The one found in IP location 'z:/DAT096/vivado-library-master/ip/Pmods/PmodGYRO_v1_0' will take precedence over the same IP in location z:/DAT096/vivado-library-b0946605e3617c901635278b62d0f6a8e3942844/ip/Pmods/PmodGYRO_v1_0
WARNING: [IP_Flow 19-1663] Duplicate IP found for 'digilentinc.com:IP:PmodHYGRO:1.0'. The one found in IP location 'z:/DAT096/vivado-library-master/ip/Pmods/PmodHYGRO_v1_0' will take precedence over the same IP in location z:/DAT096/vivado-library-b0946605e3617c901635278b62d0f6a8e3942844/ip/Pmods/PmodHYGRO_v1_0
WARNING: [IP_Flow 19-1663] Duplicate IP found for 'digilentinc.com:IP:PmodJSTK2:1.0'. The one found in IP location 'z:/DAT096/vivado-library-master/ip/Pmods/PmodJSTK2_v1_0' will take precedence over the same IP in location z:/DAT096/vivado-library-b0946605e3617c901635278b62d0f6a8e3942844/ip/Pmods/PmodJSTK2_v1_0
WARNING: [IP_Flow 19-1663] Duplicate IP found for 'digilentinc.com:IP:PmodJSTK:1.0'. The one found in IP location 'z:/DAT096/vivado-library-master/ip/Pmods/PmodJSTK_v1_0' will take precedence over the same IP in location z:/DAT096/vivado-library-b0946605e3617c901635278b62d0f6a8e3942844/ip/Pmods/PmodJSTK_v1_0
WARNING: [IP_Flow 19-1663] Duplicate IP found for 'digilentinc.com:IP:PmodKYPD:1.0'. The one found in IP location 'z:/DAT096/vivado-library-master/ip/Pmods/PmodKYPD_v1_0' will take precedence over the same IP in location z:/DAT096/vivado-library-b0946605e3617c901635278b62d0f6a8e3942844/ip/Pmods/PmodKYPD_v1_0
WARNING: [IP_Flow 19-1663] Duplicate IP found for 'digilentinc.com:IP:PmodMAXSONAR:1.0'. The one found in IP location 'z:/DAT096/vivado-library-master/ip/Pmods/PmodMAXSONAR_v1_0' will take precedence over the same IP in location z:/DAT096/vivado-library-b0946605e3617c901635278b62d0f6a8e3942844/ip/Pmods/PmodMAXSONAR_v1_0
WARNING: [IP_Flow 19-1663] Duplicate IP found for 'digilentinc.com:IP:PmodMTDS:1.0'. The one found in IP location 'z:/DAT096/vivado-library-master/ip/Pmods/PmodMTDS_v1_0' will take precedence over the same IP in location z:/DAT096/vivado-library-b0946605e3617c901635278b62d0f6a8e3942844/ip/Pmods/PmodMTDS_v1_0
WARNING: [IP_Flow 19-1663] Duplicate IP found for 'digilentinc.com:IP:PmodNAV:1.0'. The one found in IP location 'z:/DAT096/vivado-library-master/ip/Pmods/PmodNAV_v1_0' will take precedence over the same IP in location z:/DAT096/vivado-library-b0946605e3617c901635278b62d0f6a8e3942844/ip/Pmods/PmodNAV_v1_0
WARNING: [IP_Flow 19-1663] Duplicate IP found for 'digilentinc.com:IP:PmodOLEDrgb:1.0'. The one found in IP location 'z:/DAT096/vivado-library-master/ip/Pmods/pmodOLEDrgb_v1_0' will take precedence over the same IP in location z:/DAT096/vivado-library-b0946605e3617c901635278b62d0f6a8e3942844/ip/Pmods/pmodOLEDrgb_v1_0
WARNING: [IP_Flow 19-1663] Duplicate IP found for 'digilentinc.com:IP:PmodOLED:1.0'. The one found in IP location 'z:/DAT096/vivado-library-master/ip/Pmods/PmodOLED_v1_0' will take precedence over the same IP in location z:/DAT096/vivado-library-b0946605e3617c901635278b62d0f6a8e3942844/ip/Pmods/PmodOLED_v1_0
WARNING: [IP_Flow 19-1663] Duplicate IP found for 'digilentinc.com:IP:PmodPIR:1.0'. The one found in IP location 'z:/DAT096/vivado-library-master/ip/Pmods/PmodPIR_v1_0' will take precedence over the same IP in location z:/DAT096/vivado-library-b0946605e3617c901635278b62d0f6a8e3942844/ip/Pmods/PmodPIR_v1_0
WARNING: [IP_Flow 19-1663] Duplicate IP found for 'digilentinc.com:IP:PmodR2R:1.0'. The one found in IP location 'z:/DAT096/vivado-library-master/ip/Pmods/PmodR2R_v1_0' will take precedence over the same IP in location z:/DAT096/vivado-library-b0946605e3617c901635278b62d0f6a8e3942844/ip/Pmods/PmodR2R_v1_0
WARNING: [IP_Flow 19-1663] Duplicate IP found for 'digilentinc.com:IP:PmodRTCC:1.0'. The one found in IP location 'z:/DAT096/vivado-library-master/ip/Pmods/PmodRTCC_v1_0' will take precedence over the same IP in location z:/DAT096/vivado-library-b0946605e3617c901635278b62d0f6a8e3942844/ip/Pmods/PmodRTCC_v1_0
WARNING: [IP_Flow 19-1663] Duplicate IP found for 'digilentinc.com:IP:PmodSD:1.0'. The one found in IP location 'z:/DAT096/vivado-library-master/ip/Pmods/PmodSD_v1_0' will take precedence over the same IP in location z:/DAT096/vivado-library-b0946605e3617c901635278b62d0f6a8e3942844/ip/Pmods/PmodSD_v1_0
WARNING: [IP_Flow 19-1663] Duplicate IP found for 'digilentinc.com:IP:PmodSF3:1.0'. The one found in IP location 'z:/DAT096/vivado-library-master/ip/Pmods/PmodSF3_v1_0' will take precedence over the same IP in location z:/DAT096/vivado-library-b0946605e3617c901635278b62d0f6a8e3942844/ip/Pmods/PmodSF3_v1_0
WARNING: [IP_Flow 19-1663] Duplicate IP found for 'digilentinc.com:IP:PmodTC1:1.0'. The one found in IP location 'z:/DAT096/vivado-library-master/ip/Pmods/PmodTC1_v1_0' will take precedence over the same IP in location z:/DAT096/vivado-library-b0946605e3617c901635278b62d0f6a8e3942844/ip/Pmods/PmodTC1_v1_0
WARNING: [IP_Flow 19-1663] Duplicate IP found for 'digilentinc.com:IP:PmodTMP3:1.0'. The one found in IP location 'z:/DAT096/vivado-library-master/ip/Pmods/PmodTMP3_v1_0' will take precedence over the same IP in location z:/DAT096/vivado-library-b0946605e3617c901635278b62d0f6a8e3942844/ip/Pmods/PmodTMP3_v1_0
WARNING: [IP_Flow 19-1663] Duplicate IP found for 'digilentinc.com:IP:PmodWIFI:1.0'. The one found in IP location 'z:/DAT096/vivado-library-master/ip/Pmods/PmodWIFI_v1_0' will take precedence over the same IP in location z:/DAT096/vivado-library-b0946605e3617c901635278b62d0f6a8e3942844/ip/Pmods/PmodWIFI_v1_0
WARNING: [IP_Flow 19-1663] Duplicate IP found for 'digilentinc.com:ip:pmod_bridge:1.0'. The one found in IP location 'z:/DAT096/vivado-library-master/ip/Pmods/Pmod_Bridge_v1_0' will take precedence over the same IP in location z:/DAT096/vivado-library-b0946605e3617c901635278b62d0f6a8e3942844/ip/Pmods/Pmod_Bridge_v1_0
WARNING: [IP_Flow 19-1663] Duplicate IP found for 'digilentinc.com:ip:pmod_bridge:1.1'. The one found in IP location 'z:/DAT096/vivado-library-master/ip/Pmods/Pmod_Bridge_v1_1' will take precedence over the same IP in location z:/DAT096/vivado-library-b0946605e3617c901635278b62d0f6a8e3942844/ip/Pmods/Pmod_Bridge_v1_1
WARNING: [IP_Flow 19-1663] Duplicate IP found for 'digilentinc.com:IP:PWM:1.0'. The one found in IP location 'z:/DAT096/vivado-library-master/ip/PWM_1.0' will take precedence over the same IP in location z:/DAT096/vivado-library-b0946605e3617c901635278b62d0f6a8e3942844/ip/PWM_1.0
WARNING: [IP_Flow 19-1663] Duplicate IP found for 'digilentinc.com:IP:PWM:2.0'. The one found in IP location 'z:/DAT096/vivado-library-master/ip/PWM_2.0' will take precedence over the same IP in location z:/DAT096/vivado-library-b0946605e3617c901635278b62d0f6a8e3942844/ip/PWM_2.0
WARNING: [IP_Flow 19-1663] Duplicate IP found for 'digilentinc.com:IP:PWM_Analyzer:1.0'. The one found in IP location 'z:/DAT096/vivado-library-master/ip/PWM_Analyzer_1.0' will take precedence over the same IP in location z:/DAT096/vivado-library-b0946605e3617c901635278b62d0f6a8e3942844/ip/PWM_Analyzer_1.0
WARNING: [IP_Flow 19-1663] Duplicate IP found for 'digilentinc.com:ip:rgb2dvi:1.4'. The one found in IP location 'z:/DAT096/vivado-library-master/ip/rgb2dvi' will take precedence over the same IP in location z:/DAT096/vivado-library-b0946605e3617c901635278b62d0f6a8e3942844/ip/rgb2dvi
WARNING: [IP_Flow 19-4830] Duplicate Interface found for 'digilentinc.com:interface:pmod:1.0'. The one found in location 'z:/DAT096/vivado-library-b0946605e3617c901635278b62d0f6a8e3942844/if/pmod_v1_0/pmod.xml' will take precedence over the same Interface in location 'z:/DAT096/vivado-library-master/if/pmod_v1_0/pmod.xml'
WARNING: [IP_Flow 19-4830] Duplicate Interface found for 'digilentinc.com:interface:tmds:1.0'. The one found in location 'z:/DAT096/vivado-library-b0946605e3617c901635278b62d0f6a8e3942844/if/tmds_v1_0/tmds.xml' will take precedence over the same Interface in location 'z:/DAT096/vivado-library-master/if/tmds_v1_0/tmds.xml'
report_ip_status -name ip_status 
open_bd_design {C:/Users/mariashi/Documents/DAT096-krish/Embedded-System-Project-DAT096-krishna/Board_2/Board_2/Board_2.srcs/sources_1/bd/design_2/design_2.bd}
connect_bd_net [get_bd_pins voltage_to_current_0/clk] [get_bd_pins processing_system7_0/FCLK_CLK0]
connect_bd_net [get_bd_pins voltage_to_current_0/adc_data] [get_bd_pins adc_bit_decoder_0/dac_data]
delete_bd_objs [get_bd_nets adc_bit_decoder_0_dac_data]
undo
INFO: [Common 17-17] undo 'delete_bd_objs [get_bd_nets adc_bit_decoder_0_dac_data]'
undo
INFO: [Common 17-17] undo 'connect_bd_net [get_bd_pins voltage_to_current_0/adc_data] [get_bd_pins adc_bit_decoder_0/dac_data]'
undo
INFO: [Common 17-17] undo 'connect_bd_net [get_bd_pins voltage_to_current_0/clk] [get_bd_pins processing_system7_0/FCLK_CLK0]'
connect_bd_net [get_bd_pins voltage_to_current_0/clk] [get_bd_pins processing_system7_0/FCLK_CLK0]
connect_bd_net [get_bd_pins voltage_to_current_0/adc_data] [get_bd_pins xlslice_0/Dout]
WARNING: [IP_Flow 19-4067] Ignoring invalid widget type specified checkbox.Providing a default widget
startgroup
set_property CONFIG.C_NUM_OF_PROBES {5} [get_bd_cells ila_0]
endgroup
WARNING: [IP_Flow 19-4067] Ignoring invalid widget type specified checkbox.Providing a default widget
WARNING: [filemgmt 56-199] Attempt to get parsing info during refresh. "On-the-fly" syntax checking information may be incorrect. [C:\Users\mariashi\Documents\DAT096-krish\Embedded-System-Project-DAT096-krishna\Board_2\Board_2\Board_2.srcs\sources_1\new\v_to_amp.vhd:]
WARNING: [filemgmt 56-199] Attempt to get parsing info during refresh. "On-the-fly" syntax checking information may be incorrect. [C:\Users\mariashi\Documents\DAT096-krish\Embedded-System-Project-DAT096-krishna\Board_2\Board_2\Board_2.srcs\sources_1\new\adc_bit_decoder.vhd:]
WARNING: [filemgmt 56-199] Attempt to get parsing info during refresh. "On-the-fly" syntax checking information may be incorrect. [C:\Users\mariashi\Documents\DAT096-krish\Embedded-System-Project-DAT096-krishna\Board_2\Board_2\Board_2.srcs\sources_1\new\adc_bit_decoder.vhd:]
WARNING: [filemgmt 56-199] Attempt to get parsing info during refresh. "On-the-fly" syntax checking information may be incorrect. [C:\Users\mariashi\Documents\DAT096-krish\Embedded-System-Project-DAT096-krishna\Board_2\Board_2\Board_2.srcs\sources_1\new\adc_bit_decoder.vhd:]
ERROR: [Common 17-180] Spawn failed: No error
report_ip_status -name ip_status 
update_module_reference [get_ips  design_2_voltage_to_current_0_0]
INFO: [IP_Flow 19-5107] Inferred bus interface 'clk' of definition 'xilinx.com:signal:clock:1.0' (from Xilinx Repository).
WARNING: [IP_Flow 19-5661] Bus Interface 'clk' does not have any bus interfaces associated with it.
WARNING: [IP_Flow 19-11770] Clock interface 'clk' has no FREQ_HZ parameter.
WARNING: [IP_Flow 19-1663] Duplicate IP found for 'digilentinc.com:user:axi_i2s_adi:1.2'. The one found in IP location 'z:/DAT096/vivado-library-b0946605e3617c901635278b62d0f6a8e3942844/ip/axi_i2s_adi_1.2' will take precedence over the same IP in location z:/DAT096/vivado-library-master/ip/axi_i2s_adi_1.2
WARNING: [IP_Flow 19-1663] Duplicate IP found for 'digilentinc.com:IP:axi_ps2:1.0'. The one found in IP location 'z:/DAT096/vivado-library-b0946605e3617c901635278b62d0f6a8e3942844/ip/axi_ps2_1.0' will take precedence over the same IP in location z:/DAT096/vivado-library-master/ip/axi_ps2_1.0
WARNING: [IP_Flow 19-1663] Duplicate IP found for 'digilentinc.com:ip:clock_forwarder:1.1'. The one found in IP location 'z:/DAT096/vivado-library-b0946605e3617c901635278b62d0f6a8e3942844/ip/clock_forwarder' will take precedence over the same IP in location z:/DAT096/vivado-library-master/ip/clock_forwarder
WARNING: [IP_Flow 19-1663] Duplicate IP found for 'digilentinc.com:IP:hls_contrast_stretch:1.0'. The one found in IP location 'z:/DAT096/vivado-library-b0946605e3617c901635278b62d0f6a8e3942844/ip/hls_contrast_stretch_1_0' will take precedence over the same IP in location z:/DAT096/vivado-library-master/ip/hls_contrast_stretch_1_0
WARNING: [IP_Flow 19-1663] Duplicate IP found for 'digilentinc.com:IP:hls_gamma_correction:1.0'. The one found in IP location 'z:/DAT096/vivado-library-b0946605e3617c901635278b62d0f6a8e3942844/ip/hls_gamma_correction_1_0' will take precedence over the same IP in location z:/DAT096/vivado-library-master/ip/hls_gamma_correction_1_0
WARNING: [IP_Flow 19-1663] Duplicate IP found for 'digilentinc.com:IP:hls_saturation_enhance:1.0'. The one found in IP location 'z:/DAT096/vivado-library-b0946605e3617c901635278b62d0f6a8e3942844/ip/hls_saturation_enhance_1_0' will take precedence over the same IP in location z:/DAT096/vivado-library-master/ip/hls_saturation_enhance_1_0
WARNING: [IP_Flow 19-1663] Duplicate IP found for 'digilentinc.com:ip:rgb2dpvid:1.0'. The one found in IP location 'z:/DAT096/vivado-library-b0946605e3617c901635278b62d0f6a8e3942844/ip/rgb2dpvid_v1_0' will take precedence over the same IP in location z:/DAT096/vivado-library-master/ip/rgb2dpvid_v1_0
WARNING: [IP_Flow 19-1663] Duplicate IP found for 'digilentinc.com:ip:rgb2vga:1.0'. The one found in IP location 'z:/DAT096/vivado-library-b0946605e3617c901635278b62d0f6a8e3942844/ip/rgb2vga_v1_0' will take precedence over the same IP in location z:/DAT096/vivado-library-master/ip/rgb2vga_v1_0
WARNING: [IP_Flow 19-1663] Duplicate IP found for 'digilentinc.com:ip:Sync:1.0'. The one found in IP location 'z:/DAT096/vivado-library-b0946605e3617c901635278b62d0f6a8e3942844/ip/Sync_v1_0' will take precedence over the same IP in location z:/DAT096/vivado-library-master/ip/Sync_v1_0
WARNING: [IP_Flow 19-1663] Duplicate IP found for 'digilentinc.com:ip:usb2device:1.0'. The one found in IP location 'z:/DAT096/vivado-library-b0946605e3617c901635278b62d0f6a8e3942844/ip/usb2device_v1_0' will take precedence over the same IP in location z:/DAT096/vivado-library-master/ip/usb2device_v1_0
WARNING: [IP_Flow 19-1663] Duplicate IP found for 'digilentinc.com:video:video_scaler:1.0'. The one found in IP location 'z:/DAT096/vivado-library-b0946605e3617c901635278b62d0f6a8e3942844/ip/video_scaler' will take precedence over the same IP in location z:/DAT096/vivado-library-master/ip/video_scaler
WARNING: [IP_Flow 19-1663] Duplicate IP found for 'digilentinc.com:ip:dvi2rgb:2.0'. The one found in IP location 'z:/DAT096/vivado-library-master/ip/dvi2rgb' will take precedence over the same IP in location z:/DAT096/vivado-library-b0946605e3617c901635278b62d0f6a8e3942844/ip/dvi2rgb
WARNING: [IP_Flow 19-1663] Duplicate IP found for 'digilentinc.com:IP:MotorFeedback:1.0'. The one found in IP location 'z:/DAT096/vivado-library-master/ip/MotorFeedback_1.0' will take precedence over the same IP in location z:/DAT096/vivado-library-b0946605e3617c901635278b62d0f6a8e3942844/ip/MotorFeedback_1.0
WARNING: [IP_Flow 19-1663] Duplicate IP found for 'digilentinc.com:IP:PmodACL2:1.0'. The one found in IP location 'z:/DAT096/vivado-library-master/ip/Pmods/PmodACL2_v1_0' will take precedence over the same IP in location z:/DAT096/vivado-library-b0946605e3617c901635278b62d0f6a8e3942844/ip/Pmods/PmodACL2_v1_0
WARNING: [IP_Flow 19-1663] Duplicate IP found for 'digilentinc.com:IP:PmodACL:1.0'. The one found in IP location 'z:/DAT096/vivado-library-master/ip/Pmods/PmodACL_v1_0' will take precedence over the same IP in location z:/DAT096/vivado-library-b0946605e3617c901635278b62d0f6a8e3942844/ip/Pmods/PmodACL_v1_0
WARNING: [IP_Flow 19-1663] Duplicate IP found for 'digilentinc.com:IP:PmodAD1:1.0'. The one found in IP location 'z:/DAT096/vivado-library-master/ip/Pmods/PmodAD1_v1_0' will take precedence over the same IP in location z:/DAT096/vivado-library-b0946605e3617c901635278b62d0f6a8e3942844/ip/Pmods/PmodAD1_v1_0
WARNING: [IP_Flow 19-1663] Duplicate IP found for 'digilentinc.com:IP:PmodAD2:1.0'. The one found in IP location 'z:/DAT096/vivado-library-master/ip/Pmods/PmodAD2_v1_0' will take precedence over the same IP in location z:/DAT096/vivado-library-b0946605e3617c901635278b62d0f6a8e3942844/ip/Pmods/PmodAD2_v1_0
WARNING: [IP_Flow 19-1663] Duplicate IP found for 'digilentinc.com:IP:PmodAD5:1.0'. The one found in IP location 'z:/DAT096/vivado-library-master/ip/Pmods/PmodAD5_v1_0' will take precedence over the same IP in location z:/DAT096/vivado-library-b0946605e3617c901635278b62d0f6a8e3942844/ip/Pmods/PmodAD5_v1_0
WARNING: [IP_Flow 19-1663] Duplicate IP found for 'digilentinc.com:IP:PmodALS:1.0'. The one found in IP location 'z:/DAT096/vivado-library-master/ip/Pmods/PmodALS_v1_0' will take precedence over the same IP in location z:/DAT096/vivado-library-b0946605e3617c901635278b62d0f6a8e3942844/ip/Pmods/PmodALS_v1_0
WARNING: [IP_Flow 19-1663] Duplicate IP found for 'digilentinc.com:IP:PmodAMP2:1.0'. The one found in IP location 'z:/DAT096/vivado-library-master/ip/Pmods/PmodAMP2_v1_0' will take precedence over the same IP in location z:/DAT096/vivado-library-b0946605e3617c901635278b62d0f6a8e3942844/ip/Pmods/PmodAMP2_v1_0
WARNING: [IP_Flow 19-1663] Duplicate IP found for 'digilentinc.com:IP:PmodAQS:1.0'. The one found in IP location 'z:/DAT096/vivado-library-master/ip/Pmods/PmodAQS_v1_0' will take precedence over the same IP in location z:/DAT096/vivado-library-b0946605e3617c901635278b62d0f6a8e3942844/ip/Pmods/PmodAQS_v1_0
WARNING: [IP_Flow 19-1663] Duplicate IP found for 'digilentinc.com:IP:PmodBLE:1.0'. The one found in IP location 'z:/DAT096/vivado-library-master/ip/Pmods/PmodBLE_v1_0' will take precedence over the same IP in location z:/DAT096/vivado-library-b0946605e3617c901635278b62d0f6a8e3942844/ip/Pmods/PmodBLE_v1_0
WARNING: [IP_Flow 19-1663] Duplicate IP found for 'digilentinc.com:IP:PmodBT2:1.0'. The one found in IP location 'z:/DAT096/vivado-library-master/ip/Pmods/PmodBT2_v1_0' will take precedence over the same IP in location z:/DAT096/vivado-library-b0946605e3617c901635278b62d0f6a8e3942844/ip/Pmods/PmodBT2_v1_0
WARNING: [IP_Flow 19-1663] Duplicate IP found for 'digilentinc.com:IP:PmodCAN:1.0'. The one found in IP location 'z:/DAT096/vivado-library-master/ip/Pmods/PmodCAN_v1_0' will take precedence over the same IP in location z:/DAT096/vivado-library-b0946605e3617c901635278b62d0f6a8e3942844/ip/Pmods/PmodCAN_v1_0
WARNING: [IP_Flow 19-1663] Duplicate IP found for 'digilentinc.com:IP:PmodCLS:1.0'. The one found in IP location 'z:/DAT096/vivado-library-master/ip/Pmods/PmodCLS_v1_0' will take precedence over the same IP in location z:/DAT096/vivado-library-b0946605e3617c901635278b62d0f6a8e3942844/ip/Pmods/PmodCLS_v1_0
WARNING: [IP_Flow 19-1663] Duplicate IP found for 'digilentinc.com:IP:PmodCMPS2:1.0'. The one found in IP location 'z:/DAT096/vivado-library-master/ip/Pmods/PmodCMPS2_v1_0' will take precedence over the same IP in location z:/DAT096/vivado-library-b0946605e3617c901635278b62d0f6a8e3942844/ip/Pmods/PmodCMPS2_v1_0
WARNING: [IP_Flow 19-1663] Duplicate IP found for 'digilentinc.com:IP:PmodCOLOR:1.0'. The one found in IP location 'z:/DAT096/vivado-library-master/ip/Pmods/PmodCOLOR_v1_0' will take precedence over the same IP in location z:/DAT096/vivado-library-b0946605e3617c901635278b62d0f6a8e3942844/ip/Pmods/PmodCOLOR_v1_0
WARNING: [IP_Flow 19-1663] Duplicate IP found for 'digilentinc.com:IP:PmodDA1:1.0'. The one found in IP location 'z:/DAT096/vivado-library-master/ip/Pmods/PmodDA1_v1_0' will take precedence over the same IP in location z:/DAT096/vivado-library-b0946605e3617c901635278b62d0f6a8e3942844/ip/Pmods/PmodDA1_v1_0
WARNING: [IP_Flow 19-1663] Duplicate IP found for 'digilentinc.com:IP:PmodDHB1:1.0'. The one found in IP location 'z:/DAT096/vivado-library-master/ip/Pmods/PmodDHB1_v1_0' will take precedence over the same IP in location z:/DAT096/vivado-library-b0946605e3617c901635278b62d0f6a8e3942844/ip/Pmods/PmodDHB1_v1_0
WARNING: [IP_Flow 19-1663] Duplicate IP found for 'digilentinc.com:IP:PmodDPG1:1.0'. The one found in IP location 'z:/DAT096/vivado-library-master/ip/Pmods/PmodDPG1_v1_0' will take precedence over the same IP in location z:/DAT096/vivado-library-b0946605e3617c901635278b62d0f6a8e3942844/ip/Pmods/PmodDPG1_v1_0
WARNING: [IP_Flow 19-1663] Duplicate IP found for 'digilentinc.com:IP:PmodENC:1.0'. The one found in IP location 'z:/DAT096/vivado-library-master/ip/Pmods/PmodENC_v1_0' will take precedence over the same IP in location z:/DAT096/vivado-library-b0946605e3617c901635278b62d0f6a8e3942844/ip/Pmods/PmodENC_v1_0
WARNING: [IP_Flow 19-1663] Duplicate IP found for 'digilentinc.com:user:PmodESP32:1.0'. The one found in IP location 'z:/DAT096/vivado-library-master/ip/Pmods/PmodESP32_v1_0' will take precedence over the same IP in location z:/DAT096/vivado-library-b0946605e3617c901635278b62d0f6a8e3942844/ip/Pmods/PmodESP32_v1_0
WARNING: [IP_Flow 19-1663] Duplicate IP found for 'digilentinc.com:IP:PmodGPIO:1.0'. The one found in IP location 'z:/DAT096/vivado-library-master/ip/Pmods/PmodGPIO_v1_0' will take precedence over the same IP in location z:/DAT096/vivado-library-b0946605e3617c901635278b62d0f6a8e3942844/ip/Pmods/PmodGPIO_v1_0
WARNING: [IP_Flow 19-1663] Duplicate IP found for 'digilentinc.com:IP:PmodGPS:1.1'. The one found in IP location 'z:/DAT096/vivado-library-master/ip/Pmods/PmodGPS_v1_1' will take precedence over the same IP in location z:/DAT096/vivado-library-b0946605e3617c901635278b62d0f6a8e3942844/ip/Pmods/PmodGPS_v1_1
WARNING: [IP_Flow 19-1663] Duplicate IP found for 'digilentinc.com:IP:PmodGYRO:1.0'. The one found in IP location 'z:/DAT096/vivado-library-master/ip/Pmods/PmodGYRO_v1_0' will take precedence over the same IP in location z:/DAT096/vivado-library-b0946605e3617c901635278b62d0f6a8e3942844/ip/Pmods/PmodGYRO_v1_0
WARNING: [IP_Flow 19-1663] Duplicate IP found for 'digilentinc.com:IP:PmodHYGRO:1.0'. The one found in IP location 'z:/DAT096/vivado-library-master/ip/Pmods/PmodHYGRO_v1_0' will take precedence over the same IP in location z:/DAT096/vivado-library-b0946605e3617c901635278b62d0f6a8e3942844/ip/Pmods/PmodHYGRO_v1_0
WARNING: [IP_Flow 19-1663] Duplicate IP found for 'digilentinc.com:IP:PmodJSTK2:1.0'. The one found in IP location 'z:/DAT096/vivado-library-master/ip/Pmods/PmodJSTK2_v1_0' will take precedence over the same IP in location z:/DAT096/vivado-library-b0946605e3617c901635278b62d0f6a8e3942844/ip/Pmods/PmodJSTK2_v1_0
WARNING: [IP_Flow 19-1663] Duplicate IP found for 'digilentinc.com:IP:PmodJSTK:1.0'. The one found in IP location 'z:/DAT096/vivado-library-master/ip/Pmods/PmodJSTK_v1_0' will take precedence over the same IP in location z:/DAT096/vivado-library-b0946605e3617c901635278b62d0f6a8e3942844/ip/Pmods/PmodJSTK_v1_0
WARNING: [IP_Flow 19-1663] Duplicate IP found for 'digilentinc.com:IP:PmodKYPD:1.0'. The one found in IP location 'z:/DAT096/vivado-library-master/ip/Pmods/PmodKYPD_v1_0' will take precedence over the same IP in location z:/DAT096/vivado-library-b0946605e3617c901635278b62d0f6a8e3942844/ip/Pmods/PmodKYPD_v1_0
WARNING: [IP_Flow 19-1663] Duplicate IP found for 'digilentinc.com:IP:PmodMAXSONAR:1.0'. The one found in IP location 'z:/DAT096/vivado-library-master/ip/Pmods/PmodMAXSONAR_v1_0' will take precedence over the same IP in location z:/DAT096/vivado-library-b0946605e3617c901635278b62d0f6a8e3942844/ip/Pmods/PmodMAXSONAR_v1_0
WARNING: [IP_Flow 19-1663] Duplicate IP found for 'digilentinc.com:IP:PmodMTDS:1.0'. The one found in IP location 'z:/DAT096/vivado-library-master/ip/Pmods/PmodMTDS_v1_0' will take precedence over the same IP in location z:/DAT096/vivado-library-b0946605e3617c901635278b62d0f6a8e3942844/ip/Pmods/PmodMTDS_v1_0
WARNING: [IP_Flow 19-1663] Duplicate IP found for 'digilentinc.com:IP:PmodNAV:1.0'. The one found in IP location 'z:/DAT096/vivado-library-master/ip/Pmods/PmodNAV_v1_0' will take precedence over the same IP in location z:/DAT096/vivado-library-b0946605e3617c901635278b62d0f6a8e3942844/ip/Pmods/PmodNAV_v1_0
WARNING: [IP_Flow 19-1663] Duplicate IP found for 'digilentinc.com:IP:PmodOLEDrgb:1.0'. The one found in IP location 'z:/DAT096/vivado-library-master/ip/Pmods/pmodOLEDrgb_v1_0' will take precedence over the same IP in location z:/DAT096/vivado-library-b0946605e3617c901635278b62d0f6a8e3942844/ip/Pmods/pmodOLEDrgb_v1_0
WARNING: [IP_Flow 19-1663] Duplicate IP found for 'digilentinc.com:IP:PmodOLED:1.0'. The one found in IP location 'z:/DAT096/vivado-library-master/ip/Pmods/PmodOLED_v1_0' will take precedence over the same IP in location z:/DAT096/vivado-library-b0946605e3617c901635278b62d0f6a8e3942844/ip/Pmods/PmodOLED_v1_0
WARNING: [IP_Flow 19-1663] Duplicate IP found for 'digilentinc.com:IP:PmodPIR:1.0'. The one found in IP location 'z:/DAT096/vivado-library-master/ip/Pmods/PmodPIR_v1_0' will take precedence over the same IP in location z:/DAT096/vivado-library-b0946605e3617c901635278b62d0f6a8e3942844/ip/Pmods/PmodPIR_v1_0
WARNING: [IP_Flow 19-1663] Duplicate IP found for 'digilentinc.com:IP:PmodR2R:1.0'. The one found in IP location 'z:/DAT096/vivado-library-master/ip/Pmods/PmodR2R_v1_0' will take precedence over the same IP in location z:/DAT096/vivado-library-b0946605e3617c901635278b62d0f6a8e3942844/ip/Pmods/PmodR2R_v1_0
WARNING: [IP_Flow 19-1663] Duplicate IP found for 'digilentinc.com:IP:PmodRTCC:1.0'. The one found in IP location 'z:/DAT096/vivado-library-master/ip/Pmods/PmodRTCC_v1_0' will take precedence over the same IP in location z:/DAT096/vivado-library-b0946605e3617c901635278b62d0f6a8e3942844/ip/Pmods/PmodRTCC_v1_0
WARNING: [IP_Flow 19-1663] Duplicate IP found for 'digilentinc.com:IP:PmodSD:1.0'. The one found in IP location 'z:/DAT096/vivado-library-master/ip/Pmods/PmodSD_v1_0' will take precedence over the same IP in location z:/DAT096/vivado-library-b0946605e3617c901635278b62d0f6a8e3942844/ip/Pmods/PmodSD_v1_0
WARNING: [IP_Flow 19-1663] Duplicate IP found for 'digilentinc.com:IP:PmodSF3:1.0'. The one found in IP location 'z:/DAT096/vivado-library-master/ip/Pmods/PmodSF3_v1_0' will take precedence over the same IP in location z:/DAT096/vivado-library-b0946605e3617c901635278b62d0f6a8e3942844/ip/Pmods/PmodSF3_v1_0
WARNING: [IP_Flow 19-1663] Duplicate IP found for 'digilentinc.com:IP:PmodTC1:1.0'. The one found in IP location 'z:/DAT096/vivado-library-master/ip/Pmods/PmodTC1_v1_0' will take precedence over the same IP in location z:/DAT096/vivado-library-b0946605e3617c901635278b62d0f6a8e3942844/ip/Pmods/PmodTC1_v1_0
WARNING: [IP_Flow 19-1663] Duplicate IP found for 'digilentinc.com:IP:PmodTMP3:1.0'. The one found in IP location 'z:/DAT096/vivado-library-master/ip/Pmods/PmodTMP3_v1_0' will take precedence over the same IP in location z:/DAT096/vivado-library-b0946605e3617c901635278b62d0f6a8e3942844/ip/Pmods/PmodTMP3_v1_0
WARNING: [IP_Flow 19-1663] Duplicate IP found for 'digilentinc.com:IP:PmodWIFI:1.0'. The one found in IP location 'z:/DAT096/vivado-library-master/ip/Pmods/PmodWIFI_v1_0' will take precedence over the same IP in location z:/DAT096/vivado-library-b0946605e3617c901635278b62d0f6a8e3942844/ip/Pmods/PmodWIFI_v1_0
WARNING: [IP_Flow 19-1663] Duplicate IP found for 'digilentinc.com:ip:pmod_bridge:1.0'. The one found in IP location 'z:/DAT096/vivado-library-master/ip/Pmods/Pmod_Bridge_v1_0' will take precedence over the same IP in location z:/DAT096/vivado-library-b0946605e3617c901635278b62d0f6a8e3942844/ip/Pmods/Pmod_Bridge_v1_0
WARNING: [IP_Flow 19-1663] Duplicate IP found for 'digilentinc.com:ip:pmod_bridge:1.1'. The one found in IP location 'z:/DAT096/vivado-library-master/ip/Pmods/Pmod_Bridge_v1_1' will take precedence over the same IP in location z:/DAT096/vivado-library-b0946605e3617c901635278b62d0f6a8e3942844/ip/Pmods/Pmod_Bridge_v1_1
WARNING: [IP_Flow 19-1663] Duplicate IP found for 'digilentinc.com:IP:PWM:1.0'. The one found in IP location 'z:/DAT096/vivado-library-master/ip/PWM_1.0' will take precedence over the same IP in location z:/DAT096/vivado-library-b0946605e3617c901635278b62d0f6a8e3942844/ip/PWM_1.0
WARNING: [IP_Flow 19-1663] Duplicate IP found for 'digilentinc.com:IP:PWM:2.0'. The one found in IP location 'z:/DAT096/vivado-library-master/ip/PWM_2.0' will take precedence over the same IP in location z:/DAT096/vivado-library-b0946605e3617c901635278b62d0f6a8e3942844/ip/PWM_2.0
WARNING: [IP_Flow 19-1663] Duplicate IP found for 'digilentinc.com:IP:PWM_Analyzer:1.0'. The one found in IP location 'z:/DAT096/vivado-library-master/ip/PWM_Analyzer_1.0' will take precedence over the same IP in location z:/DAT096/vivado-library-b0946605e3617c901635278b62d0f6a8e3942844/ip/PWM_Analyzer_1.0
WARNING: [IP_Flow 19-1663] Duplicate IP found for 'digilentinc.com:ip:rgb2dvi:1.4'. The one found in IP location 'z:/DAT096/vivado-library-master/ip/rgb2dvi' will take precedence over the same IP in location z:/DAT096/vivado-library-b0946605e3617c901635278b62d0f6a8e3942844/ip/rgb2dvi
WARNING: [IP_Flow 19-4830] Duplicate Interface found for 'digilentinc.com:interface:pmod:1.0'. The one found in location 'z:/DAT096/vivado-library-b0946605e3617c901635278b62d0f6a8e3942844/if/pmod_v1_0/pmod.xml' will take precedence over the same Interface in location 'z:/DAT096/vivado-library-master/if/pmod_v1_0/pmod.xml'
WARNING: [IP_Flow 19-4830] Duplicate Interface found for 'digilentinc.com:interface:tmds:1.0'. The one found in location 'z:/DAT096/vivado-library-b0946605e3617c901635278b62d0f6a8e3942844/if/tmds_v1_0/tmds.xml' will take precedence over the same Interface in location 'z:/DAT096/vivado-library-master/if/tmds_v1_0/tmds.xml'
INFO: [IP_Flow 19-5107] Inferred bus interface 'clk' of definition 'xilinx.com:signal:clock:1.0' (from Xilinx Repository).
WARNING: [IP_Flow 19-5661] Bus Interface 'clk' does not have any bus interfaces associated with it.
WARNING: [IP_Flow 19-11770] Clock interface 'clk' has no FREQ_HZ parameter.
WARNING: [IP_Flow 19-1663] Duplicate IP found for 'digilentinc.com:user:axi_i2s_adi:1.2'. The one found in IP location 'z:/DAT096/vivado-library-b0946605e3617c901635278b62d0f6a8e3942844/ip/axi_i2s_adi_1.2' will take precedence over the same IP in location z:/DAT096/vivado-library-master/ip/axi_i2s_adi_1.2
WARNING: [IP_Flow 19-1663] Duplicate IP found for 'digilentinc.com:IP:axi_ps2:1.0'. The one found in IP location 'z:/DAT096/vivado-library-b0946605e3617c901635278b62d0f6a8e3942844/ip/axi_ps2_1.0' will take precedence over the same IP in location z:/DAT096/vivado-library-master/ip/axi_ps2_1.0
WARNING: [IP_Flow 19-1663] Duplicate IP found for 'digilentinc.com:ip:clock_forwarder:1.1'. The one found in IP location 'z:/DAT096/vivado-library-b0946605e3617c901635278b62d0f6a8e3942844/ip/clock_forwarder' will take precedence over the same IP in location z:/DAT096/vivado-library-master/ip/clock_forwarder
WARNING: [IP_Flow 19-1663] Duplicate IP found for 'digilentinc.com:IP:hls_contrast_stretch:1.0'. The one found in IP location 'z:/DAT096/vivado-library-b0946605e3617c901635278b62d0f6a8e3942844/ip/hls_contrast_stretch_1_0' will take precedence over the same IP in location z:/DAT096/vivado-library-master/ip/hls_contrast_stretch_1_0
WARNING: [IP_Flow 19-1663] Duplicate IP found for 'digilentinc.com:IP:hls_gamma_correction:1.0'. The one found in IP location 'z:/DAT096/vivado-library-b0946605e3617c901635278b62d0f6a8e3942844/ip/hls_gamma_correction_1_0' will take precedence over the same IP in location z:/DAT096/vivado-library-master/ip/hls_gamma_correction_1_0
WARNING: [IP_Flow 19-1663] Duplicate IP found for 'digilentinc.com:IP:hls_saturation_enhance:1.0'. The one found in IP location 'z:/DAT096/vivado-library-b0946605e3617c901635278b62d0f6a8e3942844/ip/hls_saturation_enhance_1_0' will take precedence over the same IP in location z:/DAT096/vivado-library-master/ip/hls_saturation_enhance_1_0
WARNING: [IP_Flow 19-1663] Duplicate IP found for 'digilentinc.com:ip:rgb2dpvid:1.0'. The one found in IP location 'z:/DAT096/vivado-library-b0946605e3617c901635278b62d0f6a8e3942844/ip/rgb2dpvid_v1_0' will take precedence over the same IP in location z:/DAT096/vivado-library-master/ip/rgb2dpvid_v1_0
WARNING: [IP_Flow 19-1663] Duplicate IP found for 'digilentinc.com:ip:rgb2vga:1.0'. The one found in IP location 'z:/DAT096/vivado-library-b0946605e3617c901635278b62d0f6a8e3942844/ip/rgb2vga_v1_0' will take precedence over the same IP in location z:/DAT096/vivado-library-master/ip/rgb2vga_v1_0
WARNING: [IP_Flow 19-1663] Duplicate IP found for 'digilentinc.com:ip:Sync:1.0'. The one found in IP location 'z:/DAT096/vivado-library-b0946605e3617c901635278b62d0f6a8e3942844/ip/Sync_v1_0' will take precedence over the same IP in location z:/DAT096/vivado-library-master/ip/Sync_v1_0
WARNING: [IP_Flow 19-1663] Duplicate IP found for 'digilentinc.com:ip:usb2device:1.0'. The one found in IP location 'z:/DAT096/vivado-library-b0946605e3617c901635278b62d0f6a8e3942844/ip/usb2device_v1_0' will take precedence over the same IP in location z:/DAT096/vivado-library-master/ip/usb2device_v1_0
WARNING: [IP_Flow 19-1663] Duplicate IP found for 'digilentinc.com:video:video_scaler:1.0'. The one found in IP location 'z:/DAT096/vivado-library-b0946605e3617c901635278b62d0f6a8e3942844/ip/video_scaler' will take precedence over the same IP in location z:/DAT096/vivado-library-master/ip/video_scaler
WARNING: [IP_Flow 19-1663] Duplicate IP found for 'digilentinc.com:ip:dvi2rgb:2.0'. The one found in IP location 'z:/DAT096/vivado-library-master/ip/dvi2rgb' will take precedence over the same IP in location z:/DAT096/vivado-library-b0946605e3617c901635278b62d0f6a8e3942844/ip/dvi2rgb
WARNING: [IP_Flow 19-1663] Duplicate IP found for 'digilentinc.com:IP:MotorFeedback:1.0'. The one found in IP location 'z:/DAT096/vivado-library-master/ip/MotorFeedback_1.0' will take precedence over the same IP in location z:/DAT096/vivado-library-b0946605e3617c901635278b62d0f6a8e3942844/ip/MotorFeedback_1.0
WARNING: [IP_Flow 19-1663] Duplicate IP found for 'digilentinc.com:IP:PmodACL2:1.0'. The one found in IP location 'z:/DAT096/vivado-library-master/ip/Pmods/PmodACL2_v1_0' will take precedence over the same IP in location z:/DAT096/vivado-library-b0946605e3617c901635278b62d0f6a8e3942844/ip/Pmods/PmodACL2_v1_0
WARNING: [IP_Flow 19-1663] Duplicate IP found for 'digilentinc.com:IP:PmodACL:1.0'. The one found in IP location 'z:/DAT096/vivado-library-master/ip/Pmods/PmodACL_v1_0' will take precedence over the same IP in location z:/DAT096/vivado-library-b0946605e3617c901635278b62d0f6a8e3942844/ip/Pmods/PmodACL_v1_0
WARNING: [IP_Flow 19-1663] Duplicate IP found for 'digilentinc.com:IP:PmodAD1:1.0'. The one found in IP location 'z:/DAT096/vivado-library-master/ip/Pmods/PmodAD1_v1_0' will take precedence over the same IP in location z:/DAT096/vivado-library-b0946605e3617c901635278b62d0f6a8e3942844/ip/Pmods/PmodAD1_v1_0
WARNING: [IP_Flow 19-1663] Duplicate IP found for 'digilentinc.com:IP:PmodAD2:1.0'. The one found in IP location 'z:/DAT096/vivado-library-master/ip/Pmods/PmodAD2_v1_0' will take precedence over the same IP in location z:/DAT096/vivado-library-b0946605e3617c901635278b62d0f6a8e3942844/ip/Pmods/PmodAD2_v1_0
WARNING: [IP_Flow 19-1663] Duplicate IP found for 'digilentinc.com:IP:PmodAD5:1.0'. The one found in IP location 'z:/DAT096/vivado-library-master/ip/Pmods/PmodAD5_v1_0' will take precedence over the same IP in location z:/DAT096/vivado-library-b0946605e3617c901635278b62d0f6a8e3942844/ip/Pmods/PmodAD5_v1_0
WARNING: [IP_Flow 19-1663] Duplicate IP found for 'digilentinc.com:IP:PmodALS:1.0'. The one found in IP location 'z:/DAT096/vivado-library-master/ip/Pmods/PmodALS_v1_0' will take precedence over the same IP in location z:/DAT096/vivado-library-b0946605e3617c901635278b62d0f6a8e3942844/ip/Pmods/PmodALS_v1_0
WARNING: [IP_Flow 19-1663] Duplicate IP found for 'digilentinc.com:IP:PmodAMP2:1.0'. The one found in IP location 'z:/DAT096/vivado-library-master/ip/Pmods/PmodAMP2_v1_0' will take precedence over the same IP in location z:/DAT096/vivado-library-b0946605e3617c901635278b62d0f6a8e3942844/ip/Pmods/PmodAMP2_v1_0
WARNING: [IP_Flow 19-1663] Duplicate IP found for 'digilentinc.com:IP:PmodAQS:1.0'. The one found in IP location 'z:/DAT096/vivado-library-master/ip/Pmods/PmodAQS_v1_0' will take precedence over the same IP in location z:/DAT096/vivado-library-b0946605e3617c901635278b62d0f6a8e3942844/ip/Pmods/PmodAQS_v1_0
WARNING: [IP_Flow 19-1663] Duplicate IP found for 'digilentinc.com:IP:PmodBLE:1.0'. The one found in IP location 'z:/DAT096/vivado-library-master/ip/Pmods/PmodBLE_v1_0' will take precedence over the same IP in location z:/DAT096/vivado-library-b0946605e3617c901635278b62d0f6a8e3942844/ip/Pmods/PmodBLE_v1_0
WARNING: [IP_Flow 19-1663] Duplicate IP found for 'digilentinc.com:IP:PmodBT2:1.0'. The one found in IP location 'z:/DAT096/vivado-library-master/ip/Pmods/PmodBT2_v1_0' will take precedence over the same IP in location z:/DAT096/vivado-library-b0946605e3617c901635278b62d0f6a8e3942844/ip/Pmods/PmodBT2_v1_0
WARNING: [IP_Flow 19-1663] Duplicate IP found for 'digilentinc.com:IP:PmodCAN:1.0'. The one found in IP location 'z:/DAT096/vivado-library-master/ip/Pmods/PmodCAN_v1_0' will take precedence over the same IP in location z:/DAT096/vivado-library-b0946605e3617c901635278b62d0f6a8e3942844/ip/Pmods/PmodCAN_v1_0
WARNING: [IP_Flow 19-1663] Duplicate IP found for 'digilentinc.com:IP:PmodCLS:1.0'. The one found in IP location 'z:/DAT096/vivado-library-master/ip/Pmods/PmodCLS_v1_0' will take precedence over the same IP in location z:/DAT096/vivado-library-b0946605e3617c901635278b62d0f6a8e3942844/ip/Pmods/PmodCLS_v1_0
WARNING: [IP_Flow 19-1663] Duplicate IP found for 'digilentinc.com:IP:PmodCMPS2:1.0'. The one found in IP location 'z:/DAT096/vivado-library-master/ip/Pmods/PmodCMPS2_v1_0' will take precedence over the same IP in location z:/DAT096/vivado-library-b0946605e3617c901635278b62d0f6a8e3942844/ip/Pmods/PmodCMPS2_v1_0
WARNING: [IP_Flow 19-1663] Duplicate IP found for 'digilentinc.com:IP:PmodCOLOR:1.0'. The one found in IP location 'z:/DAT096/vivado-library-master/ip/Pmods/PmodCOLOR_v1_0' will take precedence over the same IP in location z:/DAT096/vivado-library-b0946605e3617c901635278b62d0f6a8e3942844/ip/Pmods/PmodCOLOR_v1_0
WARNING: [IP_Flow 19-1663] Duplicate IP found for 'digilentinc.com:IP:PmodDA1:1.0'. The one found in IP location 'z:/DAT096/vivado-library-master/ip/Pmods/PmodDA1_v1_0' will take precedence over the same IP in location z:/DAT096/vivado-library-b0946605e3617c901635278b62d0f6a8e3942844/ip/Pmods/PmodDA1_v1_0
WARNING: [IP_Flow 19-1663] Duplicate IP found for 'digilentinc.com:IP:PmodDHB1:1.0'. The one found in IP location 'z:/DAT096/vivado-library-master/ip/Pmods/PmodDHB1_v1_0' will take precedence over the same IP in location z:/DAT096/vivado-library-b0946605e3617c901635278b62d0f6a8e3942844/ip/Pmods/PmodDHB1_v1_0
WARNING: [IP_Flow 19-1663] Duplicate IP found for 'digilentinc.com:IP:PmodDPG1:1.0'. The one found in IP location 'z:/DAT096/vivado-library-master/ip/Pmods/PmodDPG1_v1_0' will take precedence over the same IP in location z:/DAT096/vivado-library-b0946605e3617c901635278b62d0f6a8e3942844/ip/Pmods/PmodDPG1_v1_0
WARNING: [IP_Flow 19-1663] Duplicate IP found for 'digilentinc.com:IP:PmodENC:1.0'. The one found in IP location 'z:/DAT096/vivado-library-master/ip/Pmods/PmodENC_v1_0' will take precedence over the same IP in location z:/DAT096/vivado-library-b0946605e3617c901635278b62d0f6a8e3942844/ip/Pmods/PmodENC_v1_0
WARNING: [IP_Flow 19-1663] Duplicate IP found for 'digilentinc.com:user:PmodESP32:1.0'. The one found in IP location 'z:/DAT096/vivado-library-master/ip/Pmods/PmodESP32_v1_0' will take precedence over the same IP in location z:/DAT096/vivado-library-b0946605e3617c901635278b62d0f6a8e3942844/ip/Pmods/PmodESP32_v1_0
WARNING: [IP_Flow 19-1663] Duplicate IP found for 'digilentinc.com:IP:PmodGPIO:1.0'. The one found in IP location 'z:/DAT096/vivado-library-master/ip/Pmods/PmodGPIO_v1_0' will take precedence over the same IP in location z:/DAT096/vivado-library-b0946605e3617c901635278b62d0f6a8e3942844/ip/Pmods/PmodGPIO_v1_0
WARNING: [IP_Flow 19-1663] Duplicate IP found for 'digilentinc.com:IP:PmodGPS:1.1'. The one found in IP location 'z:/DAT096/vivado-library-master/ip/Pmods/PmodGPS_v1_1' will take precedence over the same IP in location z:/DAT096/vivado-library-b0946605e3617c901635278b62d0f6a8e3942844/ip/Pmods/PmodGPS_v1_1
WARNING: [IP_Flow 19-1663] Duplicate IP found for 'digilentinc.com:IP:PmodGYRO:1.0'. The one found in IP location 'z:/DAT096/vivado-library-master/ip/Pmods/PmodGYRO_v1_0' will take precedence over the same IP in location z:/DAT096/vivado-library-b0946605e3617c901635278b62d0f6a8e3942844/ip/Pmods/PmodGYRO_v1_0
WARNING: [IP_Flow 19-1663] Duplicate IP found for 'digilentinc.com:IP:PmodHYGRO:1.0'. The one found in IP location 'z:/DAT096/vivado-library-master/ip/Pmods/PmodHYGRO_v1_0' will take precedence over the same IP in location z:/DAT096/vivado-library-b0946605e3617c901635278b62d0f6a8e3942844/ip/Pmods/PmodHYGRO_v1_0
WARNING: [IP_Flow 19-1663] Duplicate IP found for 'digilentinc.com:IP:PmodJSTK2:1.0'. The one found in IP location 'z:/DAT096/vivado-library-master/ip/Pmods/PmodJSTK2_v1_0' will take precedence over the same IP in location z:/DAT096/vivado-library-b0946605e3617c901635278b62d0f6a8e3942844/ip/Pmods/PmodJSTK2_v1_0
WARNING: [IP_Flow 19-1663] Duplicate IP found for 'digilentinc.com:IP:PmodJSTK:1.0'. The one found in IP location 'z:/DAT096/vivado-library-master/ip/Pmods/PmodJSTK_v1_0' will take precedence over the same IP in location z:/DAT096/vivado-library-b0946605e3617c901635278b62d0f6a8e3942844/ip/Pmods/PmodJSTK_v1_0
WARNING: [IP_Flow 19-1663] Duplicate IP found for 'digilentinc.com:IP:PmodKYPD:1.0'. The one found in IP location 'z:/DAT096/vivado-library-master/ip/Pmods/PmodKYPD_v1_0' will take precedence over the same IP in location z:/DAT096/vivado-library-b0946605e3617c901635278b62d0f6a8e3942844/ip/Pmods/PmodKYPD_v1_0
WARNING: [IP_Flow 19-1663] Duplicate IP found for 'digilentinc.com:IP:PmodMAXSONAR:1.0'. The one found in IP location 'z:/DAT096/vivado-library-master/ip/Pmods/PmodMAXSONAR_v1_0' will take precedence over the same IP in location z:/DAT096/vivado-library-b0946605e3617c901635278b62d0f6a8e3942844/ip/Pmods/PmodMAXSONAR_v1_0
WARNING: [IP_Flow 19-1663] Duplicate IP found for 'digilentinc.com:IP:PmodMTDS:1.0'. The one found in IP location 'z:/DAT096/vivado-library-master/ip/Pmods/PmodMTDS_v1_0' will take precedence over the same IP in location z:/DAT096/vivado-library-b0946605e3617c901635278b62d0f6a8e3942844/ip/Pmods/PmodMTDS_v1_0
WARNING: [IP_Flow 19-1663] Duplicate IP found for 'digilentinc.com:IP:PmodNAV:1.0'. The one found in IP location 'z:/DAT096/vivado-library-master/ip/Pmods/PmodNAV_v1_0' will take precedence over the same IP in location z:/DAT096/vivado-library-b0946605e3617c901635278b62d0f6a8e3942844/ip/Pmods/PmodNAV_v1_0
INFO: [Common 17-14] Message 'IP_Flow 19-1663' appears 100 times and further instances of the messages will be disabled. Use the Tcl command set_msg_config to change the current settings.
WARNING: [IP_Flow 19-4830] Duplicate Interface found for 'digilentinc.com:interface:pmod:1.0'. The one found in location 'z:/DAT096/vivado-library-b0946605e3617c901635278b62d0f6a8e3942844/if/pmod_v1_0/pmod.xml' will take precedence over the same Interface in location 'z:/DAT096/vivado-library-master/if/pmod_v1_0/pmod.xml'
WARNING: [IP_Flow 19-4830] Duplicate Interface found for 'digilentinc.com:interface:tmds:1.0'. The one found in location 'z:/DAT096/vivado-library-b0946605e3617c901635278b62d0f6a8e3942844/if/tmds_v1_0/tmds.xml' will take precedence over the same Interface in location 'z:/DAT096/vivado-library-master/if/tmds_v1_0/tmds.xml'
Upgrading 'C:/Users/mariashi/Documents/DAT096-krish/Embedded-System-Project-DAT096-krishna/Board_2/Board_2/Board_2.srcs/sources_1/bd/design_2/design_2.bd'
INFO: [IP_Flow 19-3420] Updated design_2_voltage_to_current_0_0 to use current project options
WARNING: [IP_Flow 19-4706] Upgraded port 'current_out' width 14 differs from original width 16
WARNING: [IP_Flow 19-3298] Detected external port differences while upgrading 'design_2_voltage_to_current_0_0'. These changes may impact your design.
CRITICAL WARNING: [Coretcl 2-1280] The upgrade of 'design_2_voltage_to_current_0_0' has identified issues that may require user intervention. Please verify that the instance is correctly configured, and review any upgrade messages.
Wrote  : <C:\Users\mariashi\Documents\DAT096-krish\Embedded-System-Project-DAT096-krishna\Board_2\Board_2\Board_2.srcs\sources_1\bd\design_2\design_2.bd> 
Wrote  : <C:/Users/mariashi/Documents/DAT096-krish/Embedded-System-Project-DAT096-krishna/Board_2/Board_2/Board_2.srcs/sources_1/bd/design_2/ui/bd_1fdbff51.ui> 
generate_target all [get_files  C:/Users/mariashi/Documents/DAT096-krish/Embedded-System-Project-DAT096-krishna/Board_2/Board_2/Board_2.srcs/sources_1/bd/design_2/design_2.bd]
WARNING: [BD 41-2670] Found an incomplete address path from address space '/processing_system7_0/Data' to master interface '/processing_system7_0/M_AXI_GP0'. Please either complete or remove this path to resolve.
WARNING: [BD 5-699] No address segments matched 'get_bd_addr_segs -of_objects /processing_system7_0/Data'
ERROR: [Common 17-161] Invalid option value '' specified for 'object'.
ERROR: [BD 41-1273] Error running propagate TCL procedure: ERROR: [Common 17-161] Invalid option value '' specified for 'object'.
    ::xilinx.com_ip_ila_6.2::propagate Line 95
INFO: [xilinx.com:ip:clk_wiz:6.0-1] /clk_wiz_0 clk_wiz propagate
Wrote  : <C:\Users\mariashi\Documents\DAT096-krish\Embedded-System-Project-DAT096-krishna\Board_2\Board_2\Board_2.srcs\sources_1\bd\design_2\design_2.bd> 
VHDL Output written to : c:/Users/mariashi/Documents/DAT096-krish/Embedded-System-Project-DAT096-krishna/Board_2/Board_2/Board_2.gen/sources_1/bd/design_2/synth/design_2.vhd
VHDL Output written to : c:/Users/mariashi/Documents/DAT096-krish/Embedded-System-Project-DAT096-krishna/Board_2/Board_2/Board_2.gen/sources_1/bd/design_2/sim/design_2.vhd
VHDL Output written to : c:/Users/mariashi/Documents/DAT096-krish/Embedded-System-Project-DAT096-krishna/Board_2/Board_2/Board_2.gen/sources_1/bd/design_2/hdl/design_2_wrapper.vhd
WARNING: [IP_Flow 19-4994] Overwriting existing constraint file 'c:/Users/mariashi/Documents/DAT096-krish/Embedded-System-Project-DAT096-krishna/Board_2/Board_2/Board_2.gen/sources_1/bd/design_2/ip/design_2_ila_0_0/design_2_ila_0_0_ooc.xdc'
INFO: [BD 41-1029] Generation completed for the IP Integrator block ila_0 .
INFO: [BD 41-1029] Generation completed for the IP Integrator block voltage_to_current_0 .
Exporting to file c:/Users/mariashi/Documents/DAT096-krish/Embedded-System-Project-DAT096-krishna/Board_2/Board_2/Board_2.gen/sources_1/bd/design_2/hw_handoff/design_2.hwh
Generated Hardware Definition File c:/Users/mariashi/Documents/DAT096-krish/Embedded-System-Project-DAT096-krishna/Board_2/Board_2/Board_2.gen/sources_1/bd/design_2/synth/design_2.hwdef
ERROR: [Common 17-39] 'generate_target' failed due to earlier errors.
WARNING: [filemgmt 56-199] Attempt to get parsing info during refresh. "On-the-fly" syntax checking information may be incorrect. [C:\Users\mariashi\Documents\DAT096-krish\Embedded-System-Project-DAT096-krishna\Board_2\Board_2\Board_2.srcs\sources_1\new\v_to_amp.vhd:]
WARNING: [filemgmt 56-199] Attempt to get parsing info during refresh. "On-the-fly" syntax checking information may be incorrect. [C:\Users\mariashi\Documents\DAT096-krish\Embedded-System-Project-DAT096-krishna\Board_2\Board_2\Board_2.srcs\sources_1\new\adc_bit_decoder.vhd:]
WARNING: [filemgmt 56-199] Attempt to get parsing info during refresh. "On-the-fly" syntax checking information may be incorrect. [C:\Users\mariashi\Documents\DAT096-krish\Embedded-System-Project-DAT096-krishna\Board_2\Board_2\Board_2.srcs\sources_1\new\adc_bit_decoder.vhd:]
WARNING: [filemgmt 56-199] Attempt to get parsing info during refresh. "On-the-fly" syntax checking information may be incorrect. [C:\Users\mariashi\Documents\DAT096-krish\Embedded-System-Project-DAT096-krishna\Board_2\Board_2\Board_2.srcs\sources_1\new\adc_bit_decoder.vhd:]
ERROR: [Common 17-180] Spawn failed: No error
update_compile_order -fileset sources_1
WARNING: [filemgmt 56-199] Attempt to get parsing info during refresh. "On-the-fly" syntax checking information may be incorrect. [C:\Users\mariashi\Documents\DAT096-krish\Embedded-System-Project-DAT096-krishna\Board_2\Board_2\Board_2.srcs\sources_1\new\v_to_amp.vhd:]
WARNING: [filemgmt 56-199] Attempt to get parsing info during refresh. "On-the-fly" syntax checking information may be incorrect. [C:\Users\mariashi\Documents\DAT096-krish\Embedded-System-Project-DAT096-krishna\Board_2\Board_2\Board_2.srcs\sources_1\new\adc_bit_decoder.vhd:]
WARNING: [filemgmt 56-199] Attempt to get parsing info during refresh. "On-the-fly" syntax checking information may be incorrect. [C:\Users\mariashi\Documents\DAT096-krish\Embedded-System-Project-DAT096-krishna\Board_2\Board_2\Board_2.srcs\sources_1\new\adc_bit_decoder.vhd:]
WARNING: [filemgmt 56-199] Attempt to get parsing info during refresh. "On-the-fly" syntax checking information may be incorrect. [C:\Users\mariashi\Documents\DAT096-krish\Embedded-System-Project-DAT096-krishna\Board_2\Board_2\Board_2.srcs\sources_1\new\adc_bit_decoder.vhd:]
ERROR: [Common 17-180] Spawn failed: No error
WARNING: [IP_Flow 19-4067] Ignoring invalid widget type specified checkbox.Providing a default widget
startgroup
set_property -dict [list \
  CONFIG.C_PROBE4_TYPE {1} \
  CONFIG.C_PROBE4_WIDTH {14} \
] [get_bd_cells ila_0]
endgroup
connect_bd_net [get_bd_pins voltage_to_current_0/current_out] [get_bd_pins ila_0/probe4]
validate_bd_design
WARNING: [BD 41-2670] Found an incomplete address path from address space '/processing_system7_0/Data' to master interface '/processing_system7_0/M_AXI_GP0'. Please either complete or remove this path to resolve.
WARNING: [BD 5-699] No address segments matched 'get_bd_addr_segs -of_objects /processing_system7_0/Data'
INFO: [xilinx.com:ip:clk_wiz:6.0-1] /clk_wiz_0 clk_wiz propagate
save_bd_design
Wrote  : <C:\Users\mariashi\Documents\DAT096-krish\Embedded-System-Project-DAT096-krishna\Board_2\Board_2\Board_2.srcs\sources_1\bd\design_2\design_2.bd> 
Wrote  : <C:/Users/mariashi/Documents/DAT096-krish/Embedded-System-Project-DAT096-krishna/Board_2/Board_2/Board_2.srcs/sources_1/bd/design_2/ui/bd_1fdbff51.ui> 
reset_run synth_1
INFO: [Project 1-1161] Replacing file C:/Users/mariashi/Documents/DAT096-krish/Embedded-System-Project-DAT096-krishna/Board_2/Board_2/Board_2.srcs/utils_1/imports/synth_1/design_2_wrapper.dcp with file C:/Users/mariashi/Documents/DAT096-krish/Embedded-System-Project-DAT096-krishna/Board_2/Board_2/Board_2.runs/synth_1/design_2_wrapper.dcp
WARNING: [Vivado 12-1017] Problems encountered:
1. Failed to delete one or more files in run directory C:/Users/mariashi/Documents/DAT096-krish/Embedded-System-Project-DAT096-krishna/Board_2/Board_2/Board_2.runs/synth_1

launch_runs impl_1 -to_step write_bitstream -jobs 28
INFO: [BD 41-1662] The design 'design_2.bd' is already validated. Therefore parameter propagation will not be re-run.
VHDL Output written to : c:/Users/mariashi/Documents/DAT096-krish/Embedded-System-Project-DAT096-krishna/Board_2/Board_2/Board_2.gen/sources_1/bd/design_2/synth/design_2.vhd
VHDL Output written to : c:/Users/mariashi/Documents/DAT096-krish/Embedded-System-Project-DAT096-krishna/Board_2/Board_2/Board_2.gen/sources_1/bd/design_2/sim/design_2.vhd
VHDL Output written to : c:/Users/mariashi/Documents/DAT096-krish/Embedded-System-Project-DAT096-krishna/Board_2/Board_2/Board_2.gen/sources_1/bd/design_2/hdl/design_2_wrapper.vhd
WARNING: [IP_Flow 19-4994] Overwriting existing constraint file 'c:/Users/mariashi/Documents/DAT096-krish/Embedded-System-Project-DAT096-krishna/Board_2/Board_2/Board_2.gen/sources_1/bd/design_2/ip/design_2_ila_0_0/design_2_ila_0_0_ooc.xdc'
INFO: [BD 41-1029] Generation completed for the IP Integrator block ila_0 .
Exporting to file c:/Users/mariashi/Documents/DAT096-krish/Embedded-System-Project-DAT096-krishna/Board_2/Board_2/Board_2.gen/sources_1/bd/design_2/hw_handoff/design_2.hwh
Generated Hardware Definition File c:/Users/mariashi/Documents/DAT096-krish/Embedded-System-Project-DAT096-krishna/Board_2/Board_2/Board_2.gen/sources_1/bd/design_2/synth/design_2.hwdef
INFO: [IP_Flow 19-6924] IPCACHE: Running cache check for IP inst: design_2_ila_0_0
ERROR: [Common 17-180] Spawn failed: No error
[Mon May  4 13:27:05 2026] Launched design_2_ila_0_0_synth_1, design_2_voltage_to_current_0_0_synth_1, synth_1...
Run output will be captured here:
design_2_ila_0_0_synth_1: C:/Users/mariashi/Documents/DAT096-krish/Embedded-System-Project-DAT096-krishna/Board_2/Board_2/Board_2.runs/design_2_ila_0_0_synth_1/runme.log
design_2_voltage_to_current_0_0_synth_1: C:/Users/mariashi/Documents/DAT096-krish/Embedded-System-Project-DAT096-krishna/Board_2/Board_2/Board_2.runs/design_2_voltage_to_current_0_0_synth_1/runme.log
synth_1: C:/Users/mariashi/Documents/DAT096-krish/Embedded-System-Project-DAT096-krishna/Board_2/Board_2/Board_2.runs/synth_1/runme.log
[Mon May  4 13:27:05 2026] Launched impl_1...
Run output will be captured here: C:/Users/mariashi/Documents/DAT096-krish/Embedded-System-Project-DAT096-krishna/Board_2/Board_2/Board_2.runs/impl_1/runme.log
launch_runs: Time (s): cpu = 00:00:02 ; elapsed = 00:00:06 . Memory (MB): peak = 2585.539 ; gain = 0.000
ERROR: [Common 17-39] 'launch_runs' failed due to earlier errors.
report_ip_status -name ip_status 
WARNING: [filemgmt 56-199] Attempt to get parsing info during refresh. "On-the-fly" syntax checking information may be incorrect. [C:\Users\mariashi\Documents\DAT096-krish\Embedded-System-Project-DAT096-krishna\Board_2\Board_2\Board_2.srcs\sources_1\new\v_to_amp.vhd:]
WARNING: [filemgmt 56-199] Attempt to get parsing info during refresh. "On-the-fly" syntax checking information may be incorrect. [C:\Users\mariashi\Documents\DAT096-krish\Embedded-System-Project-DAT096-krishna\Board_2\Board_2\Board_2.srcs\sources_1\new\adc_bit_decoder.vhd:]
WARNING: [filemgmt 56-199] Attempt to get parsing info during refresh. "On-the-fly" syntax checking information may be incorrect. [C:\Users\mariashi\Documents\DAT096-krish\Embedded-System-Project-DAT096-krishna\Board_2\Board_2\Board_2.srcs\sources_1\new\adc_bit_decoder.vhd:]
WARNING: [filemgmt 56-199] Attempt to get parsing info during refresh. "On-the-fly" syntax checking information may be incorrect. [C:\Users\mariashi\Documents\DAT096-krish\Embedded-System-Project-DAT096-krishna\Board_2\Board_2\Board_2.srcs\sources_1\new\adc_bit_decoder.vhd:]
ERROR: [Common 17-180] Spawn failed: No error
WARNING: [filemgmt 56-199] Attempt to get parsing info during refresh. "On-the-fly" syntax checking information may be incorrect. [C:\Users\mariashi\Documents\DAT096-krish\Embedded-System-Project-DAT096-krishna\Board_2\Board_2\Board_2.srcs\sources_1\new\v_to_amp.vhd:]
WARNING: [filemgmt 56-199] Attempt to get parsing info during refresh. "On-the-fly" syntax checking information may be incorrect. [C:\Users\mariashi\Documents\DAT096-krish\Embedded-System-Project-DAT096-krishna\Board_2\Board_2\Board_2.srcs\sources_1\new\adc_bit_decoder.vhd:]
WARNING: [filemgmt 56-199] Attempt to get parsing info during refresh. "On-the-fly" syntax checking information may be incorrect. [C:\Users\mariashi\Documents\DAT096-krish\Embedded-System-Project-DAT096-krishna\Board_2\Board_2\Board_2.srcs\sources_1\new\adc_bit_decoder.vhd:]
WARNING: [filemgmt 56-199] Attempt to get parsing info during refresh. "On-the-fly" syntax checking information may be incorrect. [C:\Users\mariashi\Documents\DAT096-krish\Embedded-System-Project-DAT096-krishna\Board_2\Board_2\Board_2.srcs\sources_1\new\adc_bit_decoder.vhd:]
ERROR: [Common 17-180] Spawn failed: No error
run_hw_ila [get_hw_ilas -of_objects [get_hw_devices xc7z020_1] -filter {CELL_NAME=~"design_2_i/ila_0"}]
INFO: [Labtools 27-1964] The ILA core 'hw_ila_1' trigger was armed at 2026-May-04 13:31:10
wait_on_hw_ila [get_hw_ilas -of_objects [get_hw_devices xc7z020_1] -filter {CELL_NAME=~"design_2_i/ila_0"}]
display_hw_ila_data [upload_hw_ila_data [get_hw_ilas -of_objects [get_hw_devices xc7z020_1] -filter {CELL_NAME=~"design_2_i/ila_0"}]]
INFO: [Labtools 27-1966] The ILA core 'hw_ila_1' triggered at 2026-May-04 13:31:10
INFO: [Labtools 27-3304] ILA Waveform data saved to file C:/Users/mariashi/Documents/DAT096-krish/Embedded-System-Project-DAT096-krishna/Board_2/Board_2/Board_2.hw/backup/hw_ila_data_1.ila. Use Tcl command 'read_hw_ila_data' or Vivado File->Import->Import ILA Data menu item to import the previously saved data.
set_property PROBES.FILE {C:/Users/mariashi/Documents/DAT096-krish/Embedded-System-Project-DAT096-krishna/Board_2/Board_2/Board_2.runs/impl_1/design_2_wrapper.ltx} [get_hw_devices xc7z020_1]
set_property FULL_PROBES.FILE {C:/Users/mariashi/Documents/DAT096-krish/Embedded-System-Project-DAT096-krishna/Board_2/Board_2/Board_2.runs/impl_1/design_2_wrapper.ltx} [get_hw_devices xc7z020_1]
set_property PROGRAM.FILE {C:/Users/mariashi/Documents/DAT096-krish/Embedded-System-Project-DAT096-krishna/Board_2/Board_2/Board_2.runs/impl_1/design_2_wrapper.bit} [get_hw_devices xc7z020_1]
program_hw_devices [get_hw_devices xc7z020_1]
INFO: [Labtools 27-3164] End of startup status: HIGH
refresh_hw_device [lindex [get_hw_devices xc7z020_1] 0]
INFO: [Labtools 27-2302] Device xc7z020 (JTAG device index = 1) is programmed with a design that has 1 ILA core(s).
add_wave -into {hw_ila_data_1.wcfg} -radix hex { {design_2_i/voltage_to_current_0_current_out} }
run_hw_ila [get_hw_ilas -of_objects [get_hw_devices xc7z020_1] -filter {CELL_NAME=~"design_2_i/ila_0"}]
INFO: [Labtools 27-1964] The ILA core 'hw_ila_1' trigger was armed at 2026-May-04 13:31:22
wait_on_hw_ila [get_hw_ilas -of_objects [get_hw_devices xc7z020_1] -filter {CELL_NAME=~"design_2_i/ila_0"}]
display_hw_ila_data [upload_hw_ila_data [get_hw_ilas -of_objects [get_hw_devices xc7z020_1] -filter {CELL_NAME=~"design_2_i/ila_0"}]]
INFO: [Labtools 27-1966] The ILA core 'hw_ila_1' triggered at 2026-May-04 13:31:22
INFO: [Labtools 27-3304] ILA Waveform data saved to file C:/Users/mariashi/Documents/DAT096-krish/Embedded-System-Project-DAT096-krishna/Board_2/Board_2/Board_2.hw/backup/hw_ila_data_1.ila. Use Tcl command 'read_hw_ila_data' or Vivado File->Import->Import ILA Data menu item to import the previously saved data.
WARNING: [filemgmt 56-199] Attempt to get parsing info during refresh. "On-the-fly" syntax checking information may be incorrect. [C:\Users\mariashi\Documents\DAT096-krish\Embedded-System-Project-DAT096-krishna\Board_2\Board_2\Board_2.srcs\sources_1\new\v_to_amp.vhd:]
WARNING: [filemgmt 56-199] Attempt to get parsing info during refresh. "On-the-fly" syntax checking information may be incorrect. [C:\Users\mariashi\Documents\DAT096-krish\Embedded-System-Project-DAT096-krishna\Board_2\Board_2\Board_2.srcs\sources_1\new\adc_bit_decoder.vhd:]
WARNING: [filemgmt 56-199] Attempt to get parsing info during refresh. "On-the-fly" syntax checking information may be incorrect. [C:\Users\mariashi\Documents\DAT096-krish\Embedded-System-Project-DAT096-krishna\Board_2\Board_2\Board_2.srcs\sources_1\new\adc_bit_decoder.vhd:]
WARNING: [filemgmt 56-199] Attempt to get parsing info during refresh. "On-the-fly" syntax checking information may be incorrect. [C:\Users\mariashi\Documents\DAT096-krish\Embedded-System-Project-DAT096-krishna\Board_2\Board_2\Board_2.srcs\sources_1\new\adc_bit_decoder.vhd:]
ERROR: [Common 17-180] Spawn failed: No error
report_ip_status -name ip_status 
update_module_reference [get_ips  design_2_voltage_to_current_0_0]
INFO: [IP_Flow 19-5107] Inferred bus interface 'clk' of definition 'xilinx.com:signal:clock:1.0' (from Xilinx Repository).
WARNING: [IP_Flow 19-5661] Bus Interface 'clk' does not have any bus interfaces associated with it.
WARNING: [IP_Flow 19-11770] Clock interface 'clk' has no FREQ_HZ parameter.
WARNING: [IP_Flow 19-1663] Duplicate IP found for 'digilentinc.com:user:axi_i2s_adi:1.2'. The one found in IP location 'z:/DAT096/vivado-library-b0946605e3617c901635278b62d0f6a8e3942844/ip/axi_i2s_adi_1.2' will take precedence over the same IP in location z:/DAT096/vivado-library-master/ip/axi_i2s_adi_1.2
WARNING: [IP_Flow 19-1663] Duplicate IP found for 'digilentinc.com:IP:axi_ps2:1.0'. The one found in IP location 'z:/DAT096/vivado-library-b0946605e3617c901635278b62d0f6a8e3942844/ip/axi_ps2_1.0' will take precedence over the same IP in location z:/DAT096/vivado-library-master/ip/axi_ps2_1.0
WARNING: [IP_Flow 19-1663] Duplicate IP found for 'digilentinc.com:ip:clock_forwarder:1.1'. The one found in IP location 'z:/DAT096/vivado-library-b0946605e3617c901635278b62d0f6a8e3942844/ip/clock_forwarder' will take precedence over the same IP in location z:/DAT096/vivado-library-master/ip/clock_forwarder
WARNING: [IP_Flow 19-1663] Duplicate IP found for 'digilentinc.com:IP:hls_contrast_stretch:1.0'. The one found in IP location 'z:/DAT096/vivado-library-b0946605e3617c901635278b62d0f6a8e3942844/ip/hls_contrast_stretch_1_0' will take precedence over the same IP in location z:/DAT096/vivado-library-master/ip/hls_contrast_stretch_1_0
WARNING: [IP_Flow 19-1663] Duplicate IP found for 'digilentinc.com:IP:hls_gamma_correction:1.0'. The one found in IP location 'z:/DAT096/vivado-library-b0946605e3617c901635278b62d0f6a8e3942844/ip/hls_gamma_correction_1_0' will take precedence over the same IP in location z:/DAT096/vivado-library-master/ip/hls_gamma_correction_1_0
WARNING: [IP_Flow 19-1663] Duplicate IP found for 'digilentinc.com:IP:hls_saturation_enhance:1.0'. The one found in IP location 'z:/DAT096/vivado-library-b0946605e3617c901635278b62d0f6a8e3942844/ip/hls_saturation_enhance_1_0' will take precedence over the same IP in location z:/DAT096/vivado-library-master/ip/hls_saturation_enhance_1_0
WARNING: [IP_Flow 19-1663] Duplicate IP found for 'digilentinc.com:ip:rgb2dpvid:1.0'. The one found in IP location 'z:/DAT096/vivado-library-b0946605e3617c901635278b62d0f6a8e3942844/ip/rgb2dpvid_v1_0' will take precedence over the same IP in location z:/DAT096/vivado-library-master/ip/rgb2dpvid_v1_0
WARNING: [IP_Flow 19-1663] Duplicate IP found for 'digilentinc.com:ip:rgb2vga:1.0'. The one found in IP location 'z:/DAT096/vivado-library-b0946605e3617c901635278b62d0f6a8e3942844/ip/rgb2vga_v1_0' will take precedence over the same IP in location z:/DAT096/vivado-library-master/ip/rgb2vga_v1_0
WARNING: [IP_Flow 19-1663] Duplicate IP found for 'digilentinc.com:ip:Sync:1.0'. The one found in IP location 'z:/DAT096/vivado-library-b0946605e3617c901635278b62d0f6a8e3942844/ip/Sync_v1_0' will take precedence over the same IP in location z:/DAT096/vivado-library-master/ip/Sync_v1_0
WARNING: [IP_Flow 19-1663] Duplicate IP found for 'digilentinc.com:ip:usb2device:1.0'. The one found in IP location 'z:/DAT096/vivado-library-b0946605e3617c901635278b62d0f6a8e3942844/ip/usb2device_v1_0' will take precedence over the same IP in location z:/DAT096/vivado-library-master/ip/usb2device_v1_0
WARNING: [IP_Flow 19-1663] Duplicate IP found for 'digilentinc.com:video:video_scaler:1.0'. The one found in IP location 'z:/DAT096/vivado-library-b0946605e3617c901635278b62d0f6a8e3942844/ip/video_scaler' will take precedence over the same IP in location z:/DAT096/vivado-library-master/ip/video_scaler
WARNING: [IP_Flow 19-1663] Duplicate IP found for 'digilentinc.com:ip:dvi2rgb:2.0'. The one found in IP location 'z:/DAT096/vivado-library-master/ip/dvi2rgb' will take precedence over the same IP in location z:/DAT096/vivado-library-b0946605e3617c901635278b62d0f6a8e3942844/ip/dvi2rgb
WARNING: [IP_Flow 19-1663] Duplicate IP found for 'digilentinc.com:IP:MotorFeedback:1.0'. The one found in IP location 'z:/DAT096/vivado-library-master/ip/MotorFeedback_1.0' will take precedence over the same IP in location z:/DAT096/vivado-library-b0946605e3617c901635278b62d0f6a8e3942844/ip/MotorFeedback_1.0
WARNING: [IP_Flow 19-1663] Duplicate IP found for 'digilentinc.com:IP:PmodACL2:1.0'. The one found in IP location 'z:/DAT096/vivado-library-master/ip/Pmods/PmodACL2_v1_0' will take precedence over the same IP in location z:/DAT096/vivado-library-b0946605e3617c901635278b62d0f6a8e3942844/ip/Pmods/PmodACL2_v1_0
WARNING: [IP_Flow 19-1663] Duplicate IP found for 'digilentinc.com:IP:PmodACL:1.0'. The one found in IP location 'z:/DAT096/vivado-library-master/ip/Pmods/PmodACL_v1_0' will take precedence over the same IP in location z:/DAT096/vivado-library-b0946605e3617c901635278b62d0f6a8e3942844/ip/Pmods/PmodACL_v1_0
WARNING: [IP_Flow 19-1663] Duplicate IP found for 'digilentinc.com:IP:PmodAD1:1.0'. The one found in IP location 'z:/DAT096/vivado-library-master/ip/Pmods/PmodAD1_v1_0' will take precedence over the same IP in location z:/DAT096/vivado-library-b0946605e3617c901635278b62d0f6a8e3942844/ip/Pmods/PmodAD1_v1_0
WARNING: [IP_Flow 19-1663] Duplicate IP found for 'digilentinc.com:IP:PmodAD2:1.0'. The one found in IP location 'z:/DAT096/vivado-library-master/ip/Pmods/PmodAD2_v1_0' will take precedence over the same IP in location z:/DAT096/vivado-library-b0946605e3617c901635278b62d0f6a8e3942844/ip/Pmods/PmodAD2_v1_0
WARNING: [IP_Flow 19-1663] Duplicate IP found for 'digilentinc.com:IP:PmodAD5:1.0'. The one found in IP location 'z:/DAT096/vivado-library-master/ip/Pmods/PmodAD5_v1_0' will take precedence over the same IP in location z:/DAT096/vivado-library-b0946605e3617c901635278b62d0f6a8e3942844/ip/Pmods/PmodAD5_v1_0
WARNING: [IP_Flow 19-1663] Duplicate IP found for 'digilentinc.com:IP:PmodALS:1.0'. The one found in IP location 'z:/DAT096/vivado-library-master/ip/Pmods/PmodALS_v1_0' will take precedence over the same IP in location z:/DAT096/vivado-library-b0946605e3617c901635278b62d0f6a8e3942844/ip/Pmods/PmodALS_v1_0
WARNING: [IP_Flow 19-1663] Duplicate IP found for 'digilentinc.com:IP:PmodAMP2:1.0'. The one found in IP location 'z:/DAT096/vivado-library-master/ip/Pmods/PmodAMP2_v1_0' will take precedence over the same IP in location z:/DAT096/vivado-library-b0946605e3617c901635278b62d0f6a8e3942844/ip/Pmods/PmodAMP2_v1_0
WARNING: [IP_Flow 19-1663] Duplicate IP found for 'digilentinc.com:IP:PmodAQS:1.0'. The one found in IP location 'z:/DAT096/vivado-library-master/ip/Pmods/PmodAQS_v1_0' will take precedence over the same IP in location z:/DAT096/vivado-library-b0946605e3617c901635278b62d0f6a8e3942844/ip/Pmods/PmodAQS_v1_0
WARNING: [IP_Flow 19-1663] Duplicate IP found for 'digilentinc.com:IP:PmodBLE:1.0'. The one found in IP location 'z:/DAT096/vivado-library-master/ip/Pmods/PmodBLE_v1_0' will take precedence over the same IP in location z:/DAT096/vivado-library-b0946605e3617c901635278b62d0f6a8e3942844/ip/Pmods/PmodBLE_v1_0
WARNING: [IP_Flow 19-1663] Duplicate IP found for 'digilentinc.com:IP:PmodBT2:1.0'. The one found in IP location 'z:/DAT096/vivado-library-master/ip/Pmods/PmodBT2_v1_0' will take precedence over the same IP in location z:/DAT096/vivado-library-b0946605e3617c901635278b62d0f6a8e3942844/ip/Pmods/PmodBT2_v1_0
WARNING: [IP_Flow 19-1663] Duplicate IP found for 'digilentinc.com:IP:PmodCAN:1.0'. The one found in IP location 'z:/DAT096/vivado-library-master/ip/Pmods/PmodCAN_v1_0' will take precedence over the same IP in location z:/DAT096/vivado-library-b0946605e3617c901635278b62d0f6a8e3942844/ip/Pmods/PmodCAN_v1_0
WARNING: [IP_Flow 19-1663] Duplicate IP found for 'digilentinc.com:IP:PmodCLS:1.0'. The one found in IP location 'z:/DAT096/vivado-library-master/ip/Pmods/PmodCLS_v1_0' will take precedence over the same IP in location z:/DAT096/vivado-library-b0946605e3617c901635278b62d0f6a8e3942844/ip/Pmods/PmodCLS_v1_0
WARNING: [IP_Flow 19-1663] Duplicate IP found for 'digilentinc.com:IP:PmodCMPS2:1.0'. The one found in IP location 'z:/DAT096/vivado-library-master/ip/Pmods/PmodCMPS2_v1_0' will take precedence over the same IP in location z:/DAT096/vivado-library-b0946605e3617c901635278b62d0f6a8e3942844/ip/Pmods/PmodCMPS2_v1_0
WARNING: [IP_Flow 19-1663] Duplicate IP found for 'digilentinc.com:IP:PmodCOLOR:1.0'. The one found in IP location 'z:/DAT096/vivado-library-master/ip/Pmods/PmodCOLOR_v1_0' will take precedence over the same IP in location z:/DAT096/vivado-library-b0946605e3617c901635278b62d0f6a8e3942844/ip/Pmods/PmodCOLOR_v1_0
WARNING: [IP_Flow 19-1663] Duplicate IP found for 'digilentinc.com:IP:PmodDA1:1.0'. The one found in IP location 'z:/DAT096/vivado-library-master/ip/Pmods/PmodDA1_v1_0' will take precedence over the same IP in location z:/DAT096/vivado-library-b0946605e3617c901635278b62d0f6a8e3942844/ip/Pmods/PmodDA1_v1_0
WARNING: [IP_Flow 19-1663] Duplicate IP found for 'digilentinc.com:IP:PmodDHB1:1.0'. The one found in IP location 'z:/DAT096/vivado-library-master/ip/Pmods/PmodDHB1_v1_0' will take precedence over the same IP in location z:/DAT096/vivado-library-b0946605e3617c901635278b62d0f6a8e3942844/ip/Pmods/PmodDHB1_v1_0
WARNING: [IP_Flow 19-1663] Duplicate IP found for 'digilentinc.com:IP:PmodDPG1:1.0'. The one found in IP location 'z:/DAT096/vivado-library-master/ip/Pmods/PmodDPG1_v1_0' will take precedence over the same IP in location z:/DAT096/vivado-library-b0946605e3617c901635278b62d0f6a8e3942844/ip/Pmods/PmodDPG1_v1_0
WARNING: [IP_Flow 19-1663] Duplicate IP found for 'digilentinc.com:IP:PmodENC:1.0'. The one found in IP location 'z:/DAT096/vivado-library-master/ip/Pmods/PmodENC_v1_0' will take precedence over the same IP in location z:/DAT096/vivado-library-b0946605e3617c901635278b62d0f6a8e3942844/ip/Pmods/PmodENC_v1_0
WARNING: [IP_Flow 19-1663] Duplicate IP found for 'digilentinc.com:user:PmodESP32:1.0'. The one found in IP location 'z:/DAT096/vivado-library-master/ip/Pmods/PmodESP32_v1_0' will take precedence over the same IP in location z:/DAT096/vivado-library-b0946605e3617c901635278b62d0f6a8e3942844/ip/Pmods/PmodESP32_v1_0
WARNING: [IP_Flow 19-1663] Duplicate IP found for 'digilentinc.com:IP:PmodGPIO:1.0'. The one found in IP location 'z:/DAT096/vivado-library-master/ip/Pmods/PmodGPIO_v1_0' will take precedence over the same IP in location z:/DAT096/vivado-library-b0946605e3617c901635278b62d0f6a8e3942844/ip/Pmods/PmodGPIO_v1_0
WARNING: [IP_Flow 19-1663] Duplicate IP found for 'digilentinc.com:IP:PmodGPS:1.1'. The one found in IP location 'z:/DAT096/vivado-library-master/ip/Pmods/PmodGPS_v1_1' will take precedence over the same IP in location z:/DAT096/vivado-library-b0946605e3617c901635278b62d0f6a8e3942844/ip/Pmods/PmodGPS_v1_1
WARNING: [IP_Flow 19-1663] Duplicate IP found for 'digilentinc.com:IP:PmodGYRO:1.0'. The one found in IP location 'z:/DAT096/vivado-library-master/ip/Pmods/PmodGYRO_v1_0' will take precedence over the same IP in location z:/DAT096/vivado-library-b0946605e3617c901635278b62d0f6a8e3942844/ip/Pmods/PmodGYRO_v1_0
WARNING: [IP_Flow 19-1663] Duplicate IP found for 'digilentinc.com:IP:PmodHYGRO:1.0'. The one found in IP location 'z:/DAT096/vivado-library-master/ip/Pmods/PmodHYGRO_v1_0' will take precedence over the same IP in location z:/DAT096/vivado-library-b0946605e3617c901635278b62d0f6a8e3942844/ip/Pmods/PmodHYGRO_v1_0
WARNING: [IP_Flow 19-1663] Duplicate IP found for 'digilentinc.com:IP:PmodJSTK2:1.0'. The one found in IP location 'z:/DAT096/vivado-library-master/ip/Pmods/PmodJSTK2_v1_0' will take precedence over the same IP in location z:/DAT096/vivado-library-b0946605e3617c901635278b62d0f6a8e3942844/ip/Pmods/PmodJSTK2_v1_0
WARNING: [IP_Flow 19-1663] Duplicate IP found for 'digilentinc.com:IP:PmodJSTK:1.0'. The one found in IP location 'z:/DAT096/vivado-library-master/ip/Pmods/PmodJSTK_v1_0' will take precedence over the same IP in location z:/DAT096/vivado-library-b0946605e3617c901635278b62d0f6a8e3942844/ip/Pmods/PmodJSTK_v1_0
WARNING: [IP_Flow 19-1663] Duplicate IP found for 'digilentinc.com:IP:PmodKYPD:1.0'. The one found in IP location 'z:/DAT096/vivado-library-master/ip/Pmods/PmodKYPD_v1_0' will take precedence over the same IP in location z:/DAT096/vivado-library-b0946605e3617c901635278b62d0f6a8e3942844/ip/Pmods/PmodKYPD_v1_0
WARNING: [IP_Flow 19-1663] Duplicate IP found for 'digilentinc.com:IP:PmodMAXSONAR:1.0'. The one found in IP location 'z:/DAT096/vivado-library-master/ip/Pmods/PmodMAXSONAR_v1_0' will take precedence over the same IP in location z:/DAT096/vivado-library-b0946605e3617c901635278b62d0f6a8e3942844/ip/Pmods/PmodMAXSONAR_v1_0
WARNING: [IP_Flow 19-1663] Duplicate IP found for 'digilentinc.com:IP:PmodMTDS:1.0'. The one found in IP location 'z:/DAT096/vivado-library-master/ip/Pmods/PmodMTDS_v1_0' will take precedence over the same IP in location z:/DAT096/vivado-library-b0946605e3617c901635278b62d0f6a8e3942844/ip/Pmods/PmodMTDS_v1_0
WARNING: [IP_Flow 19-1663] Duplicate IP found for 'digilentinc.com:IP:PmodNAV:1.0'. The one found in IP location 'z:/DAT096/vivado-library-master/ip/Pmods/PmodNAV_v1_0' will take precedence over the same IP in location z:/DAT096/vivado-library-b0946605e3617c901635278b62d0f6a8e3942844/ip/Pmods/PmodNAV_v1_0
WARNING: [IP_Flow 19-1663] Duplicate IP found for 'digilentinc.com:IP:PmodOLEDrgb:1.0'. The one found in IP location 'z:/DAT096/vivado-library-master/ip/Pmods/pmodOLEDrgb_v1_0' will take precedence over the same IP in location z:/DAT096/vivado-library-b0946605e3617c901635278b62d0f6a8e3942844/ip/Pmods/pmodOLEDrgb_v1_0
WARNING: [IP_Flow 19-1663] Duplicate IP found for 'digilentinc.com:IP:PmodOLED:1.0'. The one found in IP location 'z:/DAT096/vivado-library-master/ip/Pmods/PmodOLED_v1_0' will take precedence over the same IP in location z:/DAT096/vivado-library-b0946605e3617c901635278b62d0f6a8e3942844/ip/Pmods/PmodOLED_v1_0
WARNING: [IP_Flow 19-1663] Duplicate IP found for 'digilentinc.com:IP:PmodPIR:1.0'. The one found in IP location 'z:/DAT096/vivado-library-master/ip/Pmods/PmodPIR_v1_0' will take precedence over the same IP in location z:/DAT096/vivado-library-b0946605e3617c901635278b62d0f6a8e3942844/ip/Pmods/PmodPIR_v1_0
WARNING: [IP_Flow 19-1663] Duplicate IP found for 'digilentinc.com:IP:PmodR2R:1.0'. The one found in IP location 'z:/DAT096/vivado-library-master/ip/Pmods/PmodR2R_v1_0' will take precedence over the same IP in location z:/DAT096/vivado-library-b0946605e3617c901635278b62d0f6a8e3942844/ip/Pmods/PmodR2R_v1_0
WARNING: [IP_Flow 19-1663] Duplicate IP found for 'digilentinc.com:IP:PmodRTCC:1.0'. The one found in IP location 'z:/DAT096/vivado-library-master/ip/Pmods/PmodRTCC_v1_0' will take precedence over the same IP in location z:/DAT096/vivado-library-b0946605e3617c901635278b62d0f6a8e3942844/ip/Pmods/PmodRTCC_v1_0
WARNING: [IP_Flow 19-1663] Duplicate IP found for 'digilentinc.com:IP:PmodSD:1.0'. The one found in IP location 'z:/DAT096/vivado-library-master/ip/Pmods/PmodSD_v1_0' will take precedence over the same IP in location z:/DAT096/vivado-library-b0946605e3617c901635278b62d0f6a8e3942844/ip/Pmods/PmodSD_v1_0
WARNING: [IP_Flow 19-1663] Duplicate IP found for 'digilentinc.com:IP:PmodSF3:1.0'. The one found in IP location 'z:/DAT096/vivado-library-master/ip/Pmods/PmodSF3_v1_0' will take precedence over the same IP in location z:/DAT096/vivado-library-b0946605e3617c901635278b62d0f6a8e3942844/ip/Pmods/PmodSF3_v1_0
WARNING: [IP_Flow 19-1663] Duplicate IP found for 'digilentinc.com:IP:PmodTC1:1.0'. The one found in IP location 'z:/DAT096/vivado-library-master/ip/Pmods/PmodTC1_v1_0' will take precedence over the same IP in location z:/DAT096/vivado-library-b0946605e3617c901635278b62d0f6a8e3942844/ip/Pmods/PmodTC1_v1_0
WARNING: [IP_Flow 19-1663] Duplicate IP found for 'digilentinc.com:IP:PmodTMP3:1.0'. The one found in IP location 'z:/DAT096/vivado-library-master/ip/Pmods/PmodTMP3_v1_0' will take precedence over the same IP in location z:/DAT096/vivado-library-b0946605e3617c901635278b62d0f6a8e3942844/ip/Pmods/PmodTMP3_v1_0
WARNING: [IP_Flow 19-1663] Duplicate IP found for 'digilentinc.com:IP:PmodWIFI:1.0'. The one found in IP location 'z:/DAT096/vivado-library-master/ip/Pmods/PmodWIFI_v1_0' will take precedence over the same IP in location z:/DAT096/vivado-library-b0946605e3617c901635278b62d0f6a8e3942844/ip/Pmods/PmodWIFI_v1_0
WARNING: [IP_Flow 19-1663] Duplicate IP found for 'digilentinc.com:ip:pmod_bridge:1.0'. The one found in IP location 'z:/DAT096/vivado-library-master/ip/Pmods/Pmod_Bridge_v1_0' will take precedence over the same IP in location z:/DAT096/vivado-library-b0946605e3617c901635278b62d0f6a8e3942844/ip/Pmods/Pmod_Bridge_v1_0
WARNING: [IP_Flow 19-1663] Duplicate IP found for 'digilentinc.com:ip:pmod_bridge:1.1'. The one found in IP location 'z:/DAT096/vivado-library-master/ip/Pmods/Pmod_Bridge_v1_1' will take precedence over the same IP in location z:/DAT096/vivado-library-b0946605e3617c901635278b62d0f6a8e3942844/ip/Pmods/Pmod_Bridge_v1_1
WARNING: [IP_Flow 19-1663] Duplicate IP found for 'digilentinc.com:IP:PWM:1.0'. The one found in IP location 'z:/DAT096/vivado-library-master/ip/PWM_1.0' will take precedence over the same IP in location z:/DAT096/vivado-library-b0946605e3617c901635278b62d0f6a8e3942844/ip/PWM_1.0
WARNING: [IP_Flow 19-1663] Duplicate IP found for 'digilentinc.com:IP:PWM:2.0'. The one found in IP location 'z:/DAT096/vivado-library-master/ip/PWM_2.0' will take precedence over the same IP in location z:/DAT096/vivado-library-b0946605e3617c901635278b62d0f6a8e3942844/ip/PWM_2.0
WARNING: [IP_Flow 19-1663] Duplicate IP found for 'digilentinc.com:IP:PWM_Analyzer:1.0'. The one found in IP location 'z:/DAT096/vivado-library-master/ip/PWM_Analyzer_1.0' will take precedence over the same IP in location z:/DAT096/vivado-library-b0946605e3617c901635278b62d0f6a8e3942844/ip/PWM_Analyzer_1.0
WARNING: [IP_Flow 19-1663] Duplicate IP found for 'digilentinc.com:ip:rgb2dvi:1.4'. The one found in IP location 'z:/DAT096/vivado-library-master/ip/rgb2dvi' will take precedence over the same IP in location z:/DAT096/vivado-library-b0946605e3617c901635278b62d0f6a8e3942844/ip/rgb2dvi
WARNING: [IP_Flow 19-4830] Duplicate Interface found for 'digilentinc.com:interface:pmod:1.0'. The one found in location 'z:/DAT096/vivado-library-b0946605e3617c901635278b62d0f6a8e3942844/if/pmod_v1_0/pmod.xml' will take precedence over the same Interface in location 'z:/DAT096/vivado-library-master/if/pmod_v1_0/pmod.xml'
WARNING: [IP_Flow 19-4830] Duplicate Interface found for 'digilentinc.com:interface:tmds:1.0'. The one found in location 'z:/DAT096/vivado-library-b0946605e3617c901635278b62d0f6a8e3942844/if/tmds_v1_0/tmds.xml' will take precedence over the same Interface in location 'z:/DAT096/vivado-library-master/if/tmds_v1_0/tmds.xml'
INFO: [IP_Flow 19-5107] Inferred bus interface 'clk' of definition 'xilinx.com:signal:clock:1.0' (from Xilinx Repository).
WARNING: [IP_Flow 19-5661] Bus Interface 'clk' does not have any bus interfaces associated with it.
WARNING: [IP_Flow 19-11770] Clock interface 'clk' has no FREQ_HZ parameter.
WARNING: [IP_Flow 19-1663] Duplicate IP found for 'digilentinc.com:user:axi_i2s_adi:1.2'. The one found in IP location 'z:/DAT096/vivado-library-b0946605e3617c901635278b62d0f6a8e3942844/ip/axi_i2s_adi_1.2' will take precedence over the same IP in location z:/DAT096/vivado-library-master/ip/axi_i2s_adi_1.2
WARNING: [IP_Flow 19-1663] Duplicate IP found for 'digilentinc.com:IP:axi_ps2:1.0'. The one found in IP location 'z:/DAT096/vivado-library-b0946605e3617c901635278b62d0f6a8e3942844/ip/axi_ps2_1.0' will take precedence over the same IP in location z:/DAT096/vivado-library-master/ip/axi_ps2_1.0
WARNING: [IP_Flow 19-1663] Duplicate IP found for 'digilentinc.com:ip:clock_forwarder:1.1'. The one found in IP location 'z:/DAT096/vivado-library-b0946605e3617c901635278b62d0f6a8e3942844/ip/clock_forwarder' will take precedence over the same IP in location z:/DAT096/vivado-library-master/ip/clock_forwarder
WARNING: [IP_Flow 19-1663] Duplicate IP found for 'digilentinc.com:IP:hls_contrast_stretch:1.0'. The one found in IP location 'z:/DAT096/vivado-library-b0946605e3617c901635278b62d0f6a8e3942844/ip/hls_contrast_stretch_1_0' will take precedence over the same IP in location z:/DAT096/vivado-library-master/ip/hls_contrast_stretch_1_0
WARNING: [IP_Flow 19-1663] Duplicate IP found for 'digilentinc.com:IP:hls_gamma_correction:1.0'. The one found in IP location 'z:/DAT096/vivado-library-b0946605e3617c901635278b62d0f6a8e3942844/ip/hls_gamma_correction_1_0' will take precedence over the same IP in location z:/DAT096/vivado-library-master/ip/hls_gamma_correction_1_0
WARNING: [IP_Flow 19-1663] Duplicate IP found for 'digilentinc.com:IP:hls_saturation_enhance:1.0'. The one found in IP location 'z:/DAT096/vivado-library-b0946605e3617c901635278b62d0f6a8e3942844/ip/hls_saturation_enhance_1_0' will take precedence over the same IP in location z:/DAT096/vivado-library-master/ip/hls_saturation_enhance_1_0
WARNING: [IP_Flow 19-1663] Duplicate IP found for 'digilentinc.com:ip:rgb2dpvid:1.0'. The one found in IP location 'z:/DAT096/vivado-library-b0946605e3617c901635278b62d0f6a8e3942844/ip/rgb2dpvid_v1_0' will take precedence over the same IP in location z:/DAT096/vivado-library-master/ip/rgb2dpvid_v1_0
WARNING: [IP_Flow 19-1663] Duplicate IP found for 'digilentinc.com:ip:rgb2vga:1.0'. The one found in IP location 'z:/DAT096/vivado-library-b0946605e3617c901635278b62d0f6a8e3942844/ip/rgb2vga_v1_0' will take precedence over the same IP in location z:/DAT096/vivado-library-master/ip/rgb2vga_v1_0
WARNING: [IP_Flow 19-1663] Duplicate IP found for 'digilentinc.com:ip:Sync:1.0'. The one found in IP location 'z:/DAT096/vivado-library-b0946605e3617c901635278b62d0f6a8e3942844/ip/Sync_v1_0' will take precedence over the same IP in location z:/DAT096/vivado-library-master/ip/Sync_v1_0
WARNING: [IP_Flow 19-1663] Duplicate IP found for 'digilentinc.com:ip:usb2device:1.0'. The one found in IP location 'z:/DAT096/vivado-library-b0946605e3617c901635278b62d0f6a8e3942844/ip/usb2device_v1_0' will take precedence over the same IP in location z:/DAT096/vivado-library-master/ip/usb2device_v1_0
WARNING: [IP_Flow 19-1663] Duplicate IP found for 'digilentinc.com:video:video_scaler:1.0'. The one found in IP location 'z:/DAT096/vivado-library-b0946605e3617c901635278b62d0f6a8e3942844/ip/video_scaler' will take precedence over the same IP in location z:/DAT096/vivado-library-master/ip/video_scaler
WARNING: [IP_Flow 19-1663] Duplicate IP found for 'digilentinc.com:ip:dvi2rgb:2.0'. The one found in IP location 'z:/DAT096/vivado-library-master/ip/dvi2rgb' will take precedence over the same IP in location z:/DAT096/vivado-library-b0946605e3617c901635278b62d0f6a8e3942844/ip/dvi2rgb
WARNING: [IP_Flow 19-1663] Duplicate IP found for 'digilentinc.com:IP:MotorFeedback:1.0'. The one found in IP location 'z:/DAT096/vivado-library-master/ip/MotorFeedback_1.0' will take precedence over the same IP in location z:/DAT096/vivado-library-b0946605e3617c901635278b62d0f6a8e3942844/ip/MotorFeedback_1.0
WARNING: [IP_Flow 19-1663] Duplicate IP found for 'digilentinc.com:IP:PmodACL2:1.0'. The one found in IP location 'z:/DAT096/vivado-library-master/ip/Pmods/PmodACL2_v1_0' will take precedence over the same IP in location z:/DAT096/vivado-library-b0946605e3617c901635278b62d0f6a8e3942844/ip/Pmods/PmodACL2_v1_0
WARNING: [IP_Flow 19-1663] Duplicate IP found for 'digilentinc.com:IP:PmodACL:1.0'. The one found in IP location 'z:/DAT096/vivado-library-master/ip/Pmods/PmodACL_v1_0' will take precedence over the same IP in location z:/DAT096/vivado-library-b0946605e3617c901635278b62d0f6a8e3942844/ip/Pmods/PmodACL_v1_0
WARNING: [IP_Flow 19-1663] Duplicate IP found for 'digilentinc.com:IP:PmodAD1:1.0'. The one found in IP location 'z:/DAT096/vivado-library-master/ip/Pmods/PmodAD1_v1_0' will take precedence over the same IP in location z:/DAT096/vivado-library-b0946605e3617c901635278b62d0f6a8e3942844/ip/Pmods/PmodAD1_v1_0
WARNING: [IP_Flow 19-1663] Duplicate IP found for 'digilentinc.com:IP:PmodAD2:1.0'. The one found in IP location 'z:/DAT096/vivado-library-master/ip/Pmods/PmodAD2_v1_0' will take precedence over the same IP in location z:/DAT096/vivado-library-b0946605e3617c901635278b62d0f6a8e3942844/ip/Pmods/PmodAD2_v1_0
WARNING: [IP_Flow 19-1663] Duplicate IP found for 'digilentinc.com:IP:PmodAD5:1.0'. The one found in IP location 'z:/DAT096/vivado-library-master/ip/Pmods/PmodAD5_v1_0' will take precedence over the same IP in location z:/DAT096/vivado-library-b0946605e3617c901635278b62d0f6a8e3942844/ip/Pmods/PmodAD5_v1_0
WARNING: [IP_Flow 19-1663] Duplicate IP found for 'digilentinc.com:IP:PmodALS:1.0'. The one found in IP location 'z:/DAT096/vivado-library-master/ip/Pmods/PmodALS_v1_0' will take precedence over the same IP in location z:/DAT096/vivado-library-b0946605e3617c901635278b62d0f6a8e3942844/ip/Pmods/PmodALS_v1_0
WARNING: [IP_Flow 19-1663] Duplicate IP found for 'digilentinc.com:IP:PmodAMP2:1.0'. The one found in IP location 'z:/DAT096/vivado-library-master/ip/Pmods/PmodAMP2_v1_0' will take precedence over the same IP in location z:/DAT096/vivado-library-b0946605e3617c901635278b62d0f6a8e3942844/ip/Pmods/PmodAMP2_v1_0
WARNING: [IP_Flow 19-1663] Duplicate IP found for 'digilentinc.com:IP:PmodAQS:1.0'. The one found in IP location 'z:/DAT096/vivado-library-master/ip/Pmods/PmodAQS_v1_0' will take precedence over the same IP in location z:/DAT096/vivado-library-b0946605e3617c901635278b62d0f6a8e3942844/ip/Pmods/PmodAQS_v1_0
WARNING: [IP_Flow 19-1663] Duplicate IP found for 'digilentinc.com:IP:PmodBLE:1.0'. The one found in IP location 'z:/DAT096/vivado-library-master/ip/Pmods/PmodBLE_v1_0' will take precedence over the same IP in location z:/DAT096/vivado-library-b0946605e3617c901635278b62d0f6a8e3942844/ip/Pmods/PmodBLE_v1_0
WARNING: [IP_Flow 19-1663] Duplicate IP found for 'digilentinc.com:IP:PmodBT2:1.0'. The one found in IP location 'z:/DAT096/vivado-library-master/ip/Pmods/PmodBT2_v1_0' will take precedence over the same IP in location z:/DAT096/vivado-library-b0946605e3617c901635278b62d0f6a8e3942844/ip/Pmods/PmodBT2_v1_0
WARNING: [IP_Flow 19-1663] Duplicate IP found for 'digilentinc.com:IP:PmodCAN:1.0'. The one found in IP location 'z:/DAT096/vivado-library-master/ip/Pmods/PmodCAN_v1_0' will take precedence over the same IP in location z:/DAT096/vivado-library-b0946605e3617c901635278b62d0f6a8e3942844/ip/Pmods/PmodCAN_v1_0
WARNING: [IP_Flow 19-1663] Duplicate IP found for 'digilentinc.com:IP:PmodCLS:1.0'. The one found in IP location 'z:/DAT096/vivado-library-master/ip/Pmods/PmodCLS_v1_0' will take precedence over the same IP in location z:/DAT096/vivado-library-b0946605e3617c901635278b62d0f6a8e3942844/ip/Pmods/PmodCLS_v1_0
WARNING: [IP_Flow 19-1663] Duplicate IP found for 'digilentinc.com:IP:PmodCMPS2:1.0'. The one found in IP location 'z:/DAT096/vivado-library-master/ip/Pmods/PmodCMPS2_v1_0' will take precedence over the same IP in location z:/DAT096/vivado-library-b0946605e3617c901635278b62d0f6a8e3942844/ip/Pmods/PmodCMPS2_v1_0
WARNING: [IP_Flow 19-1663] Duplicate IP found for 'digilentinc.com:IP:PmodCOLOR:1.0'. The one found in IP location 'z:/DAT096/vivado-library-master/ip/Pmods/PmodCOLOR_v1_0' will take precedence over the same IP in location z:/DAT096/vivado-library-b0946605e3617c901635278b62d0f6a8e3942844/ip/Pmods/PmodCOLOR_v1_0
WARNING: [IP_Flow 19-1663] Duplicate IP found for 'digilentinc.com:IP:PmodDA1:1.0'. The one found in IP location 'z:/DAT096/vivado-library-master/ip/Pmods/PmodDA1_v1_0' will take precedence over the same IP in location z:/DAT096/vivado-library-b0946605e3617c901635278b62d0f6a8e3942844/ip/Pmods/PmodDA1_v1_0
WARNING: [IP_Flow 19-1663] Duplicate IP found for 'digilentinc.com:IP:PmodDHB1:1.0'. The one found in IP location 'z:/DAT096/vivado-library-master/ip/Pmods/PmodDHB1_v1_0' will take precedence over the same IP in location z:/DAT096/vivado-library-b0946605e3617c901635278b62d0f6a8e3942844/ip/Pmods/PmodDHB1_v1_0
WARNING: [IP_Flow 19-1663] Duplicate IP found for 'digilentinc.com:IP:PmodDPG1:1.0'. The one found in IP location 'z:/DAT096/vivado-library-master/ip/Pmods/PmodDPG1_v1_0' will take precedence over the same IP in location z:/DAT096/vivado-library-b0946605e3617c901635278b62d0f6a8e3942844/ip/Pmods/PmodDPG1_v1_0
WARNING: [IP_Flow 19-1663] Duplicate IP found for 'digilentinc.com:IP:PmodENC:1.0'. The one found in IP location 'z:/DAT096/vivado-library-master/ip/Pmods/PmodENC_v1_0' will take precedence over the same IP in location z:/DAT096/vivado-library-b0946605e3617c901635278b62d0f6a8e3942844/ip/Pmods/PmodENC_v1_0
WARNING: [IP_Flow 19-1663] Duplicate IP found for 'digilentinc.com:user:PmodESP32:1.0'. The one found in IP location 'z:/DAT096/vivado-library-master/ip/Pmods/PmodESP32_v1_0' will take precedence over the same IP in location z:/DAT096/vivado-library-b0946605e3617c901635278b62d0f6a8e3942844/ip/Pmods/PmodESP32_v1_0
WARNING: [IP_Flow 19-1663] Duplicate IP found for 'digilentinc.com:IP:PmodGPIO:1.0'. The one found in IP location 'z:/DAT096/vivado-library-master/ip/Pmods/PmodGPIO_v1_0' will take precedence over the same IP in location z:/DAT096/vivado-library-b0946605e3617c901635278b62d0f6a8e3942844/ip/Pmods/PmodGPIO_v1_0
WARNING: [IP_Flow 19-1663] Duplicate IP found for 'digilentinc.com:IP:PmodGPS:1.1'. The one found in IP location 'z:/DAT096/vivado-library-master/ip/Pmods/PmodGPS_v1_1' will take precedence over the same IP in location z:/DAT096/vivado-library-b0946605e3617c901635278b62d0f6a8e3942844/ip/Pmods/PmodGPS_v1_1
WARNING: [IP_Flow 19-1663] Duplicate IP found for 'digilentinc.com:IP:PmodGYRO:1.0'. The one found in IP location 'z:/DAT096/vivado-library-master/ip/Pmods/PmodGYRO_v1_0' will take precedence over the same IP in location z:/DAT096/vivado-library-b0946605e3617c901635278b62d0f6a8e3942844/ip/Pmods/PmodGYRO_v1_0
WARNING: [IP_Flow 19-1663] Duplicate IP found for 'digilentinc.com:IP:PmodHYGRO:1.0'. The one found in IP location 'z:/DAT096/vivado-library-master/ip/Pmods/PmodHYGRO_v1_0' will take precedence over the same IP in location z:/DAT096/vivado-library-b0946605e3617c901635278b62d0f6a8e3942844/ip/Pmods/PmodHYGRO_v1_0
WARNING: [IP_Flow 19-1663] Duplicate IP found for 'digilentinc.com:IP:PmodJSTK2:1.0'. The one found in IP location 'z:/DAT096/vivado-library-master/ip/Pmods/PmodJSTK2_v1_0' will take precedence over the same IP in location z:/DAT096/vivado-library-b0946605e3617c901635278b62d0f6a8e3942844/ip/Pmods/PmodJSTK2_v1_0
WARNING: [IP_Flow 19-1663] Duplicate IP found for 'digilentinc.com:IP:PmodJSTK:1.0'. The one found in IP location 'z:/DAT096/vivado-library-master/ip/Pmods/PmodJSTK_v1_0' will take precedence over the same IP in location z:/DAT096/vivado-library-b0946605e3617c901635278b62d0f6a8e3942844/ip/Pmods/PmodJSTK_v1_0
WARNING: [IP_Flow 19-1663] Duplicate IP found for 'digilentinc.com:IP:PmodKYPD:1.0'. The one found in IP location 'z:/DAT096/vivado-library-master/ip/Pmods/PmodKYPD_v1_0' will take precedence over the same IP in location z:/DAT096/vivado-library-b0946605e3617c901635278b62d0f6a8e3942844/ip/Pmods/PmodKYPD_v1_0
WARNING: [IP_Flow 19-1663] Duplicate IP found for 'digilentinc.com:IP:PmodMAXSONAR:1.0'. The one found in IP location 'z:/DAT096/vivado-library-master/ip/Pmods/PmodMAXSONAR_v1_0' will take precedence over the same IP in location z:/DAT096/vivado-library-b0946605e3617c901635278b62d0f6a8e3942844/ip/Pmods/PmodMAXSONAR_v1_0
WARNING: [IP_Flow 19-1663] Duplicate IP found for 'digilentinc.com:IP:PmodMTDS:1.0'. The one found in IP location 'z:/DAT096/vivado-library-master/ip/Pmods/PmodMTDS_v1_0' will take precedence over the same IP in location z:/DAT096/vivado-library-b0946605e3617c901635278b62d0f6a8e3942844/ip/Pmods/PmodMTDS_v1_0
WARNING: [IP_Flow 19-1663] Duplicate IP found for 'digilentinc.com:IP:PmodNAV:1.0'. The one found in IP location 'z:/DAT096/vivado-library-master/ip/Pmods/PmodNAV_v1_0' will take precedence over the same IP in location z:/DAT096/vivado-library-b0946605e3617c901635278b62d0f6a8e3942844/ip/Pmods/PmodNAV_v1_0
WARNING: [IP_Flow 19-1663] Duplicate IP found for 'digilentinc.com:IP:PmodOLEDrgb:1.0'. The one found in IP location 'z:/DAT096/vivado-library-master/ip/Pmods/pmodOLEDrgb_v1_0' will take precedence over the same IP in location z:/DAT096/vivado-library-b0946605e3617c901635278b62d0f6a8e3942844/ip/Pmods/pmodOLEDrgb_v1_0
WARNING: [IP_Flow 19-1663] Duplicate IP found for 'digilentinc.com:IP:PmodOLED:1.0'. The one found in IP location 'z:/DAT096/vivado-library-master/ip/Pmods/PmodOLED_v1_0' will take precedence over the same IP in location z:/DAT096/vivado-library-b0946605e3617c901635278b62d0f6a8e3942844/ip/Pmods/PmodOLED_v1_0
WARNING: [IP_Flow 19-1663] Duplicate IP found for 'digilentinc.com:IP:PmodPIR:1.0'. The one found in IP location 'z:/DAT096/vivado-library-master/ip/Pmods/PmodPIR_v1_0' will take precedence over the same IP in location z:/DAT096/vivado-library-b0946605e3617c901635278b62d0f6a8e3942844/ip/Pmods/PmodPIR_v1_0
WARNING: [IP_Flow 19-1663] Duplicate IP found for 'digilentinc.com:IP:PmodR2R:1.0'. The one found in IP location 'z:/DAT096/vivado-library-master/ip/Pmods/PmodR2R_v1_0' will take precedence over the same IP in location z:/DAT096/vivado-library-b0946605e3617c901635278b62d0f6a8e3942844/ip/Pmods/PmodR2R_v1_0
WARNING: [IP_Flow 19-1663] Duplicate IP found for 'digilentinc.com:IP:PmodRTCC:1.0'. The one found in IP location 'z:/DAT096/vivado-library-master/ip/Pmods/PmodRTCC_v1_0' will take precedence over the same IP in location z:/DAT096/vivado-library-b0946605e3617c901635278b62d0f6a8e3942844/ip/Pmods/PmodRTCC_v1_0
WARNING: [IP_Flow 19-1663] Duplicate IP found for 'digilentinc.com:IP:PmodSD:1.0'. The one found in IP location 'z:/DAT096/vivado-library-master/ip/Pmods/PmodSD_v1_0' will take precedence over the same IP in location z:/DAT096/vivado-library-b0946605e3617c901635278b62d0f6a8e3942844/ip/Pmods/PmodSD_v1_0
WARNING: [IP_Flow 19-1663] Duplicate IP found for 'digilentinc.com:IP:PmodSF3:1.0'. The one found in IP location 'z:/DAT096/vivado-library-master/ip/Pmods/PmodSF3_v1_0' will take precedence over the same IP in location z:/DAT096/vivado-library-b0946605e3617c901635278b62d0f6a8e3942844/ip/Pmods/PmodSF3_v1_0
WARNING: [IP_Flow 19-1663] Duplicate IP found for 'digilentinc.com:IP:PmodTC1:1.0'. The one found in IP location 'z:/DAT096/vivado-library-master/ip/Pmods/PmodTC1_v1_0' will take precedence over the same IP in location z:/DAT096/vivado-library-b0946605e3617c901635278b62d0f6a8e3942844/ip/Pmods/PmodTC1_v1_0
WARNING: [IP_Flow 19-1663] Duplicate IP found for 'digilentinc.com:IP:PmodTMP3:1.0'. The one found in IP location 'z:/DAT096/vivado-library-master/ip/Pmods/PmodTMP3_v1_0' will take precedence over the same IP in location z:/DAT096/vivado-library-b0946605e3617c901635278b62d0f6a8e3942844/ip/Pmods/PmodTMP3_v1_0
WARNING: [IP_Flow 19-1663] Duplicate IP found for 'digilentinc.com:IP:PmodWIFI:1.0'. The one found in IP location 'z:/DAT096/vivado-library-master/ip/Pmods/PmodWIFI_v1_0' will take precedence over the same IP in location z:/DAT096/vivado-library-b0946605e3617c901635278b62d0f6a8e3942844/ip/Pmods/PmodWIFI_v1_0
WARNING: [IP_Flow 19-1663] Duplicate IP found for 'digilentinc.com:ip:pmod_bridge:1.0'. The one found in IP location 'z:/DAT096/vivado-library-master/ip/Pmods/Pmod_Bridge_v1_0' will take precedence over the same IP in location z:/DAT096/vivado-library-b0946605e3617c901635278b62d0f6a8e3942844/ip/Pmods/Pmod_Bridge_v1_0
WARNING: [IP_Flow 19-1663] Duplicate IP found for 'digilentinc.com:ip:pmod_bridge:1.1'. The one found in IP location 'z:/DAT096/vivado-library-master/ip/Pmods/Pmod_Bridge_v1_1' will take precedence over the same IP in location z:/DAT096/vivado-library-b0946605e3617c901635278b62d0f6a8e3942844/ip/Pmods/Pmod_Bridge_v1_1
WARNING: [IP_Flow 19-1663] Duplicate IP found for 'digilentinc.com:IP:PWM:1.0'. The one found in IP location 'z:/DAT096/vivado-library-master/ip/PWM_1.0' will take precedence over the same IP in location z:/DAT096/vivado-library-b0946605e3617c901635278b62d0f6a8e3942844/ip/PWM_1.0
WARNING: [IP_Flow 19-1663] Duplicate IP found for 'digilentinc.com:IP:PWM:2.0'. The one found in IP location 'z:/DAT096/vivado-library-master/ip/PWM_2.0' will take precedence over the same IP in location z:/DAT096/vivado-library-b0946605e3617c901635278b62d0f6a8e3942844/ip/PWM_2.0
WARNING: [IP_Flow 19-1663] Duplicate IP found for 'digilentinc.com:IP:PWM_Analyzer:1.0'. The one found in IP location 'z:/DAT096/vivado-library-master/ip/PWM_Analyzer_1.0' will take precedence over the same IP in location z:/DAT096/vivado-library-b0946605e3617c901635278b62d0f6a8e3942844/ip/PWM_Analyzer_1.0
WARNING: [IP_Flow 19-1663] Duplicate IP found for 'digilentinc.com:ip:rgb2dvi:1.4'. The one found in IP location 'z:/DAT096/vivado-library-master/ip/rgb2dvi' will take precedence over the same IP in location z:/DAT096/vivado-library-b0946605e3617c901635278b62d0f6a8e3942844/ip/rgb2dvi
WARNING: [IP_Flow 19-4830] Duplicate Interface found for 'digilentinc.com:interface:pmod:1.0'. The one found in location 'z:/DAT096/vivado-library-b0946605e3617c901635278b62d0f6a8e3942844/if/pmod_v1_0/pmod.xml' will take precedence over the same Interface in location 'z:/DAT096/vivado-library-master/if/pmod_v1_0/pmod.xml'
WARNING: [IP_Flow 19-4830] Duplicate Interface found for 'digilentinc.com:interface:tmds:1.0'. The one found in location 'z:/DAT096/vivado-library-b0946605e3617c901635278b62d0f6a8e3942844/if/tmds_v1_0/tmds.xml' will take precedence over the same Interface in location 'z:/DAT096/vivado-library-master/if/tmds_v1_0/tmds.xml'
Upgrading 'C:/Users/mariashi/Documents/DAT096-krish/Embedded-System-Project-DAT096-krishna/Board_2/Board_2/Board_2.srcs/sources_1/bd/design_2/design_2.bd'
INFO: [IP_Flow 19-3420] Updated design_2_voltage_to_current_0_0 to use current project options
Wrote  : <C:\Users\mariashi\Documents\DAT096-krish\Embedded-System-Project-DAT096-krishna\Board_2\Board_2\Board_2.srcs\sources_1\bd\design_2\design_2.bd> 
generate_target all [get_files  C:/Users/mariashi/Documents/DAT096-krish/Embedded-System-Project-DAT096-krishna/Board_2/Board_2/Board_2.srcs/sources_1/bd/design_2/design_2.bd]
WARNING: [BD 41-2670] Found an incomplete address path from address space '/processing_system7_0/Data' to master interface '/processing_system7_0/M_AXI_GP0'. Please either complete or remove this path to resolve.
WARNING: [BD 5-699] No address segments matched 'get_bd_addr_segs -of_objects /processing_system7_0/Data'
INFO: [xilinx.com:ip:clk_wiz:6.0-1] /clk_wiz_0 clk_wiz propagate
Wrote  : <C:\Users\mariashi\Documents\DAT096-krish\Embedded-System-Project-DAT096-krishna\Board_2\Board_2\Board_2.srcs\sources_1\bd\design_2\design_2.bd> 
VHDL Output written to : c:/Users/mariashi/Documents/DAT096-krish/Embedded-System-Project-DAT096-krishna/Board_2/Board_2/Board_2.gen/sources_1/bd/design_2/synth/design_2.vhd
VHDL Output written to : c:/Users/mariashi/Documents/DAT096-krish/Embedded-System-Project-DAT096-krishna/Board_2/Board_2/Board_2.gen/sources_1/bd/design_2/sim/design_2.vhd
VHDL Output written to : c:/Users/mariashi/Documents/DAT096-krish/Embedded-System-Project-DAT096-krishna/Board_2/Board_2/Board_2.gen/sources_1/bd/design_2/hdl/design_2_wrapper.vhd
INFO: [BD 41-1029] Generation completed for the IP Integrator block voltage_to_current_0 .
Exporting to file c:/Users/mariashi/Documents/DAT096-krish/Embedded-System-Project-DAT096-krishna/Board_2/Board_2/Board_2.gen/sources_1/bd/design_2/hw_handoff/design_2.hwh
Generated Hardware Definition File c:/Users/mariashi/Documents/DAT096-krish/Embedded-System-Project-DAT096-krishna/Board_2/Board_2/Board_2.gen/sources_1/bd/design_2/synth/design_2.hwdef
export_ip_user_files -of_objects [get_files C:/Users/mariashi/Documents/DAT096-krish/Embedded-System-Project-DAT096-krishna/Board_2/Board_2/Board_2.srcs/sources_1/bd/design_2/design_2.bd] -no_script -sync -force -quiet
create_ip_run [get_files -of_objects [get_fileset sources_1] C:/Users/mariashi/Documents/DAT096-krish/Embedded-System-Project-DAT096-krishna/Board_2/Board_2/Board_2.srcs/sources_1/bd/design_2/design_2.bd]
launch_runs design_2_voltage_to_current_0_0_synth_1 -jobs 28
[Mon May  4 13:39:07 2026] Launched design_2_voltage_to_current_0_0_synth_1...
Run output will be captured here: C:/Users/mariashi/Documents/DAT096-krish/Embedded-System-Project-DAT096-krishna/Board_2/Board_2/Board_2.runs/design_2_voltage_to_current_0_0_synth_1/runme.log
export_simulation -lib_map_path [list {modelsim=C:/Users/mariashi/Documents/DAT096-krish/Embedded-System-Project-DAT096-krishna/Board_2/Board_2/Board_2.cache/compile_simlib/modelsim} {questa=C:/Users/mariashi/Documents/DAT096-krish/Embedded-System-Project-DAT096-krishna/Board_2/Board_2/Board_2.cache/compile_simlib/questa} {riviera=C:/Users/mariashi/Documents/DAT096-krish/Embedded-System-Project-DAT096-krishna/Board_2/Board_2/Board_2.cache/compile_simlib/riviera} {activehdl=C:/Users/mariashi/Documents/DAT096-krish/Embedded-System-Project-DAT096-krishna/Board_2/Board_2/Board_2.cache/compile_simlib/activehdl}] -of_objects [get_files C:/Users/mariashi/Documents/DAT096-krish/Embedded-System-Project-DAT096-krishna/Board_2/Board_2/Board_2.srcs/sources_1/bd/design_2/design_2.bd] -directory C:/Users/mariashi/Documents/DAT096-krish/Embedded-System-Project-DAT096-krishna/Board_2/Board_2/Board_2.ip_user_files/sim_scripts -ip_user_files_dir C:/Users/mariashi/Documents/DAT096-krish/Embedded-System-Project-DAT096-krishna/Board_2/Board_2/Board_2.ip_user_files -ipstatic_source_dir C:/Users/mariashi/Documents/DAT096-krish/Embedded-System-Project-DAT096-krishna/Board_2/Board_2/Board_2.ip_user_files/ipstatic -use_ip_compiled_libs -force -quiet
WARNING: [filemgmt 56-199] Attempt to get parsing info during refresh. "On-the-fly" syntax checking information may be incorrect. [C:\Users\mariashi\Documents\DAT096-krish\Embedded-System-Project-DAT096-krishna\Board_2\Board_2\Board_2.srcs\sources_1\new\v_to_amp.vhd:]
WARNING: [filemgmt 56-199] Attempt to get parsing info during refresh. "On-the-fly" syntax checking information may be incorrect. [C:\Users\mariashi\Documents\DAT096-krish\Embedded-System-Project-DAT096-krishna\Board_2\Board_2\Board_2.srcs\sources_1\new\adc_bit_decoder.vhd:]
WARNING: [filemgmt 56-199] Attempt to get parsing info during refresh. "On-the-fly" syntax checking information may be incorrect. [C:\Users\mariashi\Documents\DAT096-krish\Embedded-System-Project-DAT096-krishna\Board_2\Board_2\Board_2.srcs\sources_1\new\adc_bit_decoder.vhd:]
WARNING: [filemgmt 56-199] Attempt to get parsing info during refresh. "On-the-fly" syntax checking information may be incorrect. [C:\Users\mariashi\Documents\DAT096-krish\Embedded-System-Project-DAT096-krishna\Board_2\Board_2\Board_2.srcs\sources_1\new\adc_bit_decoder.vhd:]
ERROR: [Common 17-180] Spawn failed: No error
validate_bd_design -force
WARNING: [BD 41-2670] Found an incomplete address path from address space '/processing_system7_0/Data' to master interface '/processing_system7_0/M_AXI_GP0'. Please either complete or remove this path to resolve.
WARNING: [BD 5-699] No address segments matched 'get_bd_addr_segs -of_objects /processing_system7_0/Data'
INFO: [xilinx.com:ip:clk_wiz:6.0-1] /clk_wiz_0 clk_wiz propagate
save_bd_design
Wrote  : <C:\Users\mariashi\Documents\DAT096-krish\Embedded-System-Project-DAT096-krishna\Board_2\Board_2\Board_2.srcs\sources_1\bd\design_2\design_2.bd> 
reset_run synth_1
INFO: [Project 1-1161] Replacing file C:/Users/mariashi/Documents/DAT096-krish/Embedded-System-Project-DAT096-krishna/Board_2/Board_2/Board_2.srcs/utils_1/imports/synth_1/design_2_wrapper.dcp with file C:/Users/mariashi/Documents/DAT096-krish/Embedded-System-Project-DAT096-krishna/Board_2/Board_2/Board_2.runs/synth_1/design_2_wrapper.dcp
WARNING: [Vivado 12-1017] Problems encountered:
1. Failed to delete one or more files in run directory C:/Users/mariashi/Documents/DAT096-krish/Embedded-System-Project-DAT096-krishna/Board_2/Board_2/Board_2.runs/synth_1

WARNING: [filemgmt 56-199] Attempt to get parsing info during refresh. "On-the-fly" syntax checking information may be incorrect. [C:\Users\mariashi\Documents\DAT096-krish\Embedded-System-Project-DAT096-krishna\Board_2\Board_2\Board_2.srcs\sources_1\new\v_to_amp.vhd:]
WARNING: [filemgmt 56-199] Attempt to get parsing info during refresh. "On-the-fly" syntax checking information may be incorrect. [C:\Users\mariashi\Documents\DAT096-krish\Embedded-System-Project-DAT096-krishna\Board_2\Board_2\Board_2.srcs\sources_1\new\adc_bit_decoder.vhd:]
WARNING: [filemgmt 56-199] Attempt to get parsing info during refresh. "On-the-fly" syntax checking information may be incorrect. [C:\Users\mariashi\Documents\DAT096-krish\Embedded-System-Project-DAT096-krishna\Board_2\Board_2\Board_2.srcs\sources_1\new\adc_bit_decoder.vhd:]
WARNING: [filemgmt 56-199] Attempt to get parsing info during refresh. "On-the-fly" syntax checking information may be incorrect. [C:\Users\mariashi\Documents\DAT096-krish\Embedded-System-Project-DAT096-krishna\Board_2\Board_2\Board_2.srcs\sources_1\new\adc_bit_decoder.vhd:]
ERROR: [Common 17-180] Spawn failed: No error
WARNING: [filemgmt 56-199] Attempt to get parsing info during refresh. "On-the-fly" syntax checking information may be incorrect. [C:\Users\mariashi\Documents\DAT096-krish\Embedded-System-Project-DAT096-krishna\Board_2\Board_2\Board_2.srcs\sources_1\new\v_to_amp.vhd:]
WARNING: [filemgmt 56-199] Attempt to get parsing info during refresh. "On-the-fly" syntax checking information may be incorrect. [C:\Users\mariashi\Documents\DAT096-krish\Embedded-System-Project-DAT096-krishna\Board_2\Board_2\Board_2.srcs\sources_1\new\adc_bit_decoder.vhd:]
WARNING: [filemgmt 56-199] Attempt to get parsing info during refresh. "On-the-fly" syntax checking information may be incorrect. [C:\Users\mariashi\Documents\DAT096-krish\Embedded-System-Project-DAT096-krishna\Board_2\Board_2\Board_2.srcs\sources_1\new\adc_bit_decoder.vhd:]
WARNING: [filemgmt 56-199] Attempt to get parsing info during refresh. "On-the-fly" syntax checking information may be incorrect. [C:\Users\mariashi\Documents\DAT096-krish\Embedded-System-Project-DAT096-krishna\Board_2\Board_2\Board_2.srcs\sources_1\new\adc_bit_decoder.vhd:]
ERROR: [Common 17-180] Spawn failed: No error
launch_runs impl_1 -to_step write_bitstream -jobs 28
INFO: [BD 41-1662] The design 'design_2.bd' is already validated. Therefore parameter propagation will not be re-run.
VHDL Output written to : c:/Users/mariashi/Documents/DAT096-krish/Embedded-System-Project-DAT096-krishna/Board_2/Board_2/Board_2.gen/sources_1/bd/design_2/synth/design_2.vhd
VHDL Output written to : c:/Users/mariashi/Documents/DAT096-krish/Embedded-System-Project-DAT096-krishna/Board_2/Board_2/Board_2.gen/sources_1/bd/design_2/sim/design_2.vhd
VHDL Output written to : c:/Users/mariashi/Documents/DAT096-krish/Embedded-System-Project-DAT096-krishna/Board_2/Board_2/Board_2.gen/sources_1/bd/design_2/hdl/design_2_wrapper.vhd
Exporting to file c:/Users/mariashi/Documents/DAT096-krish/Embedded-System-Project-DAT096-krishna/Board_2/Board_2/Board_2.gen/sources_1/bd/design_2/hw_handoff/design_2.hwh
Generated Hardware Definition File c:/Users/mariashi/Documents/DAT096-krish/Embedded-System-Project-DAT096-krishna/Board_2/Board_2/Board_2.gen/sources_1/bd/design_2/synth/design_2.hwdef
WARNING: [filemgmt 56-199] Attempt to get parsing info during refresh. "On-the-fly" syntax checking information may be incorrect. [C:\Users\mariashi\Documents\DAT096-krish\Embedded-System-Project-DAT096-krishna\Board_2\Board_2\Board_2.srcs\sources_1\new\v_to_amp.vhd:]
WARNING: [filemgmt 56-199] Attempt to get parsing info during refresh. "On-the-fly" syntax checking information may be incorrect. [C:\Users\mariashi\Documents\DAT096-krish\Embedded-System-Project-DAT096-krishna\Board_2\Board_2\Board_2.srcs\sources_1\new\adc_bit_decoder.vhd:]
WARNING: [filemgmt 56-199] Attempt to get parsing info during refresh. "On-the-fly" syntax checking information may be incorrect. [C:\Users\mariashi\Documents\DAT096-krish\Embedded-System-Project-DAT096-krishna\Board_2\Board_2\Board_2.srcs\sources_1\new\adc_bit_decoder.vhd:]
WARNING: [filemgmt 56-199] Attempt to get parsing info during refresh. "On-the-fly" syntax checking information may be incorrect. [C:\Users\mariashi\Documents\DAT096-krish\Embedded-System-Project-DAT096-krishna\Board_2\Board_2\Board_2.srcs\sources_1\new\adc_bit_decoder.vhd:]
ERROR: [Common 17-180] Spawn failed: No error
[Mon May  4 13:40:02 2026] Launched synth_1...
Run output will be captured here: C:/Users/mariashi/Documents/DAT096-krish/Embedded-System-Project-DAT096-krishna/Board_2/Board_2/Board_2.runs/synth_1/runme.log
[Mon May  4 13:40:02 2026] Launched impl_1...
Run output will be captured here: C:/Users/mariashi/Documents/DAT096-krish/Embedded-System-Project-DAT096-krishna/Board_2/Board_2/Board_2.runs/impl_1/runme.log
ERROR: [Common 17-39] 'launch_runs' failed due to earlier errors.
report_ip_status -name ip_status 
set_property PROBES.FILE {C:/Users/mariashi/Documents/DAT096-krish/Embedded-System-Project-DAT096-krishna/Board_2/Board_2/Board_2.runs/impl_1/design_2_wrapper.ltx} [get_hw_devices xc7z020_1]
set_property FULL_PROBES.FILE {C:/Users/mariashi/Documents/DAT096-krish/Embedded-System-Project-DAT096-krishna/Board_2/Board_2/Board_2.runs/impl_1/design_2_wrapper.ltx} [get_hw_devices xc7z020_1]
set_property PROGRAM.FILE {C:/Users/mariashi/Documents/DAT096-krish/Embedded-System-Project-DAT096-krishna/Board_2/Board_2/Board_2.runs/impl_1/design_2_wrapper.bit} [get_hw_devices xc7z020_1]
program_hw_devices [get_hw_devices xc7z020_1]
INFO: [Labtools 27-3164] End of startup status: HIGH
refresh_hw_device [lindex [get_hw_devices xc7z020_1] 0]
INFO: [Labtools 27-2302] Device xc7z020 (JTAG device index = 1) is programmed with a design that has 1 ILA core(s).
run_hw_ila [get_hw_ilas -of_objects [get_hw_devices xc7z020_1] -filter {CELL_NAME=~"design_2_i/ila_0"}]
INFO: [Labtools 27-1964] The ILA core 'hw_ila_1' trigger was armed at 2026-May-04 13:42:54
wait_on_hw_ila [get_hw_ilas -of_objects [get_hw_devices xc7z020_1] -filter {CELL_NAME=~"design_2_i/ila_0"}]
display_hw_ila_data [upload_hw_ila_data [get_hw_ilas -of_objects [get_hw_devices xc7z020_1] -filter {CELL_NAME=~"design_2_i/ila_0"}]]
INFO: [Labtools 27-1966] The ILA core 'hw_ila_1' triggered at 2026-May-04 13:42:54
INFO: [Labtools 27-3304] ILA Waveform data saved to file C:/Users/mariashi/Documents/DAT096-krish/Embedded-System-Project-DAT096-krishna/Board_2/Board_2/Board_2.hw/backup/hw_ila_data_1.ila. Use Tcl command 'read_hw_ila_data' or Vivado File->Import->Import ILA Data menu item to import the previously saved data.
exit
INFO: [Common 17-206] Exiting Vivado at Mon May  4 14:06:55 2026...
