#-----------------------------------------------------------
# Vivado v2024.2 (64-bit)
# SW Build 5239630 on Fri Nov 08 22:35:27 MST 2024
# IP Build 5239520 on Sun Nov 10 16:12:51 MST 2024
# SharedData Build 5239561 on Fri Nov 08 14:39:27 MST 2024
# Start of session at: Mon May 18 17:30:29 2026
# Process ID         : 22524
# Current directory  : Z:/DAT096/DAT096-krish/Embedded-System-Project-DAT096-krishna/Board_2/Board_2
# Command line       : vivado.exe -gui_launcher_event rodinguilauncherevent17368 Z:\DAT096\DAT096-krish\Embedded-System-Project-DAT096-krishna\Board_2\Board_2\Board_2.xpr
# Log file           : Z:/DAT096/DAT096-krish/Embedded-System-Project-DAT096-krishna/Board_2/Board_2/vivado.log
# Journal file       : Z:/DAT096/DAT096-krish/Embedded-System-Project-DAT096-krishna/Board_2/Board_2\vivado.jou
# Running On         : FY-6302-06
# Platform           : Windows Server 2016 or Windows 10
# Operating System   : 26200
# Processor Detail   : Intel(R) Core(TM) i7-14700
# CPU Frequency      : 2112 MHz
# CPU Physical cores : 20
# CPU Logical cores  : 28
# Host memory        : 34031 MB
# Swap memory        : 5100 MB
# Total Virtual      : 39131 MB
# Available Virtual  : 24474 MB
#-----------------------------------------------------------
start_gui
open_project Z:/DAT096/DAT096-krish/Embedded-System-Project-DAT096-krishna/Board_2/Board_2/Board_2.xpr
WARNING: [filemgmt 56-3] IP Repository Path: Could not find the directory 'Z:/DAT096/vivado-library-zmod-v2-2019.1-2/vivado-library-zmod-v2-2019.1-2'.
WARNING: [filemgmt 56-3] IP Repository Path: Could not find the directory 'Z:/embedded project/Eclypse-Z7-HW/Eclypse-Z7-HW.ipdefs/repo'.
WARNING: [filemgmt 56-3] IP Repository Path: Could not find the directory 'Z:/DAT096/Project_team5/ip_repo'.
WARNING: [filemgmt 56-3] IP Repository Path: Could not find the directory 'Z:/eda234/vivado-library-master'.
WARNING: [filemgmt 56-3] IP Repository Path: Could not find the directory 'Z:/eda234/vivado-library-master/ip'.
Scanning sources...
Finished scanning sources
INFO: [IP_Flow 19-234] Refreshing IP repositories
WARNING: [IP_Flow 19-2248] Failed to load user IP repository 'z:/DAT096/vivado-library-zmod-v2-2019.1-2/vivado-library-zmod-v2-2019.1-2'; Can't find the specified path.
If this directory should no longer be in your list of user repositories, go to the IP Settings dialog and remove it.
INFO: [IP_Flow 19-1700] Loaded user IP repository 'z:/DAT096/Project_team5/ip_repo_snr'.
WARNING: [IP_Flow 19-2248] Failed to load user IP repository 'z:/embedded project/Eclypse-Z7-HW/Eclypse-Z7-HW.ipdefs/repo'; Can't find the specified path.
If this directory should no longer be in your list of user repositories, go to the IP Settings dialog and remove it.
WARNING: [IP_Flow 19-2248] Failed to load user IP repository 'z:/DAT096/Project_team5/ip_repo'; Can't find the specified path.
If this directory should no longer be in your list of user repositories, go to the IP Settings dialog and remove it.
INFO: [IP_Flow 19-1700] Loaded user IP repository 'z:/DAT096/vivado-boards-master'.
INFO: [IP_Flow 19-1700] Loaded user IP repository 'z:/DAT096/vivado-library-b0946605e3617c901635278b62d0f6a8e3942844'.
INFO: [IP_Flow 19-1700] Loaded user IP repository 'z:/DAT096/vivado-library-master'.
WARNING: [IP_Flow 19-2248] Failed to load user IP repository 'z:/eda234/vivado-library-master'; Can't find the specified path.
If this directory should no longer be in your list of user repositories, go to the IP Settings dialog and remove it.
WARNING: [IP_Flow 19-3685] Ignored loading user repository 'z:/eda234/vivado-library-master/ip'. The path is contained within another repository.
INFO: [IP_Flow 19-2313] Loaded Vivado IP repository 'C:/Progs/Xilinx/Vivado/2024.2/data/ip'.
WARNING: [IP_Flow 19-1663] Duplicate IP found for 'digilentinc.com:user:axi_i2s_adi:1.2'. The one found in IP location 'z:/DAT096/vivado-library-b0946605e3617c901635278b62d0f6a8e3942844/ip/axi_i2s_adi_1.2' will take precedence over the same IP in location z:/DAT096/vivado-library-master/ip/axi_i2s_adi_1.2
WARNING: [IP_Flow 19-1663] Duplicate IP found for 'digilentinc.com:IP:axi_ps2:1.0'. The one found in IP location 'z:/DAT096/vivado-library-b0946605e3617c901635278b62d0f6a8e3942844/ip/axi_ps2_1.0' will take precedence over the same IP in location z:/DAT096/vivado-library-master/ip/axi_ps2_1.0
WARNING: [IP_Flow 19-1663] Duplicate IP found for 'digilentinc.com:ip:clock_forwarder:1.1'. The one found in IP location 'z:/DAT096/vivado-library-b0946605e3617c901635278b62d0f6a8e3942844/ip/clock_forwarder' will take precedence over the same IP in location z:/DAT096/vivado-library-master/ip/clock_forwarder
WARNING: [IP_Flow 19-1663] Duplicate IP found for 'digilentinc.com:IP:hls_contrast_stretch:1.0'. The one found in IP location 'z:/DAT096/vivado-library-b0946605e3617c901635278b62d0f6a8e3942844/ip/hls_contrast_stretch_1_0' will take precedence over the same IP in location z:/DAT096/vivado-library-master/ip/hls_contrast_stretch_1_0
WARNING: [IP_Flow 19-1663] Duplicate IP found for 'digilentinc.com:IP:hls_gamma_correction:1.0'. The one found in IP location 'z:/DAT096/vivado-library-b0946605e3617c901635278b62d0f6a8e3942844/ip/hls_gamma_correction_1_0' will take precedence over the same IP in location z:/DAT096/vivado-library-master/ip/hls_gamma_correction_1_0
WARNING: [IP_Flow 19-1663] Duplicate IP found for 'digilentinc.com:IP:hls_saturation_enhance:1.0'. The one found in IP location 'z:/DAT096/vivado-library-b0946605e3617c901635278b62d0f6a8e3942844/ip/hls_saturation_enhance_1_0' will take precedence over the same IP in location z:/DAT096/vivado-library-master/ip/hls_saturation_enhance_1_0
WARNING: [IP_Flow 19-1663] Duplicate IP found for 'digilentinc.com:ip:rgb2dpvid:1.0'. The one found in IP location 'z:/DAT096/vivado-library-b0946605e3617c901635278b62d0f6a8e3942844/ip/rgb2dpvid_v1_0' will take precedence over the same IP in location z:/DAT096/vivado-library-master/ip/rgb2dpvid_v1_0
WARNING: [IP_Flow 19-1663] Duplicate IP found for 'digilentinc.com:ip:rgb2vga:1.0'. The one found in IP location 'z:/DAT096/vivado-library-b0946605e3617c901635278b62d0f6a8e3942844/ip/rgb2vga_v1_0' will take precedence over the same IP in location z:/DAT096/vivado-library-master/ip/rgb2vga_v1_0
WARNING: [IP_Flow 19-1663] Duplicate IP found for 'digilentinc.com:ip:Sync:1.0'. The one found in IP location 'z:/DAT096/vivado-library-b0946605e3617c901635278b62d0f6a8e3942844/ip/Sync_v1_0' will take precedence over the same IP in location z:/DAT096/vivado-library-master/ip/Sync_v1_0
WARNING: [IP_Flow 19-1663] Duplicate IP found for 'digilentinc.com:ip:usb2device:1.0'. The one found in IP location 'z:/DAT096/vivado-library-b0946605e3617c901635278b62d0f6a8e3942844/ip/usb2device_v1_0' will take precedence over the same IP in location z:/DAT096/vivado-library-master/ip/usb2device_v1_0
WARNING: [IP_Flow 19-1663] Duplicate IP found for 'digilentinc.com:video:video_scaler:1.0'. The one found in IP location 'z:/DAT096/vivado-library-b0946605e3617c901635278b62d0f6a8e3942844/ip/video_scaler' will take precedence over the same IP in location z:/DAT096/vivado-library-master/ip/video_scaler
WARNING: [IP_Flow 19-1663] Duplicate IP found for 'digilentinc.com:ip:dvi2rgb:2.0'. The one found in IP location 'z:/DAT096/vivado-library-master/ip/dvi2rgb' will take precedence over the same IP in location z:/DAT096/vivado-library-b0946605e3617c901635278b62d0f6a8e3942844/ip/dvi2rgb
WARNING: [IP_Flow 19-1663] Duplicate IP found for 'digilentinc.com:IP:MotorFeedback:1.0'. The one found in IP location 'z:/DAT096/vivado-library-master/ip/MotorFeedback_1.0' will take precedence over the same IP in location z:/DAT096/vivado-library-b0946605e3617c901635278b62d0f6a8e3942844/ip/MotorFeedback_1.0
WARNING: [IP_Flow 19-1663] Duplicate IP found for 'digilentinc.com:IP:PmodACL2:1.0'. The one found in IP location 'z:/DAT096/vivado-library-master/ip/Pmods/PmodACL2_v1_0' will take precedence over the same IP in location z:/DAT096/vivado-library-b0946605e3617c901635278b62d0f6a8e3942844/ip/Pmods/PmodACL2_v1_0
WARNING: [IP_Flow 19-1663] Duplicate IP found for 'digilentinc.com:IP:PmodACL:1.0'. The one found in IP location 'z:/DAT096/vivado-library-master/ip/Pmods/PmodACL_v1_0' will take precedence over the same IP in location z:/DAT096/vivado-library-b0946605e3617c901635278b62d0f6a8e3942844/ip/Pmods/PmodACL_v1_0
WARNING: [IP_Flow 19-1663] Duplicate IP found for 'digilentinc.com:IP:PmodAD1:1.0'. The one found in IP location 'z:/DAT096/vivado-library-master/ip/Pmods/PmodAD1_v1_0' will take precedence over the same IP in location z:/DAT096/vivado-library-b0946605e3617c901635278b62d0f6a8e3942844/ip/Pmods/PmodAD1_v1_0
WARNING: [IP_Flow 19-1663] Duplicate IP found for 'digilentinc.com:IP:PmodAD2:1.0'. The one found in IP location 'z:/DAT096/vivado-library-master/ip/Pmods/PmodAD2_v1_0' will take precedence over the same IP in location z:/DAT096/vivado-library-b0946605e3617c901635278b62d0f6a8e3942844/ip/Pmods/PmodAD2_v1_0
WARNING: [IP_Flow 19-1663] Duplicate IP found for 'digilentinc.com:IP:PmodAD5:1.0'. The one found in IP location 'z:/DAT096/vivado-library-master/ip/Pmods/PmodAD5_v1_0' will take precedence over the same IP in location z:/DAT096/vivado-library-b0946605e3617c901635278b62d0f6a8e3942844/ip/Pmods/PmodAD5_v1_0
WARNING: [IP_Flow 19-1663] Duplicate IP found for 'digilentinc.com:IP:PmodALS:1.0'. The one found in IP location 'z:/DAT096/vivado-library-master/ip/Pmods/PmodALS_v1_0' will take precedence over the same IP in location z:/DAT096/vivado-library-b0946605e3617c901635278b62d0f6a8e3942844/ip/Pmods/PmodALS_v1_0
WARNING: [IP_Flow 19-1663] Duplicate IP found for 'digilentinc.com:IP:PmodAMP2:1.0'. The one found in IP location 'z:/DAT096/vivado-library-master/ip/Pmods/PmodAMP2_v1_0' will take precedence over the same IP in location z:/DAT096/vivado-library-b0946605e3617c901635278b62d0f6a8e3942844/ip/Pmods/PmodAMP2_v1_0
WARNING: [IP_Flow 19-1663] Duplicate IP found for 'digilentinc.com:IP:PmodAQS:1.0'. The one found in IP location 'z:/DAT096/vivado-library-master/ip/Pmods/PmodAQS_v1_0' will take precedence over the same IP in location z:/DAT096/vivado-library-b0946605e3617c901635278b62d0f6a8e3942844/ip/Pmods/PmodAQS_v1_0
WARNING: [IP_Flow 19-1663] Duplicate IP found for 'digilentinc.com:IP:PmodBLE:1.0'. The one found in IP location 'z:/DAT096/vivado-library-master/ip/Pmods/PmodBLE_v1_0' will take precedence over the same IP in location z:/DAT096/vivado-library-b0946605e3617c901635278b62d0f6a8e3942844/ip/Pmods/PmodBLE_v1_0
WARNING: [IP_Flow 19-1663] Duplicate IP found for 'digilentinc.com:IP:PmodBT2:1.0'. The one found in IP location 'z:/DAT096/vivado-library-master/ip/Pmods/PmodBT2_v1_0' will take precedence over the same IP in location z:/DAT096/vivado-library-b0946605e3617c901635278b62d0f6a8e3942844/ip/Pmods/PmodBT2_v1_0
WARNING: [IP_Flow 19-1663] Duplicate IP found for 'digilentinc.com:IP:PmodCAN:1.0'. The one found in IP location 'z:/DAT096/vivado-library-master/ip/Pmods/PmodCAN_v1_0' will take precedence over the same IP in location z:/DAT096/vivado-library-b0946605e3617c901635278b62d0f6a8e3942844/ip/Pmods/PmodCAN_v1_0
WARNING: [IP_Flow 19-1663] Duplicate IP found for 'digilentinc.com:IP:PmodCLS:1.0'. The one found in IP location 'z:/DAT096/vivado-library-master/ip/Pmods/PmodCLS_v1_0' will take precedence over the same IP in location z:/DAT096/vivado-library-b0946605e3617c901635278b62d0f6a8e3942844/ip/Pmods/PmodCLS_v1_0
WARNING: [IP_Flow 19-1663] Duplicate IP found for 'digilentinc.com:IP:PmodCMPS2:1.0'. The one found in IP location 'z:/DAT096/vivado-library-master/ip/Pmods/PmodCMPS2_v1_0' will take precedence over the same IP in location z:/DAT096/vivado-library-b0946605e3617c901635278b62d0f6a8e3942844/ip/Pmods/PmodCMPS2_v1_0
WARNING: [IP_Flow 19-1663] Duplicate IP found for 'digilentinc.com:IP:PmodCOLOR:1.0'. The one found in IP location 'z:/DAT096/vivado-library-master/ip/Pmods/PmodCOLOR_v1_0' will take precedence over the same IP in location z:/DAT096/vivado-library-b0946605e3617c901635278b62d0f6a8e3942844/ip/Pmods/PmodCOLOR_v1_0
WARNING: [IP_Flow 19-1663] Duplicate IP found for 'digilentinc.com:IP:PmodDA1:1.0'. The one found in IP location 'z:/DAT096/vivado-library-master/ip/Pmods/PmodDA1_v1_0' will take precedence over the same IP in location z:/DAT096/vivado-library-b0946605e3617c901635278b62d0f6a8e3942844/ip/Pmods/PmodDA1_v1_0
WARNING: [IP_Flow 19-1663] Duplicate IP found for 'digilentinc.com:IP:PmodDHB1:1.0'. The one found in IP location 'z:/DAT096/vivado-library-master/ip/Pmods/PmodDHB1_v1_0' will take precedence over the same IP in location z:/DAT096/vivado-library-b0946605e3617c901635278b62d0f6a8e3942844/ip/Pmods/PmodDHB1_v1_0
WARNING: [IP_Flow 19-1663] Duplicate IP found for 'digilentinc.com:IP:PmodDPG1:1.0'. The one found in IP location 'z:/DAT096/vivado-library-master/ip/Pmods/PmodDPG1_v1_0' will take precedence over the same IP in location z:/DAT096/vivado-library-b0946605e3617c901635278b62d0f6a8e3942844/ip/Pmods/PmodDPG1_v1_0
WARNING: [IP_Flow 19-1663] Duplicate IP found for 'digilentinc.com:IP:PmodENC:1.0'. The one found in IP location 'z:/DAT096/vivado-library-master/ip/Pmods/PmodENC_v1_0' will take precedence over the same IP in location z:/DAT096/vivado-library-b0946605e3617c901635278b62d0f6a8e3942844/ip/Pmods/PmodENC_v1_0
WARNING: [IP_Flow 19-1663] Duplicate IP found for 'digilentinc.com:user:PmodESP32:1.0'. The one found in IP location 'z:/DAT096/vivado-library-master/ip/Pmods/PmodESP32_v1_0' will take precedence over the same IP in location z:/DAT096/vivado-library-b0946605e3617c901635278b62d0f6a8e3942844/ip/Pmods/PmodESP32_v1_0
WARNING: [IP_Flow 19-1663] Duplicate IP found for 'digilentinc.com:IP:PmodGPIO:1.0'. The one found in IP location 'z:/DAT096/vivado-library-master/ip/Pmods/PmodGPIO_v1_0' will take precedence over the same IP in location z:/DAT096/vivado-library-b0946605e3617c901635278b62d0f6a8e3942844/ip/Pmods/PmodGPIO_v1_0
WARNING: [IP_Flow 19-1663] Duplicate IP found for 'digilentinc.com:IP:PmodGPS:1.1'. The one found in IP location 'z:/DAT096/vivado-library-master/ip/Pmods/PmodGPS_v1_1' will take precedence over the same IP in location z:/DAT096/vivado-library-b0946605e3617c901635278b62d0f6a8e3942844/ip/Pmods/PmodGPS_v1_1
WARNING: [IP_Flow 19-1663] Duplicate IP found for 'digilentinc.com:IP:PmodGYRO:1.0'. The one found in IP location 'z:/DAT096/vivado-library-master/ip/Pmods/PmodGYRO_v1_0' will take precedence over the same IP in location z:/DAT096/vivado-library-b0946605e3617c901635278b62d0f6a8e3942844/ip/Pmods/PmodGYRO_v1_0
WARNING: [IP_Flow 19-1663] Duplicate IP found for 'digilentinc.com:IP:PmodHYGRO:1.0'. The one found in IP location 'z:/DAT096/vivado-library-master/ip/Pmods/PmodHYGRO_v1_0' will take precedence over the same IP in location z:/DAT096/vivado-library-b0946605e3617c901635278b62d0f6a8e3942844/ip/Pmods/PmodHYGRO_v1_0
WARNING: [IP_Flow 19-1663] Duplicate IP found for 'digilentinc.com:IP:PmodJSTK2:1.0'. The one found in IP location 'z:/DAT096/vivado-library-master/ip/Pmods/PmodJSTK2_v1_0' will take precedence over the same IP in location z:/DAT096/vivado-library-b0946605e3617c901635278b62d0f6a8e3942844/ip/Pmods/PmodJSTK2_v1_0
WARNING: [IP_Flow 19-1663] Duplicate IP found for 'digilentinc.com:IP:PmodJSTK:1.0'. The one found in IP location 'z:/DAT096/vivado-library-master/ip/Pmods/PmodJSTK_v1_0' will take precedence over the same IP in location z:/DAT096/vivado-library-b0946605e3617c901635278b62d0f6a8e3942844/ip/Pmods/PmodJSTK_v1_0
WARNING: [IP_Flow 19-1663] Duplicate IP found for 'digilentinc.com:IP:PmodKYPD:1.0'. The one found in IP location 'z:/DAT096/vivado-library-master/ip/Pmods/PmodKYPD_v1_0' will take precedence over the same IP in location z:/DAT096/vivado-library-b0946605e3617c901635278b62d0f6a8e3942844/ip/Pmods/PmodKYPD_v1_0
WARNING: [IP_Flow 19-1663] Duplicate IP found for 'digilentinc.com:IP:PmodMAXSONAR:1.0'. The one found in IP location 'z:/DAT096/vivado-library-master/ip/Pmods/PmodMAXSONAR_v1_0' will take precedence over the same IP in location z:/DAT096/vivado-library-b0946605e3617c901635278b62d0f6a8e3942844/ip/Pmods/PmodMAXSONAR_v1_0
WARNING: [IP_Flow 19-1663] Duplicate IP found for 'digilentinc.com:IP:PmodMTDS:1.0'. The one found in IP location 'z:/DAT096/vivado-library-master/ip/Pmods/PmodMTDS_v1_0' will take precedence over the same IP in location z:/DAT096/vivado-library-b0946605e3617c901635278b62d0f6a8e3942844/ip/Pmods/PmodMTDS_v1_0
WARNING: [IP_Flow 19-1663] Duplicate IP found for 'digilentinc.com:IP:PmodNAV:1.0'. The one found in IP location 'z:/DAT096/vivado-library-master/ip/Pmods/PmodNAV_v1_0' will take precedence over the same IP in location z:/DAT096/vivado-library-b0946605e3617c901635278b62d0f6a8e3942844/ip/Pmods/PmodNAV_v1_0
WARNING: [IP_Flow 19-1663] Duplicate IP found for 'digilentinc.com:IP:PmodOLEDrgb:1.0'. The one found in IP location 'z:/DAT096/vivado-library-master/ip/Pmods/pmodOLEDrgb_v1_0' will take precedence over the same IP in location z:/DAT096/vivado-library-b0946605e3617c901635278b62d0f6a8e3942844/ip/Pmods/pmodOLEDrgb_v1_0
WARNING: [IP_Flow 19-1663] Duplicate IP found for 'digilentinc.com:IP:PmodOLED:1.0'. The one found in IP location 'z:/DAT096/vivado-library-master/ip/Pmods/PmodOLED_v1_0' will take precedence over the same IP in location z:/DAT096/vivado-library-b0946605e3617c901635278b62d0f6a8e3942844/ip/Pmods/PmodOLED_v1_0
WARNING: [IP_Flow 19-1663] Duplicate IP found for 'digilentinc.com:IP:PmodPIR:1.0'. The one found in IP location 'z:/DAT096/vivado-library-master/ip/Pmods/PmodPIR_v1_0' will take precedence over the same IP in location z:/DAT096/vivado-library-b0946605e3617c901635278b62d0f6a8e3942844/ip/Pmods/PmodPIR_v1_0
WARNING: [IP_Flow 19-1663] Duplicate IP found for 'digilentinc.com:IP:PmodR2R:1.0'. The one found in IP location 'z:/DAT096/vivado-library-master/ip/Pmods/PmodR2R_v1_0' will take precedence over the same IP in location z:/DAT096/vivado-library-b0946605e3617c901635278b62d0f6a8e3942844/ip/Pmods/PmodR2R_v1_0
WARNING: [IP_Flow 19-1663] Duplicate IP found for 'digilentinc.com:IP:PmodRTCC:1.0'. The one found in IP location 'z:/DAT096/vivado-library-master/ip/Pmods/PmodRTCC_v1_0' will take precedence over the same IP in location z:/DAT096/vivado-library-b0946605e3617c901635278b62d0f6a8e3942844/ip/Pmods/PmodRTCC_v1_0
WARNING: [IP_Flow 19-1663] Duplicate IP found for 'digilentinc.com:IP:PmodSD:1.0'. The one found in IP location 'z:/DAT096/vivado-library-master/ip/Pmods/PmodSD_v1_0' will take precedence over the same IP in location z:/DAT096/vivado-library-b0946605e3617c901635278b62d0f6a8e3942844/ip/Pmods/PmodSD_v1_0
WARNING: [IP_Flow 19-1663] Duplicate IP found for 'digilentinc.com:IP:PmodSF3:1.0'. The one found in IP location 'z:/DAT096/vivado-library-master/ip/Pmods/PmodSF3_v1_0' will take precedence over the same IP in location z:/DAT096/vivado-library-b0946605e3617c901635278b62d0f6a8e3942844/ip/Pmods/PmodSF3_v1_0
WARNING: [IP_Flow 19-1663] Duplicate IP found for 'digilentinc.com:IP:PmodTC1:1.0'. The one found in IP location 'z:/DAT096/vivado-library-master/ip/Pmods/PmodTC1_v1_0' will take precedence over the same IP in location z:/DAT096/vivado-library-b0946605e3617c901635278b62d0f6a8e3942844/ip/Pmods/PmodTC1_v1_0
WARNING: [IP_Flow 19-1663] Duplicate IP found for 'digilentinc.com:IP:PmodTMP3:1.0'. The one found in IP location 'z:/DAT096/vivado-library-master/ip/Pmods/PmodTMP3_v1_0' will take precedence over the same IP in location z:/DAT096/vivado-library-b0946605e3617c901635278b62d0f6a8e3942844/ip/Pmods/PmodTMP3_v1_0
WARNING: [IP_Flow 19-1663] Duplicate IP found for 'digilentinc.com:IP:PmodWIFI:1.0'. The one found in IP location 'z:/DAT096/vivado-library-master/ip/Pmods/PmodWIFI_v1_0' will take precedence over the same IP in location z:/DAT096/vivado-library-b0946605e3617c901635278b62d0f6a8e3942844/ip/Pmods/PmodWIFI_v1_0
WARNING: [IP_Flow 19-1663] Duplicate IP found for 'digilentinc.com:ip:pmod_bridge:1.0'. The one found in IP location 'z:/DAT096/vivado-library-master/ip/Pmods/Pmod_Bridge_v1_0' will take precedence over the same IP in location z:/DAT096/vivado-library-b0946605e3617c901635278b62d0f6a8e3942844/ip/Pmods/Pmod_Bridge_v1_0
WARNING: [IP_Flow 19-1663] Duplicate IP found for 'digilentinc.com:ip:pmod_bridge:1.1'. The one found in IP location 'z:/DAT096/vivado-library-master/ip/Pmods/Pmod_Bridge_v1_1' will take precedence over the same IP in location z:/DAT096/vivado-library-b0946605e3617c901635278b62d0f6a8e3942844/ip/Pmods/Pmod_Bridge_v1_1
WARNING: [IP_Flow 19-1663] Duplicate IP found for 'digilentinc.com:IP:PWM:1.0'. The one found in IP location 'z:/DAT096/vivado-library-master/ip/PWM_1.0' will take precedence over the same IP in location z:/DAT096/vivado-library-b0946605e3617c901635278b62d0f6a8e3942844/ip/PWM_1.0
WARNING: [IP_Flow 19-1663] Duplicate IP found for 'digilentinc.com:IP:PWM:2.0'. The one found in IP location 'z:/DAT096/vivado-library-master/ip/PWM_2.0' will take precedence over the same IP in location z:/DAT096/vivado-library-b0946605e3617c901635278b62d0f6a8e3942844/ip/PWM_2.0
WARNING: [IP_Flow 19-1663] Duplicate IP found for 'digilentinc.com:IP:PWM_Analyzer:1.0'. The one found in IP location 'z:/DAT096/vivado-library-master/ip/PWM_Analyzer_1.0' will take precedence over the same IP in location z:/DAT096/vivado-library-b0946605e3617c901635278b62d0f6a8e3942844/ip/PWM_Analyzer_1.0
WARNING: [IP_Flow 19-1663] Duplicate IP found for 'digilentinc.com:ip:rgb2dvi:1.4'. The one found in IP location 'z:/DAT096/vivado-library-master/ip/rgb2dvi' will take precedence over the same IP in location z:/DAT096/vivado-library-b0946605e3617c901635278b62d0f6a8e3942844/ip/rgb2dvi
WARNING: [IP_Flow 19-4830] Duplicate Interface found for 'digilentinc.com:interface:pmod:1.0'. The one found in location 'z:/DAT096/vivado-library-b0946605e3617c901635278b62d0f6a8e3942844/if/pmod_v1_0/pmod.xml' will take precedence over the same Interface in location 'z:/DAT096/vivado-library-master/if/pmod_v1_0/pmod.xml'
WARNING: [IP_Flow 19-4830] Duplicate Interface found for 'digilentinc.com:interface:tmds:1.0'. The one found in location 'z:/DAT096/vivado-library-b0946605e3617c901635278b62d0f6a8e3942844/if/tmds_v1_0/tmds.xml' will take precedence over the same Interface in location 'z:/DAT096/vivado-library-master/if/tmds_v1_0/tmds.xml'
INFO: [Project 1-5579] Found utility IPs instantiated in one or more block designs which have equivalent inline hdl with improved performance and reduced diskspace. It is recommended to migrate these utility IPs to inline hdl using the command upgrade_project -migrate_to_inline_hdl. The utility IPs may be deprecated in future releases. More information on inline hdl is available in UG994.
open_project: Time (s): cpu = 00:00:08 ; elapsed = 00:00:25 . Memory (MB): peak = 1298.883 ; gain = 171.699
open_bd_design {Z:/DAT096/DAT096-krish/Embedded-System-Project-DAT096-krishna/Board_2/Board_2/Board_2.srcs/sources_1/bd/design_2/design_2.bd}
Reading block design file <Z:/DAT096/DAT096-krish/Embedded-System-Project-DAT096-krishna/Board_2/Board_2/Board_2.srcs/sources_1/bd/design_2/design_2.bd>...
Adding component instance block -- xilinx.com:ip:ila:6.2 - ila_0
INFO: [xilinx.com:ip:ila:6.2-6] /ila_0: AMD recommends using the System ILA IP in IP Integrator. The System ILA IP is functionally equivalent to an ILA and offers additional benefits in debugging interfaces both within IP Integrator and the Hardware Manager. Consult the Programming and Debug User Guide UG908 for further details.
Adding component instance block -- xilinx.com:module_ref:adc_bit_decoder:1.0 - adc_bit_decoder_0
Adding component instance block -- xilinx.com:ip:xlconstant:1.1 - xlconstant_1
Adding component instance block -- xilinx.com:ip:xlslice:1.0 - xlslice_0
Adding component instance block -- xilinx.com:ip:xlconstant:1.1 - xlconstant_3
Adding component instance block -- xilinx.com:ip:processing_system7:5.5 - processing_system7_0
Adding component instance block -- digilent.com:user:ZmodScopeController:1.2 - ZmodScopeController_0
Adding component instance block -- digilent.com:user:ZmodAWGController:1.1 - ZmodAWGController_0
Adding component instance block -- xilinx.com:ip:clk_wiz:6.0 - clk_wiz_0
Adding component instance block -- xilinx.com:module_ref:voltage_to_current:1.0 - voltage_to_current_0
Adding component instance block -- xilinx.com:module_ref:vcsel_top:1.0 - vcsel_top_0
Adding component instance block -- xilinx.com:ip:vio:3.0 - vio_0
Adding component instance block -- xilinx.com:ip:xlconcat:2.1 - xlconcat_0
Adding component instance block -- xilinx.com:ip:xlconstant:1.1 - xlconstant_0
Adding component instance block -- xilinx.com:ip:xlconstant:1.1 - xlconstant_2
Adding component instance block -- chalmers.se:user:top_awgn:1.0 - top_awgn_0
Adding component instance block -- xilinx.com:ip:vio:3.0 - vio_1
Adding component instance block -- xilinx.com:ip:xlconcat:2.1 - xlconcat_1
Adding component instance block -- xilinx.com:ip:xlconstant:1.1 - xlconstant_4
Adding component instance block -- xilinx.com:ip:xlconstant:1.1 - xlconstant_5
Successfully read diagram <design_2> from block design file <Z:/DAT096/DAT096-krish/Embedded-System-Project-DAT096-krishna/Board_2/Board_2/Board_2.srcs/sources_1/bd/design_2/design_2.bd>
open_bd_design: Time (s): cpu = 00:00:02 ; elapsed = 00:00:08 . Memory (MB): peak = 1348.070 ; gain = 2.562
update_compile_order -fileset sources_1
open_hw_manager
connect_hw_server -allow_non_jtag
INFO: [Labtools 27-2285] Connecting to hw_server url TCP:localhost:3121
INFO: [Labtools 27-3415] Connecting to cs_server url TCP:localhost:0
INFO: [Labtools 27-3417] Launching cs_server...
INFO: [Labtools 27-2221] Launch Output:


******** Xilinx cs_server v2024.2.0
  ****** Build date   : Oct 30 2024-19:19:07
    **** Build number : 2024.2.1730312347
      ** Copyright 2017-2022 Xilinx, Inc. All Rights Reserved.
      ** Copyright 2022-2026 Advanced Micro Devices, Inc. All Rights Reserved.



connect_hw_server: Time (s): cpu = 00:00:01 ; elapsed = 00:00:11 . Memory (MB): peak = 1499.367 ; gain = 0.000
open_hw_target
INFO: [Labtoolstcl 44-466] Opening hw_target localhost:3121/xilinx_tcf/Digilent/210393BB58C1A
set_property PROGRAM.FILE {Z:/DAT096/DAT096-krish/Embedded-System-Project-DAT096-krishna/Board_2/Board_2/Board_2.runs/impl_1/design_2_wrapper.bit} [get_hw_devices xc7z020_1]
set_property PROBES.FILE {Z:/DAT096/DAT096-krish/Embedded-System-Project-DAT096-krishna/Board_2/Board_2/Board_2.runs/impl_1/design_2_wrapper.ltx} [get_hw_devices xc7z020_1]
set_property FULL_PROBES.FILE {Z:/DAT096/DAT096-krish/Embedded-System-Project-DAT096-krishna/Board_2/Board_2/Board_2.runs/impl_1/design_2_wrapper.ltx} [get_hw_devices xc7z020_1]
current_hw_device [get_hw_devices xc7z020_1]
refresh_hw_device [lindex [get_hw_devices xc7z020_1] 0]
INFO: [Labtools 27-2302] Device xc7z020 (JTAG device index = 1) is programmed with a design that has 1 ILA core(s).
WARNING: [Labtools 27-3413] Dropping logic core with cellname:'design_2_i/vio_0' at location 'uuid_7742F34885D45253B40A3E0B57F8E211' from probes file, since it cannot be found on the programmed device.
WARNING: [Labtools 27-3413] Dropping logic core with cellname:'design_2_i/vio_1' at location 'uuid_B237539FF7A253DD97DA11DF8055EA71' from probes file, since it cannot be found on the programmed device.
WARNING: [Labtools 27-3222] Mismatch between the design programmed into the device xc7z020 (JTAG device index = 1) and the probes file(s) Z:/DAT096/DAT096-krish/Embedded-System-Project-DAT096-krishna/Board_2/Board_2/Board_2.runs/impl_1/design_2_wrapper.ltx.
 The hw_probe  in the probes file has port index 7. This port does not exist in the ILA core at location (uuid_F2A5A0E152865171A222BF15ACEC5622).
set_property PROBES.FILE {Z:/DAT096/DAT096-krish/Embedded-System-Project-DAT096-krishna/Board_2/Board_2/Board_2.runs/impl_1/design_2_wrapper.ltx} [get_hw_devices xc7z020_1]
set_property FULL_PROBES.FILE {Z:/DAT096/DAT096-krish/Embedded-System-Project-DAT096-krishna/Board_2/Board_2/Board_2.runs/impl_1/design_2_wrapper.ltx} [get_hw_devices xc7z020_1]
set_property PROGRAM.FILE {Z:/DAT096/DAT096-krish/Embedded-System-Project-DAT096-krishna/Board_2/Board_2/Board_2.runs/impl_1/design_2_wrapper.bit} [get_hw_devices xc7z020_1]
program_hw_devices [get_hw_devices xc7z020_1]
INFO: [Labtools 27-3164] End of startup status: HIGH
refresh_hw_device [lindex [get_hw_devices xc7z020_1] 0]
INFO: [Labtools 27-2302] Device xc7z020 (JTAG device index = 1) is programmed with a design that has 1 ILA core(s).
INFO: [Labtools 27-2302] Device xc7z020 (JTAG device index = 1) is programmed with a design that has 2 VIO core(s).
display_hw_ila_data [ get_hw_ila_data hw_ila_data_1 -of_objects [get_hw_ilas -of_objects [get_hw_devices xc7z020_1] -filter {CELL_NAME=~"design_2_i/ila_0"}]]
run_hw_ila [get_hw_ilas -of_objects [get_hw_devices xc7z020_1] -filter {CELL_NAME=~"design_2_i/ila_0"}]
INFO: [Labtools 27-1964] The ILA core 'hw_ila_1' trigger was armed at 2026-May-18 17:32:07
wait_on_hw_ila [get_hw_ilas -of_objects [get_hw_devices xc7z020_1] -filter {CELL_NAME=~"design_2_i/ila_0"}]
display_hw_ila_data [upload_hw_ila_data [get_hw_ilas -of_objects [get_hw_devices xc7z020_1] -filter {CELL_NAME=~"design_2_i/ila_0"}]]
INFO: [Labtools 27-1966] The ILA core 'hw_ila_1' triggered at 2026-May-18 17:32:07
INFO: [Labtools 27-3304] ILA Waveform data saved to file Z:/DAT096/DAT096-krish/Embedded-System-Project-DAT096-krishna/Board_2/Board_2/Board_2.hw/backup/hw_ila_data_1.ila. Use Tcl command 'read_hw_ila_data' or Vivado File->Import->Import ILA Data menu item to import the previously saved data.
open_bd_design {Z:/DAT096/DAT096-krish/Embedded-System-Project-DAT096-krishna/Board_2/Board_2/Board_2.srcs/sources_1/bd/design_2/design_2.bd}
report_ip_status -name ip_status 
update_module_reference [get_ips  design_2_vcsel_top_0_0]
INFO: [IP_Flow 19-5107] Inferred bus interface 'm_axis' of definition 'xilinx.com:interface:axis:1.0' (from Xilinx Repository).
INFO: [IP_Flow 19-5107] Inferred bus interface 'clk' of definition 'xilinx.com:signal:clock:1.0' (from Xilinx Repository).
INFO: [IP_Flow 19-4728] Bus Interface 'clk': Added interface parameter 'ASSOCIATED_BUSIF' with value 'm_axis'.
WARNING: [IP_Flow 19-11770] Clock interface 'clk' has no FREQ_HZ parameter.
WARNING: [IP_Flow 19-1663] Duplicate IP found for 'digilentinc.com:user:axi_i2s_adi:1.2'. The one found in IP location 'z:/DAT096/vivado-library-b0946605e3617c901635278b62d0f6a8e3942844/ip/axi_i2s_adi_1.2' will take precedence over the same IP in location z:/DAT096/vivado-library-master/ip/axi_i2s_adi_1.2
WARNING: [IP_Flow 19-1663] Duplicate IP found for 'digilentinc.com:IP:axi_ps2:1.0'. The one found in IP location 'z:/DAT096/vivado-library-b0946605e3617c901635278b62d0f6a8e3942844/ip/axi_ps2_1.0' will take precedence over the same IP in location z:/DAT096/vivado-library-master/ip/axi_ps2_1.0
WARNING: [IP_Flow 19-1663] Duplicate IP found for 'digilentinc.com:ip:clock_forwarder:1.1'. The one found in IP location 'z:/DAT096/vivado-library-b0946605e3617c901635278b62d0f6a8e3942844/ip/clock_forwarder' will take precedence over the same IP in location z:/DAT096/vivado-library-master/ip/clock_forwarder
WARNING: [IP_Flow 19-1663] Duplicate IP found for 'digilentinc.com:IP:hls_contrast_stretch:1.0'. The one found in IP location 'z:/DAT096/vivado-library-b0946605e3617c901635278b62d0f6a8e3942844/ip/hls_contrast_stretch_1_0' will take precedence over the same IP in location z:/DAT096/vivado-library-master/ip/hls_contrast_stretch_1_0
WARNING: [IP_Flow 19-1663] Duplicate IP found for 'digilentinc.com:IP:hls_gamma_correction:1.0'. The one found in IP location 'z:/DAT096/vivado-library-b0946605e3617c901635278b62d0f6a8e3942844/ip/hls_gamma_correction_1_0' will take precedence over the same IP in location z:/DAT096/vivado-library-master/ip/hls_gamma_correction_1_0
WARNING: [IP_Flow 19-1663] Duplicate IP found for 'digilentinc.com:IP:hls_saturation_enhance:1.0'. The one found in IP location 'z:/DAT096/vivado-library-b0946605e3617c901635278b62d0f6a8e3942844/ip/hls_saturation_enhance_1_0' will take precedence over the same IP in location z:/DAT096/vivado-library-master/ip/hls_saturation_enhance_1_0
WARNING: [IP_Flow 19-1663] Duplicate IP found for 'digilentinc.com:ip:rgb2dpvid:1.0'. The one found in IP location 'z:/DAT096/vivado-library-b0946605e3617c901635278b62d0f6a8e3942844/ip/rgb2dpvid_v1_0' will take precedence over the same IP in location z:/DAT096/vivado-library-master/ip/rgb2dpvid_v1_0
WARNING: [IP_Flow 19-1663] Duplicate IP found for 'digilentinc.com:ip:rgb2vga:1.0'. The one found in IP location 'z:/DAT096/vivado-library-b0946605e3617c901635278b62d0f6a8e3942844/ip/rgb2vga_v1_0' will take precedence over the same IP in location z:/DAT096/vivado-library-master/ip/rgb2vga_v1_0
WARNING: [IP_Flow 19-1663] Duplicate IP found for 'digilentinc.com:ip:Sync:1.0'. The one found in IP location 'z:/DAT096/vivado-library-b0946605e3617c901635278b62d0f6a8e3942844/ip/Sync_v1_0' will take precedence over the same IP in location z:/DAT096/vivado-library-master/ip/Sync_v1_0
WARNING: [IP_Flow 19-1663] Duplicate IP found for 'digilentinc.com:ip:usb2device:1.0'. The one found in IP location 'z:/DAT096/vivado-library-b0946605e3617c901635278b62d0f6a8e3942844/ip/usb2device_v1_0' will take precedence over the same IP in location z:/DAT096/vivado-library-master/ip/usb2device_v1_0
WARNING: [IP_Flow 19-1663] Duplicate IP found for 'digilentinc.com:video:video_scaler:1.0'. The one found in IP location 'z:/DAT096/vivado-library-b0946605e3617c901635278b62d0f6a8e3942844/ip/video_scaler' will take precedence over the same IP in location z:/DAT096/vivado-library-master/ip/video_scaler
WARNING: [IP_Flow 19-1663] Duplicate IP found for 'digilentinc.com:ip:dvi2rgb:2.0'. The one found in IP location 'z:/DAT096/vivado-library-master/ip/dvi2rgb' will take precedence over the same IP in location z:/DAT096/vivado-library-b0946605e3617c901635278b62d0f6a8e3942844/ip/dvi2rgb
WARNING: [IP_Flow 19-1663] Duplicate IP found for 'digilentinc.com:IP:MotorFeedback:1.0'. The one found in IP location 'z:/DAT096/vivado-library-master/ip/MotorFeedback_1.0' will take precedence over the same IP in location z:/DAT096/vivado-library-b0946605e3617c901635278b62d0f6a8e3942844/ip/MotorFeedback_1.0
WARNING: [IP_Flow 19-1663] Duplicate IP found for 'digilentinc.com:IP:PmodACL2:1.0'. The one found in IP location 'z:/DAT096/vivado-library-master/ip/Pmods/PmodACL2_v1_0' will take precedence over the same IP in location z:/DAT096/vivado-library-b0946605e3617c901635278b62d0f6a8e3942844/ip/Pmods/PmodACL2_v1_0
WARNING: [IP_Flow 19-1663] Duplicate IP found for 'digilentinc.com:IP:PmodACL:1.0'. The one found in IP location 'z:/DAT096/vivado-library-master/ip/Pmods/PmodACL_v1_0' will take precedence over the same IP in location z:/DAT096/vivado-library-b0946605e3617c901635278b62d0f6a8e3942844/ip/Pmods/PmodACL_v1_0
WARNING: [IP_Flow 19-1663] Duplicate IP found for 'digilentinc.com:IP:PmodAD1:1.0'. The one found in IP location 'z:/DAT096/vivado-library-master/ip/Pmods/PmodAD1_v1_0' will take precedence over the same IP in location z:/DAT096/vivado-library-b0946605e3617c901635278b62d0f6a8e3942844/ip/Pmods/PmodAD1_v1_0
WARNING: [IP_Flow 19-1663] Duplicate IP found for 'digilentinc.com:IP:PmodAD2:1.0'. The one found in IP location 'z:/DAT096/vivado-library-master/ip/Pmods/PmodAD2_v1_0' will take precedence over the same IP in location z:/DAT096/vivado-library-b0946605e3617c901635278b62d0f6a8e3942844/ip/Pmods/PmodAD2_v1_0
WARNING: [IP_Flow 19-1663] Duplicate IP found for 'digilentinc.com:IP:PmodAD5:1.0'. The one found in IP location 'z:/DAT096/vivado-library-master/ip/Pmods/PmodAD5_v1_0' will take precedence over the same IP in location z:/DAT096/vivado-library-b0946605e3617c901635278b62d0f6a8e3942844/ip/Pmods/PmodAD5_v1_0
WARNING: [IP_Flow 19-1663] Duplicate IP found for 'digilentinc.com:IP:PmodALS:1.0'. The one found in IP location 'z:/DAT096/vivado-library-master/ip/Pmods/PmodALS_v1_0' will take precedence over the same IP in location z:/DAT096/vivado-library-b0946605e3617c901635278b62d0f6a8e3942844/ip/Pmods/PmodALS_v1_0
WARNING: [IP_Flow 19-1663] Duplicate IP found for 'digilentinc.com:IP:PmodAMP2:1.0'. The one found in IP location 'z:/DAT096/vivado-library-master/ip/Pmods/PmodAMP2_v1_0' will take precedence over the same IP in location z:/DAT096/vivado-library-b0946605e3617c901635278b62d0f6a8e3942844/ip/Pmods/PmodAMP2_v1_0
WARNING: [IP_Flow 19-1663] Duplicate IP found for 'digilentinc.com:IP:PmodAQS:1.0'. The one found in IP location 'z:/DAT096/vivado-library-master/ip/Pmods/PmodAQS_v1_0' will take precedence over the same IP in location z:/DAT096/vivado-library-b0946605e3617c901635278b62d0f6a8e3942844/ip/Pmods/PmodAQS_v1_0
WARNING: [IP_Flow 19-1663] Duplicate IP found for 'digilentinc.com:IP:PmodBLE:1.0'. The one found in IP location 'z:/DAT096/vivado-library-master/ip/Pmods/PmodBLE_v1_0' will take precedence over the same IP in location z:/DAT096/vivado-library-b0946605e3617c901635278b62d0f6a8e3942844/ip/Pmods/PmodBLE_v1_0
WARNING: [IP_Flow 19-1663] Duplicate IP found for 'digilentinc.com:IP:PmodBT2:1.0'. The one found in IP location 'z:/DAT096/vivado-library-master/ip/Pmods/PmodBT2_v1_0' will take precedence over the same IP in location z:/DAT096/vivado-library-b0946605e3617c901635278b62d0f6a8e3942844/ip/Pmods/PmodBT2_v1_0
WARNING: [IP_Flow 19-1663] Duplicate IP found for 'digilentinc.com:IP:PmodCAN:1.0'. The one found in IP location 'z:/DAT096/vivado-library-master/ip/Pmods/PmodCAN_v1_0' will take precedence over the same IP in location z:/DAT096/vivado-library-b0946605e3617c901635278b62d0f6a8e3942844/ip/Pmods/PmodCAN_v1_0
WARNING: [IP_Flow 19-1663] Duplicate IP found for 'digilentinc.com:IP:PmodCLS:1.0'. The one found in IP location 'z:/DAT096/vivado-library-master/ip/Pmods/PmodCLS_v1_0' will take precedence over the same IP in location z:/DAT096/vivado-library-b0946605e3617c901635278b62d0f6a8e3942844/ip/Pmods/PmodCLS_v1_0
WARNING: [IP_Flow 19-1663] Duplicate IP found for 'digilentinc.com:IP:PmodCMPS2:1.0'. The one found in IP location 'z:/DAT096/vivado-library-master/ip/Pmods/PmodCMPS2_v1_0' will take precedence over the same IP in location z:/DAT096/vivado-library-b0946605e3617c901635278b62d0f6a8e3942844/ip/Pmods/PmodCMPS2_v1_0
WARNING: [IP_Flow 19-1663] Duplicate IP found for 'digilentinc.com:IP:PmodCOLOR:1.0'. The one found in IP location 'z:/DAT096/vivado-library-master/ip/Pmods/PmodCOLOR_v1_0' will take precedence over the same IP in location z:/DAT096/vivado-library-b0946605e3617c901635278b62d0f6a8e3942844/ip/Pmods/PmodCOLOR_v1_0
WARNING: [IP_Flow 19-1663] Duplicate IP found for 'digilentinc.com:IP:PmodDA1:1.0'. The one found in IP location 'z:/DAT096/vivado-library-master/ip/Pmods/PmodDA1_v1_0' will take precedence over the same IP in location z:/DAT096/vivado-library-b0946605e3617c901635278b62d0f6a8e3942844/ip/Pmods/PmodDA1_v1_0
WARNING: [IP_Flow 19-1663] Duplicate IP found for 'digilentinc.com:IP:PmodDHB1:1.0'. The one found in IP location 'z:/DAT096/vivado-library-master/ip/Pmods/PmodDHB1_v1_0' will take precedence over the same IP in location z:/DAT096/vivado-library-b0946605e3617c901635278b62d0f6a8e3942844/ip/Pmods/PmodDHB1_v1_0
WARNING: [IP_Flow 19-1663] Duplicate IP found for 'digilentinc.com:IP:PmodDPG1:1.0'. The one found in IP location 'z:/DAT096/vivado-library-master/ip/Pmods/PmodDPG1_v1_0' will take precedence over the same IP in location z:/DAT096/vivado-library-b0946605e3617c901635278b62d0f6a8e3942844/ip/Pmods/PmodDPG1_v1_0
WARNING: [IP_Flow 19-1663] Duplicate IP found for 'digilentinc.com:IP:PmodENC:1.0'. The one found in IP location 'z:/DAT096/vivado-library-master/ip/Pmods/PmodENC_v1_0' will take precedence over the same IP in location z:/DAT096/vivado-library-b0946605e3617c901635278b62d0f6a8e3942844/ip/Pmods/PmodENC_v1_0
WARNING: [IP_Flow 19-1663] Duplicate IP found for 'digilentinc.com:user:PmodESP32:1.0'. The one found in IP location 'z:/DAT096/vivado-library-master/ip/Pmods/PmodESP32_v1_0' will take precedence over the same IP in location z:/DAT096/vivado-library-b0946605e3617c901635278b62d0f6a8e3942844/ip/Pmods/PmodESP32_v1_0
WARNING: [IP_Flow 19-1663] Duplicate IP found for 'digilentinc.com:IP:PmodGPIO:1.0'. The one found in IP location 'z:/DAT096/vivado-library-master/ip/Pmods/PmodGPIO_v1_0' will take precedence over the same IP in location z:/DAT096/vivado-library-b0946605e3617c901635278b62d0f6a8e3942844/ip/Pmods/PmodGPIO_v1_0
WARNING: [IP_Flow 19-1663] Duplicate IP found for 'digilentinc.com:IP:PmodGPS:1.1'. The one found in IP location 'z:/DAT096/vivado-library-master/ip/Pmods/PmodGPS_v1_1' will take precedence over the same IP in location z:/DAT096/vivado-library-b0946605e3617c901635278b62d0f6a8e3942844/ip/Pmods/PmodGPS_v1_1
WARNING: [IP_Flow 19-1663] Duplicate IP found for 'digilentinc.com:IP:PmodGYRO:1.0'. The one found in IP location 'z:/DAT096/vivado-library-master/ip/Pmods/PmodGYRO_v1_0' will take precedence over the same IP in location z:/DAT096/vivado-library-b0946605e3617c901635278b62d0f6a8e3942844/ip/Pmods/PmodGYRO_v1_0
WARNING: [IP_Flow 19-1663] Duplicate IP found for 'digilentinc.com:IP:PmodHYGRO:1.0'. The one found in IP location 'z:/DAT096/vivado-library-master/ip/Pmods/PmodHYGRO_v1_0' will take precedence over the same IP in location z:/DAT096/vivado-library-b0946605e3617c901635278b62d0f6a8e3942844/ip/Pmods/PmodHYGRO_v1_0
WARNING: [IP_Flow 19-1663] Duplicate IP found for 'digilentinc.com:IP:PmodJSTK2:1.0'. The one found in IP location 'z:/DAT096/vivado-library-master/ip/Pmods/PmodJSTK2_v1_0' will take precedence over the same IP in location z:/DAT096/vivado-library-b0946605e3617c901635278b62d0f6a8e3942844/ip/Pmods/PmodJSTK2_v1_0
WARNING: [IP_Flow 19-1663] Duplicate IP found for 'digilentinc.com:IP:PmodJSTK:1.0'. The one found in IP location 'z:/DAT096/vivado-library-master/ip/Pmods/PmodJSTK_v1_0' will take precedence over the same IP in location z:/DAT096/vivado-library-b0946605e3617c901635278b62d0f6a8e3942844/ip/Pmods/PmodJSTK_v1_0
WARNING: [IP_Flow 19-1663] Duplicate IP found for 'digilentinc.com:IP:PmodKYPD:1.0'. The one found in IP location 'z:/DAT096/vivado-library-master/ip/Pmods/PmodKYPD_v1_0' will take precedence over the same IP in location z:/DAT096/vivado-library-b0946605e3617c901635278b62d0f6a8e3942844/ip/Pmods/PmodKYPD_v1_0
WARNING: [IP_Flow 19-1663] Duplicate IP found for 'digilentinc.com:IP:PmodMAXSONAR:1.0'. The one found in IP location 'z:/DAT096/vivado-library-master/ip/Pmods/PmodMAXSONAR_v1_0' will take precedence over the same IP in location z:/DAT096/vivado-library-b0946605e3617c901635278b62d0f6a8e3942844/ip/Pmods/PmodMAXSONAR_v1_0
WARNING: [IP_Flow 19-1663] Duplicate IP found for 'digilentinc.com:IP:PmodMTDS:1.0'. The one found in IP location 'z:/DAT096/vivado-library-master/ip/Pmods/PmodMTDS_v1_0' will take precedence over the same IP in location z:/DAT096/vivado-library-b0946605e3617c901635278b62d0f6a8e3942844/ip/Pmods/PmodMTDS_v1_0
WARNING: [IP_Flow 19-1663] Duplicate IP found for 'digilentinc.com:IP:PmodNAV:1.0'. The one found in IP location 'z:/DAT096/vivado-library-master/ip/Pmods/PmodNAV_v1_0' will take precedence over the same IP in location z:/DAT096/vivado-library-b0946605e3617c901635278b62d0f6a8e3942844/ip/Pmods/PmodNAV_v1_0
WARNING: [IP_Flow 19-1663] Duplicate IP found for 'digilentinc.com:IP:PmodOLEDrgb:1.0'. The one found in IP location 'z:/DAT096/vivado-library-master/ip/Pmods/pmodOLEDrgb_v1_0' will take precedence over the same IP in location z:/DAT096/vivado-library-b0946605e3617c901635278b62d0f6a8e3942844/ip/Pmods/pmodOLEDrgb_v1_0
WARNING: [IP_Flow 19-1663] Duplicate IP found for 'digilentinc.com:IP:PmodOLED:1.0'. The one found in IP location 'z:/DAT096/vivado-library-master/ip/Pmods/PmodOLED_v1_0' will take precedence over the same IP in location z:/DAT096/vivado-library-b0946605e3617c901635278b62d0f6a8e3942844/ip/Pmods/PmodOLED_v1_0
WARNING: [IP_Flow 19-1663] Duplicate IP found for 'digilentinc.com:IP:PmodPIR:1.0'. The one found in IP location 'z:/DAT096/vivado-library-master/ip/Pmods/PmodPIR_v1_0' will take precedence over the same IP in location z:/DAT096/vivado-library-b0946605e3617c901635278b62d0f6a8e3942844/ip/Pmods/PmodPIR_v1_0
WARNING: [IP_Flow 19-1663] Duplicate IP found for 'digilentinc.com:IP:PmodR2R:1.0'. The one found in IP location 'z:/DAT096/vivado-library-master/ip/Pmods/PmodR2R_v1_0' will take precedence over the same IP in location z:/DAT096/vivado-library-b0946605e3617c901635278b62d0f6a8e3942844/ip/Pmods/PmodR2R_v1_0
WARNING: [IP_Flow 19-1663] Duplicate IP found for 'digilentinc.com:IP:PmodRTCC:1.0'. The one found in IP location 'z:/DAT096/vivado-library-master/ip/Pmods/PmodRTCC_v1_0' will take precedence over the same IP in location z:/DAT096/vivado-library-b0946605e3617c901635278b62d0f6a8e3942844/ip/Pmods/PmodRTCC_v1_0
WARNING: [IP_Flow 19-1663] Duplicate IP found for 'digilentinc.com:IP:PmodSD:1.0'. The one found in IP location 'z:/DAT096/vivado-library-master/ip/Pmods/PmodSD_v1_0' will take precedence over the same IP in location z:/DAT096/vivado-library-b0946605e3617c901635278b62d0f6a8e3942844/ip/Pmods/PmodSD_v1_0
WARNING: [IP_Flow 19-1663] Duplicate IP found for 'digilentinc.com:IP:PmodSF3:1.0'. The one found in IP location 'z:/DAT096/vivado-library-master/ip/Pmods/PmodSF3_v1_0' will take precedence over the same IP in location z:/DAT096/vivado-library-b0946605e3617c901635278b62d0f6a8e3942844/ip/Pmods/PmodSF3_v1_0
WARNING: [IP_Flow 19-1663] Duplicate IP found for 'digilentinc.com:IP:PmodTC1:1.0'. The one found in IP location 'z:/DAT096/vivado-library-master/ip/Pmods/PmodTC1_v1_0' will take precedence over the same IP in location z:/DAT096/vivado-library-b0946605e3617c901635278b62d0f6a8e3942844/ip/Pmods/PmodTC1_v1_0
WARNING: [IP_Flow 19-1663] Duplicate IP found for 'digilentinc.com:IP:PmodTMP3:1.0'. The one found in IP location 'z:/DAT096/vivado-library-master/ip/Pmods/PmodTMP3_v1_0' will take precedence over the same IP in location z:/DAT096/vivado-library-b0946605e3617c901635278b62d0f6a8e3942844/ip/Pmods/PmodTMP3_v1_0
WARNING: [IP_Flow 19-1663] Duplicate IP found for 'digilentinc.com:IP:PmodWIFI:1.0'. The one found in IP location 'z:/DAT096/vivado-library-master/ip/Pmods/PmodWIFI_v1_0' will take precedence over the same IP in location z:/DAT096/vivado-library-b0946605e3617c901635278b62d0f6a8e3942844/ip/Pmods/PmodWIFI_v1_0
WARNING: [IP_Flow 19-1663] Duplicate IP found for 'digilentinc.com:ip:pmod_bridge:1.0'. The one found in IP location 'z:/DAT096/vivado-library-master/ip/Pmods/Pmod_Bridge_v1_0' will take precedence over the same IP in location z:/DAT096/vivado-library-b0946605e3617c901635278b62d0f6a8e3942844/ip/Pmods/Pmod_Bridge_v1_0
WARNING: [IP_Flow 19-1663] Duplicate IP found for 'digilentinc.com:ip:pmod_bridge:1.1'. The one found in IP location 'z:/DAT096/vivado-library-master/ip/Pmods/Pmod_Bridge_v1_1' will take precedence over the same IP in location z:/DAT096/vivado-library-b0946605e3617c901635278b62d0f6a8e3942844/ip/Pmods/Pmod_Bridge_v1_1
WARNING: [IP_Flow 19-1663] Duplicate IP found for 'digilentinc.com:IP:PWM:1.0'. The one found in IP location 'z:/DAT096/vivado-library-master/ip/PWM_1.0' will take precedence over the same IP in location z:/DAT096/vivado-library-b0946605e3617c901635278b62d0f6a8e3942844/ip/PWM_1.0
WARNING: [IP_Flow 19-1663] Duplicate IP found for 'digilentinc.com:IP:PWM:2.0'. The one found in IP location 'z:/DAT096/vivado-library-master/ip/PWM_2.0' will take precedence over the same IP in location z:/DAT096/vivado-library-b0946605e3617c901635278b62d0f6a8e3942844/ip/PWM_2.0
WARNING: [IP_Flow 19-1663] Duplicate IP found for 'digilentinc.com:IP:PWM_Analyzer:1.0'. The one found in IP location 'z:/DAT096/vivado-library-master/ip/PWM_Analyzer_1.0' will take precedence over the same IP in location z:/DAT096/vivado-library-b0946605e3617c901635278b62d0f6a8e3942844/ip/PWM_Analyzer_1.0
WARNING: [IP_Flow 19-1663] Duplicate IP found for 'digilentinc.com:ip:rgb2dvi:1.4'. The one found in IP location 'z:/DAT096/vivado-library-master/ip/rgb2dvi' will take precedence over the same IP in location z:/DAT096/vivado-library-b0946605e3617c901635278b62d0f6a8e3942844/ip/rgb2dvi
WARNING: [IP_Flow 19-4830] Duplicate Interface found for 'digilentinc.com:interface:pmod:1.0'. The one found in location 'z:/DAT096/vivado-library-b0946605e3617c901635278b62d0f6a8e3942844/if/pmod_v1_0/pmod.xml' will take precedence over the same Interface in location 'z:/DAT096/vivado-library-master/if/pmod_v1_0/pmod.xml'
WARNING: [IP_Flow 19-4830] Duplicate Interface found for 'digilentinc.com:interface:tmds:1.0'. The one found in location 'z:/DAT096/vivado-library-b0946605e3617c901635278b62d0f6a8e3942844/if/tmds_v1_0/tmds.xml' will take precedence over the same Interface in location 'z:/DAT096/vivado-library-master/if/tmds_v1_0/tmds.xml'
INFO: [IP_Flow 19-5107] Inferred bus interface 'm_axis' of definition 'xilinx.com:interface:axis:1.0' (from Xilinx Repository).
INFO: [IP_Flow 19-5107] Inferred bus interface 'clk' of definition 'xilinx.com:signal:clock:1.0' (from Xilinx Repository).
INFO: [IP_Flow 19-4728] Bus Interface 'clk': Added interface parameter 'ASSOCIATED_BUSIF' with value 'm_axis'.
WARNING: [IP_Flow 19-11770] Clock interface 'clk' has no FREQ_HZ parameter.
WARNING: [IP_Flow 19-1663] Duplicate IP found for 'digilentinc.com:user:axi_i2s_adi:1.2'. The one found in IP location 'z:/DAT096/vivado-library-b0946605e3617c901635278b62d0f6a8e3942844/ip/axi_i2s_adi_1.2' will take precedence over the same IP in location z:/DAT096/vivado-library-master/ip/axi_i2s_adi_1.2
WARNING: [IP_Flow 19-1663] Duplicate IP found for 'digilentinc.com:IP:axi_ps2:1.0'. The one found in IP location 'z:/DAT096/vivado-library-b0946605e3617c901635278b62d0f6a8e3942844/ip/axi_ps2_1.0' will take precedence over the same IP in location z:/DAT096/vivado-library-master/ip/axi_ps2_1.0
WARNING: [IP_Flow 19-1663] Duplicate IP found for 'digilentinc.com:ip:clock_forwarder:1.1'. The one found in IP location 'z:/DAT096/vivado-library-b0946605e3617c901635278b62d0f6a8e3942844/ip/clock_forwarder' will take precedence over the same IP in location z:/DAT096/vivado-library-master/ip/clock_forwarder
WARNING: [IP_Flow 19-1663] Duplicate IP found for 'digilentinc.com:IP:hls_contrast_stretch:1.0'. The one found in IP location 'z:/DAT096/vivado-library-b0946605e3617c901635278b62d0f6a8e3942844/ip/hls_contrast_stretch_1_0' will take precedence over the same IP in location z:/DAT096/vivado-library-master/ip/hls_contrast_stretch_1_0
WARNING: [IP_Flow 19-1663] Duplicate IP found for 'digilentinc.com:IP:hls_gamma_correction:1.0'. The one found in IP location 'z:/DAT096/vivado-library-b0946605e3617c901635278b62d0f6a8e3942844/ip/hls_gamma_correction_1_0' will take precedence over the same IP in location z:/DAT096/vivado-library-master/ip/hls_gamma_correction_1_0
WARNING: [IP_Flow 19-1663] Duplicate IP found for 'digilentinc.com:IP:hls_saturation_enhance:1.0'. The one found in IP location 'z:/DAT096/vivado-library-b0946605e3617c901635278b62d0f6a8e3942844/ip/hls_saturation_enhance_1_0' will take precedence over the same IP in location z:/DAT096/vivado-library-master/ip/hls_saturation_enhance_1_0
WARNING: [IP_Flow 19-1663] Duplicate IP found for 'digilentinc.com:ip:rgb2dpvid:1.0'. The one found in IP location 'z:/DAT096/vivado-library-b0946605e3617c901635278b62d0f6a8e3942844/ip/rgb2dpvid_v1_0' will take precedence over the same IP in location z:/DAT096/vivado-library-master/ip/rgb2dpvid_v1_0
WARNING: [IP_Flow 19-1663] Duplicate IP found for 'digilentinc.com:ip:rgb2vga:1.0'. The one found in IP location 'z:/DAT096/vivado-library-b0946605e3617c901635278b62d0f6a8e3942844/ip/rgb2vga_v1_0' will take precedence over the same IP in location z:/DAT096/vivado-library-master/ip/rgb2vga_v1_0
WARNING: [IP_Flow 19-1663] Duplicate IP found for 'digilentinc.com:ip:Sync:1.0'. The one found in IP location 'z:/DAT096/vivado-library-b0946605e3617c901635278b62d0f6a8e3942844/ip/Sync_v1_0' will take precedence over the same IP in location z:/DAT096/vivado-library-master/ip/Sync_v1_0
WARNING: [IP_Flow 19-1663] Duplicate IP found for 'digilentinc.com:ip:usb2device:1.0'. The one found in IP location 'z:/DAT096/vivado-library-b0946605e3617c901635278b62d0f6a8e3942844/ip/usb2device_v1_0' will take precedence over the same IP in location z:/DAT096/vivado-library-master/ip/usb2device_v1_0
WARNING: [IP_Flow 19-1663] Duplicate IP found for 'digilentinc.com:video:video_scaler:1.0'. The one found in IP location 'z:/DAT096/vivado-library-b0946605e3617c901635278b62d0f6a8e3942844/ip/video_scaler' will take precedence over the same IP in location z:/DAT096/vivado-library-master/ip/video_scaler
WARNING: [IP_Flow 19-1663] Duplicate IP found for 'digilentinc.com:ip:dvi2rgb:2.0'. The one found in IP location 'z:/DAT096/vivado-library-master/ip/dvi2rgb' will take precedence over the same IP in location z:/DAT096/vivado-library-b0946605e3617c901635278b62d0f6a8e3942844/ip/dvi2rgb
WARNING: [IP_Flow 19-1663] Duplicate IP found for 'digilentinc.com:IP:MotorFeedback:1.0'. The one found in IP location 'z:/DAT096/vivado-library-master/ip/MotorFeedback_1.0' will take precedence over the same IP in location z:/DAT096/vivado-library-b0946605e3617c901635278b62d0f6a8e3942844/ip/MotorFeedback_1.0
WARNING: [IP_Flow 19-1663] Duplicate IP found for 'digilentinc.com:IP:PmodACL2:1.0'. The one found in IP location 'z:/DAT096/vivado-library-master/ip/Pmods/PmodACL2_v1_0' will take precedence over the same IP in location z:/DAT096/vivado-library-b0946605e3617c901635278b62d0f6a8e3942844/ip/Pmods/PmodACL2_v1_0
WARNING: [IP_Flow 19-1663] Duplicate IP found for 'digilentinc.com:IP:PmodACL:1.0'. The one found in IP location 'z:/DAT096/vivado-library-master/ip/Pmods/PmodACL_v1_0' will take precedence over the same IP in location z:/DAT096/vivado-library-b0946605e3617c901635278b62d0f6a8e3942844/ip/Pmods/PmodACL_v1_0
WARNING: [IP_Flow 19-1663] Duplicate IP found for 'digilentinc.com:IP:PmodAD1:1.0'. The one found in IP location 'z:/DAT096/vivado-library-master/ip/Pmods/PmodAD1_v1_0' will take precedence over the same IP in location z:/DAT096/vivado-library-b0946605e3617c901635278b62d0f6a8e3942844/ip/Pmods/PmodAD1_v1_0
WARNING: [IP_Flow 19-1663] Duplicate IP found for 'digilentinc.com:IP:PmodAD2:1.0'. The one found in IP location 'z:/DAT096/vivado-library-master/ip/Pmods/PmodAD2_v1_0' will take precedence over the same IP in location z:/DAT096/vivado-library-b0946605e3617c901635278b62d0f6a8e3942844/ip/Pmods/PmodAD2_v1_0
WARNING: [IP_Flow 19-1663] Duplicate IP found for 'digilentinc.com:IP:PmodAD5:1.0'. The one found in IP location 'z:/DAT096/vivado-library-master/ip/Pmods/PmodAD5_v1_0' will take precedence over the same IP in location z:/DAT096/vivado-library-b0946605e3617c901635278b62d0f6a8e3942844/ip/Pmods/PmodAD5_v1_0
WARNING: [IP_Flow 19-1663] Duplicate IP found for 'digilentinc.com:IP:PmodALS:1.0'. The one found in IP location 'z:/DAT096/vivado-library-master/ip/Pmods/PmodALS_v1_0' will take precedence over the same IP in location z:/DAT096/vivado-library-b0946605e3617c901635278b62d0f6a8e3942844/ip/Pmods/PmodALS_v1_0
WARNING: [IP_Flow 19-1663] Duplicate IP found for 'digilentinc.com:IP:PmodAMP2:1.0'. The one found in IP location 'z:/DAT096/vivado-library-master/ip/Pmods/PmodAMP2_v1_0' will take precedence over the same IP in location z:/DAT096/vivado-library-b0946605e3617c901635278b62d0f6a8e3942844/ip/Pmods/PmodAMP2_v1_0
WARNING: [IP_Flow 19-1663] Duplicate IP found for 'digilentinc.com:IP:PmodAQS:1.0'. The one found in IP location 'z:/DAT096/vivado-library-master/ip/Pmods/PmodAQS_v1_0' will take precedence over the same IP in location z:/DAT096/vivado-library-b0946605e3617c901635278b62d0f6a8e3942844/ip/Pmods/PmodAQS_v1_0
WARNING: [IP_Flow 19-1663] Duplicate IP found for 'digilentinc.com:IP:PmodBLE:1.0'. The one found in IP location 'z:/DAT096/vivado-library-master/ip/Pmods/PmodBLE_v1_0' will take precedence over the same IP in location z:/DAT096/vivado-library-b0946605e3617c901635278b62d0f6a8e3942844/ip/Pmods/PmodBLE_v1_0
WARNING: [IP_Flow 19-1663] Duplicate IP found for 'digilentinc.com:IP:PmodBT2:1.0'. The one found in IP location 'z:/DAT096/vivado-library-master/ip/Pmods/PmodBT2_v1_0' will take precedence over the same IP in location z:/DAT096/vivado-library-b0946605e3617c901635278b62d0f6a8e3942844/ip/Pmods/PmodBT2_v1_0
WARNING: [IP_Flow 19-1663] Duplicate IP found for 'digilentinc.com:IP:PmodCAN:1.0'. The one found in IP location 'z:/DAT096/vivado-library-master/ip/Pmods/PmodCAN_v1_0' will take precedence over the same IP in location z:/DAT096/vivado-library-b0946605e3617c901635278b62d0f6a8e3942844/ip/Pmods/PmodCAN_v1_0
WARNING: [IP_Flow 19-1663] Duplicate IP found for 'digilentinc.com:IP:PmodCLS:1.0'. The one found in IP location 'z:/DAT096/vivado-library-master/ip/Pmods/PmodCLS_v1_0' will take precedence over the same IP in location z:/DAT096/vivado-library-b0946605e3617c901635278b62d0f6a8e3942844/ip/Pmods/PmodCLS_v1_0
WARNING: [IP_Flow 19-1663] Duplicate IP found for 'digilentinc.com:IP:PmodCMPS2:1.0'. The one found in IP location 'z:/DAT096/vivado-library-master/ip/Pmods/PmodCMPS2_v1_0' will take precedence over the same IP in location z:/DAT096/vivado-library-b0946605e3617c901635278b62d0f6a8e3942844/ip/Pmods/PmodCMPS2_v1_0
WARNING: [IP_Flow 19-1663] Duplicate IP found for 'digilentinc.com:IP:PmodCOLOR:1.0'. The one found in IP location 'z:/DAT096/vivado-library-master/ip/Pmods/PmodCOLOR_v1_0' will take precedence over the same IP in location z:/DAT096/vivado-library-b0946605e3617c901635278b62d0f6a8e3942844/ip/Pmods/PmodCOLOR_v1_0
WARNING: [IP_Flow 19-1663] Duplicate IP found for 'digilentinc.com:IP:PmodDA1:1.0'. The one found in IP location 'z:/DAT096/vivado-library-master/ip/Pmods/PmodDA1_v1_0' will take precedence over the same IP in location z:/DAT096/vivado-library-b0946605e3617c901635278b62d0f6a8e3942844/ip/Pmods/PmodDA1_v1_0
WARNING: [IP_Flow 19-1663] Duplicate IP found for 'digilentinc.com:IP:PmodDHB1:1.0'. The one found in IP location 'z:/DAT096/vivado-library-master/ip/Pmods/PmodDHB1_v1_0' will take precedence over the same IP in location z:/DAT096/vivado-library-b0946605e3617c901635278b62d0f6a8e3942844/ip/Pmods/PmodDHB1_v1_0
WARNING: [IP_Flow 19-1663] Duplicate IP found for 'digilentinc.com:IP:PmodDPG1:1.0'. The one found in IP location 'z:/DAT096/vivado-library-master/ip/Pmods/PmodDPG1_v1_0' will take precedence over the same IP in location z:/DAT096/vivado-library-b0946605e3617c901635278b62d0f6a8e3942844/ip/Pmods/PmodDPG1_v1_0
WARNING: [IP_Flow 19-1663] Duplicate IP found for 'digilentinc.com:IP:PmodENC:1.0'. The one found in IP location 'z:/DAT096/vivado-library-master/ip/Pmods/PmodENC_v1_0' will take precedence over the same IP in location z:/DAT096/vivado-library-b0946605e3617c901635278b62d0f6a8e3942844/ip/Pmods/PmodENC_v1_0
WARNING: [IP_Flow 19-1663] Duplicate IP found for 'digilentinc.com:user:PmodESP32:1.0'. The one found in IP location 'z:/DAT096/vivado-library-master/ip/Pmods/PmodESP32_v1_0' will take precedence over the same IP in location z:/DAT096/vivado-library-b0946605e3617c901635278b62d0f6a8e3942844/ip/Pmods/PmodESP32_v1_0
WARNING: [IP_Flow 19-1663] Duplicate IP found for 'digilentinc.com:IP:PmodGPIO:1.0'. The one found in IP location 'z:/DAT096/vivado-library-master/ip/Pmods/PmodGPIO_v1_0' will take precedence over the same IP in location z:/DAT096/vivado-library-b0946605e3617c901635278b62d0f6a8e3942844/ip/Pmods/PmodGPIO_v1_0
WARNING: [IP_Flow 19-1663] Duplicate IP found for 'digilentinc.com:IP:PmodGPS:1.1'. The one found in IP location 'z:/DAT096/vivado-library-master/ip/Pmods/PmodGPS_v1_1' will take precedence over the same IP in location z:/DAT096/vivado-library-b0946605e3617c901635278b62d0f6a8e3942844/ip/Pmods/PmodGPS_v1_1
WARNING: [IP_Flow 19-1663] Duplicate IP found for 'digilentinc.com:IP:PmodGYRO:1.0'. The one found in IP location 'z:/DAT096/vivado-library-master/ip/Pmods/PmodGYRO_v1_0' will take precedence over the same IP in location z:/DAT096/vivado-library-b0946605e3617c901635278b62d0f6a8e3942844/ip/Pmods/PmodGYRO_v1_0
WARNING: [IP_Flow 19-1663] Duplicate IP found for 'digilentinc.com:IP:PmodHYGRO:1.0'. The one found in IP location 'z:/DAT096/vivado-library-master/ip/Pmods/PmodHYGRO_v1_0' will take precedence over the same IP in location z:/DAT096/vivado-library-b0946605e3617c901635278b62d0f6a8e3942844/ip/Pmods/PmodHYGRO_v1_0
WARNING: [IP_Flow 19-1663] Duplicate IP found for 'digilentinc.com:IP:PmodJSTK2:1.0'. The one found in IP location 'z:/DAT096/vivado-library-master/ip/Pmods/PmodJSTK2_v1_0' will take precedence over the same IP in location z:/DAT096/vivado-library-b0946605e3617c901635278b62d0f6a8e3942844/ip/Pmods/PmodJSTK2_v1_0
WARNING: [IP_Flow 19-1663] Duplicate IP found for 'digilentinc.com:IP:PmodJSTK:1.0'. The one found in IP location 'z:/DAT096/vivado-library-master/ip/Pmods/PmodJSTK_v1_0' will take precedence over the same IP in location z:/DAT096/vivado-library-b0946605e3617c901635278b62d0f6a8e3942844/ip/Pmods/PmodJSTK_v1_0
WARNING: [IP_Flow 19-1663] Duplicate IP found for 'digilentinc.com:IP:PmodKYPD:1.0'. The one found in IP location 'z:/DAT096/vivado-library-master/ip/Pmods/PmodKYPD_v1_0' will take precedence over the same IP in location z:/DAT096/vivado-library-b0946605e3617c901635278b62d0f6a8e3942844/ip/Pmods/PmodKYPD_v1_0
WARNING: [IP_Flow 19-1663] Duplicate IP found for 'digilentinc.com:IP:PmodMAXSONAR:1.0'. The one found in IP location 'z:/DAT096/vivado-library-master/ip/Pmods/PmodMAXSONAR_v1_0' will take precedence over the same IP in location z:/DAT096/vivado-library-b0946605e3617c901635278b62d0f6a8e3942844/ip/Pmods/PmodMAXSONAR_v1_0
WARNING: [IP_Flow 19-1663] Duplicate IP found for 'digilentinc.com:IP:PmodMTDS:1.0'. The one found in IP location 'z:/DAT096/vivado-library-master/ip/Pmods/PmodMTDS_v1_0' will take precedence over the same IP in location z:/DAT096/vivado-library-b0946605e3617c901635278b62d0f6a8e3942844/ip/Pmods/PmodMTDS_v1_0
WARNING: [IP_Flow 19-1663] Duplicate IP found for 'digilentinc.com:IP:PmodNAV:1.0'. The one found in IP location 'z:/DAT096/vivado-library-master/ip/Pmods/PmodNAV_v1_0' will take precedence over the same IP in location z:/DAT096/vivado-library-b0946605e3617c901635278b62d0f6a8e3942844/ip/Pmods/PmodNAV_v1_0
WARNING: [IP_Flow 19-1663] Duplicate IP found for 'digilentinc.com:IP:PmodOLEDrgb:1.0'. The one found in IP location 'z:/DAT096/vivado-library-master/ip/Pmods/pmodOLEDrgb_v1_0' will take precedence over the same IP in location z:/DAT096/vivado-library-b0946605e3617c901635278b62d0f6a8e3942844/ip/Pmods/pmodOLEDrgb_v1_0
WARNING: [IP_Flow 19-1663] Duplicate IP found for 'digilentinc.com:IP:PmodOLED:1.0'. The one found in IP location 'z:/DAT096/vivado-library-master/ip/Pmods/PmodOLED_v1_0' will take precedence over the same IP in location z:/DAT096/vivado-library-b0946605e3617c901635278b62d0f6a8e3942844/ip/Pmods/PmodOLED_v1_0
WARNING: [IP_Flow 19-1663] Duplicate IP found for 'digilentinc.com:IP:PmodPIR:1.0'. The one found in IP location 'z:/DAT096/vivado-library-master/ip/Pmods/PmodPIR_v1_0' will take precedence over the same IP in location z:/DAT096/vivado-library-b0946605e3617c901635278b62d0f6a8e3942844/ip/Pmods/PmodPIR_v1_0
WARNING: [IP_Flow 19-1663] Duplicate IP found for 'digilentinc.com:IP:PmodR2R:1.0'. The one found in IP location 'z:/DAT096/vivado-library-master/ip/Pmods/PmodR2R_v1_0' will take precedence over the same IP in location z:/DAT096/vivado-library-b0946605e3617c901635278b62d0f6a8e3942844/ip/Pmods/PmodR2R_v1_0
WARNING: [IP_Flow 19-1663] Duplicate IP found for 'digilentinc.com:IP:PmodRTCC:1.0'. The one found in IP location 'z:/DAT096/vivado-library-master/ip/Pmods/PmodRTCC_v1_0' will take precedence over the same IP in location z:/DAT096/vivado-library-b0946605e3617c901635278b62d0f6a8e3942844/ip/Pmods/PmodRTCC_v1_0
WARNING: [IP_Flow 19-1663] Duplicate IP found for 'digilentinc.com:IP:PmodSD:1.0'. The one found in IP location 'z:/DAT096/vivado-library-master/ip/Pmods/PmodSD_v1_0' will take precedence over the same IP in location z:/DAT096/vivado-library-b0946605e3617c901635278b62d0f6a8e3942844/ip/Pmods/PmodSD_v1_0
WARNING: [IP_Flow 19-1663] Duplicate IP found for 'digilentinc.com:IP:PmodSF3:1.0'. The one found in IP location 'z:/DAT096/vivado-library-master/ip/Pmods/PmodSF3_v1_0' will take precedence over the same IP in location z:/DAT096/vivado-library-b0946605e3617c901635278b62d0f6a8e3942844/ip/Pmods/PmodSF3_v1_0
WARNING: [IP_Flow 19-1663] Duplicate IP found for 'digilentinc.com:IP:PmodTC1:1.0'. The one found in IP location 'z:/DAT096/vivado-library-master/ip/Pmods/PmodTC1_v1_0' will take precedence over the same IP in location z:/DAT096/vivado-library-b0946605e3617c901635278b62d0f6a8e3942844/ip/Pmods/PmodTC1_v1_0
WARNING: [IP_Flow 19-1663] Duplicate IP found for 'digilentinc.com:IP:PmodTMP3:1.0'. The one found in IP location 'z:/DAT096/vivado-library-master/ip/Pmods/PmodTMP3_v1_0' will take precedence over the same IP in location z:/DAT096/vivado-library-b0946605e3617c901635278b62d0f6a8e3942844/ip/Pmods/PmodTMP3_v1_0
WARNING: [IP_Flow 19-1663] Duplicate IP found for 'digilentinc.com:IP:PmodWIFI:1.0'. The one found in IP location 'z:/DAT096/vivado-library-master/ip/Pmods/PmodWIFI_v1_0' will take precedence over the same IP in location z:/DAT096/vivado-library-b0946605e3617c901635278b62d0f6a8e3942844/ip/Pmods/PmodWIFI_v1_0
WARNING: [IP_Flow 19-1663] Duplicate IP found for 'digilentinc.com:ip:pmod_bridge:1.0'. The one found in IP location 'z:/DAT096/vivado-library-master/ip/Pmods/Pmod_Bridge_v1_0' will take precedence over the same IP in location z:/DAT096/vivado-library-b0946605e3617c901635278b62d0f6a8e3942844/ip/Pmods/Pmod_Bridge_v1_0
WARNING: [IP_Flow 19-1663] Duplicate IP found for 'digilentinc.com:ip:pmod_bridge:1.1'. The one found in IP location 'z:/DAT096/vivado-library-master/ip/Pmods/Pmod_Bridge_v1_1' will take precedence over the same IP in location z:/DAT096/vivado-library-b0946605e3617c901635278b62d0f6a8e3942844/ip/Pmods/Pmod_Bridge_v1_1
WARNING: [IP_Flow 19-1663] Duplicate IP found for 'digilentinc.com:IP:PWM:1.0'. The one found in IP location 'z:/DAT096/vivado-library-master/ip/PWM_1.0' will take precedence over the same IP in location z:/DAT096/vivado-library-b0946605e3617c901635278b62d0f6a8e3942844/ip/PWM_1.0
WARNING: [IP_Flow 19-1663] Duplicate IP found for 'digilentinc.com:IP:PWM:2.0'. The one found in IP location 'z:/DAT096/vivado-library-master/ip/PWM_2.0' will take precedence over the same IP in location z:/DAT096/vivado-library-b0946605e3617c901635278b62d0f6a8e3942844/ip/PWM_2.0
WARNING: [IP_Flow 19-1663] Duplicate IP found for 'digilentinc.com:IP:PWM_Analyzer:1.0'. The one found in IP location 'z:/DAT096/vivado-library-master/ip/PWM_Analyzer_1.0' will take precedence over the same IP in location z:/DAT096/vivado-library-b0946605e3617c901635278b62d0f6a8e3942844/ip/PWM_Analyzer_1.0
WARNING: [IP_Flow 19-1663] Duplicate IP found for 'digilentinc.com:ip:rgb2dvi:1.4'. The one found in IP location 'z:/DAT096/vivado-library-master/ip/rgb2dvi' will take precedence over the same IP in location z:/DAT096/vivado-library-b0946605e3617c901635278b62d0f6a8e3942844/ip/rgb2dvi
WARNING: [IP_Flow 19-4830] Duplicate Interface found for 'digilentinc.com:interface:pmod:1.0'. The one found in location 'z:/DAT096/vivado-library-b0946605e3617c901635278b62d0f6a8e3942844/if/pmod_v1_0/pmod.xml' will take precedence over the same Interface in location 'z:/DAT096/vivado-library-master/if/pmod_v1_0/pmod.xml'
WARNING: [IP_Flow 19-4830] Duplicate Interface found for 'digilentinc.com:interface:tmds:1.0'. The one found in location 'z:/DAT096/vivado-library-b0946605e3617c901635278b62d0f6a8e3942844/if/tmds_v1_0/tmds.xml' will take precedence over the same Interface in location 'z:/DAT096/vivado-library-master/if/tmds_v1_0/tmds.xml'
Upgrading 'Z:/DAT096/DAT096-krish/Embedded-System-Project-DAT096-krishna/Board_2/Board_2/Board_2.srcs/sources_1/bd/design_2/design_2.bd'
WARNING: [Vivado 12-1017] Problems encountered:
1. Failed to delete one or more files in run directory Z:/DAT096/DAT096-krish/Embedded-System-Project-DAT096-krishna/Board_2/Board_2/Board_2.runs/design_2_vcsel_top_0_0_synth_1

INFO: [IP_Flow 19-3420] Updated design_2_vcsel_top_0_0 to use current project options
WARNING: [IP_Flow 19-4706] Upgraded port 'vcsel_tdata' width 32 differs from original width 14
WARNING: [IP_Flow 19-3298] Detected external port differences while upgrading 'design_2_vcsel_top_0_0'. These changes may impact your design.
CRITICAL WARNING: [Coretcl 2-1280] The upgrade of 'design_2_vcsel_top_0_0' has identified issues that may require user intervention. Please verify that the instance is correctly configured, and review any upgrade messages.
Wrote  : <Z:\DAT096\DAT096-krish\Embedded-System-Project-DAT096-krishna\Board_2\Board_2\Board_2.srcs\sources_1\bd\design_2\design_2.bd> 
Wrote  : <Z:/DAT096/DAT096-krish/Embedded-System-Project-DAT096-krishna/Board_2/Board_2/Board_2.srcs/sources_1/bd/design_2/ui/bd_1fdbff51.ui> 
generate_target all [get_files  Z:/DAT096/DAT096-krish/Embedded-System-Project-DAT096-krishna/Board_2/Board_2/Board_2.srcs/sources_1/bd/design_2/design_2.bd]
WARNING: [BD 41-2670] Found an incomplete address path from address space '/processing_system7_0/Data' to master interface '/processing_system7_0/M_AXI_GP0'. Please either complete or remove this path to resolve.
WARNING: [BD 5-699] No address segments matched 'get_bd_addr_segs -of_objects /processing_system7_0/Data'
WARNING: [BD 41-702] Propagation TCL tries to overwrite USER strength parameter C_PROBE5_WIDTH(14) on '/ila_0' with propagated value(32). Command ignored
WARNING: [BD 41-702] Propagation TCL tries to overwrite USER strength parameter In1_width(14) on '/xlconcat_1' with propagated value(32). Command ignored
WARNING: [BD 41-702] Propagation TCL tries to overwrite USER strength parameter C_PROBE5_WIDTH(14) on '/ila_0' with propagated value(32). Command ignored
INFO: [xilinx.com:ip:clk_wiz:6.0-1] /clk_wiz_0 clk_wiz propagate
Wrote  : <Z:\DAT096\DAT096-krish\Embedded-System-Project-DAT096-krishna\Board_2\Board_2\Board_2.srcs\sources_1\bd\design_2\design_2.bd> 
CRITICAL WARNING: [BD 41-2383] Width mismatch when connecting input pin '/ila_0/probe5'(14) to pin '/vcsel_top_0/vcsel_tdata'(32) - Only lower order bits will be connected, and other input bits of this pin will be left unconnected.
CRITICAL WARNING: [BD 41-2383] Width mismatch when connecting input pin '/xlconcat_1/In1'(14) to pin '/vcsel_top_0/vcsel_tdata'(32) - Only lower order bits will be connected, and other input bits of this pin will be left unconnected.
VHDL Output written to : z:/DAT096/DAT096-krish/Embedded-System-Project-DAT096-krishna/Board_2/Board_2/Board_2.gen/sources_1/bd/design_2/synth/design_2.vhd
CRITICAL WARNING: [BD 41-2383] Width mismatch when connecting input pin '/ila_0/probe5'(14) to pin '/vcsel_top_0/vcsel_tdata'(32) - Only lower order bits will be connected, and other input bits of this pin will be left unconnected.
CRITICAL WARNING: [BD 41-2383] Width mismatch when connecting input pin '/xlconcat_1/In1'(14) to pin '/vcsel_top_0/vcsel_tdata'(32) - Only lower order bits will be connected, and other input bits of this pin will be left unconnected.
VHDL Output written to : z:/DAT096/DAT096-krish/Embedded-System-Project-DAT096-krishna/Board_2/Board_2/Board_2.gen/sources_1/bd/design_2/sim/design_2.vhd
VHDL Output written to : z:/DAT096/DAT096-krish/Embedded-System-Project-DAT096-krishna/Board_2/Board_2/Board_2.gen/sources_1/bd/design_2/hdl/design_2_wrapper.vhd
INFO: [BD 41-1029] Generation completed for the IP Integrator block vcsel_top_0 .
Exporting to file z:/DAT096/DAT096-krish/Embedded-System-Project-DAT096-krishna/Board_2/Board_2/Board_2.gen/sources_1/bd/design_2/hw_handoff/design_2.hwh
Generated Hardware Definition File z:/DAT096/DAT096-krish/Embedded-System-Project-DAT096-krishna/Board_2/Board_2/Board_2.gen/sources_1/bd/design_2/synth/design_2.hwdef
export_ip_user_files -of_objects [get_files Z:/DAT096/DAT096-krish/Embedded-System-Project-DAT096-krishna/Board_2/Board_2/Board_2.srcs/sources_1/bd/design_2/design_2.bd] -no_script -sync -force -quiet
create_ip_run [get_files -of_objects [get_fileset sources_1] Z:/DAT096/DAT096-krish/Embedded-System-Project-DAT096-krishna/Board_2/Board_2/Board_2.srcs/sources_1/bd/design_2/design_2.bd]
launch_runs design_2_vcsel_top_0_0_synth_1 -jobs 28
[Mon May 18 17:37:01 2026] Launched design_2_vcsel_top_0_0_synth_1...
Run output will be captured here: Z:/DAT096/DAT096-krish/Embedded-System-Project-DAT096-krishna/Board_2/Board_2/Board_2.runs/design_2_vcsel_top_0_0_synth_1/runme.log
export_simulation -lib_map_path [list {modelsim=Z:/DAT096/DAT096-krish/Embedded-System-Project-DAT096-krishna/Board_2/Board_2/Board_2.cache/compile_simlib/modelsim} {questa=Z:/DAT096/DAT096-krish/Embedded-System-Project-DAT096-krishna/Board_2/Board_2/Board_2.cache/compile_simlib/questa} {riviera=Z:/DAT096/DAT096-krish/Embedded-System-Project-DAT096-krishna/Board_2/Board_2/Board_2.cache/compile_simlib/riviera} {activehdl=Z:/DAT096/DAT096-krish/Embedded-System-Project-DAT096-krishna/Board_2/Board_2/Board_2.cache/compile_simlib/activehdl}] -of_objects [get_files Z:/DAT096/DAT096-krish/Embedded-System-Project-DAT096-krishna/Board_2/Board_2/Board_2.srcs/sources_1/bd/design_2/design_2.bd] -directory Z:/DAT096/DAT096-krish/Embedded-System-Project-DAT096-krishna/Board_2/Board_2/Board_2.ip_user_files/sim_scripts -ip_user_files_dir Z:/DAT096/DAT096-krish/Embedded-System-Project-DAT096-krishna/Board_2/Board_2/Board_2.ip_user_files -ipstatic_source_dir Z:/DAT096/DAT096-krish/Embedded-System-Project-DAT096-krishna/Board_2/Board_2/Board_2.ip_user_files/ipstatic -use_ip_compiled_libs -force -quiet
delete_bd_objs [get_bd_nets vcsel_tdata]
delete_bd_objs [get_bd_nets xlconcat_1_dout]
connect_bd_net [get_bd_pins ZmodAWGController_0/cDataAxisTdata] [get_bd_pins vcsel_top_0/vcsel_tdata]
WARNING: [BD 41-1306] The connection to interface pin </ZmodAWGController_0/cDataAxisTdata> is being overridden by the user with net <vcsel_top_0_vcsel_tdata>. This pin will not be connected as a part of interface connection <InputDataStream>, and might not recreate the connectivity as expected using the writ_bd_tcl command.
report_ip_status -name ip_status 
WARNING: [filemgmt 56-199] Attempt to get parsing info during refresh. "On-the-fly" syntax checking information may be incorrect. [Z:\DAT096\DAT096-krish\Embedded-System-Project-DAT096-krishna\Board_2\Board_2\Board_2.srcs\sources_1\new\vcsel_top.vhd:]
WARNING: [filemgmt 56-199] Attempt to get parsing info during refresh. "On-the-fly" syntax checking information may be incorrect. [Z:\DAT096\DAT096-krish\Embedded-System-Project-DAT096-krishna\Board_2\Board_2\Board_2.srcs\sources_1\new\v_to_amp.vhd:]
WARNING: [filemgmt 56-199] Attempt to get parsing info during refresh. "On-the-fly" syntax checking information may be incorrect. [Z:\DAT096\DAT096-krish\Embedded-System-Project-DAT096-krishna\Board_2\Board_2\Board_2.srcs\sources_1\new\v_to_amp.vhd:]
WARNING: [filemgmt 56-199] Attempt to get parsing info during refresh. "On-the-fly" syntax checking information may be incorrect. [Z:\DAT096\DAT096-krish\Embedded-System-Project-DAT096-krishna\Board_2\Board_2\Board_2.srcs\sources_1\new\v_to_amp.vhd:]
ERROR: [Common 17-180] Spawn failed: No error
report_ip_status -name ip_status 
update_module_reference [get_ips  design_2_vcsel_top_0_0]
INFO: [IP_Flow 19-5107] Inferred bus interface 'm_axis' of definition 'xilinx.com:interface:axis:1.0' (from Xilinx Repository).
INFO: [IP_Flow 19-5107] Inferred bus interface 'clk' of definition 'xilinx.com:signal:clock:1.0' (from Xilinx Repository).
INFO: [IP_Flow 19-4728] Bus Interface 'clk': Added interface parameter 'ASSOCIATED_BUSIF' with value 'm_axis'.
WARNING: [IP_Flow 19-11770] Clock interface 'clk' has no FREQ_HZ parameter.
WARNING: [IP_Flow 19-1663] Duplicate IP found for 'digilentinc.com:user:axi_i2s_adi:1.2'. The one found in IP location 'z:/DAT096/vivado-library-b0946605e3617c901635278b62d0f6a8e3942844/ip/axi_i2s_adi_1.2' will take precedence over the same IP in location z:/DAT096/vivado-library-master/ip/axi_i2s_adi_1.2
WARNING: [IP_Flow 19-1663] Duplicate IP found for 'digilentinc.com:IP:axi_ps2:1.0'. The one found in IP location 'z:/DAT096/vivado-library-b0946605e3617c901635278b62d0f6a8e3942844/ip/axi_ps2_1.0' will take precedence over the same IP in location z:/DAT096/vivado-library-master/ip/axi_ps2_1.0
WARNING: [IP_Flow 19-1663] Duplicate IP found for 'digilentinc.com:ip:clock_forwarder:1.1'. The one found in IP location 'z:/DAT096/vivado-library-b0946605e3617c901635278b62d0f6a8e3942844/ip/clock_forwarder' will take precedence over the same IP in location z:/DAT096/vivado-library-master/ip/clock_forwarder
WARNING: [IP_Flow 19-1663] Duplicate IP found for 'digilentinc.com:IP:hls_contrast_stretch:1.0'. The one found in IP location 'z:/DAT096/vivado-library-b0946605e3617c901635278b62d0f6a8e3942844/ip/hls_contrast_stretch_1_0' will take precedence over the same IP in location z:/DAT096/vivado-library-master/ip/hls_contrast_stretch_1_0
WARNING: [IP_Flow 19-1663] Duplicate IP found for 'digilentinc.com:IP:hls_gamma_correction:1.0'. The one found in IP location 'z:/DAT096/vivado-library-b0946605e3617c901635278b62d0f6a8e3942844/ip/hls_gamma_correction_1_0' will take precedence over the same IP in location z:/DAT096/vivado-library-master/ip/hls_gamma_correction_1_0
WARNING: [IP_Flow 19-1663] Duplicate IP found for 'digilentinc.com:IP:hls_saturation_enhance:1.0'. The one found in IP location 'z:/DAT096/vivado-library-b0946605e3617c901635278b62d0f6a8e3942844/ip/hls_saturation_enhance_1_0' will take precedence over the same IP in location z:/DAT096/vivado-library-master/ip/hls_saturation_enhance_1_0
WARNING: [IP_Flow 19-1663] Duplicate IP found for 'digilentinc.com:ip:rgb2dpvid:1.0'. The one found in IP location 'z:/DAT096/vivado-library-b0946605e3617c901635278b62d0f6a8e3942844/ip/rgb2dpvid_v1_0' will take precedence over the same IP in location z:/DAT096/vivado-library-master/ip/rgb2dpvid_v1_0
WARNING: [IP_Flow 19-1663] Duplicate IP found for 'digilentinc.com:ip:rgb2vga:1.0'. The one found in IP location 'z:/DAT096/vivado-library-b0946605e3617c901635278b62d0f6a8e3942844/ip/rgb2vga_v1_0' will take precedence over the same IP in location z:/DAT096/vivado-library-master/ip/rgb2vga_v1_0
WARNING: [IP_Flow 19-1663] Duplicate IP found for 'digilentinc.com:ip:Sync:1.0'. The one found in IP location 'z:/DAT096/vivado-library-b0946605e3617c901635278b62d0f6a8e3942844/ip/Sync_v1_0' will take precedence over the same IP in location z:/DAT096/vivado-library-master/ip/Sync_v1_0
WARNING: [IP_Flow 19-1663] Duplicate IP found for 'digilentinc.com:ip:usb2device:1.0'. The one found in IP location 'z:/DAT096/vivado-library-b0946605e3617c901635278b62d0f6a8e3942844/ip/usb2device_v1_0' will take precedence over the same IP in location z:/DAT096/vivado-library-master/ip/usb2device_v1_0
WARNING: [IP_Flow 19-1663] Duplicate IP found for 'digilentinc.com:video:video_scaler:1.0'. The one found in IP location 'z:/DAT096/vivado-library-b0946605e3617c901635278b62d0f6a8e3942844/ip/video_scaler' will take precedence over the same IP in location z:/DAT096/vivado-library-master/ip/video_scaler
WARNING: [IP_Flow 19-1663] Duplicate IP found for 'digilentinc.com:ip:dvi2rgb:2.0'. The one found in IP location 'z:/DAT096/vivado-library-master/ip/dvi2rgb' will take precedence over the same IP in location z:/DAT096/vivado-library-b0946605e3617c901635278b62d0f6a8e3942844/ip/dvi2rgb
WARNING: [IP_Flow 19-1663] Duplicate IP found for 'digilentinc.com:IP:MotorFeedback:1.0'. The one found in IP location 'z:/DAT096/vivado-library-master/ip/MotorFeedback_1.0' will take precedence over the same IP in location z:/DAT096/vivado-library-b0946605e3617c901635278b62d0f6a8e3942844/ip/MotorFeedback_1.0
WARNING: [IP_Flow 19-1663] Duplicate IP found for 'digilentinc.com:IP:PmodACL2:1.0'. The one found in IP location 'z:/DAT096/vivado-library-master/ip/Pmods/PmodACL2_v1_0' will take precedence over the same IP in location z:/DAT096/vivado-library-b0946605e3617c901635278b62d0f6a8e3942844/ip/Pmods/PmodACL2_v1_0
WARNING: [IP_Flow 19-1663] Duplicate IP found for 'digilentinc.com:IP:PmodACL:1.0'. The one found in IP location 'z:/DAT096/vivado-library-master/ip/Pmods/PmodACL_v1_0' will take precedence over the same IP in location z:/DAT096/vivado-library-b0946605e3617c901635278b62d0f6a8e3942844/ip/Pmods/PmodACL_v1_0
WARNING: [IP_Flow 19-1663] Duplicate IP found for 'digilentinc.com:IP:PmodAD1:1.0'. The one found in IP location 'z:/DAT096/vivado-library-master/ip/Pmods/PmodAD1_v1_0' will take precedence over the same IP in location z:/DAT096/vivado-library-b0946605e3617c901635278b62d0f6a8e3942844/ip/Pmods/PmodAD1_v1_0
WARNING: [IP_Flow 19-1663] Duplicate IP found for 'digilentinc.com:IP:PmodAD2:1.0'. The one found in IP location 'z:/DAT096/vivado-library-master/ip/Pmods/PmodAD2_v1_0' will take precedence over the same IP in location z:/DAT096/vivado-library-b0946605e3617c901635278b62d0f6a8e3942844/ip/Pmods/PmodAD2_v1_0
WARNING: [IP_Flow 19-1663] Duplicate IP found for 'digilentinc.com:IP:PmodAD5:1.0'. The one found in IP location 'z:/DAT096/vivado-library-master/ip/Pmods/PmodAD5_v1_0' will take precedence over the same IP in location z:/DAT096/vivado-library-b0946605e3617c901635278b62d0f6a8e3942844/ip/Pmods/PmodAD5_v1_0
WARNING: [IP_Flow 19-1663] Duplicate IP found for 'digilentinc.com:IP:PmodALS:1.0'. The one found in IP location 'z:/DAT096/vivado-library-master/ip/Pmods/PmodALS_v1_0' will take precedence over the same IP in location z:/DAT096/vivado-library-b0946605e3617c901635278b62d0f6a8e3942844/ip/Pmods/PmodALS_v1_0
WARNING: [IP_Flow 19-1663] Duplicate IP found for 'digilentinc.com:IP:PmodAMP2:1.0'. The one found in IP location 'z:/DAT096/vivado-library-master/ip/Pmods/PmodAMP2_v1_0' will take precedence over the same IP in location z:/DAT096/vivado-library-b0946605e3617c901635278b62d0f6a8e3942844/ip/Pmods/PmodAMP2_v1_0
WARNING: [IP_Flow 19-1663] Duplicate IP found for 'digilentinc.com:IP:PmodAQS:1.0'. The one found in IP location 'z:/DAT096/vivado-library-master/ip/Pmods/PmodAQS_v1_0' will take precedence over the same IP in location z:/DAT096/vivado-library-b0946605e3617c901635278b62d0f6a8e3942844/ip/Pmods/PmodAQS_v1_0
WARNING: [IP_Flow 19-1663] Duplicate IP found for 'digilentinc.com:IP:PmodBLE:1.0'. The one found in IP location 'z:/DAT096/vivado-library-master/ip/Pmods/PmodBLE_v1_0' will take precedence over the same IP in location z:/DAT096/vivado-library-b0946605e3617c901635278b62d0f6a8e3942844/ip/Pmods/PmodBLE_v1_0
WARNING: [IP_Flow 19-1663] Duplicate IP found for 'digilentinc.com:IP:PmodBT2:1.0'. The one found in IP location 'z:/DAT096/vivado-library-master/ip/Pmods/PmodBT2_v1_0' will take precedence over the same IP in location z:/DAT096/vivado-library-b0946605e3617c901635278b62d0f6a8e3942844/ip/Pmods/PmodBT2_v1_0
WARNING: [IP_Flow 19-1663] Duplicate IP found for 'digilentinc.com:IP:PmodCAN:1.0'. The one found in IP location 'z:/DAT096/vivado-library-master/ip/Pmods/PmodCAN_v1_0' will take precedence over the same IP in location z:/DAT096/vivado-library-b0946605e3617c901635278b62d0f6a8e3942844/ip/Pmods/PmodCAN_v1_0
WARNING: [IP_Flow 19-1663] Duplicate IP found for 'digilentinc.com:IP:PmodCLS:1.0'. The one found in IP location 'z:/DAT096/vivado-library-master/ip/Pmods/PmodCLS_v1_0' will take precedence over the same IP in location z:/DAT096/vivado-library-b0946605e3617c901635278b62d0f6a8e3942844/ip/Pmods/PmodCLS_v1_0
WARNING: [IP_Flow 19-1663] Duplicate IP found for 'digilentinc.com:IP:PmodCMPS2:1.0'. The one found in IP location 'z:/DAT096/vivado-library-master/ip/Pmods/PmodCMPS2_v1_0' will take precedence over the same IP in location z:/DAT096/vivado-library-b0946605e3617c901635278b62d0f6a8e3942844/ip/Pmods/PmodCMPS2_v1_0
WARNING: [IP_Flow 19-1663] Duplicate IP found for 'digilentinc.com:IP:PmodCOLOR:1.0'. The one found in IP location 'z:/DAT096/vivado-library-master/ip/Pmods/PmodCOLOR_v1_0' will take precedence over the same IP in location z:/DAT096/vivado-library-b0946605e3617c901635278b62d0f6a8e3942844/ip/Pmods/PmodCOLOR_v1_0
WARNING: [IP_Flow 19-1663] Duplicate IP found for 'digilentinc.com:IP:PmodDA1:1.0'. The one found in IP location 'z:/DAT096/vivado-library-master/ip/Pmods/PmodDA1_v1_0' will take precedence over the same IP in location z:/DAT096/vivado-library-b0946605e3617c901635278b62d0f6a8e3942844/ip/Pmods/PmodDA1_v1_0
WARNING: [IP_Flow 19-1663] Duplicate IP found for 'digilentinc.com:IP:PmodDHB1:1.0'. The one found in IP location 'z:/DAT096/vivado-library-master/ip/Pmods/PmodDHB1_v1_0' will take precedence over the same IP in location z:/DAT096/vivado-library-b0946605e3617c901635278b62d0f6a8e3942844/ip/Pmods/PmodDHB1_v1_0
WARNING: [IP_Flow 19-1663] Duplicate IP found for 'digilentinc.com:IP:PmodDPG1:1.0'. The one found in IP location 'z:/DAT096/vivado-library-master/ip/Pmods/PmodDPG1_v1_0' will take precedence over the same IP in location z:/DAT096/vivado-library-b0946605e3617c901635278b62d0f6a8e3942844/ip/Pmods/PmodDPG1_v1_0
WARNING: [IP_Flow 19-1663] Duplicate IP found for 'digilentinc.com:IP:PmodENC:1.0'. The one found in IP location 'z:/DAT096/vivado-library-master/ip/Pmods/PmodENC_v1_0' will take precedence over the same IP in location z:/DAT096/vivado-library-b0946605e3617c901635278b62d0f6a8e3942844/ip/Pmods/PmodENC_v1_0
WARNING: [IP_Flow 19-1663] Duplicate IP found for 'digilentinc.com:user:PmodESP32:1.0'. The one found in IP location 'z:/DAT096/vivado-library-master/ip/Pmods/PmodESP32_v1_0' will take precedence over the same IP in location z:/DAT096/vivado-library-b0946605e3617c901635278b62d0f6a8e3942844/ip/Pmods/PmodESP32_v1_0
WARNING: [IP_Flow 19-1663] Duplicate IP found for 'digilentinc.com:IP:PmodGPIO:1.0'. The one found in IP location 'z:/DAT096/vivado-library-master/ip/Pmods/PmodGPIO_v1_0' will take precedence over the same IP in location z:/DAT096/vivado-library-b0946605e3617c901635278b62d0f6a8e3942844/ip/Pmods/PmodGPIO_v1_0
WARNING: [IP_Flow 19-1663] Duplicate IP found for 'digilentinc.com:IP:PmodGPS:1.1'. The one found in IP location 'z:/DAT096/vivado-library-master/ip/Pmods/PmodGPS_v1_1' will take precedence over the same IP in location z:/DAT096/vivado-library-b0946605e3617c901635278b62d0f6a8e3942844/ip/Pmods/PmodGPS_v1_1
WARNING: [IP_Flow 19-1663] Duplicate IP found for 'digilentinc.com:IP:PmodGYRO:1.0'. The one found in IP location 'z:/DAT096/vivado-library-master/ip/Pmods/PmodGYRO_v1_0' will take precedence over the same IP in location z:/DAT096/vivado-library-b0946605e3617c901635278b62d0f6a8e3942844/ip/Pmods/PmodGYRO_v1_0
WARNING: [IP_Flow 19-1663] Duplicate IP found for 'digilentinc.com:IP:PmodHYGRO:1.0'. The one found in IP location 'z:/DAT096/vivado-library-master/ip/Pmods/PmodHYGRO_v1_0' will take precedence over the same IP in location z:/DAT096/vivado-library-b0946605e3617c901635278b62d0f6a8e3942844/ip/Pmods/PmodHYGRO_v1_0
WARNING: [IP_Flow 19-1663] Duplicate IP found for 'digilentinc.com:IP:PmodJSTK2:1.0'. The one found in IP location 'z:/DAT096/vivado-library-master/ip/Pmods/PmodJSTK2_v1_0' will take precedence over the same IP in location z:/DAT096/vivado-library-b0946605e3617c901635278b62d0f6a8e3942844/ip/Pmods/PmodJSTK2_v1_0
WARNING: [IP_Flow 19-1663] Duplicate IP found for 'digilentinc.com:IP:PmodJSTK:1.0'. The one found in IP location 'z:/DAT096/vivado-library-master/ip/Pmods/PmodJSTK_v1_0' will take precedence over the same IP in location z:/DAT096/vivado-library-b0946605e3617c901635278b62d0f6a8e3942844/ip/Pmods/PmodJSTK_v1_0
WARNING: [IP_Flow 19-1663] Duplicate IP found for 'digilentinc.com:IP:PmodKYPD:1.0'. The one found in IP location 'z:/DAT096/vivado-library-master/ip/Pmods/PmodKYPD_v1_0' will take precedence over the same IP in location z:/DAT096/vivado-library-b0946605e3617c901635278b62d0f6a8e3942844/ip/Pmods/PmodKYPD_v1_0
WARNING: [IP_Flow 19-1663] Duplicate IP found for 'digilentinc.com:IP:PmodMAXSONAR:1.0'. The one found in IP location 'z:/DAT096/vivado-library-master/ip/Pmods/PmodMAXSONAR_v1_0' will take precedence over the same IP in location z:/DAT096/vivado-library-b0946605e3617c901635278b62d0f6a8e3942844/ip/Pmods/PmodMAXSONAR_v1_0
WARNING: [IP_Flow 19-1663] Duplicate IP found for 'digilentinc.com:IP:PmodMTDS:1.0'. The one found in IP location 'z:/DAT096/vivado-library-master/ip/Pmods/PmodMTDS_v1_0' will take precedence over the same IP in location z:/DAT096/vivado-library-b0946605e3617c901635278b62d0f6a8e3942844/ip/Pmods/PmodMTDS_v1_0
WARNING: [IP_Flow 19-1663] Duplicate IP found for 'digilentinc.com:IP:PmodNAV:1.0'. The one found in IP location 'z:/DAT096/vivado-library-master/ip/Pmods/PmodNAV_v1_0' will take precedence over the same IP in location z:/DAT096/vivado-library-b0946605e3617c901635278b62d0f6a8e3942844/ip/Pmods/PmodNAV_v1_0
WARNING: [IP_Flow 19-1663] Duplicate IP found for 'digilentinc.com:IP:PmodOLEDrgb:1.0'. The one found in IP location 'z:/DAT096/vivado-library-master/ip/Pmods/pmodOLEDrgb_v1_0' will take precedence over the same IP in location z:/DAT096/vivado-library-b0946605e3617c901635278b62d0f6a8e3942844/ip/Pmods/pmodOLEDrgb_v1_0
WARNING: [IP_Flow 19-1663] Duplicate IP found for 'digilentinc.com:IP:PmodOLED:1.0'. The one found in IP location 'z:/DAT096/vivado-library-master/ip/Pmods/PmodOLED_v1_0' will take precedence over the same IP in location z:/DAT096/vivado-library-b0946605e3617c901635278b62d0f6a8e3942844/ip/Pmods/PmodOLED_v1_0
WARNING: [IP_Flow 19-1663] Duplicate IP found for 'digilentinc.com:IP:PmodPIR:1.0'. The one found in IP location 'z:/DAT096/vivado-library-master/ip/Pmods/PmodPIR_v1_0' will take precedence over the same IP in location z:/DAT096/vivado-library-b0946605e3617c901635278b62d0f6a8e3942844/ip/Pmods/PmodPIR_v1_0
WARNING: [IP_Flow 19-1663] Duplicate IP found for 'digilentinc.com:IP:PmodR2R:1.0'. The one found in IP location 'z:/DAT096/vivado-library-master/ip/Pmods/PmodR2R_v1_0' will take precedence over the same IP in location z:/DAT096/vivado-library-b0946605e3617c901635278b62d0f6a8e3942844/ip/Pmods/PmodR2R_v1_0
WARNING: [IP_Flow 19-1663] Duplicate IP found for 'digilentinc.com:IP:PmodRTCC:1.0'. The one found in IP location 'z:/DAT096/vivado-library-master/ip/Pmods/PmodRTCC_v1_0' will take precedence over the same IP in location z:/DAT096/vivado-library-b0946605e3617c901635278b62d0f6a8e3942844/ip/Pmods/PmodRTCC_v1_0
WARNING: [IP_Flow 19-1663] Duplicate IP found for 'digilentinc.com:IP:PmodSD:1.0'. The one found in IP location 'z:/DAT096/vivado-library-master/ip/Pmods/PmodSD_v1_0' will take precedence over the same IP in location z:/DAT096/vivado-library-b0946605e3617c901635278b62d0f6a8e3942844/ip/Pmods/PmodSD_v1_0
WARNING: [IP_Flow 19-1663] Duplicate IP found for 'digilentinc.com:IP:PmodSF3:1.0'. The one found in IP location 'z:/DAT096/vivado-library-master/ip/Pmods/PmodSF3_v1_0' will take precedence over the same IP in location z:/DAT096/vivado-library-b0946605e3617c901635278b62d0f6a8e3942844/ip/Pmods/PmodSF3_v1_0
WARNING: [IP_Flow 19-1663] Duplicate IP found for 'digilentinc.com:IP:PmodTC1:1.0'. The one found in IP location 'z:/DAT096/vivado-library-master/ip/Pmods/PmodTC1_v1_0' will take precedence over the same IP in location z:/DAT096/vivado-library-b0946605e3617c901635278b62d0f6a8e3942844/ip/Pmods/PmodTC1_v1_0
WARNING: [IP_Flow 19-1663] Duplicate IP found for 'digilentinc.com:IP:PmodTMP3:1.0'. The one found in IP location 'z:/DAT096/vivado-library-master/ip/Pmods/PmodTMP3_v1_0' will take precedence over the same IP in location z:/DAT096/vivado-library-b0946605e3617c901635278b62d0f6a8e3942844/ip/Pmods/PmodTMP3_v1_0
WARNING: [IP_Flow 19-1663] Duplicate IP found for 'digilentinc.com:IP:PmodWIFI:1.0'. The one found in IP location 'z:/DAT096/vivado-library-master/ip/Pmods/PmodWIFI_v1_0' will take precedence over the same IP in location z:/DAT096/vivado-library-b0946605e3617c901635278b62d0f6a8e3942844/ip/Pmods/PmodWIFI_v1_0
WARNING: [IP_Flow 19-1663] Duplicate IP found for 'digilentinc.com:ip:pmod_bridge:1.0'. The one found in IP location 'z:/DAT096/vivado-library-master/ip/Pmods/Pmod_Bridge_v1_0' will take precedence over the same IP in location z:/DAT096/vivado-library-b0946605e3617c901635278b62d0f6a8e3942844/ip/Pmods/Pmod_Bridge_v1_0
WARNING: [IP_Flow 19-1663] Duplicate IP found for 'digilentinc.com:ip:pmod_bridge:1.1'. The one found in IP location 'z:/DAT096/vivado-library-master/ip/Pmods/Pmod_Bridge_v1_1' will take precedence over the same IP in location z:/DAT096/vivado-library-b0946605e3617c901635278b62d0f6a8e3942844/ip/Pmods/Pmod_Bridge_v1_1
WARNING: [IP_Flow 19-1663] Duplicate IP found for 'digilentinc.com:IP:PWM:1.0'. The one found in IP location 'z:/DAT096/vivado-library-master/ip/PWM_1.0' will take precedence over the same IP in location z:/DAT096/vivado-library-b0946605e3617c901635278b62d0f6a8e3942844/ip/PWM_1.0
WARNING: [IP_Flow 19-1663] Duplicate IP found for 'digilentinc.com:IP:PWM:2.0'. The one found in IP location 'z:/DAT096/vivado-library-master/ip/PWM_2.0' will take precedence over the same IP in location z:/DAT096/vivado-library-b0946605e3617c901635278b62d0f6a8e3942844/ip/PWM_2.0
WARNING: [IP_Flow 19-1663] Duplicate IP found for 'digilentinc.com:IP:PWM_Analyzer:1.0'. The one found in IP location 'z:/DAT096/vivado-library-master/ip/PWM_Analyzer_1.0' will take precedence over the same IP in location z:/DAT096/vivado-library-b0946605e3617c901635278b62d0f6a8e3942844/ip/PWM_Analyzer_1.0
WARNING: [IP_Flow 19-1663] Duplicate IP found for 'digilentinc.com:ip:rgb2dvi:1.4'. The one found in IP location 'z:/DAT096/vivado-library-master/ip/rgb2dvi' will take precedence over the same IP in location z:/DAT096/vivado-library-b0946605e3617c901635278b62d0f6a8e3942844/ip/rgb2dvi
WARNING: [IP_Flow 19-4830] Duplicate Interface found for 'digilentinc.com:interface:pmod:1.0'. The one found in location 'z:/DAT096/vivado-library-b0946605e3617c901635278b62d0f6a8e3942844/if/pmod_v1_0/pmod.xml' will take precedence over the same Interface in location 'z:/DAT096/vivado-library-master/if/pmod_v1_0/pmod.xml'
WARNING: [IP_Flow 19-4830] Duplicate Interface found for 'digilentinc.com:interface:tmds:1.0'. The one found in location 'z:/DAT096/vivado-library-b0946605e3617c901635278b62d0f6a8e3942844/if/tmds_v1_0/tmds.xml' will take precedence over the same Interface in location 'z:/DAT096/vivado-library-master/if/tmds_v1_0/tmds.xml'
INFO: [IP_Flow 19-5107] Inferred bus interface 'm_axis' of definition 'xilinx.com:interface:axis:1.0' (from Xilinx Repository).
INFO: [IP_Flow 19-5107] Inferred bus interface 'clk' of definition 'xilinx.com:signal:clock:1.0' (from Xilinx Repository).
INFO: [IP_Flow 19-4728] Bus Interface 'clk': Added interface parameter 'ASSOCIATED_BUSIF' with value 'm_axis'.
WARNING: [IP_Flow 19-11770] Clock interface 'clk' has no FREQ_HZ parameter.
WARNING: [IP_Flow 19-1663] Duplicate IP found for 'digilentinc.com:user:axi_i2s_adi:1.2'. The one found in IP location 'z:/DAT096/vivado-library-b0946605e3617c901635278b62d0f6a8e3942844/ip/axi_i2s_adi_1.2' will take precedence over the same IP in location z:/DAT096/vivado-library-master/ip/axi_i2s_adi_1.2
WARNING: [IP_Flow 19-1663] Duplicate IP found for 'digilentinc.com:IP:axi_ps2:1.0'. The one found in IP location 'z:/DAT096/vivado-library-b0946605e3617c901635278b62d0f6a8e3942844/ip/axi_ps2_1.0' will take precedence over the same IP in location z:/DAT096/vivado-library-master/ip/axi_ps2_1.0
WARNING: [IP_Flow 19-1663] Duplicate IP found for 'digilentinc.com:ip:clock_forwarder:1.1'. The one found in IP location 'z:/DAT096/vivado-library-b0946605e3617c901635278b62d0f6a8e3942844/ip/clock_forwarder' will take precedence over the same IP in location z:/DAT096/vivado-library-master/ip/clock_forwarder
WARNING: [IP_Flow 19-1663] Duplicate IP found for 'digilentinc.com:IP:hls_contrast_stretch:1.0'. The one found in IP location 'z:/DAT096/vivado-library-b0946605e3617c901635278b62d0f6a8e3942844/ip/hls_contrast_stretch_1_0' will take precedence over the same IP in location z:/DAT096/vivado-library-master/ip/hls_contrast_stretch_1_0
WARNING: [IP_Flow 19-1663] Duplicate IP found for 'digilentinc.com:IP:hls_gamma_correction:1.0'. The one found in IP location 'z:/DAT096/vivado-library-b0946605e3617c901635278b62d0f6a8e3942844/ip/hls_gamma_correction_1_0' will take precedence over the same IP in location z:/DAT096/vivado-library-master/ip/hls_gamma_correction_1_0
WARNING: [IP_Flow 19-1663] Duplicate IP found for 'digilentinc.com:IP:hls_saturation_enhance:1.0'. The one found in IP location 'z:/DAT096/vivado-library-b0946605e3617c901635278b62d0f6a8e3942844/ip/hls_saturation_enhance_1_0' will take precedence over the same IP in location z:/DAT096/vivado-library-master/ip/hls_saturation_enhance_1_0
WARNING: [IP_Flow 19-1663] Duplicate IP found for 'digilentinc.com:ip:rgb2dpvid:1.0'. The one found in IP location 'z:/DAT096/vivado-library-b0946605e3617c901635278b62d0f6a8e3942844/ip/rgb2dpvid_v1_0' will take precedence over the same IP in location z:/DAT096/vivado-library-master/ip/rgb2dpvid_v1_0
WARNING: [IP_Flow 19-1663] Duplicate IP found for 'digilentinc.com:ip:rgb2vga:1.0'. The one found in IP location 'z:/DAT096/vivado-library-b0946605e3617c901635278b62d0f6a8e3942844/ip/rgb2vga_v1_0' will take precedence over the same IP in location z:/DAT096/vivado-library-master/ip/rgb2vga_v1_0
WARNING: [IP_Flow 19-1663] Duplicate IP found for 'digilentinc.com:ip:Sync:1.0'. The one found in IP location 'z:/DAT096/vivado-library-b0946605e3617c901635278b62d0f6a8e3942844/ip/Sync_v1_0' will take precedence over the same IP in location z:/DAT096/vivado-library-master/ip/Sync_v1_0
WARNING: [IP_Flow 19-1663] Duplicate IP found for 'digilentinc.com:ip:usb2device:1.0'. The one found in IP location 'z:/DAT096/vivado-library-b0946605e3617c901635278b62d0f6a8e3942844/ip/usb2device_v1_0' will take precedence over the same IP in location z:/DAT096/vivado-library-master/ip/usb2device_v1_0
WARNING: [IP_Flow 19-1663] Duplicate IP found for 'digilentinc.com:video:video_scaler:1.0'. The one found in IP location 'z:/DAT096/vivado-library-b0946605e3617c901635278b62d0f6a8e3942844/ip/video_scaler' will take precedence over the same IP in location z:/DAT096/vivado-library-master/ip/video_scaler
WARNING: [IP_Flow 19-1663] Duplicate IP found for 'digilentinc.com:ip:dvi2rgb:2.0'. The one found in IP location 'z:/DAT096/vivado-library-master/ip/dvi2rgb' will take precedence over the same IP in location z:/DAT096/vivado-library-b0946605e3617c901635278b62d0f6a8e3942844/ip/dvi2rgb
WARNING: [IP_Flow 19-1663] Duplicate IP found for 'digilentinc.com:IP:MotorFeedback:1.0'. The one found in IP location 'z:/DAT096/vivado-library-master/ip/MotorFeedback_1.0' will take precedence over the same IP in location z:/DAT096/vivado-library-b0946605e3617c901635278b62d0f6a8e3942844/ip/MotorFeedback_1.0
WARNING: [IP_Flow 19-1663] Duplicate IP found for 'digilentinc.com:IP:PmodACL2:1.0'. The one found in IP location 'z:/DAT096/vivado-library-master/ip/Pmods/PmodACL2_v1_0' will take precedence over the same IP in location z:/DAT096/vivado-library-b0946605e3617c901635278b62d0f6a8e3942844/ip/Pmods/PmodACL2_v1_0
WARNING: [IP_Flow 19-1663] Duplicate IP found for 'digilentinc.com:IP:PmodACL:1.0'. The one found in IP location 'z:/DAT096/vivado-library-master/ip/Pmods/PmodACL_v1_0' will take precedence over the same IP in location z:/DAT096/vivado-library-b0946605e3617c901635278b62d0f6a8e3942844/ip/Pmods/PmodACL_v1_0
WARNING: [IP_Flow 19-1663] Duplicate IP found for 'digilentinc.com:IP:PmodAD1:1.0'. The one found in IP location 'z:/DAT096/vivado-library-master/ip/Pmods/PmodAD1_v1_0' will take precedence over the same IP in location z:/DAT096/vivado-library-b0946605e3617c901635278b62d0f6a8e3942844/ip/Pmods/PmodAD1_v1_0
WARNING: [IP_Flow 19-1663] Duplicate IP found for 'digilentinc.com:IP:PmodAD2:1.0'. The one found in IP location 'z:/DAT096/vivado-library-master/ip/Pmods/PmodAD2_v1_0' will take precedence over the same IP in location z:/DAT096/vivado-library-b0946605e3617c901635278b62d0f6a8e3942844/ip/Pmods/PmodAD2_v1_0
WARNING: [IP_Flow 19-1663] Duplicate IP found for 'digilentinc.com:IP:PmodAD5:1.0'. The one found in IP location 'z:/DAT096/vivado-library-master/ip/Pmods/PmodAD5_v1_0' will take precedence over the same IP in location z:/DAT096/vivado-library-b0946605e3617c901635278b62d0f6a8e3942844/ip/Pmods/PmodAD5_v1_0
WARNING: [IP_Flow 19-1663] Duplicate IP found for 'digilentinc.com:IP:PmodALS:1.0'. The one found in IP location 'z:/DAT096/vivado-library-master/ip/Pmods/PmodALS_v1_0' will take precedence over the same IP in location z:/DAT096/vivado-library-b0946605e3617c901635278b62d0f6a8e3942844/ip/Pmods/PmodALS_v1_0
WARNING: [IP_Flow 19-1663] Duplicate IP found for 'digilentinc.com:IP:PmodAMP2:1.0'. The one found in IP location 'z:/DAT096/vivado-library-master/ip/Pmods/PmodAMP2_v1_0' will take precedence over the same IP in location z:/DAT096/vivado-library-b0946605e3617c901635278b62d0f6a8e3942844/ip/Pmods/PmodAMP2_v1_0
WARNING: [IP_Flow 19-1663] Duplicate IP found for 'digilentinc.com:IP:PmodAQS:1.0'. The one found in IP location 'z:/DAT096/vivado-library-master/ip/Pmods/PmodAQS_v1_0' will take precedence over the same IP in location z:/DAT096/vivado-library-b0946605e3617c901635278b62d0f6a8e3942844/ip/Pmods/PmodAQS_v1_0
WARNING: [IP_Flow 19-1663] Duplicate IP found for 'digilentinc.com:IP:PmodBLE:1.0'. The one found in IP location 'z:/DAT096/vivado-library-master/ip/Pmods/PmodBLE_v1_0' will take precedence over the same IP in location z:/DAT096/vivado-library-b0946605e3617c901635278b62d0f6a8e3942844/ip/Pmods/PmodBLE_v1_0
WARNING: [IP_Flow 19-1663] Duplicate IP found for 'digilentinc.com:IP:PmodBT2:1.0'. The one found in IP location 'z:/DAT096/vivado-library-master/ip/Pmods/PmodBT2_v1_0' will take precedence over the same IP in location z:/DAT096/vivado-library-b0946605e3617c901635278b62d0f6a8e3942844/ip/Pmods/PmodBT2_v1_0
WARNING: [IP_Flow 19-1663] Duplicate IP found for 'digilentinc.com:IP:PmodCAN:1.0'. The one found in IP location 'z:/DAT096/vivado-library-master/ip/Pmods/PmodCAN_v1_0' will take precedence over the same IP in location z:/DAT096/vivado-library-b0946605e3617c901635278b62d0f6a8e3942844/ip/Pmods/PmodCAN_v1_0
WARNING: [IP_Flow 19-1663] Duplicate IP found for 'digilentinc.com:IP:PmodCLS:1.0'. The one found in IP location 'z:/DAT096/vivado-library-master/ip/Pmods/PmodCLS_v1_0' will take precedence over the same IP in location z:/DAT096/vivado-library-b0946605e3617c901635278b62d0f6a8e3942844/ip/Pmods/PmodCLS_v1_0
WARNING: [IP_Flow 19-1663] Duplicate IP found for 'digilentinc.com:IP:PmodCMPS2:1.0'. The one found in IP location 'z:/DAT096/vivado-library-master/ip/Pmods/PmodCMPS2_v1_0' will take precedence over the same IP in location z:/DAT096/vivado-library-b0946605e3617c901635278b62d0f6a8e3942844/ip/Pmods/PmodCMPS2_v1_0
WARNING: [IP_Flow 19-1663] Duplicate IP found for 'digilentinc.com:IP:PmodCOLOR:1.0'. The one found in IP location 'z:/DAT096/vivado-library-master/ip/Pmods/PmodCOLOR_v1_0' will take precedence over the same IP in location z:/DAT096/vivado-library-b0946605e3617c901635278b62d0f6a8e3942844/ip/Pmods/PmodCOLOR_v1_0
WARNING: [IP_Flow 19-1663] Duplicate IP found for 'digilentinc.com:IP:PmodDA1:1.0'. The one found in IP location 'z:/DAT096/vivado-library-master/ip/Pmods/PmodDA1_v1_0' will take precedence over the same IP in location z:/DAT096/vivado-library-b0946605e3617c901635278b62d0f6a8e3942844/ip/Pmods/PmodDA1_v1_0
WARNING: [IP_Flow 19-1663] Duplicate IP found for 'digilentinc.com:IP:PmodDHB1:1.0'. The one found in IP location 'z:/DAT096/vivado-library-master/ip/Pmods/PmodDHB1_v1_0' will take precedence over the same IP in location z:/DAT096/vivado-library-b0946605e3617c901635278b62d0f6a8e3942844/ip/Pmods/PmodDHB1_v1_0
WARNING: [IP_Flow 19-1663] Duplicate IP found for 'digilentinc.com:IP:PmodDPG1:1.0'. The one found in IP location 'z:/DAT096/vivado-library-master/ip/Pmods/PmodDPG1_v1_0' will take precedence over the same IP in location z:/DAT096/vivado-library-b0946605e3617c901635278b62d0f6a8e3942844/ip/Pmods/PmodDPG1_v1_0
WARNING: [IP_Flow 19-1663] Duplicate IP found for 'digilentinc.com:IP:PmodENC:1.0'. The one found in IP location 'z:/DAT096/vivado-library-master/ip/Pmods/PmodENC_v1_0' will take precedence over the same IP in location z:/DAT096/vivado-library-b0946605e3617c901635278b62d0f6a8e3942844/ip/Pmods/PmodENC_v1_0
WARNING: [IP_Flow 19-1663] Duplicate IP found for 'digilentinc.com:user:PmodESP32:1.0'. The one found in IP location 'z:/DAT096/vivado-library-master/ip/Pmods/PmodESP32_v1_0' will take precedence over the same IP in location z:/DAT096/vivado-library-b0946605e3617c901635278b62d0f6a8e3942844/ip/Pmods/PmodESP32_v1_0
WARNING: [IP_Flow 19-1663] Duplicate IP found for 'digilentinc.com:IP:PmodGPIO:1.0'. The one found in IP location 'z:/DAT096/vivado-library-master/ip/Pmods/PmodGPIO_v1_0' will take precedence over the same IP in location z:/DAT096/vivado-library-b0946605e3617c901635278b62d0f6a8e3942844/ip/Pmods/PmodGPIO_v1_0
WARNING: [IP_Flow 19-1663] Duplicate IP found for 'digilentinc.com:IP:PmodGPS:1.1'. The one found in IP location 'z:/DAT096/vivado-library-master/ip/Pmods/PmodGPS_v1_1' will take precedence over the same IP in location z:/DAT096/vivado-library-b0946605e3617c901635278b62d0f6a8e3942844/ip/Pmods/PmodGPS_v1_1
WARNING: [IP_Flow 19-1663] Duplicate IP found for 'digilentinc.com:IP:PmodGYRO:1.0'. The one found in IP location 'z:/DAT096/vivado-library-master/ip/Pmods/PmodGYRO_v1_0' will take precedence over the same IP in location z:/DAT096/vivado-library-b0946605e3617c901635278b62d0f6a8e3942844/ip/Pmods/PmodGYRO_v1_0
WARNING: [IP_Flow 19-1663] Duplicate IP found for 'digilentinc.com:IP:PmodHYGRO:1.0'. The one found in IP location 'z:/DAT096/vivado-library-master/ip/Pmods/PmodHYGRO_v1_0' will take precedence over the same IP in location z:/DAT096/vivado-library-b0946605e3617c901635278b62d0f6a8e3942844/ip/Pmods/PmodHYGRO_v1_0
WARNING: [IP_Flow 19-1663] Duplicate IP found for 'digilentinc.com:IP:PmodJSTK2:1.0'. The one found in IP location 'z:/DAT096/vivado-library-master/ip/Pmods/PmodJSTK2_v1_0' will take precedence over the same IP in location z:/DAT096/vivado-library-b0946605e3617c901635278b62d0f6a8e3942844/ip/Pmods/PmodJSTK2_v1_0
WARNING: [IP_Flow 19-1663] Duplicate IP found for 'digilentinc.com:IP:PmodJSTK:1.0'. The one found in IP location 'z:/DAT096/vivado-library-master/ip/Pmods/PmodJSTK_v1_0' will take precedence over the same IP in location z:/DAT096/vivado-library-b0946605e3617c901635278b62d0f6a8e3942844/ip/Pmods/PmodJSTK_v1_0
WARNING: [IP_Flow 19-1663] Duplicate IP found for 'digilentinc.com:IP:PmodKYPD:1.0'. The one found in IP location 'z:/DAT096/vivado-library-master/ip/Pmods/PmodKYPD_v1_0' will take precedence over the same IP in location z:/DAT096/vivado-library-b0946605e3617c901635278b62d0f6a8e3942844/ip/Pmods/PmodKYPD_v1_0
WARNING: [IP_Flow 19-1663] Duplicate IP found for 'digilentinc.com:IP:PmodMAXSONAR:1.0'. The one found in IP location 'z:/DAT096/vivado-library-master/ip/Pmods/PmodMAXSONAR_v1_0' will take precedence over the same IP in location z:/DAT096/vivado-library-b0946605e3617c901635278b62d0f6a8e3942844/ip/Pmods/PmodMAXSONAR_v1_0
WARNING: [IP_Flow 19-1663] Duplicate IP found for 'digilentinc.com:IP:PmodMTDS:1.0'. The one found in IP location 'z:/DAT096/vivado-library-master/ip/Pmods/PmodMTDS_v1_0' will take precedence over the same IP in location z:/DAT096/vivado-library-b0946605e3617c901635278b62d0f6a8e3942844/ip/Pmods/PmodMTDS_v1_0
WARNING: [IP_Flow 19-1663] Duplicate IP found for 'digilentinc.com:IP:PmodNAV:1.0'. The one found in IP location 'z:/DAT096/vivado-library-master/ip/Pmods/PmodNAV_v1_0' will take precedence over the same IP in location z:/DAT096/vivado-library-b0946605e3617c901635278b62d0f6a8e3942844/ip/Pmods/PmodNAV_v1_0
WARNING: [IP_Flow 19-1663] Duplicate IP found for 'digilentinc.com:IP:PmodOLEDrgb:1.0'. The one found in IP location 'z:/DAT096/vivado-library-master/ip/Pmods/pmodOLEDrgb_v1_0' will take precedence over the same IP in location z:/DAT096/vivado-library-b0946605e3617c901635278b62d0f6a8e3942844/ip/Pmods/pmodOLEDrgb_v1_0
WARNING: [IP_Flow 19-1663] Duplicate IP found for 'digilentinc.com:IP:PmodOLED:1.0'. The one found in IP location 'z:/DAT096/vivado-library-master/ip/Pmods/PmodOLED_v1_0' will take precedence over the same IP in location z:/DAT096/vivado-library-b0946605e3617c901635278b62d0f6a8e3942844/ip/Pmods/PmodOLED_v1_0
WARNING: [IP_Flow 19-1663] Duplicate IP found for 'digilentinc.com:IP:PmodPIR:1.0'. The one found in IP location 'z:/DAT096/vivado-library-master/ip/Pmods/PmodPIR_v1_0' will take precedence over the same IP in location z:/DAT096/vivado-library-b0946605e3617c901635278b62d0f6a8e3942844/ip/Pmods/PmodPIR_v1_0
WARNING: [IP_Flow 19-1663] Duplicate IP found for 'digilentinc.com:IP:PmodR2R:1.0'. The one found in IP location 'z:/DAT096/vivado-library-master/ip/Pmods/PmodR2R_v1_0' will take precedence over the same IP in location z:/DAT096/vivado-library-b0946605e3617c901635278b62d0f6a8e3942844/ip/Pmods/PmodR2R_v1_0
WARNING: [IP_Flow 19-1663] Duplicate IP found for 'digilentinc.com:IP:PmodRTCC:1.0'. The one found in IP location 'z:/DAT096/vivado-library-master/ip/Pmods/PmodRTCC_v1_0' will take precedence over the same IP in location z:/DAT096/vivado-library-b0946605e3617c901635278b62d0f6a8e3942844/ip/Pmods/PmodRTCC_v1_0
WARNING: [IP_Flow 19-1663] Duplicate IP found for 'digilentinc.com:IP:PmodSD:1.0'. The one found in IP location 'z:/DAT096/vivado-library-master/ip/Pmods/PmodSD_v1_0' will take precedence over the same IP in location z:/DAT096/vivado-library-b0946605e3617c901635278b62d0f6a8e3942844/ip/Pmods/PmodSD_v1_0
WARNING: [IP_Flow 19-1663] Duplicate IP found for 'digilentinc.com:IP:PmodSF3:1.0'. The one found in IP location 'z:/DAT096/vivado-library-master/ip/Pmods/PmodSF3_v1_0' will take precedence over the same IP in location z:/DAT096/vivado-library-b0946605e3617c901635278b62d0f6a8e3942844/ip/Pmods/PmodSF3_v1_0
WARNING: [IP_Flow 19-1663] Duplicate IP found for 'digilentinc.com:IP:PmodTC1:1.0'. The one found in IP location 'z:/DAT096/vivado-library-master/ip/Pmods/PmodTC1_v1_0' will take precedence over the same IP in location z:/DAT096/vivado-library-b0946605e3617c901635278b62d0f6a8e3942844/ip/Pmods/PmodTC1_v1_0
WARNING: [IP_Flow 19-1663] Duplicate IP found for 'digilentinc.com:IP:PmodTMP3:1.0'. The one found in IP location 'z:/DAT096/vivado-library-master/ip/Pmods/PmodTMP3_v1_0' will take precedence over the same IP in location z:/DAT096/vivado-library-b0946605e3617c901635278b62d0f6a8e3942844/ip/Pmods/PmodTMP3_v1_0
WARNING: [IP_Flow 19-1663] Duplicate IP found for 'digilentinc.com:IP:PmodWIFI:1.0'. The one found in IP location 'z:/DAT096/vivado-library-master/ip/Pmods/PmodWIFI_v1_0' will take precedence over the same IP in location z:/DAT096/vivado-library-b0946605e3617c901635278b62d0f6a8e3942844/ip/Pmods/PmodWIFI_v1_0
WARNING: [IP_Flow 19-1663] Duplicate IP found for 'digilentinc.com:ip:pmod_bridge:1.0'. The one found in IP location 'z:/DAT096/vivado-library-master/ip/Pmods/Pmod_Bridge_v1_0' will take precedence over the same IP in location z:/DAT096/vivado-library-b0946605e3617c901635278b62d0f6a8e3942844/ip/Pmods/Pmod_Bridge_v1_0
WARNING: [IP_Flow 19-1663] Duplicate IP found for 'digilentinc.com:ip:pmod_bridge:1.1'. The one found in IP location 'z:/DAT096/vivado-library-master/ip/Pmods/Pmod_Bridge_v1_1' will take precedence over the same IP in location z:/DAT096/vivado-library-b0946605e3617c901635278b62d0f6a8e3942844/ip/Pmods/Pmod_Bridge_v1_1
WARNING: [IP_Flow 19-1663] Duplicate IP found for 'digilentinc.com:IP:PWM:1.0'. The one found in IP location 'z:/DAT096/vivado-library-master/ip/PWM_1.0' will take precedence over the same IP in location z:/DAT096/vivado-library-b0946605e3617c901635278b62d0f6a8e3942844/ip/PWM_1.0
WARNING: [IP_Flow 19-1663] Duplicate IP found for 'digilentinc.com:IP:PWM:2.0'. The one found in IP location 'z:/DAT096/vivado-library-master/ip/PWM_2.0' will take precedence over the same IP in location z:/DAT096/vivado-library-b0946605e3617c901635278b62d0f6a8e3942844/ip/PWM_2.0
WARNING: [IP_Flow 19-1663] Duplicate IP found for 'digilentinc.com:IP:PWM_Analyzer:1.0'. The one found in IP location 'z:/DAT096/vivado-library-master/ip/PWM_Analyzer_1.0' will take precedence over the same IP in location z:/DAT096/vivado-library-b0946605e3617c901635278b62d0f6a8e3942844/ip/PWM_Analyzer_1.0
WARNING: [IP_Flow 19-1663] Duplicate IP found for 'digilentinc.com:ip:rgb2dvi:1.4'. The one found in IP location 'z:/DAT096/vivado-library-master/ip/rgb2dvi' will take precedence over the same IP in location z:/DAT096/vivado-library-b0946605e3617c901635278b62d0f6a8e3942844/ip/rgb2dvi
WARNING: [IP_Flow 19-4830] Duplicate Interface found for 'digilentinc.com:interface:pmod:1.0'. The one found in location 'z:/DAT096/vivado-library-b0946605e3617c901635278b62d0f6a8e3942844/if/pmod_v1_0/pmod.xml' will take precedence over the same Interface in location 'z:/DAT096/vivado-library-master/if/pmod_v1_0/pmod.xml'
WARNING: [IP_Flow 19-4830] Duplicate Interface found for 'digilentinc.com:interface:tmds:1.0'. The one found in location 'z:/DAT096/vivado-library-b0946605e3617c901635278b62d0f6a8e3942844/if/tmds_v1_0/tmds.xml' will take precedence over the same Interface in location 'z:/DAT096/vivado-library-master/if/tmds_v1_0/tmds.xml'
Upgrading 'Z:/DAT096/DAT096-krish/Embedded-System-Project-DAT096-krishna/Board_2/Board_2/Board_2.srcs/sources_1/bd/design_2/design_2.bd'
WARNING: [Vivado 12-1017] Problems encountered:
1. Failed to delete one or more files in run directory Z:/DAT096/DAT096-krish/Embedded-System-Project-DAT096-krishna/Board_2/Board_2/Board_2.runs/design_2_vcsel_top_0_0_synth_1

INFO: [IP_Flow 19-3420] Updated design_2_vcsel_top_0_0 to use current project options
Wrote  : <Z:\DAT096\DAT096-krish\Embedded-System-Project-DAT096-krishna\Board_2\Board_2\Board_2.srcs\sources_1\bd\design_2\design_2.bd> 
Wrote  : <Z:/DAT096/DAT096-krish/Embedded-System-Project-DAT096-krishna/Board_2/Board_2/Board_2.srcs/sources_1/bd/design_2/ui/bd_1fdbff51.ui> 
generate_target all [get_files  Z:/DAT096/DAT096-krish/Embedded-System-Project-DAT096-krishna/Board_2/Board_2/Board_2.srcs/sources_1/bd/design_2/design_2.bd]
WARNING: [BD 41-2670] Found an incomplete address path from address space '/processing_system7_0/Data' to master interface '/processing_system7_0/M_AXI_GP0'. Please either complete or remove this path to resolve.
WARNING: [BD 5-699] No address segments matched 'get_bd_addr_segs -of_objects /processing_system7_0/Data'
ERROR: [Common 17-161] Invalid option value '' specified for 'object'.
ERROR: [BD 41-1273] Error running propagate TCL procedure: ERROR: [Common 17-161] Invalid option value '' specified for 'object'.
    ::xilinx.com_ip_ila_6.2::propagate Line 95
INFO: [xilinx.com:ip:clk_wiz:6.0-1] /clk_wiz_0 clk_wiz propagate
Wrote  : <Z:\DAT096\DAT096-krish\Embedded-System-Project-DAT096-krishna\Board_2\Board_2\Board_2.srcs\sources_1\bd\design_2\design_2.bd> 
VHDL Output written to : z:/DAT096/DAT096-krish/Embedded-System-Project-DAT096-krishna/Board_2/Board_2/Board_2.gen/sources_1/bd/design_2/synth/design_2.vhd
VHDL Output written to : z:/DAT096/DAT096-krish/Embedded-System-Project-DAT096-krishna/Board_2/Board_2/Board_2.gen/sources_1/bd/design_2/sim/design_2.vhd
VHDL Output written to : z:/DAT096/DAT096-krish/Embedded-System-Project-DAT096-krishna/Board_2/Board_2/Board_2.gen/sources_1/bd/design_2/hdl/design_2_wrapper.vhd
INFO: [BD 41-1029] Generation completed for the IP Integrator block vcsel_top_0 .
Exporting to file z:/DAT096/DAT096-krish/Embedded-System-Project-DAT096-krishna/Board_2/Board_2/Board_2.gen/sources_1/bd/design_2/hw_handoff/design_2.hwh
Generated Hardware Definition File z:/DAT096/DAT096-krish/Embedded-System-Project-DAT096-krishna/Board_2/Board_2/Board_2.gen/sources_1/bd/design_2/synth/design_2.hwdef
ERROR: [Common 17-39] 'generate_target' failed due to earlier errors.
WARNING: [filemgmt 56-199] Attempt to get parsing info during refresh. "On-the-fly" syntax checking information may be incorrect. [Z:\DAT096\DAT096-krish\Embedded-System-Project-DAT096-krishna\Board_2\Board_2\Board_2.srcs\sources_1\new\vcsel_top.vhd:]
WARNING: [filemgmt 56-199] Attempt to get parsing info during refresh. "On-the-fly" syntax checking information may be incorrect. [Z:\DAT096\DAT096-krish\Embedded-System-Project-DAT096-krishna\Board_2\Board_2\Board_2.srcs\sources_1\new\v_to_amp.vhd:]
WARNING: [filemgmt 56-199] Attempt to get parsing info during refresh. "On-the-fly" syntax checking information may be incorrect. [Z:\DAT096\DAT096-krish\Embedded-System-Project-DAT096-krishna\Board_2\Board_2\Board_2.srcs\sources_1\new\v_to_amp.vhd:]
WARNING: [filemgmt 56-199] Attempt to get parsing info during refresh. "On-the-fly" syntax checking information may be incorrect. [Z:\DAT096\DAT096-krish\Embedded-System-Project-DAT096-krishna\Board_2\Board_2\Board_2.srcs\sources_1\new\v_to_amp.vhd:]
report_ip_status -name ip_status 
ERROR: [Common 17-180] Spawn failed: No error
reset_run synth_1
INFO: [Project 1-1161] Replacing file Z:/DAT096/DAT096-krish/Embedded-System-Project-DAT096-krishna/Board_2/Board_2/Board_2.srcs/utils_1/imports/synth_1/design_2_wrapper.dcp with file Z:/DAT096/DAT096-krish/Embedded-System-Project-DAT096-krishna/Board_2/Board_2/Board_2.runs/synth_1/design_2_wrapper.dcp
WARNING: [Vivado 12-1017] Problems encountered:
1. Failed to delete one or more files in run directory Z:/DAT096/DAT096-krish/Embedded-System-Project-DAT096-krishna/Board_2/Board_2/Board_2.runs/synth_1

WARNING: [filemgmt 56-199] Attempt to get parsing info during refresh. "On-the-fly" syntax checking information may be incorrect. [Z:\DAT096\DAT096-krish\Embedded-System-Project-DAT096-krishna\Board_2\Board_2\Board_2.srcs\sources_1\new\vcsel_top.vhd:]
WARNING: [filemgmt 56-199] Attempt to get parsing info during refresh. "On-the-fly" syntax checking information may be incorrect. [Z:\DAT096\DAT096-krish\Embedded-System-Project-DAT096-krishna\Board_2\Board_2\Board_2.srcs\sources_1\new\v_to_amp.vhd:]
WARNING: [filemgmt 56-199] Attempt to get parsing info during refresh. "On-the-fly" syntax checking information may be incorrect. [Z:\DAT096\DAT096-krish\Embedded-System-Project-DAT096-krishna\Board_2\Board_2\Board_2.srcs\sources_1\new\v_to_amp.vhd:]
WARNING: [filemgmt 56-199] Attempt to get parsing info during refresh. "On-the-fly" syntax checking information may be incorrect. [Z:\DAT096\DAT096-krish\Embedded-System-Project-DAT096-krishna\Board_2\Board_2\Board_2.srcs\sources_1\new\v_to_amp.vhd:]
launch_runs synth_1 -jobs 28
ERROR: [Common 17-180] Spawn failed: No error
ERROR: [Vivado 12-4756] Launch of runs aborted due to earlier errors while preparing sub-designs for run execution.
WARNING: [filemgmt 56-199] Attempt to get parsing info during refresh. "On-the-fly" syntax checking information may be incorrect. [Z:\DAT096\DAT096-krish\Embedded-System-Project-DAT096-krishna\Board_2\Board_2\Board_2.srcs\sources_1\new\vcsel_top.vhd:]
WARNING: [filemgmt 56-199] Attempt to get parsing info during refresh. "On-the-fly" syntax checking information may be incorrect. [Z:\DAT096\DAT096-krish\Embedded-System-Project-DAT096-krishna\Board_2\Board_2\Board_2.srcs\sources_1\new\v_to_amp.vhd:]
WARNING: [filemgmt 56-199] Attempt to get parsing info during refresh. "On-the-fly" syntax checking information may be incorrect. [Z:\DAT096\DAT096-krish\Embedded-System-Project-DAT096-krishna\Board_2\Board_2\Board_2.srcs\sources_1\new\v_to_amp.vhd:]
WARNING: [filemgmt 56-199] Attempt to get parsing info during refresh. "On-the-fly" syntax checking information may be incorrect. [Z:\DAT096\DAT096-krish\Embedded-System-Project-DAT096-krishna\Board_2\Board_2\Board_2.srcs\sources_1\new\v_to_amp.vhd:]
ERROR: [Common 17-180] Spawn failed: No error
launch_runs synth_1 -jobs 28
[Mon May 18 17:47:42 2026] Launched design_2_vcsel_top_0_0_synth_1...
Run output will be captured here: Z:/DAT096/DAT096-krish/Embedded-System-Project-DAT096-krishna/Board_2/Board_2/Board_2.runs/design_2_vcsel_top_0_0_synth_1/runme.log
[Mon May 18 17:47:42 2026] Launched synth_1...
Run output will be captured here: Z:/DAT096/DAT096-krish/Embedded-System-Project-DAT096-krishna/Board_2/Board_2/Board_2.runs/synth_1/runme.log
launch_runs impl_1 -jobs 28
[Mon May 18 17:49:48 2026] Launched impl_1...
Run output will be captured here: Z:/DAT096/DAT096-krish/Embedded-System-Project-DAT096-krishna/Board_2/Board_2/Board_2.runs/impl_1/runme.log
launch_runs impl_1 -to_step write_bitstream -jobs 28
[Mon May 18 17:52:57 2026] Launched impl_1...
Run output will be captured here: Z:/DAT096/DAT096-krish/Embedded-System-Project-DAT096-krishna/Board_2/Board_2/Board_2.runs/impl_1/runme.log
set_property PROBES.FILE {Z:/DAT096/DAT096-krish/Embedded-System-Project-DAT096-krishna/Board_2/Board_2/Board_2.runs/impl_1/design_2_wrapper.ltx} [get_hw_devices xc7z020_1]
set_property FULL_PROBES.FILE {Z:/DAT096/DAT096-krish/Embedded-System-Project-DAT096-krishna/Board_2/Board_2/Board_2.runs/impl_1/design_2_wrapper.ltx} [get_hw_devices xc7z020_1]
set_property PROGRAM.FILE {Z:/DAT096/DAT096-krish/Embedded-System-Project-DAT096-krishna/Board_2/Board_2/Board_2.runs/impl_1/design_2_wrapper.bit} [get_hw_devices xc7z020_1]
program_hw_devices [get_hw_devices xc7z020_1]
INFO: [Labtools 27-3164] End of startup status: HIGH
refresh_hw_device [lindex [get_hw_devices xc7z020_1] 0]
INFO: [Labtools 27-2302] Device xc7z020 (JTAG device index = 1) is programmed with a design that has 1 ILA core(s).
INFO: [Labtools 27-2302] Device xc7z020 (JTAG device index = 1) is programmed with a design that has 2 VIO core(s).
add_wave -into {hw_ila_data_1.wcfg} -radix hex { {design_2_i/probe5} {design_2_i/probe8} }
run_hw_ila [get_hw_ilas -of_objects [get_hw_devices xc7z020_1] -filter {CELL_NAME=~"design_2_i/ila_0"}]
INFO: [Labtools 27-1964] The ILA core 'hw_ila_1' trigger was armed at 2026-May-18 17:54:45
wait_on_hw_ila [get_hw_ilas -of_objects [get_hw_devices xc7z020_1] -filter {CELL_NAME=~"design_2_i/ila_0"}]
display_hw_ila_data [upload_hw_ila_data [get_hw_ilas -of_objects [get_hw_devices xc7z020_1] -filter {CELL_NAME=~"design_2_i/ila_0"}]]
INFO: [Labtools 27-1966] The ILA core 'hw_ila_1' triggered at 2026-May-18 17:54:45
INFO: [Labtools 27-3304] ILA Waveform data saved to file Z:/DAT096/DAT096-krish/Embedded-System-Project-DAT096-krishna/Board_2/Board_2/Board_2.hw/backup/hw_ila_data_1.ila. Use Tcl command 'read_hw_ila_data' or Vivado File->Import->Import ILA Data menu item to import the previously saved data.
open_bd_design {Z:/DAT096/DAT096-krish/Embedded-System-Project-DAT096-krishna/Board_2/Board_2/Board_2.srcs/sources_1/bd/design_2/design_2.bd}
delete_bd_objs [get_bd_nets xlconstant_4_dout] [get_bd_nets xlconstant_5_dout] [get_bd_cells xlconcat_1]
delete_bd_objs [get_bd_cells xlconstant_5]
delete_bd_objs [get_bd_cells xlconstant_4]
connect_bd_net [get_bd_pins vcsel_top_0/vcsel_tdata] [get_bd_pins ila_0/probe8]
startgroup
create_bd_cell -type ip -vlnv xilinx.com:ip:xlslice:1.0 xlslice_1
INFO: [BD 5-1043] It is recommended to use inline hdl version xilinx.com:inline_hdl:ilslice:1.0 for the IP type xilinx.com:ip:xlslice:1.0 for improved performance and reduced disk space. IPs with VLNV xilinx.com:ip:xlslice:1.0 may be deprecated in future releases. More information on inline hdl IP is available in UG994 
endgroup
set_property CONFIG.DIN_TO {14} [get_bd_cells xlslice_1]
set_property CONFIG.DOUT_WIDTH {14} [get_bd_cells xlslice_1]
set_property -dict [list \
  CONFIG.DIN_FROM {15} \
  CONFIG.DIN_TO {1} \
] [get_bd_cells xlslice_1]
set_property CONFIG.DIN_FROM {14} [get_bd_cells xlslice_1]
connect_bd_net [get_bd_pins vcsel_top_0/vcsel_tdata] [get_bd_pins xlslice_1/Din]
connect_bd_net [get_bd_pins xlslice_1/Dout] [get_bd_pins ila_0/probe5]
validate_bd_design
WARNING: [BD 41-2670] Found an incomplete address path from address space '/processing_system7_0/Data' to master interface '/processing_system7_0/M_AXI_GP0'. Please either complete or remove this path to resolve.
WARNING: [BD 5-699] No address segments matched 'get_bd_addr_segs -of_objects /processing_system7_0/Data'
INFO: [xilinx.com:ip:clk_wiz:6.0-1] /clk_wiz_0 clk_wiz propagate
save_bd_design
Wrote  : <Z:\DAT096\DAT096-krish\Embedded-System-Project-DAT096-krishna\Board_2\Board_2\Board_2.srcs\sources_1\bd\design_2\design_2.bd> 
Wrote  : <Z:/DAT096/DAT096-krish/Embedded-System-Project-DAT096-krishna/Board_2/Board_2/Board_2.srcs/sources_1/bd/design_2/ui/bd_1fdbff51.ui> 
reset_run synth_1
INFO: [Project 1-1161] Replacing file Z:/DAT096/DAT096-krish/Embedded-System-Project-DAT096-krishna/Board_2/Board_2/Board_2.srcs/utils_1/imports/synth_1/design_2_wrapper.dcp with file Z:/DAT096/DAT096-krish/Embedded-System-Project-DAT096-krishna/Board_2/Board_2/Board_2.runs/synth_1/design_2_wrapper.dcp
WARNING: [Vivado 12-1017] Problems encountered:
1. Failed to delete one or more files in run directory Z:/DAT096/DAT096-krish/Embedded-System-Project-DAT096-krishna/Board_2/Board_2/Board_2.runs/synth_1

WARNING: [filemgmt 56-199] Attempt to get parsing info during refresh. "On-the-fly" syntax checking information may be incorrect. [Z:\DAT096\DAT096-krish\Embedded-System-Project-DAT096-krishna\Board_2\Board_2\Board_2.srcs\sources_1\new\vcsel_top.vhd:]
WARNING: [filemgmt 56-199] Attempt to get parsing info during refresh. "On-the-fly" syntax checking information may be incorrect. [Z:\DAT096\DAT096-krish\Embedded-System-Project-DAT096-krishna\Board_2\Board_2\Board_2.srcs\sources_1\new\v_to_amp.vhd:]
WARNING: [filemgmt 56-199] Attempt to get parsing info during refresh. "On-the-fly" syntax checking information may be incorrect. [Z:\DAT096\DAT096-krish\Embedded-System-Project-DAT096-krishna\Board_2\Board_2\Board_2.srcs\sources_1\new\v_to_amp.vhd:]
WARNING: [filemgmt 56-199] Attempt to get parsing info during refresh. "On-the-fly" syntax checking information may be incorrect. [Z:\DAT096\DAT096-krish\Embedded-System-Project-DAT096-krishna\Board_2\Board_2\Board_2.srcs\sources_1\new\v_to_amp.vhd:]
launch_runs synth_1 -jobs 28
INFO: [BD 41-1662] The design 'design_2.bd' is already validated. Therefore parameter propagation will not be re-run.
VHDL Output written to : z:/DAT096/DAT096-krish/Embedded-System-Project-DAT096-krishna/Board_2/Board_2/Board_2.gen/sources_1/bd/design_2/synth/design_2.vhd
VHDL Output written to : z:/DAT096/DAT096-krish/Embedded-System-Project-DAT096-krishna/Board_2/Board_2/Board_2.gen/sources_1/bd/design_2/sim/design_2.vhd
VHDL Output written to : z:/DAT096/DAT096-krish/Embedded-System-Project-DAT096-krishna/Board_2/Board_2/Board_2.gen/sources_1/bd/design_2/hdl/design_2_wrapper.vhd
ERROR: [Common 17-180] Spawn failed: No error
INFO: [BD 41-1029] Generation completed for the IP Integrator block xlslice_1 .
Exporting to file z:/DAT096/DAT096-krish/Embedded-System-Project-DAT096-krishna/Board_2/Board_2/Board_2.gen/sources_1/bd/design_2/hw_handoff/design_2.hwh
Generated Hardware Definition File z:/DAT096/DAT096-krish/Embedded-System-Project-DAT096-krishna/Board_2/Board_2/Board_2.gen/sources_1/bd/design_2/synth/design_2.hwdef
ERROR: [Vivado 12-4756] Launch of runs aborted due to earlier errors while preparing sub-designs for run execution.
WARNING: [filemgmt 56-199] Attempt to get parsing info during refresh. "On-the-fly" syntax checking information may be incorrect. [Z:\DAT096\DAT096-krish\Embedded-System-Project-DAT096-krishna\Board_2\Board_2\Board_2.srcs\sources_1\new\vcsel_top.vhd:]
WARNING: [filemgmt 56-199] Attempt to get parsing info during refresh. "On-the-fly" syntax checking information may be incorrect. [Z:\DAT096\DAT096-krish\Embedded-System-Project-DAT096-krishna\Board_2\Board_2\Board_2.srcs\sources_1\new\v_to_amp.vhd:]
WARNING: [filemgmt 56-199] Attempt to get parsing info during refresh. "On-the-fly" syntax checking information may be incorrect. [Z:\DAT096\DAT096-krish\Embedded-System-Project-DAT096-krishna\Board_2\Board_2\Board_2.srcs\sources_1\new\v_to_amp.vhd:]
WARNING: [filemgmt 56-199] Attempt to get parsing info during refresh. "On-the-fly" syntax checking information may be incorrect. [Z:\DAT096\DAT096-krish\Embedded-System-Project-DAT096-krishna\Board_2\Board_2\Board_2.srcs\sources_1\new\v_to_amp.vhd:]
ERROR: [Common 17-180] Spawn failed: No error
launch_runs synth_1 -jobs 28
[Mon May 18 17:57:38 2026] Launched synth_1...
Run output will be captured here: Z:/DAT096/DAT096-krish/Embedded-System-Project-DAT096-krishna/Board_2/Board_2/Board_2.runs/synth_1/runme.log
report_ip_status -name ip_status 
launch_runs impl_1 -jobs 28
[Mon May 18 17:58:54 2026] Launched impl_1...
Run output will be captured here: Z:/DAT096/DAT096-krish/Embedded-System-Project-DAT096-krishna/Board_2/Board_2/Board_2.runs/impl_1/runme.log
launch_runs impl_1 -to_step write_bitstream -jobs 28
[Mon May 18 18:01:12 2026] Launched impl_1...
Run output will be captured here: Z:/DAT096/DAT096-krish/Embedded-System-Project-DAT096-krishna/Board_2/Board_2/Board_2.runs/impl_1/runme.log
set_property PROBES.FILE {Z:/DAT096/DAT096-krish/Embedded-System-Project-DAT096-krishna/Board_2/Board_2/Board_2.runs/impl_1/design_2_wrapper.ltx} [get_hw_devices xc7z020_1]
set_property FULL_PROBES.FILE {Z:/DAT096/DAT096-krish/Embedded-System-Project-DAT096-krishna/Board_2/Board_2/Board_2.runs/impl_1/design_2_wrapper.ltx} [get_hw_devices xc7z020_1]
set_property PROGRAM.FILE {Z:/DAT096/DAT096-krish/Embedded-System-Project-DAT096-krishna/Board_2/Board_2/Board_2.runs/impl_1/design_2_wrapper.bit} [get_hw_devices xc7z020_1]
program_hw_devices [get_hw_devices xc7z020_1]
INFO: [Labtools 27-3164] End of startup status: HIGH
refresh_hw_device [lindex [get_hw_devices xc7z020_1] 0]
INFO: [Labtools 27-2302] Device xc7z020 (JTAG device index = 1) is programmed with a design that has 1 ILA core(s).
INFO: [Labtools 27-2302] Device xc7z020 (JTAG device index = 1) is programmed with a design that has 2 VIO core(s).
add_wave -into {hw_ila_data_1.wcfg} -radix hex { {design_2_i/vcsel_top_0_vcsel_tdata} {design_2_i/xlslice_1_Dout} }
run_hw_ila [get_hw_ilas -of_objects [get_hw_devices xc7z020_1] -filter {CELL_NAME=~"design_2_i/ila_0"}]
INFO: [Labtools 27-1964] The ILA core 'hw_ila_1' trigger was armed at 2026-May-18 18:02:39
wait_on_hw_ila [get_hw_ilas -of_objects [get_hw_devices xc7z020_1] -filter {CELL_NAME=~"design_2_i/ila_0"}]
display_hw_ila_data [upload_hw_ila_data [get_hw_ilas -of_objects [get_hw_devices xc7z020_1] -filter {CELL_NAME=~"design_2_i/ila_0"}]]
INFO: [Labtools 27-1966] The ILA core 'hw_ila_1' triggered at 2026-May-18 18:02:39
INFO: [Labtools 27-3304] ILA Waveform data saved to file Z:/DAT096/DAT096-krish/Embedded-System-Project-DAT096-krishna/Board_2/Board_2/Board_2.hw/backup/hw_ila_data_1.ila. Use Tcl command 'read_hw_ila_data' or Vivado File->Import->Import ILA Data menu item to import the previously saved data.
open_bd_design {Z:/DAT096/DAT096-krish/Embedded-System-Project-DAT096-krishna/Board_2/Board_2/Board_2.srcs/sources_1/bd/design_2/design_2.bd}
startgroup
set_property -dict [list \
  CONFIG.DIN_FROM {13} \
  CONFIG.DIN_TO {0} \
] [get_bd_cells xlslice_1]
endgroup
save_bd_design
Wrote  : <Z:\DAT096\DAT096-krish\Embedded-System-Project-DAT096-krishna\Board_2\Board_2\Board_2.srcs\sources_1\bd\design_2\design_2.bd> 
reset_run synth_1
INFO: [Project 1-1161] Replacing file Z:/DAT096/DAT096-krish/Embedded-System-Project-DAT096-krishna/Board_2/Board_2/Board_2.srcs/utils_1/imports/synth_1/design_2_wrapper.dcp with file Z:/DAT096/DAT096-krish/Embedded-System-Project-DAT096-krishna/Board_2/Board_2/Board_2.runs/synth_1/design_2_wrapper.dcp
WARNING: [Vivado 12-1017] Problems encountered:
1. Failed to delete one or more files in run directory Z:/DAT096/DAT096-krish/Embedded-System-Project-DAT096-krishna/Board_2/Board_2/Board_2.runs/synth_1

launch_runs impl_1 -to_step write_bitstream -jobs 28
WARNING: [BD 41-2670] Found an incomplete address path from address space '/processing_system7_0/Data' to master interface '/processing_system7_0/M_AXI_GP0'. Please either complete or remove this path to resolve.
WARNING: [BD 5-699] No address segments matched 'get_bd_addr_segs -of_objects /processing_system7_0/Data'
INFO: [xilinx.com:ip:clk_wiz:6.0-1] /clk_wiz_0 clk_wiz propagate
WARNING: [filemgmt 56-199] Attempt to get parsing info during refresh. "On-the-fly" syntax checking information may be incorrect. [Z:\DAT096\DAT096-krish\Embedded-System-Project-DAT096-krishna\Board_2\Board_2\Board_2.srcs\sources_1\new\vcsel_top.vhd:]
WARNING: [filemgmt 56-199] Attempt to get parsing info during refresh. "On-the-fly" syntax checking information may be incorrect. [Z:\DAT096\DAT096-krish\Embedded-System-Project-DAT096-krishna\Board_2\Board_2\Board_2.srcs\sources_1\new\v_to_amp.vhd:]
WARNING: [filemgmt 56-199] Attempt to get parsing info during refresh. "On-the-fly" syntax checking information may be incorrect. [Z:\DAT096\DAT096-krish\Embedded-System-Project-DAT096-krishna\Board_2\Board_2\Board_2.srcs\sources_1\new\v_to_amp.vhd:]
WARNING: [filemgmt 56-199] Attempt to get parsing info during refresh. "On-the-fly" syntax checking information may be incorrect. [Z:\DAT096\DAT096-krish\Embedded-System-Project-DAT096-krishna\Board_2\Board_2\Board_2.srcs\sources_1\new\v_to_amp.vhd:]
Wrote  : <Z:\DAT096\DAT096-krish\Embedded-System-Project-DAT096-krishna\Board_2\Board_2\Board_2.srcs\sources_1\bd\design_2\design_2.bd> 
VHDL Output written to : z:/DAT096/DAT096-krish/Embedded-System-Project-DAT096-krishna/Board_2/Board_2/Board_2.gen/sources_1/bd/design_2/synth/design_2.vhd
VHDL Output written to : z:/DAT096/DAT096-krish/Embedded-System-Project-DAT096-krishna/Board_2/Board_2/Board_2.gen/sources_1/bd/design_2/sim/design_2.vhd
VHDL Output written to : z:/DAT096/DAT096-krish/Embedded-System-Project-DAT096-krishna/Board_2/Board_2/Board_2.gen/sources_1/bd/design_2/hdl/design_2_wrapper.vhd
ERROR: [Common 17-180] Spawn failed: No error
INFO: [BD 41-1029] Generation completed for the IP Integrator block xlslice_1 .
Exporting to file z:/DAT096/DAT096-krish/Embedded-System-Project-DAT096-krishna/Board_2/Board_2/Board_2.gen/sources_1/bd/design_2/hw_handoff/design_2.hwh
Generated Hardware Definition File z:/DAT096/DAT096-krish/Embedded-System-Project-DAT096-krishna/Board_2/Board_2/Board_2.gen/sources_1/bd/design_2/synth/design_2.hwdef
ERROR: [Vivado 12-4756] Launch of runs aborted due to earlier errors while preparing sub-designs for run execution.
WARNING: [filemgmt 56-199] Attempt to get parsing info during refresh. "On-the-fly" syntax checking information may be incorrect. [Z:\DAT096\DAT096-krish\Embedded-System-Project-DAT096-krishna\Board_2\Board_2\Board_2.srcs\sources_1\new\vcsel_top.vhd:]
WARNING: [filemgmt 56-199] Attempt to get parsing info during refresh. "On-the-fly" syntax checking information may be incorrect. [Z:\DAT096\DAT096-krish\Embedded-System-Project-DAT096-krishna\Board_2\Board_2\Board_2.srcs\sources_1\new\v_to_amp.vhd:]
WARNING: [filemgmt 56-199] Attempt to get parsing info during refresh. "On-the-fly" syntax checking information may be incorrect. [Z:\DAT096\DAT096-krish\Embedded-System-Project-DAT096-krishna\Board_2\Board_2\Board_2.srcs\sources_1\new\v_to_amp.vhd:]
WARNING: [filemgmt 56-199] Attempt to get parsing info during refresh. "On-the-fly" syntax checking information may be incorrect. [Z:\DAT096\DAT096-krish\Embedded-System-Project-DAT096-krishna\Board_2\Board_2\Board_2.srcs\sources_1\new\v_to_amp.vhd:]
ERROR: [Common 17-180] Spawn failed: No error
launch_runs impl_1 -to_step write_bitstream -jobs 28
[Mon May 18 18:07:09 2026] Launched synth_1...
Run output will be captured here: Z:/DAT096/DAT096-krish/Embedded-System-Project-DAT096-krishna/Board_2/Board_2/Board_2.runs/synth_1/runme.log
[Mon May 18 18:07:09 2026] Launched impl_1...
Run output will be captured here: Z:/DAT096/DAT096-krish/Embedded-System-Project-DAT096-krishna/Board_2/Board_2/Board_2.runs/impl_1/runme.log
set_property PROBES.FILE {Z:/DAT096/DAT096-krish/Embedded-System-Project-DAT096-krishna/Board_2/Board_2/Board_2.runs/impl_1/design_2_wrapper.ltx} [get_hw_devices xc7z020_1]
set_property FULL_PROBES.FILE {Z:/DAT096/DAT096-krish/Embedded-System-Project-DAT096-krishna/Board_2/Board_2/Board_2.runs/impl_1/design_2_wrapper.ltx} [get_hw_devices xc7z020_1]
set_property PROGRAM.FILE {Z:/DAT096/DAT096-krish/Embedded-System-Project-DAT096-krishna/Board_2/Board_2/Board_2.runs/impl_1/design_2_wrapper.bit} [get_hw_devices xc7z020_1]
program_hw_devices [get_hw_devices xc7z020_1]
INFO: [Labtools 27-3164] End of startup status: HIGH
refresh_hw_device [lindex [get_hw_devices xc7z020_1] 0]
INFO: [Labtools 27-2302] Device xc7z020 (JTAG device index = 1) is programmed with a design that has 1 ILA core(s).
INFO: [Labtools 27-2302] Device xc7z020 (JTAG device index = 1) is programmed with a design that has 2 VIO core(s).
run_hw_ila [get_hw_ilas -of_objects [get_hw_devices xc7z020_1] -filter {CELL_NAME=~"design_2_i/ila_0"}]
INFO: [Labtools 27-1964] The ILA core 'hw_ila_1' trigger was armed at 2026-May-18 18:10:33
wait_on_hw_ila [get_hw_ilas -of_objects [get_hw_devices xc7z020_1] -filter {CELL_NAME=~"design_2_i/ila_0"}]
display_hw_ila_data [upload_hw_ila_data [get_hw_ilas -of_objects [get_hw_devices xc7z020_1] -filter {CELL_NAME=~"design_2_i/ila_0"}]]
INFO: [Labtools 27-1966] The ILA core 'hw_ila_1' triggered at 2026-May-18 18:10:33
INFO: [Labtools 27-3304] ILA Waveform data saved to file Z:/DAT096/DAT096-krish/Embedded-System-Project-DAT096-krishna/Board_2/Board_2/Board_2.hw/backup/hw_ila_data_1.ila. Use Tcl command 'read_hw_ila_data' or Vivado File->Import->Import ILA Data menu item to import the previously saved data.
run_hw_ila [get_hw_ilas -of_objects [get_hw_devices xc7z020_1] -filter {CELL_NAME=~"design_2_i/ila_0"}]
INFO: [Labtools 27-1964] The ILA core 'hw_ila_1' trigger was armed at 2026-May-18 18:10:38
wait_on_hw_ila [get_hw_ilas -of_objects [get_hw_devices xc7z020_1] -filter {CELL_NAME=~"design_2_i/ila_0"}]
display_hw_ila_data [upload_hw_ila_data [get_hw_ilas -of_objects [get_hw_devices xc7z020_1] -filter {CELL_NAME=~"design_2_i/ila_0"}]]
INFO: [Labtools 27-1966] The ILA core 'hw_ila_1' triggered at 2026-May-18 18:10:38
INFO: [Labtools 27-3304] ILA Waveform data saved to file Z:/DAT096/DAT096-krish/Embedded-System-Project-DAT096-krishna/Board_2/Board_2/Board_2.hw/backup/hw_ila_data_1.ila. Use Tcl command 'read_hw_ila_data' or Vivado File->Import->Import ILA Data menu item to import the previously saved data.
save_wave_config {Z:/DAT096/DAT096-krish/Embedded-System-Project-DAT096-krishna/Board_2/Board_2/Board_2.hw/hw_1/wave/hw_ila_data_1/hw_ila_data_1.wcfg}
close_hw_manager
open_hw_manager
connect_hw_server -allow_non_jtag
INFO: [Labtools 27-2285] Connecting to hw_server url TCP:localhost:3121
INFO: [Labtools 27-3415] Connecting to cs_server url TCP:localhost:0
INFO: [Labtools 27-3417] Launching cs_server...
INFO: [Labtools 27-2221] Launch Output:


******** Xilinx cs_server v2024.2.0
  ****** Build date   : Oct 30 2024-19:19:07
    **** Build number : 2024.2.1730312347
      ** Copyright 2017-2022 Xilinx, Inc. All Rights Reserved.
      ** Copyright 2022-2026 Advanced Micro Devices, Inc. All Rights Reserved.



connect_hw_server: Time (s): cpu = 00:00:00 ; elapsed = 00:00:11 . Memory (MB): peak = 2892.051 ; gain = 0.000
open_hw_target
INFO: [Labtoolstcl 44-466] Opening hw_target localhost:3121/xilinx_tcf/Digilent/210393BB58C1A
set_property PROGRAM.FILE {Z:/DAT096/DAT096-krish/Embedded-System-Project-DAT096-krishna/Board_2/Board_2/Board_2.runs/impl_1/design_2_wrapper.bit} [get_hw_devices xc7z020_1]
set_property PROBES.FILE {Z:/DAT096/DAT096-krish/Embedded-System-Project-DAT096-krishna/Board_2/Board_2/Board_2.runs/impl_1/design_2_wrapper.ltx} [get_hw_devices xc7z020_1]
set_property FULL_PROBES.FILE {Z:/DAT096/DAT096-krish/Embedded-System-Project-DAT096-krishna/Board_2/Board_2/Board_2.runs/impl_1/design_2_wrapper.ltx} [get_hw_devices xc7z020_1]
current_hw_device [get_hw_devices xc7z020_1]
refresh_hw_device [lindex [get_hw_devices xc7z020_1] 0]
INFO: [Labtools 27-2302] Device xc7z020 (JTAG device index = 1) is programmed with a design that has 1 ILA core(s).
INFO: [Labtools 27-2302] Device xc7z020 (JTAG device index = 1) is programmed with a design that has 2 VIO core(s).
display_hw_ila_data [ get_hw_ila_data hw_ila_data_1 -of_objects [get_hw_ilas -of_objects [get_hw_devices xc7z020_1] -filter {CELL_NAME=~"design_2_i/ila_0"}]]
set_property PROBES.FILE {Z:/DAT096/DAT096-krish/Embedded-System-Project-DAT096-krishna/Board_2/Board_2/Board_2.runs/impl_1/design_2_wrapper.ltx} [get_hw_devices xc7z020_1]
set_property FULL_PROBES.FILE {Z:/DAT096/DAT096-krish/Embedded-System-Project-DAT096-krishna/Board_2/Board_2/Board_2.runs/impl_1/design_2_wrapper.ltx} [get_hw_devices xc7z020_1]
set_property PROGRAM.FILE {Z:/DAT096/DAT096-krish/Embedded-System-Project-DAT096-krishna/Board_2/Board_2/Board_2.runs/impl_1/design_2_wrapper.bit} [get_hw_devices xc7z020_1]
program_hw_devices [get_hw_devices xc7z020_1]
INFO: [Labtools 27-3164] End of startup status: HIGH
refresh_hw_device [lindex [get_hw_devices xc7z020_1] 0]
INFO: [Labtools 27-2302] Device xc7z020 (JTAG device index = 1) is programmed with a design that has 1 ILA core(s).
INFO: [Labtools 27-2302] Device xc7z020 (JTAG device index = 1) is programmed with a design that has 2 VIO core(s).
run_hw_ila [get_hw_ilas -of_objects [get_hw_devices xc7z020_1] -filter {CELL_NAME=~"design_2_i/ila_0"}]
INFO: [Labtools 27-1964] The ILA core 'hw_ila_1' trigger was armed at 2026-May-18 18:11:11
wait_on_hw_ila [get_hw_ilas -of_objects [get_hw_devices xc7z020_1] -filter {CELL_NAME=~"design_2_i/ila_0"}]
display_hw_ila_data [upload_hw_ila_data [get_hw_ilas -of_objects [get_hw_devices xc7z020_1] -filter {CELL_NAME=~"design_2_i/ila_0"}]]
INFO: [Labtools 27-1966] The ILA core 'hw_ila_1' triggered at 2026-May-18 18:11:11
INFO: [Labtools 27-3304] ILA Waveform data saved to file Z:/DAT096/DAT096-krish/Embedded-System-Project-DAT096-krishna/Board_2/Board_2/Board_2.hw/backup/hw_ila_data_1.ila. Use Tcl command 'read_hw_ila_data' or Vivado File->Import->Import ILA Data menu item to import the previously saved data.
open_bd_design {Z:/DAT096/DAT096-krish/Embedded-System-Project-DAT096-krishna/Board_2/Board_2/Board_2.srcs/sources_1/bd/design_2/design_2.bd}
delete_bd_objs [get_bd_nets vcsel_top_0_vcsel_tdata]
WARNING: [filemgmt 56-199] Attempt to get parsing info during refresh. "On-the-fly" syntax checking information may be incorrect. [Z:\DAT096\DAT096-krish\Embedded-System-Project-DAT096-krishna\Board_2\Board_2\Board_2.srcs\sources_1\new\vcsel_top.vhd:]
WARNING: [filemgmt 56-199] Attempt to get parsing info during refresh. "On-the-fly" syntax checking information may be incorrect. [Z:\DAT096\DAT096-krish\Embedded-System-Project-DAT096-krishna\Board_2\Board_2\Board_2.srcs\sources_1\new\v_to_amp.vhd:]
WARNING: [filemgmt 56-199] Attempt to get parsing info during refresh. "On-the-fly" syntax checking information may be incorrect. [Z:\DAT096\DAT096-krish\Embedded-System-Project-DAT096-krishna\Board_2\Board_2\Board_2.srcs\sources_1\new\v_to_amp.vhd:]
WARNING: [filemgmt 56-199] Attempt to get parsing info during refresh. "On-the-fly" syntax checking information may be incorrect. [Z:\DAT096\DAT096-krish\Embedded-System-Project-DAT096-krishna\Board_2\Board_2\Board_2.srcs\sources_1\new\v_to_amp.vhd:]
ERROR: [Common 17-180] Spawn failed: No error
report_ip_status -name ip_status 
update_module_reference [get_ips  design_2_vcsel_top_0_0]
INFO: [IP_Flow 19-5107] Inferred bus interface 'm_axis' of definition 'xilinx.com:interface:axis:1.0' (from Xilinx Repository).
INFO: [IP_Flow 19-5107] Inferred bus interface 'clk' of definition 'xilinx.com:signal:clock:1.0' (from Xilinx Repository).
INFO: [IP_Flow 19-4728] Bus Interface 'clk': Added interface parameter 'ASSOCIATED_BUSIF' with value 'm_axis'.
WARNING: [IP_Flow 19-11770] Clock interface 'clk' has no FREQ_HZ parameter.
WARNING: [IP_Flow 19-1663] Duplicate IP found for 'digilentinc.com:user:axi_i2s_adi:1.2'. The one found in IP location 'z:/DAT096/vivado-library-b0946605e3617c901635278b62d0f6a8e3942844/ip/axi_i2s_adi_1.2' will take precedence over the same IP in location z:/DAT096/vivado-library-master/ip/axi_i2s_adi_1.2
WARNING: [IP_Flow 19-1663] Duplicate IP found for 'digilentinc.com:IP:axi_ps2:1.0'. The one found in IP location 'z:/DAT096/vivado-library-b0946605e3617c901635278b62d0f6a8e3942844/ip/axi_ps2_1.0' will take precedence over the same IP in location z:/DAT096/vivado-library-master/ip/axi_ps2_1.0
WARNING: [IP_Flow 19-1663] Duplicate IP found for 'digilentinc.com:ip:clock_forwarder:1.1'. The one found in IP location 'z:/DAT096/vivado-library-b0946605e3617c901635278b62d0f6a8e3942844/ip/clock_forwarder' will take precedence over the same IP in location z:/DAT096/vivado-library-master/ip/clock_forwarder
WARNING: [IP_Flow 19-1663] Duplicate IP found for 'digilentinc.com:IP:hls_contrast_stretch:1.0'. The one found in IP location 'z:/DAT096/vivado-library-b0946605e3617c901635278b62d0f6a8e3942844/ip/hls_contrast_stretch_1_0' will take precedence over the same IP in location z:/DAT096/vivado-library-master/ip/hls_contrast_stretch_1_0
WARNING: [IP_Flow 19-1663] Duplicate IP found for 'digilentinc.com:IP:hls_gamma_correction:1.0'. The one found in IP location 'z:/DAT096/vivado-library-b0946605e3617c901635278b62d0f6a8e3942844/ip/hls_gamma_correction_1_0' will take precedence over the same IP in location z:/DAT096/vivado-library-master/ip/hls_gamma_correction_1_0
WARNING: [IP_Flow 19-1663] Duplicate IP found for 'digilentinc.com:IP:hls_saturation_enhance:1.0'. The one found in IP location 'z:/DAT096/vivado-library-b0946605e3617c901635278b62d0f6a8e3942844/ip/hls_saturation_enhance_1_0' will take precedence over the same IP in location z:/DAT096/vivado-library-master/ip/hls_saturation_enhance_1_0
WARNING: [IP_Flow 19-1663] Duplicate IP found for 'digilentinc.com:ip:rgb2dpvid:1.0'. The one found in IP location 'z:/DAT096/vivado-library-b0946605e3617c901635278b62d0f6a8e3942844/ip/rgb2dpvid_v1_0' will take precedence over the same IP in location z:/DAT096/vivado-library-master/ip/rgb2dpvid_v1_0
WARNING: [IP_Flow 19-1663] Duplicate IP found for 'digilentinc.com:ip:rgb2vga:1.0'. The one found in IP location 'z:/DAT096/vivado-library-b0946605e3617c901635278b62d0f6a8e3942844/ip/rgb2vga_v1_0' will take precedence over the same IP in location z:/DAT096/vivado-library-master/ip/rgb2vga_v1_0
WARNING: [IP_Flow 19-1663] Duplicate IP found for 'digilentinc.com:ip:Sync:1.0'. The one found in IP location 'z:/DAT096/vivado-library-b0946605e3617c901635278b62d0f6a8e3942844/ip/Sync_v1_0' will take precedence over the same IP in location z:/DAT096/vivado-library-master/ip/Sync_v1_0
WARNING: [IP_Flow 19-1663] Duplicate IP found for 'digilentinc.com:ip:usb2device:1.0'. The one found in IP location 'z:/DAT096/vivado-library-b0946605e3617c901635278b62d0f6a8e3942844/ip/usb2device_v1_0' will take precedence over the same IP in location z:/DAT096/vivado-library-master/ip/usb2device_v1_0
WARNING: [IP_Flow 19-1663] Duplicate IP found for 'digilentinc.com:video:video_scaler:1.0'. The one found in IP location 'z:/DAT096/vivado-library-b0946605e3617c901635278b62d0f6a8e3942844/ip/video_scaler' will take precedence over the same IP in location z:/DAT096/vivado-library-master/ip/video_scaler
WARNING: [IP_Flow 19-1663] Duplicate IP found for 'digilentinc.com:ip:dvi2rgb:2.0'. The one found in IP location 'z:/DAT096/vivado-library-master/ip/dvi2rgb' will take precedence over the same IP in location z:/DAT096/vivado-library-b0946605e3617c901635278b62d0f6a8e3942844/ip/dvi2rgb
WARNING: [IP_Flow 19-1663] Duplicate IP found for 'digilentinc.com:IP:MotorFeedback:1.0'. The one found in IP location 'z:/DAT096/vivado-library-master/ip/MotorFeedback_1.0' will take precedence over the same IP in location z:/DAT096/vivado-library-b0946605e3617c901635278b62d0f6a8e3942844/ip/MotorFeedback_1.0
WARNING: [IP_Flow 19-1663] Duplicate IP found for 'digilentinc.com:IP:PmodACL2:1.0'. The one found in IP location 'z:/DAT096/vivado-library-master/ip/Pmods/PmodACL2_v1_0' will take precedence over the same IP in location z:/DAT096/vivado-library-b0946605e3617c901635278b62d0f6a8e3942844/ip/Pmods/PmodACL2_v1_0
WARNING: [IP_Flow 19-1663] Duplicate IP found for 'digilentinc.com:IP:PmodACL:1.0'. The one found in IP location 'z:/DAT096/vivado-library-master/ip/Pmods/PmodACL_v1_0' will take precedence over the same IP in location z:/DAT096/vivado-library-b0946605e3617c901635278b62d0f6a8e3942844/ip/Pmods/PmodACL_v1_0
WARNING: [IP_Flow 19-1663] Duplicate IP found for 'digilentinc.com:IP:PmodAD1:1.0'. The one found in IP location 'z:/DAT096/vivado-library-master/ip/Pmods/PmodAD1_v1_0' will take precedence over the same IP in location z:/DAT096/vivado-library-b0946605e3617c901635278b62d0f6a8e3942844/ip/Pmods/PmodAD1_v1_0
WARNING: [IP_Flow 19-1663] Duplicate IP found for 'digilentinc.com:IP:PmodAD2:1.0'. The one found in IP location 'z:/DAT096/vivado-library-master/ip/Pmods/PmodAD2_v1_0' will take precedence over the same IP in location z:/DAT096/vivado-library-b0946605e3617c901635278b62d0f6a8e3942844/ip/Pmods/PmodAD2_v1_0
WARNING: [IP_Flow 19-1663] Duplicate IP found for 'digilentinc.com:IP:PmodAD5:1.0'. The one found in IP location 'z:/DAT096/vivado-library-master/ip/Pmods/PmodAD5_v1_0' will take precedence over the same IP in location z:/DAT096/vivado-library-b0946605e3617c901635278b62d0f6a8e3942844/ip/Pmods/PmodAD5_v1_0
WARNING: [IP_Flow 19-1663] Duplicate IP found for 'digilentinc.com:IP:PmodALS:1.0'. The one found in IP location 'z:/DAT096/vivado-library-master/ip/Pmods/PmodALS_v1_0' will take precedence over the same IP in location z:/DAT096/vivado-library-b0946605e3617c901635278b62d0f6a8e3942844/ip/Pmods/PmodALS_v1_0
WARNING: [IP_Flow 19-1663] Duplicate IP found for 'digilentinc.com:IP:PmodAMP2:1.0'. The one found in IP location 'z:/DAT096/vivado-library-master/ip/Pmods/PmodAMP2_v1_0' will take precedence over the same IP in location z:/DAT096/vivado-library-b0946605e3617c901635278b62d0f6a8e3942844/ip/Pmods/PmodAMP2_v1_0
WARNING: [IP_Flow 19-1663] Duplicate IP found for 'digilentinc.com:IP:PmodAQS:1.0'. The one found in IP location 'z:/DAT096/vivado-library-master/ip/Pmods/PmodAQS_v1_0' will take precedence over the same IP in location z:/DAT096/vivado-library-b0946605e3617c901635278b62d0f6a8e3942844/ip/Pmods/PmodAQS_v1_0
WARNING: [IP_Flow 19-1663] Duplicate IP found for 'digilentinc.com:IP:PmodBLE:1.0'. The one found in IP location 'z:/DAT096/vivado-library-master/ip/Pmods/PmodBLE_v1_0' will take precedence over the same IP in location z:/DAT096/vivado-library-b0946605e3617c901635278b62d0f6a8e3942844/ip/Pmods/PmodBLE_v1_0
WARNING: [IP_Flow 19-1663] Duplicate IP found for 'digilentinc.com:IP:PmodBT2:1.0'. The one found in IP location 'z:/DAT096/vivado-library-master/ip/Pmods/PmodBT2_v1_0' will take precedence over the same IP in location z:/DAT096/vivado-library-b0946605e3617c901635278b62d0f6a8e3942844/ip/Pmods/PmodBT2_v1_0
WARNING: [IP_Flow 19-1663] Duplicate IP found for 'digilentinc.com:IP:PmodCAN:1.0'. The one found in IP location 'z:/DAT096/vivado-library-master/ip/Pmods/PmodCAN_v1_0' will take precedence over the same IP in location z:/DAT096/vivado-library-b0946605e3617c901635278b62d0f6a8e3942844/ip/Pmods/PmodCAN_v1_0
WARNING: [IP_Flow 19-1663] Duplicate IP found for 'digilentinc.com:IP:PmodCLS:1.0'. The one found in IP location 'z:/DAT096/vivado-library-master/ip/Pmods/PmodCLS_v1_0' will take precedence over the same IP in location z:/DAT096/vivado-library-b0946605e3617c901635278b62d0f6a8e3942844/ip/Pmods/PmodCLS_v1_0
WARNING: [IP_Flow 19-1663] Duplicate IP found for 'digilentinc.com:IP:PmodCMPS2:1.0'. The one found in IP location 'z:/DAT096/vivado-library-master/ip/Pmods/PmodCMPS2_v1_0' will take precedence over the same IP in location z:/DAT096/vivado-library-b0946605e3617c901635278b62d0f6a8e3942844/ip/Pmods/PmodCMPS2_v1_0
WARNING: [IP_Flow 19-1663] Duplicate IP found for 'digilentinc.com:IP:PmodCOLOR:1.0'. The one found in IP location 'z:/DAT096/vivado-library-master/ip/Pmods/PmodCOLOR_v1_0' will take precedence over the same IP in location z:/DAT096/vivado-library-b0946605e3617c901635278b62d0f6a8e3942844/ip/Pmods/PmodCOLOR_v1_0
WARNING: [IP_Flow 19-1663] Duplicate IP found for 'digilentinc.com:IP:PmodDA1:1.0'. The one found in IP location 'z:/DAT096/vivado-library-master/ip/Pmods/PmodDA1_v1_0' will take precedence over the same IP in location z:/DAT096/vivado-library-b0946605e3617c901635278b62d0f6a8e3942844/ip/Pmods/PmodDA1_v1_0
WARNING: [IP_Flow 19-1663] Duplicate IP found for 'digilentinc.com:IP:PmodDHB1:1.0'. The one found in IP location 'z:/DAT096/vivado-library-master/ip/Pmods/PmodDHB1_v1_0' will take precedence over the same IP in location z:/DAT096/vivado-library-b0946605e3617c901635278b62d0f6a8e3942844/ip/Pmods/PmodDHB1_v1_0
WARNING: [IP_Flow 19-1663] Duplicate IP found for 'digilentinc.com:IP:PmodDPG1:1.0'. The one found in IP location 'z:/DAT096/vivado-library-master/ip/Pmods/PmodDPG1_v1_0' will take precedence over the same IP in location z:/DAT096/vivado-library-b0946605e3617c901635278b62d0f6a8e3942844/ip/Pmods/PmodDPG1_v1_0
WARNING: [IP_Flow 19-1663] Duplicate IP found for 'digilentinc.com:IP:PmodENC:1.0'. The one found in IP location 'z:/DAT096/vivado-library-master/ip/Pmods/PmodENC_v1_0' will take precedence over the same IP in location z:/DAT096/vivado-library-b0946605e3617c901635278b62d0f6a8e3942844/ip/Pmods/PmodENC_v1_0
WARNING: [IP_Flow 19-1663] Duplicate IP found for 'digilentinc.com:user:PmodESP32:1.0'. The one found in IP location 'z:/DAT096/vivado-library-master/ip/Pmods/PmodESP32_v1_0' will take precedence over the same IP in location z:/DAT096/vivado-library-b0946605e3617c901635278b62d0f6a8e3942844/ip/Pmods/PmodESP32_v1_0
WARNING: [IP_Flow 19-1663] Duplicate IP found for 'digilentinc.com:IP:PmodGPIO:1.0'. The one found in IP location 'z:/DAT096/vivado-library-master/ip/Pmods/PmodGPIO_v1_0' will take precedence over the same IP in location z:/DAT096/vivado-library-b0946605e3617c901635278b62d0f6a8e3942844/ip/Pmods/PmodGPIO_v1_0
WARNING: [IP_Flow 19-1663] Duplicate IP found for 'digilentinc.com:IP:PmodGPS:1.1'. The one found in IP location 'z:/DAT096/vivado-library-master/ip/Pmods/PmodGPS_v1_1' will take precedence over the same IP in location z:/DAT096/vivado-library-b0946605e3617c901635278b62d0f6a8e3942844/ip/Pmods/PmodGPS_v1_1
WARNING: [IP_Flow 19-1663] Duplicate IP found for 'digilentinc.com:IP:PmodGYRO:1.0'. The one found in IP location 'z:/DAT096/vivado-library-master/ip/Pmods/PmodGYRO_v1_0' will take precedence over the same IP in location z:/DAT096/vivado-library-b0946605e3617c901635278b62d0f6a8e3942844/ip/Pmods/PmodGYRO_v1_0
WARNING: [IP_Flow 19-1663] Duplicate IP found for 'digilentinc.com:IP:PmodHYGRO:1.0'. The one found in IP location 'z:/DAT096/vivado-library-master/ip/Pmods/PmodHYGRO_v1_0' will take precedence over the same IP in location z:/DAT096/vivado-library-b0946605e3617c901635278b62d0f6a8e3942844/ip/Pmods/PmodHYGRO_v1_0
WARNING: [IP_Flow 19-1663] Duplicate IP found for 'digilentinc.com:IP:PmodJSTK2:1.0'. The one found in IP location 'z:/DAT096/vivado-library-master/ip/Pmods/PmodJSTK2_v1_0' will take precedence over the same IP in location z:/DAT096/vivado-library-b0946605e3617c901635278b62d0f6a8e3942844/ip/Pmods/PmodJSTK2_v1_0
WARNING: [IP_Flow 19-1663] Duplicate IP found for 'digilentinc.com:IP:PmodJSTK:1.0'. The one found in IP location 'z:/DAT096/vivado-library-master/ip/Pmods/PmodJSTK_v1_0' will take precedence over the same IP in location z:/DAT096/vivado-library-b0946605e3617c901635278b62d0f6a8e3942844/ip/Pmods/PmodJSTK_v1_0
WARNING: [IP_Flow 19-1663] Duplicate IP found for 'digilentinc.com:IP:PmodKYPD:1.0'. The one found in IP location 'z:/DAT096/vivado-library-master/ip/Pmods/PmodKYPD_v1_0' will take precedence over the same IP in location z:/DAT096/vivado-library-b0946605e3617c901635278b62d0f6a8e3942844/ip/Pmods/PmodKYPD_v1_0
WARNING: [IP_Flow 19-1663] Duplicate IP found for 'digilentinc.com:IP:PmodMAXSONAR:1.0'. The one found in IP location 'z:/DAT096/vivado-library-master/ip/Pmods/PmodMAXSONAR_v1_0' will take precedence over the same IP in location z:/DAT096/vivado-library-b0946605e3617c901635278b62d0f6a8e3942844/ip/Pmods/PmodMAXSONAR_v1_0
WARNING: [IP_Flow 19-1663] Duplicate IP found for 'digilentinc.com:IP:PmodMTDS:1.0'. The one found in IP location 'z:/DAT096/vivado-library-master/ip/Pmods/PmodMTDS_v1_0' will take precedence over the same IP in location z:/DAT096/vivado-library-b0946605e3617c901635278b62d0f6a8e3942844/ip/Pmods/PmodMTDS_v1_0
WARNING: [IP_Flow 19-1663] Duplicate IP found for 'digilentinc.com:IP:PmodNAV:1.0'. The one found in IP location 'z:/DAT096/vivado-library-master/ip/Pmods/PmodNAV_v1_0' will take precedence over the same IP in location z:/DAT096/vivado-library-b0946605e3617c901635278b62d0f6a8e3942844/ip/Pmods/PmodNAV_v1_0
WARNING: [IP_Flow 19-1663] Duplicate IP found for 'digilentinc.com:IP:PmodOLEDrgb:1.0'. The one found in IP location 'z:/DAT096/vivado-library-master/ip/Pmods/pmodOLEDrgb_v1_0' will take precedence over the same IP in location z:/DAT096/vivado-library-b0946605e3617c901635278b62d0f6a8e3942844/ip/Pmods/pmodOLEDrgb_v1_0
WARNING: [IP_Flow 19-1663] Duplicate IP found for 'digilentinc.com:IP:PmodOLED:1.0'. The one found in IP location 'z:/DAT096/vivado-library-master/ip/Pmods/PmodOLED_v1_0' will take precedence over the same IP in location z:/DAT096/vivado-library-b0946605e3617c901635278b62d0f6a8e3942844/ip/Pmods/PmodOLED_v1_0
WARNING: [IP_Flow 19-1663] Duplicate IP found for 'digilentinc.com:IP:PmodPIR:1.0'. The one found in IP location 'z:/DAT096/vivado-library-master/ip/Pmods/PmodPIR_v1_0' will take precedence over the same IP in location z:/DAT096/vivado-library-b0946605e3617c901635278b62d0f6a8e3942844/ip/Pmods/PmodPIR_v1_0
WARNING: [IP_Flow 19-1663] Duplicate IP found for 'digilentinc.com:IP:PmodR2R:1.0'. The one found in IP location 'z:/DAT096/vivado-library-master/ip/Pmods/PmodR2R_v1_0' will take precedence over the same IP in location z:/DAT096/vivado-library-b0946605e3617c901635278b62d0f6a8e3942844/ip/Pmods/PmodR2R_v1_0
WARNING: [IP_Flow 19-1663] Duplicate IP found for 'digilentinc.com:IP:PmodRTCC:1.0'. The one found in IP location 'z:/DAT096/vivado-library-master/ip/Pmods/PmodRTCC_v1_0' will take precedence over the same IP in location z:/DAT096/vivado-library-b0946605e3617c901635278b62d0f6a8e3942844/ip/Pmods/PmodRTCC_v1_0
WARNING: [IP_Flow 19-1663] Duplicate IP found for 'digilentinc.com:IP:PmodSD:1.0'. The one found in IP location 'z:/DAT096/vivado-library-master/ip/Pmods/PmodSD_v1_0' will take precedence over the same IP in location z:/DAT096/vivado-library-b0946605e3617c901635278b62d0f6a8e3942844/ip/Pmods/PmodSD_v1_0
WARNING: [IP_Flow 19-1663] Duplicate IP found for 'digilentinc.com:IP:PmodSF3:1.0'. The one found in IP location 'z:/DAT096/vivado-library-master/ip/Pmods/PmodSF3_v1_0' will take precedence over the same IP in location z:/DAT096/vivado-library-b0946605e3617c901635278b62d0f6a8e3942844/ip/Pmods/PmodSF3_v1_0
WARNING: [IP_Flow 19-1663] Duplicate IP found for 'digilentinc.com:IP:PmodTC1:1.0'. The one found in IP location 'z:/DAT096/vivado-library-master/ip/Pmods/PmodTC1_v1_0' will take precedence over the same IP in location z:/DAT096/vivado-library-b0946605e3617c901635278b62d0f6a8e3942844/ip/Pmods/PmodTC1_v1_0
WARNING: [IP_Flow 19-1663] Duplicate IP found for 'digilentinc.com:IP:PmodTMP3:1.0'. The one found in IP location 'z:/DAT096/vivado-library-master/ip/Pmods/PmodTMP3_v1_0' will take precedence over the same IP in location z:/DAT096/vivado-library-b0946605e3617c901635278b62d0f6a8e3942844/ip/Pmods/PmodTMP3_v1_0
WARNING: [IP_Flow 19-1663] Duplicate IP found for 'digilentinc.com:IP:PmodWIFI:1.0'. The one found in IP location 'z:/DAT096/vivado-library-master/ip/Pmods/PmodWIFI_v1_0' will take precedence over the same IP in location z:/DAT096/vivado-library-b0946605e3617c901635278b62d0f6a8e3942844/ip/Pmods/PmodWIFI_v1_0
WARNING: [IP_Flow 19-1663] Duplicate IP found for 'digilentinc.com:ip:pmod_bridge:1.0'. The one found in IP location 'z:/DAT096/vivado-library-master/ip/Pmods/Pmod_Bridge_v1_0' will take precedence over the same IP in location z:/DAT096/vivado-library-b0946605e3617c901635278b62d0f6a8e3942844/ip/Pmods/Pmod_Bridge_v1_0
WARNING: [IP_Flow 19-1663] Duplicate IP found for 'digilentinc.com:ip:pmod_bridge:1.1'. The one found in IP location 'z:/DAT096/vivado-library-master/ip/Pmods/Pmod_Bridge_v1_1' will take precedence over the same IP in location z:/DAT096/vivado-library-b0946605e3617c901635278b62d0f6a8e3942844/ip/Pmods/Pmod_Bridge_v1_1
WARNING: [IP_Flow 19-1663] Duplicate IP found for 'digilentinc.com:IP:PWM:1.0'. The one found in IP location 'z:/DAT096/vivado-library-master/ip/PWM_1.0' will take precedence over the same IP in location z:/DAT096/vivado-library-b0946605e3617c901635278b62d0f6a8e3942844/ip/PWM_1.0
WARNING: [IP_Flow 19-1663] Duplicate IP found for 'digilentinc.com:IP:PWM:2.0'. The one found in IP location 'z:/DAT096/vivado-library-master/ip/PWM_2.0' will take precedence over the same IP in location z:/DAT096/vivado-library-b0946605e3617c901635278b62d0f6a8e3942844/ip/PWM_2.0
WARNING: [IP_Flow 19-1663] Duplicate IP found for 'digilentinc.com:IP:PWM_Analyzer:1.0'. The one found in IP location 'z:/DAT096/vivado-library-master/ip/PWM_Analyzer_1.0' will take precedence over the same IP in location z:/DAT096/vivado-library-b0946605e3617c901635278b62d0f6a8e3942844/ip/PWM_Analyzer_1.0
WARNING: [IP_Flow 19-1663] Duplicate IP found for 'digilentinc.com:ip:rgb2dvi:1.4'. The one found in IP location 'z:/DAT096/vivado-library-master/ip/rgb2dvi' will take precedence over the same IP in location z:/DAT096/vivado-library-b0946605e3617c901635278b62d0f6a8e3942844/ip/rgb2dvi
WARNING: [IP_Flow 19-4830] Duplicate Interface found for 'digilentinc.com:interface:pmod:1.0'. The one found in location 'z:/DAT096/vivado-library-b0946605e3617c901635278b62d0f6a8e3942844/if/pmod_v1_0/pmod.xml' will take precedence over the same Interface in location 'z:/DAT096/vivado-library-master/if/pmod_v1_0/pmod.xml'
WARNING: [IP_Flow 19-4830] Duplicate Interface found for 'digilentinc.com:interface:tmds:1.0'. The one found in location 'z:/DAT096/vivado-library-b0946605e3617c901635278b62d0f6a8e3942844/if/tmds_v1_0/tmds.xml' will take precedence over the same Interface in location 'z:/DAT096/vivado-library-master/if/tmds_v1_0/tmds.xml'
INFO: [IP_Flow 19-5107] Inferred bus interface 'm_axis' of definition 'xilinx.com:interface:axis:1.0' (from Xilinx Repository).
INFO: [IP_Flow 19-5107] Inferred bus interface 'clk' of definition 'xilinx.com:signal:clock:1.0' (from Xilinx Repository).
INFO: [IP_Flow 19-4728] Bus Interface 'clk': Added interface parameter 'ASSOCIATED_BUSIF' with value 'm_axis'.
WARNING: [IP_Flow 19-11770] Clock interface 'clk' has no FREQ_HZ parameter.
WARNING: [IP_Flow 19-1663] Duplicate IP found for 'digilentinc.com:user:axi_i2s_adi:1.2'. The one found in IP location 'z:/DAT096/vivado-library-b0946605e3617c901635278b62d0f6a8e3942844/ip/axi_i2s_adi_1.2' will take precedence over the same IP in location z:/DAT096/vivado-library-master/ip/axi_i2s_adi_1.2
WARNING: [IP_Flow 19-1663] Duplicate IP found for 'digilentinc.com:IP:axi_ps2:1.0'. The one found in IP location 'z:/DAT096/vivado-library-b0946605e3617c901635278b62d0f6a8e3942844/ip/axi_ps2_1.0' will take precedence over the same IP in location z:/DAT096/vivado-library-master/ip/axi_ps2_1.0
WARNING: [IP_Flow 19-1663] Duplicate IP found for 'digilentinc.com:ip:clock_forwarder:1.1'. The one found in IP location 'z:/DAT096/vivado-library-b0946605e3617c901635278b62d0f6a8e3942844/ip/clock_forwarder' will take precedence over the same IP in location z:/DAT096/vivado-library-master/ip/clock_forwarder
WARNING: [IP_Flow 19-1663] Duplicate IP found for 'digilentinc.com:IP:hls_contrast_stretch:1.0'. The one found in IP location 'z:/DAT096/vivado-library-b0946605e3617c901635278b62d0f6a8e3942844/ip/hls_contrast_stretch_1_0' will take precedence over the same IP in location z:/DAT096/vivado-library-master/ip/hls_contrast_stretch_1_0
WARNING: [IP_Flow 19-1663] Duplicate IP found for 'digilentinc.com:IP:hls_gamma_correction:1.0'. The one found in IP location 'z:/DAT096/vivado-library-b0946605e3617c901635278b62d0f6a8e3942844/ip/hls_gamma_correction_1_0' will take precedence over the same IP in location z:/DAT096/vivado-library-master/ip/hls_gamma_correction_1_0
WARNING: [IP_Flow 19-1663] Duplicate IP found for 'digilentinc.com:IP:hls_saturation_enhance:1.0'. The one found in IP location 'z:/DAT096/vivado-library-b0946605e3617c901635278b62d0f6a8e3942844/ip/hls_saturation_enhance_1_0' will take precedence over the same IP in location z:/DAT096/vivado-library-master/ip/hls_saturation_enhance_1_0
WARNING: [IP_Flow 19-1663] Duplicate IP found for 'digilentinc.com:ip:rgb2dpvid:1.0'. The one found in IP location 'z:/DAT096/vivado-library-b0946605e3617c901635278b62d0f6a8e3942844/ip/rgb2dpvid_v1_0' will take precedence over the same IP in location z:/DAT096/vivado-library-master/ip/rgb2dpvid_v1_0
WARNING: [IP_Flow 19-1663] Duplicate IP found for 'digilentinc.com:ip:rgb2vga:1.0'. The one found in IP location 'z:/DAT096/vivado-library-b0946605e3617c901635278b62d0f6a8e3942844/ip/rgb2vga_v1_0' will take precedence over the same IP in location z:/DAT096/vivado-library-master/ip/rgb2vga_v1_0
WARNING: [IP_Flow 19-1663] Duplicate IP found for 'digilentinc.com:ip:Sync:1.0'. The one found in IP location 'z:/DAT096/vivado-library-b0946605e3617c901635278b62d0f6a8e3942844/ip/Sync_v1_0' will take precedence over the same IP in location z:/DAT096/vivado-library-master/ip/Sync_v1_0
WARNING: [IP_Flow 19-1663] Duplicate IP found for 'digilentinc.com:ip:usb2device:1.0'. The one found in IP location 'z:/DAT096/vivado-library-b0946605e3617c901635278b62d0f6a8e3942844/ip/usb2device_v1_0' will take precedence over the same IP in location z:/DAT096/vivado-library-master/ip/usb2device_v1_0
WARNING: [IP_Flow 19-1663] Duplicate IP found for 'digilentinc.com:video:video_scaler:1.0'. The one found in IP location 'z:/DAT096/vivado-library-b0946605e3617c901635278b62d0f6a8e3942844/ip/video_scaler' will take precedence over the same IP in location z:/DAT096/vivado-library-master/ip/video_scaler
WARNING: [IP_Flow 19-1663] Duplicate IP found for 'digilentinc.com:ip:dvi2rgb:2.0'. The one found in IP location 'z:/DAT096/vivado-library-master/ip/dvi2rgb' will take precedence over the same IP in location z:/DAT096/vivado-library-b0946605e3617c901635278b62d0f6a8e3942844/ip/dvi2rgb
WARNING: [IP_Flow 19-1663] Duplicate IP found for 'digilentinc.com:IP:MotorFeedback:1.0'. The one found in IP location 'z:/DAT096/vivado-library-master/ip/MotorFeedback_1.0' will take precedence over the same IP in location z:/DAT096/vivado-library-b0946605e3617c901635278b62d0f6a8e3942844/ip/MotorFeedback_1.0
WARNING: [IP_Flow 19-1663] Duplicate IP found for 'digilentinc.com:IP:PmodACL2:1.0'. The one found in IP location 'z:/DAT096/vivado-library-master/ip/Pmods/PmodACL2_v1_0' will take precedence over the same IP in location z:/DAT096/vivado-library-b0946605e3617c901635278b62d0f6a8e3942844/ip/Pmods/PmodACL2_v1_0
WARNING: [IP_Flow 19-1663] Duplicate IP found for 'digilentinc.com:IP:PmodACL:1.0'. The one found in IP location 'z:/DAT096/vivado-library-master/ip/Pmods/PmodACL_v1_0' will take precedence over the same IP in location z:/DAT096/vivado-library-b0946605e3617c901635278b62d0f6a8e3942844/ip/Pmods/PmodACL_v1_0
WARNING: [IP_Flow 19-1663] Duplicate IP found for 'digilentinc.com:IP:PmodAD1:1.0'. The one found in IP location 'z:/DAT096/vivado-library-master/ip/Pmods/PmodAD1_v1_0' will take precedence over the same IP in location z:/DAT096/vivado-library-b0946605e3617c901635278b62d0f6a8e3942844/ip/Pmods/PmodAD1_v1_0
WARNING: [IP_Flow 19-1663] Duplicate IP found for 'digilentinc.com:IP:PmodAD2:1.0'. The one found in IP location 'z:/DAT096/vivado-library-master/ip/Pmods/PmodAD2_v1_0' will take precedence over the same IP in location z:/DAT096/vivado-library-b0946605e3617c901635278b62d0f6a8e3942844/ip/Pmods/PmodAD2_v1_0
WARNING: [IP_Flow 19-1663] Duplicate IP found for 'digilentinc.com:IP:PmodAD5:1.0'. The one found in IP location 'z:/DAT096/vivado-library-master/ip/Pmods/PmodAD5_v1_0' will take precedence over the same IP in location z:/DAT096/vivado-library-b0946605e3617c901635278b62d0f6a8e3942844/ip/Pmods/PmodAD5_v1_0
WARNING: [IP_Flow 19-1663] Duplicate IP found for 'digilentinc.com:IP:PmodALS:1.0'. The one found in IP location 'z:/DAT096/vivado-library-master/ip/Pmods/PmodALS_v1_0' will take precedence over the same IP in location z:/DAT096/vivado-library-b0946605e3617c901635278b62d0f6a8e3942844/ip/Pmods/PmodALS_v1_0
WARNING: [IP_Flow 19-1663] Duplicate IP found for 'digilentinc.com:IP:PmodAMP2:1.0'. The one found in IP location 'z:/DAT096/vivado-library-master/ip/Pmods/PmodAMP2_v1_0' will take precedence over the same IP in location z:/DAT096/vivado-library-b0946605e3617c901635278b62d0f6a8e3942844/ip/Pmods/PmodAMP2_v1_0
WARNING: [IP_Flow 19-1663] Duplicate IP found for 'digilentinc.com:IP:PmodAQS:1.0'. The one found in IP location 'z:/DAT096/vivado-library-master/ip/Pmods/PmodAQS_v1_0' will take precedence over the same IP in location z:/DAT096/vivado-library-b0946605e3617c901635278b62d0f6a8e3942844/ip/Pmods/PmodAQS_v1_0
WARNING: [IP_Flow 19-1663] Duplicate IP found for 'digilentinc.com:IP:PmodBLE:1.0'. The one found in IP location 'z:/DAT096/vivado-library-master/ip/Pmods/PmodBLE_v1_0' will take precedence over the same IP in location z:/DAT096/vivado-library-b0946605e3617c901635278b62d0f6a8e3942844/ip/Pmods/PmodBLE_v1_0
WARNING: [IP_Flow 19-1663] Duplicate IP found for 'digilentinc.com:IP:PmodBT2:1.0'. The one found in IP location 'z:/DAT096/vivado-library-master/ip/Pmods/PmodBT2_v1_0' will take precedence over the same IP in location z:/DAT096/vivado-library-b0946605e3617c901635278b62d0f6a8e3942844/ip/Pmods/PmodBT2_v1_0
WARNING: [IP_Flow 19-1663] Duplicate IP found for 'digilentinc.com:IP:PmodCAN:1.0'. The one found in IP location 'z:/DAT096/vivado-library-master/ip/Pmods/PmodCAN_v1_0' will take precedence over the same IP in location z:/DAT096/vivado-library-b0946605e3617c901635278b62d0f6a8e3942844/ip/Pmods/PmodCAN_v1_0
WARNING: [IP_Flow 19-1663] Duplicate IP found for 'digilentinc.com:IP:PmodCLS:1.0'. The one found in IP location 'z:/DAT096/vivado-library-master/ip/Pmods/PmodCLS_v1_0' will take precedence over the same IP in location z:/DAT096/vivado-library-b0946605e3617c901635278b62d0f6a8e3942844/ip/Pmods/PmodCLS_v1_0
WARNING: [IP_Flow 19-1663] Duplicate IP found for 'digilentinc.com:IP:PmodCMPS2:1.0'. The one found in IP location 'z:/DAT096/vivado-library-master/ip/Pmods/PmodCMPS2_v1_0' will take precedence over the same IP in location z:/DAT096/vivado-library-b0946605e3617c901635278b62d0f6a8e3942844/ip/Pmods/PmodCMPS2_v1_0
WARNING: [IP_Flow 19-1663] Duplicate IP found for 'digilentinc.com:IP:PmodCOLOR:1.0'. The one found in IP location 'z:/DAT096/vivado-library-master/ip/Pmods/PmodCOLOR_v1_0' will take precedence over the same IP in location z:/DAT096/vivado-library-b0946605e3617c901635278b62d0f6a8e3942844/ip/Pmods/PmodCOLOR_v1_0
WARNING: [IP_Flow 19-1663] Duplicate IP found for 'digilentinc.com:IP:PmodDA1:1.0'. The one found in IP location 'z:/DAT096/vivado-library-master/ip/Pmods/PmodDA1_v1_0' will take precedence over the same IP in location z:/DAT096/vivado-library-b0946605e3617c901635278b62d0f6a8e3942844/ip/Pmods/PmodDA1_v1_0
WARNING: [IP_Flow 19-1663] Duplicate IP found for 'digilentinc.com:IP:PmodDHB1:1.0'. The one found in IP location 'z:/DAT096/vivado-library-master/ip/Pmods/PmodDHB1_v1_0' will take precedence over the same IP in location z:/DAT096/vivado-library-b0946605e3617c901635278b62d0f6a8e3942844/ip/Pmods/PmodDHB1_v1_0
WARNING: [IP_Flow 19-1663] Duplicate IP found for 'digilentinc.com:IP:PmodDPG1:1.0'. The one found in IP location 'z:/DAT096/vivado-library-master/ip/Pmods/PmodDPG1_v1_0' will take precedence over the same IP in location z:/DAT096/vivado-library-b0946605e3617c901635278b62d0f6a8e3942844/ip/Pmods/PmodDPG1_v1_0
WARNING: [IP_Flow 19-1663] Duplicate IP found for 'digilentinc.com:IP:PmodENC:1.0'. The one found in IP location 'z:/DAT096/vivado-library-master/ip/Pmods/PmodENC_v1_0' will take precedence over the same IP in location z:/DAT096/vivado-library-b0946605e3617c901635278b62d0f6a8e3942844/ip/Pmods/PmodENC_v1_0
WARNING: [IP_Flow 19-1663] Duplicate IP found for 'digilentinc.com:user:PmodESP32:1.0'. The one found in IP location 'z:/DAT096/vivado-library-master/ip/Pmods/PmodESP32_v1_0' will take precedence over the same IP in location z:/DAT096/vivado-library-b0946605e3617c901635278b62d0f6a8e3942844/ip/Pmods/PmodESP32_v1_0
WARNING: [IP_Flow 19-1663] Duplicate IP found for 'digilentinc.com:IP:PmodGPIO:1.0'. The one found in IP location 'z:/DAT096/vivado-library-master/ip/Pmods/PmodGPIO_v1_0' will take precedence over the same IP in location z:/DAT096/vivado-library-b0946605e3617c901635278b62d0f6a8e3942844/ip/Pmods/PmodGPIO_v1_0
WARNING: [IP_Flow 19-1663] Duplicate IP found for 'digilentinc.com:IP:PmodGPS:1.1'. The one found in IP location 'z:/DAT096/vivado-library-master/ip/Pmods/PmodGPS_v1_1' will take precedence over the same IP in location z:/DAT096/vivado-library-b0946605e3617c901635278b62d0f6a8e3942844/ip/Pmods/PmodGPS_v1_1
WARNING: [IP_Flow 19-1663] Duplicate IP found for 'digilentinc.com:IP:PmodGYRO:1.0'. The one found in IP location 'z:/DAT096/vivado-library-master/ip/Pmods/PmodGYRO_v1_0' will take precedence over the same IP in location z:/DAT096/vivado-library-b0946605e3617c901635278b62d0f6a8e3942844/ip/Pmods/PmodGYRO_v1_0
WARNING: [IP_Flow 19-1663] Duplicate IP found for 'digilentinc.com:IP:PmodHYGRO:1.0'. The one found in IP location 'z:/DAT096/vivado-library-master/ip/Pmods/PmodHYGRO_v1_0' will take precedence over the same IP in location z:/DAT096/vivado-library-b0946605e3617c901635278b62d0f6a8e3942844/ip/Pmods/PmodHYGRO_v1_0
WARNING: [IP_Flow 19-1663] Duplicate IP found for 'digilentinc.com:IP:PmodJSTK2:1.0'. The one found in IP location 'z:/DAT096/vivado-library-master/ip/Pmods/PmodJSTK2_v1_0' will take precedence over the same IP in location z:/DAT096/vivado-library-b0946605e3617c901635278b62d0f6a8e3942844/ip/Pmods/PmodJSTK2_v1_0
WARNING: [IP_Flow 19-1663] Duplicate IP found for 'digilentinc.com:IP:PmodJSTK:1.0'. The one found in IP location 'z:/DAT096/vivado-library-master/ip/Pmods/PmodJSTK_v1_0' will take precedence over the same IP in location z:/DAT096/vivado-library-b0946605e3617c901635278b62d0f6a8e3942844/ip/Pmods/PmodJSTK_v1_0
WARNING: [IP_Flow 19-1663] Duplicate IP found for 'digilentinc.com:IP:PmodKYPD:1.0'. The one found in IP location 'z:/DAT096/vivado-library-master/ip/Pmods/PmodKYPD_v1_0' will take precedence over the same IP in location z:/DAT096/vivado-library-b0946605e3617c901635278b62d0f6a8e3942844/ip/Pmods/PmodKYPD_v1_0
WARNING: [IP_Flow 19-1663] Duplicate IP found for 'digilentinc.com:IP:PmodMAXSONAR:1.0'. The one found in IP location 'z:/DAT096/vivado-library-master/ip/Pmods/PmodMAXSONAR_v1_0' will take precedence over the same IP in location z:/DAT096/vivado-library-b0946605e3617c901635278b62d0f6a8e3942844/ip/Pmods/PmodMAXSONAR_v1_0
WARNING: [IP_Flow 19-1663] Duplicate IP found for 'digilentinc.com:IP:PmodMTDS:1.0'. The one found in IP location 'z:/DAT096/vivado-library-master/ip/Pmods/PmodMTDS_v1_0' will take precedence over the same IP in location z:/DAT096/vivado-library-b0946605e3617c901635278b62d0f6a8e3942844/ip/Pmods/PmodMTDS_v1_0
WARNING: [IP_Flow 19-1663] Duplicate IP found for 'digilentinc.com:IP:PmodNAV:1.0'. The one found in IP location 'z:/DAT096/vivado-library-master/ip/Pmods/PmodNAV_v1_0' will take precedence over the same IP in location z:/DAT096/vivado-library-b0946605e3617c901635278b62d0f6a8e3942844/ip/Pmods/PmodNAV_v1_0
WARNING: [IP_Flow 19-1663] Duplicate IP found for 'digilentinc.com:IP:PmodOLEDrgb:1.0'. The one found in IP location 'z:/DAT096/vivado-library-master/ip/Pmods/pmodOLEDrgb_v1_0' will take precedence over the same IP in location z:/DAT096/vivado-library-b0946605e3617c901635278b62d0f6a8e3942844/ip/Pmods/pmodOLEDrgb_v1_0
WARNING: [IP_Flow 19-1663] Duplicate IP found for 'digilentinc.com:IP:PmodOLED:1.0'. The one found in IP location 'z:/DAT096/vivado-library-master/ip/Pmods/PmodOLED_v1_0' will take precedence over the same IP in location z:/DAT096/vivado-library-b0946605e3617c901635278b62d0f6a8e3942844/ip/Pmods/PmodOLED_v1_0
WARNING: [IP_Flow 19-1663] Duplicate IP found for 'digilentinc.com:IP:PmodPIR:1.0'. The one found in IP location 'z:/DAT096/vivado-library-master/ip/Pmods/PmodPIR_v1_0' will take precedence over the same IP in location z:/DAT096/vivado-library-b0946605e3617c901635278b62d0f6a8e3942844/ip/Pmods/PmodPIR_v1_0
WARNING: [IP_Flow 19-1663] Duplicate IP found for 'digilentinc.com:IP:PmodR2R:1.0'. The one found in IP location 'z:/DAT096/vivado-library-master/ip/Pmods/PmodR2R_v1_0' will take precedence over the same IP in location z:/DAT096/vivado-library-b0946605e3617c901635278b62d0f6a8e3942844/ip/Pmods/PmodR2R_v1_0
WARNING: [IP_Flow 19-1663] Duplicate IP found for 'digilentinc.com:IP:PmodRTCC:1.0'. The one found in IP location 'z:/DAT096/vivado-library-master/ip/Pmods/PmodRTCC_v1_0' will take precedence over the same IP in location z:/DAT096/vivado-library-b0946605e3617c901635278b62d0f6a8e3942844/ip/Pmods/PmodRTCC_v1_0
WARNING: [IP_Flow 19-1663] Duplicate IP found for 'digilentinc.com:IP:PmodSD:1.0'. The one found in IP location 'z:/DAT096/vivado-library-master/ip/Pmods/PmodSD_v1_0' will take precedence over the same IP in location z:/DAT096/vivado-library-b0946605e3617c901635278b62d0f6a8e3942844/ip/Pmods/PmodSD_v1_0
WARNING: [IP_Flow 19-1663] Duplicate IP found for 'digilentinc.com:IP:PmodSF3:1.0'. The one found in IP location 'z:/DAT096/vivado-library-master/ip/Pmods/PmodSF3_v1_0' will take precedence over the same IP in location z:/DAT096/vivado-library-b0946605e3617c901635278b62d0f6a8e3942844/ip/Pmods/PmodSF3_v1_0
WARNING: [IP_Flow 19-1663] Duplicate IP found for 'digilentinc.com:IP:PmodTC1:1.0'. The one found in IP location 'z:/DAT096/vivado-library-master/ip/Pmods/PmodTC1_v1_0' will take precedence over the same IP in location z:/DAT096/vivado-library-b0946605e3617c901635278b62d0f6a8e3942844/ip/Pmods/PmodTC1_v1_0
WARNING: [IP_Flow 19-1663] Duplicate IP found for 'digilentinc.com:IP:PmodTMP3:1.0'. The one found in IP location 'z:/DAT096/vivado-library-master/ip/Pmods/PmodTMP3_v1_0' will take precedence over the same IP in location z:/DAT096/vivado-library-b0946605e3617c901635278b62d0f6a8e3942844/ip/Pmods/PmodTMP3_v1_0
WARNING: [IP_Flow 19-1663] Duplicate IP found for 'digilentinc.com:IP:PmodWIFI:1.0'. The one found in IP location 'z:/DAT096/vivado-library-master/ip/Pmods/PmodWIFI_v1_0' will take precedence over the same IP in location z:/DAT096/vivado-library-b0946605e3617c901635278b62d0f6a8e3942844/ip/Pmods/PmodWIFI_v1_0
WARNING: [IP_Flow 19-1663] Duplicate IP found for 'digilentinc.com:ip:pmod_bridge:1.0'. The one found in IP location 'z:/DAT096/vivado-library-master/ip/Pmods/Pmod_Bridge_v1_0' will take precedence over the same IP in location z:/DAT096/vivado-library-b0946605e3617c901635278b62d0f6a8e3942844/ip/Pmods/Pmod_Bridge_v1_0
WARNING: [IP_Flow 19-1663] Duplicate IP found for 'digilentinc.com:ip:pmod_bridge:1.1'. The one found in IP location 'z:/DAT096/vivado-library-master/ip/Pmods/Pmod_Bridge_v1_1' will take precedence over the same IP in location z:/DAT096/vivado-library-b0946605e3617c901635278b62d0f6a8e3942844/ip/Pmods/Pmod_Bridge_v1_1
WARNING: [IP_Flow 19-1663] Duplicate IP found for 'digilentinc.com:IP:PWM:1.0'. The one found in IP location 'z:/DAT096/vivado-library-master/ip/PWM_1.0' will take precedence over the same IP in location z:/DAT096/vivado-library-b0946605e3617c901635278b62d0f6a8e3942844/ip/PWM_1.0
WARNING: [IP_Flow 19-1663] Duplicate IP found for 'digilentinc.com:IP:PWM:2.0'. The one found in IP location 'z:/DAT096/vivado-library-master/ip/PWM_2.0' will take precedence over the same IP in location z:/DAT096/vivado-library-b0946605e3617c901635278b62d0f6a8e3942844/ip/PWM_2.0
WARNING: [IP_Flow 19-1663] Duplicate IP found for 'digilentinc.com:IP:PWM_Analyzer:1.0'. The one found in IP location 'z:/DAT096/vivado-library-master/ip/PWM_Analyzer_1.0' will take precedence over the same IP in location z:/DAT096/vivado-library-b0946605e3617c901635278b62d0f6a8e3942844/ip/PWM_Analyzer_1.0
WARNING: [IP_Flow 19-1663] Duplicate IP found for 'digilentinc.com:ip:rgb2dvi:1.4'. The one found in IP location 'z:/DAT096/vivado-library-master/ip/rgb2dvi' will take precedence over the same IP in location z:/DAT096/vivado-library-b0946605e3617c901635278b62d0f6a8e3942844/ip/rgb2dvi
WARNING: [IP_Flow 19-4830] Duplicate Interface found for 'digilentinc.com:interface:pmod:1.0'. The one found in location 'z:/DAT096/vivado-library-b0946605e3617c901635278b62d0f6a8e3942844/if/pmod_v1_0/pmod.xml' will take precedence over the same Interface in location 'z:/DAT096/vivado-library-master/if/pmod_v1_0/pmod.xml'
WARNING: [IP_Flow 19-4830] Duplicate Interface found for 'digilentinc.com:interface:tmds:1.0'. The one found in location 'z:/DAT096/vivado-library-b0946605e3617c901635278b62d0f6a8e3942844/if/tmds_v1_0/tmds.xml' will take precedence over the same Interface in location 'z:/DAT096/vivado-library-master/if/tmds_v1_0/tmds.xml'
Upgrading 'Z:/DAT096/DAT096-krish/Embedded-System-Project-DAT096-krishna/Board_2/Board_2/Board_2.srcs/sources_1/bd/design_2/design_2.bd'
WARNING: [Vivado 12-1017] Problems encountered:
1. Failed to delete one or more files in run directory Z:/DAT096/DAT096-krish/Embedded-System-Project-DAT096-krishna/Board_2/Board_2/Board_2.runs/design_2_vcsel_top_0_0_synth_1

INFO: [IP_Flow 19-3420] Updated design_2_vcsel_top_0_0 to use current project options
WARNING: [IP_Flow 19-4706] Upgraded port 'vcsel_tdata' width 14 differs from original width 32
WARNING: [IP_Flow 19-3298] Detected external port differences while upgrading 'design_2_vcsel_top_0_0'. These changes may impact your design.
CRITICAL WARNING: [Coretcl 2-1280] The upgrade of 'design_2_vcsel_top_0_0' has identified issues that may require user intervention. Please verify that the instance is correctly configured, and review any upgrade messages.
Wrote  : <Z:\DAT096\DAT096-krish\Embedded-System-Project-DAT096-krishna\Board_2\Board_2\Board_2.srcs\sources_1\bd\design_2\design_2.bd> 
Wrote  : <Z:/DAT096/DAT096-krish/Embedded-System-Project-DAT096-krishna/Board_2/Board_2/Board_2.srcs/sources_1/bd/design_2/ui/bd_1fdbff51.ui> 
generate_target all [get_files  Z:/DAT096/DAT096-krish/Embedded-System-Project-DAT096-krishna/Board_2/Board_2/Board_2.srcs/sources_1/bd/design_2/design_2.bd]
WARNING: [BD 41-2670] Found an incomplete address path from address space '/processing_system7_0/Data' to master interface '/processing_system7_0/M_AXI_GP0'. Please either complete or remove this path to resolve.
WARNING: [BD 5-699] No address segments matched 'get_bd_addr_segs -of_objects /processing_system7_0/Data'
ERROR: [Common 17-161] Invalid option value '' specified for 'object'.
ERROR: [BD 41-1273] Error running propagate TCL procedure: ERROR: [Common 17-161] Invalid option value '' specified for 'object'.
    ::xilinx.com_ip_ila_6.2::propagate Line 95
INFO: [xilinx.com:ip:clk_wiz:6.0-1] /clk_wiz_0 clk_wiz propagate
CRITICAL WARNING: [BD 41-759] The input pins (listed below) are either not connected or do not have a source port, and they don't have a tie-off specified. These pins are tied-off to all 0's to avoid error in Implementation flow.
Please check your design and connect them as needed: 
/xlslice_1/Din

Wrote  : <Z:\DAT096\DAT096-krish\Embedded-System-Project-DAT096-krishna\Board_2\Board_2\Board_2.srcs\sources_1\bd\design_2\design_2.bd> 
VHDL Output written to : z:/DAT096/DAT096-krish/Embedded-System-Project-DAT096-krishna/Board_2/Board_2/Board_2.gen/sources_1/bd/design_2/synth/design_2.vhd
VHDL Output written to : z:/DAT096/DAT096-krish/Embedded-System-Project-DAT096-krishna/Board_2/Board_2/Board_2.gen/sources_1/bd/design_2/sim/design_2.vhd
VHDL Output written to : z:/DAT096/DAT096-krish/Embedded-System-Project-DAT096-krishna/Board_2/Board_2/Board_2.gen/sources_1/bd/design_2/hdl/design_2_wrapper.vhd
INFO: [BD 41-1029] Generation completed for the IP Integrator block vcsel_top_0 .
Exporting to file z:/DAT096/DAT096-krish/Embedded-System-Project-DAT096-krishna/Board_2/Board_2/Board_2.gen/sources_1/bd/design_2/hw_handoff/design_2.hwh
Generated Hardware Definition File z:/DAT096/DAT096-krish/Embedded-System-Project-DAT096-krishna/Board_2/Board_2/Board_2.gen/sources_1/bd/design_2/synth/design_2.hwdef
ERROR: [Common 17-39] 'generate_target' failed due to earlier errors.
WARNING: [filemgmt 56-199] Attempt to get parsing info during refresh. "On-the-fly" syntax checking information may be incorrect. [Z:\DAT096\DAT096-krish\Embedded-System-Project-DAT096-krishna\Board_2\Board_2\Board_2.srcs\sources_1\new\vcsel_top.vhd:]
WARNING: [filemgmt 56-199] Attempt to get parsing info during refresh. "On-the-fly" syntax checking information may be incorrect. [Z:\DAT096\DAT096-krish\Embedded-System-Project-DAT096-krishna\Board_2\Board_2\Board_2.srcs\sources_1\new\v_to_amp.vhd:]
WARNING: [filemgmt 56-199] Attempt to get parsing info during refresh. "On-the-fly" syntax checking information may be incorrect. [Z:\DAT096\DAT096-krish\Embedded-System-Project-DAT096-krishna\Board_2\Board_2\Board_2.srcs\sources_1\new\v_to_amp.vhd:]
WARNING: [filemgmt 56-199] Attempt to get parsing info during refresh. "On-the-fly" syntax checking information may be incorrect. [Z:\DAT096\DAT096-krish\Embedded-System-Project-DAT096-krishna\Board_2\Board_2\Board_2.srcs\sources_1\new\v_to_amp.vhd:]
ERROR: [Common 17-180] Spawn failed: No error
connect_bd_net [get_bd_pins vcsel_top_0/vcsel_tdata] [get_bd_pins ila_0/probe8]
delete_bd_objs [get_bd_nets xlslice_1_Dout]
delete_bd_objs [get_bd_cells xlslice_1]
delete_bd_objs [get_bd_nets vcsel_top_0_vcsel_tdata]
connect_bd_net [get_bd_pins vcsel_top_0/vcsel_tdata] [get_bd_pins ila_0/probe5]
save_bd_design
Wrote  : <Z:\DAT096\DAT096-krish\Embedded-System-Project-DAT096-krishna\Board_2\Board_2\Board_2.srcs\sources_1\bd\design_2\design_2.bd> 
Wrote  : <Z:/DAT096/DAT096-krish/Embedded-System-Project-DAT096-krishna/Board_2/Board_2/Board_2.srcs/sources_1/bd/design_2/ui/bd_1fdbff51.ui> 
reset_run synth_1
INFO: [Project 1-1161] Replacing file Z:/DAT096/DAT096-krish/Embedded-System-Project-DAT096-krishna/Board_2/Board_2/Board_2.srcs/utils_1/imports/synth_1/design_2_wrapper.dcp with file Z:/DAT096/DAT096-krish/Embedded-System-Project-DAT096-krishna/Board_2/Board_2/Board_2.runs/synth_1/design_2_wrapper.dcp
WARNING: [Vivado 12-1017] Problems encountered:
1. Failed to delete one or more files in run directory Z:/DAT096/DAT096-krish/Embedded-System-Project-DAT096-krishna/Board_2/Board_2/Board_2.runs/synth_1

WARNING: [filemgmt 56-199] Attempt to get parsing info during refresh. "On-the-fly" syntax checking information may be incorrect. [Z:\DAT096\DAT096-krish\Embedded-System-Project-DAT096-krishna\Board_2\Board_2\Board_2.srcs\sources_1\new\vcsel_top.vhd:]
WARNING: [filemgmt 56-199] Attempt to get parsing info during refresh. "On-the-fly" syntax checking information may be incorrect. [Z:\DAT096\DAT096-krish\Embedded-System-Project-DAT096-krishna\Board_2\Board_2\Board_2.srcs\sources_1\new\v_to_amp.vhd:]
WARNING: [filemgmt 56-199] Attempt to get parsing info during refresh. "On-the-fly" syntax checking information may be incorrect. [Z:\DAT096\DAT096-krish\Embedded-System-Project-DAT096-krishna\Board_2\Board_2\Board_2.srcs\sources_1\new\v_to_amp.vhd:]
WARNING: [filemgmt 56-199] Attempt to get parsing info during refresh. "On-the-fly" syntax checking information may be incorrect. [Z:\DAT096\DAT096-krish\Embedded-System-Project-DAT096-krishna\Board_2\Board_2\Board_2.srcs\sources_1\new\v_to_amp.vhd:]
ERROR: [Common 17-180] Spawn failed: No error
report_ip_status -name ip_status 
launch_runs impl_1 -to_step write_bitstream -jobs 28
WARNING: [BD 41-2670] Found an incomplete address path from address space '/processing_system7_0/Data' to master interface '/processing_system7_0/M_AXI_GP0'. Please either complete or remove this path to resolve.
WARNING: [BD 5-699] No address segments matched 'get_bd_addr_segs -of_objects /processing_system7_0/Data'
ERROR: [Common 17-161] Invalid option value '' specified for 'object'.
ERROR: [BD 41-1273] Error running propagate TCL procedure: ERROR: [Common 17-161] Invalid option value '' specified for 'object'.
    ::xilinx.com_ip_ila_6.2::propagate Line 95
INFO: [xilinx.com:ip:clk_wiz:6.0-1] /clk_wiz_0 clk_wiz propagate
Wrote  : <Z:\DAT096\DAT096-krish\Embedded-System-Project-DAT096-krishna\Board_2\Board_2\Board_2.srcs\sources_1\bd\design_2\design_2.bd> 
VHDL Output written to : z:/DAT096/DAT096-krish/Embedded-System-Project-DAT096-krishna/Board_2/Board_2/Board_2.gen/sources_1/bd/design_2/synth/design_2.vhd
VHDL Output written to : z:/DAT096/DAT096-krish/Embedded-System-Project-DAT096-krishna/Board_2/Board_2/Board_2.gen/sources_1/bd/design_2/sim/design_2.vhd
VHDL Output written to : z:/DAT096/DAT096-krish/Embedded-System-Project-DAT096-krishna/Board_2/Board_2/Board_2.gen/sources_1/bd/design_2/hdl/design_2_wrapper.vhd
Exporting to file z:/DAT096/DAT096-krish/Embedded-System-Project-DAT096-krishna/Board_2/Board_2/Board_2.gen/sources_1/bd/design_2/hw_handoff/design_2.hwh
Generated Hardware Definition File z:/DAT096/DAT096-krish/Embedded-System-Project-DAT096-krishna/Board_2/Board_2/Board_2.gen/sources_1/bd/design_2/synth/design_2.hwdef
ERROR: [Vivado 12-4756] Launch of runs aborted due to earlier errors while preparing sub-designs for run execution.
WARNING: [filemgmt 56-199] Attempt to get parsing info during refresh. "On-the-fly" syntax checking information may be incorrect. [Z:\DAT096\DAT096-krish\Embedded-System-Project-DAT096-krishna\Board_2\Board_2\Board_2.srcs\sources_1\new\vcsel_top.vhd:]
WARNING: [filemgmt 56-199] Attempt to get parsing info during refresh. "On-the-fly" syntax checking information may be incorrect. [Z:\DAT096\DAT096-krish\Embedded-System-Project-DAT096-krishna\Board_2\Board_2\Board_2.srcs\sources_1\new\v_to_amp.vhd:]
WARNING: [filemgmt 56-199] Attempt to get parsing info during refresh. "On-the-fly" syntax checking information may be incorrect. [Z:\DAT096\DAT096-krish\Embedded-System-Project-DAT096-krishna\Board_2\Board_2\Board_2.srcs\sources_1\new\v_to_amp.vhd:]
WARNING: [filemgmt 56-199] Attempt to get parsing info during refresh. "On-the-fly" syntax checking information may be incorrect. [Z:\DAT096\DAT096-krish\Embedded-System-Project-DAT096-krishna\Board_2\Board_2\Board_2.srcs\sources_1\new\v_to_amp.vhd:]
ERROR: [Common 17-180] Spawn failed: No error
WARNING: [filemgmt 56-199] Attempt to get parsing info during refresh. "On-the-fly" syntax checking information may be incorrect. [Z:\DAT096\DAT096-krish\Embedded-System-Project-DAT096-krishna\Board_2\Board_2\Board_2.srcs\sources_1\new\vcsel_top.vhd:]
WARNING: [filemgmt 56-199] Attempt to get parsing info during refresh. "On-the-fly" syntax checking information may be incorrect. [Z:\DAT096\DAT096-krish\Embedded-System-Project-DAT096-krishna\Board_2\Board_2\Board_2.srcs\sources_1\new\v_to_amp.vhd:]
WARNING: [filemgmt 56-199] Attempt to get parsing info during refresh. "On-the-fly" syntax checking information may be incorrect. [Z:\DAT096\DAT096-krish\Embedded-System-Project-DAT096-krishna\Board_2\Board_2\Board_2.srcs\sources_1\new\v_to_amp.vhd:]
WARNING: [filemgmt 56-199] Attempt to get parsing info during refresh. "On-the-fly" syntax checking information may be incorrect. [Z:\DAT096\DAT096-krish\Embedded-System-Project-DAT096-krishna\Board_2\Board_2\Board_2.srcs\sources_1\new\v_to_amp.vhd:]
ERROR: [Common 17-180] Spawn failed: No error
report_ip_status -name ip_status 
launch_runs impl_1 -to_step write_bitstream -jobs 28
[Mon May 18 18:13:51 2026] Launched design_2_vcsel_top_0_0_synth_1, synth_1...
Run output will be captured here:
design_2_vcsel_top_0_0_synth_1: Z:/DAT096/DAT096-krish/Embedded-System-Project-DAT096-krishna/Board_2/Board_2/Board_2.runs/design_2_vcsel_top_0_0_synth_1/runme.log
synth_1: Z:/DAT096/DAT096-krish/Embedded-System-Project-DAT096-krishna/Board_2/Board_2/Board_2.runs/synth_1/runme.log
[Mon May 18 18:13:51 2026] Launched impl_1...
Run output will be captured here: Z:/DAT096/DAT096-krish/Embedded-System-Project-DAT096-krishna/Board_2/Board_2/Board_2.runs/impl_1/runme.log
WARNING: [filemgmt 56-199] Attempt to get parsing info during refresh. "On-the-fly" syntax checking information may be incorrect. [Z:\DAT096\DAT096-krish\Embedded-System-Project-DAT096-krishna\Board_2\Board_2\Board_2.srcs\sources_1\new\vcsel_top.vhd:]
WARNING: [filemgmt 56-199] Attempt to get parsing info during refresh. "On-the-fly" syntax checking information may be incorrect. [Z:\DAT096\DAT096-krish\Embedded-System-Project-DAT096-krishna\Board_2\Board_2\Board_2.srcs\sources_1\new\v_to_amp.vhd:]
WARNING: [filemgmt 56-199] Attempt to get parsing info during refresh. "On-the-fly" syntax checking information may be incorrect. [Z:\DAT096\DAT096-krish\Embedded-System-Project-DAT096-krishna\Board_2\Board_2\Board_2.srcs\sources_1\new\v_to_amp.vhd:]
WARNING: [filemgmt 56-199] Attempt to get parsing info during refresh. "On-the-fly" syntax checking information may be incorrect. [Z:\DAT096\DAT096-krish\Embedded-System-Project-DAT096-krishna\Board_2\Board_2\Board_2.srcs\sources_1\new\v_to_amp.vhd:]
ERROR: [Common 17-180] Spawn failed: No error
set_property PROBES.FILE {Z:/DAT096/DAT096-krish/Embedded-System-Project-DAT096-krishna/Board_2/Board_2/Board_2.runs/impl_1/design_2_wrapper.ltx} [get_hw_devices xc7z020_1]
set_property FULL_PROBES.FILE {Z:/DAT096/DAT096-krish/Embedded-System-Project-DAT096-krishna/Board_2/Board_2/Board_2.runs/impl_1/design_2_wrapper.ltx} [get_hw_devices xc7z020_1]
set_property PROGRAM.FILE {Z:/DAT096/DAT096-krish/Embedded-System-Project-DAT096-krishna/Board_2/Board_2/Board_2.runs/impl_1/design_2_wrapper.bit} [get_hw_devices xc7z020_1]
program_hw_devices [get_hw_devices xc7z020_1]
INFO: [Labtools 27-3164] End of startup status: HIGH
refresh_hw_device [lindex [get_hw_devices xc7z020_1] 0]
INFO: [Labtools 27-2302] Device xc7z020 (JTAG device index = 1) is programmed with a design that has 1 ILA core(s).
INFO: [Labtools 27-2302] Device xc7z020 (JTAG device index = 1) is programmed with a design that has 2 VIO core(s).
add_wave -into {hw_ila_data_1.wcfg} -radix hex { {design_2_i/probe8} {design_2_i/vcsel_top_0_vcsel_tdata} }
run_hw_ila [get_hw_ilas -of_objects [get_hw_devices xc7z020_1] -filter {CELL_NAME=~"design_2_i/ila_0"}]
INFO: [Labtools 27-1964] The ILA core 'hw_ila_1' trigger was armed at 2026-May-18 18:17:51
wait_on_hw_ila [get_hw_ilas -of_objects [get_hw_devices xc7z020_1] -filter {CELL_NAME=~"design_2_i/ila_0"}]
display_hw_ila_data [upload_hw_ila_data [get_hw_ilas -of_objects [get_hw_devices xc7z020_1] -filter {CELL_NAME=~"design_2_i/ila_0"}]]
INFO: [Labtools 27-1966] The ILA core 'hw_ila_1' triggered at 2026-May-18 18:17:51
INFO: [Labtools 27-3304] ILA Waveform data saved to file Z:/DAT096/DAT096-krish/Embedded-System-Project-DAT096-krishna/Board_2/Board_2/Board_2.hw/backup/hw_ila_data_1.ila. Use Tcl command 'read_hw_ila_data' or Vivado File->Import->Import ILA Data menu item to import the previously saved data.
save_wave_config {Z:/DAT096/DAT096-krish/Embedded-System-Project-DAT096-krishna/Board_2/Board_2/Board_2.hw/hw_1/wave/hw_ila_data_1/hw_ila_data_1.wcfg}
close_hw_manager
open_hw_manager
connect_hw_server -allow_non_jtag
INFO: [Labtools 27-2285] Connecting to hw_server url TCP:localhost:3121
INFO: [Labtools 27-3415] Connecting to cs_server url TCP:localhost:0
INFO: [Labtools 27-3417] Launching cs_server...
INFO: [Labtools 27-2221] Launch Output:


******** Xilinx cs_server v2024.2.0
  ****** Build date   : Oct 30 2024-19:19:07
    **** Build number : 2024.2.1730312347
      ** Copyright 2017-2022 Xilinx, Inc. All Rights Reserved.
      ** Copyright 2022-2026 Advanced Micro Devices, Inc. All Rights Reserved.



connect_hw_server: Time (s): cpu = 00:00:01 ; elapsed = 00:00:11 . Memory (MB): peak = 2892.051 ; gain = 0.000
open_hw_target
INFO: [Labtoolstcl 44-466] Opening hw_target localhost:3121/xilinx_tcf/Digilent/210393BB58C1A
set_property PROGRAM.FILE {Z:/DAT096/DAT096-krish/Embedded-System-Project-DAT096-krishna/Board_2/Board_2/Board_2.runs/impl_1/design_2_wrapper.bit} [get_hw_devices xc7z020_1]
set_property PROBES.FILE {Z:/DAT096/DAT096-krish/Embedded-System-Project-DAT096-krishna/Board_2/Board_2/Board_2.runs/impl_1/design_2_wrapper.ltx} [get_hw_devices xc7z020_1]
set_property FULL_PROBES.FILE {Z:/DAT096/DAT096-krish/Embedded-System-Project-DAT096-krishna/Board_2/Board_2/Board_2.runs/impl_1/design_2_wrapper.ltx} [get_hw_devices xc7z020_1]
current_hw_device [get_hw_devices xc7z020_1]
refresh_hw_device [lindex [get_hw_devices xc7z020_1] 0]
INFO: [Labtools 27-2302] Device xc7z020 (JTAG device index = 1) is programmed with a design that has 1 ILA core(s).
INFO: [Labtools 27-2302] Device xc7z020 (JTAG device index = 1) is programmed with a design that has 2 VIO core(s).
display_hw_ila_data [ get_hw_ila_data hw_ila_data_1 -of_objects [get_hw_ilas -of_objects [get_hw_devices xc7z020_1] -filter {CELL_NAME=~"design_2_i/ila_0"}]]
set_property PROBES.FILE {Z:/DAT096/DAT096-krish/Embedded-System-Project-DAT096-krishna/Board_2/Board_2/Board_2.runs/impl_1/design_2_wrapper.ltx} [get_hw_devices xc7z020_1]
set_property FULL_PROBES.FILE {Z:/DAT096/DAT096-krish/Embedded-System-Project-DAT096-krishna/Board_2/Board_2/Board_2.runs/impl_1/design_2_wrapper.ltx} [get_hw_devices xc7z020_1]
set_property PROGRAM.FILE {Z:/DAT096/DAT096-krish/Embedded-System-Project-DAT096-krishna/Board_2/Board_2/Board_2.runs/impl_1/design_2_wrapper.bit} [get_hw_devices xc7z020_1]
program_hw_devices [get_hw_devices xc7z020_1]
INFO: [Labtools 27-3164] End of startup status: HIGH
refresh_hw_device [lindex [get_hw_devices xc7z020_1] 0]
INFO: [Labtools 27-2302] Device xc7z020 (JTAG device index = 1) is programmed with a design that has 1 ILA core(s).
INFO: [Labtools 27-2302] Device xc7z020 (JTAG device index = 1) is programmed with a design that has 2 VIO core(s).
run_hw_ila [get_hw_ilas -of_objects [get_hw_devices xc7z020_1] -filter {CELL_NAME=~"design_2_i/ila_0"}]
INFO: [Labtools 27-1964] The ILA core 'hw_ila_1' trigger was armed at 2026-May-18 18:18:42
wait_on_hw_ila [get_hw_ilas -of_objects [get_hw_devices xc7z020_1] -filter {CELL_NAME=~"design_2_i/ila_0"}]
display_hw_ila_data [upload_hw_ila_data [get_hw_ilas -of_objects [get_hw_devices xc7z020_1] -filter {CELL_NAME=~"design_2_i/ila_0"}]]
INFO: [Labtools 27-1966] The ILA core 'hw_ila_1' triggered at 2026-May-18 18:18:42
INFO: [Labtools 27-3304] ILA Waveform data saved to file Z:/DAT096/DAT096-krish/Embedded-System-Project-DAT096-krishna/Board_2/Board_2/Board_2.hw/backup/hw_ila_data_1.ila. Use Tcl command 'read_hw_ila_data' or Vivado File->Import->Import ILA Data menu item to import the previously saved data.
open_bd_design {Z:/DAT096/DAT096-krish/Embedded-System-Project-DAT096-krishna/Board_2/Board_2/Board_2.srcs/sources_1/bd/design_2/design_2.bd}
WARNING: [filemgmt 56-199] Attempt to get parsing info during refresh. "On-the-fly" syntax checking information may be incorrect. [Z:\DAT096\DAT096-krish\Embedded-System-Project-DAT096-krishna\Board_2\Board_2\Board_2.srcs\sources_1\new\vcsel_top.vhd:]
WARNING: [filemgmt 56-199] Attempt to get parsing info during refresh. "On-the-fly" syntax checking information may be incorrect. [Z:\DAT096\DAT096-krish\Embedded-System-Project-DAT096-krishna\Board_2\Board_2\Board_2.srcs\sources_1\new\v_to_amp.vhd:]
WARNING: [filemgmt 56-199] Attempt to get parsing info during refresh. "On-the-fly" syntax checking information may be incorrect. [Z:\DAT096\DAT096-krish\Embedded-System-Project-DAT096-krishna\Board_2\Board_2\Board_2.srcs\sources_1\new\v_to_amp.vhd:]
WARNING: [filemgmt 56-199] Attempt to get parsing info during refresh. "On-the-fly" syntax checking information may be incorrect. [Z:\DAT096\DAT096-krish\Embedded-System-Project-DAT096-krishna\Board_2\Board_2\Board_2.srcs\sources_1\new\v_to_amp.vhd:]
ERROR: [Common 17-180] Spawn failed: No error
report_ip_status -name ip_status 
update_module_reference [get_ips  design_2_vcsel_top_0_0]
INFO: [IP_Flow 19-5107] Inferred bus interface 'm_axis' of definition 'xilinx.com:interface:axis:1.0' (from Xilinx Repository).
INFO: [IP_Flow 19-5107] Inferred bus interface 'clk' of definition 'xilinx.com:signal:clock:1.0' (from Xilinx Repository).
INFO: [IP_Flow 19-4728] Bus Interface 'clk': Added interface parameter 'ASSOCIATED_BUSIF' with value 'm_axis'.
WARNING: [IP_Flow 19-11770] Clock interface 'clk' has no FREQ_HZ parameter.
WARNING: [IP_Flow 19-1663] Duplicate IP found for 'digilentinc.com:user:axi_i2s_adi:1.2'. The one found in IP location 'z:/DAT096/vivado-library-b0946605e3617c901635278b62d0f6a8e3942844/ip/axi_i2s_adi_1.2' will take precedence over the same IP in location z:/DAT096/vivado-library-master/ip/axi_i2s_adi_1.2
WARNING: [IP_Flow 19-1663] Duplicate IP found for 'digilentinc.com:IP:axi_ps2:1.0'. The one found in IP location 'z:/DAT096/vivado-library-b0946605e3617c901635278b62d0f6a8e3942844/ip/axi_ps2_1.0' will take precedence over the same IP in location z:/DAT096/vivado-library-master/ip/axi_ps2_1.0
WARNING: [IP_Flow 19-1663] Duplicate IP found for 'digilentinc.com:ip:clock_forwarder:1.1'. The one found in IP location 'z:/DAT096/vivado-library-b0946605e3617c901635278b62d0f6a8e3942844/ip/clock_forwarder' will take precedence over the same IP in location z:/DAT096/vivado-library-master/ip/clock_forwarder
WARNING: [IP_Flow 19-1663] Duplicate IP found for 'digilentinc.com:IP:hls_contrast_stretch:1.0'. The one found in IP location 'z:/DAT096/vivado-library-b0946605e3617c901635278b62d0f6a8e3942844/ip/hls_contrast_stretch_1_0' will take precedence over the same IP in location z:/DAT096/vivado-library-master/ip/hls_contrast_stretch_1_0
WARNING: [IP_Flow 19-1663] Duplicate IP found for 'digilentinc.com:IP:hls_gamma_correction:1.0'. The one found in IP location 'z:/DAT096/vivado-library-b0946605e3617c901635278b62d0f6a8e3942844/ip/hls_gamma_correction_1_0' will take precedence over the same IP in location z:/DAT096/vivado-library-master/ip/hls_gamma_correction_1_0
WARNING: [IP_Flow 19-1663] Duplicate IP found for 'digilentinc.com:IP:hls_saturation_enhance:1.0'. The one found in IP location 'z:/DAT096/vivado-library-b0946605e3617c901635278b62d0f6a8e3942844/ip/hls_saturation_enhance_1_0' will take precedence over the same IP in location z:/DAT096/vivado-library-master/ip/hls_saturation_enhance_1_0
WARNING: [IP_Flow 19-1663] Duplicate IP found for 'digilentinc.com:ip:rgb2dpvid:1.0'. The one found in IP location 'z:/DAT096/vivado-library-b0946605e3617c901635278b62d0f6a8e3942844/ip/rgb2dpvid_v1_0' will take precedence over the same IP in location z:/DAT096/vivado-library-master/ip/rgb2dpvid_v1_0
WARNING: [IP_Flow 19-1663] Duplicate IP found for 'digilentinc.com:ip:rgb2vga:1.0'. The one found in IP location 'z:/DAT096/vivado-library-b0946605e3617c901635278b62d0f6a8e3942844/ip/rgb2vga_v1_0' will take precedence over the same IP in location z:/DAT096/vivado-library-master/ip/rgb2vga_v1_0
WARNING: [IP_Flow 19-1663] Duplicate IP found for 'digilentinc.com:ip:Sync:1.0'. The one found in IP location 'z:/DAT096/vivado-library-b0946605e3617c901635278b62d0f6a8e3942844/ip/Sync_v1_0' will take precedence over the same IP in location z:/DAT096/vivado-library-master/ip/Sync_v1_0
WARNING: [IP_Flow 19-1663] Duplicate IP found for 'digilentinc.com:ip:usb2device:1.0'. The one found in IP location 'z:/DAT096/vivado-library-b0946605e3617c901635278b62d0f6a8e3942844/ip/usb2device_v1_0' will take precedence over the same IP in location z:/DAT096/vivado-library-master/ip/usb2device_v1_0
WARNING: [IP_Flow 19-1663] Duplicate IP found for 'digilentinc.com:video:video_scaler:1.0'. The one found in IP location 'z:/DAT096/vivado-library-b0946605e3617c901635278b62d0f6a8e3942844/ip/video_scaler' will take precedence over the same IP in location z:/DAT096/vivado-library-master/ip/video_scaler
WARNING: [IP_Flow 19-1663] Duplicate IP found for 'digilentinc.com:ip:dvi2rgb:2.0'. The one found in IP location 'z:/DAT096/vivado-library-master/ip/dvi2rgb' will take precedence over the same IP in location z:/DAT096/vivado-library-b0946605e3617c901635278b62d0f6a8e3942844/ip/dvi2rgb
WARNING: [IP_Flow 19-1663] Duplicate IP found for 'digilentinc.com:IP:MotorFeedback:1.0'. The one found in IP location 'z:/DAT096/vivado-library-master/ip/MotorFeedback_1.0' will take precedence over the same IP in location z:/DAT096/vivado-library-b0946605e3617c901635278b62d0f6a8e3942844/ip/MotorFeedback_1.0
WARNING: [IP_Flow 19-1663] Duplicate IP found for 'digilentinc.com:IP:PmodACL2:1.0'. The one found in IP location 'z:/DAT096/vivado-library-master/ip/Pmods/PmodACL2_v1_0' will take precedence over the same IP in location z:/DAT096/vivado-library-b0946605e3617c901635278b62d0f6a8e3942844/ip/Pmods/PmodACL2_v1_0
WARNING: [IP_Flow 19-1663] Duplicate IP found for 'digilentinc.com:IP:PmodACL:1.0'. The one found in IP location 'z:/DAT096/vivado-library-master/ip/Pmods/PmodACL_v1_0' will take precedence over the same IP in location z:/DAT096/vivado-library-b0946605e3617c901635278b62d0f6a8e3942844/ip/Pmods/PmodACL_v1_0
WARNING: [IP_Flow 19-1663] Duplicate IP found for 'digilentinc.com:IP:PmodAD1:1.0'. The one found in IP location 'z:/DAT096/vivado-library-master/ip/Pmods/PmodAD1_v1_0' will take precedence over the same IP in location z:/DAT096/vivado-library-b0946605e3617c901635278b62d0f6a8e3942844/ip/Pmods/PmodAD1_v1_0
WARNING: [IP_Flow 19-1663] Duplicate IP found for 'digilentinc.com:IP:PmodAD2:1.0'. The one found in IP location 'z:/DAT096/vivado-library-master/ip/Pmods/PmodAD2_v1_0' will take precedence over the same IP in location z:/DAT096/vivado-library-b0946605e3617c901635278b62d0f6a8e3942844/ip/Pmods/PmodAD2_v1_0
WARNING: [IP_Flow 19-1663] Duplicate IP found for 'digilentinc.com:IP:PmodAD5:1.0'. The one found in IP location 'z:/DAT096/vivado-library-master/ip/Pmods/PmodAD5_v1_0' will take precedence over the same IP in location z:/DAT096/vivado-library-b0946605e3617c901635278b62d0f6a8e3942844/ip/Pmods/PmodAD5_v1_0
WARNING: [IP_Flow 19-1663] Duplicate IP found for 'digilentinc.com:IP:PmodALS:1.0'. The one found in IP location 'z:/DAT096/vivado-library-master/ip/Pmods/PmodALS_v1_0' will take precedence over the same IP in location z:/DAT096/vivado-library-b0946605e3617c901635278b62d0f6a8e3942844/ip/Pmods/PmodALS_v1_0
WARNING: [IP_Flow 19-1663] Duplicate IP found for 'digilentinc.com:IP:PmodAMP2:1.0'. The one found in IP location 'z:/DAT096/vivado-library-master/ip/Pmods/PmodAMP2_v1_0' will take precedence over the same IP in location z:/DAT096/vivado-library-b0946605e3617c901635278b62d0f6a8e3942844/ip/Pmods/PmodAMP2_v1_0
WARNING: [IP_Flow 19-1663] Duplicate IP found for 'digilentinc.com:IP:PmodAQS:1.0'. The one found in IP location 'z:/DAT096/vivado-library-master/ip/Pmods/PmodAQS_v1_0' will take precedence over the same IP in location z:/DAT096/vivado-library-b0946605e3617c901635278b62d0f6a8e3942844/ip/Pmods/PmodAQS_v1_0
WARNING: [IP_Flow 19-1663] Duplicate IP found for 'digilentinc.com:IP:PmodBLE:1.0'. The one found in IP location 'z:/DAT096/vivado-library-master/ip/Pmods/PmodBLE_v1_0' will take precedence over the same IP in location z:/DAT096/vivado-library-b0946605e3617c901635278b62d0f6a8e3942844/ip/Pmods/PmodBLE_v1_0
WARNING: [IP_Flow 19-1663] Duplicate IP found for 'digilentinc.com:IP:PmodBT2:1.0'. The one found in IP location 'z:/DAT096/vivado-library-master/ip/Pmods/PmodBT2_v1_0' will take precedence over the same IP in location z:/DAT096/vivado-library-b0946605e3617c901635278b62d0f6a8e3942844/ip/Pmods/PmodBT2_v1_0
WARNING: [IP_Flow 19-1663] Duplicate IP found for 'digilentinc.com:IP:PmodCAN:1.0'. The one found in IP location 'z:/DAT096/vivado-library-master/ip/Pmods/PmodCAN_v1_0' will take precedence over the same IP in location z:/DAT096/vivado-library-b0946605e3617c901635278b62d0f6a8e3942844/ip/Pmods/PmodCAN_v1_0
WARNING: [IP_Flow 19-1663] Duplicate IP found for 'digilentinc.com:IP:PmodCLS:1.0'. The one found in IP location 'z:/DAT096/vivado-library-master/ip/Pmods/PmodCLS_v1_0' will take precedence over the same IP in location z:/DAT096/vivado-library-b0946605e3617c901635278b62d0f6a8e3942844/ip/Pmods/PmodCLS_v1_0
WARNING: [IP_Flow 19-1663] Duplicate IP found for 'digilentinc.com:IP:PmodCMPS2:1.0'. The one found in IP location 'z:/DAT096/vivado-library-master/ip/Pmods/PmodCMPS2_v1_0' will take precedence over the same IP in location z:/DAT096/vivado-library-b0946605e3617c901635278b62d0f6a8e3942844/ip/Pmods/PmodCMPS2_v1_0
WARNING: [IP_Flow 19-1663] Duplicate IP found for 'digilentinc.com:IP:PmodCOLOR:1.0'. The one found in IP location 'z:/DAT096/vivado-library-master/ip/Pmods/PmodCOLOR_v1_0' will take precedence over the same IP in location z:/DAT096/vivado-library-b0946605e3617c901635278b62d0f6a8e3942844/ip/Pmods/PmodCOLOR_v1_0
WARNING: [IP_Flow 19-1663] Duplicate IP found for 'digilentinc.com:IP:PmodDA1:1.0'. The one found in IP location 'z:/DAT096/vivado-library-master/ip/Pmods/PmodDA1_v1_0' will take precedence over the same IP in location z:/DAT096/vivado-library-b0946605e3617c901635278b62d0f6a8e3942844/ip/Pmods/PmodDA1_v1_0
WARNING: [IP_Flow 19-1663] Duplicate IP found for 'digilentinc.com:IP:PmodDHB1:1.0'. The one found in IP location 'z:/DAT096/vivado-library-master/ip/Pmods/PmodDHB1_v1_0' will take precedence over the same IP in location z:/DAT096/vivado-library-b0946605e3617c901635278b62d0f6a8e3942844/ip/Pmods/PmodDHB1_v1_0
WARNING: [IP_Flow 19-1663] Duplicate IP found for 'digilentinc.com:IP:PmodDPG1:1.0'. The one found in IP location 'z:/DAT096/vivado-library-master/ip/Pmods/PmodDPG1_v1_0' will take precedence over the same IP in location z:/DAT096/vivado-library-b0946605e3617c901635278b62d0f6a8e3942844/ip/Pmods/PmodDPG1_v1_0
WARNING: [IP_Flow 19-1663] Duplicate IP found for 'digilentinc.com:IP:PmodENC:1.0'. The one found in IP location 'z:/DAT096/vivado-library-master/ip/Pmods/PmodENC_v1_0' will take precedence over the same IP in location z:/DAT096/vivado-library-b0946605e3617c901635278b62d0f6a8e3942844/ip/Pmods/PmodENC_v1_0
WARNING: [IP_Flow 19-1663] Duplicate IP found for 'digilentinc.com:user:PmodESP32:1.0'. The one found in IP location 'z:/DAT096/vivado-library-master/ip/Pmods/PmodESP32_v1_0' will take precedence over the same IP in location z:/DAT096/vivado-library-b0946605e3617c901635278b62d0f6a8e3942844/ip/Pmods/PmodESP32_v1_0
WARNING: [IP_Flow 19-1663] Duplicate IP found for 'digilentinc.com:IP:PmodGPIO:1.0'. The one found in IP location 'z:/DAT096/vivado-library-master/ip/Pmods/PmodGPIO_v1_0' will take precedence over the same IP in location z:/DAT096/vivado-library-b0946605e3617c901635278b62d0f6a8e3942844/ip/Pmods/PmodGPIO_v1_0
WARNING: [IP_Flow 19-1663] Duplicate IP found for 'digilentinc.com:IP:PmodGPS:1.1'. The one found in IP location 'z:/DAT096/vivado-library-master/ip/Pmods/PmodGPS_v1_1' will take precedence over the same IP in location z:/DAT096/vivado-library-b0946605e3617c901635278b62d0f6a8e3942844/ip/Pmods/PmodGPS_v1_1
WARNING: [IP_Flow 19-1663] Duplicate IP found for 'digilentinc.com:IP:PmodGYRO:1.0'. The one found in IP location 'z:/DAT096/vivado-library-master/ip/Pmods/PmodGYRO_v1_0' will take precedence over the same IP in location z:/DAT096/vivado-library-b0946605e3617c901635278b62d0f6a8e3942844/ip/Pmods/PmodGYRO_v1_0
WARNING: [IP_Flow 19-1663] Duplicate IP found for 'digilentinc.com:IP:PmodHYGRO:1.0'. The one found in IP location 'z:/DAT096/vivado-library-master/ip/Pmods/PmodHYGRO_v1_0' will take precedence over the same IP in location z:/DAT096/vivado-library-b0946605e3617c901635278b62d0f6a8e3942844/ip/Pmods/PmodHYGRO_v1_0
WARNING: [IP_Flow 19-1663] Duplicate IP found for 'digilentinc.com:IP:PmodJSTK2:1.0'. The one found in IP location 'z:/DAT096/vivado-library-master/ip/Pmods/PmodJSTK2_v1_0' will take precedence over the same IP in location z:/DAT096/vivado-library-b0946605e3617c901635278b62d0f6a8e3942844/ip/Pmods/PmodJSTK2_v1_0
WARNING: [IP_Flow 19-1663] Duplicate IP found for 'digilentinc.com:IP:PmodJSTK:1.0'. The one found in IP location 'z:/DAT096/vivado-library-master/ip/Pmods/PmodJSTK_v1_0' will take precedence over the same IP in location z:/DAT096/vivado-library-b0946605e3617c901635278b62d0f6a8e3942844/ip/Pmods/PmodJSTK_v1_0
WARNING: [IP_Flow 19-1663] Duplicate IP found for 'digilentinc.com:IP:PmodKYPD:1.0'. The one found in IP location 'z:/DAT096/vivado-library-master/ip/Pmods/PmodKYPD_v1_0' will take precedence over the same IP in location z:/DAT096/vivado-library-b0946605e3617c901635278b62d0f6a8e3942844/ip/Pmods/PmodKYPD_v1_0
WARNING: [IP_Flow 19-1663] Duplicate IP found for 'digilentinc.com:IP:PmodMAXSONAR:1.0'. The one found in IP location 'z:/DAT096/vivado-library-master/ip/Pmods/PmodMAXSONAR_v1_0' will take precedence over the same IP in location z:/DAT096/vivado-library-b0946605e3617c901635278b62d0f6a8e3942844/ip/Pmods/PmodMAXSONAR_v1_0
WARNING: [IP_Flow 19-1663] Duplicate IP found for 'digilentinc.com:IP:PmodMTDS:1.0'. The one found in IP location 'z:/DAT096/vivado-library-master/ip/Pmods/PmodMTDS_v1_0' will take precedence over the same IP in location z:/DAT096/vivado-library-b0946605e3617c901635278b62d0f6a8e3942844/ip/Pmods/PmodMTDS_v1_0
WARNING: [IP_Flow 19-1663] Duplicate IP found for 'digilentinc.com:IP:PmodNAV:1.0'. The one found in IP location 'z:/DAT096/vivado-library-master/ip/Pmods/PmodNAV_v1_0' will take precedence over the same IP in location z:/DAT096/vivado-library-b0946605e3617c901635278b62d0f6a8e3942844/ip/Pmods/PmodNAV_v1_0
WARNING: [IP_Flow 19-1663] Duplicate IP found for 'digilentinc.com:IP:PmodOLEDrgb:1.0'. The one found in IP location 'z:/DAT096/vivado-library-master/ip/Pmods/pmodOLEDrgb_v1_0' will take precedence over the same IP in location z:/DAT096/vivado-library-b0946605e3617c901635278b62d0f6a8e3942844/ip/Pmods/pmodOLEDrgb_v1_0
WARNING: [IP_Flow 19-1663] Duplicate IP found for 'digilentinc.com:IP:PmodOLED:1.0'. The one found in IP location 'z:/DAT096/vivado-library-master/ip/Pmods/PmodOLED_v1_0' will take precedence over the same IP in location z:/DAT096/vivado-library-b0946605e3617c901635278b62d0f6a8e3942844/ip/Pmods/PmodOLED_v1_0
WARNING: [IP_Flow 19-1663] Duplicate IP found for 'digilentinc.com:IP:PmodPIR:1.0'. The one found in IP location 'z:/DAT096/vivado-library-master/ip/Pmods/PmodPIR_v1_0' will take precedence over the same IP in location z:/DAT096/vivado-library-b0946605e3617c901635278b62d0f6a8e3942844/ip/Pmods/PmodPIR_v1_0
WARNING: [IP_Flow 19-1663] Duplicate IP found for 'digilentinc.com:IP:PmodR2R:1.0'. The one found in IP location 'z:/DAT096/vivado-library-master/ip/Pmods/PmodR2R_v1_0' will take precedence over the same IP in location z:/DAT096/vivado-library-b0946605e3617c901635278b62d0f6a8e3942844/ip/Pmods/PmodR2R_v1_0
WARNING: [IP_Flow 19-1663] Duplicate IP found for 'digilentinc.com:IP:PmodRTCC:1.0'. The one found in IP location 'z:/DAT096/vivado-library-master/ip/Pmods/PmodRTCC_v1_0' will take precedence over the same IP in location z:/DAT096/vivado-library-b0946605e3617c901635278b62d0f6a8e3942844/ip/Pmods/PmodRTCC_v1_0
WARNING: [IP_Flow 19-1663] Duplicate IP found for 'digilentinc.com:IP:PmodSD:1.0'. The one found in IP location 'z:/DAT096/vivado-library-master/ip/Pmods/PmodSD_v1_0' will take precedence over the same IP in location z:/DAT096/vivado-library-b0946605e3617c901635278b62d0f6a8e3942844/ip/Pmods/PmodSD_v1_0
WARNING: [IP_Flow 19-1663] Duplicate IP found for 'digilentinc.com:IP:PmodSF3:1.0'. The one found in IP location 'z:/DAT096/vivado-library-master/ip/Pmods/PmodSF3_v1_0' will take precedence over the same IP in location z:/DAT096/vivado-library-b0946605e3617c901635278b62d0f6a8e3942844/ip/Pmods/PmodSF3_v1_0
WARNING: [IP_Flow 19-1663] Duplicate IP found for 'digilentinc.com:IP:PmodTC1:1.0'. The one found in IP location 'z:/DAT096/vivado-library-master/ip/Pmods/PmodTC1_v1_0' will take precedence over the same IP in location z:/DAT096/vivado-library-b0946605e3617c901635278b62d0f6a8e3942844/ip/Pmods/PmodTC1_v1_0
WARNING: [IP_Flow 19-1663] Duplicate IP found for 'digilentinc.com:IP:PmodTMP3:1.0'. The one found in IP location 'z:/DAT096/vivado-library-master/ip/Pmods/PmodTMP3_v1_0' will take precedence over the same IP in location z:/DAT096/vivado-library-b0946605e3617c901635278b62d0f6a8e3942844/ip/Pmods/PmodTMP3_v1_0
WARNING: [IP_Flow 19-1663] Duplicate IP found for 'digilentinc.com:IP:PmodWIFI:1.0'. The one found in IP location 'z:/DAT096/vivado-library-master/ip/Pmods/PmodWIFI_v1_0' will take precedence over the same IP in location z:/DAT096/vivado-library-b0946605e3617c901635278b62d0f6a8e3942844/ip/Pmods/PmodWIFI_v1_0
WARNING: [IP_Flow 19-1663] Duplicate IP found for 'digilentinc.com:ip:pmod_bridge:1.0'. The one found in IP location 'z:/DAT096/vivado-library-master/ip/Pmods/Pmod_Bridge_v1_0' will take precedence over the same IP in location z:/DAT096/vivado-library-b0946605e3617c901635278b62d0f6a8e3942844/ip/Pmods/Pmod_Bridge_v1_0
WARNING: [IP_Flow 19-1663] Duplicate IP found for 'digilentinc.com:ip:pmod_bridge:1.1'. The one found in IP location 'z:/DAT096/vivado-library-master/ip/Pmods/Pmod_Bridge_v1_1' will take precedence over the same IP in location z:/DAT096/vivado-library-b0946605e3617c901635278b62d0f6a8e3942844/ip/Pmods/Pmod_Bridge_v1_1
WARNING: [IP_Flow 19-1663] Duplicate IP found for 'digilentinc.com:IP:PWM:1.0'. The one found in IP location 'z:/DAT096/vivado-library-master/ip/PWM_1.0' will take precedence over the same IP in location z:/DAT096/vivado-library-b0946605e3617c901635278b62d0f6a8e3942844/ip/PWM_1.0
WARNING: [IP_Flow 19-1663] Duplicate IP found for 'digilentinc.com:IP:PWM:2.0'. The one found in IP location 'z:/DAT096/vivado-library-master/ip/PWM_2.0' will take precedence over the same IP in location z:/DAT096/vivado-library-b0946605e3617c901635278b62d0f6a8e3942844/ip/PWM_2.0
WARNING: [IP_Flow 19-1663] Duplicate IP found for 'digilentinc.com:IP:PWM_Analyzer:1.0'. The one found in IP location 'z:/DAT096/vivado-library-master/ip/PWM_Analyzer_1.0' will take precedence over the same IP in location z:/DAT096/vivado-library-b0946605e3617c901635278b62d0f6a8e3942844/ip/PWM_Analyzer_1.0
WARNING: [IP_Flow 19-1663] Duplicate IP found for 'digilentinc.com:ip:rgb2dvi:1.4'. The one found in IP location 'z:/DAT096/vivado-library-master/ip/rgb2dvi' will take precedence over the same IP in location z:/DAT096/vivado-library-b0946605e3617c901635278b62d0f6a8e3942844/ip/rgb2dvi
WARNING: [IP_Flow 19-4830] Duplicate Interface found for 'digilentinc.com:interface:pmod:1.0'. The one found in location 'z:/DAT096/vivado-library-b0946605e3617c901635278b62d0f6a8e3942844/if/pmod_v1_0/pmod.xml' will take precedence over the same Interface in location 'z:/DAT096/vivado-library-master/if/pmod_v1_0/pmod.xml'
WARNING: [IP_Flow 19-4830] Duplicate Interface found for 'digilentinc.com:interface:tmds:1.0'. The one found in location 'z:/DAT096/vivado-library-b0946605e3617c901635278b62d0f6a8e3942844/if/tmds_v1_0/tmds.xml' will take precedence over the same Interface in location 'z:/DAT096/vivado-library-master/if/tmds_v1_0/tmds.xml'
INFO: [IP_Flow 19-5107] Inferred bus interface 'm_axis' of definition 'xilinx.com:interface:axis:1.0' (from Xilinx Repository).
INFO: [IP_Flow 19-5107] Inferred bus interface 'clk' of definition 'xilinx.com:signal:clock:1.0' (from Xilinx Repository).
INFO: [IP_Flow 19-4728] Bus Interface 'clk': Added interface parameter 'ASSOCIATED_BUSIF' with value 'm_axis'.
WARNING: [IP_Flow 19-11770] Clock interface 'clk' has no FREQ_HZ parameter.
WARNING: [IP_Flow 19-1663] Duplicate IP found for 'digilentinc.com:user:axi_i2s_adi:1.2'. The one found in IP location 'z:/DAT096/vivado-library-b0946605e3617c901635278b62d0f6a8e3942844/ip/axi_i2s_adi_1.2' will take precedence over the same IP in location z:/DAT096/vivado-library-master/ip/axi_i2s_adi_1.2
WARNING: [IP_Flow 19-1663] Duplicate IP found for 'digilentinc.com:IP:axi_ps2:1.0'. The one found in IP location 'z:/DAT096/vivado-library-b0946605e3617c901635278b62d0f6a8e3942844/ip/axi_ps2_1.0' will take precedence over the same IP in location z:/DAT096/vivado-library-master/ip/axi_ps2_1.0
WARNING: [IP_Flow 19-1663] Duplicate IP found for 'digilentinc.com:ip:clock_forwarder:1.1'. The one found in IP location 'z:/DAT096/vivado-library-b0946605e3617c901635278b62d0f6a8e3942844/ip/clock_forwarder' will take precedence over the same IP in location z:/DAT096/vivado-library-master/ip/clock_forwarder
WARNING: [IP_Flow 19-1663] Duplicate IP found for 'digilentinc.com:IP:hls_contrast_stretch:1.0'. The one found in IP location 'z:/DAT096/vivado-library-b0946605e3617c901635278b62d0f6a8e3942844/ip/hls_contrast_stretch_1_0' will take precedence over the same IP in location z:/DAT096/vivado-library-master/ip/hls_contrast_stretch_1_0
WARNING: [IP_Flow 19-1663] Duplicate IP found for 'digilentinc.com:IP:hls_gamma_correction:1.0'. The one found in IP location 'z:/DAT096/vivado-library-b0946605e3617c901635278b62d0f6a8e3942844/ip/hls_gamma_correction_1_0' will take precedence over the same IP in location z:/DAT096/vivado-library-master/ip/hls_gamma_correction_1_0
WARNING: [IP_Flow 19-1663] Duplicate IP found for 'digilentinc.com:IP:hls_saturation_enhance:1.0'. The one found in IP location 'z:/DAT096/vivado-library-b0946605e3617c901635278b62d0f6a8e3942844/ip/hls_saturation_enhance_1_0' will take precedence over the same IP in location z:/DAT096/vivado-library-master/ip/hls_saturation_enhance_1_0
WARNING: [IP_Flow 19-1663] Duplicate IP found for 'digilentinc.com:ip:rgb2dpvid:1.0'. The one found in IP location 'z:/DAT096/vivado-library-b0946605e3617c901635278b62d0f6a8e3942844/ip/rgb2dpvid_v1_0' will take precedence over the same IP in location z:/DAT096/vivado-library-master/ip/rgb2dpvid_v1_0
WARNING: [IP_Flow 19-1663] Duplicate IP found for 'digilentinc.com:ip:rgb2vga:1.0'. The one found in IP location 'z:/DAT096/vivado-library-b0946605e3617c901635278b62d0f6a8e3942844/ip/rgb2vga_v1_0' will take precedence over the same IP in location z:/DAT096/vivado-library-master/ip/rgb2vga_v1_0
WARNING: [IP_Flow 19-1663] Duplicate IP found for 'digilentinc.com:ip:Sync:1.0'. The one found in IP location 'z:/DAT096/vivado-library-b0946605e3617c901635278b62d0f6a8e3942844/ip/Sync_v1_0' will take precedence over the same IP in location z:/DAT096/vivado-library-master/ip/Sync_v1_0
WARNING: [IP_Flow 19-1663] Duplicate IP found for 'digilentinc.com:ip:usb2device:1.0'. The one found in IP location 'z:/DAT096/vivado-library-b0946605e3617c901635278b62d0f6a8e3942844/ip/usb2device_v1_0' will take precedence over the same IP in location z:/DAT096/vivado-library-master/ip/usb2device_v1_0
WARNING: [IP_Flow 19-1663] Duplicate IP found for 'digilentinc.com:video:video_scaler:1.0'. The one found in IP location 'z:/DAT096/vivado-library-b0946605e3617c901635278b62d0f6a8e3942844/ip/video_scaler' will take precedence over the same IP in location z:/DAT096/vivado-library-master/ip/video_scaler
WARNING: [IP_Flow 19-1663] Duplicate IP found for 'digilentinc.com:ip:dvi2rgb:2.0'. The one found in IP location 'z:/DAT096/vivado-library-master/ip/dvi2rgb' will take precedence over the same IP in location z:/DAT096/vivado-library-b0946605e3617c901635278b62d0f6a8e3942844/ip/dvi2rgb
WARNING: [IP_Flow 19-1663] Duplicate IP found for 'digilentinc.com:IP:MotorFeedback:1.0'. The one found in IP location 'z:/DAT096/vivado-library-master/ip/MotorFeedback_1.0' will take precedence over the same IP in location z:/DAT096/vivado-library-b0946605e3617c901635278b62d0f6a8e3942844/ip/MotorFeedback_1.0
WARNING: [IP_Flow 19-1663] Duplicate IP found for 'digilentinc.com:IP:PmodACL2:1.0'. The one found in IP location 'z:/DAT096/vivado-library-master/ip/Pmods/PmodACL2_v1_0' will take precedence over the same IP in location z:/DAT096/vivado-library-b0946605e3617c901635278b62d0f6a8e3942844/ip/Pmods/PmodACL2_v1_0
WARNING: [IP_Flow 19-1663] Duplicate IP found for 'digilentinc.com:IP:PmodACL:1.0'. The one found in IP location 'z:/DAT096/vivado-library-master/ip/Pmods/PmodACL_v1_0' will take precedence over the same IP in location z:/DAT096/vivado-library-b0946605e3617c901635278b62d0f6a8e3942844/ip/Pmods/PmodACL_v1_0
WARNING: [IP_Flow 19-1663] Duplicate IP found for 'digilentinc.com:IP:PmodAD1:1.0'. The one found in IP location 'z:/DAT096/vivado-library-master/ip/Pmods/PmodAD1_v1_0' will take precedence over the same IP in location z:/DAT096/vivado-library-b0946605e3617c901635278b62d0f6a8e3942844/ip/Pmods/PmodAD1_v1_0
WARNING: [IP_Flow 19-1663] Duplicate IP found for 'digilentinc.com:IP:PmodAD2:1.0'. The one found in IP location 'z:/DAT096/vivado-library-master/ip/Pmods/PmodAD2_v1_0' will take precedence over the same IP in location z:/DAT096/vivado-library-b0946605e3617c901635278b62d0f6a8e3942844/ip/Pmods/PmodAD2_v1_0
WARNING: [IP_Flow 19-1663] Duplicate IP found for 'digilentinc.com:IP:PmodAD5:1.0'. The one found in IP location 'z:/DAT096/vivado-library-master/ip/Pmods/PmodAD5_v1_0' will take precedence over the same IP in location z:/DAT096/vivado-library-b0946605e3617c901635278b62d0f6a8e3942844/ip/Pmods/PmodAD5_v1_0
WARNING: [IP_Flow 19-1663] Duplicate IP found for 'digilentinc.com:IP:PmodALS:1.0'. The one found in IP location 'z:/DAT096/vivado-library-master/ip/Pmods/PmodALS_v1_0' will take precedence over the same IP in location z:/DAT096/vivado-library-b0946605e3617c901635278b62d0f6a8e3942844/ip/Pmods/PmodALS_v1_0
WARNING: [IP_Flow 19-1663] Duplicate IP found for 'digilentinc.com:IP:PmodAMP2:1.0'. The one found in IP location 'z:/DAT096/vivado-library-master/ip/Pmods/PmodAMP2_v1_0' will take precedence over the same IP in location z:/DAT096/vivado-library-b0946605e3617c901635278b62d0f6a8e3942844/ip/Pmods/PmodAMP2_v1_0
WARNING: [IP_Flow 19-1663] Duplicate IP found for 'digilentinc.com:IP:PmodAQS:1.0'. The one found in IP location 'z:/DAT096/vivado-library-master/ip/Pmods/PmodAQS_v1_0' will take precedence over the same IP in location z:/DAT096/vivado-library-b0946605e3617c901635278b62d0f6a8e3942844/ip/Pmods/PmodAQS_v1_0
WARNING: [IP_Flow 19-1663] Duplicate IP found for 'digilentinc.com:IP:PmodBLE:1.0'. The one found in IP location 'z:/DAT096/vivado-library-master/ip/Pmods/PmodBLE_v1_0' will take precedence over the same IP in location z:/DAT096/vivado-library-b0946605e3617c901635278b62d0f6a8e3942844/ip/Pmods/PmodBLE_v1_0
WARNING: [IP_Flow 19-1663] Duplicate IP found for 'digilentinc.com:IP:PmodBT2:1.0'. The one found in IP location 'z:/DAT096/vivado-library-master/ip/Pmods/PmodBT2_v1_0' will take precedence over the same IP in location z:/DAT096/vivado-library-b0946605e3617c901635278b62d0f6a8e3942844/ip/Pmods/PmodBT2_v1_0
WARNING: [IP_Flow 19-1663] Duplicate IP found for 'digilentinc.com:IP:PmodCAN:1.0'. The one found in IP location 'z:/DAT096/vivado-library-master/ip/Pmods/PmodCAN_v1_0' will take precedence over the same IP in location z:/DAT096/vivado-library-b0946605e3617c901635278b62d0f6a8e3942844/ip/Pmods/PmodCAN_v1_0
WARNING: [IP_Flow 19-1663] Duplicate IP found for 'digilentinc.com:IP:PmodCLS:1.0'. The one found in IP location 'z:/DAT096/vivado-library-master/ip/Pmods/PmodCLS_v1_0' will take precedence over the same IP in location z:/DAT096/vivado-library-b0946605e3617c901635278b62d0f6a8e3942844/ip/Pmods/PmodCLS_v1_0
WARNING: [IP_Flow 19-1663] Duplicate IP found for 'digilentinc.com:IP:PmodCMPS2:1.0'. The one found in IP location 'z:/DAT096/vivado-library-master/ip/Pmods/PmodCMPS2_v1_0' will take precedence over the same IP in location z:/DAT096/vivado-library-b0946605e3617c901635278b62d0f6a8e3942844/ip/Pmods/PmodCMPS2_v1_0
WARNING: [IP_Flow 19-1663] Duplicate IP found for 'digilentinc.com:IP:PmodCOLOR:1.0'. The one found in IP location 'z:/DAT096/vivado-library-master/ip/Pmods/PmodCOLOR_v1_0' will take precedence over the same IP in location z:/DAT096/vivado-library-b0946605e3617c901635278b62d0f6a8e3942844/ip/Pmods/PmodCOLOR_v1_0
WARNING: [IP_Flow 19-1663] Duplicate IP found for 'digilentinc.com:IP:PmodDA1:1.0'. The one found in IP location 'z:/DAT096/vivado-library-master/ip/Pmods/PmodDA1_v1_0' will take precedence over the same IP in location z:/DAT096/vivado-library-b0946605e3617c901635278b62d0f6a8e3942844/ip/Pmods/PmodDA1_v1_0
WARNING: [IP_Flow 19-1663] Duplicate IP found for 'digilentinc.com:IP:PmodDHB1:1.0'. The one found in IP location 'z:/DAT096/vivado-library-master/ip/Pmods/PmodDHB1_v1_0' will take precedence over the same IP in location z:/DAT096/vivado-library-b0946605e3617c901635278b62d0f6a8e3942844/ip/Pmods/PmodDHB1_v1_0
WARNING: [IP_Flow 19-1663] Duplicate IP found for 'digilentinc.com:IP:PmodDPG1:1.0'. The one found in IP location 'z:/DAT096/vivado-library-master/ip/Pmods/PmodDPG1_v1_0' will take precedence over the same IP in location z:/DAT096/vivado-library-b0946605e3617c901635278b62d0f6a8e3942844/ip/Pmods/PmodDPG1_v1_0
WARNING: [IP_Flow 19-1663] Duplicate IP found for 'digilentinc.com:IP:PmodENC:1.0'. The one found in IP location 'z:/DAT096/vivado-library-master/ip/Pmods/PmodENC_v1_0' will take precedence over the same IP in location z:/DAT096/vivado-library-b0946605e3617c901635278b62d0f6a8e3942844/ip/Pmods/PmodENC_v1_0
WARNING: [IP_Flow 19-1663] Duplicate IP found for 'digilentinc.com:user:PmodESP32:1.0'. The one found in IP location 'z:/DAT096/vivado-library-master/ip/Pmods/PmodESP32_v1_0' will take precedence over the same IP in location z:/DAT096/vivado-library-b0946605e3617c901635278b62d0f6a8e3942844/ip/Pmods/PmodESP32_v1_0
WARNING: [IP_Flow 19-1663] Duplicate IP found for 'digilentinc.com:IP:PmodGPIO:1.0'. The one found in IP location 'z:/DAT096/vivado-library-master/ip/Pmods/PmodGPIO_v1_0' will take precedence over the same IP in location z:/DAT096/vivado-library-b0946605e3617c901635278b62d0f6a8e3942844/ip/Pmods/PmodGPIO_v1_0
WARNING: [IP_Flow 19-1663] Duplicate IP found for 'digilentinc.com:IP:PmodGPS:1.1'. The one found in IP location 'z:/DAT096/vivado-library-master/ip/Pmods/PmodGPS_v1_1' will take precedence over the same IP in location z:/DAT096/vivado-library-b0946605e3617c901635278b62d0f6a8e3942844/ip/Pmods/PmodGPS_v1_1
WARNING: [IP_Flow 19-1663] Duplicate IP found for 'digilentinc.com:IP:PmodGYRO:1.0'. The one found in IP location 'z:/DAT096/vivado-library-master/ip/Pmods/PmodGYRO_v1_0' will take precedence over the same IP in location z:/DAT096/vivado-library-b0946605e3617c901635278b62d0f6a8e3942844/ip/Pmods/PmodGYRO_v1_0
WARNING: [IP_Flow 19-1663] Duplicate IP found for 'digilentinc.com:IP:PmodHYGRO:1.0'. The one found in IP location 'z:/DAT096/vivado-library-master/ip/Pmods/PmodHYGRO_v1_0' will take precedence over the same IP in location z:/DAT096/vivado-library-b0946605e3617c901635278b62d0f6a8e3942844/ip/Pmods/PmodHYGRO_v1_0
WARNING: [IP_Flow 19-1663] Duplicate IP found for 'digilentinc.com:IP:PmodJSTK2:1.0'. The one found in IP location 'z:/DAT096/vivado-library-master/ip/Pmods/PmodJSTK2_v1_0' will take precedence over the same IP in location z:/DAT096/vivado-library-b0946605e3617c901635278b62d0f6a8e3942844/ip/Pmods/PmodJSTK2_v1_0
WARNING: [IP_Flow 19-1663] Duplicate IP found for 'digilentinc.com:IP:PmodJSTK:1.0'. The one found in IP location 'z:/DAT096/vivado-library-master/ip/Pmods/PmodJSTK_v1_0' will take precedence over the same IP in location z:/DAT096/vivado-library-b0946605e3617c901635278b62d0f6a8e3942844/ip/Pmods/PmodJSTK_v1_0
WARNING: [IP_Flow 19-1663] Duplicate IP found for 'digilentinc.com:IP:PmodKYPD:1.0'. The one found in IP location 'z:/DAT096/vivado-library-master/ip/Pmods/PmodKYPD_v1_0' will take precedence over the same IP in location z:/DAT096/vivado-library-b0946605e3617c901635278b62d0f6a8e3942844/ip/Pmods/PmodKYPD_v1_0
WARNING: [IP_Flow 19-1663] Duplicate IP found for 'digilentinc.com:IP:PmodMAXSONAR:1.0'. The one found in IP location 'z:/DAT096/vivado-library-master/ip/Pmods/PmodMAXSONAR_v1_0' will take precedence over the same IP in location z:/DAT096/vivado-library-b0946605e3617c901635278b62d0f6a8e3942844/ip/Pmods/PmodMAXSONAR_v1_0
WARNING: [IP_Flow 19-1663] Duplicate IP found for 'digilentinc.com:IP:PmodMTDS:1.0'. The one found in IP location 'z:/DAT096/vivado-library-master/ip/Pmods/PmodMTDS_v1_0' will take precedence over the same IP in location z:/DAT096/vivado-library-b0946605e3617c901635278b62d0f6a8e3942844/ip/Pmods/PmodMTDS_v1_0
WARNING: [IP_Flow 19-1663] Duplicate IP found for 'digilentinc.com:IP:PmodNAV:1.0'. The one found in IP location 'z:/DAT096/vivado-library-master/ip/Pmods/PmodNAV_v1_0' will take precedence over the same IP in location z:/DAT096/vivado-library-b0946605e3617c901635278b62d0f6a8e3942844/ip/Pmods/PmodNAV_v1_0
WARNING: [IP_Flow 19-1663] Duplicate IP found for 'digilentinc.com:IP:PmodOLEDrgb:1.0'. The one found in IP location 'z:/DAT096/vivado-library-master/ip/Pmods/pmodOLEDrgb_v1_0' will take precedence over the same IP in location z:/DAT096/vivado-library-b0946605e3617c901635278b62d0f6a8e3942844/ip/Pmods/pmodOLEDrgb_v1_0
WARNING: [IP_Flow 19-1663] Duplicate IP found for 'digilentinc.com:IP:PmodOLED:1.0'. The one found in IP location 'z:/DAT096/vivado-library-master/ip/Pmods/PmodOLED_v1_0' will take precedence over the same IP in location z:/DAT096/vivado-library-b0946605e3617c901635278b62d0f6a8e3942844/ip/Pmods/PmodOLED_v1_0
WARNING: [IP_Flow 19-1663] Duplicate IP found for 'digilentinc.com:IP:PmodPIR:1.0'. The one found in IP location 'z:/DAT096/vivado-library-master/ip/Pmods/PmodPIR_v1_0' will take precedence over the same IP in location z:/DAT096/vivado-library-b0946605e3617c901635278b62d0f6a8e3942844/ip/Pmods/PmodPIR_v1_0
WARNING: [IP_Flow 19-1663] Duplicate IP found for 'digilentinc.com:IP:PmodR2R:1.0'. The one found in IP location 'z:/DAT096/vivado-library-master/ip/Pmods/PmodR2R_v1_0' will take precedence over the same IP in location z:/DAT096/vivado-library-b0946605e3617c901635278b62d0f6a8e3942844/ip/Pmods/PmodR2R_v1_0
WARNING: [IP_Flow 19-1663] Duplicate IP found for 'digilentinc.com:IP:PmodRTCC:1.0'. The one found in IP location 'z:/DAT096/vivado-library-master/ip/Pmods/PmodRTCC_v1_0' will take precedence over the same IP in location z:/DAT096/vivado-library-b0946605e3617c901635278b62d0f6a8e3942844/ip/Pmods/PmodRTCC_v1_0
WARNING: [IP_Flow 19-1663] Duplicate IP found for 'digilentinc.com:IP:PmodSD:1.0'. The one found in IP location 'z:/DAT096/vivado-library-master/ip/Pmods/PmodSD_v1_0' will take precedence over the same IP in location z:/DAT096/vivado-library-b0946605e3617c901635278b62d0f6a8e3942844/ip/Pmods/PmodSD_v1_0
WARNING: [IP_Flow 19-1663] Duplicate IP found for 'digilentinc.com:IP:PmodSF3:1.0'. The one found in IP location 'z:/DAT096/vivado-library-master/ip/Pmods/PmodSF3_v1_0' will take precedence over the same IP in location z:/DAT096/vivado-library-b0946605e3617c901635278b62d0f6a8e3942844/ip/Pmods/PmodSF3_v1_0
WARNING: [IP_Flow 19-1663] Duplicate IP found for 'digilentinc.com:IP:PmodTC1:1.0'. The one found in IP location 'z:/DAT096/vivado-library-master/ip/Pmods/PmodTC1_v1_0' will take precedence over the same IP in location z:/DAT096/vivado-library-b0946605e3617c901635278b62d0f6a8e3942844/ip/Pmods/PmodTC1_v1_0
WARNING: [IP_Flow 19-1663] Duplicate IP found for 'digilentinc.com:IP:PmodTMP3:1.0'. The one found in IP location 'z:/DAT096/vivado-library-master/ip/Pmods/PmodTMP3_v1_0' will take precedence over the same IP in location z:/DAT096/vivado-library-b0946605e3617c901635278b62d0f6a8e3942844/ip/Pmods/PmodTMP3_v1_0
WARNING: [IP_Flow 19-1663] Duplicate IP found for 'digilentinc.com:IP:PmodWIFI:1.0'. The one found in IP location 'z:/DAT096/vivado-library-master/ip/Pmods/PmodWIFI_v1_0' will take precedence over the same IP in location z:/DAT096/vivado-library-b0946605e3617c901635278b62d0f6a8e3942844/ip/Pmods/PmodWIFI_v1_0
WARNING: [IP_Flow 19-1663] Duplicate IP found for 'digilentinc.com:ip:pmod_bridge:1.0'. The one found in IP location 'z:/DAT096/vivado-library-master/ip/Pmods/Pmod_Bridge_v1_0' will take precedence over the same IP in location z:/DAT096/vivado-library-b0946605e3617c901635278b62d0f6a8e3942844/ip/Pmods/Pmod_Bridge_v1_0
WARNING: [IP_Flow 19-1663] Duplicate IP found for 'digilentinc.com:ip:pmod_bridge:1.1'. The one found in IP location 'z:/DAT096/vivado-library-master/ip/Pmods/Pmod_Bridge_v1_1' will take precedence over the same IP in location z:/DAT096/vivado-library-b0946605e3617c901635278b62d0f6a8e3942844/ip/Pmods/Pmod_Bridge_v1_1
WARNING: [IP_Flow 19-1663] Duplicate IP found for 'digilentinc.com:IP:PWM:1.0'. The one found in IP location 'z:/DAT096/vivado-library-master/ip/PWM_1.0' will take precedence over the same IP in location z:/DAT096/vivado-library-b0946605e3617c901635278b62d0f6a8e3942844/ip/PWM_1.0
WARNING: [IP_Flow 19-1663] Duplicate IP found for 'digilentinc.com:IP:PWM:2.0'. The one found in IP location 'z:/DAT096/vivado-library-master/ip/PWM_2.0' will take precedence over the same IP in location z:/DAT096/vivado-library-b0946605e3617c901635278b62d0f6a8e3942844/ip/PWM_2.0
WARNING: [IP_Flow 19-1663] Duplicate IP found for 'digilentinc.com:IP:PWM_Analyzer:1.0'. The one found in IP location 'z:/DAT096/vivado-library-master/ip/PWM_Analyzer_1.0' will take precedence over the same IP in location z:/DAT096/vivado-library-b0946605e3617c901635278b62d0f6a8e3942844/ip/PWM_Analyzer_1.0
WARNING: [IP_Flow 19-1663] Duplicate IP found for 'digilentinc.com:ip:rgb2dvi:1.4'. The one found in IP location 'z:/DAT096/vivado-library-master/ip/rgb2dvi' will take precedence over the same IP in location z:/DAT096/vivado-library-b0946605e3617c901635278b62d0f6a8e3942844/ip/rgb2dvi
WARNING: [IP_Flow 19-4830] Duplicate Interface found for 'digilentinc.com:interface:pmod:1.0'. The one found in location 'z:/DAT096/vivado-library-b0946605e3617c901635278b62d0f6a8e3942844/if/pmod_v1_0/pmod.xml' will take precedence over the same Interface in location 'z:/DAT096/vivado-library-master/if/pmod_v1_0/pmod.xml'
WARNING: [IP_Flow 19-4830] Duplicate Interface found for 'digilentinc.com:interface:tmds:1.0'. The one found in location 'z:/DAT096/vivado-library-b0946605e3617c901635278b62d0f6a8e3942844/if/tmds_v1_0/tmds.xml' will take precedence over the same Interface in location 'z:/DAT096/vivado-library-master/if/tmds_v1_0/tmds.xml'
Upgrading 'Z:/DAT096/DAT096-krish/Embedded-System-Project-DAT096-krishna/Board_2/Board_2/Board_2.srcs/sources_1/bd/design_2/design_2.bd'
WARNING: [Vivado 12-1017] Problems encountered:
1. Failed to delete one or more files in run directory Z:/DAT096/DAT096-krish/Embedded-System-Project-DAT096-krishna/Board_2/Board_2/Board_2.runs/design_2_vcsel_top_0_0_synth_1

INFO: [IP_Flow 19-3420] Updated design_2_vcsel_top_0_0 to use current project options
Wrote  : <Z:\DAT096\DAT096-krish\Embedded-System-Project-DAT096-krishna\Board_2\Board_2\Board_2.srcs\sources_1\bd\design_2\design_2.bd> 
generate_target all [get_files  Z:/DAT096/DAT096-krish/Embedded-System-Project-DAT096-krishna/Board_2/Board_2/Board_2.srcs/sources_1/bd/design_2/design_2.bd]
WARNING: [BD 41-2670] Found an incomplete address path from address space '/processing_system7_0/Data' to master interface '/processing_system7_0/M_AXI_GP0'. Please either complete or remove this path to resolve.
WARNING: [BD 5-699] No address segments matched 'get_bd_addr_segs -of_objects /processing_system7_0/Data'
ERROR: [Common 17-161] Invalid option value '' specified for 'object'.
ERROR: [BD 41-1273] Error running propagate TCL procedure: ERROR: [Common 17-161] Invalid option value '' specified for 'object'.
    ::xilinx.com_ip_ila_6.2::propagate Line 95
INFO: [xilinx.com:ip:clk_wiz:6.0-1] /clk_wiz_0 clk_wiz propagate
Wrote  : <Z:\DAT096\DAT096-krish\Embedded-System-Project-DAT096-krishna\Board_2\Board_2\Board_2.srcs\sources_1\bd\design_2\design_2.bd> 
VHDL Output written to : z:/DAT096/DAT096-krish/Embedded-System-Project-DAT096-krishna/Board_2/Board_2/Board_2.gen/sources_1/bd/design_2/synth/design_2.vhd
VHDL Output written to : z:/DAT096/DAT096-krish/Embedded-System-Project-DAT096-krishna/Board_2/Board_2/Board_2.gen/sources_1/bd/design_2/sim/design_2.vhd
VHDL Output written to : z:/DAT096/DAT096-krish/Embedded-System-Project-DAT096-krishna/Board_2/Board_2/Board_2.gen/sources_1/bd/design_2/hdl/design_2_wrapper.vhd
INFO: [BD 41-1029] Generation completed for the IP Integrator block vcsel_top_0 .
Exporting to file z:/DAT096/DAT096-krish/Embedded-System-Project-DAT096-krishna/Board_2/Board_2/Board_2.gen/sources_1/bd/design_2/hw_handoff/design_2.hwh
Generated Hardware Definition File z:/DAT096/DAT096-krish/Embedded-System-Project-DAT096-krishna/Board_2/Board_2/Board_2.gen/sources_1/bd/design_2/synth/design_2.hwdef
ERROR: [Common 17-39] 'generate_target' failed due to earlier errors.
WARNING: [filemgmt 56-199] Attempt to get parsing info during refresh. "On-the-fly" syntax checking information may be incorrect. [Z:\DAT096\DAT096-krish\Embedded-System-Project-DAT096-krishna\Board_2\Board_2\Board_2.srcs\sources_1\new\vcsel_top.vhd:]
WARNING: [filemgmt 56-199] Attempt to get parsing info during refresh. "On-the-fly" syntax checking information may be incorrect. [Z:\DAT096\DAT096-krish\Embedded-System-Project-DAT096-krishna\Board_2\Board_2\Board_2.srcs\sources_1\new\v_to_amp.vhd:]
WARNING: [filemgmt 56-199] Attempt to get parsing info during refresh. "On-the-fly" syntax checking information may be incorrect. [Z:\DAT096\DAT096-krish\Embedded-System-Project-DAT096-krishna\Board_2\Board_2\Board_2.srcs\sources_1\new\v_to_amp.vhd:]
WARNING: [filemgmt 56-199] Attempt to get parsing info during refresh. "On-the-fly" syntax checking information may be incorrect. [Z:\DAT096\DAT096-krish\Embedded-System-Project-DAT096-krishna\Board_2\Board_2\Board_2.srcs\sources_1\new\v_to_amp.vhd:]
ERROR: [Common 17-180] Spawn failed: No error
report_ip_status -name ip_status 
reset_run synth_1
INFO: [Project 1-1161] Replacing file Z:/DAT096/DAT096-krish/Embedded-System-Project-DAT096-krishna/Board_2/Board_2/Board_2.srcs/utils_1/imports/synth_1/design_2_wrapper.dcp with file Z:/DAT096/DAT096-krish/Embedded-System-Project-DAT096-krishna/Board_2/Board_2/Board_2.runs/synth_1/design_2_wrapper.dcp
WARNING: [Vivado 12-1017] Problems encountered:
1. Failed to delete one or more files in run directory Z:/DAT096/DAT096-krish/Embedded-System-Project-DAT096-krishna/Board_2/Board_2/Board_2.runs/synth_1

WARNING: [filemgmt 56-199] Attempt to get parsing info during refresh. "On-the-fly" syntax checking information may be incorrect. [Z:\DAT096\DAT096-krish\Embedded-System-Project-DAT096-krishna\Board_2\Board_2\Board_2.srcs\sources_1\new\vcsel_top.vhd:]
WARNING: [filemgmt 56-199] Attempt to get parsing info during refresh. "On-the-fly" syntax checking information may be incorrect. [Z:\DAT096\DAT096-krish\Embedded-System-Project-DAT096-krishna\Board_2\Board_2\Board_2.srcs\sources_1\new\v_to_amp.vhd:]
WARNING: [filemgmt 56-199] Attempt to get parsing info during refresh. "On-the-fly" syntax checking information may be incorrect. [Z:\DAT096\DAT096-krish\Embedded-System-Project-DAT096-krishna\Board_2\Board_2\Board_2.srcs\sources_1\new\v_to_amp.vhd:]
WARNING: [filemgmt 56-199] Attempt to get parsing info during refresh. "On-the-fly" syntax checking information may be incorrect. [Z:\DAT096\DAT096-krish\Embedded-System-Project-DAT096-krishna\Board_2\Board_2\Board_2.srcs\sources_1\new\v_to_amp.vhd:]
launch_runs impl_1 -to_step write_bitstream -jobs 28
WARNING: [filemgmt 56-199] Attempt to get parsing info during refresh. "On-the-fly" syntax checking information may be incorrect. [Z:\DAT096\DAT096-krish\Embedded-System-Project-DAT096-krishna\Board_2\Board_2\Board_2.srcs\sources_1\new\vcsel_top.vhd:]
WARNING: [filemgmt 56-199] Attempt to get parsing info during refresh. "On-the-fly" syntax checking information may be incorrect. [Z:\DAT096\DAT096-krish\Embedded-System-Project-DAT096-krishna\Board_2\Board_2\Board_2.srcs\sources_1\new\v_to_amp.vhd:]
WARNING: [filemgmt 56-199] Attempt to get parsing info during refresh. "On-the-fly" syntax checking information may be incorrect. [Z:\DAT096\DAT096-krish\Embedded-System-Project-DAT096-krishna\Board_2\Board_2\Board_2.srcs\sources_1\new\v_to_amp.vhd:]
WARNING: [filemgmt 56-199] Attempt to get parsing info during refresh. "On-the-fly" syntax checking information may be incorrect. [Z:\DAT096\DAT096-krish\Embedded-System-Project-DAT096-krishna\Board_2\Board_2\Board_2.srcs\sources_1\new\v_to_amp.vhd:]
ERROR: [Common 17-180] Spawn failed: No error
WARNING: [filemgmt 56-199] Attempt to get parsing info during refresh. "On-the-fly" syntax checking information may be incorrect. [Z:\DAT096\DAT096-krish\Embedded-System-Project-DAT096-krishna\Board_2\Board_2\Board_2.srcs\sources_1\new\vcsel_top.vhd:]
WARNING: [filemgmt 56-199] Attempt to get parsing info during refresh. "On-the-fly" syntax checking information may be incorrect. [Z:\DAT096\DAT096-krish\Embedded-System-Project-DAT096-krishna\Board_2\Board_2\Board_2.srcs\sources_1\new\v_to_amp.vhd:]
WARNING: [filemgmt 56-199] Attempt to get parsing info during refresh. "On-the-fly" syntax checking information may be incorrect. [Z:\DAT096\DAT096-krish\Embedded-System-Project-DAT096-krishna\Board_2\Board_2\Board_2.srcs\sources_1\new\vcsel_top.vhd:]
WARNING: [filemgmt 56-199] Attempt to get parsing info during refresh. "On-the-fly" syntax checking information may be incorrect. [Z:\DAT096\DAT096-krish\Embedded-System-Project-DAT096-krishna\Board_2\Board_2\Board_2.srcs\sources_1\new\vcsel_top.vhd:]
ERROR: [Common 17-180] Spawn failed: No error
[Mon May 18 18:19:56 2026] Launched design_2_vcsel_top_0_0_synth_1, synth_1...
Run output will be captured here:
design_2_vcsel_top_0_0_synth_1: Z:/DAT096/DAT096-krish/Embedded-System-Project-DAT096-krishna/Board_2/Board_2/Board_2.runs/design_2_vcsel_top_0_0_synth_1/runme.log
synth_1: Z:/DAT096/DAT096-krish/Embedded-System-Project-DAT096-krishna/Board_2/Board_2/Board_2.runs/synth_1/runme.log
[Mon May 18 18:19:56 2026] Launched impl_1...
Run output will be captured here: Z:/DAT096/DAT096-krish/Embedded-System-Project-DAT096-krishna/Board_2/Board_2/Board_2.runs/impl_1/runme.log
ERROR: [Common 17-39] 'launch_runs' failed due to earlier errors.
WARNING: [filemgmt 56-199] Attempt to get parsing info during refresh. "On-the-fly" syntax checking information may be incorrect. [Z:\DAT096\DAT096-krish\Embedded-System-Project-DAT096-krishna\Board_2\Board_2\Board_2.srcs\sources_1\new\vcsel_top.vhd:]
WARNING: [filemgmt 56-199] Attempt to get parsing info during refresh. "On-the-fly" syntax checking information may be incorrect. [Z:\DAT096\DAT096-krish\Embedded-System-Project-DAT096-krishna\Board_2\Board_2\Board_2.srcs\sources_1\new\v_to_amp.vhd:]
WARNING: [filemgmt 56-199] Attempt to get parsing info during refresh. "On-the-fly" syntax checking information may be incorrect. [Z:\DAT096\DAT096-krish\Embedded-System-Project-DAT096-krishna\Board_2\Board_2\Board_2.srcs\sources_1\new\v_to_amp.vhd:]
WARNING: [filemgmt 56-199] Attempt to get parsing info during refresh. "On-the-fly" syntax checking information may be incorrect. [Z:\DAT096\DAT096-krish\Embedded-System-Project-DAT096-krishna\Board_2\Board_2\Board_2.srcs\sources_1\new\v_to_amp.vhd:]
ERROR: [Common 17-180] Spawn failed: No error
set_property PROBES.FILE {Z:/DAT096/DAT096-krish/Embedded-System-Project-DAT096-krishna/Board_2/Board_2/Board_2.runs/impl_1/design_2_wrapper.ltx} [get_hw_devices xc7z020_1]
set_property FULL_PROBES.FILE {Z:/DAT096/DAT096-krish/Embedded-System-Project-DAT096-krishna/Board_2/Board_2/Board_2.runs/impl_1/design_2_wrapper.ltx} [get_hw_devices xc7z020_1]
set_property PROGRAM.FILE {Z:/DAT096/DAT096-krish/Embedded-System-Project-DAT096-krishna/Board_2/Board_2/Board_2.runs/impl_1/design_2_wrapper.bit} [get_hw_devices xc7z020_1]
program_hw_devices [get_hw_devices xc7z020_1]
INFO: [Labtools 27-3164] End of startup status: HIGH
refresh_hw_device [lindex [get_hw_devices xc7z020_1] 0]
INFO: [Labtools 27-2302] Device xc7z020 (JTAG device index = 1) is programmed with a design that has 1 ILA core(s).
INFO: [Labtools 27-2302] Device xc7z020 (JTAG device index = 1) is programmed with a design that has 2 VIO core(s).
run_hw_ila [get_hw_ilas -of_objects [get_hw_devices xc7z020_1] -filter {CELL_NAME=~"design_2_i/ila_0"}]
INFO: [Labtools 27-1964] The ILA core 'hw_ila_1' trigger was armed at 2026-May-18 18:24:05
wait_on_hw_ila [get_hw_ilas -of_objects [get_hw_devices xc7z020_1] -filter {CELL_NAME=~"design_2_i/ila_0"}]
display_hw_ila_data [upload_hw_ila_data [get_hw_ilas -of_objects [get_hw_devices xc7z020_1] -filter {CELL_NAME=~"design_2_i/ila_0"}]]
INFO: [Labtools 27-1966] The ILA core 'hw_ila_1' triggered at 2026-May-18 18:24:05
INFO: [Labtools 27-3304] ILA Waveform data saved to file Z:/DAT096/DAT096-krish/Embedded-System-Project-DAT096-krishna/Board_2/Board_2/Board_2.hw/backup/hw_ila_data_1.ila. Use Tcl command 'read_hw_ila_data' or Vivado File->Import->Import ILA Data menu item to import the previously saved data.
save_wave_config {Z:/DAT096/DAT096-krish/Embedded-System-Project-DAT096-krishna/Board_2/Board_2/Board_2.hw/hw_1/wave/hw_ila_data_1/hw_ila_data_1.wcfg}
close_hw_manager
open_hw_manager
connect_hw_server -allow_non_jtag
INFO: [Labtools 27-2285] Connecting to hw_server url TCP:localhost:3121
INFO: [Labtools 27-3415] Connecting to cs_server url TCP:localhost:0
INFO: [Labtools 27-3417] Launching cs_server...
INFO: [Labtools 27-2221] Launch Output:


******** Xilinx cs_server v2024.2.0
  ****** Build date   : Oct 30 2024-19:19:07
    **** Build number : 2024.2.1730312347
      ** Copyright 2017-2022 Xilinx, Inc. All Rights Reserved.
      ** Copyright 2022-2026 Advanced Micro Devices, Inc. All Rights Reserved.



connect_hw_server: Time (s): cpu = 00:00:00 ; elapsed = 00:00:11 . Memory (MB): peak = 2892.051 ; gain = 0.000
open_hw_target
INFO: [Labtoolstcl 44-466] Opening hw_target localhost:3121/xilinx_tcf/Digilent/210393BB58C1A
set_property PROGRAM.FILE {Z:/DAT096/DAT096-krish/Embedded-System-Project-DAT096-krishna/Board_2/Board_2/Board_2.runs/impl_1/design_2_wrapper.bit} [get_hw_devices xc7z020_1]
set_property PROBES.FILE {Z:/DAT096/DAT096-krish/Embedded-System-Project-DAT096-krishna/Board_2/Board_2/Board_2.runs/impl_1/design_2_wrapper.ltx} [get_hw_devices xc7z020_1]
set_property FULL_PROBES.FILE {Z:/DAT096/DAT096-krish/Embedded-System-Project-DAT096-krishna/Board_2/Board_2/Board_2.runs/impl_1/design_2_wrapper.ltx} [get_hw_devices xc7z020_1]
current_hw_device [get_hw_devices xc7z020_1]
refresh_hw_device [lindex [get_hw_devices xc7z020_1] 0]
INFO: [Labtools 27-2302] Device xc7z020 (JTAG device index = 1) is programmed with a design that has 1 ILA core(s).
INFO: [Labtools 27-2302] Device xc7z020 (JTAG device index = 1) is programmed with a design that has 2 VIO core(s).
display_hw_ila_data [ get_hw_ila_data hw_ila_data_1 -of_objects [get_hw_ilas -of_objects [get_hw_devices xc7z020_1] -filter {CELL_NAME=~"design_2_i/ila_0"}]]
set_property PROBES.FILE {Z:/DAT096/DAT096-krish/Embedded-System-Project-DAT096-krishna/Board_2/Board_2/Board_2.runs/impl_1/design_2_wrapper.ltx} [get_hw_devices xc7z020_1]
set_property FULL_PROBES.FILE {Z:/DAT096/DAT096-krish/Embedded-System-Project-DAT096-krishna/Board_2/Board_2/Board_2.runs/impl_1/design_2_wrapper.ltx} [get_hw_devices xc7z020_1]
set_property PROGRAM.FILE {Z:/DAT096/DAT096-krish/Embedded-System-Project-DAT096-krishna/Board_2/Board_2/Board_2.runs/impl_1/design_2_wrapper.bit} [get_hw_devices xc7z020_1]
program_hw_devices [get_hw_devices xc7z020_1]
INFO: [Labtools 27-3164] End of startup status: HIGH
refresh_hw_device [lindex [get_hw_devices xc7z020_1] 0]
INFO: [Labtools 27-2302] Device xc7z020 (JTAG device index = 1) is programmed with a design that has 1 ILA core(s).
INFO: [Labtools 27-2302] Device xc7z020 (JTAG device index = 1) is programmed with a design that has 2 VIO core(s).
run_hw_ila [get_hw_ilas -of_objects [get_hw_devices xc7z020_1] -filter {CELL_NAME=~"design_2_i/ila_0"}]
INFO: [Labtools 27-1964] The ILA core 'hw_ila_1' trigger was armed at 2026-May-18 18:24:40
wait_on_hw_ila [get_hw_ilas -of_objects [get_hw_devices xc7z020_1] -filter {CELL_NAME=~"design_2_i/ila_0"}]
display_hw_ila_data [upload_hw_ila_data [get_hw_ilas -of_objects [get_hw_devices xc7z020_1] -filter {CELL_NAME=~"design_2_i/ila_0"}]]
INFO: [Labtools 27-1966] The ILA core 'hw_ila_1' triggered at 2026-May-18 18:24:40
INFO: [Labtools 27-3304] ILA Waveform data saved to file Z:/DAT096/DAT096-krish/Embedded-System-Project-DAT096-krishna/Board_2/Board_2/Board_2.hw/backup/hw_ila_data_1.ila. Use Tcl command 'read_hw_ila_data' or Vivado File->Import->Import ILA Data menu item to import the previously saved data.
open_bd_design {Z:/DAT096/DAT096-krish/Embedded-System-Project-DAT096-krishna/Board_2/Board_2/Board_2.srcs/sources_1/bd/design_2/design_2.bd}
WARNING: [filemgmt 56-199] Attempt to get parsing info during refresh. "On-the-fly" syntax checking information may be incorrect. [Z:\DAT096\DAT096-krish\Embedded-System-Project-DAT096-krishna\Board_2\Board_2\Board_2.srcs\sources_1\new\vcsel_top.vhd:]
WARNING: [filemgmt 56-199] Attempt to get parsing info during refresh. "On-the-fly" syntax checking information may be incorrect. [Z:\DAT096\DAT096-krish\Embedded-System-Project-DAT096-krishna\Board_2\Board_2\Board_2.srcs\sources_1\new\v_to_amp.vhd:]
WARNING: [filemgmt 56-199] Attempt to get parsing info during refresh. "On-the-fly" syntax checking information may be incorrect. [Z:\DAT096\DAT096-krish\Embedded-System-Project-DAT096-krishna\Board_2\Board_2\Board_2.srcs\sources_1\new\v_to_amp.vhd:]
WARNING: [filemgmt 56-199] Attempt to get parsing info during refresh. "On-the-fly" syntax checking information may be incorrect. [Z:\DAT096\DAT096-krish\Embedded-System-Project-DAT096-krishna\Board_2\Board_2\Board_2.srcs\sources_1\new\v_to_amp.vhd:]
ERROR: [Common 17-180] Spawn failed: No error
report_ip_status -name ip_status 
update_module_reference [get_ips  design_2_vcsel_top_0_0]
INFO: [IP_Flow 19-5107] Inferred bus interface 'm_axis' of definition 'xilinx.com:interface:axis:1.0' (from Xilinx Repository).
INFO: [IP_Flow 19-5107] Inferred bus interface 'clk' of definition 'xilinx.com:signal:clock:1.0' (from Xilinx Repository).
INFO: [IP_Flow 19-4728] Bus Interface 'clk': Added interface parameter 'ASSOCIATED_BUSIF' with value 'm_axis'.
WARNING: [IP_Flow 19-11770] Clock interface 'clk' has no FREQ_HZ parameter.
WARNING: [IP_Flow 19-1663] Duplicate IP found for 'digilentinc.com:user:axi_i2s_adi:1.2'. The one found in IP location 'z:/DAT096/vivado-library-b0946605e3617c901635278b62d0f6a8e3942844/ip/axi_i2s_adi_1.2' will take precedence over the same IP in location z:/DAT096/vivado-library-master/ip/axi_i2s_adi_1.2
WARNING: [IP_Flow 19-1663] Duplicate IP found for 'digilentinc.com:IP:axi_ps2:1.0'. The one found in IP location 'z:/DAT096/vivado-library-b0946605e3617c901635278b62d0f6a8e3942844/ip/axi_ps2_1.0' will take precedence over the same IP in location z:/DAT096/vivado-library-master/ip/axi_ps2_1.0
WARNING: [IP_Flow 19-1663] Duplicate IP found for 'digilentinc.com:ip:clock_forwarder:1.1'. The one found in IP location 'z:/DAT096/vivado-library-b0946605e3617c901635278b62d0f6a8e3942844/ip/clock_forwarder' will take precedence over the same IP in location z:/DAT096/vivado-library-master/ip/clock_forwarder
WARNING: [IP_Flow 19-1663] Duplicate IP found for 'digilentinc.com:IP:hls_contrast_stretch:1.0'. The one found in IP location 'z:/DAT096/vivado-library-b0946605e3617c901635278b62d0f6a8e3942844/ip/hls_contrast_stretch_1_0' will take precedence over the same IP in location z:/DAT096/vivado-library-master/ip/hls_contrast_stretch_1_0
WARNING: [IP_Flow 19-1663] Duplicate IP found for 'digilentinc.com:IP:hls_gamma_correction:1.0'. The one found in IP location 'z:/DAT096/vivado-library-b0946605e3617c901635278b62d0f6a8e3942844/ip/hls_gamma_correction_1_0' will take precedence over the same IP in location z:/DAT096/vivado-library-master/ip/hls_gamma_correction_1_0
WARNING: [IP_Flow 19-1663] Duplicate IP found for 'digilentinc.com:IP:hls_saturation_enhance:1.0'. The one found in IP location 'z:/DAT096/vivado-library-b0946605e3617c901635278b62d0f6a8e3942844/ip/hls_saturation_enhance_1_0' will take precedence over the same IP in location z:/DAT096/vivado-library-master/ip/hls_saturation_enhance_1_0
WARNING: [IP_Flow 19-1663] Duplicate IP found for 'digilentinc.com:ip:rgb2dpvid:1.0'. The one found in IP location 'z:/DAT096/vivado-library-b0946605e3617c901635278b62d0f6a8e3942844/ip/rgb2dpvid_v1_0' will take precedence over the same IP in location z:/DAT096/vivado-library-master/ip/rgb2dpvid_v1_0
WARNING: [IP_Flow 19-1663] Duplicate IP found for 'digilentinc.com:ip:rgb2vga:1.0'. The one found in IP location 'z:/DAT096/vivado-library-b0946605e3617c901635278b62d0f6a8e3942844/ip/rgb2vga_v1_0' will take precedence over the same IP in location z:/DAT096/vivado-library-master/ip/rgb2vga_v1_0
WARNING: [IP_Flow 19-1663] Duplicate IP found for 'digilentinc.com:ip:Sync:1.0'. The one found in IP location 'z:/DAT096/vivado-library-b0946605e3617c901635278b62d0f6a8e3942844/ip/Sync_v1_0' will take precedence over the same IP in location z:/DAT096/vivado-library-master/ip/Sync_v1_0
WARNING: [IP_Flow 19-1663] Duplicate IP found for 'digilentinc.com:ip:usb2device:1.0'. The one found in IP location 'z:/DAT096/vivado-library-b0946605e3617c901635278b62d0f6a8e3942844/ip/usb2device_v1_0' will take precedence over the same IP in location z:/DAT096/vivado-library-master/ip/usb2device_v1_0
WARNING: [IP_Flow 19-1663] Duplicate IP found for 'digilentinc.com:video:video_scaler:1.0'. The one found in IP location 'z:/DAT096/vivado-library-b0946605e3617c901635278b62d0f6a8e3942844/ip/video_scaler' will take precedence over the same IP in location z:/DAT096/vivado-library-master/ip/video_scaler
WARNING: [IP_Flow 19-1663] Duplicate IP found for 'digilentinc.com:ip:dvi2rgb:2.0'. The one found in IP location 'z:/DAT096/vivado-library-master/ip/dvi2rgb' will take precedence over the same IP in location z:/DAT096/vivado-library-b0946605e3617c901635278b62d0f6a8e3942844/ip/dvi2rgb
WARNING: [IP_Flow 19-1663] Duplicate IP found for 'digilentinc.com:IP:MotorFeedback:1.0'. The one found in IP location 'z:/DAT096/vivado-library-master/ip/MotorFeedback_1.0' will take precedence over the same IP in location z:/DAT096/vivado-library-b0946605e3617c901635278b62d0f6a8e3942844/ip/MotorFeedback_1.0
WARNING: [IP_Flow 19-1663] Duplicate IP found for 'digilentinc.com:IP:PmodACL2:1.0'. The one found in IP location 'z:/DAT096/vivado-library-master/ip/Pmods/PmodACL2_v1_0' will take precedence over the same IP in location z:/DAT096/vivado-library-b0946605e3617c901635278b62d0f6a8e3942844/ip/Pmods/PmodACL2_v1_0
WARNING: [IP_Flow 19-1663] Duplicate IP found for 'digilentinc.com:IP:PmodACL:1.0'. The one found in IP location 'z:/DAT096/vivado-library-master/ip/Pmods/PmodACL_v1_0' will take precedence over the same IP in location z:/DAT096/vivado-library-b0946605e3617c901635278b62d0f6a8e3942844/ip/Pmods/PmodACL_v1_0
WARNING: [IP_Flow 19-1663] Duplicate IP found for 'digilentinc.com:IP:PmodAD1:1.0'. The one found in IP location 'z:/DAT096/vivado-library-master/ip/Pmods/PmodAD1_v1_0' will take precedence over the same IP in location z:/DAT096/vivado-library-b0946605e3617c901635278b62d0f6a8e3942844/ip/Pmods/PmodAD1_v1_0
WARNING: [IP_Flow 19-1663] Duplicate IP found for 'digilentinc.com:IP:PmodAD2:1.0'. The one found in IP location 'z:/DAT096/vivado-library-master/ip/Pmods/PmodAD2_v1_0' will take precedence over the same IP in location z:/DAT096/vivado-library-b0946605e3617c901635278b62d0f6a8e3942844/ip/Pmods/PmodAD2_v1_0
WARNING: [IP_Flow 19-1663] Duplicate IP found for 'digilentinc.com:IP:PmodAD5:1.0'. The one found in IP location 'z:/DAT096/vivado-library-master/ip/Pmods/PmodAD5_v1_0' will take precedence over the same IP in location z:/DAT096/vivado-library-b0946605e3617c901635278b62d0f6a8e3942844/ip/Pmods/PmodAD5_v1_0
WARNING: [IP_Flow 19-1663] Duplicate IP found for 'digilentinc.com:IP:PmodALS:1.0'. The one found in IP location 'z:/DAT096/vivado-library-master/ip/Pmods/PmodALS_v1_0' will take precedence over the same IP in location z:/DAT096/vivado-library-b0946605e3617c901635278b62d0f6a8e3942844/ip/Pmods/PmodALS_v1_0
WARNING: [IP_Flow 19-1663] Duplicate IP found for 'digilentinc.com:IP:PmodAMP2:1.0'. The one found in IP location 'z:/DAT096/vivado-library-master/ip/Pmods/PmodAMP2_v1_0' will take precedence over the same IP in location z:/DAT096/vivado-library-b0946605e3617c901635278b62d0f6a8e3942844/ip/Pmods/PmodAMP2_v1_0
WARNING: [IP_Flow 19-1663] Duplicate IP found for 'digilentinc.com:IP:PmodAQS:1.0'. The one found in IP location 'z:/DAT096/vivado-library-master/ip/Pmods/PmodAQS_v1_0' will take precedence over the same IP in location z:/DAT096/vivado-library-b0946605e3617c901635278b62d0f6a8e3942844/ip/Pmods/PmodAQS_v1_0
WARNING: [IP_Flow 19-1663] Duplicate IP found for 'digilentinc.com:IP:PmodBLE:1.0'. The one found in IP location 'z:/DAT096/vivado-library-master/ip/Pmods/PmodBLE_v1_0' will take precedence over the same IP in location z:/DAT096/vivado-library-b0946605e3617c901635278b62d0f6a8e3942844/ip/Pmods/PmodBLE_v1_0
WARNING: [IP_Flow 19-1663] Duplicate IP found for 'digilentinc.com:IP:PmodBT2:1.0'. The one found in IP location 'z:/DAT096/vivado-library-master/ip/Pmods/PmodBT2_v1_0' will take precedence over the same IP in location z:/DAT096/vivado-library-b0946605e3617c901635278b62d0f6a8e3942844/ip/Pmods/PmodBT2_v1_0
WARNING: [IP_Flow 19-1663] Duplicate IP found for 'digilentinc.com:IP:PmodCAN:1.0'. The one found in IP location 'z:/DAT096/vivado-library-master/ip/Pmods/PmodCAN_v1_0' will take precedence over the same IP in location z:/DAT096/vivado-library-b0946605e3617c901635278b62d0f6a8e3942844/ip/Pmods/PmodCAN_v1_0
WARNING: [IP_Flow 19-1663] Duplicate IP found for 'digilentinc.com:IP:PmodCLS:1.0'. The one found in IP location 'z:/DAT096/vivado-library-master/ip/Pmods/PmodCLS_v1_0' will take precedence over the same IP in location z:/DAT096/vivado-library-b0946605e3617c901635278b62d0f6a8e3942844/ip/Pmods/PmodCLS_v1_0
WARNING: [IP_Flow 19-1663] Duplicate IP found for 'digilentinc.com:IP:PmodCMPS2:1.0'. The one found in IP location 'z:/DAT096/vivado-library-master/ip/Pmods/PmodCMPS2_v1_0' will take precedence over the same IP in location z:/DAT096/vivado-library-b0946605e3617c901635278b62d0f6a8e3942844/ip/Pmods/PmodCMPS2_v1_0
WARNING: [IP_Flow 19-1663] Duplicate IP found for 'digilentinc.com:IP:PmodCOLOR:1.0'. The one found in IP location 'z:/DAT096/vivado-library-master/ip/Pmods/PmodCOLOR_v1_0' will take precedence over the same IP in location z:/DAT096/vivado-library-b0946605e3617c901635278b62d0f6a8e3942844/ip/Pmods/PmodCOLOR_v1_0
WARNING: [IP_Flow 19-1663] Duplicate IP found for 'digilentinc.com:IP:PmodDA1:1.0'. The one found in IP location 'z:/DAT096/vivado-library-master/ip/Pmods/PmodDA1_v1_0' will take precedence over the same IP in location z:/DAT096/vivado-library-b0946605e3617c901635278b62d0f6a8e3942844/ip/Pmods/PmodDA1_v1_0
WARNING: [IP_Flow 19-1663] Duplicate IP found for 'digilentinc.com:IP:PmodDHB1:1.0'. The one found in IP location 'z:/DAT096/vivado-library-master/ip/Pmods/PmodDHB1_v1_0' will take precedence over the same IP in location z:/DAT096/vivado-library-b0946605e3617c901635278b62d0f6a8e3942844/ip/Pmods/PmodDHB1_v1_0
WARNING: [IP_Flow 19-1663] Duplicate IP found for 'digilentinc.com:IP:PmodDPG1:1.0'. The one found in IP location 'z:/DAT096/vivado-library-master/ip/Pmods/PmodDPG1_v1_0' will take precedence over the same IP in location z:/DAT096/vivado-library-b0946605e3617c901635278b62d0f6a8e3942844/ip/Pmods/PmodDPG1_v1_0
WARNING: [IP_Flow 19-1663] Duplicate IP found for 'digilentinc.com:IP:PmodENC:1.0'. The one found in IP location 'z:/DAT096/vivado-library-master/ip/Pmods/PmodENC_v1_0' will take precedence over the same IP in location z:/DAT096/vivado-library-b0946605e3617c901635278b62d0f6a8e3942844/ip/Pmods/PmodENC_v1_0
WARNING: [IP_Flow 19-1663] Duplicate IP found for 'digilentinc.com:user:PmodESP32:1.0'. The one found in IP location 'z:/DAT096/vivado-library-master/ip/Pmods/PmodESP32_v1_0' will take precedence over the same IP in location z:/DAT096/vivado-library-b0946605e3617c901635278b62d0f6a8e3942844/ip/Pmods/PmodESP32_v1_0
WARNING: [IP_Flow 19-1663] Duplicate IP found for 'digilentinc.com:IP:PmodGPIO:1.0'. The one found in IP location 'z:/DAT096/vivado-library-master/ip/Pmods/PmodGPIO_v1_0' will take precedence over the same IP in location z:/DAT096/vivado-library-b0946605e3617c901635278b62d0f6a8e3942844/ip/Pmods/PmodGPIO_v1_0
WARNING: [IP_Flow 19-1663] Duplicate IP found for 'digilentinc.com:IP:PmodGPS:1.1'. The one found in IP location 'z:/DAT096/vivado-library-master/ip/Pmods/PmodGPS_v1_1' will take precedence over the same IP in location z:/DAT096/vivado-library-b0946605e3617c901635278b62d0f6a8e3942844/ip/Pmods/PmodGPS_v1_1
WARNING: [IP_Flow 19-1663] Duplicate IP found for 'digilentinc.com:IP:PmodGYRO:1.0'. The one found in IP location 'z:/DAT096/vivado-library-master/ip/Pmods/PmodGYRO_v1_0' will take precedence over the same IP in location z:/DAT096/vivado-library-b0946605e3617c901635278b62d0f6a8e3942844/ip/Pmods/PmodGYRO_v1_0
WARNING: [IP_Flow 19-1663] Duplicate IP found for 'digilentinc.com:IP:PmodHYGRO:1.0'. The one found in IP location 'z:/DAT096/vivado-library-master/ip/Pmods/PmodHYGRO_v1_0' will take precedence over the same IP in location z:/DAT096/vivado-library-b0946605e3617c901635278b62d0f6a8e3942844/ip/Pmods/PmodHYGRO_v1_0
WARNING: [IP_Flow 19-1663] Duplicate IP found for 'digilentinc.com:IP:PmodJSTK2:1.0'. The one found in IP location 'z:/DAT096/vivado-library-master/ip/Pmods/PmodJSTK2_v1_0' will take precedence over the same IP in location z:/DAT096/vivado-library-b0946605e3617c901635278b62d0f6a8e3942844/ip/Pmods/PmodJSTK2_v1_0
WARNING: [IP_Flow 19-1663] Duplicate IP found for 'digilentinc.com:IP:PmodJSTK:1.0'. The one found in IP location 'z:/DAT096/vivado-library-master/ip/Pmods/PmodJSTK_v1_0' will take precedence over the same IP in location z:/DAT096/vivado-library-b0946605e3617c901635278b62d0f6a8e3942844/ip/Pmods/PmodJSTK_v1_0
WARNING: [IP_Flow 19-1663] Duplicate IP found for 'digilentinc.com:IP:PmodKYPD:1.0'. The one found in IP location 'z:/DAT096/vivado-library-master/ip/Pmods/PmodKYPD_v1_0' will take precedence over the same IP in location z:/DAT096/vivado-library-b0946605e3617c901635278b62d0f6a8e3942844/ip/Pmods/PmodKYPD_v1_0
WARNING: [IP_Flow 19-1663] Duplicate IP found for 'digilentinc.com:IP:PmodMAXSONAR:1.0'. The one found in IP location 'z:/DAT096/vivado-library-master/ip/Pmods/PmodMAXSONAR_v1_0' will take precedence over the same IP in location z:/DAT096/vivado-library-b0946605e3617c901635278b62d0f6a8e3942844/ip/Pmods/PmodMAXSONAR_v1_0
WARNING: [IP_Flow 19-1663] Duplicate IP found for 'digilentinc.com:IP:PmodMTDS:1.0'. The one found in IP location 'z:/DAT096/vivado-library-master/ip/Pmods/PmodMTDS_v1_0' will take precedence over the same IP in location z:/DAT096/vivado-library-b0946605e3617c901635278b62d0f6a8e3942844/ip/Pmods/PmodMTDS_v1_0
WARNING: [IP_Flow 19-1663] Duplicate IP found for 'digilentinc.com:IP:PmodNAV:1.0'. The one found in IP location 'z:/DAT096/vivado-library-master/ip/Pmods/PmodNAV_v1_0' will take precedence over the same IP in location z:/DAT096/vivado-library-b0946605e3617c901635278b62d0f6a8e3942844/ip/Pmods/PmodNAV_v1_0
WARNING: [IP_Flow 19-1663] Duplicate IP found for 'digilentinc.com:IP:PmodOLEDrgb:1.0'. The one found in IP location 'z:/DAT096/vivado-library-master/ip/Pmods/pmodOLEDrgb_v1_0' will take precedence over the same IP in location z:/DAT096/vivado-library-b0946605e3617c901635278b62d0f6a8e3942844/ip/Pmods/pmodOLEDrgb_v1_0
WARNING: [IP_Flow 19-1663] Duplicate IP found for 'digilentinc.com:IP:PmodOLED:1.0'. The one found in IP location 'z:/DAT096/vivado-library-master/ip/Pmods/PmodOLED_v1_0' will take precedence over the same IP in location z:/DAT096/vivado-library-b0946605e3617c901635278b62d0f6a8e3942844/ip/Pmods/PmodOLED_v1_0
WARNING: [IP_Flow 19-1663] Duplicate IP found for 'digilentinc.com:IP:PmodPIR:1.0'. The one found in IP location 'z:/DAT096/vivado-library-master/ip/Pmods/PmodPIR_v1_0' will take precedence over the same IP in location z:/DAT096/vivado-library-b0946605e3617c901635278b62d0f6a8e3942844/ip/Pmods/PmodPIR_v1_0
WARNING: [IP_Flow 19-1663] Duplicate IP found for 'digilentinc.com:IP:PmodR2R:1.0'. The one found in IP location 'z:/DAT096/vivado-library-master/ip/Pmods/PmodR2R_v1_0' will take precedence over the same IP in location z:/DAT096/vivado-library-b0946605e3617c901635278b62d0f6a8e3942844/ip/Pmods/PmodR2R_v1_0
WARNING: [IP_Flow 19-1663] Duplicate IP found for 'digilentinc.com:IP:PmodRTCC:1.0'. The one found in IP location 'z:/DAT096/vivado-library-master/ip/Pmods/PmodRTCC_v1_0' will take precedence over the same IP in location z:/DAT096/vivado-library-b0946605e3617c901635278b62d0f6a8e3942844/ip/Pmods/PmodRTCC_v1_0
WARNING: [IP_Flow 19-1663] Duplicate IP found for 'digilentinc.com:IP:PmodSD:1.0'. The one found in IP location 'z:/DAT096/vivado-library-master/ip/Pmods/PmodSD_v1_0' will take precedence over the same IP in location z:/DAT096/vivado-library-b0946605e3617c901635278b62d0f6a8e3942844/ip/Pmods/PmodSD_v1_0
WARNING: [IP_Flow 19-1663] Duplicate IP found for 'digilentinc.com:IP:PmodSF3:1.0'. The one found in IP location 'z:/DAT096/vivado-library-master/ip/Pmods/PmodSF3_v1_0' will take precedence over the same IP in location z:/DAT096/vivado-library-b0946605e3617c901635278b62d0f6a8e3942844/ip/Pmods/PmodSF3_v1_0
WARNING: [IP_Flow 19-1663] Duplicate IP found for 'digilentinc.com:IP:PmodTC1:1.0'. The one found in IP location 'z:/DAT096/vivado-library-master/ip/Pmods/PmodTC1_v1_0' will take precedence over the same IP in location z:/DAT096/vivado-library-b0946605e3617c901635278b62d0f6a8e3942844/ip/Pmods/PmodTC1_v1_0
WARNING: [IP_Flow 19-1663] Duplicate IP found for 'digilentinc.com:IP:PmodTMP3:1.0'. The one found in IP location 'z:/DAT096/vivado-library-master/ip/Pmods/PmodTMP3_v1_0' will take precedence over the same IP in location z:/DAT096/vivado-library-b0946605e3617c901635278b62d0f6a8e3942844/ip/Pmods/PmodTMP3_v1_0
WARNING: [IP_Flow 19-1663] Duplicate IP found for 'digilentinc.com:IP:PmodWIFI:1.0'. The one found in IP location 'z:/DAT096/vivado-library-master/ip/Pmods/PmodWIFI_v1_0' will take precedence over the same IP in location z:/DAT096/vivado-library-b0946605e3617c901635278b62d0f6a8e3942844/ip/Pmods/PmodWIFI_v1_0
WARNING: [IP_Flow 19-1663] Duplicate IP found for 'digilentinc.com:ip:pmod_bridge:1.0'. The one found in IP location 'z:/DAT096/vivado-library-master/ip/Pmods/Pmod_Bridge_v1_0' will take precedence over the same IP in location z:/DAT096/vivado-library-b0946605e3617c901635278b62d0f6a8e3942844/ip/Pmods/Pmod_Bridge_v1_0
WARNING: [IP_Flow 19-1663] Duplicate IP found for 'digilentinc.com:ip:pmod_bridge:1.1'. The one found in IP location 'z:/DAT096/vivado-library-master/ip/Pmods/Pmod_Bridge_v1_1' will take precedence over the same IP in location z:/DAT096/vivado-library-b0946605e3617c901635278b62d0f6a8e3942844/ip/Pmods/Pmod_Bridge_v1_1
WARNING: [IP_Flow 19-1663] Duplicate IP found for 'digilentinc.com:IP:PWM:1.0'. The one found in IP location 'z:/DAT096/vivado-library-master/ip/PWM_1.0' will take precedence over the same IP in location z:/DAT096/vivado-library-b0946605e3617c901635278b62d0f6a8e3942844/ip/PWM_1.0
WARNING: [IP_Flow 19-1663] Duplicate IP found for 'digilentinc.com:IP:PWM:2.0'. The one found in IP location 'z:/DAT096/vivado-library-master/ip/PWM_2.0' will take precedence over the same IP in location z:/DAT096/vivado-library-b0946605e3617c901635278b62d0f6a8e3942844/ip/PWM_2.0
WARNING: [IP_Flow 19-1663] Duplicate IP found for 'digilentinc.com:IP:PWM_Analyzer:1.0'. The one found in IP location 'z:/DAT096/vivado-library-master/ip/PWM_Analyzer_1.0' will take precedence over the same IP in location z:/DAT096/vivado-library-b0946605e3617c901635278b62d0f6a8e3942844/ip/PWM_Analyzer_1.0
WARNING: [IP_Flow 19-1663] Duplicate IP found for 'digilentinc.com:ip:rgb2dvi:1.4'. The one found in IP location 'z:/DAT096/vivado-library-master/ip/rgb2dvi' will take precedence over the same IP in location z:/DAT096/vivado-library-b0946605e3617c901635278b62d0f6a8e3942844/ip/rgb2dvi
WARNING: [IP_Flow 19-4830] Duplicate Interface found for 'digilentinc.com:interface:pmod:1.0'. The one found in location 'z:/DAT096/vivado-library-b0946605e3617c901635278b62d0f6a8e3942844/if/pmod_v1_0/pmod.xml' will take precedence over the same Interface in location 'z:/DAT096/vivado-library-master/if/pmod_v1_0/pmod.xml'
WARNING: [IP_Flow 19-4830] Duplicate Interface found for 'digilentinc.com:interface:tmds:1.0'. The one found in location 'z:/DAT096/vivado-library-b0946605e3617c901635278b62d0f6a8e3942844/if/tmds_v1_0/tmds.xml' will take precedence over the same Interface in location 'z:/DAT096/vivado-library-master/if/tmds_v1_0/tmds.xml'
INFO: [IP_Flow 19-5107] Inferred bus interface 'm_axis' of definition 'xilinx.com:interface:axis:1.0' (from Xilinx Repository).
INFO: [IP_Flow 19-5107] Inferred bus interface 'clk' of definition 'xilinx.com:signal:clock:1.0' (from Xilinx Repository).
INFO: [IP_Flow 19-4728] Bus Interface 'clk': Added interface parameter 'ASSOCIATED_BUSIF' with value 'm_axis'.
WARNING: [IP_Flow 19-11770] Clock interface 'clk' has no FREQ_HZ parameter.
WARNING: [IP_Flow 19-1663] Duplicate IP found for 'digilentinc.com:user:axi_i2s_adi:1.2'. The one found in IP location 'z:/DAT096/vivado-library-b0946605e3617c901635278b62d0f6a8e3942844/ip/axi_i2s_adi_1.2' will take precedence over the same IP in location z:/DAT096/vivado-library-master/ip/axi_i2s_adi_1.2
WARNING: [IP_Flow 19-1663] Duplicate IP found for 'digilentinc.com:IP:axi_ps2:1.0'. The one found in IP location 'z:/DAT096/vivado-library-b0946605e3617c901635278b62d0f6a8e3942844/ip/axi_ps2_1.0' will take precedence over the same IP in location z:/DAT096/vivado-library-master/ip/axi_ps2_1.0
WARNING: [IP_Flow 19-1663] Duplicate IP found for 'digilentinc.com:ip:clock_forwarder:1.1'. The one found in IP location 'z:/DAT096/vivado-library-b0946605e3617c901635278b62d0f6a8e3942844/ip/clock_forwarder' will take precedence over the same IP in location z:/DAT096/vivado-library-master/ip/clock_forwarder
WARNING: [IP_Flow 19-1663] Duplicate IP found for 'digilentinc.com:IP:hls_contrast_stretch:1.0'. The one found in IP location 'z:/DAT096/vivado-library-b0946605e3617c901635278b62d0f6a8e3942844/ip/hls_contrast_stretch_1_0' will take precedence over the same IP in location z:/DAT096/vivado-library-master/ip/hls_contrast_stretch_1_0
WARNING: [IP_Flow 19-1663] Duplicate IP found for 'digilentinc.com:IP:hls_gamma_correction:1.0'. The one found in IP location 'z:/DAT096/vivado-library-b0946605e3617c901635278b62d0f6a8e3942844/ip/hls_gamma_correction_1_0' will take precedence over the same IP in location z:/DAT096/vivado-library-master/ip/hls_gamma_correction_1_0
WARNING: [IP_Flow 19-1663] Duplicate IP found for 'digilentinc.com:IP:hls_saturation_enhance:1.0'. The one found in IP location 'z:/DAT096/vivado-library-b0946605e3617c901635278b62d0f6a8e3942844/ip/hls_saturation_enhance_1_0' will take precedence over the same IP in location z:/DAT096/vivado-library-master/ip/hls_saturation_enhance_1_0
WARNING: [IP_Flow 19-1663] Duplicate IP found for 'digilentinc.com:ip:rgb2dpvid:1.0'. The one found in IP location 'z:/DAT096/vivado-library-b0946605e3617c901635278b62d0f6a8e3942844/ip/rgb2dpvid_v1_0' will take precedence over the same IP in location z:/DAT096/vivado-library-master/ip/rgb2dpvid_v1_0
WARNING: [IP_Flow 19-1663] Duplicate IP found for 'digilentinc.com:ip:rgb2vga:1.0'. The one found in IP location 'z:/DAT096/vivado-library-b0946605e3617c901635278b62d0f6a8e3942844/ip/rgb2vga_v1_0' will take precedence over the same IP in location z:/DAT096/vivado-library-master/ip/rgb2vga_v1_0
WARNING: [IP_Flow 19-1663] Duplicate IP found for 'digilentinc.com:ip:Sync:1.0'. The one found in IP location 'z:/DAT096/vivado-library-b0946605e3617c901635278b62d0f6a8e3942844/ip/Sync_v1_0' will take precedence over the same IP in location z:/DAT096/vivado-library-master/ip/Sync_v1_0
WARNING: [IP_Flow 19-1663] Duplicate IP found for 'digilentinc.com:ip:usb2device:1.0'. The one found in IP location 'z:/DAT096/vivado-library-b0946605e3617c901635278b62d0f6a8e3942844/ip/usb2device_v1_0' will take precedence over the same IP in location z:/DAT096/vivado-library-master/ip/usb2device_v1_0
WARNING: [IP_Flow 19-1663] Duplicate IP found for 'digilentinc.com:video:video_scaler:1.0'. The one found in IP location 'z:/DAT096/vivado-library-b0946605e3617c901635278b62d0f6a8e3942844/ip/video_scaler' will take precedence over the same IP in location z:/DAT096/vivado-library-master/ip/video_scaler
WARNING: [IP_Flow 19-1663] Duplicate IP found for 'digilentinc.com:ip:dvi2rgb:2.0'. The one found in IP location 'z:/DAT096/vivado-library-master/ip/dvi2rgb' will take precedence over the same IP in location z:/DAT096/vivado-library-b0946605e3617c901635278b62d0f6a8e3942844/ip/dvi2rgb
WARNING: [IP_Flow 19-1663] Duplicate IP found for 'digilentinc.com:IP:MotorFeedback:1.0'. The one found in IP location 'z:/DAT096/vivado-library-master/ip/MotorFeedback_1.0' will take precedence over the same IP in location z:/DAT096/vivado-library-b0946605e3617c901635278b62d0f6a8e3942844/ip/MotorFeedback_1.0
WARNING: [IP_Flow 19-1663] Duplicate IP found for 'digilentinc.com:IP:PmodACL2:1.0'. The one found in IP location 'z:/DAT096/vivado-library-master/ip/Pmods/PmodACL2_v1_0' will take precedence over the same IP in location z:/DAT096/vivado-library-b0946605e3617c901635278b62d0f6a8e3942844/ip/Pmods/PmodACL2_v1_0
WARNING: [IP_Flow 19-1663] Duplicate IP found for 'digilentinc.com:IP:PmodACL:1.0'. The one found in IP location 'z:/DAT096/vivado-library-master/ip/Pmods/PmodACL_v1_0' will take precedence over the same IP in location z:/DAT096/vivado-library-b0946605e3617c901635278b62d0f6a8e3942844/ip/Pmods/PmodACL_v1_0
WARNING: [IP_Flow 19-1663] Duplicate IP found for 'digilentinc.com:IP:PmodAD1:1.0'. The one found in IP location 'z:/DAT096/vivado-library-master/ip/Pmods/PmodAD1_v1_0' will take precedence over the same IP in location z:/DAT096/vivado-library-b0946605e3617c901635278b62d0f6a8e3942844/ip/Pmods/PmodAD1_v1_0
WARNING: [IP_Flow 19-1663] Duplicate IP found for 'digilentinc.com:IP:PmodAD2:1.0'. The one found in IP location 'z:/DAT096/vivado-library-master/ip/Pmods/PmodAD2_v1_0' will take precedence over the same IP in location z:/DAT096/vivado-library-b0946605e3617c901635278b62d0f6a8e3942844/ip/Pmods/PmodAD2_v1_0
WARNING: [IP_Flow 19-1663] Duplicate IP found for 'digilentinc.com:IP:PmodAD5:1.0'. The one found in IP location 'z:/DAT096/vivado-library-master/ip/Pmods/PmodAD5_v1_0' will take precedence over the same IP in location z:/DAT096/vivado-library-b0946605e3617c901635278b62d0f6a8e3942844/ip/Pmods/PmodAD5_v1_0
WARNING: [IP_Flow 19-1663] Duplicate IP found for 'digilentinc.com:IP:PmodALS:1.0'. The one found in IP location 'z:/DAT096/vivado-library-master/ip/Pmods/PmodALS_v1_0' will take precedence over the same IP in location z:/DAT096/vivado-library-b0946605e3617c901635278b62d0f6a8e3942844/ip/Pmods/PmodALS_v1_0
WARNING: [IP_Flow 19-1663] Duplicate IP found for 'digilentinc.com:IP:PmodAMP2:1.0'. The one found in IP location 'z:/DAT096/vivado-library-master/ip/Pmods/PmodAMP2_v1_0' will take precedence over the same IP in location z:/DAT096/vivado-library-b0946605e3617c901635278b62d0f6a8e3942844/ip/Pmods/PmodAMP2_v1_0
WARNING: [IP_Flow 19-1663] Duplicate IP found for 'digilentinc.com:IP:PmodAQS:1.0'. The one found in IP location 'z:/DAT096/vivado-library-master/ip/Pmods/PmodAQS_v1_0' will take precedence over the same IP in location z:/DAT096/vivado-library-b0946605e3617c901635278b62d0f6a8e3942844/ip/Pmods/PmodAQS_v1_0
WARNING: [IP_Flow 19-1663] Duplicate IP found for 'digilentinc.com:IP:PmodBLE:1.0'. The one found in IP location 'z:/DAT096/vivado-library-master/ip/Pmods/PmodBLE_v1_0' will take precedence over the same IP in location z:/DAT096/vivado-library-b0946605e3617c901635278b62d0f6a8e3942844/ip/Pmods/PmodBLE_v1_0
WARNING: [IP_Flow 19-1663] Duplicate IP found for 'digilentinc.com:IP:PmodBT2:1.0'. The one found in IP location 'z:/DAT096/vivado-library-master/ip/Pmods/PmodBT2_v1_0' will take precedence over the same IP in location z:/DAT096/vivado-library-b0946605e3617c901635278b62d0f6a8e3942844/ip/Pmods/PmodBT2_v1_0
WARNING: [IP_Flow 19-1663] Duplicate IP found for 'digilentinc.com:IP:PmodCAN:1.0'. The one found in IP location 'z:/DAT096/vivado-library-master/ip/Pmods/PmodCAN_v1_0' will take precedence over the same IP in location z:/DAT096/vivado-library-b0946605e3617c901635278b62d0f6a8e3942844/ip/Pmods/PmodCAN_v1_0
WARNING: [IP_Flow 19-1663] Duplicate IP found for 'digilentinc.com:IP:PmodCLS:1.0'. The one found in IP location 'z:/DAT096/vivado-library-master/ip/Pmods/PmodCLS_v1_0' will take precedence over the same IP in location z:/DAT096/vivado-library-b0946605e3617c901635278b62d0f6a8e3942844/ip/Pmods/PmodCLS_v1_0
WARNING: [IP_Flow 19-1663] Duplicate IP found for 'digilentinc.com:IP:PmodCMPS2:1.0'. The one found in IP location 'z:/DAT096/vivado-library-master/ip/Pmods/PmodCMPS2_v1_0' will take precedence over the same IP in location z:/DAT096/vivado-library-b0946605e3617c901635278b62d0f6a8e3942844/ip/Pmods/PmodCMPS2_v1_0
WARNING: [IP_Flow 19-1663] Duplicate IP found for 'digilentinc.com:IP:PmodCOLOR:1.0'. The one found in IP location 'z:/DAT096/vivado-library-master/ip/Pmods/PmodCOLOR_v1_0' will take precedence over the same IP in location z:/DAT096/vivado-library-b0946605e3617c901635278b62d0f6a8e3942844/ip/Pmods/PmodCOLOR_v1_0
WARNING: [IP_Flow 19-1663] Duplicate IP found for 'digilentinc.com:IP:PmodDA1:1.0'. The one found in IP location 'z:/DAT096/vivado-library-master/ip/Pmods/PmodDA1_v1_0' will take precedence over the same IP in location z:/DAT096/vivado-library-b0946605e3617c901635278b62d0f6a8e3942844/ip/Pmods/PmodDA1_v1_0
WARNING: [IP_Flow 19-1663] Duplicate IP found for 'digilentinc.com:IP:PmodDHB1:1.0'. The one found in IP location 'z:/DAT096/vivado-library-master/ip/Pmods/PmodDHB1_v1_0' will take precedence over the same IP in location z:/DAT096/vivado-library-b0946605e3617c901635278b62d0f6a8e3942844/ip/Pmods/PmodDHB1_v1_0
WARNING: [IP_Flow 19-1663] Duplicate IP found for 'digilentinc.com:IP:PmodDPG1:1.0'. The one found in IP location 'z:/DAT096/vivado-library-master/ip/Pmods/PmodDPG1_v1_0' will take precedence over the same IP in location z:/DAT096/vivado-library-b0946605e3617c901635278b62d0f6a8e3942844/ip/Pmods/PmodDPG1_v1_0
WARNING: [IP_Flow 19-1663] Duplicate IP found for 'digilentinc.com:IP:PmodENC:1.0'. The one found in IP location 'z:/DAT096/vivado-library-master/ip/Pmods/PmodENC_v1_0' will take precedence over the same IP in location z:/DAT096/vivado-library-b0946605e3617c901635278b62d0f6a8e3942844/ip/Pmods/PmodENC_v1_0
WARNING: [IP_Flow 19-1663] Duplicate IP found for 'digilentinc.com:user:PmodESP32:1.0'. The one found in IP location 'z:/DAT096/vivado-library-master/ip/Pmods/PmodESP32_v1_0' will take precedence over the same IP in location z:/DAT096/vivado-library-b0946605e3617c901635278b62d0f6a8e3942844/ip/Pmods/PmodESP32_v1_0
WARNING: [IP_Flow 19-1663] Duplicate IP found for 'digilentinc.com:IP:PmodGPIO:1.0'. The one found in IP location 'z:/DAT096/vivado-library-master/ip/Pmods/PmodGPIO_v1_0' will take precedence over the same IP in location z:/DAT096/vivado-library-b0946605e3617c901635278b62d0f6a8e3942844/ip/Pmods/PmodGPIO_v1_0
WARNING: [IP_Flow 19-1663] Duplicate IP found for 'digilentinc.com:IP:PmodGPS:1.1'. The one found in IP location 'z:/DAT096/vivado-library-master/ip/Pmods/PmodGPS_v1_1' will take precedence over the same IP in location z:/DAT096/vivado-library-b0946605e3617c901635278b62d0f6a8e3942844/ip/Pmods/PmodGPS_v1_1
WARNING: [IP_Flow 19-1663] Duplicate IP found for 'digilentinc.com:IP:PmodGYRO:1.0'. The one found in IP location 'z:/DAT096/vivado-library-master/ip/Pmods/PmodGYRO_v1_0' will take precedence over the same IP in location z:/DAT096/vivado-library-b0946605e3617c901635278b62d0f6a8e3942844/ip/Pmods/PmodGYRO_v1_0
WARNING: [IP_Flow 19-1663] Duplicate IP found for 'digilentinc.com:IP:PmodHYGRO:1.0'. The one found in IP location 'z:/DAT096/vivado-library-master/ip/Pmods/PmodHYGRO_v1_0' will take precedence over the same IP in location z:/DAT096/vivado-library-b0946605e3617c901635278b62d0f6a8e3942844/ip/Pmods/PmodHYGRO_v1_0
WARNING: [IP_Flow 19-1663] Duplicate IP found for 'digilentinc.com:IP:PmodJSTK2:1.0'. The one found in IP location 'z:/DAT096/vivado-library-master/ip/Pmods/PmodJSTK2_v1_0' will take precedence over the same IP in location z:/DAT096/vivado-library-b0946605e3617c901635278b62d0f6a8e3942844/ip/Pmods/PmodJSTK2_v1_0
WARNING: [IP_Flow 19-1663] Duplicate IP found for 'digilentinc.com:IP:PmodJSTK:1.0'. The one found in IP location 'z:/DAT096/vivado-library-master/ip/Pmods/PmodJSTK_v1_0' will take precedence over the same IP in location z:/DAT096/vivado-library-b0946605e3617c901635278b62d0f6a8e3942844/ip/Pmods/PmodJSTK_v1_0
WARNING: [IP_Flow 19-1663] Duplicate IP found for 'digilentinc.com:IP:PmodKYPD:1.0'. The one found in IP location 'z:/DAT096/vivado-library-master/ip/Pmods/PmodKYPD_v1_0' will take precedence over the same IP in location z:/DAT096/vivado-library-b0946605e3617c901635278b62d0f6a8e3942844/ip/Pmods/PmodKYPD_v1_0
WARNING: [IP_Flow 19-1663] Duplicate IP found for 'digilentinc.com:IP:PmodMAXSONAR:1.0'. The one found in IP location 'z:/DAT096/vivado-library-master/ip/Pmods/PmodMAXSONAR_v1_0' will take precedence over the same IP in location z:/DAT096/vivado-library-b0946605e3617c901635278b62d0f6a8e3942844/ip/Pmods/PmodMAXSONAR_v1_0
WARNING: [IP_Flow 19-1663] Duplicate IP found for 'digilentinc.com:IP:PmodMTDS:1.0'. The one found in IP location 'z:/DAT096/vivado-library-master/ip/Pmods/PmodMTDS_v1_0' will take precedence over the same IP in location z:/DAT096/vivado-library-b0946605e3617c901635278b62d0f6a8e3942844/ip/Pmods/PmodMTDS_v1_0
WARNING: [IP_Flow 19-1663] Duplicate IP found for 'digilentinc.com:IP:PmodNAV:1.0'. The one found in IP location 'z:/DAT096/vivado-library-master/ip/Pmods/PmodNAV_v1_0' will take precedence over the same IP in location z:/DAT096/vivado-library-b0946605e3617c901635278b62d0f6a8e3942844/ip/Pmods/PmodNAV_v1_0
WARNING: [IP_Flow 19-1663] Duplicate IP found for 'digilentinc.com:IP:PmodOLEDrgb:1.0'. The one found in IP location 'z:/DAT096/vivado-library-master/ip/Pmods/pmodOLEDrgb_v1_0' will take precedence over the same IP in location z:/DAT096/vivado-library-b0946605e3617c901635278b62d0f6a8e3942844/ip/Pmods/pmodOLEDrgb_v1_0
WARNING: [IP_Flow 19-1663] Duplicate IP found for 'digilentinc.com:IP:PmodOLED:1.0'. The one found in IP location 'z:/DAT096/vivado-library-master/ip/Pmods/PmodOLED_v1_0' will take precedence over the same IP in location z:/DAT096/vivado-library-b0946605e3617c901635278b62d0f6a8e3942844/ip/Pmods/PmodOLED_v1_0
WARNING: [IP_Flow 19-1663] Duplicate IP found for 'digilentinc.com:IP:PmodPIR:1.0'. The one found in IP location 'z:/DAT096/vivado-library-master/ip/Pmods/PmodPIR_v1_0' will take precedence over the same IP in location z:/DAT096/vivado-library-b0946605e3617c901635278b62d0f6a8e3942844/ip/Pmods/PmodPIR_v1_0
WARNING: [IP_Flow 19-1663] Duplicate IP found for 'digilentinc.com:IP:PmodR2R:1.0'. The one found in IP location 'z:/DAT096/vivado-library-master/ip/Pmods/PmodR2R_v1_0' will take precedence over the same IP in location z:/DAT096/vivado-library-b0946605e3617c901635278b62d0f6a8e3942844/ip/Pmods/PmodR2R_v1_0
WARNING: [IP_Flow 19-1663] Duplicate IP found for 'digilentinc.com:IP:PmodRTCC:1.0'. The one found in IP location 'z:/DAT096/vivado-library-master/ip/Pmods/PmodRTCC_v1_0' will take precedence over the same IP in location z:/DAT096/vivado-library-b0946605e3617c901635278b62d0f6a8e3942844/ip/Pmods/PmodRTCC_v1_0
WARNING: [IP_Flow 19-1663] Duplicate IP found for 'digilentinc.com:IP:PmodSD:1.0'. The one found in IP location 'z:/DAT096/vivado-library-master/ip/Pmods/PmodSD_v1_0' will take precedence over the same IP in location z:/DAT096/vivado-library-b0946605e3617c901635278b62d0f6a8e3942844/ip/Pmods/PmodSD_v1_0
WARNING: [IP_Flow 19-1663] Duplicate IP found for 'digilentinc.com:IP:PmodSF3:1.0'. The one found in IP location 'z:/DAT096/vivado-library-master/ip/Pmods/PmodSF3_v1_0' will take precedence over the same IP in location z:/DAT096/vivado-library-b0946605e3617c901635278b62d0f6a8e3942844/ip/Pmods/PmodSF3_v1_0
WARNING: [IP_Flow 19-1663] Duplicate IP found for 'digilentinc.com:IP:PmodTC1:1.0'. The one found in IP location 'z:/DAT096/vivado-library-master/ip/Pmods/PmodTC1_v1_0' will take precedence over the same IP in location z:/DAT096/vivado-library-b0946605e3617c901635278b62d0f6a8e3942844/ip/Pmods/PmodTC1_v1_0
WARNING: [IP_Flow 19-1663] Duplicate IP found for 'digilentinc.com:IP:PmodTMP3:1.0'. The one found in IP location 'z:/DAT096/vivado-library-master/ip/Pmods/PmodTMP3_v1_0' will take precedence over the same IP in location z:/DAT096/vivado-library-b0946605e3617c901635278b62d0f6a8e3942844/ip/Pmods/PmodTMP3_v1_0
WARNING: [IP_Flow 19-1663] Duplicate IP found for 'digilentinc.com:IP:PmodWIFI:1.0'. The one found in IP location 'z:/DAT096/vivado-library-master/ip/Pmods/PmodWIFI_v1_0' will take precedence over the same IP in location z:/DAT096/vivado-library-b0946605e3617c901635278b62d0f6a8e3942844/ip/Pmods/PmodWIFI_v1_0
WARNING: [IP_Flow 19-1663] Duplicate IP found for 'digilentinc.com:ip:pmod_bridge:1.0'. The one found in IP location 'z:/DAT096/vivado-library-master/ip/Pmods/Pmod_Bridge_v1_0' will take precedence over the same IP in location z:/DAT096/vivado-library-b0946605e3617c901635278b62d0f6a8e3942844/ip/Pmods/Pmod_Bridge_v1_0
WARNING: [IP_Flow 19-1663] Duplicate IP found for 'digilentinc.com:ip:pmod_bridge:1.1'. The one found in IP location 'z:/DAT096/vivado-library-master/ip/Pmods/Pmod_Bridge_v1_1' will take precedence over the same IP in location z:/DAT096/vivado-library-b0946605e3617c901635278b62d0f6a8e3942844/ip/Pmods/Pmod_Bridge_v1_1
WARNING: [IP_Flow 19-1663] Duplicate IP found for 'digilentinc.com:IP:PWM:1.0'. The one found in IP location 'z:/DAT096/vivado-library-master/ip/PWM_1.0' will take precedence over the same IP in location z:/DAT096/vivado-library-b0946605e3617c901635278b62d0f6a8e3942844/ip/PWM_1.0
WARNING: [IP_Flow 19-1663] Duplicate IP found for 'digilentinc.com:IP:PWM:2.0'. The one found in IP location 'z:/DAT096/vivado-library-master/ip/PWM_2.0' will take precedence over the same IP in location z:/DAT096/vivado-library-b0946605e3617c901635278b62d0f6a8e3942844/ip/PWM_2.0
WARNING: [IP_Flow 19-1663] Duplicate IP found for 'digilentinc.com:IP:PWM_Analyzer:1.0'. The one found in IP location 'z:/DAT096/vivado-library-master/ip/PWM_Analyzer_1.0' will take precedence over the same IP in location z:/DAT096/vivado-library-b0946605e3617c901635278b62d0f6a8e3942844/ip/PWM_Analyzer_1.0
WARNING: [IP_Flow 19-1663] Duplicate IP found for 'digilentinc.com:ip:rgb2dvi:1.4'. The one found in IP location 'z:/DAT096/vivado-library-master/ip/rgb2dvi' will take precedence over the same IP in location z:/DAT096/vivado-library-b0946605e3617c901635278b62d0f6a8e3942844/ip/rgb2dvi
WARNING: [IP_Flow 19-4830] Duplicate Interface found for 'digilentinc.com:interface:pmod:1.0'. The one found in location 'z:/DAT096/vivado-library-b0946605e3617c901635278b62d0f6a8e3942844/if/pmod_v1_0/pmod.xml' will take precedence over the same Interface in location 'z:/DAT096/vivado-library-master/if/pmod_v1_0/pmod.xml'
WARNING: [IP_Flow 19-4830] Duplicate Interface found for 'digilentinc.com:interface:tmds:1.0'. The one found in location 'z:/DAT096/vivado-library-b0946605e3617c901635278b62d0f6a8e3942844/if/tmds_v1_0/tmds.xml' will take precedence over the same Interface in location 'z:/DAT096/vivado-library-master/if/tmds_v1_0/tmds.xml'
Upgrading 'Z:/DAT096/DAT096-krish/Embedded-System-Project-DAT096-krishna/Board_2/Board_2/Board_2.srcs/sources_1/bd/design_2/design_2.bd'
WARNING: [Vivado 12-1017] Problems encountered:
1. Failed to delete one or more files in run directory Z:/DAT096/DAT096-krish/Embedded-System-Project-DAT096-krishna/Board_2/Board_2/Board_2.runs/design_2_vcsel_top_0_0_synth_1

INFO: [IP_Flow 19-3420] Updated design_2_vcsel_top_0_0 to use current project options
WARNING: [IP_Flow 19-4698] Upgrade has added port 'current_data'
WARNING: [IP_Flow 19-4698] Upgrade has added port 'p_static_data'
WARNING: [IP_Flow 19-3298] Detected external port differences while upgrading 'design_2_vcsel_top_0_0'. These changes may impact your design.
CRITICAL WARNING: [Coretcl 2-1280] The upgrade of 'design_2_vcsel_top_0_0' has identified issues that may require user intervention. Please verify that the instance is correctly configured, and review any upgrade messages.
Wrote  : <Z:\DAT096\DAT096-krish\Embedded-System-Project-DAT096-krishna\Board_2\Board_2\Board_2.srcs\sources_1\bd\design_2\design_2.bd> 
Wrote  : <Z:/DAT096/DAT096-krish/Embedded-System-Project-DAT096-krishna/Board_2/Board_2/Board_2.srcs/sources_1/bd/design_2/ui/bd_1fdbff51.ui> 
generate_target all [get_files  Z:/DAT096/DAT096-krish/Embedded-System-Project-DAT096-krishna/Board_2/Board_2/Board_2.srcs/sources_1/bd/design_2/design_2.bd]
WARNING: [BD 41-2670] Found an incomplete address path from address space '/processing_system7_0/Data' to master interface '/processing_system7_0/M_AXI_GP0'. Please either complete or remove this path to resolve.
WARNING: [BD 5-699] No address segments matched 'get_bd_addr_segs -of_objects /processing_system7_0/Data'
ERROR: [Common 17-161] Invalid option value '' specified for 'object'.
ERROR: [BD 41-1273] Error running propagate TCL procedure: ERROR: [Common 17-161] Invalid option value '' specified for 'object'.
    ::xilinx.com_ip_ila_6.2::propagate Line 95
INFO: [xilinx.com:ip:clk_wiz:6.0-1] /clk_wiz_0 clk_wiz propagate
Wrote  : <Z:\DAT096\DAT096-krish\Embedded-System-Project-DAT096-krishna\Board_2\Board_2\Board_2.srcs\sources_1\bd\design_2\design_2.bd> 
VHDL Output written to : z:/DAT096/DAT096-krish/Embedded-System-Project-DAT096-krishna/Board_2/Board_2/Board_2.gen/sources_1/bd/design_2/synth/design_2.vhd
VHDL Output written to : z:/DAT096/DAT096-krish/Embedded-System-Project-DAT096-krishna/Board_2/Board_2/Board_2.gen/sources_1/bd/design_2/sim/design_2.vhd
VHDL Output written to : z:/DAT096/DAT096-krish/Embedded-System-Project-DAT096-krishna/Board_2/Board_2/Board_2.gen/sources_1/bd/design_2/hdl/design_2_wrapper.vhd
INFO: [BD 41-1029] Generation completed for the IP Integrator block vcsel_top_0 .
Exporting to file z:/DAT096/DAT096-krish/Embedded-System-Project-DAT096-krishna/Board_2/Board_2/Board_2.gen/sources_1/bd/design_2/hw_handoff/design_2.hwh
Generated Hardware Definition File z:/DAT096/DAT096-krish/Embedded-System-Project-DAT096-krishna/Board_2/Board_2/Board_2.gen/sources_1/bd/design_2/synth/design_2.hwdef
ERROR: [Common 17-39] 'generate_target' failed due to earlier errors.
WARNING: [filemgmt 56-199] Attempt to get parsing info during refresh. "On-the-fly" syntax checking information may be incorrect. [Z:\DAT096\DAT096-krish\Embedded-System-Project-DAT096-krishna\Board_2\Board_2\Board_2.srcs\sources_1\new\vcsel_top.vhd:]
WARNING: [filemgmt 56-199] Attempt to get parsing info during refresh. "On-the-fly" syntax checking information may be incorrect. [Z:\DAT096\DAT096-krish\Embedded-System-Project-DAT096-krishna\Board_2\Board_2\Board_2.srcs\sources_1\new\v_to_amp.vhd:]
WARNING: [filemgmt 56-199] Attempt to get parsing info during refresh. "On-the-fly" syntax checking information may be incorrect. [Z:\DAT096\DAT096-krish\Embedded-System-Project-DAT096-krishna\Board_2\Board_2\Board_2.srcs\sources_1\new\v_to_amp.vhd:]
WARNING: [filemgmt 56-199] Attempt to get parsing info during refresh. "On-the-fly" syntax checking information may be incorrect. [Z:\DAT096\DAT096-krish\Embedded-System-Project-DAT096-krishna\Board_2\Board_2\Board_2.srcs\sources_1\new\v_to_amp.vhd:]
ERROR: [Common 17-180] Spawn failed: No error
disconnect_bd_net /ZmodAWGController_0_cDataAxisTready [get_bd_pins ila_0/probe7]
disconnect_bd_net /vcsel_top_0_m_axis_tvalid [get_bd_pins ila_0/probe6]
WARNING: [IP_Flow 19-4067] Ignoring invalid widget type specified checkbox.Providing a default widget
startgroup
set_property -dict [list \
  CONFIG.C_PROBE6_WIDTH {14} \
  CONFIG.C_PROBE7_WIDTH {14} \
] [get_bd_cells ila_0]
endgroup
connect_bd_net [get_bd_pins vcsel_top_0/p_static_data] [get_bd_pins ila_0/probe6]
connect_bd_net [get_bd_pins vcsel_top_0/current_data] [get_bd_pins ila_0/probe7]
validate_bd_design
WARNING: [BD 41-2670] Found an incomplete address path from address space '/processing_system7_0/Data' to master interface '/processing_system7_0/M_AXI_GP0'. Please either complete or remove this path to resolve.
WARNING: [BD 5-699] No address segments matched 'get_bd_addr_segs -of_objects /processing_system7_0/Data'
ERROR: [Common 17-161] Invalid option value '' specified for 'object'.
ERROR: [BD 41-1273] Error running propagate TCL procedure: ERROR: [Common 17-161] Invalid option value '' specified for 'object'.
    ::xilinx.com_ip_ila_6.2::propagate Line 95
INFO: [xilinx.com:ip:clk_wiz:6.0-1] /clk_wiz_0 clk_wiz propagate
ERROR: [Common 17-39] 'validate_bd_design' failed due to earlier errors.
WARNING: [IP_Flow 19-4067] Ignoring invalid widget type specified checkbox.Providing a default widget
startgroup
set_property CONFIG.C_NUM_OF_PROBES {8} [get_bd_cells ila_0]
endgroup
validate_bd_design
WARNING: [BD 41-2670] Found an incomplete address path from address space '/processing_system7_0/Data' to master interface '/processing_system7_0/M_AXI_GP0'. Please either complete or remove this path to resolve.
WARNING: [BD 5-699] No address segments matched 'get_bd_addr_segs -of_objects /processing_system7_0/Data'
INFO: [xilinx.com:ip:clk_wiz:6.0-1] /clk_wiz_0 clk_wiz propagate
save_bd_design
Wrote  : <Z:\DAT096\DAT096-krish\Embedded-System-Project-DAT096-krishna\Board_2\Board_2\Board_2.srcs\sources_1\bd\design_2\design_2.bd> 
Wrote  : <Z:/DAT096/DAT096-krish/Embedded-System-Project-DAT096-krishna/Board_2/Board_2/Board_2.srcs/sources_1/bd/design_2/ui/bd_1fdbff51.ui> 
reset_run synth_1
INFO: [Project 1-1161] Replacing file Z:/DAT096/DAT096-krish/Embedded-System-Project-DAT096-krishna/Board_2/Board_2/Board_2.srcs/utils_1/imports/synth_1/design_2_wrapper.dcp with file Z:/DAT096/DAT096-krish/Embedded-System-Project-DAT096-krishna/Board_2/Board_2/Board_2.runs/synth_1/design_2_wrapper.dcp
WARNING: [Vivado 12-1017] Problems encountered:
1. Failed to delete one or more files in run directory Z:/DAT096/DAT096-krish/Embedded-System-Project-DAT096-krishna/Board_2/Board_2/Board_2.runs/synth_1

reset_run design_2_ila_0_0_synth_1
WARNING: [Vivado 12-1017] Problems encountered:
1. Failed to delete one or more files in run directory Z:/DAT096/DAT096-krish/Embedded-System-Project-DAT096-krishna/Board_2/Board_2/Board_2.runs/design_2_ila_0_0_synth_1

WARNING: [filemgmt 56-199] Attempt to get parsing info during refresh. "On-the-fly" syntax checking information may be incorrect. [Z:\DAT096\DAT096-krish\Embedded-System-Project-DAT096-krishna\Board_2\Board_2\Board_2.srcs\sources_1\new\vcsel_top.vhd:]
WARNING: [filemgmt 56-199] Attempt to get parsing info during refresh. "On-the-fly" syntax checking information may be incorrect. [Z:\DAT096\DAT096-krish\Embedded-System-Project-DAT096-krishna\Board_2\Board_2\Board_2.srcs\sources_1\new\v_to_amp.vhd:]
WARNING: [filemgmt 56-199] Attempt to get parsing info during refresh. "On-the-fly" syntax checking information may be incorrect. [Z:\DAT096\DAT096-krish\Embedded-System-Project-DAT096-krishna\Board_2\Board_2\Board_2.srcs\sources_1\new\v_to_amp.vhd:]
WARNING: [filemgmt 56-199] Attempt to get parsing info during refresh. "On-the-fly" syntax checking information may be incorrect. [Z:\DAT096\DAT096-krish\Embedded-System-Project-DAT096-krishna\Board_2\Board_2\Board_2.srcs\sources_1\new\v_to_amp.vhd:]
launch_runs impl_1 -to_step write_bitstream -jobs 28
INFO: [BD 41-1662] The design 'design_2.bd' is already validated. Therefore parameter propagation will not be re-run.
VHDL Output written to : z:/DAT096/DAT096-krish/Embedded-System-Project-DAT096-krishna/Board_2/Board_2/Board_2.gen/sources_1/bd/design_2/synth/design_2.vhd
VHDL Output written to : z:/DAT096/DAT096-krish/Embedded-System-Project-DAT096-krishna/Board_2/Board_2/Board_2.gen/sources_1/bd/design_2/sim/design_2.vhd
VHDL Output written to : z:/DAT096/DAT096-krish/Embedded-System-Project-DAT096-krishna/Board_2/Board_2/Board_2.gen/sources_1/bd/design_2/hdl/design_2_wrapper.vhd
WARNING: [IP_Flow 19-4994] Overwriting existing constraint file 'z:/DAT096/DAT096-krish/Embedded-System-Project-DAT096-krishna/Board_2/Board_2/Board_2.gen/sources_1/bd/design_2/ip/design_2_ila_0_0/design_2_ila_0_0_ooc.xdc'
ERROR: [Common 17-180] Spawn failed: No error
ERROR: [Common 17-39] 'rdi::create_slave' failed due to earlier errors.
CRITICAL WARNING: [IP_Flow 19-1747] Failed to deliver file 'c:/Progs/Xilinx/Vivado/2024.2/data/ip/xilinx/ila_v6_2/ttcl/ila_ip_xdc_impl.ttcl': 
ERROR: [IP_Flow 19-167] Failed to deliver one or more file(s).
ERROR: [IP_Flow 19-3505] IP Generation error: Failed to generate IP 'ila_0'. Failed to generate 'Implementation' outputs: 
ERROR: [IP_Flow 19-98] Generation of the IP CORE failed.
Failed to generate IP 'ila_0'. Failed to generate 'Implementation' outputs: 
ERROR: [BD 41-1030] Generation failed for the IP Integrator block ila_0 
Exporting to file z:/DAT096/DAT096-krish/Embedded-System-Project-DAT096-krishna/Board_2/Board_2/Board_2.gen/sources_1/bd/design_2/hw_handoff/design_2.hwh
Generated Hardware Definition File z:/DAT096/DAT096-krish/Embedded-System-Project-DAT096-krishna/Board_2/Board_2/Board_2.gen/sources_1/bd/design_2/synth/design_2.hwdef
INFO: [IP_Flow 19-6924] IPCACHE: Running cache check for IP inst: design_2_ila_0_0
ERROR: [Vivado 12-4756] Launch of runs aborted due to earlier errors while preparing sub-designs for run execution.
WARNING: [filemgmt 56-199] Attempt to get parsing info during refresh. "On-the-fly" syntax checking information may be incorrect. [Z:\DAT096\DAT096-krish\Embedded-System-Project-DAT096-krishna\Board_2\Board_2\Board_2.srcs\sources_1\new\vcsel_top.vhd:]
WARNING: [filemgmt 56-199] Attempt to get parsing info during refresh. "On-the-fly" syntax checking information may be incorrect. [Z:\DAT096\DAT096-krish\Embedded-System-Project-DAT096-krishna\Board_2\Board_2\Board_2.srcs\sources_1\new\v_to_amp.vhd:]
WARNING: [filemgmt 56-199] Attempt to get parsing info during refresh. "On-the-fly" syntax checking information may be incorrect. [Z:\DAT096\DAT096-krish\Embedded-System-Project-DAT096-krishna\Board_2\Board_2\Board_2.srcs\sources_1\new\v_to_amp.vhd:]
WARNING: [filemgmt 56-199] Attempt to get parsing info during refresh. "On-the-fly" syntax checking information may be incorrect. [Z:\DAT096\DAT096-krish\Embedded-System-Project-DAT096-krishna\Board_2\Board_2\Board_2.srcs\sources_1\new\v_to_amp.vhd:]
ERROR: [Common 17-180] Spawn failed: No error
WARNING: [filemgmt 56-199] Attempt to get parsing info during refresh. "On-the-fly" syntax checking information may be incorrect. [Z:\DAT096\DAT096-krish\Embedded-System-Project-DAT096-krishna\Board_2\Board_2\Board_2.srcs\sources_1\new\vcsel_top.vhd:]
WARNING: [filemgmt 56-199] Attempt to get parsing info during refresh. "On-the-fly" syntax checking information may be incorrect. [Z:\DAT096\DAT096-krish\Embedded-System-Project-DAT096-krishna\Board_2\Board_2\Board_2.srcs\sources_1\new\v_to_amp.vhd:]
WARNING: [filemgmt 56-199] Attempt to get parsing info during refresh. "On-the-fly" syntax checking information may be incorrect. [Z:\DAT096\DAT096-krish\Embedded-System-Project-DAT096-krishna\Board_2\Board_2\Board_2.srcs\sources_1\new\v_to_amp.vhd:]
WARNING: [filemgmt 56-199] Attempt to get parsing info during refresh. "On-the-fly" syntax checking information may be incorrect. [Z:\DAT096\DAT096-krish\Embedded-System-Project-DAT096-krishna\Board_2\Board_2\Board_2.srcs\sources_1\new\v_to_amp.vhd:]
ERROR: [Common 17-180] Spawn failed: No error
launch_runs impl_1 -to_step write_bitstream -jobs 28
INFO: [IP_Flow 19-6924] IPCACHE: Running cache check for IP inst: design_2_ila_0_0
[Mon May 18 18:32:05 2026] Launched design_2_ila_0_0_synth_1, design_2_vcsel_top_0_0_synth_1, synth_1...
Run output will be captured here:
design_2_ila_0_0_synth_1: Z:/DAT096/DAT096-krish/Embedded-System-Project-DAT096-krishna/Board_2/Board_2/Board_2.runs/design_2_ila_0_0_synth_1/runme.log
design_2_vcsel_top_0_0_synth_1: Z:/DAT096/DAT096-krish/Embedded-System-Project-DAT096-krishna/Board_2/Board_2/Board_2.runs/design_2_vcsel_top_0_0_synth_1/runme.log
synth_1: Z:/DAT096/DAT096-krish/Embedded-System-Project-DAT096-krishna/Board_2/Board_2/Board_2.runs/synth_1/runme.log
[Mon May 18 18:32:05 2026] Launched impl_1...
Run output will be captured here: Z:/DAT096/DAT096-krish/Embedded-System-Project-DAT096-krishna/Board_2/Board_2/Board_2.runs/impl_1/runme.log
WARNING: [filemgmt 56-199] Attempt to get parsing info during refresh. "On-the-fly" syntax checking information may be incorrect. [Z:\DAT096\DAT096-krish\Embedded-System-Project-DAT096-krishna\Board_2\Board_2\Board_2.srcs\sources_1\new\vcsel_top.vhd:]
WARNING: [filemgmt 56-199] Attempt to get parsing info during refresh. "On-the-fly" syntax checking information may be incorrect. [Z:\DAT096\DAT096-krish\Embedded-System-Project-DAT096-krishna\Board_2\Board_2\Board_2.srcs\sources_1\new\v_to_amp.vhd:]
WARNING: [filemgmt 56-199] Attempt to get parsing info during refresh. "On-the-fly" syntax checking information may be incorrect. [Z:\DAT096\DAT096-krish\Embedded-System-Project-DAT096-krishna\Board_2\Board_2\Board_2.srcs\sources_1\new\v_to_amp.vhd:]
WARNING: [filemgmt 56-199] Attempt to get parsing info during refresh. "On-the-fly" syntax checking information may be incorrect. [Z:\DAT096\DAT096-krish\Embedded-System-Project-DAT096-krishna\Board_2\Board_2\Board_2.srcs\sources_1\new\v_to_amp.vhd:]
ERROR: [Common 17-180] Spawn failed: No error
WARNING: [filemgmt 56-199] Attempt to get parsing info during refresh. "On-the-fly" syntax checking information may be incorrect. [Z:\DAT096\DAT096-krish\Embedded-System-Project-DAT096-krishna\Board_2\Board_2\Board_2.srcs\sources_1\new\vcsel_top.vhd:]
WARNING: [filemgmt 56-199] Attempt to get parsing info during refresh. "On-the-fly" syntax checking information may be incorrect. [Z:\DAT096\DAT096-krish\Embedded-System-Project-DAT096-krishna\Board_2\Board_2\Board_2.srcs\sources_1\new\v_to_amp.vhd:]
WARNING: [filemgmt 56-199] Attempt to get parsing info during refresh. "On-the-fly" syntax checking information may be incorrect. [Z:\DAT096\DAT096-krish\Embedded-System-Project-DAT096-krishna\Board_2\Board_2\Board_2.srcs\sources_1\new\v_to_amp.vhd:]
WARNING: [filemgmt 56-199] Attempt to get parsing info during refresh. "On-the-fly" syntax checking information may be incorrect. [Z:\DAT096\DAT096-krish\Embedded-System-Project-DAT096-krishna\Board_2\Board_2\Board_2.srcs\sources_1\new\v_to_amp.vhd:]
ERROR: [Common 17-180] Spawn failed: No error
WARNING: [filemgmt 56-199] Attempt to get parsing info during refresh. "On-the-fly" syntax checking information may be incorrect. [Z:\DAT096\DAT096-krish\Embedded-System-Project-DAT096-krishna\Board_2\Board_2\Board_2.srcs\sources_1\new\vcsel_top.vhd:]
WARNING: [filemgmt 56-199] Attempt to get parsing info during refresh. "On-the-fly" syntax checking information may be incorrect. [Z:\DAT096\DAT096-krish\Embedded-System-Project-DAT096-krishna\Board_2\Board_2\Board_2.srcs\sources_1\new\v_to_amp.vhd:]
WARNING: [filemgmt 56-199] Attempt to get parsing info during refresh. "On-the-fly" syntax checking information may be incorrect. [Z:\DAT096\DAT096-krish\Embedded-System-Project-DAT096-krishna\Board_2\Board_2\Board_2.srcs\sources_1\new\v_to_amp.vhd:]
WARNING: [filemgmt 56-199] Attempt to get parsing info during refresh. "On-the-fly" syntax checking information may be incorrect. [Z:\DAT096\DAT096-krish\Embedded-System-Project-DAT096-krishna\Board_2\Board_2\Board_2.srcs\sources_1\new\v_to_amp.vhd:]
ERROR: [Common 17-180] Spawn failed: No error
set_property PROBES.FILE {Z:/DAT096/DAT096-krish/Embedded-System-Project-DAT096-krishna/Board_2/Board_2/Board_2.runs/impl_1/design_2_wrapper.ltx} [get_hw_devices xc7z020_1]
set_property FULL_PROBES.FILE {Z:/DAT096/DAT096-krish/Embedded-System-Project-DAT096-krishna/Board_2/Board_2/Board_2.runs/impl_1/design_2_wrapper.ltx} [get_hw_devices xc7z020_1]
set_property PROGRAM.FILE {Z:/DAT096/DAT096-krish/Embedded-System-Project-DAT096-krishna/Board_2/Board_2/Board_2.runs/impl_1/design_2_wrapper.bit} [get_hw_devices xc7z020_1]
program_hw_devices [get_hw_devices xc7z020_1]
INFO: [Labtools 27-3164] End of startup status: HIGH
refresh_hw_device [lindex [get_hw_devices xc7z020_1] 0]
INFO: [Labtools 27-2302] Device xc7z020 (JTAG device index = 1) is programmed with a design that has 1 ILA core(s).
INFO: [Labtools 27-2302] Device xc7z020 (JTAG device index = 1) is programmed with a design that has 2 VIO core(s).
add_wave -into {hw_ila_data_1.wcfg} -radix hex { {design_2_i/vcsel_top_0_current_data} {design_2_i/vcsel_top_0_p_static_data} }
run_hw_ila [get_hw_ilas -of_objects [get_hw_devices xc7z020_1] -filter {CELL_NAME=~"design_2_i/ila_0"}]
INFO: [Labtools 27-1964] The ILA core 'hw_ila_1' trigger was armed at 2026-May-18 18:36:51
wait_on_hw_ila [get_hw_ilas -of_objects [get_hw_devices xc7z020_1] -filter {CELL_NAME=~"design_2_i/ila_0"}]
display_hw_ila_data [upload_hw_ila_data [get_hw_ilas -of_objects [get_hw_devices xc7z020_1] -filter {CELL_NAME=~"design_2_i/ila_0"}]]
INFO: [Labtools 27-1966] The ILA core 'hw_ila_1' triggered at 2026-May-18 18:36:51
INFO: [Labtools 27-3304] ILA Waveform data saved to file Z:/DAT096/DAT096-krish/Embedded-System-Project-DAT096-krishna/Board_2/Board_2/Board_2.hw/backup/hw_ila_data_1.ila. Use Tcl command 'read_hw_ila_data' or Vivado File->Import->Import ILA Data menu item to import the previously saved data.
save_wave_config {Z:/DAT096/DAT096-krish/Embedded-System-Project-DAT096-krishna/Board_2/Board_2/Board_2.hw/hw_1/wave/hw_ila_data_1/hw_ila_data_1.wcfg}
close_hw_manager
open_hw_manager
connect_hw_server -allow_non_jtag
INFO: [Labtools 27-2285] Connecting to hw_server url TCP:localhost:3121
INFO: [Labtools 27-3415] Connecting to cs_server url TCP:localhost:0
INFO: [Labtools 27-3417] Launching cs_server...
INFO: [Labtools 27-2221] Launch Output:


******** Xilinx cs_server v2024.2.0
  ****** Build date   : Oct 30 2024-19:19:07
    **** Build number : 2024.2.1730312347
      ** Copyright 2017-2022 Xilinx, Inc. All Rights Reserved.
      ** Copyright 2022-2026 Advanced Micro Devices, Inc. All Rights Reserved.



connect_hw_server: Time (s): cpu = 00:00:00 ; elapsed = 00:00:11 . Memory (MB): peak = 3198.875 ; gain = 0.000
open_hw_target
INFO: [Labtoolstcl 44-466] Opening hw_target localhost:3121/xilinx_tcf/Digilent/210393BB58C1A
set_property PROGRAM.FILE {Z:/DAT096/DAT096-krish/Embedded-System-Project-DAT096-krishna/Board_2/Board_2/Board_2.runs/impl_1/design_2_wrapper.bit} [get_hw_devices xc7z020_1]
set_property PROBES.FILE {Z:/DAT096/DAT096-krish/Embedded-System-Project-DAT096-krishna/Board_2/Board_2/Board_2.runs/impl_1/design_2_wrapper.ltx} [get_hw_devices xc7z020_1]
set_property FULL_PROBES.FILE {Z:/DAT096/DAT096-krish/Embedded-System-Project-DAT096-krishna/Board_2/Board_2/Board_2.runs/impl_1/design_2_wrapper.ltx} [get_hw_devices xc7z020_1]
current_hw_device [get_hw_devices xc7z020_1]
refresh_hw_device [lindex [get_hw_devices xc7z020_1] 0]
INFO: [Labtools 27-2302] Device xc7z020 (JTAG device index = 1) is programmed with a design that has 1 ILA core(s).
INFO: [Labtools 27-2302] Device xc7z020 (JTAG device index = 1) is programmed with a design that has 2 VIO core(s).
display_hw_ila_data [ get_hw_ila_data hw_ila_data_1 -of_objects [get_hw_ilas -of_objects [get_hw_devices xc7z020_1] -filter {CELL_NAME=~"design_2_i/ila_0"}]]
set_property PROBES.FILE {Z:/DAT096/DAT096-krish/Embedded-System-Project-DAT096-krishna/Board_2/Board_2/Board_2.runs/impl_1/design_2_wrapper.ltx} [get_hw_devices xc7z020_1]
set_property FULL_PROBES.FILE {Z:/DAT096/DAT096-krish/Embedded-System-Project-DAT096-krishna/Board_2/Board_2/Board_2.runs/impl_1/design_2_wrapper.ltx} [get_hw_devices xc7z020_1]
set_property PROGRAM.FILE {Z:/DAT096/DAT096-krish/Embedded-System-Project-DAT096-krishna/Board_2/Board_2/Board_2.runs/impl_1/design_2_wrapper.bit} [get_hw_devices xc7z020_1]
program_hw_devices [get_hw_devices xc7z020_1]
INFO: [Labtools 27-3164] End of startup status: HIGH
refresh_hw_device [lindex [get_hw_devices xc7z020_1] 0]
INFO: [Labtools 27-2302] Device xc7z020 (JTAG device index = 1) is programmed with a design that has 1 ILA core(s).
INFO: [Labtools 27-2302] Device xc7z020 (JTAG device index = 1) is programmed with a design that has 2 VIO core(s).
run_hw_ila [get_hw_ilas -of_objects [get_hw_devices xc7z020_1] -filter {CELL_NAME=~"design_2_i/ila_0"}]
INFO: [Labtools 27-1964] The ILA core 'hw_ila_1' trigger was armed at 2026-May-18 18:37:31
wait_on_hw_ila [get_hw_ilas -of_objects [get_hw_devices xc7z020_1] -filter {CELL_NAME=~"design_2_i/ila_0"}]
display_hw_ila_data [upload_hw_ila_data [get_hw_ilas -of_objects [get_hw_devices xc7z020_1] -filter {CELL_NAME=~"design_2_i/ila_0"}]]
INFO: [Labtools 27-1966] The ILA core 'hw_ila_1' triggered at 2026-May-18 18:37:31
INFO: [Labtools 27-3304] ILA Waveform data saved to file Z:/DAT096/DAT096-krish/Embedded-System-Project-DAT096-krishna/Board_2/Board_2/Board_2.hw/backup/hw_ila_data_1.ila. Use Tcl command 'read_hw_ila_data' or Vivado File->Import->Import ILA Data menu item to import the previously saved data.
save_wave_config {Z:/DAT096/DAT096-krish/Embedded-System-Project-DAT096-krishna/Board_2/Board_2/Board_2.hw/hw_1/wave/hw_ila_data_1/hw_ila_data_1.wcfg}
exit
INFO: [Common 17-206] Exiting Vivado at Mon May 18 18:42:27 2026...
