#-----------------------------------------------------------
# Vivado v2024.2 (64-bit)
# SW Build 5239630 on Fri Nov 08 22:35:27 MST 2024
# IP Build 5239520 on Sun Nov 10 16:12:51 MST 2024
# SharedData Build 5239561 on Fri Nov 08 14:39:27 MST 2024
# Start of session at: Tue May 12 11:35:06 2026
# Process ID         : 3552
# Current directory  : Z:/DAT096/DAT096-krish/Embedded-System-Project-DAT096-krishna/Board_2/Board_2
# Command line       : vivado.exe -gui_launcher_event rodinguilauncherevent21540 Z:\DAT096\DAT096-krish\Embedded-System-Project-DAT096-krishna\Board_2\Board_2\Board_2.xpr
# Log file           : Z:/DAT096/DAT096-krish/Embedded-System-Project-DAT096-krishna/Board_2/Board_2/vivado.log
# Journal file       : Z:/DAT096/DAT096-krish/Embedded-System-Project-DAT096-krishna/Board_2/Board_2\vivado.jou
# Running On         : FY-6302-10
# Platform           : Windows Server 2016 or Windows 10
# Operating System   : 26200
# Processor Detail   : Intel(R) Core(TM) i7-14700
# CPU Frequency      : 2112 MHz
# CPU Physical cores : 20
# CPU Logical cores  : 28
# Host memory        : 34031 MB
# Swap memory        : 5100 MB
# Total Virtual      : 39131 MB
# Available Virtual  : 23563 MB
#-----------------------------------------------------------
start_gui
open_project Z:/DAT096/DAT096-krish/Embedded-System-Project-DAT096-krishna/Board_2/Board_2/Board_2.xpr
WARNING: [filemgmt 56-3] IP Repository Path: Could not find the directory 'Z:/DAT096/vivado-library-zmod-v2-2019.1-2/vivado-library-zmod-v2-2019.1-2'.
WARNING: [filemgmt 56-3] IP Repository Path: Could not find the directory 'Z:/embedded project/Eclypse-Z7-HW/Eclypse-Z7-HW.ipdefs/repo'.
WARNING: [filemgmt 56-3] IP Repository Path: Could not find the directory 'Z:/eda234/vivado-library-master'.
WARNING: [filemgmt 56-3] IP Repository Path: Could not find the directory 'Z:/eda234/vivado-library-master/ip'.
Scanning sources...
Finished scanning sources
INFO: [IP_Flow 19-234] Refreshing IP repositories
WARNING: [IP_Flow 19-2248] Failed to load user IP repository 'z:/DAT096/vivado-library-zmod-v2-2019.1-2/vivado-library-zmod-v2-2019.1-2'; Can't find the specified path.
If this directory should no longer be in your list of user repositories, go to the IP Settings dialog and remove it.
INFO: [IP_Flow 19-1700] Loaded user IP repository 'z:/DAT096/Project_team5/ip_repo'.
WARNING: [IP_Flow 19-2248] Failed to load user IP repository 'z:/embedded project/Eclypse-Z7-HW/Eclypse-Z7-HW.ipdefs/repo'; Can't find the specified path.
If this directory should no longer be in your list of user repositories, go to the IP Settings dialog and remove it.
INFO: [IP_Flow 19-1700] Loaded user IP repository 'z:/DAT096/vivado-boards-master'.
INFO: [IP_Flow 19-1700] Loaded user IP repository 'z:/DAT096/vivado-library-b0946605e3617c901635278b62d0f6a8e3942844'.
INFO: [IP_Flow 19-1700] Loaded user IP repository 'z:/DAT096/vivado-library-master'.
WARNING: [IP_Flow 19-2248] Failed to load user IP repository 'z:/eda234/vivado-library-master'; Can't find the specified path.
If this directory should no longer be in your list of user repositories, go to the IP Settings dialog and remove it.
WARNING: [IP_Flow 19-3685] Ignored loading user repository 'z:/eda234/vivado-library-master/ip'. The path is contained within another repository.
INFO: [IP_Flow 19-2313] Loaded Vivado IP repository 'C:/Progs/Xilinx/Vivado/2024.2/data/ip'.
WARNING: [IP_Flow 19-1663] Duplicate IP found for 'digilentinc.com:user:axi_i2s_adi:1.2'. The one found in IP location 'z:/DAT096/vivado-library-b0946605e3617c901635278b62d0f6a8e3942844/ip/axi_i2s_adi_1.2' will take precedence over the same IP in location z:/DAT096/vivado-library-master/ip/axi_i2s_adi_1.2
WARNING: [IP_Flow 19-1663] Duplicate IP found for 'digilentinc.com:IP:axi_ps2:1.0'. The one found in IP location 'z:/DAT096/vivado-library-b0946605e3617c901635278b62d0f6a8e3942844/ip/axi_ps2_1.0' will take precedence over the same IP in location z:/DAT096/vivado-library-master/ip/axi_ps2_1.0
WARNING: [IP_Flow 19-1663] Duplicate IP found for 'digilentinc.com:ip:clock_forwarder:1.1'. The one found in IP location 'z:/DAT096/vivado-library-b0946605e3617c901635278b62d0f6a8e3942844/ip/clock_forwarder' will take precedence over the same IP in location z:/DAT096/vivado-library-master/ip/clock_forwarder
WARNING: [IP_Flow 19-1663] Duplicate IP found for 'digilentinc.com:IP:hls_contrast_stretch:1.0'. The one found in IP location 'z:/DAT096/vivado-library-b0946605e3617c901635278b62d0f6a8e3942844/ip/hls_contrast_stretch_1_0' will take precedence over the same IP in location z:/DAT096/vivado-library-master/ip/hls_contrast_stretch_1_0
WARNING: [IP_Flow 19-1663] Duplicate IP found for 'digilentinc.com:IP:hls_gamma_correction:1.0'. The one found in IP location 'z:/DAT096/vivado-library-b0946605e3617c901635278b62d0f6a8e3942844/ip/hls_gamma_correction_1_0' will take precedence over the same IP in location z:/DAT096/vivado-library-master/ip/hls_gamma_correction_1_0
WARNING: [IP_Flow 19-1663] Duplicate IP found for 'digilentinc.com:IP:hls_saturation_enhance:1.0'. The one found in IP location 'z:/DAT096/vivado-library-b0946605e3617c901635278b62d0f6a8e3942844/ip/hls_saturation_enhance_1_0' will take precedence over the same IP in location z:/DAT096/vivado-library-master/ip/hls_saturation_enhance_1_0
WARNING: [IP_Flow 19-1663] Duplicate IP found for 'digilentinc.com:ip:rgb2dpvid:1.0'. The one found in IP location 'z:/DAT096/vivado-library-b0946605e3617c901635278b62d0f6a8e3942844/ip/rgb2dpvid_v1_0' will take precedence over the same IP in location z:/DAT096/vivado-library-master/ip/rgb2dpvid_v1_0
WARNING: [IP_Flow 19-1663] Duplicate IP found for 'digilentinc.com:ip:rgb2vga:1.0'. The one found in IP location 'z:/DAT096/vivado-library-b0946605e3617c901635278b62d0f6a8e3942844/ip/rgb2vga_v1_0' will take precedence over the same IP in location z:/DAT096/vivado-library-master/ip/rgb2vga_v1_0
WARNING: [IP_Flow 19-1663] Duplicate IP found for 'digilentinc.com:ip:Sync:1.0'. The one found in IP location 'z:/DAT096/vivado-library-b0946605e3617c901635278b62d0f6a8e3942844/ip/Sync_v1_0' will take precedence over the same IP in location z:/DAT096/vivado-library-master/ip/Sync_v1_0
WARNING: [IP_Flow 19-1663] Duplicate IP found for 'digilentinc.com:ip:usb2device:1.0'. The one found in IP location 'z:/DAT096/vivado-library-b0946605e3617c901635278b62d0f6a8e3942844/ip/usb2device_v1_0' will take precedence over the same IP in location z:/DAT096/vivado-library-master/ip/usb2device_v1_0
WARNING: [IP_Flow 19-1663] Duplicate IP found for 'digilentinc.com:video:video_scaler:1.0'. The one found in IP location 'z:/DAT096/vivado-library-b0946605e3617c901635278b62d0f6a8e3942844/ip/video_scaler' will take precedence over the same IP in location z:/DAT096/vivado-library-master/ip/video_scaler
WARNING: [IP_Flow 19-1663] Duplicate IP found for 'digilentinc.com:ip:dvi2rgb:2.0'. The one found in IP location 'z:/DAT096/vivado-library-master/ip/dvi2rgb' will take precedence over the same IP in location z:/DAT096/vivado-library-b0946605e3617c901635278b62d0f6a8e3942844/ip/dvi2rgb
WARNING: [IP_Flow 19-1663] Duplicate IP found for 'digilentinc.com:IP:MotorFeedback:1.0'. The one found in IP location 'z:/DAT096/vivado-library-master/ip/MotorFeedback_1.0' will take precedence over the same IP in location z:/DAT096/vivado-library-b0946605e3617c901635278b62d0f6a8e3942844/ip/MotorFeedback_1.0
WARNING: [IP_Flow 19-1663] Duplicate IP found for 'digilentinc.com:IP:PmodACL2:1.0'. The one found in IP location 'z:/DAT096/vivado-library-master/ip/Pmods/PmodACL2_v1_0' will take precedence over the same IP in location z:/DAT096/vivado-library-b0946605e3617c901635278b62d0f6a8e3942844/ip/Pmods/PmodACL2_v1_0
WARNING: [IP_Flow 19-1663] Duplicate IP found for 'digilentinc.com:IP:PmodACL:1.0'. The one found in IP location 'z:/DAT096/vivado-library-master/ip/Pmods/PmodACL_v1_0' will take precedence over the same IP in location z:/DAT096/vivado-library-b0946605e3617c901635278b62d0f6a8e3942844/ip/Pmods/PmodACL_v1_0
WARNING: [IP_Flow 19-1663] Duplicate IP found for 'digilentinc.com:IP:PmodAD1:1.0'. The one found in IP location 'z:/DAT096/vivado-library-master/ip/Pmods/PmodAD1_v1_0' will take precedence over the same IP in location z:/DAT096/vivado-library-b0946605e3617c901635278b62d0f6a8e3942844/ip/Pmods/PmodAD1_v1_0
WARNING: [IP_Flow 19-1663] Duplicate IP found for 'digilentinc.com:IP:PmodAD2:1.0'. The one found in IP location 'z:/DAT096/vivado-library-master/ip/Pmods/PmodAD2_v1_0' will take precedence over the same IP in location z:/DAT096/vivado-library-b0946605e3617c901635278b62d0f6a8e3942844/ip/Pmods/PmodAD2_v1_0
WARNING: [IP_Flow 19-1663] Duplicate IP found for 'digilentinc.com:IP:PmodAD5:1.0'. The one found in IP location 'z:/DAT096/vivado-library-master/ip/Pmods/PmodAD5_v1_0' will take precedence over the same IP in location z:/DAT096/vivado-library-b0946605e3617c901635278b62d0f6a8e3942844/ip/Pmods/PmodAD5_v1_0
WARNING: [IP_Flow 19-1663] Duplicate IP found for 'digilentinc.com:IP:PmodALS:1.0'. The one found in IP location 'z:/DAT096/vivado-library-master/ip/Pmods/PmodALS_v1_0' will take precedence over the same IP in location z:/DAT096/vivado-library-b0946605e3617c901635278b62d0f6a8e3942844/ip/Pmods/PmodALS_v1_0
WARNING: [IP_Flow 19-1663] Duplicate IP found for 'digilentinc.com:IP:PmodAMP2:1.0'. The one found in IP location 'z:/DAT096/vivado-library-master/ip/Pmods/PmodAMP2_v1_0' will take precedence over the same IP in location z:/DAT096/vivado-library-b0946605e3617c901635278b62d0f6a8e3942844/ip/Pmods/PmodAMP2_v1_0
WARNING: [IP_Flow 19-1663] Duplicate IP found for 'digilentinc.com:IP:PmodAQS:1.0'. The one found in IP location 'z:/DAT096/vivado-library-master/ip/Pmods/PmodAQS_v1_0' will take precedence over the same IP in location z:/DAT096/vivado-library-b0946605e3617c901635278b62d0f6a8e3942844/ip/Pmods/PmodAQS_v1_0
WARNING: [IP_Flow 19-1663] Duplicate IP found for 'digilentinc.com:IP:PmodBLE:1.0'. The one found in IP location 'z:/DAT096/vivado-library-master/ip/Pmods/PmodBLE_v1_0' will take precedence over the same IP in location z:/DAT096/vivado-library-b0946605e3617c901635278b62d0f6a8e3942844/ip/Pmods/PmodBLE_v1_0
WARNING: [IP_Flow 19-1663] Duplicate IP found for 'digilentinc.com:IP:PmodBT2:1.0'. The one found in IP location 'z:/DAT096/vivado-library-master/ip/Pmods/PmodBT2_v1_0' will take precedence over the same IP in location z:/DAT096/vivado-library-b0946605e3617c901635278b62d0f6a8e3942844/ip/Pmods/PmodBT2_v1_0
WARNING: [IP_Flow 19-1663] Duplicate IP found for 'digilentinc.com:IP:PmodCAN:1.0'. The one found in IP location 'z:/DAT096/vivado-library-master/ip/Pmods/PmodCAN_v1_0' will take precedence over the same IP in location z:/DAT096/vivado-library-b0946605e3617c901635278b62d0f6a8e3942844/ip/Pmods/PmodCAN_v1_0
WARNING: [IP_Flow 19-1663] Duplicate IP found for 'digilentinc.com:IP:PmodCLS:1.0'. The one found in IP location 'z:/DAT096/vivado-library-master/ip/Pmods/PmodCLS_v1_0' will take precedence over the same IP in location z:/DAT096/vivado-library-b0946605e3617c901635278b62d0f6a8e3942844/ip/Pmods/PmodCLS_v1_0
WARNING: [IP_Flow 19-1663] Duplicate IP found for 'digilentinc.com:IP:PmodCMPS2:1.0'. The one found in IP location 'z:/DAT096/vivado-library-master/ip/Pmods/PmodCMPS2_v1_0' will take precedence over the same IP in location z:/DAT096/vivado-library-b0946605e3617c901635278b62d0f6a8e3942844/ip/Pmods/PmodCMPS2_v1_0
WARNING: [IP_Flow 19-1663] Duplicate IP found for 'digilentinc.com:IP:PmodCOLOR:1.0'. The one found in IP location 'z:/DAT096/vivado-library-master/ip/Pmods/PmodCOLOR_v1_0' will take precedence over the same IP in location z:/DAT096/vivado-library-b0946605e3617c901635278b62d0f6a8e3942844/ip/Pmods/PmodCOLOR_v1_0
WARNING: [IP_Flow 19-1663] Duplicate IP found for 'digilentinc.com:IP:PmodDA1:1.0'. The one found in IP location 'z:/DAT096/vivado-library-master/ip/Pmods/PmodDA1_v1_0' will take precedence over the same IP in location z:/DAT096/vivado-library-b0946605e3617c901635278b62d0f6a8e3942844/ip/Pmods/PmodDA1_v1_0
WARNING: [IP_Flow 19-1663] Duplicate IP found for 'digilentinc.com:IP:PmodDHB1:1.0'. The one found in IP location 'z:/DAT096/vivado-library-master/ip/Pmods/PmodDHB1_v1_0' will take precedence over the same IP in location z:/DAT096/vivado-library-b0946605e3617c901635278b62d0f6a8e3942844/ip/Pmods/PmodDHB1_v1_0
WARNING: [IP_Flow 19-1663] Duplicate IP found for 'digilentinc.com:IP:PmodDPG1:1.0'. The one found in IP location 'z:/DAT096/vivado-library-master/ip/Pmods/PmodDPG1_v1_0' will take precedence over the same IP in location z:/DAT096/vivado-library-b0946605e3617c901635278b62d0f6a8e3942844/ip/Pmods/PmodDPG1_v1_0
WARNING: [IP_Flow 19-1663] Duplicate IP found for 'digilentinc.com:IP:PmodENC:1.0'. The one found in IP location 'z:/DAT096/vivado-library-master/ip/Pmods/PmodENC_v1_0' will take precedence over the same IP in location z:/DAT096/vivado-library-b0946605e3617c901635278b62d0f6a8e3942844/ip/Pmods/PmodENC_v1_0
WARNING: [IP_Flow 19-1663] Duplicate IP found for 'digilentinc.com:user:PmodESP32:1.0'. The one found in IP location 'z:/DAT096/vivado-library-master/ip/Pmods/PmodESP32_v1_0' will take precedence over the same IP in location z:/DAT096/vivado-library-b0946605e3617c901635278b62d0f6a8e3942844/ip/Pmods/PmodESP32_v1_0
WARNING: [IP_Flow 19-1663] Duplicate IP found for 'digilentinc.com:IP:PmodGPIO:1.0'. The one found in IP location 'z:/DAT096/vivado-library-master/ip/Pmods/PmodGPIO_v1_0' will take precedence over the same IP in location z:/DAT096/vivado-library-b0946605e3617c901635278b62d0f6a8e3942844/ip/Pmods/PmodGPIO_v1_0
WARNING: [IP_Flow 19-1663] Duplicate IP found for 'digilentinc.com:IP:PmodGPS:1.1'. The one found in IP location 'z:/DAT096/vivado-library-master/ip/Pmods/PmodGPS_v1_1' will take precedence over the same IP in location z:/DAT096/vivado-library-b0946605e3617c901635278b62d0f6a8e3942844/ip/Pmods/PmodGPS_v1_1
WARNING: [IP_Flow 19-1663] Duplicate IP found for 'digilentinc.com:IP:PmodGYRO:1.0'. The one found in IP location 'z:/DAT096/vivado-library-master/ip/Pmods/PmodGYRO_v1_0' will take precedence over the same IP in location z:/DAT096/vivado-library-b0946605e3617c901635278b62d0f6a8e3942844/ip/Pmods/PmodGYRO_v1_0
WARNING: [IP_Flow 19-1663] Duplicate IP found for 'digilentinc.com:IP:PmodHYGRO:1.0'. The one found in IP location 'z:/DAT096/vivado-library-master/ip/Pmods/PmodHYGRO_v1_0' will take precedence over the same IP in location z:/DAT096/vivado-library-b0946605e3617c901635278b62d0f6a8e3942844/ip/Pmods/PmodHYGRO_v1_0
WARNING: [IP_Flow 19-1663] Duplicate IP found for 'digilentinc.com:IP:PmodJSTK2:1.0'. The one found in IP location 'z:/DAT096/vivado-library-master/ip/Pmods/PmodJSTK2_v1_0' will take precedence over the same IP in location z:/DAT096/vivado-library-b0946605e3617c901635278b62d0f6a8e3942844/ip/Pmods/PmodJSTK2_v1_0
WARNING: [IP_Flow 19-1663] Duplicate IP found for 'digilentinc.com:IP:PmodJSTK:1.0'. The one found in IP location 'z:/DAT096/vivado-library-master/ip/Pmods/PmodJSTK_v1_0' will take precedence over the same IP in location z:/DAT096/vivado-library-b0946605e3617c901635278b62d0f6a8e3942844/ip/Pmods/PmodJSTK_v1_0
WARNING: [IP_Flow 19-1663] Duplicate IP found for 'digilentinc.com:IP:PmodKYPD:1.0'. The one found in IP location 'z:/DAT096/vivado-library-master/ip/Pmods/PmodKYPD_v1_0' will take precedence over the same IP in location z:/DAT096/vivado-library-b0946605e3617c901635278b62d0f6a8e3942844/ip/Pmods/PmodKYPD_v1_0
WARNING: [IP_Flow 19-1663] Duplicate IP found for 'digilentinc.com:IP:PmodMAXSONAR:1.0'. The one found in IP location 'z:/DAT096/vivado-library-master/ip/Pmods/PmodMAXSONAR_v1_0' will take precedence over the same IP in location z:/DAT096/vivado-library-b0946605e3617c901635278b62d0f6a8e3942844/ip/Pmods/PmodMAXSONAR_v1_0
WARNING: [IP_Flow 19-1663] Duplicate IP found for 'digilentinc.com:IP:PmodMTDS:1.0'. The one found in IP location 'z:/DAT096/vivado-library-master/ip/Pmods/PmodMTDS_v1_0' will take precedence over the same IP in location z:/DAT096/vivado-library-b0946605e3617c901635278b62d0f6a8e3942844/ip/Pmods/PmodMTDS_v1_0
WARNING: [IP_Flow 19-1663] Duplicate IP found for 'digilentinc.com:IP:PmodNAV:1.0'. The one found in IP location 'z:/DAT096/vivado-library-master/ip/Pmods/PmodNAV_v1_0' will take precedence over the same IP in location z:/DAT096/vivado-library-b0946605e3617c901635278b62d0f6a8e3942844/ip/Pmods/PmodNAV_v1_0
WARNING: [IP_Flow 19-1663] Duplicate IP found for 'digilentinc.com:IP:PmodOLEDrgb:1.0'. The one found in IP location 'z:/DAT096/vivado-library-master/ip/Pmods/pmodOLEDrgb_v1_0' will take precedence over the same IP in location z:/DAT096/vivado-library-b0946605e3617c901635278b62d0f6a8e3942844/ip/Pmods/pmodOLEDrgb_v1_0
WARNING: [IP_Flow 19-1663] Duplicate IP found for 'digilentinc.com:IP:PmodOLED:1.0'. The one found in IP location 'z:/DAT096/vivado-library-master/ip/Pmods/PmodOLED_v1_0' will take precedence over the same IP in location z:/DAT096/vivado-library-b0946605e3617c901635278b62d0f6a8e3942844/ip/Pmods/PmodOLED_v1_0
WARNING: [IP_Flow 19-1663] Duplicate IP found for 'digilentinc.com:IP:PmodPIR:1.0'. The one found in IP location 'z:/DAT096/vivado-library-master/ip/Pmods/PmodPIR_v1_0' will take precedence over the same IP in location z:/DAT096/vivado-library-b0946605e3617c901635278b62d0f6a8e3942844/ip/Pmods/PmodPIR_v1_0
WARNING: [IP_Flow 19-1663] Duplicate IP found for 'digilentinc.com:IP:PmodR2R:1.0'. The one found in IP location 'z:/DAT096/vivado-library-master/ip/Pmods/PmodR2R_v1_0' will take precedence over the same IP in location z:/DAT096/vivado-library-b0946605e3617c901635278b62d0f6a8e3942844/ip/Pmods/PmodR2R_v1_0
WARNING: [IP_Flow 19-1663] Duplicate IP found for 'digilentinc.com:IP:PmodRTCC:1.0'. The one found in IP location 'z:/DAT096/vivado-library-master/ip/Pmods/PmodRTCC_v1_0' will take precedence over the same IP in location z:/DAT096/vivado-library-b0946605e3617c901635278b62d0f6a8e3942844/ip/Pmods/PmodRTCC_v1_0
WARNING: [IP_Flow 19-1663] Duplicate IP found for 'digilentinc.com:IP:PmodSD:1.0'. The one found in IP location 'z:/DAT096/vivado-library-master/ip/Pmods/PmodSD_v1_0' will take precedence over the same IP in location z:/DAT096/vivado-library-b0946605e3617c901635278b62d0f6a8e3942844/ip/Pmods/PmodSD_v1_0
WARNING: [IP_Flow 19-1663] Duplicate IP found for 'digilentinc.com:IP:PmodSF3:1.0'. The one found in IP location 'z:/DAT096/vivado-library-master/ip/Pmods/PmodSF3_v1_0' will take precedence over the same IP in location z:/DAT096/vivado-library-b0946605e3617c901635278b62d0f6a8e3942844/ip/Pmods/PmodSF3_v1_0
WARNING: [IP_Flow 19-1663] Duplicate IP found for 'digilentinc.com:IP:PmodTC1:1.0'. The one found in IP location 'z:/DAT096/vivado-library-master/ip/Pmods/PmodTC1_v1_0' will take precedence over the same IP in location z:/DAT096/vivado-library-b0946605e3617c901635278b62d0f6a8e3942844/ip/Pmods/PmodTC1_v1_0
WARNING: [IP_Flow 19-1663] Duplicate IP found for 'digilentinc.com:IP:PmodTMP3:1.0'. The one found in IP location 'z:/DAT096/vivado-library-master/ip/Pmods/PmodTMP3_v1_0' will take precedence over the same IP in location z:/DAT096/vivado-library-b0946605e3617c901635278b62d0f6a8e3942844/ip/Pmods/PmodTMP3_v1_0
WARNING: [IP_Flow 19-1663] Duplicate IP found for 'digilentinc.com:IP:PmodWIFI:1.0'. The one found in IP location 'z:/DAT096/vivado-library-master/ip/Pmods/PmodWIFI_v1_0' will take precedence over the same IP in location z:/DAT096/vivado-library-b0946605e3617c901635278b62d0f6a8e3942844/ip/Pmods/PmodWIFI_v1_0
WARNING: [IP_Flow 19-1663] Duplicate IP found for 'digilentinc.com:ip:pmod_bridge:1.0'. The one found in IP location 'z:/DAT096/vivado-library-master/ip/Pmods/Pmod_Bridge_v1_0' will take precedence over the same IP in location z:/DAT096/vivado-library-b0946605e3617c901635278b62d0f6a8e3942844/ip/Pmods/Pmod_Bridge_v1_0
WARNING: [IP_Flow 19-1663] Duplicate IP found for 'digilentinc.com:ip:pmod_bridge:1.1'. The one found in IP location 'z:/DAT096/vivado-library-master/ip/Pmods/Pmod_Bridge_v1_1' will take precedence over the same IP in location z:/DAT096/vivado-library-b0946605e3617c901635278b62d0f6a8e3942844/ip/Pmods/Pmod_Bridge_v1_1
WARNING: [IP_Flow 19-1663] Duplicate IP found for 'digilentinc.com:IP:PWM:1.0'. The one found in IP location 'z:/DAT096/vivado-library-master/ip/PWM_1.0' will take precedence over the same IP in location z:/DAT096/vivado-library-b0946605e3617c901635278b62d0f6a8e3942844/ip/PWM_1.0
WARNING: [IP_Flow 19-1663] Duplicate IP found for 'digilentinc.com:IP:PWM:2.0'. The one found in IP location 'z:/DAT096/vivado-library-master/ip/PWM_2.0' will take precedence over the same IP in location z:/DAT096/vivado-library-b0946605e3617c901635278b62d0f6a8e3942844/ip/PWM_2.0
WARNING: [IP_Flow 19-1663] Duplicate IP found for 'digilentinc.com:IP:PWM_Analyzer:1.0'. The one found in IP location 'z:/DAT096/vivado-library-master/ip/PWM_Analyzer_1.0' will take precedence over the same IP in location z:/DAT096/vivado-library-b0946605e3617c901635278b62d0f6a8e3942844/ip/PWM_Analyzer_1.0
WARNING: [IP_Flow 19-1663] Duplicate IP found for 'digilentinc.com:ip:rgb2dvi:1.4'. The one found in IP location 'z:/DAT096/vivado-library-master/ip/rgb2dvi' will take precedence over the same IP in location z:/DAT096/vivado-library-b0946605e3617c901635278b62d0f6a8e3942844/ip/rgb2dvi
WARNING: [IP_Flow 19-4830] Duplicate Interface found for 'digilentinc.com:interface:pmod:1.0'. The one found in location 'z:/DAT096/vivado-library-b0946605e3617c901635278b62d0f6a8e3942844/if/pmod_v1_0/pmod.xml' will take precedence over the same Interface in location 'z:/DAT096/vivado-library-master/if/pmod_v1_0/pmod.xml'
WARNING: [IP_Flow 19-4830] Duplicate Interface found for 'digilentinc.com:interface:tmds:1.0'. The one found in location 'z:/DAT096/vivado-library-b0946605e3617c901635278b62d0f6a8e3942844/if/tmds_v1_0/tmds.xml' will take precedence over the same Interface in location 'z:/DAT096/vivado-library-master/if/tmds_v1_0/tmds.xml'
INFO: [Project 1-5579] Found utility IPs instantiated in one or more block designs which have equivalent inline hdl with improved performance and reduced diskspace. It is recommended to migrate these utility IPs to inline hdl using the command upgrade_project -migrate_to_inline_hdl. The utility IPs may be deprecated in future releases. More information on inline hdl is available in UG994.
open_project: Time (s): cpu = 00:00:11 ; elapsed = 00:00:24 . Memory (MB): peak = 1368.609 ; gain = 274.645
update_compile_order -fileset sources_1
open_bd_design {Z:/DAT096/DAT096-krish/Embedded-System-Project-DAT096-krishna/Board_2/Board_2/Board_2.srcs/sources_1/bd/design_2/design_2.bd}
Reading block design file <Z:/DAT096/DAT096-krish/Embedded-System-Project-DAT096-krishna/Board_2/Board_2/Board_2.srcs/sources_1/bd/design_2/design_2.bd>...
Adding component instance block -- xilinx.com:ip:ila:6.2 - ila_0
INFO: [xilinx.com:ip:ila:6.2-6] /ila_0: AMD recommends using the System ILA IP in IP Integrator. The System ILA IP is functionally equivalent to an ILA and offers additional benefits in debugging interfaces both within IP Integrator and the Hardware Manager. Consult the Programming and Debug User Guide UG908 for further details.
Adding component instance block -- xilinx.com:module_ref:adc_bit_decoder:1.0 - adc_bit_decoder_0
Adding component instance block -- xilinx.com:ip:xlconstant:1.1 - xlconstant_1
Adding component instance block -- xilinx.com:ip:xlslice:1.0 - xlslice_0
Adding component instance block -- xilinx.com:ip:xlconstant:1.1 - xlconstant_3
Adding component instance block -- xilinx.com:ip:processing_system7:5.5 - processing_system7_0
Adding component instance block -- digilent.com:user:ZmodScopeController:1.2 - ZmodScopeController_0
Adding component instance block -- digilent.com:user:ZmodAWGController:1.1 - ZmodAWGController_0
Adding component instance block -- xilinx.com:ip:clk_wiz:6.0 - clk_wiz_0
Adding component instance block -- xilinx.com:module_ref:voltage_to_current:1.0 - voltage_to_current_0
Adding component instance block -- xilinx.com:module_ref:vcsel_top:1.0 - vcsel_top_0
Adding component instance block -- xilinx.com:ip:vio:3.0 - vio_0
Adding component instance block -- chalmers.se:user:AWGN_module_wrapper:1.0 - AWGN_module_wrapper_0
Adding component instance block -- xilinx.com:ip:c_addsub:12.0 - c_addsub_0
Adding component instance block -- xilinx.com:ip:xlconcat:2.1 - xlconcat_0
Adding component instance block -- xilinx.com:ip:xlconstant:1.1 - xlconstant_0
Successfully read diagram <design_2> from block design file <Z:/DAT096/DAT096-krish/Embedded-System-Project-DAT096-krishna/Board_2/Board_2/Board_2.srcs/sources_1/bd/design_2/design_2.bd>
ipx::edit_ip_in_project -upgrade true -name AWGN_module_wrapper_v1_0_project -directory Z:/DAT096/DAT096-krish/Embedded-System-Project-DAT096-krishna/Board_2/Board_2/Board_2.tmp/AWGN_module_wrapper_v1_0_project z:/DAT096/Project_team5/ip_repo/component.xml
INFO: [ProjectBase 1-489] The host OS only allows 260 characters in a normal path. The project is stored in a path with more than 80 characters. If you experience issues with IP, Block Designs, or files not being found, please consider moving the project to a location with a shorter path. Alternately consider using the OS subst command to map part of the path to a drive letter.
Current project path is 'z:/dat096/dat096-krish/embedded-system-project-dat096-krishna/board_2/board_2/board_2.tmp/awgn_module_wrapper_v1_0_project'
INFO: [IP_Flow 19-234] Refreshing IP repositories
INFO: [IP_Flow 19-1704] No user IP repositories specified
INFO: [IP_Flow 19-2313] Loaded Vivado IP repository 'C:/Progs/Xilinx/Vivado/2024.2/data/ip'.
INFO: [IP_Flow 19-234] Refreshing IP repositories
WARNING: [IP_Flow 19-2248] Failed to load user IP repository 'z:/DAT096/vivado-library-zmod-v2-2019.1-2/vivado-library-zmod-v2-2019.1-2'; Can't find the specified path.
If this directory should no longer be in your list of user repositories, go to the IP Settings dialog and remove it.
INFO: [IP_Flow 19-1700] Loaded user IP repository 'z:/DAT096/Project_team5/ip_repo'.
WARNING: [IP_Flow 19-2248] Failed to load user IP repository 'z:/embedded project/Eclypse-Z7-HW/Eclypse-Z7-HW.ipdefs/repo'; Can't find the specified path.
If this directory should no longer be in your list of user repositories, go to the IP Settings dialog and remove it.
INFO: [IP_Flow 19-1700] Loaded user IP repository 'z:/DAT096/vivado-boards-master'.
INFO: [IP_Flow 19-1700] Loaded user IP repository 'z:/DAT096/vivado-library-b0946605e3617c901635278b62d0f6a8e3942844'.
INFO: [IP_Flow 19-1700] Loaded user IP repository 'z:/DAT096/vivado-library-master'.
WARNING: [IP_Flow 19-2248] Failed to load user IP repository 'z:/eda234/vivado-library-master'; Can't find the specified path.
If this directory should no longer be in your list of user repositories, go to the IP Settings dialog and remove it.
WARNING: [IP_Flow 19-3685] Ignored loading user repository 'z:/eda234/vivado-library-master/ip'. The path is contained within another repository.
WARNING: [IP_Flow 19-1663] Duplicate IP found for 'digilentinc.com:user:axi_i2s_adi:1.2'. The one found in IP location 'z:/DAT096/vivado-library-b0946605e3617c901635278b62d0f6a8e3942844/ip/axi_i2s_adi_1.2' will take precedence over the same IP in location z:/DAT096/vivado-library-master/ip/axi_i2s_adi_1.2
WARNING: [IP_Flow 19-1663] Duplicate IP found for 'digilentinc.com:IP:axi_ps2:1.0'. The one found in IP location 'z:/DAT096/vivado-library-b0946605e3617c901635278b62d0f6a8e3942844/ip/axi_ps2_1.0' will take precedence over the same IP in location z:/DAT096/vivado-library-master/ip/axi_ps2_1.0
WARNING: [IP_Flow 19-1663] Duplicate IP found for 'digilentinc.com:ip:clock_forwarder:1.1'. The one found in IP location 'z:/DAT096/vivado-library-b0946605e3617c901635278b62d0f6a8e3942844/ip/clock_forwarder' will take precedence over the same IP in location z:/DAT096/vivado-library-master/ip/clock_forwarder
WARNING: [IP_Flow 19-1663] Duplicate IP found for 'digilentinc.com:IP:hls_contrast_stretch:1.0'. The one found in IP location 'z:/DAT096/vivado-library-b0946605e3617c901635278b62d0f6a8e3942844/ip/hls_contrast_stretch_1_0' will take precedence over the same IP in location z:/DAT096/vivado-library-master/ip/hls_contrast_stretch_1_0
WARNING: [IP_Flow 19-1663] Duplicate IP found for 'digilentinc.com:IP:hls_gamma_correction:1.0'. The one found in IP location 'z:/DAT096/vivado-library-b0946605e3617c901635278b62d0f6a8e3942844/ip/hls_gamma_correction_1_0' will take precedence over the same IP in location z:/DAT096/vivado-library-master/ip/hls_gamma_correction_1_0
WARNING: [IP_Flow 19-1663] Duplicate IP found for 'digilentinc.com:IP:hls_saturation_enhance:1.0'. The one found in IP location 'z:/DAT096/vivado-library-b0946605e3617c901635278b62d0f6a8e3942844/ip/hls_saturation_enhance_1_0' will take precedence over the same IP in location z:/DAT096/vivado-library-master/ip/hls_saturation_enhance_1_0
WARNING: [IP_Flow 19-1663] Duplicate IP found for 'digilentinc.com:ip:rgb2dpvid:1.0'. The one found in IP location 'z:/DAT096/vivado-library-b0946605e3617c901635278b62d0f6a8e3942844/ip/rgb2dpvid_v1_0' will take precedence over the same IP in location z:/DAT096/vivado-library-master/ip/rgb2dpvid_v1_0
WARNING: [IP_Flow 19-1663] Duplicate IP found for 'digilentinc.com:ip:rgb2vga:1.0'. The one found in IP location 'z:/DAT096/vivado-library-b0946605e3617c901635278b62d0f6a8e3942844/ip/rgb2vga_v1_0' will take precedence over the same IP in location z:/DAT096/vivado-library-master/ip/rgb2vga_v1_0
WARNING: [IP_Flow 19-1663] Duplicate IP found for 'digilentinc.com:ip:Sync:1.0'. The one found in IP location 'z:/DAT096/vivado-library-b0946605e3617c901635278b62d0f6a8e3942844/ip/Sync_v1_0' will take precedence over the same IP in location z:/DAT096/vivado-library-master/ip/Sync_v1_0
WARNING: [IP_Flow 19-1663] Duplicate IP found for 'digilentinc.com:ip:usb2device:1.0'. The one found in IP location 'z:/DAT096/vivado-library-b0946605e3617c901635278b62d0f6a8e3942844/ip/usb2device_v1_0' will take precedence over the same IP in location z:/DAT096/vivado-library-master/ip/usb2device_v1_0
WARNING: [IP_Flow 19-1663] Duplicate IP found for 'digilentinc.com:video:video_scaler:1.0'. The one found in IP location 'z:/DAT096/vivado-library-b0946605e3617c901635278b62d0f6a8e3942844/ip/video_scaler' will take precedence over the same IP in location z:/DAT096/vivado-library-master/ip/video_scaler
WARNING: [IP_Flow 19-1663] Duplicate IP found for 'digilentinc.com:ip:dvi2rgb:2.0'. The one found in IP location 'z:/DAT096/vivado-library-master/ip/dvi2rgb' will take precedence over the same IP in location z:/DAT096/vivado-library-b0946605e3617c901635278b62d0f6a8e3942844/ip/dvi2rgb
WARNING: [IP_Flow 19-1663] Duplicate IP found for 'digilentinc.com:IP:MotorFeedback:1.0'. The one found in IP location 'z:/DAT096/vivado-library-master/ip/MotorFeedback_1.0' will take precedence over the same IP in location z:/DAT096/vivado-library-b0946605e3617c901635278b62d0f6a8e3942844/ip/MotorFeedback_1.0
WARNING: [IP_Flow 19-1663] Duplicate IP found for 'digilentinc.com:IP:PmodACL2:1.0'. The one found in IP location 'z:/DAT096/vivado-library-master/ip/Pmods/PmodACL2_v1_0' will take precedence over the same IP in location z:/DAT096/vivado-library-b0946605e3617c901635278b62d0f6a8e3942844/ip/Pmods/PmodACL2_v1_0
WARNING: [IP_Flow 19-1663] Duplicate IP found for 'digilentinc.com:IP:PmodACL:1.0'. The one found in IP location 'z:/DAT096/vivado-library-master/ip/Pmods/PmodACL_v1_0' will take precedence over the same IP in location z:/DAT096/vivado-library-b0946605e3617c901635278b62d0f6a8e3942844/ip/Pmods/PmodACL_v1_0
WARNING: [IP_Flow 19-1663] Duplicate IP found for 'digilentinc.com:IP:PmodAD1:1.0'. The one found in IP location 'z:/DAT096/vivado-library-master/ip/Pmods/PmodAD1_v1_0' will take precedence over the same IP in location z:/DAT096/vivado-library-b0946605e3617c901635278b62d0f6a8e3942844/ip/Pmods/PmodAD1_v1_0
WARNING: [IP_Flow 19-1663] Duplicate IP found for 'digilentinc.com:IP:PmodAD2:1.0'. The one found in IP location 'z:/DAT096/vivado-library-master/ip/Pmods/PmodAD2_v1_0' will take precedence over the same IP in location z:/DAT096/vivado-library-b0946605e3617c901635278b62d0f6a8e3942844/ip/Pmods/PmodAD2_v1_0
WARNING: [IP_Flow 19-1663] Duplicate IP found for 'digilentinc.com:IP:PmodAD5:1.0'. The one found in IP location 'z:/DAT096/vivado-library-master/ip/Pmods/PmodAD5_v1_0' will take precedence over the same IP in location z:/DAT096/vivado-library-b0946605e3617c901635278b62d0f6a8e3942844/ip/Pmods/PmodAD5_v1_0
WARNING: [IP_Flow 19-1663] Duplicate IP found for 'digilentinc.com:IP:PmodALS:1.0'. The one found in IP location 'z:/DAT096/vivado-library-master/ip/Pmods/PmodALS_v1_0' will take precedence over the same IP in location z:/DAT096/vivado-library-b0946605e3617c901635278b62d0f6a8e3942844/ip/Pmods/PmodALS_v1_0
WARNING: [IP_Flow 19-1663] Duplicate IP found for 'digilentinc.com:IP:PmodAMP2:1.0'. The one found in IP location 'z:/DAT096/vivado-library-master/ip/Pmods/PmodAMP2_v1_0' will take precedence over the same IP in location z:/DAT096/vivado-library-b0946605e3617c901635278b62d0f6a8e3942844/ip/Pmods/PmodAMP2_v1_0
WARNING: [IP_Flow 19-1663] Duplicate IP found for 'digilentinc.com:IP:PmodAQS:1.0'. The one found in IP location 'z:/DAT096/vivado-library-master/ip/Pmods/PmodAQS_v1_0' will take precedence over the same IP in location z:/DAT096/vivado-library-b0946605e3617c901635278b62d0f6a8e3942844/ip/Pmods/PmodAQS_v1_0
WARNING: [IP_Flow 19-1663] Duplicate IP found for 'digilentinc.com:IP:PmodBLE:1.0'. The one found in IP location 'z:/DAT096/vivado-library-master/ip/Pmods/PmodBLE_v1_0' will take precedence over the same IP in location z:/DAT096/vivado-library-b0946605e3617c901635278b62d0f6a8e3942844/ip/Pmods/PmodBLE_v1_0
WARNING: [IP_Flow 19-1663] Duplicate IP found for 'digilentinc.com:IP:PmodBT2:1.0'. The one found in IP location 'z:/DAT096/vivado-library-master/ip/Pmods/PmodBT2_v1_0' will take precedence over the same IP in location z:/DAT096/vivado-library-b0946605e3617c901635278b62d0f6a8e3942844/ip/Pmods/PmodBT2_v1_0
WARNING: [IP_Flow 19-1663] Duplicate IP found for 'digilentinc.com:IP:PmodCAN:1.0'. The one found in IP location 'z:/DAT096/vivado-library-master/ip/Pmods/PmodCAN_v1_0' will take precedence over the same IP in location z:/DAT096/vivado-library-b0946605e3617c901635278b62d0f6a8e3942844/ip/Pmods/PmodCAN_v1_0
WARNING: [IP_Flow 19-1663] Duplicate IP found for 'digilentinc.com:IP:PmodCLS:1.0'. The one found in IP location 'z:/DAT096/vivado-library-master/ip/Pmods/PmodCLS_v1_0' will take precedence over the same IP in location z:/DAT096/vivado-library-b0946605e3617c901635278b62d0f6a8e3942844/ip/Pmods/PmodCLS_v1_0
WARNING: [IP_Flow 19-1663] Duplicate IP found for 'digilentinc.com:IP:PmodCMPS2:1.0'. The one found in IP location 'z:/DAT096/vivado-library-master/ip/Pmods/PmodCMPS2_v1_0' will take precedence over the same IP in location z:/DAT096/vivado-library-b0946605e3617c901635278b62d0f6a8e3942844/ip/Pmods/PmodCMPS2_v1_0
WARNING: [IP_Flow 19-1663] Duplicate IP found for 'digilentinc.com:IP:PmodCOLOR:1.0'. The one found in IP location 'z:/DAT096/vivado-library-master/ip/Pmods/PmodCOLOR_v1_0' will take precedence over the same IP in location z:/DAT096/vivado-library-b0946605e3617c901635278b62d0f6a8e3942844/ip/Pmods/PmodCOLOR_v1_0
WARNING: [IP_Flow 19-1663] Duplicate IP found for 'digilentinc.com:IP:PmodDA1:1.0'. The one found in IP location 'z:/DAT096/vivado-library-master/ip/Pmods/PmodDA1_v1_0' will take precedence over the same IP in location z:/DAT096/vivado-library-b0946605e3617c901635278b62d0f6a8e3942844/ip/Pmods/PmodDA1_v1_0
WARNING: [IP_Flow 19-1663] Duplicate IP found for 'digilentinc.com:IP:PmodDHB1:1.0'. The one found in IP location 'z:/DAT096/vivado-library-master/ip/Pmods/PmodDHB1_v1_0' will take precedence over the same IP in location z:/DAT096/vivado-library-b0946605e3617c901635278b62d0f6a8e3942844/ip/Pmods/PmodDHB1_v1_0
WARNING: [IP_Flow 19-1663] Duplicate IP found for 'digilentinc.com:IP:PmodDPG1:1.0'. The one found in IP location 'z:/DAT096/vivado-library-master/ip/Pmods/PmodDPG1_v1_0' will take precedence over the same IP in location z:/DAT096/vivado-library-b0946605e3617c901635278b62d0f6a8e3942844/ip/Pmods/PmodDPG1_v1_0
WARNING: [IP_Flow 19-1663] Duplicate IP found for 'digilentinc.com:IP:PmodENC:1.0'. The one found in IP location 'z:/DAT096/vivado-library-master/ip/Pmods/PmodENC_v1_0' will take precedence over the same IP in location z:/DAT096/vivado-library-b0946605e3617c901635278b62d0f6a8e3942844/ip/Pmods/PmodENC_v1_0
WARNING: [IP_Flow 19-1663] Duplicate IP found for 'digilentinc.com:user:PmodESP32:1.0'. The one found in IP location 'z:/DAT096/vivado-library-master/ip/Pmods/PmodESP32_v1_0' will take precedence over the same IP in location z:/DAT096/vivado-library-b0946605e3617c901635278b62d0f6a8e3942844/ip/Pmods/PmodESP32_v1_0
WARNING: [IP_Flow 19-1663] Duplicate IP found for 'digilentinc.com:IP:PmodGPIO:1.0'. The one found in IP location 'z:/DAT096/vivado-library-master/ip/Pmods/PmodGPIO_v1_0' will take precedence over the same IP in location z:/DAT096/vivado-library-b0946605e3617c901635278b62d0f6a8e3942844/ip/Pmods/PmodGPIO_v1_0
WARNING: [IP_Flow 19-1663] Duplicate IP found for 'digilentinc.com:IP:PmodGPS:1.1'. The one found in IP location 'z:/DAT096/vivado-library-master/ip/Pmods/PmodGPS_v1_1' will take precedence over the same IP in location z:/DAT096/vivado-library-b0946605e3617c901635278b62d0f6a8e3942844/ip/Pmods/PmodGPS_v1_1
WARNING: [IP_Flow 19-1663] Duplicate IP found for 'digilentinc.com:IP:PmodGYRO:1.0'. The one found in IP location 'z:/DAT096/vivado-library-master/ip/Pmods/PmodGYRO_v1_0' will take precedence over the same IP in location z:/DAT096/vivado-library-b0946605e3617c901635278b62d0f6a8e3942844/ip/Pmods/PmodGYRO_v1_0
WARNING: [IP_Flow 19-1663] Duplicate IP found for 'digilentinc.com:IP:PmodHYGRO:1.0'. The one found in IP location 'z:/DAT096/vivado-library-master/ip/Pmods/PmodHYGRO_v1_0' will take precedence over the same IP in location z:/DAT096/vivado-library-b0946605e3617c901635278b62d0f6a8e3942844/ip/Pmods/PmodHYGRO_v1_0
WARNING: [IP_Flow 19-1663] Duplicate IP found for 'digilentinc.com:IP:PmodJSTK2:1.0'. The one found in IP location 'z:/DAT096/vivado-library-master/ip/Pmods/PmodJSTK2_v1_0' will take precedence over the same IP in location z:/DAT096/vivado-library-b0946605e3617c901635278b62d0f6a8e3942844/ip/Pmods/PmodJSTK2_v1_0
WARNING: [IP_Flow 19-1663] Duplicate IP found for 'digilentinc.com:IP:PmodJSTK:1.0'. The one found in IP location 'z:/DAT096/vivado-library-master/ip/Pmods/PmodJSTK_v1_0' will take precedence over the same IP in location z:/DAT096/vivado-library-b0946605e3617c901635278b62d0f6a8e3942844/ip/Pmods/PmodJSTK_v1_0
WARNING: [IP_Flow 19-1663] Duplicate IP found for 'digilentinc.com:IP:PmodKYPD:1.0'. The one found in IP location 'z:/DAT096/vivado-library-master/ip/Pmods/PmodKYPD_v1_0' will take precedence over the same IP in location z:/DAT096/vivado-library-b0946605e3617c901635278b62d0f6a8e3942844/ip/Pmods/PmodKYPD_v1_0
WARNING: [IP_Flow 19-1663] Duplicate IP found for 'digilentinc.com:IP:PmodMAXSONAR:1.0'. The one found in IP location 'z:/DAT096/vivado-library-master/ip/Pmods/PmodMAXSONAR_v1_0' will take precedence over the same IP in location z:/DAT096/vivado-library-b0946605e3617c901635278b62d0f6a8e3942844/ip/Pmods/PmodMAXSONAR_v1_0
WARNING: [IP_Flow 19-1663] Duplicate IP found for 'digilentinc.com:IP:PmodMTDS:1.0'. The one found in IP location 'z:/DAT096/vivado-library-master/ip/Pmods/PmodMTDS_v1_0' will take precedence over the same IP in location z:/DAT096/vivado-library-b0946605e3617c901635278b62d0f6a8e3942844/ip/Pmods/PmodMTDS_v1_0
WARNING: [IP_Flow 19-1663] Duplicate IP found for 'digilentinc.com:IP:PmodNAV:1.0'. The one found in IP location 'z:/DAT096/vivado-library-master/ip/Pmods/PmodNAV_v1_0' will take precedence over the same IP in location z:/DAT096/vivado-library-b0946605e3617c901635278b62d0f6a8e3942844/ip/Pmods/PmodNAV_v1_0
WARNING: [IP_Flow 19-1663] Duplicate IP found for 'digilentinc.com:IP:PmodOLEDrgb:1.0'. The one found in IP location 'z:/DAT096/vivado-library-master/ip/Pmods/pmodOLEDrgb_v1_0' will take precedence over the same IP in location z:/DAT096/vivado-library-b0946605e3617c901635278b62d0f6a8e3942844/ip/Pmods/pmodOLEDrgb_v1_0
WARNING: [IP_Flow 19-1663] Duplicate IP found for 'digilentinc.com:IP:PmodOLED:1.0'. The one found in IP location 'z:/DAT096/vivado-library-master/ip/Pmods/PmodOLED_v1_0' will take precedence over the same IP in location z:/DAT096/vivado-library-b0946605e3617c901635278b62d0f6a8e3942844/ip/Pmods/PmodOLED_v1_0
WARNING: [IP_Flow 19-1663] Duplicate IP found for 'digilentinc.com:IP:PmodPIR:1.0'. The one found in IP location 'z:/DAT096/vivado-library-master/ip/Pmods/PmodPIR_v1_0' will take precedence over the same IP in location z:/DAT096/vivado-library-b0946605e3617c901635278b62d0f6a8e3942844/ip/Pmods/PmodPIR_v1_0
WARNING: [IP_Flow 19-1663] Duplicate IP found for 'digilentinc.com:IP:PmodR2R:1.0'. The one found in IP location 'z:/DAT096/vivado-library-master/ip/Pmods/PmodR2R_v1_0' will take precedence over the same IP in location z:/DAT096/vivado-library-b0946605e3617c901635278b62d0f6a8e3942844/ip/Pmods/PmodR2R_v1_0
WARNING: [IP_Flow 19-1663] Duplicate IP found for 'digilentinc.com:IP:PmodRTCC:1.0'. The one found in IP location 'z:/DAT096/vivado-library-master/ip/Pmods/PmodRTCC_v1_0' will take precedence over the same IP in location z:/DAT096/vivado-library-b0946605e3617c901635278b62d0f6a8e3942844/ip/Pmods/PmodRTCC_v1_0
WARNING: [IP_Flow 19-1663] Duplicate IP found for 'digilentinc.com:IP:PmodSD:1.0'. The one found in IP location 'z:/DAT096/vivado-library-master/ip/Pmods/PmodSD_v1_0' will take precedence over the same IP in location z:/DAT096/vivado-library-b0946605e3617c901635278b62d0f6a8e3942844/ip/Pmods/PmodSD_v1_0
WARNING: [IP_Flow 19-1663] Duplicate IP found for 'digilentinc.com:IP:PmodSF3:1.0'. The one found in IP location 'z:/DAT096/vivado-library-master/ip/Pmods/PmodSF3_v1_0' will take precedence over the same IP in location z:/DAT096/vivado-library-b0946605e3617c901635278b62d0f6a8e3942844/ip/Pmods/PmodSF3_v1_0
WARNING: [IP_Flow 19-1663] Duplicate IP found for 'digilentinc.com:IP:PmodTC1:1.0'. The one found in IP location 'z:/DAT096/vivado-library-master/ip/Pmods/PmodTC1_v1_0' will take precedence over the same IP in location z:/DAT096/vivado-library-b0946605e3617c901635278b62d0f6a8e3942844/ip/Pmods/PmodTC1_v1_0
WARNING: [IP_Flow 19-1663] Duplicate IP found for 'digilentinc.com:IP:PmodTMP3:1.0'. The one found in IP location 'z:/DAT096/vivado-library-master/ip/Pmods/PmodTMP3_v1_0' will take precedence over the same IP in location z:/DAT096/vivado-library-b0946605e3617c901635278b62d0f6a8e3942844/ip/Pmods/PmodTMP3_v1_0
WARNING: [IP_Flow 19-1663] Duplicate IP found for 'digilentinc.com:IP:PmodWIFI:1.0'. The one found in IP location 'z:/DAT096/vivado-library-master/ip/Pmods/PmodWIFI_v1_0' will take precedence over the same IP in location z:/DAT096/vivado-library-b0946605e3617c901635278b62d0f6a8e3942844/ip/Pmods/PmodWIFI_v1_0
WARNING: [IP_Flow 19-1663] Duplicate IP found for 'digilentinc.com:ip:pmod_bridge:1.0'. The one found in IP location 'z:/DAT096/vivado-library-master/ip/Pmods/Pmod_Bridge_v1_0' will take precedence over the same IP in location z:/DAT096/vivado-library-b0946605e3617c901635278b62d0f6a8e3942844/ip/Pmods/Pmod_Bridge_v1_0
WARNING: [IP_Flow 19-1663] Duplicate IP found for 'digilentinc.com:ip:pmod_bridge:1.1'. The one found in IP location 'z:/DAT096/vivado-library-master/ip/Pmods/Pmod_Bridge_v1_1' will take precedence over the same IP in location z:/DAT096/vivado-library-b0946605e3617c901635278b62d0f6a8e3942844/ip/Pmods/Pmod_Bridge_v1_1
WARNING: [IP_Flow 19-1663] Duplicate IP found for 'digilentinc.com:IP:PWM:1.0'. The one found in IP location 'z:/DAT096/vivado-library-master/ip/PWM_1.0' will take precedence over the same IP in location z:/DAT096/vivado-library-b0946605e3617c901635278b62d0f6a8e3942844/ip/PWM_1.0
WARNING: [IP_Flow 19-1663] Duplicate IP found for 'digilentinc.com:IP:PWM:2.0'. The one found in IP location 'z:/DAT096/vivado-library-master/ip/PWM_2.0' will take precedence over the same IP in location z:/DAT096/vivado-library-b0946605e3617c901635278b62d0f6a8e3942844/ip/PWM_2.0
WARNING: [IP_Flow 19-1663] Duplicate IP found for 'digilentinc.com:IP:PWM_Analyzer:1.0'. The one found in IP location 'z:/DAT096/vivado-library-master/ip/PWM_Analyzer_1.0' will take precedence over the same IP in location z:/DAT096/vivado-library-b0946605e3617c901635278b62d0f6a8e3942844/ip/PWM_Analyzer_1.0
WARNING: [IP_Flow 19-1663] Duplicate IP found for 'digilentinc.com:ip:rgb2dvi:1.4'. The one found in IP location 'z:/DAT096/vivado-library-master/ip/rgb2dvi' will take precedence over the same IP in location z:/DAT096/vivado-library-b0946605e3617c901635278b62d0f6a8e3942844/ip/rgb2dvi
WARNING: [IP_Flow 19-4830] Duplicate Interface found for 'digilentinc.com:interface:pmod:1.0'. The one found in location 'z:/DAT096/vivado-library-b0946605e3617c901635278b62d0f6a8e3942844/if/pmod_v1_0/pmod.xml' will take precedence over the same Interface in location 'z:/DAT096/vivado-library-master/if/pmod_v1_0/pmod.xml'
WARNING: [IP_Flow 19-4830] Duplicate Interface found for 'digilentinc.com:interface:tmds:1.0'. The one found in location 'z:/DAT096/vivado-library-b0946605e3617c901635278b62d0f6a8e3942844/if/tmds_v1_0/tmds.xml' will take precedence over the same Interface in location 'z:/DAT096/vivado-library-master/if/tmds_v1_0/tmds.xml'
INFO: [IP_Flow 19-795] Syncing license key meta-data
ipx::edit_ip_in_project: Time (s): cpu = 00:00:05 ; elapsed = 00:00:15 . Memory (MB): peak = 1540.812 ; gain = 0.000
update_compile_order -fileset sources_1
current_project Board_2
current_project AWGN_module_wrapper_v1_0_project
WARNING: [IP_Flow 19-4067] Ignoring invalid widget type specified checkbox.Providing a default widget
startgroup
current_project Board_2
set_property CONFIG.C_NUM_OF_PROBES {10} [get_bd_cells ila_0]
endgroup
current_project AWGN_module_wrapper_v1_0_project
WARNING: [IP_Flow 19-4067] Ignoring invalid widget type specified checkbox.Providing a default widget
startgroup
current_project Board_2
set_property -dict [list \
  CONFIG.C_PROBE8_TYPE {1} \
  CONFIG.C_PROBE9_TYPE {1} \
  CONFIG.C_PROBE9_WIDTH {25} \
] [get_bd_cells ila_0]
endgroup
current_project AWGN_module_wrapper_v1_0_project
current_project Board_2
connect_bd_net [get_bd_pins ila_0/probe9] [get_bd_pins AWGN_module_wrapper_0/awgn_im_dbg_0]
validate_bd_design
WARNING: [BD 41-2670] Found an incomplete address path from address space '/processing_system7_0/Data' to master interface '/processing_system7_0/M_AXI_GP0'. Please either complete or remove this path to resolve.
WARNING: [BD 5-699] No address segments matched 'get_bd_addr_segs -of_objects /processing_system7_0/Data'
WARNING: [BD 41-702] Propagation TCL tries to overwrite USER strength parameter C_PROBE9_WIDTH(25) on '/ila_0' with propagated value(26). Command ignored
INFO: [xilinx.com:ip:c_addsub:12.0-913] /c_addsub_0 A_Width has been set to manual on the GUI. It will not be updated during validation with a propagated value.
INFO: [xilinx.com:ip:c_addsub:12.0-913] /c_addsub_0 A_Type has been set to manual on the GUI. It will not be updated during validation with a propagated value.
INFO: [xilinx.com:ip:c_addsub:12.0-913] /c_addsub_0 B_Width has been set to manual on the GUI. It will not be updated during validation with a propagated value.
INFO: [xilinx.com:ip:c_addsub:12.0-913] /c_addsub_0 B_Type has been set to manual on the GUI. It will not be updated during validation with a propagated value.
INFO: [xilinx.com:ip:clk_wiz:6.0-1] /clk_wiz_0 clk_wiz propagate
current_project AWGN_module_wrapper_v1_0_project
current_project Board_2
save_bd_design
Wrote  : <Z:\DAT096\DAT096-krish\Embedded-System-Project-DAT096-krishna\Board_2\Board_2\Board_2.srcs\sources_1\bd\design_2\design_2.bd> 
Wrote  : <Z:/DAT096/DAT096-krish/Embedded-System-Project-DAT096-krishna/Board_2/Board_2/Board_2.srcs/sources_1/bd/design_2/ui/bd_1fdbff51.ui> 
current_project AWGN_module_wrapper_v1_0_project
current_project Board_2
reset_run synth_1
INFO: [Project 1-1161] Replacing file Z:/DAT096/DAT096-krish/Embedded-System-Project-DAT096-krishna/Board_2/Board_2/Board_2.srcs/utils_1/imports/synth_1/design_2_wrapper.dcp with file Z:/DAT096/DAT096-krish/Embedded-System-Project-DAT096-krishna/Board_2/Board_2/Board_2.runs/synth_1/design_2_wrapper.dcp
reset_run design_2_ila_0_0_synth_1
WARNING: [filemgmt 56-199] Attempt to get parsing info during refresh. "On-the-fly" syntax checking information may be incorrect. [z:\DAT096\Project_team5\ip_repo\src\top_awgn.vhd:]
WARNING: [filemgmt 56-199] Attempt to get parsing info during refresh. "On-the-fly" syntax checking information may be incorrect. [z:\DAT096\Project_team5\ip_repo\src\AWGN_module_wrapper.vhd:]
WARNING: [filemgmt 56-199] Attempt to get parsing info during refresh. "On-the-fly" syntax checking information may be incorrect. [z:\DAT096\Project_team5\ip_repo\src\AWGN_module_wrapper.vhd:]
WARNING: [filemgmt 56-199] Attempt to get parsing info during refresh. "On-the-fly" syntax checking information may be incorrect. [z:\DAT096\Project_team5\ip_repo\src\AWGN_module_wrapper.vhd:]
launch_runs impl_1 -to_step write_bitstream -jobs 28
INFO: [BD 41-1662] The design 'design_2.bd' is already validated. Therefore parameter propagation will not be re-run.
ERROR: [Common 17-180] Spawn failed: No error
CRITICAL WARNING: [BD 41-2383] Width mismatch when connecting input pin '/ila_0/probe9'(25) to pin '/AWGN_module_wrapper_0/awgn_im_dbg_0'(26) - Only lower order bits will be connected, and other input bits of this pin will be left unconnected.
VHDL Output written to : z:/DAT096/DAT096-krish/Embedded-System-Project-DAT096-krishna/Board_2/Board_2/Board_2.gen/sources_1/bd/design_2/synth/design_2.vhd
CRITICAL WARNING: [BD 41-2383] Width mismatch when connecting input pin '/ila_0/probe9'(25) to pin '/AWGN_module_wrapper_0/awgn_im_dbg_0'(26) - Only lower order bits will be connected, and other input bits of this pin will be left unconnected.
VHDL Output written to : z:/DAT096/DAT096-krish/Embedded-System-Project-DAT096-krishna/Board_2/Board_2/Board_2.gen/sources_1/bd/design_2/sim/design_2.vhd
VHDL Output written to : z:/DAT096/DAT096-krish/Embedded-System-Project-DAT096-krishna/Board_2/Board_2/Board_2.gen/sources_1/bd/design_2/hdl/design_2_wrapper.vhd
WARNING: [IP_Flow 19-4994] Overwriting existing constraint file 'z:/DAT096/DAT096-krish/Embedded-System-Project-DAT096-krishna/Board_2/Board_2/Board_2.gen/sources_1/bd/design_2/ip/design_2_ila_0_0/design_2_ila_0_0_ooc.xdc'
INFO: [BD 41-1029] Generation completed for the IP Integrator block ila_0 .
Exporting to file z:/DAT096/DAT096-krish/Embedded-System-Project-DAT096-krishna/Board_2/Board_2/Board_2.gen/sources_1/bd/design_2/hw_handoff/design_2.hwh
Generated Hardware Definition File z:/DAT096/DAT096-krish/Embedded-System-Project-DAT096-krishna/Board_2/Board_2/Board_2.gen/sources_1/bd/design_2/synth/design_2.hwdef
INFO: [IP_Flow 19-6924] IPCACHE: Running cache check for IP inst: design_2_ila_0_0
ERROR: [Vivado 12-4756] Launch of runs aborted due to earlier errors while preparing sub-designs for run execution.
current_project AWGN_module_wrapper_v1_0_project
WARNING: [filemgmt 56-199] Attempt to get parsing info during refresh. "On-the-fly" syntax checking information may be incorrect. [z:\DAT096\Project_team5\ip_repo\src\top_awgn.vhd:]
WARNING: [filemgmt 56-199] Attempt to get parsing info during refresh. "On-the-fly" syntax checking information may be incorrect. [z:\DAT096\Project_team5\ip_repo\src\AWGN_module_wrapper.vhd:]
WARNING: [filemgmt 56-199] Attempt to get parsing info during refresh. "On-the-fly" syntax checking information may be incorrect. [z:\DAT096\Project_team5\ip_repo\src\top_awgn.vhd:]
WARNING: [filemgmt 56-199] Attempt to get parsing info during refresh. "On-the-fly" syntax checking information may be incorrect. [z:\DAT096\Project_team5\ip_repo\src\top_awgn.vhd:]
ERROR: [Common 17-180] Spawn failed: No error
current_project Board_2
WARNING: [IP_Flow 19-4067] Ignoring invalid widget type specified checkbox.Providing a default widget
startgroup
set_property CONFIG.C_PROBE9_WIDTH {26} [get_bd_cells ila_0]
endgroup
current_project AWGN_module_wrapper_v1_0_project
current_project Board_2
validate_bd_design
WARNING: [BD 41-2670] Found an incomplete address path from address space '/processing_system7_0/Data' to master interface '/processing_system7_0/M_AXI_GP0'. Please either complete or remove this path to resolve.
WARNING: [BD 5-699] No address segments matched 'get_bd_addr_segs -of_objects /processing_system7_0/Data'
INFO: [xilinx.com:ip:c_addsub:12.0-913] /c_addsub_0 A_Width has been set to manual on the GUI. It will not be updated during validation with a propagated value.
INFO: [xilinx.com:ip:c_addsub:12.0-913] /c_addsub_0 A_Type has been set to manual on the GUI. It will not be updated during validation with a propagated value.
INFO: [xilinx.com:ip:c_addsub:12.0-913] /c_addsub_0 B_Width has been set to manual on the GUI. It will not be updated during validation with a propagated value.
INFO: [xilinx.com:ip:c_addsub:12.0-913] /c_addsub_0 B_Type has been set to manual on the GUI. It will not be updated during validation with a propagated value.
INFO: [xilinx.com:ip:clk_wiz:6.0-1] /clk_wiz_0 clk_wiz propagate
current_project AWGN_module_wrapper_v1_0_project
current_project Board_2
save_bd_design
Wrote  : <Z:\DAT096\DAT096-krish\Embedded-System-Project-DAT096-krishna\Board_2\Board_2\Board_2.srcs\sources_1\bd\design_2\design_2.bd> 
current_project AWGN_module_wrapper_v1_0_project
current_project Board_2
launch_runs impl_1 -to_step write_bitstream -jobs 28
INFO: [BD 41-1662] The design 'design_2.bd' is already validated. Therefore parameter propagation will not be re-run.
VHDL Output written to : z:/DAT096/DAT096-krish/Embedded-System-Project-DAT096-krishna/Board_2/Board_2/Board_2.gen/sources_1/bd/design_2/synth/design_2.vhd
VHDL Output written to : z:/DAT096/DAT096-krish/Embedded-System-Project-DAT096-krishna/Board_2/Board_2/Board_2.gen/sources_1/bd/design_2/sim/design_2.vhd
VHDL Output written to : z:/DAT096/DAT096-krish/Embedded-System-Project-DAT096-krishna/Board_2/Board_2/Board_2.gen/sources_1/bd/design_2/hdl/design_2_wrapper.vhd
WARNING: [IP_Flow 19-4994] Overwriting existing constraint file 'z:/DAT096/DAT096-krish/Embedded-System-Project-DAT096-krishna/Board_2/Board_2/Board_2.gen/sources_1/bd/design_2/ip/design_2_ila_0_0/design_2_ila_0_0_ooc.xdc'
INFO: [BD 41-1029] Generation completed for the IP Integrator block ila_0 .
Exporting to file z:/DAT096/DAT096-krish/Embedded-System-Project-DAT096-krishna/Board_2/Board_2/Board_2.gen/sources_1/bd/design_2/hw_handoff/design_2.hwh
Generated Hardware Definition File z:/DAT096/DAT096-krish/Embedded-System-Project-DAT096-krishna/Board_2/Board_2/Board_2.gen/sources_1/bd/design_2/synth/design_2.hwdef
INFO: [IP_Flow 19-6924] IPCACHE: Running cache check for IP inst: design_2_ila_0_0
ERROR: [Common 17-180] Spawn failed: No error
[Tue May 12 11:42:39 2026] Launched design_2_ila_0_0_synth_1, synth_1...
Run output will be captured here:
design_2_ila_0_0_synth_1: Z:/DAT096/DAT096-krish/Embedded-System-Project-DAT096-krishna/Board_2/Board_2/Board_2.runs/design_2_ila_0_0_synth_1/runme.log
synth_1: Z:/DAT096/DAT096-krish/Embedded-System-Project-DAT096-krishna/Board_2/Board_2/Board_2.runs/synth_1/runme.log
[Tue May 12 11:42:39 2026] Launched impl_1...
Run output will be captured here: Z:/DAT096/DAT096-krish/Embedded-System-Project-DAT096-krishna/Board_2/Board_2/Board_2.runs/impl_1/runme.log
launch_runs: Time (s): cpu = 00:00:02 ; elapsed = 00:00:10 . Memory (MB): peak = 1587.484 ; gain = 5.375
ERROR: [Common 17-39] 'launch_runs' failed due to earlier errors.
WARNING: [IP_Flow 19-474] Invalid Parameter 'Component_Name'
WARNING: [IP_Flow 19-474] Invalid Parameter 'Component_Name'
WARNING: [IP_Flow 19-474] Invalid Parameter 'Component_Name'
WARNING: [filemgmt 56-199] Attempt to get parsing info during refresh. "On-the-fly" syntax checking information may be incorrect. [z:\DAT096\Project_team5\ip_repo\src\top_awgn.vhd:]
WARNING: [filemgmt 56-199] Attempt to get parsing info during refresh. "On-the-fly" syntax checking information may be incorrect. [z:\DAT096\Project_team5\ip_repo\src\AWGN_module_wrapper.vhd:]
WARNING: [filemgmt 56-199] Attempt to get parsing info during refresh. "On-the-fly" syntax checking information may be incorrect. [z:\DAT096\Project_team5\ip_repo\src\top_awgn.vhd:]
WARNING: [filemgmt 56-199] Attempt to get parsing info during refresh. "On-the-fly" syntax checking information may be incorrect. [z:\DAT096\Project_team5\ip_repo\src\top_awgn.vhd:]
ERROR: [Common 17-180] Spawn failed: No error
WARNING: [filemgmt 56-199] Attempt to get parsing info during refresh. "On-the-fly" syntax checking information may be incorrect. [z:\DAT096\Project_team5\ip_repo\src\top_awgn.vhd:]
WARNING: [filemgmt 56-199] Attempt to get parsing info during refresh. "On-the-fly" syntax checking information may be incorrect. [z:\DAT096\Project_team5\ip_repo\src\AWGN_module_wrapper.vhd:]
WARNING: [filemgmt 56-199] Attempt to get parsing info during refresh. "On-the-fly" syntax checking information may be incorrect. [z:\DAT096\Project_team5\ip_repo\src\AWGN_module_wrapper.vhd:]
WARNING: [filemgmt 56-199] Attempt to get parsing info during refresh. "On-the-fly" syntax checking information may be incorrect. [z:\DAT096\Project_team5\ip_repo\src\AWGN_module_wrapper.vhd:]
ERROR: [Common 17-180] Spawn failed: No error
WARNING: [IP_Flow 19-474] Invalid Parameter 'Component_Name'
open_hw_manager
connect_hw_server -allow_non_jtag
INFO: [Labtools 27-2285] Connecting to hw_server url TCP:localhost:3121
INFO: [Labtools 27-3415] Connecting to cs_server url TCP:localhost:0
INFO: [Labtools 27-3417] Launching cs_server...
INFO: [Labtools 27-2221] Launch Output:


******** Xilinx cs_server v2024.2.0
  ****** Build date   : Oct 30 2024-19:19:07
    **** Build number : 2024.2.1730312347
      ** Copyright 2017-2022 Xilinx, Inc. All Rights Reserved.
      ** Copyright 2022-2026 Advanced Micro Devices, Inc. All Rights Reserved.



connect_hw_server: Time (s): cpu = 00:00:01 ; elapsed = 00:00:11 . Memory (MB): peak = 2198.176 ; gain = 19.445
open_hw_target
INFO: [Labtoolstcl 44-466] Opening hw_target localhost:3121/xilinx_tcf/Digilent/210393BB58C1A
set_property PROGRAM.FILE {Z:/DAT096/DAT096-krish/Embedded-System-Project-DAT096-krishna/Board_2/Board_2/Board_2.runs/impl_1/design_2_wrapper.bit} [get_hw_devices xc7z020_1]
set_property PROBES.FILE {Z:/DAT096/DAT096-krish/Embedded-System-Project-DAT096-krishna/Board_2/Board_2/Board_2.runs/impl_1/design_2_wrapper.ltx} [get_hw_devices xc7z020_1]
set_property FULL_PROBES.FILE {Z:/DAT096/DAT096-krish/Embedded-System-Project-DAT096-krishna/Board_2/Board_2/Board_2.runs/impl_1/design_2_wrapper.ltx} [get_hw_devices xc7z020_1]
current_hw_device [get_hw_devices xc7z020_1]
refresh_hw_device [lindex [get_hw_devices xc7z020_1] 0]
INFO: [Labtools 27-2302] Device xc7z020 (JTAG device index = 1) is programmed with a design that has 1 ILA core(s).
INFO: [Labtools 27-2302] Device xc7z020 (JTAG device index = 1) is programmed with a design that has 1 VIO core(s).
WARNING: [Labtools 27-3222] Mismatch between the design programmed into the device xc7z020 (JTAG device index = 1) and the probes file(s) Z:/DAT096/DAT096-krish/Embedded-System-Project-DAT096-krishna/Board_2/Board_2/Board_2.runs/impl_1/design_2_wrapper.ltx.
 The hw_probe  in the probes file has port index 9. This port does not exist in the ILA core at location (uuid_F2A5A0E152865171A222BF15ACEC5622).
set_property PROBES.FILE {Z:/DAT096/DAT096-krish/Embedded-System-Project-DAT096-krishna/Board_2/Board_2/Board_2.runs/impl_1/design_2_wrapper.ltx} [get_hw_devices xc7z020_1]
set_property FULL_PROBES.FILE {Z:/DAT096/DAT096-krish/Embedded-System-Project-DAT096-krishna/Board_2/Board_2/Board_2.runs/impl_1/design_2_wrapper.ltx} [get_hw_devices xc7z020_1]
set_property PROGRAM.FILE {Z:/DAT096/DAT096-krish/Embedded-System-Project-DAT096-krishna/Board_2/Board_2/Board_2.runs/impl_1/design_2_wrapper.bit} [get_hw_devices xc7z020_1]
program_hw_devices [get_hw_devices xc7z020_1]
INFO: [Labtools 27-3164] End of startup status: HIGH
refresh_hw_device [lindex [get_hw_devices xc7z020_1] 0]
INFO: [Labtools 27-2302] Device xc7z020 (JTAG device index = 1) is programmed with a design that has 1 ILA core(s).
INFO: [Labtools 27-2302] Device xc7z020 (JTAG device index = 1) is programmed with a design that has 1 VIO core(s).
display_hw_ila_data [ get_hw_ila_data hw_ila_data_1 -of_objects [get_hw_ilas -of_objects [get_hw_devices xc7z020_1] -filter {CELL_NAME=~"design_2_i/ila_0"}]]
run_hw_ila [get_hw_ilas -of_objects [get_hw_devices xc7z020_1] -filter {CELL_NAME=~"design_2_i/ila_0"}]
INFO: [Labtools 27-1964] The ILA core 'hw_ila_1' trigger was armed at 2026-May-12 11:48:19
wait_on_hw_ila [get_hw_ilas -of_objects [get_hw_devices xc7z020_1] -filter {CELL_NAME=~"design_2_i/ila_0"}]
display_hw_ila_data [upload_hw_ila_data [get_hw_ilas -of_objects [get_hw_devices xc7z020_1] -filter {CELL_NAME=~"design_2_i/ila_0"}]]
INFO: [Labtools 27-1966] The ILA core 'hw_ila_1' triggered at 2026-May-12 11:48:19
INFO: [Labtools 27-3304] ILA Waveform data saved to file Z:/DAT096/DAT096-krish/Embedded-System-Project-DAT096-krishna/Board_2/Board_2/Board_2.hw/backup/hw_ila_data_1.ila. Use Tcl command 'read_hw_ila_data' or Vivado File->Import->Import ILA Data menu item to import the previously saved data.
add_wave -into {hw_ila_data_1.wcfg} -radix hex { {design_2_i/AWGN_module_wrapper_0_awgn_im_dbg_0} }
open_bd_design {Z:/DAT096/DAT096-krish/Embedded-System-Project-DAT096-krishna/Board_2/Board_2/Board_2.srcs/sources_1/bd/design_2/design_2.bd}
WARNING: [IP_Flow 19-4067] Ignoring invalid widget type specified checkbox.Providing a default widget
startgroup
set_property CONFIG.C_NUM_OF_PROBES {11} [get_bd_cells ila_0]
endgroup
WARNING: [IP_Flow 19-4067] Ignoring invalid widget type specified checkbox.Providing a default widget
current_project AWGN_module_wrapper_v1_0_project
current_project Board_2
connect_bd_net [get_bd_pins AWGN_module_wrapper_0/valid_0] [get_bd_pins ila_0/probe10]
validate_bd_design
WARNING: [BD 41-2670] Found an incomplete address path from address space '/processing_system7_0/Data' to master interface '/processing_system7_0/M_AXI_GP0'. Please either complete or remove this path to resolve.
WARNING: [BD 5-699] No address segments matched 'get_bd_addr_segs -of_objects /processing_system7_0/Data'
INFO: [xilinx.com:ip:c_addsub:12.0-913] /c_addsub_0 A_Width has been set to manual on the GUI. It will not be updated during validation with a propagated value.
INFO: [xilinx.com:ip:c_addsub:12.0-913] /c_addsub_0 A_Type has been set to manual on the GUI. It will not be updated during validation with a propagated value.
INFO: [xilinx.com:ip:c_addsub:12.0-913] /c_addsub_0 B_Width has been set to manual on the GUI. It will not be updated during validation with a propagated value.
INFO: [xilinx.com:ip:c_addsub:12.0-913] /c_addsub_0 B_Type has been set to manual on the GUI. It will not be updated during validation with a propagated value.
INFO: [xilinx.com:ip:clk_wiz:6.0-1] /clk_wiz_0 clk_wiz propagate
current_project AWGN_module_wrapper_v1_0_project
current_project Board_2
save_bd_design
Wrote  : <Z:\DAT096\DAT096-krish\Embedded-System-Project-DAT096-krishna\Board_2\Board_2\Board_2.srcs\sources_1\bd\design_2\design_2.bd> 
Wrote  : <Z:/DAT096/DAT096-krish/Embedded-System-Project-DAT096-krishna/Board_2/Board_2/Board_2.srcs/sources_1/bd/design_2/ui/bd_1fdbff51.ui> 
current_project AWGN_module_wrapper_v1_0_project
current_project Board_2
reset_run synth_1
INFO: [Project 1-1161] Replacing file Z:/DAT096/DAT096-krish/Embedded-System-Project-DAT096-krishna/Board_2/Board_2/Board_2.srcs/utils_1/imports/synth_1/design_2_wrapper.dcp with file Z:/DAT096/DAT096-krish/Embedded-System-Project-DAT096-krishna/Board_2/Board_2/Board_2.runs/synth_1/design_2_wrapper.dcp
WARNING: [Vivado 12-1017] Problems encountered:
1. Failed to delete one or more files in run directory Z:/DAT096/DAT096-krish/Embedded-System-Project-DAT096-krishna/Board_2/Board_2/Board_2.runs/synth_1

reset_run design_2_processing_system7_0_0_synth_1
WARNING: [Vivado 12-1017] Problems encountered:
1. Failed to delete one or more files in run directory Z:/DAT096/DAT096-krish/Embedded-System-Project-DAT096-krishna/Board_2/Board_2/Board_2.runs/design_2_processing_system7_0_0_synth_1

reset_run design_2_ila_0_0_synth_1
WARNING: [Vivado 12-1017] Problems encountered:
1. Failed to delete one or more files in run directory Z:/DAT096/DAT096-krish/Embedded-System-Project-DAT096-krishna/Board_2/Board_2/Board_2.runs/design_2_ila_0_0_synth_1

launch_runs impl_1 -to_step write_bitstream -jobs 28
INFO: [BD 41-1662] The design 'design_2.bd' is already validated. Therefore parameter propagation will not be re-run.
VHDL Output written to : z:/DAT096/DAT096-krish/Embedded-System-Project-DAT096-krishna/Board_2/Board_2/Board_2.gen/sources_1/bd/design_2/synth/design_2.vhd
VHDL Output written to : z:/DAT096/DAT096-krish/Embedded-System-Project-DAT096-krishna/Board_2/Board_2/Board_2.gen/sources_1/bd/design_2/sim/design_2.vhd
VHDL Output written to : z:/DAT096/DAT096-krish/Embedded-System-Project-DAT096-krishna/Board_2/Board_2/Board_2.gen/sources_1/bd/design_2/hdl/design_2_wrapper.vhd
WARNING: [filemgmt 56-199] Attempt to get parsing info during refresh. "On-the-fly" syntax checking information may be incorrect. [z:\DAT096\Project_team5\ip_repo\src\top_awgn.vhd:]
WARNING: [filemgmt 56-199] Attempt to get parsing info during refresh. "On-the-fly" syntax checking information may be incorrect. [z:\DAT096\Project_team5\ip_repo\src\AWGN_module_wrapper.vhd:]
WARNING: [filemgmt 56-199] Attempt to get parsing info during refresh. "On-the-fly" syntax checking information may be incorrect. [z:\DAT096\Project_team5\ip_repo\src\AWGN_module_wrapper.vhd:]
WARNING: [filemgmt 56-199] Attempt to get parsing info during refresh. "On-the-fly" syntax checking information may be incorrect. [z:\DAT096\Project_team5\ip_repo\src\AWGN_module_wrapper.vhd:]
WARNING: [IP_Flow 19-4994] Overwriting existing constraint file 'z:/DAT096/DAT096-krish/Embedded-System-Project-DAT096-krishna/Board_2/Board_2/Board_2.gen/sources_1/bd/design_2/ip/design_2_ila_0_0/design_2_ila_0_0_ooc.xdc'
ERROR: [Common 17-180] Spawn failed: No error
INFO: [BD 41-1029] Generation completed for the IP Integrator block ila_0 .
INFO: [IP_Flow 19-5611] Unable to find an associated reset port for the interface 'M_AXI_GP0'. A default connection has been created.
INFO: [BD 41-1029] Generation completed for the IP Integrator block processing_system7_0 .
Exporting to file z:/DAT096/DAT096-krish/Embedded-System-Project-DAT096-krishna/Board_2/Board_2/Board_2.gen/sources_1/bd/design_2/hw_handoff/design_2.hwh
Generated Hardware Definition File z:/DAT096/DAT096-krish/Embedded-System-Project-DAT096-krishna/Board_2/Board_2/Board_2.gen/sources_1/bd/design_2/synth/design_2.hwdef
INFO: [IP_Flow 19-6924] IPCACHE: Running cache check for IP inst: design_2_ila_0_0
ERROR: [Vivado 12-4756] Launch of runs aborted due to earlier errors while preparing sub-designs for run execution.
current_project AWGN_module_wrapper_v1_0_project
WARNING: [filemgmt 56-199] Attempt to get parsing info during refresh. "On-the-fly" syntax checking information may be incorrect. [z:\DAT096\Project_team5\ip_repo\src\top_awgn.vhd:]
WARNING: [filemgmt 56-199] Attempt to get parsing info during refresh. "On-the-fly" syntax checking information may be incorrect. [z:\DAT096\Project_team5\ip_repo\src\AWGN_module_wrapper.vhd:]
WARNING: [filemgmt 56-199] Attempt to get parsing info during refresh. "On-the-fly" syntax checking information may be incorrect. [z:\DAT096\Project_team5\ip_repo\src\AWGN_module_wrapper.vhd:]
WARNING: [filemgmt 56-199] Attempt to get parsing info during refresh. "On-the-fly" syntax checking information may be incorrect. [z:\DAT096\Project_team5\ip_repo\src\AWGN_module_wrapper.vhd:]
ERROR: [Common 17-180] Spawn failed: No error
current_project Board_2
launch_runs impl_1 -to_step write_bitstream -jobs 28
INFO: [IP_Flow 19-6924] IPCACHE: Running cache check for IP inst: design_2_ila_0_0
[Tue May 12 11:49:52 2026] Launched design_2_processing_system7_0_0_synth_1, design_2_ila_0_0_synth_1, synth_1...
Run output will be captured here:
design_2_processing_system7_0_0_synth_1: Z:/DAT096/DAT096-krish/Embedded-System-Project-DAT096-krishna/Board_2/Board_2/Board_2.runs/design_2_processing_system7_0_0_synth_1/runme.log
design_2_ila_0_0_synth_1: Z:/DAT096/DAT096-krish/Embedded-System-Project-DAT096-krishna/Board_2/Board_2/Board_2.runs/design_2_ila_0_0_synth_1/runme.log
synth_1: Z:/DAT096/DAT096-krish/Embedded-System-Project-DAT096-krishna/Board_2/Board_2/Board_2.runs/synth_1/runme.log
[Tue May 12 11:49:52 2026] Launched impl_1...
Run output will be captured here: Z:/DAT096/DAT096-krish/Embedded-System-Project-DAT096-krishna/Board_2/Board_2/Board_2.runs/impl_1/runme.log
current_project AWGN_module_wrapper_v1_0_project
current_project Board_2
WARNING: [filemgmt 56-199] Attempt to get parsing info during refresh. "On-the-fly" syntax checking information may be incorrect. [z:\DAT096\Project_team5\ip_repo\src\top_awgn.vhd:]
WARNING: [filemgmt 56-199] Attempt to get parsing info during refresh. "On-the-fly" syntax checking information may be incorrect. [z:\DAT096\Project_team5\ip_repo\src\AWGN_module_wrapper.vhd:]
WARNING: [filemgmt 56-199] Attempt to get parsing info during refresh. "On-the-fly" syntax checking information may be incorrect. [z:\DAT096\Project_team5\ip_repo\src\AWGN_module_wrapper.vhd:]
WARNING: [filemgmt 56-199] Attempt to get parsing info during refresh. "On-the-fly" syntax checking information may be incorrect. [z:\DAT096\Project_team5\ip_repo\src\AWGN_module_wrapper.vhd:]
ERROR: [Common 17-180] Spawn failed: No error
WARNING: [filemgmt 56-199] Attempt to get parsing info during refresh. "On-the-fly" syntax checking information may be incorrect. [z:\DAT096\Project_team5\ip_repo\src\top_awgn.vhd:]
WARNING: [filemgmt 56-199] Attempt to get parsing info during refresh. "On-the-fly" syntax checking information may be incorrect. [z:\DAT096\Project_team5\ip_repo\src\AWGN_module_wrapper.vhd:]
WARNING: [filemgmt 56-199] Attempt to get parsing info during refresh. "On-the-fly" syntax checking information may be incorrect. [z:\DAT096\Project_team5\ip_repo\src\AWGN_module_wrapper.vhd:]
WARNING: [filemgmt 56-199] Attempt to get parsing info during refresh. "On-the-fly" syntax checking information may be incorrect. [z:\DAT096\Project_team5\ip_repo\src\AWGN_module_wrapper.vhd:]
ERROR: [Common 17-180] Spawn failed: No error
WARNING: [filemgmt 56-199] Attempt to get parsing info during refresh. "On-the-fly" syntax checking information may be incorrect. [z:\DAT096\Project_team5\ip_repo\src\top_awgn.vhd:]
WARNING: [filemgmt 56-199] Attempt to get parsing info during refresh. "On-the-fly" syntax checking information may be incorrect. [z:\DAT096\Project_team5\ip_repo\src\AWGN_module_wrapper.vhd:]
WARNING: [filemgmt 56-199] Attempt to get parsing info during refresh. "On-the-fly" syntax checking information may be incorrect. [z:\DAT096\Project_team5\ip_repo\src\AWGN_module_wrapper.vhd:]
WARNING: [filemgmt 56-199] Attempt to get parsing info during refresh. "On-the-fly" syntax checking information may be incorrect. [z:\DAT096\Project_team5\ip_repo\src\AWGN_module_wrapper.vhd:]
ERROR: [Common 17-180] Spawn failed: No error
set_property PROBES.FILE {Z:/DAT096/DAT096-krish/Embedded-System-Project-DAT096-krishna/Board_2/Board_2/Board_2.runs/impl_1/design_2_wrapper.ltx} [get_hw_devices xc7z020_1]
set_property FULL_PROBES.FILE {Z:/DAT096/DAT096-krish/Embedded-System-Project-DAT096-krishna/Board_2/Board_2/Board_2.runs/impl_1/design_2_wrapper.ltx} [get_hw_devices xc7z020_1]
set_property PROGRAM.FILE {Z:/DAT096/DAT096-krish/Embedded-System-Project-DAT096-krishna/Board_2/Board_2/Board_2.runs/impl_1/design_2_wrapper.bit} [get_hw_devices xc7z020_1]
program_hw_devices [get_hw_devices xc7z020_1]
INFO: [Labtools 27-3164] End of startup status: HIGH
refresh_hw_device [lindex [get_hw_devices xc7z020_1] 0]
INFO: [Labtools 27-2302] Device xc7z020 (JTAG device index = 1) is programmed with a design that has 1 ILA core(s).
INFO: [Labtools 27-2302] Device xc7z020 (JTAG device index = 1) is programmed with a design that has 1 VIO core(s).
add_wave -into {hw_ila_data_1.wcfg} -radix hex { {design_2_i/AWGN_module_wrapper_0_valid_0} }
run_hw_ila [get_hw_ilas -of_objects [get_hw_devices xc7z020_1] -filter {CELL_NAME=~"design_2_i/ila_0"}]
INFO: [Labtools 27-1964] The ILA core 'hw_ila_1' trigger was armed at 2026-May-12 11:55:05
wait_on_hw_ila [get_hw_ilas -of_objects [get_hw_devices xc7z020_1] -filter {CELL_NAME=~"design_2_i/ila_0"}]
display_hw_ila_data [upload_hw_ila_data [get_hw_ilas -of_objects [get_hw_devices xc7z020_1] -filter {CELL_NAME=~"design_2_i/ila_0"}]]
INFO: [Labtools 27-1966] The ILA core 'hw_ila_1' triggered at 2026-May-12 11:55:05
INFO: [Labtools 27-3304] ILA Waveform data saved to file Z:/DAT096/DAT096-krish/Embedded-System-Project-DAT096-krishna/Board_2/Board_2/Board_2.hw/backup/hw_ila_data_1.ila. Use Tcl command 'read_hw_ila_data' or Vivado File->Import->Import ILA Data menu item to import the previously saved data.
save_wave_config {Z:/DAT096/DAT096-krish/Embedded-System-Project-DAT096-krishna/Board_2/Board_2/Board_2.hw/hw_1/wave/hw_ila_data_1/hw_ila_data_1.wcfg}
close_hw_manager
open_hw_manager
connect_hw_server -allow_non_jtag
INFO: [Labtools 27-2285] Connecting to hw_server url TCP:localhost:3121
INFO: [Labtools 27-3415] Connecting to cs_server url TCP:localhost:0
INFO: [Labtools 27-3417] Launching cs_server...
INFO: [Labtools 27-2221] Launch Output:


******** Xilinx cs_server v2024.2.0
  ****** Build date   : Oct 30 2024-19:19:07
    **** Build number : 2024.2.1730312347
      ** Copyright 2017-2022 Xilinx, Inc. All Rights Reserved.
      ** Copyright 2022-2026 Advanced Micro Devices, Inc. All Rights Reserved.



connect_hw_server: Time (s): cpu = 00:00:01 ; elapsed = 00:00:11 . Memory (MB): peak = 2198.176 ; gain = 0.000
open_hw_target
INFO: [Labtoolstcl 44-466] Opening hw_target localhost:3121/xilinx_tcf/Digilent/210393BB58C1A
set_property PROGRAM.FILE {Z:/DAT096/DAT096-krish/Embedded-System-Project-DAT096-krishna/Board_2/Board_2/Board_2.runs/impl_1/design_2_wrapper.bit} [get_hw_devices xc7z020_1]
set_property PROBES.FILE {Z:/DAT096/DAT096-krish/Embedded-System-Project-DAT096-krishna/Board_2/Board_2/Board_2.runs/impl_1/design_2_wrapper.ltx} [get_hw_devices xc7z020_1]
set_property FULL_PROBES.FILE {Z:/DAT096/DAT096-krish/Embedded-System-Project-DAT096-krishna/Board_2/Board_2/Board_2.runs/impl_1/design_2_wrapper.ltx} [get_hw_devices xc7z020_1]
current_hw_device [get_hw_devices xc7z020_1]
refresh_hw_device [lindex [get_hw_devices xc7z020_1] 0]
INFO: [Labtools 27-2302] Device xc7z020 (JTAG device index = 1) is programmed with a design that has 1 ILA core(s).
INFO: [Labtools 27-2302] Device xc7z020 (JTAG device index = 1) is programmed with a design that has 1 VIO core(s).
display_hw_ila_data [ get_hw_ila_data hw_ila_data_1 -of_objects [get_hw_ilas -of_objects [get_hw_devices xc7z020_1] -filter {CELL_NAME=~"design_2_i/ila_0"}]]
set_property PROBES.FILE {Z:/DAT096/DAT096-krish/Embedded-System-Project-DAT096-krishna/Board_2/Board_2/Board_2.runs/impl_1/design_2_wrapper.ltx} [get_hw_devices xc7z020_1]
set_property FULL_PROBES.FILE {Z:/DAT096/DAT096-krish/Embedded-System-Project-DAT096-krishna/Board_2/Board_2/Board_2.runs/impl_1/design_2_wrapper.ltx} [get_hw_devices xc7z020_1]
set_property PROGRAM.FILE {Z:/DAT096/DAT096-krish/Embedded-System-Project-DAT096-krishna/Board_2/Board_2/Board_2.runs/impl_1/design_2_wrapper.bit} [get_hw_devices xc7z020_1]
program_hw_devices [get_hw_devices xc7z020_1]
INFO: [Labtools 27-3164] End of startup status: HIGH
refresh_hw_device [lindex [get_hw_devices xc7z020_1] 0]
INFO: [Labtools 27-2302] Device xc7z020 (JTAG device index = 1) is programmed with a design that has 1 ILA core(s).
INFO: [Labtools 27-2302] Device xc7z020 (JTAG device index = 1) is programmed with a design that has 1 VIO core(s).
run_hw_ila [get_hw_ilas -of_objects [get_hw_devices xc7z020_1] -filter {CELL_NAME=~"design_2_i/ila_0"}]
INFO: [Labtools 27-1964] The ILA core 'hw_ila_1' trigger was armed at 2026-May-12 11:55:37
wait_on_hw_ila [get_hw_ilas -of_objects [get_hw_devices xc7z020_1] -filter {CELL_NAME=~"design_2_i/ila_0"}]
display_hw_ila_data [upload_hw_ila_data [get_hw_ilas -of_objects [get_hw_devices xc7z020_1] -filter {CELL_NAME=~"design_2_i/ila_0"}]]
INFO: [Labtools 27-1966] The ILA core 'hw_ila_1' triggered at 2026-May-12 11:55:37
INFO: [Labtools 27-3304] ILA Waveform data saved to file Z:/DAT096/DAT096-krish/Embedded-System-Project-DAT096-krishna/Board_2/Board_2/Board_2.hw/backup/hw_ila_data_1.ila. Use Tcl command 'read_hw_ila_data' or Vivado File->Import->Import ILA Data menu item to import the previously saved data.
open_bd_design {Z:/DAT096/DAT096-krish/Embedded-System-Project-DAT096-krishna/Board_2/Board_2/Board_2.srcs/sources_1/bd/design_2/design_2.bd}
disconnect_bd_net /processing_system7_0_FCLK_RESET0_N [get_bd_pins AWGN_module_wrapper_0/reset_0]
current_project AWGN_module_wrapper_v1_0_project
startgroup
current_project Board_2
create_bd_cell -type ip -vlnv xilinx.com:ip:xlconstant:1.1 xlconstant_2
INFO: [BD 5-1043] It is recommended to use inline hdl version xilinx.com:inline_hdl:ilconstant:1.0 for the IP type xilinx.com:ip:xlconstant:1.1 for improved performance and reduced disk space. IPs with VLNV xilinx.com:ip:xlconstant:1.1 may be deprecated in future releases. More information on inline hdl IP is available in UG994 
endgroup
current_project AWGN_module_wrapper_v1_0_project
current_project Board_2
set_property location {1 327 834} [get_bd_cells xlconstant_2]
expected number but got ""
ERROR: [IP_Flow 19-3317] Tcl Error found in 'validate_PARAM_VALUE.CONST_VAL' method. expected number but got ""
set_property CONFIG.CONST_VAL {0} [get_bd_cells xlconstant_2]
connect_bd_net [get_bd_pins xlconstant_2/dout] [get_bd_pins AWGN_module_wrapper_0/reset_0]
validate_bd_design
WARNING: [BD 41-2670] Found an incomplete address path from address space '/processing_system7_0/Data' to master interface '/processing_system7_0/M_AXI_GP0'. Please either complete or remove this path to resolve.
WARNING: [BD 5-699] No address segments matched 'get_bd_addr_segs -of_objects /processing_system7_0/Data'
INFO: [xilinx.com:ip:c_addsub:12.0-913] /c_addsub_0 A_Width has been set to manual on the GUI. It will not be updated during validation with a propagated value.
INFO: [xilinx.com:ip:c_addsub:12.0-913] /c_addsub_0 A_Type has been set to manual on the GUI. It will not be updated during validation with a propagated value.
INFO: [xilinx.com:ip:c_addsub:12.0-913] /c_addsub_0 B_Width has been set to manual on the GUI. It will not be updated during validation with a propagated value.
INFO: [xilinx.com:ip:c_addsub:12.0-913] /c_addsub_0 B_Type has been set to manual on the GUI. It will not be updated during validation with a propagated value.
INFO: [xilinx.com:ip:clk_wiz:6.0-1] /clk_wiz_0 clk_wiz propagate
current_project AWGN_module_wrapper_v1_0_project
current_project Board_2
save_bd_design
Wrote  : <Z:\DAT096\DAT096-krish\Embedded-System-Project-DAT096-krishna\Board_2\Board_2\Board_2.srcs\sources_1\bd\design_2\design_2.bd> 
Wrote  : <Z:/DAT096/DAT096-krish/Embedded-System-Project-DAT096-krishna/Board_2/Board_2/Board_2.srcs/sources_1/bd/design_2/ui/bd_1fdbff51.ui> 
current_project AWGN_module_wrapper_v1_0_project
current_project Board_2
reset_run synth_1
INFO: [Project 1-1161] Replacing file Z:/DAT096/DAT096-krish/Embedded-System-Project-DAT096-krishna/Board_2/Board_2/Board_2.srcs/utils_1/imports/synth_1/design_2_wrapper.dcp with file Z:/DAT096/DAT096-krish/Embedded-System-Project-DAT096-krishna/Board_2/Board_2/Board_2.runs/synth_1/design_2_wrapper.dcp
WARNING: [Vivado 12-1017] Problems encountered:
1. Failed to delete one or more files in run directory Z:/DAT096/DAT096-krish/Embedded-System-Project-DAT096-krishna/Board_2/Board_2/Board_2.runs/synth_1

WARNING: [filemgmt 56-199] Attempt to get parsing info during refresh. "On-the-fly" syntax checking information may be incorrect. [z:\DAT096\Project_team5\ip_repo\src\top_awgn.vhd:]
WARNING: [filemgmt 56-199] Attempt to get parsing info during refresh. "On-the-fly" syntax checking information may be incorrect. [z:\DAT096\Project_team5\ip_repo\src\AWGN_module_wrapper.vhd:]
WARNING: [filemgmt 56-199] Attempt to get parsing info during refresh. "On-the-fly" syntax checking information may be incorrect. [z:\DAT096\Project_team5\ip_repo\src\AWGN_module_wrapper.vhd:]
WARNING: [filemgmt 56-199] Attempt to get parsing info during refresh. "On-the-fly" syntax checking information may be incorrect. [z:\DAT096\Project_team5\ip_repo\src\AWGN_module_wrapper.vhd:]
launch_runs impl_1 -to_step write_bitstream -jobs 28
INFO: [BD 41-1662] The design 'design_2.bd' is already validated. Therefore parameter propagation will not be re-run.
VHDL Output written to : z:/DAT096/DAT096-krish/Embedded-System-Project-DAT096-krishna/Board_2/Board_2/Board_2.gen/sources_1/bd/design_2/synth/design_2.vhd
VHDL Output written to : z:/DAT096/DAT096-krish/Embedded-System-Project-DAT096-krishna/Board_2/Board_2/Board_2.gen/sources_1/bd/design_2/sim/design_2.vhd
VHDL Output written to : z:/DAT096/DAT096-krish/Embedded-System-Project-DAT096-krishna/Board_2/Board_2/Board_2.gen/sources_1/bd/design_2/hdl/design_2_wrapper.vhd
ERROR: [Common 17-180] Spawn failed: No error
ERROR: [Common 17-39] 'rdi::create_slave' failed due to earlier errors.
CRITICAL WARNING: [IP_Flow 19-1747] Failed to deliver file 'c:/Progs/Xilinx/Vivado/2024.2/data/ip/xilinx/xlconstant_v1_1/ttcl/sysc_sim_wrapper.ttcl': 
ERROR: [IP_Flow 19-167] Failed to deliver one or more file(s).
INFO: [IP_Flow 19-3500] Reset failed 'Simulation' target for IP 'xlconstant_2'.
ERROR: [IP_Flow 19-3505] IP Generation error: Failed to generate IP 'xlconstant_2'. Failed to generate 'SystemC Simulation Wrapper' outputs: 
ERROR: [IP_Flow 19-98] Generation of the IP CORE failed.
Failed to generate IP 'xlconstant_2'. Failed to generate 'SystemC Simulation Wrapper' outputs: 
ERROR: [BD 41-1030] Generation failed for the IP Integrator block xlconstant_2 
Exporting to file z:/DAT096/DAT096-krish/Embedded-System-Project-DAT096-krishna/Board_2/Board_2/Board_2.gen/sources_1/bd/design_2/hw_handoff/design_2.hwh
Generated Hardware Definition File z:/DAT096/DAT096-krish/Embedded-System-Project-DAT096-krishna/Board_2/Board_2/Board_2.gen/sources_1/bd/design_2/synth/design_2.hwdef
ERROR: [Vivado 12-4756] Launch of runs aborted due to earlier errors while preparing sub-designs for run execution.
current_project AWGN_module_wrapper_v1_0_project
WARNING: [filemgmt 56-199] Attempt to get parsing info during refresh. "On-the-fly" syntax checking information may be incorrect. [z:\DAT096\Project_team5\ip_repo\src\top_awgn.vhd:]
WARNING: [filemgmt 56-199] Attempt to get parsing info during refresh. "On-the-fly" syntax checking information may be incorrect. [z:\DAT096\Project_team5\ip_repo\src\AWGN_module_wrapper.vhd:]
WARNING: [filemgmt 56-199] Attempt to get parsing info during refresh. "On-the-fly" syntax checking information may be incorrect. [z:\DAT096\Project_team5\ip_repo\src\AWGN_module_wrapper.vhd:]
WARNING: [filemgmt 56-199] Attempt to get parsing info during refresh. "On-the-fly" syntax checking information may be incorrect. [z:\DAT096\Project_team5\ip_repo\src\AWGN_module_wrapper.vhd:]
ERROR: [Common 17-180] Spawn failed: No error
current_project Board_2
validate_bd_design -force
WARNING: [BD 41-2670] Found an incomplete address path from address space '/processing_system7_0/Data' to master interface '/processing_system7_0/M_AXI_GP0'. Please either complete or remove this path to resolve.
WARNING: [BD 5-699] No address segments matched 'get_bd_addr_segs -of_objects /processing_system7_0/Data'
INFO: [xilinx.com:ip:c_addsub:12.0-913] /c_addsub_0 A_Width has been set to manual on the GUI. It will not be updated during validation with a propagated value.
INFO: [xilinx.com:ip:c_addsub:12.0-913] /c_addsub_0 A_Type has been set to manual on the GUI. It will not be updated during validation with a propagated value.
INFO: [xilinx.com:ip:c_addsub:12.0-913] /c_addsub_0 B_Width has been set to manual on the GUI. It will not be updated during validation with a propagated value.
INFO: [xilinx.com:ip:c_addsub:12.0-913] /c_addsub_0 B_Type has been set to manual on the GUI. It will not be updated during validation with a propagated value.
INFO: [xilinx.com:ip:clk_wiz:6.0-1] /clk_wiz_0 clk_wiz propagate
current_project AWGN_module_wrapper_v1_0_project
current_project Board_2
save_bd_design
Wrote  : <Z:\DAT096\DAT096-krish\Embedded-System-Project-DAT096-krishna\Board_2\Board_2\Board_2.srcs\sources_1\bd\design_2\design_2.bd> 
current_project AWGN_module_wrapper_v1_0_project
current_project Board_2
launch_runs impl_1 -to_step write_bitstream -jobs 28
INFO: [BD 41-1662] The design 'design_2.bd' is already validated. Therefore parameter propagation will not be re-run.
VHDL Output written to : z:/DAT096/DAT096-krish/Embedded-System-Project-DAT096-krishna/Board_2/Board_2/Board_2.gen/sources_1/bd/design_2/synth/design_2.vhd
VHDL Output written to : z:/DAT096/DAT096-krish/Embedded-System-Project-DAT096-krishna/Board_2/Board_2/Board_2.gen/sources_1/bd/design_2/sim/design_2.vhd
VHDL Output written to : z:/DAT096/DAT096-krish/Embedded-System-Project-DAT096-krishna/Board_2/Board_2/Board_2.gen/sources_1/bd/design_2/hdl/design_2_wrapper.vhd
INFO: [BD 41-1029] Generation completed for the IP Integrator block xlconstant_2 .
Exporting to file z:/DAT096/DAT096-krish/Embedded-System-Project-DAT096-krishna/Board_2/Board_2/Board_2.gen/sources_1/bd/design_2/hw_handoff/design_2.hwh
Generated Hardware Definition File z:/DAT096/DAT096-krish/Embedded-System-Project-DAT096-krishna/Board_2/Board_2/Board_2.gen/sources_1/bd/design_2/synth/design_2.hwdef
WARNING: [filemgmt 56-199] Attempt to get parsing info during refresh. "On-the-fly" syntax checking information may be incorrect. [z:\DAT096\Project_team5\ip_repo\src\top_awgn.vhd:]
WARNING: [filemgmt 56-199] Attempt to get parsing info during refresh. "On-the-fly" syntax checking information may be incorrect. [z:\DAT096\Project_team5\ip_repo\src\AWGN_module_wrapper.vhd:]
WARNING: [filemgmt 56-199] Attempt to get parsing info during refresh. "On-the-fly" syntax checking information may be incorrect. [z:\DAT096\Project_team5\ip_repo\src\AWGN_module_wrapper.vhd:]
WARNING: [filemgmt 56-199] Attempt to get parsing info during refresh. "On-the-fly" syntax checking information may be incorrect. [z:\DAT096\Project_team5\ip_repo\src\AWGN_module_wrapper.vhd:]
ERROR: [Common 17-180] Spawn failed: No error
[Tue May 12 11:58:02 2026] Launched synth_1...
Run output will be captured here: Z:/DAT096/DAT096-krish/Embedded-System-Project-DAT096-krishna/Board_2/Board_2/Board_2.runs/synth_1/runme.log
[Tue May 12 11:58:02 2026] Launched impl_1...
Run output will be captured here: Z:/DAT096/DAT096-krish/Embedded-System-Project-DAT096-krishna/Board_2/Board_2/Board_2.runs/impl_1/runme.log
launch_runs: Time (s): cpu = 00:00:01 ; elapsed = 00:00:06 . Memory (MB): peak = 2198.176 ; gain = 0.000
ERROR: [Common 17-39] 'launch_runs' failed due to earlier errors.
current_project AWGN_module_wrapper_v1_0_project
current_project Board_2
set_property PROBES.FILE {Z:/DAT096/DAT096-krish/Embedded-System-Project-DAT096-krishna/Board_2/Board_2/Board_2.runs/impl_1/design_2_wrapper.ltx} [get_hw_devices xc7z020_1]
set_property FULL_PROBES.FILE {Z:/DAT096/DAT096-krish/Embedded-System-Project-DAT096-krishna/Board_2/Board_2/Board_2.runs/impl_1/design_2_wrapper.ltx} [get_hw_devices xc7z020_1]
set_property PROGRAM.FILE {Z:/DAT096/DAT096-krish/Embedded-System-Project-DAT096-krishna/Board_2/Board_2/Board_2.runs/impl_1/design_2_wrapper.bit} [get_hw_devices xc7z020_1]
program_hw_devices [get_hw_devices xc7z020_1]
INFO: [Labtools 27-3164] End of startup status: HIGH
refresh_hw_device [lindex [get_hw_devices xc7z020_1] 0]
INFO: [Labtools 27-2302] Device xc7z020 (JTAG device index = 1) is programmed with a design that has 1 ILA core(s).
INFO: [Labtools 27-2302] Device xc7z020 (JTAG device index = 1) is programmed with a design that has 1 VIO core(s).
run_hw_ila [get_hw_ilas -of_objects [get_hw_devices xc7z020_1] -filter {CELL_NAME=~"design_2_i/ila_0"}]
INFO: [Labtools 27-1964] The ILA core 'hw_ila_1' trigger was armed at 2026-May-12 12:01:47
wait_on_hw_ila [get_hw_ilas -of_objects [get_hw_devices xc7z020_1] -filter {CELL_NAME=~"design_2_i/ila_0"}]
display_hw_ila_data [upload_hw_ila_data [get_hw_ilas -of_objects [get_hw_devices xc7z020_1] -filter {CELL_NAME=~"design_2_i/ila_0"}]]
INFO: [Labtools 27-1966] The ILA core 'hw_ila_1' triggered at 2026-May-12 12:01:47
INFO: [Labtools 27-3304] ILA Waveform data saved to file Z:/DAT096/DAT096-krish/Embedded-System-Project-DAT096-krishna/Board_2/Board_2/Board_2.hw/backup/hw_ila_data_1.ila. Use Tcl command 'read_hw_ila_data' or Vivado File->Import->Import ILA Data menu item to import the previously saved data.
save_wave_config {Z:/DAT096/DAT096-krish/Embedded-System-Project-DAT096-krishna/Board_2/Board_2/Board_2.hw/hw_1/wave/hw_ila_data_1/hw_ila_data_1.wcfg}
close_hw_manager
delete_bd_objs [get_bd_nets AWGN_module_wrapper_0_awgn_im_dbg_0]
current_project AWGN_module_wrapper_v1_0_project
current_project Board_2
open_hw_manager
connect_hw_server -allow_non_jtag
INFO: [Labtools 27-2285] Connecting to hw_server url TCP:localhost:3121
INFO: [Labtools 27-3415] Connecting to cs_server url TCP:localhost:0
INFO: [Labtools 27-3417] Launching cs_server...
INFO: [Labtools 27-2221] Launch Output:


******** Xilinx cs_server v2024.2.0
  ****** Build date   : Oct 30 2024-19:19:07
    **** Build number : 2024.2.1730312347
      ** Copyright 2017-2022 Xilinx, Inc. All Rights Reserved.
      ** Copyright 2022-2026 Advanced Micro Devices, Inc. All Rights Reserved.



connect_hw_server: Time (s): cpu = 00:00:01 ; elapsed = 00:00:11 . Memory (MB): peak = 2408.430 ; gain = 0.000
open_hw_target
INFO: [Labtoolstcl 44-466] Opening hw_target localhost:3121/xilinx_tcf/Digilent/210393BB58C1A
set_property PROGRAM.FILE {Z:/DAT096/DAT096-krish/Embedded-System-Project-DAT096-krishna/Board_2/Board_2/Board_2.runs/impl_1/design_2_wrapper.bit} [get_hw_devices xc7z020_1]
set_property PROBES.FILE {Z:/DAT096/DAT096-krish/Embedded-System-Project-DAT096-krishna/Board_2/Board_2/Board_2.runs/impl_1/design_2_wrapper.ltx} [get_hw_devices xc7z020_1]
set_property FULL_PROBES.FILE {Z:/DAT096/DAT096-krish/Embedded-System-Project-DAT096-krishna/Board_2/Board_2/Board_2.runs/impl_1/design_2_wrapper.ltx} [get_hw_devices xc7z020_1]
current_hw_device [get_hw_devices xc7z020_1]
refresh_hw_device [lindex [get_hw_devices xc7z020_1] 0]
INFO: [Labtools 27-2302] Device xc7z020 (JTAG device index = 1) is programmed with a design that has 1 ILA core(s).
INFO: [Labtools 27-2302] Device xc7z020 (JTAG device index = 1) is programmed with a design that has 1 VIO core(s).
display_hw_ila_data [ get_hw_ila_data hw_ila_data_1 -of_objects [get_hw_ilas -of_objects [get_hw_devices xc7z020_1] -filter {CELL_NAME=~"design_2_i/ila_0"}]]
set_property PROBES.FILE {Z:/DAT096/DAT096-krish/Embedded-System-Project-DAT096-krishna/Board_2/Board_2/Board_2.runs/impl_1/design_2_wrapper.ltx} [get_hw_devices xc7z020_1]
set_property FULL_PROBES.FILE {Z:/DAT096/DAT096-krish/Embedded-System-Project-DAT096-krishna/Board_2/Board_2/Board_2.runs/impl_1/design_2_wrapper.ltx} [get_hw_devices xc7z020_1]
set_property PROGRAM.FILE {Z:/DAT096/DAT096-krish/Embedded-System-Project-DAT096-krishna/Board_2/Board_2/Board_2.runs/impl_1/design_2_wrapper.bit} [get_hw_devices xc7z020_1]
program_hw_devices [get_hw_devices xc7z020_1]
INFO: [Labtools 27-3164] End of startup status: HIGH
refresh_hw_device [lindex [get_hw_devices xc7z020_1] 0]
INFO: [Labtools 27-2302] Device xc7z020 (JTAG device index = 1) is programmed with a design that has 1 ILA core(s).
INFO: [Labtools 27-2302] Device xc7z020 (JTAG device index = 1) is programmed with a design that has 1 VIO core(s).
run_hw_ila [get_hw_ilas -of_objects [get_hw_devices xc7z020_1] -filter {CELL_NAME=~"design_2_i/ila_0"}]
INFO: [Labtools 27-1964] The ILA core 'hw_ila_1' trigger was armed at 2026-May-12 12:04:40
wait_on_hw_ila [get_hw_ilas -of_objects [get_hw_devices xc7z020_1] -filter {CELL_NAME=~"design_2_i/ila_0"}]
display_hw_ila_data [upload_hw_ila_data [get_hw_ilas -of_objects [get_hw_devices xc7z020_1] -filter {CELL_NAME=~"design_2_i/ila_0"}]]
INFO: [Labtools 27-1966] The ILA core 'hw_ila_1' triggered at 2026-May-12 12:04:40
INFO: [Labtools 27-3304] ILA Waveform data saved to file Z:/DAT096/DAT096-krish/Embedded-System-Project-DAT096-krishna/Board_2/Board_2/Board_2.hw/backup/hw_ila_data_1.ila. Use Tcl command 'read_hw_ila_data' or Vivado File->Import->Import ILA Data menu item to import the previously saved data.
open_bd_design {Z:/DAT096/DAT096-krish/Embedded-System-Project-DAT096-krishna/Board_2/Board_2/Board_2.srcs/sources_1/bd/design_2/design_2.bd}
WARNING: [IP_Flow 19-4067] Ignoring invalid widget type specified checkbox.Providing a default widget
add_wave -into {hw_ila_data_1.wcfg} -radix hex { {design_2_i/xlconcat_0_dout} }
open_bd_design {Z:/DAT096/DAT096-krish/Embedded-System-Project-DAT096-krishna/Board_2/Board_2/Board_2.srcs/sources_1/bd/design_2/design_2.bd}
current_project AWGN_module_wrapper_v1_0_project
close_project
ipx::edit_ip_in_project -upgrade true -name AWGN_module_wrapper_v1_0_project -directory Z:/DAT096/DAT096-krish/Embedded-System-Project-DAT096-krishna/Board_2/Board_2/Board_2.tmp/AWGN_module_wrapper_v1_0_project z:/DAT096/Project_team5/ip_repo/component.xml
INFO: [ProjectBase 1-489] The host OS only allows 260 characters in a normal path. The project is stored in a path with more than 80 characters. If you experience issues with IP, Block Designs, or files not being found, please consider moving the project to a location with a shorter path. Alternately consider using the OS subst command to map part of the path to a drive letter.
Current project path is 'z:/dat096/dat096-krish/embedded-system-project-dat096-krishna/board_2/board_2/board_2.tmp/awgn_module_wrapper_v1_0_project'
INFO: [IP_Flow 19-234] Refreshing IP repositories
INFO: [IP_Flow 19-1704] No user IP repositories specified
INFO: [IP_Flow 19-2313] Loaded Vivado IP repository 'C:/Progs/Xilinx/Vivado/2024.2/data/ip'.
INFO: [IP_Flow 19-234] Refreshing IP repositories
WARNING: [IP_Flow 19-2248] Failed to load user IP repository 'z:/DAT096/vivado-library-zmod-v2-2019.1-2/vivado-library-zmod-v2-2019.1-2'; Can't find the specified path.
If this directory should no longer be in your list of user repositories, go to the IP Settings dialog and remove it.
INFO: [IP_Flow 19-1700] Loaded user IP repository 'z:/DAT096/Project_team5/ip_repo'.
WARNING: [IP_Flow 19-2248] Failed to load user IP repository 'z:/embedded project/Eclypse-Z7-HW/Eclypse-Z7-HW.ipdefs/repo'; Can't find the specified path.
If this directory should no longer be in your list of user repositories, go to the IP Settings dialog and remove it.
INFO: [IP_Flow 19-1700] Loaded user IP repository 'z:/DAT096/vivado-boards-master'.
INFO: [IP_Flow 19-1700] Loaded user IP repository 'z:/DAT096/vivado-library-b0946605e3617c901635278b62d0f6a8e3942844'.
INFO: [IP_Flow 19-1700] Loaded user IP repository 'z:/DAT096/vivado-library-master'.
WARNING: [IP_Flow 19-2248] Failed to load user IP repository 'z:/eda234/vivado-library-master'; Can't find the specified path.
If this directory should no longer be in your list of user repositories, go to the IP Settings dialog and remove it.
WARNING: [IP_Flow 19-3685] Ignored loading user repository 'z:/eda234/vivado-library-master/ip'. The path is contained within another repository.
WARNING: [IP_Flow 19-1663] Duplicate IP found for 'digilentinc.com:user:axi_i2s_adi:1.2'. The one found in IP location 'z:/DAT096/vivado-library-b0946605e3617c901635278b62d0f6a8e3942844/ip/axi_i2s_adi_1.2' will take precedence over the same IP in location z:/DAT096/vivado-library-master/ip/axi_i2s_adi_1.2
WARNING: [IP_Flow 19-1663] Duplicate IP found for 'digilentinc.com:IP:axi_ps2:1.0'. The one found in IP location 'z:/DAT096/vivado-library-b0946605e3617c901635278b62d0f6a8e3942844/ip/axi_ps2_1.0' will take precedence over the same IP in location z:/DAT096/vivado-library-master/ip/axi_ps2_1.0
WARNING: [IP_Flow 19-1663] Duplicate IP found for 'digilentinc.com:ip:clock_forwarder:1.1'. The one found in IP location 'z:/DAT096/vivado-library-b0946605e3617c901635278b62d0f6a8e3942844/ip/clock_forwarder' will take precedence over the same IP in location z:/DAT096/vivado-library-master/ip/clock_forwarder
WARNING: [IP_Flow 19-1663] Duplicate IP found for 'digilentinc.com:IP:hls_contrast_stretch:1.0'. The one found in IP location 'z:/DAT096/vivado-library-b0946605e3617c901635278b62d0f6a8e3942844/ip/hls_contrast_stretch_1_0' will take precedence over the same IP in location z:/DAT096/vivado-library-master/ip/hls_contrast_stretch_1_0
WARNING: [IP_Flow 19-1663] Duplicate IP found for 'digilentinc.com:IP:hls_gamma_correction:1.0'. The one found in IP location 'z:/DAT096/vivado-library-b0946605e3617c901635278b62d0f6a8e3942844/ip/hls_gamma_correction_1_0' will take precedence over the same IP in location z:/DAT096/vivado-library-master/ip/hls_gamma_correction_1_0
WARNING: [IP_Flow 19-1663] Duplicate IP found for 'digilentinc.com:IP:hls_saturation_enhance:1.0'. The one found in IP location 'z:/DAT096/vivado-library-b0946605e3617c901635278b62d0f6a8e3942844/ip/hls_saturation_enhance_1_0' will take precedence over the same IP in location z:/DAT096/vivado-library-master/ip/hls_saturation_enhance_1_0
WARNING: [IP_Flow 19-1663] Duplicate IP found for 'digilentinc.com:ip:rgb2dpvid:1.0'. The one found in IP location 'z:/DAT096/vivado-library-b0946605e3617c901635278b62d0f6a8e3942844/ip/rgb2dpvid_v1_0' will take precedence over the same IP in location z:/DAT096/vivado-library-master/ip/rgb2dpvid_v1_0
WARNING: [IP_Flow 19-1663] Duplicate IP found for 'digilentinc.com:ip:rgb2vga:1.0'. The one found in IP location 'z:/DAT096/vivado-library-b0946605e3617c901635278b62d0f6a8e3942844/ip/rgb2vga_v1_0' will take precedence over the same IP in location z:/DAT096/vivado-library-master/ip/rgb2vga_v1_0
WARNING: [IP_Flow 19-1663] Duplicate IP found for 'digilentinc.com:ip:Sync:1.0'. The one found in IP location 'z:/DAT096/vivado-library-b0946605e3617c901635278b62d0f6a8e3942844/ip/Sync_v1_0' will take precedence over the same IP in location z:/DAT096/vivado-library-master/ip/Sync_v1_0
WARNING: [IP_Flow 19-1663] Duplicate IP found for 'digilentinc.com:ip:usb2device:1.0'. The one found in IP location 'z:/DAT096/vivado-library-b0946605e3617c901635278b62d0f6a8e3942844/ip/usb2device_v1_0' will take precedence over the same IP in location z:/DAT096/vivado-library-master/ip/usb2device_v1_0
WARNING: [IP_Flow 19-1663] Duplicate IP found for 'digilentinc.com:video:video_scaler:1.0'. The one found in IP location 'z:/DAT096/vivado-library-b0946605e3617c901635278b62d0f6a8e3942844/ip/video_scaler' will take precedence over the same IP in location z:/DAT096/vivado-library-master/ip/video_scaler
WARNING: [IP_Flow 19-1663] Duplicate IP found for 'digilentinc.com:ip:dvi2rgb:2.0'. The one found in IP location 'z:/DAT096/vivado-library-master/ip/dvi2rgb' will take precedence over the same IP in location z:/DAT096/vivado-library-b0946605e3617c901635278b62d0f6a8e3942844/ip/dvi2rgb
WARNING: [IP_Flow 19-1663] Duplicate IP found for 'digilentinc.com:IP:MotorFeedback:1.0'. The one found in IP location 'z:/DAT096/vivado-library-master/ip/MotorFeedback_1.0' will take precedence over the same IP in location z:/DAT096/vivado-library-b0946605e3617c901635278b62d0f6a8e3942844/ip/MotorFeedback_1.0
WARNING: [IP_Flow 19-1663] Duplicate IP found for 'digilentinc.com:IP:PmodACL2:1.0'. The one found in IP location 'z:/DAT096/vivado-library-master/ip/Pmods/PmodACL2_v1_0' will take precedence over the same IP in location z:/DAT096/vivado-library-b0946605e3617c901635278b62d0f6a8e3942844/ip/Pmods/PmodACL2_v1_0
WARNING: [IP_Flow 19-1663] Duplicate IP found for 'digilentinc.com:IP:PmodACL:1.0'. The one found in IP location 'z:/DAT096/vivado-library-master/ip/Pmods/PmodACL_v1_0' will take precedence over the same IP in location z:/DAT096/vivado-library-b0946605e3617c901635278b62d0f6a8e3942844/ip/Pmods/PmodACL_v1_0
WARNING: [IP_Flow 19-1663] Duplicate IP found for 'digilentinc.com:IP:PmodAD1:1.0'. The one found in IP location 'z:/DAT096/vivado-library-master/ip/Pmods/PmodAD1_v1_0' will take precedence over the same IP in location z:/DAT096/vivado-library-b0946605e3617c901635278b62d0f6a8e3942844/ip/Pmods/PmodAD1_v1_0
WARNING: [IP_Flow 19-1663] Duplicate IP found for 'digilentinc.com:IP:PmodAD2:1.0'. The one found in IP location 'z:/DAT096/vivado-library-master/ip/Pmods/PmodAD2_v1_0' will take precedence over the same IP in location z:/DAT096/vivado-library-b0946605e3617c901635278b62d0f6a8e3942844/ip/Pmods/PmodAD2_v1_0
WARNING: [IP_Flow 19-1663] Duplicate IP found for 'digilentinc.com:IP:PmodAD5:1.0'. The one found in IP location 'z:/DAT096/vivado-library-master/ip/Pmods/PmodAD5_v1_0' will take precedence over the same IP in location z:/DAT096/vivado-library-b0946605e3617c901635278b62d0f6a8e3942844/ip/Pmods/PmodAD5_v1_0
WARNING: [IP_Flow 19-1663] Duplicate IP found for 'digilentinc.com:IP:PmodALS:1.0'. The one found in IP location 'z:/DAT096/vivado-library-master/ip/Pmods/PmodALS_v1_0' will take precedence over the same IP in location z:/DAT096/vivado-library-b0946605e3617c901635278b62d0f6a8e3942844/ip/Pmods/PmodALS_v1_0
WARNING: [IP_Flow 19-1663] Duplicate IP found for 'digilentinc.com:IP:PmodAMP2:1.0'. The one found in IP location 'z:/DAT096/vivado-library-master/ip/Pmods/PmodAMP2_v1_0' will take precedence over the same IP in location z:/DAT096/vivado-library-b0946605e3617c901635278b62d0f6a8e3942844/ip/Pmods/PmodAMP2_v1_0
WARNING: [IP_Flow 19-1663] Duplicate IP found for 'digilentinc.com:IP:PmodAQS:1.0'. The one found in IP location 'z:/DAT096/vivado-library-master/ip/Pmods/PmodAQS_v1_0' will take precedence over the same IP in location z:/DAT096/vivado-library-b0946605e3617c901635278b62d0f6a8e3942844/ip/Pmods/PmodAQS_v1_0
WARNING: [IP_Flow 19-1663] Duplicate IP found for 'digilentinc.com:IP:PmodBLE:1.0'. The one found in IP location 'z:/DAT096/vivado-library-master/ip/Pmods/PmodBLE_v1_0' will take precedence over the same IP in location z:/DAT096/vivado-library-b0946605e3617c901635278b62d0f6a8e3942844/ip/Pmods/PmodBLE_v1_0
WARNING: [IP_Flow 19-1663] Duplicate IP found for 'digilentinc.com:IP:PmodBT2:1.0'. The one found in IP location 'z:/DAT096/vivado-library-master/ip/Pmods/PmodBT2_v1_0' will take precedence over the same IP in location z:/DAT096/vivado-library-b0946605e3617c901635278b62d0f6a8e3942844/ip/Pmods/PmodBT2_v1_0
WARNING: [IP_Flow 19-1663] Duplicate IP found for 'digilentinc.com:IP:PmodCAN:1.0'. The one found in IP location 'z:/DAT096/vivado-library-master/ip/Pmods/PmodCAN_v1_0' will take precedence over the same IP in location z:/DAT096/vivado-library-b0946605e3617c901635278b62d0f6a8e3942844/ip/Pmods/PmodCAN_v1_0
WARNING: [IP_Flow 19-1663] Duplicate IP found for 'digilentinc.com:IP:PmodCLS:1.0'. The one found in IP location 'z:/DAT096/vivado-library-master/ip/Pmods/PmodCLS_v1_0' will take precedence over the same IP in location z:/DAT096/vivado-library-b0946605e3617c901635278b62d0f6a8e3942844/ip/Pmods/PmodCLS_v1_0
WARNING: [IP_Flow 19-1663] Duplicate IP found for 'digilentinc.com:IP:PmodCMPS2:1.0'. The one found in IP location 'z:/DAT096/vivado-library-master/ip/Pmods/PmodCMPS2_v1_0' will take precedence over the same IP in location z:/DAT096/vivado-library-b0946605e3617c901635278b62d0f6a8e3942844/ip/Pmods/PmodCMPS2_v1_0
WARNING: [IP_Flow 19-1663] Duplicate IP found for 'digilentinc.com:IP:PmodCOLOR:1.0'. The one found in IP location 'z:/DAT096/vivado-library-master/ip/Pmods/PmodCOLOR_v1_0' will take precedence over the same IP in location z:/DAT096/vivado-library-b0946605e3617c901635278b62d0f6a8e3942844/ip/Pmods/PmodCOLOR_v1_0
WARNING: [IP_Flow 19-1663] Duplicate IP found for 'digilentinc.com:IP:PmodDA1:1.0'. The one found in IP location 'z:/DAT096/vivado-library-master/ip/Pmods/PmodDA1_v1_0' will take precedence over the same IP in location z:/DAT096/vivado-library-b0946605e3617c901635278b62d0f6a8e3942844/ip/Pmods/PmodDA1_v1_0
WARNING: [IP_Flow 19-1663] Duplicate IP found for 'digilentinc.com:IP:PmodDHB1:1.0'. The one found in IP location 'z:/DAT096/vivado-library-master/ip/Pmods/PmodDHB1_v1_0' will take precedence over the same IP in location z:/DAT096/vivado-library-b0946605e3617c901635278b62d0f6a8e3942844/ip/Pmods/PmodDHB1_v1_0
WARNING: [IP_Flow 19-1663] Duplicate IP found for 'digilentinc.com:IP:PmodDPG1:1.0'. The one found in IP location 'z:/DAT096/vivado-library-master/ip/Pmods/PmodDPG1_v1_0' will take precedence over the same IP in location z:/DAT096/vivado-library-b0946605e3617c901635278b62d0f6a8e3942844/ip/Pmods/PmodDPG1_v1_0
WARNING: [IP_Flow 19-1663] Duplicate IP found for 'digilentinc.com:IP:PmodENC:1.0'. The one found in IP location 'z:/DAT096/vivado-library-master/ip/Pmods/PmodENC_v1_0' will take precedence over the same IP in location z:/DAT096/vivado-library-b0946605e3617c901635278b62d0f6a8e3942844/ip/Pmods/PmodENC_v1_0
WARNING: [IP_Flow 19-1663] Duplicate IP found for 'digilentinc.com:user:PmodESP32:1.0'. The one found in IP location 'z:/DAT096/vivado-library-master/ip/Pmods/PmodESP32_v1_0' will take precedence over the same IP in location z:/DAT096/vivado-library-b0946605e3617c901635278b62d0f6a8e3942844/ip/Pmods/PmodESP32_v1_0
WARNING: [IP_Flow 19-1663] Duplicate IP found for 'digilentinc.com:IP:PmodGPIO:1.0'. The one found in IP location 'z:/DAT096/vivado-library-master/ip/Pmods/PmodGPIO_v1_0' will take precedence over the same IP in location z:/DAT096/vivado-library-b0946605e3617c901635278b62d0f6a8e3942844/ip/Pmods/PmodGPIO_v1_0
WARNING: [IP_Flow 19-1663] Duplicate IP found for 'digilentinc.com:IP:PmodGPS:1.1'. The one found in IP location 'z:/DAT096/vivado-library-master/ip/Pmods/PmodGPS_v1_1' will take precedence over the same IP in location z:/DAT096/vivado-library-b0946605e3617c901635278b62d0f6a8e3942844/ip/Pmods/PmodGPS_v1_1
WARNING: [IP_Flow 19-1663] Duplicate IP found for 'digilentinc.com:IP:PmodGYRO:1.0'. The one found in IP location 'z:/DAT096/vivado-library-master/ip/Pmods/PmodGYRO_v1_0' will take precedence over the same IP in location z:/DAT096/vivado-library-b0946605e3617c901635278b62d0f6a8e3942844/ip/Pmods/PmodGYRO_v1_0
WARNING: [IP_Flow 19-1663] Duplicate IP found for 'digilentinc.com:IP:PmodHYGRO:1.0'. The one found in IP location 'z:/DAT096/vivado-library-master/ip/Pmods/PmodHYGRO_v1_0' will take precedence over the same IP in location z:/DAT096/vivado-library-b0946605e3617c901635278b62d0f6a8e3942844/ip/Pmods/PmodHYGRO_v1_0
WARNING: [IP_Flow 19-1663] Duplicate IP found for 'digilentinc.com:IP:PmodJSTK2:1.0'. The one found in IP location 'z:/DAT096/vivado-library-master/ip/Pmods/PmodJSTK2_v1_0' will take precedence over the same IP in location z:/DAT096/vivado-library-b0946605e3617c901635278b62d0f6a8e3942844/ip/Pmods/PmodJSTK2_v1_0
WARNING: [IP_Flow 19-1663] Duplicate IP found for 'digilentinc.com:IP:PmodJSTK:1.0'. The one found in IP location 'z:/DAT096/vivado-library-master/ip/Pmods/PmodJSTK_v1_0' will take precedence over the same IP in location z:/DAT096/vivado-library-b0946605e3617c901635278b62d0f6a8e3942844/ip/Pmods/PmodJSTK_v1_0
WARNING: [IP_Flow 19-1663] Duplicate IP found for 'digilentinc.com:IP:PmodKYPD:1.0'. The one found in IP location 'z:/DAT096/vivado-library-master/ip/Pmods/PmodKYPD_v1_0' will take precedence over the same IP in location z:/DAT096/vivado-library-b0946605e3617c901635278b62d0f6a8e3942844/ip/Pmods/PmodKYPD_v1_0
WARNING: [IP_Flow 19-1663] Duplicate IP found for 'digilentinc.com:IP:PmodMAXSONAR:1.0'. The one found in IP location 'z:/DAT096/vivado-library-master/ip/Pmods/PmodMAXSONAR_v1_0' will take precedence over the same IP in location z:/DAT096/vivado-library-b0946605e3617c901635278b62d0f6a8e3942844/ip/Pmods/PmodMAXSONAR_v1_0
WARNING: [IP_Flow 19-1663] Duplicate IP found for 'digilentinc.com:IP:PmodMTDS:1.0'. The one found in IP location 'z:/DAT096/vivado-library-master/ip/Pmods/PmodMTDS_v1_0' will take precedence over the same IP in location z:/DAT096/vivado-library-b0946605e3617c901635278b62d0f6a8e3942844/ip/Pmods/PmodMTDS_v1_0
WARNING: [IP_Flow 19-1663] Duplicate IP found for 'digilentinc.com:IP:PmodNAV:1.0'. The one found in IP location 'z:/DAT096/vivado-library-master/ip/Pmods/PmodNAV_v1_0' will take precedence over the same IP in location z:/DAT096/vivado-library-b0946605e3617c901635278b62d0f6a8e3942844/ip/Pmods/PmodNAV_v1_0
WARNING: [IP_Flow 19-1663] Duplicate IP found for 'digilentinc.com:IP:PmodOLEDrgb:1.0'. The one found in IP location 'z:/DAT096/vivado-library-master/ip/Pmods/pmodOLEDrgb_v1_0' will take precedence over the same IP in location z:/DAT096/vivado-library-b0946605e3617c901635278b62d0f6a8e3942844/ip/Pmods/pmodOLEDrgb_v1_0
WARNING: [IP_Flow 19-1663] Duplicate IP found for 'digilentinc.com:IP:PmodOLED:1.0'. The one found in IP location 'z:/DAT096/vivado-library-master/ip/Pmods/PmodOLED_v1_0' will take precedence over the same IP in location z:/DAT096/vivado-library-b0946605e3617c901635278b62d0f6a8e3942844/ip/Pmods/PmodOLED_v1_0
WARNING: [IP_Flow 19-1663] Duplicate IP found for 'digilentinc.com:IP:PmodPIR:1.0'. The one found in IP location 'z:/DAT096/vivado-library-master/ip/Pmods/PmodPIR_v1_0' will take precedence over the same IP in location z:/DAT096/vivado-library-b0946605e3617c901635278b62d0f6a8e3942844/ip/Pmods/PmodPIR_v1_0
WARNING: [IP_Flow 19-1663] Duplicate IP found for 'digilentinc.com:IP:PmodR2R:1.0'. The one found in IP location 'z:/DAT096/vivado-library-master/ip/Pmods/PmodR2R_v1_0' will take precedence over the same IP in location z:/DAT096/vivado-library-b0946605e3617c901635278b62d0f6a8e3942844/ip/Pmods/PmodR2R_v1_0
WARNING: [IP_Flow 19-1663] Duplicate IP found for 'digilentinc.com:IP:PmodRTCC:1.0'. The one found in IP location 'z:/DAT096/vivado-library-master/ip/Pmods/PmodRTCC_v1_0' will take precedence over the same IP in location z:/DAT096/vivado-library-b0946605e3617c901635278b62d0f6a8e3942844/ip/Pmods/PmodRTCC_v1_0
WARNING: [IP_Flow 19-1663] Duplicate IP found for 'digilentinc.com:IP:PmodSD:1.0'. The one found in IP location 'z:/DAT096/vivado-library-master/ip/Pmods/PmodSD_v1_0' will take precedence over the same IP in location z:/DAT096/vivado-library-b0946605e3617c901635278b62d0f6a8e3942844/ip/Pmods/PmodSD_v1_0
WARNING: [IP_Flow 19-1663] Duplicate IP found for 'digilentinc.com:IP:PmodSF3:1.0'. The one found in IP location 'z:/DAT096/vivado-library-master/ip/Pmods/PmodSF3_v1_0' will take precedence over the same IP in location z:/DAT096/vivado-library-b0946605e3617c901635278b62d0f6a8e3942844/ip/Pmods/PmodSF3_v1_0
WARNING: [IP_Flow 19-1663] Duplicate IP found for 'digilentinc.com:IP:PmodTC1:1.0'. The one found in IP location 'z:/DAT096/vivado-library-master/ip/Pmods/PmodTC1_v1_0' will take precedence over the same IP in location z:/DAT096/vivado-library-b0946605e3617c901635278b62d0f6a8e3942844/ip/Pmods/PmodTC1_v1_0
WARNING: [IP_Flow 19-1663] Duplicate IP found for 'digilentinc.com:IP:PmodTMP3:1.0'. The one found in IP location 'z:/DAT096/vivado-library-master/ip/Pmods/PmodTMP3_v1_0' will take precedence over the same IP in location z:/DAT096/vivado-library-b0946605e3617c901635278b62d0f6a8e3942844/ip/Pmods/PmodTMP3_v1_0
WARNING: [IP_Flow 19-1663] Duplicate IP found for 'digilentinc.com:IP:PmodWIFI:1.0'. The one found in IP location 'z:/DAT096/vivado-library-master/ip/Pmods/PmodWIFI_v1_0' will take precedence over the same IP in location z:/DAT096/vivado-library-b0946605e3617c901635278b62d0f6a8e3942844/ip/Pmods/PmodWIFI_v1_0
WARNING: [IP_Flow 19-1663] Duplicate IP found for 'digilentinc.com:ip:pmod_bridge:1.0'. The one found in IP location 'z:/DAT096/vivado-library-master/ip/Pmods/Pmod_Bridge_v1_0' will take precedence over the same IP in location z:/DAT096/vivado-library-b0946605e3617c901635278b62d0f6a8e3942844/ip/Pmods/Pmod_Bridge_v1_0
WARNING: [IP_Flow 19-1663] Duplicate IP found for 'digilentinc.com:ip:pmod_bridge:1.1'. The one found in IP location 'z:/DAT096/vivado-library-master/ip/Pmods/Pmod_Bridge_v1_1' will take precedence over the same IP in location z:/DAT096/vivado-library-b0946605e3617c901635278b62d0f6a8e3942844/ip/Pmods/Pmod_Bridge_v1_1
WARNING: [IP_Flow 19-1663] Duplicate IP found for 'digilentinc.com:IP:PWM:1.0'. The one found in IP location 'z:/DAT096/vivado-library-master/ip/PWM_1.0' will take precedence over the same IP in location z:/DAT096/vivado-library-b0946605e3617c901635278b62d0f6a8e3942844/ip/PWM_1.0
WARNING: [IP_Flow 19-1663] Duplicate IP found for 'digilentinc.com:IP:PWM:2.0'. The one found in IP location 'z:/DAT096/vivado-library-master/ip/PWM_2.0' will take precedence over the same IP in location z:/DAT096/vivado-library-b0946605e3617c901635278b62d0f6a8e3942844/ip/PWM_2.0
WARNING: [IP_Flow 19-1663] Duplicate IP found for 'digilentinc.com:IP:PWM_Analyzer:1.0'. The one found in IP location 'z:/DAT096/vivado-library-master/ip/PWM_Analyzer_1.0' will take precedence over the same IP in location z:/DAT096/vivado-library-b0946605e3617c901635278b62d0f6a8e3942844/ip/PWM_Analyzer_1.0
WARNING: [IP_Flow 19-1663] Duplicate IP found for 'digilentinc.com:ip:rgb2dvi:1.4'. The one found in IP location 'z:/DAT096/vivado-library-master/ip/rgb2dvi' will take precedence over the same IP in location z:/DAT096/vivado-library-b0946605e3617c901635278b62d0f6a8e3942844/ip/rgb2dvi
WARNING: [IP_Flow 19-4830] Duplicate Interface found for 'digilentinc.com:interface:pmod:1.0'. The one found in location 'z:/DAT096/vivado-library-b0946605e3617c901635278b62d0f6a8e3942844/if/pmod_v1_0/pmod.xml' will take precedence over the same Interface in location 'z:/DAT096/vivado-library-master/if/pmod_v1_0/pmod.xml'
WARNING: [IP_Flow 19-4830] Duplicate Interface found for 'digilentinc.com:interface:tmds:1.0'. The one found in location 'z:/DAT096/vivado-library-b0946605e3617c901635278b62d0f6a8e3942844/if/tmds_v1_0/tmds.xml' will take precedence over the same Interface in location 'z:/DAT096/vivado-library-master/if/tmds_v1_0/tmds.xml'
INFO: [IP_Flow 19-795] Syncing license key meta-data
ipx::edit_ip_in_project: Time (s): cpu = 00:00:05 ; elapsed = 00:00:15 . Memory (MB): peak = 3350.262 ; gain = 0.000
update_compile_order -fileset sources_1
WARNING: [filemgmt 56-199] Attempt to get parsing info during refresh. "On-the-fly" syntax checking information may be incorrect. [z:\DAT096\Project_team5\ip_repo\src\AWGN_module_top_awgn_0_0.vhd:]
WARNING: [filemgmt 56-199] Attempt to get parsing info during refresh. "On-the-fly" syntax checking information may be incorrect. [z:\DAT096\Project_team5\ip_repo\src\top_awgn.vhd:]
WARNING: [filemgmt 56-199] Attempt to get parsing info during refresh. "On-the-fly" syntax checking information may be incorrect. [z:\DAT096\Project_team5\ip_repo\src\top_awgn.vhd:]
WARNING: [filemgmt 56-199] Attempt to get parsing info during refresh. "On-the-fly" syntax checking information may be incorrect. [z:\DAT096\Project_team5\ip_repo\src\top_awgn.vhd:]
ERROR: [Common 17-180] Spawn failed: No error
set_property core_revision 12 [ipx::current_core]
ipx::update_source_project_archive -component [ipx::current_core]
ipx::update_checksums [ipx::current_core]
ipx::check_integrity [ipx::current_core]
INFO: [IP_Flow 19-2181] Payment is not required for this core.
WARNING: [IP_Flow 19-2187] The Product Guide file is missing.
INFO: [Ipptcl 7-1486] check_integrity: Integrity check passed.
ipx::save_core [ipx::current_core]
ipx::move_temp_component_back -component [ipx::current_core]
close_project -delete
update_ip_catalog -rebuild -repo_path z:/DAT096/Project_team5/ip_repo
INFO: [IP_Flow 19-725] Reloaded user IP repository 'z:/DAT096/Project_team5/ip_repo'
WARNING: [IP_Flow 19-1663] Duplicate IP found for 'digilentinc.com:user:axi_i2s_adi:1.2'. The one found in IP location 'z:/DAT096/vivado-library-b0946605e3617c901635278b62d0f6a8e3942844/ip/axi_i2s_adi_1.2' will take precedence over the same IP in location z:/DAT096/vivado-library-master/ip/axi_i2s_adi_1.2
WARNING: [IP_Flow 19-1663] Duplicate IP found for 'digilentinc.com:IP:axi_ps2:1.0'. The one found in IP location 'z:/DAT096/vivado-library-b0946605e3617c901635278b62d0f6a8e3942844/ip/axi_ps2_1.0' will take precedence over the same IP in location z:/DAT096/vivado-library-master/ip/axi_ps2_1.0
WARNING: [IP_Flow 19-1663] Duplicate IP found for 'digilentinc.com:ip:clock_forwarder:1.1'. The one found in IP location 'z:/DAT096/vivado-library-b0946605e3617c901635278b62d0f6a8e3942844/ip/clock_forwarder' will take precedence over the same IP in location z:/DAT096/vivado-library-master/ip/clock_forwarder
WARNING: [IP_Flow 19-1663] Duplicate IP found for 'digilentinc.com:IP:hls_contrast_stretch:1.0'. The one found in IP location 'z:/DAT096/vivado-library-b0946605e3617c901635278b62d0f6a8e3942844/ip/hls_contrast_stretch_1_0' will take precedence over the same IP in location z:/DAT096/vivado-library-master/ip/hls_contrast_stretch_1_0
WARNING: [IP_Flow 19-1663] Duplicate IP found for 'digilentinc.com:IP:hls_gamma_correction:1.0'. The one found in IP location 'z:/DAT096/vivado-library-b0946605e3617c901635278b62d0f6a8e3942844/ip/hls_gamma_correction_1_0' will take precedence over the same IP in location z:/DAT096/vivado-library-master/ip/hls_gamma_correction_1_0
WARNING: [IP_Flow 19-1663] Duplicate IP found for 'digilentinc.com:IP:hls_saturation_enhance:1.0'. The one found in IP location 'z:/DAT096/vivado-library-b0946605e3617c901635278b62d0f6a8e3942844/ip/hls_saturation_enhance_1_0' will take precedence over the same IP in location z:/DAT096/vivado-library-master/ip/hls_saturation_enhance_1_0
WARNING: [IP_Flow 19-1663] Duplicate IP found for 'digilentinc.com:ip:rgb2dpvid:1.0'. The one found in IP location 'z:/DAT096/vivado-library-b0946605e3617c901635278b62d0f6a8e3942844/ip/rgb2dpvid_v1_0' will take precedence over the same IP in location z:/DAT096/vivado-library-master/ip/rgb2dpvid_v1_0
WARNING: [IP_Flow 19-1663] Duplicate IP found for 'digilentinc.com:ip:rgb2vga:1.0'. The one found in IP location 'z:/DAT096/vivado-library-b0946605e3617c901635278b62d0f6a8e3942844/ip/rgb2vga_v1_0' will take precedence over the same IP in location z:/DAT096/vivado-library-master/ip/rgb2vga_v1_0
WARNING: [IP_Flow 19-1663] Duplicate IP found for 'digilentinc.com:ip:Sync:1.0'. The one found in IP location 'z:/DAT096/vivado-library-b0946605e3617c901635278b62d0f6a8e3942844/ip/Sync_v1_0' will take precedence over the same IP in location z:/DAT096/vivado-library-master/ip/Sync_v1_0
WARNING: [IP_Flow 19-1663] Duplicate IP found for 'digilentinc.com:ip:usb2device:1.0'. The one found in IP location 'z:/DAT096/vivado-library-b0946605e3617c901635278b62d0f6a8e3942844/ip/usb2device_v1_0' will take precedence over the same IP in location z:/DAT096/vivado-library-master/ip/usb2device_v1_0
WARNING: [IP_Flow 19-1663] Duplicate IP found for 'digilentinc.com:video:video_scaler:1.0'. The one found in IP location 'z:/DAT096/vivado-library-b0946605e3617c901635278b62d0f6a8e3942844/ip/video_scaler' will take precedence over the same IP in location z:/DAT096/vivado-library-master/ip/video_scaler
WARNING: [IP_Flow 19-1663] Duplicate IP found for 'digilentinc.com:ip:dvi2rgb:2.0'. The one found in IP location 'z:/DAT096/vivado-library-master/ip/dvi2rgb' will take precedence over the same IP in location z:/DAT096/vivado-library-b0946605e3617c901635278b62d0f6a8e3942844/ip/dvi2rgb
WARNING: [IP_Flow 19-1663] Duplicate IP found for 'digilentinc.com:IP:MotorFeedback:1.0'. The one found in IP location 'z:/DAT096/vivado-library-master/ip/MotorFeedback_1.0' will take precedence over the same IP in location z:/DAT096/vivado-library-b0946605e3617c901635278b62d0f6a8e3942844/ip/MotorFeedback_1.0
WARNING: [IP_Flow 19-1663] Duplicate IP found for 'digilentinc.com:IP:PmodACL2:1.0'. The one found in IP location 'z:/DAT096/vivado-library-master/ip/Pmods/PmodACL2_v1_0' will take precedence over the same IP in location z:/DAT096/vivado-library-b0946605e3617c901635278b62d0f6a8e3942844/ip/Pmods/PmodACL2_v1_0
WARNING: [IP_Flow 19-1663] Duplicate IP found for 'digilentinc.com:IP:PmodACL:1.0'. The one found in IP location 'z:/DAT096/vivado-library-master/ip/Pmods/PmodACL_v1_0' will take precedence over the same IP in location z:/DAT096/vivado-library-b0946605e3617c901635278b62d0f6a8e3942844/ip/Pmods/PmodACL_v1_0
WARNING: [IP_Flow 19-1663] Duplicate IP found for 'digilentinc.com:IP:PmodAD1:1.0'. The one found in IP location 'z:/DAT096/vivado-library-master/ip/Pmods/PmodAD1_v1_0' will take precedence over the same IP in location z:/DAT096/vivado-library-b0946605e3617c901635278b62d0f6a8e3942844/ip/Pmods/PmodAD1_v1_0
WARNING: [IP_Flow 19-1663] Duplicate IP found for 'digilentinc.com:IP:PmodAD2:1.0'. The one found in IP location 'z:/DAT096/vivado-library-master/ip/Pmods/PmodAD2_v1_0' will take precedence over the same IP in location z:/DAT096/vivado-library-b0946605e3617c901635278b62d0f6a8e3942844/ip/Pmods/PmodAD2_v1_0
WARNING: [IP_Flow 19-1663] Duplicate IP found for 'digilentinc.com:IP:PmodAD5:1.0'. The one found in IP location 'z:/DAT096/vivado-library-master/ip/Pmods/PmodAD5_v1_0' will take precedence over the same IP in location z:/DAT096/vivado-library-b0946605e3617c901635278b62d0f6a8e3942844/ip/Pmods/PmodAD5_v1_0
WARNING: [IP_Flow 19-1663] Duplicate IP found for 'digilentinc.com:IP:PmodALS:1.0'. The one found in IP location 'z:/DAT096/vivado-library-master/ip/Pmods/PmodALS_v1_0' will take precedence over the same IP in location z:/DAT096/vivado-library-b0946605e3617c901635278b62d0f6a8e3942844/ip/Pmods/PmodALS_v1_0
WARNING: [IP_Flow 19-1663] Duplicate IP found for 'digilentinc.com:IP:PmodAMP2:1.0'. The one found in IP location 'z:/DAT096/vivado-library-master/ip/Pmods/PmodAMP2_v1_0' will take precedence over the same IP in location z:/DAT096/vivado-library-b0946605e3617c901635278b62d0f6a8e3942844/ip/Pmods/PmodAMP2_v1_0
WARNING: [IP_Flow 19-1663] Duplicate IP found for 'digilentinc.com:IP:PmodAQS:1.0'. The one found in IP location 'z:/DAT096/vivado-library-master/ip/Pmods/PmodAQS_v1_0' will take precedence over the same IP in location z:/DAT096/vivado-library-b0946605e3617c901635278b62d0f6a8e3942844/ip/Pmods/PmodAQS_v1_0
WARNING: [IP_Flow 19-1663] Duplicate IP found for 'digilentinc.com:IP:PmodBLE:1.0'. The one found in IP location 'z:/DAT096/vivado-library-master/ip/Pmods/PmodBLE_v1_0' will take precedence over the same IP in location z:/DAT096/vivado-library-b0946605e3617c901635278b62d0f6a8e3942844/ip/Pmods/PmodBLE_v1_0
WARNING: [IP_Flow 19-1663] Duplicate IP found for 'digilentinc.com:IP:PmodBT2:1.0'. The one found in IP location 'z:/DAT096/vivado-library-master/ip/Pmods/PmodBT2_v1_0' will take precedence over the same IP in location z:/DAT096/vivado-library-b0946605e3617c901635278b62d0f6a8e3942844/ip/Pmods/PmodBT2_v1_0
WARNING: [IP_Flow 19-1663] Duplicate IP found for 'digilentinc.com:IP:PmodCAN:1.0'. The one found in IP location 'z:/DAT096/vivado-library-master/ip/Pmods/PmodCAN_v1_0' will take precedence over the same IP in location z:/DAT096/vivado-library-b0946605e3617c901635278b62d0f6a8e3942844/ip/Pmods/PmodCAN_v1_0
WARNING: [IP_Flow 19-1663] Duplicate IP found for 'digilentinc.com:IP:PmodCLS:1.0'. The one found in IP location 'z:/DAT096/vivado-library-master/ip/Pmods/PmodCLS_v1_0' will take precedence over the same IP in location z:/DAT096/vivado-library-b0946605e3617c901635278b62d0f6a8e3942844/ip/Pmods/PmodCLS_v1_0
WARNING: [IP_Flow 19-1663] Duplicate IP found for 'digilentinc.com:IP:PmodCMPS2:1.0'. The one found in IP location 'z:/DAT096/vivado-library-master/ip/Pmods/PmodCMPS2_v1_0' will take precedence over the same IP in location z:/DAT096/vivado-library-b0946605e3617c901635278b62d0f6a8e3942844/ip/Pmods/PmodCMPS2_v1_0
WARNING: [IP_Flow 19-1663] Duplicate IP found for 'digilentinc.com:IP:PmodCOLOR:1.0'. The one found in IP location 'z:/DAT096/vivado-library-master/ip/Pmods/PmodCOLOR_v1_0' will take precedence over the same IP in location z:/DAT096/vivado-library-b0946605e3617c901635278b62d0f6a8e3942844/ip/Pmods/PmodCOLOR_v1_0
WARNING: [IP_Flow 19-1663] Duplicate IP found for 'digilentinc.com:IP:PmodDA1:1.0'. The one found in IP location 'z:/DAT096/vivado-library-master/ip/Pmods/PmodDA1_v1_0' will take precedence over the same IP in location z:/DAT096/vivado-library-b0946605e3617c901635278b62d0f6a8e3942844/ip/Pmods/PmodDA1_v1_0
WARNING: [IP_Flow 19-1663] Duplicate IP found for 'digilentinc.com:IP:PmodDHB1:1.0'. The one found in IP location 'z:/DAT096/vivado-library-master/ip/Pmods/PmodDHB1_v1_0' will take precedence over the same IP in location z:/DAT096/vivado-library-b0946605e3617c901635278b62d0f6a8e3942844/ip/Pmods/PmodDHB1_v1_0
WARNING: [IP_Flow 19-1663] Duplicate IP found for 'digilentinc.com:IP:PmodDPG1:1.0'. The one found in IP location 'z:/DAT096/vivado-library-master/ip/Pmods/PmodDPG1_v1_0' will take precedence over the same IP in location z:/DAT096/vivado-library-b0946605e3617c901635278b62d0f6a8e3942844/ip/Pmods/PmodDPG1_v1_0
WARNING: [IP_Flow 19-1663] Duplicate IP found for 'digilentinc.com:IP:PmodENC:1.0'. The one found in IP location 'z:/DAT096/vivado-library-master/ip/Pmods/PmodENC_v1_0' will take precedence over the same IP in location z:/DAT096/vivado-library-b0946605e3617c901635278b62d0f6a8e3942844/ip/Pmods/PmodENC_v1_0
WARNING: [IP_Flow 19-1663] Duplicate IP found for 'digilentinc.com:user:PmodESP32:1.0'. The one found in IP location 'z:/DAT096/vivado-library-master/ip/Pmods/PmodESP32_v1_0' will take precedence over the same IP in location z:/DAT096/vivado-library-b0946605e3617c901635278b62d0f6a8e3942844/ip/Pmods/PmodESP32_v1_0
WARNING: [IP_Flow 19-1663] Duplicate IP found for 'digilentinc.com:IP:PmodGPIO:1.0'. The one found in IP location 'z:/DAT096/vivado-library-master/ip/Pmods/PmodGPIO_v1_0' will take precedence over the same IP in location z:/DAT096/vivado-library-b0946605e3617c901635278b62d0f6a8e3942844/ip/Pmods/PmodGPIO_v1_0
WARNING: [IP_Flow 19-1663] Duplicate IP found for 'digilentinc.com:IP:PmodGPS:1.1'. The one found in IP location 'z:/DAT096/vivado-library-master/ip/Pmods/PmodGPS_v1_1' will take precedence over the same IP in location z:/DAT096/vivado-library-b0946605e3617c901635278b62d0f6a8e3942844/ip/Pmods/PmodGPS_v1_1
WARNING: [IP_Flow 19-1663] Duplicate IP found for 'digilentinc.com:IP:PmodGYRO:1.0'. The one found in IP location 'z:/DAT096/vivado-library-master/ip/Pmods/PmodGYRO_v1_0' will take precedence over the same IP in location z:/DAT096/vivado-library-b0946605e3617c901635278b62d0f6a8e3942844/ip/Pmods/PmodGYRO_v1_0
WARNING: [IP_Flow 19-1663] Duplicate IP found for 'digilentinc.com:IP:PmodHYGRO:1.0'. The one found in IP location 'z:/DAT096/vivado-library-master/ip/Pmods/PmodHYGRO_v1_0' will take precedence over the same IP in location z:/DAT096/vivado-library-b0946605e3617c901635278b62d0f6a8e3942844/ip/Pmods/PmodHYGRO_v1_0
WARNING: [IP_Flow 19-1663] Duplicate IP found for 'digilentinc.com:IP:PmodJSTK2:1.0'. The one found in IP location 'z:/DAT096/vivado-library-master/ip/Pmods/PmodJSTK2_v1_0' will take precedence over the same IP in location z:/DAT096/vivado-library-b0946605e3617c901635278b62d0f6a8e3942844/ip/Pmods/PmodJSTK2_v1_0
WARNING: [IP_Flow 19-1663] Duplicate IP found for 'digilentinc.com:IP:PmodJSTK:1.0'. The one found in IP location 'z:/DAT096/vivado-library-master/ip/Pmods/PmodJSTK_v1_0' will take precedence over the same IP in location z:/DAT096/vivado-library-b0946605e3617c901635278b62d0f6a8e3942844/ip/Pmods/PmodJSTK_v1_0
WARNING: [IP_Flow 19-1663] Duplicate IP found for 'digilentinc.com:IP:PmodKYPD:1.0'. The one found in IP location 'z:/DAT096/vivado-library-master/ip/Pmods/PmodKYPD_v1_0' will take precedence over the same IP in location z:/DAT096/vivado-library-b0946605e3617c901635278b62d0f6a8e3942844/ip/Pmods/PmodKYPD_v1_0
WARNING: [IP_Flow 19-1663] Duplicate IP found for 'digilentinc.com:IP:PmodMAXSONAR:1.0'. The one found in IP location 'z:/DAT096/vivado-library-master/ip/Pmods/PmodMAXSONAR_v1_0' will take precedence over the same IP in location z:/DAT096/vivado-library-b0946605e3617c901635278b62d0f6a8e3942844/ip/Pmods/PmodMAXSONAR_v1_0
WARNING: [IP_Flow 19-1663] Duplicate IP found for 'digilentinc.com:IP:PmodMTDS:1.0'. The one found in IP location 'z:/DAT096/vivado-library-master/ip/Pmods/PmodMTDS_v1_0' will take precedence over the same IP in location z:/DAT096/vivado-library-b0946605e3617c901635278b62d0f6a8e3942844/ip/Pmods/PmodMTDS_v1_0
WARNING: [IP_Flow 19-1663] Duplicate IP found for 'digilentinc.com:IP:PmodNAV:1.0'. The one found in IP location 'z:/DAT096/vivado-library-master/ip/Pmods/PmodNAV_v1_0' will take precedence over the same IP in location z:/DAT096/vivado-library-b0946605e3617c901635278b62d0f6a8e3942844/ip/Pmods/PmodNAV_v1_0
WARNING: [IP_Flow 19-1663] Duplicate IP found for 'digilentinc.com:IP:PmodOLEDrgb:1.0'. The one found in IP location 'z:/DAT096/vivado-library-master/ip/Pmods/pmodOLEDrgb_v1_0' will take precedence over the same IP in location z:/DAT096/vivado-library-b0946605e3617c901635278b62d0f6a8e3942844/ip/Pmods/pmodOLEDrgb_v1_0
WARNING: [IP_Flow 19-1663] Duplicate IP found for 'digilentinc.com:IP:PmodOLED:1.0'. The one found in IP location 'z:/DAT096/vivado-library-master/ip/Pmods/PmodOLED_v1_0' will take precedence over the same IP in location z:/DAT096/vivado-library-b0946605e3617c901635278b62d0f6a8e3942844/ip/Pmods/PmodOLED_v1_0
WARNING: [IP_Flow 19-1663] Duplicate IP found for 'digilentinc.com:IP:PmodPIR:1.0'. The one found in IP location 'z:/DAT096/vivado-library-master/ip/Pmods/PmodPIR_v1_0' will take precedence over the same IP in location z:/DAT096/vivado-library-b0946605e3617c901635278b62d0f6a8e3942844/ip/Pmods/PmodPIR_v1_0
WARNING: [IP_Flow 19-1663] Duplicate IP found for 'digilentinc.com:IP:PmodR2R:1.0'. The one found in IP location 'z:/DAT096/vivado-library-master/ip/Pmods/PmodR2R_v1_0' will take precedence over the same IP in location z:/DAT096/vivado-library-b0946605e3617c901635278b62d0f6a8e3942844/ip/Pmods/PmodR2R_v1_0
WARNING: [IP_Flow 19-1663] Duplicate IP found for 'digilentinc.com:IP:PmodRTCC:1.0'. The one found in IP location 'z:/DAT096/vivado-library-master/ip/Pmods/PmodRTCC_v1_0' will take precedence over the same IP in location z:/DAT096/vivado-library-b0946605e3617c901635278b62d0f6a8e3942844/ip/Pmods/PmodRTCC_v1_0
WARNING: [IP_Flow 19-1663] Duplicate IP found for 'digilentinc.com:IP:PmodSD:1.0'. The one found in IP location 'z:/DAT096/vivado-library-master/ip/Pmods/PmodSD_v1_0' will take precedence over the same IP in location z:/DAT096/vivado-library-b0946605e3617c901635278b62d0f6a8e3942844/ip/Pmods/PmodSD_v1_0
WARNING: [IP_Flow 19-1663] Duplicate IP found for 'digilentinc.com:IP:PmodSF3:1.0'. The one found in IP location 'z:/DAT096/vivado-library-master/ip/Pmods/PmodSF3_v1_0' will take precedence over the same IP in location z:/DAT096/vivado-library-b0946605e3617c901635278b62d0f6a8e3942844/ip/Pmods/PmodSF3_v1_0
WARNING: [IP_Flow 19-1663] Duplicate IP found for 'digilentinc.com:IP:PmodTC1:1.0'. The one found in IP location 'z:/DAT096/vivado-library-master/ip/Pmods/PmodTC1_v1_0' will take precedence over the same IP in location z:/DAT096/vivado-library-b0946605e3617c901635278b62d0f6a8e3942844/ip/Pmods/PmodTC1_v1_0
WARNING: [IP_Flow 19-1663] Duplicate IP found for 'digilentinc.com:IP:PmodTMP3:1.0'. The one found in IP location 'z:/DAT096/vivado-library-master/ip/Pmods/PmodTMP3_v1_0' will take precedence over the same IP in location z:/DAT096/vivado-library-b0946605e3617c901635278b62d0f6a8e3942844/ip/Pmods/PmodTMP3_v1_0
WARNING: [IP_Flow 19-1663] Duplicate IP found for 'digilentinc.com:IP:PmodWIFI:1.0'. The one found in IP location 'z:/DAT096/vivado-library-master/ip/Pmods/PmodWIFI_v1_0' will take precedence over the same IP in location z:/DAT096/vivado-library-b0946605e3617c901635278b62d0f6a8e3942844/ip/Pmods/PmodWIFI_v1_0
WARNING: [IP_Flow 19-1663] Duplicate IP found for 'digilentinc.com:ip:pmod_bridge:1.0'. The one found in IP location 'z:/DAT096/vivado-library-master/ip/Pmods/Pmod_Bridge_v1_0' will take precedence over the same IP in location z:/DAT096/vivado-library-b0946605e3617c901635278b62d0f6a8e3942844/ip/Pmods/Pmod_Bridge_v1_0
WARNING: [IP_Flow 19-1663] Duplicate IP found for 'digilentinc.com:ip:pmod_bridge:1.1'. The one found in IP location 'z:/DAT096/vivado-library-master/ip/Pmods/Pmod_Bridge_v1_1' will take precedence over the same IP in location z:/DAT096/vivado-library-b0946605e3617c901635278b62d0f6a8e3942844/ip/Pmods/Pmod_Bridge_v1_1
WARNING: [IP_Flow 19-1663] Duplicate IP found for 'digilentinc.com:IP:PWM:1.0'. The one found in IP location 'z:/DAT096/vivado-library-master/ip/PWM_1.0' will take precedence over the same IP in location z:/DAT096/vivado-library-b0946605e3617c901635278b62d0f6a8e3942844/ip/PWM_1.0
WARNING: [IP_Flow 19-1663] Duplicate IP found for 'digilentinc.com:IP:PWM:2.0'. The one found in IP location 'z:/DAT096/vivado-library-master/ip/PWM_2.0' will take precedence over the same IP in location z:/DAT096/vivado-library-b0946605e3617c901635278b62d0f6a8e3942844/ip/PWM_2.0
WARNING: [IP_Flow 19-1663] Duplicate IP found for 'digilentinc.com:IP:PWM_Analyzer:1.0'. The one found in IP location 'z:/DAT096/vivado-library-master/ip/PWM_Analyzer_1.0' will take precedence over the same IP in location z:/DAT096/vivado-library-b0946605e3617c901635278b62d0f6a8e3942844/ip/PWM_Analyzer_1.0
WARNING: [IP_Flow 19-1663] Duplicate IP found for 'digilentinc.com:ip:rgb2dvi:1.4'. The one found in IP location 'z:/DAT096/vivado-library-master/ip/rgb2dvi' will take precedence over the same IP in location z:/DAT096/vivado-library-b0946605e3617c901635278b62d0f6a8e3942844/ip/rgb2dvi
WARNING: [IP_Flow 19-4830] Duplicate Interface found for 'digilentinc.com:interface:pmod:1.0'. The one found in location 'z:/DAT096/vivado-library-b0946605e3617c901635278b62d0f6a8e3942844/if/pmod_v1_0/pmod.xml' will take precedence over the same Interface in location 'z:/DAT096/vivado-library-master/if/pmod_v1_0/pmod.xml'
WARNING: [IP_Flow 19-4830] Duplicate Interface found for 'digilentinc.com:interface:tmds:1.0'. The one found in location 'z:/DAT096/vivado-library-b0946605e3617c901635278b62d0f6a8e3942844/if/tmds_v1_0/tmds.xml' will take precedence over the same Interface in location 'z:/DAT096/vivado-library-master/if/tmds_v1_0/tmds.xml'
report_ip_status -name ip_status 
upgrade_ip -vlnv chalmers.se:user:AWGN_module_wrapper:1.0 [get_ips  design_2_AWGN_module_wrapper_0_0] -log ip_upgrade.log
Upgrading 'Z:/DAT096/DAT096-krish/Embedded-System-Project-DAT096-krishna/Board_2/Board_2/Board_2.srcs/sources_1/bd/design_2/design_2.bd'
WARNING: [Vivado 12-1017] Problems encountered:
1. Failed to delete one or more files in run directory Z:/DAT096/DAT096-krish/Embedded-System-Project-DAT096-krishna/Board_2/Board_2/Board_2.runs/design_2_AWGN_module_wrapper_0_0_synth_1

INFO: [IP_Flow 19-3422] Upgraded design_2_AWGN_module_wrapper_0_0 (AWGN_module_wrapper_v1_0 1.0) from revision 11 to revision 12
Wrote  : <Z:\DAT096\DAT096-krish\Embedded-System-Project-DAT096-krishna\Board_2\Board_2\Board_2.srcs\sources_1\bd\design_2\design_2.bd> 
Wrote  : <Z:/DAT096/DAT096-krish/Embedded-System-Project-DAT096-krishna/Board_2/Board_2/Board_2.srcs/sources_1/bd/design_2/ui/bd_1fdbff51.ui> 
INFO: [Coretcl 2-1525] Wrote upgrade log to 'Z:/DAT096/DAT096-krish/Embedded-System-Project-DAT096-krishna/Board_2/Board_2/ip_upgrade.log'.
export_ip_user_files -of_objects [get_ips design_2_AWGN_module_wrapper_0_0] -no_script -sync -force -quiet
generate_target all [get_files  Z:/DAT096/DAT096-krish/Embedded-System-Project-DAT096-krishna/Board_2/Board_2/Board_2.srcs/sources_1/bd/design_2/design_2.bd]
WARNING: [BD 41-2670] Found an incomplete address path from address space '/processing_system7_0/Data' to master interface '/processing_system7_0/M_AXI_GP0'. Please either complete or remove this path to resolve.
WARNING: [BD 5-699] No address segments matched 'get_bd_addr_segs -of_objects /processing_system7_0/Data'
ERROR: [Common 17-161] Invalid option value '' specified for 'object'.
ERROR: [BD 41-1273] Error running propagate TCL procedure: ERROR: [Common 17-161] Invalid option value '' specified for 'object'.
    ::xilinx.com_ip_ila_6.2::propagate Line 95
INFO: [xilinx.com:ip:c_addsub:12.0-913] /c_addsub_0 A_Width has been set to manual on the GUI. It will not be updated during validation with a propagated value.
INFO: [xilinx.com:ip:c_addsub:12.0-913] /c_addsub_0 A_Type has been set to manual on the GUI. It will not be updated during validation with a propagated value.
INFO: [xilinx.com:ip:c_addsub:12.0-913] /c_addsub_0 B_Width has been set to manual on the GUI. It will not be updated during validation with a propagated value.
INFO: [xilinx.com:ip:c_addsub:12.0-913] /c_addsub_0 B_Type has been set to manual on the GUI. It will not be updated during validation with a propagated value.
INFO: [xilinx.com:ip:clk_wiz:6.0-1] /clk_wiz_0 clk_wiz propagate
Wrote  : <Z:\DAT096\DAT096-krish\Embedded-System-Project-DAT096-krishna\Board_2\Board_2\Board_2.srcs\sources_1\bd\design_2\design_2.bd> 
VHDL Output written to : z:/DAT096/DAT096-krish/Embedded-System-Project-DAT096-krishna/Board_2/Board_2/Board_2.gen/sources_1/bd/design_2/synth/design_2.vhd
VHDL Output written to : z:/DAT096/DAT096-krish/Embedded-System-Project-DAT096-krishna/Board_2/Board_2/Board_2.gen/sources_1/bd/design_2/sim/design_2.vhd
VHDL Output written to : z:/DAT096/DAT096-krish/Embedded-System-Project-DAT096-krishna/Board_2/Board_2/Board_2.gen/sources_1/bd/design_2/hdl/design_2_wrapper.vhd
INFO: [BD 41-1029] Generation completed for the IP Integrator block AWGN_module_wrapper_0 .
Exporting to file z:/DAT096/DAT096-krish/Embedded-System-Project-DAT096-krishna/Board_2/Board_2/Board_2.gen/sources_1/bd/design_2/hw_handoff/design_2.hwh
Generated Hardware Definition File z:/DAT096/DAT096-krish/Embedded-System-Project-DAT096-krishna/Board_2/Board_2/Board_2.gen/sources_1/bd/design_2/synth/design_2.hwdef
ERROR: [Common 17-39] 'generate_target' failed due to earlier errors.
report_ip_status -name ip_status 
ipx::edit_ip_in_project -upgrade true -name AWGN_module_wrapper_v1_0_project -directory Z:/DAT096/DAT096-krish/Embedded-System-Project-DAT096-krishna/Board_2/Board_2/Board_2.tmp/AWGN_module_wrapper_v1_0_project z:/DAT096/Project_team5/ip_repo/component.xml
INFO: [ProjectBase 1-489] The host OS only allows 260 characters in a normal path. The project is stored in a path with more than 80 characters. If you experience issues with IP, Block Designs, or files not being found, please consider moving the project to a location with a shorter path. Alternately consider using the OS subst command to map part of the path to a drive letter.
Current project path is 'z:/dat096/dat096-krish/embedded-system-project-dat096-krishna/board_2/board_2/board_2.tmp/awgn_module_wrapper_v1_0_project'
INFO: [IP_Flow 19-234] Refreshing IP repositories
INFO: [IP_Flow 19-1704] No user IP repositories specified
INFO: [IP_Flow 19-2313] Loaded Vivado IP repository 'C:/Progs/Xilinx/Vivado/2024.2/data/ip'.
INFO: [IP_Flow 19-234] Refreshing IP repositories
WARNING: [IP_Flow 19-2248] Failed to load user IP repository 'z:/DAT096/vivado-library-zmod-v2-2019.1-2/vivado-library-zmod-v2-2019.1-2'; Can't find the specified path.
If this directory should no longer be in your list of user repositories, go to the IP Settings dialog and remove it.
INFO: [IP_Flow 19-1700] Loaded user IP repository 'z:/DAT096/Project_team5/ip_repo'.
WARNING: [IP_Flow 19-2248] Failed to load user IP repository 'z:/embedded project/Eclypse-Z7-HW/Eclypse-Z7-HW.ipdefs/repo'; Can't find the specified path.
If this directory should no longer be in your list of user repositories, go to the IP Settings dialog and remove it.
INFO: [IP_Flow 19-1700] Loaded user IP repository 'z:/DAT096/vivado-boards-master'.
INFO: [IP_Flow 19-1700] Loaded user IP repository 'z:/DAT096/vivado-library-b0946605e3617c901635278b62d0f6a8e3942844'.
INFO: [IP_Flow 19-1700] Loaded user IP repository 'z:/DAT096/vivado-library-master'.
WARNING: [IP_Flow 19-2248] Failed to load user IP repository 'z:/eda234/vivado-library-master'; Can't find the specified path.
If this directory should no longer be in your list of user repositories, go to the IP Settings dialog and remove it.
WARNING: [IP_Flow 19-3685] Ignored loading user repository 'z:/eda234/vivado-library-master/ip'. The path is contained within another repository.
WARNING: [IP_Flow 19-1663] Duplicate IP found for 'digilentinc.com:user:axi_i2s_adi:1.2'. The one found in IP location 'z:/DAT096/vivado-library-b0946605e3617c901635278b62d0f6a8e3942844/ip/axi_i2s_adi_1.2' will take precedence over the same IP in location z:/DAT096/vivado-library-master/ip/axi_i2s_adi_1.2
WARNING: [IP_Flow 19-1663] Duplicate IP found for 'digilentinc.com:IP:axi_ps2:1.0'. The one found in IP location 'z:/DAT096/vivado-library-b0946605e3617c901635278b62d0f6a8e3942844/ip/axi_ps2_1.0' will take precedence over the same IP in location z:/DAT096/vivado-library-master/ip/axi_ps2_1.0
WARNING: [IP_Flow 19-1663] Duplicate IP found for 'digilentinc.com:ip:clock_forwarder:1.1'. The one found in IP location 'z:/DAT096/vivado-library-b0946605e3617c901635278b62d0f6a8e3942844/ip/clock_forwarder' will take precedence over the same IP in location z:/DAT096/vivado-library-master/ip/clock_forwarder
WARNING: [IP_Flow 19-1663] Duplicate IP found for 'digilentinc.com:IP:hls_contrast_stretch:1.0'. The one found in IP location 'z:/DAT096/vivado-library-b0946605e3617c901635278b62d0f6a8e3942844/ip/hls_contrast_stretch_1_0' will take precedence over the same IP in location z:/DAT096/vivado-library-master/ip/hls_contrast_stretch_1_0
WARNING: [IP_Flow 19-1663] Duplicate IP found for 'digilentinc.com:IP:hls_gamma_correction:1.0'. The one found in IP location 'z:/DAT096/vivado-library-b0946605e3617c901635278b62d0f6a8e3942844/ip/hls_gamma_correction_1_0' will take precedence over the same IP in location z:/DAT096/vivado-library-master/ip/hls_gamma_correction_1_0
WARNING: [IP_Flow 19-1663] Duplicate IP found for 'digilentinc.com:IP:hls_saturation_enhance:1.0'. The one found in IP location 'z:/DAT096/vivado-library-b0946605e3617c901635278b62d0f6a8e3942844/ip/hls_saturation_enhance_1_0' will take precedence over the same IP in location z:/DAT096/vivado-library-master/ip/hls_saturation_enhance_1_0
WARNING: [IP_Flow 19-1663] Duplicate IP found for 'digilentinc.com:ip:rgb2dpvid:1.0'. The one found in IP location 'z:/DAT096/vivado-library-b0946605e3617c901635278b62d0f6a8e3942844/ip/rgb2dpvid_v1_0' will take precedence over the same IP in location z:/DAT096/vivado-library-master/ip/rgb2dpvid_v1_0
WARNING: [IP_Flow 19-1663] Duplicate IP found for 'digilentinc.com:ip:rgb2vga:1.0'. The one found in IP location 'z:/DAT096/vivado-library-b0946605e3617c901635278b62d0f6a8e3942844/ip/rgb2vga_v1_0' will take precedence over the same IP in location z:/DAT096/vivado-library-master/ip/rgb2vga_v1_0
WARNING: [IP_Flow 19-1663] Duplicate IP found for 'digilentinc.com:ip:Sync:1.0'. The one found in IP location 'z:/DAT096/vivado-library-b0946605e3617c901635278b62d0f6a8e3942844/ip/Sync_v1_0' will take precedence over the same IP in location z:/DAT096/vivado-library-master/ip/Sync_v1_0
WARNING: [IP_Flow 19-1663] Duplicate IP found for 'digilentinc.com:ip:usb2device:1.0'. The one found in IP location 'z:/DAT096/vivado-library-b0946605e3617c901635278b62d0f6a8e3942844/ip/usb2device_v1_0' will take precedence over the same IP in location z:/DAT096/vivado-library-master/ip/usb2device_v1_0
WARNING: [IP_Flow 19-1663] Duplicate IP found for 'digilentinc.com:video:video_scaler:1.0'. The one found in IP location 'z:/DAT096/vivado-library-b0946605e3617c901635278b62d0f6a8e3942844/ip/video_scaler' will take precedence over the same IP in location z:/DAT096/vivado-library-master/ip/video_scaler
WARNING: [IP_Flow 19-1663] Duplicate IP found for 'digilentinc.com:ip:dvi2rgb:2.0'. The one found in IP location 'z:/DAT096/vivado-library-master/ip/dvi2rgb' will take precedence over the same IP in location z:/DAT096/vivado-library-b0946605e3617c901635278b62d0f6a8e3942844/ip/dvi2rgb
WARNING: [IP_Flow 19-1663] Duplicate IP found for 'digilentinc.com:IP:MotorFeedback:1.0'. The one found in IP location 'z:/DAT096/vivado-library-master/ip/MotorFeedback_1.0' will take precedence over the same IP in location z:/DAT096/vivado-library-b0946605e3617c901635278b62d0f6a8e3942844/ip/MotorFeedback_1.0
WARNING: [IP_Flow 19-1663] Duplicate IP found for 'digilentinc.com:IP:PmodACL2:1.0'. The one found in IP location 'z:/DAT096/vivado-library-master/ip/Pmods/PmodACL2_v1_0' will take precedence over the same IP in location z:/DAT096/vivado-library-b0946605e3617c901635278b62d0f6a8e3942844/ip/Pmods/PmodACL2_v1_0
WARNING: [IP_Flow 19-1663] Duplicate IP found for 'digilentinc.com:IP:PmodACL:1.0'. The one found in IP location 'z:/DAT096/vivado-library-master/ip/Pmods/PmodACL_v1_0' will take precedence over the same IP in location z:/DAT096/vivado-library-b0946605e3617c901635278b62d0f6a8e3942844/ip/Pmods/PmodACL_v1_0
WARNING: [IP_Flow 19-1663] Duplicate IP found for 'digilentinc.com:IP:PmodAD1:1.0'. The one found in IP location 'z:/DAT096/vivado-library-master/ip/Pmods/PmodAD1_v1_0' will take precedence over the same IP in location z:/DAT096/vivado-library-b0946605e3617c901635278b62d0f6a8e3942844/ip/Pmods/PmodAD1_v1_0
WARNING: [IP_Flow 19-1663] Duplicate IP found for 'digilentinc.com:IP:PmodAD2:1.0'. The one found in IP location 'z:/DAT096/vivado-library-master/ip/Pmods/PmodAD2_v1_0' will take precedence over the same IP in location z:/DAT096/vivado-library-b0946605e3617c901635278b62d0f6a8e3942844/ip/Pmods/PmodAD2_v1_0
WARNING: [IP_Flow 19-1663] Duplicate IP found for 'digilentinc.com:IP:PmodAD5:1.0'. The one found in IP location 'z:/DAT096/vivado-library-master/ip/Pmods/PmodAD5_v1_0' will take precedence over the same IP in location z:/DAT096/vivado-library-b0946605e3617c901635278b62d0f6a8e3942844/ip/Pmods/PmodAD5_v1_0
WARNING: [IP_Flow 19-1663] Duplicate IP found for 'digilentinc.com:IP:PmodALS:1.0'. The one found in IP location 'z:/DAT096/vivado-library-master/ip/Pmods/PmodALS_v1_0' will take precedence over the same IP in location z:/DAT096/vivado-library-b0946605e3617c901635278b62d0f6a8e3942844/ip/Pmods/PmodALS_v1_0
WARNING: [IP_Flow 19-1663] Duplicate IP found for 'digilentinc.com:IP:PmodAMP2:1.0'. The one found in IP location 'z:/DAT096/vivado-library-master/ip/Pmods/PmodAMP2_v1_0' will take precedence over the same IP in location z:/DAT096/vivado-library-b0946605e3617c901635278b62d0f6a8e3942844/ip/Pmods/PmodAMP2_v1_0
WARNING: [IP_Flow 19-1663] Duplicate IP found for 'digilentinc.com:IP:PmodAQS:1.0'. The one found in IP location 'z:/DAT096/vivado-library-master/ip/Pmods/PmodAQS_v1_0' will take precedence over the same IP in location z:/DAT096/vivado-library-b0946605e3617c901635278b62d0f6a8e3942844/ip/Pmods/PmodAQS_v1_0
WARNING: [IP_Flow 19-1663] Duplicate IP found for 'digilentinc.com:IP:PmodBLE:1.0'. The one found in IP location 'z:/DAT096/vivado-library-master/ip/Pmods/PmodBLE_v1_0' will take precedence over the same IP in location z:/DAT096/vivado-library-b0946605e3617c901635278b62d0f6a8e3942844/ip/Pmods/PmodBLE_v1_0
WARNING: [IP_Flow 19-1663] Duplicate IP found for 'digilentinc.com:IP:PmodBT2:1.0'. The one found in IP location 'z:/DAT096/vivado-library-master/ip/Pmods/PmodBT2_v1_0' will take precedence over the same IP in location z:/DAT096/vivado-library-b0946605e3617c901635278b62d0f6a8e3942844/ip/Pmods/PmodBT2_v1_0
WARNING: [IP_Flow 19-1663] Duplicate IP found for 'digilentinc.com:IP:PmodCAN:1.0'. The one found in IP location 'z:/DAT096/vivado-library-master/ip/Pmods/PmodCAN_v1_0' will take precedence over the same IP in location z:/DAT096/vivado-library-b0946605e3617c901635278b62d0f6a8e3942844/ip/Pmods/PmodCAN_v1_0
WARNING: [IP_Flow 19-1663] Duplicate IP found for 'digilentinc.com:IP:PmodCLS:1.0'. The one found in IP location 'z:/DAT096/vivado-library-master/ip/Pmods/PmodCLS_v1_0' will take precedence over the same IP in location z:/DAT096/vivado-library-b0946605e3617c901635278b62d0f6a8e3942844/ip/Pmods/PmodCLS_v1_0
WARNING: [IP_Flow 19-1663] Duplicate IP found for 'digilentinc.com:IP:PmodCMPS2:1.0'. The one found in IP location 'z:/DAT096/vivado-library-master/ip/Pmods/PmodCMPS2_v1_0' will take precedence over the same IP in location z:/DAT096/vivado-library-b0946605e3617c901635278b62d0f6a8e3942844/ip/Pmods/PmodCMPS2_v1_0
WARNING: [IP_Flow 19-1663] Duplicate IP found for 'digilentinc.com:IP:PmodCOLOR:1.0'. The one found in IP location 'z:/DAT096/vivado-library-master/ip/Pmods/PmodCOLOR_v1_0' will take precedence over the same IP in location z:/DAT096/vivado-library-b0946605e3617c901635278b62d0f6a8e3942844/ip/Pmods/PmodCOLOR_v1_0
WARNING: [IP_Flow 19-1663] Duplicate IP found for 'digilentinc.com:IP:PmodDA1:1.0'. The one found in IP location 'z:/DAT096/vivado-library-master/ip/Pmods/PmodDA1_v1_0' will take precedence over the same IP in location z:/DAT096/vivado-library-b0946605e3617c901635278b62d0f6a8e3942844/ip/Pmods/PmodDA1_v1_0
WARNING: [IP_Flow 19-1663] Duplicate IP found for 'digilentinc.com:IP:PmodDHB1:1.0'. The one found in IP location 'z:/DAT096/vivado-library-master/ip/Pmods/PmodDHB1_v1_0' will take precedence over the same IP in location z:/DAT096/vivado-library-b0946605e3617c901635278b62d0f6a8e3942844/ip/Pmods/PmodDHB1_v1_0
WARNING: [IP_Flow 19-1663] Duplicate IP found for 'digilentinc.com:IP:PmodDPG1:1.0'. The one found in IP location 'z:/DAT096/vivado-library-master/ip/Pmods/PmodDPG1_v1_0' will take precedence over the same IP in location z:/DAT096/vivado-library-b0946605e3617c901635278b62d0f6a8e3942844/ip/Pmods/PmodDPG1_v1_0
WARNING: [IP_Flow 19-1663] Duplicate IP found for 'digilentinc.com:IP:PmodENC:1.0'. The one found in IP location 'z:/DAT096/vivado-library-master/ip/Pmods/PmodENC_v1_0' will take precedence over the same IP in location z:/DAT096/vivado-library-b0946605e3617c901635278b62d0f6a8e3942844/ip/Pmods/PmodENC_v1_0
WARNING: [IP_Flow 19-1663] Duplicate IP found for 'digilentinc.com:user:PmodESP32:1.0'. The one found in IP location 'z:/DAT096/vivado-library-master/ip/Pmods/PmodESP32_v1_0' will take precedence over the same IP in location z:/DAT096/vivado-library-b0946605e3617c901635278b62d0f6a8e3942844/ip/Pmods/PmodESP32_v1_0
WARNING: [IP_Flow 19-1663] Duplicate IP found for 'digilentinc.com:IP:PmodGPIO:1.0'. The one found in IP location 'z:/DAT096/vivado-library-master/ip/Pmods/PmodGPIO_v1_0' will take precedence over the same IP in location z:/DAT096/vivado-library-b0946605e3617c901635278b62d0f6a8e3942844/ip/Pmods/PmodGPIO_v1_0
WARNING: [IP_Flow 19-1663] Duplicate IP found for 'digilentinc.com:IP:PmodGPS:1.1'. The one found in IP location 'z:/DAT096/vivado-library-master/ip/Pmods/PmodGPS_v1_1' will take precedence over the same IP in location z:/DAT096/vivado-library-b0946605e3617c901635278b62d0f6a8e3942844/ip/Pmods/PmodGPS_v1_1
WARNING: [IP_Flow 19-1663] Duplicate IP found for 'digilentinc.com:IP:PmodGYRO:1.0'. The one found in IP location 'z:/DAT096/vivado-library-master/ip/Pmods/PmodGYRO_v1_0' will take precedence over the same IP in location z:/DAT096/vivado-library-b0946605e3617c901635278b62d0f6a8e3942844/ip/Pmods/PmodGYRO_v1_0
WARNING: [IP_Flow 19-1663] Duplicate IP found for 'digilentinc.com:IP:PmodHYGRO:1.0'. The one found in IP location 'z:/DAT096/vivado-library-master/ip/Pmods/PmodHYGRO_v1_0' will take precedence over the same IP in location z:/DAT096/vivado-library-b0946605e3617c901635278b62d0f6a8e3942844/ip/Pmods/PmodHYGRO_v1_0
WARNING: [IP_Flow 19-1663] Duplicate IP found for 'digilentinc.com:IP:PmodJSTK2:1.0'. The one found in IP location 'z:/DAT096/vivado-library-master/ip/Pmods/PmodJSTK2_v1_0' will take precedence over the same IP in location z:/DAT096/vivado-library-b0946605e3617c901635278b62d0f6a8e3942844/ip/Pmods/PmodJSTK2_v1_0
WARNING: [IP_Flow 19-1663] Duplicate IP found for 'digilentinc.com:IP:PmodJSTK:1.0'. The one found in IP location 'z:/DAT096/vivado-library-master/ip/Pmods/PmodJSTK_v1_0' will take precedence over the same IP in location z:/DAT096/vivado-library-b0946605e3617c901635278b62d0f6a8e3942844/ip/Pmods/PmodJSTK_v1_0
WARNING: [IP_Flow 19-1663] Duplicate IP found for 'digilentinc.com:IP:PmodKYPD:1.0'. The one found in IP location 'z:/DAT096/vivado-library-master/ip/Pmods/PmodKYPD_v1_0' will take precedence over the same IP in location z:/DAT096/vivado-library-b0946605e3617c901635278b62d0f6a8e3942844/ip/Pmods/PmodKYPD_v1_0
WARNING: [IP_Flow 19-1663] Duplicate IP found for 'digilentinc.com:IP:PmodMAXSONAR:1.0'. The one found in IP location 'z:/DAT096/vivado-library-master/ip/Pmods/PmodMAXSONAR_v1_0' will take precedence over the same IP in location z:/DAT096/vivado-library-b0946605e3617c901635278b62d0f6a8e3942844/ip/Pmods/PmodMAXSONAR_v1_0
WARNING: [IP_Flow 19-1663] Duplicate IP found for 'digilentinc.com:IP:PmodMTDS:1.0'. The one found in IP location 'z:/DAT096/vivado-library-master/ip/Pmods/PmodMTDS_v1_0' will take precedence over the same IP in location z:/DAT096/vivado-library-b0946605e3617c901635278b62d0f6a8e3942844/ip/Pmods/PmodMTDS_v1_0
WARNING: [IP_Flow 19-1663] Duplicate IP found for 'digilentinc.com:IP:PmodNAV:1.0'. The one found in IP location 'z:/DAT096/vivado-library-master/ip/Pmods/PmodNAV_v1_0' will take precedence over the same IP in location z:/DAT096/vivado-library-b0946605e3617c901635278b62d0f6a8e3942844/ip/Pmods/PmodNAV_v1_0
WARNING: [IP_Flow 19-1663] Duplicate IP found for 'digilentinc.com:IP:PmodOLEDrgb:1.0'. The one found in IP location 'z:/DAT096/vivado-library-master/ip/Pmods/pmodOLEDrgb_v1_0' will take precedence over the same IP in location z:/DAT096/vivado-library-b0946605e3617c901635278b62d0f6a8e3942844/ip/Pmods/pmodOLEDrgb_v1_0
WARNING: [IP_Flow 19-1663] Duplicate IP found for 'digilentinc.com:IP:PmodOLED:1.0'. The one found in IP location 'z:/DAT096/vivado-library-master/ip/Pmods/PmodOLED_v1_0' will take precedence over the same IP in location z:/DAT096/vivado-library-b0946605e3617c901635278b62d0f6a8e3942844/ip/Pmods/PmodOLED_v1_0
WARNING: [IP_Flow 19-1663] Duplicate IP found for 'digilentinc.com:IP:PmodPIR:1.0'. The one found in IP location 'z:/DAT096/vivado-library-master/ip/Pmods/PmodPIR_v1_0' will take precedence over the same IP in location z:/DAT096/vivado-library-b0946605e3617c901635278b62d0f6a8e3942844/ip/Pmods/PmodPIR_v1_0
WARNING: [IP_Flow 19-1663] Duplicate IP found for 'digilentinc.com:IP:PmodR2R:1.0'. The one found in IP location 'z:/DAT096/vivado-library-master/ip/Pmods/PmodR2R_v1_0' will take precedence over the same IP in location z:/DAT096/vivado-library-b0946605e3617c901635278b62d0f6a8e3942844/ip/Pmods/PmodR2R_v1_0
WARNING: [IP_Flow 19-1663] Duplicate IP found for 'digilentinc.com:IP:PmodRTCC:1.0'. The one found in IP location 'z:/DAT096/vivado-library-master/ip/Pmods/PmodRTCC_v1_0' will take precedence over the same IP in location z:/DAT096/vivado-library-b0946605e3617c901635278b62d0f6a8e3942844/ip/Pmods/PmodRTCC_v1_0
WARNING: [IP_Flow 19-1663] Duplicate IP found for 'digilentinc.com:IP:PmodSD:1.0'. The one found in IP location 'z:/DAT096/vivado-library-master/ip/Pmods/PmodSD_v1_0' will take precedence over the same IP in location z:/DAT096/vivado-library-b0946605e3617c901635278b62d0f6a8e3942844/ip/Pmods/PmodSD_v1_0
WARNING: [IP_Flow 19-1663] Duplicate IP found for 'digilentinc.com:IP:PmodSF3:1.0'. The one found in IP location 'z:/DAT096/vivado-library-master/ip/Pmods/PmodSF3_v1_0' will take precedence over the same IP in location z:/DAT096/vivado-library-b0946605e3617c901635278b62d0f6a8e3942844/ip/Pmods/PmodSF3_v1_0
WARNING: [IP_Flow 19-1663] Duplicate IP found for 'digilentinc.com:IP:PmodTC1:1.0'. The one found in IP location 'z:/DAT096/vivado-library-master/ip/Pmods/PmodTC1_v1_0' will take precedence over the same IP in location z:/DAT096/vivado-library-b0946605e3617c901635278b62d0f6a8e3942844/ip/Pmods/PmodTC1_v1_0
WARNING: [IP_Flow 19-1663] Duplicate IP found for 'digilentinc.com:IP:PmodTMP3:1.0'. The one found in IP location 'z:/DAT096/vivado-library-master/ip/Pmods/PmodTMP3_v1_0' will take precedence over the same IP in location z:/DAT096/vivado-library-b0946605e3617c901635278b62d0f6a8e3942844/ip/Pmods/PmodTMP3_v1_0
WARNING: [IP_Flow 19-1663] Duplicate IP found for 'digilentinc.com:IP:PmodWIFI:1.0'. The one found in IP location 'z:/DAT096/vivado-library-master/ip/Pmods/PmodWIFI_v1_0' will take precedence over the same IP in location z:/DAT096/vivado-library-b0946605e3617c901635278b62d0f6a8e3942844/ip/Pmods/PmodWIFI_v1_0
WARNING: [IP_Flow 19-1663] Duplicate IP found for 'digilentinc.com:ip:pmod_bridge:1.0'. The one found in IP location 'z:/DAT096/vivado-library-master/ip/Pmods/Pmod_Bridge_v1_0' will take precedence over the same IP in location z:/DAT096/vivado-library-b0946605e3617c901635278b62d0f6a8e3942844/ip/Pmods/Pmod_Bridge_v1_0
WARNING: [IP_Flow 19-1663] Duplicate IP found for 'digilentinc.com:ip:pmod_bridge:1.1'. The one found in IP location 'z:/DAT096/vivado-library-master/ip/Pmods/Pmod_Bridge_v1_1' will take precedence over the same IP in location z:/DAT096/vivado-library-b0946605e3617c901635278b62d0f6a8e3942844/ip/Pmods/Pmod_Bridge_v1_1
WARNING: [IP_Flow 19-1663] Duplicate IP found for 'digilentinc.com:IP:PWM:1.0'. The one found in IP location 'z:/DAT096/vivado-library-master/ip/PWM_1.0' will take precedence over the same IP in location z:/DAT096/vivado-library-b0946605e3617c901635278b62d0f6a8e3942844/ip/PWM_1.0
WARNING: [IP_Flow 19-1663] Duplicate IP found for 'digilentinc.com:IP:PWM:2.0'. The one found in IP location 'z:/DAT096/vivado-library-master/ip/PWM_2.0' will take precedence over the same IP in location z:/DAT096/vivado-library-b0946605e3617c901635278b62d0f6a8e3942844/ip/PWM_2.0
WARNING: [IP_Flow 19-1663] Duplicate IP found for 'digilentinc.com:IP:PWM_Analyzer:1.0'. The one found in IP location 'z:/DAT096/vivado-library-master/ip/PWM_Analyzer_1.0' will take precedence over the same IP in location z:/DAT096/vivado-library-b0946605e3617c901635278b62d0f6a8e3942844/ip/PWM_Analyzer_1.0
WARNING: [IP_Flow 19-1663] Duplicate IP found for 'digilentinc.com:ip:rgb2dvi:1.4'. The one found in IP location 'z:/DAT096/vivado-library-master/ip/rgb2dvi' will take precedence over the same IP in location z:/DAT096/vivado-library-b0946605e3617c901635278b62d0f6a8e3942844/ip/rgb2dvi
WARNING: [IP_Flow 19-4830] Duplicate Interface found for 'digilentinc.com:interface:pmod:1.0'. The one found in location 'z:/DAT096/vivado-library-b0946605e3617c901635278b62d0f6a8e3942844/if/pmod_v1_0/pmod.xml' will take precedence over the same Interface in location 'z:/DAT096/vivado-library-master/if/pmod_v1_0/pmod.xml'
WARNING: [IP_Flow 19-4830] Duplicate Interface found for 'digilentinc.com:interface:tmds:1.0'. The one found in location 'z:/DAT096/vivado-library-b0946605e3617c901635278b62d0f6a8e3942844/if/tmds_v1_0/tmds.xml' will take precedence over the same Interface in location 'z:/DAT096/vivado-library-master/if/tmds_v1_0/tmds.xml'
INFO: [IP_Flow 19-795] Syncing license key meta-data
ipx::edit_ip_in_project: Time (s): cpu = 00:00:03 ; elapsed = 00:00:15 . Memory (MB): peak = 3350.262 ; gain = 0.000
update_compile_order -fileset sources_1
close_project
validate_bd_design -force
WARNING: [BD 41-2670] Found an incomplete address path from address space '/processing_system7_0/Data' to master interface '/processing_system7_0/M_AXI_GP0'. Please either complete or remove this path to resolve.
WARNING: [BD 5-699] No address segments matched 'get_bd_addr_segs -of_objects /processing_system7_0/Data'
ERROR: [Common 17-161] Invalid option value '' specified for 'object'.
ERROR: [BD 41-1273] Error running propagate TCL procedure: ERROR: [Common 17-161] Invalid option value '' specified for 'object'.
    ::xilinx.com_ip_ila_6.2::propagate Line 95
INFO: [xilinx.com:ip:c_addsub:12.0-913] /c_addsub_0 A_Width has been set to manual on the GUI. It will not be updated during validation with a propagated value.
INFO: [xilinx.com:ip:c_addsub:12.0-913] /c_addsub_0 A_Type has been set to manual on the GUI. It will not be updated during validation with a propagated value.
INFO: [xilinx.com:ip:c_addsub:12.0-913] /c_addsub_0 B_Width has been set to manual on the GUI. It will not be updated during validation with a propagated value.
INFO: [xilinx.com:ip:c_addsub:12.0-913] /c_addsub_0 B_Type has been set to manual on the GUI. It will not be updated during validation with a propagated value.
INFO: [xilinx.com:ip:clk_wiz:6.0-1] /clk_wiz_0 clk_wiz propagate
ERROR: [Common 17-39] 'validate_bd_design' failed due to earlier errors.
validate_bd_design -force
WARNING: [BD 41-2670] Found an incomplete address path from address space '/processing_system7_0/Data' to master interface '/processing_system7_0/M_AXI_GP0'. Please either complete or remove this path to resolve.
WARNING: [BD 5-699] No address segments matched 'get_bd_addr_segs -of_objects /processing_system7_0/Data'
ERROR: [Common 17-161] Invalid option value '' specified for 'object'.
ERROR: [BD 41-1273] Error running propagate TCL procedure: ERROR: [Common 17-161] Invalid option value '' specified for 'object'.
    ::xilinx.com_ip_ila_6.2::propagate Line 95
INFO: [xilinx.com:ip:c_addsub:12.0-913] /c_addsub_0 A_Width has been set to manual on the GUI. It will not be updated during validation with a propagated value.
INFO: [xilinx.com:ip:c_addsub:12.0-913] /c_addsub_0 A_Type has been set to manual on the GUI. It will not be updated during validation with a propagated value.
INFO: [xilinx.com:ip:c_addsub:12.0-913] /c_addsub_0 B_Width has been set to manual on the GUI. It will not be updated during validation with a propagated value.
INFO: [xilinx.com:ip:c_addsub:12.0-913] /c_addsub_0 B_Type has been set to manual on the GUI. It will not be updated during validation with a propagated value.
INFO: [xilinx.com:ip:clk_wiz:6.0-1] /clk_wiz_0 clk_wiz propagate
ERROR: [Common 17-39] 'validate_bd_design' failed due to earlier errors.
WARNING: [IP_Flow 19-4067] Ignoring invalid widget type specified checkbox.Providing a default widget
startgroup
set_property CONFIG.C_NUM_OF_PROBES {10} [get_bd_cells ila_0]
WARNING: [BD 41-1684] Pin /ila_0/probe10 is now disabled. All connections to this pin have been removed. 
delete_bd_objs [get_bd_nets AWGN_module_wrapper_0_valid_0]
endgroup
WARNING: [IP_Flow 19-4067] Ignoring invalid widget type specified checkbox.Providing a default widget
missing operand at _@_
in expression "153+_@_"
ERROR: [IP_Flow 19-3317] Tcl Error found in 'validate_PARAM_VALUE.C_PROBE0_WIDTH' method. missing operand at _@_
in expression "153+_@_"
startgroup
set_property CONFIG.C_PROBE9_WIDTH {1} [get_bd_cells ila_0]
endgroup
WARNING: [IP_Flow 19-4067] Ignoring invalid widget type specified checkbox.Providing a default widget
connect_bd_net [get_bd_pins AWGN_module_wrapper_0/valid_0] [get_bd_pins ila_0/probe9]
validate_bd_design
WARNING: [BD 41-2670] Found an incomplete address path from address space '/processing_system7_0/Data' to master interface '/processing_system7_0/M_AXI_GP0'. Please either complete or remove this path to resolve.
WARNING: [BD 5-699] No address segments matched 'get_bd_addr_segs -of_objects /processing_system7_0/Data'
INFO: [xilinx.com:ip:c_addsub:12.0-913] /c_addsub_0 A_Width has been set to manual on the GUI. It will not be updated during validation with a propagated value.
INFO: [xilinx.com:ip:c_addsub:12.0-913] /c_addsub_0 A_Type has been set to manual on the GUI. It will not be updated during validation with a propagated value.
INFO: [xilinx.com:ip:c_addsub:12.0-913] /c_addsub_0 B_Width has been set to manual on the GUI. It will not be updated during validation with a propagated value.
INFO: [xilinx.com:ip:c_addsub:12.0-913] /c_addsub_0 B_Type has been set to manual on the GUI. It will not be updated during validation with a propagated value.
INFO: [xilinx.com:ip:clk_wiz:6.0-1] /clk_wiz_0 clk_wiz propagate
validate_bd_design -force
WARNING: [BD 41-2670] Found an incomplete address path from address space '/processing_system7_0/Data' to master interface '/processing_system7_0/M_AXI_GP0'. Please either complete or remove this path to resolve.
WARNING: [BD 5-699] No address segments matched 'get_bd_addr_segs -of_objects /processing_system7_0/Data'
INFO: [xilinx.com:ip:c_addsub:12.0-913] /c_addsub_0 A_Width has been set to manual on the GUI. It will not be updated during validation with a propagated value.
INFO: [xilinx.com:ip:c_addsub:12.0-913] /c_addsub_0 A_Type has been set to manual on the GUI. It will not be updated during validation with a propagated value.
INFO: [xilinx.com:ip:c_addsub:12.0-913] /c_addsub_0 B_Width has been set to manual on the GUI. It will not be updated during validation with a propagated value.
INFO: [xilinx.com:ip:c_addsub:12.0-913] /c_addsub_0 B_Type has been set to manual on the GUI. It will not be updated during validation with a propagated value.
INFO: [xilinx.com:ip:clk_wiz:6.0-1] /clk_wiz_0 clk_wiz propagate
save_bd_design
Wrote  : <Z:\DAT096\DAT096-krish\Embedded-System-Project-DAT096-krishna\Board_2\Board_2\Board_2.srcs\sources_1\bd\design_2\design_2.bd> 
Wrote  : <Z:/DAT096/DAT096-krish/Embedded-System-Project-DAT096-krishna/Board_2/Board_2/Board_2.srcs/sources_1/bd/design_2/ui/bd_1fdbff51.ui> 
reset_run synth_1
INFO: [Project 1-1161] Replacing file Z:/DAT096/DAT096-krish/Embedded-System-Project-DAT096-krishna/Board_2/Board_2/Board_2.srcs/utils_1/imports/synth_1/design_2_wrapper.dcp with file Z:/DAT096/DAT096-krish/Embedded-System-Project-DAT096-krishna/Board_2/Board_2/Board_2.runs/synth_1/design_2_wrapper.dcp
WARNING: [Vivado 12-1017] Problems encountered:
1. Failed to delete one or more files in run directory Z:/DAT096/DAT096-krish/Embedded-System-Project-DAT096-krishna/Board_2/Board_2/Board_2.runs/synth_1

reset_run design_2_ila_0_0_synth_1
WARNING: [Vivado 12-1017] Problems encountered:
1. Failed to delete one or more files in run directory Z:/DAT096/DAT096-krish/Embedded-System-Project-DAT096-krishna/Board_2/Board_2/Board_2.runs/design_2_ila_0_0_synth_1

launch_runs impl_1 -to_step write_bitstream -jobs 28
INFO: [BD 41-1662] The design 'design_2.bd' is already validated. Therefore parameter propagation will not be re-run.
VHDL Output written to : z:/DAT096/DAT096-krish/Embedded-System-Project-DAT096-krishna/Board_2/Board_2/Board_2.gen/sources_1/bd/design_2/synth/design_2.vhd
VHDL Output written to : z:/DAT096/DAT096-krish/Embedded-System-Project-DAT096-krishna/Board_2/Board_2/Board_2.gen/sources_1/bd/design_2/sim/design_2.vhd
VHDL Output written to : z:/DAT096/DAT096-krish/Embedded-System-Project-DAT096-krishna/Board_2/Board_2/Board_2.gen/sources_1/bd/design_2/hdl/design_2_wrapper.vhd
WARNING: [IP_Flow 19-4994] Overwriting existing constraint file 'z:/DAT096/DAT096-krish/Embedded-System-Project-DAT096-krishna/Board_2/Board_2/Board_2.gen/sources_1/bd/design_2/ip/design_2_ila_0_0/design_2_ila_0_0_ooc.xdc'
INFO: [BD 41-1029] Generation completed for the IP Integrator block ila_0 .
Exporting to file z:/DAT096/DAT096-krish/Embedded-System-Project-DAT096-krishna/Board_2/Board_2/Board_2.gen/sources_1/bd/design_2/hw_handoff/design_2.hwh
Generated Hardware Definition File z:/DAT096/DAT096-krish/Embedded-System-Project-DAT096-krishna/Board_2/Board_2/Board_2.gen/sources_1/bd/design_2/synth/design_2.hwdef
INFO: [IP_Flow 19-6930] IPCACHE: runCacheChecks() number of threads = 8
INFO: [IP_Flow 19-6921] IPCACHE: Adding cache check func to thread queue for IP design_2_AWGN_module_wrapper_0_0
INFO: [IP_Flow 19-6921] IPCACHE: Adding cache check func to thread queue for IP design_2_ila_0_0
INFO: [IP_Flow 19-8020] IPCACHE: runCacheChecks() calling threadPool finishWork()
INFO: [IP_Flow 19-6924] IPCACHE: Running cache check for IP inst: design_2_AWGN_module_wrapper_0_0
INFO: [IP_Flow 19-6924] IPCACHE: Running cache check for IP inst: design_2_ila_0_0
[Tue May 12 12:13:44 2026] Launched design_2_ila_0_0_synth_1, design_2_AWGN_module_wrapper_0_0_synth_1, synth_1...
Run output will be captured here:
design_2_ila_0_0_synth_1: Z:/DAT096/DAT096-krish/Embedded-System-Project-DAT096-krishna/Board_2/Board_2/Board_2.runs/design_2_ila_0_0_synth_1/runme.log
design_2_AWGN_module_wrapper_0_0_synth_1: Z:/DAT096/DAT096-krish/Embedded-System-Project-DAT096-krishna/Board_2/Board_2/Board_2.runs/design_2_AWGN_module_wrapper_0_0_synth_1/runme.log
synth_1: Z:/DAT096/DAT096-krish/Embedded-System-Project-DAT096-krishna/Board_2/Board_2/Board_2.runs/synth_1/runme.log
[Tue May 12 12:13:44 2026] Launched impl_1...
Run output will be captured here: Z:/DAT096/DAT096-krish/Embedded-System-Project-DAT096-krishna/Board_2/Board_2/Board_2.runs/impl_1/runme.log
launch_runs: Time (s): cpu = 00:00:02 ; elapsed = 00:00:12 . Memory (MB): peak = 3350.262 ; gain = 0.000
set_property PROBES.FILE {Z:/DAT096/DAT096-krish/Embedded-System-Project-DAT096-krishna/Board_2/Board_2/Board_2.runs/impl_1/design_2_wrapper.ltx} [get_hw_devices xc7z020_1]
set_property FULL_PROBES.FILE {Z:/DAT096/DAT096-krish/Embedded-System-Project-DAT096-krishna/Board_2/Board_2/Board_2.runs/impl_1/design_2_wrapper.ltx} [get_hw_devices xc7z020_1]
set_property PROGRAM.FILE {Z:/DAT096/DAT096-krish/Embedded-System-Project-DAT096-krishna/Board_2/Board_2/Board_2.runs/impl_1/design_2_wrapper.bit} [get_hw_devices xc7z020_1]
program_hw_devices [get_hw_devices xc7z020_1]
INFO: [Labtools 27-3164] End of startup status: HIGH
refresh_hw_device [lindex [get_hw_devices xc7z020_1] 0]
INFO: [Labtools 27-2302] Device xc7z020 (JTAG device index = 1) is programmed with a design that has 1 ILA core(s).
INFO: [Labtools 27-2302] Device xc7z020 (JTAG device index = 1) is programmed with a design that has 1 VIO core(s).
add_wave -into {hw_ila_data_1.wcfg} -radix hex { {design_2_i/AWGN_module_wrapper_0_valid_0} }
run_hw_ila [get_hw_ilas -of_objects [get_hw_devices xc7z020_1] -filter {CELL_NAME=~"design_2_i/ila_0"}]
INFO: [Labtools 27-1964] The ILA core 'hw_ila_1' trigger was armed at 2026-May-12 12:19:19
wait_on_hw_ila [get_hw_ilas -of_objects [get_hw_devices xc7z020_1] -filter {CELL_NAME=~"design_2_i/ila_0"}]
display_hw_ila_data [upload_hw_ila_data [get_hw_ilas -of_objects [get_hw_devices xc7z020_1] -filter {CELL_NAME=~"design_2_i/ila_0"}]]
INFO: [Labtools 27-1966] The ILA core 'hw_ila_1' triggered at 2026-May-12 12:19:19
INFO: [Labtools 27-3304] ILA Waveform data saved to file Z:/DAT096/DAT096-krish/Embedded-System-Project-DAT096-krishna/Board_2/Board_2/Board_2.hw/backup/hw_ila_data_1.ila. Use Tcl command 'read_hw_ila_data' or Vivado File->Import->Import ILA Data menu item to import the previously saved data.
save_wave_config {Z:/DAT096/DAT096-krish/Embedded-System-Project-DAT096-krishna/Board_2/Board_2/Board_2.hw/hw_1/wave/hw_ila_data_1/hw_ila_data_1.wcfg}
close_hw_manager
open_hw_manager
connect_hw_server -allow_non_jtag
INFO: [Labtools 27-2285] Connecting to hw_server url TCP:localhost:3121
INFO: [Labtools 27-3415] Connecting to cs_server url TCP:localhost:0
INFO: [Labtools 27-3417] Launching cs_server...
INFO: [Labtools 27-2221] Launch Output:


******** Xilinx cs_server v2024.2.0
  ****** Build date   : Oct 30 2024-19:19:07
    **** Build number : 2024.2.1730312347
      ** Copyright 2017-2022 Xilinx, Inc. All Rights Reserved.
      ** Copyright 2022-2026 Advanced Micro Devices, Inc. All Rights Reserved.



connect_hw_server: Time (s): cpu = 00:00:01 ; elapsed = 00:00:11 . Memory (MB): peak = 3350.262 ; gain = 0.000
open_hw_target
INFO: [Labtoolstcl 44-466] Opening hw_target localhost:3121/xilinx_tcf/Digilent/210393BB58C1A
set_property PROGRAM.FILE {Z:/DAT096/DAT096-krish/Embedded-System-Project-DAT096-krishna/Board_2/Board_2/Board_2.runs/impl_1/design_2_wrapper.bit} [get_hw_devices xc7z020_1]
set_property PROBES.FILE {Z:/DAT096/DAT096-krish/Embedded-System-Project-DAT096-krishna/Board_2/Board_2/Board_2.runs/impl_1/design_2_wrapper.ltx} [get_hw_devices xc7z020_1]
set_property FULL_PROBES.FILE {Z:/DAT096/DAT096-krish/Embedded-System-Project-DAT096-krishna/Board_2/Board_2/Board_2.runs/impl_1/design_2_wrapper.ltx} [get_hw_devices xc7z020_1]
current_hw_device [get_hw_devices xc7z020_1]
refresh_hw_device [lindex [get_hw_devices xc7z020_1] 0]
INFO: [Labtools 27-2302] Device xc7z020 (JTAG device index = 1) is programmed with a design that has 1 ILA core(s).
INFO: [Labtools 27-2302] Device xc7z020 (JTAG device index = 1) is programmed with a design that has 1 VIO core(s).
display_hw_ila_data [ get_hw_ila_data hw_ila_data_1 -of_objects [get_hw_ilas -of_objects [get_hw_devices xc7z020_1] -filter {CELL_NAME=~"design_2_i/ila_0"}]]
set_property PROBES.FILE {Z:/DAT096/DAT096-krish/Embedded-System-Project-DAT096-krishna/Board_2/Board_2/Board_2.runs/impl_1/design_2_wrapper.ltx} [get_hw_devices xc7z020_1]
set_property FULL_PROBES.FILE {Z:/DAT096/DAT096-krish/Embedded-System-Project-DAT096-krishna/Board_2/Board_2/Board_2.runs/impl_1/design_2_wrapper.ltx} [get_hw_devices xc7z020_1]
set_property PROGRAM.FILE {Z:/DAT096/DAT096-krish/Embedded-System-Project-DAT096-krishna/Board_2/Board_2/Board_2.runs/impl_1/design_2_wrapper.bit} [get_hw_devices xc7z020_1]
program_hw_devices [get_hw_devices xc7z020_1]
INFO: [Labtools 27-3164] End of startup status: HIGH
refresh_hw_device [lindex [get_hw_devices xc7z020_1] 0]
INFO: [Labtools 27-2302] Device xc7z020 (JTAG device index = 1) is programmed with a design that has 1 ILA core(s).
INFO: [Labtools 27-2302] Device xc7z020 (JTAG device index = 1) is programmed with a design that has 1 VIO core(s).
run_hw_ila [get_hw_ilas -of_objects [get_hw_devices xc7z020_1] -filter {CELL_NAME=~"design_2_i/ila_0"}]
INFO: [Labtools 27-1964] The ILA core 'hw_ila_1' trigger was armed at 2026-May-12 12:20:02
wait_on_hw_ila [get_hw_ilas -of_objects [get_hw_devices xc7z020_1] -filter {CELL_NAME=~"design_2_i/ila_0"}]
display_hw_ila_data [upload_hw_ila_data [get_hw_ilas -of_objects [get_hw_devices xc7z020_1] -filter {CELL_NAME=~"design_2_i/ila_0"}]]
INFO: [Labtools 27-1966] The ILA core 'hw_ila_1' triggered at 2026-May-12 12:20:02
INFO: [Labtools 27-3304] ILA Waveform data saved to file Z:/DAT096/DAT096-krish/Embedded-System-Project-DAT096-krishna/Board_2/Board_2/Board_2.hw/backup/hw_ila_data_1.ila. Use Tcl command 'read_hw_ila_data' or Vivado File->Import->Import ILA Data menu item to import the previously saved data.
open_bd_design {Z:/DAT096/DAT096-krish/Embedded-System-Project-DAT096-krishna/Board_2/Board_2/Board_2.srcs/sources_1/bd/design_2/design_2.bd}
ipx::edit_ip_in_project -upgrade true -name AWGN_module_wrapper_v1_0_project -directory Z:/DAT096/DAT096-krish/Embedded-System-Project-DAT096-krishna/Board_2/Board_2/Board_2.tmp/AWGN_module_wrapper_v1_0_project z:/DAT096/Project_team5/ip_repo/component.xml
INFO: [ProjectBase 1-489] The host OS only allows 260 characters in a normal path. The project is stored in a path with more than 80 characters. If you experience issues with IP, Block Designs, or files not being found, please consider moving the project to a location with a shorter path. Alternately consider using the OS subst command to map part of the path to a drive letter.
Current project path is 'z:/dat096/dat096-krish/embedded-system-project-dat096-krishna/board_2/board_2/board_2.tmp/awgn_module_wrapper_v1_0_project'
INFO: [IP_Flow 19-234] Refreshing IP repositories
INFO: [IP_Flow 19-1704] No user IP repositories specified
INFO: [IP_Flow 19-2313] Loaded Vivado IP repository 'C:/Progs/Xilinx/Vivado/2024.2/data/ip'.
INFO: [IP_Flow 19-234] Refreshing IP repositories
WARNING: [IP_Flow 19-2248] Failed to load user IP repository 'z:/DAT096/vivado-library-zmod-v2-2019.1-2/vivado-library-zmod-v2-2019.1-2'; Can't find the specified path.
If this directory should no longer be in your list of user repositories, go to the IP Settings dialog and remove it.
INFO: [IP_Flow 19-1700] Loaded user IP repository 'z:/DAT096/Project_team5/ip_repo'.
WARNING: [IP_Flow 19-2248] Failed to load user IP repository 'z:/embedded project/Eclypse-Z7-HW/Eclypse-Z7-HW.ipdefs/repo'; Can't find the specified path.
If this directory should no longer be in your list of user repositories, go to the IP Settings dialog and remove it.
INFO: [IP_Flow 19-1700] Loaded user IP repository 'z:/DAT096/vivado-boards-master'.
INFO: [IP_Flow 19-1700] Loaded user IP repository 'z:/DAT096/vivado-library-b0946605e3617c901635278b62d0f6a8e3942844'.
INFO: [IP_Flow 19-1700] Loaded user IP repository 'z:/DAT096/vivado-library-master'.
WARNING: [IP_Flow 19-2248] Failed to load user IP repository 'z:/eda234/vivado-library-master'; Can't find the specified path.
If this directory should no longer be in your list of user repositories, go to the IP Settings dialog and remove it.
WARNING: [IP_Flow 19-3685] Ignored loading user repository 'z:/eda234/vivado-library-master/ip'. The path is contained within another repository.
WARNING: [IP_Flow 19-1663] Duplicate IP found for 'digilentinc.com:user:axi_i2s_adi:1.2'. The one found in IP location 'z:/DAT096/vivado-library-b0946605e3617c901635278b62d0f6a8e3942844/ip/axi_i2s_adi_1.2' will take precedence over the same IP in location z:/DAT096/vivado-library-master/ip/axi_i2s_adi_1.2
WARNING: [IP_Flow 19-1663] Duplicate IP found for 'digilentinc.com:IP:axi_ps2:1.0'. The one found in IP location 'z:/DAT096/vivado-library-b0946605e3617c901635278b62d0f6a8e3942844/ip/axi_ps2_1.0' will take precedence over the same IP in location z:/DAT096/vivado-library-master/ip/axi_ps2_1.0
WARNING: [IP_Flow 19-1663] Duplicate IP found for 'digilentinc.com:ip:clock_forwarder:1.1'. The one found in IP location 'z:/DAT096/vivado-library-b0946605e3617c901635278b62d0f6a8e3942844/ip/clock_forwarder' will take precedence over the same IP in location z:/DAT096/vivado-library-master/ip/clock_forwarder
WARNING: [IP_Flow 19-1663] Duplicate IP found for 'digilentinc.com:IP:hls_contrast_stretch:1.0'. The one found in IP location 'z:/DAT096/vivado-library-b0946605e3617c901635278b62d0f6a8e3942844/ip/hls_contrast_stretch_1_0' will take precedence over the same IP in location z:/DAT096/vivado-library-master/ip/hls_contrast_stretch_1_0
WARNING: [IP_Flow 19-1663] Duplicate IP found for 'digilentinc.com:IP:hls_gamma_correction:1.0'. The one found in IP location 'z:/DAT096/vivado-library-b0946605e3617c901635278b62d0f6a8e3942844/ip/hls_gamma_correction_1_0' will take precedence over the same IP in location z:/DAT096/vivado-library-master/ip/hls_gamma_correction_1_0
WARNING: [IP_Flow 19-1663] Duplicate IP found for 'digilentinc.com:IP:hls_saturation_enhance:1.0'. The one found in IP location 'z:/DAT096/vivado-library-b0946605e3617c901635278b62d0f6a8e3942844/ip/hls_saturation_enhance_1_0' will take precedence over the same IP in location z:/DAT096/vivado-library-master/ip/hls_saturation_enhance_1_0
WARNING: [IP_Flow 19-1663] Duplicate IP found for 'digilentinc.com:ip:rgb2dpvid:1.0'. The one found in IP location 'z:/DAT096/vivado-library-b0946605e3617c901635278b62d0f6a8e3942844/ip/rgb2dpvid_v1_0' will take precedence over the same IP in location z:/DAT096/vivado-library-master/ip/rgb2dpvid_v1_0
WARNING: [IP_Flow 19-1663] Duplicate IP found for 'digilentinc.com:ip:rgb2vga:1.0'. The one found in IP location 'z:/DAT096/vivado-library-b0946605e3617c901635278b62d0f6a8e3942844/ip/rgb2vga_v1_0' will take precedence over the same IP in location z:/DAT096/vivado-library-master/ip/rgb2vga_v1_0
WARNING: [IP_Flow 19-1663] Duplicate IP found for 'digilentinc.com:ip:Sync:1.0'. The one found in IP location 'z:/DAT096/vivado-library-b0946605e3617c901635278b62d0f6a8e3942844/ip/Sync_v1_0' will take precedence over the same IP in location z:/DAT096/vivado-library-master/ip/Sync_v1_0
WARNING: [IP_Flow 19-1663] Duplicate IP found for 'digilentinc.com:ip:usb2device:1.0'. The one found in IP location 'z:/DAT096/vivado-library-b0946605e3617c901635278b62d0f6a8e3942844/ip/usb2device_v1_0' will take precedence over the same IP in location z:/DAT096/vivado-library-master/ip/usb2device_v1_0
WARNING: [IP_Flow 19-1663] Duplicate IP found for 'digilentinc.com:video:video_scaler:1.0'. The one found in IP location 'z:/DAT096/vivado-library-b0946605e3617c901635278b62d0f6a8e3942844/ip/video_scaler' will take precedence over the same IP in location z:/DAT096/vivado-library-master/ip/video_scaler
WARNING: [IP_Flow 19-1663] Duplicate IP found for 'digilentinc.com:ip:dvi2rgb:2.0'. The one found in IP location 'z:/DAT096/vivado-library-master/ip/dvi2rgb' will take precedence over the same IP in location z:/DAT096/vivado-library-b0946605e3617c901635278b62d0f6a8e3942844/ip/dvi2rgb
WARNING: [IP_Flow 19-1663] Duplicate IP found for 'digilentinc.com:IP:MotorFeedback:1.0'. The one found in IP location 'z:/DAT096/vivado-library-master/ip/MotorFeedback_1.0' will take precedence over the same IP in location z:/DAT096/vivado-library-b0946605e3617c901635278b62d0f6a8e3942844/ip/MotorFeedback_1.0
WARNING: [IP_Flow 19-1663] Duplicate IP found for 'digilentinc.com:IP:PmodACL2:1.0'. The one found in IP location 'z:/DAT096/vivado-library-master/ip/Pmods/PmodACL2_v1_0' will take precedence over the same IP in location z:/DAT096/vivado-library-b0946605e3617c901635278b62d0f6a8e3942844/ip/Pmods/PmodACL2_v1_0
WARNING: [IP_Flow 19-1663] Duplicate IP found for 'digilentinc.com:IP:PmodACL:1.0'. The one found in IP location 'z:/DAT096/vivado-library-master/ip/Pmods/PmodACL_v1_0' will take precedence over the same IP in location z:/DAT096/vivado-library-b0946605e3617c901635278b62d0f6a8e3942844/ip/Pmods/PmodACL_v1_0
WARNING: [IP_Flow 19-1663] Duplicate IP found for 'digilentinc.com:IP:PmodAD1:1.0'. The one found in IP location 'z:/DAT096/vivado-library-master/ip/Pmods/PmodAD1_v1_0' will take precedence over the same IP in location z:/DAT096/vivado-library-b0946605e3617c901635278b62d0f6a8e3942844/ip/Pmods/PmodAD1_v1_0
WARNING: [IP_Flow 19-1663] Duplicate IP found for 'digilentinc.com:IP:PmodAD2:1.0'. The one found in IP location 'z:/DAT096/vivado-library-master/ip/Pmods/PmodAD2_v1_0' will take precedence over the same IP in location z:/DAT096/vivado-library-b0946605e3617c901635278b62d0f6a8e3942844/ip/Pmods/PmodAD2_v1_0
WARNING: [IP_Flow 19-1663] Duplicate IP found for 'digilentinc.com:IP:PmodAD5:1.0'. The one found in IP location 'z:/DAT096/vivado-library-master/ip/Pmods/PmodAD5_v1_0' will take precedence over the same IP in location z:/DAT096/vivado-library-b0946605e3617c901635278b62d0f6a8e3942844/ip/Pmods/PmodAD5_v1_0
WARNING: [IP_Flow 19-1663] Duplicate IP found for 'digilentinc.com:IP:PmodALS:1.0'. The one found in IP location 'z:/DAT096/vivado-library-master/ip/Pmods/PmodALS_v1_0' will take precedence over the same IP in location z:/DAT096/vivado-library-b0946605e3617c901635278b62d0f6a8e3942844/ip/Pmods/PmodALS_v1_0
WARNING: [IP_Flow 19-1663] Duplicate IP found for 'digilentinc.com:IP:PmodAMP2:1.0'. The one found in IP location 'z:/DAT096/vivado-library-master/ip/Pmods/PmodAMP2_v1_0' will take precedence over the same IP in location z:/DAT096/vivado-library-b0946605e3617c901635278b62d0f6a8e3942844/ip/Pmods/PmodAMP2_v1_0
WARNING: [IP_Flow 19-1663] Duplicate IP found for 'digilentinc.com:IP:PmodAQS:1.0'. The one found in IP location 'z:/DAT096/vivado-library-master/ip/Pmods/PmodAQS_v1_0' will take precedence over the same IP in location z:/DAT096/vivado-library-b0946605e3617c901635278b62d0f6a8e3942844/ip/Pmods/PmodAQS_v1_0
WARNING: [IP_Flow 19-1663] Duplicate IP found for 'digilentinc.com:IP:PmodBLE:1.0'. The one found in IP location 'z:/DAT096/vivado-library-master/ip/Pmods/PmodBLE_v1_0' will take precedence over the same IP in location z:/DAT096/vivado-library-b0946605e3617c901635278b62d0f6a8e3942844/ip/Pmods/PmodBLE_v1_0
WARNING: [IP_Flow 19-1663] Duplicate IP found for 'digilentinc.com:IP:PmodBT2:1.0'. The one found in IP location 'z:/DAT096/vivado-library-master/ip/Pmods/PmodBT2_v1_0' will take precedence over the same IP in location z:/DAT096/vivado-library-b0946605e3617c901635278b62d0f6a8e3942844/ip/Pmods/PmodBT2_v1_0
WARNING: [IP_Flow 19-1663] Duplicate IP found for 'digilentinc.com:IP:PmodCAN:1.0'. The one found in IP location 'z:/DAT096/vivado-library-master/ip/Pmods/PmodCAN_v1_0' will take precedence over the same IP in location z:/DAT096/vivado-library-b0946605e3617c901635278b62d0f6a8e3942844/ip/Pmods/PmodCAN_v1_0
WARNING: [IP_Flow 19-1663] Duplicate IP found for 'digilentinc.com:IP:PmodCLS:1.0'. The one found in IP location 'z:/DAT096/vivado-library-master/ip/Pmods/PmodCLS_v1_0' will take precedence over the same IP in location z:/DAT096/vivado-library-b0946605e3617c901635278b62d0f6a8e3942844/ip/Pmods/PmodCLS_v1_0
WARNING: [IP_Flow 19-1663] Duplicate IP found for 'digilentinc.com:IP:PmodCMPS2:1.0'. The one found in IP location 'z:/DAT096/vivado-library-master/ip/Pmods/PmodCMPS2_v1_0' will take precedence over the same IP in location z:/DAT096/vivado-library-b0946605e3617c901635278b62d0f6a8e3942844/ip/Pmods/PmodCMPS2_v1_0
WARNING: [IP_Flow 19-1663] Duplicate IP found for 'digilentinc.com:IP:PmodCOLOR:1.0'. The one found in IP location 'z:/DAT096/vivado-library-master/ip/Pmods/PmodCOLOR_v1_0' will take precedence over the same IP in location z:/DAT096/vivado-library-b0946605e3617c901635278b62d0f6a8e3942844/ip/Pmods/PmodCOLOR_v1_0
WARNING: [IP_Flow 19-1663] Duplicate IP found for 'digilentinc.com:IP:PmodDA1:1.0'. The one found in IP location 'z:/DAT096/vivado-library-master/ip/Pmods/PmodDA1_v1_0' will take precedence over the same IP in location z:/DAT096/vivado-library-b0946605e3617c901635278b62d0f6a8e3942844/ip/Pmods/PmodDA1_v1_0
WARNING: [IP_Flow 19-1663] Duplicate IP found for 'digilentinc.com:IP:PmodDHB1:1.0'. The one found in IP location 'z:/DAT096/vivado-library-master/ip/Pmods/PmodDHB1_v1_0' will take precedence over the same IP in location z:/DAT096/vivado-library-b0946605e3617c901635278b62d0f6a8e3942844/ip/Pmods/PmodDHB1_v1_0
WARNING: [IP_Flow 19-1663] Duplicate IP found for 'digilentinc.com:IP:PmodDPG1:1.0'. The one found in IP location 'z:/DAT096/vivado-library-master/ip/Pmods/PmodDPG1_v1_0' will take precedence over the same IP in location z:/DAT096/vivado-library-b0946605e3617c901635278b62d0f6a8e3942844/ip/Pmods/PmodDPG1_v1_0
WARNING: [IP_Flow 19-1663] Duplicate IP found for 'digilentinc.com:IP:PmodENC:1.0'. The one found in IP location 'z:/DAT096/vivado-library-master/ip/Pmods/PmodENC_v1_0' will take precedence over the same IP in location z:/DAT096/vivado-library-b0946605e3617c901635278b62d0f6a8e3942844/ip/Pmods/PmodENC_v1_0
WARNING: [IP_Flow 19-1663] Duplicate IP found for 'digilentinc.com:user:PmodESP32:1.0'. The one found in IP location 'z:/DAT096/vivado-library-master/ip/Pmods/PmodESP32_v1_0' will take precedence over the same IP in location z:/DAT096/vivado-library-b0946605e3617c901635278b62d0f6a8e3942844/ip/Pmods/PmodESP32_v1_0
WARNING: [IP_Flow 19-1663] Duplicate IP found for 'digilentinc.com:IP:PmodGPIO:1.0'. The one found in IP location 'z:/DAT096/vivado-library-master/ip/Pmods/PmodGPIO_v1_0' will take precedence over the same IP in location z:/DAT096/vivado-library-b0946605e3617c901635278b62d0f6a8e3942844/ip/Pmods/PmodGPIO_v1_0
WARNING: [IP_Flow 19-1663] Duplicate IP found for 'digilentinc.com:IP:PmodGPS:1.1'. The one found in IP location 'z:/DAT096/vivado-library-master/ip/Pmods/PmodGPS_v1_1' will take precedence over the same IP in location z:/DAT096/vivado-library-b0946605e3617c901635278b62d0f6a8e3942844/ip/Pmods/PmodGPS_v1_1
WARNING: [IP_Flow 19-1663] Duplicate IP found for 'digilentinc.com:IP:PmodGYRO:1.0'. The one found in IP location 'z:/DAT096/vivado-library-master/ip/Pmods/PmodGYRO_v1_0' will take precedence over the same IP in location z:/DAT096/vivado-library-b0946605e3617c901635278b62d0f6a8e3942844/ip/Pmods/PmodGYRO_v1_0
WARNING: [IP_Flow 19-1663] Duplicate IP found for 'digilentinc.com:IP:PmodHYGRO:1.0'. The one found in IP location 'z:/DAT096/vivado-library-master/ip/Pmods/PmodHYGRO_v1_0' will take precedence over the same IP in location z:/DAT096/vivado-library-b0946605e3617c901635278b62d0f6a8e3942844/ip/Pmods/PmodHYGRO_v1_0
WARNING: [IP_Flow 19-1663] Duplicate IP found for 'digilentinc.com:IP:PmodJSTK2:1.0'. The one found in IP location 'z:/DAT096/vivado-library-master/ip/Pmods/PmodJSTK2_v1_0' will take precedence over the same IP in location z:/DAT096/vivado-library-b0946605e3617c901635278b62d0f6a8e3942844/ip/Pmods/PmodJSTK2_v1_0
WARNING: [IP_Flow 19-1663] Duplicate IP found for 'digilentinc.com:IP:PmodJSTK:1.0'. The one found in IP location 'z:/DAT096/vivado-library-master/ip/Pmods/PmodJSTK_v1_0' will take precedence over the same IP in location z:/DAT096/vivado-library-b0946605e3617c901635278b62d0f6a8e3942844/ip/Pmods/PmodJSTK_v1_0
WARNING: [IP_Flow 19-1663] Duplicate IP found for 'digilentinc.com:IP:PmodKYPD:1.0'. The one found in IP location 'z:/DAT096/vivado-library-master/ip/Pmods/PmodKYPD_v1_0' will take precedence over the same IP in location z:/DAT096/vivado-library-b0946605e3617c901635278b62d0f6a8e3942844/ip/Pmods/PmodKYPD_v1_0
WARNING: [IP_Flow 19-1663] Duplicate IP found for 'digilentinc.com:IP:PmodMAXSONAR:1.0'. The one found in IP location 'z:/DAT096/vivado-library-master/ip/Pmods/PmodMAXSONAR_v1_0' will take precedence over the same IP in location z:/DAT096/vivado-library-b0946605e3617c901635278b62d0f6a8e3942844/ip/Pmods/PmodMAXSONAR_v1_0
WARNING: [IP_Flow 19-1663] Duplicate IP found for 'digilentinc.com:IP:PmodMTDS:1.0'. The one found in IP location 'z:/DAT096/vivado-library-master/ip/Pmods/PmodMTDS_v1_0' will take precedence over the same IP in location z:/DAT096/vivado-library-b0946605e3617c901635278b62d0f6a8e3942844/ip/Pmods/PmodMTDS_v1_0
WARNING: [IP_Flow 19-1663] Duplicate IP found for 'digilentinc.com:IP:PmodNAV:1.0'. The one found in IP location 'z:/DAT096/vivado-library-master/ip/Pmods/PmodNAV_v1_0' will take precedence over the same IP in location z:/DAT096/vivado-library-b0946605e3617c901635278b62d0f6a8e3942844/ip/Pmods/PmodNAV_v1_0
WARNING: [IP_Flow 19-1663] Duplicate IP found for 'digilentinc.com:IP:PmodOLEDrgb:1.0'. The one found in IP location 'z:/DAT096/vivado-library-master/ip/Pmods/pmodOLEDrgb_v1_0' will take precedence over the same IP in location z:/DAT096/vivado-library-b0946605e3617c901635278b62d0f6a8e3942844/ip/Pmods/pmodOLEDrgb_v1_0
WARNING: [IP_Flow 19-1663] Duplicate IP found for 'digilentinc.com:IP:PmodOLED:1.0'. The one found in IP location 'z:/DAT096/vivado-library-master/ip/Pmods/PmodOLED_v1_0' will take precedence over the same IP in location z:/DAT096/vivado-library-b0946605e3617c901635278b62d0f6a8e3942844/ip/Pmods/PmodOLED_v1_0
WARNING: [IP_Flow 19-1663] Duplicate IP found for 'digilentinc.com:IP:PmodPIR:1.0'. The one found in IP location 'z:/DAT096/vivado-library-master/ip/Pmods/PmodPIR_v1_0' will take precedence over the same IP in location z:/DAT096/vivado-library-b0946605e3617c901635278b62d0f6a8e3942844/ip/Pmods/PmodPIR_v1_0
WARNING: [IP_Flow 19-1663] Duplicate IP found for 'digilentinc.com:IP:PmodR2R:1.0'. The one found in IP location 'z:/DAT096/vivado-library-master/ip/Pmods/PmodR2R_v1_0' will take precedence over the same IP in location z:/DAT096/vivado-library-b0946605e3617c901635278b62d0f6a8e3942844/ip/Pmods/PmodR2R_v1_0
WARNING: [IP_Flow 19-1663] Duplicate IP found for 'digilentinc.com:IP:PmodRTCC:1.0'. The one found in IP location 'z:/DAT096/vivado-library-master/ip/Pmods/PmodRTCC_v1_0' will take precedence over the same IP in location z:/DAT096/vivado-library-b0946605e3617c901635278b62d0f6a8e3942844/ip/Pmods/PmodRTCC_v1_0
WARNING: [IP_Flow 19-1663] Duplicate IP found for 'digilentinc.com:IP:PmodSD:1.0'. The one found in IP location 'z:/DAT096/vivado-library-master/ip/Pmods/PmodSD_v1_0' will take precedence over the same IP in location z:/DAT096/vivado-library-b0946605e3617c901635278b62d0f6a8e3942844/ip/Pmods/PmodSD_v1_0
WARNING: [IP_Flow 19-1663] Duplicate IP found for 'digilentinc.com:IP:PmodSF3:1.0'. The one found in IP location 'z:/DAT096/vivado-library-master/ip/Pmods/PmodSF3_v1_0' will take precedence over the same IP in location z:/DAT096/vivado-library-b0946605e3617c901635278b62d0f6a8e3942844/ip/Pmods/PmodSF3_v1_0
WARNING: [IP_Flow 19-1663] Duplicate IP found for 'digilentinc.com:IP:PmodTC1:1.0'. The one found in IP location 'z:/DAT096/vivado-library-master/ip/Pmods/PmodTC1_v1_0' will take precedence over the same IP in location z:/DAT096/vivado-library-b0946605e3617c901635278b62d0f6a8e3942844/ip/Pmods/PmodTC1_v1_0
WARNING: [IP_Flow 19-1663] Duplicate IP found for 'digilentinc.com:IP:PmodTMP3:1.0'. The one found in IP location 'z:/DAT096/vivado-library-master/ip/Pmods/PmodTMP3_v1_0' will take precedence over the same IP in location z:/DAT096/vivado-library-b0946605e3617c901635278b62d0f6a8e3942844/ip/Pmods/PmodTMP3_v1_0
WARNING: [IP_Flow 19-1663] Duplicate IP found for 'digilentinc.com:IP:PmodWIFI:1.0'. The one found in IP location 'z:/DAT096/vivado-library-master/ip/Pmods/PmodWIFI_v1_0' will take precedence over the same IP in location z:/DAT096/vivado-library-b0946605e3617c901635278b62d0f6a8e3942844/ip/Pmods/PmodWIFI_v1_0
WARNING: [IP_Flow 19-1663] Duplicate IP found for 'digilentinc.com:ip:pmod_bridge:1.0'. The one found in IP location 'z:/DAT096/vivado-library-master/ip/Pmods/Pmod_Bridge_v1_0' will take precedence over the same IP in location z:/DAT096/vivado-library-b0946605e3617c901635278b62d0f6a8e3942844/ip/Pmods/Pmod_Bridge_v1_0
WARNING: [IP_Flow 19-1663] Duplicate IP found for 'digilentinc.com:ip:pmod_bridge:1.1'. The one found in IP location 'z:/DAT096/vivado-library-master/ip/Pmods/Pmod_Bridge_v1_1' will take precedence over the same IP in location z:/DAT096/vivado-library-b0946605e3617c901635278b62d0f6a8e3942844/ip/Pmods/Pmod_Bridge_v1_1
WARNING: [IP_Flow 19-1663] Duplicate IP found for 'digilentinc.com:IP:PWM:1.0'. The one found in IP location 'z:/DAT096/vivado-library-master/ip/PWM_1.0' will take precedence over the same IP in location z:/DAT096/vivado-library-b0946605e3617c901635278b62d0f6a8e3942844/ip/PWM_1.0
WARNING: [IP_Flow 19-1663] Duplicate IP found for 'digilentinc.com:IP:PWM:2.0'. The one found in IP location 'z:/DAT096/vivado-library-master/ip/PWM_2.0' will take precedence over the same IP in location z:/DAT096/vivado-library-b0946605e3617c901635278b62d0f6a8e3942844/ip/PWM_2.0
WARNING: [IP_Flow 19-1663] Duplicate IP found for 'digilentinc.com:IP:PWM_Analyzer:1.0'. The one found in IP location 'z:/DAT096/vivado-library-master/ip/PWM_Analyzer_1.0' will take precedence over the same IP in location z:/DAT096/vivado-library-b0946605e3617c901635278b62d0f6a8e3942844/ip/PWM_Analyzer_1.0
WARNING: [IP_Flow 19-1663] Duplicate IP found for 'digilentinc.com:ip:rgb2dvi:1.4'. The one found in IP location 'z:/DAT096/vivado-library-master/ip/rgb2dvi' will take precedence over the same IP in location z:/DAT096/vivado-library-b0946605e3617c901635278b62d0f6a8e3942844/ip/rgb2dvi
WARNING: [IP_Flow 19-4830] Duplicate Interface found for 'digilentinc.com:interface:pmod:1.0'. The one found in location 'z:/DAT096/vivado-library-b0946605e3617c901635278b62d0f6a8e3942844/if/pmod_v1_0/pmod.xml' will take precedence over the same Interface in location 'z:/DAT096/vivado-library-master/if/pmod_v1_0/pmod.xml'
WARNING: [IP_Flow 19-4830] Duplicate Interface found for 'digilentinc.com:interface:tmds:1.0'. The one found in location 'z:/DAT096/vivado-library-b0946605e3617c901635278b62d0f6a8e3942844/if/tmds_v1_0/tmds.xml' will take precedence over the same Interface in location 'z:/DAT096/vivado-library-master/if/tmds_v1_0/tmds.xml'
INFO: [IP_Flow 19-795] Syncing license key meta-data
ipx::edit_ip_in_project: Time (s): cpu = 00:00:09 ; elapsed = 00:00:18 . Memory (MB): peak = 3350.262 ; gain = 0.000
update_compile_order -fileset sources_1
WARNING: [filemgmt 56-199] Attempt to get parsing info during refresh. "On-the-fly" syntax checking information may be incorrect. [z:\DAT096\Project_team5\ip_repo\src\top_awgn.vhd:]
WARNING: [filemgmt 56-199] Attempt to get parsing info during refresh. "On-the-fly" syntax checking information may be incorrect. [z:\DAT096\Project_team5\ip_repo\src\AWGN_module_wrapper.vhd:]
WARNING: [filemgmt 56-199] Attempt to get parsing info during refresh. "On-the-fly" syntax checking information may be incorrect. [z:\DAT096\Project_team5\ip_repo\src\top_awgn.vhd:]
WARNING: [filemgmt 56-199] Attempt to get parsing info during refresh. "On-the-fly" syntax checking information may be incorrect. [z:\DAT096\Project_team5\ip_repo\src\top_awgn.vhd:]
ERROR: [Common 17-180] Spawn failed: No error
WARNING: [filemgmt 56-199] Attempt to get parsing info during refresh. "On-the-fly" syntax checking information may be incorrect. [z:\DAT096\Project_team5\ip_repo\src\top_awgn.vhd:]
WARNING: [filemgmt 56-199] Attempt to get parsing info during refresh. "On-the-fly" syntax checking information may be incorrect. [z:\DAT096\Project_team5\ip_repo\src\AWGN_module_wrapper.vhd:]
WARNING: [filemgmt 56-199] Attempt to get parsing info during refresh. "On-the-fly" syntax checking information may be incorrect. [z:\DAT096\Project_team5\ip_repo\src\top_awgn.vhd:]
WARNING: [filemgmt 56-199] Attempt to get parsing info during refresh. "On-the-fly" syntax checking information may be incorrect. [z:\DAT096\Project_team5\ip_repo\src\top_awgn.vhd:]
ERROR: [Common 17-180] Spawn failed: No error
WARNING: [filemgmt 56-199] Attempt to get parsing info during refresh. "On-the-fly" syntax checking information may be incorrect. [z:\DAT096\Project_team5\ip_repo\src\top_awgn.vhd:]
WARNING: [filemgmt 56-199] Attempt to get parsing info during refresh. "On-the-fly" syntax checking information may be incorrect. [z:\DAT096\Project_team5\ip_repo\src\AWGN_module_wrapper.vhd:]
WARNING: [filemgmt 56-199] Attempt to get parsing info during refresh. "On-the-fly" syntax checking information may be incorrect. [z:\DAT096\Project_team5\ip_repo\src\top_awgn.vhd:]
WARNING: [filemgmt 56-199] Attempt to get parsing info during refresh. "On-the-fly" syntax checking information may be incorrect. [z:\DAT096\Project_team5\ip_repo\src\top_awgn.vhd:]
ERROR: [Common 17-180] Spawn failed: No error
set_property core_revision 13 [ipx::current_core]
ipx::update_source_project_archive -component [ipx::current_core]
ipx::update_checksums [ipx::current_core]
ipx::check_integrity [ipx::current_core]
INFO: [IP_Flow 19-2181] Payment is not required for this core.
WARNING: [IP_Flow 19-2187] The Product Guide file is missing.
INFO: [Ipptcl 7-1486] check_integrity: Integrity check passed.
ipx::save_core [ipx::current_core]
WARNING: [filemgmt 56-199] Attempt to get parsing info during refresh. "On-the-fly" syntax checking information may be incorrect. [z:\DAT096\Project_team5\ip_repo\src\top_awgn.vhd:]
WARNING: [filemgmt 56-199] Attempt to get parsing info during refresh. "On-the-fly" syntax checking information may be incorrect. [z:\DAT096\Project_team5\ip_repo\src\AWGN_module_wrapper.vhd:]
WARNING: [filemgmt 56-199] Attempt to get parsing info during refresh. "On-the-fly" syntax checking information may be incorrect. [z:\DAT096\Project_team5\ip_repo\src\top_awgn.vhd:]
WARNING: [filemgmt 56-199] Attempt to get parsing info during refresh. "On-the-fly" syntax checking information may be incorrect. [z:\DAT096\Project_team5\ip_repo\src\top_awgn.vhd:]
ERROR: [Common 17-180] Spawn failed: No error
current_project Board_2
update_ip_catalog -rebuild -scan_changes
INFO: [IP_Flow 19-234] Refreshing IP repositories
WARNING: [IP_Flow 19-2248] Failed to load user IP repository 'z:/DAT096/vivado-library-zmod-v2-2019.1-2/vivado-library-zmod-v2-2019.1-2'; Can't find the specified path.
If this directory should no longer be in your list of user repositories, go to the IP Settings dialog and remove it.
INFO: [IP_Flow 19-1700] Loaded user IP repository 'z:/DAT096/Project_team5/ip_repo'.
WARNING: [IP_Flow 19-2248] Failed to load user IP repository 'z:/embedded project/Eclypse-Z7-HW/Eclypse-Z7-HW.ipdefs/repo'; Can't find the specified path.
If this directory should no longer be in your list of user repositories, go to the IP Settings dialog and remove it.
INFO: [IP_Flow 19-1700] Loaded user IP repository 'z:/DAT096/vivado-boards-master'.
INFO: [IP_Flow 19-1700] Loaded user IP repository 'z:/DAT096/vivado-library-b0946605e3617c901635278b62d0f6a8e3942844'.
INFO: [IP_Flow 19-1700] Loaded user IP repository 'z:/DAT096/vivado-library-master'.
WARNING: [IP_Flow 19-2248] Failed to load user IP repository 'z:/eda234/vivado-library-master'; Can't find the specified path.
If this directory should no longer be in your list of user repositories, go to the IP Settings dialog and remove it.
WARNING: [IP_Flow 19-3685] Ignored loading user repository 'z:/eda234/vivado-library-master/ip'. The path is contained within another repository.
WARNING: [IP_Flow 19-1663] Duplicate IP found for 'digilentinc.com:user:axi_i2s_adi:1.2'. The one found in IP location 'z:/DAT096/vivado-library-b0946605e3617c901635278b62d0f6a8e3942844/ip/axi_i2s_adi_1.2' will take precedence over the same IP in location z:/DAT096/vivado-library-master/ip/axi_i2s_adi_1.2
WARNING: [IP_Flow 19-1663] Duplicate IP found for 'digilentinc.com:IP:axi_ps2:1.0'. The one found in IP location 'z:/DAT096/vivado-library-b0946605e3617c901635278b62d0f6a8e3942844/ip/axi_ps2_1.0' will take precedence over the same IP in location z:/DAT096/vivado-library-master/ip/axi_ps2_1.0
WARNING: [IP_Flow 19-1663] Duplicate IP found for 'digilentinc.com:ip:clock_forwarder:1.1'. The one found in IP location 'z:/DAT096/vivado-library-b0946605e3617c901635278b62d0f6a8e3942844/ip/clock_forwarder' will take precedence over the same IP in location z:/DAT096/vivado-library-master/ip/clock_forwarder
WARNING: [IP_Flow 19-1663] Duplicate IP found for 'digilentinc.com:IP:hls_contrast_stretch:1.0'. The one found in IP location 'z:/DAT096/vivado-library-b0946605e3617c901635278b62d0f6a8e3942844/ip/hls_contrast_stretch_1_0' will take precedence over the same IP in location z:/DAT096/vivado-library-master/ip/hls_contrast_stretch_1_0
WARNING: [IP_Flow 19-1663] Duplicate IP found for 'digilentinc.com:IP:hls_gamma_correction:1.0'. The one found in IP location 'z:/DAT096/vivado-library-b0946605e3617c901635278b62d0f6a8e3942844/ip/hls_gamma_correction_1_0' will take precedence over the same IP in location z:/DAT096/vivado-library-master/ip/hls_gamma_correction_1_0
WARNING: [IP_Flow 19-1663] Duplicate IP found for 'digilentinc.com:IP:hls_saturation_enhance:1.0'. The one found in IP location 'z:/DAT096/vivado-library-b0946605e3617c901635278b62d0f6a8e3942844/ip/hls_saturation_enhance_1_0' will take precedence over the same IP in location z:/DAT096/vivado-library-master/ip/hls_saturation_enhance_1_0
WARNING: [IP_Flow 19-1663] Duplicate IP found for 'digilentinc.com:ip:rgb2dpvid:1.0'. The one found in IP location 'z:/DAT096/vivado-library-b0946605e3617c901635278b62d0f6a8e3942844/ip/rgb2dpvid_v1_0' will take precedence over the same IP in location z:/DAT096/vivado-library-master/ip/rgb2dpvid_v1_0
WARNING: [IP_Flow 19-1663] Duplicate IP found for 'digilentinc.com:ip:rgb2vga:1.0'. The one found in IP location 'z:/DAT096/vivado-library-b0946605e3617c901635278b62d0f6a8e3942844/ip/rgb2vga_v1_0' will take precedence over the same IP in location z:/DAT096/vivado-library-master/ip/rgb2vga_v1_0
WARNING: [IP_Flow 19-1663] Duplicate IP found for 'digilentinc.com:ip:Sync:1.0'. The one found in IP location 'z:/DAT096/vivado-library-b0946605e3617c901635278b62d0f6a8e3942844/ip/Sync_v1_0' will take precedence over the same IP in location z:/DAT096/vivado-library-master/ip/Sync_v1_0
WARNING: [IP_Flow 19-1663] Duplicate IP found for 'digilentinc.com:ip:usb2device:1.0'. The one found in IP location 'z:/DAT096/vivado-library-b0946605e3617c901635278b62d0f6a8e3942844/ip/usb2device_v1_0' will take precedence over the same IP in location z:/DAT096/vivado-library-master/ip/usb2device_v1_0
WARNING: [IP_Flow 19-1663] Duplicate IP found for 'digilentinc.com:video:video_scaler:1.0'. The one found in IP location 'z:/DAT096/vivado-library-b0946605e3617c901635278b62d0f6a8e3942844/ip/video_scaler' will take precedence over the same IP in location z:/DAT096/vivado-library-master/ip/video_scaler
WARNING: [IP_Flow 19-1663] Duplicate IP found for 'digilentinc.com:ip:dvi2rgb:2.0'. The one found in IP location 'z:/DAT096/vivado-library-master/ip/dvi2rgb' will take precedence over the same IP in location z:/DAT096/vivado-library-b0946605e3617c901635278b62d0f6a8e3942844/ip/dvi2rgb
WARNING: [IP_Flow 19-1663] Duplicate IP found for 'digilentinc.com:IP:MotorFeedback:1.0'. The one found in IP location 'z:/DAT096/vivado-library-master/ip/MotorFeedback_1.0' will take precedence over the same IP in location z:/DAT096/vivado-library-b0946605e3617c901635278b62d0f6a8e3942844/ip/MotorFeedback_1.0
WARNING: [IP_Flow 19-1663] Duplicate IP found for 'digilentinc.com:IP:PmodACL2:1.0'. The one found in IP location 'z:/DAT096/vivado-library-master/ip/Pmods/PmodACL2_v1_0' will take precedence over the same IP in location z:/DAT096/vivado-library-b0946605e3617c901635278b62d0f6a8e3942844/ip/Pmods/PmodACL2_v1_0
WARNING: [IP_Flow 19-1663] Duplicate IP found for 'digilentinc.com:IP:PmodACL:1.0'. The one found in IP location 'z:/DAT096/vivado-library-master/ip/Pmods/PmodACL_v1_0' will take precedence over the same IP in location z:/DAT096/vivado-library-b0946605e3617c901635278b62d0f6a8e3942844/ip/Pmods/PmodACL_v1_0
WARNING: [IP_Flow 19-1663] Duplicate IP found for 'digilentinc.com:IP:PmodAD1:1.0'. The one found in IP location 'z:/DAT096/vivado-library-master/ip/Pmods/PmodAD1_v1_0' will take precedence over the same IP in location z:/DAT096/vivado-library-b0946605e3617c901635278b62d0f6a8e3942844/ip/Pmods/PmodAD1_v1_0
WARNING: [IP_Flow 19-1663] Duplicate IP found for 'digilentinc.com:IP:PmodAD2:1.0'. The one found in IP location 'z:/DAT096/vivado-library-master/ip/Pmods/PmodAD2_v1_0' will take precedence over the same IP in location z:/DAT096/vivado-library-b0946605e3617c901635278b62d0f6a8e3942844/ip/Pmods/PmodAD2_v1_0
WARNING: [IP_Flow 19-1663] Duplicate IP found for 'digilentinc.com:IP:PmodAD5:1.0'. The one found in IP location 'z:/DAT096/vivado-library-master/ip/Pmods/PmodAD5_v1_0' will take precedence over the same IP in location z:/DAT096/vivado-library-b0946605e3617c901635278b62d0f6a8e3942844/ip/Pmods/PmodAD5_v1_0
WARNING: [IP_Flow 19-1663] Duplicate IP found for 'digilentinc.com:IP:PmodALS:1.0'. The one found in IP location 'z:/DAT096/vivado-library-master/ip/Pmods/PmodALS_v1_0' will take precedence over the same IP in location z:/DAT096/vivado-library-b0946605e3617c901635278b62d0f6a8e3942844/ip/Pmods/PmodALS_v1_0
WARNING: [IP_Flow 19-1663] Duplicate IP found for 'digilentinc.com:IP:PmodAMP2:1.0'. The one found in IP location 'z:/DAT096/vivado-library-master/ip/Pmods/PmodAMP2_v1_0' will take precedence over the same IP in location z:/DAT096/vivado-library-b0946605e3617c901635278b62d0f6a8e3942844/ip/Pmods/PmodAMP2_v1_0
WARNING: [IP_Flow 19-1663] Duplicate IP found for 'digilentinc.com:IP:PmodAQS:1.0'. The one found in IP location 'z:/DAT096/vivado-library-master/ip/Pmods/PmodAQS_v1_0' will take precedence over the same IP in location z:/DAT096/vivado-library-b0946605e3617c901635278b62d0f6a8e3942844/ip/Pmods/PmodAQS_v1_0
WARNING: [IP_Flow 19-1663] Duplicate IP found for 'digilentinc.com:IP:PmodBLE:1.0'. The one found in IP location 'z:/DAT096/vivado-library-master/ip/Pmods/PmodBLE_v1_0' will take precedence over the same IP in location z:/DAT096/vivado-library-b0946605e3617c901635278b62d0f6a8e3942844/ip/Pmods/PmodBLE_v1_0
WARNING: [IP_Flow 19-1663] Duplicate IP found for 'digilentinc.com:IP:PmodBT2:1.0'. The one found in IP location 'z:/DAT096/vivado-library-master/ip/Pmods/PmodBT2_v1_0' will take precedence over the same IP in location z:/DAT096/vivado-library-b0946605e3617c901635278b62d0f6a8e3942844/ip/Pmods/PmodBT2_v1_0
WARNING: [IP_Flow 19-1663] Duplicate IP found for 'digilentinc.com:IP:PmodCAN:1.0'. The one found in IP location 'z:/DAT096/vivado-library-master/ip/Pmods/PmodCAN_v1_0' will take precedence over the same IP in location z:/DAT096/vivado-library-b0946605e3617c901635278b62d0f6a8e3942844/ip/Pmods/PmodCAN_v1_0
WARNING: [IP_Flow 19-1663] Duplicate IP found for 'digilentinc.com:IP:PmodCLS:1.0'. The one found in IP location 'z:/DAT096/vivado-library-master/ip/Pmods/PmodCLS_v1_0' will take precedence over the same IP in location z:/DAT096/vivado-library-b0946605e3617c901635278b62d0f6a8e3942844/ip/Pmods/PmodCLS_v1_0
WARNING: [IP_Flow 19-1663] Duplicate IP found for 'digilentinc.com:IP:PmodCMPS2:1.0'. The one found in IP location 'z:/DAT096/vivado-library-master/ip/Pmods/PmodCMPS2_v1_0' will take precedence over the same IP in location z:/DAT096/vivado-library-b0946605e3617c901635278b62d0f6a8e3942844/ip/Pmods/PmodCMPS2_v1_0
WARNING: [IP_Flow 19-1663] Duplicate IP found for 'digilentinc.com:IP:PmodCOLOR:1.0'. The one found in IP location 'z:/DAT096/vivado-library-master/ip/Pmods/PmodCOLOR_v1_0' will take precedence over the same IP in location z:/DAT096/vivado-library-b0946605e3617c901635278b62d0f6a8e3942844/ip/Pmods/PmodCOLOR_v1_0
WARNING: [IP_Flow 19-1663] Duplicate IP found for 'digilentinc.com:IP:PmodDA1:1.0'. The one found in IP location 'z:/DAT096/vivado-library-master/ip/Pmods/PmodDA1_v1_0' will take precedence over the same IP in location z:/DAT096/vivado-library-b0946605e3617c901635278b62d0f6a8e3942844/ip/Pmods/PmodDA1_v1_0
WARNING: [IP_Flow 19-1663] Duplicate IP found for 'digilentinc.com:IP:PmodDHB1:1.0'. The one found in IP location 'z:/DAT096/vivado-library-master/ip/Pmods/PmodDHB1_v1_0' will take precedence over the same IP in location z:/DAT096/vivado-library-b0946605e3617c901635278b62d0f6a8e3942844/ip/Pmods/PmodDHB1_v1_0
WARNING: [IP_Flow 19-1663] Duplicate IP found for 'digilentinc.com:IP:PmodDPG1:1.0'. The one found in IP location 'z:/DAT096/vivado-library-master/ip/Pmods/PmodDPG1_v1_0' will take precedence over the same IP in location z:/DAT096/vivado-library-b0946605e3617c901635278b62d0f6a8e3942844/ip/Pmods/PmodDPG1_v1_0
WARNING: [IP_Flow 19-1663] Duplicate IP found for 'digilentinc.com:IP:PmodENC:1.0'. The one found in IP location 'z:/DAT096/vivado-library-master/ip/Pmods/PmodENC_v1_0' will take precedence over the same IP in location z:/DAT096/vivado-library-b0946605e3617c901635278b62d0f6a8e3942844/ip/Pmods/PmodENC_v1_0
WARNING: [IP_Flow 19-1663] Duplicate IP found for 'digilentinc.com:user:PmodESP32:1.0'. The one found in IP location 'z:/DAT096/vivado-library-master/ip/Pmods/PmodESP32_v1_0' will take precedence over the same IP in location z:/DAT096/vivado-library-b0946605e3617c901635278b62d0f6a8e3942844/ip/Pmods/PmodESP32_v1_0
WARNING: [IP_Flow 19-1663] Duplicate IP found for 'digilentinc.com:IP:PmodGPIO:1.0'. The one found in IP location 'z:/DAT096/vivado-library-master/ip/Pmods/PmodGPIO_v1_0' will take precedence over the same IP in location z:/DAT096/vivado-library-b0946605e3617c901635278b62d0f6a8e3942844/ip/Pmods/PmodGPIO_v1_0
WARNING: [IP_Flow 19-1663] Duplicate IP found for 'digilentinc.com:IP:PmodGPS:1.1'. The one found in IP location 'z:/DAT096/vivado-library-master/ip/Pmods/PmodGPS_v1_1' will take precedence over the same IP in location z:/DAT096/vivado-library-b0946605e3617c901635278b62d0f6a8e3942844/ip/Pmods/PmodGPS_v1_1
WARNING: [IP_Flow 19-1663] Duplicate IP found for 'digilentinc.com:IP:PmodGYRO:1.0'. The one found in IP location 'z:/DAT096/vivado-library-master/ip/Pmods/PmodGYRO_v1_0' will take precedence over the same IP in location z:/DAT096/vivado-library-b0946605e3617c901635278b62d0f6a8e3942844/ip/Pmods/PmodGYRO_v1_0
WARNING: [IP_Flow 19-1663] Duplicate IP found for 'digilentinc.com:IP:PmodHYGRO:1.0'. The one found in IP location 'z:/DAT096/vivado-library-master/ip/Pmods/PmodHYGRO_v1_0' will take precedence over the same IP in location z:/DAT096/vivado-library-b0946605e3617c901635278b62d0f6a8e3942844/ip/Pmods/PmodHYGRO_v1_0
WARNING: [IP_Flow 19-1663] Duplicate IP found for 'digilentinc.com:IP:PmodJSTK2:1.0'. The one found in IP location 'z:/DAT096/vivado-library-master/ip/Pmods/PmodJSTK2_v1_0' will take precedence over the same IP in location z:/DAT096/vivado-library-b0946605e3617c901635278b62d0f6a8e3942844/ip/Pmods/PmodJSTK2_v1_0
WARNING: [IP_Flow 19-1663] Duplicate IP found for 'digilentinc.com:IP:PmodJSTK:1.0'. The one found in IP location 'z:/DAT096/vivado-library-master/ip/Pmods/PmodJSTK_v1_0' will take precedence over the same IP in location z:/DAT096/vivado-library-b0946605e3617c901635278b62d0f6a8e3942844/ip/Pmods/PmodJSTK_v1_0
WARNING: [IP_Flow 19-1663] Duplicate IP found for 'digilentinc.com:IP:PmodKYPD:1.0'. The one found in IP location 'z:/DAT096/vivado-library-master/ip/Pmods/PmodKYPD_v1_0' will take precedence over the same IP in location z:/DAT096/vivado-library-b0946605e3617c901635278b62d0f6a8e3942844/ip/Pmods/PmodKYPD_v1_0
WARNING: [IP_Flow 19-1663] Duplicate IP found for 'digilentinc.com:IP:PmodMAXSONAR:1.0'. The one found in IP location 'z:/DAT096/vivado-library-master/ip/Pmods/PmodMAXSONAR_v1_0' will take precedence over the same IP in location z:/DAT096/vivado-library-b0946605e3617c901635278b62d0f6a8e3942844/ip/Pmods/PmodMAXSONAR_v1_0
WARNING: [IP_Flow 19-1663] Duplicate IP found for 'digilentinc.com:IP:PmodMTDS:1.0'. The one found in IP location 'z:/DAT096/vivado-library-master/ip/Pmods/PmodMTDS_v1_0' will take precedence over the same IP in location z:/DAT096/vivado-library-b0946605e3617c901635278b62d0f6a8e3942844/ip/Pmods/PmodMTDS_v1_0
WARNING: [IP_Flow 19-1663] Duplicate IP found for 'digilentinc.com:IP:PmodNAV:1.0'. The one found in IP location 'z:/DAT096/vivado-library-master/ip/Pmods/PmodNAV_v1_0' will take precedence over the same IP in location z:/DAT096/vivado-library-b0946605e3617c901635278b62d0f6a8e3942844/ip/Pmods/PmodNAV_v1_0
WARNING: [IP_Flow 19-1663] Duplicate IP found for 'digilentinc.com:IP:PmodOLEDrgb:1.0'. The one found in IP location 'z:/DAT096/vivado-library-master/ip/Pmods/pmodOLEDrgb_v1_0' will take precedence over the same IP in location z:/DAT096/vivado-library-b0946605e3617c901635278b62d0f6a8e3942844/ip/Pmods/pmodOLEDrgb_v1_0
WARNING: [IP_Flow 19-1663] Duplicate IP found for 'digilentinc.com:IP:PmodOLED:1.0'. The one found in IP location 'z:/DAT096/vivado-library-master/ip/Pmods/PmodOLED_v1_0' will take precedence over the same IP in location z:/DAT096/vivado-library-b0946605e3617c901635278b62d0f6a8e3942844/ip/Pmods/PmodOLED_v1_0
WARNING: [IP_Flow 19-1663] Duplicate IP found for 'digilentinc.com:IP:PmodPIR:1.0'. The one found in IP location 'z:/DAT096/vivado-library-master/ip/Pmods/PmodPIR_v1_0' will take precedence over the same IP in location z:/DAT096/vivado-library-b0946605e3617c901635278b62d0f6a8e3942844/ip/Pmods/PmodPIR_v1_0
WARNING: [IP_Flow 19-1663] Duplicate IP found for 'digilentinc.com:IP:PmodR2R:1.0'. The one found in IP location 'z:/DAT096/vivado-library-master/ip/Pmods/PmodR2R_v1_0' will take precedence over the same IP in location z:/DAT096/vivado-library-b0946605e3617c901635278b62d0f6a8e3942844/ip/Pmods/PmodR2R_v1_0
WARNING: [IP_Flow 19-1663] Duplicate IP found for 'digilentinc.com:IP:PmodRTCC:1.0'. The one found in IP location 'z:/DAT096/vivado-library-master/ip/Pmods/PmodRTCC_v1_0' will take precedence over the same IP in location z:/DAT096/vivado-library-b0946605e3617c901635278b62d0f6a8e3942844/ip/Pmods/PmodRTCC_v1_0
WARNING: [IP_Flow 19-1663] Duplicate IP found for 'digilentinc.com:IP:PmodSD:1.0'. The one found in IP location 'z:/DAT096/vivado-library-master/ip/Pmods/PmodSD_v1_0' will take precedence over the same IP in location z:/DAT096/vivado-library-b0946605e3617c901635278b62d0f6a8e3942844/ip/Pmods/PmodSD_v1_0
WARNING: [IP_Flow 19-1663] Duplicate IP found for 'digilentinc.com:IP:PmodSF3:1.0'. The one found in IP location 'z:/DAT096/vivado-library-master/ip/Pmods/PmodSF3_v1_0' will take precedence over the same IP in location z:/DAT096/vivado-library-b0946605e3617c901635278b62d0f6a8e3942844/ip/Pmods/PmodSF3_v1_0
WARNING: [IP_Flow 19-1663] Duplicate IP found for 'digilentinc.com:IP:PmodTC1:1.0'. The one found in IP location 'z:/DAT096/vivado-library-master/ip/Pmods/PmodTC1_v1_0' will take precedence over the same IP in location z:/DAT096/vivado-library-b0946605e3617c901635278b62d0f6a8e3942844/ip/Pmods/PmodTC1_v1_0
WARNING: [IP_Flow 19-1663] Duplicate IP found for 'digilentinc.com:IP:PmodTMP3:1.0'. The one found in IP location 'z:/DAT096/vivado-library-master/ip/Pmods/PmodTMP3_v1_0' will take precedence over the same IP in location z:/DAT096/vivado-library-b0946605e3617c901635278b62d0f6a8e3942844/ip/Pmods/PmodTMP3_v1_0
WARNING: [IP_Flow 19-1663] Duplicate IP found for 'digilentinc.com:IP:PmodWIFI:1.0'. The one found in IP location 'z:/DAT096/vivado-library-master/ip/Pmods/PmodWIFI_v1_0' will take precedence over the same IP in location z:/DAT096/vivado-library-b0946605e3617c901635278b62d0f6a8e3942844/ip/Pmods/PmodWIFI_v1_0
WARNING: [IP_Flow 19-1663] Duplicate IP found for 'digilentinc.com:ip:pmod_bridge:1.0'. The one found in IP location 'z:/DAT096/vivado-library-master/ip/Pmods/Pmod_Bridge_v1_0' will take precedence over the same IP in location z:/DAT096/vivado-library-b0946605e3617c901635278b62d0f6a8e3942844/ip/Pmods/Pmod_Bridge_v1_0
WARNING: [IP_Flow 19-1663] Duplicate IP found for 'digilentinc.com:ip:pmod_bridge:1.1'. The one found in IP location 'z:/DAT096/vivado-library-master/ip/Pmods/Pmod_Bridge_v1_1' will take precedence over the same IP in location z:/DAT096/vivado-library-b0946605e3617c901635278b62d0f6a8e3942844/ip/Pmods/Pmod_Bridge_v1_1
WARNING: [IP_Flow 19-1663] Duplicate IP found for 'digilentinc.com:IP:PWM:1.0'. The one found in IP location 'z:/DAT096/vivado-library-master/ip/PWM_1.0' will take precedence over the same IP in location z:/DAT096/vivado-library-b0946605e3617c901635278b62d0f6a8e3942844/ip/PWM_1.0
WARNING: [IP_Flow 19-1663] Duplicate IP found for 'digilentinc.com:IP:PWM:2.0'. The one found in IP location 'z:/DAT096/vivado-library-master/ip/PWM_2.0' will take precedence over the same IP in location z:/DAT096/vivado-library-b0946605e3617c901635278b62d0f6a8e3942844/ip/PWM_2.0
WARNING: [IP_Flow 19-1663] Duplicate IP found for 'digilentinc.com:IP:PWM_Analyzer:1.0'. The one found in IP location 'z:/DAT096/vivado-library-master/ip/PWM_Analyzer_1.0' will take precedence over the same IP in location z:/DAT096/vivado-library-b0946605e3617c901635278b62d0f6a8e3942844/ip/PWM_Analyzer_1.0
WARNING: [IP_Flow 19-1663] Duplicate IP found for 'digilentinc.com:ip:rgb2dvi:1.4'. The one found in IP location 'z:/DAT096/vivado-library-master/ip/rgb2dvi' will take precedence over the same IP in location z:/DAT096/vivado-library-b0946605e3617c901635278b62d0f6a8e3942844/ip/rgb2dvi
WARNING: [IP_Flow 19-4830] Duplicate Interface found for 'digilentinc.com:interface:pmod:1.0'. The one found in location 'z:/DAT096/vivado-library-b0946605e3617c901635278b62d0f6a8e3942844/if/pmod_v1_0/pmod.xml' will take precedence over the same Interface in location 'z:/DAT096/vivado-library-master/if/pmod_v1_0/pmod.xml'
WARNING: [IP_Flow 19-4830] Duplicate Interface found for 'digilentinc.com:interface:tmds:1.0'. The one found in location 'z:/DAT096/vivado-library-b0946605e3617c901635278b62d0f6a8e3942844/if/tmds_v1_0/tmds.xml' will take precedence over the same Interface in location 'z:/DAT096/vivado-library-master/if/tmds_v1_0/tmds.xml'
update_ip_catalog: Time (s): cpu = 00:00:02 ; elapsed = 00:00:13 . Memory (MB): peak = 3350.262 ; gain = 0.000
report_ip_status -name ip_status
current_project AWGN_module_wrapper_v1_0_project
current_project Board_2
upgrade_ip -vlnv chalmers.se:user:AWGN_module_wrapper:1.0 [get_ips  design_2_AWGN_module_wrapper_0_0] -log ip_upgrade.log
Upgrading 'Z:/DAT096/DAT096-krish/Embedded-System-Project-DAT096-krishna/Board_2/Board_2/Board_2.srcs/sources_1/bd/design_2/design_2.bd'
WARNING: [Vivado 12-1017] Problems encountered:
1. Failed to delete one or more files in run directory Z:/DAT096/DAT096-krish/Embedded-System-Project-DAT096-krishna/Board_2/Board_2/Board_2.runs/design_2_AWGN_module_wrapper_0_0_synth_1

INFO: [IP_Flow 19-3422] Upgraded design_2_AWGN_module_wrapper_0_0 (AWGN_module_wrapper_v1_0 1.0) from revision 12 to revision 13
Wrote  : <Z:\DAT096\DAT096-krish\Embedded-System-Project-DAT096-krishna\Board_2\Board_2\Board_2.srcs\sources_1\bd\design_2\design_2.bd> 
Wrote  : <Z:/DAT096/DAT096-krish/Embedded-System-Project-DAT096-krishna/Board_2/Board_2/Board_2.srcs/sources_1/bd/design_2/ui/bd_1fdbff51.ui> 
INFO: [Coretcl 2-1525] Wrote upgrade log to 'Z:/DAT096/DAT096-krish/Embedded-System-Project-DAT096-krishna/Board_2/Board_2/ip_upgrade.log'.
export_ip_user_files -of_objects [get_ips design_2_AWGN_module_wrapper_0_0] -no_script -sync -force -quiet
generate_target all [get_files  Z:/DAT096/DAT096-krish/Embedded-System-Project-DAT096-krishna/Board_2/Board_2/Board_2.srcs/sources_1/bd/design_2/design_2.bd]
WARNING: [BD 41-2670] Found an incomplete address path from address space '/processing_system7_0/Data' to master interface '/processing_system7_0/M_AXI_GP0'. Please either complete or remove this path to resolve.
WARNING: [BD 5-699] No address segments matched 'get_bd_addr_segs -of_objects /processing_system7_0/Data'
INFO: [xilinx.com:ip:c_addsub:12.0-913] /c_addsub_0 A_Width has been set to manual on the GUI. It will not be updated during validation with a propagated value.
INFO: [xilinx.com:ip:c_addsub:12.0-913] /c_addsub_0 A_Type has been set to manual on the GUI. It will not be updated during validation with a propagated value.
INFO: [xilinx.com:ip:c_addsub:12.0-913] /c_addsub_0 B_Width has been set to manual on the GUI. It will not be updated during validation with a propagated value.
INFO: [xilinx.com:ip:c_addsub:12.0-913] /c_addsub_0 B_Type has been set to manual on the GUI. It will not be updated during validation with a propagated value.
INFO: [xilinx.com:ip:clk_wiz:6.0-1] /clk_wiz_0 clk_wiz propagate
Wrote  : <Z:\DAT096\DAT096-krish\Embedded-System-Project-DAT096-krishna\Board_2\Board_2\Board_2.srcs\sources_1\bd\design_2\design_2.bd> 
VHDL Output written to : z:/DAT096/DAT096-krish/Embedded-System-Project-DAT096-krishna/Board_2/Board_2/Board_2.gen/sources_1/bd/design_2/synth/design_2.vhd
VHDL Output written to : z:/DAT096/DAT096-krish/Embedded-System-Project-DAT096-krishna/Board_2/Board_2/Board_2.gen/sources_1/bd/design_2/sim/design_2.vhd
VHDL Output written to : z:/DAT096/DAT096-krish/Embedded-System-Project-DAT096-krishna/Board_2/Board_2/Board_2.gen/sources_1/bd/design_2/hdl/design_2_wrapper.vhd
INFO: [BD 41-1029] Generation completed for the IP Integrator block AWGN_module_wrapper_0 .
Exporting to file z:/DAT096/DAT096-krish/Embedded-System-Project-DAT096-krishna/Board_2/Board_2/Board_2.gen/sources_1/bd/design_2/hw_handoff/design_2.hwh
Generated Hardware Definition File z:/DAT096/DAT096-krish/Embedded-System-Project-DAT096-krishna/Board_2/Board_2/Board_2.gen/sources_1/bd/design_2/synth/design_2.hwdef
catch { config_ip_cache -export [get_ips -all design_2_AWGN_module_wrapper_0_0] }
INFO: [IP_Flow 19-6924] IPCACHE: Running cache check for IP inst: design_2_AWGN_module_wrapper_0_0
export_ip_user_files -of_objects [get_files Z:/DAT096/DAT096-krish/Embedded-System-Project-DAT096-krishna/Board_2/Board_2/Board_2.srcs/sources_1/bd/design_2/design_2.bd] -no_script -sync -force -quiet
create_ip_run [get_files -of_objects [get_fileset sources_1] Z:/DAT096/DAT096-krish/Embedded-System-Project-DAT096-krishna/Board_2/Board_2/Board_2.srcs/sources_1/bd/design_2/design_2.bd]
launch_runs design_2_AWGN_module_wrapper_0_0_synth_1 -jobs 28
INFO: [IP_Flow 19-6924] IPCACHE: Running cache check for IP inst: design_2_AWGN_module_wrapper_0_0
WARNING: [filemgmt 56-199] Attempt to get parsing info during refresh. "On-the-fly" syntax checking information may be incorrect. [z:\DAT096\Project_team5\ip_repo\src\top_awgn.vhd:]
WARNING: [filemgmt 56-199] Attempt to get parsing info during refresh. "On-the-fly" syntax checking information may be incorrect. [z:\DAT096\Project_team5\ip_repo\src\AWGN_module_wrapper.vhd:]
WARNING: [filemgmt 56-199] Attempt to get parsing info during refresh. "On-the-fly" syntax checking information may be incorrect. [z:\DAT096\Project_team5\ip_repo\src\AWGN_module_wrapper.vhd:]
WARNING: [filemgmt 56-199] Attempt to get parsing info during refresh. "On-the-fly" syntax checking information may be incorrect. [z:\DAT096\Project_team5\ip_repo\src\AWGN_module_wrapper.vhd:]
[Tue May 12 12:36:01 2026] Launched design_2_AWGN_module_wrapper_0_0_synth_1...
Run output will be captured here: Z:/DAT096/DAT096-krish/Embedded-System-Project-DAT096-krishna/Board_2/Board_2/Board_2.runs/design_2_AWGN_module_wrapper_0_0_synth_1/runme.log
export_simulation -lib_map_path [list {modelsim=Z:/DAT096/DAT096-krish/Embedded-System-Project-DAT096-krishna/Board_2/Board_2/Board_2.cache/compile_simlib/modelsim} {questa=Z:/DAT096/DAT096-krish/Embedded-System-Project-DAT096-krishna/Board_2/Board_2/Board_2.cache/compile_simlib/questa} {riviera=Z:/DAT096/DAT096-krish/Embedded-System-Project-DAT096-krishna/Board_2/Board_2/Board_2.cache/compile_simlib/riviera} {activehdl=Z:/DAT096/DAT096-krish/Embedded-System-Project-DAT096-krishna/Board_2/Board_2/Board_2.cache/compile_simlib/activehdl}] -of_objects [get_files Z:/DAT096/DAT096-krish/Embedded-System-Project-DAT096-krishna/Board_2/Board_2/Board_2.srcs/sources_1/bd/design_2/design_2.bd] -directory Z:/DAT096/DAT096-krish/Embedded-System-Project-DAT096-krishna/Board_2/Board_2/Board_2.ip_user_files/sim_scripts -ip_user_files_dir Z:/DAT096/DAT096-krish/Embedded-System-Project-DAT096-krishna/Board_2/Board_2/Board_2.ip_user_files -ipstatic_source_dir Z:/DAT096/DAT096-krish/Embedded-System-Project-DAT096-krishna/Board_2/Board_2/Board_2.ip_user_files/ipstatic -use_ip_compiled_libs -force -quiet
WARNING: [filemgmt 56-199] Attempt to get parsing info during refresh. "On-the-fly" syntax checking information may be incorrect. [z:\DAT096\Project_team5\ip_repo\src\top_awgn.vhd:]
WARNING: [filemgmt 56-199] Attempt to get parsing info during refresh. "On-the-fly" syntax checking information may be incorrect. [z:\DAT096\Project_team5\ip_repo\src\AWGN_module_wrapper.vhd:]
WARNING: [filemgmt 56-199] Attempt to get parsing info during refresh. "On-the-fly" syntax checking information may be incorrect. [z:\DAT096\Project_team5\ip_repo\src\top_awgn.vhd:]
WARNING: [filemgmt 56-199] Attempt to get parsing info during refresh. "On-the-fly" syntax checking information may be incorrect. [z:\DAT096\Project_team5\ip_repo\src\top_awgn.vhd:]
ERROR: [Common 17-180] Spawn failed: No error
report_ip_status -name ip_status 
close_bd_design [get_bd_designs design_2]
open_bd_design {Z:/DAT096/DAT096-krish/Embedded-System-Project-DAT096-krishna/Board_2/Board_2/Board_2.srcs/sources_1/bd/design_2/design_2.bd}
Reading block design file <Z:/DAT096/DAT096-krish/Embedded-System-Project-DAT096-krishna/Board_2/Board_2/Board_2.srcs/sources_1/bd/design_2/design_2.bd>...
Adding component instance block -- xilinx.com:ip:ila:6.2 - ila_0
INFO: [xilinx.com:ip:ila:6.2-6] /ila_0: AMD recommends using the System ILA IP in IP Integrator. The System ILA IP is functionally equivalent to an ILA and offers additional benefits in debugging interfaces both within IP Integrator and the Hardware Manager. Consult the Programming and Debug User Guide UG908 for further details.
Adding component instance block -- xilinx.com:module_ref:adc_bit_decoder:1.0 - adc_bit_decoder_0
Adding component instance block -- xilinx.com:ip:xlconstant:1.1 - xlconstant_1
Adding component instance block -- xilinx.com:ip:xlslice:1.0 - xlslice_0
Adding component instance block -- xilinx.com:ip:xlconstant:1.1 - xlconstant_3
Adding component instance block -- xilinx.com:ip:processing_system7:5.5 - processing_system7_0
Adding component instance block -- digilent.com:user:ZmodScopeController:1.2 - ZmodScopeController_0
Adding component instance block -- digilent.com:user:ZmodAWGController:1.1 - ZmodAWGController_0
Adding component instance block -- xilinx.com:ip:clk_wiz:6.0 - clk_wiz_0
Adding component instance block -- xilinx.com:module_ref:voltage_to_current:1.0 - voltage_to_current_0
Adding component instance block -- xilinx.com:module_ref:vcsel_top:1.0 - vcsel_top_0
Adding component instance block -- xilinx.com:ip:vio:3.0 - vio_0
Adding component instance block -- chalmers.se:user:AWGN_module_wrapper:1.0 - AWGN_module_wrapper_0
Adding component instance block -- xilinx.com:ip:c_addsub:12.0 - c_addsub_0
Adding component instance block -- xilinx.com:ip:xlconcat:2.1 - xlconcat_0
Adding component instance block -- xilinx.com:ip:xlconstant:1.1 - xlconstant_0
Adding component instance block -- xilinx.com:ip:xlconstant:1.1 - xlconstant_2
Successfully read diagram <design_2> from block design file <Z:/DAT096/DAT096-krish/Embedded-System-Project-DAT096-krishna/Board_2/Board_2/Board_2.srcs/sources_1/bd/design_2/design_2.bd>
report_ip_status -name ip_status 
current_project AWGN_module_wrapper_v1_0_project
close_project
ipx::edit_ip_in_project -upgrade true -name AWGN_module_wrapper_v1_0_project -directory Z:/DAT096/DAT096-krish/Embedded-System-Project-DAT096-krishna/Board_2/Board_2/Board_2.tmp/AWGN_module_wrapper_v1_0_project z:/DAT096/Project_team5/ip_repo/component.xml
INFO: [ProjectBase 1-489] The host OS only allows 260 characters in a normal path. The project is stored in a path with more than 80 characters. If you experience issues with IP, Block Designs, or files not being found, please consider moving the project to a location with a shorter path. Alternately consider using the OS subst command to map part of the path to a drive letter.
Current project path is 'z:/dat096/dat096-krish/embedded-system-project-dat096-krishna/board_2/board_2/board_2.tmp/awgn_module_wrapper_v1_0_project'
INFO: [IP_Flow 19-234] Refreshing IP repositories
INFO: [IP_Flow 19-1704] No user IP repositories specified
INFO: [IP_Flow 19-2313] Loaded Vivado IP repository 'C:/Progs/Xilinx/Vivado/2024.2/data/ip'.
INFO: [IP_Flow 19-234] Refreshing IP repositories
WARNING: [IP_Flow 19-2248] Failed to load user IP repository 'z:/DAT096/vivado-library-zmod-v2-2019.1-2/vivado-library-zmod-v2-2019.1-2'; Can't find the specified path.
If this directory should no longer be in your list of user repositories, go to the IP Settings dialog and remove it.
INFO: [IP_Flow 19-1700] Loaded user IP repository 'z:/DAT096/Project_team5/ip_repo'.
WARNING: [IP_Flow 19-2248] Failed to load user IP repository 'z:/embedded project/Eclypse-Z7-HW/Eclypse-Z7-HW.ipdefs/repo'; Can't find the specified path.
If this directory should no longer be in your list of user repositories, go to the IP Settings dialog and remove it.
INFO: [IP_Flow 19-1700] Loaded user IP repository 'z:/DAT096/vivado-boards-master'.
INFO: [IP_Flow 19-1700] Loaded user IP repository 'z:/DAT096/vivado-library-b0946605e3617c901635278b62d0f6a8e3942844'.
INFO: [IP_Flow 19-1700] Loaded user IP repository 'z:/DAT096/vivado-library-master'.
WARNING: [IP_Flow 19-2248] Failed to load user IP repository 'z:/eda234/vivado-library-master'; Can't find the specified path.
If this directory should no longer be in your list of user repositories, go to the IP Settings dialog and remove it.
WARNING: [IP_Flow 19-3685] Ignored loading user repository 'z:/eda234/vivado-library-master/ip'. The path is contained within another repository.
WARNING: [IP_Flow 19-1663] Duplicate IP found for 'digilentinc.com:user:axi_i2s_adi:1.2'. The one found in IP location 'z:/DAT096/vivado-library-b0946605e3617c901635278b62d0f6a8e3942844/ip/axi_i2s_adi_1.2' will take precedence over the same IP in location z:/DAT096/vivado-library-master/ip/axi_i2s_adi_1.2
WARNING: [IP_Flow 19-1663] Duplicate IP found for 'digilentinc.com:IP:axi_ps2:1.0'. The one found in IP location 'z:/DAT096/vivado-library-b0946605e3617c901635278b62d0f6a8e3942844/ip/axi_ps2_1.0' will take precedence over the same IP in location z:/DAT096/vivado-library-master/ip/axi_ps2_1.0
WARNING: [IP_Flow 19-1663] Duplicate IP found for 'digilentinc.com:ip:clock_forwarder:1.1'. The one found in IP location 'z:/DAT096/vivado-library-b0946605e3617c901635278b62d0f6a8e3942844/ip/clock_forwarder' will take precedence over the same IP in location z:/DAT096/vivado-library-master/ip/clock_forwarder
WARNING: [IP_Flow 19-1663] Duplicate IP found for 'digilentinc.com:IP:hls_contrast_stretch:1.0'. The one found in IP location 'z:/DAT096/vivado-library-b0946605e3617c901635278b62d0f6a8e3942844/ip/hls_contrast_stretch_1_0' will take precedence over the same IP in location z:/DAT096/vivado-library-master/ip/hls_contrast_stretch_1_0
WARNING: [IP_Flow 19-1663] Duplicate IP found for 'digilentinc.com:IP:hls_gamma_correction:1.0'. The one found in IP location 'z:/DAT096/vivado-library-b0946605e3617c901635278b62d0f6a8e3942844/ip/hls_gamma_correction_1_0' will take precedence over the same IP in location z:/DAT096/vivado-library-master/ip/hls_gamma_correction_1_0
WARNING: [IP_Flow 19-1663] Duplicate IP found for 'digilentinc.com:IP:hls_saturation_enhance:1.0'. The one found in IP location 'z:/DAT096/vivado-library-b0946605e3617c901635278b62d0f6a8e3942844/ip/hls_saturation_enhance_1_0' will take precedence over the same IP in location z:/DAT096/vivado-library-master/ip/hls_saturation_enhance_1_0
WARNING: [IP_Flow 19-1663] Duplicate IP found for 'digilentinc.com:ip:rgb2dpvid:1.0'. The one found in IP location 'z:/DAT096/vivado-library-b0946605e3617c901635278b62d0f6a8e3942844/ip/rgb2dpvid_v1_0' will take precedence over the same IP in location z:/DAT096/vivado-library-master/ip/rgb2dpvid_v1_0
WARNING: [IP_Flow 19-1663] Duplicate IP found for 'digilentinc.com:ip:rgb2vga:1.0'. The one found in IP location 'z:/DAT096/vivado-library-b0946605e3617c901635278b62d0f6a8e3942844/ip/rgb2vga_v1_0' will take precedence over the same IP in location z:/DAT096/vivado-library-master/ip/rgb2vga_v1_0
WARNING: [IP_Flow 19-1663] Duplicate IP found for 'digilentinc.com:ip:Sync:1.0'. The one found in IP location 'z:/DAT096/vivado-library-b0946605e3617c901635278b62d0f6a8e3942844/ip/Sync_v1_0' will take precedence over the same IP in location z:/DAT096/vivado-library-master/ip/Sync_v1_0
WARNING: [IP_Flow 19-1663] Duplicate IP found for 'digilentinc.com:ip:usb2device:1.0'. The one found in IP location 'z:/DAT096/vivado-library-b0946605e3617c901635278b62d0f6a8e3942844/ip/usb2device_v1_0' will take precedence over the same IP in location z:/DAT096/vivado-library-master/ip/usb2device_v1_0
WARNING: [IP_Flow 19-1663] Duplicate IP found for 'digilentinc.com:video:video_scaler:1.0'. The one found in IP location 'z:/DAT096/vivado-library-b0946605e3617c901635278b62d0f6a8e3942844/ip/video_scaler' will take precedence over the same IP in location z:/DAT096/vivado-library-master/ip/video_scaler
WARNING: [IP_Flow 19-1663] Duplicate IP found for 'digilentinc.com:ip:dvi2rgb:2.0'. The one found in IP location 'z:/DAT096/vivado-library-master/ip/dvi2rgb' will take precedence over the same IP in location z:/DAT096/vivado-library-b0946605e3617c901635278b62d0f6a8e3942844/ip/dvi2rgb
WARNING: [IP_Flow 19-1663] Duplicate IP found for 'digilentinc.com:IP:MotorFeedback:1.0'. The one found in IP location 'z:/DAT096/vivado-library-master/ip/MotorFeedback_1.0' will take precedence over the same IP in location z:/DAT096/vivado-library-b0946605e3617c901635278b62d0f6a8e3942844/ip/MotorFeedback_1.0
WARNING: [IP_Flow 19-1663] Duplicate IP found for 'digilentinc.com:IP:PmodACL2:1.0'. The one found in IP location 'z:/DAT096/vivado-library-master/ip/Pmods/PmodACL2_v1_0' will take precedence over the same IP in location z:/DAT096/vivado-library-b0946605e3617c901635278b62d0f6a8e3942844/ip/Pmods/PmodACL2_v1_0
WARNING: [IP_Flow 19-1663] Duplicate IP found for 'digilentinc.com:IP:PmodACL:1.0'. The one found in IP location 'z:/DAT096/vivado-library-master/ip/Pmods/PmodACL_v1_0' will take precedence over the same IP in location z:/DAT096/vivado-library-b0946605e3617c901635278b62d0f6a8e3942844/ip/Pmods/PmodACL_v1_0
WARNING: [IP_Flow 19-1663] Duplicate IP found for 'digilentinc.com:IP:PmodAD1:1.0'. The one found in IP location 'z:/DAT096/vivado-library-master/ip/Pmods/PmodAD1_v1_0' will take precedence over the same IP in location z:/DAT096/vivado-library-b0946605e3617c901635278b62d0f6a8e3942844/ip/Pmods/PmodAD1_v1_0
WARNING: [IP_Flow 19-1663] Duplicate IP found for 'digilentinc.com:IP:PmodAD2:1.0'. The one found in IP location 'z:/DAT096/vivado-library-master/ip/Pmods/PmodAD2_v1_0' will take precedence over the same IP in location z:/DAT096/vivado-library-b0946605e3617c901635278b62d0f6a8e3942844/ip/Pmods/PmodAD2_v1_0
WARNING: [IP_Flow 19-1663] Duplicate IP found for 'digilentinc.com:IP:PmodAD5:1.0'. The one found in IP location 'z:/DAT096/vivado-library-master/ip/Pmods/PmodAD5_v1_0' will take precedence over the same IP in location z:/DAT096/vivado-library-b0946605e3617c901635278b62d0f6a8e3942844/ip/Pmods/PmodAD5_v1_0
WARNING: [IP_Flow 19-1663] Duplicate IP found for 'digilentinc.com:IP:PmodALS:1.0'. The one found in IP location 'z:/DAT096/vivado-library-master/ip/Pmods/PmodALS_v1_0' will take precedence over the same IP in location z:/DAT096/vivado-library-b0946605e3617c901635278b62d0f6a8e3942844/ip/Pmods/PmodALS_v1_0
WARNING: [IP_Flow 19-1663] Duplicate IP found for 'digilentinc.com:IP:PmodAMP2:1.0'. The one found in IP location 'z:/DAT096/vivado-library-master/ip/Pmods/PmodAMP2_v1_0' will take precedence over the same IP in location z:/DAT096/vivado-library-b0946605e3617c901635278b62d0f6a8e3942844/ip/Pmods/PmodAMP2_v1_0
WARNING: [IP_Flow 19-1663] Duplicate IP found for 'digilentinc.com:IP:PmodAQS:1.0'. The one found in IP location 'z:/DAT096/vivado-library-master/ip/Pmods/PmodAQS_v1_0' will take precedence over the same IP in location z:/DAT096/vivado-library-b0946605e3617c901635278b62d0f6a8e3942844/ip/Pmods/PmodAQS_v1_0
WARNING: [IP_Flow 19-1663] Duplicate IP found for 'digilentinc.com:IP:PmodBLE:1.0'. The one found in IP location 'z:/DAT096/vivado-library-master/ip/Pmods/PmodBLE_v1_0' will take precedence over the same IP in location z:/DAT096/vivado-library-b0946605e3617c901635278b62d0f6a8e3942844/ip/Pmods/PmodBLE_v1_0
WARNING: [IP_Flow 19-1663] Duplicate IP found for 'digilentinc.com:IP:PmodBT2:1.0'. The one found in IP location 'z:/DAT096/vivado-library-master/ip/Pmods/PmodBT2_v1_0' will take precedence over the same IP in location z:/DAT096/vivado-library-b0946605e3617c901635278b62d0f6a8e3942844/ip/Pmods/PmodBT2_v1_0
WARNING: [IP_Flow 19-1663] Duplicate IP found for 'digilentinc.com:IP:PmodCAN:1.0'. The one found in IP location 'z:/DAT096/vivado-library-master/ip/Pmods/PmodCAN_v1_0' will take precedence over the same IP in location z:/DAT096/vivado-library-b0946605e3617c901635278b62d0f6a8e3942844/ip/Pmods/PmodCAN_v1_0
WARNING: [IP_Flow 19-1663] Duplicate IP found for 'digilentinc.com:IP:PmodCLS:1.0'. The one found in IP location 'z:/DAT096/vivado-library-master/ip/Pmods/PmodCLS_v1_0' will take precedence over the same IP in location z:/DAT096/vivado-library-b0946605e3617c901635278b62d0f6a8e3942844/ip/Pmods/PmodCLS_v1_0
WARNING: [IP_Flow 19-1663] Duplicate IP found for 'digilentinc.com:IP:PmodCMPS2:1.0'. The one found in IP location 'z:/DAT096/vivado-library-master/ip/Pmods/PmodCMPS2_v1_0' will take precedence over the same IP in location z:/DAT096/vivado-library-b0946605e3617c901635278b62d0f6a8e3942844/ip/Pmods/PmodCMPS2_v1_0
WARNING: [IP_Flow 19-1663] Duplicate IP found for 'digilentinc.com:IP:PmodCOLOR:1.0'. The one found in IP location 'z:/DAT096/vivado-library-master/ip/Pmods/PmodCOLOR_v1_0' will take precedence over the same IP in location z:/DAT096/vivado-library-b0946605e3617c901635278b62d0f6a8e3942844/ip/Pmods/PmodCOLOR_v1_0
WARNING: [IP_Flow 19-1663] Duplicate IP found for 'digilentinc.com:IP:PmodDA1:1.0'. The one found in IP location 'z:/DAT096/vivado-library-master/ip/Pmods/PmodDA1_v1_0' will take precedence over the same IP in location z:/DAT096/vivado-library-b0946605e3617c901635278b62d0f6a8e3942844/ip/Pmods/PmodDA1_v1_0
WARNING: [IP_Flow 19-1663] Duplicate IP found for 'digilentinc.com:IP:PmodDHB1:1.0'. The one found in IP location 'z:/DAT096/vivado-library-master/ip/Pmods/PmodDHB1_v1_0' will take precedence over the same IP in location z:/DAT096/vivado-library-b0946605e3617c901635278b62d0f6a8e3942844/ip/Pmods/PmodDHB1_v1_0
WARNING: [IP_Flow 19-1663] Duplicate IP found for 'digilentinc.com:IP:PmodDPG1:1.0'. The one found in IP location 'z:/DAT096/vivado-library-master/ip/Pmods/PmodDPG1_v1_0' will take precedence over the same IP in location z:/DAT096/vivado-library-b0946605e3617c901635278b62d0f6a8e3942844/ip/Pmods/PmodDPG1_v1_0
WARNING: [IP_Flow 19-1663] Duplicate IP found for 'digilentinc.com:IP:PmodENC:1.0'. The one found in IP location 'z:/DAT096/vivado-library-master/ip/Pmods/PmodENC_v1_0' will take precedence over the same IP in location z:/DAT096/vivado-library-b0946605e3617c901635278b62d0f6a8e3942844/ip/Pmods/PmodENC_v1_0
WARNING: [IP_Flow 19-1663] Duplicate IP found for 'digilentinc.com:user:PmodESP32:1.0'. The one found in IP location 'z:/DAT096/vivado-library-master/ip/Pmods/PmodESP32_v1_0' will take precedence over the same IP in location z:/DAT096/vivado-library-b0946605e3617c901635278b62d0f6a8e3942844/ip/Pmods/PmodESP32_v1_0
WARNING: [IP_Flow 19-1663] Duplicate IP found for 'digilentinc.com:IP:PmodGPIO:1.0'. The one found in IP location 'z:/DAT096/vivado-library-master/ip/Pmods/PmodGPIO_v1_0' will take precedence over the same IP in location z:/DAT096/vivado-library-b0946605e3617c901635278b62d0f6a8e3942844/ip/Pmods/PmodGPIO_v1_0
WARNING: [IP_Flow 19-1663] Duplicate IP found for 'digilentinc.com:IP:PmodGPS:1.1'. The one found in IP location 'z:/DAT096/vivado-library-master/ip/Pmods/PmodGPS_v1_1' will take precedence over the same IP in location z:/DAT096/vivado-library-b0946605e3617c901635278b62d0f6a8e3942844/ip/Pmods/PmodGPS_v1_1
WARNING: [IP_Flow 19-1663] Duplicate IP found for 'digilentinc.com:IP:PmodGYRO:1.0'. The one found in IP location 'z:/DAT096/vivado-library-master/ip/Pmods/PmodGYRO_v1_0' will take precedence over the same IP in location z:/DAT096/vivado-library-b0946605e3617c901635278b62d0f6a8e3942844/ip/Pmods/PmodGYRO_v1_0
WARNING: [IP_Flow 19-1663] Duplicate IP found for 'digilentinc.com:IP:PmodHYGRO:1.0'. The one found in IP location 'z:/DAT096/vivado-library-master/ip/Pmods/PmodHYGRO_v1_0' will take precedence over the same IP in location z:/DAT096/vivado-library-b0946605e3617c901635278b62d0f6a8e3942844/ip/Pmods/PmodHYGRO_v1_0
WARNING: [IP_Flow 19-1663] Duplicate IP found for 'digilentinc.com:IP:PmodJSTK2:1.0'. The one found in IP location 'z:/DAT096/vivado-library-master/ip/Pmods/PmodJSTK2_v1_0' will take precedence over the same IP in location z:/DAT096/vivado-library-b0946605e3617c901635278b62d0f6a8e3942844/ip/Pmods/PmodJSTK2_v1_0
WARNING: [IP_Flow 19-1663] Duplicate IP found for 'digilentinc.com:IP:PmodJSTK:1.0'. The one found in IP location 'z:/DAT096/vivado-library-master/ip/Pmods/PmodJSTK_v1_0' will take precedence over the same IP in location z:/DAT096/vivado-library-b0946605e3617c901635278b62d0f6a8e3942844/ip/Pmods/PmodJSTK_v1_0
WARNING: [IP_Flow 19-1663] Duplicate IP found for 'digilentinc.com:IP:PmodKYPD:1.0'. The one found in IP location 'z:/DAT096/vivado-library-master/ip/Pmods/PmodKYPD_v1_0' will take precedence over the same IP in location z:/DAT096/vivado-library-b0946605e3617c901635278b62d0f6a8e3942844/ip/Pmods/PmodKYPD_v1_0
WARNING: [IP_Flow 19-1663] Duplicate IP found for 'digilentinc.com:IP:PmodMAXSONAR:1.0'. The one found in IP location 'z:/DAT096/vivado-library-master/ip/Pmods/PmodMAXSONAR_v1_0' will take precedence over the same IP in location z:/DAT096/vivado-library-b0946605e3617c901635278b62d0f6a8e3942844/ip/Pmods/PmodMAXSONAR_v1_0
WARNING: [IP_Flow 19-1663] Duplicate IP found for 'digilentinc.com:IP:PmodMTDS:1.0'. The one found in IP location 'z:/DAT096/vivado-library-master/ip/Pmods/PmodMTDS_v1_0' will take precedence over the same IP in location z:/DAT096/vivado-library-b0946605e3617c901635278b62d0f6a8e3942844/ip/Pmods/PmodMTDS_v1_0
WARNING: [IP_Flow 19-1663] Duplicate IP found for 'digilentinc.com:IP:PmodNAV:1.0'. The one found in IP location 'z:/DAT096/vivado-library-master/ip/Pmods/PmodNAV_v1_0' will take precedence over the same IP in location z:/DAT096/vivado-library-b0946605e3617c901635278b62d0f6a8e3942844/ip/Pmods/PmodNAV_v1_0
WARNING: [IP_Flow 19-1663] Duplicate IP found for 'digilentinc.com:IP:PmodOLEDrgb:1.0'. The one found in IP location 'z:/DAT096/vivado-library-master/ip/Pmods/pmodOLEDrgb_v1_0' will take precedence over the same IP in location z:/DAT096/vivado-library-b0946605e3617c901635278b62d0f6a8e3942844/ip/Pmods/pmodOLEDrgb_v1_0
WARNING: [IP_Flow 19-1663] Duplicate IP found for 'digilentinc.com:IP:PmodOLED:1.0'. The one found in IP location 'z:/DAT096/vivado-library-master/ip/Pmods/PmodOLED_v1_0' will take precedence over the same IP in location z:/DAT096/vivado-library-b0946605e3617c901635278b62d0f6a8e3942844/ip/Pmods/PmodOLED_v1_0
WARNING: [IP_Flow 19-1663] Duplicate IP found for 'digilentinc.com:IP:PmodPIR:1.0'. The one found in IP location 'z:/DAT096/vivado-library-master/ip/Pmods/PmodPIR_v1_0' will take precedence over the same IP in location z:/DAT096/vivado-library-b0946605e3617c901635278b62d0f6a8e3942844/ip/Pmods/PmodPIR_v1_0
WARNING: [IP_Flow 19-1663] Duplicate IP found for 'digilentinc.com:IP:PmodR2R:1.0'. The one found in IP location 'z:/DAT096/vivado-library-master/ip/Pmods/PmodR2R_v1_0' will take precedence over the same IP in location z:/DAT096/vivado-library-b0946605e3617c901635278b62d0f6a8e3942844/ip/Pmods/PmodR2R_v1_0
WARNING: [IP_Flow 19-1663] Duplicate IP found for 'digilentinc.com:IP:PmodRTCC:1.0'. The one found in IP location 'z:/DAT096/vivado-library-master/ip/Pmods/PmodRTCC_v1_0' will take precedence over the same IP in location z:/DAT096/vivado-library-b0946605e3617c901635278b62d0f6a8e3942844/ip/Pmods/PmodRTCC_v1_0
WARNING: [IP_Flow 19-1663] Duplicate IP found for 'digilentinc.com:IP:PmodSD:1.0'. The one found in IP location 'z:/DAT096/vivado-library-master/ip/Pmods/PmodSD_v1_0' will take precedence over the same IP in location z:/DAT096/vivado-library-b0946605e3617c901635278b62d0f6a8e3942844/ip/Pmods/PmodSD_v1_0
WARNING: [IP_Flow 19-1663] Duplicate IP found for 'digilentinc.com:IP:PmodSF3:1.0'. The one found in IP location 'z:/DAT096/vivado-library-master/ip/Pmods/PmodSF3_v1_0' will take precedence over the same IP in location z:/DAT096/vivado-library-b0946605e3617c901635278b62d0f6a8e3942844/ip/Pmods/PmodSF3_v1_0
WARNING: [IP_Flow 19-1663] Duplicate IP found for 'digilentinc.com:IP:PmodTC1:1.0'. The one found in IP location 'z:/DAT096/vivado-library-master/ip/Pmods/PmodTC1_v1_0' will take precedence over the same IP in location z:/DAT096/vivado-library-b0946605e3617c901635278b62d0f6a8e3942844/ip/Pmods/PmodTC1_v1_0
WARNING: [IP_Flow 19-1663] Duplicate IP found for 'digilentinc.com:IP:PmodTMP3:1.0'. The one found in IP location 'z:/DAT096/vivado-library-master/ip/Pmods/PmodTMP3_v1_0' will take precedence over the same IP in location z:/DAT096/vivado-library-b0946605e3617c901635278b62d0f6a8e3942844/ip/Pmods/PmodTMP3_v1_0
WARNING: [IP_Flow 19-1663] Duplicate IP found for 'digilentinc.com:IP:PmodWIFI:1.0'. The one found in IP location 'z:/DAT096/vivado-library-master/ip/Pmods/PmodWIFI_v1_0' will take precedence over the same IP in location z:/DAT096/vivado-library-b0946605e3617c901635278b62d0f6a8e3942844/ip/Pmods/PmodWIFI_v1_0
WARNING: [IP_Flow 19-1663] Duplicate IP found for 'digilentinc.com:ip:pmod_bridge:1.0'. The one found in IP location 'z:/DAT096/vivado-library-master/ip/Pmods/Pmod_Bridge_v1_0' will take precedence over the same IP in location z:/DAT096/vivado-library-b0946605e3617c901635278b62d0f6a8e3942844/ip/Pmods/Pmod_Bridge_v1_0
WARNING: [IP_Flow 19-1663] Duplicate IP found for 'digilentinc.com:ip:pmod_bridge:1.1'. The one found in IP location 'z:/DAT096/vivado-library-master/ip/Pmods/Pmod_Bridge_v1_1' will take precedence over the same IP in location z:/DAT096/vivado-library-b0946605e3617c901635278b62d0f6a8e3942844/ip/Pmods/Pmod_Bridge_v1_1
WARNING: [IP_Flow 19-1663] Duplicate IP found for 'digilentinc.com:IP:PWM:1.0'. The one found in IP location 'z:/DAT096/vivado-library-master/ip/PWM_1.0' will take precedence over the same IP in location z:/DAT096/vivado-library-b0946605e3617c901635278b62d0f6a8e3942844/ip/PWM_1.0
WARNING: [IP_Flow 19-1663] Duplicate IP found for 'digilentinc.com:IP:PWM:2.0'. The one found in IP location 'z:/DAT096/vivado-library-master/ip/PWM_2.0' will take precedence over the same IP in location z:/DAT096/vivado-library-b0946605e3617c901635278b62d0f6a8e3942844/ip/PWM_2.0
WARNING: [IP_Flow 19-1663] Duplicate IP found for 'digilentinc.com:IP:PWM_Analyzer:1.0'. The one found in IP location 'z:/DAT096/vivado-library-master/ip/PWM_Analyzer_1.0' will take precedence over the same IP in location z:/DAT096/vivado-library-b0946605e3617c901635278b62d0f6a8e3942844/ip/PWM_Analyzer_1.0
WARNING: [IP_Flow 19-1663] Duplicate IP found for 'digilentinc.com:ip:rgb2dvi:1.4'. The one found in IP location 'z:/DAT096/vivado-library-master/ip/rgb2dvi' will take precedence over the same IP in location z:/DAT096/vivado-library-b0946605e3617c901635278b62d0f6a8e3942844/ip/rgb2dvi
WARNING: [IP_Flow 19-4830] Duplicate Interface found for 'digilentinc.com:interface:pmod:1.0'. The one found in location 'z:/DAT096/vivado-library-b0946605e3617c901635278b62d0f6a8e3942844/if/pmod_v1_0/pmod.xml' will take precedence over the same Interface in location 'z:/DAT096/vivado-library-master/if/pmod_v1_0/pmod.xml'
WARNING: [IP_Flow 19-4830] Duplicate Interface found for 'digilentinc.com:interface:tmds:1.0'. The one found in location 'z:/DAT096/vivado-library-b0946605e3617c901635278b62d0f6a8e3942844/if/tmds_v1_0/tmds.xml' will take precedence over the same Interface in location 'z:/DAT096/vivado-library-master/if/tmds_v1_0/tmds.xml'
INFO: [IP_Flow 19-795] Syncing license key meta-data
ipx::edit_ip_in_project: Time (s): cpu = 00:00:03 ; elapsed = 00:00:14 . Memory (MB): peak = 3350.262 ; gain = 0.000
update_compile_order -fileset sources_1
close_project
save_wave_config {Z:/DAT096/DAT096-krish/Embedded-System-Project-DAT096-krishna/Board_2/Board_2/Board_2.hw/hw_1/wave/hw_ila_data_1/hw_ila_data_1.wcfg}
exit
INFO: [Common 17-206] Exiting Vivado at Tue May 12 12:37:48 2026...
