$date
        2026-May-13 16:02:11
$end
$version
        Vivado v2024.2 (64-bit)
$end
$timescale
        1ps
$end
$scope module dut $end
$var reg 1 " design_2_i/adc_bit_decoder_0_t_ready $end
$var reg 1 # design_2_i/ZmodScopeController_0_cDataAxisTvalid $end
$var reg 1 $ design_2_i/pilot_tx_rx_0_tx_bit_1 $end
$var reg 1 % design_2_i/pilot_tx_rx_0_tx_bit_2 $end
$var reg 1 & design_2_i/pilot_tx_rx_0_tx_bit_3 $end
$var reg 1 ' design_2_i/pilot_tx_rx_0_tx_bit_4 $end
$var reg 1 ( design_2_i/pilot_tx_rx_0_tx_bit_5 $end
$var reg 1 ) design_2_i/pilot_tx_rx_0_tx_bit_6 $end
$var reg 1 * design_2_i/pilot_tx_rx_0_tx_bit_7 $end
$var reg 1 + design_2_i/pilot_tx_rx_0_tx_bit_8 $end
$var reg 1 , design_2_i/pilot_tx_rx_0_tx_bit_9 $end
$var reg 1 - design_2_i/pilot_tx_rx_0_tx_bit_10 $end
$var reg 1 . design_2_i/pilot_tx_rx_0_tx_bit_11 $end
$var reg 1 / design_2_i/pilot_tx_rx_0_tx_bit_12 $end
$var reg 1 0 design_2_i/pilot_tx_rx_0_tx_bit_13 $end
$var reg 1 1 design_2_i/pilot_tx_rx_0_tx_bit $end
$var reg 1 2 design_2_i/adc_bit_decoder_0_bit_out_1 $end
$var reg 1 3 design_2_i/adc_bit_decoder_0_bit_out_2 $end
$var reg 1 4 design_2_i/adc_bit_decoder_0_bit_out_3 $end
$var reg 1 5 design_2_i/adc_bit_decoder_0_bit_out_4 $end
$var reg 1 6 design_2_i/adc_bit_decoder_0_bit_out_5 $end
$var reg 1 7 design_2_i/adc_bit_decoder_0_bit_out_6 $end
$var reg 1 8 design_2_i/adc_bit_decoder_0_bit_out_7 $end
$var reg 1 9 design_2_i/adc_bit_decoder_0_bit_out_8 $end
$var reg 1 : design_2_i/adc_bit_decoder_0_bit_out_9 $end
$var reg 1 ; design_2_i/adc_bit_decoder_0_bit_out_10 $end
$var reg 1 < design_2_i/adc_bit_decoder_0_bit_out_11 $end
$var reg 1 = design_2_i/adc_bit_decoder_0_bit_out_12 $end
$var reg 1 > design_2_i/adc_bit_decoder_0_bit_out_13 $end
$var reg 1 ? design_2_i/adc_bit_decoder_0_bit_out $end
$var reg 1 @ design_2_i/pilot_tx_rx_0_tx_start $end
$var reg 1 A design_2_i/pilot_tx_rx_0_match $end
$var reg 1 B design_2_i/delay_measure_0_start $end
$var reg 32 C design_2_i/delay_measure_0_delay_cycles [31:0] $end
$var reg 1 c _TRIGGER $end
$var reg 1 d _WINDOW $end
$var reg 1 e _GAP $end
$upscope $end
$enddefinitions $end
#0
$dumpvars
1"
0#
1$
1%
1&
1'
1(
1)
1*
1+
1,
1-
1.
1/
10
11
12
13
14
15
16
17
18
19
1:
1;
1<
1=
1>
1?
0@
0A
1B
b11111011 C
0c
1d
0e
$end
#2
1#
#3
0#
#6
1#
#7
0#
#10
1#
0$
0%
0&
0'
0(
0)
0*
0+
0,
0-
0.
0/
00
01
#11
0#
#14
1#
#15
0#
#18
1#
#19
0#
#22
1#
#23
0#
#26
1#
#27
0#
#30
1#
#31
0#
#34
1#
#35
0#
#38
1#
#39
0#
#42
1#
#43
0#
#46
1#
#47
0#
#50
1#
1$
1%
1&
1'
1(
1)
1*
1+
1,
1-
1.
1/
10
11
#51
0#
#54
1#
#55
0#
#58
1#
#59
0#
#62
1#
#63
0#
#66
1#
#67
0#
#70
1#
0$
0%
0&
0'
0(
0)
0*
0+
0,
0-
0.
0/
00
01
#71
0#
#74
1#
#75
0#
#78
1#
#79
0#
#82
1#
#83
0#
#86
1#
#87
0#
#90
1#
1$
1%
1&
1'
1(
1)
1*
1+
1,
1-
1.
1/
10
11
#91
0#
#94
1#
#95
0#
#98
1#
#99
0#
#102
1#
#103
0#
#106
1#
#107
0#
#110
1#
#111
0#
#114
1#
#115
0#
#118
1#
#119
0#
#122
1#
#123
0#
#126
1#
#127
0#
#130
1#
0$
0%
0&
0'
0(
0)
0*
0+
0,
0-
0.
0/
00
01
#131
0#
#134
1#
#135
0#
#138
1#
#139
0#
#142
1#
#143
0#
#146
1#
#147
0#
#150
1#
1$
1%
1&
1'
1(
1)
1*
1+
1,
1-
1.
1/
10
11
#151
0#
#154
1#
#155
0#
#158
1#
#159
0#
#162
1#
#163
0#
#166
1#
#167
0#
#170
1#
0$
0%
0&
0'
0(
0)
0*
0+
0,
0-
0.
0/
00
01
#171
0#
#174
1#
#175
0#
#178
1#
#179
0#
#182
1#
#183
0#
#186
1#
#187
0#
#190
1#
1$
1%
1&
1'
1(
1)
1*
1+
1,
1-
1.
1/
10
11
#191
0#
#194
1#
#195
0#
#198
1#
#199
0#
#202
1#
#203
0#
#206
1#
#207
0#
#210
1#
#211
0#
#214
1#
#215
0#
#218
1#
#219
0#
#222
1#
#223
0#
#226
1#
#227
0#
#230
1#
0$
0%
0&
0'
0(
0)
0*
0+
0,
0-
0.
0/
00
01
#231
0#
#234
1#
#235
0#
#238
1#
#239
0#
#242
1#
#243
0#
#246
1#
#247
0#
#249
1@
#250
1#
1$
1%
1&
1'
1(
1)
1*
1+
1,
1-
1.
1/
10
11
0@
#251
0#
#254
1#
#255
0#
#258
1#
#259
0#
#262
1#
#263
0#
#266
1#
#267
0#
#270
1#
0$
0%
0&
0'
0(
0)
0*
0+
0,
0-
0.
0/
00
01
#271
0#
#274
1#
#275
0#
#278
1#
#279
0#
#282
1#
#283
0#
#286
1#
#287
0#
#290
1#
1$
1%
1&
1'
1(
1)
1*
1+
1,
1-
1.
1/
10
11
#291
0#
#294
1#
#295
0#
#298
1#
#299
0#
#302
1#
#303
0#
#306
1#
#307
0#
#310
1#
#311
0#
#314
1#
#315
0#
#318
1#
#319
0#
#322
1#
#323
0#
#326
1#
#327
0#
#330
1#
0$
0%
0&
0'
0(
0)
0*
0+
0,
0-
0.
0/
00
01
#331
0#
#334
1#
#335
0#
#338
1#
#339
0#
#342
1#
#343
0#
#346
1#
#347
0#
#350
1#
#351
0#
#354
1#
#355
0#
#358
1#
#359
0#
#362
1#
#363
0#
#366
1#
#367
0#
#370
1#
1$
1%
1&
1'
1(
1)
1*
1+
1,
1-
1.
1/
10
11
#371
0#
#374
1#
#375
0#
#378
1#
#379
0#
#382
1#
#383
0#
#386
1#
#387
0#
#390
1#
0$
0%
0&
0'
0(
0)
0*
0+
0,
0-
0.
0/
00
01
#391
0#
#394
1#
#395
0#
#398
1#
#399
0#
#402
1#
#403
0#
#406
1#
#407
0#
#410
1#
1$
1%
1&
1'
1(
1)
1*
1+
1,
1-
1.
1/
10
11
#411
0#
#414
1#
#415
0#
#418
1#
#419
0#
#422
1#
#423
0#
#426
1#
#427
0#
#430
1#
#431
0#
#434
1#
#435
0#
#438
1#
#439
0#
#442
1#
#443
0#
#446
1#
#447
0#
#450
1#
0$
0%
0&
0'
0(
0)
0*
0+
0,
0-
0.
0/
00
01
#451
0#
#454
1#
#455
0#
#458
1#
#459
0#
#462
1#
#463
0#
#466
1#
#467
0#
#470
1#
1$
1%
1&
1'
1(
1)
1*
1+
1,
1-
1.
1/
10
11
#471
0#
#474
1#
#475
0#
#478
1#
#479
0#
#482
1#
#483
0#
#486
1#
#487
0#
#490
1#
0$
0%
0&
0'
0(
0)
0*
0+
0,
0-
0.
0/
00
01
#491
0#
#494
1#
#495
0#
#498
1#
#499
0#
#502
1#
#503
0#
#506
1#
#507
0#
#510
1#
1$
1%
1&
1'
1(
1)
1*
1+
1,
1-
1.
1/
10
11
#511
0#
#514
1#
#515
0#
#518
1#
#519
0#
#522
1#
#523
0#
#526
1#
#527
0#
#530
1#
#531
0#
#534
1#
#535
0#
#538
1#
#539
0#
#542
1#
#543
0#
#546
1#
#547
0#
#550
1#
0$
0%
0&
0'
0(
0)
0*
0+
0,
0-
0.
0/
00
01
#551
0#
#554
1#
#555
0#
#558
1#
#559
0#
#562
1#
#563
0#
#566
1#
#567
0#
#569
1@
#570
1#
1$
1%
1&
1'
1(
1)
1*
1+
1,
1-
1.
1/
10
11
0@
#571
0#
#574
1#
#575
0#
#578
1#
#579
0#
#582
1#
#583
0#
#586
1#
#587
0#
#590
1#
0$
0%
0&
0'
0(
0)
0*
0+
0,
0-
0.
0/
00
01
#591
0#
#594
1#
#595
0#
#598
1#
#599
0#
#602
1#
#603
0#
#606
1#
#607
0#
#610
1#
1$
1%
1&
1'
1(
1)
1*
1+
1,
1-
1.
1/
10
11
#611
0#
#614
1#
#615
0#
#618
1#
#619
0#
#622
1#
#623
0#
#626
1#
#627
0#
#630
1#
#631
0#
#634
1#
#635
0#
#638
1#
#639
0#
#642
1#
#643
0#
#646
1#
#647
0#
#650
1#
0$
0%
0&
0'
0(
0)
0*
0+
0,
0-
0.
0/
00
01
#651
0#
#654
1#
#655
0#
#658
1#
#659
0#
#662
1#
#663
0#
#666
1#
#667
0#
#670
1#
#671
0#
#674
1#
#675
0#
#678
1#
#679
0#
#682
1#
#683
0#
#686
1#
#687
0#
#690
1#
1$
1%
1&
1'
1(
1)
1*
1+
1,
1-
1.
1/
10
11
#691
0#
#694
1#
#695
0#
#698
1#
#699
0#
#702
1#
#703
0#
#706
1#
#707
0#
#710
1#
0$
0%
0&
0'
0(
0)
0*
0+
0,
0-
0.
0/
00
01
#711
0#
#714
1#
#715
0#
#718
1#
#719
0#
#722
1#
#723
0#
#726
1#
#727
0#
#730
1#
1$
1%
1&
1'
1(
1)
1*
1+
1,
1-
1.
1/
10
11
#731
0#
#734
1#
#735
0#
#738
1#
#739
0#
#742
1#
#743
0#
#746
1#
#747
0#
#750
1#
#751
0#
#754
1#
#755
0#
#758
1#
#759
0#
#762
1#
#763
0#
#766
1#
#767
0#
#770
1#
0$
0%
0&
0'
0(
0)
0*
0+
0,
0-
0.
0/
00
01
#771
0#
#774
1#
#775
0#
#778
1#
#779
0#
#782
1#
#783
0#
#786
1#
#787
0#
#790
1#
1$
1%
1&
1'
1(
1)
1*
1+
1,
1-
1.
1/
10
11
#791
0#
#794
1#
#795
0#
#798
1#
#799
0#
#802
1#
#803
0#
#806
1#
#807
0#
#810
1#
0$
0%
0&
0'
0(
0)
0*
0+
0,
0-
0.
0/
00
01
#811
0#
#814
1#
#815
0#
#818
1#
#819
0#
#822
1#
#823
0#
#826
1#
#827
0#
#830
1#
1$
1%
1&
1'
1(
1)
1*
1+
1,
1-
1.
1/
10
11
#831
0#
#834
1#
#835
0#
#838
1#
#839
0#
#842
1#
#843
0#
#846
1#
#847
0#
#850
1#
#851
0#
#854
1#
#855
0#
#858
1#
#859
0#
#862
1#
#863
0#
#866
1#
#867
0#
#870
1#
0$
0%
0&
0'
0(
0)
0*
0+
0,
0-
0.
0/
00
01
#871
0#
#874
1#
#875
0#
#878
1#
#879
0#
#882
1#
#883
0#
#886
1#
#887
0#
#889
1@
#890
1#
1$
1%
1&
1'
1(
1)
1*
1+
1,
1-
1.
1/
10
11
0@
#891
0#
#894
1#
#895
0#
#898
1#
#899
0#
#902
1#
#903
0#
#906
1#
#907
0#
#910
1#
0$
0%
0&
0'
0(
0)
0*
0+
0,
0-
0.
0/
00
01
#911
0#
#914
1#
#915
0#
#918
1#
#919
0#
#922
1#
#923
0#
#926
1#
#927
0#
#930
1#
1$
1%
1&
1'
1(
1)
1*
1+
1,
1-
1.
1/
10
11
#931
0#
#934
1#
#935
0#
#938
1#
#939
0#
#942
1#
#943
0#
#946
1#
#947
0#
#950
1#
#951
0#
#954
1#
#955
0#
#958
1#
#959
0#
#962
1#
#963
0#
#966
1#
#967
0#
#970
1#
0$
0%
0&
0'
0(
0)
0*
0+
0,
0-
0.
0/
00
01
#971
0#
#974
1#
#975
0#
#978
1#
#979
0#
#982
1#
#983
0#
#986
1#
#987
0#
#990
1#
#991
0#
#994
1#
#995
0#
#998
1#
#999
0#
#1002
1#
#1003
0#
#1006
1#
#1007
0#
#1010
1#
1$
1%
1&
1'
1(
1)
1*
1+
1,
1-
1.
1/
10
11
#1011
0#
#1014
1#
#1015
0#
#1018
1#
#1019
0#
#1022
1#
#1023
0#
#1026
1#
#1027
0#
#1030
1#
0$
0%
0&
0'
0(
0)
0*
0+
0,
0-
0.
0/
00
01
#1031
0#
#1034
1#
#1035
0#
#1038
1#
#1039
0#
#1042
1#
#1043
0#
#1046
1#
#1047
0#
#1050
1#
1$
1%
1&
1'
1(
1)
1*
1+
1,
1-
1.
1/
10
11
#1051
0#
#1054
1#
#1055
0#
#1058
1#
#1059
0#
#1062
1#
#1063
0#
#1066
1#
#1067
0#
#1070
1#
#1071
0#
#1074
1#
#1075
0#
#1078
1#
#1079
0#
#1082
1#
#1083
0#
#1086
1#
#1087
0#
#1090
1#
0$
0%
0&
0'
0(
0)
0*
0+
0,
0-
0.
0/
00
01
#1091
0#
#1094
1#
#1095
0#
#1098
1#
#1099
0#
#1102
1#
#1103
0#
#1106
1#
#1107
0#
#1110
1#
1$
1%
1&
1'
1(
1)
1*
1+
1,
1-
1.
1/
10
11
#1111
0#
#1114
1#
#1115
0#
#1118
1#
#1119
0#
#1122
1#
#1123
0#
#1126
1#
#1127
0#
#1130
1#
0$
0%
0&
0'
0(
0)
0*
0+
0,
0-
0.
0/
00
01
#1131
0#
#1134
1#
#1135
0#
#1138
1#
#1139
0#
#1142
1#
#1143
0#
#1146
1#
#1147
0#
#1150
1#
1$
1%
1&
1'
1(
1)
1*
1+
1,
1-
1.
1/
10
11
#1151
0#
#1154
1#
#1155
0#
#1158
1#
#1159
0#
#1162
1#
#1163
0#
#1166
1#
#1167
0#
#1170
1#
#1171
0#
#1174
1#
#1175
0#
#1178
1#
#1179
0#
#1182
1#
#1183
0#
#1186
1#
#1187
0#
#1190
1#
0$
0%
0&
0'
0(
0)
0*
0+
0,
0-
0.
0/
00
01
#1191
0#
#1194
1#
#1195
0#
#1198
1#
#1199
0#
#1202
1#
#1203
0#
#1206
1#
#1207
0#
#1209
1@
#1210
1#
1$
1%
1&
1'
1(
1)
1*
1+
1,
1-
1.
1/
10
11
0@
#1211
0#
#1214
1#
#1215
0#
#1218
1#
#1219
0#
#1222
1#
#1223
0#
#1226
1#
#1227
0#
#1230
1#
0$
0%
0&
0'
0(
0)
0*
0+
0,
0-
0.
0/
00
01
#1231
0#
#1234
1#
#1235
0#
#1238
1#
#1239
0#
#1242
1#
#1243
0#
#1246
1#
#1247
0#
#1250
1#
1$
1%
1&
1'
1(
1)
1*
1+
1,
1-
1.
1/
10
11
#1251
0#
#1254
1#
#1255
0#
#1258
1#
#1259
0#
#1262
1#
#1263
0#
#1266
1#
#1267
0#
#1270
1#
#1271
0#
#1274
1#
#1275
0#
#1278
1#
#1279
0#
#1282
1#
#1283
0#
#1286
1#
#1287
0#
#1290
1#
0$
0%
0&
0'
0(
0)
0*
0+
0,
0-
0.
0/
00
01
#1291
0#
#1294
1#
#1295
0#
#1298
1#
#1299
0#
#1302
1#
#1303
0#
#1306
1#
#1307
0#
#1310
1#
#1311
0#
#1314
1#
#1315
0#
#1318
1#
#1319
0#
#1322
1#
#1323
0#
#1326
1#
#1327
0#
#1330
1#
1$
1%
1&
1'
1(
1)
1*
1+
1,
1-
1.
1/
10
11
#1331
0#
#1334
1#
#1335
0#
#1338
1#
#1339
0#
#1342
1#
#1343
0#
#1346
1#
#1347
0#
#1350
1#
0$
0%
0&
0'
0(
0)
0*
0+
0,
0-
0.
0/
00
01
#1351
0#
#1354
1#
#1355
0#
#1358
1#
#1359
0#
#1362
1#
#1363
0#
#1366
1#
#1367
0#
#1370
1#
1$
1%
1&
1'
1(
1)
1*
1+
1,
1-
1.
1/
10
11
#1371
0#
#1374
1#
#1375
0#
#1378
1#
#1379
0#
#1382
1#
#1383
0#
#1386
1#
#1387
0#
#1390
1#
#1391
0#
#1394
1#
#1395
0#
#1398
1#
#1399
0#
#1402
1#
#1403
0#
#1406
1#
#1407
0#
#1410
1#
0$
0%
0&
0'
0(
0)
0*
0+
0,
0-
0.
0/
00
01
#1411
0#
#1414
1#
#1415
0#
#1418
1#
#1419
0#
#1422
1#
#1423
0#
#1426
1#
#1427
0#
#1430
1#
1$
1%
1&
1'
1(
1)
1*
1+
1,
1-
1.
1/
10
11
#1431
0#
#1434
1#
#1435
0#
#1438
1#
#1439
0#
#1442
1#
#1443
0#
#1446
1#
#1447
0#
#1450
1#
0$
0%
0&
0'
0(
0)
0*
0+
0,
0-
0.
0/
00
01
#1451
0#
#1454
1#
#1455
0#
#1458
1#
#1459
0#
#1462
1#
#1463
0#
#1466
1#
#1467
0#
#1470
1#
1$
1%
1&
1'
1(
1)
1*
1+
1,
1-
1.
1/
10
11
#1471
0#
#1474
1#
#1475
0#
#1478
1#
#1479
0#
#1482
1#
#1483
0#
#1486
1#
#1487
0#
#1490
1#
#1491
0#
#1494
1#
#1495
0#
#1498
1#
#1499
0#
#1502
1#
#1503
0#
#1506
1#
#1507
0#
#1510
1#
0$
0%
0&
0'
0(
0)
0*
0+
0,
0-
0.
0/
00
01
#1511
0#
#1514
1#
#1515
0#
#1518
1#
#1519
0#
#1522
1#
#1523
0#
#1526
1#
#1527
0#
#1529
1@
#1530
1#
1$
1%
1&
1'
1(
1)
1*
1+
1,
1-
1.
1/
10
11
0@
#1531
0#
#1534
1#
#1535
0#
#1538
1#
#1539
0#
#1542
1#
#1543
0#
#1546
1#
#1547
0#
#1550
1#
0$
0%
0&
0'
0(
0)
0*
0+
0,
0-
0.
0/
00
01
#1551
0#
#1554
1#
#1555
0#
#1558
1#
#1559
0#
#1562
1#
#1563
0#
#1566
1#
#1567
0#
#1570
1#
1$
1%
1&
1'
1(
1)
1*
1+
1,
1-
1.
1/
10
11
#1571
0#
#1574
1#
#1575
0#
#1578
1#
#1579
0#
#1582
1#
#1583
0#
#1586
1#
#1587
0#
#1590
1#
#1591
0#
#1594
1#
#1595
0#
#1598
1#
#1599
0#
#1602
1#
#1603
0#
#1606
1#
#1607
0#
#1610
1#
0$
0%
0&
0'
0(
0)
0*
0+
0,
0-
0.
0/
00
01
#1611
0#
#1614
1#
#1615
0#
#1618
1#
#1619
0#
#1622
1#
#1623
0#
#1626
1#
#1627
0#
#1630
1#
#1631
0#
#1634
1#
#1635
0#
#1638
1#
#1639
0#
#1642
1#
#1643
0#
#1646
1#
#1647
0#
#1650
1#
1$
1%
1&
1'
1(
1)
1*
1+
1,
1-
1.
1/
10
11
#1651
0#
#1654
1#
#1655
0#
#1658
1#
#1659
0#
#1662
1#
#1663
0#
#1666
1#
#1667
0#
#1670
1#
0$
0%
0&
0'
0(
0)
0*
0+
0,
0-
0.
0/
00
01
#1671
0#
#1674
1#
#1675
0#
#1678
1#
#1679
0#
#1682
1#
#1683
0#
#1686
1#
#1687
0#
#1690
1#
1$
1%
1&
1'
1(
1)
1*
1+
1,
1-
1.
1/
10
11
#1691
0#
#1694
1#
#1695
0#
#1698
1#
#1699
0#
#1702
1#
#1703
0#
#1706
1#
#1707
0#
#1710
1#
#1711
0#
#1714
1#
#1715
0#
#1718
1#
#1719
0#
#1722
1#
#1723
0#
#1726
1#
#1727
0#
#1730
1#
0$
0%
0&
0'
0(
0)
0*
0+
0,
0-
0.
0/
00
01
#1731
0#
#1734
1#
#1735
0#
#1738
1#
#1739
0#
#1742
1#
#1743
0#
#1746
1#
#1747
0#
#1750
1#
1$
1%
1&
1'
1(
1)
1*
1+
1,
1-
1.
1/
10
11
#1751
0#
#1754
1#
#1755
0#
#1758
1#
#1759
0#
#1762
1#
#1763
0#
#1766
1#
#1767
0#
#1770
1#
0$
0%
0&
0'
0(
0)
0*
0+
0,
0-
0.
0/
00
01
#1771
0#
#1774
1#
#1775
0#
#1778
1#
#1779
0#
#1782
1#
#1783
0#
#1786
1#
#1787
0#
#1790
1#
1$
1%
1&
1'
1(
1)
1*
1+
1,
1-
1.
1/
10
11
#1791
0#
#1794
1#
#1795
0#
#1798
1#
#1799
0#
#1802
1#
#1803
0#
#1806
1#
#1807
0#
#1810
1#
#1811
0#
#1814
1#
#1815
0#
#1818
1#
#1819
0#
#1822
1#
#1823
0#
#1826
1#
#1827
0#
#1830
1#
0$
0%
0&
0'
0(
0)
0*
0+
0,
0-
0.
0/
00
01
#1831
0#
#1834
1#
#1835
0#
#1838
1#
#1839
0#
#1842
1#
#1843
0#
#1846
1#
#1847
0#
#1849
1@
#1850
1#
1$
1%
1&
1'
1(
1)
1*
1+
1,
1-
1.
1/
10
11
0@
#1851
0#
#1854
1#
#1855
0#
#1858
1#
#1859
0#
#1862
1#
#1863
0#
#1866
1#
#1867
0#
#1870
1#
0$
0%
0&
0'
0(
0)
0*
0+
0,
0-
0.
0/
00
01
#1871
0#
#1874
1#
#1875
0#
#1878
1#
#1879
0#
#1882
1#
#1883
0#
#1886
1#
#1887
0#
#1890
1#
1$
1%
1&
1'
1(
1)
1*
1+
1,
1-
1.
1/
10
11
#1891
0#
#1894
1#
#1895
0#
#1898
1#
#1899
0#
#1902
1#
#1903
0#
#1906
1#
#1907
0#
#1910
1#
#1911
0#
#1914
1#
#1915
0#
#1918
1#
#1919
0#
#1922
1#
#1923
0#
#1926
1#
#1927
0#
#1930
1#
0$
0%
0&
0'
0(
0)
0*
0+
0,
0-
0.
0/
00
01
#1931
0#
#1934
1#
#1935
0#
#1938
1#
#1939
0#
#1942
1#
#1943
0#
#1946
1#
#1947
0#
#1950
1#
#1951
0#
#1954
1#
#1955
0#
#1958
1#
#1959
0#
#1962
1#
#1963
0#
#1966
1#
#1967
0#
#1970
1#
1$
1%
1&
1'
1(
1)
1*
1+
1,
1-
1.
1/
10
11
#1971
0#
#1974
1#
#1975
0#
#1978
1#
#1979
0#
#1982
1#
#1983
0#
#1986
1#
#1987
0#
#1990
1#
0$
0%
0&
0'
0(
0)
0*
0+
0,
0-
0.
0/
00
01
#1991
0#
#1994
1#
#1995
0#
#1998
1#
#1999
0#
#2002
1#
#2003
0#
#2006
1#
#2007
0#
#2010
1#
1$
1%
1&
1'
1(
1)
1*
1+
1,
1-
1.
1/
10
11
#2011
0#
#2014
1#
#2015
0#
#2018
1#
#2019
0#
#2022
1#
#2023
0#
#2026
1#
#2027
0#
#2030
1#
#2031
0#
#2034
1#
#2035
0#
#2038
1#
#2039
0#
#2042
1#
#2043
0#
#2046
1#
#2047
0#
#2050
1#
0$
0%
0&
0'
0(
0)
0*
0+
0,
0-
0.
0/
00
01
#2051
0#
#2054
1#
#2055
0#
#2058
1#
#2059
0#
#2062
1#
#2063
0#
#2066
1#
#2067
0#
#2070
1#
1$
1%
1&
1'
1(
1)
1*
1+
1,
1-
1.
1/
10
11
#2071
0#
#2074
1#
#2075
0#
#2078
1#
#2079
0#
#2082
1#
#2083
0#
#2086
1#
#2087
0#
#2090
1#
0$
0%
0&
0'
0(
0)
0*
0+
0,
0-
0.
0/
00
01
#2091
0#
#2094
1#
#2095
0#
#2098
1#
#2099
0#
#2102
1#
#2103
0#
#2106
1#
#2107
0#
#2110
1#
1$
1%
1&
1'
1(
1)
1*
1+
1,
1-
1.
1/
10
11
#2111
0#
#2114
1#
#2115
0#
#2118
1#
#2119
0#
#2122
1#
#2123
0#
#2126
1#
#2127
0#
#2130
1#
#2131
0#
#2134
1#
#2135
0#
#2138
1#
#2139
0#
#2142
1#
#2143
0#
#2146
1#
#2147
0#
#2150
1#
0$
0%
0&
0'
0(
0)
0*
0+
0,
0-
0.
0/
00
01
#2151
0#
#2154
1#
#2155
0#
#2158
1#
#2159
0#
#2162
1#
#2163
0#
#2166
1#
#2167
0#
#2169
1@
#2170
1#
1$
1%
1&
1'
1(
1)
1*
1+
1,
1-
1.
1/
10
11
0@
#2171
0#
#2174
1#
#2175
0#
#2178
1#
#2179
0#
#2182
1#
#2183
0#
#2186
1#
#2187
0#
#2190
1#
0$
0%
0&
0'
0(
0)
0*
0+
0,
0-
0.
0/
00
01
#2191
0#
#2194
1#
#2195
0#
#2198
1#
#2199
0#
#2202
1#
#2203
0#
#2206
1#
#2207
0#
#2210
1#
1$
1%
1&
1'
1(
1)
1*
1+
1,
1-
1.
1/
10
11
#2211
0#
#2214
1#
#2215
0#
#2218
1#
#2219
0#
#2222
1#
#2223
0#
#2226
1#
#2227
0#
#2230
1#
#2231
0#
#2234
1#
#2235
0#
#2238
1#
#2239
0#
#2242
1#
#2243
0#
#2246
1#
#2247
0#
#2250
1#
0$
0%
0&
0'
0(
0)
0*
0+
0,
0-
0.
0/
00
01
#2251
0#
#2254
1#
#2255
0#
#2258
1#
#2259
0#
#2262
1#
#2263
0#
#2266
1#
#2267
0#
#2270
1#
#2271
0#
#2274
1#
#2275
0#
#2278
1#
#2279
0#
#2282
1#
#2283
0#
#2286
1#
#2287
0#
#2290
1#
1$
1%
1&
1'
1(
1)
1*
1+
1,
1-
1.
1/
10
11
#2291
0#
#2294
1#
#2295
0#
#2298
1#
#2299
0#
#2302
1#
#2303
0#
#2306
1#
#2307
0#
#2310
1#
0$
0%
0&
0'
0(
0)
0*
0+
0,
0-
0.
0/
00
01
#2311
0#
#2314
1#
#2315
0#
#2318
1#
#2319
0#
#2322
1#
#2323
0#
#2326
1#
#2327
0#
#2330
1#
1$
1%
1&
1'
1(
1)
1*
1+
1,
1-
1.
1/
10
11
#2331
0#
#2334
1#
#2335
0#
#2338
1#
#2339
0#
#2342
1#
#2343
0#
#2346
1#
#2347
0#
#2350
1#
#2351
0#
#2354
1#
#2355
0#
#2358
1#
#2359
0#
#2362
1#
#2363
0#
#2366
1#
#2367
0#
#2370
1#
0$
0%
0&
0'
0(
0)
0*
0+
0,
0-
0.
0/
00
01
#2371
0#
#2374
1#
#2375
0#
#2378
1#
#2379
0#
#2382
1#
#2383
0#
#2386
1#
#2387
0#
#2390
1#
1$
1%
1&
1'
1(
1)
1*
1+
1,
1-
1.
1/
10
11
#2391
0#
#2394
1#
#2395
0#
#2398
1#
#2399
0#
#2402
1#
#2403
0#
#2406
1#
#2407
0#
#2410
1#
0$
0%
0&
0'
0(
0)
0*
0+
0,
0-
0.
0/
00
01
#2411
0#
#2414
1#
#2415
0#
#2418
1#
#2419
0#
#2422
1#
#2423
0#
#2426
1#
#2427
0#
#2430
1#
1$
1%
1&
1'
1(
1)
1*
1+
1,
1-
1.
1/
10
11
#2431
0#
#2434
1#
#2435
0#
#2438
1#
#2439
0#
#2442
1#
#2443
0#
#2446
1#
#2447
0#
#2450
1#
#2451
0#
#2454
1#
#2455
0#
#2458
1#
#2459
0#
#2462
1#
#2463
0#
#2466
1#
#2467
0#
#2470
1#
0$
0%
0&
0'
0(
0)
0*
0+
0,
0-
0.
0/
00
01
#2471
0#
#2474
1#
#2475
0#
#2478
1#
#2479
0#
#2482
1#
#2483
0#
#2486
1#
#2487
0#
#2489
1@
#2490
1#
1$
1%
1&
1'
1(
1)
1*
1+
1,
1-
1.
1/
10
11
0@
#2491
0#
#2494
1#
#2495
0#
#2498
1#
#2499
0#
#2502
1#
#2503
0#
#2506
1#
#2507
0#
#2510
1#
0$
0%
0&
0'
0(
0)
0*
0+
0,
0-
0.
0/
00
01
#2511
0#
#2514
1#
#2515
0#
#2518
1#
#2519
0#
#2522
1#
#2523
0#
#2526
1#
#2527
0#
#2530
1#
1$
1%
1&
1'
1(
1)
1*
1+
1,
1-
1.
1/
10
11
#2531
0#
#2534
1#
#2535
0#
#2538
1#
#2539
0#
#2542
1#
#2543
0#
#2546
1#
#2547
0#
#2550
1#
#2551
0#
#2554
1#
#2555
0#
#2558
1#
#2559
0#
#2562
1#
#2563
0#
#2566
1#
#2567
0#
#2570
1#
0$
0%
0&
0'
0(
0)
0*
0+
0,
0-
0.
0/
00
01
#2571
0#
#2574
1#
#2575
0#
#2578
1#
#2579
0#
#2582
1#
#2583
0#
#2586
1#
#2587
0#
#2590
1#
#2591
0#
#2594
1#
#2595
0#
#2598
1#
#2599
0#
#2602
1#
#2603
0#
#2606
1#
#2607
0#
#2610
1#
1$
1%
1&
1'
1(
1)
1*
1+
1,
1-
1.
1/
10
11
#2611
0#
#2614
1#
#2615
0#
#2618
1#
#2619
0#
#2622
1#
#2623
0#
#2626
1#
#2627
0#
#2630
1#
0$
0%
0&
0'
0(
0)
0*
0+
0,
0-
0.
0/
00
01
#2631
0#
#2634
1#
#2635
0#
#2638
1#
#2639
0#
#2642
1#
#2643
0#
#2646
1#
#2647
0#
#2650
1#
1$
1%
1&
1'
1(
1)
1*
1+
1,
1-
1.
1/
10
11
#2651
0#
#2654
1#
#2655
0#
#2658
1#
#2659
0#
#2662
1#
#2663
0#
#2666
1#
#2667
0#
#2670
1#
#2671
0#
#2674
1#
#2675
0#
#2678
1#
#2679
0#
#2682
1#
#2683
0#
#2686
1#
#2687
0#
#2690
1#
0$
0%
0&
0'
0(
0)
0*
0+
0,
0-
0.
0/
00
01
#2691
0#
#2694
1#
#2695
0#
#2698
1#
#2699
0#
#2702
1#
#2703
0#
#2706
1#
#2707
0#
#2710
1#
1$
1%
1&
1'
1(
1)
1*
1+
1,
1-
1.
1/
10
11
#2711
0#
#2714
1#
#2715
0#
#2718
1#
#2719
0#
#2722
1#
#2723
0#
#2726
1#
#2727
0#
#2730
1#
0$
0%
0&
0'
0(
0)
0*
0+
0,
0-
0.
0/
00
01
#2731
0#
#2734
1#
#2735
0#
#2738
1#
#2739
0#
#2742
1#
#2743
0#
#2746
1#
#2747
0#
#2750
1#
1$
1%
1&
1'
1(
1)
1*
1+
1,
1-
1.
1/
10
11
#2751
0#
#2754
1#
#2755
0#
#2758
1#
#2759
0#
#2762
1#
#2763
0#
#2766
1#
#2767
0#
#2770
1#
#2771
0#
#2774
1#
#2775
0#
#2778
1#
#2779
0#
#2782
1#
#2783
0#
#2786
1#
#2787
0#
#2790
1#
0$
0%
0&
0'
0(
0)
0*
0+
0,
0-
0.
0/
00
01
#2791
0#
#2794
1#
#2795
0#
#2798
1#
#2799
0#
#2802
1#
#2803
0#
#2806
1#
#2807
0#
#2809
1@
#2810
1#
1$
1%
1&
1'
1(
1)
1*
1+
1,
1-
1.
1/
10
11
0@
#2811
0#
#2814
1#
#2815
0#
#2818
1#
#2819
0#
#2822
1#
#2823
0#
#2826
1#
#2827
0#
#2830
1#
0$
0%
0&
0'
0(
0)
0*
0+
0,
0-
0.
0/
00
01
#2831
0#
#2834
1#
#2835
0#
#2838
1#
#2839
0#
#2842
1#
#2843
0#
#2846
1#
#2847
0#
#2850
1#
1$
1%
1&
1'
1(
1)
1*
1+
1,
1-
1.
1/
10
11
#2851
0#
#2854
1#
#2855
0#
#2858
1#
#2859
0#
#2862
1#
#2863
0#
#2866
1#
#2867
0#
#2870
1#
#2871
0#
#2874
1#
#2875
0#
#2878
1#
#2879
0#
#2882
1#
#2883
0#
#2886
1#
#2887
0#
#2890
1#
0$
0%
0&
0'
0(
0)
0*
0+
0,
0-
0.
0/
00
01
#2891
0#
#2894
1#
#2895
0#
#2898
1#
#2899
0#
#2902
1#
#2903
0#
#2906
1#
#2907
0#
#2910
1#
#2911
0#
#2914
1#
#2915
0#
#2918
1#
#2919
0#
#2922
1#
#2923
0#
#2926
1#
#2927
0#
#2930
1#
1$
1%
1&
1'
1(
1)
1*
1+
1,
1-
1.
1/
10
11
#2931
0#
#2934
1#
#2935
0#
#2938
1#
#2939
0#
#2942
1#
#2943
0#
#2946
1#
#2947
0#
#2950
1#
0$
0%
0&
0'
0(
0)
0*
0+
0,
0-
0.
0/
00
01
#2951
0#
#2954
1#
#2955
0#
#2958
1#
#2959
0#
#2962
1#
#2963
0#
#2966
1#
#2967
0#
#2970
1#
1$
1%
1&
1'
1(
1)
1*
1+
1,
1-
1.
1/
10
11
#2971
0#
#2974
1#
#2975
0#
#2978
1#
#2979
0#
#2982
1#
#2983
0#
#2986
1#
#2987
0#
#2990
1#
#2991
0#
#2994
1#
#2995
0#
#2998
1#
#2999
0#
#3002
1#
#3003
0#
#3006
1#
#3007
0#
#3010
1#
0$
0%
0&
0'
0(
0)
0*
0+
0,
0-
0.
0/
00
01
#3011
0#
#3014
1#
#3015
0#
#3018
1#
#3019
0#
#3022
1#
#3023
0#
#3026
1#
#3027
0#
#3030
1#
1$
1%
1&
1'
1(
1)
1*
1+
1,
1-
1.
1/
10
11
#3031
0#
#3034
1#
#3035
0#
#3038
1#
#3039
0#
#3042
1#
#3043
0#
#3046
1#
#3047
0#
#3050
1#
0$
0%
0&
0'
0(
0)
0*
0+
0,
0-
0.
0/
00
01
#3051
0#
#3054
1#
#3055
0#
#3058
1#
#3059
0#
#3062
1#
#3063
0#
#3066
1#
#3067
0#
#3070
1#
1$
1%
1&
1'
1(
1)
1*
1+
1,
1-
1.
1/
10
11
#3071
0#
#3074
1#
#3075
0#
#3078
1#
#3079
0#
#3082
1#
#3083
0#
#3086
1#
#3087
0#
#3090
1#
#3091
0#
#3094
1#
#3095
0#
#3098
1#
#3099
0#
#3102
1#
#3103
0#
#3106
1#
#3107
0#
#3110
1#
0$
0%
0&
0'
0(
0)
0*
0+
0,
0-
0.
0/
00
01
#3111
0#
#3114
1#
#3115
0#
#3118
1#
#3119
0#
#3122
1#
#3123
0#
#3126
1#
#3127
0#
#3129
1@
#3130
1#
1$
1%
1&
1'
1(
1)
1*
1+
1,
1-
1.
1/
10
11
0@
#3131
0#
#3134
1#
#3135
0#
#3138
1#
#3139
0#
#3142
1#
#3143
0#
#3146
1#
#3147
0#
#3150
1#
0$
0%
0&
0'
0(
0)
0*
0+
0,
0-
0.
0/
00
01
#3151
0#
#3154
1#
#3155
0#
#3158
1#
#3159
0#
#3162
1#
#3163
0#
#3166
1#
#3167
0#
#3170
1#
1$
1%
1&
1'
1(
1)
1*
1+
1,
1-
1.
1/
10
11
#3171
0#
#3174
1#
#3175
0#
#3178
1#
#3179
0#
#3182
1#
#3183
0#
#3186
1#
#3187
0#
#3190
1#
#3191
0#
#3194
1#
#3195
0#
#3198
1#
#3199
0#
#3202
1#
#3203
0#
#3206
1#
#3207
0#
#3210
1#
0$
0%
0&
0'
0(
0)
0*
0+
0,
0-
0.
0/
00
01
#3211
0#
#3214
1#
#3215
0#
#3218
1#
#3219
0#
#3222
1#
#3223
0#
#3226
1#
#3227
0#
#3230
1#
#3231
0#
#3234
1#
#3235
0#
#3238
1#
#3239
0#
#3242
1#
#3243
0#
#3246
1#
#3247
0#
#3250
1#
1$
1%
1&
1'
1(
1)
1*
1+
1,
1-
1.
1/
10
11
#3251
0#
#3254
1#
#3255
0#
#3258
1#
#3259
0#
#3262
1#
#3263
0#
#3266
1#
#3267
0#
#3270
1#
0$
0%
0&
0'
0(
0)
0*
0+
0,
0-
0.
0/
00
01
#3271
0#
#3274
1#
#3275
0#
#3278
1#
#3279
0#
#3282
1#
#3283
0#
#3286
1#
#3287
0#
#3290
1#
1$
1%
1&
1'
1(
1)
1*
1+
1,
1-
1.
1/
10
11
#3291
0#
#3294
1#
#3295
0#
#3298
1#
#3299
0#
#3302
1#
#3303
0#
#3306
1#
#3307
0#
#3310
1#
#3311
0#
#3314
1#
#3315
0#
#3318
1#
#3319
0#
#3322
1#
#3323
0#
#3326
1#
#3327
0#
#3330
1#
0$
0%
0&
0'
0(
0)
0*
0+
0,
0-
0.
0/
00
01
#3331
0#
#3334
1#
#3335
0#
#3338
1#
#3339
0#
#3342
1#
#3343
0#
#3346
1#
#3347
0#
#3350
1#
1$
1%
1&
1'
1(
1)
1*
1+
1,
1-
1.
1/
10
11
#3351
0#
#3354
1#
#3355
0#
#3358
1#
#3359
0#
#3362
1#
#3363
0#
#3366
1#
#3367
0#
#3370
1#
0$
0%
0&
0'
0(
0)
0*
0+
0,
0-
0.
0/
00
01
#3371
0#
#3374
1#
#3375
0#
#3378
1#
#3379
0#
#3382
1#
#3383
0#
#3386
1#
#3387
0#
#3390
1#
1$
1%
1&
1'
1(
1)
1*
1+
1,
1-
1.
1/
10
11
#3391
0#
#3394
1#
#3395
0#
#3398
1#
#3399
0#
#3402
1#
#3403
0#
#3406
1#
#3407
0#
#3410
1#
#3411
0#
#3414
1#
#3415
0#
#3418
1#
#3419
0#
#3422
1#
#3423
0#
#3426
1#
#3427
0#
#3430
1#
0$
0%
0&
0'
0(
0)
0*
0+
0,
0-
0.
0/
00
01
#3431
0#
#3434
1#
#3435
0#
#3438
1#
#3439
0#
#3442
1#
#3443
0#
#3446
1#
#3447
0#
#3449
1@
#3450
1#
1$
1%
1&
1'
1(
1)
1*
1+
1,
1-
1.
1/
10
11
0@
#3451
0#
#3454
1#
#3455
0#
#3458
1#
#3459
0#
#3462
1#
#3463
0#
#3466
1#
#3467
0#
#3470
1#
0$
0%
0&
0'
0(
0)
0*
0+
0,
0-
0.
0/
00
01
#3471
0#
#3474
1#
#3475
0#
#3478
1#
#3479
0#
#3482
1#
#3483
0#
#3486
1#
#3487
0#
#3490
1#
1$
1%
1&
1'
1(
1)
1*
1+
1,
1-
1.
1/
10
11
#3491
0#
#3494
1#
#3495
0#
#3498
1#
#3499
0#
#3502
1#
#3503
0#
#3506
1#
#3507
0#
#3510
1#
#3511
0#
#3514
1#
#3515
0#
#3518
1#
#3519
0#
#3522
1#
#3523
0#
#3526
1#
#3527
0#
#3530
1#
0$
0%
0&
0'
0(
0)
0*
0+
0,
0-
0.
0/
00
01
#3531
0#
#3534
1#
#3535
0#
#3538
1#
#3539
0#
#3542
1#
#3543
0#
#3546
1#
#3547
0#
#3550
1#
#3551
0#
#3554
1#
#3555
0#
#3558
1#
#3559
0#
#3562
1#
#3563
0#
#3566
1#
#3567
0#
#3570
1#
1$
1%
1&
1'
1(
1)
1*
1+
1,
1-
1.
1/
10
11
#3571
0#
#3574
1#
#3575
0#
#3578
1#
#3579
0#
#3582
1#
#3583
0#
#3586
1#
#3587
0#
#3590
1#
0$
0%
0&
0'
0(
0)
0*
0+
0,
0-
0.
0/
00
01
#3591
0#
#3594
1#
#3595
0#
#3598
1#
#3599
0#
#3602
1#
#3603
0#
#3606
1#
#3607
0#
#3610
1#
1$
1%
1&
1'
1(
1)
1*
1+
1,
1-
1.
1/
10
11
#3611
0#
#3614
1#
#3615
0#
#3618
1#
#3619
0#
#3622
1#
#3623
0#
#3626
1#
#3627
0#
#3630
1#
#3631
0#
#3634
1#
#3635
0#
#3638
1#
#3639
0#
#3642
1#
#3643
0#
#3646
1#
#3647
0#
#3650
1#
0$
0%
0&
0'
0(
0)
0*
0+
0,
0-
0.
0/
00
01
#3651
0#
#3654
1#
#3655
0#
#3658
1#
#3659
0#
#3662
1#
#3663
0#
#3666
1#
#3667
0#
#3670
1#
1$
1%
1&
1'
1(
1)
1*
1+
1,
1-
1.
1/
10
11
#3671
0#
#3674
1#
#3675
0#
#3678
1#
#3679
0#
#3682
1#
#3683
0#
#3686
1#
#3687
0#
#3690
1#
0$
0%
0&
0'
0(
0)
0*
0+
0,
0-
0.
0/
00
01
#3691
0#
#3694
1#
#3695
0#
#3698
1#
#3699
0#
#3702
1#
#3703
0#
#3706
1#
#3707
0#
#3710
1#
1$
1%
1&
1'
1(
1)
1*
1+
1,
1-
1.
1/
10
11
#3711
0#
#3714
1#
#3715
0#
#3718
1#
#3719
0#
#3722
1#
#3723
0#
#3726
1#
#3727
0#
#3730
1#
#3731
0#
#3734
1#
#3735
0#
#3738
1#
#3739
0#
#3742
1#
#3743
0#
#3746
1#
#3747
0#
#3750
1#
0$
0%
0&
0'
0(
0)
0*
0+
0,
0-
0.
0/
00
01
#3751
0#
#3754
1#
#3755
0#
#3758
1#
#3759
0#
#3762
1#
#3763
0#
#3766
1#
#3767
0#
#3769
1@
#3770
1#
1$
1%
1&
1'
1(
1)
1*
1+
1,
1-
1.
1/
10
11
0@
#3771
0#
#3774
1#
#3775
0#
#3778
1#
#3779
0#
#3782
1#
#3783
0#
#3786
1#
#3787
0#
#3790
1#
0$
0%
0&
0'
0(
0)
0*
0+
0,
0-
0.
0/
00
01
#3791
0#
#3794
1#
#3795
0#
#3798
1#
#3799
0#
#3802
1#
#3803
0#
#3806
1#
#3807
0#
#3810
1#
1$
1%
1&
1'
1(
1)
1*
1+
1,
1-
1.
1/
10
11
#3811
0#
#3814
1#
#3815
0#
#3818
1#
#3819
0#
#3822
1#
#3823
0#
#3826
1#
#3827
0#
#3830
1#
#3831
0#
#3834
1#
#3835
0#
#3838
1#
#3839
0#
#3842
1#
#3843
0#
#3846
1#
#3847
0#
#3850
1#
0$
0%
0&
0'
0(
0)
0*
0+
0,
0-
0.
0/
00
01
#3851
0#
#3854
1#
#3855
0#
#3858
1#
#3859
0#
#3862
1#
#3863
0#
#3866
1#
#3867
0#
#3870
1#
#3871
0#
#3874
1#
#3875
0#
#3878
1#
#3879
0#
#3882
1#
#3883
0#
#3886
1#
#3887
0#
#3890
1#
1$
1%
1&
1'
1(
1)
1*
1+
1,
1-
1.
1/
10
11
#3891
0#
#3894
1#
#3895
0#
#3898
1#
#3899
0#
#3902
1#
#3903
0#
#3906
1#
#3907
0#
#3910
1#
0$
0%
0&
0'
0(
0)
0*
0+
0,
0-
0.
0/
00
01
#3911
0#
#3914
1#
#3915
0#
#3918
1#
#3919
0#
#3922
1#
#3923
0#
#3926
1#
#3927
0#
#3930
1#
1$
1%
1&
1'
1(
1)
1*
1+
1,
1-
1.
1/
10
11
#3931
0#
#3934
1#
#3935
0#
#3938
1#
#3939
0#
#3942
1#
#3943
0#
#3946
1#
#3947
0#
#3950
1#
#3951
0#
#3954
1#
#3955
0#
#3958
1#
#3959
0#
#3962
1#
#3963
0#
#3966
1#
#3967
0#
#3970
1#
0$
0%
0&
0'
0(
0)
0*
0+
0,
0-
0.
0/
00
01
#3971
0#
#3974
1#
#3975
0#
#3978
1#
#3979
0#
#3982
1#
#3983
0#
#3986
1#
#3987
0#
#3990
1#
1$
1%
1&
1'
1(
1)
1*
1+
1,
1-
1.
1/
10
11
#3991
0#
#3994
1#
#3995
0#
#3998
1#
#3999
0#
#4002
1#
#4003
0#
#4006
1#
#4007
0#
#4010
1#
0$
0%
0&
0'
0(
0)
0*
0+
0,
0-
0.
0/
00
01
#4011
0#
#4014
1#
#4015
0#
#4018
1#
#4019
0#
#4022
1#
#4023
0#
#4026
1#
#4027
0#
#4030
1#
1$
1%
1&
1'
1(
1)
1*
1+
1,
1-
1.
1/
10
11
#4031
0#
#4034
1#
#4035
0#
#4038
1#
#4039
0#
#4042
1#
#4043
0#
#4046
1#
#4047
0#
#4050
1#
#4051
0#
#4054
1#
#4055
0#
#4058
1#
#4059
0#
#4062
1#
#4063
0#
#4066
1#
#4067
0#
#4070
1#
0$
0%
0&
0'
0(
0)
0*
0+
0,
0-
0.
0/
00
01
#4071
0#
#4074
1#
#4075
0#
#4078
1#
#4079
0#
#4082
1#
#4083
0#
#4086
1#
#4087
0#
#4089
1@
#4090
1#
1$
1%
1&
1'
1(
1)
1*
1+
1,
1-
1.
1/
10
11
0@
#4091
0#
#4094
1#
#4095
0#
#4098
1#
#4099
0#
#4102
1#
#4103
0#
#4106
1#
#4107
0#
#4110
1#
0$
0%
0&
0'
0(
0)
0*
0+
0,
0-
0.
0/
00
01
#4111
0#
#4114
1#
#4115
0#
#4118
1#
#4119
0#
#4122
1#
#4123
0#
#4126
1#
#4127
0#
#4130
1#
1$
1%
1&
1'
1(
1)
1*
1+
1,
1-
1.
1/
10
11
#4131
0#
#4134
1#
#4135
0#
#4138
1#
#4139
0#
#4142
1#
#4143
0#
#4146
1#
#4147
0#
#4150
1#
#4151
0#
#4154
1#
#4155
0#
#4158
1#
#4159
0#
#4162
1#
#4163
0#
#4166
1#
#4167
0#
#4170
1#
0$
0%
0&
0'
0(
0)
0*
0+
0,
0-
0.
0/
00
01
#4171
0#
#4174
1#
#4175
0#
#4178
1#
#4179
0#
#4182
1#
#4183
0#
#4186
1#
#4187
0#
#4190
1#
#4191
0#
#4194
1#
#4195
0#
#4198
1#
#4199
0#
#4202
1#
#4203
0#
#4206
1#
#4207
0#
#4210
1#
1$
1%
1&
1'
1(
1)
1*
1+
1,
1-
1.
1/
10
11
#4211
0#
#4214
1#
#4215
0#
#4218
1#
#4219
0#
#4222
1#
#4223
0#
#4226
1#
#4227
0#
#4230
1#
0$
0%
0&
0'
0(
0)
0*
0+
0,
0-
0.
0/
00
01
#4231
0#
#4234
1#
#4235
0#
#4238
1#
#4239
0#
#4242
1#
#4243
0#
#4246
1#
#4247
0#
#4250
1#
1$
1%
1&
1'
1(
1)
1*
1+
1,
1-
1.
1/
10
11
#4251
0#
#4254
1#
#4255
0#
#4258
1#
#4259
0#
#4262
1#
#4263
0#
#4266
1#
#4267
0#
#4270
1#
#4271
0#
#4274
1#
#4275
0#
#4278
1#
#4279
0#
#4282
1#
#4283
0#
#4286
1#
#4287
0#
#4290
1#
0$
0%
0&
0'
0(
0)
0*
0+
0,
0-
0.
0/
00
01
#4291
0#
#4294
1#
#4295
0#
#4298
1#
#4299
0#
#4302
1#
#4303
0#
#4306
1#
#4307
0#
#4310
1#
1$
1%
1&
1'
1(
1)
1*
1+
1,
1-
1.
1/
10
11
#4311
0#
#4314
1#
#4315
0#
#4318
1#
#4319
0#
#4322
1#
#4323
0#
#4326
1#
#4327
0#
#4330
1#
0$
0%
0&
0'
0(
0)
0*
0+
0,
0-
0.
0/
00
01
#4331
0#
#4334
1#
#4335
0#
#4338
1#
#4339
0#
#4342
1#
#4343
0#
#4346
1#
#4347
0#
#4350
1#
1$
1%
1&
1'
1(
1)
1*
1+
1,
1-
1.
1/
10
11
#4351
0#
#4354
1#
#4355
0#
#4358
1#
#4359
0#
#4362
1#
#4363
0#
#4366
1#
#4367
0#
#4370
1#
#4371
0#
#4374
1#
#4375
0#
#4378
1#
#4379
0#
#4382
1#
#4383
0#
#4386
1#
#4387
0#
#4390
1#
0$
0%
0&
0'
0(
0)
0*
0+
0,
0-
0.
0/
00
01
#4391
0#
#4394
1#
#4395
0#
#4398
1#
#4399
0#
#4402
1#
#4403
0#
#4406
1#
#4407
0#
#4409
1@
#4410
1#
1$
1%
1&
1'
1(
1)
1*
1+
1,
1-
1.
1/
10
11
0@
#4411
0#
#4414
1#
#4415
0#
#4418
1#
#4419
0#
#4422
1#
#4423
0#
#4426
1#
#4427
0#
#4430
1#
0$
0%
0&
0'
0(
0)
0*
0+
0,
0-
0.
0/
00
01
#4431
0#
#4434
1#
#4435
0#
#4438
1#
#4439
0#
#4442
1#
#4443
0#
#4446
1#
#4447
0#
#4450
1#
1$
1%
1&
1'
1(
1)
1*
1+
1,
1-
1.
1/
10
11
#4451
0#
#4454
1#
#4455
0#
#4458
1#
#4459
0#
#4462
1#
#4463
0#
#4466
1#
#4467
0#
#4470
1#
#4471
0#
#4474
1#
#4475
0#
#4478
1#
#4479
0#
#4482
1#
#4483
0#
#4486
1#
#4487
0#
#4490
1#
0$
0%
0&
0'
0(
0)
0*
0+
0,
0-
0.
0/
00
01
#4491
0#
#4494
1#
#4495
0#
#4498
1#
#4499
0#
#4502
1#
#4503
0#
#4506
1#
#4507
0#
#4510
1#
#4511
0#
#4514
1#
#4515
0#
#4518
1#
#4519
0#
#4522
1#
#4523
0#
#4526
1#
#4527
0#
#4530
1#
1$
1%
1&
1'
1(
1)
1*
1+
1,
1-
1.
1/
10
11
#4531
0#
#4534
1#
#4535
0#
#4538
1#
#4539
0#
#4542
1#
#4543
0#
#4546
1#
#4547
0#
#4550
1#
0$
0%
0&
0'
0(
0)
0*
0+
0,
0-
0.
0/
00
01
#4551
0#
#4554
1#
#4555
0#
#4558
1#
#4559
0#
#4562
1#
#4563
0#
#4566
1#
#4567
0#
#4570
1#
1$
1%
1&
1'
1(
1)
1*
1+
1,
1-
1.
1/
10
11
#4571
0#
#4574
1#
#4575
0#
#4578
1#
#4579
0#
#4582
1#
#4583
0#
#4586
1#
#4587
0#
#4590
1#
#4591
0#
#4594
1#
#4595
0#
#4598
1#
#4599
0#
#4602
1#
#4603
0#
#4606
1#
#4607
0#
#4610
1#
0$
0%
0&
0'
0(
0)
0*
0+
0,
0-
0.
0/
00
01
#4611
0#
#4614
1#
#4615
0#
#4618
1#
#4619
0#
#4622
1#
#4623
0#
#4626
1#
#4627
0#
#4630
1#
1$
1%
1&
1'
1(
1)
1*
1+
1,
1-
1.
1/
10
11
#4631
0#
#4634
1#
#4635
0#
#4638
1#
#4639
0#
#4642
1#
#4643
0#
#4646
1#
#4647
0#
#4650
1#
0$
0%
0&
0'
0(
0)
0*
0+
0,
0-
0.
0/
00
01
#4651
0#
#4654
1#
#4655
0#
#4658
1#
#4659
0#
#4662
1#
#4663
0#
#4666
1#
#4667
0#
#4670
1#
1$
1%
1&
1'
1(
1)
1*
1+
1,
1-
1.
1/
10
11
#4671
0#
#4674
1#
#4675
0#
#4678
1#
#4679
0#
#4682
1#
#4683
0#
#4686
1#
#4687
0#
#4690
1#
#4691
0#
#4694
1#
#4695
0#
#4698
1#
#4699
0#
#4702
1#
#4703
0#
#4706
1#
#4707
0#
#4710
1#
0$
0%
0&
0'
0(
0)
0*
0+
0,
0-
0.
0/
00
01
#4711
0#
#4714
1#
#4715
0#
#4718
1#
#4719
0#
#4722
1#
#4723
0#
#4726
1#
#4727
0#
#4729
1@
#4730
1#
1$
1%
1&
1'
1(
1)
1*
1+
1,
1-
1.
1/
10
11
0@
#4731
0#
#4734
1#
#4735
0#
#4738
1#
#4739
0#
#4742
1#
#4743
0#
#4746
1#
#4747
0#
#4750
1#
0$
0%
0&
0'
0(
0)
0*
0+
0,
0-
0.
0/
00
01
#4751
0#
#4754
1#
#4755
0#
#4758
1#
#4759
0#
#4762
1#
#4763
0#
#4766
1#
#4767
0#
#4770
1#
1$
1%
1&
1'
1(
1)
1*
1+
1,
1-
1.
1/
10
11
#4771
0#
#4774
1#
#4775
0#
#4778
1#
#4779
0#
#4782
1#
#4783
0#
#4786
1#
#4787
0#
#4790
1#
#4791
0#
#4794
1#
#4795
0#
#4798
1#
#4799
0#
#4802
1#
#4803
0#
#4806
1#
#4807
0#
#4810
1#
0$
0%
0&
0'
0(
0)
0*
0+
0,
0-
0.
0/
00
01
#4811
0#
#4814
1#
#4815
0#
#4818
1#
#4819
0#
#4822
1#
#4823
0#
#4826
1#
#4827
0#
#4830
1#
#4831
0#
#4834
1#
#4835
0#
#4838
1#
#4839
0#
#4842
1#
#4843
0#
#4846
1#
#4847
0#
#4850
1#
1$
1%
1&
1'
1(
1)
1*
1+
1,
1-
1.
1/
10
11
#4851
0#
#4854
1#
#4855
0#
#4858
1#
#4859
0#
#4862
1#
#4863
0#
#4866
1#
#4867
0#
#4870
1#
0$
0%
0&
0'
0(
0)
0*
0+
0,
0-
0.
0/
00
01
#4871
0#
#4874
1#
#4875
0#
#4878
1#
#4879
0#
#4882
1#
#4883
0#
#4886
1#
#4887
0#
#4890
1#
1$
1%
1&
1'
1(
1)
1*
1+
1,
1-
1.
1/
10
11
#4891
0#
#4894
1#
#4895
0#
#4898
1#
#4899
0#
#4902
1#
#4903
0#
#4906
1#
#4907
0#
#4910
1#
#4911
0#
#4914
1#
#4915
0#
#4918
1#
#4919
0#
#4922
1#
#4923
0#
#4926
1#
#4927
0#
#4930
1#
0$
0%
0&
0'
0(
0)
0*
0+
0,
0-
0.
0/
00
01
#4931
0#
#4934
1#
#4935
0#
#4938
1#
#4939
0#
#4942
1#
#4943
0#
#4946
1#
#4947
0#
#4950
1#
1$
1%
1&
1'
1(
1)
1*
1+
1,
1-
1.
1/
10
11
#4951
0#
#4954
1#
#4955
0#
#4958
1#
#4959
0#
#4962
1#
#4963
0#
#4966
1#
#4967
0#
#4970
1#
0$
0%
0&
0'
0(
0)
0*
0+
0,
0-
0.
0/
00
01
#4971
0#
#4974
1#
#4975
0#
#4978
1#
#4979
0#
#4982
1#
#4983
0#
#4986
1#
#4987
0#
#4990
1#
1$
1%
1&
1'
1(
1)
1*
1+
1,
1-
1.
1/
10
11
#4991
0#
#4994
1#
#4995
0#
#4998
1#
#4999
0#
#5002
1#
#5003
0#
#5006
1#
#5007
0#
#5010
1#
#5011
0#
#5014
1#
#5015
0#
#5018
1#
#5019
0#
#5022
1#
#5023
0#
#5026
1#
#5027
0#
#5030
1#
0$
0%
0&
0'
0(
0)
0*
0+
0,
0-
0.
0/
00
01
#5031
0#
#5034
1#
#5035
0#
#5038
1#
#5039
0#
#5042
1#
#5043
0#
#5046
1#
#5047
0#
#5049
1@
#5050
1#
1$
1%
1&
1'
1(
1)
1*
1+
1,
1-
1.
1/
10
11
0@
#5051
0#
#5054
1#
#5055
0#
#5058
1#
#5059
0#
#5062
1#
#5063
0#
#5066
1#
#5067
0#
#5070
1#
0$
0%
0&
0'
0(
0)
0*
0+
0,
0-
0.
0/
00
01
#5071
0#
#5074
1#
#5075
0#
#5078
1#
#5079
0#
#5082
1#
#5083
0#
#5086
1#
#5087
0#
#5090
1#
1$
1%
1&
1'
1(
1)
1*
1+
1,
1-
1.
1/
10
11
#5091
0#
#5094
1#
#5095
0#
#5098
1#
#5099
0#
#5102
1#
#5103
0#
#5106
1#
#5107
0#
#5110
1#
#5111
0#
#5114
1#
#5115
0#
#5118
1#
#5119
0#
#5122
1#
#5123
0#
#5126
1#
#5127
0#
#5130
1#
0$
0%
0&
0'
0(
0)
0*
0+
0,
0-
0.
0/
00
01
#5131
0#
#5134
1#
#5135
0#
#5138
1#
#5139
0#
#5142
1#
#5143
0#
#5146
1#
#5147
0#
#5150
1#
#5151
0#
#5154
1#
#5155
0#
#5158
1#
#5159
0#
#5162
1#
#5163
0#
#5166
1#
#5167
0#
#5170
1#
1$
1%
1&
1'
1(
1)
1*
1+
1,
1-
1.
1/
10
11
#5171
0#
#5174
1#
#5175
0#
#5178
1#
#5179
0#
#5182
1#
#5183
0#
#5186
1#
#5187
0#
#5190
1#
0$
0%
0&
0'
0(
0)
0*
0+
0,
0-
0.
0/
00
01
#5191
0#
#5194
1#
#5195
0#
#5198
1#
#5199
0#
#5202
1#
#5203
0#
#5206
1#
#5207
0#
#5210
1#
1$
1%
1&
1'
1(
1)
1*
1+
1,
1-
1.
1/
10
11
#5211
0#
#5214
1#
#5215
0#
#5218
1#
#5219
0#
#5222
1#
#5223
0#
#5226
1#
#5227
0#
#5230
1#
#5231
0#
#5234
1#
#5235
0#
#5238
1#
#5239
0#
#5242
1#
#5243
0#
#5246
1#
#5247
0#
#5250
1#
0$
0%
0&
0'
0(
0)
0*
0+
0,
0-
0.
0/
00
01
#5251
0#
#5254
1#
#5255
0#
#5258
1#
#5259
0#
#5262
1#
#5263
0#
#5266
1#
#5267
0#
#5270
1#
1$
1%
1&
1'
1(
1)
1*
1+
1,
1-
1.
1/
10
11
#5271
0#
#5274
1#
#5275
0#
#5278
1#
#5279
0#
#5282
1#
#5283
0#
#5286
1#
#5287
0#
#5290
1#
0$
0%
0&
0'
0(
0)
0*
0+
0,
0-
0.
0/
00
01
#5291
0#
#5294
1#
#5295
0#
#5298
1#
#5299
0#
#5302
1#
#5303
0#
#5306
1#
#5307
0#
#5310
1#
1$
1%
1&
1'
1(
1)
1*
1+
1,
1-
1.
1/
10
11
#5311
0#
#5314
1#
#5315
0#
#5318
1#
#5319
0#
#5322
1#
#5323
0#
#5326
1#
#5327
0#
#5330
1#
#5331
0#
#5334
1#
#5335
0#
#5338
1#
#5339
0#
#5342
1#
#5343
0#
#5346
1#
#5347
0#
#5350
1#
0$
0%
0&
0'
0(
0)
0*
0+
0,
0-
0.
0/
00
01
#5351
0#
#5354
1#
#5355
0#
#5358
1#
#5359
0#
#5362
1#
#5363
0#
#5366
1#
#5367
0#
#5369
1@
#5370
1#
1$
1%
1&
1'
1(
1)
1*
1+
1,
1-
1.
1/
10
11
0@
#5371
0#
#5374
1#
#5375
0#
#5378
1#
#5379
0#
#5382
1#
#5383
0#
#5386
1#
#5387
0#
#5390
1#
0$
0%
0&
0'
0(
0)
0*
0+
0,
0-
0.
0/
00
01
#5391
0#
#5394
1#
#5395
0#
#5398
1#
#5399
0#
#5402
1#
#5403
0#
#5406
1#
#5407
0#
#5410
1#
1$
1%
1&
1'
1(
1)
1*
1+
1,
1-
1.
1/
10
11
#5411
0#
#5414
1#
#5415
0#
#5418
1#
#5419
0#
#5422
1#
#5423
0#
#5426
1#
#5427
0#
#5430
1#
#5431
0#
#5434
1#
#5435
0#
#5438
1#
#5439
0#
#5442
1#
#5443
0#
#5446
1#
#5447
0#
#5450
1#
0$
0%
0&
0'
0(
0)
0*
0+
0,
0-
0.
0/
00
01
#5451
0#
#5454
1#
#5455
0#
#5458
1#
#5459
0#
#5462
1#
#5463
0#
#5466
1#
#5467
0#
#5470
1#
#5471
0#
#5474
1#
#5475
0#
#5478
1#
#5479
0#
#5482
1#
#5483
0#
#5486
1#
#5487
0#
#5490
1#
1$
1%
1&
1'
1(
1)
1*
1+
1,
1-
1.
1/
10
11
#5491
0#
#5494
1#
#5495
0#
#5498
1#
#5499
0#
#5502
1#
#5503
0#
#5506
1#
#5507
0#
#5510
1#
0$
0%
0&
0'
0(
0)
0*
0+
0,
0-
0.
0/
00
01
#5511
0#
#5514
1#
#5515
0#
#5518
1#
#5519
0#
#5522
1#
#5523
0#
#5526
1#
#5527
0#
#5530
1#
1$
1%
1&
1'
1(
1)
1*
1+
1,
1-
1.
1/
10
11
#5531
0#
#5534
1#
#5535
0#
#5538
1#
#5539
0#
#5542
1#
#5543
0#
#5546
1#
#5547
0#
#5550
1#
#5551
0#
#5554
1#
#5555
0#
#5558
1#
#5559
0#
#5562
1#
#5563
0#
#5566
1#
#5567
0#
#5570
1#
0$
0%
0&
0'
0(
0)
0*
0+
0,
0-
0.
0/
00
01
#5571
0#
#5574
1#
#5575
0#
#5578
1#
#5579
0#
#5582
1#
#5583
0#
#5586
1#
#5587
0#
#5590
1#
1$
1%
1&
1'
1(
1)
1*
1+
1,
1-
1.
1/
10
11
#5591
0#
#5594
1#
#5595
0#
#5598
1#
#5599
0#
#5602
1#
#5603
0#
#5606
1#
#5607
0#
#5610
1#
0$
0%
0&
0'
0(
0)
0*
0+
0,
0-
0.
0/
00
01
#5611
0#
#5614
1#
#5615
0#
#5618
1#
#5619
0#
#5622
1#
#5623
0#
#5626
1#
#5627
0#
#5630
1#
1$
1%
1&
1'
1(
1)
1*
1+
1,
1-
1.
1/
10
11
#5631
0#
#5634
1#
#5635
0#
#5638
1#
#5639
0#
#5642
1#
#5643
0#
#5646
1#
#5647
0#
#5650
1#
#5651
0#
#5654
1#
#5655
0#
#5658
1#
#5659
0#
#5662
1#
#5663
0#
#5666
1#
#5667
0#
#5670
1#
0$
0%
0&
0'
0(
0)
0*
0+
0,
0-
0.
0/
00
01
#5671
0#
#5674
1#
#5675
0#
#5678
1#
#5679
0#
#5682
1#
#5683
0#
#5686
1#
#5687
0#
#5689
1@
#5690
1#
1$
1%
1&
1'
1(
1)
1*
1+
1,
1-
1.
1/
10
11
0@
#5691
0#
#5694
1#
#5695
0#
#5698
1#
#5699
0#
#5702
1#
#5703
0#
#5706
1#
#5707
0#
#5710
1#
0$
0%
0&
0'
0(
0)
0*
0+
0,
0-
0.
0/
00
01
#5711
0#
#5714
1#
#5715
0#
#5718
1#
#5719
0#
#5722
1#
#5723
0#
#5726
1#
#5727
0#
#5730
1#
1$
1%
1&
1'
1(
1)
1*
1+
1,
1-
1.
1/
10
11
#5731
0#
#5734
1#
#5735
0#
#5738
1#
#5739
0#
#5742
1#
#5743
0#
#5746
1#
#5747
0#
#5750
1#
#5751
0#
#5754
1#
#5755
0#
#5758
1#
#5759
0#
#5762
1#
#5763
0#
#5766
1#
#5767
0#
#5770
1#
0$
0%
0&
0'
0(
0)
0*
0+
0,
0-
0.
0/
00
01
#5771
0#
#5774
1#
#5775
0#
#5778
1#
#5779
0#
#5782
1#
#5783
0#
#5786
1#
#5787
0#
#5790
1#
#5791
0#
#5794
1#
#5795
0#
#5798
1#
#5799
0#
#5802
1#
#5803
0#
#5806
1#
#5807
0#
#5810
1#
1$
1%
1&
1'
1(
1)
1*
1+
1,
1-
1.
1/
10
11
#5811
0#
#5814
1#
#5815
0#
#5818
1#
#5819
0#
#5822
1#
#5823
0#
#5826
1#
#5827
0#
#5830
1#
0$
0%
0&
0'
0(
0)
0*
0+
0,
0-
0.
0/
00
01
#5831
0#
#5834
1#
#5835
0#
#5838
1#
#5839
0#
#5842
1#
#5843
0#
#5846
1#
#5847
0#
#5850
1#
1$
1%
1&
1'
1(
1)
1*
1+
1,
1-
1.
1/
10
11
#5851
0#
#5854
1#
#5855
0#
#5858
1#
#5859
0#
#5862
1#
#5863
0#
#5866
1#
#5867
0#
#5870
1#
#5871
0#
#5874
1#
#5875
0#
#5878
1#
#5879
0#
#5882
1#
#5883
0#
#5886
1#
#5887
0#
#5890
1#
0$
0%
0&
0'
0(
0)
0*
0+
0,
0-
0.
0/
00
01
#5891
0#
#5894
1#
#5895
0#
#5898
1#
#5899
0#
#5902
1#
#5903
0#
#5906
1#
#5907
0#
#5910
1#
1$
1%
1&
1'
1(
1)
1*
1+
1,
1-
1.
1/
10
11
#5911
0#
#5914
1#
#5915
0#
#5918
1#
#5919
0#
#5922
1#
#5923
0#
#5926
1#
#5927
0#
#5930
1#
0$
0%
0&
0'
0(
0)
0*
0+
0,
0-
0.
0/
00
01
#5931
0#
#5934
1#
#5935
0#
#5938
1#
#5939
0#
#5942
1#
#5943
0#
#5946
1#
#5947
0#
#5950
1#
1$
1%
1&
1'
1(
1)
1*
1+
1,
1-
1.
1/
10
11
#5951
0#
#5954
1#
#5955
0#
#5958
1#
#5959
0#
#5962
1#
#5963
0#
#5966
1#
#5967
0#
#5970
1#
#5971
0#
#5974
1#
#5975
0#
#5978
1#
#5979
0#
#5982
1#
#5983
0#
#5986
1#
#5987
0#
#5990
1#
0$
0%
0&
0'
0(
0)
0*
0+
0,
0-
0.
0/
00
01
#5991
0#
#5994
1#
#5995
0#
#5998
1#
#5999
0#
#6002
1#
#6003
0#
#6006
1#
#6007
0#
#6009
1@
#6010
1#
1$
1%
1&
1'
1(
1)
1*
1+
1,
1-
1.
1/
10
11
0@
#6011
0#
#6014
1#
#6015
0#
#6018
1#
#6019
0#
#6022
1#
#6023
0#
#6026
1#
#6027
0#
#6030
1#
0$
0%
0&
0'
0(
0)
0*
0+
0,
0-
0.
0/
00
01
#6031
0#
#6034
1#
#6035
0#
#6038
1#
#6039
0#
#6042
1#
#6043
0#
#6046
1#
#6047
0#
#6050
1#
1$
1%
1&
1'
1(
1)
1*
1+
1,
1-
1.
1/
10
11
#6051
0#
#6054
1#
#6055
0#
#6058
1#
#6059
0#
#6062
1#
#6063
0#
#6066
1#
#6067
0#
#6070
1#
#6071
0#
#6074
1#
#6075
0#
#6078
1#
#6079
0#
#6082
1#
#6083
0#
#6086
1#
#6087
0#
#6090
1#
0$
0%
0&
0'
0(
0)
0*
0+
0,
0-
0.
0/
00
01
#6091
0#
#6094
1#
#6095
0#
#6098
1#
#6099
0#
#6102
1#
#6103
0#
#6106
1#
#6107
0#
#6110
1#
#6111
0#
#6114
1#
#6115
0#
#6118
1#
#6119
0#
#6122
1#
#6123
0#
#6126
1#
#6127
0#
#6130
1#
1$
1%
1&
1'
1(
1)
1*
1+
1,
1-
1.
1/
10
11
#6131
0#
#6134
1#
#6135
0#
#6138
1#
#6139
0#
#6142
1#
#6143
0#
#6146
1#
#6147
0#
#6150
1#
0$
0%
0&
0'
0(
0)
0*
0+
0,
0-
0.
0/
00
01
#6151
0#
#6154
1#
#6155
0#
#6158
1#
#6159
0#
#6162
1#
#6163
0#
#6166
1#
#6167
0#
#6170
1#
1$
1%
1&
1'
1(
1)
1*
1+
1,
1-
1.
1/
10
11
#6171
0#
#6174
1#
#6175
0#
#6178
1#
#6179
0#
#6182
1#
#6183
0#
#6186
1#
#6187
0#
#6190
1#
#6191
0#
#6194
1#
#6195
0#
#6198
1#
#6199
0#
#6202
1#
#6203
0#
#6206
1#
#6207
0#
#6210
1#
0$
0%
0&
0'
0(
0)
0*
0+
0,
0-
0.
0/
00
01
#6211
0#
#6214
1#
#6215
0#
#6218
1#
#6219
0#
#6222
1#
#6223
0#
#6226
1#
#6227
0#
#6230
1#
1$
1%
1&
1'
1(
1)
1*
1+
1,
1-
1.
1/
10
11
#6231
0#
#6234
1#
#6235
0#
#6238
1#
#6239
0#
#6242
1#
#6243
0#
#6246
1#
#6247
0#
#6250
1#
0$
0%
0&
0'
0(
0)
0*
0+
0,
0-
0.
0/
00
01
#6251
0#
#6254
1#
#6255
0#
#6258
1#
#6259
0#
#6262
1#
#6263
0#
#6266
1#
#6267
0#
#6270
1#
1$
1%
1&
1'
1(
1)
1*
1+
1,
1-
1.
1/
10
11
#6271
0#
#6274
1#
#6275
0#
#6278
1#
#6279
0#
#6282
1#
#6283
0#
#6286
1#
#6287
0#
#6290
1#
#6291
0#
#6294
1#
#6295
0#
#6298
1#
#6299
0#
#6302
1#
#6303
0#
#6306
1#
#6307
0#
#6310
1#
0$
0%
0&
0'
0(
0)
0*
0+
0,
0-
0.
0/
00
01
#6311
0#
#6314
1#
#6315
0#
#6318
1#
#6319
0#
#6322
1#
#6323
0#
#6326
1#
#6327
0#
#6329
1@
#6330
1#
1$
1%
1&
1'
1(
1)
1*
1+
1,
1-
1.
1/
10
11
0@
#6331
0#
#6334
1#
#6335
0#
#6338
1#
#6339
0#
#6342
1#
#6343
0#
#6346
1#
#6347
0#
#6350
1#
0$
0%
0&
0'
0(
0)
0*
0+
0,
0-
0.
0/
00
01
#6351
0#
#6354
1#
#6355
0#
#6358
1#
#6359
0#
#6362
1#
#6363
0#
#6366
1#
#6367
0#
#6370
1#
1$
1%
1&
1'
1(
1)
1*
1+
1,
1-
1.
1/
10
11
#6371
0#
#6374
1#
#6375
0#
#6378
1#
#6379
0#
#6382
1#
#6383
0#
#6386
1#
#6387
0#
#6390
1#
#6391
0#
#6394
1#
#6395
0#
#6398
1#
#6399
0#
#6402
1#
#6403
0#
#6406
1#
#6407
0#
#6410
1#
0$
0%
0&
0'
0(
0)
0*
0+
0,
0-
0.
0/
00
01
#6411
0#
#6414
1#
#6415
0#
#6418
1#
#6419
0#
#6422
1#
#6423
0#
#6426
1#
#6427
0#
#6430
1#
#6431
0#
#6434
1#
#6435
0#
#6438
1#
#6439
0#
#6442
1#
#6443
0#
#6446
1#
#6447
0#
#6450
1#
1$
1%
1&
1'
1(
1)
1*
1+
1,
1-
1.
1/
10
11
#6451
0#
#6454
1#
#6455
0#
#6458
1#
#6459
0#
#6462
1#
#6463
0#
#6466
1#
#6467
0#
#6470
1#
0$
0%
0&
0'
0(
0)
0*
0+
0,
0-
0.
0/
00
01
#6471
0#
#6474
1#
#6475
0#
#6478
1#
#6479
0#
#6482
1#
#6483
0#
#6486
1#
#6487
0#
#6490
1#
1$
1%
1&
1'
1(
1)
1*
1+
1,
1-
1.
1/
10
11
#6491
0#
#6494
1#
#6495
0#
#6498
1#
#6499
0#
#6502
1#
#6503
0#
#6506
1#
#6507
0#
#6510
1#
#6511
0#
#6514
1#
#6515
0#
#6518
1#
#6519
0#
#6522
1#
#6523
0#
#6526
1#
#6527
0#
#6530
1#
0$
0%
0&
0'
0(
0)
0*
0+
0,
0-
0.
0/
00
01
#6531
0#
#6534
1#
#6535
0#
#6538
1#
#6539
0#
#6542
1#
#6543
0#
#6546
1#
#6547
0#
#6550
1#
1$
1%
1&
1'
1(
1)
1*
1+
1,
1-
1.
1/
10
11
#6551
0#
#6554
1#
#6555
0#
#6558
1#
#6559
0#
#6562
1#
#6563
0#
#6566
1#
#6567
0#
#6570
1#
0$
0%
0&
0'
0(
0)
0*
0+
0,
0-
0.
0/
00
01
#6571
0#
#6574
1#
#6575
0#
#6578
1#
#6579
0#
#6582
1#
#6583
0#
#6586
1#
#6587
0#
#6590
1#
1$
1%
1&
1'
1(
1)
1*
1+
1,
1-
1.
1/
10
11
#6591
0#
#6594
1#
#6595
0#
#6598
1#
#6599
0#
#6602
1#
#6603
0#
#6606
1#
#6607
0#
#6610
1#
#6611
0#
#6614
1#
#6615
0#
#6618
1#
#6619
0#
#6622
1#
#6623
0#
#6626
1#
#6627
0#
#6630
1#
0$
0%
0&
0'
0(
0)
0*
0+
0,
0-
0.
0/
00
01
#6631
0#
#6634
1#
#6635
0#
#6638
1#
#6639
0#
#6642
1#
#6643
0#
#6646
1#
#6647
0#
#6649
1@
#6650
1#
1$
1%
1&
1'
1(
1)
1*
1+
1,
1-
1.
1/
10
11
0@
#6651
0#
#6654
1#
#6655
0#
#6658
1#
#6659
0#
#6662
1#
#6663
0#
#6666
1#
#6667
0#
#6670
1#
0$
0%
0&
0'
0(
0)
0*
0+
0,
0-
0.
0/
00
01
#6671
0#
#6674
1#
#6675
0#
#6678
1#
#6679
0#
#6682
1#
#6683
0#
#6686
1#
#6687
0#
#6690
1#
1$
1%
1&
1'
1(
1)
1*
1+
1,
1-
1.
1/
10
11
#6691
0#
#6694
1#
#6695
0#
#6698
1#
#6699
0#
#6702
1#
#6703
0#
#6706
1#
#6707
0#
#6710
1#
#6711
0#
#6714
1#
#6715
0#
#6718
1#
#6719
0#
#6722
1#
#6723
0#
#6726
1#
#6727
0#
#6730
1#
0$
0%
0&
0'
0(
0)
0*
0+
0,
0-
0.
0/
00
01
#6731
0#
#6734
1#
#6735
0#
#6738
1#
#6739
0#
#6742
1#
#6743
0#
#6746
1#
#6747
0#
#6750
1#
#6751
0#
#6754
1#
#6755
0#
#6758
1#
#6759
0#
#6762
1#
#6763
0#
#6766
1#
#6767
0#
#6770
1#
1$
1%
1&
1'
1(
1)
1*
1+
1,
1-
1.
1/
10
11
#6771
0#
#6774
1#
#6775
0#
#6778
1#
#6779
0#
#6782
1#
#6783
0#
#6786
1#
#6787
0#
#6790
1#
0$
0%
0&
0'
0(
0)
0*
0+
0,
0-
0.
0/
00
01
#6791
0#
#6794
1#
#6795
0#
#6798
1#
#6799
0#
#6802
1#
#6803
0#
#6806
1#
#6807
0#
#6810
1#
1$
1%
1&
1'
1(
1)
1*
1+
1,
1-
1.
1/
10
11
#6811
0#
#6814
1#
#6815
0#
#6818
1#
#6819
0#
#6822
1#
#6823
0#
#6826
1#
#6827
0#
#6830
1#
#6831
0#
#6834
1#
#6835
0#
#6838
1#
#6839
0#
#6842
1#
#6843
0#
#6846
1#
#6847
0#
#6850
1#
0$
0%
0&
0'
0(
0)
0*
0+
0,
0-
0.
0/
00
01
#6851
0#
#6854
1#
#6855
0#
#6858
1#
#6859
0#
#6862
1#
#6863
0#
#6866
1#
#6867
0#
#6870
1#
1$
1%
1&
1'
1(
1)
1*
1+
1,
1-
1.
1/
10
11
#6871
0#
#6874
1#
#6875
0#
#6878
1#
#6879
0#
#6882
1#
#6883
0#
#6886
1#
#6887
0#
#6890
1#
0$
0%
0&
0'
0(
0)
0*
0+
0,
0-
0.
0/
00
01
#6891
0#
#6894
1#
#6895
0#
#6898
1#
#6899
0#
#6902
1#
#6903
0#
#6906
1#
#6907
0#
#6910
1#
1$
1%
1&
1'
1(
1)
1*
1+
1,
1-
1.
1/
10
11
#6911
0#
#6914
1#
#6915
0#
#6918
1#
#6919
0#
#6922
1#
#6923
0#
#6926
1#
#6927
0#
#6930
1#
#6931
0#
#6934
1#
#6935
0#
#6938
1#
#6939
0#
#6942
1#
#6943
0#
#6946
1#
#6947
0#
#6950
1#
0$
0%
0&
0'
0(
0)
0*
0+
0,
0-
0.
0/
00
01
#6951
0#
#6954
1#
#6955
0#
#6958
1#
#6959
0#
#6962
1#
#6963
0#
#6966
1#
#6967
0#
#6969
1@
#6970
1#
1$
1%
1&
1'
1(
1)
1*
1+
1,
1-
1.
1/
10
11
0@
#6971
0#
#6974
1#
#6975
0#
#6978
1#
#6979
0#
#6982
1#
#6983
0#
#6986
1#
#6987
0#
#6990
1#
0$
0%
0&
0'
0(
0)
0*
0+
0,
0-
0.
0/
00
01
#6991
0#
#6994
1#
#6995
0#
#6998
1#
#6999
0#
#7002
1#
#7003
0#
#7006
1#
#7007
0#
#7010
1#
1$
1%
1&
1'
1(
1)
1*
1+
1,
1-
1.
1/
10
11
#7011
0#
#7014
1#
#7015
0#
#7018
1#
#7019
0#
#7022
1#
#7023
0#
#7026
1#
#7027
0#
#7030
1#
#7031
0#
#7034
1#
#7035
0#
#7038
1#
#7039
0#
#7042
1#
#7043
0#
#7046
1#
#7047
0#
#7050
1#
0$
0%
0&
0'
0(
0)
0*
0+
0,
0-
0.
0/
00
01
#7051
0#
#7054
1#
#7055
0#
#7058
1#
#7059
0#
#7062
1#
#7063
0#
#7066
1#
#7067
0#
#7070
1#
#7071
0#
#7074
1#
#7075
0#
#7078
1#
#7079
0#
#7082
1#
#7083
0#
#7086
1#
#7087
0#
#7090
1#
1$
1%
1&
1'
1(
1)
1*
1+
1,
1-
1.
1/
10
11
#7091
0#
#7094
1#
#7095
0#
#7098
1#
#7099
0#
#7102
1#
#7103
0#
#7106
1#
#7107
0#
#7110
1#
0$
0%
0&
0'
0(
0)
0*
0+
0,
0-
0.
0/
00
01
#7111
0#
#7114
1#
#7115
0#
#7118
1#
#7119
0#
#7122
1#
#7123
0#
#7126
1#
#7127
0#
#7130
1#
1$
1%
1&
1'
1(
1)
1*
1+
1,
1-
1.
1/
10
11
#7131
0#
#7134
1#
#7135
0#
#7138
1#
#7139
0#
#7142
1#
#7143
0#
#7146
1#
#7147
0#
#7150
1#
#7151
0#
#7154
1#
#7155
0#
#7158
1#
#7159
0#
#7162
1#
#7163
0#
#7166
1#
#7167
0#
#7170
1#
0$
0%
0&
0'
0(
0)
0*
0+
0,
0-
0.
0/
00
01
#7171
0#
#7174
1#
#7175
0#
#7178
1#
#7179
0#
#7182
1#
#7183
0#
#7186
1#
#7187
0#
#7190
1#
1$
1%
1&
1'
1(
1)
1*
1+
1,
1-
1.
1/
10
11
#7191
0#
#7194
1#
#7195
0#
#7198
1#
#7199
0#
#7202
1#
#7203
0#
#7206
1#
#7207
0#
#7210
1#
0$
0%
0&
0'
0(
0)
0*
0+
0,
0-
0.
0/
00
01
#7211
0#
#7214
1#
#7215
0#
#7218
1#
#7219
0#
#7222
1#
#7223
0#
#7226
1#
#7227
0#
#7230
1#
1$
1%
1&
1'
1(
1)
1*
1+
1,
1-
1.
1/
10
11
#7231
0#
#7234
1#
#7235
0#
#7238
1#
#7239
0#
#7242
1#
#7243
0#
#7246
1#
#7247
0#
#7250
1#
#7251
0#
#7254
1#
#7255
0#
#7258
1#
#7259
0#
#7262
1#
#7263
0#
#7266
1#
#7267
0#
#7270
1#
0$
0%
0&
0'
0(
0)
0*
0+
0,
0-
0.
0/
00
01
#7271
0#
#7274
1#
#7275
0#
#7278
1#
#7279
0#
#7282
1#
#7283
0#
#7286
1#
#7287
0#
#7289
1@
#7290
1#
1$
1%
1&
1'
1(
1)
1*
1+
1,
1-
1.
1/
10
11
0@
#7291
0#
#7294
1#
#7295
0#
#7298
1#
#7299
0#
#7302
1#
#7303
0#
#7306
1#
#7307
0#
#7310
1#
0$
0%
0&
0'
0(
0)
0*
0+
0,
0-
0.
0/
00
01
#7311
0#
#7314
1#
#7315
0#
#7318
1#
#7319
0#
#7322
1#
#7323
0#
#7326
1#
#7327
0#
#7330
1#
1$
1%
1&
1'
1(
1)
1*
1+
1,
1-
1.
1/
10
11
#7331
0#
#7334
1#
#7335
0#
#7338
1#
#7339
0#
#7342
1#
#7343
0#
#7346
1#
#7347
0#
#7350
1#
#7351
0#
#7354
1#
#7355
0#
#7358
1#
#7359
0#
#7362
1#
#7363
0#
#7366
1#
#7367
0#
#7370
1#
0$
0%
0&
0'
0(
0)
0*
0+
0,
0-
0.
0/
00
01
#7371
0#
#7374
1#
#7375
0#
#7378
1#
#7379
0#
#7382
1#
#7383
0#
#7386
1#
#7387
0#
#7390
1#
#7391
0#
#7394
1#
#7395
0#
#7398
1#
#7399
0#
#7402
1#
#7403
0#
#7406
1#
#7407
0#
#7410
1#
1$
1%
1&
1'
1(
1)
1*
1+
1,
1-
1.
1/
10
11
#7411
0#
#7414
1#
#7415
0#
#7418
1#
#7419
0#
#7422
1#
#7423
0#
#7426
1#
#7427
0#
#7430
1#
0$
0%
0&
0'
0(
0)
0*
0+
0,
0-
0.
0/
00
01
#7431
0#
#7434
1#
#7435
0#
#7438
1#
#7439
0#
#7442
1#
#7443
0#
#7446
1#
#7447
0#
#7450
1#
1$
1%
1&
1'
1(
1)
1*
1+
1,
1-
1.
1/
10
11
#7451
0#
#7454
1#
#7455
0#
#7458
1#
#7459
0#
#7462
1#
#7463
0#
#7466
1#
#7467
0#
#7470
1#
#7471
0#
#7474
1#
#7475
0#
#7478
1#
#7479
0#
#7482
1#
#7483
0#
#7486
1#
#7487
0#
#7490
1#
0$
0%
0&
0'
0(
0)
0*
0+
0,
0-
0.
0/
00
01
#7491
0#
#7494
1#
#7495
0#
#7498
1#
#7499
0#
#7502
1#
#7503
0#
#7506
1#
#7507
0#
#7510
1#
1$
1%
1&
1'
1(
1)
1*
1+
1,
1-
1.
1/
10
11
#7511
0#
#7514
1#
#7515
0#
#7518
1#
#7519
0#
#7522
1#
#7523
0#
#7526
1#
#7527
0#
#7530
1#
0$
0%
0&
0'
0(
0)
0*
0+
0,
0-
0.
0/
00
01
#7531
0#
#7534
1#
#7535
0#
#7538
1#
#7539
0#
#7542
1#
#7543
0#
#7546
1#
#7547
0#
#7550
1#
1$
1%
1&
1'
1(
1)
1*
1+
1,
1-
1.
1/
10
11
#7551
0#
#7554
1#
#7555
0#
#7558
1#
#7559
0#
#7562
1#
#7563
0#
#7566
1#
#7567
0#
#7570
1#
#7571
0#
#7574
1#
#7575
0#
#7578
1#
#7579
0#
#7582
1#
#7583
0#
#7586
1#
#7587
0#
#7590
1#
0$
0%
0&
0'
0(
0)
0*
0+
0,
0-
0.
0/
00
01
#7591
0#
#7594
1#
#7595
0#
#7598
1#
#7599
0#
#7602
1#
#7603
0#
#7606
1#
#7607
0#
#7609
1@
#7610
1#
1$
1%
1&
1'
1(
1)
1*
1+
1,
1-
1.
1/
10
11
0@
#7611
0#
#7614
1#
#7615
0#
#7618
1#
#7619
0#
#7622
1#
#7623
0#
#7626
1#
#7627
0#
#7630
1#
0$
0%
0&
0'
0(
0)
0*
0+
0,
0-
0.
0/
00
01
#7631
0#
#7634
1#
#7635
0#
#7638
1#
#7639
0#
#7642
1#
#7643
0#
#7646
1#
#7647
0#
#7650
1#
1$
1%
1&
1'
1(
1)
1*
1+
1,
1-
1.
1/
10
11
#7651
0#
#7654
1#
#7655
0#
#7658
1#
#7659
0#
#7662
1#
#7663
0#
#7666
1#
#7667
0#
#7670
1#
#7671
0#
#7674
1#
#7675
0#
#7678
1#
#7679
0#
#7682
1#
#7683
0#
#7686
1#
#7687
0#
#7690
1#
0$
0%
0&
0'
0(
0)
0*
0+
0,
0-
0.
0/
00
01
#7691
0#
#7694
1#
#7695
0#
#7698
1#
#7699
0#
#7702
1#
#7703
0#
#7706
1#
#7707
0#
#7710
1#
#7711
0#
#7714
1#
#7715
0#
#7718
1#
#7719
0#
#7722
1#
#7723
0#
#7726
1#
#7727
0#
#7730
1#
1$
1%
1&
1'
1(
1)
1*
1+
1,
1-
1.
1/
10
11
#7731
0#
#7734
1#
#7735
0#
#7738
1#
#7739
0#
#7742
1#
#7743
0#
#7746
1#
#7747
0#
#7750
1#
0$
0%
0&
0'
0(
0)
0*
0+
0,
0-
0.
0/
00
01
#7751
0#
#7754
1#
#7755
0#
#7758
1#
#7759
0#
#7762
1#
#7763
0#
#7766
1#
#7767
0#
#7770
1#
1$
1%
1&
1'
1(
1)
1*
1+
1,
1-
1.
1/
10
11
#7771
0#
#7774
1#
#7775
0#
#7778
1#
#7779
0#
#7782
1#
#7783
0#
#7786
1#
#7787
0#
#7790
1#
#7791
0#
#7794
1#
#7795
0#
#7798
1#
#7799
0#
#7802
1#
#7803
0#
#7806
1#
#7807
0#
#7810
1#
0$
0%
0&
0'
0(
0)
0*
0+
0,
0-
0.
0/
00
01
#7811
0#
#7814
1#
#7815
0#
#7818
1#
#7819
0#
#7822
1#
#7823
0#
#7826
1#
#7827
0#
#7830
1#
1$
1%
1&
1'
1(
1)
1*
1+
1,
1-
1.
1/
10
11
#7831
0#
#7834
1#
#7835
0#
#7838
1#
#7839
0#
#7842
1#
#7843
0#
#7846
1#
#7847
0#
#7850
1#
0$
0%
0&
0'
0(
0)
0*
0+
0,
0-
0.
0/
00
01
#7851
0#
#7854
1#
#7855
0#
#7858
1#
#7859
0#
#7862
1#
#7863
0#
#7866
1#
#7867
0#
#7870
1#
1$
1%
1&
1'
1(
1)
1*
1+
1,
1-
1.
1/
10
11
#7871
0#
#7874
1#
#7875
0#
#7878
1#
#7879
0#
#7882
1#
#7883
0#
#7886
1#
#7887
0#
#7890
1#
#7891
0#
#7894
1#
#7895
0#
#7898
1#
#7899
0#
#7902
1#
#7903
0#
#7906
1#
#7907
0#
#7910
1#
0$
0%
0&
0'
0(
0)
0*
0+
0,
0-
0.
0/
00
01
#7911
0#
#7914
1#
#7915
0#
#7918
1#
#7919
0#
#7922
1#
#7923
0#
#7926
1#
#7927
0#
#7929
1@
#7930
1#
1$
1%
1&
1'
1(
1)
1*
1+
1,
1-
1.
1/
10
11
0@
#7931
0#
#7934
1#
#7935
0#
#7938
1#
#7939
0#
#7942
1#
#7943
0#
#7946
1#
#7947
0#
#7950
1#
0$
0%
0&
0'
0(
0)
0*
0+
0,
0-
0.
0/
00
01
#7951
0#
#7954
1#
#7955
0#
#7958
1#
#7959
0#
#7962
1#
#7963
0#
#7966
1#
#7967
0#
#7970
1#
1$
1%
1&
1'
1(
1)
1*
1+
1,
1-
1.
1/
10
11
#7971
0#
#7974
1#
#7975
0#
#7978
1#
#7979
0#
#7982
1#
#7983
0#
#7986
1#
#7987
0#
#7990
1#
#7991
0#
#7994
1#
#7995
0#
#7998
1#
#7999
0#
#8002
1#
#8003
0#
#8006
1#
#8007
0#
#8010
1#
0$
0%
0&
0'
0(
0)
0*
0+
0,
0-
0.
0/
00
01
#8011
0#
#8014
1#
#8015
0#
#8018
1#
#8019
0#
#8022
1#
#8023
0#
#8026
1#
#8027
0#
#8030
1#
#8031
0#
#8034
1#
#8035
0#
#8038
1#
#8039
0#
#8042
1#
#8043
0#
#8046
1#
#8047
0#
#8050
1#
1$
1%
1&
1'
1(
1)
1*
1+
1,
1-
1.
1/
10
11
#8051
0#
#8054
1#
#8055
0#
#8058
1#
#8059
0#
#8062
1#
#8063
0#
#8066
1#
#8067
0#
#8070
1#
0$
0%
0&
0'
0(
0)
0*
0+
0,
0-
0.
0/
00
01
#8071
0#
#8074
1#
#8075
0#
#8078
1#
#8079
0#
#8082
1#
#8083
0#
#8086
1#
#8087
0#
#8090
1#
1$
1%
1&
1'
1(
1)
1*
1+
1,
1-
1.
1/
10
11
#8091
0#
#8094
1#
#8095
0#
#8098
1#
#8099
0#
#8102
1#
#8103
0#
#8106
1#
#8107
0#
#8110
1#
#8111
0#
#8114
1#
#8115
0#
#8118
1#
#8119
0#
#8122
1#
#8123
0#
#8126
1#
#8127
0#
#8130
1#
0$
0%
0&
0'
0(
0)
0*
0+
0,
0-
0.
0/
00
01
#8131
0#
#8134
1#
#8135
0#
#8138
1#
#8139
0#
#8142
1#
#8143
0#
#8146
1#
#8147
0#
#8150
1#
1$
1%
1&
1'
1(
1)
1*
1+
1,
1-
1.
1/
10
11
#8151
0#
#8154
1#
#8155
0#
#8158
1#
#8159
0#
#8162
1#
#8163
0#
#8166
1#
#8167
0#
#8170
1#
0$
0%
0&
0'
0(
0)
0*
0+
0,
0-
0.
0/
00
01
#8171
0#
#8174
1#
#8175
0#
#8178
1#
#8179
0#
#8182
1#
#8183
0#
#8186
1#
#8187
0#
#8190
1#
1$
1%
1&
1'
1(
1)
1*
1+
1,
1-
1.
1/
10
11
#8191
0#
#8194
1#
#8195
0#
#8198
1#
#8199
0#
#8202
1#
#8203
0#
#8206
1#
#8207
0#
#8210
1#
#8211
0#
#8214
1#
#8215
0#
#8218
1#
#8219
0#
#8222
1#
#8223
0#
#8226
1#
#8227
0#
#8230
1#
0$
0%
0&
0'
0(
0)
0*
0+
0,
0-
0.
0/
00
01
#8231
0#
#8234
1#
#8235
0#
#8238
1#
#8239
0#
#8242
1#
#8243
0#
#8246
1#
#8247
0#
#8249
1@
#8250
1#
1$
1%
1&
1'
1(
1)
1*
1+
1,
1-
1.
1/
10
11
0@
#8251
0#
#8254
1#
#8255
0#
#8258
1#
#8259
0#
#8262
1#
#8263
0#
#8266
1#
#8267
0#
#8270
1#
0$
0%
0&
0'
0(
0)
0*
0+
0,
0-
0.
0/
00
01
#8271
0#
#8274
1#
#8275
0#
#8278
1#
#8279
0#
#8282
1#
#8283
0#
#8286
1#
#8287
0#
#8290
1#
1$
1%
1&
1'
1(
1)
1*
1+
1,
1-
1.
1/
10
11
#8291
0#
#8294
1#
#8295
0#
#8298
1#
#8299
0#
#8302
1#
#8303
0#
#8306
1#
#8307
0#
#8310
1#
#8311
0#
#8314
1#
#8315
0#
#8318
1#
#8319
0#
#8322
1#
#8323
0#
#8326
1#
#8327
0#
#8330
1#
0$
0%
0&
0'
0(
0)
0*
0+
0,
0-
0.
0/
00
01
#8331
0#
#8334
1#
#8335
0#
#8338
1#
#8339
0#
#8342
1#
#8343
0#
#8346
1#
#8347
0#
#8350
1#
#8351
0#
#8354
1#
#8355
0#
#8358
1#
#8359
0#
#8362
1#
#8363
0#
#8366
1#
#8367
0#
#8370
1#
1$
1%
1&
1'
1(
1)
1*
1+
1,
1-
1.
1/
10
11
#8371
0#
#8374
1#
#8375
0#
#8378
1#
#8379
0#
#8382
1#
#8383
0#
#8386
1#
#8387
0#
#8390
1#
0$
0%
0&
0'
0(
0)
0*
0+
0,
0-
0.
0/
00
01
#8391
0#
#8394
1#
#8395
0#
#8398
1#
#8399
0#
#8402
1#
#8403
0#
#8406
1#
#8407
0#
#8410
1#
1$
1%
1&
1'
1(
1)
1*
1+
1,
1-
1.
1/
10
11
#8411
0#
#8414
1#
#8415
0#
#8418
1#
#8419
0#
#8422
1#
#8423
0#
#8426
1#
#8427
0#
#8430
1#
#8431
0#
#8434
1#
#8435
0#
#8438
1#
#8439
0#
#8442
1#
#8443
0#
#8446
1#
#8447
0#
#8450
1#
0$
0%
0&
0'
0(
0)
0*
0+
0,
0-
0.
0/
00
01
#8451
0#
#8454
1#
#8455
0#
#8458
1#
#8459
0#
#8462
1#
#8463
0#
#8466
1#
#8467
0#
#8470
1#
1$
1%
1&
1'
1(
1)
1*
1+
1,
1-
1.
1/
10
11
#8471
0#
#8474
1#
#8475
0#
#8478
1#
#8479
0#
#8482
1#
#8483
0#
#8486
1#
#8487
0#
#8490
1#
0$
0%
0&
0'
0(
0)
0*
0+
0,
0-
0.
0/
00
01
#8491
0#
#8494
1#
#8495
0#
#8498
1#
#8499
0#
#8502
1#
#8503
0#
#8506
1#
#8507
0#
#8510
1#
1$
1%
1&
1'
1(
1)
1*
1+
1,
1-
1.
1/
10
11
#8511
0#
#8514
1#
#8515
0#
#8518
1#
#8519
0#
#8522
1#
#8523
0#
#8526
1#
#8527
0#
#8530
1#
#8531
0#
#8534
1#
#8535
0#
#8538
1#
#8539
0#
#8542
1#
#8543
0#
#8546
1#
#8547
0#
#8550
1#
0$
0%
0&
0'
0(
0)
0*
0+
0,
0-
0.
0/
00
01
#8551
0#
#8554
1#
#8555
0#
#8558
1#
#8559
0#
#8562
1#
#8563
0#
#8566
1#
#8567
0#
#8569
1@
#8570
1#
1$
1%
1&
1'
1(
1)
1*
1+
1,
1-
1.
1/
10
11
0@
#8571
0#
#8574
1#
#8575
0#
#8578
1#
#8579
0#
#8582
1#
#8583
0#
#8586
1#
#8587
0#
#8590
1#
0$
0%
0&
0'
0(
0)
0*
0+
0,
0-
0.
0/
00
01
#8591
0#
#8594
1#
#8595
0#
#8598
1#
#8599
0#
#8602
1#
#8603
0#
#8606
1#
#8607
0#
#8610
1#
1$
1%
1&
1'
1(
1)
1*
1+
1,
1-
1.
1/
10
11
#8611
0#
#8614
1#
#8615
0#
#8618
1#
#8619
0#
#8622
1#
#8623
0#
#8626
1#
#8627
0#
#8630
1#
#8631
0#
#8634
1#
#8635
0#
#8638
1#
#8639
0#
#8642
1#
#8643
0#
#8646
1#
#8647
0#
#8650
1#
0$
0%
0&
0'
0(
0)
0*
0+
0,
0-
0.
0/
00
01
#8651
0#
#8654
1#
#8655
0#
#8658
1#
#8659
0#
#8662
1#
#8663
0#
#8666
1#
#8667
0#
#8670
1#
#8671
0#
#8674
1#
#8675
0#
#8678
1#
#8679
0#
#8682
1#
#8683
0#
#8686
1#
#8687
0#
#8690
1#
1$
1%
1&
1'
1(
1)
1*
1+
1,
1-
1.
1/
10
11
#8691
0#
#8694
1#
#8695
0#
#8698
1#
#8699
0#
#8702
1#
#8703
0#
#8706
1#
#8707
0#
#8710
1#
0$
0%
0&
0'
0(
0)
0*
0+
0,
0-
0.
0/
00
01
#8711
0#
#8714
1#
#8715
0#
#8718
1#
#8719
0#
#8722
1#
#8723
0#
#8726
1#
#8727
0#
#8730
1#
1$
1%
1&
1'
1(
1)
1*
1+
1,
1-
1.
1/
10
11
#8731
0#
#8734
1#
#8735
0#
#8738
1#
#8739
0#
#8742
1#
#8743
0#
#8746
1#
#8747
0#
#8750
1#
#8751
0#
#8754
1#
#8755
0#
#8758
1#
#8759
0#
#8762
1#
#8763
0#
#8766
1#
#8767
0#
#8770
1#
0$
0%
0&
0'
0(
0)
0*
0+
0,
0-
0.
0/
00
01
#8771
0#
#8774
1#
#8775
0#
#8778
1#
#8779
0#
#8782
1#
#8783
0#
#8786
1#
#8787
0#
#8790
1#
1$
1%
1&
1'
1(
1)
1*
1+
1,
1-
1.
1/
10
11
#8791
0#
#8794
1#
#8795
0#
#8798
1#
#8799
0#
#8802
1#
#8803
0#
#8806
1#
#8807
0#
#8810
1#
0$
0%
0&
0'
0(
0)
0*
0+
0,
0-
0.
0/
00
01
#8811
0#
#8814
1#
#8815
0#
#8818
1#
#8819
0#
#8822
1#
#8823
0#
#8826
1#
#8827
0#
#8830
1#
1$
1%
1&
1'
1(
1)
1*
1+
1,
1-
1.
1/
10
11
#8831
0#
#8834
1#
#8835
0#
#8838
1#
#8839
0#
#8842
1#
#8843
0#
#8846
1#
#8847
0#
#8850
1#
#8851
0#
#8854
1#
#8855
0#
#8858
1#
#8859
0#
#8862
1#
#8863
0#
#8866
1#
#8867
0#
#8870
1#
0$
0%
0&
0'
0(
0)
0*
0+
0,
0-
0.
0/
00
01
#8871
0#
#8874
1#
#8875
0#
#8878
1#
#8879
0#
#8882
1#
#8883
0#
#8886
1#
#8887
0#
#8889
1@
#8890
1#
1$
1%
1&
1'
1(
1)
1*
1+
1,
1-
1.
1/
10
11
0@
#8891
0#
#8894
1#
#8895
0#
#8898
1#
#8899
0#
#8902
1#
#8903
0#
#8906
1#
#8907
0#
#8910
1#
0$
0%
0&
0'
0(
0)
0*
0+
0,
0-
0.
0/
00
01
#8911
0#
#8914
1#
#8915
0#
#8918
1#
#8919
0#
#8922
1#
#8923
0#
#8926
1#
#8927
0#
#8930
1#
1$
1%
1&
1'
1(
1)
1*
1+
1,
1-
1.
1/
10
11
#8931
0#
#8934
1#
#8935
0#
#8938
1#
#8939
0#
#8942
1#
#8943
0#
#8946
1#
#8947
0#
#8950
1#
#8951
0#
#8954
1#
#8955
0#
#8958
1#
#8959
0#
#8962
1#
#8963
0#
#8966
1#
#8967
0#
#8970
1#
0$
0%
0&
0'
0(
0)
0*
0+
0,
0-
0.
0/
00
01
#8971
0#
#8974
1#
#8975
0#
#8978
1#
#8979
0#
#8982
1#
#8983
0#
#8986
1#
#8987
0#
#8990
1#
#8991
0#
#8994
1#
#8995
0#
#8998
1#
#8999
0#
#9002
1#
#9003
0#
#9006
1#
#9007
0#
#9010
1#
1$
1%
1&
1'
1(
1)
1*
1+
1,
1-
1.
1/
10
11
#9011
0#
#9014
1#
#9015
0#
#9018
1#
#9019
0#
#9022
1#
#9023
0#
#9026
1#
#9027
0#
#9030
1#
0$
0%
0&
0'
0(
0)
0*
0+
0,
0-
0.
0/
00
01
#9031
0#
#9034
1#
#9035
0#
#9038
1#
#9039
0#
#9042
1#
#9043
0#
#9046
1#
#9047
0#
#9050
1#
1$
1%
1&
1'
1(
1)
1*
1+
1,
1-
1.
1/
10
11
#9051
0#
#9054
1#
#9055
0#
#9058
1#
#9059
0#
#9062
1#
#9063
0#
#9066
1#
#9067
0#
#9070
1#
#9071
0#
#9074
1#
#9075
0#
#9078
1#
#9079
0#
#9082
1#
#9083
0#
#9086
1#
#9087
0#
#9090
1#
0$
0%
0&
0'
0(
0)
0*
0+
0,
0-
0.
0/
00
01
#9091
0#
#9094
1#
#9095
0#
#9098
1#
#9099
0#
#9102
1#
#9103
0#
#9106
1#
#9107
0#
#9110
1#
1$
1%
1&
1'
1(
1)
1*
1+
1,
1-
1.
1/
10
11
#9111
0#
#9114
1#
#9115
0#
#9118
1#
#9119
0#
#9122
1#
#9123
0#
#9126
1#
#9127
0#
#9130
1#
0$
0%
0&
0'
0(
0)
0*
0+
0,
0-
0.
0/
00
01
#9131
0#
#9134
1#
#9135
0#
#9138
1#
#9139
0#
#9142
1#
#9143
0#
#9146
1#
#9147
0#
#9150
1#
1$
1%
1&
1'
1(
1)
1*
1+
1,
1-
1.
1/
10
11
#9151
0#
#9154
1#
#9155
0#
#9158
1#
#9159
0#
#9162
1#
#9163
0#
#9166
1#
#9167
0#
#9170
1#
#9171
0#
#9174
1#
#9175
0#
#9178
1#
#9179
0#
#9182
1#
#9183
0#
#9186
1#
#9187
0#
#9190
1#
0$
0%
0&
0'
0(
0)
0*
0+
0,
0-
0.
0/
00
01
#9191
0#
#9194
1#
#9195
0#
#9198
1#
#9199
0#
#9202
1#
#9203
0#
#9206
1#
#9207
0#
#9209
1@
#9210
1#
1$
1%
1&
1'
1(
1)
1*
1+
1,
1-
1.
1/
10
11
0@
#9211
0#
#9214
1#
#9215
0#
#9218
1#
#9219
0#
#9222
1#
#9223
0#
#9226
1#
#9227
0#
#9230
1#
0$
0%
0&
0'
0(
0)
0*
0+
0,
0-
0.
0/
00
01
#9231
0#
#9234
1#
#9235
0#
#9238
1#
#9239
0#
#9242
1#
#9243
0#
#9246
1#
#9247
0#
#9250
1#
1$
1%
1&
1'
1(
1)
1*
1+
1,
1-
1.
1/
10
11
#9251
0#
#9254
1#
#9255
0#
#9258
1#
#9259
0#
#9262
1#
#9263
0#
#9266
1#
#9267
0#
#9270
1#
#9271
0#
#9274
1#
#9275
0#
#9278
1#
#9279
0#
#9282
1#
#9283
0#
#9286
1#
#9287
0#
#9290
1#
0$
0%
0&
0'
0(
0)
0*
0+
0,
0-
0.
0/
00
01
#9291
0#
#9294
1#
#9295
0#
#9298
1#
#9299
0#
#9302
1#
#9303
0#
#9306
1#
#9307
0#
#9310
1#
#9311
0#
#9314
1#
#9315
0#
#9318
1#
#9319
0#
#9322
1#
#9323
0#
#9326
1#
#9327
0#
#9330
1#
1$
1%
1&
1'
1(
1)
1*
1+
1,
1-
1.
1/
10
11
#9331
0#
#9334
1#
#9335
0#
#9338
1#
#9339
0#
#9342
1#
#9343
0#
#9346
1#
#9347
0#
#9350
1#
0$
0%
0&
0'
0(
0)
0*
0+
0,
0-
0.
0/
00
01
#9351
0#
#9354
1#
#9355
0#
#9358
1#
#9359
0#
#9362
1#
#9363
0#
#9366
1#
#9367
0#
#9370
1#
1$
1%
1&
1'
1(
1)
1*
1+
1,
1-
1.
1/
10
11
#9371
0#
#9374
1#
#9375
0#
#9378
1#
#9379
0#
#9382
1#
#9383
0#
#9386
1#
#9387
0#
#9390
1#
#9391
0#
#9394
1#
#9395
0#
#9398
1#
#9399
0#
#9402
1#
#9403
0#
#9406
1#
#9407
0#
#9410
1#
0$
0%
0&
0'
0(
0)
0*
0+
0,
0-
0.
0/
00
01
#9411
0#
#9414
1#
#9415
0#
#9418
1#
#9419
0#
#9422
1#
#9423
0#
#9426
1#
#9427
0#
#9430
1#
1$
1%
1&
1'
1(
1)
1*
1+
1,
1-
1.
1/
10
11
#9431
0#
#9434
1#
#9435
0#
#9438
1#
#9439
0#
#9442
1#
#9443
0#
#9446
1#
#9447
0#
#9450
1#
0$
0%
0&
0'
0(
0)
0*
0+
0,
0-
0.
0/
00
01
#9451
0#
#9454
1#
#9455
0#
#9458
1#
#9459
0#
#9462
1#
#9463
0#
#9466
1#
#9467
0#
#9470
1#
1$
1%
1&
1'
1(
1)
1*
1+
1,
1-
1.
1/
10
11
#9471
0#
#9474
1#
#9475
0#
#9478
1#
#9479
0#
#9482
1#
#9483
0#
#9486
1#
#9487
0#
#9490
1#
#9491
0#
#9494
1#
#9495
0#
#9498
1#
#9499
0#
#9502
1#
#9503
0#
#9506
1#
#9507
0#
#9510
1#
0$
0%
0&
0'
0(
0)
0*
0+
0,
0-
0.
0/
00
01
#9511
0#
#9514
1#
#9515
0#
#9518
1#
#9519
0#
#9522
1#
#9523
0#
#9526
1#
#9527
0#
#9529
1@
#9530
1#
1$
1%
1&
1'
1(
1)
1*
1+
1,
1-
1.
1/
10
11
0@
#9531
0#
#9534
1#
#9535
0#
#9538
1#
#9539
0#
#9542
1#
#9543
0#
#9546
1#
#9547
0#
#9550
1#
0$
0%
0&
0'
0(
0)
0*
0+
0,
0-
0.
0/
00
01
#9551
0#
#9554
1#
#9555
0#
#9558
1#
#9559
0#
#9562
1#
#9563
0#
#9566
1#
#9567
0#
#9570
1#
1$
1%
1&
1'
1(
1)
1*
1+
1,
1-
1.
1/
10
11
#9571
0#
#9574
1#
#9575
0#
#9578
1#
#9579
0#
#9582
1#
#9583
0#
#9586
1#
#9587
0#
#9590
1#
#9591
0#
#9594
1#
#9595
0#
#9598
1#
#9599
0#
#9602
1#
#9603
0#
#9606
1#
#9607
0#
#9610
1#
0$
0%
0&
0'
0(
0)
0*
0+
0,
0-
0.
0/
00
01
#9611
0#
#9614
1#
#9615
0#
#9618
1#
#9619
0#
#9622
1#
#9623
0#
#9626
1#
#9627
0#
#9630
1#
#9631
0#
#9634
1#
#9635
0#
#9638
1#
#9639
0#
#9642
1#
#9643
0#
#9646
1#
#9647
0#
#9650
1#
1$
1%
1&
1'
1(
1)
1*
1+
1,
1-
1.
1/
10
11
#9651
0#
#9654
1#
#9655
0#
#9658
1#
#9659
0#
#9662
1#
#9663
0#
#9666
1#
#9667
0#
#9670
1#
0$
0%
0&
0'
0(
0)
0*
0+
0,
0-
0.
0/
00
01
#9671
0#
#9674
1#
#9675
0#
#9678
1#
#9679
0#
#9682
1#
#9683
0#
#9686
1#
#9687
0#
#9690
1#
1$
1%
1&
1'
1(
1)
1*
1+
1,
1-
1.
1/
10
11
#9691
0#
#9694
1#
#9695
0#
#9698
1#
#9699
0#
#9702
1#
#9703
0#
#9706
1#
#9707
0#
#9710
1#
#9711
0#
#9714
1#
#9715
0#
#9718
1#
#9719
0#
#9722
1#
#9723
0#
#9726
1#
#9727
0#
#9730
1#
0$
0%
0&
0'
0(
0)
0*
0+
0,
0-
0.
0/
00
01
#9731
0#
#9734
1#
#9735
0#
#9738
1#
#9739
0#
#9742
1#
#9743
0#
#9746
1#
#9747
0#
#9750
1#
1$
1%
1&
1'
1(
1)
1*
1+
1,
1-
1.
1/
10
11
#9751
0#
#9754
1#
#9755
0#
#9758
1#
#9759
0#
#9762
1#
#9763
0#
#9766
1#
#9767
0#
#9770
1#
0$
0%
0&
0'
0(
0)
0*
0+
0,
0-
0.
0/
00
01
#9771
0#
#9774
1#
#9775
0#
#9778
1#
#9779
0#
#9782
1#
#9783
0#
#9786
1#
#9787
0#
#9790
1#
1$
1%
1&
1'
1(
1)
1*
1+
1,
1-
1.
1/
10
11
#9791
0#
#9794
1#
#9795
0#
#9798
1#
#9799
0#
#9802
1#
#9803
0#
#9806
1#
#9807
0#
#9810
1#
#9811
0#
#9814
1#
#9815
0#
#9818
1#
#9819
0#
#9822
1#
#9823
0#
#9826
1#
#9827
0#
#9830
1#
0$
0%
0&
0'
0(
0)
0*
0+
0,
0-
0.
0/
00
01
#9831
0#
#9834
1#
#9835
0#
#9838
1#
#9839
0#
#9842
1#
#9843
0#
#9846
1#
#9847
0#
#9849
1@
#9850
1#
1$
1%
1&
1'
1(
1)
1*
1+
1,
1-
1.
1/
10
11
0@
#9851
0#
#9854
1#
#9855
0#
#9858
1#
#9859
0#
#9862
1#
#9863
0#
#9866
1#
#9867
0#
#9870
1#
0$
0%
0&
0'
0(
0)
0*
0+
0,
0-
0.
0/
00
01
#9871
0#
#9874
1#
#9875
0#
#9878
1#
#9879
0#
#9882
1#
#9883
0#
#9886
1#
#9887
0#
#9890
1#
1$
1%
1&
1'
1(
1)
1*
1+
1,
1-
1.
1/
10
11
#9891
0#
#9894
1#
#9895
0#
#9898
1#
#9899
0#
#9902
1#
#9903
0#
#9906
1#
#9907
0#
#9910
1#
#9911
0#
#9914
1#
#9915
0#
#9918
1#
#9919
0#
#9922
1#
#9923
0#
#9926
1#
#9927
0#
#9930
1#
0$
0%
0&
0'
0(
0)
0*
0+
0,
0-
0.
0/
00
01
#9931
0#
#9934
1#
#9935
0#
#9938
1#
#9939
0#
#9942
1#
#9943
0#
#9946
1#
#9947
0#
#9950
1#
#9951
0#
#9954
1#
#9955
0#
#9958
1#
#9959
0#
#9962
1#
#9963
0#
#9966
1#
#9967
0#
#9970
1#
1$
1%
1&
1'
1(
1)
1*
1+
1,
1-
1.
1/
10
11
#9971
0#
#9974
1#
#9975
0#
#9978
1#
#9979
0#
#9982
1#
#9983
0#
#9986
1#
#9987
0#
#9990
1#
0$
0%
0&
0'
0(
0)
0*
0+
0,
0-
0.
0/
00
01
#9991
0#
#9994
1#
#9995
0#
#9998
1#
#9999
0#
#10002
1#
#10003
0#
#10006
1#
#10007
0#
#10010
1#
1$
1%
1&
1'
1(
1)
1*
1+
1,
1-
1.
1/
10
11
#10011
0#
#10014
1#
#10015
0#
#10018
1#
#10019
0#
#10022
1#
#10023
0#
#10026
1#
#10027
0#
#10030
1#
#10031
0#
#10034
1#
#10035
0#
#10038
1#
#10039
0#
#10042
1#
#10043
0#
#10046
1#
#10047
0#
#10050
1#
0$
0%
0&
0'
0(
0)
0*
0+
0,
0-
0.
0/
00
01
#10051
0#
#10054
1#
#10055
0#
#10058
1#
#10059
0#
#10062
1#
#10063
0#
#10066
1#
#10067
0#
#10070
1#
1$
1%
1&
1'
1(
1)
1*
1+
1,
1-
1.
1/
10
11
#10071
0#
#10074
1#
#10075
0#
#10078
1#
#10079
0#
#10082
1#
#10083
0#
#10086
1#
#10087
0#
#10090
1#
0$
0%
0&
0'
0(
0)
0*
0+
0,
0-
0.
0/
00
01
#10091
0#
#10094
1#
#10095
0#
#10098
1#
#10099
0#
#10102
1#
#10103
0#
#10106
1#
#10107
0#
#10110
1#
1$
1%
1&
1'
1(
1)
1*
1+
1,
1-
1.
1/
10
11
#10111
0#
#10114
1#
#10115
0#
#10118
1#
#10119
0#
#10122
1#
#10123
0#
#10126
1#
#10127
0#
#10130
1#
#10131
0#
#10134
1#
#10135
0#
#10138
1#
#10139
0#
#10142
1#
#10143
0#
#10146
1#
#10147
0#
#10150
1#
0$
0%
0&
0'
0(
0)
0*
0+
0,
0-
0.
0/
00
01
#10151
0#
#10154
1#
#10155
0#
#10158
1#
#10159
0#
#10162
1#
#10163
0#
#10166
1#
#10167
0#
#10169
1@
#10170
1#
1$
1%
1&
1'
1(
1)
1*
1+
1,
1-
1.
1/
10
11
0@
#10171
0#
#10174
1#
#10175
0#
#10178
1#
#10179
0#
#10182
1#
#10183
0#
#10186
1#
#10187
0#
#10190
1#
0$
0%
0&
0'
0(
0)
0*
0+
0,
0-
0.
0/
00
01
#10191
0#
#10194
1#
#10195
0#
#10198
1#
#10199
0#
#10202
1#
#10203
0#
#10206
1#
#10207
0#
#10210
1#
1$
1%
1&
1'
1(
1)
1*
1+
1,
1-
1.
1/
10
11
#10211
0#
#10214
1#
#10215
0#
#10218
1#
#10219
0#
#10222
1#
#10223
0#
#10226
1#
#10227
0#
#10230
1#
#10231
0#
#10234
1#
#10235
0#
#10238
1#
#10239
0#
#10242
1#
#10243
0#
#10246
1#
#10247
0#
#10250
1#
0$
0%
0&
0'
0(
0)
0*
0+
0,
0-
0.
0/
00
01
#10251
0#
#10254
1#
#10255
0#
#10258
1#
#10259
0#
#10262
1#
#10263
0#
#10266
1#
#10267
0#
#10270
1#
#10271
0#
#10274
1#
#10275
0#
#10278
1#
#10279
0#
#10282
1#
#10283
0#
#10286
1#
#10287
0#
#10290
1#
1$
1%
1&
1'
1(
1)
1*
1+
1,
1-
1.
1/
10
11
#10291
0#
#10294
1#
#10295
0#
#10298
1#
#10299
0#
#10302
1#
#10303
0#
#10306
1#
#10307
0#
#10310
1#
0$
0%
0&
0'
0(
0)
0*
0+
0,
0-
0.
0/
00
01
#10311
0#
#10314
1#
#10315
0#
#10318
1#
#10319
0#
#10322
1#
#10323
0#
#10326
1#
#10327
0#
#10330
1#
1$
1%
1&
1'
1(
1)
1*
1+
1,
1-
1.
1/
10
11
#10331
0#
#10334
1#
#10335
0#
#10338
1#
#10339
0#
#10342
1#
#10343
0#
#10346
1#
#10347
0#
#10350
1#
#10351
0#
#10354
1#
#10355
0#
#10358
1#
#10359
0#
#10362
1#
#10363
0#
#10366
1#
#10367
0#
#10370
1#
0$
0%
0&
0'
0(
0)
0*
0+
0,
0-
0.
0/
00
01
#10371
0#
#10374
1#
#10375
0#
#10378
1#
#10379
0#
#10382
1#
#10383
0#
#10386
1#
#10387
0#
#10390
1#
1$
1%
1&
1'
1(
1)
1*
1+
1,
1-
1.
1/
10
11
#10391
0#
#10394
1#
#10395
0#
#10398
1#
#10399
0#
#10402
1#
#10403
0#
#10406
1#
#10407
0#
#10410
1#
0$
0%
0&
0'
0(
0)
0*
0+
0,
0-
0.
0/
00
01
#10411
0#
#10414
1#
#10415
0#
#10418
1#
#10419
0#
#10422
1#
#10423
0#
#10426
1#
#10427
0#
#10430
1#
1$
1%
1&
1'
1(
1)
1*
1+
1,
1-
1.
1/
10
11
#10431
0#
#10434
1#
#10435
0#
#10438
1#
#10439
0#
#10442
1#
#10443
0#
#10446
1#
#10447
0#
#10450
1#
#10451
0#
#10454
1#
#10455
0#
#10458
1#
#10459
0#
#10462
1#
#10463
0#
#10466
1#
#10467
0#
#10470
1#
0$
0%
0&
0'
0(
0)
0*
0+
0,
0-
0.
0/
00
01
#10471
0#
#10474
1#
#10475
0#
#10478
1#
#10479
0#
#10482
1#
#10483
0#
#10486
1#
#10487
0#
#10489
1@
#10490
1#
1$
1%
1&
1'
1(
1)
1*
1+
1,
1-
1.
1/
10
11
0@
#10491
0#
#10494
1#
#10495
0#
#10498
1#
#10499
0#
#10502
1#
#10503
0#
#10506
1#
#10507
0#
#10510
1#
0$
0%
0&
0'
0(
0)
0*
0+
0,
0-
0.
0/
00
01
#10511
0#
#10514
1#
#10515
0#
#10518
1#
#10519
0#
#10522
1#
#10523
0#
#10526
1#
#10527
0#
#10530
1#
1$
1%
1&
1'
1(
1)
1*
1+
1,
1-
1.
1/
10
11
#10531
0#
#10534
1#
#10535
0#
#10538
1#
#10539
0#
#10542
1#
#10543
0#
#10546
1#
#10547
0#
#10550
1#
#10551
0#
#10554
1#
#10555
0#
#10558
1#
#10559
0#
#10562
1#
#10563
0#
#10566
1#
#10567
0#
#10570
1#
0$
0%
0&
0'
0(
0)
0*
0+
0,
0-
0.
0/
00
01
#10571
0#
#10574
1#
#10575
0#
#10578
1#
#10579
0#
#10582
1#
#10583
0#
#10586
1#
#10587
0#
#10590
1#
#10591
0#
#10594
1#
#10595
0#
#10598
1#
#10599
0#
#10602
1#
#10603
0#
#10606
1#
#10607
0#
#10610
1#
1$
1%
1&
1'
1(
1)
1*
1+
1,
1-
1.
1/
10
11
#10611
0#
#10614
1#
#10615
0#
#10618
1#
#10619
0#
#10622
1#
#10623
0#
#10626
1#
#10627
0#
#10630
1#
0$
0%
0&
0'
0(
0)
0*
0+
0,
0-
0.
0/
00
01
#10631
0#
#10634
1#
#10635
0#
#10638
1#
#10639
0#
#10642
1#
#10643
0#
#10646
1#
#10647
0#
#10650
1#
1$
1%
1&
1'
1(
1)
1*
1+
1,
1-
1.
1/
10
11
#10651
0#
#10654
1#
#10655
0#
#10658
1#
#10659
0#
#10662
1#
#10663
0#
#10666
1#
#10667
0#
#10670
1#
#10671
0#
#10674
1#
#10675
0#
#10678
1#
#10679
0#
#10682
1#
#10683
0#
#10686
1#
#10687
0#
#10690
1#
0$
0%
0&
0'
0(
0)
0*
0+
0,
0-
0.
0/
00
01
#10691
0#
#10694
1#
#10695
0#
#10698
1#
#10699
0#
#10702
1#
#10703
0#
#10706
1#
#10707
0#
#10710
1#
1$
1%
1&
1'
1(
1)
1*
1+
1,
1-
1.
1/
10
11
#10711
0#
#10714
1#
#10715
0#
#10718
1#
#10719
0#
#10722
1#
#10723
0#
#10726
1#
#10727
0#
#10730
1#
0$
0%
0&
0'
0(
0)
0*
0+
0,
0-
0.
0/
00
01
#10731
0#
#10734
1#
#10735
0#
#10738
1#
#10739
0#
#10742
1#
#10743
0#
#10746
1#
#10747
0#
#10750
1#
1$
1%
1&
1'
1(
1)
1*
1+
1,
1-
1.
1/
10
11
#10751
0#
#10754
1#
#10755
0#
#10758
1#
#10759
0#
#10762
1#
#10763
0#
#10766
1#
#10767
0#
#10770
1#
#10771
0#
#10774
1#
#10775
0#
#10778
1#
#10779
0#
#10782
1#
#10783
0#
#10786
1#
#10787
0#
#10790
1#
0$
0%
0&
0'
0(
0)
0*
0+
0,
0-
0.
0/
00
01
#10791
0#
#10794
1#
#10795
0#
#10798
1#
#10799
0#
#10802
1#
#10803
0#
#10806
1#
#10807
0#
#10809
1@
#10810
1#
1$
1%
1&
1'
1(
1)
1*
1+
1,
1-
1.
1/
10
11
0@
#10811
0#
#10814
1#
#10815
0#
#10818
1#
#10819
0#
#10822
1#
#10823
0#
#10826
1#
#10827
0#
#10830
1#
0$
0%
0&
0'
0(
0)
0*
0+
0,
0-
0.
0/
00
01
#10831
0#
#10834
1#
#10835
0#
#10838
1#
#10839
0#
#10842
1#
#10843
0#
#10846
1#
#10847
0#
#10850
1#
1$
1%
1&
1'
1(
1)
1*
1+
1,
1-
1.
1/
10
11
#10851
0#
#10854
1#
#10855
0#
#10858
1#
#10859
0#
#10862
1#
#10863
0#
#10866
1#
#10867
0#
#10870
1#
#10871
0#
#10874
1#
#10875
0#
#10878
1#
#10879
0#
#10882
1#
#10883
0#
#10886
1#
#10887
0#
#10890
1#
0$
0%
0&
0'
0(
0)
0*
0+
0,
0-
0.
0/
00
01
#10891
0#
#10894
1#
#10895
0#
#10898
1#
#10899
0#
#10902
1#
#10903
0#
#10906
1#
#10907
0#
#10910
1#
#10911
0#
#10914
1#
#10915
0#
#10918
1#
#10919
0#
#10922
1#
#10923
0#
#10926
1#
#10927
0#
#10930
1#
1$
1%
1&
1'
1(
1)
1*
1+
1,
1-
1.
1/
10
11
#10931
0#
#10934
1#
#10935
0#
#10938
1#
#10939
0#
#10942
1#
#10943
0#
#10946
1#
#10947
0#
#10950
1#
0$
0%
0&
0'
0(
0)
0*
0+
0,
0-
0.
0/
00
01
#10951
0#
#10954
1#
#10955
0#
#10958
1#
#10959
0#
#10962
1#
#10963
0#
#10966
1#
#10967
0#
#10970
1#
1$
1%
1&
1'
1(
1)
1*
1+
1,
1-
1.
1/
10
11
#10971
0#
#10974
1#
#10975
0#
#10978
1#
#10979
0#
#10982
1#
#10983
0#
#10986
1#
#10987
0#
#10990
1#
#10991
0#
#10994
1#
#10995
0#
#10998
1#
#10999
0#
#11002
1#
#11003
0#
#11006
1#
#11007
0#
#11010
1#
0$
0%
0&
0'
0(
0)
0*
0+
0,
0-
0.
0/
00
01
#11011
0#
#11014
1#
#11015
0#
#11018
1#
#11019
0#
#11022
1#
#11023
0#
#11026
1#
#11027
0#
#11030
1#
1$
1%
1&
1'
1(
1)
1*
1+
1,
1-
1.
1/
10
11
#11031
0#
#11034
1#
#11035
0#
#11038
1#
#11039
0#
#11042
1#
#11043
0#
#11046
1#
#11047
0#
#11050
1#
0$
0%
0&
0'
0(
0)
0*
0+
0,
0-
0.
0/
00
01
#11051
0#
#11054
1#
#11055
0#
#11058
1#
#11059
0#
#11062
1#
#11063
0#
#11066
1#
#11067
0#
#11070
1#
1$
1%
1&
1'
1(
1)
1*
1+
1,
1-
1.
1/
10
11
#11071
0#
#11074
1#
#11075
0#
#11078
1#
#11079
0#
#11082
1#
#11083
0#
#11086
1#
#11087
0#
#11090
1#
#11091
0#
#11094
1#
#11095
0#
#11098
1#
#11099
0#
#11102
1#
#11103
0#
#11106
1#
#11107
0#
#11110
1#
0$
0%
0&
0'
0(
0)
0*
0+
0,
0-
0.
0/
00
01
#11111
0#
#11114
1#
#11115
0#
#11118
1#
#11119
0#
#11122
1#
#11123
0#
#11126
1#
#11127
0#
#11129
1@
#11130
1#
1$
1%
1&
1'
1(
1)
1*
1+
1,
1-
1.
1/
10
11
0@
#11131
0#
#11134
1#
#11135
0#
#11138
1#
#11139
0#
#11142
1#
#11143
0#
#11146
1#
#11147
0#
#11150
1#
0$
0%
0&
0'
0(
0)
0*
0+
0,
0-
0.
0/
00
01
#11151
0#
#11154
1#
#11155
0#
#11158
1#
#11159
0#
#11162
1#
#11163
0#
#11166
1#
#11167
0#
#11170
1#
1$
1%
1&
1'
1(
1)
1*
1+
1,
1-
1.
1/
10
11
#11171
0#
#11174
1#
#11175
0#
#11178
1#
#11179
0#
#11182
1#
#11183
0#
#11186
1#
#11187
0#
#11190
1#
#11191
0#
#11194
1#
#11195
0#
#11198
1#
#11199
0#
#11202
1#
#11203
0#
#11206
1#
#11207
0#
#11210
1#
0$
0%
0&
0'
0(
0)
0*
0+
0,
0-
0.
0/
00
01
#11211
0#
#11214
1#
#11215
0#
#11218
1#
#11219
0#
#11222
1#
#11223
0#
#11226
1#
#11227
0#
#11230
1#
#11231
0#
#11234
1#
#11235
0#
#11238
1#
#11239
0#
#11242
1#
#11243
0#
#11246
1#
#11247
0#
#11250
1#
1$
1%
1&
1'
1(
1)
1*
1+
1,
1-
1.
1/
10
11
#11251
0#
#11254
1#
#11255
0#
#11258
1#
#11259
0#
#11262
1#
#11263
0#
#11266
1#
#11267
0#
#11270
1#
0$
0%
0&
0'
0(
0)
0*
0+
0,
0-
0.
0/
00
01
#11271
0#
#11274
1#
#11275
0#
#11278
1#
#11279
0#
#11282
1#
#11283
0#
#11286
1#
#11287
0#
#11290
1#
1$
1%
1&
1'
1(
1)
1*
1+
1,
1-
1.
1/
10
11
#11291
0#
#11294
1#
#11295
0#
#11298
1#
#11299
0#
#11302
1#
#11303
0#
#11306
1#
#11307
0#
#11310
1#
#11311
0#
#11314
1#
#11315
0#
#11318
1#
#11319
0#
#11322
1#
#11323
0#
#11326
1#
#11327
0#
#11330
1#
0$
0%
0&
0'
0(
0)
0*
0+
0,
0-
0.
0/
00
01
#11331
0#
#11334
1#
#11335
0#
#11338
1#
#11339
0#
#11342
1#
#11343
0#
#11346
1#
#11347
0#
#11350
1#
1$
1%
1&
1'
1(
1)
1*
1+
1,
1-
1.
1/
10
11
#11351
0#
#11354
1#
#11355
0#
#11358
1#
#11359
0#
#11362
1#
#11363
0#
#11366
1#
#11367
0#
#11370
1#
0$
0%
0&
0'
0(
0)
0*
0+
0,
0-
0.
0/
00
01
#11371
0#
#11374
1#
#11375
0#
#11378
1#
#11379
0#
#11382
1#
#11383
0#
#11386
1#
#11387
0#
#11390
1#
1$
1%
1&
1'
1(
1)
1*
1+
1,
1-
1.
1/
10
11
#11391
0#
#11394
1#
#11395
0#
#11398
1#
#11399
0#
#11402
1#
#11403
0#
#11406
1#
#11407
0#
#11410
1#
#11411
0#
#11414
1#
#11415
0#
#11418
1#
#11419
0#
#11422
1#
#11423
0#
#11426
1#
#11427
0#
#11430
1#
0$
0%
0&
0'
0(
0)
0*
0+
0,
0-
0.
0/
00
01
#11431
0#
#11434
1#
#11435
0#
#11438
1#
#11439
0#
#11442
1#
#11443
0#
#11446
1#
#11447
0#
#11449
1@
#11450
1#
1$
1%
1&
1'
1(
1)
1*
1+
1,
1-
1.
1/
10
11
0@
#11451
0#
#11454
1#
#11455
0#
#11458
1#
#11459
0#
#11462
1#
#11463
0#
#11466
1#
#11467
0#
#11470
1#
0$
0%
0&
0'
0(
0)
0*
0+
0,
0-
0.
0/
00
01
#11471
0#
#11474
1#
#11475
0#
#11478
1#
#11479
0#
#11482
1#
#11483
0#
#11486
1#
#11487
0#
#11490
1#
1$
1%
1&
1'
1(
1)
1*
1+
1,
1-
1.
1/
10
11
#11491
0#
#11494
1#
#11495
0#
#11498
1#
#11499
0#
#11502
1#
#11503
0#
#11506
1#
#11507
0#
#11510
1#
#11511
0#
#11514
1#
#11515
0#
#11518
1#
#11519
0#
#11522
1#
#11523
0#
#11526
1#
#11527
0#
#11530
1#
0$
0%
0&
0'
0(
0)
0*
0+
0,
0-
0.
0/
00
01
#11531
0#
#11534
1#
#11535
0#
#11538
1#
#11539
0#
#11542
1#
#11543
0#
#11546
1#
#11547
0#
#11550
1#
#11551
0#
#11554
1#
#11555
0#
#11558
1#
#11559
0#
#11562
1#
#11563
0#
#11566
1#
#11567
0#
#11570
1#
1$
1%
1&
1'
1(
1)
1*
1+
1,
1-
1.
1/
10
11
#11571
0#
#11574
1#
#11575
0#
#11578
1#
#11579
0#
#11582
1#
#11583
0#
#11586
1#
#11587
0#
#11590
1#
0$
0%
0&
0'
0(
0)
0*
0+
0,
0-
0.
0/
00
01
#11591
0#
#11594
1#
#11595
0#
#11598
1#
#11599
0#
#11602
1#
#11603
0#
#11606
1#
#11607
0#
#11610
1#
1$
1%
1&
1'
1(
1)
1*
1+
1,
1-
1.
1/
10
11
#11611
0#
#11614
1#
#11615
0#
#11618
1#
#11619
0#
#11622
1#
#11623
0#
#11626
1#
#11627
0#
#11630
1#
#11631
0#
#11634
1#
#11635
0#
#11638
1#
#11639
0#
#11642
1#
#11643
0#
#11646
1#
#11647
0#
#11650
1#
0$
0%
0&
0'
0(
0)
0*
0+
0,
0-
0.
0/
00
01
#11651
0#
#11654
1#
#11655
0#
#11658
1#
#11659
0#
#11662
1#
#11663
0#
#11666
1#
#11667
0#
#11670
1#
1$
1%
1&
1'
1(
1)
1*
1+
1,
1-
1.
1/
10
11
#11671
0#
#11674
1#
#11675
0#
#11678
1#
#11679
0#
#11682
1#
#11683
0#
#11686
1#
#11687
0#
#11690
1#
0$
0%
0&
0'
0(
0)
0*
0+
0,
0-
0.
0/
00
01
#11691
0#
#11694
1#
#11695
0#
#11698
1#
#11699
0#
#11702
1#
#11703
0#
#11706
1#
#11707
0#
#11710
1#
1$
1%
1&
1'
1(
1)
1*
1+
1,
1-
1.
1/
10
11
#11711
0#
#11714
1#
#11715
0#
#11718
1#
#11719
0#
#11722
1#
#11723
0#
#11726
1#
#11727
0#
#11730
1#
#11731
0#
#11734
1#
#11735
0#
#11738
1#
#11739
0#
#11742
1#
#11743
0#
#11746
1#
#11747
0#
#11750
1#
0$
0%
0&
0'
0(
0)
0*
0+
0,
0-
0.
0/
00
01
#11751
0#
#11754
1#
#11755
0#
#11758
1#
#11759
0#
#11762
1#
#11763
0#
#11766
1#
#11767
0#
#11769
1@
#11770
1#
1$
1%
1&
1'
1(
1)
1*
1+
1,
1-
1.
1/
10
11
0@
#11771
0#
#11774
1#
#11775
0#
#11778
1#
#11779
0#
#11782
1#
#11783
0#
#11786
1#
#11787
0#
#11790
1#
0$
0%
0&
0'
0(
0)
0*
0+
0,
0-
0.
0/
00
01
#11791
0#
#11794
1#
#11795
0#
#11798
1#
#11799
0#
#11802
1#
#11803
0#
#11806
1#
#11807
0#
#11810
1#
1$
1%
1&
1'
1(
1)
1*
1+
1,
1-
1.
1/
10
11
#11811
0#
#11814
1#
#11815
0#
#11818
1#
#11819
0#
#11822
1#
#11823
0#
#11826
1#
#11827
0#
#11830
1#
#11831
0#
#11834
1#
#11835
0#
#11838
1#
#11839
0#
#11842
1#
#11843
0#
#11846
1#
#11847
0#
#11850
1#
0$
0%
0&
0'
0(
0)
0*
0+
0,
0-
0.
0/
00
01
#11851
0#
#11854
1#
#11855
0#
#11858
1#
#11859
0#
#11862
1#
#11863
0#
#11866
1#
#11867
0#
#11870
1#
#11871
0#
#11874
1#
#11875
0#
#11878
1#
#11879
0#
#11882
1#
#11883
0#
#11886
1#
#11887
0#
#11890
1#
1$
1%
1&
1'
1(
1)
1*
1+
1,
1-
1.
1/
10
11
#11891
0#
#11894
1#
#11895
0#
#11898
1#
#11899
0#
#11902
1#
#11903
0#
#11906
1#
#11907
0#
#11910
1#
0$
0%
0&
0'
0(
0)
0*
0+
0,
0-
0.
0/
00
01
#11911
0#
#11914
1#
#11915
0#
#11918
1#
#11919
0#
#11922
1#
#11923
0#
#11926
1#
#11927
0#
#11930
1#
1$
1%
1&
1'
1(
1)
1*
1+
1,
1-
1.
1/
10
11
#11931
0#
#11934
1#
#11935
0#
#11938
1#
#11939
0#
#11942
1#
#11943
0#
#11946
1#
#11947
0#
#11950
1#
#11951
0#
#11954
1#
#11955
0#
#11958
1#
#11959
0#
#11962
1#
#11963
0#
#11966
1#
#11967
0#
#11970
1#
0$
0%
0&
0'
0(
0)
0*
0+
0,
0-
0.
0/
00
01
#11971
0#
#11974
1#
#11975
0#
#11978
1#
#11979
0#
#11982
1#
#11983
0#
#11986
1#
#11987
0#
#11990
1#
1$
1%
1&
1'
1(
1)
1*
1+
1,
1-
1.
1/
10
11
#11991
0#
#11994
1#
#11995
0#
#11998
1#
#11999
0#
#12002
1#
#12003
0#
#12006
1#
#12007
0#
#12010
1#
0$
0%
0&
0'
0(
0)
0*
0+
0,
0-
0.
0/
00
01
#12011
0#
#12014
1#
#12015
0#
#12018
1#
#12019
0#
#12022
1#
#12023
0#
#12026
1#
#12027
0#
#12030
1#
1$
1%
1&
1'
1(
1)
1*
1+
1,
1-
1.
1/
10
11
#12031
0#
#12034
1#
#12035
0#
#12038
1#
#12039
0#
#12042
1#
#12043
0#
#12046
1#
#12047
0#
#12050
1#
#12051
0#
#12054
1#
#12055
0#
#12058
1#
#12059
0#
#12062
1#
#12063
0#
#12066
1#
#12067
0#
#12070
1#
0$
0%
0&
0'
0(
0)
0*
0+
0,
0-
0.
0/
00
01
#12071
0#
#12074
1#
#12075
0#
#12078
1#
#12079
0#
#12082
1#
#12083
0#
#12086
1#
#12087
0#
#12089
1@
#12090
1#
1$
1%
1&
1'
1(
1)
1*
1+
1,
1-
1.
1/
10
11
0@
#12091
0#
#12094
1#
#12095
0#
#12098
1#
#12099
0#
#12102
1#
#12103
0#
#12106
1#
#12107
0#
#12110
1#
0$
0%
0&
0'
0(
0)
0*
0+
0,
0-
0.
0/
00
01
#12111
0#
#12114
1#
#12115
0#
#12118
1#
#12119
0#
#12122
1#
#12123
0#
#12126
1#
#12127
0#
#12130
1#
1$
1%
1&
1'
1(
1)
1*
1+
1,
1-
1.
1/
10
11
#12131
0#
#12134
1#
#12135
0#
#12138
1#
#12139
0#
#12142
1#
#12143
0#
#12146
1#
#12147
0#
#12150
1#
#12151
0#
#12154
1#
#12155
0#
#12158
1#
#12159
0#
#12162
1#
#12163
0#
#12166
1#
#12167
0#
#12170
1#
0$
0%
0&
0'
0(
0)
0*
0+
0,
0-
0.
0/
00
01
#12171
0#
#12174
1#
#12175
0#
#12178
1#
#12179
0#
#12182
1#
#12183
0#
#12186
1#
#12187
0#
#12190
1#
#12191
0#
#12194
1#
#12195
0#
#12198
1#
#12199
0#
#12202
1#
#12203
0#
#12206
1#
#12207
0#
#12210
1#
1$
1%
1&
1'
1(
1)
1*
1+
1,
1-
1.
1/
10
11
#12211
0#
#12214
1#
#12215
0#
#12218
1#
#12219
0#
#12222
1#
#12223
0#
#12226
1#
#12227
0#
#12230
1#
0$
0%
0&
0'
0(
0)
0*
0+
0,
0-
0.
0/
00
01
#12231
0#
#12234
1#
#12235
0#
#12238
1#
#12239
0#
#12242
1#
#12243
0#
#12246
1#
#12247
0#
#12250
1#
1$
1%
1&
1'
1(
1)
1*
1+
1,
1-
1.
1/
10
11
#12251
0#
#12254
1#
#12255
0#
#12258
1#
#12259
0#
#12262
1#
#12263
0#
#12266
1#
#12267
0#
#12270
1#
#12271
0#
#12274
1#
#12275
0#
#12278
1#
#12279
0#
#12282
1#
#12283
0#
#12286
1#
#12287
0#
#12290
1#
0$
0%
0&
0'
0(
0)
0*
0+
0,
0-
0.
0/
00
01
#12291
0#
#12294
1#
#12295
0#
#12298
1#
#12299
0#
#12302
1#
#12303
0#
#12306
1#
#12307
0#
#12310
1#
1$
1%
1&
1'
1(
1)
1*
1+
1,
1-
1.
1/
10
11
#12311
0#
#12314
1#
#12315
0#
#12318
1#
#12319
0#
#12322
1#
#12323
0#
#12326
1#
#12327
0#
#12330
1#
0$
0%
0&
0'
0(
0)
0*
0+
0,
0-
0.
0/
00
01
#12331
0#
#12334
1#
#12335
0#
#12338
1#
#12339
0#
#12342
1#
#12343
0#
#12346
1#
#12347
0#
#12350
1#
1$
1%
1&
1'
1(
1)
1*
1+
1,
1-
1.
1/
10
11
#12351
0#
#12354
1#
#12355
0#
#12358
1#
#12359
0#
#12362
1#
#12363
0#
#12366
1#
#12367
0#
#12370
1#
#12371
0#
#12374
1#
#12375
0#
#12378
1#
#12379
0#
#12382
1#
#12383
0#
#12386
1#
#12387
0#
#12390
1#
0$
0%
0&
0'
0(
0)
0*
0+
0,
0-
0.
0/
00
01
#12391
0#
#12394
1#
#12395
0#
#12398
1#
#12399
0#
#12402
1#
#12403
0#
#12406
1#
#12407
0#
#12409
1@
#12410
1#
1$
1%
1&
1'
1(
1)
1*
1+
1,
1-
1.
1/
10
11
0@
#12411
0#
#12414
1#
#12415
0#
#12418
1#
#12419
0#
#12422
1#
#12423
0#
#12426
1#
#12427
0#
#12430
1#
0$
0%
0&
0'
0(
0)
0*
0+
0,
0-
0.
0/
00
01
#12431
0#
#12434
1#
#12435
0#
#12438
1#
#12439
0#
#12442
1#
#12443
0#
#12446
1#
#12447
0#
#12450
1#
1$
1%
1&
1'
1(
1)
1*
1+
1,
1-
1.
1/
10
11
#12451
0#
#12454
1#
#12455
0#
#12458
1#
#12459
0#
#12462
1#
#12463
0#
#12466
1#
#12467
0#
#12470
1#
#12471
0#
#12474
1#
#12475
0#
#12478
1#
#12479
0#
#12482
1#
#12483
0#
#12486
1#
#12487
0#
#12490
1#
0$
0%
0&
0'
0(
0)
0*
0+
0,
0-
0.
0/
00
01
#12491
0#
#12494
1#
#12495
0#
#12498
1#
#12499
0#
#12502
1#
#12503
0#
#12506
1#
#12507
0#
#12510
1#
#12511
0#
#12514
1#
#12515
0#
#12518
1#
#12519
0#
#12522
1#
#12523
0#
#12526
1#
#12527
0#
#12530
1#
1$
1%
1&
1'
1(
1)
1*
1+
1,
1-
1.
1/
10
11
#12531
0#
#12534
1#
#12535
0#
#12538
1#
#12539
0#
#12542
1#
#12543
0#
#12546
1#
#12547
0#
#12550
1#
0$
0%
0&
0'
0(
0)
0*
0+
0,
0-
0.
0/
00
01
#12551
0#
#12554
1#
#12555
0#
#12558
1#
#12559
0#
#12562
1#
#12563
0#
#12566
1#
#12567
0#
#12570
1#
1$
1%
1&
1'
1(
1)
1*
1+
1,
1-
1.
1/
10
11
#12571
0#
#12574
1#
#12575
0#
#12578
1#
#12579
0#
#12582
1#
#12583
0#
#12586
1#
#12587
0#
#12590
1#
#12591
0#
#12594
1#
#12595
0#
#12598
1#
#12599
0#
#12602
1#
#12603
0#
#12606
1#
#12607
0#
#12610
1#
0$
0%
0&
0'
0(
0)
0*
0+
0,
0-
0.
0/
00
01
#12611
0#
#12614
1#
#12615
0#
#12618
1#
#12619
0#
#12622
1#
#12623
0#
#12626
1#
#12627
0#
#12630
1#
1$
1%
1&
1'
1(
1)
1*
1+
1,
1-
1.
1/
10
11
#12631
0#
#12634
1#
#12635
0#
#12638
1#
#12639
0#
#12642
1#
#12643
0#
#12646
1#
#12647
0#
#12650
1#
0$
0%
0&
0'
0(
0)
0*
0+
0,
0-
0.
0/
00
01
#12651
0#
#12654
1#
#12655
0#
#12658
1#
#12659
0#
#12662
1#
#12663
0#
#12666
1#
#12667
0#
#12670
1#
1$
1%
1&
1'
1(
1)
1*
1+
1,
1-
1.
1/
10
11
#12671
0#
#12674
1#
#12675
0#
#12678
1#
#12679
0#
#12682
1#
#12683
0#
#12686
1#
#12687
0#
#12690
1#
#12691
0#
#12694
1#
#12695
0#
#12698
1#
#12699
0#
#12702
1#
#12703
0#
#12706
1#
#12707
0#
#12710
1#
0$
0%
0&
0'
0(
0)
0*
0+
0,
0-
0.
0/
00
01
#12711
0#
#12714
1#
#12715
0#
#12718
1#
#12719
0#
#12722
1#
#12723
0#
#12726
1#
#12727
0#
#12729
1@
#12730
1#
1$
1%
1&
1'
1(
1)
1*
1+
1,
1-
1.
1/
10
11
0@
#12731
0#
#12734
1#
#12735
0#
#12738
1#
#12739
0#
#12742
1#
#12743
0#
#12746
1#
#12747
0#
#12750
1#
0$
0%
0&
0'
0(
0)
0*
0+
0,
0-
0.
0/
00
01
#12751
0#
#12754
1#
#12755
0#
#12758
1#
#12759
0#
#12762
1#
#12763
0#
#12766
1#
#12767
0#
#12770
1#
1$
1%
1&
1'
1(
1)
1*
1+
1,
1-
1.
1/
10
11
#12771
0#
#12774
1#
#12775
0#
#12778
1#
#12779
0#
#12782
1#
#12783
0#
#12786
1#
#12787
0#
#12790
1#
#12791
0#
#12794
1#
#12795
0#
#12798
1#
#12799
0#
#12802
1#
#12803
0#
#12806
1#
#12807
0#
#12810
1#
0$
0%
0&
0'
0(
0)
0*
0+
0,
0-
0.
0/
00
01
#12811
0#
#12814
1#
#12815
0#
#12818
1#
#12819
0#
#12822
1#
#12823
0#
#12826
1#
#12827
0#
#12830
1#
#12831
0#
#12834
1#
#12835
0#
#12838
1#
#12839
0#
#12842
1#
#12843
0#
#12846
1#
#12847
0#
#12850
1#
1$
1%
1&
1'
1(
1)
1*
1+
1,
1-
1.
1/
10
11
#12851
0#
#12854
1#
#12855
0#
#12858
1#
#12859
0#
#12862
1#
#12863
0#
#12866
1#
#12867
0#
#12870
1#
0$
0%
0&
0'
0(
0)
0*
0+
0,
0-
0.
0/
00
01
#12871
0#
#12874
1#
#12875
0#
#12878
1#
#12879
0#
#12882
1#
#12883
0#
#12886
1#
#12887
0#
#12890
1#
1$
1%
1&
1'
1(
1)
1*
1+
1,
1-
1.
1/
10
11
#12891
0#
#12894
1#
#12895
0#
#12898
1#
#12899
0#
#12902
1#
#12903
0#
#12906
1#
#12907
0#
#12910
1#
#12911
0#
#12914
1#
#12915
0#
#12918
1#
#12919
0#
#12922
1#
#12923
0#
#12926
1#
#12927
0#
#12930
1#
0$
0%
0&
0'
0(
0)
0*
0+
0,
0-
0.
0/
00
01
#12931
0#
#12934
1#
#12935
0#
#12938
1#
#12939
0#
#12942
1#
#12943
0#
#12946
1#
#12947
0#
#12950
1#
1$
1%
1&
1'
1(
1)
1*
1+
1,
1-
1.
1/
10
11
#12951
0#
#12954
1#
#12955
0#
#12958
1#
#12959
0#
#12962
1#
#12963
0#
#12966
1#
#12967
0#
#12970
1#
0$
0%
0&
0'
0(
0)
0*
0+
0,
0-
0.
0/
00
01
#12971
0#
#12974
1#
#12975
0#
#12978
1#
#12979
0#
#12982
1#
#12983
0#
#12986
1#
#12987
0#
#12990
1#
1$
1%
1&
1'
1(
1)
1*
1+
1,
1-
1.
1/
10
11
#12991
0#
#12994
1#
#12995
0#
#12998
1#
#12999
0#
#13002
1#
#13003
0#
#13006
1#
#13007
0#
#13010
1#
#13011
0#
#13014
1#
#13015
0#
#13018
1#
#13019
0#
#13022
1#
#13023
0#
#13026
1#
#13027
0#
#13030
1#
0$
0%
0&
0'
0(
0)
0*
0+
0,
0-
0.
0/
00
01
#13031
0#
#13034
1#
#13035
0#
#13038
1#
#13039
0#
#13042
1#
#13043
0#
#13046
1#
#13047
0#
#13049
1@
#13050
1#
1$
1%
1&
1'
1(
1)
1*
1+
1,
1-
1.
1/
10
11
0@
#13051
0#
#13054
1#
#13055
0#
#13058
1#
#13059
0#
#13062
1#
#13063
0#
#13066
1#
#13067
0#
#13070
1#
0$
0%
0&
0'
0(
0)
0*
0+
0,
0-
0.
0/
00
01
#13071
0#
#13074
1#
#13075
0#
#13078
1#
#13079
0#
#13082
1#
#13083
0#
#13086
1#
#13087
0#
#13090
1#
1$
1%
1&
1'
1(
1)
1*
1+
1,
1-
1.
1/
10
11
#13091
0#
#13094
1#
#13095
0#
#13098
1#
#13099
0#
#13102
1#
#13103
0#
#13106
1#
#13107
0#
#13110
1#
#13111
0#
#13114
1#
#13115
0#
#13118
1#
#13119
0#
#13122
1#
#13123
0#
#13126
1#
#13127
0#
#13130
1#
0$
0%
0&
0'
0(
0)
0*
0+
0,
0-
0.
0/
00
01
#13131
0#
#13134
1#
#13135
0#
#13138
1#
#13139
0#
#13142
1#
#13143
0#
#13146
1#
#13147
0#
#13150
1#
#13151
0#
#13154
1#
#13155
0#
#13158
1#
#13159
0#
#13162
1#
#13163
0#
#13166
1#
#13167
0#
#13170
1#
1$
1%
1&
1'
1(
1)
1*
1+
1,
1-
1.
1/
10
11
#13171
0#
#13174
1#
#13175
0#
#13178
1#
#13179
0#
#13182
1#
#13183
0#
#13186
1#
#13187
0#
#13190
1#
0$
0%
0&
0'
0(
0)
0*
0+
0,
0-
0.
0/
00
01
#13191
0#
#13194
1#
#13195
0#
#13198
1#
#13199
0#
#13202
1#
#13203
0#
#13206
1#
#13207
0#
#13210
1#
1$
1%
1&
1'
1(
1)
1*
1+
1,
1-
1.
1/
10
11
#13211
0#
#13214
1#
#13215
0#
#13218
1#
#13219
0#
#13222
1#
#13223
0#
#13226
1#
#13227
0#
#13230
1#
#13231
0#
#13234
1#
#13235
0#
#13238
1#
#13239
0#
#13242
1#
#13243
0#
#13246
1#
#13247
0#
#13250
1#
0$
0%
0&
0'
0(
0)
0*
0+
0,
0-
0.
0/
00
01
#13251
0#
#13254
1#
#13255
0#
#13258
1#
#13259
0#
#13262
1#
#13263
0#
#13266
1#
#13267
0#
#13270
1#
1$
1%
1&
1'
1(
1)
1*
1+
1,
1-
1.
1/
10
11
#13271
0#
#13274
1#
#13275
0#
#13278
1#
#13279
0#
#13282
1#
#13283
0#
#13286
1#
#13287
0#
#13290
1#
0$
0%
0&
0'
0(
0)
0*
0+
0,
0-
0.
0/
00
01
#13291
0#
#13294
1#
#13295
0#
#13298
1#
#13299
0#
#13302
1#
#13303
0#
#13306
1#
#13307
0#
#13310
1#
1$
1%
1&
1'
1(
1)
1*
1+
1,
1-
1.
1/
10
11
#13311
0#
#13314
1#
#13315
0#
#13318
1#
#13319
0#
#13322
1#
#13323
0#
#13326
1#
#13327
0#
#13330
1#
#13331
0#
#13334
1#
#13335
0#
#13338
1#
#13339
0#
#13342
1#
#13343
0#
#13346
1#
#13347
0#
#13350
1#
0$
0%
0&
0'
0(
0)
0*
0+
0,
0-
0.
0/
00
01
#13351
0#
#13354
1#
#13355
0#
#13358
1#
#13359
0#
#13362
1#
#13363
0#
#13366
1#
#13367
0#
#13369
1@
#13370
1#
1$
1%
1&
1'
1(
1)
1*
1+
1,
1-
1.
1/
10
11
0@
#13371
0#
#13374
1#
#13375
0#
#13378
1#
#13379
0#
#13382
1#
#13383
0#
#13386
1#
#13387
0#
#13390
1#
0$
0%
0&
0'
0(
0)
0*
0+
0,
0-
0.
0/
00
01
#13391
0#
#13394
1#
#13395
0#
#13398
1#
#13399
0#
#13402
1#
#13403
0#
#13406
1#
#13407
0#
#13410
1#
1$
1%
1&
1'
1(
1)
1*
1+
1,
1-
1.
1/
10
11
#13411
0#
#13414
1#
#13415
0#
#13418
1#
#13419
0#
#13422
1#
#13423
0#
#13426
1#
#13427
0#
#13430
1#
#13431
0#
#13434
1#
#13435
0#
#13438
1#
#13439
0#
#13442
1#
#13443
0#
#13446
1#
#13447
0#
#13450
1#
0$
0%
0&
0'
0(
0)
0*
0+
0,
0-
0.
0/
00
01
#13451
0#
#13454
1#
#13455
0#
#13458
1#
#13459
0#
#13462
1#
#13463
0#
#13466
1#
#13467
0#
#13470
1#
#13471
0#
#13474
1#
#13475
0#
#13478
1#
#13479
0#
#13482
1#
#13483
0#
#13486
1#
#13487
0#
#13490
1#
1$
1%
1&
1'
1(
1)
1*
1+
1,
1-
1.
1/
10
11
#13491
0#
#13494
1#
#13495
0#
#13498
1#
#13499
0#
#13502
1#
#13503
0#
#13506
1#
#13507
0#
#13510
1#
0$
0%
0&
0'
0(
0)
0*
0+
0,
0-
0.
0/
00
01
#13511
0#
#13514
1#
#13515
0#
#13518
1#
#13519
0#
#13522
1#
#13523
0#
#13526
1#
#13527
0#
#13530
1#
1$
1%
1&
1'
1(
1)
1*
1+
1,
1-
1.
1/
10
11
#13531
0#
#13534
1#
#13535
0#
#13538
1#
#13539
0#
#13542
1#
#13543
0#
#13546
1#
#13547
0#
#13550
1#
#13551
0#
#13554
1#
#13555
0#
#13558
1#
#13559
0#
#13562
1#
#13563
0#
#13566
1#
#13567
0#
#13570
1#
0$
0%
0&
0'
0(
0)
0*
0+
0,
0-
0.
0/
00
01
#13571
0#
#13574
1#
#13575
0#
#13578
1#
#13579
0#
#13582
1#
#13583
0#
#13586
1#
#13587
0#
#13590
1#
1$
1%
1&
1'
1(
1)
1*
1+
1,
1-
1.
1/
10
11
#13591
0#
#13594
1#
#13595
0#
#13598
1#
#13599
0#
#13602
1#
#13603
0#
#13606
1#
#13607
0#
#13610
1#
0$
0%
0&
0'
0(
0)
0*
0+
0,
0-
0.
0/
00
01
#13611
0#
#13614
1#
#13615
0#
#13618
1#
#13619
0#
#13622
1#
#13623
0#
#13626
1#
#13627
0#
#13630
1#
1$
1%
1&
1'
1(
1)
1*
1+
1,
1-
1.
1/
10
11
#13631
0#
#13634
1#
#13635
0#
#13638
1#
#13639
0#
#13642
1#
#13643
0#
#13646
1#
#13647
0#
#13650
1#
#13651
0#
#13654
1#
#13655
0#
#13658
1#
#13659
0#
#13662
1#
#13663
0#
#13666
1#
#13667
0#
#13670
1#
0$
0%
0&
0'
0(
0)
0*
0+
0,
0-
0.
0/
00
01
#13671
0#
#13674
1#
#13675
0#
#13678
1#
#13679
0#
#13682
1#
#13683
0#
#13686
1#
#13687
0#
#13689
1@
#13690
1#
1$
1%
1&
1'
1(
1)
1*
1+
1,
1-
1.
1/
10
11
0@
#13691
0#
#13694
1#
#13695
0#
#13698
1#
#13699
0#
#13702
1#
#13703
0#
#13706
1#
#13707
0#
#13710
1#
0$
0%
0&
0'
0(
0)
0*
0+
0,
0-
0.
0/
00
01
#13711
0#
#13714
1#
#13715
0#
#13718
1#
#13719
0#
#13722
1#
#13723
0#
#13726
1#
#13727
0#
#13730
1#
1$
1%
1&
1'
1(
1)
1*
1+
1,
1-
1.
1/
10
11
#13731
0#
#13734
1#
#13735
0#
#13738
1#
#13739
0#
#13742
1#
#13743
0#
#13746
1#
#13747
0#
#13750
1#
#13751
0#
#13754
1#
#13755
0#
#13758
1#
#13759
0#
#13762
1#
#13763
0#
#13766
1#
#13767
0#
#13770
1#
0$
0%
0&
0'
0(
0)
0*
0+
0,
0-
0.
0/
00
01
#13771
0#
#13774
1#
#13775
0#
#13778
1#
#13779
0#
#13782
1#
#13783
0#
#13786
1#
#13787
0#
#13790
1#
#13791
0#
#13794
1#
#13795
0#
#13798
1#
#13799
0#
#13802
1#
#13803
0#
#13806
1#
#13807
0#
#13810
1#
1$
1%
1&
1'
1(
1)
1*
1+
1,
1-
1.
1/
10
11
#13811
0#
#13814
1#
#13815
0#
#13818
1#
#13819
0#
#13822
1#
#13823
0#
#13826
1#
#13827
0#
#13830
1#
0$
0%
0&
0'
0(
0)
0*
0+
0,
0-
0.
0/
00
01
#13831
0#
#13834
1#
#13835
0#
#13838
1#
#13839
0#
#13842
1#
#13843
0#
#13846
1#
#13847
0#
#13850
1#
1$
1%
1&
1'
1(
1)
1*
1+
1,
1-
1.
1/
10
11
#13851
0#
#13854
1#
#13855
0#
#13858
1#
#13859
0#
#13862
1#
#13863
0#
#13866
1#
#13867
0#
#13870
1#
#13871
0#
#13874
1#
#13875
0#
#13878
1#
#13879
0#
#13882
1#
#13883
0#
#13886
1#
#13887
0#
#13890
1#
0$
0%
0&
0'
0(
0)
0*
0+
0,
0-
0.
0/
00
01
#13891
0#
#13894
1#
#13895
0#
#13898
1#
#13899
0#
#13902
1#
#13903
0#
#13906
1#
#13907
0#
#13910
1#
1$
1%
1&
1'
1(
1)
1*
1+
1,
1-
1.
1/
10
11
#13911
0#
#13914
1#
#13915
0#
#13918
1#
#13919
0#
#13922
1#
#13923
0#
#13926
1#
#13927
0#
#13930
1#
0$
0%
0&
0'
0(
0)
0*
0+
0,
0-
0.
0/
00
01
#13931
0#
#13934
1#
#13935
0#
#13938
1#
#13939
0#
#13942
1#
#13943
0#
#13946
1#
#13947
0#
#13950
1#
1$
1%
1&
1'
1(
1)
1*
1+
1,
1-
1.
1/
10
11
#13951
0#
#13954
1#
#13955
0#
#13958
1#
#13959
0#
#13962
1#
#13963
0#
#13966
1#
#13967
0#
#13970
1#
#13971
0#
#13974
1#
#13975
0#
#13978
1#
#13979
0#
#13982
1#
#13983
0#
#13986
1#
#13987
0#
#13990
1#
0$
0%
0&
0'
0(
0)
0*
0+
0,
0-
0.
0/
00
01
#13991
0#
#13994
1#
#13995
0#
#13998
1#
#13999
0#
#14002
1#
#14003
0#
#14006
1#
#14007
0#
#14009
1@
#14010
1#
1$
1%
1&
1'
1(
1)
1*
1+
1,
1-
1.
1/
10
11
0@
#14011
0#
#14014
1#
#14015
0#
#14018
1#
#14019
0#
#14022
1#
#14023
0#
#14026
1#
#14027
0#
#14030
1#
0$
0%
0&
0'
0(
0)
0*
0+
0,
0-
0.
0/
00
01
#14031
0#
#14034
1#
#14035
0#
#14038
1#
#14039
0#
#14042
1#
#14043
0#
#14046
1#
#14047
0#
#14050
1#
1$
1%
1&
1'
1(
1)
1*
1+
1,
1-
1.
1/
10
11
#14051
0#
#14054
1#
#14055
0#
#14058
1#
#14059
0#
#14062
1#
#14063
0#
#14066
1#
#14067
0#
#14070
1#
#14071
0#
#14074
1#
#14075
0#
#14078
1#
#14079
0#
#14082
1#
#14083
0#
#14086
1#
#14087
0#
#14090
1#
0$
0%
0&
0'
0(
0)
0*
0+
0,
0-
0.
0/
00
01
#14091
0#
#14094
1#
#14095
0#
#14098
1#
#14099
0#
#14102
1#
#14103
0#
#14106
1#
#14107
0#
#14110
1#
#14111
0#
#14114
1#
#14115
0#
#14118
1#
#14119
0#
#14122
1#
#14123
0#
#14126
1#
#14127
0#
#14130
1#
1$
1%
1&
1'
1(
1)
1*
1+
1,
1-
1.
1/
10
11
#14131
0#
#14134
1#
#14135
0#
#14138
1#
#14139
0#
#14142
1#
#14143
0#
#14146
1#
#14147
0#
#14150
1#
0$
0%
0&
0'
0(
0)
0*
0+
0,
0-
0.
0/
00
01
#14151
0#
#14154
1#
#14155
0#
#14158
1#
#14159
0#
#14162
1#
#14163
0#
#14166
1#
#14167
0#
#14170
1#
1$
1%
1&
1'
1(
1)
1*
1+
1,
1-
1.
1/
10
11
#14171
0#
#14174
1#
#14175
0#
#14178
1#
#14179
0#
#14182
1#
#14183
0#
#14186
1#
#14187
0#
#14190
1#
#14191
0#
#14194
1#
#14195
0#
#14198
1#
#14199
0#
#14202
1#
#14203
0#
#14206
1#
#14207
0#
#14210
1#
0$
0%
0&
0'
0(
0)
0*
0+
0,
0-
0.
0/
00
01
#14211
0#
#14214
1#
#14215
0#
#14218
1#
#14219
0#
#14222
1#
#14223
0#
#14226
1#
#14227
0#
#14230
1#
1$
1%
1&
1'
1(
1)
1*
1+
1,
1-
1.
1/
10
11
#14231
0#
#14234
1#
#14235
0#
#14238
1#
#14239
0#
#14242
1#
#14243
0#
#14246
1#
#14247
0#
#14250
1#
0$
0%
0&
0'
0(
0)
0*
0+
0,
0-
0.
0/
00
01
#14251
0#
#14254
1#
#14255
0#
#14258
1#
#14259
0#
#14262
1#
#14263
0#
#14266
1#
#14267
0#
#14270
1#
1$
1%
1&
1'
1(
1)
1*
1+
1,
1-
1.
1/
10
11
#14271
0#
#14274
1#
#14275
0#
#14278
1#
#14279
0#
#14282
1#
#14283
0#
#14286
1#
#14287
0#
#14290
1#
#14291
0#
#14294
1#
#14295
0#
#14298
1#
#14299
0#
#14302
1#
#14303
0#
#14306
1#
#14307
0#
#14310
1#
0$
0%
0&
0'
0(
0)
0*
0+
0,
0-
0.
0/
00
01
#14311
0#
#14314
1#
#14315
0#
#14318
1#
#14319
0#
#14322
1#
#14323
0#
#14326
1#
#14327
0#
#14329
1@
#14330
1#
1$
1%
1&
1'
1(
1)
1*
1+
1,
1-
1.
1/
10
11
0@
#14331
0#
#14334
1#
#14335
0#
#14338
1#
#14339
0#
#14342
1#
#14343
0#
#14346
1#
#14347
0#
#14350
1#
0$
0%
0&
0'
0(
0)
0*
0+
0,
0-
0.
0/
00
01
#14351
0#
#14354
1#
#14355
0#
#14358
1#
#14359
0#
#14362
1#
#14363
0#
#14366
1#
#14367
0#
#14370
1#
1$
1%
1&
1'
1(
1)
1*
1+
1,
1-
1.
1/
10
11
#14371
0#
#14374
1#
#14375
0#
#14378
1#
#14379
0#
#14382
1#
#14383
0#
#14386
1#
#14387
0#
#14390
1#
#14391
0#
#14394
1#
#14395
0#
#14398
1#
#14399
0#
#14402
1#
#14403
0#
#14406
1#
#14407
0#
#14410
1#
0$
0%
0&
0'
0(
0)
0*
0+
0,
0-
0.
0/
00
01
#14411
0#
#14414
1#
#14415
0#
#14418
1#
#14419
0#
#14422
1#
#14423
0#
#14426
1#
#14427
0#
#14430
1#
#14431
0#
#14434
1#
#14435
0#
#14438
1#
#14439
0#
#14442
1#
#14443
0#
#14446
1#
#14447
0#
#14450
1#
1$
1%
1&
1'
1(
1)
1*
1+
1,
1-
1.
1/
10
11
#14451
0#
#14454
1#
#14455
0#
#14458
1#
#14459
0#
#14462
1#
#14463
0#
#14466
1#
#14467
0#
#14470
1#
0$
0%
0&
0'
0(
0)
0*
0+
0,
0-
0.
0/
00
01
#14471
0#
#14474
1#
#14475
0#
#14478
1#
#14479
0#
#14482
1#
#14483
0#
#14486
1#
#14487
0#
#14490
1#
1$
1%
1&
1'
1(
1)
1*
1+
1,
1-
1.
1/
10
11
#14491
0#
#14494
1#
#14495
0#
#14498
1#
#14499
0#
#14502
1#
#14503
0#
#14506
1#
#14507
0#
#14510
1#
#14511
0#
#14514
1#
#14515
0#
#14518
1#
#14519
0#
#14522
1#
#14523
0#
#14526
1#
#14527
0#
#14530
1#
0$
0%
0&
0'
0(
0)
0*
0+
0,
0-
0.
0/
00
01
#14531
0#
#14534
1#
#14535
0#
#14538
1#
#14539
0#
#14542
1#
#14543
0#
#14546
1#
#14547
0#
#14550
1#
1$
1%
1&
1'
1(
1)
1*
1+
1,
1-
1.
1/
10
11
#14551
0#
#14554
1#
#14555
0#
#14558
1#
#14559
0#
#14562
1#
#14563
0#
#14566
1#
#14567
0#
#14570
1#
0$
0%
0&
0'
0(
0)
0*
0+
0,
0-
0.
0/
00
01
#14571
0#
#14574
1#
#14575
0#
#14578
1#
#14579
0#
#14582
1#
#14583
0#
#14586
1#
#14587
0#
#14590
1#
1$
1%
1&
1'
1(
1)
1*
1+
1,
1-
1.
1/
10
11
#14591
0#
#14594
1#
#14595
0#
#14598
1#
#14599
0#
#14602
1#
#14603
0#
#14606
1#
#14607
0#
#14610
1#
#14611
0#
#14614
1#
#14615
0#
#14618
1#
#14619
0#
#14622
1#
#14623
0#
#14626
1#
#14627
0#
#14630
1#
0$
0%
0&
0'
0(
0)
0*
0+
0,
0-
0.
0/
00
01
#14631
0#
#14634
1#
#14635
0#
#14638
1#
#14639
0#
#14642
1#
#14643
0#
#14646
1#
#14647
0#
#14649
1@
#14650
1#
1$
1%
1&
1'
1(
1)
1*
1+
1,
1-
1.
1/
10
11
0@
#14651
0#
#14654
1#
#14655
0#
#14658
1#
#14659
0#
#14662
1#
#14663
0#
#14666
1#
#14667
0#
#14670
1#
0$
0%
0&
0'
0(
0)
0*
0+
0,
0-
0.
0/
00
01
#14671
0#
#14674
1#
#14675
0#
#14678
1#
#14679
0#
#14682
1#
#14683
0#
#14686
1#
#14687
0#
#14690
1#
1$
1%
1&
1'
1(
1)
1*
1+
1,
1-
1.
1/
10
11
#14691
0#
#14694
1#
#14695
0#
#14698
1#
#14699
0#
#14702
1#
#14703
0#
#14706
1#
#14707
0#
#14710
1#
#14711
0#
#14714
1#
#14715
0#
#14718
1#
#14719
0#
#14722
1#
#14723
0#
#14726
1#
#14727
0#
#14730
1#
0$
0%
0&
0'
0(
0)
0*
0+
0,
0-
0.
0/
00
01
#14731
0#
#14734
1#
#14735
0#
#14738
1#
#14739
0#
#14742
1#
#14743
0#
#14746
1#
#14747
0#
#14750
1#
#14751
0#
#14754
1#
#14755
0#
#14758
1#
#14759
0#
#14762
1#
#14763
0#
#14766
1#
#14767
0#
#14770
1#
1$
1%
1&
1'
1(
1)
1*
1+
1,
1-
1.
1/
10
11
#14771
0#
#14774
1#
#14775
0#
#14778
1#
#14779
0#
#14782
1#
#14783
0#
#14786
1#
#14787
0#
#14790
1#
0$
0%
0&
0'
0(
0)
0*
0+
0,
0-
0.
0/
00
01
#14791
0#
#14794
1#
#14795
0#
#14798
1#
#14799
0#
#14802
1#
#14803
0#
#14806
1#
#14807
0#
#14810
1#
1$
1%
1&
1'
1(
1)
1*
1+
1,
1-
1.
1/
10
11
#14811
0#
#14814
1#
#14815
0#
#14818
1#
#14819
0#
#14822
1#
#14823
0#
#14826
1#
#14827
0#
#14830
1#
#14831
0#
#14834
1#
#14835
0#
#14838
1#
#14839
0#
#14842
1#
#14843
0#
#14846
1#
#14847
0#
#14850
1#
0$
0%
0&
0'
0(
0)
0*
0+
0,
0-
0.
0/
00
01
#14851
0#
#14854
1#
#14855
0#
#14858
1#
#14859
0#
#14862
1#
#14863
0#
#14866
1#
#14867
0#
#14870
1#
1$
1%
1&
1'
1(
1)
1*
1+
1,
1-
1.
1/
10
11
#14871
0#
#14874
1#
#14875
0#
#14878
1#
#14879
0#
#14882
1#
#14883
0#
#14886
1#
#14887
0#
#14890
1#
0$
0%
0&
0'
0(
0)
0*
0+
0,
0-
0.
0/
00
01
#14891
0#
#14894
1#
#14895
0#
#14898
1#
#14899
0#
#14902
1#
#14903
0#
#14906
1#
#14907
0#
#14910
1#
1$
1%
1&
1'
1(
1)
1*
1+
1,
1-
1.
1/
10
11
#14911
0#
#14914
1#
#14915
0#
#14918
1#
#14919
0#
#14922
1#
#14923
0#
#14926
1#
#14927
0#
#14930
1#
#14931
0#
#14934
1#
#14935
0#
#14938
1#
#14939
0#
#14942
1#
#14943
0#
#14946
1#
#14947
0#
#14950
1#
0$
0%
0&
0'
0(
0)
0*
0+
0,
0-
0.
0/
00
01
#14951
0#
#14954
1#
#14955
0#
#14958
1#
#14959
0#
#14962
1#
#14963
0#
#14966
1#
#14967
0#
#14969
1@
#14970
1#
1$
1%
1&
1'
1(
1)
1*
1+
1,
1-
1.
1/
10
11
0@
#14971
0#
#14974
1#
#14975
0#
#14978
1#
#14979
0#
#14982
1#
#14983
0#
#14986
1#
#14987
0#
#14990
1#
0$
0%
0&
0'
0(
0)
0*
0+
0,
0-
0.
0/
00
01
#14991
0#
#14994
1#
#14995
0#
#14998
1#
#14999
0#
#15002
1#
#15003
0#
#15006
1#
#15007
0#
#15010
1#
1$
1%
1&
1'
1(
1)
1*
1+
1,
1-
1.
1/
10
11
#15011
0#
#15014
1#
#15015
0#
#15018
1#
#15019
0#
#15022
1#
#15023
0#
#15026
1#
#15027
0#
#15030
1#
#15031
0#
#15034
1#
#15035
0#
#15038
1#
#15039
0#
#15042
1#
#15043
0#
#15046
1#
#15047
0#
#15050
1#
0$
0%
0&
0'
0(
0)
0*
0+
0,
0-
0.
0/
00
01
#15051
0#
#15054
1#
#15055
0#
#15058
1#
#15059
0#
#15062
1#
#15063
0#
#15066
1#
#15067
0#
#15070
1#
#15071
0#
#15074
1#
#15075
0#
#15078
1#
#15079
0#
#15082
1#
#15083
0#
#15086
1#
#15087
0#
#15090
1#
1$
1%
1&
1'
1(
1)
1*
1+
1,
1-
1.
1/
10
11
#15091
0#
#15094
1#
#15095
0#
#15098
1#
#15099
0#
#15102
1#
#15103
0#
#15106
1#
#15107
0#
#15110
1#
0$
0%
0&
0'
0(
0)
0*
0+
0,
0-
0.
0/
00
01
#15111
0#
#15114
1#
#15115
0#
#15118
1#
#15119
0#
#15122
1#
#15123
0#
#15126
1#
#15127
0#
#15130
1#
1$
1%
1&
1'
1(
1)
1*
1+
1,
1-
1.
1/
10
11
#15131
0#
#15134
1#
#15135
0#
#15138
1#
#15139
0#
#15142
1#
#15143
0#
#15146
1#
#15147
0#
#15150
1#
#15151
0#
#15154
1#
#15155
0#
#15158
1#
#15159
0#
#15162
1#
#15163
0#
#15166
1#
#15167
0#
#15170
1#
0$
0%
0&
0'
0(
0)
0*
0+
0,
0-
0.
0/
00
01
#15171
0#
#15174
1#
#15175
0#
#15178
1#
#15179
0#
#15182
1#
#15183
0#
#15186
1#
#15187
0#
#15190
1#
1$
1%
1&
1'
1(
1)
1*
1+
1,
1-
1.
1/
10
11
#15191
0#
#15194
1#
#15195
0#
#15198
1#
#15199
0#
#15202
1#
#15203
0#
#15206
1#
#15207
0#
#15210
1#
0$
0%
0&
0'
0(
0)
0*
0+
0,
0-
0.
0/
00
01
#15211
0#
#15214
1#
#15215
0#
#15218
1#
#15219
0#
#15222
1#
#15223
0#
#15226
1#
#15227
0#
#15230
1#
1$
1%
1&
1'
1(
1)
1*
1+
1,
1-
1.
1/
10
11
#15231
0#
#15234
1#
#15235
0#
#15238
1#
#15239
0#
#15242
1#
#15243
0#
#15246
1#
#15247
0#
#15250
1#
#15251
0#
#15254
1#
#15255
0#
#15258
1#
#15259
0#
#15262
1#
#15263
0#
#15266
1#
#15267
0#
#15270
1#
0$
0%
0&
0'
0(
0)
0*
0+
0,
0-
0.
0/
00
01
#15271
0#
#15274
1#
#15275
0#
#15278
1#
#15279
0#
#15282
1#
#15283
0#
#15286
1#
#15287
0#
#15289
1@
#15290
1#
1$
1%
1&
1'
1(
1)
1*
1+
1,
1-
1.
1/
10
11
0@
#15291
0#
#15294
1#
#15295
0#
#15298
1#
#15299
0#
#15302
1#
#15303
0#
#15306
1#
#15307
0#
#15310
1#
0$
0%
0&
0'
0(
0)
0*
0+
0,
0-
0.
0/
00
01
#15311
0#
#15314
1#
#15315
0#
#15318
1#
#15319
0#
#15322
1#
#15323
0#
#15326
1#
#15327
0#
#15330
1#
1$
1%
1&
1'
1(
1)
1*
1+
1,
1-
1.
1/
10
11
#15331
0#
#15334
1#
#15335
0#
#15338
1#
#15339
0#
#15342
1#
#15343
0#
#15346
1#
#15347
0#
#15350
1#
#15351
0#
#15354
1#
#15355
0#
#15358
1#
#15359
0#
#15362
1#
#15363
0#
#15366
1#
#15367
0#
#15370
1#
0$
0%
0&
0'
0(
0)
0*
0+
0,
0-
0.
0/
00
01
#15371
0#
#15374
1#
#15375
0#
#15378
1#
#15379
0#
#15382
1#
#15383
0#
#15386
1#
#15387
0#
#15390
1#
#15391
0#
#15394
1#
#15395
0#
#15398
1#
#15399
0#
#15402
1#
#15403
0#
#15406
1#
#15407
0#
#15410
1#
1$
1%
1&
1'
1(
1)
1*
1+
1,
1-
1.
1/
10
11
#15411
0#
#15414
1#
#15415
0#
#15418
1#
#15419
0#
#15422
1#
#15423
0#
#15426
1#
#15427
0#
#15430
1#
0$
0%
0&
0'
0(
0)
0*
0+
0,
0-
0.
0/
00
01
#15431
0#
#15434
1#
#15435
0#
#15438
1#
#15439
0#
#15442
1#
#15443
0#
#15446
1#
#15447
0#
#15450
1#
1$
1%
1&
1'
1(
1)
1*
1+
1,
1-
1.
1/
10
11
#15451
0#
#15454
1#
#15455
0#
#15458
1#
#15459
0#
#15462
1#
#15463
0#
#15466
1#
#15467
0#
#15470
1#
#15471
0#
#15474
1#
#15475
0#
#15478
1#
#15479
0#
#15482
1#
#15483
0#
#15486
1#
#15487
0#
#15490
1#
0$
0%
0&
0'
0(
0)
0*
0+
0,
0-
0.
0/
00
01
#15491
0#
#15494
1#
#15495
0#
#15498
1#
#15499
0#
#15502
1#
#15503
0#
#15506
1#
#15507
0#
#15510
1#
1$
1%
1&
1'
1(
1)
1*
1+
1,
1-
1.
1/
10
11
#15511
0#
#15514
1#
#15515
0#
#15518
1#
#15519
0#
#15522
1#
#15523
0#
#15526
1#
#15527
0#
#15530
1#
0$
0%
0&
0'
0(
0)
0*
0+
0,
0-
0.
0/
00
01
#15531
0#
#15534
1#
#15535
0#
#15538
1#
#15539
0#
#15542
1#
#15543
0#
#15546
1#
#15547
0#
#15550
1#
1$
1%
1&
1'
1(
1)
1*
1+
1,
1-
1.
1/
10
11
#15551
0#
#15554
1#
#15555
0#
#15558
1#
#15559
0#
#15562
1#
#15563
0#
#15566
1#
#15567
0#
#15570
1#
#15571
0#
#15574
1#
#15575
0#
#15578
1#
#15579
0#
#15582
1#
#15583
0#
#15586
1#
#15587
0#
#15590
1#
0$
0%
0&
0'
0(
0)
0*
0+
0,
0-
0.
0/
00
01
#15591
0#
#15594
1#
#15595
0#
#15598
1#
#15599
0#
#15602
1#
#15603
0#
#15606
1#
#15607
0#
#15609
1@
#15610
1#
1$
1%
1&
1'
1(
1)
1*
1+
1,
1-
1.
1/
10
11
0@
#15611
0#
#15614
1#
#15615
0#
#15618
1#
#15619
0#
#15622
1#
#15623
0#
#15626
1#
#15627
0#
#15630
1#
0$
0%
0&
0'
0(
0)
0*
0+
0,
0-
0.
0/
00
01
#15631
0#
#15634
1#
#15635
0#
#15638
1#
#15639
0#
#15642
1#
#15643
0#
#15646
1#
#15647
0#
#15650
1#
1$
1%
1&
1'
1(
1)
1*
1+
1,
1-
1.
1/
10
11
#15651
0#
#15654
1#
#15655
0#
#15658
1#
#15659
0#
#15662
1#
#15663
0#
#15666
1#
#15667
0#
#15670
1#
#15671
0#
#15674
1#
#15675
0#
#15678
1#
#15679
0#
#15682
1#
#15683
0#
#15686
1#
#15687
0#
#15690
1#
0$
0%
0&
0'
0(
0)
0*
0+
0,
0-
0.
0/
00
01
#15691
0#
#15694
1#
#15695
0#
#15698
1#
#15699
0#
#15702
1#
#15703
0#
#15706
1#
#15707
0#
#15710
1#
#15711
0#
#15714
1#
#15715
0#
#15718
1#
#15719
0#
#15722
1#
#15723
0#
#15726
1#
#15727
0#
#15730
1#
1$
1%
1&
1'
1(
1)
1*
1+
1,
1-
1.
1/
10
11
#15731
0#
#15734
1#
#15735
0#
#15738
1#
#15739
0#
#15742
1#
#15743
0#
#15746
1#
#15747
0#
#15750
1#
0$
0%
0&
0'
0(
0)
0*
0+
0,
0-
0.
0/
00
01
#15751
0#
#15754
1#
#15755
0#
#15758
1#
#15759
0#
#15762
1#
#15763
0#
#15766
1#
#15767
0#
#15770
1#
1$
1%
1&
1'
1(
1)
1*
1+
1,
1-
1.
1/
10
11
#15771
0#
#15774
1#
#15775
0#
#15778
1#
#15779
0#
#15782
1#
#15783
0#
#15786
1#
#15787
0#
#15790
1#
#15791
0#
#15794
1#
#15795
0#
#15798
1#
#15799
0#
#15802
1#
#15803
0#
#15806
1#
#15807
0#
#15810
1#
0$
0%
0&
0'
0(
0)
0*
0+
0,
0-
0.
0/
00
01
#15811
0#
#15814
1#
#15815
0#
#15818
1#
#15819
0#
#15822
1#
#15823
0#
#15826
1#
#15827
0#
#15830
1#
1$
1%
1&
1'
1(
1)
1*
1+
1,
1-
1.
1/
10
11
#15831
0#
#15834
1#
#15835
0#
#15838
1#
#15839
0#
#15842
1#
#15843
0#
#15846
1#
#15847
0#
#15850
1#
0$
0%
0&
0'
0(
0)
0*
0+
0,
0-
0.
0/
00
01
#15851
0#
#15854
1#
#15855
0#
#15858
1#
#15859
0#
#15862
1#
#15863
0#
#15866
1#
#15867
0#
#15870
1#
1$
1%
1&
1'
1(
1)
1*
1+
1,
1-
1.
1/
10
11
#15871
0#
#15874
1#
#15875
0#
#15878
1#
#15879
0#
#15882
1#
#15883
0#
#15886
1#
#15887
0#
#15890
1#
#15891
0#
#15894
1#
#15895
0#
#15898
1#
#15899
0#
#15902
1#
#15903
0#
#15906
1#
#15907
0#
#15910
1#
0$
0%
0&
0'
0(
0)
0*
0+
0,
0-
0.
0/
00
01
#15911
0#
#15914
1#
#15915
0#
#15918
1#
#15919
0#
#15922
1#
#15923
0#
#15926
1#
#15927
0#
#15929
1@
#15930
1#
1$
1%
1&
1'
1(
1)
1*
1+
1,
1-
1.
1/
10
11
0@
#15931
0#
#15934
1#
#15935
0#
#15938
1#
#15939
0#
#15942
1#
#15943
0#
#15946
1#
#15947
0#
#15950
1#
0$
0%
0&
0'
0(
0)
0*
0+
0,
0-
0.
0/
00
01
#15951
0#
#15954
1#
#15955
0#
#15958
1#
#15959
0#
#15962
1#
#15963
0#
#15966
1#
#15967
0#
#15970
1#
1$
1%
1&
1'
1(
1)
1*
1+
1,
1-
1.
1/
10
11
#15971
0#
#15974
1#
#15975
0#
#15978
1#
#15979
0#
#15982
1#
#15983
0#
#15986
1#
#15987
0#
#15990
1#
#15991
0#
#15994
1#
#15995
0#
#15998
1#
#15999
0#
#16002
1#
#16003
0#
#16006
1#
#16007
0#
#16010
1#
0$
0%
0&
0'
0(
0)
0*
0+
0,
0-
0.
0/
00
01
#16011
0#
#16014
1#
#16015
0#
#16018
1#
#16019
0#
#16022
1#
#16023
0#
#16026
1#
#16027
0#
#16030
1#
#16031
0#
#16034
1#
#16035
0#
#16038
1#
#16039
0#
#16042
1#
#16043
0#
#16046
1#
#16047
0#
#16050
1#
1$
1%
1&
1'
1(
1)
1*
1+
1,
1-
1.
1/
10
11
#16051
0#
#16054
1#
#16055
0#
#16058
1#
#16059
0#
#16062
1#
#16063
0#
#16066
1#
#16067
0#
#16070
1#
0$
0%
0&
0'
0(
0)
0*
0+
0,
0-
0.
0/
00
01
#16071
0#
#16074
1#
#16075
0#
#16078
1#
#16079
0#
#16082
1#
#16083
0#
#16086
1#
#16087
0#
#16090
1#
1$
1%
1&
1'
1(
1)
1*
1+
1,
1-
1.
1/
10
11
#16091
0#
#16094
1#
#16095
0#
#16098
1#
#16099
0#
#16102
1#
#16103
0#
#16106
1#
#16107
0#
#16110
1#
#16111
0#
#16114
1#
#16115
0#
#16118
1#
#16119
0#
#16122
1#
#16123
0#
#16126
1#
#16127
0#
#16130
1#
0$
0%
0&
0'
0(
0)
0*
0+
0,
0-
0.
0/
00
01
#16131
0#
#16134
1#
#16135
0#
#16138
1#
#16139
0#
#16142
1#
#16143
0#
#16146
1#
#16147
0#
#16150
1#
1$
1%
1&
1'
1(
1)
1*
1+
1,
1-
1.
1/
10
11
#16151
0#
#16154
1#
#16155
0#
#16158
1#
#16159
0#
#16162
1#
#16163
0#
#16166
1#
#16167
0#
#16170
1#
0$
0%
0&
0'
0(
0)
0*
0+
0,
0-
0.
0/
00
01
#16171
0#
#16174
1#
#16175
0#
#16178
1#
#16179
0#
#16182
1#
#16183
0#
#16186
1#
#16187
0#
#16190
1#
1$
1%
1&
1'
1(
1)
1*
1+
1,
1-
1.
1/
10
11
#16191
0#
#16194
1#
#16195
0#
#16198
1#
#16199
0#
#16202
1#
#16203
0#
#16206
1#
#16207
0#
#16210
1#
#16211
0#
#16214
1#
#16215
0#
#16218
1#
#16219
0#
#16222
1#
#16223
0#
#16226
1#
#16227
0#
#16230
1#
0$
0%
0&
0'
0(
0)
0*
0+
0,
0-
0.
0/
00
01
#16231
0#
#16234
1#
#16235
0#
#16238
1#
#16239
0#
#16242
1#
#16243
0#
#16246
1#
#16247
0#
#16249
1@
#16250
1#
1$
1%
1&
1'
1(
1)
1*
1+
1,
1-
1.
1/
10
11
0@
#16251
0#
#16254
1#
#16255
0#
#16258
1#
#16259
0#
#16262
1#
#16263
0#
#16266
1#
#16267
0#
#16270
1#
0$
0%
0&
0'
0(
0)
0*
0+
0,
0-
0.
0/
00
01
#16271
0#
#16274
1#
#16275
0#
#16278
1#
#16279
0#
#16282
1#
#16283
0#
#16286
1#
#16287
0#
#16290
1#
1$
1%
1&
1'
1(
1)
1*
1+
1,
1-
1.
1/
10
11
#16291
0#
#16294
1#
#16295
0#
#16298
1#
#16299
0#
#16302
1#
#16303
0#
#16306
1#
#16307
0#
#16310
1#
#16311
0#
#16314
1#
#16315
0#
#16318
1#
#16319
0#
#16322
1#
#16323
0#
#16326
1#
#16327
0#
#16330
1#
0$
0%
0&
0'
0(
0)
0*
0+
0,
0-
0.
0/
00
01
#16331
0#
#16334
1#
#16335
0#
#16338
1#
#16339
0#
#16342
1#
#16343
0#
#16346
1#
#16347
0#
#16350
1#
#16351
0#
#16354
1#
#16355
0#
#16358
1#
#16359
0#
#16362
1#
#16363
0#
#16366
1#
#16367
0#
#16370
1#
1$
1%
1&
1'
1(
1)
1*
1+
1,
1-
1.
1/
10
11
#16371
0#
#16374
1#
#16375
0#
#16378
1#
#16379
0#
#16382
1#
#16383
0#
#16384
1c
#16386
1#
#16387
0#
#16390
1#
0$
0%
0&
0'
0(
0)
0*
0+
0,
0-
0.
0/
00
01
#16391
0#
#16394
1#
#16395
0#
#16398
1#
#16399
0#
#16402
1#
#16403
0#
#16406
1#
#16407
0#
#16410
1#
1$
1%
1&
1'
1(
1)
1*
1+
1,
1-
1.
1/
10
11
#16411
0#
#16414
1#
#16415
0#
#16418
1#
#16419
0#
#16422
1#
#16423
0#
#16426
1#
#16427
0#
#16430
1#
#16431
0#
#16434
1#
#16435
0#
#16438
1#
#16439
0#
#16442
1#
#16443
0#
#16446
1#
#16447
0#
#16450
1#
0$
0%
0&
0'
0(
0)
0*
0+
0,
0-
0.
0/
00
01
#16451
0#
#16454
1#
#16455
0#
#16458
1#
#16459
0#
#16462
1#
#16463
0#
#16466
1#
#16467
0#
#16470
1#
1$
1%
1&
1'
1(
1)
1*
1+
1,
1-
1.
1/
10
11
#16471
0#
#16474
1#
#16475
0#
#16478
1#
#16479
0#
#16482
1#
#16483
0#
#16486
1#
#16487
0#
#16490
1#
0$
0%
0&
0'
0(
0)
0*
0+
0,
0-
0.
0/
00
01
#16491
0#
#16494
1#
#16495
0#
#16498
1#
#16499
0#
#16502
1#
#16503
0#
#16506
1#
#16507
0#
#16510
1#
1$
1%
1&
1'
1(
1)
1*
1+
1,
1-
1.
1/
10
11
#16511
0#
#16514
1#
#16515
0#
#16518
1#
#16519
0#
#16522
1#
#16523
0#
#16526
1#
#16527
0#
#16530
1#
#16531
0#
#16534
1#
#16535
0#
#16538
1#
#16539
0#
#16542
1#
#16543
0#
#16546
1#
#16547
0#
#16550
1#
0$
0%
0&
0'
0(
0)
0*
0+
0,
0-
0.
0/
00
01
#16551
0#
#16554
1#
#16555
0#
#16558
1#
#16559
0#
#16562
1#
#16563
0#
#16566
1#
#16567
0#
#16569
1@
#16570
1#
1$
1%
1&
1'
1(
1)
1*
1+
1,
1-
1.
1/
10
11
0@
#16571
0#
#16574
1#
#16575
0#
#16578
1#
#16579
0#
#16582
1#
#16583
0#
#16586
1#
#16587
0#
#16590
1#
0$
0%
0&
0'
0(
0)
0*
0+
0,
0-
0.
0/
00
01
#16591
0#
#16594
1#
#16595
0#
#16598
1#
#16599
0#
#16602
1#
#16603
0#
#16606
1#
#16607
0#
#16610
1#
1$
1%
1&
1'
1(
1)
1*
1+
1,
1-
1.
1/
10
11
#16611
0#
#16614
1#
#16615
0#
#16618
1#
#16619
0#
#16622
1#
#16623
0#
#16626
1#
#16627
0#
#16630
1#
#16631
0#
#16634
1#
#16635
0#
#16638
1#
#16639
0#
#16642
1#
#16643
0#
#16646
1#
#16647
0#
#16650
1#
0$
0%
0&
0'
0(
0)
0*
0+
0,
0-
0.
0/
00
01
#16651
0#
#16654
1#
#16655
0#
#16658
1#
#16659
0#
#16662
1#
#16663
0#
#16666
1#
#16667
0#
#16670
1#
#16671
0#
#16674
1#
#16675
0#
#16678
1#
#16679
0#
#16682
1#
#16683
0#
#16686
1#
#16687
0#
#16690
1#
1$
1%
1&
1'
1(
1)
1*
1+
1,
1-
1.
1/
10
11
#16691
0#
#16694
1#
#16695
0#
#16698
1#
#16699
0#
#16702
1#
#16703
0#
#16706
1#
#16707
0#
#16710
1#
0$
0%
0&
0'
0(
0)
0*
0+
0,
0-
0.
0/
00
01
#16711
0#
#16714
1#
#16715
0#
#16718
1#
#16719
0#
#16722
1#
#16723
0#
#16726
1#
#16727
0#
#16730
1#
1$
1%
1&
1'
1(
1)
1*
1+
1,
1-
1.
1/
10
11
#16731
0#
#16734
1#
#16735
0#
#16738
1#
#16739
0#
#16742
1#
#16743
0#
#16746
1#
#16747
0#
#16750
1#
#16751
0#
#16754
1#
#16755
0#
#16758
1#
#16759
0#
#16762
1#
#16763
0#
#16766
1#
#16767
0#
#16770
1#
0$
0%
0&
0'
0(
0)
0*
0+
0,
0-
0.
0/
00
01
#16771
0#
#16774
1#
#16775
0#
#16778
1#
#16779
0#
#16782
1#
#16783
0#
#16786
1#
#16787
0#
#16790
1#
1$
1%
1&
1'
1(
1)
1*
1+
1,
1-
1.
1/
10
11
#16791
0#
#16794
1#
#16795
0#
#16798
1#
#16799
0#
#16802
1#
#16803
0#
#16806
1#
#16807
0#
#16810
1#
0$
0%
0&
0'
0(
0)
0*
0+
0,
0-
0.
0/
00
01
#16811
0#
#16814
1#
#16815
0#
#16818
1#
#16819
0#
#16822
1#
#16823
0#
#16826
1#
#16827
0#
#16830
1#
1$
1%
1&
1'
1(
1)
1*
1+
1,
1-
1.
1/
10
11
#16831
0#
#16834
1#
#16835
0#
#16838
1#
#16839
0#
#16842
1#
#16843
0#
#16846
1#
#16847
0#
#16850
1#
#16851
0#
#16854
1#
#16855
0#
#16858
1#
#16859
0#
#16862
1#
#16863
0#
#16866
1#
#16867
0#
#16870
1#
0$
0%
0&
0'
0(
0)
0*
0+
0,
0-
0.
0/
00
01
#16871
0#
#16874
1#
#16875
0#
#16878
1#
#16879
0#
#16882
1#
#16883
0#
#16886
1#
#16887
0#
#16889
1@
#16890
1#
1$
1%
1&
1'
1(
1)
1*
1+
1,
1-
1.
1/
10
11
0@
#16891
0#
#16894
1#
#16895
0#
#16898
1#
#16899
0#
#16902
1#
#16903
0#
#16906
1#
#16907
0#
#16910
1#
0$
0%
0&
0'
0(
0)
0*
0+
0,
0-
0.
0/
00
01
#16911
0#
#16914
1#
#16915
0#
#16918
1#
#16919
0#
#16922
1#
#16923
0#
#16926
1#
#16927
0#
#16930
1#
1$
1%
1&
1'
1(
1)
1*
1+
1,
1-
1.
1/
10
11
#16931
0#
#16934
1#
#16935
0#
#16938
1#
#16939
0#
#16942
1#
#16943
0#
#16946
1#
#16947
0#
#16950
1#
#16951
0#
#16954
1#
#16955
0#
#16958
1#
#16959
0#
#16962
1#
#16963
0#
#16966
1#
#16967
0#
#16970
1#
0$
0%
0&
0'
0(
0)
0*
0+
0,
0-
0.
0/
00
01
#16971
0#
#16974
1#
#16975
0#
#16978
1#
#16979
0#
#16982
1#
#16983
0#
#16986
1#
#16987
0#
#16990
1#
#16991
0#
#16994
1#
#16995
0#
#16998
1#
#16999
0#
#17002
1#
#17003
0#
#17006
1#
#17007
0#
#17010
1#
1$
1%
1&
1'
1(
1)
1*
1+
1,
1-
1.
1/
10
11
#17011
0#
#17014
1#
#17015
0#
#17018
1#
#17019
0#
#17022
1#
#17023
0#
#17026
1#
#17027
0#
#17030
1#
0$
0%
0&
0'
0(
0)
0*
0+
0,
0-
0.
0/
00
01
#17031
0#
#17034
1#
#17035
0#
#17038
1#
#17039
0#
#17042
1#
#17043
0#
#17046
1#
#17047
0#
#17050
1#
1$
1%
1&
1'
1(
1)
1*
1+
1,
1-
1.
1/
10
11
#17051
0#
#17054
1#
#17055
0#
#17058
1#
#17059
0#
#17062
1#
#17063
0#
#17066
1#
#17067
0#
#17070
1#
#17071
0#
#17074
1#
#17075
0#
#17078
1#
#17079
0#
#17082
1#
#17083
0#
#17086
1#
#17087
0#
#17090
1#
0$
0%
0&
0'
0(
0)
0*
0+
0,
0-
0.
0/
00
01
#17091
0#
#17094
1#
#17095
0#
#17098
1#
#17099
0#
#17102
1#
#17103
0#
#17106
1#
#17107
0#
#17110
1#
1$
1%
1&
1'
1(
1)
1*
1+
1,
1-
1.
1/
10
11
#17111
0#
#17114
1#
#17115
0#
#17118
1#
#17119
0#
#17122
1#
#17123
0#
#17126
1#
#17127
0#
#17130
1#
0$
0%
0&
0'
0(
0)
0*
0+
0,
0-
0.
0/
00
01
#17131
0#
#17134
1#
#17135
0#
#17138
1#
#17139
0#
#17142
1#
#17143
0#
#17146
1#
#17147
0#
#17150
1#
1$
1%
1&
1'
1(
1)
1*
1+
1,
1-
1.
1/
10
11
#17151
0#
#17154
1#
#17155
0#
#17158
1#
#17159
0#
#17162
1#
#17163
0#
#17166
1#
#17167
0#
#17170
1#
#17171
0#
#17174
1#
#17175
0#
#17178
1#
#17179
0#
#17182
1#
#17183
0#
#17186
1#
#17187
0#
#17190
1#
0$
0%
0&
0'
0(
0)
0*
0+
0,
0-
0.
0/
00
01
#17191
0#
#17194
1#
#17195
0#
#17198
1#
#17199
0#
#17202
1#
#17203
0#
#17206
1#
#17207
0#
#17209
1@
#17210
1#
1$
1%
1&
1'
1(
1)
1*
1+
1,
1-
1.
1/
10
11
0@
#17211
0#
#17214
1#
#17215
0#
#17218
1#
#17219
0#
#17222
1#
#17223
0#
#17226
1#
#17227
0#
#17230
1#
0$
0%
0&
0'
0(
0)
0*
0+
0,
0-
0.
0/
00
01
#17231
0#
#17234
1#
#17235
0#
#17238
1#
#17239
0#
#17242
1#
#17243
0#
#17246
1#
#17247
0#
#17250
1#
1$
1%
1&
1'
1(
1)
1*
1+
1,
1-
1.
1/
10
11
#17251
0#
#17254
1#
#17255
0#
#17258
1#
#17259
0#
#17262
1#
#17263
0#
#17266
1#
#17267
0#
#17270
1#
#17271
0#
#17274
1#
#17275
0#
#17278
1#
#17279
0#
#17282
1#
#17283
0#
#17286
1#
#17287
0#
#17290
1#
0$
0%
0&
0'
0(
0)
0*
0+
0,
0-
0.
0/
00
01
#17291
0#
#17294
1#
#17295
0#
#17298
1#
#17299
0#
#17302
1#
#17303
0#
#17306
1#
#17307
0#
#17310
1#
#17311
0#
#17314
1#
#17315
0#
#17318
1#
#17319
0#
#17322
1#
#17323
0#
#17326
1#
#17327
0#
#17330
1#
1$
1%
1&
1'
1(
1)
1*
1+
1,
1-
1.
1/
10
11
#17331
0#
#17334
1#
#17335
0#
#17338
1#
#17339
0#
#17342
1#
#17343
0#
#17346
1#
#17347
0#
#17350
1#
0$
0%
0&
0'
0(
0)
0*
0+
0,
0-
0.
0/
00
01
#17351
0#
#17354
1#
#17355
0#
#17358
1#
#17359
0#
#17362
1#
#17363
0#
#17366
1#
#17367
0#
#17370
1#
1$
1%
1&
1'
1(
1)
1*
1+
1,
1-
1.
1/
10
11
#17371
0#
#17374
1#
#17375
0#
#17378
1#
#17379
0#
#17382
1#
#17383
0#
#17386
1#
#17387
0#
#17390
1#
#17391
0#
#17394
1#
#17395
0#
#17398
1#
#17399
0#
#17402
1#
#17403
0#
#17406
1#
#17407
0#
#17410
1#
0$
0%
0&
0'
0(
0)
0*
0+
0,
0-
0.
0/
00
01
#17411
0#
#17414
1#
#17415
0#
#17418
1#
#17419
0#
#17422
1#
#17423
0#
#17426
1#
#17427
0#
#17430
1#
1$
1%
1&
1'
1(
1)
1*
1+
1,
1-
1.
1/
10
11
#17431
0#
#17434
1#
#17435
0#
#17438
1#
#17439
0#
#17442
1#
#17443
0#
#17446
1#
#17447
0#
#17450
1#
0$
0%
0&
0'
0(
0)
0*
0+
0,
0-
0.
0/
00
01
#17451
0#
#17454
1#
#17455
0#
#17458
1#
#17459
0#
#17462
1#
#17463
0#
#17466
1#
#17467
0#
#17470
1#
1$
1%
1&
1'
1(
1)
1*
1+
1,
1-
1.
1/
10
11
#17471
0#
#17474
1#
#17475
0#
#17478
1#
#17479
0#
#17482
1#
#17483
0#
#17486
1#
#17487
0#
#17490
1#
#17491
0#
#17494
1#
#17495
0#
#17498
1#
#17499
0#
#17502
1#
#17503
0#
#17506
1#
#17507
0#
#17510
1#
0$
0%
0&
0'
0(
0)
0*
0+
0,
0-
0.
0/
00
01
#17511
0#
#17514
1#
#17515
0#
#17518
1#
#17519
0#
#17522
1#
#17523
0#
#17526
1#
#17527
0#
#17529
1@
#17530
1#
1$
1%
1&
1'
1(
1)
1*
1+
1,
1-
1.
1/
10
11
0@
#17531
0#
#17534
1#
#17535
0#
#17538
1#
#17539
0#
#17542
1#
#17543
0#
#17546
1#
#17547
0#
#17550
1#
0$
0%
0&
0'
0(
0)
0*
0+
0,
0-
0.
0/
00
01
#17551
0#
#17554
1#
#17555
0#
#17558
1#
#17559
0#
#17562
1#
#17563
0#
#17566
1#
#17567
0#
#17570
1#
1$
1%
1&
1'
1(
1)
1*
1+
1,
1-
1.
1/
10
11
#17571
0#
#17574
1#
#17575
0#
#17578
1#
#17579
0#
#17582
1#
#17583
0#
#17586
1#
#17587
0#
#17590
1#
#17591
0#
#17594
1#
#17595
0#
#17598
1#
#17599
0#
#17602
1#
#17603
0#
#17606
1#
#17607
0#
#17610
1#
0$
0%
0&
0'
0(
0)
0*
0+
0,
0-
0.
0/
00
01
#17611
0#
#17614
1#
#17615
0#
#17618
1#
#17619
0#
#17622
1#
#17623
0#
#17626
1#
#17627
0#
#17630
1#
#17631
0#
#17634
1#
#17635
0#
#17638
1#
#17639
0#
#17642
1#
#17643
0#
#17646
1#
#17647
0#
#17650
1#
1$
1%
1&
1'
1(
1)
1*
1+
1,
1-
1.
1/
10
11
#17651
0#
#17654
1#
#17655
0#
#17658
1#
#17659
0#
#17662
1#
#17663
0#
#17666
1#
#17667
0#
#17670
1#
0$
0%
0&
0'
0(
0)
0*
0+
0,
0-
0.
0/
00
01
#17671
0#
#17674
1#
#17675
0#
#17678
1#
#17679
0#
#17682
1#
#17683
0#
#17686
1#
#17687
0#
#17690
1#
1$
1%
1&
1'
1(
1)
1*
1+
1,
1-
1.
1/
10
11
#17691
0#
#17694
1#
#17695
0#
#17698
1#
#17699
0#
#17702
1#
#17703
0#
#17706
1#
#17707
0#
#17710
1#
#17711
0#
#17714
1#
#17715
0#
#17718
1#
#17719
0#
#17722
1#
#17723
0#
#17726
1#
#17727
0#
#17730
1#
0$
0%
0&
0'
0(
0)
0*
0+
0,
0-
0.
0/
00
01
#17731
0#
#17734
1#
#17735
0#
#17738
1#
#17739
0#
#17742
1#
#17743
0#
#17746
1#
#17747
0#
#17750
1#
1$
1%
1&
1'
1(
1)
1*
1+
1,
1-
1.
1/
10
11
#17751
0#
#17754
1#
#17755
0#
#17758
1#
#17759
0#
#17762
1#
#17763
0#
#17766
1#
#17767
0#
#17770
1#
0$
0%
0&
0'
0(
0)
0*
0+
0,
0-
0.
0/
00
01
#17771
0#
#17774
1#
#17775
0#
#17778
1#
#17779
0#
#17782
1#
#17783
0#
#17786
1#
#17787
0#
#17790
1#
1$
1%
1&
1'
1(
1)
1*
1+
1,
1-
1.
1/
10
11
#17791
0#
#17794
1#
#17795
0#
#17798
1#
#17799
0#
#17802
1#
#17803
0#
#17806
1#
#17807
0#
#17810
1#
#17811
0#
#17814
1#
#17815
0#
#17818
1#
#17819
0#
#17822
1#
#17823
0#
#17826
1#
#17827
0#
#17830
1#
0$
0%
0&
0'
0(
0)
0*
0+
0,
0-
0.
0/
00
01
#17831
0#
#17834
1#
#17835
0#
#17838
1#
#17839
0#
#17842
1#
#17843
0#
#17846
1#
#17847
0#
#17849
1@
#17850
1#
1$
1%
1&
1'
1(
1)
1*
1+
1,
1-
1.
1/
10
11
0@
#17851
0#
#17854
1#
#17855
0#
#17858
1#
#17859
0#
#17862
1#
#17863
0#
#17866
1#
#17867
0#
#17870
1#
0$
0%
0&
0'
0(
0)
0*
0+
0,
0-
0.
0/
00
01
#17871
0#
#17874
1#
#17875
0#
#17878
1#
#17879
0#
#17882
1#
#17883
0#
#17886
1#
#17887
0#
#17890
1#
1$
1%
1&
1'
1(
1)
1*
1+
1,
1-
1.
1/
10
11
#17891
0#
#17894
1#
#17895
0#
#17898
1#
#17899
0#
#17902
1#
#17903
0#
#17906
1#
#17907
0#
#17910
1#
#17911
0#
#17914
1#
#17915
0#
#17918
1#
#17919
0#
#17922
1#
#17923
0#
#17926
1#
#17927
0#
#17930
1#
0$
0%
0&
0'
0(
0)
0*
0+
0,
0-
0.
0/
00
01
#17931
0#
#17934
1#
#17935
0#
#17938
1#
#17939
0#
#17942
1#
#17943
0#
#17946
1#
#17947
0#
#17950
1#
#17951
0#
#17954
1#
#17955
0#
#17958
1#
#17959
0#
#17962
1#
#17963
0#
#17966
1#
#17967
0#
#17970
1#
1$
1%
1&
1'
1(
1)
1*
1+
1,
1-
1.
1/
10
11
#17971
0#
#17974
1#
#17975
0#
#17978
1#
#17979
0#
#17982
1#
#17983
0#
#17986
1#
#17987
0#
#17990
1#
0$
0%
0&
0'
0(
0)
0*
0+
0,
0-
0.
0/
00
01
#17991
0#
#17994
1#
#17995
0#
#17998
1#
#17999
0#
#18002
1#
#18003
0#
#18006
1#
#18007
0#
#18010
1#
1$
1%
1&
1'
1(
1)
1*
1+
1,
1-
1.
1/
10
11
#18011
0#
#18014
1#
#18015
0#
#18018
1#
#18019
0#
#18022
1#
#18023
0#
#18026
1#
#18027
0#
#18030
1#
#18031
0#
#18034
1#
#18035
0#
#18038
1#
#18039
0#
#18042
1#
#18043
0#
#18046
1#
#18047
0#
#18050
1#
0$
0%
0&
0'
0(
0)
0*
0+
0,
0-
0.
0/
00
01
#18051
0#
#18054
1#
#18055
0#
#18058
1#
#18059
0#
#18062
1#
#18063
0#
#18066
1#
#18067
0#
#18070
1#
1$
1%
1&
1'
1(
1)
1*
1+
1,
1-
1.
1/
10
11
#18071
0#
#18074
1#
#18075
0#
#18078
1#
#18079
0#
#18082
1#
#18083
0#
#18086
1#
#18087
0#
#18090
1#
0$
0%
0&
0'
0(
0)
0*
0+
0,
0-
0.
0/
00
01
#18091
0#
#18094
1#
#18095
0#
#18098
1#
#18099
0#
#18102
1#
#18103
0#
#18106
1#
#18107
0#
#18110
1#
1$
1%
1&
1'
1(
1)
1*
1+
1,
1-
1.
1/
10
11
#18111
0#
#18114
1#
#18115
0#
#18118
1#
#18119
0#
#18122
1#
#18123
0#
#18126
1#
#18127
0#
#18130
1#
#18131
0#
#18134
1#
#18135
0#
#18138
1#
#18139
0#
#18142
1#
#18143
0#
#18146
1#
#18147
0#
#18150
1#
0$
0%
0&
0'
0(
0)
0*
0+
0,
0-
0.
0/
00
01
#18151
0#
#18154
1#
#18155
0#
#18158
1#
#18159
0#
#18162
1#
#18163
0#
#18166
1#
#18167
0#
#18169
1@
#18170
1#
1$
1%
1&
1'
1(
1)
1*
1+
1,
1-
1.
1/
10
11
0@
#18171
0#
#18174
1#
#18175
0#
#18178
1#
#18179
0#
#18182
1#
#18183
0#
#18186
1#
#18187
0#
#18190
1#
0$
0%
0&
0'
0(
0)
0*
0+
0,
0-
0.
0/
00
01
#18191
0#
#18194
1#
#18195
0#
#18198
1#
#18199
0#
#18202
1#
#18203
0#
#18206
1#
#18207
0#
#18210
1#
1$
1%
1&
1'
1(
1)
1*
1+
1,
1-
1.
1/
10
11
#18211
0#
#18214
1#
#18215
0#
#18218
1#
#18219
0#
#18222
1#
#18223
0#
#18226
1#
#18227
0#
#18230
1#
#18231
0#
#18234
1#
#18235
0#
#18238
1#
#18239
0#
#18242
1#
#18243
0#
#18246
1#
#18247
0#
#18250
1#
0$
0%
0&
0'
0(
0)
0*
0+
0,
0-
0.
0/
00
01
#18251
0#
#18254
1#
#18255
0#
#18258
1#
#18259
0#
#18262
1#
#18263
0#
#18266
1#
#18267
0#
#18270
1#
#18271
0#
#18274
1#
#18275
0#
#18278
1#
#18279
0#
#18282
1#
#18283
0#
#18286
1#
#18287
0#
#18290
1#
1$
1%
1&
1'
1(
1)
1*
1+
1,
1-
1.
1/
10
11
#18291
0#
#18294
1#
#18295
0#
#18298
1#
#18299
0#
#18302
1#
#18303
0#
#18306
1#
#18307
0#
#18310
1#
0$
0%
0&
0'
0(
0)
0*
0+
0,
0-
0.
0/
00
01
#18311
0#
#18314
1#
#18315
0#
#18318
1#
#18319
0#
#18322
1#
#18323
0#
#18326
1#
#18327
0#
#18330
1#
1$
1%
1&
1'
1(
1)
1*
1+
1,
1-
1.
1/
10
11
#18331
0#
#18334
1#
#18335
0#
#18338
1#
#18339
0#
#18342
1#
#18343
0#
#18346
1#
#18347
0#
#18350
1#
#18351
0#
#18354
1#
#18355
0#
#18358
1#
#18359
0#
#18362
1#
#18363
0#
#18366
1#
#18367
0#
#18370
1#
0$
0%
0&
0'
0(
0)
0*
0+
0,
0-
0.
0/
00
01
#18371
0#
#18374
1#
#18375
0#
#18378
1#
#18379
0#
#18382
1#
#18383
0#
#18386
1#
#18387
0#
#18390
1#
1$
1%
1&
1'
1(
1)
1*
1+
1,
1-
1.
1/
10
11
#18391
0#
#18394
1#
#18395
0#
#18398
1#
#18399
0#
#18402
1#
#18403
0#
#18406
1#
#18407
0#
#18410
1#
0$
0%
0&
0'
0(
0)
0*
0+
0,
0-
0.
0/
00
01
#18411
0#
#18414
1#
#18415
0#
#18418
1#
#18419
0#
#18422
1#
#18423
0#
#18426
1#
#18427
0#
#18430
1#
1$
1%
1&
1'
1(
1)
1*
1+
1,
1-
1.
1/
10
11
#18431
0#
#18434
1#
#18435
0#
#18438
1#
#18439
0#
#18442
1#
#18443
0#
#18446
1#
#18447
0#
#18450
1#
#18451
0#
#18454
1#
#18455
0#
#18458
1#
#18459
0#
#18462
1#
#18463
0#
#18466
1#
#18467
0#
#18470
1#
0$
0%
0&
0'
0(
0)
0*
0+
0,
0-
0.
0/
00
01
#18471
0#
#18474
1#
#18475
0#
#18478
1#
#18479
0#
#18482
1#
#18483
0#
#18486
1#
#18487
0#
#18489
1@
#18490
1#
1$
1%
1&
1'
1(
1)
1*
1+
1,
1-
1.
1/
10
11
0@
#18491
0#
#18494
1#
#18495
0#
#18498
1#
#18499
0#
#18502
1#
#18503
0#
#18506
1#
#18507
0#
#18510
1#
0$
0%
0&
0'
0(
0)
0*
0+
0,
0-
0.
0/
00
01
#18511
0#
#18514
1#
#18515
0#
#18518
1#
#18519
0#
#18522
1#
#18523
0#
#18526
1#
#18527
0#
#18530
1#
1$
1%
1&
1'
1(
1)
1*
1+
1,
1-
1.
1/
10
11
#18531
0#
#18534
1#
#18535
0#
#18538
1#
#18539
0#
#18542
1#
#18543
0#
#18546
1#
#18547
0#
#18550
1#
#18551
0#
#18554
1#
#18555
0#
#18558
1#
#18559
0#
#18562
1#
#18563
0#
#18566
1#
#18567
0#
#18570
1#
0$
0%
0&
0'
0(
0)
0*
0+
0,
0-
0.
0/
00
01
#18571
0#
#18574
1#
#18575
0#
#18578
1#
#18579
0#
#18582
1#
#18583
0#
#18586
1#
#18587
0#
#18590
1#
#18591
0#
#18594
1#
#18595
0#
#18598
1#
#18599
0#
#18602
1#
#18603
0#
#18606
1#
#18607
0#
#18610
1#
1$
1%
1&
1'
1(
1)
1*
1+
1,
1-
1.
1/
10
11
#18611
0#
#18614
1#
#18615
0#
#18618
1#
#18619
0#
#18622
1#
#18623
0#
#18626
1#
#18627
0#
#18630
1#
0$
0%
0&
0'
0(
0)
0*
0+
0,
0-
0.
0/
00
01
#18631
0#
#18634
1#
#18635
0#
#18638
1#
#18639
0#
#18642
1#
#18643
0#
#18646
1#
#18647
0#
#18650
1#
1$
1%
1&
1'
1(
1)
1*
1+
1,
1-
1.
1/
10
11
#18651
0#
#18654
1#
#18655
0#
#18658
1#
#18659
0#
#18662
1#
#18663
0#
#18666
1#
#18667
0#
#18670
1#
#18671
0#
#18674
1#
#18675
0#
#18678
1#
#18679
0#
#18682
1#
#18683
0#
#18686
1#
#18687
0#
#18690
1#
0$
0%
0&
0'
0(
0)
0*
0+
0,
0-
0.
0/
00
01
#18691
0#
#18694
1#
#18695
0#
#18698
1#
#18699
0#
#18702
1#
#18703
0#
#18706
1#
#18707
0#
#18710
1#
1$
1%
1&
1'
1(
1)
1*
1+
1,
1-
1.
1/
10
11
#18711
0#
#18714
1#
#18715
0#
#18718
1#
#18719
0#
#18722
1#
#18723
0#
#18726
1#
#18727
0#
#18730
1#
0$
0%
0&
0'
0(
0)
0*
0+
0,
0-
0.
0/
00
01
#18731
0#
#18734
1#
#18735
0#
#18738
1#
#18739
0#
#18742
1#
#18743
0#
#18746
1#
#18747
0#
#18750
1#
1$
1%
1&
1'
1(
1)
1*
1+
1,
1-
1.
1/
10
11
#18751
0#
#18754
1#
#18755
0#
#18758
1#
#18759
0#
#18762
1#
#18763
0#
#18766
1#
#18767
0#
#18770
1#
#18771
0#
#18774
1#
#18775
0#
#18778
1#
#18779
0#
#18782
1#
#18783
0#
#18786
1#
#18787
0#
#18790
1#
0$
0%
0&
0'
0(
0)
0*
0+
0,
0-
0.
0/
00
01
#18791
0#
#18794
1#
#18795
0#
#18798
1#
#18799
0#
#18802
1#
#18803
0#
#18806
1#
#18807
0#
#18809
1@
#18810
1#
1$
1%
1&
1'
1(
1)
1*
1+
1,
1-
1.
1/
10
11
0@
#18811
0#
#18814
1#
#18815
0#
#18818
1#
#18819
0#
#18822
1#
#18823
0#
#18826
1#
#18827
0#
#18830
1#
0$
0%
0&
0'
0(
0)
0*
0+
0,
0-
0.
0/
00
01
#18831
0#
#18834
1#
#18835
0#
#18838
1#
#18839
0#
#18842
1#
#18843
0#
#18846
1#
#18847
0#
#18850
1#
1$
1%
1&
1'
1(
1)
1*
1+
1,
1-
1.
1/
10
11
#18851
0#
#18854
1#
#18855
0#
#18858
1#
#18859
0#
#18862
1#
#18863
0#
#18866
1#
#18867
0#
#18870
1#
#18871
0#
#18874
1#
#18875
0#
#18878
1#
#18879
0#
#18882
1#
#18883
0#
#18886
1#
#18887
0#
#18890
1#
0$
0%
0&
0'
0(
0)
0*
0+
0,
0-
0.
0/
00
01
#18891
0#
#18894
1#
#18895
0#
#18898
1#
#18899
0#
#18902
1#
#18903
0#
#18906
1#
#18907
0#
#18910
1#
#18911
0#
#18914
1#
#18915
0#
#18918
1#
#18919
0#
#18922
1#
#18923
0#
#18926
1#
#18927
0#
#18930
1#
1$
1%
1&
1'
1(
1)
1*
1+
1,
1-
1.
1/
10
11
#18931
0#
#18934
1#
#18935
0#
#18938
1#
#18939
0#
#18942
1#
#18943
0#
#18946
1#
#18947
0#
#18950
1#
0$
0%
0&
0'
0(
0)
0*
0+
0,
0-
0.
0/
00
01
#18951
0#
#18954
1#
#18955
0#
#18958
1#
#18959
0#
#18962
1#
#18963
0#
#18966
1#
#18967
0#
#18970
1#
1$
1%
1&
1'
1(
1)
1*
1+
1,
1-
1.
1/
10
11
#18971
0#
#18974
1#
#18975
0#
#18978
1#
#18979
0#
#18982
1#
#18983
0#
#18986
1#
#18987
0#
#18990
1#
#18991
0#
#18994
1#
#18995
0#
#18998
1#
#18999
0#
#19002
1#
#19003
0#
#19006
1#
#19007
0#
#19010
1#
0$
0%
0&
0'
0(
0)
0*
0+
0,
0-
0.
0/
00
01
#19011
0#
#19014
1#
#19015
0#
#19018
1#
#19019
0#
#19022
1#
#19023
0#
#19026
1#
#19027
0#
#19030
1#
1$
1%
1&
1'
1(
1)
1*
1+
1,
1-
1.
1/
10
11
#19031
0#
#19034
1#
#19035
0#
#19038
1#
#19039
0#
#19042
1#
#19043
0#
#19046
1#
#19047
0#
#19050
1#
0$
0%
0&
0'
0(
0)
0*
0+
0,
0-
0.
0/
00
01
#19051
0#
#19054
1#
#19055
0#
#19058
1#
#19059
0#
#19062
1#
#19063
0#
#19066
1#
#19067
0#
#19070
1#
1$
1%
1&
1'
1(
1)
1*
1+
1,
1-
1.
1/
10
11
#19071
0#
#19074
1#
#19075
0#
#19078
1#
#19079
0#
#19082
1#
#19083
0#
#19086
1#
#19087
0#
#19090
1#
#19091
0#
#19094
1#
#19095
0#
#19098
1#
#19099
0#
#19102
1#
#19103
0#
#19106
1#
#19107
0#
#19110
1#
0$
0%
0&
0'
0(
0)
0*
0+
0,
0-
0.
0/
00
01
#19111
0#
#19114
1#
#19115
0#
#19118
1#
#19119
0#
#19122
1#
#19123
0#
#19126
1#
#19127
0#
#19129
1@
#19130
1#
1$
1%
1&
1'
1(
1)
1*
1+
1,
1-
1.
1/
10
11
0@
#19131
0#
#19134
1#
#19135
0#
#19138
1#
#19139
0#
#19142
1#
#19143
0#
#19146
1#
#19147
0#
#19150
1#
0$
0%
0&
0'
0(
0)
0*
0+
0,
0-
0.
0/
00
01
#19151
0#
#19154
1#
#19155
0#
#19158
1#
#19159
0#
#19162
1#
#19163
0#
#19166
1#
#19167
0#
#19170
1#
1$
1%
1&
1'
1(
1)
1*
1+
1,
1-
1.
1/
10
11
#19171
0#
#19174
1#
#19175
0#
#19178
1#
#19179
0#
#19182
1#
#19183
0#
#19186
1#
#19187
0#
#19190
1#
#19191
0#
#19194
1#
#19195
0#
#19198
1#
#19199
0#
#19202
1#
#19203
0#
#19206
1#
#19207
0#
#19210
1#
0$
0%
0&
0'
0(
0)
0*
0+
0,
0-
0.
0/
00
01
#19211
0#
#19214
1#
#19215
0#
#19218
1#
#19219
0#
#19222
1#
#19223
0#
#19226
1#
#19227
0#
#19230
1#
#19231
0#
#19234
1#
#19235
0#
#19238
1#
#19239
0#
#19242
1#
#19243
0#
#19246
1#
#19247
0#
#19250
1#
1$
1%
1&
1'
1(
1)
1*
1+
1,
1-
1.
1/
10
11
#19251
0#
#19254
1#
#19255
0#
#19258
1#
#19259
0#
#19262
1#
#19263
0#
#19266
1#
#19267
0#
#19270
1#
0$
0%
0&
0'
0(
0)
0*
0+
0,
0-
0.
0/
00
01
#19271
0#
#19274
1#
#19275
0#
#19278
1#
#19279
0#
#19282
1#
#19283
0#
#19286
1#
#19287
0#
#19290
1#
1$
1%
1&
1'
1(
1)
1*
1+
1,
1-
1.
1/
10
11
#19291
0#
#19294
1#
#19295
0#
#19298
1#
#19299
0#
#19302
1#
#19303
0#
#19306
1#
#19307
0#
#19310
1#
#19311
0#
#19314
1#
#19315
0#
#19318
1#
#19319
0#
#19322
1#
#19323
0#
#19326
1#
#19327
0#
#19330
1#
0$
0%
0&
0'
0(
0)
0*
0+
0,
0-
0.
0/
00
01
#19331
0#
#19334
1#
#19335
0#
#19338
1#
#19339
0#
#19342
1#
#19343
0#
#19346
1#
#19347
0#
#19350
1#
1$
1%
1&
1'
1(
1)
1*
1+
1,
1-
1.
1/
10
11
#19351
0#
#19354
1#
#19355
0#
#19358
1#
#19359
0#
#19362
1#
#19363
0#
#19366
1#
#19367
0#
#19370
1#
0$
0%
0&
0'
0(
0)
0*
0+
0,
0-
0.
0/
00
01
#19371
0#
#19374
1#
#19375
0#
#19378
1#
#19379
0#
#19382
1#
#19383
0#
#19386
1#
#19387
0#
#19390
1#
1$
1%
1&
1'
1(
1)
1*
1+
1,
1-
1.
1/
10
11
#19391
0#
#19394
1#
#19395
0#
#19398
1#
#19399
0#
#19402
1#
#19403
0#
#19406
1#
#19407
0#
#19410
1#
#19411
0#
#19414
1#
#19415
0#
#19418
1#
#19419
0#
#19422
1#
#19423
0#
#19426
1#
#19427
0#
#19430
1#
0$
0%
0&
0'
0(
0)
0*
0+
0,
0-
0.
0/
00
01
#19431
0#
#19434
1#
#19435
0#
#19438
1#
#19439
0#
#19442
1#
#19443
0#
#19446
1#
#19447
0#
#19449
1@
#19450
1#
1$
1%
1&
1'
1(
1)
1*
1+
1,
1-
1.
1/
10
11
0@
#19451
0#
#19454
1#
#19455
0#
#19458
1#
#19459
0#
#19462
1#
#19463
0#
#19466
1#
#19467
0#
#19470
1#
0$
0%
0&
0'
0(
0)
0*
0+
0,
0-
0.
0/
00
01
#19471
0#
#19474
1#
#19475
0#
#19478
1#
#19479
0#
#19482
1#
#19483
0#
#19486
1#
#19487
0#
#19490
1#
1$
1%
1&
1'
1(
1)
1*
1+
1,
1-
1.
1/
10
11
#19491
0#
#19494
1#
#19495
0#
#19498
1#
#19499
0#
#19502
1#
#19503
0#
#19506
1#
#19507
0#
#19510
1#
#19511
0#
#19514
1#
#19515
0#
#19518
1#
#19519
0#
#19522
1#
#19523
0#
#19526
1#
#19527
0#
#19530
1#
0$
0%
0&
0'
0(
0)
0*
0+
0,
0-
0.
0/
00
01
#19531
0#
#19534
1#
#19535
0#
#19538
1#
#19539
0#
#19542
1#
#19543
0#
#19546
1#
#19547
0#
#19550
1#
#19551
0#
#19554
1#
#19555
0#
#19558
1#
#19559
0#
#19562
1#
#19563
0#
#19566
1#
#19567
0#
#19570
1#
1$
1%
1&
1'
1(
1)
1*
1+
1,
1-
1.
1/
10
11
#19571
0#
#19574
1#
#19575
0#
#19578
1#
#19579
0#
#19582
1#
#19583
0#
#19586
1#
#19587
0#
#19590
1#
0$
0%
0&
0'
0(
0)
0*
0+
0,
0-
0.
0/
00
01
#19591
0#
#19594
1#
#19595
0#
#19598
1#
#19599
0#
#19602
1#
#19603
0#
#19606
1#
#19607
0#
#19610
1#
1$
1%
1&
1'
1(
1)
1*
1+
1,
1-
1.
1/
10
11
#19611
0#
#19614
1#
#19615
0#
#19618
1#
#19619
0#
#19622
1#
#19623
0#
#19626
1#
#19627
0#
#19630
1#
#19631
0#
#19634
1#
#19635
0#
#19638
1#
#19639
0#
#19642
1#
#19643
0#
#19646
1#
#19647
0#
#19650
1#
0$
0%
0&
0'
0(
0)
0*
0+
0,
0-
0.
0/
00
01
#19651
0#
#19654
1#
#19655
0#
#19658
1#
#19659
0#
#19662
1#
#19663
0#
#19666
1#
#19667
0#
#19670
1#
1$
1%
1&
1'
1(
1)
1*
1+
1,
1-
1.
1/
10
11
#19671
0#
#19674
1#
#19675
0#
#19678
1#
#19679
0#
#19682
1#
#19683
0#
#19686
1#
#19687
0#
#19690
1#
0$
0%
0&
0'
0(
0)
0*
0+
0,
0-
0.
0/
00
01
#19691
0#
#19694
1#
#19695
0#
#19698
1#
#19699
0#
#19702
1#
#19703
0#
#19706
1#
#19707
0#
#19710
1#
1$
1%
1&
1'
1(
1)
1*
1+
1,
1-
1.
1/
10
11
#19711
0#
#19714
1#
#19715
0#
#19718
1#
#19719
0#
#19722
1#
#19723
0#
#19726
1#
#19727
0#
#19730
1#
#19731
0#
#19734
1#
#19735
0#
#19738
1#
#19739
0#
#19742
1#
#19743
0#
#19746
1#
#19747
0#
#19750
1#
0$
0%
0&
0'
0(
0)
0*
0+
0,
0-
0.
0/
00
01
#19751
0#
#19754
1#
#19755
0#
#19758
1#
#19759
0#
#19762
1#
#19763
0#
#19766
1#
#19767
0#
#19769
1@
#19770
1#
1$
1%
1&
1'
1(
1)
1*
1+
1,
1-
1.
1/
10
11
0@
#19771
0#
#19774
1#
#19775
0#
#19778
1#
#19779
0#
#19782
1#
#19783
0#
#19786
1#
#19787
0#
#19790
1#
0$
0%
0&
0'
0(
0)
0*
0+
0,
0-
0.
0/
00
01
#19791
0#
#19794
1#
#19795
0#
#19798
1#
#19799
0#
#19802
1#
#19803
0#
#19806
1#
#19807
0#
#19810
1#
1$
1%
1&
1'
1(
1)
1*
1+
1,
1-
1.
1/
10
11
#19811
0#
#19814
1#
#19815
0#
#19818
1#
#19819
0#
#19822
1#
#19823
0#
#19826
1#
#19827
0#
#19830
1#
#19831
0#
#19834
1#
#19835
0#
#19838
1#
#19839
0#
#19842
1#
#19843
0#
#19846
1#
#19847
0#
#19850
1#
0$
0%
0&
0'
0(
0)
0*
0+
0,
0-
0.
0/
00
01
#19851
0#
#19854
1#
#19855
0#
#19858
1#
#19859
0#
#19862
1#
#19863
0#
#19866
1#
#19867
0#
#19870
1#
#19871
0#
#19874
1#
#19875
0#
#19878
1#
#19879
0#
#19882
1#
#19883
0#
#19886
1#
#19887
0#
#19890
1#
1$
1%
1&
1'
1(
1)
1*
1+
1,
1-
1.
1/
10
11
#19891
0#
#19894
1#
#19895
0#
#19898
1#
#19899
0#
#19902
1#
#19903
0#
#19906
1#
#19907
0#
#19910
1#
0$
0%
0&
0'
0(
0)
0*
0+
0,
0-
0.
0/
00
01
#19911
0#
#19914
1#
#19915
0#
#19918
1#
#19919
0#
#19922
1#
#19923
0#
#19926
1#
#19927
0#
#19930
1#
1$
1%
1&
1'
1(
1)
1*
1+
1,
1-
1.
1/
10
11
#19931
0#
#19934
1#
#19935
0#
#19938
1#
#19939
0#
#19942
1#
#19943
0#
#19946
1#
#19947
0#
#19950
1#
#19951
0#
#19954
1#
#19955
0#
#19958
1#
#19959
0#
#19962
1#
#19963
0#
#19966
1#
#19967
0#
#19970
1#
0$
0%
0&
0'
0(
0)
0*
0+
0,
0-
0.
0/
00
01
#19971
0#
#19974
1#
#19975
0#
#19978
1#
#19979
0#
#19982
1#
#19983
0#
#19986
1#
#19987
0#
#19990
1#
1$
1%
1&
1'
1(
1)
1*
1+
1,
1-
1.
1/
10
11
#19991
0#
#19994
1#
#19995
0#
#19998
1#
#19999
0#
#20002
1#
#20003
0#
#20006
1#
#20007
0#
#20010
1#
0$
0%
0&
0'
0(
0)
0*
0+
0,
0-
0.
0/
00
01
#20011
0#
#20014
1#
#20015
0#
#20018
1#
#20019
0#
#20022
1#
#20023
0#
#20026
1#
#20027
0#
#20030
1#
1$
1%
1&
1'
1(
1)
1*
1+
1,
1-
1.
1/
10
11
#20031
0#
#20034
1#
#20035
0#
#20038
1#
#20039
0#
#20042
1#
#20043
0#
#20046
1#
#20047
0#
#20050
1#
#20051
0#
#20054
1#
#20055
0#
#20058
1#
#20059
0#
#20062
1#
#20063
0#
#20066
1#
#20067
0#
#20070
1#
0$
0%
0&
0'
0(
0)
0*
0+
0,
0-
0.
0/
00
01
#20071
0#
#20074
1#
#20075
0#
#20078
1#
#20079
0#
#20082
1#
#20083
0#
#20086
1#
#20087
0#
#20089
1@
#20090
1#
1$
1%
1&
1'
1(
1)
1*
1+
1,
1-
1.
1/
10
11
0@
#20091
0#
#20094
1#
#20095
0#
#20098
1#
#20099
0#
#20102
1#
#20103
0#
#20106
1#
#20107
0#
#20110
1#
0$
0%
0&
0'
0(
0)
0*
0+
0,
0-
0.
0/
00
01
#20111
0#
#20114
1#
#20115
0#
#20118
1#
#20119
0#
#20122
1#
#20123
0#
#20126
1#
#20127
0#
#20130
1#
1$
1%
1&
1'
1(
1)
1*
1+
1,
1-
1.
1/
10
11
#20131
0#
#20134
1#
#20135
0#
#20138
1#
#20139
0#
#20142
1#
#20143
0#
#20146
1#
#20147
0#
#20150
1#
#20151
0#
#20154
1#
#20155
0#
#20158
1#
#20159
0#
#20162
1#
#20163
0#
#20166
1#
#20167
0#
#20170
1#
0$
0%
0&
0'
0(
0)
0*
0+
0,
0-
0.
0/
00
01
#20171
0#
#20174
1#
#20175
0#
#20178
1#
#20179
0#
#20182
1#
#20183
0#
#20186
1#
#20187
0#
#20190
1#
#20191
0#
#20194
1#
#20195
0#
#20198
1#
#20199
0#
#20202
1#
#20203
0#
#20206
1#
#20207
0#
#20210
1#
1$
1%
1&
1'
1(
1)
1*
1+
1,
1-
1.
1/
10
11
#20211
0#
#20214
1#
#20215
0#
#20218
1#
#20219
0#
#20222
1#
#20223
0#
#20226
1#
#20227
0#
#20230
1#
0$
0%
0&
0'
0(
0)
0*
0+
0,
0-
0.
0/
00
01
#20231
0#
#20234
1#
#20235
0#
#20238
1#
#20239
0#
#20242
1#
#20243
0#
#20246
1#
#20247
0#
#20250
1#
1$
1%
1&
1'
1(
1)
1*
1+
1,
1-
1.
1/
10
11
#20251
0#
#20254
1#
#20255
0#
#20258
1#
#20259
0#
#20262
1#
#20263
0#
#20266
1#
#20267
0#
#20270
1#
#20271
0#
#20274
1#
#20275
0#
#20278
1#
#20279
0#
#20282
1#
#20283
0#
#20286
1#
#20287
0#
#20290
1#
0$
0%
0&
0'
0(
0)
0*
0+
0,
0-
0.
0/
00
01
#20291
0#
#20294
1#
#20295
0#
#20298
1#
#20299
0#
#20302
1#
#20303
0#
#20306
1#
#20307
0#
#20310
1#
1$
1%
1&
1'
1(
1)
1*
1+
1,
1-
1.
1/
10
11
#20311
0#
#20314
1#
#20315
0#
#20318
1#
#20319
0#
#20322
1#
#20323
0#
#20326
1#
#20327
0#
#20330
1#
0$
0%
0&
0'
0(
0)
0*
0+
0,
0-
0.
0/
00
01
#20331
0#
#20334
1#
#20335
0#
#20338
1#
#20339
0#
#20342
1#
#20343
0#
#20346
1#
#20347
0#
#20350
1#
1$
1%
1&
1'
1(
1)
1*
1+
1,
1-
1.
1/
10
11
#20351
0#
#20354
1#
#20355
0#
#20358
1#
#20359
0#
#20362
1#
#20363
0#
#20366
1#
#20367
0#
#20370
1#
#20371
0#
#20374
1#
#20375
0#
#20378
1#
#20379
0#
#20382
1#
#20383
0#
#20386
1#
#20387
0#
#20390
1#
0$
0%
0&
0'
0(
0)
0*
0+
0,
0-
0.
0/
00
01
#20391
0#
#20394
1#
#20395
0#
#20398
1#
#20399
0#
#20402
1#
#20403
0#
#20406
1#
#20407
0#
#20409
1@
#20410
1#
1$
1%
1&
1'
1(
1)
1*
1+
1,
1-
1.
1/
10
11
0@
#20411
0#
#20414
1#
#20415
0#
#20418
1#
#20419
0#
#20422
1#
#20423
0#
#20426
1#
#20427
0#
#20430
1#
0$
0%
0&
0'
0(
0)
0*
0+
0,
0-
0.
0/
00
01
#20431
0#
#20434
1#
#20435
0#
#20438
1#
#20439
0#
#20442
1#
#20443
0#
#20446
1#
#20447
0#
#20450
1#
1$
1%
1&
1'
1(
1)
1*
1+
1,
1-
1.
1/
10
11
#20451
0#
#20454
1#
#20455
0#
#20458
1#
#20459
0#
#20462
1#
#20463
0#
#20466
1#
#20467
0#
#20470
1#
#20471
0#
#20474
1#
#20475
0#
#20478
1#
#20479
0#
#20482
1#
#20483
0#
#20486
1#
#20487
0#
#20490
1#
0$
0%
0&
0'
0(
0)
0*
0+
0,
0-
0.
0/
00
01
#20491
0#
#20494
1#
#20495
0#
#20498
1#
#20499
0#
#20502
1#
#20503
0#
#20506
1#
#20507
0#
#20510
1#
#20511
0#
#20514
1#
#20515
0#
#20518
1#
#20519
0#
#20522
1#
#20523
0#
#20526
1#
#20527
0#
#20530
1#
1$
1%
1&
1'
1(
1)
1*
1+
1,
1-
1.
1/
10
11
#20531
0#
#20534
1#
#20535
0#
#20538
1#
#20539
0#
#20542
1#
#20543
0#
#20546
1#
#20547
0#
#20550
1#
0$
0%
0&
0'
0(
0)
0*
0+
0,
0-
0.
0/
00
01
#20551
0#
#20554
1#
#20555
0#
#20558
1#
#20559
0#
#20562
1#
#20563
0#
#20566
1#
#20567
0#
#20570
1#
1$
1%
1&
1'
1(
1)
1*
1+
1,
1-
1.
1/
10
11
#20571
0#
#20574
1#
#20575
0#
#20578
1#
#20579
0#
#20582
1#
#20583
0#
#20586
1#
#20587
0#
#20590
1#
#20591
0#
#20594
1#
#20595
0#
#20598
1#
#20599
0#
#20602
1#
#20603
0#
#20606
1#
#20607
0#
#20610
1#
0$
0%
0&
0'
0(
0)
0*
0+
0,
0-
0.
0/
00
01
#20611
0#
#20614
1#
#20615
0#
#20618
1#
#20619
0#
#20622
1#
#20623
0#
#20626
1#
#20627
0#
#20630
1#
1$
1%
1&
1'
1(
1)
1*
1+
1,
1-
1.
1/
10
11
#20631
0#
#20634
1#
#20635
0#
#20638
1#
#20639
0#
#20642
1#
#20643
0#
#20646
1#
#20647
0#
#20650
1#
0$
0%
0&
0'
0(
0)
0*
0+
0,
0-
0.
0/
00
01
#20651
0#
#20654
1#
#20655
0#
#20658
1#
#20659
0#
#20662
1#
#20663
0#
#20666
1#
#20667
0#
#20670
1#
1$
1%
1&
1'
1(
1)
1*
1+
1,
1-
1.
1/
10
11
#20671
0#
#20674
1#
#20675
0#
#20678
1#
#20679
0#
#20682
1#
#20683
0#
#20686
1#
#20687
0#
#20690
1#
#20691
0#
#20694
1#
#20695
0#
#20698
1#
#20699
0#
#20702
1#
#20703
0#
#20706
1#
#20707
0#
#20710
1#
0$
0%
0&
0'
0(
0)
0*
0+
0,
0-
0.
0/
00
01
#20711
0#
#20714
1#
#20715
0#
#20718
1#
#20719
0#
#20722
1#
#20723
0#
#20726
1#
#20727
0#
#20729
1@
#20730
1#
1$
1%
1&
1'
1(
1)
1*
1+
1,
1-
1.
1/
10
11
0@
#20731
0#
#20734
1#
#20735
0#
#20738
1#
#20739
0#
#20742
1#
#20743
0#
#20746
1#
#20747
0#
#20750
1#
0$
0%
0&
0'
0(
0)
0*
0+
0,
0-
0.
0/
00
01
#20751
0#
#20754
1#
#20755
0#
#20758
1#
#20759
0#
#20762
1#
#20763
0#
#20766
1#
#20767
0#
#20770
1#
1$
1%
1&
1'
1(
1)
1*
1+
1,
1-
1.
1/
10
11
#20771
0#
#20774
1#
#20775
0#
#20778
1#
#20779
0#
#20782
1#
#20783
0#
#20786
1#
#20787
0#
#20790
1#
#20791
0#
#20794
1#
#20795
0#
#20798
1#
#20799
0#
#20802
1#
#20803
0#
#20806
1#
#20807
0#
#20810
1#
0$
0%
0&
0'
0(
0)
0*
0+
0,
0-
0.
0/
00
01
#20811
0#
#20814
1#
#20815
0#
#20818
1#
#20819
0#
#20822
1#
#20823
0#
#20826
1#
#20827
0#
#20830
1#
#20831
0#
#20834
1#
#20835
0#
#20838
1#
#20839
0#
#20842
1#
#20843
0#
#20846
1#
#20847
0#
#20850
1#
1$
1%
1&
1'
1(
1)
1*
1+
1,
1-
1.
1/
10
11
#20851
0#
#20854
1#
#20855
0#
#20858
1#
#20859
0#
#20862
1#
#20863
0#
#20866
1#
#20867
0#
#20870
1#
0$
0%
0&
0'
0(
0)
0*
0+
0,
0-
0.
0/
00
01
#20871
0#
#20874
1#
#20875
0#
#20878
1#
#20879
0#
#20882
1#
#20883
0#
#20886
1#
#20887
0#
#20890
1#
1$
1%
1&
1'
1(
1)
1*
1+
1,
1-
1.
1/
10
11
#20891
0#
#20894
1#
#20895
0#
#20898
1#
#20899
0#
#20902
1#
#20903
0#
#20906
1#
#20907
0#
#20910
1#
#20911
0#
#20914
1#
#20915
0#
#20918
1#
#20919
0#
#20922
1#
#20923
0#
#20926
1#
#20927
0#
#20930
1#
0$
0%
0&
0'
0(
0)
0*
0+
0,
0-
0.
0/
00
01
#20931
0#
#20934
1#
#20935
0#
#20938
1#
#20939
0#
#20942
1#
#20943
0#
#20946
1#
#20947
0#
#20950
1#
1$
1%
1&
1'
1(
1)
1*
1+
1,
1-
1.
1/
10
11
#20951
0#
#20954
1#
#20955
0#
#20958
1#
#20959
0#
#20962
1#
#20963
0#
#20966
1#
#20967
0#
#20970
1#
0$
0%
0&
0'
0(
0)
0*
0+
0,
0-
0.
0/
00
01
#20971
0#
#20974
1#
#20975
0#
#20978
1#
#20979
0#
#20982
1#
#20983
0#
#20986
1#
#20987
0#
#20990
1#
1$
1%
1&
1'
1(
1)
1*
1+
1,
1-
1.
1/
10
11
#20991
0#
#20994
1#
#20995
0#
#20998
1#
#20999
0#
#21002
1#
#21003
0#
#21006
1#
#21007
0#
#21010
1#
#21011
0#
#21014
1#
#21015
0#
#21018
1#
#21019
0#
#21022
1#
#21023
0#
#21026
1#
#21027
0#
#21030
1#
0$
0%
0&
0'
0(
0)
0*
0+
0,
0-
0.
0/
00
01
#21031
0#
#21034
1#
#21035
0#
#21038
1#
#21039
0#
#21042
1#
#21043
0#
#21046
1#
#21047
0#
#21049
1@
#21050
1#
1$
1%
1&
1'
1(
1)
1*
1+
1,
1-
1.
1/
10
11
0@
#21051
0#
#21054
1#
#21055
0#
#21058
1#
#21059
0#
#21062
1#
#21063
0#
#21066
1#
#21067
0#
#21070
1#
0$
0%
0&
0'
0(
0)
0*
0+
0,
0-
0.
0/
00
01
#21071
0#
#21074
1#
#21075
0#
#21078
1#
#21079
0#
#21082
1#
#21083
0#
#21086
1#
#21087
0#
#21090
1#
1$
1%
1&
1'
1(
1)
1*
1+
1,
1-
1.
1/
10
11
#21091
0#
#21094
1#
#21095
0#
#21098
1#
#21099
0#
#21102
1#
#21103
0#
#21106
1#
#21107
0#
#21110
1#
#21111
0#
#21114
1#
#21115
0#
#21118
1#
#21119
0#
#21122
1#
#21123
0#
#21126
1#
#21127
0#
#21130
1#
0$
0%
0&
0'
0(
0)
0*
0+
0,
0-
0.
0/
00
01
#21131
0#
#21134
1#
#21135
0#
#21138
1#
#21139
0#
#21142
1#
#21143
0#
#21146
1#
#21147
0#
#21150
1#
#21151
0#
#21154
1#
#21155
0#
#21158
1#
#21159
0#
#21162
1#
#21163
0#
#21166
1#
#21167
0#
#21170
1#
1$
1%
1&
1'
1(
1)
1*
1+
1,
1-
1.
1/
10
11
#21171
0#
#21174
1#
#21175
0#
#21178
1#
#21179
0#
#21182
1#
#21183
0#
#21186
1#
#21187
0#
#21190
1#
0$
0%
0&
0'
0(
0)
0*
0+
0,
0-
0.
0/
00
01
#21191
0#
#21194
1#
#21195
0#
#21198
1#
#21199
0#
#21202
1#
#21203
0#
#21206
1#
#21207
0#
#21210
1#
1$
1%
1&
1'
1(
1)
1*
1+
1,
1-
1.
1/
10
11
#21211
0#
#21214
1#
#21215
0#
#21218
1#
#21219
0#
#21222
1#
#21223
0#
#21226
1#
#21227
0#
#21230
1#
#21231
0#
#21234
1#
#21235
0#
#21238
1#
#21239
0#
#21242
1#
#21243
0#
#21246
1#
#21247
0#
#21250
1#
0$
0%
0&
0'
0(
0)
0*
0+
0,
0-
0.
0/
00
01
#21251
0#
#21254
1#
#21255
0#
#21258
1#
#21259
0#
#21262
1#
#21263
0#
#21266
1#
#21267
0#
#21270
1#
1$
1%
1&
1'
1(
1)
1*
1+
1,
1-
1.
1/
10
11
#21271
0#
#21274
1#
#21275
0#
#21278
1#
#21279
0#
#21282
1#
#21283
0#
#21286
1#
#21287
0#
#21290
1#
0$
0%
0&
0'
0(
0)
0*
0+
0,
0-
0.
0/
00
01
#21291
0#
#21294
1#
#21295
0#
#21298
1#
#21299
0#
#21302
1#
#21303
0#
#21306
1#
#21307
0#
#21310
1#
1$
1%
1&
1'
1(
1)
1*
1+
1,
1-
1.
1/
10
11
#21311
0#
#21314
1#
#21315
0#
#21318
1#
#21319
0#
#21322
1#
#21323
0#
#21326
1#
#21327
0#
#21330
1#
#21331
0#
#21334
1#
#21335
0#
#21338
1#
#21339
0#
#21342
1#
#21343
0#
#21346
1#
#21347
0#
#21350
1#
0$
0%
0&
0'
0(
0)
0*
0+
0,
0-
0.
0/
00
01
#21351
0#
#21354
1#
#21355
0#
#21358
1#
#21359
0#
#21362
1#
#21363
0#
#21366
1#
#21367
0#
#21369
1@
#21370
1#
1$
1%
1&
1'
1(
1)
1*
1+
1,
1-
1.
1/
10
11
0@
#21371
0#
#21374
1#
#21375
0#
#21378
1#
#21379
0#
#21382
1#
#21383
0#
#21386
1#
#21387
0#
#21390
1#
0$
0%
0&
0'
0(
0)
0*
0+
0,
0-
0.
0/
00
01
#21391
0#
#21394
1#
#21395
0#
#21398
1#
#21399
0#
#21402
1#
#21403
0#
#21406
1#
#21407
0#
#21410
1#
1$
1%
1&
1'
1(
1)
1*
1+
1,
1-
1.
1/
10
11
#21411
0#
#21414
1#
#21415
0#
#21418
1#
#21419
0#
#21422
1#
#21423
0#
#21426
1#
#21427
0#
#21430
1#
#21431
0#
#21434
1#
#21435
0#
#21438
1#
#21439
0#
#21442
1#
#21443
0#
#21446
1#
#21447
0#
#21450
1#
0$
0%
0&
0'
0(
0)
0*
0+
0,
0-
0.
0/
00
01
#21451
0#
#21454
1#
#21455
0#
#21458
1#
#21459
0#
#21462
1#
#21463
0#
#21466
1#
#21467
0#
#21470
1#
#21471
0#
#21474
1#
#21475
0#
#21478
1#
#21479
0#
#21482
1#
#21483
0#
#21486
1#
#21487
0#
#21490
1#
1$
1%
1&
1'
1(
1)
1*
1+
1,
1-
1.
1/
10
11
#21491
0#
#21494
1#
#21495
0#
#21498
1#
#21499
0#
#21502
1#
#21503
0#
#21506
1#
#21507
0#
#21510
1#
0$
0%
0&
0'
0(
0)
0*
0+
0,
0-
0.
0/
00
01
#21511
0#
#21514
1#
#21515
0#
#21518
1#
#21519
0#
#21522
1#
#21523
0#
#21526
1#
#21527
0#
#21530
1#
1$
1%
1&
1'
1(
1)
1*
1+
1,
1-
1.
1/
10
11
#21531
0#
#21534
1#
#21535
0#
#21538
1#
#21539
0#
#21542
1#
#21543
0#
#21546
1#
#21547
0#
#21550
1#
#21551
0#
#21554
1#
#21555
0#
#21558
1#
#21559
0#
#21562
1#
#21563
0#
#21566
1#
#21567
0#
#21570
1#
0$
0%
0&
0'
0(
0)
0*
0+
0,
0-
0.
0/
00
01
#21571
0#
#21574
1#
#21575
0#
#21578
1#
#21579
0#
#21582
1#
#21583
0#
#21586
1#
#21587
0#
#21590
1#
1$
1%
1&
1'
1(
1)
1*
1+
1,
1-
1.
1/
10
11
#21591
0#
#21594
1#
#21595
0#
#21598
1#
#21599
0#
#21602
1#
#21603
0#
#21606
1#
#21607
0#
#21610
1#
0$
0%
0&
0'
0(
0)
0*
0+
0,
0-
0.
0/
00
01
#21611
0#
#21614
1#
#21615
0#
#21618
1#
#21619
0#
#21622
1#
#21623
0#
#21626
1#
#21627
0#
#21630
1#
1$
1%
1&
1'
1(
1)
1*
1+
1,
1-
1.
1/
10
11
#21631
0#
#21634
1#
#21635
0#
#21638
1#
#21639
0#
#21642
1#
#21643
0#
#21646
1#
#21647
0#
#21650
1#
#21651
0#
#21654
1#
#21655
0#
#21658
1#
#21659
0#
#21662
1#
#21663
0#
#21666
1#
#21667
0#
#21670
1#
0$
0%
0&
0'
0(
0)
0*
0+
0,
0-
0.
0/
00
01
#21671
0#
#21674
1#
#21675
0#
#21678
1#
#21679
0#
#21682
1#
#21683
0#
#21686
1#
#21687
0#
#21689
1@
#21690
1#
1$
1%
1&
1'
1(
1)
1*
1+
1,
1-
1.
1/
10
11
0@
#21691
0#
#21694
1#
#21695
0#
#21698
1#
#21699
0#
#21702
1#
#21703
0#
#21706
1#
#21707
0#
#21710
1#
0$
0%
0&
0'
0(
0)
0*
0+
0,
0-
0.
0/
00
01
#21711
0#
#21714
1#
#21715
0#
#21718
1#
#21719
0#
#21722
1#
#21723
0#
#21726
1#
#21727
0#
#21730
1#
1$
1%
1&
1'
1(
1)
1*
1+
1,
1-
1.
1/
10
11
#21731
0#
#21734
1#
#21735
0#
#21738
1#
#21739
0#
#21742
1#
#21743
0#
#21746
1#
#21747
0#
#21750
1#
#21751
0#
#21754
1#
#21755
0#
#21758
1#
#21759
0#
#21762
1#
#21763
0#
#21766
1#
#21767
0#
#21770
1#
0$
0%
0&
0'
0(
0)
0*
0+
0,
0-
0.
0/
00
01
#21771
0#
#21774
1#
#21775
0#
#21778
1#
#21779
0#
#21782
1#
#21783
0#
#21786
1#
#21787
0#
#21790
1#
#21791
0#
#21794
1#
#21795
0#
#21798
1#
#21799
0#
#21802
1#
#21803
0#
#21806
1#
#21807
0#
#21810
1#
1$
1%
1&
1'
1(
1)
1*
1+
1,
1-
1.
1/
10
11
#21811
0#
#21814
1#
#21815
0#
#21818
1#
#21819
0#
#21822
1#
#21823
0#
#21826
1#
#21827
0#
#21830
1#
0$
0%
0&
0'
0(
0)
0*
0+
0,
0-
0.
0/
00
01
#21831
0#
#21834
1#
#21835
0#
#21838
1#
#21839
0#
#21842
1#
#21843
0#
#21846
1#
#21847
0#
#21850
1#
1$
1%
1&
1'
1(
1)
1*
1+
1,
1-
1.
1/
10
11
#21851
0#
#21854
1#
#21855
0#
#21858
1#
#21859
0#
#21862
1#
#21863
0#
#21866
1#
#21867
0#
#21870
1#
#21871
0#
#21874
1#
#21875
0#
#21878
1#
#21879
0#
#21882
1#
#21883
0#
#21886
1#
#21887
0#
#21890
1#
0$
0%
0&
0'
0(
0)
0*
0+
0,
0-
0.
0/
00
01
#21891
0#
#21894
1#
#21895
0#
#21898
1#
#21899
0#
#21902
1#
#21903
0#
#21906
1#
#21907
0#
#21910
1#
1$
1%
1&
1'
1(
1)
1*
1+
1,
1-
1.
1/
10
11
#21911
0#
#21914
1#
#21915
0#
#21918
1#
#21919
0#
#21922
1#
#21923
0#
#21926
1#
#21927
0#
#21930
1#
0$
0%
0&
0'
0(
0)
0*
0+
0,
0-
0.
0/
00
01
#21931
0#
#21934
1#
#21935
0#
#21938
1#
#21939
0#
#21942
1#
#21943
0#
#21946
1#
#21947
0#
#21950
1#
1$
1%
1&
1'
1(
1)
1*
1+
1,
1-
1.
1/
10
11
#21951
0#
#21954
1#
#21955
0#
#21958
1#
#21959
0#
#21962
1#
#21963
0#
#21966
1#
#21967
0#
#21970
1#
#21971
0#
#21974
1#
#21975
0#
#21978
1#
#21979
0#
#21982
1#
#21983
0#
#21986
1#
#21987
0#
#21990
1#
0$
0%
0&
0'
0(
0)
0*
0+
0,
0-
0.
0/
00
01
#21991
0#
#21994
1#
#21995
0#
#21998
1#
#21999
0#
#22002
1#
#22003
0#
#22006
1#
#22007
0#
#22009
1@
#22010
1#
1$
1%
1&
1'
1(
1)
1*
1+
1,
1-
1.
1/
10
11
0@
#22011
0#
#22014
1#
#22015
0#
#22018
1#
#22019
0#
#22022
1#
#22023
0#
#22026
1#
#22027
0#
#22030
1#
0$
0%
0&
0'
0(
0)
0*
0+
0,
0-
0.
0/
00
01
#22031
0#
#22034
1#
#22035
0#
#22038
1#
#22039
0#
#22042
1#
#22043
0#
#22046
1#
#22047
0#
#22050
1#
1$
1%
1&
1'
1(
1)
1*
1+
1,
1-
1.
1/
10
11
#22051
0#
#22054
1#
#22055
0#
#22058
1#
#22059
0#
#22062
1#
#22063
0#
#22066
1#
#22067
0#
#22070
1#
#22071
0#
#22074
1#
#22075
0#
#22078
1#
#22079
0#
#22082
1#
#22083
0#
#22086
1#
#22087
0#
#22090
1#
0$
0%
0&
0'
0(
0)
0*
0+
0,
0-
0.
0/
00
01
#22091
0#
#22094
1#
#22095
0#
#22098
1#
#22099
0#
#22102
1#
#22103
0#
#22106
1#
#22107
0#
#22110
1#
#22111
0#
#22114
1#
#22115
0#
#22118
1#
#22119
0#
#22122
1#
#22123
0#
#22126
1#
#22127
0#
#22130
1#
1$
1%
1&
1'
1(
1)
1*
1+
1,
1-
1.
1/
10
11
#22131
0#
#22134
1#
#22135
0#
#22138
1#
#22139
0#
#22142
1#
#22143
0#
#22146
1#
#22147
0#
#22150
1#
0$
0%
0&
0'
0(
0)
0*
0+
0,
0-
0.
0/
00
01
#22151
0#
#22154
1#
#22155
0#
#22158
1#
#22159
0#
#22162
1#
#22163
0#
#22166
1#
#22167
0#
#22170
1#
1$
1%
1&
1'
1(
1)
1*
1+
1,
1-
1.
1/
10
11
#22171
0#
#22174
1#
#22175
0#
#22178
1#
#22179
0#
#22182
1#
#22183
0#
#22186
1#
#22187
0#
#22190
1#
#22191
0#
#22194
1#
#22195
0#
#22198
1#
#22199
0#
#22202
1#
#22203
0#
#22206
1#
#22207
0#
#22210
1#
0$
0%
0&
0'
0(
0)
0*
0+
0,
0-
0.
0/
00
01
#22211
0#
#22214
1#
#22215
0#
#22218
1#
#22219
0#
#22222
1#
#22223
0#
#22226
1#
#22227
0#
#22230
1#
1$
1%
1&
1'
1(
1)
1*
1+
1,
1-
1.
1/
10
11
#22231
0#
#22234
1#
#22235
0#
#22238
1#
#22239
0#
#22242
1#
#22243
0#
#22246
1#
#22247
0#
#22250
1#
0$
0%
0&
0'
0(
0)
0*
0+
0,
0-
0.
0/
00
01
#22251
0#
#22254
1#
#22255
0#
#22258
1#
#22259
0#
#22262
1#
#22263
0#
#22266
1#
#22267
0#
#22270
1#
1$
1%
1&
1'
1(
1)
1*
1+
1,
1-
1.
1/
10
11
#22271
0#
#22274
1#
#22275
0#
#22278
1#
#22279
0#
#22282
1#
#22283
0#
#22286
1#
#22287
0#
#22290
1#
#22291
0#
#22294
1#
#22295
0#
#22298
1#
#22299
0#
#22302
1#
#22303
0#
#22306
1#
#22307
0#
#22310
1#
0$
0%
0&
0'
0(
0)
0*
0+
0,
0-
0.
0/
00
01
#22311
0#
#22314
1#
#22315
0#
#22318
1#
#22319
0#
#22322
1#
#22323
0#
#22326
1#
#22327
0#
#22329
1@
#22330
1#
1$
1%
1&
1'
1(
1)
1*
1+
1,
1-
1.
1/
10
11
0@
#22331
0#
#22334
1#
#22335
0#
#22338
1#
#22339
0#
#22342
1#
#22343
0#
#22346
1#
#22347
0#
#22350
1#
0$
0%
0&
0'
0(
0)
0*
0+
0,
0-
0.
0/
00
01
#22351
0#
#22354
1#
#22355
0#
#22358
1#
#22359
0#
#22362
1#
#22363
0#
#22366
1#
#22367
0#
#22370
1#
1$
1%
1&
1'
1(
1)
1*
1+
1,
1-
1.
1/
10
11
#22371
0#
#22374
1#
#22375
0#
#22378
1#
#22379
0#
#22382
1#
#22383
0#
#22386
1#
#22387
0#
#22390
1#
#22391
0#
#22394
1#
#22395
0#
#22398
1#
#22399
0#
#22402
1#
#22403
0#
#22406
1#
#22407
0#
#22410
1#
0$
0%
0&
0'
0(
0)
0*
0+
0,
0-
0.
0/
00
01
#22411
0#
#22414
1#
#22415
0#
#22418
1#
#22419
0#
#22422
1#
#22423
0#
#22426
1#
#22427
0#
#22430
1#
#22431
0#
#22434
1#
#22435
0#
#22438
1#
#22439
0#
#22442
1#
#22443
0#
#22446
1#
#22447
0#
#22450
1#
1$
1%
1&
1'
1(
1)
1*
1+
1,
1-
1.
1/
10
11
#22451
0#
#22454
1#
#22455
0#
#22458
1#
#22459
0#
#22462
1#
#22463
0#
#22466
1#
#22467
0#
#22470
1#
0$
0%
0&
0'
0(
0)
0*
0+
0,
0-
0.
0/
00
01
#22471
0#
#22474
1#
#22475
0#
#22478
1#
#22479
0#
#22482
1#
#22483
0#
#22486
1#
#22487
0#
#22490
1#
1$
1%
1&
1'
1(
1)
1*
1+
1,
1-
1.
1/
10
11
#22491
0#
#22494
1#
#22495
0#
#22498
1#
#22499
0#
#22502
1#
#22503
0#
#22506
1#
#22507
0#
#22510
1#
#22511
0#
#22514
1#
#22515
0#
#22518
1#
#22519
0#
#22522
1#
#22523
0#
#22526
1#
#22527
0#
#22530
1#
0$
0%
0&
0'
0(
0)
0*
0+
0,
0-
0.
0/
00
01
#22531
0#
#22534
1#
#22535
0#
#22538
1#
#22539
0#
#22542
1#
#22543
0#
#22546
1#
#22547
0#
#22550
1#
1$
1%
1&
1'
1(
1)
1*
1+
1,
1-
1.
1/
10
11
#22551
0#
#22554
1#
#22555
0#
#22558
1#
#22559
0#
#22562
1#
#22563
0#
#22566
1#
#22567
0#
#22570
1#
0$
0%
0&
0'
0(
0)
0*
0+
0,
0-
0.
0/
00
01
#22571
0#
#22574
1#
#22575
0#
#22578
1#
#22579
0#
#22582
1#
#22583
0#
#22586
1#
#22587
0#
#22590
1#
1$
1%
1&
1'
1(
1)
1*
1+
1,
1-
1.
1/
10
11
#22591
0#
#22594
1#
#22595
0#
#22598
1#
#22599
0#
#22602
1#
#22603
0#
#22606
1#
#22607
0#
#22610
1#
#22611
0#
#22614
1#
#22615
0#
#22618
1#
#22619
0#
#22622
1#
#22623
0#
#22626
1#
#22627
0#
#22630
1#
0$
0%
0&
0'
0(
0)
0*
0+
0,
0-
0.
0/
00
01
#22631
0#
#22634
1#
#22635
0#
#22638
1#
#22639
0#
#22642
1#
#22643
0#
#22646
1#
#22647
0#
#22649
1@
#22650
1#
1$
1%
1&
1'
1(
1)
1*
1+
1,
1-
1.
1/
10
11
0@
#22651
0#
#22654
1#
#22655
0#
#22658
1#
#22659
0#
#22662
1#
#22663
0#
#22666
1#
#22667
0#
#22670
1#
0$
0%
0&
0'
0(
0)
0*
0+
0,
0-
0.
0/
00
01
#22671
0#
#22674
1#
#22675
0#
#22678
1#
#22679
0#
#22682
1#
#22683
0#
#22686
1#
#22687
0#
#22690
1#
1$
1%
1&
1'
1(
1)
1*
1+
1,
1-
1.
1/
10
11
#22691
0#
#22694
1#
#22695
0#
#22698
1#
#22699
0#
#22702
1#
#22703
0#
#22706
1#
#22707
0#
#22710
1#
#22711
0#
#22714
1#
#22715
0#
#22718
1#
#22719
0#
#22722
1#
#22723
0#
#22726
1#
#22727
0#
#22730
1#
0$
0%
0&
0'
0(
0)
0*
0+
0,
0-
0.
0/
00
01
#22731
0#
#22734
1#
#22735
0#
#22738
1#
#22739
0#
#22742
1#
#22743
0#
#22746
1#
#22747
0#
#22750
1#
#22751
0#
#22754
1#
#22755
0#
#22758
1#
#22759
0#
#22762
1#
#22763
0#
#22766
1#
#22767
0#
#22770
1#
1$
1%
1&
1'
1(
1)
1*
1+
1,
1-
1.
1/
10
11
#22771
0#
#22774
1#
#22775
0#
#22778
1#
#22779
0#
#22782
1#
#22783
0#
#22786
1#
#22787
0#
#22790
1#
0$
0%
0&
0'
0(
0)
0*
0+
0,
0-
0.
0/
00
01
#22791
0#
#22794
1#
#22795
0#
#22798
1#
#22799
0#
#22802
1#
#22803
0#
#22806
1#
#22807
0#
#22810
1#
1$
1%
1&
1'
1(
1)
1*
1+
1,
1-
1.
1/
10
11
#22811
0#
#22814
1#
#22815
0#
#22818
1#
#22819
0#
#22822
1#
#22823
0#
#22826
1#
#22827
0#
#22830
1#
#22831
0#
#22834
1#
#22835
0#
#22838
1#
#22839
0#
#22842
1#
#22843
0#
#22846
1#
#22847
0#
#22850
1#
0$
0%
0&
0'
0(
0)
0*
0+
0,
0-
0.
0/
00
01
#22851
0#
#22854
1#
#22855
0#
#22858
1#
#22859
0#
#22862
1#
#22863
0#
#22866
1#
#22867
0#
#22870
1#
1$
1%
1&
1'
1(
1)
1*
1+
1,
1-
1.
1/
10
11
#22871
0#
#22874
1#
#22875
0#
#22878
1#
#22879
0#
#22882
1#
#22883
0#
#22886
1#
#22887
0#
#22890
1#
0$
0%
0&
0'
0(
0)
0*
0+
0,
0-
0.
0/
00
01
#22891
0#
#22894
1#
#22895
0#
#22898
1#
#22899
0#
#22902
1#
#22903
0#
#22906
1#
#22907
0#
#22910
1#
1$
1%
1&
1'
1(
1)
1*
1+
1,
1-
1.
1/
10
11
#22911
0#
#22914
1#
#22915
0#
#22918
1#
#22919
0#
#22922
1#
#22923
0#
#22926
1#
#22927
0#
#22930
1#
#22931
0#
#22934
1#
#22935
0#
#22938
1#
#22939
0#
#22942
1#
#22943
0#
#22946
1#
#22947
0#
#22950
1#
0$
0%
0&
0'
0(
0)
0*
0+
0,
0-
0.
0/
00
01
#22951
0#
#22954
1#
#22955
0#
#22958
1#
#22959
0#
#22962
1#
#22963
0#
#22966
1#
#22967
0#
#22969
1@
#22970
1#
1$
1%
1&
1'
1(
1)
1*
1+
1,
1-
1.
1/
10
11
0@
#22971
0#
#22974
1#
#22975
0#
#22978
1#
#22979
0#
#22982
1#
#22983
0#
#22986
1#
#22987
0#
#22990
1#
0$
0%
0&
0'
0(
0)
0*
0+
0,
0-
0.
0/
00
01
#22991
0#
#22994
1#
#22995
0#
#22998
1#
#22999
0#
#23002
1#
#23003
0#
#23006
1#
#23007
0#
#23010
1#
1$
1%
1&
1'
1(
1)
1*
1+
1,
1-
1.
1/
10
11
#23011
0#
#23014
1#
#23015
0#
#23018
1#
#23019
0#
#23022
1#
#23023
0#
#23026
1#
#23027
0#
#23030
1#
#23031
0#
#23034
1#
#23035
0#
#23038
1#
#23039
0#
#23042
1#
#23043
0#
#23046
1#
#23047
0#
#23050
1#
0$
0%
0&
0'
0(
0)
0*
0+
0,
0-
0.
0/
00
01
#23051
0#
#23054
1#
#23055
0#
#23058
1#
#23059
0#
#23062
1#
#23063
0#
#23066
1#
#23067
0#
#23070
1#
#23071
0#
#23074
1#
#23075
0#
#23078
1#
#23079
0#
#23082
1#
#23083
0#
#23086
1#
#23087
0#
#23090
1#
1$
1%
1&
1'
1(
1)
1*
1+
1,
1-
1.
1/
10
11
#23091
0#
#23094
1#
#23095
0#
#23098
1#
#23099
0#
#23102
1#
#23103
0#
#23106
1#
#23107
0#
#23110
1#
0$
0%
0&
0'
0(
0)
0*
0+
0,
0-
0.
0/
00
01
#23111
0#
#23114
1#
#23115
0#
#23118
1#
#23119
0#
#23122
1#
#23123
0#
#23126
1#
#23127
0#
#23130
1#
1$
1%
1&
1'
1(
1)
1*
1+
1,
1-
1.
1/
10
11
#23131
0#
#23134
1#
#23135
0#
#23138
1#
#23139
0#
#23142
1#
#23143
0#
#23146
1#
#23147
0#
#23150
1#
#23151
0#
#23154
1#
#23155
0#
#23158
1#
#23159
0#
#23162
1#
#23163
0#
#23166
1#
#23167
0#
#23170
1#
0$
0%
0&
0'
0(
0)
0*
0+
0,
0-
0.
0/
00
01
#23171
0#
#23174
1#
#23175
0#
#23178
1#
#23179
0#
#23182
1#
#23183
0#
#23186
1#
#23187
0#
#23190
1#
1$
1%
1&
1'
1(
1)
1*
1+
1,
1-
1.
1/
10
11
#23191
0#
#23194
1#
#23195
0#
#23198
1#
#23199
0#
#23202
1#
#23203
0#
#23206
1#
#23207
0#
#23210
1#
0$
0%
0&
0'
0(
0)
0*
0+
0,
0-
0.
0/
00
01
#23211
0#
#23214
1#
#23215
0#
#23218
1#
#23219
0#
#23222
1#
#23223
0#
#23226
1#
#23227
0#
#23230
1#
1$
1%
1&
1'
1(
1)
1*
1+
1,
1-
1.
1/
10
11
#23231
0#
#23234
1#
#23235
0#
#23238
1#
#23239
0#
#23242
1#
#23243
0#
#23246
1#
#23247
0#
#23250
1#
#23251
0#
#23254
1#
#23255
0#
#23258
1#
#23259
0#
#23262
1#
#23263
0#
#23266
1#
#23267
0#
#23270
1#
0$
0%
0&
0'
0(
0)
0*
0+
0,
0-
0.
0/
00
01
#23271
0#
#23274
1#
#23275
0#
#23278
1#
#23279
0#
#23282
1#
#23283
0#
#23286
1#
#23287
0#
#23289
1@
#23290
1#
1$
1%
1&
1'
1(
1)
1*
1+
1,
1-
1.
1/
10
11
0@
#23291
0#
#23294
1#
#23295
0#
#23298
1#
#23299
0#
#23302
1#
#23303
0#
#23306
1#
#23307
0#
#23310
1#
0$
0%
0&
0'
0(
0)
0*
0+
0,
0-
0.
0/
00
01
#23311
0#
#23314
1#
#23315
0#
#23318
1#
#23319
0#
#23322
1#
#23323
0#
#23326
1#
#23327
0#
#23330
1#
1$
1%
1&
1'
1(
1)
1*
1+
1,
1-
1.
1/
10
11
#23331
0#
#23334
1#
#23335
0#
#23338
1#
#23339
0#
#23342
1#
#23343
0#
#23346
1#
#23347
0#
#23350
1#
#23351
0#
#23354
1#
#23355
0#
#23358
1#
#23359
0#
#23362
1#
#23363
0#
#23366
1#
#23367
0#
#23370
1#
0$
0%
0&
0'
0(
0)
0*
0+
0,
0-
0.
0/
00
01
#23371
0#
#23374
1#
#23375
0#
#23378
1#
#23379
0#
#23382
1#
#23383
0#
#23386
1#
#23387
0#
#23390
1#
#23391
0#
#23394
1#
#23395
0#
#23398
1#
#23399
0#
#23402
1#
#23403
0#
#23406
1#
#23407
0#
#23410
1#
1$
1%
1&
1'
1(
1)
1*
1+
1,
1-
1.
1/
10
11
#23411
0#
#23414
1#
#23415
0#
#23418
1#
#23419
0#
#23422
1#
#23423
0#
#23426
1#
#23427
0#
#23430
1#
0$
0%
0&
0'
0(
0)
0*
0+
0,
0-
0.
0/
00
01
#23431
0#
#23434
1#
#23435
0#
#23438
1#
#23439
0#
#23442
1#
#23443
0#
#23446
1#
#23447
0#
#23450
1#
1$
1%
1&
1'
1(
1)
1*
1+
1,
1-
1.
1/
10
11
#23451
0#
#23454
1#
#23455
0#
#23458
1#
#23459
0#
#23462
1#
#23463
0#
#23466
1#
#23467
0#
#23470
1#
#23471
0#
#23474
1#
#23475
0#
#23478
1#
#23479
0#
#23482
1#
#23483
0#
#23486
1#
#23487
0#
#23490
1#
0$
0%
0&
0'
0(
0)
0*
0+
0,
0-
0.
0/
00
01
#23491
0#
#23494
1#
#23495
0#
#23498
1#
#23499
0#
#23502
1#
#23503
0#
#23506
1#
#23507
0#
#23510
1#
1$
1%
1&
1'
1(
1)
1*
1+
1,
1-
1.
1/
10
11
#23511
0#
#23514
1#
#23515
0#
#23518
1#
#23519
0#
#23522
1#
#23523
0#
#23526
1#
#23527
0#
#23530
1#
0$
0%
0&
0'
0(
0)
0*
0+
0,
0-
0.
0/
00
01
#23531
0#
#23534
1#
#23535
0#
#23538
1#
#23539
0#
#23542
1#
#23543
0#
#23546
1#
#23547
0#
#23550
1#
1$
1%
1&
1'
1(
1)
1*
1+
1,
1-
1.
1/
10
11
#23551
0#
#23554
1#
#23555
0#
#23558
1#
#23559
0#
#23562
1#
#23563
0#
#23566
1#
#23567
0#
#23570
1#
#23571
0#
#23574
1#
#23575
0#
#23578
1#
#23579
0#
#23582
1#
#23583
0#
#23586
1#
#23587
0#
#23590
1#
0$
0%
0&
0'
0(
0)
0*
0+
0,
0-
0.
0/
00
01
#23591
0#
#23594
1#
#23595
0#
#23598
1#
#23599
0#
#23602
1#
#23603
0#
#23606
1#
#23607
0#
#23609
1@
#23610
1#
1$
1%
1&
1'
1(
1)
1*
1+
1,
1-
1.
1/
10
11
0@
#23611
0#
#23614
1#
#23615
0#
#23618
1#
#23619
0#
#23622
1#
#23623
0#
#23626
1#
#23627
0#
#23630
1#
0$
0%
0&
0'
0(
0)
0*
0+
0,
0-
0.
0/
00
01
#23631
0#
#23634
1#
#23635
0#
#23638
1#
#23639
0#
#23642
1#
#23643
0#
#23646
1#
#23647
0#
#23650
1#
1$
1%
1&
1'
1(
1)
1*
1+
1,
1-
1.
1/
10
11
#23651
0#
#23654
1#
#23655
0#
#23658
1#
#23659
0#
#23662
1#
#23663
0#
#23666
1#
#23667
0#
#23670
1#
#23671
0#
#23674
1#
#23675
0#
#23678
1#
#23679
0#
#23682
1#
#23683
0#
#23686
1#
#23687
0#
#23690
1#
0$
0%
0&
0'
0(
0)
0*
0+
0,
0-
0.
0/
00
01
#23691
0#
#23694
1#
#23695
0#
#23698
1#
#23699
0#
#23702
1#
#23703
0#
#23706
1#
#23707
0#
#23710
1#
#23711
0#
#23714
1#
#23715
0#
#23718
1#
#23719
0#
#23722
1#
#23723
0#
#23726
1#
#23727
0#
#23730
1#
1$
1%
1&
1'
1(
1)
1*
1+
1,
1-
1.
1/
10
11
#23731
0#
#23734
1#
#23735
0#
#23738
1#
#23739
0#
#23742
1#
#23743
0#
#23746
1#
#23747
0#
#23750
1#
0$
0%
0&
0'
0(
0)
0*
0+
0,
0-
0.
0/
00
01
#23751
0#
#23754
1#
#23755
0#
#23758
1#
#23759
0#
#23762
1#
#23763
0#
#23766
1#
#23767
0#
#23770
1#
1$
1%
1&
1'
1(
1)
1*
1+
1,
1-
1.
1/
10
11
#23771
0#
#23774
1#
#23775
0#
#23778
1#
#23779
0#
#23782
1#
#23783
0#
#23786
1#
#23787
0#
#23790
1#
#23791
0#
#23794
1#
#23795
0#
#23798
1#
#23799
0#
#23802
1#
#23803
0#
#23806
1#
#23807
0#
#23810
1#
0$
0%
0&
0'
0(
0)
0*
0+
0,
0-
0.
0/
00
01
#23811
0#
#23814
1#
#23815
0#
#23818
1#
#23819
0#
#23822
1#
#23823
0#
#23826
1#
#23827
0#
#23830
1#
1$
1%
1&
1'
1(
1)
1*
1+
1,
1-
1.
1/
10
11
#23831
0#
#23834
1#
#23835
0#
#23838
1#
#23839
0#
#23842
1#
#23843
0#
#23846
1#
#23847
0#
#23850
1#
0$
0%
0&
0'
0(
0)
0*
0+
0,
0-
0.
0/
00
01
#23851
0#
#23854
1#
#23855
0#
#23858
1#
#23859
0#
#23862
1#
#23863
0#
#23866
1#
#23867
0#
#23870
1#
1$
1%
1&
1'
1(
1)
1*
1+
1,
1-
1.
1/
10
11
#23871
0#
#23874
1#
#23875
0#
#23878
1#
#23879
0#
#23882
1#
#23883
0#
#23886
1#
#23887
0#
#23890
1#
#23891
0#
#23894
1#
#23895
0#
#23898
1#
#23899
0#
#23902
1#
#23903
0#
#23906
1#
#23907
0#
#23910
1#
0$
0%
0&
0'
0(
0)
0*
0+
0,
0-
0.
0/
00
01
#23911
0#
#23914
1#
#23915
0#
#23918
1#
#23919
0#
#23922
1#
#23923
0#
#23926
1#
#23927
0#
#23929
1@
#23930
1#
1$
1%
1&
1'
1(
1)
1*
1+
1,
1-
1.
1/
10
11
0@
#23931
0#
#23934
1#
#23935
0#
#23938
1#
#23939
0#
#23942
1#
#23943
0#
#23946
1#
#23947
0#
#23950
1#
0$
0%
0&
0'
0(
0)
0*
0+
0,
0-
0.
0/
00
01
#23951
0#
#23954
1#
#23955
0#
#23958
1#
#23959
0#
#23962
1#
#23963
0#
#23966
1#
#23967
0#
#23970
1#
1$
1%
1&
1'
1(
1)
1*
1+
1,
1-
1.
1/
10
11
#23971
0#
#23974
1#
#23975
0#
#23978
1#
#23979
0#
#23982
1#
#23983
0#
#23986
1#
#23987
0#
#23990
1#
#23991
0#
#23994
1#
#23995
0#
#23998
1#
#23999
0#
#24002
1#
#24003
0#
#24006
1#
#24007
0#
#24010
1#
0$
0%
0&
0'
0(
0)
0*
0+
0,
0-
0.
0/
00
01
#24011
0#
#24014
1#
#24015
0#
#24018
1#
#24019
0#
#24022
1#
#24023
0#
#24026
1#
#24027
0#
#24030
1#
#24031
0#
#24034
1#
#24035
0#
#24038
1#
#24039
0#
#24042
1#
#24043
0#
#24046
1#
#24047
0#
#24050
1#
1$
1%
1&
1'
1(
1)
1*
1+
1,
1-
1.
1/
10
11
#24051
0#
#24054
1#
#24055
0#
#24058
1#
#24059
0#
#24062
1#
#24063
0#
#24066
1#
#24067
0#
#24070
1#
0$
0%
0&
0'
0(
0)
0*
0+
0,
0-
0.
0/
00
01
#24071
0#
#24074
1#
#24075
0#
#24078
1#
#24079
0#
#24082
1#
#24083
0#
#24086
1#
#24087
0#
#24090
1#
1$
1%
1&
1'
1(
1)
1*
1+
1,
1-
1.
1/
10
11
#24091
0#
#24094
1#
#24095
0#
#24098
1#
#24099
0#
#24102
1#
#24103
0#
#24106
1#
#24107
0#
#24110
1#
#24111
0#
#24114
1#
#24115
0#
#24118
1#
#24119
0#
#24122
1#
#24123
0#
#24126
1#
#24127
0#
#24130
1#
0$
0%
0&
0'
0(
0)
0*
0+
0,
0-
0.
0/
00
01
#24131
0#
#24134
1#
#24135
0#
#24138
1#
#24139
0#
#24142
1#
#24143
0#
#24146
1#
#24147
0#
#24150
1#
1$
1%
1&
1'
1(
1)
1*
1+
1,
1-
1.
1/
10
11
#24151
0#
#24154
1#
#24155
0#
#24158
1#
#24159
0#
#24162
1#
#24163
0#
#24166
1#
#24167
0#
#24170
1#
0$
0%
0&
0'
0(
0)
0*
0+
0,
0-
0.
0/
00
01
#24171
0#
#24174
1#
#24175
0#
#24178
1#
#24179
0#
#24182
1#
#24183
0#
#24186
1#
#24187
0#
#24190
1#
1$
1%
1&
1'
1(
1)
1*
1+
1,
1-
1.
1/
10
11
#24191
0#
#24194
1#
#24195
0#
#24198
1#
#24199
0#
#24202
1#
#24203
0#
#24206
1#
#24207
0#
#24210
1#
#24211
0#
#24214
1#
#24215
0#
#24218
1#
#24219
0#
#24222
1#
#24223
0#
#24226
1#
#24227
0#
#24230
1#
0$
0%
0&
0'
0(
0)
0*
0+
0,
0-
0.
0/
00
01
#24231
0#
#24234
1#
#24235
0#
#24238
1#
#24239
0#
#24242
1#
#24243
0#
#24246
1#
#24247
0#
#24249
1@
#24250
1#
1$
1%
1&
1'
1(
1)
1*
1+
1,
1-
1.
1/
10
11
0@
#24251
0#
#24254
1#
#24255
0#
#24258
1#
#24259
0#
#24262
1#
#24263
0#
#24266
1#
#24267
0#
#24270
1#
0$
0%
0&
0'
0(
0)
0*
0+
0,
0-
0.
0/
00
01
#24271
0#
#24274
1#
#24275
0#
#24278
1#
#24279
0#
#24282
1#
#24283
0#
#24286
1#
#24287
0#
#24290
1#
1$
1%
1&
1'
1(
1)
1*
1+
1,
1-
1.
1/
10
11
#24291
0#
#24294
1#
#24295
0#
#24298
1#
#24299
0#
#24302
1#
#24303
0#
#24306
1#
#24307
0#
#24310
1#
#24311
0#
#24314
1#
#24315
0#
#24318
1#
#24319
0#
#24322
1#
#24323
0#
#24326
1#
#24327
0#
#24330
1#
0$
0%
0&
0'
0(
0)
0*
0+
0,
0-
0.
0/
00
01
#24331
0#
#24334
1#
#24335
0#
#24338
1#
#24339
0#
#24342
1#
#24343
0#
#24346
1#
#24347
0#
#24350
1#
#24351
0#
#24354
1#
#24355
0#
#24358
1#
#24359
0#
#24362
1#
#24363
0#
#24366
1#
#24367
0#
#24370
1#
1$
1%
1&
1'
1(
1)
1*
1+
1,
1-
1.
1/
10
11
#24371
0#
#24374
1#
#24375
0#
#24378
1#
#24379
0#
#24382
1#
#24383
0#
#24386
1#
#24387
0#
#24390
1#
0$
0%
0&
0'
0(
0)
0*
0+
0,
0-
0.
0/
00
01
#24391
0#
#24394
1#
#24395
0#
#24398
1#
#24399
0#
#24402
1#
#24403
0#
#24406
1#
#24407
0#
#24410
1#
1$
1%
1&
1'
1(
1)
1*
1+
1,
1-
1.
1/
10
11
#24411
0#
#24414
1#
#24415
0#
#24418
1#
#24419
0#
#24422
1#
#24423
0#
#24426
1#
#24427
0#
#24430
1#
#24431
0#
#24434
1#
#24435
0#
#24438
1#
#24439
0#
#24442
1#
#24443
0#
#24446
1#
#24447
0#
#24450
1#
0$
0%
0&
0'
0(
0)
0*
0+
0,
0-
0.
0/
00
01
#24451
0#
#24454
1#
#24455
0#
#24458
1#
#24459
0#
#24462
1#
#24463
0#
#24466
1#
#24467
0#
#24470
1#
1$
1%
1&
1'
1(
1)
1*
1+
1,
1-
1.
1/
10
11
#24471
0#
#24474
1#
#24475
0#
#24478
1#
#24479
0#
#24482
1#
#24483
0#
#24486
1#
#24487
0#
#24490
1#
0$
0%
0&
0'
0(
0)
0*
0+
0,
0-
0.
0/
00
01
#24491
0#
#24494
1#
#24495
0#
#24498
1#
#24499
0#
#24502
1#
#24503
0#
#24506
1#
#24507
0#
#24510
1#
1$
1%
1&
1'
1(
1)
1*
1+
1,
1-
1.
1/
10
11
#24511
0#
#24514
1#
#24515
0#
#24518
1#
#24519
0#
#24522
1#
#24523
0#
#24526
1#
#24527
0#
#24530
1#
#24531
0#
#24534
1#
#24535
0#
#24538
1#
#24539
0#
#24542
1#
#24543
0#
#24546
1#
#24547
0#
#24550
1#
0$
0%
0&
0'
0(
0)
0*
0+
0,
0-
0.
0/
00
01
#24551
0#
#24554
1#
#24555
0#
#24558
1#
#24559
0#
#24562
1#
#24563
0#
#24566
1#
#24567
0#
#24569
1@
#24570
1#
1$
1%
1&
1'
1(
1)
1*
1+
1,
1-
1.
1/
10
11
0@
#24571
0#
#24574
1#
#24575
0#
#24578
1#
#24579
0#
#24582
1#
#24583
0#
#24586
1#
#24587
0#
#24590
1#
0$
0%
0&
0'
0(
0)
0*
0+
0,
0-
0.
0/
00
01
#24591
0#
#24594
1#
#24595
0#
#24598
1#
#24599
0#
#24602
1#
#24603
0#
#24606
1#
#24607
0#
#24610
1#
1$
1%
1&
1'
1(
1)
1*
1+
1,
1-
1.
1/
10
11
#24611
0#
#24614
1#
#24615
0#
#24618
1#
#24619
0#
#24622
1#
#24623
0#
#24626
1#
#24627
0#
#24630
1#
#24631
0#
#24634
1#
#24635
0#
#24638
1#
#24639
0#
#24642
1#
#24643
0#
#24646
1#
#24647
0#
#24650
1#
0$
0%
0&
0'
0(
0)
0*
0+
0,
0-
0.
0/
00
01
#24651
0#
#24654
1#
#24655
0#
#24658
1#
#24659
0#
#24662
1#
#24663
0#
#24666
1#
#24667
0#
#24670
1#
#24671
0#
#24674
1#
#24675
0#
#24678
1#
#24679
0#
#24682
1#
#24683
0#
#24686
1#
#24687
0#
#24690
1#
1$
1%
1&
1'
1(
1)
1*
1+
1,
1-
1.
1/
10
11
#24691
0#
#24694
1#
#24695
0#
#24698
1#
#24699
0#
#24702
1#
#24703
0#
#24706
1#
#24707
0#
#24710
1#
0$
0%
0&
0'
0(
0)
0*
0+
0,
0-
0.
0/
00
01
#24711
0#
#24714
1#
#24715
0#
#24718
1#
#24719
0#
#24722
1#
#24723
0#
#24726
1#
#24727
0#
#24730
1#
1$
1%
1&
1'
1(
1)
1*
1+
1,
1-
1.
1/
10
11
#24731
0#
#24734
1#
#24735
0#
#24738
1#
#24739
0#
#24742
1#
#24743
0#
#24746
1#
#24747
0#
#24750
1#
#24751
0#
#24754
1#
#24755
0#
#24758
1#
#24759
0#
#24762
1#
#24763
0#
#24766
1#
#24767
0#
#24770
1#
0$
0%
0&
0'
0(
0)
0*
0+
0,
0-
0.
0/
00
01
#24771
0#
#24774
1#
#24775
0#
#24778
1#
#24779
0#
#24782
1#
#24783
0#
#24786
1#
#24787
0#
#24790
1#
1$
1%
1&
1'
1(
1)
1*
1+
1,
1-
1.
1/
10
11
#24791
0#
#24794
1#
#24795
0#
#24798
1#
#24799
0#
#24802
1#
#24803
0#
#24806
1#
#24807
0#
#24810
1#
0$
0%
0&
0'
0(
0)
0*
0+
0,
0-
0.
0/
00
01
#24811
0#
#24814
1#
#24815
0#
#24818
1#
#24819
0#
#24822
1#
#24823
0#
#24826
1#
#24827
0#
#24830
1#
1$
1%
1&
1'
1(
1)
1*
1+
1,
1-
1.
1/
10
11
#24831
0#
#24834
1#
#24835
0#
#24838
1#
#24839
0#
#24842
1#
#24843
0#
#24846
1#
#24847
0#
#24850
1#
#24851
0#
#24854
1#
#24855
0#
#24858
1#
#24859
0#
#24862
1#
#24863
0#
#24866
1#
#24867
0#
#24870
1#
0$
0%
0&
0'
0(
0)
0*
0+
0,
0-
0.
0/
00
01
#24871
0#
#24874
1#
#24875
0#
#24878
1#
#24879
0#
#24882
1#
#24883
0#
#24886
1#
#24887
0#
#24889
1@
#24890
1#
1$
1%
1&
1'
1(
1)
1*
1+
1,
1-
1.
1/
10
11
0@
#24891
0#
#24894
1#
#24895
0#
#24898
1#
#24899
0#
#24902
1#
#24903
0#
#24906
1#
#24907
0#
#24910
1#
0$
0%
0&
0'
0(
0)
0*
0+
0,
0-
0.
0/
00
01
#24911
0#
#24914
1#
#24915
0#
#24918
1#
#24919
0#
#24922
1#
#24923
0#
#24926
1#
#24927
0#
#24930
1#
1$
1%
1&
1'
1(
1)
1*
1+
1,
1-
1.
1/
10
11
#24931
0#
#24934
1#
#24935
0#
#24938
1#
#24939
0#
#24942
1#
#24943
0#
#24946
1#
#24947
0#
#24950
1#
#24951
0#
#24954
1#
#24955
0#
#24958
1#
#24959
0#
#24962
1#
#24963
0#
#24966
1#
#24967
0#
#24970
1#
0$
0%
0&
0'
0(
0)
0*
0+
0,
0-
0.
0/
00
01
#24971
0#
#24974
1#
#24975
0#
#24978
1#
#24979
0#
#24982
1#
#24983
0#
#24986
1#
#24987
0#
#24990
1#
#24991
0#
#24994
1#
#24995
0#
#24998
1#
#24999
0#
#25002
1#
#25003
0#
#25006
1#
#25007
0#
#25010
1#
1$
1%
1&
1'
1(
1)
1*
1+
1,
1-
1.
1/
10
11
#25011
0#
#25014
1#
#25015
0#
#25018
1#
#25019
0#
#25022
1#
#25023
0#
#25026
1#
#25027
0#
#25030
1#
0$
0%
0&
0'
0(
0)
0*
0+
0,
0-
0.
0/
00
01
#25031
0#
#25034
1#
#25035
0#
#25038
1#
#25039
0#
#25042
1#
#25043
0#
#25046
1#
#25047
0#
#25050
1#
1$
1%
1&
1'
1(
1)
1*
1+
1,
1-
1.
1/
10
11
#25051
0#
#25054
1#
#25055
0#
#25058
1#
#25059
0#
#25062
1#
#25063
0#
#25066
1#
#25067
0#
#25070
1#
#25071
0#
#25074
1#
#25075
0#
#25078
1#
#25079
0#
#25082
1#
#25083
0#
#25086
1#
#25087
0#
#25090
1#
0$
0%
0&
0'
0(
0)
0*
0+
0,
0-
0.
0/
00
01
#25091
0#
#25094
1#
#25095
0#
#25098
1#
#25099
0#
#25102
1#
#25103
0#
#25106
1#
#25107
0#
#25110
1#
1$
1%
1&
1'
1(
1)
1*
1+
1,
1-
1.
1/
10
11
#25111
0#
#25114
1#
#25115
0#
#25118
1#
#25119
0#
#25122
1#
#25123
0#
#25126
1#
#25127
0#
#25130
1#
0$
0%
0&
0'
0(
0)
0*
0+
0,
0-
0.
0/
00
01
#25131
0#
#25134
1#
#25135
0#
#25138
1#
#25139
0#
#25142
1#
#25143
0#
#25146
1#
#25147
0#
#25150
1#
1$
1%
1&
1'
1(
1)
1*
1+
1,
1-
1.
1/
10
11
#25151
0#
#25154
1#
#25155
0#
#25158
1#
#25159
0#
#25162
1#
#25163
0#
#25166
1#
#25167
0#
#25170
1#
#25171
0#
#25174
1#
#25175
0#
#25178
1#
#25179
0#
#25182
1#
#25183
0#
#25186
1#
#25187
0#
#25190
1#
0$
0%
0&
0'
0(
0)
0*
0+
0,
0-
0.
0/
00
01
#25191
0#
#25194
1#
#25195
0#
#25198
1#
#25199
0#
#25202
1#
#25203
0#
#25206
1#
#25207
0#
#25209
1@
#25210
1#
1$
1%
1&
1'
1(
1)
1*
1+
1,
1-
1.
1/
10
11
0@
#25211
0#
#25214
1#
#25215
0#
#25218
1#
#25219
0#
#25222
1#
#25223
0#
#25226
1#
#25227
0#
#25230
1#
0$
0%
0&
0'
0(
0)
0*
0+
0,
0-
0.
0/
00
01
#25231
0#
#25234
1#
#25235
0#
#25238
1#
#25239
0#
#25242
1#
#25243
0#
#25246
1#
#25247
0#
#25250
1#
1$
1%
1&
1'
1(
1)
1*
1+
1,
1-
1.
1/
10
11
#25251
0#
#25254
1#
#25255
0#
#25258
1#
#25259
0#
#25262
1#
#25263
0#
#25266
1#
#25267
0#
#25270
1#
#25271
0#
#25274
1#
#25275
0#
#25278
1#
#25279
0#
#25282
1#
#25283
0#
#25286
1#
#25287
0#
#25290
1#
0$
0%
0&
0'
0(
0)
0*
0+
0,
0-
0.
0/
00
01
#25291
0#
#25294
1#
#25295
0#
#25298
1#
#25299
0#
#25302
1#
#25303
0#
#25306
1#
#25307
0#
#25310
1#
#25311
0#
#25314
1#
#25315
0#
#25318
1#
#25319
0#
#25322
1#
#25323
0#
#25326
1#
#25327
0#
#25330
1#
1$
1%
1&
1'
1(
1)
1*
1+
1,
1-
1.
1/
10
11
#25331
0#
#25334
1#
#25335
0#
#25338
1#
#25339
0#
#25342
1#
#25343
0#
#25346
1#
#25347
0#
#25350
1#
0$
0%
0&
0'
0(
0)
0*
0+
0,
0-
0.
0/
00
01
#25351
0#
#25354
1#
#25355
0#
#25358
1#
#25359
0#
#25362
1#
#25363
0#
#25366
1#
#25367
0#
#25370
1#
1$
1%
1&
1'
1(
1)
1*
1+
1,
1-
1.
1/
10
11
#25371
0#
#25374
1#
#25375
0#
#25378
1#
#25379
0#
#25382
1#
#25383
0#
#25386
1#
#25387
0#
#25390
1#
#25391
0#
#25394
1#
#25395
0#
#25398
1#
#25399
0#
#25402
1#
#25403
0#
#25406
1#
#25407
0#
#25410
1#
0$
0%
0&
0'
0(
0)
0*
0+
0,
0-
0.
0/
00
01
#25411
0#
#25414
1#
#25415
0#
#25418
1#
#25419
0#
#25422
1#
#25423
0#
#25426
1#
#25427
0#
#25430
1#
1$
1%
1&
1'
1(
1)
1*
1+
1,
1-
1.
1/
10
11
#25431
0#
#25434
1#
#25435
0#
#25438
1#
#25439
0#
#25442
1#
#25443
0#
#25446
1#
#25447
0#
#25450
1#
0$
0%
0&
0'
0(
0)
0*
0+
0,
0-
0.
0/
00
01
#25451
0#
#25454
1#
#25455
0#
#25458
1#
#25459
0#
#25462
1#
#25463
0#
#25466
1#
#25467
0#
#25470
1#
1$
1%
1&
1'
1(
1)
1*
1+
1,
1-
1.
1/
10
11
#25471
0#
#25474
1#
#25475
0#
#25478
1#
#25479
0#
#25482
1#
#25483
0#
#25486
1#
#25487
0#
#25490
1#
#25491
0#
#25494
1#
#25495
0#
#25498
1#
#25499
0#
#25502
1#
#25503
0#
#25506
1#
#25507
0#
#25510
1#
0$
0%
0&
0'
0(
0)
0*
0+
0,
0-
0.
0/
00
01
#25511
0#
#25514
1#
#25515
0#
#25518
1#
#25519
0#
#25522
1#
#25523
0#
#25526
1#
#25527
0#
#25529
1@
#25530
1#
1$
1%
1&
1'
1(
1)
1*
1+
1,
1-
1.
1/
10
11
0@
#25531
0#
#25534
1#
#25535
0#
#25538
1#
#25539
0#
#25542
1#
#25543
0#
#25546
1#
#25547
0#
#25550
1#
0$
0%
0&
0'
0(
0)
0*
0+
0,
0-
0.
0/
00
01
#25551
0#
#25554
1#
#25555
0#
#25558
1#
#25559
0#
#25562
1#
#25563
0#
#25566
1#
#25567
0#
#25570
1#
1$
1%
1&
1'
1(
1)
1*
1+
1,
1-
1.
1/
10
11
#25571
0#
#25574
1#
#25575
0#
#25578
1#
#25579
0#
#25582
1#
#25583
0#
#25586
1#
#25587
0#
#25590
1#
#25591
0#
#25594
1#
#25595
0#
#25598
1#
#25599
0#
#25602
1#
#25603
0#
#25606
1#
#25607
0#
#25610
1#
0$
0%
0&
0'
0(
0)
0*
0+
0,
0-
0.
0/
00
01
#25611
0#
#25614
1#
#25615
0#
#25618
1#
#25619
0#
#25622
1#
#25623
0#
#25626
1#
#25627
0#
#25630
1#
#25631
0#
#25634
1#
#25635
0#
#25638
1#
#25639
0#
#25642
1#
#25643
0#
#25646
1#
#25647
0#
#25650
1#
1$
1%
1&
1'
1(
1)
1*
1+
1,
1-
1.
1/
10
11
#25651
0#
#25654
1#
#25655
0#
#25658
1#
#25659
0#
#25662
1#
#25663
0#
#25666
1#
#25667
0#
#25670
1#
0$
0%
0&
0'
0(
0)
0*
0+
0,
0-
0.
0/
00
01
#25671
0#
#25674
1#
#25675
0#
#25678
1#
#25679
0#
#25682
1#
#25683
0#
#25686
1#
#25687
0#
#25690
1#
1$
1%
1&
1'
1(
1)
1*
1+
1,
1-
1.
1/
10
11
#25691
0#
#25694
1#
#25695
0#
#25698
1#
#25699
0#
#25702
1#
#25703
0#
#25706
1#
#25707
0#
#25710
1#
#25711
0#
#25714
1#
#25715
0#
#25718
1#
#25719
0#
#25722
1#
#25723
0#
#25726
1#
#25727
0#
#25730
1#
0$
0%
0&
0'
0(
0)
0*
0+
0,
0-
0.
0/
00
01
#25731
0#
#25734
1#
#25735
0#
#25738
1#
#25739
0#
#25742
1#
#25743
0#
#25746
1#
#25747
0#
#25750
1#
1$
1%
1&
1'
1(
1)
1*
1+
1,
1-
1.
1/
10
11
#25751
0#
#25754
1#
#25755
0#
#25758
1#
#25759
0#
#25762
1#
#25763
0#
#25766
1#
#25767
0#
#25770
1#
0$
0%
0&
0'
0(
0)
0*
0+
0,
0-
0.
0/
00
01
#25771
0#
#25774
1#
#25775
0#
#25778
1#
#25779
0#
#25782
1#
#25783
0#
#25786
1#
#25787
0#
#25790
1#
1$
1%
1&
1'
1(
1)
1*
1+
1,
1-
1.
1/
10
11
#25791
0#
#25794
1#
#25795
0#
#25798
1#
#25799
0#
#25802
1#
#25803
0#
#25806
1#
#25807
0#
#25810
1#
#25811
0#
#25814
1#
#25815
0#
#25818
1#
#25819
0#
#25822
1#
#25823
0#
#25826
1#
#25827
0#
#25830
1#
0$
0%
0&
0'
0(
0)
0*
0+
0,
0-
0.
0/
00
01
#25831
0#
#25834
1#
#25835
0#
#25838
1#
#25839
0#
#25842
1#
#25843
0#
#25846
1#
#25847
0#
#25849
1@
#25850
1#
1$
1%
1&
1'
1(
1)
1*
1+
1,
1-
1.
1/
10
11
0@
#25851
0#
#25854
1#
#25855
0#
#25858
1#
#25859
0#
#25862
1#
#25863
0#
#25866
1#
#25867
0#
#25870
1#
0$
0%
0&
0'
0(
0)
0*
0+
0,
0-
0.
0/
00
01
#25871
0#
#25874
1#
#25875
0#
#25878
1#
#25879
0#
#25882
1#
#25883
0#
#25886
1#
#25887
0#
#25890
1#
1$
1%
1&
1'
1(
1)
1*
1+
1,
1-
1.
1/
10
11
#25891
0#
#25894
1#
#25895
0#
#25898
1#
#25899
0#
#25902
1#
#25903
0#
#25906
1#
#25907
0#
#25910
1#
#25911
0#
#25914
1#
#25915
0#
#25918
1#
#25919
0#
#25922
1#
#25923
0#
#25926
1#
#25927
0#
#25930
1#
0$
0%
0&
0'
0(
0)
0*
0+
0,
0-
0.
0/
00
01
#25931
0#
#25934
1#
#25935
0#
#25938
1#
#25939
0#
#25942
1#
#25943
0#
#25946
1#
#25947
0#
#25950
1#
#25951
0#
#25954
1#
#25955
0#
#25958
1#
#25959
0#
#25962
1#
#25963
0#
#25966
1#
#25967
0#
#25970
1#
1$
1%
1&
1'
1(
1)
1*
1+
1,
1-
1.
1/
10
11
#25971
0#
#25974
1#
#25975
0#
#25978
1#
#25979
0#
#25982
1#
#25983
0#
#25986
1#
#25987
0#
#25990
1#
0$
0%
0&
0'
0(
0)
0*
0+
0,
0-
0.
0/
00
01
#25991
0#
#25994
1#
#25995
0#
#25998
1#
#25999
0#
#26002
1#
#26003
0#
#26006
1#
#26007
0#
#26010
1#
1$
1%
1&
1'
1(
1)
1*
1+
1,
1-
1.
1/
10
11
#26011
0#
#26014
1#
#26015
0#
#26018
1#
#26019
0#
#26022
1#
#26023
0#
#26026
1#
#26027
0#
#26030
1#
#26031
0#
#26034
1#
#26035
0#
#26038
1#
#26039
0#
#26042
1#
#26043
0#
#26046
1#
#26047
0#
#26050
1#
0$
0%
0&
0'
0(
0)
0*
0+
0,
0-
0.
0/
00
01
#26051
0#
#26054
1#
#26055
0#
#26058
1#
#26059
0#
#26062
1#
#26063
0#
#26066
1#
#26067
0#
#26070
1#
1$
1%
1&
1'
1(
1)
1*
1+
1,
1-
1.
1/
10
11
#26071
0#
#26074
1#
#26075
0#
#26078
1#
#26079
0#
#26082
1#
#26083
0#
#26086
1#
#26087
0#
#26090
1#
0$
0%
0&
0'
0(
0)
0*
0+
0,
0-
0.
0/
00
01
#26091
0#
#26094
1#
#26095
0#
#26098
1#
#26099
0#
#26102
1#
#26103
0#
#26106
1#
#26107
0#
#26110
1#
1$
1%
1&
1'
1(
1)
1*
1+
1,
1-
1.
1/
10
11
#26111
0#
#26114
1#
#26115
0#
#26118
1#
#26119
0#
#26122
1#
#26123
0#
#26126
1#
#26127
0#
#26130
1#
#26131
0#
#26134
1#
#26135
0#
#26138
1#
#26139
0#
#26142
1#
#26143
0#
#26146
1#
#26147
0#
#26150
1#
0$
0%
0&
0'
0(
0)
0*
0+
0,
0-
0.
0/
00
01
#26151
0#
#26154
1#
#26155
0#
#26158
1#
#26159
0#
#26162
1#
#26163
0#
#26166
1#
#26167
0#
#26169
1@
#26170
1#
1$
1%
1&
1'
1(
1)
1*
1+
1,
1-
1.
1/
10
11
0@
#26171
0#
#26174
1#
#26175
0#
#26178
1#
#26179
0#
#26182
1#
#26183
0#
#26186
1#
#26187
0#
#26190
1#
0$
0%
0&
0'
0(
0)
0*
0+
0,
0-
0.
0/
00
01
#26191
0#
#26194
1#
#26195
0#
#26198
1#
#26199
0#
#26202
1#
#26203
0#
#26206
1#
#26207
0#
#26210
1#
1$
1%
1&
1'
1(
1)
1*
1+
1,
1-
1.
1/
10
11
#26211
0#
#26214
1#
#26215
0#
#26218
1#
#26219
0#
#26222
1#
#26223
0#
#26226
1#
#26227
0#
#26230
1#
#26231
0#
#26234
1#
#26235
0#
#26238
1#
#26239
0#
#26242
1#
#26243
0#
#26246
1#
#26247
0#
#26250
1#
0$
0%
0&
0'
0(
0)
0*
0+
0,
0-
0.
0/
00
01
#26251
0#
#26254
1#
#26255
0#
#26258
1#
#26259
0#
#26262
1#
#26263
0#
#26266
1#
#26267
0#
#26270
1#
#26271
0#
#26274
1#
#26275
0#
#26278
1#
#26279
0#
#26282
1#
#26283
0#
#26286
1#
#26287
0#
#26290
1#
1$
1%
1&
1'
1(
1)
1*
1+
1,
1-
1.
1/
10
11
#26291
0#
#26294
1#
#26295
0#
#26298
1#
#26299
0#
#26302
1#
#26303
0#
#26306
1#
#26307
0#
#26310
1#
0$
0%
0&
0'
0(
0)
0*
0+
0,
0-
0.
0/
00
01
#26311
0#
#26314
1#
#26315
0#
#26318
1#
#26319
0#
#26322
1#
#26323
0#
#26326
1#
#26327
0#
#26330
1#
1$
1%
1&
1'
1(
1)
1*
1+
1,
1-
1.
1/
10
11
#26331
0#
#26334
1#
#26335
0#
#26338
1#
#26339
0#
#26342
1#
#26343
0#
#26346
1#
#26347
0#
#26350
1#
#26351
0#
#26354
1#
#26355
0#
#26358
1#
#26359
0#
#26362
1#
#26363
0#
#26366
1#
#26367
0#
#26370
1#
0$
0%
0&
0'
0(
0)
0*
0+
0,
0-
0.
0/
00
01
#26371
0#
#26374
1#
#26375
0#
#26378
1#
#26379
0#
#26382
1#
#26383
0#
#26386
1#
#26387
0#
#26390
1#
1$
1%
1&
1'
1(
1)
1*
1+
1,
1-
1.
1/
10
11
#26391
0#
#26394
1#
#26395
0#
#26398
1#
#26399
0#
#26402
1#
#26403
0#
#26406
1#
#26407
0#
#26410
1#
0$
0%
0&
0'
0(
0)
0*
0+
0,
0-
0.
0/
00
01
#26411
0#
#26414
1#
#26415
0#
#26418
1#
#26419
0#
#26422
1#
#26423
0#
#26426
1#
#26427
0#
#26430
1#
1$
1%
1&
1'
1(
1)
1*
1+
1,
1-
1.
1/
10
11
#26431
0#
#26434
1#
#26435
0#
#26438
1#
#26439
0#
#26442
1#
#26443
0#
#26446
1#
#26447
0#
#26450
1#
#26451
0#
#26454
1#
#26455
0#
#26458
1#
#26459
0#
#26462
1#
#26463
0#
#26466
1#
#26467
0#
#26470
1#
0$
0%
0&
0'
0(
0)
0*
0+
0,
0-
0.
0/
00
01
#26471
0#
#26474
1#
#26475
0#
#26478
1#
#26479
0#
#26482
1#
#26483
0#
#26486
1#
#26487
0#
#26489
1@
#26490
1#
1$
1%
1&
1'
1(
1)
1*
1+
1,
1-
1.
1/
10
11
0@
#26491
0#
#26494
1#
#26495
0#
#26498
1#
#26499
0#
#26502
1#
#26503
0#
#26506
1#
#26507
0#
#26510
1#
0$
0%
0&
0'
0(
0)
0*
0+
0,
0-
0.
0/
00
01
#26511
0#
#26514
1#
#26515
0#
#26518
1#
#26519
0#
#26522
1#
#26523
0#
#26526
1#
#26527
0#
#26530
1#
1$
1%
1&
1'
1(
1)
1*
1+
1,
1-
1.
1/
10
11
#26531
0#
#26534
1#
#26535
0#
#26538
1#
#26539
0#
#26542
1#
#26543
0#
#26546
1#
#26547
0#
#26550
1#
#26551
0#
#26554
1#
#26555
0#
#26558
1#
#26559
0#
#26562
1#
#26563
0#
#26566
1#
#26567
0#
#26570
1#
0$
0%
0&
0'
0(
0)
0*
0+
0,
0-
0.
0/
00
01
#26571
0#
#26574
1#
#26575
0#
#26578
1#
#26579
0#
#26582
1#
#26583
0#
#26586
1#
#26587
0#
#26590
1#
#26591
0#
#26594
1#
#26595
0#
#26598
1#
#26599
0#
#26602
1#
#26603
0#
#26606
1#
#26607
0#
#26610
1#
1$
1%
1&
1'
1(
1)
1*
1+
1,
1-
1.
1/
10
11
#26611
0#
#26614
1#
#26615
0#
#26618
1#
#26619
0#
#26622
1#
#26623
0#
#26626
1#
#26627
0#
#26630
1#
0$
0%
0&
0'
0(
0)
0*
0+
0,
0-
0.
0/
00
01
#26631
0#
#26634
1#
#26635
0#
#26638
1#
#26639
0#
#26642
1#
#26643
0#
#26646
1#
#26647
0#
#26650
1#
1$
1%
1&
1'
1(
1)
1*
1+
1,
1-
1.
1/
10
11
#26651
0#
#26654
1#
#26655
0#
#26658
1#
#26659
0#
#26662
1#
#26663
0#
#26666
1#
#26667
0#
#26670
1#
#26671
0#
#26674
1#
#26675
0#
#26678
1#
#26679
0#
#26682
1#
#26683
0#
#26686
1#
#26687
0#
#26690
1#
0$
0%
0&
0'
0(
0)
0*
0+
0,
0-
0.
0/
00
01
#26691
0#
#26694
1#
#26695
0#
#26698
1#
#26699
0#
#26702
1#
#26703
0#
#26706
1#
#26707
0#
#26710
1#
1$
1%
1&
1'
1(
1)
1*
1+
1,
1-
1.
1/
10
11
#26711
0#
#26714
1#
#26715
0#
#26718
1#
#26719
0#
#26722
1#
#26723
0#
#26726
1#
#26727
0#
#26730
1#
0$
0%
0&
0'
0(
0)
0*
0+
0,
0-
0.
0/
00
01
#26731
0#
#26734
1#
#26735
0#
#26738
1#
#26739
0#
#26742
1#
#26743
0#
#26746
1#
#26747
0#
#26750
1#
1$
1%
1&
1'
1(
1)
1*
1+
1,
1-
1.
1/
10
11
#26751
0#
#26754
1#
#26755
0#
#26758
1#
#26759
0#
#26762
1#
#26763
0#
#26766
1#
#26767
0#
#26770
1#
#26771
0#
#26774
1#
#26775
0#
#26778
1#
#26779
0#
#26782
1#
#26783
0#
#26786
1#
#26787
0#
#26790
1#
0$
0%
0&
0'
0(
0)
0*
0+
0,
0-
0.
0/
00
01
#26791
0#
#26794
1#
#26795
0#
#26798
1#
#26799
0#
#26802
1#
#26803
0#
#26806
1#
#26807
0#
#26809
1@
#26810
1#
1$
1%
1&
1'
1(
1)
1*
1+
1,
1-
1.
1/
10
11
0@
#26811
0#
#26814
1#
#26815
0#
#26818
1#
#26819
0#
#26822
1#
#26823
0#
#26826
1#
#26827
0#
#26830
1#
0$
0%
0&
0'
0(
0)
0*
0+
0,
0-
0.
0/
00
01
#26831
0#
#26834
1#
#26835
0#
#26838
1#
#26839
0#
#26842
1#
#26843
0#
#26846
1#
#26847
0#
#26850
1#
1$
1%
1&
1'
1(
1)
1*
1+
1,
1-
1.
1/
10
11
#26851
0#
#26854
1#
#26855
0#
#26858
1#
#26859
0#
#26862
1#
#26863
0#
#26866
1#
#26867
0#
#26870
1#
#26871
0#
#26874
1#
#26875
0#
#26878
1#
#26879
0#
#26882
1#
#26883
0#
#26886
1#
#26887
0#
#26890
1#
0$
0%
0&
0'
0(
0)
0*
0+
0,
0-
0.
0/
00
01
#26891
0#
#26894
1#
#26895
0#
#26898
1#
#26899
0#
#26902
1#
#26903
0#
#26906
1#
#26907
0#
#26910
1#
#26911
0#
#26914
1#
#26915
0#
#26918
1#
#26919
0#
#26922
1#
#26923
0#
#26926
1#
#26927
0#
#26930
1#
1$
1%
1&
1'
1(
1)
1*
1+
1,
1-
1.
1/
10
11
#26931
0#
#26934
1#
#26935
0#
#26938
1#
#26939
0#
#26942
1#
#26943
0#
#26946
1#
#26947
0#
#26950
1#
0$
0%
0&
0'
0(
0)
0*
0+
0,
0-
0.
0/
00
01
#26951
0#
#26954
1#
#26955
0#
#26958
1#
#26959
0#
#26962
1#
#26963
0#
#26966
1#
#26967
0#
#26970
1#
1$
1%
1&
1'
1(
1)
1*
1+
1,
1-
1.
1/
10
11
#26971
0#
#26974
1#
#26975
0#
#26978
1#
#26979
0#
#26982
1#
#26983
0#
#26986
1#
#26987
0#
#26990
1#
#26991
0#
#26994
1#
#26995
0#
#26998
1#
#26999
0#
#27002
1#
#27003
0#
#27006
1#
#27007
0#
#27010
1#
0$
0%
0&
0'
0(
0)
0*
0+
0,
0-
0.
0/
00
01
#27011
0#
#27014
1#
#27015
0#
#27018
1#
#27019
0#
#27022
1#
#27023
0#
#27026
1#
#27027
0#
#27030
1#
1$
1%
1&
1'
1(
1)
1*
1+
1,
1-
1.
1/
10
11
#27031
0#
#27034
1#
#27035
0#
#27038
1#
#27039
0#
#27042
1#
#27043
0#
#27046
1#
#27047
0#
#27050
1#
0$
0%
0&
0'
0(
0)
0*
0+
0,
0-
0.
0/
00
01
#27051
0#
#27054
1#
#27055
0#
#27058
1#
#27059
0#
#27062
1#
#27063
0#
#27066
1#
#27067
0#
#27070
1#
1$
1%
1&
1'
1(
1)
1*
1+
1,
1-
1.
1/
10
11
#27071
0#
#27074
1#
#27075
0#
#27078
1#
#27079
0#
#27082
1#
#27083
0#
#27086
1#
#27087
0#
#27090
1#
#27091
0#
#27094
1#
#27095
0#
#27098
1#
#27099
0#
#27102
1#
#27103
0#
#27106
1#
#27107
0#
#27110
1#
0$
0%
0&
0'
0(
0)
0*
0+
0,
0-
0.
0/
00
01
#27111
0#
#27114
1#
#27115
0#
#27118
1#
#27119
0#
#27122
1#
#27123
0#
#27126
1#
#27127
0#
#27129
1@
#27130
1#
1$
1%
1&
1'
1(
1)
1*
1+
1,
1-
1.
1/
10
11
0@
#27131
0#
#27134
1#
#27135
0#
#27138
1#
#27139
0#
#27142
1#
#27143
0#
#27146
1#
#27147
0#
#27150
1#
0$
0%
0&
0'
0(
0)
0*
0+
0,
0-
0.
0/
00
01
#27151
0#
#27154
1#
#27155
0#
#27158
1#
#27159
0#
#27162
1#
#27163
0#
#27166
1#
#27167
0#
#27170
1#
1$
1%
1&
1'
1(
1)
1*
1+
1,
1-
1.
1/
10
11
#27171
0#
#27174
1#
#27175
0#
#27178
1#
#27179
0#
#27182
1#
#27183
0#
#27186
1#
#27187
0#
#27190
1#
#27191
0#
#27194
1#
#27195
0#
#27198
1#
#27199
0#
#27202
1#
#27203
0#
#27206
1#
#27207
0#
#27210
1#
0$
0%
0&
0'
0(
0)
0*
0+
0,
0-
0.
0/
00
01
#27211
0#
#27214
1#
#27215
0#
#27218
1#
#27219
0#
#27222
1#
#27223
0#
#27226
1#
#27227
0#
#27230
1#
#27231
0#
#27234
1#
#27235
0#
#27238
1#
#27239
0#
#27242
1#
#27243
0#
#27246
1#
#27247
0#
#27250
1#
1$
1%
1&
1'
1(
1)
1*
1+
1,
1-
1.
1/
10
11
#27251
0#
#27254
1#
#27255
0#
#27258
1#
#27259
0#
#27262
1#
#27263
0#
#27266
1#
#27267
0#
#27270
1#
0$
0%
0&
0'
0(
0)
0*
0+
0,
0-
0.
0/
00
01
#27271
0#
#27274
1#
#27275
0#
#27278
1#
#27279
0#
#27282
1#
#27283
0#
#27286
1#
#27287
0#
#27290
1#
1$
1%
1&
1'
1(
1)
1*
1+
1,
1-
1.
1/
10
11
#27291
0#
#27294
1#
#27295
0#
#27298
1#
#27299
0#
#27302
1#
#27303
0#
#27306
1#
#27307
0#
#27310
1#
#27311
0#
#27314
1#
#27315
0#
#27318
1#
#27319
0#
#27322
1#
#27323
0#
#27326
1#
#27327
0#
#27330
1#
0$
0%
0&
0'
0(
0)
0*
0+
0,
0-
0.
0/
00
01
#27331
0#
#27334
1#
#27335
0#
#27338
1#
#27339
0#
#27342
1#
#27343
0#
#27346
1#
#27347
0#
#27350
1#
1$
1%
1&
1'
1(
1)
1*
1+
1,
1-
1.
1/
10
11
#27351
0#
#27354
1#
#27355
0#
#27358
1#
#27359
0#
#27362
1#
#27363
0#
#27366
1#
#27367
0#
#27370
1#
0$
0%
0&
0'
0(
0)
0*
0+
0,
0-
0.
0/
00
01
#27371
0#
#27374
1#
#27375
0#
#27378
1#
#27379
0#
#27382
1#
#27383
0#
#27386
1#
#27387
0#
#27390
1#
1$
1%
1&
1'
1(
1)
1*
1+
1,
1-
1.
1/
10
11
#27391
0#
#27394
1#
#27395
0#
#27398
1#
#27399
0#
#27402
1#
#27403
0#
#27406
1#
#27407
0#
#27410
1#
#27411
0#
#27414
1#
#27415
0#
#27418
1#
#27419
0#
#27422
1#
#27423
0#
#27426
1#
#27427
0#
#27430
1#
0$
0%
0&
0'
0(
0)
0*
0+
0,
0-
0.
0/
00
01
#27431
0#
#27434
1#
#27435
0#
#27438
1#
#27439
0#
#27442
1#
#27443
0#
#27446
1#
#27447
0#
#27449
1@
#27450
1#
1$
1%
1&
1'
1(
1)
1*
1+
1,
1-
1.
1/
10
11
0@
#27451
0#
#27454
1#
#27455
0#
#27458
1#
#27459
0#
#27462
1#
#27463
0#
#27466
1#
#27467
0#
#27470
1#
0$
0%
0&
0'
0(
0)
0*
0+
0,
0-
0.
0/
00
01
#27471
0#
#27474
1#
#27475
0#
#27478
1#
#27479
0#
#27482
1#
#27483
0#
#27486
1#
#27487
0#
#27490
1#
1$
1%
1&
1'
1(
1)
1*
1+
1,
1-
1.
1/
10
11
#27491
0#
#27494
1#
#27495
0#
#27498
1#
#27499
0#
#27502
1#
#27503
0#
#27506
1#
#27507
0#
#27510
1#
#27511
0#
#27514
1#
#27515
0#
#27518
1#
#27519
0#
#27522
1#
#27523
0#
#27526
1#
#27527
0#
#27530
1#
0$
0%
0&
0'
0(
0)
0*
0+
0,
0-
0.
0/
00
01
#27531
0#
#27534
1#
#27535
0#
#27538
1#
#27539
0#
#27542
1#
#27543
0#
#27546
1#
#27547
0#
#27550
1#
#27551
0#
#27554
1#
#27555
0#
#27558
1#
#27559
0#
#27562
1#
#27563
0#
#27566
1#
#27567
0#
#27570
1#
1$
1%
1&
1'
1(
1)
1*
1+
1,
1-
1.
1/
10
11
#27571
0#
#27574
1#
#27575
0#
#27578
1#
#27579
0#
#27582
1#
#27583
0#
#27586
1#
#27587
0#
#27590
1#
0$
0%
0&
0'
0(
0)
0*
0+
0,
0-
0.
0/
00
01
#27591
0#
#27594
1#
#27595
0#
#27598
1#
#27599
0#
#27602
1#
#27603
0#
#27606
1#
#27607
0#
#27610
1#
1$
1%
1&
1'
1(
1)
1*
1+
1,
1-
1.
1/
10
11
#27611
0#
#27614
1#
#27615
0#
#27618
1#
#27619
0#
#27622
1#
#27623
0#
#27626
1#
#27627
0#
#27630
1#
#27631
0#
#27634
1#
#27635
0#
#27638
1#
#27639
0#
#27642
1#
#27643
0#
#27646
1#
#27647
0#
#27650
1#
0$
0%
0&
0'
0(
0)
0*
0+
0,
0-
0.
0/
00
01
#27651
0#
#27654
1#
#27655
0#
#27658
1#
#27659
0#
#27662
1#
#27663
0#
#27666
1#
#27667
0#
#27670
1#
1$
1%
1&
1'
1(
1)
1*
1+
1,
1-
1.
1/
10
11
#27671
0#
#27674
1#
#27675
0#
#27678
1#
#27679
0#
#27682
1#
#27683
0#
#27686
1#
#27687
0#
#27690
1#
0$
0%
0&
0'
0(
0)
0*
0+
0,
0-
0.
0/
00
01
#27691
0#
#27694
1#
#27695
0#
#27698
1#
#27699
0#
#27702
1#
#27703
0#
#27706
1#
#27707
0#
#27710
1#
1$
1%
1&
1'
1(
1)
1*
1+
1,
1-
1.
1/
10
11
#27711
0#
#27714
1#
#27715
0#
#27718
1#
#27719
0#
#27722
1#
#27723
0#
#27726
1#
#27727
0#
#27730
1#
#27731
0#
#27734
1#
#27735
0#
#27738
1#
#27739
0#
#27742
1#
#27743
0#
#27746
1#
#27747
0#
#27750
1#
0$
0%
0&
0'
0(
0)
0*
0+
0,
0-
0.
0/
00
01
#27751
0#
#27754
1#
#27755
0#
#27758
1#
#27759
0#
#27762
1#
#27763
0#
#27766
1#
#27767
0#
#27769
1@
#27770
1#
1$
1%
1&
1'
1(
1)
1*
1+
1,
1-
1.
1/
10
11
0@
#27771
0#
#27774
1#
#27775
0#
#27778
1#
#27779
0#
#27782
1#
#27783
0#
#27786
1#
#27787
0#
#27790
1#
0$
0%
0&
0'
0(
0)
0*
0+
0,
0-
0.
0/
00
01
#27791
0#
#27794
1#
#27795
0#
#27798
1#
#27799
0#
#27802
1#
#27803
0#
#27806
1#
#27807
0#
#27810
1#
1$
1%
1&
1'
1(
1)
1*
1+
1,
1-
1.
1/
10
11
#27811
0#
#27814
1#
#27815
0#
#27818
1#
#27819
0#
#27822
1#
#27823
0#
#27826
1#
#27827
0#
#27830
1#
#27831
0#
#27834
1#
#27835
0#
#27838
1#
#27839
0#
#27842
1#
#27843
0#
#27846
1#
#27847
0#
#27850
1#
0$
0%
0&
0'
0(
0)
0*
0+
0,
0-
0.
0/
00
01
#27851
0#
#27854
1#
#27855
0#
#27858
1#
#27859
0#
#27862
1#
#27863
0#
#27866
1#
#27867
0#
#27870
1#
#27871
0#
#27874
1#
#27875
0#
#27878
1#
#27879
0#
#27882
1#
#27883
0#
#27886
1#
#27887
0#
#27890
1#
1$
1%
1&
1'
1(
1)
1*
1+
1,
1-
1.
1/
10
11
#27891
0#
#27894
1#
#27895
0#
#27898
1#
#27899
0#
#27902
1#
#27903
0#
#27906
1#
#27907
0#
#27910
1#
0$
0%
0&
0'
0(
0)
0*
0+
0,
0-
0.
0/
00
01
#27911
0#
#27914
1#
#27915
0#
#27918
1#
#27919
0#
#27922
1#
#27923
0#
#27926
1#
#27927
0#
#27930
1#
1$
1%
1&
1'
1(
1)
1*
1+
1,
1-
1.
1/
10
11
#27931
0#
#27934
1#
#27935
0#
#27938
1#
#27939
0#
#27942
1#
#27943
0#
#27946
1#
#27947
0#
#27950
1#
#27951
0#
#27954
1#
#27955
0#
#27958
1#
#27959
0#
#27962
1#
#27963
0#
#27966
1#
#27967
0#
#27970
1#
0$
0%
0&
0'
0(
0)
0*
0+
0,
0-
0.
0/
00
01
#27971
0#
#27974
1#
#27975
0#
#27978
1#
#27979
0#
#27982
1#
#27983
0#
#27986
1#
#27987
0#
#27990
1#
1$
1%
1&
1'
1(
1)
1*
1+
1,
1-
1.
1/
10
11
#27991
0#
#27994
1#
#27995
0#
#27998
1#
#27999
0#
#28002
1#
#28003
0#
#28006
1#
#28007
0#
#28010
1#
0$
0%
0&
0'
0(
0)
0*
0+
0,
0-
0.
0/
00
01
#28011
0#
#28014
1#
#28015
0#
#28018
1#
#28019
0#
#28022
1#
#28023
0#
#28026
1#
#28027
0#
#28030
1#
1$
1%
1&
1'
1(
1)
1*
1+
1,
1-
1.
1/
10
11
#28031
0#
#28034
1#
#28035
0#
#28038
1#
#28039
0#
#28042
1#
#28043
0#
#28046
1#
#28047
0#
#28050
1#
#28051
0#
#28054
1#
#28055
0#
#28058
1#
#28059
0#
#28062
1#
#28063
0#
#28066
1#
#28067
0#
#28070
1#
0$
0%
0&
0'
0(
0)
0*
0+
0,
0-
0.
0/
00
01
#28071
0#
#28074
1#
#28075
0#
#28078
1#
#28079
0#
#28082
1#
#28083
0#
#28086
1#
#28087
0#
#28089
1@
#28090
1#
1$
1%
1&
1'
1(
1)
1*
1+
1,
1-
1.
1/
10
11
0@
#28091
0#
#28094
1#
#28095
0#
#28098
1#
#28099
0#
#28102
1#
#28103
0#
#28106
1#
#28107
0#
#28110
1#
0$
0%
0&
0'
0(
0)
0*
0+
0,
0-
0.
0/
00
01
#28111
0#
#28114
1#
#28115
0#
#28118
1#
#28119
0#
#28122
1#
#28123
0#
#28126
1#
#28127
0#
#28130
1#
1$
1%
1&
1'
1(
1)
1*
1+
1,
1-
1.
1/
10
11
#28131
0#
#28134
1#
#28135
0#
#28138
1#
#28139
0#
#28142
1#
#28143
0#
#28146
1#
#28147
0#
#28150
1#
#28151
0#
#28154
1#
#28155
0#
#28158
1#
#28159
0#
#28162
1#
#28163
0#
#28166
1#
#28167
0#
#28170
1#
0$
0%
0&
0'
0(
0)
0*
0+
0,
0-
0.
0/
00
01
#28171
0#
#28174
1#
#28175
0#
#28178
1#
#28179
0#
#28182
1#
#28183
0#
#28186
1#
#28187
0#
#28190
1#
#28191
0#
#28194
1#
#28195
0#
#28198
1#
#28199
0#
#28202
1#
#28203
0#
#28206
1#
#28207
0#
#28210
1#
1$
1%
1&
1'
1(
1)
1*
1+
1,
1-
1.
1/
10
11
#28211
0#
#28214
1#
#28215
0#
#28218
1#
#28219
0#
#28222
1#
#28223
0#
#28226
1#
#28227
0#
#28230
1#
0$
0%
0&
0'
0(
0)
0*
0+
0,
0-
0.
0/
00
01
#28231
0#
#28234
1#
#28235
0#
#28238
1#
#28239
0#
#28242
1#
#28243
0#
#28246
1#
#28247
0#
#28250
1#
1$
1%
1&
1'
1(
1)
1*
1+
1,
1-
1.
1/
10
11
#28251
0#
#28254
1#
#28255
0#
#28258
1#
#28259
0#
#28262
1#
#28263
0#
#28266
1#
#28267
0#
#28270
1#
#28271
0#
#28274
1#
#28275
0#
#28278
1#
#28279
0#
#28282
1#
#28283
0#
#28286
1#
#28287
0#
#28290
1#
0$
0%
0&
0'
0(
0)
0*
0+
0,
0-
0.
0/
00
01
#28291
0#
#28294
1#
#28295
0#
#28298
1#
#28299
0#
#28302
1#
#28303
0#
#28306
1#
#28307
0#
#28310
1#
1$
1%
1&
1'
1(
1)
1*
1+
1,
1-
1.
1/
10
11
#28311
0#
#28314
1#
#28315
0#
#28318
1#
#28319
0#
#28322
1#
#28323
0#
#28326
1#
#28327
0#
#28330
1#
0$
0%
0&
0'
0(
0)
0*
0+
0,
0-
0.
0/
00
01
#28331
0#
#28334
1#
#28335
0#
#28338
1#
#28339
0#
#28342
1#
#28343
0#
#28346
1#
#28347
0#
#28350
1#
1$
1%
1&
1'
1(
1)
1*
1+
1,
1-
1.
1/
10
11
#28351
0#
#28354
1#
#28355
0#
#28358
1#
#28359
0#
#28362
1#
#28363
0#
#28366
1#
#28367
0#
#28370
1#
#28371
0#
#28374
1#
#28375
0#
#28378
1#
#28379
0#
#28382
1#
#28383
0#
#28386
1#
#28387
0#
#28390
1#
0$
0%
0&
0'
0(
0)
0*
0+
0,
0-
0.
0/
00
01
#28391
0#
#28394
1#
#28395
0#
#28398
1#
#28399
0#
#28402
1#
#28403
0#
#28406
1#
#28407
0#
#28409
1@
#28410
1#
1$
1%
1&
1'
1(
1)
1*
1+
1,
1-
1.
1/
10
11
0@
#28411
0#
#28414
1#
#28415
0#
#28418
1#
#28419
0#
#28422
1#
#28423
0#
#28426
1#
#28427
0#
#28430
1#
0$
0%
0&
0'
0(
0)
0*
0+
0,
0-
0.
0/
00
01
#28431
0#
#28434
1#
#28435
0#
#28438
1#
#28439
0#
#28442
1#
#28443
0#
#28446
1#
#28447
0#
#28450
1#
1$
1%
1&
1'
1(
1)
1*
1+
1,
1-
1.
1/
10
11
#28451
0#
#28454
1#
#28455
0#
#28458
1#
#28459
0#
#28462
1#
#28463
0#
#28466
1#
#28467
0#
#28470
1#
#28471
0#
#28474
1#
#28475
0#
#28478
1#
#28479
0#
#28482
1#
#28483
0#
#28486
1#
#28487
0#
#28490
1#
0$
0%
0&
0'
0(
0)
0*
0+
0,
0-
0.
0/
00
01
#28491
0#
#28494
1#
#28495
0#
#28498
1#
#28499
0#
#28502
1#
#28503
0#
#28506
1#
#28507
0#
#28510
1#
#28511
0#
#28514
1#
#28515
0#
#28518
1#
#28519
0#
#28522
1#
#28523
0#
#28526
1#
#28527
0#
#28530
1#
1$
1%
1&
1'
1(
1)
1*
1+
1,
1-
1.
1/
10
11
#28531
0#
#28534
1#
#28535
0#
#28538
1#
#28539
0#
#28542
1#
#28543
0#
#28546
1#
#28547
0#
#28550
1#
0$
0%
0&
0'
0(
0)
0*
0+
0,
0-
0.
0/
00
01
#28551
0#
#28554
1#
#28555
0#
#28558
1#
#28559
0#
#28562
1#
#28563
0#
#28566
1#
#28567
0#
#28570
1#
1$
1%
1&
1'
1(
1)
1*
1+
1,
1-
1.
1/
10
11
#28571
0#
#28574
1#
#28575
0#
#28578
1#
#28579
0#
#28582
1#
#28583
0#
#28586
1#
#28587
0#
#28590
1#
#28591
0#
#28594
1#
#28595
0#
#28598
1#
#28599
0#
#28602
1#
#28603
0#
#28606
1#
#28607
0#
#28610
1#
0$
0%
0&
0'
0(
0)
0*
0+
0,
0-
0.
0/
00
01
#28611
0#
#28614
1#
#28615
0#
#28618
1#
#28619
0#
#28622
1#
#28623
0#
#28626
1#
#28627
0#
#28630
1#
1$
1%
1&
1'
1(
1)
1*
1+
1,
1-
1.
1/
10
11
#28631
0#
#28634
1#
#28635
0#
#28638
1#
#28639
0#
#28642
1#
#28643
0#
#28646
1#
#28647
0#
#28650
1#
0$
0%
0&
0'
0(
0)
0*
0+
0,
0-
0.
0/
00
01
#28651
0#
#28654
1#
#28655
0#
#28658
1#
#28659
0#
#28662
1#
#28663
0#
#28666
1#
#28667
0#
#28670
1#
1$
1%
1&
1'
1(
1)
1*
1+
1,
1-
1.
1/
10
11
#28671
0#
#28674
1#
#28675
0#
#28678
1#
#28679
0#
#28682
1#
#28683
0#
#28686
1#
#28687
0#
#28690
1#
#28691
0#
#28694
1#
#28695
0#
#28698
1#
#28699
0#
#28702
1#
#28703
0#
#28706
1#
#28707
0#
#28710
1#
0$
0%
0&
0'
0(
0)
0*
0+
0,
0-
0.
0/
00
01
#28711
0#
#28714
1#
#28715
0#
#28718
1#
#28719
0#
#28722
1#
#28723
0#
#28726
1#
#28727
0#
#28729
1@
#28730
1#
1$
1%
1&
1'
1(
1)
1*
1+
1,
1-
1.
1/
10
11
0@
#28731
0#
#28734
1#
#28735
0#
#28738
1#
#28739
0#
#28742
1#
#28743
0#
#28746
1#
#28747
0#
#28750
1#
0$
0%
0&
0'
0(
0)
0*
0+
0,
0-
0.
0/
00
01
#28751
0#
#28754
1#
#28755
0#
#28758
1#
#28759
0#
#28762
1#
#28763
0#
#28766
1#
#28767
0#
#28770
1#
1$
1%
1&
1'
1(
1)
1*
1+
1,
1-
1.
1/
10
11
#28771
0#
#28774
1#
#28775
0#
#28778
1#
#28779
0#
#28782
1#
#28783
0#
#28786
1#
#28787
0#
#28790
1#
#28791
0#
#28794
1#
#28795
0#
#28798
1#
#28799
0#
#28802
1#
#28803
0#
#28806
1#
#28807
0#
#28810
1#
0$
0%
0&
0'
0(
0)
0*
0+
0,
0-
0.
0/
00
01
#28811
0#
#28814
1#
#28815
0#
#28818
1#
#28819
0#
#28822
1#
#28823
0#
#28826
1#
#28827
0#
#28830
1#
#28831
0#
#28834
1#
#28835
0#
#28838
1#
#28839
0#
#28842
1#
#28843
0#
#28846
1#
#28847
0#
#28850
1#
1$
1%
1&
1'
1(
1)
1*
1+
1,
1-
1.
1/
10
11
#28851
0#
#28854
1#
#28855
0#
#28858
1#
#28859
0#
#28862
1#
#28863
0#
#28866
1#
#28867
0#
#28870
1#
0$
0%
0&
0'
0(
0)
0*
0+
0,
0-
0.
0/
00
01
#28871
0#
#28874
1#
#28875
0#
#28878
1#
#28879
0#
#28882
1#
#28883
0#
#28886
1#
#28887
0#
#28890
1#
1$
1%
1&
1'
1(
1)
1*
1+
1,
1-
1.
1/
10
11
#28891
0#
#28894
1#
#28895
0#
#28898
1#
#28899
0#
#28902
1#
#28903
0#
#28906
1#
#28907
0#
#28910
1#
#28911
0#
#28914
1#
#28915
0#
#28918
1#
#28919
0#
#28922
1#
#28923
0#
#28926
1#
#28927
0#
#28930
1#
0$
0%
0&
0'
0(
0)
0*
0+
0,
0-
0.
0/
00
01
#28931
0#
#28934
1#
#28935
0#
#28938
1#
#28939
0#
#28942
1#
#28943
0#
#28946
1#
#28947
0#
#28950
1#
1$
1%
1&
1'
1(
1)
1*
1+
1,
1-
1.
1/
10
11
#28951
0#
#28954
1#
#28955
0#
#28958
1#
#28959
0#
#28962
1#
#28963
0#
#28966
1#
#28967
0#
#28970
1#
0$
0%
0&
0'
0(
0)
0*
0+
0,
0-
0.
0/
00
01
#28971
0#
#28974
1#
#28975
0#
#28978
1#
#28979
0#
#28982
1#
#28983
0#
#28986
1#
#28987
0#
#28990
1#
1$
1%
1&
1'
1(
1)
1*
1+
1,
1-
1.
1/
10
11
#28991
0#
#28994
1#
#28995
0#
#28998
1#
#28999
0#
#29002
1#
#29003
0#
#29006
1#
#29007
0#
#29010
1#
#29011
0#
#29014
1#
#29015
0#
#29018
1#
#29019
0#
#29022
1#
#29023
0#
#29026
1#
#29027
0#
#29030
1#
0$
0%
0&
0'
0(
0)
0*
0+
0,
0-
0.
0/
00
01
#29031
0#
#29034
1#
#29035
0#
#29038
1#
#29039
0#
#29042
1#
#29043
0#
#29046
1#
#29047
0#
#29049
1@
#29050
1#
1$
1%
1&
1'
1(
1)
1*
1+
1,
1-
1.
1/
10
11
0@
#29051
0#
#29054
1#
#29055
0#
#29058
1#
#29059
0#
#29062
1#
#29063
0#
#29066
1#
#29067
0#
#29070
1#
0$
0%
0&
0'
0(
0)
0*
0+
0,
0-
0.
0/
00
01
#29071
0#
#29074
1#
#29075
0#
#29078
1#
#29079
0#
#29082
1#
#29083
0#
#29086
1#
#29087
0#
#29090
1#
1$
1%
1&
1'
1(
1)
1*
1+
1,
1-
1.
1/
10
11
#29091
0#
#29094
1#
#29095
0#
#29098
1#
#29099
0#
#29102
1#
#29103
0#
#29106
1#
#29107
0#
#29110
1#
#29111
0#
#29114
1#
#29115
0#
#29118
1#
#29119
0#
#29122
1#
#29123
0#
#29126
1#
#29127
0#
#29130
1#
0$
0%
0&
0'
0(
0)
0*
0+
0,
0-
0.
0/
00
01
#29131
0#
#29134
1#
#29135
0#
#29138
1#
#29139
0#
#29142
1#
#29143
0#
#29146
1#
#29147
0#
#29150
1#
#29151
0#
#29154
1#
#29155
0#
#29158
1#
#29159
0#
#29162
1#
#29163
0#
#29166
1#
#29167
0#
#29170
1#
1$
1%
1&
1'
1(
1)
1*
1+
1,
1-
1.
1/
10
11
#29171
0#
#29174
1#
#29175
0#
#29178
1#
#29179
0#
#29182
1#
#29183
0#
#29186
1#
#29187
0#
#29190
1#
0$
0%
0&
0'
0(
0)
0*
0+
0,
0-
0.
0/
00
01
#29191
0#
#29194
1#
#29195
0#
#29198
1#
#29199
0#
#29202
1#
#29203
0#
#29206
1#
#29207
0#
#29210
1#
1$
1%
1&
1'
1(
1)
1*
1+
1,
1-
1.
1/
10
11
#29211
0#
#29214
1#
#29215
0#
#29218
1#
#29219
0#
#29222
1#
#29223
0#
#29226
1#
#29227
0#
#29230
1#
#29231
0#
#29234
1#
#29235
0#
#29238
1#
#29239
0#
#29242
1#
#29243
0#
#29246
1#
#29247
0#
#29250
1#
0$
0%
0&
0'
0(
0)
0*
0+
0,
0-
0.
0/
00
01
#29251
0#
#29254
1#
#29255
0#
#29258
1#
#29259
0#
#29262
1#
#29263
0#
#29266
1#
#29267
0#
#29270
1#
1$
1%
1&
1'
1(
1)
1*
1+
1,
1-
1.
1/
10
11
#29271
0#
#29274
1#
#29275
0#
#29278
1#
#29279
0#
#29282
1#
#29283
0#
#29286
1#
#29287
0#
#29290
1#
0$
0%
0&
0'
0(
0)
0*
0+
0,
0-
0.
0/
00
01
#29291
0#
#29294
1#
#29295
0#
#29298
1#
#29299
0#
#29302
1#
#29303
0#
#29306
1#
#29307
0#
#29310
1#
1$
1%
1&
1'
1(
1)
1*
1+
1,
1-
1.
1/
10
11
#29311
0#
#29314
1#
#29315
0#
#29318
1#
#29319
0#
#29322
1#
#29323
0#
#29326
1#
#29327
0#
#29330
1#
#29331
0#
#29334
1#
#29335
0#
#29338
1#
#29339
0#
#29342
1#
#29343
0#
#29346
1#
#29347
0#
#29350
1#
0$
0%
0&
0'
0(
0)
0*
0+
0,
0-
0.
0/
00
01
#29351
0#
#29354
1#
#29355
0#
#29358
1#
#29359
0#
#29362
1#
#29363
0#
#29366
1#
#29367
0#
#29369
1@
#29370
1#
1$
1%
1&
1'
1(
1)
1*
1+
1,
1-
1.
1/
10
11
0@
#29371
0#
#29374
1#
#29375
0#
#29378
1#
#29379
0#
#29382
1#
#29383
0#
#29386
1#
#29387
0#
#29390
1#
0$
0%
0&
0'
0(
0)
0*
0+
0,
0-
0.
0/
00
01
#29391
0#
#29394
1#
#29395
0#
#29398
1#
#29399
0#
#29402
1#
#29403
0#
#29406
1#
#29407
0#
#29410
1#
1$
1%
1&
1'
1(
1)
1*
1+
1,
1-
1.
1/
10
11
#29411
0#
#29414
1#
#29415
0#
#29418
1#
#29419
0#
#29422
1#
#29423
0#
#29426
1#
#29427
0#
#29430
1#
#29431
0#
#29434
1#
#29435
0#
#29438
1#
#29439
0#
#29442
1#
#29443
0#
#29446
1#
#29447
0#
#29450
1#
0$
0%
0&
0'
0(
0)
0*
0+
0,
0-
0.
0/
00
01
#29451
0#
#29454
1#
#29455
0#
#29458
1#
#29459
0#
#29462
1#
#29463
0#
#29466
1#
#29467
0#
#29470
1#
#29471
0#
#29474
1#
#29475
0#
#29478
1#
#29479
0#
#29482
1#
#29483
0#
#29486
1#
#29487
0#
#29490
1#
1$
1%
1&
1'
1(
1)
1*
1+
1,
1-
1.
1/
10
11
#29491
0#
#29494
1#
#29495
0#
#29498
1#
#29499
0#
#29502
1#
#29503
0#
#29506
1#
#29507
0#
#29510
1#
0$
0%
0&
0'
0(
0)
0*
0+
0,
0-
0.
0/
00
01
#29511
0#
#29514
1#
#29515
0#
#29518
1#
#29519
0#
#29522
1#
#29523
0#
#29526
1#
#29527
0#
#29530
1#
1$
1%
1&
1'
1(
1)
1*
1+
1,
1-
1.
1/
10
11
#29531
0#
#29534
1#
#29535
0#
#29538
1#
#29539
0#
#29542
1#
#29543
0#
#29546
1#
#29547
0#
#29550
1#
#29551
0#
#29554
1#
#29555
0#
#29558
1#
#29559
0#
#29562
1#
#29563
0#
#29566
1#
#29567
0#
#29570
1#
0$
0%
0&
0'
0(
0)
0*
0+
0,
0-
0.
0/
00
01
#29571
0#
#29574
1#
#29575
0#
#29578
1#
#29579
0#
#29582
1#
#29583
0#
#29586
1#
#29587
0#
#29590
1#
1$
1%
1&
1'
1(
1)
1*
1+
1,
1-
1.
1/
10
11
#29591
0#
#29594
1#
#29595
0#
#29598
1#
#29599
0#
#29602
1#
#29603
0#
#29606
1#
#29607
0#
#29610
1#
0$
0%
0&
0'
0(
0)
0*
0+
0,
0-
0.
0/
00
01
#29611
0#
#29614
1#
#29615
0#
#29618
1#
#29619
0#
#29622
1#
#29623
0#
#29626
1#
#29627
0#
#29630
1#
1$
1%
1&
1'
1(
1)
1*
1+
1,
1-
1.
1/
10
11
#29631
0#
#29634
1#
#29635
0#
#29638
1#
#29639
0#
#29642
1#
#29643
0#
#29646
1#
#29647
0#
#29650
1#
#29651
0#
#29654
1#
#29655
0#
#29658
1#
#29659
0#
#29662
1#
#29663
0#
#29666
1#
#29667
0#
#29670
1#
0$
0%
0&
0'
0(
0)
0*
0+
0,
0-
0.
0/
00
01
#29671
0#
#29674
1#
#29675
0#
#29678
1#
#29679
0#
#29682
1#
#29683
0#
#29686
1#
#29687
0#
#29689
1@
#29690
1#
1$
1%
1&
1'
1(
1)
1*
1+
1,
1-
1.
1/
10
11
0@
#29691
0#
#29694
1#
#29695
0#
#29698
1#
#29699
0#
#29702
1#
#29703
0#
#29706
1#
#29707
0#
#29710
1#
0$
0%
0&
0'
0(
0)
0*
0+
0,
0-
0.
0/
00
01
#29711
0#
#29714
1#
#29715
0#
#29718
1#
#29719
0#
#29722
1#
#29723
0#
#29726
1#
#29727
0#
#29730
1#
1$
1%
1&
1'
1(
1)
1*
1+
1,
1-
1.
1/
10
11
#29731
0#
#29734
1#
#29735
0#
#29738
1#
#29739
0#
#29742
1#
#29743
0#
#29746
1#
#29747
0#
#29750
1#
#29751
0#
#29754
1#
#29755
0#
#29758
1#
#29759
0#
#29762
1#
#29763
0#
#29766
1#
#29767
0#
#29770
1#
0$
0%
0&
0'
0(
0)
0*
0+
0,
0-
0.
0/
00
01
#29771
0#
#29774
1#
#29775
0#
#29778
1#
#29779
0#
#29782
1#
#29783
0#
#29786
1#
#29787
0#
#29790
1#
#29791
0#
#29794
1#
#29795
0#
#29798
1#
#29799
0#
#29802
1#
#29803
0#
#29806
1#
#29807
0#
#29810
1#
1$
1%
1&
1'
1(
1)
1*
1+
1,
1-
1.
1/
10
11
#29811
0#
#29814
1#
#29815
0#
#29818
1#
#29819
0#
#29822
1#
#29823
0#
#29826
1#
#29827
0#
#29830
1#
0$
0%
0&
0'
0(
0)
0*
0+
0,
0-
0.
0/
00
01
#29831
0#
#29834
1#
#29835
0#
#29838
1#
#29839
0#
#29842
1#
#29843
0#
#29846
1#
#29847
0#
#29850
1#
1$
1%
1&
1'
1(
1)
1*
1+
1,
1-
1.
1/
10
11
#29851
0#
#29854
1#
#29855
0#
#29858
1#
#29859
0#
#29862
1#
#29863
0#
#29866
1#
#29867
0#
#29870
1#
#29871
0#
#29874
1#
#29875
0#
#29878
1#
#29879
0#
#29882
1#
#29883
0#
#29886
1#
#29887
0#
#29890
1#
0$
0%
0&
0'
0(
0)
0*
0+
0,
0-
0.
0/
00
01
#29891
0#
#29894
1#
#29895
0#
#29898
1#
#29899
0#
#29902
1#
#29903
0#
#29906
1#
#29907
0#
#29910
1#
1$
1%
1&
1'
1(
1)
1*
1+
1,
1-
1.
1/
10
11
#29911
0#
#29914
1#
#29915
0#
#29918
1#
#29919
0#
#29922
1#
#29923
0#
#29926
1#
#29927
0#
#29930
1#
0$
0%
0&
0'
0(
0)
0*
0+
0,
0-
0.
0/
00
01
#29931
0#
#29934
1#
#29935
0#
#29938
1#
#29939
0#
#29942
1#
#29943
0#
#29946
1#
#29947
0#
#29950
1#
1$
1%
1&
1'
1(
1)
1*
1+
1,
1-
1.
1/
10
11
#29951
0#
#29954
1#
#29955
0#
#29958
1#
#29959
0#
#29962
1#
#29963
0#
#29966
1#
#29967
0#
#29970
1#
#29971
0#
#29974
1#
#29975
0#
#29978
1#
#29979
0#
#29982
1#
#29983
0#
#29986
1#
#29987
0#
#29990
1#
0$
0%
0&
0'
0(
0)
0*
0+
0,
0-
0.
0/
00
01
#29991
0#
#29994
1#
#29995
0#
#29998
1#
#29999
0#
#30002
1#
#30003
0#
#30006
1#
#30007
0#
#30009
1@
#30010
1#
1$
1%
1&
1'
1(
1)
1*
1+
1,
1-
1.
1/
10
11
0@
#30011
0#
#30014
1#
#30015
0#
#30018
1#
#30019
0#
#30022
1#
#30023
0#
#30026
1#
#30027
0#
#30030
1#
0$
0%
0&
0'
0(
0)
0*
0+
0,
0-
0.
0/
00
01
#30031
0#
#30034
1#
#30035
0#
#30038
1#
#30039
0#
#30042
1#
#30043
0#
#30046
1#
#30047
0#
#30050
1#
1$
1%
1&
1'
1(
1)
1*
1+
1,
1-
1.
1/
10
11
#30051
0#
#30054
1#
#30055
0#
#30058
1#
#30059
0#
#30062
1#
#30063
0#
#30066
1#
#30067
0#
#30070
1#
#30071
0#
#30074
1#
#30075
0#
#30078
1#
#30079
0#
#30082
1#
#30083
0#
#30086
1#
#30087
0#
#30090
1#
0$
0%
0&
0'
0(
0)
0*
0+
0,
0-
0.
0/
00
01
#30091
0#
#30094
1#
#30095
0#
#30098
1#
#30099
0#
#30102
1#
#30103
0#
#30106
1#
#30107
0#
#30110
1#
#30111
0#
#30114
1#
#30115
0#
#30118
1#
#30119
0#
#30122
1#
#30123
0#
#30126
1#
#30127
0#
#30130
1#
1$
1%
1&
1'
1(
1)
1*
1+
1,
1-
1.
1/
10
11
#30131
0#
#30134
1#
#30135
0#
#30138
1#
#30139
0#
#30142
1#
#30143
0#
#30146
1#
#30147
0#
#30150
1#
0$
0%
0&
0'
0(
0)
0*
0+
0,
0-
0.
0/
00
01
#30151
0#
#30154
1#
#30155
0#
#30158
1#
#30159
0#
#30162
1#
#30163
0#
#30166
1#
#30167
0#
#30170
1#
1$
1%
1&
1'
1(
1)
1*
1+
1,
1-
1.
1/
10
11
#30171
0#
#30174
1#
#30175
0#
#30178
1#
#30179
0#
#30182
1#
#30183
0#
#30186
1#
#30187
0#
#30190
1#
#30191
0#
#30194
1#
#30195
0#
#30198
1#
#30199
0#
#30202
1#
#30203
0#
#30206
1#
#30207
0#
#30210
1#
0$
0%
0&
0'
0(
0)
0*
0+
0,
0-
0.
0/
00
01
#30211
0#
#30214
1#
#30215
0#
#30218
1#
#30219
0#
#30222
1#
#30223
0#
#30226
1#
#30227
0#
#30230
1#
1$
1%
1&
1'
1(
1)
1*
1+
1,
1-
1.
1/
10
11
#30231
0#
#30234
1#
#30235
0#
#30238
1#
#30239
0#
#30242
1#
#30243
0#
#30246
1#
#30247
0#
#30250
1#
0$
0%
0&
0'
0(
0)
0*
0+
0,
0-
0.
0/
00
01
#30251
0#
#30254
1#
#30255
0#
#30258
1#
#30259
0#
#30262
1#
#30263
0#
#30266
1#
#30267
0#
#30270
1#
1$
1%
1&
1'
1(
1)
1*
1+
1,
1-
1.
1/
10
11
#30271
0#
#30274
1#
#30275
0#
#30278
1#
#30279
0#
#30282
1#
#30283
0#
#30286
1#
#30287
0#
#30290
1#
#30291
0#
#30294
1#
#30295
0#
#30298
1#
#30299
0#
#30302
1#
#30303
0#
#30306
1#
#30307
0#
#30310
1#
0$
0%
0&
0'
0(
0)
0*
0+
0,
0-
0.
0/
00
01
#30311
0#
#30314
1#
#30315
0#
#30318
1#
#30319
0#
#30322
1#
#30323
0#
#30326
1#
#30327
0#
#30329
1@
#30330
1#
1$
1%
1&
1'
1(
1)
1*
1+
1,
1-
1.
1/
10
11
0@
#30331
0#
#30334
1#
#30335
0#
#30338
1#
#30339
0#
#30342
1#
#30343
0#
#30346
1#
#30347
0#
#30350
1#
0$
0%
0&
0'
0(
0)
0*
0+
0,
0-
0.
0/
00
01
#30351
0#
#30354
1#
#30355
0#
#30358
1#
#30359
0#
#30362
1#
#30363
0#
#30366
1#
#30367
0#
#30370
1#
1$
1%
1&
1'
1(
1)
1*
1+
1,
1-
1.
1/
10
11
#30371
0#
#30374
1#
#30375
0#
#30378
1#
#30379
0#
#30382
1#
#30383
0#
#30386
1#
#30387
0#
#30390
1#
#30391
0#
#30394
1#
#30395
0#
#30398
1#
#30399
0#
#30402
1#
#30403
0#
#30406
1#
#30407
0#
#30410
1#
0$
0%
0&
0'
0(
0)
0*
0+
0,
0-
0.
0/
00
01
#30411
0#
#30414
1#
#30415
0#
#30418
1#
#30419
0#
#30422
1#
#30423
0#
#30426
1#
#30427
0#
#30430
1#
#30431
0#
#30434
1#
#30435
0#
#30438
1#
#30439
0#
#30442
1#
#30443
0#
#30446
1#
#30447
0#
#30450
1#
1$
1%
1&
1'
1(
1)
1*
1+
1,
1-
1.
1/
10
11
#30451
0#
#30454
1#
#30455
0#
#30458
1#
#30459
0#
#30462
1#
#30463
0#
#30466
1#
#30467
0#
#30470
1#
0$
0%
0&
0'
0(
0)
0*
0+
0,
0-
0.
0/
00
01
#30471
0#
#30474
1#
#30475
0#
#30478
1#
#30479
0#
#30482
1#
#30483
0#
#30486
1#
#30487
0#
#30490
1#
1$
1%
1&
1'
1(
1)
1*
1+
1,
1-
1.
1/
10
11
#30491
0#
#30494
1#
#30495
0#
#30498
1#
#30499
0#
#30502
1#
#30503
0#
#30506
1#
#30507
0#
#30510
1#
#30511
0#
#30514
1#
#30515
0#
#30518
1#
#30519
0#
#30522
1#
#30523
0#
#30526
1#
#30527
0#
#30530
1#
0$
0%
0&
0'
0(
0)
0*
0+
0,
0-
0.
0/
00
01
#30531
0#
#30534
1#
#30535
0#
#30538
1#
#30539
0#
#30542
1#
#30543
0#
#30546
1#
#30547
0#
#30550
1#
1$
1%
1&
1'
1(
1)
1*
1+
1,
1-
1.
1/
10
11
#30551
0#
#30554
1#
#30555
0#
#30558
1#
#30559
0#
#30562
1#
#30563
0#
#30566
1#
#30567
0#
#30570
1#
0$
0%
0&
0'
0(
0)
0*
0+
0,
0-
0.
0/
00
01
#30571
0#
#30574
1#
#30575
0#
#30578
1#
#30579
0#
#30582
1#
#30583
0#
#30586
1#
#30587
0#
#30590
1#
1$
1%
1&
1'
1(
1)
1*
1+
1,
1-
1.
1/
10
11
#30591
0#
#30594
1#
#30595
0#
#30598
1#
#30599
0#
#30602
1#
#30603
0#
#30606
1#
#30607
0#
#30610
1#
#30611
0#
#30614
1#
#30615
0#
#30618
1#
#30619
0#
#30622
1#
#30623
0#
#30626
1#
#30627
0#
#30630
1#
0$
0%
0&
0'
0(
0)
0*
0+
0,
0-
0.
0/
00
01
#30631
0#
#30634
1#
#30635
0#
#30638
1#
#30639
0#
#30642
1#
#30643
0#
#30646
1#
#30647
0#
#30649
1@
#30650
1#
1$
1%
1&
1'
1(
1)
1*
1+
1,
1-
1.
1/
10
11
0@
#30651
0#
#30654
1#
#30655
0#
#30658
1#
#30659
0#
#30662
1#
#30663
0#
#30666
1#
#30667
0#
#30670
1#
0$
0%
0&
0'
0(
0)
0*
0+
0,
0-
0.
0/
00
01
#30671
0#
#30674
1#
#30675
0#
#30678
1#
#30679
0#
#30682
1#
#30683
0#
#30686
1#
#30687
0#
#30690
1#
1$
1%
1&
1'
1(
1)
1*
1+
1,
1-
1.
1/
10
11
#30691
0#
#30694
1#
#30695
0#
#30698
1#
#30699
0#
#30702
1#
#30703
0#
#30706
1#
#30707
0#
#30710
1#
#30711
0#
#30714
1#
#30715
0#
#30718
1#
#30719
0#
#30722
1#
#30723
0#
#30726
1#
#30727
0#
#30730
1#
0$
0%
0&
0'
0(
0)
0*
0+
0,
0-
0.
0/
00
01
#30731
0#
#30734
1#
#30735
0#
#30738
1#
#30739
0#
#30742
1#
#30743
0#
#30746
1#
#30747
0#
#30750
1#
#30751
0#
#30754
1#
#30755
0#
#30758
1#
#30759
0#
#30762
1#
#30763
0#
#30766
1#
#30767
0#
#30770
1#
1$
1%
1&
1'
1(
1)
1*
1+
1,
1-
1.
1/
10
11
#30771
0#
#30774
1#
#30775
0#
#30778
1#
#30779
0#
#30782
1#
#30783
0#
#30786
1#
#30787
0#
#30790
1#
0$
0%
0&
0'
0(
0)
0*
0+
0,
0-
0.
0/
00
01
#30791
0#
#30794
1#
#30795
0#
#30798
1#
#30799
0#
#30802
1#
#30803
0#
#30806
1#
#30807
0#
#30810
1#
1$
1%
1&
1'
1(
1)
1*
1+
1,
1-
1.
1/
10
11
#30811
0#
#30814
1#
#30815
0#
#30818
1#
#30819
0#
#30822
1#
#30823
0#
#30826
1#
#30827
0#
#30830
1#
#30831
0#
#30834
1#
#30835
0#
#30838
1#
#30839
0#
#30842
1#
#30843
0#
#30846
1#
#30847
0#
#30850
1#
0$
0%
0&
0'
0(
0)
0*
0+
0,
0-
0.
0/
00
01
#30851
0#
#30854
1#
#30855
0#
#30858
1#
#30859
0#
#30862
1#
#30863
0#
#30866
1#
#30867
0#
#30870
1#
1$
1%
1&
1'
1(
1)
1*
1+
1,
1-
1.
1/
10
11
#30871
0#
#30874
1#
#30875
0#
#30878
1#
#30879
0#
#30882
1#
#30883
0#
#30886
1#
#30887
0#
#30890
1#
0$
0%
0&
0'
0(
0)
0*
0+
0,
0-
0.
0/
00
01
#30891
0#
#30894
1#
#30895
0#
#30898
1#
#30899
0#
#30902
1#
#30903
0#
#30906
1#
#30907
0#
#30910
1#
1$
1%
1&
1'
1(
1)
1*
1+
1,
1-
1.
1/
10
11
#30911
0#
#30914
1#
#30915
0#
#30918
1#
#30919
0#
#30922
1#
#30923
0#
#30926
1#
#30927
0#
#30930
1#
#30931
0#
#30934
1#
#30935
0#
#30938
1#
#30939
0#
#30942
1#
#30943
0#
#30946
1#
#30947
0#
#30950
1#
0$
0%
0&
0'
0(
0)
0*
0+
0,
0-
0.
0/
00
01
#30951
0#
#30954
1#
#30955
0#
#30958
1#
#30959
0#
#30962
1#
#30963
0#
#30966
1#
#30967
0#
#30969
1@
#30970
1#
1$
1%
1&
1'
1(
1)
1*
1+
1,
1-
1.
1/
10
11
0@
#30971
0#
#30974
1#
#30975
0#
#30978
1#
#30979
0#
#30982
1#
#30983
0#
#30986
1#
#30987
0#
#30990
1#
0$
0%
0&
0'
0(
0)
0*
0+
0,
0-
0.
0/
00
01
#30991
0#
#30994
1#
#30995
0#
#30998
1#
#30999
0#
#31002
1#
#31003
0#
#31006
1#
#31007
0#
#31010
1#
1$
1%
1&
1'
1(
1)
1*
1+
1,
1-
1.
1/
10
11
#31011
0#
#31014
1#
#31015
0#
#31018
1#
#31019
0#
#31022
1#
#31023
0#
#31026
1#
#31027
0#
#31030
1#
#31031
0#
#31034
1#
#31035
0#
#31038
1#
#31039
0#
#31042
1#
#31043
0#
#31046
1#
#31047
0#
#31050
1#
0$
0%
0&
0'
0(
0)
0*
0+
0,
0-
0.
0/
00
01
#31051
0#
#31054
1#
#31055
0#
#31058
1#
#31059
0#
#31062
1#
#31063
0#
#31066
1#
#31067
0#
#31070
1#
#31071
0#
#31074
1#
#31075
0#
#31078
1#
#31079
0#
#31082
1#
#31083
0#
#31086
1#
#31087
0#
#31090
1#
1$
1%
1&
1'
1(
1)
1*
1+
1,
1-
1.
1/
10
11
#31091
0#
#31094
1#
#31095
0#
#31098
1#
#31099
0#
#31102
1#
#31103
0#
#31106
1#
#31107
0#
#31110
1#
0$
0%
0&
0'
0(
0)
0*
0+
0,
0-
0.
0/
00
01
#31111
0#
#31114
1#
#31115
0#
#31118
1#
#31119
0#
#31122
1#
#31123
0#
#31126
1#
#31127
0#
#31130
1#
1$
1%
1&
1'
1(
1)
1*
1+
1,
1-
1.
1/
10
11
#31131
0#
#31134
1#
#31135
0#
#31138
1#
#31139
0#
#31142
1#
#31143
0#
#31146
1#
#31147
0#
#31150
1#
#31151
0#
#31154
1#
#31155
0#
#31158
1#
#31159
0#
#31162
1#
#31163
0#
#31166
1#
#31167
0#
#31170
1#
0$
0%
0&
0'
0(
0)
0*
0+
0,
0-
0.
0/
00
01
#31171
0#
#31174
1#
#31175
0#
#31178
1#
#31179
0#
#31182
1#
#31183
0#
#31186
1#
#31187
0#
#31190
1#
1$
1%
1&
1'
1(
1)
1*
1+
1,
1-
1.
1/
10
11
#31191
0#
#31194
1#
#31195
0#
#31198
1#
#31199
0#
#31202
1#
#31203
0#
#31206
1#
#31207
0#
#31210
1#
0$
0%
0&
0'
0(
0)
0*
0+
0,
0-
0.
0/
00
01
#31211
0#
#31214
1#
#31215
0#
#31218
1#
#31219
0#
#31222
1#
#31223
0#
#31226
1#
#31227
0#
#31230
1#
1$
1%
1&
1'
1(
1)
1*
1+
1,
1-
1.
1/
10
11
#31231
0#
#31234
1#
#31235
0#
#31238
1#
#31239
0#
#31242
1#
#31243
0#
#31246
1#
#31247
0#
#31250
1#
#31251
0#
#31254
1#
#31255
0#
#31258
1#
#31259
0#
#31262
1#
#31263
0#
#31266
1#
#31267
0#
#31270
1#
0$
0%
0&
0'
0(
0)
0*
0+
0,
0-
0.
0/
00
01
#31271
0#
#31274
1#
#31275
0#
#31278
1#
#31279
0#
#31282
1#
#31283
0#
#31286
1#
#31287
0#
#31289
1@
#31290
1#
1$
1%
1&
1'
1(
1)
1*
1+
1,
1-
1.
1/
10
11
0@
#31291
0#
#31294
1#
#31295
0#
#31298
1#
#31299
0#
#31302
1#
#31303
0#
#31306
1#
#31307
0#
#31310
1#
0$
0%
0&
0'
0(
0)
0*
0+
0,
0-
0.
0/
00
01
#31311
0#
#31314
1#
#31315
0#
#31318
1#
#31319
0#
#31322
1#
#31323
0#
#31326
1#
#31327
0#
#31330
1#
1$
1%
1&
1'
1(
1)
1*
1+
1,
1-
1.
1/
10
11
#31331
0#
#31334
1#
#31335
0#
#31338
1#
#31339
0#
#31342
1#
#31343
0#
#31346
1#
#31347
0#
#31350
1#
#31351
0#
#31354
1#
#31355
0#
#31358
1#
#31359
0#
#31362
1#
#31363
0#
#31366
1#
#31367
0#
#31370
1#
0$
0%
0&
0'
0(
0)
0*
0+
0,
0-
0.
0/
00
01
#31371
0#
#31374
1#
#31375
0#
#31378
1#
#31379
0#
#31382
1#
#31383
0#
#31386
1#
#31387
0#
#31390
1#
#31391
0#
#31394
1#
#31395
0#
#31398
1#
#31399
0#
#31402
1#
#31403
0#
#31406
1#
#31407
0#
#31410
1#
1$
1%
1&
1'
1(
1)
1*
1+
1,
1-
1.
1/
10
11
#31411
0#
#31414
1#
#31415
0#
#31418
1#
#31419
0#
#31422
1#
#31423
0#
#31426
1#
#31427
0#
#31430
1#
0$
0%
0&
0'
0(
0)
0*
0+
0,
0-
0.
0/
00
01
#31431
0#
#31434
1#
#31435
0#
#31438
1#
#31439
0#
#31442
1#
#31443
0#
#31446
1#
#31447
0#
#31450
1#
1$
1%
1&
1'
1(
1)
1*
1+
1,
1-
1.
1/
10
11
#31451
0#
#31454
1#
#31455
0#
#31458
1#
#31459
0#
#31462
1#
#31463
0#
#31466
1#
#31467
0#
#31470
1#
#31471
0#
#31474
1#
#31475
0#
#31478
1#
#31479
0#
#31482
1#
#31483
0#
#31486
1#
#31487
0#
#31490
1#
0$
0%
0&
0'
0(
0)
0*
0+
0,
0-
0.
0/
00
01
#31491
0#
#31494
1#
#31495
0#
#31498
1#
#31499
0#
#31502
1#
#31503
0#
#31506
1#
#31507
0#
#31510
1#
1$
1%
1&
1'
1(
1)
1*
1+
1,
1-
1.
1/
10
11
#31511
0#
#31514
1#
#31515
0#
#31518
1#
#31519
0#
#31522
1#
#31523
0#
#31526
1#
#31527
0#
#31530
1#
0$
0%
0&
0'
0(
0)
0*
0+
0,
0-
0.
0/
00
01
#31531
0#
#31534
1#
#31535
0#
#31538
1#
#31539
0#
#31542
1#
#31543
0#
#31546
1#
#31547
0#
#31550
1#
1$
1%
1&
1'
1(
1)
1*
1+
1,
1-
1.
1/
10
11
#31551
0#
#31554
1#
#31555
0#
#31558
1#
#31559
0#
#31562
1#
#31563
0#
#31566
1#
#31567
0#
#31570
1#
#31571
0#
#31574
1#
#31575
0#
#31578
1#
#31579
0#
#31582
1#
#31583
0#
#31586
1#
#31587
0#
#31590
1#
0$
0%
0&
0'
0(
0)
0*
0+
0,
0-
0.
0/
00
01
#31591
0#
#31594
1#
#31595
0#
#31598
1#
#31599
0#
#31602
1#
#31603
0#
#31606
1#
#31607
0#
#31609
1@
#31610
1#
1$
1%
1&
1'
1(
1)
1*
1+
1,
1-
1.
1/
10
11
0@
#31611
0#
#31614
1#
#31615
0#
#31618
1#
#31619
0#
#31622
1#
#31623
0#
#31626
1#
#31627
0#
#31630
1#
0$
0%
0&
0'
0(
0)
0*
0+
0,
0-
0.
0/
00
01
#31631
0#
#31634
1#
#31635
0#
#31638
1#
#31639
0#
#31642
1#
#31643
0#
#31646
1#
#31647
0#
#31650
1#
1$
1%
1&
1'
1(
1)
1*
1+
1,
1-
1.
1/
10
11
#31651
0#
#31654
1#
#31655
0#
#31658
1#
#31659
0#
#31662
1#
#31663
0#
#31666
1#
#31667
0#
#31670
1#
#31671
0#
#31674
1#
#31675
0#
#31678
1#
#31679
0#
#31682
1#
#31683
0#
#31686
1#
#31687
0#
#31690
1#
0$
0%
0&
0'
0(
0)
0*
0+
0,
0-
0.
0/
00
01
#31691
0#
#31694
1#
#31695
0#
#31698
1#
#31699
0#
#31702
1#
#31703
0#
#31706
1#
#31707
0#
#31710
1#
#31711
0#
#31714
1#
#31715
0#
#31718
1#
#31719
0#
#31722
1#
#31723
0#
#31726
1#
#31727
0#
#31730
1#
1$
1%
1&
1'
1(
1)
1*
1+
1,
1-
1.
1/
10
11
#31731
0#
#31734
1#
#31735
0#
#31738
1#
#31739
0#
#31742
1#
#31743
0#
#31746
1#
#31747
0#
#31750
1#
0$
0%
0&
0'
0(
0)
0*
0+
0,
0-
0.
0/
00
01
#31751
0#
#31754
1#
#31755
0#
#31758
1#
#31759
0#
#31762
1#
#31763
0#
#31766
1#
#31767
0#
#31770
1#
1$
1%
1&
1'
1(
1)
1*
1+
1,
1-
1.
1/
10
11
#31771
0#
#31774
1#
#31775
0#
#31778
1#
#31779
0#
#31782
1#
#31783
0#
#31786
1#
#31787
0#
#31790
1#
#31791
0#
#31794
1#
#31795
0#
#31798
1#
#31799
0#
#31802
1#
#31803
0#
#31806
1#
#31807
0#
#31810
1#
0$
0%
0&
0'
0(
0)
0*
0+
0,
0-
0.
0/
00
01
#31811
0#
#31814
1#
#31815
0#
#31818
1#
#31819
0#
#31822
1#
#31823
0#
#31826
1#
#31827
0#
#31830
1#
1$
1%
1&
1'
1(
1)
1*
1+
1,
1-
1.
1/
10
11
#31831
0#
#31834
1#
#31835
0#
#31838
1#
#31839
0#
#31842
1#
#31843
0#
#31846
1#
#31847
0#
#31850
1#
0$
0%
0&
0'
0(
0)
0*
0+
0,
0-
0.
0/
00
01
#31851
0#
#31854
1#
#31855
0#
#31858
1#
#31859
0#
#31862
1#
#31863
0#
#31866
1#
#31867
0#
#31870
1#
1$
1%
1&
1'
1(
1)
1*
1+
1,
1-
1.
1/
10
11
#31871
0#
#31874
1#
#31875
0#
#31878
1#
#31879
0#
#31882
1#
#31883
0#
#31886
1#
#31887
0#
#31890
1#
#31891
0#
#31894
1#
#31895
0#
#31898
1#
#31899
0#
#31902
1#
#31903
0#
#31906
1#
#31907
0#
#31910
1#
0$
0%
0&
0'
0(
0)
0*
0+
0,
0-
0.
0/
00
01
#31911
0#
#31914
1#
#31915
0#
#31918
1#
#31919
0#
#31922
1#
#31923
0#
#31926
1#
#31927
0#
#31929
1@
#31930
1#
1$
1%
1&
1'
1(
1)
1*
1+
1,
1-
1.
1/
10
11
0@
#31931
0#
#31934
1#
#31935
0#
#31938
1#
#31939
0#
#31942
1#
#31943
0#
#31946
1#
#31947
0#
#31950
1#
0$
0%
0&
0'
0(
0)
0*
0+
0,
0-
0.
0/
00
01
#31951
0#
#31954
1#
#31955
0#
#31958
1#
#31959
0#
#31962
1#
#31963
0#
#31966
1#
#31967
0#
#31970
1#
1$
1%
1&
1'
1(
1)
1*
1+
1,
1-
1.
1/
10
11
#31971
0#
#31974
1#
#31975
0#
#31978
1#
#31979
0#
#31982
1#
#31983
0#
#31986
1#
#31987
0#
#31990
1#
#31991
0#
#31994
1#
#31995
0#
#31998
1#
#31999
0#
#32002
1#
#32003
0#
#32006
1#
#32007
0#
#32010
1#
0$
0%
0&
0'
0(
0)
0*
0+
0,
0-
0.
0/
00
01
#32011
0#
#32014
1#
#32015
0#
#32018
1#
#32019
0#
#32022
1#
#32023
0#
#32026
1#
#32027
0#
#32030
1#
#32031
0#
#32034
1#
#32035
0#
#32038
1#
#32039
0#
#32042
1#
#32043
0#
#32046
1#
#32047
0#
#32050
1#
1$
1%
1&
1'
1(
1)
1*
1+
1,
1-
1.
1/
10
11
#32051
0#
#32054
1#
#32055
0#
#32058
1#
#32059
0#
#32062
1#
#32063
0#
#32066
1#
#32067
0#
#32070
1#
0$
0%
0&
0'
0(
0)
0*
0+
0,
0-
0.
0/
00
01
#32071
0#
#32074
1#
#32075
0#
#32078
1#
#32079
0#
#32082
1#
#32083
0#
#32086
1#
#32087
0#
#32090
1#
1$
1%
1&
1'
1(
1)
1*
1+
1,
1-
1.
1/
10
11
#32091
0#
#32094
1#
#32095
0#
#32098
1#
#32099
0#
#32102
1#
#32103
0#
#32106
1#
#32107
0#
#32110
1#
#32111
0#
#32114
1#
#32115
0#
#32118
1#
#32119
0#
#32122
1#
#32123
0#
#32126
1#
#32127
0#
#32130
1#
0$
0%
0&
0'
0(
0)
0*
0+
0,
0-
0.
0/
00
01
#32131
0#
#32134
1#
#32135
0#
#32138
1#
#32139
0#
#32142
1#
#32143
0#
#32146
1#
#32147
0#
#32150
1#
1$
1%
1&
1'
1(
1)
1*
1+
1,
1-
1.
1/
10
11
#32151
0#
#32154
1#
#32155
0#
#32158
1#
#32159
0#
#32162
1#
#32163
0#
#32166
1#
#32167
0#
#32170
1#
0$
0%
0&
0'
0(
0)
0*
0+
0,
0-
0.
0/
00
01
#32171
0#
#32174
1#
#32175
0#
#32178
1#
#32179
0#
#32182
1#
#32183
0#
#32186
1#
#32187
0#
#32190
1#
1$
1%
1&
1'
1(
1)
1*
1+
1,
1-
1.
1/
10
11
#32191
0#
#32194
1#
#32195
0#
#32198
1#
#32199
0#
#32202
1#
#32203
0#
#32206
1#
#32207
0#
#32210
1#
#32211
0#
#32214
1#
#32215
0#
#32218
1#
#32219
0#
#32222
1#
#32223
0#
#32226
1#
#32227
0#
#32230
1#
0$
0%
0&
0'
0(
0)
0*
0+
0,
0-
0.
0/
00
01
#32231
0#
#32234
1#
#32235
0#
#32238
1#
#32239
0#
#32242
1#
#32243
0#
#32246
1#
#32247
0#
#32249
1@
#32250
1#
1$
1%
1&
1'
1(
1)
1*
1+
1,
1-
1.
1/
10
11
0@
#32251
0#
#32254
1#
#32255
0#
#32258
1#
#32259
0#
#32262
1#
#32263
0#
#32266
1#
#32267
0#
#32270
1#
0$
0%
0&
0'
0(
0)
0*
0+
0,
0-
0.
0/
00
01
#32271
0#
#32274
1#
#32275
0#
#32278
1#
#32279
0#
#32282
1#
#32283
0#
#32286
1#
#32287
0#
#32290
1#
1$
1%
1&
1'
1(
1)
1*
1+
1,
1-
1.
1/
10
11
#32291
0#
#32294
1#
#32295
0#
#32298
1#
#32299
0#
#32302
1#
#32303
0#
#32306
1#
#32307
0#
#32310
1#
#32311
0#
#32314
1#
#32315
0#
#32318
1#
#32319
0#
#32322
1#
#32323
0#
#32326
1#
#32327
0#
#32330
1#
0$
0%
0&
0'
0(
0)
0*
0+
0,
0-
0.
0/
00
01
#32331
0#
#32334
1#
#32335
0#
#32338
1#
#32339
0#
#32342
1#
#32343
0#
#32346
1#
#32347
0#
#32350
1#
#32351
0#
#32354
1#
#32355
0#
#32358
1#
#32359
0#
#32362
1#
#32363
0#
#32366
1#
#32367
0#
#32370
1#
1$
1%
1&
1'
1(
1)
1*
1+
1,
1-
1.
1/
10
11
#32371
0#
#32374
1#
#32375
0#
#32378
1#
#32379
0#
#32382
1#
#32383
0#
#32386
1#
#32387
0#
#32390
1#
0$
0%
0&
0'
0(
0)
0*
0+
0,
0-
0.
0/
00
01
#32391
0#
#32394
1#
#32395
0#
#32398
1#
#32399
0#
#32402
1#
#32403
0#
#32406
1#
#32407
0#
#32410
1#
1$
1%
1&
1'
1(
1)
1*
1+
1,
1-
1.
1/
10
11
#32411
0#
#32414
1#
#32415
0#
#32418
1#
#32419
0#
#32422
1#
#32423
0#
#32426
1#
#32427
0#
#32430
1#
#32431
0#
#32434
1#
#32435
0#
#32438
1#
#32439
0#
#32442
1#
#32443
0#
#32446
1#
#32447
0#
#32450
1#
0$
0%
0&
0'
0(
0)
0*
0+
0,
0-
0.
0/
00
01
#32451
0#
#32454
1#
#32455
0#
#32458
1#
#32459
0#
#32462
1#
#32463
0#
#32466
1#
#32467
0#
#32470
1#
1$
1%
1&
1'
1(
1)
1*
1+
1,
1-
1.
1/
10
11
#32471
0#
#32474
1#
#32475
0#
#32478
1#
#32479
0#
#32482
1#
#32483
0#
#32486
1#
#32487
0#
#32490
1#
0$
0%
0&
0'
0(
0)
0*
0+
0,
0-
0.
0/
00
01
#32491
0#
#32494
1#
#32495
0#
#32498
1#
#32499
0#
#32502
1#
#32503
0#
#32506
1#
#32507
0#
#32510
1#
1$
1%
1&
1'
1(
1)
1*
1+
1,
1-
1.
1/
10
11
#32511
0#
#32514
1#
#32515
0#
#32518
1#
#32519
0#
#32522
1#
#32523
0#
#32526
1#
#32527
0#
#32530
1#
#32531
0#
#32534
1#
#32535
0#
#32538
1#
#32539
0#
#32542
1#
#32543
0#
#32546
1#
#32547
0#
#32550
1#
0$
0%
0&
0'
0(
0)
0*
0+
0,
0-
0.
0/
00
01
#32551
0#
#32554
1#
#32555
0#
#32558
1#
#32559
0#
#32562
1#
#32563
0#
#32566
1#
#32567
0#
#32569
1@
#32570
1#
1$
1%
1&
1'
1(
1)
1*
1+
1,
1-
1.
1/
10
11
0@
#32571
0#
#32574
1#
#32575
0#
#32578
1#
#32579
0#
#32582
1#
#32583
0#
#32586
1#
#32587
0#
#32590
1#
0$
0%
0&
0'
0(
0)
0*
0+
0,
0-
0.
0/
00
01
#32591
0#
#32594
1#
#32595
0#
#32598
1#
#32599
0#
#32602
1#
#32603
0#
#32606
1#
#32607
0#
#32610
1#
1$
1%
1&
1'
1(
1)
1*
1+
1,
1-
1.
1/
10
11
#32611
0#
#32614
1#
#32615
0#
#32618
1#
#32619
0#
#32622
1#
#32623
0#
#32626
1#
#32627
0#
#32630
1#
#32631
0#
#32634
1#
#32635
0#
#32638
1#
#32639
0#
#32642
1#
#32643
0#
#32646
1#
#32647
0#
#32650
1#
0$
0%
0&
0'
0(
0)
0*
0+
0,
0-
0.
0/
00
01
#32651
0#
#32654
1#
#32655
0#
#32658
1#
#32659
0#
#32662
1#
#32663
0#
#32666
1#
#32667
0#
#32670
1#
#32671
0#
#32674
1#
#32675
0#
#32678
1#
#32679
0#
#32682
1#
#32683
0#
#32686
1#
#32687
0#
#32690
1#
1$
1%
1&
1'
1(
1)
1*
1+
1,
1-
1.
1/
10
11
#32691
0#
#32694
1#
#32695
0#
#32698
1#
#32699
0#
#32702
1#
#32703
0#
#32706
1#
#32707
0#
#32710
1#
0$
0%
0&
0'
0(
0)
0*
0+
0,
0-
0.
0/
00
01
#32711
0#
#32714
1#
#32715
0#
#32718
1#
#32719
0#
#32722
1#
#32723
0#
#32726
1#
#32727
0#
#32730
1#
1$
1%
1&
1'
1(
1)
1*
1+
1,
1-
1.
1/
10
11
#32731
0#
#32734
1#
#32735
0#
#32738
1#
#32739
0#
#32742
1#
#32743
0#
#32746
1#
#32747
0#
#32750
1#
#32751
0#
#32754
1#
#32755
0#
#32758
1#
#32759
0#
#32762
1#
#32763
0#
#32766
1#
#32767
0#
