Copyright 1986-2022 Xilinx, Inc. All Rights Reserved. Copyright 2022-2024 Advanced Micro Devices, Inc. All Rights Reserved.
---------------------------------------------------------------------------------------------------------------------------------------------------------------------------------------------------------------------
| Tool Version : Vivado v.2024.2 (win64) Build 5239630 Fri Nov 08 22:35:27 MST 2024
| Date         : Tue Mar 10 11:51:50 2026
| Host         : FY-6302-05 running 64-bit major release  (build 9200)
| Command      : report_timing_summary -max_paths 10 -report_unconstrained -file top_awgn_timing_summary_routed.rpt -pb top_awgn_timing_summary_routed.pb -rpx top_awgn_timing_summary_routed.rpx -warn_on_violation
| Design       : top_awgn
| Device       : 7z020-clg484
| Speed File   : -1  PRODUCTION 1.12 2019-11-22
| Design State : Routed
---------------------------------------------------------------------------------------------------------------------------------------------------------------------------------------------------------------------

Timing Summary Report

------------------------------------------------------------------------------------------------
| Timer Settings
| --------------
------------------------------------------------------------------------------------------------

  Enable Multi Corner Analysis               :  Yes
  Enable Pessimism Removal                   :  Yes
  Pessimism Removal Resolution               :  Nearest Common Node
  Enable Input Delay Default Clock           :  No
  Enable Preset / Clear Arcs                 :  No
  Disable Flight Delays                      :  No
  Ignore I/O Paths                           :  No
  Timing Early Launch at Borrowing Latches   :  No
  Borrow Time for Max Delay Exceptions       :  Yes
  Merge Timing Exceptions                    :  Yes
  Inter-SLR Compensation                     :  Conservative

  Corner  Analyze    Analyze    
  Name    Max Paths  Min Paths  
  ------  ---------  ---------  
  Slow    Yes        Yes        
  Fast    Yes        Yes        


------------------------------------------------------------------------------------------------
| Report Methodology
| ------------------
------------------------------------------------------------------------------------------------

Rule       Severity  Description                                 Violations  
---------  --------  ------------------------------------------  ----------  
SYNTH-6    Warning   Timing of a RAM block might be sub-optimal  3           
TIMING-16  Warning   Large setup violation                       31          
TIMING-18  Warning   Missing input or output delay               18          

Note: This report is based on the most recent report_methodology run and may not be up-to-date. Run report_methodology on the current design for the latest report.



check_timing report

Table of Contents
-----------------
1. checking no_clock (0)
2. checking constant_clock (0)
3. checking pulse_width_clock (0)
4. checking unconstrained_internal_endpoints (0)
5. checking no_input_delay (1)
6. checking no_output_delay (17)
7. checking multiple_clock (0)
8. checking generated_clocks (0)
9. checking loops (0)
10. checking partial_input_delay (0)
11. checking partial_output_delay (0)
12. checking latch_loops (0)

1. checking no_clock (0)
------------------------
 There are 0 register/latch pins with no clock.


2. checking constant_clock (0)
------------------------------
 There are 0 register/latch pins with constant_clock.


3. checking pulse_width_clock (0)
---------------------------------
 There are 0 register/latch pins which need pulse_width check


4. checking unconstrained_internal_endpoints (0)
------------------------------------------------
 There are 0 pins that are not constrained for maximum delay.

 There are 0 pins that are not constrained for maximum delay due to constant clock.


5. checking no_input_delay (1)
------------------------------
 There is 1 input port with no input delay specified. (HIGH)

 There are 0 input ports with no input delay but user has a false path constraint.


6. checking no_output_delay (17)
--------------------------------
 There are 17 ports with no output delay specified. (HIGH)

 There are 0 ports with no output delay but user has a false path constraint

 There are 0 ports with no output delay but with a timing clock defined on it or propagating through it


7. checking multiple_clock (0)
------------------------------
 There are 0 register/latch pins with multiple clocks.


8. checking generated_clocks (0)
--------------------------------
 There are 0 generated clocks that are not connected to a clock source.


9. checking loops (0)
---------------------
 There are 0 combinational loops in the design.


10. checking partial_input_delay (0)
------------------------------------
 There are 0 input ports with partial input delay specified.


11. checking partial_output_delay (0)
-------------------------------------
 There are 0 ports with partial output delay specified.


12. checking latch_loops (0)
----------------------------
 There are 0 combinational latch loops in the design through latch input



------------------------------------------------------------------------------------------------
| Design Timing Summary
| ---------------------
------------------------------------------------------------------------------------------------

    WNS(ns)      TNS(ns)  TNS Failing Endpoints  TNS Total Endpoints      WHS(ns)      THS(ns)  THS Failing Endpoints  THS Total Endpoints     WPWS(ns)     TPWS(ns)  TPWS Failing Endpoints  TPWS Total Endpoints  
    -------      -------  ---------------------  -------------------      -------      -------  ---------------------  -------------------     --------     --------  ----------------------  --------------------  
     -2.561      -61.533                     33                 2169        0.010        0.000                      0                 2169        3.020        0.000                       0                  1672  


Timing constraints are not met.


------------------------------------------------------------------------------------------------
| Clock Summary
| -------------
------------------------------------------------------------------------------------------------

Clock        Waveform(ns)         Period(ns)      Frequency(MHz)
-----        ------------         ----------      --------------
sys_clk_pin  {0.000 4.000}        8.000           125.000         


------------------------------------------------------------------------------------------------
| Intra Clock Table
| -----------------
------------------------------------------------------------------------------------------------

Clock             WNS(ns)      TNS(ns)  TNS Failing Endpoints  TNS Total Endpoints      WHS(ns)      THS(ns)  THS Failing Endpoints  THS Total Endpoints     WPWS(ns)     TPWS(ns)  TPWS Failing Endpoints  TPWS Total Endpoints  
-----             -------      -------  ---------------------  -------------------      -------      -------  ---------------------  -------------------     --------     --------  ----------------------  --------------------  
sys_clk_pin        -2.561      -61.533                     33                 2169        0.010        0.000                      0                 2169        3.020        0.000                       0                  1672  


------------------------------------------------------------------------------------------------
| Inter Clock Table
| -----------------
------------------------------------------------------------------------------------------------

From Clock    To Clock          WNS(ns)      TNS(ns)  TNS Failing Endpoints  TNS Total Endpoints      WHS(ns)      THS(ns)  THS Failing Endpoints  THS Total Endpoints  
----------    --------          -------      -------  ---------------------  -------------------      -------      -------  ---------------------  -------------------  


------------------------------------------------------------------------------------------------
| Other Path Groups Table
| -----------------------
------------------------------------------------------------------------------------------------

Path Group    From Clock    To Clock          WNS(ns)      TNS(ns)  TNS Failing Endpoints  TNS Total Endpoints      WHS(ns)      THS(ns)  THS Failing Endpoints  THS Total Endpoints  
----------    ----------    --------          -------      -------  ---------------------  -------------------      -------      -------  ---------------------  -------------------  


------------------------------------------------------------------------------------------------
| User Ignored Path Table
| -----------------------
------------------------------------------------------------------------------------------------

Path Group    From Clock    To Clock    
----------    ----------    --------    


------------------------------------------------------------------------------------------------
| Unconstrained Path Table
| ------------------------
------------------------------------------------------------------------------------------------

Path Group    From Clock    To Clock    
----------    ----------    --------    
(none)        sys_clk_pin                 
(none)                      sys_clk_pin   


------------------------------------------------------------------------------------------------
| Timing Details
| --------------
------------------------------------------------------------------------------------------------


---------------------------------------------------------------------------------------------------
From Clock:  sys_clk_pin
  To Clock:  sys_clk_pin

Setup :           33  Failing Endpoints,  Worst Slack       -2.561ns,  Total Violation      -61.533ns
Hold  :            0  Failing Endpoints,  Worst Slack        0.010ns,  Total Violation        0.000ns
PW    :            0  Failing Endpoints,  Worst Slack        3.020ns,  Total Violation        0.000ns
---------------------------------------------------------------------------------------------------


Max Delay Paths
--------------------------------------------------------------------------------------
Slack (VIOLATED) :        -2.561ns  (required time - arrival time)
  Source:                 u_awgn/u_GaussianNoiseWithUnitVar/u_SinCos/Delay2_out1_reg[8]/C
                            (rising edge-triggered cell FDRE clocked by sys_clk_pin  {rise@0.000ns fall@4.000ns period=8.000ns})
  Destination:            u_awgn/u_GaussianNoiseWithUnitVar/Delay11_reg_reg[4][10]_srl27___u_awgn_u_GaussianNoiseWithReqVar_Delay1_reg_reg_r_23_srlopt/D
                            (rising edge-triggered cell FDRE clocked by sys_clk_pin  {rise@0.000ns fall@4.000ns period=8.000ns})
  Path Group:             sys_clk_pin
  Path Type:              Setup (Max at Slow Process Corner)
  Requirement:            8.000ns  (sys_clk_pin rise@8.000ns - sys_clk_pin rise@0.000ns)
  Data Path Delay:        10.454ns  (logic 4.006ns (38.319%)  route 6.448ns (61.681%))
  Logic Levels:           16  (CARRY4=6 LUT4=1 LUT5=3 LUT6=4 MUXF7=1 MUXF8=1)
  Clock Path Skew:        -0.146ns (DCD - SCD + CPR)
    Destination Clock Delay (DCD):    5.603ns = ( 13.603 - 8.000 ) 
    Source Clock Delay      (SCD):    6.191ns
    Clock Pessimism Removal (CPR):    0.442ns
  Clock Uncertainty:      0.035ns  ((TSJ^2 + TIJ^2)^1/2 + DJ) / 2 + PE
    Total System Jitter     (TSJ):    0.071ns
    Total Input Jitter      (TIJ):    0.000ns
    Discrete Jitter          (DJ):    0.000ns
    Phase Error              (PE):    0.000ns

    Location             Delay type                Incr(ns)  Path(ns)    Netlist Resource(s)
  -------------------------------------------------------------------    -------------------
                         (clock sys_clk_pin rise edge)
                                                      0.000     0.000 r  
    D18                                               0.000     0.000 r  clk (IN)
                         net (fo=0)                   0.000     0.000    clk
    D18                  IBUF (Prop_ibuf_I_O)         1.511     1.511 r  clk_IBUF_inst/O
                         net (fo=1, routed)           2.522     4.033    clk_IBUF
    BUFGCTRL_X0Y16       BUFG (Prop_bufg_I_O)         0.101     4.134 r  clk_IBUF_BUFG_inst/O
                         net (fo=1671, routed)        2.057     6.191    u_awgn/u_GaussianNoiseWithUnitVar/u_SinCos/clk_IBUF_BUFG
    SLICE_X110Y103       FDRE                                         r  u_awgn/u_GaussianNoiseWithUnitVar/u_SinCos/Delay2_out1_reg[8]/C
  -------------------------------------------------------------------    -------------------
    SLICE_X110Y103       FDRE (Prop_fdre_C_Q)         0.456     6.647 f  u_awgn/u_GaussianNoiseWithUnitVar/u_SinCos/Delay2_out1_reg[8]/Q
                         net (fo=4, routed)           0.682     7.329    u_awgn/u_GaussianNoiseWithUnitVar/u_SinCos/u_Sine_HDL_Optimized/LTEp25_cast[4]
    SLICE_X110Y103       LUT5 (Prop_lut5_I0_O)        0.124     7.453 f  u_awgn/u_GaussianNoiseWithUnitVar/u_SinCos/u_Sine_HDL_Optimized/i__carry_i_11_rewire/O
                         net (fo=4, routed)           0.504     7.956    u_awgn/u_GaussianNoiseWithUnitVar/u_SinCos/u_Sine_HDL_Optimized1/Delay11_reg_reg[4][15]_srl27___u_awgn_u_GaussianNoiseWithReqVar_Delay1_reg_reg_r_23_i_2
    SLICE_X111Y103       LUT6 (Prop_lut6_I5_O)        0.124     8.080 r  u_awgn/u_GaussianNoiseWithUnitVar/u_SinCos/u_Sine_HDL_Optimized1/i__carry_i_10_rewire/O
                         net (fo=12, routed)          0.625     8.705    u_awgn/u_GaussianNoiseWithUnitVar/u_SinCos/u_Sine_HDL_Optimized1/Delay2_out1_reg[5]
    SLICE_X109Y101       LUT4 (Prop_lut4_I1_O)        0.118     8.823 r  u_awgn/u_GaussianNoiseWithUnitVar/u_SinCos/u_Sine_HDL_Optimized1/i__carry_i_5__3/O
                         net (fo=1, routed)           0.000     8.823    u_awgn/u_GaussianNoiseWithUnitVar/u_SinCos/u_Sine_HDL_Optimized1/i__carry_i_5__3_n_0
    SLICE_X109Y101       CARRY4 (Prop_carry4_DI[0]_CO[3])
                                                      0.483     9.306 r  u_awgn/u_GaussianNoiseWithUnitVar/u_SinCos/u_Sine_HDL_Optimized1/_inferred__1/i__carry/CO[3]
                         net (fo=1, routed)           0.000     9.306    u_awgn/u_GaussianNoiseWithUnitVar/u_SinCos/u_Sine_HDL_Optimized1/_inferred__1/i__carry_n_0
    SLICE_X109Y102       CARRY4 (Prop_carry4_CI_CO[3])
                                                      0.114     9.420 r  u_awgn/u_GaussianNoiseWithUnitVar/u_SinCos/u_Sine_HDL_Optimized1/_inferred__1/i__carry__0/CO[3]
                         net (fo=1, routed)           0.000     9.420    u_awgn/u_GaussianNoiseWithUnitVar/u_SinCos/u_Sine_HDL_Optimized1/_inferred__1/i__carry__0_n_0
    SLICE_X109Y103       CARRY4 (Prop_carry4_CI_CO[3])
                                                      0.114     9.534 r  u_awgn/u_GaussianNoiseWithUnitVar/u_SinCos/u_Sine_HDL_Optimized1/_inferred__1/i__carry__1/CO[3]
                         net (fo=22, routed)          1.098    10.632    u_awgn/u_GaussianNoiseWithUnitVar/u_SinCos/u_Sine_HDL_Optimized1/_inferred__1/i__carry__1_n_0
    SLICE_X109Y106       LUT5 (Prop_lut5_I0_O)        0.124    10.756 r  u_awgn/u_GaussianNoiseWithUnitVar/u_SinCos/u_Sine_HDL_Optimized1/i__carry__2_i_12/O
                         net (fo=9, routed)           0.508    11.264    u_awgn/u_GaussianNoiseWithUnitVar/u_SinCos/u_Sine_HDL_Optimized1/i__carry__2_i_12_n_0
    SLICE_X106Y106       LUT6 (Prop_lut6_I5_O)        0.124    11.388 r  u_awgn/u_GaussianNoiseWithUnitVar/u_SinCos/u_Sine_HDL_Optimized1/i__carry__2_i_9/O
                         net (fo=189, routed)         1.249    12.637    u_awgn/u_GaussianNoiseWithUnitVar/u_SinCos/u_Sine_HDL_Optimized1/prelookup_idx[2]
    SLICE_X105Y105       LUT6 (Prop_lut6_I5_O)        0.124    12.761 f  u_awgn/u_GaussianNoiseWithUnitVar/u_SinCos/u_Sine_HDL_Optimized1/i__carry_i_139/O
                         net (fo=1, routed)           0.000    12.761    u_awgn/u_GaussianNoiseWithUnitVar/u_SinCos/u_Sine_HDL_Optimized1/i__carry_i_139_n_0
    SLICE_X105Y105       MUXF7 (Prop_muxf7_I1_O)      0.245    13.006 f  u_awgn/u_GaussianNoiseWithUnitVar/u_SinCos/u_Sine_HDL_Optimized1/i__carry_i_63/O
                         net (fo=2, routed)           0.000    13.006    u_awgn/u_GaussianNoiseWithUnitVar/u_SinCos/u_Sine_HDL_Optimized1/i__carry_i_63_n_0
    SLICE_X105Y105       MUXF8 (Prop_muxf8_I0_O)      0.104    13.110 f  u_awgn/u_GaussianNoiseWithUnitVar/u_SinCos/u_Sine_HDL_Optimized1/i__carry_i_25/O
                         net (fo=1, routed)           0.594    13.704    u_awgn/u_GaussianNoiseWithUnitVar/u_SinCos/u_Sine_HDL_Optimized1/i__carry_i_25_n_0
    SLICE_X104Y106       LUT6 (Prop_lut6_I2_O)        0.316    14.020 r  u_awgn/u_GaussianNoiseWithUnitVar/u_SinCos/u_Sine_HDL_Optimized1/i__carry_i_5__0/O
                         net (fo=1, routed)           0.542    14.562    u_awgn/u_GaussianNoiseWithUnitVar/u_SinCos/u_Sine_HDL_Optimized1/i__carry_i_5__0_n_0
    SLICE_X105Y108       CARRY4 (Prop_carry4_S[0]_CO[3])
                                                      0.656    15.218 r  u_awgn/u_GaussianNoiseWithUnitVar/u_SinCos/u_Sine_HDL_Optimized1/_inferred__5/i__carry/CO[3]
                         net (fo=1, routed)           0.000    15.218    u_awgn/u_GaussianNoiseWithUnitVar/u_SinCos/u_Sine_HDL_Optimized1/_inferred__5/i__carry_n_0
    SLICE_X105Y109       CARRY4 (Prop_carry4_CI_CO[3])
                                                      0.114    15.332 r  u_awgn/u_GaussianNoiseWithUnitVar/u_SinCos/u_Sine_HDL_Optimized1/_inferred__5/i__carry__0/CO[3]
                         net (fo=1, routed)           0.000    15.332    u_awgn/u_GaussianNoiseWithUnitVar/u_SinCos/u_Sine_HDL_Optimized1/_inferred__5/i__carry__0_n_0
    SLICE_X105Y110       CARRY4 (Prop_carry4_CI_O[1])
                                                      0.334    15.666 r  u_awgn/u_GaussianNoiseWithUnitVar/u_SinCos/u_Sine_HDL_Optimized1/_inferred__5/i__carry__1/O[1]
                         net (fo=1, routed)           0.647    16.313    u_awgn/u_GaussianNoiseWithUnitVar/u_SinCos/u_Sine_HDL_Optimized1/_inferred__5/i__carry__1_n_6
    SLICE_X105Y112       LUT5 (Prop_lut5_I4_O)        0.332    16.645 r  u_awgn/u_GaussianNoiseWithUnitVar/u_SinCos/u_Sine_HDL_Optimized1/Delay11_reg_reg[4][10]_srl27___u_awgn_u_GaussianNoiseWithReqVar_Delay1_reg_reg_r_23_i_1/O
                         net (fo=1, routed)           0.000    16.645    u_awgn/u_GaussianNoiseWithUnitVar/u_Sine_HDL_Optimized1/Cosine[10]
    SLICE_X105Y112       FDRE                                         r  u_awgn/u_GaussianNoiseWithUnitVar/Delay11_reg_reg[4][10]_srl27___u_awgn_u_GaussianNoiseWithReqVar_Delay1_reg_reg_r_23_srlopt/D
  -------------------------------------------------------------------    -------------------

                         (clock sys_clk_pin rise edge)
                                                      8.000     8.000 r  
    D18                                               0.000     8.000 r  clk (IN)
                         net (fo=0)                   0.000     8.000    clk
    D18                  IBUF (Prop_ibuf_I_O)         1.440     9.440 r  clk_IBUF_inst/O
                         net (fo=1, routed)           2.293    11.733    clk_IBUF
    BUFGCTRL_X0Y16       BUFG (Prop_bufg_I_O)         0.091    11.824 r  clk_IBUF_BUFG_inst/O
                         net (fo=1671, routed)        1.779    13.603    u_awgn/u_GaussianNoiseWithUnitVar/clk_IBUF_BUFG
    SLICE_X105Y112       FDRE                                         r  u_awgn/u_GaussianNoiseWithUnitVar/Delay11_reg_reg[4][10]_srl27___u_awgn_u_GaussianNoiseWithReqVar_Delay1_reg_reg_r_23_srlopt/C
                         clock pessimism              0.442    14.045    
                         clock uncertainty           -0.035    14.009    
    SLICE_X105Y112       FDRE (Setup_fdre_C_D)        0.075    14.084    u_awgn/u_GaussianNoiseWithUnitVar/Delay11_reg_reg[4][10]_srl27___u_awgn_u_GaussianNoiseWithReqVar_Delay1_reg_reg_r_23_srlopt
  -------------------------------------------------------------------
                         required time                         14.084    
                         arrival time                         -16.645    
  -------------------------------------------------------------------
                         slack                                 -2.561    

Slack (VIOLATED) :        -2.459ns  (required time - arrival time)
  Source:                 u_awgn/u_GaussianNoiseWithUnitVar/u_SinCos/Delay2_out1_reg[8]/C
                            (rising edge-triggered cell FDRE clocked by sys_clk_pin  {rise@0.000ns fall@4.000ns period=8.000ns})
  Destination:            u_awgn/u_GaussianNoiseWithUnitVar/Delay11_reg_reg[4][14]_srl27___u_awgn_u_GaussianNoiseWithReqVar_Delay1_reg_reg_r_23_srlopt/D
                            (rising edge-triggered cell FDRE clocked by sys_clk_pin  {rise@0.000ns fall@4.000ns period=8.000ns})
  Path Group:             sys_clk_pin
  Path Type:              Setup (Max at Slow Process Corner)
  Requirement:            8.000ns  (sys_clk_pin rise@8.000ns - sys_clk_pin rise@0.000ns)
  Data Path Delay:        10.385ns  (logic 4.091ns (39.393%)  route 6.294ns (60.607%))
  Logic Levels:           17  (CARRY4=7 LUT4=1 LUT5=2 LUT6=5 MUXF7=1 MUXF8=1)
  Clock Path Skew:        -0.071ns (DCD - SCD + CPR)
    Destination Clock Delay (DCD):    5.678ns = ( 13.678 - 8.000 ) 
    Source Clock Delay      (SCD):    6.191ns
    Clock Pessimism Removal (CPR):    0.442ns
  Clock Uncertainty:      0.035ns  ((TSJ^2 + TIJ^2)^1/2 + DJ) / 2 + PE
    Total System Jitter     (TSJ):    0.071ns
    Total Input Jitter      (TIJ):    0.000ns
    Discrete Jitter          (DJ):    0.000ns
    Phase Error              (PE):    0.000ns

    Location             Delay type                Incr(ns)  Path(ns)    Netlist Resource(s)
  -------------------------------------------------------------------    -------------------
                         (clock sys_clk_pin rise edge)
                                                      0.000     0.000 r  
    D18                                               0.000     0.000 r  clk (IN)
                         net (fo=0)                   0.000     0.000    clk
    D18                  IBUF (Prop_ibuf_I_O)         1.511     1.511 r  clk_IBUF_inst/O
                         net (fo=1, routed)           2.522     4.033    clk_IBUF
    BUFGCTRL_X0Y16       BUFG (Prop_bufg_I_O)         0.101     4.134 r  clk_IBUF_BUFG_inst/O
                         net (fo=1671, routed)        2.057     6.191    u_awgn/u_GaussianNoiseWithUnitVar/u_SinCos/clk_IBUF_BUFG
    SLICE_X110Y103       FDRE                                         r  u_awgn/u_GaussianNoiseWithUnitVar/u_SinCos/Delay2_out1_reg[8]/C
  -------------------------------------------------------------------    -------------------
    SLICE_X110Y103       FDRE (Prop_fdre_C_Q)         0.456     6.647 f  u_awgn/u_GaussianNoiseWithUnitVar/u_SinCos/Delay2_out1_reg[8]/Q
                         net (fo=4, routed)           0.682     7.329    u_awgn/u_GaussianNoiseWithUnitVar/u_SinCos/u_Sine_HDL_Optimized/LTEp25_cast[4]
    SLICE_X110Y103       LUT5 (Prop_lut5_I0_O)        0.124     7.453 f  u_awgn/u_GaussianNoiseWithUnitVar/u_SinCos/u_Sine_HDL_Optimized/i__carry_i_11_rewire/O
                         net (fo=4, routed)           0.504     7.956    u_awgn/u_GaussianNoiseWithUnitVar/u_SinCos/u_Sine_HDL_Optimized1/Delay11_reg_reg[4][15]_srl27___u_awgn_u_GaussianNoiseWithReqVar_Delay1_reg_reg_r_23_i_2
    SLICE_X111Y103       LUT6 (Prop_lut6_I5_O)        0.124     8.080 r  u_awgn/u_GaussianNoiseWithUnitVar/u_SinCos/u_Sine_HDL_Optimized1/i__carry_i_10_rewire/O
                         net (fo=12, routed)          0.625     8.705    u_awgn/u_GaussianNoiseWithUnitVar/u_SinCos/u_Sine_HDL_Optimized1/Delay2_out1_reg[5]
    SLICE_X109Y101       LUT4 (Prop_lut4_I1_O)        0.118     8.823 r  u_awgn/u_GaussianNoiseWithUnitVar/u_SinCos/u_Sine_HDL_Optimized1/i__carry_i_5__3/O
                         net (fo=1, routed)           0.000     8.823    u_awgn/u_GaussianNoiseWithUnitVar/u_SinCos/u_Sine_HDL_Optimized1/i__carry_i_5__3_n_0
    SLICE_X109Y101       CARRY4 (Prop_carry4_DI[0]_CO[3])
                                                      0.483     9.306 r  u_awgn/u_GaussianNoiseWithUnitVar/u_SinCos/u_Sine_HDL_Optimized1/_inferred__1/i__carry/CO[3]
                         net (fo=1, routed)           0.000     9.306    u_awgn/u_GaussianNoiseWithUnitVar/u_SinCos/u_Sine_HDL_Optimized1/_inferred__1/i__carry_n_0
    SLICE_X109Y102       CARRY4 (Prop_carry4_CI_CO[3])
                                                      0.114     9.420 r  u_awgn/u_GaussianNoiseWithUnitVar/u_SinCos/u_Sine_HDL_Optimized1/_inferred__1/i__carry__0/CO[3]
                         net (fo=1, routed)           0.000     9.420    u_awgn/u_GaussianNoiseWithUnitVar/u_SinCos/u_Sine_HDL_Optimized1/_inferred__1/i__carry__0_n_0
    SLICE_X109Y103       CARRY4 (Prop_carry4_CI_CO[3])
                                                      0.114     9.534 r  u_awgn/u_GaussianNoiseWithUnitVar/u_SinCos/u_Sine_HDL_Optimized1/_inferred__1/i__carry__1/CO[3]
                         net (fo=22, routed)          1.098    10.632    u_awgn/u_GaussianNoiseWithUnitVar/u_SinCos/u_Sine_HDL_Optimized1/_inferred__1/i__carry__1_n_0
    SLICE_X109Y106       LUT5 (Prop_lut5_I0_O)        0.124    10.756 r  u_awgn/u_GaussianNoiseWithUnitVar/u_SinCos/u_Sine_HDL_Optimized1/i__carry__2_i_12/O
                         net (fo=9, routed)           0.508    11.264    u_awgn/u_GaussianNoiseWithUnitVar/u_SinCos/u_Sine_HDL_Optimized1/i__carry__2_i_12_n_0
    SLICE_X106Y106       LUT6 (Prop_lut6_I5_O)        0.124    11.388 r  u_awgn/u_GaussianNoiseWithUnitVar/u_SinCos/u_Sine_HDL_Optimized1/i__carry__2_i_9/O
                         net (fo=189, routed)         1.249    12.637    u_awgn/u_GaussianNoiseWithUnitVar/u_SinCos/u_Sine_HDL_Optimized1/prelookup_idx[2]
    SLICE_X105Y105       LUT6 (Prop_lut6_I5_O)        0.124    12.761 f  u_awgn/u_GaussianNoiseWithUnitVar/u_SinCos/u_Sine_HDL_Optimized1/i__carry_i_139/O
                         net (fo=1, routed)           0.000    12.761    u_awgn/u_GaussianNoiseWithUnitVar/u_SinCos/u_Sine_HDL_Optimized1/i__carry_i_139_n_0
    SLICE_X105Y105       MUXF7 (Prop_muxf7_I1_O)      0.245    13.006 f  u_awgn/u_GaussianNoiseWithUnitVar/u_SinCos/u_Sine_HDL_Optimized1/i__carry_i_63/O
                         net (fo=2, routed)           0.000    13.006    u_awgn/u_GaussianNoiseWithUnitVar/u_SinCos/u_Sine_HDL_Optimized1/i__carry_i_63_n_0
    SLICE_X105Y105       MUXF8 (Prop_muxf8_I0_O)      0.104    13.110 f  u_awgn/u_GaussianNoiseWithUnitVar/u_SinCos/u_Sine_HDL_Optimized1/i__carry_i_25/O
                         net (fo=1, routed)           0.594    13.704    u_awgn/u_GaussianNoiseWithUnitVar/u_SinCos/u_Sine_HDL_Optimized1/i__carry_i_25_n_0
    SLICE_X104Y106       LUT6 (Prop_lut6_I2_O)        0.316    14.020 r  u_awgn/u_GaussianNoiseWithUnitVar/u_SinCos/u_Sine_HDL_Optimized1/i__carry_i_5__0/O
                         net (fo=1, routed)           0.542    14.562    u_awgn/u_GaussianNoiseWithUnitVar/u_SinCos/u_Sine_HDL_Optimized1/i__carry_i_5__0_n_0
    SLICE_X105Y108       CARRY4 (Prop_carry4_S[0]_CO[3])
                                                      0.656    15.218 r  u_awgn/u_GaussianNoiseWithUnitVar/u_SinCos/u_Sine_HDL_Optimized1/_inferred__5/i__carry/CO[3]
                         net (fo=1, routed)           0.000    15.218    u_awgn/u_GaussianNoiseWithUnitVar/u_SinCos/u_Sine_HDL_Optimized1/_inferred__5/i__carry_n_0
    SLICE_X105Y109       CARRY4 (Prop_carry4_CI_CO[3])
                                                      0.114    15.332 r  u_awgn/u_GaussianNoiseWithUnitVar/u_SinCos/u_Sine_HDL_Optimized1/_inferred__5/i__carry__0/CO[3]
                         net (fo=1, routed)           0.000    15.332    u_awgn/u_GaussianNoiseWithUnitVar/u_SinCos/u_Sine_HDL_Optimized1/_inferred__5/i__carry__0_n_0
    SLICE_X105Y110       CARRY4 (Prop_carry4_CI_CO[3])
                                                      0.114    15.446 r  u_awgn/u_GaussianNoiseWithUnitVar/u_SinCos/u_Sine_HDL_Optimized1/_inferred__5/i__carry__1/CO[3]
                         net (fo=1, routed)           0.000    15.446    u_awgn/u_GaussianNoiseWithUnitVar/u_SinCos/u_Sine_HDL_Optimized1/_inferred__5/i__carry__1_n_0
    SLICE_X105Y111       CARRY4 (Prop_carry4_CI_O[1])
                                                      0.334    15.780 r  u_awgn/u_GaussianNoiseWithUnitVar/u_SinCos/u_Sine_HDL_Optimized1/_inferred__5/i__carry__2/O[1]
                         net (fo=1, routed)           0.493    16.273    u_awgn/u_GaussianNoiseWithUnitVar/u_SinCos/u_Sine_HDL_Optimized1/_inferred__5/i__carry__2_n_6
    SLICE_X107Y111       LUT6 (Prop_lut6_I5_O)        0.303    16.576 r  u_awgn/u_GaussianNoiseWithUnitVar/u_SinCos/u_Sine_HDL_Optimized1/Delay11_reg_reg[4][14]_srl27___u_awgn_u_GaussianNoiseWithReqVar_Delay1_reg_reg_r_23_i_1/O
                         net (fo=1, routed)           0.000    16.576    u_awgn/u_GaussianNoiseWithUnitVar/u_Sine_HDL_Optimized1/Cosine[14]
    SLICE_X107Y111       FDRE                                         r  u_awgn/u_GaussianNoiseWithUnitVar/Delay11_reg_reg[4][14]_srl27___u_awgn_u_GaussianNoiseWithReqVar_Delay1_reg_reg_r_23_srlopt/D
  -------------------------------------------------------------------    -------------------

                         (clock sys_clk_pin rise edge)
                                                      8.000     8.000 r  
    D18                                               0.000     8.000 r  clk (IN)
                         net (fo=0)                   0.000     8.000    clk
    D18                  IBUF (Prop_ibuf_I_O)         1.440     9.440 r  clk_IBUF_inst/O
                         net (fo=1, routed)           2.293    11.733    clk_IBUF
    BUFGCTRL_X0Y16       BUFG (Prop_bufg_I_O)         0.091    11.824 r  clk_IBUF_BUFG_inst/O
                         net (fo=1671, routed)        1.854    13.678    u_awgn/u_GaussianNoiseWithUnitVar/clk_IBUF_BUFG
    SLICE_X107Y111       FDRE                                         r  u_awgn/u_GaussianNoiseWithUnitVar/Delay11_reg_reg[4][14]_srl27___u_awgn_u_GaussianNoiseWithReqVar_Delay1_reg_reg_r_23_srlopt/C
                         clock pessimism              0.442    14.120    
                         clock uncertainty           -0.035    14.084    
    SLICE_X107Y111       FDRE (Setup_fdre_C_D)        0.032    14.116    u_awgn/u_GaussianNoiseWithUnitVar/Delay11_reg_reg[4][14]_srl27___u_awgn_u_GaussianNoiseWithReqVar_Delay1_reg_reg_r_23_srlopt
  -------------------------------------------------------------------
                         required time                         14.116    
                         arrival time                         -16.576    
  -------------------------------------------------------------------
                         slack                                 -2.459    

Slack (VIOLATED) :        -2.362ns  (required time - arrival time)
  Source:                 u_awgn/u_GaussianNoiseWithUnitVar/u_SinCos/Delay2_out1_reg[8]/C
                            (rising edge-triggered cell FDRE clocked by sys_clk_pin  {rise@0.000ns fall@4.000ns period=8.000ns})
  Destination:            u_awgn/u_GaussianNoiseWithUnitVar/Delay11_reg_reg[4][12]_srl27___u_awgn_u_GaussianNoiseWithReqVar_Delay1_reg_reg_r_23_srlopt/D
                            (rising edge-triggered cell FDRE clocked by sys_clk_pin  {rise@0.000ns fall@4.000ns period=8.000ns})
  Path Group:             sys_clk_pin
  Path Type:              Setup (Max at Slow Process Corner)
  Requirement:            8.000ns  (sys_clk_pin rise@8.000ns - sys_clk_pin rise@0.000ns)
  Data Path Delay:        10.287ns  (logic 3.959ns (38.487%)  route 6.328ns (61.513%))
  Logic Levels:           16  (CARRY4=6 LUT4=1 LUT5=2 LUT6=5 MUXF7=1 MUXF8=1)
  Clock Path Skew:        -0.071ns (DCD - SCD + CPR)
    Destination Clock Delay (DCD):    5.678ns = ( 13.678 - 8.000 ) 
    Source Clock Delay      (SCD):    6.191ns
    Clock Pessimism Removal (CPR):    0.442ns
  Clock Uncertainty:      0.035ns  ((TSJ^2 + TIJ^2)^1/2 + DJ) / 2 + PE
    Total System Jitter     (TSJ):    0.071ns
    Total Input Jitter      (TIJ):    0.000ns
    Discrete Jitter          (DJ):    0.000ns
    Phase Error              (PE):    0.000ns

    Location             Delay type                Incr(ns)  Path(ns)    Netlist Resource(s)
  -------------------------------------------------------------------    -------------------
                         (clock sys_clk_pin rise edge)
                                                      0.000     0.000 r  
    D18                                               0.000     0.000 r  clk (IN)
                         net (fo=0)                   0.000     0.000    clk
    D18                  IBUF (Prop_ibuf_I_O)         1.511     1.511 r  clk_IBUF_inst/O
                         net (fo=1, routed)           2.522     4.033    clk_IBUF
    BUFGCTRL_X0Y16       BUFG (Prop_bufg_I_O)         0.101     4.134 r  clk_IBUF_BUFG_inst/O
                         net (fo=1671, routed)        2.057     6.191    u_awgn/u_GaussianNoiseWithUnitVar/u_SinCos/clk_IBUF_BUFG
    SLICE_X110Y103       FDRE                                         r  u_awgn/u_GaussianNoiseWithUnitVar/u_SinCos/Delay2_out1_reg[8]/C
  -------------------------------------------------------------------    -------------------
    SLICE_X110Y103       FDRE (Prop_fdre_C_Q)         0.456     6.647 f  u_awgn/u_GaussianNoiseWithUnitVar/u_SinCos/Delay2_out1_reg[8]/Q
                         net (fo=4, routed)           0.682     7.329    u_awgn/u_GaussianNoiseWithUnitVar/u_SinCos/u_Sine_HDL_Optimized/LTEp25_cast[4]
    SLICE_X110Y103       LUT5 (Prop_lut5_I0_O)        0.124     7.453 f  u_awgn/u_GaussianNoiseWithUnitVar/u_SinCos/u_Sine_HDL_Optimized/i__carry_i_11_rewire/O
                         net (fo=4, routed)           0.504     7.956    u_awgn/u_GaussianNoiseWithUnitVar/u_SinCos/u_Sine_HDL_Optimized1/Delay11_reg_reg[4][15]_srl27___u_awgn_u_GaussianNoiseWithReqVar_Delay1_reg_reg_r_23_i_2
    SLICE_X111Y103       LUT6 (Prop_lut6_I5_O)        0.124     8.080 r  u_awgn/u_GaussianNoiseWithUnitVar/u_SinCos/u_Sine_HDL_Optimized1/i__carry_i_10_rewire/O
                         net (fo=12, routed)          0.625     8.705    u_awgn/u_GaussianNoiseWithUnitVar/u_SinCos/u_Sine_HDL_Optimized1/Delay2_out1_reg[5]
    SLICE_X109Y101       LUT4 (Prop_lut4_I1_O)        0.118     8.823 r  u_awgn/u_GaussianNoiseWithUnitVar/u_SinCos/u_Sine_HDL_Optimized1/i__carry_i_5__3/O
                         net (fo=1, routed)           0.000     8.823    u_awgn/u_GaussianNoiseWithUnitVar/u_SinCos/u_Sine_HDL_Optimized1/i__carry_i_5__3_n_0
    SLICE_X109Y101       CARRY4 (Prop_carry4_DI[0]_CO[3])
                                                      0.483     9.306 r  u_awgn/u_GaussianNoiseWithUnitVar/u_SinCos/u_Sine_HDL_Optimized1/_inferred__1/i__carry/CO[3]
                         net (fo=1, routed)           0.000     9.306    u_awgn/u_GaussianNoiseWithUnitVar/u_SinCos/u_Sine_HDL_Optimized1/_inferred__1/i__carry_n_0
    SLICE_X109Y102       CARRY4 (Prop_carry4_CI_CO[3])
                                                      0.114     9.420 r  u_awgn/u_GaussianNoiseWithUnitVar/u_SinCos/u_Sine_HDL_Optimized1/_inferred__1/i__carry__0/CO[3]
                         net (fo=1, routed)           0.000     9.420    u_awgn/u_GaussianNoiseWithUnitVar/u_SinCos/u_Sine_HDL_Optimized1/_inferred__1/i__carry__0_n_0
    SLICE_X109Y103       CARRY4 (Prop_carry4_CI_CO[3])
                                                      0.114     9.534 r  u_awgn/u_GaussianNoiseWithUnitVar/u_SinCos/u_Sine_HDL_Optimized1/_inferred__1/i__carry__1/CO[3]
                         net (fo=22, routed)          1.098    10.632    u_awgn/u_GaussianNoiseWithUnitVar/u_SinCos/u_Sine_HDL_Optimized1/_inferred__1/i__carry__1_n_0
    SLICE_X109Y106       LUT5 (Prop_lut5_I0_O)        0.124    10.756 r  u_awgn/u_GaussianNoiseWithUnitVar/u_SinCos/u_Sine_HDL_Optimized1/i__carry__2_i_12/O
                         net (fo=9, routed)           0.508    11.264    u_awgn/u_GaussianNoiseWithUnitVar/u_SinCos/u_Sine_HDL_Optimized1/i__carry__2_i_12_n_0
    SLICE_X106Y106       LUT6 (Prop_lut6_I5_O)        0.124    11.388 r  u_awgn/u_GaussianNoiseWithUnitVar/u_SinCos/u_Sine_HDL_Optimized1/i__carry__2_i_9/O
                         net (fo=189, routed)         1.249    12.637    u_awgn/u_GaussianNoiseWithUnitVar/u_SinCos/u_Sine_HDL_Optimized1/prelookup_idx[2]
    SLICE_X105Y105       LUT6 (Prop_lut6_I5_O)        0.124    12.761 f  u_awgn/u_GaussianNoiseWithUnitVar/u_SinCos/u_Sine_HDL_Optimized1/i__carry_i_139/O
                         net (fo=1, routed)           0.000    12.761    u_awgn/u_GaussianNoiseWithUnitVar/u_SinCos/u_Sine_HDL_Optimized1/i__carry_i_139_n_0
    SLICE_X105Y105       MUXF7 (Prop_muxf7_I1_O)      0.245    13.006 f  u_awgn/u_GaussianNoiseWithUnitVar/u_SinCos/u_Sine_HDL_Optimized1/i__carry_i_63/O
                         net (fo=2, routed)           0.000    13.006    u_awgn/u_GaussianNoiseWithUnitVar/u_SinCos/u_Sine_HDL_Optimized1/i__carry_i_63_n_0
    SLICE_X105Y105       MUXF8 (Prop_muxf8_I0_O)      0.104    13.110 f  u_awgn/u_GaussianNoiseWithUnitVar/u_SinCos/u_Sine_HDL_Optimized1/i__carry_i_25/O
                         net (fo=1, routed)           0.594    13.704    u_awgn/u_GaussianNoiseWithUnitVar/u_SinCos/u_Sine_HDL_Optimized1/i__carry_i_25_n_0
    SLICE_X104Y106       LUT6 (Prop_lut6_I2_O)        0.316    14.020 r  u_awgn/u_GaussianNoiseWithUnitVar/u_SinCos/u_Sine_HDL_Optimized1/i__carry_i_5__0/O
                         net (fo=1, routed)           0.542    14.562    u_awgn/u_GaussianNoiseWithUnitVar/u_SinCos/u_Sine_HDL_Optimized1/i__carry_i_5__0_n_0
    SLICE_X105Y108       CARRY4 (Prop_carry4_S[0]_CO[3])
                                                      0.656    15.218 r  u_awgn/u_GaussianNoiseWithUnitVar/u_SinCos/u_Sine_HDL_Optimized1/_inferred__5/i__carry/CO[3]
                         net (fo=1, routed)           0.000    15.218    u_awgn/u_GaussianNoiseWithUnitVar/u_SinCos/u_Sine_HDL_Optimized1/_inferred__5/i__carry_n_0
    SLICE_X105Y109       CARRY4 (Prop_carry4_CI_CO[3])
                                                      0.114    15.332 r  u_awgn/u_GaussianNoiseWithUnitVar/u_SinCos/u_Sine_HDL_Optimized1/_inferred__5/i__carry__0/CO[3]
                         net (fo=1, routed)           0.000    15.332    u_awgn/u_GaussianNoiseWithUnitVar/u_SinCos/u_Sine_HDL_Optimized1/_inferred__5/i__carry__0_n_0
    SLICE_X105Y110       CARRY4 (Prop_carry4_CI_O[3])
                                                      0.313    15.645 r  u_awgn/u_GaussianNoiseWithUnitVar/u_SinCos/u_Sine_HDL_Optimized1/_inferred__5/i__carry__1/O[3]
                         net (fo=1, routed)           0.527    16.171    u_awgn/u_GaussianNoiseWithUnitVar/u_SinCos/u_Sine_HDL_Optimized1/_inferred__5/i__carry__1_n_4
    SLICE_X107Y111       LUT6 (Prop_lut6_I5_O)        0.306    16.477 r  u_awgn/u_GaussianNoiseWithUnitVar/u_SinCos/u_Sine_HDL_Optimized1/Delay11_reg_reg[4][12]_srl27___u_awgn_u_GaussianNoiseWithReqVar_Delay1_reg_reg_r_23_i_1/O
                         net (fo=1, routed)           0.000    16.477    u_awgn/u_GaussianNoiseWithUnitVar/u_Sine_HDL_Optimized1/Cosine[12]
    SLICE_X107Y111       FDRE                                         r  u_awgn/u_GaussianNoiseWithUnitVar/Delay11_reg_reg[4][12]_srl27___u_awgn_u_GaussianNoiseWithReqVar_Delay1_reg_reg_r_23_srlopt/D
  -------------------------------------------------------------------    -------------------

                         (clock sys_clk_pin rise edge)
                                                      8.000     8.000 r  
    D18                                               0.000     8.000 r  clk (IN)
                         net (fo=0)                   0.000     8.000    clk
    D18                  IBUF (Prop_ibuf_I_O)         1.440     9.440 r  clk_IBUF_inst/O
                         net (fo=1, routed)           2.293    11.733    clk_IBUF
    BUFGCTRL_X0Y16       BUFG (Prop_bufg_I_O)         0.091    11.824 r  clk_IBUF_BUFG_inst/O
                         net (fo=1671, routed)        1.854    13.678    u_awgn/u_GaussianNoiseWithUnitVar/clk_IBUF_BUFG
    SLICE_X107Y111       FDRE                                         r  u_awgn/u_GaussianNoiseWithUnitVar/Delay11_reg_reg[4][12]_srl27___u_awgn_u_GaussianNoiseWithReqVar_Delay1_reg_reg_r_23_srlopt/C
                         clock pessimism              0.442    14.120    
                         clock uncertainty           -0.035    14.084    
    SLICE_X107Y111       FDRE (Setup_fdre_C_D)        0.031    14.115    u_awgn/u_GaussianNoiseWithUnitVar/Delay11_reg_reg[4][12]_srl27___u_awgn_u_GaussianNoiseWithReqVar_Delay1_reg_reg_r_23_srlopt
  -------------------------------------------------------------------
                         required time                         14.115    
                         arrival time                         -16.477    
  -------------------------------------------------------------------
                         slack                                 -2.362    

Slack (VIOLATED) :        -2.318ns  (required time - arrival time)
  Source:                 u_awgn/u_GaussianNoiseWithUnitVar/u_SinCos/Delay2_out1_reg[8]/C
                            (rising edge-triggered cell FDRE clocked by sys_clk_pin  {rise@0.000ns fall@4.000ns period=8.000ns})
  Destination:            u_awgn/u_GaussianNoiseWithUnitVar/Delay11_reg_reg[4][15]_srl27___u_awgn_u_GaussianNoiseWithReqVar_Delay1_reg_reg_r_23_srlopt/D
                            (rising edge-triggered cell FDRE clocked by sys_clk_pin  {rise@0.000ns fall@4.000ns period=8.000ns})
  Path Group:             sys_clk_pin
  Path Type:              Setup (Max at Slow Process Corner)
  Requirement:            8.000ns  (sys_clk_pin rise@8.000ns - sys_clk_pin rise@0.000ns)
  Data Path Delay:        10.287ns  (logic 3.989ns (38.778%)  route 6.298ns (61.222%))
  Logic Levels:           17  (CARRY4=7 LUT2=1 LUT4=1 LUT5=2 LUT6=4 MUXF7=1 MUXF8=1)
  Clock Path Skew:        -0.071ns (DCD - SCD + CPR)
    Destination Clock Delay (DCD):    5.678ns = ( 13.678 - 8.000 ) 
    Source Clock Delay      (SCD):    6.191ns
    Clock Pessimism Removal (CPR):    0.442ns
  Clock Uncertainty:      0.035ns  ((TSJ^2 + TIJ^2)^1/2 + DJ) / 2 + PE
    Total System Jitter     (TSJ):    0.071ns
    Total Input Jitter      (TIJ):    0.000ns
    Discrete Jitter          (DJ):    0.000ns
    Phase Error              (PE):    0.000ns

    Location             Delay type                Incr(ns)  Path(ns)    Netlist Resource(s)
  -------------------------------------------------------------------    -------------------
                         (clock sys_clk_pin rise edge)
                                                      0.000     0.000 r  
    D18                                               0.000     0.000 r  clk (IN)
                         net (fo=0)                   0.000     0.000    clk
    D18                  IBUF (Prop_ibuf_I_O)         1.511     1.511 r  clk_IBUF_inst/O
                         net (fo=1, routed)           2.522     4.033    clk_IBUF
    BUFGCTRL_X0Y16       BUFG (Prop_bufg_I_O)         0.101     4.134 r  clk_IBUF_BUFG_inst/O
                         net (fo=1671, routed)        2.057     6.191    u_awgn/u_GaussianNoiseWithUnitVar/u_SinCos/clk_IBUF_BUFG
    SLICE_X110Y103       FDRE                                         r  u_awgn/u_GaussianNoiseWithUnitVar/u_SinCos/Delay2_out1_reg[8]/C
  -------------------------------------------------------------------    -------------------
    SLICE_X110Y103       FDRE (Prop_fdre_C_Q)         0.456     6.647 f  u_awgn/u_GaussianNoiseWithUnitVar/u_SinCos/Delay2_out1_reg[8]/Q
                         net (fo=4, routed)           0.682     7.329    u_awgn/u_GaussianNoiseWithUnitVar/u_SinCos/u_Sine_HDL_Optimized/LTEp25_cast[4]
    SLICE_X110Y103       LUT5 (Prop_lut5_I0_O)        0.124     7.453 f  u_awgn/u_GaussianNoiseWithUnitVar/u_SinCos/u_Sine_HDL_Optimized/i__carry_i_11_rewire/O
                         net (fo=4, routed)           0.504     7.956    u_awgn/u_GaussianNoiseWithUnitVar/u_SinCos/u_Sine_HDL_Optimized1/Delay11_reg_reg[4][15]_srl27___u_awgn_u_GaussianNoiseWithReqVar_Delay1_reg_reg_r_23_i_2
    SLICE_X111Y103       LUT6 (Prop_lut6_I5_O)        0.124     8.080 r  u_awgn/u_GaussianNoiseWithUnitVar/u_SinCos/u_Sine_HDL_Optimized1/i__carry_i_10_rewire/O
                         net (fo=12, routed)          0.625     8.705    u_awgn/u_GaussianNoiseWithUnitVar/u_SinCos/u_Sine_HDL_Optimized1/Delay2_out1_reg[5]
    SLICE_X109Y101       LUT4 (Prop_lut4_I1_O)        0.118     8.823 r  u_awgn/u_GaussianNoiseWithUnitVar/u_SinCos/u_Sine_HDL_Optimized1/i__carry_i_5__3/O
                         net (fo=1, routed)           0.000     8.823    u_awgn/u_GaussianNoiseWithUnitVar/u_SinCos/u_Sine_HDL_Optimized1/i__carry_i_5__3_n_0
    SLICE_X109Y101       CARRY4 (Prop_carry4_DI[0]_CO[3])
                                                      0.483     9.306 r  u_awgn/u_GaussianNoiseWithUnitVar/u_SinCos/u_Sine_HDL_Optimized1/_inferred__1/i__carry/CO[3]
                         net (fo=1, routed)           0.000     9.306    u_awgn/u_GaussianNoiseWithUnitVar/u_SinCos/u_Sine_HDL_Optimized1/_inferred__1/i__carry_n_0
    SLICE_X109Y102       CARRY4 (Prop_carry4_CI_CO[3])
                                                      0.114     9.420 r  u_awgn/u_GaussianNoiseWithUnitVar/u_SinCos/u_Sine_HDL_Optimized1/_inferred__1/i__carry__0/CO[3]
                         net (fo=1, routed)           0.000     9.420    u_awgn/u_GaussianNoiseWithUnitVar/u_SinCos/u_Sine_HDL_Optimized1/_inferred__1/i__carry__0_n_0
    SLICE_X109Y103       CARRY4 (Prop_carry4_CI_CO[3])
                                                      0.114     9.534 r  u_awgn/u_GaussianNoiseWithUnitVar/u_SinCos/u_Sine_HDL_Optimized1/_inferred__1/i__carry__1/CO[3]
                         net (fo=22, routed)          1.098    10.632    u_awgn/u_GaussianNoiseWithUnitVar/u_SinCos/u_Sine_HDL_Optimized1/_inferred__1/i__carry__1_n_0
    SLICE_X109Y106       LUT5 (Prop_lut5_I0_O)        0.124    10.756 r  u_awgn/u_GaussianNoiseWithUnitVar/u_SinCos/u_Sine_HDL_Optimized1/i__carry__2_i_12/O
                         net (fo=9, routed)           0.508    11.264    u_awgn/u_GaussianNoiseWithUnitVar/u_SinCos/u_Sine_HDL_Optimized1/i__carry__2_i_12_n_0
    SLICE_X106Y106       LUT6 (Prop_lut6_I5_O)        0.124    11.388 r  u_awgn/u_GaussianNoiseWithUnitVar/u_SinCos/u_Sine_HDL_Optimized1/i__carry__2_i_9/O
                         net (fo=189, routed)         1.249    12.637    u_awgn/u_GaussianNoiseWithUnitVar/u_SinCos/u_Sine_HDL_Optimized1/prelookup_idx[2]
    SLICE_X105Y105       LUT6 (Prop_lut6_I5_O)        0.124    12.761 f  u_awgn/u_GaussianNoiseWithUnitVar/u_SinCos/u_Sine_HDL_Optimized1/i__carry_i_139/O
                         net (fo=1, routed)           0.000    12.761    u_awgn/u_GaussianNoiseWithUnitVar/u_SinCos/u_Sine_HDL_Optimized1/i__carry_i_139_n_0
    SLICE_X105Y105       MUXF7 (Prop_muxf7_I1_O)      0.245    13.006 f  u_awgn/u_GaussianNoiseWithUnitVar/u_SinCos/u_Sine_HDL_Optimized1/i__carry_i_63/O
                         net (fo=2, routed)           0.000    13.006    u_awgn/u_GaussianNoiseWithUnitVar/u_SinCos/u_Sine_HDL_Optimized1/i__carry_i_63_n_0
    SLICE_X105Y105       MUXF8 (Prop_muxf8_I0_O)      0.104    13.110 f  u_awgn/u_GaussianNoiseWithUnitVar/u_SinCos/u_Sine_HDL_Optimized1/i__carry_i_25/O
                         net (fo=1, routed)           0.594    13.704    u_awgn/u_GaussianNoiseWithUnitVar/u_SinCos/u_Sine_HDL_Optimized1/i__carry_i_25_n_0
    SLICE_X104Y106       LUT6 (Prop_lut6_I2_O)        0.316    14.020 r  u_awgn/u_GaussianNoiseWithUnitVar/u_SinCos/u_Sine_HDL_Optimized1/i__carry_i_5__0/O
                         net (fo=1, routed)           0.542    14.562    u_awgn/u_GaussianNoiseWithUnitVar/u_SinCos/u_Sine_HDL_Optimized1/i__carry_i_5__0_n_0
    SLICE_X105Y108       CARRY4 (Prop_carry4_S[0]_CO[3])
                                                      0.656    15.218 r  u_awgn/u_GaussianNoiseWithUnitVar/u_SinCos/u_Sine_HDL_Optimized1/_inferred__5/i__carry/CO[3]
                         net (fo=1, routed)           0.000    15.218    u_awgn/u_GaussianNoiseWithUnitVar/u_SinCos/u_Sine_HDL_Optimized1/_inferred__5/i__carry_n_0
    SLICE_X105Y109       CARRY4 (Prop_carry4_CI_CO[3])
                                                      0.114    15.332 r  u_awgn/u_GaussianNoiseWithUnitVar/u_SinCos/u_Sine_HDL_Optimized1/_inferred__5/i__carry__0/CO[3]
                         net (fo=1, routed)           0.000    15.332    u_awgn/u_GaussianNoiseWithUnitVar/u_SinCos/u_Sine_HDL_Optimized1/_inferred__5/i__carry__0_n_0
    SLICE_X105Y110       CARRY4 (Prop_carry4_CI_CO[3])
                                                      0.114    15.446 r  u_awgn/u_GaussianNoiseWithUnitVar/u_SinCos/u_Sine_HDL_Optimized1/_inferred__5/i__carry__1/CO[3]
                         net (fo=1, routed)           0.000    15.446    u_awgn/u_GaussianNoiseWithUnitVar/u_SinCos/u_Sine_HDL_Optimized1/_inferred__5/i__carry__1_n_0
    SLICE_X105Y111       CARRY4 (Prop_carry4_CI_CO[2])
                                                      0.228    15.674 f  u_awgn/u_GaussianNoiseWithUnitVar/u_SinCos/u_Sine_HDL_Optimized1/_inferred__5/i__carry__2/CO[2]
                         net (fo=1, routed)           0.497    16.170    u_awgn/u_GaussianNoiseWithUnitVar/u_SinCos/u_Sine_HDL_Optimized1/_inferred__5/i__carry__2_n_1
    SLICE_X107Y111       LUT2 (Prop_lut2_I0_O)        0.307    16.477 r  u_awgn/u_GaussianNoiseWithUnitVar/u_SinCos/u_Sine_HDL_Optimized1/Delay11_reg_reg[4][15]_srl27___u_awgn_u_GaussianNoiseWithReqVar_Delay1_reg_reg_r_23_i_1/O
                         net (fo=1, routed)           0.000    16.477    u_awgn/u_GaussianNoiseWithUnitVar/u_Sine_HDL_Optimized1/Cosine[15]
    SLICE_X107Y111       FDRE                                         r  u_awgn/u_GaussianNoiseWithUnitVar/Delay11_reg_reg[4][15]_srl27___u_awgn_u_GaussianNoiseWithReqVar_Delay1_reg_reg_r_23_srlopt/D
  -------------------------------------------------------------------    -------------------

                         (clock sys_clk_pin rise edge)
                                                      8.000     8.000 r  
    D18                                               0.000     8.000 r  clk (IN)
                         net (fo=0)                   0.000     8.000    clk
    D18                  IBUF (Prop_ibuf_I_O)         1.440     9.440 r  clk_IBUF_inst/O
                         net (fo=1, routed)           2.293    11.733    clk_IBUF
    BUFGCTRL_X0Y16       BUFG (Prop_bufg_I_O)         0.091    11.824 r  clk_IBUF_BUFG_inst/O
                         net (fo=1671, routed)        1.854    13.678    u_awgn/u_GaussianNoiseWithUnitVar/clk_IBUF_BUFG
    SLICE_X107Y111       FDRE                                         r  u_awgn/u_GaussianNoiseWithUnitVar/Delay11_reg_reg[4][15]_srl27___u_awgn_u_GaussianNoiseWithReqVar_Delay1_reg_reg_r_23_srlopt/C
                         clock pessimism              0.442    14.120    
                         clock uncertainty           -0.035    14.084    
    SLICE_X107Y111       FDRE (Setup_fdre_C_D)        0.075    14.159    u_awgn/u_GaussianNoiseWithUnitVar/Delay11_reg_reg[4][15]_srl27___u_awgn_u_GaussianNoiseWithReqVar_Delay1_reg_reg_r_23_srlopt
  -------------------------------------------------------------------
                         required time                         14.159    
                         arrival time                         -16.477    
  -------------------------------------------------------------------
                         slack                                 -2.318    

Slack (VIOLATED) :        -2.241ns  (required time - arrival time)
  Source:                 u_awgn/u_GaussianNoiseWithUnitVar/u_SinCos/Delay2_out1_reg[8]/C
                            (rising edge-triggered cell FDRE clocked by sys_clk_pin  {rise@0.000ns fall@4.000ns period=8.000ns})
  Destination:            u_awgn/u_GaussianNoiseWithUnitVar/Delay11_reg_reg[4][8]_srl27___u_awgn_u_GaussianNoiseWithReqVar_Delay1_reg_reg_r_23_srlopt/D
                            (rising edge-triggered cell FDRE clocked by sys_clk_pin  {rise@0.000ns fall@4.000ns period=8.000ns})
  Path Group:             sys_clk_pin
  Path Type:              Setup (Max at Slow Process Corner)
  Requirement:            8.000ns  (sys_clk_pin rise@8.000ns - sys_clk_pin rise@0.000ns)
  Data Path Delay:        10.091ns  (logic 3.845ns (38.102%)  route 6.246ns (61.898%))
  Logic Levels:           15  (CARRY4=5 LUT4=1 LUT5=3 LUT6=4 MUXF7=1 MUXF8=1)
  Clock Path Skew:        -0.145ns (DCD - SCD + CPR)
    Destination Clock Delay (DCD):    5.604ns = ( 13.604 - 8.000 ) 
    Source Clock Delay      (SCD):    6.191ns
    Clock Pessimism Removal (CPR):    0.442ns
  Clock Uncertainty:      0.035ns  ((TSJ^2 + TIJ^2)^1/2 + DJ) / 2 + PE
    Total System Jitter     (TSJ):    0.071ns
    Total Input Jitter      (TIJ):    0.000ns
    Discrete Jitter          (DJ):    0.000ns
    Phase Error              (PE):    0.000ns

    Location             Delay type                Incr(ns)  Path(ns)    Netlist Resource(s)
  -------------------------------------------------------------------    -------------------
                         (clock sys_clk_pin rise edge)
                                                      0.000     0.000 r  
    D18                                               0.000     0.000 r  clk (IN)
                         net (fo=0)                   0.000     0.000    clk
    D18                  IBUF (Prop_ibuf_I_O)         1.511     1.511 r  clk_IBUF_inst/O
                         net (fo=1, routed)           2.522     4.033    clk_IBUF
    BUFGCTRL_X0Y16       BUFG (Prop_bufg_I_O)         0.101     4.134 r  clk_IBUF_BUFG_inst/O
                         net (fo=1671, routed)        2.057     6.191    u_awgn/u_GaussianNoiseWithUnitVar/u_SinCos/clk_IBUF_BUFG
    SLICE_X110Y103       FDRE                                         r  u_awgn/u_GaussianNoiseWithUnitVar/u_SinCos/Delay2_out1_reg[8]/C
  -------------------------------------------------------------------    -------------------
    SLICE_X110Y103       FDRE (Prop_fdre_C_Q)         0.456     6.647 f  u_awgn/u_GaussianNoiseWithUnitVar/u_SinCos/Delay2_out1_reg[8]/Q
                         net (fo=4, routed)           0.682     7.329    u_awgn/u_GaussianNoiseWithUnitVar/u_SinCos/u_Sine_HDL_Optimized/LTEp25_cast[4]
    SLICE_X110Y103       LUT5 (Prop_lut5_I0_O)        0.124     7.453 f  u_awgn/u_GaussianNoiseWithUnitVar/u_SinCos/u_Sine_HDL_Optimized/i__carry_i_11_rewire/O
                         net (fo=4, routed)           0.504     7.956    u_awgn/u_GaussianNoiseWithUnitVar/u_SinCos/u_Sine_HDL_Optimized1/Delay11_reg_reg[4][15]_srl27___u_awgn_u_GaussianNoiseWithReqVar_Delay1_reg_reg_r_23_i_2
    SLICE_X111Y103       LUT6 (Prop_lut6_I5_O)        0.124     8.080 r  u_awgn/u_GaussianNoiseWithUnitVar/u_SinCos/u_Sine_HDL_Optimized1/i__carry_i_10_rewire/O
                         net (fo=12, routed)          0.625     8.705    u_awgn/u_GaussianNoiseWithUnitVar/u_SinCos/u_Sine_HDL_Optimized1/Delay2_out1_reg[5]
    SLICE_X109Y101       LUT4 (Prop_lut4_I1_O)        0.118     8.823 r  u_awgn/u_GaussianNoiseWithUnitVar/u_SinCos/u_Sine_HDL_Optimized1/i__carry_i_5__3/O
                         net (fo=1, routed)           0.000     8.823    u_awgn/u_GaussianNoiseWithUnitVar/u_SinCos/u_Sine_HDL_Optimized1/i__carry_i_5__3_n_0
    SLICE_X109Y101       CARRY4 (Prop_carry4_DI[0]_CO[3])
                                                      0.483     9.306 r  u_awgn/u_GaussianNoiseWithUnitVar/u_SinCos/u_Sine_HDL_Optimized1/_inferred__1/i__carry/CO[3]
                         net (fo=1, routed)           0.000     9.306    u_awgn/u_GaussianNoiseWithUnitVar/u_SinCos/u_Sine_HDL_Optimized1/_inferred__1/i__carry_n_0
    SLICE_X109Y102       CARRY4 (Prop_carry4_CI_CO[3])
                                                      0.114     9.420 r  u_awgn/u_GaussianNoiseWithUnitVar/u_SinCos/u_Sine_HDL_Optimized1/_inferred__1/i__carry__0/CO[3]
                         net (fo=1, routed)           0.000     9.420    u_awgn/u_GaussianNoiseWithUnitVar/u_SinCos/u_Sine_HDL_Optimized1/_inferred__1/i__carry__0_n_0
    SLICE_X109Y103       CARRY4 (Prop_carry4_CI_CO[3])
                                                      0.114     9.534 r  u_awgn/u_GaussianNoiseWithUnitVar/u_SinCos/u_Sine_HDL_Optimized1/_inferred__1/i__carry__1/CO[3]
                         net (fo=22, routed)          1.098    10.632    u_awgn/u_GaussianNoiseWithUnitVar/u_SinCos/u_Sine_HDL_Optimized1/_inferred__1/i__carry__1_n_0
    SLICE_X109Y106       LUT5 (Prop_lut5_I0_O)        0.124    10.756 r  u_awgn/u_GaussianNoiseWithUnitVar/u_SinCos/u_Sine_HDL_Optimized1/i__carry__2_i_12/O
                         net (fo=9, routed)           0.508    11.264    u_awgn/u_GaussianNoiseWithUnitVar/u_SinCos/u_Sine_HDL_Optimized1/i__carry__2_i_12_n_0
    SLICE_X106Y106       LUT6 (Prop_lut6_I5_O)        0.124    11.388 r  u_awgn/u_GaussianNoiseWithUnitVar/u_SinCos/u_Sine_HDL_Optimized1/i__carry__2_i_9/O
                         net (fo=189, routed)         1.249    12.637    u_awgn/u_GaussianNoiseWithUnitVar/u_SinCos/u_Sine_HDL_Optimized1/prelookup_idx[2]
    SLICE_X105Y105       LUT6 (Prop_lut6_I5_O)        0.124    12.761 f  u_awgn/u_GaussianNoiseWithUnitVar/u_SinCos/u_Sine_HDL_Optimized1/i__carry_i_139/O
                         net (fo=1, routed)           0.000    12.761    u_awgn/u_GaussianNoiseWithUnitVar/u_SinCos/u_Sine_HDL_Optimized1/i__carry_i_139_n_0
    SLICE_X105Y105       MUXF7 (Prop_muxf7_I1_O)      0.245    13.006 f  u_awgn/u_GaussianNoiseWithUnitVar/u_SinCos/u_Sine_HDL_Optimized1/i__carry_i_63/O
                         net (fo=2, routed)           0.000    13.006    u_awgn/u_GaussianNoiseWithUnitVar/u_SinCos/u_Sine_HDL_Optimized1/i__carry_i_63_n_0
    SLICE_X105Y105       MUXF8 (Prop_muxf8_I0_O)      0.104    13.110 f  u_awgn/u_GaussianNoiseWithUnitVar/u_SinCos/u_Sine_HDL_Optimized1/i__carry_i_25/O
                         net (fo=1, routed)           0.594    13.704    u_awgn/u_GaussianNoiseWithUnitVar/u_SinCos/u_Sine_HDL_Optimized1/i__carry_i_25_n_0
    SLICE_X104Y106       LUT6 (Prop_lut6_I2_O)        0.316    14.020 r  u_awgn/u_GaussianNoiseWithUnitVar/u_SinCos/u_Sine_HDL_Optimized1/i__carry_i_5__0/O
                         net (fo=1, routed)           0.542    14.562    u_awgn/u_GaussianNoiseWithUnitVar/u_SinCos/u_Sine_HDL_Optimized1/i__carry_i_5__0_n_0
    SLICE_X105Y108       CARRY4 (Prop_carry4_S[0]_CO[3])
                                                      0.656    15.218 r  u_awgn/u_GaussianNoiseWithUnitVar/u_SinCos/u_Sine_HDL_Optimized1/_inferred__5/i__carry/CO[3]
                         net (fo=1, routed)           0.000    15.218    u_awgn/u_GaussianNoiseWithUnitVar/u_SinCos/u_Sine_HDL_Optimized1/_inferred__5/i__carry_n_0
    SLICE_X105Y109       CARRY4 (Prop_carry4_CI_O[3])
                                                      0.313    15.531 r  u_awgn/u_GaussianNoiseWithUnitVar/u_SinCos/u_Sine_HDL_Optimized1/_inferred__5/i__carry__0/O[3]
                         net (fo=1, routed)           0.445    15.976    u_awgn/u_GaussianNoiseWithUnitVar/u_SinCos/u_Sine_HDL_Optimized1/_inferred__5/i__carry__0_n_4
    SLICE_X103Y111       LUT5 (Prop_lut5_I4_O)        0.306    16.282 r  u_awgn/u_GaussianNoiseWithUnitVar/u_SinCos/u_Sine_HDL_Optimized1/Delay11_reg_reg[4][8]_srl27___u_awgn_u_GaussianNoiseWithReqVar_Delay1_reg_reg_r_23_i_1/O
                         net (fo=1, routed)           0.000    16.282    u_awgn/u_GaussianNoiseWithUnitVar/u_Sine_HDL_Optimized1/Cosine[8]
    SLICE_X103Y111       FDRE                                         r  u_awgn/u_GaussianNoiseWithUnitVar/Delay11_reg_reg[4][8]_srl27___u_awgn_u_GaussianNoiseWithReqVar_Delay1_reg_reg_r_23_srlopt/D
  -------------------------------------------------------------------    -------------------

                         (clock sys_clk_pin rise edge)
                                                      8.000     8.000 r  
    D18                                               0.000     8.000 r  clk (IN)
                         net (fo=0)                   0.000     8.000    clk
    D18                  IBUF (Prop_ibuf_I_O)         1.440     9.440 r  clk_IBUF_inst/O
                         net (fo=1, routed)           2.293    11.733    clk_IBUF
    BUFGCTRL_X0Y16       BUFG (Prop_bufg_I_O)         0.091    11.824 r  clk_IBUF_BUFG_inst/O
                         net (fo=1671, routed)        1.780    13.604    u_awgn/u_GaussianNoiseWithUnitVar/clk_IBUF_BUFG
    SLICE_X103Y111       FDRE                                         r  u_awgn/u_GaussianNoiseWithUnitVar/Delay11_reg_reg[4][8]_srl27___u_awgn_u_GaussianNoiseWithReqVar_Delay1_reg_reg_r_23_srlopt/C
                         clock pessimism              0.442    14.046    
                         clock uncertainty           -0.035    14.010    
    SLICE_X103Y111       FDRE (Setup_fdre_C_D)        0.031    14.041    u_awgn/u_GaussianNoiseWithUnitVar/Delay11_reg_reg[4][8]_srl27___u_awgn_u_GaussianNoiseWithReqVar_Delay1_reg_reg_r_23_srlopt
  -------------------------------------------------------------------
                         required time                         14.041    
                         arrival time                         -16.282    
  -------------------------------------------------------------------
                         slack                                 -2.241    

Slack (VIOLATED) :        -2.231ns  (required time - arrival time)
  Source:                 u_awgn/u_GaussianNoiseWithUnitVar/u_SinCos/Delay2_out1_reg[8]/C
                            (rising edge-triggered cell FDRE clocked by sys_clk_pin  {rise@0.000ns fall@4.000ns period=8.000ns})
  Destination:            u_awgn/u_GaussianNoiseWithUnitVar/Delay11_reg_reg[4][13]_srl27___u_awgn_u_GaussianNoiseWithReqVar_Delay1_reg_reg_r_23_srlopt/D
                            (rising edge-triggered cell FDRE clocked by sys_clk_pin  {rise@0.000ns fall@4.000ns period=8.000ns})
  Path Group:             sys_clk_pin
  Path Type:              Setup (Max at Slow Process Corner)
  Requirement:            8.000ns  (sys_clk_pin rise@8.000ns - sys_clk_pin rise@0.000ns)
  Data Path Delay:        10.077ns  (logic 3.975ns (39.446%)  route 6.102ns (60.554%))
  Logic Levels:           17  (CARRY4=7 LUT4=1 LUT5=2 LUT6=5 MUXF7=1 MUXF8=1)
  Clock Path Skew:        -0.147ns (DCD - SCD + CPR)
    Destination Clock Delay (DCD):    5.602ns = ( 13.602 - 8.000 ) 
    Source Clock Delay      (SCD):    6.191ns
    Clock Pessimism Removal (CPR):    0.442ns
  Clock Uncertainty:      0.035ns  ((TSJ^2 + TIJ^2)^1/2 + DJ) / 2 + PE
    Total System Jitter     (TSJ):    0.071ns
    Total Input Jitter      (TIJ):    0.000ns
    Discrete Jitter          (DJ):    0.000ns
    Phase Error              (PE):    0.000ns

    Location             Delay type                Incr(ns)  Path(ns)    Netlist Resource(s)
  -------------------------------------------------------------------    -------------------
                         (clock sys_clk_pin rise edge)
                                                      0.000     0.000 r  
    D18                                               0.000     0.000 r  clk (IN)
                         net (fo=0)                   0.000     0.000    clk
    D18                  IBUF (Prop_ibuf_I_O)         1.511     1.511 r  clk_IBUF_inst/O
                         net (fo=1, routed)           2.522     4.033    clk_IBUF
    BUFGCTRL_X0Y16       BUFG (Prop_bufg_I_O)         0.101     4.134 r  clk_IBUF_BUFG_inst/O
                         net (fo=1671, routed)        2.057     6.191    u_awgn/u_GaussianNoiseWithUnitVar/u_SinCos/clk_IBUF_BUFG
    SLICE_X110Y103       FDRE                                         r  u_awgn/u_GaussianNoiseWithUnitVar/u_SinCos/Delay2_out1_reg[8]/C
  -------------------------------------------------------------------    -------------------
    SLICE_X110Y103       FDRE (Prop_fdre_C_Q)         0.456     6.647 f  u_awgn/u_GaussianNoiseWithUnitVar/u_SinCos/Delay2_out1_reg[8]/Q
                         net (fo=4, routed)           0.682     7.329    u_awgn/u_GaussianNoiseWithUnitVar/u_SinCos/u_Sine_HDL_Optimized/LTEp25_cast[4]
    SLICE_X110Y103       LUT5 (Prop_lut5_I0_O)        0.124     7.453 f  u_awgn/u_GaussianNoiseWithUnitVar/u_SinCos/u_Sine_HDL_Optimized/i__carry_i_11_rewire/O
                         net (fo=4, routed)           0.504     7.956    u_awgn/u_GaussianNoiseWithUnitVar/u_SinCos/u_Sine_HDL_Optimized1/Delay11_reg_reg[4][15]_srl27___u_awgn_u_GaussianNoiseWithReqVar_Delay1_reg_reg_r_23_i_2
    SLICE_X111Y103       LUT6 (Prop_lut6_I5_O)        0.124     8.080 r  u_awgn/u_GaussianNoiseWithUnitVar/u_SinCos/u_Sine_HDL_Optimized1/i__carry_i_10_rewire/O
                         net (fo=12, routed)          0.625     8.705    u_awgn/u_GaussianNoiseWithUnitVar/u_SinCos/u_Sine_HDL_Optimized1/Delay2_out1_reg[5]
    SLICE_X109Y101       LUT4 (Prop_lut4_I1_O)        0.118     8.823 r  u_awgn/u_GaussianNoiseWithUnitVar/u_SinCos/u_Sine_HDL_Optimized1/i__carry_i_5__3/O
                         net (fo=1, routed)           0.000     8.823    u_awgn/u_GaussianNoiseWithUnitVar/u_SinCos/u_Sine_HDL_Optimized1/i__carry_i_5__3_n_0
    SLICE_X109Y101       CARRY4 (Prop_carry4_DI[0]_CO[3])
                                                      0.483     9.306 r  u_awgn/u_GaussianNoiseWithUnitVar/u_SinCos/u_Sine_HDL_Optimized1/_inferred__1/i__carry/CO[3]
                         net (fo=1, routed)           0.000     9.306    u_awgn/u_GaussianNoiseWithUnitVar/u_SinCos/u_Sine_HDL_Optimized1/_inferred__1/i__carry_n_0
    SLICE_X109Y102       CARRY4 (Prop_carry4_CI_CO[3])
                                                      0.114     9.420 r  u_awgn/u_GaussianNoiseWithUnitVar/u_SinCos/u_Sine_HDL_Optimized1/_inferred__1/i__carry__0/CO[3]
                         net (fo=1, routed)           0.000     9.420    u_awgn/u_GaussianNoiseWithUnitVar/u_SinCos/u_Sine_HDL_Optimized1/_inferred__1/i__carry__0_n_0
    SLICE_X109Y103       CARRY4 (Prop_carry4_CI_CO[3])
                                                      0.114     9.534 r  u_awgn/u_GaussianNoiseWithUnitVar/u_SinCos/u_Sine_HDL_Optimized1/_inferred__1/i__carry__1/CO[3]
                         net (fo=22, routed)          1.098    10.632    u_awgn/u_GaussianNoiseWithUnitVar/u_SinCos/u_Sine_HDL_Optimized1/_inferred__1/i__carry__1_n_0
    SLICE_X109Y106       LUT5 (Prop_lut5_I0_O)        0.124    10.756 r  u_awgn/u_GaussianNoiseWithUnitVar/u_SinCos/u_Sine_HDL_Optimized1/i__carry__2_i_12/O
                         net (fo=9, routed)           0.508    11.264    u_awgn/u_GaussianNoiseWithUnitVar/u_SinCos/u_Sine_HDL_Optimized1/i__carry__2_i_12_n_0
    SLICE_X106Y106       LUT6 (Prop_lut6_I5_O)        0.124    11.388 r  u_awgn/u_GaussianNoiseWithUnitVar/u_SinCos/u_Sine_HDL_Optimized1/i__carry__2_i_9/O
                         net (fo=189, routed)         1.249    12.637    u_awgn/u_GaussianNoiseWithUnitVar/u_SinCos/u_Sine_HDL_Optimized1/prelookup_idx[2]
    SLICE_X105Y105       LUT6 (Prop_lut6_I5_O)        0.124    12.761 f  u_awgn/u_GaussianNoiseWithUnitVar/u_SinCos/u_Sine_HDL_Optimized1/i__carry_i_139/O
                         net (fo=1, routed)           0.000    12.761    u_awgn/u_GaussianNoiseWithUnitVar/u_SinCos/u_Sine_HDL_Optimized1/i__carry_i_139_n_0
    SLICE_X105Y105       MUXF7 (Prop_muxf7_I1_O)      0.245    13.006 f  u_awgn/u_GaussianNoiseWithUnitVar/u_SinCos/u_Sine_HDL_Optimized1/i__carry_i_63/O
                         net (fo=2, routed)           0.000    13.006    u_awgn/u_GaussianNoiseWithUnitVar/u_SinCos/u_Sine_HDL_Optimized1/i__carry_i_63_n_0
    SLICE_X105Y105       MUXF8 (Prop_muxf8_I0_O)      0.104    13.110 f  u_awgn/u_GaussianNoiseWithUnitVar/u_SinCos/u_Sine_HDL_Optimized1/i__carry_i_25/O
                         net (fo=1, routed)           0.594    13.704    u_awgn/u_GaussianNoiseWithUnitVar/u_SinCos/u_Sine_HDL_Optimized1/i__carry_i_25_n_0
    SLICE_X104Y106       LUT6 (Prop_lut6_I2_O)        0.316    14.020 r  u_awgn/u_GaussianNoiseWithUnitVar/u_SinCos/u_Sine_HDL_Optimized1/i__carry_i_5__0/O
                         net (fo=1, routed)           0.542    14.562    u_awgn/u_GaussianNoiseWithUnitVar/u_SinCos/u_Sine_HDL_Optimized1/i__carry_i_5__0_n_0
    SLICE_X105Y108       CARRY4 (Prop_carry4_S[0]_CO[3])
                                                      0.656    15.218 r  u_awgn/u_GaussianNoiseWithUnitVar/u_SinCos/u_Sine_HDL_Optimized1/_inferred__5/i__carry/CO[3]
                         net (fo=1, routed)           0.000    15.218    u_awgn/u_GaussianNoiseWithUnitVar/u_SinCos/u_Sine_HDL_Optimized1/_inferred__5/i__carry_n_0
    SLICE_X105Y109       CARRY4 (Prop_carry4_CI_CO[3])
                                                      0.114    15.332 r  u_awgn/u_GaussianNoiseWithUnitVar/u_SinCos/u_Sine_HDL_Optimized1/_inferred__5/i__carry__0/CO[3]
                         net (fo=1, routed)           0.000    15.332    u_awgn/u_GaussianNoiseWithUnitVar/u_SinCos/u_Sine_HDL_Optimized1/_inferred__5/i__carry__0_n_0
    SLICE_X105Y110       CARRY4 (Prop_carry4_CI_CO[3])
                                                      0.114    15.446 r  u_awgn/u_GaussianNoiseWithUnitVar/u_SinCos/u_Sine_HDL_Optimized1/_inferred__5/i__carry__1/CO[3]
                         net (fo=1, routed)           0.000    15.446    u_awgn/u_GaussianNoiseWithUnitVar/u_SinCos/u_Sine_HDL_Optimized1/_inferred__5/i__carry__1_n_0
    SLICE_X105Y111       CARRY4 (Prop_carry4_CI_O[0])
                                                      0.222    15.668 r  u_awgn/u_GaussianNoiseWithUnitVar/u_SinCos/u_Sine_HDL_Optimized1/_inferred__5/i__carry__2/O[0]
                         net (fo=1, routed)           0.301    15.969    u_awgn/u_GaussianNoiseWithUnitVar/u_SinCos/u_Sine_HDL_Optimized1/_inferred__5/i__carry__2_n_7
    SLICE_X105Y113       LUT6 (Prop_lut6_I5_O)        0.299    16.268 r  u_awgn/u_GaussianNoiseWithUnitVar/u_SinCos/u_Sine_HDL_Optimized1/Delay11_reg_reg[4][13]_srl27___u_awgn_u_GaussianNoiseWithReqVar_Delay1_reg_reg_r_23_i_1/O
                         net (fo=1, routed)           0.000    16.268    u_awgn/u_GaussianNoiseWithUnitVar/u_Sine_HDL_Optimized1/Cosine[13]
    SLICE_X105Y113       FDRE                                         r  u_awgn/u_GaussianNoiseWithUnitVar/Delay11_reg_reg[4][13]_srl27___u_awgn_u_GaussianNoiseWithReqVar_Delay1_reg_reg_r_23_srlopt/D
  -------------------------------------------------------------------    -------------------

                         (clock sys_clk_pin rise edge)
                                                      8.000     8.000 r  
    D18                                               0.000     8.000 r  clk (IN)
                         net (fo=0)                   0.000     8.000    clk
    D18                  IBUF (Prop_ibuf_I_O)         1.440     9.440 r  clk_IBUF_inst/O
                         net (fo=1, routed)           2.293    11.733    clk_IBUF
    BUFGCTRL_X0Y16       BUFG (Prop_bufg_I_O)         0.091    11.824 r  clk_IBUF_BUFG_inst/O
                         net (fo=1671, routed)        1.778    13.602    u_awgn/u_GaussianNoiseWithUnitVar/clk_IBUF_BUFG
    SLICE_X105Y113       FDRE                                         r  u_awgn/u_GaussianNoiseWithUnitVar/Delay11_reg_reg[4][13]_srl27___u_awgn_u_GaussianNoiseWithReqVar_Delay1_reg_reg_r_23_srlopt/C
                         clock pessimism              0.442    14.044    
                         clock uncertainty           -0.035    14.008    
    SLICE_X105Y113       FDRE (Setup_fdre_C_D)        0.029    14.037    u_awgn/u_GaussianNoiseWithUnitVar/Delay11_reg_reg[4][13]_srl27___u_awgn_u_GaussianNoiseWithReqVar_Delay1_reg_reg_r_23_srlopt
  -------------------------------------------------------------------
                         required time                         14.037    
                         arrival time                         -16.268    
  -------------------------------------------------------------------
                         slack                                 -2.231    

Slack (VIOLATED) :        -2.214ns  (required time - arrival time)
  Source:                 u_awgn/u_GaussianNoiseWithUnitVar/u_SinCos/Delay2_out1_reg[9]/C
                            (rising edge-triggered cell FDRE clocked by sys_clk_pin  {rise@0.000ns fall@4.000ns period=8.000ns})
  Destination:            u_awgn/u_GaussianNoiseWithUnitVar/Delay10_reg_reg[4][13]_srl27___u_awgn_u_GaussianNoiseWithReqVar_Delay1_reg_reg_r_23_srlopt/D
                            (rising edge-triggered cell FDRE clocked by sys_clk_pin  {rise@0.000ns fall@4.000ns period=8.000ns})
  Path Group:             sys_clk_pin
  Path Type:              Setup (Max at Slow Process Corner)
  Requirement:            8.000ns  (sys_clk_pin rise@8.000ns - sys_clk_pin rise@0.000ns)
  Data Path Delay:        10.074ns  (logic 3.589ns (35.626%)  route 6.485ns (64.374%))
  Logic Levels:           13  (CARRY4=3 LUT2=1 LUT3=2 LUT6=6 MUXF7=1)
  Clock Path Skew:        -0.024ns (DCD - SCD + CPR)
    Destination Clock Delay (DCD):    5.685ns = ( 13.685 - 8.000 ) 
    Source Clock Delay      (SCD):    6.191ns
    Clock Pessimism Removal (CPR):    0.482ns
  Clock Uncertainty:      0.035ns  ((TSJ^2 + TIJ^2)^1/2 + DJ) / 2 + PE
    Total System Jitter     (TSJ):    0.071ns
    Total Input Jitter      (TIJ):    0.000ns
    Discrete Jitter          (DJ):    0.000ns
    Phase Error              (PE):    0.000ns

    Location             Delay type                Incr(ns)  Path(ns)    Netlist Resource(s)
  -------------------------------------------------------------------    -------------------
                         (clock sys_clk_pin rise edge)
                                                      0.000     0.000 r  
    D18                                               0.000     0.000 r  clk (IN)
                         net (fo=0)                   0.000     0.000    clk
    D18                  IBUF (Prop_ibuf_I_O)         1.511     1.511 r  clk_IBUF_inst/O
                         net (fo=1, routed)           2.522     4.033    clk_IBUF
    BUFGCTRL_X0Y16       BUFG (Prop_bufg_I_O)         0.101     4.134 r  clk_IBUF_BUFG_inst/O
                         net (fo=1671, routed)        2.057     6.191    u_awgn/u_GaussianNoiseWithUnitVar/u_SinCos/clk_IBUF_BUFG
    SLICE_X111Y103       FDRE                                         r  u_awgn/u_GaussianNoiseWithUnitVar/u_SinCos/Delay2_out1_reg[9]/C
  -------------------------------------------------------------------    -------------------
    SLICE_X111Y103       FDRE (Prop_fdre_C_Q)         0.456     6.647 r  u_awgn/u_GaussianNoiseWithUnitVar/u_SinCos/Delay2_out1_reg[9]/Q
                         net (fo=11, routed)          0.866     7.513    u_awgn/u_GaussianNoiseWithUnitVar/u_SinCos/u_Sine_HDL_Optimized/LTEp25_cast[5]
    SLICE_X110Y105       LUT6 (Prop_lut6_I0_O)        0.124     7.637 r  u_awgn/u_GaussianNoiseWithUnitVar/u_SinCos/u_Sine_HDL_Optimized/i__carry_i_11_replica/O
                         net (fo=1, routed)           0.585     8.222    u_awgn/u_GaussianNoiseWithUnitVar/u_SinCos/u_Sine_HDL_Optimized/Delay2_out1_reg[9]_repN
    SLICE_X110Y104       LUT6 (Prop_lut6_I0_O)        0.124     8.346 f  u_awgn/u_GaussianNoiseWithUnitVar/u_SinCos/u_Sine_HDL_Optimized/QuadHandle2_out11_carry__0_i_2/O
                         net (fo=2, routed)           0.613     8.959    u_awgn/u_GaussianNoiseWithUnitVar/u_SinCos/u_Sine_HDL_Optimized/QuadHandle2_out11_carry__0_i_2_n_0
    SLICE_X110Y102       LUT3 (Prop_lut3_I0_O)        0.118     9.077 r  u_awgn/u_GaussianNoiseWithUnitVar/u_SinCos/u_Sine_HDL_Optimized/QuadHandle2_out11_carry__0_i_1/O
                         net (fo=1, routed)           0.000     9.077    u_awgn/u_GaussianNoiseWithUnitVar/u_SinCos/u_Sine_HDL_Optimized/QuadHandle2_out11_carry__0_i_1_n_0
    SLICE_X110Y102       CARRY4 (Prop_carry4_DI[0]_CO[0])
                                                      0.356     9.433 r  u_awgn/u_GaussianNoiseWithUnitVar/u_SinCos/u_Sine_HDL_Optimized/QuadHandle2_out11_carry__0/CO[0]
                         net (fo=17, routed)          0.743    10.177    u_awgn/u_GaussianNoiseWithUnitVar/u_SinCos/u_Sine_HDL_Optimized/QuadHandle2_out11_carry__0_n_3
    SLICE_X111Y102       LUT6 (Prop_lut6_I4_O)        0.373    10.550 f  u_awgn/u_GaussianNoiseWithUnitVar/u_SinCos/u_Sine_HDL_Optimized/i__carry__0_i_70/O
                         net (fo=175, routed)         0.933    11.483    u_awgn/u_GaussianNoiseWithUnitVar/u_SinCos/u_Sine_HDL_Optimized/prelookup_idx[1]
    SLICE_X113Y102       LUT2 (Prop_lut2_I1_O)        0.152    11.635 f  u_awgn/u_GaussianNoiseWithUnitVar/u_SinCos/u_Sine_HDL_Optimized/i__carry__2_i_5/O
                         net (fo=13, routed)          0.685    12.321    u_awgn/u_GaussianNoiseWithUnitVar/u_SinCos/u_Sine_HDL_Optimized/i__carry__2_i_5_n_0
    SLICE_X112Y100       LUT6 (Prop_lut6_I0_O)        0.332    12.653 f  u_awgn/u_GaussianNoiseWithUnitVar/u_SinCos/u_Sine_HDL_Optimized/i__carry__1_i_54/O
                         net (fo=1, routed)           0.000    12.653    u_awgn/u_GaussianNoiseWithUnitVar/u_SinCos/u_Sine_HDL_Optimized/i__carry__1_i_54_n_0
    SLICE_X112Y100       MUXF7 (Prop_muxf7_I1_O)      0.214    12.867 f  u_awgn/u_GaussianNoiseWithUnitVar/u_SinCos/u_Sine_HDL_Optimized/i__carry__1_i_28/O
                         net (fo=1, routed)           0.773    13.640    u_awgn/u_GaussianNoiseWithUnitVar/u_SinCos/u_Sine_HDL_Optimized/i__carry__1_i_28_n_0
    SLICE_X109Y100       LUT6 (Prop_lut6_I0_O)        0.297    13.937 f  u_awgn/u_GaussianNoiseWithUnitVar/u_SinCos/u_Sine_HDL_Optimized/i__carry__1_i_8/O
                         net (fo=2, routed)           0.425    14.361    u_awgn/u_GaussianNoiseWithUnitVar/u_SinCos/u_Sine_HDL_Optimized/i__carry__1_i_8_n_0
    SLICE_X111Y100       LUT6 (Prop_lut6_I0_O)        0.124    14.485 r  u_awgn/u_GaussianNoiseWithUnitVar/u_SinCos/u_Sine_HDL_Optimized/i__carry__1_i_2/O
                         net (fo=1, routed)           0.000    14.485    u_awgn/u_GaussianNoiseWithUnitVar/u_SinCos/u_Sine_HDL_Optimized/p_0_in[11]
    SLICE_X111Y100       CARRY4 (Prop_carry4_S[2]_CO[3])
                                                      0.398    14.883 r  u_awgn/u_GaussianNoiseWithUnitVar/u_SinCos/u_Sine_HDL_Optimized/_inferred__0/i__carry__1/CO[3]
                         net (fo=1, routed)           0.000    14.883    u_awgn/u_GaussianNoiseWithUnitVar/u_SinCos/u_Sine_HDL_Optimized/_inferred__0/i__carry__1_n_0
    SLICE_X111Y101       CARRY4 (Prop_carry4_CI_O[0])
                                                      0.222    15.105 r  u_awgn/u_GaussianNoiseWithUnitVar/u_SinCos/u_Sine_HDL_Optimized/_inferred__0/i__carry__2/O[0]
                         net (fo=1, routed)           0.292    15.397    u_awgn/u_GaussianNoiseWithUnitVar/u_SinCos/u_Sine_HDL_Optimized/_inferred__0/i__carry__2_n_7
    SLICE_X113Y101       LUT3 (Prop_lut3_I2_O)        0.299    15.696 r  u_awgn/u_GaussianNoiseWithUnitVar/u_SinCos/u_Sine_HDL_Optimized/Delay10_reg_reg[4][13]_srl27___u_awgn_u_GaussianNoiseWithReqVar_Delay1_reg_reg_r_23_i_1/O
                         net (fo=1, routed)           0.568    16.265    u_awgn/u_GaussianNoiseWithUnitVar/g0_signed[13]
    SLICE_X113Y101       FDRE                                         r  u_awgn/u_GaussianNoiseWithUnitVar/Delay10_reg_reg[4][13]_srl27___u_awgn_u_GaussianNoiseWithReqVar_Delay1_reg_reg_r_23_srlopt/D
  -------------------------------------------------------------------    -------------------

                         (clock sys_clk_pin rise edge)
                                                      8.000     8.000 r  
    D18                                               0.000     8.000 r  clk (IN)
                         net (fo=0)                   0.000     8.000    clk
    D18                  IBUF (Prop_ibuf_I_O)         1.440     9.440 r  clk_IBUF_inst/O
                         net (fo=1, routed)           2.293    11.733    clk_IBUF
    BUFGCTRL_X0Y16       BUFG (Prop_bufg_I_O)         0.091    11.824 r  clk_IBUF_BUFG_inst/O
                         net (fo=1671, routed)        1.861    13.685    u_awgn/u_GaussianNoiseWithUnitVar/clk_IBUF_BUFG
    SLICE_X113Y101       FDRE                                         r  u_awgn/u_GaussianNoiseWithUnitVar/Delay10_reg_reg[4][13]_srl27___u_awgn_u_GaussianNoiseWithReqVar_Delay1_reg_reg_r_23_srlopt/C
                         clock pessimism              0.482    14.167    
                         clock uncertainty           -0.035    14.131    
    SLICE_X113Y101       FDRE (Setup_fdre_C_D)       -0.081    14.050    u_awgn/u_GaussianNoiseWithUnitVar/Delay10_reg_reg[4][13]_srl27___u_awgn_u_GaussianNoiseWithReqVar_Delay1_reg_reg_r_23_srlopt
  -------------------------------------------------------------------
                         required time                         14.050    
                         arrival time                         -16.265    
  -------------------------------------------------------------------
                         slack                                 -2.214    

Slack (VIOLATED) :        -2.208ns  (required time - arrival time)
  Source:                 u_awgn/u_GaussianNoiseWithUnitVar/u_SinCos/Delay2_out1_reg[8]/C
                            (rising edge-triggered cell FDRE clocked by sys_clk_pin  {rise@0.000ns fall@4.000ns period=8.000ns})
  Destination:            u_awgn/u_GaussianNoiseWithUnitVar/Delay11_reg_reg[4][11]_srl27___u_awgn_u_GaussianNoiseWithReqVar_Delay1_reg_reg_r_23_srlopt/D
                            (rising edge-triggered cell FDRE clocked by sys_clk_pin  {rise@0.000ns fall@4.000ns period=8.000ns})
  Path Group:             sys_clk_pin
  Path Type:              Setup (Max at Slow Process Corner)
  Requirement:            8.000ns  (sys_clk_pin rise@8.000ns - sys_clk_pin rise@0.000ns)
  Data Path Delay:        10.178ns  (logic 3.876ns (38.083%)  route 6.302ns (61.917%))
  Logic Levels:           16  (CARRY4=6 LUT4=1 LUT5=3 LUT6=4 MUXF7=1 MUXF8=1)
  Clock Path Skew:        -0.070ns (DCD - SCD + CPR)
    Destination Clock Delay (DCD):    5.679ns = ( 13.679 - 8.000 ) 
    Source Clock Delay      (SCD):    6.191ns
    Clock Pessimism Removal (CPR):    0.442ns
  Clock Uncertainty:      0.035ns  ((TSJ^2 + TIJ^2)^1/2 + DJ) / 2 + PE
    Total System Jitter     (TSJ):    0.071ns
    Total Input Jitter      (TIJ):    0.000ns
    Discrete Jitter          (DJ):    0.000ns
    Phase Error              (PE):    0.000ns

    Location             Delay type                Incr(ns)  Path(ns)    Netlist Resource(s)
  -------------------------------------------------------------------    -------------------
                         (clock sys_clk_pin rise edge)
                                                      0.000     0.000 r  
    D18                                               0.000     0.000 r  clk (IN)
                         net (fo=0)                   0.000     0.000    clk
    D18                  IBUF (Prop_ibuf_I_O)         1.511     1.511 r  clk_IBUF_inst/O
                         net (fo=1, routed)           2.522     4.033    clk_IBUF
    BUFGCTRL_X0Y16       BUFG (Prop_bufg_I_O)         0.101     4.134 r  clk_IBUF_BUFG_inst/O
                         net (fo=1671, routed)        2.057     6.191    u_awgn/u_GaussianNoiseWithUnitVar/u_SinCos/clk_IBUF_BUFG
    SLICE_X110Y103       FDRE                                         r  u_awgn/u_GaussianNoiseWithUnitVar/u_SinCos/Delay2_out1_reg[8]/C
  -------------------------------------------------------------------    -------------------
    SLICE_X110Y103       FDRE (Prop_fdre_C_Q)         0.456     6.647 f  u_awgn/u_GaussianNoiseWithUnitVar/u_SinCos/Delay2_out1_reg[8]/Q
                         net (fo=4, routed)           0.682     7.329    u_awgn/u_GaussianNoiseWithUnitVar/u_SinCos/u_Sine_HDL_Optimized/LTEp25_cast[4]
    SLICE_X110Y103       LUT5 (Prop_lut5_I0_O)        0.124     7.453 f  u_awgn/u_GaussianNoiseWithUnitVar/u_SinCos/u_Sine_HDL_Optimized/i__carry_i_11_rewire/O
                         net (fo=4, routed)           0.504     7.956    u_awgn/u_GaussianNoiseWithUnitVar/u_SinCos/u_Sine_HDL_Optimized1/Delay11_reg_reg[4][15]_srl27___u_awgn_u_GaussianNoiseWithReqVar_Delay1_reg_reg_r_23_i_2
    SLICE_X111Y103       LUT6 (Prop_lut6_I5_O)        0.124     8.080 r  u_awgn/u_GaussianNoiseWithUnitVar/u_SinCos/u_Sine_HDL_Optimized1/i__carry_i_10_rewire/O
                         net (fo=12, routed)          0.625     8.705    u_awgn/u_GaussianNoiseWithUnitVar/u_SinCos/u_Sine_HDL_Optimized1/Delay2_out1_reg[5]
    SLICE_X109Y101       LUT4 (Prop_lut4_I1_O)        0.118     8.823 r  u_awgn/u_GaussianNoiseWithUnitVar/u_SinCos/u_Sine_HDL_Optimized1/i__carry_i_5__3/O
                         net (fo=1, routed)           0.000     8.823    u_awgn/u_GaussianNoiseWithUnitVar/u_SinCos/u_Sine_HDL_Optimized1/i__carry_i_5__3_n_0
    SLICE_X109Y101       CARRY4 (Prop_carry4_DI[0]_CO[3])
                                                      0.483     9.306 r  u_awgn/u_GaussianNoiseWithUnitVar/u_SinCos/u_Sine_HDL_Optimized1/_inferred__1/i__carry/CO[3]
                         net (fo=1, routed)           0.000     9.306    u_awgn/u_GaussianNoiseWithUnitVar/u_SinCos/u_Sine_HDL_Optimized1/_inferred__1/i__carry_n_0
    SLICE_X109Y102       CARRY4 (Prop_carry4_CI_CO[3])
                                                      0.114     9.420 r  u_awgn/u_GaussianNoiseWithUnitVar/u_SinCos/u_Sine_HDL_Optimized1/_inferred__1/i__carry__0/CO[3]
                         net (fo=1, routed)           0.000     9.420    u_awgn/u_GaussianNoiseWithUnitVar/u_SinCos/u_Sine_HDL_Optimized1/_inferred__1/i__carry__0_n_0
    SLICE_X109Y103       CARRY4 (Prop_carry4_CI_CO[3])
                                                      0.114     9.534 r  u_awgn/u_GaussianNoiseWithUnitVar/u_SinCos/u_Sine_HDL_Optimized1/_inferred__1/i__carry__1/CO[3]
                         net (fo=22, routed)          1.098    10.632    u_awgn/u_GaussianNoiseWithUnitVar/u_SinCos/u_Sine_HDL_Optimized1/_inferred__1/i__carry__1_n_0
    SLICE_X109Y106       LUT5 (Prop_lut5_I0_O)        0.124    10.756 r  u_awgn/u_GaussianNoiseWithUnitVar/u_SinCos/u_Sine_HDL_Optimized1/i__carry__2_i_12/O
                         net (fo=9, routed)           0.508    11.264    u_awgn/u_GaussianNoiseWithUnitVar/u_SinCos/u_Sine_HDL_Optimized1/i__carry__2_i_12_n_0
    SLICE_X106Y106       LUT6 (Prop_lut6_I5_O)        0.124    11.388 r  u_awgn/u_GaussianNoiseWithUnitVar/u_SinCos/u_Sine_HDL_Optimized1/i__carry__2_i_9/O
                         net (fo=189, routed)         1.249    12.637    u_awgn/u_GaussianNoiseWithUnitVar/u_SinCos/u_Sine_HDL_Optimized1/prelookup_idx[2]
    SLICE_X105Y105       LUT6 (Prop_lut6_I5_O)        0.124    12.761 f  u_awgn/u_GaussianNoiseWithUnitVar/u_SinCos/u_Sine_HDL_Optimized1/i__carry_i_139/O
                         net (fo=1, routed)           0.000    12.761    u_awgn/u_GaussianNoiseWithUnitVar/u_SinCos/u_Sine_HDL_Optimized1/i__carry_i_139_n_0
    SLICE_X105Y105       MUXF7 (Prop_muxf7_I1_O)      0.245    13.006 f  u_awgn/u_GaussianNoiseWithUnitVar/u_SinCos/u_Sine_HDL_Optimized1/i__carry_i_63/O
                         net (fo=2, routed)           0.000    13.006    u_awgn/u_GaussianNoiseWithUnitVar/u_SinCos/u_Sine_HDL_Optimized1/i__carry_i_63_n_0
    SLICE_X105Y105       MUXF8 (Prop_muxf8_I0_O)      0.104    13.110 f  u_awgn/u_GaussianNoiseWithUnitVar/u_SinCos/u_Sine_HDL_Optimized1/i__carry_i_25/O
                         net (fo=1, routed)           0.594    13.704    u_awgn/u_GaussianNoiseWithUnitVar/u_SinCos/u_Sine_HDL_Optimized1/i__carry_i_25_n_0
    SLICE_X104Y106       LUT6 (Prop_lut6_I2_O)        0.316    14.020 r  u_awgn/u_GaussianNoiseWithUnitVar/u_SinCos/u_Sine_HDL_Optimized1/i__carry_i_5__0/O
                         net (fo=1, routed)           0.542    14.562    u_awgn/u_GaussianNoiseWithUnitVar/u_SinCos/u_Sine_HDL_Optimized1/i__carry_i_5__0_n_0
    SLICE_X105Y108       CARRY4 (Prop_carry4_S[0]_CO[3])
                                                      0.656    15.218 r  u_awgn/u_GaussianNoiseWithUnitVar/u_SinCos/u_Sine_HDL_Optimized1/_inferred__5/i__carry/CO[3]
                         net (fo=1, routed)           0.000    15.218    u_awgn/u_GaussianNoiseWithUnitVar/u_SinCos/u_Sine_HDL_Optimized1/_inferred__5/i__carry_n_0
    SLICE_X105Y109       CARRY4 (Prop_carry4_CI_CO[3])
                                                      0.114    15.332 r  u_awgn/u_GaussianNoiseWithUnitVar/u_SinCos/u_Sine_HDL_Optimized1/_inferred__5/i__carry__0/CO[3]
                         net (fo=1, routed)           0.000    15.332    u_awgn/u_GaussianNoiseWithUnitVar/u_SinCos/u_Sine_HDL_Optimized1/_inferred__5/i__carry__0_n_0
    SLICE_X105Y110       CARRY4 (Prop_carry4_CI_O[2])
                                                      0.239    15.571 r  u_awgn/u_GaussianNoiseWithUnitVar/u_SinCos/u_Sine_HDL_Optimized1/_inferred__5/i__carry__1/O[2]
                         net (fo=1, routed)           0.501    16.071    u_awgn/u_GaussianNoiseWithUnitVar/u_SinCos/u_Sine_HDL_Optimized1/_inferred__5/i__carry__1_n_5
    SLICE_X107Y110       LUT5 (Prop_lut5_I4_O)        0.297    16.368 r  u_awgn/u_GaussianNoiseWithUnitVar/u_SinCos/u_Sine_HDL_Optimized1/Delay11_reg_reg[4][11]_srl27___u_awgn_u_GaussianNoiseWithReqVar_Delay1_reg_reg_r_23_i_1/O
                         net (fo=1, routed)           0.000    16.368    u_awgn/u_GaussianNoiseWithUnitVar/u_Sine_HDL_Optimized1/Cosine[11]
    SLICE_X107Y110       FDRE                                         r  u_awgn/u_GaussianNoiseWithUnitVar/Delay11_reg_reg[4][11]_srl27___u_awgn_u_GaussianNoiseWithReqVar_Delay1_reg_reg_r_23_srlopt/D
  -------------------------------------------------------------------    -------------------

                         (clock sys_clk_pin rise edge)
                                                      8.000     8.000 r  
    D18                                               0.000     8.000 r  clk (IN)
                         net (fo=0)                   0.000     8.000    clk
    D18                  IBUF (Prop_ibuf_I_O)         1.440     9.440 r  clk_IBUF_inst/O
                         net (fo=1, routed)           2.293    11.733    clk_IBUF
    BUFGCTRL_X0Y16       BUFG (Prop_bufg_I_O)         0.091    11.824 r  clk_IBUF_BUFG_inst/O
                         net (fo=1671, routed)        1.855    13.679    u_awgn/u_GaussianNoiseWithUnitVar/clk_IBUF_BUFG
    SLICE_X107Y110       FDRE                                         r  u_awgn/u_GaussianNoiseWithUnitVar/Delay11_reg_reg[4][11]_srl27___u_awgn_u_GaussianNoiseWithReqVar_Delay1_reg_reg_r_23_srlopt/C
                         clock pessimism              0.442    14.121    
                         clock uncertainty           -0.035    14.085    
    SLICE_X107Y110       FDRE (Setup_fdre_C_D)        0.075    14.160    u_awgn/u_GaussianNoiseWithUnitVar/Delay11_reg_reg[4][11]_srl27___u_awgn_u_GaussianNoiseWithReqVar_Delay1_reg_reg_r_23_srlopt
  -------------------------------------------------------------------
                         required time                         14.160    
                         arrival time                         -16.368    
  -------------------------------------------------------------------
                         slack                                 -2.208    

Slack (VIOLATED) :        -2.164ns  (required time - arrival time)
  Source:                 u_awgn/u_GaussianNoiseWithUnitVar/u_SinCos/Delay2_out1_reg[8]/C
                            (rising edge-triggered cell FDRE clocked by sys_clk_pin  {rise@0.000ns fall@4.000ns period=8.000ns})
  Destination:            u_awgn/u_GaussianNoiseWithUnitVar/Delay11_reg_reg[4][7]_srl27___u_awgn_u_GaussianNoiseWithReqVar_Delay1_reg_reg_r_23_srlopt/D
                            (rising edge-triggered cell FDRE clocked by sys_clk_pin  {rise@0.000ns fall@4.000ns period=8.000ns})
  Path Group:             sys_clk_pin
  Path Type:              Setup (Max at Slow Process Corner)
  Requirement:            8.000ns  (sys_clk_pin rise@8.000ns - sys_clk_pin rise@0.000ns)
  Data Path Delay:        10.017ns  (logic 3.767ns (37.606%)  route 6.250ns (62.394%))
  Logic Levels:           15  (CARRY4=5 LUT4=1 LUT5=3 LUT6=4 MUXF7=1 MUXF8=1)
  Clock Path Skew:        -0.144ns (DCD - SCD + CPR)
    Destination Clock Delay (DCD):    5.605ns = ( 13.605 - 8.000 ) 
    Source Clock Delay      (SCD):    6.191ns
    Clock Pessimism Removal (CPR):    0.442ns
  Clock Uncertainty:      0.035ns  ((TSJ^2 + TIJ^2)^1/2 + DJ) / 2 + PE
    Total System Jitter     (TSJ):    0.071ns
    Total Input Jitter      (TIJ):    0.000ns
    Discrete Jitter          (DJ):    0.000ns
    Phase Error              (PE):    0.000ns

    Location             Delay type                Incr(ns)  Path(ns)    Netlist Resource(s)
  -------------------------------------------------------------------    -------------------
                         (clock sys_clk_pin rise edge)
                                                      0.000     0.000 r  
    D18                                               0.000     0.000 r  clk (IN)
                         net (fo=0)                   0.000     0.000    clk
    D18                  IBUF (Prop_ibuf_I_O)         1.511     1.511 r  clk_IBUF_inst/O
                         net (fo=1, routed)           2.522     4.033    clk_IBUF
    BUFGCTRL_X0Y16       BUFG (Prop_bufg_I_O)         0.101     4.134 r  clk_IBUF_BUFG_inst/O
                         net (fo=1671, routed)        2.057     6.191    u_awgn/u_GaussianNoiseWithUnitVar/u_SinCos/clk_IBUF_BUFG
    SLICE_X110Y103       FDRE                                         r  u_awgn/u_GaussianNoiseWithUnitVar/u_SinCos/Delay2_out1_reg[8]/C
  -------------------------------------------------------------------    -------------------
    SLICE_X110Y103       FDRE (Prop_fdre_C_Q)         0.456     6.647 f  u_awgn/u_GaussianNoiseWithUnitVar/u_SinCos/Delay2_out1_reg[8]/Q
                         net (fo=4, routed)           0.682     7.329    u_awgn/u_GaussianNoiseWithUnitVar/u_SinCos/u_Sine_HDL_Optimized/LTEp25_cast[4]
    SLICE_X110Y103       LUT5 (Prop_lut5_I0_O)        0.124     7.453 f  u_awgn/u_GaussianNoiseWithUnitVar/u_SinCos/u_Sine_HDL_Optimized/i__carry_i_11_rewire/O
                         net (fo=4, routed)           0.504     7.956    u_awgn/u_GaussianNoiseWithUnitVar/u_SinCos/u_Sine_HDL_Optimized1/Delay11_reg_reg[4][15]_srl27___u_awgn_u_GaussianNoiseWithReqVar_Delay1_reg_reg_r_23_i_2
    SLICE_X111Y103       LUT6 (Prop_lut6_I5_O)        0.124     8.080 r  u_awgn/u_GaussianNoiseWithUnitVar/u_SinCos/u_Sine_HDL_Optimized1/i__carry_i_10_rewire/O
                         net (fo=12, routed)          0.625     8.705    u_awgn/u_GaussianNoiseWithUnitVar/u_SinCos/u_Sine_HDL_Optimized1/Delay2_out1_reg[5]
    SLICE_X109Y101       LUT4 (Prop_lut4_I1_O)        0.118     8.823 r  u_awgn/u_GaussianNoiseWithUnitVar/u_SinCos/u_Sine_HDL_Optimized1/i__carry_i_5__3/O
                         net (fo=1, routed)           0.000     8.823    u_awgn/u_GaussianNoiseWithUnitVar/u_SinCos/u_Sine_HDL_Optimized1/i__carry_i_5__3_n_0
    SLICE_X109Y101       CARRY4 (Prop_carry4_DI[0]_CO[3])
                                                      0.483     9.306 r  u_awgn/u_GaussianNoiseWithUnitVar/u_SinCos/u_Sine_HDL_Optimized1/_inferred__1/i__carry/CO[3]
                         net (fo=1, routed)           0.000     9.306    u_awgn/u_GaussianNoiseWithUnitVar/u_SinCos/u_Sine_HDL_Optimized1/_inferred__1/i__carry_n_0
    SLICE_X109Y102       CARRY4 (Prop_carry4_CI_CO[3])
                                                      0.114     9.420 r  u_awgn/u_GaussianNoiseWithUnitVar/u_SinCos/u_Sine_HDL_Optimized1/_inferred__1/i__carry__0/CO[3]
                         net (fo=1, routed)           0.000     9.420    u_awgn/u_GaussianNoiseWithUnitVar/u_SinCos/u_Sine_HDL_Optimized1/_inferred__1/i__carry__0_n_0
    SLICE_X109Y103       CARRY4 (Prop_carry4_CI_CO[3])
                                                      0.114     9.534 r  u_awgn/u_GaussianNoiseWithUnitVar/u_SinCos/u_Sine_HDL_Optimized1/_inferred__1/i__carry__1/CO[3]
                         net (fo=22, routed)          1.098    10.632    u_awgn/u_GaussianNoiseWithUnitVar/u_SinCos/u_Sine_HDL_Optimized1/_inferred__1/i__carry__1_n_0
    SLICE_X109Y106       LUT5 (Prop_lut5_I0_O)        0.124    10.756 r  u_awgn/u_GaussianNoiseWithUnitVar/u_SinCos/u_Sine_HDL_Optimized1/i__carry__2_i_12/O
                         net (fo=9, routed)           0.508    11.264    u_awgn/u_GaussianNoiseWithUnitVar/u_SinCos/u_Sine_HDL_Optimized1/i__carry__2_i_12_n_0
    SLICE_X106Y106       LUT6 (Prop_lut6_I5_O)        0.124    11.388 r  u_awgn/u_GaussianNoiseWithUnitVar/u_SinCos/u_Sine_HDL_Optimized1/i__carry__2_i_9/O
                         net (fo=189, routed)         1.249    12.637    u_awgn/u_GaussianNoiseWithUnitVar/u_SinCos/u_Sine_HDL_Optimized1/prelookup_idx[2]
    SLICE_X105Y105       LUT6 (Prop_lut6_I5_O)        0.124    12.761 f  u_awgn/u_GaussianNoiseWithUnitVar/u_SinCos/u_Sine_HDL_Optimized1/i__carry_i_139/O
                         net (fo=1, routed)           0.000    12.761    u_awgn/u_GaussianNoiseWithUnitVar/u_SinCos/u_Sine_HDL_Optimized1/i__carry_i_139_n_0
    SLICE_X105Y105       MUXF7 (Prop_muxf7_I1_O)      0.245    13.006 f  u_awgn/u_GaussianNoiseWithUnitVar/u_SinCos/u_Sine_HDL_Optimized1/i__carry_i_63/O
                         net (fo=2, routed)           0.000    13.006    u_awgn/u_GaussianNoiseWithUnitVar/u_SinCos/u_Sine_HDL_Optimized1/i__carry_i_63_n_0
    SLICE_X105Y105       MUXF8 (Prop_muxf8_I0_O)      0.104    13.110 f  u_awgn/u_GaussianNoiseWithUnitVar/u_SinCos/u_Sine_HDL_Optimized1/i__carry_i_25/O
                         net (fo=1, routed)           0.594    13.704    u_awgn/u_GaussianNoiseWithUnitVar/u_SinCos/u_Sine_HDL_Optimized1/i__carry_i_25_n_0
    SLICE_X104Y106       LUT6 (Prop_lut6_I2_O)        0.316    14.020 r  u_awgn/u_GaussianNoiseWithUnitVar/u_SinCos/u_Sine_HDL_Optimized1/i__carry_i_5__0/O
                         net (fo=1, routed)           0.542    14.562    u_awgn/u_GaussianNoiseWithUnitVar/u_SinCos/u_Sine_HDL_Optimized1/i__carry_i_5__0_n_0
    SLICE_X105Y108       CARRY4 (Prop_carry4_S[0]_CO[3])
                                                      0.656    15.218 r  u_awgn/u_GaussianNoiseWithUnitVar/u_SinCos/u_Sine_HDL_Optimized1/_inferred__5/i__carry/CO[3]
                         net (fo=1, routed)           0.000    15.218    u_awgn/u_GaussianNoiseWithUnitVar/u_SinCos/u_Sine_HDL_Optimized1/_inferred__5/i__carry_n_0
    SLICE_X105Y109       CARRY4 (Prop_carry4_CI_O[2])
                                                      0.239    15.457 r  u_awgn/u_GaussianNoiseWithUnitVar/u_SinCos/u_Sine_HDL_Optimized1/_inferred__5/i__carry__0/O[2]
                         net (fo=1, routed)           0.449    15.906    u_awgn/u_GaussianNoiseWithUnitVar/u_SinCos/u_Sine_HDL_Optimized1/_inferred__5/i__carry__0_n_5
    SLICE_X103Y110       LUT5 (Prop_lut5_I4_O)        0.302    16.208 r  u_awgn/u_GaussianNoiseWithUnitVar/u_SinCos/u_Sine_HDL_Optimized1/Delay11_reg_reg[4][7]_srl27___u_awgn_u_GaussianNoiseWithReqVar_Delay1_reg_reg_r_23_i_1/O
                         net (fo=1, routed)           0.000    16.208    u_awgn/u_GaussianNoiseWithUnitVar/u_Sine_HDL_Optimized1/Cosine[7]
    SLICE_X103Y110       FDRE                                         r  u_awgn/u_GaussianNoiseWithUnitVar/Delay11_reg_reg[4][7]_srl27___u_awgn_u_GaussianNoiseWithReqVar_Delay1_reg_reg_r_23_srlopt/D
  -------------------------------------------------------------------    -------------------

                         (clock sys_clk_pin rise edge)
                                                      8.000     8.000 r  
    D18                                               0.000     8.000 r  clk (IN)
                         net (fo=0)                   0.000     8.000    clk
    D18                  IBUF (Prop_ibuf_I_O)         1.440     9.440 r  clk_IBUF_inst/O
                         net (fo=1, routed)           2.293    11.733    clk_IBUF
    BUFGCTRL_X0Y16       BUFG (Prop_bufg_I_O)         0.091    11.824 r  clk_IBUF_BUFG_inst/O
                         net (fo=1671, routed)        1.781    13.605    u_awgn/u_GaussianNoiseWithUnitVar/clk_IBUF_BUFG
    SLICE_X103Y110       FDRE                                         r  u_awgn/u_GaussianNoiseWithUnitVar/Delay11_reg_reg[4][7]_srl27___u_awgn_u_GaussianNoiseWithReqVar_Delay1_reg_reg_r_23_srlopt/C
                         clock pessimism              0.442    14.047    
                         clock uncertainty           -0.035    14.011    
    SLICE_X103Y110       FDRE (Setup_fdre_C_D)        0.032    14.043    u_awgn/u_GaussianNoiseWithUnitVar/Delay11_reg_reg[4][7]_srl27___u_awgn_u_GaussianNoiseWithReqVar_Delay1_reg_reg_r_23_srlopt
  -------------------------------------------------------------------
                         required time                         14.043    
                         arrival time                         -16.208    
  -------------------------------------------------------------------
                         slack                                 -2.164    

Slack (VIOLATED) :        -2.156ns  (required time - arrival time)
  Source:                 u_awgn/u_GaussianNoiseWithUnitVar/u_SinCos/Delay2_out1_reg[9]/C
                            (rising edge-triggered cell FDRE clocked by sys_clk_pin  {rise@0.000ns fall@4.000ns period=8.000ns})
  Destination:            u_awgn/u_GaussianNoiseWithUnitVar/Delay10_reg_reg[4][5]_srl27___u_awgn_u_GaussianNoiseWithReqVar_Delay1_reg_reg_r_23_srlopt/D
                            (rising edge-triggered cell FDRE clocked by sys_clk_pin  {rise@0.000ns fall@4.000ns period=8.000ns})
  Path Group:             sys_clk_pin
  Path Type:              Setup (Max at Slow Process Corner)
  Requirement:            8.000ns  (sys_clk_pin rise@8.000ns - sys_clk_pin rise@0.000ns)
  Data Path Delay:        9.698ns  (logic 3.441ns (35.483%)  route 6.257ns (64.517%))
  Logic Levels:           12  (CARRY4=3 LUT3=1 LUT5=2 LUT6=4 MUXF7=1 MUXF8=1)
  Clock Path Skew:        -0.356ns (DCD - SCD + CPR)
    Destination Clock Delay (DCD):    5.510ns = ( 13.510 - 8.000 ) 
    Source Clock Delay      (SCD):    6.191ns
    Clock Pessimism Removal (CPR):    0.324ns
  Clock Uncertainty:      0.035ns  ((TSJ^2 + TIJ^2)^1/2 + DJ) / 2 + PE
    Total System Jitter     (TSJ):    0.071ns
    Total Input Jitter      (TIJ):    0.000ns
    Discrete Jitter          (DJ):    0.000ns
    Phase Error              (PE):    0.000ns

    Location             Delay type                Incr(ns)  Path(ns)    Netlist Resource(s)
  -------------------------------------------------------------------    -------------------
                         (clock sys_clk_pin rise edge)
                                                      0.000     0.000 r  
    D18                                               0.000     0.000 r  clk (IN)
                         net (fo=0)                   0.000     0.000    clk
    D18                  IBUF (Prop_ibuf_I_O)         1.511     1.511 r  clk_IBUF_inst/O
                         net (fo=1, routed)           2.522     4.033    clk_IBUF
    BUFGCTRL_X0Y16       BUFG (Prop_bufg_I_O)         0.101     4.134 r  clk_IBUF_BUFG_inst/O
                         net (fo=1671, routed)        2.057     6.191    u_awgn/u_GaussianNoiseWithUnitVar/u_SinCos/clk_IBUF_BUFG
    SLICE_X111Y103       FDRE                                         r  u_awgn/u_GaussianNoiseWithUnitVar/u_SinCos/Delay2_out1_reg[9]/C
  -------------------------------------------------------------------    -------------------
    SLICE_X111Y103       FDRE (Prop_fdre_C_Q)         0.456     6.647 r  u_awgn/u_GaussianNoiseWithUnitVar/u_SinCos/Delay2_out1_reg[9]/Q
                         net (fo=11, routed)          0.866     7.513    u_awgn/u_GaussianNoiseWithUnitVar/u_SinCos/u_Sine_HDL_Optimized/LTEp25_cast[5]
    SLICE_X110Y105       LUT6 (Prop_lut6_I0_O)        0.124     7.637 r  u_awgn/u_GaussianNoiseWithUnitVar/u_SinCos/u_Sine_HDL_Optimized/i__carry_i_11_replica/O
                         net (fo=1, routed)           0.585     8.222    u_awgn/u_GaussianNoiseWithUnitVar/u_SinCos/u_Sine_HDL_Optimized/Delay2_out1_reg[9]_repN
    SLICE_X110Y104       LUT6 (Prop_lut6_I0_O)        0.124     8.346 f  u_awgn/u_GaussianNoiseWithUnitVar/u_SinCos/u_Sine_HDL_Optimized/QuadHandle2_out11_carry__0_i_2/O
                         net (fo=2, routed)           0.613     8.959    u_awgn/u_GaussianNoiseWithUnitVar/u_SinCos/u_Sine_HDL_Optimized/QuadHandle2_out11_carry__0_i_2_n_0
    SLICE_X110Y102       LUT3 (Prop_lut3_I0_O)        0.118     9.077 r  u_awgn/u_GaussianNoiseWithUnitVar/u_SinCos/u_Sine_HDL_Optimized/QuadHandle2_out11_carry__0_i_1/O
                         net (fo=1, routed)           0.000     9.077    u_awgn/u_GaussianNoiseWithUnitVar/u_SinCos/u_Sine_HDL_Optimized/QuadHandle2_out11_carry__0_i_1_n_0
    SLICE_X110Y102       CARRY4 (Prop_carry4_DI[0]_CO[0])
                                                      0.356     9.433 r  u_awgn/u_GaussianNoiseWithUnitVar/u_SinCos/u_Sine_HDL_Optimized/QuadHandle2_out11_carry__0/CO[0]
                         net (fo=17, routed)          0.464     9.898    u_awgn/u_GaussianNoiseWithUnitVar/u_SinCos/u_Sine_HDL_Optimized/QuadHandle2_out11_carry__0_n_3
    SLICE_X111Y102       LUT5 (Prop_lut5_I3_O)        0.373    10.271 r  u_awgn/u_GaussianNoiseWithUnitVar/u_SinCos/u_Sine_HDL_Optimized/i__carry__1_i_36/O
                         net (fo=185, routed)         1.531    11.802    u_awgn/u_GaussianNoiseWithUnitVar/u_SinCos/u_Sine_HDL_Optimized/prelookup_idx[0]
    SLICE_X109Y94        LUT6 (Prop_lut6_I3_O)        0.124    11.926 f  u_awgn/u_GaussianNoiseWithUnitVar/u_SinCos/u_Sine_HDL_Optimized/i__carry_i_92/O
                         net (fo=1, routed)           0.000    11.926    u_awgn/u_GaussianNoiseWithUnitVar/u_SinCos/u_Sine_HDL_Optimized/i__carry_i_92_n_0
    SLICE_X109Y94        MUXF7 (Prop_muxf7_I1_O)      0.245    12.171 f  u_awgn/u_GaussianNoiseWithUnitVar/u_SinCos/u_Sine_HDL_Optimized/i__carry_i_37/O
                         net (fo=1, routed)           0.000    12.171    u_awgn/u_GaussianNoiseWithUnitVar/u_SinCos/u_Sine_HDL_Optimized/i__carry_i_37_n_0
    SLICE_X109Y94        MUXF8 (Prop_muxf8_I0_O)      0.104    12.275 f  u_awgn/u_GaussianNoiseWithUnitVar/u_SinCos/u_Sine_HDL_Optimized/i__carry_i_11__0/O
                         net (fo=2, routed)           0.936    13.211    u_awgn/u_GaussianNoiseWithUnitVar/u_SinCos/u_Sine_HDL_Optimized/i__carry_i_11__0_n_0
    SLICE_X107Y98        LUT6 (Prop_lut6_I5_O)        0.316    13.527 r  u_awgn/u_GaussianNoiseWithUnitVar/u_SinCos/u_Sine_HDL_Optimized/i__carry_i_1/O
                         net (fo=1, routed)           0.338    13.865    u_awgn/u_GaussianNoiseWithUnitVar/u_SinCos/u_Sine_HDL_Optimized/p_0_in[0]
    SLICE_X111Y98        CARRY4 (Prop_carry4_CYINIT_CO[3])
                                                      0.580    14.445 r  u_awgn/u_GaussianNoiseWithUnitVar/u_SinCos/u_Sine_HDL_Optimized/_inferred__0/i__carry/CO[3]
                         net (fo=1, routed)           0.000    14.445    u_awgn/u_GaussianNoiseWithUnitVar/u_SinCos/u_Sine_HDL_Optimized/_inferred__0/i__carry_n_0
    SLICE_X111Y99        CARRY4 (Prop_carry4_CI_O[0])
                                                      0.222    14.667 r  u_awgn/u_GaussianNoiseWithUnitVar/u_SinCos/u_Sine_HDL_Optimized/_inferred__0/i__carry__0/O[0]
                         net (fo=1, routed)           0.582    15.249    u_awgn/u_GaussianNoiseWithUnitVar/u_SinCos/u_Sine_HDL_Optimized/_inferred__0/i__carry__0_n_7
    SLICE_X113Y98        LUT5 (Prop_lut5_I4_O)        0.299    15.548 r  u_awgn/u_GaussianNoiseWithUnitVar/u_SinCos/u_Sine_HDL_Optimized/Delay10_reg_reg[4][5]_srl27___u_awgn_u_GaussianNoiseWithReqVar_Delay1_reg_reg_r_23_i_1/O
                         net (fo=1, routed)           0.340    15.888    u_awgn/u_GaussianNoiseWithUnitVar/g0_signed[5]
    SLICE_X113Y98        FDRE                                         r  u_awgn/u_GaussianNoiseWithUnitVar/Delay10_reg_reg[4][5]_srl27___u_awgn_u_GaussianNoiseWithReqVar_Delay1_reg_reg_r_23_srlopt/D
  -------------------------------------------------------------------    -------------------

                         (clock sys_clk_pin rise edge)
                                                      8.000     8.000 r  
    D18                                               0.000     8.000 r  clk (IN)
                         net (fo=0)                   0.000     8.000    clk
    D18                  IBUF (Prop_ibuf_I_O)         1.440     9.440 r  clk_IBUF_inst/O
                         net (fo=1, routed)           2.293    11.733    clk_IBUF
    BUFGCTRL_X0Y16       BUFG (Prop_bufg_I_O)         0.091    11.824 r  clk_IBUF_BUFG_inst/O
                         net (fo=1671, routed)        1.687    13.510    u_awgn/u_GaussianNoiseWithUnitVar/clk_IBUF_BUFG
    SLICE_X113Y98        FDRE                                         r  u_awgn/u_GaussianNoiseWithUnitVar/Delay10_reg_reg[4][5]_srl27___u_awgn_u_GaussianNoiseWithReqVar_Delay1_reg_reg_r_23_srlopt/C
                         clock pessimism              0.324    13.834    
                         clock uncertainty           -0.035    13.799    
    SLICE_X113Y98        FDRE (Setup_fdre_C_D)       -0.067    13.732    u_awgn/u_GaussianNoiseWithUnitVar/Delay10_reg_reg[4][5]_srl27___u_awgn_u_GaussianNoiseWithReqVar_Delay1_reg_reg_r_23_srlopt
  -------------------------------------------------------------------
                         required time                         13.732    
                         arrival time                         -15.888    
  -------------------------------------------------------------------
                         slack                                 -2.156    





Min Delay Paths
--------------------------------------------------------------------------------------
Slack (MET) :             0.010ns  (arrival time - required time)
  Source:                 u_awgn/u_GaussianNoiseWithUnitVar/u_logImplementation/u_log/u_RangeReduction/Delay_reg_reg[1][46]/C
                            (rising edge-triggered cell FDRE clocked by sys_clk_pin  {rise@0.000ns fall@4.000ns period=8.000ns})
  Destination:            u_awgn/u_GaussianNoiseWithUnitVar/u_logImplementation/u_log/u_RangeReduction/Delay_reg_reg[2][46]/D
                            (rising edge-triggered cell FDRE clocked by sys_clk_pin  {rise@0.000ns fall@4.000ns period=8.000ns})
  Path Group:             sys_clk_pin
  Path Type:              Hold (Min at Fast Process Corner)
  Requirement:            0.000ns  (sys_clk_pin rise@0.000ns - sys_clk_pin rise@0.000ns)
  Data Path Delay:        0.262ns  (logic 0.141ns (53.769%)  route 0.121ns (46.231%))
  Logic Levels:           0  
  Clock Path Skew:        0.182ns (DCD - SCD - CPR)
    Destination Clock Delay (DCD):    2.255ns
    Source Clock Delay      (SCD):    1.812ns
    Clock Pessimism Removal (CPR):    0.261ns

    Location             Delay type                Incr(ns)  Path(ns)    Netlist Resource(s)
  -------------------------------------------------------------------    -------------------
                         (clock sys_clk_pin rise edge)
                                                      0.000     0.000 r  
    D18                                               0.000     0.000 r  clk (IN)
                         net (fo=0)                   0.000     0.000    clk
    D18                  IBUF (Prop_ibuf_I_O)         0.278     0.278 r  clk_IBUF_inst/O
                         net (fo=1, routed)           0.842     1.120    clk_IBUF
    BUFGCTRL_X0Y16       BUFG (Prop_bufg_I_O)         0.026     1.146 r  clk_IBUF_BUFG_inst/O
                         net (fo=1671, routed)        0.666     1.812    u_awgn/u_GaussianNoiseWithUnitVar/u_logImplementation/u_log/u_RangeReduction/clk_IBUF_BUFG
    SLICE_X84Y100        FDRE                                         r  u_awgn/u_GaussianNoiseWithUnitVar/u_logImplementation/u_log/u_RangeReduction/Delay_reg_reg[1][46]/C
  -------------------------------------------------------------------    -------------------
    SLICE_X84Y100        FDRE (Prop_fdre_C_Q)         0.141     1.953 r  u_awgn/u_GaussianNoiseWithUnitVar/u_logImplementation/u_log/u_RangeReduction/Delay_reg_reg[1][46]/Q
                         net (fo=1, routed)           0.121     2.074    u_awgn/u_GaussianNoiseWithUnitVar/u_logImplementation/u_log/u_RangeReduction/Delay_reg_reg[1]_8[46]
    SLICE_X84Y99         FDRE                                         r  u_awgn/u_GaussianNoiseWithUnitVar/u_logImplementation/u_log/u_RangeReduction/Delay_reg_reg[2][46]/D
  -------------------------------------------------------------------    -------------------

                         (clock sys_clk_pin rise edge)
                                                      0.000     0.000 r  
    D18                                               0.000     0.000 r  clk (IN)
                         net (fo=0)                   0.000     0.000    clk
    D18                  IBUF (Prop_ibuf_I_O)         0.466     0.466 r  clk_IBUF_inst/O
                         net (fo=1, routed)           0.907     1.373    clk_IBUF
    BUFGCTRL_X0Y16       BUFG (Prop_bufg_I_O)         0.029     1.402 r  clk_IBUF_BUFG_inst/O
                         net (fo=1671, routed)        0.853     2.255    u_awgn/u_GaussianNoiseWithUnitVar/u_logImplementation/u_log/u_RangeReduction/clk_IBUF_BUFG
    SLICE_X84Y99         FDRE                                         r  u_awgn/u_GaussianNoiseWithUnitVar/u_logImplementation/u_log/u_RangeReduction/Delay_reg_reg[2][46]/C
                         clock pessimism             -0.261     1.994    
    SLICE_X84Y99         FDRE (Hold_fdre_C_D)         0.070     2.064    u_awgn/u_GaussianNoiseWithUnitVar/u_logImplementation/u_log/u_RangeReduction/Delay_reg_reg[2][46]
  -------------------------------------------------------------------
                         required time                         -2.064    
                         arrival time                           2.074    
  -------------------------------------------------------------------
                         slack                                  0.010    

Slack (MET) :             0.038ns  (arrival time - required time)
  Source:                 u_awgn/u_GaussianNoiseWithUnitVar/Delay10_reg_reg[4][15]_srl27___u_awgn_u_GaussianNoiseWithReqVar_Delay1_reg_reg_r_23_srlopt/C
                            (rising edge-triggered cell FDRE clocked by sys_clk_pin  {rise@0.000ns fall@4.000ns period=8.000ns})
  Destination:            u_awgn/u_GaussianNoiseWithUnitVar/Delay10_reg_reg[4][15]_srl27___u_awgn_u_GaussianNoiseWithReqVar_Delay1_reg_reg_r_23/D
                            (rising edge-triggered cell SRLC32E clocked by sys_clk_pin  {rise@0.000ns fall@4.000ns period=8.000ns})
  Path Group:             sys_clk_pin
  Path Type:              Hold (Min at Fast Process Corner)
  Requirement:            0.000ns  (sys_clk_pin rise@0.000ns - sys_clk_pin rise@0.000ns)
  Data Path Delay:        0.256ns  (logic 0.141ns (54.984%)  route 0.115ns (45.016%))
  Logic Levels:           0  
  Clock Path Skew:        0.035ns (DCD - SCD - CPR)
    Destination Clock Delay (DCD):    2.393ns
    Source Clock Delay      (SCD):    1.864ns
    Clock Pessimism Removal (CPR):    0.494ns

    Location             Delay type                Incr(ns)  Path(ns)    Netlist Resource(s)
  -------------------------------------------------------------------    -------------------
                         (clock sys_clk_pin rise edge)
                                                      0.000     0.000 r  
    D18                                               0.000     0.000 r  clk (IN)
                         net (fo=0)                   0.000     0.000    clk
    D18                  IBUF (Prop_ibuf_I_O)         0.278     0.278 r  clk_IBUF_inst/O
                         net (fo=1, routed)           0.842     1.120    clk_IBUF
    BUFGCTRL_X0Y16       BUFG (Prop_bufg_I_O)         0.026     1.146 r  clk_IBUF_BUFG_inst/O
                         net (fo=1671, routed)        0.718     1.864    u_awgn/u_GaussianNoiseWithUnitVar/clk_IBUF_BUFG
    SLICE_X111Y105       FDRE                                         r  u_awgn/u_GaussianNoiseWithUnitVar/Delay10_reg_reg[4][15]_srl27___u_awgn_u_GaussianNoiseWithReqVar_Delay1_reg_reg_r_23_srlopt/C
  -------------------------------------------------------------------    -------------------
    SLICE_X111Y105       FDRE (Prop_fdre_C_Q)         0.141     2.005 r  u_awgn/u_GaussianNoiseWithUnitVar/Delay10_reg_reg[4][15]_srl27___u_awgn_u_GaussianNoiseWithReqVar_Delay1_reg_reg_r_23_srlopt/Q
                         net (fo=1, routed)           0.115     2.120    u_awgn/u_GaussianNoiseWithUnitVar/srlopt_n_13
    SLICE_X108Y104       SRLC32E                                      r  u_awgn/u_GaussianNoiseWithUnitVar/Delay10_reg_reg[4][15]_srl27___u_awgn_u_GaussianNoiseWithReqVar_Delay1_reg_reg_r_23/D
  -------------------------------------------------------------------    -------------------

                         (clock sys_clk_pin rise edge)
                                                      0.000     0.000 r  
    D18                                               0.000     0.000 r  clk (IN)
                         net (fo=0)                   0.000     0.000    clk
    D18                  IBUF (Prop_ibuf_I_O)         0.466     0.466 r  clk_IBUF_inst/O
                         net (fo=1, routed)           0.907     1.373    clk_IBUF
    BUFGCTRL_X0Y16       BUFG (Prop_bufg_I_O)         0.029     1.402 r  clk_IBUF_BUFG_inst/O
                         net (fo=1671, routed)        0.991     2.393    u_awgn/u_GaussianNoiseWithUnitVar/clk_IBUF_BUFG
    SLICE_X108Y104       SRLC32E                                      r  u_awgn/u_GaussianNoiseWithUnitVar/Delay10_reg_reg[4][15]_srl27___u_awgn_u_GaussianNoiseWithReqVar_Delay1_reg_reg_r_23/CLK
                         clock pessimism             -0.494     1.899    
    SLICE_X108Y104       SRLC32E (Hold_srlc32e_CLK_D)
                                                      0.183     2.082    u_awgn/u_GaussianNoiseWithUnitVar/Delay10_reg_reg[4][15]_srl27___u_awgn_u_GaussianNoiseWithReqVar_Delay1_reg_reg_r_23
  -------------------------------------------------------------------
                         required time                         -2.082    
                         arrival time                           2.120    
  -------------------------------------------------------------------
                         slack                                  0.038    

Slack (MET) :             0.051ns  (arrival time - required time)
  Source:                 u_awgn/u_GaussianNoiseWithUnitVar/u_logImplementation/u_log/u_RangeReduction/Delay_reg_reg[2][42]/C
                            (rising edge-triggered cell FDRE clocked by sys_clk_pin  {rise@0.000ns fall@4.000ns period=8.000ns})
  Destination:            u_awgn/u_GaussianNoiseWithUnitVar/u_logImplementation/Delay_reg_reg[13][42]_srl11___u_awgn_u_GaussianNoiseWithReqVar_Delay2_reg_reg_r_8/D
                            (rising edge-triggered cell SRL16E clocked by sys_clk_pin  {rise@0.000ns fall@4.000ns period=8.000ns})
  Path Group:             sys_clk_pin
  Path Type:              Hold (Min at Fast Process Corner)
  Requirement:            0.000ns  (sys_clk_pin rise@0.000ns - sys_clk_pin rise@0.000ns)
  Data Path Delay:        0.348ns  (logic 0.141ns (40.499%)  route 0.207ns (59.501%))
  Logic Levels:           0  
  Clock Path Skew:        0.182ns (DCD - SCD - CPR)
    Destination Clock Delay (DCD):    2.255ns
    Source Clock Delay      (SCD):    1.812ns
    Clock Pessimism Removal (CPR):    0.261ns

    Location             Delay type                Incr(ns)  Path(ns)    Netlist Resource(s)
  -------------------------------------------------------------------    -------------------
                         (clock sys_clk_pin rise edge)
                                                      0.000     0.000 r  
    D18                                               0.000     0.000 r  clk (IN)
                         net (fo=0)                   0.000     0.000    clk
    D18                  IBUF (Prop_ibuf_I_O)         0.278     0.278 r  clk_IBUF_inst/O
                         net (fo=1, routed)           0.842     1.120    clk_IBUF
    BUFGCTRL_X0Y16       BUFG (Prop_bufg_I_O)         0.026     1.146 r  clk_IBUF_BUFG_inst/O
                         net (fo=1671, routed)        0.666     1.812    u_awgn/u_GaussianNoiseWithUnitVar/u_logImplementation/u_log/u_RangeReduction/clk_IBUF_BUFG
    SLICE_X84Y102        FDRE                                         r  u_awgn/u_GaussianNoiseWithUnitVar/u_logImplementation/u_log/u_RangeReduction/Delay_reg_reg[2][42]/C
  -------------------------------------------------------------------    -------------------
    SLICE_X84Y102        FDRE (Prop_fdre_C_Q)         0.141     1.953 r  u_awgn/u_GaussianNoiseWithUnitVar/u_logImplementation/u_log/u_RangeReduction/Delay_reg_reg[2][42]/Q
                         net (fo=5, routed)           0.207     2.160    u_awgn/u_GaussianNoiseWithUnitVar/u_logImplementation/Delay_reg_reg[2]_9[42]
    SLICE_X82Y97         SRL16E                                       r  u_awgn/u_GaussianNoiseWithUnitVar/u_logImplementation/Delay_reg_reg[13][42]_srl11___u_awgn_u_GaussianNoiseWithReqVar_Delay2_reg_reg_r_8/D
  -------------------------------------------------------------------    -------------------

                         (clock sys_clk_pin rise edge)
                                                      0.000     0.000 r  
    D18                                               0.000     0.000 r  clk (IN)
                         net (fo=0)                   0.000     0.000    clk
    D18                  IBUF (Prop_ibuf_I_O)         0.466     0.466 r  clk_IBUF_inst/O
                         net (fo=1, routed)           0.907     1.373    clk_IBUF
    BUFGCTRL_X0Y16       BUFG (Prop_bufg_I_O)         0.029     1.402 r  clk_IBUF_BUFG_inst/O
                         net (fo=1671, routed)        0.853     2.255    u_awgn/u_GaussianNoiseWithUnitVar/u_logImplementation/clk_IBUF_BUFG
    SLICE_X82Y97         SRL16E                                       r  u_awgn/u_GaussianNoiseWithUnitVar/u_logImplementation/Delay_reg_reg[13][42]_srl11___u_awgn_u_GaussianNoiseWithReqVar_Delay2_reg_reg_r_8/CLK
                         clock pessimism             -0.261     1.994    
    SLICE_X82Y97         SRL16E (Hold_srl16e_CLK_D)
                                                      0.115     2.109    u_awgn/u_GaussianNoiseWithUnitVar/u_logImplementation/Delay_reg_reg[13][42]_srl11___u_awgn_u_GaussianNoiseWithReqVar_Delay2_reg_reg_r_8
  -------------------------------------------------------------------
                         required time                         -2.109    
                         arrival time                           2.160    
  -------------------------------------------------------------------
                         slack                                  0.051    

Slack (MET) :             0.055ns  (arrival time - required time)
  Source:                 u_awgn/u_GaussianNoiseWithReqVar/Delay2_reg_reg_r_7/C
                            (rising edge-triggered cell FDRE clocked by sys_clk_pin  {rise@0.000ns fall@4.000ns period=8.000ns})
  Destination:            u_awgn/u_GaussianNoiseWithReqVar/Delay2_reg_reg_r_8/D
                            (rising edge-triggered cell FDRE clocked by sys_clk_pin  {rise@0.000ns fall@4.000ns period=8.000ns})
  Path Group:             sys_clk_pin
  Path Type:              Hold (Min at Fast Process Corner)
  Requirement:            0.000ns  (sys_clk_pin rise@0.000ns - sys_clk_pin rise@0.000ns)
  Data Path Delay:        0.419ns  (logic 0.128ns (30.576%)  route 0.291ns (69.424%))
  Logic Levels:           0  
  Clock Path Skew:        0.351ns (DCD - SCD - CPR)
    Destination Clock Delay (DCD):    2.341ns
    Source Clock Delay      (SCD):    1.728ns
    Clock Pessimism Removal (CPR):    0.261ns

    Location             Delay type                Incr(ns)  Path(ns)    Netlist Resource(s)
  -------------------------------------------------------------------    -------------------
                         (clock sys_clk_pin rise edge)
                                                      0.000     0.000 r  
    D18                                               0.000     0.000 r  clk (IN)
                         net (fo=0)                   0.000     0.000    clk
    D18                  IBUF (Prop_ibuf_I_O)         0.278     0.278 r  clk_IBUF_inst/O
                         net (fo=1, routed)           0.842     1.120    clk_IBUF
    BUFGCTRL_X0Y16       BUFG (Prop_bufg_I_O)         0.026     1.146 r  clk_IBUF_BUFG_inst/O
                         net (fo=1671, routed)        0.583     1.728    u_awgn/u_GaussianNoiseWithReqVar/clk_IBUF_BUFG
    SLICE_X80Y96         FDRE                                         r  u_awgn/u_GaussianNoiseWithReqVar/Delay2_reg_reg_r_7/C
  -------------------------------------------------------------------    -------------------
    SLICE_X80Y96         FDRE (Prop_fdre_C_Q)         0.128     1.856 r  u_awgn/u_GaussianNoiseWithReqVar/Delay2_reg_reg_r_7/Q
                         net (fo=1, routed)           0.291     2.147    u_awgn/u_GaussianNoiseWithReqVar/Delay2_reg_reg_r_7_n_0
    SLICE_X80Y102        FDRE                                         r  u_awgn/u_GaussianNoiseWithReqVar/Delay2_reg_reg_r_8/D
  -------------------------------------------------------------------    -------------------

                         (clock sys_clk_pin rise edge)
                                                      0.000     0.000 r  
    D18                                               0.000     0.000 r  clk (IN)
                         net (fo=0)                   0.000     0.000    clk
    D18                  IBUF (Prop_ibuf_I_O)         0.466     0.466 r  clk_IBUF_inst/O
                         net (fo=1, routed)           0.907     1.373    clk_IBUF
    BUFGCTRL_X0Y16       BUFG (Prop_bufg_I_O)         0.029     1.402 r  clk_IBUF_BUFG_inst/O
                         net (fo=1671, routed)        0.939     2.341    u_awgn/u_GaussianNoiseWithReqVar/clk_IBUF_BUFG
    SLICE_X80Y102        FDRE                                         r  u_awgn/u_GaussianNoiseWithReqVar/Delay2_reg_reg_r_8/C
                         clock pessimism             -0.261     2.080    
    SLICE_X80Y102        FDRE (Hold_fdre_C_D)         0.012     2.092    u_awgn/u_GaussianNoiseWithReqVar/Delay2_reg_reg_r_8
  -------------------------------------------------------------------
                         required time                         -2.092    
                         arrival time                           2.147    
  -------------------------------------------------------------------
                         slack                                  0.055    

Slack (MET) :             0.059ns  (arrival time - required time)
  Source:                 u_awgn/u_GaussianNoiseWithUnitVar/u_logImplementation/u_log/u_RangeReconstruction/Delay1_reg_reg[1][27]_u_awgn_u_GaussianNoiseWithReqVar_Delay2_reg_reg_r_0/C
                            (rising edge-triggered cell FDRE clocked by sys_clk_pin  {rise@0.000ns fall@4.000ns period=8.000ns})
  Destination:            u_awgn/u_GaussianNoiseWithUnitVar/u_logImplementation/u_log/u_RangeReconstruction/Delay3_out1_reg[27]/D
                            (rising edge-triggered cell FDRE clocked by sys_clk_pin  {rise@0.000ns fall@4.000ns period=8.000ns})
  Path Group:             sys_clk_pin
  Path Type:              Hold (Min at Fast Process Corner)
  Requirement:            0.000ns  (sys_clk_pin rise@0.000ns - sys_clk_pin rise@0.000ns)
  Data Path Delay:        0.410ns  (logic 0.209ns (51.028%)  route 0.201ns (48.972%))
  Logic Levels:           1  (LUT2=1)
  Clock Path Skew:        0.258ns (DCD - SCD - CPR)
    Destination Clock Delay (DCD):    2.214ns
    Source Clock Delay      (SCD):    1.694ns
    Clock Pessimism Removal (CPR):    0.261ns

    Location             Delay type                Incr(ns)  Path(ns)    Netlist Resource(s)
  -------------------------------------------------------------------    -------------------
                         (clock sys_clk_pin rise edge)
                                                      0.000     0.000 r  
    D18                                               0.000     0.000 r  clk (IN)
                         net (fo=0)                   0.000     0.000    clk
    D18                  IBUF (Prop_ibuf_I_O)         0.278     0.278 r  clk_IBUF_inst/O
                         net (fo=1, routed)           0.842     1.120    clk_IBUF
    BUFGCTRL_X0Y16       BUFG (Prop_bufg_I_O)         0.026     1.146 r  clk_IBUF_BUFG_inst/O
                         net (fo=1671, routed)        0.549     1.694    u_awgn/u_GaussianNoiseWithUnitVar/u_logImplementation/u_log/u_RangeReconstruction/clk_IBUF_BUFG
    SLICE_X46Y81         FDRE                                         r  u_awgn/u_GaussianNoiseWithUnitVar/u_logImplementation/u_log/u_RangeReconstruction/Delay1_reg_reg[1][27]_u_awgn_u_GaussianNoiseWithReqVar_Delay2_reg_reg_r_0/C
  -------------------------------------------------------------------    -------------------
    SLICE_X46Y81         FDRE (Prop_fdre_C_Q)         0.164     1.858 r  u_awgn/u_GaussianNoiseWithUnitVar/u_logImplementation/u_log/u_RangeReconstruction/Delay1_reg_reg[1][27]_u_awgn_u_GaussianNoiseWithReqVar_Delay2_reg_reg_r_0/Q
                         net (fo=1, routed)           0.201     2.059    u_awgn/u_GaussianNoiseWithUnitVar/u_logImplementation/u_log/u_RangeReconstruction/Delay1_reg_reg[1][27]_u_awgn_u_GaussianNoiseWithReqVar_Delay2_reg_reg_r_0_n_0
    SLICE_X51Y82         LUT2 (Prop_lut2_I0_O)        0.045     2.104 r  u_awgn/u_GaussianNoiseWithUnitVar/u_logImplementation/u_log/u_RangeReconstruction/Delay1_reg_reg_gate__2/O
                         net (fo=1, routed)           0.000     2.104    u_awgn/u_GaussianNoiseWithUnitVar/u_logImplementation/u_log/u_RangeReconstruction/Delay1_reg_reg_gate__2_n_0
    SLICE_X51Y82         FDRE                                         r  u_awgn/u_GaussianNoiseWithUnitVar/u_logImplementation/u_log/u_RangeReconstruction/Delay3_out1_reg[27]/D
  -------------------------------------------------------------------    -------------------

                         (clock sys_clk_pin rise edge)
                                                      0.000     0.000 r  
    D18                                               0.000     0.000 r  clk (IN)
                         net (fo=0)                   0.000     0.000    clk
    D18                  IBUF (Prop_ibuf_I_O)         0.466     0.466 r  clk_IBUF_inst/O
                         net (fo=1, routed)           0.907     1.373    clk_IBUF
    BUFGCTRL_X0Y16       BUFG (Prop_bufg_I_O)         0.029     1.402 r  clk_IBUF_BUFG_inst/O
                         net (fo=1671, routed)        0.812     2.214    u_awgn/u_GaussianNoiseWithUnitVar/u_logImplementation/u_log/u_RangeReconstruction/clk_IBUF_BUFG
    SLICE_X51Y82         FDRE                                         r  u_awgn/u_GaussianNoiseWithUnitVar/u_logImplementation/u_log/u_RangeReconstruction/Delay3_out1_reg[27]/C
                         clock pessimism             -0.261     1.953    
    SLICE_X51Y82         FDRE (Hold_fdre_C_D)         0.092     2.045    u_awgn/u_GaussianNoiseWithUnitVar/u_logImplementation/u_log/u_RangeReconstruction/Delay3_out1_reg[27]
  -------------------------------------------------------------------
                         required time                         -2.045    
                         arrival time                           2.104    
  -------------------------------------------------------------------
                         slack                                  0.059    

Slack (MET) :             0.064ns  (arrival time - required time)
  Source:                 u_awgn/u_GaussianNoiseWithUnitVar/u_logImplementation/u_log/u_RangeReconstruction/Delay1_reg_reg[1][17]_u_awgn_u_GaussianNoiseWithReqVar_Delay2_reg_reg_r_0/C
                            (rising edge-triggered cell FDRE clocked by sys_clk_pin  {rise@0.000ns fall@4.000ns period=8.000ns})
  Destination:            u_awgn/u_GaussianNoiseWithUnitVar/u_logImplementation/u_log/u_RangeReconstruction/Delay3_out1_reg[17]/D
                            (rising edge-triggered cell FDRE clocked by sys_clk_pin  {rise@0.000ns fall@4.000ns period=8.000ns})
  Path Group:             sys_clk_pin
  Path Type:              Hold (Min at Fast Process Corner)
  Requirement:            0.000ns  (sys_clk_pin rise@0.000ns - sys_clk_pin rise@0.000ns)
  Data Path Delay:        0.413ns  (logic 0.209ns (50.564%)  route 0.204ns (49.436%))
  Logic Levels:           1  (LUT2=1)
  Clock Path Skew:        0.257ns (DCD - SCD - CPR)
    Destination Clock Delay (DCD):    2.212ns
    Source Clock Delay      (SCD):    1.693ns
    Clock Pessimism Removal (CPR):    0.261ns

    Location             Delay type                Incr(ns)  Path(ns)    Netlist Resource(s)
  -------------------------------------------------------------------    -------------------
                         (clock sys_clk_pin rise edge)
                                                      0.000     0.000 r  
    D18                                               0.000     0.000 r  clk (IN)
                         net (fo=0)                   0.000     0.000    clk
    D18                  IBUF (Prop_ibuf_I_O)         0.278     0.278 r  clk_IBUF_inst/O
                         net (fo=1, routed)           0.842     1.120    clk_IBUF
    BUFGCTRL_X0Y16       BUFG (Prop_bufg_I_O)         0.026     1.146 r  clk_IBUF_BUFG_inst/O
                         net (fo=1671, routed)        0.548     1.693    u_awgn/u_GaussianNoiseWithUnitVar/u_logImplementation/u_log/u_RangeReconstruction/clk_IBUF_BUFG
    SLICE_X46Y80         FDRE                                         r  u_awgn/u_GaussianNoiseWithUnitVar/u_logImplementation/u_log/u_RangeReconstruction/Delay1_reg_reg[1][17]_u_awgn_u_GaussianNoiseWithReqVar_Delay2_reg_reg_r_0/C
  -------------------------------------------------------------------    -------------------
    SLICE_X46Y80         FDRE (Prop_fdre_C_Q)         0.164     1.857 r  u_awgn/u_GaussianNoiseWithUnitVar/u_logImplementation/u_log/u_RangeReconstruction/Delay1_reg_reg[1][17]_u_awgn_u_GaussianNoiseWithReqVar_Delay2_reg_reg_r_0/Q
                         net (fo=1, routed)           0.204     2.062    u_awgn/u_GaussianNoiseWithUnitVar/u_logImplementation/u_log/u_RangeReconstruction/Delay1_reg_reg[1][17]_u_awgn_u_GaussianNoiseWithReqVar_Delay2_reg_reg_r_0_n_0
    SLICE_X51Y80         LUT2 (Prop_lut2_I0_O)        0.045     2.107 r  u_awgn/u_GaussianNoiseWithUnitVar/u_logImplementation/u_log/u_RangeReconstruction/Delay1_reg_reg_gate__12/O
                         net (fo=1, routed)           0.000     2.107    u_awgn/u_GaussianNoiseWithUnitVar/u_logImplementation/u_log/u_RangeReconstruction/Delay1_reg_reg_gate__12_n_0
    SLICE_X51Y80         FDRE                                         r  u_awgn/u_GaussianNoiseWithUnitVar/u_logImplementation/u_log/u_RangeReconstruction/Delay3_out1_reg[17]/D
  -------------------------------------------------------------------    -------------------

                         (clock sys_clk_pin rise edge)
                                                      0.000     0.000 r  
    D18                                               0.000     0.000 r  clk (IN)
                         net (fo=0)                   0.000     0.000    clk
    D18                  IBUF (Prop_ibuf_I_O)         0.466     0.466 r  clk_IBUF_inst/O
                         net (fo=1, routed)           0.907     1.373    clk_IBUF
    BUFGCTRL_X0Y16       BUFG (Prop_bufg_I_O)         0.029     1.402 r  clk_IBUF_BUFG_inst/O
                         net (fo=1671, routed)        0.810     2.212    u_awgn/u_GaussianNoiseWithUnitVar/u_logImplementation/u_log/u_RangeReconstruction/clk_IBUF_BUFG
    SLICE_X51Y80         FDRE                                         r  u_awgn/u_GaussianNoiseWithUnitVar/u_logImplementation/u_log/u_RangeReconstruction/Delay3_out1_reg[17]/C
                         clock pessimism             -0.261     1.951    
    SLICE_X51Y80         FDRE (Hold_fdre_C_D)         0.092     2.043    u_awgn/u_GaussianNoiseWithUnitVar/u_logImplementation/u_log/u_RangeReconstruction/Delay3_out1_reg[17]
  -------------------------------------------------------------------
                         required time                         -2.043    
                         arrival time                           2.107    
  -------------------------------------------------------------------
                         slack                                  0.064    

Slack (MET) :             0.068ns  (arrival time - required time)
  Source:                 u_awgn/u_GaussianNoiseWithUnitVar/u_logImplementation/u_log/u_RangeReduction/Delay_reg_reg[2][30]/C
                            (rising edge-triggered cell FDRE clocked by sys_clk_pin  {rise@0.000ns fall@4.000ns period=8.000ns})
  Destination:            u_awgn/u_GaussianNoiseWithUnitVar/u_logImplementation/Delay_reg_reg[13][30]_srl11___u_awgn_u_GaussianNoiseWithReqVar_Delay2_reg_reg_r_8/D
                            (rising edge-triggered cell SRL16E clocked by sys_clk_pin  {rise@0.000ns fall@4.000ns period=8.000ns})
  Path Group:             sys_clk_pin
  Path Type:              Hold (Min at Fast Process Corner)
  Requirement:            0.000ns  (sys_clk_pin rise@0.000ns - sys_clk_pin rise@0.000ns)
  Data Path Delay:        0.360ns  (logic 0.164ns (45.572%)  route 0.196ns (54.429%))
  Logic Levels:           0  
  Clock Path Skew:        0.183ns (DCD - SCD - CPR)
    Destination Clock Delay (DCD):    2.279ns
    Source Clock Delay      (SCD):    1.835ns
    Clock Pessimism Removal (CPR):    0.261ns

    Location             Delay type                Incr(ns)  Path(ns)    Netlist Resource(s)
  -------------------------------------------------------------------    -------------------
                         (clock sys_clk_pin rise edge)
                                                      0.000     0.000 r  
    D18                                               0.000     0.000 r  clk (IN)
                         net (fo=0)                   0.000     0.000    clk
    D18                  IBUF (Prop_ibuf_I_O)         0.278     0.278 r  clk_IBUF_inst/O
                         net (fo=1, routed)           0.842     1.120    clk_IBUF
    BUFGCTRL_X0Y16       BUFG (Prop_bufg_I_O)         0.026     1.146 r  clk_IBUF_BUFG_inst/O
                         net (fo=1671, routed)        0.689     1.835    u_awgn/u_GaussianNoiseWithUnitVar/u_logImplementation/u_log/u_RangeReduction/clk_IBUF_BUFG
    SLICE_X90Y100        FDRE                                         r  u_awgn/u_GaussianNoiseWithUnitVar/u_logImplementation/u_log/u_RangeReduction/Delay_reg_reg[2][30]/C
  -------------------------------------------------------------------    -------------------
    SLICE_X90Y100        FDRE (Prop_fdre_C_Q)         0.164     1.999 r  u_awgn/u_GaussianNoiseWithUnitVar/u_logImplementation/u_log/u_RangeReduction/Delay_reg_reg[2][30]/Q
                         net (fo=5, routed)           0.196     2.195    u_awgn/u_GaussianNoiseWithUnitVar/u_logImplementation/Delay_reg_reg[2]_9[30]
    SLICE_X92Y97         SRL16E                                       r  u_awgn/u_GaussianNoiseWithUnitVar/u_logImplementation/Delay_reg_reg[13][30]_srl11___u_awgn_u_GaussianNoiseWithReqVar_Delay2_reg_reg_r_8/D
  -------------------------------------------------------------------    -------------------

                         (clock sys_clk_pin rise edge)
                                                      0.000     0.000 r  
    D18                                               0.000     0.000 r  clk (IN)
                         net (fo=0)                   0.000     0.000    clk
    D18                  IBUF (Prop_ibuf_I_O)         0.466     0.466 r  clk_IBUF_inst/O
                         net (fo=1, routed)           0.907     1.373    clk_IBUF
    BUFGCTRL_X0Y16       BUFG (Prop_bufg_I_O)         0.029     1.402 r  clk_IBUF_BUFG_inst/O
                         net (fo=1671, routed)        0.877     2.279    u_awgn/u_GaussianNoiseWithUnitVar/u_logImplementation/clk_IBUF_BUFG
    SLICE_X92Y97         SRL16E                                       r  u_awgn/u_GaussianNoiseWithUnitVar/u_logImplementation/Delay_reg_reg[13][30]_srl11___u_awgn_u_GaussianNoiseWithReqVar_Delay2_reg_reg_r_8/CLK
                         clock pessimism             -0.261     2.018    
    SLICE_X92Y97         SRL16E (Hold_srl16e_CLK_D)
                                                      0.109     2.127    u_awgn/u_GaussianNoiseWithUnitVar/u_logImplementation/Delay_reg_reg[13][30]_srl11___u_awgn_u_GaussianNoiseWithReqVar_Delay2_reg_reg_r_8
  -------------------------------------------------------------------
                         required time                         -2.127    
                         arrival time                           2.195    
  -------------------------------------------------------------------
                         slack                                  0.068    

Slack (MET) :             0.073ns  (arrival time - required time)
  Source:                 u_awgn/u_GaussianNoiseWithUnitVar/u_logImplementation/Delay_reg_reg[14][35]_u_awgn_u_GaussianNoiseWithReqVar_Delay1_reg_reg_r/C
                            (rising edge-triggered cell FDRE clocked by sys_clk_pin  {rise@0.000ns fall@4.000ns period=8.000ns})
  Destination:            u_awgn/u_GaussianNoiseWithUnitVar/u_logImplementation/Delay_reg_reg[15][35]/D
                            (rising edge-triggered cell FDRE clocked by sys_clk_pin  {rise@0.000ns fall@4.000ns period=8.000ns})
  Path Group:             sys_clk_pin
  Path Type:              Hold (Min at Fast Process Corner)
  Requirement:            0.000ns  (sys_clk_pin rise@0.000ns - sys_clk_pin rise@0.000ns)
  Data Path Delay:        0.531ns  (logic 0.247ns (46.508%)  route 0.284ns (53.492%))
  Logic Levels:           1  (LUT2=1)
  Clock Path Skew:        0.351ns (DCD - SCD - CPR)
    Destination Clock Delay (DCD):    2.341ns
    Source Clock Delay      (SCD):    1.728ns
    Clock Pessimism Removal (CPR):    0.261ns

    Location             Delay type                Incr(ns)  Path(ns)    Netlist Resource(s)
  -------------------------------------------------------------------    -------------------
                         (clock sys_clk_pin rise edge)
                                                      0.000     0.000 r  
    D18                                               0.000     0.000 r  clk (IN)
                         net (fo=0)                   0.000     0.000    clk
    D18                  IBUF (Prop_ibuf_I_O)         0.278     0.278 r  clk_IBUF_inst/O
                         net (fo=1, routed)           0.842     1.120    clk_IBUF
    BUFGCTRL_X0Y16       BUFG (Prop_bufg_I_O)         0.026     1.146 r  clk_IBUF_BUFG_inst/O
                         net (fo=1671, routed)        0.583     1.728    u_awgn/u_GaussianNoiseWithUnitVar/u_logImplementation/clk_IBUF_BUFG
    SLICE_X86Y96         FDRE                                         r  u_awgn/u_GaussianNoiseWithUnitVar/u_logImplementation/Delay_reg_reg[14][35]_u_awgn_u_GaussianNoiseWithReqVar_Delay1_reg_reg_r/C
  -------------------------------------------------------------------    -------------------
    SLICE_X86Y96         FDRE (Prop_fdre_C_Q)         0.148     1.876 r  u_awgn/u_GaussianNoiseWithUnitVar/u_logImplementation/Delay_reg_reg[14][35]_u_awgn_u_GaussianNoiseWithReqVar_Delay1_reg_reg_r/Q
                         net (fo=1, routed)           0.284     2.161    u_awgn/u_GaussianNoiseWithUnitVar/u_logImplementation/Delay_reg_reg[14][35]_u_awgn_u_GaussianNoiseWithReqVar_Delay1_reg_reg_r_n_0
    SLICE_X87Y104        LUT2 (Prop_lut2_I0_O)        0.099     2.260 r  u_awgn/u_GaussianNoiseWithUnitVar/u_logImplementation/Delay_reg_reg_gate__11/O
                         net (fo=1, routed)           0.000     2.260    u_awgn/u_GaussianNoiseWithUnitVar/u_logImplementation/Delay_reg_reg_gate__11_n_0
    SLICE_X87Y104        FDRE                                         r  u_awgn/u_GaussianNoiseWithUnitVar/u_logImplementation/Delay_reg_reg[15][35]/D
  -------------------------------------------------------------------    -------------------

                         (clock sys_clk_pin rise edge)
                                                      0.000     0.000 r  
    D18                                               0.000     0.000 r  clk (IN)
                         net (fo=0)                   0.000     0.000    clk
    D18                  IBUF (Prop_ibuf_I_O)         0.466     0.466 r  clk_IBUF_inst/O
                         net (fo=1, routed)           0.907     1.373    clk_IBUF
    BUFGCTRL_X0Y16       BUFG (Prop_bufg_I_O)         0.029     1.402 r  clk_IBUF_BUFG_inst/O
                         net (fo=1671, routed)        0.939     2.341    u_awgn/u_GaussianNoiseWithUnitVar/u_logImplementation/clk_IBUF_BUFG
    SLICE_X87Y104        FDRE                                         r  u_awgn/u_GaussianNoiseWithUnitVar/u_logImplementation/Delay_reg_reg[15][35]/C
                         clock pessimism             -0.261     2.080    
    SLICE_X87Y104        FDRE (Hold_fdre_C_D)         0.107     2.187    u_awgn/u_GaussianNoiseWithUnitVar/u_logImplementation/Delay_reg_reg[15][35]
  -------------------------------------------------------------------
                         required time                         -2.187    
                         arrival time                           2.260    
  -------------------------------------------------------------------
                         slack                                  0.073    

Slack (MET) :             0.079ns  (arrival time - required time)
  Source:                 u_awgn/u_GaussianNoiseWithUnitVar/u_logImplementation/u_log/u_FunctionEvaluation/Delay3_reg_reg[1][2]/C
                            (rising edge-triggered cell FDRE clocked by sys_clk_pin  {rise@0.000ns fall@4.000ns period=8.000ns})
  Destination:            u_awgn/u_GaussianNoiseWithUnitVar/u_logImplementation/u_log/u_FunctionEvaluation/Delay6_out1_reg[2]/D
                            (rising edge-triggered cell FDRE clocked by sys_clk_pin  {rise@0.000ns fall@4.000ns period=8.000ns})
  Path Group:             sys_clk_pin
  Path Type:              Hold (Min at Fast Process Corner)
  Requirement:            0.000ns  (sys_clk_pin rise@0.000ns - sys_clk_pin rise@0.000ns)
  Data Path Delay:        0.413ns  (logic 0.141ns (34.178%)  route 0.272ns (65.822%))
  Logic Levels:           0  
  Clock Path Skew:        0.263ns (DCD - SCD - CPR)
    Destination Clock Delay (DCD):    2.210ns
    Source Clock Delay      (SCD):    1.685ns
    Clock Pessimism Removal (CPR):    0.261ns

    Location             Delay type                Incr(ns)  Path(ns)    Netlist Resource(s)
  -------------------------------------------------------------------    -------------------
                         (clock sys_clk_pin rise edge)
                                                      0.000     0.000 r  
    D18                                               0.000     0.000 r  clk (IN)
                         net (fo=0)                   0.000     0.000    clk
    D18                  IBUF (Prop_ibuf_I_O)         0.278     0.278 r  clk_IBUF_inst/O
                         net (fo=1, routed)           0.842     1.120    clk_IBUF
    BUFGCTRL_X0Y16       BUFG (Prop_bufg_I_O)         0.026     1.146 r  clk_IBUF_BUFG_inst/O
                         net (fo=1671, routed)        0.540     1.685    u_awgn/u_GaussianNoiseWithUnitVar/u_logImplementation/u_log/u_FunctionEvaluation/clk_IBUF_BUFG
    SLICE_X51Y76         FDRE                                         r  u_awgn/u_GaussianNoiseWithUnitVar/u_logImplementation/u_log/u_FunctionEvaluation/Delay3_reg_reg[1][2]/C
  -------------------------------------------------------------------    -------------------
    SLICE_X51Y76         FDRE (Prop_fdre_C_Q)         0.141     1.826 r  u_awgn/u_GaussianNoiseWithUnitVar/u_logImplementation/u_log/u_FunctionEvaluation/Delay3_reg_reg[1][2]/Q
                         net (fo=1, routed)           0.272     2.098    u_awgn/u_GaussianNoiseWithUnitVar/u_logImplementation/u_log/u_FunctionEvaluation/Delay3_reg_reg[1]_5[2]
    SLICE_X43Y74         FDRE                                         r  u_awgn/u_GaussianNoiseWithUnitVar/u_logImplementation/u_log/u_FunctionEvaluation/Delay6_out1_reg[2]/D
  -------------------------------------------------------------------    -------------------

                         (clock sys_clk_pin rise edge)
                                                      0.000     0.000 r  
    D18                                               0.000     0.000 r  clk (IN)
                         net (fo=0)                   0.000     0.000    clk
    D18                  IBUF (Prop_ibuf_I_O)         0.466     0.466 r  clk_IBUF_inst/O
                         net (fo=1, routed)           0.907     1.373    clk_IBUF
    BUFGCTRL_X0Y16       BUFG (Prop_bufg_I_O)         0.029     1.402 r  clk_IBUF_BUFG_inst/O
                         net (fo=1671, routed)        0.808     2.210    u_awgn/u_GaussianNoiseWithUnitVar/u_logImplementation/u_log/u_FunctionEvaluation/clk_IBUF_BUFG
    SLICE_X43Y74         FDRE                                         r  u_awgn/u_GaussianNoiseWithUnitVar/u_logImplementation/u_log/u_FunctionEvaluation/Delay6_out1_reg[2]/C
                         clock pessimism             -0.261     1.949    
    SLICE_X43Y74         FDRE (Hold_fdre_C_D)         0.070     2.019    u_awgn/u_GaussianNoiseWithUnitVar/u_logImplementation/u_log/u_FunctionEvaluation/Delay6_out1_reg[2]
  -------------------------------------------------------------------
                         required time                         -2.019    
                         arrival time                           2.098    
  -------------------------------------------------------------------
                         slack                                  0.079    

Slack (MET) :             0.079ns  (arrival time - required time)
  Source:                 u_awgn/u_GaussianNoiseWithUnitVar/u_logImplementation/u_log/u_FunctionEvaluation/Delay3_reg_reg[1][12]/C
                            (rising edge-triggered cell FDRE clocked by sys_clk_pin  {rise@0.000ns fall@4.000ns period=8.000ns})
  Destination:            u_awgn/u_GaussianNoiseWithUnitVar/u_logImplementation/u_log/u_FunctionEvaluation/Delay6_out1_reg[12]/D
                            (rising edge-triggered cell FDRE clocked by sys_clk_pin  {rise@0.000ns fall@4.000ns period=8.000ns})
  Path Group:             sys_clk_pin
  Path Type:              Hold (Min at Fast Process Corner)
  Requirement:            0.000ns  (sys_clk_pin rise@0.000ns - sys_clk_pin rise@0.000ns)
  Data Path Delay:        0.411ns  (logic 0.141ns (34.344%)  route 0.270ns (65.656%))
  Logic Levels:           0  
  Clock Path Skew:        0.261ns (DCD - SCD - CPR)
    Destination Clock Delay (DCD):    2.213ns
    Source Clock Delay      (SCD):    1.690ns
    Clock Pessimism Removal (CPR):    0.261ns

    Location             Delay type                Incr(ns)  Path(ns)    Netlist Resource(s)
  -------------------------------------------------------------------    -------------------
                         (clock sys_clk_pin rise edge)
                                                      0.000     0.000 r  
    D18                                               0.000     0.000 r  clk (IN)
                         net (fo=0)                   0.000     0.000    clk
    D18                  IBUF (Prop_ibuf_I_O)         0.278     0.278 r  clk_IBUF_inst/O
                         net (fo=1, routed)           0.842     1.120    clk_IBUF
    BUFGCTRL_X0Y16       BUFG (Prop_bufg_I_O)         0.026     1.146 r  clk_IBUF_BUFG_inst/O
                         net (fo=1671, routed)        0.545     1.690    u_awgn/u_GaussianNoiseWithUnitVar/u_logImplementation/u_log/u_FunctionEvaluation/clk_IBUF_BUFG
    SLICE_X51Y81         FDRE                                         r  u_awgn/u_GaussianNoiseWithUnitVar/u_logImplementation/u_log/u_FunctionEvaluation/Delay3_reg_reg[1][12]/C
  -------------------------------------------------------------------    -------------------
    SLICE_X51Y81         FDRE (Prop_fdre_C_Q)         0.141     1.831 r  u_awgn/u_GaussianNoiseWithUnitVar/u_logImplementation/u_log/u_FunctionEvaluation/Delay3_reg_reg[1][12]/Q
                         net (fo=1, routed)           0.270     2.101    u_awgn/u_GaussianNoiseWithUnitVar/u_logImplementation/u_log/u_FunctionEvaluation/Delay3_reg_reg[1]_5[12]
    SLICE_X41Y77         FDRE                                         r  u_awgn/u_GaussianNoiseWithUnitVar/u_logImplementation/u_log/u_FunctionEvaluation/Delay6_out1_reg[12]/D
  -------------------------------------------------------------------    -------------------

                         (clock sys_clk_pin rise edge)
                                                      0.000     0.000 r  
    D18                                               0.000     0.000 r  clk (IN)
                         net (fo=0)                   0.000     0.000    clk
    D18                  IBUF (Prop_ibuf_I_O)         0.466     0.466 r  clk_IBUF_inst/O
                         net (fo=1, routed)           0.907     1.373    clk_IBUF
    BUFGCTRL_X0Y16       BUFG (Prop_bufg_I_O)         0.029     1.402 r  clk_IBUF_BUFG_inst/O
                         net (fo=1671, routed)        0.811     2.213    u_awgn/u_GaussianNoiseWithUnitVar/u_logImplementation/u_log/u_FunctionEvaluation/clk_IBUF_BUFG
    SLICE_X41Y77         FDRE                                         r  u_awgn/u_GaussianNoiseWithUnitVar/u_logImplementation/u_log/u_FunctionEvaluation/Delay6_out1_reg[12]/C
                         clock pessimism             -0.261     1.952    
    SLICE_X41Y77         FDRE (Hold_fdre_C_D)         0.070     2.022    u_awgn/u_GaussianNoiseWithUnitVar/u_logImplementation/u_log/u_FunctionEvaluation/Delay6_out1_reg[12]
  -------------------------------------------------------------------
                         required time                         -2.022    
                         arrival time                           2.101    
  -------------------------------------------------------------------
                         slack                                  0.079    





Pulse Width Checks
--------------------------------------------------------------------------------------
Clock Name:         sys_clk_pin
Waveform(ns):       { 0.000 4.000 }
Period(ns):         8.000
Sources:            { clk }

Check Type        Corner  Lib Pin             Reference Pin  Required(ns)  Actual(ns)  Slack(ns)  Location       Pin
Min Period        n/a     DSP48E1/CLK         n/a            3.884         8.000       4.116      DSP48_X3Y32    u_awgn/u_GaussianNoiseWithUnitVar/u_SqrtImplementation/u_SqrtEval/u_FunctionEvaluation/Delay24_out1_reg/CLK
Min Period        n/a     DSP48E1/CLK         n/a            3.884         8.000       4.116      DSP48_X4Y32    u_awgn/u_GaussianNoiseWithUnitVar/u_SqrtImplementation/u_SqrtEval/u_FunctionEvaluation/Delay27_out1_reg/CLK
Min Period        n/a     DSP48E1/CLK         n/a            3.884         8.000       4.116      DSP48_X2Y29    u_awgn/u_GaussianNoiseWithUnitVar/u_logImplementation/u_log/u_FunctionEvaluation/Delay13_out1_reg/CLK
Min Period        n/a     DSP48E1/CLK         n/a            3.884         8.000       4.116      DSP48_X2Y28    u_awgn/u_GaussianNoiseWithUnitVar/u_logImplementation/u_log/u_FunctionEvaluation/Delay2_out1_reg/CLK
Min Period        n/a     DSP48E1/CLK         n/a            3.687         8.000       4.313      DSP48_X2Y33    u_awgn/u_GaussianNoiseWithUnitVar/u_logImplementation/u_log/u_RangeReconstruction/Delay2_out1_reg/CLK
Min Period        n/a     RAMB18E1/CLKARDCLK  n/a            2.576         8.000       5.424      RAMB18_X5Y34   u_awgn/Delay_reg_reg[0]/CLKARDCLK
Min Period        n/a     RAMB18E1/CLKBWRCLK  n/a            2.576         8.000       5.424      RAMB18_X5Y34   u_awgn/Delay_reg_reg[0]/CLKBWRCLK
Min Period        n/a     RAMB18E1/CLKARDCLK  n/a            2.576         8.000       5.424      RAMB18_X2Y28   u_awgn/u_GaussianNoiseWithUnitVar/u_logImplementation/u_log/u_FunctionEvaluation/Delay1_reg_reg[0]/CLKARDCLK
Min Period        n/a     RAMB18E1/CLKARDCLK  n/a            2.576         8.000       5.424      RAMB18_X3Y30   u_awgn/u_GaussianNoiseWithUnitVar/u_logImplementation/u_log/u_FunctionEvaluation/Delay5_reg_reg[0]/CLKARDCLK
Min Period        n/a     RAMB18E1/CLKBWRCLK  n/a            2.576         8.000       5.424      RAMB18_X3Y30   u_awgn/u_GaussianNoiseWithUnitVar/u_logImplementation/u_log/u_FunctionEvaluation/Delay5_reg_reg[0]/CLKBWRCLK
Low Pulse Width   Slow    SRLC32E/CLK         n/a            0.980         4.000       3.020      SLICE_X102Y91  u_awgn/Delay_reg_reg[27][0]_srl27___u_awgn_u_GaussianNoiseWithReqVar_Delay1_reg_reg_r_23/CLK
Low Pulse Width   Fast    SRLC32E/CLK         n/a            0.980         4.000       3.020      SLICE_X102Y91  u_awgn/Delay_reg_reg[27][0]_srl27___u_awgn_u_GaussianNoiseWithReqVar_Delay1_reg_reg_r_23/CLK
Low Pulse Width   Slow    SRLC32E/CLK         n/a            0.980         4.000       3.020      SLICE_X102Y89  u_awgn/Delay_reg_reg[27][10]_srl27___u_awgn_u_GaussianNoiseWithReqVar_Delay1_reg_reg_r_23/CLK
Low Pulse Width   Fast    SRLC32E/CLK         n/a            0.980         4.000       3.020      SLICE_X102Y89  u_awgn/Delay_reg_reg[27][10]_srl27___u_awgn_u_GaussianNoiseWithReqVar_Delay1_reg_reg_r_23/CLK
Low Pulse Width   Slow    SRLC32E/CLK         n/a            0.980         4.000       3.020      SLICE_X102Y91  u_awgn/Delay_reg_reg[27][11]_srl27___u_awgn_u_GaussianNoiseWithReqVar_Delay1_reg_reg_r_23/CLK
Low Pulse Width   Fast    SRLC32E/CLK         n/a            0.980         4.000       3.020      SLICE_X102Y91  u_awgn/Delay_reg_reg[27][11]_srl27___u_awgn_u_GaussianNoiseWithReqVar_Delay1_reg_reg_r_23/CLK
Low Pulse Width   Slow    SRLC32E/CLK         n/a            0.980         4.000       3.020      SLICE_X102Y88  u_awgn/Delay_reg_reg[27][12]_srl27___u_awgn_u_GaussianNoiseWithReqVar_Delay1_reg_reg_r_23/CLK
Low Pulse Width   Fast    SRLC32E/CLK         n/a            0.980         4.000       3.020      SLICE_X102Y88  u_awgn/Delay_reg_reg[27][12]_srl27___u_awgn_u_GaussianNoiseWithReqVar_Delay1_reg_reg_r_23/CLK
Low Pulse Width   Slow    SRLC32E/CLK         n/a            0.980         4.000       3.020      SLICE_X100Y89  u_awgn/Delay_reg_reg[27][13]_srl27___u_awgn_u_GaussianNoiseWithReqVar_Delay1_reg_reg_r_23/CLK
Low Pulse Width   Fast    SRLC32E/CLK         n/a            0.980         4.000       3.020      SLICE_X100Y89  u_awgn/Delay_reg_reg[27][13]_srl27___u_awgn_u_GaussianNoiseWithReqVar_Delay1_reg_reg_r_23/CLK
High Pulse Width  Slow    SRLC32E/CLK         n/a            0.980         4.000       3.020      SLICE_X102Y91  u_awgn/Delay_reg_reg[27][0]_srl27___u_awgn_u_GaussianNoiseWithReqVar_Delay1_reg_reg_r_23/CLK
High Pulse Width  Fast    SRLC32E/CLK         n/a            0.980         4.000       3.020      SLICE_X102Y91  u_awgn/Delay_reg_reg[27][0]_srl27___u_awgn_u_GaussianNoiseWithReqVar_Delay1_reg_reg_r_23/CLK
High Pulse Width  Slow    SRLC32E/CLK         n/a            0.980         4.000       3.020      SLICE_X102Y89  u_awgn/Delay_reg_reg[27][10]_srl27___u_awgn_u_GaussianNoiseWithReqVar_Delay1_reg_reg_r_23/CLK
High Pulse Width  Fast    SRLC32E/CLK         n/a            0.980         4.000       3.020      SLICE_X102Y89  u_awgn/Delay_reg_reg[27][10]_srl27___u_awgn_u_GaussianNoiseWithReqVar_Delay1_reg_reg_r_23/CLK
High Pulse Width  Slow    SRLC32E/CLK         n/a            0.980         4.000       3.020      SLICE_X102Y91  u_awgn/Delay_reg_reg[27][11]_srl27___u_awgn_u_GaussianNoiseWithReqVar_Delay1_reg_reg_r_23/CLK
High Pulse Width  Fast    SRLC32E/CLK         n/a            0.980         4.000       3.020      SLICE_X102Y91  u_awgn/Delay_reg_reg[27][11]_srl27___u_awgn_u_GaussianNoiseWithReqVar_Delay1_reg_reg_r_23/CLK
High Pulse Width  Slow    SRLC32E/CLK         n/a            0.980         4.000       3.020      SLICE_X102Y88  u_awgn/Delay_reg_reg[27][12]_srl27___u_awgn_u_GaussianNoiseWithReqVar_Delay1_reg_reg_r_23/CLK
High Pulse Width  Fast    SRLC32E/CLK         n/a            0.980         4.000       3.020      SLICE_X102Y88  u_awgn/Delay_reg_reg[27][12]_srl27___u_awgn_u_GaussianNoiseWithReqVar_Delay1_reg_reg_r_23/CLK
High Pulse Width  Slow    SRLC32E/CLK         n/a            0.980         4.000       3.020      SLICE_X100Y89  u_awgn/Delay_reg_reg[27][13]_srl27___u_awgn_u_GaussianNoiseWithReqVar_Delay1_reg_reg_r_23/CLK
High Pulse Width  Fast    SRLC32E/CLK         n/a            0.980         4.000       3.020      SLICE_X100Y89  u_awgn/Delay_reg_reg[27][13]_srl27___u_awgn_u_GaussianNoiseWithReqVar_Delay1_reg_reg_r_23/CLK



--------------------------------------------------------------------------------------
Path Group:  (none)
From Clock:  sys_clk_pin
  To Clock:  

Max Delay            17 Endpoints
Min Delay            17 Endpoints
--------------------------------------------------------------------------------------


Max Delay Paths
--------------------------------------------------------------------------------------
Slack:                    inf
  Source:                 u_awgn/u_GaussianNoiseWithReqVar/Delay6_out1_im_reg/CLK
                            (rising edge-triggered cell DSP48E1 clocked by sys_clk_pin  {rise@0.000ns fall@4.000ns period=8.000ns})
  Destination:            awgn_im_dbg[7]
                            (output port)
  Path Group:             (none)
  Path Type:              Max at Slow Process Corner
  Data Path Delay:        8.130ns  (logic 3.943ns (48.497%)  route 4.187ns (51.503%))
  Logic Levels:           1  (OBUF=1)
  Clock Uncertainty:      0.025ns  ((TSJ^2 + TIJ^2)^1/2 + DJ) / 2 + PE
    Total System Jitter     (TSJ):    0.050ns
    Total Input Jitter      (TIJ):    0.000ns
    Discrete Jitter          (DJ):    0.000ns
    Phase Error              (PE):    0.000ns

    Location             Delay type                Incr(ns)  Path(ns)    Netlist Resource(s)
  -------------------------------------------------------------------    -------------------
                         (clock sys_clk_pin rise edge)
                                                      0.000     0.000 r  
    D18                                               0.000     0.000 r  clk (IN)
                         net (fo=0)                   0.000     0.000    clk
    D18                  IBUF (Prop_ibuf_I_O)         1.511     1.511 r  clk_IBUF_inst/O
                         net (fo=1, routed)           2.522     4.033    clk_IBUF
    BUFGCTRL_X0Y16       BUFG (Prop_bufg_I_O)         0.101     4.134 r  clk_IBUF_BUFG_inst/O
                         net (fo=1671, routed)        1.873     6.006    u_awgn/u_GaussianNoiseWithReqVar/clk_IBUF_BUFG
    DSP48_X3Y38          DSP48E1                                      r  u_awgn/u_GaussianNoiseWithReqVar/Delay6_out1_im_reg/CLK
  -------------------------------------------------------------------    -------------------
    DSP48_X3Y38          DSP48E1 (Prop_dsp48e1_CLK_P[20])
                                                      0.434     6.440 r  u_awgn/u_GaussianNoiseWithReqVar/Delay6_out1_im_reg/P[20]
                         net (fo=1, routed)           4.187    10.627    awgn_im_dbg_OBUF[7]
    H17                  OBUF (Prop_obuf_I_O)         3.509    14.136 r  awgn_im_dbg_OBUF[7]_inst/O
                         net (fo=0)                   0.000    14.136    awgn_im_dbg[7]
    H17                                                               r  awgn_im_dbg[7] (OUT)
  -------------------------------------------------------------------    -------------------

Slack:                    inf
  Source:                 u_awgn/u_GaussianNoiseWithReqVar/Delay6_out1_re_reg/CLK
                            (rising edge-triggered cell DSP48E1 clocked by sys_clk_pin  {rise@0.000ns fall@4.000ns period=8.000ns})
  Destination:            awgn_re_dbg[6]
                            (output port)
  Path Group:             (none)
  Path Type:              Max at Slow Process Corner
  Data Path Delay:        8.046ns  (logic 3.948ns (49.066%)  route 4.098ns (50.934%))
  Logic Levels:           1  (OBUF=1)
  Clock Uncertainty:      0.025ns  ((TSJ^2 + TIJ^2)^1/2 + DJ) / 2 + PE
    Total System Jitter     (TSJ):    0.050ns
    Total Input Jitter      (TIJ):    0.000ns
    Discrete Jitter          (DJ):    0.000ns
    Phase Error              (PE):    0.000ns

    Location             Delay type                Incr(ns)  Path(ns)    Netlist Resource(s)
  -------------------------------------------------------------------    -------------------
                         (clock sys_clk_pin rise edge)
                                                      0.000     0.000 r  
    D18                                               0.000     0.000 r  clk (IN)
                         net (fo=0)                   0.000     0.000    clk
    D18                  IBUF (Prop_ibuf_I_O)         1.511     1.511 r  clk_IBUF_inst/O
                         net (fo=1, routed)           2.522     4.033    clk_IBUF
    BUFGCTRL_X0Y16       BUFG (Prop_bufg_I_O)         0.101     4.134 r  clk_IBUF_BUFG_inst/O
                         net (fo=1671, routed)        1.874     6.007    u_awgn/u_GaussianNoiseWithReqVar/clk_IBUF_BUFG
    DSP48_X3Y39          DSP48E1                                      r  u_awgn/u_GaussianNoiseWithReqVar/Delay6_out1_re_reg/CLK
  -------------------------------------------------------------------    -------------------
    DSP48_X3Y39          DSP48E1 (Prop_dsp48e1_CLK_P[19])
                                                      0.434     6.441 r  u_awgn/u_GaussianNoiseWithReqVar/Delay6_out1_re_reg/P[19]
                         net (fo=1, routed)           4.098    10.539    awgn_re_dbg_OBUF[6]
    F16                  OBUF (Prop_obuf_I_O)         3.514    14.053 r  awgn_re_dbg_OBUF[6]_inst/O
                         net (fo=0)                   0.000    14.053    awgn_re_dbg[6]
    F16                                                               r  awgn_re_dbg[6] (OUT)
  -------------------------------------------------------------------    -------------------

Slack:                    inf
  Source:                 u_awgn/u_GaussianNoiseWithReqVar/Delay6_out1_re_reg/CLK
                            (rising edge-triggered cell DSP48E1 clocked by sys_clk_pin  {rise@0.000ns fall@4.000ns period=8.000ns})
  Destination:            awgn_re_dbg[7]
                            (output port)
  Path Group:             (none)
  Path Type:              Max at Slow Process Corner
  Data Path Delay:        7.931ns  (logic 3.953ns (49.839%)  route 3.978ns (50.161%))
  Logic Levels:           1  (OBUF=1)
  Clock Uncertainty:      0.025ns  ((TSJ^2 + TIJ^2)^1/2 + DJ) / 2 + PE
    Total System Jitter     (TSJ):    0.050ns
    Total Input Jitter      (TIJ):    0.000ns
    Discrete Jitter          (DJ):    0.000ns
    Phase Error              (PE):    0.000ns

    Location             Delay type                Incr(ns)  Path(ns)    Netlist Resource(s)
  -------------------------------------------------------------------    -------------------
                         (clock sys_clk_pin rise edge)
                                                      0.000     0.000 r  
    D18                                               0.000     0.000 r  clk (IN)
                         net (fo=0)                   0.000     0.000    clk
    D18                  IBUF (Prop_ibuf_I_O)         1.511     1.511 r  clk_IBUF_inst/O
                         net (fo=1, routed)           2.522     4.033    clk_IBUF
    BUFGCTRL_X0Y16       BUFG (Prop_bufg_I_O)         0.101     4.134 r  clk_IBUF_BUFG_inst/O
                         net (fo=1671, routed)        1.874     6.007    u_awgn/u_GaussianNoiseWithReqVar/clk_IBUF_BUFG
    DSP48_X3Y39          DSP48E1                                      r  u_awgn/u_GaussianNoiseWithReqVar/Delay6_out1_re_reg/CLK
  -------------------------------------------------------------------    -------------------
    DSP48_X3Y39          DSP48E1 (Prop_dsp48e1_CLK_P[20])
                                                      0.434     6.441 r  u_awgn/u_GaussianNoiseWithReqVar/Delay6_out1_re_reg/P[20]
                         net (fo=1, routed)           3.978    10.419    awgn_re_dbg_OBUF[7]
    G16                  OBUF (Prop_obuf_I_O)         3.519    13.938 r  awgn_re_dbg_OBUF[7]_inst/O
                         net (fo=0)                   0.000    13.938    awgn_re_dbg[7]
    G16                                                               r  awgn_re_dbg[7] (OUT)
  -------------------------------------------------------------------    -------------------

Slack:                    inf
  Source:                 u_awgn/u_GaussianNoiseWithReqVar/Delay6_out1_im_reg/CLK
                            (rising edge-triggered cell DSP48E1 clocked by sys_clk_pin  {rise@0.000ns fall@4.000ns period=8.000ns})
  Destination:            awgn_im_dbg[1]
                            (output port)
  Path Group:             (none)
  Path Type:              Max at Slow Process Corner
  Data Path Delay:        7.925ns  (logic 3.937ns (49.678%)  route 3.988ns (50.322%))
  Logic Levels:           1  (OBUF=1)
  Clock Uncertainty:      0.025ns  ((TSJ^2 + TIJ^2)^1/2 + DJ) / 2 + PE
    Total System Jitter     (TSJ):    0.050ns
    Total Input Jitter      (TIJ):    0.000ns
    Discrete Jitter          (DJ):    0.000ns
    Phase Error              (PE):    0.000ns

    Location             Delay type                Incr(ns)  Path(ns)    Netlist Resource(s)
  -------------------------------------------------------------------    -------------------
                         (clock sys_clk_pin rise edge)
                                                      0.000     0.000 r  
    D18                                               0.000     0.000 r  clk (IN)
                         net (fo=0)                   0.000     0.000    clk
    D18                  IBUF (Prop_ibuf_I_O)         1.511     1.511 r  clk_IBUF_inst/O
                         net (fo=1, routed)           2.522     4.033    clk_IBUF
    BUFGCTRL_X0Y16       BUFG (Prop_bufg_I_O)         0.101     4.134 r  clk_IBUF_BUFG_inst/O
                         net (fo=1671, routed)        1.873     6.006    u_awgn/u_GaussianNoiseWithReqVar/clk_IBUF_BUFG
    DSP48_X3Y38          DSP48E1                                      r  u_awgn/u_GaussianNoiseWithReqVar/Delay6_out1_im_reg/CLK
  -------------------------------------------------------------------    -------------------
    DSP48_X3Y38          DSP48E1 (Prop_dsp48e1_CLK_P[14])
                                                      0.434     6.440 r  u_awgn/u_GaussianNoiseWithReqVar/Delay6_out1_im_reg/P[14]
                         net (fo=1, routed)           3.988    10.428    awgn_im_dbg_OBUF[1]
    D16                  OBUF (Prop_obuf_I_O)         3.503    13.931 r  awgn_im_dbg_OBUF[1]_inst/O
                         net (fo=0)                   0.000    13.931    awgn_im_dbg[1]
    D16                                                               r  awgn_im_dbg[1] (OUT)
  -------------------------------------------------------------------    -------------------

Slack:                    inf
  Source:                 u_awgn/u_GaussianNoiseWithReqVar/Delay6_out1_re_reg/CLK
                            (rising edge-triggered cell DSP48E1 clocked by sys_clk_pin  {rise@0.000ns fall@4.000ns period=8.000ns})
  Destination:            awgn_re_dbg[2]
                            (output port)
  Path Group:             (none)
  Path Type:              Max at Slow Process Corner
  Data Path Delay:        7.918ns  (logic 3.971ns (50.156%)  route 3.947ns (49.844%))
  Logic Levels:           1  (OBUF=1)
  Clock Uncertainty:      0.025ns  ((TSJ^2 + TIJ^2)^1/2 + DJ) / 2 + PE
    Total System Jitter     (TSJ):    0.050ns
    Total Input Jitter      (TIJ):    0.000ns
    Discrete Jitter          (DJ):    0.000ns
    Phase Error              (PE):    0.000ns

    Location             Delay type                Incr(ns)  Path(ns)    Netlist Resource(s)
  -------------------------------------------------------------------    -------------------
                         (clock sys_clk_pin rise edge)
                                                      0.000     0.000 r  
    D18                                               0.000     0.000 r  clk (IN)
                         net (fo=0)                   0.000     0.000    clk
    D18                  IBUF (Prop_ibuf_I_O)         1.511     1.511 r  clk_IBUF_inst/O
                         net (fo=1, routed)           2.522     4.033    clk_IBUF
    BUFGCTRL_X0Y16       BUFG (Prop_bufg_I_O)         0.101     4.134 r  clk_IBUF_BUFG_inst/O
                         net (fo=1671, routed)        1.874     6.007    u_awgn/u_GaussianNoiseWithReqVar/clk_IBUF_BUFG
    DSP48_X3Y39          DSP48E1                                      r  u_awgn/u_GaussianNoiseWithReqVar/Delay6_out1_re_reg/CLK
  -------------------------------------------------------------------    -------------------
    DSP48_X3Y39          DSP48E1 (Prop_dsp48e1_CLK_P[15])
                                                      0.434     6.441 r  u_awgn/u_GaussianNoiseWithReqVar/Delay6_out1_re_reg/P[15]
                         net (fo=1, routed)           3.947    10.388    awgn_re_dbg_OBUF[2]
    D15                  OBUF (Prop_obuf_I_O)         3.537    13.925 r  awgn_re_dbg_OBUF[2]_inst/O
                         net (fo=0)                   0.000    13.925    awgn_re_dbg[2]
    D15                                                               r  awgn_re_dbg[2] (OUT)
  -------------------------------------------------------------------    -------------------

Slack:                    inf
  Source:                 u_awgn/u_GaussianNoiseWithReqVar/Delay6_out1_re_reg/CLK
                            (rising edge-triggered cell DSP48E1 clocked by sys_clk_pin  {rise@0.000ns fall@4.000ns period=8.000ns})
  Destination:            awgn_re_dbg[3]
                            (output port)
  Path Group:             (none)
  Path Type:              Max at Slow Process Corner
  Data Path Delay:        7.914ns  (logic 3.928ns (49.628%)  route 3.987ns (50.372%))
  Logic Levels:           1  (OBUF=1)
  Clock Uncertainty:      0.025ns  ((TSJ^2 + TIJ^2)^1/2 + DJ) / 2 + PE
    Total System Jitter     (TSJ):    0.050ns
    Total Input Jitter      (TIJ):    0.000ns
    Discrete Jitter          (DJ):    0.000ns
    Phase Error              (PE):    0.000ns

    Location             Delay type                Incr(ns)  Path(ns)    Netlist Resource(s)
  -------------------------------------------------------------------    -------------------
                         (clock sys_clk_pin rise edge)
                                                      0.000     0.000 r  
    D18                                               0.000     0.000 r  clk (IN)
                         net (fo=0)                   0.000     0.000    clk
    D18                  IBUF (Prop_ibuf_I_O)         1.511     1.511 r  clk_IBUF_inst/O
                         net (fo=1, routed)           2.522     4.033    clk_IBUF
    BUFGCTRL_X0Y16       BUFG (Prop_bufg_I_O)         0.101     4.134 r  clk_IBUF_BUFG_inst/O
                         net (fo=1671, routed)        1.874     6.007    u_awgn/u_GaussianNoiseWithReqVar/clk_IBUF_BUFG
    DSP48_X3Y39          DSP48E1                                      r  u_awgn/u_GaussianNoiseWithReqVar/Delay6_out1_re_reg/CLK
  -------------------------------------------------------------------    -------------------
    DSP48_X3Y39          DSP48E1 (Prop_dsp48e1_CLK_P[16])
                                                      0.434     6.441 r  u_awgn/u_GaussianNoiseWithReqVar/Delay6_out1_re_reg/P[16]
                         net (fo=1, routed)           3.987    10.428    awgn_re_dbg_OBUF[3]
    E16                  OBUF (Prop_obuf_I_O)         3.494    13.921 r  awgn_re_dbg_OBUF[3]_inst/O
                         net (fo=0)                   0.000    13.921    awgn_re_dbg[3]
    E16                                                               r  awgn_re_dbg[3] (OUT)
  -------------------------------------------------------------------    -------------------

Slack:                    inf
  Source:                 u_awgn/u_GaussianNoiseWithReqVar/Delay6_out1_im_reg/CLK
                            (rising edge-triggered cell DSP48E1 clocked by sys_clk_pin  {rise@0.000ns fall@4.000ns period=8.000ns})
  Destination:            awgn_im_dbg[2]
                            (output port)
  Path Group:             (none)
  Path Type:              Max at Slow Process Corner
  Data Path Delay:        7.896ns  (logic 3.926ns (49.718%)  route 3.970ns (50.282%))
  Logic Levels:           1  (OBUF=1)
  Clock Uncertainty:      0.025ns  ((TSJ^2 + TIJ^2)^1/2 + DJ) / 2 + PE
    Total System Jitter     (TSJ):    0.050ns
    Total Input Jitter      (TIJ):    0.000ns
    Discrete Jitter          (DJ):    0.000ns
    Phase Error              (PE):    0.000ns

    Location             Delay type                Incr(ns)  Path(ns)    Netlist Resource(s)
  -------------------------------------------------------------------    -------------------
                         (clock sys_clk_pin rise edge)
                                                      0.000     0.000 r  
    D18                                               0.000     0.000 r  clk (IN)
                         net (fo=0)                   0.000     0.000    clk
    D18                  IBUF (Prop_ibuf_I_O)         1.511     1.511 r  clk_IBUF_inst/O
                         net (fo=1, routed)           2.522     4.033    clk_IBUF
    BUFGCTRL_X0Y16       BUFG (Prop_bufg_I_O)         0.101     4.134 r  clk_IBUF_BUFG_inst/O
                         net (fo=1671, routed)        1.873     6.006    u_awgn/u_GaussianNoiseWithReqVar/clk_IBUF_BUFG
    DSP48_X3Y38          DSP48E1                                      r  u_awgn/u_GaussianNoiseWithReqVar/Delay6_out1_im_reg/CLK
  -------------------------------------------------------------------    -------------------
    DSP48_X3Y38          DSP48E1 (Prop_dsp48e1_CLK_P[15])
                                                      0.434     6.440 r  u_awgn/u_GaussianNoiseWithReqVar/Delay6_out1_im_reg/P[15]
                         net (fo=1, routed)           3.970    10.410    awgn_im_dbg_OBUF[2]
    D17                  OBUF (Prop_obuf_I_O)         3.492    13.902 r  awgn_im_dbg_OBUF[2]_inst/O
                         net (fo=0)                   0.000    13.902    awgn_im_dbg[2]
    D17                                                               r  awgn_im_dbg[2] (OUT)
  -------------------------------------------------------------------    -------------------

Slack:                    inf
  Source:                 u_awgn/u_GaussianNoiseWithReqVar/Delay6_out1_re_reg/CLK
                            (rising edge-triggered cell DSP48E1 clocked by sys_clk_pin  {rise@0.000ns fall@4.000ns period=8.000ns})
  Destination:            awgn_re_dbg[4]
                            (output port)
  Path Group:             (none)
  Path Type:              Max at Slow Process Corner
  Data Path Delay:        7.778ns  (logic 3.973ns (51.085%)  route 3.804ns (48.915%))
  Logic Levels:           1  (OBUF=1)
  Clock Uncertainty:      0.025ns  ((TSJ^2 + TIJ^2)^1/2 + DJ) / 2 + PE
    Total System Jitter     (TSJ):    0.050ns
    Total Input Jitter      (TIJ):    0.000ns
    Discrete Jitter          (DJ):    0.000ns
    Phase Error              (PE):    0.000ns

    Location             Delay type                Incr(ns)  Path(ns)    Netlist Resource(s)
  -------------------------------------------------------------------    -------------------
                         (clock sys_clk_pin rise edge)
                                                      0.000     0.000 r  
    D18                                               0.000     0.000 r  clk (IN)
                         net (fo=0)                   0.000     0.000    clk
    D18                  IBUF (Prop_ibuf_I_O)         1.511     1.511 r  clk_IBUF_inst/O
                         net (fo=1, routed)           2.522     4.033    clk_IBUF
    BUFGCTRL_X0Y16       BUFG (Prop_bufg_I_O)         0.101     4.134 r  clk_IBUF_BUFG_inst/O
                         net (fo=1671, routed)        1.874     6.007    u_awgn/u_GaussianNoiseWithReqVar/clk_IBUF_BUFG
    DSP48_X3Y39          DSP48E1                                      r  u_awgn/u_GaussianNoiseWithReqVar/Delay6_out1_re_reg/CLK
  -------------------------------------------------------------------    -------------------
    DSP48_X3Y39          DSP48E1 (Prop_dsp48e1_CLK_P[17])
                                                      0.434     6.441 r  u_awgn/u_GaussianNoiseWithReqVar/Delay6_out1_re_reg/P[17]
                         net (fo=1, routed)           3.804    10.246    awgn_re_dbg_OBUF[4]
    E15                  OBUF (Prop_obuf_I_O)         3.539    13.785 r  awgn_re_dbg_OBUF[4]_inst/O
                         net (fo=0)                   0.000    13.785    awgn_re_dbg[4]
    E15                                                               r  awgn_re_dbg[4] (OUT)
  -------------------------------------------------------------------    -------------------

Slack:                    inf
  Source:                 u_awgn/u_GaussianNoiseWithReqVar/Delay6_out1_im_reg/CLK
                            (rising edge-triggered cell DSP48E1 clocked by sys_clk_pin  {rise@0.000ns fall@4.000ns period=8.000ns})
  Destination:            awgn_im_dbg[0]
                            (output port)
  Path Group:             (none)
  Path Type:              Max at Slow Process Corner
  Data Path Delay:        7.743ns  (logic 3.960ns (51.137%)  route 3.784ns (48.863%))
  Logic Levels:           1  (OBUF=1)
  Clock Uncertainty:      0.025ns  ((TSJ^2 + TIJ^2)^1/2 + DJ) / 2 + PE
    Total System Jitter     (TSJ):    0.050ns
    Total Input Jitter      (TIJ):    0.000ns
    Discrete Jitter          (DJ):    0.000ns
    Phase Error              (PE):    0.000ns

    Location             Delay type                Incr(ns)  Path(ns)    Netlist Resource(s)
  -------------------------------------------------------------------    -------------------
                         (clock sys_clk_pin rise edge)
                                                      0.000     0.000 r  
    D18                                               0.000     0.000 r  clk (IN)
                         net (fo=0)                   0.000     0.000    clk
    D18                  IBUF (Prop_ibuf_I_O)         1.511     1.511 r  clk_IBUF_inst/O
                         net (fo=1, routed)           2.522     4.033    clk_IBUF
    BUFGCTRL_X0Y16       BUFG (Prop_bufg_I_O)         0.101     4.134 r  clk_IBUF_BUFG_inst/O
                         net (fo=1671, routed)        1.873     6.006    u_awgn/u_GaussianNoiseWithReqVar/clk_IBUF_BUFG
    DSP48_X3Y38          DSP48E1                                      r  u_awgn/u_GaussianNoiseWithReqVar/Delay6_out1_im_reg/CLK
  -------------------------------------------------------------------    -------------------
    DSP48_X3Y38          DSP48E1 (Prop_dsp48e1_CLK_P[13])
                                                      0.434     6.440 r  u_awgn/u_GaussianNoiseWithReqVar/Delay6_out1_im_reg/P[13]
                         net (fo=1, routed)           3.784    10.224    awgn_im_dbg_OBUF[0]
    G15                  OBUF (Prop_obuf_I_O)         3.526    13.749 r  awgn_im_dbg_OBUF[0]_inst/O
                         net (fo=0)                   0.000    13.749    awgn_im_dbg[0]
    G15                                                               r  awgn_im_dbg[0] (OUT)
  -------------------------------------------------------------------    -------------------

Slack:                    inf
  Source:                 u_awgn/u_GaussianNoiseWithReqVar/Delay6_out1_im_reg/CLK
                            (rising edge-triggered cell DSP48E1 clocked by sys_clk_pin  {rise@0.000ns fall@4.000ns period=8.000ns})
  Destination:            awgn_im_dbg[3]
                            (output port)
  Path Group:             (none)
  Path Type:              Max at Slow Process Corner
  Data Path Delay:        7.705ns  (logic 3.930ns (51.009%)  route 3.775ns (48.991%))
  Logic Levels:           1  (OBUF=1)
  Clock Uncertainty:      0.025ns  ((TSJ^2 + TIJ^2)^1/2 + DJ) / 2 + PE
    Total System Jitter     (TSJ):    0.050ns
    Total Input Jitter      (TIJ):    0.000ns
    Discrete Jitter          (DJ):    0.000ns
    Phase Error              (PE):    0.000ns

    Location             Delay type                Incr(ns)  Path(ns)    Netlist Resource(s)
  -------------------------------------------------------------------    -------------------
                         (clock sys_clk_pin rise edge)
                                                      0.000     0.000 r  
    D18                                               0.000     0.000 r  clk (IN)
                         net (fo=0)                   0.000     0.000    clk
    D18                  IBUF (Prop_ibuf_I_O)         1.511     1.511 r  clk_IBUF_inst/O
                         net (fo=1, routed)           2.522     4.033    clk_IBUF
    BUFGCTRL_X0Y16       BUFG (Prop_bufg_I_O)         0.101     4.134 r  clk_IBUF_BUFG_inst/O
                         net (fo=1671, routed)        1.873     6.006    u_awgn/u_GaussianNoiseWithReqVar/clk_IBUF_BUFG
    DSP48_X3Y38          DSP48E1                                      r  u_awgn/u_GaussianNoiseWithReqVar/Delay6_out1_im_reg/CLK
  -------------------------------------------------------------------    -------------------
    DSP48_X3Y38          DSP48E1 (Prop_dsp48e1_CLK_P[16])
                                                      0.434     6.440 r  u_awgn/u_GaussianNoiseWithReqVar/Delay6_out1_im_reg/P[16]
                         net (fo=1, routed)           3.775    10.215    awgn_im_dbg_OBUF[3]
    E18                  OBUF (Prop_obuf_I_O)         3.496    13.711 r  awgn_im_dbg_OBUF[3]_inst/O
                         net (fo=0)                   0.000    13.711    awgn_im_dbg[3]
    E18                                                               r  awgn_im_dbg[3] (OUT)
  -------------------------------------------------------------------    -------------------





Min Delay Paths
--------------------------------------------------------------------------------------
Slack:                    inf
  Source:                 u_awgn/u_GaussianNoiseWithReqVar/Delay6_out1_im_reg/CLK
                            (rising edge-triggered cell DSP48E1 clocked by sys_clk_pin  {rise@0.000ns fall@4.000ns period=8.000ns})
  Destination:            awgn_im_dbg[6]
                            (output port)
  Path Group:             (none)
  Path Type:              Min at Fast Process Corner
  Data Path Delay:        2.025ns  (logic 1.331ns (65.740%)  route 0.694ns (34.260%))
  Logic Levels:           1  (OBUF=1)
  Clock Uncertainty:      0.025ns  ((TSJ^2 + TIJ^2)^1/2 + DJ) / 2 + PE
    Total System Jitter     (TSJ):    0.050ns
    Total Input Jitter      (TIJ):    0.000ns
    Discrete Jitter          (DJ):    0.000ns
    Phase Error              (PE):    0.000ns

    Location             Delay type                Incr(ns)  Path(ns)    Netlist Resource(s)
  -------------------------------------------------------------------    -------------------
                         (clock sys_clk_pin rise edge)
                                                      0.000     0.000 r  
    D18                                               0.000     0.000 r  clk (IN)
                         net (fo=0)                   0.000     0.000    clk
    D18                  IBUF (Prop_ibuf_I_O)         0.278     0.278 r  clk_IBUF_inst/O
                         net (fo=1, routed)           0.842     1.120    clk_IBUF
    BUFGCTRL_X0Y16       BUFG (Prop_bufg_I_O)         0.026     1.146 r  clk_IBUF_BUFG_inst/O
                         net (fo=1671, routed)        0.695     1.841    u_awgn/u_GaussianNoiseWithReqVar/clk_IBUF_BUFG
    DSP48_X3Y38          DSP48E1                                      r  u_awgn/u_GaussianNoiseWithReqVar/Delay6_out1_im_reg/CLK
  -------------------------------------------------------------------    -------------------
    DSP48_X3Y38          DSP48E1 (Prop_dsp48e1_CLK_P[19])
                                                      0.126     1.967 r  u_awgn/u_GaussianNoiseWithReqVar/Delay6_out1_im_reg/P[19]
                         net (fo=1, routed)           0.694     2.661    awgn_im_dbg_OBUF[6]
    H18                  OBUF (Prop_obuf_I_O)         1.205     3.866 r  awgn_im_dbg_OBUF[6]_inst/O
                         net (fo=0)                   0.000     3.866    awgn_im_dbg[6]
    H18                                                               r  awgn_im_dbg[6] (OUT)
  -------------------------------------------------------------------    -------------------

Slack:                    inf
  Source:                 u_awgn/u_GaussianNoiseWithReqVar/Delay8_reg_reg[2]/C
                            (rising edge-triggered cell FDRE clocked by sys_clk_pin  {rise@0.000ns fall@4.000ns period=8.000ns})
  Destination:            valid
                            (output port)
  Path Group:             (none)
  Path Type:              Min at Fast Process Corner
  Data Path Delay:        2.125ns  (logic 1.379ns (64.886%)  route 0.746ns (35.114%))
  Logic Levels:           1  (OBUF=1)
  Clock Uncertainty:      0.025ns  ((TSJ^2 + TIJ^2)^1/2 + DJ) / 2 + PE
    Total System Jitter     (TSJ):    0.050ns
    Total Input Jitter      (TIJ):    0.000ns
    Discrete Jitter          (DJ):    0.000ns
    Phase Error              (PE):    0.000ns

    Location             Delay type                Incr(ns)  Path(ns)    Netlist Resource(s)
  -------------------------------------------------------------------    -------------------
                         (clock sys_clk_pin rise edge)
                                                      0.000     0.000 r  
    D18                                               0.000     0.000 r  clk (IN)
                         net (fo=0)                   0.000     0.000    clk
    D18                  IBUF (Prop_ibuf_I_O)         0.278     0.278 r  clk_IBUF_inst/O
                         net (fo=1, routed)           0.842     1.120    clk_IBUF
    BUFGCTRL_X0Y16       BUFG (Prop_bufg_I_O)         0.026     1.146 r  clk_IBUF_BUFG_inst/O
                         net (fo=1671, routed)        0.677     1.823    u_awgn/u_GaussianNoiseWithReqVar/clk_IBUF_BUFG
    SLICE_X101Y124       FDRE                                         r  u_awgn/u_GaussianNoiseWithReqVar/Delay8_reg_reg[2]/C
  -------------------------------------------------------------------    -------------------
    SLICE_X101Y124       FDRE (Prop_fdre_C_Q)         0.141     1.964 r  u_awgn/u_GaussianNoiseWithReqVar/Delay8_reg_reg[2]/Q
                         net (fo=1, routed)           0.746     2.710    valid_OBUF
    B16                  OBUF (Prop_obuf_I_O)         1.238     3.948 r  valid_OBUF_inst/O
                         net (fo=0)                   0.000     3.948    valid
    B16                                                               r  valid (OUT)
  -------------------------------------------------------------------    -------------------

Slack:                    inf
  Source:                 u_awgn/u_GaussianNoiseWithReqVar/Delay6_out1_im_reg/CLK
                            (rising edge-triggered cell DSP48E1 clocked by sys_clk_pin  {rise@0.000ns fall@4.000ns period=8.000ns})
  Destination:            awgn_im_dbg[4]
                            (output port)
  Path Group:             (none)
  Path Type:              Min at Fast Process Corner
  Data Path Delay:        2.555ns  (logic 1.318ns (51.579%)  route 1.237ns (48.421%))
  Logic Levels:           1  (OBUF=1)
  Clock Uncertainty:      0.025ns  ((TSJ^2 + TIJ^2)^1/2 + DJ) / 2 + PE
    Total System Jitter     (TSJ):    0.050ns
    Total Input Jitter      (TIJ):    0.000ns
    Discrete Jitter          (DJ):    0.000ns
    Phase Error              (PE):    0.000ns

    Location             Delay type                Incr(ns)  Path(ns)    Netlist Resource(s)
  -------------------------------------------------------------------    -------------------
                         (clock sys_clk_pin rise edge)
                                                      0.000     0.000 r  
    D18                                               0.000     0.000 r  clk (IN)
                         net (fo=0)                   0.000     0.000    clk
    D18                  IBUF (Prop_ibuf_I_O)         0.278     0.278 r  clk_IBUF_inst/O
                         net (fo=1, routed)           0.842     1.120    clk_IBUF
    BUFGCTRL_X0Y16       BUFG (Prop_bufg_I_O)         0.026     1.146 r  clk_IBUF_BUFG_inst/O
                         net (fo=1671, routed)        0.695     1.841    u_awgn/u_GaussianNoiseWithReqVar/clk_IBUF_BUFG
    DSP48_X3Y38          DSP48E1                                      r  u_awgn/u_GaussianNoiseWithReqVar/Delay6_out1_im_reg/CLK
  -------------------------------------------------------------------    -------------------
    DSP48_X3Y38          DSP48E1 (Prop_dsp48e1_CLK_P[17])
                                                      0.126     1.967 r  u_awgn/u_GaussianNoiseWithReqVar/Delay6_out1_im_reg/P[17]
                         net (fo=1, routed)           1.237     3.204    awgn_im_dbg_OBUF[4]
    F18                  OBUF (Prop_obuf_I_O)         1.192     4.396 r  awgn_im_dbg_OBUF[4]_inst/O
                         net (fo=0)                   0.000     4.396    awgn_im_dbg[4]
    F18                                                               r  awgn_im_dbg[4] (OUT)
  -------------------------------------------------------------------    -------------------

Slack:                    inf
  Source:                 u_awgn/u_GaussianNoiseWithReqVar/Delay6_out1_im_reg/CLK
                            (rising edge-triggered cell DSP48E1 clocked by sys_clk_pin  {rise@0.000ns fall@4.000ns period=8.000ns})
  Destination:            awgn_im_dbg[5]
                            (output port)
  Path Group:             (none)
  Path Type:              Min at Fast Process Corner
  Data Path Delay:        2.572ns  (logic 1.335ns (51.915%)  route 1.237ns (48.085%))
  Logic Levels:           1  (OBUF=1)
  Clock Uncertainty:      0.025ns  ((TSJ^2 + TIJ^2)^1/2 + DJ) / 2 + PE
    Total System Jitter     (TSJ):    0.050ns
    Total Input Jitter      (TIJ):    0.000ns
    Discrete Jitter          (DJ):    0.000ns
    Phase Error              (PE):    0.000ns

    Location             Delay type                Incr(ns)  Path(ns)    Netlist Resource(s)
  -------------------------------------------------------------------    -------------------
                         (clock sys_clk_pin rise edge)
                                                      0.000     0.000 r  
    D18                                               0.000     0.000 r  clk (IN)
                         net (fo=0)                   0.000     0.000    clk
    D18                  IBUF (Prop_ibuf_I_O)         0.278     0.278 r  clk_IBUF_inst/O
                         net (fo=1, routed)           0.842     1.120    clk_IBUF
    BUFGCTRL_X0Y16       BUFG (Prop_bufg_I_O)         0.026     1.146 r  clk_IBUF_BUFG_inst/O
                         net (fo=1671, routed)        0.695     1.841    u_awgn/u_GaussianNoiseWithReqVar/clk_IBUF_BUFG
    DSP48_X3Y38          DSP48E1                                      r  u_awgn/u_GaussianNoiseWithReqVar/Delay6_out1_im_reg/CLK
  -------------------------------------------------------------------    -------------------
    DSP48_X3Y38          DSP48E1 (Prop_dsp48e1_CLK_P[18])
                                                      0.126     1.967 r  u_awgn/u_GaussianNoiseWithReqVar/Delay6_out1_im_reg/P[18]
                         net (fo=1, routed)           1.237     3.204    awgn_im_dbg_OBUF[5]
    G17                  OBUF (Prop_obuf_I_O)         1.209     4.413 r  awgn_im_dbg_OBUF[5]_inst/O
                         net (fo=0)                   0.000     4.413    awgn_im_dbg[5]
    G17                                                               r  awgn_im_dbg[5] (OUT)
  -------------------------------------------------------------------    -------------------

Slack:                    inf
  Source:                 u_awgn/u_GaussianNoiseWithReqVar/Delay6_out1_re_reg/CLK
                            (rising edge-triggered cell DSP48E1 clocked by sys_clk_pin  {rise@0.000ns fall@4.000ns period=8.000ns})
  Destination:            awgn_re_dbg[0]
                            (output port)
  Path Group:             (none)
  Path Type:              Min at Fast Process Corner
  Data Path Delay:        2.577ns  (logic 1.363ns (52.897%)  route 1.214ns (47.103%))
  Logic Levels:           1  (OBUF=1)
  Clock Uncertainty:      0.025ns  ((TSJ^2 + TIJ^2)^1/2 + DJ) / 2 + PE
    Total System Jitter     (TSJ):    0.050ns
    Total Input Jitter      (TIJ):    0.000ns
    Discrete Jitter          (DJ):    0.000ns
    Phase Error              (PE):    0.000ns

    Location             Delay type                Incr(ns)  Path(ns)    Netlist Resource(s)
  -------------------------------------------------------------------    -------------------
                         (clock sys_clk_pin rise edge)
                                                      0.000     0.000 r  
    D18                                               0.000     0.000 r  clk (IN)
                         net (fo=0)                   0.000     0.000    clk
    D18                  IBUF (Prop_ibuf_I_O)         0.278     0.278 r  clk_IBUF_inst/O
                         net (fo=1, routed)           0.842     1.120    clk_IBUF
    BUFGCTRL_X0Y16       BUFG (Prop_bufg_I_O)         0.026     1.146 r  clk_IBUF_BUFG_inst/O
                         net (fo=1671, routed)        0.696     1.842    u_awgn/u_GaussianNoiseWithReqVar/clk_IBUF_BUFG
    DSP48_X3Y39          DSP48E1                                      r  u_awgn/u_GaussianNoiseWithReqVar/Delay6_out1_re_reg/CLK
  -------------------------------------------------------------------    -------------------
    DSP48_X3Y39          DSP48E1 (Prop_dsp48e1_CLK_P[13])
                                                      0.126     1.968 r  u_awgn/u_GaussianNoiseWithReqVar/Delay6_out1_re_reg/P[13]
                         net (fo=1, routed)           1.214     3.182    awgn_re_dbg_OBUF[0]
    B15                  OBUF (Prop_obuf_I_O)         1.237     4.419 r  awgn_re_dbg_OBUF[0]_inst/O
                         net (fo=0)                   0.000     4.419    awgn_re_dbg[0]
    B15                                                               r  awgn_re_dbg[0] (OUT)
  -------------------------------------------------------------------    -------------------

Slack:                    inf
  Source:                 u_awgn/u_GaussianNoiseWithReqVar/Delay6_out1_im_reg/CLK
                            (rising edge-triggered cell DSP48E1 clocked by sys_clk_pin  {rise@0.000ns fall@4.000ns period=8.000ns})
  Destination:            awgn_im_dbg[3]
                            (output port)
  Path Group:             (none)
  Path Type:              Min at Fast Process Corner
  Data Path Delay:        2.613ns  (logic 1.324ns (50.666%)  route 1.289ns (49.334%))
  Logic Levels:           1  (OBUF=1)
  Clock Uncertainty:      0.025ns  ((TSJ^2 + TIJ^2)^1/2 + DJ) / 2 + PE
    Total System Jitter     (TSJ):    0.050ns
    Total Input Jitter      (TIJ):    0.000ns
    Discrete Jitter          (DJ):    0.000ns
    Phase Error              (PE):    0.000ns

    Location             Delay type                Incr(ns)  Path(ns)    Netlist Resource(s)
  -------------------------------------------------------------------    -------------------
                         (clock sys_clk_pin rise edge)
                                                      0.000     0.000 r  
    D18                                               0.000     0.000 r  clk (IN)
                         net (fo=0)                   0.000     0.000    clk
    D18                  IBUF (Prop_ibuf_I_O)         0.278     0.278 r  clk_IBUF_inst/O
                         net (fo=1, routed)           0.842     1.120    clk_IBUF
    BUFGCTRL_X0Y16       BUFG (Prop_bufg_I_O)         0.026     1.146 r  clk_IBUF_BUFG_inst/O
                         net (fo=1671, routed)        0.695     1.841    u_awgn/u_GaussianNoiseWithReqVar/clk_IBUF_BUFG
    DSP48_X3Y38          DSP48E1                                      r  u_awgn/u_GaussianNoiseWithReqVar/Delay6_out1_im_reg/CLK
  -------------------------------------------------------------------    -------------------
    DSP48_X3Y38          DSP48E1 (Prop_dsp48e1_CLK_P[16])
                                                      0.126     1.967 r  u_awgn/u_GaussianNoiseWithReqVar/Delay6_out1_im_reg/P[16]
                         net (fo=1, routed)           1.289     3.256    awgn_im_dbg_OBUF[3]
    E18                  OBUF (Prop_obuf_I_O)         1.198     4.454 r  awgn_im_dbg_OBUF[3]_inst/O
                         net (fo=0)                   0.000     4.454    awgn_im_dbg[3]
    E18                                                               r  awgn_im_dbg[3] (OUT)
  -------------------------------------------------------------------    -------------------

Slack:                    inf
  Source:                 u_awgn/u_GaussianNoiseWithReqVar/Delay6_out1_re_reg/CLK
                            (rising edge-triggered cell DSP48E1 clocked by sys_clk_pin  {rise@0.000ns fall@4.000ns period=8.000ns})
  Destination:            awgn_re_dbg[5]
                            (output port)
  Path Group:             (none)
  Path Type:              Min at Fast Process Corner
  Data Path Delay:        2.612ns  (logic 1.325ns (50.733%)  route 1.287ns (49.267%))
  Logic Levels:           1  (OBUF=1)
  Clock Uncertainty:      0.025ns  ((TSJ^2 + TIJ^2)^1/2 + DJ) / 2 + PE
    Total System Jitter     (TSJ):    0.050ns
    Total Input Jitter      (TIJ):    0.000ns
    Discrete Jitter          (DJ):    0.000ns
    Phase Error              (PE):    0.000ns

    Location             Delay type                Incr(ns)  Path(ns)    Netlist Resource(s)
  -------------------------------------------------------------------    -------------------
                         (clock sys_clk_pin rise edge)
                                                      0.000     0.000 r  
    D18                                               0.000     0.000 r  clk (IN)
                         net (fo=0)                   0.000     0.000    clk
    D18                  IBUF (Prop_ibuf_I_O)         0.278     0.278 r  clk_IBUF_inst/O
                         net (fo=1, routed)           0.842     1.120    clk_IBUF
    BUFGCTRL_X0Y16       BUFG (Prop_bufg_I_O)         0.026     1.146 r  clk_IBUF_BUFG_inst/O
                         net (fo=1671, routed)        0.696     1.842    u_awgn/u_GaussianNoiseWithReqVar/clk_IBUF_BUFG
    DSP48_X3Y39          DSP48E1                                      r  u_awgn/u_GaussianNoiseWithReqVar/Delay6_out1_re_reg/CLK
  -------------------------------------------------------------------    -------------------
    DSP48_X3Y39          DSP48E1 (Prop_dsp48e1_CLK_P[18])
                                                      0.126     1.968 r  u_awgn/u_GaussianNoiseWithReqVar/Delay6_out1_re_reg/P[18]
                         net (fo=1, routed)           1.287     3.255    awgn_re_dbg_OBUF[5]
    F17                  OBUF (Prop_obuf_I_O)         1.199     4.454 r  awgn_re_dbg_OBUF[5]_inst/O
                         net (fo=0)                   0.000     4.454    awgn_re_dbg[5]
    F17                                                               r  awgn_re_dbg[5] (OUT)
  -------------------------------------------------------------------    -------------------

Slack:                    inf
  Source:                 u_awgn/u_GaussianNoiseWithReqVar/Delay6_out1_re_reg/CLK
                            (rising edge-triggered cell DSP48E1 clocked by sys_clk_pin  {rise@0.000ns fall@4.000ns period=8.000ns})
  Destination:            awgn_re_dbg[1]
                            (output port)
  Path Group:             (none)
  Path Type:              Min at Fast Process Corner
  Data Path Delay:        2.637ns  (logic 1.359ns (51.548%)  route 1.278ns (48.452%))
  Logic Levels:           1  (OBUF=1)
  Clock Uncertainty:      0.025ns  ((TSJ^2 + TIJ^2)^1/2 + DJ) / 2 + PE
    Total System Jitter     (TSJ):    0.050ns
    Total Input Jitter      (TIJ):    0.000ns
    Discrete Jitter          (DJ):    0.000ns
    Phase Error              (PE):    0.000ns

    Location             Delay type                Incr(ns)  Path(ns)    Netlist Resource(s)
  -------------------------------------------------------------------    -------------------
                         (clock sys_clk_pin rise edge)
                                                      0.000     0.000 r  
    D18                                               0.000     0.000 r  clk (IN)
                         net (fo=0)                   0.000     0.000    clk
    D18                  IBUF (Prop_ibuf_I_O)         0.278     0.278 r  clk_IBUF_inst/O
                         net (fo=1, routed)           0.842     1.120    clk_IBUF
    BUFGCTRL_X0Y16       BUFG (Prop_bufg_I_O)         0.026     1.146 r  clk_IBUF_BUFG_inst/O
                         net (fo=1671, routed)        0.696     1.842    u_awgn/u_GaussianNoiseWithReqVar/clk_IBUF_BUFG
    DSP48_X3Y39          DSP48E1                                      r  u_awgn/u_GaussianNoiseWithReqVar/Delay6_out1_re_reg/CLK
  -------------------------------------------------------------------    -------------------
    DSP48_X3Y39          DSP48E1 (Prop_dsp48e1_CLK_P[14])
                                                      0.126     1.968 r  u_awgn/u_GaussianNoiseWithReqVar/Delay6_out1_re_reg/P[14]
                         net (fo=1, routed)           1.278     3.246    awgn_re_dbg_OBUF[1]
    C15                  OBUF (Prop_obuf_I_O)         1.233     4.479 r  awgn_re_dbg_OBUF[1]_inst/O
                         net (fo=0)                   0.000     4.479    awgn_re_dbg[1]
    C15                                                               r  awgn_re_dbg[1] (OUT)
  -------------------------------------------------------------------    -------------------

Slack:                    inf
  Source:                 u_awgn/u_GaussianNoiseWithReqVar/Delay6_out1_im_reg/CLK
                            (rising edge-triggered cell DSP48E1 clocked by sys_clk_pin  {rise@0.000ns fall@4.000ns period=8.000ns})
  Destination:            awgn_im_dbg[0]
                            (output port)
  Path Group:             (none)
  Path Type:              Min at Fast Process Corner
  Data Path Delay:        2.651ns  (logic 1.353ns (51.020%)  route 1.299ns (48.980%))
  Logic Levels:           1  (OBUF=1)
  Clock Uncertainty:      0.025ns  ((TSJ^2 + TIJ^2)^1/2 + DJ) / 2 + PE
    Total System Jitter     (TSJ):    0.050ns
    Total Input Jitter      (TIJ):    0.000ns
    Discrete Jitter          (DJ):    0.000ns
    Phase Error              (PE):    0.000ns

    Location             Delay type                Incr(ns)  Path(ns)    Netlist Resource(s)
  -------------------------------------------------------------------    -------------------
                         (clock sys_clk_pin rise edge)
                                                      0.000     0.000 r  
    D18                                               0.000     0.000 r  clk (IN)
                         net (fo=0)                   0.000     0.000    clk
    D18                  IBUF (Prop_ibuf_I_O)         0.278     0.278 r  clk_IBUF_inst/O
                         net (fo=1, routed)           0.842     1.120    clk_IBUF
    BUFGCTRL_X0Y16       BUFG (Prop_bufg_I_O)         0.026     1.146 r  clk_IBUF_BUFG_inst/O
                         net (fo=1671, routed)        0.695     1.841    u_awgn/u_GaussianNoiseWithReqVar/clk_IBUF_BUFG
    DSP48_X3Y38          DSP48E1                                      r  u_awgn/u_GaussianNoiseWithReqVar/Delay6_out1_im_reg/CLK
  -------------------------------------------------------------------    -------------------
    DSP48_X3Y38          DSP48E1 (Prop_dsp48e1_CLK_P[13])
                                                      0.126     1.967 r  u_awgn/u_GaussianNoiseWithReqVar/Delay6_out1_im_reg/P[13]
                         net (fo=1, routed)           1.299     3.266    awgn_im_dbg_OBUF[0]
    G15                  OBUF (Prop_obuf_I_O)         1.227     4.492 r  awgn_im_dbg_OBUF[0]_inst/O
                         net (fo=0)                   0.000     4.492    awgn_im_dbg[0]
    G15                                                               r  awgn_im_dbg[0] (OUT)
  -------------------------------------------------------------------    -------------------

Slack:                    inf
  Source:                 u_awgn/u_GaussianNoiseWithReqVar/Delay6_out1_re_reg/CLK
                            (rising edge-triggered cell DSP48E1 clocked by sys_clk_pin  {rise@0.000ns fall@4.000ns period=8.000ns})
  Destination:            awgn_re_dbg[4]
                            (output port)
  Path Group:             (none)
  Path Type:              Min at Fast Process Corner
  Data Path Delay:        2.670ns  (logic 1.366ns (51.173%)  route 1.303ns (48.827%))
  Logic Levels:           1  (OBUF=1)
  Clock Uncertainty:      0.025ns  ((TSJ^2 + TIJ^2)^1/2 + DJ) / 2 + PE
    Total System Jitter     (TSJ):    0.050ns
    Total Input Jitter      (TIJ):    0.000ns
    Discrete Jitter          (DJ):    0.000ns
    Phase Error              (PE):    0.000ns

    Location             Delay type                Incr(ns)  Path(ns)    Netlist Resource(s)
  -------------------------------------------------------------------    -------------------
                         (clock sys_clk_pin rise edge)
                                                      0.000     0.000 r  
    D18                                               0.000     0.000 r  clk (IN)
                         net (fo=0)                   0.000     0.000    clk
    D18                  IBUF (Prop_ibuf_I_O)         0.278     0.278 r  clk_IBUF_inst/O
                         net (fo=1, routed)           0.842     1.120    clk_IBUF
    BUFGCTRL_X0Y16       BUFG (Prop_bufg_I_O)         0.026     1.146 r  clk_IBUF_BUFG_inst/O
                         net (fo=1671, routed)        0.696     1.842    u_awgn/u_GaussianNoiseWithReqVar/clk_IBUF_BUFG
    DSP48_X3Y39          DSP48E1                                      r  u_awgn/u_GaussianNoiseWithReqVar/Delay6_out1_re_reg/CLK
  -------------------------------------------------------------------    -------------------
    DSP48_X3Y39          DSP48E1 (Prop_dsp48e1_CLK_P[17])
                                                      0.126     1.968 r  u_awgn/u_GaussianNoiseWithReqVar/Delay6_out1_re_reg/P[17]
                         net (fo=1, routed)           1.303     3.271    awgn_re_dbg_OBUF[4]
    E15                  OBUF (Prop_obuf_I_O)         1.240     4.512 r  awgn_re_dbg_OBUF[4]_inst/O
                         net (fo=0)                   0.000     4.512    awgn_re_dbg[4]
    E15                                                               r  awgn_re_dbg[4] (OUT)
  -------------------------------------------------------------------    -------------------





--------------------------------------------------------------------------------------
Path Group:  (none)
From Clock:  
  To Clock:  sys_clk_pin

Max Delay          1191 Endpoints
Min Delay          1191 Endpoints
--------------------------------------------------------------------------------------


Max Delay Paths
--------------------------------------------------------------------------------------
Slack:                    inf
  Source:                 reset
                            (input port)
  Destination:            u_awgn/u_GaussianNoiseWithUnitVar/u_logImplementation/u_log/u_RangeReconstruction/Delay2_out1_reg/RSTB
                            (rising edge-triggered cell DSP48E1 clocked by sys_clk_pin  {rise@0.000ns fall@4.000ns period=8.000ns})
  Path Group:             (none)
  Path Type:              Setup (Max at Slow Process Corner)
  Data Path Delay:        13.058ns  (logic 1.482ns (11.350%)  route 11.576ns (88.650%))
  Logic Levels:           1  (IBUF=1)
  Clock Path Skew:        5.386ns (DCD - SCD + CPR)
    Destination Clock Delay (DCD):    5.386ns
    Source Clock Delay      (SCD):    0.000ns
    Clock Pessimism Removal (CPR):    0.000ns
  Clock Uncertainty:      0.025ns  ((TSJ^2 + TIJ^2)^1/2 + DJ) / 2 + PE
    Total System Jitter     (TSJ):    0.050ns
    Total Input Jitter      (TIJ):    0.000ns
    Discrete Jitter          (DJ):    0.000ns
    Phase Error              (PE):    0.000ns

    Location             Delay type                Incr(ns)  Path(ns)    Netlist Resource(s)
  -------------------------------------------------------------------    -------------------
    C17                                               0.000     0.000 r  reset (IN)
                         net (fo=0)                   0.000     0.000    reset
    C17                  IBUF (Prop_ibuf_I_O)         1.482     1.482 r  reset_IBUF_inst/O
                         net (fo=1191, routed)       11.576    13.058    u_awgn/u_GaussianNoiseWithUnitVar/u_logImplementation/u_log/u_RangeReconstruction/reset_IBUF
    DSP48_X2Y33          DSP48E1                                      r  u_awgn/u_GaussianNoiseWithUnitVar/u_logImplementation/u_log/u_RangeReconstruction/Delay2_out1_reg/RSTB
  -------------------------------------------------------------------    -------------------

                         (clock sys_clk_pin rise edge)
                                                      0.000     0.000 r  
    D18                                               0.000     0.000 r  clk (IN)
                         net (fo=0)                   0.000     0.000    clk
    D18                  IBUF (Prop_ibuf_I_O)         1.440     1.440 r  clk_IBUF_inst/O
                         net (fo=1, routed)           2.293     3.733    clk_IBUF
    BUFGCTRL_X0Y16       BUFG (Prop_bufg_I_O)         0.091     3.824 r  clk_IBUF_BUFG_inst/O
                         net (fo=1671, routed)        1.562     5.386    u_awgn/u_GaussianNoiseWithUnitVar/u_logImplementation/u_log/u_RangeReconstruction/clk_IBUF_BUFG
    DSP48_X2Y33          DSP48E1                                      r  u_awgn/u_GaussianNoiseWithUnitVar/u_logImplementation/u_log/u_RangeReconstruction/Delay2_out1_reg/CLK

Slack:                    inf
  Source:                 reset
                            (input port)
  Destination:            u_awgn/u_GaussianNoiseWithUnitVar/u_logImplementation/u_log/u_FunctionEvaluation/Delay2_out1_reg/RSTA
                            (rising edge-triggered cell DSP48E1 clocked by sys_clk_pin  {rise@0.000ns fall@4.000ns period=8.000ns})
  Path Group:             (none)
  Path Type:              Setup (Max at Slow Process Corner)
  Data Path Delay:        13.053ns  (logic 1.482ns (11.354%)  route 11.571ns (88.646%))
  Logic Levels:           1  (IBUF=1)
  Clock Path Skew:        5.381ns (DCD - SCD + CPR)
    Destination Clock Delay (DCD):    5.381ns
    Source Clock Delay      (SCD):    0.000ns
    Clock Pessimism Removal (CPR):    0.000ns
  Clock Uncertainty:      0.025ns  ((TSJ^2 + TIJ^2)^1/2 + DJ) / 2 + PE
    Total System Jitter     (TSJ):    0.050ns
    Total Input Jitter      (TIJ):    0.000ns
    Discrete Jitter          (DJ):    0.000ns
    Phase Error              (PE):    0.000ns

    Location             Delay type                Incr(ns)  Path(ns)    Netlist Resource(s)
  -------------------------------------------------------------------    -------------------
    C17                                               0.000     0.000 r  reset (IN)
                         net (fo=0)                   0.000     0.000    reset
    C17                  IBUF (Prop_ibuf_I_O)         1.482     1.482 r  reset_IBUF_inst/O
                         net (fo=1191, routed)       11.571    13.053    u_awgn/u_GaussianNoiseWithUnitVar/u_logImplementation/u_log/u_FunctionEvaluation/reset_IBUF
    DSP48_X2Y28          DSP48E1                                      r  u_awgn/u_GaussianNoiseWithUnitVar/u_logImplementation/u_log/u_FunctionEvaluation/Delay2_out1_reg/RSTA
  -------------------------------------------------------------------    -------------------

                         (clock sys_clk_pin rise edge)
                                                      0.000     0.000 r  
    D18                                               0.000     0.000 r  clk (IN)
                         net (fo=0)                   0.000     0.000    clk
    D18                  IBUF (Prop_ibuf_I_O)         1.440     1.440 r  clk_IBUF_inst/O
                         net (fo=1, routed)           2.293     3.733    clk_IBUF
    BUFGCTRL_X0Y16       BUFG (Prop_bufg_I_O)         0.091     3.824 r  clk_IBUF_BUFG_inst/O
                         net (fo=1671, routed)        1.557     5.381    u_awgn/u_GaussianNoiseWithUnitVar/u_logImplementation/u_log/u_FunctionEvaluation/clk_IBUF_BUFG
    DSP48_X2Y28          DSP48E1                                      r  u_awgn/u_GaussianNoiseWithUnitVar/u_logImplementation/u_log/u_FunctionEvaluation/Delay2_out1_reg/CLK

Slack:                    inf
  Source:                 reset
                            (input port)
  Destination:            u_awgn/u_GaussianNoiseWithUnitVar/u_logImplementation/u_log/u_FunctionEvaluation/Delay1_reg_reg[0]/RSTRAMARSTRAM
                            (rising edge-triggered cell RAMB18E1 clocked by sys_clk_pin  {rise@0.000ns fall@4.000ns period=8.000ns})
  Path Group:             (none)
  Path Type:              Setup (Max at Slow Process Corner)
  Data Path Delay:        12.970ns  (logic 1.482ns (11.426%)  route 11.488ns (88.574%))
  Logic Levels:           1  (IBUF=1)
  Clock Path Skew:        5.330ns (DCD - SCD + CPR)
    Destination Clock Delay (DCD):    5.330ns
    Source Clock Delay      (SCD):    0.000ns
    Clock Pessimism Removal (CPR):    0.000ns
  Clock Uncertainty:      0.025ns  ((TSJ^2 + TIJ^2)^1/2 + DJ) / 2 + PE
    Total System Jitter     (TSJ):    0.050ns
    Total Input Jitter      (TIJ):    0.000ns
    Discrete Jitter          (DJ):    0.000ns
    Phase Error              (PE):    0.000ns

    Location             Delay type                Incr(ns)  Path(ns)    Netlist Resource(s)
  -------------------------------------------------------------------    -------------------
    C17                                               0.000     0.000 r  reset (IN)
                         net (fo=0)                   0.000     0.000    reset
    C17                  IBUF (Prop_ibuf_I_O)         1.482     1.482 r  reset_IBUF_inst/O
                         net (fo=1191, routed)       11.488    12.970    u_awgn/u_GaussianNoiseWithUnitVar/u_logImplementation/u_log/u_FunctionEvaluation/reset_IBUF
    RAMB18_X2Y28         RAMB18E1                                     r  u_awgn/u_GaussianNoiseWithUnitVar/u_logImplementation/u_log/u_FunctionEvaluation/Delay1_reg_reg[0]/RSTRAMARSTRAM
  -------------------------------------------------------------------    -------------------

                         (clock sys_clk_pin rise edge)
                                                      0.000     0.000 r  
    D18                                               0.000     0.000 r  clk (IN)
                         net (fo=0)                   0.000     0.000    clk
    D18                  IBUF (Prop_ibuf_I_O)         1.440     1.440 r  clk_IBUF_inst/O
                         net (fo=1, routed)           2.293     3.733    clk_IBUF
    BUFGCTRL_X0Y16       BUFG (Prop_bufg_I_O)         0.091     3.824 r  clk_IBUF_BUFG_inst/O
                         net (fo=1671, routed)        1.506     5.330    u_awgn/u_GaussianNoiseWithUnitVar/u_logImplementation/u_log/u_FunctionEvaluation/clk_IBUF_BUFG
    RAMB18_X2Y28         RAMB18E1                                     r  u_awgn/u_GaussianNoiseWithUnitVar/u_logImplementation/u_log/u_FunctionEvaluation/Delay1_reg_reg[0]/CLKARDCLK

Slack:                    inf
  Source:                 reset
                            (input port)
  Destination:            u_awgn/u_GaussianNoiseWithUnitVar/u_logImplementation/u_log/u_RangeReconstruction/Product_mul_temp/RSTA
                            (rising edge-triggered cell DSP48E1 clocked by sys_clk_pin  {rise@0.000ns fall@4.000ns period=8.000ns})
  Path Group:             (none)
  Path Type:              Setup (Max at Slow Process Corner)
  Data Path Delay:        12.916ns  (logic 1.482ns (11.474%)  route 11.434ns (88.526%))
  Logic Levels:           1  (IBUF=1)
  Clock Path Skew:        5.383ns (DCD - SCD + CPR)
    Destination Clock Delay (DCD):    5.383ns
    Source Clock Delay      (SCD):    0.000ns
    Clock Pessimism Removal (CPR):    0.000ns
  Clock Uncertainty:      0.025ns  ((TSJ^2 + TIJ^2)^1/2 + DJ) / 2 + PE
    Total System Jitter     (TSJ):    0.050ns
    Total Input Jitter      (TIJ):    0.000ns
    Discrete Jitter          (DJ):    0.000ns
    Phase Error              (PE):    0.000ns

    Location             Delay type                Incr(ns)  Path(ns)    Netlist Resource(s)
  -------------------------------------------------------------------    -------------------
    C17                                               0.000     0.000 r  reset (IN)
                         net (fo=0)                   0.000     0.000    reset
    C17                  IBUF (Prop_ibuf_I_O)         1.482     1.482 r  reset_IBUF_inst/O
                         net (fo=1191, routed)       11.434    12.916    u_awgn/u_GaussianNoiseWithUnitVar/u_logImplementation/u_log/u_RangeReconstruction/reset_IBUF
    DSP48_X2Y32          DSP48E1                                      r  u_awgn/u_GaussianNoiseWithUnitVar/u_logImplementation/u_log/u_RangeReconstruction/Product_mul_temp/RSTA
  -------------------------------------------------------------------    -------------------

                         (clock sys_clk_pin rise edge)
                                                      0.000     0.000 r  
    D18                                               0.000     0.000 r  clk (IN)
                         net (fo=0)                   0.000     0.000    clk
    D18                  IBUF (Prop_ibuf_I_O)         1.440     1.440 r  clk_IBUF_inst/O
                         net (fo=1, routed)           2.293     3.733    clk_IBUF
    BUFGCTRL_X0Y16       BUFG (Prop_bufg_I_O)         0.091     3.824 r  clk_IBUF_BUFG_inst/O
                         net (fo=1671, routed)        1.559     5.383    u_awgn/u_GaussianNoiseWithUnitVar/u_logImplementation/u_log/u_RangeReconstruction/clk_IBUF_BUFG
    DSP48_X2Y32          DSP48E1                                      r  u_awgn/u_GaussianNoiseWithUnitVar/u_logImplementation/u_log/u_RangeReconstruction/Product_mul_temp/CLK

Slack:                    inf
  Source:                 reset
                            (input port)
  Destination:            u_awgn/u_GaussianNoiseWithUnitVar/u_logImplementation/u_log/u_FunctionEvaluation/Delay13_out1_reg/RSTA
                            (rising edge-triggered cell DSP48E1 clocked by sys_clk_pin  {rise@0.000ns fall@4.000ns period=8.000ns})
  Path Group:             (none)
  Path Type:              Setup (Max at Slow Process Corner)
  Data Path Delay:        12.909ns  (logic 1.482ns (11.481%)  route 11.427ns (88.519%))
  Logic Levels:           1  (IBUF=1)
  Clock Path Skew:        5.378ns (DCD - SCD + CPR)
    Destination Clock Delay (DCD):    5.378ns
    Source Clock Delay      (SCD):    0.000ns
    Clock Pessimism Removal (CPR):    0.000ns
  Clock Uncertainty:      0.025ns  ((TSJ^2 + TIJ^2)^1/2 + DJ) / 2 + PE
    Total System Jitter     (TSJ):    0.050ns
    Total Input Jitter      (TIJ):    0.000ns
    Discrete Jitter          (DJ):    0.000ns
    Phase Error              (PE):    0.000ns

    Location             Delay type                Incr(ns)  Path(ns)    Netlist Resource(s)
  -------------------------------------------------------------------    -------------------
    C17                                               0.000     0.000 r  reset (IN)
                         net (fo=0)                   0.000     0.000    reset
    C17                  IBUF (Prop_ibuf_I_O)         1.482     1.482 r  reset_IBUF_inst/O
                         net (fo=1191, routed)       11.427    12.909    u_awgn/u_GaussianNoiseWithUnitVar/u_logImplementation/u_log/u_FunctionEvaluation/reset_IBUF
    DSP48_X2Y29          DSP48E1                                      r  u_awgn/u_GaussianNoiseWithUnitVar/u_logImplementation/u_log/u_FunctionEvaluation/Delay13_out1_reg/RSTA
  -------------------------------------------------------------------    -------------------

                         (clock sys_clk_pin rise edge)
                                                      0.000     0.000 r  
    D18                                               0.000     0.000 r  clk (IN)
                         net (fo=0)                   0.000     0.000    clk
    D18                  IBUF (Prop_ibuf_I_O)         1.440     1.440 r  clk_IBUF_inst/O
                         net (fo=1, routed)           2.293     3.733    clk_IBUF
    BUFGCTRL_X0Y16       BUFG (Prop_bufg_I_O)         0.091     3.824 r  clk_IBUF_BUFG_inst/O
                         net (fo=1671, routed)        1.554     5.378    u_awgn/u_GaussianNoiseWithUnitVar/u_logImplementation/u_log/u_FunctionEvaluation/clk_IBUF_BUFG
    DSP48_X2Y29          DSP48E1                                      r  u_awgn/u_GaussianNoiseWithUnitVar/u_logImplementation/u_log/u_FunctionEvaluation/Delay13_out1_reg/CLK

Slack:                    inf
  Source:                 reset
                            (input port)
  Destination:            u_awgn/u_GaussianNoiseWithUnitVar/u_logImplementation/u_log/u_FunctionEvaluation/Delay2_out1_reg/RSTB
                            (rising edge-triggered cell DSP48E1 clocked by sys_clk_pin  {rise@0.000ns fall@4.000ns period=8.000ns})
  Path Group:             (none)
  Path Type:              Setup (Max at Slow Process Corner)
  Data Path Delay:        12.909ns  (logic 1.482ns (11.481%)  route 11.427ns (88.519%))
  Logic Levels:           1  (IBUF=1)
  Clock Path Skew:        5.381ns (DCD - SCD + CPR)
    Destination Clock Delay (DCD):    5.381ns
    Source Clock Delay      (SCD):    0.000ns
    Clock Pessimism Removal (CPR):    0.000ns
  Clock Uncertainty:      0.025ns  ((TSJ^2 + TIJ^2)^1/2 + DJ) / 2 + PE
    Total System Jitter     (TSJ):    0.050ns
    Total Input Jitter      (TIJ):    0.000ns
    Discrete Jitter          (DJ):    0.000ns
    Phase Error              (PE):    0.000ns

    Location             Delay type                Incr(ns)  Path(ns)    Netlist Resource(s)
  -------------------------------------------------------------------    -------------------
    C17                                               0.000     0.000 r  reset (IN)
                         net (fo=0)                   0.000     0.000    reset
    C17                  IBUF (Prop_ibuf_I_O)         1.482     1.482 r  reset_IBUF_inst/O
                         net (fo=1191, routed)       11.427    12.909    u_awgn/u_GaussianNoiseWithUnitVar/u_logImplementation/u_log/u_FunctionEvaluation/reset_IBUF
    DSP48_X2Y28          DSP48E1                                      r  u_awgn/u_GaussianNoiseWithUnitVar/u_logImplementation/u_log/u_FunctionEvaluation/Delay2_out1_reg/RSTB
  -------------------------------------------------------------------    -------------------

                         (clock sys_clk_pin rise edge)
                                                      0.000     0.000 r  
    D18                                               0.000     0.000 r  clk (IN)
                         net (fo=0)                   0.000     0.000    clk
    D18                  IBUF (Prop_ibuf_I_O)         1.440     1.440 r  clk_IBUF_inst/O
                         net (fo=1, routed)           2.293     3.733    clk_IBUF
    BUFGCTRL_X0Y16       BUFG (Prop_bufg_I_O)         0.091     3.824 r  clk_IBUF_BUFG_inst/O
                         net (fo=1671, routed)        1.557     5.381    u_awgn/u_GaussianNoiseWithUnitVar/u_logImplementation/u_log/u_FunctionEvaluation/clk_IBUF_BUFG
    DSP48_X2Y28          DSP48E1                                      r  u_awgn/u_GaussianNoiseWithUnitVar/u_logImplementation/u_log/u_FunctionEvaluation/Delay2_out1_reg/CLK

Slack:                    inf
  Source:                 reset
                            (input port)
  Destination:            u_awgn/u_GaussianNoiseWithUnitVar/u_logImplementation/u_log/u_RangeReconstruction/Delay2_out1_reg/RSTP
                            (rising edge-triggered cell DSP48E1 clocked by sys_clk_pin  {rise@0.000ns fall@4.000ns period=8.000ns})
  Path Group:             (none)
  Path Type:              Setup (Max at Slow Process Corner)
  Data Path Delay:        12.861ns  (logic 1.482ns (11.524%)  route 11.379ns (88.476%))
  Logic Levels:           1  (IBUF=1)
  Clock Path Skew:        5.386ns (DCD - SCD + CPR)
    Destination Clock Delay (DCD):    5.386ns
    Source Clock Delay      (SCD):    0.000ns
    Clock Pessimism Removal (CPR):    0.000ns
  Clock Uncertainty:      0.025ns  ((TSJ^2 + TIJ^2)^1/2 + DJ) / 2 + PE
    Total System Jitter     (TSJ):    0.050ns
    Total Input Jitter      (TIJ):    0.000ns
    Discrete Jitter          (DJ):    0.000ns
    Phase Error              (PE):    0.000ns

    Location             Delay type                Incr(ns)  Path(ns)    Netlist Resource(s)
  -------------------------------------------------------------------    -------------------
    C17                                               0.000     0.000 r  reset (IN)
                         net (fo=0)                   0.000     0.000    reset
    C17                  IBUF (Prop_ibuf_I_O)         1.482     1.482 r  reset_IBUF_inst/O
                         net (fo=1191, routed)       11.379    12.861    u_awgn/u_GaussianNoiseWithUnitVar/u_logImplementation/u_log/u_RangeReconstruction/reset_IBUF
    DSP48_X2Y33          DSP48E1                                      r  u_awgn/u_GaussianNoiseWithUnitVar/u_logImplementation/u_log/u_RangeReconstruction/Delay2_out1_reg/RSTP
  -------------------------------------------------------------------    -------------------

                         (clock sys_clk_pin rise edge)
                                                      0.000     0.000 r  
    D18                                               0.000     0.000 r  clk (IN)
                         net (fo=0)                   0.000     0.000    clk
    D18                  IBUF (Prop_ibuf_I_O)         1.440     1.440 r  clk_IBUF_inst/O
                         net (fo=1, routed)           2.293     3.733    clk_IBUF
    BUFGCTRL_X0Y16       BUFG (Prop_bufg_I_O)         0.091     3.824 r  clk_IBUF_BUFG_inst/O
                         net (fo=1671, routed)        1.562     5.386    u_awgn/u_GaussianNoiseWithUnitVar/u_logImplementation/u_log/u_RangeReconstruction/clk_IBUF_BUFG
    DSP48_X2Y33          DSP48E1                                      r  u_awgn/u_GaussianNoiseWithUnitVar/u_logImplementation/u_log/u_RangeReconstruction/Delay2_out1_reg/CLK

Slack:                    inf
  Source:                 reset
                            (input port)
  Destination:            u_awgn/u_GaussianNoiseWithUnitVar/u_logImplementation/u_log/u_FunctionEvaluation/Delay2_out1_reg/RSTP
                            (rising edge-triggered cell DSP48E1 clocked by sys_clk_pin  {rise@0.000ns fall@4.000ns period=8.000ns})
  Path Group:             (none)
  Path Type:              Setup (Max at Slow Process Corner)
  Data Path Delay:        12.856ns  (logic 1.482ns (11.528%)  route 11.374ns (88.472%))
  Logic Levels:           1  (IBUF=1)
  Clock Path Skew:        5.381ns (DCD - SCD + CPR)
    Destination Clock Delay (DCD):    5.381ns
    Source Clock Delay      (SCD):    0.000ns
    Clock Pessimism Removal (CPR):    0.000ns
  Clock Uncertainty:      0.025ns  ((TSJ^2 + TIJ^2)^1/2 + DJ) / 2 + PE
    Total System Jitter     (TSJ):    0.050ns
    Total Input Jitter      (TIJ):    0.000ns
    Discrete Jitter          (DJ):    0.000ns
    Phase Error              (PE):    0.000ns

    Location             Delay type                Incr(ns)  Path(ns)    Netlist Resource(s)
  -------------------------------------------------------------------    -------------------
    C17                                               0.000     0.000 r  reset (IN)
                         net (fo=0)                   0.000     0.000    reset
    C17                  IBUF (Prop_ibuf_I_O)         1.482     1.482 r  reset_IBUF_inst/O
                         net (fo=1191, routed)       11.374    12.856    u_awgn/u_GaussianNoiseWithUnitVar/u_logImplementation/u_log/u_FunctionEvaluation/reset_IBUF
    DSP48_X2Y28          DSP48E1                                      r  u_awgn/u_GaussianNoiseWithUnitVar/u_logImplementation/u_log/u_FunctionEvaluation/Delay2_out1_reg/RSTP
  -------------------------------------------------------------------    -------------------

                         (clock sys_clk_pin rise edge)
                                                      0.000     0.000 r  
    D18                                               0.000     0.000 r  clk (IN)
                         net (fo=0)                   0.000     0.000    clk
    D18                  IBUF (Prop_ibuf_I_O)         1.440     1.440 r  clk_IBUF_inst/O
                         net (fo=1, routed)           2.293     3.733    clk_IBUF
    BUFGCTRL_X0Y16       BUFG (Prop_bufg_I_O)         0.091     3.824 r  clk_IBUF_BUFG_inst/O
                         net (fo=1671, routed)        1.557     5.381    u_awgn/u_GaussianNoiseWithUnitVar/u_logImplementation/u_log/u_FunctionEvaluation/clk_IBUF_BUFG
    DSP48_X2Y28          DSP48E1                                      r  u_awgn/u_GaussianNoiseWithUnitVar/u_logImplementation/u_log/u_FunctionEvaluation/Delay2_out1_reg/CLK

Slack:                    inf
  Source:                 reset
                            (input port)
  Destination:            u_awgn/u_GaussianNoiseWithUnitVar/u_logImplementation/u_log/u_FunctionEvaluation/Delay13_out1_reg/RSTB
                            (rising edge-triggered cell DSP48E1 clocked by sys_clk_pin  {rise@0.000ns fall@4.000ns period=8.000ns})
  Path Group:             (none)
  Path Type:              Setup (Max at Slow Process Corner)
  Data Path Delay:        12.740ns  (logic 1.482ns (11.633%)  route 11.258ns (88.367%))
  Logic Levels:           1  (IBUF=1)
  Clock Path Skew:        5.378ns (DCD - SCD + CPR)
    Destination Clock Delay (DCD):    5.378ns
    Source Clock Delay      (SCD):    0.000ns
    Clock Pessimism Removal (CPR):    0.000ns
  Clock Uncertainty:      0.025ns  ((TSJ^2 + TIJ^2)^1/2 + DJ) / 2 + PE
    Total System Jitter     (TSJ):    0.050ns
    Total Input Jitter      (TIJ):    0.000ns
    Discrete Jitter          (DJ):    0.000ns
    Phase Error              (PE):    0.000ns

    Location             Delay type                Incr(ns)  Path(ns)    Netlist Resource(s)
  -------------------------------------------------------------------    -------------------
    C17                                               0.000     0.000 r  reset (IN)
                         net (fo=0)                   0.000     0.000    reset
    C17                  IBUF (Prop_ibuf_I_O)         1.482     1.482 r  reset_IBUF_inst/O
                         net (fo=1191, routed)       11.258    12.740    u_awgn/u_GaussianNoiseWithUnitVar/u_logImplementation/u_log/u_FunctionEvaluation/reset_IBUF
    DSP48_X2Y29          DSP48E1                                      r  u_awgn/u_GaussianNoiseWithUnitVar/u_logImplementation/u_log/u_FunctionEvaluation/Delay13_out1_reg/RSTB
  -------------------------------------------------------------------    -------------------

                         (clock sys_clk_pin rise edge)
                                                      0.000     0.000 r  
    D18                                               0.000     0.000 r  clk (IN)
                         net (fo=0)                   0.000     0.000    clk
    D18                  IBUF (Prop_ibuf_I_O)         1.440     1.440 r  clk_IBUF_inst/O
                         net (fo=1, routed)           2.293     3.733    clk_IBUF
    BUFGCTRL_X0Y16       BUFG (Prop_bufg_I_O)         0.091     3.824 r  clk_IBUF_BUFG_inst/O
                         net (fo=1671, routed)        1.554     5.378    u_awgn/u_GaussianNoiseWithUnitVar/u_logImplementation/u_log/u_FunctionEvaluation/clk_IBUF_BUFG
    DSP48_X2Y29          DSP48E1                                      r  u_awgn/u_GaussianNoiseWithUnitVar/u_logImplementation/u_log/u_FunctionEvaluation/Delay13_out1_reg/CLK

Slack:                    inf
  Source:                 reset
                            (input port)
  Destination:            u_awgn/u_GaussianNoiseWithUnitVar/u_logImplementation/u_log/u_FunctionEvaluation/Delay13_out1_reg/RSTP
                            (rising edge-triggered cell DSP48E1 clocked by sys_clk_pin  {rise@0.000ns fall@4.000ns period=8.000ns})
  Path Group:             (none)
  Path Type:              Setup (Max at Slow Process Corner)
  Data Path Delay:        12.543ns  (logic 1.482ns (11.816%)  route 11.061ns (88.184%))
  Logic Levels:           1  (IBUF=1)
  Clock Path Skew:        5.378ns (DCD - SCD + CPR)
    Destination Clock Delay (DCD):    5.378ns
    Source Clock Delay      (SCD):    0.000ns
    Clock Pessimism Removal (CPR):    0.000ns
  Clock Uncertainty:      0.025ns  ((TSJ^2 + TIJ^2)^1/2 + DJ) / 2 + PE
    Total System Jitter     (TSJ):    0.050ns
    Total Input Jitter      (TIJ):    0.000ns
    Discrete Jitter          (DJ):    0.000ns
    Phase Error              (PE):    0.000ns

    Location             Delay type                Incr(ns)  Path(ns)    Netlist Resource(s)
  -------------------------------------------------------------------    -------------------
    C17                                               0.000     0.000 r  reset (IN)
                         net (fo=0)                   0.000     0.000    reset
    C17                  IBUF (Prop_ibuf_I_O)         1.482     1.482 r  reset_IBUF_inst/O
                         net (fo=1191, routed)       11.061    12.543    u_awgn/u_GaussianNoiseWithUnitVar/u_logImplementation/u_log/u_FunctionEvaluation/reset_IBUF
    DSP48_X2Y29          DSP48E1                                      r  u_awgn/u_GaussianNoiseWithUnitVar/u_logImplementation/u_log/u_FunctionEvaluation/Delay13_out1_reg/RSTP
  -------------------------------------------------------------------    -------------------

                         (clock sys_clk_pin rise edge)
                                                      0.000     0.000 r  
    D18                                               0.000     0.000 r  clk (IN)
                         net (fo=0)                   0.000     0.000    clk
    D18                  IBUF (Prop_ibuf_I_O)         1.440     1.440 r  clk_IBUF_inst/O
                         net (fo=1, routed)           2.293     3.733    clk_IBUF
    BUFGCTRL_X0Y16       BUFG (Prop_bufg_I_O)         0.091     3.824 r  clk_IBUF_BUFG_inst/O
                         net (fo=1671, routed)        1.554     5.378    u_awgn/u_GaussianNoiseWithUnitVar/u_logImplementation/u_log/u_FunctionEvaluation/clk_IBUF_BUFG
    DSP48_X2Y29          DSP48E1                                      r  u_awgn/u_GaussianNoiseWithUnitVar/u_logImplementation/u_log/u_FunctionEvaluation/Delay13_out1_reg/CLK





Min Delay Paths
--------------------------------------------------------------------------------------
Slack:                    inf
  Source:                 reset
                            (input port)
  Destination:            u_awgn/u_GaussianNoiseWithReqVar/Delay8_reg_reg[2]/R
                            (rising edge-triggered cell FDRE clocked by sys_clk_pin  {rise@0.000ns fall@4.000ns period=8.000ns})
  Path Group:             (none)
  Path Type:              Hold (Min at Fast Process Corner)
  Data Path Delay:        0.927ns  (logic 0.250ns (26.966%)  route 0.677ns (73.034%))
  Logic Levels:           1  (IBUF=1)
  Clock Path Skew:        2.350ns (DCD - SCD - CPR)
    Destination Clock Delay (DCD):    2.350ns
    Source Clock Delay      (SCD):    0.000ns
    Clock Pessimism Removal (CPR):    -0.000ns

    Location             Delay type                Incr(ns)  Path(ns)    Netlist Resource(s)
  -------------------------------------------------------------------    -------------------
    C17                                               0.000     0.000 r  reset (IN)
                         net (fo=0)                   0.000     0.000    reset
    C17                  IBUF (Prop_ibuf_I_O)         0.250     0.250 r  reset_IBUF_inst/O
                         net (fo=1191, routed)        0.677     0.927    u_awgn/u_GaussianNoiseWithReqVar/reset_IBUF
    SLICE_X101Y124       FDRE                                         r  u_awgn/u_GaussianNoiseWithReqVar/Delay8_reg_reg[2]/R
  -------------------------------------------------------------------    -------------------

                         (clock sys_clk_pin rise edge)
                                                      0.000     0.000 r  
    D18                                               0.000     0.000 r  clk (IN)
                         net (fo=0)                   0.000     0.000    clk
    D18                  IBUF (Prop_ibuf_I_O)         0.466     0.466 r  clk_IBUF_inst/O
                         net (fo=1, routed)           0.907     1.373    clk_IBUF
    BUFGCTRL_X0Y16       BUFG (Prop_bufg_I_O)         0.029     1.402 r  clk_IBUF_BUFG_inst/O
                         net (fo=1671, routed)        0.948     2.350    u_awgn/u_GaussianNoiseWithReqVar/clk_IBUF_BUFG
    SLICE_X101Y124       FDRE                                         r  u_awgn/u_GaussianNoiseWithReqVar/Delay8_reg_reg[2]/C

Slack:                    inf
  Source:                 reset
                            (input port)
  Destination:            u_awgn/u_GaussianNoiseWithReqVar/Delay3_reg_reg_r_28/R
                            (rising edge-triggered cell FDRE clocked by sys_clk_pin  {rise@0.000ns fall@4.000ns period=8.000ns})
  Path Group:             (none)
  Path Type:              Hold (Min at Fast Process Corner)
  Data Path Delay:        1.112ns  (logic 0.250ns (22.463%)  route 0.863ns (77.537%))
  Logic Levels:           1  (IBUF=1)
  Clock Path Skew:        2.357ns (DCD - SCD - CPR)
    Destination Clock Delay (DCD):    2.357ns
    Source Clock Delay      (SCD):    0.000ns
    Clock Pessimism Removal (CPR):    -0.000ns

    Location             Delay type                Incr(ns)  Path(ns)    Netlist Resource(s)
  -------------------------------------------------------------------    -------------------
    C17                                               0.000     0.000 r  reset (IN)
                         net (fo=0)                   0.000     0.000    reset
    C17                  IBUF (Prop_ibuf_I_O)         0.250     0.250 r  reset_IBUF_inst/O
                         net (fo=1191, routed)        0.863     1.112    u_awgn/u_GaussianNoiseWithReqVar/reset_IBUF
    SLICE_X99Y118        FDRE                                         r  u_awgn/u_GaussianNoiseWithReqVar/Delay3_reg_reg_r_28/R
  -------------------------------------------------------------------    -------------------

                         (clock sys_clk_pin rise edge)
                                                      0.000     0.000 r  
    D18                                               0.000     0.000 r  clk (IN)
                         net (fo=0)                   0.000     0.000    clk
    D18                  IBUF (Prop_ibuf_I_O)         0.466     0.466 r  clk_IBUF_inst/O
                         net (fo=1, routed)           0.907     1.373    clk_IBUF
    BUFGCTRL_X0Y16       BUFG (Prop_bufg_I_O)         0.029     1.402 r  clk_IBUF_BUFG_inst/O
                         net (fo=1671, routed)        0.955     2.357    u_awgn/u_GaussianNoiseWithReqVar/clk_IBUF_BUFG
    SLICE_X99Y118        FDRE                                         r  u_awgn/u_GaussianNoiseWithReqVar/Delay3_reg_reg_r_28/C

Slack:                    inf
  Source:                 reset
                            (input port)
  Destination:            u_awgn/u_GaussianNoiseWithReqVar/Delay3_reg_reg_r_29/R
                            (rising edge-triggered cell FDRE clocked by sys_clk_pin  {rise@0.000ns fall@4.000ns period=8.000ns})
  Path Group:             (none)
  Path Type:              Hold (Min at Fast Process Corner)
  Data Path Delay:        1.112ns  (logic 0.250ns (22.463%)  route 0.863ns (77.537%))
  Logic Levels:           1  (IBUF=1)
  Clock Path Skew:        2.357ns (DCD - SCD - CPR)
    Destination Clock Delay (DCD):    2.357ns
    Source Clock Delay      (SCD):    0.000ns
    Clock Pessimism Removal (CPR):    -0.000ns

    Location             Delay type                Incr(ns)  Path(ns)    Netlist Resource(s)
  -------------------------------------------------------------------    -------------------
    C17                                               0.000     0.000 r  reset (IN)
                         net (fo=0)                   0.000     0.000    reset
    C17                  IBUF (Prop_ibuf_I_O)         0.250     0.250 r  reset_IBUF_inst/O
                         net (fo=1191, routed)        0.863     1.112    u_awgn/u_GaussianNoiseWithReqVar/reset_IBUF
    SLICE_X99Y118        FDRE                                         r  u_awgn/u_GaussianNoiseWithReqVar/Delay3_reg_reg_r_29/R
  -------------------------------------------------------------------    -------------------

                         (clock sys_clk_pin rise edge)
                                                      0.000     0.000 r  
    D18                                               0.000     0.000 r  clk (IN)
                         net (fo=0)                   0.000     0.000    clk
    D18                  IBUF (Prop_ibuf_I_O)         0.466     0.466 r  clk_IBUF_inst/O
                         net (fo=1, routed)           0.907     1.373    clk_IBUF
    BUFGCTRL_X0Y16       BUFG (Prop_bufg_I_O)         0.029     1.402 r  clk_IBUF_BUFG_inst/O
                         net (fo=1671, routed)        0.955     2.357    u_awgn/u_GaussianNoiseWithReqVar/clk_IBUF_BUFG
    SLICE_X99Y118        FDRE                                         r  u_awgn/u_GaussianNoiseWithReqVar/Delay3_reg_reg_r_29/C

Slack:                    inf
  Source:                 reset
                            (input port)
  Destination:            u_awgn/u_GaussianNoiseWithReqVar/Delay8_reg_reg_r/R
                            (rising edge-triggered cell FDRE clocked by sys_clk_pin  {rise@0.000ns fall@4.000ns period=8.000ns})
  Path Group:             (none)
  Path Type:              Hold (Min at Fast Process Corner)
  Data Path Delay:        1.112ns  (logic 0.250ns (22.463%)  route 0.863ns (77.537%))
  Logic Levels:           1  (IBUF=1)
  Clock Path Skew:        2.357ns (DCD - SCD - CPR)
    Destination Clock Delay (DCD):    2.357ns
    Source Clock Delay      (SCD):    0.000ns
    Clock Pessimism Removal (CPR):    -0.000ns

    Location             Delay type                Incr(ns)  Path(ns)    Netlist Resource(s)
  -------------------------------------------------------------------    -------------------
    C17                                               0.000     0.000 r  reset (IN)
                         net (fo=0)                   0.000     0.000    reset
    C17                  IBUF (Prop_ibuf_I_O)         0.250     0.250 r  reset_IBUF_inst/O
                         net (fo=1191, routed)        0.863     1.112    u_awgn/u_GaussianNoiseWithReqVar/reset_IBUF
    SLICE_X99Y118        FDRE                                         r  u_awgn/u_GaussianNoiseWithReqVar/Delay8_reg_reg_r/R
  -------------------------------------------------------------------    -------------------

                         (clock sys_clk_pin rise edge)
                                                      0.000     0.000 r  
    D18                                               0.000     0.000 r  clk (IN)
                         net (fo=0)                   0.000     0.000    clk
    D18                  IBUF (Prop_ibuf_I_O)         0.466     0.466 r  clk_IBUF_inst/O
                         net (fo=1, routed)           0.907     1.373    clk_IBUF
    BUFGCTRL_X0Y16       BUFG (Prop_bufg_I_O)         0.029     1.402 r  clk_IBUF_BUFG_inst/O
                         net (fo=1671, routed)        0.955     2.357    u_awgn/u_GaussianNoiseWithReqVar/clk_IBUF_BUFG
    SLICE_X99Y118        FDRE                                         r  u_awgn/u_GaussianNoiseWithReqVar/Delay8_reg_reg_r/C

Slack:                    inf
  Source:                 reset
                            (input port)
  Destination:            u_awgn/u_GaussianNoiseWithReqVar/Delay8_reg_reg_r_30/R
                            (rising edge-triggered cell FDRE clocked by sys_clk_pin  {rise@0.000ns fall@4.000ns period=8.000ns})
  Path Group:             (none)
  Path Type:              Hold (Min at Fast Process Corner)
  Data Path Delay:        1.112ns  (logic 0.250ns (22.463%)  route 0.863ns (77.537%))
  Logic Levels:           1  (IBUF=1)
  Clock Path Skew:        2.357ns (DCD - SCD - CPR)
    Destination Clock Delay (DCD):    2.357ns
    Source Clock Delay      (SCD):    0.000ns
    Clock Pessimism Removal (CPR):    -0.000ns

    Location             Delay type                Incr(ns)  Path(ns)    Netlist Resource(s)
  -------------------------------------------------------------------    -------------------
    C17                                               0.000     0.000 r  reset (IN)
                         net (fo=0)                   0.000     0.000    reset
    C17                  IBUF (Prop_ibuf_I_O)         0.250     0.250 r  reset_IBUF_inst/O
                         net (fo=1191, routed)        0.863     1.112    u_awgn/u_GaussianNoiseWithReqVar/reset_IBUF
    SLICE_X99Y118        FDRE                                         r  u_awgn/u_GaussianNoiseWithReqVar/Delay8_reg_reg_r_30/R
  -------------------------------------------------------------------    -------------------

                         (clock sys_clk_pin rise edge)
                                                      0.000     0.000 r  
    D18                                               0.000     0.000 r  clk (IN)
                         net (fo=0)                   0.000     0.000    clk
    D18                  IBUF (Prop_ibuf_I_O)         0.466     0.466 r  clk_IBUF_inst/O
                         net (fo=1, routed)           0.907     1.373    clk_IBUF
    BUFGCTRL_X0Y16       BUFG (Prop_bufg_I_O)         0.029     1.402 r  clk_IBUF_BUFG_inst/O
                         net (fo=1671, routed)        0.955     2.357    u_awgn/u_GaussianNoiseWithReqVar/clk_IBUF_BUFG
    SLICE_X99Y118        FDRE                                         r  u_awgn/u_GaussianNoiseWithReqVar/Delay8_reg_reg_r_30/C

Slack:                    inf
  Source:                 reset
                            (input port)
  Destination:            u_awgn/u_GaussianNoiseWithUnitVar/Delay_out1_reg[25]/R
                            (rising edge-triggered cell FDRE clocked by sys_clk_pin  {rise@0.000ns fall@4.000ns period=8.000ns})
  Path Group:             (none)
  Path Type:              Hold (Min at Fast Process Corner)
  Data Path Delay:        1.139ns  (logic 0.250ns (21.933%)  route 0.889ns (78.067%))
  Logic Levels:           1  (IBUF=1)
  Clock Path Skew:        2.357ns (DCD - SCD - CPR)
    Destination Clock Delay (DCD):    2.357ns
    Source Clock Delay      (SCD):    0.000ns
    Clock Pessimism Removal (CPR):    -0.000ns

    Location             Delay type                Incr(ns)  Path(ns)    Netlist Resource(s)
  -------------------------------------------------------------------    -------------------
    C17                                               0.000     0.000 r  reset (IN)
                         net (fo=0)                   0.000     0.000    reset
    C17                  IBUF (Prop_ibuf_I_O)         0.250     0.250 r  reset_IBUF_inst/O
                         net (fo=1191, routed)        0.889     1.139    u_awgn/u_GaussianNoiseWithUnitVar/reset_IBUF
    SLICE_X95Y117        FDRE                                         r  u_awgn/u_GaussianNoiseWithUnitVar/Delay_out1_reg[25]/R
  -------------------------------------------------------------------    -------------------

                         (clock sys_clk_pin rise edge)
                                                      0.000     0.000 r  
    D18                                               0.000     0.000 r  clk (IN)
                         net (fo=0)                   0.000     0.000    clk
    D18                  IBUF (Prop_ibuf_I_O)         0.466     0.466 r  clk_IBUF_inst/O
                         net (fo=1, routed)           0.907     1.373    clk_IBUF
    BUFGCTRL_X0Y16       BUFG (Prop_bufg_I_O)         0.029     1.402 r  clk_IBUF_BUFG_inst/O
                         net (fo=1671, routed)        0.955     2.357    u_awgn/u_GaussianNoiseWithUnitVar/clk_IBUF_BUFG
    SLICE_X95Y117        FDRE                                         r  u_awgn/u_GaussianNoiseWithUnitVar/Delay_out1_reg[25]/C

Slack:                    inf
  Source:                 reset
                            (input port)
  Destination:            u_awgn/u_GaussianNoiseWithUnitVar/Delay_out1_reg[42]/R
                            (rising edge-triggered cell FDRE clocked by sys_clk_pin  {rise@0.000ns fall@4.000ns period=8.000ns})
  Path Group:             (none)
  Path Type:              Hold (Min at Fast Process Corner)
  Data Path Delay:        1.139ns  (logic 0.250ns (21.933%)  route 0.889ns (78.067%))
  Logic Levels:           1  (IBUF=1)
  Clock Path Skew:        2.357ns (DCD - SCD - CPR)
    Destination Clock Delay (DCD):    2.357ns
    Source Clock Delay      (SCD):    0.000ns
    Clock Pessimism Removal (CPR):    -0.000ns

    Location             Delay type                Incr(ns)  Path(ns)    Netlist Resource(s)
  -------------------------------------------------------------------    -------------------
    C17                                               0.000     0.000 r  reset (IN)
                         net (fo=0)                   0.000     0.000    reset
    C17                  IBUF (Prop_ibuf_I_O)         0.250     0.250 r  reset_IBUF_inst/O
                         net (fo=1191, routed)        0.889     1.139    u_awgn/u_GaussianNoiseWithUnitVar/reset_IBUF
    SLICE_X94Y117        FDRE                                         r  u_awgn/u_GaussianNoiseWithUnitVar/Delay_out1_reg[42]/R
  -------------------------------------------------------------------    -------------------

                         (clock sys_clk_pin rise edge)
                                                      0.000     0.000 r  
    D18                                               0.000     0.000 r  clk (IN)
                         net (fo=0)                   0.000     0.000    clk
    D18                  IBUF (Prop_ibuf_I_O)         0.466     0.466 r  clk_IBUF_inst/O
                         net (fo=1, routed)           0.907     1.373    clk_IBUF
    BUFGCTRL_X0Y16       BUFG (Prop_bufg_I_O)         0.029     1.402 r  clk_IBUF_BUFG_inst/O
                         net (fo=1671, routed)        0.955     2.357    u_awgn/u_GaussianNoiseWithUnitVar/clk_IBUF_BUFG
    SLICE_X94Y117        FDRE                                         r  u_awgn/u_GaussianNoiseWithUnitVar/Delay_out1_reg[42]/C

Slack:                    inf
  Source:                 reset
                            (input port)
  Destination:            u_awgn/u_GaussianNoiseWithUnitVar/u_TausUniformRandGen/u_TausURNG1/Delay2_out1_reg[9]/R
                            (rising edge-triggered cell FDRE clocked by sys_clk_pin  {rise@0.000ns fall@4.000ns period=8.000ns})
  Path Group:             (none)
  Path Type:              Hold (Min at Fast Process Corner)
  Data Path Delay:        1.139ns  (logic 0.250ns (21.933%)  route 0.889ns (78.067%))
  Logic Levels:           1  (IBUF=1)
  Clock Path Skew:        2.357ns (DCD - SCD - CPR)
    Destination Clock Delay (DCD):    2.357ns
    Source Clock Delay      (SCD):    0.000ns
    Clock Pessimism Removal (CPR):    -0.000ns

    Location             Delay type                Incr(ns)  Path(ns)    Netlist Resource(s)
  -------------------------------------------------------------------    -------------------
    C17                                               0.000     0.000 r  reset (IN)
                         net (fo=0)                   0.000     0.000    reset
    C17                  IBUF (Prop_ibuf_I_O)         0.250     0.250 r  reset_IBUF_inst/O
                         net (fo=1191, routed)        0.889     1.139    u_awgn/u_GaussianNoiseWithUnitVar/u_TausUniformRandGen/u_TausURNG1/reset_IBUF
    SLICE_X95Y117        FDRE                                         r  u_awgn/u_GaussianNoiseWithUnitVar/u_TausUniformRandGen/u_TausURNG1/Delay2_out1_reg[9]/R
  -------------------------------------------------------------------    -------------------

                         (clock sys_clk_pin rise edge)
                                                      0.000     0.000 r  
    D18                                               0.000     0.000 r  clk (IN)
                         net (fo=0)                   0.000     0.000    clk
    D18                  IBUF (Prop_ibuf_I_O)         0.466     0.466 r  clk_IBUF_inst/O
                         net (fo=1, routed)           0.907     1.373    clk_IBUF
    BUFGCTRL_X0Y16       BUFG (Prop_bufg_I_O)         0.029     1.402 r  clk_IBUF_BUFG_inst/O
                         net (fo=1671, routed)        0.955     2.357    u_awgn/u_GaussianNoiseWithUnitVar/u_TausUniformRandGen/u_TausURNG1/clk_IBUF_BUFG
    SLICE_X95Y117        FDRE                                         r  u_awgn/u_GaussianNoiseWithUnitVar/u_TausUniformRandGen/u_TausURNG1/Delay2_out1_reg[9]/C

Slack:                    inf
  Source:                 reset
                            (input port)
  Destination:            u_awgn/u_GaussianNoiseWithUnitVar/u_TausUniformRandGen/u_TausURNG1/Delay_out1_reg[8]/R
                            (rising edge-triggered cell FDRE clocked by sys_clk_pin  {rise@0.000ns fall@4.000ns period=8.000ns})
  Path Group:             (none)
  Path Type:              Hold (Min at Fast Process Corner)
  Data Path Delay:        1.139ns  (logic 0.250ns (21.933%)  route 0.889ns (78.067%))
  Logic Levels:           1  (IBUF=1)
  Clock Path Skew:        2.357ns (DCD - SCD - CPR)
    Destination Clock Delay (DCD):    2.357ns
    Source Clock Delay      (SCD):    0.000ns
    Clock Pessimism Removal (CPR):    -0.000ns

    Location             Delay type                Incr(ns)  Path(ns)    Netlist Resource(s)
  -------------------------------------------------------------------    -------------------
    C17                                               0.000     0.000 r  reset (IN)
                         net (fo=0)                   0.000     0.000    reset
    C17                  IBUF (Prop_ibuf_I_O)         0.250     0.250 r  reset_IBUF_inst/O
                         net (fo=1191, routed)        0.889     1.139    u_awgn/u_GaussianNoiseWithUnitVar/u_TausUniformRandGen/u_TausURNG1/reset_IBUF
    SLICE_X94Y117        FDRE                                         r  u_awgn/u_GaussianNoiseWithUnitVar/u_TausUniformRandGen/u_TausURNG1/Delay_out1_reg[8]/R
  -------------------------------------------------------------------    -------------------

                         (clock sys_clk_pin rise edge)
                                                      0.000     0.000 r  
    D18                                               0.000     0.000 r  clk (IN)
                         net (fo=0)                   0.000     0.000    clk
    D18                  IBUF (Prop_ibuf_I_O)         0.466     0.466 r  clk_IBUF_inst/O
                         net (fo=1, routed)           0.907     1.373    clk_IBUF
    BUFGCTRL_X0Y16       BUFG (Prop_bufg_I_O)         0.029     1.402 r  clk_IBUF_BUFG_inst/O
                         net (fo=1671, routed)        0.955     2.357    u_awgn/u_GaussianNoiseWithUnitVar/u_TausUniformRandGen/u_TausURNG1/clk_IBUF_BUFG
    SLICE_X94Y117        FDRE                                         r  u_awgn/u_GaussianNoiseWithUnitVar/u_TausUniformRandGen/u_TausURNG1/Delay_out1_reg[8]/C

Slack:                    inf
  Source:                 reset
                            (input port)
  Destination:            u_awgn/u_GaussianNoiseWithUnitVar/u_logImplementation/u_log/u_RangeReduction/Delay_reg_reg[0][25]/R
                            (rising edge-triggered cell FDRE clocked by sys_clk_pin  {rise@0.000ns fall@4.000ns period=8.000ns})
  Path Group:             (none)
  Path Type:              Hold (Min at Fast Process Corner)
  Data Path Delay:        1.139ns  (logic 0.250ns (21.933%)  route 0.889ns (78.067%))
  Logic Levels:           1  (IBUF=1)
  Clock Path Skew:        2.357ns (DCD - SCD - CPR)
    Destination Clock Delay (DCD):    2.357ns
    Source Clock Delay      (SCD):    0.000ns
    Clock Pessimism Removal (CPR):    -0.000ns

    Location             Delay type                Incr(ns)  Path(ns)    Netlist Resource(s)
  -------------------------------------------------------------------    -------------------
    C17                                               0.000     0.000 r  reset (IN)
                         net (fo=0)                   0.000     0.000    reset
    C17                  IBUF (Prop_ibuf_I_O)         0.250     0.250 r  reset_IBUF_inst/O
                         net (fo=1191, routed)        0.889     1.139    u_awgn/u_GaussianNoiseWithUnitVar/u_logImplementation/u_log/u_RangeReduction/reset_IBUF
    SLICE_X95Y117        FDRE                                         r  u_awgn/u_GaussianNoiseWithUnitVar/u_logImplementation/u_log/u_RangeReduction/Delay_reg_reg[0][25]/R
  -------------------------------------------------------------------    -------------------

                         (clock sys_clk_pin rise edge)
                                                      0.000     0.000 r  
    D18                                               0.000     0.000 r  clk (IN)
                         net (fo=0)                   0.000     0.000    clk
    D18                  IBUF (Prop_ibuf_I_O)         0.466     0.466 r  clk_IBUF_inst/O
                         net (fo=1, routed)           0.907     1.373    clk_IBUF
    BUFGCTRL_X0Y16       BUFG (Prop_bufg_I_O)         0.029     1.402 r  clk_IBUF_BUFG_inst/O
                         net (fo=1671, routed)        0.955     2.357    u_awgn/u_GaussianNoiseWithUnitVar/u_logImplementation/u_log/u_RangeReduction/clk_IBUF_BUFG
    SLICE_X95Y117        FDRE                                         r  u_awgn/u_GaussianNoiseWithUnitVar/u_logImplementation/u_log/u_RangeReduction/Delay_reg_reg[0][25]/C





